DB 1 MOTIF	1-WATRTTTRCTYWDB	STREME-1
-148.0	6
-147.0	6
-146.0	9
-145.0	10
-144.0	5
-143.0	5
-142.0	4
-141.0	8
-140.0	9.2
-139.0	8
-138.0	4
-137.0	8.5
-136.0	5
-135.0	5
-134.0	8
-133.0	7.5
-132.0	4
-131.0	4.33333
-130.0	6
-129.0	6
-128.0	6
-127.0	12.3333
-126.0	9
-125.0	8
-124.0	5
-123.0	11.3333
-122.0	3
-121.0	6
-120.0	9
-119.0	10
-118.0	9
-117.0	15
-116.0	8
-115.0	6
-114.0	10
-113.0	2
-112.0	6
-111.0	8
-110.0	11
-109.0	10
-108.0	7
-107.0	5
-106.0	6.5
-105.0	3
-104.0	9.2
-103.0	10
-102.0	15
-101.0	14
-100.0	13
 -99.0	10
 -98.0	9
 -97.0	9
 -96.0	11
 -95.0	15
 -94.0	8
 -93.0	6
 -92.0	13
 -91.0	10
 -90.0	14
 -89.0	12
 -88.0	15
 -87.0	10
 -86.0	12
 -85.0	10
 -84.0	14
 -83.0	16
 -82.0	11
 -81.0	14
 -80.0	16
 -79.0	8
 -78.0	12.8333
 -77.0	16
 -76.0	16
 -75.0	13
 -74.0	13
 -73.0	17.5
 -72.0	10
 -71.0	15.5
 -70.0	21
 -69.0	12
 -68.0	18.2
 -67.0	15
 -66.0	17
 -65.0	10
 -64.0	18.3333
 -63.0	16
 -62.0	14
 -61.0	13
 -60.0	21
 -59.0	20
 -58.0	20
 -57.0	23
 -56.0	17
 -55.0	22
 -54.0	26
 -53.0	24
 -52.0	29
 -51.0	21
 -50.0	21
 -49.0	17
 -48.0	25
 -47.0	20
 -46.0	23
 -45.0	30
 -44.0	24
 -43.0	19.5
 -42.0	26
 -41.0	29
 -40.0	18
 -39.0	28
 -38.0	22.5
 -37.0	18
 -36.0	24
 -35.0	30
 -34.0	28
 -33.0	24
 -32.0	28.7
 -31.0	20
 -30.0	30
 -29.0	22
 -28.0	23
 -27.0	30
 -26.0	27
 -25.0	33.5
 -24.0	23.5
 -23.0	25
 -22.0	26
 -21.0	28
 -20.0	27
 -19.0	18
 -18.0	27
 -17.0	31
 -16.0	41
 -15.0	34
 -14.0	27.5
 -13.0	43.3333
 -12.0	34
 -11.0	32
 -10.0	41
  -9.0	30
  -8.0	33
  -7.0	23.5
  -6.0	30
  -5.0	26
  -4.0	42.5
  -3.0	25.5
  -2.0	22
  -1.0	22
   0.0	30.5
   1.0	34
   2.0	29
   3.0	39
   4.0	36.7
   5.0	32
   6.0	16.5
   7.0	27.3333
   8.0	38
   9.0	19
  10.0	33
  11.0	36
  12.0	29
  13.0	33
  14.0	34.5
  15.0	28
  16.0	35
  17.0	24
  18.0	42
  19.0	30.3333
  20.0	28
  21.0	30.3333
  22.0	32.3333
  23.0	21
  24.0	30
  25.0	24
  26.0	22
  27.0	28
  28.0	32
  29.0	23
  30.0	31
  31.0	25.5
  32.0	20
  33.0	29
  34.0	26.5
  35.0	21
  36.0	25
  37.0	22.5
  38.0	26
  39.0	23.3333
  40.0	15
  41.0	19
  42.0	23
  43.0	32
  44.0	26
  45.0	34
  46.0	26
  47.0	19.5
  48.0	25
  49.0	25.5
  50.0	22
  51.0	22
  52.0	21
  53.0	28.5
  54.0	20
  55.0	19
  56.0	15.8333
  57.0	13
  58.0	19
  59.0	22
  60.0	18.5
  61.0	14
  62.0	17
  63.0	18.3333
  64.0	26
  65.0	12
  66.0	19
  67.0	13
  68.0	17
  69.0	12
  70.0	11
  71.0	11
  72.0	18
  73.0	9
  74.0	20.5
  75.0	12
  76.0	16
  77.0	13
  78.0	15
  79.0	13
  80.0	12
  81.0	20
  82.0	15
  83.0	11
  84.0	9
  85.0	16
  86.0	10
  87.0	9
  88.0	17
  89.0	10
  90.0	7
  91.0	11
  92.0	9.33333
  93.0	11.5
  94.0	10.5
  95.0	9
  96.0	13
  97.0	8
  98.0	7
  99.0	8
 100.0	4.5
 101.0	11
 102.0	16
 103.0	9
 104.0	8.5
 105.0	12.5
 106.0	12
 107.0	9
 108.0	10
 109.0	6.5
 110.0	10
 111.0	3
 112.0	5
 113.0	11
 114.0	13
 115.0	8
 116.0	5
 117.0	6
 118.0	5
 119.0	10
 120.0	4
 121.0	6
 122.0	7
 123.0	6
 124.0	5
 125.0	9
 126.0	9
 127.0	4
 128.0	8
 129.0	3.33333
 130.0	9
 131.0	12
 132.0	9
 133.0	10
 134.0	8
 135.0	8
 136.0	4
 137.0	7
 138.0	8
 139.0	9
 140.0	11.3333
 141.0	9
 142.0	4
 143.0	4
 144.0	6.33333
 145.0	9
 146.0	4
 147.0	1
 148.0	6.33333
DB 1 MOTIF	2-CAAAGKTCA	STREME-2
-150.5	11
-149.5	12
-148.5	8
-147.5	8
-146.5	9
-145.5	13
-144.5	7.5
-143.5	12.5
-142.5	18.5
-141.5	13
-140.5	7.5
-139.5	9
-138.5	15
-137.5	17
-136.5	8
-135.5	10.5
-134.5	7
-133.5	15
-132.5	12.5
-131.5	8
-130.5	7
-129.5	13
-128.5	12
-127.5	13.5
-126.5	9
-125.5	7
-124.5	13
-123.5	14
-122.5	11
-121.5	15
-120.5	9
-119.5	18.5
-118.5	9
-117.5	13
-116.5	12
-115.5	10
-114.5	14.1111
-113.5	11
-112.5	12
-111.5	17
-110.5	7
-109.5	15
-108.5	9
-107.5	12.5
-106.5	5
-105.5	11
-104.5	14
-103.5	12
-102.5	12
-101.5	13.1111
-100.5	7
 -99.5	11
 -98.5	17
 -97.5	10.5
 -96.5	15
 -95.5	7
 -94.5	13.5
 -93.5	16.3333
 -92.5	9
 -91.5	10
 -90.5	9.33333
 -89.5	10
 -88.5	16
 -87.5	13
 -86.5	10
 -85.5	10
 -84.5	17.5
 -83.5	12
 -82.5	7.83333
 -81.5	12
 -80.5	11
 -79.5	22
 -78.5	13.5
 -77.5	13
 -76.5	17
 -75.5	16
 -74.5	19.3333
 -73.5	21
 -72.5	18
 -71.5	17
 -70.5	16.5
 -69.5	15
 -68.5	18.5
 -67.5	11.5
 -66.5	16.5
 -65.5	18
 -64.5	11
 -63.5	17
 -62.5	17
 -61.5	14
 -60.5	19
 -59.5	12
 -58.5	14
 -57.5	18
 -56.5	15
 -55.5	16
 -54.5	19.5
 -53.5	17
 -52.5	21.5
 -51.5	21.3333
 -50.5	16.5
 -49.5	10.1111
 -48.5	13
 -47.5	19.5
 -46.5	18
 -45.5	16.5
 -44.5	18
 -43.5	27
 -42.5	19.5
 -41.5	21.5
 -40.5	13
 -39.5	18
 -38.5	20
 -37.5	22
 -36.5	24.1111
 -35.5	21.3333
 -34.5	13.5
 -33.5	17
 -32.5	27.5
 -31.5	23.5
 -30.5	37.5
 -29.5	27
 -28.5	20
 -27.5	26
 -26.5	26.5
 -25.5	23
 -24.5	22
 -23.5	20.5
 -22.5	21
 -21.5	17
 -20.5	26
 -19.5	20.5
 -18.5	22.5
 -17.5	21
 -16.5	26.3333
 -15.5	24.8333
 -14.5	18.5
 -13.5	26.3333
 -12.5	17
 -11.5	26
 -10.5	23.6111
  -9.5	19.6667
  -8.5	27
  -7.5	26.3333
  -6.5	22
  -5.5	20
  -4.5	24
  -3.5	27
  -2.5	24.3333
  -1.5	18.5
  -0.5	22
   0.5	25
   1.5	26.3333
   2.5	22
   3.5	19
   4.5	18
   5.5	28.5
   6.5	35
   7.5	24.5
   8.5	27.5
   9.5	23
  10.5	17
  11.5	22
  12.5	17.5
  13.5	24.5
  14.5	27
  15.5	21.4444
  16.5	27
  17.5	26
  18.5	29
  19.5	18.5
  20.5	24.5
  21.5	22
  22.5	25.5
  23.5	25
  24.5	20.5
  25.5	25
  26.5	22
  27.5	23
  28.5	20.1111
  29.5	25.5
  30.5	29.5
  31.5	18
  32.5	26.5
  33.5	28
  34.5	18.8333
  35.5	19
  36.5	19
  37.5	21
  38.5	22
  39.5	29
  40.5	27.5
  41.5	13.5
  42.5	20
  43.5	18.5
  44.5	18.3333
  45.5	17
  46.5	17
  47.5	21.5
  48.5	15.5
  49.5	31.5
  50.5	16
  51.5	15.3333
  52.5	13.3333
  53.5	18
  54.5	17
  55.5	18
  56.5	20.5
  57.5	19
  58.5	20
  59.5	20.5
  60.5	24
  61.5	17
  62.5	22
  63.5	22
  64.5	17
  65.5	9
  66.5	16
  67.5	23.9444
  68.5	12.5
  69.5	20.5
  70.5	19
  71.5	20
  72.5	17.5
  73.5	19
  74.5	15
  75.5	20
  76.5	7
  77.5	11
  78.5	16
  79.5	15
  80.5	19
  81.5	17
  82.5	14
  83.5	11
  84.5	11
  85.5	15
  86.5	22.5
  87.5	9
  88.5	17
  89.5	14
  90.5	13
  91.5	17
  92.5	16
  93.5	5
  94.5	9
  95.5	13
  96.5	11
  97.5	19
  98.5	9
  99.5	9
 100.5	14.5
 101.5	14
 102.5	12
 103.5	18.5
 104.5	6.33333
 105.5	12.5
 106.5	17.1111
 107.5	11
 108.5	14
 109.5	12
 110.5	17
 111.5	8
 112.5	11
 113.5	12
 114.5	13
 115.5	16
 116.5	12.5
 117.5	13
 118.5	13.5
 119.5	16.5
 120.5	16
 121.5	5
 122.5	10
 123.5	8
 124.5	11
 125.5	8
 126.5	12
 127.5	12.5
 128.5	14
 129.5	14
 130.5	16
 131.5	9
 132.5	8
 133.5	13
 134.5	5
 135.5	7
 136.5	11
 137.5	10
 138.5	7
 139.5	11
 140.5	10
 141.5	11
 142.5	9
 143.5	8
 144.5	9
 145.5	13
 146.5	7
 147.5	5
 148.5	7
 149.5	14
 150.5	13
DB 1 MOTIF	3-DGTAAACA	STREME-3
-151.0	5
-150.0	10.5
-149.0	8
-148.0	5
-147.0	7
-146.0	6
-145.0	10.5
-144.0	9.5
-143.0	8
-142.0	13
-141.0	11.2769
-140.0	9.5
-139.0	5.5
-138.0	9
-137.0	7
-136.0	6.5
-135.0	10
-134.0	9.5
-133.0	9.5
-132.0	6
-131.0	8
-130.0	7
-129.0	5.5
-128.0	6
-127.0	7.5
-126.0	12.5
-125.0	7.5
-124.0	9.57692
-123.0	10.25
-122.0	7
-121.0	12
-120.0	13
-119.0	11.5
-118.0	10.5
-117.0	11.3333
-116.0	8
-115.0	6.5
-114.0	9.5
-113.0	6
-112.0	8
-111.0	15
-110.0	7.5
-109.0	9
-108.0	10
-107.0	13
-106.0	7.5
-105.0	8.7
-104.0	8
-103.0	16.5
-102.0	12
-101.0	13.5769
-100.0	9
 -99.0	15
 -98.0	13
 -97.0	12.5
 -96.0	15.5
 -95.0	11.5
 -94.0	14
 -93.0	12
 -92.0	7
 -91.0	9.5
 -90.0	10.5
 -89.0	14.5
 -88.0	11.5
 -87.0	13.5
 -86.0	7
 -85.0	13.25
 -84.0	13.3333
 -83.0	22
 -82.0	15.0769
 -81.0	16.3333
 -80.0	13
 -79.0	12.5
 -78.0	10
 -77.0	14.8333
 -76.0	18
 -75.0	12
 -74.0	18.8333
 -73.0	17.5
 -72.0	14.8333
 -71.0	17.5
 -70.0	19.3333
 -69.0	18.2
 -68.0	15.5
 -67.0	16
 -66.0	15.5
 -65.0	16.25
 -64.0	17.1667
 -63.0	16
 -62.0	17
 -61.0	15.3333
 -60.0	12
 -59.0	23.5769
 -58.0	27
 -57.0	16
 -56.0	27
 -55.0	23
 -54.0	17.5
 -53.0	19
 -52.0	30.5
 -51.0	28.3333
 -50.0	18.5
 -49.0	24.5
 -48.0	18.5
 -47.0	21
 -46.0	26
 -45.0	31
 -44.0	29.8333
 -43.0	21.3333
 -42.0	26
 -41.0	24.5
 -40.0	30.4103
 -39.0	31.5
 -38.0	20.3333
 -37.0	20
 -36.0	24.6667
 -35.0	28.5
 -34.0	28.5
 -33.0	37.5333
 -32.0	28
 -31.0	28.5
 -30.0	19.5
 -29.0	27
 -28.0	39
 -27.0	30
 -26.0	33.3333
 -25.0	30.5
 -24.0	33.6667
 -23.0	21.8333
 -22.0	29
 -21.0	26
 -20.0	22.1667
 -19.0	26.5
 -18.0	24.5
 -17.0	43.5
 -16.0	44.8333
 -15.0	35
 -14.0	28.5833
 -13.0	29.3333
 -12.0	37.5
 -11.0	34
 -10.0	25.3333
  -9.0	42.5
  -8.0	29
  -7.0	23
  -6.0	32
  -5.0	28.5
  -4.0	34.5
  -3.0	25.8333
  -2.0	29.5
  -1.0	23.5
   0.0	26
   1.0	38
   2.0	27.0769
   3.0	32.2
   4.0	25.8333
   5.0	44.8333
   6.0	32
   7.0	25
   8.0	29.8333
   9.0	26
  10.0	23.5
  11.0	33.5
  12.0	42.5
  13.0	39.5
  14.0	23.5
  15.0	38.5
  16.0	35
  17.0	42.3333
  18.0	30.6667
  19.0	31
  20.0	35.8269
  21.0	34.5
  22.0	32
  23.0	34.8333
  24.0	25.5
  25.0	34.8333
  26.0	24.8333
  27.0	27
  28.0	26
  29.0	25.5
  30.0	31
  31.0	22
  32.0	37.5
  33.0	25
  34.0	28
  35.0	19.5
  36.0	20
  37.0	25.0833
  38.0	25.5
  39.0	29
  40.0	29.8333
  41.0	16
  42.0	16
  43.0	20.5
  44.0	25.5
  45.0	30
  46.0	19.5
  47.0	23
  48.0	27
  49.0	24
  50.0	31
  51.0	26.5
  52.0	24.5
  53.0	21.5
  54.0	21
  55.0	11
  56.0	17
  57.0	15.9103
  58.0	17.5
  59.0	16.8333
  60.0	22.5
  61.0	15.5
  62.0	13.75
  63.0	20.5
  64.0	16.1667
  65.0	17.5
  66.0	15
  67.0	25
  68.0	10
  69.0	11
  70.0	9.5
  71.0	16.5
  72.0	18.5
  73.0	11
  74.0	15
  75.0	19.9103
  76.0	8
  77.0	14.8333
  78.0	20.5
  79.0	19
  80.0	18
  81.0	16
  82.0	13.5
  83.0	15
  84.0	7.83333
  85.0	16
  86.0	12.1667
  87.0	7.83333
  88.0	13
  89.0	8.5
  90.0	12.5
  91.0	7.33333
  92.0	19
  93.0	9.74359
  94.0	11
  95.0	9.5
  96.0	9
  97.0	12.5
  98.0	15
  99.0	11.5
 100.0	8.5
 101.0	11.5
 102.0	10.5
 103.0	12
 104.0	14.5
 105.0	6
 106.0	9.5
 107.0	6.66667
 108.0	14.1667
 109.0	11.5
 110.0	4.5
 111.0	5.5
 112.0	14
 113.0	6.33333
 114.0	16
 115.0	16
 116.0	10.0769
 117.0	4
 118.0	12
 119.0	7
 120.0	11
 121.0	7
 122.0	9.5
 123.0	10
 124.0	7.5
 125.0	8
 126.0	2
 127.0	9.5
 128.0	5
 129.0	8.33333
 130.0	10.1667
 131.0	14.5
 132.0	6
 133.0	11.5
 134.0	6.07692
 135.0	11
 136.0	7
 137.0	5
 138.0	8
 139.0	8.33333
 140.0	7.83333
 141.0	6
 142.0	12.75
 143.0	10.5
 144.0	5
 145.0	6
 146.0	6.5
 147.0	11
 148.0	7
 149.0	6.5
 150.0	9.5
 151.0	11
DB 1 MOTIF	4-AGATCAAAG	STREME-4
-150.5	10
-149.5	10
-148.5	10
-147.5	12
-146.5	11
-145.5	13
-144.5	12
-143.5	10
-142.5	9
-141.5	18.5
-140.5	6
-139.5	16
-138.5	15
-137.5	6
-136.5	10
-135.5	15.5
-134.5	8
-133.5	11
-132.5	11
-131.5	8
-130.5	4.5
-129.5	13
-128.5	6
-127.5	7
-126.5	7.5
-125.5	12
-124.5	11
-123.5	11
-122.5	9
-121.5	15.3333
-120.5	7
-119.5	13
-118.5	17.3333
-117.5	9
-116.5	9.5
-115.5	11
-114.5	9
-113.5	8.5
-112.5	11
-111.5	14
-110.5	9.5
-109.5	13
-108.5	15
-107.5	11
-106.5	15
-105.5	22.5
-104.5	12
-103.5	10.5
-102.5	11
-101.5	9.5
-100.5	10
 -99.5	10
 -98.5	11.5
 -97.5	11
 -96.5	18.5
 -95.5	11
 -94.5	14
 -93.5	14
 -92.5	9.5
 -91.5	7.5
 -90.5	16
 -89.5	20.5
 -88.5	14
 -87.5	17
 -86.5	6.5
 -85.5	12
 -84.5	10
 -83.5	11
 -82.5	12.3333
 -81.5	7
 -80.5	12
 -79.5	13
 -78.5	14.5
 -77.5	20.5
 -76.5	13.5
 -75.5	9
 -74.5	14
 -73.5	15.5
 -72.5	17
 -71.5	20.5
 -70.5	10
 -69.5	17
 -68.5	21
 -67.5	16.5
 -66.5	14
 -65.5	15
 -64.5	15
 -63.5	16
 -62.5	8
 -61.5	16
 -60.5	18
 -59.5	14
 -58.5	16
 -57.5	21.5
 -56.5	9
 -55.5	10.5
 -54.5	16
 -53.5	14.5
 -52.5	13
 -51.5	10
 -50.5	15.5
 -49.5	13
 -48.5	16
 -47.5	23.5
 -46.5	20.5
 -45.5	12
 -44.5	25
 -43.5	12.5
 -42.5	14
 -41.5	20
 -40.5	14.5
 -39.5	16
 -38.5	15
 -37.5	14
 -36.5	23
 -35.5	12
 -34.5	15
 -33.5	16.5
 -32.5	21.5
 -31.5	13.5
 -30.5	21
 -29.5	23.5
 -28.5	12.3333
 -27.5	21
 -26.5	14.5
 -25.5	27
 -24.5	18
 -23.5	16
 -22.5	20
 -21.5	21.5
 -20.5	23
 -19.5	29
 -18.5	28
 -17.5	20
 -16.5	26
 -15.5	22.5
 -14.5	20.5
 -13.5	16
 -12.5	23.5
 -11.5	14.5
 -10.5	17
  -9.5	17
  -8.5	27
  -7.5	25
  -6.5	19.5
  -5.5	29
  -4.5	25
  -3.5	25.3333
  -2.5	22.3333
  -1.5	18
  -0.5	14.5
   0.5	21
   1.5	18.5
   2.5	22
   3.5	20
   4.5	25
   5.5	22
   6.5	15.5
   7.5	21.5
   8.5	13
   9.5	17
  10.5	25
  11.5	20
  12.5	16
  13.5	21
  14.5	22
  15.5	19
  16.5	15
  17.5	19
  18.5	22
  19.5	28
  20.5	15.5
  21.5	23
  22.5	14
  23.5	13
  24.5	31
  25.5	22
  26.5	19
  27.5	21.5
  28.5	13
  29.5	18
  30.5	17.3333
  31.5	15
  32.5	16
  33.5	17.5
  34.5	24
  35.5	17
  36.5	23
  37.5	20
  38.5	10
  39.5	14
  40.5	19.5
  41.5	16
  42.5	20
  43.5	16
  44.5	13.5
  45.5	19
  46.5	18.5
  47.5	16
  48.5	16
  49.5	24
  50.5	14
  51.5	23.5
  52.5	10.5
  53.5	20
  54.5	22
  55.5	23
  56.5	15
  57.5	14
  58.5	15
  59.5	10.5
  60.5	16
  61.5	13
  62.5	12
  63.5	18.3333
  64.5	13
  65.5	9
  66.5	13
  67.5	18
  68.5	14
  69.5	20
  70.5	14
  71.5	19
  72.5	20
  73.5	14.5
  74.5	8
  75.5	16.5
  76.5	18.5
  77.5	17
  78.5	12
  79.5	11
  80.5	11.5
  81.5	19.5
  82.5	7
  83.5	15.5
  84.5	11
  85.5	11
  86.5	15
  87.5	9.5
  88.5	8
  89.5	13
  90.5	10
  91.5	12
  92.5	18.5
  93.5	13
  94.5	15
  95.5	10.5
  96.5	12.5
  97.5	11.5
  98.5	12
  99.5	10
 100.5	15
 101.5	14
 102.5	16
 103.5	10
 104.5	11
 105.5	12
 106.5	11
 107.5	13
 108.5	11
 109.5	18.5
 110.5	14
 111.5	8
 112.5	15
 113.5	11
 114.5	13.3333
 115.5	9
 116.5	12.5
 117.5	8
 118.5	10
 119.5	8
 120.5	12
 121.5	7
 122.5	12
 123.5	13
 124.5	8
 125.5	11
 126.5	11
 127.5	9
 128.5	11
 129.5	9
 130.5	9
 131.5	5.5
 132.5	11
 133.5	13
 134.5	8
 135.5	9
 136.5	11
 137.5	8
 138.5	9
 139.5	10
 140.5	9
 141.5	12
 142.5	11
 143.5	11
 144.5	7
 145.5	7
 146.5	11
 147.5	12.5
 148.5	10
 149.5	12
 150.5	15.5
DB 1 MOTIF	5-ATTGCACAAY	STREME-5
-150.0	11
-149.0	8
-148.0	12
-147.0	2
-146.0	5
-145.0	9
-144.0	4
-143.0	10
-142.0	11
-141.0	5
-140.0	6
-139.0	8.33333
-138.0	7
-137.0	9
-136.0	3
-135.0	14
-134.0	7
-133.0	10
-132.0	2
-131.0	4
-130.0	10
-129.0	4
-128.0	9
-127.0	8
-126.0	13
-125.0	8
-124.0	4
-123.0	4
-122.0	12
-121.0	7
-120.0	8
-119.0	6
-118.0	8
-117.0	6
-116.0	5
-115.0	9
-114.0	8.33333
-113.0	7
-112.0	11
-111.0	13
-110.0	8
-109.0	12
-108.0	5
-107.0	12
-106.0	10
-105.0	11
-104.0	6
-103.0	5
-102.0	11
-101.0	8
-100.0	13
 -99.0	9
 -98.0	10
 -97.0	5
 -96.0	8
 -95.0	10
 -94.0	10
 -93.0	12
 -92.0	12
 -91.0	9
 -90.0	9
 -89.0	13
 -88.0	5
 -87.0	14
 -86.0	10
 -85.0	7.5
 -84.0	11
 -83.0	11
 -82.0	8
 -81.0	7
 -80.0	13
 -79.0	7
 -78.0	10
 -77.0	9
 -76.0	3
 -75.0	7
 -74.0	7
 -73.0	12
 -72.0	5.33333
 -71.0	9
 -70.0	11
 -69.0	8
 -68.0	13
 -67.0	12
 -66.0	7
 -65.0	14
 -64.0	13.5
 -63.0	11
 -62.0	6.5
 -61.0	13
 -60.0	5
 -59.0	13.5
 -58.0	9
 -57.0	17
 -56.0	15
 -55.0	18
 -54.0	8.5
 -53.0	10
 -52.0	12
 -51.0	15.5
 -50.0	7
 -49.0	11
 -48.0	9
 -47.0	17
 -46.0	10
 -45.0	13
 -44.0	10
 -43.0	12
 -42.0	11
 -41.0	10
 -40.0	11
 -39.0	12
 -38.0	9
 -37.0	17
 -36.0	15
 -35.0	9
 -34.0	15
 -33.0	13
 -32.0	17
 -31.0	10.5
 -30.0	19
 -29.0	17
 -28.0	13
 -27.0	15
 -26.0	18
 -25.0	15
 -24.0	10
 -23.0	9
 -22.0	16
 -21.0	13
 -20.0	24
 -19.0	4
 -18.0	13.3333
 -17.0	11
 -16.0	11
 -15.0	19
 -14.0	20
 -13.0	16
 -12.0	14
 -11.0	10
 -10.0	19
  -9.0	16
  -8.0	13
  -7.0	13
  -6.0	9
  -5.0	13
  -4.0	14
  -3.0	11
  -2.0	12
  -1.0	19
   0.0	23
   1.0	11
   2.0	11
   3.0	20
   4.0	11
   5.0	13
   6.0	10
   7.0	19
   8.0	22
   9.0	15
  10.0	18
  11.0	19
  12.0	15
  13.0	17
  14.0	19
  15.0	21
  16.0	15
  17.0	13
  18.0	8
  19.0	18
  20.0	14
  21.0	13
  22.0	11
  23.0	13
  24.0	18
  25.0	13
  26.0	16
  27.0	14
  28.0	18.5
  29.0	18
  30.0	16.5
  31.0	5
  32.0	11
  33.0	15
  34.0	19
  35.0	13
  36.0	16
  37.0	6
  38.0	10
  39.0	16
  40.0	11.5
  41.0	10.5
  42.0	9.5
  43.0	10
  44.0	9
  45.0	13
  46.0	15
  47.0	14.3333
  48.0	9
  49.0	14
  50.0	14
  51.0	9
  52.0	9
  53.0	11.5
  54.0	11
  55.0	13.5
  56.0	10.5
  57.0	12
  58.0	14
  59.0	13
  60.0	8
  61.0	6
  62.0	14
  63.0	6
  64.0	10
  65.0	11
  66.0	22
  67.0	9
  68.0	6
  69.0	12
  70.0	10
  71.0	14
  72.0	9
  73.0	5
  74.0	14
  75.0	10
  76.0	11
  77.0	11
  78.0	12
  79.0	9
  80.0	8
  81.0	7
  82.0	8
  83.0	9
  84.0	7
  85.0	7
  86.0	10
  87.0	16
  88.0	12
  89.0	23
  90.0	11
  91.0	6
  92.0	8
  93.0	8.5
  94.0	5.5
  95.0	9
  96.0	6
  97.0	8
  98.0	10
  99.0	8
 100.0	7
 101.0	9
 102.0	8
 103.0	8
 104.0	9
 105.0	6
 106.0	5
 107.0	8
 108.0	6
 109.0	6
 110.0	9
 111.0	7
 112.0	10
 113.0	8
 114.0	8.33333
 115.0	8
 116.0	12
 117.0	7
 118.0	6
 119.0	10
 120.0	3
 121.0	11
 122.0	7
 123.0	5
 124.0	8
 125.0	4.5
 126.0	9
 127.0	9
 128.0	7
 129.0	5
 130.0	11
 131.0	4
 132.0	7
 133.0	11
 134.0	5
 135.0	9
 136.0	10
 137.0	10
 138.0	8
 139.0	12
 140.0	10
 141.0	9
 142.0	8
 143.0	9
 144.0	4
 145.0	6
 146.0	5
 147.0	11
 148.0	10
 149.0	7
 150.0	9
DB 1 MOTIF	7-AAAACAAACA	STREME-7
-150.0	5.5
-149.0	7.5
-148.0	4
-147.0	6
-146.0	8
-145.0	5
-144.0	3
-143.0	5
-142.0	5
-141.0	5.5
-140.0	6
-139.0	1
-138.0	6
-137.0	4.5
-136.0	9
-135.0	6
-134.0	2
-133.0	5
-132.0	3
-131.0	1
-130.0	7
-129.0	5
-128.0	8
-127.0	10
-126.0	9
-125.0	4
-124.0	0
-123.0	6
-122.0	7.5
-121.0	7
-120.0	4
-119.0	2
-118.0	4
-117.0	5
-116.0	5
-115.0	7
-114.0	6
-113.0	7
-112.0	5.5
-111.0	6.5
-110.0	9
-109.0	6.5
-108.0	5
-107.0	6
-106.0	5.5
-105.0	10.5
-104.0	7.5
-103.0	7
-102.0	7.5
-101.0	6
-100.0	7
 -99.0	7.5
 -98.0	9
 -97.0	4
 -96.0	12
 -95.0	8.5
 -94.0	5
 -93.0	6
 -92.0	10
 -91.0	8.5
 -90.0	8
 -89.0	5
 -88.0	5
 -87.0	8.5
 -86.0	4
 -85.0	5
 -84.0	4
 -83.0	9.5
 -82.0	9.5
 -81.0	5
 -80.0	10
 -79.0	8
 -78.0	8
 -77.0	9.5
 -76.0	11
 -75.0	7
 -74.0	9
 -73.0	11
 -72.0	7.5
 -71.0	6.5
 -70.0	5.5
 -69.0	8
 -68.0	6
 -67.0	6.5
 -66.0	10
 -65.0	9
 -64.0	7
 -63.0	13.5
 -62.0	12
 -61.0	11
 -60.0	13
 -59.0	14.5
 -58.0	13
 -57.0	11
 -56.0	12
 -55.0	12
 -54.0	14
 -53.0	14
 -52.0	13
 -51.0	5.5
 -50.0	9.5
 -49.0	10
 -48.0	17
 -47.0	5
 -46.0	5
 -45.0	17
 -44.0	6.5
 -43.0	10
 -42.0	9
 -41.0	7
 -40.0	9
 -39.0	15
 -38.0	15
 -37.0	11
 -36.0	8
 -35.0	12
 -34.0	15
 -33.0	12
 -32.0	10
 -31.0	11
 -30.0	8
 -29.0	13
 -28.0	10
 -27.0	14
 -26.0	13
 -25.0	17
 -24.0	8
 -23.0	8
 -22.0	9
 -21.0	9
 -20.0	15
 -19.0	10
 -18.0	12
 -17.0	7
 -16.0	12
 -15.0	8
 -14.0	9
 -13.0	20.5
 -12.0	12.5
 -11.0	9
 -10.0	9.5
  -9.0	5
  -8.0	14.5
  -7.0	16
  -6.0	15.5
  -5.0	14.5
  -4.0	16
  -3.0	14
  -2.0	10
  -1.0	11
   0.0	16
   1.0	12.5
   2.0	10
   3.0	11
   4.0	15.5
   5.0	9.33333
   6.0	9
   7.0	13.5
   8.0	10.5
   9.0	8
  10.0	16
  11.0	17
  12.0	10
  13.0	15.5
  14.0	8
  15.0	8
  16.0	6
  17.0	9
  18.0	16
  19.0	8
  20.0	11
  21.0	7.5
  22.0	10
  23.0	12.5
  24.0	4
  25.0	12.5
  26.0	15
  27.0	17
  28.0	14.5
  29.0	10
  30.0	8
  31.0	15
  32.0	7.5
  33.0	15
  34.0	13
  35.0	14
  36.0	18
  37.0	9
  38.0	16.8333
  39.0	15
  40.0	7
  41.0	13
  42.0	14
  43.0	8
  44.0	14
  45.0	16
  46.0	15
  47.0	7
  48.0	10
  49.0	9
  50.0	14
  51.0	15
  52.0	9.5
  53.0	10
  54.0	14
  55.0	12
  56.0	8
  57.0	8
  58.0	11
  59.0	5
  60.0	11
  61.0	7.5
  62.0	6
  63.0	10.5
  64.0	16
  65.0	10.5
  66.0	11
  67.0	12.5
  68.0	11
  69.0	8
  70.0	1
  71.0	13.3333
  72.0	8
  73.0	4.5
  74.0	6
  75.0	10.5
  76.0	11
  77.0	9
  78.0	10
  79.0	9
  80.0	8
  81.0	10
  82.0	10
  83.0	5.5
  84.0	9
  85.0	9
  86.0	11
  87.0	5.5
  88.0	9
  89.0	3
  90.0	9
  91.0	12
  92.0	8
  93.0	11
  94.0	8
  95.0	4
  96.0	5
  97.0	6
  98.0	5.5
  99.0	4
 100.0	3.33333
 101.0	2
 102.0	3
 103.0	5
 104.0	11.3333
 105.0	5.5
 106.0	5
 107.0	9
 108.0	6.83333
 109.0	9
 110.0	7
 111.0	6
 112.0	3
 113.0	4.5
 114.0	5
 115.0	3
 116.0	8.5
 117.0	3.5
 118.0	5
 119.0	2
 120.0	4.5
 121.0	5
 122.0	5.5
 123.0	7
 124.0	1
 125.0	6
 126.0	3
 127.0	5
 128.0	7.5
 129.0	3
 130.0	2.5
 131.0	9
 132.0	9
 133.0	4
 134.0	4
 135.0	7
 136.0	7
 137.0	13
 138.0	6.5
 139.0	13
 140.0	5
 141.0	4.5
 142.0	4
 143.0	5
 144.0	8
 145.0	6
 146.0	4.5
 147.0	6
 148.0	4
 149.0	4
 150.0	7.5
DB 1 MOTIF	8-GAGKTCAAGGYY	STREME-8
-149.0	8
-148.0	8
-147.0	10
-146.0	10
-145.0	8
-144.0	8
-143.0	7
-142.0	13
-141.0	7
-140.0	9
-139.0	1
-138.0	14
-137.0	9
-136.0	10
-135.0	3
-134.0	13
-133.0	12
-132.0	6
-131.0	11
-130.0	7
-129.0	9
-128.0	13
-127.0	8.5
-126.0	12.5
-125.0	6
-124.0	9
-123.0	16
-122.0	10
-121.0	5
-120.0	9
-119.0	6
-118.0	14
-117.0	8
-116.0	10
-115.0	4
-114.0	6
-113.0	5
-112.0	11
-111.0	13
-110.0	8
-109.0	5
-108.0	9
-107.0	10
-106.0	4
-105.0	9
-104.0	16
-103.0	6
-102.0	11
-101.0	19
-100.0	10
 -99.0	9
 -98.0	10
 -97.0	11
 -96.0	8.5
 -95.0	10
 -94.0	14
 -93.0	14
 -92.0	9
 -91.0	9
 -90.0	5
 -89.0	5
 -88.0	6
 -87.0	6
 -86.0	7
 -85.0	12
 -84.0	14
 -83.0	8
 -82.0	9
 -81.0	8
 -80.0	10
 -79.0	15
 -78.0	9
 -77.0	14
 -76.0	9
 -75.0	14
 -74.0	14
 -73.0	9.5
 -72.0	16.5
 -71.0	8
 -70.0	11
 -69.0	11
 -68.0	12.5
 -67.0	8
 -66.0	13.5
 -65.0	10
 -64.0	10
 -63.0	10
 -62.0	11
 -61.0	10
 -60.0	10.5
 -59.0	9
 -58.0	9
 -57.0	11
 -56.0	12
 -55.0	11
 -54.0	10
 -53.0	9.5
 -52.0	12
 -51.0	8
 -50.0	13
 -49.0	8
 -48.0	5
 -47.0	14
 -46.0	10
 -45.0	8
 -44.0	10
 -43.0	10
 -42.0	14
 -41.0	14
 -40.0	13
 -39.0	12
 -38.0	11
 -37.0	14
 -36.0	13
 -35.0	12
 -34.0	10
 -33.0	11
 -32.0	11
 -31.0	10
 -30.0	16
 -29.0	16
 -28.0	9
 -27.0	10
 -26.0	9
 -25.0	9
 -24.0	12
 -23.0	12
 -22.0	11
 -21.0	13
 -20.0	7
 -19.0	19
 -18.0	8.5
 -17.0	14
 -16.0	14.5
 -15.0	8
 -14.0	17
 -13.0	8
 -12.0	11
 -11.0	12
 -10.0	12
  -9.0	16
  -8.0	12
  -7.0	14.5
  -6.0	12
  -5.0	10
  -4.0	8
  -3.0	10
  -2.0	11
  -1.0	11
   0.0	12
   1.0	21
   2.0	13
   3.0	16
   4.0	17
   5.0	12
   6.0	11
   7.0	14
   8.0	12
   9.0	5
  10.0	17
  11.0	14
  12.0	10
  13.0	7
  14.0	10
  15.0	9
  16.0	12.5
  17.0	9
  18.0	12
  19.0	16.5
  20.0	14.5
  21.0	10
  22.0	21
  23.0	14.5
  24.0	20
  25.0	20
  26.0	10
  27.0	21
  28.0	15
  29.0	13
  30.0	10
  31.0	8
  32.0	13
  33.0	16
  34.0	15
  35.0	12.5
  36.0	11
  37.0	10
  38.0	14
  39.0	14
  40.0	14
  41.0	6
  42.0	12
  43.0	14
  44.0	14
  45.0	20
  46.0	4
  47.0	9
  48.0	13
  49.0	11
  50.0	8
  51.0	7
  52.0	15
  53.0	17
  54.0	9
  55.0	7
  56.0	10
  57.0	10.5
  58.0	12
  59.0	16
  60.0	10.5
  61.0	8
  62.0	13
  63.0	7
  64.0	14
  65.0	12
  66.0	7
  67.0	10
  68.0	14
  69.0	11.5
  70.0	10
  71.0	12
  72.0	13.5
  73.0	8
  74.0	9
  75.0	11
  76.0	11
  77.0	7
  78.0	17
  79.0	8
  80.0	11
  81.0	8
  82.0	10
  83.0	7
  84.0	12
  85.0	10
  86.0	5
  87.0	10.5
  88.0	10
  89.0	17
  90.0	10
  91.0	9
  92.0	8
  93.0	17
  94.0	11
  95.0	8
  96.0	12
  97.0	12
  98.0	11
  99.0	10
 100.0	12
 101.0	11
 102.0	4
 103.0	13
 104.0	5
 105.0	13
 106.0	4
 107.0	13
 108.0	11
 109.0	10
 110.0	11
 111.0	13
 112.0	8
 113.0	13
 114.0	8
 115.0	5
 116.0	9
 117.0	10
 118.0	13
 119.0	9
 120.0	7
 121.0	9.5
 122.0	9
 123.0	14
 124.0	9
 125.0	5.5
 126.0	11
 127.0	14
 128.0	12
 129.0	13
 130.0	15
 131.0	11
 132.0	9
 133.0	9
 134.0	7
 135.0	7
 136.0	13
 137.0	8
 138.0	11
 139.0	8
 140.0	16
 141.0	6
 142.0	9
 143.0	13
 144.0	10
 145.0	12
 146.0	5
 147.0	10
 148.0	9
 149.0	4
DB 1 MOTIF	9-VATGASTCATB	STREME-9
-149.5	10
-148.5	9
-147.5	10
-146.5	12
-145.5	9
-144.5	8.5
-143.5	7
-142.5	9
-141.5	14
-140.5	4
-139.5	11
-138.5	8
-137.5	13
-136.5	6.5
-135.5	8
-134.5	10
-133.5	8
-132.5	9
-131.5	6
-130.5	7
-129.5	16
-128.5	7.14286
-127.5	7.5
-126.5	11
-125.5	9
-124.5	13
-123.5	10.5
-122.5	16
-121.5	10
-120.5	10
-119.5	11
-118.5	10
-117.5	7
-116.5	8
-115.5	7
-114.5	11
-113.5	12
-112.5	12
-111.5	9.5
-110.5	7
-109.5	8
-108.5	9
-107.5	10.5
-106.5	3
-105.5	12
-104.5	8
-103.5	9
-102.5	9
-101.5	6
-100.5	10
 -99.5	12.1429
 -98.5	11
 -97.5	14
 -96.5	4
 -95.5	9
 -94.5	4
 -93.5	13
 -92.5	11
 -91.5	9
 -90.5	12
 -89.5	13
 -88.5	12
 -87.5	16
 -86.5	6
 -85.5	13
 -84.5	8
 -83.5	9
 -82.5	7
 -81.5	11
 -80.5	14
 -79.5	13
 -78.5	6
 -77.5	11
 -76.5	8
 -75.5	14
 -74.5	9
 -73.5	5
 -72.5	12
 -71.5	11
 -70.5	13.1429
 -69.5	8
 -68.5	7
 -67.5	14
 -66.5	6
 -65.5	14
 -64.5	12
 -63.5	9
 -62.5	13.3333
 -61.5	9
 -60.5	8
 -59.5	17
 -58.5	7
 -57.5	8
 -56.5	11
 -55.5	10
 -54.5	11
 -53.5	12
 -52.5	7
 -51.5	10
 -50.5	9
 -49.5	7
 -48.5	16
 -47.5	15
 -46.5	13
 -45.5	19
 -44.5	14
 -43.5	13
 -42.5	16
 -41.5	13.1429
 -40.5	14
 -39.5	8
 -38.5	10
 -37.5	13
 -36.5	12
 -35.5	13
 -34.5	11.5
 -33.5	12
 -32.5	8
 -31.5	9
 -30.5	10
 -29.5	17
 -28.5	7
 -27.5	11
 -26.5	13
 -25.5	11
 -24.5	11
 -23.5	12
 -22.5	10
 -21.5	12
 -20.5	6
 -19.5	12
 -18.5	13
 -17.5	8
 -16.5	15
 -15.5	12
 -14.5	10
 -13.5	16
 -12.5	11.1429
 -11.5	16.3333
 -10.5	20
  -9.5	11
  -8.5	13
  -7.5	13
  -6.5	14
  -5.5	12
  -4.5	16
  -3.5	15
  -2.5	10
  -1.5	13
  -0.5	17
   0.5	15
   1.5	16
   2.5	13
   3.5	13.5
   4.5	16
   5.5	11
   6.5	13
   7.5	12
   8.5	13
   9.5	14
  10.5	14
  11.5	12
  12.5	14
  13.5	16
  14.5	19
  15.5	9
  16.5	12.1429
  17.5	10
  18.5	10
  19.5	7
  20.5	14
  21.5	10
  22.5	14.3333
  23.5	12
  24.5	9
  25.5	6
  26.5	11
  27.5	19
  28.5	10
  29.5	11
  30.5	18
  31.5	12
  32.5	13
  33.5	9
  34.5	9
  35.5	12
  36.5	11
  37.5	11
  38.5	10
  39.5	13
  40.5	11
  41.5	13
  42.5	10
  43.5	11
  44.5	14
  45.5	9.14286
  46.5	15
  47.5	19
  48.5	7
  49.5	13
  50.5	15
  51.5	15
  52.5	18
  53.5	11
  54.5	10
  55.5	11
  56.5	8
  57.5	23
  58.5	8
  59.5	9
  60.5	17
  61.5	9
  62.5	15
  63.5	16
  64.5	8
  65.5	8
  66.5	19
  67.5	6
  68.5	14
  69.5	9
  70.5	19
  71.5	7
  72.5	12
  73.5	11
  74.5	10
  75.5	12
  76.5	8
  77.5	9
  78.5	14
  79.5	9
  80.5	12
  81.5	12
  82.5	15
  83.5	11
  84.5	12
  85.5	6
  86.5	11
  87.5	12
  88.5	12
  89.5	16
  90.5	5
  91.5	8
  92.5	7
  93.5	13
  94.5	11
  95.5	9.5
  96.5	6
  97.5	8
  98.5	6
  99.5	8
 100.5	6
 101.5	13
 102.5	12
 103.5	13
 104.5	7
 105.5	8
 106.5	6
 107.5	12
 108.5	14
 109.5	10
 110.5	15
 111.5	11
 112.5	5
 113.5	12
 114.5	9
 115.5	10
 116.5	13
 117.5	11
 118.5	13
 119.5	7
 120.5	2
 121.5	11.5
 122.5	11
 123.5	14
 124.5	11
 125.5	11
 126.5	12
 127.5	13
 128.5	9
 129.5	10
 130.5	9
 131.5	15
 132.5	7
 133.5	8
 134.5	6
 135.5	20
 136.5	8
 137.5	12.5
 138.5	6.5
 139.5	12
 140.5	12
 141.5	9
 142.5	7
 143.5	11
 144.5	9
 145.5	6
 146.5	13
 147.5	9
 148.5	10
 149.5	11
DB 1 MOTIF	11-AGAGATAAGA	STREME-11
-150.0	6
-149.0	10
-148.0	7
-147.0	8
-146.0	9.5
-145.0	9
-144.0	5
-143.0	6
-142.0	11
-141.0	9
-140.0	11
-139.0	8
-138.0	9
-137.0	8
-136.0	14
-135.0	8
-134.0	11
-133.0	7
-132.0	16
-131.0	8
-130.0	8
-129.0	11
-128.0	11
-127.0	8
-126.0	17
-125.0	10
-124.0	8
-123.0	12.5
-122.0	10
-121.0	11
-120.0	18
-119.0	11
-118.0	8
-117.0	15
-116.0	14
-115.0	8
-114.0	5
-113.0	8
-112.0	8
-111.0	5
-110.0	12
-109.0	17
-108.0	12.3333
-107.0	10.5
-106.0	13
-105.0	6.5
-104.0	11
-103.0	16
-102.0	5
-101.0	14
-100.0	8
 -99.0	15
 -98.0	11
 -97.0	16
 -96.0	11
 -95.0	7
 -94.0	9
 -93.0	10
 -92.0	5
 -91.0	8
 -90.0	13
 -89.0	12
 -88.0	9
 -87.0	11
 -86.0	7
 -85.0	8
 -84.0	6.5
 -83.0	12
 -82.0	16.5
 -81.0	12
 -80.0	8
 -79.0	6
 -78.0	12
 -77.0	18
 -76.0	8
 -75.0	7
 -74.0	10
 -73.0	12
 -72.0	10
 -71.0	8
 -70.0	10.5
 -69.0	13
 -68.0	8
 -67.0	14.5
 -66.0	9
 -65.0	11.5
 -64.0	11
 -63.0	6
 -62.0	16
 -61.0	13.5
 -60.0	12
 -59.0	11
 -58.0	12
 -57.0	9
 -56.0	9
 -55.0	13.5
 -54.0	12
 -53.0	14
 -52.0	9
 -51.0	9
 -50.0	6
 -49.0	13
 -48.0	11.3333
 -47.0	11
 -46.0	14
 -45.0	10
 -44.0	6
 -43.0	21
 -42.0	12
 -41.0	17
 -40.0	11
 -39.0	13
 -38.0	6
 -37.0	11
 -36.0	13
 -35.0	12
 -34.0	11
 -33.0	14.5
 -32.0	9
 -31.0	14
 -30.0	14
 -29.0	12
 -28.0	16
 -27.0	20.5
 -26.0	10
 -25.0	19
 -24.0	9
 -23.0	9
 -22.0	10.3333
 -21.0	10
 -20.0	8
 -19.0	17
 -18.0	14
 -17.0	19
 -16.0	14
 -15.0	14
 -14.0	18.5
 -13.0	9
 -12.0	13
 -11.0	18.5
 -10.0	12
  -9.0	10
  -8.0	13
  -7.0	16
  -6.0	11
  -5.0	16
  -4.0	8
  -3.0	14
  -2.0	12
  -1.0	15
   0.0	6
   1.0	10
   2.0	12
   3.0	12
   4.0	17
   5.0	19
   6.0	16
   7.0	12
   8.0	19
   9.0	9
  10.0	21
  11.0	13
  12.0	13.5
  13.0	9
  14.0	9
  15.0	15
  16.0	9
  17.0	13
  18.0	12
  19.0	9
  20.0	12
  21.0	10
  22.0	10
  23.0	15
  24.0	10.5
  25.0	7
  26.0	12
  27.0	9.5
  28.0	11
  29.0	15
  30.0	9
  31.0	15
  32.0	14
  33.0	19
  34.0	8
  35.0	9
  36.0	12
  37.0	18
  38.0	13.5
  39.0	11
  40.0	10
  41.0	12
  42.0	13
  43.0	17
  44.0	9
  45.0	13
  46.0	9
  47.0	8
  48.0	16
  49.0	14
  50.0	6
  51.0	11.5
  52.0	12
  53.0	15
  54.0	7
  55.0	11
  56.0	10
  57.0	9
  58.0	11
  59.0	13
  60.0	15
  61.0	14
  62.0	14
  63.0	15
  64.0	6
  65.0	11
  66.0	14
  67.0	15
  68.0	9
  69.0	11
  70.0	15
  71.0	15
  72.0	14
  73.0	14.5
  74.0	12
  75.0	8
  76.0	11
  77.0	12
  78.0	13
  79.0	9
  80.0	7
  81.0	15
  82.0	11
  83.0	12
  84.0	14
  85.0	6
  86.0	12
  87.0	9
  88.0	10
  89.0	17
  90.0	12
  91.0	12
  92.0	14
  93.0	5.5
  94.0	15
  95.0	13
  96.0	13
  97.0	14
  98.0	6
  99.0	8
 100.0	9
 101.0	11
 102.0	15
 103.0	6
 104.0	15.5
 105.0	11
 106.0	4
 107.0	9
 108.0	14
 109.0	14
 110.0	11
 111.0	9
 112.0	14
 113.0	11
 114.0	8
 115.0	11
 116.0	9
 117.0	7
 118.0	11.5
 119.0	10
 120.0	8
 121.0	6
 122.0	7
 123.0	13
 124.0	12
 125.0	12
 126.0	11
 127.0	11
 128.0	10
 129.0	14
 130.0	12
 131.0	13
 132.0	14
 133.0	9
 134.0	10
 135.0	7
 136.0	5
 137.0	12
 138.0	14
 139.0	18
 140.0	13
 141.0	13
 142.0	11
 143.0	4
 144.0	4
 145.0	10
 146.0	14
 147.0	9
 148.0	7
 149.0	7
 150.0	5
DB 1 MOTIF	12-MAATCAATA	STREME-12
-150.5	5
-149.5	5
-148.5	5
-147.5	4
-146.5	8
-145.5	3
-144.5	6
-143.5	5
-142.5	11
-141.5	9
-140.5	7.25
-139.5	4.5
-138.5	5
-137.5	4
-136.5	2.25
-135.5	7.5
-134.5	7
-133.5	6
-132.5	0.25
-131.5	6
-130.5	7.33333
-129.5	2
-128.5	5
-127.5	4
-126.5	4.33333
-125.5	5.5
-124.5	9
-123.5	6.25
-122.5	6.33333
-121.5	7.5
-120.5	4
-119.5	12
-118.5	9
-117.5	8.5
-116.5	7
-115.5	5.5
-114.5	7
-113.5	3
-112.5	4
-111.5	6.5
-110.5	3
-109.5	10
-108.5	5
-107.5	4
-106.5	10
-105.5	7
-104.5	4
-103.5	5
-102.5	8
-101.5	6
-100.5	7
 -99.5	5
 -98.5	3
 -97.5	6.5
 -96.5	8
 -95.5	3
 -94.5	6.5
 -93.5	9.5
 -92.5	9
 -91.5	8
 -90.5	4.5
 -89.5	6.5
 -88.5	9
 -87.5	12
 -86.5	7
 -85.5	7
 -84.5	7
 -83.5	9.5
 -82.5	10.5
 -81.5	10
 -80.5	4
 -79.5	10.5
 -78.5	8.5
 -77.5	12
 -76.5	8.5
 -75.5	9.5
 -74.5	2
 -73.5	11
 -72.5	4
 -71.5	6
 -70.5	8
 -69.5	7.5
 -68.5	5
 -67.5	10
 -66.5	7.5
 -65.5	6
 -64.5	9
 -63.5	7.5
 -62.5	8
 -61.5	4
 -60.5	8
 -59.5	11.5
 -58.5	10
 -57.5	5
 -56.5	6.5
 -55.5	20
 -54.5	9
 -53.5	5
 -52.5	11.5
 -51.5	10.5
 -50.5	9
 -49.5	11.5
 -48.5	9
 -47.5	11
 -46.5	10
 -45.5	9
 -44.5	13
 -43.5	6
 -42.5	13.5
 -41.5	16
 -40.5	12.5
 -39.5	9.5
 -38.5	12
 -37.5	5
 -36.5	6
 -35.5	16
 -34.5	12
 -33.5	16.3333
 -32.5	10
 -31.5	11
 -30.5	9.5
 -29.5	17.3333
 -28.5	12
 -27.5	7
 -26.5	10
 -25.5	11.5
 -24.5	13.5
 -23.5	11.5
 -22.5	10
 -21.5	11
 -20.5	8
 -19.5	20.5
 -18.5	15.5
 -17.5	12
 -16.5	15
 -15.5	16
 -14.5	6
 -13.5	6
 -12.5	7.5
 -11.5	14
 -10.5	15.5
  -9.5	19
  -8.5	19
  -7.5	6
  -6.5	15
  -5.5	18
  -4.5	14
  -3.5	19
  -2.5	11.5
  -1.5	10.5
  -0.5	11
   0.5	12
   1.5	12
   2.5	12.5
   3.5	10
   4.5	13
   5.5	10
   6.5	12.5
   7.5	9
   8.5	8
   9.5	13
  10.5	15.5
  11.5	9
  12.5	11.5
  13.5	17.5
  14.5	15.5
  15.5	15
  16.5	12.3333
  17.5	15
  18.5	18
  19.5	15.1667
  20.5	17.5
  21.5	12
  22.5	10
  23.5	9
  24.5	17
  25.5	14
  26.5	10
  27.5	15
  28.5	10
  29.5	6
  30.5	17
  31.5	13
  32.5	9.5
  33.5	15
  34.5	12.5
  35.5	6
  36.5	9
  37.5	10
  38.5	9
  39.5	8
  40.5	9.5
  41.5	6.16667
  42.5	5.5
  43.5	13
  44.5	12
  45.5	9
  46.5	8
  47.5	14.5
  48.5	6.5
  49.5	19
  50.5	8
  51.5	19
  52.5	5
  53.5	12
  54.5	3
  55.5	11.5
  56.5	11
  57.5	5
  58.5	10
  59.5	6
  60.5	19
  61.5	9
  62.5	8
  63.5	9.16667
  64.5	9
  65.5	8
  66.5	7.5
  67.5	13
  68.5	11
  69.5	7
  70.5	6
  71.5	7
  72.5	4
  73.5	5
  74.5	9.5
  75.5	8
  76.5	3
  77.5	4
  78.5	11
  79.5	7
  80.5	8
  81.5	12
  82.5	7
  83.5	8
  84.5	4.5
  85.5	6.16667
  86.5	5
  87.5	7.5
  88.5	9
  89.5	2
  90.5	1
  91.5	6
  92.5	13
  93.5	6
  94.5	4.5
  95.5	7
  96.5	6
  97.5	5
  98.5	8
  99.5	3
 100.5	7
 101.5	10.5
 102.5	6.5
 103.5	5
 104.5	6.33333
 105.5	6
 106.5	10
 107.5	11.1667
 108.5	6.33333
 109.5	2
 110.5	6
 111.5	5
 112.5	6.33333
 113.5	3.5
 114.5	3
 115.5	7
 116.5	5
 117.5	4
 118.5	3
 119.5	4.5
 120.5	6.5
 121.5	6
 122.5	8
 123.5	7
 124.5	4
 125.5	5
 126.5	8
 127.5	6
 128.5	5
 129.5	3.16667
 130.5	5.5
 131.5	7
 132.5	7.5
 133.5	5
 134.5	2.5
 135.5	5
 136.5	6
 137.5	1
 138.5	7
 139.5	3.83333
 140.5	15
 141.5	4
 142.5	6
 143.5	5.83333
 144.5	8
 145.5	2
 146.5	7
 147.5	8.33333
 148.5	9
 149.5	3
 150.5	10
DB 1 MOTIF	15-CACGTG	STREME-15
-152.0	10.5833
-151.0	15
-150.0	13.75
-149.0	17.5
-148.0	17.5333
-147.0	15.3333
-146.0	20.75
-145.0	14
-144.0	12.4167
-143.0	14.6667
-142.0	19.25
-141.0	13.9167
-140.0	13.3667
-139.0	15.5
-138.0	14.3333
-137.0	15.4167
-136.0	13.8333
-135.0	11.9167
-134.0	14.25
-133.0	14.5833
-132.0	24.25
-131.0	11.95
-130.0	12.4167
-129.0	19.7
-128.0	14.8333
-127.0	15.1667
-126.0	16.8333
-125.0	18.8333
-124.0	20.2833
-123.0	14.3333
-122.0	16.3095
-121.0	16.3095
-120.0	14.4167
-119.0	15.8667
-118.0	10.6667
-117.0	18.4167
-116.0	18.1667
-115.0	16.75
-114.0	14.9167
-113.0	14.5
-112.0	13.5
-111.0	16.75
-110.0	12.6667
-109.0	13.4167
-108.0	25.1667
-107.0	16.2833
-106.0	20.1262
-105.0	17.9
-104.0	11.9762
-103.0	20
-102.0	8.08333
-101.0	16
-100.0	16.5833
 -99.0	10.5833
 -98.0	17.5833
 -97.0	13.5833
 -96.0	16.8929
 -95.0	18.8333
 -94.0	14.8333
 -93.0	14
 -92.0	11.1762
 -91.0	12.9167
 -90.0	10.8929
 -89.0	15.6667
 -88.0	12.3929
 -87.0	12.5
 -86.0	13
 -85.0	6.08333
 -84.0	12.8333
 -83.0	11.25
 -82.0	20.5
 -81.0	11.75
 -80.0	12.3929
 -79.0	11.4167
 -78.0	17.7
 -77.0	22.0833
 -76.0	21.3667
 -75.0	17.5333
 -74.0	12.6429
 -73.0	12.3333
 -72.0	17.3333
 -71.0	10.6667
 -70.0	13.5833
 -69.0	21.4762
 -68.0	17.8929
 -67.0	20.6667
 -66.0	13.3333
 -65.0	10.3333
 -64.0	19.5667
 -63.0	19.6667
 -62.0	18.0833
 -61.0	23.0333
 -60.0	14.25
 -59.0	23
 -58.0	16.6667
 -57.0	19.5833
 -56.0	19.4167
 -55.0	11.8095
 -54.0	22.75
 -53.0	22.8333
 -52.0	13.1667
 -51.0	16.3333
 -50.0	21.5
 -49.0	18
 -48.0	13.6667
 -47.0	15.9167
 -46.0	18.1667
 -45.0	15.7833
 -44.0	16.25
 -43.0	18
 -42.0	17.5
 -41.0	25.25
 -40.0	13.6667
 -39.0	18.3929
 -38.0	20
 -37.0	22
 -36.0	18
 -35.0	15.95
 -34.0	16.9167
 -33.0	16.5
 -32.0	15.2833
 -31.0	22.8333
 -30.0	17.5833
 -29.0	25.5833
 -28.0	17
 -27.0	13.0333
 -26.0	14.5333
 -25.0	13.1167
 -24.0	21.0833
 -23.0	12.2
 -22.0	18.5
 -21.0	12.5
 -20.0	15.8333
 -19.0	17.5
 -18.0	19.8333
 -17.0	23.5833
 -16.0	18.1429
 -15.0	12.9167
 -14.0	21.4167
 -13.0	20.9167
 -12.0	19.1429
 -11.0	20.8333
 -10.0	13.5
  -9.0	11.8333
  -8.0	16.3333
  -7.0	20.2262
  -6.0	16.7333
  -5.0	12.5
  -4.0	24.4167
  -3.0	14.5833
  -2.0	18.9167
  -1.0	19.6167
   0.0	14.8333
   1.0	16.2833
   2.0	21.5
   3.0	18.3333
   4.0	19.1667
   5.0	15.25
   6.0	19.7
   7.0	17.9167
   8.0	27.9167
   9.0	24.25
  10.0	14.1667
  11.0	19.8333
  12.0	16
  13.0	10.6667
  14.0	20.8333
  15.0	23.8333
  16.0	16.6667
  17.0	20.95
  18.0	17.8333
  19.0	19.75
  20.0	20.0833
  21.0	17.4167
  22.0	17.4167
  23.0	17.1667
  24.0	25.9167
  25.0	12.1667
  26.0	15.25
  27.0	23.3333
  28.0	11.0833
  29.0	12.75
  30.0	15.8333
  31.0	19.1667
  32.0	15.0095
  33.0	20.95
  34.0	12.6667
  35.0	17.5
  36.0	21.6667
  37.0	14.25
  38.0	18.3333
  39.0	21.3333
  40.0	18.75
  41.0	21.5333
  42.0	16.2
  43.0	17.1667
  44.0	15.9167
  45.0	13.5
  46.0	17.0833
  47.0	18.25
  48.0	16.1667
  49.0	14.8333
  50.0	22.6167
  51.0	11
  52.0	12.5833
  53.0	15.3333
  54.0	10.75
  55.0	18.3929
  56.0	11.5
  57.0	15.1429
  58.0	21.1667
  59.0	19.1667
  60.0	16.5
  61.0	22.5833
  62.0	16.1667
  63.0	17.6667
  64.0	16.75
  65.0	15.3333
  66.0	18.1667
  67.0	11.1667
  68.0	19.1667
  69.0	10.1667
  70.0	16.25
  71.0	7
  72.0	23.5
  73.0	12.8333
  74.0	11.9167
  75.0	19.1167
  76.0	20.5
  77.0	17.45
  78.0	15.75
  79.0	9
  80.0	13.6667
  81.0	7.08333
  82.0	18.3667
  83.0	20.5833
  84.0	10.3333
  85.0	18.4
  86.0	14.7833
  87.0	19.5333
  88.0	15.3333
  89.0	20.8333
  90.0	10
  91.0	17.1667
  92.0	22.4167
  93.0	16.6667
  94.0	14.75
  95.0	11.0333
  96.0	17.8929
  97.0	15.2
  98.0	10.0333
  99.0	8.83333
 100.0	16.5833
 101.0	12.6667
 102.0	19.0833
 103.0	15.5833
 104.0	12.6667
 105.0	16.9167
 106.0	9.91667
 107.0	14.1667
 108.0	13.75
 109.0	21.45
 110.0	20.1167
 111.0	21.8333
 112.0	22.6667
 113.0	18.25
 114.0	10.0333
 115.0	12.5833
 116.0	13.25
 117.0	15.8333
 118.0	20.7
 119.0	20.4167
 120.0	16.9167
 121.0	13.8333
 122.0	14.2
 123.0	19.25
 124.0	18.1667
 125.0	13.5833
 126.0	18.1667
 127.0	9.83333
 128.0	10.8333
 129.0	16.0833
 130.0	11.3667
 131.0	11.5
 132.0	11
 133.0	15.5
 134.0	16.0833
 135.0	15.1667
 136.0	16.5333
 137.0	13.0833
 138.0	17.25
 139.0	12.5833
 140.0	20.1667
 141.0	15.0333
 142.0	15.25
 143.0	9.83333
 144.0	16.1667
 145.0	11.8333
 146.0	10.5833
 147.0	14.4167
 148.0	25.5
 149.0	18.4167
 150.0	12.5333
 151.0	21.3333
 152.0	16.6667
DB 1 MOTIF	16-CTGACCTCT	STREME-16
-150.5	17
-149.5	20.3333
-148.5	12
-147.5	13.5
-146.5	18
-145.5	15
-144.5	17.0769
-143.5	26
-142.5	9.5
-141.5	19
-140.5	17.5
-139.5	15
-138.5	15
-137.5	22
-136.5	13.5
-135.5	26
-134.5	15.75
-133.5	16.5
-132.5	17.1429
-131.5	16
-130.5	19
-129.5	22
-128.5	10
-127.5	16
-126.5	16
-125.5	29
-124.5	16.4103
-123.5	12.5
-122.5	17.3333
-121.5	19
-120.5	21
-119.5	19
-118.5	15
-117.5	21
-116.5	26
-115.5	14.6111
-114.5	18
-113.5	34.5
-112.5	16
-111.5	14.5
-110.5	22
-109.5	18
-108.5	13
-107.5	12
-106.5	18.5
-105.5	18
-104.5	18
-103.5	19.1429
-102.5	23.1111
-101.5	20
-100.5	19.5
 -99.5	19.3333
 -98.5	14.75
 -97.5	20.5
 -96.5	13
 -95.5	22.5
 -94.5	24
 -93.5	14
 -92.5	12
 -91.5	17
 -90.5	13.5769
 -89.5	29
 -88.5	30
 -87.5	12.5
 -86.5	21
 -85.5	19
 -84.5	20
 -83.5	18
 -82.5	22
 -81.5	24
 -80.5	31
 -79.5	20
 -78.5	22
 -77.5	12.5
 -76.5	20
 -75.5	18
 -74.5	19.1429
 -73.5	20.8333
 -72.5	15
 -71.5	17.5
 -70.5	21
 -69.5	23
 -68.5	18
 -67.5	19.5
 -66.5	23
 -65.5	14.3333
 -64.5	17
 -63.5	16
 -62.5	23.25
 -61.5	25
 -60.5	21
 -59.5	25
 -58.5	19
 -57.5	12
 -56.5	17.3333
 -55.5	19
 -54.5	13
 -53.5	14.5
 -52.5	19.3333
 -51.5	18
 -50.5	23.688
 -49.5	19.3333
 -48.5	21
 -47.5	20
 -46.5	17.5
 -45.5	29.1429
 -44.5	27
 -43.5	28.5
 -42.5	20.5
 -41.5	18
 -40.5	13
 -39.5	24.5
 -38.5	13
 -37.5	24.6111
 -36.5	18.3333
 -35.5	27.5
 -34.5	21.5
 -33.5	25.5769
 -32.5	25
 -31.5	23
 -30.5	21.5
 -29.5	24.5
 -28.5	18.5
 -27.5	28
 -26.5	25
 -25.5	25.5
 -24.5	22.5
 -23.5	21
 -22.5	30
 -21.5	18
 -20.5	16
 -19.5	24
 -18.5	21
 -17.5	22
 -16.5	21.1429
 -15.5	28
 -14.5	22
 -13.5	20.5769
 -12.5	17
 -11.5	21.1111
 -10.5	25.5
  -9.5	31
  -8.5	27.25
  -7.5	30
  -6.5	16.3333
  -5.5	22.5
  -4.5	28
  -3.5	20
  -2.5	17
  -1.5	30
  -0.5	22.5
   0.5	25.3333
   1.5	18.3333
   2.5	28
   3.5	19.0769
   4.5	27.3333
   5.5	22
   6.5	33.5
   7.5	26
   8.5	29
   9.5	16
  10.5	26
  11.5	19
  12.5	25.6429
  13.5	24
  14.5	20.6111
  15.5	29
  16.5	23.5
  17.5	28.5
  18.5	20
  19.5	21
  20.5	28.8333
  21.5	31.5
  22.5	21.5
  23.5	30.5
  24.5	24
  25.5	22
  26.5	17.5
  27.5	35.6111
  28.5	19
  29.5	31
  30.5	24.5
  31.5	19.5
  32.5	25
  33.5	22
  34.5	24
  35.5	20
  36.5	32
  37.5	18
  38.5	24
  39.5	17.8333
  40.5	18.5769
  41.5	20.1429
  42.5	22
  43.5	18.5
  44.5	24
  45.5	26.6667
  46.5	18
  47.5	20.5
  48.5	26
  49.5	18
  50.5	24.5
  51.5	23.3333
  52.5	11
  53.5	29
  54.5	29.5
  55.5	24
  56.5	10
  57.5	24.4103
  58.5	22
  59.5	24
  60.5	19.5
  61.5	21
  62.5	24.5
  63.5	19.5
  64.5	25.5
  65.5	14.5
  66.5	25.1111
  67.5	21.5
  68.5	28.3333
  69.5	18
  70.5	12
  71.5	10
  72.5	27.5
  73.5	18
  74.5	25.5769
  75.5	22
  76.5	12
  77.5	23
  78.5	19.5
  79.5	19
  80.5	18
  81.5	27
  82.5	22.5
  83.5	21
  84.5	28
  85.5	18.5
  86.5	22
  87.5	20
  88.5	17
  89.5	19
  90.5	16.8333
  91.5	15.5
  92.5	14
  93.5	21
  94.5	12.5769
  95.5	16
  96.5	18
  97.5	11
  98.5	17
  99.5	16
 100.5	15.5
 101.5	13
 102.5	20
 103.5	15.3333
 104.5	13.5
 105.5	13.1111
 106.5	14.5
 107.5	20
 108.5	13
 109.5	16
 110.5	18.8333
 111.5	13.0769
 112.5	13
 113.5	16
 114.5	18
 115.5	15
 116.5	11
 117.5	14
 118.5	12
 119.5	14.5
 120.5	20.5
 121.5	15.5
 122.5	14
 123.5	16
 124.5	20
 125.5	14
 126.5	16
 127.5	17
 128.5	14.0769
 129.5	23
 130.5	20
 131.5	14
 132.5	15
 133.5	10
 134.5	18
 135.5	14.5
 136.5	19
 137.5	14
 138.5	13.5
 139.5	16
 140.5	16.5
 141.5	23
 142.5	24
 143.5	19
 144.5	15
 145.5	18
 146.5	20.5
 147.5	9
 148.5	13
 149.5	16
 150.5	17
DB 1 MOTIF	20-TATTGACA	STREME-20
-151.0	5.5
-150.0	3
-149.0	2.5
-148.0	2
-147.0	5
-146.0	4.5
-145.0	3.5
-144.0	3
-143.0	4.33333
-142.0	8
-141.0	5
-140.0	6
-139.0	3.5
-138.0	3.5
-137.0	6
-136.0	3.5
-135.0	3.5
-134.0	2
-133.0	7.5
-132.0	2.5
-131.0	3
-130.0	7.5
-129.0	3
-128.0	6.5
-127.0	7.5
-126.0	7.5
-125.0	6
-124.0	6.5
-123.0	6
-122.0	2
-121.0	3.5
-120.0	5
-119.0	3
-118.0	1.5
-117.0	8
-116.0	2.83333
-115.0	8
-114.0	5
-113.0	6
-112.0	8
-111.0	5
-110.0	4.5
-109.0	6
-108.0	1
-107.0	7
-106.0	5.83333
-105.0	2
-104.0	3.5
-103.0	3
-102.0	1.5
-101.0	8.5
-100.0	6
 -99.0	4.5
 -98.0	5.5
 -97.0	6.5
 -96.0	3
 -95.0	5
 -94.0	6.5
 -93.0	7
 -92.0	7
 -91.0	5
 -90.0	2
 -89.0	6.5
 -88.0	8.5
 -87.0	4.5
 -86.0	8
 -85.0	6.5
 -84.0	2
 -83.0	10.8333
 -82.0	9
 -81.0	8
 -80.0	4
 -79.0	3
 -78.0	3.83333
 -77.0	6.33333
 -76.0	6
 -75.0	7
 -74.0	5.83333
 -73.0	9
 -72.0	4
 -71.0	7
 -70.0	4.5
 -69.0	8.5
 -68.0	7.5
 -67.0	7.5
 -66.0	5.83333
 -65.0	5.5
 -64.0	9
 -63.0	7
 -62.0	7
 -61.0	8.5
 -60.0	5
 -59.0	6.83333
 -58.0	10.5
 -57.0	7.5
 -56.0	10.5
 -55.0	12.5
 -54.0	7.5
 -53.0	11
 -52.0	10.3333
 -51.0	13
 -50.0	14.5
 -49.0	5
 -48.0	11
 -47.0	3
 -46.0	7.5
 -45.0	9
 -44.0	6.5
 -43.0	9
 -42.0	7
 -41.0	4
 -40.0	5
 -39.0	11
 -38.0	7.5
 -37.0	15.5
 -36.0	3
 -35.0	9.5
 -34.0	13.5
 -33.0	13
 -32.0	14.5
 -31.0	5
 -30.0	10.5
 -29.0	6.5
 -28.0	17
 -27.0	7.5
 -26.0	11
 -25.0	14
 -24.0	6.83333
 -23.0	12
 -22.0	11
 -21.0	6
 -20.0	6
 -19.0	12.5
 -18.0	5.75
 -17.0	17.5
 -16.0	5.33333
 -15.0	11.5
 -14.0	9.33333
 -13.0	12
 -12.0	10
 -11.0	9
 -10.0	6.83333
  -9.0	10
  -8.0	13.5
  -7.0	16.5
  -6.0	10.5
  -5.0	12
  -4.0	12
  -3.0	6.5
  -2.0	6.5
  -1.0	6.5
   0.0	2.5
   1.0	8
   2.0	14
   3.0	8.33333
   4.0	5.83333
   5.0	9
   6.0	14
   7.0	17.5
   8.0	9.33333
   9.0	12
  10.0	9.5
  11.0	14.5
  12.0	10.5
  13.0	13.5
  14.0	16.75
  15.0	9
  16.0	12
  17.0	17.5
  18.0	15
  19.0	7
  20.0	7.25
  21.0	11.5
  22.0	14
  23.0	9
  24.0	12
  25.0	11
  26.0	3.25
  27.0	11
  28.0	13
  29.0	7
  30.0	5.5
  31.0	7.5
  32.0	14
  33.0	6.5
  34.0	12.5
  35.0	9
  36.0	10
  37.0	9.33333
  38.0	12.5
  39.0	9.33333
  40.0	7.5
  41.0	4
  42.0	12
  43.0	8
  44.0	14.5
  45.0	6.5
  46.0	10
  47.0	7.5
  48.0	7
  49.0	8.5
  50.0	13.5
  51.0	8.5
  52.0	14
  53.0	13
  54.0	7.5
  55.0	5.5
  56.0	3.83333
  57.0	12
  58.0	5.33333
  59.0	2.5
  60.0	8
  61.0	10.8333
  62.0	2.5
  63.0	7.5
  64.0	8.5
  65.0	8
  66.0	2.5
  67.0	4.5
  68.0	8
  69.0	5.5
  70.0	7
  71.0	5
  72.0	6
  73.0	9.33333
  74.0	3.5
  75.0	10.5
  76.0	6
  77.0	1
  78.0	2
  79.0	6.5
  80.0	10.5
  81.0	9
  82.0	7.83333
  83.0	4
  84.0	10.5
  85.0	3
  86.0	5
  87.0	6.5
  88.0	4
  89.0	4
  90.0	7
  91.0	5
  92.0	4
  93.0	6.33333
  94.0	5.5
  95.0	4.5
  96.0	2
  97.0	5.5
  98.0	9
  99.0	5
 100.0	5.33333
 101.0	4.5
 102.0	5.5
 103.0	4.5
 104.0	6.5
 105.0	3.5
 106.0	4.5
 107.0	3
 108.0	2.5
 109.0	4.5
 110.0	7
 111.0	5.5
 112.0	6
 113.0	1
 114.0	5.5
 115.0	9
 116.0	9.5
 117.0	3
 118.0	7.5
 119.0	2
 120.0	6
 121.0	3
 122.0	1.5
 123.0	6
 124.0	8.5
 125.0	6
 126.0	7.5
 127.0	4
 128.0	3
 129.0	6
 130.0	6
 131.0	4.5
 132.0	3.5
 133.0	4
 134.0	1
 135.0	6
 136.0	6.5
 137.0	1.5
 138.0	5.83333
 139.0	7
 140.0	8
 141.0	5
 142.0	3
 143.0	1
 144.0	5.5
 145.0	6.5
 146.0	3
 147.0	3
 148.0	4.5
 149.0	3
 150.0	3
 151.0	4
DB 1 MOTIF	21-CTTYRAAG	STREME-21
-151.0	5
-150.0	2
-149.0	1
-148.0	2
-147.0	3
-146.0	0
-145.0	4
-144.0	1
-143.0	0
-142.0	2
-141.0	1.5
-140.0	4
-139.0	4
-138.0	3
-137.0	0
-136.0	2.5
-135.0	4
-134.0	4.5
-133.0	5
-132.0	1
-131.0	0
-130.0	1
-129.0	5
-128.0	1
-127.0	5
-126.0	4
-125.0	1
-124.0	2
-123.0	2
-122.0	2
-121.0	3
-120.0	0
-119.0	1.5
-118.0	1
-117.0	3
-116.0	4.5
-115.0	3
-114.0	1
-113.0	2
-112.0	0
-111.0	0
-110.0	3
-109.0	2
-108.0	3
-107.0	1
-106.0	2
-105.0	2
-104.0	5
-103.0	1
-102.0	3
-101.0	0
-100.0	3.5
 -99.0	1
 -98.0	2
 -97.0	3
 -96.0	4
 -95.0	4
 -94.0	3
 -93.0	3
 -92.0	0
 -91.0	2.5
 -90.0	3.83333
 -89.0	4
 -88.0	4
 -87.0	3
 -86.0	1
 -85.0	6
 -84.0	5
 -83.0	0
 -82.0	1
 -81.0	4
 -80.0	6
 -79.0	3
 -78.0	3
 -77.0	2.5
 -76.0	2
 -75.0	1
 -74.0	3
 -73.0	3.5
 -72.0	2
 -71.0	4
 -70.0	5
 -69.0	2
 -68.0	3
 -67.0	1
 -66.0	2
 -65.0	2
 -64.0	1
 -63.0	2
 -62.0	7
 -61.0	3
 -60.0	5
 -59.0	4
 -58.0	3
 -57.0	3
 -56.0	3
 -55.0	3
 -54.0	5
 -53.0	1
 -52.0	1
 -51.0	1
 -50.0	5
 -49.0	4
 -48.0	3
 -47.0	7
 -46.0	3
 -45.0	0
 -44.0	3
 -43.0	2
 -42.0	3
 -41.0	1.5
 -40.0	2
 -39.0	5
 -38.0	0
 -37.0	3.33333
 -36.0	3
 -35.0	7
 -34.0	2
 -33.0	3
 -32.0	3
 -31.0	3
 -30.0	0
 -29.0	2
 -28.0	3
 -27.0	6.5
 -26.0	4
 -25.0	5
 -24.0	5
 -23.0	6
 -22.0	2
 -21.0	2
 -20.0	2
 -19.0	5
 -18.0	3
 -17.0	8
 -16.0	2
 -15.0	8
 -14.0	3
 -13.0	3
 -12.0	3.5
 -11.0	3
 -10.0	2
  -9.0	4.5
  -8.0	4
  -7.0	8
  -6.0	1
  -5.0	3.33333
  -4.0	3
  -3.0	2
  -2.0	2.5
  -1.0	2
   0.0	2.5
   1.0	4.33333
   2.0	4
   3.0	4
   4.0	6
   5.0	3
   6.0	3
   7.0	6
   8.0	3.5
   9.0	2
  10.0	3
  11.0	4.5
  12.0	3
  13.0	2.5
  14.0	5.5
  15.0	3
  16.0	4
  17.0	3
  18.0	4
  19.0	3
  20.0	2
  21.0	5
  22.0	1
  23.0	2.5
  24.0	7.33333
  25.0	1
  26.0	1
  27.0	3
  28.0	2
  29.0	5
  30.0	5.5
  31.0	1
  32.0	3
  33.0	3
  34.0	3
  35.0	3
  36.0	2
  37.0	3
  38.0	1
  39.0	2
  40.0	4.5
  41.0	3
  42.0	2.5
  43.0	3
  44.0	3
  45.0	3
  46.0	3
  47.0	8
  48.0	3
  49.0	4
  50.0	4
  51.0	3
  52.0	4
  53.0	1
  54.0	4
  55.0	3
  56.0	6
  57.0	6
  58.0	1
  59.0	4
  60.0	6
  61.0	4
  62.0	2
  63.0	2.5
  64.0	6
  65.0	3
  66.0	2
  67.0	5
  68.0	2
  69.0	1
  70.0	3
  71.0	2
  72.0	2
  73.0	2
  74.0	3
  75.0	2
  76.0	1
  77.0	1
  78.0	2
  79.0	2.5
  80.0	2.33333
  81.0	1
  82.0	5
  83.0	3
  84.0	5
  85.0	2
  86.0	9
  87.0	5
  88.0	1
  89.0	1.5
  90.0	8
  91.0	2
  92.0	2
  93.0	7
  94.0	1
  95.0	2
  96.0	1
  97.0	3.5
  98.0	0.5
  99.0	1
 100.0	1
 101.0	4
 102.0	4.5
 103.0	3
 104.0	2
 105.0	3
 106.0	2
 107.0	4
 108.0	3
 109.0	2
 110.0	2
 111.0	3
 112.0	4
 113.0	6
 114.0	0
 115.0	0
 116.0	4
 117.0	2
 118.0	3
 119.0	4
 120.0	4
 121.0	2
 122.0	3.5
 123.0	2.5
 124.0	2
 125.0	4
 126.0	3
 127.0	3
 128.0	2
 129.0	3
 130.0	1
 131.0	2
 132.0	3
 133.0	3.5
 134.0	1
 135.0	3
 136.0	3
 137.0	1
 138.0	2.5
 139.0	2
 140.0	5
 141.0	1
 142.0	2
 143.0	2
 144.0	2
 145.0	2
 146.0	0
 147.0	1
 148.0	2
 149.0	1
 150.0	1
 151.0	4
DB 1 MOTIF	26-AAACATTTAC	STREME-26
-150.0	3
-149.0	0
-148.0	5.5
-147.0	7
-146.0	3.5
-145.0	2
-144.0	8
-143.0	5
-142.0	5
-141.0	9
-140.0	2
-139.0	2
-138.0	4
-137.0	7
-136.0	1
-135.0	3.5
-134.0	3
-133.0	2
-132.0	3.5
-131.0	4
-130.0	3
-129.0	1
-128.0	5
-127.0	4
-126.0	4
-125.0	7
-124.0	4
-123.0	2
-122.0	5
-121.0	5
-120.0	1
-119.0	1
-118.0	4
-117.0	2
-116.0	6
-115.0	3
-114.0	2
-113.0	2
-112.0	4
-111.0	2
-110.0	4
-109.0	3
-108.0	4
-107.0	7
-106.0	3
-105.0	5
-104.0	6
-103.0	3
-102.0	3
-101.0	5
-100.0	2
 -99.0	5
 -98.0	5
 -97.0	7
 -96.0	7
 -95.0	2
 -94.0	6
 -93.0	4
 -92.0	2
 -91.0	6
 -90.0	4
 -89.0	7.5
 -88.0	5
 -87.0	5
 -86.0	6
 -85.0	6
 -84.0	3
 -83.0	7.5
 -82.0	2
 -81.0	7
 -80.0	4
 -79.0	3
 -78.0	2
 -77.0	5
 -76.0	2
 -75.0	9.5
 -74.0	5
 -73.0	5.5
 -72.0	4
 -71.0	9
 -70.0	5
 -69.0	3
 -68.0	2
 -67.0	4
 -66.0	6
 -65.0	8
 -64.0	5
 -63.0	6
 -62.0	5
 -61.0	6
 -60.0	7
 -59.0	4
 -58.0	4
 -57.0	4
 -56.0	5.5
 -55.0	6
 -54.0	1.5
 -53.0	5
 -52.0	5
 -51.0	7
 -50.0	6
 -49.0	5
 -48.0	7
 -47.0	5
 -46.0	2
 -45.0	6
 -44.0	6
 -43.0	7
 -42.0	8
 -41.0	7
 -40.0	6.5
 -39.0	3.5
 -38.0	9
 -37.0	5
 -36.0	6.5
 -35.0	7
 -34.0	10
 -33.0	11
 -32.0	7
 -31.0	4
 -30.0	6
 -29.0	8.5
 -28.0	5
 -27.0	2.5
 -26.0	6
 -25.0	3
 -24.0	5
 -23.0	3
 -22.0	11
 -21.0	7
 -20.0	8
 -19.0	6
 -18.0	4
 -17.0	4
 -16.0	5
 -15.0	2
 -14.0	7
 -13.0	5.5
 -12.0	11
 -11.0	8
 -10.0	4
  -9.0	3
  -8.0	5
  -7.0	5
  -6.0	4.5
  -5.0	2
  -4.0	7
  -3.0	8
  -2.0	4
  -1.0	3
   0.0	4
   1.0	5
   2.0	7
   3.0	12
   4.0	3
   5.0	9
   6.0	5.5
   7.0	6
   8.0	4
   9.0	7.5
  10.0	9
  11.0	5.5
  12.0	8
  13.0	6
  14.0	5
  15.0	15
  16.0	3
  17.0	2
  18.0	2
  19.0	3
  20.0	6
  21.0	7
  22.0	4
  23.0	3
  24.0	4
  25.0	5
  26.0	6
  27.0	10
  28.0	7
  29.0	4
  30.0	3
  31.0	4
  32.0	3
  33.0	4.5
  34.0	8
  35.0	2.5
  36.0	8.5
  37.0	4
  38.0	4
  39.0	7
  40.0	9
  41.0	6
  42.0	2
  43.0	2.5
  44.0	7
  45.0	5
  46.0	5
  47.0	12.5
  48.0	8
  49.0	5
  50.0	5.5
  51.0	4.5
  52.0	5
  53.0	6
  54.0	4.5
  55.0	6
  56.0	5
  57.0	5
  58.0	2
  59.0	2.5
  60.0	2
  61.0	6.5
  62.0	3
  63.0	4
  64.0	7
  65.0	13
  66.0	3.5
  67.0	5.5
  68.0	5
  69.0	5.5
  70.0	3
  71.0	7
  72.0	6
  73.0	9
  74.0	2
  75.0	7
  76.0	5
  77.0	9
  78.0	6
  79.0	5
  80.0	3
  81.0	6
  82.0	7
  83.0	6
  84.0	7
  85.0	7
  86.0	5
  87.0	2
  88.0	3
  89.0	5
  90.0	9
  91.0	7
  92.0	5
  93.0	2.5
  94.0	5
  95.0	7.5
  96.0	4
  97.0	3
  98.0	6
  99.0	5
 100.0	6
 101.0	4
 102.0	7
 103.0	8
 104.0	5
 105.0	4
 106.0	2
 107.0	5
 108.0	5
 109.0	6.5
 110.0	1.5
 111.0	6.5
 112.0	4
 113.0	2
 114.0	5.5
 115.0	5
 116.0	4
 117.0	1
 118.0	6.5
 119.0	6.5
 120.0	3
 121.0	1
 122.0	3
 123.0	5
 124.0	3
 125.0	6
 126.0	5
 127.0	5
 128.0	4
 129.0	3
 130.0	3
 131.0	1
 132.0	5
 133.0	1
 134.0	5
 135.0	6
 136.0	4
 137.0	2
 138.0	8
 139.0	2
 140.0	5
 141.0	4
 142.0	3
 143.0	5
 144.0	3
 145.0	4
 146.0	3
 147.0	6.5
 148.0	5
 149.0	5
 150.0	4
DB 1 MOTIF	27-GWTAAACAT	STREME-27
-150.5	17
-149.5	15
-148.5	12
-147.5	11
-146.5	13
-145.5	4
-144.5	11
-143.5	7
-142.5	13
-141.5	13
-140.5	13
-139.5	9
-138.5	6
-137.5	7.5
-136.5	13
-135.5	10
-134.5	6
-133.5	13
-132.5	7
-131.5	10
-130.5	17
-129.5	7.5
-128.5	15
-127.5	7
-126.5	15.5
-125.5	8
-124.5	23
-123.5	12
-122.5	9
-121.5	15.5
-120.5	11
-119.5	12
-118.5	15
-117.5	17
-116.5	9
-115.5	10
-114.5	13
-113.5	12
-112.5	11
-111.5	17
-110.5	14
-109.5	7
-108.5	10.5
-107.5	10
-106.5	17
-105.5	11
-104.5	11
-103.5	7
-102.5	7.5
-101.5	12
-100.5	15
 -99.5	21
 -98.5	12
 -97.5	12
 -96.5	10.5
 -95.5	14
 -94.5	9
 -93.5	14
 -92.5	9
 -91.5	8
 -90.5	6
 -89.5	12
 -88.5	7
 -87.5	7
 -86.5	18
 -85.5	9.5
 -84.5	14
 -83.5	14
 -82.5	8
 -81.5	9
 -80.5	9.5
 -79.5	11
 -78.5	14
 -77.5	12
 -76.5	7.5
 -75.5	16
 -74.5	14.5
 -73.5	13
 -72.5	14
 -71.5	16
 -70.5	11
 -69.5	16
 -68.5	13
 -67.5	12
 -66.5	11
 -65.5	14
 -64.5	13
 -63.5	11
 -62.5	11.5
 -61.5	23
 -60.5	14
 -59.5	9.5
 -58.5	17
 -57.5	14
 -56.5	14
 -55.5	14
 -54.5	16
 -53.5	13
 -52.5	18.5
 -51.5	18
 -50.5	14
 -49.5	8.5
 -48.5	14
 -47.5	12.5
 -46.5	18.5
 -45.5	10
 -44.5	13
 -43.5	19
 -42.5	10.5
 -41.5	17.5
 -40.5	19
 -39.5	12.5
 -38.5	12
 -37.5	17
 -36.5	10
 -35.5	19
 -34.5	17
 -33.5	14.5
 -32.5	17
 -31.5	17.5
 -30.5	13
 -29.5	9
 -28.5	11
 -27.5	17.5
 -26.5	16
 -25.5	6
 -24.5	13
 -23.5	15
 -22.5	8
 -21.5	14.5
 -20.5	15.5
 -19.5	13.5
 -18.5	15.5
 -17.5	16
 -16.5	8.5
 -15.5	16
 -14.5	17
 -13.5	14
 -12.5	17.5
 -11.5	12
 -10.5	17
  -9.5	11
  -8.5	8
  -7.5	14.5
  -6.5	12
  -5.5	8
  -4.5	10
  -3.5	12
  -2.5	13
  -1.5	8
  -0.5	16
   0.5	13.5
   1.5	15
   2.5	9
   3.5	12.5
   4.5	10
   5.5	13
   6.5	10.5
   7.5	12.5
   8.5	10
   9.5	11
  10.5	12
  11.5	12.5
  12.5	18
  13.5	9
  14.5	16.5
  15.5	13
  16.5	16
  17.5	12
  18.5	13
  19.5	18
  20.5	11
  21.5	11
  22.5	11
  23.5	12
  24.5	13.5
  25.5	12
  26.5	9
  27.5	18
  28.5	12
  29.5	15
  30.5	12
  31.5	23
  32.5	15
  33.5	19
  34.5	15
  35.5	15
  36.5	12.5
  37.5	22.3333
  38.5	9
  39.5	11
  40.5	16.3333
  41.5	11.5
  42.5	17
  43.5	13.5
  44.5	15
  45.5	16
  46.5	18
  47.5	19
  48.5	12
  49.5	14.5
  50.5	20.5
  51.5	6
  52.5	15
  53.5	16
  54.5	13
  55.5	6
  56.5	12.8333
  57.5	14
  58.5	14
  59.5	14
  60.5	9
  61.5	18
  62.5	10.5
  63.5	12.5
  64.5	15
  65.5	4.33333
  66.5	13
  67.5	11
  68.5	19
  69.5	8.5
  70.5	17.3333
  71.5	11.5
  72.5	15
  73.5	14
  74.5	9
  75.5	9
  76.5	16
  77.5	9
  78.5	14
  79.5	15
  80.5	12
  81.5	15
  82.5	18
  83.5	11
  84.5	9
  85.5	14
  86.5	11
  87.5	8
  88.5	14
  89.5	10.3333
  90.5	15
  91.5	15.5
  92.5	8
  93.5	9
  94.5	15
  95.5	14
  96.5	12.5
  97.5	14
  98.5	12
  99.5	11
 100.5	12
 101.5	17.5
 102.5	9.5
 103.5	10.5
 104.5	16.5
 105.5	8.5
 106.5	8
 107.5	7
 108.5	14.5
 109.5	11
 110.5	11
 111.5	9
 112.5	10
 113.5	14
 114.5	5
 115.5	13
 116.5	9
 117.5	9
 118.5	9.5
 119.5	11
 120.5	9
 121.5	14
 122.5	9.5
 123.5	7
 124.5	8
 125.5	14
 126.5	15
 127.5	11
 128.5	13
 129.5	16
 130.5	10
 131.5	14
 132.5	9
 133.5	9
 134.5	9.5
 135.5	14
 136.5	7
 137.5	12
 138.5	10.5
 139.5	12.5
 140.5	15
 141.5	14
 142.5	16
 143.5	11
 144.5	10
 145.5	15
 146.5	9
 147.5	17
 148.5	11
 149.5	9
 150.5	13
DB 1 MOTIF	30-AAATATTT	STREME-30
-151.0	5.5
-150.0	5.83333
-149.0	10.5
-148.0	7
-147.0	7
-146.0	2.5
-145.0	6.5
-144.0	9.5
-143.0	4.5
-142.0	10.3333
-141.0	8.5
-140.0	2.5
-139.0	11
-138.0	9.5
-137.0	5
-136.0	5
-135.0	5
-134.0	11
-133.0	5.5
-132.0	5.33333
-131.0	7.5
-130.0	6
-129.0	10
-128.0	6
-127.0	7.33333
-126.0	4
-125.0	5
-124.0	5
-123.0	5
-122.0	6
-121.0	6
-120.0	3.5
-119.0	7.66667
-118.0	15
-117.0	7.33333
-116.0	0
-115.0	4.83333
-114.0	8
-113.0	6.5
-112.0	7
-111.0	4
-110.0	6
-109.0	5.5
-108.0	3
-107.0	5
-106.0	6.83333
-105.0	6.5
-104.0	10.8333
-103.0	4.33333
-102.0	10
-101.0	4
-100.0	2.83333
 -99.0	3
 -98.0	5.5
 -97.0	7.5
 -96.0	7.5
 -95.0	13
 -94.0	6
 -93.0	10
 -92.0	6
 -91.0	4.33333
 -90.0	8
 -89.0	6.33333
 -88.0	6
 -87.0	3.5
 -86.0	7.5
 -85.0	7.5
 -84.0	8.5
 -83.0	6.5
 -82.0	9.5
 -81.0	6.5
 -80.0	6.5
 -79.0	4.5
 -78.0	8
 -77.0	6.5
 -76.0	9.5
 -75.0	7
 -74.0	7.83333
 -73.0	5.5
 -72.0	7.33333
 -71.0	3.33333
 -70.0	5
 -69.0	6.5
 -68.0	6.5
 -67.0	0.333333
 -66.0	12.5
 -65.0	5
 -64.0	6
 -63.0	4.5
 -62.0	9
 -61.0	5
 -60.0	7.83333
 -59.0	4.5
 -58.0	6
 -57.0	8.5
 -56.0	9.5
 -55.0	5
 -54.0	4
 -53.0	10.8333
 -52.0	14
 -51.0	8.5
 -50.0	8
 -49.0	10
 -48.0	10
 -47.0	5.5
 -46.0	9
 -45.0	6.5
 -44.0	9
 -43.0	10.75
 -42.0	12
 -41.0	12.5
 -40.0	11.3333
 -39.0	13.5
 -38.0	14
 -37.0	12.5
 -36.0	5
 -35.0	9.83333
 -34.0	6.5
 -33.0	10
 -32.0	4.5
 -31.0	11
 -30.0	7.5
 -29.0	6.5
 -28.0	10.5
 -27.0	7
 -26.0	5
 -25.0	9.5
 -24.0	5.5
 -23.0	5
 -22.0	4.33333
 -21.0	11.3333
 -20.0	16.5
 -19.0	6.5
 -18.0	6.83333
 -17.0	7.75
 -16.0	5
 -15.0	5
 -14.0	8
 -13.0	12.8333
 -12.0	7.5
 -11.0	4.5
 -10.0	8
  -9.0	10.8333
  -8.0	14
  -7.0	10.5
  -6.0	7
  -5.0	6.83333
  -4.0	12.5
  -3.0	9.5
  -2.0	6
  -1.0	17.5
   0.0	10
   1.0	8
   2.0	4
   3.0	8.83333
   4.0	14.6667
   5.0	4
   6.0	7
   7.0	10
   8.0	10
   9.0	8.5
  10.0	9
  11.0	5
  12.0	7.33333
  13.0	11
  14.0	15.5
  15.0	15.8333
  16.0	8
  17.0	8.5
  18.0	4
  19.0	7
  20.0	8.5
  21.0	6.83333
  22.0	7
  23.0	6.5
  24.0	7.5
  25.0	6
  26.0	7.83333
  27.0	7
  28.0	7
  29.0	6.5
  30.0	13.5
  31.0	3.5
  32.0	9.5
  33.0	10
  34.0	7
  35.0	11
  36.0	2.5
  37.0	7
  38.0	10.3333
  39.0	11.5
  40.0	9.33333
  41.0	8.5
  42.0	10
  43.0	5.33333
  44.0	6.5
  45.0	9
  46.0	7.83333
  47.0	4.33333
  48.0	9.5
  49.0	11
  50.0	9
  51.0	9.33333
  52.0	2
  53.0	7.5
  54.0	5
  55.0	8.5
  56.0	3.83333
  57.0	6.5
  58.0	11.5
  59.0	6
  60.0	11.3333
  61.0	4.33333
  62.0	7
  63.0	8.83333
  64.0	12
  65.0	2.5
  66.0	14
  67.0	8
  68.0	8
  69.0	4
  70.0	8.5
  71.0	10
  72.0	9.83333
  73.0	5
  74.0	9
  75.0	3.5
  76.0	6
  77.0	10
  78.0	11.5
  79.0	3.33333
  80.0	5.66667
  81.0	8
  82.0	9.5
  83.0	5.5
  84.0	5.5
  85.0	3
  86.0	3.16667
  87.0	7
  88.0	7
  89.0	5.83333
  90.0	6
  91.0	12.8333
  92.0	5.5
  93.0	6
  94.0	8
  95.0	8
  96.0	6.5
  97.0	4
  98.0	5
  99.0	7.33333
 100.0	8.33333
 101.0	6.58333
 102.0	11.5
 103.0	8.5
 104.0	3.33333
 105.0	12.5
 106.0	6
 107.0	5
 108.0	3
 109.0	8
 110.0	4
 111.0	11.5
 112.0	5.83333
 113.0	4
 114.0	4.33333
 115.0	6
 116.0	9
 117.0	10.5
 118.0	5.5
 119.0	12.25
 120.0	4
 121.0	5
 122.0	4.5
 123.0	6
 124.0	5.5
 125.0	3
 126.0	5.33333
 127.0	8
 128.0	5.5
 129.0	7.5
 130.0	5.16667
 131.0	5
 132.0	1.66667
 133.0	5.83333
 134.0	7.5
 135.0	6
 136.0	7.5
 137.0	5.5
 138.0	4
 139.0	4
 140.0	9.33333
 141.0	5.5
 142.0	7
 143.0	7.5
 144.0	5.83333
 145.0	12
 146.0	8.33333
 147.0	7
 148.0	4
 149.0	6.33333
 150.0	6.5
 151.0	5
DB 1 MOTIF	31-GCAAATA	STREME-31
-151.5	2.5
-150.5	2
-149.5	2
-148.5	1.5
-147.5	0
-146.5	0
-145.5	1
-144.5	0
-143.5	4
-142.5	2
-141.5	2.33333
-140.5	2.33333
-139.5	0
-138.5	4
-137.5	3
-136.5	2.33333
-135.5	2.5
-134.5	0
-133.5	2
-132.5	4
-131.5	3.5
-130.5	2
-129.5	1
-128.5	3.5
-127.5	2
-126.5	0.333333
-125.5	1.5
-124.5	2.5
-123.5	3
-122.5	1
-121.5	4
-120.5	2.5
-119.5	2
-118.5	2
-117.5	1
-116.5	1
-115.5	1.5
-114.5	2
-113.5	3
-112.5	5
-111.5	5.33333
-110.5	2
-109.5	2
-108.5	2
-107.5	2
-106.5	1.5
-105.5	2.5
-104.5	4
-103.5	1.33333
-102.5	3
-101.5	2
-100.5	2.5
 -99.5	4
 -98.5	3.83333
 -97.5	0.5
 -96.5	4
 -95.5	5
 -94.5	7
 -93.5	5
 -92.5	2
 -91.5	3
 -90.5	3.5
 -89.5	1
 -88.5	3
 -87.5	3.5
 -86.5	3.5
 -85.5	2.5
 -84.5	5
 -83.5	1.33333
 -82.5	4
 -81.5	0
 -80.5	3
 -79.5	3
 -78.5	2.33333
 -77.5	4
 -76.5	4
 -75.5	6
 -74.5	3
 -73.5	5
 -72.5	4
 -71.5	6.5
 -70.5	4
 -69.5	5
 -68.5	1
 -67.5	2
 -66.5	1
 -65.5	3
 -64.5	3
 -63.5	4
 -62.5	13
 -61.5	4
 -60.5	2
 -59.5	3
 -58.5	2.5
 -57.5	5
 -56.5	7
 -55.5	6
 -54.5	2.5
 -53.5	2
 -52.5	5
 -51.5	1
 -50.5	2.5
 -49.5	4
 -48.5	3.5
 -47.5	7
 -46.5	7
 -45.5	4.5
 -44.5	5
 -43.5	5
 -42.5	4
 -41.5	3
 -40.5	5
 -39.5	7
 -38.5	5.5
 -37.5	7
 -36.5	8
 -35.5	6
 -34.5	4.5
 -33.5	7
 -32.5	5
 -31.5	3
 -30.5	9.5
 -29.5	2.5
 -28.5	4
 -27.5	3.75
 -26.5	6.83333
 -25.5	5.5
 -24.5	5.5
 -23.5	6
 -22.5	2
 -21.5	1
 -20.5	5.5
 -19.5	3
 -18.5	2
 -17.5	6
 -16.5	7.5
 -15.5	6
 -14.5	4
 -13.5	4
 -12.5	6.83333
 -11.5	10
 -10.5	8.25
  -9.5	7.5
  -8.5	3
  -7.5	7.33333
  -6.5	7
  -5.5	8.5
  -4.5	6.83333
  -3.5	8.5
  -2.5	8
  -1.5	6.5
  -0.5	5.5
   0.5	5.83333
   1.5	11
   2.5	7
   3.5	6.5
   4.5	9.83333
   5.5	10.8333
   6.5	2.75
   7.5	5.83333
   8.5	5.5
   9.5	9.83333
  10.5	7
  11.5	6.5
  12.5	7.5
  13.5	9
  14.5	6.5
  15.5	4
  16.5	6.5
  17.5	9.5
  18.5	5
  19.5	5
  20.5	5.5
  21.5	5
  22.5	5
  23.5	7.58333
  24.5	1.5
  25.5	3
  26.5	4
  27.5	4
  28.5	3.5
  29.5	2
  30.5	2
  31.5	5
  32.5	2
  33.5	1.5
  34.5	10
  35.5	4
  36.5	3
  37.5	1
  38.5	4.5
  39.5	3.33333
  40.5	7.83333
  41.5	6
  42.5	2
  43.5	3.5
  44.5	2.5
  45.5	4
  46.5	8
  47.5	3
  48.5	5
  49.5	4
  50.5	5
  51.5	4
  52.5	4
  53.5	4.5
  54.5	2.5
  55.5	4
  56.5	1
  57.5	5.83333
  58.5	4.83333
  59.5	3
  60.5	1
  61.5	5
  62.5	2.5
  63.5	3.5
  64.5	2
  65.5	5.5
  66.5	7
  67.5	6
  68.5	3
  69.5	1
  70.5	1
  71.5	3.5
  72.5	2
  73.5	3.5
  74.5	3.83333
  75.5	8
  76.5	2
  77.5	4
  78.5	1.33333
  79.5	5.5
  80.5	5
  81.5	2
  82.5	3
  83.5	1
  84.5	1
  85.5	4
  86.5	2.5
  87.5	1
  88.5	1.5
  89.5	5
  90.5	1.5
  91.5	4
  92.5	5.5
  93.5	5.33333
  94.5	3
  95.5	0
  96.5	4
  97.5	2
  98.5	3
  99.5	1.5
 100.5	5
 101.5	0
 102.5	1
 103.5	2
 104.5	4
 105.5	1.5
 106.5	0.5
 107.5	3.5
 108.5	1.5
 109.5	1
 110.5	0
 111.5	4
 112.5	2
 113.5	5
 114.5	1
 115.5	3
 116.5	1
 117.5	3
 118.5	1
 119.5	1.5
 120.5	3
 121.5	1
 122.5	3
 123.5	3
 124.5	2
 125.5	2
 126.5	2
 127.5	3.5
 128.5	4
 129.5	1
 130.5	2
 131.5	2
 132.5	2
 133.5	3
 134.5	2
 135.5	2
 136.5	2
 137.5	1
 138.5	1
 139.5	3
 140.5	0
 141.5	4
 142.5	4
 143.5	1.5
 144.5	2.5
 145.5	3
 146.5	1.5
 147.5	3.5
 148.5	2
 149.5	0
 150.5	0.333333
 151.5	6
DB 1 MOTIF	34-GGGTAATTRACATK	STREME-34
-148.0	1
-147.0	1
-146.0	0
-145.0	4
-144.0	0
-143.0	1
-142.0	0
-141.0	0
-140.0	2
-139.0	0
-138.0	1
-137.0	1
-136.0	1
-135.0	1
-134.0	0
-133.0	3
-132.0	0
-131.0	1
-130.0	1
-129.0	1
-128.0	3
-127.0	2
-126.0	2
-125.0	0
-124.0	0
-123.0	1
-122.0	1
-121.0	0
-120.0	5
-119.0	0
-118.0	0
-117.0	2
-116.0	1
-115.0	0
-114.0	2
-113.0	1
-112.0	0
-111.0	0
-110.0	0
-109.0	0
-108.0	0
-107.0	2
-106.0	1
-105.0	3
-104.0	3
-103.0	1
-102.0	0
-101.0	1
-100.0	2
 -99.0	3
 -98.0	2
 -97.0	0
 -96.0	1
 -95.0	2
 -94.0	0
 -93.0	2
 -92.0	1
 -91.0	0
 -90.0	1
 -89.0	2
 -88.0	0
 -87.0	0
 -86.0	2
 -85.0	1
 -84.0	1
 -83.0	0
 -82.0	1
 -81.0	4
 -80.0	1
 -79.0	0
 -78.0	2
 -77.0	3
 -76.0	1
 -75.0	0
 -74.0	1
 -73.0	3
 -72.0	1
 -71.0	0
 -70.0	1
 -69.0	0
 -68.0	0
 -67.0	0
 -66.0	5
 -65.0	1
 -64.0	1
 -63.0	0
 -62.0	1
 -61.0	1
 -60.0	0
 -59.0	0
 -58.0	1
 -57.0	0
 -56.0	3
 -55.0	1
 -54.0	2
 -53.0	0
 -52.0	5
 -51.0	3
 -50.0	2
 -49.0	1
 -48.0	0
 -47.0	4
 -46.0	2
 -45.0	1
 -44.0	0
 -43.0	1
 -42.0	2
 -41.0	2
 -40.0	2
 -39.0	3
 -38.0	3
 -37.0	3
 -36.0	1
 -35.0	0
 -34.0	1
 -33.0	2
 -32.0	0
 -31.0	1
 -30.0	2
 -29.0	3
 -28.0	0
 -27.0	1
 -26.0	2
 -25.0	3
 -24.0	2
 -23.0	3
 -22.0	0
 -21.0	0
 -20.0	1
 -19.0	1
 -18.0	2
 -17.0	1
 -16.0	0
 -15.0	1
 -14.0	1
 -13.0	1
 -12.0	2
 -11.0	0
 -10.0	1
  -9.0	2
  -8.0	1
  -7.0	3
  -6.0	0
  -5.0	1
  -4.0	4
  -3.0	1
  -2.0	4
  -1.0	3
   0.0	0
   1.0	5
   2.0	4
   3.0	2
   4.0	3
   5.0	1
   6.0	1
   7.0	5
   8.0	0
   9.0	1
  10.0	4
  11.0	2
  12.0	2
  13.0	1
  14.0	0
  15.0	3
  16.0	2
  17.0	0
  18.0	1
  19.0	1
  20.0	1
  21.0	1
  22.0	1
  23.0	1
  24.0	3
  25.0	0
  26.0	3
  27.0	1
  28.0	1
  29.0	0
  30.0	3
  31.0	4
  32.0	1
  33.0	1
  34.0	5
  35.0	2
  36.0	0
  37.0	0
  38.0	2
  39.0	1
  40.0	0
  41.0	1
  42.0	1
  43.0	1
  44.0	2.33333
  45.0	3
  46.0	1
  47.0	0
  48.0	1
  49.0	0
  50.0	3
  51.0	2
  52.0	1
  53.0	1
  54.0	1
  55.0	2
  56.0	1
  57.0	2
  58.0	0
  59.0	1
  60.0	0
  61.0	2
  62.0	0
  63.0	4
  64.0	1
  65.0	1
  66.0	1
  67.0	1
  68.0	0
  69.0	0
  70.0	0
  71.0	1
  72.0	0
  73.0	1
  74.0	2
  75.0	1
  76.0	0
  77.0	1
  78.0	0
  79.0	1
  80.0	2
  81.0	1
  82.0	0
  83.0	0
  84.0	1
  85.0	0
  86.0	0
  87.0	3
  88.0	2.33333
  89.0	1
  90.0	1
  91.0	0
  92.0	3
  93.0	2
  94.0	0
  95.0	1
  96.0	2
  97.0	1
  98.0	1
  99.0	1
 100.0	2
 101.0	0
 102.0	2
 103.0	2
 104.0	2
 105.0	1
 106.0	2
 107.0	2
 108.0	2
 109.0	1
 110.0	1.33333
 111.0	0
 112.0	1
 113.0	0
 114.0	0
 115.0	0
 116.0	1
 117.0	1
 118.0	1
 119.0	0
 120.0	0
 121.0	0
 122.0	0
 123.0	1
 124.0	2
 125.0	1
 126.0	1
 127.0	2
 128.0	0
 129.0	1
 130.0	0
 131.0	1
 132.0	0
 133.0	1
 134.0	0
 135.0	0
 136.0	2
 137.0	0
 138.0	2
 139.0	1
 140.0	0
 141.0	1
 142.0	0
 143.0	1
 144.0	1
 145.0	0
 146.0	1
 147.0	2
 148.0	1
DB 1 MOTIF	35-ATGACC	STREME-35
-152.0	21.75
-151.0	25.2833
-150.0	14.8667
-149.0	19.0333
-148.0	21.75
-147.0	18.0833
-146.0	15.6667
-145.0	16.5
-144.0	18.0333
-143.0	20.1255
-142.0	24.25
-141.0	21.5
-140.0	18.3667
-139.0	20.8667
-138.0	28.4167
-137.0	25.1667
-136.0	22.4167
-135.0	22.4833
-134.0	12.2
-133.0	13
-132.0	27.5
-131.0	18.2833
-130.0	24.2255
-129.0	20.0833
-128.0	24.1667
-127.0	19.95
-126.0	19.25
-125.0	19.3333
-124.0	18.9
-123.0	18.8333
-122.0	16.6667
-121.0	22.5929
-120.0	14.75
-119.0	19.1833
-118.0	16.1667
-117.0	12.6183
-116.0	18.6667
-115.0	22.9
-114.0	27.5
-113.0	19.0833
-112.0	25.0333
-111.0	26.3333
-110.0	33.5
-109.0	20.7
-108.0	20.6667
-107.0	19.1742
-106.0	20.5667
-105.0	23.3333
-104.0	21.9755
-103.0	20.7
-102.0	27.5833
-101.0	17.5833
-100.0	28.5
 -99.0	22.5
 -98.0	19.3667
 -97.0	32.9167
 -96.0	26.5833
 -95.0	16.8333
 -94.0	27.9167
 -93.0	18.2909
 -92.0	13.3333
 -91.0	26.75
 -90.0	25.8333
 -89.0	25.95
 -88.0	21.1667
 -87.0	22.7
 -86.0	18.0333
 -85.0	22.8333
 -84.0	16.7833
 -83.0	14.75
 -82.0	19.8667
 -81.0	19.3667
 -80.0	21.5667
 -79.0	24.7833
 -78.0	22.0588
 -77.0	21.5076
 -76.0	20.4167
 -75.0	22.0833
 -74.0	23.4167
 -73.0	11.75
 -72.0	24.4
 -71.0	21.7278
 -70.0	18
 -69.0	21.3667
 -68.0	23.85
 -67.0	17.8333
 -66.0	17.0333
 -65.0	31.9755
 -64.0	25.9167
 -63.0	29.6167
 -62.0	22.5
 -61.0	32.2
 -60.0	20.5595
 -59.0	19.6667
 -58.0	16.0667
 -57.0	19.6667
 -56.0	27.9167
 -55.0	22.9167
 -54.0	24.9
 -53.0	23.1667
 -52.0	25.5922
 -51.0	24.2
 -50.0	21.6167
 -49.0	29.5333
 -48.0	22.15
 -47.0	24.95
 -46.0	21.95
 -45.0	21.75
 -44.0	32.4242
 -43.0	24.75
 -42.0	21.8333
 -41.0	28.8333
 -40.0	30.0333
 -39.0	23.5088
 -38.0	23.75
 -37.0	28.25
 -36.0	29.1167
 -35.0	23.4167
 -34.0	31.45
 -33.0	25.9167
 -32.0	23.7833
 -31.0	28.1667
 -30.0	20.7833
 -29.0	33.4167
 -28.0	29.0167
 -27.0	31.7
 -26.0	24.6422
 -25.0	27.9167
 -24.0	23.1167
 -23.0	32.0667
 -22.0	28.6667
 -21.0	33.75
 -20.0	29.8333
 -19.0	25
 -18.0	32.2833
 -17.0	28.0833
 -16.0	17.5833
 -15.0	25.0667
 -14.0	26.2095
 -13.0	23.8922
 -12.0	23.3333
 -11.0	29.6667
 -10.0	31.5278
  -9.0	26.8667
  -8.0	39.6667
  -7.0	30.0595
  -6.0	24.1167
  -5.0	27.25
  -4.0	16.4262
  -3.0	24.4167
  -2.0	28.6576
  -1.0	28.7595
   0.0	32.1429
   1.0	31
   2.0	27.2333
   3.0	30.7833
   4.0	29.2833
   5.0	31.5333
   6.0	34.6944
   7.0	33.1742
   8.0	26.6667
   9.0	28.7833
  10.0	20.75
  11.0	30.1667
  12.0	24.3667
  13.0	34.3088
  14.0	28.1667
  15.0	29.25
  16.0	23.25
  17.0	21.5833
  18.0	21
  19.0	36.25
  20.0	20.7833
  21.0	26.5833
  22.0	22.5076
  23.0	26.5833
  24.0	22.9667
  25.0	29
  26.0	34.1422
  27.0	24.5833
  28.0	29.6667
  29.0	28.8333
  30.0	17.3333
  31.0	29.3333
  32.0	18.5
  33.0	28.5095
  34.0	25.95
  35.0	26.5833
  36.0	23.0833
  37.0	30.4
  38.0	27.1762
  39.0	23.4255
  40.0	21
  41.0	35.0167
  42.0	28.25
  43.0	27.7
  44.0	23.5409
  45.0	26.2
  46.0	32.8333
  47.0	28.3333
  48.0	18.8929
  49.0	25.0333
  50.0	22.65
  51.0	18.65
  52.0	25.535
  53.0	30.95
  54.0	26.7
  55.0	26
  56.0	23.5706
  57.0	28.15
  58.0	23.6167
  59.0	21.0333
  60.0	26.5833
  61.0	30.3333
  62.0	24.6667
  63.0	13.8944
  64.0	16.4167
  65.0	32.7922
  66.0	23.9167
  67.0	25.3333
  68.0	13.8333
  69.0	15
  70.0	26
  71.0	24.9444
  72.0	20.15
  73.0	25.7833
  74.0	25.0333
  75.0	21.7
  76.0	24.4
  77.0	29.5
  78.0	20.75
  79.0	17.5
  80.0	18.6667
  81.0	26.0076
  82.0	16.8167
  83.0	24.3111
  84.0	18.9167
  85.0	13.15
  86.0	21.7
  87.0	19.5833
  88.0	22.1667
  89.0	21.6
  90.0	23.4167
  91.0	19.4167
  92.0	21.3333
  93.0	22.8333
  94.0	16.8333
  95.0	21.8444
  96.0	20.0833
  97.0	25.0833
  98.0	20.25
  99.0	23.7
 100.0	20.6667
 101.0	13.75
 102.0	24.5667
 103.0	27.2833
 104.0	20.0588
 105.0	20.5
 106.0	22.3333
 107.0	10.5833
 108.0	20.6167
 109.0	21.3333
 110.0	18.7833
 111.0	25.8667
 112.0	17.7
 113.0	23.7833
 114.0	24.2076
 115.0	22.5833
 116.0	16.95
 117.0	21.3922
 118.0	14.5333
 119.0	20.9833
 120.0	20
 121.0	15.3167
 122.0	24.2
 123.0	24.4167
 124.0	28.2
 125.0	27.75
 126.0	18.1667
 127.0	19.0333
 128.0	28.8167
 129.0	22.152
 130.0	20.8333
 131.0	15.5333
 132.0	15.1667
 133.0	25.3167
 134.0	19.75
 135.0	18.2
 136.0	16.0833
 137.0	14.6667
 138.0	18.25
 139.0	15.3667
 140.0	17.2929
 141.0	19.2333
 142.0	24.5
 143.0	17.8333
 144.0	24.6667
 145.0	18.0833
 146.0	22.2
 147.0	22.2
 148.0	21.95
 149.0	21.25
 150.0	24.75
 151.0	18.25
 152.0	17.4167
DB 1 MOTIF	38-CAAAGTCC	STREME-38
-151.0	11
-150.0	13
-149.0	17
-148.0	13
-147.0	9
-146.0	2
-145.0	14
-144.0	14.0769
-143.0	15
-142.0	18
-141.0	10
-140.0	13
-139.0	9
-138.0	16.5
-137.0	14.5
-136.0	8
-135.0	5
-134.0	21.6429
-133.0	18.5
-132.0	12.5
-131.0	20.5
-130.0	12
-129.0	16
-128.0	19.5
-127.0	11.0769
-126.0	18.5
-125.0	11
-124.0	13.5
-123.0	9
-122.0	11
-121.0	17
-120.0	14
-119.0	16.5
-118.0	17
-117.0	6.5
-116.0	15.1429
-115.0	22
-114.0	17
-113.0	10
-112.0	19
-111.0	13
-110.0	21
-109.0	17
-108.0	20.5
-107.0	17
-106.0	17
-105.0	12
-104.0	6.07692
-103.0	14
-102.0	16
-101.0	16
-100.0	19
 -99.0	11
 -98.0	18.1429
 -97.0	16
 -96.0	13
 -95.0	11
 -94.0	20
 -93.0	15
 -92.0	16
 -91.0	24.5
 -90.0	9
 -89.0	15
 -88.0	18
 -87.0	13
 -86.0	15
 -85.0	17.5769
 -84.0	20
 -83.0	20.8333
 -82.0	19
 -81.0	22
 -80.0	9.5
 -79.0	18
 -78.0	17
 -77.0	19
 -76.0	20.5
 -75.0	14
 -74.0	13
 -73.0	17
 -72.0	11
 -71.0	13
 -70.0	14.5
 -69.0	17
 -68.0	17
 -67.0	16
 -66.0	14
 -65.0	7
 -64.0	20.5
 -63.0	17
 -62.0	10.5531
 -61.0	17
 -60.0	22
 -59.0	15
 -58.0	19
 -57.0	12
 -56.0	18
 -55.0	23
 -54.0	19
 -53.0	14
 -52.0	16
 -51.0	23
 -50.0	21
 -49.0	13
 -48.0	25
 -47.0	22.5
 -46.0	15
 -45.0	10
 -44.0	24.1429
 -43.0	22.0769
 -42.0	19
 -41.0	17
 -40.0	8
 -39.0	15
 -38.0	18
 -37.0	20.3333
 -36.0	16.8333
 -35.0	13.5
 -34.0	23.5
 -33.0	18
 -32.0	14
 -31.0	21
 -30.0	17.5
 -29.0	24
 -28.0	23
 -27.0	18
 -26.0	14.1429
 -25.0	21.5
 -24.0	24.8333
 -23.0	17.8333
 -22.0	26
 -21.0	16.5
 -20.0	23
 -19.0	24
 -18.0	18.5
 -17.0	16
 -16.0	17.3333
 -15.0	23
 -14.0	21
 -13.0	22
 -12.0	25
 -11.0	17
 -10.0	16
  -9.0	12.8333
  -8.0	22.1429
  -7.0	18
  -6.0	17
  -5.0	19
  -4.0	18.5
  -3.0	20
  -2.0	19
  -1.0	15.5769
   0.0	25.5
   1.0	21
   2.0	18.5
   3.0	21
   4.0	21.5
   5.0	17.5
   6.0	13
   7.0	28
   8.0	14
   9.0	22
  10.0	14
  11.0	19
  12.0	20.5
  13.0	19.5
  14.0	26
  15.0	25
  16.0	18
  17.0	15.0769
  18.0	26.5
  19.0	25.5
  20.0	22.3333
  21.0	25
  22.0	20.5
  23.0	16.5
  24.0	12.5
  25.0	19
  26.0	21.5
  27.0	21.5
  28.0	18
  29.0	19
  30.0	26
  31.0	18
  32.0	20.5
  33.0	26
  34.0	19
  35.0	14.0769
  36.0	18
  37.0	12.5
  38.0	20
  39.0	19.5
  40.0	16
  41.0	21
  42.0	17
  43.0	11
  44.0	12
  45.0	18
  46.0	18.3333
  47.0	23
  48.0	15
  49.0	23.5
  50.0	20
  51.0	15.3333
  52.0	17.5
  53.0	20.5
  54.0	18.5769
  55.0	20.5
  56.0	22
  57.0	12.5
  58.0	15.5
  59.0	11.5
  60.0	14.5
  61.0	18.5
  62.0	21
  63.0	10
  64.0	17.5
  65.0	15
  66.0	11
  67.0	17.5
  68.0	14.5
  69.0	10
  70.0	11
  71.0	17.5
  72.0	12
  73.0	14.5
  74.0	22.5
  75.0	21
  76.0	16
  77.0	9
  78.0	11
  79.0	18
  80.0	18.5
  81.0	6.5
  82.0	17
  83.0	14
  84.0	14.5
  85.0	18
  86.0	15.5
  87.0	13
  88.0	14.5
  89.0	15
  90.0	23.0769
  91.0	12
  92.0	12
  93.0	12
  94.0	13
  95.0	9
  96.0	14
  97.0	11
  98.0	11.5
  99.0	11
 100.0	14
 101.0	11
 102.0	12
 103.0	7
 104.0	15
 105.0	14
 106.0	10
 107.0	17
 108.0	14.5
 109.0	17
 110.0	14
 111.0	16
 112.0	15
 113.0	14.0769
 114.0	11
 115.0	13.5
 116.0	13.3333
 117.0	13
 118.0	17.5
 119.0	16
 120.0	15.5
 121.0	19
 122.0	11
 123.0	15
 124.0	16
 125.0	12
 126.0	10
 127.0	18.5
 128.0	11
 129.0	19.5
 130.0	21
 131.0	8.57692
 132.0	15
 133.0	8
 134.0	16
 135.0	18.5
 136.0	14.5
 137.0	13.5
 138.0	15
 139.0	14
 140.0	16
 141.0	10.5
 142.0	11
 143.0	14
 144.0	7
 145.0	11
 146.0	13
 147.0	6
 148.0	15
 149.0	9.5
 150.0	17
 151.0	17
DB 1 MOTIF	40-CCAAGGACAG	STREME-40
-150.0	10
-149.0	7
-148.0	13
-147.0	13.5
-146.0	14
-145.0	15
-144.0	15
-143.0	18
-142.0	7
-141.0	16
-140.0	10
-139.0	11
-138.0	7
-137.0	11
-136.0	8
-135.0	14
-134.0	6
-133.0	7
-132.0	12
-131.0	11
-130.0	9
-129.0	16
-128.0	7
-127.0	15
-126.0	13
-125.0	9
-124.0	15
-123.0	11
-122.0	8
-121.0	8
-120.0	13
-119.0	9
-118.0	15
-117.0	9
-116.0	16
-115.0	13
-114.0	9
-113.0	17
-112.0	6
-111.0	12
-110.0	17
-109.0	8
-108.0	11
-107.0	5.5
-106.0	12
-105.0	7
-104.0	11
-103.0	10
-102.0	9
-101.0	12
-100.0	9
 -99.0	12
 -98.0	10
 -97.0	12
 -96.0	12
 -95.0	13
 -94.0	13
 -93.0	14.3333
 -92.0	9
 -91.0	7
 -90.0	12
 -89.0	6
 -88.0	12
 -87.0	17
 -86.0	13
 -85.0	14.5
 -84.0	10
 -83.0	10
 -82.0	10
 -81.0	9
 -80.0	18
 -79.0	8
 -78.0	8
 -77.0	14
 -76.0	19
 -75.0	10
 -74.0	12.3333
 -73.0	11
 -72.0	14
 -71.0	7
 -70.0	12
 -69.0	10
 -68.0	16.5
 -67.0	7.5
 -66.0	15
 -65.0	9
 -64.0	8
 -63.0	12
 -62.0	15
 -61.0	13
 -60.0	10
 -59.0	10
 -58.0	15
 -57.0	9
 -56.0	11.5
 -55.0	8
 -54.0	7
 -53.0	7
 -52.0	16
 -51.0	14
 -50.0	12
 -49.0	15
 -48.0	11
 -47.0	8
 -46.0	7
 -45.0	14
 -44.0	9.5
 -43.0	9.5
 -42.0	10
 -41.0	12
 -40.0	8
 -39.0	15.5
 -38.0	16
 -37.0	10
 -36.0	15
 -35.0	15.3333
 -34.0	15
 -33.0	11
 -32.0	14
 -31.0	17
 -30.0	17
 -29.0	8
 -28.0	13
 -27.0	12.5
 -26.0	11.5
 -25.0	12
 -24.0	14
 -23.0	12
 -22.0	12
 -21.0	10
 -20.0	22
 -19.0	17
 -18.0	13
 -17.0	7
 -16.0	12
 -15.0	16
 -14.0	15
 -13.0	20
 -12.0	11
 -11.0	15
 -10.0	14.5
  -9.0	9.33333
  -8.0	10.5
  -7.0	17.3333
  -6.0	14
  -5.0	16
  -4.0	15
  -3.0	12.5
  -2.0	15
  -1.0	16
   0.0	14
   1.0	12
   2.0	16
   3.0	10
   4.0	12
   5.0	14
   6.0	14
   7.0	11.5
   8.0	13
   9.0	14
  10.0	16
  11.0	13
  12.0	14.5
  13.0	15
  14.0	17
  15.0	5
  16.0	8
  17.0	16
  18.0	22
  19.0	15
  20.0	13
  21.0	21.5
  22.0	13
  23.0	13.5
  24.0	13
  25.0	9.5
  26.0	8
  27.0	12
  28.0	15.5
  29.0	14
  30.0	17
  31.0	17
  32.0	12
  33.0	15
  34.0	9
  35.0	12
  36.0	12
  37.0	12
  38.0	10
  39.0	13
  40.0	18.5
  41.0	8
  42.0	14
  43.0	8
  44.0	15
  45.0	10.3333
  46.0	17
  47.0	13
  48.0	13
  49.0	8
  50.0	12
  51.0	12
  52.0	10
  53.0	14
  54.0	12
  55.0	13
  56.0	17
  57.0	11.5
  58.0	9
  59.0	14
  60.0	13
  61.0	11
  62.0	12
  63.0	11
  64.0	12.5
  65.0	11
  66.0	15
  67.0	12
  68.0	16
  69.0	10
  70.0	11
  71.0	7
  72.0	14
  73.0	10
  74.0	5
  75.0	17
  76.0	7
  77.0	14.5
  78.0	11
  79.0	6
  80.0	9
  81.0	13
  82.0	4
  83.0	7
  84.0	16
  85.0	9
  86.0	10
  87.0	12
  88.0	14
  89.0	15
  90.0	8
  91.0	12
  92.0	11
  93.0	15
  94.0	10
  95.0	12
  96.0	10
  97.0	7
  98.0	14
  99.0	6
 100.0	9
 101.0	10
 102.0	16
 103.0	19
 104.0	8
 105.0	9
 106.0	9.5
 107.0	7
 108.0	7
 109.0	15
 110.0	13
 111.0	14
 112.0	9
 113.0	11
 114.0	17
 115.0	16
 116.0	10
 117.0	5
 118.0	10
 119.0	16
 120.0	11
 121.0	9
 122.0	8
 123.0	6
 124.0	12
 125.0	6
 126.0	13
 127.0	12
 128.0	9
 129.0	13
 130.0	4
 131.0	15
 132.0	8
 133.0	9
 134.0	9.5
 135.0	5
 136.0	10
 137.0	13
 138.0	18
 139.0	11
 140.0	8
 141.0	8
 142.0	8
 143.0	4
 144.0	13
 145.0	5
 146.0	13
 147.0	10
 148.0	11
 149.0	7
 150.0	12
DB 1 MOTIF	41-AGGGTCAAGGRM	STREME-41
-149.0	5
-148.0	8
-147.0	10
-146.0	11
-145.0	9
-144.0	14
-143.0	6
-142.0	11
-141.0	6
-140.0	10
-139.0	5
-138.0	9
-137.0	7
-136.0	4
-135.0	9
-134.0	6
-133.0	9
-132.0	3
-131.0	8
-130.0	6
-129.0	9
-128.0	14
-127.0	11
-126.0	8
-125.0	7
-124.0	3
-123.0	3
-122.0	9
-121.0	5
-120.0	9
-119.0	6.5
-118.0	11
-117.0	6
-116.0	6
-115.0	7
-114.0	10
-113.0	11
-112.0	10
-111.0	6
-110.0	6
-109.0	8
-108.0	6
-107.0	11
-106.0	7
-105.0	12
-104.0	10
-103.0	7
-102.0	6
-101.0	9
-100.0	5
 -99.0	10
 -98.0	2
 -97.0	11
 -96.0	4
 -95.0	9
 -94.0	7
 -93.0	13
 -92.0	5
 -91.0	9
 -90.0	3
 -89.0	15
 -88.0	7
 -87.0	6
 -86.0	11
 -85.0	10
 -84.0	6
 -83.0	7
 -82.0	10
 -81.0	5
 -80.0	6
 -79.0	3
 -78.0	8
 -77.0	9
 -76.0	12
 -75.0	11
 -74.0	10
 -73.0	7
 -72.0	8
 -71.0	8
 -70.0	8
 -69.0	4
 -68.0	8
 -67.0	7
 -66.0	9
 -65.0	7
 -64.0	10
 -63.0	9
 -62.0	8
 -61.0	8
 -60.0	8
 -59.0	10
 -58.0	9
 -57.0	7
 -56.0	20
 -55.0	14
 -54.0	15
 -53.0	9
 -52.0	11
 -51.0	12
 -50.0	12
 -49.0	9
 -48.0	9
 -47.0	12
 -46.0	14
 -45.0	5.5
 -44.0	7
 -43.0	12
 -42.0	14
 -41.0	4
 -40.0	8
 -39.0	10
 -38.0	10
 -37.0	10
 -36.0	12
 -35.0	12
 -34.0	13
 -33.0	19
 -32.0	9.5
 -31.0	12
 -30.0	9
 -29.0	10.5
 -28.0	11
 -27.0	12
 -26.0	9
 -25.0	10
 -24.0	10
 -23.0	13
 -22.0	9
 -21.0	9
 -20.0	14
 -19.0	13
 -18.0	12
 -17.0	14
 -16.0	11
 -15.0	17
 -14.0	11
 -13.0	9
 -12.0	10
 -11.0	18.5
 -10.0	7
  -9.0	14
  -8.0	8
  -7.0	9
  -6.0	9
  -5.0	12
  -4.0	9.5
  -3.0	8
  -2.0	14
  -1.0	4
   0.0	10
   1.0	10
   2.0	12
   3.0	9
   4.0	9
   5.0	14
   6.0	13
   7.0	14
   8.0	9
   9.0	8
  10.0	6
  11.0	13
  12.0	14
  13.0	9
  14.0	6
  15.0	12
  16.0	7
  17.0	10
  18.0	9
  19.0	11
  20.0	11
  21.0	5
  22.0	9
  23.0	13
  24.0	10
  25.0	10
  26.0	9
  27.0	7
  28.0	8
  29.0	11
  30.0	13
  31.0	6
  32.0	10
  33.0	9
  34.0	18
  35.0	8
  36.0	12
  37.0	9
  38.0	12
  39.0	10
  40.0	7
  41.0	10
  42.0	9
  43.0	15
  44.0	7
  45.0	12
  46.0	14
  47.0	17
  48.0	7
  49.0	8
  50.0	11
  51.0	8
  52.0	10
  53.0	8
  54.0	11
  55.0	9
  56.0	7
  57.0	15
  58.0	11
  59.0	12
  60.0	4
  61.0	11.5
  62.0	11
  63.0	10
  64.0	9
  65.0	11
  66.0	10
  67.0	8
  68.0	7
  69.0	7
  70.0	7
  71.0	10
  72.0	8
  73.0	7
  74.0	8
  75.0	10
  76.0	11
  77.0	11
  78.0	9
  79.0	10
  80.0	9
  81.0	6
  82.0	10
  83.0	6
  84.0	5
  85.0	7
  86.0	17
  87.0	15
  88.0	4
  89.0	7
  90.0	6
  91.0	8
  92.0	10
  93.0	4
  94.0	8
  95.0	8
  96.0	11
  97.0	8
  98.0	6
  99.0	9
 100.0	7
 101.0	10
 102.0	10
 103.0	8
 104.0	8
 105.0	7
 106.0	9
 107.0	14
 108.0	5
 109.0	11
 110.0	7
 111.0	10
 112.0	15
 113.0	10
 114.0	8
 115.0	6
 116.0	5
 117.0	7
 118.0	9
 119.0	9
 120.0	14
 121.0	7
 122.0	7
 123.0	8
 124.0	8
 125.0	10
 126.0	5
 127.0	11
 128.0	7
 129.0	8
 130.0	11
 131.0	6.5
 132.0	5
 133.0	9
 134.0	9
 135.0	9
 136.0	6
 137.0	10
 138.0	13
 139.0	7
 140.0	8
 141.0	5
 142.0	5
 143.0	10
 144.0	9
 145.0	9
 146.0	10
 147.0	13
 148.0	3
 149.0	5
DB 2 MOTIF	AHR_HUMAN.H11MO.0.B
-150.5	9.5
-149.5	14.5
-148.5	12
-147.5	6
-146.5	11.5
-145.5	12.5
-144.5	6
-143.5	10
-142.5	8
-141.5	15
-140.5	6.5
-139.5	9
-138.5	9
-137.5	10
-136.5	16
-135.5	8
-134.5	15
-133.5	10
-132.5	8
-131.5	3
-130.5	8
-129.5	11.5
-128.5	8
-127.5	14
-126.5	10
-125.5	6
-124.5	6
-123.5	10
-122.5	11
-121.5	7
-120.5	5
-119.5	10
-118.5	14.5
-117.5	8
-116.5	9
-115.5	7
-114.5	6
-113.5	5
-112.5	7
-111.5	12.5
-110.5	11.5
-109.5	6
-108.5	6
-107.5	13
-106.5	18
-105.5	10
-104.5	11
-103.5	16
-102.5	7
-101.5	14.5
-100.5	10
 -99.5	5
 -98.5	8
 -97.5	12
 -96.5	14
 -95.5	11
 -94.5	10.5
 -93.5	9
 -92.5	11
 -91.5	8
 -90.5	12
 -89.5	5
 -88.5	8
 -87.5	8
 -86.5	12
 -85.5	8
 -84.5	10.2
 -83.5	16
 -82.5	10
 -81.5	14.5
 -80.5	11.5
 -79.5	10.5
 -78.5	8.5
 -77.5	10
 -76.5	13
 -75.5	15
 -74.5	15
 -73.5	7
 -72.5	11
 -71.5	6
 -70.5	14
 -69.5	11
 -68.5	14
 -67.5	16
 -66.5	17
 -65.5	10
 -64.5	12.5
 -63.5	17
 -62.5	16
 -61.5	7
 -60.5	5
 -59.5	14
 -58.5	14
 -57.5	10
 -56.5	9.5
 -55.5	11.5
 -54.5	8
 -53.5	9
 -52.5	11
 -51.5	9
 -50.5	13.5
 -49.5	8
 -48.5	11
 -47.5	8
 -46.5	13
 -45.5	14
 -44.5	5
 -43.5	13
 -42.5	7
 -41.5	11
 -40.5	7
 -39.5	13
 -38.5	8
 -37.5	18.5
 -36.5	10.5
 -35.5	17
 -34.5	14.5
 -33.5	13.5
 -32.5	12.5
 -31.5	5.5
 -30.5	17
 -29.5	18
 -28.5	8.5
 -27.5	14.2
 -26.5	13
 -25.5	14
 -24.5	7
 -23.5	9.5
 -22.5	20.5
 -21.5	10.5
 -20.5	12
 -19.5	13
 -18.5	18
 -17.5	14
 -16.5	8.5
 -15.5	14
 -14.5	8
 -13.5	9
 -12.5	11.5
 -11.5	12.5
 -10.5	15
  -9.5	8
  -8.5	11
  -7.5	9
  -6.5	11.5
  -5.5	12.5
  -4.5	7
  -3.5	12
  -2.5	13
  -1.5	8
  -0.5	14
   0.5	13
   1.5	12
   2.5	7
   3.5	19
   4.5	6
   5.5	15
   6.5	13
   7.5	11.5
   8.5	11
   9.5	10
  10.5	12
  11.5	6
  12.5	15
  13.5	13
  14.5	14
  15.5	11.5
  16.5	18.5
  17.5	15
  18.5	15
  19.5	12
  20.5	12
  21.5	11
  22.5	14
  23.5	12
  24.5	9.2
  25.5	8
  26.5	10
  27.5	9
  28.5	9
  29.5	15
  30.5	17.2
  31.5	15
  32.5	15
  33.5	12
  34.5	19
  35.5	13.8333
  36.5	7
  37.5	14.5
  38.5	9.5
  39.5	21.5
  40.5	16
  41.5	13
  42.5	8
  43.5	13
  44.5	9
  45.5	8
  46.5	11
  47.5	10
  48.5	17
  49.5	16
  50.5	8
  51.5	7
  52.5	9
  53.5	7
  54.5	11
  55.5	10
  56.5	9
  57.5	9
  58.5	18
  59.5	14
  60.5	8
  61.5	13
  62.5	19.5
  63.5	9
  64.5	9
  65.5	14
  66.5	7
  67.5	7.5
  68.5	12
  69.5	7
  70.5	9
  71.5	10
  72.5	6
  73.5	12.3333
  74.5	10
  75.5	11
  76.5	12.5
  77.5	9
  78.5	6
  79.5	6
  80.5	8
  81.5	17
  82.5	12
  83.5	8
  84.5	9.5
  85.5	9.33333
  86.5	11
  87.5	5.5
  88.5	13.2
  89.5	8.5
  90.5	6
  91.5	10
  92.5	8
  93.5	11
  94.5	18.5
  95.5	12
  96.5	7
  97.5	9.5
  98.5	5.5
  99.5	13
 100.5	11
 101.5	6
 102.5	14
 103.5	10
 104.5	11
 105.5	10
 106.5	10
 107.5	12
 108.5	10
 109.5	9.5
 110.5	7
 111.5	13
 112.5	12.5
 113.5	10
 114.5	10
 115.5	9
 116.5	10
 117.5	7
 118.5	6.5
 119.5	19
 120.5	13
 121.5	8
 122.5	13
 123.5	12.5
 124.5	5
 125.5	9
 126.5	7
 127.5	16
 128.5	10
 129.5	7
 130.5	12
 131.5	14
 132.5	10
 133.5	11
 134.5	9
 135.5	10
 136.5	4
 137.5	14
 138.5	9
 139.5	8
 140.5	6
 141.5	5
 142.5	13
 143.5	5.5
 144.5	9.5
 145.5	14.5
 146.5	4.5
 147.5	17.5
 148.5	6.5
 149.5	5
 150.5	6
DB 2 MOTIF	ANDR_HUMAN.H11MO.0.A
-146.0	14.2
-145.0	14
-144.0	20
-143.0	12
-142.0	19
-141.0	18.75
-140.0	18.25
-139.0	26.29
-138.0	18.29
-137.0	18.04
-136.0	19.1169
-135.0	15.04
-134.0	14.1169
-133.0	12.04
-132.0	12.1169
-131.0	14.04
-130.0	17.1169
-129.0	18.08
-128.0	23.1569
-127.0	20.08
-126.0	20.1569
-125.0	23.08
-124.0	17.6569
-123.0	17.08
-122.0	23.1569
-121.0	15.08
-120.0	20.1569
-119.0	17.1569
-118.0	15.2338
-117.0	22.1569
-116.0	18.2338
-115.0	17.1569
-114.0	14.1938
-113.0	12.1169
-112.0	17.3605
-111.0	19.2836
-110.0	20.4836
-109.0	21.2836
-108.0	13.2836
-107.0	16.2836
-106.0	19.04
-105.0	13.04
-104.0	27
-103.0	23
-102.0	20
-101.0	14.3333
-100.0	11
 -99.0	20
 -98.0	19
 -97.0	13.5
 -96.0	18.2
 -95.0	22
 -94.0	19
 -93.0	10
 -92.0	8
 -91.0	20
 -90.0	21.5
 -89.0	17
 -88.0	17
 -87.0	19
 -86.0	17
 -85.0	22
 -84.0	20
 -83.0	22
 -82.0	14
 -81.0	19.5
 -80.0	24
 -79.0	24
 -78.0	21
 -77.0	14
 -76.0	16
 -75.0	22.5
 -74.0	24.2
 -73.0	23.5
 -72.0	16
 -71.0	16
 -70.0	26
 -69.0	20
 -68.0	22.5
 -67.0	24
 -66.0	20
 -65.0	21
 -64.0	27
 -63.0	26
 -62.0	17
 -61.0	22
 -60.0	21
 -59.0	19
 -58.0	24
 -57.0	18
 -56.0	17
 -55.0	20
 -54.0	24.2
 -53.0	23
 -52.0	26
 -51.0	23
 -50.0	25
 -49.0	17
 -48.0	17
 -47.0	15
 -46.0	32
 -45.0	28
 -44.0	20
 -43.0	28
 -42.0	25
 -41.0	12
 -40.0	32
 -39.0	27.5
 -38.0	22.2
 -37.0	21
 -36.0	26.5
 -35.0	25.7
 -34.0	26
 -33.0	19
 -32.0	19
 -31.0	25
 -30.0	17.5
 -29.0	20.5
 -28.0	26
 -27.0	20
 -26.0	25
 -25.0	23
 -24.0	31
 -23.0	17.5
 -22.0	25
 -21.0	21
 -20.0	25
 -19.0	36
 -18.0	19
 -17.0	22
 -16.0	24.8333
 -15.0	18
 -14.0	21
 -13.0	25
 -12.0	15
 -11.0	26
 -10.0	28
  -9.0	20
  -8.0	26
  -7.0	22
  -6.0	28
  -5.0	25
  -4.0	21
  -3.0	23
  -2.0	18.2
  -1.0	24
   0.0	17
   1.0	27
   2.0	18
   3.0	20
   4.0	15
   5.0	20
   6.0	21
   7.0	27
   8.0	17
   9.0	20
  10.0	32.5
  11.0	24
  12.0	19
  13.0	27
  14.0	24
  15.0	23
  16.0	29
  17.0	22
  18.0	23.5
  19.0	21
  20.0	30
  21.0	33
  22.0	23
  23.0	19
  24.0	24
  25.0	26
  26.0	26
  27.0	31
  28.0	23
  29.0	21
  30.0	12.5
  31.0	37
  32.0	24
  33.0	21
  34.0	20
  35.0	25
  36.0	23
  37.0	27
  38.0	26
  39.0	16
  40.0	16
  41.0	31
  42.0	27
  43.0	21
  44.0	23
  45.0	26
  46.0	31
  47.0	21.5
  48.0	25.5
  49.0	17
  50.0	20
  51.0	19
  52.0	25
  53.0	26
  54.0	26.5
  55.0	15
  56.0	22
  57.0	21
  58.0	28
  59.0	24.5
  60.0	15
  61.0	26
  62.0	21
  63.0	18
  64.0	18
  65.0	15
  66.0	21
  67.0	16
  68.0	20
  69.0	15.8333
  70.0	21.5
  71.0	16
  72.0	17.1429
  73.0	28.1429
  74.0	14.1429
  75.0	20.2338
  76.0	21.2338
  77.0	16.2338
  78.0	21.2338
  79.0	20.0909
  80.0	6.09091
  81.0	25.0909
  82.0	24.0909
  83.0	18.0909
  84.0	26.0909
  85.0	16.0909
  86.0	15
  87.0	18
  88.0	14
  89.0	18.5
  90.0	24
  91.0	16
  92.0	16
  93.0	22.5
  94.0	21
  95.0	22
  96.0	14
  97.0	23.3333
  98.0	7.53333
  99.0	20.8333
 100.0	23
 101.0	21
 102.0	18
 103.0	19
 104.0	21.5
 105.0	9.5
 106.0	26
 107.0	14
 108.0	13
 109.0	23
 110.0	18
 111.0	14
 112.0	16
 113.0	16
 114.0	16
 115.0	10
 116.0	17
 117.0	10
 118.0	23.5
 119.0	16
 120.0	23
 121.0	17
 122.0	15
 123.0	17
 124.0	13
 125.0	19
 126.0	22
 127.0	16.5
 128.0	18
 129.0	19
 130.0	11.1667
 131.0	21.1667
 132.0	19.1667
 133.0	19.1667
 134.0	17.1667
 135.0	22.1667
 136.0	9
 137.0	25
 138.0	26
 139.0	23.2
 140.0	9.14286
 141.0	9.14286
 142.0	20.6429
 143.0	13.1429
 144.0	23.6429
 145.0	11.1429
 146.0	22.6429
DB 2 MOTIF	ANDR_HUMAN.H11MO.1.A
-147.0	20
-146.0	21.5
-145.0	19
-144.0	14
-143.0	18.5
-142.0	23
-141.0	12
-140.0	15
-139.0	25
-138.0	17
-137.0	24
-136.0	14
-135.0	16
-134.0	17
-133.0	20
-132.0	18
-131.0	13
-130.0	20
-129.0	13
-128.0	23
-127.0	17
-126.0	13
-125.0	20
-124.0	21
-123.0	16
-122.0	20
-121.0	23
-120.0	12
-119.0	14
-118.0	21
-117.0	29
-116.0	16
-115.0	16
-114.0	14
-113.0	18
-112.0	16
-111.0	17
-110.0	22
-109.0	20
-108.0	16
-107.0	20
-106.0	15
-105.0	16
-104.0	26.5
-103.0	22.5
-102.0	16
-101.0	24
-100.0	18
 -99.0	21.5
 -98.0	20
 -97.0	18
 -96.0	15
 -95.0	25
 -94.0	20
 -93.0	25.5
 -92.0	20
 -91.0	16
 -90.0	17.5
 -89.0	19.5
 -88.0	15
 -87.0	19
 -86.0	23
 -85.0	20
 -84.0	18
 -83.0	17
 -82.0	20
 -81.0	21
 -80.0	18
 -79.0	21
 -78.0	15.5
 -77.0	12
 -76.0	24
 -75.0	22
 -74.0	29
 -73.0	28
 -72.0	14
 -71.0	23
 -70.0	21
 -69.0	14
 -68.0	25
 -67.0	25
 -66.0	13
 -65.0	20
 -64.0	25
 -63.0	24
 -62.0	24
 -61.0	22
 -60.0	23.5
 -59.0	23
 -58.0	19
 -57.0	16
 -56.0	17
 -55.0	15
 -54.0	20
 -53.0	22.5
 -52.0	19
 -51.0	26
 -50.0	20
 -49.0	13
 -48.0	18
 -47.0	24
 -46.0	26
 -45.0	14
 -44.0	25.5
 -43.0	19.3333
 -42.0	25
 -41.0	19.5
 -40.0	24
 -39.0	20
 -38.0	12
 -37.0	19
 -36.0	26
 -35.0	23
 -34.0	16.5
 -33.0	20
 -32.0	17
 -31.0	18
 -30.0	21
 -29.0	20
 -28.0	22
 -27.0	23
 -26.0	17
 -25.0	17.5
 -24.0	16
 -23.0	21
 -22.0	29
 -21.0	30
 -20.0	22.5
 -19.0	23.5
 -18.0	21
 -17.0	20
 -16.0	22
 -15.0	24
 -14.0	21
 -13.0	29
 -12.0	24
 -11.0	15
 -10.0	15
  -9.0	16.5
  -8.0	26
  -7.0	15
  -6.0	18
  -5.0	29
  -4.0	24.5
  -3.0	20
  -2.0	18
  -1.0	23
   0.0	19.5
   1.0	28
   2.0	22
   3.0	23
   4.0	16
   5.0	18
   6.0	20
   7.0	25
   8.0	25
   9.0	27
  10.0	22.5
  11.0	19
  12.0	18
  13.0	18
  14.0	23
  15.0	12
  16.0	14
  17.0	19.5
  18.0	18
  19.0	20
  20.0	23
  21.0	17.3333
  22.0	22
  23.0	24
  24.0	23
  25.0	24
  26.0	25
  27.0	30.3333
  28.0	15.5
  29.0	19
  30.0	24
  31.0	26
  32.0	23
  33.0	14
  34.0	13.5
  35.0	18
  36.0	23
  37.0	22
  38.0	22.3333
  39.0	25
  40.0	19
  41.0	27
  42.0	25
  43.0	14
  44.0	27
  45.0	18
  46.0	19
  47.0	28
  48.0	19
  49.0	15
  50.0	16
  51.0	17
  52.0	15
  53.0	23
  54.0	20
  55.0	19.3333
  56.0	17
  57.0	16
  58.0	26
  59.0	17
  60.0	20
  61.0	22
  62.0	19
  63.0	27.5
  64.0	27
  65.0	13
  66.0	20
  67.0	18.5
  68.0	15.5
  69.0	21
  70.0	25
  71.0	22
  72.0	23.5
  73.0	24
  74.0	21.5
  75.0	15
  76.0	20
  77.0	22
  78.0	18
  79.0	13.5
  80.0	22
  81.0	18
  82.0	21
  83.0	21
  84.0	23
  85.0	21
  86.0	20
  87.0	27
  88.0	12
  89.0	25
  90.0	13
  91.0	10
  92.0	12
  93.0	22
  94.0	23
  95.0	17
  96.0	27
  97.0	24.3333
  98.0	21
  99.0	13
 100.0	17
 101.0	15
 102.0	14
 103.0	14
 104.0	16
 105.0	16
 106.0	23
 107.0	19.5
 108.0	16
 109.0	17
 110.0	18.5
 111.0	23
 112.0	23
 113.0	15
 114.0	10
 115.0	21.5
 116.0	18
 117.0	20
 118.0	18
 119.0	19
 120.0	14
 121.0	15.5
 122.0	14
 123.0	19
 124.0	17
 125.0	17
 126.0	22
 127.0	11
 128.0	12
 129.0	23
 130.0	16
 131.0	21
 132.0	19
 133.0	21
 134.0	14.5
 135.0	7.5
 136.0	14
 137.0	11
 138.0	20
 139.0	26
 140.0	12
 141.0	17
 142.0	17
 143.0	18
 144.0	23
 145.0	18
 146.0	22
 147.0	8
DB 2 MOTIF	ARNT_HUMAN.H11MO.0.B
-150.5	8
-149.5	14
-148.5	11
-147.5	16
-146.5	12
-145.5	12
-144.5	18
-143.5	5
-142.5	8
-141.5	15
-140.5	12
-139.5	19
-138.5	15
-137.5	15
-136.5	9
-135.5	18
-134.5	8
-133.5	11.5
-132.5	15
-131.5	15
-130.5	11
-129.5	12
-128.5	17
-127.5	11
-126.5	8
-125.5	13
-124.5	12
-123.5	16
-122.5	14
-121.5	12
-120.5	10
-119.5	8
-118.5	8
-117.5	11
-116.5	7.5
-115.5	7
-114.5	13
-113.5	13
-112.5	9
-111.5	8.5
-110.5	7.5
-109.5	9
-108.5	8
-107.5	11
-106.5	15
-105.5	15
-104.5	14
-103.5	13.25
-102.5	16
-101.5	10
-100.5	17.5
 -99.5	12
 -98.5	10
 -97.5	14
 -96.5	16.5
 -95.5	9
 -94.5	8
 -93.5	14.5
 -92.5	8.5
 -91.5	13
 -90.5	8
 -89.5	17
 -88.5	10.5
 -87.5	6
 -86.5	10
 -85.5	6
 -84.5	10
 -83.5	13
 -82.5	12
 -81.5	14.5
 -80.5	12.5
 -79.5	7
 -78.5	16
 -77.5	9.5
 -76.5	18
 -75.5	19
 -74.5	22
 -73.5	12.5
 -72.5	12
 -71.5	14
 -70.5	8
 -69.5	12
 -68.5	16
 -67.5	16
 -66.5	9.5
 -65.5	11
 -64.5	13
 -63.5	18
 -62.5	18
 -61.5	15.3333
 -60.5	14
 -59.5	19
 -58.5	19.5
 -57.5	12.3333
 -56.5	11.5
 -55.5	12.5
 -54.5	10
 -53.5	18.8333
 -52.5	20
 -51.5	14
 -50.5	11
 -49.5	16.5
 -48.5	11.5
 -47.5	17.5
 -46.5	9.75
 -45.5	8
 -44.5	14
 -43.5	13.5
 -42.5	14
 -41.5	9.5
 -40.5	9.5
 -39.5	17
 -38.5	15
 -37.5	10.5
 -36.5	21
 -35.5	16
 -34.5	21
 -33.5	12.5
 -32.5	15.3333
 -31.5	20
 -30.5	15
 -29.5	21.5
 -28.5	21.5
 -27.5	17
 -26.5	17.5
 -25.5	9.5
 -24.5	14
 -23.5	18
 -22.5	9
 -21.5	11
 -20.5	18
 -19.5	20
 -18.5	14
 -17.5	16
 -16.5	13
 -15.5	13
 -14.5	14
 -13.5	18.5
 -12.5	11.5
 -11.5	12
 -10.5	16
  -9.5	8
  -8.5	12
  -7.5	12
  -6.5	11.5
  -5.5	17.5
  -4.5	19
  -3.5	21.3333
  -2.5	15
  -1.5	18
  -0.5	14
   0.5	14
   1.5	18
   2.5	20
   3.5	8
   4.5	17
   5.5	14
   6.5	15
   7.5	17
   8.5	10
   9.5	13
  10.5	19
  11.5	13.5
  12.5	17.5
  13.5	16.25
  14.5	21
  15.5	17.5
  16.5	16.5
  17.5	12
  18.5	17
  19.5	16
  20.5	16
  21.5	11
  22.5	15
  23.5	11
  24.5	21
  25.5	15.3333
  26.5	20
  27.5	22
  28.5	13
  29.5	16
  30.5	18
  31.5	15
  32.5	14.5
  33.5	11.5
  34.5	15
  35.5	12
  36.5	8
  37.5	18
  38.5	21.5
  39.5	11
  40.5	19.5
  41.5	13
  42.5	13
  43.5	6
  44.5	15
  45.5	13
  46.5	11
  47.5	14
  48.5	13
  49.5	17.5
  50.5	20
  51.5	6
  52.5	13
  53.5	11.5
  54.5	14
  55.5	10.5
  56.5	15
  57.5	13
  58.5	13
  59.5	13
  60.5	14
  61.5	15
  62.5	14
  63.5	7
  64.5	14
  65.5	12.5
  66.5	14
  67.5	13
  68.5	8
  69.5	10.25
  70.5	12
  71.5	11
  72.5	13
  73.5	17
  74.5	12
  75.5	15
  76.5	16
  77.5	7
  78.5	9
  79.5	12
  80.5	11
  81.5	7
  82.5	14
  83.5	8
  84.5	17
  85.5	9
  86.5	14.5
  87.5	13
  88.5	13.5
  89.5	15
  90.5	12
  91.5	15
  92.5	15
  93.5	12
  94.5	9
  95.5	13
  96.5	7
  97.5	16.5
  98.5	12.5
  99.5	9.5
 100.5	17
 101.5	21
 102.5	9
 103.5	12
 104.5	13
 105.5	9
 106.5	9.5
 107.5	13
 108.5	23
 109.5	14.5
 110.5	8
 111.5	16.5
 112.5	13
 113.5	16
 114.5	10
 115.5	10
 116.5	7
 117.5	16
 118.5	10
 119.5	13
 120.5	12.5
 121.5	10
 122.5	11
 123.5	9
 124.5	6.5
 125.5	10
 126.5	9
 127.5	14
 128.5	9
 129.5	8
 130.5	8
 131.5	9
 132.5	10
 133.5	14
 134.5	9.5
 135.5	11.5
 136.5	9
 137.5	12
 138.5	13
 139.5	13
 140.5	9
 141.5	11.5
 142.5	6
 143.5	5.5
 144.5	10.5
 145.5	11
 146.5	11.5
 147.5	10.5
 148.5	12
 149.5	12
 150.5	14
DB 2 MOTIF	ATF1_HUMAN.H11MO.0.B
-149.5	11
-148.5	18
-147.5	19
-146.5	20
-145.5	26.5
-144.5	15.3333
-143.5	11
-142.5	19
-141.5	22
-140.5	24
-139.5	15
-138.5	19
-137.5	12
-136.5	24
-135.5	12
-134.5	15
-133.5	16
-132.5	17
-131.5	13
-130.5	19
-129.5	23.1429
-128.5	15
-127.5	19
-126.5	19
-125.5	19
-124.5	16
-123.5	19
-122.5	17
-121.5	25
-120.5	15
-119.5	19
-118.5	14
-117.5	21
-116.5	18
-115.5	13
-114.5	17.5
-113.5	22
-112.5	21
-111.5	14
-110.5	16
-109.5	9
-108.5	15
-107.5	19
-106.5	18
-105.5	13.5
-104.5	21
-103.5	18.5
-102.5	18
-101.5	17
-100.5	18.6429
 -99.5	26
 -98.5	19
 -97.5	16
 -96.5	21
 -95.5	15.5
 -94.5	14.5
 -93.5	15
 -92.5	18
 -91.5	17
 -90.5	23
 -89.5	17
 -88.5	17
 -87.5	21
 -86.5	16.5
 -85.5	19.5
 -84.5	19
 -83.5	15.5
 -82.5	16
 -81.5	22
 -80.5	20
 -79.5	14
 -78.5	22
 -77.5	21
 -76.5	16
 -75.5	20
 -74.5	21
 -73.5	13
 -72.5	10
 -71.5	18.6429
 -70.5	16
 -69.5	12.5
 -68.5	25
 -67.5	23
 -66.5	18
 -65.5	14
 -64.5	19
 -63.5	15
 -62.5	26
 -61.5	19
 -60.5	19
 -59.5	14
 -58.5	13
 -57.5	19
 -56.5	18
 -55.5	19
 -54.5	12
 -53.5	17
 -52.5	22
 -51.5	23
 -50.5	13
 -49.5	16
 -48.5	24
 -47.5	19
 -46.5	14.5
 -45.5	31
 -44.5	27
 -43.5	14
 -42.5	17.1429
 -41.5	22
 -40.5	23
 -39.5	18
 -38.5	20
 -37.5	22
 -36.5	19
 -35.5	15
 -34.5	22
 -33.5	15
 -32.5	22
 -31.5	9.5
 -30.5	12
 -29.5	20
 -28.5	15
 -27.5	15
 -26.5	21
 -25.5	19
 -24.5	20
 -23.5	20
 -22.5	23
 -21.5	16
 -20.5	17
 -19.5	26.3333
 -18.5	21
 -17.5	19.5
 -16.5	16
 -15.5	21
 -14.5	22
 -13.5	13.6429
 -12.5	21.5
 -11.5	25.5
 -10.5	27
  -9.5	15
  -8.5	18
  -7.5	24
  -6.5	20
  -5.5	15
  -4.5	19
  -3.5	15
  -2.5	16
  -1.5	18
  -0.5	35.3333
   0.5	21
   1.5	22.3333
   2.5	23
   3.5	21
   4.5	18
   5.5	27
   6.5	22
   7.5	21
   8.5	22
   9.5	17
  10.5	31
  11.5	21.5
  12.5	28
  13.5	26
  14.5	23
  15.5	17.1429
  16.5	19.5
  17.5	16
  18.5	22
  19.5	27.5
  20.5	27
  21.5	24
  22.5	22
  23.5	23
  24.5	24
  25.5	13
  26.5	23
  27.5	25
  28.5	23
  29.5	20
  30.5	22.5
  31.5	17
  32.5	27
  33.5	27
  34.5	17
  35.5	20.5
  36.5	17
  37.5	24
  38.5	19
  39.5	24
  40.5	22
  41.5	20
  42.5	20
  43.5	19
  44.5	21.1429
  45.5	16.3333
  46.5	17
  47.5	22
  48.5	11
  49.5	22
  50.5	17
  51.5	20
  52.5	16
  53.5	16
  54.5	25
  55.5	17.5
  56.5	22.3333
  57.5	18
  58.5	20.5
  59.5	20
  60.5	17
  61.5	15
  62.5	29.5
  63.5	12.5
  64.5	29
  65.5	20
  66.5	18
  67.5	14
  68.5	20
  69.5	17
  70.5	16
  71.5	19
  72.5	18
  73.5	19
  74.5	19.8333
  75.5	18
  76.5	22
  77.5	19
  78.5	20
  79.5	20.5
  80.5	12
  81.5	20
  82.5	12
  83.5	25.5
  84.5	16
  85.5	22
  86.5	19
  87.5	21
  88.5	19
  89.5	16
  90.5	17
  91.5	23
  92.5	17
  93.5	21
  94.5	19
  95.5	20
  96.5	19
  97.5	15
  98.5	16
  99.5	20
 100.5	16
 101.5	6
 102.5	20
 103.5	12
 104.5	17
 105.5	20
 106.5	20
 107.5	21.3333
 108.5	15
 109.5	22.5
 110.5	25
 111.5	14
 112.5	15.3333
 113.5	14.5
 114.5	18
 115.5	9.5
 116.5	12
 117.5	12
 118.5	16
 119.5	12
 120.5	20
 121.5	22
 122.5	17
 123.5	18
 124.5	13.5
 125.5	11
 126.5	26
 127.5	19
 128.5	15
 129.5	16
 130.5	13
 131.5	22
 132.5	15
 133.5	19
 134.5	20
 135.5	14
 136.5	23
 137.5	17
 138.5	21
 139.5	12
 140.5	17
 141.5	19
 142.5	17
 143.5	20
 144.5	16
 145.5	14
 146.5	16
 147.5	17
 148.5	12
 149.5	19
DB 2 MOTIF	ATF2_HUMAN.H11MO.0.B
-149.5	22
-148.5	15
-147.5	11
-146.5	26
-145.5	24.3333
-144.5	15
-143.5	18
-142.5	12.25
-141.5	16.5
-140.5	19.1429
-139.5	16
-138.5	17
-137.5	9
-136.5	16
-135.5	19
-134.5	22
-133.5	11.5
-132.5	18.5
-131.5	13
-130.5	10
-129.5	13
-128.5	23.5
-127.5	14.6429
-126.5	14
-125.5	22
-124.5	12
-123.5	10
-122.5	13
-121.5	21
-120.5	22
-119.5	15
-118.5	20
-117.5	16
-116.5	16
-115.5	17
-114.5	18
-113.5	9
-112.5	20
-111.5	11
-110.5	13
-109.5	16
-108.5	14
-107.5	13
-106.5	15
-105.5	22
-104.5	20
-103.5	16.25
-102.5	20
-101.5	26
-100.5	24
 -99.5	21.5
 -98.5	17.5
 -97.5	17
 -96.5	14
 -95.5	23
 -94.5	17
 -93.5	16
 -92.5	17
 -91.5	19
 -90.5	23
 -89.5	17.5
 -88.5	21.5
 -87.5	13
 -86.5	13
 -85.5	17
 -84.5	11
 -83.5	16
 -82.5	17
 -81.5	21
 -80.5	15.5
 -79.5	17
 -78.5	21
 -77.5	15
 -76.5	26.5
 -75.5	16
 -74.5	18
 -73.5	17
 -72.5	10
 -71.5	9
 -70.5	22
 -69.5	18
 -68.5	21
 -67.5	15
 -66.5	20
 -65.5	23
 -64.5	22.0833
 -63.5	18.5
 -62.5	17.1429
 -61.5	21
 -60.5	10
 -59.5	15
 -58.5	17
 -57.5	12
 -56.5	18.5
 -55.5	13
 -54.5	29
 -53.5	18.5
 -52.5	25
 -51.5	20.5
 -50.5	23
 -49.5	18
 -48.5	15
 -47.5	17
 -46.5	12
 -45.5	18
 -44.5	31
 -43.5	17
 -42.5	14
 -41.5	18
 -40.5	17
 -39.5	21
 -38.5	20
 -37.5	19
 -36.5	16
 -35.5	20
 -34.5	20
 -33.5	13
 -32.5	14
 -31.5	29
 -30.5	21
 -29.5	22
 -28.5	19.5
 -27.5	18.5
 -26.5	23
 -25.5	17.25
 -24.5	22
 -23.5	16.1429
 -22.5	21.5
 -21.5	24
 -20.5	16
 -19.5	21
 -18.5	16.3333
 -17.5	17
 -16.5	23
 -15.5	16
 -14.5	18.5
 -13.5	16
 -12.5	18.5
 -11.5	22
 -10.5	11
  -9.5	24
  -8.5	20
  -7.5	20
  -6.5	19
  -5.5	23
  -4.5	18
  -3.5	18.5
  -2.5	22.5
  -1.5	14
  -0.5	17
   0.5	20.3333
   1.5	23
   2.5	21.3333
   3.5	23
   4.5	17
   5.5	18
   6.5	22
   7.5	23
   8.5	19
   9.5	29
  10.5	18
  11.5	38
  12.5	14
  13.5	22
  14.5	16
  15.5	24.5
  16.5	17
  17.5	24
  18.5	20
  19.5	25
  20.5	29
  21.5	18
  22.5	15
  23.5	23.5
  24.5	16.5
  25.5	20
  26.5	20
  27.5	15
  28.5	23
  29.5	27
  30.5	13.5
  31.5	21.5
  32.5	11
  33.5	21
  34.5	15
  35.5	16.5
  36.5	26
  37.5	17
  38.5	27
  39.5	20
  40.5	12
  41.5	14.1429
  42.5	22
  43.5	14
  44.5	16
  45.5	21
  46.5	21.3333
  47.5	19
  48.5	21
  49.5	18
  50.5	14
  51.5	19
  52.5	18
  53.5	21
  54.5	13.1429
  55.5	24.3333
  56.5	15.5
  57.5	26.5
  58.5	14
  59.5	16
  60.5	16.5
  61.5	13.5
  62.5	11
  63.5	28.5
  64.5	19.5
  65.5	20
  66.5	13
  67.5	21
  68.5	16
  69.5	21.3333
  70.5	18
  71.5	21
  72.5	13.5
  73.5	18
  74.5	21
  75.5	16
  76.5	20
  77.5	19.5
  78.5	15
  79.5	11
  80.5	24
  81.5	13
  82.5	16
  83.5	19
  84.5	21
  85.5	13
  86.5	17
  87.5	20
  88.5	20
  89.5	20
  90.5	15
  91.5	15
  92.5	25
  93.5	21
  94.5	15
  95.5	11
  96.5	14
  97.5	19
  98.5	16.5
  99.5	14.5
 100.5	16.5
 101.5	18
 102.5	16
 103.5	19
 104.5	22
 105.5	19
 106.5	13
 107.5	13
 108.5	18.5
 109.5	14
 110.5	15
 111.5	15
 112.5	13
 113.5	17.3333
 114.5	9
 115.5	17
 116.5	17
 117.5	18
 118.5	20
 119.5	19.1429
 120.5	16
 121.5	13
 122.5	20
 123.5	15
 124.5	6
 125.5	18
 126.5	29
 127.5	13
 128.5	14
 129.5	14
 130.5	19
 131.5	15
 132.5	21
 133.5	17.5
 134.5	15
 135.5	11
 136.5	17
 137.5	18
 138.5	17
 139.5	15.5
 140.5	18
 141.5	12
 142.5	11.5
 143.5	16
 144.5	9
 145.5	14
 146.5	14
 147.5	11
 148.5	12
 149.5	11
DB 2 MOTIF	ATF3_HUMAN.H11MO.0.A
-149.5	21.5
-148.5	13
-147.5	6
-146.5	12.5
-145.5	15.3333
-144.5	14
-143.5	15
-142.5	14.5
-141.5	14
-140.5	10
-139.5	17
-138.5	8.5
-137.5	18
-136.5	12
-135.5	23
-134.5	8
-133.5	16
-132.5	14
-131.5	15
-130.5	15.5
-129.5	7
-128.5	25.5
-127.5	12.5
-126.5	12
-125.5	16
-124.5	16
-123.5	11
-122.5	16.5
-121.5	19
-120.5	13
-119.5	12
-118.5	12
-117.5	9.25
-116.5	9
-115.5	21
-114.5	10
-113.5	13
-112.5	17
-111.5	17.5
-110.5	8.5
-109.5	11
-108.5	21
-107.5	11
-106.5	16
-105.5	14
-104.5	16
-103.5	12
-102.5	12
-101.5	16
-100.5	17
 -99.5	22.5
 -98.5	15
 -97.5	13
 -96.5	21
 -95.5	16
 -94.5	12
 -93.5	12
 -92.5	13.5
 -91.5	12
 -90.5	14
 -89.5	11
 -88.5	15
 -87.5	16
 -86.5	13
 -85.5	11.5
 -84.5	5
 -83.5	19
 -82.5	16
 -81.5	14
 -80.5	13
 -79.5	11
 -78.5	12
 -77.5	18
 -76.5	16
 -75.5	16
 -74.5	17
 -73.5	13
 -72.5	15
 -71.5	18
 -70.5	13
 -69.5	13
 -68.5	11
 -67.5	12.5
 -66.5	15.5
 -65.5	17
 -64.5	19.5
 -63.5	14
 -62.5	16
 -61.5	14
 -60.5	11.25
 -59.5	11
 -58.5	15
 -57.5	12
 -56.5	15
 -55.5	19
 -54.5	12
 -53.5	16
 -52.5	20
 -51.5	18
 -50.5	11
 -49.5	20
 -48.5	17
 -47.5	19.5
 -46.5	10
 -45.5	15
 -44.5	21
 -43.5	12.5
 -42.5	17
 -41.5	15
 -40.5	18
 -39.5	18
 -38.5	19
 -37.5	21
 -36.5	17
 -35.5	15
 -34.5	9
 -33.5	21
 -32.5	10
 -31.5	21
 -30.5	14
 -29.5	25
 -28.5	17.5
 -27.5	7
 -26.5	19
 -25.5	23.5
 -24.5	19
 -23.5	14
 -22.5	20
 -21.5	17
 -20.5	13
 -19.5	18
 -18.5	12.8333
 -17.5	19.5
 -16.5	17.5
 -15.5	13
 -14.5	16
 -13.5	22.5
 -12.5	11
 -11.5	17.5
 -10.5	16.5
  -9.5	21
  -8.5	14
  -7.5	20
  -6.5	17
  -5.5	17
  -4.5	12
  -3.5	19.25
  -2.5	13
  -1.5	15
  -0.5	20
   0.5	18.3333
   1.5	16
   2.5	16.5
   3.5	11
   4.5	14
   5.5	16
   6.5	15
   7.5	18.5
   8.5	24.5
   9.5	18
  10.5	19
  11.5	25
  12.5	18.5
  13.5	16.5
  14.5	14
  15.5	20
  16.5	16
  17.5	11.5
  18.5	28
  19.5	17
  20.5	17
  21.5	14.5
  22.5	14
  23.5	12
  24.5	17
  25.5	13.5
  26.5	27
  27.5	19
  28.5	18
  29.5	23
  30.5	8
  31.5	13.5
  32.5	15.5
  33.5	16.5
  34.5	26
  35.5	20
  36.5	13
  37.5	15
  38.5	25
  39.5	20
  40.5	16
  41.5	25
  42.5	13
  43.5	19
  44.5	11
  45.5	12
  46.5	19.3333
  47.5	15
  48.5	20
  49.5	14
  50.5	14
  51.5	12
  52.5	16
  53.5	17
  54.5	13
  55.5	27.8333
  56.5	14
  57.5	20
  58.5	14
  59.5	17
  60.5	13.5
  61.5	16
  62.5	15.5
  63.5	23
  64.5	16
  65.5	18
  66.5	9
  67.5	21
  68.5	15.5
  69.5	14
  70.5	12
  71.5	11
  72.5	10
  73.5	18
  74.5	20
  75.5	13
  76.5	19
  77.5	16
  78.5	11
  79.5	18
  80.5	12
  81.5	8
  82.5	13
  83.5	12
  84.5	20
  85.5	13
  86.5	15
  87.5	20
  88.5	11
  89.5	14
  90.5	12
  91.5	12
  92.5	21
  93.5	11
  94.5	15
  95.5	7
  96.5	16
  97.5	10
  98.5	13
  99.5	12
 100.5	12
 101.5	12
 102.5	9
 103.5	19
 104.5	17
 105.5	12
 106.5	13
 107.5	13
 108.5	17
 109.5	17
 110.5	18.25
 111.5	17.5
 112.5	14
 113.5	21.3333
 114.5	10
 115.5	5
 116.5	12
 117.5	4
 118.5	13
 119.5	16
 120.5	11
 121.5	10
 122.5	16
 123.5	10
 124.5	11
 125.5	16
 126.5	12
 127.5	14
 128.5	23.5
 129.5	10
 130.5	11
 131.5	12
 132.5	22
 133.5	17
 134.5	11
 135.5	20
 136.5	22.5
 137.5	16
 138.5	21
 139.5	15
 140.5	18
 141.5	13.5
 142.5	10.5
 143.5	9
 144.5	13
 145.5	20
 146.5	10.5
 147.5	20.5
 148.5	8
 149.5	14
DB 2 MOTIF	ATF4_HUMAN.H11MO.0.A
-149.0	7
-148.0	2
-147.0	4
-146.0	4
-145.0	4
-144.0	5
-143.0	5
-142.0	7
-141.0	2
-140.0	3
-139.0	1
-138.0	1
-137.0	4
-136.0	7
-135.0	4
-134.0	4
-133.0	5
-132.0	5
-131.0	4
-130.0	2
-129.0	5
-128.0	3
-127.0	3
-126.0	6
-125.0	5
-124.0	5
-123.0	2
-122.0	4
-121.0	7
-120.0	7
-119.0	7
-118.0	3
-117.0	5
-116.0	7
-115.0	7
-114.0	5
-113.0	1
-112.0	6
-111.0	4
-110.0	7
-109.0	8
-108.0	7
-107.0	3
-106.0	7
-105.0	8
-104.0	3
-103.0	5
-102.0	2
-101.0	6
-100.0	3
 -99.0	3
 -98.0	5
 -97.0	4
 -96.0	4
 -95.0	4
 -94.0	3
 -93.0	7
 -92.0	3
 -91.0	5
 -90.0	4
 -89.0	5
 -88.0	8
 -87.0	4
 -86.0	4
 -85.0	4
 -84.0	3
 -83.0	6
 -82.0	4
 -81.0	7
 -80.0	5
 -79.0	6
 -78.0	10
 -77.0	7
 -76.0	6
 -75.0	5
 -74.0	5
 -73.0	3
 -72.0	2
 -71.0	7
 -70.0	2
 -69.0	5
 -68.0	8
 -67.0	6
 -66.0	3
 -65.0	5.5
 -64.0	5
 -63.0	6
 -62.0	5
 -61.0	4.5
 -60.0	4
 -59.0	3
 -58.0	7
 -57.0	9
 -56.0	7
 -55.0	8
 -54.0	6
 -53.0	6
 -52.0	11.5
 -51.0	9
 -50.0	4
 -49.0	4
 -48.0	6
 -47.0	6
 -46.0	8
 -45.0	3
 -44.0	5
 -43.0	3
 -42.0	6
 -41.0	9
 -40.0	8
 -39.0	7
 -38.0	13
 -37.0	11
 -36.0	9
 -35.0	8
 -34.0	9
 -33.0	10
 -32.0	3
 -31.0	8
 -30.0	8
 -29.0	6
 -28.0	5
 -27.0	7
 -26.0	9
 -25.0	11
 -24.0	8
 -23.0	5
 -22.0	7
 -21.0	12
 -20.0	5
 -19.0	9.33333
 -18.0	9
 -17.0	6
 -16.0	11
 -15.0	3
 -14.0	10
 -13.0	14
 -12.0	8
 -11.0	8
 -10.0	1
  -9.0	8
  -8.0	4
  -7.0	13
  -6.0	7
  -5.0	4
  -4.0	7
  -3.0	5
  -2.0	4
  -1.0	6
   0.0	7
   1.0	5
   2.0	4
   3.0	13
   4.0	5
   5.0	6
   6.0	11
   7.0	12
   8.0	7
   9.0	9
  10.0	12
  11.0	14
  12.0	11
  13.0	14
  14.0	9
  15.0	7
  16.0	5
  17.0	7
  18.0	7
  19.0	10
  20.0	5
  21.0	9
  22.0	8
  23.0	8
  24.0	9
  25.0	7
  26.0	7
  27.0	7
  28.0	10
  29.0	7.5
  30.0	7
  31.0	9
  32.0	4
  33.0	4
  34.0	3
  35.0	20
  36.0	5
  37.0	5
  38.0	5
  39.0	6
  40.0	6
  41.0	1
  42.0	8
  43.0	6
  44.0	7
  45.0	3
  46.0	5.33333
  47.0	9
  48.0	5
  49.0	5
  50.0	5
  51.0	10
  52.0	8
  53.0	5
  54.0	6
  55.0	2
  56.0	11
  57.0	8
  58.0	7
  59.0	5
  60.0	1
  61.0	7
  62.0	4
  63.0	8
  64.0	13
  65.0	10
  66.0	6
  67.0	2
  68.0	3
  69.0	8
  70.0	4
  71.0	4
  72.0	2
  73.0	5
  74.0	4
  75.0	8
  76.0	8
  77.0	3
  78.0	2
  79.0	5
  80.0	4
  81.0	7
  82.0	3
  83.0	4
  84.0	6
  85.0	2
  86.0	5
  87.0	6
  88.0	7
  89.0	4
  90.0	5
  91.0	8
  92.0	6
  93.0	7
  94.0	3
  95.0	2
  96.0	7
  97.0	5
  98.0	6
  99.0	7
 100.0	4
 101.0	5
 102.0	3
 103.0	4
 104.0	6
 105.0	8
 106.0	6
 107.0	3
 108.0	6
 109.0	7
 110.0	7
 111.0	5
 112.0	2
 113.0	6.33333
 114.0	8
 115.0	6
 116.0	4
 117.0	4
 118.0	5
 119.0	8
 120.0	6
 121.0	4
 122.0	6
 123.0	5
 124.0	5
 125.0	6
 126.0	7
 127.0	6
 128.0	6
 129.0	10
 130.0	0
 131.0	4
 132.0	1
 133.0	6
 134.0	5
 135.0	4
 136.0	8
 137.0	10
 138.0	9
 139.0	7
 140.0	7
 141.0	6
 142.0	1
 143.0	5
 144.0	4
 145.0	2
 146.0	5
 147.0	6
 148.0	2
 149.0	4
DB 2 MOTIF	BACH2_HUMAN.H11MO.0.A
-149.5	15
-148.5	20
-147.5	19
-146.5	11
-145.5	10.5
-144.5	21
-143.5	21
-142.5	18
-141.5	17
-140.5	17
-139.5	21
-138.5	11
-137.5	10
-136.5	22.5
-135.5	14
-134.5	17
-133.5	12
-132.5	15.5
-131.5	17
-130.5	22
-129.5	11
-128.5	13
-127.5	13.1429
-126.5	16
-125.5	14
-124.5	9
-123.5	17
-122.5	20.25
-121.5	10
-120.5	17
-119.5	8.5
-118.5	15
-117.5	17
-116.5	16
-115.5	14
-114.5	12
-113.5	7
-112.5	17.5
-111.5	22
-110.5	11
-109.5	18
-108.5	13
-107.5	15
-106.5	12
-105.5	10
-104.5	18
-103.5	12
-102.5	8
-101.5	17
-100.5	13
 -99.5	19
 -98.5	19.1429
 -97.5	16
 -96.5	16
 -95.5	15
 -94.5	16
 -93.5	18
 -92.5	18
 -91.5	21
 -90.5	21
 -89.5	12
 -88.5	21.5
 -87.5	16
 -86.5	18
 -85.5	25
 -84.5	18
 -83.5	18
 -82.5	21
 -81.5	25.5
 -80.5	17
 -79.5	12
 -78.5	20
 -77.5	18
 -76.5	22
 -75.5	15
 -74.5	14
 -73.5	17
 -72.5	19
 -71.5	17
 -70.5	19.5
 -69.5	14.1429
 -68.5	14.5
 -67.5	17
 -66.5	19
 -65.5	21
 -64.5	19
 -63.5	15
 -62.5	16
 -61.5	17.3333
 -60.5	20
 -59.5	16
 -58.5	17.3333
 -57.5	20
 -56.5	17.5
 -55.5	23
 -54.5	15
 -53.5	12
 -52.5	26.25
 -51.5	29
 -50.5	14.5
 -49.5	12
 -48.5	20.5
 -47.5	8
 -46.5	14
 -45.5	8
 -44.5	15
 -43.5	19
 -42.5	21
 -41.5	18
 -40.5	21.1429
 -39.5	19
 -38.5	19
 -37.5	23
 -36.5	21.5
 -35.5	16.5
 -34.5	21
 -33.5	14
 -32.5	14
 -31.5	20
 -30.5	18
 -29.5	23
 -28.5	21
 -27.5	19
 -26.5	20
 -25.5	13
 -24.5	18
 -23.5	20.5
 -22.5	16
 -21.5	18
 -20.5	16
 -19.5	29
 -18.5	20
 -17.5	19
 -16.5	25
 -15.5	15
 -14.5	21
 -13.5	23.5
 -12.5	21.5
 -11.5	22.1429
 -10.5	19.3333
  -9.5	21
  -8.5	21
  -7.5	19
  -6.5	20
  -5.5	19
  -4.5	27
  -3.5	16
  -2.5	20
  -1.5	24
  -0.5	15.5
   0.5	24
   1.5	26
   2.5	18
   3.5	20.5
   4.5	23.5
   5.5	19
   6.5	17.5
   7.5	22
   8.5	24
   9.5	10
  10.5	19
  11.5	14
  12.5	18
  13.5	29
  14.5	18
  15.5	20
  16.5	16
  17.5	20.3929
  18.5	22
  19.5	13
  20.5	24.5
  21.5	16.5
  22.5	21
  23.5	26.3333
  24.5	19
  25.5	12
  26.5	19.3333
  27.5	18
  28.5	19
  29.5	18
  30.5	18
  31.5	23
  32.5	28
  33.5	18
  34.5	20
  35.5	20
  36.5	17
  37.5	17
  38.5	20
  39.5	11
  40.5	21
  41.5	25
  42.5	23
  43.5	23
  44.5	18
  45.5	21
  46.5	14.6429
  47.5	13
  48.5	24.5
  49.5	13
  50.5	19
  51.5	20
  52.5	18
  53.5	27.5
  54.5	15
  55.5	20
  56.5	22
  57.5	16
  58.5	10.5
  59.5	15
  60.5	17
  61.5	19
  62.5	10
  63.5	25
  64.5	16
  65.5	11
  66.5	15
  67.5	25
  68.5	16
  69.5	17
  70.5	14
  71.5	24
  72.5	16
  73.5	11.5
  74.5	23
  75.5	16
  76.5	15
  77.5	13
  78.5	17.5
  79.5	13
  80.5	16
  81.5	12.5
  82.5	22
  83.5	16
  84.5	12
  85.5	19
  86.5	19
  87.5	21.75
  88.5	15
  89.5	17
  90.5	14
  91.5	16
  92.5	20
  93.5	9
  94.5	15
  95.5	16
  96.5	12
  97.5	16
  98.5	21
  99.5	17.5
 100.5	16
 101.5	26
 102.5	18
 103.5	21
 104.5	24
 105.5	24
 106.5	13
 107.5	10
 108.5	19
 109.5	15
 110.5	14
 111.5	13.3333
 112.5	22
 113.5	19
 114.5	17
 115.5	14
 116.5	18
 117.5	17
 118.5	15
 119.5	8
 120.5	12
 121.5	24
 122.5	17.5
 123.5	12
 124.5	12
 125.5	18
 126.5	17
 127.5	12
 128.5	18
 129.5	20
 130.5	16
 131.5	13
 132.5	17.5
 133.5	16
 134.5	35
 135.5	9
 136.5	18
 137.5	17
 138.5	16
 139.5	15
 140.5	17
 141.5	22
 142.5	18
 143.5	9
 144.5	25
 145.5	9.5
 146.5	14
 147.5	17.5
 148.5	15
 149.5	12
DB 2 MOTIF	BATF_HUMAN.H11MO.1.A
-149.5	14
-148.5	14.5
-147.5	13
-146.5	12
-145.5	15
-144.5	10
-143.5	15.5
-142.5	17.5
-141.5	22
-140.5	13
-139.5	11
-138.5	10
-137.5	17
-136.5	15
-135.5	26
-134.5	12
-133.5	10
-132.5	18
-131.5	14
-130.5	14
-129.5	16
-128.5	16.1429
-127.5	14.5
-126.5	14
-125.5	9
-124.5	11
-123.5	19
-122.5	18
-121.5	18.5
-120.5	17.5
-119.5	19
-118.5	16
-117.5	8.5
-116.5	16
-115.5	13
-114.5	17
-113.5	21
-112.5	12
-111.5	18
-110.5	11.5
-109.5	12
-108.5	17
-107.5	22
-106.5	13
-105.5	21
-104.5	14
-103.5	15
-102.5	17
-101.5	17
-100.5	19
 -99.5	20.1429
 -98.5	15
 -97.5	25
 -96.5	11
 -95.5	19
 -94.5	11
 -93.5	9
 -92.5	15
 -91.5	17
 -90.5	15
 -89.5	19
 -88.5	20
 -87.5	20
 -86.5	16
 -85.5	18.5
 -84.5	14
 -83.5	18
 -82.5	16.5
 -81.5	23
 -80.5	22
 -79.5	23
 -78.5	16
 -77.5	22
 -76.5	14
 -75.5	11
 -74.5	19
 -73.5	14
 -72.5	20
 -71.5	13
 -70.5	13.1429
 -69.5	14
 -68.5	12.5
 -67.5	15
 -66.5	13
 -65.5	30
 -64.5	12
 -63.5	25
 -62.5	19.3333
 -61.5	16.5
 -60.5	15
 -59.5	16
 -58.5	17
 -57.5	17
 -56.5	14.5
 -55.5	16
 -54.5	24
 -53.5	17
 -52.5	17.5
 -51.5	15.5
 -50.5	19
 -49.5	12
 -48.5	15
 -47.5	23
 -46.5	14
 -45.5	24
 -44.5	22
 -43.5	18
 -42.5	18
 -41.5	17.1429
 -40.5	19.5
 -39.5	18
 -38.5	19.5
 -37.5	18
 -36.5	19.3333
 -35.5	20
 -34.5	16
 -33.5	18
 -32.5	15
 -31.5	9
 -30.5	16
 -29.5	14
 -28.5	11
 -27.5	24.5
 -26.5	15
 -25.5	19
 -24.5	22.3333
 -23.5	19
 -22.5	16
 -21.5	20
 -20.5	16
 -19.5	18
 -18.5	26.3333
 -17.5	21
 -16.5	19
 -15.5	23.5
 -14.5	12
 -13.5	24
 -12.5	24.6429
 -11.5	26.3333
 -10.5	27
  -9.5	20
  -8.5	18
  -7.5	25.5
  -6.5	20
  -5.5	17
  -4.5	19
  -3.5	22
  -2.5	21
  -1.5	21
  -0.5	20
   0.5	15
   1.5	26
   2.5	19
   3.5	21
   4.5	21.3333
   5.5	17
   6.5	17
   7.5	23.5
   8.5	13
   9.5	25
  10.5	21.5
  11.5	25.5
  12.5	19
  13.5	25
  14.5	26
  15.5	19
  16.5	16.1429
  17.5	14
  18.5	15
  19.5	18.5
  20.5	21
  21.5	25
  22.5	16.3333
  23.5	27
  24.5	22.5
  25.5	18
  26.5	18.5
  27.5	26
  28.5	17
  29.5	18.5
  30.5	21
  31.5	19
  32.5	19
  33.5	15.5
  34.5	29
  35.5	26
  36.5	16
  37.5	18
  38.5	18
  39.5	19.5
  40.5	16
  41.5	18
  42.5	23
  43.5	17
  44.5	21
  45.5	9.14286
  46.5	18.3333
  47.5	21
  48.5	19
  49.5	18
  50.5	29
  51.5	18.5
  52.5	20.5
  53.5	19
  54.5	19
  55.5	32
  56.5	14
  57.5	24
  58.5	22
  59.5	16
  60.5	15
  61.5	15
  62.5	13
  63.5	22
  64.5	15
  65.5	14
  66.5	24
  67.5	15
  68.5	19
  69.5	16
  70.5	21
  71.5	12.5
  72.5	14
  73.5	20
  74.5	20
  75.5	20
  76.5	19
  77.5	16
  78.5	14
  79.5	14
  80.5	16.5
  81.5	15
  82.5	20
  83.5	15
  84.5	23.5
  85.5	11
  86.5	18
  87.5	21
  88.5	17
  89.5	17
  90.5	9
  91.5	14
  92.5	14
  93.5	18
  94.5	18
  95.5	16
  96.5	12
  97.5	19
  98.5	13.5
  99.5	17
 100.5	17
 101.5	20
 102.5	22
 103.5	19
 104.5	19
 105.5	10
 106.5	17
 107.5	11
 108.5	19
 109.5	23
 110.5	18
 111.5	16
 112.5	15
 113.5	15.3333
 114.5	19
 115.5	10
 116.5	18
 117.5	17
 118.5	23
 119.5	13
 120.5	15
 121.5	15
 122.5	10
 123.5	12
 124.5	14
 125.5	16
 126.5	18
 127.5	15
 128.5	23
 129.5	17
 130.5	15
 131.5	16
 132.5	10
 133.5	22
 134.5	8.5
 135.5	23
 136.5	11
 137.5	12
 138.5	13
 139.5	22.5
 140.5	26
 141.5	12
 142.5	5
 143.5	18
 144.5	11
 145.5	13
 146.5	18
 147.5	10
 148.5	18
 149.5	11
DB 2 MOTIF	BHE40_HUMAN.H11MO.0.A
-150.0	10.5
-149.0	12
-148.0	19.5
-147.0	11
-146.0	20.25
-145.0	13
-144.0	9
-143.0	10
-142.0	12
-141.0	11
-140.0	6
-139.0	12
-138.0	7
-137.0	13
-136.0	12
-135.0	13
-134.0	14
-133.0	13
-132.0	19
-131.0	8
-130.0	12
-129.0	16
-128.0	11
-127.0	13
-126.0	14
-125.0	16
-124.0	23
-123.0	12
-122.0	18
-121.0	15
-120.0	17
-119.0	12
-118.0	10
-117.0	11
-116.0	17
-115.0	15
-114.0	15
-113.0	11
-112.0	13
-111.0	16
-110.0	15
-109.0	10
-108.0	18.5
-107.0	16.25
-106.0	21
-105.0	12
-104.0	10.5
-103.0	15
-102.0	9
-101.0	15
-100.0	14
 -99.0	11
 -98.0	19
 -97.0	14
 -96.0	15
 -95.0	16
 -94.0	13
 -93.0	16
 -92.0	10
 -91.0	12
 -90.0	11.5
 -89.0	14.5
 -88.0	10.3333
 -87.0	7
 -86.0	11
 -85.0	9.5
 -84.0	12
 -83.0	8
 -82.0	18
 -81.0	9
 -80.0	9
 -79.0	12
 -78.0	19
 -77.0	15
 -76.0	20
 -75.0	12
 -74.0	11
 -73.0	10
 -72.0	12
 -71.0	9
 -70.0	15.5
 -69.0	20
 -68.0	18.25
 -67.0	23
 -66.0	13.3333
 -65.0	10
 -64.0	18
 -63.0	17.5
 -62.0	14.3333
 -61.0	17
 -60.0	12
 -59.0	24.5
 -58.0	17
 -57.0	16
 -56.0	23
 -55.0	15
 -54.0	22
 -53.0	21
 -52.0	12
 -51.0	20
 -50.0	14
 -49.0	20
 -48.0	16
 -47.0	12.5
 -46.0	16
 -45.0	18
 -44.0	21
 -43.0	11
 -42.0	21.3333
 -41.0	19
 -40.0	19
 -39.0	14.8333
 -38.0	15
 -37.0	22
 -36.0	15
 -35.0	15
 -34.0	18
 -33.0	20.5
 -32.0	12.5
 -31.0	21
 -30.0	15
 -29.0	27.25
 -28.0	10.5
 -27.0	10
 -26.0	18.5
 -25.0	12
 -24.0	20
 -23.0	13
 -22.0	19
 -21.0	12.5
 -20.0	17
 -19.0	13
 -18.0	20
 -17.0	18
 -16.0	16
 -15.0	14
 -14.0	13
 -13.0	24
 -12.0	12.3333
 -11.0	15
 -10.0	9.5
  -9.0	10
  -8.0	23
  -7.0	17
  -6.0	15
  -5.0	14
  -4.0	16
  -3.0	12
  -2.0	15
  -1.0	21
   0.0	14
   1.0	13
   2.0	19
   3.0	15
   4.0	11
   5.0	16
   6.0	16
   7.0	17
   8.0	25
   9.0	15
  10.0	14
  11.0	14
  12.0	15
  13.0	10
  14.0	16
  15.0	22
  16.0	17.5
  17.0	11
  18.0	18.5
  19.0	14
  20.0	16
  21.0	15
  22.0	14
  23.0	14.3333
  24.0	22
  25.0	12
  26.0	13
  27.0	16.3333
  28.0	12
  29.0	10
  30.0	11
  31.0	16.5
  32.0	17
  33.0	14
  34.0	11
  35.0	10
  36.0	19
  37.0	14
  38.0	15
  39.0	16
  40.0	16.5
  41.0	21
  42.0	12
  43.0	14
  44.0	23
  45.0	8
  46.0	16
  47.0	17
  48.0	15
  49.0	16
  50.0	14
  51.0	7
  52.0	12
  53.0	18
  54.0	14
  55.0	12
  56.0	9
  57.0	14
  58.0	21.5
  59.0	18
  60.0	20.5
  61.0	16
  62.0	19
  63.0	15
  64.0	11
  65.0	24
  66.0	18
  67.0	7
  68.0	14
  69.0	11
  70.0	17
  71.0	10
  72.0	22
  73.0	10
  74.0	14
  75.0	15
  76.0	9
  77.0	11
  78.0	10
  79.0	15
  80.0	9
  81.0	11
  82.0	13
  83.0	15.5
  84.0	15
  85.0	15.5
  86.0	17
  87.0	16
  88.0	16
  89.0	21.5
  90.0	7
  91.0	14.5
  92.0	21
  93.0	18
  94.0	12
  95.0	12
  96.0	14
  97.0	17
  98.0	13
  99.0	9
 100.0	14
 101.0	9
 102.0	20
 103.0	13
 104.0	11
 105.0	16
 106.0	15
 107.0	12
 108.0	12.3333
 109.0	17
 110.0	18
 111.0	19
 112.0	18
 113.0	12
 114.0	12
 115.0	14
 116.0	13.5
 117.0	9
 118.0	11.5
 119.0	17
 120.0	13
 121.0	15
 122.0	16
 123.0	11
 124.0	17.5
 125.0	15
 126.0	17
 127.0	11
 128.0	6
 129.0	17
 130.0	9
 131.0	14
 132.0	8
 133.0	11
 134.0	14.5
 135.0	12.5
 136.0	16
 137.0	10.5
 138.0	14
 139.0	8
 140.0	17
 141.0	12
 142.0	15
 143.0	10.5
 144.0	13
 145.0	14
 146.0	6
 147.0	15
 148.0	23
 149.0	13
 150.0	12.5
DB 2 MOTIF	BMAL1_HUMAN.H11MO.0.A
-149.5	13
-148.5	17
-147.5	10.5
-146.5	20
-145.5	23
-144.5	13
-143.5	15
-142.5	15.5
-141.5	21
-140.5	14
-139.5	11
-138.5	20
-137.5	14
-136.5	15
-135.5	20
-134.5	12
-133.5	17
-132.5	21
-131.5	25
-130.5	19
-129.5	6
-128.5	23
-127.5	19
-126.5	17
-125.5	20
-124.5	22
-123.5	16
-122.5	20
-121.5	11
-120.5	17
-119.5	17
-118.5	18
-117.5	12
-116.5	15.5
-115.5	12
-114.5	20
-113.5	17
-112.5	14
-111.5	18.5
-110.5	14
-109.5	15
-108.5	21
-107.5	17
-106.5	16
-105.5	26
-104.5	14.5
-103.5	24
-102.5	16
-101.5	12
-100.5	12
 -99.5	17
 -98.5	11
 -97.5	21.5
 -96.5	19
 -95.5	19.5
 -94.5	17.5
 -93.5	15
 -92.5	14.5
 -91.5	15
 -90.5	14.5
 -89.5	8.5
 -88.5	16
 -87.5	12.5
 -86.5	9
 -85.5	11.5
 -84.5	15
 -83.5	12
 -82.5	12
 -81.5	19.3333
 -80.5	14
 -79.5	13
 -78.5	18.5
 -77.5	23
 -76.5	20
 -75.5	22
 -74.5	15.5
 -73.5	13
 -72.5	20
 -71.5	17
 -70.5	12.5
 -69.5	20
 -68.5	12
 -67.5	20.5
 -66.5	15.5
 -65.5	18.3333
 -64.5	17.5
 -63.5	15.5
 -62.5	15.5
 -61.5	14.5
 -60.5	20
 -59.5	24
 -58.5	16
 -57.5	19
 -56.5	22.5
 -55.5	17
 -54.5	20
 -53.5	26
 -52.5	17.5
 -51.5	15
 -50.5	16
 -49.5	16
 -48.5	18
 -47.5	16.5
 -46.5	17.5
 -45.5	23
 -44.5	21
 -43.5	18
 -42.5	22
 -41.5	20.3333
 -40.5	19
 -39.5	18
 -38.5	19
 -37.5	21
 -36.5	28
 -35.5	18
 -34.5	18
 -33.5	18
 -32.5	15.5
 -31.5	24.5
 -30.5	23
 -29.5	23
 -28.5	23
 -27.5	12
 -26.5	15
 -25.5	17.5
 -24.5	24
 -23.5	19
 -22.5	14
 -21.5	25
 -20.5	19
 -19.5	20
 -18.5	15
 -17.5	12
 -16.5	26
 -15.5	15
 -14.5	20
 -13.5	23.5
 -12.5	16.5
 -11.5	18.5
 -10.5	15.5
  -9.5	15
  -8.5	16
  -7.5	23.5
  -6.5	14.5
  -5.5	14
  -4.5	22
  -3.5	20.5
  -2.5	16.5
  -1.5	27
  -0.5	23
   0.5	15
   1.5	16
   2.5	29
   3.5	15.3333
   4.5	16
   5.5	22
   6.5	14
   7.5	28.5
   8.5	20.5
   9.5	18
  10.5	17
  11.5	17
  12.5	12
  13.5	24
  14.5	20
  15.5	23
  16.5	14
  17.5	14.5
  18.5	26
  19.5	17
  20.5	16
  21.5	15
  22.5	15
  23.5	27.5
  24.5	22.5
  25.5	8
  26.5	26.5
  27.5	14.3333
  28.5	18
  29.5	15
  30.5	16.5
  31.5	17.5
  32.5	16.5
  33.5	17.5
  34.5	22
  35.5	17
  36.5	16
  37.5	24.5
  38.5	14.5
  39.5	21
  40.5	19
  41.5	17
  42.5	16
  43.5	17
  44.5	23
  45.5	16
  46.5	19
  47.5	25
  48.5	19
  49.5	17
  50.5	9
  51.5	19
  52.5	17
  53.5	19
  54.5	16
  55.5	12
  56.5	12
  57.5	15
  58.5	20
  59.5	13
  60.5	25.5
  61.5	15
  62.5	14
  63.5	23
  64.5	13
  65.5	17
  66.5	17
  67.5	11
  68.5	17
  69.5	15
  70.5	23
  71.5	16
  72.5	16
  73.5	18
  74.5	17
  75.5	12.5
  76.5	24
  77.5	11
  78.5	14
  79.5	20
  80.5	13
  81.5	7
  82.5	26
  83.5	15
  84.5	27
  85.5	15.5
  86.5	20
  87.5	9
  88.5	22.3333
  89.5	19
  90.5	14
  91.5	14
  92.5	21
  93.5	15
  94.5	13
  95.5	13
  96.5	17
  97.5	16
  98.5	14
  99.5	13.5
 100.5	14
 101.5	18
 102.5	19
 103.5	20
 104.5	21
 105.5	13
 106.5	15
 107.5	16.5
 108.5	14.5
 109.5	26.5
 110.5	15
 111.5	19
 112.5	15
 113.5	27
 114.5	13
 115.5	16.5
 116.5	18
 117.5	15
 118.5	18.5
 119.5	19
 120.5	14
 121.5	20
 122.5	16
 123.5	18
 124.5	14
 125.5	14
 126.5	17
 127.5	9
 128.5	17.5
 129.5	15.5
 130.5	11
 131.5	10
 132.5	23
 133.5	21
 134.5	17.5
 135.5	17
 136.5	19
 137.5	16
 138.5	16
 139.5	18
 140.5	20
 141.5	15
 142.5	15.5
 143.5	15.5
 144.5	19.5
 145.5	9
 146.5	14.5
 147.5	17.5
 148.5	22
 149.5	15
DB 2 MOTIF	BRCA1_HUMAN.H11MO.0.D
-150.5	32.5
-149.5	27
-148.5	20
-147.5	22
-146.5	23
-145.5	20
-144.5	28
-143.5	17.5
-142.5	21
-141.5	18.5
-140.5	19.5
-139.5	20.5
-138.5	15.5
-137.5	24
-136.5	25
-135.5	22
-134.5	17
-133.5	17
-132.5	15.5
-131.5	23
-130.5	17
-129.5	23.3333
-128.5	29
-127.5	27
-126.5	20
-125.5	17
-124.5	20
-123.5	17.2
-122.5	33
-121.5	16
-120.5	21
-119.5	15.5
-118.5	21
-117.5	17
-116.5	17
-115.5	20.5
-114.5	16.5
-113.5	25.3333
-112.5	22
-111.5	18.5
-110.5	12.5
-109.5	24
-108.5	22.5
-107.5	18
-106.5	31
-105.5	20
-104.5	24
-103.5	26.5
-102.5	21
-101.5	17.8333
-100.5	18
 -99.5	27
 -98.5	16
 -97.5	23.5
 -96.5	22.3333
 -95.5	18
 -94.5	25
 -93.5	20.3333
 -92.5	19.5
 -91.5	25.8333
 -90.5	21
 -89.5	25
 -88.5	21.5
 -87.5	19
 -86.5	28
 -85.5	25
 -84.5	15.5
 -83.5	28.5
 -82.5	13
 -81.5	20
 -80.5	24
 -79.5	31
 -78.5	23.5
 -77.5	18
 -76.5	23
 -75.5	23
 -74.5	21.5
 -73.5	23.6667
 -72.5	29
 -71.5	23
 -70.5	24.5
 -69.5	26
 -68.5	28.5
 -67.5	29.5
 -66.5	33.2
 -65.5	25
 -64.5	20.5
 -63.5	25.5
 -62.5	20
 -61.5	30.5
 -60.5	15
 -59.5	29
 -58.5	34
 -57.5	21
 -56.5	24
 -55.5	22
 -54.5	14.5
 -53.5	31
 -52.5	27
 -51.5	40.5
 -50.5	22
 -49.5	31.5
 -48.5	26
 -47.5	26
 -46.5	28.8333
 -45.5	31
 -44.5	26
 -43.5	16
 -42.5	24
 -41.5	23.5
 -40.5	25
 -39.5	23
 -38.5	27
 -37.5	34
 -36.5	24
 -35.5	22.5
 -34.5	23
 -33.5	22.5
 -32.5	22.5
 -31.5	25
 -30.5	18.5
 -29.5	27
 -28.5	24.5
 -27.5	32.5
 -26.5	17
 -25.5	20
 -24.5	30
 -23.5	24
 -22.5	30
 -21.5	16.5
 -20.5	24.3333
 -19.5	33
 -18.5	25
 -17.5	29
 -16.5	27.5
 -15.5	28.3333
 -14.5	30.5
 -13.5	14.5
 -12.5	29
 -11.5	19
 -10.5	26.8333
  -9.5	21.2
  -8.5	33
  -7.5	24.8333
  -6.5	28.5
  -5.5	28
  -4.5	22
  -3.5	27
  -2.5	18
  -1.5	21
  -0.5	28
   0.5	25.5
   1.5	17.5
   2.5	23.5
   3.5	23.5
   4.5	20
   5.5	26.5
   6.5	27
   7.5	21.8333
   8.5	24.25
   9.5	28
  10.5	16
  11.5	21.8333
  12.5	31.5
  13.5	29.25
  14.5	28.5
  15.5	21.5
  16.5	26.5
  17.5	19.5
  18.5	40.75
  19.5	19
  20.5	23.8333
  21.5	34
  22.5	14
  23.5	27.25
  24.5	19
  25.5	25.3333
  26.5	27.5
  27.5	25.5
  28.5	20
  29.5	17
  30.5	28
  31.5	29
  32.5	26.5
  33.5	17
  34.5	27.5
  35.5	25
  36.5	34.5
  37.5	29
  38.5	18.5
  39.5	17
  40.5	27
  41.5	22
  42.5	20.5
  43.5	28
  44.5	23
  45.5	22.5
  46.5	21
  47.5	23.7
  48.5	29
  49.5	20
  50.5	27
  51.5	21.5
  52.5	27
  53.5	34.5
  54.5	27.5
  55.5	30
  56.5	26
  57.5	18.5
  58.5	18.3333
  59.5	25
  60.5	30.5
  61.5	21.5
  62.5	22
  63.5	22.5
  64.5	18
  65.5	30.5
  66.5	26
  67.5	26.5
  68.5	24
  69.5	24.5
  70.5	19.3333
  71.5	21.5
  72.5	17.5
  73.5	26
  74.5	24
  75.5	30
  76.5	29
  77.5	26
  78.5	20
  79.5	23
  80.5	19.5
  81.5	20
  82.5	21
  83.5	23
  84.5	27
  85.5	33
  86.5	10.5
  87.5	26.5
  88.5	28
  89.5	15
  90.5	24
  91.5	14
  92.5	27
  93.5	28.5
  94.5	24
  95.5	19.5
  96.5	27.3333
  97.5	22
  98.5	17
  99.5	20
 100.5	18.25
 101.5	22
 102.5	13
 103.5	23
 104.5	24.2
 105.5	23.25
 106.5	28
 107.5	15
 108.5	19
 109.5	22
 110.5	18.25
 111.5	26
 112.5	19.5
 113.5	18.5
 114.5	17
 115.5	23.75
 116.5	22
 117.5	22
 118.5	13.5
 119.5	18
 120.5	21.5
 121.5	26.5
 122.5	17
 123.5	20
 124.5	22
 125.5	22
 126.5	17
 127.5	37
 128.5	16.5
 129.5	18.5
 130.5	24
 131.5	21
 132.5	22
 133.5	24.5
 134.5	22
 135.5	25
 136.5	24.5
 137.5	27
 138.5	15
 139.5	21
 140.5	16
 141.5	16
 142.5	23
 143.5	18
 144.5	19.5
 145.5	19.8333
 146.5	23
 147.5	17
 148.5	20
 149.5	22
 150.5	19.5
DB 2 MOTIF	CDX2_HUMAN.H11MO.0.A
-149.0	19
-148.0	23
-147.0	14
-146.0	21
-145.0	15
-144.0	15
-143.0	19
-142.0	17
-141.0	16
-140.0	21
-139.0	16
-138.0	16
-137.0	13
-136.0	17
-135.0	18
-134.0	9.5
-133.0	14
-132.0	22
-131.0	18
-130.0	15
-129.0	23
-128.0	23
-127.0	16
-126.0	15
-125.0	16.2
-124.0	19
-123.0	16
-122.0	21
-121.0	18
-120.0	16
-119.0	13
-118.0	14
-117.0	17
-116.0	16
-115.0	23
-114.0	20
-113.0	7
-112.0	14
-111.0	14
-110.0	14
-109.0	14
-108.0	17
-107.0	18
-106.0	20
-105.0	18
-104.0	18
-103.0	19
-102.0	15
-101.0	22
-100.0	16
 -99.0	20
 -98.0	26
 -97.0	18
 -96.0	16
 -95.0	12
 -94.0	13
 -93.0	27
 -92.0	19
 -91.0	21
 -90.0	19
 -89.0	14
 -88.0	23
 -87.0	15
 -86.0	18
 -85.0	20
 -84.0	20
 -83.0	29
 -82.0	15
 -81.0	18
 -80.0	17.5
 -79.0	25
 -78.0	20
 -77.0	17
 -76.0	18
 -75.0	22
 -74.0	21
 -73.0	17
 -72.0	12
 -71.0	25
 -70.0	17
 -69.0	25.5
 -68.0	27.2
 -67.0	9
 -66.0	23
 -65.0	12
 -64.0	18
 -63.0	13.5
 -62.0	16
 -61.0	18
 -60.0	19
 -59.0	12
 -58.0	17.5
 -57.0	10
 -56.0	17.5
 -55.0	12
 -54.0	13
 -53.0	20
 -52.0	17
 -51.0	14
 -50.0	23.5
 -49.0	20
 -48.0	20
 -47.0	18
 -46.0	18
 -45.0	18
 -44.0	27
 -43.0	16
 -42.0	13
 -41.0	19
 -40.0	15
 -39.0	15
 -38.0	24
 -37.0	25
 -36.0	15
 -35.0	19
 -34.0	20
 -33.0	16
 -32.0	22
 -31.0	20
 -30.0	16
 -29.0	17
 -28.0	29.5
 -27.0	18
 -26.0	24
 -25.0	25
 -24.0	25.5
 -23.0	22
 -22.0	11
 -21.0	15
 -20.0	23
 -19.0	18
 -18.0	20
 -17.0	15
 -16.0	24
 -15.0	15.5
 -14.0	21
 -13.0	20
 -12.0	13.5
 -11.0	26.2
 -10.0	17
  -9.0	25
  -8.0	22.5
  -7.0	21
  -6.0	21
  -5.0	27.5
  -4.0	21
  -3.0	17
  -2.0	19
  -1.0	23
   0.0	17
   1.0	25
   2.0	25
   3.0	14
   4.0	20
   5.0	21
   6.0	25
   7.0	22
   8.0	25
   9.0	18
  10.0	25.5
  11.0	19
  12.0	23.5
  13.0	26
  14.0	18
  15.0	22
  16.0	22
  17.0	13
  18.0	19.5
  19.0	19
  20.0	11
  21.0	30
  22.0	22
  23.0	17
  24.0	29
  25.0	24
  26.0	19.5
  27.0	19
  28.0	15
  29.0	26
  30.0	14
  31.0	19
  32.0	23
  33.0	23
  34.0	17
  35.0	18
  36.0	15
  37.0	18
  38.0	28
  39.0	25
  40.0	12
  41.0	16
  42.0	25
  43.0	15
  44.0	26
  45.0	19
  46.0	20.7
  47.0	19
  48.0	23.5
  49.0	23
  50.0	17
  51.0	20
  52.0	21
  53.0	17
  54.0	25
  55.0	15
  56.0	13
  57.0	26
  58.0	19.5
  59.0	24
  60.0	13
  61.0	15
  62.0	16
  63.0	25
  64.0	23
  65.0	29
  66.0	17
  67.0	16
  68.0	24
  69.0	20
  70.0	22
  71.0	14
  72.0	21
  73.0	21
  74.0	22
  75.0	18.5
  76.0	13
  77.0	28
  78.0	15
  79.0	17
  80.0	22
  81.0	11
  82.0	15
  83.0	17
  84.0	20
  85.0	22
  86.0	14
  87.0	20
  88.0	21
  89.0	11
  90.0	18
  91.0	19
  92.0	25
  93.0	22
  94.0	19
  95.0	12
  96.0	25
  97.0	24
  98.0	13
  99.0	17
 100.0	13
 101.0	18
 102.0	14
 103.0	13.2
 104.0	11
 105.0	15
 106.0	21.5
 107.0	16
 108.0	29.5
 109.0	18
 110.0	19
 111.0	15
 112.0	25
 113.0	14
 114.0	18
 115.0	17
 116.0	14
 117.0	7
 118.0	15
 119.0	16
 120.0	23
 121.0	17
 122.0	17
 123.0	24
 124.0	15
 125.0	21
 126.0	28
 127.0	20
 128.0	18
 129.0	22
 130.0	19
 131.0	17
 132.0	12
 133.0	20
 134.0	26
 135.0	18
 136.0	16
 137.0	18
 138.0	21
 139.0	18
 140.0	18
 141.0	11
 142.0	15
 143.0	22
 144.0	16
 145.0	21
 146.0	23
 147.0	16
 148.0	29
 149.0	17.5
DB 2 MOTIF	CEBPA_HUMAN.H11MO.0.A
-149.0	10
-148.0	15
-147.0	7
-146.0	11
-145.0	14
-144.0	5
-143.0	19.5
-142.0	17
-141.0	9
-140.0	7
-139.0	19.3333
-138.0	11
-137.0	10
-136.0	10
-135.0	13
-134.0	14
-133.0	12
-132.0	6
-131.0	6
-130.0	16
-129.0	8
-128.0	11
-127.0	13
-126.0	18
-125.0	11
-124.0	12
-123.0	9
-122.0	15
-121.0	8
-120.0	13
-119.0	14
-118.0	9.5
-117.0	11
-116.0	8
-115.0	14
-114.0	16.3333
-113.0	12
-112.0	13
-111.0	14
-110.0	14
-109.0	16
-108.0	9
-107.0	15
-106.0	11
-105.0	14
-104.0	10
-103.0	7
-102.0	16
-101.0	12.5
-100.0	19
 -99.0	15
 -98.0	16
 -97.0	10
 -96.0	12.5
 -95.0	17
 -94.0	14
 -93.0	12
 -92.0	17
 -91.0	13
 -90.0	10
 -89.0	15
 -88.0	6
 -87.0	19
 -86.0	14
 -85.0	11
 -84.0	14
 -83.0	22
 -82.0	10
 -81.0	12
 -80.0	17.5
 -79.0	12
 -78.0	13
 -77.0	13
 -76.0	6
 -75.0	13
 -74.0	13
 -73.0	16
 -72.0	9.33333
 -71.0	13
 -70.0	14
 -69.0	13
 -68.0	19
 -67.0	13
 -66.0	8
 -65.0	16
 -64.0	21.5
 -63.0	13
 -62.0	9.5
 -61.0	21
 -60.0	8
 -59.0	18.5
 -58.0	13
 -57.0	24
 -56.0	21
 -55.0	21
 -54.0	13
 -53.0	17
 -52.0	21
 -51.0	22.5
 -50.0	12
 -49.0	19
 -48.0	12
 -47.0	24
 -46.0	13
 -45.0	17
 -44.0	11
 -43.0	21
 -42.0	18.5
 -41.0	18
 -40.0	25.5
 -39.0	16
 -38.0	14
 -37.0	17
 -36.0	15
 -35.0	15
 -34.0	19
 -33.0	20
 -32.0	19
 -31.0	12.5
 -30.0	24
 -29.0	21
 -28.0	21
 -27.0	21
 -26.0	28
 -25.0	16
 -24.0	15
 -23.0	14
 -22.0	22
 -21.0	16
 -20.0	25
 -19.0	9
 -18.0	17.3333
 -17.0	21
 -16.0	19.5
 -15.0	26
 -14.0	31.5
 -13.0	21
 -12.0	16.5
 -11.0	18
 -10.0	24
  -9.0	22
  -8.0	18
  -7.0	18
  -6.0	13
  -5.0	17
  -4.0	18
  -3.0	17
  -2.0	17
  -1.0	27
   0.0	25
   1.0	14
   2.0	13
   3.0	23
   4.0	19.5
   5.0	16
   6.0	14
   7.0	29
   8.0	23
   9.0	20
  10.0	24
  11.0	28
  12.0	24
  13.0	20
  14.0	27
  15.0	25
  16.0	24
  17.0	15
  18.0	13
  19.0	24
  20.0	16.5
  21.0	16
  22.0	13.5
  23.0	17
  24.0	22
  25.0	24
  26.0	23
  27.0	19
  28.0	23.5
  29.0	27
  30.0	22.5
  31.0	10.5
  32.0	18.5
  33.0	21
  34.0	23
  35.0	19.5
  36.0	20
  37.0	8
  38.0	13.5
  39.0	22
  40.0	15.5
  41.0	16
  42.0	15.5
  43.0	17
  44.0	14
  45.0	16
  46.0	19
  47.0	19.3333
  48.0	17.5
  49.0	18.5
  50.0	23
  51.0	13
  52.0	16
  53.0	14.5
  54.0	19
  55.0	21
  56.0	14.5
  57.0	20
  58.0	19
  59.0	15
  60.0	15
  61.0	9
  62.0	14
  63.0	8
  64.0	18
  65.0	20
  66.0	28
  67.0	16
  68.0	11
  69.0	16
  70.0	14.5
  71.0	17
  72.0	19
  73.0	13
  74.0	16
  75.0	13
  76.0	16
  77.0	15
  78.0	14.5
  79.0	14
  80.0	13
  81.0	11
  82.0	14
  83.0	16
  84.0	8
  85.0	12
  86.0	12
  87.0	18
  88.0	12.5
  89.0	23
  90.0	15.5
  91.0	15
  92.0	15
  93.0	12
  94.0	9
  95.0	15
  96.0	10
  97.0	13
  98.0	12
  99.0	17
 100.0	15
 101.0	18
 102.0	11
 103.0	13
 104.0	15.5
 105.0	9.5
 106.0	9
 107.0	17
 108.0	10
 109.0	11
 110.0	13
 111.0	7
 112.0	15
 113.0	18
 114.0	8.33333
 115.0	12
 116.0	14
 117.0	10.5
 118.0	10
 119.0	15
 120.0	6
 121.0	13
 122.0	11
 123.0	8
 124.0	11
 125.0	11
 126.0	11
 127.0	12
 128.0	11
 129.0	12
 130.0	20
 131.0	9
 132.0	10
 133.0	17
 134.0	12
 135.0	10
 136.0	17
 137.0	13
 138.0	14
 139.0	17
 140.0	12
 141.0	14
 142.0	17
 143.0	16
 144.0	6
 145.0	11
 146.0	9.5
 147.0	19
 148.0	10
 149.0	11
DB 2 MOTIF	CEBPB_HUMAN.H11MO.0.A
-149.0	7
-148.0	12
-147.0	4
-146.0	8
-145.0	9
-144.0	7.5
-143.0	13
-142.0	14
-141.0	6
-140.0	6
-139.0	13.3333
-138.0	7
-137.0	7
-136.0	5
-135.0	11
-134.0	8
-133.0	9
-132.0	4
-131.0	4
-130.0	12
-129.0	7
-128.0	7
-127.0	5
-126.0	12
-125.0	7
-124.0	6
-123.0	8
-122.0	11
-121.0	9
-120.0	13
-119.0	9
-118.0	7
-117.0	6
-116.0	5
-115.0	10
-114.0	12.3333
-113.0	7
-112.0	14
-111.0	12
-110.0	10
-109.0	14
-108.0	7
-107.0	11
-106.0	13
-105.0	7
-104.0	9
-103.0	4
-102.0	16
-101.0	8
-100.0	18
 -99.0	12
 -98.0	12
 -97.0	6
 -96.0	8
 -95.0	8
 -94.0	7
 -93.0	9
 -92.0	11
 -91.0	10
 -90.0	7.5
 -89.0	11
 -88.0	6
 -87.0	11
 -86.0	11
 -85.0	4
 -84.0	14
 -83.0	17
 -82.0	9
 -81.0	9
 -80.0	13
 -79.0	11
 -78.0	10
 -77.0	10
 -76.0	5
 -75.0	8
 -74.0	12
 -73.0	14
 -72.0	7.33333
 -71.0	9
 -70.0	10
 -69.0	10
 -68.0	15
 -67.0	11
 -66.0	7
 -65.0	13
 -64.0	11.5
 -63.0	8
 -62.0	4.5
 -61.0	12
 -60.0	6
 -59.0	14
 -58.0	8
 -57.0	20
 -56.0	16
 -55.0	13
 -54.0	7
 -53.0	9
 -52.0	16
 -51.0	18.5
 -50.0	7
 -49.0	12
 -48.0	12
 -47.0	22
 -46.0	7
 -45.0	12
 -44.0	7
 -43.0	14
 -42.0	13
 -41.0	12
 -40.0	15
 -39.0	14
 -38.0	7
 -37.0	15
 -36.0	16
 -35.0	13
 -34.0	14
 -33.0	11
 -32.0	15
 -31.0	12
 -30.0	21
 -29.0	19
 -28.0	15
 -27.0	17
 -26.0	19
 -25.0	14
 -24.0	11
 -23.0	11
 -22.0	17
 -21.0	15
 -20.0	21
 -19.0	4
 -18.0	12.3333
 -17.0	15
 -16.0	14
 -15.0	23
 -14.0	24
 -13.0	16
 -12.0	13
 -11.0	11
 -10.0	23
  -9.0	14
  -8.0	14
  -7.0	16
  -6.0	12
  -5.0	13
  -4.0	13
  -3.0	13
  -2.0	17
  -1.0	23.5
   0.0	22
   1.0	14
   2.0	14
   3.0	19
   4.0	16
   5.0	16
   6.0	12
   7.0	26
   8.0	21
   9.0	15
  10.0	22
  11.0	23
  12.0	20
  13.0	17
  14.0	23
  15.0	20
  16.0	16.5
  17.0	12
  18.0	13
  19.0	22
  20.0	14
  21.0	13
  22.0	9
  23.0	14
  24.0	19
  25.0	16
  26.0	15
  27.0	16
  28.0	22.5
  29.0	19
  30.0	21.5
  31.0	9.5
  32.0	12
  33.0	17
  34.0	23
  35.0	15
  36.0	17
  37.0	5
  38.0	9
  39.0	20
  40.0	13.5
  41.0	12
  42.0	7.5
  43.0	16
  44.0	12
  45.0	11
  46.0	14
  47.0	15.3333
  48.0	13.5
  49.0	15
  50.0	17.5
  51.0	11
  52.0	11
  53.0	12.5
  54.0	13
  55.0	14
  56.0	12.5
  57.0	16
  58.0	16.5
  59.0	14
  60.0	15
  61.0	6
  62.0	12
  63.0	5
  64.0	15
  65.0	16
  66.0	22
  67.0	12
  68.0	6
  69.0	12
  70.0	9
  71.0	15
  72.0	12
  73.0	11
  74.0	12
  75.0	10
  76.0	11
  77.0	8.5
  78.0	13.5
  79.0	10
  80.0	11
  81.0	8
  82.0	7
  83.0	11
  84.0	7
  85.0	8
  86.0	9
  87.0	14
  88.0	8
  89.0	21
  90.0	9
  91.0	8
  92.0	14
  93.0	10
  94.0	8
  95.0	9
  96.0	5
  97.0	8
  98.0	12
  99.0	11
 100.0	10
 101.0	13
 102.0	9
 103.0	9
 104.0	11
 105.0	8
 106.0	4
 107.0	12
 108.0	6
 109.0	7
 110.0	6
 111.0	4
 112.0	10
 113.0	11
 114.0	5.33333
 115.0	8
 116.0	12
 117.0	12
 118.0	6
 119.0	7
 120.0	4
 121.0	9
 122.0	5
 123.0	5
 124.0	10
 125.0	5
 126.0	10
 127.0	10
 128.0	8
 129.0	6
 130.0	10
 131.0	4
 132.0	8.5
 133.0	13
 134.0	8
 135.0	7
 136.0	14
 137.0	15
 138.0	6
 139.0	14
 140.0	9
 141.0	9
 142.0	10
 143.0	11
 144.0	4
 145.0	6
 146.0	7
 147.0	11
 148.0	6
 149.0	8
DB 2 MOTIF	CEBPD_HUMAN.H11MO.0.C
-149.5	15
-148.5	21
-147.5	18.125
-146.5	16
-145.5	14
-144.5	20.5
-143.5	23.5
-142.5	27.5
-141.5	14
-140.5	17
-139.5	17.3333
-138.5	23
-137.5	14
-136.5	20
-135.5	21
-134.5	19
-133.5	18
-132.5	20
-131.5	14
-130.5	20
-129.5	16
-128.5	12
-127.5	18
-126.5	22
-125.5	25
-124.5	24
-123.5	17
-122.5	14
-121.5	21
-120.5	20.5
-119.5	19
-118.5	23.125
-117.5	16.5
-116.5	19
-115.5	14
-114.5	20.3333
-113.5	19
-112.5	25
-111.5	16
-110.5	17
-109.5	27
-108.5	25
-107.5	25
-106.5	17
-105.5	21
-104.5	22
-103.5	17
-102.5	21
-101.5	24
-100.5	28.5
 -99.5	23
 -98.5	22.5
 -97.5	13
 -96.5	20
 -95.5	18
 -94.5	17
 -93.5	18
 -92.5	21
 -91.5	19
 -90.5	17
 -89.5	22.125
 -88.5	18
 -87.5	22
 -86.5	18
 -85.5	19
 -84.5	19
 -83.5	18.5
 -82.5	27
 -81.5	19
 -80.5	21
 -79.5	13
 -78.5	20
 -77.5	21
 -76.5	17
 -75.5	18
 -74.5	21
 -73.5	30
 -72.5	22.3333
 -71.5	13
 -70.5	27
 -69.5	16
 -68.5	26
 -67.5	27
 -66.5	23
 -65.5	15
 -64.5	20.5
 -63.5	29
 -62.5	19
 -61.5	22
 -60.5	12.125
 -59.5	25
 -58.5	15.5
 -57.5	29
 -56.5	27
 -55.5	27
 -54.5	23
 -53.5	28
 -52.5	28
 -51.5	24.5
 -50.5	19.5
 -49.5	19
 -48.5	17
 -47.5	26.5
 -46.5	26
 -45.5	22
 -44.5	21
 -43.5	28
 -42.5	32
 -41.5	21
 -40.5	36
 -39.5	24
 -38.5	25
 -37.5	17
 -36.5	26
 -35.5	19
 -34.5	20.5
 -33.5	34
 -32.5	21
 -31.5	28.125
 -30.5	25
 -29.5	21
 -28.5	23
 -27.5	23
 -26.5	26
 -25.5	25
 -24.5	19
 -23.5	25.8333
 -22.5	20
 -21.5	32.5
 -20.5	23
 -19.5	24
 -18.5	25.3333
 -17.5	26
 -16.5	23.5
 -15.5	32
 -14.5	25
 -13.5	38
 -12.5	30
 -11.5	29
 -10.5	24
  -9.5	26
  -8.5	27
  -7.5	30
  -6.5	27
  -5.5	17
  -4.5	28
  -3.5	17
  -2.5	23.125
  -1.5	26
  -0.5	27
   0.5	34
   1.5	24
   2.5	25
   3.5	34.5
   4.5	23
   5.5	22
   6.5	25
   7.5	37
   8.5	22
   9.5	31
  10.5	26
  11.5	42.5
  12.5	20
  13.5	33
  14.5	29
  15.5	31
  16.5	27
  17.5	16
  18.5	31
  19.5	26.5
  20.5	19.5
  21.5	28.5
  22.5	23
  23.5	22
  24.5	28
  25.5	24
  26.5	30.125
  27.5	22
  28.5	31
  29.5	29.5
  30.5	28
  31.5	18
  32.5	27
  33.5	24.5
  34.5	36.8333
  35.5	31
  36.5	16
  37.5	24
  38.5	27
  39.5	27.5
  40.5	20
  41.5	22.5
  42.5	18
  43.5	23
  44.5	13
  45.5	18
  46.5	26.3333
  47.5	24
  48.5	23.5
  49.5	29.5
  50.5	23
  51.5	15
  52.5	16.5
  53.5	28.5
  54.5	27.5
  55.5	29.625
  56.5	27
  57.5	22
  58.5	21
  59.5	30
  60.5	19
  61.5	18
  62.5	14
  63.5	25
  64.5	27
  65.5	26
  66.5	23
  67.5	21
  68.5	15
  69.5	19
  70.5	18
  71.5	29
  72.5	14
  73.5	16
  74.5	25
  75.5	25
  76.5	15
  77.5	18
  78.5	26.5
  79.5	21
  80.5	16
  81.5	19
  82.5	18
  83.5	21
  84.5	20
  85.5	22
  86.5	19
  87.5	28
  88.5	21
  89.5	24
  90.5	14.5
  91.5	16
  92.5	23.3333
  93.5	24
  94.5	15.5
  95.5	22
  96.5	22
  97.5	15.5
  98.5	26
  99.5	23
 100.5	24
 101.5	20
 102.5	13
 103.5	18
 104.5	25.5
 105.5	17.5
 106.5	18.5
 107.5	18.5
 108.5	27
 109.5	16
 110.5	23.5
 111.5	10
 112.5	15
 113.5	15.3333
 114.5	18
 115.5	16.5
 116.5	19
 117.5	12
 118.5	22
 119.5	14
 120.5	17
 121.5	19
 122.5	18
 123.5	17
 124.5	14
 125.5	11
 126.5	22
 127.5	19
 128.5	21.5
 129.5	24
 130.5	21
 131.5	19
 132.5	21
 133.5	30
 134.5	16
 135.5	23.5
 136.5	26
 137.5	24
 138.5	25
 139.5	26
 140.5	22.5
 141.5	16
 142.5	14
 143.5	19
 144.5	16
 145.5	22
 146.5	24
 147.5	22
 148.5	14
 149.5	27
DB 2 MOTIF	CEBPE_HUMAN.H11MO.0.A
-149.0	10
-148.0	15
-147.0	16
-146.0	19
-145.0	21
-144.0	21
-143.0	17
-142.0	14
-141.0	21
-140.0	23
-139.0	13
-138.0	23
-137.0	21
-136.0	19
-135.0	18
-134.0	17
-133.0	16
-132.0	28
-131.0	17
-130.0	12
-129.0	11.5
-128.0	14
-127.0	18
-126.0	15
-125.0	17
-124.0	18
-123.0	7
-122.0	21
-121.0	26
-120.0	20
-119.0	14
-118.0	23
-117.0	18
-116.0	15
-115.0	25
-114.0	12
-113.0	11
-112.0	29
-111.0	14
-110.0	16
-109.0	8
-108.0	12
-107.0	17
-106.0	25
-105.0	20
-104.0	19
-103.0	15
-102.0	11
-101.0	12.5
-100.0	19
 -99.0	18.8333
 -98.0	29
 -97.0	22.5
 -96.0	16
 -95.0	16
 -94.0	12
 -93.0	14
 -92.0	11
 -91.0	18
 -90.0	19
 -89.0	22
 -88.0	14
 -87.0	13
 -86.0	16
 -85.0	23
 -84.0	14
 -83.0	19
 -82.0	23
 -81.0	23
 -80.0	14
 -79.0	18
 -78.0	24
 -77.0	17.5
 -76.0	17
 -75.0	9
 -74.0	9
 -73.0	15
 -72.0	13
 -71.0	19
 -70.0	13
 -69.0	16
 -68.0	22
 -67.0	18
 -66.0	14
 -65.0	18.5
 -64.0	11
 -63.0	28
 -62.0	11
 -61.0	12
 -60.0	17
 -59.0	19
 -58.0	17
 -57.0	20
 -56.0	15
 -55.0	17
 -54.0	29.5
 -53.0	19
 -52.0	13
 -51.0	17
 -50.0	11
 -49.0	38.5
 -48.0	16
 -47.0	16
 -46.0	21
 -45.0	24
 -44.0	7
 -43.0	19
 -42.0	22
 -41.0	20
 -40.0	15
 -39.0	16
 -38.0	28
 -37.0	16
 -36.0	26
 -35.0	25
 -34.0	17
 -33.0	13
 -32.0	12
 -31.0	27
 -30.0	22
 -29.0	26
 -28.0	27
 -27.0	17.5
 -26.0	16
 -25.0	11.8333
 -24.0	26
 -23.0	20
 -22.0	18
 -21.0	22
 -20.0	25
 -19.0	13
 -18.0	19
 -17.0	17
 -16.0	30.5
 -15.0	21
 -14.0	20
 -13.0	22
 -12.0	23
 -11.0	28.3333
 -10.0	20
  -9.0	18
  -8.0	23
  -7.0	25
  -6.0	16
  -5.0	22
  -4.0	21
  -3.0	21
  -2.0	28
  -1.0	23
   0.0	25.5
   1.0	22.5
   2.0	21
   3.0	24
   4.0	19.5
   5.0	22
   6.0	27
   7.0	19
   8.0	30
   9.0	26
  10.0	22
  11.0	20
  12.0	17
  13.0	24
  14.0	21
  15.0	11.5
  16.0	26
  17.0	26.3333
  18.0	15
  19.0	23
  20.0	18
  21.0	21
  22.0	24.3333
  23.0	20
  24.0	21
  25.0	23
  26.0	24.5
  27.0	24
  28.0	28
  29.0	14
  30.0	20
  31.0	15
  32.0	31.5
  33.0	14
  34.0	29
  35.0	27
  36.0	19
  37.0	28
  38.0	20
  39.0	15
  40.0	21.5
  41.0	19
  42.0	17
  43.0	21
  44.0	23
  45.0	30.3333
  46.0	12
  47.0	30
  48.0	20
  49.0	12
  50.0	21
  51.0	13
  52.0	20
  53.0	21
  54.0	11.5
  55.0	21.3333
  56.0	18
  57.0	16
  58.0	20
  59.0	17
  60.0	19
  61.0	14
  62.0	21.5
  63.0	18
  64.0	16
  65.0	18
  66.0	19
  67.0	24
  68.0	18
  69.0	19.5
  70.0	17
  71.0	17
  72.0	14
  73.0	21
  74.0	16
  75.0	12
  76.0	19
  77.0	29
  78.0	14
  79.0	18
  80.0	19.5
  81.0	19
  82.0	10
  83.0	22
  84.0	11
  85.0	14
  86.0	16
  87.0	12
  88.0	16
  89.0	14
  90.0	14
  91.0	20
  92.0	18
  93.0	21
  94.0	16
  95.0	20
  96.0	22
  97.0	11
  98.0	14
  99.0	19
 100.0	19
 101.0	17
 102.0	24
 103.0	17
 104.0	14
 105.0	18
 106.0	17
 107.0	21.5
 108.0	18
 109.0	17
 110.0	19
 111.0	17
 112.0	8
 113.0	18
 114.0	25
 115.0	10.3333
 116.0	18.5
 117.0	20
 118.0	12
 119.0	16
 120.0	11
 121.0	15
 122.0	11
 123.0	12
 124.0	16
 125.0	20
 126.0	16
 127.0	17
 128.0	14
 129.0	15
 130.0	21
 131.0	18
 132.0	16
 133.0	23
 134.0	13
 135.0	18.3333
 136.0	20
 137.0	15
 138.0	14
 139.0	14
 140.0	22
 141.0	23
 142.0	19
 143.0	20
 144.0	19
 145.0	20
 146.0	8
 147.0	11
 148.0	19
 149.0	17
DB 2 MOTIF	CEBPG_HUMAN.H11MO.0.B
-149.0	13
-148.0	6
-147.0	8
-146.0	5.5
-145.0	5
-144.0	10
-143.0	7
-142.0	10
-141.0	6.5
-140.0	10
-139.0	7
-138.0	5
-137.0	6
-136.0	8
-135.0	8
-134.0	7
-133.0	12
-132.0	7
-131.0	8
-130.0	4
-129.0	8
-128.0	8
-127.0	11
-126.0	9
-125.0	9
-124.0	7
-123.0	6
-122.0	6
-121.0	20
-120.0	15
-119.0	14
-118.0	9
-117.0	12
-116.0	12
-115.0	12.5
-114.0	6
-113.0	9
-112.0	6
-111.0	6
-110.0	11
-109.0	12
-108.0	15
-107.0	5
-106.0	11
-105.0	15
-104.0	8
-103.0	9
-102.0	6
-101.0	11
-100.0	17.5
 -99.0	7
 -98.0	5.5
 -97.0	6
 -96.0	10
 -95.0	8
 -94.0	9
 -93.0	12
 -92.0	13
 -91.0	10
 -90.0	10
 -89.0	8
 -88.0	15
 -87.0	12
 -86.0	8
 -85.0	12
 -84.0	7
 -83.0	9
 -82.0	9
 -81.0	13
 -80.0	10
 -79.0	13
 -78.0	14
 -77.0	10
 -76.0	9
 -75.0	11
 -74.0	14
 -73.0	11
 -72.0	10
 -71.0	9
 -70.0	9
 -69.0	8
 -68.0	15
 -67.0	15
 -66.0	11
 -65.0	12.5
 -64.0	9
 -63.0	11
 -62.0	11
 -61.0	9.5
 -60.0	8
 -59.0	9
 -58.0	10
 -57.0	8
 -56.0	10
 -55.0	14
 -54.0	15.5
 -53.0	14
 -52.0	16.5
 -51.0	18
 -50.0	14
 -49.0	6
 -48.0	9
 -47.0	10
 -46.0	9
 -45.0	12
 -44.0	12
 -43.0	6
 -42.0	12
 -41.0	13
 -40.0	9
 -39.0	10
 -38.0	17
 -37.0	14
 -36.0	13
 -35.0	9
 -34.0	17
 -33.0	19
 -32.0	5
 -31.0	15
 -30.0	17
 -29.0	14
 -28.0	16
 -27.0	11
 -26.0	18
 -25.0	15
 -24.0	11
 -23.0	9
 -22.0	14
 -21.0	18
 -20.0	11
 -19.0	17.3333
 -18.0	8
 -17.0	9
 -16.0	21
 -15.0	11
 -14.0	11
 -13.0	20
 -12.0	18
 -11.0	20.5
 -10.0	7
  -9.0	15
  -8.0	8
  -7.0	18
  -6.0	11
  -5.0	9
  -4.0	14
  -3.0	7
  -2.0	15.5
  -1.0	12
   0.0	18
   1.0	14
   2.0	12
   3.0	18
   4.0	9
   5.0	14
   6.0	16
   7.0	14
   8.0	16
   9.0	16
  10.0	22
  11.0	25
  12.0	20
  13.0	18
  14.0	12
  15.0	14.5
  16.0	10
  17.0	12
  18.0	14
  19.0	12.5
  20.0	14
  21.0	15
  22.0	12
  23.0	17
  24.0	15
  25.0	15
  26.0	11
  27.0	9
  28.0	15
  29.0	11.5
  30.0	15
  31.0	16
  32.0	8
  33.0	12
  34.0	7
  35.0	24
  36.0	12
  37.0	10
  38.0	13
  39.0	15.5
  40.0	9
  41.0	7.5
  42.0	15
  43.0	11
  44.0	9
  45.0	11
  46.0	10.3333
  47.0	14
  48.0	14
  49.0	9
  50.0	9
  51.0	21
  52.0	13
  53.0	11
  54.0	11
  55.0	6.5
  56.0	13
  57.0	10
  58.0	9
  59.0	9
  60.0	7
  61.0	21
  62.0	9
  63.0	17
  64.0	19
  65.0	19
  66.0	18
  67.0	6
  68.0	6
  69.0	15
  70.0	7
  71.0	10
  72.0	5
  73.0	9
  74.0	8
  75.0	11
  76.0	11
  77.0	8
  78.0	3
  79.0	8
  80.0	7
  81.0	9
  82.0	5
  83.0	7
  84.0	12
  85.0	7
  86.0	9
  87.0	11
  88.0	15
  89.0	11
  90.0	9
  91.0	12
  92.0	16
  93.0	12
  94.0	14
  95.0	6
  96.0	10
  97.0	9
  98.0	9
  99.0	14
 100.0	6
 101.0	5
 102.0	3
 103.0	7
 104.0	9
 105.0	16
 106.0	11
 107.0	3
 108.0	7
 109.0	11
 110.0	8
 111.0	9
 112.0	9
 113.0	8.33333
 114.0	11
 115.0	10
 116.0	9
 117.0	6
 118.0	9
 119.0	12
 120.0	7
 121.0	10
 122.0	10
 123.0	10
 124.0	6
 125.0	7
 126.0	13
 127.0	12
 128.0	10
 129.0	11
 130.0	3
 131.0	7
 132.0	5
 133.0	11
 134.0	9
 135.0	8
 136.0	13
 137.0	15
 138.0	14
 139.0	11
 140.0	15
 141.0	11
 142.0	4
 143.0	7
 144.0	8
 145.0	4
 146.0	10.5
 147.0	11
 148.0	7
 149.0	7
DB 2 MOTIF	CEBPZ_HUMAN.H11MO.0.D
-149.5	3
-148.5	3
-147.5	1
-146.5	3
-145.5	4
-144.5	3
-143.5	0.5
-142.5	7
-141.5	7
-140.5	3
-139.5	4
-138.5	2.2
-137.5	2
-136.5	2
-135.5	2
-134.5	3
-133.5	6
-132.5	5
-131.5	2
-130.5	2
-129.5	2
-128.5	2
-127.5	7
-126.5	5
-125.5	5
-124.5	3
-123.5	2
-122.5	2
-121.5	6
-120.5	8.2
-119.5	1.5
-118.5	2
-117.5	2
-116.5	6
-115.5	6
-114.5	5
-113.5	4
-112.5	4
-111.5	1
-110.5	10
-109.5	9
-108.5	2
-107.5	5
-106.5	5
-105.5	7
-104.5	4
-103.5	3
-102.5	3
-101.5	9
-100.5	7
 -99.5	3
 -98.5	4
 -97.5	6
 -96.5	7
 -95.5	3
 -94.5	8
 -93.5	5
 -92.5	5
 -91.5	4
 -90.5	8
 -89.5	7
 -88.5	1
 -87.5	3
 -86.5	3
 -85.5	5
 -84.5	3.2
 -83.5	5
 -82.5	2
 -81.5	11
 -80.5	2
 -79.5	2
 -78.5	6
 -77.5	4
 -76.5	3
 -75.5	5
 -74.5	4
 -73.5	4
 -72.5	3
 -71.5	7
 -70.5	4
 -69.5	4
 -68.5	5
 -67.5	8
 -66.5	8.2
 -65.5	7
 -64.5	4
 -63.5	3
 -62.5	4
 -61.5	3
 -60.5	3
 -59.5	1
 -58.5	5
 -57.5	1
 -56.5	2
 -55.5	3
 -54.5	3
 -53.5	4
 -52.5	5
 -51.5	1
 -50.5	7
 -49.5	4
 -48.5	5
 -47.5	2
 -46.5	3
 -45.5	4
 -44.5	6
 -43.5	0
 -42.5	3
 -41.5	2
 -40.5	1
 -39.5	6
 -38.5	3
 -37.5	6
 -36.5	6
 -35.5	4
 -34.5	7
 -33.5	2
 -32.5	4
 -31.5	6
 -30.5	3.2
 -29.5	1
 -28.5	4
 -27.5	4
 -26.5	10
 -25.5	5
 -24.5	7
 -23.5	7
 -22.5	4
 -21.5	5
 -20.5	8
 -19.5	7
 -18.5	7
 -17.5	11
 -16.5	7
 -15.5	4
 -14.5	4
 -13.5	3.5
 -12.5	4
 -11.5	5
 -10.5	5
  -9.5	8
  -8.5	6
  -7.5	5
  -6.5	6
  -5.5	5
  -4.5	11
  -3.5	5
  -2.5	4
  -1.5	6
  -0.5	5
   0.5	4
   1.5	4
   2.5	4
   3.5	4
   4.5	3
   5.5	6
   6.5	4
   7.5	6
   8.5	2
   9.5	4
  10.5	7
  11.5	7
  12.5	7
  13.5	9
  14.5	4
  15.5	7
  16.5	3
  17.5	3
  18.5	7
  19.5	6
  20.5	3
  21.5	7
  22.5	5
  23.5	4
  24.5	10
  25.5	3
  26.5	6
  27.5	2
  28.5	3
  29.5	4
  30.5	7
  31.5	2
  32.5	9
  33.5	5
  34.5	6
  35.5	5
  36.5	3
  37.5	4
  38.5	5
  39.5	7
  40.5	6
  41.5	0
  42.5	5
  43.5	9
  44.5	4
  45.5	1
  46.5	6
  47.5	5
  48.5	1
  49.5	6
  50.5	5
  51.5	3
  52.5	6
  53.5	3
  54.5	5
  55.5	3
  56.5	8
  57.5	5
  58.5	3
  59.5	2
  60.5	6
  61.5	6
  62.5	4
  63.5	1
  64.5	4
  65.5	4
  66.5	2
  67.5	6
  68.5	10
  69.5	4
  70.5	4
  71.5	4
  72.5	4
  73.5	5
  74.5	3.5
  75.5	2
  76.5	4
  77.5	4
  78.5	7
  79.5	4
  80.5	5
  81.5	3
  82.5	1
  83.5	5
  84.5	4
  85.5	4
  86.5	5
  87.5	2
  88.5	1
  89.5	0
  90.5	3
  91.5	6
  92.5	7
  93.5	2
  94.5	4
  95.5	4
  96.5	5
  97.5	6
  98.5	6
  99.5	4
 100.5	5
 101.5	4
 102.5	4
 103.5	3
 104.5	4
 105.5	9
 106.5	1
 107.5	2
 108.5	5
 109.5	5
 110.5	3
 111.5	5
 112.5	3
 113.5	7
 114.5	5
 115.5	5
 116.5	5
 117.5	6
 118.5	2.5
 119.5	2
 120.5	6
 121.5	5
 122.5	4
 123.5	2
 124.5	3
 125.5	8
 126.5	5
 127.5	1
 128.5	4
 129.5	4
 130.5	8
 131.5	4
 132.5	2
 133.5	8
 134.5	3
 135.5	2
 136.5	3
 137.5	3
 138.5	4
 139.5	2
 140.5	4
 141.5	6
 142.5	1
 143.5	5
 144.5	3
 145.5	4
 146.5	2.5
 147.5	2
 148.5	5
 149.5	2
DB 2 MOTIF	CLOCK_HUMAN.H11MO.0.C
-148.0	28.0769
-147.0	21.4167
-146.0	31.0769
-145.0	15.4167
-144.0	20.0769
-143.0	25.9167
-142.0	24.0769
-141.0	20.0833
-140.0	18.0769
-139.0	23.5833
-138.0	25.0769
-137.0	25.0833
-136.0	25.0769
-135.0	20.0833
-134.0	24.0769
-133.0	21.0833
-132.0	26.0769
-131.0	30.0833
-130.0	21.0769
-129.0	25.0833
-128.0	24.0769
-127.0	28.1944
-126.0	14.2436
-125.0	21.1944
-124.0	26.2748
-123.0	23.1111
-122.0	24.1979
-121.0	25.1566
-120.0	19.4408
-119.0	24.1566
-118.0	21.4408
-117.0	25.1566
-116.0	27.4408
-115.0	23.1566
-114.0	25.2741
-113.0	22.1566
-112.0	21.2741
-111.0	26.1566
-110.0	32.2741
-109.0	23.0455
-108.0	29.2741
-107.0	17.0455
-106.0	28.1
-105.0	24.5455
-104.0	20.6
-103.0	26.0455
-102.0	11.1
-101.0	21.0455
-100.0	24
 -99.0	24.0455
 -98.0	27
 -97.0	15.5455
 -96.0	23.5
 -95.0	18.0455
 -94.0	29
 -93.0	23.5455
 -92.0	31
 -91.0	30.0455
 -90.0	25
 -89.0	24.0455
 -88.0	23.0312
 -87.0	24.0455
 -86.0	25
 -85.0	21.8788
 -84.0	18
 -83.0	20.0455
 -82.0	33
 -81.0	18.0455
 -80.0	23
 -79.0	22.0455
 -78.0	26
 -77.0	24
 -76.0	39
 -75.0	23
 -74.0	17.5
 -73.0	23
 -72.0	29
 -71.0	24
 -70.0	27
 -69.0	25
 -68.0	31.0312
 -67.0	29
 -66.0	24.3646
 -65.0	24
 -64.0	20.1424
 -63.0	22.1111
 -62.0	27.1424
 -61.0	17.4444
 -60.0	22.1424
 -59.0	28.3111
 -58.0	30.1424
 -57.0	27.1111
 -56.0	28.6424
 -55.0	20.1111
 -54.0	32.1424
 -53.0	27.1111
 -52.0	22.1424
 -51.0	24.6111
 -50.0	29.6424
 -49.0	23.1111
 -48.0	20.6424
 -47.0	24.6111
 -46.0	27.0312
 -45.0	31
 -44.0	23.5312
 -43.0	26
 -42.0	18.8646
 -41.0	35
 -40.0	21.0312
 -39.0	24
 -38.0	29.0312
 -37.0	35.0556
 -36.0	30.0312
 -35.0	26.0556
 -34.0	31.0312
 -33.0	19.0556
 -32.0	26.5312
 -31.0	23.0556
 -30.0	22.0312
 -29.0	33.0556
 -28.0	21.5312
 -27.0	21.0556
 -26.0	24.5312
 -25.0	23.0556
 -24.0	25
 -23.0	25.0556
 -22.0	24
 -21.0	21.0556
 -20.0	21.1111
 -19.0	16.5556
 -18.0	31.8111
 -17.0	35.0556
 -16.0	25.1111
 -15.0	20.0556
 -14.0	27.1111
 -13.0	23.0556
 -12.0	22.1111
 -11.0	25.0556
 -10.0	23.1111
  -9.0	18.0556
  -8.0	25.1111
  -7.0	35.0556
  -6.0	26.4444
  -5.0	24.5556
  -4.0	22.1111
  -3.0	34.0556
  -2.0	26.0833
  -1.0	38
   0.0	27.0833
   1.0	29
   2.0	23.0833
   3.0	26
   4.0	25.0833
   5.0	24.5
   6.0	28.0833
   7.0	26
   8.0	36.0833
   9.0	31.5
  10.0	18.0833
  11.0	20
  12.0	24.0833
  13.0	20
  14.0	31.0833
  15.0	27
  16.0	20.5833
  17.0	26.5
  18.0	26.0833
  19.0	41
  20.0	24.0833
  21.0	20
  22.0	19
  23.0	20.7833
  24.0	29
  25.0	20.0833
  26.0	16
  27.0	30.4167
  28.0	23.5
  29.0	32.0833
  30.0	31
  31.0	30.0833
  32.0	23
  33.0	30.0833
  34.0	35
  35.0	29.0833
  36.0	30
  37.0	24.0833
  38.0	28
  39.0	32.0833
  40.0	26.5
  41.0	27.0833
  42.0	26
  43.0	20.0833
  44.0	29
  45.0	24.0833
  46.0	26
  47.0	28.0625
  48.0	20
  49.0	28.5625
  50.0	28
  51.0	25.0625
  52.0	21.5
  53.0	23.5625
  54.0	14
  55.0	21.0625
  56.0	16
  57.0	20.0625
  58.0	26
  59.0	15.5625
  60.0	23.5
  61.0	27.5625
  62.0	14.3333
  63.0	24.5625
  64.0	29.2
  65.0	27.0625
  66.0	16
  67.0	20.0625
  68.0	30
  69.0	27.0625
  70.0	32
  71.0	21.3958
  72.0	23
  73.0	24.0625
  74.0	24
  75.0	21.0625
  76.0	21.0455
  77.0	25.5625
  78.0	17.0455
  79.0	14
  80.0	15.0455
  81.0	15.5
  82.0	20.0455
  83.0	27
  84.0	25.5455
  85.0	17
  86.0	22.5455
  87.0	27
  88.0	23.0455
  89.0	29.5
  90.0	18.0455
  91.0	16.5
  92.0	30.5455
  93.0	27.8333
  94.0	21.0455
  95.0	10.1667
  96.0	27.0455
  97.0	19.1667
  98.0	23.0455
  99.0	18.1667
 100.0	22.0455
 101.0	24.1667
 102.0	24.2955
 103.0	22.1667
 104.0	24.2955
 105.0	25.1667
 106.0	21.2955
 107.0	25
 108.0	28.7955
 109.0	35
 110.0	24.0455
 111.0	23
 112.0	26.0455
 113.0	25.5
 114.0	24.0455
 115.0	22
 116.0	19.0455
 117.0	20
 118.0	25.0455
 119.0	25
 120.0	18
 121.0	22
 122.0	22
 123.0	22.1667
 124.0	17.3333
 125.0	30.1667
 126.0	28.2
 127.0	20.5
 128.0	19.5
 129.0	17.5
 130.0	22
 131.0	22.5
 132.0	21
 133.0	25.1667
 134.0	23
 135.0	23
 136.0	21
 137.0	18
 138.0	19.3333
 139.0	19
 140.0	24
 141.0	25
 142.0	19
 143.0	20
 144.0	31
 145.0	23
 146.0	11
 147.0	18
 148.0	34.8333
DB 2 MOTIF	COT1_HUMAN.H11MO.0.C
-146.5	20
-145.5	15
-144.5	24
-143.5	15.5
-142.5	26
-141.5	14
-140.5	19
-139.5	22
-138.5	17
-137.5	22
-136.5	25
-135.5	21
-134.5	19.5
-133.5	19
-132.5	24
-131.5	13
-130.5	13
-129.5	15
-128.5	24
-127.5	18
-126.5	28
-125.5	12
-124.5	16
-123.5	27
-122.5	15.5
-121.5	26
-120.5	21
-119.5	20
-118.5	19
-117.5	14
-116.5	31
-115.5	27
-114.5	25.3333
-113.5	18
-112.5	11
-111.5	24
-110.5	24
-109.5	10
-108.5	29
-107.5	12
-106.5	23
-105.5	15
-104.5	25.5
-103.5	19
-102.5	29
-101.5	28
-100.5	22
 -99.5	25
 -98.5	24
 -97.5	25.5
 -96.5	14
 -95.5	16
 -94.5	15
 -93.5	17
 -92.5	15
 -91.5	16
 -90.5	19
 -89.5	22.5
 -88.5	29
 -87.5	31
 -86.5	21
 -85.5	21
 -84.5	24
 -83.5	22
 -82.5	24
 -81.5	20
 -80.5	22
 -79.5	24
 -78.5	19
 -77.5	19
 -76.5	24
 -75.5	24
 -74.5	18
 -73.5	21.5
 -72.5	24
 -71.5	22
 -70.5	33
 -69.5	23
 -68.5	19
 -67.5	20
 -66.5	19
 -65.5	17
 -64.5	20
 -63.5	23
 -62.5	15
 -61.5	22
 -60.5	23.3333
 -59.5	22
 -58.5	12
 -57.5	27
 -56.5	13
 -55.5	21
 -54.5	20
 -53.5	26
 -52.5	27
 -51.5	19
 -50.5	24.5
 -49.5	18.5
 -48.5	17
 -47.5	24
 -46.5	28
 -45.5	29
 -44.5	21
 -43.5	27
 -42.5	21.5
 -41.5	26
 -40.5	19
 -39.5	31
 -38.5	19
 -37.5	33
 -36.5	28
 -35.5	23
 -34.5	24
 -33.5	28
 -32.5	30
 -31.5	27
 -30.5	36
 -29.5	33
 -28.5	29
 -27.5	26
 -26.5	16
 -25.5	27.5
 -24.5	19
 -23.5	26
 -22.5	24
 -21.5	34
 -20.5	29
 -19.5	28
 -18.5	19
 -17.5	27
 -16.5	25
 -15.5	26
 -14.5	24
 -13.5	32.5
 -12.5	20.5
 -11.5	34
 -10.5	30
  -9.5	33
  -8.5	18.5
  -7.5	27
  -6.5	34
  -5.5	25
  -4.5	25.5
  -3.5	42
  -2.5	18
  -1.5	34
  -0.5	26
   0.5	29.3333
   1.5	28
   2.5	35.5
   3.5	18
   4.5	28
   5.5	33
   6.5	17.5
   7.5	32
   8.5	31
   9.5	31
  10.5	37
  11.5	25
  12.5	22
  13.5	29
  14.5	28
  15.5	27
  16.5	23.5
  17.5	41
  18.5	26
  19.5	26
  20.5	37
  21.5	31
  22.5	27
  23.5	30
  24.5	25
  25.5	32
  26.5	21
  27.5	31
  28.5	25
  29.5	47
  30.5	27
  31.5	34.5
  32.5	28.5
  33.5	27.3333
  34.5	17
  35.5	20
  36.5	33
  37.5	30
  38.5	19
  39.5	27
  40.5	31
  41.5	26.5
  42.5	27
  43.5	21.5
  44.5	27
  45.5	21.5
  46.5	27
  47.5	20
  48.5	32
  49.5	23
  50.5	22
  51.5	21
  52.5	33
  53.5	22
  54.5	20
  55.5	26
  56.5	22
  57.5	27
  58.5	20
  59.5	21
  60.5	21
  61.5	33
  62.5	24
  63.5	24
  64.5	29
  65.5	24
  66.5	26.3333
  67.5	26
  68.5	21
  69.5	24
  70.5	33
  71.5	19
  72.5	22
  73.5	21
  74.5	17.5
  75.5	19
  76.5	25
  77.5	15
  78.5	14
  79.5	22
  80.5	18
  81.5	18
  82.5	23
  83.5	20
  84.5	18
  85.5	30
  86.5	17
  87.5	19
  88.5	19
  89.5	15
  90.5	28
  91.5	17
  92.5	13
  93.5	30
  94.5	19
  95.5	23
  96.5	24
  97.5	14
  98.5	20
  99.5	21
 100.5	20
 101.5	23
 102.5	18
 103.5	18
 104.5	21
 105.5	18.5
 106.5	28
 107.5	22
 108.5	22
 109.5	23
 110.5	12
 111.5	23
 112.5	23
 113.5	27
 114.5	16.5
 115.5	19
 116.5	22
 117.5	18.5
 118.5	21.5
 119.5	21
 120.5	12.3333
 121.5	23
 122.5	23
 123.5	20
 124.5	17
 125.5	20
 126.5	17
 127.5	22
 128.5	9
 129.5	22
 130.5	23
 131.5	13
 132.5	28
 133.5	17
 134.5	21
 135.5	14
 136.5	16
 137.5	15
 138.5	23
 139.5	20
 140.5	13
 141.5	14
 142.5	17
 143.5	25
 144.5	18
 145.5	15
 146.5	16
DB 2 MOTIF	COT1_HUMAN.H11MO.1.C
-148.5	13
-147.5	12
-146.5	23.5
-145.5	15
-144.5	17
-143.5	21
-142.5	12
-141.5	27
-140.5	19.5
-139.5	20
-138.5	12
-137.5	21
-136.5	19
-135.5	21
-134.5	18
-133.5	18
-132.5	14
-131.5	19
-130.5	19
-129.5	19
-128.5	12
-127.5	14
-126.5	14
-125.5	23
-124.5	14.5
-123.5	19
-122.5	11
-121.5	17
-120.5	27.5
-119.5	16
-118.5	15
-117.5	23
-116.5	20
-115.5	11
-114.5	13
-113.5	30.5
-112.5	23
-111.5	27
-110.5	23
-109.5	22
-108.5	18
-107.5	15
-106.5	11.5
-105.5	21
-104.5	21
-103.5	24
-102.5	16
-101.5	23
-100.5	21.5
 -99.5	18.5
 -98.5	13
 -97.5	24
 -96.5	23
 -95.5	34
 -94.5	22
 -93.5	12
 -92.5	15
 -91.5	20
 -90.5	16
 -89.5	23
 -88.5	27
 -87.5	21
 -86.5	27
 -85.5	23
 -84.5	17
 -83.5	22
 -82.5	22
 -81.5	27
 -80.5	32
 -79.5	10
 -78.5	27
 -77.5	27
 -76.5	26
 -75.5	21
 -74.5	24
 -73.5	27
 -72.5	20
 -71.5	23
 -70.5	20
 -69.5	23.5
 -68.5	13
 -67.5	20
 -66.5	28.5
 -65.5	19.3333
 -64.5	16
 -63.5	14
 -62.5	28
 -61.5	22
 -60.5	20
 -59.5	24
 -58.5	21
 -57.5	17
 -56.5	15
 -55.5	28
 -54.5	19
 -53.5	25
 -52.5	19.5
 -51.5	16
 -50.5	24
 -49.5	24
 -48.5	20
 -47.5	18
 -46.5	22
 -45.5	23
 -44.5	26
 -43.5	29.5
 -42.5	26
 -41.5	22
 -40.5	23
 -39.5	32
 -38.5	22
 -37.5	23
 -36.5	25.3333
 -35.5	34
 -34.5	31
 -33.5	24
 -32.5	24.5
 -31.5	26
 -30.5	23.5
 -29.5	33
 -28.5	28
 -27.5	35
 -26.5	29
 -25.5	28
 -24.5	18
 -23.5	27
 -22.5	30
 -21.5	27
 -20.5	22
 -19.5	19
 -18.5	22
 -17.5	25
 -16.5	22
 -15.5	35
 -14.5	32.5
 -13.5	26
 -12.5	30
 -11.5	29.5
 -10.5	23.5
  -9.5	35
  -8.5	33
  -7.5	28
  -6.5	26
  -5.5	27
  -4.5	32
  -3.5	34
  -2.5	20
  -1.5	36
  -0.5	29
   0.5	35
   1.5	16.3333
   2.5	28
   3.5	23
   4.5	31.3333
   5.5	34
   6.5	31
   7.5	42
   8.5	30
   9.5	24
  10.5	27
  11.5	20
  12.5	27
  13.5	27
  14.5	27
  15.5	27
  16.5	30.5
  17.5	34
  18.5	27
  19.5	31.5
  20.5	29
  21.5	26.5
  22.5	29
  23.5	38
  24.5	27
  25.5	30
  26.5	27
  27.5	37
  28.5	28
  29.5	30
  30.5	35
  31.5	23
  32.5	20
  33.5	28.5
  34.5	34
  35.5	27
  36.5	25
  37.5	21.5
  38.5	25
  39.5	20.5
  40.5	21
  41.5	25
  42.5	25
  43.5	15.5
  44.5	30
  45.5	26.3333
  46.5	25
  47.5	23
  48.5	25
  49.5	21
  50.5	33
  51.5	21
  52.5	16
  53.5	30
  54.5	28
  55.5	25
  56.5	19
  57.5	26
  58.5	23
  59.5	27
  60.5	21
  61.5	15
  62.5	24
  63.5	26
  64.5	23
  65.5	20.5
  66.5	37
  67.5	23
  68.5	34.3333
  69.5	21
  70.5	19.5
  71.5	18
  72.5	24
  73.5	23
  74.5	29
  75.5	16
  76.5	14
  77.5	26
  78.5	20
  79.5	22
  80.5	18
  81.5	23
  82.5	21
  83.5	17
  84.5	23
  85.5	16
  86.5	22
  87.5	20
  88.5	24
  89.5	20
  90.5	18
  91.5	19
  92.5	24.5
  93.5	19.5
  94.5	11
  95.5	19
  96.5	22
  97.5	14
  98.5	18
  99.5	16
 100.5	17.5
 101.5	28
 102.5	27
 103.5	19.5
 104.5	14
 105.5	16
 106.5	23
 107.5	16.5
 108.5	20
 109.5	19
 110.5	18
 111.5	13
 112.5	15
 113.5	22
 114.5	29
 115.5	22
 116.5	16
 117.5	23
 118.5	23
 119.5	19
 120.5	20
 121.5	14
 122.5	13
 123.5	16
 124.5	13
 125.5	16
 126.5	17
 127.5	19
 128.5	18
 129.5	25
 130.5	21
 131.5	13
 132.5	24
 133.5	13
 134.5	16
 135.5	20
 136.5	27
 137.5	19
 138.5	16
 139.5	17
 140.5	14.5
 141.5	24
 142.5	23
 143.5	22
 144.5	11
 145.5	18
 146.5	18.5
 147.5	18
 148.5	14.5
DB 2 MOTIF	COT2_HUMAN.H11MO.0.A
-148.5	17
-147.5	20
-146.5	15
-145.5	18
-144.5	14
-143.5	16
-142.5	18
-141.5	13
-140.5	23
-139.5	21
-138.5	10
-137.5	20.5
-136.5	23
-135.5	18
-134.5	20
-133.5	13
-132.5	9
-131.5	13
-130.5	19
-129.5	11
-128.5	15
-127.5	9
-126.5	13
-125.5	22
-124.5	15.5
-123.5	13
-122.5	15
-121.5	21
-120.5	13
-119.5	17.5
-118.5	20
-117.5	20
-116.5	18
-115.5	12
-114.5	25.5
-113.5	18
-112.5	26
-111.5	20
-110.5	23
-109.5	18
-108.5	15
-107.5	14
-106.5	20
-105.5	25.5
-104.5	13
-103.5	26
-102.5	28
-101.5	16
-100.5	13
 -99.5	18
 -98.5	13
 -97.5	22
 -96.5	26
 -95.5	18
 -94.5	22
 -93.5	19
 -92.5	14.5
 -91.5	16
 -90.5	23
 -89.5	22
 -88.5	17
 -87.5	27
 -86.5	21
 -85.5	28
 -84.5	20
 -83.5	18
 -82.5	16
 -81.5	29
 -80.5	14
 -79.5	28
 -78.5	15
 -77.5	30
 -76.5	24
 -75.5	29
 -74.5	22.5
 -73.5	26.5
 -72.5	26.5
 -71.5	16
 -70.5	30
 -69.5	20.5
 -68.5	18.5
 -67.5	20
 -66.5	24.3333
 -65.5	25
 -64.5	20
 -63.5	20
 -62.5	21
 -61.5	21
 -60.5	29
 -59.5	25
 -58.5	18
 -57.5	21.5
 -56.5	19
 -55.5	19
 -54.5	24
 -53.5	25
 -52.5	20.5
 -51.5	20
 -50.5	24
 -49.5	28.5
 -48.5	25.5
 -47.5	29
 -46.5	25
 -45.5	29
 -44.5	30.5
 -43.5	28
 -42.5	31.5
 -41.5	28
 -40.5	24
 -39.5	23
 -38.5	23
 -37.5	22
 -36.5	32
 -35.5	33.5
 -34.5	35.5
 -33.5	20
 -32.5	30
 -31.5	29
 -30.5	23
 -29.5	25.5
 -28.5	50
 -27.5	22
 -26.5	28
 -25.5	28
 -24.5	25
 -23.5	33
 -22.5	27
 -21.5	24.5
 -20.5	24
 -19.5	19
 -18.5	34
 -17.5	34
 -16.5	33
 -15.5	32.5
 -14.5	38.5
 -13.5	27
 -12.5	30
 -11.5	24.5
 -10.5	31
  -9.5	30
  -8.5	27
  -7.5	33.5
  -6.5	33
  -5.5	39
  -4.5	26
  -3.5	32
  -2.5	39
  -1.5	29.5
  -0.5	42.5
   0.5	32.8333
   1.5	34
   2.5	28
   3.5	26
   4.5	42
   5.5	32
   6.5	34
   7.5	40
   8.5	39
   9.5	31
  10.5	21
  11.5	28
  12.5	26
  13.5	25.5
  14.5	35
  15.5	35
  16.5	26
  17.5	28
  18.5	32
  19.5	30
  20.5	34
  21.5	24
  22.5	37
  23.5	28
  24.5	31.5
  25.5	33
  26.5	40
  27.5	26
  28.5	44
  29.5	36
  30.5	16
  31.5	27
  32.5	23
  33.5	29
  34.5	32.5
  35.5	35
  36.5	31
  37.5	31
  38.5	22.5
  39.5	27.5
  40.5	26
  41.5	37.5
  42.5	25
  43.5	27
  44.5	23.5
  45.5	28
  46.5	30
  47.5	24
  48.5	24
  49.5	29.5
  50.5	31
  51.5	31
  52.5	24
  53.5	19
  54.5	31
  55.5	28.5
  56.5	27
  57.5	20
  58.5	30
  59.5	27
  60.5	32
  61.5	24
  62.5	17
  63.5	19
  64.5	31.5
  65.5	34
  66.5	15
  67.5	24.3333
  68.5	17
  69.5	29
  70.5	22.5
  71.5	22
  72.5	20
  73.5	37
  74.5	9
  75.5	27.5
  76.5	23
  77.5	19
  78.5	17
  79.5	15
  80.5	31
  81.5	18
  82.5	23
  83.5	19
  84.5	15
  85.5	28
  86.5	17.5
  87.5	19
  88.5	22
  89.5	18
  90.5	18
  91.5	20
  92.5	14
  93.5	19
  94.5	21.5
  95.5	16
  96.5	13
  97.5	14
  98.5	18
  99.5	16
 100.5	16
 101.5	23
 102.5	17.5
 103.5	16
 104.5	13
 105.5	32
 106.5	20
 107.5	13
 108.5	18.5
 109.5	15
 110.5	14
 111.5	20
 112.5	15
 113.5	11
 114.5	23
 115.5	24
 116.5	18
 117.5	13
 118.5	24
 119.5	17
 120.5	12
 121.5	23
 122.5	19
 123.5	10
 124.5	18.5
 125.5	20
 126.5	18
 127.5	25
 128.5	19
 129.5	19
 130.5	16
 131.5	17
 132.5	18
 133.5	13
 134.5	9
 135.5	23
 136.5	16
 137.5	19
 138.5	13
 139.5	12
 140.5	11
 141.5	23
 142.5	21
 143.5	18
 144.5	18
 145.5	14
 146.5	16
 147.5	17.5
 148.5	10
DB 2 MOTIF	COT2_HUMAN.H11MO.1.A
-146.5	19
-145.5	16
-144.5	20
-143.5	16
-142.5	23
-141.5	22
-140.5	14.5
-139.5	26
-138.5	15
-137.5	26
-136.5	24
-135.5	23
-134.5	13
-133.5	13
-132.5	21
-131.5	15
-130.5	15
-129.5	13
-128.5	24
-127.5	18
-126.5	21
-125.5	13
-124.5	16
-123.5	23
-122.5	17
-121.5	18
-120.5	21
-119.5	20
-118.5	20
-117.5	16
-116.5	24
-115.5	26
-114.5	27
-113.5	20
-112.5	10
-111.5	31
-110.5	21
-109.5	16
-108.5	23
-107.5	13
-106.5	17
-105.5	20.5
-104.5	25
-103.5	21.5
-102.5	22
-101.5	26
-100.5	22
 -99.5	29
 -98.5	26
 -97.5	29
 -96.5	18
 -95.5	17
 -94.5	16
 -93.5	21
 -92.5	22
 -91.5	17
 -90.5	19
 -89.5	25
 -88.5	27
 -87.5	32
 -86.5	28
 -85.5	17
 -84.5	25
 -83.5	23
 -82.5	28
 -81.5	16.5
 -80.5	29
 -79.5	21
 -78.5	22
 -77.5	21
 -76.5	24
 -75.5	24
 -74.5	18
 -73.5	23
 -72.5	24
 -71.5	22
 -70.5	28
 -69.5	25
 -68.5	30
 -67.5	20
 -66.5	28
 -65.5	18
 -64.5	26
 -63.5	25
 -62.5	26
 -61.5	21
 -60.5	24
 -59.5	25
 -58.5	18
 -57.5	32
 -56.5	16
 -55.5	20
 -54.5	25
 -53.5	25
 -52.5	31
 -51.5	23
 -50.5	27.5
 -49.5	15
 -48.5	23.5
 -47.5	25.5
 -46.5	31
 -45.5	21
 -44.5	28
 -43.5	26
 -42.5	26.5
 -41.5	20
 -40.5	18
 -39.5	33
 -38.5	27
 -37.5	26.5
 -36.5	25
 -35.5	20
 -34.5	26
 -33.5	30
 -32.5	28
 -31.5	32
 -30.5	37
 -29.5	34.5
 -28.5	29
 -27.5	24
 -26.5	21
 -25.5	33
 -24.5	27
 -23.5	25
 -22.5	26
 -21.5	31
 -20.5	29
 -19.5	26
 -18.5	26
 -17.5	36
 -16.5	26
 -15.5	31
 -14.5	30
 -13.5	27
 -12.5	27.5
 -11.5	36
 -10.5	30
  -9.5	35
  -8.5	24.5
  -7.5	25
  -6.5	30
  -5.5	26
  -4.5	30
  -3.5	41
  -2.5	23
  -1.5	35
  -0.5	25
   0.5	33.3333
   1.5	31
   2.5	44
   3.5	25
   4.5	33
   5.5	31
   6.5	19
   7.5	41
   8.5	28
   9.5	29
  10.5	35
  11.5	31
  12.5	27
  13.5	28
  14.5	32
  15.5	39
  16.5	22.5
  17.5	40
  18.5	33.5
  19.5	36
  20.5	37
  21.5	34
  22.5	28
  23.5	30
  24.5	28
  25.5	26
  26.5	25
  27.5	24
  28.5	29
  29.5	49
  30.5	33
  31.5	39
  32.5	40
  33.5	27.3333
  34.5	16
  35.5	28
  36.5	34
  37.5	32.5
  38.5	25
  39.5	27
  40.5	26
  41.5	24.5
  42.5	22
  43.5	25.5
  44.5	31
  45.5	22
  46.5	28
  47.5	25
  48.5	35
  49.5	21
  50.5	22
  51.5	30
  52.5	32
  53.5	24
  54.5	16
  55.5	26
  56.5	22
  57.5	28
  58.5	23
  59.5	32
  60.5	22
  61.5	33
  62.5	23.5
  63.5	16
  64.5	29
  65.5	21.5
  66.5	26.8333
  67.5	24.5
  68.5	35
  69.5	24
  70.5	27
  71.5	21.5
  72.5	26
  73.5	24
  74.5	20.5
  75.5	25.5
  76.5	28.5
  77.5	17
  78.5	14
  79.5	22
  80.5	21
  81.5	19.5
  82.5	23
  83.5	23
  84.5	19
  85.5	30
  86.5	21.5
  87.5	18
  88.5	17
  89.5	18
  90.5	25
  91.5	18
  92.5	19
  93.5	28
  94.5	27
  95.5	20
  96.5	22.5
  97.5	11
  98.5	24
  99.5	20.5
 100.5	19
 101.5	23
 102.5	24
 103.5	15
 104.5	20
 105.5	19.5
 106.5	20
 107.5	24.5
 108.5	22
 109.5	21
 110.5	15
 111.5	25
 112.5	21
 113.5	23.5
 114.5	20
 115.5	22
 116.5	24
 117.5	15
 118.5	23
 119.5	18
 120.5	16
 121.5	21
 122.5	19
 123.5	28
 124.5	15
 125.5	18
 126.5	24
 127.5	15
 128.5	13
 129.5	20
 130.5	22
 131.5	16
 132.5	24
 133.5	16
 134.5	20
 135.5	16
 136.5	15
 137.5	11
 138.5	26
 139.5	20
 140.5	21
 141.5	18
 142.5	20
 143.5	24
 144.5	24
 145.5	20
 146.5	14
DB 2 MOTIF	CR3L1_HUMAN.H11MO.0.D
-149.5	1
-148.5	0
-147.5	0
-146.5	0
-145.5	0
-144.5	0
-143.5	0
-142.5	0
-141.5	1
-140.5	0
-139.5	0
-138.5	0
-137.5	0
-136.5	1
-135.5	0
-134.5	1
-133.5	0
-132.5	1
-131.5	1
-130.5	1
-129.5	4
-128.5	0
-127.5	1
-126.5	0
-125.5	0
-124.5	0
-123.5	0
-122.5	0
-121.5	0
-120.5	1
-119.5	0
-118.5	0
-117.5	0
-116.5	2
-115.5	1
-114.5	0
-113.5	0
-112.5	0
-111.5	0
-110.5	0
-109.5	0
-108.5	1
-107.5	0
-106.5	0
-105.5	1
-104.5	0
-103.5	1
-102.5	0
-101.5	1
-100.5	0
 -99.5	0
 -98.5	1
 -97.5	1
 -96.5	2
 -95.5	0
 -94.5	0
 -93.5	0
 -92.5	0
 -91.5	0
 -90.5	1
 -89.5	1
 -88.5	0
 -87.5	0
 -86.5	0
 -85.5	0
 -84.5	0
 -83.5	1
 -82.5	0
 -81.5	0
 -80.5	0
 -79.5	0
 -78.5	1
 -77.5	0
 -76.5	0
 -75.5	1
 -74.5	1
 -73.5	1
 -72.5	0
 -71.5	0
 -70.5	1
 -69.5	0
 -68.5	1
 -67.5	0.5
 -66.5	0.833333
 -65.5	0
 -64.5	0
 -63.5	2
 -62.5	0
 -61.5	0
 -60.5	0
 -59.5	1
 -58.5	1
 -57.5	1
 -56.5	1
 -55.5	1
 -54.5	1
 -53.5	0
 -52.5	1.5
 -51.5	0.5
 -50.5	0
 -49.5	1
 -48.5	0
 -47.5	0
 -46.5	0
 -45.5	0
 -44.5	1
 -43.5	0
 -42.5	1.33333
 -41.5	3
 -40.5	1
 -39.5	0
 -38.5	0
 -37.5	0
 -36.5	0
 -35.5	1
 -34.5	0
 -33.5	1
 -32.5	2
 -31.5	1
 -30.5	0
 -29.5	0
 -28.5	1
 -27.5	2
 -26.5	0
 -25.5	2
 -24.5	4
 -23.5	0
 -22.5	1
 -21.5	0
 -20.5	3
 -19.5	2
 -18.5	1
 -17.5	0
 -16.5	0
 -15.5	1
 -14.5	2
 -13.5	1.5
 -12.5	0.5
 -11.5	2
 -10.5	0
  -9.5	1
  -8.5	0
  -7.5	0
  -6.5	0
  -5.5	0
  -4.5	0
  -3.5	0
  -2.5	1
  -1.5	2
  -0.5	0
   0.5	0
   1.5	2
   2.5	0
   3.5	0
   4.5	0
   5.5	0
   6.5	0
   7.5	1.5
   8.5	1.5
   9.5	0
  10.5	0
  11.5	0
  12.5	1
  13.5	0
  14.5	1
  15.5	2
  16.5	0
  17.5	1
  18.5	2
  19.5	0
  20.5	0
  21.5	1
  22.5	0
  23.5	0
  24.5	3
  25.5	0
  26.5	1.33333
  27.5	0
  28.5	1
  29.5	0
  30.5	2
  31.5	1
  32.5	1.5
  33.5	0.5
  34.5	1
  35.5	0
  36.5	1
  37.5	0
  38.5	3
  39.5	0
  40.5	1
  41.5	1
  42.5	0
  43.5	1
  44.5	0
  45.5	0
  46.5	1
  47.5	1
  48.5	1
  49.5	1
  50.5	0
  51.5	0
  52.5	1
  53.5	0
  54.5	0
  55.5	0
  56.5	0
  57.5	1
  58.5	0
  59.5	0
  60.5	1
  61.5	1
  62.5	1
  63.5	1
  64.5	0
  65.5	1
  66.5	1
  67.5	0
  68.5	0
  69.5	0
  70.5	0
  71.5	0
  72.5	0
  73.5	0
  74.5	0
  75.5	0
  76.5	0
  77.5	0
  78.5	0
  79.5	0
  80.5	0
  81.5	0
  82.5	1
  83.5	1
  84.5	0
  85.5	1
  86.5	0
  87.5	0
  88.5	0
  89.5	0
  90.5	0
  91.5	0
  92.5	0
  93.5	0
  94.5	1
  95.5	0
  96.5	0
  97.5	0
  98.5	0
  99.5	0
 100.5	1
 101.5	0
 102.5	0
 103.5	1
 104.5	1
 105.5	1
 106.5	0
 107.5	1
 108.5	1
 109.5	1
 110.5	1
 111.5	1
 112.5	0
 113.5	0
 114.5	0
 115.5	0
 116.5	0
 117.5	0
 118.5	1
 119.5	1
 120.5	0
 121.5	0
 122.5	0
 123.5	0
 124.5	1
 125.5	0
 126.5	0
 127.5	0
 128.5	0
 129.5	1
 130.5	0
 131.5	0
 132.5	0
 133.5	0
 134.5	0
 135.5	0
 136.5	1
 137.5	1
 138.5	1
 139.5	0
 140.5	0
 141.5	0
 142.5	0
 143.5	0
 144.5	0
 145.5	1
 146.5	0
 147.5	0
 148.5	0
 149.5	1
DB 2 MOTIF	CR3L2_HUMAN.H11MO.0.D
-148.5	8
-147.5	7
-146.5	4
-145.5	8
-144.5	3
-143.5	4
-142.5	3
-141.5	3
-140.5	2
-139.5	9
-138.5	5
-137.5	9
-136.5	5
-135.5	2
-134.5	7
-133.5	8
-132.5	3
-131.5	7
-130.5	5
-129.5	3
-128.5	6
-127.5	2
-126.5	7
-125.5	5
-124.5	13
-123.5	4
-122.5	4
-121.5	3
-120.5	8
-119.5	6
-118.5	6
-117.5	2
-116.5	4
-115.5	4
-114.5	8
-113.5	4
-112.5	4
-111.5	2.5
-110.5	6.5
-109.5	2
-108.5	3
-107.5	5
-106.5	4
-105.5	7
-104.5	7
-103.5	6
-102.5	4
-101.5	7
-100.5	6
 -99.5	5
 -98.5	4
 -97.5	2
 -96.5	7
 -95.5	8
 -94.5	8
 -93.5	3
 -92.5	5
 -91.5	5
 -90.5	6
 -89.5	4
 -88.5	8
 -87.5	3
 -86.5	4
 -85.5	2
 -84.5	2
 -83.5	5
 -82.5	7
 -81.5	2
 -80.5	7
 -79.5	8
 -78.5	2
 -77.5	7
 -76.5	9
 -75.5	6
 -74.5	6
 -73.5	4
 -72.5	5
 -71.5	4
 -70.5	4
 -69.5	3
 -68.5	7
 -67.5	5.5
 -66.5	6.5
 -65.5	3.33333
 -64.5	8
 -63.5	6
 -62.5	5
 -61.5	8
 -60.5	6
 -59.5	3
 -58.5	9
 -57.5	6
 -56.5	7
 -55.5	3
 -54.5	2
 -53.5	11
 -52.5	7
 -51.5	2
 -50.5	6
 -49.5	5
 -48.5	7
 -47.5	5
 -46.5	4
 -45.5	9.5
 -44.5	8
 -43.5	5
 -42.5	6
 -41.5	6.33333
 -40.5	3
 -39.5	7
 -38.5	4
 -37.5	10
 -36.5	7
 -35.5	5
 -34.5	5
 -33.5	8
 -32.5	6
 -31.5	4
 -30.5	8
 -29.5	7
 -28.5	4
 -27.5	4
 -26.5	5
 -25.5	5.5
 -24.5	3.5
 -23.5	7
 -22.5	10
 -21.5	6
 -20.5	6
 -19.5	9
 -18.5	2
 -17.5	8
 -16.5	11
 -15.5	7
 -14.5	7
 -13.5	12.5
 -12.5	5.5
 -11.5	10
 -10.5	10
  -9.5	6
  -8.5	3
  -7.5	6
  -6.5	8
  -5.5	2
  -4.5	10.5
  -3.5	8
  -2.5	10
  -1.5	6
  -0.5	6
   0.5	8
   1.5	8
   2.5	8
   3.5	5
   4.5	3
   5.5	2.5
   6.5	5
   7.5	4
   8.5	8
   9.5	10
  10.5	7
  11.5	8
  12.5	5.5
  13.5	4.5
  14.5	10
  15.5	9
  16.5	6
  17.5	9
  18.5	5
  19.5	7
  20.5	6
  21.5	7
  22.5	6
  23.5	9
  24.5	7
  25.5	10
  26.5	8
  27.5	8.33333
  28.5	4
  29.5	5
  30.5	6
  31.5	6.5
  32.5	6
  33.5	4
  34.5	6
  35.5	3
  36.5	11
  37.5	4
  38.5	4
  39.5	9
  40.5	7
  41.5	4
  42.5	8
  43.5	6
  44.5	4
  45.5	4
  46.5	9
  47.5	6
  48.5	7
  49.5	3
  50.5	8
  51.5	2
  52.5	4
  53.5	6
  54.5	7
  55.5	7
  56.5	4
  57.5	8
  58.5	6
  59.5	6
  60.5	7
  61.5	7
  62.5	7
  63.5	11
  64.5	6
  65.5	5
  66.5	5
  67.5	5
  68.5	4
  69.5	3
  70.5	3
  71.5	4
  72.5	5
  73.5	3
  74.5	4
  75.5	3
  76.5	5
  77.5	2
  78.5	3
  79.5	4
  80.5	6
  81.5	3
  82.5	6
  83.5	4
  84.5	3
  85.5	5
  86.5	7
  87.5	6
  88.5	2
  89.5	9
  90.5	3
  91.5	4
  92.5	8
  93.5	5
  94.5	3
  95.5	3
  96.5	6
  97.5	4
  98.5	5
  99.5	3
 100.5	4
 101.5	5
 102.5	8
 103.5	3
 104.5	7
 105.5	6
 106.5	1
 107.5	9
 108.5	9
 109.5	8
 110.5	5
 111.5	6
 112.5	5
 113.5	4
 114.5	3
 115.5	2
 116.5	5
 117.5	2
 118.5	6
 119.5	12
 120.5	3
 121.5	4
 122.5	10
 123.5	4
 124.5	5.5
 125.5	8
 126.5	4
 127.5	3
 128.5	4
 129.5	6
 130.5	3
 131.5	2
 132.5	7
 133.5	2
 134.5	5
 135.5	1
 136.5	4
 137.5	8
 138.5	5
 139.5	2
 140.5	4
 141.5	5
 142.5	6
 143.5	7.5
 144.5	9
 145.5	2
 146.5	3
 147.5	3
 148.5	8
DB 2 MOTIF	CREB1_HUMAN.H11MO.0.A
-149.5	8
-148.5	15
-147.5	17
-146.5	14
-145.5	22.5
-144.5	14.3333
-143.5	11
-142.5	13
-141.5	17
-140.5	18
-139.5	12
-138.5	17
-137.5	9
-136.5	23
-135.5	10
-134.5	13
-133.5	15
-132.5	15
-131.5	12
-130.5	11
-129.5	15.1429
-128.5	10
-127.5	14
-126.5	17
-125.5	15
-124.5	11
-123.5	15
-122.5	13.5
-121.5	22
-120.5	13
-119.5	18
-118.5	12
-117.5	19
-116.5	12
-115.5	13
-114.5	12.5
-113.5	13
-112.5	12
-111.5	9
-110.5	16.5
-109.5	11
-108.5	15
-107.5	15
-106.5	16
-105.5	10
-104.5	17.5
-103.5	16.5
-102.5	17
-101.5	15
-100.5	18.1429
 -99.5	19
 -98.5	18
 -97.5	11
 -96.5	21.5
 -95.5	17
 -94.5	13
 -93.5	12
 -92.5	12
 -91.5	13
 -90.5	21
 -89.5	18
 -88.5	13
 -87.5	10
 -86.5	15
 -85.5	12
 -84.5	16
 -83.5	10
 -82.5	16
 -81.5	15
 -80.5	15
 -79.5	9
 -78.5	17
 -77.5	14
 -76.5	11
 -75.5	14
 -74.5	11
 -73.5	10
 -72.5	8
 -71.5	10.1429
 -70.5	7
 -69.5	12
 -68.5	21
 -67.5	14
 -66.5	13
 -65.5	9
 -64.5	20
 -63.5	13
 -62.5	20
 -61.5	15
 -60.5	16
 -59.5	13
 -58.5	15
 -57.5	15
 -56.5	15
 -55.5	17
 -54.5	6
 -53.5	14
 -52.5	13
 -51.5	22
 -50.5	14
 -49.5	11
 -48.5	17
 -47.5	17
 -46.5	14
 -45.5	16
 -44.5	23
 -43.5	14.5
 -42.5	13.1429
 -41.5	20
 -40.5	18
 -39.5	18
 -38.5	18
 -37.5	20
 -36.5	16
 -35.5	19
 -34.5	18
 -33.5	13
 -32.5	20
 -31.5	9.5
 -30.5	11
 -29.5	17
 -28.5	14
 -27.5	16
 -26.5	16.5
 -25.5	18
 -24.5	11
 -23.5	16
 -22.5	19.5
 -21.5	20
 -20.5	13
 -19.5	21.3333
 -18.5	16
 -17.5	9
 -16.5	11
 -15.5	20.5
 -14.5	14
 -13.5	11.6429
 -12.5	18
 -11.5	21.5
 -10.5	20
  -9.5	14
  -8.5	15
  -7.5	23
  -6.5	20
  -5.5	12
  -4.5	17
  -3.5	13.5
  -2.5	11.5
  -1.5	16
  -0.5	20.3333
   0.5	18
   1.5	10.3333
   2.5	18
   3.5	16
   4.5	17
   5.5	22
   6.5	23
   7.5	21
   8.5	16
   9.5	15
  10.5	28
  11.5	18
  12.5	25
  13.5	17.5
  14.5	22
  15.5	14.1429
  16.5	16
  17.5	14
  18.5	21.5
  19.5	22
  20.5	24
  21.5	19
  22.5	20
  23.5	21
  24.5	17
  25.5	13
  26.5	20.5
  27.5	27
  28.5	16
  29.5	16
  30.5	17
  31.5	14
  32.5	14
  33.5	21
  34.5	14
  35.5	16
  36.5	14.5
  37.5	19
  38.5	18.5
  39.5	13.5
  40.5	16
  41.5	14
  42.5	13
  43.5	17
  44.5	14.6429
  45.5	13.8333
  46.5	13
  47.5	22.5
  48.5	10
  49.5	16
  50.5	15
  51.5	21
  52.5	18
  53.5	12
  54.5	17
  55.5	11.5
  56.5	21.3333
  57.5	18.5
  58.5	15.5
  59.5	21
  60.5	16
  61.5	13
  62.5	24
  63.5	14
  64.5	25
  65.5	19
  66.5	18
  67.5	11
  68.5	19
  69.5	16
  70.5	11
  71.5	18
  72.5	15
  73.5	19
  74.5	16.3333
  75.5	19
  76.5	19
  77.5	18
  78.5	15
  79.5	16.5
  80.5	9.5
  81.5	12
  82.5	10
  83.5	13
  84.5	15
  85.5	15
  86.5	19
  87.5	22
  88.5	18
  89.5	12
  90.5	9
  91.5	18
  92.5	12
  93.5	16
  94.5	19
  95.5	15
  96.5	13
  97.5	10
  98.5	13
  99.5	15
 100.5	10
 101.5	6
 102.5	20
 103.5	10.5
 104.5	15.5
 105.5	15
 106.5	16
 107.5	16.8333
 108.5	11.5
 109.5	21
 110.5	18
 111.5	14
 112.5	12.3333
 113.5	13
 114.5	13
 115.5	7
 116.5	11
 117.5	9
 118.5	9.5
 119.5	10
 120.5	13
 121.5	19
 122.5	19
 123.5	14
 124.5	11
 125.5	11.5
 126.5	27
 127.5	15
 128.5	15
 129.5	10
 130.5	11
 131.5	14
 132.5	11
 133.5	13
 134.5	17
 135.5	14
 136.5	20
 137.5	14
 138.5	23
 139.5	12
 140.5	13
 141.5	14
 142.5	13
 143.5	17
 144.5	13
 145.5	13
 146.5	15
 147.5	11
 148.5	11
 149.5	16
DB 2 MOTIF	CREB5_HUMAN.H11MO.0.D
-149.5	2
-148.5	0
-147.5	0
-146.5	3
-145.5	3
-144.5	1
-143.5	1
-142.5	1
-141.5	1
-140.5	2
-139.5	1
-138.5	1
-137.5	0
-136.5	1
-135.5	0
-134.5	1
-133.5	2
-132.5	0
-131.5	1
-130.5	0
-129.5	2
-128.5	3.5
-127.5	0.5
-126.5	2
-125.5	1
-124.5	0
-123.5	1
-122.5	1
-121.5	2
-120.5	0
-119.5	0
-118.5	1
-117.5	1
-116.5	1
-115.5	3
-114.5	2
-113.5	0
-112.5	0
-111.5	0
-110.5	1
-109.5	2
-108.5	2
-107.5	1
-106.5	1
-105.5	2
-104.5	2
-103.5	4
-102.5	1
-101.5	1
-100.5	0
 -99.5	2.5
 -98.5	3.5
 -97.5	1
 -96.5	2
 -95.5	2
 -94.5	1
 -93.5	2
 -92.5	1
 -91.5	0
 -90.5	0
 -89.5	1.5
 -88.5	3.5
 -87.5	1
 -86.5	1
 -85.5	2
 -84.5	2
 -83.5	1
 -82.5	0
 -81.5	2
 -80.5	0
 -79.5	1
 -78.5	0
 -77.5	1
 -76.5	1
 -75.5	1
 -74.5	3
 -73.5	0
 -72.5	0
 -71.5	0
 -70.5	1
 -69.5	1
 -68.5	3
 -67.5	3
 -66.5	3
 -65.5	0
 -64.5	2
 -63.5	2
 -62.5	1
 -61.5	3
 -60.5	1
 -59.5	2
 -58.5	0
 -57.5	0
 -56.5	1
 -55.5	1
 -54.5	1
 -53.5	0
 -52.5	4
 -51.5	1
 -50.5	0
 -49.5	2
 -48.5	3
 -47.5	3
 -46.5	2
 -45.5	1
 -44.5	4
 -43.5	1
 -42.5	1
 -41.5	3
 -40.5	3
 -39.5	2
 -38.5	0
 -37.5	2
 -36.5	4
 -35.5	5
 -34.5	1
 -33.5	4
 -32.5	3
 -31.5	3
 -30.5	3
 -29.5	3
 -28.5	2.5
 -27.5	0.5
 -26.5	2
 -25.5	2
 -24.5	2
 -23.5	1
 -22.5	2
 -21.5	2
 -20.5	3
 -19.5	1
 -18.5	1
 -17.5	3
 -16.5	0
 -15.5	0
 -14.5	2
 -13.5	1
 -12.5	2
 -11.5	4
 -10.5	1
  -9.5	3
  -8.5	2
  -7.5	2
  -6.5	1
  -5.5	1
  -4.5	0
  -3.5	3.5
  -2.5	2.5
  -1.5	1
  -0.5	3
   0.5	4
   1.5	2
   2.5	1
   3.5	3
   4.5	1
   5.5	1
   6.5	1
   7.5	2
   8.5	3
   9.5	6
  10.5	5
  11.5	1
  12.5	3
  13.5	2
  14.5	0
  15.5	2
  16.5	0
  17.5	2
  18.5	3
  19.5	3
  20.5	0
  21.5	0
  22.5	1
  23.5	2
  24.5	2
  25.5	2
  26.5	2
  27.5	1
  28.5	3
  29.5	2
  30.5	1.5
  31.5	1.5
  32.5	1
  33.5	0
  34.5	4
  35.5	2
  36.5	3
  37.5	2
  38.5	2
  39.5	1
  40.5	1
  41.5	0
  42.5	3
  43.5	3
  44.5	3
  45.5	0
  46.5	2
  47.5	0
  48.5	2
  49.5	3
  50.5	1
  51.5	0
  52.5	2
  53.5	3
  54.5	1
  55.5	2
  56.5	1.5
  57.5	2.5
  58.5	2
  59.5	0
  60.5	0
  61.5	0
  62.5	0
  63.5	6
  64.5	2
  65.5	4
  66.5	0
  67.5	2
  68.5	3
  69.5	2
  70.5	2
  71.5	1
  72.5	3
  73.5	2
  74.5	2
  75.5	2
  76.5	2
  77.5	2
  78.5	1
  79.5	1
  80.5	2
  81.5	0
  82.5	0
  83.5	1
  84.5	2
  85.5	1
  86.5	1
  87.5	2
  88.5	0
  89.5	1
  90.5	1
  91.5	1
  92.5	4
  93.5	3
  94.5	2
  95.5	1
  96.5	1
  97.5	1
  98.5	0
  99.5	2
 100.5	0
 101.5	2
 102.5	2
 103.5	2
 104.5	0
 105.5	2
 106.5	1
 107.5	1
 108.5	2
 109.5	1
 110.5	0
 111.5	0
 112.5	0
 113.5	3
 114.5	0
 115.5	1
 116.5	0
 117.5	0
 118.5	3
 119.5	1
 120.5	0
 121.5	1
 122.5	2
 123.5	1
 124.5	0
 125.5	2
 126.5	1
 127.5	1
 128.5	1
 129.5	0
 130.5	2
 131.5	1
 132.5	1
 133.5	1
 134.5	1
 135.5	4
 136.5	3
 137.5	2
 138.5	3
 139.5	3
 140.5	2
 141.5	1
 142.5	1
 143.5	0
 144.5	0
 145.5	1
 146.5	0
 147.5	1
 148.5	1
 149.5	1
DB 2 MOTIF	CREM_HUMAN.H11MO.0.C
-149.5	8
-148.5	10
-147.5	9
-146.5	17
-145.5	15
-144.5	14
-143.5	11
-142.5	15
-141.5	9
-140.5	16
-139.5	6
-138.5	7.5
-137.5	7
-136.5	7
-135.5	11
-134.5	9
-133.5	9
-132.5	14
-131.5	11
-130.5	6
-129.5	14
-128.5	9
-127.5	9
-126.5	16
-125.5	7
-124.5	11
-123.5	11
-122.5	6
-121.5	6
-120.5	8
-119.5	9
-118.5	11
-117.5	11
-116.5	12
-115.5	6
-114.5	6
-113.5	13
-112.5	6
-111.5	12
-110.5	10
-109.5	6
-108.5	11
-107.5	8
-106.5	10
-105.5	13
-104.5	23
-103.5	13
-102.5	11
-101.5	10
-100.5	14
 -99.5	15
 -98.5	12
 -97.5	8
 -96.5	9
 -95.5	12
 -94.5	9
 -93.5	11
 -92.5	15
 -91.5	9
 -90.5	17
 -89.5	10
 -88.5	14
 -87.5	9
 -86.5	19
 -85.5	7
 -84.5	9
 -83.5	15
 -82.5	6
 -81.5	10
 -80.5	11
 -79.5	11
 -78.5	13
 -77.5	10
 -76.5	9
 -75.5	12
 -74.5	8
 -73.5	17
 -72.5	12
 -71.5	9
 -70.5	7
 -69.5	12
 -68.5	12
 -67.5	16.5
 -66.5	7
 -65.5	15
 -64.5	11
 -63.5	17
 -62.5	18
 -61.5	14
 -60.5	14
 -59.5	10
 -58.5	7
 -57.5	11
 -56.5	12
 -55.5	10
 -54.5	11
 -53.5	6
 -52.5	12
 -51.5	13
 -50.5	13
 -49.5	11
 -48.5	14
 -47.5	14
 -46.5	12
 -45.5	4
 -44.5	20
 -43.5	8
 -42.5	16
 -41.5	17
 -40.5	11
 -39.5	11
 -38.5	5
 -37.5	12
 -36.5	18
 -35.5	8
 -34.5	10
 -33.5	9
 -32.5	19
 -31.5	14
 -30.5	13
 -29.5	18.5
 -28.5	6
 -27.5	15
 -26.5	9
 -25.5	19
 -24.5	12
 -23.5	18
 -22.5	14
 -21.5	13
 -20.5	11
 -19.5	9
 -18.5	11
 -17.5	13
 -16.5	8
 -15.5	18
 -14.5	20
 -13.5	14
 -12.5	11.5
 -11.5	13
 -10.5	16
  -9.5	18
  -8.5	11
  -7.5	14
  -6.5	16
  -5.5	12
  -4.5	11
  -3.5	7
  -2.5	11
  -1.5	14
  -0.5	13
   0.5	10
   1.5	12
   2.5	18
   3.5	12
   4.5	9
   5.5	10
   6.5	11
   7.5	10
   8.5	13
   9.5	16
  10.5	17.5
  11.5	12
  12.5	12
  13.5	11.5
  14.5	17
  15.5	12
  16.5	6.5
  17.5	11
  18.5	11
  19.5	21
  20.5	15
  21.5	8
  22.5	19
  23.5	11.5
  24.5	16
  25.5	17
  26.5	7
  27.5	23
  28.5	11
  29.5	14
  30.5	9
  31.5	7
  32.5	13
  33.5	8
  34.5	7
  35.5	16
  36.5	12
  37.5	12
  38.5	11
  39.5	11
  40.5	5
  41.5	7
  42.5	14
  43.5	12
  44.5	13
  45.5	13
  46.5	11
  47.5	10
  48.5	8
  49.5	12
  50.5	19
  51.5	13
  52.5	7
  53.5	9
  54.5	14
  55.5	9.5
  56.5	12
  57.5	8
  58.5	13.5
  59.5	9
  60.5	9
  61.5	9
  62.5	8
  63.5	13
  64.5	10
  65.5	4
  66.5	12
  67.5	6
  68.5	12
  69.5	10
  70.5	11
  71.5	12
  72.5	15.5
  73.5	11.5
  74.5	12
  75.5	15
  76.5	8
  77.5	10
  78.5	7
  79.5	9
  80.5	4
  81.5	10
  82.5	10
  83.5	12
  84.5	5
  85.5	13
  86.5	17
  87.5	12
  88.5	13
  89.5	5
  90.5	10
  91.5	16
  92.5	9
  93.5	11
  94.5	12
  95.5	6
  96.5	8
  97.5	9
  98.5	12
  99.5	14
 100.5	15
 101.5	9
 102.5	15
 103.5	8
 104.5	11
 105.5	12
 106.5	11
 107.5	4
 108.5	8
 109.5	8
 110.5	15
 111.5	10
 112.5	10
 113.5	10
 114.5	12
 115.5	11
 116.5	13
 117.5	12
 118.5	9
 119.5	8
 120.5	10
 121.5	11
 122.5	9
 123.5	13
 124.5	8
 125.5	8
 126.5	7
 127.5	11
 128.5	10
 129.5	7
 130.5	18
 131.5	12
 132.5	6
 133.5	17
 134.5	5
 135.5	7
 136.5	11
 137.5	12
 138.5	7
 139.5	6
 140.5	9
 141.5	8
 142.5	9
 143.5	7
 144.5	7
 145.5	15
 146.5	15
 147.5	14
 148.5	10
 149.5	5
DB 2 MOTIF	CUX1_HUMAN.H11MO.0.C
-148.0	15
-147.0	13
-146.0	19
-145.0	10
-144.0	17
-143.0	11
-142.0	13
-141.0	12
-140.0	12
-139.0	9
-138.0	15
-137.0	6
-136.0	12
-135.0	5
-134.0	14
-133.0	11
-132.0	11
-131.0	11
-130.0	9
-129.0	10
-128.0	8
-127.0	13.5
-126.0	16
-125.0	8
-124.0	12
-123.0	7
-122.0	11
-121.0	12
-120.0	15
-119.0	23
-118.0	21
-117.0	9
-116.0	11
-115.0	11
-114.0	13
-113.0	16
-112.0	20
-111.0	17
-110.0	12
-109.0	14
-108.0	14
-107.0	13
-106.0	24
-105.0	15
-104.0	13
-103.0	10
-102.0	12
-101.0	14
-100.0	10
 -99.0	9
 -98.0	15
 -97.0	20
 -96.0	12
 -95.0	7
 -94.0	14
 -93.0	13
 -92.0	16
 -91.0	13
 -90.0	12
 -89.0	7
 -88.0	13
 -87.0	9
 -86.0	15
 -85.0	18
 -84.0	11
 -83.0	12
 -82.0	10
 -81.0	10
 -80.0	10
 -79.0	12
 -78.0	12
 -77.0	8
 -76.0	8
 -75.0	16
 -74.0	19
 -73.0	12.5
 -72.0	11
 -71.0	19
 -70.0	14
 -69.0	21
 -68.0	19
 -67.0	19
 -66.0	8
 -65.0	17.5
 -64.0	16
 -63.0	18
 -62.0	11
 -61.0	14
 -60.0	20
 -59.0	10
 -58.0	11
 -57.0	10
 -56.0	10
 -55.0	19
 -54.0	18
 -53.0	13
 -52.0	17
 -51.0	12
 -50.0	14
 -49.0	18
 -48.0	13
 -47.0	23
 -46.0	22
 -45.0	18
 -44.0	19
 -43.0	16
 -42.0	17
 -41.0	27
 -40.0	12
 -39.0	24
 -38.0	17
 -37.0	16
 -36.0	20
 -35.0	12
 -34.0	17
 -33.0	18
 -32.0	13
 -31.0	10
 -30.0	14
 -29.0	19
 -28.0	21.5
 -27.0	33
 -26.0	14
 -25.0	16
 -24.0	12
 -23.0	18
 -22.0	22
 -21.0	13
 -20.0	15
 -19.0	20
 -18.0	18
 -17.0	19
 -16.0	24
 -15.0	16
 -14.0	21
 -13.0	17
 -12.0	22
 -11.0	10
 -10.0	11
  -9.0	25.5
  -8.0	12
  -7.0	18
  -6.0	14
  -5.0	16
  -4.0	24
  -3.0	20
  -2.0	16
  -1.0	13
   0.0	18
   1.0	18
   2.0	9
   3.0	14
   4.0	23.5
   5.0	19
   6.0	18
   7.0	18
   8.0	17
   9.0	21
  10.0	13.5
  11.0	14
  12.0	17
  13.0	14
  14.0	15.6429
  15.0	17
  16.0	34
  17.0	21
  18.0	22
  19.0	22
  20.0	22
  21.0	15
  22.0	13
  23.0	18
  24.0	17
  25.0	20
  26.0	17
  27.0	20
  28.0	19
  29.0	16
  30.0	13
  31.0	20
  32.0	17
  33.0	14
  34.0	15
  35.0	26
  36.0	13.6429
  37.0	18
  38.0	15
  39.0	15
  40.0	11
  41.0	13
  42.0	14
  43.0	18
  44.0	14
  45.0	16.5
  46.0	19
  47.0	14
  48.0	20
  49.0	12
  50.0	17
  51.0	22
  52.0	9
  53.0	20
  54.0	19
  55.0	13
  56.0	13
  57.0	9
  58.0	17.1429
  59.0	15
  60.0	9
  61.0	10
  62.0	10
  63.0	19
  64.0	15
  65.0	21
  66.0	18
  67.0	8
  68.0	16
  69.0	13
  70.0	13
  71.0	16
  72.0	11
  73.0	14
  74.0	11
  75.0	19
  76.0	8
  77.0	17
  78.0	12
  79.0	18
  80.0	11.1429
  81.0	18
  82.0	14
  83.0	19.5
  84.0	5
  85.0	18.5
  86.0	10
  87.0	13
  88.0	13
  89.0	6
  90.0	14.5
  91.0	13
  92.0	18.5
  93.0	11.5
  94.0	16
  95.0	12
  96.0	12
  97.0	14
  98.0	11
  99.0	11
 100.0	17
 101.0	16
 102.0	18.1429
 103.0	11
 104.0	15
 105.0	13
 106.0	9.5
 107.0	16
 108.0	7
 109.0	7
 110.0	12
 111.0	6
 112.0	11
 113.0	13.5
 114.0	12
 115.0	10
 116.0	12
 117.0	8
 118.0	18
 119.0	13
 120.0	9
 121.0	10
 122.0	12
 123.0	13
 124.0	17.1429
 125.0	15.5
 126.0	10
 127.0	16
 128.0	14
 129.0	11
 130.0	10
 131.0	15
 132.0	13
 133.0	16
 134.0	13
 135.0	14
 136.0	18
 137.0	8
 138.0	15
 139.0	14
 140.0	3
 141.0	14
 142.0	12
 143.0	12
 144.0	12
 145.0	28
 146.0	15.1429
 147.0	15
 148.0	11
DB 2 MOTIF	CUX2_HUMAN.H11MO.0.D
-149.5	23
-148.5	21.5
-147.5	26.5
-146.5	12
-145.5	14
-144.5	16.5
-143.5	17
-142.5	24
-141.5	28
-140.5	24.5
-139.5	27.3333
-138.5	21
-137.5	12
-136.5	15
-135.5	19.3333
-134.5	24
-133.5	18
-132.5	17
-131.5	12.3333
-130.5	10
-129.5	24.3333
-128.5	16
-127.5	16
-126.5	7
-125.5	12.8333
-124.5	20
-123.5	18
-122.5	17
-121.5	24.3333
-120.5	21.5
-119.5	19.3333
-118.5	24
-117.5	18
-116.5	13
-115.5	18.5
-114.5	20
-113.5	25
-112.5	19
-111.5	22.5
-110.5	17.5
-109.5	22
-108.5	27.5
-107.5	19
-106.5	23.5
-105.5	17
-104.5	18.5
-103.5	16
-102.5	19.5
-101.5	22
-100.5	15
 -99.5	22
 -98.5	25
 -97.5	12
 -96.5	22
 -95.5	22.5
 -94.5	14
 -93.5	18
 -92.5	23
 -91.5	19.5
 -90.5	13
 -89.5	19
 -88.5	27
 -87.5	19
 -86.5	20
 -85.5	27
 -84.5	20.5
 -83.5	30.3333
 -82.5	28.5
 -81.5	24
 -80.5	17.5
 -79.5	12
 -78.5	27
 -77.5	16
 -76.5	16
 -75.5	20
 -74.5	19
 -73.5	20
 -72.5	29
 -71.5	17
 -70.5	18
 -69.5	14
 -68.5	26.5
 -67.5	12
 -66.5	21
 -65.5	20
 -64.5	19
 -63.5	24
 -62.5	17.5
 -61.5	24
 -60.5	17.5
 -59.5	20
 -58.5	25.5
 -57.5	25
 -56.5	29
 -55.5	22
 -54.5	21.5
 -53.5	13
 -52.5	21.5
 -51.5	21
 -50.5	23
 -49.5	20
 -48.5	21
 -47.5	21
 -46.5	15.5
 -45.5	29
 -44.5	20
 -43.5	21
 -42.5	32.5
 -41.5	22.5
 -40.5	17.5
 -39.5	31
 -38.5	28
 -37.5	23.5
 -36.5	35
 -35.5	29
 -34.5	29
 -33.5	30
 -32.5	27
 -31.5	18
 -30.5	32
 -29.5	30.3333
 -28.5	26
 -27.5	34
 -26.5	27
 -25.5	26
 -24.5	28
 -23.5	34
 -22.5	29
 -21.5	18
 -20.5	37
 -19.5	16
 -18.5	28
 -17.5	27.5
 -16.5	32
 -15.5	25
 -14.5	23
 -13.5	27
 -12.5	20
 -11.5	29
 -10.5	31
  -9.5	20
  -8.5	26
  -7.5	27.5
  -6.5	27
  -5.5	33
  -4.5	33
  -3.5	27
  -2.5	40.5
  -1.5	36
  -0.5	34
   0.5	33.5
   1.5	23
   2.5	36.5
   3.5	28
   4.5	28
   5.5	32.5
   6.5	25
   7.5	23
   8.5	29
   9.5	21
  10.5	25
  11.5	34
  12.5	26
  13.5	30
  14.5	27
  15.5	23
  16.5	19
  17.5	34.5
  18.5	27.5
  19.5	33
  20.5	33
  21.5	18
  22.5	28
  23.5	39
  24.5	27.5
  25.5	31
  26.5	29.5
  27.5	30
  28.5	26
  29.5	26
  30.5	21
  31.5	26
  32.5	33
  33.5	21
  34.5	37
  35.5	28.5
  36.5	27
  37.5	21
  38.5	17
  39.5	30
  40.5	24.5
  41.5	26
  42.5	32
  43.5	22
  44.5	32
  45.5	32
  46.5	18
  47.5	21
  48.5	28.5
  49.5	13
  50.5	20
  51.5	33
  52.5	37
  53.5	24
  54.5	25
  55.5	36
  56.5	18
  57.5	33
  58.5	19
  59.5	19
  60.5	21
  61.5	28
  62.5	17
  63.5	14
  64.5	26.5
  65.5	17
  66.5	25
  67.5	33
  68.5	26.5
  69.5	19
  70.5	15
  71.5	16
  72.5	27
  73.5	15
  74.5	29
  75.5	22
  76.5	26
  77.5	14
  78.5	24.5
  79.5	24
  80.5	23
  81.5	23
  82.5	18
  83.5	20
  84.5	23
  85.5	20.5
  86.5	17
  87.5	25
  88.5	22.5
  89.5	11
  90.5	11
  91.5	27
  92.5	26
  93.5	24.5
  94.5	15
  95.5	21
  96.5	16
  97.5	30
  98.5	16
  99.5	14
 100.5	24
 101.5	25
 102.5	19
 103.5	23
 104.5	25
 105.5	22
 106.5	15
 107.5	15.5
 108.5	20
 109.5	20
 110.5	16
 111.5	12
 112.5	18
 113.5	17
 114.5	25
 115.5	16
 116.5	13
 117.5	21
 118.5	21
 119.5	16
 120.5	12
 121.5	24
 122.5	24.5
 123.5	19
 124.5	17.5
 125.5	24.5
 126.5	21
 127.5	6
 128.5	19
 129.5	16
 130.5	18
 131.5	22.5
 132.5	13
 133.5	17
 134.5	17
 135.5	19
 136.5	20
 137.5	25.5
 138.5	17
 139.5	24.5
 140.5	14
 141.5	24
 142.5	15.5
 143.5	27
 144.5	14
 145.5	23
 146.5	17
 147.5	26
 148.5	16.5
 149.5	17.5
DB 2 MOTIF	CXXC1_HUMAN.H11MO.0.D
-151.5	7.5
-150.5	14.5
-149.5	23
-148.5	20
-147.5	25.5
-146.5	21
-145.5	16
-144.5	16
-143.5	14
-142.5	19.5
-141.5	31.5
-140.5	26
-139.5	19.25
-138.5	31.3333
-137.5	20
-136.5	14.5
-135.5	16.5
-134.5	29.6667
-133.5	27
-132.5	18
-131.5	30
-130.5	17.5833
-129.5	16
-128.5	23
-127.5	22.25
-126.5	14.5
-125.5	22.5
-124.5	14.3333
-123.5	15
-122.5	23.5
-121.5	15
-120.5	32
-119.5	24
-118.5	20.5
-117.5	28.3333
-116.5	28
-115.5	18.5
-114.5	27
-113.5	24.5
-112.5	22.5
-111.5	22.5
-110.5	18.3333
-109.5	25
-108.5	21.3333
-107.5	16.5
-106.5	21.5
-105.5	33
-104.5	10
-103.5	25
-102.5	18.5
-101.5	18.5
-100.5	24
 -99.5	16.5
 -98.5	19
 -97.5	25
 -96.5	23.5
 -95.5	23.5
 -94.5	23
 -93.5	25
 -92.5	23
 -91.5	31.5
 -90.5	23
 -89.5	24.5
 -88.5	18.5
 -87.5	19
 -86.5	33.8333
 -85.5	11.5
 -84.5	20.5
 -83.5	25
 -82.5	25
 -81.5	21.5
 -80.5	11
 -79.5	20
 -78.5	22.3333
 -77.5	30.3333
 -76.5	22.8333
 -75.5	25.1667
 -74.5	24.5
 -73.5	31
 -72.5	13.5
 -71.5	19.5
 -70.5	24.5
 -69.5	24
 -68.5	25.5
 -67.5	25.5
 -66.5	19.5
 -65.5	26.5
 -64.5	25
 -63.5	24
 -62.5	28
 -61.5	23.5
 -60.5	21
 -59.5	27
 -58.5	25.5
 -57.5	23.5
 -56.5	24
 -55.5	21.5
 -54.5	24.5
 -53.5	28.8333
 -52.5	22.5
 -51.5	26.5
 -50.5	19.5
 -49.5	25.5
 -48.5	27.3333
 -47.5	18.5
 -46.5	27
 -45.5	19
 -44.5	27
 -43.5	29
 -42.5	25.5
 -41.5	27.5
 -40.5	27.5
 -39.5	22.5
 -38.5	28.5
 -37.5	32
 -36.5	33.5
 -35.5	25.5
 -34.5	21
 -33.5	19.3333
 -32.5	24.8333
 -31.5	27.3333
 -30.5	33
 -29.5	16.5
 -28.5	23
 -27.5	19
 -26.5	31
 -25.5	27
 -24.5	23.5833
 -23.5	27
 -22.5	24.1667
 -21.5	32
 -20.5	19
 -19.5	29.5
 -18.5	23
 -17.5	26
 -16.5	28.8333
 -15.5	24
 -14.5	29.5
 -13.5	29.3333
 -12.5	16
 -11.5	26.5
 -10.5	22.8333
  -9.5	18
  -8.5	28.5
  -7.5	30.3333
  -6.5	22
  -5.5	30.5
  -4.5	24.5
  -3.5	16
  -2.5	34.5
  -1.5	27
  -0.5	21.5
   0.5	26
   1.5	27.5
   2.5	32.8333
   3.5	35
   4.5	23.8333
   5.5	22.5
   6.5	25.8333
   7.5	30
   8.5	31
   9.5	22.5
  10.5	35.3333
  11.5	30.5
  12.5	26.5
  13.5	34.5
  14.5	26
  15.5	26
  16.5	27
  17.5	20.8333
  18.5	29.5
  19.5	25.3333
  20.5	20
  21.5	32
  22.5	26.5
  23.5	33
  24.5	18.5
  25.5	23.5
  26.5	17.8333
  27.5	21.25
  28.5	28
  29.5	33.3333
  30.5	30
  31.5	32
  32.5	23.5
  33.5	21.5833
  34.5	31
  35.5	21.5
  36.5	27
  37.5	24.5
  38.5	30.3333
  39.5	23.5
  40.5	25
  41.5	29.8333
  42.5	15
  43.5	28.5
  44.5	25.8333
  45.5	19
  46.5	22.5
  47.5	31.5
  48.5	26
  49.5	29
  50.5	22
  51.5	33.3333
  52.5	30.5
  53.5	19.5
  54.5	16.3333
  55.5	29.5
  56.5	28.5
  57.5	31.3333
  58.5	29
  59.5	19.5
  60.5	28.3333
  61.5	15.5
  62.5	20
  63.5	25.5
  64.5	20.5
  65.5	24
  66.5	18
  67.5	23
  68.5	26.5
  69.5	27.3333
  70.5	23.5
  71.5	24.3333
  72.5	23.3333
  73.5	27
  74.5	30
  75.5	27.3333
  76.5	26.5
  77.5	35.6667
  78.5	15.5
  79.5	22.75
  80.5	26
  81.5	19
  82.5	15.75
  83.5	30
  84.5	20.5
  85.5	26.25
  86.5	18.5
  87.5	23.5
  88.5	16.25
  89.5	30
  90.5	28.5
  91.5	30.5833
  92.5	23.5
  93.5	23.5
  94.5	27.5
  95.5	11.5
  96.5	21.5
  97.5	19
  98.5	18.5
  99.5	20.3333
 100.5	18
 101.5	21.8333
 102.5	15.5
 103.5	21.5
 104.5	24
 105.5	19.5
 106.5	24.3333
 107.5	22.5
 108.5	22.5
 109.5	19
 110.5	20
 111.5	23
 112.5	22
 113.5	30
 114.5	27
 115.5	30
 116.5	21.5
 117.5	17
 118.5	29
 119.5	29
 120.5	19
 121.5	16
 122.5	19
 123.5	18
 124.5	18
 125.5	19.5
 126.5	20.3333
 127.5	24
 128.5	25.3333
 129.5	19.5
 130.5	24.5
 131.5	26.25
 132.5	19
 133.5	16
 134.5	24.5
 135.5	24
 136.5	17.5
 137.5	28.5
 138.5	23
 139.5	29
 140.5	25
 141.5	21
 142.5	21
 143.5	27.5
 144.5	22.5
 145.5	20
 146.5	15.5
 147.5	20.5
 148.5	15
 149.5	11.5
 150.5	20
 151.5	11
DB 2 MOTIF	DBP_HUMAN.H11MO.0.B
-149.5	17
-148.5	18
-147.5	13
-146.5	13
-145.5	18
-144.5	14
-143.5	15.5
-142.5	13
-141.5	19
-140.5	12
-139.5	22
-138.5	11
-137.5	16
-136.5	9
-135.5	18.5
-134.5	22.5
-133.5	20
-132.5	8
-131.5	6
-130.5	21
-129.5	19
-128.5	20
-127.5	17
-126.5	20
-125.5	18
-124.5	14
-123.5	10
-122.5	18
-121.5	9
-120.5	16
-119.5	15
-118.5	19
-117.5	18
-116.5	12
-115.5	14
-114.5	22
-113.5	21
-112.5	11.8333
-111.5	26
-110.5	14
-109.5	16
-108.5	15
-107.5	19
-106.5	22
-105.5	21
-104.5	12
-103.5	13
-102.5	19
-101.5	15
-100.5	12
 -99.5	25.5
 -98.5	17.5
 -97.5	19
 -96.5	14
 -95.5	23.5
 -94.5	14.5
 -93.5	20
 -92.5	17
 -91.5	9
 -90.5	17
 -89.5	9
 -88.5	15
 -87.5	17
 -86.5	25
 -85.5	15.5
 -84.5	12
 -83.5	24
 -82.5	13.5
 -81.5	19
 -80.5	13
 -79.5	20.8333
 -78.5	17.5
 -77.5	13
 -76.5	18
 -75.5	21
 -74.5	25
 -73.5	19
 -72.5	23
 -71.5	14
 -70.5	15
 -69.5	20
 -68.5	18
 -67.5	28
 -66.5	22
 -65.5	21
 -64.5	18
 -63.5	16
 -62.5	19.5
 -61.5	11
 -60.5	23
 -59.5	11
 -58.5	18
 -57.5	21
 -56.5	31
 -55.5	21
 -54.5	22
 -53.5	15
 -52.5	22
 -51.5	24
 -50.5	19.5
 -49.5	26
 -48.5	16
 -47.5	21
 -46.5	25
 -45.5	22.3333
 -44.5	23
 -43.5	24
 -42.5	25.5
 -41.5	18.5
 -40.5	22.5
 -39.5	17
 -38.5	26
 -37.5	20
 -36.5	25
 -35.5	21
 -34.5	25
 -33.5	14
 -32.5	19
 -31.5	19
 -30.5	18
 -29.5	25
 -28.5	14.5
 -27.5	27.5
 -26.5	22
 -25.5	26.5
 -24.5	26
 -23.5	18
 -22.5	25
 -21.5	24
 -20.5	21
 -19.5	17
 -18.5	10
 -17.5	25.3333
 -16.5	15
 -15.5	15.3333
 -14.5	31
 -13.5	24
 -12.5	23
 -11.5	22
 -10.5	27
  -9.5	31
  -8.5	20
  -7.5	25
  -6.5	20
  -5.5	32
  -4.5	14
  -3.5	20
  -2.5	17.5
  -1.5	33
  -0.5	29
   0.5	30.3333
   1.5	22
   2.5	25
   3.5	16
   4.5	23.5
   5.5	21.3333
   6.5	21
   7.5	21.5
   8.5	27.5
   9.5	25.5
  10.5	30
  11.5	29
  12.5	27
  13.5	24
  14.5	27
  15.5	18
  16.5	23.5
  17.5	28
  18.5	25
  19.5	24
  20.5	20.5
  21.5	21.3333
  22.5	19
  23.5	21
  24.5	21
  25.5	16
  26.5	19
  27.5	27
  28.5	23
  29.5	21.5
  30.5	23
  31.5	18.5
  32.5	15.3333
  33.5	22.5
  34.5	18
  35.5	24
  36.5	19
  37.5	28
  38.5	18
  39.5	20
  40.5	16.5
  41.5	19
  42.5	13.5
  43.5	15
  44.5	19.5
  45.5	15.5
  46.5	22.5
  47.5	28.1667
  48.5	22
  49.5	21
  50.5	25
  51.5	21
  52.5	20
  53.5	22.5
  54.5	25
  55.5	19
  56.5	20.5
  57.5	24
  58.5	21
  59.5	23
  60.5	16
  61.5	18
  62.5	15
  63.5	19
  64.5	24
  65.5	23
  66.5	22
  67.5	17
  68.5	11
  69.5	15
  70.5	21
  71.5	16
  72.5	21
  73.5	15
  74.5	8
  75.5	16
  76.5	13
  77.5	12
  78.5	24
  79.5	19
  80.5	14
  81.5	19
  82.5	23.5
  83.5	12
  84.5	14
  85.5	20
  86.5	21
  87.5	16
  88.5	19.5
  89.5	21
  90.5	24.3333
  91.5	9.33333
  92.5	17
  93.5	23
  94.5	20
  95.5	12
  96.5	13.5
  97.5	12.5
  98.5	19.5
  99.5	17
 100.5	20.5
 101.5	21
 102.5	15
 103.5	18
 104.5	11
 105.5	8
 106.5	14
 107.5	14.5
 108.5	15.5
 109.5	13.5
 110.5	13
 111.5	12
 112.5	10
 113.5	16.3333
 114.5	14.3333
 115.5	11
 116.5	12
 117.5	11
 118.5	12
 119.5	15
 120.5	7.5
 121.5	11
 122.5	15
 123.5	15
 124.5	19.5
 125.5	21.5
 126.5	16
 127.5	22
 128.5	14
 129.5	21
 130.5	10
 131.5	19
 132.5	18
 133.5	19
 134.5	18
 135.5	21
 136.5	18
 137.5	19
 138.5	12
 139.5	16
 140.5	16
 141.5	13
 142.5	16
 143.5	16
 144.5	15
 145.5	21
 146.5	14
 147.5	13
 148.5	16
 149.5	13
DB 2 MOTIF	DDIT3_HUMAN.H11MO.0.D
-150.0	15
-149.0	11
-148.0	19
-147.0	9
-146.0	18.5
-145.0	10
-144.0	9
-143.0	19
-142.0	19.5
-141.0	15
-140.0	15
-139.0	16
-138.0	9
-137.0	9
-136.0	9
-135.0	15
-134.0	6
-133.0	13
-132.0	17.5
-131.0	12
-130.0	18
-129.0	15.5
-128.0	9
-127.0	11
-126.0	14
-125.0	18
-124.0	13
-123.0	13
-122.0	18
-121.0	16
-120.0	21
-119.0	18
-118.0	22
-117.0	11
-116.0	18.5
-115.0	13
-114.0	12
-113.0	14
-112.0	15
-111.0	18.5
-110.0	22
-109.0	19
-108.0	12
-107.0	18
-106.0	14
-105.0	16
-104.0	14
-103.0	13
-102.0	18
-101.0	24
-100.0	12
 -99.0	15
 -98.0	11.5
 -97.0	8.5
 -96.0	15
 -95.0	16
 -94.0	17
 -93.0	9
 -92.0	20
 -91.0	13
 -90.0	16
 -89.0	22
 -88.0	10
 -87.0	13
 -86.0	20
 -85.0	9
 -84.0	12
 -83.0	22
 -82.0	18
 -81.0	12
 -80.0	19
 -79.0	24
 -78.0	15
 -77.0	16
 -76.0	13
 -75.0	15
 -74.0	18
 -73.0	19
 -72.0	12
 -71.0	17
 -70.0	19
 -69.0	13
 -68.0	13
 -67.0	19
 -66.0	22
 -65.0	18
 -64.0	19.5
 -63.0	12.3333
 -62.0	16.5
 -61.0	19
 -60.0	14
 -59.0	19
 -58.0	13
 -57.0	20
 -56.0	13
 -55.0	18
 -54.0	24
 -53.0	20
 -52.0	26.5
 -51.0	19.5
 -50.0	24.5
 -49.0	18
 -48.0	12.5
 -47.0	20
 -46.0	15
 -45.0	21
 -44.0	12
 -43.0	16.5
 -42.0	14
 -41.0	18
 -40.0	15
 -39.0	21
 -38.0	20
 -37.0	21
 -36.0	21
 -35.0	20
 -34.0	19
 -33.0	16
 -32.0	15
 -31.0	16
 -30.0	22
 -29.0	22
 -28.0	17.5
 -27.0	19
 -26.0	19
 -25.0	18
 -24.0	19
 -23.0	18
 -22.0	26
 -21.0	25
 -20.0	18
 -19.0	16
 -18.0	18.3333
 -17.0	21.5
 -16.0	17
 -15.0	23
 -14.0	24.5
 -13.0	22
 -12.0	24.8333
 -11.0	14
 -10.0	18
  -9.0	18
  -8.0	24
  -7.0	12
  -6.0	16
  -5.0	22
  -4.0	16
  -3.0	20.5
  -2.0	21
  -1.0	19.5
   0.0	19
   1.0	18
   2.0	17
   3.0	14
   4.0	26
   5.0	16.5
   6.0	16
   7.0	27
   8.0	25
   9.0	27
  10.0	23.5
  11.0	25.5
  12.0	27
  13.0	17.5
  14.0	21
  15.0	16.5
  16.0	15.5
  17.0	16
  18.0	17
  19.0	23
  20.0	19.5
  21.0	19
  22.0	20.3333
  23.0	19
  24.0	16
  25.0	20
  26.0	15
  27.0	20
  28.0	20
  29.0	21
  30.0	18
  31.0	22
  32.0	16
  33.0	9
  34.0	26
  35.0	8
  36.0	30
  37.0	15
  38.0	17
  39.0	19.5
  40.0	15.5
  41.0	21.5
  42.0	12.5
  43.0	22
  44.0	10
  45.0	13
  46.0	19
  47.0	16.3333
  48.0	12
  49.0	20
  50.0	25
  51.0	15
  52.0	15
  53.0	18
  54.0	22
  55.0	27.5
  56.0	13.5
  57.0	16
  58.0	21
  59.0	12
  60.0	19
  61.0	18
  62.0	13
  63.0	16
  64.0	20.5
  65.0	19
  66.0	22
  67.0	17
  68.0	14
  69.0	13
  70.0	14
  71.0	15
  72.0	18
  73.0	11
  74.0	19
  75.0	15
  76.0	18
  77.0	12
  78.0	21
  79.0	9
  80.0	17
  81.0	8
  82.0	13.5
  83.0	12
  84.0	11
  85.0	15
  86.0	12
  87.0	17
  88.0	12
  89.0	20
  90.0	21
  91.0	13
  92.0	15
  93.0	18.5
  94.0	18
  95.0	14
  96.0	7
  97.0	16
  98.0	14
  99.0	13
 100.0	17
 101.0	9
 102.0	10
 103.0	8
 104.0	20
 105.0	14
 106.0	17
 107.0	12
 108.0	10
 109.0	16
 110.0	15
 111.0	10
 112.0	14
 113.0	18
 114.0	14.3333
 115.0	21
 116.0	13
 117.0	12
 118.0	14
 119.0	13
 120.0	16
 121.0	12
 122.0	14
 123.0	16
 124.0	14
 125.0	16.5
 126.0	20.5
 127.0	16
 128.0	13
 129.0	11
 130.0	12
 131.0	9
 132.0	15
 133.0	12
 134.0	11
 135.0	15
 136.0	19
 137.0	15
 138.0	15.5
 139.0	21
 140.0	16
 141.0	14
 142.0	19
 143.0	14
 144.0	12
 145.0	14
 146.0	12
 147.0	17
 148.0	15
 149.0	13
 150.0	15
DB 2 MOTIF	ELK4_HUMAN.H11MO.0.A
-149.0	11
-148.0	14.5
-147.0	12.3333
-146.0	14
-145.0	12
-144.0	9
-143.0	18
-142.0	11
-141.0	11
-140.0	11
-139.0	8
-138.0	13
-137.0	9
-136.0	10
-135.0	14
-134.0	16
-133.0	15
-132.0	7
-131.0	11
-130.0	15
-129.0	8
-128.0	13
-127.0	12
-126.0	9
-125.0	15.5
-124.0	13
-123.0	15
-122.0	9
-121.0	13
-120.0	13
-119.0	11.5
-118.0	14
-117.0	7
-116.0	18
-115.0	9.5
-114.0	7
-113.0	13
-112.0	10
-111.0	14
-110.0	9
-109.0	11
-108.0	11
-107.0	15
-106.0	11
-105.0	17
-104.0	6
-103.0	14
-102.0	9
-101.0	11
-100.0	14
 -99.0	14
 -98.0	8
 -97.0	14
 -96.0	12
 -95.0	11
 -94.0	12
 -93.0	14
 -92.0	19
 -91.0	12
 -90.0	17
 -89.0	18
 -88.0	15
 -87.0	13
 -86.0	22
 -85.0	15
 -84.0	18
 -83.0	17
 -82.0	8
 -81.0	12.5
 -80.0	13
 -79.0	7
 -78.0	9
 -77.0	20
 -76.0	11.5
 -75.0	14
 -74.0	19
 -73.0	15
 -72.0	16
 -71.0	13
 -70.0	16
 -69.0	13
 -68.0	12
 -67.0	14.5
 -66.0	16
 -65.0	15
 -64.0	10
 -63.0	8
 -62.0	11
 -61.0	20
 -60.0	7
 -59.0	12
 -58.0	12
 -57.0	13
 -56.0	13
 -55.0	10
 -54.0	16
 -53.0	18
 -52.0	14
 -51.0	15
 -50.0	15
 -49.0	11
 -48.0	14
 -47.0	7
 -46.0	13
 -45.0	18
 -44.0	21
 -43.0	15
 -42.0	13
 -41.0	14
 -40.0	14.5
 -39.0	15
 -38.0	8
 -37.0	12
 -36.0	13
 -35.0	15
 -34.0	7
 -33.0	10
 -32.0	11
 -31.0	18
 -30.0	7
 -29.0	17
 -28.0	13
 -27.0	14
 -26.0	6
 -25.0	16
 -24.0	12
 -23.0	10
 -22.0	14
 -21.0	16
 -20.0	20
 -19.0	17
 -18.0	16.5
 -17.0	14
 -16.0	10
 -15.0	10
 -14.0	11
 -13.0	16.5
 -12.0	15
 -11.0	16
 -10.0	13
  -9.0	18.5
  -8.0	16
  -7.0	17.3333
  -6.0	13
  -5.0	17.5
  -4.0	14
  -3.0	15
  -2.0	13
  -1.0	10
   0.0	18
   1.0	13
   2.0	11
   3.0	17
   4.0	11.5
   5.0	14
   6.0	10
   7.0	10
   8.0	8
   9.0	12
  10.0	10
  11.0	13
  12.0	16
  13.0	8.5
  14.0	15
  15.0	16
  16.0	13
  17.0	10
  18.0	17
  19.0	11
  20.0	4
  21.0	24
  22.0	14
  23.0	14
  24.0	12
  25.0	17
  26.0	11
  27.0	11
  28.0	11
  29.0	10
  30.0	7
  31.0	11
  32.0	8
  33.0	14
  34.0	14.5
  35.0	14
  36.0	11
  37.0	17
  38.0	19.5
  39.0	7.5
  40.0	14
  41.0	13.5
  42.0	12
  43.0	15.5
  44.0	22
  45.0	12
  46.0	17
  47.0	12.5
  48.0	14
  49.0	10.5
  50.0	13
  51.0	9
  52.0	15
  53.0	9
  54.0	10
  55.0	21
  56.0	13
  57.0	12
  58.0	15
  59.0	19
  60.0	11
  61.0	10
  62.0	14
  63.0	9.33333
  64.0	11
  65.0	24
  66.0	16
  67.0	16
  68.0	12
  69.0	11
  70.0	11
  71.0	16
  72.0	16
  73.0	17.5
  74.0	17
  75.0	18
  76.0	18
  77.0	16
  78.0	15
  79.0	17
  80.0	11
  81.0	16
  82.0	14
  83.0	16
  84.0	14
  85.0	19
  86.0	10
  87.0	13
  88.0	10.5
  89.0	22
  90.0	6
  91.0	14
  92.0	15
  93.0	6
  94.0	14.5
  95.0	10
  96.0	15
  97.0	11
  98.0	11
  99.0	11
 100.0	13
 101.0	14
 102.0	23
 103.0	13
 104.0	11
 105.0	15
 106.0	13
 107.0	12
 108.0	15
 109.0	14
 110.0	21
 111.0	11
 112.0	10
 113.0	6
 114.0	8
 115.0	13
 116.0	13
 117.0	14
 118.0	7
 119.0	16
 120.0	8
 121.0	9
 122.0	11
 123.0	10
 124.0	12
 125.0	6
 126.0	9
 127.0	14.5
 128.0	17
 129.0	10
 130.0	17
 131.0	16.5
 132.0	9
 133.0	15
 134.0	15
 135.0	18
 136.0	9
 137.0	14
 138.0	15.5
 139.0	9
 140.0	20
 141.0	12
 142.0	5
 143.0	9.5
 144.0	7
 145.0	16
 146.0	7
 147.0	12
 148.0	11
 149.0	11
DB 2 MOTIF	EPAS1_HUMAN.H11MO.0.B
-150.5	12
-149.5	13
-148.5	18
-147.5	21
-146.5	14
-145.5	14
-144.5	19
-143.5	9
-142.5	7
-141.5	16
-140.5	15
-139.5	18
-138.5	14
-137.5	19
-136.5	10
-135.5	17
-134.5	12
-133.5	18.5
-132.5	23
-131.5	16
-130.5	14
-129.5	14
-128.5	18
-127.5	14
-126.5	11
-125.5	13
-124.5	16.5
-123.5	11.5
-122.5	20
-121.5	16
-120.5	15
-119.5	11
-118.5	12
-117.5	16
-116.5	21
-115.5	13
-114.5	13
-113.5	16
-112.5	9
-111.5	8
-110.5	12.5
-109.5	11
-108.5	13
-107.5	12
-106.5	17
-105.5	16
-104.5	16
-103.5	18.25
-102.5	18
-101.5	19
-100.5	13
 -99.5	15
 -98.5	14.5
 -97.5	18
 -96.5	17
 -95.5	9
 -94.5	18
 -93.5	20.5
 -92.5	12.5
 -91.5	15
 -90.5	9
 -89.5	12
 -88.5	14.5
 -87.5	10
 -86.5	10
 -85.5	9
 -84.5	14
 -83.5	17
 -82.5	14
 -81.5	21.5
 -80.5	15.5
 -79.5	12
 -78.5	18
 -77.5	14.5
 -76.5	16
 -75.5	20
 -74.5	26
 -73.5	16.5
 -72.5	12
 -71.5	16
 -70.5	10
 -69.5	15
 -68.5	17
 -67.5	23
 -66.5	10
 -65.5	11
 -64.5	16
 -63.5	17
 -62.5	18.5
 -61.5	21.3333
 -60.5	15
 -59.5	18
 -58.5	23.5
 -57.5	18.3333
 -56.5	18.5
 -55.5	11.5
 -54.5	15
 -53.5	21.3333
 -52.5	18.5
 -51.5	20
 -50.5	14
 -49.5	20.5
 -48.5	14.5
 -47.5	17.5
 -46.5	12.75
 -45.5	14
 -44.5	16.5
 -43.5	14.5
 -42.5	19
 -41.5	10.5
 -40.5	14.5
 -39.5	15
 -38.5	12
 -37.5	15.5
 -36.5	22.5
 -35.5	17
 -34.5	20
 -33.5	20.5
 -32.5	17.8333
 -31.5	23
 -30.5	16
 -29.5	28
 -28.5	20.5
 -27.5	16
 -26.5	14.5
 -25.5	16.5
 -24.5	17
 -23.5	19.5
 -22.5	16
 -21.5	12
 -20.5	19
 -19.5	25
 -18.5	17
 -17.5	19.5
 -16.5	20
 -15.5	16.5
 -14.5	18
 -13.5	20.5
 -12.5	15.5
 -11.5	18
 -10.5	12.5
  -9.5	17
  -8.5	12
  -7.5	16
  -6.5	15
  -5.5	18
  -4.5	18
  -3.5	20.3333
  -2.5	15
  -1.5	17
  -0.5	14
   0.5	14
   1.5	25
   2.5	23
   3.5	10
   4.5	22
   5.5	17
   6.5	15.5
   7.5	20
   8.5	18
   9.5	21
  10.5	20
  11.5	14
  12.5	21.5
  13.5	18.25
  14.5	16
  15.5	17.5
  16.5	22.5
  17.5	17.5
  18.5	21
  19.5	21
  20.5	18
  21.5	13
  22.5	19.5
  23.5	14
  24.5	21
  25.5	19.3333
  26.5	27
  27.5	25
  28.5	19
  29.5	19
  30.5	14
  31.5	19.5
  32.5	23.5
  33.5	17.5
  34.5	21
  35.5	15
  36.5	13
  37.5	14.5
  38.5	21.5
  39.5	16
  40.5	19
  41.5	14.5
  42.5	16
  43.5	11
  44.5	15
  45.5	14
  46.5	12.5
  47.5	20
  48.5	15
  49.5	17.5
  50.5	21
  51.5	11
  52.5	13
  53.5	16
  54.5	13
  55.5	16.5
  56.5	23
  57.5	9
  58.5	17
  59.5	16
  60.5	17.5
  61.5	17.5
  62.5	19
  63.5	8
  64.5	15
  65.5	22
  66.5	13
  67.5	15.5
  68.5	9
  69.5	11.25
  70.5	11
  71.5	12.5
  72.5	14
  73.5	17
  74.5	19
  75.5	17
  76.5	14
  77.5	16
  78.5	18
  79.5	17.5
  80.5	14
  81.5	11
  82.5	13
  83.5	11
  84.5	23
  85.5	14
  86.5	17.5
  87.5	16.5
  88.5	14.5
  89.5	13
  90.5	14
  91.5	11
  92.5	20
  93.5	24
  94.5	9
  95.5	14
  96.5	11
  97.5	20.5
  98.5	12.5
  99.5	11.5
 100.5	17
 101.5	24
 102.5	14
 103.5	10
 104.5	12
 105.5	14
 106.5	12.5
 107.5	15
 108.5	18
 109.5	12.5
 110.5	13
 111.5	19.5
 112.5	16.5
 113.5	16
 114.5	10
 115.5	14
 116.5	9
 117.5	21
 118.5	16.5
 119.5	18
 120.5	14.5
 121.5	12
 122.5	15
 123.5	11
 124.5	12
 125.5	14
 126.5	14
 127.5	15
 128.5	17
 129.5	14
 130.5	12
 131.5	14
 132.5	17
 133.5	14
 134.5	17
 135.5	13.5
 136.5	16
 137.5	18
 138.5	11
 139.5	17
 140.5	10
 141.5	17.5
 142.5	10
 143.5	10.5
 144.5	13.5
 145.5	15
 146.5	11.5
 147.5	11.5
 148.5	17
 149.5	12
 150.5	17
DB 2 MOTIF	ERR1_HUMAN.H11MO.0.A
-147.5	12
-146.5	11
-145.5	9
-144.5	12
-143.5	8
-142.5	18
-141.5	8
-140.5	14
-139.5	15
-138.5	11
-137.5	8
-136.5	16
-135.5	13
-134.5	9
-133.5	12
-132.5	11
-131.5	9
-130.5	6
-129.5	14
-128.5	10
-127.5	8
-126.5	12
-125.5	24
-124.5	11
-123.5	17
-122.5	11
-121.5	22
-120.5	11
-119.5	15.5
-118.5	8
-117.5	12
-116.5	8
-115.5	6
-114.5	18
-113.5	18
-112.5	12
-111.5	16
-110.5	12
-109.5	18
-108.5	13
-107.5	14
-106.5	14
-105.5	19.5
-104.5	16
-103.5	11
-102.5	10
-101.5	14
-100.5	13
 -99.5	15
 -98.5	14
 -97.5	13
 -96.5	15
 -95.5	16
 -94.5	12
 -93.5	13
 -92.5	12
 -91.5	27.125
 -90.5	16
 -89.5	12
 -88.5	11
 -87.5	15
 -86.5	18
 -85.5	17
 -84.5	9
 -83.5	11
 -82.5	13
 -81.5	17
 -80.5	12
 -79.5	17
 -78.5	11
 -77.5	21
 -76.5	11
 -75.5	19
 -74.5	13
 -73.5	12
 -72.5	26
 -71.5	11
 -70.5	17
 -69.5	11
 -68.5	12.5
 -67.5	17
 -66.5	14
 -65.5	12
 -64.5	24
 -63.5	19
 -62.5	13
 -61.5	16
 -60.5	21
 -59.5	17
 -58.5	17
 -57.5	18.5
 -56.5	12
 -55.5	11
 -54.5	15
 -53.5	10
 -52.5	7
 -51.5	12
 -50.5	17
 -49.5	18
 -48.5	14.5
 -47.5	23
 -46.5	18
 -45.5	13
 -44.5	20
 -43.5	27
 -42.5	16.5
 -41.5	9
 -40.5	13
 -39.5	20
 -38.5	14
 -37.5	13
 -36.5	25
 -35.5	19
 -34.5	27.125
 -33.5	19.5
 -32.5	30
 -31.5	20
 -30.5	12
 -29.5	17
 -28.5	29
 -27.5	19
 -26.5	17
 -25.5	23
 -24.5	18
 -23.5	19
 -22.5	16
 -21.5	17
 -20.5	28
 -19.5	20
 -18.5	23
 -17.5	21
 -16.5	25
 -15.5	23
 -14.5	35
 -13.5	17
 -12.5	17
 -11.5	21
 -10.5	18
  -9.5	27
  -8.5	20
  -7.5	19
  -6.5	21.5
  -5.5	21
  -4.5	21
  -3.5	21
  -2.5	23
  -1.5	19
  -0.5	26.5
   0.5	19
   1.5	22
   2.5	23.125
   3.5	20
   4.5	30
   5.5	18
   6.5	18
   7.5	28
   8.5	26
   9.5	23
  10.5	15
  11.5	27
  12.5	19
  13.5	20
  14.5	24
  15.5	25
  16.5	15
  17.5	18
  18.5	24
  19.5	20
  20.5	27
  21.5	21
  22.5	21.5
  23.5	21
  24.5	21.5
  25.5	22
  26.5	25
  27.5	19
  28.5	32
  29.5	15
  30.5	19
  31.5	23
  32.5	18
  33.5	18
  34.5	22
  35.5	25
  36.5	18
  37.5	26
  38.5	20
  39.5	19.125
  40.5	26
  41.5	18
  42.5	18
  43.5	17
  44.5	25
  45.5	20
  46.5	14
  47.5	21
  48.5	19
  49.5	23
  50.5	18
  51.5	26
  52.5	18
  53.5	17
  54.5	20
  55.5	19
  56.5	19.125
  57.5	16
  58.5	21
  59.5	15
  60.5	18
  61.5	23
  62.5	23
  63.5	17
  64.5	20.5
  65.5	22
  66.5	16
  67.5	21
  68.5	12
  69.5	18
  70.5	17
  71.5	15
  72.5	13
  73.5	19.125
  74.5	9
  75.5	12
  76.5	15
  77.5	17
  78.5	13
  79.5	13
  80.5	12
  81.5	9
  82.5	14
  83.5	19
  84.5	13
  85.5	18
  86.5	15
  87.5	13
  88.5	17
  89.5	18
  90.5	20
  91.5	14
  92.5	17
  93.5	9
  94.5	18
  95.5	11
  96.5	10
  97.5	10
  98.5	6
  99.5	14
 100.5	9
 101.5	11
 102.5	13
 103.5	9
 104.5	13
 105.5	7
 106.5	13
 107.5	14
 108.5	11.5
 109.5	9
 110.5	19.125
 111.5	14
 112.5	13
 113.5	9
 114.5	16
 115.5	16
 116.5	14
 117.5	12
 118.5	17
 119.5	14
 120.5	12
 121.5	13
 122.5	12
 123.5	7
 124.5	8
 125.5	8
 126.5	15
 127.5	11.125
 128.5	12
 129.5	7
 130.5	15
 131.5	9
 132.5	10
 133.5	19
 134.5	11
 135.5	16
 136.5	15
 137.5	9
 138.5	12
 139.5	15
 140.5	12
 141.5	12
 142.5	10
 143.5	12
 144.5	12
 145.5	9
 146.5	19
 147.5	15.5
DB 2 MOTIF	ERR2_HUMAN.H11MO.0.A
-150.5	22.5
-149.5	10
-148.5	16.3333
-147.5	8
-146.5	12
-145.5	12
-144.5	10.5
-143.5	19.5
-142.5	19
-141.5	17
-140.5	13.5
-139.5	10
-138.5	14
-137.5	23.5
-136.5	11
-135.5	17.5
-134.5	17
-133.5	9.16667
-132.5	15.5
-131.5	12
-130.5	8
-129.5	9
-128.5	14.5
-127.5	19
-126.5	9
-125.5	17
-124.5	13.5
-123.5	11.4167
-122.5	15
-121.5	19
-120.5	16.5
-119.5	16
-118.5	11
-117.5	14
-116.5	17
-115.5	17.1667
-114.5	11
-113.5	10
-112.5	21
-111.5	21
-110.5	11
-109.5	18
-108.5	15
-107.5	18.5
-106.5	13
-105.5	11
-104.5	10
-103.5	20
-102.5	20
-101.5	15
-100.5	12
 -99.5	20
 -98.5	16.3333
 -97.5	16.5
 -96.5	16
 -95.5	14
 -94.5	12
 -93.5	22.3333
 -92.5	15
 -91.5	9
 -90.5	10
 -89.5	20.5833
 -88.5	24
 -87.5	19
 -86.5	14
 -85.5	12
 -84.5	17
 -83.5	15
 -82.5	14.5
 -81.5	16
 -80.5	14
 -79.5	21
 -78.5	11
 -77.5	16
 -76.5	19
 -75.5	17
 -74.5	20.3333
 -73.5	20
 -72.5	21.3333
 -71.5	13.5
 -70.5	20
 -69.5	24
 -68.5	19
 -67.5	17
 -66.5	19.5
 -65.5	15
 -64.5	12
 -63.5	13
 -62.5	24
 -61.5	22.1667
 -60.5	23
 -59.5	11.5
 -58.5	16
 -57.5	17
 -56.5	16
 -55.5	20.3333
 -54.5	17
 -53.5	21
 -52.5	25
 -51.5	14.5
 -50.5	12
 -49.5	20.0833
 -48.5	14.5
 -47.5	18.5
 -46.5	20.5
 -45.5	18
 -44.5	19
 -43.5	15.6667
 -42.5	22
 -41.5	27.5
 -40.5	15
 -39.5	11
 -38.5	14
 -37.5	24
 -36.5	23
 -35.5	17.3333
 -34.5	32.5
 -33.5	21
 -32.5	23.5833
 -31.5	25
 -30.5	34
 -29.5	23.5
 -28.5	17
 -27.5	23
 -26.5	26.5
 -25.5	22.1667
 -24.5	20.5
 -23.5	23
 -22.5	16
 -21.5	20
 -20.5	26
 -19.5	18.5
 -18.5	26
 -17.5	22
 -16.5	26
 -15.5	26
 -14.5	25
 -13.5	29.5
 -12.5	21.0833
 -11.5	17
 -10.5	23
  -9.5	21.3333
  -8.5	25.5
  -7.5	29.5
  -6.5	24.5
  -5.5	25.3333
  -4.5	26
  -3.5	25
  -2.5	30
  -1.5	20
  -0.5	25
   0.5	20
   1.5	27.3333
   2.5	26
   3.5	28
   4.5	21.0833
   5.5	26
   6.5	31
   7.5	18.5
   8.5	26.5
   9.5	26
  10.5	17.5
  11.5	25
  12.5	23
  13.5	29
  14.5	15
  15.5	20
  16.5	27.5
  17.5	23.5
  18.5	34.5
  19.5	18
  20.5	18.5
  21.5	36
  22.5	23
  23.5	25
  24.5	25
  25.5	22
  26.5	22.5
  27.5	20.5
  28.5	22
  29.5	31
  30.5	25.5
  31.5	22
  32.5	23
  33.5	25
  34.5	16.5
  35.5	16
  36.5	20
  37.5	26.5
  38.5	14
  39.5	22
  40.5	21.5
  41.5	25.5833
  42.5	18
  43.5	26
  44.5	19.3333
  45.5	14
  46.5	26
  47.5	16
  48.5	18
  49.5	24.5
  50.5	17
  51.5	15
  52.5	20
  53.5	22
  54.5	17
  55.5	24
  56.5	15
  57.5	13
  58.5	16.4167
  59.5	24.5
  60.5	22
  61.5	17.3333
  62.5	17
  63.5	23
  64.5	23
  65.5	18
  66.5	20.5
  67.5	25.5
  68.5	17
  69.5	17.5
  70.5	17
  71.5	18
  72.5	18.5
  73.5	15
  74.5	15.5
  75.5	19.0833
  76.5	14.5
  77.5	13
  78.5	18
  79.5	17
  80.5	15
  81.5	16.5
  82.5	10.5
  83.5	22
  84.5	21
  85.5	18
  86.5	18
  87.5	12
  88.5	18
  89.5	9
  90.5	15
  91.5	17
  92.5	17
  93.5	14
  94.5	25
  95.5	16.0833
  96.5	8
  97.5	21
  98.5	13
  99.5	12
 100.5	12
 101.5	12
 102.5	15
 103.5	10
 104.5	11
 105.5	13.5
 106.5	14.5
 107.5	12
 108.5	14
 109.5	18
 110.5	10
 111.5	9
 112.5	17.0833
 113.5	18
 114.5	15
 115.5	13
 116.5	11
 117.5	13
 118.5	14
 119.5	19
 120.5	10
 121.5	10
 122.5	15
 123.5	13
 124.5	11
 125.5	10
 126.5	11
 127.5	15
 128.5	21
 129.5	18.0833
 130.5	16
 131.5	18
 132.5	7
 133.5	14
 134.5	7
 135.5	14
 136.5	11
 137.5	15
 138.5	13.5
 139.5	8
 140.5	12.5
 141.5	18
 142.5	15
 143.5	18
 144.5	11
 145.5	15
 146.5	13
 147.5	11
 148.5	15
 149.5	7
 150.5	15
DB 2 MOTIF	ERR3_HUMAN.H11MO.0.B
-150.5	17
-149.5	11
-148.5	16
-147.5	11
-146.5	7.5
-145.5	8
-144.5	16
-143.5	16
-142.5	14
-141.5	13
-140.5	15
-139.5	14
-138.5	15
-137.5	13
-136.5	9
-135.5	7
-134.5	12
-133.5	6.16667
-132.5	22
-131.5	17
-130.5	11
-129.5	13
-128.5	13.5
-127.5	19.5
-126.5	11
-125.5	16
-124.5	8
-123.5	12.5
-122.5	14
-121.5	19
-120.5	11
-119.5	13
-118.5	12
-117.5	7
-116.5	14
-115.5	19.1667
-114.5	16
-113.5	9
-112.5	14
-111.5	14
-110.5	5
-109.5	19
-108.5	12
-107.5	15
-106.5	13.5
-105.5	14
-104.5	10
-103.5	9
-102.5	11.5
-101.5	14
-100.5	14
 -99.5	17.5
 -98.5	12
 -97.5	15
 -96.5	13
 -95.5	16
 -94.5	10
 -93.5	24
 -92.5	10
 -91.5	14
 -90.5	15.5
 -89.5	18
 -88.5	22
 -87.5	15.5
 -86.5	13
 -85.5	10
 -84.5	19.5
 -83.5	15
 -82.5	15
 -81.5	15.5
 -80.5	14.3333
 -79.5	14
 -78.5	19
 -77.5	16
 -76.5	16
 -75.5	15
 -74.5	14
 -73.5	20
 -72.5	11
 -71.5	14
 -70.5	17.5
 -69.5	23.5
 -68.5	14.5
 -67.5	19
 -66.5	21.5
 -65.5	8
 -64.5	14
 -63.5	15
 -62.5	15
 -61.5	17.1667
 -60.5	20
 -59.5	12
 -58.5	20
 -57.5	16
 -56.5	9
 -55.5	18
 -54.5	15.5
 -53.5	20
 -52.5	25
 -51.5	19.5
 -50.5	15
 -49.5	13
 -48.5	12
 -47.5	20.5
 -46.5	24.5
 -45.5	18
 -44.5	19
 -43.5	18.1667
 -42.5	12.5
 -41.5	23
 -40.5	17
 -39.5	11
 -38.5	14
 -37.5	22.5
 -36.5	17
 -35.5	11
 -34.5	29.5
 -33.5	15
 -32.5	19
 -31.5	27
 -30.5	24
 -29.5	22.5
 -28.5	15
 -27.5	21
 -26.5	19.5
 -25.5	20.6667
 -24.5	13
 -23.5	16
 -22.5	17
 -21.5	20
 -20.5	23
 -19.5	22.5
 -18.5	19.5
 -17.5	11
 -16.5	15
 -15.5	16.5
 -14.5	18
 -13.5	17
 -12.5	15
 -11.5	22
 -10.5	17
  -9.5	17
  -8.5	20.5
  -7.5	12.1667
  -6.5	18.5
  -5.5	21
  -4.5	16
  -3.5	18
  -2.5	23
  -1.5	23
  -0.5	14
   0.5	16.2
   1.5	20.2
   2.5	16
   3.5	22.5
   4.5	23.5
   5.5	21
   6.5	19
   7.5	18
   8.5	19
   9.5	22
  10.5	13.5
  11.5	23
  12.5	24
  13.5	15.5
  14.5	12
  15.5	18.5
  16.5	23
  17.5	16
  18.5	24.3333
  19.5	17.3333
  20.5	15.5
  21.5	32
  22.5	19.5
  23.5	21
  24.5	16
  25.5	16
  26.5	24.5
  27.5	18.5
  28.5	17
  29.5	21.5
  30.5	20
  31.5	26.5
  32.5	20.5
  33.5	20.5
  34.5	18
  35.5	23
  36.5	24.3333
  37.5	20
  38.5	23
  39.5	18
  40.5	16
  41.5	22
  42.5	16
  43.5	23
  44.5	20
  45.5	17
  46.5	21
  47.5	14
  48.5	15
  49.5	24
  50.5	17
  51.5	12
  52.5	16
  53.5	13.5
  54.5	13
  55.5	25
  56.5	15
  57.5	15
  58.5	18
  59.5	14
  60.5	18
  61.5	16.5
  62.5	23.5
  63.5	13.5
  64.5	17
  65.5	19
  66.5	15
  67.5	21.5
  68.5	20
  69.5	10
  70.5	16.5
  71.5	14
  72.5	21.5
  73.5	15.5
  74.5	21.5
  75.5	15.2
  76.5	14.2
  77.5	17
  78.5	20
  79.5	18.5
  80.5	21
  81.5	15
  82.5	11.5
  83.5	19
  84.5	16
  85.5	19
  86.5	16
  87.5	18
  88.5	12
  89.5	15
  90.5	10
  91.5	15
  92.5	9
  93.5	20
  94.5	16
  95.5	10
  96.5	7.5
  97.5	22.5
  98.5	11
  99.5	17
 100.5	7
 101.5	16.5
 102.5	14
 103.5	17.5
 104.5	20
 105.5	17
 106.5	13.2
 107.5	12
 108.5	11
 109.5	18
 110.5	14
 111.5	10
 112.5	13.5
 113.5	19
 114.5	18
 115.5	9
 116.5	15
 117.5	15
 118.5	12
 119.5	17
 120.5	12.3333
 121.5	11.3333
 122.5	12
 123.5	16
 124.5	10
 125.5	14
 126.5	17
 127.5	19
 128.5	16
 129.5	14
 130.5	11
 131.5	16
 132.5	10.5
 133.5	14
 134.5	10
 135.5	17
 136.5	5
 137.5	13
 138.5	13
 139.5	13.5
 140.5	18
 141.5	18
 142.5	18
 143.5	17
 144.5	17.5
 145.5	22.5
 146.5	15
 147.5	16
 148.5	14
 149.5	16
 150.5	10.5
DB 2 MOTIF	ESR1_HUMAN.H11MO.1.A
-150.0	15
-149.0	17
-148.0	14
-147.0	20.5
-146.0	12
-145.0	13.0769
-144.0	16
-143.0	16.5
-142.0	21
-141.0	23
-140.0	24
-139.0	21
-138.0	16
-137.0	21
-136.0	23
-135.0	10.25
-134.0	18.5
-133.0	16
-132.0	20
-131.0	21
-130.0	15
-129.0	24
-128.0	13
-127.0	16
-126.0	19
-125.0	22.0769
-124.0	20.5
-123.0	20
-122.0	18.3333
-121.0	19
-120.0	19
-119.0	15
-118.0	15.5
-117.0	18.5
-116.0	14
-115.0	9
-114.0	26
-113.0	25
-112.0	22
-111.0	18
-110.0	17
-109.0	18
-108.0	16
-107.0	12
-106.0	23.5
-105.0	15
-104.0	21
-103.0	27
-102.0	16
-101.0	22
-100.0	22
 -99.0	19.25
 -98.0	18
 -97.0	16
 -96.0	23.5
 -95.0	13
 -94.0	17
 -93.0	17
 -92.0	24
 -91.0	22.0769
 -90.0	21
 -89.0	21
 -88.0	21
 -87.0	23
 -86.0	20
 -85.0	22
 -84.0	15
 -83.0	15
 -82.0	16
 -81.0	25
 -80.0	12
 -79.0	19
 -78.0	23
 -77.0	17
 -76.0	25
 -75.0	21
 -74.0	7
 -73.0	20
 -72.0	18
 -71.0	33
 -70.0	18
 -69.0	18.5
 -68.0	18
 -67.0	17
 -66.0	18
 -65.0	20
 -64.0	22
 -63.0	16.75
 -62.0	26
 -61.0	18
 -60.0	14.5
 -59.0	18
 -58.0	14
 -57.0	19.5
 -56.0	14
 -55.0	17
 -54.0	18.5
 -53.0	15
 -52.0	21
 -51.0	22.0769
 -50.0	21
 -49.0	14.5
 -48.0	32.5
 -47.0	18.5
 -46.0	23.5
 -45.0	34.5
 -44.0	24.5
 -43.0	28.5
 -42.0	16.5
 -41.0	19.5
 -40.0	16
 -39.0	24
 -38.0	18
 -37.0	19
 -36.0	18.3333
 -35.0	23
 -34.0	19.0769
 -33.0	26
 -32.0	30
 -31.0	18
 -30.0	28
 -29.0	25
 -28.0	30.5
 -27.0	17
 -26.0	31
 -25.0	27
 -24.0	26
 -23.0	23
 -22.0	25
 -21.0	26
 -20.0	27
 -19.0	25
 -18.0	27.5
 -17.0	24
 -16.0	25
 -15.0	19
 -14.0	28.0769
 -13.0	28
 -12.0	23
 -11.0	23
 -10.0	24
  -9.0	27.25
  -8.0	25
  -7.0	24.5
  -6.0	24
  -5.0	22
  -4.0	24.5
  -3.0	19
  -2.0	25
  -1.0	32
   0.0	30.5
   1.0	23.5
   2.0	31
   3.0	25.0769
   4.0	28
   5.0	33.3333
   6.0	15.5
   7.0	36.5
   8.0	27.5
   9.0	23
  10.0	22.5
  11.0	18
  12.0	17
  13.0	32
  14.0	18.5
  15.0	23.5
  16.0	24.5
  17.0	26
  18.0	25
  19.0	18
  20.0	31
  21.0	23
  22.0	29.5
  23.0	34
  24.0	25.5
  25.0	20.5
  26.0	35
  27.0	31.5
  28.0	24
  29.0	31
  30.0	27
  31.0	21
  32.0	23.5
  33.0	32.5
  34.0	29
  35.0	29.5
  36.0	25
  37.0	23
  38.0	28
  39.0	21.5
  40.0	22.4103
  41.0	18
  42.0	20
  43.0	25
  44.0	28
  45.0	27
  46.0	24.8333
  47.0	15
  48.0	26
  49.0	19
  50.0	23
  51.0	21.5
  52.0	20
  53.0	22
  54.0	30
  55.0	31
  56.0	23
  57.0	28.5769
  58.0	20.5
  59.0	20
  60.0	28
  61.0	18.5
  62.0	20
  63.0	25
  64.0	19
  65.0	22.5
  66.0	24.5
  67.0	20
  68.0	15
  69.0	24.5
  70.0	18
  71.0	21.5
  72.0	18
  73.0	28
  74.0	23.0769
  75.0	11.5
  76.0	17
  77.0	16
  78.0	21
  79.0	17
  80.0	14
  81.0	20
  82.0	21
  83.0	19
  84.0	20.5
  85.0	24
  86.0	19
  87.0	24
  88.0	25
  89.0	26
  90.0	21
  91.0	26
  92.0	12
  93.0	18
  94.0	16.0769
  95.0	14
  96.0	18
  97.0	17
  98.0	16
  99.0	19
 100.0	16
 101.0	14
 102.0	16
 103.0	21
 104.0	16
 105.0	15
 106.0	16
 107.0	17
 108.0	20.5
 109.0	18
 110.0	20
 111.0	26.4103
 112.0	19
 113.0	18
 114.0	13
 115.0	20
 116.0	17
 117.0	16
 118.0	24
 119.0	18
 120.0	9
 121.0	22
 122.0	21
 123.0	12
 124.0	17
 125.0	13
 126.0	22.5
 127.0	20
 128.0	14.0769
 129.0	17
 130.0	17
 131.0	13
 132.0	21
 133.0	16
 134.0	7
 135.0	14
 136.0	19
 137.0	18
 138.0	15
 139.0	14.5
 140.0	10
 141.0	15.5
 142.0	22
 143.0	19
 144.0	17
 145.0	16
 146.0	22
 147.0	18.5
 148.0	11.5
 149.0	22
 150.0	23
DB 2 MOTIF	ESR2_HUMAN.H11MO.1.A
-151.5	20.5
-150.5	17.3333
-149.5	15.5
-148.5	11.8333
-147.5	17.0833
-146.5	15
-145.5	17.0769
-144.5	11.5
-143.5	14.8333
-142.5	22.8755
-141.5	17.5
-140.5	25.5
-139.5	18.5
-138.5	16.8333
-137.5	11
-136.5	24
-135.5	18.75
-134.5	15
-133.5	13
-132.5	18.5
-131.5	17.8333
-130.5	16.5
-129.5	18.0588
-128.5	21
-127.5	13
-126.5	16.5
-125.5	19.9103
-124.5	20.5
-123.5	16.5
-122.5	20.2833
-121.5	23.8333
-120.5	13
-119.5	23.5
-118.5	17.0667
-117.5	16.5
-116.5	13.5588
-115.5	19.5
-114.5	20.75
-113.5	20
-112.5	19.5
-111.5	22
-110.5	18.5
-109.5	16.5
-108.5	16.3333
-107.5	12
-106.5	19.5
-105.5	25.0667
-104.5	16.5
-103.5	24.5588
-102.5	32
-101.5	20
-100.5	21.8333
 -99.5	19.25
 -98.5	16
 -97.5	16
 -96.5	25
 -95.5	21
 -94.5	14.5
 -93.5	17.5
 -92.5	17
 -91.5	21.5769
 -90.5	18.5
 -89.5	19
 -88.5	19.5
 -87.5	28.5
 -86.5	14.5
 -85.5	21
 -84.5	16
 -83.5	12.5
 -82.5	18
 -81.5	26
 -80.5	20.5
 -79.5	22.3167
 -78.5	20.8333
 -77.5	24.5588
 -76.5	19
 -75.5	23
 -74.5	18
 -73.5	12.5
 -72.5	18.25
 -71.5	25.5
 -70.5	26.5
 -69.5	15
 -68.5	18.5
 -67.5	18.3333
 -66.5	22
 -65.5	19
 -64.5	29.0588
 -63.5	18.75
 -62.5	28.5
 -61.5	25.5
 -60.5	19.5
 -59.5	20
 -58.5	10
 -57.5	22.9167
 -56.5	22.5
 -55.5	17
 -54.5	19
 -53.5	20.5667
 -52.5	21.5
 -51.5	21.9691
 -50.5	15.5
 -49.5	23.3333
 -48.5	24.75
 -47.5	25
 -46.5	25
 -45.5	25
 -44.5	32
 -43.5	22
 -42.5	28.5
 -41.5	19
 -40.5	14.5
 -39.5	17.3333
 -38.5	19.0588
 -37.5	21
 -36.5	23
 -35.5	18.8333
 -34.5	29.5769
 -33.5	26.5
 -32.5	29.8333
 -31.5	18.1667
 -30.5	23
 -29.5	30
 -28.5	39
 -27.5	26.4
 -26.5	28.5
 -25.5	24.7588
 -24.5	21.5
 -23.5	26
 -22.5	24.5
 -21.5	25.3333
 -20.5	33
 -19.5	21.5
 -18.5	25.5
 -17.5	25
 -16.5	26
 -15.5	24
 -14.5	29.6436
 -13.5	25.5333
 -12.5	28.0588
 -11.5	29.5833
 -10.5	32
  -9.5	28.75
  -8.5	28.3333
  -7.5	26.5
  -6.5	21.25
  -5.5	31.75
  -4.5	19.75
  -3.5	23
  -2.5	23.5
  -1.5	23.0667
  -0.5	36.75
   0.5	22
   1.5	33.5
   2.5	29.5769
   3.5	20
   4.5	35
   5.5	36.9167
   6.5	28.5
   7.5	39
   8.5	27.5
   9.5	20.5
  10.5	16
  11.5	21
  12.5	23.5
  13.5	25.3088
  14.5	27.5
  15.5	33
  16.5	28
  17.5	22.5
  18.5	26.5
  19.5	25.3333
  20.5	27.5
  21.5	29.5
  22.5	35.8333
  23.5	34.5
  24.5	23.8167
  25.5	32.5
  26.5	35.3922
  27.5	24
  28.5	35.5
  29.5	31.5
  30.5	19
  31.5	26
  32.5	25
  33.5	31.8333
  34.5	34
  35.5	32.8333
  36.5	25
  37.5	32.5667
  38.5	24.25
  39.5	23.2191
  40.5	20.8333
  41.5	26
  42.5	19.5
  43.5	31
  44.5	23.8333
  45.5	25.75
  46.5	19.4167
  47.5	21
  48.5	20.8333
  49.5	23.25
  50.5	20.9
  51.5	23.3333
  52.5	19.5588
  53.5	32
  54.5	31
  55.5	22.5
  56.5	19.5269
  57.5	24.3333
  58.5	23.8333
  59.5	23.5
  60.5	28.5
  61.5	21.5
  62.5	31.3333
  63.5	16
  64.5	18.1667
  65.5	28.5588
  66.5	16.5
  67.5	23.5
  68.5	19.5
  69.5	26.5
  70.5	24.5
  71.5	19
  72.5	17
  73.5	38.0769
  74.5	20
  75.5	14
  76.5	26.5667
  77.5	16.5
  78.5	20.5
  79.5	15
  80.5	22
  81.5	17.5
  82.5	26.8333
  83.5	21
  84.5	15
  85.5	24
  86.5	20
  87.5	23.5
  88.5	22.5
  89.5	18
  90.5	27.3333
  91.5	14.5
  92.5	12.5
  93.5	15.5769
  94.5	17
  95.5	15
  96.5	18.5
  97.5	23.3333
  98.5	17.5
  99.5	19
 100.5	12.5
 101.5	18
 102.5	16.5667
 103.5	15
 104.5	21.5588
 105.5	14.8333
 106.5	21.95
 107.5	23
 108.5	23.5
 109.5	16
 110.5	21.0769
 111.5	25.6667
 112.5	18
 113.5	10
 114.5	14.8333
 115.5	21.5
 116.5	22.5
 117.5	13.8922
 118.5	21.5
 119.5	18.5
 120.5	12.5
 121.5	18.3333
 122.5	22
 123.5	8
 124.5	17
 125.5	20
 126.5	27.5
 127.5	18.0769
 128.5	19.9
 129.5	12.5
 130.5	15.5
 131.5	13
 132.5	16
 133.5	19.3333
 134.5	14
 135.5	25
 136.5	15.5
 137.5	19.5
 138.5	20
 139.5	14.5
 140.5	18.3333
 141.5	22.0667
 142.5	22
 143.5	19
 144.5	17.5
 145.5	15
 146.5	20.5
 147.5	21
 148.5	13.5
 149.5	21.25
 150.5	19.8333
 151.5	15.5
DB 2 MOTIF	FOSB_HUMAN.H11MO.0.A
-150.5	15
-149.5	16
-148.5	18
-147.5	20.5
-146.5	24.5
-145.5	20
-144.5	14
-143.5	22.5
-142.5	23.5
-141.5	21
-140.5	13.5
-139.5	20
-138.5	17
-137.5	25
-136.5	16
-135.5	26
-134.5	14
-133.5	14
-132.5	16
-131.5	17
-130.5	15
-129.5	18
-128.5	21.1429
-127.5	19
-126.5	17.5
-125.5	17
-124.5	24
-123.5	18.25
-122.5	26
-121.5	17
-120.5	17.5
-119.5	18
-118.5	19
-117.5	17
-116.5	14
-115.5	15
-114.5	16
-113.5	24
-112.5	15
-111.5	15.5
-110.5	17.5
-109.5	16
-108.5	17
-107.5	20.5
-106.5	12
-105.5	24.5
-104.5	14
-103.5	16
-102.5	15
-101.5	15
-100.5	14
 -99.5	19.6429
 -98.5	20
 -97.5	26
 -96.5	11.5
 -95.5	22
 -94.5	16.8333
 -93.5	21.5
 -92.5	15
 -91.5	18
 -90.5	23
 -89.5	27.5
 -88.5	31.5
 -87.5	23
 -86.5	16
 -85.5	23
 -84.5	20
 -83.5	17
 -82.5	23
 -81.5	15
 -80.5	24
 -79.5	23
 -78.5	15
 -77.5	21
 -76.5	16
 -75.5	18
 -74.5	17.5
 -73.5	15
 -72.5	21
 -71.5	17
 -70.5	19.1429
 -69.5	14
 -68.5	12.8333
 -67.5	19
 -66.5	16
 -65.5	27.5
 -64.5	18
 -63.5	15.5
 -62.5	23.3333
 -61.5	17.5
 -60.5	19
 -59.5	22
 -58.5	21
 -57.5	20
 -56.5	27
 -55.5	17
 -54.5	23
 -53.5	25.25
 -52.5	15
 -51.5	17
 -50.5	15.5
 -49.5	12.5
 -48.5	23
 -47.5	25
 -46.5	16
 -45.5	28.5
 -44.5	25.5
 -43.5	16
 -42.5	24.5
 -41.5	23.6429
 -40.5	24.3333
 -39.5	13
 -38.5	22
 -37.5	17
 -36.5	24.3333
 -35.5	23.5
 -34.5	22.5
 -33.5	16
 -32.5	16
 -31.5	11
 -30.5	17.5
 -29.5	27
 -28.5	20
 -27.5	20
 -26.5	15
 -25.5	25
 -24.5	24.8333
 -23.5	23
 -22.5	13
 -21.5	20
 -20.5	15.5
 -19.5	24.5
 -18.5	30.5
 -17.5	17
 -16.5	25
 -15.5	23.5
 -14.5	14
 -13.5	18.5
 -12.5	23.6429
 -11.5	25.3333
 -10.5	32
  -9.5	22
  -8.5	20
  -7.5	21
  -6.5	15
  -5.5	27
  -4.5	22
  -3.5	18
  -2.5	23.5
  -1.5	27
  -0.5	27
   0.5	19
   1.5	23
   2.5	25
   3.5	23
   4.5	21.3333
   5.5	19
   6.5	22
   7.5	23.5
   8.5	18.5
   9.5	23
  10.5	26
  11.5	25.5
  12.5	22
  13.5	25
  14.5	28
  15.5	18
  16.5	17.8929
  17.5	15
  18.5	20.5
  19.5	14
  20.5	29
  21.5	23
  22.5	12.3333
  23.5	23
  24.5	18
  25.5	20
  26.5	19
  27.5	34
  28.5	16
  29.5	18.5
  30.5	19
  31.5	23.5
  32.5	26
  33.5	19
  34.5	21
  35.5	16
  36.5	14
  37.5	15
  38.5	19
  39.5	20
  40.5	15
  41.5	18
  42.5	22
  43.5	17.5
  44.5	22
  45.5	14.1429
  46.5	16
  47.5	20
  48.5	20
  49.5	15
  50.5	30
  51.5	19
  52.5	25.5
  53.5	24
  54.5	22
  55.5	20.5
  56.5	14
  57.5	31
  58.5	26
  59.5	15.5
  60.5	19
  61.5	16
  62.5	25
  63.5	24
  64.5	19
  65.5	17.5
  66.5	22
  67.5	17
  68.5	27
  69.5	15.5
  70.5	22
  71.5	14.5
  72.5	19
  73.5	16.5
  74.5	19
  75.5	21.5
  76.5	20
  77.5	23
  78.5	21
  79.5	17
  80.5	15.5
  81.5	18
  82.5	19.5
  83.5	18.5
  84.5	26
  85.5	20
  86.5	22.25
  87.5	26
  88.5	16
  89.5	23
  90.5	11
  91.5	14
  92.5	15
  93.5	25.5
  94.5	20
  95.5	15.5
  96.5	13
  97.5	14
  98.5	17
  99.5	17
 100.5	20
 101.5	20
 102.5	27
 103.5	15
 104.5	20
 105.5	15
 106.5	10
 107.5	17
 108.5	21
 109.5	20
 110.5	23
 111.5	19
 112.5	14
 113.5	16
 114.5	18
 115.5	18
 116.5	20.5
 117.5	23
 118.5	20
 119.5	23
 120.5	12
 121.5	23
 122.5	11
 123.5	24
 124.5	11.5
 125.5	22
 126.5	21
 127.5	23.5
 128.5	15
 129.5	22
 130.5	15
 131.5	23
 132.5	18
 133.5	18
 134.5	10.5
 135.5	32
 136.5	14
 137.5	18.5
 138.5	15
 139.5	22
 140.5	22
 141.5	18
 142.5	13
 143.5	23
 144.5	10
 145.5	20
 146.5	17.5
 147.5	12
 148.5	18
 149.5	12
 150.5	21
DB 2 MOTIF	FOSL1_HUMAN.H11MO.0.A
-149.0	7
-148.0	4
-147.0	6
-146.0	5
-145.0	6
-144.0	2
-143.0	6
-142.0	10
-141.0	11
-140.0	5
-139.0	11
-138.0	10
-137.0	4
-136.0	5
-135.0	11
-134.0	3
-133.0	7
-132.0	10
-131.0	3
-130.0	10
-129.0	11
-128.0	6.14286
-127.0	8
-126.0	6
-125.0	6
-124.0	4
-123.0	15.25
-122.0	7
-121.0	8
-120.0	3
-119.0	13
-118.0	6
-117.0	6
-116.0	4
-115.0	10
-114.0	10
-113.0	5
-112.0	7.5
-111.0	6
-110.0	3
-109.0	3
-108.0	9.5
-107.0	2
-106.0	7
-105.0	7
-104.0	6
-103.0	3
-102.0	8
-101.0	6
-100.0	7
 -99.0	8.14286
 -98.0	13
 -97.0	7
 -96.0	5
 -95.0	2
 -94.0	7
 -93.0	10
 -92.0	7
 -91.0	9
 -90.0	7
 -89.0	11
 -88.0	9
 -87.0	9
 -86.0	10
 -85.0	10
 -84.0	11
 -83.0	8
 -82.0	8
 -81.0	10
 -80.0	10
 -79.0	5
 -78.0	7
 -77.0	15
 -76.0	10
 -75.0	9
 -74.0	5
 -73.0	8
 -72.0	9
 -71.0	12
 -70.0	8.14286
 -69.0	9
 -68.0	7.5
 -67.0	10
 -66.0	7
 -65.0	11
 -64.0	9
 -63.0	14
 -62.0	7.33333
 -61.0	8
 -60.0	11
 -59.0	5
 -58.0	7.33333
 -57.0	9
 -56.0	10
 -55.0	9
 -54.0	11
 -53.0	5.25
 -52.0	9
 -51.0	10
 -50.0	5
 -49.0	9
 -48.0	9
 -47.0	11
 -46.0	14
 -45.0	11
 -44.0	9
 -43.0	12
 -42.0	12
 -41.0	11.1429
 -40.0	10.5
 -39.0	11
 -38.0	7
 -37.0	10
 -36.0	9
 -35.0	12
 -34.0	8
 -33.0	5
 -32.0	8
 -31.0	6
 -30.0	11
 -29.0	8
 -28.0	10
 -27.0	10
 -26.0	10
 -25.0	10
 -24.0	9
 -23.0	7.5
 -22.0	8
 -21.0	7
 -20.0	10
 -19.0	16
 -18.0	8
 -17.0	8
 -16.0	9
 -15.0	13
 -14.0	9
 -13.0	13
 -12.0	7.64286
 -11.0	15.3333
 -10.0	14
  -9.0	11
  -8.0	12
  -7.0	6
  -6.0	9
  -5.0	10
  -4.0	17
  -3.0	7
  -2.0	13
  -1.0	11
   0.0	11.5
   1.0	9
   2.0	12
   3.0	11
   4.0	10
   5.0	14
   6.0	18
   7.0	5
   8.0	13.5
   9.0	11
  10.0	7
  11.0	14
  12.0	15
  13.0	9
  14.0	21
  15.0	8
  16.0	12
  17.0	7.39286
  18.0	9
  19.0	5
  20.0	7
  21.0	6
  22.0	10
  23.0	11.3333
  24.0	6
  25.0	10
  26.0	8
  27.0	7.33333
  28.0	11
  29.0	11
  30.0	12
  31.0	12
  32.0	12
  33.0	10
  34.0	15
  35.0	11
  36.0	6
  37.0	11
  38.0	8
  39.0	10
  40.0	14
  41.0	9
  42.0	12
  43.0	9
  44.0	10
  45.0	8
  46.0	5.14286
  47.0	14
  48.0	11
  49.0	9
  50.0	8
  51.0	11
  52.0	16
  53.0	10
  54.0	7
  55.0	16
  56.0	9
  57.0	10
  58.0	11
  59.0	8
  60.0	9
  61.0	12
  62.0	11
  63.0	11
  64.0	10
  65.0	6
  66.0	9
  67.0	12
  68.0	11
  69.0	6
  70.0	5
  71.0	11
  72.0	4
  73.0	8
  74.0	10
  75.0	13
  76.0	8
  77.0	11
  78.0	11
  79.0	5
  80.0	9
  81.0	10
  82.0	10
  83.0	12
  84.0	7
  85.0	8
  86.0	6
  87.0	10.25
  88.0	11
  89.0	11
  90.0	6
  91.0	3
  92.0	7
  93.0	9
  94.0	10
  95.0	6
  96.0	10
  97.0	4
  98.0	7
  99.0	8
 100.0	5
 101.0	8
 102.0	9
 103.0	8
 104.0	9
 105.0	11
 106.0	4
 107.0	1
 108.0	10
 109.0	7
 110.0	12
 111.0	6
 112.0	4.33333
 113.0	6
 114.0	6
 115.0	10
 116.0	10
 117.0	13
 118.0	10
 119.0	13
 120.0	4
 121.0	3
 122.0	6
 123.0	2
 124.0	10
 125.0	7
 126.0	10
 127.0	9
 128.0	7
 129.0	10
 130.0	7
 131.0	8
 132.0	7
 133.0	6
 134.0	3
 135.0	10
 136.0	10
 137.0	4
 138.0	10
 139.0	6
 140.0	9
 141.0	8
 142.0	7
 143.0	7
 144.0	7
 145.0	5
 146.0	11
 147.0	8
 148.0	2
 149.0	5
DB 2 MOTIF	FOSL2_HUMAN.H11MO.0.A
-149.0	9
-148.0	4
-147.0	8
-146.0	8
-145.0	7
-144.0	4
-143.0	8
-142.0	10
-141.0	12
-140.0	6
-139.0	6
-138.0	10
-137.0	7
-136.0	8
-135.0	13
-134.0	5
-133.0	6
-132.0	7
-131.0	3
-130.0	10
-129.0	11
-128.0	6.14286
-127.0	6
-126.0	9
-125.0	11
-124.0	6
-123.0	10
-122.0	8
-121.0	13
-120.0	5
-119.0	10
-118.0	8
-117.0	7
-116.0	7
-115.0	5.5
-114.0	12
-113.0	7
-112.0	8
-111.0	5
-110.0	6
-109.0	5
-108.0	7
-107.0	5
-106.0	5
-105.0	9
-104.0	6
-103.0	5
-102.0	7
-101.0	4
-100.0	12
 -99.0	7.14286
 -98.0	14
 -97.0	7
 -96.0	4
 -95.0	4
 -94.0	7
 -93.0	14
 -92.0	7
 -91.0	8
 -90.0	7
 -89.0	12
 -88.0	8
 -87.0	10
 -86.0	9
 -85.0	5
 -84.0	11.5
 -83.0	6
 -82.0	6
 -81.0	8
 -80.0	13
 -79.0	6
 -78.0	7
 -77.0	13
 -76.0	8
 -75.0	8
 -74.0	5
 -73.0	7
 -72.0	8
 -71.0	8
 -70.0	7.14286
 -69.0	10
 -68.0	6.5
 -67.0	8
 -66.0	10
 -65.0	11
 -64.0	12
 -63.0	10
 -62.0	8.33333
 -61.0	6
 -60.0	10
 -59.0	8
 -58.0	8
 -57.0	6
 -56.0	8
 -55.0	8
 -54.0	9
 -53.0	4
 -52.0	6
 -51.0	9
 -50.0	6
 -49.0	7
 -48.0	10
 -47.0	11
 -46.0	16
 -45.0	12
 -44.0	13
 -43.0	13
 -42.0	13
 -41.0	14.1429
 -40.0	10.5
 -39.0	9
 -38.0	9
 -37.0	13
 -36.0	8
 -35.0	12
 -34.0	9
 -33.0	5
 -32.0	7
 -31.0	5
 -30.0	15
 -29.0	9
 -28.0	11
 -27.0	11
 -26.0	11
 -25.0	9
 -24.0	7
 -23.0	9
 -22.0	10
 -21.0	9
 -20.0	9
 -19.0	16
 -18.0	10
 -17.0	9
 -16.0	7
 -15.0	12
 -14.0	9
 -13.0	12
 -12.0	7.64286
 -11.0	16.3333
 -10.0	19
  -9.0	10
  -8.0	15
  -7.0	7
  -6.0	11
  -5.0	9
  -4.0	14
  -3.0	9
  -2.0	12
  -1.0	12
   0.0	15
   1.0	10
   2.0	11
   3.0	14
   4.0	11
   5.0	15
   6.0	14
   7.0	4
   8.0	10.5
   9.0	11
  10.0	5
  11.0	13
  12.0	15
  13.0	7
  14.0	18
  15.0	12
  16.0	8
  17.0	6.14286
  18.0	11
  19.0	6
  20.0	9
  21.0	11
  22.0	9
  23.0	11.3333
  24.0	7
  25.0	7
  26.0	9
  27.0	10
  28.0	11
  29.0	9
  30.0	10
  31.0	14
  32.0	14
  33.0	12
  34.0	12
  35.0	13
  36.0	4.5
  37.0	12
  38.0	6
  39.0	12
  40.0	11
  41.0	7
  42.0	14
  43.0	11
  44.0	8
  45.0	8
  46.0	6.14286
  47.0	12
  48.0	10
  49.0	9
  50.0	7
  51.0	10
  52.0	16
  53.0	8
  54.0	10
  55.0	16
  56.0	10
  57.0	9
  58.0	17
  59.0	8
  60.0	9
  61.0	11
  62.0	13
  63.0	16
  64.0	8
  65.0	7
  66.0	7
  67.0	12
  68.0	10
  69.0	7
  70.0	6
  71.0	13
  72.0	7
  73.0	7
  74.0	11
  75.0	11
  76.0	9
  77.0	14
  78.0	13
  79.0	7
  80.0	7
  81.0	11
  82.0	7
  83.0	9
  84.0	11
  85.0	10
  86.0	6
  87.0	7
  88.0	10
  89.0	7
  90.0	9
  91.0	5
  92.0	9
  93.0	5
  94.0	14
  95.0	5
  96.0	11
  97.0	7
  98.0	8
  99.0	8
 100.0	6
 101.0	12
 102.0	9
 103.0	9
 104.0	11
 105.0	5
 106.0	5
 107.0	4
 108.0	9
 109.0	11
 110.0	10
 111.0	6
 112.0	6
 113.0	4
 114.0	8
 115.0	10
 116.0	9
 117.0	14
 118.0	10
 119.0	9
 120.0	5
 121.0	4
 122.0	6
 123.0	6
 124.0	9
 125.0	8
 126.0	11.5
 127.0	4
 128.0	5
 129.0	11
 130.0	8
 131.0	8
 132.0	10
 133.0	5
 134.0	5
 135.0	10
 136.0	12
 137.0	6
 138.0	11
 139.0	7
 140.0	9
 141.0	10
 142.0	6
 143.0	9
 144.0	7
 145.0	7
 146.0	15
 147.0	9
 148.0	6
 149.0	6
DB 2 MOTIF	FOS_HUMAN.H11MO.0.A
-150.5	13
-149.5	13
-148.5	16
-147.5	12.5
-146.5	18.5
-145.5	19
-144.5	16
-143.5	17.5
-142.5	17.5
-141.5	18
-140.5	12.5
-139.5	18.5
-138.5	20
-137.5	22.5
-136.5	13
-135.5	17
-134.5	12
-133.5	10
-132.5	14
-131.5	13
-130.5	9
-129.5	18
-128.5	13.1429
-127.5	15.5
-126.5	12.5
-125.5	13
-124.5	22.5
-123.5	16.25
-122.5	22
-121.5	17
-120.5	16.5
-119.5	19
-118.5	16
-117.5	14
-116.5	13
-115.5	11
-114.5	18
-113.5	17
-112.5	14
-111.5	11.5
-110.5	16
-109.5	9
-108.5	14
-107.5	16.5
-106.5	9
-105.5	23.5
-104.5	12
-103.5	14
-102.5	15
-101.5	12
-100.5	13
 -99.5	20.1429
 -98.5	15
 -97.5	26
 -96.5	12
 -95.5	13
 -94.5	13.3333
 -93.5	19.5
 -92.5	14
 -91.5	16
 -90.5	19
 -89.5	22.5
 -88.5	21
 -87.5	24
 -86.5	18
 -85.5	18
 -84.5	12
 -83.5	14
 -82.5	13
 -81.5	15
 -80.5	19
 -79.5	18
 -78.5	16
 -77.5	20
 -76.5	14
 -75.5	20.5
 -74.5	13
 -73.5	9
 -72.5	20
 -71.5	20
 -70.5	19.1429
 -69.5	15
 -68.5	10.8333
 -67.5	18
 -66.5	13
 -65.5	27
 -64.5	14
 -63.5	16.5
 -62.5	21.3333
 -61.5	14
 -60.5	14
 -59.5	20
 -58.5	15
 -57.5	12.8333
 -56.5	16
 -55.5	18
 -54.5	22
 -53.5	23.25
 -52.5	17
 -51.5	17.5
 -50.5	15
 -49.5	9
 -48.5	21.5
 -47.5	19
 -46.5	16
 -45.5	23.5
 -44.5	25.5
 -43.5	17
 -42.5	21
 -41.5	20.1429
 -40.5	23.3333
 -39.5	17
 -38.5	20
 -37.5	16
 -36.5	22
 -35.5	20
 -34.5	20.5
 -33.5	15
 -32.5	15
 -31.5	12
 -30.5	17
 -29.5	25
 -28.5	15
 -27.5	16
 -26.5	11
 -25.5	16.5
 -24.5	21
 -23.5	15
 -22.5	11
 -21.5	18
 -20.5	14.5
 -19.5	26
 -18.5	30.5
 -17.5	13
 -16.5	18
 -15.5	21
 -14.5	16
 -13.5	20
 -12.5	17.1429
 -11.5	22.3333
 -10.5	31
  -9.5	19
  -8.5	17
  -7.5	21.5
  -6.5	17
  -5.5	23.5
  -4.5	22
  -3.5	21
  -2.5	18.5
  -1.5	27
  -0.5	19
   0.5	23
   1.5	17
   2.5	16.5
   3.5	20
   4.5	19
   5.5	19
   6.5	23
   7.5	22
   8.5	20
   9.5	20.5
  10.5	19.5
  11.5	20.5
  12.5	19
  13.5	22
  14.5	23
  15.5	17
  16.5	16.8929
  17.5	12.5
  18.5	15
  19.5	11
  20.5	21
  21.5	19
  22.5	20.3333
  23.5	17
  24.5	18
  25.5	18
  26.5	13.5
  27.5	27.3333
  28.5	15
  29.5	12
  30.5	21
  31.5	20.5
  32.5	23
  33.5	16
  34.5	20
  35.5	14
  36.5	16
  37.5	17
  38.5	17
  39.5	22
  40.5	17
  41.5	18
  42.5	19
  43.5	19
  44.5	20
  45.5	12.1429
  46.5	20.5
  47.5	21
  48.5	15
  49.5	17
  50.5	27
  51.5	16
  52.5	26
  53.5	18
  54.5	19
  55.5	18.5
  56.5	17.5
  57.5	26
  58.5	22
  59.5	13.5
  60.5	18
  61.5	17
  62.5	26
  63.5	22
  64.5	14
  65.5	14
  66.5	20
  67.5	14
  68.5	20
  69.5	9
  70.5	22
  71.5	13
  72.5	14
  73.5	17
  74.5	14
  75.5	22.5
  76.5	20
  77.5	22
  78.5	17
  79.5	18
  80.5	14.5
  81.5	18
  82.5	18
  83.5	14
  84.5	20
  85.5	15
  86.5	17.75
  87.5	26
  88.5	16
  89.5	21
  90.5	11
  91.5	16
  92.5	14
  93.5	21.5
  94.5	16
  95.5	16.5
  96.5	12
  97.5	14
  98.5	15
  99.5	16
 100.5	16
 101.5	20
 102.5	27
 103.5	13
 104.5	13
 105.5	18
 106.5	10
 107.5	17
 108.5	21
 109.5	21
 110.5	25
 111.5	15.5
 112.5	13.3333
 113.5	13
 114.5	20
 115.5	17
 116.5	20.5
 117.5	19
 118.5	19
 119.5	16
 120.5	6
 121.5	21
 122.5	11
 123.5	16
 124.5	14.5
 125.5	19
 126.5	17
 127.5	18.5
 128.5	19
 129.5	25
 130.5	15
 131.5	21
 132.5	10
 133.5	17
 134.5	10.5
 135.5	30
 136.5	13
 137.5	17.5
 138.5	14
 139.5	21
 140.5	21
 141.5	15
 142.5	12
 143.5	22
 144.5	9
 145.5	16
 146.5	19
 147.5	11
 148.5	16
 149.5	13.5
 150.5	18.5
DB 2 MOTIF	FOXA1_HUMAN.H11MO.0.A
-149.0	10
-148.0	6
-147.0	8
-146.0	9
-145.0	6
-144.0	5
-143.0	6.11111
-142.0	8
-141.0	8
-140.0	10
-139.0	9.2
-138.0	12
-137.0	10
-136.0	11
-135.0	6
-134.0	11
-133.0	12
-132.0	10
-131.0	5
-130.0	7.2
-129.0	7
-128.0	13
-127.0	10
-126.0	11.1111
-125.0	11
-124.0	14
-123.0	9
-122.0	11
-121.0	7
-120.0	6
-119.0	14.5
-118.0	14
-117.0	13
-116.0	10
-115.0	6
-114.0	5
-113.0	7
-112.0	7
-111.0	11
-110.0	16
-109.0	15.5
-108.0	13
-107.0	6
-106.0	10
-105.0	8
-104.0	10
-103.0	17.3111
-102.0	19
-101.0	20
-100.0	16.25
 -99.0	11
 -98.0	9
 -97.0	9
 -96.0	14
 -95.0	15
 -94.0	13
 -93.0	12
 -92.0	13
 -91.0	19
 -90.0	14
 -89.0	18.5
 -88.0	12
 -87.0	12
 -86.0	18
 -85.0	19
 -84.0	15.1111
 -83.0	13.5
 -82.0	19
 -81.0	14
 -80.0	12
 -79.0	18.8333
 -78.0	18
 -77.0	16
 -76.0	21.5
 -75.0	18
 -74.0	23
 -73.0	21.2
 -72.0	15.5
 -71.0	19
 -70.0	15
 -69.0	15
 -68.0	21
 -67.0	21.2
 -66.0	10
 -65.0	16
 -64.0	12
 -63.0	17.5
 -62.0	22
 -61.0	20.1111
 -60.0	30
 -59.0	26.5
 -58.0	21
 -57.0	24
 -56.0	19
 -55.0	20
 -54.0	31.5
 -53.0	28
 -52.0	22
 -51.0	25
 -50.0	27
 -49.0	25
 -48.0	22
 -47.0	33
 -46.0	31.5
 -45.0	21
 -44.0	27
 -43.0	29
 -42.0	30.1111
 -41.0	23
 -40.0	26.5
 -39.0	24
 -38.0	33
 -37.0	33
 -36.0	30
 -35.0	34.5
 -34.0	30
 -33.0	35.5
 -32.0	32
 -31.0	34.2
 -30.0	27
 -29.0	32
 -28.0	28
 -27.0	36
 -26.0	42
 -25.0	33.5
 -24.0	28
 -23.0	32
 -22.0	26
 -21.0	27.25
 -20.0	25
 -19.0	32
 -18.0	30
 -17.0	35
 -16.0	23.2
 -15.0	44
 -14.0	47
 -13.0	45
 -12.0	46
 -11.0	40
 -10.0	42
  -9.0	36
  -8.0	29
  -7.0	39.5
  -6.0	32
  -5.0	32
  -4.0	35
  -3.0	29
  -2.0	29
  -1.0	29
   0.0	31.6111
   1.0	25
   2.0	38.5
   3.0	43.5
   4.0	40
   5.0	25.2
   6.0	28.8333
   7.0	31.5
   8.0	29
   9.0	43
  10.0	31
  11.0	40
  12.0	40
  13.0	32
  14.0	46.5
  15.0	36.5
  16.0	30.5
  17.0	39
  18.0	31.1667
  19.0	40
  20.0	32
  21.0	34.3333
  22.0	33
  23.0	41
  24.0	30
  25.0	28
  26.0	33
  27.0	30
  28.0	29
  29.0	38
  30.0	30
  31.0	33
  32.0	38.5
  33.0	32
  34.0	29
  35.0	29
  36.0	30
  37.0	22
  38.0	25.8333
  39.0	26
  40.0	17.1667
  41.0	22.2
  42.0	40
  43.0	27
  44.0	21
  45.0	24
  46.0	35.5
  47.0	30
  48.0	29.5
  49.0	28
  50.0	27
  51.0	25
  52.0	30
  53.0	20
  54.0	25
  55.0	27.4444
  56.0	16
  57.0	19
  58.0	22.5
  59.0	19
  60.0	19
  61.0	18
  62.0	26.4167
  63.0	23
  64.0	22
  65.0	26
  66.0	23
  67.0	11
  68.0	14
  69.0	21
  70.0	16
  71.0	16
  72.0	12
  73.0	13
  74.0	16
  75.0	21
  76.0	19
  77.0	23
  78.0	16
  79.0	18
  80.0	19.5
  81.0	17
  82.0	13
  83.0	12
  84.0	18.1667
  85.0	13
  86.0	17.5
  87.0	17
  88.0	12
  89.0	14
  90.0	13
  91.0	8.33333
  92.0	12
  93.0	19
  94.0	8
  95.0	14
  96.0	17
  97.0	12
  98.0	12.2
  99.0	12
 100.0	14
 101.0	14
 102.0	15.5
 103.0	11
 104.0	12
 105.0	11
 106.0	13.1667
 107.0	12
 108.0	9
 109.0	14
 110.0	10
 111.0	12
 112.0	7
 113.0	10
 114.0	16.6111
 115.0	10
 116.0	15
 117.0	18
 118.0	12
 119.0	4
 120.0	12
 121.0	4
 122.0	7
 123.0	9
 124.0	7
 125.0	11.5
 126.0	8
 127.0	8
 128.0	7.16667
 129.0	12
 130.0	10
 131.0	10
 132.0	9
 133.0	11.25
 134.0	11
 135.0	5
 136.0	7
 137.0	10
 138.0	4
 139.0	13
 140.0	12
 141.0	13.3333
 142.0	11
 143.0	4
 144.0	8
 145.0	9.33333
 146.0	7
 147.0	13
 148.0	7
 149.0	16.3333
DB 2 MOTIF	FOXA2_HUMAN.H11MO.0.A
-149.0	6
-148.0	9
-147.0	4
-146.0	11
-145.0	8
-144.0	3
-143.0	9.11111
-142.0	6
-141.0	8
-140.0	13
-139.0	9.2
-138.0	13
-137.0	6
-136.0	8
-135.0	8
-134.0	11
-133.0	12
-132.0	7
-131.0	2
-130.0	6.2
-129.0	10
-128.0	12
-127.0	8
-126.0	11.1111
-125.0	10
-124.0	13
-123.0	7
-122.0	11
-121.0	7
-120.0	4
-119.0	16.5
-118.0	15
-117.0	12
-116.0	13
-115.0	6
-114.0	7
-113.0	9
-112.0	5
-111.0	10
-110.0	14
-109.0	13
-108.0	10
-107.0	8
-106.0	11
-105.0	5.5
-104.0	10
-103.0	16.3111
-102.0	17
-101.0	19
-100.0	13
 -99.0	13
 -98.0	7
 -97.0	10
 -96.0	14
 -95.0	16
 -94.0	14
 -93.0	9
 -92.0	11
 -91.0	16
 -90.0	11
 -89.0	18
 -88.0	11
 -87.0	15
 -86.0	16
 -85.0	20
 -84.0	13.1111
 -83.0	12
 -82.0	16
 -81.0	16
 -80.0	10
 -79.0	19.8333
 -78.0	20
 -77.0	15
 -76.0	15.5
 -75.0	19.5
 -74.0	22
 -73.0	21.2
 -72.0	13.5
 -71.0	19
 -70.0	17
 -69.0	15
 -68.0	20
 -67.0	22.2
 -66.0	10
 -65.0	14
 -64.0	12
 -63.0	18.3333
 -62.0	20.5
 -61.0	18.1111
 -60.0	31.5
 -59.0	25.5
 -58.0	17
 -57.0	24
 -56.0	22
 -55.0	19
 -54.0	29.5
 -53.0	27
 -52.0	22
 -51.0	24.5
 -50.0	23.5
 -49.0	22.5
 -48.0	22
 -47.0	33.5
 -46.0	31
 -45.0	25
 -44.0	28
 -43.0	30
 -42.0	31.1111
 -41.0	23
 -40.0	25
 -39.0	22
 -38.0	32
 -37.0	31.5
 -36.0	30
 -35.0	32
 -34.0	29
 -33.0	29.5
 -32.0	37
 -31.0	32.2
 -30.0	27
 -29.0	32
 -28.0	34
 -27.0	34
 -26.0	43
 -25.0	30
 -24.0	25
 -23.0	32
 -22.0	29
 -21.0	26
 -20.0	26
 -19.0	32
 -18.0	33
 -17.0	41
 -16.0	23.2
 -15.0	44
 -14.0	52
 -13.0	45
 -12.0	40.8333
 -11.0	43
 -10.0	43
  -9.0	33.5
  -8.0	26.5
  -7.0	38
  -6.0	33
  -5.0	34
  -4.0	39
  -3.0	32
  -2.0	25
  -1.0	32
   0.0	34.1111
   1.0	26
   2.0	36.5
   3.0	44
   4.0	43
   5.0	22.2
   6.0	28.8333
   7.0	29.5
   8.0	32.5
   9.0	39
  10.0	33
  11.0	43
  12.0	38
  13.0	34
  14.0	45.5
  15.0	33.5
  16.0	32.5
  17.0	39
  18.0	28.1667
  19.0	43
  20.0	31
  21.0	36.8333
  22.0	32.3333
  23.0	39
  24.0	27
  25.0	28
  26.0	34
  27.0	30
  28.0	31
  29.0	39
  30.0	29
  31.0	33
  32.0	36.5
  33.0	30
  34.0	29
  35.0	29
  36.0	31
  37.0	22
  38.0	25.8333
  39.0	24
  40.0	17.1667
  41.0	23.2
  42.0	39
  43.0	29
  44.0	25
  45.0	19
  46.0	35.5
  47.0	31
  48.0	32.5
  49.0	25
  50.0	24
  51.0	22.5
  52.0	27
  53.0	18
  54.0	23
  55.0	25.4444
  56.0	19
  57.0	15
  58.0	22.5
  59.0	20
  60.0	17
  61.0	18
  62.0	25.6667
  63.0	24
  64.0	19
  65.0	24
  66.0	18
  67.0	12
  68.0	15
  69.0	19
  70.0	18
  71.0	15
  72.0	11
  73.0	16
  74.0	17
  75.0	19
  76.0	15
  77.0	21
  78.0	18
  79.0	16
  80.0	18.5
  81.0	18
  82.0	13
  83.0	13
  84.0	14.1667
  85.0	11
  86.0	16
  87.0	16
  88.0	16
  89.0	14
  90.0	15
  91.0	9.33333
  92.0	14
  93.0	14
  94.0	8
  95.0	13.5
  96.0	16
  97.0	18
  98.0	11.2
  99.0	8.33333
 100.0	14
 101.0	18
 102.0	14
 103.0	10.3333
 104.0	11
 105.0	9
 106.0	10.6667
 107.0	13.3333
 108.0	8
 109.0	13
 110.0	10
 111.0	15
 112.0	6
 113.0	11
 114.0	16.1111
 115.0	10
 116.0	14
 117.0	13
 118.0	14
 119.0	3
 120.0	11
 121.0	5
 122.0	8
 123.0	10
 124.0	6
 125.0	9
 126.0	6
 127.0	9
 128.0	5.16667
 129.0	8
 130.0	11
 131.0	12
 132.0	8
 133.0	12
 134.0	12
 135.0	6
 136.0	7
 137.0	11
 138.0	4
 139.0	10
 140.0	14.5
 141.0	12.3333
 142.0	12.5
 143.0	3.5
 144.0	7
 145.0	7.33333
 146.0	7
 147.0	12
 148.0	8
 149.0	16.3333
DB 2 MOTIF	FOXA3_HUMAN.H11MO.0.B
-148.5	6
-147.5	7
-146.5	6
-145.5	8
-144.5	14
-143.5	5
-142.5	11.5
-141.5	11.0833
-140.5	10.2
-139.5	11
-138.5	8
-137.5	15
-136.5	9
-135.5	8
-134.5	12
-133.5	10.5
-132.5	10
-131.5	9.33333
-130.5	11
-129.5	3
-128.5	11
-127.5	14.5
-126.5	13
-125.5	15.5
-124.5	9.08333
-123.5	14
-122.5	8
-121.5	12
-120.5	15
-119.5	14
-118.5	9
-117.5	15
-116.5	10.5
-115.5	8
-114.5	10
-113.5	12
-112.5	9
-111.5	17
-110.5	9
-109.5	19
-108.5	15
-107.5	10.5
-106.5	10
-105.5	11
-104.5	13.2
-103.5	13
-102.5	19
-101.5	21.0833
-100.5	19
 -99.5	15.25
 -98.5	13
 -97.5	16
 -96.5	21
 -95.5	11
 -94.5	15
 -93.5	12
 -92.5	15
 -91.5	8
 -90.5	21
 -89.5	15
 -88.5	11
 -87.5	18
 -86.5	14
 -85.5	13
 -84.5	13
 -83.5	25
 -82.5	18.0833
 -81.5	16
 -80.5	20
 -79.5	14
 -78.5	10
 -77.5	17.3333
 -76.5	22
 -75.5	21
 -74.5	18
 -73.5	15
 -72.5	20
 -71.5	22
 -70.5	19
 -69.5	24.5
 -68.5	18.2
 -67.5	16.5
 -66.5	17
 -65.5	15
 -64.5	19
 -63.5	27
 -62.5	14
 -61.5	22
 -60.5	17
 -59.5	23.0833
 -58.5	33
 -57.5	24.5
 -56.5	22
 -55.5	29
 -54.5	24
 -53.5	33
 -52.5	27
 -51.5	33
 -50.5	21
 -49.5	25
 -48.5	24
 -47.5	29
 -46.5	16.5
 -45.5	33
 -44.5	29
 -43.5	27
 -42.5	27
 -41.5	28.5
 -40.5	29.0833
 -39.5	31.5
 -38.5	35
 -37.5	27
 -36.5	23.5
 -35.5	29.5
 -34.5	40
 -33.5	38
 -32.5	27.2
 -31.5	30.5
 -30.5	39
 -29.5	35
 -28.5	28.5
 -27.5	34.5
 -26.5	35
 -25.5	28
 -24.5	30.5
 -23.5	31
 -22.5	22.5
 -21.5	35.5
 -20.5	27.25
 -19.5	24
 -18.5	31
 -17.5	29
 -16.5	47
 -15.5	47
 -14.5	30.5
 -13.5	41.5
 -12.5	30.5
 -11.5	46.5
 -10.5	38
  -9.5	41.5
  -8.5	45
  -7.5	33
  -6.5	28
  -5.5	31.5
  -4.5	39
  -3.5	34
  -2.5	26
  -1.5	30.5
  -0.5	26
   0.5	39
   1.5	35.0833
   2.5	30
   3.5	31.2
   4.5	38
   5.5	35.5
   6.5	23
   7.5	39.3333
   8.5	29
   9.5	33
  10.5	37
  11.5	30
  12.5	45
  13.5	43
  14.5	38
  15.5	44.5
  16.5	33
  17.5	46
  18.5	33.5
  19.5	38.0833
  20.5	36
  21.5	40
  22.5	33.5
  23.5	32
  24.5	36
  25.5	25.5
  26.5	28
  27.5	39.5
  28.5	29
  29.5	37.5
  30.5	38
  31.5	28
  32.5	34
  33.5	30
  34.5	36
  35.5	20.5
  36.5	25.5
  37.5	28
  38.5	29
  39.5	26.3333
  40.5	32
  41.5	13.8333
  42.5	34
  43.5	32
  44.5	36
  45.5	29.5
  46.5	31
  47.5	35.5
  48.5	24
  49.5	26.5
  50.5	23
  51.5	25
  52.5	22
  53.5	27
  54.5	16
  55.5	19
  56.5	23.0833
  57.5	24
  58.5	22.5
  59.5	24
  60.5	23
  61.5	18
  62.5	25.25
  63.5	26.5
  64.5	23
  65.5	15
  66.5	19
  67.5	22
  68.5	14
  69.5	13
  70.5	17
  71.5	14
  72.5	19
  73.5	26
  74.5	18
  75.5	15
  76.5	15
  77.5	21
  78.5	22
  79.5	21
  80.5	20
  81.5	22
  82.5	16
  83.5	14
  84.5	13
  85.5	19.3333
  86.5	11
  87.5	16
  88.5	22
  89.5	9
  90.5	13
  91.5	15
  92.5	6.91667
  93.5	13.5
  94.5	16
  95.5	10
  96.5	13.3333
  97.5	14
  98.5	14
  99.5	15
 100.5	13
 101.5	18
 102.5	13
 103.5	10
 104.5	11
 105.5	14
 106.5	9
 107.5	17.3333
 108.5	6
 109.5	12.5
 110.5	10
 111.5	8
 112.5	17.5
 113.5	12
 114.5	25
 115.5	19.0833
 116.5	10
 117.5	11
 118.5	10
 119.5	15
 120.5	7
 121.5	11
 122.5	11
 123.5	8
 124.5	8
 125.5	7
 126.5	10
 127.5	13
 128.5	9
 129.5	12
 130.5	13
 131.5	18
 132.5	14
 133.5	8.33333
 134.5	13
 135.5	16
 136.5	7
 137.5	7
 138.5	12
 139.5	13.3333
 140.5	17
 141.5	12
 142.5	11
 143.5	9.33333
 144.5	9
 145.5	11
 146.5	6
 147.5	7.33333
 148.5	12
DB 2 MOTIF	FOXB1_HUMAN.H11MO.0.D
-146.5	7
-145.5	8
-144.5	3
-143.5	9
-142.5	6.5
-141.5	6.2
-140.5	7
-139.5	6
-138.5	7
-137.5	6
-136.5	4
-135.5	5
-134.5	5
-133.5	4
-132.5	8
-131.5	5
-130.5	6
-129.5	6
-128.5	5
-127.5	5
-126.5	7
-125.5	5
-124.5	5
-123.5	6
-122.5	9
-121.5	12
-120.5	6
-119.5	5
-118.5	12
-117.5	8
-116.5	4.5
-115.5	10
-114.5	9
-113.5	6
-112.5	10
-111.5	1
-110.5	3
-109.5	7
-108.5	6
-107.5	5
-106.5	9
-105.5	6.2
-104.5	8
-103.5	8
-102.5	6
-101.5	12
-100.5	11.25
 -99.5	10
 -98.5	12
 -97.5	11
 -96.5	13
 -95.5	2
 -94.5	3.5
 -93.5	17
 -92.5	8
 -91.5	9
 -90.5	8
 -89.5	10.5
 -88.5	8
 -87.5	16
 -86.5	10
 -85.5	4
 -84.5	10
 -83.5	12
 -82.5	20
 -81.5	12
 -80.5	11
 -79.5	9
 -78.5	11
 -77.5	11
 -76.5	11.3333
 -75.5	14
 -74.5	12
 -73.5	11
 -72.5	12
 -71.5	19
 -70.5	10
 -69.5	14.2
 -68.5	18
 -67.5	10
 -66.5	9
 -65.5	18
 -64.5	17
 -63.5	7
 -62.5	12
 -61.5	10
 -60.5	13
 -59.5	9
 -58.5	17
 -57.5	13
 -56.5	12
 -55.5	19
 -54.5	20
 -53.5	22
 -52.5	25
 -51.5	16
 -50.5	25
 -49.5	21
 -48.5	25
 -47.5	14
 -46.5	21
 -45.5	21
 -44.5	14
 -43.5	17
 -42.5	24
 -41.5	15
 -40.5	27
 -39.5	23
 -38.5	13
 -37.5	17
 -36.5	18
 -35.5	19
 -34.5	17
 -33.5	24.2
 -32.5	28
 -31.5	19
 -30.5	19.5
 -29.5	20
 -28.5	28
 -27.5	30
 -26.5	16
 -25.5	22.5
 -24.5	25
 -23.5	26
 -22.5	23.5
 -21.5	20.25
 -20.5	19
 -19.5	19
 -18.5	19
 -17.5	26
 -16.5	25
 -15.5	27
 -14.5	26
 -13.5	16
 -12.5	26
 -11.5	31
 -10.5	24.3333
  -9.5	22
  -8.5	25
  -7.5	28
  -6.5	19
  -5.5	20
  -4.5	18
  -3.5	19
  -2.5	24
  -1.5	18
  -0.5	20
   0.5	20
   1.5	24
   2.5	24.2
   3.5	24
   4.5	20
   5.5	33
   6.5	36.3333
   7.5	13
   8.5	24.3333
   9.5	17
  10.5	19.5
  11.5	37
  12.5	30
  13.5	23
  14.5	34
  15.5	24
  16.5	33.5
  17.5	19
  18.5	19
  19.5	18
  20.5	20
  21.5	21
  22.5	17
  23.5	25.3333
  24.5	17
  25.5	21
  26.5	23
  27.5	19
  28.5	27
  29.5	14
  30.5	24
  31.5	25
  32.5	22
  33.5	11
  34.5	26
  35.5	20.5
  36.5	14
  37.5	21
  38.5	18
  39.5	21
  40.5	13
  41.5	14
  42.5	15
  43.5	22
  44.5	23
  45.5	23
  46.5	19
  47.5	19
  48.5	21.5
  49.5	21
  50.5	23.5
  51.5	16
  52.5	10
  53.5	15.5
  54.5	16
  55.5	11
  56.5	17
  57.5	13
  58.5	17
  59.5	14
  60.5	16
  61.5	18.25
  62.5	12.5
  63.5	17
  64.5	16
  65.5	10
  66.5	13
  67.5	13
  68.5	13
  69.5	9
  70.5	13.5
  71.5	11
  72.5	10
  73.5	16
  74.5	14
  75.5	12
  76.5	5
  77.5	11
  78.5	9
  79.5	12
  80.5	11
  81.5	8
  82.5	17
  83.5	10
  84.5	12
  85.5	10
  86.5	15.5
  87.5	9
  88.5	9
  89.5	5
  90.5	4
  91.5	5
  92.5	12
  93.5	10.3333
  94.5	7
  95.5	5
  96.5	5
  97.5	7
  98.5	13
  99.5	8
 100.5	9
 101.5	6
 102.5	7
 103.5	7
 104.5	8
 105.5	6
 106.5	10
 107.5	7
 108.5	10
 109.5	4
 110.5	4
 111.5	8
 112.5	4
 113.5	12
 114.5	13
 115.5	11
 116.5	7
 117.5	7
 118.5	13
 119.5	5.5
 120.5	6
 121.5	8
 122.5	6
 123.5	6
 124.5	3
 125.5	6
 126.5	5.5
 127.5	8
 128.5	6
 129.5	6
 130.5	7
 131.5	9.5
 132.5	4.25
 133.5	6
 134.5	4
 135.5	7
 136.5	7
 137.5	8
 138.5	8
 139.5	10
 140.5	3
 141.5	12.5
 142.5	8.5
 143.5	6
 144.5	2
 145.5	7
 146.5	8.5
DB 2 MOTIF	FOXC1_HUMAN.H11MO.0.C
-147.5	2
-146.5	8
-145.5	2
-144.5	7
-143.5	6
-142.5	5
-141.5	8
-140.5	5.2
-139.5	8
-138.5	2
-137.5	5
-136.5	3
-135.5	8
-134.5	8
-133.5	3
-132.5	4
-131.5	6
-130.5	6
-129.5	6
-128.5	8
-127.5	4
-126.5	7
-125.5	9
-124.5	9
-123.5	7
-122.5	4
-121.5	7
-120.5	14
-119.5	4
-118.5	4
-117.5	6
-116.5	6
-115.5	8
-114.5	6
-113.5	6
-112.5	4
-111.5	5
-110.5	8
-109.5	9
-108.5	5
-107.5	9
-106.5	5
-105.5	10
-104.5	9.2
-103.5	7
-102.5	12
-101.5	8
-100.5	8
 -99.5	6
 -98.5	13
 -97.5	9
 -96.5	5
 -95.5	9
 -94.5	10
 -93.5	7
 -92.5	10
 -91.5	8
 -90.5	6
 -89.5	7
 -88.5	4
 -87.5	8
 -86.5	13
 -85.5	9
 -84.5	13
 -83.5	13
 -82.5	11
 -81.5	9
 -80.5	9
 -79.5	5
 -78.5	5
 -77.5	9.33333
 -76.5	14
 -75.5	10
 -74.5	9
 -73.5	8.5
 -72.5	15
 -71.5	11
 -70.5	10
 -69.5	17
 -68.5	14.2
 -67.5	6
 -66.5	10
 -65.5	9
 -64.5	8
 -63.5	8
 -62.5	17
 -61.5	9
 -60.5	13
 -59.5	13
 -58.5	12
 -57.5	17
 -56.5	12
 -55.5	11
 -54.5	18
 -53.5	11
 -52.5	17
 -51.5	17
 -50.5	10
 -49.5	15
 -48.5	20
 -47.5	9
 -46.5	7
 -45.5	19
 -44.5	16
 -43.5	19
 -42.5	16
 -41.5	23
 -40.5	14
 -39.5	18
 -38.5	18
 -37.5	15
 -36.5	12
 -35.5	10
 -34.5	20
 -33.5	18
 -32.5	22.2
 -31.5	12.5
 -30.5	21
 -29.5	22
 -28.5	16
 -27.5	19
 -26.5	15
 -25.5	13
 -24.5	19
 -23.5	19
 -22.5	15
 -21.5	14
 -20.5	15
 -19.5	13
 -18.5	16
 -17.5	19
 -16.5	15
 -15.5	21
 -14.5	21
 -13.5	24.5
 -12.5	16
 -11.5	24
 -10.5	12
  -9.5	20
  -8.5	26
  -7.5	21
  -6.5	13
  -5.5	14
  -4.5	12
  -3.5	13
  -2.5	12
  -1.5	15
  -0.5	12.5
   0.5	16
   1.5	15
   2.5	16
   3.5	15.2
   4.5	16
   5.5	16
   6.5	11
   7.5	24.3333
   8.5	13
   9.5	11
  10.5	18
  11.5	11
  12.5	21
  13.5	23
  14.5	19
  15.5	24.5
  16.5	16
  17.5	13
  18.5	18
  19.5	24
  20.5	14.5
  21.5	19
  22.5	14.5
  23.5	21
  24.5	16
  25.5	16
  26.5	18
  27.5	15
  28.5	19
  29.5	26
  30.5	19
  31.5	19
  32.5	13
  33.5	12
  34.5	16
  35.5	13
  36.5	11
  37.5	16
  38.5	16
  39.5	13
  40.5	16
  41.5	15
  42.5	16
  43.5	16
  44.5	13
  45.5	18
  46.5	18
  47.5	19.5
  48.5	15
  49.5	15.5
  50.5	18
  51.5	8
  52.5	11
  53.5	17
  54.5	11
  55.5	11
  56.5	7
  57.5	7
  58.5	13
  59.5	8
  60.5	9
  61.5	5
  62.5	11
  63.5	15
  64.5	10
  65.5	11
  66.5	10
  67.5	10
  68.5	7
  69.5	7
  70.5	11
  71.5	9
  72.5	12
  73.5	7
  74.5	8
  75.5	11
  76.5	5
  77.5	7
  78.5	13
  79.5	6
  80.5	12
  81.5	18
  82.5	8
  83.5	11
  84.5	7
  85.5	8
  86.5	7
  87.5	8
  88.5	8
  89.5	4
  90.5	7
  91.5	10
  92.5	4.33333
  93.5	16.5
  94.5	6
  95.5	4
  96.5	10
  97.5	10
  98.5	5
  99.5	13
 100.5	9
 101.5	11
 102.5	5
 103.5	4
 104.5	3
 105.5	6
 106.5	8
 107.5	11
 108.5	6
 109.5	9
 110.5	8
 111.5	3
 112.5	6
 113.5	5
 114.5	11
 115.5	7
 116.5	5
 117.5	5
 118.5	4
 119.5	7
 120.5	8
 121.5	6
 122.5	7
 123.5	3
 124.5	7
 125.5	4
 126.5	10
 127.5	6
 128.5	4
 129.5	8
 130.5	7
 131.5	4
 132.5	3
 133.5	4
 134.5	6
 135.5	5
 136.5	1
 137.5	4
 138.5	8
 139.5	1
 140.5	5
 141.5	4
 142.5	4
 143.5	5
 144.5	8
 145.5	2
 146.5	5
 147.5	3
DB 2 MOTIF	FOXC2_HUMAN.H11MO.0.D
-147.5	4
-146.5	12
-145.5	5
-144.5	10
-143.5	7
-142.5	6
-141.5	10
-140.5	11.2
-139.5	4
-138.5	10
-137.5	5
-136.5	5
-135.5	5
-134.5	10
-133.5	11
-132.5	4
-131.5	8
-130.5	9
-129.5	13
-128.5	4
-127.5	9
-126.5	10
-125.5	10
-124.5	4
-123.5	6
-122.5	3
-121.5	9
-120.5	6
-119.5	9
-118.5	4
-117.5	10
-116.5	12
-115.5	5
-114.5	3
-113.5	6
-112.5	4
-111.5	7
-110.5	7
-109.5	9
-108.5	6
-107.5	15
-106.5	10
-105.5	5
-104.5	10.2
-103.5	5
-102.5	9
-101.5	9
-100.5	14
 -99.5	12
 -98.5	11
 -97.5	7
 -96.5	10
 -95.5	12
 -94.5	8
 -93.5	7
 -92.5	4
 -91.5	8
 -90.5	9
 -89.5	4
 -88.5	6
 -87.5	8
 -86.5	7
 -85.5	9
 -84.5	6
 -83.5	8
 -82.5	10
 -81.5	7
 -80.5	8
 -79.5	17
 -78.5	9
 -77.5	8.33333
 -76.5	15
 -75.5	8
 -74.5	6
 -73.5	12
 -72.5	15
 -71.5	8
 -70.5	13
 -69.5	11
 -68.5	9.2
 -67.5	7
 -66.5	9
 -65.5	9
 -64.5	11
 -63.5	8
 -62.5	12
 -61.5	9
 -60.5	10
 -59.5	11
 -58.5	18
 -57.5	9
 -56.5	10
 -55.5	12
 -54.5	14
 -53.5	10
 -52.5	8
 -51.5	13
 -50.5	8
 -49.5	6.5
 -48.5	11
 -47.5	15
 -46.5	1
 -45.5	10
 -44.5	18
 -43.5	8
 -42.5	12
 -41.5	11
 -40.5	10
 -39.5	14
 -38.5	12
 -37.5	13
 -36.5	17
 -35.5	13
 -34.5	11
 -33.5	14
 -32.5	14.2
 -31.5	10.5
 -30.5	11
 -29.5	10
 -28.5	13
 -27.5	19
 -26.5	10
 -25.5	12
 -24.5	8
 -23.5	7
 -22.5	14
 -21.5	6
 -20.5	10
 -19.5	7
 -18.5	5
 -17.5	12
 -16.5	13
 -15.5	16
 -14.5	6.5
 -13.5	10.5
 -12.5	15
 -11.5	15
 -10.5	12
  -9.5	24
  -8.5	18
  -7.5	9
  -6.5	9
  -5.5	7
  -4.5	8
  -3.5	11
  -2.5	10
  -1.5	8
  -0.5	12
   0.5	9
   1.5	7
   2.5	10.5
   3.5	12.2
   4.5	14
   5.5	7.5
   6.5	10
   7.5	7.33333
   8.5	8
   9.5	12
  10.5	13
  11.5	3
  12.5	15
  13.5	9
  14.5	7.5
  15.5	10.5
  16.5	10
  17.5	12
  18.5	9
  19.5	10.8333
  20.5	11.5
  21.5	7
  22.5	12
  23.5	11
  24.5	15
  25.5	11
  26.5	12
  27.5	8
  28.5	14
  29.5	12
  30.5	6
  31.5	8
  32.5	10
  33.5	17
  34.5	7
  35.5	5
  36.5	6
  37.5	15
  38.5	12
  39.5	12
  40.5	12
  41.5	10
  42.5	16
  43.5	11
  44.5	15
  45.5	7
  46.5	19
  47.5	9.5
  48.5	13
  49.5	10.5
  50.5	13
  51.5	11
  52.5	15
  53.5	11
  54.5	8
  55.5	6
  56.5	7
  57.5	10
  58.5	8
  59.5	9
  60.5	5
  61.5	10
  62.5	4
  63.5	9.33333
  64.5	11
  65.5	6
  66.5	7
  67.5	11
  68.5	12
  69.5	10
  70.5	9
  71.5	8
  72.5	8
  73.5	7
  74.5	12
  75.5	7
  76.5	6
  77.5	8
  78.5	11
  79.5	6
  80.5	12
  81.5	11
  82.5	9
  83.5	10
  84.5	14
  85.5	6
  86.5	4
  87.5	10
  88.5	12
  89.5	10
  90.5	7
  91.5	9
  92.5	10.3333
  93.5	5
  94.5	6
  95.5	7
  96.5	9
  97.5	9
  98.5	3
  99.5	8
 100.5	10
 101.5	10
 102.5	4
 103.5	6
 104.5	4
 105.5	9
 106.5	12
 107.5	9
 108.5	9
 109.5	6
 110.5	10
 111.5	11
 112.5	7
 113.5	8
 114.5	7
 115.5	9
 116.5	1
 117.5	10
 118.5	8
 119.5	12
 120.5	2
 121.5	6
 122.5	7
 123.5	12
 124.5	9
 125.5	4
 126.5	7
 127.5	6.5
 128.5	6
 129.5	9.33333
 130.5	7
 131.5	10
 132.5	11
 133.5	9
 134.5	4
 135.5	9
 136.5	6
 137.5	5
 138.5	5
 139.5	8
 140.5	10
 141.5	12
 142.5	6
 143.5	4.5
 144.5	11
 145.5	9
 146.5	6
 147.5	8
DB 2 MOTIF	FOXD1_HUMAN.H11MO.0.D
-147.5	13
-146.5	16
-145.5	7.5
-144.5	15
-143.5	16
-142.5	16
-141.5	13
-140.5	12.7
-139.5	8
-138.5	6
-137.5	12
-136.5	12
-135.5	8
-134.5	13
-133.5	14
-132.5	14
-131.5	11.3333
-130.5	14
-129.5	8
-128.5	16
-127.5	14
-126.5	15
-125.5	19
-124.5	11.5
-123.5	11
-122.5	12
-121.5	20
-120.5	11
-119.5	16
-118.5	12
-117.5	17
-116.5	12
-115.5	13.5
-114.5	17
-113.5	16
-112.5	10
-111.5	14
-110.5	13
-109.5	15
-108.5	12
-107.5	16
-106.5	12
-105.5	12
-104.5	14.2
-103.5	15
-102.5	20
-101.5	20
-100.5	20
 -99.5	21.5
 -98.5	18
 -97.5	8
 -96.5	16
 -95.5	13
 -94.5	16.5
 -93.5	16
 -92.5	14
 -91.5	11
 -90.5	17
 -89.5	15.5
 -88.5	13
 -87.5	11
 -86.5	22
 -85.5	14
 -84.5	18
 -83.5	21
 -82.5	21
 -81.5	21
 -80.5	20
 -79.5	19
 -78.5	18
 -77.5	12.3333
 -76.5	22
 -75.5	16
 -74.5	18
 -73.5	19.5
 -72.5	30.5
 -71.5	20
 -70.5	17
 -69.5	25
 -68.5	24.2
 -67.5	14
 -66.5	19
 -65.5	18
 -64.5	24
 -63.5	19
 -62.5	16
 -61.5	17
 -60.5	20
 -59.5	22
 -58.5	24
 -57.5	19.5
 -56.5	16
 -55.5	24
 -54.5	17
 -53.5	21
 -52.5	31
 -51.5	34.5
 -50.5	20
 -49.5	21
 -48.5	24
 -47.5	23
 -46.5	21.5
 -45.5	24
 -44.5	26.5
 -43.5	28
 -42.5	19
 -41.5	27
 -40.5	21
 -39.5	28
 -38.5	25
 -37.5	17
 -36.5	28
 -35.5	20
 -34.5	30
 -33.5	27
 -32.5	33.2
 -31.5	24
 -30.5	22
 -29.5	27
 -28.5	34
 -27.5	32
 -26.5	30
 -25.5	26
 -24.5	31
 -23.5	21.5
 -22.5	13
 -21.5	27
 -20.5	24
 -19.5	21
 -18.5	25
 -17.5	30
 -16.5	28
 -15.5	29
 -14.5	28
 -13.5	36
 -12.5	24
 -11.5	42.5
 -10.5	23
  -9.5	32
  -8.5	30.5
  -7.5	37
  -6.5	24.5
  -5.5	19
  -4.5	32
  -3.5	22
  -2.5	18
  -1.5	21
  -0.5	23.5
   0.5	32
   1.5	26
   2.5	25
   3.5	19.7
   4.5	25
   5.5	27
   6.5	27
   7.5	24.3333
   8.5	21
   9.5	25
  10.5	31
  11.5	23
  12.5	35
  13.5	29
  14.5	21.5
  15.5	35.5
  16.5	26
  17.5	23.5
  18.5	24
  19.5	22
  20.5	26
  21.5	30
  22.5	23.5
  23.5	20
  24.5	29
  25.5	19
  26.5	26
  27.5	18
  28.5	25
  29.5	35
  30.5	25
  31.5	29
  32.5	25
  33.5	24
  34.5	21
  35.5	21
  36.5	24
  37.5	30
  38.5	35
  39.5	27.3333
  40.5	25
  41.5	22
  42.5	24
  43.5	32
  44.5	22
  45.5	27
  46.5	19
  47.5	32.5
  48.5	24
  49.5	27
  50.5	26
  51.5	15
  52.5	22
  53.5	27
  54.5	16
  55.5	17
  56.5	19
  57.5	16
  58.5	27
  59.5	18
  60.5	21
  61.5	25
  62.5	20
  63.5	23
  64.5	26
  65.5	13
  66.5	23
  67.5	14
  68.5	12
  69.5	15
  70.5	17
  71.5	16
  72.5	18
  73.5	16
  74.5	17
  75.5	23
  76.5	12
  77.5	11
  78.5	21
  79.5	13
  80.5	15
  81.5	21.5
  82.5	15
  83.5	15
  84.5	19
  85.5	15
  86.5	13
  87.5	16
  88.5	22
  89.5	10
  90.5	13
  91.5	15
  92.5	10.3333
  93.5	14.5
  94.5	18
  95.5	14
  96.5	16.3333
  97.5	17.5
  98.5	13
  99.5	16
 100.5	16
 101.5	13
 102.5	16.3333
 103.5	8
 104.5	14
 105.5	22
 106.5	12
 107.5	13.3333
 108.5	9
 109.5	12
 110.5	20
 111.5	10
 112.5	12.3333
 113.5	19
 114.5	23
 115.5	12
 116.5	16
 117.5	14
 118.5	15
 119.5	15
 120.5	6
 121.5	15
 122.5	17
 123.5	13
 124.5	13
 125.5	11
 126.5	16
 127.5	13
 128.5	12
 129.5	15
 130.5	16
 131.5	13
 132.5	18
 133.5	4
 134.5	13
 135.5	9
 136.5	13
 137.5	15
 138.5	17
 139.5	18
 140.5	19
 141.5	7
 142.5	14.5
 143.5	15
 144.5	19
 145.5	15
 146.5	9
 147.5	12
DB 2 MOTIF	FOXD2_HUMAN.H11MO.0.D
-145.5	3
-144.5	6
-143.5	3
-142.5	5
-141.5	4
-140.5	3
-139.5	2
-138.5	5
-137.5	4
-136.5	4
-135.5	1
-134.5	4
-133.5	4
-132.5	3
-131.5	5
-130.5	4
-129.5	5
-128.5	4
-127.5	4
-126.5	3
-125.5	4
-124.5	8
-123.5	3
-122.5	6
-121.5	5
-120.5	3
-119.5	4
-118.5	7
-117.5	10
-116.5	2
-115.5	4
-114.5	9
-113.5	8
-112.5	2
-111.5	3
-110.5	6
-109.5	1
-108.5	3
-107.5	3
-106.5	4
-105.5	7
-104.5	2
-103.5	6
-102.5	7
-101.5	3
-100.5	5
 -99.5	2
 -98.5	3
 -97.5	6
 -96.5	3
 -95.5	6
 -94.5	7
 -93.5	8
 -92.5	6
 -91.5	10
 -90.5	7
 -89.5	3
 -88.5	5
 -87.5	8
 -86.5	8
 -85.5	6
 -84.5	6
 -83.5	7
 -82.5	5
 -81.5	6
 -80.5	2
 -79.5	5
 -78.5	8
 -77.5	3
 -76.5	7
 -75.5	7
 -74.5	4
 -73.5	4
 -72.5	6
 -71.5	2
 -70.5	1
 -69.5	8
 -68.5	4
 -67.5	6
 -66.5	10
 -65.5	7
 -64.5	5
 -63.5	10
 -62.5	6
 -61.5	2
 -60.5	4
 -59.5	10
 -58.5	2
 -57.5	7
 -56.5	8
 -55.5	3
 -54.5	11
 -53.5	8
 -52.5	7
 -51.5	5
 -50.5	4
 -49.5	7
 -48.5	11
 -47.5	13
 -46.5	7
 -45.5	6
 -44.5	10
 -43.5	3
 -42.5	6
 -41.5	10
 -40.5	9
 -39.5	11
 -38.5	8
 -37.5	8
 -36.5	8
 -35.5	10
 -34.5	9
 -33.5	9
 -32.5	5
 -31.5	2
 -30.5	8
 -29.5	8
 -28.5	5
 -27.5	8
 -26.5	7
 -25.5	7
 -24.5	9
 -23.5	8
 -22.5	3
 -21.5	7
 -20.5	11
 -19.5	4
 -18.5	6
 -17.5	8
 -16.5	8
 -15.5	6
 -14.5	5
 -13.5	11
 -12.5	10
 -11.5	3
 -10.5	5
  -9.5	12
  -8.5	6
  -7.5	12
  -6.5	5
  -5.5	4
  -4.5	6
  -3.5	13
  -2.5	8
  -1.5	16
  -0.5	11
   0.5	6
   1.5	5
   2.5	6
   3.5	11
   4.5	9
   5.5	9
   6.5	16
   7.5	13
   8.5	11
   9.5	8
  10.5	5.5
  11.5	10.5
  12.5	7
  13.5	9
  14.5	16
  15.5	12
  16.5	10
  17.5	8
  18.5	7
  19.5	7
  20.5	8
  21.5	7
  22.5	8
  23.5	9
  24.5	7
  25.5	9
  26.5	9
  27.5	8
  28.5	10
  29.5	7
  30.5	10
  31.5	5
  32.5	7
  33.5	10
  34.5	11
  35.5	7
  36.5	5
  37.5	9
  38.5	10
  39.5	11
  40.5	5
  41.5	11
  42.5	8
  43.5	7
  44.5	3
  45.5	7
  46.5	10
  47.5	7
  48.5	15
  49.5	9
  50.5	10
  51.5	7
  52.5	4
  53.5	7
  54.5	3
  55.5	7
  56.5	8
  57.5	6
  58.5	11
  59.5	5
  60.5	3
  61.5	8
  62.5	9.5
  63.5	6.5
  64.5	7
  65.5	7
  66.5	3
  67.5	8
  68.5	5
  69.5	7.5
  70.5	4
  71.5	9
  72.5	5
  73.5	8
  74.5	6
  75.5	5.5
  76.5	7
  77.5	2
  78.5	9
  79.5	4
  80.5	7
  81.5	8
  82.5	6
  83.5	5
  84.5	3
  85.5	5
  86.5	8
  87.5	6
  88.5	3
  89.5	6
  90.5	8.5
  91.5	7.5
  92.5	4
  93.5	0
  94.5	3
  95.5	5
  96.5	6
  97.5	0
  98.5	5
  99.5	6
 100.5	9
 101.5	6
 102.5	2
 103.5	1
 104.5	4
 105.5	5
 106.5	5
 107.5	2
 108.5	4
 109.5	6
 110.5	4
 111.5	5
 112.5	5
 113.5	2
 114.5	4
 115.5	3
 116.5	6
 117.5	4
 118.5	4
 119.5	5
 120.5	2
 121.5	6
 122.5	2
 123.5	5
 124.5	2
 125.5	5
 126.5	4
 127.5	5
 128.5	4
 129.5	5
 130.5	7
 131.5	4
 132.5	4
 133.5	7
 134.5	5
 135.5	5
 136.5	7
 137.5	5
 138.5	2
 139.5	7
 140.5	2
 141.5	7
 142.5	6
 143.5	1
 144.5	6
 145.5	7
DB 2 MOTIF	FOXD3_HUMAN.H11MO.0.D
-147.5	21.5
-146.5	22.5
-145.5	16
-144.5	12
-143.5	26
-142.5	15
-141.5	22.5
-140.5	16
-139.5	18.7
-138.5	23
-137.5	17.5
-136.5	15
-135.5	20
-134.5	16
-133.5	17
-132.5	16
-131.5	17.3333
-130.5	19
-129.5	19
-128.5	19
-127.5	19
-126.5	26
-125.5	23.25
-124.5	12
-123.5	13
-122.5	22
-121.5	15
-120.5	18
-119.5	19
-118.5	18
-117.5	13
-116.5	24
-115.5	16
-114.5	13
-113.5	13.3333
-112.5	12
-111.5	9
-110.5	24
-109.5	17
-108.5	25
-107.5	16
-106.5	18.5
-105.5	16
-104.5	17.5
-103.5	25.2
-102.5	18
-101.5	26
-100.5	21
 -99.5	24.5
 -98.5	9.5
 -97.5	22
 -96.5	23
 -95.5	26
 -94.5	23.3333
 -93.5	17.5
 -92.5	19.125
 -91.5	23
 -90.5	21
 -89.5	16
 -88.5	24
 -87.5	22
 -86.5	23
 -85.5	13
 -84.5	28
 -83.5	28.75
 -82.5	21.5
 -81.5	20
 -80.5	20
 -79.5	23
 -78.5	14
 -77.5	21
 -76.5	25.5
 -75.5	21
 -74.5	23
 -73.5	34.5
 -72.5	25
 -71.5	28
 -70.5	26
 -69.5	22
 -68.5	22
 -67.5	23.7
 -66.5	18
 -65.5	13
 -64.5	21
 -63.5	26.8333
 -62.5	27
 -61.5	28
 -60.5	34
 -59.5	28
 -58.5	34.8333
 -57.5	32
 -56.5	31
 -55.5	27
 -54.5	23
 -53.5	33
 -52.5	28
 -51.5	30
 -50.5	35.5
 -49.5	20.3333
 -48.5	29.5
 -47.5	18
 -46.5	30.3333
 -45.5	31
 -44.5	32
 -43.5	28
 -42.5	28
 -41.5	31.25
 -40.5	24
 -39.5	24
 -38.5	33
 -37.5	36
 -36.5	28
 -35.5	36.125
 -34.5	28
 -33.5	33
 -32.5	34.5
 -31.5	33.2
 -30.5	39
 -29.5	32
 -28.5	26
 -27.5	30.5
 -26.5	28
 -25.5	28
 -24.5	30
 -23.5	23.5
 -22.5	30
 -21.5	31
 -20.5	31.5
 -19.5	28
 -18.5	24
 -17.5	35
 -16.5	25.5
 -15.5	32
 -14.5	39
 -13.5	38.5
 -12.5	37.6667
 -11.5	23
 -10.5	56.5
  -9.5	25.8333
  -8.5	30.5
  -7.5	30.5
  -6.5	27
  -5.5	30
  -4.5	28
  -3.5	27.5
  -2.5	19
  -1.5	33
  -0.5	43.5
   0.5	36
   1.5	37.125
   2.5	37
   3.5	35
   4.5	31.2
   5.5	28
   6.5	32.5
   7.5	30
   8.5	32
   9.5	35
  10.5	39
  11.5	39
  12.5	27
  13.5	45
  14.5	46
  15.5	30
  16.5	34
  17.5	25
  18.5	34.5
  19.5	33
  20.5	28.3333
  21.5	22.3333
  22.5	28.5
  23.5	37.5
  24.5	31
  25.5	30.5
  26.5	33
  27.5	37
  28.5	34
  29.5	31
  30.5	39
  31.5	34
  32.5	25
  33.5	43
  34.5	18
  35.5	29
  36.5	27
  37.5	20
  38.5	31.125
  39.5	26
  40.5	21
  41.5	33
  42.5	34
  43.5	27
  44.5	23
  45.5	28
  46.5	39.5
  47.5	34
  48.5	31.5
  49.5	27
  50.5	23
  51.5	30
  52.5	30.5
  53.5	32.5
  54.5	35
  55.5	22.875
  56.5	26
  57.5	29
  58.5	23
  59.5	27
  60.5	23.5
  61.5	29.5
  62.5	28
  63.5	35
  64.5	20
  65.5	26
  66.5	32
  67.5	15
  68.5	19
  69.5	19
  70.5	26
  71.5	31
  72.5	20.625
  73.5	21
  74.5	28
  75.5	26.3333
  76.5	21
  77.5	22
  78.5	14
  79.5	19
  80.5	27
  81.5	30.5
  82.5	21
  83.5	20.5
  84.5	30
  85.5	21
  86.5	26
  87.5	24
  88.5	24.5
  89.5	21
  90.5	17
  91.5	16
  92.5	25
  93.5	24
  94.5	15
  95.5	28
  96.5	28
  97.5	14.3333
  98.5	21
  99.5	23
 100.5	25.3333
 101.5	22.5
 102.5	22.5
 103.5	23.3333
 104.5	18
 105.5	18
 106.5	21.5
 107.5	19
 108.5	30.3333
 109.5	22.125
 110.5	16
 111.5	15
 112.5	16.5
 113.5	26.3333
 114.5	14
 115.5	22
 116.5	22
 117.5	20
 118.5	19
 119.5	9
 120.5	22
 121.5	19
 122.5	23
 123.5	18
 124.5	22
 125.5	19
 126.5	14.125
 127.5	13
 128.5	30
 129.5	16
 130.5	21
 131.5	24
 132.5	19.5
 133.5	14
 134.5	11
 135.5	13
 136.5	14
 137.5	17
 138.5	17
 139.5	19.5
 140.5	23
 141.5	12.5
 142.5	13
 143.5	16
 144.5	14
 145.5	24
 146.5	14
 147.5	17
DB 2 MOTIF	FOXF1_HUMAN.H11MO.0.D
-149.5	12
-148.5	11
-147.5	5
-146.5	7
-145.5	11
-144.5	12
-143.5	6
-142.5	15
-141.5	10
-140.5	13.5333
-139.5	11
-138.5	1
-137.5	9
-136.5	10.3333
-135.5	6
-134.5	9
-133.5	12
-132.5	7.33333
-131.5	11
-130.5	14.1667
-129.5	12
-128.5	15
-127.5	10
-126.5	10.3333
-125.5	16
-124.5	14
-123.5	14
-122.5	8.83333
-121.5	19
-120.5	13
-119.5	12
-118.5	17
-117.5	12.5
-116.5	14
-115.5	18
-114.5	10
-113.5	16
-112.5	3
-111.5	8.5
-110.5	8
-109.5	10
-108.5	9
-107.5	17
-106.5	18
-105.5	15
-104.5	12.2
-103.5	12
-102.5	15.5
-101.5	19
-100.5	16.5
 -99.5	8
 -98.5	20.5
 -97.5	13
 -96.5	13
 -95.5	14
 -94.5	12.5
 -93.5	9
 -92.5	11
 -91.5	10.8333
 -90.5	8.5
 -89.5	13
 -88.5	12
 -87.5	15
 -86.5	14
 -85.5	14.5
 -84.5	15
 -83.5	19.5
 -82.5	11
 -81.5	17
 -80.5	16
 -79.5	13
 -78.5	13
 -77.5	13.5
 -76.5	18.5
 -75.5	18
 -74.5	18.5
 -73.5	13.3333
 -72.5	19
 -71.5	15
 -70.5	17
 -69.5	17.3333
 -68.5	22.2
 -67.5	15
 -66.5	17
 -65.5	14
 -64.5	13
 -63.5	22
 -62.5	19
 -61.5	20
 -60.5	16
 -59.5	28
 -58.5	22
 -57.5	19.5
 -56.5	21
 -55.5	18
 -54.5	27
 -53.5	25
 -52.5	24
 -51.5	26
 -50.5	23
 -49.5	16.5
 -48.5	21
 -47.5	21.5
 -46.5	17
 -45.5	20
 -44.5	24
 -43.5	14
 -42.5	17
 -41.5	23.5
 -40.5	22
 -39.5	22
 -38.5	26
 -37.5	24
 -36.5	22.5
 -35.5	20
 -34.5	23
 -33.5	20
 -32.5	30.2
 -31.5	18
 -30.5	21
 -29.5	26.3333
 -28.5	24.5
 -27.5	27.5
 -26.5	21
 -25.5	17
 -24.5	26
 -23.5	20
 -22.5	23
 -21.5	24
 -20.5	25
 -19.5	15
 -18.5	27
 -17.5	23
 -16.5	28
 -15.5	33
 -14.5	28
 -13.5	23
 -12.5	25
 -11.5	44
 -10.5	25
  -9.5	27
  -8.5	24
  -7.5	24
  -6.5	23
  -5.5	26.5
  -4.5	28
  -3.5	23
  -2.5	18
  -1.5	21
  -0.5	23
   0.5	23.5
   1.5	31
   2.5	20
   3.5	22.7
   4.5	25
   5.5	26
   6.5	31.5
   7.5	24
   8.5	20.5
   9.5	20
  10.5	35
  11.5	21
  12.5	28
  13.5	31
  14.5	27
  15.5	31.5
  16.5	23
  17.5	30
  18.5	27
  19.5	22.1667
  20.5	26
  21.5	32
  22.5	25
  23.5	16
  24.5	18
  25.5	34.5
  26.5	27.5
  27.5	25.5
  28.5	20
  29.5	28
  30.5	24
  31.5	25.5
  32.5	24
  33.5	24
  34.5	24
  35.5	21
  36.5	21
  37.5	29
  38.5	25
  39.5	22
  40.5	24
  41.5	18.6667
  42.5	33.5
  43.5	29
  44.5	29
  45.5	23
  46.5	18
  47.5	27.5
  48.5	17
  49.5	30.5
  50.5	30
  51.5	24
  52.5	28
  53.5	22
  54.5	17
  55.5	17
  56.5	17
  57.5	16.5
  58.5	23
  59.5	19
  60.5	16
  61.5	10
  62.5	14.5
  63.5	24.1667
  64.5	25.5
  65.5	28
  66.5	12.5
  67.5	23
  68.5	12
  69.5	15
  70.5	14
  71.5	18
  72.5	15
  73.5	13.5
  74.5	17
  75.5	21
  76.5	17
  77.5	16
  78.5	15
  79.5	15
  80.5	22
  81.5	24
  82.5	13
  83.5	13
  84.5	13
  85.5	21.1667
  86.5	7
  87.5	18.3333
  88.5	9
  89.5	17
  90.5	11
  91.5	10
  92.5	10
  93.5	15
  94.5	16
  95.5	13
  96.5	16
  97.5	14.5
  98.5	11
  99.5	14
 100.5	14
 101.5	16
 102.5	9
 103.5	10.5
 104.5	7.5
 105.5	11
 106.5	13
 107.5	16.1667
 108.5	9
 109.5	16
 110.5	10
 111.5	6
 112.5	10.5
 113.5	11
 114.5	19
 115.5	12.5
 116.5	10
 117.5	9
 118.5	8
 119.5	10.5
 120.5	8
 121.5	15
 122.5	14
 123.5	8
 124.5	12
 125.5	14.5
 126.5	16
 127.5	14
 128.5	3
 129.5	9.16667
 130.5	12
 131.5	14.5
 132.5	10.5
 133.5	5
 134.5	10
 135.5	10
 136.5	11
 137.5	9
 138.5	16
 139.5	11.3333
 140.5	13
 141.5	8
 142.5	7
 143.5	14.3333
 144.5	20
 145.5	11.5
 146.5	7
 147.5	13.3333
 148.5	16
 149.5	16.5
DB 2 MOTIF	FOXF2_HUMAN.H11MO.0.D
-149.5	8
-148.5	12
-147.5	8
-146.5	7
-145.5	11
-144.5	10
-143.5	7
-142.5	7.08333
-141.5	12
-140.5	12
-139.5	10.2
-138.5	12
-137.5	10
-136.5	8.5
-135.5	11
-134.5	9
-133.5	7
-132.5	11.5
-131.5	4
-130.5	7.5
-129.5	12
-128.5	12
-127.5	17
-126.5	22
-125.5	12.0833
-124.5	12.5
-123.5	11
-122.5	13
-121.5	17
-120.5	17
-119.5	12
-118.5	17.5
-117.5	14
-116.5	11.5
-115.5	7
-114.5	11
-113.5	5
-112.5	10
-111.5	6
-110.5	21
-109.5	11
-108.5	14
-107.5	12
-106.5	14
-105.5	13.5
-104.5	13
-103.5	15.2
-102.5	12.0833
-101.5	15.5
-100.5	13
 -99.5	20
 -98.5	10
 -97.5	18
 -96.5	15
 -95.5	16
 -94.5	13.8333
 -93.5	13
 -92.5	13
 -91.5	14
 -90.5	13
 -89.5	13
 -88.5	14
 -87.5	14
 -86.5	12
 -85.5	14
 -84.5	15
 -83.5	13.0833
 -82.5	22
 -81.5	15
 -80.5	15
 -79.5	19
 -78.5	8
 -77.5	14
 -76.5	12.5
 -75.5	17
 -74.5	19.5
 -73.5	23
 -72.5	19
 -71.5	19
 -70.5	16.5
 -69.5	17
 -68.5	14
 -67.5	22.2
 -66.5	14.5
 -65.5	17
 -64.5	16
 -63.5	17
 -62.5	20
 -61.5	16
 -60.5	23.0833
 -59.5	24.5
 -58.5	24
 -57.5	28
 -56.5	16
 -55.5	21
 -54.5	25
 -53.5	21.5
 -52.5	29
 -51.5	19
 -50.5	29
 -49.5	19
 -48.5	24.5
 -47.5	21.5
 -46.5	28
 -45.5	33
 -44.5	27
 -43.5	31
 -42.5	22
 -41.5	25.0833
 -40.5	22.5
 -39.5	25
 -38.5	29
 -37.5	27
 -36.5	23
 -35.5	33.5
 -34.5	30
 -33.5	26
 -32.5	28
 -31.5	23.2
 -30.5	30.5
 -29.5	27
 -28.5	25.5
 -27.5	28.5
 -26.5	29
 -25.5	28
 -24.5	19
 -23.5	23
 -22.5	34
 -21.5	16
 -20.5	26
 -19.5	32
 -18.5	25
 -17.5	28
 -16.5	28.5
 -15.5	24
 -14.5	36
 -13.5	37.5
 -12.5	40
 -11.5	29
 -10.5	43
  -9.5	28.3333
  -8.5	21
  -7.5	25
  -6.5	24.5
  -5.5	28
  -4.5	27
  -3.5	22.5
  -2.5	17
  -1.5	19
  -0.5	30
   0.5	26.0833
   1.5	23
   2.5	32.5
   3.5	43.5
   4.5	36.2
   5.5	22
   6.5	29
   7.5	36.5
   8.5	25
   9.5	29
  10.5	33
  11.5	40
  12.5	20
  13.5	34
  14.5	42.5
  15.5	25.5
  16.5	32
  17.5	30
  18.5	29.25
  19.5	24
  20.5	24.5
  21.5	27
  22.5	21
  23.5	25
  24.5	26.5
  25.5	27
  26.5	31
  27.5	27
  28.5	31
  29.5	31
  30.5	29
  31.5	20
  32.5	26.5
  33.5	33.5
  34.5	16
  35.5	32
  36.5	28
  37.5	22
  38.5	26.5
  39.5	23
  40.5	14.6667
  41.5	34
  42.5	33
  43.5	17.5
  44.5	21
  45.5	25.5
  46.5	28.5
  47.5	22
  48.5	31.5
  49.5	19.5
  50.5	23
  51.5	23
  52.5	23
  53.5	20.5
  54.5	24
  55.5	17.0833
  56.5	22
  57.5	20
  58.5	19.5
  59.5	20.5
  60.5	18
  61.5	29
  62.5	15.1667
  63.5	21
  64.5	26
  65.5	23.5
  66.5	16
  67.5	11
  68.5	17
  69.5	13
  70.5	12
  71.5	19
  72.5	15
  73.5	20
  74.5	17
  75.5	20.3333
  76.5	16
  77.5	19
  78.5	13.5
  79.5	15
  80.5	19.5
  81.5	11
  82.5	10.5
  83.5	16
  84.5	22.1667
  85.5	12
  86.5	10.5
  87.5	16
  88.5	14
  89.5	12
  90.5	11
  91.5	9.08333
  92.5	13.5
  93.5	14
  94.5	12.5
  95.5	18
  96.5	17
  97.5	10
  98.5	10
  99.5	14
 100.5	12
 101.5	12
 102.5	20
 103.5	11.5
 104.5	11
 105.5	13
 106.5	16.1667
 107.5	7
 108.5	11.5
 109.5	12
 110.5	15
 111.5	6
 112.5	9.5
 113.5	18
 114.5	8.08333
 115.5	8.5
 116.5	16
 117.5	15
 118.5	13.1
 119.5	8.1
 120.5	10.1
 121.5	9.1
 122.5	15.1
 123.5	8.1
 124.5	13.1
 125.5	11.1
 126.5	10.1
 127.5	9.1
 128.5	11.6667
 129.5	5
 130.5	17
 131.5	10
 132.5	15.0833
 133.5	12
 134.5	14.5
 135.5	9
 136.5	8
 137.5	14
 138.5	12
 139.5	15
 140.5	17.3333
 141.5	6
 142.5	11
 143.5	13
 144.5	12.3333
 145.5	16.5
 146.5	11.5
 147.5	7
 148.5	15.3333
 149.5	18
DB 2 MOTIF	FOXG1_HUMAN.H11MO.0.D
-146.5	32.8
-145.5	30.9818
-144.5	22.9429
-143.5	26.3247
-142.5	23.9429
-141.5	12.6247
-140.5	11.4429
-139.5	22.7108
-138.5	19.1718
-137.5	22.7108
-136.5	12.2289
-135.5	13.7441
-134.5	22.2289
-133.5	11.4108
-132.5	14.2289
-131.5	10.2679
-130.5	13.0861
-129.5	18.3064
-128.5	21.6245
-127.5	14.173
-126.5	15.4912
-125.5	14.0064
-124.5	15.4912
-123.5	23.4912
-122.5	12.2912
-121.5	21.1245
-120.5	17.1245
-119.5	13.1245
-118.5	22.0769
-117.5	14.0769
-116.5	13.1436
-115.5	21.0769
-114.5	15.1436
-113.5	17.5385
-112.5	4.10513
-111.5	16.0385
-110.5	16.1051
-109.5	16.0385
-108.5	15.1051
-107.5	16.0385
-106.5	13.6051
-105.5	13.5385
-104.5	23.1051
-103.5	18.2
-102.5	17.0667
-101.5	17
-100.5	22.0667
 -99.5	18
 -98.5	23.0667
 -97.5	18
 -96.5	20.0667
 -95.5	21.0714
 -94.5	13.0667
 -93.5	14.4048
 -92.5	22.0667
 -91.5	20.4574
 -90.5	20.0667
 -89.5	19.9336
 -88.5	11.0667
 -87.5	15.2669
 -86.5	11
 -85.5	28.2669
 -84.5	14
 -83.5	13.7669
 -82.5	19.5
 -81.5	14.2669
 -80.5	16
 -79.5	19.2669
 -78.5	22.5
 -77.5	19.3257
 -76.5	14
 -75.5	15.1829
 -74.5	20
 -73.5	25.1829
 -72.5	22.6
 -71.5	14.2738
 -70.5	19.5242
 -69.5	19.0174
 -68.5	17.5242
 -67.5	24.2793
 -66.5	17.1909
 -65.5	18.7793
 -64.5	15.1909
 -63.5	11.2793
 -62.5	19.3338
 -61.5	23.4793
 -60.5	18.2429
 -59.5	19.1884
 -58.5	15.2429
 -57.5	14.1884
 -56.5	19.2429
 -55.5	26.1884
 -54.5	24.2429
 -53.5	20.1357
 -52.5	16.6429
 -51.5	13.6357
 -50.5	23.1429
 -49.5	27.6357
 -48.5	25.1111
 -47.5	25.2469
 -46.5	24.6111
 -45.5	15.2469
 -44.5	24.1111
 -43.5	26.1111
 -42.5	28.6111
 -41.5	22.1111
 -40.5	17.1111
 -39.5	20
 -38.5	14
 -37.5	15
 -36.5	28
 -35.5	19
 -34.5	20.5
 -33.5	14
 -32.5	25
 -31.5	25
 -30.5	32.1667
 -29.5	21
 -28.5	17.1667
 -27.5	16
 -26.5	16.1667
 -25.5	25
 -24.5	14.1667
 -23.5	13
 -22.5	17.1667
 -21.5	20
 -20.5	20.1667
 -19.5	13
 -18.5	25
 -17.5	23
 -16.5	19
 -15.5	16
 -14.5	14
 -13.5	24
 -12.5	15.5
 -11.5	20
 -10.5	19
  -9.5	22
  -8.5	25
  -7.5	20
  -6.5	21
  -5.5	25
  -4.5	18
  -3.5	14
  -2.5	14
  -1.5	15
  -0.5	26.2
   0.5	19
   1.5	10
   2.5	25
   3.5	20
   4.5	17
   5.5	19
   6.5	19
   7.5	21.5
   8.5	14
   9.5	19
  10.5	18
  11.5	26
  12.5	26
  13.5	21.5
  14.5	19
  15.5	21
  16.5	24
  17.5	26
  18.5	19
  19.5	29
  20.5	21
  21.5	28
  22.5	17
  23.5	26
  24.5	23.1
  25.5	17
  26.5	17.1
  27.5	20
  28.5	24.1
  29.5	17
  30.5	19.1
  31.5	26
  32.5	16.1
  33.5	21.3333
  34.5	22.4333
  35.5	24.6667
  36.5	19.1
  37.5	21.5
  38.5	21.1
  39.5	11
  40.5	27.1
  41.5	24
  42.5	24.1
  43.5	14
  44.5	17
  45.5	23.5
  46.5	18.3333
  47.5	24.3333
  48.5	25.3333
  49.5	20
  50.5	20
  51.5	22
  52.5	17
  53.5	17.0909
  54.5	22
  55.5	26.0909
  56.5	17.125
  57.5	20.0909
  58.5	24.125
  59.5	12.0909
  60.5	11.125
  61.5	20.0909
  62.5	31.1635
  63.5	23.1294
  64.5	16.3301
  65.5	20.296
  66.5	21.3301
  67.5	14.296
  68.5	15.3301
  69.5	17.4071
  70.5	21.1635
  71.5	15.2405
  72.5	21.0385
  73.5	19.2405
  74.5	15.1218
  75.5	26.2329
  76.5	21.1218
  77.5	9.23291
  78.5	15.1218
  79.5	16.2329
  80.5	16.1218
  81.5	14.2329
  82.5	17.2647
  83.5	24.3758
  84.5	11.2647
  85.5	19.3758
  86.5	12.1813
  87.5	17.1813
  88.5	16.3429
  89.5	22.2
  90.5	11.2
  91.5	16.2
  92.5	16.5333
  93.5	13.0667
  94.5	18
  95.5	15.0667
  96.5	18.25
  97.5	19.3936
  98.5	10.25
  99.5	14.3936
 100.5	10
 101.5	19.1436
 102.5	13.5
 103.5	26.1436
 104.5	14.3333
 105.5	12.1436
 106.5	19.25
 107.5	13.3936
 108.5	20.25
 109.5	23.7269
 110.5	17.5
 111.5	17.6436
 112.5	18
 113.5	19.3436
 114.5	9.83333
 115.5	18.6436
 116.5	20
 117.5	17.1436
 118.5	18.125
 119.5	14.1436
 120.5	15.125
 121.5	19.1436
 122.5	14.125
 123.5	15.2
 124.5	11.125
 125.5	13.2
 126.5	19.125
 127.5	10.2
 128.5	22.625
 129.5	21.3429
 130.5	15.7679
 131.5	13.8429
 132.5	14.2679
 133.5	19.5179
 134.5	16.0179
 135.5	7.51786
 136.5	18.375
 137.5	17.625
 138.5	22.125
 139.5	11.625
 140.5	11.125
 141.5	23.5
 142.5	23
 143.5	19
 144.5	15
 145.5	17.5
 146.5	22
DB 2 MOTIF	FOXH1_HUMAN.H11MO.0.A
-150.5	15
-149.5	21
-148.5	25
-147.5	19.25
-146.5	21.5
-145.5	22.75
-144.5	20
-143.5	28
-142.5	15
-141.5	16
-140.5	23
-139.5	18.5
-138.5	17
-137.5	16.5
-136.5	13
-135.5	18
-134.5	16
-133.5	19
-132.5	19
-131.5	26.1667
-130.5	14.5
-129.5	17.3333
-128.5	16
-127.5	20
-126.5	20.25
-125.5	20
-124.5	10
-123.5	20
-122.5	14.5
-121.5	24
-120.5	20
-119.5	11
-118.5	17
-117.5	14
-116.5	17
-115.5	23
-114.5	14
-113.5	20
-112.5	16
-111.5	24
-110.5	19
-109.5	23.25
-108.5	15
-107.5	15
-106.5	24
-105.5	12
-104.5	17.5
-103.5	16.5
-102.5	21.5
-101.5	21
-100.5	20
 -99.5	19
 -98.5	13.75
 -97.5	20
 -96.5	20
 -95.5	17
 -94.5	21
 -93.5	22.3333
 -92.5	23
 -91.5	17
 -90.5	21
 -89.5	9
 -88.5	17.5
 -87.5	19
 -86.5	17.25
 -85.5	19
 -84.5	13
 -83.5	11
 -82.5	23
 -81.5	21.3333
 -80.5	20
 -79.5	16.5
 -78.5	16.5
 -77.5	15.5
 -76.5	20
 -75.5	28
 -74.5	23.1667
 -73.5	17.8333
 -72.5	22.5
 -71.5	20
 -70.5	26
 -69.5	23.5
 -68.5	18.25
 -67.5	29
 -66.5	21.25
 -65.5	13
 -64.5	20
 -63.5	22.6667
 -62.5	24
 -61.5	20
 -60.5	23.5
 -59.5	27.25
 -58.5	23.5
 -57.5	29.5
 -56.5	26
 -55.5	30
 -54.5	17
 -53.5	25
 -52.5	27
 -51.5	18
 -50.5	18.25
 -49.5	25
 -48.5	24
 -47.5	16
 -46.5	24.25
 -45.5	17
 -44.5	17.3333
 -43.5	29.25
 -42.5	18
 -41.5	26
 -40.5	21.3333
 -39.5	20.25
 -38.5	19
 -37.5	21
 -36.5	27
 -35.5	29
 -34.5	24
 -33.5	21.25
 -32.5	28
 -31.5	17
 -30.5	23
 -29.5	23
 -28.5	20.5
 -27.5	17.25
 -26.5	20.5
 -25.5	17
 -24.5	34
 -23.5	22.5
 -22.5	33.5
 -21.5	22
 -20.5	20
 -19.5	20.25
 -18.5	20
 -17.5	29
 -16.5	27
 -15.5	22
 -14.5	20
 -13.5	32
 -12.5	22.5
 -11.5	36.25
 -10.5	22
  -9.5	24.25
  -8.5	22
  -7.5	24
  -6.5	15
  -5.5	23
  -4.5	34
  -3.5	26
  -2.5	18
  -1.5	19
  -0.5	32
   0.5	14
   1.5	24
   2.5	24.5
   3.5	24.5
   4.5	16
   5.5	37.5
   6.5	15
   7.5	29
   8.5	23
   9.5	16
  10.5	27
  11.5	18
  12.5	23
  13.5	27
  14.5	24.5
  15.5	28.5
  16.5	23.5
  17.5	30
  18.5	22
  19.5	24
  20.5	17
  21.5	31.5
  22.5	22
  23.5	30
  24.5	20.5
  25.5	25
  26.5	28
  27.5	13
  28.5	32
  29.5	25
  30.5	33.25
  31.5	23
  32.5	26
  33.5	29
  34.5	15.5
  35.5	27
  36.5	29.5
  37.5	21
  38.5	27
  39.5	21.6667
  40.5	26
  41.5	20
  42.5	26.5
  43.5	18
  44.5	18
  45.5	22
  46.5	24.25
  47.5	21
  48.5	32.5
  49.5	26.5
  50.5	23.5
  51.5	28
  52.5	22.5
  53.5	28
  54.5	19
  55.5	21
  56.5	10.5
  57.5	20
  58.5	22.5
  59.5	26.5
  60.5	17
  61.5	22
  62.5	16
  63.5	25.25
  64.5	20
  65.5	23
  66.5	23
  67.5	20
  68.5	15
  69.5	26.5
  70.5	22
  71.5	18.5
  72.5	22
  73.5	16
  74.5	16
  75.5	18
  76.5	11
  77.5	28
  78.5	18
  79.5	14
  80.5	27
  81.5	18
  82.5	14
  83.5	21
  84.5	16.5
  85.5	13
  86.5	22
  87.5	24.5
  88.5	19
  89.5	18
  90.5	20
  91.5	12
  92.5	18
  93.5	17
  94.5	21
  95.5	14
  96.5	20.1667
  97.5	16
  98.5	18
  99.5	26
 100.5	18.25
 101.5	22.25
 102.5	21.5
 103.5	14
 104.5	18
 105.5	16
 106.5	21
 107.5	32
 108.5	18
 109.5	25
 110.5	22
 111.5	20
 112.5	16
 113.5	20
 114.5	20
 115.5	29
 116.5	32
 117.5	25
 118.5	21
 119.5	13
 120.5	19
 121.5	19.5
 122.5	16.5
 123.5	18
 124.5	19
 125.5	27
 126.5	22
 127.5	20.5
 128.5	23
 129.5	13
 130.5	15
 131.5	25
 132.5	20
 133.5	26
 134.5	17.25
 135.5	20
 136.5	21
 137.5	14
 138.5	14
 139.5	16
 140.5	13.5
 141.5	11
 142.5	16
 143.5	12
 144.5	22
 145.5	18
 146.5	24
 147.5	14
 148.5	20.5
 149.5	19.1667
 150.5	17.5
DB 2 MOTIF	FOXJ2_HUMAN.H11MO.0.C
-150.0	14.5
-149.0	9
-148.0	12
-147.0	8
-146.0	10
-145.0	8
-144.0	10
-143.0	10
-142.0	13
-141.0	9.83333
-140.0	13.7
-139.0	11
-138.0	8
-137.0	8.83333
-136.0	10
-135.0	7
-134.0	12.5
-133.0	6.33333
-132.0	5
-131.0	8.33333
-130.0	6
-129.0	10
-128.0	9
-127.0	14.3333
-126.0	16
-125.0	6
-124.0	5
-123.0	15.3333
-122.0	9.5
-121.0	12
-120.0	7
-119.0	8
-118.0	11.5
-117.0	16
-116.0	9.5
-115.0	10
-114.0	12
-113.0	11
-112.0	11
-111.0	13
-110.0	14
-109.0	12.5
-108.0	14
-107.0	8
-106.0	12.5
-105.0	9.5
-104.0	16.2
-103.0	15
-102.0	20.5
-101.0	14
-100.0	12
 -99.0	8.5
 -98.0	13.5
 -97.0	11
 -96.0	17
 -95.0	20.5
 -94.0	7.5
 -93.0	8.5
 -92.0	8
 -91.0	8.5
 -90.0	15.5
 -89.0	14
 -88.0	12
 -87.0	13.5
 -86.0	7
 -85.0	13
 -84.0	13
 -83.0	18.5
 -82.0	11.5
 -81.0	15
 -80.0	20
 -79.0	11
 -78.0	7.5
 -77.0	15.5
 -76.0	21.5
 -75.0	19
 -74.0	15.5
 -73.0	17.5
 -72.0	19.5
 -71.0	9.5
 -70.0	13
 -69.0	14
 -68.0	20.2
 -67.0	15
 -66.0	17
 -65.0	9
 -64.0	12
 -63.0	16.5
 -62.0	14
 -61.0	21.5
 -60.0	31
 -59.0	20
 -58.0	21.5
 -57.0	17
 -56.0	18
 -55.0	29
 -54.0	25
 -53.0	22
 -52.0	29
 -51.0	19.5
 -50.0	16.5
 -49.0	19
 -48.0	27
 -47.0	14
 -46.0	19
 -45.0	26
 -44.0	21.5
 -43.0	17.5
 -42.0	25
 -41.0	15
 -40.0	16
 -39.0	28
 -38.0	25
 -37.0	18
 -36.0	27
 -35.0	31
 -34.0	24
 -33.0	21
 -32.0	23.2
 -31.0	21.5
 -30.0	28.5
 -29.0	22
 -28.0	20.5
 -27.0	22
 -26.0	23
 -25.0	22
 -24.0	20
 -23.0	23
 -22.0	22.5
 -21.0	21
 -20.0	25
 -19.0	14.5
 -18.0	28
 -17.0	23
 -16.0	25
 -15.0	23
 -14.0	26
 -13.0	32.5
 -12.0	30.5
 -11.0	27.5
 -10.0	33.5
  -9.0	23
  -8.0	16.5
  -7.0	24
  -6.0	26.5
  -5.0	30
  -4.0	31
  -3.0	19.5
  -2.0	15
  -1.0	23
   0.0	20
   1.0	33
   2.0	16
   3.0	30.5
   4.0	25.7
   5.0	26.5
   6.0	20
   7.0	23
   8.0	24.5
   9.0	18
  10.0	31
  11.0	33
  12.0	21
  13.0	34.5
  14.0	25
  15.0	25.5
  16.0	22
  17.0	20.5
  18.0	34
  19.0	18.1667
  20.0	26
  21.0	25.5
  22.0	22.3333
  23.0	20.5
  24.0	23
  25.0	23
  26.0	26
  27.0	26
  28.0	24.5
  29.0	18
  30.0	23
  31.0	28
  32.0	19.5
  33.0	33
  34.0	25.5
  35.0	20
  36.0	25
  37.0	19
  38.0	23.5
  39.0	22.3333
  40.0	15
  41.0	20.1667
  42.0	20.5
  43.0	19.5
  44.0	20
  45.0	22
  46.0	26
  47.0	26
  48.0	29
  49.0	20
  50.0	20
  51.0	24
  52.0	22
  53.0	22
  54.0	17.5
  55.0	20
  56.0	23.3333
  57.0	14
  58.0	17
  59.0	18.5
  60.0	15
  61.0	16
  62.0	22
  63.0	25.1667
  64.0	28
  65.0	19
  66.0	19
  67.0	16.5
  68.0	21
  69.0	12
  70.0	12
  71.0	16
  72.0	12.5
  73.0	11
  74.0	14
  75.0	14
  76.0	12
  77.0	15
  78.0	18
  79.0	11
  80.0	12
  81.0	16
  82.0	19
  83.0	13.5
  84.0	12
  85.0	14.1667
  86.0	17
  87.0	8
  88.0	12
  89.0	13
  90.0	8
  91.0	10.5
  92.0	11
  93.0	13
  94.0	8
  95.0	11.5
  96.0	10
  97.0	11
  98.0	13
  99.0	16.5
 100.0	10.3333
 101.0	9
 102.0	10
 103.0	7.5
 104.0	12.3333
 105.0	15
 106.0	10
 107.0	18.1667
 108.0	7.83333
 109.0	10.5
 110.0	12
 111.0	5
 112.0	8
 113.0	12
 114.0	17
 115.0	14
 116.0	7.5
 117.0	9
 118.0	11
 119.0	8.5
 120.0	8
 121.0	7
 122.0	11
 123.0	6
 124.0	5
 125.0	8
 126.0	8
 127.0	14
 128.0	8.5
 129.0	8.16667
 130.0	10.5
 131.0	11
 132.0	17
 133.0	12
 134.0	1
 135.0	5
 136.0	7
 137.0	14
 138.0	13
 139.0	13
 140.0	9.33333
 141.0	12
 142.0	7
 143.0	4.5
 144.0	17.3333
 145.0	9
 146.0	5.5
 147.0	9
 148.0	14.8333
 149.0	13
 150.0	16.5
DB 2 MOTIF	FOXJ3_HUMAN.H11MO.0.A
-148.5	13.5492
-147.5	8.96587
-146.5	7.05678
-145.5	7.05678
-144.5	8.72345
-143.5	10.8846
-142.5	6.71789
-141.5	9.45789
-140.5	9.45789
-139.5	7.34678
-138.5	7.34678
-137.5	7.84678
-136.5	5.34678
-135.5	8.78813
-134.5	3.10559
-133.5	7.60559
-132.5	7.60559
-131.5	2.13892
-130.5	9.13892
-129.5	6.85004
-128.5	13.1
-127.5	5.10004
-126.5	8.85004
-125.5	10.85
-124.5	10.6
-123.5	10.1
-122.5	9.30004
-121.5	7.85559
-120.5	12.7445
-119.5	5.64448
-118.5	4.22781
-117.5	4.52781
-116.5	17.7378
-115.5	2.40448
-114.5	9.73781
-113.5	8.73781
-112.5	11.8211
-111.5	3.45448
-110.5	5.95448
-109.5	13.1211
-108.5	5.78781
-107.5	5.78781
-106.5	9.28781
-105.5	11.4878
-104.5	6.45556
-103.5	10.65
-102.5	6.91667
-101.5	10.7833
-100.5	8.58333
 -99.5	12
 -98.5	3
 -97.5	8
 -96.5	10
 -95.5	13
 -94.5	5.5
 -93.5	5.625
 -92.5	5.125
 -91.5	13.125
 -90.5	6.125
 -89.5	6.45833
 -88.5	10.5208
 -87.5	5.77083
 -86.5	8.4375
 -85.5	8.3125
 -84.5	11.3125
 -83.5	9.0625
 -82.5	5.8125
 -81.5	7.87132
 -80.5	4.51418
 -79.5	6.51418
 -78.5	9.76418
 -77.5	5.36418
 -76.5	9.36418
 -75.5	8.36418
 -74.5	9.36418
 -73.5	13.788
 -72.5	15.3683
 -71.5	7.36835
 -70.5	13.3683
 -69.5	13.5683
 -68.5	12.5683
 -67.5	13.4683
 -66.5	9.96835
 -65.5	9.82549
 -64.5	12.3167
 -63.5	9.31667
 -62.5	8.31667
 -61.5	6.31667
 -60.5	16.0667
 -59.5	10.2667
 -58.5	11.2
 -57.5	8.2
 -56.5	11.2
 -55.5	8.2
 -54.5	13.1667
 -53.5	9.16667
 -52.5	13.1667
 -51.5	13.1667
 -50.5	14.2436
 -49.5	8.57692
 -48.5	11.4103
 -47.5	8.41026
 -46.5	10.0769
 -45.5	9.07692
 -44.5	11.0769
 -43.5	10.0769
 -42.5	11.0769
 -41.5	7.07692
 -40.5	9.07692
 -39.5	16.0769
 -38.5	10.2198
 -37.5	15.1429
 -36.5	11.6429
 -35.5	18.1429
 -34.5	8.14286
 -33.5	15.1429
 -32.5	15.1429
 -31.5	9
 -30.5	13
 -29.5	11
 -28.5	10
 -27.5	7
 -26.5	10
 -25.5	7.5
 -24.5	7
 -23.5	5
 -22.5	11
 -21.5	9
 -20.5	11
 -19.5	9
 -18.5	7
 -17.5	12
 -16.5	14
 -15.5	8
 -14.5	12
 -13.5	12
 -12.5	13
 -11.5	6
 -10.5	11
  -9.5	6
  -8.5	8
  -7.5	8
  -6.5	14
  -5.5	14
  -4.5	7
  -3.5	7
  -2.5	9
  -1.5	6
  -0.5	15
   0.5	11
   1.5	10
   2.5	11
   3.5	14
   4.5	9
   5.5	10
   6.5	13
   7.5	9.5
   8.5	12.5
   9.5	14
  10.5	10
  11.5	7
  12.5	16
  13.5	14
  14.5	8
  15.5	9
  16.5	14
  17.5	14
  18.5	13
  19.5	5
  20.5	12
  21.5	12
  22.5	11
  23.5	10
  24.5	8
  25.5	10
  26.5	13
  27.5	12
  28.5	16
  29.5	14
  30.5	11
  31.5	9.14286
  32.5	9.14286
  33.5	7.14286
  34.5	11.1429
  35.5	16.1429
  36.5	12.1429
  37.5	11.1429
  38.5	9.2
  39.5	14.8667
  40.5	5.86667
  41.5	13.3667
  42.5	8.36667
  43.5	8.16667
  44.5	7.30952
  45.5	7.14286
  46.5	12.1429
  47.5	8.14286
  48.5	10.6429
  49.5	12.6429
  50.5	14.1429
  51.5	11
  52.5	17
  53.5	11
  54.5	12
  55.5	4
  56.5	7
  57.5	11.5
  58.5	6.5
  59.5	5.2
  60.5	11.7333
  61.5	11.2333
  62.5	11.3333
  63.5	9.33333
  64.5	13.1333
  65.5	13.1333
  66.5	6.13333
  67.5	7.13333
  68.5	10.1333
  69.5	16.2167
  70.5	6.46667
  71.5	10.4667
  72.5	11.9292
  73.5	12.4292
  74.5	9.17917
  75.5	10.1792
  76.5	8.17917
  77.5	5.17917
  78.5	7.42917
  79.5	10.6792
  80.5	12.9701
  81.5	6.88674
  82.5	11.9701
  83.5	11.7201
  84.5	11.7201
  85.5	10.3296
  86.5	12.7629
  87.5	4.76293
  88.5	7.70043
  89.5	7.8671
  90.5	8.83377
  91.5	7.24286
  92.5	8.1
  93.5	8.45
  94.5	8.575
  95.5	9.475
  96.5	7.80833
  97.5	3.55833
  98.5	8.55833
  99.5	5.225
 100.5	5.225
 101.5	7.225
 102.5	11.3
 103.5	11.2
 104.5	9.325
 105.5	5.825
 106.5	6.65833
 107.5	7.45833
 108.5	6.45833
 109.5	8.125
 110.5	11.375
 111.5	9.875
 112.5	4.75
 113.5	12.25
 114.5	8.2
 115.5	7.2
 116.5	10.2
 117.5	11.2
 118.5	5.2
 119.5	9
 120.5	9
 121.5	9
 122.5	11
 123.5	2
 124.5	5
 125.5	5.41667
 126.5	5.41667
 127.5	7.50758
 128.5	6.50758
 129.5	9.25758
 130.5	9.75758
 131.5	6.79924
 132.5	7.79924
 133.5	5.79924
 134.5	12.2992
 135.5	5.29924
 136.5	8.29924
 137.5	9.88258
 138.5	8.125
 139.5	9.83333
 140.5	9.625
 141.5	10.9583
 142.5	5.625
 143.5	12.2083
 144.5	8.74167
 145.5	11.4083
 146.5	5.40833
 147.5	10.9083
 148.5	7.11667
DB 2 MOTIF	FOXK1_HUMAN.H11MO.0.A
-150.0	16
-149.0	16.5
-148.0	15
-147.0	12
-146.0	13.5
-145.0	18
-144.0	18
-143.0	19
-142.0	19.4103
-141.0	15.5
-140.0	12.2
-139.0	20
-138.0	19
-137.0	15
-136.0	20
-135.0	18
-134.0	18
-133.0	21
-132.0	23
-131.0	13.6667
-130.0	14
-129.0	12
-128.0	23
-127.0	27
-126.0	17
-125.0	18.5769
-124.0	17
-123.0	16.5
-122.0	24
-121.0	20
-120.0	16
-119.0	12
-118.0	18.5
-117.0	21
-116.0	17.3333
-115.0	11
-114.0	21
-113.0	11
-112.0	13
-111.0	15.3333
-110.0	25
-109.0	18
-108.0	16
-107.0	20
-106.0	12.3333
-105.0	15.5
-104.0	24.2
-103.0	21.8333
-102.0	29.0769
-101.0	19
-100.0	21
 -99.0	27.5
 -98.0	14.5
 -97.0	21
 -96.0	25
 -95.0	21
 -94.0	20
 -93.0	18.5
 -92.0	20
 -91.0	16
 -90.0	18
 -89.0	17
 -88.0	19
 -87.0	14
 -86.0	26.5
 -85.0	14
 -84.0	27
 -83.0	26.5769
 -82.0	19.5
 -81.0	26.5
 -80.0	24.5
 -79.0	14.3333
 -78.0	17.3333
 -77.0	16
 -76.0	20
 -75.0	25.5
 -74.0	27.6667
 -73.0	22
 -72.0	24
 -71.0	25
 -70.0	25
 -69.0	29.5
 -68.0	26.2
 -67.0	21.5
 -66.0	24.5
 -65.0	15
 -64.0	27
 -63.0	26.5
 -62.0	23
 -61.0	29
 -60.0	31.0769
 -59.0	26.5
 -58.0	26.5
 -57.0	28
 -56.0	26.5
 -55.0	30
 -54.0	27.5
 -53.0	27.5
 -52.0	37.5
 -51.0	31.5
 -50.0	28
 -49.0	28
 -48.0	23.5
 -47.0	22
 -46.0	25
 -45.0	27.5
 -44.0	29.5
 -43.0	33.5
 -42.0	21
 -41.0	33.5769
 -40.0	28
 -39.0	24
 -38.0	40
 -37.0	28
 -36.0	26.5
 -35.0	27
 -34.0	42
 -33.0	31
 -32.0	36.2
 -31.0	29.5
 -30.0	42
 -29.0	31
 -28.0	29
 -27.0	36.5
 -26.0	24
 -25.0	29
 -24.0	27.5
 -23.0	30
 -22.0	21.5
 -21.0	28.5
 -20.0	38.5
 -19.0	21
 -18.0	36
 -17.0	29.6667
 -16.0	31.5
 -15.0	38
 -14.0	39.5
 -13.0	34.5
 -12.0	39
 -11.0	31.5
 -10.0	33
  -9.0	31
  -8.0	33.5
  -7.0	29
  -6.0	26.5
  -5.0	33
  -4.0	29
  -3.0	17.5
  -2.0	19
  -1.0	39.5
   0.0	32.5
   1.0	34.0769
   2.0	35
   3.0	33
   4.0	32.7
   5.0	43
   6.0	22.5
   7.0	33.8333
   8.0	30
   9.0	29
  10.0	32
  11.0	38
  12.0	40
  13.0	45
  14.0	38
  15.0	27.5
  16.0	32
  17.0	28.5
  18.0	33
  19.0	36.0769
  20.0	33
  21.0	43.5
  22.0	34.5
  23.0	28
  24.0	37
  25.0	32.5
  26.0	33
  27.0	31
  28.0	25.5
  29.0	30
  30.0	35
  31.0	33
  32.0	33.5
  33.0	25
  34.0	27
  35.0	30
  36.0	28
  37.0	30
  38.0	23
  39.0	22
  40.0	27.1667
  41.0	27
  42.0	28.5
  43.0	33.5
  44.0	27
  45.0	25
  46.0	31.8333
  47.0	40
  48.0	35
  49.0	34.5
  50.0	28
  51.0	34
  52.0	25
  53.0	31
  54.0	27.5
  55.0	24
  56.0	27.0769
  57.0	24
  58.0	24
  59.0	34
  60.0	26
  61.0	26.5
  62.0	30
  63.0	32
  64.0	37
  65.0	20.5
  66.0	34.5
  67.0	26
  68.0	24
  69.0	17
  70.0	25
  71.0	27
  72.0	32.5
  73.0	25
  74.0	20.0769
  75.0	19.5
  76.0	25.5
  77.0	24
  78.0	22
  79.0	15
  80.0	16
  81.0	34.5
  82.0	25
  83.0	12
  84.0	18
  85.0	26.5
  86.0	26
  87.0	10
  88.0	22
  89.0	16
  90.0	25
  91.0	14
  92.0	20.4103
  93.0	10
  94.0	28.5
  95.0	20
  96.0	19.5
  97.0	19.1667
  98.0	19.5
  99.0	18
 100.0	27
 101.0	20.5
 102.0	26
 103.0	18.5
 104.0	17
 105.0	17.5
 106.0	16
 107.0	20
 108.0	19.5
 109.0	18.5
 110.0	18.5
 111.0	13
 112.0	17
 113.0	23.5
 114.0	26
 115.0	20.5769
 116.0	21.8333
 117.0	20
 118.0	16.5
 119.0	15
 120.0	14
 121.0	16.3333
 122.0	18
 123.0	16
 124.0	13
 125.0	17
 126.0	16
 127.0	17.3333
 128.0	18.5
 129.0	25
 130.0	13.5
 131.0	23.8333
 132.0	22
 133.0	15.0769
 134.0	13
 135.0	19.3333
 136.0	13
 137.0	16
 138.0	22
 139.0	26.5
 140.0	20.5
 141.0	21
 142.0	15
 143.0	16
 144.0	15.5
 145.0	16.5
 146.0	14.5
 147.0	9.5
 148.0	20
 149.0	17
 150.0	16.6667
DB 2 MOTIF	FOXL1_HUMAN.H11MO.0.D
-145.5	0
-144.5	2
-143.5	2
-142.5	2
-141.5	2
-140.5	1
-139.5	3
-138.5	1
-137.5	2
-136.5	3
-135.5	0
-134.5	3
-133.5	2
-132.5	1
-131.5	1
-130.5	1
-129.5	2
-128.5	2
-127.5	3
-126.5	3
-125.5	0
-124.5	2
-123.5	4
-122.5	6
-121.5	2
-120.5	1
-119.5	0
-118.5	0
-117.5	4
-116.5	1
-115.5	1
-114.5	0
-113.5	1
-112.5	6
-111.5	1
-110.5	2
-109.5	3
-108.5	1
-107.5	1
-106.5	2
-105.5	1
-104.5	3
-103.5	2
-102.5	1
-101.5	4
-100.5	0
 -99.5	1
 -98.5	3
 -97.5	3
 -96.5	1
 -95.5	0
 -94.5	0
 -93.5	2
 -92.5	2
 -91.5	2
 -90.5	0
 -89.5	0
 -88.5	4
 -87.5	0
 -86.5	0
 -85.5	3
 -84.5	3
 -83.5	1
 -82.5	4
 -81.5	1
 -80.5	2
 -79.5	2
 -78.5	4
 -77.5	2
 -76.5	2
 -75.5	2
 -74.5	1
 -73.5	3
 -72.5	3
 -71.5	2
 -70.5	2
 -69.5	8
 -68.5	6
 -67.5	2
 -66.5	2
 -65.5	1
 -64.5	1
 -63.5	2
 -62.5	4
 -61.5	2
 -60.5	7
 -59.5	0
 -58.5	5
 -57.5	3
 -56.5	2
 -55.5	2
 -54.5	2
 -53.5	0
 -52.5	5
 -51.5	2
 -50.5	5
 -49.5	3
 -48.5	9
 -47.5	3
 -46.5	0
 -45.5	3
 -44.5	2
 -43.5	2
 -42.5	2
 -41.5	1
 -40.5	0
 -39.5	5
 -38.5	2
 -37.5	3
 -36.5	1
 -35.5	5
 -34.5	1
 -33.5	2
 -32.5	2
 -31.5	3
 -30.5	3
 -29.5	1
 -28.5	2
 -27.5	0
 -26.5	4
 -25.5	2
 -24.5	3
 -23.5	1
 -22.5	3
 -21.5	2
 -20.5	0
 -19.5	0
 -18.5	3
 -17.5	2
 -16.5	0
 -15.5	1
 -14.5	2
 -13.5	5
 -12.5	4
 -11.5	1
 -10.5	3
  -9.5	4
  -8.5	2
  -7.5	3
  -6.5	2
  -5.5	4
  -4.5	4
  -3.5	5
  -2.5	1
  -1.5	2
  -0.5	1
   0.5	0
   1.5	2
   2.5	1
   3.5	3
   4.5	2
   5.5	0
   6.5	1
   7.5	3
   8.5	2
   9.5	1
  10.5	0
  11.5	1
  12.5	3
  13.5	2
  14.5	2
  15.5	1
  16.5	0
  17.5	2
  18.5	3
  19.5	1
  20.5	2
  21.5	3
  22.5	1
  23.5	1
  24.5	4
  25.5	0
  26.5	1
  27.5	1
  28.5	3
  29.5	4
  30.5	0
  31.5	2
  32.5	5
  33.5	2
  34.5	5
  35.5	4
  36.5	4
  37.5	2
  38.5	2
  39.5	4
  40.5	4
  41.5	2
  42.5	3
  43.5	5
  44.5	3
  45.5	1
  46.5	0.5
  47.5	7
  48.5	3
  49.5	1
  50.5	0.5
  51.5	0
  52.5	0
  53.5	1
  54.5	2
  55.5	2
  56.5	5
  57.5	3
  58.5	1
  59.5	1
  60.5	4
  61.5	3
  62.5	4
  63.5	3
  64.5	5
  65.5	0
  66.5	3
  67.5	0
  68.5	3
  69.5	1
  70.5	3
  71.5	4
  72.5	2
  73.5	1
  74.5	1
  75.5	3
  76.5	2
  77.5	1
  78.5	1
  79.5	0
  80.5	3
  81.5	3
  82.5	1
  83.5	1
  84.5	4
  85.5	2
  86.5	0
  87.5	2
  88.5	5
  89.5	1
  90.5	1
  91.5	0
  92.5	2
  93.5	0
  94.5	1
  95.5	2
  96.5	3
  97.5	0
  98.5	2
  99.5	1
 100.5	2
 101.5	1
 102.5	1
 103.5	1
 104.5	2
 105.5	2
 106.5	4
 107.5	0
 108.5	1
 109.5	2
 110.5	1
 111.5	1
 112.5	2
 113.5	2
 114.5	1
 115.5	0
 116.5	2
 117.5	2
 118.5	2
 119.5	0
 120.5	2
 121.5	1
 122.5	1
 123.5	0
 124.5	2
 125.5	0
 126.5	0
 127.5	2
 128.5	1
 129.5	2
 130.5	1
 131.5	1
 132.5	0
 133.5	2
 134.5	0
 135.5	1
 136.5	1
 137.5	5
 138.5	1
 139.5	1
 140.5	1
 141.5	3
 142.5	2
 143.5	2
 144.5	4
 145.5	2
DB 2 MOTIF	FOXM1_HUMAN.H11MO.0.A
-149.0	13
-148.0	11
-147.0	14
-146.0	12.6111
-145.0	12
-144.0	11
-143.0	16.6111
-142.0	11
-141.0	13
-140.0	9
-139.0	8.2
-138.0	15
-137.0	16
-136.0	16
-135.0	9
-134.0	19
-133.0	10
-132.0	9
-131.0	10
-130.0	11.2
-129.0	16.3333
-128.0	12
-127.0	16
-126.0	15.1111
-125.0	15
-124.0	12
-123.0	15
-122.0	19
-121.0	12
-120.0	9.33333
-119.0	19.5
-118.0	15
-117.0	12
-116.0	18
-115.0	15
-114.0	10.5
-113.0	9
-112.0	9
-111.0	8
-110.0	21
-109.0	21
-108.0	20
-107.0	14
-106.0	15
-105.0	14
-104.0	14
-103.0	16.3111
-102.0	19
-101.0	19.5
-100.0	14
 -99.0	18
 -98.0	16
 -97.0	17
 -96.0	23
 -95.0	31
 -94.0	21
 -93.0	13.3333
 -92.0	22.1111
 -91.0	16
 -90.0	16
 -89.0	18
 -88.0	16
 -87.0	16
 -86.0	10
 -85.0	20
 -84.0	26.1111
 -83.0	12.5
 -82.0	30
 -81.0	15
 -80.0	14.5
 -79.0	20
 -78.0	17
 -77.0	17.5
 -76.0	27
 -75.0	20
 -74.0	27
 -73.0	25.5333
 -72.0	21.5
 -71.0	24
 -70.0	20
 -69.0	18
 -68.0	24
 -67.0	18.2
 -66.0	22
 -65.0	21
 -64.0	13
 -63.0	19
 -62.0	28
 -61.0	30.1111
 -60.0	29
 -59.0	35.5
 -58.0	24
 -57.0	18
 -56.0	25
 -55.0	24
 -54.0	33.5
 -53.0	36
 -52.0	30
 -51.0	32
 -50.0	29
 -49.0	29
 -48.0	24
 -47.0	31
 -46.0	40
 -45.0	28
 -44.0	30
 -43.0	35
 -42.0	29.1111
 -41.0	23
 -40.0	26
 -39.0	27
 -38.0	40
 -37.0	34
 -36.0	34
 -35.0	31.9444
 -34.0	32
 -33.0	37.5
 -32.0	30
 -31.0	37.2
 -30.0	27
 -29.0	32.5
 -28.0	35
 -27.0	36
 -26.0	46
 -25.0	35
 -24.0	24
 -23.0	29
 -22.0	30
 -21.0	29
 -20.0	26
 -19.0	43
 -18.0	30
 -17.0	31
 -16.0	32.2
 -15.0	44.5
 -14.0	50
 -13.0	45.5
 -12.0	41.5
 -11.0	48
 -10.0	45
  -9.0	28
  -8.0	35
  -7.0	40
  -6.0	38
  -5.0	44.5
  -4.0	38
  -3.0	30
  -2.0	31
  -1.0	36
   0.0	45.6111
   1.0	33
   2.0	42.1111
   3.0	42
   4.0	40.3333
   5.0	24.2
   6.0	31.5
   7.0	35
   8.0	28
   9.0	37
  10.0	30
  11.0	46
  12.0	39
  13.0	37
  14.0	44
  15.0	39
  16.0	31.5
  17.0	38.5
  18.0	30.1667
  19.0	46
  20.0	41
  21.0	36.3333
  22.0	35
  23.0	38
  24.0	36.5
  25.0	33
  26.0	33
  27.0	33
  28.0	34
  29.0	39
  30.0	29.5
  31.0	41
  32.0	34.5
  33.0	32
  34.0	33
  35.0	29
  36.0	34
  37.0	27.3333
  38.0	24.3333
  39.0	26.1111
  40.0	20.1667
  41.0	30.2
  42.0	46
  43.0	28
  44.0	29
  45.0	19
  46.0	32.5
  47.0	37
  48.0	30.5
  49.0	28
  50.0	29.3333
  51.0	28.5
  52.0	36
  53.0	31
  54.0	33
  55.0	31.9444
  56.0	23.1111
  57.0	20
  58.0	22
  59.0	19
  60.0	26
  61.0	24.5
  62.0	20.1667
  63.0	26
  64.0	30
  65.0	27.5
  66.0	23.5
  67.0	20
  68.0	24
  69.0	26
  70.0	23.8333
  71.0	24
  72.0	15
  73.0	20.1111
  74.0	20
  75.0	25
  76.0	32
  77.0	22
  78.0	16
  79.0	20
  80.0	22.5
  81.0	23
  82.0	17
  83.0	14
  84.0	22.6667
  85.0	18
  86.0	20
  87.0	19
  88.0	16
  89.0	23
  90.0	19
  91.0	14
  92.0	17
  93.0	17
  94.0	14
  95.0	17.5
  96.0	19
  97.0	19
  98.0	14.2
  99.0	17
 100.0	19
 101.0	20
 102.0	16
 103.0	15
 104.0	13
 105.0	10
 106.0	15.1667
 107.0	22
 108.0	19
 109.0	17
 110.0	11.1111
 111.0	18
 112.0	9
 113.0	20
 114.0	21.1111
 115.0	17.5
 116.0	18.5
 117.0	16
 118.0	19
 119.0	6
 120.0	17
 121.0	16
 122.0	9
 123.0	15
 124.0	20
 125.0	12
 126.0	12
 127.0	12.6111
 128.0	14.1667
 129.0	11
 130.0	22
 131.0	19
 132.0	14
 133.0	22.5
 134.0	14
 135.0	14
 136.0	14
 137.0	15
 138.0	18
 139.0	17
 140.0	17
 141.0	15.3333
 142.0	17
 143.0	14
 144.0	16
 145.0	16.3333
 146.0	8
 147.0	13
 148.0	16
 149.0	23.3333
DB 2 MOTIF	FOXO1_HUMAN.H11MO.0.A
-149.0	28
-148.0	23
-147.0	23.5
-146.0	18
-145.0	19
-144.0	24.5
-143.0	16.2
-142.0	26
-141.0	19
-140.0	23
-139.0	20.5
-138.0	15
-137.0	19
-136.0	21
-135.0	21
-134.0	18.8333
-133.0	25
-132.0	24
-131.0	25
-130.0	27
-129.0	18.5
-128.0	16.5
-127.0	26
-126.0	21
-125.0	20
-124.0	25.5
-123.0	26.5
-122.0	12
-121.0	21
-120.0	30
-119.0	29
-118.0	15
-117.0	14
-116.0	13
-115.0	12
-114.0	19.5
-113.0	19.5
-112.0	21
-111.0	17
-110.0	23
-109.0	21
-108.0	19
-107.0	31.2
-106.0	23.5
-105.0	22
-104.0	17
-103.0	22
-102.0	25
-101.0	19
-100.0	26.5
 -99.0	26
 -98.0	26
 -97.0	33
 -96.0	20
 -95.0	18
 -94.0	16
 -93.0	20
 -92.0	21
 -91.0	12
 -90.0	20
 -89.0	21
 -88.0	23
 -87.0	30
 -86.0	15
 -85.0	22
 -84.0	27.5
 -83.0	25
 -82.0	22
 -81.0	32.5
 -80.0	17
 -79.0	18.5
 -78.0	17
 -77.0	20.5
 -76.0	22
 -75.0	26.3333
 -74.0	18
 -73.0	25
 -72.0	24
 -71.0	27.2
 -70.0	25
 -69.0	23
 -68.0	26
 -67.0	26
 -66.0	16.5
 -65.0	27
 -64.0	26.5
 -63.0	25
 -62.0	26
 -61.0	23
 -60.0	31
 -59.0	21
 -58.0	24
 -57.0	37
 -56.0	26
 -55.0	33
 -54.0	27
 -53.0	28
 -52.0	23
 -51.0	27
 -50.0	29
 -49.0	25
 -48.0	31
 -47.0	21
 -46.0	26
 -45.0	20
 -44.0	22
 -43.0	33
 -42.0	26.5
 -41.0	41
 -40.0	38
 -39.0	32
 -38.0	29
 -37.0	35
 -36.0	38
 -35.0	37.2
 -34.0	25.5
 -33.0	30
 -32.0	24
 -31.0	27
 -30.0	32
 -29.0	31
 -28.0	30
 -27.0	48
 -26.0	28.5
 -25.0	25
 -24.0	40.5
 -23.0	31
 -22.0	29.5
 -21.0	26
 -20.0	27
 -19.0	33
 -18.0	35
 -17.0	34.5
 -16.0	34
 -15.0	31
 -14.0	42
 -13.0	22
 -12.0	27.5
 -11.0	33
 -10.0	31
  -9.0	23.5
  -8.0	23
  -7.0	38.5
  -6.0	21
  -5.0	27
  -4.0	37
  -3.0	23
  -2.0	35
  -1.0	28
   0.0	23.5
   1.0	25.2
   2.0	28
   3.0	26
   4.0	30
   5.0	27
   6.0	27
   7.0	25
   8.0	31
   9.0	22
  10.0	34.3333
  11.0	29
  12.0	27
  13.0	28.5
  14.0	38
  15.0	30
  16.0	30
  17.0	40
  18.0	38.5
  19.0	38
  20.0	30
  21.0	25.5
  22.0	29
  23.0	41
  24.0	41
  25.0	20
  26.0	30
  27.0	27
  28.0	34
  29.0	28.5
  30.0	23
  31.0	32
  32.0	36
  33.0	24.5
  34.0	35
  35.0	28
  36.0	28.5
  37.0	25.8333
  38.0	31
  39.0	29
  40.0	25
  41.0	26
  42.0	31
  43.0	29
  44.0	23
  45.0	41
  46.0	29
  47.0	30
  48.0	20
  49.0	25
  50.0	32.5
  51.0	34
  52.0	30.5
  53.0	21.5
  54.0	21
  55.0	25
  56.0	23
  57.0	29
  58.0	28
  59.0	29
  60.0	30
  61.0	29.5
  62.0	28
  63.0	28
  64.0	24
  65.0	29
  66.0	24
  67.0	35
  68.0	22
  69.0	32
  70.0	29
  71.0	19
  72.0	20.5
  73.0	35
  74.0	16
  75.0	27
  76.0	16.5
  77.0	22
  78.0	33
  79.0	27
  80.0	25
  81.0	23.5
  82.0	30
  83.0	27
  84.0	23
  85.0	25
  86.0	20
  87.0	20
  88.0	26.5
  89.0	25
  90.0	16
  91.0	36
  92.0	15
  93.0	22
  94.0	14.8333
  95.0	20.3333
  96.0	26
  97.0	32
  98.0	20
  99.0	31
 100.0	20
 101.0	21
 102.0	21
 103.0	31
 104.0	20
 105.0	27
 106.0	18
 107.0	22
 108.0	22
 109.0	18
 110.0	21
 111.0	15
 112.0	20
 113.0	23.5
 114.0	13
 115.0	14
 116.0	7
 117.0	24
 118.0	21
 119.0	20
 120.0	23
 121.0	16
 122.0	14
 123.0	12
 124.0	16
 125.0	28
 126.0	18
 127.0	15
 128.0	32
 129.0	26.5
 130.0	15
 131.0	20
 132.0	22
 133.0	19.5
 134.0	22
 135.0	19
 136.0	27
 137.0	20
 138.0	21
 139.0	11
 140.0	18
 141.0	15.5
 142.0	15
 143.0	20
 144.0	19
 145.0	15
 146.0	19
 147.0	9
 148.0	14
 149.0	18
DB 2 MOTIF	FOXO3_HUMAN.H11MO.0.B
-150.0	15
-149.0	15.5
-148.0	8
-147.0	15
-146.0	14
-145.0	15
-144.0	15
-143.0	21
-142.0	10.7
-141.0	12
-140.0	13
-139.0	13.3333
-138.0	10.5
-137.0	13
-136.0	18
-135.0	13.3333
-134.0	20
-133.0	16.3333
-132.0	19
-131.0	11.3333
-130.0	16
-129.0	12
-128.0	12
-127.0	14.5
-126.0	17
-125.0	20
-124.0	12
-123.0	13
-122.0	13
-121.0	16
-120.0	23
-119.0	19
-118.0	15
-117.0	6
-116.0	15.3333
-115.0	8
-114.0	9
-113.0	10
-112.0	20
-111.0	13
-110.0	13
-109.0	12
-108.0	16
-107.0	15
-106.0	18.2
-105.0	19
-104.0	16
-103.0	10.5
-102.0	10
-101.0	17
-100.0	17
 -99.0	25
 -98.0	26
 -97.0	19
 -96.0	18
 -95.0	21
 -94.0	21
 -93.0	12
 -92.0	17.5
 -91.0	10
 -90.0	9
 -89.0	16
 -88.0	15
 -87.0	11
 -86.0	19
 -85.0	15
 -84.0	17
 -83.0	15.5
 -82.0	24
 -81.0	21
 -80.0	15.5
 -79.0	19
 -78.0	17
 -77.0	17
 -76.0	22.3333
 -75.0	12
 -74.0	25
 -73.0	23
 -72.0	15
 -71.0	26
 -70.0	29.2
 -69.0	25
 -68.0	21
 -67.0	17
 -66.0	28.25
 -65.0	16.5
 -64.0	20.5
 -63.0	15
 -62.0	20.5
 -61.0	19
 -60.0	26
 -59.0	18
 -58.0	14.5
 -57.0	29
 -56.0	29
 -55.0	24
 -54.0	31
 -53.0	29
 -52.0	27
 -51.0	25.5
 -50.0	25
 -49.0	18.3333
 -48.0	20
 -47.0	35
 -46.0	22
 -45.0	23
 -44.0	22
 -43.0	22
 -42.0	37
 -41.0	31.5
 -40.0	41
 -39.0	22
 -38.0	22
 -37.0	31
 -36.0	34
 -35.0	31
 -34.0	29.2
 -33.0	28
 -32.0	37
 -31.0	23
 -30.0	31
 -29.0	33
 -28.0	28.5
 -27.0	28
 -26.0	31
 -25.0	30
 -24.0	26
 -23.0	36
 -22.0	33.8333
 -21.0	22
 -20.0	28
 -19.0	21
 -18.0	30
 -17.0	35
 -16.0	40
 -15.0	32.75
 -14.0	32
 -13.0	32
 -12.0	25
 -11.0	29
 -10.0	37
  -9.0	24.5
  -8.0	29
  -7.0	31
  -6.0	28
  -5.0	24
  -4.0	27
  -3.0	35
  -2.0	21
  -1.0	30
   0.0	26
   1.0	27.5
   2.0	28.2
   3.0	25
   4.0	33.5
   5.0	32
   6.0	39
   7.0	36
   8.0	28.5
   9.0	36.3333
  10.0	27
  11.0	38
  12.0	31
  13.0	18
  14.0	43
  15.0	31
  16.0	35.5
  17.0	29
  18.0	32.8333
  19.0	25.0833
  20.0	36.5
  21.0	37
  22.0	31.5
  23.0	33.5
  24.0	31
  25.0	31
  26.0	26
  27.0	33
  28.0	31
  29.0	30
  30.0	23
  31.0	33
  32.0	28.5
  33.0	33
  34.0	22
  35.0	23.5
  36.0	24.25
  37.0	26.5
  38.0	34.3333
  39.0	31
  40.0	25
  41.0	24.5
  42.0	18.5
  43.0	26.3333
  44.0	32
  45.0	46
  46.0	36
  47.0	14
  48.0	21
  49.0	39.5
  50.0	19
  51.0	35.5
  52.0	32.5
  53.0	22
  54.0	20
  55.0	22
  56.0	20
  57.0	24.5
  58.0	24
  59.0	27
  60.0	20.3333
  61.0	17.5
  62.0	27
  63.0	22
  64.0	23
  65.0	17
  66.0	26
  67.0	15
  68.0	21
  69.0	26
  70.0	21
  71.0	21
  72.0	20
  73.0	19
  74.0	22
  75.0	11
  76.0	18
  77.0	18
  78.0	20
  79.0	24.5
  80.0	23
  81.0	21
  82.0	14.5
  83.0	26.5
  84.0	22
  85.0	10
  86.0	18.5
  87.0	20.3333
  88.0	15
  89.0	20
  90.0	21
  91.0	10
  92.0	11
  93.0	16
  94.0	19.3333
  95.0	19.3333
  96.0	16
  97.0	19
  98.0	28
  99.0	18
 100.0	19
 101.0	13
 102.0	13
 103.0	13
 104.0	24
 105.0	11
 106.0	21
 107.0	16
 108.0	16
 109.0	11.3333
 110.0	9
 111.0	17.5
 112.0	15
 113.0	11
 114.0	20
 115.0	16
 116.0	21
 117.0	12
 118.0	15
 119.0	15
 120.0	12
 121.0	20
 122.0	7
 123.0	10
 124.0	12
 125.0	14
 126.0	14
 127.0	14.5
 128.0	15
 129.0	13
 130.0	15
 131.0	12
 132.0	12
 133.0	21
 134.0	16.5
 135.0	11
 136.0	15
 137.0	16
 138.0	10
 139.0	12
 140.0	9
 141.0	11
 142.0	19
 143.0	19
 144.0	13.5
 145.0	9
 146.0	9
 147.0	6
 148.0	11.5
 149.0	9.5
 150.0	17.5
DB 2 MOTIF	FOXO4_HUMAN.H11MO.0.C
-150.5	11
-149.5	13
-148.5	12.3333
-147.5	17
-146.5	13
-145.5	15.3333
-144.5	13
-143.5	21.5
-142.5	15.8333
-141.5	18
-140.5	10
-139.5	16
-138.5	6.83333
-137.5	12
-136.5	8
-135.5	13
-134.5	13.8333
-133.5	21.5
-132.5	9
-131.5	17
-130.5	15.3333
-129.5	7.5
-128.5	10
-127.5	11
-126.5	9
-125.5	10
-124.5	21.5
-123.5	6
-122.5	13.5
-121.5	10.5
-120.5	11
-119.5	13.5
-118.5	16
-117.5	5.33333
-116.5	7.5
-115.5	13.3333
-114.5	14.5
-113.5	7.5
-112.5	12.5
-111.5	15
-110.5	15
-109.5	8
-108.5	14.5
-107.5	17.5
-106.5	13
-105.5	17
-104.5	13
-103.5	24
-102.5	12
-101.5	16.5
-100.5	9
 -99.5	19.5
 -98.5	20
 -97.5	16.5
 -96.5	13
 -95.5	16.5
 -94.5	16.5
 -93.5	16
 -92.5	10
 -91.5	6
 -90.5	8
 -89.5	15
 -88.5	20.5
 -87.5	8.5
 -86.5	19
 -85.5	19
 -84.5	14.3333
 -83.5	13.5
 -82.5	16
 -81.5	16.5
 -80.5	15.3333
 -79.5	15
 -78.5	16
 -77.5	18
 -76.5	11
 -75.5	20
 -74.5	18.5
 -73.5	17
 -72.5	14
 -71.5	17
 -70.5	17.3333
 -69.5	17
 -68.5	24.2
 -67.5	17.5
 -66.5	19
 -65.5	23.25
 -64.5	24
 -63.5	17.5
 -62.5	18
 -61.5	23.5
 -60.5	15.5
 -59.5	22
 -58.5	22.5
 -57.5	21.5
 -56.5	27
 -55.5	18
 -54.5	14
 -53.5	15
 -52.5	20.5
 -51.5	19.5
 -50.5	33
 -49.5	15.5
 -48.5	21.8333
 -47.5	24
 -46.5	25
 -45.5	20
 -44.5	16
 -43.5	23
 -42.5	21.5
 -41.5	25.5
 -40.5	15
 -39.5	26.5
 -38.5	24.5
 -37.5	19.5
 -36.5	23.5
 -35.5	27
 -34.5	25.5
 -33.5	26.5
 -32.5	17
 -31.5	18
 -30.5	17
 -29.5	20
 -28.5	30
 -27.5	20.5
 -26.5	15.5
 -25.5	21
 -24.5	16
 -23.5	23.5
 -22.5	24
 -21.5	27.5
 -20.5	15
 -19.5	20
 -18.5	20
 -17.5	17
 -16.5	22
 -15.5	33.5
 -14.5	16.75
 -13.5	17.5
 -12.5	26
 -11.5	17
 -10.5	28.5
  -9.5	23.7
  -8.5	27
  -7.5	22
  -6.5	21
  -5.5	16
  -4.5	17.5
  -3.5	21.5
  -2.5	25
  -1.5	20
  -0.5	17
   0.5	24.5
   1.5	27
   2.5	18.5
   3.5	25.5
   4.5	24.3333
   5.5	29.5
   6.5	29
   7.5	20.5
   8.5	21
   9.5	25
  10.5	17.2
  11.5	20
  12.5	19
  13.5	23
  14.5	23.5
  15.5	15
  16.5	22.5
  17.5	21
  18.5	19.8333
  19.5	15.25
  20.5	26.5
  21.5	23.5
  22.5	25
  23.5	19
  24.5	25
  25.5	22.5
  26.5	17.5
  27.5	19.5
  28.5	22
  29.5	19
  30.5	20
  31.5	16
  32.5	30.5
  33.5	19
  34.5	16.5
  35.5	18
  36.5	18.75
  37.5	24
  38.5	14
  39.5	24
  40.5	25
  41.5	21
  42.5	21
  43.5	33
  44.5	26.5
  45.5	22
  46.5	19
  47.5	21
  48.5	29.5
  49.5	20
  50.5	23
  51.5	20
  52.5	22.5
  53.5	18.5
  54.5	18
  55.5	18.5
  56.5	22
  57.5	23
  58.5	17
  59.5	18
  60.5	15.5
  61.5	11
  62.5	19.5
  63.5	16.5
  64.5	20
  65.5	20.5
  66.5	18
  67.5	17
  68.5	16.5
  69.5	11.5
  70.5	19
  71.5	24.5
  72.5	12
  73.5	17.2
  74.5	12
  75.5	10
  76.5	18
  77.5	16.8333
  78.5	13
  79.5	23
  80.5	20.5
  81.5	15
  82.5	24
  83.5	16.5
  84.5	11
  85.5	9.5
  86.5	15.5
  87.5	14.5
  88.5	15
  89.5	16
  90.5	17.5
  91.5	15.5
  92.5	7
  93.5	14
  94.5	17
  95.5	19
  96.5	14
  97.5	17
  98.5	15.5
  99.5	12
 100.5	13.5
 101.5	10.25
 102.5	14
 103.5	10.5
 104.5	10
 105.5	16
 106.5	16.25
 107.5	9
 108.5	12.5
 109.5	22
 110.5	12.5
 111.5	14.75
 112.5	13
 113.5	10.5
 114.5	13.5
 115.5	18
 116.5	10.25
 117.5	5
 118.5	13
 119.5	11
 120.5	19
 121.5	9.5
 122.5	8
 123.5	15
 124.5	12
 125.5	6.5
 126.5	15.5
 127.5	11
 128.5	11.5
 129.5	14
 130.5	18.5
 131.5	12.5
 132.5	12.5
 133.5	17
 134.5	8.5
 135.5	14
 136.5	13
 137.5	8
 138.5	10
 139.5	11.5
 140.5	7
 141.5	10.5
 142.5	14
 143.5	11
 144.5	11
 145.5	9
 146.5	11
 147.5	14
 148.5	15.7
 149.5	9
 150.5	14
DB 2 MOTIF	FOXO6_HUMAN.H11MO.0.D
-148.5	7
-147.5	8.5
-146.5	10
-145.5	8
-144.5	7.5
-143.5	15
-142.5	10.2
-141.5	8
-140.5	7
-139.5	8
-138.5	12
-137.5	7
-136.5	7
-135.5	13
-134.5	7
-133.5	7
-132.5	15
-131.5	4
-130.5	12
-129.5	10
-128.5	7
-127.5	4
-126.5	6
-125.5	11
-124.5	8
-123.5	9
-122.5	6
-121.5	7
-120.5	11
-119.5	13
-118.5	11
-117.5	4
-116.5	5
-115.5	10
-114.5	10
-113.5	9
-112.5	10
-111.5	14
-110.5	7
-109.5	11
-108.5	5
-107.5	15
-106.5	9.2
-105.5	11
-104.5	13
-103.5	15
-102.5	13
-101.5	14
-100.5	11
 -99.5	12
 -98.5	13
 -97.5	9
 -96.5	12
 -95.5	8
 -94.5	16
 -93.5	9
 -92.5	10
 -91.5	6.5
 -90.5	8
 -89.5	8
 -88.5	14
 -87.5	8
 -86.5	9
 -85.5	14
 -84.5	13
 -83.5	7
 -82.5	16
 -81.5	19
 -80.5	12
 -79.5	10
 -78.5	15
 -77.5	15
 -76.5	12
 -75.5	10.3333
 -74.5	15
 -73.5	15
 -72.5	16
 -71.5	15
 -70.5	25.2
 -69.5	15
 -68.5	12
 -67.5	16
 -66.5	24
 -65.5	19
 -64.5	18
 -63.5	19
 -62.5	10
 -61.5	16
 -60.5	20
 -59.5	12
 -58.5	8
 -57.5	14
 -56.5	22
 -55.5	16
 -54.5	20
 -53.5	23
 -52.5	18
 -51.5	18
 -50.5	17
 -49.5	20
 -48.5	20
 -47.5	25
 -46.5	20
 -45.5	22
 -44.5	17
 -43.5	15
 -42.5	16
 -41.5	27
 -40.5	27
 -39.5	29
 -38.5	16
 -37.5	16
 -36.5	21
 -35.5	28
 -34.5	28.2
 -33.5	21
 -32.5	22
 -31.5	17
 -30.5	18
 -29.5	27
 -28.5	23.5
 -27.5	24
 -26.5	25
 -25.5	29.5
 -24.5	26
 -23.5	22
 -22.5	29
 -21.5	19.5
 -20.5	26
 -19.5	14
 -18.5	21
 -17.5	28
 -16.5	28.5
 -15.5	24
 -14.5	25
 -13.5	25
 -12.5	13
 -11.5	21
 -10.5	25
  -9.5	28
  -8.5	13
  -7.5	17
  -6.5	24
  -5.5	21
  -4.5	19
  -3.5	28
  -2.5	17
  -1.5	18
  -0.5	19
   0.5	24
   1.5	15.2
   2.5	30
   3.5	25.5
   4.5	31
   5.5	23
   6.5	20.5
   7.5	28
   8.5	21
   9.5	28.8333
  10.5	25
  11.5	22
  12.5	22
  13.5	30
  14.5	27
  15.5	22
  16.5	21
  17.5	27.5
  18.5	22
  19.5	22
  20.5	27
  21.5	36
  22.5	25
  23.5	26
  24.5	21
  25.5	21
  26.5	25
  27.5	19.5
  28.5	23
  29.5	15
  30.5	18
  31.5	30
  32.5	21
  33.5	22
  34.5	22
  35.5	16
  36.5	19
  37.5	19
  38.5	25
  39.5	20
  40.5	26
  41.5	15
  42.5	22
  43.5	23.3333
  44.5	25
  45.5	30
  46.5	19
  47.5	16
  48.5	23
  49.5	22.5
  50.5	27
  51.5	24
  52.5	17
  53.5	17
  54.5	15.5
  55.5	16
  56.5	21
  57.5	19
  58.5	18
  59.5	20
  60.5	17.5
  61.5	22.5
  62.5	16
  63.5	12
  64.5	13
  65.5	20
  66.5	18.5
  67.5	11
  68.5	15
  69.5	13
  70.5	14
  71.5	11
  72.5	14
  73.5	14
  74.5	8
  75.5	17
  76.5	7
  77.5	12
  78.5	16
  79.5	16
  80.5	14
  81.5	15
  82.5	12
  83.5	23
  84.5	10
  85.5	13
  86.5	13
  87.5	11.3333
  88.5	10
  89.5	16
  90.5	10
  91.5	8
  92.5	10
  93.5	8
  94.5	11.3333
  95.5	14
  96.5	14
  97.5	14
  98.5	18
  99.5	14
 100.5	15
 101.5	10
 102.5	9
 103.5	12
 104.5	14
 105.5	11
 106.5	9
 107.5	14
 108.5	5
 109.5	4.33333
 110.5	12
 111.5	8
 112.5	13
 113.5	12.5
 114.5	9
 115.5	7
 116.5	13
 117.5	10
 118.5	6
 119.5	13
 120.5	17
 121.5	7
 122.5	10
 123.5	9
 124.5	9
 125.5	10
 126.5	2
 127.5	7
 128.5	14
 129.5	13
 130.5	8
 131.5	11
 132.5	12
 133.5	8
 134.5	10
 135.5	7
 136.5	12
 137.5	10
 138.5	4
 139.5	8
 140.5	9
 141.5	10
 142.5	11
 143.5	10
 144.5	8
 145.5	9
 146.5	5
 147.5	8
 148.5	7
DB 2 MOTIF	FOXP1_HUMAN.H11MO.0.A
-150.5	15.7
-149.5	24.2
-148.5	25.3667
-147.5	18.5667
-146.5	21.2095
-145.5	16.5095
-144.5	25.5095
-143.5	25.0095
-142.5	16.3429
-141.5	16.1429
-140.5	28.6429
-139.5	16.5833
-138.5	19.1667
-137.5	13.1667
-136.5	28.1667
-135.5	15.1667
-134.5	15.1667
-133.5	17.1667
-132.5	27.5
-131.5	15.1667
-130.5	20.1667
-129.5	23.5
-128.5	17.75
-127.5	17
-126.5	17.6667
-125.5	26
-124.5	19
-123.5	28.2
-122.5	22.2833
-121.5	18.7
-120.5	20.7
-119.5	30.2
-118.5	17.625
-117.5	18.625
-116.5	17.2679
-115.5	19.2679
-114.5	22.1345
-113.5	16.1012
-112.5	17.7262
-111.5	20.3929
-110.5	16.7679
-109.5	14.125
-108.5	14.325
-107.5	22.325
-106.5	23.525
-105.5	21.325
-104.5	24.7
-103.5	22
-102.5	17.8333
-101.5	23.3333
-100.5	24.3333
 -99.5	28.0833
 -98.5	30
 -97.5	13
 -96.5	23
 -95.5	14
 -94.5	20
 -93.5	24
 -92.5	25.5
 -91.5	14
 -90.5	19
 -89.5	18.5
 -88.5	29.5
 -87.5	19
 -86.5	34
 -85.5	19.5
 -84.5	24
 -83.5	23.5
 -82.5	23.5
 -81.5	29
 -80.5	21.0833
 -79.5	13.5
 -78.5	25
 -77.5	19
 -76.5	22.3333
 -75.5	23
 -74.5	17.2576
 -73.5	22.7576
 -72.5	21.7576
 -71.5	23.2576
 -70.5	27.2076
 -69.5	23.0909
 -68.5	23.0909
 -67.5	23.5909
 -66.5	24.3409
 -65.5	28.5909
 -64.5	22.4242
 -63.5	23
 -62.5	26.2
 -61.5	17.1111
 -60.5	24.6111
 -59.5	28.6111
 -58.5	26.6111
 -57.5	19.6944
 -56.5	34.2111
 -55.5	26.2111
 -54.5	24.2111
 -53.5	30.2111
 -52.5	19.9333
 -51.5	24.4333
 -50.5	27.1
 -49.5	25.6
 -48.5	20.1
 -47.5	27.1
 -46.5	28
 -45.5	27
 -44.5	18.5
 -43.5	24.25
 -42.5	24.25
 -41.5	24.75
 -40.5	36.25
 -39.5	28
 -38.5	27.0833
 -37.5	24
 -36.5	29.5
 -35.5	31
 -34.5	31.7
 -33.5	21
 -32.5	33
 -31.5	27
 -30.5	23.5
 -29.5	36.5
 -28.5	15.5
 -27.5	28
 -26.5	29
 -25.5	31
 -24.5	23
 -23.5	28.3333
 -22.5	44
 -21.5	20.7
 -20.5	25
 -19.5	19
 -18.5	20
 -17.5	32.5
 -16.5	24.3333
 -15.5	29.25
 -14.5	32.5
 -13.5	33
 -12.5	22
 -11.5	33.25
 -10.5	30
  -9.5	36.5
  -8.5	23
  -7.5	24
  -6.5	23.5
  -5.5	25
  -4.5	26
  -3.5	29
  -2.5	25.2
  -1.5	26.2
  -0.5	23.7
   0.5	29.2
   1.5	29.4
   2.5	29.5
   3.5	29.5833
   4.5	32.5
   5.5	26
   6.5	26
   7.5	27
   8.5	26
   9.5	28.3333
  10.5	30
  11.5	25
  12.5	23
  13.5	30.5
  14.5	33.3333
  15.5	34
  16.5	38
  17.5	32.5
  18.5	27.5833
  19.5	23.2
  20.5	31.5
  21.5	21.0833
  22.5	22
  23.5	34
  24.5	25.5
  25.5	17.3333
  26.5	30.3333
  27.5	24.8333
  28.5	36.8333
  29.5	22.3333
  30.5	24
  31.5	33
  32.5	30.5
  33.5	19.5833
  34.5	26.25
  35.5	20.75
  36.5	23.5
  37.5	22.5833
  38.5	32.25
  39.5	23
  40.5	24
  41.5	26
  42.5	27.5909
  43.5	25.0909
  44.5	31.3409
  45.5	35.0909
  46.5	31.0909
  47.5	25.0909
  48.5	26.0909
  49.5	39.0909
  50.5	30.0909
  51.5	42.0909
  52.5	25.5909
  53.5	24
  54.5	29.5
  55.5	28
  56.5	29.5
  57.5	23.5
  58.5	24.0833
  59.5	37.5
  60.5	23.2
  61.5	22.5
  62.5	20.5
  63.5	23
  64.5	20
  65.5	28
  66.5	28
  67.5	27.5625
  68.5	21.0625
  69.5	33.0625
  70.5	26.6125
  71.5	29.1125
  72.5	24.1125
  73.5	23.6125
  74.5	18.1125
  75.5	22.1125
  76.5	19.1125
  77.5	17.4458
  78.5	22.1125
  79.5	23.9458
  80.5	23.2554
  81.5	25.7554
  82.5	17.5887
  83.5	35.0262
  84.5	18.5262
  85.5	18.1929
  86.5	19.1929
  87.5	32.55
  88.5	17.55
  89.5	19.55
  90.5	19
  91.5	19.5
  92.5	26.5
  93.5	18
  94.5	15.4167
  95.5	21.3333
  96.5	22.5
  97.5	25.5
  98.5	35
  99.5	27.5
 100.5	22
 101.5	27
 102.5	18.3333
 103.5	16.5
 104.5	17
 105.5	28
 106.5	28.3333
 107.5	24.5
 108.5	19
 109.5	16
 110.5	13.8333
 111.5	25.3333
 112.5	25
 113.5	20
 114.5	20.5
 115.5	17
 116.5	22
 117.5	15.0833
 118.5	19
 119.5	25
 120.5	19
 121.5	14
 122.5	14
 123.5	15.125
 124.5	16.9583
 125.5	20.1917
 126.5	18.6917
 127.5	16.6917
 128.5	27.525
 129.5	20.6917
 130.5	22.1917
 131.5	20.0667
 132.5	27.4
 133.5	23.4
 134.5	19.9
 135.5	17.4833
 136.5	18.7333
 137.5	16.2095
 138.5	17.7929
 139.5	12.1262
 140.5	20.2262
 141.5	16.7262
 142.5	20.7262
 143.5	18.7262
 144.5	21.5833
 145.5	19.9167
 146.5	24.0833
 147.5	13.8333
 148.5	16.8333
 149.5	17.3333
 150.5	29.25
DB 2 MOTIF	FOXP2_HUMAN.H11MO.0.C
-150.5	15
-149.5	18.5
-148.5	13
-147.5	10.5
-146.5	13.5
-145.5	19.5
-144.5	14.5
-143.5	18
-142.5	17.3333
-141.5	16.2
-140.5	16.5769
-139.5	15.1667
-138.5	10
-137.5	8.5
-136.5	13
-135.5	16.3333
-134.5	18
-133.5	18
-132.5	13.3333
-131.5	22.3333
-130.5	13
-129.5	11.5
-128.5	15
-127.5	14.25
-126.5	21
-125.5	18
-124.5	18
-123.5	15.0769
-122.5	13
-121.5	18.5
-120.5	25
-119.5	19
-118.5	19
-117.5	11
-116.5	14
-115.5	12
-114.5	13
-113.5	7.5
-112.5	16
-111.5	17
-110.5	13
-109.5	11
-108.5	19
-107.5	9
-106.5	18
-105.5	19.45
-104.5	19
-103.5	12
-102.5	15.5
-101.5	11.8333
-100.5	24.0769
 -99.5	24
 -98.5	21
 -97.5	24.25
 -96.5	16
 -95.5	22
 -94.5	22
 -93.5	19
 -92.5	17
 -91.5	11
 -90.5	10.5
 -89.5	21
 -88.5	13
 -87.5	21.5
 -86.5	15.5
 -85.5	18
 -84.5	20.3333
 -83.5	16.5
 -82.5	27.5
 -81.5	19.5769
 -80.5	15.5
 -79.5	20.5
 -78.5	13
 -77.5	15.5
 -76.5	22.8333
 -75.5	19.5
 -74.5	17
 -73.5	25.5
 -72.5	19
 -71.5	20
 -70.5	23
 -69.5	26.95
 -68.5	29.3333
 -67.5	20.5
 -66.5	21
 -65.5	27.25
 -64.5	24
 -63.5	23
 -62.5	21
 -61.5	22
 -60.5	21.5
 -59.5	29
 -58.5	27.0769
 -57.5	18.5
 -56.5	32
 -55.5	29
 -54.5	34.5
 -53.5	30
 -52.5	28.5
 -51.5	26.5
 -50.5	26.5
 -49.5	23.5
 -48.5	22
 -47.5	23
 -46.5	32
 -45.5	21.5
 -44.5	30
 -43.5	24.5
 -42.5	37.5
 -41.5	34
 -40.5	36
 -39.5	31.9103
 -38.5	25
 -37.5	25
 -36.5	33.3333
 -35.5	32
 -34.5	28
 -33.5	34.2
 -32.5	30
 -31.5	31
 -30.5	25
 -29.5	31.5
 -28.5	39
 -27.5	29.25
 -26.5	27.5
 -25.5	35.5
 -24.5	30
 -23.5	32.5
 -22.5	30.3333
 -21.5	31
 -20.5	24.8333
 -19.5	34
 -18.5	23.75
 -17.5	31
 -16.5	45.5
 -15.5	37
 -14.5	35
 -13.5	25
 -12.5	47
 -11.5	32
 -10.5	30.25
  -9.5	29
  -8.5	32
  -7.5	26
  -6.5	27
  -5.5	30
  -4.5	26.5
  -3.5	37
  -2.5	34.3333
  -1.5	21
  -0.5	27
   0.5	29.5
   1.5	31.5
   2.5	32.7769
   3.5	35
   4.5	25
   5.5	39.5
   6.5	39
   7.5	23.5
   8.5	29.3333
   9.5	25.5
  10.5	31.5
  11.5	40.5
  12.5	28
  13.5	40
  14.5	40
  15.5	35.5
  16.5	37
  17.5	29
  18.5	31.3333
  19.5	30.75
  20.5	40.0769
  21.5	33
  22.5	35.5
  23.5	33
  24.5	31.5
  25.5	36.5
  26.5	21.5
  27.5	40.5
  28.5	29
  29.5	35
  30.5	35
  31.5	26
  32.5	32.5
  33.5	28.5
  34.5	25.5
  35.5	24
  36.5	24.75
  37.5	31.25
  38.5	26.3333
  39.5	37.5
  40.5	28
  41.5	24
  42.5	19
  43.5	35.5
  44.5	45
  45.5	34.25
  46.5	29
  47.5	21
  48.5	35.5
  49.5	34
  50.5	36.5
  51.5	29.5
  52.5	24
  53.5	24
  54.5	25
  55.5	20
  56.5	23
  57.5	26.0769
  58.5	27
  59.5	26.3333
  60.5	26
  61.5	17.5
  62.5	24.5
  63.5	27
  64.5	22.75
  65.5	25
  66.5	21
  67.5	22
  68.5	28
  69.5	17.5
  70.5	28
  71.5	26.5
  72.5	19
  73.5	25
  74.5	15.5
  75.5	13.0769
  76.5	17
  77.5	16.5
  78.5	20
  79.5	24
  80.5	19
  81.5	14
  82.5	28
  83.5	16.5
  84.5	20
  85.5	10
  86.5	20
  87.5	19
  88.5	18
  89.5	22
  90.5	21.3333
  91.5	11
  92.5	12
  93.5	12.9103
  94.5	16
  95.5	16.3333
  96.5	13
  97.5	27
  98.5	24.5
  99.5	17
 100.5	15
 101.5	20
 102.5	15
 103.5	19.8333
 104.5	19.3333
 105.5	15.5
 106.5	17.5
 107.5	13.6667
 108.5	17.5
 109.5	9
 110.5	13.5
 111.5	20.3333
 112.5	19
 113.5	11
 114.5	18
 115.5	24
 116.5	14.5769
 117.5	9.5
 118.5	12
 119.5	11
 120.5	16.5
 121.5	14
 122.5	14
 123.5	15
 124.5	13.5
 125.5	10.25
 126.5	21
 127.5	18
 128.5	8
 129.5	14.25
 130.5	18
 131.5	15.5
 132.5	20.5
 133.5	21.75
 134.5	16.0769
 135.5	13.75
 136.5	16
 137.5	16.75
 138.5	10.3333
 139.5	17.5
 140.5	7
 141.5	13
 142.5	19.8333
 143.5	18
 144.5	11.5
 145.5	11
 146.5	10
 147.5	10
 148.5	10.5
 149.5	16.8333
 150.5	22
DB 2 MOTIF	FOXQ1_HUMAN.H11MO.0.C
-149.0	2
-148.0	7
-147.0	7
-146.0	4
-145.0	5
-144.0	5
-143.0	4
-142.0	4.2
-141.0	3
-140.0	2
-139.0	5
-138.0	7
-137.0	4
-136.0	9.5
-135.0	6
-134.0	2
-133.0	7
-132.0	7
-131.0	4
-130.0	5
-129.0	5
-128.0	4
-127.0	5
-126.0	3
-125.0	8
-124.0	10
-123.0	8
-122.0	3
-121.0	4
-120.0	7
-119.0	12
-118.0	2
-117.0	3
-116.0	5
-115.0	6
-114.0	2
-113.0	2
-112.0	5
-111.0	5
-110.0	5
-109.0	8
-108.0	9
-107.0	6
-106.0	10.2
-105.0	6
-104.0	7
-103.0	8
-102.0	8
-101.0	3
-100.0	8
 -99.0	9
 -98.0	5
 -97.0	4
 -96.0	7
 -95.0	8
 -94.0	6
 -93.0	6.5
 -92.0	4
 -91.0	3
 -90.0	2
 -89.0	6
 -88.0	3
 -87.0	7
 -86.0	12
 -85.0	5
 -84.0	6
 -83.0	4
 -82.0	9
 -81.0	7
 -80.0	3.5
 -79.0	2
 -78.0	8
 -77.0	9
 -76.0	2.5
 -75.0	9
 -74.0	9
 -73.0	5
 -72.0	5
 -71.0	12
 -70.0	7.2
 -69.0	9
 -68.0	9
 -67.0	9
 -66.0	5
 -65.0	7
 -64.0	9
 -63.0	5
 -62.0	8.33333
 -61.0	6
 -60.0	5
 -59.0	7
 -58.0	10.5
 -57.0	10
 -56.0	10
 -55.0	3
 -54.0	11
 -53.0	9
 -52.0	7
 -51.0	8
 -50.0	13
 -49.0	5
 -48.0	10
 -47.0	3
 -46.0	10
 -45.0	8
 -44.0	5
 -43.0	6
 -42.0	11
 -41.0	5
 -40.0	9
 -39.0	5.33333
 -38.0	6
 -37.0	9
 -36.0	12
 -35.0	4
 -34.0	12.2
 -33.0	13
 -32.0	10
 -31.0	13.5
 -30.0	3.5
 -29.0	8.5
 -28.0	6
 -27.0	6
 -26.0	8
 -25.0	7
 -24.0	10
 -23.0	7
 -22.0	7.5
 -21.0	7
 -20.0	12
 -19.0	7
 -18.0	4
 -17.0	5
 -16.0	11.3333
 -15.0	9
 -14.0	7
 -13.0	8
 -12.0	9.5
 -11.0	8
 -10.0	10
  -9.0	6
  -8.0	5
  -7.0	7
  -6.0	10
  -5.0	3
  -4.0	7
  -3.0	7
  -2.0	8
  -1.0	2
   0.0	8
   1.0	10
   2.0	7.2
   3.0	10
   4.0	4
   5.0	4
   6.0	9
   7.0	9
   8.0	6
   9.0	8
  10.0	6
  11.0	11
  12.0	8
  13.0	4
  14.0	8
  15.0	9
  16.0	9
  17.0	9
  18.0	6
  19.0	10
  20.0	8
  21.0	9.5
  22.0	7
  23.0	9
  24.0	3
  25.0	11
  26.0	6
  27.0	9
  28.0	7
  29.0	7
  30.0	7
  31.0	10
  32.0	10
  33.0	11
  34.0	7
  35.0	9
  36.0	6
  37.0	8
  38.0	6
  39.0	13.5
  40.0	4
  41.0	5
  42.0	9
  43.0	10
  44.0	11
  45.0	16
  46.0	11
  47.0	8
  48.0	5
  49.0	15
  50.0	11
  51.0	12.5
  52.0	9
  53.0	8
  54.0	5
  55.0	2
  56.0	8
  57.0	5
  58.0	4
  59.0	6
  60.0	4
  61.0	7
  62.0	6
  63.0	6
  64.0	5
  65.0	10
  66.0	10
  67.0	6
  68.0	2
  69.0	8
  70.0	8
  71.0	6
  72.0	7
  73.0	8
  74.0	5
  75.0	7
  76.0	4
  77.0	6
  78.0	6
  79.0	10
  80.0	9
  81.0	4
  82.0	10.5
  83.0	9
  84.0	6
  85.0	3.5
  86.0	5
  87.0	5
  88.0	4.5
  89.0	5
  90.0	8
  91.0	5
  92.0	5
  93.0	7
  94.0	4
  95.0	4
  96.0	5
  97.0	6
  98.0	7
  99.0	8
 100.0	5
 101.0	8
 102.0	8.5
 103.0	3
 104.0	4
 105.0	7
 106.0	8
 107.0	4
 108.0	5.5
 109.0	6
 110.0	8
 111.0	4
 112.0	6
 113.0	7
 114.0	9
 115.0	5
 116.0	5
 117.0	4
 118.0	7
 119.0	9
 120.0	4
 121.0	8
 122.0	3
 123.0	2
 124.0	3
 125.0	7
 126.0	4
 127.0	2
 128.0	4
 129.0	7
 130.0	4
 131.0	5
 132.0	6
 133.0	3
 134.0	4
 135.0	8
 136.0	3
 137.0	8
 138.0	4
 139.0	4
 140.0	4
 141.0	3
 142.0	7
 143.0	9.5
 144.0	2.5
 145.0	6
 146.0	4
 147.0	2
 148.0	12
 149.0	5
DB 2 MOTIF	GATA1_HUMAN.H11MO.0.A
-145.5	9
-144.5	11
-143.5	12
-142.5	13
-141.5	10
-140.5	14
-139.5	10
-138.5	8
-137.5	13
-136.5	24
-135.5	10
-134.5	19
-133.5	15.5
-132.5	12
-131.5	15
-130.5	14
-129.5	9
-128.5	16
-127.5	15.5
-126.5	10
-125.5	17
-124.5	14
-123.5	11
-122.5	12
-121.5	20
-120.5	20
-119.5	11
-118.5	15.5
-117.5	11
-116.5	13
-115.5	18
-114.5	17
-113.5	17
-112.5	13
-111.5	14
-110.5	15
-109.5	9
-108.5	12
-107.5	18
-106.5	12
-105.5	19
-104.5	22
-103.5	14
-102.5	11
-101.5	12
-100.5	16
 -99.5	11
 -98.5	9
 -97.5	15
 -96.5	17
 -95.5	7
 -94.5	20
 -93.5	14
 -92.5	17
 -91.5	22
 -90.5	9
 -89.5	13
 -88.5	18.5
 -87.5	15
 -86.5	19
 -85.5	21
 -84.5	12
 -83.5	13
 -82.5	16
 -81.5	15
 -80.5	10
 -79.5	12
 -78.5	10
 -77.5	13
 -76.5	17
 -75.5	23
 -74.5	11
 -73.5	21
 -72.5	11
 -71.5	11
 -70.5	12
 -69.5	16
 -68.5	19
 -67.5	19
 -66.5	9
 -65.5	18
 -64.5	18
 -63.5	13
 -62.5	22
 -61.5	14
 -60.5	11
 -59.5	20
 -58.5	19
 -57.5	30
 -56.5	15
 -55.5	23
 -54.5	16
 -53.5	21
 -52.5	16
 -51.5	19
 -50.5	17
 -49.5	17
 -48.5	20
 -47.5	19
 -46.5	16
 -45.5	12
 -44.5	15
 -43.5	16
 -42.5	18
 -41.5	14
 -40.5	16
 -39.5	25
 -38.5	24.5
 -37.5	18.5
 -36.5	26
 -35.5	21
 -34.5	18
 -33.5	17
 -32.5	20
 -31.5	22
 -30.5	13
 -29.5	19
 -28.5	16
 -27.5	17
 -26.5	14
 -25.5	16
 -24.5	17
 -23.5	21
 -22.5	17
 -21.5	19
 -20.5	19
 -19.5	14
 -18.5	21
 -17.5	15
 -16.5	14
 -15.5	17
 -14.5	23
 -13.5	19
 -12.5	14
 -11.5	17
 -10.5	13
  -9.5	16
  -8.5	16
  -7.5	15
  -6.5	14
  -5.5	9
  -4.5	7
  -3.5	15
  -2.5	18
  -1.5	14
  -0.5	19.5
   0.5	13
   1.5	24
   2.5	19
   3.5	17
   4.5	18
   5.5	15
   6.5	20.5
   7.5	25
   8.5	15
   9.5	24
  10.5	13
  11.5	10
  12.5	17
  13.5	14
  14.5	15
  15.5	13
  16.5	17
  17.5	16.5
  18.5	15
  19.5	9
  20.5	18
  21.5	16
  22.5	18.5
  23.5	21
  24.5	18
  25.5	17
  26.5	13
  27.5	16
  28.5	26
  29.5	10
  30.5	20
  31.5	19
  32.5	17
  33.5	18
  34.5	12
  35.5	18
  36.5	9
  37.5	22
  38.5	12
  39.5	14
  40.5	17
  41.5	15
  42.5	11
  43.5	13.5
  44.5	18
  45.5	12
  46.5	15
  47.5	27
  48.5	14
  49.5	17
  50.5	17
  51.5	13
  52.5	25
  53.5	18
  54.5	13
  55.5	16
  56.5	19
  57.5	17
  58.5	21
  59.5	8
  60.5	15
  61.5	15
  62.5	16
  63.5	20
  64.5	17
  65.5	17
  66.5	12
  67.5	15
  68.5	16.5
  69.5	12
  70.5	16
  71.5	10
  72.5	16
  73.5	12
  74.5	15
  75.5	19
  76.5	20
  77.5	11
  78.5	14
  79.5	13
  80.5	9
  81.5	7
  82.5	15
  83.5	10
  84.5	25
  85.5	13
  86.5	26
  87.5	18
  88.5	14
  89.5	12
  90.5	21
  91.5	19
  92.5	14
  93.5	12
  94.5	16
  95.5	17
  96.5	15
  97.5	14
  98.5	11
  99.5	14
 100.5	14
 101.5	12
 102.5	13
 103.5	16
 104.5	16
 105.5	23
 106.5	14
 107.5	12
 108.5	19
 109.5	11
 110.5	15
 111.5	15
 112.5	17
 113.5	13
 114.5	17
 115.5	15
 116.5	9
 117.5	12
 118.5	13
 119.5	14
 120.5	20.5
 121.5	16
 122.5	12
 123.5	16
 124.5	16
 125.5	17
 126.5	16
 127.5	16
 128.5	9
 129.5	10
 130.5	11
 131.5	14
 132.5	10
 133.5	13
 134.5	19
 135.5	10
 136.5	10
 137.5	22
 138.5	21.5
 139.5	11
 140.5	15
 141.5	10
 142.5	16
 143.5	13
 144.5	16
 145.5	16
DB 2 MOTIF	GCR_HUMAN.H11MO.0.A
-147.5	24
-146.5	13
-145.5	15.5
-144.5	18
-143.5	18
-142.5	11
-141.5	16
-140.5	16
-139.5	22
-138.5	21
-137.5	21
-136.5	14
-135.5	19
-134.5	20
-133.5	13
-132.5	15
-131.5	13
-130.5	12
-129.5	18
-128.5	15
-127.5	13
-126.5	16
-125.5	20
-124.5	22
-123.5	9
-122.5	21
-121.5	18
-120.5	14
-119.5	11
-118.5	15
-117.5	22
-116.5	21
-115.5	18
-114.5	13
-113.5	12
-112.5	18
-111.5	14
-110.5	21
-109.5	18
-108.5	13
-107.5	19
-106.5	22
-105.5	18
-104.5	25
-103.5	25
-102.5	18
-101.5	16
-100.5	23
 -99.5	21
 -98.5	12
 -97.5	16
 -96.5	20
 -95.5	15
 -94.5	16
 -93.5	17
 -92.5	20
 -91.5	15
 -90.5	14
 -89.5	19
 -88.5	13
 -87.5	18
 -86.5	21
 -85.5	15.5
 -84.5	19
 -83.5	21
 -82.5	14
 -81.5	21
 -80.5	16
 -79.5	17
 -78.5	13
 -77.5	14.5
 -76.5	18
 -75.5	23
 -74.5	18
 -73.5	31
 -72.5	20
 -71.5	18
 -70.5	17
 -69.5	15
 -68.5	13
 -67.5	23
 -66.5	19
 -65.5	10
 -64.5	19
 -63.5	18
 -62.5	22.5
 -61.5	27
 -60.5	26
 -59.5	22
 -58.5	19
 -57.5	13
 -56.5	19
 -55.5	15
 -54.5	10
 -53.5	25.5
 -52.5	20
 -51.5	21
 -50.5	21
 -49.5	13
 -48.5	20
 -47.5	23
 -46.5	24
 -45.5	22
 -44.5	20
 -43.5	20.3333
 -42.5	17
 -41.5	22
 -40.5	20.5
 -39.5	16
 -38.5	19
 -37.5	16.5
 -36.5	30.5
 -35.5	22
 -34.5	13
 -33.5	17
 -32.5	23.5
 -31.5	17
 -30.5	17
 -29.5	21.5
 -28.5	26
 -27.5	18
 -26.5	22
 -25.5	13.5
 -24.5	19
 -23.5	18
 -22.5	15
 -21.5	20
 -20.5	28
 -19.5	21.5
 -18.5	22
 -17.5	31
 -16.5	21
 -15.5	11
 -14.5	19
 -13.5	20
 -12.5	21.5
 -11.5	10
 -10.5	14
  -9.5	17
  -8.5	18
  -7.5	17
  -6.5	13
  -5.5	25
  -4.5	22
  -3.5	22.5
  -2.5	22
  -1.5	17
  -0.5	22.5
   0.5	22
   1.5	24
   2.5	22.5
   3.5	22
   4.5	16
   5.5	20
   6.5	21
   7.5	27
   8.5	22
   9.5	22.5
  10.5	17
  11.5	20.5
  12.5	14
  13.5	23
  14.5	14
  15.5	12
  16.5	17.5
  17.5	14
  18.5	17
  19.5	27
  20.5	16.5
  21.5	24.3333
  22.5	26
  23.5	14
  24.5	25
  25.5	26
  26.5	23.3333
  27.5	27
  28.5	15
  29.5	20
  30.5	21
  31.5	15
  32.5	15
  33.5	10
  34.5	13
  35.5	22
  36.5	18
  37.5	23
  38.5	22.3333
  39.5	26
  40.5	26
  41.5	15
  42.5	21
  43.5	19
  44.5	19
  45.5	14
  46.5	14
  47.5	21
  48.5	16
  49.5	30
  50.5	11
  51.5	13
  52.5	19
  53.5	15
  54.5	21
  55.5	21.3333
  56.5	15
  57.5	24
  58.5	21
  59.5	11
  60.5	23
  61.5	17
  62.5	18
  63.5	26.5
  64.5	13
  65.5	11
  66.5	15.5
  67.5	13
  68.5	23.5
  69.5	13
  70.5	18
  71.5	22
  72.5	21
  73.5	27
  74.5	13
  75.5	17
  76.5	17
  77.5	19.5
  78.5	11
  79.5	25
  80.5	19
  81.5	14.5
  82.5	24
  83.5	20
  84.5	20
  85.5	20
  86.5	16
  87.5	18
  88.5	16
  89.5	18
  90.5	14
  91.5	6
  92.5	14
  93.5	16
  94.5	15.5
  95.5	22
  96.5	21.3333
  97.5	19
  98.5	21
  99.5	14
 100.5	13
 101.5	16
 102.5	14
 103.5	20
 104.5	12
 105.5	23
 106.5	22
 107.5	10
 108.5	22
 109.5	18
 110.5	22.5
 111.5	16
 112.5	14
 113.5	13
 114.5	18
 115.5	14
 116.5	21
 117.5	20
 118.5	16
 119.5	14
 120.5	17
 121.5	14
 122.5	18
 123.5	15
 124.5	13
 125.5	13
 126.5	13
 127.5	13
 128.5	20
 129.5	16
 130.5	16
 131.5	19.5
 132.5	23
 133.5	17
 134.5	15
 135.5	12.5
 136.5	14
 137.5	18
 138.5	23
 139.5	16
 140.5	16
 141.5	10
 142.5	15
 143.5	16
 144.5	16
 145.5	14.5
 146.5	16
 147.5	10
DB 2 MOTIF	GCR_HUMAN.H11MO.1.A
-149.0	25
-148.0	27
-147.0	22
-146.0	18
-145.0	18
-144.0	21
-143.0	26
-142.0	21
-141.0	22
-140.0	20
-139.0	20
-138.0	18
-137.0	18
-136.0	21
-135.0	15
-134.0	15
-133.0	21
-132.0	15
-131.0	18
-130.0	16
-129.0	28
-128.0	23
-127.0	20
-126.0	16
-125.0	18
-124.0	21
-123.0	23
-122.0	15
-121.0	24
-120.0	17
-119.0	19
-118.0	25
-117.0	20
-116.0	19
-115.0	22
-114.0	17
-113.0	15
-112.0	22
-111.0	22
-110.0	14
-109.0	22
-108.0	24
-107.0	14
-106.0	18
-105.0	28
-104.0	25
-103.0	14
-102.0	13
-101.0	20
-100.0	27.5
 -99.0	20
 -98.0	21
 -97.0	21.5
 -96.0	23
 -95.0	17
 -94.0	16
 -93.0	17.5
 -92.0	25.5
 -91.0	19
 -90.0	15
 -89.0	19
 -88.0	10
 -87.0	13
 -86.0	17
 -85.0	14
 -84.0	20
 -83.0	23
 -82.0	12
 -81.0	9.5
 -80.0	21
 -79.0	13
 -78.0	13
 -77.0	23
 -76.0	25
 -75.0	23
 -74.0	23
 -73.0	26
 -72.0	15
 -71.0	21
 -70.0	25.5
 -69.0	19.3333
 -68.0	21.5
 -67.0	16
 -66.0	24.5
 -65.0	23
 -64.0	27
 -63.0	23
 -62.0	23
 -61.0	20
 -60.0	28
 -59.0	18
 -58.0	16
 -57.0	18
 -56.0	21
 -55.0	24
 -54.0	21.5
 -53.0	18
 -52.0	15
 -51.0	15.5
 -50.0	27
 -49.0	11
 -48.0	16.5
 -47.0	25
 -46.0	13
 -45.0	18
 -44.0	19.5
 -43.0	15
 -42.0	17
 -41.0	25
 -40.0	18
 -39.0	22
 -38.0	20
 -37.0	21
 -36.0	15
 -35.0	29.5
 -34.0	27
 -33.0	32.5
 -32.0	26.5
 -31.0	13
 -30.0	17
 -29.0	21
 -28.0	25
 -27.0	13
 -26.0	26
 -25.0	19.5
 -24.0	24
 -23.0	16
 -22.0	16
 -21.0	28
 -20.0	17.5
 -19.0	26
 -18.0	18
 -17.0	22
 -16.0	19
 -15.0	26
 -14.0	23
 -13.0	19
 -12.0	19
 -11.0	28
 -10.0	18
  -9.0	25
  -8.0	23
  -7.0	29
  -6.0	18
  -5.0	23
  -4.0	27
  -3.0	23
  -2.0	25
  -1.0	29
   0.0	23
   1.0	16
   2.0	18
   3.0	28.5
   4.0	22.5
   5.0	27
   6.0	13.5
   7.0	19
   8.0	20
   9.0	20
  10.0	18
  11.0	19
  12.0	14
  13.0	24
  14.0	23
  15.0	22.5
  16.0	22.3333
  17.0	20
  18.0	25
  19.0	20
  20.0	25.5
  21.0	19
  22.0	30
  23.0	29
  24.0	22.5
  25.0	18
  26.0	28
  27.0	25
  28.0	17
  29.0	28
  30.0	16
  31.0	21
  32.0	18
  33.0	28
  34.0	26
  35.0	26
  36.0	22
  37.0	22
  38.0	21.5
  39.0	26
  40.0	17
  41.0	15
  42.0	20
  43.0	18
  44.0	20
  45.0	27
  46.0	25
  47.0	16
  48.0	15
  49.0	26
  50.0	26
  51.0	24
  52.0	25
  53.0	27
  54.0	21
  55.0	10
  56.0	21
  57.0	20
  58.0	20
  59.0	13
  60.0	21
  61.0	24
  62.0	20
  63.0	32
  64.0	16
  65.0	25
  66.0	17
  67.0	23
  68.0	22
  69.0	23
  70.0	18
  71.0	22
  72.0	20
  73.0	17
  74.0	21
  75.0	24
  76.0	24
  77.0	24
  78.0	12
  79.0	27
  80.0	20
  81.0	16
  82.0	17
  83.0	26.5
  84.0	29
  85.0	20
  86.0	28
  87.0	20
  88.0	21
  89.0	25.5
  90.0	21
  91.0	23
  92.0	9
  93.0	18
  94.0	23
  95.0	26
  96.0	16
  97.0	19.5
  98.0	24
  99.0	15
 100.0	16
 101.0	14.3333
 102.0	20
 103.0	18
 104.0	16
 105.0	19
 106.0	17
 107.0	25
 108.0	26
 109.0	19
 110.0	10.5
 111.0	20
 112.0	15
 113.0	18.5
 114.0	20
 115.0	15
 116.0	20
 117.0	18
 118.0	18.5
 119.0	24
 120.0	20.5
 121.0	26
 122.0	26
 123.0	21
 124.0	16
 125.0	14
 126.0	23
 127.0	23
 128.0	23
 129.0	25.5
 130.0	20
 131.0	17
 132.0	15
 133.0	17
 134.0	20
 135.0	20
 136.0	17
 137.0	25
 138.0	24
 139.0	9
 140.0	18
 141.0	23
 142.0	35
 143.0	20
 144.0	15
 145.0	14
 146.0	16
 147.0	15
 148.0	20
 149.0	16
DB 2 MOTIF	GMEB2_HUMAN.H11MO.0.D
-149.5	9
-148.5	13
-147.5	9
-146.5	9
-145.5	13
-144.5	8
-143.5	13
-142.5	10
-141.5	6
-140.5	9
-139.5	13.5
-138.5	10
-137.5	11
-136.5	16
-135.5	6
-134.5	8
-133.5	9
-132.5	4
-131.5	5
-130.5	6
-129.5	9
-128.5	9
-127.5	7
-126.5	13
-125.5	4
-124.5	13
-123.5	9
-122.5	8
-121.5	6
-120.5	6
-119.5	7
-118.5	8
-117.5	7
-116.5	8
-115.5	11
-114.5	11
-113.5	11
-112.5	9
-111.5	12.5
-110.5	7.5
-109.5	8
-108.5	10
-107.5	12
-106.5	4
-105.5	10.5
-104.5	11
-103.5	13
-102.5	12
-101.5	10
-100.5	9
 -99.5	9.5
 -98.5	13.5
 -97.5	8
 -96.5	7
 -95.5	5.5
 -94.5	7
 -93.5	13
 -92.5	8
 -91.5	7
 -90.5	15
 -89.5	5
 -88.5	10
 -87.5	8
 -86.5	13
 -85.5	13
 -84.5	6.25
 -83.5	14
 -82.5	6
 -81.5	8
 -80.5	13.5
 -79.5	13.5
 -78.5	10
 -77.5	6
 -76.5	15
 -75.5	15
 -74.5	19
 -73.5	7
 -72.5	8
 -71.5	11
 -70.5	10
 -69.5	11
 -68.5	8
 -67.5	7
 -66.5	11
 -65.5	12
 -64.5	13
 -63.5	10
 -62.5	10
 -61.5	12
 -60.5	10.3333
 -59.5	10
 -58.5	9
 -57.5	11
 -56.5	12.3333
 -55.5	9
 -54.5	10
 -53.5	13
 -52.5	8.33333
 -51.5	12
 -50.5	7
 -49.5	10
 -48.5	6
 -47.5	10
 -46.5	13
 -45.5	11
 -44.5	9
 -43.5	14
 -42.5	6
 -41.5	15
 -40.5	11
 -39.5	5
 -38.5	9
 -37.5	12
 -36.5	10
 -35.5	8
 -34.5	14
 -33.5	14
 -32.5	9
 -31.5	12
 -30.5	16
 -29.5	18
 -28.5	8.5
 -27.5	17.75
 -26.5	11
 -25.5	5
 -24.5	14
 -23.5	9
 -22.5	14
 -21.5	11
 -20.5	13
 -19.5	14
 -18.5	10
 -17.5	11
 -16.5	14
 -15.5	16
 -14.5	14
 -13.5	12
 -12.5	11.5
 -11.5	14.5
 -10.5	11
  -9.5	18
  -8.5	12
  -7.5	6
  -6.5	8
  -5.5	12
  -4.5	6
  -3.5	7.5
  -2.5	14.5
  -1.5	8
  -0.5	12
   0.5	16
   1.5	10
   2.5	12
   3.5	11
   4.5	13
   5.5	10
   6.5	13
   7.5	8
   8.5	13
   9.5	9
  10.5	7
  11.5	10
  12.5	11
  13.5	9.5
  14.5	9
  15.5	10.5
  16.5	9.5
  17.5	14
  18.5	12
  19.5	12
  20.5	5
  21.5	8
  22.5	11
  23.5	7
  24.5	20
  25.5	11
  26.5	8
  27.5	12
  28.5	14
  29.5	14
  30.5	14.75
  31.5	11.5
  32.5	5
  33.5	6
  34.5	16
  35.5	15
  36.5	12
  37.5	10
  38.5	6
  39.5	17
  40.5	12
  41.5	14
  42.5	12
  43.5	7
  44.5	10.5
  45.5	10
  46.5	7
  47.5	15
  48.5	13
  49.5	18
  50.5	9
  51.5	9
  52.5	13
  53.5	8
  54.5	12
  55.5	9
  56.5	12.5
  57.5	12.5
  58.5	11.5
  59.5	7
  60.5	9
  61.5	12
  62.5	13
  63.5	11
  64.5	10
  65.5	12
  66.5	7
  67.5	9
  68.5	9
  69.5	12
  70.5	8
  71.5	6
  72.5	10
  73.5	8
  74.5	14
  75.5	7
  76.5	15
  77.5	12
  78.5	10
  79.5	9
  80.5	5
  81.5	9
  82.5	8
  83.5	7
  84.5	6
  85.5	13
  86.5	9
  87.5	12
  88.5	6.25
  89.5	16
  90.5	11
  91.5	4
  92.5	4
  93.5	9
  94.5	8
  95.5	7
  96.5	7
  97.5	6
  98.5	9
  99.5	8
 100.5	9
 101.5	8
 102.5	6
 103.5	12
 104.5	15
 105.5	5
 106.5	7
 107.5	16
 108.5	9
 109.5	7
 110.5	7
 111.5	11
 112.5	12
 113.5	6
 114.5	7
 115.5	10
 116.5	8
 117.5	6
 118.5	10
 119.5	13
 120.5	6
 121.5	7
 122.5	10
 123.5	14
 124.5	11
 125.5	7
 126.5	14
 127.5	7
 128.5	12
 129.5	10
 130.5	9
 131.5	15
 132.5	5
 133.5	9
 134.5	10
 135.5	9
 136.5	8
 137.5	10
 138.5	11
 139.5	13
 140.5	11
 141.5	9.5
 142.5	8.5
 143.5	7
 144.5	8.5
 145.5	9.5
 146.5	5.5
 147.5	3.5
 148.5	6
 149.5	5
DB 2 MOTIF	HBP1_HUMAN.H11MO.0.D
-150.5	8
-149.5	12
-148.5	13
-147.5	12
-146.5	7.83333
-145.5	10
-144.5	12.5
-143.5	8.5
-142.5	12.5
-141.5	17
-140.5	10
-139.5	8
-138.5	10
-137.5	13
-136.5	13.3333
-135.5	8
-134.5	7.5
-133.5	11
-132.5	9
-131.5	6
-130.5	9.33333
-129.5	9.5
-128.5	11
-127.5	19
-126.5	8.33333
-125.5	8.5
-124.5	7.5
-123.5	12
-122.5	15
-121.5	13.3333
-120.5	9
-119.5	8.5
-118.5	7
-117.5	12.5
-116.5	11
-115.5	15
-114.5	13
-113.5	10
-112.5	13
-111.5	9
-110.5	12
-109.5	9
-108.5	7.5
-107.5	7
-106.5	15
-105.5	14
-104.5	11
-103.5	13.5
-102.5	9.5
-101.5	9
-100.5	13
 -99.5	12.5
 -98.5	10
 -97.5	16
 -96.5	11
 -95.5	8.5
 -94.5	17
 -93.5	14
 -92.5	11.5
 -91.5	12
 -90.5	17
 -89.5	18
 -88.5	11
 -87.5	9
 -86.5	13.5
 -85.5	5.33333
 -84.5	2
 -83.5	17
 -82.5	8
 -81.5	9.5
 -80.5	14
 -79.5	21
 -78.5	14.5
 -77.5	6
 -76.5	9.5
 -75.5	6
 -74.5	12
 -73.5	7.5
 -72.5	16
 -71.5	10
 -70.5	14.5
 -69.5	9
 -68.5	16
 -67.5	16.5
 -66.5	13.125
 -65.5	15
 -64.5	14
 -63.5	7
 -62.5	11.125
 -61.5	9.5
 -60.5	8
 -59.5	17
 -58.5	9.125
 -57.5	7.5
 -56.5	12.5
 -55.5	9
 -54.5	11.625
 -53.5	16
 -52.5	21
 -51.5	13
 -50.5	13.125
 -49.5	9
 -48.5	19
 -47.5	10
 -46.5	8.125
 -45.5	11
 -44.5	15
 -43.5	16
 -42.5	14.125
 -41.5	9
 -40.5	12
 -39.5	15
 -38.5	11.125
 -37.5	6
 -36.5	14
 -35.5	18
 -34.5	12
 -33.5	20.5
 -32.5	10.5
 -31.5	10.3333
 -30.5	11
 -29.5	13
 -28.5	15.5
 -27.5	15.5
 -26.5	12.5
 -25.5	18.25
 -24.5	9
 -23.5	14
 -22.5	11
 -21.5	11.75
 -20.5	15
 -19.5	16.5
 -18.5	10.5
 -17.5	11.25
 -16.5	9
 -15.5	19
 -14.5	8
 -13.5	6.25
 -12.5	11
 -11.5	13.5
 -10.5	8
  -9.5	17.5
  -8.5	16.5
  -7.5	14
  -6.5	17.5
  -5.5	16
  -4.5	15.5
  -3.5	16
  -2.5	13
  -1.5	13
  -0.5	13
   0.5	14
   1.5	14
   2.5	9
   3.5	11.5
   4.5	15
   5.5	21
   6.5	10.5
   7.5	20
   8.5	16
   9.5	16
  10.5	18.5
  11.5	17
  12.5	17.5
  13.5	19
  14.5	16
  15.5	16
  16.5	17.25
  17.5	22
  18.5	12
  19.5	13.5
  20.5	15
  21.5	20
  22.5	18
  23.5	19.5
  24.5	16.5
  25.5	13
  26.5	12.5
  27.5	14
  28.5	19.5
  29.5	7
  30.5	21.5
  31.5	15
  32.5	10.5
  33.5	16
  34.5	17.25
  35.5	10
  36.5	15.5
  37.5	9
  38.5	15
  39.5	6
  40.5	6
  41.5	16.5
  42.5	12.5
  43.5	17
  44.5	16
  45.5	18
  46.5	17
  47.5	9
  48.5	10
  49.5	11
  50.5	18
  51.5	14
  52.5	14.5
  53.5	10.5
  54.5	13
  55.5	16
  56.5	6
  57.5	17
  58.5	11
  59.5	17.5
  60.5	13
  61.5	13.5
  62.5	15.3333
  63.5	14.5
  64.5	10
  65.5	13
  66.5	11.8333
  67.5	10.5
  68.5	8
  69.5	15
  70.5	15.8333
  71.5	8
  72.5	11
  73.5	14.5
  74.5	5
  75.5	10.5
  76.5	9.5
  77.5	14
  78.5	11
  79.5	13
  80.5	11
  81.5	13
  82.5	9
  83.5	11
  84.5	11
  85.5	7
  86.5	14.5
  87.5	13
  88.5	3
  89.5	10.25
  90.5	11.3333
  91.5	9
  92.5	13
  93.5	13
  94.5	9.5
  95.5	6.5
  96.5	10
  97.5	9.33333
  98.5	7.5
  99.5	16
 100.5	10
 101.5	9
 102.5	16
 103.5	16.5
 104.5	13
 105.5	6
 106.5	9
 107.5	9
 108.5	10
 109.5	13
 110.5	8
 111.5	14
 112.5	8
 113.5	17
 114.5	15.5
 115.5	18
 116.5	10
 117.5	8
 118.5	10
 119.5	12
 120.5	14.5
 121.5	9
 122.5	9
 123.5	8
 124.5	15
 125.5	10
 126.5	9
 127.5	11
 128.5	9
 129.5	9
 130.5	4.25
 131.5	11
 132.5	19
 133.5	12
 134.5	8
 135.5	4
 136.5	13
 137.5	13.8333
 138.5	6
 139.5	10
 140.5	15
 141.5	8.33333
 142.5	8.5
 143.5	11
 144.5	12
 145.5	17.3333
 146.5	9.5
 147.5	14
 148.5	10
 149.5	9.5
 150.5	13
DB 2 MOTIF	HES5_HUMAN.H11MO.0.D
-149.0	1
-148.0	2
-147.0	2
-146.0	3
-145.0	1
-144.0	0
-143.0	0
-142.0	1
-141.0	0
-140.0	2
-139.0	0
-138.0	0
-137.0	0
-136.0	1
-135.0	0
-134.0	0
-133.0	2
-132.0	1
-131.0	0
-130.0	1
-129.0	2
-128.0	0
-127.0	1
-126.0	0
-125.0	3
-124.0	1
-123.0	0
-122.0	0
-121.0	3
-120.0	0
-119.0	0
-118.0	4
-117.0	1
-116.0	1
-115.0	1
-114.0	0
-113.0	0
-112.0	0
-111.0	1
-110.0	0
-109.0	2
-108.0	0
-107.0	1
-106.0	2
-105.0	2
-104.0	1
-103.0	0
-102.0	1
-101.0	2
-100.0	0
 -99.0	0
 -98.0	1
 -97.0	0
 -96.0	2
 -95.0	1
 -94.0	0
 -93.0	1
 -92.0	0
 -91.0	1
 -90.0	0
 -89.0	1
 -88.0	3
 -87.0	1
 -86.0	1
 -85.0	1
 -84.0	0
 -83.0	0
 -82.0	1
 -81.0	0
 -80.0	1
 -79.0	1
 -78.0	0
 -77.0	0
 -76.0	1
 -75.0	1
 -74.0	1
 -73.0	1
 -72.0	2
 -71.0	0
 -70.0	1
 -69.0	3
 -68.0	2
 -67.0	1
 -66.0	1
 -65.0	1
 -64.0	3
 -63.0	1
 -62.0	1
 -61.0	0
 -60.0	1
 -59.0	3
 -58.0	2
 -57.0	0
 -56.0	3
 -55.0	2
 -54.0	4
 -53.0	4
 -52.0	2
 -51.0	0
 -50.0	1
 -49.0	3
 -48.0	1
 -47.0	1
 -46.0	3
 -45.0	0
 -44.0	0
 -43.0	0
 -42.0	2
 -41.0	1
 -40.0	1
 -39.0	1
 -38.0	2
 -37.0	4
 -36.0	2
 -35.0	2
 -34.0	4
 -33.0	2
 -32.0	1
 -31.0	3
 -30.0	3
 -29.0	4
 -28.0	2
 -27.0	0
 -26.0	1
 -25.0	1
 -24.0	2
 -23.0	1
 -22.0	2
 -21.0	0
 -20.0	4
 -19.0	1
 -18.0	1
 -17.0	1
 -16.0	1
 -15.0	1
 -14.0	0
 -13.0	2
 -12.0	4
 -11.0	1
 -10.0	1
  -9.0	1
  -8.0	1
  -7.0	2
  -6.0	1
  -5.0	1
  -4.0	4
  -3.0	2
  -2.0	2
  -1.0	1
   0.0	2
   1.0	1
   2.0	4
   3.0	1
   4.0	2
   5.0	1
   6.0	0
   7.0	2
   8.0	2
   9.0	1
  10.0	1
  11.0	3
  12.0	1
  13.0	2
  14.0	2
  15.0	1
  16.0	4
  17.0	1
  18.0	2
  19.0	0
  20.0	0
  21.0	1
  22.0	2
  23.0	0
  24.0	3
  25.0	0
  26.0	0
  27.0	3
  28.0	0
  29.0	2
  30.0	1
  31.0	2
  32.0	1
  33.0	0
  34.0	0
  35.0	0
  36.0	3
  37.0	0
  38.0	3
  39.0	3
  40.0	1
  41.0	2
  42.0	1
  43.0	0
  44.0	1
  45.0	2
  46.0	2
  47.0	1
  48.0	2
  49.0	1
  50.0	0
  51.0	1
  52.0	0
  53.0	2
  54.0	2
  55.0	0
  56.0	1
  57.0	2
  58.0	2
  59.0	1
  60.0	0
  61.0	1
  62.0	2
  63.0	0
  64.0	0
  65.0	1
  66.0	1
  67.0	0
  68.0	1
  69.0	0
  70.0	1
  71.0	0
  72.0	2
  73.0	0
  74.0	0
  75.0	1
  76.0	0
  77.0	0
  78.0	0
  79.0	0
  80.0	1
  81.0	0
  82.0	0
  83.0	2
  84.0	1
  85.0	2
  86.0	4
  87.0	3
  88.0	3
  89.0	5
  90.0	1
  91.0	1
  92.0	2
  93.0	1
  94.0	0
  95.0	0
  96.0	0
  97.0	3
  98.0	1
  99.0	0
 100.0	1
 101.0	2
 102.0	1
 103.0	0
 104.0	0
 105.0	0
 106.0	0
 107.0	1
 108.0	0
 109.0	2
 110.0	1
 111.0	1
 112.0	0
 113.0	2
 114.0	0
 115.0	0
 116.0	2
 117.0	1
 118.0	3
 119.0	5
 120.0	0
 121.0	1
 122.0	0
 123.0	1
 124.0	0
 125.0	1
 126.0	0
 127.0	1
 128.0	1
 129.0	2
 130.0	1
 131.0	2
 132.0	0
 133.0	1
 134.0	1
 135.0	2
 136.0	0
 137.0	0
 138.0	0
 139.0	1
 140.0	2
 141.0	1
 142.0	0
 143.0	0
 144.0	2
 145.0	1
 146.0	0
 147.0	0
 148.0	3
 149.0	2
DB 2 MOTIF	HIF1A_HUMAN.H11MO.0.C
-151.0	8.5
-150.0	16
-149.0	18
-148.0	29
-147.0	16
-146.0	24.5
-145.0	23
-144.0	19.5
-143.0	8
-142.0	25.5
-141.0	15.5
-140.0	27
-139.0	20.5
-138.0	20
-137.0	15.5
-136.0	14
-135.0	21
-134.0	16.5
-133.0	21
-132.0	16.5
-131.0	15.5
-130.0	11.5
-129.0	23
-128.0	24.5
-127.0	20
-126.0	18
-125.0	15.5
-124.0	18
-123.0	19
-122.0	21.5
-121.0	13.5
-120.0	22
-119.0	13.5
-118.0	21.8333
-117.0	17.5
-116.0	14.5
-115.0	14
-114.0	19.5
-113.0	15
-112.0	13
-111.0	23
-110.0	16
-109.0	21
-108.0	18.5
-107.0	16
-106.0	20
-105.0	20
-104.0	10.75
-103.0	27
-102.0	11
-101.0	24.5
-100.0	11
 -99.0	16
 -98.0	25.5
 -97.0	24
 -96.0	14.5
 -95.0	20
 -94.0	21
 -93.0	20
 -92.0	12
 -91.0	25
 -90.0	16
 -89.0	24
 -88.0	15.5
 -87.0	25.5
 -86.0	16
 -85.0	16
 -84.0	18
 -83.0	24
 -82.0	22
 -81.0	16.5
 -80.0	12.5
 -79.0	17
 -78.0	16
 -77.0	19.5
 -76.0	21.5
 -75.0	33
 -74.0	17.5
 -73.0	19
 -72.0	28
 -71.0	17
 -70.0	15
 -69.0	17
 -68.0	27.5
 -67.0	21.5
 -66.0	13
 -65.0	15
 -64.0	25
 -63.0	21.5
 -62.0	23
 -61.0	27.3333
 -60.0	17
 -59.0	38.3333
 -58.0	15
 -57.0	18.3333
 -56.0	22.5
 -55.0	18.5
 -54.0	26.5
 -53.0	24.3333
 -52.0	28
 -51.0	24.5
 -50.0	18.5
 -49.0	26
 -48.0	20
 -47.0	20.75
 -46.0	12.5
 -45.0	14.5
 -44.0	23
 -43.0	14
 -42.0	18.5
 -41.0	26
 -40.0	19
 -39.0	16
 -38.0	23
 -37.0	26
 -36.0	24
 -35.0	21
 -34.0	30.5
 -33.0	27
 -32.0	14
 -31.0	20.5
 -30.0	20
 -29.0	32.8333
 -28.0	32
 -27.0	15
 -26.0	16
 -25.0	15.5
 -24.0	30
 -23.0	20.5
 -22.0	20
 -21.0	19.3333
 -20.0	20
 -19.0	36
 -18.0	21.5
 -17.0	20
 -16.0	25
 -15.0	19.5
 -14.0	27.5
 -13.0	21.5
 -12.0	10
 -11.0	21
 -10.0	23.5
  -9.0	17
  -8.0	22.5
  -7.0	26
  -6.0	12.5
  -5.0	24
  -4.0	27
  -3.0	19
  -2.0	31.5
  -1.0	27
   0.0	27.3333
   1.0	25.5
   2.0	21.5
   3.0	21.5
   4.0	22
   5.0	20
   6.0	18
   7.0	22
   8.0	29.5
   9.0	21
  10.0	25.5
  11.0	21
  12.0	25.5
  13.0	22.5833
  14.0	22.5
  15.0	24
  16.0	26.5
  17.0	20.5
  18.0	17
  19.0	29.3333
  20.0	21.5
  21.0	22
  22.0	15
  23.0	18
  24.0	29
  25.0	33.5
  26.0	19.75
  27.0	32
  28.0	17
  29.0	24.5
  30.0	17.5
  31.0	24
  32.0	20
  33.0	26.5
  34.0	18
  35.0	22
  36.0	18.5
  37.0	18.5
  38.0	24.5
  39.0	21
  40.0	16.5
  41.0	15.5
  42.0	23
  43.0	19
  44.0	15.5
  45.0	14
  46.0	20
  47.0	17
  48.0	21.5
  49.0	20.5
  50.0	22.5
  51.0	22
  52.0	13
  53.0	24.5
  54.0	22
  55.0	19
  56.0	25.5
  57.0	18.5
  58.0	18
  59.0	18.5
  60.0	22.5
  61.0	19
  62.0	25
  63.0	15.5
  64.0	17
  65.0	16
  66.0	22
  67.0	18.75
  68.0	16
  69.0	26.25
  70.0	18
  71.0	13
  72.0	22
  73.0	25
  74.0	26.5
  75.0	13.8333
  76.0	18
  77.0	22
  78.0	18
  79.0	19.5
  80.0	23
  81.0	9
  82.0	22
  83.0	18.5
  84.0	15
  85.0	22.75
  86.0	16
  87.0	22
  88.0	16
  89.0	16
  90.0	17
  91.0	15
  92.0	22.5
  93.0	26.5
  94.0	19.5
  95.0	25
  96.0	19
  97.0	16
  98.0	24
  99.0	18.5
 100.0	18.5
 101.0	21.5
 102.0	15
 103.0	12.75
 104.0	20
 105.0	23
 106.0	13
 107.0	27.5
 108.0	28.5
 109.0	21
 110.0	19
 111.0	18
 112.0	30
 113.0	16
 114.0	14
 115.0	22.5
 116.0	14
 117.0	12.5
 118.0	30.3333
 119.0	17
 120.0	19
 121.0	14
 122.0	13
 123.0	28
 124.0	15
 125.0	11
 126.0	20
 127.0	18
 128.0	19
 129.0	25
 130.0	17
 131.0	18
 132.0	15.5
 133.0	23
 134.0	17
 135.0	26.5
 136.0	19
 137.0	25.5
 138.0	18
 139.0	15
 140.0	20
 141.0	17
 142.0	14.5
 143.0	17
 144.0	24
 145.0	20.5
 146.0	13
 147.0	25
 148.0	22
 149.0	25.5
 150.0	16
 151.0	18
DB 2 MOTIF	HLF_HUMAN.H11MO.0.C
-148.5	6
-147.5	6
-146.5	9
-145.5	3
-144.5	7
-143.5	8
-142.5	7
-141.5	8
-140.5	4
-139.5	7
-138.5	5
-137.5	3
-136.5	8
-135.5	4
-134.5	11
-133.5	10
-132.5	5
-131.5	5
-130.5	8
-129.5	2
-128.5	3
-127.5	7
-126.5	4
-125.5	2
-124.5	10
-123.5	6
-122.5	9
-121.5	7
-120.5	6
-119.5	9
-118.5	7
-117.5	9
-116.5	2
-115.5	3
-114.5	10
-113.5	5
-112.5	9
-111.5	7
-110.5	4
-109.5	4
-108.5	9
-107.5	6
-106.5	6
-105.5	6
-104.5	6
-103.5	7
-102.5	4
-101.5	5
-100.5	8
 -99.5	8.5
 -98.5	3.5
 -97.5	8
 -96.5	5
 -95.5	8
 -94.5	7
 -93.5	6
 -92.5	5
 -91.5	10
 -90.5	6
 -89.5	2
 -88.5	8
 -87.5	8
 -86.5	10
 -85.5	4
 -84.5	2
 -83.5	10
 -82.5	4
 -81.5	8
 -80.5	6
 -79.5	14
 -78.5	2
 -77.5	3
 -76.5	3
 -75.5	5
 -74.5	2
 -73.5	13
 -72.5	11
 -71.5	6
 -70.5	7
 -69.5	8
 -68.5	7
 -67.5	8
 -66.5	7
 -65.5	8
 -64.5	8
 -63.5	9
 -62.5	3
 -61.5	6
 -60.5	11
 -59.5	7
 -58.5	11
 -57.5	11
 -56.5	13
 -55.5	7
 -54.5	8
 -53.5	4
 -52.5	12
 -51.5	7
 -50.5	10.5
 -49.5	9
 -48.5	6
 -47.5	15
 -46.5	9
 -45.5	5
 -44.5	9
 -43.5	12
 -42.5	13
 -41.5	9
 -40.5	6
 -39.5	9
 -38.5	12
 -37.5	14
 -36.5	8
 -35.5	8
 -34.5	9
 -33.5	2
 -32.5	6
 -31.5	16
 -30.5	8
 -29.5	15
 -28.5	10
 -27.5	14
 -26.5	12
 -25.5	14
 -24.5	15
 -23.5	8
 -22.5	11
 -21.5	12
 -20.5	11
 -19.5	6
 -18.5	16
 -17.5	11.3333
 -16.5	5
 -15.5	7
 -14.5	10
 -13.5	15
 -12.5	11
 -11.5	12
 -10.5	11
  -9.5	15
  -8.5	13.5
  -7.5	13
  -6.5	10
  -5.5	15
  -4.5	9
  -3.5	11
  -2.5	12
  -1.5	10
  -0.5	11.5
   0.5	11
   1.5	12
   2.5	12
   3.5	8
   4.5	13
   5.5	9
   6.5	15
   7.5	14
   8.5	17
   9.5	14
  10.5	11
  11.5	12
  12.5	15
  13.5	10
  14.5	15
  15.5	8
  16.5	12.5
  17.5	14
  18.5	13
  19.5	12
  20.5	11.5
  21.5	13
  22.5	11
  23.5	12
  24.5	8
  25.5	9
  26.5	10
  27.5	17
  28.5	9
  29.5	13
  30.5	16
  31.5	9.5
  32.5	2.5
  33.5	14
  34.5	11
  35.5	15
  36.5	11
  37.5	9
  38.5	7
  39.5	10
  40.5	7
  41.5	11
  42.5	8.5
  43.5	6
  44.5	3
  45.5	11
  46.5	6
  47.5	7.83333
  48.5	10
  49.5	10
  50.5	7
  51.5	7
  52.5	11
  53.5	8.5
  54.5	12
  55.5	7
  56.5	8.5
  57.5	10
  58.5	9
  59.5	12
  60.5	9
  61.5	8
  62.5	7
  63.5	10
  64.5	12
  65.5	6
  66.5	8
  67.5	7
  68.5	5
  69.5	5
  70.5	7
  71.5	5
  72.5	5
  73.5	7
  74.5	7
  75.5	4
  76.5	10
  77.5	6
  78.5	9
  79.5	8
  80.5	5
  81.5	6
  82.5	7
  83.5	6
  84.5	3
  85.5	7
  86.5	9
  87.5	3
  88.5	7.5
  89.5	9.5
  90.5	8
  91.5	7
  92.5	5
  93.5	10
  94.5	7
  95.5	3
  96.5	6
  97.5	8
  98.5	6
  99.5	4
 100.5	5
 101.5	9
 102.5	11
 103.5	5
 104.5	5
 105.5	7
 106.5	7
 107.5	8
 108.5	1
 109.5	5
 110.5	4
 111.5	5.5
 112.5	6
 113.5	9
 114.5	2.33333
 115.5	3
 116.5	7
 117.5	4
 118.5	1
 119.5	5
 120.5	3
 121.5	9
 122.5	5
 123.5	4
 124.5	6
 125.5	10
 126.5	1
 127.5	8
 128.5	4
 129.5	5
 130.5	6
 131.5	6
 132.5	10
 133.5	6
 134.5	10
 135.5	7
 136.5	4
 137.5	8
 138.5	6
 139.5	8
 140.5	11
 141.5	7
 142.5	4
 143.5	2
 144.5	7
 145.5	7
 146.5	6
 147.5	4
 148.5	5
DB 2 MOTIF	HMX3_HUMAN.H11MO.0.D
-149.5	9
-148.5	12
-147.5	19
-146.5	4
-145.5	18
-144.5	12
-143.5	5
-142.5	15
-141.5	19
-140.5	15
-139.5	15
-138.5	8
-137.5	8
-136.5	11
-135.5	11
-134.5	9
-133.5	12
-132.5	6
-131.5	15
-130.5	12
-129.5	16
-128.5	8
-127.5	9
-126.5	9
-125.5	8
-124.5	13
-123.5	16
-122.5	13
-121.5	9
-120.5	19
-119.5	16
-118.5	12
-117.5	7
-116.5	13
-115.5	16
-114.5	8
-113.5	11
-112.5	15
-111.5	10
-110.5	18
-109.5	10
-108.5	12.5
-107.5	10
-106.5	10
-105.5	10
-104.5	14
-103.5	16
-102.5	11
-101.5	11
-100.5	10
 -99.5	12
 -98.5	9
 -97.5	9
 -96.5	7
 -95.5	14
 -94.5	15
 -93.5	6
 -92.5	16
 -91.5	15
 -90.5	14
 -89.5	10.5
 -88.5	10
 -87.5	11
 -86.5	10
 -85.5	11
 -84.5	5
 -83.5	10
 -82.5	6
 -81.5	11
 -80.5	16
 -79.5	12
 -78.5	9
 -77.5	10
 -76.5	12
 -75.5	10
 -74.5	9
 -73.5	7
 -72.5	14
 -71.5	11
 -70.5	14
 -69.5	12
 -68.5	14
 -67.5	10
 -66.5	10
 -65.5	13
 -64.5	10
 -63.5	8
 -62.5	7
 -61.5	13
 -60.5	12
 -59.5	3.5
 -58.5	12
 -57.5	8.5
 -56.5	15
 -55.5	13.5
 -54.5	19
 -53.5	9
 -52.5	9
 -51.5	15.3333
 -50.5	11
 -49.5	8
 -48.5	14
 -47.5	12
 -46.5	12
 -45.5	9
 -44.5	8
 -43.5	7
 -42.5	15
 -41.5	10
 -40.5	14
 -39.5	8.5
 -38.5	19.5
 -37.5	11
 -36.5	13
 -35.5	12
 -34.5	8
 -33.5	9
 -32.5	11
 -31.5	14.5
 -30.5	16
 -29.5	9.5
 -28.5	20
 -27.5	19
 -26.5	14
 -25.5	16
 -24.5	12
 -23.5	12
 -22.5	14
 -21.5	16
 -20.5	13
 -19.5	12
 -18.5	18
 -17.5	16.5
 -16.5	14.3333
 -15.5	11
 -14.5	9
 -13.5	13
 -12.5	15
 -11.5	13
 -10.5	13.5
  -9.5	14
  -8.5	15
  -7.5	8
  -6.5	14
  -5.5	18
  -4.5	20
  -3.5	17
  -2.5	17
  -1.5	11
  -0.5	14
   0.5	17
   1.5	13
   2.5	15
   3.5	17
   4.5	15
   5.5	16.5
   6.5	19
   7.5	22
   8.5	11
   9.5	10.3333
  10.5	12
  11.5	16
  12.5	13
  13.5	7
  14.5	16
  15.5	11
  16.5	20.5
  17.5	11
  18.5	15
  19.5	9.5
  20.5	4
  21.5	20
  22.5	16
  23.5	17.5
  24.5	12.5
  25.5	13
  26.5	19
  27.5	6
  28.5	8
  29.5	12
  30.5	11
  31.5	15
  32.5	13
  33.5	13
  34.5	11
  35.5	13
  36.5	11
  37.5	13
  38.5	9.5
  39.5	9
  40.5	16.5
  41.5	15
  42.5	14
  43.5	12
  44.5	10
  45.5	16.5
  46.5	13
  47.5	16
  48.5	9
  49.5	15.5
  50.5	9
  51.5	9
  52.5	15
  53.5	12
  54.5	13
  55.5	18
  56.5	17
  57.5	17
  58.5	10
  59.5	14
  60.5	9
  61.5	11
  62.5	7
  63.5	7
  64.5	17
  65.5	9
  66.5	19
  67.5	7
  68.5	17
  69.5	11
  70.5	14
  71.5	17
  72.5	17
  73.5	9.5
  74.5	12
  75.5	18
  76.5	12
  77.5	8
  78.5	7
  79.5	13
  80.5	11
  81.5	13
  82.5	17
  83.5	7
  84.5	10
  85.5	11
  86.5	18
  87.5	8
  88.5	17
  89.5	15
  90.5	11
  91.5	7
  92.5	5
  93.5	11
  94.5	10
  95.5	7
  96.5	8
  97.5	10
  98.5	6
  99.5	14
 100.5	14
 101.5	14
 102.5	9
 103.5	10
 104.5	15
 105.5	10
 106.5	14
 107.5	15
 108.5	12
 109.5	12
 110.5	13
 111.5	6
 112.5	13
 113.5	5
 114.5	17
 115.5	14
 116.5	9
 117.5	6
 118.5	6
 119.5	13
 120.5	10
 121.5	11
 122.5	15
 123.5	16
 124.5	14
 125.5	12
 126.5	6
 127.5	9
 128.5	11
 129.5	11
 130.5	6
 131.5	10
 132.5	13
 133.5	13
 134.5	7
 135.5	12
 136.5	7
 137.5	8
 138.5	7
 139.5	9
 140.5	10
 141.5	11
 142.5	10.5
 143.5	11
 144.5	9
 145.5	9
 146.5	16
 147.5	11
 148.5	10
 149.5	10
DB 2 MOTIF	HNF1A_HUMAN.H11MO.0.C
-147.5	12
-146.5	18
-145.5	25
-144.5	19
-143.5	16
-142.5	24
-141.5	13
-140.5	15
-139.5	12.5
-138.5	20.5
-137.5	15
-136.5	12
-135.5	12.5
-134.5	13
-133.5	17
-132.5	19
-131.5	10
-130.5	12
-129.5	15
-128.5	21
-127.5	14
-126.5	28.5
-125.5	18
-124.5	12
-123.5	13
-122.5	18.5
-121.5	15
-120.5	15
-119.5	11
-118.5	19
-117.5	22
-116.5	10
-115.5	19.3333
-114.5	8
-113.5	15
-112.5	15
-111.5	16
-110.5	9
-109.5	16
-108.5	20
-107.5	20
-106.5	15
-105.5	14
-104.5	14
-103.5	26
-102.5	15
-101.5	13
-100.5	14
 -99.5	18
 -98.5	15
 -97.5	24
 -96.5	12
 -95.5	12
 -94.5	19
 -93.5	6
 -92.5	17
 -91.5	16
 -90.5	16
 -89.5	16
 -88.5	19
 -87.5	12
 -86.5	22
 -85.5	6
 -84.5	12
 -83.5	17.5
 -82.5	16
 -81.5	11
 -80.5	13
 -79.5	19
 -78.5	23
 -77.5	17
 -76.5	23.3333
 -75.5	25
 -74.5	13
 -73.5	23
 -72.5	18
 -71.5	19
 -70.5	16
 -69.5	14
 -68.5	12
 -67.5	26
 -66.5	14
 -65.5	20
 -64.5	15
 -63.5	20
 -62.5	11
 -61.5	24
 -60.5	18
 -59.5	20
 -58.5	15
 -57.5	11
 -56.5	19
 -55.5	21
 -54.5	15
 -53.5	15
 -52.5	13
 -51.5	18.5
 -50.5	20
 -49.5	13
 -48.5	21
 -47.5	12
 -46.5	10
 -45.5	17
 -44.5	12
 -43.5	23
 -42.5	24
 -41.5	28
 -40.5	18
 -39.5	17
 -38.5	32
 -37.5	23.8333
 -36.5	21.5
 -35.5	22
 -34.5	16
 -33.5	11
 -32.5	17
 -31.5	21
 -30.5	13
 -29.5	16
 -28.5	17.5
 -27.5	11
 -26.5	13
 -25.5	17
 -24.5	11
 -23.5	17
 -22.5	11
 -21.5	13
 -20.5	22
 -19.5	16
 -18.5	16.5
 -17.5	10
 -16.5	12
 -15.5	12
 -14.5	12
 -13.5	17
 -12.5	20
 -11.5	20
 -10.5	22.5
  -9.5	20
  -8.5	17
  -7.5	18
  -6.5	14
  -5.5	12.5
  -4.5	16
  -3.5	16
  -2.5	26
  -1.5	18
  -0.5	23
   0.5	14
   1.5	13.3333
   2.5	15
   3.5	14
   4.5	11.5
   5.5	13
   6.5	12
   7.5	17
   8.5	16
   9.5	19.5
  10.5	22
  11.5	19
  12.5	15
  13.5	15
  14.5	27
  15.5	13
  16.5	9
  17.5	10
  18.5	23
  19.5	15
  20.5	11
  21.5	9
  22.5	16
  23.5	22
  24.5	13
  25.5	25
  26.5	17
  27.5	17
  28.5	19
  29.5	12
  30.5	16
  31.5	17
  32.5	18
  33.5	19.5
  34.5	24.3333
  35.5	22
  36.5	17
  37.5	19
  38.5	22
  39.5	10
  40.5	15.5
  41.5	23
  42.5	30
  43.5	17.5
  44.5	22
  45.5	20.5
  46.5	11
  47.5	16
  48.5	16
  49.5	14
  50.5	13
  51.5	12
  52.5	18.5
  53.5	17
  54.5	19
  55.5	23
  56.5	9
  57.5	15
  58.5	13
  59.5	15
  60.5	24
  61.5	9
  62.5	14
  63.5	19
  64.5	20
  65.5	9
  66.5	20
  67.5	11.8333
  68.5	22
  69.5	19
  70.5	16
  71.5	21
  72.5	12
  73.5	13
  74.5	15
  75.5	12
  76.5	18
  77.5	17
  78.5	16.5
  79.5	20.5
  80.5	15.5
  81.5	17
  82.5	18
  83.5	14
  84.5	10
  85.5	10
  86.5	17
  87.5	14
  88.5	22
  89.5	14
  90.5	12
  91.5	12
  92.5	25
  93.5	10
  94.5	15
  95.5	21
  96.5	18
  97.5	5
  98.5	13
  99.5	14
 100.5	15.5
 101.5	10
 102.5	18
 103.5	13.5
 104.5	19.5
 105.5	16
 106.5	14
 107.5	13.5
 108.5	13.5
 109.5	10.5
 110.5	16.5
 111.5	14
 112.5	17
 113.5	9
 114.5	6
 115.5	17
 116.5	17
 117.5	16
 118.5	18
 119.5	16
 120.5	13
 121.5	9
 122.5	10
 123.5	19
 124.5	11
 125.5	14
 126.5	19
 127.5	13
 128.5	19
 129.5	10
 130.5	8
 131.5	17
 132.5	18
 133.5	11
 134.5	16
 135.5	11
 136.5	16
 137.5	12
 138.5	18
 139.5	21
 140.5	14
 141.5	21
 142.5	19.5
 143.5	20
 144.5	10
 145.5	16
 146.5	15
 147.5	13
DB 2 MOTIF	HNF1B_HUMAN.H11MO.0.A
-147.5	7
-146.5	11
-145.5	12
-144.5	13
-143.5	8
-142.5	14
-141.5	9
-140.5	10
-139.5	10.5
-138.5	11.5
-137.5	11
-136.5	10
-135.5	7
-134.5	12
-133.5	8
-132.5	12
-131.5	7
-130.5	11
-129.5	13
-128.5	12
-127.5	10
-126.5	18.5
-125.5	13
-124.5	7
-123.5	12
-122.5	12.5
-121.5	12
-120.5	9
-119.5	4
-118.5	12
-117.5	14
-116.5	7
-115.5	9
-114.5	8
-113.5	9
-112.5	14
-111.5	9
-110.5	8
-109.5	15
-108.5	13
-107.5	10
-106.5	8.5
-105.5	14
-104.5	8
-103.5	12
-102.5	13
-101.5	9
-100.5	13
 -99.5	14
 -98.5	12
 -97.5	14
 -96.5	11
 -95.5	10
 -94.5	15
 -93.5	9
 -92.5	10
 -91.5	14
 -90.5	14
 -89.5	10
 -88.5	17
 -87.5	11
 -86.5	21
 -85.5	6
 -84.5	15
 -83.5	9
 -82.5	14
 -81.5	11
 -80.5	7
 -79.5	14
 -78.5	15
 -77.5	10
 -76.5	15
 -75.5	14
 -74.5	16
 -73.5	14
 -72.5	15
 -71.5	13
 -70.5	13
 -69.5	9
 -68.5	9
 -67.5	20
 -66.5	12
 -65.5	16
 -64.5	15
 -63.5	15
 -62.5	11
 -61.5	22
 -60.5	15
 -59.5	12
 -58.5	15
 -57.5	9
 -56.5	17
 -55.5	17
 -54.5	12
 -53.5	13.5
 -52.5	13
 -51.5	14
 -50.5	18
 -49.5	10
 -48.5	18
 -47.5	8
 -46.5	13
 -45.5	12
 -44.5	12
 -43.5	18
 -42.5	17
 -41.5	29
 -40.5	16
 -39.5	15
 -38.5	21
 -37.5	10
 -36.5	14
 -35.5	18.5
 -34.5	17
 -33.5	10
 -32.5	13
 -31.5	16
 -30.5	15
 -29.5	12
 -28.5	17
 -27.5	11.5
 -26.5	13
 -25.5	16
 -24.5	9
 -23.5	10
 -22.5	10
 -21.5	9
 -20.5	21
 -19.5	13
 -18.5	13.5
 -17.5	8
 -16.5	11
 -15.5	8
 -14.5	10
 -13.5	11
 -12.5	15
 -11.5	13
 -10.5	14.5
  -9.5	17
  -8.5	12
  -7.5	13
  -6.5	18
  -5.5	11
  -4.5	12
  -3.5	13
  -2.5	17
  -1.5	17
  -0.5	19
   0.5	13
   1.5	12
   2.5	17
   3.5	12
   4.5	14
   5.5	13
   6.5	12
   7.5	13
   8.5	17
   9.5	11.5
  10.5	21
  11.5	15
  12.5	14
  13.5	16
  14.5	19
  15.5	11
  16.5	9
  17.5	7
  18.5	17
  19.5	12
  20.5	7
  21.5	6
  22.5	11
  23.5	16
  24.5	10
  25.5	16
  26.5	13
  27.5	15
  28.5	12
  29.5	10
  30.5	11
  31.5	16
  32.5	10
  33.5	19
  34.5	20
  35.5	18
  36.5	20
  37.5	15
  38.5	19
  39.5	7
  40.5	11
  41.5	16
  42.5	25
  43.5	13
  44.5	18
  45.5	15.5
  46.5	14
  47.5	12
  48.5	16
  49.5	9
  50.5	11
  51.5	12
  52.5	15
  53.5	11
  54.5	15
  55.5	12
  56.5	6
  57.5	13
  58.5	8
  59.5	10
  60.5	19
  61.5	10
  62.5	10
  63.5	12
  64.5	16
  65.5	8
  66.5	16
  67.5	5
  68.5	16
  69.5	20
  70.5	12
  71.5	17
  72.5	9
  73.5	14
  74.5	12
  75.5	12
  76.5	14
  77.5	8
  78.5	9
  79.5	10
  80.5	14
  81.5	10
  82.5	12
  83.5	8
  84.5	12
  85.5	8
  86.5	10
  87.5	10
  88.5	15
  89.5	16
  90.5	9
  91.5	9
  92.5	18
  93.5	5
  94.5	10
  95.5	15
  96.5	10
  97.5	4
  98.5	8
  99.5	10
 100.5	14
 101.5	13
 102.5	13
 103.5	9
 104.5	11.5
 105.5	12
 106.5	11
 107.5	9
 108.5	6.5
 109.5	10.5
 110.5	10.5
 111.5	10
 112.5	8
 113.5	5
 114.5	3
 115.5	10
 116.5	16
 117.5	10
 118.5	10
 119.5	13
 120.5	9
 121.5	9
 122.5	9
 123.5	18
 124.5	9
 125.5	10
 126.5	10
 127.5	14
 128.5	12
 129.5	9
 130.5	3
 131.5	10
 132.5	11
 133.5	7
 134.5	9
 135.5	10
 136.5	11
 137.5	11
 138.5	9
 139.5	14.3333
 140.5	8
 141.5	18
 142.5	14
 143.5	11.3333
 144.5	12
 145.5	13
 146.5	13
 147.5	7.33333
DB 2 MOTIF	HNF1B_HUMAN.H11MO.1.A
-149.5	8
-148.5	10.5
-147.5	15.5
-146.5	10
-145.5	8.5
-144.5	13
-143.5	13.5
-142.5	10
-141.5	12
-140.5	12
-139.5	12
-138.5	6
-137.5	10.5
-136.5	10
-135.5	14
-134.5	10
-133.5	8
-132.5	13
-131.5	8
-130.5	15
-129.5	13
-128.5	12.5
-127.5	11
-126.5	10
-125.5	8
-124.5	16.5
-123.5	16
-122.5	7
-121.5	13
-120.5	14
-119.5	17
-118.5	9
-117.5	11
-116.5	14
-115.5	14
-114.5	8
-113.5	4
-112.5	12
-111.5	13
-110.5	10
-109.5	15
-108.5	11
-107.5	12
-106.5	12
-105.5	7
-104.5	13
-103.5	6
-102.5	9
-101.5	9
-100.5	9
 -99.5	11
 -98.5	15
 -97.5	12
 -96.5	13
 -95.5	10
 -94.5	11
 -93.5	15
 -92.5	12
 -91.5	9
 -90.5	15
 -89.5	9
 -88.5	16.5
 -87.5	7
 -86.5	11
 -85.5	8
 -84.5	18
 -83.5	10
 -82.5	12
 -81.5	12
 -80.5	15
 -79.5	7
 -78.5	9
 -77.5	14
 -76.5	9
 -75.5	12.5
 -74.5	18
 -73.5	15
 -72.5	14.5
 -71.5	12
 -70.5	9
 -69.5	17
 -68.5	13
 -67.5	12
 -66.5	15
 -65.5	20
 -64.5	11
 -63.5	15
 -62.5	9
 -61.5	16.5
 -60.5	17
 -59.5	10
 -58.5	11
 -57.5	21
 -56.5	16
 -55.5	11
 -54.5	12
 -53.5	17
 -52.5	10
 -51.5	14
 -50.5	15
 -49.5	11
 -48.5	16
 -47.5	10
 -46.5	20
 -45.5	19
 -44.5	16
 -43.5	17
 -42.5	15
 -41.5	14
 -40.5	17.5
 -39.5	17
 -38.5	17
 -37.5	14
 -36.5	19
 -35.5	9
 -34.5	13
 -33.5	23
 -32.5	13
 -31.5	13
 -30.5	8
 -29.5	18
 -28.5	11
 -27.5	10
 -26.5	12
 -25.5	9
 -24.5	12
 -23.5	13
 -22.5	19
 -21.5	14
 -20.5	10.5
 -19.5	13
 -18.5	12
 -17.5	9
 -16.5	8
 -15.5	6
 -14.5	14
 -13.5	13
 -12.5	13
 -11.5	12
 -10.5	13
  -9.5	13.5
  -8.5	13
  -7.5	15
  -6.5	15
  -5.5	17
  -4.5	14
  -3.5	12
  -2.5	13
  -1.5	11
  -0.5	16
   0.5	14
   1.5	12
   2.5	7
   3.5	10
   4.5	17
   5.5	16
   6.5	17
   7.5	15
   8.5	14
   9.5	10
  10.5	18
  11.5	11.5
  12.5	17.5
  13.5	21
  14.5	16
  15.5	12.5
  16.5	18
  17.5	12
  18.5	9
  19.5	11
  20.5	13
  21.5	17
  22.5	13
  23.5	12
  24.5	7
  25.5	21
  26.5	16
  27.5	17
  28.5	9
  29.5	11
  30.5	11
  31.5	15
  32.5	16
  33.5	13
  34.5	14
  35.5	13
  36.5	20
  37.5	8
  38.5	20
  39.5	12.5
  40.5	23
  41.5	10
  42.5	15.5
  43.5	11.5
  44.5	17
  45.5	15
  46.5	12
  47.5	19
  48.5	10
  49.5	16.5
  50.5	16
  51.5	14
  52.5	15
  53.5	13
  54.5	7
  55.5	16.5
  56.5	13
  57.5	14
  58.5	13
  59.5	17
  60.5	10
  61.5	10
  62.5	14
  63.5	6
  64.5	13
  65.5	8
  66.5	16.5
  67.5	18
  68.5	13
  69.5	13.5
  70.5	8
  71.5	13
  72.5	6
  73.5	19
  74.5	15
  75.5	17
  76.5	9
  77.5	11
  78.5	13
  79.5	14
  80.5	9
  81.5	11
  82.5	9
  83.5	9
  84.5	14
  85.5	13
  86.5	10
  87.5	14
  88.5	9
  89.5	11
  90.5	11
  91.5	13
  92.5	13.5
  93.5	15
  94.5	17
  95.5	8
  96.5	7
  97.5	16
  98.5	9
  99.5	7
 100.5	12
 101.5	9
 102.5	14
 103.5	14
 104.5	12
 105.5	10
 106.5	9
 107.5	19
 108.5	8.5
 109.5	10
 110.5	9
 111.5	13.5
 112.5	10
 113.5	19
 114.5	15
 115.5	9
 116.5	4
 117.5	14
 118.5	11
 119.5	13
 120.5	7
 121.5	15
 122.5	15
 123.5	4
 124.5	14
 125.5	13
 126.5	11
 127.5	13
 128.5	8
 129.5	13
 130.5	11
 131.5	5
 132.5	3
 133.5	12
 134.5	16
 135.5	14
 136.5	12
 137.5	8
 138.5	11.5
 139.5	8.5
 140.5	16
 141.5	18
 142.5	15.5
 143.5	15
 144.5	11
 145.5	11
 146.5	9
 147.5	17
 148.5	19.5
 149.5	18.5
DB 2 MOTIF	HNF4A_HUMAN.H11MO.0.A
-148.0	6
-147.0	12
-146.0	18
-145.0	12
-144.0	13
-143.0	10
-142.0	8
-141.0	14
-140.0	15
-139.0	7
-138.0	9
-137.0	17
-136.0	12
-135.0	15
-134.0	15
-133.0	9
-132.0	14
-131.0	20
-130.0	19
-129.0	10
-128.0	16
-127.0	14
-126.0	11
-125.0	15
-124.0	11
-123.0	12
-122.0	12
-121.0	17
-120.0	12.5
-119.0	15.5
-118.0	14
-117.0	13
-116.0	11
-115.0	14
-114.0	16
-113.0	13
-112.0	13
-111.0	16
-110.0	16
-109.0	13.5
-108.0	16.5
-107.0	22
-106.0	15
-105.0	12
-104.0	18
-103.0	8
-102.0	15
-101.0	12
-100.0	19
 -99.0	13
 -98.0	12
 -97.0	16.5
 -96.0	20
 -95.0	16
 -94.0	12.25
 -93.0	15
 -92.0	17
 -91.0	22
 -90.0	21
 -89.0	20
 -88.0	12
 -87.0	14
 -86.0	16
 -85.0	21
 -84.0	17
 -83.0	15
 -82.0	19
 -81.0	17
 -80.0	15
 -79.0	27
 -78.0	13
 -77.0	16
 -76.0	18
 -75.0	20
 -74.0	13
 -73.0	17
 -72.0	21
 -71.0	23
 -70.0	22.8333
 -69.0	15
 -68.0	20
 -67.0	20
 -66.0	21
 -65.0	23
 -64.0	14
 -63.0	17
 -62.0	25
 -61.0	13
 -60.0	13.5
 -59.0	26
 -58.0	18
 -57.0	22
 -56.0	20
 -55.0	14
 -54.0	20
 -53.0	20
 -52.0	17
 -51.0	17
 -50.0	21
 -49.0	22.5
 -48.0	27
 -47.0	16
 -46.0	32
 -45.0	17
 -44.0	23
 -43.0	21
 -42.0	26
 -41.0	24
 -40.0	21
 -39.0	25
 -38.0	21.5
 -37.0	16.25
 -36.0	20.5
 -35.0	27
 -34.0	19
 -33.0	21
 -32.0	23
 -31.0	26
 -30.0	26
 -29.0	26
 -28.0	21
 -27.0	22
 -26.0	34
 -25.0	21
 -24.0	27
 -23.0	30
 -22.0	32
 -21.0	23
 -20.0	28
 -19.0	30
 -18.0	27
 -17.0	28.5
 -16.0	34
 -15.0	26
 -14.0	27
 -13.0	21
 -12.0	23
 -11.0	30
 -10.0	36
  -9.0	21
  -8.0	32
  -7.0	19
  -6.0	26
  -5.0	37.5
  -4.0	23
  -3.0	30.3333
  -2.0	30.5
  -1.0	22.3333
   0.0	26
   1.0	19
   2.0	32
   3.0	34
   4.0	41
   5.0	23
   6.0	36
   7.0	29
   8.0	27.5
   9.0	29.5
  10.0	23
  11.0	14
  12.0	27
  13.0	25
  14.0	31
  15.0	19
  16.0	28
  17.0	29
  18.0	25
  19.0	25
  20.0	36
  21.0	26.5
  22.0	21.5
  23.0	38.5
  24.0	27
  25.0	31
  26.0	31
  27.0	26.5
  28.0	29
  29.0	9
  30.0	29.5
  31.0	29
  32.0	25.3333
  33.0	27
  34.0	19
  35.0	29.5
  36.0	25
  37.0	22.5
  38.0	29
  39.0	25
  40.0	17
  41.0	26
  42.0	18
  43.0	22.5
  44.0	22
  45.0	22
  46.0	18
  47.0	32
  48.0	26
  49.0	27
  50.0	31
  51.0	29
  52.0	21
  53.0	20
  54.0	22.5
  55.0	27
  56.0	22
  57.0	16
  58.0	27
  59.0	10.5
  60.0	22
  61.0	29
  62.0	18
  63.0	24
  64.0	12.3333
  65.0	25.3333
  66.0	25
  67.0	19
  68.0	16.5
  69.0	18
  70.0	16
  71.0	16
  72.0	20
  73.0	18
  74.0	13
  75.0	23
  76.0	17
  77.0	20
  78.0	23
  79.0	10
  80.0	21
  81.0	17
  82.0	10
  83.0	15
  84.0	21
  85.0	17
  86.0	16
  87.0	12
  88.0	14.5
  89.0	16
  90.0	13
  91.0	16
  92.0	15
  93.0	20.5
  94.0	13
  95.0	20
  96.0	10
  97.0	11
  98.0	16
  99.0	8
 100.0	12
 101.0	10
 102.0	8
 103.0	22
 104.0	7
 105.0	17
 106.0	11.5
 107.0	6
 108.0	10.25
 109.0	15
 110.0	11
 111.0	12
 112.0	13.5
 113.0	11
 114.0	12
 115.0	13
 116.0	15
 117.0	25
 118.0	16
 119.0	11
 120.0	14
 121.0	17
 122.0	15
 123.0	8
 124.0	13
 125.0	11.25
 126.0	8
 127.0	9
 128.0	10
 129.0	20
 130.0	12
 131.0	11
 132.0	10
 133.0	10
 134.0	13
 135.0	5
 136.0	12
 137.0	5
 138.0	10
 139.0	19
 140.0	14
 141.0	8
 142.0	9
 143.0	11
 144.0	12
 145.0	8
 146.0	15
 147.0	19
 148.0	9
DB 2 MOTIF	HNF4G_HUMAN.H11MO.0.B
-148.0	5
-147.0	17
-146.0	25
-145.0	12
-144.0	11
-143.0	11
-142.0	6
-141.0	14
-140.0	14
-139.0	12
-138.0	12
-137.0	14
-136.0	11
-135.0	19
-134.0	13
-133.0	15
-132.0	17
-131.0	17
-130.0	18
-129.0	11.3333
-128.0	13.5
-127.0	16
-126.0	12
-125.0	16
-124.0	12
-123.0	15
-122.0	12
-121.0	14.5
-120.0	13
-119.0	19
-118.0	16
-117.0	23
-116.0	14
-115.0	17
-114.0	15
-113.0	20
-112.0	16
-111.0	14
-110.0	18
-109.0	14.5
-108.0	17.5
-107.0	22
-106.0	19
-105.0	13
-104.0	19
-103.0	9
-102.0	18
-101.0	14
-100.0	20.5
 -99.0	18
 -98.0	14
 -97.0	17.5
 -96.0	25
 -95.0	16
 -94.0	15.25
 -93.0	17
 -92.0	18
 -91.0	16
 -90.0	20.3333
 -89.0	21
 -88.0	11
 -87.0	22
 -86.0	15
 -85.0	26
 -84.0	19
 -83.0	19
 -82.0	22
 -81.0	20
 -80.0	15
 -79.0	25.5
 -78.0	12.3333
 -77.0	21
 -76.0	25
 -75.0	20
 -74.0	11.5
 -73.0	22
 -72.0	24
 -71.0	28
 -70.0	25
 -69.0	15
 -68.0	23
 -67.0	21
 -66.0	25
 -65.0	27
 -64.0	20
 -63.0	20.5
 -62.0	26
 -61.0	12.5
 -60.0	19
 -59.0	24
 -58.0	23
 -57.0	26.5
 -56.0	19.5
 -55.0	18
 -54.0	23
 -53.0	29
 -52.0	23
 -51.0	15.3333
 -50.0	23
 -49.0	26.5
 -48.0	31
 -47.0	18
 -46.0	31
 -45.0	15
 -44.0	24
 -43.0	18
 -42.0	22
 -41.0	28
 -40.0	23
 -39.0	26
 -38.0	24.5
 -37.0	18.25
 -36.0	26
 -35.0	34
 -34.0	22
 -33.0	27
 -32.0	26.5
 -31.0	23.5
 -30.0	25
 -29.0	23
 -28.0	23.5
 -27.0	27
 -26.0	34
 -25.0	27
 -24.0	30
 -23.0	32
 -22.0	33
 -21.0	25
 -20.0	31
 -19.0	30.5
 -18.0	30
 -17.0	30
 -16.0	35.5
 -15.0	24.5
 -14.0	29.5
 -13.0	25
 -12.0	28
 -11.0	26.3333
 -10.0	38
  -9.0	26
  -8.0	35
  -7.0	21
  -6.0	32
  -5.0	41.5
  -4.0	28
  -3.0	30
  -2.0	29
  -1.0	22.3333
   0.0	26
   1.0	17
   2.0	28
   3.0	34
   4.0	42
   5.0	27
   6.0	38
   7.0	31
   8.0	30.5
   9.0	30
  10.0	24
  11.0	19
  12.0	27
  13.0	30
  14.0	35.5
  15.0	21
  16.0	37
  17.0	33.5
  18.0	28
  19.0	28
  20.0	38
  21.0	33
  22.0	25.5
  23.0	43
  24.0	27
  25.0	37
  26.0	33
  27.0	31
  28.0	34
  29.0	13
  30.0	30
  31.0	30
  32.0	29.3333
  33.0	25
  34.0	20
  35.0	29.5
  36.0	26
  37.0	23.5
  38.0	34
  39.0	27
  40.0	19
  41.0	29.5
  42.0	30
  43.0	24.5
  44.0	19
  45.0	23
  46.0	19.5
  47.0	37
  48.0	23
  49.0	28
  50.0	35
  51.0	27.5
  52.0	20.5
  53.0	21
  54.0	28.5
  55.0	29
  56.0	23.3333
  57.0	17
  58.0	27
  59.0	12
  60.0	25
  61.0	28
  62.0	21
  63.0	27
  64.0	18
  65.0	26.3333
  66.0	28
  67.0	19
  68.0	20.5
  69.0	19
  70.0	15
  71.0	20
  72.0	22
  73.0	16.5
  74.0	15
  75.0	24
  76.0	17
  77.0	24
  78.0	27
  79.0	11
  80.0	21
  81.0	23
  82.0	9
  83.0	15
  84.0	30
  85.0	15
  86.0	21.5
  87.0	14
  88.0	20
  89.0	18
  90.0	15
  91.0	12
  92.0	17
  93.0	22
  94.0	19
  95.0	18
  96.0	15
  97.0	15
  98.0	13
  99.0	6
 100.0	20
 101.0	12
 102.0	9
 103.0	24
 104.0	10
 105.0	19
 106.0	12
 107.0	8
 108.0	12.25
 109.0	19
 110.0	16
 111.0	12.5
 112.0	14
 113.0	12
 114.0	16
 115.0	11
 116.0	18
 117.0	27
 118.0	12
 119.0	12
 120.0	14
 121.0	19
 122.0	20
 123.0	11
 124.0	15
 125.0	12.25
 126.0	8
 127.0	9
 128.0	11
 129.0	22
 130.0	13
 131.0	18
 132.0	18
 133.0	13
 134.0	16
 135.0	7
 136.0	10
 137.0	9
 138.0	11
 139.0	21
 140.0	16
 141.0	9
 142.0	14
 143.0	13
 144.0	16.5
 145.0	8
 146.0	15
 147.0	23
 148.0	14.5
DB 2 MOTIF	HNF6_HUMAN.H11MO.0.B
-149.5	8
-148.5	8
-147.5	11
-146.5	8
-145.5	3
-144.5	6
-143.5	6
-142.5	15
-141.5	13
-140.5	8
-139.5	5
-138.5	4
-137.5	2
-136.5	4
-135.5	6
-134.5	5
-133.5	4
-132.5	6
-131.5	8
-130.5	1
-129.5	10
-128.5	6
-127.5	4
-126.5	4
-125.5	5.5
-124.5	4
-123.5	8
-122.5	5
-121.5	7
-120.5	9
-119.5	6
-118.5	7
-117.5	7
-116.5	5
-115.5	6
-114.5	4
-113.5	8
-112.5	6
-111.5	12
-110.5	6
-109.5	6
-108.5	8
-107.5	4
-106.5	5
-105.5	10
-104.5	4
-103.5	3
-102.5	9
-101.5	6
-100.5	3
 -99.5	6
 -98.5	8
 -97.5	4
 -96.5	8
 -95.5	10
 -94.5	6
 -93.5	6
 -92.5	9
 -91.5	11
 -90.5	4
 -89.5	6
 -88.5	13
 -87.5	5
 -86.5	3
 -85.5	8
 -84.5	8.5
 -83.5	9
 -82.5	10
 -81.5	8
 -80.5	10
 -79.5	8
 -78.5	11
 -77.5	9
 -76.5	6
 -75.5	2
 -74.5	6
 -73.5	6
 -72.5	13.5
 -71.5	7
 -70.5	9
 -69.5	7
 -68.5	12
 -67.5	7
 -66.5	11
 -65.5	13
 -64.5	6
 -63.5	14
 -62.5	7
 -61.5	8
 -60.5	9
 -59.5	9
 -58.5	7
 -57.5	13
 -56.5	12
 -55.5	8
 -54.5	12
 -53.5	7
 -52.5	9.5
 -51.5	8
 -50.5	11
 -49.5	7
 -48.5	7
 -47.5	12
 -46.5	5.5
 -45.5	14
 -44.5	13
 -43.5	15
 -42.5	14
 -41.5	10
 -40.5	12
 -39.5	13
 -38.5	9
 -37.5	11
 -36.5	11
 -35.5	9
 -34.5	11
 -33.5	15
 -32.5	13
 -31.5	7
 -30.5	12
 -29.5	13.5
 -28.5	17
 -27.5	11
 -26.5	7.5
 -25.5	8
 -24.5	12.5
 -23.5	12
 -22.5	9
 -21.5	9
 -20.5	11
 -19.5	9
 -18.5	13
 -17.5	13.5
 -16.5	10
 -15.5	9
 -14.5	15
 -13.5	8
 -12.5	5
 -11.5	9
 -10.5	16
  -9.5	8
  -8.5	14
  -7.5	15.5
  -6.5	13
  -5.5	15
  -4.5	18
  -3.5	14
  -2.5	15.5
  -1.5	16
  -0.5	8
   0.5	12
   1.5	14
   2.5	19
   3.5	13
   4.5	7
   5.5	15.5
   6.5	8
   7.5	10
   8.5	15
   9.5	11
  10.5	11
  11.5	13
  12.5	11
  13.5	12
  14.5	15
  15.5	15
  16.5	7
  17.5	23
  18.5	18
  19.5	15
  20.5	12
  21.5	9
  22.5	12
  23.5	15
  24.5	14
  25.5	19
  26.5	11
  27.5	8
  28.5	11
  29.5	12
  30.5	9
  31.5	6
  32.5	18
  33.5	14
  34.5	15
  35.5	9
  36.5	9
  37.5	9
  38.5	14
  39.5	7
  40.5	16
  41.5	6
  42.5	8
  43.5	6
  44.5	8
  45.5	17
  46.5	5
  47.5	6
  48.5	14
  49.5	8
  50.5	9
  51.5	5
  52.5	18
  53.5	5
  54.5	9
  55.5	13
  56.5	7
  57.5	12
  58.5	13
  59.5	8
  60.5	10
  61.5	10
  62.5	4
  63.5	6
  64.5	6
  65.5	2
  66.5	11
  67.5	12
  68.5	8
  69.5	7
  70.5	6
  71.5	7
  72.5	6
  73.5	7
  74.5	9
  75.5	4
  76.5	10
  77.5	4
  78.5	12
  79.5	6
  80.5	12
  81.5	9
  82.5	10
  83.5	8
  84.5	6
  85.5	9
  86.5	5
  87.5	9
  88.5	11
  89.5	8
  90.5	2
  91.5	13
  92.5	8
  93.5	11
  94.5	6
  95.5	9
  96.5	5
  97.5	8
  98.5	6
  99.5	11
 100.5	6
 101.5	10
 102.5	10
 103.5	8
 104.5	11
 105.5	9
 106.5	2
 107.5	5.5
 108.5	7
 109.5	5
 110.5	1
 111.5	4
 112.5	11
 113.5	6
 114.5	11
 115.5	5
 116.5	2
 117.5	8
 118.5	8
 119.5	3
 120.5	7
 121.5	5
 122.5	13
 123.5	10
 124.5	8
 125.5	5
 126.5	10
 127.5	1
 128.5	9
 129.5	7
 130.5	6
 131.5	4
 132.5	6
 133.5	4
 134.5	5
 135.5	4
 136.5	7
 137.5	5
 138.5	4
 139.5	10
 140.5	6
 141.5	8
 142.5	4
 143.5	4
 144.5	6
 145.5	9
 146.5	8
 147.5	8
 148.5	8.5
 149.5	7
DB 2 MOTIF	HXA1_HUMAN.H11MO.0.C
-150.0	3.5
-149.0	7
-148.0	10
-147.0	8.5
-146.0	9
-145.0	7
-144.0	7
-143.0	10.5
-142.0	3
-141.0	6.33333
-140.0	2
-139.0	5
-138.0	6
-137.0	11.3333
-136.0	6
-135.0	14
-134.0	6
-133.0	11
-132.0	8
-131.0	4
-130.0	4
-129.0	4.5
-128.0	5
-127.0	5
-126.0	6
-125.0	10
-124.0	4
-123.0	13
-122.0	3.5
-121.0	9
-120.0	3
-119.0	5
-118.0	11.5
-117.0	4
-116.0	11
-115.0	8
-114.0	18
-113.0	9
-112.0	9
-111.0	9
-110.0	3.5
-109.0	7
-108.0	5
-107.0	6
-106.0	6
-105.0	3
-104.0	5
-103.0	5
-102.0	3.5
-101.0	6
-100.0	4.5
 -99.0	7
 -98.0	8
 -97.0	13
 -96.0	9
 -95.0	12
 -94.0	5
 -93.0	10
 -92.0	13.5
 -91.0	12
 -90.0	9
 -89.0	6
 -88.0	6
 -87.0	12
 -86.0	4
 -85.0	6
 -84.0	7.33333
 -83.0	12
 -82.0	7
 -81.0	7
 -80.0	7.33333
 -79.0	8
 -78.0	14
 -77.0	7
 -76.0	8.33333
 -75.0	10
 -74.0	8
 -73.0	9
 -72.0	5
 -71.0	9
 -70.0	7
 -69.0	7
 -68.0	14
 -67.0	5.25
 -66.0	7
 -65.0	6
 -64.0	15
 -63.0	3.25
 -62.0	7
 -61.0	6
 -60.0	9
 -59.0	3.25
 -58.0	8
 -57.0	9
 -56.0	4
 -55.0	4.75
 -54.0	7
 -53.0	9
 -52.0	7
 -51.0	12
 -50.0	13
 -49.0	8
 -48.0	10
 -47.0	10
 -46.0	14
 -45.0	9
 -44.0	8
 -43.0	5
 -42.0	6
 -41.0	11
 -40.0	9
 -39.0	10
 -38.0	7
 -37.0	10
 -36.0	7
 -35.0	9
 -34.0	9
 -33.0	8
 -32.0	8
 -31.0	6
 -30.0	8
 -29.0	16
 -28.0	15
 -27.0	9.5
 -26.0	7
 -25.0	13
 -24.0	13.25
 -23.0	9.5
 -22.0	12
 -21.0	5
 -20.0	10.25
 -19.0	10
 -18.0	7.5
 -17.0	15
 -16.0	8.75
 -15.0	11
 -14.0	7
 -13.0	8
 -12.0	8.25
 -11.0	3
 -10.0	7
  -9.0	13
  -8.0	12
  -7.0	10
  -6.0	12
  -5.0	6
  -4.0	11
  -3.0	8
  -2.0	12.8333
  -1.0	12
   0.0	8
   1.0	5
   2.0	5.5
   3.0	8
   4.0	12
   5.0	5
   6.0	12
   7.0	8.33333
   8.0	7
   9.0	9
  10.0	10
  11.0	7
  12.0	13
  13.0	14
  14.0	9
  15.0	9
  16.0	11
  17.0	7
  18.0	15
  19.0	5
  20.0	9
  21.0	7
  22.0	18
  23.0	6
  24.0	13
  25.0	2
  26.0	6
  27.0	7
  28.0	3
  29.0	9
  30.0	9
  31.0	2
  32.0	12
  33.0	6
  34.0	9
  35.0	12
  36.0	11
  37.0	5
  38.0	7
  39.0	8
  40.0	8
  41.0	12
  42.0	12
  43.0	5.5
  44.0	10
  45.0	7
  46.0	12
  47.0	4
  48.0	7
  49.0	9
  50.0	9
  51.0	10
  52.0	8
  53.0	8
  54.0	8
  55.0	5
  56.0	4
  57.0	13
  58.0	6
  59.0	7
  60.0	9
  61.0	9
  62.0	5.33333
  63.0	7.33333
  64.0	11
  65.0	12
  66.0	11
  67.0	15.3333
  68.0	11
  69.0	8
  70.0	11
  71.0	6.33333
  72.0	9
  73.0	6
  74.0	5
  75.0	5
  76.0	6
  77.0	6
  78.0	6
  79.0	11
  80.0	11
  81.0	4
  82.0	10
  83.0	16
  84.0	8
  85.0	8
  86.0	4
  87.0	9
  88.0	7
  89.0	11.5
  90.0	8
  91.0	8
  92.0	9
  93.0	6
  94.0	6
  95.0	9
  96.0	7
  97.0	7
  98.0	8
  99.0	15
 100.0	4
 101.0	9
 102.0	7
 103.0	9
 104.0	6
 105.0	7
 106.0	10
 107.0	7
 108.0	12
 109.0	4
 110.0	5
 111.0	4
 112.0	6
 113.0	4
 114.0	8
 115.0	4
 116.0	6
 117.0	6
 118.0	10
 119.0	11.5
 120.0	7
 121.0	4
 122.0	6
 123.0	5
 124.0	11
 125.0	5.5
 126.0	11
 127.0	12.5
 128.0	6
 129.0	2
 130.0	6
 131.0	7
 132.0	6.5
 133.0	12
 134.0	3.33333
 135.0	12
 136.0	8
 137.0	7
 138.0	7
 139.0	4
 140.0	9
 141.0	4
 142.0	11
 143.0	6.5
 144.0	6
 145.0	14
 146.0	6
 147.0	7
 148.0	9
 149.0	8
 150.0	6
DB 2 MOTIF	HXB4_HUMAN.H11MO.0.B
-151.0	11.5
-150.0	17
-149.0	17
-148.0	18
-147.0	20.5
-146.0	16
-145.0	26
-144.0	18.5
-143.0	21
-142.0	26
-141.0	15.5
-140.0	15
-139.0	14
-138.0	21
-137.0	18.5
-136.0	23.5
-135.0	19
-134.0	14
-133.0	19
-132.0	18
-131.0	18
-130.0	21
-129.0	7
-128.0	25
-127.0	16.5
-126.0	24
-125.0	24.5
-124.0	16
-123.0	23.5
-122.0	21
-121.0	9.5
-120.0	14
-119.0	15
-118.0	15.3333
-117.0	18
-116.0	20
-115.0	14.5
-114.0	16
-113.0	20.5
-112.0	18
-111.0	15.5
-110.0	10.5
-109.0	23
-108.0	15
-107.0	18.5
-106.0	18.5
-105.0	13
-104.0	17
-103.0	19
-102.0	22
-101.0	17.5
-100.0	19
 -99.0	19
 -98.0	32.5
 -97.0	18
 -96.0	18.5
 -95.0	24
 -94.0	18
 -93.0	19.5
 -92.0	20
 -91.0	21
 -90.0	20.5
 -89.0	20
 -88.0	27
 -87.0	22
 -86.0	18
 -85.0	16
 -84.0	17
 -83.0	16
 -82.0	15.5
 -81.0	21
 -80.0	16.5
 -79.0	18
 -78.0	13
 -77.0	13
 -76.0	21
 -75.0	27.5
 -74.0	17
 -73.0	17
 -72.0	27
 -71.0	18
 -70.0	24
 -69.0	21
 -68.0	18
 -67.0	25
 -66.0	15
 -65.0	18
 -64.0	14
 -63.0	18
 -62.0	21
 -61.0	23
 -60.0	20.5
 -59.0	21
 -58.0	17
 -57.0	12
 -56.0	18.5
 -55.0	20
 -54.0	15
 -53.0	18
 -52.0	17.3333
 -51.0	20
 -50.0	27
 -49.0	22.5
 -48.0	17
 -47.0	20
 -46.0	23
 -45.0	21.5
 -44.0	17.5
 -43.0	27
 -42.0	18.5
 -41.0	18.5
 -40.0	13
 -39.0	20
 -38.0	17.5
 -37.0	24
 -36.0	19
 -35.0	19.5
 -34.0	23
 -33.0	17
 -32.0	29
 -31.0	14
 -30.0	23
 -29.0	22
 -28.0	21
 -27.0	17.5
 -26.0	26.5
 -25.0	19
 -24.0	26
 -23.0	21.5
 -22.0	25
 -21.0	26
 -20.0	15
 -19.0	24
 -18.0	24
 -17.0	25
 -16.0	19
 -15.0	23
 -14.0	19
 -13.0	20
 -12.0	13
 -11.0	19
 -10.0	26
  -9.0	21
  -8.0	24
  -7.0	13
  -6.0	14
  -5.0	16
  -4.0	16.5
  -3.0	20
  -2.0	31.5
  -1.0	25
   0.0	24
   1.0	20
   2.0	18
   3.0	26.5
   4.0	19
   5.0	28.3333
   6.0	31.5
   7.0	25
   8.0	14.5
   9.0	17
  10.0	17
  11.0	26.5
  12.0	18
  13.0	30
  14.0	23
  15.0	20
  16.0	19
  17.0	22
  18.0	16
  19.0	14
  20.0	18
  21.0	29
  22.0	14
  23.0	18
  24.0	16
  25.0	30
  26.0	19
  27.0	21
  28.0	25.5
  29.0	19
  30.0	22.5
  31.0	26
  32.0	20
  33.0	16
  34.0	25
  35.0	19
  36.0	16
  37.0	20
  38.0	20.5
  39.0	21
  40.0	19
  41.0	25.5
  42.0	21.5
  43.0	14
  44.0	21
  45.0	24.5
  46.0	22.5
  47.0	22
  48.0	14.5
  49.0	18
  50.0	24
  51.0	24.5
  52.0	24
  53.0	18
  54.0	23
  55.0	24
  56.0	24
  57.0	24
  58.0	19
  59.0	20
  60.0	16.5
  61.0	19.5
  62.0	27
  63.0	16.5
  64.0	15
  65.0	12
  66.0	25.5
  67.0	25
  68.0	26.5
  69.0	23
  70.0	24
  71.0	23
  72.0	19
  73.0	23
  74.0	21
  75.0	28
  76.0	22.5
  77.0	19.5
  78.0	19
  79.0	25.5
  80.0	17
  81.0	24
  82.0	15
  83.0	16
  84.0	17.5
  85.0	23
  86.0	19
  87.0	18.5
  88.0	17
  89.0	21
  90.0	17
  91.0	21
  92.0	19.5
  93.0	16.5
  94.0	21
  95.0	20
  96.0	18
  97.0	19.5
  98.0	22
  99.0	16
 100.0	22
 101.0	31
 102.0	18
 103.0	17.5
 104.0	14
 105.0	20.5
 106.0	14
 107.0	10
 108.0	16
 109.0	23
 110.0	18
 111.0	17
 112.0	24
 113.0	25
 114.0	19
 115.0	21.5
 116.0	17
 117.0	20
 118.0	18.5
 119.0	18
 120.0	19
 121.0	13.5
 122.0	21
 123.0	31
 124.0	17.5
 125.0	23
 126.0	17
 127.0	19
 128.0	15.5
 129.0	17.5
 130.0	18
 131.0	15
 132.0	18
 133.0	8
 134.0	12
 135.0	13.5
 136.0	18
 137.0	10.5
 138.0	24
 139.0	10
 140.0	18
 141.0	20
 142.0	11.5
 143.0	14.5
 144.0	12
 145.0	17
 146.0	19
 147.0	22
 148.0	13.5
 149.0	22
 150.0	19
 151.0	21.5
DB 2 MOTIF	HXB7_HUMAN.H11MO.0.C
-150.0	4
-149.0	3
-148.0	3
-147.0	12
-146.0	6
-145.0	3
-144.0	6
-143.0	8
-142.0	3
-141.0	3
-140.0	7
-139.0	3
-138.0	3
-137.0	10
-136.0	1.33333
-135.0	10
-134.0	3.33333
-133.0	6
-132.0	7.33333
-131.0	2
-130.0	4
-129.0	4
-128.0	4
-127.0	6
-126.0	2
-125.0	5
-124.0	6
-123.0	9
-122.0	9
-121.0	9
-120.0	6
-119.0	6
-118.0	9.5
-117.0	7
-116.0	5
-115.0	5
-114.0	7
-113.0	4
-112.0	6
-111.0	6
-110.0	2
-109.0	3
-108.0	4
-107.0	2
-106.0	2
-105.0	5
-104.0	8
-103.0	3
-102.0	2.5
-101.0	6
-100.0	2
 -99.0	8.5
 -98.0	3
 -97.0	5
 -96.0	5
 -95.0	2
 -94.0	3
 -93.0	8
 -92.0	10
 -91.0	3
 -90.0	5
 -89.0	4
 -88.0	4
 -87.0	6.5
 -86.0	2
 -85.0	4
 -84.0	3.33333
 -83.0	4
 -82.0	6
 -81.0	6
 -80.0	5.33333
 -79.0	7
 -78.0	9
 -77.0	8.5
 -76.0	5
 -75.0	7.5
 -74.0	8
 -73.0	3
 -72.0	6
 -71.0	5
 -70.0	4
 -69.0	3
 -68.0	8
 -67.0	5
 -66.0	6
 -65.0	3
 -64.0	6
 -63.0	6
 -62.0	6
 -61.0	8
 -60.0	7
 -59.0	3
 -58.0	5
 -57.0	4
 -56.0	4
 -55.0	3
 -54.0	3
 -53.0	2
 -52.0	2
 -51.0	3
 -50.0	6
 -49.0	4
 -48.0	7
 -47.0	7
 -46.0	9
 -45.0	6
 -44.0	5
 -43.0	3.5
 -42.0	6
 -41.0	8
 -40.0	3
 -39.0	4
 -38.0	13
 -37.0	6
 -36.0	9
 -35.0	6
 -34.0	5
 -33.0	6
 -32.0	5
 -31.0	3
 -30.0	3
 -29.0	7
 -28.0	8
 -27.0	9
 -26.0	5
 -25.0	5
 -24.0	10.25
 -23.0	6.5
 -22.0	6
 -21.0	11
 -20.0	10.25
 -19.0	7
 -18.0	2
 -17.0	7
 -16.0	6.25
 -15.0	3
 -14.0	11
 -13.0	6
 -12.0	8.25
 -11.0	5
 -10.0	7
  -9.0	4
  -8.0	6
  -7.0	7
  -6.0	5
  -5.0	6
  -4.0	9
  -3.0	8
  -2.0	6
  -1.0	6
   0.0	6
   1.0	3
   2.0	4
   3.0	6
   4.0	6
   5.0	4
   6.0	5
   7.0	5
   8.0	8
   9.0	6
  10.0	9
  11.0	5
  12.0	5
  13.0	10
  14.0	4
  15.0	9
  16.0	6.5
  17.0	4
  18.0	10.5
  19.0	4
  20.0	7
  21.0	4
  22.0	8
  23.0	9
  24.0	3.5
  25.0	3
  26.0	6
  27.0	6
  28.0	4
  29.0	3
  30.0	8
  31.0	9
  32.0	4
  33.0	7
  34.0	6
  35.0	6
  36.0	4
  37.0	5
  38.0	10
  39.0	6
  40.0	6
  41.0	11
  42.0	11
  43.0	5
  44.0	4
  45.0	7
  46.0	9
  47.0	5.5
  48.0	7.5
  49.0	3.5
  50.0	4
  51.0	5
  52.0	5
  53.0	4
  54.0	6
  55.0	5
  56.0	3
  57.0	6
  58.0	6
  59.0	5
  60.0	8
  61.0	2
  62.0	4
  63.0	5
  64.0	3
  65.0	8
  66.0	4
  67.0	4
  68.0	7
  69.0	4
  70.0	8
  71.0	4
  72.0	2
  73.0	4
  74.0	12
  75.0	3
  76.0	2
  77.0	2
  78.0	8
  79.0	5
  80.0	6
  81.0	5
  82.0	9
  83.0	5
  84.0	4
  85.0	3
  86.0	5
  87.0	4.5
  88.0	2
  89.0	4
  90.0	5
  91.0	3
  92.0	8
  93.0	6
  94.0	1
  95.0	5
  96.0	5
  97.0	5
  98.0	5
  99.0	4
 100.0	2
 101.0	5
 102.0	7
 103.0	6.5
 104.0	5
 105.0	3
 106.0	4
 107.0	3
 108.0	7
 109.0	2
 110.0	5
 111.0	4
 112.0	4
 113.0	0
 114.0	6
 115.0	6
 116.0	3
 117.0	2
 118.0	8
 119.0	1
 120.0	7
 121.0	4
 122.0	8
 123.0	5
 124.0	8
 125.0	3
 126.0	5
 127.0	0
 128.0	5
 129.0	3
 130.0	4
 131.0	3
 132.0	6
 133.0	6
 134.0	3.33333
 135.0	4
 136.0	3
 137.0	7
 138.0	4.5
 139.0	9
 140.0	7
 141.0	5
 142.0	2
 143.0	4.5
 144.0	6
 145.0	1
 146.0	6.33333
 147.0	9
 148.0	3.33333
 149.0	5
 150.0	4.33333
DB 2 MOTIF	ISL1_HUMAN.H11MO.0.A
-150.5	21
-149.5	28
-148.5	22.5
-147.5	28
-146.5	17
-145.5	21
-144.5	25.5
-143.5	17.5
-142.5	22
-141.5	20
-140.5	24.5
-139.5	15
-138.5	27
-137.5	21.5
-136.5	28.5
-135.5	27
-134.5	13.5
-133.5	27
-132.5	28
-131.5	22
-130.5	17
-129.5	16
-128.5	18.5
-127.5	31
-126.5	24.5
-125.5	26.5
-124.5	19.5
-123.5	27
-122.5	19.5
-121.5	29
-120.5	24.3333
-119.5	22
-118.5	18
-117.5	20
-116.5	22
-115.5	29
-114.5	23
-113.5	15
-112.5	23.5
-111.5	19
-110.5	25
-109.5	30
-108.5	24
-107.5	15.5
-106.5	27.5
-105.5	22
-104.5	24.5
-103.5	28
-102.5	22
-101.5	21
-100.5	17
 -99.5	21
 -98.5	22
 -97.5	19.5
 -96.5	15.5
 -95.5	22
 -94.5	27
 -93.5	22
 -92.5	20.1429
 -91.5	35
 -90.5	27
 -89.5	19.5
 -88.5	22.5
 -87.5	25.5
 -86.5	23
 -85.5	32
 -84.5	21.8333
 -83.5	26.5
 -82.5	26
 -81.5	25.5
 -80.5	28.5
 -79.5	31
 -78.5	26
 -77.5	19
 -76.5	28
 -75.5	22
 -74.5	23.5
 -73.5	15
 -72.5	33
 -71.5	21
 -70.5	37
 -69.5	28
 -68.5	26.5
 -67.5	11
 -66.5	22
 -65.5	20.5
 -64.5	25
 -63.5	21
 -62.5	15.5
 -61.5	31
 -60.5	18
 -59.5	27
 -58.5	30
 -57.5	16.5
 -56.5	24
 -55.5	25.5
 -54.5	29.5
 -53.5	18
 -52.5	23.5
 -51.5	24.5
 -50.5	33.1429
 -49.5	27
 -48.5	26
 -47.5	21
 -46.5	27
 -45.5	24
 -44.5	18.5
 -43.5	26.5
 -42.5	24
 -41.5	24
 -40.5	22.5
 -39.5	27
 -38.5	24.5
 -37.5	17.5
 -36.5	26
 -35.5	23
 -34.5	22
 -33.5	36
 -32.5	30
 -31.5	26.1429
 -30.5	28.8333
 -29.5	25
 -28.5	30
 -27.5	25.5
 -26.5	26
 -25.5	29
 -24.5	34
 -23.5	24
 -22.5	22.5
 -21.5	32
 -20.5	21
 -19.5	19
 -18.5	30
 -17.5	40
 -16.5	29
 -15.5	20
 -14.5	31
 -13.5	28
 -12.5	27.6429
 -11.5	22.5
 -10.5	30
  -9.5	25
  -8.5	26.5
  -7.5	27
  -6.5	22.5
  -5.5	23
  -4.5	27.5
  -3.5	17
  -2.5	38.5
  -1.5	25
  -0.5	22
   0.5	25
   1.5	19
   2.5	22
   3.5	24.5
   4.5	28
   5.5	28
   6.5	29
   7.5	43
   8.5	20
   9.5	17
  10.5	31
  11.5	27
  12.5	28.5
  13.5	35
  14.5	24.5
  15.5	18
  16.5	23
  17.5	28
  18.5	28
  19.5	32.5
  20.5	22
  21.5	30
  22.5	22.5
  23.5	37.5
  24.5	26
  25.5	27
  26.5	19.5
  27.5	18.5
  28.5	25
  29.5	35
  30.5	29.5
  31.5	23.5
  32.5	25.5
  33.5	25
  34.5	24
  35.5	25
  36.5	26
  37.5	22
  38.5	19
  39.5	29
  40.5	18
  41.5	16.5
  42.5	17
  43.5	28
  44.5	22
  45.5	33.5
  46.5	31.6429
  47.5	24.5
  48.5	35
  49.5	20.5
  50.5	29
  51.5	31
  52.5	26.5
  53.5	17
  54.5	32
  55.5	27.5
  56.5	25.5
  57.5	32
  58.5	26
  59.5	29.5
  60.5	17
  61.5	25.5
  62.5	31.5
  63.5	25
  64.5	23
  65.5	13
  66.5	31
  67.5	26
  68.5	34
  69.5	22.5
  70.5	24
  71.5	31
  72.5	22
  73.5	22.5
  74.5	29.5
  75.5	28
  76.5	27
  77.5	20
  78.5	20
  79.5	22
  80.5	23
  81.5	22
  82.5	24
  83.5	24
  84.5	28
  85.5	26.5
  86.5	38
  87.5	18
  88.5	26.5
  89.5	18.5
  90.5	22
  91.5	23
  92.5	21.5
  93.5	17.5
  94.5	28
  95.5	16
  96.5	24.5
  97.5	21
  98.5	28.5
  99.5	28
 100.5	27.5
 101.5	27.1429
 102.5	28
 103.5	16
 104.5	19
 105.5	22.5
 106.5	25.5
 107.5	24.5
 108.5	26
 109.5	22
 110.5	28
 111.5	27.5
 112.5	31
 113.5	34
 114.5	29
 115.5	22
 116.5	21
 117.5	30
 118.5	25.5
 119.5	27.5
 120.5	22
 121.5	24
 122.5	20.5
 123.5	31
 124.5	17
 125.5	27
 126.5	27
 127.5	21
 128.5	21.5
 129.5	22.5
 130.5	24.5
 131.5	23
 132.5	24
 133.5	24.5
 134.5	21.5
 135.5	29
 136.5	20
 137.5	21
 138.5	27
 139.5	19
 140.5	30
 141.5	23
 142.5	22.1429
 143.5	20
 144.5	20
 145.5	27.3333
 146.5	33.5
 147.5	15.5
 148.5	24.3333
 149.5	17.3333
 150.5	25.5
DB 2 MOTIF	ISL2_HUMAN.H11MO.0.D
-149.5	21
-148.5	14
-147.5	28
-146.5	14
-145.5	25
-144.5	15
-143.5	13
-142.5	19
-141.5	20
-140.5	16
-139.5	17
-138.5	19
-137.5	15
-136.5	10
-135.5	15.5
-134.5	11.5
-133.5	11
-132.5	12
-131.5	20
-130.5	19
-129.5	19
-128.5	15
-127.5	22.5
-126.5	20.5
-125.5	14
-124.5	21
-123.5	14
-122.5	13.5
-121.5	18
-120.5	17.3333
-119.5	11
-118.5	14
-117.5	14
-116.5	11
-115.5	20
-114.5	14
-113.5	9
-112.5	22
-111.5	15
-110.5	21
-109.5	15
-108.5	18.5
-107.5	10
-106.5	17
-105.5	12
-104.5	15.25
-103.5	12
-102.5	17
-101.5	21
-100.5	17
 -99.5	16
 -98.5	20
 -97.5	17
 -96.5	15
 -95.5	17
 -94.5	27
 -93.5	13
 -92.5	14
 -91.5	28
 -90.5	16
 -89.5	15.5
 -88.5	12
 -87.5	16
 -86.5	17.5
 -85.5	17
 -84.5	14.3333
 -83.5	12
 -82.5	7
 -81.5	21
 -80.5	22
 -79.5	10
 -78.5	16.5
 -77.5	12
 -76.5	15
 -75.5	17
 -74.5	11
 -73.5	12
 -72.5	14
 -71.5	15
 -70.5	24
 -69.5	15
 -68.5	18
 -67.5	15
 -66.5	18
 -65.5	15
 -64.5	17
 -63.5	13
 -62.5	22
 -61.5	26
 -60.5	16
 -59.5	10.5
 -58.5	17
 -57.5	16
 -56.5	16
 -55.5	17
 -54.5	20
 -53.5	13
 -52.5	16
 -51.5	23
 -50.5	16
 -49.5	19
 -48.5	30
 -47.5	21
 -46.5	12
 -45.5	21
 -44.5	11
 -43.5	15
 -42.5	18
 -41.5	21
 -40.5	14
 -39.5	10
 -38.5	24.5
 -37.5	19
 -36.5	17
 -35.5	16
 -34.5	22
 -33.5	22
 -32.5	21
 -31.5	16
 -30.5	20.3333
 -29.5	18.5
 -28.5	20
 -27.5	16
 -26.5	21
 -25.5	14.25
 -24.5	20
 -23.5	16
 -22.5	23
 -21.5	21
 -20.5	22
 -19.5	12
 -18.5	21
 -17.5	23
 -16.5	25
 -15.5	10
 -14.5	9.5
 -13.5	10
 -12.5	15
 -11.5	14.5
 -10.5	16
  -9.5	21
  -8.5	20
  -7.5	13
  -6.5	14
  -5.5	18
  -4.5	22
  -3.5	20
  -2.5	24
  -1.5	16
  -0.5	18.5
   0.5	23.5
   1.5	15
   2.5	17
   3.5	22
   4.5	24
   5.5	14.5
   6.5	20
   7.5	24
   8.5	21
   9.5	21
  10.5	19
  11.5	27
  12.5	18
  13.5	25
  14.5	23
  15.5	24
  16.5	17
  17.5	20
  18.5	22
  19.5	19.5
  20.5	17
  21.5	22
  22.5	18
  23.5	21
  24.5	16.5
  25.5	18
  26.5	20
  27.5	15.5
  28.5	10.5
  29.5	23
  30.5	23
  31.5	21
  32.5	19
  33.5	19
  34.5	12
  35.5	15
  36.5	15
  37.5	18.5
  38.5	11
  39.5	15
  40.5	18.5
  41.5	14
  42.5	19
  43.5	18
  44.5	11
  45.5	24.5
  46.5	21
  47.5	16
  48.5	23
  49.5	20
  50.5	16
  51.5	16
  52.5	14
  53.5	18
  54.5	22
  55.5	31
  56.5	19
  57.5	17.25
  58.5	14
  59.5	22
  60.5	15
  61.5	21
  62.5	13
  63.5	14
  64.5	21
  65.5	11
  66.5	23
  67.5	16
  68.5	24
  69.5	13
  70.5	17
  71.5	20
  72.5	14
  73.5	17.5
  74.5	22
  75.5	22
  76.5	19
  77.5	10
  78.5	11
  79.5	21
  80.5	20
  81.5	21
  82.5	26.5
  83.5	17
  84.5	15
  85.5	16
  86.5	19
  87.5	7.5
  88.5	23.5
  89.5	15
  90.5	15
  91.5	14
  92.5	14
  93.5	11
  94.5	15
  95.5	12
  96.5	14.5
  97.5	10
  98.5	17
  99.5	15
 100.5	18
 101.5	16
 102.5	18
 103.5	12
 104.5	21
 105.5	14
 106.5	18
 107.5	15
 108.5	14
 109.5	15
 110.5	17
 111.5	17
 112.5	16
 113.5	16
 114.5	18
 115.5	16
 116.5	14
 117.5	20
 118.5	22
 119.5	22
 120.5	15
 121.5	16
 122.5	17
 123.5	25
 124.5	17
 125.5	13
 126.5	15
 127.5	17.5
 128.5	17.25
 129.5	17
 130.5	10
 131.5	14
 132.5	18
 133.5	18
 134.5	17
 135.5	16
 136.5	12
 137.5	21
 138.5	14
 139.5	17.5
 140.5	13
 141.5	16
 142.5	14.5
 143.5	14
 144.5	21
 145.5	15
 146.5	22
 147.5	17
 148.5	22.5
 149.5	11.5
DB 2 MOTIF	JUNB_HUMAN.H11MO.0.A
-149.5	16
-148.5	13
-147.5	12
-146.5	18
-145.5	17
-144.5	14.5
-143.5	16
-142.5	13
-141.5	22
-140.5	13
-139.5	18.5
-138.5	14
-137.5	24
-136.5	10
-135.5	18
-134.5	8
-133.5	14
-132.5	14
-131.5	13
-130.5	6
-129.5	18
-128.5	13.1429
-127.5	16
-126.5	13
-125.5	5
-124.5	22
-123.5	11.25
-122.5	17
-121.5	11.5
-120.5	16
-119.5	18
-118.5	16.5
-117.5	12
-116.5	14
-115.5	14
-114.5	17
-113.5	15
-112.5	10
-111.5	11.5
-110.5	17
-109.5	11
-108.5	13
-107.5	12.5
-106.5	14
-105.5	16.5
-104.5	9
-103.5	10
-102.5	15
-101.5	16
-100.5	11
 -99.5	17.1429
 -98.5	11
 -97.5	27
 -96.5	9
 -95.5	13
 -94.5	11
 -93.5	21
 -92.5	17
 -91.5	15
 -90.5	13
 -89.5	19
 -88.5	22
 -87.5	21.5
 -86.5	14
 -85.5	18
 -84.5	18.5
 -83.5	12
 -82.5	15
 -81.5	14
 -80.5	19.5
 -79.5	21
 -78.5	14
 -77.5	16
 -76.5	13
 -75.5	22
 -74.5	12
 -73.5	8
 -72.5	20
 -71.5	21
 -70.5	18.1429
 -69.5	20
 -68.5	7
 -67.5	18
 -66.5	14
 -65.5	24
 -64.5	15
 -63.5	13
 -62.5	19.3333
 -61.5	14
 -60.5	16
 -59.5	19
 -58.5	18
 -57.5	16.3333
 -56.5	18
 -55.5	14.5
 -54.5	16
 -53.5	25.25
 -52.5	13
 -51.5	14
 -50.5	15
 -49.5	10
 -48.5	18
 -47.5	19
 -46.5	18
 -45.5	25
 -44.5	21
 -43.5	19
 -42.5	22
 -41.5	18.1429
 -40.5	24.5
 -39.5	13
 -38.5	17
 -37.5	19
 -36.5	24
 -35.5	21
 -34.5	13
 -33.5	14
 -32.5	9
 -31.5	9
 -30.5	16
 -29.5	21
 -28.5	15
 -27.5	18
 -26.5	12
 -25.5	21
 -24.5	20
 -23.5	18
 -22.5	16
 -21.5	17
 -20.5	14
 -19.5	26
 -18.5	32
 -17.5	13
 -16.5	14
 -15.5	20
 -14.5	14
 -13.5	20
 -12.5	23.6429
 -11.5	20.3333
 -10.5	28
  -9.5	15
  -8.5	14
  -7.5	18
  -6.5	16
  -5.5	19
  -4.5	20
  -3.5	23
  -2.5	16
  -1.5	24
  -0.5	18
   0.5	16
   1.5	20
   2.5	19
   3.5	19
   4.5	17
   5.5	23
   6.5	25
   7.5	15.5
   8.5	21
   9.5	22
  10.5	22.5
  11.5	23
  12.5	14
  13.5	22
  14.5	30
  15.5	10
  16.5	20.3929
  17.5	11
  18.5	14.5
  19.5	13
  20.5	21
  21.5	20
  22.5	15.3333
  23.5	17
  24.5	21
  25.5	19
  26.5	17
  27.5	20.3333
  28.5	11
  29.5	17
  30.5	19.5
  31.5	18
  32.5	24
  33.5	19
  34.5	17
  35.5	20
  36.5	18
  37.5	16
  38.5	17
  39.5	19
  40.5	15
  41.5	16
  42.5	21
  43.5	14
  44.5	19
  45.5	8.14286
  46.5	17.5
  47.5	22
  48.5	17
  49.5	13
  50.5	21
  51.5	13
  52.5	24.5
  53.5	14
  54.5	17
  55.5	19
  56.5	13
  57.5	18
  58.5	17
  59.5	13.5
  60.5	16
  61.5	13
  62.5	19
  63.5	22
  64.5	16
  65.5	16
  66.5	17.5
  67.5	16
  68.5	25
  69.5	14
  70.5	19
  71.5	15
  72.5	13
  73.5	18
  74.5	15
  75.5	21
  76.5	20
  77.5	17
  78.5	19
  79.5	13
  80.5	17
  81.5	14
  82.5	16
  83.5	15
  84.5	21.5
  85.5	13
  86.5	15.75
  87.5	19
  88.5	16
  89.5	21
  90.5	12
  91.5	19
  92.5	16
  93.5	19
  94.5	13
  95.5	11
  96.5	15
  97.5	14
  98.5	13
  99.5	15
 100.5	17
 101.5	20
 102.5	20
 103.5	14
 104.5	6
 105.5	18
 106.5	9
 107.5	12
 108.5	23
 109.5	12
 110.5	23
 111.5	16
 112.5	11.3333
 113.5	8
 114.5	19
 115.5	18
 116.5	12
 117.5	17
 118.5	18
 119.5	11
 120.5	5
 121.5	22
 122.5	13
 123.5	19
 124.5	15
 125.5	16
 126.5	16
 127.5	13
 128.5	17.5
 129.5	16
 130.5	14
 131.5	18
 132.5	13
 133.5	16
 134.5	8
 135.5	25
 136.5	10
 137.5	9.5
 138.5	17
 139.5	18
 140.5	20
 141.5	14
 142.5	17
 143.5	20
 144.5	9
 145.5	16
 146.5	15
 147.5	10.5
 148.5	15
 149.5	17
DB 2 MOTIF	JUND_HUMAN.H11MO.0.A
-149.5	12
-148.5	11
-147.5	12
-146.5	12
-145.5	16
-144.5	15
-143.5	14
-142.5	13
-141.5	20
-140.5	10
-139.5	10.5
-138.5	12
-137.5	21.5
-136.5	10
-135.5	12
-134.5	10
-133.5	6.5
-132.5	11
-131.5	8
-130.5	11
-129.5	14
-128.5	15.1429
-127.5	17
-126.5	10
-125.5	10
-124.5	10
-123.5	10.25
-122.5	18
-121.5	16
-120.5	12
-119.5	14
-118.5	14
-117.5	10
-116.5	13
-115.5	12
-114.5	15
-113.5	13
-112.5	10
-111.5	7.5
-110.5	9
-109.5	9
-108.5	13
-107.5	15.5
-106.5	10
-105.5	15
-104.5	12
-103.5	6
-102.5	8
-101.5	11
-100.5	15
 -99.5	17.1429
 -98.5	14
 -97.5	17
 -96.5	7
 -95.5	14
 -94.5	13
 -93.5	15
 -92.5	12
 -91.5	12
 -90.5	12
 -89.5	20
 -88.5	16
 -87.5	18
 -86.5	16
 -85.5	20
 -84.5	12
 -83.5	15
 -82.5	10
 -81.5	11.5
 -80.5	20
 -79.5	14
 -78.5	12
 -77.5	18
 -76.5	12
 -75.5	19
 -74.5	8
 -73.5	9
 -72.5	16
 -71.5	16
 -70.5	17.1429
 -69.5	13
 -68.5	8
 -67.5	15
 -66.5	13
 -65.5	18
 -64.5	14
 -63.5	12
 -62.5	16.3333
 -61.5	13
 -60.5	12
 -59.5	17
 -58.5	13
 -57.5	8.5
 -56.5	11
 -55.5	12
 -54.5	13
 -53.5	19.25
 -52.5	15
 -51.5	13
 -50.5	17
 -49.5	7
 -48.5	14
 -47.5	14
 -46.5	13
 -45.5	25
 -44.5	20
 -43.5	12
 -42.5	18
 -41.5	18.1429
 -40.5	23
 -39.5	14
 -38.5	15
 -37.5	13
 -36.5	19
 -35.5	17
 -34.5	14
 -33.5	8
 -32.5	16
 -31.5	11
 -30.5	13
 -29.5	17
 -28.5	15
 -27.5	15
 -26.5	11
 -25.5	15
 -24.5	17
 -23.5	13
 -22.5	13
 -21.5	13
 -20.5	9
 -19.5	21
 -18.5	21
 -17.5	10
 -16.5	15
 -15.5	20
 -14.5	14
 -13.5	16
 -12.5	20.6429
 -11.5	16.3333
 -10.5	28
  -9.5	17
  -8.5	16
  -7.5	18
  -6.5	17
  -5.5	16
  -4.5	20
  -3.5	19
  -2.5	16
  -1.5	25
  -0.5	18
   0.5	19
   1.5	19
   2.5	16
   3.5	22
   4.5	16
   5.5	17
   6.5	17
   7.5	19.5
   8.5	18
   9.5	18.5
  10.5	17.5
  11.5	15
  12.5	14
  13.5	18
  14.5	23
  15.5	14.5
  16.5	16.3929
  17.5	13
  18.5	12.5
  19.5	14
  20.5	14
  21.5	17
  22.5	14.3333
  23.5	14
  24.5	15
  25.5	14
  26.5	17
  27.5	22
  28.5	16
  29.5	13
  30.5	20
  31.5	18
  32.5	19
  33.5	13
  34.5	16
  35.5	18
  36.5	11
  37.5	13.5
  38.5	12
  39.5	20
  40.5	15
  41.5	9
  42.5	20
  43.5	17
  44.5	16
  45.5	8.14286
  46.5	14
  47.5	18
  48.5	10
  49.5	10
  50.5	21
  51.5	16
  52.5	21
  53.5	16
  54.5	18
  55.5	17
  56.5	13
  57.5	22
  58.5	16
  59.5	16.5
  60.5	16
  61.5	13
  62.5	20
  63.5	22
  64.5	8
  65.5	13
  66.5	17
  67.5	11
  68.5	12
  69.5	6.5
  70.5	18
  71.5	9
  72.5	12
  73.5	15
  74.5	15
  75.5	17
  76.5	19
  77.5	13
  78.5	12
  79.5	13
  80.5	13
  81.5	9.5
  82.5	17
  83.5	16
  84.5	15
  85.5	12
  86.5	12.75
  87.5	18
  88.5	14
  89.5	21
  90.5	9
  91.5	14
  92.5	11
  93.5	21
  94.5	12
  95.5	13
  96.5	11
  97.5	12
  98.5	13
  99.5	14
 100.5	17
 101.5	18
 102.5	20
 103.5	13
 104.5	14
 105.5	13.5
 106.5	9
 107.5	8.5
 108.5	15
 109.5	13
 110.5	21
 111.5	13
 112.5	5
 113.5	14
 114.5	16
 115.5	16
 116.5	16
 117.5	12
 118.5	14
 119.5	11
 120.5	8
 121.5	15
 122.5	8
 123.5	14
 124.5	12
 125.5	10
 126.5	15
 127.5	14
 128.5	10
 129.5	19
 130.5	13
 131.5	17
 132.5	10
 133.5	15
 134.5	10
 135.5	27
 136.5	12
 137.5	14.5
 138.5	14
 139.5	18
 140.5	18
 141.5	10
 142.5	7
 143.5	18
 144.5	11
 145.5	15
 146.5	15.5
 147.5	12
 148.5	13
 149.5	9
DB 2 MOTIF	JUN_HUMAN.H11MO.0.A
-149.5	12
-148.5	10
-147.5	11
-146.5	13
-145.5	13
-144.5	14
-143.5	11
-142.5	14
-141.5	15
-140.5	12
-139.5	13.5
-138.5	13
-137.5	21
-136.5	9
-135.5	13
-134.5	9
-133.5	12
-132.5	9
-131.5	8
-130.5	7
-129.5	12
-128.5	14.1429
-127.5	12
-126.5	9
-125.5	9
-124.5	11
-123.5	9.25
-122.5	15
-121.5	12
-120.5	12
-119.5	13
-118.5	13
-117.5	8
-116.5	10
-115.5	11
-114.5	12
-113.5	11
-112.5	12
-111.5	9.5
-110.5	10
-109.5	8
-108.5	12
-107.5	12.5
-106.5	5
-105.5	12
-104.5	9
-103.5	8
-102.5	11
-101.5	8
-100.5	11
 -99.5	17.1429
 -98.5	13
 -97.5	17
 -96.5	7
 -95.5	9
 -94.5	9
 -93.5	14
 -92.5	11
 -91.5	12
 -90.5	12
 -89.5	14
 -88.5	15
 -87.5	17
 -86.5	17
 -85.5	17
 -84.5	8
 -83.5	12
 -82.5	7
 -81.5	10
 -80.5	16
 -79.5	16
 -78.5	8
 -77.5	16
 -76.5	9
 -75.5	18
 -74.5	8
 -73.5	9
 -72.5	14
 -71.5	12
 -70.5	14.1429
 -69.5	14
 -68.5	7.5
 -67.5	14
 -66.5	13
 -65.5	20
 -64.5	14
 -63.5	16
 -62.5	15.3333
 -61.5	8
 -60.5	11
 -59.5	16
 -58.5	10
 -57.5	8
 -56.5	11
 -55.5	11
 -54.5	14
 -53.5	15.25
 -52.5	11
 -51.5	12
 -50.5	9
 -49.5	8
 -48.5	13
 -47.5	13
 -46.5	16
 -45.5	18
 -44.5	16
 -43.5	14
 -42.5	20
 -41.5	17.1429
 -40.5	19.5
 -39.5	12
 -38.5	14
 -37.5	11
 -36.5	18.3333
 -35.5	16
 -34.5	13
 -33.5	8
 -32.5	12
 -31.5	8
 -30.5	12
 -29.5	19
 -28.5	14
 -27.5	12
 -26.5	9
 -25.5	15
 -24.5	15.3333
 -23.5	10
 -22.5	9
 -21.5	12
 -20.5	10
 -19.5	22
 -18.5	23
 -17.5	9
 -16.5	14
 -15.5	17
 -14.5	15
 -13.5	16
 -12.5	13.6429
 -11.5	15.3333
 -10.5	23
  -9.5	13
  -8.5	12
  -7.5	17
  -6.5	16
  -5.5	18
  -4.5	18
  -3.5	17
  -2.5	12
  -1.5	21
  -0.5	18.5
   0.5	18
   1.5	12
   2.5	13
   3.5	13
   4.5	16.3333
   5.5	17
   6.5	17
   7.5	16.5
   8.5	14
   9.5	12
  10.5	15.5
  11.5	16
  12.5	13
  13.5	19
  14.5	21
  15.5	14
  16.5	13.3929
  17.5	12
  18.5	10.5
  19.5	11
  20.5	14
  21.5	13
  22.5	9.33333
  23.5	17
  24.5	11
  25.5	10
  26.5	12
  27.5	17
  28.5	12
  29.5	11
  30.5	21
  31.5	15
  32.5	18
  33.5	11
  34.5	13
  35.5	13
  36.5	13
  37.5	14
  38.5	11
  39.5	17
  40.5	15
  41.5	13
  42.5	15
  43.5	14
  44.5	15
  45.5	8.14286
  46.5	10
  47.5	17
  48.5	10
  49.5	11
  50.5	21
  51.5	15
  52.5	18
  53.5	13
  54.5	10
  55.5	16
  56.5	11
  57.5	23
  58.5	14
  59.5	12
  60.5	13
  61.5	12
  62.5	21
  63.5	20
  64.5	9
  65.5	12
  66.5	16
  67.5	10
  68.5	16.5
  69.5	10
  70.5	13
  71.5	10
  72.5	12
  73.5	12
  74.5	11
  75.5	15
  76.5	17
  77.5	13
  78.5	15
  79.5	13
  80.5	12
  81.5	13
  82.5	15
  83.5	13
  84.5	14
  85.5	10
  86.5	12.25
  87.5	15
  88.5	14
  89.5	17
  90.5	11
  91.5	10
  92.5	12
  93.5	13
  94.5	12
  95.5	14
  96.5	8
  97.5	10
  98.5	13
  99.5	11
 100.5	11
 101.5	16
 102.5	21
 103.5	13
 104.5	13
 105.5	14
 106.5	8
 107.5	14
 108.5	18
 109.5	14
 110.5	19
 111.5	8
 112.5	8
 113.5	12
 114.5	12
 115.5	11
 116.5	15
 117.5	13
 118.5	12
 119.5	12
 120.5	5
 121.5	16
 122.5	8
 123.5	14
 124.5	10
 125.5	11
 126.5	11
 127.5	13
 128.5	11
 129.5	14
 130.5	12
 131.5	17
 132.5	8
 133.5	10
 134.5	7
 135.5	23
 136.5	5
 137.5	13.5
 138.5	11
 139.5	15
 140.5	17
 141.5	11
 142.5	8
 143.5	17
 144.5	6
 145.5	14
 146.5	16
 147.5	10
 148.5	12
 149.5	10
DB 2 MOTIF	KLF8_HUMAN.H11MO.0.C
-150.5	13
-149.5	13
-148.5	16.5
-147.5	21.2
-146.5	12
-145.5	13
-144.5	9
-143.5	15.5
-142.5	15
-141.5	9
-140.5	10.5
-139.5	15
-138.5	13
-137.5	13
-136.5	9
-135.5	11.5
-134.5	16.6429
-133.5	12
-132.5	16
-131.5	14
-130.5	17
-129.5	11
-128.5	12
-127.5	14
-126.5	12
-125.5	11
-124.5	16
-123.5	16.5
-122.5	20
-121.5	13.3333
-120.5	11
-119.5	11.5
-118.5	16.5
-117.5	10
-116.5	15
-115.5	20.5
-114.5	7
-113.5	15
-112.5	15
-111.5	15.5
-110.5	8
-109.5	14.3333
-108.5	15
-107.5	10.2
-106.5	19
-105.5	9.14286
-104.5	18.5
-103.5	21.5
-102.5	15.5
-101.5	11
-100.5	14.5
 -99.5	13
 -98.5	14
 -97.5	11
 -96.5	18.5
 -95.5	11.5
 -94.5	14
 -93.5	14
 -92.5	16
 -91.5	23
 -90.5	11
 -89.5	9
 -88.5	17
 -87.5	15
 -86.5	17
 -85.5	20
 -84.5	22
 -83.5	15
 -82.5	18
 -81.5	17.3333
 -80.5	16
 -79.5	14
 -78.5	11
 -77.5	10.5
 -76.5	10.6429
 -75.5	20
 -74.5	15.5
 -73.5	19
 -72.5	7
 -71.5	13
 -70.5	10.5
 -69.5	17
 -68.5	14
 -67.5	14
 -66.5	15
 -65.5	18.2
 -64.5	14
 -63.5	13.5
 -62.5	20
 -61.5	17
 -60.5	12
 -59.5	16
 -58.5	20.5
 -57.5	13
 -56.5	18.3333
 -55.5	6.5
 -54.5	12.8333
 -53.5	9
 -52.5	19
 -51.5	24.5
 -50.5	15
 -49.5	18
 -48.5	14
 -47.5	16.1429
 -46.5	23.5
 -45.5	19.5
 -44.5	24
 -43.5	11.5
 -42.5	17.5
 -41.5	13
 -40.5	13
 -39.5	16
 -38.5	16
 -37.5	14
 -36.5	16
 -35.5	7.5
 -34.5	16
 -33.5	11.5
 -32.5	12.3333
 -31.5	16
 -30.5	13
 -29.5	17
 -28.5	3
 -27.5	20
 -26.5	16
 -25.5	16
 -24.5	8
 -23.5	19
 -22.5	14.5
 -21.5	22
 -20.5	14
 -19.5	22.5
 -18.5	16.1429
 -17.5	18
 -16.5	11
 -15.5	18.5
 -14.5	14.5
 -13.5	21
 -12.5	18.5
 -11.5	15
 -10.5	21
  -9.5	16
  -8.5	16
  -7.5	10
  -6.5	15
  -5.5	20
  -4.5	22.2
  -3.5	21.5
  -2.5	18.5
  -1.5	20
  -0.5	12.5
   0.5	18.8333
   1.5	9.5
   2.5	14
   3.5	13.3333
   4.5	14.25
   5.5	9
   6.5	14.5
   7.5	16
   8.5	20
   9.5	17
  10.5	22.1429
  11.5	13.5
  12.5	14
  13.5	19
  14.5	16.5
  15.5	10
  16.5	12
  17.5	13
  18.5	19.5
  19.5	18
  20.5	14
  21.5	21.5
  22.5	11
  23.5	16.5
  24.5	21.5
  25.5	23
  26.5	20
  27.5	19.5
  28.5	21
  29.5	14
  30.5	10
  31.5	19.5
  32.5	16
  33.5	11.5
  34.5	6
  35.5	12
  36.5	18
  37.5	23
  38.5	17
  39.5	8.14286
  40.5	23.5
  41.5	15
  42.5	22
  43.5	17.5
  44.5	10.75
  45.5	12.5
  46.5	21
  47.5	11
  48.5	16
  49.5	14
  50.5	9
  51.5	16
  52.5	22.5
  53.5	15.5
  54.5	8
  55.5	15
  56.5	10.5
  57.5	17.5
  58.5	17.5
  59.5	12
  60.5	12.8333
  61.5	16
  62.5	15
  63.5	15
  64.5	16
  65.5	20
  66.5	16
  67.5	13.25
  68.5	13
  69.5	12
  70.5	13
  71.5	15
  72.5	9
  73.5	13
  74.5	16.5
  75.5	9.5
  76.5	7
  77.5	10
  78.5	11
  79.5	9
  80.5	17.5
  81.5	12.5
  82.5	14
  83.5	13
  84.5	13.8333
  85.5	13
  86.5	16
  87.5	12
  88.5	10.3333
  89.5	13
  90.5	9
  91.5	18
  92.5	11
  93.5	14.5
  94.5	25.5
  95.5	16
  96.5	8.5
  97.5	13
  98.5	11
  99.5	13
 100.5	14.5
 101.5	11
 102.5	11
 103.5	16
 104.5	17.5
 105.5	13
 106.5	14
 107.5	14.25
 108.5	7
 109.5	14.2
 110.5	12
 111.5	19
 112.5	12.5
 113.5	14
 114.5	22
 115.5	13
 116.5	14
 117.5	17
 118.5	12
 119.5	20
 120.5	16.5
 121.5	10
 122.5	11
 123.5	21
 124.5	16
 125.5	17
 126.5	14.5
 127.5	15
 128.5	12
 129.5	11
 130.5	18
 131.5	17.5
 132.5	12.5
 133.5	16
 134.5	11.5
 135.5	13.5
 136.5	14
 137.5	10
 138.5	12
 139.5	13
 140.5	17.5
 141.5	10
 142.5	18
 143.5	13
 144.5	13.5
 145.5	13
 146.5	14
 147.5	17
 148.5	10
 149.5	17.3333
 150.5	16
DB 2 MOTIF	LHX6_HUMAN.H11MO.0.D
-150.0	18
-149.0	21.5
-148.0	15
-147.0	14
-146.0	10
-145.0	13
-144.0	18
-143.0	11
-142.0	7
-141.0	12
-140.0	10
-139.0	12
-138.0	7
-137.0	13
-136.0	10
-135.0	10.5
-134.0	13
-133.0	17
-132.0	12
-131.0	13
-130.0	16
-129.0	8
-128.0	6.5
-127.0	10
-126.0	10.5
-125.0	9
-124.0	14.5
-123.0	17.5
-122.0	14.5
-121.0	14.5
-120.0	13
-119.0	18
-118.0	11
-117.0	18
-116.0	13
-115.0	15
-114.0	14
-113.0	7
-112.0	11
-111.0	13
-110.0	13
-109.0	18
-108.0	10
-107.0	13
-106.0	14
-105.0	9
-104.0	9
-103.0	16
-102.0	9
-101.0	17
-100.0	11
 -99.0	17
 -98.0	13
 -97.0	13
 -96.0	10
 -95.0	15
 -94.0	16
 -93.0	16
 -92.0	9
 -91.0	13
 -90.0	15
 -89.0	13
 -88.0	10
 -87.0	15.5
 -86.0	14
 -85.0	16
 -84.0	9
 -83.0	20
 -82.0	12
 -81.0	11
 -80.0	12
 -79.0	23
 -78.0	12
 -77.0	19
 -76.0	15
 -75.0	13
 -74.0	9
 -73.0	15
 -72.0	14
 -71.0	11
 -70.0	17
 -69.0	15
 -68.0	14
 -67.0	10
 -66.0	19
 -65.0	5
 -64.0	11.5
 -63.0	12
 -62.0	18
 -61.0	18.5
 -60.0	12
 -59.0	12
 -58.0	16
 -57.0	12
 -56.0	13.5
 -55.0	13
 -54.0	16
 -53.0	12
 -52.0	17
 -51.0	19
 -50.0	17
 -49.0	11
 -48.0	13.5
 -47.0	14
 -46.0	18
 -45.0	15
 -44.0	11.5
 -43.0	19
 -42.0	13
 -41.0	20
 -40.0	24.5
 -39.0	19
 -38.0	20
 -37.0	13.5
 -36.0	13
 -35.0	13
 -34.0	12
 -33.0	19
 -32.0	21
 -31.0	16
 -30.0	22
 -29.0	15
 -28.0	23
 -27.0	23
 -26.0	19.5
 -25.0	14
 -24.0	16
 -23.0	21
 -22.0	15
 -21.0	18
 -20.0	13
 -19.0	15
 -18.0	19
 -17.0	9
 -16.0	18
 -15.0	24
 -14.0	10
 -13.0	22
 -12.0	18
 -11.0	14
 -10.0	13
  -9.0	12
  -8.0	14
  -7.0	13
  -6.0	14
  -5.0	13
  -4.0	17
  -3.0	14
  -2.0	12
  -1.0	19
   0.0	23
   1.0	17
   2.0	27
   3.0	14
   4.0	17
   5.0	20
   6.0	18
   7.0	18
   8.0	19
   9.0	13
  10.0	14
  11.0	25
  12.0	11
  13.0	12
  14.0	10.5
  15.0	26
  16.0	19
  17.0	13
  18.0	17
  19.0	14
  20.0	13
  21.0	14
  22.0	19
  23.0	14
  24.0	20
  25.0	16
  26.0	25
  27.0	18.5
  28.0	15
  29.0	16
  30.0	15
  31.0	19
  32.0	13
  33.0	15
  34.0	18
  35.0	12
  36.0	21
  37.0	16
  38.0	15
  39.0	15
  40.0	15.5
  41.0	13
  42.0	11
  43.0	17
  44.0	20
  45.0	9
  46.0	26
  47.0	13
  48.0	16
  49.0	11
  50.0	18.5
  51.0	15
  52.0	16
  53.0	16
  54.0	13
  55.0	15
  56.0	23
  57.0	19
  58.0	16
  59.0	15
  60.0	17
  61.0	10
  62.0	14
  63.0	19
  64.0	8
  65.0	9
  66.0	14
  67.0	13
  68.0	21.5
  69.0	21
  70.0	16
  71.0	11
  72.0	18
  73.0	8
  74.0	20
  75.0	18
  76.0	13
  77.0	13
  78.0	14
  79.0	11
  80.0	16
  81.0	9
  82.0	13
  83.0	13
  84.0	9
  85.0	18
  86.0	13
  87.0	16
  88.0	14
  89.0	15
  90.0	19
  91.0	19
  92.0	6
  93.0	17
  94.0	15
  95.0	7
  96.0	9
  97.0	15
  98.0	17
  99.0	18
 100.0	18
 101.0	18.5
 102.0	18
 103.0	20
 104.0	11
 105.0	10
 106.0	7
 107.0	12
 108.0	10
 109.0	14
 110.0	13.5
 111.0	13
 112.0	16
 113.0	13.5
 114.0	20
 115.0	12
 116.0	13
 117.0	7
 118.0	15
 119.0	18
 120.0	14
 121.0	12.5
 122.0	10
 123.0	10
 124.0	13
 125.0	9
 126.0	9
 127.0	14
 128.0	16
 129.0	10
 130.0	19
 131.0	9
 132.0	11
 133.0	17.5
 134.0	10
 135.0	17.5
 136.0	13
 137.0	15
 138.0	15
 139.0	12
 140.0	12
 141.0	19
 142.0	11
 143.0	8
 144.0	10
 145.0	13
 146.0	15
 147.0	13
 148.0	16
 149.0	8
 150.0	17
DB 2 MOTIF	LHX8_HUMAN.H11MO.0.D
-146.0	8
-145.0	11
-144.0	4
-143.0	9
-142.0	5
-141.0	3
-140.0	2
-139.0	8
-138.0	4
-137.0	1
-136.0	4
-135.0	3
-134.0	4
-133.0	5
-132.0	5
-131.0	3
-130.0	4
-129.0	9
-128.0	3
-127.0	9
-126.0	7
-125.0	5
-124.0	5
-123.0	5
-122.0	5
-121.0	6
-120.0	6
-119.0	12
-118.0	5
-117.0	2
-116.0	6
-115.0	7
-114.0	6
-113.0	7
-112.0	7
-111.0	4
-110.0	4
-109.0	1
-108.0	3
-107.0	4
-106.0	5
-105.0	11
-104.0	2
-103.0	6
-102.0	4
-101.0	6
-100.0	1
 -99.0	6
 -98.0	7
 -97.0	8
 -96.0	5
 -95.0	12
 -94.0	5
 -93.0	4
 -92.0	5
 -91.0	6
 -90.0	2
 -89.0	3
 -88.0	1
 -87.0	3
 -86.0	6
 -85.0	2
 -84.0	5
 -83.0	6
 -82.0	5
 -81.0	5.5
 -80.0	6
 -79.0	7
 -78.0	6.5
 -77.0	6
 -76.0	10
 -75.0	3.5
 -74.0	4
 -73.0	4
 -72.0	10
 -71.0	4
 -70.0	10
 -69.0	9
 -68.0	5
 -67.0	5
 -66.0	2
 -65.0	6
 -64.0	5
 -63.0	7
 -62.0	7
 -61.0	2
 -60.0	3
 -59.0	5
 -58.0	5
 -57.0	6
 -56.0	3
 -55.0	4
 -54.0	4
 -53.0	8
 -52.0	5
 -51.0	9
 -50.0	2
 -49.0	4
 -48.0	8
 -47.0	6
 -46.0	9
 -45.0	4
 -44.0	4.5
 -43.0	5
 -42.0	7
 -41.0	5
 -40.0	3
 -39.0	13
 -38.0	3
 -37.0	6
 -36.0	8
 -35.0	10
 -34.0	7
 -33.0	5
 -32.0	6
 -31.0	8
 -30.0	8
 -29.0	7
 -28.0	8
 -27.0	4
 -26.0	6
 -25.0	7
 -24.0	11
 -23.0	5
 -22.0	13
 -21.0	6
 -20.0	10
 -19.0	9
 -18.0	3
 -17.0	8
 -16.0	7
 -15.0	6
 -14.0	6
 -13.0	4
 -12.0	4
 -11.0	6
 -10.0	8
  -9.0	6.5
  -8.0	5
  -7.0	13
  -6.0	6
  -5.0	4
  -4.0	8
  -3.0	5
  -2.0	9
  -1.0	10
   0.0	5
   1.0	6
   2.0	6
   3.0	11
   4.0	7
   5.0	6
   6.0	8
   7.0	4
   8.0	5
   9.0	13
  10.0	10
  11.0	8
  12.0	5
  13.0	5
  14.0	8
  15.0	7
  16.0	5
  17.0	5
  18.0	8
  19.0	11
  20.0	7
  21.0	6
  22.0	8
  23.0	8
  24.0	8
  25.0	7
  26.0	4
  27.0	4
  28.0	5
  29.0	3
  30.0	5
  31.0	4
  32.0	7
  33.0	4
  34.0	4
  35.0	6
  36.0	7
  37.0	5
  38.0	10
  39.0	7
  40.0	6
  41.0	0
  42.0	8.5
  43.0	4
  44.0	7
  45.0	5
  46.0	5
  47.0	6
  48.0	7
  49.0	4
  50.0	8
  51.0	9
  52.0	10
  53.0	6
  54.0	8
  55.0	7
  56.0	10
  57.0	8
  58.0	5
  59.0	7
  60.0	5
  61.0	6
  62.0	0
  63.0	10
  64.0	4
  65.0	9
  66.0	7
  67.0	8
  68.0	9
  69.0	2
  70.0	7
  71.0	4
  72.0	4
  73.0	9
  74.0	1
  75.0	4
  76.0	9
  77.0	2
  78.0	8
  79.0	8
  80.0	6
  81.0	4
  82.0	6
  83.0	6
  84.0	5
  85.0	3
  86.0	4
  87.0	4
  88.0	3
  89.0	8
  90.0	6
  91.0	3
  92.0	5
  93.0	6
  94.0	9
  95.0	6
  96.0	3
  97.0	8
  98.0	5
  99.0	6
 100.0	2
 101.0	3
 102.0	2
 103.0	6
 104.0	9
 105.0	7.5
 106.0	3
 107.0	6
 108.0	5
 109.0	4
 110.0	4
 111.0	4
 112.0	6.5
 113.0	5
 114.0	7
 115.0	5
 116.0	5
 117.0	5
 118.0	6
 119.0	4
 120.0	6
 121.0	2
 122.0	3
 123.0	8
 124.0	8
 125.0	6
 126.0	0
 127.0	7
 128.0	7
 129.0	6
 130.0	4
 131.0	5
 132.0	5
 133.0	4
 134.0	4
 135.0	7
 136.0	7
 137.0	7
 138.0	4
 139.0	6
 140.0	4
 141.0	6
 142.0	5
 143.0	5
 144.0	8
 145.0	3
 146.0	10
DB 2 MOTIF	MAFB_HUMAN.H11MO.0.B
-149.5	25.2
-148.5	19
-147.5	22
-146.5	20
-145.5	18
-144.5	19.5
-143.5	21
-142.5	22
-141.5	22
-140.5	27.5
-139.5	28
-138.5	22
-137.5	28
-136.5	30
-135.5	22.5
-134.5	25.5
-133.5	27
-132.5	20.5
-131.5	15
-130.5	22
-129.5	21
-128.5	28
-127.5	20.1429
-126.5	25.5
-125.5	17
-124.5	24
-123.5	27.5
-122.5	15.75
-121.5	20
-120.5	17
-119.5	21
-118.5	20.5
-117.5	19
-116.5	21
-115.5	15
-114.5	24
-113.5	22
-112.5	18
-111.5	25.5
-110.5	24
-109.5	18.5
-108.5	19
-107.5	25
-106.5	19
-105.5	29
-104.5	17
-103.5	22
-102.5	23
-101.5	20
-100.5	23
 -99.5	22.5
 -98.5	19.1429
 -97.5	29.5
 -96.5	25
 -95.5	29
 -94.5	35
 -93.5	33.5
 -92.5	22
 -91.5	33
 -90.5	22
 -89.5	17.5
 -88.5	26
 -87.5	23
 -86.5	25
 -85.5	28
 -84.5	21
 -83.5	27
 -82.5	18
 -81.5	29.5
 -80.5	23
 -79.5	23
 -78.5	23.5
 -77.5	23
 -76.5	24
 -75.5	20
 -74.5	17.5
 -73.5	30.5
 -72.5	21.5
 -71.5	21
 -70.5	25.5
 -69.5	20.1429
 -68.5	20
 -67.5	26
 -66.5	22
 -65.5	26
 -64.5	22
 -63.5	20
 -62.5	28
 -61.5	29.3333
 -60.5	23
 -59.5	26
 -58.5	24
 -57.5	22
 -56.5	24
 -55.5	32
 -54.5	24
 -53.5	35.5
 -52.5	28.25
 -51.5	28.5
 -50.5	15
 -49.5	16.5
 -48.5	21
 -47.5	20
 -46.5	19
 -45.5	25
 -44.5	31.5
 -43.5	27
 -42.5	40.5
 -41.5	24
 -40.5	19.1429
 -39.5	33
 -38.5	35
 -37.5	36
 -36.5	34
 -35.5	22.5
 -34.5	13
 -33.5	34
 -32.5	32
 -31.5	24
 -30.5	29
 -29.5	25
 -28.5	20.5
 -27.5	35
 -26.5	30.5
 -25.5	22.5
 -24.5	25
 -23.5	32
 -22.5	27.5
 -21.5	33
 -20.5	33.5
 -19.5	26
 -18.5	25
 -17.5	30
 -16.5	29
 -15.5	23.5
 -14.5	23
 -13.5	24.5
 -12.5	27
 -11.5	22.1429
 -10.5	32.3333
  -9.5	27.5
  -8.5	34.5
  -7.5	25
  -6.5	26
  -5.5	24
  -4.5	20
  -3.5	23
  -2.5	21
  -1.5	37.2
  -0.5	19
   0.5	22
   1.5	34
   2.5	18
   3.5	25
   4.5	29.5
   5.5	32
   6.5	26.5
   7.5	26
   8.5	33.5
   9.5	29.5
  10.5	27
  11.5	24
  12.5	16
  13.5	31
  14.5	26
  15.5	31
  16.5	23.5
  17.5	23.3929
  18.5	30.5
  19.5	21
  20.5	30
  21.5	21
  22.5	31
  23.5	31.3333
  24.5	26.5
  25.5	26
  26.5	29
  27.5	24
  28.5	27
  29.5	29.5
  30.5	20.5
  31.5	15
  32.5	36
  33.5	22
  34.5	30.5
  35.5	24.2
  36.5	19
  37.5	22
  38.5	25
  39.5	16
  40.5	21
  41.5	23
  42.5	24
  43.5	29
  44.5	29
  45.5	26.5
  46.5	20.1429
  47.5	23
  48.5	29
  49.5	29
  50.5	30
  51.5	18.5
  52.5	29.2
  53.5	32.5
  54.5	19
  55.5	33
  56.5	29
  57.5	29
  58.5	27
  59.5	24
  60.5	23
  61.5	21
  62.5	14
  63.5	22
  64.5	30.5
  65.5	19
  66.5	20
  67.5	34
  68.5	30
  69.5	23.2
  70.5	25.5
  71.5	24
  72.5	26
  73.5	22.5
  74.5	24.5
  75.5	22
  76.5	26.5
  77.5	21
  78.5	31
  79.5	27
  80.5	27
  81.5	19
  82.5	23
  83.5	19
  84.5	18.5
  85.5	27
  86.5	32
  87.5	35.25
  88.5	22
  89.5	13
  90.5	30
  91.5	23
  92.5	22
  93.5	13
  94.5	22.5
  95.5	11
  96.5	25
  97.5	19.5
  98.5	30
  99.5	23
 100.5	29.5
 101.5	25.5
 102.5	23.5
 103.5	22.5
 104.5	31
 105.5	25
 106.5	18
 107.5	23
 108.5	23
 109.5	24
 110.5	19
 111.5	25
 112.5	16
 113.5	32
 114.5	24
 115.5	32
 116.5	23
 117.5	22
 118.5	23.5
 119.5	23
 120.5	26
 121.5	24
 122.5	35
 123.5	21
 124.5	17
 125.5	28.5
 126.5	22
 127.5	27
 128.5	23
 129.5	18
 130.5	16
 131.5	28.5
 132.5	19
 133.5	18.5
 134.5	29.5
 135.5	26
 136.5	28
 137.5	24
 138.5	19
 139.5	24
 140.5	25
 141.5	24
 142.5	20
 143.5	18.5
 144.5	14
 145.5	17.5
 146.5	31.5
 147.5	22.5
 148.5	22
 149.5	24
DB 2 MOTIF	MAFF_HUMAN.H11MO.1.B
-150.5	20
-149.5	17
-148.5	28
-147.5	24
-146.5	25
-145.5	21
-144.5	23
-143.5	29
-142.5	22
-141.5	24
-140.5	24
-139.5	19.5
-138.5	19
-137.5	23
-136.5	20
-135.5	20
-134.5	26
-133.5	28
-132.5	19
-131.5	28
-130.5	19
-129.5	21
-128.5	28
-127.5	15.5
-126.5	19.1429
-125.5	20
-124.5	17.5
-123.5	22
-122.5	27
-121.5	23.25
-120.5	11
-119.5	21
-118.5	25.5
-117.5	19
-116.5	18
-115.5	19
-114.5	18
-113.5	20.5
-112.5	24
-111.5	22
-110.5	26
-109.5	17
-108.5	18
-107.5	16.5
-106.5	21.5
-105.5	12
-104.5	27
-103.5	14.5
-102.5	19.5
-101.5	25.5
-100.5	21
 -99.5	15
 -98.5	25
 -97.5	23.1429
 -96.5	21
 -95.5	21.5
 -94.5	25
 -93.5	20
 -92.5	35
 -91.5	19.5
 -90.5	31
 -89.5	16
 -88.5	25.5
 -87.5	22
 -86.5	18.5
 -85.5	23
 -84.5	25
 -83.5	18
 -82.5	33
 -81.5	22.5
 -80.5	29.5
 -79.5	21.3333
 -78.5	18
 -77.5	22.5
 -76.5	23
 -75.5	18
 -74.5	20
 -73.5	13.3333
 -72.5	27
 -71.5	19
 -70.5	18
 -69.5	24
 -68.5	28.1429
 -67.5	23
 -66.5	26
 -65.5	21
 -64.5	29
 -63.5	32
 -62.5	14
 -61.5	19
 -60.5	23.3333
 -59.5	21.3333
 -58.5	26
 -57.5	17
 -56.5	34
 -55.5	24
 -54.5	22
 -53.5	23.5
 -52.5	33.5
 -51.5	21.25
 -50.5	22.3333
 -49.5	14
 -48.5	16
 -47.5	22.5
 -46.5	20
 -45.5	19
 -44.5	19
 -43.5	35.3333
 -42.5	25
 -41.5	27.5
 -40.5	25
 -39.5	25.1429
 -38.5	29.5
 -37.5	27
 -36.5	18
 -35.5	20
 -34.5	27.3333
 -33.5	25
 -32.5	22
 -31.5	25
 -30.5	28
 -29.5	20
 -28.5	24
 -27.5	31
 -26.5	30
 -25.5	18.5
 -24.5	20
 -23.5	26
 -22.5	36
 -21.5	27
 -20.5	34
 -19.5	28.5
 -18.5	23
 -17.5	21
 -16.5	27
 -15.5	27
 -14.5	26.5
 -13.5	22
 -12.5	17
 -11.5	15
 -10.5	21.1429
  -9.5	30.8333
  -8.5	20.5
  -7.5	29
  -6.5	32.5
  -5.5	23
  -4.5	22.5
  -3.5	22
  -2.5	27
  -1.5	21
  -0.5	25.5
   0.5	30.5
   1.5	27.5
   2.5	30.5
   3.5	29
   4.5	25
   5.5	25.5
   6.5	23.3333
   7.5	32
   8.5	23.5
   9.5	37.5
  10.5	23.5
  11.5	24
  12.5	25
  13.5	17.5
  14.5	29
  15.5	21
  16.5	21.5
  17.5	31.5
  18.5	22.3929
  19.5	28
  20.5	26
  21.5	25.5
  22.5	22
  23.5	25
  24.5	26.3333
  25.5	24.3333
  26.5	14
  27.5	22
  28.5	15.5
  29.5	31
  30.5	15
  31.5	24
  32.5	25.5
  33.5	30.5
  34.5	27.5
  35.5	19.5
  36.5	19
  37.5	29
  38.5	17
  39.5	20
  40.5	13.5
  41.5	27.5
  42.5	27
  43.5	28
  44.5	25
  45.5	15.3333
  46.5	16
  47.5	20.9762
  48.5	28
  49.5	27
  50.5	20
  51.5	22.5
  52.5	32
  53.5	24.5
  54.5	21
  55.5	18
  56.5	29
  57.5	22.5
  58.5	23.5
  59.5	23
  60.5	27
  61.5	18
  62.5	27.5
  63.5	27
  64.5	15
  65.5	24
  66.5	33
  67.5	26
  68.5	25
  69.5	20
  70.5	23
  71.5	25
  72.5	17
  73.5	19
  74.5	23
  75.5	23
  76.5	21
  77.5	28
  78.5	22
  79.5	27.5
  80.5	21
  81.5	20
  82.5	22
  83.5	25
  84.5	21
  85.5	25
  86.5	20
  87.5	20
  88.5	22.75
  89.5	22
  90.5	21
  91.5	22.5
  92.5	16
  93.5	20.3333
  94.5	13
  95.5	22
  96.5	16
  97.5	18
  98.5	22
  99.5	24.5
 100.5	18
 101.5	24
 102.5	17
 103.5	22
 104.5	29.5
 105.5	20
 106.5	29
 107.5	21
 108.5	19
 109.5	21.5
 110.5	27.3333
 111.5	22
 112.5	32
 113.5	25
 114.5	23.5
 115.5	19.5
 116.5	23
 117.5	20
 118.5	20
 119.5	32
 120.5	21.5
 121.5	26
 122.5	19
 123.5	23
 124.5	18
 125.5	11
 126.5	22.5
 127.5	17
 128.5	18
 129.5	32
 130.5	21
 131.5	21
 132.5	18
 133.5	24
 134.5	22.5
 135.5	29
 136.5	23
 137.5	19
 138.5	21
 139.5	22
 140.5	24.5
 141.5	31
 142.5	15
 143.5	16.5
 144.5	19.5
 145.5	24
 146.5	13
 147.5	14
 148.5	27
 149.5	23
 150.5	28
DB 2 MOTIF	MAFG_HUMAN.H11MO.1.A
-151.0	27
-150.0	19.5
-149.0	26.5
-148.0	20
-147.0	21
-146.0	19
-145.0	26
-144.0	19
-143.0	20.5
-142.0	22.5
-141.0	21
-140.0	31.5
-139.0	19
-138.0	28
-137.0	24.5
-136.0	18.5
-135.0	37.5
-134.0	28.25
-133.0	13.5
-132.0	26
-131.0	23
-130.0	20
-129.0	23.5
-128.0	23.5
-127.0	24
-126.0	17
-125.0	28.5
-124.0	19
-123.0	21
-122.0	27.3333
-121.0	17.5833
-120.0	14
-119.0	26
-118.0	13.5
-117.0	21.5
-116.0	18
-115.0	24
-114.0	23.5
-113.0	25
-112.0	24
-111.0	27
-110.0	22.5
-109.0	19
-108.0	20
-107.0	17
-106.0	29
-105.0	18.5
-104.0	18.5
-103.0	14
-102.0	20
-101.0	25
-100.0	23
 -99.0	20
 -98.0	24.4167
 -97.0	20
 -96.0	25.5
 -95.0	26
 -94.0	23
 -93.0	23.5
 -92.0	26.5
 -91.0	27.5
 -90.0	27.5
 -89.0	21.5
 -88.0	18
 -87.0	19
 -86.0	22.5
 -85.0	22.5
 -84.0	24.5
 -83.0	28
 -82.0	27.5
 -81.0	21
 -80.0	23
 -79.0	25.3333
 -78.0	29.5
 -77.0	18.5
 -76.0	29.5
 -75.0	29
 -74.0	12.5
 -73.0	16.5
 -72.0	28
 -71.0	19.5
 -70.0	19
 -69.0	21
 -68.0	20
 -67.0	22
 -66.0	32
 -65.0	28.5
 -64.0	30.5
 -63.0	22
 -62.0	17
 -61.0	23.5
 -60.0	18.3333
 -59.0	29.5
 -58.0	26
 -57.0	30
 -56.0	26.5833
 -55.0	31
 -54.0	25.5
 -53.0	29.25
 -52.0	22
 -51.0	23.75
 -50.0	22
 -49.0	20.5
 -48.0	15
 -47.0	31.5
 -46.0	27.5
 -45.0	21
 -44.0	16.3333
 -43.0	31.5
 -42.0	22
 -41.0	32
 -40.0	26
 -39.0	23.5
 -38.0	36
 -37.0	19.9167
 -36.0	21.8333
 -35.0	27
 -34.0	27
 -33.0	24
 -32.0	36
 -31.0	25.25
 -30.0	26
 -29.0	22.5
 -28.0	28
 -27.0	20.5
 -26.0	27
 -25.0	17
 -24.0	40.5
 -23.0	25
 -22.0	32.5
 -21.0	31
 -20.0	32.5
 -19.0	29.5
 -18.0	22.0833
 -17.0	24.5
 -16.0	28
 -15.0	29.5
 -14.0	25
 -13.0	19
 -12.0	28.5
 -11.0	16.5
 -10.0	23.5
  -9.0	29.8333
  -8.0	25.5
  -7.0	31
  -6.0	25.5
  -5.0	24
  -4.0	24.5
  -3.0	27
  -2.0	27.5
  -1.0	24
   0.0	31
   1.0	24.3333
   2.0	33
   3.0	34.5
   4.0	20
   5.0	20.5833
   6.0	23
   7.0	27
   8.0	20
   9.0	26.5
  10.0	23
  11.0	31.3333
  12.0	32
  13.0	24.5
  14.0	16.5
  15.0	25
  16.0	22
  17.0	28.5
  18.0	33.3333
  19.0	23.75
  20.0	31
  21.0	32
  22.0	32
  23.0	26.0833
  24.0	35.5
  25.0	27.3333
  26.0	15.5
  27.0	29.5
  28.0	17.5
  29.0	24
  30.0	23.25
  31.0	27
  32.0	23.5
  33.0	23
  34.0	30.5
  35.0	16
  36.0	28
  37.0	23
  38.0	29.5
  39.0	23.5
  40.0	21
  41.0	19.5
  42.0	26
  43.0	28
  44.0	17
  45.0	19
  46.0	21.5
  47.0	29
  48.0	21.8333
  49.0	25.5
  50.0	20
  51.0	24
  52.0	28
  53.0	23
  54.0	27
  55.0	27.25
  56.0	22
  57.0	31.8333
  58.0	35.8333
  59.0	21
  60.0	27.0833
  61.0	15.5
  62.0	34.5
  63.0	28
  64.0	15
  65.0	23.5
  66.0	31
  67.0	22.5
  68.0	18
  69.0	35.5
  70.0	21
  71.0	22
  72.0	18
  73.0	21
  74.0	28.3333
  75.0	24
  76.0	22
  77.0	18.5
  78.0	28
  79.0	28
  80.0	29
  81.0	20.5
  82.0	23
  83.0	18
  84.0	27
  85.0	22
  86.0	33.5
  87.0	16.5
  88.0	23
  89.0	24.25
  90.0	26
  91.0	23
  92.0	28
  93.0	16
  94.0	18.5
  95.0	20
  96.0	30.3333
  97.0	22
  98.0	27
  99.0	22
 100.0	28.5
 101.0	21.25
 102.0	21
 103.0	25.5
 104.0	29.5
 105.0	28
 106.0	24
 107.0	21
 108.0	26.5
 109.0	17
 110.0	24
 111.0	24
 112.0	26.25
 113.0	33.5
 114.0	24
 115.0	31.8333
 116.0	29.5
 117.0	25.5
 118.0	25
 119.0	25.0833
 120.0	28.8333
 121.0	17
 122.0	30
 123.0	24.5
 124.0	31
 125.0	16
 126.0	15.5
 127.0	28
 128.0	25.25
 129.0	24.5
 130.0	29.5
 131.0	23
 132.0	24.5
 133.0	22
 134.0	32
 135.0	22
 136.0	27
 137.0	23.5833
 138.0	21.5
 139.0	18.3333
 140.0	27.5
 141.0	21
 142.0	24
 143.0	17.5
 144.0	21.5
 145.0	24
 146.0	18
 147.0	13
 148.0	22
 149.0	22.5
 150.0	29
 151.0	23.75
DB 2 MOTIF	MAFK_HUMAN.H11MO.0.A
-146.0	6
-145.0	9
-144.0	6
-143.0	4
-142.0	8
-141.0	1
-140.0	7
-139.0	7
-138.0	3
-137.0	7
-136.0	8
-135.0	5
-134.0	2
-133.0	5
-132.0	7
-131.0	7
-130.0	3
-129.0	3
-128.0	5
-127.0	6
-126.0	2
-125.0	11
-124.0	5
-123.0	3
-122.0	4
-121.0	5
-120.0	3
-119.0	6
-118.0	4
-117.0	5
-116.0	5
-115.0	6
-114.0	5
-113.0	6
-112.0	4
-111.0	7
-110.0	8
-109.0	5
-108.0	5
-107.0	6
-106.0	5
-105.0	7
-104.0	3
-103.0	3
-102.0	4
-101.0	4
-100.0	3
 -99.0	5
 -98.0	7
 -97.0	7
 -96.0	7
 -95.0	7
 -94.0	5
 -93.0	6
 -92.0	7
 -91.0	9
 -90.0	8
 -89.0	6
 -88.0	9
 -87.0	6
 -86.0	8
 -85.0	6
 -84.0	3
 -83.0	5
 -82.0	10
 -81.0	6
 -80.0	4
 -79.0	3
 -78.0	5
 -77.0	9
 -76.0	10
 -75.0	9
 -74.0	6
 -73.0	7
 -72.0	1
 -71.0	7
 -70.0	4
 -69.0	5
 -68.0	10
 -67.0	4
 -66.0	7
 -65.0	7
 -64.0	6
 -63.0	7
 -62.0	9
 -61.0	5
 -60.0	6
 -59.0	2
 -58.0	7
 -57.0	7
 -56.0	5
 -55.0	7
 -54.0	5
 -53.0	7
 -52.0	7
 -51.0	6
 -50.0	10
 -49.0	3
 -48.0	3
 -47.0	8
 -46.0	1
 -45.0	6
 -44.0	12
 -43.0	9
 -42.0	7
 -41.0	5
 -40.0	3
 -39.0	10
 -38.0	14
 -37.0	9
 -36.0	2
 -35.0	7
 -34.0	7
 -33.0	8
 -32.0	8
 -31.0	11
 -30.0	11
 -29.0	5
 -28.0	4
 -27.0	5
 -26.0	7
 -25.0	4
 -24.0	8
 -23.0	8
 -22.0	9
 -21.0	11
 -20.0	6
 -19.0	4
 -18.0	3
 -17.0	5
 -16.0	13
 -15.0	11
 -14.0	3
 -13.0	7
 -12.0	8
 -11.0	5
 -10.0	2
  -9.0	7
  -8.0	9
  -7.0	6
  -6.0	5
  -5.0	4
  -4.0	6
  -3.0	4
  -2.0	7
  -1.0	1
   0.0	6
   1.0	9
   2.0	8
   3.0	9
   4.0	7
   5.0	7
   6.0	8
   7.0	11
   8.0	4
   9.0	7
  10.0	9
  11.0	5
  12.0	7
  13.0	3
  14.0	8
  15.0	7
  16.0	6
  17.0	8
  18.0	7
  19.0	7
  20.0	5
  21.0	6
  22.0	5
  23.0	4
  24.0	14
  25.0	10
  26.0	13
  27.0	4
  28.0	5
  29.0	5
  30.0	6
  31.0	13
  32.0	2
  33.0	12
  34.0	10
  35.0	6
  36.0	7
  37.0	7
  38.0	5
  39.0	12
  40.0	10
  41.0	5
  42.0	8
  43.0	4
  44.0	3
  45.0	5
  46.0	2
  47.0	8
  48.0	5
  49.0	13
  50.0	5
  51.0	4
  52.0	9
  53.0	8
  54.0	2
  55.0	6
  56.0	9
  57.0	7
  58.0	6
  59.0	7
  60.0	8
  61.0	4
  62.0	9
  63.0	5
  64.0	2
  65.0	4
  66.0	9
  67.0	10
  68.0	3
  69.0	6
  70.0	9
  71.0	6
  72.0	1
  73.0	3
  74.0	13
  75.0	4
  76.0	11
  77.0	7
  78.0	4
  79.0	5
  80.0	7
  81.0	6
  82.0	9
  83.0	5
  84.0	9
  85.0	6
  86.0	9
  87.0	4
  88.0	9
  89.0	9
  90.0	10
  91.0	9
  92.0	6
  93.0	4
  94.0	2
  95.0	3
  96.0	8
  97.0	6
  98.0	5
  99.0	5
 100.0	8
 101.0	3
 102.0	4
 103.0	11
 104.0	4
 105.0	5
 106.0	7
 107.0	5
 108.0	4
 109.0	8
 110.0	6
 111.0	5
 112.0	3
 113.0	9
 114.0	6
 115.0	5
 116.0	5
 117.0	10
 118.0	8
 119.0	9
 120.0	6
 121.0	3
 122.0	5
 123.0	5
 124.0	9
 125.0	2
 126.0	2
 127.0	7
 128.0	4
 129.0	4
 130.0	5
 131.0	4
 132.0	7
 133.0	10
 134.0	5
 135.0	4
 136.0	6
 137.0	5
 138.0	6
 139.0	3
 140.0	4
 141.0	7
 142.0	5
 143.0	3
 144.0	4
 145.0	3
 146.0	5
DB 2 MOTIF	MAFK_HUMAN.H11MO.1.A
-148.5	16
-147.5	11
-146.5	12
-145.5	15
-144.5	24.5
-143.5	16.5
-142.5	25.5
-141.5	25
-140.5	8
-139.5	14
-138.5	14
-137.5	17
-136.5	14
-135.5	22
-134.5	14
-133.5	16
-132.5	19
-131.5	19.5
-130.5	16
-129.5	16
-128.5	14.1429
-127.5	13
-126.5	14
-125.5	22
-124.5	12
-123.5	16
-122.5	18
-121.5	13
-120.5	13
-119.5	14
-118.5	21
-117.5	15
-116.5	10
-115.5	10
-114.5	16
-113.5	19
-112.5	16
-111.5	17
-110.5	16
-109.5	16
-108.5	15
-107.5	18.5
-106.5	13
-105.5	13
-104.5	15
-103.5	13
-102.5	21
-101.5	11
-100.5	16
 -99.5	18.1429
 -98.5	17.5
 -97.5	22
 -96.5	17
 -95.5	19
 -94.5	17
 -93.5	18
 -92.5	18
 -91.5	12
 -90.5	20
 -89.5	15
 -88.5	20
 -87.5	16
 -86.5	27
 -85.5	23.5
 -84.5	23
 -83.5	26.5
 -82.5	16
 -81.5	19
 -80.5	15
 -79.5	18.5
 -78.5	27
 -77.5	14.5
 -76.5	16
 -75.5	21
 -74.5	15
 -73.5	14
 -72.5	19
 -71.5	18
 -70.5	14.1429
 -69.5	19
 -68.5	12.5
 -67.5	25
 -66.5	22
 -65.5	23
 -64.5	16
 -63.5	19
 -62.5	22.8333
 -61.5	22
 -60.5	26
 -59.5	21
 -58.5	18.5
 -57.5	18
 -56.5	15
 -55.5	17.5
 -54.5	22
 -53.5	30
 -52.5	24
 -51.5	16
 -50.5	17
 -49.5	19
 -48.5	10
 -47.5	19
 -46.5	11
 -45.5	21
 -44.5	16
 -43.5	21
 -42.5	22
 -41.5	22.1429
 -40.5	24
 -39.5	21
 -38.5	24
 -37.5	20
 -36.5	29
 -35.5	22
 -34.5	16
 -33.5	17
 -32.5	21
 -31.5	13
 -30.5	16
 -29.5	22
 -28.5	29
 -27.5	21
 -26.5	15
 -25.5	20
 -24.5	19
 -23.5	17
 -22.5	21
 -21.5	18
 -20.5	20
 -19.5	28
 -18.5	29
 -17.5	15
 -16.5	13.5
 -15.5	19
 -14.5	22.5
 -13.5	20
 -12.5	22.1429
 -11.5	23.3333
 -10.5	19
  -9.5	25
  -8.5	18
  -7.5	15
  -6.5	21
  -5.5	18
  -4.5	22
  -3.5	14
  -2.5	21.25
  -1.5	28
  -0.5	33
   0.5	22.5
   1.5	17
   2.5	22
   3.5	21.5
   4.5	17
   5.5	21
   6.5	23
   7.5	26
   8.5	26
   9.5	22
  10.5	19
  11.5	15
  12.5	23
  13.5	15
  14.5	27
  15.5	21
  16.5	18.1429
  17.5	17
  18.5	20
  19.5	15.5
  20.5	11
  21.5	26
  22.5	27.3333
  23.5	27
  24.5	24
  25.5	20
  26.5	18
  27.5	22
  28.5	21
  29.5	22
  30.5	24
  31.5	18
  32.5	23
  33.5	17
  34.5	24.25
  35.5	25
  36.5	13
  37.5	16
  38.5	12
  39.5	24
  40.5	11
  41.5	26
  42.5	26
  43.5	13
  44.5	20
  45.5	12.1429
  46.5	13
  47.5	24
  48.5	17.5
  49.5	13.5
  50.5	25
  51.5	22.75
  52.5	17
  53.5	18.5
  54.5	28
  55.5	20.5
  56.5	23
  57.5	16
  58.5	20.5
  59.5	17
  60.5	16
  61.5	15
  62.5	19
  63.5	12
  64.5	17
  65.5	18
  66.5	15
  67.5	14
  68.5	24.25
  69.5	9
  70.5	14
  71.5	17
  72.5	15.5
  73.5	26
  74.5	19.5
  75.5	24
  76.5	21
  77.5	22
  78.5	11
  79.5	21
  80.5	16
  81.5	17
  82.5	22
  83.5	18
  84.5	14
  85.5	23
  86.5	26
  87.5	18
  88.5	26
  89.5	18
  90.5	21
  91.5	18
  92.5	10
  93.5	21
  94.5	10
  95.5	9
  96.5	19
  97.5	15.5
  98.5	18
  99.5	19
 100.5	18
 101.5	20
 102.5	24
 103.5	20
 104.5	14
 105.5	21
 106.5	14
 107.5	17
 108.5	23
 109.5	17
 110.5	17
 111.5	12
 112.5	22
 113.5	15
 114.5	16.5
 115.5	21
 116.5	16
 117.5	15
 118.5	12
 119.5	16
 120.5	18
 121.5	17
 122.5	20
 123.5	16
 124.5	24
 125.5	9
 126.5	23
 127.5	18
 128.5	10
 129.5	14
 130.5	19
 131.5	19
 132.5	20
 133.5	18
 134.5	11
 135.5	22
 136.5	15
 137.5	14.5
 138.5	18
 139.5	16
 140.5	19.5
 141.5	19
 142.5	19
 143.5	18
 144.5	11
 145.5	16
 146.5	14.5
 147.5	9
 148.5	22
DB 2 MOTIF	MAF_HUMAN.H11MO.0.A
-145.5	17
-144.5	16
-143.5	26
-142.5	23
-141.5	15
-140.5	28
-139.5	15
-138.5	17.5
-137.5	27
-136.5	13
-135.5	21.5
-134.5	28
-133.5	27
-132.5	14
-131.5	20
-130.5	23
-129.5	18
-128.5	11
-127.5	26
-126.5	16
-125.5	18
-124.5	20
-123.5	24
-122.5	16
-121.5	17.5
-120.5	17
-119.5	12
-118.5	15
-117.5	23
-116.5	20
-115.5	23.5
-114.5	19
-113.5	15
-112.5	19
-111.5	12
-110.5	18
-109.5	13
-108.5	16
-107.5	21
-106.5	22
-105.5	18
-104.5	27
-103.5	17
-102.5	15
-101.5	24
-100.5	23
 -99.5	23
 -98.5	21
 -97.5	22
 -96.5	25
 -95.5	29
 -94.5	27
 -93.5	15
 -92.5	17
 -91.5	19
 -90.5	30
 -89.5	27
 -88.5	20
 -87.5	24
 -86.5	17
 -85.5	24
 -84.5	26
 -83.5	18
 -82.5	21
 -81.5	19.5
 -80.5	22
 -79.5	21
 -78.5	16
 -77.5	33.5
 -76.5	19
 -75.5	15
 -74.5	23
 -73.5	13
 -72.5	16
 -71.5	22
 -70.5	17
 -69.5	29
 -68.5	21
 -67.5	31
 -66.5	19
 -65.5	20
 -64.5	27
 -63.5	25
 -62.5	23
 -61.5	25
 -60.5	19
 -59.5	16
 -58.5	16
 -57.5	17
 -56.5	35
 -55.5	17
 -54.5	18
 -53.5	26.5
 -52.5	27
 -51.5	25
 -50.5	19
 -49.5	13
 -48.5	21
 -47.5	27
 -46.5	10
 -45.5	21
 -44.5	10
 -43.5	35
 -42.5	27
 -41.5	18
 -40.5	24
 -39.5	29
 -38.5	37
 -37.5	32
 -36.5	16
 -35.5	19
 -34.5	24.5
 -33.5	22
 -32.5	28
 -31.5	24
 -30.5	26
 -29.5	29
 -28.5	17
 -27.5	23
 -26.5	26
 -25.5	16
 -24.5	23
 -23.5	28
 -22.5	32
 -21.5	30
 -20.5	25
 -19.5	28
 -18.5	17
 -17.5	20.5
 -16.5	23
 -15.5	29
 -14.5	18
 -13.5	21
 -12.5	14
 -11.5	24
 -10.5	17
  -9.5	34
  -8.5	27
  -7.5	21
  -6.5	26.5
  -5.5	14
  -4.5	18
  -3.5	20.5
  -2.5	24
  -1.5	18
  -0.5	29
   0.5	28
   1.5	19
   2.5	19.5
   3.5	23
   4.5	27
   5.5	21
   6.5	36
   7.5	28
   8.5	25.5
   9.5	27
  10.5	29
  11.5	26
  12.5	18
  13.5	19
  14.5	18
  15.5	19
  16.5	16
  17.5	23
  18.5	16
  19.5	28
  20.5	28
  21.5	22
  22.5	24
  23.5	27
  24.5	32
  25.5	26
  26.5	22
  27.5	24
  28.5	17
  29.5	21
  30.5	22
  31.5	17
  32.5	21
  33.5	27
  34.5	21
  35.5	10
  36.5	30
  37.5	20
  38.5	21
  39.5	24
  40.5	17
  41.5	22
  42.5	20
  43.5	24
  44.5	18
  45.5	15
  46.5	22
  47.5	24
  48.5	26
  49.5	31
  50.5	10
  51.5	24.5
  52.5	26
  53.5	19
  54.5	20
  55.5	18
  56.5	27
  57.5	25
  58.5	21
  59.5	22
  60.5	20
  61.5	16.5
  62.5	28
  63.5	25
  64.5	16
  65.5	22
  66.5	34
  67.5	20
  68.5	27
  69.5	26
  70.5	28
  71.5	19
  72.5	23
  73.5	30
  74.5	28
  75.5	24
  76.5	16
  77.5	27
  78.5	23
  79.5	24
  80.5	20
  81.5	14
  82.5	19
  83.5	18.5
  84.5	27
  85.5	16.5
  86.5	22
  87.5	33
  88.5	20
  89.5	23
  90.5	22
  91.5	17
  92.5	22
  93.5	19
  94.5	16
  95.5	26.5
  96.5	16.5
  97.5	15
  98.5	18
  99.5	23.5
 100.5	20.5
 101.5	20
 102.5	19
 103.5	18
 104.5	22
 105.5	16
 106.5	18
 107.5	22
 108.5	20
 109.5	16
 110.5	24
 111.5	24
 112.5	25
 113.5	18
 114.5	21
 115.5	27
 116.5	27
 117.5	20
 118.5	17.5
 119.5	24
 120.5	23
 121.5	21.5
 122.5	25
 123.5	25
 124.5	20
 125.5	23
 126.5	23.5
 127.5	19.5
 128.5	14.5
 129.5	17
 130.5	19
 131.5	12
 132.5	15
 133.5	27
 134.5	26
 135.5	26
 136.5	26
 137.5	18
 138.5	16
 139.5	24
 140.5	19
 141.5	20
 142.5	12
 143.5	16
 144.5	23
 145.5	15
DB 2 MOTIF	MAF_HUMAN.H11MO.1.B
-151.0	26
-150.0	20.5
-149.0	21
-148.0	21
-147.0	13.5
-146.0	16.5
-145.0	19.5
-144.0	19
-143.0	15
-142.0	17
-141.0	19
-140.0	21
-139.0	13
-138.0	27
-137.0	22.5
-136.0	14.5
-135.0	26
-134.0	19
-133.0	19
-132.0	25
-131.0	26
-130.0	22.5
-129.0	21
-128.0	19
-127.0	23
-126.0	16.5
-125.0	21
-124.0	16
-123.0	22
-122.0	20
-121.0	22.25
-120.0	17
-119.0	25
-118.0	17
-117.0	18
-116.0	20
-115.0	22
-114.0	10
-113.0	27
-112.0	20
-111.0	19
-110.0	22
-109.0	23
-108.0	15
-107.0	16
-106.0	18
-105.0	20
-104.0	15
-103.0	9
-102.0	23.5
-101.0	25
-100.0	15
 -99.0	14
 -98.0	16
 -97.0	19.5
 -96.0	20
 -95.0	24
 -94.0	20
 -93.0	22
 -92.0	25
 -91.0	18.5
 -90.0	23
 -89.0	23.5
 -88.0	24
 -87.0	23
 -86.0	19
 -85.0	21.5
 -84.0	21.5
 -83.0	26
 -82.0	16
 -81.0	20.5
 -80.0	24.5
 -79.0	21
 -78.0	25
 -77.0	26.8333
 -76.0	27
 -75.0	23
 -74.0	20.6667
 -73.0	15.5
 -72.0	21.5
 -71.0	21
 -70.0	18
 -69.0	25
 -68.0	23.5
 -67.0	20
 -66.0	24.5
 -65.0	21.5
 -64.0	31
 -63.0	22
 -62.0	16
 -61.0	14.5
 -60.0	15.3333
 -59.0	23
 -58.0	25
 -57.0	36
 -56.0	23.5
 -55.0	29
 -54.0	24.5
 -53.0	24
 -52.0	22.3333
 -51.0	19.75
 -50.0	14.5
 -49.0	17
 -48.0	15
 -47.0	28
 -46.0	22
 -45.0	14
 -44.0	25.8333
 -43.0	32.8333
 -42.0	22
 -41.0	33
 -40.0	25
 -39.0	27.5
 -38.0	31
 -37.0	29.5
 -36.0	16.5
 -35.0	28
 -34.0	24.3333
 -33.0	30.75
 -32.0	22.5
 -31.0	30
 -30.0	19.5
 -29.0	21
 -28.0	21.5
 -27.0	22
 -26.0	33
 -25.0	22
 -24.0	29.5
 -23.0	26.5
 -22.0	41
 -21.0	27.5
 -20.0	29.5
 -19.0	21
 -18.0	14
 -17.0	25
 -16.0	29
 -15.0	24
 -14.0	29.8333
 -13.0	20
 -12.0	32
 -11.0	16
 -10.0	17
  -9.0	26.8333
  -8.0	22.5
  -7.0	19
  -6.0	18
  -5.0	22.5
  -4.0	26
  -3.0	24
  -2.0	22
  -1.0	22
   0.0	33.5
   1.0	20.8333
   2.0	29.5
   3.0	19
   4.0	23.5
   5.0	21.5
   6.0	30
   7.0	33.8333
   8.0	24.8333
   9.0	20.5
  10.0	25
  11.0	25
  12.0	26.8333
  13.0	21.5
  14.0	26.5
  15.0	27.3333
  16.0	27
  17.0	22.75
  18.0	28.3333
  19.0	16.25
  20.0	25
  21.0	24
  22.0	24
  23.0	21.5
  24.0	25
  25.0	35.8333
  26.0	24.5
  27.0	22
  28.0	24
  29.0	26
  30.0	26
  31.0	23.1667
  32.0	19.5
  33.0	24.5
  34.0	25.6667
  35.0	8.5
  36.0	24.5
  37.0	26.1667
  38.0	32.5
  39.0	25.5
  40.0	15.6667
  41.0	16
  42.0	19
  43.0	31.1667
  44.0	19
  45.0	20
  46.0	19.1667
  47.0	25.5
  48.0	17.3333
  49.0	35
  50.0	22.5
  51.0	20
  52.0	30
  53.0	23.5
  54.0	25.5
  55.0	20
  56.0	27.5
  57.0	30
  58.0	30.3333
  59.0	17.5
  60.0	23.5
  61.0	20
  62.0	26
  63.0	28
  64.0	12.5
  65.0	22
  66.0	26
  67.0	30
  68.0	19
  69.0	33.5
  70.0	20
  71.0	29
  72.0	23
  73.0	23
  74.0	21.75
  75.0	16
  76.0	19
  77.0	20
  78.0	21
  79.0	20
  80.0	18
  81.0	18
  82.0	18.5
  83.0	17.5
  84.0	17
  85.0	22
  86.0	25.5
  87.0	14
  88.0	27
  89.0	17.25
  90.0	27
  91.0	24.5
  92.0	22
  93.0	14.6667
  94.0	18
  95.0	16
  96.0	23
  97.0	17.5
  98.0	25
  99.0	16.5
 100.0	27.5
 101.0	23.5
 102.0	22
 103.0	25
 104.0	20
 105.0	20
 106.0	19
 107.0	26
 108.0	25.5
 109.0	10
 110.0	21.5
 111.0	19
 112.0	29
 113.0	25.5
 114.0	19
 115.0	28.8333
 116.0	22
 117.0	25.5
 118.0	19.5
 119.0	19.5
 120.0	23.3333
 121.0	16
 122.0	20
 123.0	17.5
 124.0	28
 125.0	14.5
 126.0	18.5
 127.0	17.5
 128.0	17
 129.0	13
 130.0	23.25
 131.0	8.5
 132.0	18.5
 133.0	18.5
 134.0	31.5
 135.0	21
 136.0	26.5
 137.0	24
 138.0	21.5
 139.0	16.3333
 140.0	31.5
 141.0	17
 142.0	15
 143.0	17
 144.0	19
 145.0	22
 146.0	14.5
 147.0	11
 148.0	21
 149.0	22.5
 150.0	25
 151.0	22.5
DB 2 MOTIF	MEIS1_HUMAN.H11MO.1.B
-150.5	17
-149.5	20
-148.5	19.5
-147.5	19.8333
-146.5	25
-145.5	23.5
-144.5	24.5
-143.5	26.5
-142.5	18
-141.5	21.5
-140.5	28.5
-139.5	22.5
-138.5	27
-137.5	20.2
-136.5	22
-135.5	24
-134.5	16
-133.5	26.5
-132.5	23
-131.5	14
-130.5	23
-129.5	26
-128.5	16
-127.5	20
-126.5	22
-125.5	18
-124.5	19.5
-123.5	29
-122.5	26
-121.5	25
-120.5	19
-119.5	25
-118.5	22.5
-117.5	20.5
-116.5	18
-115.5	19
-114.5	22
-113.5	29
-112.5	17
-111.5	16.5
-110.5	26
-109.5	26
-108.5	24.25
-107.5	21
-106.5	29
-105.5	18
-104.5	21
-103.5	26
-102.5	21
-101.5	15
-100.5	20
 -99.5	11.5
 -98.5	20.5
 -97.5	19
 -96.5	25.5
 -95.5	27
 -94.5	21
 -93.5	22
 -92.5	21
 -91.5	21
 -90.5	34.5
 -89.5	21
 -88.5	27.3333
 -87.5	16
 -86.5	25
 -85.5	27
 -84.5	18
 -83.5	22.5
 -82.5	20
 -81.5	21.5
 -80.5	12
 -79.5	29.5
 -78.5	22
 -77.5	19
 -76.5	26
 -75.5	21
 -74.5	26
 -73.5	31
 -72.5	31.5
 -71.5	29
 -70.5	23
 -69.5	12
 -68.5	28
 -67.5	28
 -66.5	29
 -65.5	30.5
 -64.5	22
 -63.5	23.5
 -62.5	33
 -61.5	15
 -60.5	22.5
 -59.5	25
 -58.5	26.5
 -57.5	31
 -56.5	26
 -55.5	20
 -54.5	17
 -53.5	26
 -52.5	29
 -51.5	26
 -50.5	26
 -49.5	24.5
 -48.5	23
 -47.5	27
 -46.5	28
 -45.5	18
 -44.5	22
 -43.5	24
 -42.5	27
 -41.5	28.25
 -40.5	23
 -39.5	25
 -38.5	20
 -37.5	15
 -36.5	23
 -35.5	21
 -34.5	21.5
 -33.5	27
 -32.5	24.5
 -31.5	24
 -30.5	22.5
 -29.5	28
 -28.5	25
 -27.5	29.7
 -26.5	26.5
 -25.5	20.5
 -24.5	23
 -23.5	22
 -22.5	27
 -21.5	39
 -20.5	27
 -19.5	15
 -18.5	21.5
 -17.5	31.5
 -16.5	15.5
 -15.5	26
 -14.5	27.5
 -13.5	27
 -12.5	27
 -11.5	39
 -10.5	24
  -9.5	19.3333
  -8.5	26.5
  -7.5	29
  -6.5	27.5
  -5.5	18
  -4.5	22
  -3.5	19
  -2.5	18
  -1.5	28.8333
  -0.5	26
   0.5	28
   1.5	21
   2.5	22
   3.5	24
   4.5	27
   5.5	21
   6.5	22
   7.5	22
   8.5	28.5
   9.5	22
  10.5	26
  11.5	28
  12.5	28
  13.5	36
  14.5	16.5
  15.5	37
  16.5	21
  17.5	26
  18.5	29
  19.5	36
  20.5	22
  21.5	25
  22.5	24
  23.5	33.75
  24.5	31
  25.5	24.5
  26.5	34
  27.5	31.5
  28.5	23
  29.5	20
  30.5	31
  31.5	20.5
  32.5	17
  33.5	20.2
  34.5	29.5
  35.5	25
  36.5	25
  37.5	21
  38.5	28.5
  39.5	26
  40.5	18
  41.5	14
  42.5	27
  43.5	13
  44.5	23.5
  45.5	16
  46.5	20
  47.5	26.5
  48.5	22
  49.5	21
  50.5	26
  51.5	14
  52.5	21
  53.5	22.3333
  54.5	15.5
  55.5	17
  56.5	24
  57.5	27
  58.5	28.5
  59.5	26.5
  60.5	21
  61.5	18.25
  62.5	26
  63.5	28
  64.5	27
  65.5	24
  66.5	26
  67.5	26.5
  68.5	21.5
  69.5	18
  70.5	24
  71.5	29.5
  72.5	18.5
  73.5	21.5
  74.5	19
  75.5	22
  76.5	33.5
  77.5	16
  78.5	18.5
  79.5	24.5
  80.5	24.5
  81.5	18.5
  82.5	19
  83.5	22
  84.5	17
  85.5	27
  86.5	30
  87.5	20.5
  88.5	21
  89.5	25.25
  90.5	14.45
  91.5	22
  92.5	24
  93.5	22.5
  94.5	19
  95.5	17
  96.5	24
  97.5	20
  98.5	27
  99.5	19
 100.5	25
 101.5	32
 102.5	19
 103.5	9
 104.5	17
 105.5	15
 106.5	22
 107.5	15
 108.5	18
 109.5	28
 110.5	21
 111.5	15
 112.5	25
 113.5	29
 114.5	18
 115.5	33
 116.5	28
 117.5	17.25
 118.5	18
 119.5	22
 120.5	35
 121.5	20.5
 122.5	28
 123.5	22
 124.5	21
 125.5	18
 126.5	21
 127.5	18
 128.5	24
 129.5	14
 130.5	18.5
 131.5	26.5
 132.5	16
 133.5	21
 134.5	21
 135.5	20.5
 136.5	24.5
 137.5	18
 138.5	20.5
 139.5	19.2
 140.5	21
 141.5	15
 142.5	15.5
 143.5	23
 144.5	19.3333
 145.5	18.25
 146.5	16
 147.5	25
 148.5	23
 149.5	16
 150.5	25.5
DB 2 MOTIF	MEIS2_HUMAN.H11MO.0.B
-148.5	6
-147.5	5
-146.5	4
-145.5	5
-144.5	0
-143.5	4
-142.5	6
-141.5	6
-140.5	6
-139.5	2
-138.5	2
-137.5	5
-136.5	6
-135.5	6
-134.5	2
-133.5	6
-132.5	5
-131.5	5
-130.5	5
-129.5	5
-128.5	6
-127.5	4
-126.5	7
-125.5	7
-124.5	3
-123.5	4
-122.5	4
-121.5	7
-120.5	6
-119.5	2
-118.5	5
-117.5	0
-116.5	4
-115.5	10
-114.5	1
-113.5	2
-112.5	8
-111.5	4
-110.5	3
-109.5	7
-108.5	3
-107.5	4
-106.5	2
-105.5	6
-104.5	9
-103.5	9
-102.5	0
-101.5	6
-100.5	3
 -99.5	6
 -98.5	3
 -97.5	3
 -96.5	8
 -95.5	3
 -94.5	5
 -93.5	5
 -92.5	3
 -91.5	6
 -90.5	3
 -89.5	3
 -88.5	2
 -87.5	5
 -86.5	6
 -85.5	6
 -84.5	6
 -83.5	4
 -82.5	6
 -81.5	8
 -80.5	7
 -79.5	4
 -78.5	6
 -77.5	4
 -76.5	7
 -75.5	5
 -74.5	5
 -73.5	5
 -72.5	6
 -71.5	5
 -70.5	4
 -69.5	5
 -68.5	8
 -67.5	7
 -66.5	7
 -65.5	7
 -64.5	2
 -63.5	5
 -62.5	9
 -61.5	10
 -60.5	4
 -59.5	9
 -58.5	5
 -57.5	6
 -56.5	8
 -55.5	2
 -54.5	7
 -53.5	4
 -52.5	5
 -51.5	5
 -50.5	5
 -49.5	11
 -48.5	4
 -47.5	6
 -46.5	11
 -45.5	6
 -44.5	7
 -43.5	7.5
 -42.5	6
 -41.5	5
 -40.5	6
 -39.5	4
 -38.5	2
 -37.5	3
 -36.5	2
 -35.5	6
 -34.5	9
 -33.5	4
 -32.5	10
 -31.5	3
 -30.5	7
 -29.5	6
 -28.5	7
 -27.5	9
 -26.5	7
 -25.5	2
 -24.5	7
 -23.5	8
 -22.5	2.5
 -21.5	6
 -20.5	6
 -19.5	7
 -18.5	9
 -17.5	8.5
 -16.5	6
 -15.5	5
 -14.5	6
 -13.5	4
 -12.5	6
 -11.5	7
 -10.5	6
  -9.5	6
  -8.5	4
  -7.5	3
  -6.5	5
  -5.5	5
  -4.5	5
  -3.5	5
  -2.5	7
  -1.5	4
  -0.5	2
   0.5	3
   1.5	7
   2.5	4
   3.5	7
   4.5	9
   5.5	4
   6.5	3.5
   7.5	8
   8.5	6
   9.5	4
  10.5	6
  11.5	5
  12.5	7
  13.5	9
  14.5	5
  15.5	5
  16.5	10
  17.5	5
  18.5	7
  19.5	7
  20.5	5
  21.5	4
  22.5	7
  23.5	7
  24.5	7
  25.5	5
  26.5	7
  27.5	11
  28.5	6
  29.5	8
  30.5	7
  31.5	4
  32.5	9
  33.5	7
  34.5	6
  35.5	8
  36.5	7
  37.5	10
  38.5	5
  39.5	4
  40.5	3
  41.5	8
  42.5	8
  43.5	7
  44.5	11
  45.5	3
  46.5	2
  47.5	6
  48.5	3
  49.5	2
  50.5	3
  51.5	6
  52.5	5
  53.5	8
  54.5	6
  55.5	4
  56.5	7
  57.5	8
  58.5	3
  59.5	4
  60.5	3
  61.5	3
  62.5	2
  63.5	3
  64.5	4
  65.5	5
  66.5	2
  67.5	3
  68.5	4
  69.5	9
  70.5	6
  71.5	5
  72.5	4
  73.5	4
  74.5	8
  75.5	2
  76.5	5
  77.5	5
  78.5	4
  79.5	8
  80.5	3
  81.5	0
  82.5	6
  83.5	6
  84.5	3
  85.5	4
  86.5	7
  87.5	4
  88.5	7
  89.5	4
  90.5	2
  91.5	3
  92.5	3
  93.5	5
  94.5	1
  95.5	5
  96.5	1
  97.5	2
  98.5	7
  99.5	6
 100.5	3
 101.5	6
 102.5	5
 103.5	6
 104.5	10
 105.5	5
 106.5	5
 107.5	2
 108.5	3
 109.5	5
 110.5	5
 111.5	9
 112.5	7
 113.5	5
 114.5	7
 115.5	12
 116.5	5
 117.5	3
 118.5	3
 119.5	6
 120.5	4
 121.5	10
 122.5	3
 123.5	2
 124.5	3
 125.5	4
 126.5	1
 127.5	3
 128.5	4
 129.5	6
 130.5	4
 131.5	2
 132.5	2
 133.5	6
 134.5	3
 135.5	4
 136.5	4
 137.5	7
 138.5	8
 139.5	6
 140.5	1
 141.5	4
 142.5	5
 143.5	5
 144.5	3
 145.5	3
 146.5	2
 147.5	6
 148.5	8
DB 2 MOTIF	MEIS3_HUMAN.H11MO.0.D
-149.5	14
-148.5	19
-147.5	12.5
-146.5	15
-145.5	14
-144.5	13
-143.5	18
-142.5	14
-141.5	16
-140.5	15
-139.5	17
-138.5	19
-137.5	10
-136.5	9
-135.5	15
-134.5	15
-133.5	16
-132.5	9
-131.5	10
-130.5	10
-129.5	13
-128.5	20
-127.5	13
-126.5	16
-125.5	17
-124.5	9.5
-123.5	16
-122.5	12
-121.5	18
-120.5	16
-119.5	12
-118.5	10
-117.5	7
-116.5	16
-115.5	14
-114.5	10
-113.5	21
-112.5	18
-111.5	11
-110.5	12
-109.5	14
-108.5	14
-107.5	11.5
-106.5	14
-105.5	14
-104.5	17
-103.5	12
-102.5	12
-101.5	10
-100.5	9
 -99.5	15
 -98.5	10
 -97.5	15
 -96.5	14.5
 -95.5	10.5
 -94.5	18
 -93.5	13.5
 -92.5	12
 -91.5	19.5
 -90.5	14
 -89.5	21
 -88.5	11
 -87.5	13
 -86.5	20
 -85.5	13
 -84.5	13
 -83.5	21
 -82.5	18
 -81.5	15
 -80.5	16.5
 -79.5	21
 -78.5	21.5
 -77.5	18
 -76.5	16
 -75.5	15
 -74.5	24
 -73.5	17.5
 -72.5	16
 -71.5	9
 -70.5	19
 -69.5	23
 -68.5	17
 -67.5	22
 -66.5	23
 -65.5	19.5
 -64.5	17
 -63.5	20
 -62.5	11
 -61.5	15
 -60.5	13
 -59.5	13.5
 -58.5	21
 -57.5	24
 -56.5	21.5
 -55.5	17
 -54.5	16.5
 -53.5	17
 -52.5	20.5
 -51.5	18
 -50.5	11
 -49.5	12
 -48.5	17
 -47.5	14
 -46.5	15
 -45.5	16
 -44.5	14
 -43.5	21
 -42.5	22
 -41.5	16
 -40.5	23
 -39.5	17
 -38.5	13
 -37.5	14
 -36.5	15.3333
 -35.5	24
 -34.5	22
 -33.5	16
 -32.5	25
 -31.5	11
 -30.5	16
 -29.5	18
 -28.5	30
 -27.5	21
 -26.5	24
 -25.5	12
 -24.5	26.3333
 -23.5	19
 -22.5	18
 -21.5	19
 -20.5	21
 -19.5	24
 -18.5	19
 -17.5	14
 -16.5	16
 -15.5	22
 -14.5	24
 -13.5	12
 -12.5	20
 -11.5	18
 -10.5	18
  -9.5	18
  -8.5	16
  -7.5	16
  -6.5	13
  -5.5	16
  -4.5	13
  -3.5	19
  -2.5	11
  -1.5	19
  -0.5	24
   0.5	16
   1.5	18.5
   2.5	15
   3.5	18.5
   4.5	19.3333
   5.5	15
   6.5	13.5
   7.5	17
   8.5	18
   9.5	20
  10.5	17
  11.5	21
  12.5	19
  13.5	15
  14.5	30
  15.5	11
  16.5	15
  17.5	20
  18.5	17
  19.5	14
  20.5	21
  21.5	24
  22.5	19
  23.5	8
  24.5	15
  25.5	17
  26.5	20
  27.5	17
  28.5	16
  29.5	19
  30.5	11.5
  31.5	17
  32.5	18
  33.5	14
  34.5	15.5
  35.5	22
  36.5	21
  37.5	23
  38.5	10
  39.5	17.5
  40.5	8
  41.5	11
  42.5	12
  43.5	19
  44.5	17
  45.5	17
  46.5	16
  47.5	15
  48.5	16
  49.5	8
  50.5	14
  51.5	12
  52.5	14
  53.5	15.5
  54.5	16
  55.5	13
  56.5	16
  57.5	18
  58.5	17
  59.5	13
  60.5	9.25
  61.5	16
  62.5	17
  63.5	14
  64.5	16
  65.5	17
  66.5	16
  67.5	20
  68.5	17
  69.5	17
  70.5	19
  71.5	13
  72.5	16
  73.5	16
  74.5	9
  75.5	15
  76.5	20
  77.5	16
  78.5	12
  79.5	13.5
  80.5	11
  81.5	19
  82.5	15
  83.5	8
  84.5	14.5
  85.5	12
  86.5	13
  87.5	18
  88.5	16.25
  89.5	13
  90.5	15
  91.5	9
  92.5	13
  93.5	17
  94.5	11
  95.5	15
  96.5	11
  97.5	20
  98.5	14
  99.5	17
 100.5	16
 101.5	17
 102.5	16
 103.5	16
 104.5	9
 105.5	16
 106.5	8
 107.5	14
 108.5	14
 109.5	5
 110.5	9
 111.5	14
 112.5	17
 113.5	20
 114.5	21
 115.5	12
 116.5	16.25
 117.5	19
 118.5	14
 119.5	18
 120.5	15
 121.5	23
 122.5	11
 123.5	10
 124.5	13
 125.5	10
 126.5	14
 127.5	20
 128.5	10
 129.5	13
 130.5	16
 131.5	10
 132.5	11
 133.5	21
 134.5	20
 135.5	16
 136.5	12
 137.5	15
 138.5	9
 139.5	24
 140.5	13
 141.5	13
 142.5	8
 143.5	11
 144.5	12.25
 145.5	17
 146.5	12
 147.5	12
 148.5	14
 149.5	8
DB 2 MOTIF	MLXPL_HUMAN.H11MO.0.D
-145.5	4
-144.5	4
-143.5	6
-142.5	5
-141.5	2
-140.5	3
-139.5	10
-138.5	2
-137.5	4
-136.5	3
-135.5	2
-134.5	3
-133.5	3
-132.5	9
-131.5	5
-130.5	5
-129.5	6
-128.5	7
-127.5	4
-126.5	5
-125.5	1
-124.5	3
-123.5	7
-122.5	7
-121.5	2
-120.5	4
-119.5	7
-118.5	4
-117.5	1
-116.5	4
-115.5	6
-114.5	8
-113.5	2
-112.5	3
-111.5	7
-110.5	7
-109.5	3
-108.5	4
-107.5	4
-106.5	3
-105.5	3
-104.5	4
-103.5	6
-102.5	4
-101.5	8
-100.5	7
 -99.5	4
 -98.5	6
 -97.5	5
 -96.5	3
 -95.5	2
 -94.5	5
 -93.5	5
 -92.5	6
 -91.5	3
 -90.5	2.5
 -89.5	2
 -88.5	3
 -87.5	3
 -86.5	1
 -85.5	3
 -84.5	6
 -83.5	2
 -82.5	0
 -81.5	2
 -80.5	4
 -79.5	3
 -78.5	2
 -77.5	5
 -76.5	4
 -75.5	3
 -74.5	5
 -73.5	4
 -72.5	6
 -71.5	4
 -70.5	6
 -69.5	3
 -68.5	1
 -67.5	3
 -66.5	2
 -65.5	2
 -64.5	5.5
 -63.5	7
 -62.5	8
 -61.5	1.5
 -60.5	7
 -59.5	4
 -58.5	5
 -57.5	3
 -56.5	4
 -55.5	5
 -54.5	6
 -53.5	7
 -52.5	4
 -51.5	5
 -50.5	11
 -49.5	6
 -48.5	8
 -47.5	4
 -46.5	6
 -45.5	5
 -44.5	3
 -43.5	4
 -42.5	0
 -41.5	5
 -40.5	4
 -39.5	4
 -38.5	3
 -37.5	2
 -36.5	7
 -35.5	6
 -34.5	6
 -33.5	5
 -32.5	6
 -31.5	4
 -30.5	6
 -29.5	4
 -28.5	4
 -27.5	4
 -26.5	3
 -25.5	13
 -24.5	7
 -23.5	4
 -22.5	4
 -21.5	4
 -20.5	3
 -19.5	7
 -18.5	7
 -17.5	1
 -16.5	7
 -15.5	11
 -14.5	4
 -13.5	7
 -12.5	5
 -11.5	8
 -10.5	3
  -9.5	8
  -8.5	0.5
  -7.5	7
  -6.5	7
  -5.5	5
  -4.5	9
  -3.5	7
  -2.5	7
  -1.5	6
  -0.5	6
   0.5	3
   1.5	7
   2.5	4
   3.5	4
   4.5	7
   5.5	6
   6.5	9
   7.5	6
   8.5	7
   9.5	5
  10.5	5
  11.5	4
  12.5	2
  13.5	5
  14.5	10
  15.5	5
  16.5	7
  17.5	0
  18.5	4
  19.5	2
  20.5	8.5
  21.5	3
  22.5	8
  23.5	4
  24.5	3
  25.5	4
  26.5	6
  27.5	7
  28.5	6
  29.5	0
  30.5	4
  31.5	7
  32.5	7
  33.5	0
  34.5	5
  35.5	7
  36.5	5
  37.5	8
  38.5	2
  39.5	2
  40.5	5
  41.5	5
  42.5	5
  43.5	4
  44.5	5
  45.5	2
  46.5	7
  47.5	7
  48.5	2
  49.5	4
  50.5	4
  51.5	4
  52.5	5
  53.5	3
  54.5	3
  55.5	6
  56.5	5
  57.5	3
  58.5	6
  59.5	5
  60.5	4
  61.5	2
  62.5	2
  63.5	4
  64.5	6
  65.5	6
  66.5	4
  67.5	4
  68.5	4
  69.5	6
  70.5	1
  71.5	3
  72.5	3
  73.5	3
  74.5	6
  75.5	4
  76.5	1.5
  77.5	7
  78.5	5
  79.5	4
  80.5	5
  81.5	5
  82.5	4
  83.5	9
  84.5	7
  85.5	0
  86.5	6
  87.5	5
  88.5	1
  89.5	2
  90.5	3
  91.5	4
  92.5	5
  93.5	6
  94.5	3
  95.5	5
  96.5	10
  97.5	8
  98.5	2
  99.5	2
 100.5	2
 101.5	4
 102.5	6
 103.5	6
 104.5	7
 105.5	5
 106.5	4
 107.5	4
 108.5	4
 109.5	1
 110.5	2
 111.5	2
 112.5	8
 113.5	4
 114.5	3
 115.5	2
 116.5	7
 117.5	3
 118.5	5
 119.5	2
 120.5	4
 121.5	0
 122.5	6
 123.5	7
 124.5	5
 125.5	3
 126.5	6
 127.5	3
 128.5	6
 129.5	4
 130.5	4
 131.5	4
 132.5	3
 133.5	6
 134.5	4
 135.5	1
 136.5	2
 137.5	4
 138.5	6
 139.5	5
 140.5	3
 141.5	2
 142.5	4
 143.5	5
 144.5	3
 145.5	2
DB 2 MOTIF	MLX_HUMAN.H11MO.0.D
-149.5	3
-148.5	3
-147.5	4
-146.5	5
-145.5	1
-144.5	1
-143.5	0
-142.5	0
-141.5	0
-140.5	1
-139.5	0
-138.5	2
-137.5	0
-136.5	2
-135.5	1
-134.5	2
-133.5	0
-132.5	1
-131.5	3
-130.5	2
-129.5	1
-128.5	2
-127.5	0
-126.5	0
-125.5	4
-124.5	0
-123.5	2
-122.5	2
-121.5	1
-120.5	0
-119.5	4
-118.5	3
-117.5	3
-116.5	0
-115.5	0
-114.5	2
-113.5	0
-112.5	0
-111.5	1
-110.5	0
-109.5	3
-108.5	1
-107.5	3
-106.5	3
-105.5	2
-104.5	2
-103.5	1
-102.5	1
-101.5	1
-100.5	2
 -99.5	2
 -98.5	2
 -97.5	1
 -96.5	1
 -95.5	0
 -94.5	2
 -93.5	2
 -92.5	4
 -91.5	0
 -90.5	0
 -89.5	3
 -88.5	1
 -87.5	3
 -86.5	1
 -85.5	0
 -84.5	0
 -83.5	0
 -82.5	1
 -81.5	2
 -80.5	1
 -79.5	0
 -78.5	1
 -77.5	1
 -76.5	2
 -75.5	1
 -74.5	5
 -73.5	3
 -72.5	1
 -71.5	1
 -70.5	2
 -69.5	2
 -68.5	2.5
 -67.5	2
 -66.5	1
 -65.5	1.5
 -64.5	2.33333
 -63.5	2
 -62.5	1
 -61.5	4
 -60.5	3
 -59.5	0
 -58.5	2
 -57.5	5
 -56.5	2
 -55.5	1
 -54.5	3
 -53.5	2
 -52.5	3
 -51.5	3
 -50.5	1
 -49.5	1
 -48.5	2
 -47.5	1
 -46.5	0
 -45.5	1
 -44.5	1
 -43.5	1
 -42.5	2
 -41.5	1
 -40.5	2.33333
 -39.5	3
 -38.5	1
 -37.5	2
 -36.5	1
 -35.5	7
 -34.5	1
 -33.5	1
 -32.5	2
 -31.5	4
 -30.5	5
 -29.5	3
 -28.5	1
 -27.5	2
 -26.5	2
 -25.5	1
 -24.5	2
 -23.5	1
 -22.5	3
 -21.5	3
 -20.5	1
 -19.5	0
 -18.5	4
 -17.5	2
 -16.5	3
 -15.5	2
 -14.5	1.5
 -13.5	5
 -12.5	7
 -11.5	1.5
 -10.5	2
  -9.5	1
  -8.5	3
  -7.5	1
  -6.5	1
  -5.5	2
  -4.5	5
  -3.5	3
  -2.5	5
  -1.5	2
  -0.5	1
   0.5	1
   1.5	2
   2.5	3
   3.5	4
   4.5	0
   5.5	2
   6.5	2
   7.5	2
   8.5	2
   9.5	4
  10.5	1
  11.5	2.5
  12.5	2
  13.5	4
  14.5	3.5
  15.5	1
  16.5	5
  17.5	3
  18.5	2
  19.5	1
  20.5	2
  21.5	1
  22.5	6
  23.5	2
  24.5	0
  25.5	2
  26.5	0
  27.5	4
  28.5	3.33333
  29.5	0
  30.5	0
  31.5	4
  32.5	3
  33.5	1
  34.5	3
  35.5	1
  36.5	1
  37.5	4
  38.5	1
  39.5	3
  40.5	4
  41.5	1
  42.5	3
  43.5	2
  44.5	1
  45.5	1
  46.5	1
  47.5	2
  48.5	2
  49.5	3
  50.5	1
  51.5	1
  52.5	3
  53.5	0
  54.5	1
  55.5	0
  56.5	2
  57.5	2
  58.5	2
  59.5	2
  60.5	2
  61.5	2
  62.5	0
  63.5	4
  64.5	3
  65.5	1
  66.5	3
  67.5	0
  68.5	0
  69.5	0
  70.5	3
  71.5	0
  72.5	0
  73.5	1
  74.5	1
  75.5	1
  76.5	0
  77.5	1
  78.5	1
  79.5	0
  80.5	1
  81.5	1
  82.5	0
  83.5	1
  84.5	1
  85.5	3
  86.5	1
  87.5	3
  88.5	4
  89.5	3
  90.5	4
  91.5	1
  92.5	0
  93.5	1
  94.5	3
  95.5	1
  96.5	0
  97.5	0
  98.5	2
  99.5	2
 100.5	1
 101.5	0
 102.5	1
 103.5	4
 104.5	2
 105.5	0
 106.5	1
 107.5	2
 108.5	2
 109.5	2
 110.5	1
 111.5	1
 112.5	1
 113.5	0
 114.5	0
 115.5	0
 116.5	1
 117.5	2
 118.5	3
 119.5	1
 120.5	2
 121.5	2
 122.5	0
 123.5	2
 124.5	1
 125.5	1
 126.5	1
 127.5	2
 128.5	0
 129.5	0
 130.5	3
 131.5	1
 132.5	0
 133.5	1.5
 134.5	0
 135.5	1
 136.5	1.5
 137.5	0
 138.5	1
 139.5	2
 140.5	2
 141.5	1
 142.5	2.5
 143.5	0
 144.5	0
 145.5	2.5
 146.5	3
 147.5	3
 148.5	2
 149.5	4
DB 2 MOTIF	MYBB_HUMAN.H11MO.0.D
-150.0	19
-149.0	27
-148.0	19.5
-147.0	19
-146.0	22.2
-145.0	23
-144.0	18.5
-143.0	21.5
-142.0	20
-141.0	13
-140.0	24
-139.0	31
-138.0	23
-137.0	16
-136.0	23
-135.0	25
-134.0	22
-133.0	16
-132.0	16
-131.0	21
-130.0	15
-129.0	24
-128.0	20
-127.0	36
-126.0	23
-125.0	17
-124.0	25
-123.0	32
-122.0	25.5
-121.0	27
-120.0	26
-119.0	19
-118.0	16
-117.0	22.3333
-116.0	24.5
-115.0	25
-114.0	30
-113.0	25.5
-112.0	22
-111.0	20
-110.0	27.7
-109.0	25
-108.0	19
-107.0	19
-106.0	23
-105.0	18
-104.0	18
-103.0	16
-102.0	25
-101.0	16
-100.0	22
 -99.0	17
 -98.0	17
 -97.0	20
 -96.0	17
 -95.0	25
 -94.0	22
 -93.0	16.5
 -92.0	22.5
 -91.0	28
 -90.0	17
 -89.0	28
 -88.0	26
 -87.0	30
 -86.0	36
 -85.0	30.5
 -84.0	31
 -83.0	24
 -82.0	15
 -81.0	14.5
 -80.0	27
 -79.0	24
 -78.0	24
 -77.0	24.5
 -76.0	25.5
 -75.0	32.5
 -74.0	22.2
 -73.0	27.5
 -72.0	23
 -71.0	24
 -70.0	28
 -69.0	18
 -68.0	16
 -67.0	28.5
 -66.0	22.5
 -65.0	22
 -64.0	19.5
 -63.0	24
 -62.0	25
 -61.0	21
 -60.0	34
 -59.0	17
 -58.0	27.5
 -57.0	25.5
 -56.0	20.5
 -55.0	25
 -54.0	25
 -53.0	27.5
 -52.0	35
 -51.0	21
 -50.0	26.3333
 -49.0	31.5
 -48.0	35
 -47.0	26
 -46.0	30
 -45.0	26
 -44.0	26
 -43.0	25
 -42.0	31
 -41.0	22.5
 -40.0	28.5
 -39.0	23.5
 -38.0	28.7
 -37.0	24
 -36.0	28
 -35.0	31
 -34.0	19
 -33.0	36
 -32.0	17
 -31.0	18.5
 -30.0	35
 -29.0	21
 -28.0	31.5
 -27.0	28
 -26.0	28
 -25.0	27
 -24.0	31.5
 -23.0	19
 -22.0	33
 -21.0	22
 -20.0	27
 -19.0	32
 -18.0	26
 -17.0	28.3333
 -16.0	30
 -15.0	30
 -14.0	26.5
 -13.0	27
 -12.0	22
 -11.0	22
 -10.0	19
  -9.0	21
  -8.0	26.3333
  -7.0	35
  -6.0	21.5
  -5.0	34.5
  -4.0	20
  -3.0	21
  -2.0	22.2
  -1.0	21
   0.0	27
   1.0	17.3333
   2.0	28
   3.0	22
   4.0	27
   5.0	30
   6.0	22
   7.0	25
   8.0	15
   9.0	29
  10.0	18.5
  11.0	20.5
  12.0	38.5
  13.0	33
  14.0	17.5
  15.0	25
  16.0	28
  17.0	25.3333
  18.0	26
  19.0	21
  20.0	21
  21.0	28.5
  22.0	25
  23.0	24
  24.0	27.5
  25.0	22
  26.0	20
  27.0	26
  28.0	30.5
  29.0	25.5
  30.0	28
  31.0	27
  32.0	19.5
  33.0	27.8333
  34.0	31.6667
  35.0	24
  36.0	22
  37.0	27
  38.0	17
  39.0	22
  40.0	25
  41.0	26
  42.0	25.8333
  43.0	24.5
  44.0	18
  45.0	32
  46.0	28
  47.0	23
  48.0	24
  49.0	24
  50.0	24
  51.0	21
  52.0	17
  53.0	27.5
  54.0	18
  55.0	39.5
  56.0	16
  57.0	21
  58.0	22.5
  59.0	28
  60.0	19
  61.0	27
  62.0	25
  63.0	30
  64.0	25
  65.0	24
  66.0	26.5
  67.0	25.3333
  68.0	19
  69.0	20
  70.0	21
  71.0	20
  72.0	26
  73.0	23
  74.0	24
  75.0	24
  76.0	19.5
  77.0	27
  78.0	28.5
  79.0	17
  80.0	27
  81.0	24
  82.0	24
  83.0	18
  84.0	18
  85.0	27.5
  86.0	17
  87.0	24.5
  88.0	24
  89.0	26
  90.0	23.5
  91.0	18.5
  92.0	19
  93.0	26
  94.0	19
  95.0	22
  96.0	19
  97.0	25
  98.0	26.3333
  99.0	24
 100.0	26
 101.0	26
 102.0	30
 103.0	27
 104.0	21.3333
 105.0	23
 106.0	26
 107.0	21
 108.0	23
 109.0	32.5
 110.0	20
 111.0	21.5
 112.0	32
 113.0	19
 114.0	19
 115.0	24
 116.0	23
 117.0	32.3333
 118.0	18
 119.0	12
 120.0	28
 121.0	19
 122.0	20.5
 123.0	24
 124.0	19
 125.0	19
 126.0	20
 127.0	26
 128.0	21.5
 129.0	18
 130.0	26
 131.0	19
 132.0	20.5
 133.0	30
 134.0	27
 135.0	28
 136.0	17
 137.0	35
 138.0	24
 139.0	16
 140.0	28
 141.0	27
 142.0	18
 143.0	24
 144.0	29.5
 145.0	22
 146.0	16
 147.0	29
 148.0	26
 149.0	19.8333
 150.0	25
DB 2 MOTIF	MYCN_HUMAN.H11MO.0.A
-149.0	18
-148.0	16
-147.0	14
-146.0	13
-145.0	12
-144.0	7
-143.0	13
-142.0	11
-141.0	10
-140.0	15
-139.0	13
-138.0	12
-137.0	18
-136.0	16
-135.0	14
-134.0	12
-133.0	11
-132.0	19
-131.0	13
-130.0	11.5
-129.0	12.5
-128.0	12
-127.0	11
-126.0	14
-125.0	11.5
-124.0	23
-123.0	8.5
-122.0	11
-121.0	14
-120.0	18
-119.0	5
-118.0	13
-117.0	17
-116.0	12
-115.0	14
-114.0	12
-113.0	16.5
-112.0	10
-111.0	11
-110.0	16
-109.0	13
-108.0	20
-107.0	8
-106.0	16
-105.0	15
-104.0	13.5
-103.0	15
-102.0	7
-101.0	14
-100.0	14
 -99.0	14
 -98.0	18
 -97.0	10
 -96.0	17
 -95.0	14
 -94.0	10
 -93.0	10
 -92.0	9
 -91.0	19
 -90.0	9.5
 -89.0	14
 -88.0	9.5
 -87.0	16
 -86.0	10
 -85.0	10.5
 -84.0	15.5
 -83.0	7
 -82.0	20
 -81.0	15
 -80.0	8
 -79.0	12
 -78.0	17
 -77.0	12
 -76.0	21
 -75.0	17
 -74.0	11.5
 -73.0	13
 -72.0	16
 -71.0	15
 -70.0	13.5
 -69.0	13.5
 -68.0	13
 -67.0	16
 -66.0	7.33333
 -65.0	9.5
 -64.0	15
 -63.0	15.5
 -62.0	14
 -61.0	14
 -60.0	9
 -59.0	19
 -58.0	19.5
 -57.0	16
 -56.0	17.5
 -55.0	16
 -54.0	18
 -53.0	15
 -52.0	15
 -51.0	14
 -50.0	16
 -49.0	13.5
 -48.0	12
 -47.0	12
 -46.0	11
 -45.0	15
 -44.0	10
 -43.0	12
 -42.0	13.3333
 -41.0	21
 -40.0	16
 -39.0	13
 -38.0	14
 -37.0	26.5
 -36.0	11
 -35.0	9
 -34.0	21
 -33.0	15
 -32.0	7.5
 -31.0	18
 -30.0	10
 -29.0	21.5
 -28.0	16.5
 -27.0	16.5
 -26.0	22.5
 -25.0	13
 -24.0	17
 -23.0	8
 -22.0	17
 -21.0	10
 -20.0	12.5
 -19.0	17
 -18.0	17
 -17.0	16
 -16.0	20
 -15.0	11
 -14.0	18
 -13.0	15
 -12.0	15
 -11.0	14
 -10.0	13
  -9.0	12
  -8.0	16
  -7.0	11
  -6.0	9
  -5.0	12
  -4.0	25
  -3.0	16
  -2.0	15
  -1.0	13.5
   0.0	16
   1.0	11
   2.0	17
   3.0	12.5
   4.0	15
   5.0	11
   6.0	10
   7.0	15
   8.0	10
   9.0	21
  10.0	9
  11.0	18
  12.0	12
  13.0	8
  14.0	18
  15.0	13
  16.0	15
  17.0	17
  18.0	20
  19.0	19
  20.0	22
  21.0	12
  22.0	13
  23.0	9
  24.0	21
  25.0	15
  26.0	13
  27.0	20.3333
  28.0	9
  29.0	17
  30.0	13
  31.0	10
  32.0	14
  33.0	25
  34.0	13
  35.0	18
  36.0	18
  37.0	13
  38.0	12.5
  39.0	25
  40.0	18
  41.0	13
  42.0	18
  43.0	10
  44.0	11
  45.0	8
  46.0	12
  47.0	13
  48.0	20
  49.0	19
  50.0	18
  51.0	12
  52.0	13
  53.0	18
  54.0	8
  55.0	16
  56.0	12
  57.0	15
  58.0	28
  59.0	15
  60.0	12.5
  61.0	20
  62.0	16
  63.0	11
  64.0	15
  65.0	12
  66.0	8
  67.0	8
  68.0	12
  69.0	11
  70.0	16
  71.0	13
  72.0	15
  73.0	11
  74.0	17
  75.0	13
  76.0	12
  77.0	11
  78.0	9
  79.0	13
  80.0	12
  81.0	12
  82.0	14
  83.0	15
  84.0	13
  85.0	13.5
  86.0	12
  87.0	10.5
  88.0	11
  89.0	18.5
  90.0	17
  91.0	12.5
  92.0	17
  93.0	12
  94.0	10
  95.0	6
  96.0	11
  97.0	12
  98.0	9
  99.0	3
 100.0	15
 101.0	12
 102.0	13
 103.0	11
 104.0	14
 105.0	15
 106.0	8
 107.0	14
 108.0	13
 109.0	25
 110.0	15
 111.0	14
 112.0	17
 113.0	17
 114.0	18
 115.0	13
 116.0	6
 117.0	8
 118.0	19
 119.0	19
 120.0	15
 121.0	15
 122.0	15
 123.0	15
 124.0	10
 125.0	17
 126.0	13
 127.0	12
 128.0	5
 129.0	12
 130.0	7
 131.0	13
 132.0	10
 133.0	13
 134.0	11
 135.0	12
 136.0	14
 137.0	10
 138.0	15
 139.0	12
 140.0	17
 141.0	18.5
 142.0	12
 143.0	5
 144.0	12
 145.0	9
 146.0	11
 147.0	9
 148.0	15
 149.0	16
DB 2 MOTIF	MYC_HUMAN.H11MO.0.A
-149.5	12
-148.5	14
-147.5	15
-146.5	17
-145.5	14
-144.5	10
-143.5	9
-142.5	14
-141.5	17
-140.5	12
-139.5	12
-138.5	19
-137.5	14
-136.5	12
-135.5	18
-134.5	12
-133.5	12
-132.5	19
-131.5	19
-130.5	12
-129.5	3
-128.5	22
-127.5	9
-126.5	15
-125.5	12.5
-124.5	16
-123.5	13
-122.5	12.5
-121.5	19
-120.5	15
-119.5	13
-118.5	15
-117.5	13
-116.5	17
-115.5	8
-114.5	13
-113.5	16
-112.5	9
-111.5	8
-110.5	11
-109.5	12
-108.5	12
-107.5	13
-106.5	15
-105.5	25
-104.5	14
-103.5	14
-102.5	21
-101.5	8
-100.5	17
 -99.5	18
 -98.5	15.5
 -97.5	10.5
 -96.5	19.5
 -95.5	12.5
 -94.5	16.5
 -93.5	13.5
 -92.5	8.5
 -91.5	18
 -90.5	10
 -89.5	11
 -88.5	15
 -87.5	10
 -86.5	15
 -85.5	12.5
 -84.5	10
 -83.5	11
 -82.5	12
 -81.5	15
 -80.5	14
 -79.5	8
 -78.5	13
 -77.5	13
 -76.5	16
 -75.5	19
 -74.5	9
 -73.5	19
 -72.5	15
 -71.5	10
 -70.5	16
 -69.5	13
 -68.5	11
 -67.5	20.5
 -66.5	13.5
 -65.5	10.3333
 -64.5	7
 -63.5	16.5
 -62.5	20.5
 -61.5	8.5
 -60.5	14.5
 -59.5	12.5
 -58.5	15
 -57.5	21
 -56.5	17.5
 -55.5	14.5
 -54.5	20
 -53.5	12
 -52.5	14
 -51.5	17
 -50.5	13
 -49.5	16
 -48.5	17
 -47.5	13.5
 -46.5	16.5
 -45.5	14
 -44.5	17.5
 -43.5	11
 -42.5	14
 -41.5	16.3333
 -40.5	14
 -39.5	13
 -38.5	11
 -37.5	21
 -36.5	19
 -35.5	11
 -34.5	23
 -33.5	17
 -32.5	12.5
 -31.5	17
 -30.5	24
 -29.5	14.5
 -28.5	19
 -27.5	15.5
 -26.5	12
 -25.5	19
 -24.5	13
 -23.5	19.5
 -22.5	13
 -21.5	20
 -20.5	18.5
 -19.5	14
 -18.5	14.5
 -17.5	11
 -16.5	17
 -15.5	19
 -14.5	19
 -13.5	20
 -12.5	16
 -11.5	14
 -10.5	12
  -9.5	11
  -8.5	20
  -7.5	11
  -6.5	8
  -5.5	6
  -4.5	18
  -3.5	21
  -2.5	22
  -1.5	13
  -0.5	21
   0.5	12
   1.5	21
   2.5	20
   3.5	16
   4.5	16
   5.5	16
   6.5	9
   7.5	16.5
   8.5	15.5
   9.5	20
  10.5	11
  11.5	17.5
  12.5	8
  13.5	17
  14.5	14
  15.5	23
  16.5	12
  17.5	21
  18.5	20
  19.5	19
  20.5	11
  21.5	23
  22.5	15.5
  23.5	20.5
  24.5	13.5
  25.5	8
  26.5	20
  27.5	14.3333
  28.5	16
  29.5	12
  30.5	15
  31.5	12
  32.5	20.5
  33.5	15.5
  34.5	14
  35.5	13
  36.5	19
  37.5	14.5
  38.5	19
  39.5	16
  40.5	11.5
  41.5	15
  42.5	12
  43.5	12
  44.5	15
  45.5	11
  46.5	10
  47.5	15.5
  48.5	16
  49.5	19
  50.5	13
  51.5	16
  52.5	13.5
  53.5	13.5
  54.5	20
  55.5	14
  56.5	14
  57.5	16
  58.5	18.5
  59.5	9
  60.5	20
  61.5	17
  62.5	16
  63.5	12.5
  64.5	14
  65.5	11.5
  66.5	7
  67.5	10
  68.5	10.5
  69.5	10
  70.5	17
  71.5	11
  72.5	12
  73.5	16
  74.5	11.5
  75.5	14
  76.5	10
  77.5	9
  78.5	13
  79.5	12
  80.5	13
  81.5	15
  82.5	19
  83.5	9.5
  84.5	17
  85.5	14
  86.5	12
  87.5	12
  88.5	12.5
  89.5	22
  90.5	12
  91.5	13.5
  92.5	19
  93.5	8
  94.5	9
  95.5	9
  96.5	19
  97.5	12
  98.5	9
  99.5	6
 100.5	12
 101.5	12
 102.5	12
 103.5	15
 104.5	11
 105.5	10
 106.5	11
 107.5	14
 108.5	16
 109.5	21
 110.5	15
 111.5	18
 112.5	22
 113.5	17
 114.5	13
 115.5	12.5
 116.5	15
 117.5	16
 118.5	13.5
 119.5	15.5
 120.5	14
 121.5	16
 122.5	18
 123.5	13
 124.5	12
 125.5	14
 126.5	11
 127.5	12
 128.5	17
 129.5	11
 130.5	10
 131.5	13
 132.5	12
 133.5	7
 134.5	11
 135.5	16
 136.5	8
 137.5	12
 138.5	13
 139.5	13
 140.5	16
 141.5	17
 142.5	7
 143.5	10.5
 144.5	12.5
 145.5	6
 146.5	11.5
 147.5	16.5
 148.5	14
 149.5	15
DB 2 MOTIF	NANOG_HUMAN.H11MO.1.B
-149.5	13
-148.5	15
-147.5	19
-146.5	23
-145.5	13
-144.5	21
-143.5	28.5
-142.5	22
-141.5	15
-140.5	23
-139.5	11
-138.5	9
-137.5	17
-136.5	19.5
-135.5	22
-134.5	24
-133.5	23.5
-132.5	17
-131.5	20
-130.5	18
-129.5	14
-128.5	25
-127.5	18
-126.5	14
-125.5	22
-124.5	23
-123.5	21
-122.5	20
-121.5	17.3333
-120.5	24
-119.5	11.5
-118.5	19
-117.5	15
-116.5	18
-115.5	16
-114.5	19.5
-113.5	14
-112.5	14
-111.5	25
-110.5	19
-109.5	19
-108.5	20
-107.5	25.5
-106.5	11
-105.5	13
-104.5	19
-103.5	17
-102.5	18
-101.5	23
-100.5	16
 -99.5	23
 -98.5	16
 -97.5	34
 -96.5	22
 -95.5	23.5
 -94.5	17
 -93.5	26
 -92.5	24
 -91.5	24
 -90.5	32
 -89.5	24
 -88.5	19.5
 -87.5	25
 -86.5	25
 -85.5	18.3333
 -84.5	12
 -83.5	18
 -82.5	16
 -81.5	16
 -80.5	14
 -79.5	20
 -78.5	16
 -77.5	29
 -76.5	18
 -75.5	33
 -74.5	21
 -73.5	18
 -72.5	16
 -71.5	17
 -70.5	21
 -69.5	26
 -68.5	25.5
 -67.5	27.5
 -66.5	26
 -65.5	8
 -64.5	21
 -63.5	12
 -62.5	22
 -61.5	15
 -60.5	27
 -59.5	23
 -58.5	17
 -57.5	13
 -56.5	24.5
 -55.5	15
 -54.5	19
 -53.5	18
 -52.5	22.5
 -51.5	10.5
 -50.5	23
 -49.5	29
 -48.5	25.5
 -47.5	19
 -46.5	26
 -45.5	19
 -44.5	30
 -43.5	25.5
 -42.5	20
 -41.5	23
 -40.5	20
 -39.5	28.5
 -38.5	18
 -37.5	21.5
 -36.5	26
 -35.5	23
 -34.5	25.5
 -33.5	14
 -32.5	16
 -31.5	24.8333
 -30.5	17
 -29.5	30
 -28.5	19
 -27.5	29
 -26.5	20
 -25.5	25.5
 -24.5	26
 -23.5	27
 -22.5	30
 -21.5	30
 -20.5	22
 -19.5	30
 -18.5	16
 -17.5	28
 -16.5	31
 -15.5	15
 -14.5	19
 -13.5	35
 -12.5	18
 -11.5	21
 -10.5	17.5
  -9.5	37
  -8.5	22
  -7.5	18.5
  -6.5	19
  -5.5	23
  -4.5	25
  -3.5	23
  -2.5	20
  -1.5	27
  -0.5	34
   0.5	18
   1.5	31
   2.5	23
   3.5	27
   4.5	23
   5.5	33
   6.5	29.5
   7.5	24
   8.5	19
   9.5	26.5
  10.5	22
  11.5	32
  12.5	22
  13.5	26
  14.5	16
  15.5	21.5
  16.5	26
  17.5	27
  18.5	21
  19.5	18
  20.5	32
  21.5	25
  22.5	23
  23.5	17
  24.5	33
  25.5	29
  26.5	30
  27.5	25.5
  28.5	25
  29.5	24
  30.5	17
  31.5	19
  32.5	27
  33.5	15
  34.5	19
  35.5	24.5
  36.5	23
  37.5	24
  38.5	23
  39.5	26
  40.5	19
  41.5	23
  42.5	22
  43.5	21
  44.5	17
  45.5	24
  46.5	22
  47.5	33
  48.5	31
  49.5	21
  50.5	27.5
  51.5	19
  52.5	19
  53.5	16
  54.5	23
  55.5	25
  56.5	22
  57.5	28.5
  58.5	12
  59.5	19
  60.5	22
  61.5	17
  62.5	23
  63.5	20
  64.5	15
  65.5	33.5
  66.5	16
  67.5	25
  68.5	18.5
  69.5	22
  70.5	18
  71.5	21.5
  72.5	25.5
  73.5	30
  74.5	24
  75.5	27
  76.5	18.5
  77.5	18
  78.5	27
  79.5	23
  80.5	25
  81.5	22
  82.5	22
  83.5	22
  84.5	22
  85.5	17
  86.5	22
  87.5	23
  88.5	14
  89.5	26
  90.5	20
  91.5	32
  92.5	22
  93.5	11.5
  94.5	18.5
  95.5	17.5
  96.5	16
  97.5	22
  98.5	21.5
  99.5	16
 100.5	23
 101.5	17
 102.5	23
 103.5	10
 104.5	15
 105.5	26
 106.5	25
 107.5	19
 108.5	25
 109.5	20
 110.5	17
 111.5	21
 112.5	18
 113.5	30
 114.5	26
 115.5	23
 116.5	19
 117.5	24
 118.5	20
 119.5	15
 120.5	14
 121.5	16
 122.5	26
 123.5	19
 124.5	21
 125.5	24
 126.5	22
 127.5	15.5
 128.5	21
 129.5	25
 130.5	24
 131.5	16
 132.5	18
 133.5	22
 134.5	18
 135.5	19.5
 136.5	14
 137.5	20
 138.5	19.5
 139.5	19
 140.5	16.5
 141.5	16.5
 142.5	15
 143.5	15.5
 144.5	22
 145.5	26
 146.5	24
 147.5	17
 148.5	20
 149.5	16
DB 2 MOTIF	NF2L1_HUMAN.H11MO.0.C
-151.5	23
-150.5	23.5
-149.5	22.5
-148.5	18
-147.5	22
-146.5	25.5
-145.5	23.3333
-144.5	21.5
-143.5	25
-142.5	32.8333
-141.5	22.5
-140.5	30
-139.5	23.5
-138.5	18
-137.5	21
-136.5	22.5
-135.5	15
-134.5	20.5
-133.5	23.3333
-132.5	19
-131.5	23.5
-130.5	17.6429
-129.5	16
-128.5	18
-127.5	20.8333
-126.5	26.5
-125.5	27
-124.5	22
-123.5	15.5
-122.5	24
-121.5	23
-120.5	20
-119.5	19.5
-118.5	28
-117.5	20.5
-116.5	26.5
-115.5	22
-114.5	18
-113.5	17
-112.5	24
-111.5	29.5
-110.5	24.8333
-109.5	23
-108.5	18
-107.5	14
-106.5	23
-105.5	24
-104.5	16
-103.5	25.8333
-102.5	19.5
-101.5	23.1429
-100.5	18
 -99.5	13.5
 -98.5	22.5
 -97.5	21
 -96.5	27.5
 -95.5	28.3333
 -94.5	21
 -93.5	22
 -92.5	17
 -91.5	26.5
 -90.5	16.5
 -89.5	31
 -88.5	24
 -87.5	22
 -86.5	26
 -85.5	14.5
 -84.5	16
 -83.5	21.5
 -82.5	18.5
 -81.5	18
 -80.5	21.5
 -79.5	27.5
 -78.5	29
 -77.5	20.5
 -76.5	26.5
 -75.5	21
 -74.5	19
 -73.5	23
 -72.5	23.1429
 -71.5	21
 -70.5	16.3333
 -69.5	23.5
 -68.5	21
 -67.5	26
 -66.5	25
 -65.5	23.8333
 -64.5	24.8333
 -63.5	32
 -62.5	15
 -61.5	30.8333
 -60.5	25
 -59.5	22
 -58.5	20
 -57.5	27.3333
 -56.5	21
 -55.5	23.5
 -54.5	24.5
 -53.5	16
 -52.5	26
 -51.5	25
 -50.5	23.8333
 -49.5	22
 -48.5	22.5
 -47.5	17
 -46.5	26
 -45.5	16.5
 -44.5	18.5
 -43.5	29.1429
 -42.5	26.5
 -41.5	19.5
 -40.5	36
 -39.5	22
 -38.5	25.1667
 -37.5	27
 -36.5	30.8333
 -35.5	39.5
 -34.5	19
 -33.5	20.5
 -32.5	20.5
 -31.5	34
 -30.5	23.5
 -29.5	16.5
 -28.5	20
 -27.5	25.5
 -26.5	21.8333
 -25.5	19
 -24.5	18.8333
 -23.5	24.3333
 -22.5	20
 -21.5	27.5
 -20.5	27.5
 -19.5	21.5
 -18.5	20
 -17.5	29.5
 -16.5	28
 -15.5	23.5
 -14.5	37.1429
 -13.5	26
 -12.5	32
 -11.5	19.5
 -10.5	29
  -9.5	20.5
  -8.5	30
  -7.5	26.8333
  -6.5	21
  -5.5	29.5
  -4.5	25
  -3.5	20.5
  -2.5	26
  -1.5	27
  -0.5	30
   0.5	22
   1.5	31.5
   2.5	22
   3.5	26.5
   4.5	22
   5.5	28
   6.5	35
   7.5	28.8333
   8.5	24.5
   9.5	29
  10.5	19
  11.5	22
  12.5	29.5
  13.5	31.5
  14.5	25.1429
  15.5	27.5
  16.5	21.5
  17.5	21.1667
  18.5	24
  19.5	24.5
  20.5	37.5
  21.5	24.5
  22.5	27.5
  23.5	25.5
  24.5	20.5
  25.5	31
  26.5	23.5
  27.5	20
  28.5	20
  29.5	25.5
  30.5	26
  31.5	35
  32.5	22
  33.5	15
  34.5	19.5
  35.5	26.5
  36.5	27.5
  37.5	38
  38.5	17
  39.5	22
  40.5	25.5
  41.5	23.5
  42.5	12
  43.5	20.6429
  44.5	28.5
  45.5	33
  46.5	22.5
  47.5	22
  48.5	26.5
  49.5	25.5
  50.5	26.5
  51.5	22.5
  52.5	24.5
  53.5	18.5
  54.5	19
  55.5	23
  56.5	19
  57.5	19.5
  58.5	25.3333
  59.5	29
  60.5	20.5
  61.5	25.5
  62.5	21
  63.5	23
  64.5	21
  65.5	34.5
  66.5	17.5
  67.5	19.5
  68.5	24
  69.5	20.5
  70.5	21.5
  71.5	28.5
  72.5	21
  73.5	27
  74.5	30
  75.5	25
  76.5	29.5
  77.5	33
  78.5	22
  79.5	17.5
  80.5	26.5
  81.5	17.5
  82.5	21.5
  83.5	27.5
  84.5	24
  85.5	30
  86.5	16.5
  87.5	23.5
  88.5	23
  89.5	25
  90.5	26.5
  91.5	20.5
  92.5	17.5
  93.5	17
  94.5	23.5
  95.5	25.5
  96.5	21
  97.5	18.8333
  98.5	22
  99.5	36
 100.5	13.5
 101.5	21.5
 102.5	21.5
 103.5	13.5
 104.5	16
 105.5	22.5
 106.5	18.5
 107.5	21.5
 108.5	27.5
 109.5	15
 110.5	26
 111.5	27.5
 112.5	23.5
 113.5	20
 114.5	21.5
 115.5	21
 116.5	19.5
 117.5	23
 118.5	17
 119.5	22.3333
 120.5	17
 121.5	24
 122.5	15.5
 123.5	27
 124.5	19
 125.5	18
 126.5	16
 127.5	20
 128.5	15
 129.5	21.3333
 130.5	20.8333
 131.5	17.5
 132.5	22.3333
 133.5	23.5
 134.5	21.5
 135.5	27.5
 136.5	26
 137.5	29
 138.5	25
 139.5	15
 140.5	22.3333
 141.5	20.5
 142.5	27
 143.5	24.5
 144.5	17.5
 145.5	17.5
 146.5	17
 147.5	24.5
 148.5	25.5
 149.5	20.5
 150.5	22
 151.5	26
DB 2 MOTIF	NF2L2_HUMAN.H11MO.0.A
-148.0	4
-147.0	9
-146.0	6
-145.0	6
-144.0	7
-143.0	2
-142.0	8
-141.0	5
-140.0	11
-139.0	7
-138.0	4
-137.0	6
-136.0	4
-135.0	5
-134.0	5
-133.0	5
-132.0	8
-131.0	3
-130.0	3
-129.0	6
-128.0	7
-127.0	4
-126.0	4.14286
-125.0	11
-124.0	7
-123.0	5
-122.0	8
-121.0	10
-120.0	5
-119.0	7
-118.0	6
-117.0	4
-116.0	8
-115.0	3
-114.0	5
-113.0	4
-112.0	7
-111.0	8
-110.0	11
-109.0	4
-108.0	9
-107.0	2
-106.0	7
-105.0	4
-104.0	0
-103.0	5
-102.0	7
-101.0	4
-100.0	8
 -99.0	3
 -98.0	5
 -97.0	8.14286
 -96.0	6
 -95.0	8
 -94.0	8
 -93.0	7
 -92.0	13
 -91.0	8
 -90.0	5
 -89.0	5
 -88.0	5
 -87.0	8
 -86.0	6
 -85.0	10
 -84.0	4
 -83.0	10
 -82.0	8
 -81.0	5
 -80.0	4
 -79.0	9
 -78.0	11
 -77.0	7
 -76.0	3
 -75.0	8
 -74.0	3
 -73.0	6
 -72.0	2
 -71.0	5
 -70.0	5
 -69.0	5
 -68.0	5.14286
 -67.0	6
 -66.0	9
 -65.0	9
 -64.0	8
 -63.0	10
 -62.0	6
 -61.0	5
 -60.0	8
 -59.0	8
 -58.0	6
 -57.0	12
 -56.0	8
 -55.0	8
 -54.0	11
 -53.0	10
 -52.0	4
 -51.0	10
 -50.0	9
 -49.0	4
 -48.0	5
 -47.0	4
 -46.0	5
 -45.0	5
 -44.0	3
 -43.0	9
 -42.0	8
 -41.0	5
 -40.0	8
 -39.0	13.1429
 -38.0	11
 -37.0	2
 -36.0	5
 -35.0	7
 -34.0	3
 -33.0	5
 -32.0	9
 -31.0	10
 -30.0	7
 -29.0	7
 -28.0	3
 -27.0	7
 -26.0	8
 -25.0	5
 -24.0	6
 -23.0	8
 -22.0	10
 -21.0	10
 -20.0	4
 -19.0	10
 -18.0	7
 -17.0	15
 -16.0	10
 -15.0	8.5
 -14.0	8
 -13.0	6
 -12.0	4
 -11.0	5
 -10.0	6.14286
  -9.0	5
  -8.0	8
  -7.0	7
  -6.0	6
  -5.0	8
  -4.0	6
  -3.0	11
  -2.0	9
  -1.0	5
   0.0	7
   1.0	9
   2.0	14
   3.0	12
   4.0	8
   5.0	6.5
   6.0	7
   7.0	10
   8.0	5
   9.0	10
  10.0	13
  11.0	8
  12.0	4
  13.0	3
  14.0	7
  15.0	8
  16.0	12
  17.0	6
  18.0	8
  19.0	15.1429
  20.0	9
  21.0	11
  22.0	7
  23.0	6
  24.0	7
  25.0	7
  26.0	6
  27.0	7
  28.0	10
  29.0	6
  30.0	14
  31.0	8
  32.0	7
  33.0	8
  34.0	9
  35.0	8
  36.0	10
  37.0	4
  38.0	7
  39.0	3
  40.0	9
  41.0	8
  42.0	8
  43.0	5
  44.0	9
  45.0	10
  46.0	3
  47.0	8
  48.0	2.14286
  49.0	6
  50.0	8
  51.0	6
  52.0	11
  53.0	9
  54.0	7
  55.0	6
  56.0	2
  57.0	2
  58.0	5
  59.0	8
  60.0	7
  61.0	7
  62.0	5
  63.0	3
  64.0	6
  65.0	4
  66.0	12
  67.0	4
  68.0	9
  69.0	11
  70.0	4
  71.0	11
  72.0	2
  73.0	11
  74.0	9
  75.0	7
  76.0	5
  77.0	6
  78.0	12
  79.0	10
  80.0	7
  81.0	5
  82.0	5
  83.0	7
  84.0	8
  85.0	8
  86.0	4
  87.0	9
  88.0	8
  89.0	6
  90.0	11
  91.0	8
  92.0	2
  93.0	3
  94.0	6
  95.0	6
  96.0	11
  97.0	8
  98.0	6
  99.0	2
 100.0	6
 101.0	6
 102.0	4
 103.0	12
 104.0	7
 105.0	6
 106.0	5
 107.0	7
 108.0	7
 109.0	9
 110.0	4
 111.0	8
 112.0	13
 113.0	6
 114.0	6
 115.0	5
 116.0	3
 117.0	6
 118.0	3
 119.0	9
 120.0	11
 121.0	6
 122.0	5
 123.0	6
 124.0	7
 125.0	4
 126.0	2
 127.0	3
 128.0	7
 129.0	2
 130.0	4
 131.0	5
 132.0	6
 133.0	7
 134.0	5
 135.0	4
 136.0	7
 137.0	8
 138.0	6
 139.0	4
 140.0	4
 141.0	5
 142.0	4
 143.0	8
 144.0	4
 145.0	2
 146.0	6
 147.0	5
 148.0	4
DB 2 MOTIF	NFE2_HUMAN.H11MO.0.A
-148.5	10
-147.5	10
-146.5	12
-145.5	12
-144.5	15.5
-143.5	15
-142.5	17
-141.5	16
-140.5	11
-139.5	16.5
-138.5	14
-137.5	13
-136.5	8
-135.5	14
-134.5	13
-133.5	5
-132.5	9
-131.5	15
-130.5	8
-129.5	18
-128.5	9.14286
-127.5	12
-126.5	12
-125.5	13
-124.5	12
-123.5	12.25
-122.5	14
-121.5	10
-120.5	8
-119.5	18
-118.5	14.5
-117.5	13
-116.5	12
-115.5	10
-114.5	17
-113.5	11
-112.5	10
-111.5	12
-110.5	11
-109.5	9
-108.5	14
-107.5	8
-106.5	6
-105.5	10
-104.5	16.5
-103.5	14
-102.5	14
-101.5	8
-100.5	14
 -99.5	19.1429
 -98.5	11
 -97.5	17
 -96.5	13
 -95.5	14
 -94.5	14
 -93.5	15
 -92.5	22
 -91.5	13
 -90.5	13
 -89.5	25
 -88.5	10
 -87.5	13
 -86.5	11
 -85.5	15
 -84.5	13
 -83.5	12
 -82.5	14
 -81.5	14
 -80.5	17
 -79.5	20.5
 -78.5	14
 -77.5	9
 -76.5	14
 -75.5	16
 -74.5	9
 -73.5	9
 -72.5	15
 -71.5	15
 -70.5	11.1429
 -69.5	15.5
 -68.5	12
 -67.5	15
 -66.5	16
 -65.5	18
 -64.5	15
 -63.5	10
 -62.5	19.3333
 -61.5	15
 -60.5	16
 -59.5	22
 -58.5	15
 -57.5	14.3333
 -56.5	12
 -55.5	10
 -54.5	20
 -53.5	20.25
 -52.5	20
 -51.5	14
 -50.5	15
 -49.5	8.5
 -48.5	13
 -47.5	8
 -46.5	11
 -45.5	17
 -44.5	13
 -43.5	12.5
 -42.5	17
 -41.5	19.1429
 -40.5	22
 -39.5	11
 -38.5	11
 -37.5	17.5
 -36.5	15
 -35.5	18
 -34.5	14
 -33.5	18
 -32.5	12
 -31.5	6
 -30.5	11
 -29.5	21
 -28.5	17
 -27.5	14
 -26.5	12
 -25.5	12
 -24.5	19
 -23.5	14
 -22.5	10
 -21.5	15
 -20.5	14
 -19.5	19
 -18.5	22
 -17.5	13
 -16.5	17
 -15.5	22.5
 -14.5	16
 -13.5	16.5
 -12.5	18.6429
 -11.5	13.3333
 -10.5	17.5
  -9.5	12
  -8.5	14
  -7.5	18
  -6.5	14
  -5.5	20
  -4.5	19
  -3.5	18
  -2.5	10
  -1.5	18
  -0.5	20
   0.5	12
   1.5	13
   2.5	14
   3.5	18
   4.5	14
   5.5	26
   6.5	13
   7.5	19.5
   8.5	11
   9.5	17
  10.5	12
  11.5	14
  12.5	24
  13.5	20
  14.5	20
  15.5	11
  16.5	17.3929
  17.5	17
  18.5	7
  19.5	15
  20.5	10
  21.5	22
  22.5	21.3333
  23.5	15
  24.5	14
  25.5	17
  26.5	16
  27.5	17.3333
  28.5	15
  29.5	16
  30.5	10
  31.5	16
  32.5	17
  33.5	14
  34.5	14
  35.5	17
  36.5	11
  37.5	13
  38.5	12
  39.5	14
  40.5	11
  41.5	13
  42.5	18
  43.5	15
  44.5	20
  45.5	11.1429
  46.5	16
  47.5	23
  48.5	6
  49.5	16
  50.5	15
  51.5	17
  52.5	15
  53.5	11
  54.5	20
  55.5	22
  56.5	18.5
  57.5	15
  58.5	12
  59.5	10
  60.5	11
  61.5	11
  62.5	22
  63.5	12
  64.5	11
  65.5	14
  66.5	14
  67.5	15
  68.5	20
  69.5	7
  70.5	17
  71.5	11
  72.5	11
  73.5	16
  74.5	13
  75.5	17
  76.5	18
  77.5	12
  78.5	6
  79.5	13
  80.5	17
  81.5	17
  82.5	17
  83.5	14
  84.5	14
  85.5	9
  86.5	16.25
  87.5	20
  88.5	22
  89.5	13
  90.5	9
  91.5	7
  92.5	14
  93.5	17
  94.5	10
  95.5	8
  96.5	9
  97.5	11
  98.5	10.5
  99.5	11
 100.5	21
 101.5	14
 102.5	18
 103.5	15
 104.5	10
 105.5	16
 106.5	15
 107.5	8
 108.5	8
 109.5	17
 110.5	16
 111.5	22
 112.5	11.3333
 113.5	10
 114.5	16
 115.5	14
 116.5	11
 117.5	16
 118.5	12
 119.5	7
 120.5	15
 121.5	17
 122.5	13
 123.5	13
 124.5	11
 125.5	12
 126.5	10
 127.5	18
 128.5	8.5
 129.5	9
 130.5	11
 131.5	21
 132.5	10
 133.5	21
 134.5	6
 135.5	22
 136.5	8.5
 137.5	7
 138.5	17
 139.5	20
 140.5	12
 141.5	12
 142.5	12
 143.5	22
 144.5	5
 145.5	12
 146.5	17
 147.5	11
 148.5	4
DB 2 MOTIF	NFIL3_HUMAN.H11MO.0.D
-149.5	15
-148.5	15
-147.5	8
-146.5	13
-145.5	11
-144.5	6.5
-143.5	20
-142.5	22
-141.5	9
-140.5	9
-139.5	9.5
-138.5	13
-137.5	13
-136.5	20
-135.5	17
-134.5	16
-133.5	10
-132.5	16
-131.5	8
-130.5	12
-129.5	16
-128.5	14
-127.5	16
-126.5	14
-125.5	13
-124.5	12
-123.5	7
-122.5	10.5
-121.5	17.5
-120.5	17
-119.5	19
-118.5	17.25
-117.5	13
-116.5	9
-115.5	13
-114.5	17
-113.5	13
-112.5	17
-111.5	9
-110.5	15
-109.5	13
-108.5	19
-107.5	10.5
-106.5	9
-105.5	17
-104.5	16
-103.5	6
-102.5	8
-101.5	14.5
-100.5	27
 -99.5	15.5
 -98.5	8.5
 -97.5	17
 -96.5	13
 -95.5	17
 -94.5	13
 -93.5	17
 -92.5	13
 -91.5	23
 -90.5	11
 -89.5	12.5
 -88.5	17.5
 -87.5	22
 -86.5	20.5
 -85.5	12
 -84.5	10
 -83.5	15
 -82.5	20
 -81.5	13
 -80.5	12
 -79.5	12
 -78.5	14
 -77.5	11
 -76.5	16
 -75.5	9
 -74.5	26
 -73.5	16
 -72.5	10
 -71.5	11
 -70.5	17
 -69.5	9
 -68.5	18
 -67.5	21.5
 -66.5	14
 -65.5	22
 -64.5	16
 -63.5	16.5
 -62.5	10
 -61.5	21.75
 -60.5	13
 -59.5	20
 -58.5	14
 -57.5	21
 -56.5	22
 -55.5	20
 -54.5	22.5
 -53.5	17
 -52.5	19
 -51.5	24.5
 -50.5	20
 -49.5	17
 -48.5	16
 -47.5	25
 -46.5	13
 -45.5	19
 -44.5	24
 -43.5	21
 -42.5	16
 -41.5	17.5
 -40.5	21
 -39.5	15
 -38.5	21
 -37.5	22
 -36.5	25
 -35.5	15
 -34.5	16
 -33.5	28
 -32.5	17
 -31.5	22
 -30.5	20.5
 -29.5	25.5
 -28.5	21.5
 -27.5	17.5
 -26.5	23
 -25.5	27
 -24.5	15
 -23.5	22
 -22.5	14
 -21.5	22
 -20.5	15
 -19.5	15
 -18.5	15.3333
 -17.5	14
 -16.5	24.5
 -15.5	24
 -14.5	16
 -13.5	24
 -12.5	22
 -11.5	25
 -10.5	15
  -9.5	23
  -8.5	21
  -7.5	24
  -6.5	22
  -5.5	22
  -4.5	23.25
  -3.5	18.5
  -2.5	21.5
  -1.5	22
  -0.5	24
   0.5	25
   1.5	18
   2.5	11.5
   3.5	30.5
   4.5	14
   5.5	17
   6.5	19
   7.5	28.5
   8.5	22.5
   9.5	24.5
  10.5	23
  11.5	39
  12.5	19
  13.5	25
  14.5	19
  15.5	23.5
  16.5	15.5
  17.5	18
  18.5	23
  19.5	23.5
  20.5	18
  21.5	18
  22.5	16
  23.5	25.5
  24.5	17
  25.5	27
  26.5	21
  27.5	17
  28.5	26
  29.5	21.5
  30.5	18.5
  31.5	17.5
  32.5	17
  33.5	14
  34.5	32
  35.5	21.5
  36.5	16.5
  37.5	9.5
  38.5	26
  39.5	19.5
  40.5	17.5
  41.5	12.5
  42.5	18.5
  43.5	17
  44.5	15
  45.5	16
  46.5	25.3333
  47.5	22
  48.5	12.5
  49.5	18.5
  50.5	26
  51.5	13.5
  52.5	24.5
  53.5	18
  54.5	10
  55.5	18.5
  56.5	15
  57.5	20
  58.5	18
  59.5	15
  60.5	18
  61.5	14
  62.5	12
  63.5	23
  64.5	22
  65.5	23
  66.5	7
  67.5	9
  68.5	11.5
  69.5	13
  70.5	13
  71.5	21
  72.5	10
  73.5	13
  74.5	21
  75.5	19
  76.5	15
  77.5	17.5
  78.5	14
  79.5	19
  80.5	14
  81.5	16
  82.5	9.5
  83.5	19
  84.5	17
  85.5	19
  86.5	11
  87.5	15
  88.5	15.5
  89.5	21.5
  90.5	14
  91.5	14
  92.5	16.5
  93.5	16.5
  94.5	15
  95.5	14
  96.5	13.5
  97.5	10
  98.5	14.5
  99.5	13
 100.5	14
 101.5	14
 102.5	13.5
 103.5	14
 104.5	22
 105.5	12
 106.5	14
 107.5	10
 108.5	11
 109.5	11.25
 110.5	10
 111.5	10
 112.5	20
 113.5	12.3333
 114.5	12.5
 115.5	15
 116.5	10
 117.5	13
 118.5	16
 119.5	7
 120.5	8.5
 121.5	6
 122.5	11
 123.5	15
 124.5	17
 125.5	10
 126.5	22
 127.5	16
 128.5	19
 129.5	10
 130.5	16
 131.5	6
 132.5	18
 133.5	15
 134.5	14
 135.5	16
 136.5	22
 137.5	17
 138.5	22
 139.5	16
 140.5	15
 141.5	11
 142.5	14
 143.5	12
 144.5	8
 145.5	13
 146.5	14
 147.5	10
 148.5	14
 149.5	15
DB 2 MOTIF	NFYB_HUMAN.H11MO.0.A
-148.5	4
-147.5	7
-146.5	6
-145.5	10
-144.5	10
-143.5	1
-142.5	10
-141.5	9
-140.5	13
-139.5	9
-138.5	11.5
-137.5	5
-136.5	7
-135.5	5
-134.5	7
-133.5	8
-132.5	7
-131.5	6
-130.5	6
-129.5	4
-128.5	3
-127.5	10
-126.5	7
-125.5	8
-124.5	5
-123.5	6.5
-122.5	6
-121.5	6
-120.5	10
-119.5	7
-118.5	7
-117.5	5
-116.5	8
-115.5	6
-114.5	8
-113.5	7
-112.5	5
-111.5	8
-110.5	15
-109.5	14
-108.5	7
-107.5	8
-106.5	10
-105.5	11
-104.5	15
-103.5	7
-102.5	2
-101.5	12
-100.5	10
 -99.5	4
 -98.5	6
 -97.5	7
 -96.5	8.5
 -95.5	3
 -94.5	12
 -93.5	11
 -92.5	14
 -91.5	11
 -90.5	8
 -89.5	12
 -88.5	7
 -87.5	2
 -86.5	4
 -85.5	10
 -84.5	11
 -83.5	8.5
 -82.5	6
 -81.5	13
 -80.5	10
 -79.5	7
 -78.5	6
 -77.5	7
 -76.5	9
 -75.5	10
 -74.5	8
 -73.5	9
 -72.5	9
 -71.5	10
 -70.5	6
 -69.5	9
 -68.5	13
 -67.5	14
 -66.5	11.5
 -65.5	14
 -64.5	6
 -63.5	5
 -62.5	10
 -61.5	9
 -60.5	10
 -59.5	6
 -58.5	5
 -57.5	7
 -56.5	6
 -55.5	7
 -54.5	6
 -53.5	9.5
 -52.5	8
 -51.5	10
 -50.5	10
 -49.5	8
 -48.5	7
 -47.5	3
 -46.5	4
 -45.5	5.5
 -44.5	6
 -43.5	2
 -42.5	9.5
 -41.5	5
 -40.5	4
 -39.5	10
 -38.5	8
 -37.5	7
 -36.5	11
 -35.5	6
 -34.5	10
 -33.5	7
 -32.5	6
 -31.5	6
 -30.5	5
 -29.5	6
 -28.5	9
 -27.5	10
 -26.5	14
 -25.5	8
 -24.5	12
 -23.5	9
 -22.5	8
 -21.5	10
 -20.5	11
 -19.5	10
 -18.5	11
 -17.5	13
 -16.5	13
 -15.5	4
 -14.5	7
 -13.5	7
 -12.5	9
 -11.5	8
 -10.5	9
  -9.5	10
  -8.5	9
  -7.5	12
  -6.5	10
  -5.5	9
  -4.5	15
  -3.5	8
  -2.5	10
  -1.5	6
  -0.5	6
   0.5	8
   1.5	8
   2.5	7
   3.5	13
   4.5	9
   5.5	11
   6.5	7
   7.5	7
   8.5	7
   9.5	5
  10.5	9
  11.5	14
  12.5	12
  13.5	10
  14.5	5
  15.5	16
  16.5	9
  17.5	5
  18.5	8
  19.5	8
  20.5	9
  21.5	16
  22.5	13
  23.5	5
  24.5	17
  25.5	9
  26.5	14
  27.5	9
  28.5	5
  29.5	10
  30.5	5
  31.5	7
  32.5	9
  33.5	12
  34.5	8
  35.5	10
  36.5	3
  37.5	7
  38.5	8
  39.5	10
  40.5	8
  41.5	4
  42.5	8
  43.5	12
  44.5	5
  45.5	7
  46.5	6
  47.5	10
  48.5	5
  49.5	9.5
  50.5	8
  51.5	5.5
  52.5	9
  53.5	7
  54.5	5
  55.5	12
  56.5	11
  57.5	9
  58.5	8
  59.5	10
  60.5	9
  61.5	10
  62.5	8
  63.5	8
  64.5	7
  65.5	6
  66.5	5
  67.5	10
  68.5	14
  69.5	8
  70.5	6
  71.5	7
  72.5	7
  73.5	8
  74.5	5
  75.5	5
  76.5	8
  77.5	5
  78.5	8
  79.5	7
  80.5	10
  81.5	7
  82.5	10
  83.5	7
  84.5	4
  85.5	5
  86.5	10
  87.5	8
  88.5	3
  89.5	6
  90.5	4
  91.5	14
  92.5	8
  93.5	6
  94.5	12
  95.5	12
  96.5	10
  97.5	6
  98.5	9
  99.5	6
 100.5	8
 101.5	8
 102.5	10
 103.5	2
 104.5	5
 105.5	9
 106.5	6
 107.5	10
 108.5	12
 109.5	12
 110.5	8
 111.5	11
 112.5	10
 113.5	6
 114.5	7
 115.5	9
 116.5	10
 117.5	5
 118.5	11
 119.5	7
 120.5	8
 121.5	7
 122.5	8
 123.5	5
 124.5	9
 125.5	14
 126.5	13
 127.5	4
 128.5	10
 129.5	6
 130.5	12
 131.5	7
 132.5	9
 133.5	11
 134.5	15
 135.5	6
 136.5	6
 137.5	4
 138.5	10
 139.5	5
 140.5	8
 141.5	10
 142.5	11
 143.5	9
 144.5	6
 145.5	5
 146.5	7
 147.5	4
 148.5	12
DB 2 MOTIF	NFYC_HUMAN.H11MO.0.A
-148.0	11
-147.0	14
-146.0	25
-145.0	17
-144.0	15
-143.0	18
-142.0	21.5
-141.0	16
-140.0	15
-139.0	27.5
-138.0	14
-137.0	15
-136.0	10.5
-135.0	12
-134.0	14
-133.0	20
-132.0	16
-131.0	15
-130.0	11
-129.0	8
-128.0	14
-127.0	18
-126.0	19
-125.0	16
-124.0	15.5
-123.0	12
-122.0	19
-121.0	23
-120.0	16
-119.0	17
-118.0	14
-117.0	15
-116.0	12
-115.0	20
-114.0	16
-113.0	20
-112.0	19.5
-111.0	19
-110.0	20
-109.0	21
-108.0	16.5
-107.0	12
-106.0	19
-105.0	27
-104.0	18
-103.0	23
-102.0	16
-101.0	16
-100.0	11.5
 -99.0	16
 -98.0	22
 -97.0	15
 -96.0	16
 -95.0	23
 -94.0	15.5
 -93.0	28
 -92.0	17
 -91.0	24
 -90.0	13
 -89.0	12
 -88.0	6
 -87.0	18
 -86.0	19
 -85.0	25
 -84.0	21
 -83.0	16.5
 -82.0	11
 -81.0	20
 -80.0	16
 -79.0	23
 -78.0	19
 -77.0	18
 -76.0	20
 -75.0	20
 -74.0	21
 -73.0	17
 -72.0	18
 -71.0	19.5
 -70.0	19
 -69.0	25
 -68.0	19
 -67.0	30.5
 -66.0	19
 -65.0	18
 -64.0	15
 -63.0	16
 -62.0	23
 -61.0	17
 -60.0	16
 -59.0	13
 -58.0	22
 -57.0	19
 -56.0	18.5
 -55.0	22
 -54.0	15
 -53.0	22
 -52.0	18.5
 -51.0	20
 -50.0	19
 -49.0	19
 -48.0	18.5
 -47.0	13.5
 -46.0	18
 -45.0	19
 -44.0	21.5
 -43.0	19
 -42.0	22.3333
 -41.0	16
 -40.0	23
 -39.0	21
 -38.0	23
 -37.0	19
 -36.0	16
 -35.0	14
 -34.0	20
 -33.0	18
 -32.0	17
 -31.0	14
 -30.0	17
 -29.0	15
 -28.0	21
 -27.0	21
 -26.0	29
 -25.0	18
 -24.0	31.5
 -23.0	18
 -22.0	10
 -21.0	27
 -20.0	26
 -19.0	23
 -18.0	27.5
 -17.0	17
 -16.0	24
 -15.0	20
 -14.0	10
 -13.0	23
 -12.0	24
 -11.0	20
 -10.0	22
  -9.0	19
  -8.0	28
  -7.0	24
  -6.0	27
  -5.0	15
  -4.0	20
  -3.0	27
  -2.0	17
  -1.0	16
   0.0	16
   1.0	18
   2.0	19
   3.0	13
   4.0	21
   5.0	24
   6.0	13
   7.0	26.5
   8.0	19
   9.0	17
  10.0	16.8333
  11.0	21
  12.0	23
  13.0	14
  14.0	19
  15.0	24
  16.0	26
  17.0	11
  18.0	23
  19.0	23
  20.0	26
  21.0	21.5
  22.0	21
  23.0	18
  24.0	14
  25.0	19
  26.0	33
  27.0	20
  28.0	14
  29.0	26
  30.0	18.5
  31.0	22
  32.0	21
  33.0	19
  34.0	16
  35.0	18
  36.0	16
  37.0	14
  38.0	21
  39.0	22
  40.0	18
  41.0	25
  42.0	15
  43.0	26
  44.0	25
  45.0	12
  46.0	18
  47.0	22
  48.0	18
  49.0	13
  50.0	25
  51.0	19
  52.0	20
  53.0	17
  54.0	17
  55.0	17
  56.0	18
  57.0	20
  58.0	14
  59.0	19
  60.0	16
  61.0	22
  62.0	22
  63.0	15
  64.0	17
  65.0	18
  66.0	9
  67.0	17
  68.0	30
  69.0	19
  70.0	24
  71.0	12
  72.0	18
  73.0	29
  74.0	20
  75.0	13
  76.0	20
  77.0	13
  78.0	18
  79.0	17
  80.0	13
  81.0	24
  82.0	21
  83.0	14
  84.0	15
  85.0	16
  86.0	10.5
  87.0	19
  88.0	16
  89.0	15
  90.0	15
  91.0	15
  92.0	24
  93.0	18.5
  94.0	17
  95.0	26
  96.0	19
  97.0	16
  98.0	20
  99.0	19
 100.0	16
 101.0	19
 102.0	20
 103.0	17
 104.0	10
 105.0	19
 106.0	17
 107.0	23
 108.0	14
 109.0	17
 110.0	22
 111.0	14
 112.0	18
 113.0	24
 114.0	18.3333
 115.0	20
 116.0	16
 117.0	17
 118.0	14
 119.0	13
 120.0	19
 121.0	17
 122.0	20
 123.0	15
 124.0	10
 125.0	25
 126.0	25
 127.0	12
 128.0	18
 129.0	18
 130.0	20
 131.0	14
 132.0	18
 133.0	19
 134.0	28
 135.0	20
 136.0	12
 137.0	18
 138.0	9
 139.0	14
 140.0	14
 141.0	9
 142.0	20
 143.0	18
 144.0	13
 145.0	18
 146.0	13
 147.0	16
 148.0	17
DB 2 MOTIF	NKX28_HUMAN.H11MO.0.C
-150.5	10.1429
-149.5	18
-148.5	11
-147.5	16.3333
-146.5	17
-145.5	15
-144.5	12
-143.5	9
-142.5	20
-141.5	13
-140.5	12.5
-139.5	14
-138.5	13
-137.5	18
-136.5	10
-135.5	8
-134.5	7
-133.5	20.5
-132.5	10.6429
-131.5	8
-130.5	15
-129.5	22
-128.5	18
-127.5	22.5
-126.5	7
-125.5	11
-124.5	11
-123.5	17
-122.5	12.3333
-121.5	17
-120.5	10
-119.5	16
-118.5	16
-117.5	19
-116.5	5
-115.5	12
-114.5	10.1429
-113.5	10
-112.5	17
-111.5	19
-110.5	13
-109.5	13.5
-108.5	20.5
-107.5	16
-106.5	17
-105.5	7
-104.5	9.5
-103.5	9
-102.5	6
-101.5	6
-100.5	14
 -99.5	8
 -98.5	17
 -97.5	17.3333
 -96.5	20.5
 -95.5	17
 -94.5	12
 -93.5	15
 -92.5	8
 -91.5	13
 -90.5	16
 -89.5	9.5
 -88.5	13
 -87.5	18.5
 -86.5	9.5
 -85.5	13
 -84.5	9.5
 -83.5	15
 -82.5	11
 -81.5	14
 -80.5	11
 -79.5	12
 -78.5	20
 -77.5	14
 -76.5	7
 -75.5	20
 -74.5	16
 -73.5	15.5
 -72.5	21
 -71.5	21
 -70.5	18
 -69.5	19
 -68.5	12
 -67.5	18.5
 -66.5	8.5
 -65.5	11.5
 -64.5	15
 -63.5	18
 -62.5	11
 -61.5	15.5
 -60.5	11.1429
 -59.5	15.5
 -58.5	17
 -57.5	13
 -56.5	17
 -55.5	15
 -54.5	11
 -53.5	16
 -52.5	17
 -51.5	17.8333
 -50.5	16.5
 -49.5	17
 -48.5	15
 -47.5	16
 -46.5	9
 -45.5	11.5
 -44.5	19
 -43.5	20
 -42.5	13.1429
 -41.5	16.5
 -40.5	14
 -39.5	12
 -38.5	12.5
 -37.5	11
 -36.5	20
 -35.5	16
 -34.5	14
 -33.5	10
 -32.5	17
 -31.5	19.5
 -30.5	12
 -29.5	15.5
 -28.5	22.5
 -27.5	15
 -26.5	12
 -25.5	22
 -24.5	19.1429
 -23.5	15
 -22.5	13
 -21.5	27
 -20.5	14.5
 -19.5	6
 -18.5	20.5
 -17.5	25
 -16.5	9.83333
 -15.5	19
 -14.5	24.5
 -13.5	17
 -12.5	20
 -11.5	14
 -10.5	14
  -9.5	20
  -8.5	19
  -7.5	18
  -6.5	16.1429
  -5.5	19
  -4.5	21
  -3.5	14
  -2.5	17
  -1.5	16
  -0.5	25
   0.5	13
   1.5	21
   2.5	14
   3.5	8
   4.5	15
   5.5	24.5
   6.5	9
   7.5	11
   8.5	18
   9.5	22.3333
  10.5	10
  11.5	18
  12.5	18
  13.5	16
  14.5	12.5
  15.5	22.5
  16.5	14
  17.5	17
  18.5	13
  19.5	17
  20.5	23
  21.5	16.5
  22.5	20
  23.5	24.5
  24.5	7
  25.5	8
  26.5	17
  27.5	19.5
  28.5	12
  29.5	16
  30.5	18
  31.5	16
  32.5	14
  33.5	14
  34.5	15.5
  35.5	21
  36.5	14
  37.5	16
  38.5	12
  39.5	14.5
  40.5	22
  41.5	18
  42.5	18
  43.5	19
  44.5	20
  45.5	17
  46.5	17.5
  47.5	15
  48.5	18.5
  49.5	9
  50.5	18
  51.5	14
  52.5	15
  53.5	18.5
  54.5	16
  55.5	23
  56.5	14
  57.5	12
  58.5	12.5
  59.5	12
  60.5	15
  61.5	15
  62.5	19
  63.5	9
  64.5	13
  65.5	19
  66.5	18.5
  67.5	18.5
  68.5	12
  69.5	16
  70.5	14
  71.5	16
  72.5	15.5
  73.5	17
  74.5	18
  75.5	10.5
  76.5	9.5
  77.5	7
  78.5	5
  79.5	17
  80.5	15.5
  81.5	12
  82.5	17
  83.5	14
  84.5	11
  85.5	16
  86.5	15
  87.5	23
  88.5	22
  89.5	14
  90.5	18
  91.5	13
  92.5	17
  93.5	15
  94.5	23
  95.5	16
  96.5	15
  97.5	15
  98.5	17
  99.5	6
 100.5	19.5
 101.5	10
 102.5	9.5
 103.5	5.5
 104.5	19
 105.5	11
 106.5	8
 107.5	15
 108.5	13
 109.5	15
 110.5	13
 111.5	12
 112.5	13
 113.5	16
 114.5	17
 115.5	13
 116.5	12
 117.5	14
 118.5	12
 119.5	16
 120.5	6
 121.5	11.5
 122.5	23
 123.5	12
 124.5	23
 125.5	16
 126.5	23
 127.5	17
 128.5	15
 129.5	21
 130.5	14
 131.5	13
 132.5	7.5
 133.5	22
 134.5	13
 135.5	15
 136.5	18
 137.5	11
 138.5	11
 139.5	18
 140.5	14
 141.5	16.5
 142.5	11.5
 143.5	10
 144.5	9
 145.5	12
 146.5	21.5
 147.5	9
 148.5	12
 149.5	14
 150.5	14
DB 2 MOTIF	NKX31_HUMAN.H11MO.0.C
-149.0	24.5
-148.0	33.5
-147.0	18
-146.0	23.5
-145.0	21.5
-144.0	17
-143.0	25
-142.0	19
-141.0	21
-140.0	10.5
-139.0	24
-138.0	20
-137.0	21.7
-136.0	24
-135.0	19
-134.0	18
-133.0	13
-132.0	26.5
-131.0	20
-130.0	15
-129.0	21
-128.0	26
-127.0	19
-126.0	24.5
-125.0	21
-124.0	26
-123.0	22
-122.0	24
-121.0	23
-120.0	22
-119.0	24
-118.0	24.1
-117.0	12
-116.0	26
-115.0	17.5
-114.0	22
-113.0	15
-112.0	18
-111.0	25
-110.0	21
-109.0	21
-108.0	28
-107.0	18
-106.0	23.5
-105.0	27
-104.0	16
-103.0	18
-102.0	24
-101.0	24.8
-100.0	29
 -99.0	16
 -98.0	18
 -97.0	28
 -96.0	21
 -95.0	20
 -94.0	22
 -93.0	14
 -92.0	21
 -91.0	21.5
 -90.0	17
 -89.0	14
 -88.0	27
 -87.0	35
 -86.0	27
 -85.0	17
 -84.0	19.1
 -83.0	18
 -82.0	20.5
 -81.0	18
 -80.0	18
 -79.0	12
 -78.0	15.5
 -77.0	23.5
 -76.0	22
 -75.0	9
 -74.0	21
 -73.0	21
 -72.0	21
 -71.0	21
 -70.0	24
 -69.0	20
 -68.0	21
 -67.0	23
 -66.0	29
 -65.0	20.2
 -64.0	17.1
 -63.0	25
 -62.0	23
 -61.0	22
 -60.0	24
 -59.0	16
 -58.0	22.5
 -57.0	19
 -56.0	24
 -55.0	24
 -54.0	25
 -53.0	31.5
 -52.0	27
 -51.0	23
 -50.0	29
 -49.0	22
 -48.0	17
 -47.0	30.3333
 -46.0	26
 -45.0	25
 -44.0	25.6
 -43.0	20
 -42.0	18
 -41.0	21.5
 -40.0	13
 -39.0	18
 -38.0	23
 -37.0	20
 -36.0	24
 -35.0	25
 -34.0	20
 -33.0	24
 -32.0	21
 -31.0	19
 -30.0	36.5
 -29.0	16.2
 -28.0	13.5
 -27.0	27.1
 -26.0	23
 -25.0	27
 -24.0	27.5
 -23.0	29
 -22.0	22
 -21.0	32
 -20.0	23
 -19.0	32
 -18.0	20.5
 -17.0	28.5
 -16.0	24
 -15.0	31
 -14.0	21
 -13.0	25
 -12.0	23
 -11.0	23.5
 -10.0	21
  -9.0	21
  -8.0	18
  -7.0	32
  -6.0	31
  -5.0	25.5
  -4.0	29
  -3.0	22
  -2.0	22
  -1.0	20
   0.0	20
   1.0	22
   2.0	29
   3.0	22
   4.0	20
   5.0	34
   6.0	23.5
   7.0	22.2
   8.0	23.5
   9.0	29
  10.0	27.6
  11.0	34
  12.0	22
  13.0	24.5
  14.0	29
  15.0	28
  16.0	21
  17.0	24.5
  18.0	32
  19.0	45
  20.0	30.5
  21.0	27
  22.0	22.5
  23.0	31.3333
  24.0	17
  25.0	28
  26.0	20
  27.0	20
  28.0	25
  29.0	22
  30.0	15.5
  31.0	30.5
  32.0	35
  33.0	25
  34.0	30
  35.0	15
  36.0	28
  37.0	24
  38.0	32
  39.0	21
  40.0	19
  41.0	25.5
  42.0	20
  43.0	20
  44.0	19
  45.0	20
  46.0	17
  47.0	31
  48.0	25
  49.0	17
  50.0	14
  51.0	24.5
  52.0	27
  53.0	35
  54.0	20.5
  55.0	23
  56.0	27.5
  57.0	18
  58.0	19
  59.0	18
  60.0	28
  61.0	18
  62.0	17
  63.0	25
  64.0	18
  65.0	24.5
  66.0	16
  67.0	14
  68.0	24
  69.0	12.5
  70.0	20
  71.0	22
  72.0	26.5
  73.0	26
  74.0	16.5
  75.0	23.5
  76.0	15
  77.0	14
  78.0	28
  79.0	19
  80.0	22.5
  81.0	18.1
  82.0	29
  83.0	19
  84.0	13
  85.0	15
  86.0	24.5
  87.0	26
  88.0	22
  89.0	23
  90.0	20
  91.0	21.5
  92.0	25
  93.0	20.3333
  94.0	16
  95.0	23
  96.0	18
  97.0	24
  98.0	20
  99.0	24
 100.0	17
 101.0	26.1
 102.0	21
 103.0	18
 104.0	22
 105.0	27
 106.0	32
 107.0	13
 108.0	21.5
 109.0	25
 110.0	24
 111.0	25
 112.0	28
 113.0	13
 114.0	25
 115.0	21
 116.0	24.5
 117.0	22
 118.0	19.1
 119.0	25
 120.0	24.5
 121.0	29
 122.0	17
 123.0	20.5
 124.0	26
 125.0	23
 126.0	17
 127.0	22
 128.0	23
 129.0	24
 130.0	21
 131.0	22
 132.0	22
 133.0	23
 134.0	15
 135.0	20
 136.0	28
 137.0	23
 138.0	21.5
 139.0	13
 140.0	25
 141.0	26
 142.0	27
 143.0	21
 144.0	28
 145.0	30
 146.0	24
 147.0	22
 148.0	17
 149.0	26
DB 2 MOTIF	NR1D1_HUMAN.H11MO.1.D
-148.0	5
-147.0	2
-146.0	6
-145.0	2
-144.0	6
-143.0	4
-142.0	7
-141.0	6
-140.0	8
-139.0	10
-138.0	7
-137.0	6
-136.0	5
-135.0	4
-134.0	7
-133.0	5
-132.0	3
-131.0	3
-130.0	8
-129.0	12
-128.0	3
-127.0	4
-126.0	5
-125.0	8
-124.0	6
-123.0	6
-122.0	6
-121.0	4
-120.0	3
-119.0	13
-118.0	6.5
-117.0	5
-116.0	5
-115.0	6
-114.0	5
-113.0	9
-112.0	14
-111.0	1
-110.0	5
-109.0	5
-108.0	7
-107.0	4
-106.0	5
-105.0	3
-104.0	3
-103.0	9
-102.0	6
-101.0	10
-100.0	7
 -99.0	8
 -98.0	5
 -97.0	7
 -96.0	6
 -95.0	9
 -94.0	5
 -93.0	4
 -92.0	5
 -91.0	4
 -90.0	8
 -89.0	3
 -88.0	5
 -87.0	6
 -86.0	5
 -85.0	4
 -84.0	6
 -83.0	8
 -82.0	6
 -81.0	4
 -80.0	11
 -79.0	4
 -78.0	7
 -77.0	4
 -76.0	9
 -75.0	2
 -74.0	7
 -73.0	8
 -72.0	10
 -71.0	3
 -70.0	8
 -69.0	7.5
 -68.0	5
 -67.0	5
 -66.0	7
 -65.0	13
 -64.0	4
 -63.0	5
 -62.0	4
 -61.0	4
 -60.0	8
 -59.0	7
 -58.0	7
 -57.0	10
 -56.0	7
 -55.0	9
 -54.0	14
 -53.0	5
 -52.0	10
 -51.0	6
 -50.0	7
 -49.0	6
 -48.0	7
 -47.0	7
 -46.0	3
 -45.0	10
 -44.0	12
 -43.0	5
 -42.0	8
 -41.0	8
 -40.0	6
 -39.0	8
 -38.0	9
 -37.0	7
 -36.0	2
 -35.0	7
 -34.0	11
 -33.0	3
 -32.0	7
 -31.0	7
 -30.0	9
 -29.0	3
 -28.0	7
 -27.0	9
 -26.0	10
 -25.0	7
 -24.0	2
 -23.0	4
 -22.0	4
 -21.0	9
 -20.0	3
 -19.0	9
 -18.0	8
 -17.0	12
 -16.0	5
 -15.0	9
 -14.0	7
 -13.0	7
 -12.0	8
 -11.0	9
 -10.0	9
  -9.0	10
  -8.0	8
  -7.0	6
  -6.0	9
  -5.0	11
  -4.0	7
  -3.0	6
  -2.0	10
  -1.0	4
   0.0	11
   1.0	5
   2.0	9
   3.0	8
   4.0	7
   5.0	6
   6.0	5
   7.0	8.5
   8.0	6
   9.0	5
  10.0	11
  11.0	9
  12.0	7
  13.0	4
  14.0	3
  15.0	8
  16.0	9
  17.0	11
  18.0	8
  19.0	11
  20.0	9
  21.0	7
  22.0	8
  23.0	7
  24.0	8
  25.0	6
  26.0	7
  27.0	9
  28.0	6
  29.0	6
  30.0	10
  31.0	13
  32.0	7
  33.0	9
  34.0	7
  35.0	7
  36.0	6
  37.0	8
  38.0	7
  39.0	4
  40.0	6
  41.0	9
  42.0	7
  43.0	9
  44.0	9
  45.0	5
  46.0	12
  47.0	8
  48.0	9
  49.0	7
  50.0	8
  51.0	7
  52.0	6
  53.0	11
  54.0	9
  55.0	5
  56.0	6
  57.0	7
  58.0	5
  59.0	3
  60.0	8
  61.0	4
  62.0	5
  63.0	11
  64.0	5
  65.0	4
  66.0	11
  67.0	13
  68.0	11
  69.0	2
  70.0	4
  71.0	8
  72.0	5
  73.0	2
  74.0	3
  75.0	5
  76.0	11
  77.0	15
  78.0	6
  79.0	5
  80.0	7
  81.0	8
  82.0	4
  83.0	12
  84.0	7
  85.0	8
  86.0	7
  87.0	4
  88.0	13
  89.0	6
  90.0	0
  91.0	4
  92.0	8
  93.0	3
  94.0	12
  95.0	6
  96.0	6
  97.0	8
  98.0	7
  99.0	0
 100.0	10
 101.0	3
 102.0	9
 103.0	7
 104.0	6.5
 105.0	7
 106.0	10
 107.0	7
 108.0	7
 109.0	2
 110.0	7
 111.0	7
 112.0	2
 113.0	4
 114.0	6
 115.0	3
 116.0	6
 117.0	4
 118.0	6
 119.0	7
 120.0	9
 121.0	6
 122.0	6
 123.0	3
 124.0	7
 125.0	3
 126.0	1
 127.0	4
 128.0	9
 129.0	2
 130.0	10
 131.0	8
 132.0	5
 133.0	9
 134.0	9
 135.0	10
 136.0	4
 137.0	0
 138.0	3
 139.0	9
 140.0	6
 141.0	4
 142.0	5
 143.0	8
 144.0	10
 145.0	5
 146.0	4
 147.0	4
 148.0	6
DB 2 MOTIF	NR1H2_HUMAN.H11MO.0.D
-145.5	0
-144.5	0
-143.5	0
-142.5	0
-141.5	0
-140.5	0
-139.5	0
-138.5	0
-137.5	0
-136.5	1
-135.5	0
-134.5	0
-133.5	0
-132.5	0
-131.5	0
-130.5	0
-129.5	1
-128.5	0
-127.5	0
-126.5	0
-125.5	0
-124.5	0
-123.5	0
-122.5	0
-121.5	0
-120.5	0
-119.5	0
-118.5	1
-117.5	0
-116.5	0
-115.5	0
-114.5	0
-113.5	0
-112.5	1
-111.5	0
-110.5	0
-109.5	0
-108.5	0
-107.5	2
-106.5	0
-105.5	0
-104.5	0
-103.5	0
-102.5	0
-101.5	0
-100.5	2
 -99.5	0
 -98.5	0
 -97.5	0
 -96.5	0
 -95.5	0
 -94.5	0
 -93.5	1
 -92.5	0
 -91.5	0
 -90.5	0
 -89.5	0
 -88.5	0
 -87.5	0
 -86.5	0
 -85.5	0
 -84.5	0
 -83.5	0
 -82.5	0
 -81.5	0
 -80.5	1
 -79.5	0
 -78.5	0
 -77.5	1
 -76.5	0
 -75.5	1
 -74.5	0
 -73.5	1
 -72.5	0
 -71.5	0
 -70.5	0
 -69.5	0
 -68.5	0
 -67.5	0
 -66.5	1
 -65.5	0
 -64.5	0
 -63.5	0
 -62.5	0
 -61.5	0
 -60.5	1
 -59.5	0
 -58.5	0
 -57.5	0
 -56.5	0
 -55.5	0
 -54.5	1
 -53.5	0
 -52.5	0
 -51.5	0
 -50.5	0
 -49.5	0
 -48.5	1
 -47.5	0
 -46.5	3
 -45.5	0
 -44.5	0
 -43.5	0
 -42.5	0
 -41.5	1
 -40.5	0
 -39.5	3
 -38.5	0
 -37.5	1
 -36.5	0
 -35.5	0
 -34.5	1
 -33.5	0
 -32.5	0
 -31.5	3
 -30.5	2
 -29.5	3
 -28.5	3
 -27.5	0
 -26.5	0
 -25.5	2
 -24.5	0
 -23.5	0
 -22.5	2
 -21.5	1
 -20.5	1
 -19.5	0
 -18.5	1
 -17.5	1
 -16.5	2
 -15.5	0
 -14.5	0
 -13.5	1
 -12.5	0
 -11.5	2
 -10.5	2
  -9.5	3
  -8.5	0
  -7.5	0
  -6.5	1
  -5.5	1
  -4.5	0
  -3.5	1
  -2.5	1
  -1.5	3
  -0.5	1
   0.5	0
   1.5	0
   2.5	0
   3.5	0
   4.5	1
   5.5	0
   6.5	0
   7.5	1
   8.5	2
   9.5	0
  10.5	0
  11.5	1
  12.5	1
  13.5	3
  14.5	0
  15.5	0
  16.5	1
  17.5	1
  18.5	1
  19.5	3
  20.5	2
  21.5	1
  22.5	1
  23.5	1
  24.5	1
  25.5	0
  26.5	0
  27.5	0
  28.5	0
  29.5	1
  30.5	0
  31.5	1
  32.5	3
  33.5	0
  34.5	0
  35.5	1
  36.5	1
  37.5	1
  38.5	1
  39.5	1
  40.5	0
  41.5	0
  42.5	0
  43.5	0
  44.5	1
  45.5	2
  46.5	0
  47.5	2
  48.5	0
  49.5	1
  50.5	0
  51.5	0
  52.5	1
  53.5	0
  54.5	0
  55.5	0
  56.5	1
  57.5	0
  58.5	2
  59.5	0
  60.5	2
  61.5	0
  62.5	0
  63.5	0
  64.5	0
  65.5	0
  66.5	1
  67.5	0
  68.5	0
  69.5	1
  70.5	1
  71.5	1
  72.5	1
  73.5	1
  74.5	0
  75.5	0
  76.5	0
  77.5	0
  78.5	0
  79.5	0
  80.5	0
  81.5	0
  82.5	0
  83.5	0
  84.5	1
  85.5	0
  86.5	0
  87.5	0
  88.5	0
  89.5	0
  90.5	0
  91.5	1
  92.5	0
  93.5	0
  94.5	1
  95.5	0
  96.5	0
  97.5	0
  98.5	0
  99.5	1
 100.5	0
 101.5	0
 102.5	0
 103.5	0
 104.5	0
 105.5	0
 106.5	0
 107.5	0
 108.5	0
 109.5	0
 110.5	0
 111.5	0
 112.5	0
 113.5	0
 114.5	0
 115.5	1
 116.5	0
 117.5	0
 118.5	1
 119.5	0
 120.5	0
 121.5	1
 122.5	0
 123.5	0
 124.5	0
 125.5	0
 126.5	0
 127.5	0
 128.5	0
 129.5	0
 130.5	0
 131.5	0
 132.5	0
 133.5	0
 134.5	0
 135.5	0
 136.5	0
 137.5	0
 138.5	0
 139.5	0
 140.5	0
 141.5	0
 142.5	0
 143.5	0
 144.5	0
 145.5	0
DB 2 MOTIF	NR1H3_HUMAN.H11MO.0.B
-145.5	15
-144.5	30
-143.5	15
-142.5	19.5
-141.5	22
-140.5	23.5
-139.5	27
-138.5	26
-137.5	21
-136.5	18
-135.5	29
-134.5	19
-133.5	17
-132.5	17
-131.5	13
-130.5	22
-129.5	14
-128.5	19
-127.5	13
-126.5	17
-125.5	24
-124.5	15
-123.5	22
-122.5	19
-121.5	21
-120.5	29
-119.5	18.3333
-118.5	28
-117.5	16
-116.5	23
-115.5	18
-114.5	22
-113.5	29.5
-112.5	17
-111.5	27
-110.5	26
-109.5	17
-108.5	19
-107.5	35
-106.5	26.5
-105.5	19
-104.5	27
-103.5	23
-102.5	15
-101.5	20
-100.5	17
 -99.5	23
 -98.5	23.3333
 -97.5	22
 -96.5	22
 -95.5	18
 -94.5	27
 -93.5	14
 -92.5	23
 -91.5	15.5
 -90.5	20
 -89.5	23
 -88.5	16.5
 -87.5	31
 -86.5	17
 -85.5	22
 -84.5	20
 -83.5	21
 -82.5	23
 -81.5	19
 -80.5	18.5
 -79.5	22
 -78.5	20
 -77.5	24
 -76.5	30
 -75.5	17
 -74.5	20
 -73.5	29
 -72.5	18
 -71.5	20
 -70.5	26
 -69.5	20
 -68.5	24
 -67.5	23
 -66.5	28
 -65.5	28
 -64.5	15
 -63.5	19
 -62.5	15
 -61.5	20
 -60.5	20
 -59.5	29
 -58.5	23
 -57.5	27
 -56.5	21
 -55.5	27
 -54.5	24.3333
 -53.5	25
 -52.5	18
 -51.5	19
 -50.5	21
 -49.5	31
 -48.5	30
 -47.5	25
 -46.5	24
 -45.5	24
 -44.5	19.3333
 -43.5	30
 -42.5	24
 -41.5	34
 -40.5	18
 -39.5	19
 -38.5	28
 -37.5	20
 -36.5	30.5
 -35.5	26
 -34.5	23
 -33.5	24.5
 -32.5	24
 -31.5	26
 -30.5	25
 -29.5	30
 -28.5	22
 -27.5	13
 -26.5	29
 -25.5	40
 -24.5	28
 -23.5	19
 -22.5	26
 -21.5	10
 -20.5	21
 -19.5	24
 -18.5	29.5
 -17.5	26
 -16.5	37.5
 -15.5	24
 -14.5	30
 -13.5	30.8333
 -12.5	28
 -11.5	25.5
 -10.5	33
  -9.5	30
  -8.5	33
  -7.5	26
  -6.5	13
  -5.5	29
  -4.5	22
  -3.5	30
  -2.5	30.5
  -1.5	17
  -0.5	19
   0.5	21
   1.5	36
   2.5	28
   3.5	24
   4.5	23
   5.5	20
   6.5	25
   7.5	23
   8.5	37.5
   9.5	23
  10.5	19.5
  11.5	18
  12.5	22
  13.5	31
  14.5	31
  15.5	28
  16.5	29
  17.5	19.5
  18.5	22
  19.5	20
  20.5	27
  21.5	30.5
  22.5	33
  23.5	31
  24.5	27
  25.5	26
  26.5	37
  27.5	21
  28.5	27
  29.5	25
  30.5	34
  31.5	22
  32.5	20
  33.5	23
  34.5	24
  35.5	24
  36.5	23
  37.5	29
  38.5	27.5
  39.5	13
  40.5	18
  41.5	30
  42.5	20
  43.5	22
  44.5	21
  45.5	24
  46.5	21
  47.5	21
  48.5	20
  49.5	19
  50.5	28
  51.5	25.5
  52.5	26
  53.5	22
  54.5	30.5
  55.5	27
  56.5	20
  57.5	25
  58.5	30
  59.5	22
  60.5	25.5
  61.5	18
  62.5	25.3333
  63.5	33
  64.5	26
  65.5	21.5
  66.5	21
  67.5	16
  68.5	23
  69.5	20.5
  70.5	22.5
  71.5	23.3333
  72.5	29
  73.5	26.5
  74.5	18
  75.5	16
  76.5	18
  77.5	18
  78.5	22
  79.5	24
  80.5	33
  81.5	22.5
  82.5	23
  83.5	23
  84.5	29
  85.5	23
  86.5	21
  87.5	29
  88.5	21
  89.5	15
  90.5	17.5
  91.5	16
  92.5	28
  93.5	17
  94.5	15
  95.5	22
  96.5	20
  97.5	28
  98.5	12
  99.5	20
 100.5	21.3333
 101.5	23
 102.5	15
 103.5	22
 104.5	28
 105.5	24
 106.5	23
 107.5	22
 108.5	26
 109.5	18
 110.5	20
 111.5	28
 112.5	14
 113.5	25
 114.5	31
 115.5	17
 116.5	15
 117.5	20.3333
 118.5	20
 119.5	24
 120.5	20
 121.5	15
 122.5	16
 123.5	13
 124.5	19
 125.5	25
 126.5	11
 127.5	14
 128.5	20.5
 129.5	28
 130.5	20
 131.5	21
 132.5	21
 133.5	12
 134.5	11
 135.5	27
 136.5	29
 137.5	11
 138.5	17
 139.5	20
 140.5	20
 141.5	26
 142.5	17
 143.5	24.5
 144.5	17
 145.5	18
DB 2 MOTIF	NR1H3_HUMAN.H11MO.1.B
-150.0	18
-149.0	18
-148.0	20
-147.0	22
-146.0	13.5
-145.0	20.0769
-144.0	23
-143.0	21.5
-142.0	18
-141.0	27
-140.0	16
-139.0	24
-138.0	13
-137.0	22
-136.0	26
-135.0	18.25
-134.0	14
-133.0	17
-132.0	19
-131.0	21
-130.0	13
-129.0	24
-128.0	15.5
-127.0	22
-126.0	20.5
-125.0	22.0769
-124.0	13.5
-123.0	24
-122.0	15.3333
-121.0	25
-120.0	19
-119.0	16
-118.0	19
-117.0	23.5
-116.0	15.1667
-115.0	13
-114.0	26.5
-113.0	29
-112.0	19.5
-111.0	24
-110.0	20
-109.0	19
-108.0	15
-107.0	12
-106.0	22
-105.0	14
-104.0	18.5
-103.0	25.5
-102.0	21
-101.0	18
-100.0	26
 -99.0	18.25
 -98.0	20
 -97.0	18.5
 -96.0	22.5
 -95.0	22
 -94.0	22
 -93.0	23
 -92.0	21
 -91.0	25.0769
 -90.0	22
 -89.0	23
 -88.0	28
 -87.0	23
 -86.0	32.5
 -85.0	17
 -84.0	17
 -83.0	13
 -82.0	23.5
 -81.0	29
 -80.0	21
 -79.0	20
 -78.0	24
 -77.0	25.5
 -76.0	22
 -75.0	29
 -74.0	12
 -73.0	29.3333
 -72.0	12
 -71.0	32.5
 -70.0	22
 -69.0	23
 -68.0	21
 -67.0	23
 -66.0	23.3333
 -65.0	19
 -64.0	20
 -63.0	17.25
 -62.0	22
 -61.0	23
 -60.0	29
 -59.0	29.5
 -58.0	14
 -57.0	24.5
 -56.0	18
 -55.0	33
 -54.0	17
 -53.0	26.5
 -52.0	18
 -51.0	20.2436
 -50.0	28.5
 -49.0	26.5
 -48.0	29
 -47.0	22
 -46.0	27
 -45.0	39
 -44.0	27.5
 -43.0	30
 -42.0	25
 -41.0	23
 -40.0	23
 -39.0	23
 -38.0	16.1667
 -37.0	23.5
 -36.0	21.3333
 -35.0	32
 -34.0	30.5769
 -33.0	32.5
 -32.0	37
 -31.0	24.5
 -30.0	33
 -29.0	31
 -28.0	34
 -27.0	25
 -26.0	31
 -25.0	24.5
 -24.0	27
 -23.0	28
 -22.0	42
 -21.0	25
 -20.0	31
 -19.0	23
 -18.0	33.5
 -17.0	22.5
 -16.0	23
 -15.0	40
 -14.0	36.0769
 -13.0	27.5
 -12.0	33.5
 -11.0	31.5
 -10.0	31
  -9.0	35.25
  -8.0	33
  -7.0	34.5
  -6.0	34.3333
  -5.0	33
  -4.0	34
  -3.0	33
  -2.0	28
  -1.0	40.5
   0.0	31.5
   1.0	23.3333
   2.0	32
   3.0	32.5769
   4.0	24
   5.0	34.3333
   6.0	25
   7.0	37
   8.0	39
   9.0	28.5
  10.0	27
  11.0	19
  12.0	29
  13.0	35
  14.0	35.6667
  15.0	33.5
  16.0	31.5
  17.0	34
  18.0	37
  19.0	27.5
  20.0	42
  21.0	26
  22.0	33
  23.0	41
  24.0	27
  25.0	26
  26.0	32
  27.0	31.5
  28.0	36
  29.0	38
  30.0	32
  31.0	20.5
  32.0	26
  33.0	26
  34.0	33
  35.0	35
  36.0	33
  37.0	29
  38.0	31.5
  39.0	30
  40.0	20.4103
  41.0	23
  42.0	25
  43.0	28
  44.0	28
  45.0	32.5
  46.0	31.6667
  47.0	18
  48.0	34.5
  49.0	23
  50.0	28
  51.0	27
  52.0	25.5
  53.0	18
  54.0	41.5
  55.0	28
  56.0	23
  57.0	24.5769
  58.0	27
  59.0	28
  60.0	25
  61.0	24.5
  62.0	34
  63.0	23
  64.0	25
  65.0	32.5
  66.0	23.1667
  67.0	28
  68.0	25.3333
  69.0	35
  70.0	20.5
  71.0	22.5
  72.0	21
  73.0	33.5
  74.0	27.0769
  75.0	18
  76.0	18
  77.0	24
  78.0	31
  79.0	20
  80.0	23
  81.0	22
  82.0	29
  83.0	22
  84.0	23
  85.0	34
  86.0	13
  87.0	19.5
  88.0	28.5
  89.0	16
  90.0	22
  91.0	20
  92.0	15
  93.0	15
  94.0	20.0769
  95.0	13
  96.0	27
  97.0	26
  98.0	21
  99.0	20
 100.0	15
 101.0	22
 102.0	20
 103.0	14
 104.0	15
 105.0	23.1667
 106.0	23
 107.0	24
 108.0	22
 109.0	18
 110.0	15
 111.0	18.4103
 112.0	22
 113.0	17
 114.0	21
 115.0	21
 116.0	21
 117.0	14
 118.0	20
 119.0	12
 120.0	20
 121.0	28
 122.0	19
 123.0	12
 124.0	14
 125.0	21
 126.0	21
 127.0	20
 128.0	15.0769
 129.0	15
 130.0	24
 131.0	13.5
 132.0	18
 133.0	21
 134.0	11
 135.0	17
 136.0	17
 137.0	20
 138.0	17
 139.0	8
 140.0	14
 141.0	17
 142.0	22
 143.0	21
 144.0	18
 145.0	18
 146.0	22
 147.0	20.5
 148.0	13
 149.0	20
 150.0	20
DB 2 MOTIF	NR1H4_HUMAN.H11MO.0.B
-145.5	15
-144.5	16
-143.5	17
-142.5	21
-141.5	13
-140.5	16.5
-139.5	12
-138.5	22
-137.5	22
-136.5	17
-135.5	19
-134.5	23
-133.5	15
-132.5	18
-131.5	12
-130.5	17
-129.5	24
-128.5	16
-127.5	21
-126.5	19
-125.5	13
-124.5	10
-123.5	21
-122.5	15
-121.5	12
-120.5	12
-119.5	18
-118.5	20
-117.5	11.5
-116.5	13
-115.5	17.3333
-114.5	12
-113.5	13
-112.5	15
-111.5	17
-110.5	15
-109.5	24
-108.5	20
-107.5	20
-106.5	13
-105.5	17
-104.5	21
-103.5	15
-102.5	15
-101.5	18
-100.5	18
 -99.5	14
 -98.5	16
 -97.5	20
 -96.5	13
 -95.5	15
 -94.5	18
 -93.5	16
 -92.5	21
 -91.5	15
 -90.5	11
 -89.5	12
 -88.5	5
 -87.5	13
 -86.5	17
 -85.5	14
 -84.5	15
 -83.5	19
 -82.5	19
 -81.5	13
 -80.5	18
 -79.5	21
 -78.5	22
 -77.5	17
 -76.5	17.3333
 -75.5	16.3333
 -74.5	17
 -73.5	25.5
 -72.5	19
 -71.5	22
 -70.5	21
 -69.5	12
 -68.5	25
 -67.5	13
 -66.5	11
 -65.5	19
 -64.5	19
 -63.5	22
 -62.5	14
 -61.5	12
 -60.5	16
 -59.5	15
 -58.5	21
 -57.5	17
 -56.5	15
 -55.5	16
 -54.5	13
 -53.5	16
 -52.5	17
 -51.5	9
 -50.5	18
 -49.5	17
 -48.5	19
 -47.5	7
 -46.5	18
 -45.5	19
 -44.5	17
 -43.5	13.5
 -42.5	25
 -41.5	24
 -40.5	15
 -39.5	19
 -38.5	16
 -37.5	17.3333
 -36.5	29
 -35.5	19
 -34.5	18
 -33.5	17
 -32.5	15
 -31.5	20
 -30.5	24
 -29.5	21
 -28.5	18
 -27.5	29
 -26.5	20
 -25.5	21
 -24.5	18
 -23.5	30
 -22.5	20
 -21.5	9
 -20.5	22
 -19.5	21
 -18.5	14.5
 -17.5	16
 -16.5	19
 -15.5	13
 -14.5	8.5
 -13.5	18
 -12.5	19
 -11.5	23
 -10.5	19.5
  -9.5	17
  -8.5	18.3333
  -7.5	20
  -6.5	17
  -5.5	12
  -4.5	17
  -3.5	22
  -2.5	19
  -1.5	17
  -0.5	15
   0.5	27
   1.5	21
   2.5	18
   3.5	16
   4.5	21
   5.5	23
   6.5	23
   7.5	15
   8.5	10
   9.5	14
  10.5	21
  11.5	20
  12.5	24.5
  13.5	17.5
  14.5	19
  15.5	14
  16.5	17
  17.5	19
  18.5	17
  19.5	16
  20.5	22
  21.5	23
  22.5	15
  23.5	19
  24.5	23
  25.5	22
  26.5	16
  27.5	20
  28.5	30
  29.5	20
  30.5	25
  31.5	15
  32.5	19
  33.5	22
  34.5	15
  35.5	22
  36.5	21
  37.5	20
  38.5	17
  39.5	21
  40.5	22
  41.5	17
  42.5	14
  43.5	15
  44.5	16
  45.5	20
  46.5	24
  47.5	14
  48.5	19
  49.5	17
  50.5	11
  51.5	10
  52.5	21
  53.5	15
  54.5	12
  55.5	27
  56.5	20
  57.5	16
  58.5	18.3333
  59.5	23
  60.5	20
  61.5	17
  62.5	21
  63.5	20
  64.5	14
  65.5	19
  66.5	18
  67.5	24
  68.5	21
  69.5	22
  70.5	19
  71.5	16
  72.5	15
  73.5	20
  74.5	13
  75.5	14
  76.5	27.5
  77.5	9
  78.5	13
  79.5	17
  80.5	23
  81.5	22
  82.5	19
  83.5	15
  84.5	20
  85.5	16
  86.5	22
  87.5	14
  88.5	14
  89.5	14
  90.5	22
  91.5	18
  92.5	15
  93.5	16
  94.5	19
  95.5	19
  96.5	19
  97.5	14
  98.5	11
  99.5	19.5
 100.5	17
 101.5	18
 102.5	21
 103.5	23
 104.5	13
 105.5	10
 106.5	13.5
 107.5	16
 108.5	15.5
 109.5	14
 110.5	22
 111.5	9
 112.5	14.5
 113.5	20
 114.5	12
 115.5	21
 116.5	14
 117.5	13
 118.5	15
 119.5	22
 120.5	19
 121.5	19
 122.5	17
 123.5	16
 124.5	18
 125.5	12
 126.5	27
 127.5	20
 128.5	21
 129.5	12
 130.5	18
 131.5	17
 132.5	18
 133.5	16
 134.5	10
 135.5	11
 136.5	21
 137.5	22
 138.5	19
 139.5	22
 140.5	20
 141.5	13
 142.5	16
 143.5	23
 144.5	13
 145.5	16
DB 2 MOTIF	NR1H4_HUMAN.H11MO.1.B
-151.0	21.1667
-150.0	16
-149.0	16
-148.0	22
-147.0	19
-146.0	15.0769
-145.0	15.5
-144.0	16.3333
-143.0	19
-142.0	23.3333
-141.0	18.5
-140.0	25
-139.0	20
-138.0	23
-137.0	16.5
-136.0	21.75
-135.0	24.5
-134.0	15.25
-133.0	21.8333
-132.0	20
-131.0	21.8333
-130.0	20.5
-129.0	18
-128.0	26
-127.0	19
-126.0	19.4103
-125.0	23.5
-124.0	15.5
-123.0	23
-122.0	19.5
-121.0	19.3333
-120.0	16
-119.0	21.3333
-118.0	12.5
-117.0	12.125
-116.0	15.5
-115.0	33.5
-114.0	21
-113.0	29
-112.0	26.5
-111.0	20
-110.0	22.5
-109.0	13
-108.0	19.5
-107.0	22
-106.0	18.5
-105.0	25.5
-104.0	25.5
-103.0	28
-102.0	32.5
-101.0	21.8333
-100.0	21.75
 -99.0	26.5
 -98.0	21.75
 -97.0	26
 -96.0	24
 -95.0	20
 -94.0	23
 -93.0	17
 -92.0	24.0769
 -91.0	32
 -90.0	26.5
 -89.0	20.5
 -88.0	23.5
 -87.0	24.5
 -86.0	19
 -85.0	21
 -84.0	20
 -83.0	18.5
 -82.0	29.5
 -81.0	21
 -80.0	21
 -79.0	27
 -78.0	16
 -77.0	22.5
 -76.0	22
 -75.0	19
 -74.0	22
 -73.0	15.5
 -72.0	31.75
 -71.0	27
 -70.0	22
 -69.0	16
 -68.0	20.5
 -67.0	17.3333
 -66.0	21
 -65.0	26.125
 -64.0	15.75
 -63.0	34
 -62.0	15.75
 -61.0	24.5
 -60.0	22.5
 -59.0	15.5
 -58.0	20
 -57.0	25
 -56.0	30
 -55.0	18.5
 -54.0	26
 -53.0	21.5
 -52.0	24.7019
 -51.0	21
 -50.0	12.5
 -49.0	32
 -48.0	16
 -47.0	36
 -46.0	31.5
 -45.0	26.5
 -44.0	35.5
 -43.0	24
 -42.0	27.5
 -41.0	16
 -40.0	21
 -39.0	19.125
 -38.0	24
 -37.0	23.5
 -36.0	22.5
 -35.0	28.4103
 -34.0	31.5
 -33.0	21
 -32.0	21.5
 -31.0	28.5
 -30.0	24
 -29.0	42.5
 -28.0	27.3333
 -27.0	40.5
 -26.0	30.25
 -25.0	30.25
 -24.0	26
 -23.0	30
 -22.0	22.5
 -21.0	33
 -20.0	27
 -19.0	23.5
 -18.0	26.5
 -17.0	23
 -16.0	30
 -15.0	33.0769
 -14.0	30.5
 -13.0	29.25
 -12.0	32.75
 -11.0	31
 -10.0	27.75
  -9.0	25
  -8.0	24.5
  -7.0	27.5
  -6.0	33.5
  -5.0	24
  -4.0	20
  -3.0	30
  -2.0	25.3333
  -1.0	29
   0.0	32.3333
   1.0	36.5
   2.0	32.0769
   3.0	31.5
   4.0	28
   5.0	30.5
   6.0	37.3333
   7.0	26
   8.0	32
   9.0	33.5
  10.0	19.5
  11.0	22
  12.0	24
  13.0	21.625
  14.0	28.8333
  15.0	27
  16.0	37
  17.0	17
  18.0	18.5
  19.0	45
  20.0	21
  21.0	32.5
  22.0	30
  23.0	34
  24.0	34.5
  25.0	33
  26.0	44
  27.0	29.5
  28.0	32.5
  29.0	38.5
  30.0	28
  31.0	21.5
  32.0	23
  33.0	27
  34.0	46
  35.0	39
  36.0	24
  37.0	26.5
  38.0	26.75
  39.0	32.5769
  40.0	20.25
  41.0	26.3333
  42.0	27
  43.0	22.5
  44.0	27.5
  45.0	20.75
  46.0	27.5
  47.0	25.0833
  48.0	22.5
  49.0	24
  50.0	27.3333
  51.0	23.5
  52.0	24
  53.0	30.5
  54.0	22
  55.0	27.5
  56.0	30.0769
  57.0	24.75
  58.0	24.5
  59.0	26
  60.0	23
  61.0	24
  62.0	31.5
  63.0	18.8333
  64.0	13.5
  65.0	30.125
  66.0	26
  67.0	23.3333
  68.0	21
  69.0	17
  70.0	29
  71.0	19
  72.0	16
  73.0	29.0769
  74.0	28.5
  75.0	19.5
  76.0	23
  77.0	26.5
  78.0	21.3333
  79.0	25.5
  80.0	17
  81.0	25
  82.0	19
  83.0	32
  84.0	17.5
  85.0	12.5
  86.0	34
  87.0	20.5
  88.0	25
  89.0	27
  90.0	25.5
  91.0	20
  92.0	13
  93.0	14.5769
  94.0	17.5
  95.0	27
  96.0	14.5
  97.0	22
  98.0	24.5
  99.0	21
 100.0	20
 101.0	18
 102.0	17.5
 103.0	16.5
 104.0	19.125
 105.0	14.5
 106.0	19.5
 107.0	12.25
 108.0	22.5
 109.0	25
 110.0	22.5769
 111.0	21
 112.0	21.3333
 113.0	16.5
 114.0	15.5
 115.0	23.5
 116.0	21
 117.0	17.625
 118.0	15
 119.0	21.5
 120.0	22
 121.0	11
 122.0	18
 123.0	18
 124.0	10.5
 125.0	19
 126.0	24
 127.0	19.0769
 128.0	21.5
 129.0	20.5
 130.0	14.5
 131.0	23
 132.0	9.5
 133.0	24.5
 134.0	25
 135.0	15
 136.0	18
 137.0	18
 138.0	22
 139.0	16
 140.0	20.5
 141.0	20
 142.0	24.5
 143.0	20.5
 144.0	29
 145.0	13.5
 146.0	23
 147.0	21
 148.0	20.5
 149.0	15
 150.0	24
 151.0	18.5
DB 2 MOTIF	NR1I2_HUMAN.H11MO.0.C
-145.5	13
-144.5	8
-143.5	9
-142.5	11
-141.5	23
-140.5	15
-139.5	13
-138.5	17
-137.5	6
-136.5	12
-135.5	10
-134.5	12
-133.5	17
-132.5	14
-131.5	13
-130.5	13
-129.5	9
-128.5	13
-127.5	13
-126.5	17
-125.5	15
-124.5	10
-123.5	13
-122.5	13
-121.5	13
-120.5	8
-119.5	15
-118.5	13
-117.5	8
-116.5	14
-115.5	15
-114.5	18
-113.5	10
-112.5	10
-111.5	11
-110.5	11
-109.5	9
-108.5	20
-107.5	11
-106.5	16
-105.5	20
-104.5	11
-103.5	10
-102.5	14
-101.5	9
-100.5	8
 -99.5	17
 -98.5	12
 -97.5	5
 -96.5	10
 -95.5	9
 -94.5	11
 -93.5	10
 -92.5	13
 -91.5	14
 -90.5	16
 -89.5	12
 -88.5	6
 -87.5	9
 -86.5	15
 -85.5	12
 -84.5	10
 -83.5	13
 -82.5	13
 -81.5	16
 -80.5	20
 -79.5	10
 -78.5	12
 -77.5	10
 -76.5	15
 -75.5	22
 -74.5	6
 -73.5	14
 -72.5	13
 -71.5	15
 -70.5	12
 -69.5	12
 -68.5	15
 -67.5	17
 -66.5	11
 -65.5	17
 -64.5	12.5
 -63.5	8
 -62.5	13
 -61.5	15
 -60.5	16
 -59.5	7
 -58.5	7
 -57.5	16
 -56.5	18
 -55.5	13
 -54.5	17
 -53.5	18
 -52.5	13
 -51.5	15
 -50.5	15
 -49.5	21
 -48.5	17
 -47.5	12
 -46.5	11
 -45.5	17
 -44.5	10
 -43.5	14
 -42.5	17
 -41.5	18
 -40.5	11
 -39.5	14
 -38.5	15
 -37.5	17
 -36.5	14
 -35.5	15
 -34.5	14
 -33.5	9
 -32.5	17
 -31.5	10
 -30.5	8
 -29.5	14
 -28.5	13
 -27.5	16
 -26.5	10
 -25.5	10
 -24.5	16
 -23.5	13
 -22.5	12
 -21.5	9
 -20.5	19
 -19.5	11
 -18.5	14
 -17.5	19
 -16.5	21
 -15.5	17
 -14.5	14
 -13.5	7
 -12.5	14
 -11.5	18
 -10.5	13
  -9.5	22
  -8.5	15
  -7.5	7
  -6.5	15
  -5.5	22
  -4.5	20
  -3.5	14
  -2.5	14
  -1.5	15
  -0.5	9
   0.5	16
   1.5	15
   2.5	23
   3.5	17
   4.5	17
   5.5	11
   6.5	14
   7.5	18
   8.5	17
   9.5	17
  10.5	13
  11.5	16
  12.5	18
  13.5	12
  14.5	12
  15.5	12
  16.5	9
  17.5	14
  18.5	12
  19.5	15
  20.5	17
  21.5	16
  22.5	19
  23.5	12
  24.5	12
  25.5	16
  26.5	17
  27.5	17.5
  28.5	13
  29.5	10
  30.5	14
  31.5	15
  32.5	8.5
  33.5	12
  34.5	13
  35.5	17
  36.5	11
  37.5	10
  38.5	9
  39.5	9
  40.5	13
  41.5	11.5
  42.5	18
  43.5	12
  44.5	13
  45.5	8
  46.5	16
  47.5	16
  48.5	18
  49.5	18
  50.5	12
  51.5	9
  52.5	12
  53.5	11
  54.5	18
  55.5	14
  56.5	14
  57.5	21
  58.5	12
  59.5	16
  60.5	11
  61.5	9
  62.5	21
  63.5	17
  64.5	14
  65.5	15
  66.5	13
  67.5	21
  68.5	10
  69.5	21
  70.5	13
  71.5	14
  72.5	7.5
  73.5	14
  74.5	21
  75.5	11
  76.5	17
  77.5	17
  78.5	16
  79.5	14
  80.5	10
  81.5	12
  82.5	11
  83.5	13
  84.5	16
  85.5	14
  86.5	14
  87.5	16
  88.5	12
  89.5	12
  90.5	9
  91.5	15
  92.5	9
  93.5	11
  94.5	14
  95.5	10
  96.5	12
  97.5	11
  98.5	6
  99.5	12
 100.5	12
 101.5	12
 102.5	16
 103.5	15
 104.5	9
 105.5	10
 106.5	15
 107.5	9
 108.5	13
 109.5	7
 110.5	15
 111.5	13
 112.5	18
 113.5	9
 114.5	12
 115.5	17
 116.5	8
 117.5	12
 118.5	12
 119.5	12
 120.5	17
 121.5	16
 122.5	16
 123.5	10
 124.5	11
 125.5	8
 126.5	12
 127.5	6
 128.5	8
 129.5	12
 130.5	11
 131.5	11
 132.5	9
 133.5	12
 134.5	18
 135.5	12
 136.5	18
 137.5	12
 138.5	12
 139.5	18
 140.5	13
 141.5	17
 142.5	8.5
 143.5	17
 144.5	17
 145.5	11
DB 2 MOTIF	NR1I2_HUMAN.H11MO.1.D
-151.0	15.5
-150.0	23
-149.0	21
-148.0	17
-147.0	22
-146.0	16.5
-145.0	9
-144.0	11.5
-143.0	15.5
-142.0	10
-141.0	23.5
-140.0	25
-139.0	9
-138.0	21.5
-137.0	14.5
-136.0	21
-135.0	15.25
-134.0	15
-133.0	17.5
-132.0	15
-131.0	21.5
-130.0	13
-129.0	20
-128.0	19
-127.0	12
-126.0	23
-125.0	20
-124.0	14
-123.0	13.3333
-122.0	17
-121.0	12.5
-120.0	17
-119.0	19
-118.0	19
-117.0	18.3333
-116.0	13.5
-115.0	10
-114.0	18.25
-113.0	19
-112.0	18
-111.0	23
-110.0	20
-109.0	14
-108.0	12.5
-107.0	16
-106.0	22.5
-105.0	16
-104.0	15
-103.0	17
-102.0	19
-101.0	20.5
-100.0	23
 -99.0	17.25
 -98.0	13.5
 -97.0	25.5
 -96.0	13
 -95.0	16
 -94.0	24
 -93.0	16
 -92.0	23
 -91.0	16
 -90.0	19
 -89.0	14.8333
 -88.0	19
 -87.0	19.5
 -86.0	26
 -85.0	15
 -84.0	14
 -83.0	20
 -82.0	18
 -81.0	20.5
 -80.0	20.25
 -79.0	23.5
 -78.0	19.3333
 -77.0	20
 -76.0	21
 -75.0	24
 -74.0	15
 -73.0	23
 -72.0	14
 -71.0	15.5
 -70.0	19
 -69.0	27
 -68.0	17
 -67.0	10
 -66.0	25
 -65.0	21
 -64.0	25.5
 -63.0	20.25
 -62.0	33.5
 -61.0	20.5
 -60.0	23
 -59.0	20
 -58.0	18.5
 -57.0	17.25
 -56.0	18
 -55.0	30.5
 -54.0	23
 -53.0	20
 -52.0	23
 -51.0	13
 -50.0	32.5
 -49.0	22.5
 -48.0	25.75
 -47.0	16
 -46.0	24
 -45.0	20
 -44.0	20
 -43.0	23.5
 -42.0	21.5
 -41.0	19
 -40.0	20
 -39.0	22.3333
 -38.0	14
 -37.0	34
 -36.0	22.6667
 -35.0	29
 -34.0	24.5
 -33.0	32.5
 -32.0	26.5
 -31.0	29
 -30.0	30.5
 -29.0	23
 -28.0	34.5
 -27.0	22
 -26.0	26
 -25.0	22.5
 -24.0	27.5
 -23.0	15.5
 -22.0	30.5
 -21.0	16
 -20.0	20
 -19.0	27
 -18.0	23
 -17.0	24.5
 -16.0	31.5
 -15.0	29.8333
 -14.0	33
 -13.0	24.5
 -12.0	28.8333
 -11.0	22
 -10.0	31
  -9.0	29.25
  -8.0	23
  -7.0	30.75
  -6.0	27
  -5.0	24
  -4.0	23
  -3.0	20.5
  -2.0	30.5
  -1.0	29
   0.0	28.25
   1.0	28
   2.0	28
   3.0	16.3333
   4.0	24
   5.0	33.3333
   6.0	27
   7.0	34
   8.0	40
   9.0	30
  10.0	27.5
  11.0	22
  12.0	23
  13.0	27
  14.0	28
  15.0	28.5
  16.0	23
  17.0	28.5
  18.0	33
  19.0	19.5
  20.0	19.5
  21.0	26
  22.0	24
  23.0	30
  24.0	23
  25.0	20.75
  26.0	25.5
  27.0	25
  28.0	23
  29.0	29
  30.0	25.5
  31.0	21.5
  32.0	27.8333
  33.0	19.5
  34.0	29
  35.0	27
  36.0	25.6667
  37.0	22
  38.0	25.5
  39.0	21.5
  40.0	29.5
  41.0	25.5
  42.0	20
  43.0	24
  44.0	17
  45.0	25.5
  46.0	22.6667
  47.0	25
  48.0	18
  49.0	26
  50.0	25
  51.0	30.5
  52.0	20
  53.0	20.5
  54.0	25.5
  55.0	25.5
  56.0	17.5
  57.0	25.25
  58.0	26
  59.0	24
  60.0	33.5
  61.0	19.5
  62.0	28.5
  63.0	29
  64.0	23.5
  65.0	27.5
  66.0	24
  67.0	19
  68.0	22
  69.0	30.8333
  70.0	18
  71.0	21.5
  72.0	15
  73.0	27
  74.0	22.5
  75.0	20
  76.0	16
  77.0	14.5
  78.0	27
  79.0	21
  80.0	24
  81.0	21
  82.0	20
  83.0	13.5
  84.0	19.5
  85.0	18
  86.0	12
  87.0	20.5
  88.0	23
  89.0	23
  90.0	19
  91.0	15.5
  92.0	18
  93.0	17
  94.0	22
  95.0	10.5
  96.0	15
  97.0	16.5
  98.0	20
  99.0	19.3333
 100.0	22.5
 101.0	21
 102.0	24
 103.0	18
 104.0	16.5
 105.0	15
 106.0	16
 107.0	21
 108.0	15
 109.0	16.5
 110.0	19
 111.0	21
 112.0	19
 113.0	9.5
 114.0	15
 115.0	13
 116.0	21.5
 117.0	8
 118.0	18.5
 119.0	11.5
 120.0	11
 121.0	18
 122.0	17.5
 123.0	13
 124.0	17
 125.0	32.5
 126.0	25.5
 127.0	13.5
 128.0	15
 129.0	18
 130.0	24
 131.0	22.5
 132.0	24
 133.0	14
 134.0	17
 135.0	15.5
 136.0	21
 137.0	14.5
 138.0	12
 139.0	13.5
 140.0	13
 141.0	10
 142.0	21
 143.0	15
 144.0	15
 145.0	24
 146.0	13.5
 147.0	19.5
 148.0	15.5
 149.0	16
 150.0	17
 151.0	13
DB 2 MOTIF	NR1I3_HUMAN.H11MO.1.D
-151.0	15.5
-150.0	20
-149.0	17.5
-148.0	13
-147.0	18
-146.0	11.5
-145.0	14
-144.0	12.5
-143.0	18.5
-142.0	11
-141.0	21.5
-140.0	24
-139.0	11
-138.0	16.5
-137.0	16.5
-136.0	17.5
-135.0	15.25
-134.0	12.5
-133.0	11.5
-132.0	15
-131.0	22.5
-130.0	13
-129.0	14
-128.0	13
-127.0	10
-126.0	20
-125.0	18
-124.0	16
-123.0	11.3333
-122.0	19
-121.0	19.5
-120.0	15
-119.0	20
-118.0	12
-117.0	16.3333
-116.0	11.5
-115.0	11
-114.0	23.25
-113.0	19
-112.0	20
-111.0	20
-110.0	18.5
-109.0	11
-108.0	10
-107.0	17
-106.0	21.5
-105.0	18
-104.0	14.5
-103.0	15.5
-102.0	17
-101.0	18
-100.0	18
 -99.0	9.25
 -98.0	12.5
 -97.0	24
 -96.0	15
 -95.0	13
 -94.0	21
 -93.0	17
 -92.0	18.5
 -91.0	14
 -90.0	17
 -89.0	16.5
 -88.0	20
 -87.0	19.5
 -86.0	26
 -85.0	19
 -84.0	16
 -83.0	20
 -82.0	15.5
 -81.0	23.5
 -80.0	19.25
 -79.0	20
 -78.0	21.3333
 -77.0	21
 -76.0	22
 -75.0	22.5
 -74.0	15
 -73.0	25.5
 -72.0	17
 -71.0	19
 -70.0	16.5
 -69.0	22
 -68.0	16.5
 -67.0	10
 -66.0	22
 -65.0	18.5
 -64.0	24
 -63.0	19.25
 -62.0	25.5
 -61.0	16.5
 -60.0	22
 -59.0	16.5
 -58.0	16
 -57.0	16.25
 -56.0	14.5
 -55.0	20
 -54.0	16
 -53.0	20
 -52.0	17.5
 -51.0	17
 -50.0	28.5
 -49.0	20
 -48.0	23.75
 -47.0	13.5
 -46.0	21.5
 -45.0	21
 -44.0	19
 -43.0	24.5
 -42.0	21.5
 -41.0	18.5
 -40.0	18
 -39.0	17.3333
 -38.0	14
 -37.0	30.5
 -36.0	23.3333
 -35.0	25
 -34.0	19
 -33.0	29
 -32.0	22.5
 -31.0	26
 -30.0	26.5
 -29.0	21
 -28.0	31.5
 -27.0	24.5
 -26.0	22.5
 -25.0	20.5
 -24.0	21
 -23.0	19.5
 -22.0	21
 -21.0	17
 -20.0	15
 -19.0	19
 -18.0	19.5
 -17.0	18
 -16.0	28
 -15.0	24.3333
 -14.0	30
 -13.0	25.5
 -12.0	27.8333
 -11.0	20
 -10.0	29.5
  -9.0	27.25
  -8.0	22
  -7.0	26.25
  -6.0	28
  -5.0	18
  -4.0	21
  -3.0	15.5
  -2.0	21.5
  -1.0	26
   0.0	33.75
   1.0	24.5
   2.0	28
   3.0	18
   4.0	22
   5.0	30.3333
   6.0	21
   7.0	37
   8.0	34
   9.0	22.5
  10.0	28.5
  11.0	14
  12.0	17.5
  13.0	19
  14.0	23
  15.0	31.5
  16.0	22
  17.0	25.5
  18.0	31
  19.0	17.5
  20.0	20.5
  21.0	29
  22.0	22
  23.0	31.5
  24.0	25
  25.0	19.75
  26.0	21.5
  27.0	34.5
  28.0	23
  29.0	25.5
  30.0	20.5
  31.0	23
  32.0	26
  33.0	20.5
  34.0	29
  35.0	29
  36.0	23.3333
  37.0	21
  38.0	30.5
  39.0	22.5
  40.0	27.5
  41.0	23
  42.0	21
  43.0	22
  44.0	18
  45.0	26
  46.0	20.6667
  47.0	26
  48.0	17.3333
  49.0	24.5
  50.0	18
  51.0	30
  52.0	19
  53.0	21.5
  54.0	24
  55.0	26.5
  56.0	15.5
  57.0	25.25
  58.0	23
  59.0	25.5
  60.0	26.5
  61.0	20
  62.0	26
  63.0	25
  64.0	22.5
  65.0	30.5
  66.0	24
  67.0	18
  68.0	16
  69.0	30.5
  70.0	17
  71.0	17.5
  72.0	14
  73.0	31.5
  74.0	24.5
  75.0	16
  76.0	12
  77.0	16
  78.0	24
  79.0	21
  80.0	26
  81.0	17
  82.0	16.5
  83.0	13
  84.0	11.5
  85.0	18
  86.0	14
  87.0	17.5
  88.0	16
  89.0	22.5
  90.0	21
  91.0	17
  92.0	17
  93.0	14
  94.0	18
  95.0	15.5
  96.0	16.5
  97.0	18
  98.0	22
  99.0	20.3333
 100.0	21.5
 101.0	17
 102.0	17
 103.0	15
 104.0	11.5
 105.0	17.5
 106.0	16
 107.0	17
 108.0	15
 109.0	12.5
 110.0	16
 111.0	20.3333
 112.0	18
 113.0	14
 114.0	15
 115.0	11
 116.0	19.5
 117.0	8.33333
 118.0	18.5
 119.0	12.5
 120.0	11
 121.0	15
 122.0	15.5
 123.0	8
 124.0	18
 125.0	22
 126.0	23.5
 127.0	18
 128.0	15.5
 129.0	16
 130.0	19
 131.0	21.5
 132.0	26
 133.0	15
 134.0	21
 135.0	14
 136.0	18
 137.0	10.5
 138.0	13
 139.0	12
 140.0	11
 141.0	15
 142.0	22
 143.0	14
 144.0	15
 145.0	19
 146.0	12.5
 147.0	16.5
 148.0	10.5
 149.0	20.5
 150.0	13
 151.0	15
DB 2 MOTIF	NR2C1_HUMAN.H11MO.0.C
-148.5	9
-147.5	17
-146.5	5
-145.5	10
-144.5	11
-143.5	15
-142.5	6
-141.5	8
-140.5	4
-139.5	10
-138.5	10
-137.5	14
-136.5	10
-135.5	12
-134.5	10
-133.5	15
-132.5	4
-131.5	6
-130.5	13
-129.5	10
-128.5	14
-127.5	10
-126.5	14
-125.5	6
-124.5	12
-123.5	5
-122.5	17
-121.5	10.5
-120.5	7
-119.5	10
-118.5	11.5
-117.5	7
-116.5	8
-115.5	12
-114.5	14
-113.5	8
-112.5	13
-111.5	11
-110.5	15
-109.5	9
-108.5	16
-107.5	11
-106.5	8
-105.5	12
-104.5	9
-103.5	13
-102.5	13
-101.5	13
-100.5	12
 -99.5	15
 -98.5	11
 -97.5	13
 -96.5	11
 -95.5	11
 -94.5	11
 -93.5	9
 -92.5	11
 -91.5	12
 -90.5	10
 -89.5	12
 -88.5	12
 -87.5	10
 -86.5	12
 -85.5	9
 -84.5	15
 -83.5	13
 -82.5	16
 -81.5	11
 -80.5	15
 -79.5	11
 -78.5	16
 -77.5	13
 -76.5	12
 -75.5	12
 -74.5	17
 -73.5	16
 -72.5	16
 -71.5	12
 -70.5	14
 -69.5	10
 -68.5	14
 -67.5	18
 -66.5	12
 -65.5	7
 -64.5	14
 -63.5	19
 -62.5	10
 -61.5	15
 -60.5	11
 -59.5	19
 -58.5	15
 -57.5	18
 -56.5	10
 -55.5	10
 -54.5	16.5
 -53.5	10
 -52.5	20
 -51.5	14
 -50.5	14
 -49.5	13
 -48.5	7
 -47.5	18
 -46.5	10
 -45.5	19
 -44.5	12
 -43.5	16
 -42.5	15
 -41.5	12
 -40.5	10
 -39.5	22
 -38.5	18
 -37.5	28
 -36.5	12
 -35.5	12
 -34.5	16
 -33.5	19
 -32.5	17
 -31.5	21
 -30.5	17
 -29.5	21
 -28.5	21
 -27.5	17
 -26.5	16
 -25.5	19
 -24.5	22
 -23.5	18
 -22.5	11
 -21.5	19
 -20.5	12
 -19.5	21
 -18.5	18
 -17.5	20
 -16.5	17
 -15.5	15
 -14.5	13
 -13.5	15
 -12.5	18.5
 -11.5	24
 -10.5	15
  -9.5	23
  -8.5	13
  -7.5	11
  -6.5	17
  -5.5	19
  -4.5	19
  -3.5	26
  -2.5	15
  -1.5	23
  -0.5	12
   0.5	20.3333
   1.5	25
   2.5	27.5
   3.5	13
   4.5	25
   5.5	25
   6.5	14
   7.5	22
   8.5	20
   9.5	16
  10.5	17
  11.5	15
  12.5	15
  13.5	20
  14.5	24
  15.5	19
  16.5	19.5
  17.5	18.5
  18.5	25
  19.5	15
  20.5	30
  21.5	20
  22.5	16
  23.5	18
  24.5	16
  25.5	16
  26.5	10
  27.5	11.5
  28.5	10
  29.5	21
  30.5	14
  31.5	24
  32.5	21
  33.5	17.3333
  34.5	19
  35.5	16
  36.5	23
  37.5	21
  38.5	20
  39.5	14
  40.5	19
  41.5	16
  42.5	20
  43.5	14.5
  44.5	16
  45.5	14
  46.5	23
  47.5	16
  48.5	24
  49.5	14
  50.5	15
  51.5	15
  52.5	17
  53.5	14
  54.5	7
  55.5	20
  56.5	16
  57.5	15
  58.5	9
  59.5	25
  60.5	8
  61.5	19
  62.5	17
  63.5	6
  64.5	15
  65.5	12
  66.5	20.3333
  67.5	16
  68.5	13
  69.5	16
  70.5	19
  71.5	13
  72.5	14
  73.5	15
  74.5	9
  75.5	14
  76.5	16.5
  77.5	13
  78.5	7
  79.5	16
  80.5	9
  81.5	19
  82.5	13
  83.5	16
  84.5	11
  85.5	9
  86.5	12
  87.5	11
  88.5	14
  89.5	10
  90.5	12
  91.5	13
  92.5	11
  93.5	12
  94.5	11
  95.5	6
  96.5	13
  97.5	9
  98.5	11
  99.5	14
 100.5	8
 101.5	8
 102.5	13
 103.5	9
 104.5	10
 105.5	9
 106.5	8
 107.5	12
 108.5	6
 109.5	11
 110.5	5
 111.5	7
 112.5	4
 113.5	13
 114.5	9
 115.5	11
 116.5	11
 117.5	9
 118.5	12
 119.5	10
 120.5	12
 121.5	9
 122.5	8
 123.5	12
 124.5	11
 125.5	6
 126.5	6
 127.5	13
 128.5	7
 129.5	9
 130.5	10
 131.5	9
 132.5	8
 133.5	8
 134.5	12
 135.5	5
 136.5	14
 137.5	3
 138.5	8
 139.5	6
 140.5	8
 141.5	6
 142.5	13
 143.5	10
 144.5	11
 145.5	8
 146.5	13
 147.5	8
 148.5	8
DB 2 MOTIF	NR2C2_HUMAN.H11MO.0.B
-149.0	17
-148.0	12
-147.0	14.3333
-146.0	18
-145.0	13
-144.0	22
-143.0	15.5
-142.0	23
-141.0	11
-140.0	15.5
-139.0	16
-138.0	18
-137.0	11
-136.0	22
-135.0	19.2
-134.0	17
-133.0	22
-132.0	16
-131.0	10
-130.0	18
-129.0	21
-128.0	16
-127.0	15.5
-126.0	21
-125.0	11
-124.0	12
-123.0	22
-122.0	19.3333
-121.0	14
-120.0	16
-119.0	23.5
-118.0	12
-117.0	16
-116.0	16
-115.0	21
-114.0	18
-113.0	17
-112.0	24
-111.0	19
-110.0	16
-109.0	23
-108.0	15
-107.0	14
-106.0	29.2
-105.0	20
-104.0	21
-103.0	25
-102.0	18
-101.0	22.3333
-100.0	23
 -99.0	15.5
 -98.0	17
 -97.0	18.3333
 -96.0	19.5
 -95.0	21
 -94.0	16
 -93.0	16
 -92.0	17
 -91.0	20
 -90.0	14
 -89.0	20
 -88.0	18
 -87.0	9
 -86.0	18
 -85.0	16
 -84.0	19
 -83.0	23
 -82.0	14
 -81.0	21
 -80.0	17
 -79.0	19
 -78.0	20
 -77.0	15.2
 -76.0	16
 -75.0	16
 -74.0	23
 -73.0	19
 -72.0	26.5
 -71.0	20
 -70.0	15
 -69.0	25
 -68.0	13
 -67.0	23
 -66.0	19
 -65.0	19
 -64.0	19
 -63.0	26
 -62.0	20
 -61.0	10
 -60.0	17
 -59.0	22.5
 -58.0	22
 -57.0	16
 -56.0	20
 -55.0	19
 -54.0	29
 -53.0	22
 -52.0	16
 -51.0	18
 -50.0	19.5
 -49.0	22.5
 -48.0	17.2
 -47.0	27
 -46.0	14.5
 -45.0	27
 -44.0	23
 -43.0	27
 -42.0	16
 -41.0	20
 -40.0	23
 -39.0	27.5
 -38.0	24
 -37.0	17
 -36.0	25
 -35.0	14
 -34.0	25
 -33.0	22
 -32.0	21
 -31.0	29
 -30.0	27
 -29.0	23.5
 -28.0	19.5
 -27.0	14
 -26.0	22.5
 -25.0	26
 -24.0	17
 -23.0	22
 -22.0	21.5
 -21.0	30
 -20.0	22
 -19.0	29.2
 -18.0	23
 -17.0	25.5
 -16.0	23.3333
 -15.0	22
 -14.0	20
 -13.0	27
 -12.0	24
 -11.0	34
 -10.0	16
  -9.0	27
  -8.0	30
  -7.0	26
  -6.0	24
  -5.0	19
  -4.0	34.5
  -3.0	25
  -2.0	24
  -1.0	26
   0.0	23.5
   1.0	27
   2.0	30.5
   3.0	25
   4.0	19.5
   5.0	35
   6.0	24
   7.0	17.5
   8.0	28
   9.0	20
  10.0	25
  11.0	18
  12.0	30
  13.0	20
  14.0	25
  15.0	21
  16.0	19
  17.0	30
  18.0	19.5
  19.0	25
  20.0	28
  21.0	32.5
  22.0	33.5
  23.0	38
  24.0	23
  25.0	32
  26.0	21
  27.0	22
  28.0	17
  29.0	25
  30.0	17
  31.0	28
  32.0	32
  33.0	20
  34.0	21
  35.0	18
  36.0	23
  37.0	24
  38.0	25
  39.0	29
  40.0	19.5
  41.0	25
  42.0	22
  43.0	19.5
  44.0	21
  45.0	28
  46.0	20
  47.0	21
  48.0	34
  49.0	23
  50.0	17
  51.0	20
  52.0	22
  53.0	22.5
  54.0	18
  55.0	19
  56.0	21.5
  57.0	24
  58.0	20
  59.0	25
  60.0	16
  61.0	33
  62.0	30
  63.0	26
  64.0	21
  65.0	21.5
  66.0	32
  67.0	18
  68.0	16.5
  69.0	13.8333
  70.0	27
  71.0	28
  72.0	19
  73.0	22
  74.0	18
  75.0	15
  76.0	22
  77.0	23
  78.0	19
  79.0	20
  80.0	17
  81.0	15
  82.0	20
  83.0	21
  84.0	14
  85.0	25
  86.0	19
  87.0	19
  88.0	18
  89.0	20
  90.0	13
  91.0	21
  92.0	16
  93.0	14
  94.0	20
  95.0	15
  96.0	19.5
  97.0	16.5
  98.0	18
  99.0	22
 100.0	12
 101.0	18
 102.0	16
 103.0	17
 104.0	13
 105.0	20
 106.0	14.5
 107.0	21
 108.0	16.5
 109.0	17
 110.0	17
 111.0	21
 112.0	18
 113.0	22
 114.0	16
 115.0	16
 116.0	18
 117.0	15
 118.0	21
 119.0	9
 120.0	12
 121.0	23
 122.0	14
 123.0	17
 124.0	17
 125.0	22
 126.0	18
 127.0	24
 128.0	12
 129.0	23
 130.0	22
 131.0	15
 132.0	17
 133.0	19
 134.0	18
 135.0	16
 136.0	13
 137.0	14
 138.0	14
 139.0	20
 140.0	20
 141.0	20
 142.0	14
 143.0	22
 144.0	17
 145.0	13
 146.0	23
 147.0	18
 148.0	15
 149.0	11
DB 2 MOTIF	NR2E1_HUMAN.H11MO.0.D
-146.5	7
-145.5	8
-144.5	4.5
-143.5	4
-142.5	8
-141.5	7
-140.5	4
-139.5	6
-138.5	8
-137.5	8
-136.5	4
-135.5	5
-134.5	4
-133.5	8
-132.5	5
-131.5	6
-130.5	8
-129.5	5
-128.5	3
-127.5	6
-126.5	2
-125.5	8
-124.5	4
-123.5	5
-122.5	8
-121.5	1
-120.5	10
-119.5	2
-118.5	6
-117.5	7
-116.5	4
-115.5	5
-114.5	4
-113.5	9
-112.5	8
-111.5	4
-110.5	5
-109.5	4
-108.5	8
-107.5	7
-106.5	6
-105.5	3
-104.5	7
-103.5	2
-102.5	7
-101.5	7
-100.5	4
 -99.5	1
 -98.5	6
 -97.5	7
 -96.5	8
 -95.5	5
 -94.5	4
 -93.5	6
 -92.5	4
 -91.5	5
 -90.5	3
 -89.5	8
 -88.5	8
 -87.5	5
 -86.5	7
 -85.5	6
 -84.5	6
 -83.5	7
 -82.5	5
 -81.5	3
 -80.5	5
 -79.5	6
 -78.5	9
 -77.5	1
 -76.5	6
 -75.5	9
 -74.5	4
 -73.5	6
 -72.5	6
 -71.5	7
 -70.5	4
 -69.5	1
 -68.5	6
 -67.5	7
 -66.5	6
 -65.5	8
 -64.5	6
 -63.5	2
 -62.5	8
 -61.5	12
 -60.5	7
 -59.5	8
 -58.5	5
 -57.5	8
 -56.5	3
 -55.5	7
 -54.5	4
 -53.5	8
 -52.5	6
 -51.5	3
 -50.5	7
 -49.5	6
 -48.5	7
 -47.5	8
 -46.5	5
 -45.5	6
 -44.5	6
 -43.5	4
 -42.5	5
 -41.5	5
 -40.5	6
 -39.5	8
 -38.5	8
 -37.5	13
 -36.5	3
 -35.5	4
 -34.5	5
 -33.5	14
 -32.5	5
 -31.5	10
 -30.5	5
 -29.5	9
 -28.5	6
 -27.5	10
 -26.5	9
 -25.5	5
 -24.5	8
 -23.5	6
 -22.5	6
 -21.5	6
 -20.5	1
 -19.5	6
 -18.5	1
 -17.5	4
 -16.5	12
 -15.5	7
 -14.5	7
 -13.5	6
 -12.5	8
 -11.5	6
 -10.5	4
  -9.5	7
  -8.5	5
  -7.5	11
  -6.5	11
  -5.5	11
  -4.5	6
  -3.5	12
  -2.5	11
  -1.5	10
  -0.5	4
   0.5	8
   1.5	5
   2.5	11
   3.5	10
   4.5	11
   5.5	7
   6.5	3
   7.5	7
   8.5	8
   9.5	11
  10.5	10
  11.5	6
  12.5	3
  13.5	8
  14.5	4
  15.5	5
  16.5	6
  17.5	6
  18.5	8
  19.5	6
  20.5	8
  21.5	4
  22.5	11.5
  23.5	9
  24.5	13
  25.5	4
  26.5	6
  27.5	6
  28.5	6
  29.5	4
  30.5	7
  31.5	12
  32.5	8
  33.5	7
  34.5	6
  35.5	6
  36.5	7
  37.5	4
  38.5	5
  39.5	11
  40.5	9
  41.5	8
  42.5	8
  43.5	7
  44.5	6
  45.5	7
  46.5	11
  47.5	7
  48.5	7
  49.5	6
  50.5	10
  51.5	10
  52.5	5
  53.5	6
  54.5	13
  55.5	7
  56.5	8
  57.5	5
  58.5	9
  59.5	8
  60.5	8
  61.5	8
  62.5	5
  63.5	5
  64.5	3
  65.5	5
  66.5	8
  67.5	1.5
  68.5	11
  69.5	10.5
  70.5	3
  71.5	6
  72.5	4
  73.5	9
  74.5	6
  75.5	4
  76.5	4
  77.5	8
  78.5	8
  79.5	9
  80.5	7
  81.5	6
  82.5	2
  83.5	10
  84.5	3
  85.5	10
  86.5	9
  87.5	5
  88.5	7
  89.5	3
  90.5	8
  91.5	7
  92.5	5
  93.5	4
  94.5	8
  95.5	5
  96.5	2
  97.5	1
  98.5	4
  99.5	5
 100.5	6
 101.5	13
 102.5	6
 103.5	7
 104.5	7
 105.5	9
 106.5	6
 107.5	5
 108.5	2
 109.5	7
 110.5	4
 111.5	5
 112.5	7
 113.5	4
 114.5	9
 115.5	3
 116.5	7
 117.5	7
 118.5	6
 119.5	3
 120.5	12
 121.5	3
 122.5	8
 123.5	4
 124.5	4
 125.5	4
 126.5	2
 127.5	9
 128.5	3
 129.5	4
 130.5	9
 131.5	4
 132.5	6
 133.5	4
 134.5	5
 135.5	9
 136.5	10
 137.5	5
 138.5	6
 139.5	5
 140.5	7
 141.5	8
 142.5	4
 143.5	3
 144.5	5
 145.5	4
 146.5	7
DB 2 MOTIF	NR2F6_HUMAN.H11MO.0.D
-146.0	17
-145.0	11
-144.0	12
-143.0	19
-142.0	17
-141.0	17
-140.0	13
-139.0	16
-138.0	15
-137.0	15
-136.0	14
-135.0	15
-134.0	18
-133.0	13
-132.0	17
-131.0	15.5
-130.0	12
-129.0	6
-128.0	18
-127.0	15
-126.0	16
-125.0	13
-124.0	20
-123.0	10
-122.0	17
-121.0	18
-120.0	17
-119.0	12
-118.0	16
-117.0	13
-116.0	17
-115.0	14
-114.0	15
-113.0	19
-112.0	13
-111.0	23.5
-110.0	22
-109.0	20
-108.0	23
-107.0	13
-106.0	15.5
-105.0	18
-104.0	18
-103.0	16
-102.0	16
-101.0	20
-100.0	8
 -99.0	10
 -98.0	11
 -97.0	17
 -96.0	17
 -95.0	18
 -94.0	18
 -93.0	18
 -92.0	28
 -91.0	14
 -90.0	17
 -89.0	18
 -88.0	14
 -87.0	17
 -86.0	17
 -85.0	19
 -84.0	18
 -83.0	13.5
 -82.0	12
 -81.0	15
 -80.0	18
 -79.0	12
 -78.0	26
 -77.0	14
 -76.0	13
 -75.0	18
 -74.0	18
 -73.0	18
 -72.0	16
 -71.0	11
 -70.0	17
 -69.0	19
 -68.0	19
 -67.0	15
 -66.0	16
 -65.0	14
 -64.0	14
 -63.0	25
 -62.0	18
 -61.0	24
 -60.0	23
 -59.0	12
 -58.0	12
 -57.0	19
 -56.0	23
 -55.0	15
 -54.0	18
 -53.0	11
 -52.0	19
 -51.0	25
 -50.0	21
 -49.0	22
 -48.0	18
 -47.0	13
 -46.0	23.5
 -45.0	11
 -44.0	21
 -43.0	21
 -42.0	20
 -41.0	15
 -40.0	22
 -39.0	14
 -38.0	16
 -37.0	14
 -36.0	20
 -35.0	22
 -34.0	21
 -33.0	21
 -32.0	19
 -31.0	30
 -30.0	18
 -29.0	17
 -28.0	15
 -27.0	18
 -26.0	14
 -25.0	16
 -24.0	16
 -23.0	16
 -22.0	21
 -21.0	23
 -20.0	21.5
 -19.0	18
 -18.0	21
 -17.0	25
 -16.0	21
 -15.0	24
 -14.0	32
 -13.0	34
 -12.0	19
 -11.0	23
 -10.0	14
  -9.0	26
  -8.0	21
  -7.0	24
  -6.0	16
  -5.0	15
  -4.0	19
  -3.0	24
  -2.0	16
  -1.0	38.1667
   0.0	32
   1.0	19
   2.0	25.5
   3.0	18
   4.0	17
   5.0	18
   6.0	26
   7.0	18
   8.0	22.1667
   9.0	16
  10.0	20
  11.0	25
  12.0	19
  13.0	15
  14.0	22
  15.0	18
  16.0	21
  17.0	30.1667
  18.0	22
  19.0	25
  20.0	24
  21.0	12
  22.0	16
  23.0	26
  24.0	18
  25.0	10
  26.0	15.1667
  27.0	19
  28.0	20
  29.0	14
  30.0	13
  31.0	23
  32.0	23
  33.0	16
  34.0	21
  35.0	18.6667
  36.0	16
  37.0	16
  38.0	14
  39.0	26
  40.0	17
  41.0	17
  42.0	23
  43.0	18
  44.0	14.1667
  45.0	20
  46.0	16
  47.0	23
  48.0	18
  49.0	16
  50.0	23
  51.0	18
  52.0	19
  53.0	9
  54.0	20
  55.0	20
  56.0	23
  57.0	23
  58.0	27
  59.0	22
  60.0	17
  61.0	21
  62.0	10
  63.0	17
  64.0	25
  65.0	16
  66.0	21
  67.0	8
  68.0	19
  69.0	10
  70.0	20
  71.0	12
  72.0	16
  73.0	13
  74.0	17
  75.0	15
  76.0	23
  77.0	14
  78.0	18
  79.0	19
  80.0	17
  81.0	20
  82.0	13
  83.0	27
  84.0	11
  85.0	12
  86.0	16
  87.0	11
  88.0	15
  89.0	16
  90.0	16.5
  91.0	14
  92.0	14
  93.0	18
  94.0	19
  95.0	14
  96.0	17
  97.0	16
  98.0	11
  99.0	14
 100.0	10
 101.0	17
 102.0	15
 103.0	16
 104.0	12
 105.0	19
 106.0	14
 107.0	14
 108.0	12
 109.0	11
 110.0	14
 111.0	13
 112.0	20
 113.0	24
 114.0	24
 115.0	17
 116.0	16
 117.0	13
 118.0	14
 119.0	15
 120.0	9
 121.0	10
 122.0	17
 123.0	9
 124.0	19
 125.0	17
 126.0	20
 127.0	15
 128.0	16
 129.0	21
 130.0	16.5
 131.0	22
 132.0	25
 133.0	14
 134.0	17
 135.0	12
 136.0	15.5
 137.0	10
 138.0	11
 139.0	18
 140.0	8
 141.0	24
 142.0	14.5
 143.0	16
 144.0	15
 145.0	17
 146.0	18
DB 2 MOTIF	NR4A1_HUMAN.H11MO.0.A
-150.5	22
-149.5	23.3333
-148.5	20
-147.5	14
-146.5	23
-145.5	19.5
-144.5	25
-143.5	29
-142.5	25.5
-141.5	33.5
-140.5	16
-139.5	14
-138.5	23
-137.5	25
-136.5	24.5
-135.5	23.5
-134.5	22
-133.5	22
-132.5	19.5
-131.5	20
-130.5	12
-129.5	20.5
-128.5	19
-127.5	26
-126.5	29
-125.5	7
-124.5	27.3333
-123.5	25.8333
-122.5	22
-121.5	17
-120.5	20
-119.5	22
-118.5	21
-117.5	34
-116.5	24
-115.5	11
-114.5	15.3333
-113.5	35.5
-112.5	29.5
-111.5	20
-110.5	21
-109.5	16
-108.5	19
-107.5	17.5
-106.5	28
-105.5	25.5
-104.5	22.5
-103.5	27
-102.5	25
-101.5	17
-100.5	30.5
 -99.5	27.3333
 -98.5	17
 -97.5	22
 -96.5	25
 -95.5	23
 -94.5	19
 -93.5	25
 -92.5	21.3333
 -91.5	24
 -90.5	21
 -89.5	23
 -88.5	27
 -87.5	32
 -86.5	31
 -85.5	25
 -84.5	19
 -83.5	23
 -82.5	27.5
 -81.5	21.5
 -80.5	31.5
 -79.5	19
 -78.5	30
 -77.5	33
 -76.5	34
 -75.5	24
 -74.5	23
 -73.5	26.8333
 -72.5	25
 -71.5	23
 -70.5	25.5
 -69.5	31
 -68.5	34
 -67.5	23.5
 -66.5	32
 -65.5	21
 -64.5	19
 -63.5	27
 -62.5	29.5
 -61.5	21
 -60.5	25
 -59.5	29.5
 -58.5	23
 -57.5	21
 -56.5	24.5
 -55.5	29
 -54.5	27.5
 -53.5	19.5
 -52.5	19.5
 -51.5	26
 -50.5	26
 -49.5	23.5
 -48.5	23.5
 -47.5	24.5
 -46.5	20
 -45.5	26.5
 -44.5	31.5
 -43.5	25
 -42.5	24
 -41.5	25
 -40.5	24
 -39.5	29.5
 -38.5	22.5
 -37.5	31
 -36.5	24
 -35.5	37
 -34.5	25.8333
 -33.5	27.5
 -32.5	33
 -31.5	31.5
 -30.5	30.5
 -29.5	34.3333
 -28.5	37
 -27.5	34.5
 -26.5	28
 -25.5	31.5
 -24.5	30
 -23.5	30
 -22.5	30
 -21.5	30
 -20.5	23
 -19.5	26
 -18.5	25
 -17.5	29
 -16.5	29.5
 -15.5	27
 -14.5	30.5
 -13.5	21
 -12.5	22.8333
 -11.5	27.5
 -10.5	26
  -9.5	21
  -8.5	39.3333
  -7.5	32
  -6.5	28.3333
  -5.5	34
  -4.5	27
  -3.5	28.5
  -2.5	23.5
  -1.5	34
  -0.5	32
   0.5	43.5
   1.5	23
   2.5	32.8333
   3.5	24
   4.5	25
   5.5	27
   6.5	30.5
   7.5	33
   8.5	24
   9.5	20
  10.5	30.5
  11.5	19
  12.5	28.5
  13.5	31
  14.5	23
  15.5	31
  16.5	34
  17.5	39
  18.5	25
  19.5	39.5
  20.5	25
  21.5	26.5
  22.5	28.5
  23.5	34.5
  24.5	23
  25.5	30
  26.5	30.5
  27.5	42
  28.5	30
  29.5	33
  30.5	24
  31.5	21
  32.5	19
  33.5	22
  34.5	38
  35.5	20.3333
  36.5	31
  37.5	27
  38.5	29.5
  39.5	32
  40.5	17.5
  41.5	29
  42.5	33
  43.5	24
  44.5	17
  45.5	28.6667
  46.5	22
  47.5	22
  48.5	30
  49.5	28
  50.5	29.5
  51.5	29
  52.5	21
  53.5	28
  54.5	29
  55.5	32.3333
  56.5	19
  57.5	29
  58.5	32
  59.5	29
  60.5	22.5
  61.5	19.5
  62.5	29
  63.5	33
  64.5	24
  65.5	28
  66.5	25
  67.5	29.5
  68.5	27.3333
  69.5	22.5
  70.5	29
  71.5	26.5
  72.5	26.5
  73.5	25
  74.5	24
  75.5	17
  76.5	30
  77.5	26
  78.5	32.5
  79.5	20.5
  80.5	18
  81.5	25
  82.5	27
  83.5	26
  84.5	23
  85.5	25.5
  86.5	21.5
  87.5	29.5
  88.5	23
  89.5	22
  90.5	23
  91.5	24
  92.5	18
  93.5	24
  94.5	19
  95.5	23.5
  96.5	23
  97.5	18
  98.5	22
  99.5	22
 100.5	19
 101.5	20
 102.5	16.5
 103.5	28
 104.5	15
 105.5	19
 106.5	25.5
 107.5	28.5
 108.5	28
 109.5	20
 110.5	25
 111.5	19
 112.5	25.5
 113.5	21
 114.5	21
 115.5	25
 116.5	23
 117.5	18
 118.5	20
 119.5	17
 120.5	20
 121.5	20
 122.5	8
 123.5	27.5
 124.5	22
 125.5	28
 126.5	23
 127.5	24
 128.5	17
 129.5	28
 130.5	16
 131.5	15
 132.5	25
 133.5	17
 134.5	15.5
 135.5	26
 136.5	29
 137.5	22
 138.5	19
 139.5	25.5
 140.5	17
 141.5	24
 142.5	21
 143.5	22
 144.5	19
 145.5	25
 146.5	23
 147.5	19
 148.5	19
 149.5	18.5
 150.5	22
DB 2 MOTIF	NR4A2_HUMAN.H11MO.0.C
-150.5	18
-149.5	18
-148.5	12
-147.5	12
-146.5	19.5
-145.5	8.5
-144.5	12
-143.5	22
-142.5	15.5
-141.5	15
-140.5	11
-139.5	12
-138.5	15
-137.5	19
-136.5	8.5
-135.5	12
-134.5	14.25
-133.5	14
-132.5	8
-131.5	12
-130.5	13
-129.5	8
-128.5	10
-127.5	10
-126.5	17.5
-125.5	13
-124.5	15
-123.5	16.8333
-122.5	19
-121.5	15
-120.5	20
-119.5	18
-118.5	10
-117.5	20
-116.5	22.5
-115.5	8
-114.5	8
-113.5	30
-112.5	13
-111.5	12
-110.5	19.5
-109.5	8
-108.5	15.3333
-107.5	9
-106.5	21.5
-105.5	17
-104.5	24
-103.5	19
-102.5	17
-101.5	18
-100.5	16.5
 -99.5	17
 -98.5	14.25
 -97.5	17.5
 -96.5	15
 -95.5	22.5
 -94.5	19
 -93.5	24
 -92.5	21
 -91.5	17.5
 -90.5	11
 -89.5	20.3333
 -88.5	21
 -87.5	20
 -86.5	19
 -85.5	17
 -84.5	18
 -83.5	16
 -82.5	13.5
 -81.5	19.5
 -80.5	18
 -79.5	19
 -78.5	19
 -77.5	20.5
 -76.5	26
 -75.5	16
 -74.5	22
 -73.5	21.8333
 -72.5	11
 -71.5	14.5
 -70.5	18
 -69.5	18
 -68.5	24
 -67.5	21.5
 -66.5	20.5
 -65.5	18.5
 -64.5	18
 -63.5	17
 -62.5	21.25
 -61.5	30.5
 -60.5	20
 -59.5	23
 -58.5	22.5
 -57.5	10
 -56.5	16.3333
 -55.5	25
 -54.5	25.5
 -53.5	18
 -52.5	18.5
 -51.5	19
 -50.5	18
 -49.5	14
 -48.5	24.8333
 -47.5	16.5
 -46.5	13.5
 -45.5	22.5
 -44.5	29
 -43.5	26
 -42.5	23
 -41.5	22
 -40.5	14
 -39.5	25.5
 -38.5	18
 -37.5	26.5
 -36.5	20.6667
 -35.5	32
 -34.5	19
 -33.5	24
 -32.5	18
 -31.5	27
 -30.5	29.5
 -29.5	28.3333
 -28.5	27
 -27.5	30
 -26.5	28
 -25.5	27.5
 -24.5	25
 -23.5	17
 -22.5	24.3333
 -21.5	20
 -20.5	19.5
 -19.5	23.5
 -18.5	27
 -17.5	25
 -16.5	19.5
 -15.5	26
 -14.5	27.5
 -13.5	23.5
 -12.5	26.3333
 -11.5	24.5
 -10.5	22
  -9.5	29
  -8.5	26.25
  -7.5	31
  -6.5	20.3333
  -5.5	18
  -4.5	27
  -3.5	14.5
  -2.5	20.5
  -1.5	39
  -0.5	24
   0.5	25.3333
   1.5	24
   2.5	21
   3.5	27.5
   4.5	23.3333
   5.5	29
   6.5	29
   7.5	34
   8.5	25
   9.5	23
  10.5	23.5
  11.5	22
  12.5	29.5
  13.5	31
  14.5	8.5
  15.5	26
  16.5	29
  17.5	32
  18.5	18
  19.5	24.5
  20.5	34
  21.5	28.5
  22.5	32.5
  23.5	30.5
  24.5	19
  25.5	23
  26.5	26.5
  27.5	27
  28.5	26
  29.5	27.5
  30.5	23
  31.5	15.3333
  32.5	15
  33.5	28
  34.5	27
  35.5	29
  36.5	26.3333
  37.5	19
  38.5	34.5
  39.5	31.5
  40.5	18.5
  41.5	20
  42.5	22
  43.5	14
  44.5	30
  45.5	25.1667
  46.5	20
  47.5	17
  48.5	26
  49.5	15
  50.5	34.5
  51.5	18
  52.5	13
  53.5	23
  54.5	26
  55.5	29
  56.5	15.5
  57.5	21.3333
  58.5	21
  59.5	38
  60.5	23.8333
  61.5	13
  62.5	23
  63.5	33
  64.5	24
  65.5	20
  66.5	29
  67.5	25.5
  68.5	26
  69.5	14.5
  70.5	22
  71.5	18.8333
  72.5	26
  73.5	17
  74.5	20
  75.5	16
  76.5	15.5
  77.5	24
  78.5	19
  79.5	21.5
  80.5	15
  81.5	17
  82.5	12
  83.5	14
  84.5	15
  85.5	15
  86.5	18.5
  87.5	26
  88.5	14
  89.5	17
  90.5	19
  91.5	16
  92.5	14
  93.5	17
  94.5	12
  95.5	14
  96.5	25
  97.5	15
  98.5	10
  99.5	15
 100.5	13
 101.5	20
 102.5	13
 103.5	18
 104.5	14.5
 105.5	13
 106.5	16
 107.5	16.5
 108.5	13.5
 109.5	21
 110.5	13
 111.5	16.5
 112.5	15
 113.5	20
 114.5	19
 115.5	20
 116.5	15
 117.5	21
 118.5	13
 119.5	6.5
 120.5	22
 121.5	21
 122.5	12.5
 123.5	17.5
 124.5	14
 125.5	14
 126.5	17
 127.5	17.5
 128.5	9
 129.5	19
 130.5	7.5
 131.5	13
 132.5	22.5
 133.5	7
 134.5	14
 135.5	11
 136.5	21
 137.5	15
 138.5	8
 139.5	10
 140.5	13
 141.5	21
 142.5	15
 143.5	16
 144.5	25
 145.5	20
 146.5	11.5
 147.5	13
 148.5	15
 149.5	16.5
 150.5	14
DB 2 MOTIF	NR4A3_HUMAN.H11MO.0.D
-150.0	7
-149.0	8
-148.0	9.5
-147.0	6.5
-146.0	10.5
-145.0	4
-144.0	9
-143.0	16
-142.0	10
-141.0	13
-140.0	4
-139.0	6
-138.0	15
-137.0	10.5
-136.0	6
-135.0	14
-134.0	7
-133.0	8.5
-132.0	8
-131.0	13
-130.0	9
-129.0	2.5
-128.0	10
-127.0	9
-126.0	6
-125.0	8
-124.0	13.5
-123.0	8
-122.0	4
-121.0	8
-120.0	12
-119.0	7
-118.0	9
-117.0	12
-116.0	7.33333
-115.0	7.11111
-114.0	11.5
-113.0	11
-112.0	13
-111.0	13
-110.0	11
-109.0	6.5
-108.0	6
-107.0	6.5
-106.0	7
-105.0	15
-104.0	12
-103.0	14
-102.0	9.11111
-101.0	5
-100.0	13
 -99.0	5.5
 -98.0	14
 -97.0	8
 -96.0	10
 -95.0	12.5
 -94.0	10
 -93.0	12
 -92.0	13
 -91.0	8.5
 -90.0	10.5
 -89.0	15
 -88.0	12
 -87.0	11
 -86.0	12
 -85.0	12.5
 -84.0	16
 -83.0	11
 -82.0	14
 -81.0	11
 -80.0	9
 -79.0	12
 -78.0	17
 -77.0	11
 -76.0	18
 -75.0	9
 -74.0	16
 -73.0	14
 -72.0	14
 -71.0	7.83333
 -70.0	16
 -69.0	17
 -68.0	12
 -67.0	9
 -66.0	9
 -65.0	13
 -64.0	8.33333
 -63.0	10
 -62.0	13.5
 -61.0	15
 -60.0	10
 -59.0	16
 -58.0	11
 -57.0	8
 -56.0	19.5
 -55.0	8.33333
 -54.0	17
 -53.0	10
 -52.0	14.3333
 -51.0	13
 -50.0	9.11111
 -49.0	18
 -48.0	14.5
 -47.0	19
 -46.0	9
 -45.0	9
 -44.0	15.5
 -43.0	21
 -42.0	19.5
 -41.0	17
 -40.0	12
 -39.0	7.5
 -38.0	11.5
 -37.0	12.6111
 -36.0	23
 -35.0	18
 -34.0	15.8333
 -33.0	19
 -32.0	16
 -31.0	19
 -30.0	21
 -29.0	8.83333
 -28.0	12
 -27.0	20
 -26.0	12.5
 -25.0	16.5
 -24.0	10.5
 -23.0	17.5
 -22.0	16
 -21.0	17
 -20.0	13
 -19.0	22
 -18.0	13
 -17.0	13.5
 -16.0	17.5
 -15.0	18
 -14.0	19.5
 -13.0	19.5
 -12.0	11
 -11.0	14.1111
 -10.0	11
  -9.0	20
  -8.0	17
  -7.0	16
  -6.0	16
  -5.0	18
  -4.0	22
  -3.0	13
  -2.0	17
  -1.0	19
   0.0	16.3333
   1.0	24
   2.0	9
   3.0	19
   4.0	19
   5.0	7
   6.0	27
   7.0	21
   8.0	12
   9.0	19
  10.0	12
  11.0	19.5
  12.0	12
  13.0	17
  14.0	15.8333
  15.0	15.1111
  16.0	15
  17.0	28
  18.0	10
  19.0	11
  20.0	13
  21.0	14.5
  22.0	21
  23.0	18.5
  24.0	17
  25.0	17.5
  26.0	18
  27.0	15
  28.0	19.6111
  29.0	15
  30.0	24
  31.0	20.5
  32.0	9
  33.0	14
  34.0	19
  35.0	12
  36.0	15
  37.0	19.3333
  38.0	13
  39.0	21.5
  40.0	12
  41.0	11.5
  42.0	14
  43.0	9.5
  44.0	9
  45.0	10
  46.0	15
  47.0	12
  48.0	14.5
  49.0	17
  50.0	18.5
  51.0	15
  52.0	13.3333
  53.0	17
  54.0	14.5
  55.0	12
  56.0	12
  57.0	10
  58.0	14.5
  59.0	18
  60.0	23
  61.0	17.5
  62.0	8
  63.0	23
  64.0	21.5
  65.0	10.5
  66.0	10.5
  67.0	12.1111
  68.0	17.5
  69.0	12
  70.0	12.5
  71.0	15
  72.0	23.8333
  73.0	7
  74.0	14
  75.0	12
  76.0	8
  77.0	10
  78.0	13
  79.0	14.3333
  80.0	10
  81.0	13
  82.0	8.5
  83.0	8
  84.0	17.5
  85.0	7
  86.0	11
  87.0	15.5
  88.0	14
  89.0	13
  90.0	10
  91.0	12
  92.0	11
  93.0	15
  94.0	6
  95.0	10
  96.0	12
  97.0	12.5
  98.0	4
  99.0	10
 100.0	11
 101.0	12
 102.0	12
 103.0	12
 104.0	5.83333
 105.0	6
 106.0	9.61111
 107.0	8
 108.0	10
 109.0	8
 110.0	7
 111.0	5
 112.0	8
 113.0	11
 114.0	11
 115.0	9
 116.0	4
 117.0	6
 118.0	14
 119.0	5
 120.0	11.5
 121.0	12.5
 122.0	10
 123.0	4
 124.0	12
 125.0	6.5
 126.0	12
 127.0	6
 128.0	6
 129.0	8
 130.0	10
 131.0	7
 132.0	7
 133.0	12
 134.0	5.5
 135.0	10
 136.0	10
 137.0	11
 138.0	4
 139.0	9
 140.0	3
 141.0	15.5
 142.0	8
 143.0	13
 144.0	13
 145.0	9
 146.0	8.33333
 147.0	6
 148.0	9
 149.0	9
 150.0	9
DB 2 MOTIF	NR5A2_HUMAN.H11MO.0.B
-149.5	18
-148.5	17
-147.5	12
-146.5	17
-145.5	11
-144.5	11
-143.5	11.5
-142.5	11
-141.5	13
-140.5	18
-139.5	20
-138.5	14
-137.5	7.5
-136.5	17.5
-135.5	10
-134.5	15
-133.5	16
-132.5	20.25
-131.5	11
-130.5	13.5
-129.5	14.5
-128.5	18
-127.5	23.5
-126.5	19
-125.5	15.5
-124.5	19.25
-123.5	16
-122.5	19.5
-121.5	16
-120.5	11
-119.5	12
-118.5	14
-117.5	14
-116.5	12
-115.5	16
-114.5	17.25
-113.5	13
-112.5	17
-111.5	17
-110.5	18
-109.5	10
-108.5	17.5
-107.5	15.5
-106.5	20
-105.5	15
-104.5	15
-103.5	12
-102.5	25
-101.5	20
-100.5	11
 -99.5	20
 -98.5	19
 -97.5	13
 -96.5	15
 -95.5	20
 -94.5	20
 -93.5	16.5
 -92.5	8
 -91.5	13
 -90.5	14
 -89.5	18
 -88.5	20
 -87.5	26
 -86.5	9
 -85.5	22
 -84.5	13
 -83.5	23.8333
 -82.5	17
 -81.5	13
 -80.5	27.5
 -79.5	15
 -78.5	25
 -77.5	18
 -76.5	15
 -75.5	23
 -74.5	21
 -73.5	16
 -72.5	18
 -71.5	20.8333
 -70.5	14
 -69.5	20
 -68.5	14
 -67.5	20
 -66.5	13
 -65.5	19
 -64.5	19
 -63.5	18
 -62.5	21
 -61.5	22.5
 -60.5	20
 -59.5	15
 -58.5	12
 -57.5	14
 -56.5	22
 -55.5	17
 -54.5	18.3333
 -53.5	16
 -52.5	23
 -51.5	22
 -50.5	15
 -49.5	19
 -48.5	14
 -47.5	14
 -46.5	19
 -45.5	30.25
 -44.5	16
 -43.5	21.5
 -42.5	15.5
 -41.5	18
 -40.5	23
 -39.5	14
 -38.5	28
 -37.5	26
 -36.5	28
 -35.5	28
 -34.5	18
 -33.5	27
 -32.5	24
 -31.5	23
 -30.5	22.5
 -29.5	18
 -28.5	26
 -27.5	12
 -26.5	22
 -25.5	24
 -24.5	23.25
 -23.5	25
 -22.5	29
 -21.5	26
 -20.5	21
 -19.5	24
 -18.5	15
 -17.5	25.5
 -16.5	18.5
 -15.5	25
 -14.5	25
 -13.5	16
 -12.5	27.5
 -11.5	22
 -10.5	23.5
  -9.5	19.5
  -8.5	19
  -7.5	23
  -6.5	30.25
  -5.5	24.5
  -4.5	15.8333
  -3.5	28
  -2.5	23
  -1.5	19
  -0.5	23
   0.5	18
   1.5	25.3333
   2.5	13.3333
   3.5	26
   4.5	26.5
   5.5	25.5
   6.5	23
   7.5	21
   8.5	25
   9.5	20
  10.5	28
  11.5	24.5
  12.5	14.5
  13.5	19
  14.5	22
  15.5	19.5
  16.5	22
  17.5	17
  18.5	23.5
  19.5	18
  20.5	34.5
  21.5	21.5
  22.5	27
  23.5	23
  24.5	23
  25.5	28
  26.5	17
  27.5	18.5
  28.5	18
  29.5	18.5
  30.5	14
  31.5	26
  32.5	24
  33.5	19
  34.5	20
  35.5	24
  36.5	13.5
  37.5	17.25
  38.5	14
  39.5	19
  40.5	21
  41.5	16
  42.5	23
  43.5	20
  44.5	17
  45.5	23
  46.5	29
  47.5	14.5
  48.5	15
  49.5	14
  50.5	22
  51.5	17
  52.5	25
  53.5	17
  54.5	17
  55.5	20
  56.5	19.5
  57.5	23.5
  58.5	25.5
  59.5	7.83333
  60.5	16.5
  61.5	29
  62.5	24.3333
  63.5	20.3333
  64.5	19
  65.5	26
  66.5	17
  67.5	22
  68.5	17
  69.5	18
  70.5	18
  71.5	14
  72.5	15.5
  73.5	25
  74.5	13
  75.5	15
  76.5	17
  77.5	12
  78.5	15
  79.5	15
  80.5	21
  81.5	10.5
  82.5	20
  83.5	13
  84.5	17
  85.5	25.5
  86.5	19.3333
  87.5	21
  88.5	17
  89.5	17
  90.5	10
  91.5	19
  92.5	12
  93.5	17
  94.5	23.3333
  95.5	19
  96.5	18
  97.5	13
  98.5	18
  99.5	12
 100.5	11.5
 101.5	23
 102.5	13
 103.5	15
 104.5	17
 105.5	16
 106.5	15.5
 107.5	11
 108.5	13.25
 109.5	15
 110.5	12
 111.5	12
 112.5	11
 113.5	20
 114.5	20
 115.5	20
 116.5	15
 117.5	14
 118.5	11
 119.5	12
 120.5	12
 121.5	9
 122.5	14
 123.5	9
 124.5	15
 125.5	10.3333
 126.5	20
 127.5	16
 128.5	14
 129.5	17
 130.5	18
 131.5	12
 132.5	15
 133.5	9
 134.5	16
 135.5	11
 136.5	15.5
 137.5	14
 138.5	13.5
 139.5	17.5
 140.5	12
 141.5	12
 142.5	18
 143.5	16
 144.5	18
 145.5	15
 146.5	13
 147.5	12
 148.5	11
 149.5	11
DB 2 MOTIF	NR6A1_HUMAN.H11MO.0.B
-148.5	2
-147.5	6
-146.5	10
-145.5	4
-144.5	5
-143.5	6
-142.5	3
-141.5	8
-140.5	8
-139.5	1
-138.5	5
-137.5	8
-136.5	2
-135.5	4
-134.5	1
-133.5	9
-132.5	8
-131.5	4
-130.5	5
-129.5	2
-128.5	11
-127.5	6
-126.5	12.5
-125.5	6
-124.5	7
-123.5	12
-122.5	2
-121.5	4
-120.5	8
-119.5	8
-118.5	6
-117.5	7
-116.5	10
-115.5	4
-114.5	3
-113.5	9
-112.5	4
-111.5	5.5
-110.5	4
-109.5	6
-108.5	7
-107.5	10
-106.5	4
-105.5	7
-104.5	7
-103.5	5
-102.5	7
-101.5	8
-100.5	5
 -99.5	7
 -98.5	7
 -97.5	10
 -96.5	10
 -95.5	3
 -94.5	11
 -93.5	5
 -92.5	10
 -91.5	5
 -90.5	6
 -89.5	2
 -88.5	9
 -87.5	0
 -86.5	8
 -85.5	10
 -84.5	4
 -83.5	5
 -82.5	8
 -81.5	8
 -80.5	3
 -79.5	8
 -78.5	8
 -77.5	13
 -76.5	7
 -75.5	9
 -74.5	7
 -73.5	5
 -72.5	9.5
 -71.5	9
 -70.5	11
 -69.5	9
 -68.5	9
 -67.5	8
 -66.5	12
 -65.5	7
 -64.5	8
 -63.5	6
 -62.5	10
 -61.5	5
 -60.5	8
 -59.5	5
 -58.5	12
 -57.5	5
 -56.5	9
 -55.5	10
 -54.5	11
 -53.5	8
 -52.5	12
 -51.5	11
 -50.5	14
 -49.5	8.5
 -48.5	7
 -47.5	9
 -46.5	18
 -45.5	13
 -44.5	12.5
 -43.5	11
 -42.5	10
 -41.5	9
 -40.5	13.3333
 -39.5	10
 -38.5	9
 -37.5	16.5
 -36.5	13
 -35.5	16
 -34.5	9
 -33.5	7
 -32.5	16
 -31.5	9.5
 -30.5	15
 -29.5	9
 -28.5	12
 -27.5	9
 -26.5	8
 -25.5	12
 -24.5	11
 -23.5	11
 -22.5	13
 -21.5	11
 -20.5	11
 -19.5	12
 -18.5	7
 -17.5	10.5
 -16.5	6.5
 -15.5	9
 -14.5	12
 -13.5	12
 -12.5	13
 -11.5	13.5
 -10.5	18
  -9.5	6
  -8.5	8
  -7.5	12
  -6.5	16
  -5.5	11
  -4.5	16
  -3.5	10.5
  -2.5	13
  -1.5	12
  -0.5	7
   0.5	15
   1.5	15
   2.5	13
   3.5	13
   4.5	18
   5.5	8
   6.5	13
   7.5	15
   8.5	6
   9.5	14
  10.5	12
  11.5	14.3333
  12.5	12
  13.5	9
  14.5	13
  15.5	6
  16.5	9
  17.5	14
  18.5	8.5
  19.5	16.5
  20.5	11
  21.5	13
  22.5	13.5
  23.5	7
  24.5	18
  25.5	14
  26.5	11
  27.5	13
  28.5	16
  29.5	6
  30.5	8
  31.5	10
  32.5	10
  33.5	11
  34.5	14
  35.5	9
  36.5	13
  37.5	10
  38.5	13
  39.5	11
  40.5	12
  41.5	12
  42.5	12.5
  43.5	12
  44.5	12
  45.5	12
  46.5	7
  47.5	17
  48.5	5
  49.5	7
  50.5	6
  51.5	8
  52.5	8
  53.5	13
  54.5	8
  55.5	11
  56.5	14.5
  57.5	8
  58.5	7
  59.5	9
  60.5	7
  61.5	5
  62.5	6
  63.5	11
  64.5	9
  65.5	9
  66.5	10
  67.5	11
  68.5	13.5
  69.5	6
  70.5	10
  71.5	4
  72.5	7
  73.5	6
  74.5	8
  75.5	9
  76.5	6
  77.5	7
  78.5	7
  79.5	9
  80.5	9
  81.5	14
  82.5	4
  83.5	3
  84.5	4
  85.5	9
  86.5	11
  87.5	7
  88.5	10
  89.5	5
  90.5	8
  91.5	10
  92.5	6
  93.5	13
  94.5	6
  95.5	4.5
  96.5	9
  97.5	7
  98.5	5
  99.5	10
 100.5	14
 101.5	6
 102.5	8
 103.5	8
 104.5	8
 105.5	11
 106.5	4
 107.5	3
 108.5	8
 109.5	11
 110.5	14
 111.5	9
 112.5	5
 113.5	7
 114.5	4
 115.5	5.33333
 116.5	6
 117.5	6
 118.5	2
 119.5	6
 120.5	4
 121.5	7
 122.5	11
 123.5	6
 124.5	6
 125.5	9
 126.5	8
 127.5	9
 128.5	6
 129.5	4
 130.5	7
 131.5	4
 132.5	6
 133.5	9
 134.5	8
 135.5	10
 136.5	9
 137.5	6
 138.5	5
 139.5	8
 140.5	9
 141.5	4
 142.5	5
 143.5	6
 144.5	7
 145.5	5
 146.5	5
 147.5	8
 148.5	8
DB 2 MOTIF	NRL_HUMAN.H11MO.0.D
-149.5	18.5
-148.5	14
-147.5	15
-146.5	16
-145.5	13
-144.5	19.5
-143.5	20.5
-142.5	22
-141.5	17
-140.5	23
-139.5	12.2
-138.5	15
-137.5	17
-136.5	22
-135.5	22
-134.5	17
-133.5	19
-132.5	19
-131.5	10
-130.5	15
-129.5	21
-128.5	25
-127.5	23
-126.5	22
-125.5	16
-124.5	14
-123.5	25
-122.5	21.75
-121.5	21
-120.5	20
-119.5	20
-118.5	20
-117.5	16.5
-116.5	16
-115.5	13
-114.5	20
-113.5	17
-112.5	17
-111.5	21
-110.5	16
-109.5	19
-108.5	20
-107.5	13
-106.5	18
-105.5	22.5
-104.5	16
-103.5	24.2
-102.5	18
-101.5	14.5
-100.5	13
 -99.5	19.5
 -98.5	20
 -97.5	22
 -96.5	20
 -95.5	28
 -94.5	23
 -93.5	28
 -92.5	14
 -91.5	26
 -90.5	21
 -89.5	22
 -88.5	18
 -87.5	17
 -86.5	26
 -85.5	26
 -84.5	18
 -83.5	26
 -82.5	16
 -81.5	28.5
 -80.5	18
 -79.5	17.5
 -78.5	26.3333
 -77.5	17
 -76.5	20
 -75.5	18
 -74.5	19
 -73.5	27
 -72.5	21.3333
 -71.5	23
 -70.5	23
 -69.5	16
 -68.5	26
 -67.5	28.2
 -66.5	18
 -65.5	24.5
 -64.5	24.3333
 -63.5	17.3333
 -62.5	26
 -61.5	24
 -60.5	20
 -59.5	21
 -58.5	14
 -57.5	26
 -56.5	20.5
 -55.5	25
 -54.5	14
 -53.5	20
 -52.5	22.0833
 -51.5	24
 -50.5	18
 -49.5	16
 -48.5	24.5
 -47.5	19.5
 -46.5	14.5
 -45.5	26.5
 -44.5	34
 -43.5	29
 -42.5	27
 -41.5	17
 -40.5	24.8333
 -39.5	31.5
 -38.5	33
 -37.5	27
 -36.5	26
 -35.5	25.3333
 -34.5	21
 -33.5	22
 -32.5	30
 -31.5	21.2
 -30.5	18
 -29.5	23
 -28.5	23
 -27.5	24
 -26.5	22.5
 -25.5	24
 -24.5	36
 -23.5	28
 -22.5	23.5
 -21.5	27
 -20.5	29
 -19.5	25
 -18.5	28.5
 -17.5	22
 -16.5	23
 -15.5	24
 -14.5	23
 -13.5	30.5
 -12.5	27.8333
 -11.5	18.5
 -10.5	33.5
  -9.5	22
  -8.5	29
  -7.5	23
  -6.5	20
  -5.5	23
  -4.5	18
  -3.5	17
  -2.5	27
  -1.5	33
  -0.5	23
   0.5	26
   1.5	20
   2.5	24.5
   3.5	20
   4.5	30.7
   5.5	30.3333
   6.5	23.3333
   7.5	24
   8.5	31.5
   9.5	24.5
  10.5	24.5
  11.5	26
  12.5	29
  13.5	25
  14.5	24
  15.5	27
  16.5	24
  17.5	18.75
  18.5	20.5
  19.5	26
  20.5	26
  21.5	19.3333
  22.5	29
  23.5	19
  24.5	26
  25.5	29
  26.5	31
  27.5	21.3333
  28.5	21.8333
  29.5	23.5
  30.5	20
  31.5	17
  32.5	29.2
  33.5	15
  34.5	27
  35.5	21.2
  36.5	17
  37.5	24
  38.5	27.7
  39.5	24
  40.5	22
  41.5	27.2
  42.5	22
  43.5	18
  44.5	18.2
  45.5	22.5
  46.5	25.3333
  47.5	30
  48.5	22
  49.5	21
  50.5	26
  51.5	27
  52.5	24
  53.5	25
  54.5	16
  55.5	18
  56.5	25
  57.5	22
  58.5	27
  59.5	19
  60.5	16
  61.5	21
  62.5	11
  63.5	23
  64.5	23
  65.5	25
  66.5	25
  67.5	27
  68.5	24
  69.5	21
  70.5	19
  71.5	20
  72.5	24.5
  73.5	17
  74.5	13
  75.5	24
  76.5	22.5
  77.5	14
  78.5	24
  79.5	24
  80.5	27
  81.5	20
  82.5	16
  83.5	17
  84.5	12
  85.5	22
  86.5	31
  87.5	23.25
  88.5	25.5
  89.5	17
  90.5	24
  91.5	11.3333
  92.5	19
  93.5	15
  94.5	18.5
  95.5	17.5
  96.5	20
  97.5	16
  98.5	23.5
  99.5	22
 100.5	23
 101.5	22.5
 102.5	21
 103.5	22
 104.5	17
 105.5	18
 106.5	19
 107.5	16
 108.5	20.5
 109.5	20
 110.5	13
 111.5	16
 112.5	15
 113.5	33
 114.5	18
 115.5	22
 116.5	21
 117.5	23
 118.5	23
 119.5	20
 120.5	21
 121.5	18
 122.5	13
 123.5	11
 124.5	11.5
 125.5	29
 126.5	17
 127.5	22.5
 128.5	18
 129.5	18
 130.5	14
 131.5	16
 132.5	24
 133.5	23
 134.5	19
 135.5	17
 136.5	26
 137.5	14
 138.5	26.5
 139.5	23
 140.5	21
 141.5	28
 142.5	22
 143.5	13
 144.5	11
 145.5	13
 146.5	17
 147.5	19
 148.5	12
 149.5	20
DB 2 MOTIF	PAX2_HUMAN.H11MO.0.D
-146.0	17
-145.0	22.5
-144.0	22.5
-143.0	22
-142.0	9
-141.0	9
-140.0	15
-139.0	16
-138.0	15
-137.0	9
-136.0	28.3333
-135.0	9
-134.0	19
-133.0	20
-132.0	19
-131.0	10.5
-130.0	17
-129.0	16
-128.0	18
-127.0	16.5
-126.0	17
-125.0	8
-124.0	20
-123.0	16
-122.0	22
-121.0	14
-120.0	8
-119.0	9
-118.0	20.5
-117.0	16
-116.0	24.5
-115.0	16
-114.0	14
-113.0	15
-112.0	20
-111.0	14
-110.0	13
-109.0	19
-108.0	26
-107.0	13.8333
-106.0	10
-105.0	22
-104.0	12
-103.0	15
-102.0	16
-101.0	15
-100.0	15
 -99.0	15
 -98.0	15
 -97.0	25
 -96.0	9
 -95.0	10
 -94.0	17
 -93.0	19
 -92.0	15
 -91.0	13
 -90.0	11
 -89.0	19
 -88.0	15
 -87.0	11
 -86.0	19
 -85.0	19
 -84.0	16
 -83.0	22
 -82.0	10
 -81.0	10.3333
 -80.0	16
 -79.0	12
 -78.0	16.3333
 -77.0	14
 -76.0	13
 -75.0	14
 -74.0	12
 -73.0	19
 -72.0	21
 -71.0	15
 -70.0	20
 -69.0	21
 -68.0	19
 -67.0	21
 -66.0	19
 -65.0	26.5
 -64.0	20
 -63.0	14
 -62.0	20
 -61.0	19
 -60.0	17
 -59.0	18
 -58.0	20
 -57.0	24.5
 -56.0	18
 -55.0	15
 -54.0	15
 -53.0	15
 -52.0	12
 -51.0	15
 -50.0	27
 -49.0	21
 -48.0	11
 -47.0	27
 -46.0	23
 -45.0	17
 -44.0	21
 -43.0	17
 -42.0	26
 -41.0	18
 -40.0	24
 -39.0	23
 -38.0	25
 -37.0	17
 -36.0	14
 -35.0	18.5
 -34.0	24
 -33.0	15
 -32.0	13
 -31.0	18
 -30.0	16
 -29.0	21
 -28.0	27
 -27.0	17
 -26.0	23
 -25.0	23
 -24.0	22
 -23.0	22
 -22.0	18
 -21.0	25
 -20.0	18
 -19.0	15
 -18.0	23
 -17.0	17.5
 -16.0	25
 -15.0	18
 -14.0	16.3333
 -13.0	13
 -12.0	16
 -11.0	15
 -10.0	20
  -9.0	19
  -8.0	14
  -7.0	24.5
  -6.0	22
  -5.0	19
  -4.0	24
  -3.0	22
  -2.0	23
  -1.0	18
   0.0	16.5
   1.0	17
   2.0	28
   3.0	16
   4.0	12
   5.0	16.5
   6.0	18
   7.0	22
   8.0	26
   9.0	18
  10.0	16
  11.0	19
  12.0	15
  13.0	22
  14.0	21
  15.0	18
  16.0	13
  17.0	17
  18.0	25
  19.0	23
  20.0	26
  21.0	12
  22.0	17.5
  23.0	19
  24.0	29
  25.0	22
  26.0	19
  27.0	14
  28.0	25
  29.0	14
  30.0	20
  31.0	15
  32.0	20
  33.0	15
  34.0	13
  35.0	18
  36.0	13
  37.0	21
  38.0	20
  39.0	14
  40.0	18
  41.0	12
  42.0	13
  43.0	27
  44.0	19
  45.0	11
  46.0	18
  47.0	18
  48.0	15
  49.0	18
  50.0	30.5
  51.0	21
  52.0	13
  53.0	11.3333
  54.0	21
  55.0	23
  56.0	25
  57.0	20
  58.0	14.5
  59.0	16
  60.0	20
  61.0	26
  62.0	20
  63.0	19
  64.0	18
  65.0	19
  66.0	18
  67.0	18
  68.0	15
  69.0	15
  70.0	26
  71.0	10
  72.0	14
  73.0	14
  74.0	14
  75.0	14
  76.0	19
  77.0	10
  78.0	19
  79.0	20
  80.0	16.5
  81.0	18
  82.0	17
  83.0	9
  84.0	17.5
  85.0	15
  86.0	16
  87.0	24
  88.0	19
  89.0	17
  90.0	12
  91.0	13
  92.0	13
  93.0	20
  94.0	19
  95.0	17
  96.0	19
  97.0	24.5
  98.0	14
  99.0	15.5
 100.0	19
 101.0	9
 102.0	19
 103.0	9
 104.0	13
 105.0	14
 106.0	18
 107.0	16
 108.0	17
 109.0	24
 110.0	9
 111.0	14
 112.0	21
 113.0	19
 114.0	19
 115.0	11
 116.0	13
 117.0	12
 118.0	19.5
 119.0	21
 120.0	12
 121.0	8
 122.0	16
 123.0	9
 124.0	10
 125.0	24
 126.0	14
 127.0	18
 128.0	11
 129.0	19
 130.0	15
 131.0	14
 132.0	16
 133.0	13
 134.0	14
 135.0	11
 136.0	19
 137.0	15
 138.0	18
 139.0	11
 140.0	10
 141.0	14
 142.0	19
 143.0	16
 144.0	14
 145.0	21
 146.0	19
DB 2 MOTIF	PAX8_HUMAN.H11MO.0.D
-148.0	24.5
-147.0	30
-146.0	27.5
-145.0	33
-144.0	27
-143.0	18
-142.0	23
-141.0	19
-140.0	24.5
-139.0	16.5
-138.0	23.5
-137.0	21
-136.0	13
-135.0	20.5
-134.0	27.5
-133.0	22.5
-132.0	15
-131.0	11
-130.0	32
-129.0	22
-128.0	24
-127.0	19
-126.0	26.5
-125.0	26
-124.0	25
-123.0	19
-122.0	13.5
-121.0	22.3333
-120.0	19.1429
-119.0	20
-118.0	15
-117.0	31
-116.0	19
-115.0	19
-114.0	24
-113.0	25
-112.0	21
-111.0	21
-110.0	19.25
-109.0	23
-108.0	19
-107.0	18
-106.0	26.5
-105.0	17
-104.0	20
-103.0	17.3333
-102.0	24.5
-101.0	16
-100.0	17
 -99.0	15
 -98.0	22
 -97.0	22.5
 -96.0	20
 -95.0	24
 -94.0	27.5
 -93.0	26
 -92.0	20
 -91.0	20.1429
 -90.0	18
 -89.0	26.5
 -88.0	21.5
 -87.0	18
 -86.0	18
 -85.0	26
 -84.0	23
 -83.0	28
 -82.0	24
 -81.0	26
 -80.0	21
 -79.0	32
 -78.0	30.5
 -77.0	25
 -76.0	18
 -75.0	19
 -74.0	34
 -73.0	19
 -72.0	14
 -71.0	29.5
 -70.0	19
 -69.0	20
 -68.0	18
 -67.0	22
 -66.0	23.5
 -65.0	32
 -64.0	15
 -63.0	24
 -62.0	19.1429
 -61.0	20.5
 -60.0	24
 -59.0	19.5
 -58.0	16
 -57.0	30.5
 -56.0	23.5
 -55.0	24
 -54.0	19
 -53.0	21.25
 -52.0	16
 -51.0	29
 -50.0	27
 -49.0	20
 -48.0	36.5
 -47.0	29
 -46.0	21
 -45.0	27
 -44.0	22
 -43.0	27
 -42.0	19
 -41.0	26.5
 -40.0	31
 -39.0	27
 -38.0	22
 -37.0	13
 -36.0	19
 -35.0	17
 -34.0	30
 -33.0	14.1429
 -32.0	20
 -31.0	18
 -30.0	32
 -29.0	24
 -28.0	27.5
 -27.0	23
 -26.0	27
 -25.0	22
 -24.0	27
 -23.0	33
 -22.0	24.5
 -21.0	22
 -20.0	21
 -19.0	29
 -18.0	22.3333
 -17.0	27
 -16.0	27
 -15.0	29
 -14.0	27
 -13.0	33
 -12.0	25.5
 -11.0	23
 -10.0	29.3333
  -9.0	19.5
  -8.0	31
  -7.0	15
  -6.0	30.5
  -5.0	23
  -4.0	31.1429
  -3.0	26
  -2.0	24
  -1.0	23
   0.0	21
   1.0	18
   2.0	36
   3.0	20
   4.0	20
   5.0	27
   6.0	27.5
   7.0	18.75
   8.0	16
   9.0	19
  10.0	27
  11.0	26
  12.0	21.5
  13.0	33
  14.0	32
  15.0	23
  16.0	18.5
  17.0	40
  18.0	23
  19.0	21
  20.0	31
  21.0	26
  22.0	15.5
  23.0	22
  24.0	33
  25.0	24.6429
  26.0	23
  27.0	26
  28.0	23
  29.0	24
  30.0	19
  31.0	20.5
  32.0	13
  33.0	21
  34.0	30
  35.0	25.5
  36.0	21
  37.0	20
  38.0	26
  39.0	30
  40.0	25
  41.0	34.3333
  42.0	30.5
  43.0	22.5
  44.0	25.3333
  45.0	29
  46.0	19
  47.0	17
  48.0	20
  49.0	23.5
  50.0	24
  51.0	13
  52.0	21
  53.0	29
  54.0	34.1429
  55.0	19
  56.0	23
  57.0	26
  58.0	20
  59.0	20
  60.0	22
  61.0	13.8333
  62.0	19
  63.0	20.25
  64.0	21
  65.0	26
  66.0	28
  67.0	20.3333
  68.0	17
  69.0	31
  70.0	23.5
  71.0	23
  72.0	23
  73.0	18
  74.0	13
  75.0	18
  76.0	26
  77.0	17
  78.0	21
  79.0	25
  80.0	24
  81.0	27
  82.0	24
  83.0	21
  84.0	25
  85.0	16
  86.0	23
  87.0	23
  88.0	26
  89.0	22
  90.0	21
  91.0	13
  92.0	28
  93.0	18
  94.0	24
  95.0	18
  96.0	25.5
  97.0	21
  98.0	22
  99.0	24
 100.0	22.5
 101.0	21
 102.0	22
 103.0	14
 104.0	16
 105.0	19
 106.0	30.5
 107.0	19
 108.0	16
 109.0	18
 110.0	24
 111.0	18
 112.0	19.3333
 113.0	23
 114.0	15
 115.0	26
 116.0	25
 117.0	19
 118.0	27
 119.0	22
 120.0	15
 121.0	23
 122.0	18
 123.0	21
 124.0	16
 125.0	23
 126.0	13
 127.0	23
 128.0	24
 129.0	17
 130.0	22.5
 131.0	19
 132.0	22
 133.0	23
 134.0	20
 135.0	23.5
 136.0	19
 137.0	23
 138.0	28
 139.0	23
 140.0	22
 141.0	26
 142.0	19
 143.0	22.5
 144.0	20
 145.0	22
 146.0	24.5
 147.0	25
 148.0	30
DB 2 MOTIF	PBX1_HUMAN.H11MO.1.C
-147.5	15
-146.5	19
-145.5	20
-144.5	17
-143.5	18
-142.5	17
-141.5	16
-140.5	17
-139.5	13
-138.5	17
-137.5	24.5
-136.5	14
-135.5	16
-134.5	14
-133.5	22
-132.5	16
-131.5	16
-130.5	12
-129.5	10
-128.5	14
-127.5	11
-126.5	11.5
-125.5	13
-124.5	15.5
-123.5	15
-122.5	21
-121.5	21
-120.5	17
-119.5	18
-118.5	28
-117.5	19
-116.5	13
-115.5	19
-114.5	16
-113.5	13
-112.5	24.5
-111.5	14
-110.5	15
-109.5	22
-108.5	18.5
-107.5	14
-106.5	9
-105.5	14
-104.5	18
-103.5	16
-102.5	8
-101.5	9
-100.5	9
 -99.5	19
 -98.5	23
 -97.5	22
 -96.5	18
 -95.5	12
 -94.5	10
 -93.5	19
 -92.5	17
 -91.5	22
 -90.5	13
 -89.5	18
 -88.5	20
 -87.5	20
 -86.5	11
 -85.5	20
 -84.5	19
 -83.5	19
 -82.5	24
 -81.5	18
 -80.5	13
 -79.5	17
 -78.5	25
 -77.5	22
 -76.5	21
 -75.5	21
 -74.5	17
 -73.5	20
 -72.5	18
 -71.5	21
 -70.5	18
 -69.5	17.5
 -68.5	15
 -67.5	23
 -66.5	19
 -65.5	19
 -64.5	20
 -63.5	14.1429
 -62.5	23
 -61.5	17
 -60.5	28
 -59.5	25.6429
 -58.5	23
 -57.5	15
 -56.5	11
 -55.5	13.1429
 -54.5	16
 -53.5	22
 -52.5	18
 -51.5	15.1429
 -50.5	15
 -49.5	10
 -48.5	21
 -47.5	20.1429
 -46.5	23
 -45.5	26
 -44.5	18
 -43.5	20.1429
 -42.5	15
 -41.5	17
 -40.5	10
 -39.5	17.1429
 -38.5	30
 -37.5	20
 -36.5	14
 -35.5	12
 -34.5	22
 -33.5	20
 -32.5	15
 -31.5	26
 -30.5	12
 -29.5	20
 -28.5	18
 -27.5	11
 -26.5	22
 -25.5	11
 -24.5	19
 -23.5	23
 -22.5	21
 -21.5	18
 -20.5	18.5
 -19.5	8
 -18.5	12
 -17.5	15
 -16.5	22.5
 -15.5	17.5
 -14.5	24
 -13.5	15
 -12.5	23
 -11.5	12
 -10.5	15
  -9.5	21
  -8.5	19.5
  -7.5	17
  -6.5	20
  -5.5	19
  -4.5	9
  -3.5	22
  -2.5	17
  -1.5	17
  -0.5	26
   0.5	13
   1.5	30
   2.5	19
   3.5	31
   4.5	9
   5.5	18
   6.5	11
   7.5	29
   8.5	13
   9.5	21
  10.5	15.5
  11.5	20.5
  12.5	22
  13.5	23
  14.5	14
  15.5	14
  16.5	27
  17.5	16
  18.5	22
  19.5	12
  20.5	17
  21.5	28
  22.5	30
  23.5	17
  24.5	20
  25.5	13
  26.5	25
  27.5	14
  28.5	18
  29.5	18
  30.5	24
  31.5	20
  32.5	27
  33.5	26
  34.5	16
  35.5	23
  36.5	11
  37.5	16
  38.5	18
  39.5	18
  40.5	17
  41.5	22
  42.5	12
  43.5	19
  44.5	15
  45.5	17
  46.5	24
  47.5	14
  48.5	20
  49.5	20
  50.5	14
  51.5	21
  52.5	15
  53.5	20
  54.5	16
  55.5	16
  56.5	18
  57.5	14
  58.5	20
  59.5	12
  60.5	20
  61.5	25
  62.5	12
  63.5	13
  64.5	18
  65.5	19
  66.5	26
  67.5	20
  68.5	16
  69.5	12
  70.5	18
  71.5	19
  72.5	12
  73.5	24
  74.5	13
  75.5	14
  76.5	16
  77.5	19
  78.5	18
  79.5	17
  80.5	14
  81.5	21
  82.5	19
  83.5	20
  84.5	11
  85.5	17
  86.5	21
  87.5	12
  88.5	11
  89.5	16
  90.5	7
  91.5	20.5
  92.5	17
  93.5	14
  94.5	17
  95.5	10
  96.5	20
  97.5	21
  98.5	16
  99.5	14
 100.5	14
 101.5	23.5
 102.5	15
 103.5	24
 104.5	11.5
 105.5	20.5
 106.5	13
 107.5	18.5
 108.5	10.5
 109.5	21
 110.5	10
 111.5	12
 112.5	7
 113.5	13
 114.5	16
 115.5	18
 116.5	14
 117.5	16
 118.5	16
 119.5	22
 120.5	13
 121.5	18
 122.5	14
 123.5	20
 124.5	26
 125.5	17
 126.5	12
 127.5	18
 128.5	15
 129.5	15
 130.5	17
 131.5	19
 132.5	20
 133.5	21.5
 134.5	19
 135.5	14
 136.5	16
 137.5	14
 138.5	20
 139.5	16
 140.5	14
 141.5	8
 142.5	17
 143.5	12
 144.5	19
 145.5	17
 146.5	26
 147.5	12
DB 2 MOTIF	PBX3_HUMAN.H11MO.1.A
-150.5	10
-149.5	17
-148.5	13
-147.5	14.5
-146.5	21
-145.5	20
-144.5	19.5
-143.5	15
-142.5	22
-141.5	13
-140.5	9
-139.5	15.5
-138.5	18.5
-137.5	15
-136.5	18
-135.5	16
-134.5	19
-133.5	13
-132.5	16.5
-131.5	20.5
-130.5	13
-129.5	11
-128.5	15
-127.5	17
-126.5	19
-125.5	18.5
-124.5	17.3333
-123.5	13
-122.5	22
-121.5	18
-120.5	12.5
-119.5	23
-118.5	19
-117.5	24
-116.5	15
-115.5	15
-114.5	18
-113.5	17.5
-112.5	20
-111.5	17.5
-110.5	14
-109.5	21
-108.5	22
-107.5	18
-106.5	15
-105.5	13
-104.5	16
-103.5	16
-102.5	14
-101.5	13
-100.5	14
 -99.5	15
 -98.5	26
 -97.5	13
 -96.5	20
 -95.5	23
 -94.5	14
 -93.5	23.5
 -92.5	26
 -91.5	20
 -90.5	19
 -89.5	20
 -88.5	22
 -87.5	9
 -86.5	16
 -85.5	17
 -84.5	19
 -83.5	13.3333
 -82.5	19
 -81.5	20
 -80.5	27
 -79.5	16.3333
 -78.5	19
 -77.5	16.5
 -76.5	18.3333
 -75.5	16
 -74.5	25
 -73.5	14
 -72.5	22.5
 -71.5	17
 -70.5	15
 -69.5	15
 -68.5	19
 -67.5	28.5
 -66.5	24.5
 -65.5	24
 -64.5	22.5
 -63.5	18.5
 -62.5	19
 -61.5	29
 -60.5	18
 -59.5	16.5
 -58.5	24
 -57.5	18.5
 -56.5	16
 -55.5	25
 -54.5	15
 -53.5	20
 -52.5	23
 -51.5	20
 -50.5	21
 -49.5	21
 -48.5	16.5
 -47.5	17
 -46.5	21
 -45.5	22
 -44.5	21
 -43.5	24
 -42.5	19.3333
 -41.5	19
 -40.5	27
 -39.5	26
 -38.5	33
 -37.5	26
 -36.5	18
 -35.5	18
 -34.5	18
 -33.5	26.5
 -32.5	24
 -31.5	19
 -30.5	24
 -29.5	25
 -28.5	17
 -27.5	32
 -26.5	19
 -25.5	30
 -24.5	26.5
 -23.5	32.75
 -22.5	23
 -21.5	20
 -20.5	23
 -19.5	23.25
 -18.5	22.5
 -17.5	17.5
 -16.5	12
 -15.5	29.25
 -14.5	15
 -13.5	20.5
 -12.5	23
 -11.5	26.25
 -10.5	22
  -9.5	23
  -8.5	26
  -7.5	27
  -6.5	20
  -5.5	20
  -4.5	23.5
  -3.5	20
  -2.5	29
  -1.5	34
  -0.5	17.5
   0.5	19
   1.5	23
   2.5	30
   3.5	15
   4.5	18
   5.5	17
   6.5	22.3333
   7.5	16
   8.5	23.8333
   9.5	26.3333
  10.5	21
  11.5	23
  12.5	25.5
  13.5	20
  14.5	24
  15.5	21
  16.5	18
  17.5	23.5
  18.5	24
  19.5	16
  20.5	23
  21.5	18
  22.5	16.5
  23.5	33
  24.5	22.5
  25.5	30.5
  26.5	23.5
  27.5	17
  28.5	26.5
  29.5	19
  30.5	14
  31.5	29
  32.5	24.5
  33.5	25
  34.5	24
  35.5	20
  36.5	21
  37.5	20
  38.5	15
  39.5	12
  40.5	15
  41.5	20
  42.5	17
  43.5	19
  44.5	23
  45.5	20.5
  46.5	20
  47.5	15
  48.5	24
  49.5	20
  50.5	21
  51.5	20
  52.5	19
  53.5	11
  54.5	10
  55.5	14.5
  56.5	20
  57.5	18
  58.5	12.5
  59.5	19
  60.5	19.5
  61.5	15.3333
  62.5	11
  63.5	16
  64.5	24
  65.5	15
  66.5	22
  67.5	21
  68.5	16
  69.5	14.5
  70.5	19.5
  71.5	22
  72.5	21.8333
  73.5	20.5
  74.5	20
  75.5	15
  76.5	15
  77.5	22
  78.5	17
  79.5	19
  80.5	17
  81.5	21
  82.5	11
  83.5	16
  84.5	21.5
  85.5	22
  86.5	14
  87.5	15
  88.5	19
  89.5	12
  90.5	14
  91.5	15
  92.5	21.5
  93.5	14
  94.5	15
  95.5	23.5
  96.5	17
  97.5	22
  98.5	18
  99.5	21
 100.5	19
 101.5	18
 102.5	21
 103.5	17
 104.5	18
 105.5	17
 106.5	20
 107.5	12
 108.5	21
 109.5	19
 110.5	15
 111.5	14
 112.5	16
 113.5	12.8333
 114.5	18
 115.5	12
 116.5	22
 117.5	13
 118.5	9
 119.5	19.5
 120.5	12.5
 121.5	17
 122.5	14
 123.5	18.5
 124.5	14
 125.5	17
 126.5	14.5
 127.5	13
 128.5	22
 129.5	12.5
 130.5	20
 131.5	22.5
 132.5	21
 133.5	12
 134.5	25.3333
 135.5	18
 136.5	9
 137.5	24
 138.5	12
 139.5	18.5
 140.5	16.5
 141.5	19
 142.5	20
 143.5	13
 144.5	11
 145.5	19.5
 146.5	8
 147.5	15
 148.5	19.5
 149.5	18.5
 150.5	12
DB 2 MOTIF	PDX1_HUMAN.H11MO.0.A
-150.5	25
-149.5	26
-148.5	24
-147.5	20
-146.5	16.5
-145.5	20.5
-144.5	27.5
-143.5	24
-142.5	21
-141.5	18
-140.5	14
-139.5	18
-138.5	22
-137.5	18
-136.5	21.3333
-135.5	20
-134.5	15.5
-133.5	18.3333
-132.5	21.3333
-131.5	14
-130.5	18
-129.5	16
-128.5	20.5
-127.5	19
-126.5	19
-125.5	20.5
-124.5	18
-123.5	19
-122.5	17
-121.5	24
-120.5	19
-119.5	16.5
-118.5	16
-117.5	25.5
-116.5	21
-115.5	15
-114.5	18
-113.5	16
-112.5	13.5
-111.5	22
-110.5	20.5
-109.5	21
-108.5	21
-107.5	17
-106.5	14.5
-105.5	18.5
-104.5	19
-103.5	20
-102.5	12
-101.5	18
-100.5	23
 -99.5	20
 -98.5	22.5
 -97.5	13
 -96.5	21
 -95.5	21
 -94.5	16
 -93.5	18.5
 -92.5	24.5
 -91.5	17
 -90.5	26.5
 -89.5	17
 -88.5	28.5
 -87.5	21
 -86.5	23
 -85.5	22
 -84.5	15.5
 -83.5	29.3333
 -82.5	14.5
 -81.5	29
 -80.5	28.5
 -79.5	21.3333
 -78.5	21.5
 -77.5	21
 -76.5	25.5
 -75.5	17
 -74.5	23
 -73.5	12
 -72.5	20.5
 -71.5	17.5
 -70.5	25
 -69.5	17
 -68.5	25
 -67.5	23
 -66.5	24.5
 -65.5	15
 -64.5	25
 -63.5	30
 -62.5	24
 -61.5	16
 -60.5	17
 -59.5	24
 -58.5	22
 -57.5	21.5
 -56.5	22
 -55.5	21
 -54.5	14
 -53.5	20
 -52.5	22
 -51.5	20
 -50.5	17
 -49.5	25
 -48.5	15
 -47.5	13.5
 -46.5	25.5
 -45.5	32
 -44.5	24.5
 -43.5	14.5
 -42.5	23
 -41.5	23
 -40.5	24
 -39.5	32
 -38.5	31
 -37.5	23
 -36.5	21.5
 -35.5	23
 -34.5	25
 -33.5	9
 -32.5	22
 -31.5	13.5
 -30.5	24
 -29.5	28
 -28.5	23
 -27.5	21
 -26.5	23
 -25.5	18.5
 -24.5	18
 -23.5	34.25
 -22.5	20
 -21.5	22.5
 -20.5	25
 -19.5	23.25
 -18.5	20
 -17.5	18
 -16.5	27
 -15.5	20.25
 -14.5	19
 -13.5	24
 -12.5	23.5
 -11.5	21.25
 -10.5	21.5
  -9.5	27
  -8.5	26
  -7.5	21.5
  -6.5	24
  -5.5	20
  -4.5	30
  -3.5	17
  -2.5	15
  -1.5	26
  -0.5	24.5
   0.5	22.5
   1.5	19
   2.5	32.5
   3.5	25
   4.5	23
   5.5	19.5
   6.5	24
   7.5	18.5
   8.5	17
   9.5	24
  10.5	25.5
  11.5	20
  12.5	28.5
  13.5	32
  14.5	26
  15.5	21
  16.5	21
  17.5	28.5
  18.5	30
  19.5	29.5
  20.5	19.5
  21.5	28.5
  22.5	26.5
  23.5	20
  24.5	18.5
  25.5	19.5
  26.5	20.5
  27.5	22
  28.5	21.5
  29.5	19
  30.5	22
  31.5	17.5
  32.5	21.5
  33.5	23
  34.5	36
  35.5	13
  36.5	19
  37.5	14.5
  38.5	19
  39.5	25
  40.5	28
  41.5	27
  42.5	16.5
  43.5	19
  44.5	22
  45.5	26
  46.5	22.5
  47.5	23.5
  48.5	33
  49.5	22
  50.5	21.5
  51.5	25
  52.5	33
  53.5	30
  54.5	22
  55.5	24
  56.5	19.5
  57.5	26.5
  58.5	17
  59.5	23.5
  60.5	20
  61.5	24
  62.5	21
  63.5	21
  64.5	22
  65.5	18
  66.5	31
  67.5	20.5
  68.5	23
  69.5	22
  70.5	18
  71.5	25
  72.5	23
  73.5	23
  74.5	19
  75.5	22
  76.5	20
  77.5	18.5
  78.5	21.5
  79.5	24.5
  80.5	23
  81.5	13
  82.5	23
  83.5	16
  84.5	20
  85.5	20.5
  86.5	18
  87.5	19.5
  88.5	19
  89.5	15
  90.5	24
  91.5	17
  92.5	27
  93.5	24
  94.5	14
  95.5	23
  96.5	21
  97.5	16.5
  98.5	21.5
  99.5	16
 100.5	16
 101.5	21.5
 102.5	25
 103.5	19.5
 104.5	22
 105.5	22
 106.5	21.5
 107.5	18.5
 108.5	20.5
 109.5	9
 110.5	19
 111.5	15
 112.5	15.5
 113.5	20.5
 114.5	23
 115.5	18.5
 116.5	22
 117.5	12
 118.5	26.5
 119.5	21
 120.5	24
 121.5	22
 122.5	25.5
 123.5	22
 124.5	20
 125.5	20.5
 126.5	28.5
 127.5	15
 128.5	24
 129.5	14.5
 130.5	22
 131.5	25
 132.5	17.5
 133.5	12
 134.5	23.3333
 135.5	12.5
 136.5	20
 137.5	18
 138.5	16
 139.5	28
 140.5	18
 141.5	20
 142.5	12
 143.5	20
 144.5	22
 145.5	19
 146.5	21
 147.5	24
 148.5	18
 149.5	25.5
 150.5	25.5
DB 2 MOTIF	PO2F2_HUMAN.H11MO.0.A
-149.5	20
-148.5	14
-147.5	14
-146.5	17
-145.5	15
-144.5	23
-143.5	21
-142.5	18
-141.5	31
-140.5	17
-139.5	21
-138.5	19.5
-137.5	21
-136.5	11
-135.5	25
-134.5	18
-133.5	22
-132.5	16
-131.5	18
-130.5	25
-129.5	31
-128.5	20
-127.5	13
-126.5	20.3333
-125.5	20
-124.5	21
-123.5	17
-122.5	16
-121.5	14
-120.5	20
-119.5	24
-118.5	21.5
-117.5	20
-116.5	18.5
-115.5	21
-114.5	20.5
-113.5	14.8333
-112.5	21
-111.5	20
-110.5	31
-109.5	13.5
-108.5	19
-107.5	12.8333
-106.5	17
-105.5	21
-104.5	23
-103.5	17.5
-102.5	18
-101.5	19.5
-100.5	20
 -99.5	17
 -98.5	17
 -97.5	17
 -96.5	10
 -95.5	22
 -94.5	21.5
 -93.5	13
 -92.5	13
 -91.5	22.5
 -90.5	20
 -89.5	14
 -88.5	14
 -87.5	20.3333
 -86.5	14
 -85.5	21
 -84.5	16.5
 -83.5	9
 -82.5	19
 -81.5	23
 -80.5	14
 -79.5	25.5
 -78.5	21.5
 -77.5	17.5
 -76.5	16
 -75.5	24
 -74.5	26
 -73.5	19
 -72.5	21.5
 -71.5	18.5
 -70.5	13
 -69.5	21
 -68.5	19
 -67.5	18
 -66.5	15
 -65.5	17.5
 -64.5	25.5
 -63.5	17
 -62.5	16
 -61.5	21
 -60.5	15
 -59.5	16
 -58.5	13
 -57.5	18
 -56.5	25.5
 -55.5	16
 -54.5	19
 -53.5	13.5
 -52.5	22
 -51.5	12
 -50.5	19
 -49.5	20.5
 -48.5	16
 -47.5	24
 -46.5	17
 -45.5	21.5
 -44.5	36
 -43.5	20.5
 -42.5	19
 -41.5	15.5
 -40.5	22
 -39.5	17
 -38.5	19
 -37.5	24
 -36.5	20
 -35.5	14
 -34.5	25
 -33.5	22.5
 -32.5	26.5
 -31.5	22.5
 -30.5	23
 -29.5	17
 -28.5	22.8333
 -27.5	15
 -26.5	18
 -25.5	28
 -24.5	18.5
 -23.5	16
 -22.5	18
 -21.5	19
 -20.5	23
 -19.5	18
 -18.5	24.5
 -17.5	23
 -16.5	21
 -15.5	25
 -14.5	23
 -13.5	17
 -12.5	20
 -11.5	23
 -10.5	26
  -9.5	14
  -8.5	20
  -7.5	18
  -6.5	19
  -5.5	20
  -4.5	29.5
  -3.5	19
  -2.5	13.5
  -1.5	11
  -0.5	24
   0.5	24
   1.5	22
   2.5	19
   3.5	29
   4.5	20
   5.5	18
   6.5	19
   7.5	18
   8.5	23.5
   9.5	22.5
  10.5	21
  11.5	18
  12.5	17
  13.5	18
  14.5	17
  15.5	21
  16.5	24.5
  17.5	30
  18.5	16.5
  19.5	19.5
  20.5	16.5
  21.5	18
  22.5	23
  23.5	12
  24.5	22.5
  25.5	20
  26.5	21
  27.5	20
  28.5	18
  29.5	20
  30.5	18
  31.5	16.5
  32.5	30
  33.5	22
  34.5	18
  35.5	20
  36.5	19
  37.5	17.5
  38.5	16
  39.5	19
  40.5	20
  41.5	18
  42.5	13.5
  43.5	24
  44.5	16
  45.5	22
  46.5	25.5
  47.5	26
  48.5	23
  49.5	23
  50.5	16
  51.5	35
  52.5	19
  53.5	29
  54.5	24
  55.5	26.5
  56.5	24.3333
  57.5	17
  58.5	19
  59.5	22.5
  60.5	15.5
  61.5	21
  62.5	25
  63.5	19
  64.5	26
  65.5	21.5
  66.5	18.5
  67.5	22.5
  68.5	18
  69.5	22
  70.5	15
  71.5	20
  72.5	12.5
  73.5	22.5
  74.5	14
  75.5	17
  76.5	14
  77.5	17.5
  78.5	14.5
  79.5	18
  80.5	10
  81.5	20
  82.5	18
  83.5	17
  84.5	22.5
  85.5	21
  86.5	14.5
  87.5	20
  88.5	10
  89.5	19
  90.5	18
  91.5	21.5
  92.5	15
  93.5	15
  94.5	21.5
  95.5	21
  96.5	18
  97.5	19
  98.5	15
  99.5	21
 100.5	20
 101.5	11
 102.5	18
 103.5	13
 104.5	23
 105.5	22.5
 106.5	17
 107.5	15
 108.5	20
 109.5	23
 110.5	16
 111.5	12
 112.5	11.5
 113.5	23
 114.5	14
 115.5	16
 116.5	14
 117.5	13
 118.5	14
 119.5	16
 120.5	15
 121.5	15
 122.5	23
 123.5	13
 124.5	22
 125.5	22
 126.5	15
 127.5	15
 128.5	17
 129.5	8
 130.5	19
 131.5	14
 132.5	17
 133.5	19
 134.5	18
 135.5	11.5
 136.5	13
 137.5	23
 138.5	23
 139.5	23
 140.5	16
 141.5	15
 142.5	16
 143.5	14
 144.5	19
 145.5	19
 146.5	10
 147.5	9
 148.5	30.5
 149.5	30
DB 2 MOTIF	PO5F1_HUMAN.H11MO.1.A
-150.0	21
-149.0	23
-148.0	16
-147.0	20
-146.0	20
-145.0	27
-144.0	23
-143.0	20
-142.0	18
-141.0	21
-140.0	19.5
-139.0	18
-138.0	26
-137.0	16
-136.0	21
-135.0	27
-134.0	31.3333
-133.0	16
-132.0	24.8333
-131.0	22
-130.0	28.5
-129.0	25
-128.0	20
-127.0	21.3333
-126.0	19
-125.0	29
-124.0	18
-123.0	25
-122.0	12
-121.0	20
-120.0	28
-119.0	28
-118.0	17.3333
-117.0	24
-116.0	19
-115.0	33
-114.0	16.3333
-113.0	20
-112.0	26
-111.0	25
-110.0	26
-109.0	23
-108.0	12.3333
-107.0	21
-106.0	23
-105.0	26
-104.0	22
-103.0	19.5
-102.0	18
-101.0	25
-100.0	22
 -99.0	26
 -98.0	20
 -97.0	20
 -96.0	9
 -95.0	22
 -94.0	19
 -93.0	22.5
 -92.0	19
 -91.0	34.5
 -90.0	6
 -89.0	21
 -88.0	24.8333
 -87.0	19.5
 -86.0	26
 -85.0	20
 -84.0	19
 -83.0	17
 -82.0	28.5
 -81.0	24.5
 -80.0	14.5
 -79.0	31.3333
 -78.0	22
 -77.0	21.5
 -76.0	27
 -75.0	25
 -74.0	21.5
 -73.0	24.5
 -72.0	14
 -71.0	19.5
 -70.0	22
 -69.0	21.5
 -68.0	23
 -67.0	19
 -66.0	22.5
 -65.0	22.5
 -64.0	18.5
 -63.0	20
 -62.0	20
 -61.0	23
 -60.0	18
 -59.0	17
 -58.0	26
 -57.0	15
 -56.0	23
 -55.0	19
 -54.0	20
 -53.0	17
 -52.0	22
 -51.0	23.5
 -50.0	25
 -49.0	18
 -48.0	24
 -47.0	26
 -46.0	20
 -45.0	25
 -44.0	21
 -43.0	31
 -42.0	21
 -41.0	21
 -40.0	21
 -39.0	28
 -38.0	21.5
 -37.0	29
 -36.0	17
 -35.0	29
 -34.0	23
 -33.0	35
 -32.0	23
 -31.0	27
 -30.0	33
 -29.0	19.8333
 -28.0	31
 -27.0	17
 -26.0	21
 -25.0	32
 -24.0	24.3333
 -23.0	18
 -22.0	21
 -21.0	29.5
 -20.0	28
 -19.0	16
 -18.0	31.5
 -17.0	31.3333
 -16.0	26
 -15.0	23.3333
 -14.0	20.5
 -13.0	25.5
 -12.0	29.3333
 -11.0	28.5
 -10.0	27
  -9.0	18
  -8.0	20.3333
  -7.0	23
  -6.0	11
  -5.0	27
  -4.0	31
  -3.0	20
  -2.0	18
  -1.0	23
   0.0	27
   1.0	26.3333
   2.0	18
   3.0	26
   4.0	23
   5.0	17
   6.0	29
   7.0	21.5
   8.0	26
   9.0	28
  10.0	24
  11.0	18
  12.0	18
  13.0	20
  14.0	30.5
  15.0	22
  16.0	16.5
  17.0	24
  18.0	25.5
  19.0	30
  20.0	20.3333
  21.0	22.3333
  22.0	23
  23.0	33
  24.0	14.5
  25.0	21
  26.0	24
  27.0	25
  28.0	22
  29.0	21
  30.0	21
  31.0	20.5
  32.0	21.5
  33.0	27.3333
  34.0	24.5
  35.0	21
  36.0	27
  37.0	26
  38.0	22
  39.0	23.8333
  40.0	24
  41.0	25
  42.0	15
  43.0	17
  44.0	23
  45.0	27
  46.0	24
  47.0	32
  48.0	19.8333
  49.0	28
  50.0	23
  51.0	31
  52.0	28
  53.0	20
  54.0	27.8333
  55.0	28
  56.0	27.3333
  57.0	21
  58.0	16.5
  59.0	23.5
  60.0	25
  61.0	25
  62.0	19
  63.0	22
  64.0	26
  65.0	19
  66.0	32
  67.0	28
  68.0	24
  69.0	28
  70.0	24
  71.0	30
  72.0	20
  73.0	20
  74.0	13
  75.0	20
  76.0	16
  77.0	16
  78.0	20
  79.0	21
  80.0	16
  81.0	14
  82.0	24
  83.0	19
  84.0	26.3333
  85.0	21
  86.0	24
  87.0	17
  88.0	23
  89.0	20
  90.0	22
  91.0	19
  92.0	17
  93.0	30
  94.0	26
  95.0	24
  96.0	21.3333
  97.0	25
  98.0	18.5
  99.0	16
 100.0	23.5
 101.0	11
 102.0	29
 103.0	22
 104.0	24
 105.0	18.5
 106.0	20
 107.0	24
 108.0	27.5
 109.0	26
 110.0	21
 111.0	22
 112.0	20
 113.0	16.5
 114.0	21
 115.0	26.3333
 116.0	27
 117.0	17
 118.0	25
 119.0	19
 120.0	26
 121.0	10.5
 122.0	17
 123.0	20.3333
 124.0	22
 125.0	31
 126.0	24
 127.0	24.3333
 128.0	20
 129.0	18
 130.0	19
 131.0	20
 132.0	22.25
 133.0	27.5
 134.0	25.25
 135.0	23.5
 136.0	16
 137.0	22
 138.0	22.25
 139.0	24
 140.0	15.25
 141.0	15
 142.0	20
 143.0	26
 144.0	29
 145.0	20
 146.0	12
 147.0	13
 148.0	20
 149.0	20
 150.0	25
DB 2 MOTIF	PPARA_HUMAN.H11MO.0.B
-146.5	17
-145.5	21.5
-144.5	16
-143.5	19
-142.5	17
-141.5	16
-140.5	12
-139.5	19.5
-138.5	12
-137.5	20
-136.5	24
-135.5	16
-134.5	27
-133.5	25
-132.5	22
-131.5	22.5
-130.5	25
-129.5	23
-128.5	15
-127.5	6
-126.5	22
-125.5	17.5
-124.5	21.5
-123.5	25
-122.5	20
-121.5	13
-120.5	21
-119.5	23
-118.5	28
-117.5	26
-116.5	21
-115.5	24
-114.5	19
-113.5	21
-112.5	21
-111.5	14
-110.5	14
-109.5	19
-108.5	22
-107.5	23
-106.5	23
-105.5	19
-104.5	15
-103.5	12.5
-102.5	22
-101.5	16.5
-100.5	25
 -99.5	22
 -98.5	30.5
 -97.5	21
 -96.5	22
 -95.5	16
 -94.5	23
 -93.5	20
 -92.5	19
 -91.5	15
 -90.5	20
 -89.5	19
 -88.5	22
 -87.5	19
 -86.5	22
 -85.5	28
 -84.5	24
 -83.5	24
 -82.5	14
 -81.5	17
 -80.5	19
 -79.5	23
 -78.5	21
 -77.5	26
 -76.5	22
 -75.5	25
 -74.5	20
 -73.5	18
 -72.5	21
 -71.5	27
 -70.5	19
 -69.5	19
 -68.5	17.3333
 -67.5	28
 -66.5	20
 -65.5	20
 -64.5	25
 -63.5	25
 -62.5	19
 -61.5	18
 -60.5	29
 -59.5	21
 -58.5	20
 -57.5	22
 -56.5	29
 -55.5	23
 -54.5	28.5
 -53.5	22
 -52.5	17
 -51.5	28
 -50.5	23.5
 -49.5	29
 -48.5	18
 -47.5	27
 -46.5	26
 -45.5	22
 -44.5	24
 -43.5	20
 -42.5	27
 -41.5	19
 -40.5	37
 -39.5	27.5
 -38.5	22
 -37.5	33
 -36.5	26
 -35.5	20
 -34.5	28
 -33.5	31
 -32.5	26
 -31.5	30.5
 -30.5	18
 -29.5	18
 -28.5	22
 -27.5	26
 -26.5	25
 -25.5	24
 -24.5	19
 -23.5	25
 -22.5	27
 -21.5	30.5
 -20.5	30
 -19.5	25
 -18.5	26
 -17.5	20
 -16.5	17
 -15.5	24
 -14.5	31
 -13.5	24.5
 -12.5	22
 -11.5	28
 -10.5	26
  -9.5	22
  -8.5	25
  -7.5	23
  -6.5	34
  -5.5	26
  -4.5	29
  -3.5	28.5
  -2.5	32.3333
  -1.5	20.3333
  -0.5	26
   0.5	20
   1.5	29
   2.5	25
   3.5	28
   4.5	28
   5.5	29
   6.5	29.5
   7.5	27.5
   8.5	22
   9.5	15
  10.5	33
  11.5	23
  12.5	25
  13.5	20
  14.5	32
  15.5	24
  16.5	24
  17.5	29
  18.5	26
  19.5	24
  20.5	28
  21.5	40
  22.5	29
  23.5	24
  24.5	28
  25.5	30
  26.5	22
  27.5	21
  28.5	20
  29.5	23
  30.5	28.3333
  31.5	27.5
  32.5	28
  33.5	25.5
  34.5	19
  35.5	19
  36.5	28
  37.5	26
  38.5	20
  39.5	22
  40.5	27.5
  41.5	24
  42.5	26
  43.5	29
  44.5	28
  45.5	29
  46.5	22.5
  47.5	23
  48.5	24
  49.5	30
  50.5	16
  51.5	31
  52.5	25.5
  53.5	22
  54.5	22
  55.5	24
  56.5	25.5
  57.5	16
  58.5	28
  59.5	20
  60.5	15
  61.5	31.5
  62.5	28
  63.5	28.8333
  64.5	26
  65.5	25.3333
  66.5	22.5
  67.5	27
  68.5	21
  69.5	20
  70.5	22.5
  71.5	25
  72.5	16
  73.5	21
  74.5	27
  75.5	24
  76.5	18
  77.5	18
  78.5	24
  79.5	25
  80.5	18
  81.5	19
  82.5	25
  83.5	22
  84.5	21
  85.5	23
  86.5	21.5
  87.5	26
  88.5	25
  89.5	22.5
  90.5	20
  91.5	18
  92.5	17.5
  93.5	23.5
  94.5	27
  95.5	11
  96.5	13
  97.5	15
  98.5	22
  99.5	19
 100.5	20
 101.5	23
 102.5	22
 103.5	19.5
 104.5	22
 105.5	12
 106.5	22
 107.5	23
 108.5	12
 109.5	21
 110.5	19
 111.5	25
 112.5	17
 113.5	21
 114.5	23
 115.5	26
 116.5	24
 117.5	25
 118.5	27
 119.5	25
 120.5	21
 121.5	16
 122.5	20
 123.5	19
 124.5	22
 125.5	14
 126.5	22
 127.5	17
 128.5	14
 129.5	21
 130.5	26
 131.5	20
 132.5	14
 133.5	17
 134.5	18
 135.5	13
 136.5	22
 137.5	16
 138.5	14
 139.5	16
 140.5	26.5
 141.5	18
 142.5	17
 143.5	24
 144.5	21
 145.5	24.5
 146.5	25
DB 2 MOTIF	PPARA_HUMAN.H11MO.1.B
-150.5	19
-149.5	23.3333
-148.5	18
-147.5	17
-146.5	19
-145.5	15.5
-144.5	17.0769
-143.5	24
-142.5	17.5
-141.5	24.5
-140.5	15
-139.5	17
-138.5	19
-137.5	25
-136.5	22.5
-135.5	21.5
-134.5	16.25
-133.5	14
-132.5	18
-131.5	22
-130.5	18
-129.5	21.5
-128.5	14
-127.5	15
-126.5	21
-125.5	20
-124.5	17.9103
-123.5	23.3333
-122.5	16.3333
-121.5	22
-120.5	26
-119.5	17
-118.5	16
-117.5	24
-116.5	22
-115.5	14.1111
-114.5	18.5
-113.5	34
-112.5	28
-111.5	16
-110.5	21
-109.5	20
-108.5	17
-107.5	9
-106.5	22
-105.5	16
-104.5	18
-103.5	24
-102.5	24.1111
-101.5	16.5
-100.5	27.5
 -99.5	28.3333
 -98.5	16.25
 -97.5	24.5
 -96.5	20
 -95.5	25.5
 -94.5	19
 -93.5	19
 -92.5	20.3333
 -91.5	18.5
 -90.5	15.0769
 -89.5	25
 -88.5	26.5
 -87.5	23
 -86.5	33
 -85.5	24.5
 -84.5	19
 -83.5	18.5
 -82.5	19
 -81.5	18
 -80.5	32
 -79.5	21
 -78.5	28.5
 -77.5	20
 -76.5	26
 -75.5	25
 -74.5	25
 -73.5	28.8333
 -72.5	22
 -71.5	23.8333
 -70.5	21.5
 -69.5	30
 -68.5	25
 -67.5	20.5
 -66.5	24
 -65.5	21.3333
 -64.5	14
 -63.5	17
 -62.5	29.75
 -61.5	30
 -60.5	26
 -59.5	36
 -58.5	22
 -57.5	15
 -56.5	25.3333
 -55.5	24
 -54.5	21
 -53.5	23
 -52.5	24.3333
 -51.5	20.5
 -50.5	25.188
 -49.5	25
 -48.5	27.5
 -47.5	23
 -46.5	22
 -45.5	28
 -44.5	30
 -43.5	23.5
 -42.5	23
 -41.5	26.5
 -40.5	23
 -39.5	28.5
 -38.5	21
 -37.5	29.6111
 -36.5	27.3333
 -35.5	37.5
 -34.5	26.8333
 -33.5	33.5769
 -32.5	30
 -31.5	32
 -30.5	36
 -29.5	33
 -28.5	31.5
 -27.5	42
 -26.5	25.5
 -25.5	31.5
 -24.5	29.5
 -23.5	26
 -22.5	34
 -21.5	29.5
 -20.5	23
 -19.5	27
 -18.5	27
 -17.5	32
 -16.5	24
 -15.5	35.3333
 -14.5	35
 -13.5	23.5769
 -12.5	25.8333
 -11.5	21.1111
 -10.5	19.5
  -9.5	35
  -8.5	34.9167
  -7.5	38
  -6.5	27.3333
  -5.5	30.5
  -4.5	36
  -3.5	33.5
  -2.5	31
  -1.5	39.8333
  -0.5	32
   0.5	30.8333
   1.5	29.3333
   2.5	33.8333
   3.5	24.0769
   4.5	26.3333
   5.5	34.3333
   6.5	37.5
   7.5	39
   8.5	34
   9.5	29.5
  10.5	29
  11.5	24
  12.5	29.5
  13.5	34
  14.5	24.1111
  15.5	32
  16.5	32.5
  17.5	41
  18.5	25
  19.5	35
  20.5	33
  21.5	33
  22.5	35
  23.5	40.5
  24.5	26
  25.5	31
  26.5	32
  27.5	38.6111
  28.5	30
  29.5	34
  30.5	33.5
  31.5	24
  32.5	23
  33.5	32
  34.5	28
  35.5	27.3333
  36.5	31
  37.5	28
  38.5	33
  39.5	22.3333
  40.5	28.5769
  41.5	20.5
  42.5	27
  43.5	26
  44.5	26.5
  45.5	24.5
  46.5	24
  47.5	29.5
  48.5	23
  49.5	23
  50.5	35.5
  51.5	23.3333
  52.5	15.5
  53.5	33
  54.5	27
  55.5	30
  56.5	23.5
  57.5	30.4103
  58.5	25
  59.5	28
  60.5	31.5
  61.5	18
  62.5	28
  63.5	27
  64.5	28
  65.5	21.5
  66.5	29.1111
  67.5	34
  68.5	31.6667
  69.5	19.5
  70.5	21
  71.5	18.5
  72.5	34.5
  73.5	22
  74.5	37.0769
  75.5	14
  76.5	16.5
  77.5	28
  78.5	29.5
  79.5	23
  80.5	18
  81.5	27.5
  82.5	22
  83.5	33.5
  84.5	25
  85.5	19.5
  86.5	14
  87.5	27
  88.5	20
  89.5	18
  90.5	28
  91.5	25
  92.5	19.5
  93.5	18
  94.5	15.0769
  95.5	14.3333
  96.5	28
  97.5	19.5
  98.5	23
  99.5	16
 100.5	21
 101.5	17
 102.5	20
 103.5	19.3333
 104.5	23.5
 105.5	19.6111
 106.5	23.5
 107.5	19.5
 108.5	15
 109.5	16
 110.5	18.3333
 111.5	13.0769
 112.5	20
 113.5	24
 114.5	21
 115.5	22
 116.5	10
 117.5	26
 118.5	21
 119.5	10
 120.5	28
 121.5	22
 122.5	8
 123.5	12.5
 124.5	12
 125.5	23
 126.5	18
 127.5	16
 128.5	17.0769
 129.5	30.5
 130.5	18.5
 131.5	16
 132.5	19
 133.5	11
 134.5	14
 135.5	21.5
 136.5	23
 137.5	16
 138.5	15.5
 139.5	17.5
 140.5	20
 141.5	21
 142.5	28
 143.5	22.5
 144.5	16
 145.5	24
 146.5	24.5
 147.5	15
 148.5	19
 149.5	16
 150.5	17.5
DB 2 MOTIF	PPARD_HUMAN.H11MO.0.D
-148.0	10
-147.0	25
-146.0	14
-145.0	19
-144.0	27
-143.0	18
-142.0	15
-141.0	20
-140.0	19
-139.0	20
-138.0	23
-137.0	14
-136.0	20
-135.0	27
-134.0	16
-133.0	18
-132.0	17
-131.0	12
-130.0	16
-129.0	15
-128.0	15
-127.0	24
-126.0	13
-125.0	27
-124.0	19
-123.0	21
-122.0	24
-121.0	22
-120.0	16
-119.0	16.5
-118.0	29
-117.0	20
-116.0	15
-115.0	21
-114.0	23
-113.0	19
-112.0	16
-111.0	14
-110.0	16
-109.0	22
-108.0	20
-107.0	27
-106.0	23
-105.0	15
-104.0	22
-103.0	15
-102.0	15
-101.0	23
-100.0	26
 -99.0	19
 -98.0	25
 -97.0	29.5
 -96.0	26
 -95.0	17
 -94.0	18.5
 -93.0	13
 -92.0	26
 -91.0	23
 -90.0	20.5
 -89.0	18
 -88.0	20
 -87.0	26
 -86.0	17.5
 -85.0	28
 -84.0	27
 -83.0	15
 -82.0	24
 -81.0	17
 -80.0	15
 -79.0	19
 -78.0	21
 -77.0	31.3333
 -76.0	16
 -75.0	20
 -74.0	17.5
 -73.0	18
 -72.0	20
 -71.0	17
 -70.0	22
 -69.0	18
 -68.0	29
 -67.0	18
 -66.0	24.3333
 -65.0	18
 -64.0	19
 -63.0	27
 -62.0	14
 -61.0	20
 -60.0	24
 -59.0	27
 -58.0	18
 -57.0	19
 -56.0	22
 -55.0	24
 -54.0	23
 -53.0	25
 -52.0	13
 -51.0	26
 -50.0	22
 -49.0	26
 -48.0	26
 -47.0	20.5
 -46.0	22.5
 -45.0	16
 -44.0	28
 -43.0	14
 -42.0	18.5
 -41.0	25
 -40.0	25.5
 -39.0	31
 -38.0	25
 -37.0	22
 -36.0	19
 -35.0	22
 -34.0	20
 -33.0	24
 -32.0	20
 -31.0	31.5
 -30.0	19
 -29.0	24
 -28.0	15
 -27.0	24
 -26.0	28
 -25.0	17
 -24.0	18
 -23.0	25
 -22.0	25
 -21.0	31
 -20.0	21
 -19.0	24
 -18.0	21
 -17.0	27
 -16.0	28
 -15.0	19
 -14.0	33
 -13.0	27
 -12.0	29.5
 -11.0	29
 -10.0	36.3333
  -9.0	25.5
  -8.0	24
  -7.0	22.5
  -6.0	26
  -5.0	29
  -4.0	26
  -3.0	33
  -2.0	29
  -1.0	30
   0.0	30
   1.0	26
   2.0	22
   3.0	23
   4.0	34
   5.0	26
   6.0	27
   7.0	20
   8.0	23.5
   9.0	30
  10.0	23
  11.0	17
  12.0	33
  13.0	22
  14.0	22
  15.0	20
  16.0	33
  17.0	29.5
  18.0	29
  19.0	33.3333
  20.0	24.5
  21.0	17
  22.0	29
  23.0	27.5
  24.0	26
  25.0	27
  26.0	18
  27.0	15
  28.0	40
  29.0	18
  30.0	20
  31.0	30
  32.0	27
  33.0	19.5
  34.0	15
  35.0	33.5
  36.0	32
  37.0	14
  38.0	22
  39.0	21
  40.0	23
  41.0	16
  42.0	22
  43.0	23.5
  44.0	26
  45.0	19
  46.0	18
  47.0	20
  48.0	30
  49.0	32
  50.0	22
  51.0	21.5
  52.0	23
  53.0	21
  54.0	24.5
  55.0	15
  56.0	17.5
  57.0	19.3333
  58.0	26
  59.0	21
  60.0	30
  61.0	19
  62.0	17
  63.0	24
  64.0	19
  65.0	30
  66.0	23
  67.0	17
  68.0	23.5
  69.0	22.5
  70.0	20
  71.0	26
  72.0	15
  73.0	22
  74.0	18
  75.0	21
  76.0	26
  77.0	21.5
  78.0	17
  79.0	13
  80.0	22.5
  81.0	22
  82.0	25
  83.0	18
  84.0	22
  85.0	12
  86.0	24
  87.0	17
  88.0	19
  89.0	20
  90.0	16
  91.0	19
  92.0	22
  93.0	21
  94.0	16
  95.0	15
  96.0	17
  97.0	19
  98.0	20
  99.0	14
 100.0	21
 101.0	18
 102.0	12
 103.0	26
 104.0	13.3333
 105.0	21
 106.0	15
 107.0	15.5
 108.0	13
 109.0	13
 110.0	10
 111.0	22
 112.0	25.5
 113.0	19
 114.0	17
 115.0	19
 116.0	18
 117.0	23
 118.0	12
 119.0	20
 120.0	16
 121.0	25.5
 122.0	21
 123.0	14
 124.0	17
 125.0	16
 126.0	18.5
 127.0	7
 128.0	18.5
 129.0	21
 130.0	27.5
 131.0	16
 132.0	23
 133.0	16
 134.0	22
 135.0	15
 136.0	18
 137.0	12
 138.0	17
 139.0	17
 140.0	20.5
 141.0	15
 142.0	18
 143.0	15
 144.0	13
 145.0	14
 146.0	17
 147.0	25
 148.0	17.5
DB 2 MOTIF	PPARG_HUMAN.H11MO.0.A
-146.5	16
-145.5	17
-144.5	14
-143.5	18
-142.5	24
-141.5	18
-140.5	13
-139.5	18
-138.5	14
-137.5	19
-136.5	23
-135.5	12
-134.5	27
-133.5	27
-132.5	22
-131.5	16
-130.5	27.5
-129.5	19.5
-128.5	18
-127.5	11
-126.5	24
-125.5	15
-124.5	20
-123.5	21
-122.5	23
-121.5	17
-120.5	23
-119.5	23
-118.5	28
-117.5	28
-116.5	20
-115.5	21.5
-114.5	17
-113.5	26
-112.5	19
-111.5	15
-110.5	12
-109.5	21
-108.5	19
-107.5	20
-106.5	21
-105.5	25
-104.5	18
-103.5	15
-102.5	23
-101.5	19.5
-100.5	24
 -99.5	23
 -98.5	28.5
 -97.5	17
 -96.5	22
 -95.5	15
 -94.5	26
 -93.5	21
 -92.5	19
 -91.5	18.5
 -90.5	17
 -89.5	17
 -88.5	21
 -87.5	19
 -86.5	27
 -85.5	24
 -84.5	25
 -83.5	30
 -82.5	17
 -81.5	16
 -80.5	19
 -79.5	28
 -78.5	21
 -77.5	21
 -76.5	28
 -75.5	18.5
 -74.5	25.5
 -73.5	19
 -72.5	19
 -71.5	32
 -70.5	17
 -69.5	19
 -68.5	17
 -67.5	25.3333
 -66.5	20
 -65.5	16
 -64.5	22
 -63.5	23
 -62.5	21
 -61.5	19
 -60.5	28
 -59.5	23
 -58.5	26
 -57.5	22.5
 -56.5	32
 -55.5	25
 -54.5	30
 -53.5	24
 -52.5	19
 -51.5	28
 -50.5	27.5
 -49.5	31
 -48.5	18
 -47.5	26
 -46.5	24
 -45.5	23
 -44.5	25
 -43.5	23
 -42.5	30
 -41.5	17
 -40.5	33
 -39.5	24.5
 -38.5	29
 -37.5	32.5
 -36.5	29
 -35.5	19
 -34.5	27
 -33.5	25
 -32.5	27.5
 -31.5	29
 -30.5	20
 -29.5	20
 -28.5	21
 -27.5	31
 -26.5	26
 -25.5	23
 -24.5	22
 -23.5	24
 -22.5	22
 -21.5	28
 -20.5	30
 -19.5	25
 -18.5	22
 -17.5	24
 -16.5	17
 -15.5	23
 -14.5	28.5
 -13.5	25.5
 -12.5	19
 -11.5	34
 -10.5	23
  -9.5	21
  -8.5	24
  -7.5	25
  -6.5	44
  -5.5	27
  -4.5	30
  -3.5	30.5
  -2.5	32.8333
  -1.5	25
  -0.5	26.3333
   0.5	20
   1.5	30
   2.5	32
   3.5	31
   4.5	32
   5.5	30
   6.5	29
   7.5	28
   8.5	27
   9.5	12
  10.5	34
  11.5	23
  12.5	26
  13.5	23
  14.5	32.5
  15.5	25
  16.5	20
  17.5	25
  18.5	26
  19.5	26
  20.5	24
  21.5	39
  22.5	30
  23.5	30
  24.5	35
  25.5	35
  26.5	23
  27.5	22
  28.5	26
  29.5	25
  30.5	25.3333
  31.5	22
  32.5	29
  33.5	26
  34.5	21
  35.5	21
  36.5	31
  37.5	26
  38.5	18
  39.5	18
  40.5	28
  41.5	31
  42.5	30
  43.5	29
  44.5	29
  45.5	32
  46.5	23
  47.5	25
  48.5	21
  49.5	30
  50.5	19
  51.5	29
  52.5	24
  53.5	21
  54.5	27
  55.5	29.5
  56.5	26
  57.5	16
  58.5	28.5
  59.5	19
  60.5	20
  61.5	27
  62.5	29
  63.5	31.3333
  64.5	24
  65.5	27
  66.5	20.3333
  67.5	30
  68.5	24
  69.5	20
  70.5	25
  71.5	26
  72.5	20.5
  73.5	25
  74.5	22
  75.5	22.5
  76.5	18
  77.5	22
  78.5	29
  79.5	28
  80.5	19
  81.5	20
  82.5	23.5
  83.5	22
  84.5	23
  85.5	20
  86.5	24
  87.5	26
  88.5	26
  89.5	21
  90.5	19.5
  91.5	20
  92.5	17
  93.5	23
  94.5	23.5
  95.5	9
  96.5	17
  97.5	13.5
  98.5	20
  99.5	21
 100.5	12
 101.5	19
 102.5	21
 103.5	24.5
 104.5	23
 105.5	16
 106.5	18
 107.5	23
 108.5	18
 109.5	15
 110.5	22
 111.5	25
 112.5	13
 113.5	22
 114.5	20
 115.5	20
 116.5	23
 117.5	23
 118.5	21
 119.5	29
 120.5	24
 121.5	20
 122.5	20
 123.5	18
 124.5	25
 125.5	15
 126.5	25
 127.5	22
 128.5	16
 129.5	20
 130.5	20.5
 131.5	20
 132.5	19
 133.5	22
 134.5	22
 135.5	13
 136.5	18
 137.5	15
 138.5	16
 139.5	18
 140.5	27
 141.5	21
 142.5	21
 143.5	25
 144.5	21
 145.5	21
 146.5	21
DB 2 MOTIF	PPARG_HUMAN.H11MO.1.A
-150.5	13
-149.5	12
-148.5	19
-147.5	21
-146.5	19
-145.5	19
-144.5	16.5
-143.5	16.5
-142.5	21.5
-141.5	16
-140.5	15
-139.5	12
-138.5	23.5
-137.5	24.5
-136.5	18.5
-135.5	23
-134.5	30
-133.5	20.1429
-132.5	15.5
-131.5	10.5
-130.5	18
-129.5	15
-128.5	19
-127.5	20.5
-126.5	13
-125.5	11.5
-124.5	16.5
-123.5	20.5
-122.5	23
-121.5	26
-120.5	19.5
-119.5	23
-118.5	18
-117.5	14.5
-116.5	26
-115.5	22.5
-114.5	20.1111
-113.5	22
-112.5	21
-111.5	20
-110.5	14
-109.5	15
-108.5	22.5
-107.5	20
-106.5	13.5
-105.5	21
-104.5	22.1429
-103.5	22
-102.5	17
-101.5	24.1111
-100.5	14
 -99.5	16.5
 -98.5	23
 -97.5	18.5
 -96.5	19
 -95.5	19
 -94.5	28.5
 -93.5	17.3333
 -92.5	22
 -91.5	16
 -90.5	12
 -89.5	26
 -88.5	26
 -87.5	26
 -86.5	22
 -85.5	19
 -84.5	24.5
 -83.5	22
 -82.5	15.8333
 -81.5	25
 -80.5	20.5
 -79.5	31
 -78.5	26.5
 -77.5	27
 -76.5	28.5
 -75.5	20.1429
 -74.5	25.3333
 -73.5	34
 -72.5	23
 -71.5	29
 -70.5	19.5
 -69.5	19
 -68.5	33
 -67.5	24
 -66.5	25
 -65.5	23.5
 -64.5	20
 -63.5	25
 -62.5	30.5
 -61.5	18.5
 -60.5	31
 -59.5	26
 -58.5	27
 -57.5	22
 -56.5	23
 -55.5	23.5
 -54.5	21
 -53.5	26
 -52.5	18.5
 -51.5	28.3333
 -50.5	37
 -49.5	26.1111
 -48.5	24
 -47.5	30.5
 -46.5	26.6429
 -45.5	32
 -44.5	26
 -43.5	31
 -42.5	22
 -41.5	21
 -40.5	24.5
 -39.5	20
 -38.5	27.5
 -37.5	30
 -36.5	33.1111
 -35.5	30.8333
 -34.5	32.5
 -33.5	28
 -32.5	33
 -31.5	23.5
 -30.5	44
 -29.5	37.5
 -28.5	25.5
 -27.5	35.5
 -26.5	27
 -25.5	23.5
 -24.5	23
 -23.5	31
 -22.5	34
 -21.5	29
 -20.5	33
 -19.5	25
 -18.5	29
 -17.5	27.1429
 -16.5	33.8333
 -15.5	26.3333
 -14.5	33.5
 -13.5	37
 -12.5	30
 -11.5	36
 -10.5	33.1111
  -9.5	35.6667
  -8.5	33
  -7.5	39.3333
  -6.5	22.5
  -5.5	29
  -4.5	34
  -3.5	32
  -2.5	38.4762
  -1.5	26
  -0.5	32
   0.5	40
   1.5	37.3333
   2.5	28
   3.5	37
   4.5	22.5
   5.5	34.5
   6.5	54.6429
   7.5	27.5
   8.5	34.5
   9.5	40.5
  10.5	25
  11.5	26.6429
  12.5	28
  13.5	31.5
  14.5	36
  15.5	32.754
  16.5	36
  17.5	37
  18.5	40.5
  19.5	29.5
  20.5	36.5
  21.5	24.5
  22.5	32.5
  23.5	25
  24.5	37.6429
  25.5	30.5
  26.5	26
  27.5	33
  28.5	26.1111
  29.5	30
  30.5	29.5
  31.5	23.5
  32.5	32
  33.5	33.1429
  34.5	19.8333
  35.5	26.5
  36.5	22
  37.5	40.5
  38.5	27
  39.5	35
  40.5	32.6429
  41.5	22.5
  42.5	23.6429
  43.5	23
  44.5	24.3333
  45.5	33.5
  46.5	28.5
  47.5	28.5
  48.5	25.5
  49.5	37.5
  50.5	28
  51.5	24.4762
  52.5	26.3333
  53.5	29.5
  54.5	27.5
  55.5	25.5
  56.5	30.5
  57.5	25
  58.5	27
  59.5	19.5
  60.5	32.5
  61.5	23
  62.5	25
  63.5	23.5
  64.5	27
  65.5	16.5
  66.5	26
  67.5	41.9444
  68.5	30
  69.5	35
  70.5	22.5
  71.5	29.5
  72.5	28.5
  73.5	23
  74.5	28.5
  75.5	19.5
  76.5	20.5
  77.5	20
  78.5	19.5
  79.5	25
  80.5	19.5
  81.5	15
  82.5	22
  83.5	23
  84.5	21
  85.5	19
  86.5	25
  87.5	14
  88.5	17.5
  89.5	26
  90.5	21
  91.5	20
  92.5	24
  93.5	13
  94.5	20.5
  95.5	25
  96.5	15
  97.5	26
  98.5	17
  99.5	23
 100.5	26.5
 101.5	25
 102.5	18
 103.5	17
 104.5	22.8333
 105.5	16.5
 106.5	17.1111
 107.5	19
 108.5	23
 109.5	13
 110.5	22
 111.5	21
 112.5	18
 113.5	27
 114.5	29
 115.5	18
 116.5	23
 117.5	24
 118.5	16.5
 119.5	20.5
 120.5	15
 121.5	14.3333
 122.5	14
 123.5	17
 124.5	15
 125.5	18
 126.5	16.3333
 127.5	14.5
 128.5	23
 129.5	23
 130.5	17
 131.5	25
 132.5	12
 133.5	13
 134.5	21
 135.5	15
 136.5	20
 137.5	20.5
 138.5	16
 139.5	17
 140.5	20
 141.5	20
 142.5	9
 143.5	23
 144.5	25
 145.5	16
 146.5	17
 147.5	24
 148.5	15.3333
 149.5	17
 150.5	16
DB 2 MOTIF	RARA_HUMAN.H11MO.0.A
-145.0	9
-144.0	14
-143.0	18
-142.0	10
-141.0	14
-140.0	23
-139.0	27
-138.0	18
-137.0	9
-136.0	24
-135.0	25
-134.0	22
-133.0	19
-132.0	13
-131.0	23
-130.0	16
-129.0	18
-128.0	24
-127.0	17
-126.0	12
-125.0	13
-124.0	19
-123.0	17
-122.0	19
-121.0	18
-120.0	18.5
-119.0	22
-118.0	19
-117.0	18
-116.0	10
-115.0	21
-114.0	21
-113.0	20
-112.0	16
-111.0	19
-110.0	25
-109.0	15
-108.0	15
-107.0	23
-106.0	19
-105.0	12
-104.0	15
-103.0	16
-102.0	19
-101.0	21
-100.0	19
 -99.0	24
 -98.0	22.5
 -97.0	21
 -96.0	16
 -95.0	15
 -94.0	11
 -93.0	16.5
 -92.0	13
 -91.0	18
 -90.0	26
 -89.0	15.5
 -88.0	25
 -87.0	20
 -86.0	22
 -85.0	22.5
 -84.0	18
 -83.0	21.5
 -82.0	24
 -81.0	24
 -80.0	14
 -79.0	17
 -78.0	26
 -77.0	21
 -76.0	16
 -75.0	20
 -74.0	19
 -73.0	17
 -72.0	14
 -71.0	16
 -70.0	21.3333
 -69.0	16
 -68.0	21
 -67.0	17
 -66.0	21
 -65.0	26
 -64.0	21
 -63.0	19
 -62.0	25
 -61.0	18
 -60.0	21
 -59.0	22
 -58.0	16
 -57.0	15
 -56.0	21.5
 -55.0	18
 -54.0	23.5
 -53.0	24
 -52.0	23
 -51.0	17
 -50.0	19
 -49.0	26
 -48.0	17
 -47.0	18
 -46.0	24
 -45.0	23
 -44.0	15
 -43.0	14
 -42.0	21
 -41.0	23.5
 -40.0	27
 -39.0	26
 -38.0	29
 -37.0	22
 -36.0	29
 -35.0	17
 -34.0	20
 -33.0	23
 -32.0	26
 -31.0	29
 -30.0	26
 -29.0	24
 -28.0	28
 -27.0	25.5
 -26.0	26
 -25.0	20
 -24.0	24
 -23.0	17
 -22.0	24
 -21.0	21
 -20.0	23
 -19.0	33
 -18.0	21
 -17.0	22
 -16.0	17.5
 -15.0	18
 -14.0	30
 -13.0	26
 -12.0	29
 -11.0	41
 -10.0	34
  -9.0	23
  -8.0	25
  -7.0	26
  -6.0	25
  -5.0	25
  -4.0	25
  -3.0	24.3333
  -2.0	31
  -1.0	23.3333
   0.0	17.1667
   1.0	32.5
   2.0	23
   3.0	25
   4.0	33
   5.0	28
   6.0	27
   7.0	22
   8.0	14.5
   9.0	34.1667
  10.0	25
  11.0	31
  12.0	35
  13.0	35
  14.0	27
  15.0	19
  16.0	30
  17.0	23
  18.0	24.6667
  19.0	33
  20.0	30
  21.0	20
  22.0	29
  23.0	19
  24.0	32
  25.0	15
  26.0	19
  27.0	15.1667
  28.0	32
  29.0	23
  30.0	33
  31.0	28
  32.0	23.3333
  33.0	26
  34.0	20
  35.0	21
  36.0	21.6667
  37.0	25.5
  38.0	25
  39.0	22
  40.0	21
  41.0	23
  42.0	21.5
  43.0	25
  44.0	15
  45.0	23.1667
  46.0	23
  47.0	27
  48.0	26
  49.0	21.5
  50.0	25
  51.0	18
  52.0	22
  53.0	16
  54.0	25
  55.0	26
  56.0	26
  57.0	14
  58.0	20
  59.0	21
  60.0	24
  61.0	33
  62.0	13
  63.0	20
  64.0	17.3333
  65.0	20.3333
  66.0	33.5
  67.0	15
  68.0	20
  69.0	23
  70.0	27
  71.0	20
  72.0	26
  73.0	21
  74.0	28
  75.0	21
  76.0	19
  77.0	22
  78.0	17.5
  79.0	22
  80.0	16
  81.0	21
  82.0	18
  83.0	19
  84.0	21
  85.0	24.5
  86.0	25
  87.0	29
  88.0	21
  89.0	14
  90.0	11
  91.0	12
  92.0	18
  93.0	19
  94.0	9
  95.0	25
  96.0	8
  97.0	17
  98.0	24
  99.0	17
 100.0	15
 101.0	18
 102.0	21
 103.0	16
 104.0	21
 105.0	16
 106.0	14
 107.0	17
 108.0	12
 109.0	16
 110.0	25
 111.0	24
 112.0	20
 113.0	12
 114.0	17
 115.0	17
 116.0	16
 117.0	21
 118.0	19
 119.0	12
 120.0	24
 121.0	13
 122.0	19
 123.0	18
 124.0	16
 125.0	10
 126.0	13
 127.0	13
 128.0	18
 129.0	26
 130.0	26
 131.0	18
 132.0	18
 133.0	17
 134.0	24
 135.0	17
 136.0	15.5
 137.0	13
 138.0	14
 139.0	20
 140.0	17
 141.0	17
 142.0	14
 143.0	14
 144.0	17
 145.0	14
DB 2 MOTIF	RARA_HUMAN.H11MO.1.A
-150.0	12
-149.0	15
-148.0	29.5
-147.0	13
-146.0	24.0833
-145.0	20
-144.0	20
-143.0	21.25
-142.0	21.5
-141.0	14.5
-140.0	25
-139.0	21
-138.0	15
-137.0	20
-136.0	25.25
-135.0	24
-134.0	16
-133.0	22
-132.0	14
-131.0	19
-130.0	18.25
-129.0	16
-128.0	24
-127.0	17.5
-126.0	16.5833
-125.0	17.5
-124.0	21
-123.0	16
-122.0	24
-121.0	12.3333
-120.0	17
-119.0	26
-118.0	24.5
-117.0	9
-116.0	23
-115.0	30.3333
-114.0	19
-113.0	20
-112.0	26.5
-111.0	17
-110.0	18
-109.0	18
-108.0	17
-107.0	25
-106.0	17.5
-105.0	25.5
-104.0	17
-103.0	30
-102.0	27
-101.0	18.5
-100.0	13.25
 -99.0	25.5
 -98.0	17
 -97.0	25.5
 -96.0	22
 -95.0	20
 -94.0	23
 -93.0	24
 -92.0	17.0833
 -91.0	24
 -90.0	26
 -89.0	17
 -88.0	22
 -87.0	33.5
 -86.0	19
 -85.0	28
 -84.0	21
 -83.0	21
 -82.0	25
 -81.0	19.5
 -80.0	29
 -79.0	21
 -78.0	22
 -77.0	21
 -76.0	24.5
 -75.0	20.5
 -74.0	26
 -73.0	16
 -72.0	29
 -71.0	16
 -70.0	16
 -69.0	19
 -68.0	19
 -67.0	25.3333
 -66.0	18
 -65.0	22
 -64.0	24.25
 -63.0	17
 -62.0	18
 -61.0	26
 -60.0	26
 -59.0	19
 -58.0	22.8333
 -57.0	20
 -56.0	26
 -55.0	19
 -54.0	24
 -53.0	17
 -52.0	18
 -51.0	19.5
 -50.0	21.5
 -49.0	25.5
 -48.0	19
 -47.0	27.5
 -46.0	26.5
 -45.0	25.5
 -44.0	33.5
 -43.0	31
 -42.0	26
 -41.0	26
 -40.0	15
 -39.0	19
 -38.0	25
 -37.0	24
 -36.0	26.5
 -35.0	23.4167
 -34.0	31
 -33.0	28
 -32.0	19.5
 -31.0	20
 -30.0	13
 -29.0	39
 -28.0	23.5
 -27.0	35
 -26.0	29.5
 -25.0	30.5
 -24.0	27
 -23.0	28
 -22.0	18
 -21.0	36
 -20.0	20.5
 -19.0	31
 -18.0	25
 -17.0	28.3333
 -16.0	24.5
 -15.0	28.0833
 -14.0	33
 -13.0	27
 -12.0	24
 -11.0	33
 -10.0	27.25
  -9.0	32
  -8.0	31
  -7.0	27
  -6.0	32.5
  -5.0	29.5
  -4.0	21
  -3.0	28
  -2.0	23
  -1.0	26.3333
   0.0	33.3333
   1.0	34.5
   2.0	25.0833
   3.0	26
   4.0	32
   5.0	30.5
   6.0	39.8333
   7.0	27.5
   8.0	29
   9.0	30
  10.0	29
  11.0	22
  12.0	29
  13.0	19
  14.0	34.5
  15.0	31.5
  16.0	29
  17.0	27
  18.0	23
  19.0	34
  20.0	20
  21.0	28.5
  22.0	28
  23.0	37
  24.0	31.5
  25.0	21.5
  26.0	33.25
  27.0	33
  28.0	27.5
  29.0	39.5
  30.0	24
  31.0	24
  32.0	26
  33.0	28.5
  34.0	26.5
  35.0	31
  36.0	25
  37.0	28
  38.0	28.5
  39.0	20.0833
  40.0	20.5
  41.0	16.3333
  42.0	21
  43.0	23
  44.0	25.5
  45.0	20.5
  46.0	28.5
  47.0	28.3333
  48.0	23.5
  49.0	27
  50.0	24
  51.0	21.5
  52.0	25.75
  53.0	34
  54.0	15
  55.0	23
  56.0	28.0833
  57.0	23
  58.0	23
  59.0	24
  60.0	27
  61.0	29
  62.0	23.5
  63.0	20
  64.0	22
  65.0	31.5
  66.0	23
  67.0	22.3333
  68.0	26
  69.0	17.5
  70.0	34
  71.0	27
  72.0	22.5
  73.0	30.0833
  74.0	23
  75.0	22
  76.0	27
  77.0	24
  78.0	15
  79.0	18
  80.0	28
  81.0	28
  82.0	28.3333
  83.0	28
  84.0	18
  85.0	19
  86.0	27
  87.0	29.5
  88.0	21.3333
  89.0	29
  90.0	20
  91.0	19.5
  92.0	19
  93.0	14.0833
  94.0	19
  95.0	25.5
  96.0	12
  97.0	19
  98.0	22
  99.0	13
 100.0	14
 101.0	13
 102.0	20
 103.0	19
 104.0	17
 105.0	26
 106.0	26.5
 107.0	17
 108.0	21
 109.0	20.5
 110.0	17.0833
 111.0	19.5
 112.0	22.3333
 113.0	12.5
 114.0	9
 115.0	18
 116.0	19
 117.0	21
 118.0	17
 119.0	22
 120.0	17
 121.0	14
 122.0	23
 123.0	18
 124.0	7
 125.0	23
 126.0	20
 127.0	22.0833
 128.0	24
 129.0	20
 130.0	14
 131.0	17
 132.0	10
 133.0	17
 134.0	22
 135.0	14
 136.0	24
 137.0	15
 138.0	21
 139.0	13
 140.0	17
 141.0	20
 142.0	17
 143.0	19.5
 144.0	21
 145.0	18
 146.0	15
 147.0	20.5
 148.0	17.5
 149.0	14
 150.0	19.5
DB 2 MOTIF	RARA_HUMAN.H11MO.2.A
-146.5	24
-145.5	21
-144.5	25
-143.5	17
-142.5	18
-141.5	23
-140.5	20
-139.5	21
-138.5	13
-137.5	20
-136.5	17
-135.5	14.5
-134.5	27
-133.5	13
-132.5	17
-131.5	25
-130.5	13.5
-129.5	27
-128.5	14
-127.5	17
-126.5	13
-125.5	19
-124.5	21
-123.5	26
-122.5	21
-121.5	16
-120.5	16
-119.5	23
-118.5	10
-117.5	19
-116.5	19
-115.5	16
-114.5	25
-113.5	18
-112.5	14
-111.5	16
-110.5	19
-109.5	24
-108.5	22
-107.5	18
-106.5	26
-105.5	32.5
-104.5	21
-103.5	9
-102.5	22
-101.5	22
-100.5	27
 -99.5	19.5
 -98.5	13
 -97.5	20
 -96.5	12
 -95.5	17
 -94.5	27
 -93.5	18
 -92.5	18
 -91.5	14
 -90.5	19
 -89.5	18
 -88.5	22
 -87.5	18
 -86.5	30.5
 -85.5	20
 -84.5	20
 -83.5	24
 -82.5	21
 -81.5	20
 -80.5	20
 -79.5	22
 -78.5	20.5
 -77.5	18
 -76.5	23
 -75.5	26
 -74.5	13
 -73.5	20
 -72.5	17
 -71.5	22
 -70.5	20.5
 -69.5	21
 -68.5	14.5
 -67.5	23
 -66.5	13
 -65.5	24.5
 -64.5	17
 -63.5	17
 -62.5	27
 -61.5	15
 -60.5	21
 -59.5	30
 -58.5	19
 -57.5	17
 -56.5	13
 -55.5	25
 -54.5	24
 -53.5	21
 -52.5	18
 -51.5	22
 -50.5	22
 -49.5	19
 -48.5	21
 -47.5	17
 -46.5	25
 -45.5	25
 -44.5	19
 -43.5	19
 -42.5	22
 -41.5	23.5
 -40.5	27
 -39.5	24
 -38.5	27
 -37.5	31
 -36.5	29
 -35.5	24
 -34.5	23
 -33.5	28
 -32.5	24
 -31.5	21
 -30.5	25
 -29.5	27
 -28.5	26
 -27.5	28
 -26.5	19
 -25.5	16
 -24.5	17
 -23.5	20
 -22.5	20
 -21.5	21
 -20.5	27
 -19.5	25
 -18.5	19
 -17.5	19
 -16.5	22
 -15.5	16
 -14.5	21
 -13.5	26
 -12.5	23
 -11.5	15
 -10.5	22
  -9.5	13.5
  -8.5	22
  -7.5	25.5
  -6.5	27
  -5.5	21
  -4.5	28
  -3.5	22
  -2.5	23
  -1.5	24
  -0.5	24
   0.5	17
   1.5	24.1667
   2.5	16
   3.5	22
   4.5	21
   5.5	23
   6.5	22
   7.5	28
   8.5	15
   9.5	29
  10.5	27.1667
  11.5	23
  12.5	18
  13.5	26.5
  14.5	27
  15.5	25
  16.5	32
  17.5	24
  18.5	21
  19.5	24.6667
  20.5	22
  21.5	31
  22.5	12
  23.5	21
  24.5	19
  25.5	16
  26.5	28
  27.5	19
  28.5	28.1667
  29.5	28
  30.5	29.5
  31.5	21
  32.5	29
  33.5	22
  34.5	26.5
  35.5	17
  36.5	21
  37.5	25.1667
  38.5	22
  39.5	24
  40.5	16
  41.5	20
  42.5	25
  43.5	20
  44.5	17
  45.5	28
  46.5	25.1667
  47.5	15
  48.5	28
  49.5	23
  50.5	18
  51.5	21
  52.5	23
  53.5	28
  54.5	18
  55.5	18
  56.5	25
  57.5	19
  58.5	18
  59.5	32
  60.5	24
  61.5	21
  62.5	23.5
  63.5	17
  64.5	16
  65.5	34
  66.5	24
  67.5	18
  68.5	17
  69.5	24
  70.5	22.5
  71.5	17
  72.5	22
  73.5	19
  74.5	27
  75.5	23.5
  76.5	24
  77.5	13
  78.5	19
  79.5	16
  80.5	15
  81.5	11
  82.5	23
  83.5	28
  84.5	22
  85.5	22
  86.5	17.5
  87.5	15
  88.5	16
  89.5	21
  90.5	25
  91.5	20
  92.5	22
  93.5	22
  94.5	15
  95.5	25
  96.5	21
  97.5	27
  98.5	14
  99.5	25
 100.5	21
 101.5	21
 102.5	22
 103.5	21
 104.5	15
 105.5	17.5
 106.5	22
 107.5	20
 108.5	21
 109.5	11
 110.5	25
 111.5	24
 112.5	19
 113.5	19
 114.5	16
 115.5	17
 116.5	21.5
 117.5	13
 118.5	12
 119.5	24
 120.5	15
 121.5	24
 122.5	16
 123.5	23
 124.5	21
 125.5	18
 126.5	25
 127.5	20
 128.5	16
 129.5	13
 130.5	25
 131.5	17
 132.5	13
 133.5	21
 134.5	14.5
 135.5	11
 136.5	18
 137.5	20
 138.5	21
 139.5	14
 140.5	15
 141.5	22.5
 142.5	19
 143.5	24
 144.5	18
 145.5	22
 146.5	24
DB 2 MOTIF	RARB_HUMAN.H11MO.0.D
-149.5	8
-148.5	13
-147.5	10
-146.5	11
-145.5	11
-144.5	8
-143.5	8.25
-142.5	7
-141.5	14
-140.5	5
-139.5	12
-138.5	13
-137.5	10
-136.5	7
-135.5	10
-134.5	8
-133.5	11
-132.5	8
-131.5	10
-130.5	8.25
-129.5	4.5
-128.5	6
-127.5	9
-126.5	11.5
-125.5	9.5
-124.5	10
-123.5	10
-122.5	7
-121.5	12
-120.5	10
-119.5	9
-118.5	11
-117.5	4
-116.5	4
-115.5	11.3333
-114.5	9
-113.5	13
-112.5	10
-111.5	12
-110.5	9
-109.5	13
-108.5	13
-107.5	10
-106.5	15.5
-105.5	9
-104.5	11.5
-103.5	9
-102.5	15
-101.5	14.5
-100.5	9
 -99.5	7
 -98.5	13
 -97.5	13
 -96.5	10
 -95.5	12
 -94.5	12
 -93.5	17
 -92.5	15
 -91.5	14
 -90.5	12
 -89.5	9
 -88.5	11
 -87.5	11
 -86.5	13
 -85.5	8
 -84.5	16
 -83.5	12
 -82.5	15
 -81.5	13
 -80.5	8
 -79.5	13
 -78.5	13
 -77.5	13
 -76.5	17
 -75.5	6
 -74.5	13
 -73.5	14
 -72.5	5
 -71.5	14
 -70.5	10
 -69.5	14
 -68.5	10
 -67.5	13.5
 -66.5	11
 -65.5	11
 -64.5	14
 -63.5	15
 -62.5	10
 -61.5	13
 -60.5	15
 -59.5	15.5
 -58.5	11.3333
 -57.5	14
 -56.5	14
 -55.5	18
 -54.5	14
 -53.5	17
 -52.5	11
 -51.5	13
 -50.5	17
 -49.5	15.5
 -48.5	19
 -47.5	10
 -46.5	20
 -45.5	14
 -44.5	17
 -43.5	21
 -42.5	10
 -41.5	20.5
 -40.5	14
 -39.5	12
 -38.5	15
 -37.5	12
 -36.5	11
 -35.5	19
 -34.5	22
 -33.5	21
 -32.5	13
 -31.5	17
 -30.5	11
 -29.5	22
 -28.5	22
 -27.5	25
 -26.5	17
 -25.5	14
 -24.5	20
 -23.5	14
 -22.5	19
 -21.5	10
 -20.5	17
 -19.5	15
 -18.5	13
 -17.5	27
 -16.5	18.5
 -15.5	16.5
 -14.5	16
 -13.5	24
 -12.5	20
 -11.5	20
 -10.5	15
  -9.5	19
  -8.5	23
  -7.5	18
  -6.5	17
  -5.5	18
  -4.5	11
  -3.5	18
  -2.5	22
  -1.5	20.3333
  -0.5	19
   0.5	22
   1.5	20
   2.5	17
   3.5	25
   4.5	17
   5.5	30
   6.5	24
   7.5	13
   8.5	16
   9.5	21
  10.5	21
  11.5	19
  12.5	17.5
  13.5	22.5
  14.5	17
  15.5	16.5
  16.5	18
  17.5	15
  18.5	21
  19.5	23.5
  20.5	16
  21.5	22
  22.5	20
  23.5	19
  24.5	21
  25.5	21.25
  26.5	19
  27.5	33
  28.5	18
  29.5	22
  30.5	12
  31.5	14
  32.5	13
  33.5	25.5
  34.5	17.5
  35.5	19
  36.5	17.5
  37.5	14.5
  38.5	14
  39.5	14
  40.5	17
  41.5	19
  42.5	17
  43.5	16
  44.5	22
  45.5	12.5
  46.5	23
  47.5	11
  48.5	18
  49.5	18
  50.5	13
  51.5	12.25
  52.5	30
  53.5	19
  54.5	16
  55.5	19
  56.5	19
  57.5	13.5
  58.5	16
  59.5	18
  60.5	17.5
  61.5	19
  62.5	15
  63.5	16.5
  64.5	23
  65.5	16
  66.5	15
  67.5	9
  68.5	10
  69.5	16
  70.5	21
  71.5	13
  72.5	20
  73.5	4
  74.5	14
  75.5	12
  76.5	13
  77.5	11
  78.5	11
  79.5	17
  80.5	10
  81.5	18
  82.5	11
  83.5	13
  84.5	14
  85.5	11
  86.5	13.5
  87.5	9
  88.5	12
  89.5	13
  90.5	8
  91.5	13
  92.5	10
  93.5	7
  94.5	9
  95.5	15
  96.5	8
  97.5	12
  98.5	11
  99.5	8
 100.5	11
 101.5	11
 102.5	10
 103.5	12
 104.5	9
 105.5	7
 106.5	8
 107.5	7
 108.5	7
 109.5	14.5
 110.5	10
 111.5	10
 112.5	15
 113.5	10
 114.5	5
 115.5	6
 116.5	10
 117.5	11
 118.5	12
 119.5	8
 120.5	10
 121.5	7
 122.5	8
 123.5	15
 124.5	4
 125.5	12
 126.5	10
 127.5	18
 128.5	10
 129.5	10
 130.5	10
 131.5	11
 132.5	13
 133.5	10
 134.5	15
 135.5	6
 136.5	10
 137.5	12
 138.5	8
 139.5	13
 140.5	10
 141.5	6
 142.5	7
 143.5	8
 144.5	12
 145.5	12
 146.5	14
 147.5	8.5
 148.5	10.5
 149.5	10
DB 2 MOTIF	RARG_HUMAN.H11MO.0.B
-146.0	25
-145.0	25
-144.0	29
-143.0	16
-142.0	24.5
-141.0	19.3333
-140.0	7
-139.0	20.5
-138.0	23
-137.0	19
-136.0	19
-135.0	20
-134.0	23.5
-133.0	24
-132.0	20
-131.0	26
-130.0	22
-129.0	16
-128.0	31
-127.0	19.5
-126.0	23
-125.0	22
-124.0	20
-123.0	25
-122.0	20.5
-121.0	25.5
-120.0	26.3333
-119.0	20
-118.0	21
-117.0	13
-116.0	21
-115.0	19.5
-114.0	21
-113.0	17
-112.0	25.3333
-111.0	29
-110.0	18
-109.0	23
-108.0	26
-107.0	30
-106.0	20
-105.0	21
-104.0	18
-103.0	20
-102.0	18
-101.0	17
-100.0	28
 -99.0	21
 -98.0	21
 -97.0	14.75
 -96.0	22
 -95.0	19
 -94.0	20
 -93.0	19.5
 -92.0	21
 -91.0	25.5
 -90.0	15
 -89.0	25
 -88.0	19
 -87.0	25
 -86.0	20
 -85.0	25
 -84.0	21
 -83.0	28.3333
 -82.0	25
 -81.0	25
 -80.0	25
 -79.0	19
 -78.0	23
 -77.0	17
 -76.0	23
 -75.0	28
 -74.0	17
 -73.0	27.3333
 -72.0	22.3333
 -71.0	23
 -70.0	21
 -69.0	29
 -68.0	18
 -67.0	30
 -66.0	19
 -65.0	29
 -64.0	15
 -63.0	14.3333
 -62.0	25
 -61.0	21
 -60.0	28
 -59.0	20
 -58.0	27
 -57.0	17
 -56.0	26
 -55.0	21.5
 -54.0	18.5
 -53.0	21
 -52.0	13
 -51.0	24
 -50.0	15.5
 -49.0	12
 -48.0	22
 -47.0	23
 -46.0	25.5
 -45.0	21
 -44.0	25
 -43.0	20
 -42.0	29.5
 -41.0	18
 -40.0	19.25
 -39.0	36
 -38.0	27
 -37.0	23
 -36.0	23
 -35.0	17
 -34.0	34
 -33.0	24
 -32.0	27
 -31.0	22
 -30.0	32.5
 -29.0	33
 -28.0	24
 -27.0	30
 -26.0	26
 -25.0	23
 -24.0	16
 -23.0	28
 -22.0	29
 -21.0	24
 -20.0	17
 -19.0	26
 -18.0	23
 -17.0	27
 -16.0	22.5
 -15.0	23.5
 -14.0	25
 -13.0	31
 -12.0	24
 -11.0	23
 -10.0	21
  -9.0	23
  -8.0	22
  -7.0	19
  -6.0	32.3333
  -5.0	15.3333
  -4.0	33
  -3.0	35
  -2.0	28
  -1.0	30
   0.0	25
   1.0	27
   2.0	28
   3.0	20
   4.0	16
   5.0	28
   6.0	24
   7.0	18
   8.0	28
   9.0	22
  10.0	26
  11.0	40.5
  12.0	27.3333
  13.0	22
  14.0	22
  15.0	27
  16.0	22
  17.0	26
  18.0	22
  19.0	25.5
  20.0	20
  21.0	23
  22.0	28
  23.0	25
  24.0	27
  25.0	25
  26.0	29
  27.0	20
  28.0	17
  29.0	26
  30.0	23
  31.0	20
  32.0	23
  33.0	30
  34.0	27
  35.0	19
  36.0	27
  37.0	24
  38.0	28
  39.0	31
  40.0	33
  41.0	24
  42.0	29
  43.0	16
  44.0	19
  45.0	29
  46.0	25
  47.0	26
  48.0	25
  49.0	22
  50.0	25
  51.0	29
  52.0	22
  53.0	20.5
  54.0	20
  55.0	25.5
  56.0	30
  57.0	33
  58.0	19
  59.0	26
  60.0	36
  61.0	25
  62.0	24.3333
  63.0	18
  64.0	19
  65.0	21.5
  66.0	18
  67.0	26
  68.0	24
  69.0	18.5
  70.0	24
  71.0	21
  72.0	19
  73.0	25
  74.0	20
  75.0	31
  76.0	22
  77.0	24
  78.0	31
  79.0	23
  80.0	20
  81.0	18
  82.0	25
  83.0	19
  84.0	16
  85.0	26
  86.0	20
  87.0	27.5
  88.0	18
  89.0	20
  90.0	20
  91.0	22
  92.0	21
  93.0	23
  94.0	21
  95.0	16
  96.0	19
  97.0	19.3333
  98.0	16
  99.0	15
 100.0	31
 101.0	23
 102.0	21
 103.0	18
 104.0	13
 105.0	21.25
 106.0	17
 107.0	22
 108.0	22
 109.0	19
 110.0	25
 111.0	15
 112.0	27.5
 113.0	26
 114.0	26
 115.0	27
 116.0	20
 117.0	22
 118.0	22
 119.0	19
 120.0	16
 121.0	25
 122.0	14.25
 123.0	24
 124.0	24
 125.0	21
 126.0	15
 127.0	22
 128.0	18
 129.0	11
 130.0	26
 131.0	25
 132.0	23
 133.0	14.5
 134.0	17
 135.0	18
 136.0	23.5
 137.0	9.5
 138.0	18
 139.0	29
 140.0	23
 141.0	29
 142.0	18.5
 143.0	21
 144.0	26
 145.0	19
 146.0	20
DB 2 MOTIF	RARG_HUMAN.H11MO.1.B
-151.0	18.5
-150.0	22.3333
-149.0	17.8333
-148.0	17
-147.0	21.3333
-146.0	13.5
-145.0	20.0769
-144.0	17.5
-143.0	24.5
-142.0	19.5625
-141.0	21
-140.0	20.5
-139.0	21.5
-138.0	13.5
-137.0	19
-136.0	24.5
-135.0	17.75
-134.0	16.5
-133.0	14.5
-132.0	21
-131.0	25
-130.0	14
-129.0	24.0625
-128.0	12
-127.0	17
-126.0	25.5
-125.0	29.9103
-124.0	19
-123.0	20.6667
-122.0	17.6667
-121.0	21.5
-120.0	19.5
-119.0	15.5
-118.0	16.0714
-117.0	18.5
-116.0	10.5625
-115.0	13.5
-114.0	24.75
-113.0	21
-112.0	23
-111.0	22.5
-110.0	16.5
-109.0	20.8333
-108.0	17.5
-107.0	10
-106.0	23
-105.0	14.0714
-104.0	21
-103.0	26.5625
-102.0	26
-101.0	18
-100.0	26.3333
 -99.0	16.25
 -98.0	15.5
 -97.0	18.5
 -96.0	26.5
 -95.0	20.5
 -94.0	21.5
 -93.0	19
 -92.0	22.5
 -91.0	22.0769
 -90.0	23.5
 -89.0	23
 -88.0	22.5
 -87.0	19.5
 -86.0	27.5
 -85.0	21
 -84.0	16.5
 -83.0	17
 -82.0	22
 -81.0	28.5
 -80.0	18.25
 -79.0	15.0714
 -78.0	26
 -77.0	22
 -76.0	23.5
 -75.0	29.5
 -74.0	12.5
 -73.0	27.5
 -72.0	12
 -71.0	25.5
 -70.0	21
 -69.0	22.5
 -68.0	24
 -67.0	20.5
 -66.0	19.3333
 -65.0	22
 -64.0	22.5625
 -63.0	15.25
 -62.0	23.5
 -61.0	18
 -60.0	24
 -59.0	17.5
 -58.0	16.5
 -57.0	23.25
 -56.0	16.5
 -55.0	29.5
 -54.0	19
 -53.0	17.5714
 -52.0	20.8333
 -51.0	19.6394
 -50.0	22
 -49.0	16.5
 -48.0	32.25
 -47.0	20.3333
 -46.0	26.5
 -45.0	29.5
 -44.0	23
 -43.0	35.5
 -42.0	25
 -41.0	18.5
 -40.0	16.5
 -39.0	22
 -38.0	19.0625
 -37.0	25
 -36.0	23.8333
 -35.0	30
 -34.0	20.0769
 -33.0	36
 -32.0	31
 -31.0	15.5
 -30.0	32
 -29.0	29
 -28.0	32
 -27.0	27.0714
 -26.0	39.3333
 -25.0	22.0625
 -24.0	29
 -23.0	31
 -22.0	32.5
 -21.0	24
 -20.0	25.5
 -19.0	24.5
 -18.0	25
 -17.0	21.5
 -16.0	23.5
 -15.0	30
 -14.0	35.1484
 -13.0	23.8333
 -12.0	26.3958
 -11.0	25.5
 -10.0	25.5
  -9.0	32.75
  -8.0	27.5
  -7.0	29.25
  -6.0	28
  -5.0	37
  -4.0	27.5
  -3.0	20
  -2.0	24
  -1.0	35.0714
   0.0	25.75
   1.0	26.3333
   2.0	31
   3.0	26.0769
   4.0	25
   5.0	37.3333
   6.0	25.3333
   7.0	35
   8.0	36.5
   9.0	25
  10.0	21.5
  11.0	19.5
  12.0	27
  13.0	31
  14.0	17.8958
  15.0	32
  16.0	25.5
  17.0	30
  18.0	41
  19.0	21
  20.0	37
  21.0	27.5
  22.0	33
  23.0	31.5
  24.0	23.5
  25.0	25.3214
  26.0	28
  27.0	30.0625
  28.0	27
  29.0	35.5
  30.0	28.5
  31.0	23.5
  32.0	29.5
  33.0	26
  34.0	33
  35.0	30.5
  36.0	27
  37.0	22.5
  38.0	27.5714
  39.0	25.5
  40.0	20.9728
  41.0	20
  42.0	24
  43.0	29.5
  44.0	24
  45.0	29.5
  46.0	21.1667
  47.0	17.5
  48.0	25.8333
  49.0	25.5
  50.0	20.5
  51.0	29.0714
  52.0	21
  53.0	22.5625
  54.0	30
  55.0	34.5
  56.0	21
  57.0	31.3269
  58.0	24
  59.0	20.5
  60.0	25.5
  61.0	22.5
  62.0	29
  63.0	19.5
  64.0	25
  65.0	30
  66.0	24.0625
  67.0	26.5
  68.0	23.3333
  69.0	27
  70.0	17.5
  71.0	19.5
  72.0	17
  73.0	24
  74.0	27.0769
  75.0	14
  76.0	19.5
  77.0	17.5714
  78.0	30
  79.0	21
  80.0	22
  81.0	21.5
  82.0	29
  83.0	15.5
  84.0	20.5
  85.0	28.5
  86.0	19.5
  87.0	19.5
  88.0	26.5
  89.0	18.5
  90.0	20
  91.0	23.5
  92.0	11.5
  93.0	21
  94.0	15.0769
  95.0	12.5
  96.0	24
  97.0	23
  98.0	16
  99.0	19
 100.0	17
 101.0	15
 102.0	22
 103.0	18.0714
 104.0	24.5
 105.0	18.5625
 106.0	14.3333
 107.0	22.3333
 108.0	23
 109.0	17.5
 110.0	14
 111.0	21.2436
 112.0	22
 113.0	19
 114.0	15.5
 115.0	22
 116.0	18
 117.0	10.3333
 118.0	21.5625
 119.0	14.5
 120.0	15.5
 121.0	25
 122.0	18
 123.0	13
 124.0	13.5
 125.0	16.5
 126.0	20
 127.0	24.5
 128.0	17.5769
 129.0	17.0714
 130.0	25
 131.0	10
 132.0	22
 133.0	19
 134.0	12.5
 135.0	20
 136.0	18.3333
 137.0	19
 138.0	18
 139.0	13.5
 140.0	12
 141.0	19
 142.0	22.0714
 143.0	23
 144.0	14.5
 145.0	18
 146.0	23.5
 147.0	25
 148.0	11.5
 149.0	17.5
 150.0	25.3333
 151.0	20.5
DB 2 MOTIF	RARG_HUMAN.H11MO.2.D
-145.0	12
-144.0	14
-143.0	20
-142.0	10
-141.0	23
-140.0	13
-139.0	16
-138.0	11.5
-137.0	20
-136.0	19
-135.0	18
-134.0	14
-133.0	20
-132.0	18
-131.0	15
-130.0	16
-129.0	10
-128.0	9
-127.0	10
-126.0	9
-125.0	19
-124.0	8
-123.0	12
-122.0	18.5
-121.0	8
-120.0	21
-119.0	20
-118.0	24
-117.0	11
-116.0	21
-115.0	26
-114.0	10
-113.0	16
-112.0	11
-111.0	16
-110.0	6
-109.0	11
-108.0	19
-107.0	9
-106.0	17
-105.0	19
-104.0	19
-103.0	20
-102.0	9
-101.0	25
-100.0	18
 -99.0	25
 -98.0	27
 -97.0	13
 -96.0	8
 -95.0	15
 -94.0	24
 -93.0	15
 -92.0	10
 -91.0	11.5
 -90.0	16
 -89.0	18
 -88.0	18
 -87.0	18
 -86.0	24
 -85.0	12
 -84.0	11
 -83.0	13
 -82.0	16
 -81.0	20
 -80.0	18
 -79.0	23
 -78.0	12
 -77.0	22
 -76.0	21
 -75.0	18
 -74.0	11
 -73.0	18
 -72.0	18
 -71.0	20
 -70.0	13
 -69.0	19
 -68.0	16
 -67.0	22
 -66.0	15
 -65.0	19
 -64.0	22
 -63.0	15
 -62.0	9
 -61.0	21
 -60.0	21
 -59.0	14
 -58.0	15
 -57.0	18
 -56.0	20
 -55.0	19
 -54.0	27
 -53.0	11
 -52.0	25
 -51.0	15
 -50.0	19
 -49.0	24
 -48.0	16
 -47.0	14
 -46.0	13
 -45.0	21
 -44.0	21
 -43.0	23
 -42.0	21.5
 -41.0	24
 -40.0	14
 -39.0	28
 -38.0	19
 -37.0	25
 -36.0	25
 -35.0	29
 -34.0	16
 -33.0	22
 -32.0	10
 -31.0	16
 -30.0	16
 -29.0	23
 -28.0	21
 -27.0	25
 -26.0	28
 -25.0	14
 -24.0	14
 -23.0	14
 -22.0	18
 -21.0	25
 -20.0	27
 -19.0	13
 -18.0	14
 -17.0	20
 -16.0	19
 -15.0	17
 -14.0	14
 -13.0	35
 -12.0	23
 -11.0	22
 -10.0	17
  -9.0	25.5
  -8.0	27
  -7.0	28
  -6.0	23
  -5.0	22
  -4.0	22
  -3.0	21
  -2.0	25
  -1.0	21
   0.0	18
   1.0	18
   2.0	21.1667
   3.0	12
   4.0	13
   5.0	17
   6.0	17
   7.0	16
   8.0	32
   9.0	28
  10.0	10
  11.0	29.1667
  12.0	22
  13.0	23
  14.0	23
  15.0	21
  16.0	23
  17.0	20
  18.0	23
  19.0	27
  20.0	15.6667
  21.0	19
  22.0	30
  23.0	17
  24.0	22
  25.0	18
  26.0	21
  27.0	19
  28.0	22
  29.0	22.1667
  30.0	19
  31.0	16
  32.0	21
  33.0	23
  34.0	17
  35.0	19
  36.0	29
  37.0	17
  38.0	12.1667
  39.0	24
  40.0	19
  41.0	23
  42.0	20
  43.0	22
  44.0	14
  45.0	21
  46.0	20
  47.0	12.1667
  48.0	16
  49.0	25
  50.0	12
  51.0	25
  52.0	22
  53.0	16
  54.0	19
  55.0	11
  56.0	18
  57.0	16
  58.0	24
  59.0	21
  60.0	13
  61.0	14
  62.0	14.5
  63.0	29
  64.0	19
  65.0	20
  66.0	17
  67.0	23
  68.0	15
  69.0	17.5
  70.0	16
  71.0	28
  72.0	18
  73.0	21
  74.0	18
  75.0	9
  76.0	12
  77.0	17
  78.0	18
  79.0	29
  80.0	17
  81.0	9
  82.0	21
  83.0	17
  84.0	23
  85.0	16
  86.0	15
  87.0	17
  88.0	16
  89.0	17
  90.0	13
  91.0	13
  92.0	19
  93.0	14
  94.0	21
  95.0	13
  96.0	33
  97.0	15
  98.0	23
  99.0	10
 100.0	13
 101.0	15
 102.0	22
 103.0	9
 104.0	16
 105.0	14
 106.0	15
 107.0	14
 108.0	14
 109.0	16
 110.0	16
 111.0	13
 112.0	12
 113.0	13
 114.0	7
 115.0	16
 116.0	15
 117.0	11
 118.0	15
 119.0	13
 120.0	20
 121.0	10
 122.0	13
 123.0	17
 124.0	12
 125.0	12
 126.0	13
 127.0	22
 128.0	17
 129.0	11
 130.0	20
 131.0	14
 132.0	12
 133.0	16
 134.0	16
 135.0	20
 136.0	18
 137.0	16
 138.0	16
 139.0	21
 140.0	12
 141.0	18
 142.0	13
 143.0	15
 144.0	17
 145.0	13
DB 2 MOTIF	RORA_HUMAN.H11MO.0.C
-148.5	14.5
-147.5	22
-146.5	20
-145.5	12
-144.5	18
-143.5	21
-142.5	15
-141.5	20
-140.5	26
-139.5	19
-138.5	18
-137.5	17
-136.5	27
-135.5	16
-134.5	22.3333
-133.5	20
-132.5	15.5
-131.5	17
-130.5	23.5
-129.5	24
-128.5	23
-127.5	24
-126.5	20
-125.5	24
-124.5	22.5
-123.5	17.5
-122.5	27.3333
-121.5	12
-120.5	28
-119.5	16
-118.5	20
-117.5	34
-116.5	20
-115.5	18
-114.5	23
-113.5	29
-112.5	16
-111.5	28
-110.5	33
-109.5	16
-108.5	24
-107.5	22
-106.5	18.5
-105.5	16
-104.5	27.5
-103.5	25
-102.5	18
-101.5	18
-100.5	28
 -99.5	22.5
 -98.5	21
 -97.5	23
 -96.5	24
 -95.5	23
 -94.5	23
 -93.5	19
 -92.5	25
 -91.5	23
 -90.5	20
 -89.5	24
 -88.5	38
 -87.5	18
 -86.5	30
 -85.5	28.5
 -84.5	19
 -83.5	31
 -82.5	22
 -81.5	33
 -80.5	32
 -79.5	15
 -78.5	23
 -77.5	23
 -76.5	25
 -75.5	27
 -74.5	26.5
 -73.5	15.3333
 -72.5	24
 -71.5	22
 -70.5	20
 -69.5	25.5
 -68.5	21
 -67.5	24
 -66.5	23.5
 -65.5	25
 -64.5	24
 -63.5	24.5
 -62.5	22.6667
 -61.5	24
 -60.5	23.5
 -59.5	24
 -58.5	30
 -57.5	24.5
 -56.5	24.5
 -55.5	25
 -54.5	29
 -53.5	30
 -52.5	33
 -51.5	30
 -50.5	29
 -49.5	27
 -48.5	26
 -47.5	17.5
 -46.5	14
 -45.5	27
 -44.5	22.5
 -43.5	22.5
 -42.5	34
 -41.5	25
 -40.5	28
 -39.5	28
 -38.5	20
 -37.5	28
 -36.5	26.8333
 -35.5	31
 -34.5	25
 -33.5	28
 -32.5	28
 -31.5	25
 -30.5	24
 -29.5	30
 -28.5	29
 -27.5	28
 -26.5	29
 -25.5	34.5
 -24.5	29
 -23.5	26
 -22.5	33
 -21.5	29
 -20.5	27
 -19.5	24
 -18.5	30
 -17.5	28.5
 -16.5	25
 -15.5	22
 -14.5	37
 -13.5	34.5
 -12.5	20
 -11.5	37.3333
 -10.5	27
  -9.5	29
  -8.5	27.3333
  -7.5	32.5
  -6.5	24.3333
  -5.5	27
  -4.5	35
  -3.5	29
  -2.5	26
  -1.5	37
  -0.5	25
   0.5	25.5
   1.5	19
   2.5	30
   3.5	29
   4.5	27.3333
   5.5	25
   6.5	37
   7.5	38
   8.5	35
   9.5	29
  10.5	24
  11.5	23
  12.5	28
  13.5	37
  14.5	21.5
  15.5	40
  16.5	32
  17.5	34.5
  18.5	29
  19.5	29
  20.5	32
  21.5	31
  22.5	33.3333
  23.5	31
  24.5	37
  25.5	39
  26.5	25
  27.5	37
  28.5	33
  29.5	33
  30.5	27
  31.5	22
  32.5	33
  33.5	25
  34.5	28
  35.5	34
  36.5	31
  37.5	26
  38.5	21
  39.5	19.3333
  40.5	26
  41.5	28
  42.5	29
  43.5	22.5
  44.5	33.5
  45.5	30.3333
  46.5	20.5
  47.5	31
  48.5	23
  49.5	32
  50.5	25
  51.5	21
  52.5	23
  53.5	22
  54.5	28
  55.5	31
  56.5	25
  57.5	25
  58.5	29
  59.5	24.5
  60.5	28.3333
  61.5	31
  62.5	22
  63.5	35
  64.5	29
  65.5	23
  66.5	26
  67.5	28
  68.5	23
  69.5	21
  70.5	22
  71.5	23
  72.5	24
  73.5	18
  74.5	31
  75.5	26
  76.5	16
  77.5	28
  78.5	26
  79.5	20
  80.5	16
  81.5	19
  82.5	25.5
  83.5	21
  84.5	32
  85.5	20
  86.5	27
  87.5	28
  88.5	19
  89.5	22
  90.5	22
  91.5	21
  92.5	16
  93.5	27
  94.5	20
  95.5	19
  96.5	29
  97.5	20
  98.5	18
  99.5	16
 100.5	24
 101.5	21
 102.5	20
 103.5	17
 104.5	16
 105.5	18
 106.5	19
 107.5	22.5
 108.5	21
 109.5	21.5
 110.5	27.3333
 111.5	17
 112.5	20
 113.5	16
 114.5	27
 115.5	17
 116.5	22.5
 117.5	24
 118.5	24.5
 119.5	21
 120.5	27
 121.5	18
 122.5	14
 123.5	22
 124.5	20
 125.5	24
 126.5	19
 127.5	14
 128.5	22
 129.5	28
 130.5	22
 131.5	23
 132.5	28
 133.5	16
 134.5	20
 135.5	18
 136.5	24.5
 137.5	22
 138.5	16
 139.5	15
 140.5	25
 141.5	20
 142.5	34
 143.5	22
 144.5	19
 145.5	26
 146.5	18.5
 147.5	13
 148.5	18
DB 2 MOTIF	RORG_HUMAN.H11MO.0.C
-149.0	15
-148.0	15
-147.0	21
-146.0	12
-145.0	20
-144.0	16
-143.0	12
-142.0	19
-141.0	16
-140.0	20
-139.0	20
-138.0	18
-137.0	16
-136.0	23
-135.0	17
-134.0	20
-133.0	25
-132.0	26
-131.0	14
-130.0	16
-129.0	22
-128.0	16
-127.0	21
-126.0	18.1429
-125.0	22
-124.0	21
-123.0	21
-122.0	23
-121.0	13
-120.0	16
-119.0	17
-118.0	19
-117.0	18
-116.0	23
-115.0	20
-114.0	23
-113.0	16
-112.0	10
-111.0	24
-110.0	24
-109.0	21
-108.0	16
-107.0	18.5
-106.0	19
-105.0	14
-104.0	22
-103.0	14
-102.0	16.3333
-101.0	23
-100.0	15
 -99.0	14
 -98.0	27
 -97.0	29.6429
 -96.0	15
 -95.0	16
 -94.0	23.5
 -93.0	23
 -92.0	17
 -91.0	21
 -90.0	23
 -89.0	18
 -88.0	27
 -87.0	19
 -86.0	21
 -85.0	15
 -84.0	19
 -83.0	19
 -82.0	20
 -81.0	13
 -80.0	17
 -79.0	20
 -78.0	24.5
 -77.0	10
 -76.0	21
 -75.0	30
 -74.0	15
 -73.0	20
 -72.0	13.5
 -71.0	15
 -70.0	18
 -69.0	25
 -68.0	14.1429
 -67.0	20
 -66.0	22
 -65.0	26
 -64.0	20.5
 -63.0	23
 -62.0	10
 -61.0	17
 -60.0	18.5
 -59.0	25
 -58.0	23
 -57.0	28
 -56.0	29
 -55.0	18
 -54.0	16.8333
 -53.0	27
 -52.0	30
 -51.0	31
 -50.0	18
 -49.0	31
 -48.0	24
 -47.0	14
 -46.0	22.5
 -45.0	23
 -44.0	13.5
 -43.0	23.5
 -42.0	16.5
 -41.0	16
 -40.0	20
 -39.0	23.1429
 -38.0	24
 -37.0	22
 -36.0	30
 -35.0	16
 -34.0	23
 -33.0	26
 -32.0	23
 -31.0	21.5
 -30.0	21
 -29.0	15
 -28.0	19.5
 -27.0	14
 -26.0	20
 -25.0	15
 -24.0	21
 -23.0	18.5
 -22.0	22.5
 -21.0	20
 -20.0	29
 -19.0	21
 -18.0	17
 -17.0	19.3333
 -16.0	19
 -15.0	22
 -14.0	25
 -13.0	28
 -12.0	23
 -11.0	27
 -10.0	28.6429
  -9.0	29
  -8.0	31
  -7.0	30
  -6.0	25.5
  -5.0	18
  -4.0	31
  -3.0	20
  -2.0	20
  -1.0	21.5
   0.0	17
   1.0	25
   2.0	26.5
   3.0	24.3333
   4.0	25
   5.0	24
   6.0	20
   7.0	24
   8.0	26
   9.0	19
  10.0	33.5
  11.0	16
  12.0	15
  13.0	28
  14.0	21.5
  15.0	13
  16.0	20
  17.0	22
  18.0	32
  19.0	31.1429
  20.0	26
  21.0	17
  22.0	22.5
  23.0	29.5
  24.0	19
  25.0	22
  26.0	22
  27.0	23
  28.0	32
  29.0	18
  30.0	25
  31.0	29
  32.0	22
  33.0	35
  34.0	16
  35.0	17
  36.0	21
  37.0	18
  38.0	26
  39.0	20.5
  40.0	28.5
  41.0	27
  42.0	31
  43.0	18.5
  44.0	12
  45.0	25
  46.0	21
  47.0	26
  48.0	19.1429
  49.0	20
  50.0	19
  51.0	20
  52.0	21
  53.0	29
  54.0	15
  55.0	18
  56.0	17
  57.0	22
  58.0	18
  59.0	22
  60.0	24.3333
  61.0	29
  62.0	16
  63.0	27
  64.0	25
  65.0	15
  66.0	27
  67.0	22
  68.0	19.3333
  69.0	26
  70.0	19
  71.0	11
  72.0	16
  73.0	20
  74.0	15
  75.0	20
  76.0	19
  77.0	19
  78.0	19
  79.0	21
  80.0	18
  81.0	16
  82.0	22
  83.0	19
  84.0	23
  85.0	21
  86.0	21
  87.0	24
  88.0	18
  89.0	17
  90.0	14
  91.0	19
  92.0	17
  93.0	22
  94.0	27
  95.0	20
  96.0	23
  97.0	21
  98.0	17
  99.0	16
 100.0	20
 101.0	16
 102.0	19
 103.0	29
 104.0	24
 105.0	31
 106.0	14
 107.0	20
 108.0	23
 109.0	16
 110.0	17
 111.0	19
 112.0	22
 113.0	21
 114.0	20
 115.0	17
 116.0	13.5
 117.0	16
 118.0	25
 119.0	19.5
 120.0	24
 121.0	19.5
 122.0	25
 123.0	23
 124.0	20
 125.0	12
 126.0	23
 127.0	14
 128.0	18
 129.0	25
 130.0	19
 131.0	18
 132.0	21
 133.0	23
 134.0	16
 135.0	22
 136.0	15.5
 137.0	20
 138.0	17
 139.0	16
 140.0	24.5
 141.0	16
 142.0	17
 143.0	19
 144.0	23.5
 145.0	20
 146.0	14
 147.0	21
 148.0	17
 149.0	16.5
DB 2 MOTIF	RUNX3_HUMAN.H11MO.0.A
-150.0	15
-149.0	17
-148.0	15
-147.0	17
-146.0	22
-145.0	17
-144.0	12
-143.0	13
-142.0	9.5
-141.0	21
-140.0	15.5
-139.0	19.5
-138.0	12
-137.0	13
-136.0	25
-135.0	16
-134.0	19
-133.0	22
-132.0	16
-131.0	14
-130.0	12
-129.0	14
-128.0	15
-127.0	16
-126.0	10
-125.0	16
-124.0	16
-123.0	16
-122.0	15
-121.0	14
-120.0	14
-119.0	18
-118.0	18
-117.0	17
-116.0	12
-115.0	25
-114.0	21
-113.0	18
-112.0	18
-111.0	24
-110.0	9
-109.0	17
-108.0	24
-107.0	15
-106.0	14
-105.0	18
-104.0	13
-103.0	18
-102.0	17
-101.0	16
-100.0	21
 -99.0	22
 -98.0	17
 -97.0	23
 -96.0	13.5
 -95.0	21
 -94.0	16
 -93.0	26
 -92.0	12.5
 -91.0	22
 -90.0	15
 -89.0	19
 -88.0	12
 -87.0	15
 -86.0	26
 -85.0	14
 -84.0	24
 -83.0	17
 -82.0	13
 -81.0	23
 -80.0	18
 -79.0	15.5
 -78.0	16
 -77.0	16.5
 -76.0	21
 -75.0	20
 -74.0	21
 -73.0	14
 -72.0	15
 -71.0	16
 -70.0	23
 -69.0	19
 -68.0	21
 -67.0	18
 -66.0	24
 -65.0	14
 -64.0	22
 -63.0	12
 -62.0	8
 -61.0	11.5
 -60.0	15
 -59.0	12.5
 -58.0	14
 -57.0	9
 -56.0	17
 -55.0	13
 -54.0	18
 -53.0	17
 -52.0	19
 -51.0	28
 -50.0	20
 -49.0	11.5
 -48.0	22
 -47.0	16
 -46.0	13
 -45.0	16
 -44.0	17
 -43.0	12
 -42.0	15
 -41.0	22
 -40.0	30
 -39.0	18
 -38.0	14
 -37.0	20
 -36.0	17
 -35.0	16
 -34.0	15
 -33.0	15
 -32.0	19
 -31.0	26
 -30.0	19
 -29.0	17.5
 -28.0	18.5
 -27.0	14
 -26.0	18
 -25.0	20.5
 -24.0	12
 -23.0	19
 -22.0	18
 -21.0	20
 -20.0	23
 -19.0	20
 -18.0	26
 -17.0	15
 -16.0	25
 -15.0	22
 -14.0	26
 -13.0	14.5
 -12.0	18
 -11.0	19
 -10.0	17
  -9.0	10
  -8.0	13
  -7.0	30
  -6.0	26
  -5.0	22
  -4.0	14
  -3.0	19
  -2.0	16
  -1.0	21
   0.0	20
   1.0	21
   2.0	10
   3.0	19
   4.0	11
   5.0	21
   6.0	14.5
   7.0	18.5
   8.0	22
   9.0	20
  10.0	22
  11.0	19
  12.0	17
  13.0	20.5
  14.0	21
  15.0	16
  16.0	19.5
  17.0	25
  18.0	27
  19.0	24
  20.0	19
  21.0	18
  22.0	24
  23.0	18
  24.0	21.3333
  25.0	14.5
  26.0	15
  27.0	15
  28.0	14
  29.0	18
  30.0	22
  31.0	29
  32.0	22
  33.0	20
  34.0	18
  35.0	21
  36.0	19.5
  37.0	22.5
  38.0	10
  39.0	15
  40.0	17
  41.0	18
  42.0	15
  43.0	21
  44.0	16
  45.0	11.5
  46.0	18
  47.0	12
  48.0	18
  49.0	18
  50.0	12
  51.0	14
  52.0	13
  53.0	12.5
  54.0	18
  55.0	22
  56.0	19
  57.0	21
  58.0	13
  59.0	20
  60.0	18.5
  61.0	15
  62.0	26
  63.0	17
  64.0	13
  65.0	20
  66.0	10
  67.0	15
  68.0	14
  69.0	15.5
  70.0	19
  71.0	13
  72.0	20
  73.0	16
  74.0	20.3333
  75.0	20
  76.0	15
  77.0	13
  78.0	15
  79.0	23
  80.0	17
  81.0	21
  82.0	15
  83.0	20
  84.0	13.5
  85.0	13
  86.0	16
  87.0	15.5
  88.0	23
  89.0	24
  90.0	13.5
  91.0	19
  92.0	24
  93.0	19.5
  94.0	16
  95.0	14
  96.0	22
  97.0	9
  98.0	19
  99.0	13
 100.0	13
 101.0	15
 102.0	13
 103.0	16
 104.0	13
 105.0	24
 106.0	19
 107.0	19
 108.0	18
 109.0	16
 110.0	17
 111.0	19
 112.0	15.5
 113.0	10
 114.0	14
 115.0	13
 116.0	13
 117.0	16
 118.0	17
 119.0	11
 120.0	20
 121.0	17
 122.0	13
 123.0	19
 124.0	14
 125.0	15
 126.0	18
 127.0	16
 128.0	23
 129.0	12.3333
 130.0	22
 131.0	22
 132.0	13
 133.0	14
 134.0	16
 135.0	21
 136.0	20
 137.0	13
 138.0	11
 139.0	12
 140.0	14
 141.0	20.5
 142.0	14
 143.0	21
 144.0	16
 145.0	13
 146.0	14
 147.0	17
 148.0	15
 149.0	14
 150.0	19.5
DB 2 MOTIF	RXRA_HUMAN.H11MO.0.A
-145.0	19
-144.0	17
-143.0	30
-142.0	17
-141.0	22
-140.0	22
-139.0	27
-138.0	26
-137.0	17
-136.0	26.3333
-135.0	28
-134.0	31
-133.0	28.5
-132.0	18
-131.0	21.5
-130.0	21
-129.0	21.5
-128.0	30
-127.0	27
-126.0	20
-125.0	24
-124.0	17
-123.0	22
-122.0	22
-121.0	23
-120.0	24
-119.0	17
-118.0	28
-117.0	30
-116.0	24
-115.0	27
-114.0	22
-113.0	28
-112.0	17
-111.0	18
-110.0	31
-109.0	28
-108.0	23
-107.0	26.3333
-106.0	23
-105.0	13
-104.0	25
-103.0	22
-102.0	28
-101.0	28
-100.0	27
 -99.0	23
 -98.0	29
 -97.0	22.5
 -96.0	25
 -95.0	15
 -94.0	19
 -93.0	21
 -92.0	23
 -91.0	30
 -90.0	26
 -89.0	27
 -88.0	26
 -87.0	22
 -86.0	27
 -85.0	37
 -84.0	23
 -83.0	27
 -82.0	26
 -81.0	25
 -80.0	19
 -79.0	24
 -78.0	26.3333
 -77.0	32
 -76.0	22
 -75.0	28
 -74.0	24
 -73.0	21
 -72.0	16
 -71.0	18
 -70.0	20
 -69.0	28
 -68.0	24
 -67.0	23
 -66.0	23
 -65.0	21
 -64.0	24
 -63.0	15
 -62.0	26
 -61.0	19
 -60.0	13
 -59.0	31.5
 -58.0	23
 -57.0	28
 -56.0	31
 -55.0	23
 -54.0	30
 -53.0	35
 -52.0	26
 -51.0	20
 -50.0	27
 -49.0	32
 -48.0	21
 -47.0	18.5
 -46.0	22
 -45.0	25
 -44.0	17
 -43.0	20
 -42.0	26
 -41.0	31
 -40.0	34
 -39.0	32
 -38.0	27
 -37.0	19
 -36.0	30
 -35.0	18
 -34.0	24
 -33.0	27
 -32.0	30
 -31.0	32
 -30.0	27
 -29.0	29
 -28.0	31
 -27.0	22
 -26.0	30
 -25.0	27
 -24.0	24
 -23.0	22
 -22.0	20
 -21.0	21
 -20.0	30.5
 -19.0	33
 -18.0	27
 -17.0	17.5
 -16.0	19
 -15.0	22
 -14.0	32
 -13.0	23
 -12.0	32
 -11.0	32.5
 -10.0	34
  -9.0	30
  -8.0	29
  -7.0	26
  -6.0	26
  -5.0	30
  -4.0	19
  -3.0	34
  -2.0	26
  -1.0	26.3333
   0.0	23
   1.0	33
   2.0	27
   3.0	32
   4.0	37
   5.0	20
   6.0	25
   7.0	22
   8.0	14
   9.0	38
  10.0	29
  11.0	38
  12.0	33
  13.0	36.5
  14.0	30
  15.0	17
  16.0	37
  17.0	30
  18.0	30.5
  19.0	37
  20.0	36
  21.0	26
  22.0	27
  23.0	26
  24.0	33
  25.0	27
  26.0	21
  27.0	28
  28.0	32
  29.0	26.5
  30.0	26
  31.0	34
  32.0	31.3333
  33.0	27
  34.0	23
  35.0	29
  36.0	23
  37.0	20
  38.0	28
  39.0	24
  40.0	25.5
  41.0	25
  42.0	29
  43.0	27
  44.0	20
  45.0	28
  46.0	34
  47.0	26
  48.0	25.5
  49.0	22
  50.0	30
  51.0	22
  52.0	28
  53.0	17
  54.0	28
  55.0	22
  56.0	34
  57.0	15
  58.0	19
  59.0	27
  60.0	28
  61.0	34
  62.0	17
  63.0	28
  64.0	25
  65.0	33.3333
  66.0	30
  67.0	22
  68.0	18
  69.0	23
  70.0	36
  71.0	33
  72.0	25
  73.0	23
  74.0	25.5
  75.0	24
  76.0	27
  77.0	22
  78.0	23.5
  79.0	19
  80.0	22
  81.0	31
  82.0	26
  83.0	25
  84.0	28
  85.0	28
  86.0	20.5
  87.0	20.5
  88.0	22
  89.0	26
  90.0	18
  91.0	16
  92.0	22.5
  93.0	31
  94.0	21
  95.0	26
  96.0	20
  97.0	30
  98.0	21
  99.0	23.5
 100.0	24
 101.0	23
 102.0	27
 103.0	20
 104.0	20
 105.0	17
 106.0	24
 107.0	22
 108.0	21
 109.0	17.5
 110.0	20
 111.0	28
 112.0	29
 113.0	22
 114.0	17
 115.0	23
 116.0	20.5
 117.0	26
 118.0	27
 119.0	11
 120.0	27
 121.0	21
 122.0	21
 123.0	27
 124.0	19
 125.0	21
 126.0	24
 127.0	15
 128.0	24
 129.0	33
 130.0	20
 131.0	19
 132.0	20
 133.0	24
 134.0	28
 135.0	23
 136.0	20
 137.0	23
 138.0	21
 139.0	24
 140.0	21
 141.0	15
 142.0	22
 143.0	19
 144.0	28
 145.0	23
DB 2 MOTIF	RXRA_HUMAN.H11MO.1.A
-150.0	19
-149.0	28.3333
-148.0	11
-147.0	13
-146.0	20
-145.0	14
-144.0	23.5
-143.0	19.5
-142.0	22
-141.0	17
-140.0	22
-139.0	15
-138.0	24
-137.0	22.5
-136.0	17
-135.0	20
-134.0	13
-133.0	14
-132.0	19.25
-131.0	19
-130.0	22
-129.0	17
-128.0	21
-127.0	20
-126.0	20
-125.0	22
-124.0	21.8333
-123.0	20.3333
-122.0	17
-121.0	16
-120.0	20
-119.0	14
-118.0	18
-117.0	22.5
-116.0	17.5
-115.0	12.1111
-114.0	22.5
-113.0	32
-112.0	31
-111.0	21
-110.0	22
-109.0	18
-108.0	13
-107.0	22.5
-106.0	16
-105.0	27
-104.0	29.5
-103.0	22.5
-102.0	17.1111
-101.0	28
-100.0	21
 -99.0	18.3333
 -98.0	19
 -97.0	15
 -96.0	20.25
 -95.0	26
 -94.0	17
 -93.0	21
 -92.0	18
 -91.0	13
 -90.0	22.5
 -89.0	29
 -88.0	30
 -87.0	24
 -86.0	22
 -85.0	23.5
 -84.0	18
 -83.0	23
 -82.0	21
 -81.0	23.5
 -80.0	28
 -79.0	24
 -78.0	23.5
 -77.0	20
 -76.0	26
 -75.0	19
 -74.0	26.3333
 -73.0	12
 -72.0	34
 -71.0	19
 -70.0	22.5
 -69.0	24
 -68.0	19.5
 -67.0	26
 -66.0	25
 -65.0	24.3333
 -64.0	15
 -63.0	30
 -62.0	27
 -61.0	31
 -60.0	24.25
 -59.0	26
 -58.0	20
 -57.0	15
 -56.0	28
 -55.0	17
 -54.0	30
 -53.0	23
 -52.0	24.3333
 -51.0	33
 -50.0	16.6111
 -49.0	34
 -48.0	24.5
 -47.0	31
 -46.0	23
 -45.0	28
 -44.0	37
 -43.0	28
 -42.0	21.5
 -41.0	26
 -40.0	20
 -39.0	28.5
 -38.0	28
 -37.0	23.4444
 -36.0	31
 -35.0	24
 -34.0	31.5
 -33.0	23
 -32.0	36
 -31.0	37
 -30.0	35
 -29.0	31.5
 -28.0	27
 -27.0	41.5
 -26.0	18.5
 -25.0	28
 -24.0	25.25
 -23.0	33
 -22.0	31
 -21.0	27
 -20.0	23
 -19.0	25
 -18.0	18
 -17.0	32
 -16.0	35.3333
 -15.0	33
 -14.0	24.5
 -13.0	33.5
 -12.0	26
 -11.0	33.1111
 -10.0	23.5
  -9.0	28.3333
  -8.0	36
  -7.0	31.3333
  -6.0	27
  -5.0	35
  -4.0	31
  -3.0	25
  -2.0	41.3333
  -1.0	31.5
   0.0	35
   1.0	34
   2.0	28.3333
   3.0	31
   4.0	34.3333
   5.0	22.5
   6.0	42
   7.0	38
   8.0	30
   9.0	35
  10.0	25.5
  11.0	29
  12.0	27
  13.0	32
  14.0	36.5
  15.0	27.6111
  16.0	30
  17.0	46.5
  18.0	31
  19.0	29
  20.0	29
  21.0	36.5
  22.0	29
  23.0	30.5
  24.0	30
  25.0	27
  26.0	26
  27.0	26
  28.0	32.6111
  29.0	25
  30.0	36.5
  31.0	37
  32.0	29
  33.0	32
  34.0	32
  35.0	29
  36.0	30
  37.0	35
  38.0	22
  39.0	30.3333
  40.0	27.5
  41.0	25.5
  42.0	23
  43.0	17
  44.0	30
  45.0	30.6667
  46.0	28
  47.0	33
  48.0	31
  49.0	22
  50.0	30.5
  51.0	26
  52.0	21.3333
  53.0	34
  54.0	31.5
  55.0	31
  56.0	27
  57.0	33
  58.0	28
  59.0	23
  60.0	22.5
  61.0	27
  62.0	20
  63.0	37
  64.0	28
  65.0	24
  66.0	30.5
  67.0	35.1111
  68.0	35
  69.0	24.8333
  70.0	22
  71.0	19
  72.0	32.5
  73.0	19
  74.0	22
  75.0	32
  76.0	10
  77.0	19
  78.0	29
  79.0	31
  80.0	24
  81.0	24
  82.0	21
  83.0	21
  84.0	25
  85.0	16
  86.0	20
  87.0	27
  88.0	18
  89.0	18
  90.0	22
  91.0	22
  92.0	23
  93.0	22
  94.0	14
  95.0	19
  96.0	18
  97.0	22.5
  98.0	20
  99.0	22
 100.0	17
 101.0	25.5
 102.0	17
 103.0	16
 104.0	16.8333
 105.0	16.5
 106.0	23.6111
 107.0	21.5
 108.0	22
 109.0	19
 110.0	18.3333
 111.0	15
 112.0	14
 113.0	22.5
 114.0	23
 115.0	20
 116.0	10
 117.0	19
 118.0	14
 119.0	14
 120.0	24
 121.0	22
 122.0	12
 123.0	15
 124.0	15
 125.0	24
 126.0	20
 127.0	16
 128.0	14
 129.0	22
 130.0	19.5
 131.0	20
 132.0	21
 133.0	10
 134.0	15
 135.0	22
 136.0	16
 137.0	21
 138.0	11
 139.0	12
 140.0	17
 141.0	21
 142.0	22
 143.0	20
 144.0	24
 145.0	15
 146.0	22.5
 147.0	16
 148.0	20
 149.0	16
 150.0	15
DB 2 MOTIF	RXRB_HUMAN.H11MO.0.C
-150.0	16
-149.0	12
-148.0	18.5
-147.0	33
-146.0	11
-145.0	18.0769
-144.0	16
-143.0	22.5
-142.0	15.5
-141.0	23.5
-140.0	14
-139.0	20
-138.0	20
-137.0	22
-136.0	23
-135.0	18.5
-134.0	17
-133.0	19
-132.0	17
-131.0	23
-130.0	21
-129.0	18
-128.0	18
-127.0	16.5
-126.0	18
-125.0	19.0769
-124.0	20.5
-123.0	18
-122.0	13
-121.0	21
-120.0	20
-119.0	18
-118.0	12
-117.0	25
-116.0	18
-115.0	19
-114.0	22
-113.0	25
-112.0	18
-111.0	27
-110.0	25
-109.0	22
-108.0	16
-107.0	18
-106.0	33
-105.0	18.5
-104.0	22
-103.0	24
-102.0	27
-101.0	22
-100.0	20.5
 -99.0	22
 -98.0	20.5
 -97.0	17.5
 -96.0	21
 -95.0	19
 -94.0	21
 -93.0	19
 -92.0	26.5
 -91.0	24.5769
 -90.0	25
 -89.0	29
 -88.0	27
 -87.0	21
 -86.0	27
 -85.0	19
 -84.0	15.5
 -83.0	14
 -82.0	13.5
 -81.0	36.5
 -80.0	23
 -79.0	25
 -78.0	25
 -77.0	26.5
 -76.0	20
 -75.0	32
 -74.0	14
 -73.0	27
 -72.0	22
 -71.0	22
 -70.0	20
 -69.0	17
 -68.0	20
 -67.0	20
 -66.0	31.3333
 -65.0	23
 -64.0	20.5
 -63.0	16
 -62.0	26
 -61.0	23
 -60.0	25
 -59.0	19
 -58.0	15
 -57.0	27.5
 -56.0	26
 -55.0	24
 -54.0	30
 -53.0	17
 -52.0	22.5
 -51.0	17.0769
 -50.0	26
 -49.0	26
 -48.0	33
 -47.0	24
 -46.0	21
 -45.0	30
 -44.0	20
 -43.0	29
 -42.0	35.5
 -41.0	14
 -40.0	23
 -39.0	22
 -38.0	24
 -37.0	28.5
 -36.0	25.3333
 -35.0	27
 -34.0	23.0769
 -33.0	42.5
 -32.0	22
 -31.0	17.5
 -30.0	33.5
 -29.0	27
 -28.0	35
 -27.0	21.5
 -26.0	33
 -25.0	26
 -24.0	31
 -23.0	30
 -22.0	34
 -21.0	23
 -20.0	24
 -19.0	25
 -18.0	26.5
 -17.0	22
 -16.0	23
 -15.0	25.5
 -14.0	27.5769
 -13.0	15.5
 -12.0	31
 -11.0	18
 -10.0	25
  -9.0	26.5
  -8.0	27
  -7.0	25
  -6.0	26
  -5.0	28
  -4.0	29.5
  -3.0	16
  -2.0	22
  -1.0	30
   0.0	26
   1.0	24.3333
   2.0	34
   3.0	30.0769
   4.0	23
   5.0	31.8333
   6.0	27
   7.0	36
   8.0	36.5
   9.0	23
  10.0	21
  11.0	19.5
  12.0	26.5
  13.0	29
  14.0	25.5
  15.0	23.5
  16.0	26
  17.0	35
  18.0	32
  19.0	22
  20.0	26
  21.0	24
  22.0	27
  23.0	25
  24.0	23
  25.0	23.5
  26.0	19.5
  27.0	32
  28.0	26
  29.0	31.5
  30.0	21
  31.0	25
  32.0	28.5
  33.0	25
  34.0	28
  35.0	33
  36.0	26
  37.0	29
  38.0	25
  39.0	26.5
  40.0	21.0769
  41.0	25.5
  42.0	18.5
  43.0	26
  44.0	24
  45.0	27.5
  46.0	21.3333
  47.0	23
  48.0	29
  49.0	25
  50.0	19
  51.0	24
  52.0	19
  53.0	29
  54.0	35
  55.0	29
  56.0	22
  57.0	27.0769
  58.0	25
  59.0	30
  60.0	19
  61.0	27
  62.0	28
  63.0	22
  64.0	32
  65.0	23
  66.0	28.5
  67.0	17
  68.0	27.3333
  69.0	34.5
  70.0	22.5
  71.0	19.5
  72.0	26
  73.0	22
  74.0	33.0769
  75.0	18
  76.0	23
  77.0	15
  78.0	21.5
  79.0	25.5
  80.0	23
  81.0	13
  82.0	27
  83.0	18
  84.0	22.5
  85.0	23
  86.0	20
  87.0	19.5
  88.0	26
  89.0	25.5
  90.0	20
  91.0	27
  92.0	13
  93.0	20
  94.0	19.0769
  95.0	15
  96.0	22
  97.0	21.5
  98.0	14
  99.0	19.5
 100.0	23.5
 101.0	25.5
 102.0	18
 103.0	15
 104.0	23
 105.0	16
 106.0	15
 107.0	25
 108.0	17.5
 109.0	22
 110.0	21
 111.0	18.0769
 112.0	21
 113.0	12
 114.0	17
 115.0	17
 116.0	17
 117.0	12
 118.0	28.5
 119.0	19
 120.0	19
 121.0	19
 122.0	17
 123.0	15
 124.0	14
 125.0	23
 126.0	18
 127.0	23
 128.0	23.5769
 129.0	17
 130.0	20
 131.0	16.5
 132.0	23.5
 133.0	22
 134.0	11.5
 135.0	16
 136.0	17
 137.0	20
 138.0	17.5
 139.0	20
 140.0	14
 141.0	21
 142.0	23
 143.0	15
 144.0	21.5
 145.0	18
 146.0	23
 147.0	24.5
 148.0	14
 149.0	21.5
 150.0	25.5
DB 2 MOTIF	RXRG_HUMAN.H11MO.0.B
-148.5	4
-147.5	3
-146.5	4
-145.5	5
-144.5	7
-143.5	4
-142.5	5
-141.5	6
-140.5	4
-139.5	8
-138.5	4
-137.5	5
-136.5	7
-135.5	4
-134.5	8
-133.5	8
-132.5	2
-131.5	8
-130.5	6
-129.5	5.5
-128.5	6
-127.5	1
-126.5	3
-125.5	3
-124.5	2
-123.5	5
-122.5	5
-121.5	4
-120.5	4
-119.5	5
-118.5	8
-117.5	6
-116.5	7
-115.5	6
-114.5	7
-113.5	5
-112.5	3
-111.5	4
-110.5	8
-109.5	8
-108.5	8
-107.5	5
-106.5	8
-105.5	3
-104.5	6
-103.5	5
-102.5	6
-101.5	4
-100.5	2
 -99.5	6
 -98.5	6
 -97.5	6
 -96.5	5
 -95.5	11
 -94.5	7
 -93.5	6
 -92.5	7
 -91.5	4
 -90.5	7
 -89.5	4
 -88.5	9
 -87.5	6
 -86.5	11
 -85.5	6
 -84.5	6
 -83.5	9
 -82.5	8
 -81.5	5
 -80.5	7
 -79.5	10
 -78.5	12
 -77.5	12
 -76.5	5
 -75.5	6
 -74.5	11
 -73.5	9
 -72.5	6
 -71.5	6
 -70.5	11
 -69.5	5
 -68.5	10
 -67.5	5
 -66.5	4
 -65.5	3
 -64.5	9
 -63.5	10
 -62.5	5
 -61.5	9
 -60.5	8
 -59.5	8
 -58.5	3
 -57.5	12
 -56.5	7
 -55.5	8
 -54.5	9
 -53.5	10
 -52.5	6
 -51.5	2
 -50.5	10.5
 -49.5	11
 -48.5	11
 -47.5	10.5
 -46.5	11
 -45.5	12
 -44.5	9
 -43.5	10
 -42.5	5
 -41.5	9
 -40.5	9
 -39.5	16
 -38.5	6
 -37.5	16
 -36.5	11
 -35.5	8
 -34.5	13
 -33.5	13
 -32.5	5
 -31.5	9
 -30.5	10
 -29.5	16
 -28.5	12
 -27.5	6
 -26.5	8
 -25.5	13
 -24.5	11
 -23.5	10
 -22.5	7
 -21.5	13
 -20.5	8
 -19.5	19
 -18.5	11
 -17.5	17
 -16.5	12
 -15.5	12
 -14.5	12
 -13.5	14
 -12.5	15
 -11.5	15
 -10.5	9
  -9.5	10
  -8.5	12.5
  -7.5	12
  -6.5	14
  -5.5	10
  -4.5	17
  -3.5	13
  -2.5	18
  -1.5	12
  -0.5	7
   0.5	9
   1.5	18
   2.5	8
   3.5	11
   4.5	13
   5.5	13
   6.5	14
   7.5	21
   8.5	16
   9.5	9
  10.5	12
  11.5	13
  12.5	7
  13.5	9
  14.5	18
  15.5	16
  16.5	7
  17.5	18
  18.5	15
  19.5	13
  20.5	10
  21.5	19
  22.5	8
  23.5	4
  24.5	13
  25.5	11
  26.5	7
  27.5	8
  28.5	18
  29.5	11
  30.5	9
  31.5	13
  32.5	6
  33.5	10
  34.5	6
  35.5	13
  36.5	11
  37.5	15
  38.5	7
  39.5	10.5
  40.5	10
  41.5	9.5
  42.5	5
  43.5	8
  44.5	4
  45.5	3
  46.5	13
  47.5	12
  48.5	12
  49.5	8
  50.5	6.5
  51.5	11
  52.5	11
  53.5	8
  54.5	4
  55.5	9
  56.5	8
  57.5	6
  58.5	6
  59.5	10
  60.5	5
  61.5	14
  62.5	16
  63.5	6
  64.5	12
  65.5	9
  66.5	9
  67.5	8
  68.5	16
  69.5	10
  70.5	11
  71.5	9
  72.5	12
  73.5	9
  74.5	8
  75.5	8
  76.5	7
  77.5	6
  78.5	9
  79.5	9
  80.5	3
  81.5	4
  82.5	8
  83.5	11
  84.5	7
  85.5	8
  86.5	6
  87.5	9
  88.5	6
  89.5	5
  90.5	5
  91.5	6
  92.5	3
  93.5	7
  94.5	6
  95.5	6
  96.5	4
  97.5	4
  98.5	6
  99.5	9
 100.5	3
 101.5	5
 102.5	4
 103.5	6
 104.5	3
 105.5	5.5
 106.5	4
 107.5	6
 108.5	3
 109.5	4
 110.5	7
 111.5	6
 112.5	4
 113.5	4
 114.5	3
 115.5	7
 116.5	4
 117.5	4
 118.5	1
 119.5	9
 120.5	1
 121.5	5
 122.5	4
 123.5	4
 124.5	1
 125.5	3
 126.5	5
 127.5	7
 128.5	4
 129.5	5
 130.5	6
 131.5	4
 132.5	6
 133.5	6
 134.5	7
 135.5	4
 136.5	4
 137.5	6
 138.5	3
 139.5	3
 140.5	6
 141.5	5
 142.5	8
 143.5	2
 144.5	4
 145.5	4
 146.5	4
 147.5	6
 148.5	6
DB 2 MOTIF	SCRT1_HUMAN.H11MO.0.D
-148.5	10
-147.5	8
-146.5	7
-145.5	17
-144.5	8
-143.5	5
-142.5	10
-141.5	5
-140.5	6
-139.5	3
-138.5	11
-137.5	10
-136.5	9
-135.5	6
-134.5	9
-133.5	7
-132.5	11
-131.5	6
-130.5	10
-129.5	5
-128.5	10
-127.5	9
-126.5	3
-125.5	7
-124.5	10
-123.5	4
-122.5	9
-121.5	8
-120.5	14
-119.5	8
-118.5	6
-117.5	8
-116.5	10
-115.5	8
-114.5	11
-113.5	5
-112.5	7
-111.5	13
-110.5	8
-109.5	4
-108.5	9
-107.5	15
-106.5	7
-105.5	10
-104.5	10
-103.5	5
-102.5	4
-101.5	9
-100.5	11
 -99.5	11
 -98.5	4
 -97.5	1
 -96.5	8
 -95.5	10
 -94.5	8
 -93.5	9
 -92.5	16
 -91.5	9
 -90.5	6
 -89.5	9
 -88.5	10
 -87.5	4
 -86.5	4
 -85.5	6
 -84.5	11
 -83.5	11
 -82.5	8
 -81.5	12
 -80.5	13
 -79.5	4
 -78.5	8
 -77.5	12
 -76.5	14
 -75.5	8
 -74.5	9
 -73.5	9
 -72.5	10
 -71.5	9
 -70.5	6
 -69.5	7
 -68.5	11
 -67.5	9
 -66.5	7
 -65.5	4
 -64.5	9
 -63.5	11
 -62.5	8
 -61.5	8
 -60.5	7
 -59.5	9
 -58.5	9
 -57.5	11
 -56.5	8.5
 -55.5	4
 -54.5	9
 -53.5	11
 -52.5	10
 -51.5	10
 -50.5	18
 -49.5	8
 -48.5	10
 -47.5	7
 -46.5	8
 -45.5	7
 -44.5	10
 -43.5	11
 -42.5	11
 -41.5	7
 -40.5	13
 -39.5	10
 -38.5	9
 -37.5	11
 -36.5	7
 -35.5	12
 -34.5	6
 -33.5	9
 -32.5	7
 -31.5	8
 -30.5	14
 -29.5	6
 -28.5	8
 -27.5	8.5
 -26.5	5
 -25.5	7
 -24.5	13
 -23.5	4
 -22.5	10
 -21.5	14
 -20.5	9
 -19.5	14
 -18.5	16
 -17.5	11
 -16.5	13
 -15.5	12
 -14.5	8
 -13.5	11
 -12.5	7
 -11.5	9
 -10.5	9
  -9.5	12
  -8.5	10
  -7.5	12
  -6.5	19.3333
  -5.5	7
  -4.5	8
  -3.5	8
  -2.5	9
  -1.5	9
  -0.5	14
   0.5	10
   1.5	6
   2.5	8
   3.5	22
   4.5	14
   5.5	9
   6.5	8
   7.5	18
   8.5	10.5
   9.5	14
  10.5	4
  11.5	5
  12.5	8
  13.5	9.5
  14.5	14
  15.5	10
  16.5	11
  17.5	20
  18.5	10
  19.5	14
  20.5	17
  21.5	9
  22.5	7
  23.5	7
  24.5	12
  25.5	10
  26.5	11.3333
  27.5	13
  28.5	8
  29.5	14
  30.5	7
  31.5	13
  32.5	10
  33.5	9
  34.5	9
  35.5	11
  36.5	7
  37.5	17
  38.5	17
  39.5	8
  40.5	10
  41.5	11
  42.5	8
  43.5	7
  44.5	14
  45.5	14
  46.5	10
  47.5	9
  48.5	14
  49.5	9
  50.5	7
  51.5	11
  52.5	10
  53.5	10
  54.5	13
  55.5	12
  56.5	5
  57.5	7
  58.5	14
  59.5	9.33333
  60.5	15
  61.5	9
  62.5	11
  63.5	11
  64.5	10
  65.5	10
  66.5	11
  67.5	9
  68.5	9
  69.5	6
  70.5	11
  71.5	8
  72.5	8
  73.5	10
  74.5	4
  75.5	11
  76.5	10
  77.5	11
  78.5	12
  79.5	12
  80.5	7
  81.5	13
  82.5	8
  83.5	5
  84.5	9
  85.5	10
  86.5	7
  87.5	7
  88.5	4
  89.5	11
  90.5	9
  91.5	9
  92.5	12
  93.5	8
  94.5	8
  95.5	14
  96.5	9
  97.5	9
  98.5	5
  99.5	10
 100.5	6
 101.5	7
 102.5	11
 103.5	8
 104.5	9
 105.5	13
 106.5	7
 107.5	8
 108.5	3
 109.5	9
 110.5	7
 111.5	12
 112.5	5.5
 113.5	3
 114.5	7
 115.5	11
 116.5	11
 117.5	11
 118.5	4
 119.5	6
 120.5	13
 121.5	6
 122.5	7
 123.5	11
 124.5	8
 125.5	11
 126.5	9
 127.5	9
 128.5	11
 129.5	13
 130.5	9
 131.5	6
 132.5	3.5
 133.5	7
 134.5	9
 135.5	15
 136.5	5
 137.5	9
 138.5	5
 139.5	7
 140.5	12
 141.5	7
 142.5	11
 143.5	8
 144.5	3
 145.5	8
 146.5	7
 147.5	6
 148.5	7
DB 2 MOTIF	SOX10_HUMAN.H11MO.0.B
-147.0	18
-146.0	16
-145.0	17
-144.0	14
-143.0	19
-142.0	12
-141.0	20
-140.0	19
-139.0	24
-138.0	12
-137.0	11
-136.0	14
-135.0	16.5
-134.0	20
-133.0	25
-132.0	20
-131.0	12.5
-130.0	13
-129.0	20
-128.0	15
-127.0	10
-126.0	15
-125.0	18
-124.0	19
-123.0	21
-122.0	17
-121.0	18
-120.0	13
-119.0	17
-118.0	23.5
-117.0	19
-116.0	11
-115.0	18
-114.0	18
-113.0	12.5
-112.0	18
-111.0	17
-110.0	24
-109.0	14
-108.0	19
-107.0	20
-106.0	20
-105.0	18
-104.0	16.3333
-103.0	15
-102.0	22
-101.0	15
-100.0	22
 -99.0	23
 -98.0	17
 -97.0	17
 -96.0	17
 -95.0	14.5
 -94.0	15
 -93.0	16.5
 -92.0	19
 -91.0	14
 -90.0	15
 -89.0	13.5
 -88.0	25
 -87.0	15
 -86.0	24
 -85.0	20
 -84.0	25
 -83.0	28
 -82.0	18
 -81.0	23
 -80.0	14
 -79.0	20.5
 -78.0	27
 -77.0	13
 -76.0	18.5
 -75.0	21.5
 -74.0	18.5
 -73.0	26
 -72.0	15
 -71.0	25.5
 -70.0	10
 -69.0	16
 -68.0	24
 -67.0	18
 -66.0	22
 -65.0	25.5
 -64.0	27
 -63.0	28.5
 -62.0	23
 -61.0	29
 -60.0	15
 -59.0	10
 -58.0	17
 -57.0	13
 -56.0	28.5
 -55.0	17
 -54.0	19
 -53.0	29
 -52.0	18
 -51.0	18
 -50.0	20
 -49.0	19
 -48.0	16
 -47.0	22
 -46.0	27
 -45.0	16
 -44.0	24
 -43.0	18
 -42.0	18
 -41.0	24
 -40.0	23
 -39.0	20
 -38.0	20
 -37.0	20
 -36.0	29.5
 -35.0	23
 -34.0	25
 -33.0	20
 -32.0	25
 -31.0	28
 -30.0	20
 -29.0	29
 -28.0	16
 -27.0	19
 -26.0	24
 -25.0	28
 -24.0	20
 -23.0	20
 -22.0	29
 -21.0	29
 -20.0	31
 -19.0	19.3333
 -18.0	23
 -17.0	22
 -16.0	21
 -15.0	15
 -14.0	11
 -13.0	13
 -12.0	14
 -11.0	24
 -10.0	19
  -9.0	23
  -8.0	11
  -7.0	16
  -6.0	22
  -5.0	22
  -4.0	16.5
  -3.0	21
  -2.0	30
  -1.0	21
   0.0	19.5
   1.0	28
   2.0	22.5
   3.0	18.5
   4.0	18
   5.0	28
   6.0	11
   7.0	21
   8.0	19
   9.0	33
  10.0	14.5
  11.0	18
  12.0	27
  13.0	21.5
  14.0	21
  15.0	12
  16.0	19
  17.0	22
  18.0	22
  19.0	18.5
  20.0	25
  21.0	25
  22.0	23
  23.0	18
  24.0	28.5
  25.0	22.5
  26.0	17
  27.0	32
  28.0	29.5
  29.0	20
  30.0	24
  31.0	20
  32.0	18
  33.0	19
  34.0	17.5
  35.0	19
  36.0	16
  37.0	28
  38.0	22
  39.0	21
  40.0	16
  41.0	26
  42.0	26
  43.0	16
  44.0	17.5
  45.0	25
  46.0	25
  47.0	17
  48.0	26
  49.0	25
  50.0	19.5
  51.0	28
  52.0	17
  53.0	17.5
  54.0	15
  55.0	17
  56.0	15.5
  57.0	22
  58.0	20
  59.0	15
  60.0	16
  61.0	20
  62.0	22
  63.0	20
  64.0	18
  65.0	16
  66.0	16.3333
  67.0	23.3333
  68.0	17
  69.0	22
  70.0	17.5
  71.0	17.5
  72.0	28
  73.0	23
  74.0	23.5
  75.0	16
  76.0	18
  77.0	19
  78.0	17
  79.0	15
  80.0	16
  81.0	19
  82.0	24
  83.0	20
  84.0	16
  85.0	21
  86.0	11
  87.0	15
  88.0	23
  89.0	21
  90.0	14
  91.0	19.5
  92.0	18
  93.0	23
  94.0	22
  95.0	14.5
  96.0	16
  97.0	22
  98.0	14.3333
  99.0	12
 100.0	19
 101.0	19
 102.0	22
 103.0	18
 104.0	23
 105.0	17
 106.0	12
 107.0	13
 108.0	16
 109.0	13
 110.0	14.5
 111.0	17
 112.0	13
 113.0	16
 114.0	19
 115.0	20
 116.0	17
 117.0	19
 118.0	17
 119.0	17
 120.0	13.5
 121.0	17
 122.0	10
 123.0	16.5
 124.0	19
 125.0	18
 126.0	14.5
 127.0	16
 128.0	22
 129.0	12.3333
 130.0	16
 131.0	18
 132.0	17
 133.0	9
 134.0	16
 135.0	17
 136.0	17
 137.0	10
 138.0	13
 139.0	27
 140.0	18
 141.0	15
 142.0	17
 143.0	16
 144.0	14
 145.0	12
 146.0	9
 147.0	13
DB 2 MOTIF	SOX13_HUMAN.H11MO.0.D
-151.0	22
-150.0	19.5
-149.0	17.5
-148.0	21.5
-147.0	21.0333
-146.0	18.5
-145.0	18.3333
-144.0	23
-143.0	13.5
-142.0	19.8333
-141.0	19
-140.0	16.3333
-139.0	22.5
-138.0	16
-137.0	23.3333
-136.0	18.5
-135.0	20.5
-134.0	21.8333
-133.0	13.5
-132.0	16.5
-131.0	20.2
-130.0	13.3333
-129.0	20.5
-128.0	16
-127.0	19.8333
-126.0	24.2
-125.0	16.3333
-124.0	18.8333
-123.0	13
-122.0	26
-121.0	18.2
-120.0	8.66667
-119.0	19.1667
-118.0	21.5
-117.0	18.5
-116.0	18.2
-115.0	21.4167
-114.0	19.5
-113.0	15.8333
-112.0	14
-111.0	16
-110.0	22.4167
-109.0	13.5
-108.0	16
-107.0	23.2
-106.0	19
-105.0	19.3333
-104.0	20.5
-103.0	22
-102.0	18.25
-101.0	18.8333
-100.0	23
 -99.0	19.25
 -98.0	15
 -97.0	20.5
 -96.0	14.2
 -95.0	22.25
 -94.0	18.75
 -93.0	25.5
 -92.0	25.5
 -91.0	21.8333
 -90.0	14
 -89.0	20.75
 -88.0	26
 -87.0	19
 -86.0	20.3333
 -85.0	13
 -84.0	16.5
 -83.0	27
 -82.0	20
 -81.0	22
 -80.0	24.8333
 -79.0	15
 -78.0	22
 -77.0	24
 -76.0	33
 -75.0	24
 -74.0	25
 -73.0	36.5
 -72.0	19
 -71.0	27
 -70.0	23.8333
 -69.0	21.75
 -68.0	28.5
 -67.0	27
 -66.0	21.5
 -65.0	20.7
 -64.0	26
 -63.0	18.3333
 -62.0	28
 -61.0	29
 -60.0	23
 -59.0	21
 -58.0	31
 -57.0	20
 -56.0	14.5
 -55.0	30
 -54.0	20
 -53.0	31.25
 -52.0	22
 -51.0	28.5
 -50.0	23
 -49.0	19.25
 -48.0	24
 -47.0	20.5
 -46.0	16.1667
 -45.0	30.25
 -44.0	26
 -43.0	19
 -42.0	25
 -41.0	25.5
 -40.0	19.5
 -39.0	27.5
 -38.0	29.5
 -37.0	19
 -36.0	31
 -35.0	25
 -34.0	26.3333
 -33.0	23
 -32.0	17
 -31.0	25.5
 -30.0	15.5
 -29.0	20.8333
 -28.0	21
 -27.0	15
 -26.0	28
 -25.0	28
 -24.0	25
 -23.0	24
 -22.0	21.75
 -21.0	24
 -20.0	21.8333
 -19.0	20
 -18.0	22
 -17.0	26.25
 -16.0	19.5
 -15.0	27.5
 -14.0	20.5
 -13.0	23
 -12.0	25.75
 -11.0	24
 -10.0	24
  -9.0	17
  -8.0	20.5
  -7.0	19.5
  -6.0	25.5
  -5.0	31.3333
  -4.0	33.7
  -3.0	24
  -2.0	25
  -1.0	27
   0.0	19
   1.0	20.5
   2.0	25
   3.0	22.5
   4.0	22.5
   5.0	23.5
   6.0	24
   7.0	21.1667
   8.0	26.5
   9.0	25
  10.0	18.7
  11.0	19
  12.0	22.5
  13.0	16
  14.0	26
  15.0	26.7
  16.0	27
  17.0	26
  18.0	25
  19.0	24.3333
  20.0	21.2
  21.0	23.8333
  22.0	27.5
  23.0	23.5
  24.0	20.5
  25.0	28.7
  26.0	20.5
  27.0	26.3333
  28.0	20.3333
  29.0	17
  30.0	19.5
  31.0	21.8333
  32.0	18
  33.0	20.7
  34.0	21.5
  35.0	29.5
  36.0	26
  37.0	27
  38.0	22.25
  39.0	19
  40.0	22
  41.0	29.5
  42.0	24
  43.0	22
  44.0	29
  45.0	22.5
  46.0	29.8333
  47.0	39.5
  48.0	19.5
  49.0	23
  50.0	23.5
  51.0	28.3333
  52.0	24.5
  53.0	26.5
  54.0	16.5
  55.0	21
  56.0	17
  57.0	19.5
  58.0	32
  59.0	21
  60.0	23
  61.0	11
  62.0	28
  63.0	17.5
  64.0	34
  65.0	12
  66.0	21.5
  67.0	20.8333
  68.0	18.25
  69.0	28
  70.0	25
  71.0	20
  72.0	9.5
  73.0	13
  74.0	20.3333
  75.0	20
  76.0	26.3333
  77.0	22.5
  78.0	14
  79.0	25.5
  80.0	19.3333
  81.0	21
  82.0	19
  83.0	26
  84.0	24.5
  85.0	27
  86.0	18
  87.0	15.5
  88.0	18
  89.0	15.5
  90.0	19.5
  91.0	28.5
  92.0	16.5
  93.0	11.5
  94.0	25.5
  95.0	18
  96.0	17.5
  97.0	22.5
  98.0	22.5
  99.0	23.2
 100.0	19.6667
 101.0	24.5
 102.0	18
 103.0	19.5
 104.0	21.7
 105.0	16.5
 106.0	14
 107.0	21.5
 108.0	16.1667
 109.0	15.2
 110.0	25.2
 111.0	13
 112.0	18
 113.0	14.5
 114.0	14.2
 115.0	19
 116.0	15.5
 117.0	13
 118.0	21
 119.0	23.7
 120.0	18.3333
 121.0	23.8333
 122.0	13
 123.0	12.5
 124.0	11
 125.0	18.5
 126.0	20
 127.0	18.25
 128.0	21.5
 129.0	15.5
 130.0	28.5
 131.0	11.75
 132.0	17.3333
 133.0	22.5
 134.0	9
 135.0	18.75
 136.0	18.5
 137.0	14.8333
 138.0	17
 139.0	12.75
 140.0	22.5
 141.0	19
 142.0	18.1667
 143.0	18
 144.0	28.8333
 145.0	23.8333
 146.0	13.8333
 147.0	18.8333
 148.0	20.5
 149.0	21
 150.0	16.8333
 151.0	20.5
DB 2 MOTIF	SOX15_HUMAN.H11MO.0.D
-151.5	14.5
-150.5	9
-149.5	15.3333
-148.5	16
-147.5	15.5
-146.5	18
-145.5	21
-144.5	12
-143.5	15.5
-142.5	14.5
-141.5	12.5
-140.5	20
-139.5	14
-138.5	22
-137.5	15.5
-136.5	14.3333
-135.5	21.3333
-134.5	18.5
-133.5	14
-132.5	18.3333
-131.5	8.5
-130.5	16.5
-129.5	7.16667
-128.5	15
-127.5	14.8333
-126.5	17
-125.5	18.5
-124.5	15.5
-123.5	11.5
-122.5	13
-121.5	12
-120.5	9.33333
-119.5	16.5
-118.5	14
-117.5	19.5
-116.5	11.1667
-115.5	17.5
-114.5	14.5
-113.5	10
-112.5	13
-111.5	16.5
-110.5	17
-109.5	15
-108.5	10
-107.5	19.5
-106.5	21
-105.5	12.5
-104.5	17
-103.5	15
-102.5	15.5
-101.5	20.3333
-100.5	13.8333
 -99.5	21
 -98.5	11
 -97.5	21.5
 -96.5	13.5
 -95.5	11.8333
 -94.5	21
 -93.5	16.8333
 -92.5	14
 -91.5	25.8333
 -90.5	18.5
 -89.5	14.3333
 -88.5	17
 -87.5	10.6667
 -86.5	23.5
 -85.5	19.5
 -84.5	11.5
 -83.5	18.5
 -82.5	14.8333
 -81.5	14.5
 -80.5	17
 -79.5	22.8333
 -78.5	21.8333
 -77.5	17
 -76.5	21.5
 -75.5	20
 -74.5	15
 -73.5	19
 -72.5	22
 -71.5	15.5
 -70.5	22
 -69.5	11
 -68.5	16
 -67.5	20
 -66.5	26.3333
 -65.5	23
 -64.5	20.5
 -63.5	17
 -62.5	15.5
 -61.5	19.5
 -60.5	13
 -59.5	14.5
 -58.5	13.8333
 -57.5	20
 -56.5	24.5
 -55.5	13.8333
 -54.5	10.5
 -53.5	16
 -52.5	17
 -51.5	23
 -50.5	10
 -49.5	20.1667
 -48.5	22.8333
 -47.5	16.5
 -46.5	23.5
 -45.5	15.6667
 -44.5	14.5
 -43.5	17.5
 -42.5	16.5
 -41.5	22.5
 -40.5	22.5
 -39.5	24.5
 -38.5	18.3333
 -37.5	14
 -36.5	23.1667
 -35.5	19
 -34.5	25.5
 -33.5	29.3333
 -32.5	17
 -31.5	20.8333
 -30.5	22.5
 -29.5	21.1667
 -28.5	23
 -27.5	19.5
 -26.5	29.1667
 -25.5	15.3333
 -24.5	21.5
 -23.5	33
 -22.5	27
 -21.5	27.3333
 -20.5	17
 -19.5	19.6667
 -18.5	19.5
 -17.5	26.5
 -16.5	14
 -15.5	19
 -14.5	27.25
 -13.5	25
 -12.5	23
 -11.5	28.5
 -10.5	25.5
  -9.5	16
  -8.5	21
  -7.5	20
  -6.5	15.5
  -5.5	23.5
  -4.5	27.3333
  -3.5	17
  -2.5	23
  -1.5	17.5
  -0.5	21.6667
   0.5	20.6667
   1.5	23
   2.5	18.3333
   3.5	22
   4.5	18.75
   5.5	18
   6.5	18
   7.5	20.5
   8.5	22
   9.5	22.6667
  10.5	19
  11.5	14
  12.5	18.5
  13.5	16.3333
  14.5	23.8333
  15.5	23.5
  16.5	18.5
  17.5	26
  18.5	17
  19.5	24.8333
  20.5	21
  21.5	26
  22.5	18.8333
  23.5	23
  24.5	31
  25.5	17
  26.5	24
  27.5	28
  28.5	24.6667
  29.5	20.8333
  30.5	24
  31.5	13
  32.5	15.5
  33.5	16.3333
  34.5	24
  35.5	23.5
  36.5	23
  37.5	16.5
  38.5	22.5
  39.5	19
  40.5	28
  41.5	32.5
  42.5	13.3333
  43.5	27
  44.5	22
  45.5	21.5
  46.5	32
  47.5	21.5
  48.5	16.1667
  49.5	17.5
  50.5	16
  51.5	24.6667
  52.5	23.5
  53.5	22
  54.5	13.5
  55.5	15.5
  56.5	15
  57.5	18.8333
  58.5	23.5
  59.5	17.5
  60.5	20.5
  61.5	15.5
  62.5	20.8333
  63.5	18
  64.5	11.5
  65.5	16
  66.5	16.5
  67.5	16.3333
  68.5	15.5
  69.5	23.5
  70.5	18
  71.5	11
  72.5	13.8333
  73.5	10.3333
  74.5	17.5
  75.5	20
  76.5	16.5
  77.5	20
  78.5	14
  79.5	9.5
  80.5	19.0833
  81.5	11.5
  82.5	15
  83.5	15
  84.5	17.8333
  85.5	14.5
  86.5	19.5
  87.5	13.8333
  88.5	21
  89.5	21.3333
  90.5	9
  91.5	12.5
  92.5	20.5
  93.5	21.3333
  94.5	19.5
  95.5	13
  96.5	12.25
  97.5	12
  98.5	21
  99.5	20.0833
 100.5	19.5
 101.5	18
 102.5	9.5
 103.5	11.5
 104.5	18.8333
 105.5	12.5
 106.5	14.5
 107.5	11.5
 108.5	15.5
 109.5	20
 110.5	16
 111.5	9
 112.5	15
 113.5	17.5
 114.5	16.8333
 115.5	15.1667
 116.5	10
 117.5	12.5833
 118.5	15.0833
 119.5	22
 120.5	15.5
 121.5	15.5
 122.5	12.5
 123.5	16
 124.5	14.3333
 125.5	11
 126.5	15.5
 127.5	17
 128.5	13.8333
 129.5	13
 130.5	14
 131.5	16.5
 132.5	8.33333
 133.5	22.75
 134.5	12.3333
 135.5	13
 136.5	11
 137.5	14.5
 138.5	15.8333
 139.5	7.5
 140.5	7
 141.5	14.5
 142.5	10.5
 143.5	19
 144.5	14
 145.5	17
 146.5	18
 147.5	15.6667
 148.5	9
 149.5	18.5
 150.5	14
 151.5	14.5
DB 2 MOTIF	SOX18_HUMAN.H11MO.0.D
-145.5	21
-144.5	11
-143.5	7
-142.5	14
-141.5	7
-140.5	14
-139.5	10
-138.5	14
-137.5	11
-136.5	9
-135.5	13
-134.5	10
-133.5	12
-132.5	11
-131.5	10
-130.5	8
-129.5	12
-128.5	11
-127.5	12
-126.5	10
-125.5	11
-124.5	11
-123.5	14
-122.5	15
-121.5	9
-120.5	15
-119.5	9
-118.5	8
-117.5	7
-116.5	9
-115.5	8
-114.5	10
-113.5	6.5
-112.5	8
-111.5	8
-110.5	9
-109.5	11
-108.5	9
-107.5	5
-106.5	13
-105.5	11
-104.5	11
-103.5	12
-102.5	8
-101.5	9
-100.5	14
 -99.5	4
 -98.5	13
 -97.5	9
 -96.5	16
 -95.5	9
 -94.5	9
 -93.5	9
 -92.5	12
 -91.5	15
 -90.5	19
 -89.5	19
 -88.5	9
 -87.5	7
 -86.5	9
 -85.5	13
 -84.5	11
 -83.5	9
 -82.5	14
 -81.5	8
 -80.5	10
 -79.5	9
 -78.5	13
 -77.5	14.5
 -76.5	7
 -75.5	13
 -74.5	10
 -73.5	14
 -72.5	8
 -71.5	13
 -70.5	13
 -69.5	11
 -68.5	10
 -67.5	16
 -66.5	11
 -65.5	8
 -64.5	10
 -63.5	15
 -62.5	14
 -61.5	12.5
 -60.5	18
 -59.5	13
 -58.5	17
 -57.5	16
 -56.5	15
 -55.5	10
 -54.5	12
 -53.5	9
 -52.5	18
 -51.5	12
 -50.5	15
 -49.5	10
 -48.5	12
 -47.5	15
 -46.5	17
 -45.5	13
 -44.5	16
 -43.5	11
 -42.5	11
 -41.5	13
 -40.5	11
 -39.5	5.5
 -38.5	20
 -37.5	13
 -36.5	17
 -35.5	15
 -34.5	17
 -33.5	14
 -32.5	11
 -31.5	12
 -30.5	15
 -29.5	14
 -28.5	12
 -27.5	19
 -26.5	13
 -25.5	12
 -24.5	18
 -23.5	15
 -22.5	12
 -21.5	16
 -20.5	15
 -19.5	20
 -18.5	11
 -17.5	15
 -16.5	21
 -15.5	11
 -14.5	18
 -13.5	14
 -12.5	14
 -11.5	15
 -10.5	11
  -9.5	8
  -8.5	14
  -7.5	18
  -6.5	14
  -5.5	18
  -4.5	15
  -3.5	21
  -2.5	11
  -1.5	17
  -0.5	16.5
   0.5	16
   1.5	21
   2.5	20
   3.5	18
   4.5	16
   5.5	20
   6.5	17
   7.5	12.5
   8.5	16
   9.5	14
  10.5	19
  11.5	11
  12.5	18
  13.5	11.5
  14.5	14
  15.5	18
  16.5	14.5
  17.5	11
  18.5	21
  19.5	16
  20.5	9
  21.5	11.3333
  22.5	17
  23.5	15
  24.5	9
  25.5	21
  26.5	21
  27.5	14
  28.5	13
  29.5	13
  30.5	10
  31.5	13
  32.5	13
  33.5	9
  34.5	19
  35.5	10
  36.5	16
  37.5	24
  38.5	11.3333
  39.5	20
  40.5	14
  41.5	16
  42.5	17
  43.5	13
  44.5	10
  45.5	18
  46.5	12
  47.5	12
  48.5	12
  49.5	12
  50.5	16
  51.5	7
  52.5	13
  53.5	14
  54.5	10
  55.5	8.33333
  56.5	19
  57.5	12
  58.5	11
  59.5	7
  60.5	14
  61.5	9
  62.5	14
  63.5	15.5
  64.5	16
  65.5	11
  66.5	9
  67.5	17
  68.5	14
  69.5	8
  70.5	7
  71.5	9
  72.5	9
  73.5	8
  74.5	10
  75.5	12
  76.5	10
  77.5	12
  78.5	13
  79.5	11
  80.5	5
  81.5	15
  82.5	6
  83.5	13
  84.5	14
  85.5	8
  86.5	8
  87.5	15
  88.5	7
  89.5	8
  90.5	16
  91.5	12
  92.5	12
  93.5	8
  94.5	7
  95.5	10
  96.5	13
  97.5	15
  98.5	13
  99.5	11
 100.5	9
 101.5	6.5
 102.5	11
 103.5	15
 104.5	14
 105.5	9
 106.5	8
 107.5	16
 108.5	14
 109.5	7
 110.5	8
 111.5	11
 112.5	15
 113.5	13
 114.5	14
 115.5	12
 116.5	9
 117.5	12
 118.5	6
 119.5	7
 120.5	16
 121.5	10
 122.5	9
 123.5	12
 124.5	5
 125.5	10
 126.5	13
 127.5	8
 128.5	11
 129.5	4
 130.5	12
 131.5	8
 132.5	8
 133.5	10
 134.5	18
 135.5	10
 136.5	7
 137.5	16
 138.5	10
 139.5	6
 140.5	6
 141.5	7
 142.5	22
 143.5	9
 144.5	12
 145.5	12
DB 2 MOTIF	SOX1_HUMAN.H11MO.0.D
-147.0	3
-146.0	2
-145.0	2
-144.0	4
-143.0	3
-142.0	3
-141.0	0
-140.0	4
-139.0	0
-138.0	2
-137.0	1
-136.0	1
-135.0	2
-134.0	1
-133.0	5
-132.0	2
-131.0	3
-130.0	2
-129.0	2
-128.0	2
-127.0	0
-126.0	3
-125.0	2
-124.0	0
-123.0	1
-122.0	4
-121.0	0
-120.0	2
-119.0	3
-118.0	2
-117.0	3
-116.0	3
-115.0	0
-114.0	2
-113.0	3
-112.0	1
-111.0	2
-110.0	4
-109.0	1
-108.0	0
-107.0	0
-106.0	4
-105.0	5
-104.0	2
-103.0	1
-102.0	0
-101.0	3
-100.0	1
 -99.0	5
 -98.0	2
 -97.0	1
 -96.0	2
 -95.0	2
 -94.0	0
 -93.0	1
 -92.0	2
 -91.0	3
 -90.0	0
 -89.0	3
 -88.0	1
 -87.0	1
 -86.0	0
 -85.0	2
 -84.0	1
 -83.0	2
 -82.0	4
 -81.0	5
 -80.0	2
 -79.0	1
 -78.0	3
 -77.0	2
 -76.0	3
 -75.0	3
 -74.0	2
 -73.0	1
 -72.0	2
 -71.0	1
 -70.0	0
 -69.0	2
 -68.0	0
 -67.0	2
 -66.0	4
 -65.0	2
 -64.0	1
 -63.0	1
 -62.0	0
 -61.0	1
 -60.0	2
 -59.0	2
 -58.0	2
 -57.0	2
 -56.0	1
 -55.0	4
 -54.0	2
 -53.0	3
 -52.0	0
 -51.0	2
 -50.0	6
 -49.0	3
 -48.0	0
 -47.0	2
 -46.0	4
 -45.0	3
 -44.0	1
 -43.0	4
 -42.0	1
 -41.0	4
 -40.0	2
 -39.0	5
 -38.0	3
 -37.0	3
 -36.0	6
 -35.0	2
 -34.0	6
 -33.0	2
 -32.0	1
 -31.0	6
 -30.0	4
 -29.0	3
 -28.0	3
 -27.0	3
 -26.0	4
 -25.0	2
 -24.0	2
 -23.0	1
 -22.0	2
 -21.0	3
 -20.0	3
 -19.0	3
 -18.0	1
 -17.0	1
 -16.0	4
 -15.0	5
 -14.0	4
 -13.0	1
 -12.0	4
 -11.0	2
 -10.0	4
  -9.0	5
  -8.0	2
  -7.0	2
  -6.0	1
  -5.0	2
  -4.0	3
  -3.0	0
  -2.0	7
  -1.0	2
   0.0	4
   1.0	3
   2.0	3
   3.0	3
   4.0	1
   5.0	5
   6.0	2
   7.0	2
   8.0	4
   9.0	3
  10.0	5
  11.0	2
  12.0	3
  13.0	5
  14.0	6
  15.0	1
  16.0	4
  17.0	2
  18.0	2
  19.0	2
  20.0	3
  21.0	1
  22.0	1
  23.0	5
  24.0	2
  25.0	5
  26.0	1
  27.0	3
  28.0	2
  29.0	1
  30.0	1
  31.0	3
  32.0	1
  33.0	2
  34.0	5
  35.0	2
  36.0	3
  37.0	1
  38.0	4
  39.0	0
  40.0	4
  41.0	4
  42.0	2
  43.0	0
  44.0	2
  45.0	1
  46.0	2
  47.0	2
  48.0	2
  49.0	5
  50.0	3
  51.0	0
  52.0	0
  53.0	0
  54.0	1
  55.0	3
  56.0	3
  57.0	2
  58.0	0
  59.0	2
  60.0	3
  61.0	1
  62.0	3
  63.0	5
  64.0	4
  65.0	0
  66.0	4
  67.0	3
  68.0	5
  69.0	2
  70.0	2
  71.0	2
  72.0	3
  73.0	1
  74.0	1
  75.0	0
  76.0	6
  77.0	3
  78.0	3
  79.0	2
  80.0	2
  81.0	1
  82.0	1
  83.0	1
  84.0	3
  85.0	2
  86.0	2
  87.0	2
  88.0	2
  89.0	1
  90.0	3
  91.0	2
  92.0	6
  93.0	2
  94.0	1
  95.0	2
  96.0	3
  97.0	4
  98.0	1
  99.0	3
 100.0	5
 101.0	5
 102.0	1
 103.0	3
 104.0	1
 105.0	3
 106.0	3
 107.0	3
 108.0	3
 109.0	2
 110.0	3
 111.0	2
 112.0	0
 113.0	1
 114.0	0
 115.0	4
 116.0	0
 117.0	2
 118.0	6
 119.0	2
 120.0	1
 121.0	2
 122.0	0
 123.0	2
 124.0	1
 125.0	1
 126.0	4
 127.0	3
 128.0	3
 129.0	2
 130.0	6
 131.0	4
 132.0	2
 133.0	1
 134.0	0
 135.0	3
 136.0	0
 137.0	2
 138.0	1
 139.0	5
 140.0	2
 141.0	2
 142.0	2
 143.0	1
 144.0	5
 145.0	0
 146.0	2
 147.0	1
DB 2 MOTIF	SOX3_HUMAN.H11MO.0.B
-149.5	14
-148.5	22.5
-147.5	26
-146.5	22.2
-145.5	31
-144.5	16
-143.5	25
-142.5	18
-141.5	18
-140.5	21.5
-139.5	20
-138.5	24
-137.5	24
-136.5	19
-135.5	17
-134.5	25.5
-133.5	17
-132.5	21
-131.5	12
-130.5	18
-129.5	18
-128.5	17
-127.5	24
-126.5	17
-125.5	21
-124.5	23
-123.5	17.1429
-122.5	19
-121.5	18
-120.5	12
-119.5	17.3333
-118.5	10
-117.5	9
-116.5	20
-115.5	21.5
-114.5	22
-113.5	24.3333
-112.5	16.3333
-111.5	17
-110.5	17.5
-109.5	19
-108.5	24
-107.5	19
-106.5	13.2
-105.5	28
-104.5	17
-103.5	28
-102.5	25.5
-101.5	25
-100.5	30
 -99.5	19.5
 -98.5	23
 -97.5	26
 -96.5	21
 -95.5	20
 -94.5	24.1429
 -93.5	22
 -92.5	26.5
 -91.5	26
 -90.5	20
 -89.5	17.5
 -88.5	21
 -87.5	24
 -86.5	21
 -85.5	24
 -84.5	23
 -83.5	29.3333
 -82.5	21
 -81.5	20
 -80.5	21
 -79.5	24
 -78.5	20.5
 -77.5	22
 -76.5	20
 -75.5	29
 -74.5	22
 -73.5	19.3333
 -72.5	28
 -71.5	27
 -70.5	13
 -69.5	18
 -68.5	27.5
 -67.5	17.5
 -66.5	14
 -65.5	25.1429
 -64.5	31.7
 -63.5	25
 -62.5	20.5
 -61.5	14
 -60.5	27
 -59.5	21
 -58.5	21.5
 -57.5	30
 -56.5	29
 -55.5	24
 -54.5	24
 -53.5	32.5
 -52.5	17
 -51.5	20
 -50.5	16
 -49.5	20
 -48.5	27
 -47.5	22
 -46.5	23.3333
 -45.5	23
 -44.5	19
 -43.5	19
 -42.5	29
 -41.5	27
 -40.5	19
 -39.5	26
 -38.5	27.5
 -37.5	23
 -36.5	26.1429
 -35.5	27
 -34.5	17.3333
 -33.5	26
 -32.5	20
 -31.5	21
 -30.5	15
 -29.5	25.3333
 -28.5	18
 -27.5	18
 -26.5	24
 -25.5	27
 -24.5	20
 -23.5	25
 -22.5	21.5
 -21.5	24
 -20.5	24
 -19.5	19
 -18.5	18
 -17.5	25
 -16.5	24
 -15.5	24
 -14.5	24
 -13.5	16
 -12.5	20.5
 -11.5	23
 -10.5	18
  -9.5	12
  -8.5	11
  -7.5	16.1429
  -6.5	20
  -5.5	30
  -4.5	25
  -3.5	15.2
  -2.5	26
  -1.5	21
  -0.5	24
   0.5	17
   1.5	14
   2.5	8
   3.5	21
   4.5	22
   5.5	18
   6.5	21
   7.5	22
   8.5	26
   9.5	21.5
  10.5	14
  11.5	25
  12.5	23
  13.5	21.5
  14.5	17
  15.5	21
  16.5	20
  17.5	27
  18.5	23
  19.5	22
  20.5	26.3333
  21.5	14.1429
  22.5	19
  23.5	24
  24.5	25
  25.5	21
  26.5	16
  27.5	18
  28.5	13
  29.5	19
  30.5	22.5
  31.5	17
  32.5	22
  33.5	21
  34.5	26
  35.5	17.5
  36.5	18.5
  37.5	20
  38.5	25
  39.5	13
  40.5	30
  41.5	26.5
  42.5	24
  43.5	29
  44.5	14
  45.5	32
  46.5	31
  47.5	30
  48.5	26
  49.5	9
  50.5	24.1429
  51.5	20
  52.5	25
  53.5	22
  54.5	23
  55.5	24
  56.5	19
  57.5	21
  58.5	30.5
  59.5	34
  60.5	24
  61.5	22
  62.5	27
  63.5	24
  64.5	25
  65.5	21
  66.5	15
  67.5	21
  68.5	26
  69.5	25
  70.5	17.5
  71.5	15
  72.5	17
  73.5	16
  74.5	15
  75.5	26
  76.5	20
  77.5	26
  78.5	26
  79.5	15
  80.5	26
  81.5	13
  82.5	26
  83.5	19
  84.5	22
  85.5	24
  86.5	23
  87.5	19
  88.5	23
  89.5	23
  90.5	21
  91.5	22
  92.5	18
  93.5	26
  94.5	27
  95.5	16
  96.5	20
  97.5	16
  98.5	25
  99.5	26.5
 100.5	31
 101.5	19
 102.5	13
 103.5	20
 104.5	22.5
 105.5	23
 106.5	20.5
 107.5	19.5
 108.5	22.5
 109.5	19
 110.5	15.2
 111.5	21.5
 112.5	19
 113.5	14
 114.5	21
 115.5	21
 116.5	21
 117.5	15
 118.5	24
 119.5	17
 120.5	17
 121.5	17
 122.5	15.5
 123.5	22
 124.5	13
 125.5	23
 126.5	8
 127.5	17.5
 128.5	20
 129.5	19
 130.5	20
 131.5	15
 132.5	16.5
 133.5	17
 134.5	16
 135.5	23.3333
 136.5	17
 137.5	14.5
 138.5	23
 139.5	15
 140.5	17
 141.5	24.8333
 142.5	8.5
 143.5	28
 144.5	19
 145.5	22
 146.5	16.5
 147.5	18.3333
 148.5	17.5
 149.5	22.5
DB 2 MOTIF	SOX5_HUMAN.H11MO.0.C
-151.0	23
-150.0	22.5
-149.0	20.5
-148.0	22.5
-147.0	20.0333
-146.0	25.5
-145.0	20.3333
-144.0	16.2
-143.0	13
-142.0	18.8333
-141.0	26
-140.0	15.3333
-139.0	23
-138.0	22.5
-137.0	23.3333
-136.0	20
-135.0	18.5
-134.0	21.3333
-133.0	14.5
-132.0	16.5
-131.0	20.7
-130.0	17
-129.0	20
-128.0	18
-127.0	18.5
-126.0	19.2
-125.0	11.3333
-124.0	19.3333
-123.0	19.5
-122.0	27
-121.0	22.7
-120.0	11.8333
-119.0	18.1667
-118.0	19
-117.0	20.5
-116.0	18.2
-115.0	23.4167
-114.0	19
-113.0	15.8333
-112.0	21
-111.0	23.5
-110.0	18.9167
-109.0	17.5
-108.0	20.2
-107.0	18.5333
-106.0	15.5
-105.0	18.3333
-104.0	17
-103.0	19
-102.0	17.25
-101.0	22.3333
-100.0	27.5
 -99.0	19.5833
 -98.0	24.5
 -97.0	20
 -96.0	19.2
 -95.0	19.25
 -94.0	9.75
 -93.0	17
 -92.0	22.5
 -91.0	30
 -90.0	9
 -89.0	21.25
 -88.0	16
 -87.0	20.5
 -86.0	19.8333
 -85.0	15.3333
 -84.0	22
 -83.0	18.5
 -82.0	17
 -81.0	24.5
 -80.0	20
 -79.0	21
 -78.0	24.5
 -77.0	24
 -76.0	19
 -75.0	23
 -74.0	19.5
 -73.0	28.5
 -72.0	18.2
 -71.0	20
 -70.0	29.1667
 -69.0	27.0833
 -68.0	26
 -67.0	24.3333
 -66.0	22.8333
 -65.0	21.2
 -64.0	22.5
 -63.0	15.1667
 -62.0	28
 -61.0	32
 -60.0	22
 -59.0	21.3333
 -58.0	22
 -57.0	16
 -56.0	21
 -55.0	25.5
 -54.0	23.5
 -53.0	29.75
 -52.0	22.5
 -51.0	23.5
 -50.0	21
 -49.0	25.75
 -48.0	18
 -47.0	24
 -46.0	23.6667
 -45.0	22.75
 -44.0	22
 -43.0	23.5
 -42.0	21.5
 -41.0	30
 -40.0	12.5
 -39.0	22.5
 -38.0	31
 -37.0	28.5
 -36.0	30.7
 -35.0	19
 -34.0	25
 -33.0	13
 -32.0	20
 -31.0	28
 -30.0	23.5
 -29.0	22
 -28.0	21.5
 -27.0	21
 -26.0	15.5
 -25.0	29.5
 -24.0	31.5
 -23.0	27
 -22.0	18.8333
 -21.0	29.25
 -20.0	24.5
 -19.0	19
 -18.0	23
 -17.0	21.8333
 -16.0	27
 -15.0	28.5
 -14.0	21.3333
 -13.0	25.5
 -12.0	26.8333
 -11.0	19
 -10.0	22
  -9.0	19.5
  -8.0	20.5
  -7.0	16
  -6.0	15
  -5.0	18
  -4.0	28.7
  -3.0	28
  -2.0	29
  -1.0	26
   0.0	11.7
   1.0	23
   2.0	18.5
   3.0	25
   4.0	32
   5.0	26
   6.0	27
   7.0	20.5
   8.0	25.5
   9.0	29
  10.0	25.2
  11.0	23
  12.0	26
  13.0	19.5
  14.0	23
  15.0	31.7
  16.0	23
  17.0	19.5
  18.0	27
  19.0	26.5
  20.0	19.7
  21.0	26.8333
  22.0	24.5
  23.0	27.8333
  24.0	33.5
  25.0	28.2
  26.0	25.5
  27.0	28.5
  28.0	23.8333
  29.0	19.5
  30.0	19.5
  31.0	20.5
  32.0	18
  33.0	23.0333
  34.0	21.75
  35.0	28.5
  36.0	33
  37.0	24
  38.0	21.5
  39.0	24
  40.0	22.5
  41.0	21
  42.0	21
  43.0	27
  44.0	19
  45.0	26.5
  46.0	26
  47.0	35
  48.0	16.5
  49.0	23.75
  50.0	20.5
  51.0	26
  52.0	16
  53.0	29
  54.0	21
  55.0	27
  56.0	27
  57.0	24
  58.0	26.5
  59.0	16.5
  60.0	21
  61.0	13.5
  62.0	19
  63.0	12.5
  64.0	28
  65.0	18.5
  66.0	17
  67.0	25.6667
  68.0	22.75
  69.0	26
  70.0	20.8333
  71.0	22.8333
  72.0	15
  73.0	13
  74.0	19.3333
  75.0	26
  76.0	22.3333
  77.0	19
  78.0	18
  79.0	17.5
  80.0	28.3333
  81.0	21
  82.0	25.5
  83.0	20.5
  84.0	24.5
  85.0	26
  86.0	21.5
  87.0	27
  88.0	19
  89.0	24.5
  90.0	20
  91.0	33
  92.0	20
  93.0	15
  94.0	26
  95.0	13
  96.0	16.8333
  97.0	21
  98.0	20.5
  99.0	22.7
 100.0	17
 101.0	19.5
 102.0	18.5
 103.0	28.5
 104.0	19.0333
 105.0	18
 106.0	17.25
 107.0	17.5
 108.0	20
 109.0	17.7
 110.0	16.2
 111.0	20.25
 112.0	20.5
 113.0	8
 114.0	16.7
 115.0	15.3333
 116.0	19.0833
 117.0	18
 118.0	18.8333
 119.0	21.45
 120.0	22
 121.0	20.3333
 122.0	15
 123.0	18.5
 124.0	15.5
 125.0	17.3333
 126.0	24.8333
 127.0	15
 128.0	17.5833
 129.0	22.5
 130.0	25
 131.0	18.6667
 132.0	18
 133.0	17.3333
 134.0	16.5
 135.0	15.5
 136.0	18
 137.0	13.3333
 138.0	26
 139.0	11.8333
 140.0	24.5
 141.0	12.5
 142.0	18.8333
 143.0	16
 144.0	24.8333
 145.0	28.8333
 146.0	14
 147.0	17.8333
 148.0	19.5
 149.0	17.3333
 150.0	24.5
 151.0	20.5
DB 2 MOTIF	SOX9_HUMAN.H11MO.0.B
-147.0	12
-146.0	14
-145.0	18.5
-144.0	17
-143.0	15
-142.0	19
-141.0	9
-140.0	14
-139.0	19
-138.0	14
-137.0	14
-136.0	19
-135.0	12
-134.0	21
-133.0	15
-132.0	17
-131.0	14
-130.0	11
-129.0	16
-128.0	11
-127.0	17
-126.0	22
-125.0	7
-124.0	20
-123.0	9
-122.0	11
-121.0	12
-120.0	10
-119.0	19
-118.0	9.5
-117.0	16
-116.0	18
-115.0	20
-114.0	15
-113.0	14
-112.0	13
-111.0	12
-110.0	16
-109.0	20
-108.0	19
-107.0	15
-106.0	19
-105.0	19
-104.0	11
-103.0	13.3333
-102.0	10
-101.0	22
-100.0	18
 -99.0	19
 -98.0	15.5
 -97.0	20
 -96.0	12
 -95.0	11
 -94.0	13.5
 -93.0	15
 -92.0	17
 -91.0	14
 -90.0	13
 -89.0	19
 -88.0	22
 -87.0	24
 -86.0	13
 -85.0	17
 -84.0	16
 -83.0	17
 -82.0	17
 -81.0	12
 -80.0	12
 -79.0	20
 -78.0	20
 -77.0	15
 -76.0	16
 -75.0	16
 -74.0	18
 -73.0	11
 -72.0	28
 -71.0	12
 -70.0	21
 -69.0	24
 -68.0	14
 -67.0	14
 -66.0	22
 -65.0	18
 -64.0	17
 -63.0	23
 -62.0	23
 -61.0	17
 -60.0	16
 -59.0	20
 -58.0	13
 -57.0	22
 -56.0	22
 -55.0	15
 -54.0	23
 -53.0	13.5
 -52.0	24
 -51.0	22
 -50.0	27
 -49.0	21
 -48.0	19
 -47.0	9
 -46.0	15
 -45.0	18
 -44.0	22
 -43.0	19
 -42.0	21
 -41.0	16
 -40.0	27
 -39.0	24
 -38.0	22
 -37.0	12
 -36.0	20
 -35.0	27
 -34.0	16
 -33.0	17
 -32.0	21
 -31.0	22
 -30.0	24
 -29.0	18.5
 -28.0	25
 -27.0	22
 -26.0	23
 -25.0	21
 -24.0	25
 -23.0	26
 -22.0	24
 -21.0	34
 -20.0	26
 -19.0	25
 -18.0	18.3333
 -17.0	21.5
 -16.0	22
 -15.0	21
 -14.0	19
 -13.0	15
 -12.0	24
 -11.0	20
 -10.0	21
  -9.0	18
  -8.0	25
  -7.0	10
  -6.0	13
  -5.0	18
  -4.0	21.5
  -3.0	27
  -2.0	22
  -1.0	25
   0.0	22
   1.0	15
   2.0	18
   3.0	21
   4.0	26
   5.0	15
   6.0	17
   7.0	15
   8.0	32
   9.0	20
  10.0	23
  11.0	21.5
  12.0	22
  13.0	21
  14.0	15
  15.0	12
  16.0	19.5
  17.0	17
  18.0	20
  19.0	13
  20.0	24
  21.0	18
  22.0	22
  23.0	20.5
  24.0	25.5
  25.0	22.5
  26.0	20
  27.0	27
  28.0	28.5
  29.0	24.5
  30.0	15
  31.0	18
  32.0	21
  33.0	15
  34.0	17
  35.0	13
  36.0	18
  37.0	23
  38.0	20
  39.0	20
  40.0	27
  41.0	13
  42.0	20
  43.0	25
  44.0	20
  45.0	24
  46.0	26
  47.0	21
  48.0	23
  49.0	25
  50.0	24
  51.0	24
  52.0	22
  53.0	13
  54.0	21
  55.0	18.5
  56.0	16
  57.0	20
  58.0	20
  59.0	25
  60.0	15
  61.0	18
  62.0	23
  63.0	13
  64.0	16
  65.0	22
  66.0	28
  67.0	17.3333
  68.0	21
  69.0	21
  70.0	15
  71.0	22
  72.0	28
  73.0	18
  74.0	15
  75.0	26
  76.0	15
  77.0	20
  78.0	11
  79.0	19
  80.0	19
  81.0	18
  82.0	22.5
  83.0	15
  84.0	21
  85.0	21
  86.0	19
  87.0	16
  88.0	14
  89.0	11
  90.0	20
  91.0	15
  92.0	17
  93.0	13
  94.0	15
  95.0	10
  96.0	12
  97.0	22
  98.0	15
  99.0	12
 100.0	16
 101.0	19
 102.0	11
 103.0	10
 104.0	18
 105.0	11
 106.0	20
 107.0	16
 108.0	15
 109.0	9
 110.0	15
 111.0	18
 112.0	14
 113.0	14
 114.0	11
 115.0	18
 116.0	21
 117.0	17
 118.0	14
 119.0	13
 120.0	22
 121.0	12
 122.0	15
 123.0	12
 124.0	13
 125.0	9
 126.0	15
 127.0	12
 128.0	9
 129.0	19
 130.0	10
 131.0	16
 132.0	12
 133.0	16
 134.0	15
 135.0	12.5
 136.0	10
 137.0	10
 138.0	21
 139.0	17
 140.0	9
 141.0	10
 142.0	14
 143.0	19
 144.0	15
 145.0	8
 146.0	13
 147.0	14
DB 2 MOTIF	SOX9_HUMAN.H11MO.1.B
-150.5	18.5
-149.5	22.5
-148.5	18.5
-147.5	20.5
-146.5	20.2
-145.5	27.5
-144.5	17.5
-143.5	22
-142.5	17.3333
-141.5	22
-140.5	21
-139.5	20
-138.5	22.3333
-137.5	27.3333
-136.5	19
-135.5	20
-134.5	20.3333
-133.5	24.8333
-132.5	24
-131.5	22
-130.5	13.5
-129.5	18.3333
-128.5	14.5
-127.5	23
-126.5	23
-125.5	22.6667
-124.5	24
-123.5	21
-122.5	22.5
-121.5	25.8333
-120.5	20
-119.5	18
-118.5	23
-117.5	23.3333
-116.5	14
-115.5	16.3333
-114.5	23
-113.5	22
-112.5	10.3333
-111.5	21
-110.5	18.3333
-109.5	21.5
-108.5	23
-107.5	30
-106.5	24.2
-105.5	21.3333
-104.5	19.5
-103.5	18.5
-102.5	24
-101.5	22
-100.5	33
 -99.5	21.5
 -98.5	28
 -97.5	23
 -96.5	17
 -95.5	22
 -94.5	24
 -93.5	28
 -92.5	29
 -91.5	25.5
 -90.5	30
 -89.5	20.5
 -88.5	22.5
 -87.5	26
 -86.5	20.8333
 -85.5	18.5
 -84.5	24
 -83.5	27.5
 -82.5	27.8333
 -81.5	28
 -80.5	21
 -79.5	23
 -78.5	22
 -77.5	25
 -76.5	30
 -75.5	30
 -74.5	34
 -73.5	32.3333
 -72.5	30.5
 -71.5	24
 -70.5	18.3333
 -69.5	27.5
 -68.5	30.5
 -67.5	21.5
 -66.5	27.1667
 -65.5	30.5
 -64.5	34.7
 -63.5	20
 -62.5	26.3333
 -61.5	26
 -60.5	24
 -59.5	19.5
 -58.5	27.5
 -57.5	24.5
 -56.5	26
 -55.5	25
 -54.5	28
 -53.5	27.5
 -52.5	25.5
 -51.5	26
 -50.5	27.5
 -49.5	20.5
 -48.5	26
 -47.5	27.5
 -46.5	24
 -45.5	25
 -44.5	21.5
 -43.5	23.5
 -42.5	35.5
 -41.5	36
 -40.5	26
 -39.5	32
 -38.5	28.8333
 -37.5	25
 -36.5	35
 -35.5	30
 -34.5	27.8333
 -33.5	35
 -32.5	32.5
 -31.5	21
 -30.5	25
 -29.5	24
 -28.5	19
 -27.5	24
 -26.5	24
 -25.5	32
 -24.5	27.5
 -23.5	35
 -22.5	27.5
 -21.5	16.5
 -20.5	28.5
 -19.5	17
 -18.5	31
 -17.5	23.5
 -16.5	30.5
 -15.5	28.5
 -14.5	25.3333
 -13.5	34.5
 -12.5	27.5
 -11.5	35.5
 -10.5	24
  -9.5	20.5
  -8.5	28.5
  -7.5	28.5
  -6.5	27.5
  -5.5	31.5
  -4.5	34
  -3.5	33.2
  -2.5	29.5
  -1.5	30.5
  -0.5	27.5
   0.5	23.5
   1.5	25
   2.5	19.5
   3.5	24
   4.5	25.5
   5.5	21
   6.5	24
   7.5	28
   8.5	27.5
   9.5	30.5
  10.5	25.5
  11.5	27
  12.5	21
  13.5	24
  14.5	28
  15.5	27.5
  16.5	31
  17.5	33
  18.5	25
  19.5	29.5
  20.5	39
  21.5	18.5
  22.5	37.5
  23.5	31.5
  24.5	25
  25.5	34.75
  26.5	21.5
  27.5	23.5
  28.5	24.5
  29.5	25.25
  30.5	22.5
  31.5	23.5
  32.5	15
  33.5	27.75
  34.5	34.5
  35.5	31.5
  36.5	28.5
  37.5	23
  38.5	29
  39.5	27.5
  40.5	24
  41.5	26.5
  42.5	36
  43.5	35.5833
  44.5	25
  45.5	22.5
  46.5	40
  47.5	30.5
  48.5	30
  49.5	20
  50.5	33.5
  51.5	29
  52.5	30
  53.5	29
  54.5	24.5
  55.5	28.5
  56.5	15
  57.5	32
  58.5	32.5
  59.5	28.5
  60.5	22
  61.5	29
  62.5	29
  63.5	26.5
  64.5	27.5
  65.5	23
  66.5	17
  67.5	29
  68.5	29
  69.5	27
  70.5	16
  71.5	7
  72.5	22.5
  73.5	14.5
  74.5	22.5
  75.5	32.5
  76.5	21
  77.5	27
  78.5	24.5
  79.5	21.5
  80.5	22
  81.5	21.5
  82.5	23
  83.5	20
  84.5	22
  85.5	25.5
  86.5	21
  87.5	23.8333
  88.5	21
  89.5	27.5
  90.5	20
  91.5	26.3333
  92.5	28
  93.5	24.5
  94.5	21
  95.5	15
  96.5	27.25
  97.5	24
  98.5	30
  99.5	18.3333
 100.5	25.25
 101.5	18.5
 102.5	19
 103.5	26
 104.5	19.0833
 105.5	28
 106.5	23.5
 107.5	20
 108.5	18.5833
 109.5	20
 110.5	24.2
 111.5	28
 112.5	23.8333
 113.5	10
 114.5	23
 115.5	25.5
 116.5	19
 117.5	20.8333
 118.5	31
 119.5	23
 120.5	26.5
 121.5	13
 122.5	17.5
 123.5	25
 124.5	26
 125.5	19.5
 126.5	16.25
 127.5	20
 128.5	21
 129.5	20
 130.5	18.25
 131.5	23
 132.5	20.5
 133.5	23
 134.5	21.25
 135.5	23.8333
 136.5	13
 137.5	18
 138.5	23.25
 139.5	26.3333
 140.5	13.5
 141.5	27.5
 142.5	10
 143.5	21.3333
 144.5	18
 145.5	17
 146.5	16.5
 147.5	18.3333
 148.5	19
 149.5	19
 150.5	14
DB 2 MOTIF	SRY_HUMAN.H11MO.0.B
-150.5	25.0556
-149.5	23.3889
-148.5	26.2222
-147.5	21.0556
-146.5	32.7222
-145.5	20.5556
-144.5	16.5556
-143.5	14.2222
-142.5	21.3889
-141.5	21.0556
-140.5	21.3889
-139.5	29.5556
-138.5	24.8889
-137.5	28.2222
-136.5	19.2222
-135.5	23.3889
-134.5	18.2222
-133.5	20.2222
-132.5	18.8333
-131.5	19.2
-130.5	21.1667
-129.5	26.5
-128.5	25.5
-127.5	18
-126.5	19.2
-125.5	18.3333
-124.5	21
-123.5	22.5
-122.5	16.75
-121.5	18.2
-120.5	18.3333
-119.5	19.8333
-118.5	21.125
-117.5	24.125
-116.5	22.575
-115.5	15.4583
-114.5	24.0179
-113.5	12.9345
-112.5	20.2262
-111.5	20.8429
-110.5	20.9012
-109.5	18.3179
-108.5	27.0679
-107.5	15.675
-106.5	18.725
-105.5	20.975
-104.5	24.4056
-103.5	20.1556
-102.5	24.4889
-101.5	29.4056
-100.5	27.0556
 -99.5	27
 -98.5	16.3333
 -97.5	20.5833
 -96.5	22.2
 -95.5	24
 -94.5	19.25
 -93.5	16.3333
 -92.5	18.8333
 -91.5	20.5
 -90.5	21.5
 -89.5	20
 -88.5	23
 -87.5	26
 -86.5	18.3333
 -85.5	16.5
 -84.5	19.5
 -83.5	19
 -82.5	28.5
 -81.5	22.4583
 -80.5	31.125
 -79.5	26.125
 -78.5	16.125
 -77.5	28.625
 -76.5	22.625
 -75.5	23.7917
 -74.5	17.8333
 -73.5	26.1667
 -72.5	18.1667
 -71.5	17.3667
 -70.5	22.8667
 -69.5	21.2
 -68.5	21.7
 -67.5	29.2
 -66.5	23
 -65.5	19
 -64.5	15
 -63.5	30.5
 -62.5	23.5
 -61.5	30
 -60.5	23.5
 -59.5	27.5
 -58.5	23.5
 -57.5	21.5
 -56.5	25
 -55.5	31.5
 -54.5	27.5
 -53.5	14
 -52.5	34.5
 -51.5	30.1429
 -50.5	24.1429
 -49.5	20.6429
 -48.5	22.1429
 -47.5	17.6429
 -46.5	17.3095
 -45.5	17.4762
 -44.5	26
 -43.5	26.75
 -42.5	12.25
 -41.5	27.25
 -40.5	22.25
 -39.5	21.5
 -38.5	22.5
 -37.5	25
 -36.5	24
 -35.5	26
 -34.5	28
 -33.5	29.5
 -32.5	12
 -31.5	33.5
 -30.5	27.5
 -29.5	22.5
 -28.5	20
 -27.5	27.1667
 -26.5	22.5
 -25.5	22
 -24.5	32.5
 -23.5	27
 -22.5	24
 -21.5	22.8333
 -20.5	24.5
 -19.5	19
 -18.5	18.25
 -17.5	16
 -16.5	30.3333
 -15.5	24
 -14.5	27.5
 -13.5	14.5
 -12.5	24
 -11.5	26.9583
 -10.5	28
  -9.5	16
  -8.5	21
  -7.5	18.5
  -6.5	23.5
  -5.5	17.5
  -4.5	30.5
  -3.5	35
  -2.5	17
  -1.5	27.5
  -0.5	18.25
   0.5	13.75
   1.5	19
   2.5	27.5
   3.5	28.5
   4.5	19
   5.5	22
   6.5	20.5
   7.5	26
   8.5	19.5
   9.5	28.2
  10.5	26.3333
  11.5	22.5
  12.5	27
  13.5	18.5
  14.5	19.2
  15.5	23
  16.5	13.25
  17.5	13.75
  18.5	24.25
  19.5	30.45
  20.5	17
  21.5	19.3333
  22.5	29
  23.5	20.5
  24.5	23.2
  25.5	19
  26.5	27.3333
  27.5	24.1667
  28.5	25.8333
  29.5	26.5
  30.5	18
  31.5	20
  32.5	19.2
  33.5	28
  34.5	22.5
  35.5	34
  36.5	26
  37.5	29.1667
  38.5	28.5
  39.5	22.6667
  40.5	18.1667
  41.5	26.1667
  42.5	27.2576
  43.5	20.0909
  44.5	34.0909
  45.5	40.0909
  46.5	34.5909
  47.5	33.5909
  48.5	14.5909
  49.5	28.0909
  50.5	25.7576
  51.5	19.0909
  52.5	25.5909
  53.5	24
  54.5	24
  55.5	27
  56.5	28.5
  57.5	16.3333
  58.5	30
  59.5	15
  60.5	23
  61.5	18.5
  62.5	14.8333
  63.5	23
  64.5	31.75
  65.5	18.5
  66.5	25
  67.5	17.8333
  68.5	25
  69.5	31
  70.5	34
  71.5	26
  72.5	12
  73.5	19.5
  74.5	16
  75.5	24
  76.5	25
  77.5	16
  78.5	24
  79.5	27
  80.5	26
  81.5	24.5
  82.5	16.8333
  83.5	20.3333
  84.5	32.3889
  85.5	23.0556
  86.5	14.0556
  87.5	18.2222
  88.5	22.7222
  89.5	27.7222
  90.5	24.2222
  91.5	24.2222
  92.5	17.2222
  93.5	22.5556
  94.5	19.8056
  95.5	31.4722
  96.5	22.0556
  97.5	26
  98.5	20
  99.5	27.2
 100.5	25
 101.5	21
 102.5	15
 103.5	24.8333
 104.5	32.2
 105.5	21.5
 106.5	21.5
 107.5	18
 108.5	15.8333
 109.5	20.2
 110.5	17.5
 111.5	26
 112.5	19
 113.5	25.5
 114.5	19.2
 115.5	12.3333
 116.5	16.8333
 117.5	15
 118.5	11
 119.5	24.95
 120.5	19.25
 121.5	22.75
 122.5	19.25
 123.5	11
 124.5	20
 125.5	20.5
 126.5	17.1667
 127.5	18.3333
 128.5	14.5
 129.5	23
 130.5	16.4167
 131.5	22.3333
 132.5	19
 133.5	19.6667
 134.5	19.6667
 135.5	21.4167
 136.5	14.9167
 137.5	21.3333
 138.5	20
 139.5	30.5
 140.5	18
 141.5	18.8333
 142.5	16.75
 143.5	17.5
 144.5	20.5
 145.5	25.5
 146.5	26
 147.5	17
 148.5	18.25
 149.5	22
 150.5	27.5
DB 2 MOTIF	STF1_HUMAN.H11MO.0.B
-149.5	24
-148.5	27
-147.5	20.5
-146.5	24
-145.5	20
-144.5	22.25
-143.5	16.5
-142.5	13
-141.5	20
-140.5	19
-139.5	27
-138.5	20
-137.5	14
-136.5	24.5
-135.5	12
-134.5	22
-133.5	16.5
-132.5	27.2
-131.5	18
-130.5	17
-129.5	26
-128.5	21.5
-127.5	24.5
-126.5	18
-125.5	26.5
-124.5	24.25
-123.5	23
-122.5	23
-121.5	13
-120.5	19
-119.5	19
-118.5	19
-117.5	11
-116.5	18
-115.5	17
-114.5	21.2
-113.5	15
-112.5	17
-111.5	23
-110.5	22
-109.5	18.5
-108.5	18
-107.5	21
-106.5	23
-105.5	18.25
-104.5	14
-103.5	20
-102.5	32.5
-101.5	32
-100.5	16
 -99.5	23
 -98.5	23
 -97.5	15
 -96.5	22.2
 -95.5	25
 -94.5	24
 -93.5	22
 -92.5	13
 -91.5	23
 -90.5	19
 -89.5	24
 -88.5	23
 -87.5	25.5
 -86.5	15
 -85.5	21
 -84.5	11
 -83.5	23.5
 -82.5	16
 -81.5	11
 -80.5	26
 -79.5	21
 -78.5	22
 -77.5	18
 -76.5	18
 -75.5	22
 -74.5	21
 -73.5	19
 -72.5	22
 -71.5	26.3333
 -70.5	20
 -69.5	26
 -68.5	18.5
 -67.5	29
 -66.5	15.25
 -65.5	25
 -64.5	24
 -63.5	19
 -62.5	22
 -61.5	26.5
 -60.5	21
 -59.5	27
 -58.5	22
 -57.5	18
 -56.5	23.5
 -55.5	24
 -54.5	22.3333
 -53.5	20
 -52.5	22
 -51.5	23
 -50.5	21
 -49.5	21
 -48.5	17
 -47.5	19
 -46.5	25
 -45.5	36.25
 -44.5	25
 -43.5	23.5
 -42.5	19.5
 -41.5	19
 -40.5	29
 -39.5	21
 -38.5	25
 -37.5	32
 -36.5	32
 -35.5	28
 -34.5	27.5
 -33.5	29
 -32.5	26
 -31.5	31
 -30.5	24.5
 -29.5	21
 -28.5	28
 -27.5	19.25
 -26.5	22
 -25.5	26
 -24.5	24.2
 -23.5	26
 -22.5	32
 -21.5	20.5
 -20.5	33
 -19.5	19
 -18.5	30
 -17.5	29.5
 -16.5	16
 -15.5	23
 -14.5	36
 -13.5	21
 -12.5	29
 -11.5	22.8333
 -10.5	26
  -9.5	20.5
  -8.5	22
  -7.5	22
  -6.5	28.2
  -5.5	31
  -4.5	18.8333
  -3.5	26.5
  -2.5	29
  -1.5	22
  -0.5	23
   0.5	21.5
   1.5	22.5
   2.5	19.3333
   3.5	32
   4.5	26
   5.5	30
   6.5	21
   7.5	28
   8.5	22
   9.5	25
  10.5	30
  11.5	32.5
  12.5	17.5
  13.5	22
  14.5	20
  15.5	22.5
  16.5	28
  17.5	21
  18.5	33.5
  19.5	19.5
  20.5	39
  21.5	25.5
  22.5	27
  23.5	34
  24.5	19.5
  25.5	31
  26.5	26
  27.5	25
  28.5	26
  29.5	24
  30.5	22
  31.5	30
  32.5	27
  33.5	26
  34.5	22
  35.5	25
  36.5	16
  37.5	26.25
  38.5	26
  39.5	17
  40.5	22
  41.5	26
  42.5	30.3333
  43.5	26
  44.5	29
  45.5	22
  46.5	27
  47.5	32
  48.5	24
  49.5	17
  50.5	27
  51.5	24
  52.5	40
  53.5	22
  54.5	22
  55.5	28
  56.5	26
  57.5	25.5
  58.5	26.5
  59.5	14.6667
  60.5	15
  61.5	30.5
  62.5	26.3333
  63.5	24.3333
  64.5	20
  65.5	30
  66.5	27
  67.5	30
  68.5	13
  69.5	23
  70.5	25
  71.5	19
  72.5	19.5
  73.5	29.5
  74.5	17.5
  75.5	18
  76.5	25
  77.5	16.5
  78.5	22.5
  79.5	21
  80.5	25.5
  81.5	16.5
  82.5	21
  83.5	13
  84.5	19
  85.5	31
  86.5	24
  87.5	23
  88.5	14
  89.5	21
  90.5	11
  91.5	27
  92.5	19
  93.5	20
  94.5	31.3333
  95.5	22
  96.5	10
  97.5	19
  98.5	23
  99.5	16
 100.5	15.5
 101.5	31
 102.5	18
 103.5	17.5
 104.5	21
 105.5	21
 106.5	16.5
 107.5	15
 108.5	15.25
 109.5	21
 110.5	11.5
 111.5	20
 112.5	15
 113.5	28
 114.5	16
 115.5	23
 116.5	15
 117.5	15
 118.5	20
 119.5	21
 120.5	18
 121.5	19
 122.5	19.5
 123.5	19
 124.5	29
 125.5	16.3333
 126.5	20
 127.5	22
 128.5	15
 129.5	17
 130.5	22
 131.5	17
 132.5	18
 133.5	19
 134.5	21
 135.5	14
 136.5	18
 137.5	17
 138.5	18
 139.5	25
 140.5	14
 141.5	17
 142.5	16
 143.5	23
 144.5	25
 145.5	18
 146.5	19
 147.5	14
 148.5	20
 149.5	12
DB 2 MOTIF	TAL1_HUMAN.H11MO.0.A
-145.5	7
-144.5	6
-143.5	10
-142.5	13
-141.5	9
-140.5	10
-139.5	8
-138.5	9
-137.5	8
-136.5	18
-135.5	10
-134.5	16
-133.5	9
-132.5	12
-131.5	13
-130.5	10
-129.5	6
-128.5	9
-127.5	10.5
-126.5	6
-125.5	15
-124.5	12
-123.5	13.5
-122.5	8
-121.5	11
-120.5	16
-119.5	6
-118.5	9.5
-117.5	6
-116.5	12.5
-115.5	15
-114.5	7
-113.5	17
-112.5	11
-111.5	12
-110.5	9
-109.5	7
-108.5	9
-107.5	10
-106.5	8
-105.5	12
-104.5	16
-103.5	9
-102.5	5
-101.5	6
-100.5	12
 -99.5	9
 -98.5	7
 -97.5	11
 -96.5	16
 -95.5	5
 -94.5	14
 -93.5	13
 -92.5	7
 -91.5	14
 -90.5	6
 -89.5	11
 -88.5	11.5
 -87.5	5
 -86.5	14
 -85.5	21
 -84.5	12
 -83.5	9
 -82.5	13
 -81.5	8
 -80.5	5
 -79.5	8
 -78.5	10
 -77.5	11
 -76.5	15
 -75.5	20
 -74.5	11
 -73.5	18
 -72.5	9
 -71.5	10
 -70.5	13
 -69.5	17
 -68.5	15
 -67.5	18
 -66.5	5
 -65.5	15
 -64.5	13
 -63.5	10
 -62.5	12
 -61.5	5
 -60.5	8
 -59.5	9
 -58.5	12
 -57.5	24.5
 -56.5	13
 -55.5	13
 -54.5	12
 -53.5	10
 -52.5	14
 -51.5	10
 -50.5	11
 -49.5	10
 -48.5	15
 -47.5	14
 -46.5	8
 -45.5	6
 -44.5	10
 -43.5	11
 -42.5	11
 -41.5	12
 -40.5	14
 -39.5	16
 -38.5	15
 -37.5	12.5
 -36.5	17
 -35.5	16
 -34.5	14
 -33.5	14
 -32.5	16
 -31.5	19
 -30.5	7
 -29.5	16
 -28.5	11
 -27.5	16
 -26.5	9
 -25.5	12
 -24.5	10
 -23.5	20
 -22.5	16
 -21.5	13
 -20.5	13
 -19.5	13
 -18.5	19
 -17.5	12
 -16.5	10
 -15.5	12
 -14.5	20
 -13.5	13
 -12.5	12
 -11.5	15
 -10.5	10
  -9.5	14
  -8.5	11
  -7.5	12
  -6.5	13
  -5.5	8
  -4.5	7
  -3.5	10
  -2.5	14
  -1.5	11
  -0.5	12.5
   0.5	13
   1.5	18
   2.5	14
   3.5	15
   4.5	13
   5.5	14
   6.5	17
   7.5	19
   8.5	14
   9.5	24
  10.5	11
  11.5	8
  12.5	15
  13.5	10
  14.5	11
  15.5	9
  16.5	9
  17.5	16
  18.5	15
  19.5	8
  20.5	10
  21.5	12
  22.5	12
  23.5	15
  24.5	13
  25.5	13
  26.5	15
  27.5	13
  28.5	22
  29.5	8
  30.5	18
  31.5	18
  32.5	15
  33.5	15
  34.5	13
  35.5	18
  36.5	8
  37.5	19
  38.5	8
  39.5	10
  40.5	14
  41.5	16
  42.5	8
  43.5	12.5
  44.5	14
  45.5	11
  46.5	13.5
  47.5	20
  48.5	14
  49.5	11
  50.5	11
  51.5	8
  52.5	14
  53.5	15
  54.5	10
  55.5	17
  56.5	16
  57.5	9
  58.5	18
  59.5	10
  60.5	13
  61.5	14
  62.5	14
  63.5	13
  64.5	14
  65.5	15
  66.5	13
  67.5	9
  68.5	12
  69.5	10
  70.5	14
  71.5	10
  72.5	11
  73.5	4
  74.5	14
  75.5	15.5
  76.5	21
  77.5	7
  78.5	14
  79.5	11
  80.5	6
  81.5	5
  82.5	10
  83.5	10
  84.5	14
  85.5	11
  86.5	20
  87.5	12
  88.5	11
  89.5	11
  90.5	16
  91.5	17
  92.5	12
  93.5	8
  94.5	11
  95.5	10
  96.5	10
  97.5	13
  98.5	12
  99.5	10
 100.5	9
 101.5	6
 102.5	11
 103.5	10
 104.5	14
 105.5	11
 106.5	10
 107.5	13
 108.5	13.5
 109.5	10
 110.5	10
 111.5	13
 112.5	14
 113.5	8
 114.5	13
 115.5	13
 116.5	3
 117.5	9
 118.5	10
 119.5	11
 120.5	10
 121.5	12
 122.5	6
 123.5	9
 124.5	13
 125.5	10
 126.5	14
 127.5	11
 128.5	7
 129.5	7
 130.5	11
 131.5	9
 132.5	7
 133.5	13
 134.5	17
 135.5	6
 136.5	6
 137.5	12
 138.5	12
 139.5	10
 140.5	7.5
 141.5	8
 142.5	8
 143.5	8
 144.5	11
 145.5	12.5
DB 2 MOTIF	TBX20_HUMAN.H11MO.0.D
-148.0	18
-147.0	10
-146.0	19
-145.0	17
-144.0	20
-143.0	12
-142.0	17
-141.0	27
-140.0	15
-139.0	21.5
-138.0	18
-137.0	20
-136.0	7
-135.0	26
-134.0	15
-133.0	21
-132.0	20
-131.0	17
-130.0	22
-129.0	20
-128.0	16
-127.0	12
-126.0	19
-125.0	26
-124.0	18
-123.0	16.5
-122.0	15
-121.0	19
-120.0	25
-119.0	17
-118.0	21
-117.0	24
-116.0	19
-115.0	18.5
-114.0	19.5
-113.0	18
-112.0	23.5
-111.0	15
-110.0	20
-109.0	16
-108.0	22.5
-107.0	12
-106.0	15
-105.0	25
-104.0	10
-103.0	17
-102.0	14
-101.0	24
-100.0	14
 -99.0	13
 -98.0	16
 -97.0	18
 -96.0	20
 -95.0	23
 -94.0	20
 -93.0	16
 -92.0	22
 -91.0	19
 -90.0	14
 -89.0	25
 -88.0	23
 -87.0	23
 -86.0	14
 -85.0	26
 -84.0	27
 -83.0	29
 -82.0	21
 -81.0	15
 -80.0	17
 -79.0	17
 -78.0	12
 -77.0	23.3333
 -76.0	15
 -75.0	20
 -74.0	19
 -73.0	12
 -72.0	18
 -71.0	23
 -70.0	28.5
 -69.0	20
 -68.0	15
 -67.0	24
 -66.0	16
 -65.0	16
 -64.0	23
 -63.0	16
 -62.0	18.5
 -61.0	15
 -60.0	21
 -59.0	17
 -58.0	22
 -57.0	23
 -56.0	23
 -55.0	20
 -54.0	24
 -53.0	22
 -52.0	21
 -51.0	20
 -50.0	16
 -49.0	24
 -48.0	18
 -47.0	20
 -46.0	25
 -45.0	22
 -44.0	19
 -43.0	24
 -42.0	26
 -41.0	23
 -40.0	16
 -39.0	22
 -38.0	25
 -37.0	29
 -36.0	16
 -35.0	24
 -34.0	19
 -33.0	24
 -32.0	14
 -31.0	21
 -30.0	22
 -29.0	18
 -28.0	18
 -27.0	14
 -26.0	23
 -25.0	22
 -24.0	22.5
 -23.0	20
 -22.0	24
 -21.0	22
 -20.0	22.5
 -19.0	24
 -18.0	19.3333
 -17.0	25
 -16.0	21
 -15.0	21
 -14.0	25
 -13.0	19.5
 -12.0	24
 -11.0	15
 -10.0	30
  -9.0	23.5
  -8.0	17
  -7.0	15
  -6.0	13
  -5.0	26
  -4.0	21
  -3.0	25.5
  -2.0	14
  -1.0	21
   0.0	24
   1.0	21
   2.0	23
   3.0	17
   4.0	25
   5.0	15
   6.0	17
   7.0	28
   8.0	23.3333
   9.0	26
  10.0	24.5
  11.0	27
  12.0	19
  13.0	22
  14.0	29
  15.0	28
  16.0	16
  17.0	25
  18.0	14
  19.0	19
  20.0	19
  21.0	30
  22.0	16
  23.0	22.5
  24.0	26
  25.0	27
  26.0	22
  27.0	14
  28.0	23
  29.0	28
  30.0	20
  31.0	19
  32.0	15
  33.0	22
  34.0	17
  35.0	13.5
  36.0	25
  37.0	24
  38.0	30
  39.0	20
  40.0	19
  41.0	27
  42.0	15
  43.0	17
  44.0	22
  45.0	10
  46.0	28
  47.0	16.3333
  48.0	24.5
  49.0	27
  50.0	21.5
  51.0	19
  52.0	21
  53.0	9
  54.0	14
  55.0	17
  56.0	15
  57.0	25.5
  58.0	22
  59.0	16
  60.0	17.5
  61.0	18
  62.0	22
  63.0	17
  64.0	16
  65.0	15
  66.0	17
  67.0	25
  68.0	22
  69.0	20
  70.0	24
  71.0	14
  72.0	16
  73.0	19
  74.0	23
  75.0	22
  76.0	12
  77.0	28.5
  78.0	25
  79.0	14
  80.0	15
  81.0	18
  82.0	19
  83.0	16
  84.0	29
  85.0	17
  86.0	18
  87.0	18.5
  88.0	33
  89.0	21
  90.0	19
  91.0	17.5
  92.0	15
  93.0	15.3333
  94.0	18
  95.0	17
  96.0	11
  97.0	13
  98.0	23
  99.0	14.5
 100.0	20
 101.0	19
 102.0	15
 103.0	16
 104.0	17
 105.0	18
 106.0	22
 107.0	18
 108.0	17
 109.0	13
 110.0	20
 111.0	16
 112.0	25
 113.0	19
 114.0	18.3333
 115.0	30
 116.0	21
 117.0	26
 118.0	19
 119.0	24
 120.0	12
 121.0	15
 122.0	24
 123.0	16
 124.0	26
 125.0	22
 126.0	17
 127.0	16
 128.0	13
 129.0	13.5
 130.0	21
 131.0	17
 132.0	19
 133.0	16
 134.0	22
 135.0	14
 136.0	16
 137.0	15
 138.0	13
 139.0	18
 140.0	16
 141.0	15
 142.0	11
 143.0	13
 144.0	21
 145.0	11
 146.0	11
 147.0	18.5
 148.0	19
DB 2 MOTIF	TCF7_HUMAN.H11MO.0.A
-147.0	19
-146.0	29
-145.0	25.5
-144.0	28
-143.0	13
-142.0	18
-141.0	17
-140.0	21
-139.0	20
-138.0	23
-137.0	26
-136.0	19
-135.0	14.5
-134.0	25
-133.0	19
-132.0	17.3333
-131.0	18
-130.0	16
-129.0	26
-128.0	15
-127.0	17
-126.0	19
-125.0	22
-124.0	19
-123.0	23
-122.0	21
-121.0	24
-120.0	25
-119.0	22
-118.0	15
-117.0	23
-116.0	17
-115.0	20
-114.0	14
-113.0	19
-112.0	29
-111.0	18
-110.0	21
-109.0	23
-108.0	26
-107.0	23
-106.0	19
-105.0	22
-104.0	22
-103.0	20
-102.0	14
-101.0	15
-100.0	11
 -99.0	26
 -98.0	17
 -97.0	34.5
 -96.0	25
 -95.0	19
 -94.0	22
 -93.0	14
 -92.0	20
 -91.0	19
 -90.0	37.5
 -89.0	23
 -88.0	13
 -87.0	23
 -86.0	13
 -85.0	12
 -84.0	21.5
 -83.0	23
 -82.0	20
 -81.0	17
 -80.0	27
 -79.0	30.5
 -78.0	23
 -77.0	15
 -76.0	24
 -75.0	20.3333
 -74.0	35
 -73.0	26
 -72.0	21
 -71.0	22
 -70.0	16
 -69.0	27
 -68.0	20
 -67.0	21
 -66.0	21
 -65.0	15
 -64.0	29.5
 -63.0	22
 -62.0	12.3333
 -61.0	20
 -60.0	18
 -59.0	19.5
 -58.0	23
 -57.0	35
 -56.0	25
 -55.0	29
 -54.0	25.5
 -53.0	28
 -52.0	25
 -51.0	28
 -50.0	18
 -49.0	21
 -48.0	24
 -47.0	24
 -46.0	24
 -45.0	22
 -44.0	24
 -43.0	26
 -42.0	21.5
 -41.0	29
 -40.0	26
 -39.0	24
 -38.0	26
 -37.0	23
 -36.0	26
 -35.0	15
 -34.0	25
 -33.0	30
 -32.0	17
 -31.0	17
 -30.0	22.5
 -29.0	29.5
 -28.0	25
 -27.0	25
 -26.0	31
 -25.0	29.5
 -24.0	22
 -23.0	25
 -22.0	21
 -21.0	37
 -20.0	26
 -19.0	35
 -18.0	33
 -17.0	23
 -16.0	32
 -15.0	33
 -14.0	18
 -13.0	27
 -12.0	28
 -11.0	26
 -10.0	19
  -9.0	29
  -8.0	26
  -7.0	34
  -6.0	29
  -5.0	30
  -4.0	26
  -3.0	28.3333
  -2.0	23
  -1.0	20
   0.0	23
   1.0	28
   2.0	37
   3.0	21
   4.0	23
   5.0	28
   6.0	29
   7.0	28.5
   8.0	13
   9.0	23
  10.0	25
  11.0	25
  12.0	20
  13.0	28.5
  14.0	34
  15.0	25
  16.0	25
  17.0	27
  18.0	22
  19.0	36.5
  20.0	27
  21.0	29
  22.0	24
  23.0	25
  24.0	19
  25.0	35
  26.0	32
  27.0	26
  28.0	28
  29.0	20
  30.0	21.8333
  31.0	26
  32.0	18
  33.0	25
  34.0	25
  35.0	26
  36.0	25
  37.0	34.5
  38.0	29
  39.0	17
  40.0	27
  41.0	25
  42.0	25.5
  43.0	26
  44.0	19
  45.0	26
  46.0	23.5
  47.0	24
  48.0	13
  49.0	26
  50.0	19.3333
  51.0	26.5
  52.0	29
  53.0	27
  54.0	32
  55.0	30
  56.0	30
  57.0	19.5
  58.0	25
  59.0	25
  60.0	24.5
  61.0	23.5
  62.0	21
  63.0	28.3333
  64.0	27
  65.0	28
  66.0	24
  67.0	10
  68.0	31
  69.0	22
  70.0	25
  71.0	17.5
  72.0	18
  73.0	24
  74.0	26
  75.0	17
  76.0	26.5
  77.0	24
  78.0	29.5
  79.0	21
  80.0	16
  81.0	29
  82.0	21
  83.0	23
  84.0	26
  85.0	18
  86.0	21
  87.0	16
  88.0	15
  89.0	21
  90.0	17
  91.0	27
  92.0	21
  93.0	15
  94.0	21.3333
  95.0	22
  96.0	14.5
  97.0	25
  98.0	25
  99.0	23
 100.0	23
 101.0	16
 102.0	23
 103.0	22
 104.0	23
 105.0	16.3333
 106.0	20
 107.0	26
 108.0	18
 109.0	21
 110.0	14.3333
 111.0	20
 112.0	24
 113.0	22
 114.0	29
 115.0	26.3333
 116.0	16.3333
 117.0	18
 118.0	13
 119.0	16
 120.0	24.5
 121.0	19
 122.0	18
 123.0	22
 124.0	16
 125.0	19
 126.0	28
 127.0	28
 128.0	9
 129.0	17
 130.0	17
 131.0	25
 132.0	15
 133.0	23
 134.0	22
 135.0	17
 136.0	21
 137.0	17
 138.0	22
 139.0	16
 140.0	18
 141.0	11
 142.0	18
 143.0	24.5
 144.0	35
 145.0	12
 146.0	21
 147.0	19
DB 2 MOTIF	TEF_HUMAN.H11MO.0.D
-148.0	9
-147.0	11
-146.0	12
-145.0	17
-144.0	18
-143.0	14
-142.0	16
-141.0	15
-140.0	15
-139.0	16
-138.0	21
-137.0	21
-136.0	15.5
-135.0	15
-134.0	12
-133.0	21
-132.0	12
-131.0	11.5
-130.0	19
-129.0	13
-128.0	17
-127.0	10
-126.0	15
-125.0	13
-124.0	8
-123.0	21
-122.0	7
-121.0	14
-120.0	11
-119.0	18
-118.0	14
-117.0	10
-116.0	12
-115.0	12
-114.0	16
-113.0	14
-112.0	11
-111.0	13
-110.0	12
-109.0	15
-108.0	13.5
-107.0	15
-106.0	19
-105.0	17
-104.0	20
-103.0	11
-102.0	14
-101.0	13.25
-100.0	17
 -99.0	17
 -98.0	22
 -97.0	18
 -96.0	13
 -95.0	17
 -94.0	17
 -93.0	20
 -92.0	16
 -91.0	13
 -90.0	13
 -89.0	14
 -88.0	16
 -87.0	20
 -86.0	9
 -85.0	10
 -84.0	11
 -83.0	15
 -82.0	16.5
 -81.0	15
 -80.0	16
 -79.0	17
 -78.0	20
 -77.0	20
 -76.0	12
 -75.0	15
 -74.0	19
 -73.0	18
 -72.0	17
 -71.0	17
 -70.0	16
 -69.0	15
 -68.0	19
 -67.0	14
 -66.0	19
 -65.0	14
 -64.0	20
 -63.0	18
 -62.0	20.3333
 -61.0	7
 -60.0	23.5
 -59.0	19
 -58.0	14
 -57.0	22
 -56.0	16
 -55.0	18
 -54.0	20.5
 -53.0	16
 -52.0	14
 -51.0	10.5
 -50.0	13
 -49.0	22
 -48.0	11
 -47.0	14
 -46.0	25
 -45.0	22
 -44.0	18
 -43.0	18.5
 -42.0	17
 -41.0	12.5
 -40.0	17
 -39.0	15
 -38.0	17
 -37.0	19.5
 -36.0	17
 -35.0	16
 -34.0	20
 -33.0	12
 -32.0	26
 -31.0	23
 -30.0	19
 -29.0	14
 -28.0	15
 -27.0	19
 -26.0	15.5
 -25.0	20
 -24.0	13
 -23.0	20
 -22.0	17.25
 -21.0	15
 -20.0	17.5
 -19.0	18
 -18.0	27.3333
 -17.0	16.5
 -16.0	27
 -15.0	16
 -14.0	18.5
 -13.0	21.5
 -12.0	15
 -11.0	16.3333
 -10.0	19
  -9.0	21
  -8.0	19.5
  -7.0	15
  -6.0	18
  -5.0	13
  -4.0	14
  -3.0	15
  -2.0	23
  -1.0	21
   0.0	20
   1.0	17
   2.0	22
   3.0	17
   4.0	21
   5.0	24.5
   6.0	12
   7.0	18
   8.0	23
   9.0	22
  10.0	15
  11.0	24
  12.0	31
  13.0	18
  14.0	16
  15.0	16
  16.0	9
  17.0	16
  18.0	26
  19.0	18
  20.0	13
  21.0	20
  22.0	15
  23.0	18.3333
  24.0	20
  25.0	19
  26.0	13
  27.0	26
  28.0	21
  29.0	22
  30.0	15.5
  31.0	18.5
  32.0	14
  33.0	16
  34.0	24
  35.0	33
  36.0	29
  37.0	10
  38.0	23
  39.0	23
  40.0	16.5
  41.0	27
  42.0	18
  43.0	15
  44.0	14
  45.0	14
  46.0	19
  47.0	28.3333
  48.0	24
  49.0	13
  50.0	18
  51.0	14
  52.0	11
  53.0	18
  54.0	13
  55.0	26
  56.0	13
  57.0	23
  58.0	18
  59.0	11.5
  60.0	14
  61.0	15.25
  62.0	10
  63.0	14
  64.0	15
  65.0	18
  66.0	15
  67.0	17
  68.0	17
  69.0	11
  70.0	11.5
  71.0	9
  72.0	23
  73.0	12
  74.0	21
  75.0	20
  76.0	21
  77.0	17
  78.0	21
  79.0	15
  80.0	8
  81.0	10
  82.0	20
  83.0	10
  84.0	15
  85.0	21
  86.0	19
  87.0	13
  88.0	15
  89.0	16
  90.0	18
  91.0	18
  92.0	14
  93.0	17
  94.0	20.5
  95.0	15
  96.0	20
  97.0	24
  98.0	21
  99.0	13
 100.0	16
 101.0	9
 102.0	15
 103.0	17.5
 104.0	14
 105.0	14
 106.0	10
 107.0	14
 108.0	17
 109.0	16
 110.0	20
 111.0	9
 112.0	15
 113.0	15
 114.0	16.3333
 115.0	15
 116.0	16
 117.0	13
 118.0	20
 119.0	13
 120.0	14
 121.0	12
 122.0	13
 123.0	19
 124.0	9
 125.0	23
 126.0	19
 127.0	16
 128.0	18
 129.0	14
 130.0	16
 131.0	13
 132.0	15.25
 133.0	15
 134.0	14
 135.0	21
 136.0	13
 137.0	15
 138.0	15
 139.0	27
 140.0	20
 141.0	14
 142.0	21
 143.0	18
 144.0	13
 145.0	23
 146.0	19
 147.0	15
 148.0	17
DB 2 MOTIF	TF7L1_HUMAN.H11MO.0.B
-148.5	21
-147.5	19
-146.5	20
-145.5	21
-144.5	21
-143.5	21
-142.5	27
-141.5	19
-140.5	25
-139.5	20
-138.5	21
-137.5	23
-136.5	14
-135.5	20
-134.5	20.5
-133.5	21
-132.5	24
-131.5	20
-130.5	19
-129.5	13
-128.5	16
-127.5	14.5
-126.5	21.5
-125.5	15
-124.5	17
-123.5	14
-122.5	21
-121.5	22
-120.5	26.5
-119.5	21
-118.5	20.3333
-117.5	17
-116.5	12
-115.5	25
-114.5	21
-113.5	23
-112.5	16
-111.5	18
-110.5	22.5
-109.5	17
-108.5	25
-107.5	24
-106.5	28
-105.5	20.5
-104.5	22
-103.5	20
-102.5	20
-101.5	13
-100.5	18
 -99.5	17
 -98.5	24
 -97.5	20
 -96.5	23
 -95.5	32.5
 -94.5	18
 -93.5	18.5
 -92.5	15.5
 -91.5	25
 -90.5	17
 -89.5	21.5
 -88.5	28.5
 -87.5	18
 -86.5	11.5
 -85.5	17
 -84.5	19
 -83.5	16
 -82.5	20
 -81.5	25
 -80.5	30
 -79.5	16.5
 -78.5	20
 -77.5	26
 -76.5	25
 -75.5	24
 -74.5	21
 -73.5	23
 -72.5	26
 -71.5	22
 -70.5	24
 -69.5	23
 -68.5	29.5
 -67.5	29
 -66.5	20
 -65.5	23
 -64.5	19
 -63.5	13
 -62.5	30.5
 -61.5	13.5
 -60.5	13.5
 -59.5	24
 -58.5	21
 -57.5	24
 -56.5	24
 -55.5	21
 -54.5	19
 -53.5	26
 -52.5	20
 -51.5	28
 -50.5	31
 -49.5	28
 -48.5	17
 -47.5	28
 -46.5	25
 -45.5	26
 -44.5	24
 -43.5	28
 -42.5	26
 -41.5	20
 -40.5	27.5
 -39.5	25
 -38.5	20
 -37.5	27
 -36.5	24
 -35.5	37
 -34.5	34
 -33.5	28.3333
 -32.5	17
 -31.5	22
 -30.5	24
 -29.5	22
 -28.5	28
 -27.5	25
 -26.5	34
 -25.5	30.5
 -24.5	27
 -23.5	34
 -22.5	25
 -21.5	29
 -20.5	25.5
 -19.5	41
 -18.5	26
 -17.5	32
 -16.5	27.5
 -15.5	25
 -14.5	33
 -13.5	25
 -12.5	26
 -11.5	27.5
 -10.5	25.5
  -9.5	29
  -8.5	30
  -7.5	23
  -6.5	31
  -5.5	23
  -4.5	33
  -3.5	35
  -2.5	25
  -1.5	21
  -0.5	28
   0.5	27
   1.5	16
   2.5	18.5
   3.5	27
   4.5	24
   5.5	31
   6.5	28
   7.5	28.5
   8.5	24
   9.5	30
  10.5	24
  11.5	22
  12.5	26.5
  13.5	21
  14.5	26.5
  15.5	34
  16.5	24.5
  17.5	28.5
  18.5	23
  19.5	29.5
  20.5	26
  21.5	23
  22.5	19.5
  23.5	26
  24.5	28
  25.5	24
  26.5	27
  27.5	30
  28.5	29
  29.5	23
  30.5	19.5
  31.5	24
  32.5	23
  33.5	24.5
  34.5	31.5
  35.5	24
  36.5	22
  37.5	25
  38.5	24
  39.5	23.5
  40.5	20.5
  41.5	25
  42.5	19
  43.5	29
  44.5	22
  45.5	23
  46.5	27
  47.5	26
  48.5	17
  49.5	21.5
  50.5	26
  51.5	20.1667
  52.5	24
  53.5	31
  54.5	35
  55.5	26.5
  56.5	23
  57.5	23.5
  58.5	21.5
  59.5	25.5
  60.5	22
  61.5	29
  62.5	21.5
  63.5	32
  64.5	18
  65.5	21.5
  66.5	26
  67.5	20.5
  68.5	19
  69.5	19.5
  70.5	17
  71.5	26
  72.5	21
  73.5	18
  74.5	22
  75.5	20
  76.5	21
  77.5	18
  78.5	19
  79.5	27
  80.5	16
  81.5	16
  82.5	31
  83.5	21.5
  84.5	19
  85.5	17
  86.5	14
  87.5	20
  88.5	22
  89.5	21
  90.5	26
  91.5	23
  92.5	20
  93.5	20
  94.5	18
  95.5	24.3333
  96.5	16
  97.5	16
  98.5	19
  99.5	13.5
 100.5	23
 101.5	26
 102.5	15
 103.5	13
 104.5	25.5
 105.5	24
 106.5	17
 107.5	18
 108.5	23.5
 109.5	21
 110.5	12
 111.5	20
 112.5	13
 113.5	21
 114.5	18
 115.5	21.5
 116.5	21.5
 117.5	22.3333
 118.5	18
 119.5	16
 120.5	16
 121.5	26.5
 122.5	19
 123.5	16
 124.5	21
 125.5	12.5
 126.5	20
 127.5	16
 128.5	20
 129.5	19
 130.5	13
 131.5	15.5
 132.5	18
 133.5	13
 134.5	14
 135.5	19
 136.5	18
 137.5	17
 138.5	18
 139.5	18.5
 140.5	17
 141.5	24
 142.5	15
 143.5	16
 144.5	24.5
 145.5	22
 146.5	20
 147.5	13.5
 148.5	22
DB 2 MOTIF	TF7L2_HUMAN.H11MO.0.A
-148.5	21
-147.5	17
-146.5	15
-145.5	15.5
-144.5	18.5
-143.5	15
-142.5	14
-141.5	25
-140.5	15
-139.5	23
-138.5	19
-137.5	16
-136.5	14
-135.5	14
-134.5	19
-133.5	24
-132.5	19
-131.5	13
-130.5	12
-129.5	24.5
-128.5	13
-127.5	16
-126.5	13
-125.5	16.5
-124.5	13
-123.5	20.5
-122.5	13
-121.5	21
-120.5	22
-119.5	26.3333
-118.5	23
-117.5	17
-116.5	15
-115.5	17
-114.5	17
-113.5	13
-112.5	19
-111.5	20
-110.5	16
-109.5	28
-108.5	21
-107.5	28
-106.5	19.5
-105.5	22
-104.5	17
-103.5	15
-102.5	15
-101.5	18
-100.5	13
 -99.5	16.3333
 -98.5	22
 -97.5	19
 -96.5	26
 -95.5	15
 -94.5	18
 -93.5	10
 -92.5	20
 -91.5	19
 -90.5	19
 -89.5	24
 -88.5	18
 -87.5	17
 -86.5	16
 -85.5	16
 -84.5	15.5
 -83.5	20
 -82.5	18
 -81.5	20
 -80.5	20.5
 -79.5	25
 -78.5	22
 -77.5	21
 -76.5	15
 -75.5	20
 -74.5	25
 -73.5	23
 -72.5	19
 -71.5	20
 -70.5	10
 -69.5	24
 -68.5	23.5
 -67.5	21
 -66.5	21
 -65.5	18
 -64.5	21
 -63.5	26.5
 -62.5	18
 -61.5	23
 -60.5	22
 -59.5	15.5
 -58.5	24
 -57.5	27
 -56.5	18
 -55.5	25.5
 -54.5	18
 -53.5	22.5
 -52.5	31
 -51.5	21
 -50.5	24
 -49.5	18
 -48.5	24
 -47.5	30
 -46.5	26
 -45.5	17
 -44.5	34
 -43.5	24.5
 -42.5	20
 -41.5	30
 -40.5	27
 -39.5	23
 -38.5	25
 -37.5	22
 -36.5	23.5
 -35.5	27
 -34.5	26.3333
 -33.5	31.5
 -32.5	26
 -31.5	11
 -30.5	23.5
 -29.5	31.5
 -28.5	21
 -27.5	26
 -26.5	23
 -25.5	33.5
 -24.5	28
 -23.5	26
 -22.5	27
 -21.5	21
 -20.5	30
 -19.5	26
 -18.5	35
 -17.5	25
 -16.5	35.5
 -15.5	30.5
 -14.5	23
 -13.5	31
 -12.5	27.5
 -11.5	26
 -10.5	21
  -9.5	29
  -8.5	25
  -7.5	30
  -6.5	25
  -5.5	35.5
  -4.5	28
  -3.5	29
  -2.5	19.3333
  -1.5	22
  -0.5	15.5
   0.5	21
   1.5	33
   2.5	26
   3.5	21
   4.5	29
   5.5	21
   6.5	30.5
   7.5	28.5
   8.5	19
   9.5	20.3333
  10.5	29
  11.5	22
  12.5	20
  13.5	30.5
  14.5	25
  15.5	24
  16.5	20.5
  17.5	24
  18.5	33
  19.5	28
  20.5	31
  21.5	23
  22.5	23.5
  23.5	21.5
  24.5	30
  25.5	28
  26.5	25
  27.5	21
  28.5	18
  29.5	28
  30.5	27.3333
  31.5	17
  32.5	22
  33.5	30
  34.5	20
  35.5	32
  36.5	32.5
  37.5	29.5
  38.5	20
  39.5	19
  40.5	22
  41.5	28
  42.5	25
  43.5	17
  44.5	19
  45.5	26
  46.5	19
  47.5	22
  48.5	20
  49.5	26
  50.5	22.8333
  51.5	29
  52.5	15.5
  53.5	28
  54.5	39
  55.5	34
  56.5	25
  57.5	17
  58.5	23.5
  59.5	23
  60.5	31.5
  61.5	20.5
  62.5	25
  63.5	21.3333
  64.5	31
  65.5	19
  66.5	19
  67.5	21
  68.5	15
  69.5	23
  70.5	24
  71.5	13
  72.5	24.5
  73.5	28.3333
  74.5	17
  75.5	22
  76.5	17
  77.5	20
  78.5	26
  79.5	16
  80.5	15
  81.5	25
  82.5	16
  83.5	20
  84.5	17
  85.5	16
  86.5	19
  87.5	20
  88.5	12
  89.5	25
  90.5	22
  91.5	19.5
  92.5	24
  93.5	18
  94.5	21
  95.5	18
  96.5	12
  97.5	17.5
  98.5	26
  99.5	17.5
 100.5	18
 101.5	12
 102.5	19
 103.5	17
 104.5	12
 105.5	22
 106.5	20.5
 107.5	20
 108.5	19
 109.5	17.5
 110.5	15
 111.5	14
 112.5	22.5
 113.5	14
 114.5	18
 115.5	19
 116.5	14
 117.5	16
 118.5	17
 119.5	11.5
 120.5	18
 121.5	12.5
 122.5	17
 123.5	18
 124.5	15
 125.5	20
 126.5	20
 127.5	15
 128.5	14.5
 129.5	14
 130.5	14
 131.5	11
 132.5	16
 133.5	16
 134.5	10
 135.5	14
 136.5	17
 137.5	9
 138.5	18
 139.5	14
 140.5	12
 141.5	15
 142.5	14
 143.5	24
 144.5	22
 145.5	11
 146.5	14
 147.5	25.5
 148.5	13
DB 2 MOTIF	TFE3_HUMAN.H11MO.0.B
-150.0	10
-149.0	12.5
-148.0	10
-147.0	9
-146.0	10.5
-145.0	12
-144.0	12
-143.0	9
-142.0	8.5
-141.0	12
-140.0	11
-139.0	8.5
-138.0	9
-137.0	13
-136.0	15
-135.0	6
-134.0	9
-133.0	6
-132.0	5
-131.0	15
-130.0	10
-129.0	0
-128.0	12
-127.0	11
-126.0	8
-125.0	8
-124.0	5
-123.0	11
-122.0	10
-121.0	7
-120.0	10
-119.0	10
-118.0	7
-117.0	14
-116.0	10
-115.0	11
-114.0	11
-113.0	8
-112.0	8.5
-111.0	9
-110.0	11.5
-109.0	11
-108.0	13
-107.0	10
-106.0	12
-105.0	11.5
-104.0	11.5
-103.0	2
-102.0	12
-101.0	6
-100.0	9
 -99.0	11.5
 -98.0	12
 -97.0	11
 -96.0	14
 -95.0	8
 -94.0	9
 -93.0	7.5
 -92.0	8
 -91.0	10
 -90.0	11
 -89.0	3
 -88.0	6
 -87.0	6
 -86.0	4.5
 -85.0	9
 -84.0	7
 -83.0	10
 -82.0	10
 -81.0	8
 -80.0	13
 -79.0	9
 -78.0	7
 -77.0	15
 -76.0	11
 -75.0	8
 -74.0	8
 -73.0	10
 -72.0	11
 -71.0	14.5
 -70.0	7
 -69.0	10
 -68.0	14.5
 -67.0	6
 -66.0	12.5
 -65.0	12
 -64.0	15
 -63.0	8
 -62.0	13.5
 -61.0	8
 -60.0	13.5
 -59.0	9
 -58.0	8
 -57.0	12
 -56.0	9
 -55.0	14
 -54.0	12
 -53.0	11.5
 -52.0	19.5
 -51.0	3.5
 -50.0	5
 -49.0	12
 -48.0	16.5
 -47.0	12
 -46.0	8
 -45.0	10
 -44.0	11.5
 -43.0	7
 -42.0	13
 -41.0	12
 -40.0	12
 -39.0	16
 -38.0	9
 -37.0	12
 -36.0	13
 -35.0	6
 -34.0	5
 -33.0	13.5
 -32.0	9
 -31.0	16
 -30.0	12
 -29.0	11.5
 -28.0	10
 -27.0	9
 -26.0	14
 -25.0	14.5
 -24.0	10
 -23.0	10.5
 -22.0	7
 -21.0	11
 -20.0	5
 -19.0	23
 -18.0	10
 -17.0	13.5
 -16.0	11.5
 -15.0	21
 -14.0	10.5
 -13.0	11.5
 -12.0	13.5
 -11.0	13
 -10.0	12
  -9.0	12
  -8.0	10
  -7.0	4
  -6.0	5
  -5.0	8
  -4.0	9.5
  -3.0	16
  -2.0	9
  -1.0	9
   0.0	8
   1.0	10
   2.0	18
   3.0	5
   4.0	9
   5.0	9.5
   6.0	8
   7.0	13.5
   8.0	14
   9.0	17.5
  10.0	9.5
  11.0	11
  12.0	12
  13.0	20
  14.0	9.5
  15.0	10
  16.0	12
  17.0	7
  18.0	14
  19.0	12.5
  20.0	6
  21.0	9
  22.0	8
  23.0	9
  24.0	9
  25.0	11.5
  26.0	7
  27.0	14
  28.0	9
  29.0	12
  30.0	10
  31.0	13
  32.0	18
  33.0	8
  34.0	8.5
  35.0	14
  36.0	6
  37.0	18
  38.0	10
  39.0	18
  40.0	18
  41.0	15.5
  42.0	13
  43.0	12
  44.0	6
  45.0	18
  46.0	13
  47.0	19
  48.0	8
  49.0	13
  50.0	9
  51.0	7
  52.0	9
  53.0	12
  54.0	10
  55.0	9
  56.0	13
  57.0	13
  58.0	7
  59.0	7
  60.0	10
  61.0	6.5
  62.0	9
  63.0	13
  64.0	15
  65.0	11
  66.0	9
  67.0	10
  68.0	7
  69.0	7
  70.0	7
  71.0	13
  72.0	8
  73.0	11
  74.0	11
  75.0	7
  76.0	6
  77.0	8
  78.0	9
  79.0	8
  80.0	6
  81.0	10
  82.0	7
  83.0	5
  84.0	10
  85.0	12
  86.0	15
  87.0	12
  88.0	12
  89.0	5
  90.0	12
  91.0	6
  92.0	5
  93.0	15
  94.0	9
  95.0	4
  96.0	9
  97.0	9
  98.0	5
  99.0	10
 100.0	9
 101.0	10
 102.0	11
 103.0	9
 104.0	16
 105.0	7
 106.0	10
 107.0	11
 108.0	13
 109.0	11
 110.0	14
 111.0	12
 112.0	8
 113.0	12
 114.0	11
 115.0	7
 116.0	6
 117.0	7
 118.0	9
 119.0	15
 120.0	7
 121.0	8
 122.0	11.5
 123.0	9
 124.0	12
 125.0	11.5
 126.0	10
 127.0	9
 128.0	10
 129.0	7
 130.0	8
 131.0	8
 132.0	2.5
 133.0	13
 134.0	13
 135.0	9
 136.0	14
 137.0	16
 138.0	9
 139.0	7
 140.0	6
 141.0	12.5
 142.0	10
 143.0	13.5
 144.0	8
 145.0	11
 146.0	10.5
 147.0	9
 148.0	6.5
 149.0	11
 150.0	13
DB 2 MOTIF	TFEB_HUMAN.H11MO.0.C
-150.5	0
-149.5	2
-148.5	0
-147.5	0
-146.5	1
-145.5	2
-144.5	0
-143.5	0
-142.5	0
-141.5	0
-140.5	1
-139.5	0
-138.5	0
-137.5	1
-136.5	1
-135.5	0
-134.5	1
-133.5	1
-132.5	0
-131.5	2
-130.5	0
-129.5	1
-128.5	0
-127.5	0
-126.5	0
-125.5	0
-124.5	1
-123.5	2
-122.5	2
-121.5	0
-120.5	0
-119.5	2
-118.5	0
-117.5	0
-116.5	0
-115.5	0
-114.5	0
-113.5	1
-112.5	0.5
-111.5	1
-110.5	1
-109.5	0.5
-108.5	0
-107.5	1
-106.5	1
-105.5	0
-104.5	0
-103.5	0
-102.5	1
-101.5	1
-100.5	1
 -99.5	0
 -98.5	1
 -97.5	0
 -96.5	0
 -95.5	1
 -94.5	0
 -93.5	1
 -92.5	3
 -91.5	0
 -90.5	0
 -89.5	0
 -88.5	0
 -87.5	0
 -86.5	0
 -85.5	0
 -84.5	0
 -83.5	1
 -82.5	2
 -81.5	1
 -80.5	0
 -79.5	0
 -78.5	0
 -77.5	0
 -76.5	2
 -75.5	1
 -74.5	0
 -73.5	0
 -72.5	1
 -71.5	0
 -70.5	1
 -69.5	1
 -68.5	0
 -67.5	0
 -66.5	2
 -65.5	1
 -64.5	1
 -63.5	0
 -62.5	2
 -61.5	0
 -60.5	1
 -59.5	1
 -58.5	0
 -57.5	1
 -56.5	0
 -55.5	0
 -54.5	0
 -53.5	0
 -52.5	0
 -51.5	1
 -50.5	0
 -49.5	0
 -48.5	0
 -47.5	0
 -46.5	0
 -45.5	0
 -44.5	1
 -43.5	0
 -42.5	1
 -41.5	1
 -40.5	1
 -39.5	3
 -38.5	1
 -37.5	6
 -36.5	2
 -35.5	0
 -34.5	1
 -33.5	1
 -32.5	1
 -31.5	0
 -30.5	1
 -29.5	0
 -28.5	2
 -27.5	1
 -26.5	0
 -25.5	0
 -24.5	1
 -23.5	0
 -22.5	3
 -21.5	0
 -20.5	1
 -19.5	0
 -18.5	3
 -17.5	1
 -16.5	1
 -15.5	3
 -14.5	0
 -13.5	1.5
 -12.5	2
 -11.5	0
 -10.5	1.5
  -9.5	1
  -8.5	1
  -7.5	0
  -6.5	1
  -5.5	2
  -4.5	2
  -3.5	1
  -2.5	3
  -1.5	2
  -0.5	1
   0.5	0
   1.5	1
   2.5	1
   3.5	0.5
   4.5	0
   5.5	0
   6.5	0
   7.5	1
   8.5	1
   9.5	3
  10.5	1
  11.5	1
  12.5	1
  13.5	1
  14.5	1
  15.5	0
  16.5	0
  17.5	3
  18.5	0
  19.5	2
  20.5	3
  21.5	0
  22.5	0
  23.5	0
  24.5	0
  25.5	2
  26.5	1
  27.5	3
  28.5	2
  29.5	1
  30.5	0
  31.5	1
  32.5	0
  33.5	1
  34.5	2
  35.5	1
  36.5	0.5
  37.5	1
  38.5	1
  39.5	2
  40.5	1
  41.5	0
  42.5	1
  43.5	1
  44.5	1
  45.5	0
  46.5	1
  47.5	0
  48.5	1
  49.5	0
  50.5	0
  51.5	0
  52.5	0
  53.5	1
  54.5	1
  55.5	0
  56.5	0
  57.5	2
  58.5	1
  59.5	0
  60.5	0
  61.5	0
  62.5	0
  63.5	1
  64.5	2
  65.5	1
  66.5	1
  67.5	1
  68.5	0
  69.5	0
  70.5	1
  71.5	2
  72.5	0
  73.5	0
  74.5	2
  75.5	0
  76.5	0
  77.5	1
  78.5	1
  79.5	1
  80.5	0
  81.5	0
  82.5	0
  83.5	1
  84.5	1
  85.5	2
  86.5	1
  87.5	3
  88.5	2
  89.5	0
  90.5	0
  91.5	0
  92.5	0
  93.5	1
  94.5	0
  95.5	0
  96.5	0
  97.5	0
  98.5	0
  99.5	1
 100.5	0
 101.5	0
 102.5	1
 103.5	1
 104.5	1
 105.5	0
 106.5	0
 107.5	0
 108.5	0
 109.5	1
 110.5	0
 111.5	0
 112.5	1
 113.5	0
 114.5	1
 115.5	0
 116.5	0
 117.5	0
 118.5	0
 119.5	0
 120.5	1
 121.5	0
 122.5	0
 123.5	0
 124.5	2
 125.5	0
 126.5	2
 127.5	1
 128.5	0
 129.5	0
 130.5	0
 131.5	0
 132.5	0
 133.5	0
 134.5	0
 135.5	1
 136.5	1
 137.5	0
 138.5	2
 139.5	1
 140.5	1.5
 141.5	0
 142.5	0
 143.5	1.5
 144.5	1
 145.5	1.5
 146.5	1
 147.5	0
 148.5	0.5
 149.5	1
 150.5	1
DB 2 MOTIF	THA_HUMAN.H11MO.1.D
-150.0	17
-149.0	16
-148.0	10
-147.0	19
-146.0	26
-145.0	9
-144.0	26
-143.0	13.5
-142.0	21
-141.0	16
-140.0	17.5
-139.0	14
-138.0	24
-137.0	27
-136.0	17
-135.0	25
-134.0	12
-133.0	17.5
-132.0	19
-131.0	16
-130.0	22
-129.0	11
-128.0	24.5
-127.0	19
-126.0	22.5
-125.0	16
-124.0	21.0833
-123.0	21
-122.0	16
-121.0	15
-120.0	21
-119.0	9
-118.0	21
-117.0	24
-116.0	17
-115.0	11.1111
-114.0	22
-113.0	22
-112.0	16
-111.0	22
-110.0	18
-109.0	16
-108.0	23
-107.0	21.5
-106.0	16
-105.0	29
-104.0	27
-103.0	14
-102.0	20.1111
-101.0	28.5
-100.0	24
 -99.0	19
 -98.0	22
 -97.0	18
 -96.0	21
 -95.0	22
 -94.0	18
 -93.0	20
 -92.0	30
 -91.0	13
 -90.0	17.5833
 -89.0	29
 -88.0	18
 -87.0	23
 -86.0	21
 -85.0	15.5
 -84.0	16
 -83.0	16
 -82.0	20
 -81.0	19
 -80.0	22
 -79.0	22
 -78.0	17
 -77.0	28
 -76.0	29
 -75.0	14
 -74.0	27
 -73.0	11
 -72.0	28
 -71.0	14
 -70.0	25.5
 -69.0	31
 -68.0	14
 -67.0	24.5
 -66.0	25
 -65.0	21
 -64.0	15
 -63.0	24
 -62.0	18
 -61.0	30
 -60.0	13.5
 -59.0	17
 -58.0	19
 -57.0	13
 -56.0	20
 -55.0	28
 -54.0	21
 -53.0	20.5
 -52.0	22.8333
 -51.0	26
 -50.0	18.1944
 -49.0	27
 -48.0	21
 -47.0	32.5
 -46.0	28
 -45.0	19
 -44.0	31.5
 -43.0	23
 -42.0	25.5
 -41.0	28.5
 -40.0	20
 -39.0	13
 -38.0	30
 -37.0	18.4444
 -36.0	22
 -35.0	21
 -34.0	32.5
 -33.0	18.0833
 -32.0	34
 -31.0	38
 -30.0	25
 -29.0	25.5
 -28.0	12
 -27.0	28
 -26.0	26
 -25.0	27
 -24.0	12
 -23.0	34
 -22.0	31.5
 -21.0	19
 -20.0	30
 -19.0	27.5
 -18.0	16
 -17.0	22
 -16.0	31
 -15.0	26
 -14.0	18
 -13.0	26.0833
 -12.0	20.5
 -11.0	30.1111
 -10.0	26
  -9.0	30
  -8.0	29
  -7.0	30
  -6.0	21
  -5.0	25
  -4.0	23
  -3.0	26
  -2.0	26
  -1.0	20
   0.0	20
   1.0	25
   2.0	23
   3.0	31
   4.0	29.4167
   5.0	13
   6.0	29
   7.0	33
   8.0	33.5
   9.0	33
  10.0	22.5
  11.0	21
  12.0	18
  13.0	20
  14.0	20.5
  15.0	22.6111
  16.0	31
  17.0	29.5
  18.0	23
  19.0	24
  20.0	28.5
  21.0	24
  22.0	27
  23.0	23.5
  24.0	24
  25.0	26
  26.0	18.5
  27.0	24
  28.0	31.1111
  29.0	16
  30.0	25.5
  31.0	26.5
  32.0	26
  33.0	28
  34.0	22
  35.0	19.5
  36.0	36
  37.0	21.5
  38.0	20
  39.0	28.5
  40.0	18
  41.0	13.5833
  42.0	18
  43.0	18
  44.0	25
  45.0	18.3333
  46.0	26.5
  47.0	22
  48.0	24
  49.0	18
  50.0	22.5
  51.0	29
  52.0	20.3333
  53.0	18
  54.0	26.5
  55.0	25
  56.0	26
  57.0	21
  58.0	27.0833
  59.0	20
  60.0	26
  61.0	23
  62.0	22
  63.0	29
  64.0	23
  65.0	18
  66.0	28.5
  67.0	25.1111
  68.0	33
  69.0	19
  70.0	24.5
  71.0	16
  72.0	28.5
  73.0	21
  74.0	19
  75.0	21.0833
  76.0	16
  77.0	23
  78.0	15
  79.0	24
  80.0	19
  81.0	20
  82.0	16
  83.0	19
  84.0	28
  85.0	24
  86.0	20
  87.0	24.5
  88.0	30
  89.0	19
  90.0	18
  91.0	11
  92.0	26
  93.0	21
  94.0	17.5
  95.0	16.0833
  96.0	19
  97.0	17
  98.0	18
  99.0	11
 100.0	22
 101.0	22
 102.0	16
 103.0	21
 104.0	21.3333
 105.0	15
 106.0	16.1111
 107.0	14.5
 108.0	17
 109.0	15
 110.0	16
 111.0	19
 112.0	23.0833
 113.0	17
 114.0	13
 115.0	14
 116.0	9
 117.0	18
 118.0	12
 119.0	15
 120.0	17
 121.0	28
 122.0	13
 123.0	21
 124.0	13
 125.0	12
 126.0	20
 127.0	24
 128.0	13.5
 129.0	21.0833
 130.0	22
 131.0	27
 132.0	21
 133.0	16
 134.0	17
 135.0	16
 136.0	17
 137.0	15
 138.0	17
 139.0	17
 140.0	18
 141.0	16
 142.0	20
 143.0	18
 144.0	17
 145.0	24
 146.0	18.5
 147.0	9
 148.0	18
 149.0	16
 150.0	22
DB 2 MOTIF	THB_HUMAN.H11MO.1.D
-150.0	16.5
-149.0	20
-148.0	13
-147.0	18
-146.0	14.5
-145.0	21.5
-144.0	10
-143.0	15
-142.0	15
-141.0	17.5
-140.0	17.1429
-139.0	14
-138.0	22.5
-137.0	17
-136.0	21
-135.0	10
-134.0	16
-133.0	15
-132.0	17
-131.0	19
-130.0	18
-129.0	13.5
-128.0	17
-127.0	20.1429
-126.0	16
-125.0	16
-124.0	18
-123.0	22
-122.0	17
-121.0	17
-120.0	10
-119.0	25
-118.0	8
-117.0	17
-116.0	15.1667
-115.0	20
-114.0	17
-113.0	17
-112.0	26
-111.0	10
-110.0	15
-109.0	24
-108.0	13
-107.0	14
-106.0	19
-105.0	22
-104.0	24.5
-103.0	10
-102.0	22.5
-101.0	29
-100.0	27
 -99.0	17
 -98.0	14
 -97.0	22
 -96.0	14
 -95.0	16
 -94.0	19
 -93.0	18
 -92.0	16
 -91.0	21
 -90.0	21.5
 -89.0	23.5
 -88.0	18.5
 -87.0	16
 -86.0	15
 -85.0	19.5
 -84.0	18
 -83.0	14
 -82.0	17
 -81.0	14.5
 -80.0	14
 -79.0	17.5
 -78.0	19
 -77.0	23.5
 -76.0	20
 -75.0	24.5
 -74.0	20
 -73.0	21
 -72.0	17
 -71.0	21
 -70.0	16
 -69.0	15
 -68.0	23
 -67.0	22
 -66.0	13
 -65.0	18
 -64.0	22
 -63.0	22
 -62.0	24.1429
 -61.0	11.5
 -60.0	20
 -59.0	23
 -58.0	15
 -57.0	17
 -56.0	13
 -55.0	19
 -54.0	23.5
 -53.0	22
 -52.0	29
 -51.0	18
 -50.0	17
 -49.0	22
 -48.0	20
 -47.0	20
 -46.0	16
 -45.0	22
 -44.0	16
 -43.0	17.5
 -42.0	27
 -41.0	25
 -40.0	20
 -39.0	22
 -38.0	13.3333
 -37.0	16
 -36.0	9
 -35.0	36
 -34.0	19
 -33.0	21
 -32.0	28
 -31.0	31
 -30.0	17
 -29.0	23
 -28.0	21.5
 -27.0	22
 -26.0	25
 -25.0	21.1667
 -24.0	21.5
 -23.0	22.1429
 -22.0	26.5
 -21.0	27.5
 -20.0	22
 -19.0	16
 -18.0	22
 -17.0	16
 -16.0	27
 -15.0	18
 -14.0	16
 -13.0	16
 -12.0	20
 -11.0	21.5
 -10.0	24
  -9.0	22
  -8.0	22
  -7.0	19
  -6.0	22.5
  -5.0	18
  -4.0	19
  -3.0	24
  -2.0	20.5
  -1.0	23
   0.0	21.5
   1.0	18
   2.0	27.5
   3.0	26.3333
   4.0	19
   5.0	19
   6.0	24
   7.0	14.5
   8.0	16.5
   9.0	19
  10.0	25
  11.0	29
  12.0	18.5
  13.0	19
  14.0	22
  15.0	24
  16.0	22.5
  17.0	18
  18.0	23.5
  19.0	30
  20.0	26
  21.0	21
  22.0	14
  23.0	19.5
  24.0	22
  25.0	18.5
  26.0	18
  27.0	22.1667
  28.0	21
  29.0	20
  30.0	22.5
  31.0	29
  32.0	23
  33.0	23.5
  34.0	16.5
  35.0	21
  36.0	22
  37.0	24
  38.0	25
  39.0	15
  40.0	16
  41.0	16
  42.0	21.1429
  43.0	24
  44.0	11.8333
  45.0	28
  46.0	21
  47.0	17
  48.0	14
  49.0	15
  50.0	21
  51.0	18
  52.0	18
  53.0	28.5
  54.0	22
  55.0	15.1429
  56.0	25.5
  57.0	23
  58.0	24.5
  59.0	21.5
  60.0	18.5
  61.0	19
  62.0	18.5
  63.0	22
  64.0	19
  65.0	19.5
  66.0	18
  67.0	24.5
  68.0	30
  69.0	13
  70.0	18
  71.0	21.5
  72.0	14
  73.0	19
  74.0	16
  75.0	18
  76.0	29
  77.0	12.5
  78.0	25
  79.0	23.1667
  80.0	20.5
  81.0	22
  82.0	16
  83.0	17
  84.0	19
  85.0	20
  86.0	18
  87.0	19
  88.0	16
  89.0	30
  90.0	13
  91.0	19
  92.0	22
  93.0	21
  94.0	17
  95.0	18
  96.0	14
  97.0	14
  98.0	23
  99.0	13.5
 100.0	22
 101.0	18.5
 102.0	18
 103.0	13
 104.0	23
 105.0	21.5
 106.0	15
 107.0	10
 108.0	13
 109.0	21
 110.0	16.5
 111.0	19
 112.0	14
 113.0	19
 114.0	13
 115.0	14
 116.0	23
 117.0	12
 118.0	21
 119.0	16
 120.0	19.1429
 121.0	16
 122.0	24
 123.0	19.5
 124.0	11
 125.0	23
 126.0	16
 127.0	12
 128.0	15
 129.0	15
 130.0	20
 131.0	25.1667
 132.0	21
 133.0	20
 134.0	18
 135.0	22
 136.0	15
 137.0	11
 138.0	12
 139.0	19
 140.0	23
 141.0	16.5
 142.0	13
 143.0	17.5
 144.0	21.1667
 145.0	17.5
 146.0	16.5
 147.0	15
 148.0	16.5
 149.0	15
 150.0	17
DB 2 MOTIF	TLX1_HUMAN.H11MO.0.D
-146.5	25
-145.5	27
-144.5	23
-143.5	24
-142.5	20
-141.5	17
-140.5	17
-139.5	17.5
-138.5	19
-137.5	21
-136.5	16.5
-135.5	25.5
-134.5	26.75
-133.5	25
-132.5	28.5
-131.5	24.5
-130.5	11
-129.5	25
-128.5	23.5
-127.5	23
-126.5	19.5
-125.5	20.5
-124.5	20.5
-123.5	26
-122.5	18
-121.5	15
-120.5	22
-119.5	25.5
-118.5	23.5
-117.5	17
-116.5	20.5
-115.5	27
-114.5	17
-113.5	34
-112.5	21
-111.5	23
-110.5	20
-109.5	19
-108.5	31
-107.5	23
-106.5	24
-105.5	8
-104.5	14
-103.5	25
-102.5	25.5
-101.5	20
-100.5	22
 -99.5	19
 -98.5	26.25
 -97.5	31
 -96.5	29.5
 -95.5	21
 -94.5	21
 -93.5	26
 -92.5	19
 -91.5	21
 -90.5	19
 -89.5	24
 -88.5	29
 -87.5	22.5
 -86.5	13
 -85.5	18
 -84.5	18
 -83.5	24
 -82.5	23
 -81.5	29
 -80.5	23
 -79.5	17
 -78.5	25
 -77.5	14
 -76.5	22
 -75.5	11
 -74.5	29
 -73.5	14.5
 -72.5	20
 -71.5	25
 -70.5	23
 -69.5	24
 -68.5	21
 -67.5	24
 -66.5	24
 -65.5	17
 -64.5	20
 -63.5	21
 -62.5	26.75
 -61.5	24
 -60.5	26.5
 -59.5	37
 -58.5	26.5
 -57.5	25
 -56.5	19.5
 -55.5	28.5
 -54.5	15
 -53.5	24.5
 -52.5	25
 -51.5	32
 -50.5	18
 -49.5	34
 -48.5	23
 -47.5	28.5
 -46.5	29
 -45.5	17.5
 -44.5	33
 -43.5	20
 -42.5	19
 -41.5	17
 -40.5	30.5
 -39.5	23
 -38.5	22
 -37.5	25
 -36.5	27
 -35.5	22
 -34.5	22
 -33.5	11
 -32.5	25
 -31.5	27
 -30.5	29
 -29.5	22
 -28.5	27
 -27.5	16
 -26.5	22.25
 -25.5	27.5
 -24.5	26
 -23.5	22.5
 -22.5	18
 -21.5	20
 -20.5	23
 -19.5	29
 -18.5	32
 -17.5	23
 -16.5	27
 -15.5	22
 -14.5	25
 -13.5	39
 -12.5	21
 -11.5	37
 -10.5	27
  -9.5	39
  -8.5	23
  -7.5	21
  -6.5	22
  -5.5	24.5
  -4.5	18
  -3.5	30.5
  -2.5	20
  -1.5	17
  -0.5	21.5
   0.5	18
   1.5	22
   2.5	24
   3.5	30
   4.5	25
   5.5	27
   6.5	22
   7.5	22
   8.5	22
   9.5	19
  10.5	21
  11.5	27
  12.5	23
  13.5	32
  14.5	26.5
  15.5	26
  16.5	34
  17.5	30
  18.5	33
  19.5	19.5
  20.5	25
  21.5	25
  22.5	23
  23.5	29.5
  24.5	34
  25.5	28
  26.5	23
  27.5	20
  28.5	22
  29.5	23.5
  30.5	20
  31.5	29
  32.5	19
  33.5	24.5
  34.5	27
  35.5	21
  36.5	24
  37.5	37
  38.5	22
  39.5	31
  40.5	21.5
  41.5	22
  42.5	30
  43.5	21
  44.5	20
  45.5	20
  46.5	25
  47.5	22
  48.5	16
  49.5	24
  50.5	18
  51.5	23.5
  52.5	25
  53.5	30
  54.5	22.5
  55.5	25
  56.5	19.5
  57.5	17
  58.5	18
  59.5	24
  60.5	23
  61.5	28
  62.5	23
  63.5	19
  64.5	20
  65.5	20.5
  66.5	24.5
  67.5	29
  68.5	20
  69.5	21
  70.5	20
  71.5	15
  72.5	25
  73.5	16
  74.5	21
  75.5	18
  76.5	18
  77.5	18
  78.5	18
  79.5	23
  80.5	17
  81.5	23
  82.5	19
  83.5	18
  84.5	18
  85.5	34
  86.5	19
  87.5	20
  88.5	33
  89.5	19
  90.5	25
  91.5	21
  92.5	33
  93.5	22
  94.5	15
  95.5	27
  96.5	20
  97.5	19
  98.5	35
  99.5	25
 100.5	17.5
 101.5	31
 102.5	24
 103.5	24
 104.5	19
 105.5	28
 106.5	16
 107.5	31
 108.5	20.5
 109.5	14
 110.5	26.5
 111.5	30
 112.5	20
 113.5	16
 114.5	24
 115.5	24
 116.5	21
 117.5	19.5
 118.5	25
 119.5	20
 120.5	23
 121.5	23
 122.5	29.5
 123.5	19
 124.5	19
 125.5	22
 126.5	28
 127.5	23
 128.5	23
 129.5	27.5
 130.5	19
 131.5	30
 132.5	16
 133.5	31
 134.5	24
 135.5	20
 136.5	19
 137.5	18
 138.5	18
 139.5	21
 140.5	26
 141.5	30
 142.5	25
 143.5	23
 144.5	18
 145.5	22
 146.5	24
DB 2 MOTIF	USF1_HUMAN.H11MO.0.A
-149.0	5
-148.0	5
-147.0	5
-146.0	6
-145.0	6
-144.0	1
-143.0	6
-142.0	6
-141.0	8
-140.0	2
-139.0	3
-138.0	2
-137.0	5
-136.0	6
-135.0	6
-134.0	4
-133.0	3
-132.0	6
-131.0	5
-130.0	3
-129.0	4
-128.0	5
-127.0	4
-126.0	5
-125.0	5
-124.0	7
-123.0	3
-122.0	7
-121.0	6
-120.0	3
-119.0	3
-118.0	8
-117.0	4
-116.0	9
-115.0	7
-114.0	1
-113.0	5
-112.0	5
-111.0	5
-110.0	3
-109.0	4
-108.0	6
-107.0	3
-106.0	5
-105.0	5
-104.0	6.5
-103.0	11
-102.0	2
-101.0	7
-100.0	4
 -99.0	5
 -98.0	10
 -97.0	2
 -96.0	7
 -95.0	5
 -94.0	2
 -93.0	5
 -92.0	3
 -91.0	8
 -90.0	3.5
 -89.0	2
 -88.0	4
 -87.0	1
 -86.0	3
 -85.0	2.5
 -84.0	5
 -83.0	4
 -82.0	3
 -81.0	5
 -80.0	1
 -79.0	6
 -78.0	8
 -77.0	2
 -76.0	11
 -75.0	7
 -74.0	6
 -73.0	2
 -72.0	5
 -71.0	5
 -70.0	3.5
 -69.0	5
 -68.0	5
 -67.0	9
 -66.0	3.33333
 -65.0	5
 -64.0	2
 -63.0	6.5
 -62.0	6
 -61.0	7
 -60.0	6
 -59.0	7
 -58.0	6
 -57.0	6
 -56.0	7
 -55.0	9
 -54.0	7
 -53.0	7
 -52.0	4
 -51.0	3
 -50.0	5
 -49.0	8
 -48.0	4
 -47.0	5.5
 -46.0	7
 -45.0	7
 -44.0	4
 -43.0	1
 -42.0	6.33333
 -41.0	11
 -40.0	5
 -39.0	4
 -38.0	5
 -37.0	9
 -36.0	2
 -35.0	5
 -34.0	10
 -33.0	7
 -32.0	7.5
 -31.0	6
 -30.0	5
 -29.0	8.5
 -28.0	6.5
 -27.0	3
 -26.0	7.5
 -25.0	8
 -24.0	9
 -23.0	3
 -22.0	6
 -21.0	2
 -20.0	8
 -19.0	3
 -18.0	6
 -17.0	6
 -16.0	4
 -15.0	4
 -14.0	7
 -13.0	7
 -12.0	8
 -11.0	12
 -10.0	5
  -9.0	5
  -8.0	2
  -7.0	7
  -6.0	4
  -5.0	5
  -4.0	10
  -3.0	7
  -2.0	7
  -1.0	6
   0.0	1
   1.0	7
   2.0	7
   3.0	4
   4.0	3
   5.0	6
   6.0	7
   7.0	3
   8.0	11
   9.0	6
  10.0	7
  11.0	6
  12.0	6
  13.0	4
  14.0	10
  15.0	9
  16.0	7
  17.0	8
  18.0	8
  19.0	4
  20.0	6
  21.0	4
  22.0	4
  23.0	3
  24.0	7
  25.0	7
  26.0	4
  27.0	6.33333
  28.0	4
  29.0	3
  30.0	1
  31.0	4.5
  32.0	7
  33.0	8
  34.0	5
  35.0	4
  36.0	8
  37.0	2
  38.0	6
  39.0	8
  40.0	6
  41.0	6
  42.0	7
  43.0	4
  44.0	8
  45.0	5
  46.0	6
  47.0	6
  48.0	7
  49.0	6
  50.0	4
  51.0	3
  52.0	3
  53.0	6
  54.0	2
  55.0	3
  56.0	3
  57.0	6
  58.0	7
  59.0	7
  60.0	8.5
  61.0	4
  62.0	7
  63.0	9
  64.0	6
  65.0	6
  66.0	5
  67.0	2
  68.0	5
  69.0	2
  70.0	5
  71.0	2
  72.0	6
  73.0	3
  74.0	5
  75.0	6
  76.0	3
  77.0	5
  78.0	3
  79.0	6
  80.0	2
  81.0	1
  82.0	6
  83.0	6
  84.0	3
  85.0	8
  86.0	8
  87.0	5
  88.0	4
  89.0	2.5
  90.0	2
  91.0	5.5
  92.0	6
  93.0	7
  94.0	5
  95.0	2
  96.0	3
  97.0	5
  98.0	3
  99.0	4
 100.0	6
 101.0	2
 102.0	2
 103.0	5
 104.0	4
 105.0	9
 106.0	6
 107.0	3
 108.0	7
 109.0	9
 110.0	1
 111.0	6
 112.0	5
 113.0	2
 114.0	5
 115.0	5
 116.0	2
 117.0	2
 118.0	5
 119.0	6
 120.0	4
 121.0	7
 122.0	6
 123.0	6
 124.0	3
 125.0	7
 126.0	8
 127.0	5
 128.0	2
 129.0	5
 130.0	1
 131.0	4
 132.0	5
 133.0	7
 134.0	3
 135.0	5
 136.0	9
 137.0	7
 138.0	4
 139.0	3
 140.0	4
 141.0	4
 142.0	7
 143.0	4
 144.0	4
 145.0	6
 146.0	5
 147.0	2
 148.0	8
 149.0	3
DB 2 MOTIF	USF2_HUMAN.H11MO.0.A
-145.5	3
-144.5	5
-143.5	4
-142.5	5
-141.5	3
-140.5	6
-139.5	3
-138.5	10
-137.5	3
-136.5	4
-135.5	4
-134.5	9
-133.5	5
-132.5	3
-131.5	5
-130.5	4
-129.5	4
-128.5	2
-127.5	10
-126.5	9
-125.5	4
-124.5	8
-123.5	5
-122.5	6
-121.5	5
-120.5	8
-119.5	5
-118.5	3
-117.5	6
-116.5	2
-115.5	7
-114.5	4
-113.5	8
-112.5	8
-111.5	5
-110.5	7
-109.5	0
-108.5	5
-107.5	2
-106.5	2
-105.5	9
-104.5	3
-103.5	8
-102.5	8
-101.5	5
-100.5	5
 -99.5	4
 -98.5	8
 -97.5	9
 -96.5	3
 -95.5	9
 -94.5	0
 -93.5	6
 -92.5	4.5
 -91.5	5
 -90.5	5
 -89.5	6
 -88.5	5
 -87.5	3
 -86.5	5
 -85.5	2
 -84.5	5
 -83.5	4
 -82.5	4
 -81.5	3
 -80.5	7
 -79.5	1
 -78.5	9
 -77.5	3
 -76.5	4
 -75.5	6
 -74.5	7
 -73.5	3
 -72.5	4
 -71.5	6
 -70.5	3
 -69.5	6
 -68.5	7
 -67.5	6
 -66.5	3
 -65.5	5
 -64.5	6.5
 -63.5	2
 -62.5	5
 -61.5	7
 -60.5	9
 -59.5	8.5
 -58.5	10
 -57.5	8
 -56.5	6
 -55.5	8
 -54.5	5
 -53.5	3.5
 -52.5	5
 -51.5	11
 -50.5	5
 -49.5	6.5
 -48.5	7
 -47.5	8
 -46.5	6
 -45.5	3
 -44.5	8
 -43.5	8
 -42.5	6
 -41.5	5
 -40.5	2
 -39.5	6
 -38.5	8
 -37.5	5
 -36.5	8
 -35.5	8
 -34.5	6
 -33.5	5
 -32.5	5
 -31.5	8
 -30.5	3
 -29.5	5
 -28.5	8
 -27.5	10
 -26.5	10
 -25.5	7
 -24.5	4.5
 -23.5	6.5
 -22.5	10
 -21.5	7
 -20.5	2
 -19.5	7
 -18.5	5
 -17.5	4
 -16.5	3
 -15.5	7
 -14.5	4
 -13.5	3
 -12.5	5
 -11.5	5
 -10.5	5
  -9.5	5
  -8.5	13
  -7.5	3
  -6.5	12
  -5.5	13
  -4.5	9
  -3.5	6
  -2.5	6
  -1.5	8
  -0.5	6
   0.5	8
   1.5	9
   2.5	6
   3.5	7
   4.5	10
   5.5	6
   6.5	0
   7.5	5
   8.5	6
   9.5	9
  10.5	9
  11.5	7
  12.5	9
  13.5	4
  14.5	5
  15.5	9
  16.5	7
  17.5	13
  18.5	6
  19.5	8
  20.5	3
  21.5	9
  22.5	7
  23.5	5
  24.5	5
  25.5	4
  26.5	5
  27.5	4
  28.5	8
  29.5	8
  30.5	3
  31.5	6
  32.5	3
  33.5	6
  34.5	5
  35.5	10
  36.5	6
  37.5	3
  38.5	6
  39.5	2
  40.5	6
  41.5	11
  42.5	6
  43.5	6
  44.5	6
  45.5	9
  46.5	4
  47.5	4
  48.5	3
  49.5	5
  50.5	5
  51.5	7
  52.5	4
  53.5	6
  54.5	5
  55.5	5
  56.5	4
  57.5	2
  58.5	4
  59.5	4
  60.5	11
  61.5	8
  62.5	6
  63.5	4
  64.5	7
  65.5	1
  66.5	5
  67.5	5
  68.5	5
  69.5	5
  70.5	6
  71.5	1
  72.5	2
  73.5	1
  74.5	5
  75.5	3
  76.5	6.5
  77.5	6
  78.5	4
  79.5	5
  80.5	3
  81.5	2
  82.5	2
  83.5	3
  84.5	6
  85.5	3
  86.5	3
  87.5	8
  88.5	9
  89.5	7
  90.5	6
  91.5	7
  92.5	5
  93.5	5
  94.5	8
  95.5	6
  96.5	1
  97.5	1
  98.5	1
  99.5	3
 100.5	7
 101.5	3
 102.5	9
 103.5	4
 104.5	1
 105.5	5
 106.5	3
 107.5	5
 108.5	5
 109.5	4
 110.5	5
 111.5	9
 112.5	5
 113.5	5
 114.5	2
 115.5	7
 116.5	8
 117.5	4
 118.5	8
 119.5	3
 120.5	2
 121.5	9
 122.5	7
 123.5	4
 124.5	6
 125.5	4
 126.5	1
 127.5	3
 128.5	8
 129.5	5
 130.5	6
 131.5	4
 132.5	4
 133.5	6
 134.5	6
 135.5	6
 136.5	2
 137.5	9
 138.5	6
 139.5	6
 140.5	3
 141.5	4
 142.5	9
 143.5	4
 144.5	7
 145.5	4
DB 2 MOTIF	VDR_HUMAN.H11MO.1.A
-150.5	14
-149.5	31.5
-148.5	20
-147.5	14
-146.5	18
-145.5	18
-144.5	11
-143.5	26
-142.5	14.5
-141.5	20
-140.5	22
-139.5	19
-138.5	19
-137.5	19
-136.5	17
-135.5	20
-134.5	18
-133.5	17
-132.5	12
-131.5	22
-130.5	21
-129.5	19
-128.5	16.5
-127.5	16
-126.5	15
-125.5	24.5
-124.5	21.5
-123.5	21.5
-122.5	17
-121.5	17
-120.5	25
-119.5	15
-118.5	14
-117.5	22.5
-116.5	21.5
-115.5	12
-114.5	15
-113.5	22
-112.5	24
-111.5	28
-110.5	19
-109.5	20
-108.5	19
-107.5	16
-106.5	19.5
-105.5	21.5
-104.5	18
-103.5	20
-102.5	28
-101.5	23
-100.5	28
 -99.5	10.25
 -98.5	16
 -97.5	20.5
 -96.5	21
 -95.5	17
 -94.5	26
 -93.5	17.5
 -92.5	20
 -91.5	21.5
 -90.5	19
 -89.5	24
 -88.5	26
 -87.5	24
 -86.5	29
 -85.5	19
 -84.5	19
 -83.5	15.5
 -82.5	21
 -81.5	20
 -80.5	29
 -79.5	24
 -78.5	21
 -77.5	23
 -76.5	27
 -75.5	21
 -74.5	22
 -73.5	17
 -72.5	26.5
 -71.5	28.5
 -70.5	14.5
 -69.5	21
 -68.5	18
 -67.5	19
 -66.5	24
 -65.5	21.3333
 -64.5	22
 -63.5	23
 -62.5	25
 -61.5	28
 -60.5	15
 -59.5	24
 -58.5	20.5
 -57.5	18
 -56.5	21
 -55.5	21
 -54.5	13
 -53.5	20.5
 -52.5	22.8333
 -51.5	18
 -50.5	23.5
 -49.5	22
 -48.5	20.5
 -47.5	20.5
 -46.5	19.5
 -45.5	29
 -44.5	26
 -43.5	26
 -42.5	19.75
 -41.5	18.5
 -40.5	18.5
 -39.5	23
 -38.5	26
 -37.5	23.5
 -36.5	25.3333
 -35.5	24.5
 -34.5	24
 -33.5	25.5
 -32.5	27
 -31.5	27
 -30.5	28
 -29.5	23
 -28.5	24.5
 -27.5	33
 -26.5	23.5
 -25.5	24
 -24.5	19
 -23.5	24
 -22.5	31
 -21.5	24.5
 -20.5	17.5
 -19.5	18
 -18.5	19.5
 -17.5	25
 -16.5	24
 -15.5	31.5
 -14.5	23
 -13.5	32.5
 -12.5	21.5
 -11.5	26
 -10.5	28
  -9.5	33
  -8.5	20
  -7.5	20
  -6.5	21
  -5.5	27
  -4.5	28
  -3.5	22.5
  -2.5	17
  -1.5	31.5
  -0.5	25.5
   0.5	28
   1.5	30.3333
   2.5	26.3333
   3.5	27
   4.5	26.8333
   5.5	22
   6.5	25
   7.5	33
   8.5	31.5
   9.5	23
  10.5	23
  11.5	21.5
  12.5	23
  13.5	29
  14.5	26
  15.5	24
  16.5	28.5
  17.5	33.25
  18.5	23.5
  19.5	19
  20.5	23
  21.5	29.5
  22.5	27
  23.5	30
  24.5	24
  25.5	23.5
  26.5	26
  27.5	31.5
  28.5	25
  29.5	23
  30.5	28.5
  31.5	31.5
  32.5	28.5
  33.5	27
  34.5	22.5
  35.5	30.3333
  36.5	23
  37.5	23
  38.5	29
  39.5	23.5
  40.5	24
  41.5	28.5
  42.5	21
  43.5	22
  44.5	27.5
  45.5	23.8333
  46.5	28
  47.5	28
  48.5	27
  49.5	23
  50.5	24.5
  51.5	22.3333
  52.5	15.5
  53.5	21
  54.5	29.5
  55.5	22
  56.5	23.5
  57.5	27
  58.5	21
  59.5	24
  60.5	19
  61.5	23.5
  62.5	29
  63.5	26
  64.5	29
  65.5	22.5
  66.5	32
  67.5	24
  68.5	26.1667
  69.5	23.5
  70.5	17.5
  71.5	16
  72.5	27
  73.5	22.25
  74.5	28
  75.5	10
  76.5	11
  77.5	20
  78.5	18
  79.5	28
  80.5	21
  81.5	28
  82.5	16
  83.5	17
  84.5	24.5
  85.5	16
  86.5	25
  87.5	18
  88.5	24
  89.5	18
  90.5	20
  91.5	22
  92.5	20
  93.5	24
  94.5	12
  95.5	8
  96.5	23
  97.5	18
  98.5	19.5
  99.5	18
 100.5	23
 101.5	19
 102.5	14
 103.5	17.3333
 104.5	22.5
 105.5	17.5
 106.5	18
 107.5	27
 108.5	14
 109.5	19.5
 110.5	26
 111.5	15.5
 112.5	15
 113.5	27
 114.5	21.5
 115.5	14
 116.5	12
 117.5	18
 118.5	21
 119.5	10
 120.5	22
 121.5	17
 122.5	11
 123.5	21
 124.5	17
 125.5	25
 126.5	18
 127.5	14
 128.5	15
 129.5	23.5
 130.5	14.5
 131.5	19
 132.5	24.5
 133.5	13
 134.5	22
 135.5	21
 136.5	20
 137.5	23
 138.5	9.5
 139.5	19
 140.5	10
 141.5	17
 142.5	23
 143.5	21
 144.5	21
 145.5	17.5
 146.5	24.5
 147.5	13
 148.5	22
 149.5	19.5
 150.5	16
DB 2 MOTIF	ZKSC1_HUMAN.H11MO.0.B
-145.5	16
-144.5	9
-143.5	10
-142.5	7
-141.5	14
-140.5	13
-139.5	13
-138.5	19
-137.5	7
-136.5	6
-135.5	12
-134.5	12
-133.5	10
-132.5	14
-131.5	9
-130.5	7
-129.5	8.5
-128.5	13
-127.5	13
-126.5	8
-125.5	13
-124.5	7
-123.5	9
-122.5	9
-121.5	9
-120.5	7
-119.5	9
-118.5	8
-117.5	8
-116.5	13
-115.5	7
-114.5	13
-113.5	10
-112.5	6
-111.5	6
-110.5	12
-109.5	10
-108.5	10
-107.5	13
-106.5	7
-105.5	14
-104.5	11
-103.5	4
-102.5	9
-101.5	8
-100.5	7
 -99.5	10
 -98.5	16
 -97.5	12
 -96.5	12
 -95.5	13
 -94.5	11
 -93.5	7
 -92.5	6
 -91.5	14
 -90.5	9
 -89.5	12
 -88.5	13
 -87.5	10
 -86.5	10
 -85.5	10
 -84.5	16
 -83.5	13
 -82.5	8
 -81.5	8
 -80.5	15
 -79.5	7
 -78.5	14
 -77.5	7
 -76.5	6
 -75.5	6
 -74.5	11
 -73.5	10
 -72.5	5
 -71.5	7.5
 -70.5	9
 -69.5	10
 -68.5	15
 -67.5	14
 -66.5	12
 -65.5	15
 -64.5	12
 -63.5	15
 -62.5	6
 -61.5	10
 -60.5	11
 -59.5	9
 -58.5	11
 -57.5	11
 -56.5	11
 -55.5	12
 -54.5	9
 -53.5	13
 -52.5	10
 -51.5	10
 -50.5	13
 -49.5	10
 -48.5	11
 -47.5	19
 -46.5	10
 -45.5	15
 -44.5	18
 -43.5	12
 -42.5	16
 -41.5	10
 -40.5	9
 -39.5	12
 -38.5	13
 -37.5	14
 -36.5	9
 -35.5	11
 -34.5	13
 -33.5	8
 -32.5	11
 -31.5	14
 -30.5	14.5
 -29.5	16
 -28.5	19
 -27.5	12
 -26.5	14
 -25.5	12
 -24.5	9
 -23.5	12
 -22.5	15
 -21.5	8
 -20.5	14
 -19.5	16
 -18.5	18
 -17.5	14
 -16.5	12
 -15.5	15
 -14.5	10
 -13.5	22
 -12.5	15
 -11.5	6
 -10.5	12
  -9.5	8
  -8.5	12
  -7.5	10
  -6.5	15
  -5.5	11
  -4.5	11
  -3.5	9
  -2.5	12
  -1.5	14
  -0.5	8
   0.5	16
   1.5	15
   2.5	10
   3.5	6
   4.5	5
   5.5	10
   6.5	19
   7.5	8
   8.5	12
   9.5	9.5
  10.5	11
  11.5	14
  12.5	7
  13.5	8
  14.5	12
  15.5	15
  16.5	12
  17.5	12
  18.5	14
  19.5	12
  20.5	10
  21.5	22
  22.5	13
  23.5	7
  24.5	15
  25.5	8
  26.5	14
  27.5	8
  28.5	8
  29.5	12
  30.5	15
  31.5	13
  32.5	9
  33.5	15
  34.5	12
  35.5	15
  36.5	4
  37.5	15
  38.5	14
  39.5	9
  40.5	4
  41.5	5
  42.5	19
  43.5	16.5
  44.5	8
  45.5	9
  46.5	13
  47.5	14
  48.5	10
  49.5	14
  50.5	4
  51.5	10
  52.5	11
  53.5	12
  54.5	14
  55.5	4
  56.5	14
  57.5	14
  58.5	2
  59.5	13
  60.5	12
  61.5	9
  62.5	6
  63.5	12
  64.5	10
  65.5	12
  66.5	8
  67.5	10
  68.5	13
  69.5	9
  70.5	6
  71.5	10
  72.5	12
  73.5	9.5
  74.5	7.5
  75.5	13
  76.5	14
  77.5	11
  78.5	12
  79.5	6
  80.5	12
  81.5	8
  82.5	16
  83.5	12
  84.5	6
  85.5	13
  86.5	15
  87.5	19
  88.5	6
  89.5	8
  90.5	12
  91.5	12
  92.5	16
  93.5	21
  94.5	13
  95.5	9
  96.5	7
  97.5	8.5
  98.5	11
  99.5	19
 100.5	14
 101.5	10
 102.5	6
 103.5	10
 104.5	14
 105.5	10
 106.5	7
 107.5	12
 108.5	9
 109.5	8
 110.5	10
 111.5	6
 112.5	9
 113.5	14
 114.5	9
 115.5	8
 116.5	9
 117.5	13
 118.5	6
 119.5	10
 120.5	9
 121.5	7
 122.5	20
 123.5	10
 124.5	10
 125.5	6
 126.5	14
 127.5	10
 128.5	13
 129.5	9
 130.5	12
 131.5	12
 132.5	13
 133.5	14
 134.5	8
 135.5	9
 136.5	11
 137.5	11
 138.5	6.5
 139.5	11
 140.5	9.5
 141.5	11
 142.5	7
 143.5	12
 144.5	7
 145.5	8
DB 2 MOTIF	ZSC16_HUMAN.H11MO.0.D
-145.0	2
-144.0	3
-143.0	7
-142.0	4
-141.0	3
-140.0	4
-139.0	4
-138.0	4
-137.0	5
-136.0	1
-135.0	4
-134.0	1
-133.0	2
-132.0	2
-131.0	0
-130.0	2
-129.0	2
-128.0	3
-127.0	4
-126.0	2
-125.0	4
-124.0	1
-123.0	3
-122.0	4
-121.0	2
-120.0	2
-119.0	0
-118.0	1
-117.0	3
-116.0	1
-115.0	7
-114.0	1
-113.0	6
-112.0	2
-111.0	2
-110.0	2
-109.0	4
-108.0	4
-107.0	3
-106.0	3
-105.0	3
-104.0	3
-103.0	1
-102.0	2
-101.0	4
-100.0	6
 -99.0	2
 -98.0	1
 -97.0	2
 -96.0	2
 -95.0	2
 -94.0	1
 -93.0	2
 -92.0	1
 -91.0	4
 -90.0	2
 -89.0	3
 -88.0	2
 -87.0	5
 -86.0	1
 -85.0	2
 -84.0	2
 -83.0	4
 -82.0	2
 -81.0	1
 -80.0	4
 -79.0	3
 -78.0	5
 -77.0	2
 -76.0	6
 -75.0	1
 -74.0	6
 -73.0	2
 -72.0	1
 -71.0	3
 -70.0	4
 -69.0	5
 -68.0	8
 -67.0	2
 -66.0	7
 -65.0	5
 -64.0	5
 -63.0	1
 -62.0	3
 -61.0	4
 -60.0	2
 -59.0	5
 -58.0	8
 -57.0	5
 -56.0	6
 -55.0	4
 -54.0	3
 -53.0	4
 -52.0	5
 -51.0	5
 -50.0	3
 -49.0	4
 -48.0	3
 -47.0	2
 -46.0	3
 -45.0	3
 -44.0	3
 -43.0	7
 -42.0	4
 -41.0	7
 -40.0	6
 -39.0	3
 -38.0	4
 -37.0	1
 -36.0	5
 -35.0	5
 -34.0	4
 -33.0	2
 -32.0	6
 -31.0	4
 -30.0	2
 -29.0	3
 -28.0	6
 -27.0	6
 -26.0	3
 -25.0	4
 -24.0	3
 -23.0	5
 -22.0	3
 -21.0	3
 -20.0	4
 -19.0	6
 -18.0	5
 -17.0	3
 -16.0	5
 -15.0	4
 -14.0	6
 -13.0	4
 -12.0	7
 -11.0	10
 -10.0	7
  -9.0	10
  -8.0	7
  -7.0	11
  -6.0	6
  -5.0	3
  -4.0	3
  -3.0	6
  -2.0	2
  -1.0	3
   0.0	5
   1.0	6
   2.0	5
   3.0	6
   4.0	6
   5.0	6
   6.0	5
   7.0	5
   8.0	4
   9.0	7
  10.0	4
  11.0	8
  12.0	9
  13.0	5
  14.0	5
  15.0	5
  16.0	4
  17.0	6
  18.0	5
  19.0	4
  20.0	8
  21.0	4
  22.0	3
  23.0	7
  24.0	3
  25.0	2
  26.0	7
  27.0	3
  28.0	2
  29.0	0
  30.0	5
  31.0	3
  32.0	6
  33.0	4
  34.0	5
  35.0	6
  36.0	3
  37.0	1
  38.0	3
  39.0	2
  40.0	6
  41.0	4
  42.0	5
  43.0	7
  44.0	5
  45.0	3
  46.0	8
  47.0	6
  48.0	6
  49.0	3
  50.0	2
  51.0	4
  52.0	7
  53.0	4
  54.0	4
  55.0	9
  56.0	6
  57.0	2
  58.0	0
  59.0	1
  60.0	4
  61.0	8
  62.0	4
  63.0	6
  64.0	5
  65.0	2
  66.0	4
  67.0	6
  68.0	4
  69.0	3
  70.0	6
  71.0	0
  72.0	11
  73.0	4
  74.0	2
  75.0	3
  76.0	7
  77.0	2
  78.0	2
  79.0	2
  80.0	5
  81.0	3
  82.0	4
  83.0	1
  84.0	4
  85.0	2
  86.0	0
  87.0	4
  88.0	2
  89.0	6
  90.0	8
  91.0	6
  92.0	1
  93.0	2
  94.0	7
  95.0	3
  96.0	5
  97.0	4
  98.0	2
  99.0	4
 100.0	3
 101.0	2
 102.0	2
 103.0	5
 104.0	1
 105.0	2
 106.0	3
 107.0	2
 108.0	5
 109.0	1
 110.0	5
 111.0	3
 112.0	3
 113.0	6
 114.0	6
 115.0	6
 116.0	2
 117.0	2
 118.0	2
 119.0	3
 120.0	1
 121.0	4
 122.0	3
 123.0	4
 124.0	5
 125.0	1
 126.0	1
 127.0	5
 128.0	0
 129.0	2
 130.0	3
 131.0	4
 132.0	3
 133.0	4
 134.0	2
 135.0	3
 136.0	1
 137.0	3
 138.0	3
 139.0	4
 140.0	0
 141.0	6
 142.0	0
 143.0	2
 144.0	1
 145.0	2
