DB 1 MOTIF	2-GCCRSCAGGGGGCGC	STREME-2
-227.5	8
-226.5	3
-225.5	2
-224.5	5
-223.5	9
-222.5	0
-221.5	3
-220.5	5
-219.5	3
-218.5	5
-217.5	4
-216.5	3
-215.5	3.14286
-214.5	6
-213.5	5
-212.5	6
-211.5	9
-210.5	5
-209.5	4
-208.5	5
-207.5	9.5
-206.5	2
-205.5	4
-204.5	5
-203.5	7
-202.5	3
-201.5	7
-200.5	10
-199.5	4
-198.5	7.14286
-197.5	8
-196.5	4
-195.5	7
-194.5	6
-193.5	4
-192.5	3
-191.5	6
-190.5	0
-189.5	7
-188.5	5
-187.5	4
-186.5	7
-185.5	5
-184.5	6
-183.5	6
-182.5	4
-181.5	6.14286
-180.5	5
-179.5	10
-178.5	8
-177.5	8
-176.5	4
-175.5	9
-174.5	2
-173.5	8
-172.5	3
-171.5	9
-170.5	7
-169.5	4
-168.5	1
-167.5	5
-166.5	7
-165.5	6
-164.5	8.14286
-163.5	7
-162.5	7
-161.5	8.5
-160.5	5
-159.5	7
-158.5	4
-157.5	3
-156.5	1
-155.5	3
-154.5	6
-153.5	8
-152.5	4
-151.5	4
-150.5	3
-149.5	6
-148.5	5
-147.5	6.14286
-146.5	3
-145.5	4
-144.5	5
-143.5	4
-142.5	4
-141.5	6
-140.5	4
-139.5	3
-138.5	1
-137.5	10
-136.5	4
-135.5	8
-134.5	6
-133.5	6
-132.5	10
-131.5	2
-130.5	7.14286
-129.5	5
-128.5	3
-127.5	10
-126.5	5
-125.5	6
-124.5	7
-123.5	8
-122.5	8
-121.5	5
-120.5	5
-119.5	5.2
-118.5	5
-117.5	6
-116.5	8
-115.5	10
-114.5	5
-113.5	6.14286
-112.5	6
-111.5	5
-110.5	3
-109.5	5
-108.5	7
-107.5	7
-106.5	10
-105.5	6
-104.5	7
-103.5	3
-102.5	2
-101.5	7
-100.5	2
 -99.5	4
 -98.5	10
 -97.5	3
 -96.5	4
 -95.5	6
 -94.5	6
 -93.5	9
 -92.5	7
 -91.5	5
 -90.5	6
 -89.5	7
 -88.5	8
 -87.5	7
 -86.5	5
 -85.5	7.2
 -84.5	5
 -83.5	2
 -82.5	9
 -81.5	8
 -80.5	10
 -79.5	9
 -78.5	6
 -77.5	9
 -76.5	9
 -75.5	5
 -74.5	3
 -73.5	4
 -72.5	3
 -71.5	5
 -70.5	5
 -69.5	7
 -68.5	2
 -67.5	14
 -66.5	6
 -65.5	7
 -64.5	2
 -63.5	9
 -62.5	5.5
 -61.5	6
 -60.5	5
 -59.5	9
 -58.5	6
 -57.5	4
 -56.5	8
 -55.5	7
 -54.5	8
 -53.5	5
 -52.5	7
 -51.5	7.2
 -50.5	8
 -49.5	9
 -48.5	14
 -47.5	10
 -46.5	10
 -45.5	6
 -44.5	10
 -43.5	9
 -42.5	11
 -41.5	5
 -40.5	8
 -39.5	8
 -38.5	10
 -37.5	10
 -36.5	9
 -35.5	4
 -34.5	9
 -33.5	10
 -32.5	5
 -31.5	9
 -30.5	10
 -29.5	7
 -28.5	8
 -27.5	8
 -26.5	7
 -25.5	11
 -24.5	13
 -23.5	6
 -22.5	6
 -21.5	9
 -20.5	15
 -19.5	8
 -18.5	10
 -17.5	4
 -16.5	8
 -15.5	8
 -14.5	6
 -13.5	6
 -12.5	11
 -11.5	13
 -10.5	8
  -9.5	9
  -8.5	8.5
  -7.5	13
  -6.5	6
  -5.5	15.5
  -4.5	11
  -3.5	13
  -2.5	10
  -1.5	6
  -0.5	9
   0.5	8
   1.5	6
   2.5	7
   3.5	8
   4.5	4
   5.5	9
   6.5	16
   7.5	11
   8.5	4
   9.5	8
  10.5	14
  11.5	11
  12.5	7
  13.5	4
  14.5	8
  15.5	16
  16.5	9
  17.5	8
  18.5	6
  19.5	19
  20.5	11
  21.5	8
  22.5	13
  23.5	12
  24.5	13
  25.5	7
  26.5	4
  27.5	11
  28.5	8
  29.5	8
  30.5	7
  31.5	4
  32.5	10
  33.5	13
  34.5	14
  35.5	10
  36.5	9
  37.5	8
  38.5	9
  39.5	5
  40.5	2
  41.5	5
  42.5	11
  43.5	9
  44.5	4
  45.5	11
  46.5	4
  47.5	5
  48.5	12
  49.5	8
  50.5	6
  51.5	7
  52.5	8
  53.5	4
  54.5	4
  55.5	2
  56.5	4
  57.5	12
  58.5	7
  59.5	8
  60.5	8
  61.5	4
  62.5	8
  63.5	3
  64.5	5
  65.5	3
  66.5	6
  67.5	12
  68.5	4
  69.5	9
  70.5	10
  71.5	8
  72.5	8
  73.5	8
  74.5	4
  75.5	6
  76.5	6
  77.5	5
  78.5	9
  79.5	7
  80.5	6
  81.5	10
  82.5	5.5
  83.5	4
  84.5	7
  85.5	8
  86.5	4
  87.5	6
  88.5	7
  89.5	1
  90.5	3
  91.5	12
  92.5	3
  93.5	8
  94.5	7
  95.5	5
  96.5	7
  97.5	4
  98.5	8
  99.5	3
 100.5	3.5
 101.5	1.5
 102.5	5
 103.5	4
 104.5	3
 105.5	6
 106.5	5
 107.5	6
 108.5	7
 109.5	3
 110.5	4
 111.5	4
 112.5	4
 113.5	3
 114.5	5
 115.5	6
 116.5	9.2
 117.5	3
 118.5	4
 119.5	4
 120.5	8
 121.5	4
 122.5	3
 123.5	5
 124.5	8
 125.5	5
 126.5	4
 127.5	4
 128.5	4
 129.5	2
 130.5	5
 131.5	5
 132.5	8
 133.5	2
 134.5	7
 135.5	3
 136.5	5
 137.5	1
 138.5	4.33333
 139.5	5
 140.5	12
 141.5	7
 142.5	6
 143.5	3
 144.5	9
 145.5	5.33333
 146.5	4
 147.5	7
 148.5	4
 149.5	4
 150.5	3
 151.5	6
 152.5	7
 153.5	8
 154.5	6
 155.5	4
 156.5	3
 157.5	3
 158.5	4
 159.5	3
 160.5	4
 161.5	6
 162.5	0
 163.5	3
 164.5	1
 165.5	4
 166.5	7
 167.5	4
 168.5	5
 169.5	5.33333
 170.5	6
 171.5	3
 172.5	4.33333
 173.5	2
 174.5	2
 175.5	6
 176.5	4
 177.5	3
 178.5	4
 179.5	2
 180.5	5
 181.5	7
 182.5	5
 183.5	4
 184.5	6.2
 185.5	2
 186.5	0
 187.5	4
 188.5	1
 189.5	4
 190.5	6
 191.5	5
 192.5	3
 193.5	3
 194.5	2
 195.5	7
 196.5	3
 197.5	3.33333
 198.5	4
 199.5	6
 200.5	1
 201.5	3
 202.5	3
 203.5	2
 204.5	8
 205.5	5.5
 206.5	6.33333
 207.5	4
 208.5	7
 209.5	4
 210.5	13
 211.5	4
 212.5	6
 213.5	7
 214.5	2
 215.5	4
 216.5	7
 217.5	4
 218.5	1.5
 219.5	9
 220.5	6
 221.5	4
 222.5	10
 223.5	4
 224.5	7
 225.5	6
 226.5	5
 227.5	4
DB 1 MOTIF	4-CGCATGCGCA	STREME-4
-230.0	9.5
-229.0	2.36111
-228.0	10.5
-227.0	3
-226.0	6
-225.0	4
-224.0	2.5
-223.0	7
-222.0	12
-221.0	7
-220.0	7
-219.0	5
-218.0	4.5
-217.0	3
-216.0	8.5
-215.0	6.5
-214.0	6.33333
-213.0	5
-212.0	5.5
-211.0	2
-210.0	8
-209.0	4
-208.0	7
-207.0	6
-206.0	7
-205.0	4
-204.0	9
-203.0	6
-202.0	6.33333
-201.0	5
-200.0	8
-199.0	8
-198.0	8
-197.0	1.5
-196.0	5
-195.0	8.5
-194.0	8.5
-193.0	9.75
-192.0	5
-191.0	5
-190.0	3
-189.0	8.5
-188.0	8.5
-187.0	7.11111
-186.0	11.1667
-185.0	3.5
-184.0	3
-183.0	8.5
-182.0	5
-181.0	3
-180.0	9
-179.0	8.5
-178.0	4
-177.0	8.11111
-176.0	7.5
-175.0	2
-174.0	4.14286
-173.0	6.5
-172.0	6
-171.0	8
-170.0	7.5
-169.0	14
-168.0	8
-167.0	5.75
-166.0	7.5
-165.0	7.5
-164.0	3
-163.0	5
-162.0	3
-161.0	5
-160.0	8
-159.0	7
-158.0	4.5
-157.0	8
-156.0	8
-155.0	7.5
-154.0	5
-153.0	6.5
-152.0	2
-151.0	6
-150.0	5
-149.0	4.75
-148.0	13
-147.0	15
-146.0	5
-145.0	11
-144.0	7
-143.0	6
-142.0	7.5
-141.0	10
-140.0	8
-139.0	6.61111
-138.0	7.5
-137.0	6
-136.0	8.9
-135.0	8
-134.0	7.5
-133.0	10.5
-132.0	4.5
-131.0	4
-130.0	3.5
-129.0	11
-128.0	6
-127.0	11
-126.0	10
-125.0	4
-124.0	7.2
-123.0	5.5
-122.0	7
-121.0	3.33333
-120.0	7.5
-119.0	11
-118.0	5.5
-117.0	9
-116.0	4
-115.0	8.5
-114.0	9.5
-113.0	9.5
-112.0	6
-111.0	8
-110.0	9
-109.0	9.5
-108.0	10
-107.0	5.33333
-106.0	7
-105.0	10
-104.0	8.2
-103.0	5
-102.0	7.5
-101.0	6
-100.0	6
 -99.0	7.5
 -98.0	8.81111
 -97.0	4.5
 -96.0	10.5
 -95.0	8
 -94.0	11
 -93.0	13.1111
 -92.0	8
 -91.0	8.83333
 -90.0	9.16667
 -89.0	8
 -88.0	9.5
 -87.0	8
 -86.0	6
 -85.0	6
 -84.0	2.64286
 -83.0	10
 -82.0	6
 -81.0	14
 -80.0	12
 -79.0	12
 -78.0	8
 -77.0	4
 -76.0	9
 -75.0	5
 -74.0	8.5
 -73.0	14.1111
 -72.0	6.5
 -71.0	8
 -70.0	9.5
 -69.0	4
 -68.0	9.33333
 -67.0	5
 -66.0	15.3333
 -65.0	5
 -64.0	4.5
 -63.0	10
 -62.0	9.5
 -61.0	15
 -60.0	10.5
 -59.0	16.1111
 -58.0	4
 -57.0	7
 -56.0	7
 -55.0	4
 -54.0	9
 -53.0	8
 -52.0	9
 -51.0	4.5
 -50.0	4
 -49.0	12.3333
 -48.0	4
 -47.0	2
 -46.0	6.33333
 -45.0	11.5
 -44.0	9.33333
 -43.0	4
 -42.0	11
 -41.0	12.3333
 -40.0	7.2
 -39.0	7.11111
 -38.0	9
 -37.0	9
 -36.0	8.5
 -35.0	7.5
 -34.0	9
 -33.0	8
 -32.0	9
 -31.0	10
 -30.0	12
 -29.0	4
 -28.0	7
 -27.0	6.83333
 -26.0	16
 -25.0	8
 -24.0	8
 -23.0	4.5
 -22.0	8
 -21.0	8
 -20.0	5
 -19.0	7
 -18.0	7
 -17.0	12
 -16.0	8
 -15.0	12.2
 -14.0	12.1429
 -13.0	9.2
 -12.0	7
 -11.0	5
 -10.0	9
  -9.0	6
  -8.0	9.2
  -7.0	5.25
  -6.0	5.61111
  -5.0	6.41667
  -4.0	10.3333
  -3.0	8
  -2.0	9.7
  -1.0	7.25
   0.0	10
   1.0	4.25
   2.0	6
   3.0	9
   4.0	8
   5.0	4
   6.0	4.5
   7.0	5.11111
   8.0	3
   9.0	7
  10.0	10
  11.0	15.5
  12.0	10
  13.0	5
  14.0	3.2
  15.0	11
  16.0	4.34286
  17.0	7
  18.0	4
  19.0	7
  20.0	5
  21.0	7.2
  22.0	2
  23.0	11
  24.0	11
  25.0	5
  26.0	9
  27.0	8
  28.0	9.5
  29.0	11
  30.0	8.5
  31.0	9
  32.0	8
  33.0	6.5
  34.0	7.5
  35.0	8.33333
  36.0	7.14286
  37.0	8.33333
  38.0	3.5
  39.0	6.44444
  40.0	14
  41.0	8
  42.0	8.5
  43.0	12
  44.0	6
  45.0	9.83333
  46.0	4
  47.0	7
  48.0	6
  49.0	7
  50.0	4.33333
  51.0	14
  52.0	3
  53.0	8
  54.0	6
  55.0	10
  56.0	9
  57.0	8
  58.0	10
  59.0	3.33333
  60.0	7
  61.0	7
  62.0	8
  63.0	7
  64.0	5
  65.0	5
  66.0	3
  67.0	5.81111
  68.0	8
  69.0	8
  70.0	7.5
  71.0	6
  72.0	4
  73.0	9.5
  74.0	7.5
  75.0	2.5
  76.0	5
  77.0	6.5
  78.0	4
  79.0	5
  80.0	13.1111
  81.0	10.3333
  82.0	9
  83.0	4
  84.0	9
  85.0	5.2
  86.0	3.5
  87.0	7.86667
  88.0	3
  89.0	9
  90.0	9
  91.0	10
  92.0	8.83333
  93.0	8
  94.0	6.33333
  95.0	5
  96.0	3
  97.0	10
  98.0	6.33333
  99.0	8
 100.0	5
 101.0	2.5
 102.0	8
 103.0	1.33333
 104.0	8
 105.0	11
 106.0	9
 107.0	7
 108.0	8
 109.0	12
 110.0	6
 111.0	5
 112.0	3.2
 113.0	10
 114.0	4
 115.0	7
 116.0	5
 117.0	9.66667
 118.0	7.83333
 119.0	8.7
 120.0	5.33333
 121.0	7.2
 122.0	3.83333
 123.0	3.2
 124.0	5
 125.0	8.2
 126.0	6.11111
 127.0	10.7
 128.0	5
 129.0	7.5
 130.0	7.25
 131.0	9.5
 132.0	4.95
 133.0	8.5
 134.0	12.25
 135.0	8
 136.0	5.25
 137.0	5
 138.0	3
 139.0	7
 140.0	7.5
 141.0	12
 142.0	9.83333
 143.0	6
 144.0	2
 145.0	4.5
 146.0	11
 147.0	3.5
 148.0	8
 149.0	8
 150.0	8
 151.0	3.5
 152.0	10.5
 153.0	3.5
 154.0	2.5
 155.0	6
 156.0	8
 157.0	4.5
 158.0	4
 159.0	2
 160.0	7
 161.0	10
 162.0	6
 163.0	6
 164.0	7.11111
 165.0	7
 166.0	10
 167.0	4.5
 168.0	6
 169.0	2.25
 170.0	6
 171.0	6.83333
 172.0	4
 173.0	8
 174.0	7
 175.0	10.2
 176.0	10
 177.0	5
 178.0	3
 179.0	4
 180.0	8
 181.0	9
 182.0	4
 183.0	5.5
 184.0	9
 185.0	8.75
 186.0	5
 187.0	9.14286
 188.0	6
 189.0	4
 190.0	7
 191.0	7
 192.0	7
 193.0	4.25
 194.0	4
 195.0	3.75
 196.0	5
 197.0	6.2
 198.0	9
 199.0	6.75
 200.0	5.33333
 201.0	7.5
 202.0	8
 203.0	3.33333
 204.0	8
 205.0	9.5
 206.0	5.5
 207.0	5
 208.0	3.5
 209.0	2
 210.0	7.11111
 211.0	5.5
 212.0	5
 213.0	6
 214.0	7.33333
 215.0	6.5
 216.0	6
 217.0	8.25
 218.0	7.5
 219.0	8
 220.0	6
 221.0	5.5
 222.0	8.5
 223.0	6
 224.0	6
 225.0	4
 226.0	2.61111
 227.0	7.14286
 228.0	4
 229.0	5
 230.0	5
DB 1 MOTIF	5-CCGCCGCCGCCGCC	STREME-5
-228.0	8
-227.0	4
-226.0	11.1111
-225.0	6
-224.0	5.5
-223.0	7.11111
-222.0	8.25
-221.0	6.5
-220.0	5.44444
-219.0	10.25
-218.0	4
-217.0	7.33333
-216.0	14.25
-215.0	4
-214.0	7.66667
-213.0	8.75
-212.0	8
-211.0	6.83333
-210.0	7
-209.0	6.5
-208.0	10.8333
-207.0	17.5
-206.0	12.5
-205.0	9.5
-204.0	8
-203.0	7.5
-202.0	9
-201.0	10
-200.0	12.5
-199.0	7
-198.0	7
-197.0	7.5
-196.0	12
-195.0	9
-194.0	9.5
-193.0	9
-192.0	5.5
-191.0	3
-190.0	13
-189.0	7.5
-188.0	5
-187.0	7
-186.0	10
-185.0	9
-184.0	7
-183.0	5
-182.0	8.5
-181.0	10
-180.0	8
-179.0	8.5
-178.0	11
-177.0	7
-176.0	9
-175.0	6.11111
-174.0	9.5
-173.0	12
-172.0	13
-171.0	6
-170.0	4
-169.0	10.5
-168.0	13.5
-167.0	13.8333
-166.0	9
-165.0	7.5
-164.0	9.33333
-163.0	9.33333
-162.0	7
-161.0	11.3333
-160.0	6.33333
-159.0	3.125
-158.0	11
-157.0	9.94444
-156.0	5.7
-155.0	7
-154.0	11.1111
-153.0	14.7
-152.0	7
-151.0	7.61111
-150.0	11.2
-149.0	9
-148.0	6.23611
-147.0	11.3667
-146.0	12
-145.0	9.23611
-144.0	5.86667
-143.0	13.25
-142.0	9.125
-141.0	7.16667
-140.0	10.25
-139.0	6.125
-138.0	3.16667
-137.0	12.25
-136.0	12.125
-135.0	9.625
-134.0	12.0833
-133.0	4.125
-132.0	7.5
-131.0	3.83333
-130.0	6.125
-129.0	9.45833
-128.0	14.3333
-127.0	16.5
-126.0	9.33333
-125.0	16
-124.0	11
-123.0	10.125
-122.0	12
-121.0	7
-120.0	12.5833
-119.0	8
-118.0	11.3333
-117.0	10.375
-116.0	13
-115.0	4.33333
-114.0	15.0833
-113.0	10
-112.0	11.8333
-111.0	9.375
-110.0	11
-109.0	7.14286
-108.0	9
-107.0	7
-106.0	12.1429
-105.0	10.125
-104.0	15.5
-103.0	4.14286
-102.0	10.25
-101.0	9
-100.0	11.1429
 -99.0	7.875
 -98.0	15.5
 -97.0	15.1429
 -96.0	15.25
 -95.0	18.5
 -94.0	2.64286
 -93.0	9.75
 -92.0	13
 -91.0	11.6429
 -90.0	7.33333
 -89.0	11
 -88.0	5
 -87.0	6.33333
 -86.0	13
 -85.0	10.5
 -84.0	7.33333
 -83.0	10
 -82.0	11.5
 -81.0	13
 -80.0	9.5
 -79.0	14
 -78.0	12
 -77.0	6
 -76.0	8
 -75.0	9.5
 -74.0	11.8333
 -73.0	11
 -72.0	8
 -71.0	7.83333
 -70.0	15
 -69.0	8
 -68.0	7.83333
 -67.0	13
 -66.0	6
 -65.0	13.5
 -64.0	5
 -63.0	11.25
 -62.0	14.5
 -61.0	14.5
 -60.0	8.25
 -59.0	11
 -58.0	7.5
 -57.0	5.25
 -56.0	13
 -55.0	10
 -54.0	12.75
 -53.0	10
 -52.0	4
 -51.0	7
 -50.0	7
 -49.0	15
 -48.0	3
 -47.0	11
 -46.0	15
 -45.0	13.5
 -44.0	7
 -43.0	14
 -42.0	9
 -41.0	8
 -40.0	10.3333
 -39.0	10
 -38.0	10.5
 -37.0	11
 -36.0	10
 -35.0	9.5
 -34.0	16
 -33.0	14
 -32.0	6
 -31.0	8
 -30.0	12
 -29.0	9
 -28.0	11
 -27.0	3
 -26.0	7
 -25.0	6
 -24.0	11.5
 -23.0	18
 -22.0	8
 -21.0	5.5
 -20.0	11
 -19.0	11.5
 -18.0	7
 -17.0	11
 -16.0	13
 -15.0	11
 -14.0	14
 -13.0	10
 -12.0	9
 -11.0	4
 -10.0	8
  -9.0	8
  -8.0	11
  -7.0	3
  -6.0	11.3333
  -5.0	14.5
  -4.0	13
  -3.0	8
  -2.0	11
  -1.0	11
   0.0	14.3333
   1.0	19
   2.0	17
   3.0	8.33333
   4.0	10
   5.0	10.5
   6.0	10.3333
   7.0	11.5
   8.0	14.5
   9.0	7
  10.0	11
  11.0	8.16667
  12.0	9.5
  13.0	17.5
  14.0	7.16667
  15.0	10.5
  16.0	12
  17.0	10.1667
  18.0	16
  19.0	8
  20.0	14.1667
  21.0	6
  22.0	12.3333
  23.0	12.5
  24.0	10.5
  25.0	8.33333
  26.0	5.5
  27.0	5.25
  28.0	9.66667
  29.0	11
  30.0	8.25
  31.0	12.5333
  32.0	10.5
  33.0	9.25
  34.0	11.2
  35.0	8.5
  36.0	10.25
  37.0	11.2
  38.0	15
  39.0	7.5
  40.0	6.2
  41.0	11
  42.0	13.5
  43.0	14.2
  44.0	12
  45.0	9
  46.0	6
  47.0	10
  48.0	11.5
  49.0	11.625
  50.0	10
  51.0	10
  52.0	8.125
  53.0	7
  54.0	15
  55.0	10.25
  56.0	9
  57.0	10
  58.0	7.25
  59.0	17
  60.0	8
  61.0	13.25
  62.0	9
  63.0	11.5
  64.0	11.25
  65.0	5
  66.0	20.25
  67.0	7.73611
  68.0	8
  69.0	10
  70.0	8.73611
  71.0	13.5
  72.0	13
  73.0	11.1111
  74.0	4.5
  75.0	6.5
  76.0	11.1111
  77.0	14
  78.0	15.5
  79.0	9.11111
  80.0	7
  81.0	11
  82.0	15.5444
  83.0	14
  84.0	9
  85.0	13.2111
  86.0	7
  87.0	12
  88.0	10.2111
  89.0	14.5
  90.0	11.375
  91.0	5.21111
  92.0	3
  93.0	13
  94.0	15.1
  95.0	5.5
  96.0	11
  97.0	9.1
  98.0	8.5
  99.0	13.5
 100.0	11.1
 101.0	9.5
 102.0	10.5
 103.0	3.1
 104.0	6
 105.0	12.5
 106.0	9.1
 107.0	7.5
 108.0	8.25
 109.0	10.4333
 110.0	13.75
 111.0	7.75
 112.0	7.33333
 113.0	8.25
 114.0	8
 115.0	15.3333
 116.0	9.25
 117.0	7
 118.0	10
 119.0	9.25
 120.0	11
 121.0	9
 122.0	5
 123.0	12
 124.0	11
 125.0	10
 126.0	8
 127.0	4
 128.0	12
 129.0	10.3333
 130.0	7.25
 131.0	2.5
 132.0	6.33333
 133.0	16.5
 134.0	4.25
 135.0	13.3333
 136.0	9.5
 137.0	7
 138.0	8
 139.0	9.16667
 140.0	6
 141.0	8
 142.0	3.25
 143.0	8.14286
 144.0	9
 145.0	10
 146.0	8.14286
 147.0	7
 148.0	13.6667
 149.0	8.14286
 150.0	8.5
 151.0	4.33333
 152.0	7.64286
 153.0	9.5
 154.0	6
 155.0	15.1429
 156.0	8
 157.0	5.33333
 158.0	5.64286
 159.0	6
 160.0	9
 161.0	11.1429
 162.0	9.5
 163.0	8
 164.0	5
 165.0	9.75
 166.0	9
 167.0	8
 168.0	8.58333
 169.0	7
 170.0	9
 171.0	11.0833
 172.0	8.25
 173.0	9.16667
 174.0	10.0833
 175.0	5.25
 176.0	8.16667
 177.0	11.8333
 178.0	10.25
 179.0	13.1667
 180.0	7
 181.0	9.25
 182.0	11.1667
 183.0	6
 184.0	6
 185.0	5.16667
 186.0	10
 187.0	6
 188.0	14.1667
 189.0	7.33333
 190.0	5
 191.0	5
 192.0	6.33333
 193.0	9
 194.0	12
 195.0	5.33333
 196.0	8.16667
 197.0	6.83333
 198.0	9
 199.0	7.66667
 200.0	11
 201.0	4.33333
 202.0	5.41667
 203.0	4
 204.0	7.33333
 205.0	10.75
 206.0	9.5
 207.0	10.3333
 208.0	10.75
 209.0	5.825
 210.0	10
 211.0	9.66667
 212.0	9.325
 213.0	7.5
 214.0	4.5
 215.0	8.825
 216.0	6
 217.0	10
 218.0	8.825
 219.0	11
 220.0	10
 221.0	8.7
 222.0	8.83333
 223.0	6
 224.0	11.5
 225.0	4
 226.0	4
 227.0	10
 228.0	10
DB 1 MOTIF	6-CACGTG	STREME-6
-232.0	3
-231.0	3
-230.0	7
-229.0	2
-228.0	4
-227.0	2
-226.0	2.5
-225.0	3
-224.0	4.14286
-223.0	4
-222.0	2.5
-221.0	2.5
-220.0	2.5
-219.0	2
-218.0	3.72619
-217.0	6
-216.0	3.64286
-215.0	1.5
-214.0	2
-213.0	1.5
-212.0	4.5
-211.0	4.5
-210.0	1
-209.0	2
-208.0	4.3164
-207.0	1
-206.0	1.83333
-205.0	3.5
-204.0	4
-203.0	5.5
-202.0	4
-201.0	2
-200.0	1
-199.0	4.16667
-198.0	2.33333
-197.0	3
-196.0	2
-195.0	3.75
-194.0	4.5
-193.0	1.2
-192.0	5
-191.0	4
-190.0	2
-189.0	1
-188.0	5.89286
-187.0	2.14286
-186.0	1.5
-185.0	3
-184.0	3.7
-183.0	3.5
-182.0	3
-181.0	3.5
-180.0	3.05882
-179.0	4.16667
-178.0	3
-177.0	8
-176.0	9.5
-175.0	0.333333
-174.0	2.75
-173.0	5
-172.0	2.61111
-171.0	2.5
-170.0	4
-169.0	0
-168.0	2.47619
-167.0	4.2
-166.0	2
-165.0	0.5
-164.0	5.34848
-163.0	3
-162.0	2.5
-161.0	4
-160.0	1.5
-159.0	4
-158.0	3
-157.0	5
-156.0	2
-155.0	3.2
-154.0	3.05882
-153.0	7
-152.0	5
-151.0	3.16667
-150.0	2.5
-149.0	3.5
-148.0	2.16667
-147.0	2
-146.0	4.5
-145.0	3.09091
-144.0	4.75
-143.0	5.2
-142.0	0
-141.0	6.5
-140.0	3.16667
-139.0	8
-138.0	1.5
-137.0	3.47619
-136.0	1
-135.0	1.61111
-134.0	3.5
-133.0	2.5
-132.0	5.59091
-131.0	4
-130.0	2
-129.0	2
-128.0	8
-127.0	4.5
-126.0	2.05882
-125.0	0.7
-124.0	1.33333
-123.0	3.5
-122.0	4.58333
-121.0	3.08333
-120.0	1.25758
-119.0	2
-118.0	3
-117.0	4
-116.0	2
-115.0	3.6
-114.0	0
-113.0	3
-112.0	1.5
-111.0	4.25
-110.0	2
-109.0	2.5
-108.0	4.5
-107.0	5.33333
-106.0	2.14286
-105.0	2
-104.0	2.25
-103.0	0.666667
-102.0	3
-101.0	3.5
-100.0	3.24064
 -99.0	3.14286
 -98.0	4
 -97.0	2
 -96.0	5.33333
 -95.0	4.5
 -94.0	3.83333
 -93.0	6
 -92.0	2.83333
 -91.0	2.5
 -90.0	1
 -89.0	5.61111
 -88.0	4.66667
 -87.0	2.75
 -86.0	3
 -85.0	2.5
 -84.0	2.94444
 -83.0	5.33333
 -82.0	3.83333
 -81.0	4
 -80.0	5
 -79.0	4.25758
 -78.0	5.5
 -77.0	4.5
 -76.0	3.59091
 -75.0	2
 -74.0	7.05882
 -73.0	0.833333
 -72.0	1
 -71.0	4.16667
 -70.0	2
 -69.0	4.03333
 -68.0	2.84091
 -67.0	6.75
 -66.0	3
 -65.0	4
 -64.0	2
 -63.0	1.14286
 -62.0	5.36667
 -61.0	1
 -60.0	1.66667
 -59.0	4.5
 -58.0	4.16667
 -57.0	3.09091
 -56.0	3.14286
 -55.0	5.75
 -54.0	1.33333
 -53.0	5.25
 -52.0	3
 -51.0	4.5
 -50.0	4.5
 -49.0	2
 -48.0	4.33333
 -47.0	1
 -46.0	3.55882
 -45.0	4.5
 -44.0	0.833333
 -43.0	4.5
 -42.0	5.16667
 -41.0	3
 -40.0	3.77778
 -39.0	2.5
 -38.0	2.36667
 -37.0	6
 -36.0	2.09091
 -35.0	3
 -34.0	3
 -33.0	5
 -32.0	5.59091
 -31.0	2.83333
 -30.0	6.1
 -29.0	5.66667
 -28.0	5.08333
 -27.0	3.39286
 -26.0	3
 -25.0	6.16667
 -24.0	4.16667
 -23.0	11.75
 -22.0	7.23377
 -21.0	4.33333
 -20.0	3
 -19.0	9.83333
 -18.0	6.05882
 -17.0	4
 -16.0	3
 -15.0	2
 -14.0	5.5
 -13.0	7.53333
 -12.0	4
 -11.0	4.75
 -10.0	3.33333
  -9.0	5.5
  -8.0	8.66667
  -7.0	3
  -6.0	3
  -5.0	0
  -4.0	4.92424
  -3.0	8.5
  -2.0	1
  -1.0	3.16667
   0.0	2.5
   1.0	3
   2.0	5.64286
   3.0	3.33333
   4.0	3.11111
   5.0	1.58333
   6.0	8.16667
   7.0	5
   8.0	3.33333
   9.0	6.5
  10.0	2.39216
  11.0	5
  12.0	5.92424
  13.0	3
  14.0	3
  15.0	6.33333
  16.0	4
  17.0	2
  18.0	3.09091
  19.0	4.74286
  20.0	2.16667
  21.0	2
  22.0	3
  23.0	5.5
  24.0	4.5
  25.0	2.23377
  26.0	3.5
  27.0	5.25
  28.0	5
  29.0	3
  30.0	5.2
  31.0	5.75397
  32.0	5.66667
  33.0	3
  34.0	3
  35.0	7.5
  36.0	3
  37.0	5.5
  38.0	4.55882
  39.0	4.59091
  40.0	3.83333
  41.0	2.5
  42.0	4
  43.0	5
  44.0	4.93333
  45.0	5.97619
  46.0	4.16667
  47.0	3
  48.0	5.61111
  49.0	4
  50.0	7
  51.0	6
  52.0	1.5
  53.0	3.98377
  54.0	7.14286
  55.0	2.1
  56.0	4.42424
  57.0	4.5
  58.0	2.94444
  59.0	3
  60.0	3
  61.0	5.09091
  62.0	5.83333
  63.0	2.2
  64.0	5.83333
  65.0	6.5
  66.0	7.55882
  67.0	0.5
  68.0	3
  69.0	5.33333
  70.0	3.11111
  71.0	4.5
  72.0	2
  73.0	3
  74.0	2
  75.0	6.5
  76.0	7
  77.0	0.5
  78.0	5
  79.0	2
  80.0	2.5
  81.0	10
  82.0	3
  83.0	2
  84.0	3.73377
  85.0	0.166667
  86.0	4.33333
  87.0	4.83333
  88.0	4.25
  89.0	4.5
  90.0	0.5
  91.0	5
  92.0	4.16993
  93.0	2.5
  94.0	3.75
  95.0	3.44444
  96.0	5
  97.0	1.58333
  98.0	1.2
  99.0	2
 100.0	4.32468
 101.0	4.16667
 102.0	2
 103.0	3.2
 104.0	1
 105.0	3.25
 106.0	6.16667
 107.0	0.833333
 108.0	1
 109.0	1.5
 110.0	4.66667
 111.0	2
 112.0	3
 113.0	5
 114.0	2.34286
 115.0	2
 116.0	3.0671
 117.0	0
 118.0	5.39216
 119.0	2
 120.0	3.25
 121.0	3.5
 122.0	2
 123.0	6
 124.0	0.166667
 125.0	7.5
 126.0	3
 127.0	4.5
 128.0	3
 129.0	2.16667
 130.0	0.111111
 131.0	3
 132.0	0
 133.0	2.16667
 134.0	4.5
 135.0	6
 136.0	4.45202
 137.0	6
 138.0	2
 139.0	2.33333
 140.0	3
 141.0	3.25
 142.0	0
 143.0	2.75
 144.0	1.33377
 145.0	2.5
 146.0	1.05882
 147.0	3.83333
 148.0	4.09091
 149.0	1.75
 150.0	4
 151.0	1.5
 152.0	1
 153.0	1
 154.0	3.5
 155.0	4.6
 156.0	2.83333
 157.0	2.5
 158.0	6
 159.0	2.53333
 160.0	1
 161.0	1
 162.0	1.5
 163.0	6
 164.0	2
 165.0	1.5
 166.0	2.5
 167.0	4.5
 168.0	5.75
 169.0	10
 170.0	3.5
 171.0	2
 172.0	4.05882
 173.0	3.33333
 174.0	3.14286
 175.0	1.25
 176.0	4.75
 177.0	3.1
 178.0	4.5
 179.0	1.09091
 180.0	3.61111
 181.0	3.5
 182.0	3.5
 183.0	4
 184.0	4
 185.0	2
 186.0	2
 187.0	3.2
 188.0	3.19091
 189.0	3.5
 190.0	4.5
 191.0	8.5
 192.0	3
 193.0	2
 194.0	3
 195.0	1
 196.0	1.83333
 197.0	6
 198.0	2.7
 199.0	3.11111
 200.0	2.55882
 201.0	4
 202.0	2.5
 203.0	3
 204.0	5.14286
 205.0	2.5
 206.0	1.83333
 207.0	3.75
 208.0	5
 209.0	4
 210.0	2
 211.0	2.61111
 212.0	2
 213.0	3.5
 214.0	1.5
 215.0	0.25
 216.0	2
 217.0	3
 218.0	0
 219.0	5
 220.0	2
 221.0	3.2
 222.0	2.64286
 223.0	5.83333
 224.0	0.111111
 225.0	2
 226.0	1
 227.0	4
 228.0	7.09216
 229.0	0.25
 230.0	1.1
 231.0	2
 232.0	1.09091
DB 1 MOTIF	11-CAGCAGCAGSRVCAG	STREME-11
-227.5	12
-226.5	9
-225.5	11
-224.5	12
-223.5	5
-222.5	13
-221.5	9
-220.5	9
-219.5	13
-218.5	13
-217.5	15
-216.5	10
-215.5	11
-214.5	13
-213.5	11
-212.5	16.5
-211.5	5
-210.5	8
-209.5	16
-208.5	6
-207.5	14.5
-206.5	7
-205.5	14
-204.5	15
-203.5	9
-202.5	10
-201.5	9.33333
-200.5	6
-199.5	14
-198.5	8
-197.5	9
-196.5	10
-195.5	10
-194.5	11
-193.5	14
-192.5	10
-191.5	4.5
-190.5	6
-189.5	11
-188.5	11.5
-187.5	6
-186.5	9
-185.5	10
-184.5	15
-183.5	9
-182.5	8
-181.5	15
-180.5	17
-179.5	8
-178.5	12
-177.5	11
-176.5	10
-175.5	8
-174.5	15
-173.5	14
-172.5	12
-171.5	11
-170.5	8
-169.5	9
-168.5	7
-167.5	11
-166.5	10
-165.5	9
-164.5	5
-163.5	11
-162.5	10
-161.5	14
-160.5	10
-159.5	12
-158.5	9
-157.5	8
-156.5	8
-155.5	4
-154.5	3
-153.5	19
-152.5	12
-151.5	13
-150.5	6
-149.5	6
-148.5	12.5
-147.5	10.5
-146.5	9
-145.5	9
-144.5	9
-143.5	8
-142.5	14
-141.5	8.5
-140.5	12
-139.5	11
-138.5	10
-137.5	12.5
-136.5	16
-135.5	16
-134.5	13.5
-133.5	9.5
-132.5	13
-131.5	12
-130.5	15
-129.5	10
-128.5	8
-127.5	9
-126.5	14
-125.5	11
-124.5	13
-123.5	13
-122.5	13
-121.5	12.5
-120.5	6
-119.5	14
-118.5	13
-117.5	8
-116.5	14
-115.5	14.5
-114.5	14.0909
-113.5	9
-112.5	10
-111.5	14.0909
-110.5	7
-109.5	17
-108.5	10.0909
-107.5	9
-106.5	9
-105.5	16.5909
-104.5	9
-103.5	10
-102.5	11.5909
-101.5	15
-100.5	18
 -99.5	17.0909
 -98.5	12.5
 -97.5	11
 -96.5	17.0909
 -95.5	14
 -94.5	14
 -93.5	13.5909
 -92.5	10
 -91.5	13
 -90.5	6.09091
 -89.5	15
 -88.5	6
 -87.5	10.0909
 -86.5	8
 -85.5	17
 -84.5	10.0909
 -83.5	14
 -82.5	21
 -81.5	20.5
 -80.5	10
 -79.5	19
 -78.5	9.5
 -77.5	20
 -76.5	12.5
 -75.5	17
 -74.5	12
 -73.5	17
 -72.5	15
 -71.5	12
 -70.5	15.5
 -69.5	11
 -68.5	11
 -67.5	14.5
 -66.5	20
 -65.5	12
 -64.5	15.5
 -63.5	11
 -62.5	14
 -61.5	13
 -60.5	12.3333
 -59.5	15
 -58.5	8
 -57.5	12
 -56.5	10
 -55.5	8
 -54.5	16
 -53.5	14
 -52.5	16
 -51.5	14
 -50.5	14.5
 -49.5	15
 -48.5	8
 -47.5	15
 -46.5	13
 -45.5	9
 -44.5	10
 -43.5	14
 -42.5	19
 -41.5	15
 -40.5	18
 -39.5	13
 -38.5	8.2
 -37.5	15
 -36.5	20
 -35.5	12.2
 -34.5	14.5
 -33.5	5
 -32.5	13.2
 -31.5	14
 -30.5	17
 -29.5	12.2
 -28.5	14
 -27.5	9.66667
 -26.5	16.2
 -25.5	9
 -24.5	13.3333
 -23.5	10
 -22.5	21
 -21.5	14
 -20.5	17
 -19.5	13
 -18.5	15.2
 -17.5	16.5
 -16.5	13
 -15.5	15
 -14.5	16
 -13.5	17
 -12.5	9
 -11.5	11
 -10.5	11
  -9.5	12.3333
  -8.5	11
  -7.5	11
  -6.5	10
  -5.5	18
  -4.5	13.5
  -3.5	20.5
  -2.5	18
  -1.5	16.5
  -0.5	11
   0.5	13
   1.5	16
   2.5	9
   3.5	11
   4.5	15
   5.5	12
   6.5	14
   7.5	18
   8.5	10
   9.5	15.5
  10.5	17
  11.5	10
  12.5	17
  13.5	13
  14.5	11
  15.5	16.5
  16.5	13
  17.5	15.3333
  18.5	17
  19.5	22
  20.5	9
  21.5	18.5
  22.5	8.5
  23.5	13
  24.5	16
  25.5	18.5
  26.5	17.5
  27.5	12
  28.5	15
  29.5	13.5
  30.5	12
  31.5	13
  32.5	17
  33.5	22
  34.5	17
  35.5	15
  36.5	9
  37.5	8
  38.5	22
  39.5	13
  40.5	9.33333
  41.5	10
  42.5	17
  43.5	15
  44.5	18
  45.5	5
  46.5	10
  47.5	11
  48.5	11
  49.5	12
  50.5	15
  51.5	14.2
  52.5	10
  53.5	20
  54.5	10
  55.5	17.3333
  56.5	19.5
  57.5	9
  58.5	15
  59.5	11
  60.5	18.3333
  61.5	13
  62.5	12
  63.5	16
  64.5	12
  65.5	14
  66.5	13
  67.5	15
  68.5	15
  69.5	7
  70.5	9
  71.5	11.2
  72.5	15.5
  73.5	17
  74.5	11
  75.5	7
  76.5	9.5
  77.5	16
  78.5	13
  79.5	21
  80.5	14.3333
  81.5	14
  82.5	17.3333
  83.5	10
  84.5	14
  85.5	11
  86.5	11
  87.5	6
  88.5	12.0909
  89.5	17
  90.5	13
  91.5	10.0909
  92.5	5
  93.5	11
  94.5	18.0909
  95.5	9
  96.5	8
  97.5	21.0909
  98.5	13
  99.5	11
 100.5	11.0909
 101.5	15.2
 102.5	16
 103.5	5.09091
 104.5	10
 105.5	10.5
 106.5	13.5909
 107.5	14
 108.5	10
 109.5	9.09091
 110.5	9
 111.5	10
 112.5	11.0909
 113.5	5
 114.5	9.83333
 115.5	11.0909
 116.5	10
 117.5	17.5
 118.5	12.0909
 119.5	6
 120.5	11
 121.5	17
 122.5	6
 123.5	5
 124.5	9
 125.5	5
 126.5	9
 127.5	11
 128.5	10
 129.5	11
 130.5	7
 131.5	8
 132.5	10.5
 133.5	14
 134.5	17
 135.5	10
 136.5	10
 137.5	7
 138.5	11.5
 139.5	14
 140.5	16
 141.5	13.2
 142.5	10
 143.5	12.5
 144.5	10.5
 145.5	16.3333
 146.5	15
 147.5	10
 148.5	9
 149.5	9
 150.5	13
 151.5	14
 152.5	8
 153.5	9
 154.5	13
 155.5	8
 156.5	9
 157.5	8
 158.5	12
 159.5	8.83333
 160.5	6
 161.5	7
 162.5	12.5
 163.5	10
 164.5	12
 165.5	11
 166.5	14
 167.5	9
 168.5	12
 169.5	10
 170.5	17
 171.5	8
 172.5	11
 173.5	13
 174.5	12.3333
 175.5	9
 176.5	8
 177.5	11
 178.5	12.8333
 179.5	6
 180.5	12
 181.5	12.8333
 182.5	9
 183.5	15
 184.5	15
 185.5	11
 186.5	8
 187.5	9
 188.5	5.5
 189.5	8
 190.5	2
 191.5	14
 192.5	6.33333
 193.5	13
 194.5	11
 195.5	7
 196.5	11
 197.5	9
 198.5	4
 199.5	9
 200.5	8
 201.5	7
 202.5	15
 203.5	17
 204.5	3
 205.5	9
 206.5	12
 207.5	10
 208.5	8
 209.5	13
 210.5	6
 211.5	9
 212.5	13.5
 213.5	4
 214.5	7.33333
 215.5	13.5
 216.5	8.33333
 217.5	10.3333
 218.5	10
 219.5	9.33333
 220.5	11.3333
 221.5	10
 222.5	10
 223.5	13
 224.5	6
 225.5	10
 226.5	11.5
 227.5	11
DB 1 MOTIF	13-CCCGGGACCC	STREME-13
-230.0	4
-229.0	4.5
-228.0	5.5
-227.0	4
-226.0	3
-225.0	5
-224.0	4.33333
-223.0	6
-222.0	8.5
-221.0	13
-220.0	5
-219.0	7
-218.0	5
-217.0	6
-216.0	5.5
-215.0	9
-214.0	10
-213.0	8
-212.0	7
-211.0	4
-210.0	8
-209.0	6
-208.0	8
-207.0	6
-206.0	8
-205.0	6
-204.0	4
-203.0	9
-202.0	6
-201.0	5
-200.0	7
-199.0	10
-198.0	7.5
-197.0	6
-196.0	4
-195.0	6
-194.0	8
-193.0	2
-192.0	8
-191.0	4
-190.0	7
-189.0	11
-188.0	6
-187.0	14
-186.0	8
-185.0	8.5
-184.0	9
-183.0	8
-182.0	3
-181.0	8.5
-180.0	6
-179.0	10.3333
-178.0	10
-177.0	7
-176.0	11
-175.0	10
-174.0	14
-173.0	9
-172.0	8
-171.0	8.5
-170.0	3
-169.0	7
-168.0	8
-167.0	10.5
-166.0	8
-165.0	6
-164.0	3
-163.0	7
-162.0	17
-161.0	3
-160.0	6
-159.0	8
-158.0	10
-157.0	11
-156.0	17.5
-155.0	9
-154.0	12
-153.0	7
-152.0	6
-151.0	9
-150.0	5
-149.0	4
-148.0	12
-147.0	2.5
-146.0	11
-145.0	3
-144.0	5
-143.0	7.5
-142.0	3
-141.0	14
-140.0	7
-139.0	6
-138.0	4
-137.0	13
-136.0	8
-135.0	11
-134.0	9
-133.0	7
-132.0	6
-131.0	4
-130.0	9
-129.0	7
-128.0	8
-127.0	7
-126.0	8.5
-125.0	11
-124.0	5
-123.0	9.5
-122.0	7.5
-121.0	5.5
-120.0	4
-119.0	9
-118.0	9.5
-117.0	2
-116.0	11
-115.0	8
-114.0	13
-113.0	4
-112.0	13
-111.0	12
-110.0	5
-109.0	6
-108.0	6
-107.0	8
-106.0	16
-105.0	8
-104.0	4
-103.0	6
-102.0	11
-101.0	6
-100.0	8
 -99.0	7
 -98.0	12
 -97.0	6
 -96.0	4
 -95.0	10
 -94.0	11
 -93.0	9
 -92.0	13
 -91.0	7
 -90.0	7.5
 -89.0	12
 -88.0	8
 -87.0	8
 -86.0	10
 -85.0	8
 -84.0	6
 -83.0	14
 -82.0	10
 -81.0	7.5
 -80.0	5.5
 -79.0	4
 -78.0	7
 -77.0	7
 -76.0	5
 -75.0	3
 -74.0	10
 -73.0	5
 -72.0	12
 -71.0	7.5
 -70.0	6
 -69.0	13
 -68.0	13
 -67.0	13
 -66.0	9.33333
 -65.0	5
 -64.0	8
 -63.0	6
 -62.0	13
 -61.0	11
 -60.0	6
 -59.0	3
 -58.0	14
 -57.0	8
 -56.0	7
 -55.0	15.5
 -54.0	9
 -53.0	5
 -52.0	10
 -51.0	7
 -50.0	9
 -49.0	4.5
 -48.0	7
 -47.0	9
 -46.0	11
 -45.0	9
 -44.0	11
 -43.0	11
 -42.0	11
 -41.0	8
 -40.0	9
 -39.0	10
 -38.0	11
 -37.0	6.5
 -36.0	5
 -35.0	6
 -34.0	17
 -33.0	10.5
 -32.0	11.5
 -31.0	11
 -30.0	4
 -29.0	9
 -28.0	4
 -27.0	10.5
 -26.0	7
 -25.0	11.5
 -24.0	10
 -23.0	5.5
 -22.0	7
 -21.0	5
 -20.0	3
 -19.0	11
 -18.0	17
 -17.0	6
 -16.0	10
 -15.0	8
 -14.0	12.5
 -13.0	7
 -12.0	9.33333
 -11.0	14
 -10.0	14
  -9.0	6
  -8.0	11.5
  -7.0	12
  -6.0	7
  -5.0	7
  -4.0	5
  -3.0	6
  -2.0	13
  -1.0	7
   0.0	7.5
   1.0	10
   2.0	10
   3.0	9
   4.0	9.5
   5.0	5
   6.0	8
   7.0	0
   8.0	13
   9.0	10
  10.0	4
  11.0	11
  12.0	5
  13.0	9
  14.0	5
  15.0	8
  16.0	3
  17.0	9.5
  18.0	6
  19.0	7
  20.0	6
  21.0	10
  22.0	10
  23.0	9
  24.0	5
  25.0	5
  26.0	7
  27.0	12
  28.0	5.5
  29.0	5
  30.0	4
  31.0	12
  32.0	10
  33.0	9
  34.0	4
  35.0	12
  36.0	11.5
  37.0	5
  38.0	8
  39.0	13
  40.0	11
  41.0	8
  42.0	5
  43.0	5
  44.0	7
  45.0	10
  46.0	14.5
  47.0	8
  48.0	5
  49.0	12
  50.0	5
  51.0	7
  52.0	6
  53.0	15.5
  54.0	5
  55.0	5
  56.0	9
  57.0	7
  58.0	8
  59.0	11
  60.0	9
  61.0	3
  62.0	13
  63.0	9
  64.0	8
  65.0	6
  66.0	2
  67.0	14
  68.0	7
  69.0	13
  70.0	7
  71.0	3
  72.0	9
  73.0	6.5
  74.0	4
  75.0	10
  76.0	5.5
  77.0	4.5
  78.0	8
  79.0	8
  80.0	5
  81.0	7
  82.0	5
  83.0	6
  84.0	4.33333
  85.0	7
  86.0	11
  87.0	12
  88.0	5
  89.0	8.5
  90.0	2
  91.0	7
  92.0	6
  93.0	13
  94.0	8
  95.0	4
  96.0	5
  97.0	4
  98.0	9
  99.0	12
 100.0	8
 101.0	9
 102.0	8
 103.0	11
 104.0	8
 105.0	15.5
 106.0	9
 107.0	10
 108.0	11
 109.0	8
 110.0	10
 111.0	12.75
 112.0	6
 113.0	10
 114.0	8
 115.0	8
 116.0	8
 117.0	6
 118.0	7.5
 119.0	9
 120.0	13
 121.0	14.5
 122.0	5
 123.0	4
 124.0	10
 125.0	10
 126.0	8
 127.0	5
 128.0	5.5
 129.0	9
 130.0	9
 131.0	6
 132.0	10
 133.0	7
 134.0	12
 135.0	7
 136.0	7
 137.0	8
 138.0	11
 139.0	7.75
 140.0	8
 141.0	10.5
 142.0	7
 143.0	8
 144.0	4
 145.0	9
 146.0	7.5
 147.0	7
 148.0	13.5
 149.0	9
 150.0	11
 151.0	5.5
 152.0	8
 153.0	4
 154.0	8
 155.0	6
 156.0	7
 157.0	11.5
 158.0	6.33333
 159.0	9
 160.0	8
 161.0	5
 162.0	4
 163.0	2
 164.0	7
 165.0	10
 166.0	6
 167.0	8.25
 168.0	6.5
 169.0	11
 170.0	5
 171.0	7
 172.0	8
 173.0	6
 174.0	8
 175.0	8
 176.0	7
 177.0	7
 178.0	6
 179.0	3
 180.0	7
 181.0	7
 182.0	6.5
 183.0	5
 184.0	5
 185.0	9.5
 186.0	8
 187.0	7
 188.0	7
 189.0	8.5
 190.0	8
 191.0	10.5
 192.0	9
 193.0	8
 194.0	10
 195.0	10.25
 196.0	6
 197.0	6
 198.0	3
 199.0	5
 200.0	7.5
 201.0	7
 202.0	3
 203.0	10
 204.0	3
 205.0	2
 206.0	6
 207.0	7
 208.0	5
 209.0	5
 210.0	5
 211.0	5
 212.0	9
 213.0	3
 214.0	5
 215.0	11.5
 216.0	9.5
 217.0	6
 218.0	3
 219.0	6
 220.0	9
 221.0	9
 222.0	6.5
 223.0	6
 224.0	4
 225.0	5
 226.0	2
 227.0	1
 228.0	10
 229.0	6
 230.0	7
DB 1 MOTIF	14-CTCGGCCTC	STREME-14
-230.5	14
-229.5	15.5
-228.5	15
-227.5	12
-226.5	12.5
-225.5	13
-224.5	18
-223.5	20
-222.5	13.5
-221.5	16.5
-220.5	15.5
-219.5	12
-218.5	13.5
-217.5	13
-216.5	10.3333
-215.5	8
-214.5	9.5
-213.5	7
-212.5	14
-211.5	9.5
-210.5	13
-209.5	11
-208.5	15.5
-207.5	20.5
-206.5	11
-205.5	8.5
-204.5	10
-203.5	17.5
-202.5	12.5
-201.5	13.5
-200.5	23
-199.5	11
-198.5	11
-197.5	17
-196.5	17.5
-195.5	15
-194.5	16
-193.5	9.5
-192.5	9
-191.5	12
-190.5	11.5
-189.5	9
-188.5	8.33333
-187.5	11
-186.5	9.5
-185.5	13.8333
-184.5	14
-183.5	21
-182.5	12
-181.5	12.5
-180.5	13
-179.5	17
-178.5	19.6429
-177.5	14.5
-176.5	14
-175.5	13.1429
-174.5	10.5
-173.5	16
-172.5	13.1429
-171.5	10.5
-170.5	13
-169.5	19.1429
-168.5	18
-167.5	11
-166.5	10.1429
-165.5	13
-164.5	15.75
-163.5	15.1429
-162.5	12.5
-161.5	17.25
-160.5	12.1429
-159.5	9
-158.5	18.25
-157.5	12.3333
-156.5	19.5
-155.5	19.25
-154.5	10
-153.5	13.3333
-152.5	12.5
-151.5	15.5
-150.5	9
-149.5	13
-148.5	17
-147.5	21
-146.5	12
-145.5	12
-144.5	15
-143.5	10
-142.5	12.5
-141.5	18
-140.5	5
-139.5	11
-138.5	16
-137.5	17
-136.5	13
-135.5	13.5
-134.5	13
-133.5	17
-132.5	9
-131.5	14.3333
-130.5	15
-129.5	14.5
-128.5	14.3333
-127.5	10.3333
-126.5	22
-125.5	20.8333
-124.5	12
-123.5	16
-122.5	12
-121.5	15
-120.5	14
-119.5	16
-118.5	13
-117.5	13.5
-116.5	15
-115.5	12.5
-114.5	15
-113.5	15.5
-112.5	11.5
-111.5	11
-110.5	15.5
-109.5	10.5
-108.5	10
-107.5	23.5
-106.5	13
-105.5	16.5
-104.5	12
-103.5	11
-102.5	14.5
-101.5	14
-100.5	15
 -99.5	18
 -98.5	18
 -97.5	22
 -96.5	20
 -95.5	9.5
 -94.5	19.5
 -93.5	14
 -92.5	12
 -91.5	13.3333
 -90.5	15.5
 -89.5	10
 -88.5	17.5
 -87.5	15
 -86.5	14
 -85.5	19.3333
 -84.5	10
 -83.5	9.5
 -82.5	9.5
 -81.5	11.5
 -80.5	15
 -79.5	12.8333
 -78.5	12
 -77.5	10.5
 -76.5	19
 -75.5	18.5
 -74.5	15.5
 -73.5	17
 -72.5	15.5
 -71.5	17.5
 -70.5	14.3333
 -69.5	9.5
 -68.5	13.5
 -67.5	17.3333
 -66.5	17
 -65.5	20.3333
 -64.5	11.3333
 -63.5	6
 -62.5	13
 -61.5	6
 -60.5	18
 -59.5	16
 -58.5	12
 -57.5	26
 -56.5	15
 -55.5	19
 -54.5	17
 -53.5	12.3333
 -52.5	16
 -51.5	17
 -50.5	15.3333
 -49.5	17
 -48.5	21
 -47.5	15.3333
 -46.5	15.25
 -45.5	19
 -44.5	10
 -43.5	16
 -42.5	16
 -41.5	11.5
 -40.5	14.5
 -39.5	19.3333
 -38.5	18
 -37.5	14
 -36.5	23.3333
 -35.5	7
 -34.5	17
 -33.5	14.5
 -32.5	16
 -31.5	19.5
 -30.5	6
 -29.5	20
 -28.5	11.5
 -27.5	18
 -26.5	11
 -25.5	15.5
 -24.5	17
 -23.5	14.5
 -22.5	15.5
 -21.5	14
 -20.5	12.5
 -19.5	11
 -18.5	17
 -17.5	13.0833
 -16.5	14
 -15.5	18
 -14.5	12
 -13.5	9.83333
 -12.5	7
 -11.5	19
 -10.5	15
  -9.5	20.3333
  -8.5	13
  -7.5	18
  -6.5	14
  -5.5	14.5
  -4.5	14
  -3.5	11
  -2.5	14
  -1.5	14.5
  -0.5	18
   0.5	9.5
   1.5	13.5
   2.5	21
   3.5	12.5
   4.5	15
   5.5	13
   6.5	13
   7.5	19
   8.5	14
   9.5	17
  10.5	20.5
  11.5	17.75
  12.5	14
  13.5	15
  14.5	16.5
  15.5	17.5
  16.5	17
  17.5	14.5
  18.5	17
  19.5	22.5
  20.5	21
  21.5	10
  22.5	25
  23.5	11.5
  24.5	10
  25.5	12
  26.5	17
  27.5	15
  28.5	9
  29.5	13
  30.5	17.3333
  31.5	21
  32.5	11
  33.5	18
  34.5	13
  35.5	12.5
  36.5	16
  37.5	12
  38.5	16
  39.5	19.5
  40.5	20.25
  41.5	16
  42.5	20.5
  43.5	13
  44.5	16
  45.5	13.5
  46.5	20
  47.5	18
  48.5	15.5
  49.5	14
  50.5	16.8333
  51.5	17
  52.5	10
  53.5	21
  54.5	12
  55.5	18.5
  56.5	14.5
  57.5	16
  58.5	18
  59.5	13
  60.5	9
  61.5	14.5
  62.5	14.5
  63.5	11
  64.5	23
  65.5	13
  66.5	8.5
  67.5	18
  68.5	11.5
  69.5	14
  70.5	15.5
  71.5	19.5
  72.5	20
  73.5	20
  74.5	20
  75.5	7.5
  76.5	20
  77.5	15
  78.5	14.5
  79.5	14.5
  80.5	16
  81.5	17
  82.5	14
  83.5	10
  84.5	15.5
  85.5	10.5
  86.5	17.5
  87.5	15.3333
  88.5	19
  89.5	15
  90.5	17.5
  91.5	13.5
  92.5	11.6667
  93.5	8.33333
  94.5	17
  95.5	13.1667
  96.5	19.5
  97.5	14
  98.5	14.8333
  99.5	16
 100.5	12
 101.5	11
 102.5	14.5
 103.5	19
 104.5	13.8333
 105.5	15.5
 106.5	14.5
 107.5	13
 108.5	22.5
 109.5	5
 110.5	16
 111.5	19.7
 112.5	15.5
 113.5	10
 114.5	17.2
 115.5	16
 116.5	12
 117.5	10.2
 118.5	20
 119.5	10
 120.5	12.2
 121.5	8.5
 122.5	13
 123.5	12.7
 124.5	16
 125.5	16
 126.5	15
 127.5	14
 128.5	14.5
 129.5	12
 130.5	9.5
 131.5	14.5
 132.5	13
 133.5	18
 134.5	25.5
 135.5	21.3333
 136.5	11.5
 137.5	9
 138.5	11
 139.5	14
 140.5	21
 141.5	13
 142.5	8
 143.5	12
 144.5	9
 145.5	11
 146.5	11
 147.5	10
 148.5	20
 149.5	9.5
 150.5	14
 151.5	13.5
 152.5	14.5
 153.5	10.5
 154.5	17.8333
 155.5	22.5
 156.5	12
 157.5	20.5
 158.5	15.5
 159.5	12.7
 160.5	10
 161.5	15
 162.5	16
 163.5	11
 164.5	19.5
 165.5	12
 166.5	9
 167.5	11
 168.5	14
 169.5	22
 170.5	14
 171.5	13.2
 172.5	16.5
 173.5	16
 174.5	14.2
 175.5	12
 176.5	12.8333
 177.5	10.7
 178.5	15
 179.5	11
 180.5	9.2
 181.5	15
 182.5	12
 183.5	9.33333
 184.5	13
 185.5	11.5
 186.5	8.5
 187.5	13
 188.5	9
 189.5	14
 190.5	2
 191.5	19.5
 192.5	19
 193.5	13
 194.5	19
 195.5	15.5
 196.5	14
 197.5	16.5
 198.5	15.5
 199.5	9.5
 200.5	14.5
 201.5	11
 202.5	16.5
 203.5	12
 204.5	13
 205.5	12
 206.5	12.5
 207.5	19
 208.5	14.5
 209.5	11.3333
 210.5	12
 211.5	14
 212.5	14.6667
 213.5	9
 214.5	17
 215.5	15.3333
 216.5	12
 217.5	19
 218.5	12.5
 219.5	17.5
 220.5	11.5
 221.5	15.5
 222.5	18.5
 223.5	11.5
 224.5	12
 225.5	9.5
 226.5	12
 227.5	14
 228.5	19.5
 229.5	22.5
 230.5	8
DB 1 MOTIF	18-CGGCTGCAG	STREME-18
-230.5	9
-229.5	6
-228.5	12
-227.5	10.5
-226.5	8
-225.5	9.33333
-224.5	10.5
-223.5	11
-222.5	14.2
-221.5	4.5
-220.5	12
-219.5	7.2
-218.5	8
-217.5	11
-216.5	15.7
-215.5	8.5
-214.5	11.25
-213.5	8.7
-212.5	12
-211.5	15.25
-210.5	15.7
-209.5	10
-208.5	7.25
-207.5	14.6667
-206.5	8.33333
-205.5	11
-204.5	11.5
-203.5	11.1667
-202.5	13
-201.5	7
-200.5	10
-199.5	11.5
-198.5	9.33333
-197.5	7
-196.5	7
-195.5	12
-194.5	12
-193.5	10
-192.5	17.5
-191.5	13
-190.5	13.8333
-189.5	6
-188.5	8.5
-187.5	10
-186.5	6
-185.5	14
-184.5	12.5
-183.5	10
-182.5	10
-181.5	22
-180.5	13.3333
-179.5	7
-178.5	7
-177.5	9.5
-176.5	14
-175.5	11
-174.5	7
-173.5	15.5
-172.5	15.5
-171.5	16
-170.5	13.5
-169.5	9
-168.5	12.8333
-167.5	13.8333
-166.5	15
-165.5	11.3333
-164.5	9
-163.5	9
-162.5	12.8333
-161.5	12.2
-160.5	17
-159.5	13
-158.5	8.5
-157.5	12.1667
-156.5	8
-155.5	10
-154.5	11.5
-153.5	14.5
-152.5	12.25
-151.5	17
-150.5	16
-149.5	7.75
-148.5	9.83333
-147.5	11
-146.5	11.75
-145.5	15.5
-144.5	14.5
-143.5	10.25
-142.5	9.33333
-141.5	9
-140.5	9
-139.5	9.5
-138.5	13.5
-137.5	7
-136.5	12.25
-135.5	7
-134.5	17
-133.5	11.5
-132.5	15
-131.5	14
-130.5	13
-129.5	16.5
-128.5	6.33333
-127.5	9
-126.5	12
-125.5	15
-124.5	13.5
-123.5	18
-122.5	16
-121.5	10.5
-120.5	19
-119.5	19.5
-118.5	5
-117.5	8.33333
-116.5	17
-115.5	17
-114.5	16
-113.5	9.5
-112.5	15
-111.5	14.6667
-110.5	12
-109.5	12
-108.5	9.33333
-107.5	13
-106.5	10
-105.5	15
-104.5	9.25
-103.5	14.8333
-102.5	10
-101.5	17.45
-100.5	9.5
 -99.5	16.5
 -98.5	19.2
 -97.5	8
 -96.5	15.5
 -95.5	15.7
 -94.5	15
 -93.5	13
 -92.5	9.53333
 -91.5	13
 -90.5	11
 -89.5	11.5
 -88.5	13
 -87.5	15
 -86.5	17
 -85.5	22
 -84.5	15
 -83.5	12
 -82.5	17
 -81.5	9.5
 -80.5	12
 -79.5	13.5
 -78.5	11
 -77.5	15.5
 -76.5	7
 -75.5	17
 -74.5	11
 -73.5	13
 -72.5	17.5
 -71.5	13.5
 -70.5	13.8333
 -69.5	13.2
 -68.5	8.5
 -67.5	15
 -66.5	12.5
 -65.5	9
 -64.5	10
 -63.5	15
 -62.5	10
 -61.5	17
 -60.5	14.25
 -59.5	15.5
 -58.5	7.5
 -57.5	12.75
 -56.5	12.5
 -55.5	10.5
 -54.5	11
 -53.5	16.5
 -52.5	12.7
 -51.5	14
 -50.5	13
 -49.5	11
 -48.5	16
 -47.5	16
 -46.5	16.5
 -45.5	14
 -44.5	15.5
 -43.5	18.5
 -42.5	16.3333
 -41.5	12.5
 -40.5	6.5
 -39.5	19
 -38.5	13
 -37.5	25
 -36.5	16.5
 -35.5	17
 -34.5	13
 -33.5	19.8333
 -32.5	16
 -31.5	13.5
 -30.5	17.5
 -29.5	14
 -28.5	12
 -27.5	11
 -26.5	13
 -25.5	12
 -24.5	8.5
 -23.5	11.5
 -22.5	20.5
 -21.5	14.5
 -20.5	9.5
 -19.5	11
 -18.5	12
 -17.5	13
 -16.5	23
 -15.5	17
 -14.5	10
 -13.5	15.5
 -12.5	10
 -11.5	16
 -10.5	16.5
  -9.5	14
  -8.5	15.8333
  -7.5	9.5
  -6.5	11
  -5.5	13
  -4.5	13
  -3.5	15
  -2.5	10
  -1.5	16
  -0.5	13.5
   0.5	11.5
   1.5	12.5
   2.5	23.5
   3.5	12
   4.5	13.8333
   5.5	14.5
   6.5	22
   7.5	29.3333
   8.5	15
   9.5	14.5
  10.5	13.3333
  11.5	15.5833
  12.5	13.3333
  13.5	18
  14.5	14.25
  15.5	23.3333
  16.5	11
  17.5	16.25
  18.5	17.3333
  19.5	17.8333
  20.5	12
  21.5	12
  22.5	11.5
  23.5	18
  24.5	12
  25.5	9.83333
  26.5	9.16667
  27.5	20.8333
  28.5	13
  29.5	14
  30.5	13
  31.5	13
  32.5	13
  33.5	16
  34.5	18.2
  35.5	8
  36.5	10.5
  37.5	20
  38.5	18
  39.5	15.5
  40.5	14.8333
  41.5	11
  42.5	19
  43.5	16.1667
  44.5	10
  45.5	19.25
  46.5	13.3333
  47.5	12
  48.5	14.5
  49.5	12
  50.5	19
  51.5	14
  52.5	15
  53.5	9
  54.5	22.5
  55.5	13.5
  56.5	14.8333
  57.5	10
  58.5	16
  59.5	16.3333
  60.5	16
  61.5	6
  62.5	13.3333
  63.5	11
  64.5	12
  65.5	16
  66.5	12.5
  67.5	12
  68.5	10
  69.5	5.5
  70.5	13
  71.5	8
  72.5	8.5
  73.5	15
  74.5	8
  75.5	13
  76.5	12.5
  77.5	8
  78.5	15.5
  79.5	12
  80.5	8.5
  81.5	12.5
  82.5	17
  83.5	12
  84.5	12.6667
  85.5	11
  86.5	5.83333
  87.5	17.5
  88.5	12
  89.5	5.5
  90.5	9
  91.5	7
  92.5	9
  93.5	16.5
  94.5	14.5
  95.5	13
  96.5	10.5
  97.5	14
  98.5	18
  99.5	15.3333
 100.5	6.5
 101.5	12
 102.5	12.5
 103.5	10
 104.5	13
 105.5	9.33333
 106.5	13
 107.5	17
 108.5	11.8333
 109.5	5.5
 110.5	9
 111.5	11.3333
 112.5	7
 113.5	9.5
 114.5	14
 115.5	9
 116.5	15.5
 117.5	14.5
 118.5	13.5
 119.5	13.5
 120.5	12.5
 121.5	13
 122.5	15.5
 123.5	17
 124.5	20
 125.5	13
 126.5	9.5
 127.5	17.8333
 128.5	11.5
 129.5	9.5
 130.5	8.33333
 131.5	13
 132.5	6.2
 133.5	5.86667
 134.5	14
 135.5	12.2
 136.5	7
 137.5	11
 138.5	13.7
 139.5	9
 140.5	8.5
 141.5	7.2
 142.5	11
 143.5	9
 144.5	10.3667
 145.5	11
 146.5	16
 147.5	11
 148.5	8.5
 149.5	7.5
 150.5	8.16667
 151.5	15.45
 152.5	13.5
 153.5	15.1667
 154.5	12.45
 155.5	11.5
 156.5	15
 157.5	13
 158.5	11.5
 159.5	12
 160.5	11
 161.5	17
 162.5	13
 163.5	12.5
 164.5	6.16667
 165.5	12
 166.5	4.7
 167.5	11
 168.5	13.3333
 169.5	6.2
 170.5	9.33333
 171.5	17.5
 172.5	7.2
 173.5	11
 174.5	8.5
 175.5	15.5
 176.5	12.5
 177.5	9
 178.5	9
 179.5	8
 180.5	10
 181.5	8.5
 182.5	12
 183.5	13.5
 184.5	11.5
 185.5	12.5
 186.5	14
 187.5	6
 188.5	8
 189.5	7.5
 190.5	10
 191.5	11
 192.5	18.5
 193.5	12
 194.5	5
 195.5	5
 196.5	4
 197.5	9
 198.5	5
 199.5	15.3333
 200.5	11
 201.5	12.5
 202.5	13
 203.5	16
 204.5	12.5
 205.5	12
 206.5	12
 207.5	13.5
 208.5	13.3667
 209.5	14.5
 210.5	13
 211.5	14.4167
 212.5	10.5
 213.5	9
 214.5	20.6667
 215.5	7.5
 216.5	7.5
 217.5	7.66667
 218.5	8.33333
 219.5	11.5
 220.5	5.41667
 221.5	13.3333
 222.5	9
 223.5	7.16667
 224.5	10
 225.5	15
 226.5	10
 227.5	8
 228.5	5
 229.5	14
 230.5	21.3333
DB 2 MOTIF	AHR_HUMAN.H11MO.0.B
-230.5	12
-229.5	12
-228.5	13
-227.5	9.33333
-226.5	10
-225.5	9
-224.5	10
-223.5	17
-222.5	11.1667
-221.5	17.125
-220.5	13.5
-219.5	16.5
-218.5	12
-217.5	9
-216.5	10.1667
-215.5	18
-214.5	6
-213.5	7.5
-212.5	12
-211.5	8.5
-210.5	7
-209.5	14.2
-208.5	15.5
-207.5	4.5
-206.5	11
-205.5	8
-204.5	11.1667
-203.5	9
-202.5	3.5
-201.5	10.8333
-200.5	11
-199.5	11
-198.5	5.5
-197.5	7
-196.5	9
-195.5	14.5
-194.5	14
-193.5	14
-192.5	7.5
-191.5	12
-190.5	11
-189.5	3.11111
-188.5	11
-187.5	20
-186.5	18.6667
-185.5	10
-184.5	8.5
-183.5	5
-182.5	6.5
-181.5	13
-180.5	8
-179.5	11
-178.5	16
-177.5	10.3611
-176.5	14.5
-175.5	6
-174.5	8
-173.5	11
-172.5	9.5
-171.5	11.1111
-170.5	9.5
-169.5	16.5
-168.5	13
-167.5	8
-166.5	9
-165.5	10
-164.5	10
-163.5	15
-162.5	14
-161.5	12.5
-160.5	7.66667
-159.5	2.25
-158.5	11
-157.5	10.5
-156.5	5.16667
-155.5	5.5
-154.5	9.5
-153.5	7.5
-152.5	10
-151.5	11.1111
-150.5	13.5
-149.5	6
-148.5	8.5
-147.5	8.5
-146.5	19
-145.5	13.2
-144.5	18
-143.5	11.5
-142.5	14
-141.5	11.5
-140.5	13.1667
-139.5	15
-138.5	7
-137.5	10.1667
-136.5	13
-135.5	7.2
-134.5	10
-133.5	7
-132.5	11
-131.5	14
-130.5	6
-129.5	11
-128.5	10.5
-127.5	9
-126.5	5
-125.5	6
-124.5	7
-123.5	9.2
-122.5	12
-121.5	13
-120.5	13
-119.5	14
-118.5	8
-117.5	6.61111
-116.5	8
-115.5	9
-114.5	13.5
-113.5	10.125
-112.5	15
-111.5	10.5
-110.5	12
-109.5	10.2
-108.5	11
-107.5	11
-106.5	14.8333
-105.5	11
-104.5	11
-103.5	13.1667
-102.5	13
-101.5	8
-100.5	15.5
 -99.5	11
 -98.5	11
 -97.5	14.9
 -96.5	12
 -95.5	4
 -94.5	10
 -93.5	8
 -92.5	10.1429
 -91.5	10
 -90.5	11
 -89.5	10
 -88.5	16.5
 -87.5	12.25
 -86.5	17
 -85.5	9
 -84.5	11.2
 -83.5	13.5556
 -82.5	5.5
 -81.5	13
 -80.5	7
 -79.5	13
 -78.5	12.5
 -77.5	13.125
 -76.5	9
 -75.5	14
 -74.5	10
 -73.5	11
 -72.5	9.16667
 -71.5	14.1429
 -70.5	12
 -69.5	15.25
 -68.5	12.5
 -67.5	14
 -66.5	14
 -65.5	13
 -64.5	17.25
 -63.5	16
 -62.5	11.8333
 -61.5	14.25
 -60.5	13
 -59.5	14.25
 -58.5	11.5
 -57.5	14
 -56.5	8
 -55.5	16
 -54.5	18.25
 -53.5	16
 -52.5	13
 -51.5	15
 -50.5	11.6429
 -49.5	11.6111
 -48.5	13
 -47.5	10.45
 -46.5	11.5
 -45.5	12.5
 -44.5	10.5
 -43.5	13
 -42.5	11
 -41.5	13.625
 -40.5	19
 -39.5	11
 -38.5	12.1667
 -37.5	23
 -36.5	9.5
 -35.5	18
 -34.5	22.3333
 -33.5	17.6111
 -32.5	12
 -31.5	11
 -30.5	16
 -29.5	17.8333
 -28.5	15.5
 -27.5	7.7
 -26.5	11
 -25.5	12.5
 -24.5	15.3333
 -23.5	11.1667
 -22.5	10.5
 -21.5	9.5
 -20.5	16
 -19.5	11
 -18.5	14.2
 -17.5	17
 -16.5	18
 -15.5	11
 -14.5	19
 -13.5	21
 -12.5	9
 -11.5	21
 -10.5	16
  -9.5	11.2
  -8.5	13.2
  -7.5	8.5
  -6.5	14
  -5.5	11.125
  -4.5	16.5
  -3.5	12
  -2.5	10.6667
  -1.5	11.2
  -0.5	15
   0.5	14.1111
   1.5	11
   2.5	9.5
   3.5	12
   4.5	7.5
   5.5	9.5
   6.5	15
   7.5	7
   8.5	17.5
   9.5	11.5
  10.5	14.5
  11.5	11
  12.5	16
  13.5	12.5
  14.5	13.7
  15.5	16
  16.5	12
  17.5	13
  18.5	9
  19.5	16.1667
  20.5	12.3333
  21.5	6
  22.5	22
  23.5	13
  24.5	10
  25.5	11.5
  26.5	15.1429
  27.5	14.5
  28.5	20
  29.5	12
  30.5	24.625
  31.5	13
  32.5	9.5
  33.5	12
  34.5	6
  35.5	10.3333
  36.5	11
  37.5	17
  38.5	11.5
  39.5	14
  40.5	7
  41.5	14.7
  42.5	8
  43.5	14.1111
  44.5	11
  45.5	9.33333
  46.5	17
  47.5	11.5
  48.5	9.5
  49.5	14.1429
  50.5	9.5
  51.5	19
  52.5	12
  53.5	11
  54.5	9
  55.5	10.5
  56.5	16.5
  57.5	14
  58.5	10.5
  59.5	16
  60.5	11.1111
  61.5	12.1111
  62.5	12
  63.5	12.5
  64.5	14
  65.5	15.5
  66.5	8.625
  67.5	9
  68.5	13.5
  69.5	9.5
  70.5	16
  71.5	13
  72.5	9.14286
  73.5	8.16667
  74.5	14.2
  75.5	10
  76.5	13
  77.5	14
  78.5	10.5
  79.5	8.5
  80.5	21
  81.5	8.11111
  82.5	9
  83.5	12.3333
  84.5	11.8333
  85.5	14
  86.5	7
  87.5	18
  88.5	19.5
  89.5	8.5
  90.5	12.5
  91.5	8.5
  92.5	13
  93.5	11.5
  94.5	14.1111
  95.5	11
  96.5	12.5
  97.5	5.5
  98.5	16.5
  99.5	12
 100.5	12.5
 101.5	11
 102.5	14.2917
 103.5	9.5
 104.5	15.3333
 105.5	10
 106.5	10
 107.5	10.7
 108.5	8.5
 109.5	11.5
 110.5	9.5
 111.5	15.5
 112.5	8.5
 113.5	14
 114.5	8
 115.5	10
 116.5	10.75
 117.5	9.5
 118.5	5.16667
 119.5	13.5
 120.5	9
 121.5	11.5
 122.5	7.5
 123.5	8
 124.5	7
 125.5	15
 126.5	9
 127.5	16.5
 128.5	15
 129.5	13
 130.5	15.5
 131.5	6.5
 132.5	9.83333
 133.5	12.5
 134.5	9.5
 135.5	12.5
 136.5	11.1429
 137.5	7
 138.5	5
 139.5	18
 140.5	8.7
 141.5	8.5
 142.5	9
 143.5	12
 144.5	8.5
 145.5	14.5
 146.5	13
 147.5	11
 148.5	10
 149.5	9.11111
 150.5	11
 151.5	9
 152.5	7.33333
 153.5	11
 154.5	9
 155.5	8
 156.5	6.2
 157.5	11.2
 158.5	4
 159.5	6
 160.5	8.5
 161.5	7
 162.5	12
 163.5	15
 164.5	11.3333
 165.5	12
 166.5	7
 167.5	4
 168.5	9
 169.5	7.5
 170.5	12
 171.5	10
 172.5	9.16667
 173.5	10.2
 174.5	10
 175.5	13
 176.5	8
 177.5	7.5
 178.5	8
 179.5	10
 180.5	9
 181.5	5
 182.5	8
 183.5	11.6111
 184.5	12
 185.5	12.5
 186.5	14.2
 187.5	13
 188.5	8
 189.5	12
 190.5	10
 191.5	15
 192.5	16
 193.5	10
 194.5	8
 195.5	11
 196.5	12
 197.5	8
 198.5	9.5
 199.5	14.1111
 200.5	4
 201.5	8.2
 202.5	7.2
 203.5	13.5
 204.5	10
 205.5	7
 206.5	10
 207.5	8
 208.5	11
 209.5	14
 210.5	9
 211.5	11
 212.5	9
 213.5	12
 214.5	11
 215.5	14
 216.5	17
 217.5	9
 218.5	8
 219.5	10
 220.5	16.5
 221.5	7
 222.5	7.5
 223.5	13.5
 224.5	11
 225.5	11
 226.5	4
 227.5	9
 228.5	7.33333
 229.5	11.5
 230.5	9.5
DB 2 MOTIF	AP2B_HUMAN.H11MO.0.B
-230.0	12
-229.0	17.5
-228.0	20
-227.0	13
-226.0	18
-225.0	12
-224.0	12
-223.0	10
-222.0	9
-221.0	12.1429
-220.0	19
-219.0	7
-218.0	15.5
-217.0	11
-216.0	13
-215.0	13.5
-214.0	8
-213.0	15
-212.0	18
-211.0	14
-210.0	12
-209.0	11.5
-208.0	11.5
-207.0	14
-206.0	20
-205.0	18
-204.0	10
-203.0	13
-202.0	8
-201.0	17
-200.0	17.5
-199.0	10
-198.0	16
-197.0	9
-196.0	17
-195.0	12
-194.0	14
-193.0	11
-192.0	17
-191.0	12
-190.0	17.5
-189.0	15
-188.0	9
-187.0	11
-186.0	20.5
-185.0	16
-184.0	16
-183.0	17.5
-182.0	13
-181.0	20
-180.0	13
-179.0	12
-178.0	13
-177.0	11.6429
-176.0	18
-175.0	18
-174.0	21
-173.0	11
-172.0	12
-171.0	10.5
-170.0	13
-169.0	16.5
-168.0	15.5
-167.0	12.5
-166.0	13
-165.0	16
-164.0	9.5
-163.0	19
-162.0	12
-161.0	16
-160.0	12
-159.0	20
-158.0	9
-157.0	16
-156.0	12.5
-155.0	13
-154.0	17
-153.0	13
-152.0	17
-151.0	16
-150.0	8
-149.0	19.5
-148.0	14
-147.0	14
-146.0	13
-145.0	18
-144.0	7
-143.0	17.5
-142.0	19.5
-141.0	8
-140.0	14
-139.0	17
-138.0	14
-137.0	11
-136.0	18
-135.0	13
-134.0	16
-133.0	21.6429
-132.0	11.5
-131.0	13.5
-130.0	13
-129.0	14
-128.0	15.5
-127.0	9
-126.0	15
-125.0	22.5
-124.0	22.5
-123.0	11
-122.0	9
-121.0	20
-120.0	16
-119.0	11
-118.0	21
-117.0	17
-116.0	7
-115.0	20
-114.0	13
-113.0	20
-112.0	21
-111.0	12
-110.0	15.5
-109.0	17
-108.0	15.5
-107.0	16
-106.0	21.5
-105.0	14
-104.0	21
-103.0	11
-102.0	14
-101.0	14.5
-100.0	13.5
 -99.0	17
 -98.0	17
 -97.0	24
 -96.0	18.5
 -95.0	19.5
 -94.0	16
 -93.0	17
 -92.0	16
 -91.0	13
 -90.0	12
 -89.0	18.1429
 -88.0	10
 -87.0	19
 -86.0	22
 -85.0	29
 -84.0	13
 -83.0	12
 -82.0	20.5
 -81.0	15
 -80.0	13
 -79.0	10
 -78.0	12
 -77.0	14
 -76.0	18.5
 -75.0	9
 -74.0	18
 -73.0	12.5
 -72.0	19
 -71.0	15
 -70.0	24.5
 -69.0	23
 -68.0	16.5
 -67.0	11
 -66.0	16
 -65.0	16
 -64.0	19
 -63.0	11
 -62.0	15.5
 -61.0	22
 -60.0	12
 -59.0	13.5
 -58.0	13
 -57.0	15.5
 -56.0	21
 -55.0	19
 -54.0	19
 -53.0	18
 -52.0	19
 -51.0	15
 -50.0	11.5
 -49.0	16
 -48.0	18
 -47.0	13
 -46.0	12
 -45.0	13.1429
 -44.0	14.5
 -43.0	25
 -42.0	20.5
 -41.0	13
 -40.0	14
 -39.0	15
 -38.0	14
 -37.0	16
 -36.0	24
 -35.0	11
 -34.0	21.5
 -33.0	17.5
 -32.0	16
 -31.0	16.5
 -30.0	13
 -29.0	13.5
 -28.0	21.5
 -27.0	12
 -26.0	23.5
 -25.0	12
 -24.0	19
 -23.0	21
 -22.0	12.5
 -21.0	12
 -20.0	14.5
 -19.0	16
 -18.0	13
 -17.0	12
 -16.0	17.5
 -15.0	17
 -14.0	19.5
 -13.0	15
 -12.0	15.5
 -11.0	14
 -10.0	16.5
  -9.0	7
  -8.0	12
  -7.0	15
  -6.0	13
  -5.0	11.5
  -4.0	10
  -3.0	18.5
  -2.0	10
  -1.0	11
   0.0	20
   1.0	7.5
   2.0	12
   3.0	13
   4.0	19
   5.0	20
   6.0	13
   7.0	16
   8.0	12.3333
   9.0	16
  10.0	18
  11.0	14
  12.0	13
  13.0	19.3333
  14.0	12.5
  15.0	17.3333
  16.0	15
  17.0	17.5
  18.0	17
  19.0	11
  20.0	23.5
  21.0	21
  22.0	16.5
  23.0	15
  24.0	8.5
  25.0	19
  26.0	13
  27.0	19.5
  28.0	9
  29.0	13
  30.0	17.5
  31.0	13
  32.0	23
  33.0	15
  34.0	17
  35.0	16
  36.0	14
  37.0	14
  38.0	14
  39.0	20
  40.0	15.5
  41.0	18
  42.0	21
  43.0	21.5
  44.0	13
  45.0	23
  46.0	15
  47.0	12
  48.0	17
  49.0	22.5
  50.0	23
  51.0	9
  52.0	11
  53.0	17
  54.0	15
  55.0	15
  56.0	20.5
  57.0	18
  58.0	13
  59.0	16
  60.0	19
  61.0	14
  62.0	13.3333
  63.0	11.6429
  64.0	23
  65.0	21
  66.0	17
  67.0	17
  68.0	11
  69.0	19.5
  70.0	19
  71.0	12
  72.0	17
  73.0	14
  74.0	16
  75.0	13
  76.0	14.8333
  77.0	20.5
  78.0	15.5
  79.0	13.5
  80.0	19.1667
  81.0	18
  82.0	11
  83.0	15
  84.0	12.5
  85.0	17.5
  86.0	13
  87.0	9
  88.0	16
  89.0	28
  90.0	21
  91.0	9
  92.0	16
  93.0	8.5
  94.0	17
  95.0	13
  96.0	15
  97.0	13
  98.0	10
  99.0	20
 100.0	13.5
 101.0	20
 102.0	19.5
 103.0	14
 104.0	9
 105.0	15
 106.0	17
 107.0	13.1429
 108.0	20
 109.0	13
 110.0	8.66667
 111.0	21.5
 112.0	9
 113.0	12
 114.0	15
 115.0	19
 116.0	13
 117.0	13
 118.0	17.3333
 119.0	11
 120.0	16.5
 121.0	18
 122.0	17.5
 123.0	20.5
 124.0	11.5
 125.0	10
 126.0	23
 127.0	12
 128.0	17
 129.0	14
 130.0	17
 131.0	9
 132.0	10
 133.0	12
 134.0	14
 135.0	13
 136.0	17.5
 137.0	20
 138.0	23
 139.0	16.3333
 140.0	14.6667
 141.0	13
 142.0	17
 143.0	16
 144.0	15
 145.0	13.5
 146.0	14
 147.0	19
 148.0	14.5
 149.0	14
 150.0	17
 151.0	13.5
 152.0	19
 153.0	13.5
 154.0	14.5
 155.0	21.5
 156.0	7
 157.0	16
 158.0	17
 159.0	18.5
 160.0	13
 161.0	13
 162.0	13
 163.0	18
 164.0	11.5
 165.0	14
 166.0	14
 167.0	10
 168.0	14
 169.0	19
 170.0	7.16667
 171.0	16
 172.0	12.5
 173.0	15
 174.0	21.5
 175.0	16
 176.0	14.5
 177.0	15.5
 178.0	12.5
 179.0	13.5
 180.0	13
 181.0	13
 182.0	11
 183.0	13
 184.0	14
 185.0	17.3333
 186.0	15
 187.0	15.5
 188.0	15
 189.0	11
 190.0	12
 191.0	10
 192.0	14
 193.0	12
 194.0	17
 195.0	19.5
 196.0	8
 197.0	17
 198.0	9
 199.0	15
 200.0	9.16667
 201.0	11
 202.0	7
 203.0	13
 204.0	10.5
 205.0	20
 206.0	13.5
 207.0	8.5
 208.0	11
 209.0	19
 210.0	12
 211.0	14
 212.0	15
 213.0	24
 214.0	14
 215.0	20
 216.0	16.3333
 217.0	13
 218.0	11
 219.0	16
 220.0	16
 221.0	17
 222.0	17
 223.0	11.5
 224.0	16
 225.0	12
 226.0	14
 227.0	18
 228.0	12.5
 229.0	12
 230.0	16.6667
DB 2 MOTIF	AP2D_HUMAN.H11MO.0.D
-228.0	6
-227.0	11
-226.0	9.5
-225.0	8
-224.0	8
-223.0	10
-222.0	10
-221.0	7
-220.0	8
-219.0	7
-218.0	11
-217.0	5
-216.0	5
-215.0	7.5
-214.0	9
-213.0	4
-212.0	6
-211.0	10
-210.0	13.5
-209.0	9
-208.0	13
-207.0	13
-206.0	13
-205.0	8
-204.0	9
-203.0	5
-202.0	4
-201.0	13
-200.0	7
-199.0	8
-198.0	4
-197.0	12
-196.0	7
-195.0	11
-194.0	13
-193.0	7
-192.0	10
-191.0	8
-190.0	8
-189.0	10
-188.0	13
-187.0	12
-186.0	14
-185.0	7
-184.0	8
-183.0	7
-182.0	12.5
-181.0	8
-180.0	4
-179.0	8
-178.0	13
-177.0	11
-176.0	8
-175.0	9
-174.0	7
-173.0	12
-172.0	13
-171.0	18.5
-170.0	15.5
-169.0	12
-168.0	6
-167.0	12
-166.0	6
-165.0	11
-164.0	11
-163.0	9
-162.0	9
-161.0	8
-160.0	9
-159.0	3
-158.0	8
-157.0	8
-156.0	9
-155.0	10
-154.0	12
-153.0	10
-152.0	9
-151.0	9
-150.0	8
-149.0	9
-148.0	7
-147.0	12
-146.0	14
-145.0	7
-144.0	10
-143.0	6
-142.0	9
-141.0	12
-140.0	7
-139.0	8
-138.0	12
-137.0	10
-136.0	8.5
-135.0	7
-134.0	10
-133.0	7
-132.0	8
-131.0	9
-130.0	15
-129.0	10
-128.0	11
-127.0	15
-126.0	17
-125.0	10
-124.0	11
-123.0	10
-122.0	9
-121.0	12
-120.0	12
-119.0	12
-118.0	7
-117.0	5
-116.0	10
-115.0	10
-114.0	12
-113.0	8
-112.0	13
-111.0	17
-110.0	20
-109.0	11
-108.0	7.5
-107.0	8
-106.0	12.5
-105.0	9
-104.0	15
-103.0	7
-102.0	7
-101.0	15
-100.0	4.5
 -99.0	7
 -98.0	9
 -97.0	7
 -96.0	11
 -95.0	16
 -94.0	11
 -93.0	9
 -92.0	9.5
 -91.0	13
 -90.0	16
 -89.0	10
 -88.0	10
 -87.0	16
 -86.0	11
 -85.0	14
 -84.0	10
 -83.0	7.5
 -82.0	13
 -81.0	15
 -80.0	8
 -79.0	9
 -78.0	8
 -77.0	10
 -76.0	11
 -75.0	12
 -74.0	8
 -73.0	15
 -72.0	12
 -71.0	11
 -70.0	12
 -69.0	12
 -68.0	5
 -67.0	4
 -66.0	10
 -65.0	10
 -64.0	9
 -63.0	12
 -62.0	11
 -61.0	7
 -60.0	15
 -59.0	12
 -58.0	11
 -57.0	5
 -56.0	7
 -55.0	9
 -54.0	12
 -53.0	12
 -52.0	9
 -51.0	6
 -50.0	10
 -49.0	6
 -48.0	12
 -47.0	9
 -46.0	13
 -45.0	9
 -44.0	11
 -43.0	3
 -42.0	9
 -41.0	10
 -40.0	12
 -39.0	7
 -38.0	8
 -37.0	8
 -36.0	11
 -35.0	13
 -34.0	11
 -33.0	14
 -32.0	14
 -31.0	9
 -30.0	7
 -29.0	11
 -28.0	9
 -27.0	9
 -26.0	10
 -25.0	4
 -24.0	14
 -23.0	8
 -22.0	10
 -21.0	12
 -20.0	8
 -19.0	11
 -18.0	13
 -17.0	7
 -16.0	8
 -15.0	10
 -14.0	12
 -13.0	8
 -12.0	6
 -11.0	14
 -10.0	12
  -9.0	8
  -8.0	4
  -7.0	8
  -6.0	15
  -5.0	1
  -4.0	10
  -3.0	15
  -2.0	9
  -1.0	11
   0.0	10
   1.0	8
   2.0	7.5
   3.0	5
   4.0	8
   5.0	10
   6.0	14
   7.0	15
   8.0	10
   9.0	8
  10.0	8
  11.0	13
  12.0	7
  13.0	10
  14.0	9
  15.0	8
  16.0	6
  17.0	10
  18.0	11
  19.0	8
  20.0	8
  21.0	13
  22.0	7.5
  23.0	7
  24.0	10
  25.0	3
  26.0	14
  27.0	10
  28.0	14
  29.0	7
  30.0	7
  31.0	6
  32.0	4.5
  33.0	12
  34.0	12
  35.0	7
  36.0	12
  37.0	17
  38.0	9
  39.0	9
  40.0	12
  41.0	6
  42.0	8
  43.0	18
  44.0	8
  45.0	9
  46.0	8
  47.0	17
  48.0	13
  49.0	8
  50.0	3
  51.0	7.5
  52.0	8
  53.0	15
  54.0	14
  55.0	8.5
  56.0	13
  57.0	8.5
  58.0	10
  59.0	7
  60.0	11.2
  61.0	9
  62.0	13
  63.0	9
  64.0	9
  65.0	12
  66.0	16
  67.0	12
  68.0	8
  69.0	10
  70.0	8
  71.0	9
  72.0	13
  73.0	9
  74.0	9
  75.0	8
  76.0	9
  77.0	6
  78.0	11.2
  79.0	16
  80.0	10.5
  81.0	9
  82.0	18
  83.0	6
  84.0	11
  85.0	13
  86.0	7
  87.0	10
  88.0	6
  89.0	7
  90.0	6
  91.0	7
  92.0	13
  93.0	6
  94.0	9
  95.0	13
  96.0	7
  97.0	5
  98.0	8
  99.0	14
 100.0	11
 101.0	7
 102.0	8
 103.0	8
 104.0	9
 105.0	16
 106.0	10
 107.0	13
 108.0	7
 109.0	10
 110.0	12
 111.0	9
 112.0	6
 113.0	7
 114.0	5
 115.0	14
 116.0	7
 117.0	13
 118.0	5
 119.0	9
 120.0	11
 121.0	13
 122.0	14
 123.0	10
 124.0	6.5
 125.0	8
 126.0	4
 127.0	6
 128.0	11
 129.0	7
 130.0	8
 131.0	3
 132.0	9.2
 133.0	4
 134.0	12
 135.0	18
 136.0	8
 137.0	6
 138.0	12
 139.0	7
 140.0	7
 141.0	4
 142.0	9
 143.0	7
 144.0	9
 145.0	9
 146.0	7
 147.0	11
 148.0	6
 149.0	11
 150.0	8
 151.0	6
 152.0	7.5
 153.0	6
 154.0	9
 155.0	10
 156.0	11
 157.0	7
 158.0	12
 159.0	5
 160.0	10
 161.0	11
 162.0	3
 163.0	6
 164.0	11
 165.0	14
 166.0	6
 167.0	12
 168.0	10
 169.0	7.5
 170.0	11
 171.0	6
 172.0	18
 173.0	6
 174.0	8
 175.0	11
 176.0	8
 177.0	7
 178.0	9
 179.0	5
 180.0	6
 181.0	10
 182.0	6
 183.0	6
 184.0	11
 185.0	4
 186.0	6.2
 187.0	6
 188.0	5
 189.0	8
 190.0	8
 191.0	4
 192.0	9
 193.0	9
 194.0	3
 195.0	7
 196.0	15
 197.0	13
 198.0	7
 199.0	12
 200.0	8
 201.0	11
 202.0	5
 203.0	7
 204.0	16
 205.0	10.5
 206.0	9
 207.0	12
 208.0	9
 209.0	4.5
 210.0	6
 211.0	3
 212.0	9
 213.0	7
 214.0	6
 215.0	8
 216.0	9
 217.0	7
 218.0	7
 219.0	7
 220.0	9
 221.0	7
 222.0	10.2
 223.0	9
 224.0	7
 225.0	10
 226.0	8
 227.0	8
 228.0	11
DB 2 MOTIF	ARNT_HUMAN.H11MO.0.B
-230.5	12.5
-229.5	11
-228.5	13.1667
-227.5	15.6667
-226.5	5
-225.5	6
-224.5	22
-223.5	16.5
-222.5	14.3333
-221.5	13.3333
-220.5	13
-219.5	15
-218.5	11.5
-217.5	12
-216.5	10
-215.5	13
-214.5	8.5
-213.5	18.5
-212.5	11.5
-211.5	9.5
-210.5	7
-209.5	8.5
-208.5	16
-207.5	12.1588
-206.5	6
-205.5	6
-204.5	12.5
-203.5	5.5
-202.5	13
-201.5	10
-200.5	14.8333
-199.5	13
-198.5	14
-197.5	14.8333
-196.5	9
-195.5	15.5
-194.5	17
-193.5	9
-192.5	17
-191.5	18.5
-190.5	13
-189.5	5
-188.5	9
-187.5	16.5
-186.5	7.5
-185.5	10
-184.5	10
-183.5	9.5
-182.5	8
-181.5	8.5
-180.5	11
-179.5	9.55882
-178.5	19.5
-177.5	13
-176.5	7
-175.5	12
-174.5	12.5
-173.5	7
-172.5	12
-171.5	16.1111
-170.5	10
-169.5	12.5
-168.5	10
-167.5	14
-166.5	9.5
-165.5	13
-164.5	12.9762
-163.5	9.1
-162.5	17
-161.5	12.5
-160.5	11.7
-159.5	9.33333
-158.5	7.5
-157.5	10.5
-156.5	9.5
-155.5	13
-154.5	11
-153.5	20.5588
-152.5	8
-151.5	8
-150.5	7.5
-149.5	8.5
-148.5	6
-147.5	17
-146.5	6
-145.5	18.5
-144.5	15
-143.5	13
-142.5	11
-141.5	10
-140.5	11
-139.5	9.5
-138.5	14.2
-137.5	10
-136.5	12.1429
-135.5	9
-134.5	12
-133.5	10.5
-132.5	14.1429
-131.5	10
-130.5	8
-129.5	7.5
-128.5	17
-127.5	11.5
-126.5	12
-125.5	6.05882
-124.5	10.9762
-123.5	9
-122.5	11.3333
-121.5	15.5
-120.5	9
-119.5	10.1
-118.5	16
-117.5	9.58333
-116.5	8
-115.5	10
-114.5	11
-113.5	16
-112.5	16
-111.5	10.5
-110.5	7.5
-109.5	9.5
-108.5	10.7
-107.5	13
-106.5	14
-105.5	10
-104.5	11.5
-103.5	9
-102.5	19.6429
-101.5	15.5
-100.5	10.1429
 -99.5	20.5588
 -98.5	12.6429
 -97.5	12
 -96.5	9.5
 -95.5	16
 -94.5	6.5
 -93.5	11
 -92.5	11
 -91.5	8.14286
 -90.5	16
 -89.5	14.5
 -88.5	12.5
 -87.5	12.8333
 -86.5	10
 -85.5	11.5
 -84.5	16
 -83.5	13.6111
 -82.5	8.5
 -81.5	8.16667
 -80.5	19.5
 -79.5	9.5
 -78.5	16
 -77.5	12
 -76.5	14
 -75.5	7.1
 -74.5	17
 -73.5	6.05882
 -72.5	18
 -71.5	9.33333
 -70.5	11.3429
 -69.5	14
 -68.5	9.14286
 -67.5	13
 -66.5	21.2
 -65.5	8
 -64.5	10
 -63.5	12.0833
 -62.5	14.4
 -61.5	16
 -60.5	21
 -59.5	8.5
 -58.5	13.7
 -57.5	16
 -56.5	11
 -55.5	15.3333
 -54.5	15.7
 -53.5	12.5
 -52.5	14
 -51.5	16
 -50.5	14
 -49.5	16.1429
 -48.5	13.2
 -47.5	9
 -46.5	15.5
 -45.5	11.0588
 -44.5	20.5
 -43.5	11
 -42.5	14.5
 -41.5	17
 -40.5	12.5
 -39.5	15.6111
 -38.5	13.5
 -37.5	11.5
 -36.5	17.6429
 -35.5	9.5
 -34.5	19
 -33.5	10.3333
 -32.5	7
 -31.5	11.7667
 -30.5	13
 -29.5	10
 -28.5	14
 -27.5	11
 -26.5	16
 -25.5	16.5
 -24.5	18.5
 -23.5	9
 -22.5	13
 -21.5	16
 -20.5	13.3333
 -19.5	17
 -18.5	11
 -17.5	18.5588
 -16.5	17.5
 -15.5	27.3333
 -14.5	13.3333
 -13.5	15
 -12.5	13.5
 -11.5	9.5
 -10.5	20
  -9.5	11.5
  -8.5	15
  -7.5	17.5
  -6.5	9.64286
  -5.5	10
  -4.5	13.9762
  -3.5	8.5
  -2.5	10.9762
  -1.5	8
  -0.5	10.5
   0.5	9
   1.5	11.3333
   2.5	14
   3.5	13.3333
   4.5	10.1111
   5.5	8.83333
   6.5	13.8333
   7.5	19
   8.5	11
   9.5	13
  10.5	15.0588
  11.5	15
  12.5	14.1
  13.5	14.1429
  14.5	11.5
  15.5	14.5
  16.5	12
  17.5	14.6667
  18.5	23.5
  19.5	15.3333
  20.5	11.5
  21.5	11
  22.5	8
  23.5	18
  24.5	15.1429
  25.5	17
  26.5	13
  27.5	13.1429
  28.5	8.33333
  29.5	17.3333
  30.5	19.5
  31.5	17
  32.5	8
  33.5	8
  34.5	17.5
  35.5	17
  36.5	11
  37.5	15.5
  38.5	16.0588
  39.5	9
  40.5	12.5
  41.5	6
  42.5	20
  43.5	14
  44.5	13
  45.5	8.33333
  46.5	16.5
  47.5	9
  48.5	19.1111
  49.5	13
  50.5	16.8929
  51.5	7
  52.5	16.3333
  53.5	15
  54.5	12.75
  55.5	8
  56.5	11.1
  57.5	12.3333
  58.5	12.75
  59.5	6
  60.5	17
  61.5	14.3333
  62.5	11.5
  63.5	15
  64.5	15
  65.5	16.8333
  66.5	15.5588
  67.5	9
  68.5	12.5
  69.5	6.83333
  70.5	8
  71.5	14.5
  72.5	11
  73.5	17.4762
  74.5	10.5
  75.5	13
  76.5	15
  77.5	6.33333
  78.5	18.5
  79.5	14
  80.5	8.5
  81.5	14.5
  82.5	16.3333
  83.5	19
  84.5	11.5
  85.5	10
  86.5	8
  87.5	11.5
  88.5	16
  89.5	9.16667
  90.5	14.5
  91.5	11.5
  92.5	18.1699
  93.5	10
  94.5	10
  95.5	21.6667
  96.5	11
  97.5	10
  98.5	8
  99.5	8.5
 100.5	10.1
 101.5	15.1667
 102.5	10
 103.5	12.3333
 104.5	10.5
 105.5	15.8333
 106.5	8
 107.5	6.16667
 108.5	8.5
 109.5	8.33333
 110.5	10.8333
 111.5	9.16667
 112.5	4
 113.5	16.6667
 114.5	15.5
 115.5	13
 116.5	7.5
 117.5	8.5
 118.5	11.5588
 119.5	11.75
 120.5	13
 121.5	9
 122.5	9
 123.5	6
 124.5	14
 125.5	12.5
 126.5	22
 127.5	13.5
 128.5	15
 129.5	12
 130.5	8.5
 131.5	12
 132.5	16
 133.5	17
 134.5	14.5
 135.5	11.3333
 136.5	17.1111
 137.5	11.1429
 138.5	7
 139.5	4.5
 140.5	17
 141.5	12
 142.5	12
 143.5	9
 144.5	16.6
 145.5	8
 146.5	18.0588
 147.5	5.5
 148.5	9
 149.5	8
 150.5	9
 151.5	19
 152.5	10.5
 153.5	10
 154.5	14.5
 155.5	8.5
 156.5	9.25
 157.5	9.25
 158.5	6
 159.5	4
 160.5	13.3333
 161.5	9
 162.5	12.5
 163.5	8.5
 164.5	12
 165.5	11
 166.5	12
 167.5	8
 168.5	13.5
 169.5	13
 170.5	14
 171.5	16
 172.5	13.5588
 173.5	12
 174.5	13
 175.5	13.3333
 176.5	6
 177.5	12
 178.5	20
 179.5	16
 180.5	6.11111
 181.5	12
 182.5	8
 183.5	15
 184.5	6.5
 185.5	13
 186.5	8
 187.5	8
 188.5	11.1
 189.5	10.5
 190.5	10.3333
 191.5	20
 192.5	13
 193.5	14.5
 194.5	10
 195.5	7
 196.5	12.5
 197.5	20.5
 198.5	12.5
 199.5	13
 200.5	19.0588
 201.5	8.25
 202.5	23.25
 203.5	7
 204.5	11
 205.5	11
 206.5	13
 207.5	15
 208.5	12
 209.5	14
 210.5	10.5
 211.5	9
 212.5	10
 213.5	7
 214.5	14
 215.5	11
 216.5	13
 217.5	11
 218.5	12
 219.5	17
 220.5	7
 221.5	17
 222.5	8.5
 223.5	13.5
 224.5	14.1111
 225.5	11.5
 226.5	7
 227.5	9
 228.5	8.39216
 229.5	7
 230.5	11
DB 2 MOTIF	ASCL2_HUMAN.H11MO.0.D
-230.5	15.5
-229.5	13
-228.5	15
-227.5	15.5
-226.5	6
-225.5	13
-224.5	6
-223.5	14.5
-222.5	12
-221.5	11.5
-220.5	11
-219.5	10.0526
-218.5	11.5
-217.5	12
-216.5	10
-215.5	10
-214.5	19
-213.5	13.5
-212.5	11.5
-211.5	13
-210.5	10
-209.5	8
-208.5	15
-207.5	11.5
-206.5	9.5
-205.5	20
-204.5	17
-203.5	11.5
-202.5	10
-201.5	16
-200.5	15.5
-199.5	19
-198.5	16.125
-197.5	9
-196.5	10
-195.5	7
-194.5	11
-193.5	13
-192.5	11
-191.5	20.5
-190.5	13
-189.5	7
-188.5	11.25
-187.5	13
-186.5	11
-185.5	10
-184.5	11.5
-183.5	9.5
-182.5	14.3333
-181.5	17.1667
-180.5	16.8333
-179.5	10.5
-178.5	13.5833
-177.5	16
-176.5	14.5
-175.5	13.486
-174.5	17.3333
-173.5	21
-172.5	15.5833
-171.5	8.5
-170.5	10.75
-169.5	16.1667
-168.5	18
-167.5	11.6
-166.5	19.25
-165.5	14
-164.5	10
-163.5	11.0526
-162.5	10.5
-161.5	16
-160.5	14.8333
-159.5	10.5
-158.5	13
-157.5	18.5
-156.5	10
-155.5	13
-154.5	14
-153.5	14
-152.5	9
-151.5	10.5
-150.5	8.5
-149.5	16.6111
-148.5	5
-147.5	22
-146.5	15
-145.5	9
-144.5	11.3333
-143.5	10
-142.5	10
-141.5	12
-140.5	8
-139.5	12
-138.5	15.5
-137.5	12
-136.5	16.5
-135.5	13
-134.5	17
-133.5	12.5
-132.5	8.16667
-131.5	14.5526
-130.5	22
-129.5	14.5
-128.5	12.1
-127.5	10
-126.5	10.125
-125.5	8.33333
-124.5	9.75
-123.5	9.33333
-122.5	16
-121.5	7.11111
-120.5	13.6667
-119.5	11
-118.5	15.1
-117.5	9
-116.5	14.0769
-115.5	16
-114.5	21
-113.5	16.5769
-112.5	12
-111.5	14.5
-110.5	15.0769
-109.5	10.5
-108.5	16.5
-107.5	6.57692
-106.5	14
-105.5	12
-104.5	15.2198
-103.5	12
-102.5	7
-101.5	7.37955
-100.5	14.5
 -99.5	8
 -98.5	14.0769
 -97.5	17.5
 -96.5	10
 -95.5	13.0769
 -94.5	14.5
 -93.5	8
 -92.5	8.57692
 -91.5	12.5526
 -90.5	11.875
 -89.5	15.0769
 -88.5	12.5
 -87.5	13
 -86.5	8.57692
 -85.5	14.6
 -84.5	13
 -83.5	10.0769
 -82.5	12.1667
 -81.5	14
 -80.5	8.57692
 -79.5	9.05263
 -78.5	19.5
 -77.5	15
 -76.5	11.1429
 -75.5	13
 -74.5	14.5
 -73.5	9
 -72.5	12
 -71.5	15.5526
 -70.5	11
 -69.5	15.6111
 -68.5	16
 -67.5	14
 -66.5	8
 -65.5	17.5
 -64.5	9.39286
 -63.5	10.5
 -62.5	8.5
 -61.5	13.1429
 -60.5	20.5
 -59.5	14
 -58.5	12.6429
 -57.5	17.5526
 -56.5	12.3333
 -55.5	14.5
 -54.5	12.625
 -53.5	10
 -52.5	16.1429
 -51.5	16.1111
 -50.5	7.5
 -49.5	17.5
 -48.5	21.5
 -47.5	11.4333
 -46.5	17
 -45.5	14.8333
 -44.5	11.6429
 -43.5	15
 -42.5	15.8333
 -41.5	8
 -40.5	8.14286
 -39.5	15.5
 -38.5	15
 -37.5	12.8622
 -36.5	15
 -35.5	13
 -34.5	14.6429
 -33.5	11.5
 -32.5	18
 -31.5	22.7857
 -30.5	15.5
 -29.5	9.5
 -28.5	11.2857
 -27.5	19
 -26.5	12.5
 -25.5	12.7857
 -24.5	11
 -23.5	14
 -22.5	18.7857
 -21.5	17.75
 -20.5	18.5
 -19.5	20
 -18.5	14.5
 -17.5	14
 -16.5	18.5
 -15.5	19
 -14.5	12.5
 -13.5	26
 -12.5	16.5
 -11.5	19
 -10.5	10.5
  -9.5	13.6111
  -8.5	16.6
  -7.5	16.5
  -6.5	17.1667
  -5.5	11.0833
  -4.5	9
  -3.5	15.25
  -2.5	14
  -1.5	18.0526
  -0.5	12.5
   0.5	8
   1.5	16
   2.5	14.1667
   3.5	14
   4.5	14.5
   5.5	15.5
   6.5	19.3333
   7.5	12
   8.5	10.6637
   9.5	18
  10.5	16.3333
  11.5	16.8333
  12.5	16.5
  13.5	14.3333
  14.5	15.5833
  15.5	16
  16.5	15
  17.5	17.625
  18.5	16
  19.5	11.5
  20.5	12.5
  21.5	17
  22.5	23
  23.5	15.75
  24.5	15.5
  25.5	12
  26.5	9.5
  27.5	13.1
  28.5	14.8333
  29.5	11
  30.5	8
  31.5	14.1429
  32.5	14
  33.5	14.5
  34.5	14.5
  35.5	18
  36.5	7.5
  37.5	19
  38.5	11
  39.5	9
  40.5	14.0526
  41.5	12
  42.5	17.2778
  43.5	7.75
  44.5	15.25
  45.5	14.5
  46.5	15.5
  47.5	17.5
  48.5	12
  49.5	13
  50.5	11
  51.5	13.5
  52.5	17
  53.5	13.2679
  54.5	12.3333
  55.5	8.25
  56.5	12.2
  57.5	18.6667
  58.5	6.16374
  59.5	9
  60.5	14.5
  61.5	17
  62.5	11.1667
  63.5	16
  64.5	19
  65.5	12
  66.5	13.5
  67.5	11
  68.5	8
  69.5	13.5
  70.5	13.5
  71.5	12.5
  72.5	16.8333
  73.5	4
  74.5	14
  75.5	13
  76.5	10.5
  77.5	8
  78.5	7
  79.5	11.5
  80.5	6
  81.5	20
  82.5	9.11111
  83.5	11.6667
  84.5	14.5
  85.5	11
  86.5	17.5769
  87.5	9.33333
  88.5	9.2
  89.5	11.3448
  90.5	18
  91.5	15.5
  92.5	16.5769
  93.5	19
  94.5	11
  95.5	13.5769
  96.5	14.5526
  97.5	8.5
  98.5	17.0769
  99.5	15.75
 100.5	6.25
 101.5	19.0769
 102.5	12
 103.5	11.8333
 104.5	11.0769
 105.5	6
 106.5	14.7
 107.5	9.07692
 108.5	9
 109.5	10
 110.5	17.0769
 111.5	13
 112.5	11.1667
 113.5	10.0769
 114.5	18.5
 115.5	12.75
 116.5	11.0769
 117.5	12.5
 118.5	14.2526
 119.5	12.5769
 120.5	16.8333
 121.5	9.16667
 122.5	15.2436
 123.5	13.8333
 124.5	8.5
 125.5	9.125
 126.5	8.43333
 127.5	11
 128.5	10
 129.5	9
 130.5	13.0526
 131.5	14.5
 132.5	10.5
 133.5	13
 134.5	7.33333
 135.5	9.5
 136.5	11.8333
 137.5	9.5
 138.5	11
 139.5	12.5
 140.5	8.75
 141.5	8.14286
 142.5	12.5
 143.5	8.83333
 144.5	12.1429
 145.5	13
 146.5	13
 147.5	12.1429
 148.5	4.5
 149.5	23
 150.5	15
 151.5	13.5
 152.5	7.5
 153.5	12.5
 154.5	8.05263
 155.5	9.25
 156.5	9.5
 157.5	10.8333
 158.5	10.75
 159.5	14.25
 160.5	15
 161.5	14
 162.5	10.5
 163.5	17.6
 164.5	19.25
 165.5	13
 166.5	8
 167.5	12
 168.5	12
 169.5	9
 170.5	12.2
 171.5	12
 172.5	8
 173.5	13
 174.5	9.64286
 175.5	8.5
 176.5	15
 177.5	5.14286
 178.5	9
 179.5	7.5
 180.5	16.6429
 181.5	10
 182.5	19
 183.5	14.6429
 184.5	16
 185.5	10
 186.5	13
 187.5	7
 188.5	16
 189.5	10.6667
 190.5	14.8333
 191.5	8
 192.5	18
 193.5	8
 194.5	10.5
 195.5	10.5
 196.5	12
 197.5	16
 198.5	15.5
 199.5	4.41667
 200.5	12
 201.5	9
 202.5	14
 203.5	16.8333
 204.5	10.5
 205.5	10.5
 206.5	14.3333
 207.5	9.5
 208.5	11
 209.5	9
 210.5	16
 211.5	12.5
 212.5	12.5
 213.5	12
 214.5	7.33333
 215.5	13
 216.5	14
 217.5	13
 218.5	10
 219.5	13.5
 220.5	14
 221.5	13.5
 222.5	10
 223.5	13.1667
 224.5	10
 225.5	11
 226.5	10
 227.5	12.0526
 228.5	11
 229.5	13.5
 230.5	10
DB 2 MOTIF	ATF6A_HUMAN.H11MO.0.B
-229.0	2
-228.0	2
-227.0	6
-226.0	6
-225.0	5
-224.0	1
-223.0	2
-222.0	4
-221.0	3
-220.0	1
-219.0	6
-218.0	5
-217.0	0
-216.0	3
-215.0	6
-214.0	4
-213.0	1
-212.0	7
-211.0	0
-210.0	1
-209.0	4
-208.0	6
-207.0	5
-206.0	2
-205.0	2
-204.0	4
-203.0	2
-202.0	2
-201.0	1
-200.0	7
-199.0	5
-198.0	4
-197.0	4
-196.0	2
-195.0	4
-194.0	3
-193.0	3
-192.0	1
-191.0	4
-190.0	7
-189.0	4
-188.0	5
-187.0	3
-186.0	3
-185.0	4
-184.0	5
-183.0	5
-182.0	3
-181.0	2.5
-180.0	1
-179.0	3
-178.0	1
-177.0	3
-176.0	2
-175.0	5
-174.0	6
-173.0	6
-172.0	3
-171.0	5
-170.0	5
-169.0	6
-168.0	2
-167.0	1
-166.0	0
-165.0	2
-164.0	5
-163.0	3
-162.0	6
-161.0	6
-160.0	5
-159.0	6
-158.0	5
-157.0	3
-156.0	2
-155.0	5
-154.0	6
-153.0	1
-152.0	2
-151.0	5
-150.0	6
-149.0	3
-148.0	4
-147.0	2
-146.0	2
-145.0	3
-144.0	4
-143.0	5
-142.0	6
-141.0	4
-140.0	3
-139.0	5
-138.0	3
-137.0	5
-136.0	2
-135.0	4
-134.0	3
-133.0	3
-132.0	1
-131.0	6
-130.0	4
-129.0	3
-128.0	4
-127.0	4
-126.0	6
-125.0	6
-124.0	6
-123.0	7
-122.0	2
-121.0	4
-120.0	0
-119.0	3
-118.0	0
-117.0	2
-116.0	6
-115.0	4
-114.0	5
-113.0	3
-112.0	2
-111.0	7
-110.0	0
-109.0	6
-108.0	2
-107.0	6
-106.0	6
-105.0	1
-104.0	2
-103.0	3.33333
-102.0	3
-101.0	4
-100.0	8.5
 -99.0	5
 -98.0	3.5
 -97.0	5
 -96.0	2.5
 -95.0	4
 -94.0	6.5
 -93.0	7
 -92.0	4
 -91.0	6
 -90.0	9
 -89.0	3
 -88.0	5
 -87.0	4
 -86.0	6
 -85.0	8
 -84.0	4
 -83.0	2
 -82.0	6.5
 -81.0	3
 -80.0	4
 -79.0	7
 -78.0	5.5
 -77.0	5
 -76.0	6
 -75.0	3
 -74.0	3
 -73.0	4
 -72.0	2
 -71.0	3.25
 -70.0	5
 -69.0	5
 -68.0	1
 -67.0	4
 -66.0	3.25
 -65.0	2
 -64.0	2
 -63.0	4
 -62.0	2
 -61.0	4.25
 -60.0	6
 -59.0	4.5
 -58.0	4
 -57.0	3
 -56.0	4.25
 -55.0	3.5
 -54.0	2
 -53.0	9
 -52.0	1
 -51.0	2
 -50.0	4
 -49.0	7
 -48.0	2
 -47.0	4
 -46.0	4.5
 -45.0	7
 -44.0	3.5
 -43.0	3
 -42.0	3
 -41.0	4
 -40.0	7.5
 -39.0	9
 -38.0	5
 -37.0	8
 -36.0	3
 -35.0	5
 -34.0	6
 -33.0	4
 -32.0	4
 -31.0	4
 -30.0	1
 -29.0	5
 -28.0	5
 -27.0	3
 -26.0	5
 -25.0	7
 -24.0	8
 -23.0	6
 -22.0	2
 -21.0	4
 -20.0	8
 -19.0	0.5
 -18.0	5
 -17.0	7
 -16.0	4
 -15.0	3
 -14.0	4
 -13.0	3
 -12.0	7
 -11.0	2
 -10.0	5
  -9.0	3
  -8.0	7
  -7.0	6
  -6.0	2
  -5.0	4
  -4.0	6
  -3.0	2
  -2.0	7
  -1.0	1
   0.0	1
   1.0	6
   2.0	3
   3.0	6
   4.0	3
   5.0	5
   6.0	5.5
   7.0	4
   8.0	5
   9.0	4
  10.0	3
  11.0	3
  12.0	3
  13.0	5
  14.0	5
  15.0	5
  16.0	5
  17.0	5
  18.0	3.33333
  19.0	3
  20.0	5
  21.0	9
  22.0	6
  23.0	3
  24.0	7
  25.0	4
  26.0	7
  27.0	7
  28.0	8
  29.0	6
  30.0	9
  31.0	2
  32.0	2.83333
  33.0	3
  34.0	4
  35.0	5
  36.0	4
  37.0	2.5
  38.0	8
  39.0	5
  40.0	7
  41.0	2
  42.0	9
  43.0	5
  44.0	7
  45.0	2
  46.0	1
  47.0	3
  48.0	2
  49.0	4
  50.0	3
  51.0	7
  52.0	7
  53.0	2
  54.0	2.5
  55.0	6
  56.0	3
  57.0	3.5
  58.0	2
  59.0	2
  60.0	3
  61.0	2.5
  62.0	6
  63.0	4
  64.0	4
  65.0	3
  66.0	4
  67.0	5.5
  68.0	2
  69.0	9
  70.0	2
  71.0	1
  72.0	7
  73.0	2.5
  74.0	0
  75.0	4
  76.0	2
  77.0	3.5
  78.0	3
  79.0	6
  80.0	4
  81.0	4
  82.0	6
  83.0	7
  84.0	1
  85.0	3
  86.0	1
  87.0	3
  88.0	3
  89.0	2
  90.0	6
  91.0	4
  92.0	3
  93.0	3
  94.0	7
  95.0	3
  96.0	3
  97.0	4
  98.0	6
  99.0	4
 100.0	2
 101.0	2
 102.0	3
 103.0	3
 104.0	4
 105.0	1.5
 106.0	3
 107.0	4.5
 108.0	2
 109.0	2.5
 110.0	3
 111.0	3.5
 112.0	3.5
 113.0	2
 114.0	2
 115.0	5
 116.0	6
 117.0	0
 118.0	2.33333
 119.0	3
 120.0	1
 121.0	5
 122.0	2.33333
 123.0	4
 124.0	2
 125.0	5
 126.0	4
 127.0	3
 128.0	2
 129.0	2
 130.0	4
 131.0	1
 132.0	1
 133.0	5
 134.0	1
 135.0	7.5
 136.0	4
 137.0	3
 138.0	6
 139.0	3
 140.0	6
 141.0	7
 142.0	4
 143.0	4
 144.0	6
 145.0	4
 146.0	1
 147.0	2
 148.0	5
 149.0	2
 150.0	7
 151.0	1
 152.0	6
 153.0	6
 154.0	4
 155.0	1
 156.0	6
 157.0	5
 158.0	4
 159.0	5
 160.0	3
 161.0	3
 162.0	6
 163.0	2
 164.0	2
 165.0	2
 166.0	2
 167.0	4
 168.0	2
 169.0	3
 170.0	3
 171.0	2
 172.0	6
 173.0	2
 174.0	3
 175.0	1
 176.0	2
 177.0	6
 178.0	3
 179.0	4
 180.0	2
 181.0	3
 182.0	4
 183.0	1
 184.0	4
 185.0	8
 186.0	1
 187.0	2
 188.0	6
 189.0	5
 190.0	8
 191.0	5
 192.0	4
 193.0	5
 194.0	3
 195.0	6
 196.0	3
 197.0	3
 198.0	7
 199.0	2
 200.0	2
 201.0	6
 202.0	3
 203.0	0
 204.0	4
 205.0	2
 206.0	3
 207.0	4
 208.0	1
 209.0	4
 210.0	1
 211.0	5
 212.0	1
 213.0	3
 214.0	2
 215.0	4
 216.0	3
 217.0	3
 218.0	3
 219.0	2
 220.0	3
 221.0	4.33333
 222.0	2
 223.0	2
 224.0	3
 225.0	6
 226.0	5
 227.0	2
 228.0	3
 229.0	3
DB 2 MOTIF	ATOH1_HUMAN.H11MO.0.B
-230.5	10
-229.5	10
-228.5	9
-227.5	14
-226.5	7
-225.5	5
-224.5	10
-223.5	11
-222.5	11
-221.5	10
-220.5	7
-219.5	7
-218.5	7
-217.5	17
-216.5	7
-215.5	7.5
-214.5	11
-213.5	14
-212.5	8
-211.5	11
-210.5	8
-209.5	4
-208.5	8.5
-207.5	12.8333
-206.5	8.5
-205.5	13
-204.5	11
-203.5	10
-202.5	14
-201.5	7
-200.5	9.5
-199.5	12.5
-198.5	12.125
-197.5	11.5
-196.5	10
-195.5	7
-194.5	7.5
-193.5	8
-192.5	12
-191.5	13
-190.5	10.5
-189.5	8
-188.5	12
-187.5	8
-186.5	12
-185.5	11
-184.5	10.5
-183.5	10.5
-182.5	16.5
-181.5	14.8333
-180.5	11.8333
-179.5	12.5
-178.5	11
-177.5	7
-176.5	13
-175.5	9.5
-174.5	12.3333
-173.5	16
-172.5	11
-171.5	8
-170.5	12
-169.5	13
-168.5	13
-167.5	11.5
-166.5	14
-165.5	6.5
-164.5	8.5
-163.5	11.5
-162.5	7
-161.5	19
-160.5	11.5
-159.5	8
-158.5	13
-157.5	13.5
-156.5	9.5
-155.5	16
-154.5	10.5
-153.5	11.5
-152.5	9
-151.5	7
-150.5	15.5
-149.5	14.5
-148.5	5
-147.5	11
-146.5	16
-145.5	8
-144.5	9.33333
-143.5	8
-142.5	9.5
-141.5	7.5
-140.5	13
-139.5	8
-138.5	16
-137.5	16.5
-136.5	16.5
-135.5	4
-134.5	14
-133.5	10
-132.5	8
-131.5	10
-130.5	13.5
-129.5	10.5
-128.5	11.5
-127.5	11
-126.5	10.625
-125.5	6
-124.5	5.25
-123.5	12
-122.5	11
-121.5	6
-120.5	14.5
-119.5	10
-118.5	8
-117.5	12
-116.5	16.0769
-115.5	10
-114.5	12.5
-113.5	14.0769
-112.5	14.5
-111.5	8.5
-110.5	14.0769
-109.5	8.5
-108.5	11
-107.5	8.07692
-106.5	13
-105.5	8.5
-104.5	10.0769
-103.5	18
-102.5	10
-101.5	10.5769
-100.5	9
 -99.5	5
 -98.5	14.5769
 -97.5	15.5
 -96.5	8
 -95.5	8.57692
 -94.5	13
 -93.5	14
 -92.5	7.57692
 -91.5	10
 -90.5	13.625
 -89.5	13.0769
 -88.5	13
 -87.5	10
 -86.5	9.57692
 -85.5	15
 -84.5	5
 -83.5	10.5769
 -82.5	11
 -81.5	7
 -80.5	8.41026
 -79.5	10.5
 -78.5	19.5
 -77.5	11
 -76.5	13
 -75.5	9
 -74.5	9.33333
 -73.5	8
 -72.5	14
 -71.5	15.8333
 -70.5	12
 -69.5	15
 -68.5	11.8333
 -67.5	14
 -66.5	13
 -65.5	15
 -64.5	10.75
 -63.5	12.5
 -62.5	5
 -61.5	8
 -60.5	19.5
 -59.5	11
 -58.5	16.5
 -57.5	15
 -56.5	13.5
 -55.5	14
 -54.5	8.125
 -53.5	6
 -52.5	15
 -51.5	6
 -50.5	12.5
 -49.5	14
 -48.5	10
 -47.5	14.5
 -46.5	20
 -45.5	7.83333
 -44.5	10.5
 -43.5	11
 -42.5	16
 -41.5	15.5
 -40.5	8.14286
 -39.5	15.5
 -38.5	17
 -37.5	12.6429
 -36.5	18.5
 -35.5	11.5
 -34.5	11.6429
 -33.5	10.5
 -32.5	19
 -31.5	15.1429
 -30.5	9
 -29.5	13
 -28.5	10.1429
 -27.5	14
 -26.5	17
 -25.5	15.1429
 -24.5	9
 -23.5	9.5
 -22.5	13.8929
 -21.5	11.5
 -20.5	17
 -19.5	20.5
 -18.5	17
 -17.5	10.5
 -16.5	13
 -15.5	20
 -14.5	9
 -13.5	20.5
 -12.5	19
 -11.5	15
 -10.5	10.5
  -9.5	15.5
  -8.5	16
  -7.5	10
  -6.5	12.5
  -5.5	6.5
  -4.5	10
  -3.5	11.75
  -2.5	9
  -1.5	9
  -0.5	7
   0.5	9
   1.5	9
   2.5	13
   3.5	12
   4.5	11
   5.5	18.5
   6.5	13.5
   7.5	12
   8.5	13.5
   9.5	11
  10.5	17
  11.5	14.3333
  12.5	16
  13.5	11
  14.5	8.33333
  15.5	19
  16.5	18
  17.5	10.125
  18.5	15.5
  19.5	16.5
  20.5	8.5
  21.5	13
  22.5	16.5
  23.5	13.5
  24.5	11
  25.5	9.5
  26.5	10.5
  27.5	10.5
  28.5	17.3333
  29.5	11
  30.5	8
  31.5	12
  32.5	11.5
  33.5	15
  34.5	11
  35.5	14.5
  36.5	9
  37.5	14
  38.5	15
  39.5	7
  40.5	13
  41.5	17
  42.5	11
  43.5	14
  44.5	7
  45.5	7
  46.5	13
  47.5	10
  48.5	14.5
  49.5	9
  50.5	10
  51.5	15
  52.5	12
  53.5	10.125
  54.5	5
  55.5	12.25
  56.5	10
  57.5	9
  58.5	7
  59.5	13
  60.5	19
  61.5	14
  62.5	7.5
  63.5	14
  64.5	18
  65.5	16
  66.5	12
  67.5	8.5
  68.5	12
  69.5	19.5
  70.5	12
  71.5	9.5
  72.5	12.3333
  73.5	2
  74.5	9.5
  75.5	13.5
  76.5	13
  77.5	4
  78.5	6
  79.5	12.5
  80.5	5
  81.5	14
  82.5	12
  83.5	7.5
  84.5	13.5
  85.5	7.5
  86.5	15
  87.5	10.5
  88.5	7
  89.5	9.625
  90.5	12
  91.5	12.5
  92.5	11.5
  93.5	12
  94.5	14.5
  95.5	12
  96.5	16
  97.5	9.5
  98.5	12.5
  99.5	11
 100.5	12.5
 101.5	11
 102.5	13
 103.5	6
 104.5	11.5
 105.5	7
 106.5	9.5
 107.5	11
 108.5	7
 109.5	11.8333
 110.5	12.5
 111.5	8.25
 112.5	15
 113.5	12
 114.5	13.25
 115.5	13
 116.5	13.5
 117.5	13.25
 118.5	13
 119.5	9
 120.5	18.3333
 121.5	8
 122.5	15
 123.5	11.3333
 124.5	8
 125.5	7.125
 126.5	11.3333
 127.5	6
 128.5	6
 129.5	12
 130.5	14.5
 131.5	11.5
 132.5	9.5
 133.5	8.5
 134.5	3.5
 135.5	14.5
 136.5	10.5
 137.5	9
 138.5	6
 139.5	9.5
 140.5	10.5
 141.5	10.5
 142.5	10
 143.5	6.33333
 144.5	15
 145.5	6
 146.5	9.5
 147.5	10
 148.5	7.5
 149.5	14
 150.5	9.5
 151.5	10.5
 152.5	8.5
 153.5	9.5
 154.5	10
 155.5	6.25
 156.5	8
 157.5	14.3333
 158.5	11.75
 159.5	18
 160.5	9
 161.5	11.25
 162.5	11
 163.5	15.5
 164.5	12.25
 165.5	14
 166.5	4
 167.5	11
 168.5	13
 169.5	13.5
 170.5	9.5
 171.5	12
 172.5	5
 173.5	15
 174.5	9
 175.5	10
 176.5	19
 177.5	6
 178.5	7
 179.5	5
 180.5	9
 181.5	12
 182.5	12
 183.5	15.5
 184.5	13.5
 185.5	10
 186.5	7
 187.5	5
 188.5	8
 189.5	15
 190.5	9
 191.5	7
 192.5	13.5
 193.5	7.5
 194.5	9
 195.5	7
 196.5	6
 197.5	8
 198.5	10
 199.5	7.5
 200.5	9.5
 201.5	9
 202.5	9
 203.5	19
 204.5	9
 205.5	11
 206.5	12
 207.5	19.5
 208.5	7
 209.5	8
 210.5	11
 211.5	11.5
 212.5	12.5
 213.5	10
 214.5	9.33333
 215.5	8
 216.5	17
 217.5	7
 218.5	14.5
 219.5	13
 220.5	10
 221.5	8
 222.5	12
 223.5	14
 224.5	13
 225.5	19
 226.5	7
 227.5	9
 228.5	10
 229.5	13.5
 230.5	13
DB 2 MOTIF	BHA15_HUMAN.H11MO.0.B
-229.5	11.5
-228.5	12
-227.5	10
-226.5	16
-225.5	12
-224.5	14
-223.5	15
-222.5	13
-221.5	8
-220.5	12
-219.5	11
-218.5	17
-217.5	9.5
-216.5	8
-215.5	8.25
-214.5	16.5
-213.5	10
-212.5	13.75
-211.5	15
-210.5	13
-209.5	10.75
-208.5	9
-207.5	10
-206.5	19.75
-205.5	15.5
-204.5	12
-203.5	9
-202.5	14.5
-201.5	18.2
-200.5	12
-199.5	17.5
-198.5	8
-197.5	17
-196.5	6
-195.5	14
-194.5	7
-193.5	12
-192.5	15
-191.5	12
-190.5	16
-189.5	14
-188.5	12
-187.5	14
-186.5	12
-185.5	13
-184.5	11
-183.5	13
-182.5	9
-181.5	19
-180.5	19
-179.5	13.5
-178.5	17
-177.5	16.5
-176.5	11.5
-175.5	11
-174.5	17
-173.5	14
-172.5	17
-171.5	13.5
-170.5	9.33333
-169.5	11
-168.5	12
-167.5	18
-166.5	10
-165.5	11
-164.5	18
-163.5	10
-162.5	17.7
-161.5	8
-160.5	18
-159.5	16.5
-158.5	9
-157.5	16
-156.5	12
-155.5	9
-154.5	14
-153.5	9
-152.5	12
-151.5	12
-150.5	15
-149.5	14.5
-148.5	11
-147.5	11
-146.5	14
-145.5	13.3333
-144.5	12
-143.5	8
-142.5	5
-141.5	10
-140.5	11
-139.5	11.5
-138.5	22
-137.5	14
-136.5	6
-135.5	8
-134.5	10
-133.5	18
-132.5	17
-131.5	14.5
-130.5	15
-129.5	15.5
-128.5	13
-127.5	15
-126.5	9
-125.5	11
-124.5	18
-123.5	9.2
-122.5	14
-121.5	15
-120.5	12.3333
-119.5	16
-118.5	8
-117.5	14.0769
-116.5	10.5
-115.5	13.5
-114.5	12.5769
-113.5	11
-112.5	15
-111.5	13.0769
-110.5	14
-109.5	17
-108.5	12.4103
-107.5	9
-106.5	10
-105.5	24.0769
-104.5	9
-103.5	12
-102.5	14.0769
-101.5	14
-100.5	5
 -99.5	14.0769
 -98.5	13.5
 -97.5	17
 -96.5	18.0769
 -95.5	13.5
 -94.5	11.5
 -93.5	10.0769
 -92.5	9.5
 -91.5	17
 -90.5	16.0769
 -89.5	15.25
 -88.5	11.5
 -87.5	12.0769
 -86.5	17
 -85.5	15.5
 -84.5	15.2769
 -83.5	10
 -82.5	12
 -81.5	14.0769
 -80.5	14
 -79.5	16
 -78.5	13
 -77.5	7
 -76.5	12
 -75.5	17
 -74.5	14
 -73.5	17
 -72.5	14
 -71.5	12
 -70.5	17
 -69.5	18.5
 -68.5	14
 -67.5	10
 -66.5	14
 -65.5	12
 -64.5	22.3333
 -63.5	10.6667
 -62.5	15.5
 -61.5	12
 -60.5	19.1667
 -59.5	13
 -58.5	18
 -57.5	16
 -56.5	19
 -55.5	16
 -54.5	13
 -53.5	13.25
 -52.5	14
 -51.5	11
 -50.5	14.5
 -49.5	15.3333
 -48.5	12
 -47.5	16.5
 -46.5	11.3333
 -45.5	15
 -44.5	17
 -43.5	12
 -42.5	22
 -41.5	7.47619
 -40.5	11
 -39.5	15
 -38.5	14.1429
 -37.5	14
 -36.5	15
 -35.5	19.1429
 -34.5	11
 -33.5	23
 -32.5	17.1429
 -31.5	13
 -30.5	17.6667
 -29.5	18.6429
 -28.5	11
 -27.5	9.16667
 -26.5	10.1429
 -25.5	13
 -24.5	11.6667
 -23.5	15.1429
 -22.5	10.5
 -21.5	14.1667
 -20.5	17
 -19.5	18
 -18.5	12.5
 -17.5	17
 -16.5	17.5
 -15.5	16.5
 -14.5	22
 -13.5	19
 -12.5	20
 -11.5	13.5
 -10.5	17
  -9.5	10
  -8.5	16.5
  -7.5	11
  -6.5	17.5
  -5.5	11
  -4.5	16.5
  -3.5	5
  -2.5	14
  -1.5	8
  -0.5	19
   0.5	19
   1.5	8
   2.5	11.25
   3.5	20
   4.5	13
   5.5	16.5
   6.5	18
   7.5	18
   8.5	11
   9.5	13.8333
  10.5	19
  11.5	19
  12.5	22.3333
  13.5	19
  14.5	16
  15.5	8.33333
  16.5	12
  17.5	14
  18.5	12.5
  19.5	9
  20.5	18
  21.5	13
  22.5	13
  23.5	18
  24.5	13
  25.5	10.3333
  26.5	13
  27.5	7.5
  28.5	12.5
  29.5	13
  30.5	15
  31.5	7
  32.5	19.5
  33.5	14
  34.5	11.5
  35.5	14
  36.5	18
  37.5	17.5
  38.5	14
  39.5	20
  40.5	10
  41.5	14.25
  42.5	12
  43.5	15
  44.5	11
  45.5	21
  46.5	7
  47.5	13
  48.5	13
  49.5	10
  50.5	12
  51.5	12
  52.5	16
  53.5	18.5
  54.5	15.25
  55.5	10
  56.5	13.5
  57.5	8
  58.5	18
  59.5	14
  60.5	12
  61.5	13
  62.5	15.5
  63.5	15
  64.5	14
  65.5	20
  66.5	8
  67.5	12
  68.5	18.5
  69.5	11
  70.5	12
  71.5	17
  72.5	10
  73.5	12
  74.5	9
  75.5	11
  76.5	9
  77.5	10.5
  78.5	6
  79.5	9
  80.5	13.75
  81.5	12
  82.5	17
  83.5	17
  84.5	4
  85.5	18.0769
  86.5	9
  87.5	13.5
  88.5	19.0769
  89.5	10
  90.5	12.75
  91.5	17.0769
  92.5	15
  93.5	18
  94.5	11.0769
  95.5	9
  96.5	15
  97.5	15.5769
  98.5	10.5
  99.5	15.5
 100.5	19.5769
 101.5	9
 102.5	14.5
 103.5	16.0769
 104.5	12
 105.5	10.5
 106.5	11.0769
 107.5	9
 108.5	14
 109.5	9.07692
 110.5	13
 111.5	16
 112.5	7.41026
 113.5	16
 114.5	8
 115.5	12.4103
 116.5	7
 117.5	10
 118.5	13.4103
 119.5	21.45
 120.5	17
 121.5	13.5769
 122.5	12
 123.5	14
 124.5	9.5
 125.5	14
 126.5	8
 127.5	11
 128.5	16.5
 129.5	16
 130.5	9
 131.5	13.5
 132.5	17
 133.5	9
 134.5	11
 135.5	10.3333
 136.5	12
 137.5	12
 138.5	8
 139.5	8
 140.5	11
 141.5	14.5
 142.5	7.16667
 143.5	13.5
 144.5	10.5
 145.5	12.1667
 146.5	12
 147.5	10
 148.5	18
 149.5	8.5
 150.5	14
 151.5	8
 152.5	11
 153.5	11
 154.5	9
 155.5	8
 156.5	8.75
 157.5	10
 158.5	21
 159.5	16.25
 160.5	14
 161.5	14
 162.5	18.25
 163.5	12.5
 164.5	16
 165.5	16.25
 166.5	7.5
 167.5	8
 168.5	9
 169.5	19
 170.5	13
 171.5	13.2
 172.5	16
 173.5	14
 174.5	11
 175.5	14.1667
 176.5	13
 177.5	11
 178.5	9.16667
 179.5	14
 180.5	7
 181.5	18.1667
 182.5	11
 183.5	19
 184.5	12.1667
 185.5	9
 186.5	10.2
 187.5	9
 188.5	11
 189.5	13.5333
 190.5	10
 191.5	13
 192.5	6
 193.5	17.5
 194.5	9
 195.5	9
 196.5	10.5
 197.5	8
 198.5	9
 199.5	17
 200.5	10
 201.5	9
 202.5	15.3333
 203.5	14
 204.5	14
 205.5	11
 206.5	12
 207.5	14
 208.5	12
 209.5	14.3333
 210.5	14
 211.5	14
 212.5	15.3333
 213.5	8.2
 214.5	10
 215.5	8.33333
 216.5	11.2
 217.5	17
 218.5	9.5
 219.5	9
 220.5	11
 221.5	13
 222.5	13.5
 223.5	12
 224.5	11.5
 225.5	9.5
 226.5	9.5
 227.5	13
 228.5	14
 229.5	15
DB 2 MOTIF	BHE40_HUMAN.H11MO.0.A
-230.0	13
-229.0	12
-228.0	12
-227.0	10
-226.0	10
-225.0	15
-224.0	7
-223.0	10
-222.0	12
-221.0	13
-220.0	10
-219.0	10
-218.0	9.14286
-217.0	15.5
-216.0	20
-215.0	9
-214.0	18
-213.0	15
-212.0	7
-211.0	15
-210.0	7
-209.0	8
-208.0	5.55882
-207.0	12
-206.0	9.5
-205.0	10
-204.0	5
-203.0	16.5
-202.0	9
-201.0	14
-200.0	20
-199.0	9
-198.0	7
-197.0	15
-196.0	10
-195.0	6
-194.0	8
-193.0	10
-192.0	7.5
-191.0	8.5
-190.0	6
-189.0	14
-188.0	7.33333
-187.0	9.14286
-186.0	11
-185.0	12
-184.0	13
-183.0	14.5
-182.0	14
-181.0	9
-180.0	4.05882
-179.0	9.5
-178.0	9
-177.0	19
-176.0	16
-175.0	5.5
-174.0	10
-173.0	14
-172.0	6
-171.0	7
-170.0	8
-169.0	12
-168.0	18.1429
-167.0	11.3333
-166.0	13.5
-165.0	6
-164.0	14.1429
-163.0	11.5
-162.0	15
-161.0	8
-160.0	6
-159.0	15
-158.0	11
-157.0	16
-156.0	14
-155.0	10
-154.0	11.0588
-153.0	13.5
-152.0	12
-151.0	12
-150.0	14
-149.0	10
-148.0	11
-147.0	13
-146.0	12
-145.0	17
-144.0	13.3333
-143.0	9.33333
-142.0	10.5
-141.0	16
-140.0	10
-139.0	17
-138.0	7
-137.0	14.6429
-136.0	9
-135.0	9
-134.0	8
-133.0	17
-132.0	12.1429
-131.0	12
-130.0	13
-129.0	9
-128.0	9
-127.0	12
-126.0	8.05882
-125.0	11
-124.0	7
-123.0	8.83333
-122.0	12.5
-121.0	11
-120.0	8
-119.0	12
-118.0	8
-117.0	9
-116.0	11
-115.0	14
-114.0	10.5
-113.0	12
-112.0	10
-111.0	16
-110.0	12
-109.0	15.5
-108.0	11
-107.0	5.5
-106.0	9.14286
-105.0	9
-104.0	14
-103.0	7.5
-102.0	8
-101.0	7
-100.0	17.2017
 -99.0	13
 -98.0	13
 -97.0	10.5
 -96.0	12
 -95.0	20
 -94.0	7
 -93.0	16
 -92.0	8
 -91.0	8
 -90.0	13
 -89.0	12
 -88.0	14.5
 -87.0	16
 -86.0	6.5
 -85.0	9
 -84.0	8
 -83.0	11.5
 -82.0	12
 -81.0	15
 -80.0	11.5
 -79.0	7.83333
 -78.0	12
 -77.0	11
 -76.0	8.5
 -75.0	11
 -74.0	11.0588
 -73.0	6.5
 -72.0	8
 -71.0	12
 -70.0	18
 -69.0	11.5
 -68.0	18.4762
 -67.0	10
 -66.0	13
 -65.0	14
 -64.0	11
 -63.0	8
 -62.0	12.3333
 -61.0	13
 -60.0	13
 -59.0	14
 -58.0	12
 -57.0	5
 -56.0	12.4762
 -55.0	11
 -54.0	13.3333
 -53.0	10
 -52.0	8.5
 -51.0	10
 -50.0	12
 -49.0	5
 -48.0	13
 -47.0	8.5
 -46.0	9.05882
 -45.0	11
 -44.0	10
 -43.0	18
 -42.0	14.5
 -41.0	15
 -40.0	19
 -39.0	11
 -38.0	6
 -37.0	12
 -36.0	9.14286
 -35.0	12
 -34.0	15
 -33.0	16
 -32.0	9.83333
 -31.0	13
 -30.0	18
 -29.0	15
 -28.0	11.5
 -27.0	9.14286
 -26.0	17
 -25.0	16
 -24.0	12
 -23.0	17
 -22.0	16
 -21.0	10
 -20.0	8
 -19.0	21
 -18.0	15.0588
 -17.0	11
 -16.0	14
 -15.0	8
 -14.0	16
 -13.0	19.5
 -12.0	11
 -11.0	12.5
 -10.0	7
  -9.0	18
  -8.0	14
  -7.0	14.5
  -6.0	12
  -5.0	8
  -4.0	14.1429
  -3.0	16
  -2.0	10
  -1.0	13.5
   0.0	11.5
   1.0	13
   2.0	12.3333
   3.0	15
   4.0	11
   5.0	13
   6.0	18.5
   7.0	17
   8.0	10
   9.0	18
  10.0	12.0588
  11.0	15.3333
  12.0	25
  13.0	21
  14.0	15
  15.0	19.5
  16.0	15.5
  17.0	17
  18.0	14
  19.0	10
  20.0	10.5
  21.0	9
  22.0	17
  23.0	14
  24.0	13
  25.0	8.14286
  26.0	9.5
  27.0	12
  28.0	12.5
  29.0	13
  30.0	17
  31.0	19
  32.0	12.5
  33.0	12
  34.0	14
  35.0	13.5
  36.0	13.3333
  37.0	10.3333
  38.0	15.0588
  39.0	9.5
  40.0	8
  41.0	11
  42.0	8
  43.0	12
  44.0	11
  45.0	18
  46.0	13.8333
  47.0	13
  48.0	15
  49.0	16
  50.0	10
  51.0	15
  52.0	10
  53.0	13.5
  54.0	11
  55.0	14
  56.0	7.5
  57.0	12
  58.0	16.5
  59.0	13.5
  60.0	15
  61.0	10
  62.0	10.7
  63.0	9
  64.0	8.33333
  65.0	16
  66.0	13.5588
  67.0	7.5
  68.0	6
  69.0	15
  70.0	12
  71.0	12
  72.0	4
  73.0	10
  74.0	12
  75.0	7.5
  76.0	14
  77.0	4
  78.0	14
  79.0	14.5
  80.0	11.2
  81.0	12
  82.0	10
  83.0	11
  84.0	17
  85.0	8
  86.0	9.5
  87.0	6
  88.0	17
  89.0	13
  90.0	11
  91.0	19
  92.0	9.05882
  93.0	12
  94.0	12
  95.0	12
  96.0	12.5
  97.0	11.3333
  98.0	8
  99.0	4
 100.0	10
 101.0	14.3333
 102.0	11
 103.0	9.33333
 104.0	12
 105.0	13
 106.0	10
 107.0	11
 108.0	10
 109.0	12
 110.0	17
 111.0	8
 112.0	7
 113.0	16
 114.0	15
 115.0	9
 116.0	8.33333
 117.0	6
 118.0	7.05882
 119.0	15
 120.0	16
 121.0	13
 122.0	18
 123.0	15
 124.0	7
 125.0	15
 126.0	16
 127.0	12
 128.0	9
 129.0	9
 130.0	10
 131.0	14
 132.0	10
 133.0	13
 134.0	20.2
 135.0	11.5
 136.0	11
 137.0	12
 138.0	7
 139.0	13
 140.0	11.3333
 141.0	10
 142.0	7
 143.0	13
 144.0	16.5
 145.0	14.5
 146.0	10.0588
 147.0	15
 148.0	16
 149.0	7.5
 150.0	8
 151.0	11
 152.0	15
 153.0	12
 154.0	17
 155.0	5
 156.0	4.33333
 157.0	9
 158.0	12
 159.0	13
 160.0	13
 161.0	10
 162.0	7.5
 163.0	9
 164.0	13
 165.0	10
 166.0	12.5
 167.0	10
 168.0	8.33333
 169.0	15
 170.0	17
 171.0	8.5
 172.0	8.05882
 173.0	12
 174.0	12
 175.0	8
 176.0	14
 177.0	18
 178.0	6
 179.0	7.5
 180.0	15
 181.0	13
 182.0	14
 183.0	13
 184.0	11
 185.0	6
 186.0	16
 187.0	11
 188.0	5.2
 189.0	9.5
 190.0	6
 191.0	13
 192.0	13
 193.0	9.5
 194.0	9.5
 195.0	14
 196.0	9
 197.0	11
 198.0	6
 199.0	9
 200.0	15.0588
 201.0	17
 202.0	11.5
 203.0	11.5
 204.0	15
 205.0	13
 206.0	7
 207.0	9
 208.0	8
 209.0	10
 210.0	12
 211.0	9
 212.0	11
 213.0	12
 214.0	8
 215.0	8
 216.0	8
 217.0	10
 218.0	7
 219.0	15.5
 220.0	8
 221.0	12.5
 222.0	8.5
 223.0	14
 224.0	8.2
 225.0	6
 226.0	14
 227.0	15
 228.0	20.0588
 229.0	9
 230.0	9
DB 2 MOTIF	BHE41_HUMAN.H11MO.0.D
-225.0	9
-224.0	4
-223.0	10
-222.0	11
-221.0	14
-220.0	7
-219.0	6
-218.0	4
-217.0	10
-216.0	14
-215.0	8
-214.0	7
-213.0	9
-212.0	6
-211.0	3
-210.0	6
-209.0	8
-208.0	10
-207.0	3
-206.0	9.5
-205.0	5
-204.0	7
-203.0	9
-202.0	11
-201.0	8
-200.0	9
-199.0	7
-198.0	5
-197.0	5
-196.0	9
-195.0	9
-194.0	4
-193.0	6
-192.0	10
-191.0	7
-190.0	5
-189.0	3
-188.0	12
-187.0	13
-186.0	5
-185.0	4
-184.0	5.16667
-183.0	12
-182.0	6
-181.0	7
-180.0	5
-179.0	4
-178.0	9
-177.0	10
-176.0	7
-175.0	4
-174.0	8
-173.0	12
-172.0	5
-171.0	3
-170.0	8
-169.0	11
-168.0	9
-167.0	3
-166.0	7
-165.0	8
-164.0	7
-163.0	16
-162.0	9
-161.0	7
-160.0	4
-159.0	14
-158.0	10
-157.0	11
-156.0	8
-155.0	4
-154.0	4
-153.0	10
-152.0	7
-151.0	5
-150.0	9
-149.0	13
-148.0	9.5
-147.0	10
-146.0	8
-145.0	12
-144.0	10
-143.0	11
-142.0	11
-141.0	9
-140.0	11.1667
-139.0	4
-138.0	4
-137.0	11
-136.0	7
-135.0	11
-134.0	8
-133.0	3
-132.0	13
-131.0	7
-130.0	12
-129.0	8
-128.0	12
-127.0	9
-126.0	8
-125.0	9
-124.0	8
-123.0	6.5
-122.0	6
-121.0	8.5
-120.0	5
-119.0	10
-118.0	5
-117.0	13
-116.0	5
-115.0	14
-114.0	9
-113.0	8
-112.0	4
-111.0	7
-110.0	6
-109.0	10
-108.0	9
-107.0	10
-106.0	8
-105.0	2
-104.0	9
-103.0	16
-102.0	10
-101.0	7
-100.0	12
 -99.0	14
 -98.0	10.5
 -97.0	9
 -96.0	6.16667
 -95.0	14
 -94.0	10
 -93.0	13
 -92.0	11
 -91.0	6
 -90.0	10
 -89.0	11
 -88.0	9
 -87.0	9
 -86.0	13
 -85.0	5
 -84.0	8
 -83.0	8
 -82.0	13
 -81.0	8
 -80.0	5
 -79.0	4
 -78.0	7
 -77.0	5
 -76.0	9
 -75.0	7
 -74.0	8
 -73.0	10
 -72.0	6
 -71.0	8
 -70.0	8
 -69.0	5
 -68.0	8
 -67.0	7
 -66.0	10
 -65.0	8
 -64.0	8
 -63.0	5
 -62.0	6
 -61.0	4
 -60.0	8
 -59.0	6
 -58.0	6
 -57.0	6
 -56.0	9
 -55.0	13
 -54.0	7
 -53.0	8
 -52.0	10.1667
 -51.0	5
 -50.0	9
 -49.0	6
 -48.0	7
 -47.0	13
 -46.0	12
 -45.0	8
 -44.0	5
 -43.0	10
 -42.0	11
 -41.0	10
 -40.0	7
 -39.0	7
 -38.0	10
 -37.0	8
 -36.0	3
 -35.0	9
 -34.0	8
 -33.0	8
 -32.0	11
 -31.0	5
 -30.0	4
 -29.0	16
 -28.0	6
 -27.0	7
 -26.0	10
 -25.0	8
 -24.0	5
 -23.0	8
 -22.0	10
 -21.0	10
 -20.0	12
 -19.0	9
 -18.0	6
 -17.0	5
 -16.0	6
 -15.0	11
 -14.0	6
 -13.0	11
 -12.0	8
 -11.0	8
 -10.0	11
  -9.0	11
  -8.0	13
  -7.0	9
  -6.0	9
  -5.0	6.5
  -4.0	11
  -3.0	9
  -2.0	7
  -1.0	7
   0.0	6
   1.0	9
   2.0	5
   3.0	6
   4.0	6
   5.0	8
   6.0	9
   7.0	12
   8.0	9
   9.0	13
  10.0	3
  11.0	12
  12.0	14
  13.0	14
  14.0	10
  15.0	9.5
  16.0	6
  17.0	12
  18.0	5
  19.0	14
  20.0	8
  21.0	5
  22.0	13
  23.0	3
  24.0	8.5
  25.0	9
  26.0	8
  27.0	11
  28.0	8
  29.0	10
  30.0	19
  31.0	9
  32.0	9
  33.0	10
  34.0	6
  35.0	8
  36.0	10
  37.0	12
  38.0	10
  39.0	6
  40.0	8
  41.0	10
  42.0	8
  43.0	4
  44.0	11
  45.0	10
  46.0	14
  47.0	12
  48.0	12
  49.0	10
  50.0	9
  51.0	9
  52.0	10
  53.0	11
  54.0	14
  55.0	6.5
  56.0	8.16667
  57.0	7.5
  58.0	6
  59.0	5
  60.0	6
  61.0	10
  62.0	7
  63.0	9
  64.0	14
  65.0	9
  66.0	9
  67.0	7
  68.0	7
  69.0	9
  70.0	8
  71.0	5
  72.0	11
  73.0	10
  74.0	8
  75.0	10
  76.0	11
  77.0	6
  78.0	9
  79.0	7
  80.0	7
  81.0	11
  82.0	4
  83.0	12
  84.0	7
  85.0	11
  86.0	12
  87.0	6
  88.0	9.5
  89.0	8
  90.0	5
  91.0	10
  92.0	13
  93.0	10
  94.0	6
  95.0	6
  96.0	11
  97.0	4
  98.0	6
  99.0	8
 100.0	6.16667
 101.0	7
 102.0	4
 103.0	3
 104.0	8
 105.0	9
 106.0	5
 107.0	6
 108.0	8
 109.0	7
 110.0	5
 111.0	3
 112.0	7
 113.0	6
 114.0	7
 115.0	5
 116.0	9.5
 117.0	7
 118.0	11
 119.0	11
 120.0	10
 121.0	13
 122.0	5
 123.0	12
 124.0	3
 125.0	8
 126.0	6
 127.0	13
 128.0	9
 129.0	4
 130.0	10
 131.0	6
 132.0	6
 133.0	4
 134.0	16
 135.0	6
 136.0	2
 137.0	9
 138.0	9
 139.0	5
 140.0	8
 141.0	3
 142.0	9
 143.0	7
 144.0	5
 145.0	7
 146.0	9
 147.0	8
 148.0	8
 149.0	7
 150.0	5
 151.0	8
 152.0	7
 153.0	1
 154.0	6
 155.0	8
 156.0	2
 157.0	12
 158.0	11
 159.0	13
 160.0	9
 161.0	11
 162.0	7
 163.0	14
 164.0	9
 165.0	5
 166.0	9
 167.0	5
 168.0	6
 169.0	14
 170.0	10
 171.0	5
 172.0	11
 173.0	11
 174.0	8
 175.0	6
 176.0	7
 177.0	13
 178.0	4
 179.0	5
 180.0	5
 181.0	6
 182.0	10
 183.0	8
 184.0	5
 185.0	4
 186.0	6
 187.0	5
 188.0	5
 189.0	6
 190.0	8
 191.0	3
 192.0	6
 193.0	9
 194.0	4
 195.0	8
 196.0	5
 197.0	5
 198.0	5
 199.0	2
 200.0	4
 201.0	11
 202.0	6
 203.0	6
 204.0	7
 205.0	3
 206.0	4
 207.0	10
 208.0	6
 209.0	5
 210.0	5
 211.0	9
 212.0	4
 213.0	9
 214.0	10
 215.0	6
 216.0	9
 217.0	3
 218.0	5
 219.0	6
 220.0	4
 221.0	7
 222.0	7
 223.0	10
 224.0	5
 225.0	6
DB 2 MOTIF	CTCFL_HUMAN.H11MO.0.A
-226.5	14
-225.5	11
-224.5	6
-223.5	6
-222.5	10
-221.5	6
-220.5	7
-219.5	14
-218.5	7
-217.5	6
-216.5	8
-215.5	9
-214.5	6.14286
-213.5	12
-212.5	12
-211.5	7.5
-210.5	12
-209.5	11
-208.5	14
-207.5	10
-206.5	6
-205.5	5
-204.5	12
-203.5	6
-202.5	11
-201.5	10
-200.5	12
-199.5	11
-198.5	8
-197.5	7.14286
-196.5	14
-195.5	11
-194.5	16
-193.5	8
-192.5	7
-191.5	10
-190.5	14
-189.5	10
-188.5	15
-187.5	11.5
-186.5	20
-185.5	10
-184.5	7.5
-183.5	8
-182.5	9
-181.5	13
-180.5	18.1429
-179.5	9
-178.5	10.5
-177.5	10
-176.5	15
-175.5	7.5
-174.5	14
-173.5	8
-172.5	13
-171.5	10
-170.5	9
-169.5	10.5
-168.5	15
-167.5	7
-166.5	10
-165.5	17
-164.5	7
-163.5	11.1429
-162.5	5
-161.5	11
-160.5	10
-159.5	10
-158.5	9
-157.5	8
-156.5	11
-155.5	13
-154.5	10
-153.5	12
-152.5	5
-151.5	11
-150.5	12
-149.5	10
-148.5	14
-147.5	9
-146.5	9.64286
-145.5	7
-144.5	10
-143.5	10
-142.5	8
-141.5	8.5
-140.5	16
-139.5	9
-138.5	11
-137.5	6
-136.5	14
-135.5	13
-134.5	13
-133.5	13
-132.5	10
-131.5	13
-130.5	9
-129.5	9.14286
-128.5	10
-127.5	9
-126.5	5
-125.5	13
-124.5	15
-123.5	17
-122.5	10
-121.5	9
-120.5	11.5
-119.5	9
-118.5	12.2
-117.5	9
-116.5	8
-115.5	12
-114.5	9
-113.5	14
-112.5	8.14286
-111.5	12
-110.5	9
-109.5	13
-108.5	11
-107.5	16
-106.5	10
-105.5	14
-104.5	9
-103.5	12
-102.5	11
-101.5	5
-100.5	6
 -99.5	11
 -98.5	9
 -97.5	12
 -96.5	14
 -95.5	8
 -94.5	9
 -93.5	6
 -92.5	6
 -91.5	12
 -90.5	9
 -89.5	12
 -88.5	11
 -87.5	9
 -86.5	12
 -85.5	9
 -84.5	14.2
 -83.5	12
 -82.5	13
 -81.5	15
 -80.5	13
 -79.5	11
 -78.5	12
 -77.5	12
 -76.5	16
 -75.5	18
 -74.5	10
 -73.5	16
 -72.5	14
 -71.5	6
 -70.5	15
 -69.5	10
 -68.5	19
 -67.5	14
 -66.5	8
 -65.5	9
 -64.5	10
 -63.5	10
 -62.5	9
 -61.5	10
 -60.5	9
 -59.5	11
 -58.5	10
 -57.5	9
 -56.5	11
 -55.5	14
 -54.5	16
 -53.5	12
 -52.5	15
 -51.5	15
 -50.5	13.2
 -49.5	20
 -48.5	14
 -47.5	15
 -46.5	10
 -45.5	9
 -44.5	10
 -43.5	17
 -42.5	9
 -41.5	21
 -40.5	11
 -39.5	17
 -38.5	15
 -37.5	17
 -36.5	12
 -35.5	12.5
 -34.5	14
 -33.5	9.25
 -32.5	12
 -31.5	14
 -30.5	12
 -29.5	10
 -28.5	19
 -27.5	8
 -26.5	14
 -25.5	15
 -24.5	19
 -23.5	19
 -22.5	6
 -21.5	27
 -20.5	15
 -19.5	18
 -18.5	10
 -17.5	19
 -16.5	9
 -15.5	8
 -14.5	16
 -13.5	13
 -12.5	17
 -11.5	25
 -10.5	24
  -9.5	9
  -8.5	9
  -7.5	7
  -6.5	17
  -5.5	18
  -4.5	19
  -3.5	18
  -2.5	15
  -1.5	15
  -0.5	14
   0.5	9
   1.5	11
   2.5	11
   3.5	10
   4.5	13
   5.5	10
   6.5	20
   7.5	18
   8.5	19
   9.5	15
  10.5	11
  11.5	14.25
  12.5	12
  13.5	11
  14.5	15
  15.5	6
  16.5	13
  17.5	13
  18.5	21
  19.5	11
  20.5	29
  21.5	21
  22.5	13
  23.5	16
  24.5	16
  25.5	10
  26.5	17.5
  27.5	9.5
  28.5	14
  29.5	18
  30.5	14.5
  31.5	10
  32.5	15
  33.5	17
  34.5	16
  35.5	13
  36.5	19
  37.5	10
  38.5	9
  39.5	9
  40.5	10
  41.5	14
  42.5	12
  43.5	6
  44.5	7
  45.5	10
  46.5	15
  47.5	11
  48.5	9
  49.5	15
  50.5	14
  51.5	19
  52.5	8
  53.5	11
  54.5	10
  55.5	9
  56.5	15.25
  57.5	9
  58.5	12
  59.5	13
  60.5	13
  61.5	12
  62.5	14
  63.5	13
  64.5	10
  65.5	12
  66.5	17
  67.5	11
  68.5	13
  69.5	11
  70.5	15
  71.5	17
  72.5	12
  73.5	9
  74.5	10
  75.5	11
  76.5	7
  77.5	6
  78.5	11
  79.5	9
  80.5	7
  81.5	8
  82.5	16
  83.5	14
  84.5	7
  85.5	9
  86.5	14
  87.5	9
  88.5	12
  89.5	22
  90.5	17
  91.5	10
  92.5	10
  93.5	11
  94.5	10
  95.5	12
  96.5	13
  97.5	13
  98.5	11
  99.5	8
 100.5	9
 101.5	7.25
 102.5	10
 103.5	12
 104.5	12
 105.5	5
 106.5	9
 107.5	13
 108.5	6
 109.5	10
 110.5	12
 111.5	12
 112.5	10
 113.5	10
 114.5	14
 115.5	13
 116.5	9
 117.5	10.2
 118.5	11
 119.5	11
 120.5	6
 121.5	9
 122.5	9
 123.5	12
 124.5	9
 125.5	12
 126.5	9
 127.5	6
 128.5	4
 129.5	10
 130.5	13
 131.5	14.5
 132.5	10
 133.5	9
 134.5	8
 135.5	3
 136.5	10
 137.5	9
 138.5	6
 139.5	15.3333
 140.5	8
 141.5	12
 142.5	13
 143.5	12
 144.5	6
 145.5	8
 146.5	11
 147.5	8
 148.5	12
 149.5	8
 150.5	10
 151.5	13
 152.5	14
 153.5	8
 154.5	10
 155.5	9
 156.5	14
 157.5	7
 158.5	6
 159.5	13
 160.5	15
 161.5	7
 162.5	12
 163.5	6
 164.5	9
 165.5	4
 166.5	4
 167.5	11
 168.5	12
 169.5	9
 170.5	10
 171.5	11
 172.5	8
 173.5	9.33333
 174.5	12
 175.5	16
 176.5	16
 177.5	11
 178.5	6
 179.5	7
 180.5	13.5
 181.5	9.5
 182.5	8
 183.5	12
 184.5	12
 185.5	8.2
 186.5	11
 187.5	2
 188.5	11
 189.5	11
 190.5	7
 191.5	6
 192.5	6
 193.5	4
 194.5	11
 195.5	7
 196.5	8
 197.5	5
 198.5	9
 199.5	8
 200.5	8
 201.5	6
 202.5	7
 203.5	7
 204.5	10
 205.5	11
 206.5	8
 207.5	10.3333
 208.5	9
 209.5	14
 210.5	9
 211.5	6
 212.5	13
 213.5	5
 214.5	12
 215.5	8.5
 216.5	9
 217.5	5
 218.5	14
 219.5	12
 220.5	9
 221.5	9
 222.5	10
 223.5	18.5
 224.5	14
 225.5	10
 226.5	12
DB 2 MOTIF	CTCF_HUMAN.H11MO.0.A
-225.5	5
-224.5	6
-223.5	10
-222.5	1
-221.5	2
-220.5	10
-219.5	5
-218.5	4
-217.5	7
-216.5	5
-215.5	3
-214.5	11
-213.5	7
-212.5	8
-211.5	11
-210.5	5
-209.5	7
-208.5	4
-207.5	10
-206.5	6
-205.5	6
-204.5	9
-203.5	7
-202.5	5
-201.5	8
-200.5	10
-199.5	6
-198.5	6
-197.5	10
-196.5	8
-195.5	5
-194.5	9
-193.5	8
-192.5	6
-191.5	8
-190.5	3
-189.5	8
-188.5	7
-187.5	8
-186.5	5
-185.5	8
-184.5	12
-183.5	11
-182.5	5
-181.5	7
-180.5	8
-179.5	10
-178.5	6
-177.5	11
-176.5	7
-175.5	11
-174.5	4
-173.5	15
-172.5	3
-171.5	11
-170.5	8
-169.5	7
-168.5	5
-167.5	7
-166.5	9
-165.5	6
-164.5	8
-163.5	6
-162.5	11
-161.5	13
-160.5	5
-159.5	10
-158.5	7
-157.5	4
-156.5	6
-155.5	7
-154.5	5
-153.5	6
-152.5	7
-151.5	7
-150.5	7
-149.5	8
-148.5	8
-147.5	7
-146.5	5
-145.5	6
-144.5	10
-143.5	6
-142.5	6
-141.5	6
-140.5	8
-139.5	8
-138.5	3
-137.5	11
-136.5	8
-135.5	8
-134.5	8
-133.5	8
-132.5	12
-131.5	5
-130.5	7
-129.5	6
-128.5	6
-127.5	8
-126.5	5
-125.5	8
-124.5	9
-123.5	9
-122.5	8
-121.5	9
-120.5	6
-119.5	10.2
-118.5	7
-117.5	1
-116.5	9
-115.5	12
-114.5	8
-113.5	12
-112.5	8
-111.5	9
-110.5	6
-109.5	7
-108.5	10
-107.5	6
-106.5	10
-105.5	7
-104.5	11
-103.5	4
-102.5	6
-101.5	12
-100.5	8
 -99.5	6
 -98.5	9
 -97.5	7
 -96.5	6
 -95.5	8
 -94.5	8
 -93.5	9
 -92.5	11
 -91.5	3
 -90.5	4
 -89.5	9
 -88.5	5
 -87.5	4
 -86.5	5
 -85.5	11.2
 -84.5	7
 -83.5	8
 -82.5	12
 -81.5	8
 -80.5	10
 -79.5	5
 -78.5	9
 -77.5	9
 -76.5	12
 -75.5	8
 -74.5	6
 -73.5	7
 -72.5	5
 -71.5	9
 -70.5	9
 -69.5	9
 -68.5	4
 -67.5	16
 -66.5	11
 -65.5	9
 -64.5	5
 -63.5	10
 -62.5	8
 -61.5	9
 -60.5	5
 -59.5	13
 -58.5	9
 -57.5	6
 -56.5	10
 -55.5	9
 -54.5	9
 -53.5	5
 -52.5	10
 -51.5	12.2
 -50.5	9
 -49.5	10
 -48.5	18
 -47.5	12
 -46.5	10
 -45.5	7
 -44.5	11
 -43.5	11
 -42.5	18
 -41.5	9
 -40.5	13
 -39.5	9
 -38.5	20
 -37.5	11
 -36.5	14
 -35.5	7
 -34.5	6
 -33.5	12
 -32.5	5
 -31.5	8
 -30.5	8
 -29.5	9
 -28.5	11
 -27.5	8
 -26.5	11
 -25.5	17
 -24.5	16
 -23.5	13
 -22.5	8
 -21.5	6
 -20.5	17
 -19.5	12
 -18.5	11
 -17.5	9
 -16.5	8
 -15.5	11
 -14.5	9
 -13.5	9
 -12.5	14
 -11.5	16
 -10.5	12
  -9.5	14
  -8.5	11
  -7.5	12
  -6.5	12
  -5.5	19
  -4.5	12
  -3.5	11
  -2.5	14
  -1.5	10.25
  -0.5	11
   0.5	9
   1.5	6
   2.5	9
   3.5	4
   4.5	7
   5.5	14
   6.5	23
   7.5	18
   8.5	9
   9.5	11
  10.5	15
  11.5	13
  12.5	10
  13.5	7
  14.5	11
  15.5	17
  16.5	12
  17.5	11
  18.5	6
  19.5	18
  20.5	16
  21.5	9
  22.5	16
  23.5	12
  24.5	14
  25.5	9
  26.5	6
  27.5	14
  28.5	11
  29.5	6
  30.5	8
  31.5	8
  32.5	10
  33.5	18
  34.5	14
  35.5	15
  36.5	9
  37.5	8.25
  38.5	9
  39.5	8
  40.5	3
  41.5	7
  42.5	9
  43.5	11
  44.5	6
  45.5	15
  46.5	7
  47.5	6
  48.5	16
  49.5	9
  50.5	10
  51.5	11
  52.5	11
  53.5	7
  54.5	5
  55.5	3
  56.5	6
  57.5	13
  58.5	12
  59.5	10
  60.5	10
  61.5	8
  62.5	14
  63.5	10
  64.5	6
  65.5	6
  66.5	10
  67.5	14
  68.5	7
  69.5	13
  70.5	9
  71.5	12
  72.5	7
  73.5	8
  74.5	4
  75.5	10
  76.5	7.25
  77.5	4
  78.5	10
  79.5	9
  80.5	9
  81.5	9
  82.5	7
  83.5	7
  84.5	14
  85.5	10
  86.5	4
  87.5	12
  88.5	10
  89.5	4
  90.5	7
  91.5	15
  92.5	4
  93.5	8
  94.5	10
  95.5	8
  96.5	7
  97.5	5
  98.5	13
  99.5	6
 100.5	4
 101.5	6
 102.5	6
 103.5	6
 104.5	7
 105.5	6
 106.5	6
 107.5	7
 108.5	8
 109.5	8
 110.5	4
 111.5	7
 112.5	5
 113.5	3
 114.5	6
 115.5	11.25
 116.5	9.2
 117.5	5
 118.5	4
 119.5	7
 120.5	8
 121.5	5
 122.5	12
 123.5	7
 124.5	8
 125.5	9
 126.5	9
 127.5	5
 128.5	8
 129.5	8
 130.5	6
 131.5	9
 132.5	13
 133.5	6
 134.5	11
 135.5	8
 136.5	5
 137.5	8
 138.5	7.33333
 139.5	7
 140.5	12
 141.5	6
 142.5	9
 143.5	4
 144.5	10
 145.5	6
 146.5	4
 147.5	6
 148.5	6
 149.5	2
 150.5	5
 151.5	11
 152.5	8
 153.5	5
 154.5	6
 155.5	7
 156.5	5
 157.5	5
 158.5	6
 159.5	6
 160.5	5
 161.5	9
 162.5	1
 163.5	7
 164.5	2
 165.5	6
 166.5	7
 167.5	5
 168.5	7
 169.5	7
 170.5	6
 171.5	10
 172.5	7.33333
 173.5	5
 174.5	1
 175.5	6
 176.5	7
 177.5	9
 178.5	6
 179.5	8
 180.5	5
 181.5	10
 182.5	9
 183.5	4
 184.5	6.2
 185.5	7
 186.5	1
 187.5	4
 188.5	3
 189.5	7
 190.5	9
 191.5	11
 192.5	2
 193.5	5
 194.5	6
 195.5	7
 196.5	0
 197.5	5
 198.5	5
 199.5	6
 200.5	3
 201.5	5
 202.5	5
 203.5	3
 204.5	8
 205.5	9
 206.5	8.33333
 207.5	5
 208.5	5
 209.5	5
 210.5	16
 211.5	5
 212.5	4
 213.5	7
 214.5	9
 215.5	11
 216.5	7
 217.5	3
 218.5	2
 219.5	8
 220.5	10
 221.5	6
 222.5	9
 223.5	3
 224.5	7
 225.5	8
DB 2 MOTIF	E2F2_HUMAN.H11MO.0.B
-230.0	9
-229.0	8
-228.0	11
-227.0	15
-226.0	3
-225.0	4
-224.0	9
-223.0	6
-222.0	8.5
-221.0	8
-220.0	13
-219.0	5
-218.0	6
-217.0	9
-216.0	9
-215.0	11
-214.0	14
-213.0	8
-212.0	9
-211.0	7
-210.0	8.33333
-209.0	13
-208.0	8
-207.0	8
-206.0	9
-205.0	13
-204.0	10
-203.0	9
-202.0	8
-201.0	9
-200.0	10
-199.0	12
-198.0	12
-197.0	7
-196.0	14
-195.0	15
-194.0	12
-193.0	9
-192.0	7
-191.0	9
-190.0	10.25
-189.0	9
-188.0	6
-187.0	9
-186.0	12.5
-185.0	10
-184.0	9
-183.0	12
-182.0	16
-181.0	7
-180.0	11
-179.0	8
-178.0	7
-177.0	11
-176.0	4
-175.0	9
-174.0	9
-173.0	8
-172.0	12
-171.0	13.5
-170.0	8
-169.0	10.75
-168.0	10
-167.0	4
-166.0	4
-165.0	11
-164.0	11.5
-163.0	5
-162.0	13
-161.0	8
-160.0	7
-159.0	13
-158.0	10
-157.0	10
-156.0	8
-155.0	15
-154.0	8
-153.0	7
-152.0	17
-151.0	8
-150.0	6
-149.0	13
-148.0	6
-147.0	9
-146.0	13
-145.0	8
-144.0	10
-143.0	14
-142.0	16
-141.0	6
-140.0	6
-139.0	15
-138.0	6.5
-137.0	10
-136.0	12
-135.0	11
-134.0	14
-133.0	8
-132.0	17
-131.0	16.5
-130.0	1.33333
-129.0	9.5
-128.0	10
-127.0	8
-126.0	9.5
-125.0	8
-124.0	7
-123.0	9.5
-122.0	15
-121.0	2
-120.0	12.3333
-119.0	6
-118.0	8
-117.0	9
-116.0	9
-115.0	16
-114.0	8
-113.0	9
-112.0	16
-111.0	9
-110.0	10
-109.0	10
-108.0	9
-107.0	14
-106.0	8.25
-105.0	3
-104.0	5
-103.0	7.5
-102.0	14
-101.0	19
-100.0	6
 -99.0	11
 -98.0	5
 -97.0	17
 -96.0	15.3333
 -95.0	11
 -94.0	15.5
 -93.0	6
 -92.0	13
 -91.0	8
 -90.0	11.8333
 -89.0	14
 -88.0	10
 -87.0	12
 -86.0	7
 -85.0	9.25
 -84.0	14
 -83.0	5.5
 -82.0	8.5
 -81.0	8.5
 -80.0	7.5
 -79.0	9
 -78.0	10
 -77.0	10
 -76.0	12
 -75.0	10
 -74.0	14
 -73.0	4
 -72.0	10
 -71.0	14
 -70.0	12
 -69.0	6
 -68.0	14
 -67.0	6
 -66.0	10.5
 -65.0	4.5
 -64.0	11
 -63.0	11
 -62.0	12
 -61.0	12.5
 -60.0	7.33333
 -59.0	7.5
 -58.0	12
 -57.0	13.5
 -56.0	5
 -55.0	13.5
 -54.0	8
 -53.0	13
 -52.0	9
 -51.0	8
 -50.0	8
 -49.0	11.5
 -48.0	16
 -47.0	11
 -46.0	12
 -45.0	9.83333
 -44.0	15
 -43.0	9
 -42.0	14.8333
 -41.0	7
 -40.0	9.33333
 -39.0	11
 -38.0	15
 -37.0	11
 -36.0	6
 -35.0	13
 -34.0	8
 -33.0	10
 -32.0	10.5
 -31.0	8
 -30.0	9
 -29.0	17.5
 -28.0	10
 -27.0	12
 -26.0	5
 -25.0	8.5
 -24.0	19
 -23.0	18
 -22.0	10
 -21.0	9
 -20.0	13.5
 -19.0	9.5
 -18.0	6
 -17.0	12
 -16.0	10.5
 -15.0	9
 -14.0	10
 -13.0	13
 -12.0	13
 -11.0	11
 -10.0	8
  -9.0	12
  -8.0	8
  -7.0	7
  -6.0	11
  -5.0	13
  -4.0	8
  -3.0	13
  -2.0	14
  -1.0	9
   0.0	16
   1.0	12
   2.0	10
   3.0	16
   4.0	10
   5.0	9
   6.0	16.5
   7.0	9
   8.0	11
   9.0	9
  10.0	7
  11.0	6
  12.0	16
  13.0	10
  14.0	13
  15.0	12
  16.0	10
  17.0	12.5
  18.0	8
  19.0	10.5
  20.0	8
  21.0	7
  22.0	6
  23.0	6
  24.0	11
  25.0	7.5
  26.0	9
  27.0	12
  28.0	11
  29.0	10
  30.0	11
  31.0	5
  32.0	15
  33.0	13
  34.0	12
  35.0	9
  36.0	10
  37.0	15
  38.0	8
  39.0	11.5
  40.0	11
  41.0	4
  42.0	8.5
  43.0	11
  44.0	8
  45.0	13
  46.0	13
  47.0	14
  48.0	11
  49.0	9
  50.0	12
  51.0	18
  52.0	11
  53.0	10
  54.0	7
  55.0	10
  56.0	8
  57.0	11
  58.0	7
  59.0	8.5
  60.0	10
  61.0	10
  62.0	8
  63.0	8
  64.0	11
  65.0	11
  66.0	13
  67.0	14.5
  68.0	11
  69.0	12
  70.0	11
  71.0	10
  72.0	12
  73.0	8
  74.0	11
  75.0	10
  76.0	12.5
  77.0	10
  78.0	13
  79.0	9
  80.0	14
  81.0	7
  82.0	10
  83.0	10
  84.0	16
  85.0	13
  86.0	7
  87.0	11
  88.0	7
  89.0	8
  90.0	12
  91.0	11
  92.0	8
  93.0	9
  94.0	18
  95.0	13
  96.0	12
  97.0	16
  98.0	9
  99.0	10
 100.0	10
 101.0	15
 102.0	5
 103.0	11
 104.0	8
 105.0	10
 106.0	7
 107.0	12.5
 108.0	8
 109.0	14
 110.0	1.5
 111.0	10
 112.0	14
 113.0	11
 114.0	18
 115.0	13
 116.0	4
 117.0	9
 118.0	6
 119.0	14
 120.0	6
 121.0	12
 122.0	15.5
 123.0	3
 124.0	8
 125.0	10
 126.0	11.5
 127.0	12
 128.0	6
 129.0	9
 130.0	13
 131.0	10
 132.0	9
 133.0	5.5
 134.0	9
 135.0	13
 136.0	6
 137.0	9
 138.0	10
 139.0	12
 140.0	7
 141.0	13
 142.0	6
 143.0	15
 144.0	10.5
 145.0	11.5
 146.0	15
 147.0	12
 148.0	8
 149.0	9
 150.0	6
 151.0	7
 152.0	13
 153.0	8
 154.0	12
 155.0	10.5
 156.0	12
 157.0	11.5
 158.0	9
 159.0	9
 160.0	9.5
 161.0	14
 162.0	11
 163.0	7
 164.0	12.5
 165.0	7
 166.0	12
 167.0	14
 168.0	7
 169.0	4
 170.0	15
 171.0	11
 172.0	8.5
 173.0	8.5
 174.0	7
 175.0	6
 176.0	16
 177.0	8
 178.0	7
 179.0	11.5
 180.0	11.5
 181.0	14
 182.0	6
 183.0	7
 184.0	10
 185.0	9.5
 186.0	10
 187.0	5
 188.0	8
 189.0	10
 190.0	4
 191.0	12
 192.0	8
 193.0	6
 194.0	10.5
 195.0	10.5
 196.0	11
 197.0	9.5
 198.0	13
 199.0	6
 200.0	10
 201.0	6
 202.0	11
 203.0	9
 204.0	7
 205.0	4
 206.0	6
 207.0	10
 208.0	15
 209.0	6.5
 210.0	11
 211.0	8
 212.0	3
 213.0	8
 214.0	8
 215.0	9
 216.0	7
 217.0	9
 218.0	10
 219.0	6
 220.0	8
 221.0	8
 222.0	3
 223.0	7
 224.0	10
 225.0	10
 226.0	3.5
 227.0	10
 228.0	5
 229.0	12
 230.0	6
DB 2 MOTIF	GCM2_HUMAN.H11MO.0.D
-229.5	2
-228.5	3.33333
-227.5	2
-226.5	6
-225.5	2
-224.5	6
-223.5	1
-222.5	2.33333
-221.5	5
-220.5	5
-219.5	4
-218.5	3
-217.5	5
-216.5	6.33333
-215.5	5
-214.5	3
-213.5	6
-212.5	4
-211.5	2
-210.5	7
-209.5	3
-208.5	7
-207.5	8
-206.5	4
-205.5	5
-204.5	7
-203.5	2.16667
-202.5	4
-201.5	5
-200.5	6
-199.5	8
-198.5	3
-197.5	5
-196.5	4
-195.5	2
-194.5	4
-193.5	3
-192.5	3
-191.5	2
-190.5	4.125
-189.5	6
-188.5	3
-187.5	1
-186.5	4
-185.5	5
-184.5	4
-183.5	5
-182.5	3
-181.5	5
-180.5	3
-179.5	5
-178.5	5
-177.5	3
-176.5	2
-175.5	9
-174.5	3
-173.5	3
-172.5	2
-171.5	4
-170.5	4
-169.5	5
-168.5	5
-167.5	9
-166.5	4
-165.5	4
-164.5	5
-163.5	8
-162.5	4
-161.5	2
-160.5	3
-159.5	6
-158.5	8
-157.5	5
-156.5	1
-155.5	0.5
-154.5	6
-153.5	7
-152.5	4.25
-151.5	5
-150.5	4
-149.5	1
-148.5	5
-147.5	3
-146.5	6.125
-145.5	4
-144.5	6
-143.5	3
-142.5	6
-141.5	5
-140.5	6
-139.5	3
-138.5	4
-137.5	4
-136.5	2
-135.5	3
-134.5	7
-133.5	3
-132.5	4
-131.5	2.16667
-130.5	5
-129.5	4
-128.5	0
-127.5	8
-126.5	2
-125.5	6
-124.5	5
-123.5	10.5
-122.5	5
-121.5	4
-120.5	7
-119.5	9
-118.5	2
-117.5	3.5
-116.5	7
-115.5	5
-114.5	5
-113.5	11
-112.5	7
-111.5	5.5
-110.5	2
-109.5	6
-108.5	3
-107.5	8
-106.5	6
-105.5	4
-104.5	9
-103.5	5
-102.5	6.125
-101.5	3
-100.5	4
 -99.5	6.25
 -98.5	5
 -97.5	4
 -96.5	5
 -95.5	3.16667
 -94.5	4
 -93.5	2
 -92.5	4
 -91.5	7
 -90.5	7
 -89.5	7
 -88.5	3
 -87.5	8
 -86.5	3
 -85.5	4
 -84.5	1
 -83.5	3
 -82.5	5
 -81.5	4
 -80.5	3
 -79.5	5
 -78.5	2
 -77.5	8
 -76.5	3
 -75.5	4
 -74.5	8
 -73.5	3
 -72.5	6
 -71.5	5
 -70.5	4
 -69.5	9
 -68.5	2
 -67.5	9
 -66.5	2
 -65.5	7
 -64.5	5
 -63.5	7
 -62.5	9
 -61.5	9
 -60.5	9
 -59.5	7.16667
 -58.5	4.125
 -57.5	4
 -56.5	2
 -55.5	5
 -54.5	3
 -53.5	5
 -52.5	5
 -51.5	4
 -50.5	4
 -49.5	3.25
 -48.5	7
 -47.5	4
 -46.5	5
 -45.5	8
 -44.5	7
 -43.5	3
 -42.5	3
 -41.5	5
 -40.5	6
 -39.5	7
 -38.5	4
 -37.5	8
 -36.5	6
 -35.5	2
 -34.5	8
 -33.5	8
 -32.5	8
 -31.5	10.5
 -30.5	2
 -29.5	1
 -28.5	2
 -27.5	4
 -26.5	3
 -25.5	9
 -24.5	4
 -23.5	4
 -22.5	3
 -21.5	2
 -20.5	6
 -19.5	5
 -18.5	8
 -17.5	7
 -16.5	9
 -15.5	3
 -14.5	4.5
 -13.5	4
 -12.5	3
 -11.5	5
 -10.5	4
  -9.5	6
  -8.5	4
  -7.5	5
  -6.5	9
  -5.5	6
  -4.5	4
  -3.5	2
  -2.5	6
  -1.5	8
  -0.5	8
   0.5	5
   1.5	1
   2.5	7
   3.5	7
   4.5	6
   5.5	3
   6.5	5
   7.5	3.5
   8.5	4
   9.5	6
  10.5	9
  11.5	3
  12.5	7.16667
  13.5	8
  14.5	2
  15.5	4
  16.5	5
  17.5	4
  18.5	7
  19.5	5
  20.5	6
  21.5	4
  22.5	5
  23.5	11
  24.5	5.5
  25.5	2
  26.5	2
  27.5	7
  28.5	4.125
  29.5	4
  30.5	4
  31.5	3
  32.5	3
  33.5	8
  34.5	7
  35.5	5
  36.5	5
  37.5	6.5
  38.5	3
  39.5	5
  40.5	9
  41.5	5
  42.5	6
  43.5	6
  44.5	4
  45.5	7
  46.5	9
  47.5	6
  48.5	8.16667
  49.5	4.125
  50.5	3
  51.5	7
  52.5	3
  53.5	4
  54.5	9
  55.5	8
  56.5	4
  57.5	6
  58.5	10
  59.5	5
  60.5	5
  61.5	12
  62.5	6
  63.5	3
  64.5	4
  65.5	8
  66.5	5
  67.5	6
  68.5	5
  69.5	10
  70.5	2
  71.5	8
  72.5	4
  73.5	6
  74.5	3
  75.5	7
  76.5	7
  77.5	5
  78.5	2
  79.5	7
  80.5	3
  81.5	2
  82.5	8
  83.5	5
  84.5	2
  85.5	8
  86.5	5
  87.5	5
  88.5	9
  89.5	4
  90.5	3
  91.5	5
  92.5	6
  93.5	3.375
  94.5	11
  95.5	2
  96.5	3
  97.5	3
  98.5	0
  99.5	6
 100.5	4
 101.5	4
 102.5	3
 103.5	4
 104.5	3
 105.5	4
 106.5	6
 107.5	9
 108.5	3
 109.5	5
 110.5	1
 111.5	2
 112.5	1
 113.5	5
 114.5	6
 115.5	1
 116.5	6
 117.5	2
 118.5	7
 119.5	3
 120.5	9
 121.5	6
 122.5	1.125
 123.5	2
 124.5	4
 125.5	4
 126.5	4
 127.5	6
 128.5	1
 129.5	4
 130.5	8
 131.5	1
 132.5	6
 133.5	7
 134.5	4
 135.5	5
 136.5	5
 137.5	5
 138.5	2
 139.5	10
 140.5	2
 141.5	3
 142.5	8
 143.5	4
 144.5	5
 145.5	2
 146.5	7
 147.5	7
 148.5	3
 149.5	7
 150.5	3
 151.5	4
 152.5	4
 153.5	3
 154.5	2
 155.5	4
 156.5	4
 157.5	5
 158.5	5
 159.5	0
 160.5	7
 161.5	3
 162.5	4
 163.5	4
 164.5	3
 165.5	7
 166.5	8
 167.5	4
 168.5	4
 169.5	5
 170.5	2
 171.5	2
 172.5	4
 173.5	3
 174.5	7
 175.5	9
 176.5	5
 177.5	4
 178.5	2
 179.5	6
 180.5	4
 181.5	3
 182.5	4
 183.5	4
 184.5	6
 185.5	9
 186.5	5
 187.5	5
 188.5	6
 189.5	6
 190.5	4
 191.5	3
 192.5	5
 193.5	5
 194.5	3
 195.5	7
 196.5	3
 197.5	4
 198.5	4
 199.5	1
 200.5	7
 201.5	9
 202.5	4
 203.5	6
 204.5	6
 205.5	4
 206.5	7
 207.5	5
 208.5	6
 209.5	3
 210.5	4
 211.5	6
 212.5	5
 213.5	6
 214.5	2
 215.5	7.5
 216.5	7
 217.5	7
 218.5	5
 219.5	3
 220.5	4
 221.5	5
 222.5	4
 223.5	8
 224.5	5
 225.5	6
 226.5	3
 227.5	7
 228.5	4
 229.5	4
DB 2 MOTIF	HEN1_HUMAN.H11MO.0.C
-225.0	6
-224.0	5
-223.0	5
-222.0	5
-221.0	5
-220.0	3
-219.0	5
-218.0	4
-217.0	2
-216.0	7
-215.0	7
-214.0	7
-213.0	7
-212.0	7
-211.0	5
-210.0	5
-209.0	8
-208.0	5
-207.0	1
-206.0	4
-205.0	5
-204.0	8
-203.0	6
-202.0	6
-201.0	12
-200.0	8
-199.0	3
-198.0	5
-197.0	5
-196.0	6
-195.0	5
-194.0	5
-193.0	3
-192.0	8
-191.0	6
-190.0	3
-189.0	4
-188.0	9
-187.0	4
-186.0	7
-185.0	7
-184.0	5
-183.0	6
-182.0	7
-181.0	7
-180.0	6
-179.0	5
-178.0	7
-177.0	5
-176.0	11
-175.0	7
-174.0	3
-173.0	6
-172.0	7
-171.0	5
-170.0	7
-169.0	4
-168.0	5
-167.0	5
-166.0	9
-165.0	3
-164.0	6
-163.0	1
-162.0	7
-161.0	14
-160.0	3
-159.0	4
-158.0	5
-157.0	7
-156.0	3
-155.0	8
-154.0	6
-153.0	6
-152.0	5
-151.0	2
-150.0	9
-149.0	1
-148.0	5
-147.0	6
-146.0	5
-145.0	3
-144.0	6
-143.0	6
-142.0	3
-141.0	5
-140.0	2
-139.0	9.5
-138.0	9
-137.0	5
-136.0	7
-135.0	12
-134.0	6
-133.0	5
-132.0	8
-131.0	8
-130.0	9
-129.0	9
-128.0	8
-127.0	5
-126.0	4
-125.0	5
-124.0	4
-123.0	3
-122.0	10
-121.0	3
-120.0	5
-119.0	5
-118.0	10
-117.0	5
-116.0	4
-115.0	8
-114.0	5
-113.0	2
-112.0	7
-111.0	6
-110.0	10
-109.0	8
-108.0	5
-107.0	10.5
-106.0	11
-105.0	10
-104.0	9
-103.0	8
-102.0	6
-101.0	9
-100.0	6
 -99.0	7
 -98.0	12
 -97.0	4
 -96.0	5
 -95.0	7
 -94.0	7
 -93.0	7
 -92.0	7
 -91.0	8
 -90.0	5
 -89.0	8
 -88.0	9.5
 -87.0	4
 -86.0	4
 -85.0	8
 -84.0	8
 -83.0	5
 -82.0	2
 -81.0	3
 -80.0	2
 -79.0	10.5
 -78.0	11
 -77.0	9
 -76.0	7
 -75.0	7
 -74.0	7
 -73.0	7
 -72.0	7
 -71.0	10
 -70.0	6
 -69.0	5
 -68.0	5
 -67.0	9
 -66.0	7
 -65.0	6
 -64.0	4
 -63.0	7
 -62.0	7.5
 -61.0	8.5
 -60.0	9
 -59.0	9
 -58.0	4
 -57.0	6
 -56.0	12
 -55.0	7
 -54.0	9
 -53.0	0
 -52.0	7
 -51.0	6
 -50.0	9
 -49.0	10
 -48.0	6
 -47.0	12
 -46.0	11
 -45.0	9
 -44.0	6
 -43.0	9
 -42.0	6
 -41.0	6
 -40.0	3.5
 -39.0	8
 -38.0	5
 -37.0	10
 -36.0	7
 -35.0	7
 -34.0	6
 -33.0	6
 -32.0	8
 -31.0	5
 -30.0	2
 -29.0	5
 -28.0	7
 -27.0	7
 -26.0	5
 -25.0	3
 -24.0	14
 -23.0	7
 -22.0	8
 -21.0	6
 -20.0	3
 -19.0	10
 -18.0	8
 -17.0	9
 -16.0	4
 -15.0	6
 -14.0	3
 -13.0	7
 -12.0	9
 -11.0	8
 -10.0	5
  -9.0	5
  -8.0	7
  -7.0	10
  -6.0	10
  -5.0	5
  -4.0	8
  -3.0	12
  -2.0	11
  -1.0	8
   0.0	9
   1.0	8
   2.0	1
   3.0	6
   4.0	10
   5.0	5
   6.0	10
   7.0	0
   8.0	4
   9.0	7
  10.0	4
  11.0	8
  12.0	6
  13.0	5
  14.0	5
  15.0	7
  16.0	8
  17.0	7
  18.0	5
  19.0	9
  20.0	9
  21.0	3
  22.0	8
  23.0	10
  24.0	4
  25.0	4
  26.0	5
  27.0	5
  28.0	5
  29.0	7
  30.0	3
  31.0	8
  32.0	9
  33.0	4
  34.0	10
  35.0	9
  36.0	5
  37.0	8
  38.0	6
  39.0	6
  40.0	7
  41.0	4
  42.0	8
  43.0	6
  44.0	4
  45.0	3
  46.0	7
  47.0	3
  48.0	9
  49.0	6
  50.0	8
  51.0	3
  52.0	4
  53.0	4
  54.0	4
  55.0	6
  56.0	7
  57.0	5
  58.0	3
  59.0	5
  60.0	13
  61.0	11
  62.0	4
  63.0	8
  64.0	8
  65.0	5
  66.0	4
  67.0	9
  68.0	3
  69.0	7
  70.0	7
  71.0	6
  72.0	5
  73.0	6
  74.0	14
  75.0	7
  76.0	9
  77.0	7
  78.0	7
  79.0	6
  80.0	3.5
  81.0	5
  82.0	5
  83.0	3
  84.0	9
  85.0	3
  86.0	10
  87.0	9
  88.0	4
  89.0	8
  90.0	3
  91.0	12
  92.0	4
  93.0	7
  94.0	6
  95.0	5
  96.0	5
  97.0	8
  98.0	7
  99.0	6
 100.0	4
 101.0	3
 102.0	7
 103.0	5
 104.0	7
 105.0	7
 106.0	8
 107.0	7
 108.0	4
 109.0	8
 110.0	7
 111.0	6
 112.0	5
 113.0	3
 114.0	5
 115.0	7
 116.0	7
 117.0	9
 118.0	6
 119.0	3
 120.0	9
 121.0	7
 122.0	5
 123.0	9
 124.0	3
 125.0	5
 126.0	6
 127.0	4
 128.0	7
 129.0	8
 130.0	5
 131.0	6
 132.0	8
 133.0	5
 134.0	6
 135.0	4
 136.0	7
 137.0	3
 138.0	5
 139.0	10
 140.0	5
 141.0	5
 142.0	5
 143.0	5
 144.0	4
 145.0	7
 146.0	1
 147.0	5
 148.0	8
 149.0	8
 150.0	6
 151.0	4
 152.0	5
 153.0	4
 154.0	5
 155.0	3
 156.0	6
 157.0	5
 158.0	8
 159.0	2
 160.0	7
 161.0	7
 162.0	4
 163.0	8
 164.0	8
 165.0	5
 166.0	5
 167.0	1
 168.0	3
 169.0	3
 170.0	7
 171.0	7
 172.0	3
 173.0	6
 174.0	5
 175.0	6
 176.0	5
 177.0	3
 178.0	7
 179.0	4
 180.0	7
 181.0	3
 182.0	8
 183.0	6
 184.0	4
 185.0	8
 186.0	2
 187.0	2
 188.0	6
 189.0	9
 190.0	7
 191.0	6
 192.0	6
 193.0	8
 194.0	2
 195.0	6
 196.0	10
 197.0	8
 198.0	8
 199.0	6
 200.0	2
 201.0	2
 202.0	3
 203.0	7
 204.0	7
 205.0	5
 206.0	1
 207.0	8
 208.0	6
 209.0	4
 210.0	6
 211.0	4
 212.0	5
 213.0	5
 214.0	6
 215.0	5
 216.0	6
 217.0	4
 218.0	7
 219.0	8
 220.0	6
 221.0	4
 222.0	8
 223.0	9
 224.0	5
 225.0	3
DB 2 MOTIF	HES1_HUMAN.H11MO.0.D
-228.5	16
-227.5	12
-226.5	8
-225.5	12
-224.5	15.5
-223.5	7
-222.5	14
-221.5	14.3333
-220.5	14
-219.5	22.8333
-218.5	14
-217.5	13.5
-216.5	14
-215.5	13
-214.5	15
-213.5	12.5
-212.5	8.5
-211.5	16
-210.5	13
-209.5	9
-208.5	11.5588
-207.5	13
-206.5	16.5
-205.5	13
-204.5	20
-203.5	16.3333
-202.5	15
-201.5	14
-200.5	22.5
-199.5	13
-198.5	18
-197.5	21
-196.5	12
-195.5	18
-194.5	18
-193.5	8
-192.5	12
-191.5	17
-190.5	10
-189.5	14
-188.5	10.3333
-187.5	13
-186.5	15
-185.5	10
-184.5	11.5
-183.5	16
-182.5	25
-181.5	11
-180.5	9.05882
-179.5	8.5
-178.5	19
-177.5	15
-176.5	9
-175.5	16
-174.5	13.8333
-173.5	14
-172.5	19
-171.5	13.5
-170.5	17
-169.5	7
-168.5	17.5
-167.5	11
-166.5	12
-165.5	17
-164.5	11.6667
-163.5	13.5
-162.5	14
-161.5	14
-160.5	18.75
-159.5	19.3333
-158.5	20
-157.5	20.3333
-156.5	15.5
-155.5	9
-154.5	11.0588
-153.5	16.25
-152.5	16
-151.5	16
-150.5	16
-149.5	16
-148.5	15
-147.5	9
-146.5	9.25
-145.5	15.5
-144.5	16
-143.5	10
-142.5	12
-141.5	12
-140.5	15
-139.5	12.75
-138.5	13
-137.5	14
-136.5	12
-135.5	12
-134.5	19
-133.5	7
-132.5	11.1667
-131.5	18
-130.5	12
-129.5	16.5
-128.5	12
-127.5	11
-126.5	14.0588
-125.5	13
-124.5	14.5
-123.5	17.5
-122.5	10
-121.5	19
-120.5	10.5
-119.5	16
-118.5	14
-117.5	4
-116.5	14.25
-115.5	13
-114.5	18.3333
-113.5	15
-112.5	13
-111.5	19.5
-110.5	15
-109.5	17.5
-108.5	17
-107.5	28
-106.5	10
-105.5	15
-104.5	11
-103.5	11
-102.5	12
-101.5	11.8333
-100.5	12.2255
 -99.5	14
 -98.5	21
 -97.5	13
 -96.5	16.5
 -95.5	19
 -94.5	21
 -93.5	16.5
 -92.5	14
 -91.5	13
 -90.5	15
 -89.5	18
 -88.5	13
 -87.5	21
 -86.5	10
 -85.5	20.5
 -84.5	16
 -83.5	17
 -82.5	15.25
 -81.5	13.5
 -80.5	11
 -79.5	14.5
 -78.5	17
 -77.5	19.5
 -76.5	13
 -75.5	18
 -74.5	15.0588
 -73.5	16.5
 -72.5	11
 -71.5	16
 -70.5	8.5
 -69.5	20
 -68.5	14.3333
 -67.5	21
 -66.5	17.25
 -65.5	13
 -64.5	23
 -63.5	18
 -62.5	24
 -61.5	17.3333
 -60.5	10
 -59.5	21
 -58.5	18
 -57.5	15
 -56.5	16.5
 -55.5	15.3333
 -54.5	16
 -53.5	15
 -52.5	10
 -51.5	14.5
 -50.5	17
 -49.5	16
 -48.5	8
 -47.5	17
 -46.5	15.0588
 -45.5	19.5
 -44.5	17
 -43.5	13
 -42.5	17
 -41.5	22.3333
 -40.5	18
 -39.5	10
 -38.5	21
 -37.5	14
 -36.5	21.1667
 -35.5	20
 -34.5	22
 -33.5	17
 -32.5	17.25
 -31.5	28
 -30.5	17
 -29.5	12
 -28.5	19
 -27.5	13.5
 -26.5	15.3333
 -25.5	12
 -24.5	20.5
 -23.5	23
 -22.5	16.5
 -21.5	15.5
 -20.5	12
 -19.5	24
 -18.5	20.5588
 -17.5	14
 -16.5	17.5
 -15.5	19
 -14.5	12
 -13.5	26.5
 -12.5	13
 -11.5	18
 -10.5	21.5
  -9.5	19
  -8.5	18.5
  -7.5	21
  -6.5	17
  -5.5	15
  -4.5	14.1667
  -3.5	12
  -2.5	14
  -1.5	18
  -0.5	16
   0.5	11
   1.5	15
   2.5	18.5
   3.5	28
   4.5	25
   5.5	11.5
   6.5	16.5
   7.5	22.3333
   8.5	21
   9.5	10.0588
  10.5	5
  11.5	25
  12.5	11
  13.5	14
  14.5	14
  15.5	15
  16.5	19
  17.5	16
  18.5	15
  19.5	11
  20.5	15
  21.5	11
  22.5	15
  23.5	17
  24.5	7.66667
  25.5	15
  26.5	9
  27.5	14
  28.5	10
  29.5	13
  30.5	20
  31.5	15
  32.5	20.5
  33.5	21.5
  34.5	13
  35.5	16
  36.5	15
  37.5	16.0588
  38.5	23
  39.5	20.5
  40.5	25
  41.5	13
  42.5	12
  43.5	21
  44.5	25
  45.5	15.5
  46.5	16
  47.5	16
  48.5	15
  49.5	18.5833
  50.5	17.5
  51.5	12
  52.5	14
  53.5	17
  54.5	16
  55.5	15
  56.5	22.25
  57.5	24.25
  58.5	15
  59.5	13
  60.5	11
  61.5	22.25
  62.5	21
  63.5	19.25
  64.5	12.5
  65.5	16.0588
  66.5	26
  67.5	13
  68.5	23
  69.5	15.5
  70.5	9.75
  71.5	20.25
  72.5	18
  73.5	17
  74.5	13
  75.5	11
  76.5	15
  77.5	13
  78.5	10
  79.5	18
  80.5	25
  81.5	12
  82.5	7
  83.5	19.5
  84.5	8
  85.5	8
  86.5	6
  87.5	16
  88.5	17
  89.5	13
  90.5	17
  91.5	20.0588
  92.5	11.5
  93.5	10
  94.5	6
  95.5	21.25
  96.5	15
  97.5	14
  98.5	7
  99.5	18
 100.5	12
 101.5	15
 102.5	17
 103.5	11
 104.5	18
 105.5	13
 106.5	14
 107.5	16
 108.5	10
 109.5	19
 110.5	18
 111.5	8.5
 112.5	20
 113.5	8
 114.5	15
 115.5	11
 116.5	12.3333
 117.5	19.0588
 118.5	13
 119.5	20
 120.5	10
 121.5	13
 122.5	19
 123.5	12
 124.5	18
 125.5	16
 126.5	13
 127.5	11.5
 128.5	7.5
 129.5	12
 130.5	12.5
 131.5	10
 132.5	12
 133.5	12
 134.5	15
 135.5	16
 136.5	13.5
 137.5	11
 138.5	11.5
 139.5	19
 140.5	4
 141.5	17
 142.5	9
 143.5	16
 144.5	19
 145.5	8.05882
 146.5	17
 147.5	15
 148.5	18
 149.5	14
 150.5	15
 151.5	15
 152.5	13
 153.5	14
 154.5	16
 155.5	16
 156.5	15.8333
 157.5	8
 158.5	18
 159.5	9
 160.5	18
 161.5	10.5
 162.5	17
 163.5	19
 164.5	16
 165.5	20
 166.5	17
 167.5	14.8333
 168.5	10
 169.5	16
 170.5	12
 171.5	11.0588
 172.5	7
 173.5	16
 174.5	15.3333
 175.5	15
 176.5	16
 177.5	12
 178.5	12
 179.5	9
 180.5	9
 181.5	14.5
 182.5	15
 183.5	15
 184.5	7
 185.5	15
 186.5	18
 187.5	10.5
 188.5	15.5
 189.5	20
 190.5	11
 191.5	12.3333
 192.5	20
 193.5	13
 194.5	15
 195.5	11
 196.5	20
 197.5	10
 198.5	9
 199.5	13.5588
 200.5	11
 201.5	13
 202.5	9
 203.5	9
 204.5	16
 205.5	11.5
 206.5	18
 207.5	20
 208.5	17
 209.5	18
 210.5	11
 211.5	18
 212.5	17
 213.5	15
 214.5	7
 215.5	20
 216.5	10
 217.5	16
 218.5	13
 219.5	18
 220.5	9
 221.5	8
 222.5	14
 223.5	12
 224.5	10
 225.5	11
 226.5	13
 227.5	12.0588
 228.5	12
DB 2 MOTIF	HES5_HUMAN.H11MO.0.D
-229.0	0
-228.0	5
-227.0	0
-226.0	2
-225.0	2
-224.0	2
-223.0	1
-222.0	0
-221.0	2
-220.0	2
-219.0	3
-218.0	0
-217.0	1
-216.0	3
-215.0	0
-214.0	0
-213.0	0
-212.0	1
-211.0	2
-210.0	0
-209.0	1
-208.0	2.55882
-207.0	0
-206.0	1
-205.0	0
-204.0	4
-203.0	3
-202.0	1
-201.0	1
-200.0	1
-199.0	0
-198.0	2
-197.0	0
-196.0	2
-195.0	2
-194.0	1
-193.0	1
-192.0	2
-191.0	2
-190.0	2
-189.0	0
-188.0	2
-187.0	1
-186.0	0
-185.0	2
-184.0	2
-183.0	2
-182.0	2
-181.0	2
-180.0	2.05882
-179.0	0.5
-178.0	1
-177.0	3
-176.0	0
-175.0	0.5
-174.0	3
-173.0	3
-172.0	0
-171.0	0
-170.0	1
-169.0	1
-168.0	2
-167.0	1
-166.0	1
-165.0	1
-164.0	1.16667
-163.0	3
-162.0	3
-161.0	1
-160.0	1
-159.0	1
-158.0	1
-157.0	3
-156.0	1
-155.0	0
-154.0	1.05882
-153.0	1
-152.0	0
-151.0	1
-150.0	0
-149.0	3
-148.0	1.5
-147.0	0
-146.0	3
-145.0	0.5
-144.0	2
-143.0	3
-142.0	0
-141.0	2
-140.0	2
-139.0	3
-138.0	0
-137.0	2
-136.0	2
-135.0	0
-134.0	2
-133.0	1
-132.0	1.16667
-131.0	0
-130.0	1
-129.0	1
-128.0	1
-127.0	4
-126.0	1.05882
-125.0	2
-124.0	0
-123.0	0.5
-122.0	1
-121.0	2
-120.0	1
-119.0	2
-118.0	2
-117.0	1
-116.0	2
-115.0	4
-114.0	1
-113.0	1
-112.0	1
-111.0	5
-110.0	3
-109.0	1
-108.0	2
-107.0	3.5
-106.0	1
-105.0	0
-104.0	1
-103.0	0
-102.0	0
-101.0	2
-100.0	2.72549
 -99.0	3
 -98.0	0
 -97.0	2
 -96.0	0
 -95.0	5.5
 -94.0	2
 -93.0	0
 -92.0	4
 -91.0	1
 -90.0	0
 -89.0	2
 -88.0	2
 -87.0	2
 -86.0	1
 -85.0	0
 -84.0	1
 -83.0	4
 -82.0	1
 -81.0	0
 -80.0	3
 -79.0	2.33333
 -78.0	1
 -77.0	3
 -76.0	0
 -75.0	1
 -74.0	3.05882
 -73.0	0
 -72.0	0
 -71.0	3
 -70.0	0
 -69.0	2
 -68.0	3
 -67.0	2
 -66.0	0
 -65.0	2
 -64.0	1
 -63.0	0
 -62.0	3.83333
 -61.0	1
 -60.0	2
 -59.0	1
 -58.0	3
 -57.0	1
 -56.0	1
 -55.0	2
 -54.0	0
 -53.0	2
 -52.0	2
 -51.0	2
 -50.0	1
 -49.0	1
 -48.0	3.5
 -47.0	1
 -46.0	2.05882
 -45.0	3
 -44.0	0
 -43.0	1
 -42.0	1.5
 -41.0	0
 -40.0	4
 -39.0	2
 -38.0	0
 -37.0	2
 -36.0	0.166667
 -35.0	4
 -34.0	1
 -33.0	3
 -32.0	4
 -31.0	2
 -30.0	2
 -29.0	4
 -28.0	4
 -27.0	1
 -26.0	3
 -25.0	2.5
 -24.0	4
 -23.0	5
 -22.0	4.5
 -21.0	2
 -20.0	1
 -19.0	2
 -18.0	4.05882
 -17.0	4
 -16.0	1
 -15.0	2
 -14.0	2
 -13.0	4
 -12.0	0
 -11.0	4
 -10.0	0
  -9.0	2
  -8.0	5
  -7.0	2
  -6.0	2
  -5.0	0
  -4.0	3.16667
  -3.0	2
  -2.0	2
  -1.0	2.5
   0.0	2
   1.0	3
   2.0	5
   3.0	2
   4.0	1
   5.0	0
   6.0	2
   7.0	6
   8.0	0
   9.0	5
  10.0	1.05882
  11.0	3
  12.0	4
  13.0	1
  14.0	5
  15.0	2.5
  16.0	4
  17.0	0
  18.0	2
  19.0	3
  20.0	0.5
  21.0	4
  22.0	1
  23.0	3
  24.0	2
  25.0	1.16667
  26.0	1
  27.0	2
  28.0	2
  29.0	1
  30.0	2
  31.0	6
  32.0	2
  33.0	1
  34.0	0
  35.0	3
  36.0	0
  37.0	0.5
  38.0	4.05882
  39.0	3
  40.0	4
  41.0	3
  42.0	4
  43.0	3
  44.0	2
  45.0	4
  46.0	3.5
  47.0	3
  48.0	4
  49.0	2
  50.0	2
  51.0	3
  52.0	1
  53.0	1
  54.0	3
  55.0	1
  56.0	0
  57.0	5.5
  58.0	0.5
  59.0	2
  60.0	1
  61.0	1
  62.0	1
  63.0	0
  64.0	0.333333
  65.0	1
  66.0	2.05882
  67.0	1
  68.0	3
  69.0	1.5
  70.0	1
  71.0	2
  72.0	1
  73.0	1
  74.0	2
  75.0	2
  76.0	2
  77.0	0
  78.0	1
  79.0	0
  80.0	0
  81.0	2
  82.0	2
  83.0	0
  84.0	2
  85.0	0
  86.0	2
  87.0	3
  88.0	4
  89.0	1
  90.0	3
  91.0	4
  92.0	1.05882
  93.0	0
  94.0	2
  95.0	0
  96.0	1
  97.0	0.5
  98.0	1
  99.0	1
 100.0	2
 101.0	4
 102.0	1
 103.0	1
 104.0	0
 105.0	2
 106.0	3
 107.0	2
 108.0	0
 109.0	0
 110.0	0.5
 111.0	0
 112.0	3
 113.0	3
 114.0	4
 115.0	0
 116.0	1.33333
 117.0	1
 118.0	1.05882
 119.0	1
 120.0	2
 121.0	4
 122.0	2
 123.0	1
 124.0	2
 125.0	4
 126.0	2
 127.0	0
 128.0	0
 129.0	0
 130.0	0
 131.0	1
 132.0	0
 133.0	1
 134.0	2
 135.0	4
 136.0	3
 137.0	2
 138.0	2
 139.0	2
 140.0	0.333333
 141.0	0.5
 142.0	0
 143.0	2
 144.0	1
 145.0	2
 146.0	0.0588235
 147.0	2
 148.0	1
 149.0	1
 150.0	1
 151.0	0
 152.0	0
 153.0	0
 154.0	0
 155.0	1
 156.0	0.333333
 157.0	0
 158.0	3
 159.0	1
 160.0	1
 161.0	0
 162.0	1
 163.0	2
 164.0	2
 165.0	3
 166.0	1
 167.0	1
 168.0	4
 169.0	2
 170.0	2
 171.0	1
 172.0	1.05882
 173.0	3
 174.0	1
 175.0	1
 176.0	1
 177.0	1
 178.0	2
 179.0	0
 180.0	1
 181.0	2
 182.0	2
 183.0	2
 184.0	2
 185.0	1
 186.0	1
 187.0	1
 188.0	1
 189.0	1
 190.0	1
 191.0	4
 192.0	4
 193.0	0
 194.0	1
 195.0	0
 196.0	2.5
 197.0	4
 198.0	1
 199.0	2
 200.0	1.05882
 201.0	2
 202.0	2
 203.0	1
 204.0	2
 205.0	4
 206.0	2
 207.0	4
 208.0	0
 209.0	0
 210.0	1
 211.0	1
 212.0	2
 213.0	3
 214.0	1
 215.0	0
 216.0	1
 217.0	1
 218.0	2
 219.0	4
 220.0	2
 221.0	0
 222.0	0
 223.0	0
 224.0	0
 225.0	1
 226.0	1
 227.0	1
 228.0	3.05882
 229.0	1
DB 2 MOTIF	HES7_HUMAN.H11MO.0.D
-229.0	0
-228.0	1
-227.0	0
-226.0	1
-225.0	1
-224.0	2
-223.0	1
-222.0	0
-221.0	0
-220.0	0
-219.0	3
-218.0	0
-217.0	1
-216.0	0
-215.0	0
-214.0	0
-213.0	1
-212.0	2
-211.0	1
-210.0	0
-209.0	1
-208.0	0.5
-207.0	0
-206.0	0
-205.0	0
-204.0	3
-203.0	2
-202.0	1
-201.0	0
-200.0	1
-199.0	0
-198.0	1
-197.0	0
-196.0	1
-195.0	0
-194.0	1
-193.0	1
-192.0	1
-191.0	1
-190.0	1
-189.0	0
-188.0	0
-187.0	2
-186.0	0
-185.0	1
-184.0	1
-183.0	1
-182.0	1
-181.0	2
-180.0	0
-179.0	0.5
-178.0	1
-177.0	2
-176.0	0
-175.0	0.5
-174.0	1
-173.0	2
-172.0	0
-171.0	0
-170.0	1
-169.0	0
-168.0	1
-167.0	0
-166.0	1
-165.0	0
-164.0	0.166667
-163.0	2
-162.0	3
-161.0	1
-160.0	0
-159.0	1
-158.0	1
-157.0	2
-156.0	0
-155.0	0
-154.0	0
-153.0	0
-152.0	1
-151.0	0
-150.0	0
-149.0	1
-148.0	1
-147.0	0
-146.0	3
-145.0	0.5
-144.0	1
-143.0	2
-142.0	1
-141.0	1
-140.0	2
-139.0	2
-138.0	0
-137.0	2
-136.0	2
-135.0	0
-134.0	1
-133.0	0
-132.0	0.166667
-131.0	0
-130.0	0
-129.0	0
-128.0	1
-127.0	2
-126.0	0
-125.0	2
-124.0	0
-123.0	1
-122.0	1
-121.0	1
-120.0	0
-119.0	2
-118.0	0
-117.0	1
-116.0	1
-115.0	4
-114.0	2
-113.0	1
-112.0	0
-111.0	1
-110.0	2
-109.0	1
-108.0	1
-107.0	0.5
-106.0	0
-105.0	0
-104.0	0
-103.0	0
-102.0	0
-101.0	0
-100.0	1.16667
 -99.0	2
 -98.0	0
 -97.0	1
 -96.0	1
 -95.0	1.5
 -94.0	1
 -93.0	0
 -92.0	3
 -91.0	1
 -90.0	1
 -89.0	3
 -88.0	1
 -87.0	1
 -86.0	0
 -85.0	1
 -84.0	1
 -83.0	0
 -82.0	2
 -81.0	1
 -80.0	3
 -79.0	1
 -78.0	1
 -77.0	1
 -76.0	0
 -75.0	1
 -74.0	1
 -73.0	0
 -72.0	0
 -71.0	1
 -70.0	0
 -69.0	1
 -68.0	2.5
 -67.0	0
 -66.0	0
 -65.0	1
 -64.0	0
 -63.0	0
 -62.0	1
 -61.0	0.5
 -60.0	2
 -59.0	0
 -58.0	0
 -57.0	0
 -56.0	0
 -55.0	2
 -54.0	0
 -53.0	1
 -52.0	1
 -51.0	3
 -50.0	1
 -49.0	1
 -48.0	2
 -47.0	1
 -46.0	3
 -45.0	2
 -44.0	0
 -43.0	1
 -42.0	0.5
 -41.0	0
 -40.0	3
 -39.0	1
 -38.0	0
 -37.0	2
 -36.0	0.166667
 -35.0	3
 -34.0	0
 -33.0	1
 -32.0	1
 -31.0	4
 -30.0	1
 -29.0	3
 -28.0	3
 -27.0	0
 -26.0	2
 -25.0	1.5
 -24.0	3
 -23.0	3
 -22.0	2.5
 -21.0	1
 -20.0	0
 -19.0	2
 -18.0	1
 -17.0	2
 -16.0	1
 -15.0	2
 -14.0	0
 -13.0	2
 -12.0	0
 -11.0	3
 -10.0	0
  -9.0	1
  -8.0	3
  -7.0	0
  -6.0	0
  -5.0	0
  -4.0	2.16667
  -3.0	2
  -2.0	1
  -1.0	1.5
   0.0	1
   1.0	0
   2.0	3
   3.0	1
   4.0	3
   5.0	0
   6.0	2
   7.0	4
   8.0	2
   9.0	2
  10.0	1
  11.0	2
  12.0	0
  13.0	1
  14.0	3
  15.0	1
  16.0	4
  17.0	1
  18.0	1
  19.0	1
  20.0	0
  21.0	2
  22.0	1
  23.0	0
  24.0	2
  25.0	1.16667
  26.0	0
  27.0	1
  28.0	1
  29.0	1
  30.0	2
  31.0	3
  32.0	2
  33.0	1
  34.0	2
  35.0	1
  36.0	1
  37.0	0
  38.0	2
  39.0	0
  40.0	2
  41.0	0
  42.0	1
  43.0	2
  44.0	2
  45.0	1
  46.0	1.5
  47.0	1
  48.0	0
  49.0	1
  50.0	1
  51.0	0
  52.0	0
  53.0	0
  54.0	2
  55.0	0
  56.0	1
  57.0	4
  58.0	0.5
  59.0	0
  60.0	1
  61.0	1
  62.0	0
  63.0	0
  64.0	1
  65.0	1
  66.0	1
  67.0	0
  68.0	0
  69.0	1
  70.0	0
  71.0	2
  72.0	1
  73.0	0
  74.0	1
  75.0	1
  76.0	1
  77.0	0
  78.0	0
  79.0	0
  80.0	1
  81.0	1
  82.0	2
  83.0	0
  84.0	1
  85.0	0
  86.0	1
  87.0	2
  88.0	1
  89.0	0
  90.0	4
  91.0	2
  92.0	0
  93.0	0
  94.0	1
  95.0	1
  96.0	1
  97.0	0
  98.0	0
  99.0	0
 100.0	1
 101.0	1
 102.0	0
 103.0	0
 104.0	0
 105.0	2
 106.0	2
 107.0	2
 108.0	0
 109.0	0
 110.0	0
 111.0	0
 112.0	0
 113.0	1
 114.0	2
 115.0	1
 116.0	0
 117.0	0
 118.0	1
 119.0	0
 120.0	0
 121.0	0
 122.0	1
 123.0	1
 124.0	1
 125.0	1
 126.0	1
 127.0	0
 128.0	0
 129.0	0
 130.0	0
 131.0	1
 132.0	0
 133.0	1
 134.0	1
 135.0	3
 136.0	3
 137.0	1
 138.0	1
 139.0	0
 140.0	0
 141.0	1
 142.0	0
 143.0	1
 144.0	1
 145.0	2
 146.0	0
 147.0	1
 148.0	0
 149.0	1
 150.0	2
 151.0	0
 152.0	0
 153.0	0
 154.0	0
 155.0	1
 156.0	0
 157.0	0
 158.0	1
 159.0	0
 160.0	0
 161.0	0
 162.0	0
 163.0	1
 164.0	0
 165.0	1
 166.0	0
 167.0	0
 168.0	3
 169.0	1
 170.0	0
 171.0	0
 172.0	0
 173.0	2
 174.0	1
 175.0	3
 176.0	1
 177.0	1
 178.0	2
 179.0	0
 180.0	0
 181.0	1
 182.0	1
 183.0	3
 184.0	3
 185.0	0
 186.0	0
 187.0	1
 188.0	1
 189.0	1
 190.0	2
 191.0	2
 192.0	3
 193.0	0
 194.0	0
 195.0	1
 196.0	0
 197.0	5
 198.0	0
 199.0	1
 200.0	1
 201.0	1
 202.0	2
 203.0	1
 204.0	1
 205.0	4
 206.0	3
 207.0	1
 208.0	0
 209.0	1
 210.0	0
 211.0	1
 212.0	0
 213.0	2
 214.0	1
 215.0	0
 216.0	0
 217.0	1
 218.0	1
 219.0	2
 220.0	1
 221.0	0
 222.0	0
 223.0	0
 224.0	0
 225.0	0
 226.0	2
 227.0	1
 228.0	3
 229.0	1
DB 2 MOTIF	HEY1_HUMAN.H11MO.0.D
-229.0	7
-228.0	11
-227.0	5
-226.0	5.16667
-225.0	6
-224.0	10
-223.0	7
-222.0	5
-221.0	8
-220.0	11
-219.0	7
-218.0	6.16667
-217.0	10
-216.0	11.3333
-215.0	5
-214.0	10
-213.0	7
-212.0	6
-211.0	8
-210.0	3
-209.0	5
-208.0	5.65882
-207.0	5
-206.0	7.5
-205.0	11
-204.0	7
-203.0	10
-202.0	8
-201.0	5.5
-200.0	10
-199.0	8
-198.0	4
-197.0	6
-196.0	8
-195.0	4
-194.0	9
-193.0	5
-192.0	9
-191.0	9
-190.0	6
-189.0	7
-188.0	6.33333
-187.0	5.16667
-186.0	4
-185.0	4.5
-184.0	8
-183.0	7
-182.0	9.16667
-181.0	14
-180.0	7.05882
-179.0	2.5
-178.0	4
-177.0	12
-176.0	11
-175.0	5.5
-174.0	9
-173.0	17
-172.0	4.11111
-171.0	7
-170.0	6
-169.0	6
-168.0	12
-167.0	6
-166.0	6
-165.0	7
-164.0	7.26667
-163.0	5
-162.0	14
-161.0	9
-160.0	9
-159.0	9
-158.0	8
-157.0	13
-156.0	6
-155.0	5
-154.0	10.0588
-153.0	6.5
-152.0	9
-151.0	4
-150.0	6
-149.0	7.14286
-148.0	6
-147.0	4
-146.0	12
-145.0	9.5
-144.0	6
-143.0	11
-142.0	7
-141.0	9
-140.0	7.16667
-139.0	15.5
-138.0	4
-137.0	11.1667
-136.0	4
-135.0	6
-134.0	9
-133.0	6
-132.0	12.1667
-131.0	5
-130.0	6
-129.0	10
-128.0	11
-127.0	15
-126.0	6.05882
-125.0	9
-124.0	2.5
-123.0	6.5
-122.0	6
-121.0	8
-120.0	4.1
-119.0	4.5
-118.0	7
-117.0	6
-116.0	10.25
-115.0	8
-114.0	5
-113.0	9
-112.0	6.5
-111.0	10
-110.0	9
-109.0	6
-108.0	10
-107.0	6.5
-106.0	5.16667
-105.0	7
-104.0	5
-103.0	3
-102.0	8
-101.0	7
-100.0	12.7255
 -99.0	8
 -98.0	6.5
 -97.0	8.14286
 -96.0	7
 -95.0	12.5
 -94.0	7
 -93.0	7
 -92.0	10
 -91.0	7
 -90.0	6
 -89.0	8
 -88.0	11
 -87.0	6
 -86.0	8.16667
 -85.0	8.5
 -84.0	6.11111
 -83.0	9
 -82.0	5
 -81.0	9
 -80.0	9
 -79.0	9.33333
 -78.0	8
 -77.0	11
 -76.0	8.1
 -75.0	7
 -74.0	10.0588
 -73.0	4
 -72.0	6
 -71.0	8
 -70.0	4
 -69.0	6
 -68.0	10.8333
 -67.0	11
 -66.0	2.25
 -65.0	7.14286
 -64.0	5
 -63.0	4
 -62.0	11.8333
 -61.0	5.5
 -60.0	12
 -59.0	9
 -58.0	9
 -57.0	8
 -56.0	8.33333
 -55.0	11
 -54.0	10.5
 -53.0	5.5
 -52.0	3
 -51.0	13
 -50.0	6
 -49.0	5
 -48.0	9.5
 -47.0	6
 -46.0	8.05882
 -45.0	10
 -44.0	4
 -43.0	7.5
 -42.0	9
 -41.0	6
 -40.0	12.1111
 -39.0	8.14286
 -38.0	4
 -37.0	10.5
 -36.0	6.16667
 -35.0	11.5
 -34.0	4
 -33.0	13
 -32.0	7.93333
 -31.0	8
 -30.0	8
 -29.0	9
 -28.0	8
 -27.0	7.16667
 -26.0	10
 -25.0	7
 -24.0	8
 -23.0	14
 -22.0	18.5
 -21.0	8
 -20.0	11
 -19.0	9
 -18.0	13.0588
 -17.0	8
 -16.0	13
 -15.0	5
 -14.0	6
 -13.0	11
 -12.0	10
 -11.0	11
 -10.0	11
  -9.0	12
  -8.0	12
  -7.0	10
  -6.0	8
  -5.0	2
  -4.0	13.6667
  -3.0	10
  -2.0	9
  -1.0	10.5
   0.0	5
   1.0	10
   2.0	10.3333
   3.0	8
   4.0	12.1111
   5.0	4
   6.0	11
   7.0	8
   8.0	8
   9.0	12
  10.0	12.0588
  11.0	11
  12.0	17.1
  13.0	13
  14.0	10
  15.0	10.5
  16.0	13
  17.0	11
  18.0	12
  19.0	10
  20.0	8.5
  21.0	7
  22.0	8
  23.0	7
  24.0	10
  25.0	6.16667
  26.0	10
  27.0	10
  28.0	6
  29.0	7
  30.0	8
  31.0	18
  32.0	6
  33.0	5
  34.0	7
  35.0	13
  36.0	9.33333
  37.0	8
  38.0	8.05882
  39.0	9
  40.0	11.1667
  41.0	15
  42.0	7
  43.0	11
  44.0	10
  45.0	10
  46.0	9.5
  47.0	7
  48.0	11.1111
  49.0	6
  50.0	11
  51.0	10
  52.0	6
  53.0	10.5
  54.0	5
  55.0	3
  56.0	10.1
  57.0	11.5
  58.0	6.75
  59.0	4
  60.0	9
  61.0	7
  62.0	11
  63.0	4
  64.0	8.33333
  65.0	10
  66.0	11.0588
  67.0	7
  68.0	7
  69.0	10.5
  70.0	9
  71.0	10
  72.0	10.25
  73.0	9
  74.0	12
  75.0	7
  76.0	7
  77.0	2
  78.0	6
  79.0	6
  80.0	7.5
  81.0	13.3333
  82.0	7.5
  83.0	3
  84.0	10
  85.0	3
  86.0	4
  87.0	10
  88.0	9
  89.0	7
  90.0	8
  91.0	7
  92.0	11.1699
  93.0	4
  94.0	13
  95.0	9
  96.0	8
  97.0	11
  98.0	6
  99.0	4
 100.0	8.1
 101.0	9.5
 102.0	5
 103.0	6
 104.0	5
 105.0	10
 106.0	11.3333
 107.0	8
 108.0	7
 109.0	10
 110.0	9.5
 111.0	5
 112.0	7
 113.0	14
 114.0	8
 115.0	8
 116.0	7.66667
 117.0	8
 118.0	10.3922
 119.0	9
 120.0	11
 121.0	10
 122.0	8
 123.0	11
 124.0	7
 125.0	9
 126.0	8
 127.0	9
 128.0	4
 129.0	4
 130.0	5
 131.0	5
 132.0	5
 133.0	11
 134.0	9
 135.0	10
 136.0	7.11111
 137.0	7
 138.0	8
 139.0	6.14286
 140.0	3.33333
 141.0	4.5
 142.0	4
 143.0	9.33333
 144.0	4.1
 145.0	6
 146.0	1.05882
 147.0	16
 148.0	7
 149.0	5
 150.0	9
 151.0	5
 152.0	9
 153.0	5
 154.0	6
 155.0	4
 156.0	4.33333
 157.0	8
 158.0	11
 159.0	5
 160.0	8
 161.0	11
 162.0	5
 163.0	11
 164.0	7
 165.0	7
 166.0	5.5
 167.0	6.5
 168.0	8.33333
 169.0	12
 170.0	12.3333
 171.0	6
 172.0	5.05882
 173.0	7
 174.0	5
 175.0	6.47619
 176.0	11.5
 177.0	8
 178.0	6
 179.0	2
 180.0	7.11111
 181.0	9
 182.0	8
 183.0	6
 184.0	8
 185.0	4
 186.0	6
 187.0	7
 188.0	6.1
 189.0	4
 190.0	6
 191.0	9
 192.0	10
 193.0	12
 194.0	4
 195.0	5
 196.0	3.5
 197.0	12
 198.0	6
 199.0	7
 200.0	6.05882
 201.0	10.1429
 202.0	5
 203.0	6
 204.0	9
 205.0	12
 206.0	8
 207.0	6
 208.0	11
 209.0	5
 210.0	6
 211.0	10
 212.0	6
 213.0	11
 214.0	8
 215.0	5
 216.0	6
 217.0	8
 218.0	3
 219.0	6
 220.0	8
 221.0	4
 222.0	4.33333
 223.0	12
 224.0	5.11111
 225.0	12
 226.0	7
 227.0	5
 228.0	13.0588
 229.0	8.5
DB 2 MOTIF	HEY2_HUMAN.H11MO.0.D
-226.5	6
-225.5	4
-224.5	10
-223.5	10
-222.5	6
-221.5	6
-220.5	11
-219.5	7
-218.5	9
-217.5	6
-216.5	8
-215.5	3
-214.5	7
-213.5	3
-212.5	7
-211.5	9
-210.5	4
-209.5	6
-208.5	8.5
-207.5	8
-206.5	10
-205.5	11.5
-204.5	8
-203.5	12
-202.5	10
-201.5	8
-200.5	7
-199.5	6
-198.5	12
-197.5	6
-196.5	4
-195.5	4
-194.5	5
-193.5	15
-192.5	15
-191.5	4
-190.5	10
-189.5	10
-188.5	5
-187.5	10
-186.5	12
-185.5	3
-184.5	11
-183.5	11
-182.5	9
-181.5	6
-180.5	11
-179.5	5.5
-178.5	14
-177.5	7
-176.5	9
-175.5	5
-174.5	9
-173.5	4
-172.5	10.5
-171.5	9
-170.5	10
-169.5	5
-168.5	2
-167.5	3
-166.5	12
-165.5	7
-164.5	13
-163.5	7
-162.5	9
-161.5	8
-160.5	9
-159.5	6
-158.5	6
-157.5	10
-156.5	6
-155.5	5
-154.5	7
-153.5	9
-152.5	11
-151.5	9
-150.5	11
-149.5	3
-148.5	4
-147.5	5
-146.5	7
-145.5	6
-144.5	10
-143.5	9
-142.5	10
-141.5	9
-140.5	4
-139.5	10.5
-138.5	12
-137.5	9
-136.5	12
-135.5	11
-134.5	5
-133.5	5
-132.5	6
-131.5	1
-130.5	3
-129.5	6
-128.5	11
-127.5	7
-126.5	7
-125.5	11
-124.5	10
-123.5	16
-122.5	6
-121.5	13
-120.5	6
-119.5	11
-118.5	12
-117.5	9
-116.5	7
-115.5	13
-114.5	3
-113.5	12
-112.5	3.5
-111.5	13
-110.5	11
-109.5	12
-108.5	13
-107.5	15
-106.5	13
-105.5	8
-104.5	6
-103.5	10
-102.5	13
-101.5	17
-100.5	13
 -99.5	4
 -98.5	11.5
 -97.5	13
 -96.5	10
 -95.5	13
 -94.5	14
 -93.5	10
 -92.5	13.5
 -91.5	5
 -90.5	8
 -89.5	3
 -88.5	10
 -87.5	8
 -86.5	8
 -85.5	11
 -84.5	6
 -83.5	12
 -82.5	5.5
 -81.5	7
 -80.5	8
 -79.5	18
 -78.5	11
 -77.5	17
 -76.5	13
 -75.5	12
 -74.5	11
 -73.5	7
 -72.5	7
 -71.5	10
 -70.5	9
 -69.5	13.5
 -68.5	7
 -67.5	10
 -66.5	11
 -65.5	11
 -64.5	6
 -63.5	7
 -62.5	12
 -61.5	7
 -60.5	8
 -59.5	14
 -58.5	9
 -57.5	9
 -56.5	5
 -55.5	7
 -54.5	10
 -53.5	9
 -52.5	7
 -51.5	5
 -50.5	12
 -49.5	10
 -48.5	8
 -47.5	6
 -46.5	10.5
 -45.5	9.5
 -44.5	9
 -43.5	7
 -42.5	10
 -41.5	12
 -40.5	12
 -39.5	13
 -38.5	9
 -37.5	8
 -36.5	4
 -35.5	8
 -34.5	8
 -33.5	12
 -32.5	10.5
 -31.5	11
 -30.5	9.5
 -29.5	12
 -28.5	14
 -27.5	7
 -26.5	12
 -25.5	11
 -24.5	8
 -23.5	14
 -22.5	7
 -21.5	9.25
 -20.5	6
 -19.5	11
 -18.5	11
 -17.5	12
 -16.5	10
 -15.5	13
 -14.5	6
 -13.5	10
 -12.5	10
 -11.5	13
 -10.5	8
  -9.5	15
  -8.5	11
  -7.5	5
  -6.5	13.5
  -5.5	10
  -4.5	13
  -3.5	12
  -2.5	15
  -1.5	16
  -0.5	13
   0.5	7
   1.5	13
   2.5	8
   3.5	8
   4.5	6
   5.5	13
   6.5	9
   7.5	13
   8.5	11
   9.5	15
  10.5	12
  11.5	10
  12.5	10
  13.5	8
  14.5	15.25
  15.5	10.5
  16.5	9
  17.5	14
  18.5	15
  19.5	12
  20.5	4
  21.5	13
  22.5	8
  23.5	13
  24.5	10
  25.5	12
  26.5	4
  27.5	13
  28.5	11
  29.5	6
  30.5	15
  31.5	10
  32.5	9
  33.5	12
  34.5	9
  35.5	5
  36.5	11
  37.5	13
  38.5	11
  39.5	7
  40.5	13
  41.5	10
  42.5	9
  43.5	9
  44.5	12
  45.5	9
  46.5	10
  47.5	4
  48.5	11
  49.5	12
  50.5	12
  51.5	6
  52.5	7
  53.5	12
  54.5	13
  55.5	4
  56.5	6
  57.5	13
  58.5	9.5
  59.5	3
  60.5	10
  61.5	9
  62.5	9
  63.5	6.5
  64.5	9
  65.5	8
  66.5	16
  67.5	7
  68.5	7
  69.5	12
  70.5	9
  71.5	8
  72.5	8
  73.5	5
  74.5	5
  75.5	10
  76.5	13
  77.5	7
  78.5	8
  79.5	10
  80.5	10
  81.5	4
  82.5	5
  83.5	9
  84.5	7
  85.5	13
  86.5	12
  87.5	10
  88.5	9
  89.5	7
  90.5	11
  91.5	12
  92.5	6
  93.5	12
  94.5	12
  95.5	11
  96.5	7.5
  97.5	10
  98.5	6
  99.5	8
 100.5	8.25
 101.5	7
 102.5	10
 103.5	9
 104.5	8
 105.5	8
 106.5	9
 107.5	7
 108.5	6
 109.5	11
 110.5	10
 111.5	5
 112.5	11
 113.5	13
 114.5	9
 115.5	12
 116.5	11
 117.5	6
 118.5	7.5
 119.5	6
 120.5	7
 121.5	12
 122.5	7
 123.5	12
 124.5	7
 125.5	15
 126.5	12
 127.5	14
 128.5	5
 129.5	9
 130.5	1
 131.5	11
 132.5	4.5
 133.5	8
 134.5	7
 135.5	9
 136.5	8
 137.5	10
 138.5	9
 139.5	11
 140.5	7.25
 141.5	10
 142.5	4
 143.5	10
 144.5	8
 145.5	10
 146.5	5
 147.5	11
 148.5	7
 149.5	11
 150.5	11.5
 151.5	9
 152.5	8.5
 153.5	8
 154.5	9
 155.5	6
 156.5	6
 157.5	9
 158.5	7
 159.5	15
 160.5	10
 161.5	9
 162.5	10
 163.5	9.5
 164.5	14
 165.5	15
 166.5	8
 167.5	12
 168.5	4
 169.5	8
 170.5	7
 171.5	4
 172.5	11
 173.5	4.5
 174.5	10
 175.5	6
 176.5	8
 177.5	5
 178.5	7
 179.5	7
 180.5	8
 181.5	12
 182.5	12
 183.5	7
 184.5	10
 185.5	7
 186.5	6
 187.5	6
 188.5	4
 189.5	6
 190.5	5
 191.5	6
 192.5	7
 193.5	4
 194.5	7.5
 195.5	11
 196.5	9
 197.5	6
 198.5	5
 199.5	6
 200.5	7.5
 201.5	9
 202.5	7
 203.5	9
 204.5	5.5
 205.5	12
 206.5	10
 207.5	12
 208.5	11
 209.5	9
 210.5	6
 211.5	9
 212.5	16
 213.5	6
 214.5	4
 215.5	6
 216.5	6
 217.5	5
 218.5	13
 219.5	8
 220.5	8
 221.5	3
 222.5	8
 223.5	10
 224.5	8
 225.5	11
 226.5	7
DB 2 MOTIF	ITF2_HUMAN.H11MO.0.C
-230.0	12
-229.0	20
-228.0	16
-227.0	11
-226.0	9
-225.0	15.5
-224.0	15.5667
-223.0	14
-222.0	10.2
-221.0	15.5
-220.0	11
-219.0	13.0909
-218.0	10
-217.0	16.25
-216.0	7.66667
-215.0	14
-214.0	19.5
-213.0	12
-212.0	13
-211.0	11
-210.0	8
-209.0	16
-208.0	11.0588
-207.0	10.8333
-206.0	17.5667
-205.0	20
-204.0	19
-203.0	17.75
-202.0	18
-201.0	14
-200.0	8
-199.0	14.4583
-198.0	11
-197.0	6
-196.0	17.3333
-195.0	10
-194.0	18.5
-193.0	17.5
-192.0	18.5
-191.0	18.5
-190.0	11
-189.0	10
-188.0	15.1667
-187.0	15.5
-186.0	13
-185.0	11.5
-184.0	13
-183.0	22
-182.0	15
-181.0	19
-180.0	8.05882
-179.0	16
-178.0	12.5
-177.0	14
-176.0	16.5
-175.0	22
-174.0	16.3333
-173.0	15
-172.0	13.3333
-171.0	17
-170.0	17
-169.0	13.1667
-168.0	19
-167.0	14.3333
-166.0	20
-165.0	14
-164.0	15.3929
-163.0	14.0909
-162.0	19
-161.0	18.5
-160.0	14
-159.0	16
-158.0	14
-157.0	13
-156.0	13
-155.0	11
-154.0	14.0588
-153.0	10.5
-152.0	11
-151.0	12
-150.0	18.5
-149.0	9
-148.0	13
-147.0	22.3333
-146.0	17.0667
-145.0	10
-144.0	8.33333
-143.0	11.3333
-142.0	11
-141.0	13
-140.0	15
-139.0	12.5
-138.0	20
-137.0	16.5
-136.0	18.5
-135.0	17
-134.0	19
-133.0	9
-132.0	14.3095
-131.0	18.0909
-130.0	18
-129.0	18
-128.0	9
-127.0	17.125
-126.0	13.5588
-125.0	10.5833
-124.0	11.75
-123.0	20.5
-122.0	17.8333
-121.0	10
-120.0	14.1667
-119.0	14
-118.0	14
-117.0	15
-116.0	11.0769
-115.0	18.8333
-114.0	19
-113.0	18.0769
-112.0	16.5
-111.0	16.5
-110.0	13.0769
-109.0	18
-108.0	13
-107.0	16.9103
-106.0	10
-105.0	13
-104.0	12.0769
-103.0	14
-102.0	13
-101.0	19.6678
-100.0	15.2017
 -99.0	13.1667
 -98.0	15.5769
 -97.0	9
 -96.0	10
 -95.0	16.5769
 -94.0	15
 -93.0	14.5
 -92.0	11.5769
 -91.0	17.125
 -90.0	16
 -89.0	19.0769
 -88.0	17.5
 -87.0	19
 -86.0	17.8269
 -85.0	11.5
 -84.0	17
 -83.0	10.0769
 -82.0	15.1667
 -81.0	15
 -80.0	16.9103
 -79.0	17.4242
 -78.0	23.5
 -77.0	19.3333
 -76.0	14.0667
 -75.0	19.25
 -74.0	16.0588
 -73.0	13.2
 -72.0	16
 -71.0	25
 -70.0	16.5
 -69.0	25
 -68.0	24.6429
 -67.0	22
 -66.0	23
 -65.0	16.6429
 -64.0	18.25
 -63.0	14.6667
 -62.0	15
 -61.0	18.5
 -60.0	21
 -59.0	13
 -58.0	21
 -57.0	17
 -56.0	17.5667
 -55.0	14.125
 -54.0	18.3333
 -53.0	15.2
 -52.0	17
 -51.0	15
 -50.0	16
 -49.0	19.25
 -48.0	20
 -47.0	14.4762
 -46.0	22.0588
 -45.0	11.3333
 -44.0	17.5
 -43.0	17
 -42.0	21.5
 -41.0	18.5
 -40.0	12.3333
 -39.0	19
 -38.0	16.6667
 -37.0	21.0909
 -36.0	14.1429
 -35.0	26
 -34.0	19.5
 -33.0	16.5
 -32.0	19.5
 -31.0	21
 -30.0	15.5
 -29.0	12.3333
 -28.0	14.5
 -27.0	16.5
 -26.0	25.5
 -25.0	15
 -24.0	10
 -23.0	19.6
 -22.0	18.6667
 -21.0	13.5
 -20.0	18
 -19.0	14
 -18.0	20.0588
 -17.0	15.3333
 -16.0	23
 -15.0	17
 -14.0	15.5
 -13.0	26
 -12.0	20
 -11.0	14.5
 -10.0	11.1429
  -9.0	22
  -8.0	16
  -7.0	15.5
  -6.0	13.9
  -5.0	10
  -4.0	22.1429
  -3.0	19.35
  -2.0	20
  -1.0	14.5909
   0.0	14
   1.0	14
   2.0	22.3333
   3.0	16
   4.0	18.0667
   5.0	22
   6.0	21
   7.0	17
   8.0	12.6429
   9.0	21.0909
  10.0	14.5588
  11.0	22.5
  12.0	18
  13.0	20
  14.0	15.3333
  15.0	17.5
  16.0	16
  17.0	22.225
  18.0	15
  19.0	20
  20.0	19
  21.0	19
  22.0	19.7
  23.0	23.8333
  24.0	20.5667
  25.0	11.1429
  26.0	13.5
  27.0	14.3333
  28.0	19
  29.0	14
  30.0	10.5
  31.0	21.1667
  32.0	17.5
  33.0	18
  34.0	16
  35.0	25
  36.0	13
  37.0	14.1
  38.0	20.0588
  39.0	19
  40.0	13
  41.0	20.0909
  42.0	14.1667
  43.0	14
  44.0	11
  45.0	18.6667
  46.0	12.8333
  47.0	14.1
  48.0	11
  49.0	15
  50.0	15.5
  51.0	15
  52.0	14
  53.0	23.2917
  54.0	12.5
  55.0	18.3333
  56.0	13.25
  57.0	7.16667
  58.0	11
  59.0	8.09091
  60.0	15
  61.0	19
  62.0	17.1667
  63.0	15
  64.0	20.3333
  65.0	16
  66.0	16.0588
  67.0	18.1
  68.0	10.0667
  69.0	12
  70.0	14
  71.0	14
  72.0	14
  73.0	10.5
  74.0	11
  75.0	14
  76.0	14
  77.0	8.5
  78.0	16.0667
  79.0	11.5
  80.0	17
  81.0	17.3333
  82.0	13.5
  83.0	11.4167
  84.0	18.5
  85.0	11.3333
  86.0	21.5
  87.0	14.1769
  88.0	12.3333
  89.0	13.625
  90.0	15.5769
  91.0	17.5
  92.0	19.0588
  93.0	14.0769
  94.0	19.5
  95.0	9.5
  96.0	18.0769
  97.0	13.1
  98.0	18.1429
  99.0	20.0769
 100.0	10.1667
 101.0	15.3333
 102.0	16.5769
 103.0	20.3333
 104.0	16.5
 105.0	16.0769
 106.0	13.3333
 107.0	9
 108.0	11.5769
 109.0	15
 110.0	23.8333
 111.0	16.0769
 112.0	15.1667
 113.0	13
 114.0	14.5769
 115.0	16.5
 116.0	13.1667
 117.0	20.4103
 118.0	12.3922
 119.0	19.5909
 120.0	8.07692
 121.0	22
 122.0	18.3333
 123.0	18.0769
 124.0	13
 125.0	14.125
 126.0	14
 127.0	19
 128.0	12.0667
 129.0	9
 130.0	17
 131.0	20.3333
 132.0	14.5
 133.0	14.5
 134.0	9
 135.0	10
 136.0	14
 137.0	16.6
 138.0	12.5
 139.0	13
 140.0	12.8333
 141.0	13.5
 142.0	13
 143.0	12
 144.0	13.5
 145.0	14
 146.0	13.0588
 147.0	14
 148.0	10.5
 149.0	16
 150.0	16
 151.0	18
 152.0	12.1429
 153.0	19
 154.0	7
 155.0	9.06667
 156.0	8
 157.0	17.6
 158.0	8
 159.0	17.5
 160.0	21
 161.0	17
 162.0	9.5
 163.0	17
 164.0	19.5
 165.0	7
 166.0	9
 167.0	14
 168.0	14
 169.0	11
 170.0	11.4762
 171.0	13
 172.0	16.0588
 173.0	15
 174.0	14.1667
 175.0	12.5667
 176.0	19
 177.0	17
 178.0	9
 179.0	4
 180.0	16
 181.0	14.3333
 182.0	17.25
 183.0	19.5
 184.0	13.5
 185.0	19.5
 186.0	7.2
 187.0	11
 188.0	11
 189.0	13.1667
 190.0	20
 191.0	11.5
 192.0	14
 193.0	12.5
 194.0	10
 195.0	14.0667
 196.0	11
 197.0	12
 198.0	15
 199.0	7.66667
 200.0	12.3088
 201.0	17
 202.0	11
 203.0	16
 204.0	14
 205.0	16.0667
 206.0	10
 207.0	15.3333
 208.0	18
 209.0	9.25
 210.0	14.5
 211.0	13.5
 212.0	10
 213.0	20.6667
 214.0	12
 215.0	9.5
 216.0	12
 217.0	13.5
 218.0	13.1667
 219.0	13.5
 220.0	18
 221.0	14.5
 222.0	17.6667
 223.0	15.1667
 224.0	13
 225.0	12.5
 226.0	19
 227.0	12.25
 228.0	12.0588
 229.0	15
 230.0	16
DB 2 MOTIF	KLF8_HUMAN.H11MO.0.C
-230.5	21.5
-229.5	14
-228.5	13.5
-227.5	12
-226.5	11
-225.5	14
-224.5	7
-223.5	12.5
-222.5	14
-221.5	11
-220.5	9
-219.5	8
-218.5	11
-217.5	13.0909
-216.5	6.5
-215.5	16
-214.5	8.5
-213.5	5.5
-212.5	8
-211.5	12.5
-210.5	8
-209.5	8
-208.5	7.5
-207.5	7
-206.5	12.5
-205.5	12.8333
-204.5	12.5
-203.5	14
-202.5	9
-201.5	10.5
-200.5	10
-199.5	7.2
-198.5	15
-197.5	10
-196.5	9.33333
-195.5	12.75
-194.5	14.5909
-193.5	14
-192.5	16
-191.5	2
-190.5	12.5
-189.5	8.5
-188.5	9
-187.5	14.5909
-186.5	8.33333
-185.5	7
-184.5	13.3333
-183.5	14
-182.5	10
-181.5	14.5
-180.5	14.7
-179.5	13.5
-178.5	9.5
-177.5	7
-176.5	9
-175.5	10
-174.5	10.5
-173.5	13
-172.5	16
-171.5	12.5
-170.5	12
-169.5	9.5
-168.5	10.3333
-167.5	12.5
-166.5	10
-165.5	12
-164.5	12.5
-163.5	13.3333
-162.5	12
-161.5	9
-160.5	9.2
-159.5	9.2
-158.5	12
-157.5	10.25
-156.5	18
-155.5	6.83333
-154.5	8
-153.5	8.5
-152.5	13.5
-151.5	10
-150.5	11
-149.5	9.75
-148.5	17.3333
-147.5	10.5
-146.5	15
-145.5	11.3333
-144.5	3
-143.5	11
-142.5	4.5
-141.5	7
-140.5	14
-139.5	13.5
-138.5	15.7
-137.5	12
-136.5	17.5
-135.5	12.7
-134.5	13.3333
-133.5	7.5
-132.5	11.5
-131.5	12.5
-130.5	11
-129.5	16.5
-128.5	13
-127.5	9.5
-126.5	11.25
-125.5	13.0909
-124.5	11
-123.5	9.33333
-122.5	10
-121.5	14.5
-120.5	9.5
-119.5	14.5
-118.5	9.33333
-117.5	15.5
-116.5	11
-115.5	17
-114.5	10
-113.5	12.5
-112.5	9
-111.5	11.5
-110.5	8.5
-109.5	9.5
-108.5	16.25
-107.5	10.5
-106.5	10.5
-105.5	13.25
-104.5	11
-103.5	5
-102.5	9.5
-101.5	6
-100.5	12.5
 -99.5	15.5
 -98.5	15.5
 -97.5	10
 -96.5	9
 -95.5	17.5
 -94.5	8
 -93.5	10
 -92.5	7
 -91.5	9.33333
 -90.5	8.5
 -89.5	12
 -88.5	19.2
 -87.5	10
 -86.5	11.5
 -85.5	9.25
 -84.5	7
 -83.5	9
 -82.5	13.5
 -81.5	7
 -80.5	9
 -79.5	14.5
 -78.5	16
 -77.5	10
 -76.5	8.33333
 -75.5	12
 -74.5	8
 -73.5	8
 -72.5	15.5909
 -71.5	11.7
 -70.5	6.5
 -69.5	6.7
 -68.5	19
 -67.5	11.5
 -66.5	8.5
 -65.5	13.5
 -64.5	13
 -63.5	13.5
 -62.5	13
 -61.5	11
 -60.5	16
 -59.5	13.0909
 -58.5	17.1667
 -57.5	11.5
 -56.5	21
 -55.5	11.5833
 -54.5	8.5
 -53.5	22
 -52.5	13.75
 -51.5	15
 -50.5	19
 -49.5	11.5
 -48.5	10
 -47.5	19
 -46.5	17
 -45.5	14.0909
 -44.5	8.5
 -43.5	15.0333
 -42.5	15
 -41.5	7
 -40.5	16.5909
 -39.5	17.7
 -38.5	10.5
 -37.5	9.66667
 -36.5	12
 -35.5	13
 -34.5	11
 -33.5	14
 -32.5	10
 -31.5	19
 -30.5	16.5
 -29.5	13.5
 -28.5	12.5
 -27.5	10.5909
 -26.5	6
 -25.5	13.5
 -24.5	11.5
 -23.5	15.75
 -22.5	10.5
 -21.5	14
 -20.5	15
 -19.5	13.7
 -18.5	12
 -17.5	7.5
 -16.5	10.4167
 -15.5	12.5
 -14.5	12.5909
 -13.5	10
 -12.5	17
 -11.5	8.83333
 -10.5	18
  -9.5	12.5333
  -8.5	12.5
  -7.5	8
  -6.5	11
  -5.5	11.5
  -4.5	12.5
  -3.5	13
  -2.5	10
  -1.5	14
  -0.5	14
   0.5	11.5333
   1.5	8
   2.5	15
   3.5	11.8333
   4.5	12.4167
   5.5	12.5
   6.5	7.5
   7.5	17.5
   8.5	15.4242
   9.5	20.2
  10.5	8
  11.5	7
  12.5	11.5
  13.5	16
  14.5	16.5
  15.5	10
  16.5	7.5
  17.5	18.5
  18.5	17
  19.5	15
  20.5	7
  21.5	7
  22.5	11.5
  23.5	11
  24.5	11.5909
  25.5	11.5
  26.5	12
  27.5	14.5
  28.5	13
  29.5	12.5
  30.5	14
  31.5	17
  32.5	14.8333
  33.5	15.5
  34.5	17.5
  35.5	10
  36.5	10
  37.5	12
  38.5	7.2
  39.5	8.5
  40.5	24
  41.5	14
  42.5	12.0909
  43.5	11
  44.5	9.5
  45.5	12.5
  46.5	26.6667
  47.5	10.5
  48.5	17.2
  49.5	6.5
  50.5	9.5
  51.5	15
  52.5	15.5
  53.5	7.25
  54.5	6.5
  55.5	10.7
  56.5	10.0909
  57.5	9.5
  58.5	10
  59.5	14.3333
  60.5	13.5
  61.5	12.5
  62.5	13
  63.5	11.0909
  64.5	18.5
  65.5	16
  66.5	5.75
  67.5	11.5
  68.5	11.5
  69.5	19.5
  70.5	14
  71.5	13
  72.5	15
  73.5	8
  74.5	15.3333
  75.5	11
  76.5	12.3333
  77.5	7
  78.5	8.25
  79.5	11.0909
  80.5	13.5
  81.5	9.25
  82.5	3.2
  83.5	10.5
  84.5	7
  85.5	8
  86.5	17.5
  87.5	10.5
  88.5	13.0909
  89.5	15.5
  90.5	12
  91.5	10
  92.5	15.5
  93.5	10
  94.5	12
  95.5	6
  96.5	11.5
  97.5	16
  98.5	12.3333
  99.5	16
 100.5	12.75
 101.5	20
 102.5	10.8333
 103.5	8
 104.5	10.5
 105.5	10.5
 106.5	10.5909
 107.5	12
 108.5	10
 109.5	10.6667
 110.5	9.5
 111.5	8
 112.5	12
 113.5	9.5
 114.5	6
 115.5	9.5
 116.5	12.5
 117.5	10.5
 118.5	9.5
 119.5	12
 120.5	11.0833
 121.5	14.5
 122.5	9.25
 123.5	9.5
 124.5	12.8333
 125.5	13
 126.5	15.5
 127.5	12.5
 128.5	13.5
 129.5	10.3333
 130.5	11
 131.5	15
 132.5	5.5
 133.5	11
 134.5	10
 135.5	10
 136.5	10.25
 137.5	17.5
 138.5	9
 139.5	18
 140.5	5.33333
 141.5	9
 142.5	10
 143.5	21
 144.5	9
 145.5	10
 146.5	16
 147.5	12
 148.5	9
 149.5	10.7
 150.5	9.25
 151.5	11
 152.5	13
 153.5	13.5
 154.5	15
 155.5	13
 156.5	11.5
 157.5	10.5
 158.5	15.5
 159.5	11.5
 160.5	12
 161.5	10.5
 162.5	11
 163.5	21.5
 164.5	13.5
 165.5	12
 166.5	8
 167.5	12.5
 168.5	11.5
 169.5	14.5
 170.5	9
 171.5	12.75
 172.5	8.5
 173.5	13
 174.5	9
 175.5	15.5
 176.5	13
 177.5	13.8333
 178.5	15.25
 179.5	13
 180.5	8.5
 181.5	10
 182.5	11
 183.5	6.09091
 184.5	14.5
 185.5	13.3333
 186.5	7.5
 187.5	16
 188.5	15
 189.5	9
 190.5	14
 191.5	7
 192.5	6
 193.5	13.5
 194.5	12
 195.5	9.5
 196.5	12.5
 197.5	8
 198.5	9.5
 199.5	9
 200.5	17
 201.5	14.5
 202.5	11.5
 203.5	14
 204.5	6.5
 205.5	17.5
 206.5	17.3409
 207.5	7
 208.5	8
 209.5	12
 210.5	10.5
 211.5	10.5
 212.5	12.5
 213.5	12.5
 214.5	8.09091
 215.5	9
 216.5	6
 217.5	13.5
 218.5	12.5
 219.5	12.5
 220.5	11
 221.5	8
 222.5	13
 223.5	9.25
 224.5	9
 225.5	13.5
 226.5	14.25
 227.5	13
 228.5	7.59091
 229.5	15
 230.5	16.5
DB 2 MOTIF	MAX_HUMAN.H11MO.0.A
-230.0	11
-229.0	10
-228.0	10.5
-227.0	16.3333
-226.0	10
-225.0	11
-224.0	18
-223.0	17.3333
-222.0	13.5
-221.0	10.3333
-220.0	19.6111
-219.0	10.5
-218.0	9
-217.0	12.1429
-216.0	10
-215.0	17.1667
-214.0	17
-213.0	7
-212.0	18
-211.0	14
-210.0	12
-209.0	14
-208.0	9
-207.0	10.6588
-206.0	18
-205.0	15.8333
-204.0	16
-203.0	10
-202.0	10
-201.0	17
-200.0	15.7
-199.0	10
-198.0	13.2
-197.0	16.5
-196.0	9
-195.0	11
-194.0	15
-193.0	11
-192.0	9
-191.0	12
-190.0	7.5
-189.0	18
-188.0	14
-187.0	12.1667
-186.0	12.1429
-185.0	16.3333
-184.0	12
-183.0	12
-182.0	16.5
-181.0	14
-180.0	11
-179.0	7.25882
-178.0	17
-177.0	19
-176.0	15.5
-175.0	11
-174.0	18
-173.0	12
-172.0	22
-171.0	6.5
-170.0	7
-169.0	19
-168.0	13
-167.0	13.6429
-166.0	16
-165.0	13
-164.0	13.1111
-163.0	13.1
-162.0	11.5
-161.0	14.3333
-160.0	17.5
-159.0	11
-158.0	16.7
-157.0	16.5
-156.0	14
-155.0	11
-154.0	11
-153.0	8.05882
-152.0	11
-151.0	14
-150.0	10.5
-149.0	16
-148.0	14.5
-147.0	15.8333
-146.0	13.5
-145.0	8
-144.0	12.5
-143.0	17
-142.0	12
-141.0	9.5
-140.0	18.5
-139.0	15
-138.0	14.5
-137.0	9.2
-136.0	19.6429
-135.0	5.5
-134.0	9
-133.0	12
-132.0	13.1111
-131.0	15
-130.0	14
-129.0	9
-128.0	12
-127.0	15
-126.0	16.3333
-125.0	7.05882
-124.0	12.5
-123.0	12
-122.0	12
-121.0	11
-120.0	12.5
-119.0	9.1
-118.0	13
-117.0	10
-116.0	11
-115.0	7
-114.0	12
-113.0	13
-112.0	14
-111.0	14
-110.0	17.5
-109.0	16
-108.0	12.5
-107.0	10
-106.0	10
-105.0	15.1429
-104.0	12
-103.0	12
-102.0	16.9444
-101.0	18
-100.0	21.5
 -99.0	8.55882
 -98.0	8.66667
 -97.0	13
 -96.0	14
 -95.0	8
 -94.0	15.2
 -93.0	10
 -92.0	16
 -91.0	15.3333
 -90.0	11
 -89.0	9.5
 -88.0	17
 -87.0	11
 -86.0	9
 -85.0	7
 -84.0	7
 -83.0	13
 -82.0	16.5
 -81.0	9.5
 -80.0	16
 -79.0	18
 -78.0	13.8333
 -77.0	9.5
 -76.0	15
 -75.0	14.1
 -74.0	14.2
 -73.0	17.0588
 -72.0	15
 -71.0	6
 -70.0	20
 -69.0	14
 -68.0	11
 -67.0	18.5
 -66.0	17
 -65.0	12.3333
 -64.0	16.0833
 -63.0	16.8333
 -62.0	11.5
 -61.0	12
 -60.0	10
 -59.0	18.5
 -58.0	18
 -57.0	14.5
 -56.0	22
 -55.0	13.1429
 -54.0	11
 -53.0	13.5
 -52.0	13
 -51.0	13
 -50.0	17
 -49.0	10
 -48.0	14
 -47.0	14.5
 -46.0	19.0833
 -45.0	13.3922
 -44.0	14
 -43.0	18
 -42.0	17
 -41.0	24.5
 -40.0	13
 -39.0	10
 -38.0	20.5
 -37.0	6
 -36.0	14.5
 -35.0	15
 -34.0	14.5
 -33.0	18.5
 -32.0	16
 -31.0	16.6
 -30.0	10.5
 -29.0	10
 -28.0	16.2
 -27.0	14.5
 -26.0	12.1429
 -25.0	19.5
 -24.0	15
 -23.0	15.5
 -22.0	18.8333
 -21.0	22.1667
 -20.0	21.3333
 -19.0	14
 -18.0	16.5
 -17.0	16.0588
 -16.0	14.3333
 -15.0	20
 -14.0	20.3333
 -13.0	19
 -12.0	17
 -11.0	17
 -10.0	16
  -9.0	13.5833
  -8.0	18
  -7.0	11.3333
  -6.0	18
  -5.0	13.5
  -4.0	12.5
  -3.0	15
  -2.0	15.6111
  -1.0	11
   0.0	13.2
   1.0	17
   2.0	25
   3.0	17.1667
   4.0	11
   5.0	17.5
   6.0	24
   7.0	17.5
   8.0	18.5
   9.0	8.58333
  10.0	18
  11.0	15.5588
  12.0	18
  13.0	17.4333
  14.0	17
  15.0	19
  16.0	22
  17.0	16
  18.0	16
  19.0	16.5
  20.0	20
  21.0	18
  22.0	16.5
  23.0	14.5
  24.0	18.5
  25.0	17
  26.0	15
  27.0	14
  28.0	15.8333
  29.0	17.25
  30.0	9.33333
  31.0	13
  32.0	16.6667
  33.0	11
  34.0	16
  35.0	13.5
  36.0	17
  37.0	8.5
  38.0	26
  39.0	13.3922
  40.0	19
  41.0	8
  42.0	20
  43.0	13
  44.0	17
  45.0	24
  46.0	15.5
  47.0	19.5
  48.0	15.5
  49.0	12
  50.0	17.5
  51.0	11
  52.0	16
  53.0	13
  54.0	16.5
  55.0	16.5
  56.0	10.5
  57.0	12.1
  58.0	16.6111
  59.0	9.5
  60.0	16
  61.0	20
  62.0	9.33333
  63.0	15.0833
  64.0	21
  65.0	11.3333
  66.0	15
  67.0	18.0588
  68.0	11
  69.0	14.5
  70.0	19
  71.0	11
  72.0	15.5
  73.0	14
  74.0	13.5
  75.0	15
  76.0	11.5
  77.0	14
  78.0	9.5
  79.0	16
  80.0	15
  81.0	11.9167
  82.0	22
  83.0	17.5
  84.0	15
  85.0	11.5
  86.0	12.7
  87.0	14.3333
  88.0	14.5
  89.0	15
  90.0	13
  91.0	14
  92.0	12
  93.0	9.05882
  94.0	8
  95.0	15
  96.0	11
  97.0	17.5
  98.0	13
  99.0	12.0833
 100.0	9.33333
 101.0	9.76667
 102.0	11.5
 103.0	15.3333
 104.0	14
 105.0	10
 106.0	12
 107.0	8.5
 108.0	7
 109.0	16.5
 110.0	16
 111.0	15.5
 112.0	10
 113.0	9.75
 114.0	14
 115.0	10.8333
 116.0	18
 117.0	14.1667
 118.0	11.1111
 119.0	15.0588
 120.0	12
 121.0	10
 122.0	16.5
 123.0	12
 124.0	18
 125.0	11
 126.0	14.3333
 127.0	15
 128.0	19
 129.0	14.8333
 130.0	14.6111
 131.0	6
 132.0	12.5
 133.0	12
 134.0	18
 135.0	10.0833
 136.0	12.3333
 137.0	16
 138.0	9.5
 139.0	14.3333
 140.0	10.5
 141.0	11.3333
 142.0	13.5
 143.0	9
 144.0	16
 145.0	9.43333
 146.0	10
 147.0	20.5588
 148.0	16
 149.0	17
 150.0	11
 151.0	9.33333
 152.0	13
 153.0	9.08333
 154.0	8.11111
 155.0	12.8333
 156.0	16.3333
 157.0	11
 158.0	19
 159.0	14
 160.0	11.5
 161.0	18
 162.0	14.5
 163.0	14
 164.0	12.5
 165.0	15
 166.0	8
 167.0	12
 168.0	10
 169.0	9
 170.0	12
 171.0	15.0833
 172.0	10
 173.0	12.0588
 174.0	16.5
 175.0	9
 176.0	9.5
 177.0	11.5
 178.0	9
 179.0	13
 180.0	13
 181.0	12
 182.0	14
 183.0	15.3333
 184.0	11.5
 185.0	12
 186.0	11.3333
 187.0	11
 188.0	9
 189.0	6.18333
 190.0	13.3333
 191.0	11
 192.0	13.5
 193.0	9
 194.0	12.5
 195.0	12.5
 196.0	12
 197.0	11.25
 198.0	10
 199.0	6
 200.0	17.5
 201.0	12.0588
 202.0	6
 203.0	11.8333
 204.0	12
 205.0	16
 206.0	11.3333
 207.0	6
 208.0	15.5
 209.0	13
 210.0	7
 211.0	8
 212.0	14
 213.0	12.5
 214.0	10.5
 215.0	8
 216.0	12
 217.0	6
 218.0	5
 219.0	10
 220.0	14
 221.0	19
 222.0	15
 223.0	8.16667
 224.0	16
 225.0	11.4167
 226.0	12
 227.0	15.25
 228.0	7
 229.0	13.0588
 230.0	12
DB 2 MOTIF	MBD2_HUMAN.H11MO.0.B
-229.5	4
-228.5	8
-227.5	7
-226.5	4
-225.5	8
-224.5	11
-223.5	9
-222.5	12
-221.5	6
-220.5	7
-219.5	11
-218.5	7
-217.5	4
-216.5	11
-215.5	12.5
-214.5	10
-213.5	14
-212.5	13
-211.5	16
-210.5	11.5
-209.5	9
-208.5	11
-207.5	11.5
-206.5	12
-205.5	8
-204.5	9
-203.5	7
-202.5	6.5
-201.5	6.5
-200.5	9
-199.5	12
-198.5	13
-197.5	8
-196.5	8
-195.5	8
-194.5	10
-193.5	11
-192.5	13
-191.5	6
-190.5	6
-189.5	10.5
-188.5	16
-187.5	7
-186.5	10
-185.5	6
-184.5	7
-183.5	8
-182.5	14
-181.5	11
-180.5	3
-179.5	5
-178.5	8
-177.5	17
-176.5	5
-175.5	6
-174.5	6.5
-173.5	6.5
-172.5	5
-171.5	7
-170.5	14
-169.5	8.5
-168.5	12.5
-167.5	8
-166.5	8.5
-165.5	13
-164.5	10.5
-163.5	9
-162.5	8
-161.5	4
-160.5	10
-159.5	8
-158.5	15
-157.5	12
-156.5	6.5
-155.5	8.5
-154.5	6
-153.5	9.5
-152.5	9.5
-151.5	6.5
-150.5	12.5
-149.5	12
-148.5	12
-147.5	10.5
-146.5	5
-145.5	5
-144.5	5
-143.5	10
-142.5	14.5
-141.5	11.5
-140.5	10
-139.5	9
-138.5	9
-137.5	7.5
-136.5	12
-135.5	11.5
-134.5	6.5
-133.5	11
-132.5	3
-131.5	7
-130.5	11
-129.5	9
-128.5	11
-127.5	15.5
-126.5	15
-125.5	8
-124.5	13
-123.5	14
-122.5	13
-121.5	9
-120.5	8
-119.5	10
-118.5	17
-117.5	15
-116.5	10
-115.5	13
-114.5	11
-113.5	11.5
-112.5	9
-111.5	9
-110.5	5
-109.5	7.5
-108.5	13.5
-107.5	10
-106.5	12.5
-105.5	14
-104.5	10
-103.5	12.5
-102.5	10.5
-101.5	9
-100.5	12
 -99.5	8.5
 -98.5	10
 -97.5	12
 -96.5	12
 -95.5	10
 -94.5	10
 -93.5	18.5
 -92.5	14.5
 -91.5	12
 -90.5	15
 -89.5	8.5
 -88.5	9
 -87.5	9
 -86.5	8
 -85.5	6.5
 -84.5	11
 -83.5	10
 -82.5	10
 -81.5	4
 -80.5	13
 -79.5	10
 -78.5	8
 -77.5	14
 -76.5	18.5
 -75.5	12.5
 -74.5	9
 -73.5	7
 -72.5	5.5
 -71.5	15.5
 -70.5	6
 -69.5	17.5
 -68.5	11.5
 -67.5	6.5
 -66.5	9
 -65.5	11
 -64.5	9
 -63.5	14.5
 -62.5	14
 -61.5	9.5
 -60.5	16.5
 -59.5	10
 -58.5	10
 -57.5	11.5
 -56.5	9.5
 -55.5	10
 -54.5	9
 -53.5	9.5
 -52.5	13
 -51.5	5.5
 -50.5	8.5
 -49.5	16.5
 -48.5	9.5
 -47.5	15.5
 -46.5	12
 -45.5	11
 -44.5	7
 -43.5	10
 -42.5	13
 -41.5	12.75
 -40.5	11
 -39.5	8
 -38.5	12
 -37.5	15
 -36.5	6
 -35.5	8.83333
 -34.5	8.5
 -33.5	10
 -32.5	12
 -31.5	15
 -30.5	11
 -29.5	9.5
 -28.5	6
 -27.5	9
 -26.5	4
 -25.5	7
 -24.5	12
 -23.5	8
 -22.5	10
 -21.5	10.5
 -20.5	10.5
 -19.5	13
 -18.5	12
 -17.5	12
 -16.5	6
 -15.5	14
 -14.5	13.5
 -13.5	10.5
 -12.5	7
 -11.5	13
 -10.5	11.8333
  -9.5	8.5
  -8.5	11
  -7.5	8.5
  -6.5	10
  -5.5	7
  -4.5	15
  -3.5	9
  -2.5	12.3333
  -1.5	10
  -0.5	7
   0.5	8.5
   1.5	14.5
   2.5	11
   3.5	7.58333
   4.5	10
   5.5	12.5
   6.5	8
   7.5	14
   8.5	11.5
   9.5	9.33333
  10.5	9
  11.5	8
  12.5	9
  13.5	10
  14.5	5.5
  15.5	13.5
  16.5	11
  17.5	15.5
  18.5	12
  19.5	5
  20.5	6
  21.5	12
  22.5	9
  23.5	14
  24.5	8
  25.5	14
  26.5	5
  27.5	12.5
  28.5	12.5
  29.5	14
  30.5	8.5
  31.5	11
  32.5	10.5
  33.5	14.5
  34.5	15
  35.5	10.5
  36.5	8
  37.5	16
  38.5	12
  39.5	11
  40.5	12
  41.5	8
  42.5	11.5
  43.5	12
  44.5	5
  45.5	8
  46.5	11
  47.5	16.5
  48.5	11.25
  49.5	7.33333
  50.5	10
  51.5	12
  52.5	12
  53.5	16
  54.5	5
  55.5	5
  56.5	13
  57.5	7
  58.5	9.5
  59.5	12.5
  60.5	13
  61.5	12
  62.5	6
  63.5	9
  64.5	14.5
  65.5	7.5
  66.5	17
  67.5	7
  68.5	9
  69.5	6
  70.5	12
  71.5	8.5
  72.5	7
  73.5	15.5
  74.5	7
  75.5	10
  76.5	9
  77.5	12.5
  78.5	10
  79.5	9
  80.5	7
  81.5	10
  82.5	7
  83.5	4
  84.5	8
  85.5	15
  86.5	10
  87.5	16
  88.5	11
  89.5	12.5
  90.5	12
  91.5	10.5
  92.5	10
  93.5	16.25
  94.5	10
  95.5	15
  96.5	17
  97.5	12
  98.5	7
  99.5	11.5
 100.5	9
 101.5	6.5
 102.5	5.5
 103.5	15
 104.5	6
 105.5	11
 106.5	10
 107.5	12.5
 108.5	11.5
 109.5	20
 110.5	8.5
 111.5	4
 112.5	9.5
 113.5	9.5
 114.5	9
 115.5	11
 116.5	11.5
 117.5	9.5
 118.5	4
 119.5	7
 120.5	12
 121.5	9
 122.5	10.5
 123.5	7.5
 124.5	13.5
 125.5	11
 126.5	14.5
 127.5	13.5
 128.5	10
 129.5	8
 130.5	10.5
 131.5	11.5
 132.5	8
 133.5	15.5
 134.5	6.5
 135.5	7
 136.5	5.5
 137.5	11
 138.5	13.75
 139.5	10
 140.5	11
 141.5	7
 142.5	12
 143.5	9
 144.5	12
 145.5	15
 146.5	10
 147.5	12
 148.5	15
 149.5	15
 150.5	8
 151.5	17.5
 152.5	13
 153.5	14.5
 154.5	12
 155.5	11.5
 156.5	10.5
 157.5	7
 158.5	10
 159.5	14
 160.5	15
 161.5	7.5
 162.5	7.25
 163.5	8
 164.5	4
 165.5	5
 166.5	9
 167.5	15
 168.5	9
 169.5	10
 170.5	6
 171.5	7
 172.5	9
 173.5	13.5
 174.5	12.5
 175.5	9
 176.5	4
 177.5	7
 178.5	14.5
 179.5	15.5
 180.5	6
 181.5	10
 182.5	9
 183.5	7
 184.5	5
 185.5	11
 186.5	9.75
 187.5	10.5
 188.5	14
 189.5	8
 190.5	10
 191.5	10.5
 192.5	2.5
 193.5	3
 194.5	9
 195.5	7
 196.5	10
 197.5	7
 198.5	10
 199.5	7
 200.5	13
 201.5	11.5
 202.5	7.5
 203.5	10
 204.5	14
 205.5	9
 206.5	12
 207.5	9
 208.5	5.5
 209.5	7.5
 210.5	14.25
 211.5	5
 212.5	5
 213.5	5.5
 214.5	11
 215.5	15
 216.5	15
 217.5	6
 218.5	5
 219.5	11
 220.5	16.5
 221.5	6
 222.5	12
 223.5	13
 224.5	8
 225.5	5
 226.5	12.5
 227.5	6
 228.5	10
 229.5	7
DB 2 MOTIF	MLX_HUMAN.H11MO.0.D
-229.5	4
-228.5	4
-227.5	1
-226.5	2.5
-225.5	2
-224.5	2
-223.5	2.5
-222.5	2
-221.5	5
-220.5	2
-219.5	1
-218.5	1
-217.5	2
-216.5	1.14286
-215.5	2
-214.5	4.2
-213.5	2
-212.5	4
-211.5	0
-210.5	3
-209.5	1
-208.5	1
-207.5	2
-206.5	4.05882
-205.5	3
-204.5	2
-203.5	2
-202.5	1
-201.5	3
-200.5	3
-199.5	3
-198.5	1
-197.5	1
-196.5	1
-195.5	1
-194.5	2
-193.5	1
-192.5	3
-191.5	2
-190.5	3
-189.5	1.5
-188.5	0
-187.5	1
-186.5	4.5
-185.5	2.14286
-184.5	2
-183.5	1
-182.5	4
-181.5	0
-180.5	2
-179.5	0
-178.5	4.55882
-177.5	6
-176.5	0
-175.5	2.5
-174.5	3
-173.5	0.5
-172.5	2
-171.5	6
-170.5	1
-169.5	3
-168.5	0
-167.5	0
-166.5	1.14286
-165.5	4
-164.5	0
-163.5	1
-162.5	3
-161.5	4
-160.5	5
-159.5	5
-158.5	1
-157.5	1
-156.5	0
-155.5	7
-154.5	2
-153.5	2
-152.5	1.55882
-151.5	6
-150.5	3
-149.5	1.5
-148.5	0
-147.5	3
-146.5	1.5
-145.5	2
-144.5	4
-143.5	1.5
-142.5	4
-141.5	5
-140.5	4
-139.5	3
-138.5	1
-137.5	3
-136.5	0
-135.5	0.142857
-134.5	0
-133.5	2
-132.5	4
-131.5	2
-130.5	5
-129.5	3
-128.5	1
-127.5	3
-126.5	3
-125.5	5
-124.5	1.55882
-123.5	1
-122.5	2
-121.5	1
-120.5	2
-119.5	2.5
-118.5	1
-117.5	1
-116.5	3
-115.5	2
-114.5	2
-113.5	2
-112.5	0.5
-111.5	2
-110.5	2
-109.5	5
-108.5	2
-107.5	2
-106.5	4.5
-105.5	4.5
-104.5	1.14286
-103.5	0
-102.5	2
-101.5	2
-100.5	2
 -99.5	3
 -98.5	4.05882
 -97.5	4.5
 -96.5	5
 -95.5	2
 -94.5	4.5
 -93.5	2
 -92.5	3
 -91.5	3
 -90.5	5
 -89.5	4.5
 -88.5	0
 -87.5	2
 -86.5	1
 -85.5	2
 -84.5	5
 -83.5	3
 -82.5	3
 -81.5	3
 -80.5	0
 -79.5	4
 -78.5	4
 -77.5	4.83333
 -76.5	0
 -75.5	4
 -74.5	2
 -73.5	1
 -72.5	6.05882
 -71.5	1
 -70.5	2
 -69.5	0
 -68.5	3
 -67.5	1
 -66.5	2.33333
 -65.5	4
 -64.5	0
 -63.5	4.83333
 -62.5	2
 -61.5	0.166667
 -60.5	4
 -59.5	0
 -58.5	1
 -57.5	2.5
 -56.5	4
 -55.5	3.5
 -54.5	2.14286
 -53.5	5.5
 -52.5	2
 -51.5	3
 -50.5	0.5
 -49.5	3
 -48.5	1
 -47.5	1
 -46.5	0.5
 -45.5	0.333333
 -44.5	5.05882
 -43.5	3
 -42.5	1
 -41.5	3
 -40.5	6
 -39.5	2
 -38.5	4
 -37.5	1
 -36.5	3
 -35.5	0
 -34.5	2
 -33.5	5
 -32.5	4
 -31.5	3
 -30.5	5
 -29.5	3
 -28.5	3
 -27.5	2
 -26.5	1
 -25.5	3.14286
 -24.5	7.5
 -23.5	3
 -22.5	2
 -21.5	7.5
 -20.5	6.16667
 -19.5	4.5
 -18.5	2
 -17.5	4
 -16.5	3.55882
 -15.5	4
 -14.5	3
 -13.5	5
 -12.5	8
 -11.5	4.5
 -10.5	0
  -9.5	4
  -8.5	1.5
  -7.5	8
  -6.5	2
  -5.5	4
  -4.5	1
  -3.5	0
  -2.5	5
  -1.5	6
  -0.5	3
   0.5	4
   1.5	2
   2.5	2
   3.5	1.16667
   4.5	3.5
   5.5	3.5
   6.5	2
   7.5	5.5
   8.5	3.5
   9.5	3
  10.5	6
  11.5	1.05882
  12.5	3
  13.5	6.5
  14.5	2
  15.5	3
  16.5	3
  17.5	5
  18.5	2
  19.5	4
  20.5	2
  21.5	3.5
  22.5	3
  23.5	3
  24.5	4.5
  25.5	2
  26.5	1
  27.5	2
  28.5	5
  29.5	4
  30.5	2
  31.5	3
  32.5	1.16667
  33.5	4
  34.5	2.5
  35.5	3
  36.5	8.5
  37.5	3.5
  38.5	4.33333
  39.5	0.0588235
  40.5	2.5
  41.5	2
  42.5	4
  43.5	5
  44.5	4
  45.5	4
  46.5	6.2
  47.5	4.5
  48.5	1.5
  49.5	2.5
  50.5	1.5
  51.5	5.5
  52.5	9
  53.5	0
  54.5	1.16667
  55.5	3.5
  56.5	4
  57.5	2
  58.5	2.5
  59.5	1
  60.5	3
  61.5	2
  62.5	5
  63.5	4
  64.5	2
  65.5	1.33333
  66.5	4
  67.5	4.05882
  68.5	2
  69.5	3
  70.5	4
  71.5	2
  72.5	3
  73.5	2.5
  74.5	2
  75.5	0
  76.5	2.5
  77.5	6
  78.5	1
  79.5	4.33333
  80.5	3
  81.5	1
  82.5	8
  83.5	0
  84.5	3
  85.5	3
  86.5	2
  87.5	3
  88.5	1
  89.5	2.5
  90.5	5
  91.5	0
  92.5	4.5
  93.5	1.05882
  94.5	3
  95.5	1
  96.5	1
  97.5	1
  98.5	2
  99.5	1.5
 100.5	0
 101.5	2.2
 102.5	4
 103.5	2
 104.5	2
 105.5	0
 106.5	1
 107.5	3
 108.5	1
 109.5	1
 110.5	3
 111.5	2
 112.5	1.25
 113.5	2
 114.5	5.83333
 115.5	0
 116.5	1
 117.5	2.2
 118.5	1
 119.5	4.05882
 120.5	1
 121.5	3
 122.5	2
 123.5	2
 124.5	4
 125.5	2
 126.5	4.5
 127.5	1
 128.5	2
 129.5	2.5
 130.5	1
 131.5	1
 132.5	3
 133.5	2
 134.5	1
 135.5	3
 136.5	4
 137.5	1
 138.5	3.33333
 139.5	3
 140.5	1
 141.5	2.66667
 142.5	1.25
 143.5	0
 144.5	1
 145.5	1
 146.5	4.5
 147.5	1.05882
 148.5	6
 149.5	2
 150.5	1
 151.5	0
 152.5	1
 153.5	1
 154.5	1.33333
 155.5	4
 156.5	4
 157.5	1
 158.5	1
 159.5	2
 160.5	2
 161.5	3
 162.5	1
 163.5	2
 164.5	4
 165.5	3
 166.5	1
 167.5	7
 168.5	3
 169.5	3.33333
 170.5	1
 171.5	3
 172.5	0.25
 173.5	2.39216
 174.5	4
 175.5	3
 176.5	1
 177.5	0
 178.5	2
 179.5	3
 180.5	3
 181.5	3
 182.5	2
 183.5	3
 184.5	4
 185.5	6
 186.5	1
 187.5	3
 188.5	1
 189.5	5
 190.5	2
 191.5	5
 192.5	4
 193.5	0
 194.5	1
 195.5	4.5
 196.5	2
 197.5	2
 198.5	2.5
 199.5	1.5
 200.5	1
 201.5	3.05882
 202.5	3.75
 203.5	0
 204.5	1
 205.5	2
 206.5	3
 207.5	2
 208.5	1
 209.5	1
 210.5	0
 211.5	2
 212.5	0
 213.5	0
 214.5	2
 215.5	1
 216.5	1
 217.5	1
 218.5	2
 219.5	2
 220.5	4
 221.5	1
 222.5	0
 223.5	1.2
 224.5	4
 225.5	1
 226.5	2
 227.5	0
 228.5	2
 229.5	6.05882
DB 2 MOTIF	MXI1_HUMAN.H11MO.0.A
-227.5	15
-226.5	23
-225.5	15
-224.5	16
-223.5	14
-222.5	9
-221.5	16
-220.5	14
-219.5	13
-218.5	7
-217.5	16
-216.5	14
-215.5	14
-214.5	8
-213.5	10.25
-212.5	11
-211.5	10.5588
-210.5	9
-209.5	15.5
-208.5	10
-207.5	17
-206.5	14
-205.5	17
-204.5	10
-203.5	10
-202.5	6
-201.5	10
-200.5	13
-199.5	15.5
-198.5	11
-197.5	12.2
-196.5	19
-195.5	17
-194.5	10
-193.5	10
-192.5	13
-191.5	10
-190.5	11
-189.5	12
-188.5	15
-187.5	13.5
-186.5	12
-185.5	12
-184.5	14
-183.5	18.0588
-182.5	12.5
-181.5	13.25
-180.5	17
-179.5	21
-178.5	21
-177.5	17
-176.5	20
-175.5	7.2
-174.5	8.5
-173.5	16
-172.5	15
-171.5	13
-170.5	15
-169.5	17
-168.5	11
-167.5	14
-166.5	15
-165.5	10
-164.5	20
-163.5	9
-162.5	17
-161.5	10
-160.5	15
-159.5	12
-158.5	17
-157.5	13.0588
-156.5	16
-155.5	9
-154.5	14.5
-153.5	13
-152.5	9
-151.5	6.5
-150.5	10
-149.5	14
-148.5	14
-147.5	8.25
-146.5	16
-145.5	12
-144.5	15
-143.5	14
-142.5	21
-141.5	17
-140.5	16.5
-139.5	12
-138.5	16
-137.5	14
-136.5	11
-135.5	14
-134.5	14
-133.5	13
-132.5	12.5
-131.5	20
-130.5	15
-129.5	13.0588
-128.5	12
-127.5	10
-126.5	9
-125.5	15
-124.5	6
-123.5	7
-122.5	13
-121.5	9
-120.5	12
-119.5	8.5
-118.5	19
-117.5	15
-116.5	13
-115.5	10.5
-114.5	14
-113.5	19
-112.5	11
-111.5	15
-110.5	9.5
-109.5	8
-108.5	12
-107.5	15
-106.5	9
-105.5	15
-104.5	22
-103.5	10.0588
-102.5	20
-101.5	10.5
-100.5	16
 -99.5	8
 -98.5	16
 -97.5	11
 -96.5	14
 -95.5	9
 -94.5	6
 -93.5	13
 -92.5	15
 -91.5	15
 -90.5	16
 -89.5	15
 -88.5	13
 -87.5	13
 -86.5	13
 -85.5	11
 -84.5	13
 -83.5	11
 -82.5	12.5
 -81.5	12.5
 -80.5	11
 -79.5	11
 -78.5	17
 -77.5	16.5588
 -76.5	13
 -75.5	11
 -74.5	19.5
 -73.5	15.5
 -72.5	15
 -71.5	24.75
 -70.5	15
 -69.5	8.2
 -68.5	12
 -67.5	10
 -66.5	14
 -65.5	15
 -64.5	10
 -63.5	17
 -62.5	9
 -61.5	11
 -60.5	18
 -59.5	10
 -58.5	11
 -57.5	13.5
 -56.5	17
 -55.5	14
 -54.5	16
 -53.5	18
 -52.5	13
 -51.5	22
 -50.5	9.33333
 -49.5	14.0588
 -48.5	15
 -47.5	18
 -46.5	18
 -45.5	16
 -44.5	10
 -43.5	12
 -42.5	12.5
 -41.5	16.5
 -40.5	19
 -39.5	14
 -38.5	14
 -37.5	13.5
 -36.5	23
 -35.5	23
 -34.5	14
 -33.5	11
 -32.5	14
 -31.5	12.5
 -30.5	16
 -29.5	17
 -28.5	15
 -27.5	20
 -26.5	17
 -25.5	21
 -24.5	17
 -23.5	11
 -22.5	18
 -21.5	13.0588
 -20.5	19
 -19.5	20.5
 -18.5	16
 -17.5	13
 -16.5	16.7
 -15.5	18
 -14.5	16
 -13.5	18
 -12.5	14
 -11.5	14
 -10.5	17
  -9.5	14
  -8.5	14
  -7.5	19
  -6.5	21
  -5.5	11.5
  -4.5	23
  -3.5	15
  -2.5	13
  -1.5	16
  -0.5	18.5
   0.5	13
   1.5	13
   2.5	14
   3.5	16
   4.5	10
   5.5	19
   6.5	12.5588
   7.5	15
   8.5	24
   9.5	16.5
  10.5	18
  11.5	16
  12.5	20
  13.5	17.2
  14.5	12
  15.5	24
  16.5	18
  17.5	14
  18.5	19.5
  19.5	15
  20.5	17
  21.5	13.5
  22.5	21
  23.5	23.5
  24.5	18
  25.5	22
  26.5	19
  27.5	25
  28.5	14
  29.5	11
  30.5	17
  31.5	14
  32.5	14
  33.5	17.2
  34.5	15.0588
  35.5	22.5
  36.5	17
  37.5	18
  38.5	15.5
  39.5	12
  40.5	18
  41.5	14
  42.5	11.5
  43.5	10
  44.5	19
  45.5	8
  46.5	13
  47.5	15
  48.5	17
  49.5	12.3333
  50.5	22
  51.5	6
  52.5	8.5
  53.5	15
  54.5	13
  55.5	11
  56.5	19
  57.5	9
  58.5	16.7
  59.5	14.2
  60.5	12
  61.5	13
  62.5	15.0588
  63.5	15.5
  64.5	14
  65.5	7
  66.5	16
  67.5	14
  68.5	19
  69.5	14
  70.5	9
  71.5	13
  72.5	24.5
  73.5	9
  74.5	11
  75.5	8
  76.5	14.5333
  77.5	23
  78.5	11
  79.5	14
  80.5	16
  81.5	20
  82.5	14
  83.5	15
  84.5	14.8333
  85.5	16.5
  86.5	12
  87.5	19
  88.5	7.05882
  89.5	15
  90.5	18
  91.5	11.5
  92.5	12
  93.5	16
  94.5	13
  95.5	9
  96.5	12
  97.5	12
  98.5	11
  99.5	16
 100.5	7
 101.5	15
 102.5	9.5
 103.5	7
 104.5	12.3333
 105.5	12
 106.5	16
 107.5	13
 108.5	12
 109.5	11
 110.5	9
 111.5	7
 112.5	15
 113.5	11
 114.5	14.0588
 115.5	11.5
 116.5	13
 117.5	21
 118.5	13
 119.5	13
 120.5	15
 121.5	18.3333
 122.5	9
 123.5	13
 124.5	17.5333
 125.5	9.5
 126.5	14
 127.5	16
 128.5	13
 129.5	13
 130.5	10.2
 131.5	15
 132.5	13
 133.5	8
 134.5	12
 135.5	16
 136.5	9
 137.5	13
 138.5	13
 139.5	9
 140.5	15
 141.5	7
 142.5	14.0588
 143.5	21
 144.5	12
 145.5	9
 146.5	13.3333
 147.5	15
 148.5	17
 149.5	9
 150.5	18
 151.5	13.3333
 152.5	14
 153.5	20
 154.5	17
 155.5	18
 156.5	11
 157.5	11
 158.5	17
 159.5	17
 160.5	10
 161.5	11
 162.5	10
 163.5	7
 164.5	9
 165.5	14
 166.5	16
 167.5	14
 168.5	14.0588
 169.5	16
 170.5	15
 171.5	16
 172.5	18
 173.5	15
 174.5	10
 175.5	6
 176.5	11
 177.5	8
 178.5	8.33333
 179.5	14
 180.5	13.5
 181.5	10.3333
 182.5	6
 183.5	15
 184.5	14.4
 185.5	13
 186.5	10
 187.5	12
 188.5	13
 189.5	7
 190.5	8
 191.5	11.5
 192.5	9
 193.5	10
 194.5	9
 195.5	12
 196.5	12.0588
 197.5	14
 198.5	12
 199.5	11.5
 200.5	14
 201.5	12
 202.5	9
 203.5	10
 204.5	14
 205.5	10
 206.5	14
 207.5	14
 208.5	7
 209.5	10
 210.5	8
 211.5	12
 212.5	8
 213.5	7
 214.5	8
 215.5	12
 216.5	12
 217.5	9
 218.5	7
 219.5	19
 220.5	11.5333
 221.5	10
 222.5	11
 223.5	19
 224.5	16.2588
 225.5	15
 226.5	11
 227.5	16
DB 2 MOTIF	MXI1_HUMAN.H11MO.1.A
-229.5	15
-228.5	13
-227.5	16
-226.5	6
-225.5	15.5
-224.5	13
-223.5	14
-222.5	14.3333
-221.5	18.1111
-220.5	17
-219.5	16.1429
-218.5	6.5
-217.5	14.6429
-216.5	15
-215.5	12.1667
-214.5	11
-213.5	23
-212.5	14
-211.5	13
-210.5	11
-209.5	9
-208.5	12
-207.5	14.0588
-206.5	13
-205.5	17.5
-204.5	16
-203.5	15
-202.5	13
-201.5	13
-200.5	11
-199.5	22
-198.5	14.3333
-197.5	11
-196.5	11
-195.5	8
-194.5	16.5
-193.5	15
-192.5	9.5
-191.5	12
-190.5	14.5
-189.5	20
-188.5	17
-187.5	21.1667
-186.5	14.1429
-185.5	16
-184.5	13.5
-183.5	11
-182.5	15
-181.5	16.5
-180.5	8
-179.5	16.0588
-178.5	9.5
-177.5	18.6111
-176.5	16.5
-175.5	16
-174.5	9
-173.5	22
-172.5	17
-171.5	6
-170.5	18
-169.5	11
-168.5	19.5
-167.5	15.6429
-166.5	13.5
-165.5	13
-164.5	14
-163.5	12.1429
-162.5	11
-161.5	23.5
-160.5	16.5
-159.5	21
-158.5	14
-157.5	12
-156.5	19
-155.5	11
-154.5	17
-153.5	14.0588
-152.5	11.5
-151.5	15.5
-150.5	17
-149.5	17
-148.5	14
-147.5	13.5
-146.5	19
-145.5	11.5
-144.5	10.5
-143.5	15
-142.5	16
-141.5	15.5
-140.5	19
-139.5	17
-138.5	16.5
-137.5	15
-136.5	11.1429
-135.5	16
-134.5	12
-133.5	15.6111
-132.5	18.5
-131.5	13.1429
-130.5	16
-129.5	10
-128.5	22
-127.5	13
-126.5	18
-125.5	9.39216
-124.5	11
-123.5	7.5
-122.5	15
-121.5	18.5
-120.5	11.5
-119.5	13
-118.5	10
-117.5	10
-116.5	15
-115.5	17.25
-114.5	8
-113.5	14
-112.5	9
-111.5	18
-110.5	13.5
-109.5	14
-108.5	22
-107.5	10.5
-106.5	17
-105.5	9.14286
-104.5	10
-103.5	14
-102.5	7
-101.5	15.1429
-100.5	17
 -99.5	19.5588
 -98.5	13.6667
 -97.5	11
 -96.5	11
 -95.5	14.3333
 -94.5	15
 -93.5	15
 -92.5	20
 -91.5	9
 -90.5	11
 -89.5	16.1111
 -88.5	20
 -87.5	9
 -86.5	9.5
 -85.5	13
 -84.5	11
 -83.5	11
 -82.5	19.5
 -81.5	12
 -80.5	11.5
 -79.5	13
 -78.5	20.8333
 -77.5	15
 -76.5	20
 -75.5	14
 -74.5	14
 -73.5	10.0588
 -72.5	10
 -71.5	12
 -70.5	14
 -69.5	15
 -68.5	16
 -67.5	11
 -66.5	15
 -65.5	16.75
 -64.5	9.14286
 -63.5	19
 -62.5	7
 -61.5	13
 -60.5	14
 -59.5	13
 -58.5	19
 -57.5	15
 -56.5	20.5
 -55.5	15.1429
 -54.5	16
 -53.5	14
 -52.5	14.5
 -51.5	10
 -50.5	12
 -49.5	15
 -48.5	15
 -47.5	21.5
 -46.5	20.4762
 -45.5	14.0588
 -44.5	10
 -43.5	13
 -42.5	18
 -41.5	17
 -40.5	20.5
 -39.5	15
 -38.5	16
 -37.5	13
 -36.5	8
 -35.5	13
 -34.5	13
 -33.5	11.5
 -32.5	14
 -31.5	18.5
 -30.5	13
 -29.5	15.5
 -28.5	13.8333
 -27.5	12.5
 -26.5	13.1429
 -25.5	18.5
 -24.5	15.5
 -23.5	14.8333
 -22.5	16.5
 -21.5	20.1667
 -20.5	21
 -19.5	16
 -18.5	14
 -17.5	18.0588
 -16.5	15
 -15.5	9
 -14.5	12
 -13.5	18
 -12.5	24
 -11.5	18
 -10.5	16
  -9.5	11.6429
  -8.5	27.5
  -7.5	12
  -6.5	17.8333
  -5.5	13
  -4.5	10
  -3.5	16
  -2.5	15
  -1.5	8.14286
  -0.5	16
   0.5	10.5
   1.5	19
   2.5	24.1667
   3.5	20
   4.5	12
   5.5	18.5
   6.5	21.8333
   7.5	17.5
   8.5	21.6429
   9.5	17
  10.5	13.3922
  11.5	17
  12.5	19
  13.5	12.3333
  14.5	18.5
  15.5	15.3333
  16.5	15
  17.5	21
  18.5	15
  19.5	21.5
  20.5	19
  21.5	13
  22.5	20.5
  23.5	11.5
  24.5	17.5
  25.5	15.5
  26.5	14
  27.5	18
  28.5	15.5
  29.5	18.3333
  30.5	12
  31.5	20.1667
  32.5	14
  33.5	15.5
  34.5	12
  35.5	24
  36.5	18.5
  37.5	12
  38.5	20.0588
  39.5	11.5
  40.5	14.3333
  41.5	10
  42.5	15.1111
  43.5	13
  44.5	21.3333
  45.5	18.1667
  46.5	12.5
  47.5	19
  48.5	16.5
  49.5	8.5
  50.5	22.5
  51.5	16.5
  52.5	20
  53.5	15.5
  54.5	20.6667
  55.5	10.5
  56.5	11.5
  57.5	13
  58.5	12.8929
  59.5	15.5
  60.5	15.5
  61.5	19
  62.5	9
  63.5	19
  64.5	19.3333
  65.5	15
  66.5	11.0588
  67.5	12
  68.5	12
  69.5	13.3333
  70.5	18
  71.5	19
  72.5	14.25
  73.5	15
  74.5	20.5
  75.5	11.5
  76.5	15
  77.5	7
  78.5	18
  79.5	12
  80.5	19.1667
  81.5	21
  82.5	13
  83.5	9
  84.5	16.5
  85.5	10.3333
  86.5	23.1111
  87.5	12.3333
  88.5	16
  89.5	11
  90.5	19.5
  91.5	18
  92.5	12.0588
  93.5	8.33333
  94.5	14
  95.5	9
  96.5	15
  97.5	12.5
  98.5	17.1429
  99.5	9
 100.5	12.1667
 101.5	12
 102.5	14
 103.5	6.5
 104.5	15
 105.5	13
 106.5	10
 107.5	11
 108.5	12.5
 109.5	11.5
 110.5	14
 111.5	15
 112.5	7
 113.5	17.3333
 114.5	13.5
 115.5	16.8333
 116.5	20.1667
 117.5	16
 118.5	20.2017
 119.5	16
 120.5	11
 121.5	20
 122.5	10
 123.5	20
 124.5	15.3333
 125.5	14
 126.5	13
 127.5	13.5
 128.5	20.8333
 129.5	8
 130.5	10.1111
 131.5	12
 132.5	12
 133.5	18
 134.5	13
 135.5	13
 136.5	19.5
 137.5	5
 138.5	9
 139.5	19.5
 140.5	12.3333
 141.5	10
 142.5	15.3333
 143.5	11
 144.5	12
 145.5	8.5
 146.5	14.0588
 147.5	18.5
 148.5	18
 149.5	13.5
 150.5	8
 151.5	18
 152.5	11.1429
 153.5	9
 154.5	12.3333
 155.5	14.3333
 156.5	16.5
 157.5	9
 158.5	18
 159.5	8
 160.5	15.5
 161.5	16
 162.5	15
 163.5	15
 164.5	12.3333
 165.5	12
 166.5	11.5
 167.5	18
 168.5	12
 169.5	15
 170.5	13.1429
 171.5	19
 172.5	12.0588
 173.5	12.5
 174.5	16.4444
 175.5	10
 176.5	14
 177.5	15
 178.5	7
 179.5	13
 180.5	17.5
 181.5	14
 182.5	5
 183.5	23.5
 184.5	13.3333
 185.5	12
 186.5	10
 187.5	10
 188.5	13
 189.5	11
 190.5	13.5
 191.5	14.5
 192.5	15.5
 193.5	13.5
 194.5	14
 195.5	12
 196.5	10.3333
 197.5	14.3333
 198.5	11
 199.5	11
 200.5	10.0588
 201.5	18
 202.5	11
 203.5	9
 204.5	17
 205.5	14
 206.5	8.33333
 207.5	15
 208.5	12
 209.5	9.5
 210.5	10
 211.5	13
 212.5	16
 213.5	15
 214.5	8
 215.5	10
 216.5	9
 217.5	9
 218.5	5.11111
 219.5	15
 220.5	17
 221.5	11
 222.5	12.1667
 223.5	14
 224.5	8.83333
 225.5	11
 226.5	14
 227.5	18
 228.5	12.0588
 229.5	10
DB 2 MOTIF	MYCN_HUMAN.H11MO.0.A
-229.0	9
-228.0	14
-227.0	6
-226.0	12
-225.0	12
-224.0	16
-223.0	17
-222.0	14
-221.0	10
-220.0	10
-219.0	9
-218.0	13.1667
-217.0	9
-216.0	17.25
-215.0	9
-214.0	8
-213.0	15.5
-212.0	11
-211.0	12
-210.0	6
-209.0	8
-208.0	14.5588
-207.0	16
-206.0	11
-205.0	8
-204.0	14
-203.0	15.5
-202.0	12
-201.0	8.5
-200.0	13
-199.0	17
-198.0	7
-197.0	11
-196.0	8
-195.0	14
-194.0	13
-193.0	6
-192.0	13
-191.0	10
-190.0	13
-189.0	15
-188.0	11
-187.0	10.1667
-186.0	16
-185.0	12
-184.0	11.3333
-183.0	11
-182.0	13
-181.0	7
-180.0	14.0588
-179.0	7.5
-178.0	7
-177.0	17
-176.0	21
-175.0	10
-174.0	14
-173.0	11
-172.0	9
-171.0	11
-170.0	9
-169.0	9
-168.0	15.5
-167.0	7.5
-166.0	10
-165.0	9
-164.0	13.1667
-163.0	8
-162.0	8
-161.0	11
-160.0	11.3333
-159.0	15
-158.0	9
-157.0	17
-156.0	12
-155.0	9
-154.0	15.0588
-153.0	16
-152.0	16
-151.0	12
-150.0	12.3333
-149.0	12
-148.0	9.5
-147.0	11
-146.0	14
-145.0	11.5
-144.0	9
-143.0	13.5
-142.0	6.5
-141.0	18
-140.0	14
-139.0	15.5
-138.0	9
-137.0	11.6667
-136.0	7.5
-135.0	11
-134.0	9
-133.0	16
-132.0	14.1667
-131.0	11
-130.0	10
-129.0	11
-128.0	10
-127.0	14.5
-126.0	9.05882
-125.0	10
-124.0	2
-123.0	8.5
-122.0	9.5
-121.0	12
-120.0	5
-119.0	12
-118.0	8
-117.0	13
-116.0	5
-115.0	9
-114.0	10
-113.0	13
-112.0	8.5
-111.0	18
-110.0	17.5
-109.0	9.5
-108.0	12
-107.0	14.3333
-106.0	4.16667
-105.0	11
-104.0	8
-103.0	14
-102.0	9
-101.0	16
-100.0	12.7255
 -99.0	11
 -98.0	15
 -97.0	6
 -96.0	8
 -95.0	20.5
 -94.0	11
 -93.0	19
 -92.0	13
 -91.0	10
 -90.0	10
 -89.0	19.5
 -88.0	15
 -87.0	8
 -86.0	10
 -85.0	11
 -84.0	5
 -83.0	12
 -82.0	11
 -81.0	14
 -80.0	17
 -79.0	14.1667
 -78.0	13
 -77.0	13
 -76.0	11
 -75.0	11
 -74.0	18.0588
 -73.0	11
 -72.0	12
 -71.0	15
 -70.0	15
 -69.0	16
 -68.0	13
 -67.0	18
 -66.0	10
 -65.0	10
 -64.0	12.3333
 -63.0	10
 -62.0	9.83333
 -61.0	15
 -60.0	12
 -59.0	14
 -58.0	17
 -57.0	12
 -56.0	17.1667
 -55.0	12.5
 -54.0	8.5
 -53.0	15
 -52.0	13
 -51.0	9
 -50.0	8
 -49.0	15
 -48.0	12
 -47.0	14
 -46.0	9.05882
 -45.0	13
 -44.0	10
 -43.0	14
 -42.0	9
 -41.0	13
 -40.0	12
 -39.0	17
 -38.0	15
 -37.0	11.5
 -36.0	8.16667
 -35.0	9.5
 -34.0	10
 -33.0	15
 -32.0	13
 -31.0	16
 -30.0	6.5
 -29.0	20.25
 -28.0	9
 -27.0	12.1667
 -26.0	12
 -25.0	13.5
 -24.0	10
 -23.0	15
 -22.0	18.5
 -21.0	13
 -20.0	10
 -19.0	17.5
 -18.0	11.0588
 -17.0	16
 -16.0	14
 -15.0	9
 -14.0	16
 -13.0	18
 -12.0	15
 -11.0	17
 -10.0	9
  -9.0	12
  -8.0	16
  -7.0	19.5
  -6.0	14.3333
  -5.0	14.5
  -4.0	11.1667
  -3.0	18
  -2.0	10
  -1.0	10.5
   0.0	16
   1.0	17
   2.0	18
   3.0	13
   4.0	15
   5.0	9
   6.0	12
   7.0	15
   8.0	18
   9.0	18
  10.0	11.0588
  11.0	16
  12.0	19
  13.0	13
  14.0	13
  15.0	21
  16.0	12
  17.0	16
  18.0	12
  19.0	12
  20.0	14
  21.0	10
  22.0	14.5
  23.0	15
  24.0	11
  25.0	13.1667
  26.0	17
  27.0	16.5
  28.0	14
  29.0	9
  30.0	13
  31.0	13
  32.0	17
  33.0	18
  34.0	9.5
  35.0	22
  36.0	15
  37.0	17
  38.0	10.0588
  39.0	15
  40.0	9
  41.0	14
  42.0	14
  43.0	16
  44.0	11.25
  45.0	19
  46.0	15
  47.0	15
  48.0	12
  49.0	10
  50.0	19
  51.0	14
  52.0	7
  53.0	16
  54.0	14.5
  55.0	15.8333
  56.0	13
  57.0	11.5
  58.0	11
  59.0	16
  60.0	23.5
  61.0	13
  62.0	13
  63.0	14
  64.0	11.3333
  65.0	19
  66.0	11.0588
  67.0	6.5
  68.0	8
  69.0	10.5
  70.0	9
  71.0	12
  72.0	11
  73.0	15
  74.0	17
  75.0	15
  76.0	13
  77.0	9
  78.0	16
  79.0	14
  80.0	14.5
  81.0	20.5
  82.0	8
  83.0	10
  84.0	15
  85.0	11
  86.0	12
  87.0	14
  88.0	12.3333
  89.0	12
  90.0	13
  91.0	17
  92.0	17.0588
  93.0	9
  94.0	12
  95.0	7
  96.0	15
  97.0	12
  98.0	14
  99.0	7
 100.0	12
 101.0	12.5
 102.0	9
 103.0	10
 104.0	11
 105.0	11
 106.0	8
 107.0	6
 108.0	9
 109.0	7
 110.0	12
 111.0	9
 112.0	6
 113.0	16
 114.0	6
 115.0	11
 116.0	14.8333
 117.0	12
 118.0	11.0588
 119.0	14
 120.0	10.5
 121.0	17
 122.0	12
 123.0	17.5
 124.0	12
 125.0	18
 126.0	12
 127.0	15
 128.0	16
 129.0	15
 130.0	3
 131.0	11
 132.0	11
 133.0	14
 134.0	9
 135.0	19
 136.0	13
 137.0	16
 138.0	11
 139.0	12
 140.0	4.33333
 141.0	12
 142.0	6
 143.0	6
 144.0	14
 145.0	12
 146.0	5.05882
 147.0	12
 148.0	19
 149.0	5
 150.0	14
 151.0	8
 152.0	10
 153.0	10
 154.0	13
 155.0	12.5
 156.0	11.3333
 157.0	14
 158.0	10
 159.0	12
 160.0	8
 161.0	14
 162.0	14
 163.0	15
 164.0	12
 165.0	6
 166.0	11.5
 167.0	4
 168.0	12
 169.0	11
 170.0	11
 171.0	8
 172.0	8.05882
 173.0	9.5
 174.0	11
 175.0	13
 176.0	11
 177.0	14
 178.0	10
 179.0	5
 180.0	12
 181.0	12
 182.0	10.5
 183.0	13
 184.0	15
 185.0	9
 186.0	9
 187.0	7
 188.0	6
 189.0	12
 190.0	10
 191.0	14
 192.0	14
 193.0	17
 194.0	12
 195.0	8
 196.0	8.5
 197.0	10
 198.0	14
 199.0	11
 200.0	6.30882
 201.0	13.5
 202.0	15
 203.0	13
 204.0	15
 205.0	12
 206.0	9.25
 207.0	12
 208.0	11.5
 209.0	5
 210.0	7
 211.0	7
 212.0	10
 213.0	18.5
 214.0	5.5
 215.0	7
 216.0	7
 217.0	11
 218.0	7
 219.0	12
 220.0	11
 221.0	9
 222.0	10.25
 223.0	17
 224.0	4
 225.0	10
 226.0	15.5
 227.0	16
 228.0	13.0588
 229.0	5
DB 2 MOTIF	MYC_HUMAN.H11MO.0.A
-229.5	14
-228.5	6
-227.5	11
-226.5	5
-225.5	15
-224.5	16
-223.5	14.5
-222.5	18
-221.5	9
-220.5	12
-219.5	13
-218.5	6.5
-217.5	9.14286
-216.5	11
-215.5	13.1667
-214.5	6.5
-213.5	12
-212.5	9
-211.5	16
-210.5	7
-209.5	7
-208.5	11
-207.5	14.1588
-206.5	11
-205.5	8
-204.5	10
-203.5	16
-202.5	12
-201.5	11.5
-200.5	10
-199.5	16
-198.5	8
-197.5	9
-196.5	6
-195.5	7
-194.5	13
-193.5	11
-192.5	6.5
-191.5	9.5
-190.5	10
-189.5	12
-188.5	12
-187.5	13.1667
-186.5	8.64286
-185.5	8
-184.5	12
-183.5	7
-182.5	13.5
-181.5	10.5
-180.5	7
-179.5	13.0588
-178.5	7
-177.5	13.5
-176.5	18
-175.5	10.5
-174.5	7
-173.5	15
-172.5	8
-171.5	10.1111
-170.5	10
-169.5	8.5
-168.5	12
-167.5	10.6429
-166.5	12
-165.5	9
-164.5	8
-163.5	13.1
-162.5	11
-161.5	9.5
-160.5	11.5
-159.5	13
-158.5	14
-157.5	10
-156.5	20
-155.5	7
-154.5	10
-153.5	12.0588
-152.5	12
-151.5	6.5
-150.5	13.5
-149.5	12
-148.5	7
-147.5	10.5
-146.5	12
-145.5	13.5
-144.5	12
-143.5	9
-142.5	9
-141.5	9
-140.5	14
-139.5	10.5
-138.5	11
-137.5	14
-136.5	8.64286
-135.5	11
-134.5	9
-133.5	8
-132.5	15
-131.5	13
-130.5	14
-129.5	10
-128.5	12
-127.5	11
-126.5	13
-125.5	11.0588
-124.5	5
-123.5	7.5
-122.5	12
-121.5	12
-120.5	6
-119.5	10.1
-118.5	7
-117.5	12.5
-116.5	11.0769
-115.5	11
-114.5	12
-113.5	10
-112.5	10
-111.5	10
-110.5	13
-109.5	8
-108.5	14.5
-107.5	10.5
-106.5	11
-105.5	16.6429
-104.5	12
-103.5	8
-102.5	9
-101.5	12
-100.5	15
 -99.5	11.5588
 -98.5	7.16667
 -97.5	11
 -96.5	11
 -95.5	15
 -94.5	13.5769
 -93.5	10
 -92.5	16
 -91.5	14
 -90.5	8
 -89.5	8
 -88.5	10.5
 -87.5	12
 -86.5	14
 -85.5	6.5
 -84.5	10
 -83.5	5.61111
 -82.5	12.5
 -81.5	11
 -80.5	8
 -79.5	15
 -78.5	11
 -77.5	9
 -76.5	11
 -75.5	11.1
 -74.5	12
 -73.5	9.05882
 -72.5	11.0769
 -71.5	4
 -70.5	12
 -69.5	16.5
 -68.5	10
 -67.5	13
 -66.5	12
 -65.5	12
 -64.5	10
 -63.5	8
 -62.5	10.5
 -61.5	15
 -60.5	9
 -59.5	15
 -58.5	17
 -57.5	8
 -56.5	17.5
 -55.5	16.1429
 -54.5	11
 -53.5	10.5
 -52.5	11
 -51.5	10
 -50.5	11.2198
 -49.5	14
 -48.5	13
 -47.5	6
 -46.5	10
 -45.5	14.0588
 -44.5	8
 -43.5	14
 -42.5	9
 -41.5	14.5
 -40.5	15
 -39.5	7.11111
 -38.5	17
 -37.5	9.5
 -36.5	9
 -35.5	14
 -34.5	9.5
 -33.5	9
 -32.5	15
 -31.5	10.6
 -30.5	11
 -29.5	11
 -28.5	13
 -27.5	8
 -26.5	10.1429
 -25.5	14
 -24.5	15
 -23.5	16.5
 -22.5	14.5
 -21.5	20.1667
 -20.5	14.1429
 -19.5	9
 -18.5	14.5
 -17.5	18.0588
 -16.5	11
 -15.5	13
 -14.5	13
 -13.5	12
 -12.5	17
 -11.5	15.3333
 -10.5	12
  -9.5	8
  -8.5	15.5769
  -7.5	12
  -6.5	18
  -5.5	10
  -4.5	13
  -3.5	16
  -2.5	13
  -1.5	8.5
  -0.5	17.5
   0.5	13.5
   1.5	17
   2.5	16.6667
   3.5	18
   4.5	7.11111
   5.5	18
   6.5	12.5
   7.5	15.5
   8.5	16.5
   9.5	11.1429
  10.5	14.0588
  11.5	20
  12.5	15.1
  13.5	9.57692
  14.5	10.5
  15.5	15
  16.5	15
  17.5	17
  18.5	6
  19.5	23.5
  20.5	13
  21.5	11
  22.5	19.5
  23.5	8
  24.5	17.5
  25.5	14.5
  26.5	11.5
  27.5	14
  28.5	11.5
  29.5	10.6429
  30.5	8
  31.5	17.1667
  32.5	15
  33.5	17
  34.5	8.5
  35.5	20
  36.5	14.5
  37.5	13
  38.5	18.0588
  39.5	9
  40.5	7
  41.5	16
  42.5	19
  43.5	13
  44.5	20
  45.5	13.1667
  46.5	13
  47.5	13
  48.5	15.6111
  49.5	9.5
  50.5	17.5
  51.5	10.5
  52.5	15.5
  53.5	8.16667
  54.5	12.5
  55.5	12
  56.5	8.1
  57.5	10
  58.5	14
  59.5	8.5
  60.5	17
  61.5	12
  62.5	9.2
  63.5	17
  64.5	15
  65.5	17.5
  66.5	9.05882
  67.5	9.5
  68.5	12.5
  69.5	7
  70.5	18
  71.5	13
  72.5	15
  73.5	9
  74.5	17.3333
  75.5	7.5
  76.5	13
  77.5	10.0769
  78.5	10
  79.5	12
  80.5	16.0333
  81.5	19
  82.5	7.5
  83.5	13
  84.5	7.5
  85.5	8
  86.5	12.5
  87.5	15
  88.5	13
  89.5	11
  90.5	9
  91.5	12
  92.5	14.1699
  93.5	4
  94.5	17
  95.5	10.5
  96.5	13
  97.5	10
  98.5	9.5
  99.5	4.07692
 100.5	9.26667
 101.5	7
 102.5	9
 103.5	11
 104.5	11.5
 105.5	9
 106.5	6
 107.5	8
 108.5	9
 109.5	9
 110.5	9
 111.5	10.5
 112.5	8.5
 113.5	12
 114.5	11
 115.5	8.33333
 116.5	15.6667
 117.5	9
 118.5	13.0588
 119.5	8
 120.5	12.3333
 121.5	10.0769
 122.5	11
 123.5	11
 124.5	11.5
 125.5	9
 126.5	12
 127.5	12.5
 128.5	13.8333
 129.5	9
 130.5	8
 131.5	12
 132.5	12
 133.5	12
 134.5	15.2
 135.5	8
 136.5	16.1111
 137.5	9
 138.5	12
 139.5	12.5
 140.5	7
 141.5	10
 142.5	10
 143.5	11.0769
 144.5	14.1
 145.5	2
 146.5	11.0588
 147.5	14.5
 148.5	15
 149.5	7
 150.5	9
 151.5	10
 152.5	8
 153.5	9
 154.5	9
 155.5	10.8333
 156.5	11
 157.5	10
 158.5	12
 159.5	10
 160.5	10
 161.5	11
 162.5	9
 163.5	12
 164.5	7.07692
 165.5	9
 166.5	4.5
 167.5	9
 168.5	14
 169.5	12.5
 170.5	10
 171.5	5
 172.5	7.55882
 173.5	9.5
 174.5	10
 175.5	9.5
 176.5	8
 177.5	12
 178.5	7
 179.5	11
 180.5	18.254
 181.5	8
 182.5	6
 183.5	16
 184.5	11
 185.5	6
 186.5	6
 187.5	8.5
 188.5	9.3
 189.5	5
 190.5	13
 191.5	11
 192.5	11.5
 193.5	9.5
 194.5	10
 195.5	10.5
 196.5	10
 197.5	8
 198.5	13
 199.5	5.5
 200.5	14.0588
 201.5	12
 202.5	10
 203.5	14
 204.5	13
 205.5	11
 206.5	6
 207.5	12.0769
 208.5	6
 209.5	9
 210.5	11.1429
 211.5	9
 212.5	15
 213.5	10.5
 214.5	7.5
 215.5	8
 216.5	5
 217.5	8
 218.5	7
 219.5	13
 220.5	14.1429
 221.5	13
 222.5	9.16667
 223.5	10
 224.5	5.64444
 225.5	11
 226.5	12
 227.5	8
 228.5	10.0588
 229.5	6.07692
DB 2 MOTIF	MYF6_HUMAN.H11MO.0.C
-231.5	11.5333
-230.5	8.66667
-229.5	10.7
-228.5	6.83333
-227.5	12.0833
-226.5	6.75
-225.5	6.83333
-224.5	7.33333
-223.5	13.8333
-222.5	7.5
-221.5	10.3333
-220.5	6.83333
-219.5	6.33333
-218.5	5.33333
-217.5	11.9
-216.5	6.81111
-215.5	9.75
-214.5	13.5833
-213.5	9.66667
-212.5	10.3333
-211.5	5.08333
-210.5	9.75
-209.5	6.5
-208.5	5
-207.5	6.5
-206.5	8.25
-205.5	7.91667
-204.5	9
-203.5	4.83333
-202.5	8.66667
-201.5	8.83333
-200.5	5.27778
-199.5	6.78333
-198.5	6.86111
-197.5	8
-196.5	7.33333
-195.5	9.16667
-194.5	7.5
-193.5	12
-192.5	9.33333
-191.5	12.8333
-190.5	4.83333
-189.5	6.83333
-188.5	8.5
-187.5	8
-186.5	6.5
-185.5	8
-184.5	7.61111
-183.5	13.5
-182.5	11.75
-181.5	17.5
-180.5	5.25
-179.5	9.5
-178.5	9.66667
-177.5	11.5
-176.5	10.3333
-175.5	7
-174.5	10.9242
-173.5	13
-172.5	11.7
-171.5	4
-170.5	11.5
-169.5	10.6667
-168.5	15.3333
-167.5	9.7
-166.5	9.33333
-165.5	8.33333
-164.5	7.83333
-163.5	10.5
-162.5	8.83333
-161.5	13
-160.5	7.5
-159.5	6.5
-158.5	8
-157.5	9.53333
-156.5	4.45
-155.5	10.8667
-154.5	9.5
-153.5	6.83333
-152.5	4.5
-151.5	6
-150.5	8.64444
-149.5	14.7333
-148.5	5
-147.5	11.25
-146.5	10.25
-145.5	12.25
-144.5	5.83333
-143.5	6.16667
-142.5	10.6667
-141.5	8
-140.5	3.83333
-139.5	8.66667
-138.5	10.8333
-137.5	13
-136.5	11.8333
-135.5	8
-134.5	7.45
-133.5	5.83333
-132.5	3.5
-131.5	9
-130.5	11.25
-129.5	9.75
-128.5	9
-127.5	11.75
-126.5	11.3611
-125.5	6
-124.5	4.66667
-123.5	11.8333
-122.5	12.5
-121.5	6.5
-120.5	8.59091
-119.5	3.83333
-118.5	7
-117.5	8.33333
-116.5	8.08333
-115.5	6.4
-114.5	12.6667
-113.5	10.1667
-112.5	6.25
-111.5	12.5833
-110.5	7.75
-109.5	5
-108.5	12
-107.5	8.75758
-106.5	7
-105.5	4.83333
-104.5	10
-103.5	10
-102.5	10.4
-101.5	7.5
-100.5	12
 -99.5	4
 -98.5	9.5
 -97.5	11.0833
 -96.5	8.5
 -95.5	7.75
 -94.5	11.5833
 -93.5	10.1667
 -92.5	7.33333
 -91.5	9.83333
 -90.5	9.11111
 -89.5	11.5
 -88.5	10.8333
 -87.5	12.3333
 -86.5	9.16667
 -85.5	11.8333
 -84.5	7.33333
 -83.5	5.25
 -82.5	5.16667
 -81.5	10
 -80.5	11
 -79.5	8.5
 -78.5	16.6667
 -77.5	11.5833
 -76.5	9.91667
 -75.5	13
 -74.5	11.1111
 -73.5	8.5
 -72.5	3
 -71.5	10.3333
 -70.5	7.83333
 -69.5	11.5
 -68.5	9
 -67.5	10.3333
 -66.5	8
 -65.5	9.5
 -64.5	5
 -63.5	9.5
 -62.5	7.23333
 -61.5	8.5
 -60.5	12
 -59.5	11.1667
 -58.5	11.8333
 -57.5	12.8333
 -56.5	10.3333
 -55.5	13
 -54.5	9.03535
 -53.5	7.33333
 -52.5	7.5
 -51.5	13.3333
 -50.5	13
 -49.5	11.9444
 -48.5	7.77778
 -47.5	13
 -46.5	13.4167
 -45.5	10.0833
 -44.5	8
 -43.5	9
 -42.5	7.66667
 -41.5	10.3333
 -40.5	6
 -39.5	11
 -38.5	8.33333
 -37.5	7.91667
 -36.5	14.75
 -35.5	10
 -34.5	8.7
 -33.5	10.0833
 -32.5	13.6667
 -31.5	17.5
 -30.5	9.5
 -29.5	9.83333
 -28.5	12
 -27.5	11.75
 -26.5	12.6667
 -25.5	12.1667
 -24.5	5.5
 -23.5	11.5
 -22.5	14.0333
 -21.5	9.36111
 -20.5	11.75
 -19.5	15.25
 -18.5	12.8611
 -17.5	10
 -16.5	16.6944
 -15.5	11.75
 -14.5	7.17424
 -13.5	17.5
 -12.5	13.3333
 -11.5	12
 -10.5	8.5
  -9.5	5.5
  -8.5	11.7
  -7.5	9.11111
  -6.5	4.66667
  -5.5	9.5
  -4.5	4.83333
  -3.5	10.0333
  -2.5	8.28333
  -1.5	8.08333
  -0.5	3.33333
   0.5	6.16667
   1.5	10
   2.5	11.1667
   3.5	5
   4.5	12.1667
   5.5	11
   6.5	14
   7.5	4
   8.5	10
   9.5	11
  10.5	12.3333
  11.5	12.3333
  12.5	7.59091
  13.5	12.3333
  14.5	10.9444
  15.5	12.5
  16.5	11
  17.5	8.94444
  18.5	15.3333
  19.5	7.5
  20.5	5.83333
  21.5	11
  22.5	9.83333
  23.5	11.5
  24.5	11.5
  25.5	7.5
  26.5	9.83333
  27.5	13.3333
  28.5	11.7833
  29.5	6.66667
  30.5	9.58333
  31.5	10.8333
  32.5	11.1667
  33.5	12
  34.5	12.8333
  35.5	11.25
  36.5	6
  37.5	10.3333
  38.5	6.09091
  39.5	7
  40.5	12.8333
  41.5	12
  42.5	10.5
  43.5	9.5
  44.5	4
  45.5	8.25
  46.5	15.0833
  47.5	8.5
  48.5	7.83333
  49.5	10.3333
  50.5	9.83333
  51.5	10.6667
  52.5	11.8333
  53.5	13.3611
  54.5	6
  55.5	9.16667
  56.5	7.16667
  57.5	10.8611
  58.5	2.75
  59.5	5
  60.5	16.5833
  61.5	6.66667
  62.5	10.4444
  63.5	12.8333
  64.5	13.3333
  65.5	11.5
  66.5	15.3333
  67.5	8.25
  68.5	8.25
  69.5	14
  70.5	10
  71.5	8.5
  72.5	7.7
  73.5	5.75
  74.5	12.25
  75.5	10.5
  76.5	8.94444
  77.5	9.33333
  78.5	7.5
  79.5	8.83333
  80.5	7
  81.5	11
  82.5	8
  83.5	6.81111
  84.5	9.75
  85.5	14.75
  86.5	8
  87.5	12.3333
  88.5	10.75
  89.5	7.94444
  90.5	14.3333
  91.5	9.66667
  92.5	8.83333
  93.5	13.3333
  94.5	11.5833
  95.5	13.8333
  96.5	12.1667
  97.5	4.83333
  98.5	11
  99.5	9.83333
 100.5	5.28535
 101.5	13.45
 102.5	7.03333
 103.5	8.5
 104.5	12
 105.5	4.08333
 106.5	7.75
 107.5	8
 108.5	8.75
 109.5	8.58333
 110.5	10.8333
 111.5	9.25
 112.5	8.16667
 113.5	9.5
 114.5	8.5
 115.5	8.83333
 116.5	8
 117.5	10.25
 118.5	13.25
 119.5	8.5
 120.5	13.3333
 121.5	7.5
 122.5	12.75
 123.5	8.08333
 124.5	6.75
 125.5	9.44444
 126.5	3.5
 127.5	3.5
 128.5	7.58333
 129.5	9.25
 130.5	6
 131.5	12.5
 132.5	9.5
 133.5	11.5
 134.5	6.83333
 135.5	5.5
 136.5	10.6667
 137.5	6.5
 138.5	7.5
 139.5	7.33333
 140.5	6.94444
 141.5	3.33333
 142.5	9.91667
 143.5	10.95
 144.5	9.42424
 145.5	6.16667
 146.5	6.75
 147.5	13.5
 148.5	3.95
 149.5	12.3667
 150.5	9
 151.5	8.5
 152.5	8
 153.5	7
 154.5	4.5
 155.5	8
 156.5	6.16667
 157.5	11.75
 158.5	10.5833
 159.5	11.8333
 160.5	5.33333
 161.5	10.5
 162.5	9.2
 163.5	14.5
 164.5	7.66667
 165.5	7.5
 166.5	8
 167.5	7.75
 168.5	5.25
 169.5	10.25
 170.5	7.61111
 171.5	3
 172.5	9
 173.5	8.83333
 174.5	6.33333
 175.5	6.83333
 176.5	11
 177.5	7.5
 178.5	3.5
 179.5	9.5
 180.5	10
 181.5	4
 182.5	8.5
 183.5	12.8333
 184.5	9.42424
 185.5	6.83333
 186.5	6.5
 187.5	6.08333
 188.5	10.5833
 189.5	10
 190.5	12.6667
 191.5	5.83333
 192.5	9.16667
 193.5	4.16667
 194.5	7.33333
 195.5	5.5
 196.5	5.25
 197.5	7.34091
 198.5	6
 199.5	5.5
 200.5	8.83333
 201.5	6
 202.5	9
 203.5	8.08333
 204.5	6
 205.5	7.5
 206.5	5
 207.5	10
 208.5	9
 209.5	5
 210.5	7.5
 211.5	8.5
 212.5	9.5
 213.5	6.75
 214.5	3.41667
 215.5	8.08333
 216.5	9.33333
 217.5	9.41667
 218.5	8.08333
 219.5	12.75
 220.5	12.5833
 221.5	8.33333
 222.5	10.8333
 223.5	7.33333
 224.5	3.5
 225.5	12.3333
 226.5	5.83333
 227.5	7.5
 228.5	6.5
 229.5	11.8333
 230.5	6.5
 231.5	9.5
DB 2 MOTIF	MYOD1_HUMAN.H11MO.1.A
-229.5	13
-228.5	15.5
-227.5	6.5
-226.5	13
-225.5	6
-224.5	11
-223.5	15.0667
-222.5	15
-221.5	14.5
-220.5	12.5
-219.5	5
-218.5	11
-217.5	10.25
-216.5	15.5
-215.5	9.5
-214.5	11.8333
-213.5	10
-212.5	10
-211.5	9.33333
-210.5	8
-209.5	13
-208.5	11.8333
-207.5	11.5
-206.5	11
-205.5	10.5667
-204.5	13
-203.5	16
-202.5	11.5
-201.5	13
-200.5	10
-199.5	8
-198.5	14.125
-197.5	8
-196.5	9
-195.5	12
-194.5	5
-193.5	8.5
-192.5	9
-191.5	8
-190.5	12
-189.5	14
-188.5	13
-187.5	4
-186.5	8
-185.5	5
-184.5	10.5
-183.5	12.5
-182.5	25
-181.5	12
-180.5	12
-179.5	11
-178.5	9
-177.5	17
-176.5	11
-175.5	14
-174.5	14
-173.5	17
-172.5	11
-171.5	17.5
-170.5	16
-169.5	11
-168.5	12
-167.5	13
-166.5	13
-165.5	18
-164.5	10
-163.5	7
-162.5	12
-161.5	8
-160.5	14
-159.5	9
-158.5	13
-157.5	5
-156.5	11
-155.5	11
-154.5	12
-153.5	15
-152.5	8
-151.5	10.5
-150.5	9
-149.5	9.5
-148.5	10
-147.5	12
-146.5	12.5
-145.5	15.0667
-144.5	8
-143.5	5
-142.5	12
-141.5	9
-140.5	12
-139.5	9
-138.5	9.33333
-137.5	12
-136.5	12
-135.5	15.3333
-134.5	12
-133.5	6
-132.5	8.83333
-131.5	13
-130.5	10
-129.5	17.5
-128.5	14
-127.5	7
-126.5	11.125
-125.5	6
-124.5	8.83333
-123.5	7
-122.5	9
-121.5	14.5
-120.5	9
-119.5	14
-118.5	13
-117.5	12
-116.5	9
-115.5	12.0833
-114.5	14.5
-113.5	8.5
-112.5	11.0833
-111.5	14
-110.5	12
-109.5	12.5833
-108.5	10.5
-107.5	15
-106.5	10.0833
-105.5	14
-104.5	8.5
-103.5	10.0833
-102.5	11.5
-101.5	14
-100.5	12.0833
 -99.5	11
 -98.5	9
 -97.5	12.0833
 -96.5	12
 -95.5	10
 -94.5	5.58333
 -93.5	11
 -92.5	8.5
 -91.5	6.08333
 -90.5	5.125
 -89.5	13
 -88.5	20.0833
 -87.5	8
 -86.5	10.5
 -85.5	10.0833
 -84.5	15
 -83.5	10
 -82.5	6.08333
 -81.5	15
 -80.5	7
 -79.5	12
 -78.5	9
 -77.5	17
 -76.5	12
 -75.5	12.3167
 -74.5	10
 -73.5	8
 -72.5	14.5
 -71.5	10
 -70.5	11
 -69.5	8
 -68.5	18
 -67.5	11.5
 -66.5	17.5
 -65.5	11
 -64.5	7.33333
 -63.5	13.5
 -62.5	16
 -61.5	11
 -60.5	8.5
 -59.5	15
 -58.5	13
 -57.5	16
 -56.5	20
 -55.5	13.0667
 -54.5	11.125
 -53.5	10
 -52.5	10
 -51.5	12
 -50.5	14.5
 -49.5	14.25
 -48.5	19
 -47.5	9.5
 -46.5	15
 -45.5	13
 -44.5	12
 -43.5	14
 -42.5	10
 -41.5	7
 -40.5	11
 -39.5	10.1667
 -38.5	10
 -37.5	23
 -36.5	14.1667
 -35.5	10
 -34.5	13
 -33.5	14.1667
 -32.5	12.5
 -31.5	12
 -30.5	18.1667
 -29.5	7
 -28.5	12
 -27.5	10.1667
 -26.5	17
 -25.5	9.5
 -24.5	9.16667
 -23.5	11
 -22.5	20.1
 -21.5	13.5
 -20.5	10.5
 -19.5	13.8333
 -18.5	18
 -17.5	18
 -16.5	11.5
 -15.5	9.5
 -14.5	11.5
 -13.5	17.5
 -12.5	25
 -11.5	11
 -10.5	9.5
  -9.5	11.5
  -8.5	13.5
  -7.5	17
  -6.5	14.5
  -5.5	5.56667
  -4.5	10
  -3.5	10
  -2.5	16.1
  -1.5	14
  -0.5	13
   0.5	15
   1.5	11
   2.5	14
   3.5	18
   4.5	9.06667
   5.5	16
   6.5	7
   7.5	14.6667
   8.5	8
   9.5	18.3333
  10.5	13.3333
  11.5	18
  12.5	17
  13.5	14.3333
  14.5	17
  15.5	15
  16.5	6.5
  17.5	10.225
  18.5	7.5
  19.5	13.5
  20.5	14
  21.5	10.3333
  22.5	13.5
  23.5	18
  24.5	9.4
  25.5	7.33333
  26.5	10.5
  27.5	10
  28.5	6.5
  29.5	12
  30.5	7
  31.5	13
  32.5	15
  33.5	10.5
  34.5	23
  35.5	12
  36.5	12.5
  37.5	11.1
  38.5	12
  39.5	9.5
  40.5	10
  41.5	12
  42.5	19
  43.5	13
  44.5	8
  45.5	6
  46.5	16
  47.5	16.6
  48.5	11
  49.5	7
  50.5	11.25
  51.5	14.75
  52.5	10.8333
  53.5	9.125
  54.5	11
  55.5	14.1667
  56.5	16
  57.5	10.75
  58.5	10.3333
  59.5	12
  60.5	17.5
  61.5	15.5
  62.5	13
  63.5	12
  64.5	13.75
  65.5	12
  66.5	12
  67.5	17.6
  68.5	13.0667
  69.5	9.25
  70.5	12
  71.5	13.25
  72.5	10.5
  73.5	11
  74.5	8
  75.5	12
  76.5	14
  77.5	7
  78.5	15.0667
  79.5	11
  80.5	15
  81.5	14
  82.5	8.25
  83.5	7.5
  84.5	11
  85.5	19.5
  86.5	16
  87.5	11.4333
  88.5	10.5
  89.5	12.125
  90.5	15.0833
  91.5	14.5
  92.5	12.5
  93.5	11.0833
  94.5	12
  95.5	11.5
  96.5	13.0833
  97.5	8.1
  98.5	13.5
  99.5	12.0833
 100.5	12
 101.5	17.5
 102.5	14.5833
 103.5	10
 104.5	8
 105.5	16.0833
 106.5	6.5
 107.5	10
 108.5	8.08333
 109.5	12
 110.5	10
 111.5	11.0833
 112.5	13
 113.5	15.25
 114.5	12.0833
 115.5	9
 116.5	19
 117.5	13.0833
 118.5	8.5
 119.5	15
 120.5	12.0833
 121.5	15
 122.5	16.5
 123.5	4.5
 124.5	10
 125.5	15.625
 126.5	9.5
 127.5	12
 128.5	5.06667
 129.5	11.5
 130.5	16
 131.5	11
 132.5	12
 133.5	15
 134.5	9
 135.5	11.5
 136.5	5
 137.5	13.1
 138.5	14
 139.5	7
 140.5	9.5
 141.5	8
 142.5	9.5
 143.5	13.5
 144.5	9.5
 145.5	10.5
 146.5	10
 147.5	14
 148.5	9.5
 149.5	9.5
 150.5	9
 151.5	14
 152.5	11.5
 153.5	4.5
 154.5	11
 155.5	11.0667
 156.5	10.5
 157.5	8.43333
 158.5	11
 159.5	11
 160.5	13.3333
 161.5	7
 162.5	17.5
 163.5	13.3333
 164.5	16
 165.5	8
 166.5	7
 167.5	7
 168.5	16
 169.5	10
 170.5	14
 171.5	10
 172.5	17
 173.5	7
 174.5	6
 175.5	6.06667
 176.5	7
 177.5	13
 178.5	5
 179.5	7
 180.5	9.5
 181.5	14
 182.5	16.3333
 183.5	15
 184.5	11
 185.5	15.5
 186.5	10
 187.5	11
 188.5	9
 189.5	10
 190.5	12
 191.5	16
 192.5	11
 193.5	10
 194.5	7
 195.5	16.5667
 196.5	7
 197.5	10
 198.5	13
 199.5	6
 200.5	9
 201.5	11
 202.5	16
 203.5	13
 204.5	12.5
 205.5	6.06667
 206.5	8
 207.5	12
 208.5	11
 209.5	8.33333
 210.5	15
 211.5	11.5
 212.5	8.7
 213.5	13
 214.5	10
 215.5	14.2
 216.5	12
 217.5	10
 218.5	9.2
 219.5	17
 220.5	17
 221.5	15.2
 222.5	12
 223.5	9
 224.5	10.2
 225.5	8.5
 226.5	6.5
 227.5	11.3333
 228.5	15.5
 229.5	11
DB 2 MOTIF	MYOG_HUMAN.H11MO.0.B
-228.5	10
-227.5	8
-226.5	9
-225.5	9
-224.5	8
-223.5	11.5
-222.5	10
-221.5	11
-220.5	9
-219.5	9
-218.5	9
-217.5	12
-216.5	9.5
-215.5	9.5
-214.5	20
-213.5	12
-212.5	5
-211.5	10
-210.5	7
-209.5	11.5
-208.5	9.5
-207.5	7.5
-206.5	11
-205.5	8
-204.5	12
-203.5	9
-202.5	13
-201.5	8
-200.5	7
-199.5	11
-198.5	13
-197.5	10
-196.5	6
-195.5	4
-194.5	7
-193.5	7
-192.5	11
-191.5	11
-190.5	15
-189.5	9
-188.5	9
-187.5	10
-186.5	7
-185.5	6
-184.5	8
-183.5	15
-182.5	12
-181.5	17
-180.5	11
-179.5	8
-178.5	16
-177.5	9
-176.5	13.5
-175.5	9.5
-174.5	9
-173.5	13
-172.5	14
-171.5	10
-170.5	12
-169.5	10
-168.5	22
-167.5	12.5
-166.5	11
-165.5	10
-164.5	7
-163.5	10.5
-162.5	8
-161.5	16
-160.5	11
-159.5	12
-158.5	12
-157.5	13
-156.5	7
-155.5	7
-154.5	15
-153.5	7
-152.5	7.5
-151.5	9
-150.5	9.5
-149.5	7.5
-148.5	8
-147.5	16
-146.5	20
-145.5	11
-144.5	7
-143.5	6
-142.5	7
-141.5	9
-140.5	5
-139.5	8
-138.5	11
-137.5	13
-136.5	14
-135.5	11
-134.5	9
-133.5	12
-132.5	5
-131.5	7
-130.5	15
-129.5	11
-128.5	14
-127.5	10
-126.5	13.5
-125.5	10
-124.5	4
-123.5	8.33333
-122.5	10
-121.5	12
-120.5	15
-119.5	9
-118.5	10
-117.5	9
-116.5	13.0833
-115.5	8
-114.5	14
-113.5	13.0833
-112.5	7.5
-111.5	11
-110.5	8.08333
-109.5	5
-108.5	11.5
-107.5	11.0833
-106.5	16
-105.5	9
-104.5	8.08333
-103.5	9
-102.5	5
-101.5	13.0833
-100.5	18
 -99.5	7
 -98.5	13.0833
 -97.5	13
 -96.5	11
 -95.5	8.08333
 -94.5	9.5
 -93.5	9.5
 -92.5	10.0833
 -91.5	10
 -90.5	12
 -89.5	5.08333
 -88.5	16.5
 -87.5	16.5
 -86.5	12.5833
 -85.5	12
 -84.5	6
 -83.5	10.0833
 -82.5	10
 -81.5	5
 -80.5	9.5
 -79.5	10
 -78.5	17
 -77.5	15
 -76.5	13
 -75.5	9
 -74.5	7.5
 -73.5	17
 -72.5	7
 -71.5	12
 -70.5	8
 -69.5	18
 -68.5	12.5
 -67.5	12
 -66.5	11.5
 -65.5	18
 -64.5	19
 -63.5	9.33333
 -62.5	7
 -61.5	13.5
 -60.5	17
 -59.5	8
 -58.5	13
 -57.5	15
 -56.5	14
 -55.5	16
 -54.5	16
 -53.5	9
 -52.5	10
 -51.5	8
 -50.5	14
 -49.5	20
 -48.5	12
 -47.5	10
 -46.5	16
 -45.5	16
 -44.5	10
 -43.5	11
 -42.5	9
 -41.5	9
 -40.5	8
 -39.5	9
 -38.5	11
 -37.5	13.5
 -36.5	19
 -35.5	13
 -34.5	13
 -33.5	8
 -32.5	13
 -31.5	12
 -30.5	9
 -29.5	12
 -28.5	15
 -27.5	11
 -26.5	10
 -25.5	9
 -24.5	11
 -23.5	12.5
 -22.5	14.5
 -21.5	17
 -20.5	9.83333
 -19.5	16
 -18.5	14
 -17.5	11
 -16.5	16
 -15.5	15
 -14.5	11
 -13.5	11
 -12.5	17
 -11.5	12
 -10.5	9.5
  -9.5	11
  -8.5	11
  -7.5	14
  -6.5	11
  -5.5	5
  -4.5	9
  -3.5	16
  -2.5	9
  -1.5	11
  -0.5	10
   0.5	12
   1.5	20
   2.5	14
   3.5	11
   4.5	15.5
   5.5	16
   6.5	14.3333
   7.5	5
   8.5	10
   9.5	10
  10.5	9.5
  11.5	14
  12.5	13
  13.5	16
  14.5	10.5
  15.5	7
  16.5	12
  17.5	13
  18.5	14
  19.5	7
  20.5	8
  21.5	15.5
  22.5	15
  23.5	10
  24.5	9.33333
  25.5	8
  26.5	7.5
  27.5	12
  28.5	10
  29.5	10.5
  30.5	10
  31.5	11
  32.5	10
  33.5	19
  34.5	6
  35.5	15
  36.5	6
  37.5	10
  38.5	10
  39.5	11
  40.5	11
  41.5	13
  42.5	9
  43.5	10
  44.5	3
  45.5	14
  46.5	19
  47.5	8.5
  48.5	12
  49.5	9
  50.5	9
  51.5	14
  52.5	13
  53.5	10
  54.5	15.5
  55.5	12
  56.5	16.3333
  57.5	12.5
  58.5	5
  59.5	13
  60.5	19
  61.5	12
  62.5	10.5
  63.5	14.5
  64.5	12
  65.5	15
  66.5	15
  67.5	10
  68.5	13
  69.5	16
  70.5	10
  71.5	10
  72.5	15
  73.5	4
  74.5	12
  75.5	8
  76.5	5
  77.5	10
  78.5	11
  79.5	15
  80.5	15.5
  81.5	15
  82.5	10
  83.5	10
  84.5	13
  85.5	5
  86.5	10.0833
  87.5	12
  88.5	8.5
  89.5	14.5833
  90.5	12
  91.5	12
  92.5	13.0833
  93.5	13
  94.5	12
  95.5	14.0833
  96.5	17
  97.5	11
  98.5	11.0833
  99.5	7
 100.5	15.5
 101.5	14.5833
 102.5	11
 103.5	8
 104.5	17.0833
 105.5	5
 106.5	9
 107.5	8.08333
 108.5	9
 109.5	14
 110.5	12.0833
 111.5	10
 112.5	12
 113.5	15.0833
 114.5	12
 115.5	8
 116.5	12.0833
 117.5	13
 118.5	13
 119.5	8.08333
 120.5	12
 121.5	15
 122.5	10
 123.5	13
 124.5	5
 125.5	11.5
 126.5	14
 127.5	4.5
 128.5	6
 129.5	16.5
 130.5	14.5
 131.5	15.5
 132.5	10
 133.5	8
 134.5	9
 135.5	6
 136.5	15
 137.5	8
 138.5	9
 139.5	9
 140.5	8
 141.5	11
 142.5	8.5
 143.5	9.5
 144.5	10
 145.5	10
 146.5	11
 147.5	12.5
 148.5	5
 149.5	14
 150.5	11
 151.5	11
 152.5	12
 153.5	11
 154.5	8
 155.5	11
 156.5	7
 157.5	15
 158.5	8.33333
 159.5	11
 160.5	6
 161.5	11.8333
 162.5	11
 163.5	17
 164.5	12.3333
 165.5	7
 166.5	9
 167.5	8
 168.5	3
 169.5	11
 170.5	12
 171.5	10
 172.5	5
 173.5	11
 174.5	11
 175.5	7
 176.5	8
 177.5	5
 178.5	12
 179.5	9
 180.5	10
 181.5	16.3333
 182.5	10
 183.5	14
 184.5	16
 185.5	7
 186.5	10
 187.5	7
 188.5	8
 189.5	15
 190.5	11
 191.5	4
 192.5	13
 193.5	4
 194.5	11.5
 195.5	7
 196.5	7
 197.5	7
 198.5	6
 199.5	6
 200.5	9
 201.5	9
 202.5	9
 203.5	14
 204.5	4
 205.5	9
 206.5	12
 207.5	14
 208.5	7.33333
 209.5	9
 210.5	6
 211.5	14
 212.5	13
 213.5	6
 214.5	7
 215.5	11
 216.5	13.5
 217.5	11.5
 218.5	13
 219.5	20
 220.5	8
 221.5	10
 222.5	8
 223.5	10
 224.5	9
 225.5	11.5
 226.5	10.8333
 227.5	9.5
 228.5	8
DB 2 MOTIF	NDF2_HUMAN.H11MO.0.B
-230.5	13
-229.5	11
-228.5	8.5
-227.5	14
-226.5	11
-225.5	4
-224.5	13
-223.5	15
-222.5	14
-221.5	11
-220.5	10
-219.5	9
-218.5	8.5
-217.5	16.5
-216.5	10
-215.5	7
-214.5	17
-213.5	11
-212.5	8
-211.5	10
-210.5	7
-209.5	10
-208.5	10.5
-207.5	10.8333
-206.5	12.5
-205.5	13
-204.5	14
-203.5	11.5
-202.5	12
-201.5	9.5
-200.5	12.3333
-199.5	12.6111
-198.5	16
-197.5	14.5
-196.5	11.25
-195.5	14
-194.5	6.5
-193.5	11
-192.5	17
-191.5	12
-190.5	14
-189.5	9
-188.5	10
-187.5	11
-186.5	13
-185.5	14.1667
-184.5	13.5
-183.5	17.5
-182.5	16
-181.5	13.8333
-180.5	14.3333
-179.5	14.5
-178.5	14
-177.5	13
-176.5	13
-175.5	11.5
-174.5	12.5833
-173.5	16
-172.5	8
-171.5	11
-170.5	11.3333
-169.5	12
-168.5	16
-167.5	13
-166.5	17
-165.5	10.5
-164.5	10.6667
-163.5	14
-162.5	6
-161.5	17
-160.5	13
-159.5	11.5
-158.5	17
-157.5	8.5
-156.5	11
-155.5	9.5
-154.5	11
-153.5	9
-152.5	9
-151.5	8
-150.5	14.5
-149.5	16
-148.5	7
-147.5	14
-146.5	17
-145.5	9
-144.5	13.8333
-143.5	10.1667
-142.5	8
-141.5	11
-140.5	16
-139.5	14
-138.5	13
-137.5	18.5
-136.5	16.5
-135.5	10
-134.5	15.5
-133.5	14
-132.5	11
-131.5	9.25
-130.5	12.5
-129.5	9.5
-128.5	15.5
-127.5	11.1111
-126.5	13.5
-125.5	11
-124.5	5
-123.5	14.25
-122.5	13.1667
-121.5	14
-120.5	13.5
-119.5	14
-118.5	11
-117.5	11
-116.5	17.0769
-115.5	11
-114.5	14.5
-113.5	14.0769
-112.5	12.5
-111.5	10
-110.5	14.0769
-109.5	10.75
-108.5	12
-107.5	10.0769
-106.5	14
-105.5	12
-104.5	19.0769
-103.5	14
-102.5	9
-101.5	14.2436
-100.5	18
 -99.5	6.5
 -98.5	19.5769
 -97.5	16.6429
 -96.5	11.8333
 -95.5	15.5769
 -94.5	11.5
 -93.5	13.5
 -92.5	11.0769
 -91.5	11.1111
 -90.5	10.5
 -89.5	18.5769
 -88.5	15
 -87.5	11.6429
 -86.5	14.5769
 -85.5	14.5
 -84.5	3
 -83.5	11.5769
 -82.5	10.5
 -81.5	12
 -80.5	12.0769
 -79.5	12.5
 -78.5	19
 -77.5	18.1429
 -76.5	14
 -75.5	9
 -74.5	4.33333
 -73.5	13
 -72.5	15
 -71.5	13.8333
 -70.5	11.5
 -69.5	14.5
 -68.5	9.83333
 -67.5	15
 -66.5	17
 -65.5	14
 -64.5	10
 -63.5	10.25
 -62.5	5
 -61.5	14.5
 -60.5	25.5
 -59.5	14
 -58.5	17.5
 -57.5	19
 -56.5	15.5
 -55.5	14.1111
 -54.5	13
 -53.5	6.5
 -52.5	16
 -51.5	8.5
 -50.5	9.5
 -49.5	15.5
 -48.5	13
 -47.5	19.5
 -46.5	14
 -45.5	12.3333
 -44.5	13
 -43.5	9.5
 -42.5	15.5
 -41.5	14.5
 -40.5	13.6429
 -39.5	13
 -38.5	19.5
 -37.5	10.6429
 -36.5	19.5
 -35.5	9.5
 -34.5	18.6429
 -33.5	13
 -32.5	15
 -31.5	11.1429
 -30.5	13
 -29.5	12
 -28.5	11.1429
 -27.5	14
 -26.5	12.5
 -25.5	15.1429
 -24.5	9
 -23.5	11.5
 -22.5	16.6429
 -21.5	16.5
 -20.5	22
 -19.5	22.6111
 -18.5	25
 -17.5	12.5
 -16.5	11.5
 -15.5	18.1429
 -14.5	12
 -13.5	17
 -12.5	18.5
 -11.5	18.5
 -10.5	13
  -9.5	20
  -8.5	17
  -7.5	14
  -6.5	13
  -5.5	6
  -4.5	16.5
  -3.5	18.8333
  -2.5	16.75
  -1.5	16
  -0.5	7
   0.5	13.5
   1.5	15.25
   2.5	18
   3.5	20
   4.5	15
   5.5	18.5
   6.5	14.5
   7.5	6.33333
   8.5	17.5
   9.5	15
  10.5	13.5
  11.5	13.3333
  12.5	20.5
  13.5	12
  14.5	9.66667
  15.5	19
  16.5	16.1111
  17.5	7.5
  18.5	12.5
  19.5	17
  20.5	10.5
  21.5	17
  22.5	24.5
  23.5	15.5
  24.5	15
  25.5	12.5
  26.5	17
  27.5	15
  28.5	12.5
  29.5	15
  30.5	10
  31.5	8
  32.5	15
  33.5	17
  34.5	9
  35.5	11.5
  36.5	14
  37.5	13.5
  38.5	17
  39.5	11
  40.5	17.25
  41.5	19
  42.5	12
  43.5	20
  44.5	9
  45.5	9
  46.5	17
  47.5	16
  48.5	12.5
  49.5	12
  50.5	12.5
  51.5	11.5
  52.5	9.61111
  53.5	8
  54.5	9
  55.5	12
  56.5	15.25
  57.5	14
  58.5	10
  59.5	12
  60.5	26
  61.5	13.3333
  62.5	10.5
  63.5	18.5
  64.5	13
  65.5	15.1429
  66.5	10
  67.5	10.5
  68.5	14.5
  69.5	16
  70.5	14.5
  71.5	10
  72.5	16
  73.5	7.5
  74.5	10.5
  75.5	12.5
  76.5	15
  77.5	12
  78.5	8.5
  79.5	15.75
  80.5	8
  81.5	12
  82.5	15
  83.5	9
  84.5	11
  85.5	7.64286
  86.5	14.0769
  87.5	9
  88.5	6.11111
  89.5	14.0769
  90.5	14
  91.5	11.5
  92.5	14.5769
  93.5	10
  94.5	17.5
  95.5	12.0769
  96.5	22.5
  97.5	11.5
  98.5	9.07692
  99.5	14
 100.5	15
 101.5	15.0769
 102.5	13
 103.5	15.5
 104.5	11.5769
 105.5	11.1429
 106.5	11
 107.5	13.0769
 108.5	11
 109.5	14.3333
 110.5	10.0769
 111.5	13.8333
 112.5	12.5
 113.5	18.0769
 114.5	13.3333
 115.5	17
 116.5	13.0769
 117.5	13.3333
 118.5	11.25
 119.5	13.0769
 120.5	17.3333
 121.5	8
 122.5	17.0769
 123.5	12.3333
 124.5	9.44444
 125.5	12
 126.5	15.3333
 127.5	10.5
 128.5	9
 129.5	14
 130.5	14.5
 131.5	13.5
 132.5	9.5
 133.5	8
 134.5	9
 135.5	17.5
 136.5	18
 137.5	9
 138.5	14
 139.5	15.5
 140.5	12.5
 141.5	14.5
 142.5	12.5
 143.5	9
 144.5	14
 145.5	6
 146.5	8.5
 147.5	7
 148.5	8
 149.5	12
 150.5	11
 151.5	13.5
 152.5	10.5
 153.5	11.5
 154.5	12.3333
 155.5	12.75
 156.5	6
 157.5	16.3333
 158.5	15.75
 159.5	16
 160.5	10
 161.5	19.25
 162.5	16
 163.5	19.5
 164.5	12.25
 165.5	15.5
 166.5	5
 167.5	15
 168.5	17
 169.5	14.5
 170.5	12.5
 171.5	14
 172.5	8
 173.5	18
 174.5	10.5
 175.5	8.5
 176.5	22.5
 177.5	11.5
 178.5	8
 179.5	10
 180.5	7
 181.5	15.75
 182.5	14
 183.5	18.5
 184.5	18.8333
 185.5	11.5
 186.5	8
 187.5	8
 188.5	10
 189.5	19
 190.5	11
 191.5	10
 192.5	16.5
 193.5	9.5
 194.5	14
 195.5	9
 196.5	8
 197.5	11
 198.5	10
 199.5	8.75
 200.5	11.5
 201.5	9
 202.5	7
 203.5	21.3333
 204.5	11.5
 205.5	11
 206.5	18
 207.5	14.5
 208.5	6.25
 209.5	9
 210.5	13
 211.5	14.5
 212.5	12.5
 213.5	14.7
 214.5	10.3333
 215.5	11
 216.5	19.7
 217.5	12
 218.5	15
 219.5	13.7
 220.5	11
 221.5	7.5
 222.5	12.7
 223.5	14
 224.5	11.8333
 225.5	16.7
 226.5	15.25
 227.5	10
 228.5	18.5
 229.5	14
 230.5	18
DB 2 MOTIF	PTF1A_HUMAN.H11MO.1.B
-230.5	14
-229.5	18
-228.5	14.5
-227.5	19
-226.5	7
-225.5	12
-224.5	9
-223.5	15.5
-222.5	15
-221.5	10.5
-220.5	10.5
-219.5	9
-218.5	11.5
-217.5	18.2
-216.5	9.25
-215.5	11.5
-214.5	16
-213.5	15.25
-212.5	12.5
-211.5	13
-210.5	10.25
-209.5	7
-208.5	20
-207.5	21.0833
-206.5	8.5
-205.5	18
-204.5	21.5
-203.5	10.5
-202.5	14.2
-201.5	12.5
-200.5	16
-199.5	15.5
-198.5	22.625
-197.5	10.5
-196.5	15
-195.5	9.33333
-194.5	11.5
-193.5	15
-192.5	17
-191.5	13.5
-190.5	13
-189.5	10
-188.5	14
-187.5	14
-186.5	15
-185.5	10.3333
-184.5	15.5
-183.5	5.5
-182.5	17.5
-181.5	23.1667
-180.5	20.8333
-179.5	11.5
-178.5	21.3333
-177.5	16.5
-176.5	14
-175.5	18.8333
-174.5	17.3333
-173.5	17
-172.5	16.3333
-171.5	9.83333
-170.5	14.25
-169.5	15
-168.5	16
-167.5	17
-166.5	18
-165.5	14
-164.5	15
-163.5	20.2
-162.5	9
-161.5	21.5
-160.5	15.8333
-159.5	11.5
-158.5	12
-157.5	14
-156.5	14
-155.5	13
-154.5	13.5
-153.5	19
-152.5	11
-151.5	15
-150.5	11
-149.5	17.5
-148.5	7
-147.5	14
-146.5	18.3333
-145.5	8
-144.5	12.3333
-143.5	12
-142.5	9
-141.5	13
-140.5	13.5
-139.5	8.25
-138.5	19.5
-137.5	18
-136.5	15.75
-135.5	14
-134.5	17
-133.5	15.25
-132.5	10
-131.5	16.5
-130.5	20.25
-129.5	19
-128.5	14
-127.5	8.5
-126.5	14.625
-125.5	8
-124.5	9.45
-123.5	17
-122.5	16
-121.5	10.8333
-120.5	15.5
-119.5	16.5
-118.5	8.5
-117.5	8
-116.5	18.0769
-115.5	17
-114.5	15.5
-113.5	17.5769
-112.5	17.75
-111.5	13.5
-110.5	13.5769
-109.5	21.75
-108.5	13
-107.5	10.4103
-106.5	17.25
-105.5	14
-104.5	19.0769
-103.5	8.25
-102.5	11
-101.5	14.0769
-100.5	19.25
 -99.5	13
 -98.5	16.0769
 -97.5	18
 -96.5	9
 -95.5	19.5769
 -94.5	14.5
 -93.5	16
 -92.5	10.5769
 -91.5	13.5
 -90.5	18.625
 -89.5	16.0769
 -88.5	17.5
 -87.5	12
 -86.5	12.5769
 -85.5	17.7
 -84.5	12
 -83.5	13.0769
 -82.5	17
 -81.5	14
 -80.5	13.9103
 -79.5	12
 -78.5	22.5
 -77.5	19
 -76.5	19
 -75.5	16.7
 -74.5	13.3333
 -73.5	15
 -72.5	15
 -71.5	14.8333
 -70.5	17
 -69.5	21.5
 -68.5	16.3333
 -67.5	14
 -66.5	17
 -65.5	15
 -64.5	17.3929
 -63.5	17.25
 -62.5	7
 -61.5	15.1429
 -60.5	25.5
 -59.5	12
 -58.5	16.6429
 -57.5	23
 -56.5	16
 -55.5	17.5
 -54.5	16.125
 -53.5	12
 -52.5	10
 -51.5	10.25
 -50.5	16.5
 -49.5	11.2
 -48.5	18.75
 -47.5	15.5
 -46.5	21.5
 -45.5	12.4167
 -44.5	14
 -43.5	20
 -42.5	16
 -41.5	12
 -40.5	13.9762
 -39.5	15.5
 -38.5	20.1667
 -37.5	19.1429
 -36.5	20.5
 -35.5	20
 -34.5	21.6429
 -33.5	17.5
 -32.5	18.5
 -31.5	18.2857
 -30.5	15.5
 -29.5	9
 -28.5	11.2857
 -27.5	17
 -26.5	17.5
 -25.5	16.7857
 -24.5	18
 -23.5	12.5
 -22.5	21.7857
 -21.5	15.75
 -20.5	22.5
 -19.5	19
 -18.5	29
 -17.5	17.8667
 -16.5	19.5
 -15.5	17
 -14.5	15.3333
 -13.5	23
 -12.5	17.5
 -11.5	19.5
 -10.5	13.5
  -9.5	19.5
  -8.5	20
  -7.5	22.5
  -6.5	13
  -5.5	9.5
  -4.5	11
  -3.5	17.25
  -2.5	19
  -1.5	18
  -0.5	8
   0.5	10
   1.5	18.75
   2.5	19
   3.5	14.5
   4.5	23
   5.5	16
   6.5	17.3333
   7.5	12
   8.5	14.75
   9.5	19
  10.5	19.5
  11.5	18.0833
  12.5	17
  13.5	14
  14.5	13.8333
  15.5	20
  16.5	17
  17.5	14.375
  18.5	16
  19.5	18.5
  20.5	16
  21.5	15
  22.5	20.5
  23.5	16.25
  24.5	17
  25.5	12.6667
  26.5	14.8333
  27.5	18.5
  28.5	15.3333
  29.5	15
  30.5	13
  31.5	17
  32.5	12.5
  33.5	15.5
  34.5	18
  35.5	20
  36.5	8.5
  37.5	17.5
  38.5	20
  39.5	8
  40.5	21.25
  41.5	13.5
  42.5	16
  43.5	10.75
  44.5	21
  45.5	13.5
  46.5	20.1667
  47.5	14.5
  48.5	12
  49.5	11
  50.5	13
  51.5	10.8333
  52.5	14
  53.5	14.125
  54.5	16.3333
  55.5	11.25
  56.5	8.5
  57.5	14.3333
  58.5	7
  59.5	16
  60.5	21.5
  61.5	16
  62.5	14
  63.5	17
  64.5	23
  65.5	11.5
  66.5	13.5
  67.5	13
  68.5	17
  69.5	18.5
  70.5	14
  71.5	12
  72.5	14.8333
  73.5	8
  74.5	14
  75.5	9
  76.5	11.5
  77.5	9
  78.5	8.5
  79.5	15.75
  80.5	9
  81.5	13
  82.5	13.2
  83.5	9
  84.5	16
  85.5	10
  86.5	19.0769
  87.5	11
  88.5	10
  89.5	15.2019
  90.5	18
  91.5	15.5
  92.5	16.5769
  93.5	20
  94.5	13
  95.5	16.5769
  96.5	21
  97.5	11
  98.5	14.0769
  99.5	17.5
 100.5	8.25
 101.5	17.0769
 102.5	13
 103.5	14.3333
 104.5	17.5769
 105.5	11
 106.5	11.5
 107.5	17.0769
 108.5	5
 109.5	17.3333
 110.5	19.3269
 111.5	14.3333
 112.5	15
 113.5	15.3269
 114.5	21.8333
 115.5	19.5
 116.5	13.8269
 117.5	12.8333
 118.5	9.25
 119.5	12.3269
 120.5	24.0333
 121.5	10
 122.5	15.5769
 123.5	17.8333
 124.5	8.5
 125.5	10.125
 126.5	12.3333
 127.5	21
 128.5	12
 129.5	18.5
 130.5	20.5
 131.5	13.5
 132.5	12.5
 133.5	16
 134.5	4
 135.5	20.5
 136.5	14.8333
 137.5	12.5
 138.5	9
 139.5	16.5
 140.5	15.75
 141.5	14.6429
 142.5	13.5
 143.5	10.3333
 144.5	17.1429
 145.5	16
 146.5	9.5
 147.5	9.14286
 148.5	8.5
 149.5	19
 150.5	16
 151.5	15.5
 152.5	15.5
 153.5	15
 154.5	15
 155.5	7.41667
 156.5	7
 157.5	15.8333
 158.5	13.25
 159.5	22
 160.5	16
 161.5	15.75
 162.5	11.8333
 163.5	18.5
 164.5	22.25
 165.5	11
 166.5	6
 167.5	12
 168.5	16.5
 169.5	9
 170.5	13.5
 171.5	18
 172.5	9.125
 173.5	19
 174.5	12.6429
 175.5	11.5
 176.5	20.1667
 177.5	8.14286
 178.5	13
 179.5	10.5
 180.5	17.6429
 181.5	16
 182.5	18
 183.5	20.6429
 184.5	20.125
 185.5	14
 186.5	10
 187.5	9.625
 188.5	10
 189.5	14
 190.5	11.4583
 191.5	11
 192.5	21
 193.5	8
 194.5	12
 195.5	12
 196.5	8
 197.5	17
 198.5	11
 199.5	8
 200.5	15
 201.5	13
 202.5	9
 203.5	17.3333
 204.5	10.5
 205.5	14
 206.5	15.5
 207.5	16
 208.5	10.25
 209.5	8
 210.5	16.5
 211.5	15.875
 212.5	14.5
 213.5	13.5
 214.5	7.70833
 215.5	10
 216.5	13.5
 217.5	13.875
 218.5	13.5
 219.5	17.5
 220.5	19
 221.5	14.5
 222.5	14.5
 223.5	20.5
 224.5	10.5
 225.5	12
 226.5	14.5
 227.5	11.5
 228.5	14
 229.5	17.125
 230.5	15
DB 2 MOTIF	REST_HUMAN.H11MO.0.A
-224.0	1
-223.0	4
-222.0	4
-221.0	3
-220.0	4
-219.0	4
-218.0	3
-217.0	2
-216.0	3
-215.0	2
-214.0	2
-213.0	5
-212.0	4
-211.0	7
-210.0	0
-209.0	3
-208.0	2
-207.0	1
-206.0	7
-205.0	5
-204.0	2
-203.0	0
-202.0	4
-201.0	3
-200.0	1
-199.0	2
-198.0	1
-197.0	6
-196.0	5
-195.0	5
-194.0	3
-193.0	3
-192.0	2
-191.0	1
-190.0	2
-189.0	1
-188.0	4
-187.0	4
-186.0	2
-185.0	2
-184.0	9
-183.0	2
-182.0	1
-181.0	0
-180.0	1
-179.0	2
-178.0	2
-177.0	2
-176.0	4
-175.0	2
-174.0	1
-173.0	0
-172.0	2
-171.0	2
-170.0	2
-169.0	2
-168.0	2
-167.0	3
-166.0	3
-165.0	6
-164.0	7
-163.0	1
-162.0	2
-161.0	2
-160.0	5
-159.0	1
-158.0	1
-157.0	2
-156.0	0
-155.0	4
-154.0	3
-153.0	3
-152.0	2
-151.0	1
-150.0	2
-149.0	4.5
-148.0	5
-147.0	4
-146.0	1
-145.0	1
-144.0	4
-143.0	6
-142.0	4
-141.0	2
-140.0	5
-139.0	4
-138.0	1
-137.0	2
-136.0	3.5
-135.0	7
-134.0	5
-133.0	4
-132.0	3
-131.0	1
-130.0	2
-129.0	3
-128.0	2
-127.0	5
-126.0	1
-125.0	3
-124.0	3
-123.0	1
-122.0	1
-121.0	3
-120.0	1
-119.0	7
-118.0	7
-117.0	4
-116.0	0
-115.0	3
-114.0	1
-113.0	10
-112.0	1
-111.0	4
-110.0	2
-109.0	1
-108.0	4
-107.0	1
-106.0	2
-105.0	1
-104.0	1
-103.0	0
-102.0	2
-101.0	3
-100.0	3
 -99.0	2
 -98.0	2
 -97.0	4
 -96.0	2
 -95.0	5
 -94.0	5
 -93.0	2
 -92.0	2
 -91.0	3
 -90.0	1
 -89.0	3
 -88.0	1
 -87.0	4
 -86.0	3
 -85.0	2
 -84.0	2
 -83.0	2
 -82.0	1
 -81.0	1
 -80.0	2
 -79.0	3
 -78.0	1
 -77.0	4
 -76.0	4
 -75.0	6
 -74.0	4
 -73.0	5
 -72.0	5
 -71.0	1
 -70.0	5
 -69.0	2
 -68.0	6
 -67.0	2
 -66.0	4.5
 -65.0	4
 -64.0	5
 -63.0	4
 -62.0	6
 -61.0	0
 -60.0	0
 -59.0	5.5
 -58.0	2
 -57.0	4
 -56.0	4
 -55.0	2
 -54.0	4
 -53.0	3
 -52.0	2
 -51.0	2
 -50.0	2
 -49.0	5
 -48.0	2
 -47.0	3
 -46.0	2
 -45.0	8
 -44.0	1
 -43.0	3
 -42.0	1
 -41.0	3
 -40.0	5
 -39.0	2
 -38.0	3
 -37.0	4
 -36.0	5
 -35.0	5
 -34.0	4
 -33.0	2
 -32.0	5
 -31.0	3
 -30.0	4
 -29.0	4
 -28.0	6
 -27.0	8
 -26.0	2
 -25.0	5
 -24.0	4
 -23.0	6
 -22.0	3
 -21.0	3
 -20.0	2
 -19.0	6
 -18.0	6
 -17.0	5
 -16.0	0
 -15.0	4
 -14.0	2
 -13.0	6
 -12.0	4
 -11.0	7
 -10.0	6
  -9.0	4
  -8.0	4
  -7.0	4
  -6.0	8
  -5.0	9
  -4.0	6
  -3.0	3
  -2.0	6
  -1.0	4
   0.0	4
   1.0	2
   2.0	5
   3.0	4
   4.0	4
   5.0	3
   6.0	3
   7.0	6
   8.0	3
   9.0	2
  10.0	4
  11.0	2.5
  12.0	2
  13.0	4
  14.0	8
  15.0	2
  16.0	7
  17.0	3
  18.0	4
  19.0	5
  20.0	1
  21.0	4
  22.0	7
  23.0	3
  24.0	5
  25.0	7
  26.0	4
  27.0	0
  28.0	2
  29.0	3
  30.0	0
  31.0	0
  32.0	2
  33.0	3
  34.0	6
  35.0	2
  36.0	3
  37.0	1
  38.0	2
  39.0	4
  40.0	8
  41.0	3
  42.0	2
  43.0	3
  44.0	5
  45.0	1
  46.0	5
  47.0	2
  48.0	2
  49.0	1
  50.0	6
  51.0	5
  52.0	5
  53.0	1
  54.0	2
  55.0	1
  56.0	4
  57.0	3
  58.0	2
  59.0	1
  60.0	6
  61.0	2
  62.0	1
  63.0	1
  64.0	3
  65.0	2
  66.0	1
  67.0	6
  68.0	3
  69.0	4
  70.0	3
  71.0	2
  72.0	2
  73.0	2
  74.0	6
  75.0	4
  76.0	3
  77.0	1
  78.0	3
  79.0	3
  80.0	1
  81.0	4
  82.0	3
  83.0	4
  84.0	4
  85.0	2
  86.0	2
  87.0	3
  88.0	3
  89.0	1
  90.0	4
  91.0	3
  92.0	6
  93.0	1
  94.0	6
  95.0	3
  96.0	7
  97.0	3
  98.0	5
  99.0	3
 100.0	3
 101.0	4
 102.0	4
 103.0	5
 104.0	4
 105.0	3
 106.0	5
 107.0	2
 108.0	1
 109.0	0
 110.0	7
 111.0	9
 112.0	6
 113.0	3
 114.0	4
 115.0	1
 116.0	0
 117.0	4
 118.0	1
 119.0	2
 120.0	3
 121.0	3
 122.0	1
 123.0	8
 124.0	6
 125.0	3
 126.0	3
 127.0	1
 128.0	3
 129.0	4
 130.0	4
 131.0	1
 132.0	3
 133.0	2
 134.0	1
 135.0	3
 136.0	3
 137.0	0
 138.0	3
 139.0	3
 140.0	5
 141.0	3
 142.0	3
 143.0	1
 144.0	1
 145.0	2
 146.0	4
 147.0	2
 148.0	4
 149.0	5
 150.0	1
 151.0	3
 152.0	1
 153.0	5
 154.0	7
 155.0	3
 156.0	2
 157.0	0
 158.0	3
 159.0	1
 160.0	3
 161.0	5
 162.0	4
 163.0	5
 164.0	2
 165.0	3
 166.0	3
 167.0	1
 168.0	3
 169.0	3
 170.0	4
 171.0	0
 172.0	2
 173.0	7
 174.0	3
 175.0	3
 176.0	3
 177.0	4
 178.0	2
 179.0	3
 180.0	4
 181.0	2
 182.0	2
 183.0	1
 184.0	3
 185.0	5.5
 186.0	4
 187.0	0
 188.0	6
 189.0	7
 190.0	3
 191.0	5
 192.0	2
 193.0	5
 194.0	3
 195.0	2
 196.0	4
 197.0	3
 198.0	3
 199.0	1
 200.0	0
 201.0	3
 202.0	1
 203.0	5
 204.0	7
 205.0	4
 206.0	2
 207.0	2
 208.0	4
 209.0	1
 210.0	3
 211.0	2
 212.0	3
 213.0	2
 214.0	2
 215.0	6
 216.0	3
 217.0	2
 218.0	5
 219.0	1
 220.0	2
 221.0	5
 222.0	4
 223.0	5
 224.0	4
DB 2 MOTIF	RFX1_HUMAN.H11MO.0.B
-224.0	7
-223.0	6
-222.0	10
-221.0	11
-220.0	9
-219.0	13
-218.0	2
-217.0	5
-216.0	6
-215.0	6
-214.0	9
-213.0	7
-212.0	7
-211.0	6
-210.0	11
-209.0	5
-208.0	6
-207.0	6
-206.0	3
-205.0	6
-204.0	10
-203.0	10
-202.0	12
-201.0	9
-200.0	13
-199.0	8
-198.0	12
-197.0	11
-196.0	8
-195.0	9
-194.0	7
-193.0	9
-192.0	10
-191.0	6
-190.0	16
-189.0	9
-188.0	5
-187.0	9
-186.0	11
-185.0	9
-184.0	5
-183.0	6
-182.0	7.5
-181.0	9
-180.0	6
-179.0	9
-178.0	6
-177.0	8
-176.0	10
-175.0	10
-174.0	9
-173.0	12
-172.0	11
-171.0	4
-170.0	14
-169.0	12
-168.0	11
-167.0	10.5
-166.0	8
-165.0	7
-164.0	12
-163.0	9
-162.0	7
-161.0	7
-160.0	6
-159.0	6
-158.0	9
-157.0	12
-156.0	7
-155.0	13
-154.0	9
-153.0	7
-152.0	8
-151.0	9
-150.0	5
-149.0	6
-148.0	9
-147.0	11
-146.0	18
-145.0	8
-144.0	5
-143.0	10
-142.0	8
-141.0	9
-140.0	10.5
-139.0	17
-138.0	6
-137.0	7
-136.0	10
-135.0	10
-134.0	10
-133.0	11
-132.0	7
-131.0	11
-130.0	8
-129.0	4
-128.0	5
-127.0	7
-126.0	6
-125.0	9
-124.0	9
-123.0	11
-122.0	10
-121.0	9
-120.0	7.5
-119.0	9
-118.0	9
-117.0	11
-116.0	8
-115.0	7
-114.0	10
-113.0	13
-112.0	12
-111.0	12
-110.0	9
-109.0	8
-108.0	9.5
-107.0	5
-106.0	10
-105.0	8
-104.0	11.5
-103.0	9
-102.0	6
-101.0	15
-100.0	10
 -99.0	10
 -98.0	13
 -97.0	11
 -96.0	9
 -95.0	16.5
 -94.0	6
 -93.0	9
 -92.0	11
 -91.0	11
 -90.0	13
 -89.0	12
 -88.0	10
 -87.0	12
 -86.0	12
 -85.0	11
 -84.0	8
 -83.0	8
 -82.0	13
 -81.0	10
 -80.0	13
 -79.0	10
 -78.0	9
 -77.0	12
 -76.0	12
 -75.0	8
 -74.0	8
 -73.0	11
 -72.0	7
 -71.0	6
 -70.0	9
 -69.0	8
 -68.0	8
 -67.0	7
 -66.0	9
 -65.0	11
 -64.0	14
 -63.0	5
 -62.0	8
 -61.0	10
 -60.0	6
 -59.0	15
 -58.0	7.5
 -57.0	5
 -56.0	8
 -55.0	19
 -54.0	13.5
 -53.0	9
 -52.0	10
 -51.0	13
 -50.0	14
 -49.0	5
 -48.0	7
 -47.0	8
 -46.0	11
 -45.0	7
 -44.0	11
 -43.0	7
 -42.0	17
 -41.0	13
 -40.0	12
 -39.0	9
 -38.0	13
 -37.0	8
 -36.0	6
 -35.0	8
 -34.0	10
 -33.0	5
 -32.0	9
 -31.0	13
 -30.0	12
 -29.0	12
 -28.0	12
 -27.0	7
 -26.0	5
 -25.0	8
 -24.0	7
 -23.0	12
 -22.0	14
 -21.0	7
 -20.0	14
 -19.0	13
 -18.0	10
 -17.0	9
 -16.0	7
 -15.0	10
 -14.0	16
 -13.0	12
 -12.0	10
 -11.0	5
 -10.0	9
  -9.0	17
  -8.0	8
  -7.0	11
  -6.0	8
  -5.0	13
  -4.0	11
  -3.0	7
  -2.0	7
  -1.0	8
   0.0	6
   1.0	12
   2.0	9
   3.0	14
   4.0	11
   5.0	6
   6.0	8
   7.0	8
   8.0	12
   9.0	9
  10.0	12
  11.0	5
  12.0	9
  13.0	13
  14.0	8
  15.0	10
  16.0	6
  17.0	2
  18.0	8
  19.0	18
  20.0	10
  21.0	10
  22.0	7
  23.0	8.5
  24.0	7
  25.0	12
  26.0	11
  27.0	8
  28.0	10
  29.0	12
  30.0	9
  31.0	10
  32.0	16
  33.0	14
  34.0	9
  35.0	14.5
  36.0	13
  37.0	9
  38.0	11
  39.0	17
  40.0	7
  41.0	9
  42.0	6
  43.0	12
  44.0	6
  45.0	7
  46.0	9
  47.0	8
  48.0	10.5
  49.0	8
  50.0	18
  51.0	10
  52.0	7
  53.0	12
  54.0	8
  55.0	9
  56.0	12
  57.0	11
  58.0	7
  59.0	8
  60.0	9
  61.0	9.5
  62.0	11
  63.0	9
  64.0	10
  65.0	10
  66.0	4
  67.0	5
  68.0	12
  69.0	9
  70.0	9
  71.0	9
  72.0	15
  73.0	9
  74.0	5
  75.0	7
  76.0	9
  77.0	9
  78.0	8
  79.0	7
  80.0	9
  81.0	5
  82.0	5.5
  83.0	7
  84.0	13
  85.0	7
  86.0	11
  87.0	8
  88.0	15
  89.0	10
  90.0	13
  91.0	7.5
  92.0	11
  93.0	12
  94.0	10
  95.0	11
  96.0	14
  97.0	8
  98.0	7
  99.0	10
 100.0	7
 101.0	9
 102.0	9
 103.0	8
 104.0	6.5
 105.0	14
 106.0	12
 107.0	5
 108.0	9
 109.0	5
 110.0	11
 111.0	11
 112.0	7
 113.0	5
 114.0	6
 115.0	9
 116.0	11
 117.0	11.5
 118.0	7
 119.0	6
 120.0	10
 121.0	10
 122.0	10
 123.0	8
 124.0	13
 125.0	13
 126.0	13
 127.0	7
 128.0	11
 129.0	4
 130.0	13
 131.0	5
 132.0	8
 133.0	9
 134.0	7
 135.0	8
 136.0	10
 137.0	8
 138.0	17
 139.0	15
 140.0	8
 141.0	9
 142.0	14
 143.0	13.5
 144.0	8
 145.0	10
 146.0	10
 147.0	5.5
 148.0	7
 149.0	6
 150.0	1
 151.0	11
 152.0	10
 153.0	13
 154.0	9
 155.0	8
 156.0	9
 157.0	10
 158.0	7
 159.0	9
 160.0	8
 161.0	9
 162.0	7
 163.0	6
 164.0	8
 165.0	6
 166.0	7.5
 167.0	7
 168.0	9
 169.0	10
 170.0	4
 171.0	5
 172.0	10
 173.0	8
 174.0	9
 175.0	10
 176.0	7
 177.0	12
 178.0	8
 179.0	8
 180.0	11
 181.0	11
 182.0	8
 183.0	7
 184.0	12
 185.0	7
 186.0	7
 187.0	8
 188.0	7
 189.0	9
 190.0	9
 191.0	6
 192.0	14
 193.0	12
 194.0	8
 195.0	15
 196.0	4
 197.0	10
 198.0	12
 199.0	8
 200.0	6
 201.0	14
 202.0	7
 203.0	3
 204.0	7
 205.0	5
 206.0	6
 207.0	4
 208.0	4
 209.0	6
 210.0	4
 211.0	2
 212.0	6
 213.0	10
 214.0	4
 215.0	12
 216.0	8
 217.0	12
 218.0	8
 219.0	5
 220.0	11
 221.0	12
 222.0	9
 223.0	10
 224.0	11
DB 2 MOTIF	TFE2_HUMAN.H11MO.0.A
-229.5	22
-228.5	12
-227.5	13
-226.5	7
-225.5	9
-224.5	13
-223.5	14
-222.5	15
-221.5	13
-220.5	9
-219.5	12.1429
-218.5	6
-217.5	9.75
-216.5	7
-215.5	9.16667
-214.5	13
-213.5	13
-212.5	9
-211.5	9
-210.5	9
-209.5	7
-208.5	13.5
-207.5	8.55882
-206.5	12.5
-205.5	18.5
-204.5	11
-203.5	10
-202.5	18
-201.5	14
-200.5	9
-199.5	9.5
-198.5	20.4583
-197.5	8
-196.5	8
-195.5	5.5
-194.5	14
-193.5	14.5
-192.5	11
-191.5	15.5
-190.5	5.5
-189.5	12
-188.5	16
-187.5	9.16667
-186.5	9
-185.5	9
-184.5	9.5
-183.5	8.5
-182.5	21.5
-181.5	14
-180.5	11
-179.5	12.0588
-178.5	12.5
-177.5	12
-176.5	15.5
-175.5	14.5
-174.5	13.5
-173.5	19
-172.5	15
-171.5	13.3333
-170.5	15
-169.5	16
-168.5	14
-167.5	14
-166.5	13
-165.5	10
-164.5	10
-163.5	10.4762
-162.5	10
-161.5	15
-160.5	17
-159.5	5
-158.5	17
-157.5	7
-156.5	10
-155.5	12
-154.5	13
-153.5	7.05882
-152.5	8.5
-151.5	10.5
-150.5	12.25
-149.5	19
-148.5	7
-147.5	15
-146.5	16.3333
-145.5	16
-144.5	10
-143.5	7
-142.5	11
-141.5	10
-140.5	9
-139.5	9
-138.5	15.5
-137.5	8
-136.5	14.5
-135.5	11.5
-134.5	14
-133.5	15
-132.5	3
-131.5	12.1429
-130.5	16
-129.5	9
-128.5	10
-127.5	11
-126.5	13.125
-125.5	6.05882
-124.5	9
-123.5	13.5
-122.5	16
-121.5	9.83333
-120.5	10
-119.5	12.25
-118.5	8
-117.5	14
-116.5	15
-115.5	10.5
-114.5	18.5
-113.5	19
-112.5	8.5
-111.5	13.5
-110.5	10
-109.5	10.5
-108.5	10.5
-107.5	13
-106.5	15.5
-105.5	10
-104.5	6
-103.5	9
-102.5	8
-101.5	16.1429
-100.5	12
 -99.5	12.8922
 -98.5	11.1667
 -97.5	10.5
 -96.5	8
 -95.5	13
 -94.5	14
 -93.5	10.5
 -92.5	9.5
 -91.5	10
 -90.5	8.125
 -89.5	10
 -88.5	11
 -87.5	12.75
 -86.5	13
 -85.5	10
 -84.5	8
 -83.5	9
 -82.5	9
 -81.5	12
 -80.5	8
 -79.5	18
 -78.5	18.3333
 -77.5	16
 -76.5	11.8333
 -75.5	12.25
 -74.5	9
 -73.5	10.0588
 -72.5	8
 -71.5	13.5
 -70.5	13.5
 -69.5	11
 -68.5	17.5
 -67.5	11
 -66.5	10
 -65.5	13
 -64.5	13
 -63.5	14
 -62.5	9.16667
 -61.5	13
 -60.5	16.5
 -59.5	16.5
 -58.5	11.5
 -57.5	13
 -56.5	16
 -55.5	16.25
 -54.5	15.125
 -53.5	13
 -52.5	10
 -51.5	12
 -50.5	15
 -49.5	17.25
 -48.5	13
 -47.5	12.5
 -46.5	13.3333
 -45.5	16.0588
 -44.5	13.5
 -43.5	12
 -42.5	16
 -41.5	10
 -40.5	8
 -39.5	16
 -38.5	10
 -37.5	13
 -36.5	17
 -35.5	16
 -34.5	11
 -33.5	14
 -32.5	17.5
 -31.5	18.5
 -30.5	11
 -29.5	10
 -28.5	6.33333
 -27.5	21
 -26.5	12
 -25.5	19
 -24.5	10
 -23.5	13
 -22.5	15
 -21.5	18.6667
 -20.5	13.5
 -19.5	11.5
 -18.5	11
 -17.5	12.0588
 -16.5	18.3333
 -15.5	8
 -14.5	12.5
 -13.5	20
 -12.5	17.5
 -11.5	15.5
 -10.5	8.5
  -9.5	11
  -8.5	14.5
  -7.5	14
  -6.5	8
  -5.5	17
  -4.5	4
  -3.5	16
  -2.5	13
  -1.5	11.1429
  -0.5	14
   0.5	10
   1.5	17
   2.5	19.1667
   3.5	14
   4.5	15
   5.5	20
   6.5	15.5
   7.5	11.5
   8.5	12.5
   9.5	15
  10.5	9.05882
  11.5	20
  12.5	11.5
  13.5	13
  14.5	13.5
  15.5	17
  16.5	9.5
  17.5	5.125
  18.5	19.3333
  19.5	11.5
  20.5	13
  21.5	12
  22.5	24
  23.5	19
  24.5	12
  25.5	8.5
  26.5	17
  27.5	10
  28.5	12.5
  29.5	8
  30.5	8
  31.5	15.1667
  32.5	15
  33.5	14
  34.5	19
  35.5	14.5
  36.5	5.5
  37.5	16
  38.5	13.0588
  39.5	12
  40.5	16
  41.5	13
  42.5	15
  43.5	14
  44.5	17
  45.5	9.16667
  46.5	14.5
  47.5	14.8333
  48.5	11
  49.5	12
  50.5	12.5
  51.5	18
  52.5	12.5
  53.5	14.5417
  54.5	14.5
  55.5	16
  56.5	10.5
  57.5	11
  58.5	6.14286
  59.5	9.5
  60.5	19
  61.5	8
  62.5	13.5
  63.5	20
  64.5	17.3333
  65.5	11
  66.5	8.05882
  67.5	12
  68.5	8.5
  69.5	15.5
  70.5	10.5
  71.5	13
  72.5	15.5
  73.5	9
  74.5	8
  75.5	8
  76.5	12
  77.5	9
  78.5	9
  79.5	8
  80.5	8.5
  81.5	12.3333
  82.5	7.25
  83.5	11
  84.5	14.75
  85.5	14.3333
  86.5	19
  87.5	10.5
  88.5	16.5
  89.5	11.125
  90.5	22.5
  91.5	13.5
  92.5	10.5588
  93.5	16
  94.5	14
  95.5	12.5
  96.5	11
  97.5	6
  98.5	16.5
  99.5	12
 100.5	6.66667
 101.5	15.5
 102.5	7
 103.5	10
 104.5	17
 105.5	8
 106.5	14.3333
 107.5	6
 108.5	12
 109.5	15.5
 110.5	19
 111.5	10
 112.5	12
 113.5	12
 114.5	14
 115.5	7
 116.5	13.4167
 117.5	11
 118.5	11.2017
 119.5	10.5
 120.5	12
 121.5	12
 122.5	15
 123.5	12
 124.5	9
 125.5	8.45833
 126.5	12.5
 127.5	7
 128.5	10
 129.5	12.5
 130.5	8.5
 131.5	13.3333
 132.5	5.5
 133.5	15.5
 134.5	9
 135.5	9
 136.5	6.83333
 137.5	14
 138.5	9
 139.5	9.5
 140.5	9.83333
 141.5	7
 142.5	7.5
 143.5	11.5
 144.5	9
 145.5	8
 146.5	12.0588
 147.5	13
 148.5	7.25
 149.5	18.5
 150.5	15.5
 151.5	8.5
 152.5	12.5
 153.5	7.5
 154.5	9
 155.5	8.33333
 156.5	11
 157.5	12.5
 158.5	13
 159.5	12
 160.5	15
 161.5	9
 162.5	13.5
 163.5	18
 164.5	12
 165.5	9
 166.5	6
 167.5	13
 168.5	6
 169.5	11
 170.5	9
 171.5	10
 172.5	15.5588
 173.5	5.5
 174.5	11.5
 175.5	7.5
 176.5	10
 177.5	15
 178.5	7
 179.5	8.5
 180.5	13
 181.5	11.3333
 182.5	16
 183.5	15
 184.5	14
 185.5	7.33333
 186.5	12.5
 187.5	9.5
 188.5	8.5
 189.5	13
 190.5	8.5
 191.5	11
 192.5	14.5
 193.5	12
 194.5	7
 195.5	13
 196.5	13
 197.5	9
 198.5	13.5
 199.5	3
 200.5	12.0588
 201.5	6
 202.5	8
 203.5	10.5
 204.5	9.5
 205.5	7
 206.5	6.5
 207.5	13
 208.5	12
 209.5	7
 210.5	11
 211.5	11.5
 212.5	9.5
 213.5	15
 214.5	6.5
 215.5	10
 216.5	13
 217.5	10
 218.5	11
 219.5	14
 220.5	17
 221.5	12
 222.5	14.6667
 223.5	10
 224.5	11
 225.5	10.5
 226.5	11.5
 227.5	12
 228.5	11.0588
 229.5	13
DB 2 MOTIF	THAP1_HUMAN.H11MO.0.C
-224.0	13
-223.0	24.3333
-222.0	10
-221.0	14
-220.0	10
-219.0	18
-218.0	12
-217.0	15
-216.0	7
-215.0	14
-214.0	17
-213.0	17
-212.0	9.33333
-211.0	18
-210.0	20
-209.0	14
-208.0	18
-207.0	13.5
-206.0	12
-205.0	15
-204.0	11
-203.0	15
-202.0	9
-201.0	19.3333
-200.0	12
-199.0	7
-198.0	15
-197.0	13
-196.0	16
-195.0	11.5
-194.0	13
-193.0	15
-192.0	16
-191.0	10
-190.0	8
-189.0	8
-188.0	15
-187.0	15
-186.0	11
-185.0	11
-184.0	13
-183.0	8
-182.0	16
-181.0	10
-180.0	19
-179.0	11
-178.0	16
-177.0	10
-176.0	12
-175.0	13
-174.0	11
-173.0	16
-172.0	11
-171.0	11
-170.0	13
-169.0	13
-168.0	9.5
-167.0	17
-166.0	10
-165.0	14
-164.0	16
-163.0	11
-162.0	16
-161.0	14.125
-160.0	16
-159.0	12
-158.0	13
-157.0	22
-156.0	9
-155.0	6
-154.0	26
-153.0	12
-152.0	11.5
-151.0	11
-150.0	12
-149.0	9
-148.0	14
-147.0	10
-146.0	13
-145.0	12
-144.0	10
-143.0	9.125
-142.0	17
-141.0	20
-140.0	16
-139.0	15
-138.0	19
-137.0	10
-136.0	16
-135.0	14
-134.0	15
-133.0	12
-132.0	13
-131.0	23
-130.0	17
-129.0	14
-128.0	16
-127.0	20
-126.0	18
-125.0	16.125
-124.0	17
-123.0	16
-122.0	12
-121.0	15
-120.0	18
-119.0	18
-118.0	14
-117.0	10
-116.0	15
-115.0	12.5
-114.0	12
-113.0	5
-112.0	17
-111.0	12
-110.0	10
-109.0	21
-108.0	14
-107.0	12.125
-106.0	21
-105.0	19
-104.0	15
-103.0	25
-102.0	16
-101.0	18
-100.0	9
 -99.0	19
 -98.0	20.5
 -97.0	12
 -96.0	11
 -95.0	13
 -94.0	17
 -93.0	25
 -92.0	9
 -91.0	17
 -90.0	11
 -89.0	10.125
 -88.0	9
 -87.0	13
 -86.0	19
 -85.0	16
 -84.0	22
 -83.0	13
 -82.0	18
 -81.0	14
 -80.0	14
 -79.0	14
 -78.0	14
 -77.0	12
 -76.0	11
 -75.0	14
 -74.0	7.5
 -73.0	15
 -72.0	10
 -71.0	13.125
 -70.0	13
 -69.0	11
 -68.0	14
 -67.0	20
 -66.0	21
 -65.0	13
 -64.0	13
 -63.0	15
 -62.0	13
 -61.0	17.5
 -60.0	19
 -59.0	23
 -58.0	20
 -57.0	20
 -56.0	15
 -55.0	22
 -54.0	10
 -53.0	11.125
 -52.0	12
 -51.0	17.5
 -50.0	20
 -49.0	18
 -48.0	14
 -47.0	19
 -46.0	9
 -45.0	12
 -44.0	21
 -43.0	17
 -42.0	13
 -41.0	16.5
 -40.0	15
 -39.0	11
 -38.0	17
 -37.0	12
 -36.0	17
 -35.0	19.125
 -34.0	13
 -33.0	16.5
 -32.0	13
 -31.0	16
 -30.0	15
 -29.0	15
 -28.0	14
 -27.0	15
 -26.0	18
 -25.0	13
 -24.0	18
 -23.0	18
 -22.0	20
 -21.0	15
 -20.0	14
 -19.0	19
 -18.0	16
 -17.0	15
 -16.0	18
 -15.0	15
 -14.0	18
 -13.0	20
 -12.0	13
 -11.0	19
 -10.0	13
  -9.0	24
  -8.0	16
  -7.0	14
  -6.0	15
  -5.0	20.5
  -4.0	17
  -3.0	9
  -2.0	13
  -1.0	15
   0.0	14
   1.0	10
   2.0	22
   3.0	8
   4.0	10
   5.0	20
   6.0	7
   7.0	13
   8.0	17
   9.0	13
  10.0	16
  11.0	13
  12.0	12
  13.0	11
  14.0	13
  15.0	11
  16.0	14
  17.0	13
  18.0	15
  19.0	20
  20.0	11
  21.0	26
  22.0	16
  23.0	23
  24.0	15
  25.0	11
  26.0	20
  27.0	19
  28.0	18
  29.0	18
  30.0	18
  31.0	20
  32.0	12
  33.0	18
  34.0	16
  35.0	7
  36.0	13
  37.0	20
  38.0	20
  39.0	15
  40.0	19
  41.0	14
  42.0	17
  43.0	10
  44.0	25
  45.0	16
  46.0	15
  47.0	19
  48.0	15
  49.0	17
  50.0	15
  51.0	11
  52.0	18
  53.0	17
  54.0	18
  55.0	12
  56.0	10.5
  57.0	18
  58.0	17
  59.0	14
  60.0	11
  61.0	19
  62.0	13
  63.0	20
  64.0	11.5
  65.0	12
  66.0	17
  67.0	12
  68.0	14.5
  69.0	20
  70.0	12
  71.0	15
  72.0	16
  73.0	14
  74.0	15
  75.0	15
  76.0	25
  77.0	20
  78.0	16
  79.0	10
  80.0	24
  81.0	10
  82.0	11
  83.0	15
  84.0	15
  85.0	20
  86.0	14
  87.0	15
  88.0	17
  89.0	12
  90.0	18
  91.0	12
  92.0	15
  93.0	11
  94.0	14.25
  95.0	13
  96.0	10
  97.0	7
  98.0	14
  99.0	13
 100.0	14
 101.0	12
 102.0	12
 103.0	8
 104.0	11
 105.0	9
 106.0	22
 107.0	17.5
 108.0	12
 109.0	20
 110.0	18
 111.0	8
 112.0	12
 113.0	15
 114.0	15
 115.0	16
 116.0	23
 117.0	13
 118.0	21.25
 119.0	11
 120.0	19
 121.0	11
 122.0	14
 123.0	13.3333
 124.0	9
 125.0	16
 126.0	9
 127.0	16
 128.0	14
 129.0	9
 130.0	12
 131.0	12
 132.0	22
 133.0	10
 134.0	19
 135.0	20.5
 136.0	23
 137.0	19.5
 138.0	15
 139.0	14
 140.0	17.5
 141.0	9
 142.0	13.25
 143.0	15
 144.0	16.5
 145.0	15
 146.0	12
 147.0	8
 148.0	10.5
 149.0	16
 150.0	9
 151.0	12
 152.0	16
 153.0	13.3333
 154.0	11
 155.0	9.5
 156.0	10
 157.0	11
 158.0	16.5
 159.0	12
 160.0	16
 161.0	15
 162.0	9
 163.0	15
 164.0	9
 165.0	19.5
 166.0	15.25
 167.0	16.5
 168.0	18
 169.0	13
 170.0	12
 171.0	10
 172.0	11
 173.0	11
 174.0	12
 175.0	14
 176.0	12
 177.0	12
 178.0	13
 179.0	17
 180.0	13
 181.0	7
 182.0	8
 183.0	8.33333
 184.0	5
 185.0	14
 186.0	17
 187.0	13
 188.0	10
 189.0	13
 190.0	12
 191.0	11
 192.0	14
 193.0	11
 194.0	4
 195.0	16
 196.0	14
 197.0	11
 198.0	8
 199.0	6
 200.0	6
 201.0	18
 202.0	16
 203.0	15
 204.0	18
 205.0	12
 206.0	17
 207.0	18
 208.0	16
 209.0	13
 210.0	13
 211.0	12
 212.0	13
 213.0	10
 214.0	13
 215.0	14
 216.0	13
 217.0	15
 218.0	6
 219.0	9.5
 220.0	14
 221.0	11
 222.0	11
 223.0	6
 224.0	9
DB 2 MOTIF	USF2_HUMAN.H11MO.0.A
-225.5	4
-224.5	3
-223.5	3
-222.5	8
-221.5	8
-220.5	6
-219.5	1
-218.5	8
-217.5	5
-216.5	4
-215.5	4
-214.5	6
-213.5	4
-212.5	1
-211.5	6
-210.5	3.05882
-209.5	4
-208.5	6
-207.5	5
-206.5	3
-205.5	8
-204.5	4
-203.5	4
-202.5	4
-201.5	3
-200.5	5
-199.5	2
-198.5	4
-197.5	4
-196.5	5
-195.5	5
-194.5	5
-193.5	4
-192.5	0
-191.5	1
-190.5	3
-189.5	3
-188.5	6
-187.5	9
-186.5	4
-185.5	5
-184.5	8
-183.5	1
-182.5	8.05882
-181.5	7
-180.5	3
-179.5	8
-178.5	8
-177.5	3.5
-176.5	4
-175.5	6
-174.5	5
-173.5	9
-172.5	2
-171.5	4
-170.5	3
-169.5	6
-168.5	5
-167.5	0
-166.5	4
-165.5	3
-164.5	2
-163.5	7
-162.5	1
-161.5	4
-160.5	6
-159.5	7
-158.5	6
-157.5	1
-156.5	7.05882
-155.5	3
-154.5	5
-153.5	4
-152.5	3
-151.5	5
-150.5	4
-149.5	4
-148.5	3
-147.5	6
-146.5	5
-145.5	6
-144.5	1
-143.5	8
-142.5	3
-141.5	6
-140.5	2
-139.5	5
-138.5	8
-137.5	5
-136.5	6
-135.5	1
-134.5	9
-133.5	3
-132.5	4
-131.5	3
-130.5	9
-129.5	5
-128.5	4.05882
-127.5	3
-126.5	2
-125.5	6
-124.5	4
-123.5	5
-122.5	4
-121.5	2
-120.5	3
-119.5	5
-118.5	5
-117.5	4
-116.5	2
-115.5	2
-114.5	1
-113.5	10
-112.5	7
-111.5	3
-110.5	6
-109.5	7.5
-108.5	2
-107.5	5
-106.5	4
-105.5	5
-104.5	2
-103.5	7
-102.5	4.05882
-101.5	3
-100.5	7
 -99.5	3
 -98.5	5
 -97.5	7
 -96.5	3
 -95.5	4
 -94.5	3
 -93.5	4
 -92.5	6
 -91.5	6
 -90.5	8
 -89.5	6
 -88.5	6
 -87.5	6
 -86.5	8
 -85.5	8
 -84.5	3
 -83.5	3
 -82.5	8
 -81.5	5
 -80.5	3
 -79.5	3
 -78.5	4
 -77.5	9
 -76.5	5.05882
 -75.5	9
 -74.5	3
 -73.5	4
 -72.5	3
 -71.5	6
 -70.5	1.5
 -69.5	9
 -68.5	5
 -67.5	10
 -66.5	6
 -65.5	6
 -64.5	5
 -63.5	6
 -62.5	4
 -61.5	2
 -60.5	4
 -59.5	6
 -58.5	5
 -57.5	5
 -56.5	4
 -55.5	5
 -54.5	4
 -53.5	6
 -52.5	9
 -51.5	6
 -50.5	5
 -49.5	6
 -48.5	4.05882
 -47.5	5
 -46.5	1
 -45.5	4
 -44.5	12
 -43.5	3
 -42.5	7
 -41.5	4
 -40.5	2
 -39.5	8
 -38.5	3
 -37.5	5
 -36.5	6
 -35.5	5
 -34.5	6
 -33.5	4
 -32.5	3
 -31.5	6.25
 -30.5	1
 -29.5	2
 -28.5	5
 -27.5	4
 -26.5	5
 -25.5	8
 -24.5	8
 -23.5	9
 -22.5	3
 -21.5	7
 -20.5	7.05882
 -19.5	4
 -18.5	4
 -17.5	5
 -16.5	7
 -15.5	9
 -14.5	5
 -13.5	6
 -12.5	5
 -11.5	9
 -10.5	6
  -9.5	11
  -8.5	6
  -7.5	6
  -6.5	3
  -5.5	8
  -4.5	1
  -3.5	3
  -2.5	4
  -1.5	5
  -0.5	1
   0.5	7
   1.5	5
   2.5	2
   3.5	8
   4.5	9
   5.5	7
   6.5	6
   7.5	3.05882
   8.5	4
   9.5	10
  10.5	6
  11.5	9
  12.5	8
  13.5	3
  14.5	9
  15.5	3
  16.5	5
  17.5	7
  18.5	6
  19.5	1
  20.5	9
  21.5	7
  22.5	5
  23.5	5
  24.5	5
  25.5	4
  26.5	4
  27.5	5
  28.5	6
  29.5	7
  30.5	5
  31.5	4
  32.5	8
  33.5	8
  34.5	9
  35.5	4.05882
  36.5	3
  37.5	7
  38.5	3
  39.5	5
  40.5	9
  41.5	7.25
  42.5	2
  43.5	9
  44.5	6
  45.5	5
  46.5	5
  47.5	11
  48.5	5
  49.5	2
  50.5	7
  51.5	8
  52.5	4
  53.5	6
  54.5	2
  55.5	5
  56.5	6
  57.5	8.5
  58.5	7
  59.5	8
  60.5	5
  61.5	2
  62.5	7
  63.5	5.05882
  64.5	2
  65.5	2
  66.5	6
  67.5	4
  68.5	3
  69.5	4
  70.5	3
  71.5	4
  72.5	9
  73.5	10
  74.5	4
  75.5	4
  76.5	2
  77.5	2
  78.5	8
  79.5	2
  80.5	2
  81.5	7
  82.5	5
  83.5	3.33333
  84.5	9
  85.5	2
  86.5	6
  87.5	5
  88.5	5
  89.5	8.05882
  90.5	4.5
  91.5	4
  92.5	2
  93.5	8
  94.5	6
  95.5	3
  96.5	5
  97.5	3
  98.5	8
  99.5	6
 100.5	2
 101.5	7
 102.5	4
 103.5	4.5
 104.5	4
 105.5	7
 106.5	3
 107.5	3
 108.5	3.5
 109.5	6
 110.5	5
 111.5	4
 112.5	4
 113.5	1.25
 114.5	4
 115.5	8.05882
 116.5	5.25
 117.5	4
 118.5	6
 119.5	7
 120.5	3
 121.5	3
 122.5	2
 123.5	5
 124.5	4
 125.5	6
 126.5	3
 127.5	4
 128.5	5
 129.5	4
 130.5	5
 131.5	5
 132.5	4
 133.5	2
 134.5	4
 135.5	2
 136.5	10
 137.5	5
 138.5	7
 139.5	8
 140.5	5
 141.5	6
 142.5	8
 143.5	5.05882
 144.5	5
 145.5	2.33333
 146.5	4.25
 147.5	7
 148.5	5
 149.5	4
 150.5	6
 151.5	8
 152.5	5
 153.5	2
 154.5	3
 155.5	3
 156.5	10
 157.5	7
 158.5	4
 159.5	2
 160.5	5
 161.5	3
 162.5	5
 163.5	3
 164.5	1
 165.5	8.5
 166.5	3
 167.5	5
 168.5	3
 169.5	4.05882
 170.5	7
 171.5	9
 172.5	3
 173.5	4
 174.5	3
 175.5	6
 176.5	1.25
 177.5	1.33333
 178.5	5
 179.5	8
 180.5	4
 181.5	6
 182.5	3
 183.5	2
 184.5	3
 185.5	3
 186.5	4
 187.5	4
 188.5	10
 189.5	5
 190.5	7
 191.5	2
 192.5	6
 193.5	4
 194.5	3
 195.5	4
 196.5	4
 197.5	3.05882
 198.5	4
 199.5	4
 200.5	2
 201.5	4
 202.5	8
 203.5	6.25
 204.5	3
 205.5	4
 206.5	8.25
 207.5	3
 208.5	4
 209.5	4
 210.5	9
 211.5	4
 212.5	1
 213.5	2
 214.5	4
 215.5	2
 216.5	5
 217.5	3
 218.5	5
 219.5	4
 220.5	5
 221.5	4
 222.5	4
 223.5	4
 224.5	4
 225.5	7.05882
DB 2 MOTIF	XBP1_HUMAN.H11MO.0.D
-229.5	12
-228.5	18
-227.5	17
-226.5	11
-225.5	21
-224.5	13
-223.5	18
-222.5	18.8333
-221.5	16.5
-220.5	17
-219.5	15.125
-218.5	11.5
-217.5	15.5
-216.5	14
-215.5	14.5
-214.5	8
-213.5	14
-212.5	20.5
-211.5	13.5
-210.5	14
-209.5	12
-208.5	14
-207.5	11.0588
-206.5	12
-205.5	12.1111
-204.5	16
-203.5	17
-202.5	10
-201.5	13
-200.5	20
-199.5	16
-198.5	17.25
-197.5	16
-196.5	9
-195.5	9
-194.5	15
-193.5	17
-192.5	14
-191.5	15.5
-190.5	12.5
-189.5	10
-188.5	19.3333
-187.5	12
-186.5	13
-185.5	11.5
-184.5	13
-183.5	15
-182.5	18
-181.5	11
-180.5	20.5
-179.5	17.0588
-178.5	19
-177.5	18
-176.5	16
-175.5	12
-174.5	12
-173.5	14
-172.5	13
-171.5	17.5
-170.5	10
-169.5	15
-168.5	13
-167.5	16
-166.5	14
-165.5	11
-164.5	13
-163.5	9
-162.5	10
-161.5	18.5
-160.5	19.5
-159.5	18
-158.5	20
-157.5	14.5
-156.5	16
-155.5	14
-154.5	14
-153.5	12.0588
-152.5	15.5
-151.5	16.6111
-150.5	11
-149.5	16.5
-148.5	11
-147.5	11
-146.5	16.5
-145.5	16.5
-144.5	14.5
-143.5	15
-142.5	13
-141.5	11
-140.5	15
-139.5	17
-138.5	14
-137.5	19
-136.5	11
-135.5	11
-134.5	11
-133.5	14
-132.5	16
-131.5	17.125
-130.5	14
-129.5	15
-128.5	19
-127.5	14.5
-126.5	11
-125.5	10.0588
-124.5	14.5
-123.5	17
-122.5	18
-121.5	11
-120.5	7.5
-119.5	14
-118.5	13
-117.5	18
-116.5	10
-115.5	17
-114.5	11
-113.5	9
-112.5	7.5
-111.5	15.5
-110.5	12
-109.5	28
-108.5	18
-107.5	13
-106.5	12
-105.5	4
-104.5	14.5
-103.5	25
-102.5	11
-101.5	12
-100.5	17
 -99.5	9.05882
 -98.5	15
 -97.5	12.1111
 -96.5	13
 -95.5	13.3333
 -94.5	15
 -93.5	19
 -92.5	15.3333
 -91.5	10.5
 -90.5	16.5
 -89.5	16.5
 -88.5	20
 -87.5	14.125
 -86.5	17
 -85.5	14
 -84.5	9
 -83.5	16
 -82.5	19
 -81.5	12
 -80.5	26
 -79.5	19.5
 -78.5	10
 -77.5	15
 -76.5	13
 -75.5	16
 -74.5	20
 -73.5	17.0588
 -72.5	14
 -71.5	11.5
 -70.5	11
 -69.5	25
 -68.5	15.3333
 -67.5	16
 -66.5	10
 -65.5	18
 -64.5	15
 -63.5	19
 -62.5	14
 -61.5	25
 -60.5	18
 -59.5	13
 -58.5	22
 -57.5	15
 -56.5	12.3333
 -55.5	12.5
 -54.5	24
 -53.5	14
 -52.5	8
 -51.5	17
 -50.5	15
 -49.5	12
 -48.5	10
 -47.5	19
 -46.5	17.8333
 -45.5	15.0588
 -44.5	13
 -43.5	17.1111
 -42.5	19
 -41.5	21
 -40.5	19
 -39.5	13
 -38.5	21
 -37.5	15
 -36.5	13
 -35.5	13
 -34.5	12
 -33.5	16
 -32.5	20
 -31.5	14
 -30.5	17
 -29.5	13.5
 -28.5	8
 -27.5	11
 -26.5	20
 -25.5	16
 -24.5	14
 -23.5	15
 -22.5	16.25
 -21.5	17
 -20.5	20
 -19.5	18
 -18.5	21.5
 -17.5	10.2255
 -16.5	19.3333
 -15.5	13
 -14.5	12
 -13.5	23.5
 -12.5	24
 -11.5	20
 -10.5	17.5
  -9.5	15
  -8.5	19
  -7.5	18.8333
  -6.5	10.3333
  -5.5	9
  -4.5	11
  -3.5	14
  -2.5	13.5
  -1.5	18.5
  -0.5	13
   0.5	18
   1.5	13
   2.5	19
   3.5	16
   4.5	15
   5.5	13.5
   6.5	10.75
   7.5	16.5
   8.5	8
   9.5	14
  10.5	15.1699
  11.5	14
  12.5	17.1667
  13.5	21
  14.5	12
  15.5	18
  16.5	21
  17.5	11
  18.5	23.3333
  19.5	13
  20.5	14
  21.5	20.5
  22.5	21.5
  23.5	11
  24.5	16
  25.5	15
  26.5	9.5
  27.5	13
  28.5	21.5
  29.5	20.5
  30.5	19
  31.5	16.5
  32.5	11.1667
  33.5	17
  34.5	9
  35.5	11
  36.5	23
  37.5	16.1111
  38.5	12.0588
  39.5	11
  40.5	17
  41.5	14.5
  42.5	15
  43.5	16.3333
  44.5	18.125
  45.5	13
  46.5	7
  47.5	19
  48.5	19
  49.5	18.8333
  50.5	14.5
  51.5	12
  52.5	13.5
  53.5	17.5
  54.5	13.8333
  55.5	19.5
  56.5	14
  57.5	17
  58.5	13
  59.5	14
  60.5	23
  61.5	12.3333
  62.5	14.5
  63.5	15.5
  64.5	21.1111
  65.5	12
  66.5	13.0588
  67.5	17.5
  68.5	15
  69.5	20
  70.5	13
  71.5	18
  72.5	11
  73.5	16
  74.5	10.5
  75.5	9.5
  76.5	18.5
  77.5	10
  78.5	10
  79.5	16
  80.5	16.8333
  81.5	21.3333
  82.5	10.5
  83.5	19
  84.5	14.5
  85.5	13.25
  86.5	10.5
  87.5	5.33333
  88.5	19.125
  89.5	13
  90.5	11.5
  91.5	18.5
  92.5	14.5588
  93.5	15
  94.5	19
  95.5	13
  96.5	12
  97.5	16
  98.5	14
  99.5	9.5
 100.5	9.5
 101.5	13.3333
 102.5	11
 103.5	12
 104.5	14
 105.5	22.5
 106.5	11
 107.5	15
 108.5	12
 109.5	10
 110.5	16
 111.5	11
 112.5	9.5
 113.5	16.25
 114.5	13
 115.5	14
 116.5	15
 117.5	18
 118.5	13.5588
 119.5	8
 120.5	14.5
 121.5	12.5
 122.5	13
 123.5	15.5
 124.5	14.8333
 125.5	20
 126.5	9
 127.5	12
 128.5	9
 129.5	14
 130.5	15.5
 131.5	13
 132.5	11.125
 133.5	19
 134.5	17
 135.5	13.5
 136.5	17
 137.5	12
 138.5	15
 139.5	17
 140.5	15
 141.5	16.1111
 142.5	17.5
 143.5	9.58333
 144.5	14
 145.5	12
 146.5	13.0588
 147.5	13
 148.5	15
 149.5	10
 150.5	12
 151.5	13.5
 152.5	14
 153.5	18
 154.5	18
 155.5	11
 156.5	6
 157.5	18.3333
 158.5	6
 159.5	23
 160.5	13
 161.5	24.5
 162.5	15
 163.5	13
 164.5	13
 165.5	15.5
 166.5	8.5
 167.5	15.3333
 168.5	12
 169.5	12
 170.5	14
 171.5	14
 172.5	8.05882
 173.5	14.25
 174.5	13
 175.5	13.8333
 176.5	8.125
 177.5	13.5
 178.5	12
 179.5	18.3333
 180.5	20
 181.5	8
 182.5	12
 183.5	14.1667
 184.5	20
 185.5	17
 186.5	17
 187.5	10
 188.5	18
 189.5	18.5
 190.5	18
 191.5	18
 192.5	18.5
 193.5	19
 194.5	9
 195.5	15
 196.5	21
 197.5	19.5
 198.5	22
 199.5	13
 200.5	9.05882
 201.5	12.3333
 202.5	18.3333
 203.5	11.25
 204.5	10.5
 205.5	13
 206.5	15
 207.5	20
 208.5	14
 209.5	10
 210.5	7
 211.5	10
 212.5	10
 213.5	12.1667
 214.5	12
 215.5	16
 216.5	15
 217.5	19
 218.5	13
 219.5	11
 220.5	9.125
 221.5	15
 222.5	16.1111
 223.5	22.6667
 224.5	8
 225.5	16
 226.5	7
 227.5	14
 228.5	16.5588
 229.5	15
DB 2 MOTIF	ZBT14_HUMAN.H11MO.0.C
-230.5	10.5
-229.5	8
-228.5	6
-227.5	7
-226.5	14
-225.5	9.5
-224.5	10
-223.5	9
-222.5	8.5
-221.5	4
-220.5	6
-219.5	14
-218.5	12
-217.5	10
-216.5	12
-215.5	10
-214.5	7
-213.5	19
-212.5	11
-211.5	6
-210.5	7
-209.5	9
-208.5	9.16667
-207.5	10
-206.5	6
-205.5	3
-204.5	14.5
-203.5	13
-202.5	8.5
-201.5	8.5
-200.5	14
-199.5	12
-198.5	12
-197.5	8
-196.5	4
-195.5	9
-194.5	12
-193.5	13
-192.5	6
-191.5	6.5
-190.5	17
-189.5	10.5
-188.5	5.5
-187.5	16
-186.5	10.5
-185.5	8
-184.5	9
-183.5	7.5
-182.5	6.5
-181.5	8
-180.5	7
-179.5	12
-178.5	8.66667
-177.5	6
-176.5	1.5
-175.5	10
-174.5	17.5
-173.5	10.75
-172.5	10.5
-171.5	8.5
-170.5	11
-169.5	10.5
-168.5	11
-167.5	10
-166.5	7.5
-165.5	9
-164.5	9
-163.5	8
-162.5	4
-161.5	6
-160.5	8.5
-159.5	11
-158.5	6
-157.5	7
-156.5	12
-155.5	11
-154.5	6
-153.5	9.5
-152.5	11
-151.5	12.75
-150.5	10
-149.5	14.3333
-148.5	8.66667
-147.5	11
-146.5	12
-145.5	9
-144.5	12.5
-143.5	10
-142.5	15
-141.5	10.5
-140.5	8
-139.5	7.5
-138.5	12.5
-137.5	6.5
-136.5	11.5
-135.5	12.5
-134.5	9
-133.5	13
-132.5	4.5
-131.5	12.5
-130.5	10.5
-129.5	8.25
-128.5	9.5
-127.5	10.5
-126.5	8.5
-125.5	10
-124.5	10
-123.5	8.5
-122.5	7
-121.5	10.5
-120.5	6
-119.5	7.5
-118.5	7.16667
-117.5	12
-116.5	8.5
-115.5	6
-114.5	8
-113.5	9.7
-112.5	5
-111.5	9
-110.5	18.5
-109.5	12
-108.5	4
-107.5	9
-106.5	12.5
-105.5	9.5
-104.5	7
-103.5	15
-102.5	12
-101.5	8
-100.5	15.5
 -99.5	9
 -98.5	8.5
 -97.5	14
 -96.5	6
 -95.5	5
 -94.5	13.5
 -93.5	10.5
 -92.5	6
 -91.5	12.5
 -90.5	12
 -89.5	17.5
 -88.5	13.1667
 -87.5	15
 -86.5	15
 -85.5	14.5
 -84.5	10.5
 -83.5	9.5
 -82.5	20
 -81.5	15.5
 -80.5	7.5
 -79.5	7
 -78.5	8
 -77.5	8
 -76.5	10
 -75.5	13
 -74.5	12
 -73.5	12
 -72.5	9
 -71.5	13
 -70.5	7.5
 -69.5	7
 -68.5	20.5
 -67.5	13
 -66.5	13.5
 -65.5	10.5
 -64.5	9.5
 -63.5	14.95
 -62.5	10.6667
 -61.5	9
 -60.5	11.5
 -59.5	8.5
 -58.5	15.6667
 -57.5	13
 -56.5	14
 -55.5	12
 -54.5	12
 -53.5	11
 -52.5	9.16667
 -51.5	13
 -50.5	13
 -49.5	10.5
 -48.5	12.5
 -47.5	13.25
 -46.5	13.5
 -45.5	13.5
 -44.5	12
 -43.5	14.75
 -42.5	14.75
 -41.5	15
 -40.5	9
 -39.5	14
 -38.5	15
 -37.5	12
 -36.5	23.2
 -35.5	12
 -34.5	12
 -33.5	10.3333
 -32.5	14
 -31.5	10.5
 -30.5	16
 -29.5	13
 -28.5	11.1667
 -27.5	7
 -26.5	16.5
 -25.5	13
 -24.5	11
 -23.5	9.5
 -22.5	13
 -21.5	12.5
 -20.5	16.5
 -19.5	17
 -18.5	14
 -17.5	13.5
 -16.5	11.3333
 -15.5	9.83333
 -14.5	19
 -13.5	7
 -12.5	17.3333
 -11.5	9.75
 -10.5	17
  -9.5	9.5
  -8.5	15
  -7.5	12
  -6.5	14
  -5.5	13
  -4.5	15
  -3.5	18
  -2.5	12
  -1.5	19
  -0.5	18
   0.5	16.5
   1.5	21
   2.5	19
   3.5	17.5
   4.5	15.5
   5.5	5.5
   6.5	17
   7.5	4.5
   8.5	16.8333
   9.5	10
  10.5	17.6667
  11.5	18.5
  12.5	19
  13.5	9
  14.5	11.5
  15.5	12
  16.5	10
  17.5	12.25
  18.5	12.5
  19.5	12
  20.5	13
  21.5	14
  22.5	15
  23.5	8
  24.5	15.5
  25.5	16
  26.5	6
  27.5	10
  28.5	15
  29.5	15.5
  30.5	11
  31.5	21
  32.5	16
  33.5	10.3333
  34.5	7.5
  35.5	10
  36.5	4.5
  37.5	10.5
  38.5	12
  39.5	13
  40.5	11.5
  41.5	17.25
  42.5	15
  43.5	8
  44.5	10.5
  45.5	18.75
  46.5	15.5
  47.5	14
  48.5	12
  49.5	13
  50.5	10
  51.5	10.3333
  52.5	19
  53.5	15
  54.5	11
  55.5	12
  56.5	11
  57.5	15.5
  58.5	10
  59.5	7
  60.5	18.2
  61.5	12
  62.5	7
  63.5	11
  64.5	14
  65.5	4
  66.5	10.5
  67.5	7.66667
  68.5	10.25
  69.5	14.5
  70.5	14.5
  71.5	10.5
  72.5	15.5
  73.5	11
  74.5	9.7
  75.5	12
  76.5	14
  77.5	11
  78.5	4
  79.5	12
  80.5	11.5
  81.5	12
  82.5	9
  83.5	11.5
  84.5	14
  85.5	11.5
  86.5	11
  87.5	9.5
  88.5	9
  89.5	12
  90.5	14
  91.5	7.5
  92.5	13.5
  93.5	10
  94.5	6
  95.5	7
  96.5	6
  97.5	7.16667
  98.5	6
  99.5	9
 100.5	11
 101.5	8.5
 102.5	10
 103.5	9.5
 104.5	4
 105.5	4
 106.5	4.5
 107.5	11.5
 108.5	12.5
 109.5	9
 110.5	15.5
 111.5	10
 112.5	5.5
 113.5	11.5
 114.5	6
 115.5	9
 116.5	14
 117.5	7
 118.5	6
 119.5	14
 120.5	4
 121.5	11
 122.5	5.5
 123.5	9.5
 124.5	8.83333
 125.5	9.08333
 126.5	14
 127.5	15.6667
 128.5	6
 129.5	9
 130.5	17.5
 131.5	6.5
 132.5	13
 133.5	6
 134.5	9
 135.5	12.5
 136.5	8
 137.5	5.75
 138.5	12.5
 139.5	7
 140.5	6
 141.5	8.5
 142.5	10.5
 143.5	7
 144.5	13.5
 145.5	17
 146.5	8.83333
 147.5	4
 148.5	8
 149.5	3
 150.5	7.5
 151.5	5.16667
 152.5	16
 153.5	9
 154.5	10
 155.5	7.5
 156.5	7
 157.5	7.16667
 158.5	6
 159.5	4
 160.5	6.5
 161.5	9
 162.5	5.5
 163.5	9
 164.5	7
 165.5	9.5
 166.5	13.5
 167.5	11
 168.5	12
 169.5	6
 170.5	9
 171.5	7
 172.5	11
 173.5	5
 174.5	9.5
 175.5	8
 176.5	9
 177.5	5
 178.5	7.5
 179.5	9
 180.5	9
 181.5	4
 182.5	5
 183.5	9
 184.5	7.5
 185.5	6.5
 186.5	3
 187.5	8.16667
 188.5	11
 189.5	8
 190.5	6
 191.5	4.5
 192.5	9.5
 193.5	9
 194.5	10
 195.5	11
 196.5	11
 197.5	8
 198.5	8
 199.5	8
 200.5	10.5
 201.5	9
 202.5	12
 203.5	8
 204.5	6.5
 205.5	4
 206.5	8
 207.5	8
 208.5	8
 209.5	8
 210.5	6
 211.5	7
 212.5	9
 213.5	8.5
 214.5	8
 215.5	4
 216.5	8
 217.5	4.16667
 218.5	9
 219.5	11
 220.5	7
 221.5	9
 222.5	9
 223.5	8
 224.5	6
 225.5	8
 226.5	7
 227.5	8
 228.5	5
 229.5	11.5
 230.5	14
DB 2 MOTIF	ZFX_HUMAN.H11MO.0.A
-230.0	15
-229.0	10.5
-228.0	8.33333
-227.0	10.5
-226.0	15
-225.0	22.5
-224.0	13.5
-223.0	9
-222.0	10
-221.0	13
-220.0	11
-219.0	13.3333
-218.0	18
-217.0	8
-216.0	14
-215.0	13.5
-214.0	14
-213.0	10.3333
-212.0	14
-211.0	11.5
-210.0	21
-209.0	10
-208.0	14.5
-207.0	14.3333
-206.0	17
-205.0	11
-204.0	11
-203.0	11
-202.0	14
-201.0	13
-200.0	16
-199.0	11
-198.0	15.5
-197.0	11
-196.0	15
-195.0	10
-194.0	14
-193.0	12
-192.0	17.5
-191.0	15
-190.0	11
-189.0	16
-188.0	13
-187.0	16
-186.0	11
-185.0	14.5
-184.0	14.3333
-183.0	14
-182.0	14
-181.0	13
-180.0	19
-179.0	19
-178.0	9
-177.0	6
-176.0	17
-175.0	11
-174.0	6.25
-173.0	12
-172.0	9.5
-171.0	10
-170.0	11
-169.0	13.2
-168.0	13.5
-167.0	10
-166.0	14.5
-165.0	12
-164.0	14
-163.0	16
-162.0	11
-161.0	14
-160.0	9
-159.0	11
-158.0	8
-157.0	14
-156.0	11
-155.0	11
-154.0	8
-153.0	17
-152.0	15.5
-151.0	13
-150.0	16
-149.0	12
-148.0	15
-147.0	15
-146.0	20
-145.0	9
-144.0	15
-143.0	21.5
-142.0	14
-141.0	15
-140.0	9.33333
-139.0	9
-138.0	15
-137.0	13
-136.0	10
-135.0	15.8333
-134.0	14
-133.0	9
-132.0	16
-131.0	8
-130.0	20
-129.0	9
-128.0	19.5
-127.0	6.5
-126.0	10
-125.0	14
-124.0	14
-123.0	9.5
-122.0	6.2
-121.0	19
-120.0	9
-119.0	18
-118.0	14
-117.0	10
-116.0	13
-115.0	15
-114.0	15
-113.0	12.5
-112.0	13.5
-111.0	12
-110.0	10
-109.0	16
-108.0	16
-107.0	17
-106.0	19
-105.0	13
-104.0	17
-103.0	15
-102.0	20
-101.0	11
-100.0	19
 -99.0	17.5
 -98.0	12
 -97.0	7
 -96.0	20
 -95.0	13
 -94.0	6
 -93.0	15.5
 -92.0	16
 -91.0	16.5
 -90.0	18.25
 -89.0	9.33333
 -88.0	15.5
 -87.0	13
 -86.0	20
 -85.0	17
 -84.0	19
 -83.0	12
 -82.0	16
 -81.0	13
 -80.0	11
 -79.0	12.5
 -78.0	8
 -77.0	9
 -76.0	9
 -75.0	13.5
 -74.0	14
 -73.0	16.5
 -72.0	14
 -71.0	10
 -70.0	11.5
 -69.0	22.5
 -68.0	15
 -67.0	16
 -66.0	16
 -65.0	17
 -64.0	6.5
 -63.0	14
 -62.0	12.5
 -61.0	11
 -60.0	16
 -59.0	11.3333
 -58.0	13
 -57.0	14.5
 -56.0	17
 -55.0	19
 -54.0	10
 -53.0	8
 -52.0	19
 -51.0	13
 -50.0	14
 -49.0	12
 -48.0	15.5
 -47.0	16
 -46.0	14
 -45.0	15.25
 -44.0	12
 -43.0	17
 -42.0	13
 -41.0	19
 -40.0	10
 -39.0	13
 -38.0	10
 -37.0	15
 -36.0	14
 -35.0	15
 -34.0	15
 -33.0	11.5
 -32.0	16
 -31.0	21.5
 -30.0	15
 -29.0	12.3333
 -28.0	9
 -27.0	11
 -26.0	13.5
 -25.0	15.5
 -24.0	14
 -23.0	17
 -22.0	5
 -21.0	13
 -20.0	13
 -19.0	13
 -18.0	8.5
 -17.0	14
 -16.0	15.75
 -15.0	10
 -14.0	18.5
 -13.0	7
 -12.0	12
 -11.0	8.5
 -10.0	10
  -9.0	16
  -8.0	11
  -7.0	16
  -6.0	13.0333
  -5.0	14
  -4.0	9
  -3.0	14
  -2.0	17.3333
  -1.0	16
   0.0	15.5
   1.0	15
   2.0	15
   3.0	16.5
   4.0	14
   5.0	10.5
   6.0	10.5
   7.0	14
   8.0	16
   9.0	14.5
  10.0	12
  11.0	10
  12.0	13
  13.0	12.25
  14.0	14.5
  15.0	10
  16.0	9
  17.0	18.5
  18.0	26.5
  19.0	16
  20.0	9
  21.0	12
  22.0	21
  23.0	16.5
  24.0	11.5
  25.0	13
  26.0	20
  27.0	11
  28.0	18
  29.0	14
  30.0	18
  31.0	18
  32.0	24
  33.0	20
  34.0	15
  35.0	13
  36.0	14
  37.0	11
  38.0	11
  39.0	16
  40.0	10.5
  41.0	21
  42.0	20.25
  43.0	18
  44.0	14
  45.0	21
  46.0	21
  47.0	18
  48.0	14
  49.0	16.5
  50.0	13
  51.0	16
  52.0	12
  53.0	15
  54.0	17
  55.0	18
  56.0	11
  57.0	13.5
  58.0	10
  59.0	18
  60.0	11
  61.0	14
  62.0	27.5
  63.0	14
  64.0	13.5
  65.0	13
  66.0	15.5
  67.0	19
  68.0	12
  69.0	14.5
  70.0	17
  71.0	20
  72.0	16
  73.0	13
  74.0	21
  75.0	16
  76.0	17.5
  77.0	10.3333
  78.0	16.25
  79.0	12.6667
  80.0	13.5
  81.0	12
  82.0	12.5
  83.0	15.5
  84.0	12
  85.0	16
  86.0	16
  87.0	19
  88.0	14
  89.0	10.5
  90.0	8
  91.0	10
  92.0	6
  93.0	15.5
  94.0	13
  95.0	16
  96.0	19
  97.0	12
  98.0	17.5
  99.0	18
 100.0	16.5
 101.0	11
 102.0	11
 103.0	9
 104.0	11
 105.0	14
 106.0	8
 107.0	18
 108.0	9
 109.0	10
 110.0	13.5
 111.0	5.33333
 112.0	14
 113.0	13.3333
 114.0	16.5
 115.0	12
 116.0	14.5
 117.0	11.3333
 118.0	14
 119.0	12
 120.0	17
 121.0	13
 122.0	12
 123.0	12
 124.0	10.5
 125.0	12.5
 126.0	9
 127.0	8
 128.0	9
 129.0	17.5
 130.0	11
 131.0	11
 132.0	12
 133.0	9
 134.0	8
 135.0	11
 136.0	11
 137.0	16
 138.0	12
 139.0	10
 140.0	12
 141.0	16
 142.0	10
 143.0	17.3333
 144.0	10.5
 145.0	13
 146.0	10
 147.0	13
 148.0	14.7
 149.0	9
 150.0	8
 151.0	20.5
 152.0	17
 153.0	15
 154.0	10
 155.0	18
 156.0	12.3333
 157.0	22.5
 158.0	18
 159.0	10.8333
 160.0	13
 161.0	13
 162.0	15.75
 163.0	12
 164.0	10
 165.0	17.6667
 166.0	11
 167.0	10
 168.0	13
 169.0	11.5
 170.0	18.5
 171.0	14.5
 172.0	12
 173.0	13.3333
 174.0	21
 175.0	13
 176.0	5
 177.0	13.5
 178.0	14
 179.0	7.83333
 180.0	12
 181.0	10.5
 182.0	18
 183.0	17.5
 184.0	8.5
 185.0	19.3333
 186.0	17
 187.0	15
 188.0	8
 189.0	6
 190.0	13.5
 191.0	17.5
 192.0	16
 193.0	16
 194.0	10
 195.0	9
 196.0	8.5
 197.0	13
 198.0	13
 199.0	10.2
 200.0	13
 201.0	16.5
 202.0	9
 203.0	12
 204.0	13
 205.0	19.5
 206.0	12.5
 207.0	10
 208.0	16
 209.0	12
 210.0	16
 211.0	12.5
 212.0	6
 213.0	16
 214.0	11.3333
 215.0	18
 216.0	10
 217.0	12
 218.0	11.5
 219.0	12
 220.0	19
 221.0	11
 222.0	14
 223.0	10
 224.0	10
 225.0	10
 226.0	15
 227.0	17
 228.0	14
 229.0	14
 230.0	17
DB 2 MOTIF	ZIC3_HUMAN.H11MO.0.B
-227.5	13
-226.5	8
-225.5	14
-224.5	10
-223.5	8
-222.5	12
-221.5	9
-220.5	12.5
-219.5	7
-218.5	7
-217.5	12
-216.5	9
-215.5	11
-214.5	12
-213.5	8
-212.5	13
-211.5	10
-210.5	12
-209.5	17.5
-208.5	11
-207.5	12
-206.5	14
-205.5	10
-204.5	10.25
-203.5	11
-202.5	12
-201.5	17
-200.5	5
-199.5	10
-198.5	13
-197.5	13
-196.5	7
-195.5	15
-194.5	7
-193.5	8
-192.5	13
-191.5	17
-190.5	8
-189.5	8
-188.5	12
-187.5	15
-186.5	13
-185.5	13
-184.5	12
-183.5	12
-182.5	11
-181.5	19
-180.5	8
-179.5	7
-178.5	17
-177.5	10
-176.5	13
-175.5	15
-174.5	15
-173.5	9
-172.5	9
-171.5	11
-170.5	17
-169.5	14
-168.5	15.5
-167.5	10
-166.5	13
-165.5	17.25
-164.5	9
-163.5	14
-162.5	11
-161.5	11
-160.5	13
-159.5	20
-158.5	13
-157.5	11.5
-156.5	11
-155.5	12
-154.5	9.5
-153.5	11
-152.5	11
-151.5	13.5
-150.5	15.5
-149.5	10
-148.5	11.5
-147.5	9
-146.5	10
-145.5	8.5
-144.5	9.2
-143.5	10
-142.5	16
-141.5	11
-140.5	19
-139.5	13
-138.5	9
-137.5	11
-136.5	9
-135.5	11
-134.5	17
-133.5	11
-132.5	20
-131.5	8
-130.5	18.5
-129.5	11
-128.5	16
-127.5	10
-126.5	17.25
-125.5	14
-124.5	7.53333
-123.5	13
-122.5	9
-121.5	16
-120.5	14
-119.5	16
-118.5	5
-117.5	10.5
-116.5	6
-115.5	16
-114.5	18
-113.5	13
-112.5	9
-111.5	11
-110.5	11
-109.5	9
-108.5	14
-107.5	15
-106.5	15.5
-105.5	14.3333
-104.5	7
-103.5	12
-102.5	20
-101.5	12
-100.5	16
 -99.5	13
 -98.5	14
 -97.5	17
 -96.5	18
 -95.5	10
 -94.5	13
 -93.5	10
 -92.5	10
 -91.5	14
 -90.5	9
 -89.5	11
 -88.5	12
 -87.5	21.75
 -86.5	11
 -85.5	13
 -84.5	16
 -83.5	17
 -82.5	3
 -81.5	11
 -80.5	12.5
 -79.5	9
 -78.5	13
 -77.5	11
 -76.5	7
 -75.5	11
 -74.5	15
 -73.5	13
 -72.5	14
 -71.5	15
 -70.5	9
 -69.5	15
 -68.5	8.5
 -67.5	17
 -66.5	14
 -65.5	12
 -64.5	12
 -63.5	11
 -62.5	7
 -61.5	14
 -60.5	9
 -59.5	13
 -58.5	19.8333
 -57.5	17.3333
 -56.5	12
 -55.5	13
 -54.5	10
 -53.5	14
 -52.5	14
 -51.5	17
 -50.5	28
 -49.5	18
 -48.5	10
 -47.5	15
 -46.5	17
 -45.5	8
 -44.5	12
 -43.5	17
 -42.5	10
 -41.5	6
 -40.5	10
 -39.5	17
 -38.5	11
 -37.5	9
 -36.5	18
 -35.5	13
 -34.5	14
 -33.5	10.5
 -32.5	15
 -31.5	13
 -30.5	8.25
 -29.5	16
 -28.5	14
 -27.5	11
 -26.5	8
 -25.5	11
 -24.5	15
 -23.5	13
 -22.5	17
 -21.5	19
 -20.5	17
 -19.5	16
 -18.5	15
 -17.5	10
 -16.5	16
 -15.5	12
 -14.5	8
 -13.5	16
 -12.5	18
 -11.5	10
 -10.5	10.5
  -9.5	8
  -8.5	12
  -7.5	11
  -6.5	13
  -5.5	12
  -4.5	19
  -3.5	11
  -2.5	7
  -1.5	7
  -0.5	16.25
   0.5	7
   1.5	8
   2.5	12
   3.5	11
   4.5	18
   5.5	14
   6.5	15
   7.5	13.5
   8.5	14
   9.5	15.3333
  10.5	10
  11.5	11
  12.5	18
  13.5	10
  14.5	9
  15.5	11
  16.5	9
  17.5	15
  18.5	15
  19.5	11
  20.5	12
  21.5	13
  22.5	11
  23.5	10.5
  24.5	16
  25.5	17
  26.5	13.5
  27.5	16
  28.5	20
  29.5	10.5
  30.5	12.5
  31.5	13.5
  32.5	14
  33.5	11
  34.5	12
  35.5	9.33333
  36.5	13
  37.5	12
  38.5	14.25
  39.5	17
  40.5	13
  41.5	8
  42.5	16.25
  43.5	16
  44.5	16
  45.5	9
  46.5	13
  47.5	14
  48.5	17
  49.5	12.5
  50.5	9
  51.5	15
  52.5	8
  53.5	12
  54.5	19
  55.5	11
  56.5	11
  57.5	11
  58.5	15
  59.5	11
  60.5	15
  61.5	16
  62.5	11
  63.5	8
  64.5	13
  65.5	10
  66.5	12
  67.5	7
  68.5	19
  69.5	12.2
  70.5	8
  71.5	13
  72.5	12
  73.5	9
  74.5	9.5
  75.5	16
  76.5	17
  77.5	13.25
  78.5	9
  79.5	10.2
  80.5	16
  81.5	10
  82.5	10
  83.5	13
  84.5	19
  85.5	14
  86.5	17
  87.5	9
  88.5	13.5
  89.5	13
  90.5	11
  91.5	14
  92.5	9.5
  93.5	11
  94.5	20
  95.5	16
  96.5	12
  97.5	9
  98.5	5
  99.5	17
 100.5	11
 101.5	12
 102.5	6
 103.5	7
 104.5	17
 105.5	18
 106.5	16
 107.5	9
 108.5	15
 109.5	15
 110.5	6
 111.5	15
 112.5	13
 113.5	16
 114.5	13.25
 115.5	19.5
 116.5	7.25
 117.5	11
 118.5	14
 119.5	11
 120.5	14
 121.5	16
 122.5	24
 123.5	14
 124.5	16
 125.5	11
 126.5	12.3333
 127.5	11
 128.5	12
 129.5	15.2
 130.5	8
 131.5	8.5
 132.5	7
 133.5	10
 134.5	9
 135.5	15
 136.5	20
 137.5	13
 138.5	18
 139.5	12
 140.5	14
 141.5	15
 142.5	15
 143.5	11
 144.5	6
 145.5	14
 146.5	8
 147.5	9
 148.5	14
 149.5	10
 150.5	15
 151.5	10
 152.5	11.5
 153.5	25.5
 154.5	12
 155.5	10
 156.5	9.33333
 157.5	15
 158.5	12.5
 159.5	19
 160.5	15.5
 161.5	16
 162.5	16
 163.5	13
 164.5	7
 165.5	13
 166.5	19
 167.5	9
 168.5	14
 169.5	12
 170.5	10
 171.5	19
 172.5	7
 173.5	11
 174.5	9
 175.5	14
 176.5	11
 177.5	10
 178.5	12
 179.5	10
 180.5	17
 181.5	16
 182.5	10
 183.5	10
 184.5	13
 185.5	18
 186.5	11.3333
 187.5	14
 188.5	13
 189.5	11.5
 190.5	12
 191.5	11
 192.5	11
 193.5	16
 194.5	7
 195.5	6
 196.5	15
 197.5	10.5
 198.5	7
 199.5	11
 200.5	12
 201.5	15
 202.5	7
 203.5	10
 204.5	7.25
 205.5	13
 206.5	10
 207.5	16
 208.5	10
 209.5	19
 210.5	6
 211.5	9
 212.5	15
 213.5	9
 214.5	10
 215.5	9
 216.5	14
 217.5	11
 218.5	6
 219.5	11
 220.5	13
 221.5	11
 222.5	10
 223.5	9
 224.5	16
 225.5	16
 226.5	5
 227.5	12
DB 2 MOTIF	ZIC4_HUMAN.H11MO.0.D
-227.5	4
-226.5	4
-225.5	5
-224.5	8
-223.5	9
-222.5	2
-221.5	3
-220.5	7.25
-219.5	6
-218.5	9
-217.5	7
-216.5	4
-215.5	8
-214.5	6
-213.5	9
-212.5	8
-211.5	4
-210.5	8
-209.5	5.75
-208.5	6
-207.5	9
-206.5	8
-205.5	5
-204.5	2.25
-203.5	5
-202.5	6
-201.5	6
-200.5	4
-199.5	5
-198.5	7.25
-197.5	3
-196.5	7
-195.5	5
-194.5	4
-193.5	5
-192.5	8
-191.5	8
-190.5	4
-189.5	4
-188.5	7.5
-187.5	3.25
-186.5	6
-185.5	4
-184.5	9
-183.5	9
-182.5	8
-181.5	4
-180.5	8
-179.5	11
-178.5	12
-177.5	5
-176.5	5
-175.5	2
-174.5	6
-173.5	8
-172.5	4
-171.5	9
-170.5	11
-169.5	3
-168.5	10
-167.5	5
-166.5	10
-165.5	8.25
-164.5	9
-163.5	6
-162.5	7
-161.5	8
-160.5	10
-159.5	13
-158.5	5
-157.5	9
-156.5	5
-155.5	7
-154.5	5
-153.5	8
-152.5	5
-151.5	4
-150.5	3
-149.5	3
-148.5	4
-147.5	7
-146.5	6
-145.5	9
-144.5	6
-143.5	8
-142.5	9
-141.5	6
-140.5	7
-139.5	9
-138.5	7
-137.5	5
-136.5	6
-135.5	6
-134.5	6
-133.5	2
-132.5	8
-131.5	6
-130.5	7
-129.5	7
-128.5	9
-127.5	3
-126.5	7.25
-125.5	5
-124.5	9.5
-123.5	5
-122.5	9
-121.5	3
-120.5	4
-119.5	13
-118.5	7
-117.5	9
-116.5	5
-115.5	6
-114.5	8
-113.5	6
-112.5	5
-111.5	8
-110.5	8
-109.5	6
-108.5	10
-107.5	6
-106.5	5
-105.5	5
-104.5	8
-103.5	7
-102.5	7
-101.5	6
-100.5	7
 -99.5	7
 -98.5	6
 -97.5	4
 -96.5	6
 -95.5	2
 -94.5	10
 -93.5	8
 -92.5	5
 -91.5	8
 -90.5	7
 -89.5	3
 -88.5	4
 -87.5	8.25
 -86.5	9
 -85.5	7
 -84.5	11
 -83.5	7
 -82.5	5
 -81.5	9
 -80.5	6
 -79.5	10
 -78.5	0
 -77.5	7
 -76.5	6
 -75.5	4
 -74.5	13
 -73.5	5
 -72.5	7
 -71.5	6
 -70.5	9
 -69.5	9.5
 -68.5	7
 -67.5	6
 -66.5	5
 -65.5	5
 -64.5	8
 -63.5	8
 -62.5	8
 -61.5	13
 -60.5	5
 -59.5	8
 -58.5	8
 -57.5	9
 -56.5	7
 -55.5	4
 -54.5	11
 -53.5	8
 -52.5	5
 -51.5	7
 -50.5	9
 -49.5	8
 -48.5	5
 -47.5	9
 -46.5	6.5
 -45.5	8
 -44.5	1
 -43.5	10
 -42.5	6
 -41.5	6
 -40.5	7
 -39.5	10
 -38.5	6
 -37.5	5
 -36.5	9
 -35.5	5
 -34.5	10
 -33.5	5
 -32.5	8
 -31.5	5
 -30.5	5
 -29.5	8
 -28.5	12
 -27.5	3
 -26.5	11
 -25.5	10
 -24.5	6
 -23.5	9
 -22.5	10
 -21.5	7
 -20.5	8
 -19.5	5
 -18.5	6
 -17.5	7
 -16.5	9
 -15.5	5
 -14.5	5
 -13.5	10
 -12.5	11
 -11.5	10
 -10.5	6
  -9.5	6
  -8.5	9
  -7.5	6
  -6.5	10
  -5.5	10
  -4.5	4
  -3.5	2
  -2.5	9
  -1.5	4
  -0.5	8.25
   0.5	9
   1.5	2
   2.5	11
   3.5	9.5
   4.5	9
   5.5	11
   6.5	6
   7.5	6
   8.5	4
   9.5	3
  10.5	13
  11.5	5
  12.5	8
  13.5	6
  14.5	7
  15.5	6
  16.5	8
  17.5	7
  18.5	9
  19.5	9
  20.5	4
  21.5	13
  22.5	4
  23.5	8
  24.5	3
  25.5	7
  26.5	5
  27.5	13
  28.5	11
  29.5	6
  30.5	2
  31.5	9
  32.5	10.5
  33.5	10
  34.5	14
  35.5	5
  36.5	10
  37.5	5
  38.5	12.75
  39.5	13
  40.5	4
  41.5	4
  42.5	7
  43.5	7
  44.5	5
  45.5	4
  46.5	5
  47.5	9
  48.5	5
  49.5	4
  50.5	7
  51.5	4
  52.5	7
  53.5	7
  54.5	3
  55.5	10
  56.5	6
  57.5	6
  58.5	12
  59.5	6
  60.5	14
  61.5	3
  62.5	8
  63.5	2
  64.5	7
  65.5	10
  66.5	8
  67.5	5
  68.5	8
  69.5	10
  70.5	9
  71.5	5
  72.5	3
  73.5	3
  74.5	3
  75.5	9
  76.5	11
  77.5	9.25
  78.5	10
  79.5	4
  80.5	8
  81.5	7
  82.5	5.5
  83.5	10
  84.5	3
  85.5	8
  86.5	8
  87.5	6
  88.5	7
  89.5	7
  90.5	6
  91.5	8
  92.5	6
  93.5	5
  94.5	4
  95.5	7
  96.5	5
  97.5	7
  98.5	11
  99.5	14
 100.5	10
 101.5	7
 102.5	6
 103.5	2
 104.5	10
 105.5	6
 106.5	7
 107.5	9
 108.5	8
 109.5	8
 110.5	5
 111.5	7
 112.5	6
 113.5	9
 114.5	7
 115.5	7
 116.5	9.25
 117.5	9
 118.5	9
 119.5	5
 120.5	6
 121.5	6
 122.5	12
 123.5	11
 124.5	5
 125.5	8
 126.5	6
 127.5	8
 128.5	9
 129.5	5
 130.5	5
 131.5	7
 132.5	10.5
 133.5	9
 134.5	14
 135.5	15
 136.5	8
 137.5	9
 138.5	9
 139.5	5
 140.5	8
 141.5	3
 142.5	9
 143.5	6
 144.5	5
 145.5	7
 146.5	5
 147.5	6
 148.5	10
 149.5	7
 150.5	6
 151.5	4
 152.5	11
 153.5	12
 154.5	5
 155.5	4
 156.5	5
 157.5	5
 158.5	8.5
 159.5	9
 160.5	8
 161.5	6
 162.5	7
 163.5	6
 164.5	3
 165.5	12
 166.5	7
 167.5	7
 168.5	10
 169.5	9
 170.5	6
 171.5	2
 172.5	8
 173.5	9
 174.5	5
 175.5	3
 176.5	4
 177.5	5
 178.5	4
 179.5	2
 180.5	8
 181.5	5
 182.5	4
 183.5	8
 184.5	3
 185.5	8
 186.5	7
 187.5	6
 188.5	6
 189.5	4
 190.5	13
 191.5	6
 192.5	7
 193.5	4
 194.5	2
 195.5	4
 196.5	6.5
 197.5	3
 198.5	4
 199.5	4
 200.5	8
 201.5	8
 202.5	7
 203.5	1
 204.5	9
 205.5	7
 206.5	4
 207.5	9
 208.5	4
 209.5	8
 210.5	8
 211.5	9
 212.5	8
 213.5	11
 214.5	5
 215.5	3
 216.5	4
 217.5	10
 218.5	1
 219.5	4
 220.5	5.5
 221.5	7
 222.5	3
 223.5	3
 224.5	4
 225.5	4
 226.5	2.5
 227.5	5
DB 2 MOTIF	ZN563_HUMAN.H11MO.1.C
-229.0	11
-228.0	17.5
-227.0	15
-226.0	15
-225.0	13
-224.0	15
-223.0	13.5
-222.0	16
-221.0	8
-220.0	15
-219.0	20
-218.0	13
-217.0	12
-216.0	11
-215.0	14
-214.0	12
-213.0	16
-212.0	9
-211.0	9
-210.0	15
-209.0	10
-208.0	15
-207.0	14
-206.0	14
-205.0	13
-204.0	16
-203.0	13
-202.0	15
-201.0	18
-200.0	13
-199.0	22.5
-198.0	13
-197.0	14.5
-196.0	11.6667
-195.0	18
-194.0	9
-193.0	12
-192.0	16
-191.0	19
-190.0	8
-189.0	20
-188.0	17
-187.0	15
-186.0	18
-185.0	18.5
-184.0	14
-183.0	14
-182.0	14
-181.0	14
-180.0	11.5
-179.0	9
-178.0	19.5
-177.0	16
-176.0	18
-175.0	19
-174.0	22
-173.0	15
-172.0	14.5
-171.0	14.7
-170.0	14.3333
-169.0	13.5
-168.0	13
-167.0	17
-166.0	21
-165.0	10
-164.0	17
-163.0	12
-162.0	10
-161.0	19
-160.0	12
-159.0	15
-158.0	13
-157.0	9
-156.0	12
-155.0	11
-154.0	21
-153.0	11.5
-152.0	9.16667
-151.0	15
-150.0	15
-149.0	19
-148.0	16
-147.0	13.5
-146.0	14
-145.0	13.3333
-144.0	12
-143.0	14
-142.0	13
-141.0	12
-140.0	16.5
-139.0	4
-138.0	18.5
-137.0	14
-136.0	9
-135.0	18
-134.0	21
-133.0	13
-132.0	12
-131.0	20
-130.0	22
-129.0	15.5
-128.0	18
-127.0	18
-126.0	20
-125.0	10
-124.0	13.7
-123.0	11
-122.0	20
-121.0	12
-120.0	16.8333
-119.0	12
-118.0	13
-117.0	14.0769
-116.0	14
-115.0	14
-114.0	10.5769
-113.0	18
-112.0	12
-111.0	12.0769
-110.0	23.5
-109.0	14
-108.0	16.0769
-107.0	18.1667
-106.0	13
-105.0	16.0769
-104.0	19
-103.0	24
-102.0	20.0769
-101.0	20
-100.0	15
 -99.0	10.0769
 -98.0	15.5
 -97.0	17
 -96.0	15.0769
 -95.0	14
 -94.0	18
 -93.0	14.0769
 -92.0	10.5
 -91.0	20.5
 -90.0	13.0769
 -89.0	18
 -88.0	8
 -87.0	15.0769
 -86.0	13
 -85.0	17
 -84.0	9.07692
 -83.0	15
 -82.0	16
 -81.0	12.0769
 -80.0	9
 -79.0	20
 -78.0	17.3333
 -77.0	16
 -76.0	12
 -75.0	16
 -74.0	10
 -73.0	14
 -72.0	13
 -71.0	11.5
 -70.0	21
 -69.0	10
 -68.0	10.5
 -67.0	12
 -66.0	13
 -65.0	19.3333
 -64.0	18
 -63.0	23
 -62.0	15.5
 -61.0	22
 -60.0	16
 -59.0	8
 -58.0	17
 -57.0	18
 -56.0	16
 -55.0	19
 -54.0	13
 -53.0	15
 -52.0	16
 -51.0	11
 -50.0	23
 -49.0	20
 -48.0	13
 -47.0	16
 -46.0	23.5
 -45.0	15
 -44.0	14
 -43.0	14
 -42.0	15
 -41.0	11
 -40.0	11
 -39.0	14
 -38.0	19
 -37.0	11
 -36.0	21
 -35.0	15.5
 -34.0	20
 -33.0	17
 -32.0	25.5
 -31.0	20.5
 -30.0	19
 -29.0	14
 -28.0	16
 -27.0	14
 -26.0	20
 -25.0	16
 -24.0	19
 -23.0	22.3333
 -22.0	14.5
 -21.0	17.5
 -20.0	15
 -19.0	13
 -18.0	19
 -17.0	12
 -16.0	9.5
 -15.0	18.5
 -14.0	18
 -13.0	13.8333
 -12.0	23
 -11.0	10
 -10.0	14
  -9.0	17
  -8.0	20.5333
  -7.0	17
  -6.0	16
  -5.0	15
  -4.0	13
  -3.0	9
  -2.0	24
  -1.0	11
   0.0	25.5
   1.0	23.5
   2.0	8
   3.0	12
   4.0	22.5
   5.0	18
   6.0	19
   7.0	19
   8.0	17
   9.0	11
  10.0	13
  11.0	19
  12.0	20
  13.0	22
  14.0	7
  15.0	25
  16.0	12
  17.0	14
  18.0	20
  19.0	18
  20.0	24.5
  21.0	25.8333
  22.0	11.5
  23.0	29
  24.0	16
  25.0	19
  26.0	13
  27.0	18.1667
  28.0	19
  29.0	19
  30.0	17
  31.0	17
  32.0	14
  33.0	12
  34.0	16
  35.0	18.5
  36.0	14
  37.0	14.3333
  38.0	24
  39.0	10
  40.0	13
  41.0	14
  42.0	14.5
  43.0	14
  44.0	20
  45.0	17
  46.0	9
  47.0	18
  48.0	15
  49.0	15
  50.0	16.3333
  51.0	17
  52.0	15
  53.0	15
  54.0	11.3333
  55.0	14
  56.0	13
  57.0	15
  58.0	17
  59.0	15
  60.0	15
  61.0	18
  62.0	21
  63.0	18.5
  64.0	25
  65.0	25
  66.0	22
  67.0	14
  68.0	17
  69.0	24
  70.0	17
  71.0	19
  72.0	12
  73.0	22.8333
  74.0	13
  75.0	15
  76.0	21.5
  77.0	21
  78.0	13
  79.0	22
  80.0	23
  81.0	17
  82.0	16
  83.0	18.5
  84.0	21.5
  85.0	11
  86.0	16
  87.0	14
  88.0	20
  89.0	15
  90.0	12
  91.0	20.5
  92.0	19
  93.0	18
  94.0	15
  95.0	16
  96.0	14
  97.0	9.5
  98.0	16
  99.0	15.5
 100.0	20
 101.0	13
 102.0	17
 103.0	15.3333
 104.0	17.5
 105.0	20
 106.0	14.5
 107.0	9
 108.0	9
 109.0	19
 110.0	18
 111.0	16
 112.0	14
 113.0	13.5
 114.0	18
 115.0	11
 116.0	17
 117.0	15
 118.0	13
 119.0	12
 120.0	17
 121.0	10
 122.0	13
 123.0	20
 124.0	14
 125.0	9
 126.0	18
 127.0	12
 128.0	12
 129.0	17
 130.0	17
 131.0	7
 132.0	13
 133.0	14
 134.0	15
 135.0	12
 136.0	13
 137.0	19
 138.0	12.5
 139.0	14
 140.0	13.5
 141.0	9
 142.0	17
 143.0	9.5
 144.0	9
 145.0	10.5
 146.0	20.2
 147.0	12.5
 148.0	13
 149.0	12
 150.0	16
 151.0	13
 152.0	24
 153.0	19
 154.0	9
 155.0	22.1667
 156.0	18
 157.0	13.5
 158.0	15
 159.0	21
 160.0	14
 161.0	15
 162.0	8
 163.0	24
 164.0	9
 165.0	19
 166.0	7
 167.0	9
 168.0	6.5
 169.0	14
 170.0	18
 171.0	12
 172.0	16
 173.0	14
 174.0	18
 175.0	17.5
 176.0	17.5
 177.0	18.5
 178.0	15
 179.0	18
 180.0	10
 181.0	9.5
 182.0	11
 183.0	19.5
 184.0	15
 185.0	14
 186.0	19
 187.0	15
 188.0	11
 189.0	18
 190.0	14
 191.0	11
 192.0	20
 193.0	15
 194.0	23
 195.0	14
 196.0	15
 197.0	13.2
 198.0	11
 199.0	17.1667
 200.0	13
 201.0	13
 202.0	14
 203.0	12
 204.0	14
 205.0	12
 206.0	9
 207.0	14.5
 208.0	17
 209.0	6
 210.0	22
 211.0	19
 212.0	14
 213.0	16.3333
 214.0	8
 215.0	12
 216.0	14
 217.0	14
 218.0	18
 219.0	13
 220.0	21
 221.0	20
 222.0	21.5
 223.0	10
 224.0	17
 225.0	15
 226.0	8
 227.0	15
 228.0	16
 229.0	9
