DB 0 MOTIF	CYSKSCCCCDGSCKS	MEME-2
-347.5	5
-346.5	4
-345.5	5
-344.5	8
-343.5	5
-342.5	5
-341.5	6
-340.5	10
-339.5	5
-338.5	9
-337.5	2
-336.5	5.14286
-335.5	3
-334.5	6.5
-333.5	5.5
-332.5	10
-331.5	4
-330.5	6.5
-329.5	7
-328.5	7.33333
-327.5	5.5
-326.5	7
-325.5	6.08333
-324.5	11
-323.5	2
-322.5	2
-321.5	4.66667
-320.5	6
-319.5	9
-318.5	9
-317.5	4
-316.5	6
-315.5	7
-314.5	5.33333
-313.5	6
-312.5	5
-311.5	9
-310.5	5
-309.5	2.5
-308.5	7
-307.5	10
-306.5	7
-305.5	6
-304.5	8
-303.5	10.5
-302.5	6
-301.5	3
-300.5	7
-299.5	14
-298.5	4
-297.5	4
-296.5	7
-295.5	4
-294.5	8
-293.5	13
-292.5	2.14286
-291.5	11
-290.5	4
-289.5	6
-288.5	5
-287.5	4
-286.5	7
-285.5	3.5
-284.5	9
-283.5	7
-282.5	6.58333
-281.5	9
-280.5	8
-279.5	6
-278.5	5
-277.5	6
-276.5	5
-275.5	10
-274.5	6
-273.5	6
-272.5	6
-271.5	7
-270.5	2
-269.5	11
-268.5	4
-267.5	4
-266.5	7
-265.5	9
-264.5	11
-263.5	5
-262.5	11
-261.5	6.5
-260.5	10
-259.5	3
-258.5	7
-257.5	9
-256.5	4
-255.5	7
-254.5	6
-253.5	3
-252.5	5
-251.5	5
-250.5	5
-249.5	10
-248.5	10
-247.5	6
-246.5	5
-245.5	8
-244.5	8
-243.5	7
-242.5	11
-241.5	6
-240.5	5
-239.5	4.08333
-238.5	2
-237.5	7
-236.5	9
-235.5	7
-234.5	7
-233.5	9
-232.5	7
-231.5	7
-230.5	7
-229.5	7
-228.5	6
-227.5	10
-226.5	7
-225.5	14.5
-224.5	4
-223.5	10
-222.5	8
-221.5	7
-220.5	4.07692
-219.5	6
-218.5	9
-217.5	7
-216.5	7
-215.5	12
-214.5	11
-213.5	10
-212.5	6
-211.5	4
-210.5	6
-209.5	11
-208.5	7
-207.5	8
-206.5	4
-205.5	11.1429
-204.5	7
-203.5	8
-202.5	4
-201.5	5
-200.5	2
-199.5	10
-198.5	10
-197.5	6
-196.5	7.08333
-195.5	7
-194.5	9
-193.5	6
-192.5	3
-191.5	5
-190.5	6
-189.5	8
-188.5	7
-187.5	6
-186.5	13
-185.5	9
-184.5	10
-183.5	12
-182.5	8
-181.5	6
-180.5	8
-179.5	9
-178.5	12
-177.5	13
-176.5	9.07692
-175.5	7
-174.5	5
-173.5	4.5
-172.5	9
-171.5	5
-170.5	3
-169.5	4
-168.5	4
-167.5	8.33333
-166.5	0
-165.5	8
-164.5	5.5
-163.5	4
-162.5	6
-161.5	4.14286
-160.5	7
-159.5	6
-158.5	10
-157.5	7
-156.5	12
-155.5	8
-154.5	7
-153.5	9
-152.5	12.0833
-151.5	8
-150.5	7
-149.5	1
-148.5	10
-147.5	6
-146.5	2
-145.5	8
-144.5	10
-143.5	12
-142.5	13
-141.5	10
-140.5	3
-139.5	5
-138.5	8
-137.5	7
-136.5	6
-135.5	6
-134.5	9
-133.5	5
-132.5	5.07692
-131.5	8
-130.5	3
-129.5	4
-128.5	5
-127.5	9.5
-126.5	9
-125.5	6
-124.5	12
-123.5	8
-122.5	9
-121.5	5
-120.5	7
-119.5	12
-118.5	5
-117.5	10.6429
-116.5	8
-115.5	4.33333
-114.5	5
-113.5	3
-112.5	10
-111.5	8
-110.5	8
-109.5	7
-108.5	12.0833
-107.5	10
-106.5	8
-105.5	4
-104.5	5
-103.5	8
-102.5	7
-101.5	8
-100.5	9
 -99.5	5.5
 -98.5	13
 -97.5	5
 -96.5	10
 -95.5	11
 -94.5	4
 -93.5	6
 -92.5	8
 -91.5	8
 -90.5	7
 -89.5	5.07692
 -88.5	8
 -87.5	6
 -86.5	15
 -85.5	5.5
 -84.5	6
 -83.5	4
 -82.5	4
 -81.5	7
 -80.5	9.5
 -79.5	3
 -78.5	12
 -77.5	5.5
 -76.5	7
 -75.5	7
 -74.5	11
 -73.5	7
 -72.5	7
 -71.5	5
 -70.5	3
 -69.5	12
 -68.5	11
 -67.5	11
 -66.5	14
 -65.5	14
 -64.5	10.0833
 -63.5	5
 -62.5	3
 -61.5	11
 -60.5	10
 -59.5	7
 -58.5	11
 -57.5	10
 -56.5	7
 -55.5	8
 -54.5	7
 -53.5	12
 -52.5	4
 -51.5	8
 -50.5	11
 -49.5	3
 -48.5	6
 -47.5	9
 -46.5	6.07692
 -45.5	7
 -44.5	8
 -43.5	8.66667
 -42.5	6
 -41.5	4
 -40.5	6
 -39.5	8.5
 -38.5	8
 -37.5	12
 -36.5	2
 -35.5	2
 -34.5	5
 -33.5	11
 -32.5	6
 -31.5	7
 -30.5	10.1429
 -29.5	7
 -28.5	5
 -27.5	7
 -26.5	7
 -25.5	9
 -24.5	5
 -23.5	12
 -22.5	6
 -21.5	9
 -20.5	6
 -19.5	6
 -18.5	6
 -17.5	6
 -16.5	4
 -15.5	3
 -14.5	9
 -13.5	12
 -12.5	10
 -11.5	7
 -10.5	8
  -9.5	7
  -8.5	9
  -7.5	10
  -6.5	8
  -5.5	7
  -4.5	13
  -3.5	9.07692
  -2.5	9
  -1.5	10
  -0.5	6
   0.5	4
   1.5	8
   2.5	9
   3.5	3
   4.5	11
   5.5	11
   6.5	6
   7.5	9
   8.5	6
   9.5	13
  10.5	8
  11.5	15
  12.5	12
  13.5	10.1429
  14.5	6
  15.5	3
  16.5	9
  17.5	8
  18.5	8
  19.5	7
  20.5	15
  21.5	10
  22.5	8.08333
  23.5	8
  24.5	6.66667
  25.5	7
  26.5	3
  27.5	6
  28.5	6
  29.5	4
  30.5	13
  31.5	8
  32.5	7
  33.5	7
  34.5	5
  35.5	12
  36.5	7
  37.5	8
  38.5	10
  39.5	8.07692
  40.5	6
  41.5	6
  42.5	6
  43.5	5
  44.5	10
  45.5	6
  46.5	8
  47.5	8
  48.5	9
  49.5	7
  50.5	10
  51.5	7
  52.5	7
  53.5	13.5
  54.5	6
  55.5	11
  56.5	10
  57.5	6
  58.5	6
  59.5	6
  60.5	9
  61.5	3
  62.5	5
  63.5	10
  64.5	9
  65.5	7
  66.5	11.0833
  67.5	12
  68.5	10
  69.5	11
  70.5	4
  71.5	7
  72.5	7
  73.5	16
  74.5	8
  75.5	5
  76.5	7
  77.5	7
  78.5	7
  79.5	8
  80.5	5
  81.5	10
  82.5	9
  83.5	6.07692
  84.5	7
  85.5	9.5
  86.5	5
  87.5	6
  88.5	2
  89.5	8
  90.5	6
  91.5	9
  92.5	7.16667
  93.5	8
  94.5	6
  95.5	4.5
  96.5	6
  97.5	7
  98.5	11
  99.5	3
 100.5	7
 101.5	8
 102.5	6
 103.5	10
 104.5	9
 105.5	10
 106.5	12
 107.5	3
 108.5	10
 109.5	10
 110.5	4.58333
 111.5	8
 112.5	7
 113.5	7
 114.5	9
 115.5	3
 116.5	8
 117.5	9
 118.5	4
 119.5	8
 120.5	7
 121.5	8
 122.5	6
 123.5	5
 124.5	7
 125.5	10
 126.5	4.5
 127.5	6.07692
 128.5	11.5
 129.5	6
 130.5	7
 131.5	5
 132.5	9
 133.5	4
 134.5	6
 135.5	4
 136.5	9
 137.5	5
 138.5	8.5
 139.5	2.5
 140.5	8
 141.5	9
 142.5	11
 143.5	7
 144.5	6
 145.5	5
 146.5	8
 147.5	8
 148.5	2
 149.5	7
 150.5	6
 151.5	10
 152.5	9
 153.5	4
 154.5	5
 155.5	11.5
 156.5	4
 157.5	10
 158.5	7
 159.5	8.5
 160.5	9.16667
 161.5	4.5
 162.5	6
 163.5	9
 164.5	2
 165.5	5
 166.5	4
 167.5	5
 168.5	3
 169.5	8
 170.5	3
 171.5	7.07692
 172.5	7
 173.5	5
 174.5	6
 175.5	6.5
 176.5	5
 177.5	11
 178.5	8
 179.5	1
 180.5	9
 181.5	4
 182.5	10
 183.5	7
 184.5	6
 185.5	5
 186.5	8
 187.5	7
 188.5	11.5
 189.5	3
 190.5	4
 191.5	10
 192.5	5
 193.5	4
 194.5	4
 195.5	8
 196.5	8
 197.5	7.08333
 198.5	3
 199.5	2
 200.5	5
 201.5	7
 202.5	5
 203.5	7
 204.5	5
 205.5	9
 206.5	3
 207.5	8
 208.5	2.5
 209.5	5
 210.5	4.33333
 211.5	6
 212.5	5
 213.5	13
 214.5	9
 215.5	8
 216.5	5.5
 217.5	7
 218.5	14
 219.5	4
 220.5	9
 221.5	7
 222.5	8
 223.5	5
 224.5	5
 225.5	6
 226.5	3
 227.5	8
 228.5	7.16667
 229.5	10
 230.5	8
 231.5	6
 232.5	5
 233.5	3
 234.5	11
 235.5	10.5
 236.5	6
 237.5	6
 238.5	3
 239.5	10
 240.5	5
 241.5	6.08333
 242.5	7
 243.5	4
 244.5	7
 245.5	11
 246.5	5
 247.5	3.5
 248.5	5
 249.5	9
 250.5	7
 251.5	4
 252.5	6
 253.5	5
 254.5	11
 255.5	14
 256.5	8
 257.5	4
 258.5	7.07692
 259.5	4
 260.5	6.33333
 261.5	4
 262.5	2
 263.5	4
 264.5	3
 265.5	6
 266.5	7
 267.5	11
 268.5	4
 269.5	7
 270.5	5
 271.5	5.5
 272.5	8
 273.5	7
 274.5	7
 275.5	7
 276.5	4
 277.5	6
 278.5	6
 279.5	2
 280.5	9
 281.5	9
 282.5	9
 283.5	8
 284.5	7
 285.5	11
 286.5	11
 287.5	6
 288.5	7
 289.5	5
 290.5	3
 291.5	7
 292.5	5
 293.5	9
 294.5	7.5
 295.5	3
 296.5	8.16667
 297.5	15
 298.5	7
 299.5	5
 300.5	6
 301.5	6
 302.5	5.07692
 303.5	3
 304.5	2
 305.5	7
 306.5	7
 307.5	7
 308.5	10
 309.5	7
 310.5	4.33333
 311.5	9
 312.5	9
 313.5	9
 314.5	8
 315.5	7
 316.5	3
 317.5	7
 318.5	9
 319.5	2
 320.5	4
 321.5	2
 322.5	2.5
 323.5	4
 324.5	4
 325.5	3
 326.5	5
 327.5	10
 328.5	11.5
 329.5	7
 330.5	9
 331.5	8
 332.5	5
 333.5	7
 334.5	7
 335.5	10
 336.5	10
 337.5	15
 338.5	6
 339.5	5
 340.5	5
 341.5	8
 342.5	4
 343.5	8
 344.5	7
 345.5	3
 346.5	6.07692
 347.5	4
DB 1 MOTIF	3-CGGCGGCGGCGGCGG	STREME-3
-347.5	9
-346.5	13
-345.5	6
-344.5	8
-343.5	2
-342.5	6
-341.5	7
-340.5	5
-339.5	7.5
-338.5	4
-337.5	5.33333
-336.5	4
-335.5	4
-334.5	5.33333
-333.5	5
-332.5	4
-331.5	5.33333
-330.5	4
-329.5	3
-328.5	5.5
-327.5	2.5
-326.5	4
-325.5	9
-324.5	3
-323.5	3
-322.5	4
-321.5	9
-320.5	6
-319.5	4
-318.5	4
-317.5	4
-316.5	3
-315.5	3
-314.5	10
-313.5	2.25
-312.5	3
-311.5	6
-310.5	5.25
-309.5	3
-308.5	3
-307.5	4.25
-306.5	4.5
-305.5	7
-304.5	3.25
-303.5	7.83333
-302.5	5
-301.5	1
-300.5	4
-299.5	1
-298.5	3
-297.5	5.5
-296.5	2
-295.5	3
-294.5	3.33333
-293.5	3
-292.5	1
-291.5	6.33333
-290.5	4
-289.5	2.25
-288.5	1.33333
-287.5	5.5
-286.5	7.5
-285.5	5.33333
-284.5	2.5
-283.5	3.5
-282.5	4.16667
-281.5	3
-280.5	5
-279.5	4.16667
-278.5	3.2
-277.5	1.75
-276.5	5
-275.5	5.2
-274.5	3
-273.5	4
-272.5	5.7
-271.5	3
-270.5	3
-269.5	7.7
-268.5	3
-267.5	3
-266.5	5.2
-265.5	3
-264.5	9
-263.5	2
-262.5	2
-261.5	7
-260.5	4
-259.5	9
-258.5	3
-257.5	6
-256.5	3
-255.5	3
-254.5	7
-253.5	8
-252.5	1
-251.5	1
-250.5	4
-249.5	3
-248.5	6
-247.5	4
-246.5	1
-245.5	9
-244.5	7
-243.5	2
-242.5	1
-241.5	5
-240.5	4
-239.5	6
-238.5	5
-237.5	4
-236.5	3
-235.5	4
-234.5	6
-233.5	6
-232.5	5
-231.5	3
-230.5	5
-229.5	6
-228.5	3
-227.5	5
-226.5	7
-225.5	3
-224.5	6
-223.5	7
-222.5	13
-221.5	7
-220.5	4
-219.5	7
-218.5	1
-217.5	10
-216.5	5
-215.5	6
-214.5	7
-213.5	9
-212.5	7.25
-211.5	8
-210.5	3
-209.5	6.25
-208.5	7
-207.5	8.25
-206.5	2.58333
-205.5	11
-204.5	2.5
-203.5	1.58333
-202.5	8
-201.5	6.5
-200.5	5.33333
-199.5	5
-198.5	2.5
-197.5	4
-196.5	1
-195.5	4.25
-194.5	4
-193.5	7
-192.5	2
-191.5	6
-190.5	4
-189.5	4
-188.5	4
-187.5	7
-186.5	2
-185.5	5
-184.5	4
-183.5	6
-182.5	3
-181.5	3
-180.5	7
-179.5	6
-178.5	3
-177.5	4
-176.5	7
-175.5	8
-174.5	6
-173.5	3
-172.5	3
-171.5	4
-170.5	8
-169.5	6
-168.5	8
-167.5	6.5
-166.5	2
-165.5	7
-164.5	4.5
-163.5	4
-162.5	2
-161.5	6
-160.5	4
-159.5	6
-158.5	7
-157.5	8
-156.5	7
-155.5	7
-154.5	11
-153.5	6
-152.5	4
-151.5	2
-150.5	9
-149.5	7
-148.5	8
-147.5	4
-146.5	0
-145.5	4
-144.5	11
-143.5	6
-142.5	5
-141.5	2
-140.5	6
-139.5	4
-138.5	4
-137.5	3
-136.5	4
-135.5	2
-134.5	8
-133.5	5
-132.5	2.2
-131.5	4
-130.5	5
-129.5	1.2
-128.5	3
-127.5	8
-126.5	4.2
-125.5	8
-124.5	4
-123.5	4.2
-122.5	3
-121.5	6.33333
-120.5	4.2
-119.5	5
-118.5	11.3333
-117.5	4
-116.5	7
-115.5	7.33333
-114.5	8
-113.5	2
-112.5	8.25
-111.5	4
-110.5	3
-109.5	3.25
-108.5	7
-107.5	7
-106.5	13.25
-105.5	8
-104.5	2
-103.5	7.25
-102.5	8
-101.5	5
-100.5	4
 -99.5	5
 -98.5	4
 -97.5	5
 -96.5	4
 -95.5	6
 -94.5	5
 -93.5	11
 -92.5	3
 -91.5	7.5
 -90.5	4
 -89.5	8.16667
 -88.5	11
 -87.5	5
 -86.5	5
 -85.5	8
 -84.5	7
 -83.5	4
 -82.5	7
 -81.5	10
 -80.5	8
 -79.5	9
 -78.5	5
 -77.5	6.5
 -76.5	6
 -75.5	9
 -74.5	5
 -73.5	5
 -72.5	0
 -71.5	4
 -70.5	3
 -69.5	8
 -68.5	5
 -67.5	4
 -66.5	4
 -65.5	8
 -64.5	11
 -63.5	3
 -62.5	8
 -61.5	1
 -60.5	4
 -59.5	6
 -58.5	8
 -57.5	8
 -56.5	7
 -55.5	4
 -54.5	2
 -53.5	5
 -52.5	7
 -51.5	9
 -50.5	3
 -49.5	9
 -48.5	9
 -47.5	11
 -46.5	6
 -45.5	4
 -44.5	7
 -43.5	9
 -42.5	6.16667
 -41.5	8
 -40.5	9
 -39.5	3.16667
 -38.5	10
 -37.5	7
 -36.5	3.16667
 -35.5	8
 -34.5	8
 -33.5	5.16667
 -32.5	4
 -31.5	4
 -30.5	7
 -29.5	2
 -28.5	9
 -27.5	9
 -26.5	5.5
 -25.5	9
 -24.5	10
 -23.5	7.5
 -22.5	9
 -21.5	8
 -20.5	3.5
 -19.5	10
 -18.5	7
 -17.5	7
 -16.5	10
 -15.5	6
 -14.5	7
 -13.5	14
 -12.5	5.16667
 -11.5	7.5
 -10.5	5
  -9.5	5.16667
  -8.5	8
  -7.5	8
  -6.5	5.16667
  -5.5	6
  -4.5	5
  -3.5	8.5
  -2.5	7
  -1.5	4
  -0.5	4.5
   0.5	11
   1.5	9
   2.5	6.5
   3.5	6
   4.5	7
   5.5	4
   6.5	10
   7.5	7
   8.5	6
   9.5	3
  10.5	4
  11.5	8
  12.5	11
  13.5	13
  14.5	8
  15.5	7.16667
  16.5	6
  17.5	7
  18.5	9.41667
  19.5	8
  20.5	4
  21.5	4.41667
  22.5	4.16667
  23.5	7
  24.5	4.41667
  25.5	9.16667
  26.5	8
  27.5	5.41667
  28.5	0.166667
  29.5	7
  30.5	8.16667
  31.5	5.16667
  32.5	5.5
  33.5	6.5
  34.5	6
  35.5	7.5
  36.5	3.5
  37.5	12.5
  38.5	5
  39.5	8
  40.5	7
  41.5	8
  42.5	4
  43.5	5
  44.5	6
  45.5	4
  46.5	6
  47.5	8
  48.5	5
  49.5	3
  50.5	4.5
  51.5	4
  52.5	10
  53.5	6
  54.5	8.5
  55.5	6
  56.5	4
  57.5	6.5
  58.5	2
  59.5	9
  60.5	4
  61.5	6
  62.5	3.5
  63.5	3
  64.5	3
  65.5	7
  66.5	6
  67.5	7
  68.5	3
  69.5	7
  70.5	4
  71.5	8
  72.5	13
  73.5	4
  74.5	4
  75.5	8
  76.5	4
  77.5	8
  78.5	5
  79.5	2
  80.5	8
  81.5	15
  82.5	4
  83.5	0
  84.5	2
  85.5	8
  86.5	5
  87.5	11
  88.5	5
  89.5	6
  90.5	2
  91.5	8
  92.5	5
  93.5	3
  94.5	5
  95.5	5
  96.5	4
  97.5	6
  98.5	6.83333
  99.5	5.33333
 100.5	7
 101.5	6.33333
 102.5	4.33333
 103.5	6
 104.5	5.33333
 105.5	8.33333
 106.5	3
 107.5	5.5
 108.5	2.16667
 109.5	9
 110.5	6.5
 111.5	10.1667
 112.5	3
 113.5	8
 114.5	2
 115.5	5
 116.5	5
 117.5	4
 118.5	6
 119.5	4
 120.5	3
 121.5	2
 122.5	6
 123.5	6
 124.5	5
 125.5	1.16667
 126.5	4.5
 127.5	6
 128.5	5.16667
 129.5	4.5
 130.5	6
 131.5	7.16667
 132.5	2
 133.5	3.5
 134.5	6.16667
 135.5	5
 136.5	5
 137.5	3.16667
 138.5	3
 139.5	5
 140.5	12.1667
 141.5	5
 142.5	3
 143.5	2
 144.5	0
 145.5	2.5
 146.5	5
 147.5	4
 148.5	3
 149.5	7
 150.5	3
 151.5	5.5
 152.5	3
 153.5	5
 154.5	2.5
 155.5	7
 156.5	4
 157.5	4.66667
 158.5	6.5
 159.5	4
 160.5	5.5
 161.5	2.59091
 162.5	4
 163.5	3
 164.5	3.42424
 165.5	6
 166.5	2
 167.5	3.42424
 168.5	4.16667
 169.5	6.16667
 170.5	5.42424
 171.5	10.1667
 172.5	4.16667
 173.5	8.09091
 174.5	5.16667
 175.5	2.66667
 176.5	5.09091
 177.5	1.66667
 178.5	2.66667
 179.5	3.09091
 180.5	5
 181.5	5.16667
 182.5	6.09091
 183.5	4
 184.5	7.16667
 185.5	5.09091
 186.5	8
 187.5	2
 188.5	6.09091
 189.5	2.14286
 190.5	4.33333
 191.5	7.09091
 192.5	4.14286
 193.5	9.33333
 194.5	4
 195.5	1.14286
 196.5	5.83333
 197.5	6
 198.5	4.64286
 199.5	1.5
 200.5	9.33333
 201.5	6.14286
 202.5	3
 203.5	6.33333
 204.5	4.14286
 205.5	6
 206.5	5.33333
 207.5	9.14286
 208.5	3
 209.5	1
 210.5	6
 211.5	4
 212.5	5
 213.5	6
 214.5	4
 215.5	5
 216.5	7.5
 217.5	7
 218.5	5
 219.5	4
 220.5	4
 221.5	3
 222.5	5
 223.5	4
 224.5	4
 225.5	3
 226.5	4
 227.5	3
 228.5	2
 229.5	4
 230.5	1
 231.5	2.16667
 232.5	4
 233.5	4
 234.5	3.16667
 235.5	4
 236.5	6
 237.5	3.16667
 238.5	3
 239.5	6
 240.5	9.16667
 241.5	6
 242.5	5
 243.5	8.66667
 244.5	11.5
 245.5	4
 246.5	5.66667
 247.5	3.5
 248.5	4
 249.5	3.5
 250.5	6
 251.5	3
 252.5	5
 253.5	5
 254.5	2
 255.5	5.5
 256.5	6
 257.5	4.5
 258.5	5
 259.5	3
 260.5	4
 261.5	6
 262.5	6
 263.5	5.5
 264.5	2
 265.5	6
 266.5	4.5
 267.5	5
 268.5	3
 269.5	8.5
 270.5	4
 271.5	4
 272.5	4
 273.5	1
 274.5	5
 275.5	8
 276.5	3
 277.5	2
 278.5	4
 279.5	9
 280.5	2
 281.5	5
 282.5	3
 283.5	1
 284.5	3
 285.5	3
 286.5	6
 287.5	3
 288.5	1
 289.5	3
 290.5	5
 291.5	1
 292.5	8.16667
 293.5	2
 294.5	2
 295.5	1.16667
 296.5	4
 297.5	5
 298.5	6.66667
 299.5	3
 300.5	7
 301.5	1.66667
 302.5	4
 303.5	2
 304.5	4.16667
 305.5	3
 306.5	3
 307.5	3.16667
 308.5	4
 309.5	4
 310.5	5
 311.5	4
 312.5	5
 313.5	5
 314.5	7
 315.5	2
 316.5	4.33333
 317.5	3.33333
 318.5	2
 319.5	2.16667
 320.5	3.33333
 321.5	6
 322.5	6.75
 323.5	5.33333
 324.5	2
 325.5	8
 326.5	1
 327.5	2
 328.5	1.58333
 329.5	5.5
 330.5	6
 331.5	5
 332.5	5
 333.5	9
 334.5	4.25
 335.5	3
 336.5	3
 337.5	6
 338.5	4
 339.5	4
 340.5	3.25
 341.5	8
 342.5	6
 343.5	6
 344.5	4
 345.5	5
 346.5	8
 347.5	4
DB 1 MOTIF	9-CCGAGACC	STREME-9
-351.0	10
-350.0	13.3333
-349.0	4.5
-348.0	9.07143
-347.0	9.5
-346.0	13.6667
-345.0	10
-344.0	10
-343.0	8.33333
-342.0	7
-341.0	5
-340.0	4
-339.0	6
-338.0	9
-337.0	6.33333
-336.0	10.5
-335.0	7
-334.0	7
-333.0	13
-332.0	8
-331.0	13.5
-330.0	7
-329.0	7.5
-328.0	10.5526
-327.0	9.5
-326.0	3
-325.0	9.33333
-324.0	5
-323.0	6
-322.0	6.33333
-321.0	6.5
-320.0	9
-319.0	8.5
-318.0	5
-317.0	11.5
-316.0	8.09091
-315.0	6.5
-314.0	10.75
-313.0	8
-312.0	8.5
-311.0	8.5
-310.0	6.5
-309.0	6
-308.0	10
-307.0	10.5
-306.0	5
-305.0	6.07143
-304.0	6.5
-303.0	2
-302.0	7
-301.0	8.33333
-300.0	2
-299.0	6.5
-298.0	5.83333
-297.0	8
-296.0	9
-295.0	4
-294.0	7
-293.0	8
-292.0	7.33333
-291.0	10
-290.0	10
-289.0	10.5909
-288.0	8
-287.0	8.5
-286.0	8.5
-285.0	4
-284.0	6.05263
-283.0	5.5
-282.0	8
-281.0	6.09091
-280.0	8.5
-279.0	13
-278.0	8
-277.0	3.5
-276.0	5.5
-275.0	5
-274.0	3.5
-273.0	6
-272.0	6.625
-271.0	4
-270.0	4.25
-269.0	6.83333
-268.0	5
-267.0	8
-266.0	9.05263
-265.0	4.5
-264.0	4
-263.0	10
-262.0	9.57143
-261.0	6
-260.0	7
-259.0	10
-258.0	11
-257.0	8.5
-256.0	10
-255.0	9.16667
-254.0	5.5
-253.0	9.83333
-252.0	3.33333
-251.0	12
-250.0	11
-249.0	4.5
-248.0	10.0909
-247.0	9.33333
-246.0	9.16667
-245.0	7.5
-244.0	10
-243.0	6.5
-242.0	7.5
-241.0	11
-240.0	11.5
-239.0	5.5
-238.0	8
-237.0	11.1667
-236.0	5.5
-235.0	10
-234.0	9.5
-233.0	8.09091
-232.0	3.5
-231.0	2.5
-230.0	6
-229.0	4.125
-228.0	10.2576
-227.0	10.5
-226.0	10
-225.0	7.25
-224.0	6
-223.0	6
-222.0	5
-221.0	12.5
-220.0	10.3333
-219.0	11.7381
-218.0	8.5
-217.0	10
-216.0	9.5
-215.0	5
-214.0	8.5
-213.0	6.09091
-212.0	7.05263
-211.0	4.33333
-210.0	14.1667
-209.0	11.5
-208.0	8
-207.0	8
-206.0	7
-205.0	15
-204.0	9.5
-203.0	10.3333
-202.0	6.83333
-201.0	4
-200.0	12.0833
-199.0	7.5
-198.0	7.05263
-197.0	7.5
-196.0	11
-195.0	6
-194.0	11.5
-193.0	13.5909
-192.0	8
-191.0	7
-190.0	6
-189.0	7.5
-188.0	7.5
-187.0	9.5
-186.0	8.33333
-185.0	7.125
-184.0	3.5
-183.0	6.5
-182.0	11
-181.0	4.5
-180.0	12
-179.0	9.92424
-178.0	14.5
-177.0	6.16667
-176.0	5.07143
-175.0	11.8333
-174.0	6
-173.0	7
-172.0	11.5526
-171.0	6.5
-170.0	7
-169.0	6
-168.0	5
-167.0	4.92424
-166.0	13
-165.0	11
-164.0	5.5
-163.0	13.5
-162.0	9.5
-161.0	6.5
-160.0	10
-159.0	7.06667
-158.0	7.5
-157.0	10
-156.0	7.58333
-155.0	7.33333
-154.0	10
-153.0	9.09091
-152.0	11.5
-151.0	6
-150.0	7.75
-149.0	8.5
-148.0	6.05556
-147.0	14.8333
-146.0	9
-145.0	13.5
-144.0	8.09091
-143.0	13.3333
-142.0	14
-141.0	2.125
-140.0	6
-139.0	12.75
-138.0	7.5
-137.0	10
-136.0	9.5
-135.0	3
-134.0	5.83333
-133.0	3
-132.0	4.57143
-131.0	7
-130.0	6.55263
-129.0	2
-128.0	8.5
-127.0	11
-126.0	12.5
-125.0	9.5
-124.0	11.9242
-123.0	7.06667
-122.0	8.83333
-121.0	9.05556
-120.0	9.5
-119.0	9.75
-118.0	14
-117.0	9.5
-116.0	10.25
-115.0	6.05556
-114.0	9
-113.0	10.4242
-112.0	10.5833
-111.0	11.5
-110.0	7.5
-109.0	11.5
-108.0	12.25
-107.0	8.09091
-106.0	7.09091
-105.0	12.5
-104.0	6.5
-103.0	9.5
-102.0	6
-101.0	6.55556
-100.0	15
 -99.0	11
 -98.0	15.886
 -97.0	5.125
 -96.0	14
 -95.0	12
 -94.0	11
 -93.0	5
 -92.0	8.5
 -91.0	12.5
 -90.0	10
 -89.0	7
 -88.0	10.5
 -87.0	6.15758
 -86.0	7.10819
 -85.0	10.5
 -84.0	5
 -83.0	6
 -82.0	7
 -81.0	7.83333
 -80.0	10.3333
 -79.0	11.5
 -78.0	11
 -77.0	7.5
 -76.0	7.25
 -75.0	11.8333
 -74.0	12.5
 -73.0	3.59091
 -72.0	15.5909
 -71.0	7
 -70.0	10
 -69.0	10.0833
 -68.0	6.5
 -67.0	5.33333
 -66.0	14.25
 -65.0	4.33333
 -64.0	5
 -63.0	14.1667
 -62.0	10
 -61.0	9.5
 -60.0	6
 -59.0	11.8333
 -58.0	10
 -57.0	7
 -56.0	6
 -55.0	9.5
 -54.0	5.5
 -53.0	7.125
 -52.0	9.59091
 -51.0	8.06667
 -50.0	9.5
 -49.0	7.5
 -48.0	5
 -47.0	11.5
 -46.0	10.5
 -45.0	6.59091
 -44.0	13.0714
 -43.0	10.5
 -42.0	9
 -41.0	14
 -40.0	9
 -39.0	9
 -38.0	11.6465
 -37.0	11.3333
 -36.0	8
 -35.0	6
 -34.0	9
 -33.0	12.1742
 -32.0	13
 -31.0	5.5
 -30.0	14
 -29.0	6.5
 -28.0	8.05263
 -27.0	9
 -26.0	6.08333
 -25.0	6.5
 -24.0	10
 -23.0	13.5
 -22.0	11
 -21.0	12
 -20.0	8.5
 -19.0	11.5909
 -18.0	9
 -17.0	9.33333
 -16.0	11.5
 -15.0	11.5667
 -14.0	17.5
 -13.0	8
 -12.0	14.5
 -11.0	17.5
 -10.0	8.375
  -9.0	10.5
  -8.0	14
  -7.0	15.8333
  -6.0	7.55263
  -5.0	9
  -4.0	14
  -3.0	6.75758
  -2.0	13.5
  -1.0	7.90476
   0.0	10
   1.0	10.5
   2.0	11
   3.0	9.5
   4.0	13
   5.0	12
   6.0	14.3889
   7.0	9.09091
   8.0	14
   9.0	14
  10.0	9
  11.0	7.5
  12.0	6.33333
  13.0	6
  14.0	10
  15.0	11
  16.0	9.43182
  17.0	8.58333
  18.0	15.886
  19.0	11.5
  20.0	3.83333
  21.0	9.06667
  22.0	11.8333
  23.0	5
  24.0	9.55556
  25.0	6.5
  26.0	5
  27.0	8
  28.0	8.83333
  29.0	18
  30.0	10
  31.0	7.5
  32.0	7
  33.0	17
  34.0	9.625
  35.0	3
  36.0	4
  37.0	10.5
  38.0	6
  39.0	16
  40.0	8.5
  41.0	5
  42.0	10
  43.0	11.5714
  44.0	9.5
  45.0	9
  46.0	15.386
  47.0	6.59091
  48.0	10.5
  49.0	14.5
  50.0	12.0909
  51.0	6.5
  52.0	7.5
  53.0	5
  54.0	10.5
  55.0	11.5
  56.0	12.5
  57.0	9.06667
  58.0	7
  59.0	9
  60.0	16.0833
  61.0	5.5
  62.0	7
  63.0	12.5
  64.0	8.5
  65.0	8
  66.0	11.8333
  67.0	6.5
  68.0	11.0526
  69.0	8.5
  70.0	8.5
  71.0	3
  72.0	11.3333
  73.0	8
  74.0	10.0526
  75.0	11
  76.0	5.5
  77.0	12.0909
  78.0	8.05556
  79.0	8
  80.0	7.5
  81.0	11.5
  82.0	9.5
  83.0	10
  84.0	12
  85.0	6.59091
  86.0	12
  87.0	16.1623
  88.0	6.05263
  89.0	10.5
  90.0	7
  91.0	15.5
  92.0	8.55556
  93.0	4.06667
  94.0	10
  95.0	9.5
  96.0	6.5
  97.0	11.5
  98.0	7
  99.0	9
 100.0	10.8333
 101.0	12.5
 102.0	8.5
 103.0	8
 104.0	6.08333
 105.0	8.83333
 106.0	6.5
 107.0	11
 108.0	11.5
 109.0	8.33333
 110.0	3
 111.0	3.33333
 112.0	5.5
 113.0	7.83333
 114.0	11.5
 115.0	10
 116.0	10
 117.0	7
 118.0	9.10819
 119.0	11
 120.0	8
 121.0	13
 122.0	9.59091
 123.0	3
 124.0	11.3333
 125.0	11
 126.0	8.5
 127.0	10.0909
 128.0	9.83333
 129.0	10.0667
 130.0	5
 131.0	7.07143
 132.0	7.83333
 133.0	8.5
 134.0	9
 135.0	10.8333
 136.0	10.5
 137.0	5.5
 138.0	6.84091
 139.0	11
 140.0	7.5
 141.0	4
 142.0	6.33333
 143.0	6.5
 144.0	5.5
 145.0	11
 146.0	5
 147.0	10
 148.0	3.83333
 149.0	5
 150.0	8
 151.0	8.5
 152.0	7.05263
 153.0	7
 154.0	14.25
 155.0	13
 156.0	9.5
 157.0	8.09091
 158.0	10
 159.0	7.5
 160.0	7.55556
 161.0	7
 162.0	6.5
 163.0	5.5
 164.0	3
 165.0	7.56667
 166.0	8
 167.0	2
 168.0	8.5
 169.0	11.5
 170.0	10.25
 171.0	6.33333
 172.0	12
 173.0	8
 174.0	3.09091
 175.0	9.7381
 176.0	8.5
 177.0	11.5
 178.0	13
 179.0	5
 180.0	10
 181.0	15
 182.0	5
 183.0	4.5
 184.0	10
 185.0	4
 186.0	3
 187.0	9
 188.0	9.5
 189.0	9
 190.0	13
 191.0	5.92424
 192.0	12.1389
 193.0	5.5
 194.0	9.59091
 195.0	9.5
 196.0	14.5
 197.0	6.5
 198.0	11.5
 199.0	6.42424
 200.0	9
 201.0	6.4
 202.0	9
 203.0	6.5
 204.0	9.05556
 205.0	6
 206.0	6.05263
 207.0	5
 208.0	8
 209.0	4
 210.0	9
 211.0	8.5
 212.0	4
 213.0	6.5
 214.0	7.5
 215.0	10
 216.0	5.5
 217.0	7
 218.0	8.07143
 219.0	11.5
 220.0	11.5
 221.0	9
 222.0	4.83333
 223.0	10
 224.0	2.33333
 225.0	6.5
 226.0	10.0909
 227.0	9.33333
 228.0	8.5
 229.0	10.5
 230.0	7.5
 231.0	4.5
 232.0	2
 233.0	12.8333
 234.0	10.5
 235.0	12.3333
 236.0	5
 237.0	5.06667
 238.0	6.5
 239.0	12.6667
 240.0	14
 241.0	11
 242.0	3.5
 243.0	4.83333
 244.0	9.5
 245.0	7
 246.0	11.5
 247.0	4.5
 248.0	5.5
 249.0	9.5
 250.0	6.5
 251.0	5
 252.0	3.5
 253.0	10.5
 254.0	7.5
 255.0	4
 256.0	4.5
 257.0	9
 258.0	7.5
 259.0	6.83333
 260.0	9.09091
 261.0	4.5
 262.0	6.12698
 263.0	6
 264.0	4
 265.0	6.83333
 266.0	6.5
 267.0	10
 268.0	6
 269.0	12
 270.0	6.33333
 271.0	4
 272.0	10
 273.0	7.56667
 274.0	4.5
 275.0	9
 276.0	5
 277.0	9
 278.0	10
 279.0	3.08333
 280.0	12
 281.0	9
 282.0	7.5
 283.0	7
 284.0	12.0556
 285.0	7.5
 286.0	10.5
 287.0	13.25
 288.0	9.83333
 289.0	12
 290.0	4.5
 291.0	7
 292.0	9
 293.0	10
 294.0	8.5
 295.0	10.5
 296.0	7.5
 297.0	11
 298.0	7
 299.0	2
 300.0	10.5
 301.0	6.5
 302.0	8
 303.0	5.5
 304.0	5.5
 305.0	3.5
 306.0	6.5
 307.0	6.5
 308.0	12.5556
 309.0	2.56667
 310.0	9
 311.0	7
 312.0	6.5
 313.0	3.5
 314.0	7
 315.0	2
 316.0	4.83333
 317.0	10
 318.0	5.5
 319.0	3
 320.0	7.33333
 321.0	5.75758
 322.0	3.83333
 323.0	6.08333
 324.0	8
 325.0	6.5
 326.0	7.83333
 327.0	5
 328.0	7.5
 329.0	5
 330.0	5.83333
 331.0	10.5
 332.0	3.5
 333.0	11
 334.0	3
 335.0	9.5
 336.0	9.55556
 337.0	10.5
 338.0	6.5
 339.0	7
 340.0	5.83333
 341.0	5.5
 342.0	8.83333
 343.0	1
 344.0	12
 345.0	3.56667
 346.0	9
 347.0	8.5
 348.0	7.5
 349.0	4
 350.0	7.5
 351.0	10
DB 1 MOTIF	10-GCCCGGCCCTGSC	STREME-10
-348.5	13
-347.5	8
-346.5	9.2
-345.5	9
-344.5	9
-343.5	3
-342.5	6
-341.5	8
-340.5	6
-339.5	9
-338.5	7
-337.5	10
-336.5	11.5
-335.5	8
-334.5	14.5
-333.5	9.14286
-332.5	6
-331.5	8
-330.5	9
-329.5	6
-328.5	6
-327.5	5
-326.5	5.25
-325.5	6
-324.5	5
-323.5	4
-322.5	4.08333
-321.5	8
-320.5	10
-319.5	8
-318.5	5
-317.5	9
-316.5	2
-315.5	10
-314.5	5
-313.5	12
-312.5	7.5
-311.5	11
-310.5	13
-309.5	10
-308.5	9
-307.5	3
-306.5	8
-305.5	9.5
-304.5	13
-303.5	2
-302.5	8
-301.5	5
-300.5	6
-299.5	6
-298.5	7
-297.5	14
-296.5	13
-295.5	8.33333
-294.5	6
-293.5	7
-292.5	6
-291.5	15
-290.5	7.33333
-289.5	7.14286
-288.5	7
-287.5	12
-286.5	10
-285.5	5.33333
-284.5	8
-283.5	7.2
-282.5	8
-281.5	10
-280.5	10
-279.5	7.08333
-278.5	10
-277.5	4
-276.5	5.25
-275.5	5
-274.5	9
-273.5	7
-272.5	5
-271.5	10.25
-270.5	7
-269.5	7
-268.5	6
-267.5	4
-266.5	5
-265.5	9
-264.5	13
-263.5	7
-262.5	9
-261.5	6
-260.5	10.2
-259.5	6
-258.5	12
-257.5	10
-256.5	12
-255.5	7
-254.5	7
-253.5	14
-252.5	7
-251.5	7.25
-250.5	9
-249.5	8
-248.5	8
-247.5	8
-246.5	7
-245.5	6
-244.5	3.5
-243.5	6
-242.5	9
-241.5	10
-240.5	9.16667
-239.5	5
-238.5	8
-237.5	8
-236.5	8.08333
-235.5	9.5
-234.5	5
-233.5	11
-232.5	7
-231.5	13
-230.5	9
-229.5	15
-228.5	3
-227.5	8.25
-226.5	15
-225.5	7
-224.5	8
-223.5	11
-222.5	4
-221.5	3
-220.5	11
-219.5	7
-218.5	10
-217.5	8
-216.5	10.5
-215.5	9
-214.5	8
-213.5	8
-212.5	10
-211.5	7
-210.5	9
-209.5	10.5
-208.5	5.5
-207.5	8
-206.5	12
-205.5	8
-204.5	11
-203.5	5.5
-202.5	9.14286
-201.5	13.25
-200.5	3
-199.5	10.5
-198.5	11.5
-197.5	5
-196.5	9
-195.5	7.5
-194.5	3.5
-193.5	8.58333
-192.5	6
-191.5	11
-190.5	5
-189.5	7.25
-188.5	10
-187.5	13.25
-186.5	7.16667
-185.5	14
-184.5	6
-183.5	8.25
-182.5	8
-181.5	4
-180.5	11
-179.5	11
-178.5	9
-177.5	7.75
-176.5	8
-175.5	6
-174.5	9
-173.5	13
-172.5	10
-171.5	10
-170.5	14
-169.5	6
-168.5	4
-167.5	9.5
-166.5	6
-165.5	12
-164.5	6
-163.5	6
-162.5	4
-161.5	7
-160.5	9
-159.5	9.5
-158.5	10.1429
-157.5	5.2
-156.5	6
-155.5	6
-154.5	6.5
-153.5	11
-152.5	16
-151.5	7
-150.5	7
-149.5	12.0833
-148.5	3
-147.5	7
-146.5	9
-145.5	10
-144.5	3
-143.5	11
-142.5	7
-141.5	10
-140.5	11
-139.5	5
-138.5	9
-137.5	7
-136.5	6
-135.5	6
-134.5	5
-133.5	9.5
-132.5	11
-131.5	10
-130.5	13
-129.5	12
-128.5	15
-127.5	6
-126.5	5
-125.5	8
-124.5	7
-123.5	8
-122.5	7.5
-121.5	11.3333
-120.5	7
-119.5	10
-118.5	8
-117.5	8
-116.5	6.5
-115.5	12
-114.5	9.14286
-113.5	10
-112.5	11
-111.5	6
-110.5	9
-109.5	5
-108.5	11
-107.5	9
-106.5	6
-105.5	11.0833
-104.5	7
-103.5	11
-102.5	11
-101.5	10.5
-100.5	9
 -99.5	9
 -98.5	13
 -97.5	9
 -96.5	8.5
 -95.5	7
 -94.5	4
 -93.5	8.33333
 -92.5	11
 -91.5	13
 -90.5	6
 -89.5	10
 -88.5	11.3333
 -87.5	10
 -86.5	11.25
 -85.5	3
 -84.5	8
 -83.5	14.3333
 -82.5	12.5
 -81.5	5
 -80.5	5
 -79.5	7
 -78.5	9
 -77.5	10
 -76.5	13
 -75.5	8
 -74.5	9
 -73.5	12
 -72.5	12
 -71.5	7
 -70.5	6
 -69.5	13
 -68.5	9
 -67.5	9.83333
 -66.5	9
 -65.5	10
 -64.5	13
 -63.5	7
 -62.5	9
 -61.5	8.08333
 -60.5	10.1667
 -59.5	7
 -58.5	9
 -57.5	5
 -56.5	8
 -55.5	3
 -54.5	9.2
 -53.5	16
 -52.5	13.5
 -51.5	17
 -50.5	7
 -49.5	11.3333
 -48.5	9
 -47.5	9
 -46.5	11
 -45.5	8
 -44.5	13
 -43.5	7
 -42.5	14
 -41.5	11
 -40.5	7.33333
 -39.5	7.53333
 -38.5	11
 -37.5	13.5
 -36.5	12
 -35.5	11
 -34.5	15
 -33.5	14
 -32.5	7.83333
 -31.5	8.2
 -30.5	14.25
 -29.5	12
 -28.5	11
 -27.5	10.4762
 -26.5	16
 -25.5	11
 -24.5	11
 -23.5	16
 -22.5	9
 -21.5	9
 -20.5	4
 -19.5	7
 -18.5	15
 -17.5	17.25
 -16.5	15
 -15.5	5
 -14.5	10
 -13.5	8
 -12.5	7.25
 -11.5	10
 -10.5	8
  -9.5	16
  -8.5	9.5
  -7.5	11.75
  -6.5	8
  -5.5	17
  -4.5	13
  -3.5	11.5
  -2.5	9.75
  -1.5	12
  -0.5	14
   0.5	8.83333
   1.5	9.5
   2.5	11.1667
   3.5	22
   4.5	12.2
   5.5	15
   6.5	7
   7.5	14
   8.5	15
   9.5	7
  10.5	15
  11.5	17
  12.5	8
  13.5	3
  14.5	8.5
  15.5	6
  16.5	9.14286
  17.5	10.5
  18.5	12
  19.5	10.5
  20.5	11
  21.5	15
  22.5	16
  23.5	15
  24.5	5
  25.5	13.0833
  26.5	8
  27.5	7
  28.5	18
  29.5	18
  30.5	11
  31.5	10.2
  32.5	8
  33.5	12
  34.5	12
  35.5	10
  36.5	8
  37.5	15
  38.5	13
  39.5	11
  40.5	8
  41.5	11.3333
  42.5	13.5
  43.5	9
  44.5	11
  45.5	6
  46.5	8
  47.5	12.5
  48.5	14.2
  49.5	10
  50.5	6.33333
  51.5	14
  52.5	11
  53.5	12
  54.5	8
  55.5	9
  56.5	10
  57.5	6
  58.5	9
  59.5	7
  60.5	6
  61.5	12
  62.5	10
  63.5	7
  64.5	4
  65.5	11.5
  66.5	6
  67.5	13
  68.5	7
  69.5	10.0833
  70.5	11.5
  71.5	13
  72.5	11
  73.5	10
  74.5	15
  75.5	4
  76.5	8
  77.5	9
  78.5	7
  79.5	15
  80.5	4
  81.5	10
  82.5	9.5
  83.5	10
  84.5	9
  85.5	9
  86.5	10
  87.5	4
  88.5	9
  89.5	16
  90.5	4
  91.5	11
  92.5	8.2
  93.5	9.2
  94.5	7
  95.5	6
  96.5	8
  97.5	9
  98.5	7
  99.5	13.3333
 100.5	5.5
 101.5	11.5
 102.5	9
 103.5	9
 104.5	7
 105.5	8
 106.5	7
 107.5	10
 108.5	9
 109.5	5
 110.5	4
 111.5	5
 112.5	9.5
 113.5	12.0833
 114.5	7
 115.5	3
 116.5	11
 117.5	8
 118.5	7
 119.5	4.5
 120.5	13.5
 121.5	8
 122.5	10
 123.5	9
 124.5	5
 125.5	8.5
 126.5	8.5
 127.5	10
 128.5	8
 129.5	5
 130.5	5
 131.5	8
 132.5	8.25
 133.5	3.5
 134.5	10
 135.5	6.5
 136.5	9.2
 137.5	8
 138.5	4
 139.5	6
 140.5	7.33333
 141.5	11
 142.5	4
 143.5	6
 144.5	8
 145.5	9
 146.5	8
 147.5	8
 148.5	9
 149.5	9
 150.5	11
 151.5	8
 152.5	4
 153.5	8
 154.5	7
 155.5	11
 156.5	8
 157.5	4
 158.5	8
 159.5	13
 160.5	8
 161.5	5.5
 162.5	8
 163.5	8
 164.5	11
 165.5	3
 166.5	5
 167.5	6
 168.5	6
 169.5	12
 170.5	8
 171.5	4
 172.5	12
 173.5	6
 174.5	10.25
 175.5	7
 176.5	5.25
 177.5	9
 178.5	7
 179.5	5
 180.5	7
 181.5	8.33333
 182.5	7
 183.5	6
 184.5	5
 185.5	12
 186.5	3
 187.5	8
 188.5	15
 189.5	10
 190.5	2
 191.5	9
 192.5	7.5
 193.5	10.5
 194.5	10
 195.5	9
 196.5	3
 197.5	9
 198.5	4.5
 199.5	7
 200.5	7.08333
 201.5	6
 202.5	8
 203.5	5
 204.5	7
 205.5	12
 206.5	5
 207.5	6
 208.5	10
 209.5	4
 210.5	6
 211.5	6
 212.5	10
 213.5	4.5
 214.5	10
 215.5	5
 216.5	9
 217.5	6
 218.5	8
 219.5	6
 220.5	9.2
 221.5	9
 222.5	13
 223.5	8
 224.5	11
 225.5	6
 226.5	5.25
 227.5	7
 228.5	9.5
 229.5	8.5
 230.5	8
 231.5	4
 232.5	7.5
 233.5	9.5
 234.5	8
 235.5	5
 236.5	9
 237.5	8.5
 238.5	5
 239.5	7
 240.5	6
 241.5	8
 242.5	5
 243.5	3.5
 244.5	10.5833
 245.5	8
 246.5	3
 247.5	7.5
 248.5	12
 249.5	6
 250.5	7
 251.5	8.5
 252.5	6
 253.5	10
 254.5	5.16667
 255.5	6.5
 256.5	11.5
 257.5	6
 258.5	5
 259.5	6
 260.5	7
 261.5	7
 262.5	10
 263.5	3
 264.5	6
 265.5	5
 266.5	9
 267.5	5.5
 268.5	3.5
 269.5	7
 270.5	9.5
 271.5	8
 272.5	8
 273.5	5.25
 274.5	9
 275.5	7
 276.5	13.75
 277.5	7.33333
 278.5	4.25
 279.5	13.5
 280.5	5
 281.5	12
 282.5	7
 283.5	10.25
 284.5	12
 285.5	3
 286.5	4
 287.5	6.33333
 288.5	10.25
 289.5	9
 290.5	7
 291.5	10.3333
 292.5	5.5
 293.5	6
 294.5	9
 295.5	8
 296.5	6
 297.5	7.33333
 298.5	5
 299.5	10
 300.5	9
 301.5	6
 302.5	10
 303.5	4
 304.5	7
 305.5	6
 306.5	10
 307.5	13
 308.5	13
 309.5	7
 310.5	9.5
 311.5	7
 312.5	6.5
 313.5	8
 314.5	2
 315.5	5
 316.5	9
 317.5	9.66667
 318.5	11
 319.5	14
 320.5	4
 321.5	6
 322.5	9
 323.5	8
 324.5	7
 325.5	9
 326.5	7.25
 327.5	6
 328.5	8
 329.5	10
 330.5	10
 331.5	5
 332.5	8
 333.5	8
 334.5	9
 335.5	7
 336.5	9
 337.5	8
 338.5	16
 339.5	6
 340.5	4
 341.5	7
 342.5	6.2
 343.5	5
 344.5	7
 345.5	6
 346.5	12.3333
 347.5	5
 348.5	10
DB 1 MOTIF	23-CTGCAGCY	STREME-23
-351.0	11
-350.0	7
-349.0	5.5
-348.0	2.5
-347.0	8
-346.0	2
-345.0	4.5
-344.0	2
-343.0	4
-342.0	6.5
-341.0	3
-340.0	6.33333
-339.0	6
-338.0	3
-337.0	4.5
-336.0	3
-335.0	4.5
-334.0	4.5
-333.0	8
-332.0	7
-331.0	5
-330.0	6.5
-329.0	5.25
-328.0	3.5
-327.0	5.5
-326.0	6
-325.0	9
-324.0	6.5
-323.0	5.33333
-322.0	1
-321.0	5
-320.0	5
-319.0	10
-318.0	3.5
-317.0	6
-316.0	8.5
-315.0	3.83333
-314.0	10
-313.0	11.1667
-312.0	5
-311.0	5.33333
-310.0	4
-309.0	1
-308.0	4.33333
-307.0	4
-306.0	5
-305.0	6
-304.0	9.16667
-303.0	7
-302.0	6.5
-301.0	5.75
-300.0	9.5
-299.0	6.16667
-298.0	7.5
-297.0	11.7
-296.0	2.5
-295.0	7.75
-294.0	4
-293.0	6.5
-292.0	6
-291.0	1
-290.0	4
-289.0	4.25
-288.0	8
-287.0	3.83333
-286.0	6.5
-285.0	9.33333
-284.0	6
-283.0	6.83333
-282.0	5.5
-281.0	5.5
-280.0	8.33333
-279.0	5.5
-278.0	4.33333
-277.0	5
-276.0	10.25
-275.0	2
-274.0	6
-273.0	7.83333
-272.0	2
-271.0	3.5
-270.0	3.5
-269.0	7.66667
-268.0	13
-267.0	4
-266.0	9
-265.0	5.33333
-264.0	4
-263.0	4.33333
-262.0	3
-261.0	4.5
-260.0	3.83333
-259.0	4.5
-258.0	6
-257.0	8
-256.0	4.5
-255.0	6
-254.0	5.5
-253.0	2.75
-252.0	6.5
-251.0	3
-250.0	3
-249.0	6.33333
-248.0	1.5
-247.0	4
-246.0	4.5
-245.0	6
-244.0	7
-243.0	9
-242.0	5.5
-241.0	5.5
-240.0	3.5
-239.0	5.5
-238.0	7
-237.0	8
-236.0	2.66667
-235.0	3.5
-234.0	0
-233.0	9.33333
-232.0	4.5
-231.0	2
-230.0	4
-229.0	5.5
-228.0	6.83333
-227.0	10
-226.0	2.66667
-225.0	10
-224.0	8.83333
-223.0	4.33333
-222.0	3.5
-221.0	7.5
-220.0	5
-219.0	6
-218.0	9.5
-217.0	6
-216.0	5
-215.0	6.33333
-214.0	4.5
-213.0	3.33333
-212.0	5
-211.0	5
-210.0	7
-209.0	3
-208.0	8.5
-207.0	7
-206.0	2.5
-205.0	5
-204.0	1
-203.0	4
-202.0	5.33333
-201.0	5.5
-200.0	6.25
-199.0	7.83333
-198.0	6.75
-197.0	4.33333
-196.0	9
-195.0	1
-194.0	4.33333
-193.0	5.33333
-192.0	6.33333
-191.0	6
-190.0	6.5
-189.0	3
-188.0	3
-187.0	11
-186.0	4
-185.0	8.5
-184.0	3
-183.0	7
-182.0	6
-181.0	5.5
-180.0	5.5
-179.0	7.5
-178.0	7
-177.0	2.16667
-176.0	6
-175.0	2.16667
-174.0	4.33333
-173.0	6.5
-172.0	6
-171.0	5
-170.0	5.5
-169.0	9.5
-168.0	9.5
-167.0	7.66667
-166.0	7.33333
-165.0	7
-164.0	6.5
-163.0	7.5
-162.0	6.5
-161.0	8
-160.0	3.5
-159.0	6.5
-158.0	7.5
-157.0	1
-156.0	2.83333
-155.0	10.75
-154.0	1.33333
-153.0	9.5
-152.0	2
-151.0	9.5
-150.0	8
-149.0	4
-148.0	3.5
-147.0	6.33333
-146.0	10
-145.0	3.33333
-144.0	4.5
-143.0	8.5
-142.0	6.5
-141.0	6
-140.0	2
-139.0	4
-138.0	4.5
-137.0	5.5
-136.0	2
-135.0	3.5
-134.0	8.5
-133.0	9
-132.0	5
-131.0	6.5
-130.0	5
-129.0	3
-128.0	2.5
-127.0	1
-126.0	9
-125.0	3.5
-124.0	5.5
-123.0	5
-122.0	3
-121.0	8.5
-120.0	5.5
-119.0	11.5
-118.0	5.5
-117.0	3
-116.0	6.33333
-115.0	8.5
-114.0	8
-113.0	5.25
-112.0	3.83333
-111.0	7.33333
-110.0	5.83333
-109.0	9
-108.0	5.5
-107.0	9
-106.0	5.5
-105.0	6.5
-104.0	5.5
-103.0	5.5
-102.0	6
-101.0	5.5
-100.0	4
 -99.0	13
 -98.0	10
 -97.0	4
 -96.0	11.5
 -95.0	8
 -94.0	9.5
 -93.0	5.5
 -92.0	1
 -91.0	8.5
 -90.0	8.5
 -89.0	10
 -88.0	4
 -87.0	11.5
 -86.0	7.25
 -85.0	11
 -84.0	10.75
 -83.0	4.33333
 -82.0	12.5
 -81.0	9.33333
 -80.0	11.5
 -79.0	3.5
 -78.0	6.5
 -77.0	4
 -76.0	7.33333
 -75.0	7.16667
 -74.0	7
 -73.0	8
 -72.0	7.5
 -71.0	5
 -70.0	7
 -69.0	5
 -68.0	9.83333
 -67.0	9
 -66.0	8.5
 -65.0	4.33333
 -64.0	5.2
 -63.0	3.83333
 -62.0	4
 -61.0	5.5
 -60.0	9.5
 -59.0	5.5
 -58.0	6.5
 -57.0	5.5
 -56.0	11
 -55.0	11.8333
 -54.0	8.5
 -53.0	8.5
 -52.0	10.8333
 -51.0	8
 -50.0	6
 -49.0	7.5
 -48.0	3.5
 -47.0	6
 -46.0	6
 -45.0	5
 -44.0	7
 -43.0	5.33333
 -42.0	4.5
 -41.0	2.83333
 -40.0	8.66667
 -39.0	10.5
 -38.0	7.5
 -37.0	10.5
 -36.0	9
 -35.0	10.5
 -34.0	16
 -33.0	6.5
 -32.0	11.75
 -31.0	4
 -30.0	5.5
 -29.0	4.5
 -28.0	6
 -27.0	8.83333
 -26.0	9.66667
 -25.0	9.33333
 -24.0	4
 -23.0	6
 -22.0	12.5
 -21.0	9
 -20.0	8.5
 -19.0	8.83333
 -18.0	5.5
 -17.0	8.33333
 -16.0	8.5
 -15.0	7.33333
 -14.0	7.5
 -13.0	8
 -12.0	5.5
 -11.0	15
 -10.0	6
  -9.0	9.83333
  -8.0	12.3333
  -7.0	12
  -6.0	8
  -5.0	5
  -4.0	3
  -3.0	3
  -2.0	12
  -1.0	6
   0.0	5.5
   1.0	10.4167
   2.0	8.83333
   3.0	9.66667
   4.0	6.83333
   5.0	10
   6.0	6
   7.0	9.25
   8.0	12.5
   9.0	11.5
  10.0	8.5
  11.0	5.5
  12.0	7
  13.0	5.5
  14.0	12.5
  15.0	10.5
  16.0	7
  17.0	11.5
  18.0	9.5
  19.0	5.5
  20.0	6.5
  21.0	7.5
  22.0	9
  23.0	8
  24.0	6
  25.0	11
  26.0	5.33333
  27.0	11.25
  28.0	8.5
  29.0	8.66667
  30.0	5.5
  31.0	5
  32.0	5.83333
  33.0	3.5
  34.0	8.25
  35.0	9
  36.0	4
  37.0	8.5
  38.0	3.5
  39.0	8
  40.0	13
  41.0	6
  42.0	4
  43.0	5.83333
  44.0	5.08333
  45.0	7.83333
  46.0	3.5
  47.0	5.83333
  48.0	4.5
  49.0	7
  50.0	7.5
  51.0	10
  52.0	7
  53.0	4
  54.0	7.83333
  55.0	2.83333
  56.0	2
  57.0	9.83333
  58.0	8
  59.0	7.5
  60.0	6.5
  61.0	7.33333
  62.0	6.66667
  63.0	8.33333
  64.0	6.33333
  65.0	5.5
  66.0	4
  67.0	8
  68.0	6.5
  69.0	3.33333
  70.0	6
  71.0	5
  72.0	5.5
  73.0	4
  74.0	7.33333
  75.0	7.83333
  76.0	6.5
  77.0	5.5
  78.0	10.25
  79.0	8.5
  80.0	4.75
  81.0	5.5
  82.0	6.5
  83.0	2.75
  84.0	3.75
  85.0	6.5
  86.0	8.5
  87.0	3.25
  88.0	4
  89.0	8.25
  90.0	7
  91.0	2
  92.0	2.5
  93.0	3.5
  94.0	10
  95.0	10.25
  96.0	4.5
  97.0	5.5
  98.0	4.5
  99.0	8.83333
 100.0	6.5
 101.0	6.5
 102.0	4.5
 103.0	4.5
 104.0	5.5
 105.0	4.5
 106.0	2.5
 107.0	5.5
 108.0	5.83333
 109.0	8.33333
 110.0	5
 111.0	4
 112.0	5
 113.0	2
 114.0	7.83333
 115.0	3.5
 116.0	6.5
 117.0	7
 118.0	3.5
 119.0	6.33333
 120.0	8
 121.0	5.5
 122.0	4
 123.0	10.5
 124.0	3
 125.0	6
 126.0	5.5
 127.0	10.8333
 128.0	6.03333
 129.0	5.33333
 130.0	3.5
 131.0	8.16667
 132.0	3
 133.0	10
 134.0	5.66667
 135.0	5.5
 136.0	8
 137.0	8
 138.0	5
 139.0	7.33333
 140.0	8.5
 141.0	5
 142.0	11.5
 143.0	6.5
 144.0	9
 145.0	9.5
 146.0	6.5
 147.0	7.5
 148.0	6.5
 149.0	4.83333
 150.0	4.33333
 151.0	8.5
 152.0	5.83333
 153.0	8.5
 154.0	6.5
 155.0	4
 156.0	9.5
 157.0	6
 158.0	4
 159.0	11.8333
 160.0	6
 161.0	6.66667
 162.0	6
 163.0	10.5
 164.0	9
 165.0	7
 166.0	3
 167.0	8
 168.0	5
 169.0	4.5
 170.0	6.5
 171.0	6
 172.0	6.5
 173.0	3.5
 174.0	8.5
 175.0	6.5
 176.0	4
 177.0	11
 178.0	4.5
 179.0	5
 180.0	4
 181.0	7.5
 182.0	7.33333
 183.0	7
 184.0	6
 185.0	1
 186.0	6
 187.0	5
 188.0	2.5
 189.0	5.5
 190.0	3.5
 191.0	4
 192.0	4
 193.0	2
 194.0	7
 195.0	7
 196.0	6.33333
 197.0	3.33333
 198.0	8.33333
 199.0	4
 200.0	4.5
 201.0	9.5
 202.0	3.5
 203.0	6.66667
 204.0	4.5
 205.0	9.33333
 206.0	5.5
 207.0	5.33333
 208.0	5.33333
 209.0	3
 210.0	8
 211.0	9
 212.0	8
 213.0	11.3333
 214.0	7
 215.0	10
 216.0	7.5
 217.0	4.5
 218.0	3.5
 219.0	6.5
 220.0	4
 221.0	2
 222.0	9.5
 223.0	6.5
 224.0	14
 225.0	2
 226.0	7
 227.0	6
 228.0	5
 229.0	7
 230.0	4.5
 231.0	6.5
 232.0	8
 233.0	9.5
 234.0	5
 235.0	10.3333
 236.0	9
 237.0	7.5
 238.0	1
 239.0	9.5
 240.0	6.33333
 241.0	5.83333
 242.0	12
 243.0	3.5
 244.0	6
 245.0	7
 246.0	4.7
 247.0	4
 248.0	7
 249.0	3.5
 250.0	4
 251.0	7
 252.0	8.83333
 253.0	2.5
 254.0	7
 255.0	5.33333
 256.0	9
 257.0	8
 258.0	3.5
 259.0	2.83333
 260.0	11.5
 261.0	6.83333
 262.0	6
 263.0	4.83333
 264.0	6
 265.0	5
 266.0	7.33333
 267.0	9
 268.0	5.5
 269.0	2.5
 270.0	7.5
 271.0	6
 272.0	7
 273.0	6.5
 274.0	2.5
 275.0	3
 276.0	8
 277.0	5.5
 278.0	6.33333
 279.0	6
 280.0	7
 281.0	3
 282.0	5.08333
 283.0	4.83333
 284.0	7.5
 285.0	3.66667
 286.0	6.25
 287.0	7
 288.0	8.75
 289.0	6.83333
 290.0	5
 291.0	4
 292.0	7
 293.0	8.5
 294.0	7
 295.0	5.5
 296.0	4.5
 297.0	4
 298.0	4
 299.0	5
 300.0	7.5
 301.0	1
 302.0	4.5
 303.0	6
 304.0	5.5
 305.0	5.5
 306.0	4
 307.0	2.2
 308.0	2.5
 309.0	4.5
 310.0	3
 311.0	5
 312.0	1
 313.0	1
 314.0	8
 315.0	3
 316.0	6
 317.0	9
 318.0	4.5
 319.0	2
 320.0	6
 321.0	6.5
 322.0	4.5
 323.0	6
 324.0	4.5
 325.0	4.5
 326.0	5
 327.0	6
 328.0	2.5
 329.0	2.5
 330.0	5.5
 331.0	2
 332.0	8
 333.0	6.5
 334.0	8.5
 335.0	5.5
 336.0	4.5
 337.0	6.33333
 338.0	5
 339.0	5.16667
 340.0	11
 341.0	6
 342.0	6
 343.0	6
 344.0	7
 345.0	9.5
 346.0	4
 347.0	4.5
 348.0	7
 349.0	4
 350.0	6
 351.0	8
DB 1 MOTIF	26-AGCAGCAGCRCCA	STREME-26
-348.5	2
-347.5	10
-346.5	8
-345.5	6
-344.5	6
-343.5	4
-342.5	6
-341.5	5
-340.5	5
-339.5	4
-338.5	6.25
-337.5	4
-336.5	6.33333
-335.5	5
-334.5	5
-333.5	8
-332.5	4
-331.5	5
-330.5	4.33333
-329.5	5
-328.5	4
-327.5	5
-326.5	2
-325.5	3
-324.5	4.33333
-323.5	7
-322.5	7
-321.5	4
-320.5	8
-319.5	3
-318.5	7
-317.5	5
-316.5	7
-315.5	3
-314.5	6.25
-313.5	9
-312.5	8
-311.5	4
-310.5	7
-309.5	5
-308.5	3
-307.5	2
-306.5	5
-305.5	5
-304.5	5
-303.5	9
-302.5	8
-301.5	2
-300.5	4
-299.5	4
-298.5	4
-297.5	5
-296.5	7.25
-295.5	6
-294.5	7
-293.5	1
-292.5	5
-291.5	5
-290.5	8
-289.5	5
-288.5	7
-287.5	4.5
-286.5	4.83333
-285.5	6
-284.5	11.5
-283.5	5
-282.5	7
-281.5	3
-280.5	4
-279.5	9
-278.5	10
-277.5	2
-276.5	7
-275.5	7
-274.5	10
-273.5	6
-272.5	4
-271.5	4
-270.5	4
-269.5	6
-268.5	7
-267.5	5
-266.5	2
-265.5	5
-264.5	4
-263.5	3.5
-262.5	3
-261.5	2
-260.5	4.83333
-259.5	5
-258.5	4
-257.5	4.25
-256.5	3
-255.5	7
-254.5	5.33333
-253.5	10
-252.5	0
-251.5	10
-250.5	4
-249.5	3
-248.5	4
-247.5	5
-246.5	6
-245.5	4
-244.5	9
-243.5	3
-242.5	2
-241.5	3
-240.5	5
-239.5	5
-238.5	5
-237.5	6
-236.5	2
-235.5	4
-234.5	2.33333
-233.5	6
-232.5	2
-231.5	4
-230.5	3
-229.5	11
-228.5	4
-227.5	9
-226.5	8
-225.5	7
-224.5	6
-223.5	5
-222.5	4
-221.5	8
-220.5	5
-219.5	9
-218.5	1
-217.5	8
-216.5	6
-215.5	7
-214.5	4
-213.5	6.5
-212.5	6
-211.5	3
-210.5	7
-209.5	7
-208.5	6
-207.5	9
-206.5	9
-205.5	6
-204.5	4
-203.5	4
-202.5	5
-201.5	12.5
-200.5	5
-199.5	7
-198.5	2.5
-197.5	7
-196.5	8
-195.5	7
-194.5	7
-193.5	5
-192.5	2
-191.5	12
-190.5	5
-189.5	8
-188.5	1
-187.5	6
-186.5	5
-185.5	8
-184.5	8
-183.5	3
-182.5	3
-181.5	6
-180.5	8
-179.5	9
-178.5	3
-177.5	7
-176.5	11
-175.5	7
-174.5	7
-173.5	5
-172.5	5
-171.5	4
-170.5	4
-169.5	5
-168.5	6
-167.5	7
-166.5	4
-165.5	2.25
-164.5	4
-163.5	6
-162.5	4.5
-161.5	8
-160.5	2
-159.5	7
-158.5	2
-157.5	5
-156.5	6
-155.5	7
-154.5	5
-153.5	10.5
-152.5	7.25
-151.5	3
-150.5	6
-149.5	8
-148.5	5
-147.5	0
-146.5	5
-145.5	6
-144.5	3
-143.5	5
-142.5	6
-141.5	7
-140.5	4
-139.5	4
-138.5	9
-137.5	4
-136.5	11
-135.5	6
-134.5	10
-133.5	4
-132.5	5
-131.5	4.5
-130.5	6
-129.5	4
-128.5	2.5
-127.5	3
-126.5	8.33333
-125.5	6
-124.5	5
-123.5	11.5
-122.5	10
-121.5	7
-120.5	4
-119.5	3
-118.5	6
-117.5	3
-116.5	7
-115.5	4
-114.5	7
-113.5	6
-112.5	6
-111.5	6
-110.5	3
-109.5	2.25
-108.5	5
-107.5	7
-106.5	10
-105.5	10
-104.5	3
-103.5	11
-102.5	6
-101.5	3
-100.5	4
 -99.5	1
 -98.5	6
 -97.5	3
 -96.5	3
 -95.5	5
 -94.5	4
 -93.5	5
 -92.5	3
 -91.5	6
 -90.5	7
 -89.5	5
 -88.5	9
 -87.5	8
 -86.5	4
 -85.5	10
 -84.5	4
 -83.5	2
 -82.5	5
 -81.5	3
 -80.5	5
 -79.5	7
 -78.5	7
 -77.5	7.5
 -76.5	5
 -75.5	10
 -74.5	6
 -73.5	9
 -72.5	5
 -71.5	0.5
 -70.5	6
 -69.5	2
 -68.5	14
 -67.5	5
 -66.5	6.25
 -65.5	5.5
 -64.5	11
 -63.5	8
 -62.5	4
 -61.5	3
 -60.5	3
 -59.5	3
 -58.5	9
 -57.5	4
 -56.5	5.33333
 -55.5	6
 -54.5	10.25
 -53.5	5
 -52.5	5
 -51.5	5
 -50.5	1
 -49.5	5
 -48.5	6
 -47.5	6
 -46.5	7
 -45.5	2
 -44.5	8
 -43.5	2
 -42.5	7
 -41.5	7
 -40.5	10
 -39.5	6
 -38.5	9
 -37.5	5
 -36.5	5
 -35.5	7
 -34.5	6
 -33.5	10
 -32.5	4
 -31.5	5
 -30.5	4.33333
 -29.5	7
 -28.5	8
 -27.5	3
 -26.5	6.5
 -25.5	6
 -24.5	4
 -23.5	8.25
 -22.5	4
 -21.5	6
 -20.5	6
 -19.5	6
 -18.5	2.25
 -17.5	6
 -16.5	3
 -15.5	7.25
 -14.5	7.2
 -13.5	6
 -12.5	10.25
 -11.5	5.2
 -10.5	5
  -9.5	10.25
  -8.5	8
  -7.5	6
  -6.5	6
  -5.5	3
  -4.5	3.33333
  -3.5	7.33333
  -2.5	10
  -1.5	3
  -0.5	8.66667
   0.5	6
   1.5	8
   2.5	8.16667
   3.5	4
   4.5	9
   5.5	4.5
   6.5	10
   7.5	4
   8.5	6
   9.5	5
  10.5	3
  11.5	6
  12.5	8
  13.5	6
  14.5	5
  15.5	4
  16.5	8
  17.5	4
  18.5	9
  19.5	11
  20.5	11
  21.5	4
  22.5	1
  23.5	6
  24.5	7
  25.5	7
  26.5	10
  27.5	6
  28.5	4
  29.5	7
  30.5	3
  31.5	7
  32.5	9
  33.5	3
  34.5	8
  35.5	9
  36.5	13.2
  37.5	5.33333
  38.5	13
  39.5	5.2
  40.5	5
  41.5	5
  42.5	7.2
  43.5	7
  44.5	13
  45.5	10
  46.5	8
  47.5	4
  48.5	9
  49.5	9
  50.5	7
  51.5	5
  52.5	8
  53.5	3
  54.5	5
  55.5	12
  56.5	6
  57.5	8
  58.5	4
  59.5	9
  60.5	6
  61.5	8
  62.5	3
  63.5	7
  64.5	11
  65.5	2
  66.5	2
  67.5	4
  68.5	8
  69.5	5
  70.5	8
  71.5	12
  72.5	6
  73.5	9.25
  74.5	4
  75.5	8.5
  76.5	8
  77.5	10.3333
  78.5	4.5
  79.5	5
  80.5	6
  81.5	5.5
  82.5	5
  83.5	7
  84.5	5
  85.5	8
  86.5	9
  87.5	7
  88.5	5
  89.5	10
  90.5	5
  91.5	5
  92.5	8
  93.5	7
  94.5	7
  95.5	6
  96.5	2
  97.5	6
  98.5	5
  99.5	3
 100.5	9
 101.5	6
 102.5	3
 103.5	12
 104.5	11
 105.5	3
 106.5	4
 107.5	3
 108.5	4
 109.5	8
 110.5	1.5
 111.5	3
 112.5	5
 113.5	10.5
 114.5	5
 115.5	6
 116.5	5
 117.5	4
 118.5	6
 119.5	8.5
 120.5	7
 121.5	4
 122.5	7
 123.5	11
 124.5	6
 125.5	4
 126.5	5
 127.5	5
 128.5	11
 129.5	6
 130.5	2
 131.5	4.5
 132.5	3
 133.5	5
 134.5	6
 135.5	5
 136.5	4.5
 137.5	2
 138.5	3
 139.5	4
 140.5	6
 141.5	1
 142.5	4
 143.5	7
 144.5	4
 145.5	5
 146.5	6
 147.5	3
 148.5	5
 149.5	5
 150.5	7.5
 151.5	7
 152.5	3
 153.5	7
 154.5	4
 155.5	7
 156.5	6.5
 157.5	10
 158.5	5
 159.5	4
 160.5	7
 161.5	8
 162.5	2
 163.5	6
 164.5	1
 165.5	7
 166.5	7
 167.5	5
 168.5	3
 169.5	4
 170.5	6
 171.5	7
 172.5	6
 173.5	6
 174.5	6
 175.5	3
 176.5	8
 177.5	7
 178.5	10
 179.5	8.5
 180.5	3
 181.5	6
 182.5	3
 183.5	2
 184.5	7
 185.5	4
 186.5	4
 187.5	4
 188.5	4
 189.5	2
 190.5	3
 191.5	3
 192.5	7
 193.5	6
 194.5	6
 195.5	5
 196.5	4
 197.5	7
 198.5	11
 199.5	1
 200.5	4
 201.5	7
 202.5	9.25
 203.5	7
 204.5	4
 205.5	4
 206.5	6
 207.5	6
 208.5	2
 209.5	5
 210.5	6
 211.5	5
 212.5	10
 213.5	7
 214.5	9
 215.5	2
 216.5	9
 217.5	2
 218.5	4
 219.5	3
 220.5	5
 221.5	4
 222.5	8
 223.5	3
 224.5	9
 225.5	4
 226.5	1
 227.5	4
 228.5	2.33333
 229.5	4
 230.5	10
 231.5	5.33333
 232.5	5
 233.5	9
 234.5	3.33333
 235.5	2
 236.5	4
 237.5	6
 238.5	2
 239.5	2
 240.5	4
 241.5	2
 242.5	6
 243.5	3
 244.5	3
 245.5	6
 246.5	5
 247.5	6
 248.5	2
 249.5	7
 250.5	3
 251.5	4
 252.5	2
 253.5	9
 254.5	1
 255.5	1
 256.5	6
 257.5	10.5
 258.5	5
 259.5	5
 260.5	1.5
 261.5	8
 262.5	5
 263.5	4
 264.5	4
 265.5	4
 266.5	7
 267.5	3
 268.5	5
 269.5	3
 270.5	4
 271.5	3
 272.5	7
 273.5	7
 274.5	4
 275.5	2
 276.5	4
 277.5	2
 278.5	5
 279.5	8
 280.5	6
 281.5	10
 282.5	4
 283.5	7
 284.5	8
 285.5	8.5
 286.5	4
 287.5	6
 288.5	7.5
 289.5	7
 290.5	6
 291.5	6
 292.5	4
 293.5	7
 294.5	4
 295.5	3
 296.5	7
 297.5	5
 298.5	6.5
 299.5	4
 300.5	2
 301.5	6.5
 302.5	7
 303.5	7
 304.5	7.5
 305.5	7
 306.5	4
 307.5	5.5
 308.5	3
 309.5	4
 310.5	6
 311.5	6
 312.5	8
 313.5	8
 314.5	5
 315.5	3
 316.5	7
 317.5	2
 318.5	5
 319.5	3.5
 320.5	4
 321.5	3
 322.5	6
 323.5	4
 324.5	3
 325.5	3.5
 326.5	7
 327.5	4
 328.5	4
 329.5	9
 330.5	6
 331.5	4
 332.5	4
 333.5	7
 334.5	11.3333
 335.5	3
 336.5	4.5
 337.5	3.33333
 338.5	4
 339.5	7.5
 340.5	7.33333
 341.5	4
 342.5	4
 343.5	6
 344.5	5
 345.5	4
 346.5	3
 347.5	2
 348.5	7
DB 1 MOTIF	31-AGGAAGCCCGGG	STREME-31
-349.0	7
-348.0	4
-347.0	6.14286
-346.0	6
-345.0	7
-344.0	5
-343.0	5
-342.0	4
-341.0	5
-340.0	6
-339.0	9
-338.0	2
-337.0	7
-336.0	2.08333
-335.0	7
-334.0	10
-333.0	7
-332.0	12
-331.0	7
-330.0	2
-329.0	7
-328.0	7
-327.0	4
-326.0	11
-325.0	14
-324.0	8
-323.0	5
-322.0	5
-321.0	5
-320.0	6
-319.0	3
-318.0	3
-317.0	5
-316.0	8
-315.0	5
-314.0	2
-313.0	7
-312.0	7
-311.0	6
-310.0	8
-309.0	7
-308.0	5
-307.0	6
-306.0	10
-305.0	4
-304.0	6
-303.0	12.1429
-302.0	4
-301.0	5
-300.0	6
-299.0	4
-298.0	11
-297.0	7
-296.0	10
-295.0	11
-294.0	5
-293.0	7.08333
-292.0	5
-291.0	9
-290.0	7
-289.0	8
-288.0	11
-287.0	7
-286.0	7
-285.0	7
-284.0	9
-283.0	7.5
-282.0	2
-281.0	7
-280.0	4
-279.0	2
-278.0	7
-277.0	9
-276.0	3
-275.0	10
-274.0	7
-273.0	7.33333
-272.0	5
-271.0	5
-270.0	5
-269.0	7
-268.0	3
-267.0	5
-266.0	9
-265.0	4
-264.0	3
-263.0	5
-262.0	6
-261.0	4
-260.0	9
-259.0	5.14286
-258.0	1
-257.0	4
-256.0	7
-255.0	7
-254.0	5
-253.0	6
-252.0	7
-251.0	7
-250.0	8.08333
-249.0	7.5
-248.0	5
-247.0	7
-246.0	5
-245.0	6
-244.0	8
-243.0	6
-242.0	8
-241.0	5
-240.0	6
-239.0	8
-238.0	8.5
-237.0	7
-236.0	9
-235.0	6
-234.0	8
-233.0	1
-232.0	8
-231.0	11
-230.0	10
-229.0	5.5
-228.0	11
-227.0	10
-226.0	6
-225.0	9.5
-224.0	6
-223.0	5.5
-222.0	2
-221.0	8
-220.0	4
-219.0	7
-218.0	5
-217.0	8
-216.0	4.14286
-215.0	8
-214.0	4
-213.0	5
-212.0	5
-211.0	6
-210.0	4
-209.0	10
-208.0	4
-207.0	11.0833
-206.0	5.5
-205.0	7
-204.0	6
-203.0	3
-202.0	5
-201.0	5
-200.0	13
-199.0	16
-198.0	9
-197.0	5
-196.0	6
-195.0	7
-194.0	8
-193.0	10
-192.0	10
-191.0	7
-190.0	9
-189.0	5
-188.0	8
-187.0	1.08333
-186.0	3.5
-185.0	11
-184.0	7.5
-183.0	5
-182.0	10
-181.0	10
-180.0	5
-179.0	5
-178.0	9
-177.0	9
-176.0	5
-175.0	8
-174.0	11
-173.0	6
-172.0	7
-171.0	8
-170.0	11
-169.0	5
-168.0	3
-167.0	10
-166.0	14
-165.0	3
-164.0	4
-163.0	11.0833
-162.0	5
-161.0	4
-160.0	9
-159.0	5
-158.0	4
-157.0	10
-156.0	3
-155.0	8
-154.0	7
-153.0	3
-152.0	6
-151.0	7
-150.0	10
-149.0	7
-148.0	11
-147.0	3
-146.0	7
-145.0	11
-144.0	6
-143.0	9.58333
-142.0	11
-141.0	9
-140.0	3
-139.0	5
-138.0	4
-137.0	5
-136.0	6
-135.0	6
-134.0	5
-133.0	4
-132.0	10
-131.0	13.5
-130.0	7
-129.0	14
-128.0	10.6429
-127.0	5
-126.0	9
-125.0	8
-124.0	8
-123.0	5
-122.0	8
-121.0	7
-120.0	4
-119.0	6.08333
-118.0	11
-117.0	2
-116.0	5
-115.0	7
-114.0	4
-113.0	9
-112.0	6
-111.0	5
-110.0	7
-109.0	9
-108.0	14
-107.0	9
-106.0	6
-105.0	8
-104.0	6
-103.0	4
-102.0	14
-101.0	5
-100.0	8.08333
 -99.0	5
 -98.0	8
 -97.0	5
 -96.0	8
 -95.0	7
 -94.0	7.5
 -93.0	6
 -92.0	7
 -91.0	7
 -90.0	5
 -89.0	3
 -88.0	5
 -87.0	10
 -86.0	10
 -85.0	8
 -84.0	13
 -83.0	9
 -82.0	4
 -81.0	3
 -80.0	6
 -79.0	8
 -78.0	10
 -77.0	9
 -76.0	7
 -75.0	4.08333
 -74.0	7
 -73.0	8
 -72.0	8
 -71.0	6
 -70.0	5
 -69.0	7
 -68.0	8
 -67.0	7
 -66.0	6
 -65.0	6.33333
 -64.0	12
 -63.0	10
 -62.0	3
 -61.0	7
 -60.0	9
 -59.0	7
 -58.0	3
 -57.0	8.08333
 -56.0	10
 -55.0	2
 -54.0	9
 -53.0	8
 -52.0	5
 -51.0	5
 -50.0	5
 -49.0	12
 -48.0	9
 -47.0	6
 -46.0	6
 -45.0	8
 -44.0	4
 -43.0	8
 -42.0	9
 -41.0	10.1429
 -40.0	6
 -39.0	10
 -38.0	6
 -37.0	13
 -36.0	6
 -35.0	8
 -34.0	9
 -33.0	7
 -32.0	12
 -31.0	12.0833
 -30.0	6
 -29.0	10
 -28.0	12
 -27.0	8
 -26.0	13
 -25.0	2
 -24.0	12
 -23.0	8
 -22.0	6
 -21.0	7.5
 -20.0	7
 -19.0	11
 -18.0	4
 -17.0	12
 -16.0	8
 -15.0	6
 -14.0	6.08333
 -13.0	5
 -12.0	11
 -11.0	7
 -10.0	15
  -9.0	8
  -8.0	6
  -7.0	6
  -6.0	4
  -5.0	6
  -4.0	5
  -3.0	7
  -2.0	5
  -1.0	8
   0.0	7
   1.0	9
   2.0	4
   3.0	5.14286
   4.0	16.3333
   5.0	6
   6.0	8
   7.0	4
   8.0	5
   9.0	2
  10.0	6
  11.0	6
  12.0	11.0833
  13.0	3
  14.0	9
  15.0	8
  16.0	3
  17.0	7
  18.0	7
  19.0	7
  20.0	5
  21.0	9
  22.0	6
  23.0	4
  24.0	11
  25.0	9
  26.0	6
  27.0	3
  28.0	7.33333
  29.0	4.08333
  30.0	9
  31.0	9
  32.0	10
  33.0	9
  34.0	4
  35.0	7
  36.0	6
  37.0	12
  38.0	9
  39.0	10
  40.0	4
  41.0	7.5
  42.0	9
  43.0	7
  44.0	7
  45.0	7.5
  46.0	4
  47.0	5
  48.0	8
  49.0	10
  50.0	5
  51.0	3
  52.0	6
  53.0	8
  54.0	16
  55.0	8
  56.0	15
  57.0	13
  58.0	7
  59.0	8
  60.0	8
  61.0	5
  62.0	5
  63.0	12
  64.0	3
  65.0	7
  66.0	7
  67.0	10
  68.0	7
  69.0	6
  70.0	6
  71.0	2
  72.0	4.5
  73.0	3.08333
  74.0	7
  75.0	12
  76.0	6
  77.0	8
  78.0	9
  79.0	3
  80.0	10
  81.0	8
  82.0	14
  83.0	5
  84.0	9
  85.0	10
  86.0	9
  87.0	7
  88.0	4
  89.0	4.33333
  90.0	6
  91.0	5
  92.0	6
  93.0	5
  94.0	10
  95.0	6
  96.0	10
  97.0	10
  98.0	14
  99.0	13
 100.0	6.08333
 101.0	3
 102.0	8
 103.0	6
 104.0	5
 105.0	5
 106.0	11
 107.0	9
 108.0	11
 109.0	4
 110.0	5
 111.0	5
 112.0	6
 113.0	5
 114.0	6
 115.0	6
 116.0	3
 117.0	10.0833
 118.0	4
 119.0	6
 120.0	4
 121.0	9
 122.0	2
 123.0	10
 124.0	15.5
 125.0	6
 126.0	5
 127.0	5.5
 128.0	8
 129.0	7
 130.0	10
 131.0	15
 132.0	4
 133.0	6
 134.0	9
 135.0	8
 136.0	7
 137.0	7
 138.0	6
 139.0	5
 140.0	11
 141.0	14
 142.0	7
 143.0	10
 144.0	8
 145.0	5
 146.0	4
 147.0	3
 148.0	6
 149.0	6
 150.0	9.33333
 151.0	3
 152.0	8
 153.0	9
 154.0	6
 155.0	8
 156.0	5
 157.0	5
 158.0	6
 159.0	8
 160.0	8
 161.0	5.08333
 162.0	6
 163.0	8
 164.0	10
 165.0	7
 166.0	5.5
 167.0	5
 168.0	9
 169.0	8
 170.0	3
 171.0	3
 172.0	3
 173.0	6
 174.0	3
 175.0	6
 176.0	5
 177.0	7
 178.0	7
 179.0	5
 180.0	8
 181.0	4
 182.0	9
 183.0	9
 184.0	11
 185.0	3
 186.0	7.5
 187.0	4.08333
 188.0	5
 189.0	8
 190.0	12
 191.0	6
 192.0	6
 193.0	5
 194.0	6
 195.0	11
 196.0	8
 197.0	7
 198.0	3
 199.0	6
 200.0	7
 201.0	7
 202.0	7.5
 203.0	6
 204.0	7
 205.0	7.08333
 206.0	6
 207.0	4
 208.0	5
 209.0	7.33333
 210.0	3
 211.0	4
 212.0	6
 213.0	10
 214.0	7
 215.0	9
 216.0	7
 217.0	7
 218.0	6
 219.0	10
 220.0	5
 221.0	11
 222.0	4
 223.0	4
 224.0	2
 225.0	10
 226.0	4
 227.0	6
 228.0	7
 229.0	5
 230.0	5
 231.0	9.08333
 232.0	8
 233.0	4
 234.0	15
 235.0	11
 236.0	4
 237.0	9
 238.0	6
 239.0	6
 240.0	6
 241.0	5
 242.0	9
 243.0	8
 244.0	2
 245.0	6
 246.0	7
 247.0	8
 248.0	4.08333
 249.0	7
 250.0	4
 251.0	7
 252.0	17
 253.0	9
 254.0	7
 255.0	9
 256.0	8
 257.0	5
 258.0	5
 259.0	8
 260.0	7
 261.0	3
 262.0	8
 263.0	7
 264.0	3
 265.0	7
 266.0	3.33333
 267.0	7
 268.0	6
 269.0	8.5
 270.0	4
 271.0	7
 272.0	8
 273.0	7
 274.0	7
 275.0	6
 276.0	2
 277.0	2
 278.0	4
 279.0	5
 280.0	3
 281.0	5
 282.0	7
 283.0	5
 284.0	5
 285.0	3
 286.0	4
 287.0	4
 288.0	8
 289.0	3
 290.0	6
 291.0	2
 292.0	5
 293.0	3
 294.0	8
 295.0	9
 296.0	3
 297.0	5
 298.0	3
 299.0	5
 300.0	5
 301.0	7
 302.0	2
 303.0	4
 304.0	6
 305.0	4
 306.0	8
 307.0	5
 308.0	7
 309.0	7.5
 310.0	6
 311.0	8
 312.0	6
 313.0	9
 314.0	7
 315.0	6.5
 316.0	7
 317.0	5
 318.0	7
 319.0	8
 320.0	6
 321.0	7
 322.0	5
 323.0	5.33333
 324.0	4
 325.0	4
 326.0	5
 327.0	5
 328.0	7
 329.0	5
 330.0	2
 331.0	8
 332.0	4
 333.0	3
 334.0	7
 335.0	4.5
 336.0	7.08333
 337.0	9
 338.0	11
 339.0	6
 340.0	5
 341.0	4
 342.0	5
 343.0	3
 344.0	12
 345.0	6
 346.0	8
 347.0	4
 348.0	9
 349.0	5
DB 2 MOTIF	AHR_HUMAN.H11MO.0.B
-350.5	9
-349.5	8
-348.5	9
-347.5	5
-346.5	7
-345.5	6.125
-344.5	10
-343.5	6
-342.5	7
-341.5	13
-340.5	6
-339.5	8
-338.5	7
-337.5	7
-336.5	4
-335.5	6.5
-334.5	5
-333.5	5
-332.5	9
-331.5	3.33333
-330.5	9
-329.5	8
-328.5	12
-327.5	4
-326.5	9
-325.5	5
-324.5	6
-323.5	4
-322.5	8
-321.5	2
-320.5	8
-319.5	5
-318.5	4
-317.5	7
-316.5	10.5
-315.5	9.33333
-314.5	4
-313.5	9
-312.5	0
-311.5	2.09091
-310.5	5
-309.5	9
-308.5	12
-307.5	6
-306.5	8.33333
-305.5	7
-304.5	7
-303.5	5
-302.5	9
-301.5	5
-300.5	8
-299.5	6
-298.5	6
-297.5	9
-296.5	13
-295.5	9.5
-294.5	5.5
-293.5	9
-292.5	7
-291.5	8
-290.5	7.33333
-289.5	7
-288.5	7
-287.5	10
-286.5	0
-285.5	15.125
-284.5	9
-283.5	5.5
-282.5	9
-281.5	4
-280.5	7.5
-279.5	5.5
-278.5	4
-277.5	6
-276.5	9
-275.5	11
-274.5	10
-273.5	7.75
-272.5	10.3333
-271.5	1
-270.5	6
-269.5	7
-268.5	5
-267.5	10
-266.5	6
-265.5	11
-264.5	11
-263.5	6
-262.5	7
-261.5	8
-260.5	7
-259.5	12
-258.5	5
-257.5	5
-256.5	14
-255.5	10
-254.5	11.5
-253.5	9
-252.5	6
-251.5	10
-250.5	8.09091
-249.5	9
-248.5	6
-247.5	5.5
-246.5	14
-245.5	9.5
-244.5	10
-243.5	7
-242.5	11.5
-241.5	7
-240.5	7
-239.5	8.5
-238.5	3
-237.5	7
-236.5	13
-235.5	11.5
-234.5	7
-233.5	4
-232.5	4
-231.5	5
-230.5	9
-229.5	8.5
-228.5	7
-227.5	10.5
-226.5	9
-225.5	8.5
-224.5	6
-223.5	8
-222.5	6
-221.5	13
-220.5	9.5
-219.5	7
-218.5	6
-217.5	9.5
-216.5	5
-215.5	4
-214.5	7
-213.5	12
-212.5	7.5
-211.5	4
-210.5	7
-209.5	7.5
-208.5	10
-207.5	10
-206.5	9
-205.5	6
-204.5	9
-203.5	5
-202.5	6
-201.5	5
-200.5	7
-199.5	4
-198.5	7.33333
-197.5	6
-196.5	8
-195.5	7
-194.5	7
-193.5	5
-192.5	6
-191.5	6
-190.5	5
-189.5	10.0909
-188.5	11.5
-187.5	3
-186.5	10.5
-185.5	5.125
-184.5	11
-183.5	6
-182.5	10
-181.5	3.25
-180.5	8
-179.5	9
-178.5	10
-177.5	8
-176.5	11
-175.5	6
-174.5	9
-173.5	9
-172.5	6
-171.5	6
-170.5	7
-169.5	12
-168.5	4.5
-167.5	6.5
-166.5	10
-165.5	8.5
-164.5	9.5
-163.5	3
-162.5	8
-161.5	8
-160.5	6
-159.5	7
-158.5	12
-157.5	5
-156.5	7
-155.5	6
-154.5	5.5
-153.5	7
-152.5	5
-151.5	10
-150.5	11
-149.5	11
-148.5	12
-147.5	16
-146.5	5
-145.5	6.125
-144.5	5
-143.5	14
-142.5	6
-141.5	9
-140.5	11.5
-139.5	11.25
-138.5	7
-137.5	10.5
-136.5	5
-135.5	9
-134.5	9
-133.5	12
-132.5	6
-131.5	5
-130.5	7.5
-129.5	7.5
-128.5	6.59091
-127.5	7
-126.5	10
-125.5	12.125
-124.5	7
-123.5	8
-122.5	11
-121.5	12.25
-120.5	7
-119.5	8
-118.5	4.5
-117.5	7
-116.5	14
-115.5	7.2
-114.5	7.5
-113.5	10.5
-112.5	7.5
-111.5	5
-110.5	9.5
-109.5	9.5
-108.5	10
-107.5	5
-106.5	8.5
-105.5	12
-104.5	7
-103.5	7
-102.5	8
-101.5	6.5
-100.5	5
 -99.5	6
 -98.5	9
 -97.5	7
 -96.5	4
 -95.5	3.11111
 -94.5	3.5
 -93.5	8
 -92.5	15
 -91.5	4
 -90.5	9
 -89.5	9
 -88.5	7
 -87.5	3
 -86.5	8
 -85.5	7
 -84.5	8.5
 -83.5	6
 -82.5	7
 -81.5	5
 -80.5	8
 -79.5	5
 -78.5	6
 -77.5	4
 -76.5	3
 -75.5	3.11111
 -74.5	4.5
 -73.5	4
 -72.5	9
 -71.5	7
 -70.5	7
 -69.5	5
 -68.5	4
 -67.5	5.59091
 -66.5	8
 -65.5	8.125
 -64.5	9
 -63.5	3
 -62.5	11
 -61.5	8
 -60.5	10.25
 -59.5	6
 -58.5	6
 -57.5	11
 -56.5	10
 -55.5	12
 -54.5	10.25
 -53.5	7
 -52.5	8
 -51.5	13.5
 -50.5	9
 -49.5	8.5
 -48.5	7.58333
 -47.5	10
 -46.5	14.5
 -45.5	4.5
 -44.5	5
 -43.5	6
 -42.5	14.25
 -41.5	15
 -40.5	12
 -39.5	6
 -38.5	4
 -37.5	11
 -36.5	6
 -35.5	3
 -34.5	7
 -33.5	8.5
 -32.5	10
 -31.5	10
 -30.5	9
 -29.5	7.5
 -28.5	5
 -27.5	8
 -26.5	13
 -25.5	7.125
 -24.5	12
 -23.5	10
 -22.5	10
 -21.5	6.5
 -20.5	5
 -19.5	6
 -18.5	11
 -17.5	7
 -16.5	5.33333
 -15.5	13.6111
 -14.5	12.5
 -13.5	10.3333
 -12.5	8
 -11.5	12
 -10.5	12
  -9.5	6
  -8.5	8
  -7.5	9
  -6.5	10.0909
  -5.5	7
  -4.5	9
  -3.5	13
  -2.5	8.2
  -1.5	8
  -0.5	9
   0.5	13
   1.5	10
   2.5	8.5
   3.5	12
   4.5	13
   5.5	9.5
   6.5	14
   7.5	2
   8.5	7
   9.5	14
  10.5	9
  11.5	10
  12.5	6.5
  13.5	6
  14.5	6.125
  15.5	11.5
  16.5	4
  17.5	9
  18.5	3
  19.5	5
  20.5	2
  21.5	11
  22.5	15.5
  23.5	3
  24.5	11
  25.5	7
  26.5	7.66667
  27.5	6.33333
  28.5	7
  29.5	13.5
  30.5	9.5
  31.5	8.33333
  32.5	5
  33.5	9
  34.5	6
  35.5	6
  36.5	14.1667
  37.5	9.5
  38.5	5
  39.5	3
  40.5	14
  41.5	7
  42.5	4
  43.5	10.8333
  44.5	16
  45.5	11.3333
  46.5	6
  47.5	7
  48.5	7.5
  49.5	8
  50.5	10
  51.5	5
  52.5	10
  53.5	11
  54.5	6.42424
  55.5	9
  56.5	9
  57.5	11.5
  58.5	6
  59.5	8
  60.5	8.5
  61.5	5
  62.5	5.5
  63.5	8
  64.5	8
  65.5	7
  66.5	7
  67.5	10
  68.5	4
  69.5	10
  70.5	11
  71.5	5
  72.5	4
  73.5	6
  74.5	6
  75.5	12
  76.5	7
  77.5	9
  78.5	9
  79.5	9
  80.5	9
  81.5	8
  82.5	12
  83.5	6
  84.5	8.11111
  85.5	12
  86.5	4.5
  87.5	7.5
  88.5	12
  89.5	11.2
  90.5	9
  91.5	7
  92.5	5
  93.5	6.5
  94.5	12
  95.5	6
  96.5	8
  97.5	7
  98.5	8.33333
  99.5	8
 100.5	4
 101.5	8
 102.5	8
 103.5	3
 104.5	10
 105.5	6
 106.5	4
 107.5	11
 108.5	8
 109.5	6
 110.5	8
 111.5	9
 112.5	6.33333
 113.5	6
 114.5	3
 115.5	10.0909
 116.5	2
 117.5	9.5
 118.5	7
 119.5	10
 120.5	9
 121.5	2.5
 122.5	9
 123.5	10.5
 124.5	6.11111
 125.5	6
 126.5	13
 127.5	10
 128.5	4
 129.5	9
 130.5	9
 131.5	5.2
 132.5	11
 133.5	3
 134.5	11
 135.5	4
 136.5	7
 137.5	6
 138.5	4
 139.5	5
 140.5	8
 141.5	4.5
 142.5	5.5
 143.5	10
 144.5	7.61111
 145.5	7.5
 146.5	6
 147.5	7
 148.5	6
 149.5	5.2
 150.5	7
 151.5	5
 152.5	12
 153.5	7
 154.5	8
 155.5	6
 156.5	7.5
 157.5	9.5
 158.5	9
 159.5	11
 160.5	5
 161.5	6
 162.5	7
 163.5	8
 164.5	7
 165.5	6
 166.5	10
 167.5	6
 168.5	6
 169.5	3
 170.5	14.5
 171.5	8
 172.5	7
 173.5	3
 174.5	8
 175.5	8
 176.5	4.09091
 177.5	6
 178.5	4.5
 179.5	7
 180.5	9.5
 181.5	11
 182.5	5
 183.5	3
 184.5	11
 185.5	7
 186.5	6
 187.5	8
 188.5	2
 189.5	7
 190.5	5
 191.5	5
 192.5	11
 193.5	10
 194.5	9.5
 195.5	11
 196.5	7
 197.5	6
 198.5	3
 199.5	5
 200.5	8
 201.5	8
 202.5	10
 203.5	7
 204.5	8.61111
 205.5	9
 206.5	7.33333
 207.5	11
 208.5	13
 209.5	8
 210.5	15
 211.5	6
 212.5	6
 213.5	10
 214.5	6
 215.5	11
 216.5	3.5
 217.5	7
 218.5	10
 219.5	8
 220.5	8
 221.5	13
 222.5	7
 223.5	6
 224.5	3
 225.5	7
 226.5	9
 227.5	7
 228.5	2
 229.5	4
 230.5	12
 231.5	4.5
 232.5	8
 233.5	9
 234.5	9
 235.5	6
 236.5	4.5
 237.5	10.0909
 238.5	4
 239.5	5.5
 240.5	11.3333
 241.5	7
 242.5	5
 243.5	6
 244.5	10.1111
 245.5	10
 246.5	5
 247.5	4
 248.5	3
 249.5	6
 250.5	5.5
 251.5	8
 252.5	7.5
 253.5	5
 254.5	7
 255.5	7
 256.5	8
 257.5	6
 258.5	6
 259.5	6
 260.5	6.5
 261.5	2
 262.5	4
 263.5	12
 264.5	3.5
 265.5	6
 266.5	9
 267.5	7
 268.5	4.5
 269.5	5
 270.5	9
 271.5	8
 272.5	5
 273.5	6
 274.5	13
 275.5	6
 276.5	10.5
 277.5	5
 278.5	3
 279.5	3
 280.5	6.5
 281.5	6
 282.5	4
 283.5	5
 284.5	3.11111
 285.5	9
 286.5	8
 287.5	9
 288.5	9.5
 289.5	7
 290.5	6
 291.5	6
 292.5	4
 293.5	4
 294.5	7
 295.5	3.5
 296.5	10.5
 297.5	10.5
 298.5	5.09091
 299.5	5
 300.5	13.5
 301.5	5
 302.5	12
 303.5	6
 304.5	10
 305.5	7
 306.5	6
 307.5	6.33333
 308.5	8
 309.5	9
 310.5	12
 311.5	3
 312.5	8
 313.5	8
 314.5	6
 315.5	6
 316.5	6.5
 317.5	9
 318.5	3
 319.5	4
 320.5	7
 321.5	7
 322.5	6
 323.5	10.5
 324.5	5.83333
 325.5	5
 326.5	11
 327.5	6
 328.5	4
 329.5	5
 330.5	4
 331.5	9
 332.5	8
 333.5	3
 334.5	5
 335.5	5
 336.5	6
 337.5	6
 338.5	8
 339.5	7
 340.5	8
 341.5	5
 342.5	5
 343.5	5.5
 344.5	6.5
 345.5	8
 346.5	5
 347.5	6
 348.5	9
 349.5	9
 350.5	8
DB 2 MOTIF	AP2B_HUMAN.H11MO.0.B
-350.0	6.5
-349.0	4
-348.0	5.5
-347.0	7
-346.0	9.5
-345.0	7
-344.0	4
-343.0	9.5
-342.0	7
-341.0	9
-340.0	8
-339.0	9
-338.0	4.33333
-337.0	9.5
-336.0	9
-335.0	12
-334.0	13
-333.0	5
-332.0	7
-331.0	12
-330.0	6.33333
-329.0	10.5909
-328.0	13
-327.0	6
-326.0	8
-325.0	7
-324.0	7
-323.0	11
-322.0	3
-321.0	9.5
-320.0	2.5
-319.0	6
-318.0	9
-317.0	7
-316.0	7
-315.0	5
-314.0	8
-313.0	12
-312.0	8
-311.0	5.07692
-310.0	4
-309.0	10
-308.0	7
-307.0	10
-306.0	11.5
-305.0	5.5
-304.0	8.33333
-303.0	7.5
-302.0	8
-301.0	9
-300.0	8.5
-299.0	11
-298.0	6
-297.0	3.5
-296.0	8.25
-295.0	9
-294.0	12
-293.0	7
-292.0	10
-291.0	6.5
-290.0	7
-289.0	10
-288.0	9
-287.0	2
-286.0	10
-285.0	9
-284.0	13
-283.0	10
-282.0	8
-281.0	6
-280.0	8
-279.0	7
-278.0	8.5
-277.0	5
-276.0	11
-275.0	3
-274.0	10
-273.0	8
-272.0	9.5
-271.0	10.3333
-270.0	8.14286
-269.0	8.06667
-268.0	15.0909
-267.0	9
-266.0	7
-265.0	8.5
-264.0	8.5
-263.0	5
-262.0	10
-261.0	6.25
-260.0	17.0769
-259.0	12
-258.0	6
-257.0	6
-256.0	11.5
-255.0	16.5
-254.0	11
-253.0	8
-252.0	5.25
-251.0	4.33333
-250.0	9
-249.0	11
-248.0	5.5
-247.0	8
-246.0	6
-245.0	11.8333
-244.0	5.5
-243.0	12
-242.0	11
-241.0	6.5
-240.0	13
-239.0	11.5
-238.0	5.14286
-237.0	6
-236.0	5
-235.0	8
-234.0	5
-233.0	6.06667
-232.0	5
-231.0	8.5
-230.0	7
-229.0	7
-228.0	6
-227.0	10.4762
-226.0	13
-225.0	8
-224.0	14
-223.0	4
-222.0	7
-221.0	6
-220.0	10
-219.0	7.83333
-218.0	7
-217.0	12
-216.0	11.5
-215.0	10
-214.0	3.5
-213.0	3
-212.0	7.5
-211.0	16
-210.0	12
-209.0	11.8269
-208.0	6.5
-207.0	9.09091
-206.0	9
-205.0	5
-204.0	11
-203.0	5
-202.0	6
-201.0	9.5
-200.0	10
-199.0	4
-198.0	9.125
-197.0	9
-196.0	8.56667
-195.0	7
-194.0	8.14286
-193.0	11
-192.0	10
-191.0	12.5
-190.0	13.25
-189.0	9.5
-188.0	7
-187.0	10
-186.0	9
-185.0	9
-184.0	14
-183.0	8.64286
-182.0	8.5
-181.0	12
-180.0	9
-179.0	8.5
-178.0	12
-177.0	7
-176.0	9.5
-175.0	7
-174.0	9.11111
-173.0	13
-172.0	10
-171.0	11
-170.0	15
-169.0	12
-168.0	10.5
-167.0	8
-166.0	12
-165.0	7
-164.0	14.5
-163.0	8.33333
-162.0	5
-161.0	8
-160.0	10.0667
-159.0	3.5
-158.0	8.07692
-157.0	8
-156.0	6
-155.0	12.5
-154.0	7.125
-153.0	6
-152.0	14
-151.0	6
-150.0	15.6429
-149.0	5.75
-148.0	8
-147.0	13
-146.0	14.5909
-145.0	12
-144.0	11
-143.0	6.5
-142.0	14.75
-141.0	9
-140.0	13
-139.0	11.6429
-138.0	6.5
-137.0	6
-136.0	14
-135.0	10.5
-134.0	5
-133.0	3.5
-132.0	11.5
-131.0	5
-130.0	9.61111
-129.0	5
-128.0	13
-127.0	8.5
-126.0	12
-125.0	12
-124.0	10
-123.0	8.06667
-122.0	16.5
-121.0	9.33333
-120.0	8.5
-119.0	5
-118.0	6.5
-117.0	10
-116.0	17
-115.0	12
-114.0	12
-113.0	7
-112.0	9
-111.0	11
-110.0	13.3333
-109.0	11
-108.0	12
-107.0	5.57692
-106.0	8.71978
-105.0	10.25
-104.0	10
-103.0	11
-102.0	5.5
-101.0	12
-100.0	12
 -99.0	11.75
 -98.0	8.5
 -97.0	10.5
 -96.0	7
 -95.0	8.14286
 -94.0	4
 -93.0	13
 -92.0	11
 -91.0	4
 -90.0	10
 -89.0	4
 -88.0	8.33333
 -87.0	7
 -86.0	6
 -85.0	7.09091
 -84.0	7
 -83.0	10.25
 -82.0	13
 -81.0	12.5
 -80.0	9.5
 -79.0	9
 -78.0	13
 -77.0	9
 -76.0	15
 -75.0	6
 -74.0	16
 -73.0	11.5
 -72.0	4.5
 -71.0	10
 -70.0	14.0769
 -69.0	10.5
 -68.0	3
 -67.0	14
 -66.0	8
 -65.0	7
 -64.0	10
 -63.0	6
 -62.0	10.1429
 -61.0	12
 -60.0	9
 -59.0	9
 -58.0	8.5
 -57.0	14.8333
 -56.0	8.32692
 -55.0	5
 -54.0	8.33333
 -53.0	10.25
 -52.0	10.5
 -51.0	10
 -50.0	12
 -49.0	10.0667
 -48.0	11
 -47.0	9.5
 -46.0	9.25
 -45.0	8.33333
 -44.0	16
 -43.0	10.3333
 -42.0	14.1111
 -41.0	9
 -40.0	6
 -39.0	13
 -38.0	10.8333
 -37.0	13
 -36.0	8.5
 -35.0	8
 -34.0	12
 -33.0	5.07692
 -32.0	7.5
 -31.0	8
 -30.0	13
 -29.0	10
 -28.0	14
 -27.0	7
 -26.0	10
 -25.0	8.5
 -24.0	6.09091
 -23.0	14
 -22.0	10
 -21.0	13
 -20.0	11.5
 -19.0	8.5
 -18.0	15
 -17.0	12
 -16.0	9
 -15.0	11
 -14.0	14
 -13.0	13.25
 -12.0	8.56667
 -11.0	8
 -10.0	7.5
  -9.0	13.5
  -8.0	12.6429
  -7.0	7.5
  -6.0	7
  -5.0	10.5769
  -4.0	17.5
  -3.0	10.5
  -2.0	10
  -1.0	12
   0.0	11
   1.0	5.11111
   2.0	9.5
   3.0	15
   4.0	10.0769
   5.0	5
   6.0	13.5
   7.0	12
   8.0	7
   9.0	8.33333
  10.0	9.33333
  11.0	9
  12.0	15
  13.0	9
  14.0	10
  15.0	7.5
  16.0	14.5
  17.0	12
  18.0	14
  19.0	10
  20.0	13
  21.0	19
  22.0	9.5
  23.0	4
  24.0	9.75
  25.0	12.5
  26.0	18
  27.0	9
  28.0	15.1667
  29.0	9
  30.0	7
  31.0	12.25
  32.0	17
  33.0	14.5
  34.0	10
  35.0	12.5
  36.0	10.1429
  37.0	12.0909
  38.0	8.33333
  39.0	7.5
  40.0	14
  41.0	12.5769
  42.0	8
  43.0	9
  44.0	13
  45.0	13.6111
  46.0	9.71978
  47.0	12.3333
  48.0	12
  49.0	13
  50.0	8.5
  51.0	13.5
  52.0	6
  53.0	11.5
  54.0	14
  55.0	9
  56.0	9
  57.0	7.5
  58.0	9
  59.0	8.33333
  60.0	8
  61.0	11.5
  62.0	7.19167
  63.0	14.3333
  64.0	8
  65.0	10
  66.0	8
  67.0	6
  68.0	11
  69.0	6
  70.0	6
  71.0	10
  72.0	7.16667
  73.0	4
  74.0	16.5
  75.0	10
  76.0	7
  77.0	10.6429
  78.0	3.07692
  79.0	6
  80.0	15
  81.0	12
  82.0	13
  83.0	9.33333
  84.0	6
  85.0	7
  86.0	14.3333
  87.0	10.5
  88.0	8
  89.0	8.11111
  90.0	16.1429
  91.0	9
  92.0	10.3333
  93.0	8
  94.0	12.5
  95.0	4.5
  96.0	12
  97.0	11.0769
  98.0	7.09091
  99.0	10.0667
 100.0	7.5
 101.0	5.5
 102.0	9.75
 103.0	8.5
 104.0	5
 105.0	9.5
 106.0	11.625
 107.0	4
 108.0	6
 109.0	9
 110.0	11
 111.0	7
 112.0	4
 113.0	10.1429
 114.0	9
 115.0	7.07692
 116.0	10.1667
 117.0	10.5
 118.0	9
 119.0	10.5
 120.0	6.5
 121.0	5
 122.0	5
 123.0	5
 124.0	12.5
 125.0	8
 126.0	13
 127.0	9.5
 128.0	9
 129.0	9.5
 130.0	4.5
 131.0	4.5
 132.0	14.3333
 133.0	10.1111
 134.0	9
 135.0	7
 136.0	13.9
 137.0	4.5
 138.0	3
 139.0	7
 140.0	9.5
 141.0	7
 142.0	16
 143.0	5
 144.0	10.8333
 145.0	9
 146.0	4.5
 147.0	7.5
 148.0	15.0769
 149.0	8
 150.0	9.14286
 151.0	7
 152.0	16.0769
 153.0	6
 154.0	10.25
 155.0	11
 156.0	9
 157.0	4
 158.0	8
 159.0	9.09091
 160.0	5.16667
 161.0	9
 162.0	2
 163.0	7
 164.0	11
 165.0	10
 166.0	6
 167.0	7
 168.0	8.5
 169.0	9
 170.0	9.33333
 171.0	4
 172.0	14
 173.0	8.06667
 174.0	12
 175.0	5.5
 176.0	3
 177.0	4
 178.0	12
 179.0	4
 180.0	9
 181.0	12
 182.0	11
 183.0	13
 184.0	6
 185.0	8.5
 186.0	9.14286
 187.0	10
 188.0	12
 189.0	7.07692
 190.0	13
 191.0	6
 192.0	4
 193.0	7
 194.0	9.125
 195.0	9.5
 196.0	11
 197.0	5
 198.0	9
 199.0	9.07692
 200.0	11
 201.0	8
 202.0	6
 203.0	13
 204.0	6.16667
 205.0	6
 206.0	5
 207.0	9
 208.0	6
 209.0	10.5
 210.0	7.56667
 211.0	7
 212.0	6
 213.0	6
 214.0	14
 215.0	10.5
 216.0	4
 217.0	11.5
 218.0	8
 219.0	8.83333
 220.0	8.20202
 221.0	6
 222.0	7.5
 223.0	14.4762
 224.0	7.5
 225.0	15
 226.0	8.07692
 227.0	9
 228.0	13
 229.0	8
 230.0	12.6667
 231.0	13
 232.0	7
 233.0	6
 234.0	4
 235.0	10
 236.0	11
 237.0	6.625
 238.0	7.5
 239.0	12
 240.0	14
 241.0	4.5
 242.0	15.5
 243.0	9.33333
 244.0	7.5
 245.0	8.5
 246.0	13
 247.0	9.06667
 248.0	13.5
 249.0	5
 250.0	10.5769
 251.0	8.33333
 252.0	6
 253.0	10
 254.0	9
 255.0	11
 256.0	9
 257.0	6
 258.0	12
 259.0	8
 260.0	14
 261.0	7.5
 262.0	10.5
 263.0	7.07692
 264.0	8.61111
 265.0	7
 266.0	7
 267.0	5
 268.0	13.5
 269.0	6
 270.0	7.58333
 271.0	8
 272.0	9
 273.0	11.3333
 274.0	7
 275.0	11
 276.0	9.5
 277.0	10
 278.0	9
 279.0	5
 280.0	9
 281.0	12.2159
 282.0	4
 283.0	5.5
 284.0	6.06667
 285.0	5
 286.0	10
 287.0	7
 288.0	7.83333
 289.0	8
 290.0	9
 291.0	4
 292.0	6
 293.0	5
 294.0	14
 295.0	4
 296.0	9.5
 297.0	10.6429
 298.0	8
 299.0	4
 300.0	4.07692
 301.0	13.0769
 302.0	8
 303.0	10.5
 304.0	4
 305.0	11
 306.0	9
 307.0	7
 308.0	4
 309.0	10
 310.0	7
 311.0	6
 312.0	5.66667
 313.0	11
 314.0	5.5
 315.0	7
 316.0	7
 317.0	7
 318.0	9
 319.0	7
 320.0	9
 321.0	5.06667
 322.0	9.5
 323.0	12
 324.0	13
 325.0	4.625
 326.0	9
 327.0	10
 328.0	6.25
 329.0	8
 330.0	8
 331.0	7
 332.0	6
 333.0	5.5
 334.0	7.14286
 335.0	6
 336.0	7
 337.0	4.07692
 338.0	6.5
 339.0	10
 340.0	8
 341.0	7.5
 342.0	10
 343.0	7
 344.0	5
 345.0	6.5
 346.0	7
 347.0	10.5
 348.0	7.5
 349.0	8
 350.0	7
DB 2 MOTIF	AP2D_HUMAN.H11MO.0.D
-348.0	8
-347.0	4.5
-346.0	5
-345.0	2
-344.0	9
-343.0	6
-342.0	3
-341.0	5
-340.0	6
-339.0	7
-338.0	4
-337.0	6
-336.0	7.5
-335.0	12
-334.0	7
-333.0	8
-332.0	7
-331.0	4
-330.0	11
-329.0	8
-328.0	2
-327.0	8
-326.0	6
-325.0	3
-324.0	10
-323.0	4
-322.0	5
-321.0	7
-320.0	5.5
-319.0	2
-318.0	7
-317.0	9
-316.0	4.2
-315.0	5
-314.0	4
-313.0	3
-312.0	7
-311.0	3
-310.0	5
-309.0	2
-308.0	8
-307.0	6
-306.0	4
-305.0	7
-304.0	5
-303.0	4
-302.0	7.25
-301.0	12
-300.0	1
-299.0	3
-298.0	6
-297.0	6.5
-296.0	8
-295.0	6
-294.0	8
-293.0	7
-292.0	3
-291.0	9
-290.0	3
-289.0	5
-288.0	10
-287.0	6
-286.0	2.09091
-285.0	10
-284.0	5
-283.0	9
-282.0	6
-281.0	6
-280.0	9
-279.0	5
-278.0	6
-277.0	5
-276.0	8
-275.0	7
-274.0	6
-273.0	7
-272.0	2
-271.0	5
-270.0	6.07143
-269.0	7.14286
-268.0	5
-267.0	12
-266.0	9
-265.0	4
-264.0	4
-263.0	7
-262.0	11
-261.0	4
-260.0	6
-259.0	7
-258.0	9
-257.0	5
-256.0	9
-255.0	8.5
-254.0	9.5
-253.0	11
-252.0	4
-251.0	11
-250.0	6
-249.0	9
-248.0	4
-247.0	4.25
-246.0	4
-245.0	9
-244.0	10
-243.0	8
-242.0	7
-241.0	8
-240.0	5.5
-239.0	7
-238.0	6
-237.0	3
-236.0	8
-235.0	7
-234.0	7
-233.0	0
-232.0	6
-231.0	5
-230.0	9
-229.0	4
-228.0	8
-227.0	9
-226.0	11.4762
-225.0	7.09091
-224.0	6
-223.0	9
-222.0	4
-221.0	3
-220.0	10
-219.0	11
-218.0	6.5
-217.0	11
-216.0	5
-215.0	8
-214.0	6.7
-213.0	4.2
-212.0	3
-211.0	6
-210.0	7
-209.0	6
-208.0	7
-207.0	3.5
-206.0	6
-205.0	3
-204.0	3
-203.0	8
-202.0	11
-201.0	6
-200.0	8
-199.0	2
-198.0	4
-197.0	5.69643
-196.0	5
-195.0	9
-194.0	10
-193.0	2
-192.0	4
-191.0	9
-190.0	7.25
-189.0	7
-188.0	4
-187.0	10
-186.0	3
-185.0	5
-184.0	6
-183.0	9
-182.0	6.64286
-181.0	3
-180.0	4
-179.0	7
-178.0	10
-177.0	8.5
-176.0	6.5
-175.0	6
-174.0	4
-173.0	8.11111
-172.0	5
-171.0	6
-170.0	5
-169.0	6
-168.0	10
-167.0	5
-166.0	2
-165.0	5
-164.0	5.09091
-163.0	4
-162.0	6
-161.0	4.07143
-160.0	5
-159.0	4
-158.0	4.2
-157.0	6
-156.0	5
-155.0	4
-154.0	6.5
-153.0	5.125
-152.0	6
-151.0	7
-150.0	7
-149.0	6
-148.0	6
-147.0	3
-146.0	10
-145.0	4
-144.0	2
-143.0	6
-142.0	7
-141.0	5
-140.0	9
-139.0	4
-138.0	4.14286
-137.0	7
-136.0	7
-135.0	5.25
-134.0	6
-133.0	6
-132.0	5
-131.0	9
-130.0	4
-129.0	5.11111
-128.0	12
-127.0	7
-126.0	8
-125.0	3
-124.0	7.57143
-123.0	7
-122.0	5
-121.0	6.5
-120.0	6
-119.0	5
-118.0	8
-117.0	10
-116.0	13
-115.0	11
-114.0	6.5
-113.0	3.07143
-112.0	5
-111.0	2
-110.0	7.2
-109.0	11
-108.0	18.5
-107.0	6.08333
-106.0	10
-105.0	5
-104.0	5
-103.0	3.09091
-102.0	9
-101.0	5
-100.0	9
 -99.0	6
 -98.0	6
 -97.0	10
 -96.0	7
 -95.0	1.5
 -94.0	9.14286
 -93.0	4
 -92.0	4
 -91.0	10
 -90.0	7.2
 -89.0	7
 -88.0	13
 -87.0	8
 -86.0	3
 -85.0	6
 -84.0	7.2
 -83.0	10
 -82.0	8
 -81.0	9.33333
 -80.0	10
 -79.0	8.07143
 -78.0	6
 -77.0	6
 -76.0	5
 -75.0	8.33333
 -74.0	7
 -73.0	8.5
 -72.0	6
 -71.0	10.0833
 -70.0	10
 -69.0	3.83333
 -68.0	7
 -67.0	8
 -66.0	14
 -65.0	11
 -64.0	3
 -63.0	9
 -62.0	7
 -61.0	5
 -60.0	4
 -59.0	11
 -58.0	4
 -57.0	6
 -56.0	8.33333
 -55.0	9
 -54.0	8
 -53.0	8
 -52.0	8.5
 -51.0	9
 -50.0	6.07143
 -49.0	1
 -48.0	9.07143
 -47.0	2
 -46.0	13
 -45.0	6
 -44.0	7
 -43.0	6
 -42.0	6.09091
 -41.0	8.11111
 -40.0	7
 -39.0	7
 -38.0	10
 -37.0	5
 -36.0	11
 -35.0	13
 -34.0	3.08333
 -33.0	7
 -32.0	7
 -31.0	9
 -30.0	12
 -29.0	10
 -28.0	12
 -27.0	14
 -26.0	8
 -25.0	8
 -24.0	12
 -23.0	10
 -22.0	9
 -21.0	8
 -20.0	10
 -19.0	18
 -18.0	8
 -17.0	9
 -16.0	9.5
 -15.0	17
 -14.0	3.27143
 -13.0	5.07143
 -12.0	8
 -11.0	7
 -10.0	8
  -9.0	10
  -8.0	9.5
  -7.0	6.14286
  -6.0	10
  -5.0	9
  -4.0	9
  -3.0	7
  -2.0	4
  -1.0	16
   0.0	3
   1.0	13
   2.0	8.11111
   3.0	6.08333
   4.0	7
   5.0	11
   6.0	7
   7.0	8
   8.0	11
   9.0	9
  10.0	6
  11.0	12
  12.0	9
  13.0	6
  14.0	7
  15.0	10
  16.0	7.07143
  17.0	13
  18.0	9
  19.0	10.0909
  20.0	8
  21.0	14
  22.0	6
  23.0	4
  24.0	7
  25.0	7
  26.0	9
  27.0	7
  28.0	8
  29.0	12
  30.0	5
  31.0	8
  32.0	8
  33.0	6
  34.0	10
  35.0	10
  36.0	11
  37.0	7.14286
  38.0	9.2
  39.0	9
  40.0	7.28333
  41.0	4
  42.0	7
  43.0	14
  44.0	4
  45.0	6
  46.0	5.11111
  47.0	9
  48.0	6
  49.0	8
  50.0	6
  51.0	8
  52.0	10
  53.0	10
  54.0	7
  55.0	4.2
  56.0	5
  57.0	5
  58.0	10
  59.0	9
  60.0	8
  61.0	9.07143
  62.0	7
  63.0	2.125
  64.0	4
  65.0	5
  66.0	3
  67.0	6
  68.0	6
  69.0	7
  70.0	6
  71.0	8
  72.0	4
  73.0	4
  74.0	8
  75.0	5
  76.0	7.16667
  77.0	5.08333
  78.0	5.5
  79.0	3
  80.0	6.09091
  81.0	14.0714
  82.0	5
  83.0	5
  84.0	10
  85.0	9
  86.0	6
  87.0	7
  88.0	9
  89.0	8
  90.0	5.11111
  91.0	10
  92.0	8
  93.0	6
  94.0	5
  95.0	7
  96.0	9
  97.0	4
  98.0	6.07143
  99.0	10
 100.0	6.5
 101.0	5
 102.0	9
 103.0	13
 104.0	5.5
 105.0	5
 106.0	5
 107.0	2.625
 108.0	4
 109.0	7
 110.0	8
 111.0	11
 112.0	4
 113.0	8.5
 114.0	7.08333
 115.0	3.07143
 116.0	5.5
 117.0	5
 118.0	8
 119.0	5
 120.0	11
 121.0	7
 122.0	7
 123.0	5
 124.0	8.2
 125.0	8
 126.0	7.5
 127.0	11
 128.0	7
 129.0	6
 130.0	7
 131.0	6
 132.0	4
 133.0	6
 134.0	11.1111
 135.0	10.0714
 136.0	6
 137.0	9
 138.0	4
 139.0	6
 140.0	8
 141.0	8.09091
 142.0	4
 143.0	7
 144.0	6
 145.0	8.5
 146.0	2.07143
 147.0	4.33333
 148.0	9
 149.0	8.16667
 150.0	5
 151.0	9.08333
 152.0	2
 153.0	14.3333
 154.0	8
 155.0	5.33333
 156.0	5
 157.0	5
 158.0	8
 159.0	3.33333
 160.0	5
 161.0	5
 162.0	5
 163.0	6.5
 164.0	5
 165.0	9
 166.0	6
 167.0	6
 168.0	7
 169.0	11
 170.0	7
 171.0	7
 172.0	7.07143
 173.0	7
 174.0	6
 175.0	10
 176.0	7.5
 177.0	12
 178.0	4
 179.0	5
 180.0	11.0714
 181.0	13
 182.0	5
 183.0	4
 184.0	6
 185.0	7.16667
 186.0	2.2
 187.0	9
 188.0	2.08333
 189.0	2.5
 190.0	12
 191.0	11
 192.0	7
 193.0	6
 194.0	6.5
 195.0	9.125
 196.0	7.7
 197.0	5
 198.0	5
 199.0	7
 200.0	3
 201.0	5.5
 202.0	7.09091
 203.0	4
 204.0	6
 205.0	6
 206.0	6
 207.0	6
 208.0	6
 209.0	5.07143
 210.0	8
 211.0	5
 212.0	10
 213.0	9
 214.0	7.57143
 215.0	10
 216.0	4
 217.0	4
 218.0	8
 219.0	8
 220.0	9
 221.0	10.1111
 222.0	8.16667
 223.0	4
 224.0	7
 225.0	5.08333
 226.0	5
 227.0	6
 228.0	9
 229.0	6
 230.0	6
 231.0	7
 232.0	4
 233.0	10
 234.0	7
 235.0	2
 236.0	3
 237.0	8
 238.0	4.625
 239.0	5.5
 240.0	8
 241.0	4
 242.0	5.5
 243.0	7
 244.0	6.33333
 245.0	10.5714
 246.0	1.07143
 247.0	3
 248.0	12
 249.0	7.5
 250.0	5
 251.0	5.5
 252.0	3
 253.0	7
 254.0	7.5
 255.0	6
 256.0	5
 257.0	6
 258.0	8
 259.0	6
 260.0	4
 261.0	2
 262.0	9.08333
 263.0	6.59091
 264.0	9
 265.0	6.11111
 266.0	3
 267.0	10
 268.0	5
 269.0	9
 270.0	7
 271.0	5.33333
 272.0	8
 273.0	8
 274.0	9
 275.0	8
 276.0	4
 277.0	5
 278.0	0
 279.0	4.07143
 280.0	8
 281.0	1
 282.0	6.125
 283.0	6.07143
 284.0	3
 285.0	5
 286.0	6
 287.0	2
 288.0	12
 289.0	7
 290.0	7
 291.0	4
 292.0	5
 293.0	5
 294.0	8
 295.0	8
 296.0	5.36667
 297.0	10
 298.0	6
 299.0	5
 300.0	3
 301.0	4
 302.0	11
 303.0	4
 304.0	5.5
 305.0	4
 306.0	5.5
 307.0	3
 308.0	7
 309.0	7.5
 310.0	8
 311.0	3
 312.0	5
 313.0	6.07143
 314.0	4
 315.0	11
 316.0	6
 317.0	11
 318.0	5
 319.0	7
 320.0	3.07143
 321.0	7
 322.0	4
 323.0	5
 324.0	7.09091
 325.0	4
 326.0	7.125
 327.0	2
 328.0	7
 329.0	3.33333
 330.0	6
 331.0	6
 332.0	3
 333.0	10.1667
 334.0	5
 335.0	10
 336.0	4.08333
 337.0	4
 338.0	9
 339.0	4
 340.0	6
 341.0	9
 342.0	6
 343.0	6
 344.0	4
 345.0	8.5
 346.0	12
 347.0	11.0714
 348.0	5
DB 2 MOTIF	ASCL2_HUMAN.H11MO.0.D
-350.5	8
-349.5	11.5
-348.5	4
-347.5	11
-346.5	6
-345.5	10
-344.5	7.5
-343.5	9
-342.5	8
-341.5	7
-340.5	11
-339.5	10.3333
-338.5	6
-337.5	6.5
-336.5	8
-335.5	5
-334.5	6
-333.5	11.5
-332.5	5.5
-331.5	10
-330.5	7
-329.5	10.2
-328.5	7
-327.5	8.2
-326.5	5.5
-325.5	12
-324.5	4.5
-323.5	12
-322.5	7.33333
-321.5	7
-320.5	4.5
-319.5	7.5
-318.5	10
-317.5	7
-316.5	9.25
-315.5	11.8333
-314.5	9.5
-313.5	8
-312.5	11.3333
-311.5	15.5
-310.5	7
-309.5	11.5
-308.5	10.5
-307.5	5.5
-306.5	6
-305.5	7.5
-304.5	7.5
-303.5	7
-302.5	7
-301.5	7
-300.5	9
-299.5	7
-298.5	8.5
-297.5	13
-296.5	7.5
-295.5	13.5
-294.5	4.5
-293.5	4
-292.5	6.5
-291.5	9
-290.5	10.5
-289.5	9
-288.5	6
-287.5	7
-286.5	8
-285.5	4
-284.5	8
-283.5	15
-282.5	7
-281.5	9
-280.5	8.5
-279.5	8
-278.5	10
-277.5	10.3333
-276.5	10
-275.5	8
-274.5	10
-273.5	6
-272.5	11.5
-271.5	12
-270.5	6.33333
-269.5	5.5
-268.5	5
-267.5	9.5
-266.5	7
-265.5	15
-264.5	6
-263.5	14
-262.5	11.5
-261.5	4
-260.5	7
-259.5	6
-258.5	8.5
-257.5	12.5
-256.5	3.5
-255.5	7.5
-254.5	8.5
-253.5	8
-252.5	8.5
-251.5	16
-250.5	8
-249.5	7
-248.5	5
-247.5	4
-246.5	7
-245.5	10
-244.5	5
-243.5	8
-242.5	7
-241.5	12.5
-240.5	5.83333
-239.5	6.5
-238.5	10
-237.5	11
-236.5	9.5
-235.5	7
-234.5	3
-233.5	7.5
-232.5	5
-231.5	12.3333
-230.5	11.5
-229.5	6
-228.5	5.33333
-227.5	11
-226.5	6.2
-225.5	7.2
-224.5	10.5
-223.5	4.5
-222.5	9
-221.5	5
-220.5	6.5
-219.5	7.5
-218.5	9
-217.5	9
-216.5	4
-215.5	7
-214.5	5.5
-213.5	7
-212.5	9
-211.5	7
-210.5	5
-209.5	8
-208.5	8
-207.5	10
-206.5	9.5
-205.5	11
-204.5	5
-203.5	9.5
-202.5	8.5
-201.5	9
-200.5	7.5
-199.5	12
-198.5	12
-197.5	8.5
-196.5	8.5
-195.5	5
-194.5	8
-193.5	11
-192.5	8.5
-191.5	7.5
-190.5	8.5
-189.5	6.5
-188.5	6.5
-187.5	6
-186.5	10
-185.5	11
-184.5	5
-183.5	10
-182.5	4
-181.5	9
-180.5	6.5
-179.5	11
-178.5	4
-177.5	10.5
-176.5	9.5
-175.5	9
-174.5	10
-173.5	11.2
-172.5	9
-171.5	8
-170.5	4
-169.5	16.5
-168.5	6.5
-167.5	7
-166.5	11.5
-165.5	14
-164.5	4.33333
-163.5	9
-162.5	9.5
-161.5	18
-160.5	4
-159.5	3
-158.5	9
-157.5	12
-156.5	7.5
-155.5	7
-154.5	7.5
-153.5	8
-152.5	8
-151.5	7
-150.5	12.5
-149.5	10.5
-148.5	4
-147.5	6.5
-146.5	5.5
-145.5	7.5
-144.5	10.5
-143.5	7.5
-142.5	5
-141.5	13
-140.5	9
-139.5	10
-138.5	8
-137.5	10
-136.5	6.5
-135.5	9
-134.5	8
-133.5	11
-132.5	13.5
-131.5	10
-130.5	7
-129.5	11
-128.5	5
-127.5	9
-126.5	6
-125.5	7.83333
-124.5	16
-123.5	7.2
-122.5	6
-121.5	13.2
-120.5	6
-119.5	8
-118.5	8
-117.5	9
-116.5	5
-115.5	9
-114.5	12
-113.5	10
-112.5	7.5
-111.5	6
-110.5	5
-109.5	10.8333
-108.5	9
-107.5	12
-106.5	7.5
-105.5	17
-104.5	11.5
-103.5	5.5
-102.5	9
-101.5	11.5
-100.5	12
 -99.5	15
 -98.5	8.5
 -97.5	10.5
 -96.5	9
 -95.5	5
 -94.5	9.5
 -93.5	8.5
 -92.5	16.5
 -91.5	10.5
 -90.5	7.5
 -89.5	10
 -88.5	8.5
 -87.5	6.5
 -86.5	8.5
 -85.5	8
 -84.5	7
 -83.5	12.5
 -82.5	10
 -81.5	5
 -80.5	7.5
 -79.5	7
 -78.5	11.5
 -77.5	7
 -76.5	9
 -75.5	7.5
 -74.5	4
 -73.5	6
 -72.5	11.5
 -71.5	13.25
 -70.5	9
 -69.5	7.2
 -68.5	4
 -67.5	5.5
 -66.5	11
 -65.5	12.5
 -64.5	10.5
 -63.5	4.5
 -62.5	11.5
 -61.5	7.5
 -60.5	11.3333
 -59.5	11
 -58.5	10.625
 -57.5	11.5
 -56.5	5.25
 -55.5	10.5
 -54.5	5
 -53.5	9.5
 -52.5	12.5
 -51.5	9.5
 -50.5	10
 -49.5	10
 -48.5	5.5
 -47.5	8
 -46.5	10
 -45.5	8
 -44.5	6.5
 -43.5	6.5
 -42.5	11.5
 -41.5	9
 -40.5	6.83333
 -39.5	8
 -38.5	6
 -37.5	7.33333
 -36.5	11
 -35.5	10
 -34.5	10.3333
 -33.5	6
 -32.5	13
 -31.5	8.5
 -30.5	5
 -29.5	6
 -28.5	12.5
 -27.5	14.3333
 -26.5	9.83333
 -25.5	15.8333
 -24.5	7.5
 -23.5	11.625
 -22.5	12.5
 -21.5	11
 -20.5	14
 -19.5	4
 -18.5	12
 -17.5	10
 -16.5	16.5
 -15.5	9
 -14.5	6
 -13.5	7
 -12.5	9
 -11.5	5.5
 -10.5	11
  -9.5	8.5
  -8.5	5.33333
  -7.5	10.5
  -6.5	7
  -5.5	11.3333
  -4.5	5
  -3.5	16
  -2.5	14.3333
  -1.5	12
  -0.5	8
   0.5	11.5
   1.5	10
   2.5	10
   3.5	6.5
   4.5	7.5
   5.5	6.33333
   6.5	14
   7.5	9
   8.5	10
   9.5	13.3333
  10.5	9
  11.5	9.125
  12.5	13
  13.5	9
  14.5	6
  15.5	6
  16.5	4.5
  17.5	9.5
  18.5	6
  19.5	6
  20.5	8
  21.5	6
  22.5	9.5
  23.5	8.5
  24.5	9.2
  25.5	11.5
  26.5	6.5
  27.5	10
  28.5	7.5
  29.5	12.3333
  30.5	8.5
  31.5	13.5
  32.5	7
  33.5	10.5
  34.5	6
  35.5	14
  36.5	15.5
  37.5	5.5
  38.5	12
  39.5	8.5
  40.5	8
  41.5	10
  42.5	15
  43.5	7
  44.5	14.5
  45.5	4.5
  46.5	11.625
  47.5	12
  48.5	7
  49.5	9
  50.5	12
  51.5	2
  52.5	7
  53.5	12.5
  54.5	9
  55.5	17
  56.5	9
  57.5	1.5
  58.5	10.5
  59.5	11
  60.5	8.5
  61.5	4.5
  62.5	10
  63.5	10
  64.5	9
  65.5	14
  66.5	8
  67.5	5
  68.5	7.16667
  69.5	8.5
  70.5	7
  71.5	9.91667
  72.5	9.5
  73.5	12.5
  74.5	7.16667
  75.5	8
  76.5	4
  77.5	13
  78.5	13.5
  79.5	8
  80.5	13
  81.5	9.625
  82.5	6
  83.5	10
  84.5	9.5
  85.5	13.3333
  86.5	7.5
  87.5	8
  88.5	12
  89.5	9
  90.5	16.5
  91.5	5.5
  92.5	9
  93.5	10
  94.5	6
  95.5	3
  96.5	9.5
  97.5	10.5
  98.5	10
  99.5	9.83333
 100.5	7.83333
 101.5	8
 102.5	6
 103.5	5
 104.5	11
 105.5	8.5
 106.5	6
 107.5	5
 108.5	8.5
 109.5	9
 110.5	12.5
 111.5	4.5
 112.5	11
 113.5	10
 114.5	8.5
 115.5	11.5
 116.5	8.625
 117.5	7.5
 118.5	11.5
 119.5	10.5
 120.5	5
 121.5	7.5
 122.5	8.5
 123.5	8
 124.5	9
 125.5	3.5
 126.5	8.5
 127.5	9.5
 128.5	4.5
 129.5	8
 130.5	7.5
 131.5	7.5
 132.5	11.5
 133.5	5
 134.5	5.5
 135.5	5.5
 136.5	11
 137.5	7
 138.5	3.5
 139.5	13
 140.5	10
 141.5	6
 142.5	9
 143.5	12
 144.5	7
 145.5	10
 146.5	9
 147.5	5.5
 148.5	9
 149.5	6.5
 150.5	5
 151.5	10.125
 152.5	12
 153.5	5
 154.5	8
 155.5	11
 156.5	9
 157.5	11
 158.5	8
 159.5	12.5
 160.5	7
 161.5	9.5
 162.5	5.5
 163.5	7
 164.5	7.83333
 165.5	15
 166.5	6
 167.5	13
 168.5	3
 169.5	6.5
 170.5	3.5
 171.5	6.5
 172.5	4.2
 173.5	5
 174.5	10.5
 175.5	10
 176.5	12
 177.5	8
 178.5	9
 179.5	8.5
 180.5	6.5
 181.5	7.5
 182.5	8
 183.5	12.5
 184.5	7.5
 185.5	6.5
 186.5	6.45833
 187.5	9.5
 188.5	3.5
 189.5	8
 190.5	6
 191.5	9.5
 192.5	5.11111
 193.5	7.5
 194.5	12.8333
 195.5	10.1111
 196.5	6
 197.5	7.33333
 198.5	7.11111
 199.5	10
 200.5	9.75
 201.5	6.61111
 202.5	9.5
 203.5	5.33333
 204.5	10.6111
 205.5	9
 206.5	8.33333
 207.5	10.6111
 208.5	8.5
 209.5	7.33333
 210.5	6.11111
 211.5	8
 212.5	7
 213.5	9.61111
 214.5	9.5
 215.5	10
 216.5	6.36111
 217.5	12
 218.5	12.3333
 219.5	5
 220.5	10
 221.5	6
 222.5	8.5
 223.5	9.5
 224.5	6
 225.5	13
 226.5	7.5
 227.5	5.08333
 228.5	5.5
 229.5	7.5
 230.5	4.5
 231.5	8
 232.5	8
 233.5	6.33333
 234.5	5
 235.5	8
 236.5	10.3333
 237.5	8.5
 238.5	7.5
 239.5	9.33333
 240.5	8.5
 241.5	7
 242.5	8
 243.5	4
 244.5	8
 245.5	3
 246.5	8.33333
 247.5	8
 248.5	5
 249.5	9.5
 250.5	6
 251.5	12.5
 252.5	4.5
 253.5	8
 254.5	11
 255.5	6
 256.5	10
 257.5	11
 258.5	5.5
 259.5	6.75
 260.5	12
 261.5	12
 262.5	7
 263.5	5
 264.5	11.8333
 265.5	12
 266.5	7
 267.5	9
 268.5	9
 269.5	10
 270.5	9.83333
 271.5	10
 272.5	9.5
 273.5	3.83333
 274.5	10.3333
 275.5	9
 276.5	11.3333
 277.5	17
 278.5	8
 279.5	8
 280.5	12
 281.5	4.5
 282.5	10
 283.5	6.5
 284.5	11.5
 285.5	10.5
 286.5	10.5
 287.5	8
 288.5	7.16667
 289.5	9.5
 290.5	7
 291.5	6
 292.5	4.33333
 293.5	9
 294.5	7
 295.5	5
 296.5	17
 297.5	9.5
 298.5	6.5
 299.5	4
 300.5	6
 301.5	6
 302.5	3
 303.5	14
 304.5	7
 305.5	6.5
 306.5	7.5
 307.5	7
 308.5	7
 309.5	8
 310.5	9.5
 311.5	7
 312.5	7.5
 313.5	3
 314.5	6.5
 315.5	3.5
 316.5	14
 317.5	5.5
 318.5	7
 319.5	8
 320.5	4
 321.5	9
 322.5	7.5
 323.5	11
 324.5	9
 325.5	4.5
 326.5	10.3333
 327.5	5.5
 328.5	8
 329.5	7
 330.5	9
 331.5	9.5
 332.5	7.25
 333.5	6
 334.5	8
 335.5	4.25
 336.5	7
 337.5	10
 338.5	9.25
 339.5	9
 340.5	14.5
 341.5	13.75
 342.5	7.5
 343.5	7
 344.5	6
 345.5	7
 346.5	10
 347.5	8
 348.5	11.3333
 349.5	6
 350.5	10
DB 2 MOTIF	BHA15_HUMAN.H11MO.0.B
-349.5	5
-348.5	10
-347.5	12.5
-346.5	12.5
-345.5	4
-344.5	5
-343.5	10
-342.5	14
-341.5	5
-340.5	9
-339.5	8
-338.5	12
-337.5	5
-336.5	9
-335.5	6
-334.5	11.125
-333.5	4
-332.5	8
-331.5	7
-330.5	8
-329.5	6
-328.5	11
-327.5	7
-326.5	11.2
-325.5	3
-324.5	6.5
-323.5	5.5
-322.5	11
-321.5	2
-320.5	6
-319.5	14
-318.5	7
-317.5	10
-316.5	8
-315.5	8
-314.5	9.5
-313.5	10.3333
-312.5	11
-311.5	7
-310.5	11
-309.5	7.5
-308.5	9
-307.5	10
-306.5	8
-305.5	8
-304.5	1
-303.5	7
-302.5	13.5
-301.5	9
-300.5	7
-299.5	9.5
-298.5	11
-297.5	12
-296.5	10
-295.5	7
-294.5	5
-293.5	7
-292.5	3
-291.5	6
-290.5	9
-289.5	12
-288.5	10
-287.5	10
-286.5	7.5
-285.5	7
-284.5	7
-283.5	9.5
-282.5	9
-281.5	9
-280.5	6.5
-279.5	11
-278.5	6
-277.5	5
-276.5	10
-275.5	11
-274.5	7
-273.5	7
-272.5	9
-271.5	10.4583
-270.5	8
-269.5	8
-268.5	10
-267.5	5
-266.5	11
-265.5	7
-264.5	16
-263.5	6
-262.5	11
-261.5	14
-260.5	11
-259.5	13
-258.5	8
-257.5	8.5
-256.5	9.5
-255.5	3
-254.5	13
-253.5	12
-252.5	12
-251.5	10
-250.5	9
-249.5	9
-248.5	6
-247.5	9
-246.5	5
-245.5	5
-244.5	10
-243.5	7
-242.5	8
-241.5	12.5
-240.5	7
-239.5	2
-238.5	9
-237.5	12.5
-236.5	13
-235.5	2
-234.5	7
-233.5	5.5
-232.5	9
-231.5	8
-230.5	7
-229.5	13.3333
-228.5	12
-227.5	4
-226.5	8
-225.5	10
-224.5	5.2
-223.5	13
-222.5	4
-221.5	11
-220.5	3
-219.5	6
-218.5	6
-217.5	2
-216.5	7
-215.5	7
-214.5	7
-213.5	5
-212.5	7
-211.5	7.5
-210.5	5
-209.5	5
-208.5	10.125
-207.5	10
-206.5	3
-205.5	5
-204.5	9
-203.5	6
-202.5	8
-201.5	10
-200.5	8
-199.5	13
-198.5	9.5
-197.5	8
-196.5	9
-195.5	3
-194.5	4
-193.5	8
-192.5	11
-191.5	5
-190.5	11
-189.5	9
-188.5	4
-187.5	15.5
-186.5	8
-185.5	4
-184.5	14
-183.5	7
-182.5	15
-181.5	4
-180.5	8
-179.5	7
-178.5	10.5
-177.5	7
-176.5	5
-175.5	9.5
-174.5	9
-173.5	9.5
-172.5	9.2
-171.5	8
-170.5	10.5
-169.5	7
-168.5	9
-167.5	12
-166.5	6
-165.5	2
-164.5	12
-163.5	13
-162.5	13.5
-161.5	6
-160.5	6
-159.5	10
-158.5	9
-157.5	7
-156.5	8
-155.5	8
-154.5	6.5
-153.5	13
-152.5	11
-151.5	7.5
-150.5	6
-149.5	12
-148.5	9.5
-147.5	2
-146.5	5
-145.5	7
-144.5	14
-143.5	7
-142.5	13
-141.5	12
-140.5	7
-139.5	8
-138.5	10
-137.5	7
-136.5	12.5
-135.5	6
-134.5	7
-133.5	12
-132.5	10
-131.5	14
-130.5	9.5
-129.5	5
-128.5	6
-127.5	8
-126.5	7
-125.5	8
-124.5	12.5
-123.5	11
-122.5	4.5
-121.5	8
-120.5	14.2
-119.5	9
-118.5	12
-117.5	9
-116.5	14
-115.5	4
-114.5	4
-113.5	9
-112.5	8
-111.5	4
-110.5	8
-109.5	8
-108.5	14
-107.5	7
-106.5	9
-105.5	14
-104.5	7
-103.5	9.5
-102.5	12
-101.5	11
-100.5	11
 -99.5	6
 -98.5	10
 -97.5	3
 -96.5	8.5
 -95.5	8
 -94.5	9
 -93.5	12
 -92.5	8
 -91.5	10
 -90.5	9
 -89.5	8
 -88.5	5
 -87.5	8
 -86.5	9
 -85.5	9
 -84.5	15
 -83.5	10.5
 -82.5	9.125
 -81.5	8
 -80.5	7.5
 -79.5	7
 -78.5	10
 -77.5	9
 -76.5	4
 -75.5	10.5
 -74.5	6
 -73.5	9.5
 -72.5	12
 -71.5	7
 -70.5	8
 -69.5	4
 -68.5	8.7
 -67.5	8
 -66.5	11
 -65.5	11.5
 -64.5	8
 -63.5	10
 -62.5	7
 -61.5	14
 -60.5	12
 -59.5	10.125
 -58.5	15
 -57.5	7
 -56.5	14
 -55.5	5.5
 -54.5	6
 -53.5	7.33333
 -52.5	6
 -51.5	13
 -50.5	12
 -49.5	7
 -48.5	8
 -47.5	10
 -46.5	7
 -45.5	13
 -44.5	9
 -43.5	8
 -42.5	5
 -41.5	5
 -40.5	9
 -39.5	9.5
 -38.5	11
 -37.5	10
 -36.5	7.5
 -35.5	9
 -34.5	7
 -33.5	10
 -32.5	4
 -31.5	10
 -30.5	12
 -29.5	10
 -28.5	13.5
 -27.5	18.3333
 -26.5	11
 -25.5	8
 -24.5	13.625
 -23.5	8.5
 -22.5	11.5
 -21.5	9
 -20.5	7.5
 -19.5	8.125
 -18.5	6
 -17.5	20
 -16.5	13
 -15.5	4
 -14.5	8.16667
 -13.5	7
 -12.5	6
 -11.5	10.1667
 -10.5	6
  -9.5	10
  -8.5	15.1667
  -7.5	5
  -6.5	8
  -5.5	5
  -4.5	11.5
  -3.5	9
  -2.5	14
  -1.5	18.3333
  -0.5	11
   0.5	10
   1.5	10
   2.5	5.5
   3.5	10.5
   4.5	8.5
   5.5	14.5
   6.5	10
   7.5	14
   8.5	9
   9.5	5
  10.5	9.625
  11.5	12
  12.5	5
  13.5	10
  14.5	6.5
  15.5	8
  16.5	4
  17.5	8
  18.5	8
  19.5	7.5
  20.5	7
  21.5	12
  22.5	14.5
  23.5	14
  24.5	9
  25.5	7
  26.5	8
  27.5	10
  28.5	11
  29.5	10
  30.5	8
  31.5	9
  32.5	7
  33.5	6
  34.5	14.5
  35.5	12
  36.5	9.16667
  37.5	7
  38.5	17
  39.5	12.1667
  40.5	8
  41.5	13
  42.5	11.1667
  43.5	14.125
  44.5	7
  45.5	10.625
  46.5	5
  47.5	16
  48.5	12
  49.5	10
  50.5	9
  51.5	7
  52.5	5
  53.5	7
  54.5	16
  55.5	8
  56.5	13
  57.5	9
  58.5	6
  59.5	7
  60.5	9
  61.5	4
  62.5	10
  63.5	13
  64.5	16
  65.5	6
  66.5	8
  67.5	10
  68.5	4.5
  69.5	7
  70.5	12
  71.5	5
  72.5	6.5
  73.5	11
  74.5	11.5
  75.5	7.5
  76.5	13.5
  77.5	9
  78.5	10
  79.5	18.5
  80.5	9.125
  81.5	14
  82.5	7
  83.5	10
  84.5	8
  85.5	4.5
  86.5	14
  87.5	12
  88.5	10
  89.5	9
  90.5	10
  91.5	17
  92.5	9
  93.5	4
  94.5	8.5
  95.5	4
  96.5	11
  97.5	9
  98.5	9
  99.5	12
 100.5	4.5
 101.5	6
 102.5	7
 103.5	14
 104.5	7
 105.5	6
 106.5	6
 107.5	8
 108.5	6
 109.5	6
 110.5	9.5
 111.5	13
 112.5	6
 113.5	9.5
 114.5	7.5
 115.5	2.125
 116.5	9
 117.5	8
 118.5	8.5
 119.5	8
 120.5	12.5
 121.5	4.5
 122.5	9
 123.5	9
 124.5	10
 125.5	9
 126.5	5
 127.5	8
 128.5	11
 129.5	11
 130.5	5
 131.5	9
 132.5	10
 133.5	7
 134.5	8
 135.5	9
 136.5	6
 137.5	10
 138.5	9
 139.5	8
 140.5	11
 141.5	11
 142.5	5
 143.5	8
 144.5	5
 145.5	12
 146.5	4
 147.5	11
 148.5	5
 149.5	6
 150.5	4.125
 151.5	7
 152.5	11.5
 153.5	7
 154.5	8
 155.5	5
 156.5	10
 157.5	8.5
 158.5	12.3333
 159.5	5
 160.5	10
 161.5	11.3333
 162.5	12
 163.5	4
 164.5	10
 165.5	10.5
 166.5	14
 167.5	4
 168.5	8
 169.5	7.125
 170.5	6
 171.5	9
 172.5	9
 173.5	13
 174.5	10.5
 175.5	14
 176.5	8
 177.5	15
 178.5	8
 179.5	9
 180.5	10
 181.5	7
 182.5	11
 183.5	7
 184.5	12.5
 185.5	7.125
 186.5	7
 187.5	7
 188.5	10
 189.5	9
 190.5	5.5
 191.5	4.11111
 192.5	7
 193.5	7
 194.5	7.11111
 195.5	9.5
 196.5	6
 197.5	5.11111
 198.5	8
 199.5	11.5
 200.5	7.11111
 201.5	10.5
 202.5	8
 203.5	7.11111
 204.5	6.5
 205.5	11
 206.5	7.11111
 207.5	9.5
 208.5	7
 209.5	6.11111
 210.5	9.5
 211.5	4
 212.5	12.1111
 213.5	6
 214.5	6
 215.5	10.1111
 216.5	10.5
 217.5	11
 218.5	12
 219.5	10.5
 220.5	4.5
 221.5	11
 222.5	6
 223.5	7
 224.5	16
 225.5	11
 226.5	4
 227.5	4
 228.5	6.33333
 229.5	6
 230.5	9
 231.5	7.33333
 232.5	5.125
 233.5	10
 234.5	10.3333
 235.5	5
 236.5	9
 237.5	11.5
 238.5	6
 239.5	9
 240.5	10
 241.5	7
 242.5	3
 243.5	10
 244.5	6
 245.5	8.5
 246.5	7
 247.5	9
 248.5	5
 249.5	7
 250.5	14
 251.5	9.33333
 252.5	9
 253.5	7
 254.5	10
 255.5	8
 256.5	11
 257.5	8
 258.5	12
 259.5	6
 260.5	7
 261.5	7
 262.5	5
 263.5	9
 264.5	8
 265.5	13
 266.5	9
 267.5	10
 268.5	11
 269.5	8
 270.5	10.5
 271.5	8.5
 272.5	5
 273.5	9
 274.5	5.5
 275.5	8
 276.5	10
 277.5	7
 278.5	8
 279.5	8
 280.5	7
 281.5	10
 282.5	6
 283.5	10
 284.5	9
 285.5	10
 286.5	12
 287.5	13
 288.5	13.5
 289.5	10.5
 290.5	9
 291.5	9
 292.5	9
 293.5	0
 294.5	7.5
 295.5	6
 296.5	7
 297.5	10
 298.5	7
 299.5	7.5
 300.5	4
 301.5	10
 302.5	7
 303.5	7
 304.5	11.5
 305.5	7
 306.5	7
 307.5	5
 308.5	8
 309.5	8
 310.5	6
 311.5	11
 312.5	5
 313.5	12
 314.5	4
 315.5	8
 316.5	6
 317.5	10
 318.5	2
 319.5	7
 320.5	12
 321.5	4
 322.5	7
 323.5	7.5
 324.5	9
 325.5	15
 326.5	7.5
 327.5	6
 328.5	3
 329.5	7
 330.5	11.5
 331.5	9
 332.5	7
 333.5	8.33333
 334.5	7
 335.5	9
 336.5	7.33333
 337.5	14
 338.5	13
 339.5	15.8333
 340.5	13
 341.5	10
 342.5	13.5
 343.5	6
 344.5	9
 345.5	5
 346.5	5
 347.5	7.5
 348.5	8
 349.5	6
DB 2 MOTIF	CTCFL_HUMAN.H11MO.0.A
-346.5	6
-345.5	7
-344.5	6.5
-343.5	4
-342.5	6
-341.5	8
-340.5	6
-339.5	8
-338.5	9
-337.5	2
-336.5	7
-335.5	9
-334.5	5
-333.5	8
-332.5	5
-331.5	6
-330.5	8
-329.5	7
-328.5	10
-327.5	3
-326.5	6
-325.5	6
-324.5	7
-323.5	5
-322.5	4
-321.5	2
-320.5	6.5
-319.5	8
-318.5	8
-317.5	3
-316.5	7
-315.5	12
-314.5	4
-313.5	5
-312.5	10.5
-311.5	7
-310.5	4
-309.5	8
-308.5	11
-307.5	10
-306.5	6
-305.5	2
-304.5	4
-303.5	7.33333
-302.5	2
-301.5	3
-300.5	9
-299.5	5
-298.5	5
-297.5	5
-296.5	3
-295.5	15
-294.5	6
-293.5	5
-292.5	2
-291.5	8
-290.5	5
-289.5	7
-288.5	6
-287.5	7.5
-286.5	6
-285.5	12
-284.5	6
-283.5	5
-282.5	9
-281.5	8.5
-280.5	11
-279.5	6.5
-278.5	3.5
-277.5	8
-276.5	2
-275.5	3
-274.5	8
-273.5	5
-272.5	5
-271.5	3
-270.5	7
-269.5	6
-268.5	8
-267.5	7
-266.5	6
-265.5	7
-264.5	5
-263.5	10
-262.5	9
-261.5	5
-260.5	9.5
-259.5	8
-258.5	5
-257.5	4
-256.5	4
-255.5	3
-254.5	7
-253.5	6
-252.5	6
-251.5	10
-250.5	4
-249.5	9
-248.5	9.33333
-247.5	6
-246.5	7
-245.5	5
-244.5	5
-243.5	7
-242.5	8
-241.5	12
-240.5	8.5
-239.5	11.5
-238.5	14
-237.5	9
-236.5	5
-235.5	10
-234.5	9
-233.5	8
-232.5	10
-231.5	4
-230.5	8
-229.5	9
-228.5	6
-227.5	5
-226.5	8
-225.5	12
-224.5	12
-223.5	8
-222.5	2
-221.5	7
-220.5	7
-219.5	7
-218.5	6.33333
-217.5	7.5
-216.5	9
-215.5	8
-214.5	5
-213.5	10
-212.5	1
-211.5	3
-210.5	10
-209.5	10
-208.5	6
-207.5	10
-206.5	7
-205.5	7
-204.5	10
-203.5	5
-202.5	4
-201.5	3
-200.5	6
-199.5	7
-198.5	8
-197.5	11
-196.5	5
-195.5	5
-194.5	8
-193.5	7
-192.5	7
-191.5	4
-190.5	9
-189.5	9
-188.5	9
-187.5	9
-186.5	7
-185.5	4
-184.5	6
-183.5	6
-182.5	10
-181.5	7
-180.5	5
-179.5	4
-178.5	7.5
-177.5	5
-176.5	5
-175.5	5
-174.5	8
-173.5	11
-172.5	7
-171.5	7.5
-170.5	14
-169.5	8
-168.5	10
-167.5	13
-166.5	8
-165.5	9
-164.5	7
-163.5	7
-162.5	10
-161.5	8
-160.5	7
-159.5	8
-158.5	5
-157.5	9
-156.5	5.33333
-155.5	9
-154.5	4
-153.5	13
-152.5	4
-151.5	8
-150.5	4.5
-149.5	3
-148.5	8
-147.5	11
-146.5	9
-145.5	7
-144.5	5
-143.5	9
-142.5	10.5
-141.5	9
-140.5	7
-139.5	5
-138.5	12
-137.5	13
-136.5	4.33333
-135.5	4
-134.5	13
-133.5	6
-132.5	6
-131.5	9
-130.5	8
-129.5	9.5
-128.5	9
-127.5	5
-126.5	8
-125.5	10
-124.5	4.5
-123.5	9
-122.5	10
-121.5	5
-120.5	10.3333
-119.5	9
-118.5	8
-117.5	9.33333
-116.5	6
-115.5	8
-114.5	4
-113.5	7
-112.5	9
-111.5	1
-110.5	8
-109.5	7
-108.5	10
-107.5	11
-106.5	7.5
-105.5	8
-104.5	7
-103.5	8
-102.5	9
-101.5	5
-100.5	5
 -99.5	8
 -98.5	8
 -97.5	9
 -96.5	8
 -95.5	10
 -94.5	7
 -93.5	12
 -92.5	12
 -91.5	12
 -90.5	2
 -89.5	12
 -88.5	5
 -87.5	9.33333
 -86.5	4
 -85.5	8
 -84.5	9
 -83.5	9
 -82.5	11
 -81.5	5
 -80.5	8.5
 -79.5	10
 -78.5	2.33333
 -77.5	6
 -76.5	9
 -75.5	11
 -74.5	5
 -73.5	5
 -72.5	12
 -71.5	6
 -70.5	9
 -69.5	7
 -68.5	13
 -67.5	11
 -66.5	10
 -65.5	5
 -64.5	5
 -63.5	8
 -62.5	9
 -61.5	5
 -60.5	11
 -59.5	5
 -58.5	6
 -57.5	7.5
 -56.5	5
 -55.5	7.5
 -54.5	7
 -53.5	11
 -52.5	11
 -51.5	4
 -50.5	3
 -49.5	9
 -48.5	13
 -47.5	6
 -46.5	8
 -45.5	8
 -44.5	7.5
 -43.5	7
 -42.5	13
 -41.5	8
 -40.5	12
 -39.5	10
 -38.5	8
 -37.5	13
 -36.5	7.5
 -35.5	11
 -34.5	7
 -33.5	11
 -32.5	6
 -31.5	8
 -30.5	8
 -29.5	10
 -28.5	15
 -27.5	5
 -26.5	14
 -25.5	4
 -24.5	11
 -23.5	9
 -22.5	12
 -21.5	15
 -20.5	9
 -19.5	9
 -18.5	14
 -17.5	11
 -16.5	10
 -15.5	2
 -14.5	10
 -13.5	13
 -12.5	9
 -11.5	12
 -10.5	7
  -9.5	11
  -8.5	8
  -7.5	11
  -6.5	7
  -5.5	7
  -4.5	7
  -3.5	8
  -2.5	9
  -1.5	7
  -0.5	9
   0.5	11
   1.5	11
   2.5	11
   3.5	11
   4.5	8.5
   5.5	10
   6.5	10
   7.5	4
   8.5	15
   9.5	10.5
  10.5	11
  11.5	3
  12.5	4
  13.5	10
  14.5	7
  15.5	10
  16.5	9
  17.5	8.5
  18.5	8
  19.5	10
  20.5	13
  21.5	6
  22.5	6
  23.5	10
  24.5	9.5
  25.5	11
  26.5	8
  27.5	7
  28.5	9
  29.5	8
  30.5	5
  31.5	11
  32.5	12
  33.5	4
  34.5	15
  35.5	10
  36.5	12
  37.5	6
  38.5	3
  39.5	11
  40.5	10
  41.5	2
  42.5	7
  43.5	13
  44.5	11
  45.5	12
  46.5	7
  47.5	9
  48.5	8
  49.5	5
  50.5	9
  51.5	6
  52.5	12
  53.5	3
  54.5	9
  55.5	8
  56.5	6
  57.5	7.5
  58.5	5
  59.5	11
  60.5	8
  61.5	6
  62.5	8
  63.5	7
  64.5	11
  65.5	11
  66.5	8
  67.5	12
  68.5	8
  69.5	3
  70.5	9
  71.5	10
  72.5	7
  73.5	10
  74.5	11
  75.5	10
  76.5	8
  77.5	7
  78.5	6
  79.5	8
  80.5	3
  81.5	3
  82.5	8
  83.5	6
  84.5	12
  85.5	7
  86.5	6
  87.5	9
  88.5	7
  89.5	10
  90.5	7.5
  91.5	9
  92.5	7
  93.5	10
  94.5	7
  95.5	6
  96.5	7
  97.5	4.5
  98.5	7
  99.5	3
 100.5	7
 101.5	11
 102.5	11
 103.5	5
 104.5	8
 105.5	2
 106.5	8
 107.5	7
 108.5	16
 109.5	10
 110.5	3
 111.5	4
 112.5	14
 113.5	13
 114.5	11
 115.5	5
 116.5	10
 117.5	5.5
 118.5	5
 119.5	5
 120.5	12
 121.5	9
 122.5	9
 123.5	6
 124.5	12
 125.5	11
 126.5	9
 127.5	10
 128.5	9
 129.5	6
 130.5	17
 131.5	11
 132.5	8
 133.5	6
 134.5	8
 135.5	8
 136.5	10
 137.5	8
 138.5	8
 139.5	8
 140.5	10
 141.5	6
 142.5	4
 143.5	9.5
 144.5	4.5
 145.5	10
 146.5	10
 147.5	11
 148.5	16
 149.5	7
 150.5	4
 151.5	10
 152.5	4
 153.5	8
 154.5	9
 155.5	6
 156.5	7
 157.5	12
 158.5	10.5
 159.5	4
 160.5	9
 161.5	8
 162.5	6
 163.5	10
 164.5	9
 165.5	7
 166.5	7
 167.5	4
 168.5	8
 169.5	9
 170.5	5
 171.5	7
 172.5	9
 173.5	12
 174.5	6
 175.5	3
 176.5	6
 177.5	8
 178.5	6
 179.5	4
 180.5	3
 181.5	5
 182.5	5
 183.5	6
 184.5	9
 185.5	4
 186.5	11
 187.5	6
 188.5	3
 189.5	3
 190.5	7.5
 191.5	9
 192.5	5
 193.5	5
 194.5	4
 195.5	5
 196.5	8.5
 197.5	6
 198.5	8
 199.5	6
 200.5	3
 201.5	8
 202.5	5
 203.5	10
 204.5	8
 205.5	8
 206.5	2
 207.5	5
 208.5	7
 209.5	4
 210.5	11
 211.5	8
 212.5	9
 213.5	7
 214.5	4
 215.5	7
 216.5	6
 217.5	7
 218.5	10
 219.5	6
 220.5	6
 221.5	6
 222.5	9
 223.5	6
 224.5	8
 225.5	5
 226.5	2
 227.5	9
 228.5	10
 229.5	6
 230.5	10
 231.5	5
 232.5	7.5
 233.5	5
 234.5	10.3333
 235.5	6
 236.5	11
 237.5	8
 238.5	5
 239.5	7
 240.5	4
 241.5	9
 242.5	8
 243.5	4
 244.5	5
 245.5	9
 246.5	14
 247.5	7
 248.5	10
 249.5	7.5
 250.5	2
 251.5	4.5
 252.5	9
 253.5	8
 254.5	4
 255.5	4
 256.5	4
 257.5	8
 258.5	5
 259.5	6.5
 260.5	5
 261.5	5
 262.5	7
 263.5	8
 264.5	11
 265.5	6
 266.5	5
 267.5	5
 268.5	8
 269.5	3
 270.5	11
 271.5	3.5
 272.5	2
 273.5	5
 274.5	3.5
 275.5	7
 276.5	11
 277.5	6
 278.5	6
 279.5	6
 280.5	4
 281.5	8
 282.5	11
 283.5	9
 284.5	11.3333
 285.5	6
 286.5	11
 287.5	4
 288.5	7
 289.5	9
 290.5	9
 291.5	5
 292.5	5
 293.5	10
 294.5	9
 295.5	11
 296.5	9
 297.5	7
 298.5	8
 299.5	7
 300.5	3
 301.5	9.5
 302.5	5
 303.5	4
 304.5	7
 305.5	6.5
 306.5	7
 307.5	7
 308.5	10
 309.5	5
 310.5	8
 311.5	4
 312.5	8
 313.5	8
 314.5	8
 315.5	7
 316.5	8
 317.5	4
 318.5	4
 319.5	4
 320.5	10
 321.5	0
 322.5	6
 323.5	10
 324.5	6
 325.5	6
 326.5	8
 327.5	8
 328.5	9
 329.5	4
 330.5	10
 331.5	5
 332.5	2
 333.5	7
 334.5	4.33333
 335.5	8
 336.5	5
 337.5	6
 338.5	5
 339.5	6
 340.5	6
 341.5	11
 342.5	6
 343.5	9
 344.5	5
 345.5	3
 346.5	7
DB 2 MOTIF	CTCF_HUMAN.H11MO.0.A
-345.5	4
-344.5	3
-343.5	6
-342.5	6
-341.5	7
-340.5	6.5
-339.5	3
-338.5	9
-337.5	4
-336.5	3.33333
-335.5	8
-334.5	4
-333.5	5
-332.5	6
-331.5	5
-330.5	3
-329.5	6
-328.5	4
-327.5	5
-326.5	4
-325.5	3
-324.5	6
-323.5	6
-322.5	5
-321.5	1
-320.5	5
-319.5	6
-318.5	5
-317.5	7
-316.5	5.33333
-315.5	5
-314.5	7
-313.5	7
-312.5	3
-311.5	6
-310.5	6
-309.5	4
-308.5	10
-307.5	6
-306.5	5
-305.5	1
-304.5	6
-303.5	6
-302.5	5.33333
-301.5	5
-300.5	5
-299.5	9
-298.5	1
-297.5	2
-296.5	5
-295.5	5
-294.5	5
-293.5	5
-292.5	5
-291.5	3
-290.5	5
-289.5	11
-288.5	7
-287.5	3.33333
-286.5	5
-285.5	7
-284.5	6
-283.5	6
-282.5	8
-281.5	6
-280.5	6
-279.5	6
-278.5	2
-277.5	2
-276.5	7
-275.5	4
-274.5	3
-273.5	7
-272.5	3
-271.5	9
-270.5	3
-269.5	4
-268.5	2
-267.5	4
-266.5	6
-265.5	2
-264.5	4
-263.5	3
-262.5	5
-261.5	7.33333
-260.5	4
-259.5	7
-258.5	3
-257.5	3
-256.5	4
-255.5	10
-254.5	2
-253.5	5
-252.5	6
-251.5	3
-250.5	5
-249.5	3
-248.5	9.5
-247.5	2.33333
-246.5	3
-245.5	6
-244.5	5
-243.5	8
-242.5	9
-241.5	4
-240.5	12.5
-239.5	8
-238.5	7
-237.5	6
-236.5	9
-235.5	6.66667
-234.5	8
-233.5	6
-232.5	3
-231.5	5
-230.5	4
-229.5	4
-228.5	8.5
-227.5	5
-226.5	7
-225.5	4
-224.5	2
-223.5	2
-222.5	7
-221.5	4
-220.5	6
-219.5	2
-218.5	5
-217.5	5
-216.5	5
-215.5	5
-214.5	7
-213.5	4
-212.5	6
-211.5	4
-210.5	4
-209.5	4
-208.5	8
-207.5	5
-206.5	6
-205.5	4
-204.5	3
-203.5	5
-202.5	1
-201.5	2
-200.5	5
-199.5	6
-198.5	8
-197.5	4
-196.5	10
-195.5	4
-194.5	3
-193.5	13
-192.5	5
-191.5	5
-190.5	3
-189.5	6
-188.5	6
-187.5	5
-186.5	4
-185.5	6
-184.5	2
-183.5	3
-182.5	5
-181.5	7
-180.5	7
-179.5	7.5
-178.5	1
-177.5	3
-176.5	3
-175.5	5
-174.5	6
-173.5	10
-172.5	1
-171.5	4
-170.5	7
-169.5	9
-168.5	2
-167.5	2
-166.5	8
-165.5	3
-164.5	6
-163.5	7
-162.5	7
-161.5	9
-160.5	6
-159.5	5
-158.5	7
-157.5	6
-156.5	3
-155.5	3.33333
-154.5	8
-153.5	4
-152.5	3
-151.5	2
-150.5	7
-149.5	6
-148.5	6
-147.5	2
-146.5	2
-145.5	5
-144.5	6
-143.5	6
-142.5	6
-141.5	6
-140.5	4
-139.5	5
-138.5	5
-137.5	4
-136.5	9.5
-135.5	7.33333
-134.5	7
-133.5	6
-132.5	6
-131.5	7
-130.5	4
-129.5	10
-128.5	5
-127.5	4
-126.5	5
-125.5	4
-124.5	3
-123.5	5
-122.5	5
-121.5	9
-120.5	7
-119.5	4
-118.5	6
-117.5	8
-116.5	9.33333
-115.5	5
-114.5	5
-113.5	5
-112.5	4
-111.5	4
-110.5	1
-109.5	6
-108.5	9
-107.5	6
-106.5	2
-105.5	6
-104.5	11
-103.5	3
-102.5	4
-101.5	7
-100.5	5
 -99.5	4
 -98.5	8
 -97.5	5
 -96.5	5
 -95.5	6
 -94.5	10
 -93.5	8
 -92.5	12
 -91.5	1
 -90.5	6
 -89.5	2
 -88.5	7
 -87.5	5
 -86.5	6
 -85.5	7
 -84.5	6
 -83.5	10
 -82.5	9
 -81.5	7
 -80.5	8
 -79.5	10
 -78.5	7
 -77.5	2.33333
 -76.5	9
 -75.5	8
 -74.5	6
 -73.5	7
 -72.5	3
 -71.5	8
 -70.5	2
 -69.5	5
 -68.5	7
 -67.5	15
 -66.5	5
 -65.5	4
 -64.5	7
 -63.5	8
 -62.5	2
 -61.5	8
 -60.5	5
 -59.5	10
 -58.5	2
 -57.5	8.33333
 -56.5	6
 -55.5	2
 -54.5	6
 -53.5	8
 -52.5	7
 -51.5	4
 -50.5	7
 -49.5	8
 -48.5	9
 -47.5	6
 -46.5	7
 -45.5	6
 -44.5	6
 -43.5	6
 -42.5	8
 -41.5	14
 -40.5	10
 -39.5	8
 -38.5	9
 -37.5	3.5
 -36.5	12
 -35.5	7
 -34.5	5
 -33.5	2
 -32.5	5.5
 -31.5	8.83333
 -30.5	6
 -29.5	9
 -28.5	7
 -27.5	4
 -26.5	7
 -25.5	14.5
 -24.5	7
 -23.5	9
 -22.5	9
 -21.5	10
 -20.5	9
 -19.5	10
 -18.5	10
 -17.5	8
 -16.5	4
 -15.5	8
 -14.5	4
 -13.5	8
 -12.5	10
 -11.5	8
 -10.5	6
  -9.5	5
  -8.5	8
  -7.5	4
  -6.5	10
  -5.5	11.3333
  -4.5	3
  -3.5	4
  -2.5	3
  -1.5	3
  -0.5	2
   0.5	9
   1.5	9
   2.5	9
   3.5	8
   4.5	4
   5.5	11.5
   6.5	7
   7.5	6
   8.5	14
   9.5	12.5
  10.5	3
  11.5	3
  12.5	5
  13.5	6
  14.5	5
  15.5	5
  16.5	3
  17.5	7
  18.5	12
  19.5	3
  20.5	7
  21.5	7
  22.5	6
  23.5	10.5
  24.5	10
  25.5	4
  26.5	4
  27.5	5
  28.5	6
  29.5	10
  30.5	9.5
  31.5	7
  32.5	3
  33.5	4
  34.5	6
  35.5	11
  36.5	7
  37.5	8
  38.5	5
  39.5	7
  40.5	5
  41.5	4
  42.5	10
  43.5	6
  44.5	4
  45.5	4
  46.5	5
  47.5	6
  48.5	9
  49.5	5
  50.5	4
  51.5	12
  52.5	4
  53.5	8
  54.5	3
  55.5	4
  56.5	8
  57.5	7
  58.5	6
  59.5	3
  60.5	5
  61.5	5
  62.5	3
  63.5	8
  64.5	8
  65.5	6
  66.5	11
  67.5	8
  68.5	5
  69.5	3
  70.5	6
  71.5	7
  72.5	5
  73.5	5
  74.5	2
  75.5	7
  76.5	6
  77.5	9
  78.5	7
  79.5	4
  80.5	5
  81.5	4
  82.5	4
  83.5	12
  84.5	5
  85.5	7
  86.5	8
  87.5	8
  88.5	7
  89.5	6
  90.5	7
  91.5	4
  92.5	5
  93.5	3
  94.5	5
  95.5	3
  96.5	6
  97.5	3
  98.5	5
  99.5	10
 100.5	2
 101.5	8
 102.5	7
 103.5	5
 104.5	4
 105.5	2
 106.5	5
 107.5	8
 108.5	5
 109.5	7
 110.5	9
 111.5	5
 112.5	3
 113.5	12
 114.5	8
 115.5	6.5
 116.5	2
 117.5	10
 118.5	7
 119.5	4
 120.5	3
 121.5	6
 122.5	5
 123.5	7
 124.5	6.5
 125.5	7
 126.5	5
 127.5	7
 128.5	4
 129.5	8
 130.5	3
 131.5	9
 132.5	5
 133.5	7
 134.5	5.5
 135.5	7
 136.5	12
 137.5	6
 138.5	4
 139.5	7
 140.5	6
 141.5	8
 142.5	4
 143.5	4
 144.5	5
 145.5	5
 146.5	12
 147.5	7
 148.5	3
 149.5	3
 150.5	6
 151.5	6
 152.5	12
 153.5	7.5
 154.5	4
 155.5	5
 156.5	5
 157.5	4
 158.5	4
 159.5	6
 160.5	7
 161.5	7
 162.5	3
 163.5	10.5
 164.5	5
 165.5	4
 166.5	10
 167.5	6
 168.5	7
 169.5	4
 170.5	8
 171.5	7
 172.5	5
 173.5	6
 174.5	7
 175.5	4
 176.5	2
 177.5	4
 178.5	5
 179.5	5
 180.5	5
 181.5	2
 182.5	7
 183.5	6
 184.5	4
 185.5	5
 186.5	4
 187.5	4
 188.5	6
 189.5	4.5
 190.5	4
 191.5	3
 192.5	2
 193.5	2
 194.5	12
 195.5	2.5
 196.5	6
 197.5	10
 198.5	4
 199.5	1
 200.5	6
 201.5	3
 202.5	10
 203.5	8
 204.5	4
 205.5	3
 206.5	5
 207.5	5
 208.5	5
 209.5	6
 210.5	9
 211.5	8
 212.5	6
 213.5	4
 214.5	5
 215.5	3
 216.5	5
 217.5	3
 218.5	6
 219.5	6
 220.5	8
 221.5	6
 222.5	3
 223.5	4
 224.5	8
 225.5	3
 226.5	5
 227.5	3
 228.5	6
 229.5	3
 230.5	8
 231.5	5.5
 232.5	6
 233.5	11
 234.5	2
 235.5	7
 236.5	7
 237.5	5
 238.5	5
 239.5	2
 240.5	5
 241.5	7
 242.5	2
 243.5	7.5
 244.5	5
 245.5	2
 246.5	8
 247.5	8
 248.5	6
 249.5	1
 250.5	3.5
 251.5	4.5
 252.5	5
 253.5	3
 254.5	5
 255.5	3
 256.5	4
 257.5	7
 258.5	7
 259.5	4
 260.5	5
 261.5	2
 262.5	7
 263.5	7
 264.5	7
 265.5	6
 266.5	2
 267.5	4
 268.5	8
 269.5	7
 270.5	1
 271.5	5
 272.5	4
 273.5	5
 274.5	4
 275.5	4
 276.5	3
 277.5	8
 278.5	2
 279.5	4.5
 280.5	4
 281.5	5
 282.5	9
 283.5	12
 284.5	5
 285.5	11
 286.5	4
 287.5	9
 288.5	2
 289.5	4
 290.5	8
 291.5	6
 292.5	8
 293.5	5
 294.5	5
 295.5	4
 296.5	9
 297.5	3
 298.5	1
 299.5	6
 300.5	3
 301.5	3
 302.5	6
 303.5	8
 304.5	6
 305.5	5
 306.5	10
 307.5	7
 308.5	3
 309.5	3
 310.5	5
 311.5	5
 312.5	5
 313.5	4.5
 314.5	9
 315.5	2
 316.5	5
 317.5	5
 318.5	7
 319.5	4
 320.5	1
 321.5	5
 322.5	3
 323.5	6
 324.5	4
 325.5	2
 326.5	5
 327.5	4
 328.5	5
 329.5	10
 330.5	1
 331.5	8
 332.5	9
 333.5	2
 334.5	3
 335.5	7
 336.5	5
 337.5	7.5
 338.5	9
 339.5	4
 340.5	7
 341.5	8
 342.5	10
 343.5	4
 344.5	7
 345.5	6
DB 2 MOTIF	EGR4_HUMAN.H11MO.0.D
-349.5	8
-348.5	8
-347.5	6.2
-346.5	5
-345.5	7
-344.5	9.5
-343.5	4.5
-342.5	9
-341.5	4.2
-340.5	5.5
-339.5	9
-338.5	10.7
-337.5	4
-336.5	9.2
-335.5	10.7
-334.5	7
-333.5	7
-332.5	8.03333
-331.5	3
-330.5	6
-329.5	7.2
-328.5	8
-327.5	9.5
-326.5	10.5
-325.5	4.53333
-324.5	9
-323.5	5
-322.5	11.5
-321.5	1.5
-320.5	7.25
-319.5	7.5
-318.5	11.5
-317.5	6.5
-316.5	11.5
-315.5	13.2
-314.5	10.2
-313.5	9
-312.5	7.2
-311.5	10
-310.5	8.14286
-309.5	12.2
-308.5	10
-307.5	5.5
-306.5	5.2
-305.5	8.5
-304.5	9
-303.5	5.4
-302.5	5
-301.5	8
-300.5	4.33333
-299.5	9
-298.5	5.25
-297.5	7
-296.5	9
-295.5	6.5
-294.5	9.33333
-293.5	11
-292.5	6.33333
-291.5	1
-290.5	2
-289.5	6.33333
-288.5	12
-287.5	7
-286.5	12
-285.5	7
-284.5	4.33333
-283.5	10
-282.5	8
-281.5	14
-280.5	9.14286
-279.5	7
-278.5	10
-277.5	3
-276.5	8
-275.5	10.5
-274.5	5
-273.5	4.5
-272.5	7.5
-271.5	11
-270.5	6.33333
-269.5	2.5
-268.5	6
-267.5	6
-266.5	7.33333
-265.5	9.33333
-264.5	8.5
-263.5	7.5
-262.5	6
-261.5	5
-260.5	6
-259.5	11
-258.5	7
-257.5	10
-256.5	6
-255.5	4
-254.5	7
-253.5	8
-252.5	14
-251.5	8.5
-250.5	7.30952
-249.5	12
-248.5	7
-247.5	10
-246.5	5.5
-245.5	6
-244.5	8
-243.5	5
-242.5	5
-241.5	3
-240.5	5.33333
-239.5	10
-238.5	10
-237.5	7
-236.5	9
-235.5	11
-234.5	5.5
-233.5	10
-232.5	9.5
-231.5	14.5
-230.5	9
-229.5	7.5
-228.5	7
-227.5	6.5
-226.5	9
-225.5	15
-224.5	6
-223.5	9
-222.5	7.16667
-221.5	12.5
-220.5	11.6429
-219.5	9
-218.5	8
-217.5	6.5
-216.5	10.5
-215.5	4.5
-214.5	10
-213.5	8
-212.5	12
-211.5	8
-210.5	7
-209.5	8
-208.5	9
-207.5	11.5
-206.5	8.66667
-205.5	6.5
-204.5	8.5
-203.5	9
-202.5	7.2
-201.5	7.5
-200.5	7
-199.5	8
-198.5	12
-197.5	8.33333
-196.5	6
-195.5	11.5
-194.5	5
-193.5	13
-192.5	8
-191.5	5.33333
-190.5	8.14286
-189.5	10.1667
-188.5	14
-187.5	9
-186.5	10.5
-185.5	4.83333
-184.5	8
-183.5	11.5
-182.5	10
-181.5	9.5
-180.5	9.5
-179.5	4
-178.5	7.25
-177.5	7
-176.5	8
-175.5	11
-174.5	9
-173.5	5
-172.5	8
-171.5	5.5
-170.5	5.2
-169.5	10
-168.5	9
-167.5	9.5
-166.5	9.5
-165.5	3
-164.5	7.2
-163.5	11
-162.5	7
-161.5	10.5
-160.5	9.64286
-159.5	7
-158.5	8.5
-157.5	9
-156.5	8
-155.5	9.33333
-154.5	11
-153.5	4
-152.5	11.6667
-151.5	10
-150.5	12
-149.5	7
-148.5	6
-147.5	9
-146.5	10
-145.5	6.5
-144.5	4
-143.5	4
-142.5	10
-141.5	4.5
-140.5	5.5
-139.5	8
-138.5	5.33333
-137.5	9
-136.5	7
-135.5	9
-134.5	6
-133.5	9
-132.5	10.7
-131.5	7
-130.5	11.1429
-129.5	6
-128.5	12.1667
-127.5	9
-126.5	8.2
-125.5	8.5
-124.5	8
-123.5	11
-122.5	13.5
-121.5	5
-120.5	6.5
-119.5	5
-118.5	5
-117.5	10.5
-116.5	3
-115.5	7
-114.5	7
-113.5	6
-112.5	9
-111.5	5.5
-110.5	8
-109.5	9
-108.5	10
-107.5	6
-106.5	8
-105.5	8.5
-104.5	7
-103.5	4.5
-102.5	12.3333
-101.5	6.25
-100.5	9
 -99.5	12.5
 -98.5	4
 -97.5	4.33333
 -96.5	10
 -95.5	5
 -94.5	11
 -93.5	6.5
 -92.5	4.66667
 -91.5	12
 -90.5	8
 -89.5	9
 -88.5	6
 -87.5	6.83333
 -86.5	6
 -85.5	8
 -84.5	8.5
 -83.5	7.5
 -82.5	9.33333
 -81.5	11
 -80.5	10
 -79.5	12
 -78.5	3
 -77.5	9
 -76.5	6
 -75.5	6
 -74.5	5.5
 -73.5	5
 -72.5	9
 -71.5	7
 -70.5	6
 -69.5	10
 -68.5	10
 -67.5	5
 -66.5	5
 -65.5	6
 -64.5	12
 -63.5	13
 -62.5	7
 -61.5	6
 -60.5	10
 -59.5	7
 -58.5	13
 -57.5	7.33333
 -56.5	7
 -55.5	8
 -54.5	14
 -53.5	0
 -52.5	8
 -51.5	7
 -50.5	11.5
 -49.5	11
 -48.5	12
 -47.5	10
 -46.5	8
 -45.5	7
 -44.5	8
 -43.5	5
 -42.5	7
 -41.5	7
 -40.5	9
 -39.5	10.5
 -38.5	4.5
 -37.5	7.33333
 -36.5	9
 -35.5	10
 -34.5	7
 -33.5	9
 -32.5	14
 -31.5	9
 -30.5	7
 -29.5	7.5
 -28.5	4
 -27.5	9.33333
 -26.5	10
 -25.5	14
 -24.5	10.8333
 -23.5	13
 -22.5	11
 -21.5	7.83333
 -20.5	7
 -19.5	5
 -18.5	7
 -17.5	5
 -16.5	7
 -15.5	6
 -14.5	12.5
 -13.5	6
 -12.5	6.5
 -11.5	12
 -10.5	4
  -9.5	18.5
  -8.5	12.5
  -7.5	9
  -6.5	8
  -5.5	9.5
  -4.5	5.5
  -3.5	8
  -2.5	12
  -1.5	7
  -0.5	10
   0.5	4
   1.5	11.5
   2.5	7.5
   3.5	16
   4.5	5
   5.5	7
   6.5	9
   7.5	12
   8.5	12
   9.5	10
  10.5	14
  11.5	9
  12.5	8
  13.5	13
  14.5	6
  15.5	10
  16.5	9
  17.5	10
  18.5	10
  19.5	5.5
  20.5	8
  21.5	12
  22.5	15
  23.5	13
  24.5	10
  25.5	6
  26.5	9.5
  27.5	11
  28.5	10
  29.5	8
  30.5	11.5
  31.5	12.3333
  32.5	13
  33.5	10
  34.5	5.5
  35.5	8
  36.5	12.5
  37.5	6
  38.5	8
  39.5	14
  40.5	5
  41.5	7
  42.5	12
  43.5	8
  44.5	11
  45.5	8
  46.5	12
  47.5	8
  48.5	7
  49.5	7
  50.5	10.5
  51.5	7.5
  52.5	10
  53.5	8
  54.5	7.16667
  55.5	10
  56.5	9.5
  57.5	9.5
  58.5	9
  59.5	7.83333
  60.5	10
  61.5	11
  62.5	5.5
  63.5	12.5
  64.5	8
  65.5	8
  66.5	9
  67.5	4
  68.5	9
  69.5	4
  70.5	10
  71.5	11
  72.5	8
  73.5	6
  74.5	5
  75.5	8
  76.5	10
  77.5	11
  78.5	9
  79.5	5
  80.5	10
  81.5	9
  82.5	7
  83.5	7
  84.5	7
  85.5	6.5
  86.5	10
  87.5	8.5
  88.5	9
  89.5	5.33333
  90.5	10
  91.5	13
  92.5	6
  93.5	13
  94.5	5
  95.5	4
  96.5	6
  97.5	3
  98.5	7.33333
  99.5	6
 100.5	7.33333
 101.5	7.5
 102.5	6
 103.5	10
 104.5	13
 105.5	12
 106.5	10
 107.5	7.33333
 108.5	8
 109.5	7
 110.5	21
 111.5	8.5
 112.5	4
 113.5	6
 114.5	11.5
 115.5	2
 116.5	5.5
 117.5	5
 118.5	12
 119.5	8.33333
 120.5	7
 121.5	8
 122.5	12
 123.5	9.33333
 124.5	10.5
 125.5	6
 126.5	4.83333
 127.5	8
 128.5	7
 129.5	2.5
 130.5	6.33333
 131.5	5
 132.5	6
 133.5	5.33333
 134.5	8.5
 135.5	9
 136.5	4
 137.5	5.5
 138.5	10.3333
 139.5	7
 140.5	8
 141.5	11.3333
 142.5	5
 143.5	12.5
 144.5	7.5
 145.5	10
 146.5	5.5
 147.5	10
 148.5	8.5
 149.5	5
 150.5	2
 151.5	9.5
 152.5	9
 153.5	9
 154.5	8
 155.5	9
 156.5	10.8333
 157.5	14
 158.5	8
 159.5	4.5
 160.5	6
 161.5	11
 162.5	9
 163.5	11
 164.5	11.3333
 165.5	12.3333
 166.5	8
 167.5	7.5
 168.5	9.5
 169.5	5
 170.5	5.5
 171.5	9
 172.5	5
 173.5	6.5
 174.5	10
 175.5	9
 176.5	6.16667
 177.5	10
 178.5	12
 179.5	7
 180.5	5
 181.5	6
 182.5	11
 183.5	9.5
 184.5	14.5
 185.5	8
 186.5	10.5
 187.5	13
 188.5	6.25
 189.5	9
 190.5	4
 191.5	7.25
 192.5	3.5
 193.5	8.5
 194.5	9.58333
 195.5	12.5
 196.5	8
 197.5	5.25
 198.5	10
 199.5	8
 200.5	7.5
 201.5	6
 202.5	6.83333
 203.5	11
 204.5	10
 205.5	2.83333
 206.5	3
 207.5	11
 208.5	8
 209.5	7.5
 210.5	6
 211.5	6
 212.5	9
 213.5	5
 214.5	2
 215.5	8
 216.5	6
 217.5	8
 218.5	6.33333
 219.5	6
 220.5	8.5
 221.5	8
 222.5	4.33333
 223.5	13
 224.5	5.5
 225.5	4.5
 226.5	9
 227.5	9
 228.5	5
 229.5	4.5
 230.5	6
 231.5	8
 232.5	6
 233.5	8.5
 234.5	8
 235.5	11
 236.5	4.5
 237.5	11
 238.5	7.5
 239.5	6.5
 240.5	6
 241.5	9.33333
 242.5	10
 243.5	10.5
 244.5	8
 245.5	8.5
 246.5	7
 247.5	7
 248.5	6
 249.5	8
 250.5	9
 251.5	11
 252.5	10
 253.5	7
 254.5	4.5
 255.5	4.83333
 256.5	6.5
 257.5	15
 258.5	7
 259.5	9.5
 260.5	7
 261.5	5
 262.5	6.5
 263.5	4
 264.5	7
 265.5	12
 266.5	2
 267.5	12
 268.5	5
 269.5	6
 270.5	11.5
 271.5	2.5
 272.5	5
 273.5	6
 274.5	8
 275.5	7
 276.5	5
 277.5	9.5
 278.5	9.5
 279.5	7
 280.5	3
 281.5	7
 282.5	13
 283.5	6
 284.5	8
 285.5	4
 286.5	9
 287.5	5.5
 288.5	7
 289.5	9.5
 290.5	7.5
 291.5	6
 292.5	8
 293.5	6
 294.5	4.5
 295.5	5
 296.5	8
 297.5	4.5
 298.5	13.1667
 299.5	6
 300.5	9.5
 301.5	9
 302.5	5.33333
 303.5	6
 304.5	5.5
 305.5	15
 306.5	4
 307.5	6.33333
 308.5	9
 309.5	4
 310.5	10.5
 311.5	8
 312.5	13.3333
 313.5	6
 314.5	4.5
 315.5	7
 316.5	11.25
 317.5	8.83333
 318.5	9.5
 319.5	5.25
 320.5	10
 321.5	8.5
 322.5	8.25
 323.5	11
 324.5	4
 325.5	13.75
 326.5	3
 327.5	8.5
 328.5	10
 329.5	7
 330.5	4
 331.5	10
 332.5	2.5
 333.5	5
 334.5	12
 335.5	4
 336.5	10
 337.5	9
 338.5	9.5
 339.5	5.5
 340.5	7.5
 341.5	5.5
 342.5	10.5
 343.5	6
 344.5	7.5
 345.5	5
 346.5	7.5
 347.5	5
 348.5	7
 349.5	7
DB 2 MOTIF	HES7_HUMAN.H11MO.0.D
-349.0	0
-348.0	1
-347.0	1
-346.0	1
-345.0	0
-344.0	0
-343.0	0
-342.0	0
-341.0	0
-340.0	0
-339.0	0
-338.0	0
-337.0	3
-336.0	1
-335.0	0
-334.0	0
-333.0	1
-332.0	0
-331.0	0
-330.0	0
-329.0	2
-328.0	1
-327.0	0
-326.0	2
-325.0	0
-324.0	0
-323.0	1
-322.0	0
-321.0	0
-320.0	0
-319.0	2
-318.0	0
-317.0	0
-316.0	1
-315.0	0
-314.0	0
-313.0	1
-312.0	2
-311.0	0
-310.0	1
-309.0	0
-308.0	1
-307.0	1
-306.0	1
-305.0	1
-304.0	1
-303.0	0
-302.0	0
-301.0	0
-300.0	0
-299.0	0
-298.0	1
-297.0	2
-296.0	0
-295.0	0
-294.0	1
-293.0	1
-292.0	0
-291.0	0
-290.0	0
-289.0	0
-288.0	0
-287.0	2
-286.0	0
-285.0	1
-284.0	2
-283.0	1
-282.0	0
-281.0	1
-280.0	0
-279.0	2
-278.0	1
-277.0	0
-276.0	0
-275.0	1
-274.0	2
-273.0	2
-272.0	1
-271.0	0
-270.0	0
-269.0	3
-268.0	0
-267.0	1
-266.0	1
-265.0	1
-264.0	0
-263.0	1
-262.0	2
-261.0	1
-260.0	2
-259.0	2
-258.0	0
-257.0	1
-256.0	0
-255.0	1
-254.0	1
-253.0	1
-252.0	1
-251.0	1
-250.0	0
-249.0	1
-248.0	1
-247.0	1
-246.0	2
-245.0	1
-244.0	0
-243.0	1
-242.0	0
-241.0	0
-240.0	3
-239.0	1
-238.0	1
-237.0	1
-236.0	1
-235.0	0
-234.0	1
-233.0	1
-232.0	1
-231.0	1
-230.0	2
-229.0	2
-228.0	2
-227.0	1
-226.0	0
-225.0	0
-224.0	0
-223.0	0
-222.0	1
-221.0	0
-220.0	1
-219.0	0
-218.0	0
-217.0	3
-216.0	0
-215.0	1
-214.0	0
-213.0	1
-212.0	1
-211.0	1
-210.0	1
-209.0	1
-208.0	1
-207.0	2
-206.0	1
-205.0	0
-204.0	1
-203.0	0
-202.0	1
-201.0	1
-200.0	1
-199.0	0
-198.0	0
-197.0	0
-196.0	0
-195.0	2
-194.0	2
-193.0	0
-192.0	0
-191.0	0
-190.0	0
-189.0	2
-188.0	0
-187.0	0
-186.0	0
-185.0	1
-184.0	0
-183.0	2
-182.0	0
-181.0	1
-180.0	1
-179.0	1
-178.0	0
-177.0	0
-176.0	1
-175.0	0
-174.0	1
-173.0	1
-172.0	1
-171.0	0
-170.0	2
-169.0	3
-168.0	0
-167.0	0
-166.0	1
-165.0	0
-164.0	0
-163.0	3
-162.0	0
-161.0	1
-160.0	1
-159.0	0
-158.0	0
-157.0	2
-156.0	1
-155.0	0
-154.0	2
-153.0	0
-152.0	1
-151.0	1
-150.0	0
-149.0	0
-148.0	0
-147.0	1
-146.0	1
-145.0	0
-144.0	1
-143.0	0
-142.0	1
-141.0	0
-140.0	0
-139.0	0
-138.0	4
-137.0	0
-136.0	0
-135.0	0
-134.0	0
-133.0	0
-132.0	1
-131.0	1
-130.0	1
-129.0	0
-128.0	2
-127.0	2
-126.0	0
-125.0	1
-124.0	0
-123.0	1
-122.0	1
-121.0	1
-120.0	0
-119.0	0
-118.0	2
-117.0	1
-116.0	1
-115.0	1
-114.0	0
-113.0	0
-112.0	1
-111.0	1
-110.0	0
-109.0	2
-108.0	0
-107.0	0
-106.0	1
-105.0	0
-104.0	2
-103.0	1
-102.0	0
-101.0	0
-100.0	2
 -99.0	3
 -98.0	0
 -97.0	1
 -96.0	1
 -95.0	0
 -94.0	1
 -93.0	2
 -92.0	0
 -91.0	0
 -90.0	0
 -89.0	2
 -88.0	1
 -87.0	0
 -86.0	1
 -85.0	1
 -84.0	1
 -83.0	0
 -82.0	1
 -81.0	2
 -80.0	0
 -79.0	0
 -78.0	1
 -77.0	0
 -76.0	2
 -75.0	1
 -74.0	0
 -73.0	2
 -72.0	0
 -71.0	1
 -70.0	0
 -69.0	1
 -68.0	1
 -67.0	0
 -66.0	2
 -65.0	1
 -64.0	2
 -63.0	1
 -62.0	0
 -61.0	3
 -60.0	1
 -59.0	0
 -58.0	1
 -57.0	0
 -56.0	1
 -55.0	1
 -54.0	0
 -53.0	0
 -52.0	0
 -51.0	0
 -50.0	1
 -49.0	1
 -48.0	0
 -47.0	2
 -46.0	1
 -45.0	1
 -44.0	0
 -43.0	2
 -42.0	1
 -41.0	0
 -40.0	0
 -39.0	0
 -38.0	0
 -37.0	1
 -36.0	1
 -35.0	0
 -34.0	0
 -33.0	1
 -32.0	0
 -31.0	1
 -30.0	2
 -29.0	0
 -28.0	0
 -27.0	0
 -26.0	3
 -25.0	1
 -24.0	0
 -23.0	2
 -22.0	1
 -21.0	1
 -20.0	2
 -19.0	2
 -18.0	1
 -17.0	0
 -16.0	1
 -15.0	0
 -14.0	3
 -13.0	1
 -12.0	1
 -11.0	2
 -10.0	0
  -9.0	0
  -8.0	0
  -7.0	1
  -6.0	0
  -5.0	1
  -4.0	0
  -3.0	2
  -2.0	1
  -1.0	1
   0.0	5
   1.0	1
   2.0	0
   3.0	0
   4.0	1
   5.0	1
   6.0	0
   7.0	0
   8.0	0
   9.0	0
  10.0	1
  11.0	2
  12.0	1
  13.0	0
  14.0	1
  15.0	0
  16.0	1
  17.0	1
  18.0	1
  19.0	1
  20.0	1
  21.0	1
  22.0	0
  23.0	2
  24.0	2
  25.0	0
  26.0	2
  27.0	0
  28.0	0
  29.0	1
  30.0	0
  31.0	0
  32.0	0
  33.0	0
  34.0	1
  35.0	2
  36.0	0
  37.0	1
  38.0	0
  39.0	1
  40.0	1
  41.0	3
  42.0	0
  43.0	2
  44.0	1
  45.0	0
  46.0	1
  47.0	0
  48.0	0
  49.0	1
  50.0	1
  51.0	0
  52.0	3
  53.0	1
  54.0	0
  55.0	2
  56.0	3
  57.0	0
  58.0	0
  59.0	1
  60.0	0
  61.0	0
  62.0	1
  63.0	0
  64.0	0
  65.0	0
  66.0	1
  67.0	1
  68.0	0
  69.0	0
  70.0	2
  71.0	1
  72.0	1
  73.0	1
  74.0	1
  75.0	2
  76.0	1
  77.0	1
  78.0	0
  79.0	4
  80.0	0
  81.0	0
  82.0	0
  83.0	1
  84.0	1
  85.0	0
  86.0	1
  87.0	2
  88.0	2
  89.0	1
  90.0	0
  91.0	1
  92.0	1
  93.0	0
  94.0	0
  95.0	1
  96.0	0
  97.0	2
  98.0	2
  99.0	2
 100.0	1
 101.0	1
 102.0	1
 103.0	1
 104.0	3
 105.0	0
 106.0	1
 107.0	0
 108.0	0
 109.0	1
 110.0	1
 111.0	1
 112.0	0
 113.0	0
 114.0	2
 115.0	1
 116.0	1
 117.0	0
 118.0	1
 119.0	0
 120.0	0
 121.0	1
 122.0	2
 123.0	1
 124.0	1
 125.0	1
 126.0	0
 127.0	1
 128.0	0
 129.0	1
 130.0	0
 131.0	1
 132.0	2
 133.0	1
 134.0	1
 135.0	0
 136.0	2
 137.0	1
 138.0	1
 139.0	1
 140.0	1
 141.0	0
 142.0	0
 143.0	0
 144.0	1
 145.0	1
 146.0	1
 147.0	0
 148.0	0
 149.0	2
 150.0	1
 151.0	0
 152.0	1
 153.0	3
 154.0	1
 155.0	1
 156.0	0
 157.0	2
 158.0	1
 159.0	1
 160.0	1
 161.0	2
 162.0	2
 163.0	0
 164.0	1
 165.0	1
 166.0	0
 167.0	0
 168.0	1
 169.0	0
 170.0	1
 171.0	0
 172.0	0
 173.0	0
 174.0	0
 175.0	1
 176.0	1
 177.0	1
 178.0	1
 179.0	3
 180.0	0
 181.0	1
 182.0	0
 183.0	1
 184.0	2
 185.0	2
 186.0	0
 187.0	1
 188.0	0
 189.0	0
 190.0	1
 191.0	0
 192.0	2
 193.0	0
 194.0	0
 195.0	1
 196.0	3
 197.0	2
 198.0	0
 199.0	0
 200.0	1
 201.0	0
 202.0	2
 203.0	2
 204.0	0
 205.0	1
 206.0	0
 207.0	2
 208.0	1
 209.0	0
 210.0	0
 211.0	0
 212.0	2
 213.0	0
 214.0	0
 215.0	0
 216.0	3
 217.0	3
 218.0	0
 219.0	0
 220.0	2
 221.0	0
 222.0	1
 223.0	0
 224.0	2
 225.0	0
 226.0	0
 227.0	0
 228.0	0
 229.0	1
 230.0	0
 231.0	0
 232.0	3
 233.0	4
 234.0	0
 235.0	0
 236.0	0
 237.0	1
 238.0	1
 239.0	0
 240.0	0
 241.0	0
 242.0	1
 243.0	0
 244.0	2
 245.0	0
 246.0	1
 247.0	1
 248.0	1
 249.0	1
 250.0	1
 251.0	0
 252.0	0
 253.0	0
 254.0	0
 255.0	0
 256.0	0
 257.0	1
 258.0	0
 259.0	1
 260.0	2
 261.0	0
 262.0	2
 263.0	0
 264.0	1
 265.0	3
 266.0	0
 267.0	0
 268.0	0
 269.0	1
 270.0	2
 271.0	0
 272.0	0
 273.0	0
 274.0	1
 275.0	1
 276.0	0
 277.0	0
 278.0	2
 279.0	2
 280.0	1
 281.0	0
 282.0	3
 283.0	1
 284.0	0
 285.0	2
 286.0	1
 287.0	0
 288.0	2
 289.0	0
 290.0	2
 291.0	0
 292.0	0
 293.0	1
 294.0	0
 295.0	0
 296.0	0
 297.0	1
 298.0	1
 299.0	0
 300.0	0
 301.0	0
 302.0	1
 303.0	1
 304.0	1
 305.0	0
 306.0	0
 307.0	0
 308.0	0
 309.0	0
 310.0	0
 311.0	0
 312.0	1
 313.0	0
 314.0	0
 315.0	1
 316.0	1
 317.0	0
 318.0	0
 319.0	0
 320.0	1
 321.0	0
 322.0	1
 323.0	0
 324.0	0
 325.0	1
 326.0	0
 327.0	0
 328.0	0
 329.0	0
 330.0	2
 331.0	1
 332.0	1
 333.0	0
 334.0	0
 335.0	1
 336.0	1
 337.0	0
 338.0	0
 339.0	0
 340.0	1
 341.0	0
 342.0	1
 343.0	0
 344.0	2
 345.0	1
 346.0	1
 347.0	0
 348.0	0
 349.0	0
DB 2 MOTIF	HEY2_HUMAN.H11MO.0.D
-346.5	5
-345.5	5
-344.5	6
-343.5	6
-342.5	3
-341.5	5
-340.5	5
-339.5	2
-338.5	5
-337.5	7
-336.5	5
-335.5	8
-334.5	5
-333.5	9
-332.5	12
-331.5	5
-330.5	9
-329.5	3
-328.5	4
-327.5	5
-326.5	4
-325.5	6
-324.5	5
-323.5	6
-322.5	4.5
-321.5	7
-320.5	4
-319.5	6
-318.5	10
-317.5	10
-316.5	4
-315.5	12
-314.5	7
-313.5	10
-312.5	7
-311.5	8
-310.5	5
-309.5	4
-308.5	9
-307.5	6
-306.5	8
-305.5	5
-304.5	8
-303.5	8
-302.5	6
-301.5	6
-300.5	4
-299.5	6
-298.5	4
-297.5	3
-296.5	5
-295.5	7
-294.5	2
-293.5	1
-292.5	9
-291.5	6
-290.5	7
-289.5	5
-288.5	5
-287.5	5
-286.5	5
-285.5	6
-284.5	5
-283.5	9
-282.5	11
-281.5	3
-280.5	6
-279.5	6
-278.5	10
-277.5	6
-276.5	7
-275.5	7
-274.5	5
-273.5	7
-272.5	2
-271.5	9
-270.5	8
-269.5	8
-268.5	4
-267.5	4
-266.5	6
-265.5	7
-264.5	8
-263.5	7
-262.5	6
-261.5	10
-260.5	4
-259.5	8
-258.5	7
-257.5	4
-256.5	11
-255.5	4
-254.5	1
-253.5	6
-252.5	9
-251.5	4
-250.5	5
-249.5	7
-248.5	8
-247.5	7
-246.5	5
-245.5	7
-244.5	6
-243.5	3
-242.5	6
-241.5	5
-240.5	3
-239.5	8
-238.5	7
-237.5	5
-236.5	5
-235.5	7
-234.5	6
-233.5	4
-232.5	9
-231.5	3
-230.5	9
-229.5	5
-228.5	13
-227.5	10
-226.5	8
-225.5	8
-224.5	4
-223.5	7
-222.5	10
-221.5	9
-220.5	4
-219.5	6
-218.5	3
-217.5	2
-216.5	5
-215.5	7
-214.5	5
-213.5	5
-212.5	3
-211.5	4
-210.5	5
-209.5	9
-208.5	5
-207.5	6
-206.5	7.5
-205.5	9
-204.5	2
-203.5	6
-202.5	3
-201.5	5
-200.5	4
-199.5	4
-198.5	4
-197.5	3
-196.5	8
-195.5	8
-194.5	9
-193.5	4
-192.5	6
-191.5	3
-190.5	6
-189.5	8
-188.5	3
-187.5	8
-186.5	4
-185.5	7
-184.5	8
-183.5	5
-182.5	7
-181.5	6
-180.5	7
-179.5	13
-178.5	4
-177.5	6
-176.5	5
-175.5	6
-174.5	3
-173.5	3
-172.5	5
-171.5	4
-170.5	2
-169.5	9
-168.5	7
-167.5	3
-166.5	4
-165.5	13
-164.5	4
-163.5	5
-162.5	12
-161.5	7
-160.5	7
-159.5	4
-158.5	11
-157.5	8
-156.5	8
-155.5	10
-154.5	2
-153.5	7
-152.5	6
-151.5	7
-150.5	7
-149.5	5
-148.5	2
-147.5	9
-146.5	4
-145.5	5
-144.5	6
-143.5	6
-142.5	5
-141.5	7
-140.5	5
-139.5	5
-138.5	7
-137.5	10
-136.5	6
-135.5	5
-134.5	5
-133.5	7
-132.5	5
-131.5	7
-130.5	5
-129.5	4
-128.5	6
-127.5	5
-126.5	4
-125.5	7
-124.5	9
-123.5	3
-122.5	6
-121.5	6
-120.5	6
-119.5	3
-118.5	8
-117.5	10
-116.5	5
-115.5	2
-114.5	11
-113.5	7
-112.5	9
-111.5	7
-110.5	5
-109.5	5
-108.5	5
-107.5	3
-106.5	11
-105.5	8
-104.5	4
-103.5	10
-102.5	5
-101.5	4
-100.5	2
 -99.5	7
 -98.5	8
 -97.5	10
 -96.5	4
 -95.5	9
 -94.5	4
 -93.5	6
 -92.5	4
 -91.5	9
 -90.5	5
 -89.5	6
 -88.5	6
 -87.5	6
 -86.5	6
 -85.5	5
 -84.5	4
 -83.5	9
 -82.5	9
 -81.5	4
 -80.5	2
 -79.5	6
 -78.5	10
 -77.5	8
 -76.5	8
 -75.5	5
 -74.5	6
 -73.5	7
 -72.5	6
 -71.5	7
 -70.5	10
 -69.5	8
 -68.5	9
 -67.5	2.5
 -66.5	6
 -65.5	4
 -64.5	8
 -63.5	4
 -62.5	2
 -61.5	10
 -60.5	3
 -59.5	3
 -58.5	10
 -57.5	9
 -56.5	9
 -55.5	9
 -54.5	8
 -53.5	7
 -52.5	6
 -51.5	5
 -50.5	12
 -49.5	8
 -48.5	5
 -47.5	6
 -46.5	7
 -45.5	8.5
 -44.5	6
 -43.5	11
 -42.5	4
 -41.5	3
 -40.5	4
 -39.5	9
 -38.5	8
 -37.5	6
 -36.5	12.5
 -35.5	4
 -34.5	10
 -33.5	5
 -32.5	10
 -31.5	10
 -30.5	9
 -29.5	7
 -28.5	5
 -27.5	9
 -26.5	4
 -25.5	6
 -24.5	7
 -23.5	9
 -22.5	6
 -21.5	6
 -20.5	10
 -19.5	5
 -18.5	5
 -17.5	11
 -16.5	11
 -15.5	5
 -14.5	11
 -13.5	8
 -12.5	6
 -11.5	7
 -10.5	9
  -9.5	7
  -8.5	10
  -7.5	6
  -6.5	7.14286
  -5.5	7
  -4.5	6
  -3.5	11
  -2.5	6
  -1.5	8
  -0.5	14
   0.5	3.5
   1.5	6
   2.5	9
   3.5	9
   4.5	6
   5.5	9
   6.5	11
   7.5	6
   8.5	7
   9.5	12
  10.5	9
  11.5	11
  12.5	7
  13.5	5
  14.5	6
  15.5	5
  16.5	6
  17.5	5
  18.5	7
  19.5	10
  20.5	4
  21.5	8
  22.5	6
  23.5	4
  24.5	9
  25.5	8
  26.5	6
  27.5	8
  28.5	3
  29.5	11
  30.5	4
  31.5	6
  32.5	8
  33.5	9
  34.5	10
  35.5	7
  36.5	7
  37.5	11
  38.5	5
  39.5	6
  40.5	6
  41.5	10
  42.5	10
  43.5	11.5
  44.5	5
  45.5	7
  46.5	5
  47.5	10
  48.5	5
  49.5	5
  50.5	13
  51.5	7
  52.5	3.14286
  53.5	7
  54.5	5
  55.5	7
  56.5	10
  57.5	9
  58.5	6
  59.5	7
  60.5	5
  61.5	7
  62.5	5
  63.5	7
  64.5	8
  65.5	3
  66.5	7
  67.5	7
  68.5	7
  69.5	6
  70.5	4
  71.5	7
  72.5	6
  73.5	7
  74.5	4
  75.5	8
  76.5	10
  77.5	4
  78.5	4
  79.5	10
  80.5	11
  81.5	8
  82.5	6
  83.5	6
  84.5	6
  85.5	10
  86.5	7
  87.5	8
  88.5	7
  89.5	4
  90.5	6
  91.5	8
  92.5	8
  93.5	8
  94.5	10
  95.5	7
  96.5	6
  97.5	7
  98.5	7
  99.5	11
 100.5	9
 101.5	6
 102.5	5
 103.5	6
 104.5	10
 105.5	5
 106.5	4
 107.5	6
 108.5	9
 109.5	5
 110.5	8
 111.5	6
 112.5	2
 113.5	5
 114.5	5
 115.5	3.25
 116.5	12
 117.5	7
 118.5	3
 119.5	7
 120.5	3.14286
 121.5	3
 122.5	11
 123.5	8
 124.5	7
 125.5	5
 126.5	5
 127.5	5
 128.5	7
 129.5	10
 130.5	8
 131.5	9
 132.5	7
 133.5	2.5
 134.5	2
 135.5	8
 136.5	3
 137.5	6
 138.5	7
 139.5	10
 140.5	3
 141.5	3
 142.5	7
 143.5	1
 144.5	7.25
 145.5	10
 146.5	6
 147.5	5
 148.5	7
 149.5	6.14286
 150.5	6
 151.5	9
 152.5	3
 153.5	7
 154.5	9
 155.5	6
 156.5	8
 157.5	10
 158.5	7
 159.5	3
 160.5	6
 161.5	7
 162.5	9
 163.5	8
 164.5	10
 165.5	7
 166.5	4
 167.5	6
 168.5	5
 169.5	4
 170.5	2
 171.5	7
 172.5	8
 173.5	4.25
 174.5	4
 175.5	4
 176.5	4
 177.5	5
 178.5	4
 179.5	7
 180.5	8
 181.5	8
 182.5	9
 183.5	7
 184.5	13
 185.5	4
 186.5	3.33333
 187.5	6
 188.5	5
 189.5	6
 190.5	5
 191.5	13
 192.5	5
 193.5	6.14286
 194.5	7
 195.5	4
 196.5	7
 197.5	9
 198.5	6
 199.5	5
 200.5	6
 201.5	9
 202.5	4.25
 203.5	5
 204.5	2
 205.5	5
 206.5	4
 207.5	8
 208.5	8
 209.5	3
 210.5	8
 211.5	2
 212.5	5
 213.5	4
 214.5	6
 215.5	3
 216.5	7
 217.5	6
 218.5	4
 219.5	4
 220.5	8
 221.5	5
 222.5	5
 223.5	5
 224.5	3
 225.5	10
 226.5	5
 227.5	3
 228.5	7
 229.5	7
 230.5	3
 231.5	3
 232.5	7
 233.5	7
 234.5	8
 235.5	4
 236.5	5
 237.5	8
 238.5	3
 239.5	4.33333
 240.5	5
 241.5	6
 242.5	5
 243.5	7
 244.5	8.5
 245.5	4
 246.5	9
 247.5	8
 248.5	6
 249.5	3
 250.5	6
 251.5	4
 252.5	5
 253.5	4
 254.5	7
 255.5	8.14286
 256.5	6
 257.5	4
 258.5	6
 259.5	5
 260.5	3
 261.5	6
 262.5	5
 263.5	4
 264.5	4
 265.5	6
 266.5	11
 267.5	5
 268.5	8
 269.5	4
 270.5	10
 271.5	2
 272.5	7
 273.5	7
 274.5	7
 275.5	8
 276.5	5
 277.5	6
 278.5	6
 279.5	7
 280.5	3
 281.5	8
 282.5	5
 283.5	7
 284.5	4
 285.5	1
 286.5	11
 287.5	5
 288.5	3
 289.5	4
 290.5	6
 291.5	1
 292.5	6.33333
 293.5	10
 294.5	6.14286
 295.5	2
 296.5	4
 297.5	2
 298.5	8
 299.5	3
 300.5	7.5
 301.5	4
 302.5	2
 303.5	9
 304.5	2
 305.5	7.5
 306.5	10
 307.5	4
 308.5	4
 309.5	2
 310.5	7
 311.5	5
 312.5	4
 313.5	2
 314.5	2
 315.5	7
 316.5	2
 317.5	5
 318.5	5
 319.5	6
 320.5	6
 321.5	5
 322.5	3
 323.5	5
 324.5	5
 325.5	2
 326.5	3
 327.5	6
 328.5	2
 329.5	4
 330.5	4
 331.5	3
 332.5	6
 333.5	6
 334.5	6
 335.5	7
 336.5	7
 337.5	6
 338.5	6
 339.5	1.5
 340.5	7
 341.5	4
 342.5	7
 343.5	10
 344.5	2
 345.5	9
 346.5	7
DB 2 MOTIF	ITF2_HUMAN.H11MO.0.C
-350.0	12.5
-349.0	12
-348.0	9.5
-347.0	9
-346.0	8
-345.0	14
-344.0	5
-343.0	5
-342.0	8
-341.0	9
-340.0	7
-339.0	11
-338.0	13.05
-337.0	7
-336.0	5
-335.0	7
-334.0	12
-333.0	12.5
-332.0	7.5
-331.0	5
-330.0	9
-329.0	9.2
-328.0	11.7
-327.0	6.5
-326.0	4
-325.0	8
-324.0	12
-323.0	4
-322.0	5
-321.0	12
-320.0	10
-319.0	12
-318.0	5
-317.0	11
-316.0	15.5
-315.0	12
-314.0	8.5
-313.0	12
-312.0	11.3333
-311.0	10
-310.0	14
-309.0	9
-308.0	7
-307.0	7
-306.0	7
-305.0	12
-304.0	12
-303.0	7
-302.0	6.05
-301.0	10
-300.0	5.5
-299.0	11
-298.0	10
-297.0	12
-296.0	8
-295.0	7.5
-294.0	8
-293.0	5
-292.0	11
-291.0	9
-290.0	11
-289.0	10
-288.0	7
-287.0	4
-286.0	12
-285.0	8
-284.0	10.5
-283.0	6
-282.0	8
-281.0	7
-280.0	4
-279.0	10
-278.0	19
-277.0	10
-276.0	6
-275.0	7
-274.0	15
-273.0	11.5
-272.0	5
-271.0	13.5
-270.0	10.3333
-269.0	10
-268.0	12.05
-267.0	7
-266.0	8
-265.0	10
-264.0	9
-263.0	12
-262.0	11.5
-261.0	9
-260.0	5
-259.0	13
-258.0	14
-257.0	8
-256.0	8
-255.0	6
-254.0	14
-253.0	8
-252.0	9
-251.0	18
-250.0	9
-249.0	11
-248.0	5
-247.0	5
-246.0	6
-245.0	8
-244.0	11
-243.0	7
-242.0	12
-241.0	9
-240.0	9.5
-239.0	10.5
-238.0	11
-237.0	11
-236.0	7.5
-235.0	4
-234.0	6
-233.0	12.05
-232.0	12
-231.0	15
-230.0	10.5
-229.0	4
-228.0	12.8333
-227.0	12
-226.0	11.4
-225.0	10
-224.0	10
-223.0	9
-222.0	7
-221.0	8
-220.0	11
-219.0	7
-218.0	7
-217.0	7
-216.0	5.5
-215.0	6.5
-214.0	8
-213.0	15
-212.0	9
-211.0	10.5
-210.0	9
-209.0	14
-208.0	9
-207.0	11
-206.0	9
-205.0	13
-204.0	3
-203.0	11
-202.0	9
-201.0	8
-200.0	13
-199.0	7
-198.0	15.55
-197.0	9.5
-196.0	7
-195.0	6
-194.0	9
-193.0	10
-192.0	7
-191.0	12
-190.0	6
-189.0	12
-188.0	6
-187.0	6
-186.0	9.5
-185.0	11.5
-184.0	12
-183.0	6
-182.0	6
-181.0	6
-180.0	16.5
-179.0	8
-178.0	5.5
-177.0	11
-176.0	13
-175.0	6
-174.0	11.2
-173.0	12
-172.0	6
-171.0	11
-170.0	7
-169.0	14
-168.0	7
-167.0	6
-166.0	14
-165.0	12.5
-164.0	5
-163.0	13
-162.0	10.55
-161.0	12
-160.0	2
-159.0	8
-158.0	10
-157.0	10.5
-156.0	6
-155.0	9
-154.0	5
-153.0	9.5
-152.0	8
-151.0	6
-150.0	10
-149.0	4.33333
-148.0	6.5
-147.0	7
-146.0	4
-145.0	6
-144.0	13.5
-143.0	8
-142.0	8
-141.0	12
-140.0	9
-139.0	8.5
-138.0	9
-137.0	11
-136.0	8
-135.0	8
-134.0	8
-133.0	14
-132.0	7
-131.0	13
-130.0	6
-129.0	13
-128.0	11
-127.0	9
-126.0	9.55
-125.0	14
-124.0	1
-123.0	15.2
-122.0	12.2
-121.0	4
-120.0	5
-119.0	8
-118.0	9
-117.0	5
-116.0	9.5
-115.0	10.5
-114.0	9
-113.0	6.5
-112.0	6
-111.0	8
-110.0	4
-109.0	5
-108.0	10
-107.0	12.5
-106.0	11
-105.0	11
-104.0	12
-103.0	6
-102.0	9.5
-101.0	8
-100.0	10
 -99.0	9
 -98.0	11.5
 -97.0	9
 -96.0	7
 -95.0	7
 -94.0	9.5
 -93.0	14
 -92.0	8
 -91.0	5
 -90.0	8.05
 -89.0	12
 -88.0	4
 -87.0	7.5
 -86.0	12
 -85.0	6
 -84.0	13
 -83.0	9
 -82.0	9
 -81.0	11
 -80.0	15
 -79.0	3.5
 -78.0	9
 -77.0	12
 -76.0	9
 -75.0	4
 -74.0	10.5
 -73.0	7
 -72.0	9
 -71.0	10
 -70.0	10.2
 -69.0	6
 -68.0	8
 -67.0	12
 -66.0	10
 -65.0	11
 -64.0	9
 -63.0	6
 -62.0	9
 -61.0	11
 -60.0	17
 -59.0	12
 -58.0	14.125
 -57.0	9.5
 -56.0	11.05
 -55.0	15.3333
 -54.0	4
 -53.0	11
 -52.0	9.5
 -51.0	9
 -50.0	10
 -49.0	12
 -48.0	5
 -47.0	8
 -46.0	11
 -45.0	7
 -44.0	6.5
 -43.0	8
 -42.0	7
 -41.0	7.5
 -40.0	9
 -39.0	12
 -38.0	7
 -37.0	11
 -36.0	12
 -35.0	12
 -34.0	11
 -33.0	11
 -32.0	17
 -31.0	5.5
 -30.0	9.5
 -29.0	11.8333
 -28.0	12
 -27.0	7
 -26.0	16
 -25.0	5
 -24.0	13
 -23.0	10.125
 -22.0	11.05
 -21.0	13
 -20.0	11
 -19.0	8.5
 -18.0	9.5
 -17.0	9
 -16.0	13
 -15.0	10
 -14.0	9
 -13.0	17
 -12.0	5
 -11.0	12.5
 -10.0	7
  -9.0	11
  -8.0	5
  -7.0	16
  -6.0	6
  -5.0	16
  -4.0	13
  -3.0	12.3333
  -2.0	18
  -1.0	8
   0.0	10
   1.0	12
   2.0	14
   3.0	6
   4.0	10
   5.0	12
   6.0	12
   7.0	9
   8.0	7
   9.0	14
  10.0	9
  11.0	8
  12.0	13.175
  13.0	12.5
  14.0	7
  15.0	12
  16.0	4
  17.0	11
  18.0	7
  19.0	15.5
  20.0	7
  21.0	12
  22.0	9
  23.0	13.5
  24.0	11
  25.0	14.2
  26.0	5
  27.0	10
  28.0	11
  29.0	12
  30.0	6.5
  31.0	13
  32.0	11.5
  33.0	10.5
  34.0	10
  35.0	12.5
  36.0	15.5
  37.0	12
  38.0	8
  39.0	5.5
  40.0	9
  41.0	9
  42.0	13.5
  43.0	11
  44.0	11
  45.0	10
  46.0	6
  47.0	12.175
  48.0	7
  49.0	8
  50.0	14
  51.0	9
  52.0	10
  53.0	13
  54.0	10
  55.0	11
  56.0	9
  57.0	7
  58.0	7
  59.0	11
  60.0	5
  61.0	9.25
  62.0	8.5
  63.0	9.5
  64.0	8
  65.0	13
  66.0	13
  67.0	9
  68.0	6
  69.0	9
  70.0	8
  71.0	5
  72.0	14
  73.0	9
  74.0	6.5
  75.0	13
  76.0	12
  77.0	8
  78.0	14
  79.0	14
  80.0	14
  81.0	15.05
  82.0	12.125
  83.0	14
  84.0	6
  85.0	14
  86.0	4
  87.0	9.33333
  88.0	8
  89.0	7
  90.0	11
  91.0	7
  92.0	13
  93.0	15
  94.0	10.25
  95.0	5.5
  96.0	9
  97.0	8
  98.0	11
  99.0	12
 100.0	13
 101.0	9
 102.0	12
 103.0	7.33333
 104.0	11
 105.0	9.5
 106.0	7.5
 107.0	3
 108.0	8
 109.0	13
 110.0	10
 111.0	10
 112.0	9
 113.0	6
 114.0	7
 115.0	11.05
 116.0	4
 117.0	9.125
 118.0	5
 119.0	17.5
 120.0	11.5
 121.0	5
 122.0	9
 123.0	6
 124.0	10.5
 125.0	6.33333
 126.0	10
 127.0	9.25
 128.0	4
 129.0	4.5
 130.0	5
 131.0	15.5
 132.0	7
 133.0	10.5
 134.0	7
 135.0	11
 136.0	16
 137.0	10.5
 138.0	6.5
 139.0	9
 140.0	12
 141.0	11
 142.0	7
 143.0	8
 144.0	9
 145.0	10.5
 146.0	16
 147.0	13
 148.0	4
 149.0	12
 150.0	4.55
 151.0	9
 152.0	4.625
 153.0	9
 154.0	8
 155.0	8
 156.0	10
 157.0	13
 158.0	4
 159.0	12
 160.0	9
 161.0	10
 162.0	7
 163.0	3.33333
 164.0	11.3333
 165.0	8
 166.0	8
 167.0	12
 168.0	9
 169.0	11
 170.0	6.5
 171.0	5.5
 172.0	7
 173.0	8.2
 174.0	8
 175.0	10.5
 176.0	10
 177.0	9
 178.0	7.5
 179.0	7
 180.0	3
 181.0	11
 182.0	7
 183.0	10
 184.0	9
 185.0	9
 186.0	8.05
 187.0	5.125
 188.0	10
 189.0	5
 190.0	10
 191.0	4
 192.0	8
 193.0	5.5
 194.0	9
 195.0	9
 196.0	12
 197.0	4
 198.0	5
 199.0	11
 200.0	10
 201.0	10
 202.0	6
 203.0	6
 204.0	14
 205.0	9
 206.0	6
 207.0	13.5
 208.0	10
 209.0	9
 210.0	3
 211.0	7.5
 212.0	8
 213.0	11
 214.0	9.5
 215.0	11
 216.0	4
 217.0	11
 218.0	10
 219.0	12
 220.0	9.55
 221.0	11
 222.0	7
 223.0	9
 224.0	7
 225.0	3
 226.0	17
 227.0	5.33333
 228.0	4
 229.0	10
 230.0	6
 231.0	8
 232.0	14
 233.0	11.5
 234.0	5
 235.0	11
 236.0	6
 237.0	10
 238.0	4
 239.0	11.5
 240.0	12
 241.0	7
 242.0	13
 243.0	6.25
 244.0	9
 245.0	7
 246.0	4
 247.0	12
 248.0	8
 249.0	7
 250.0	12
 251.0	7
 252.0	11
 253.0	9
 254.0	5
 255.0	11
 256.0	9.05
 257.0	13
 258.0	8
 259.0	4
 260.0	11
 261.0	11
 262.0	7
 263.0	11
 264.0	9
 265.0	5.5
 266.0	9
 267.0	13
 268.0	7.5
 269.0	11
 270.0	10
 271.0	7
 272.0	14
 273.0	6
 274.0	9
 275.0	10.5
 276.0	9
 277.0	12
 278.0	10
 279.0	11
 280.0	8
 281.0	5.5
 282.0	5
 283.0	8
 284.0	10
 285.0	14
 286.0	14
 287.0	8
 288.0	13.3333
 289.0	8
 290.0	5.5
 291.0	6
 292.0	11.8833
 293.0	5
 294.0	8
 295.0	4
 296.0	11
 297.0	10
 298.0	7
 299.0	5
 300.0	10
 301.0	6
 302.0	7
 303.0	7
 304.0	8
 305.0	7
 306.0	11.5
 307.0	10
 308.0	8
 309.0	11
 310.0	8
 311.0	6.5
 312.0	11
 313.0	5
 314.0	7
 315.0	8
 316.0	9
 317.0	8
 318.0	5
 319.0	13
 320.0	5
 321.0	8
 322.0	10
 323.0	7
 324.0	6.5
 325.0	8
 326.0	6
 327.0	10
 328.0	9.05
 329.0	12
 330.0	9
 331.0	8
 332.0	6
 333.0	12
 334.0	5
 335.0	5
 336.0	9
 337.0	15.5
 338.0	13
 339.0	7
 340.0	14
 341.0	12
 342.0	10
 343.0	10
 344.0	8
 345.0	12
 346.0	7
 347.0	8
 348.0	13
 349.0	8
 350.0	7
DB 2 MOTIF	KAISO_HUMAN.H11MO.1.A
-349.5	11
-348.5	5
-347.5	8
-346.5	6
-345.5	7
-344.5	6
-343.5	6
-342.5	4
-341.5	9
-340.5	13
-339.5	7.5
-338.5	10.5
-337.5	10
-336.5	11
-335.5	8
-334.5	11
-333.5	5
-332.5	4
-331.5	6
-330.5	8.5
-329.5	8.5
-328.5	11
-327.5	9
-326.5	11
-325.5	4.5
-324.5	12.5
-323.5	7.33333
-322.5	11
-321.5	5
-320.5	4
-319.5	7.5
-318.5	4
-317.5	6
-316.5	4
-315.5	8
-314.5	7
-313.5	5
-312.5	5
-311.5	8
-310.5	9
-309.5	4
-308.5	12
-307.5	3
-306.5	10
-305.5	2.5
-304.5	8
-303.5	11
-302.5	7
-301.5	11
-300.5	5
-299.5	7
-298.5	6.42424
-297.5	4.5
-296.5	3
-295.5	9
-294.5	9
-293.5	7
-292.5	6
-291.5	11
-290.5	5
-289.5	6
-288.5	3
-287.5	5
-286.5	8
-285.5	9
-284.5	9
-283.5	5
-282.5	5
-281.5	6.5
-280.5	7.33333
-279.5	4.5
-278.5	6
-277.5	6
-276.5	12.3333
-275.5	11.5
-274.5	5
-273.5	5
-272.5	9.5
-271.5	7
-270.5	7.5
-269.5	4
-268.5	6
-267.5	7.5
-266.5	6
-265.5	6
-264.5	7.59091
-263.5	6.5
-262.5	6
-261.5	3
-260.5	5
-259.5	6
-258.5	9
-257.5	6
-256.5	4
-255.5	10
-254.5	8
-253.5	9
-252.5	5.2
-251.5	9
-250.5	12
-249.5	10
-248.5	6
-247.5	7
-246.5	5
-245.5	6
-244.5	13
-243.5	5.2
-242.5	6
-241.5	5
-240.5	5.5
-239.5	12
-238.5	13
-237.5	8
-236.5	3
-235.5	8
-234.5	8.2
-233.5	12.5
-232.5	10.5
-231.5	6
-230.5	5
-229.5	10.0909
-228.5	7
-227.5	7.5
-226.5	7.5
-225.5	10.454
-224.5	9
-223.5	9
-222.5	6
-221.5	8.5
-220.5	8
-219.5	11
-218.5	2
-217.5	5
-216.5	8.2
-215.5	8.5
-214.5	5
-213.5	8
-212.5	8
-211.5	7.64286
-210.5	12.5
-209.5	11
-208.5	4
-207.5	10
-206.5	4
-205.5	5
-204.5	5
-203.5	8
-202.5	5
-201.5	8
-200.5	16
-199.5	4
-198.5	8.5
-197.5	3.64286
-196.5	8
-195.5	5.5
-194.5	5.5
-193.5	14
-192.5	6
-191.5	4
-190.5	6
-189.5	7
-188.5	3.5
-187.5	5
-186.5	7
-185.5	8.11111
-184.5	15
-183.5	8.64286
-182.5	2.5
-181.5	7
-180.5	6
-179.5	6.5
-178.5	10.0833
-177.5	9
-176.5	7
-175.5	7
-174.5	4
-173.5	5
-172.5	4
-171.5	8
-170.5	5
-169.5	9.14286
-168.5	7
-167.5	9
-166.5	10
-165.5	10
-164.5	3
-163.5	12
-162.5	12
-161.5	6
-160.5	6.33333
-159.5	10
-158.5	8.5
-157.5	7.5
-156.5	12
-155.5	5.14286
-154.5	8
-153.5	7
-152.5	8
-151.5	11
-150.5	10
-149.5	5
-148.5	5
-147.5	5
-146.5	6
-145.5	13.6111
-144.5	5
-143.5	8
-142.5	6
-141.5	5
-140.5	8
-139.5	7
-138.5	6
-137.5	8
-136.5	7
-135.5	6
-134.5	7
-133.5	8
-132.5	6
-131.5	8.33333
-130.5	8
-129.5	6
-128.5	5
-127.5	6
-126.5	4
-125.5	9
-124.5	7
-123.5	9
-122.5	4
-121.5	6
-120.5	13.5
-119.5	8.5
-118.5	2.14286
-117.5	4.25
-116.5	8
-115.5	13
-114.5	10
-113.5	8
-112.5	7
-111.5	13
-110.5	13
-109.5	10.5
-108.5	10
-107.5	7.33333
-106.5	2
-105.5	8.11111
-104.5	11
-103.5	4
-102.5	3
-101.5	7
-100.5	7
 -99.5	2
 -98.5	12.5
 -97.5	6.5
 -96.5	5
 -95.5	5.5
 -94.5	6.5
 -93.5	3
 -92.5	7
 -91.5	15
 -90.5	9.5
 -89.5	9
 -88.5	7
 -87.5	7.5
 -86.5	8.59091
 -85.5	5.5
 -84.5	12
 -83.5	5.33333
 -82.5	5
 -81.5	9
 -80.5	11
 -79.5	7
 -78.5	6
 -77.5	8
 -76.5	5
 -75.5	6.2
 -74.5	10
 -73.5	7
 -72.5	4
 -71.5	4
 -70.5	8
 -69.5	9
 -68.5	6
 -67.5	5
 -66.5	4
 -65.5	6.61111
 -64.5	7
 -63.5	9
 -62.5	10
 -61.5	6
 -60.5	7
 -59.5	5
 -58.5	4
 -57.5	4
 -56.5	2
 -55.5	12
 -54.5	8
 -53.5	8
 -52.5	6.09091
 -51.5	5.33333
 -50.5	8
 -49.5	6.5
 -48.5	5
 -47.5	4
 -46.5	9
 -45.5	10
 -44.5	12
 -43.5	9
 -42.5	13
 -41.5	9
 -40.5	4
 -39.5	10
 -38.5	9.2
 -37.5	10
 -36.5	4
 -35.5	9
 -34.5	20
 -33.5	10.5
 -32.5	11.5
 -31.5	9
 -30.5	4
 -29.5	8
 -28.5	11
 -27.5	6
 -26.5	4
 -25.5	8
 -24.5	6
 -23.5	11
 -22.5	3
 -21.5	10
 -20.5	6
 -19.5	5
 -18.5	12.0909
 -17.5	12
 -16.5	6.5
 -15.5	7
 -14.5	6
 -13.5	9
 -12.5	8
 -11.5	12
 -10.5	10
  -9.5	12
  -8.5	7.5
  -7.5	3.33333
  -6.5	17
  -5.5	10
  -4.5	6
  -3.5	4
  -2.5	9
  -1.5	10.2
  -0.5	8
   0.5	8
   1.5	6
   2.5	14.5
   3.5	8
   4.5	5
   5.5	9.5
   6.5	9
   7.5	6
   8.5	10
   9.5	8
  10.5	4
  11.5	6
  12.5	7
  13.5	5
  14.5	4.11111
  15.5	8.09091
  16.5	11
  17.5	10
  18.5	14
  19.5	5
  20.5	3
  21.5	8
  22.5	6
  23.5	10
  24.5	10
  25.5	8
  26.5	11
  27.5	8
  28.5	3
  29.5	8.5
  30.5	9
  31.5	10
  32.5	12
  33.5	8
  34.5	9
  35.5	11.2
  36.5	9
  37.5	7
  38.5	4.5
  39.5	10.5
  40.5	9
  41.5	8.5
  42.5	11
  43.5	12.5
  44.5	8
  45.5	18
  46.5	12.5
  47.5	10
  48.5	12
  49.5	10.5
  50.5	7.09091
  51.5	5
  52.5	7
  53.5	6
  54.5	10.1111
  55.5	5
  56.5	10
  57.5	12
  58.5	7.5
  59.5	9
  60.5	9
  61.5	5
  62.5	7
  63.5	7
  64.5	2
  65.5	9
  66.5	5
  67.5	11
  68.5	12.3333
  69.5	10
  70.5	5
  71.5	2
  72.5	5.53333
  73.5	5
  74.5	9
  75.5	6
  76.5	4.5
  77.5	7
  78.5	8
  79.5	13
  80.5	8
  81.5	11
  82.5	3.5
  83.5	13.5
  84.5	9.09091
  85.5	4
  86.5	7
  87.5	9
  88.5	10
  89.5	10
  90.5	5.5
  91.5	5
  92.5	7
  93.5	5
  94.5	10
  95.5	8
  96.5	4
  97.5	12
  98.5	5
  99.5	5
 100.5	9.5
 101.5	7.5
 102.5	11
 103.5	4
 104.5	9
 105.5	6
 106.5	11
 107.5	6
 108.5	6
 109.5	14
 110.5	11
 111.5	7
 112.5	7
 113.5	2
 114.5	7
 115.5	7.33333
 116.5	5
 117.5	11
 118.5	9.09091
 119.5	8
 120.5	10
 121.5	6
 122.5	4
 123.5	9
 124.5	5
 125.5	9.2
 126.5	9
 127.5	6
 128.5	11
 129.5	5
 130.5	7
 131.5	12
 132.5	2
 133.5	9
 134.5	5.11111
 135.5	4
 136.5	2.5
 137.5	4.5
 138.5	6
 139.5	3
 140.5	6.33333
 141.5	4
 142.5	4
 143.5	7
 144.5	6
 145.5	9
 146.5	5
 147.5	5
 148.5	7
 149.5	6.5
 150.5	5
 151.5	8
 152.5	5
 153.5	8
 154.5	11
 155.5	9
 156.5	8.5
 157.5	5
 158.5	11
 159.5	6
 160.5	11
 161.5	8
 162.5	7.2
 163.5	8.33333
 164.5	10
 165.5	7
 166.5	9
 167.5	8
 168.5	9
 169.5	5
 170.5	7
 171.5	7
 172.5	4
 173.5	3
 174.5	7
 175.5	7
 176.5	6
 177.5	10
 178.5	9
 179.5	8
 180.5	14
 181.5	4.11111
 182.5	9
 183.5	6
 184.5	5
 185.5	4
 186.5	8
 187.5	6.25
 188.5	7
 189.5	7.09091
 190.5	3
 191.5	7
 192.5	6
 193.5	5
 194.5	8
 195.5	8
 196.5	9
 197.5	9
 198.5	7
 199.5	4.2
 200.5	9
 201.5	7
 202.5	7
 203.5	3
 204.5	7
 205.5	7.5
 206.5	3
 207.5	13
 208.5	10
 209.5	3
 210.5	6
 211.5	9
 212.5	8
 213.5	9
 214.5	8.5
 215.5	10
 216.5	10
 217.5	7
 218.5	9.5
 219.5	9
 220.5	3
 221.5	6.5
 222.5	9
 223.5	5
 224.5	8.5
 225.5	3
 226.5	5
 227.5	4
 228.5	7
 229.5	6
 230.5	10
 231.5	3
 232.5	8
 233.5	4
 234.5	12.5
 235.5	10
 236.5	8.2
 237.5	9
 238.5	11
 239.5	5
 240.5	5
 241.5	10
 242.5	5
 243.5	8
 244.5	8
 245.5	5
 246.5	4
 247.5	5
 248.5	8.75
 249.5	12.5
 250.5	12.5
 251.5	10
 252.5	11
 253.5	6
 254.5	10.5
 255.5	7
 256.5	6
 257.5	9
 258.5	8
 259.5	8
 260.5	4
 261.5	15
 262.5	4
 263.5	10
 264.5	5
 265.5	6
 266.5	6
 267.5	13
 268.5	12.5
 269.5	9.5
 270.5	7
 271.5	6
 272.5	9
 273.5	5.2
 274.5	6
 275.5	13
 276.5	9.5
 277.5	9
 278.5	8
 279.5	10
 280.5	7
 281.5	4
 282.5	5
 283.5	6
 284.5	4
 285.5	7
 286.5	7
 287.5	3
 288.5	11
 289.5	7.33333
 290.5	6
 291.5	8
 292.5	8
 293.5	6.5
 294.5	10.5
 295.5	3
 296.5	8
 297.5	6
 298.5	8
 299.5	6
 300.5	7
 301.5	11.5
 302.5	7
 303.5	7
 304.5	9
 305.5	7
 306.5	8
 307.5	5
 308.5	11
 309.5	7
 310.5	6
 311.5	7
 312.5	5
 313.5	6
 314.5	7
 315.5	6
 316.5	9.5
 317.5	6
 318.5	9
 319.5	7
 320.5	6
 321.5	7
 322.5	9.33333
 323.5	7
 324.5	7
 325.5	9
 326.5	10
 327.5	8
 328.5	13
 329.5	10
 330.5	4
 331.5	8
 332.5	9
 333.5	10
 334.5	4
 335.5	9
 336.5	8
 337.5	8
 338.5	4
 339.5	8
 340.5	8
 341.5	5
 342.5	6
 343.5	6
 344.5	5
 345.5	9
 346.5	14
 347.5	4
 348.5	7
 349.5	6
DB 2 MOTIF	MBD2_HUMAN.H11MO.0.B
-349.5	4
-348.5	4
-347.5	1
-346.5	3
-345.5	5
-344.5	3
-343.5	9
-342.5	11
-341.5	8
-340.5	4
-339.5	5
-338.5	2
-337.5	3
-336.5	7
-335.5	3
-334.5	2
-333.5	7.5
-332.5	8.5
-331.5	6
-330.5	7.33333
-329.5	2.07143
-328.5	6
-327.5	7
-326.5	6
-325.5	4
-324.5	6
-323.5	4.33333
-322.5	8
-321.5	6
-320.5	2.5
-319.5	10.5
-318.5	9
-317.5	5
-316.5	5.33333
-315.5	11
-314.5	6
-313.5	5
-312.5	10
-311.5	6
-310.5	9
-309.5	4
-308.5	3.5
-307.5	5.33333
-306.5	7
-305.5	2
-304.5	7
-303.5	2.33333
-302.5	2.5
-301.5	5
-300.5	3
-299.5	10
-298.5	6
-297.5	3
-296.5	7.5
-295.5	2
-294.5	8
-293.5	6
-292.5	5
-291.5	7
-290.5	9
-289.5	6
-288.5	6
-287.5	8
-286.5	3.5
-285.5	6
-284.5	5
-283.5	10
-282.5	7
-281.5	3
-280.5	3.83333
-279.5	5
-278.5	4.07143
-277.5	5
-276.5	5
-275.5	4
-274.5	6
-273.5	2
-272.5	5
-271.5	4
-270.5	4
-269.5	8
-268.5	8
-267.5	7
-266.5	5
-265.5	4
-264.5	3
-263.5	10
-262.5	6
-261.5	13
-260.5	12
-259.5	2
-258.5	7
-257.5	8
-256.5	10.5
-255.5	13.5
-254.5	10
-253.5	5
-252.5	5
-251.5	8
-250.5	4
-249.5	8
-248.5	5
-247.5	11
-246.5	9
-245.5	5
-244.5	6.5
-243.5	10
-242.5	4.5
-241.5	8.5
-240.5	7
-239.5	9
-238.5	5
-237.5	5
-236.5	8.5
-235.5	4
-234.5	3.5
-233.5	4
-232.5	6
-231.5	9
-230.5	4.5
-229.5	9.5
-228.5	13
-227.5	7.07143
-226.5	8.25
-225.5	8.5
-224.5	12.5
-223.5	8.5
-222.5	9
-221.5	2
-220.5	7
-219.5	4
-218.5	9.33333
-217.5	6
-216.5	6.5
-215.5	11
-214.5	7
-213.5	11.5
-212.5	14
-211.5	6
-210.5	8
-209.5	8
-208.5	2.5
-207.5	6
-206.5	6.5
-205.5	4
-204.5	7
-203.5	9
-202.5	5.5
-201.5	2.5
-200.5	8.5
-199.5	4
-198.5	8
-197.5	8
-196.5	6.5
-195.5	4
-194.5	7.5
-193.5	5.5
-192.5	7
-191.5	3.5
-190.5	7.5
-189.5	6
-188.5	9
-187.5	9
-186.5	6
-185.5	6.5
-184.5	9
-183.5	6
-182.5	7.25
-181.5	7.5
-180.5	15
-179.5	5
-178.5	8
-177.5	11
-176.5	6.07143
-175.5	2
-174.5	0
-173.5	12
-172.5	8
-171.5	9
-170.5	7
-169.5	3
-168.5	7
-167.5	6
-166.5	4
-165.5	2
-164.5	7
-163.5	7.5
-162.5	11
-161.5	3
-160.5	3
-159.5	4
-158.5	5
-157.5	10
-156.5	7
-155.5	6.5
-154.5	1
-153.5	10
-152.5	6
-151.5	6
-150.5	9
-149.5	11.3333
-148.5	2
-147.5	5
-146.5	4
-145.5	6
-144.5	3
-143.5	7
-142.5	7
-141.5	6
-140.5	7
-139.5	9
-138.5	4
-137.5	8
-136.5	4
-135.5	8
-134.5	5
-133.5	7.5
-132.5	4
-131.5	7
-130.5	8
-129.5	7.83333
-128.5	11
-127.5	2
-126.5	11
-125.5	2.07143
-124.5	8
-123.5	5
-122.5	9
-121.5	7
-120.5	12
-119.5	5
-118.5	2.5
-117.5	8
-116.5	10
-115.5	3.5
-114.5	11.5
-113.5	9.07692
-112.5	4
-111.5	9.5
-110.5	10.5
-109.5	2
-108.5	3.5
-107.5	11.5
-106.5	9
-105.5	9
-104.5	9
-103.5	5
-102.5	6
-101.5	5.33333
-100.5	6.5
 -99.5	6.5
 -98.5	7.5
 -97.5	3
 -96.5	5.5
 -95.5	6.5
 -94.5	12.75
 -93.5	11.5
 -92.5	7.5
 -91.5	8
 -90.5	6
 -89.5	5
 -88.5	8
 -87.5	4
 -86.5	13
 -85.5	4
 -84.5	7.5
 -83.5	9.5
 -82.5	3
 -81.5	9
 -80.5	9
 -79.5	9.07692
 -78.5	4
 -77.5	8
 -76.5	10
 -75.5	8
 -74.5	6.07143
 -73.5	10
 -72.5	7
 -71.5	9
 -70.5	4
 -69.5	10.5
 -68.5	10.5
 -67.5	8.5
 -66.5	8
 -65.5	10
 -64.5	1
 -63.5	16
 -62.5	6
 -61.5	11
 -60.5	6
 -59.5	9
 -58.5	6
 -57.5	10
 -56.5	9
 -55.5	6
 -54.5	6
 -53.5	10.3333
 -52.5	7
 -51.5	13
 -50.5	9.25
 -49.5	8
 -48.5	4
 -47.5	3
 -46.5	11
 -45.5	8
 -44.5	9
 -43.5	7.5
 -42.5	11
 -41.5	7.5
 -40.5	4.5
 -39.5	13
 -38.5	4.5
 -37.5	16.5
 -36.5	10
 -35.5	14
 -34.5	12
 -33.5	6
 -32.5	5
 -31.5	10.25
 -30.5	11.75
 -29.5	9
 -28.5	9
 -27.5	10
 -26.5	6
 -25.5	7.25
 -24.5	10.25
 -23.5	7.57143
 -22.5	7
 -21.5	8.5
 -20.5	4.5
 -19.5	8
 -18.5	7
 -17.5	4
 -16.5	9
 -15.5	13
 -14.5	6.07692
 -13.5	8.5
 -12.5	8.5
 -11.5	11
 -10.5	6
  -9.5	11
  -8.5	6
  -7.5	7
  -6.5	14
  -5.5	7
  -4.5	7
  -3.5	8
  -2.5	10
  -1.5	4
  -0.5	10.5
   0.5	9.5
   1.5	8
   2.5	13.5
   3.5	12
   4.5	3
   5.5	4
   6.5	8
   7.5	5
   8.5	9
   9.5	9
  10.5	5
  11.5	13
  12.5	12
  13.5	5
  14.5	10
  15.5	13.0769
  16.5	4.5
  17.5	13.5
  18.5	8
  19.5	5.5
  20.5	10.5
  21.5	10
  22.5	5
  23.5	3
  24.5	4
  25.5	5.5
  26.5	9.5
  27.5	8.07143
  28.5	8
  29.5	6
  30.5	7.33333
  31.5	6
  32.5	7.5
  33.5	8.5
  34.5	6
  35.5	8
  36.5	4
  37.5	8.5
  38.5	6
  39.5	12
  40.5	8.5
  41.5	4
  42.5	1
  43.5	9.5
  44.5	7
  45.5	9
  46.5	9
  47.5	6
  48.5	6.5
  49.5	2
  50.5	10
  51.5	5
  52.5	6
  53.5	9
  54.5	7
  55.5	6
  56.5	10
  57.5	13.5
  58.5	10.5
  59.5	10
  60.5	7.5
  61.5	6.5
  62.5	11.5
  63.5	5.5
  64.5	7.5
  65.5	9
  66.5	7
  67.5	4.5
  68.5	6
  69.5	6
  70.5	6
  71.5	7
  72.5	4.5
  73.5	10
  74.5	7
  75.5	4
  76.5	5
  77.5	8
  78.5	7.07143
  79.5	9
  80.5	9.07692
  81.5	5
  82.5	5.5
  83.5	6.5
  84.5	9
  85.5	5
  86.5	11
  87.5	7
  88.5	9
  89.5	4.5
  90.5	9.5
  91.5	10.3333
  92.5	5
  93.5	5
  94.5	5.5
  95.5	15.5
  96.5	2.5
  97.5	8.5
  98.5	5
  99.5	5
 100.5	8
 101.5	5
 102.5	6
 103.5	10.5
 104.5	7
 105.5	4
 106.5	9
 107.5	4
 108.5	9
 109.5	6
 110.5	7.5
 111.5	7.5
 112.5	4
 113.5	10
 114.5	7.07692
 115.5	10
 116.5	5
 117.5	5
 118.5	7
 119.5	7
 120.5	7.5
 121.5	10
 122.5	8
 123.5	3
 124.5	5
 125.5	5
 126.5	4
 127.5	4
 128.5	10
 129.5	8.57143
 130.5	8
 131.5	10.3333
 132.5	5
 133.5	6
 134.5	4.5
 135.5	7.5
 136.5	8
 137.5	7.33333
 138.5	6
 139.5	8
 140.5	5
 141.5	5
 142.5	6.5
 143.5	7.83333
 144.5	10
 145.5	8.57692
 146.5	4
 147.5	11
 148.5	10
 149.5	6
 150.5	6
 151.5	8
 152.5	7.33333
 153.5	8
 154.5	5
 155.5	7
 156.5	6
 157.5	5
 158.5	5
 159.5	2
 160.5	11
 161.5	3
 162.5	5
 163.5	5
 164.5	9
 165.5	7
 166.5	8
 167.5	9
 168.5	7
 169.5	3
 170.5	5.5
 171.5	3
 172.5	4
 173.5	7.25
 174.5	6.25
 175.5	3.5
 176.5	4
 177.5	11
 178.5	10.25
 179.5	8.32692
 180.5	3.32143
 181.5	9
 182.5	4.5
 183.5	6
 184.5	5.5
 185.5	5
 186.5	3
 187.5	4
 188.5	4
 189.5	6
 190.5	8
 191.5	3.5
 192.5	9
 193.5	6
 194.5	5
 195.5	8
 196.5	6
 197.5	9
 198.5	9
 199.5	7
 200.5	6
 201.5	9
 202.5	8
 203.5	6
 204.5	8
 205.5	5
 206.5	6
 207.5	5
 208.5	5
 209.5	4
 210.5	5
 211.5	5
 212.5	5
 213.5	3.07692
 214.5	7.5
 215.5	4
 216.5	3
 217.5	9.5
 218.5	7.5
 219.5	5
 220.5	5
 221.5	1
 222.5	5
 223.5	6
 224.5	5
 225.5	4
 226.5	8
 227.5	6
 228.5	9.75
 229.5	6
 230.5	3
 231.5	9.57143
 232.5	9
 233.5	6
 234.5	5
 235.5	3
 236.5	8
 237.5	4.5
 238.5	6
 239.5	9.5
 240.5	7
 241.5	8
 242.5	2
 243.5	2
 244.5	1.07692
 245.5	10
 246.5	6
 247.5	8.5
 248.5	3.5
 249.5	7
 250.5	3
 251.5	5
 252.5	8
 253.5	4
 254.5	4
 255.5	2
 256.5	9
 257.5	7
 258.5	11
 259.5	6
 260.5	6
 261.5	6
 262.5	4
 263.5	3
 264.5	5.5
 265.5	2
 266.5	4
 267.5	5
 268.5	9
 269.5	6
 270.5	3
 271.5	3
 272.5	5
 273.5	10
 274.5	3
 275.5	4
 276.5	7
 277.5	5
 278.5	5.32692
 279.5	8
 280.5	2
 281.5	8
 282.5	10.0714
 283.5	9.5
 284.5	12
 285.5	6
 286.5	9.5
 287.5	2
 288.5	1
 289.5	5
 290.5	5
 291.5	5
 292.5	5
 293.5	4
 294.5	9.5
 295.5	5
 296.5	3
 297.5	2
 298.5	7.5
 299.5	9
 300.5	2.5
 301.5	6
 302.5	2
 303.5	5.5
 304.5	6
 305.5	5
 306.5	3
 307.5	3
 308.5	0.333333
 309.5	2
 310.5	8
 311.5	4
 312.5	7.07692
 313.5	7
 314.5	7
 315.5	9
 316.5	10
 317.5	2
 318.5	4
 319.5	3
 320.5	9.33333
 321.5	7
 322.5	10
 323.5	8
 324.5	5
 325.5	3.33333
 326.5	5.5
 327.5	9
 328.5	5.25
 329.5	6
 330.5	5
 331.5	6
 332.5	7.33333
 333.5	2.07143
 334.5	10
 335.5	9
 336.5	9
 337.5	4
 338.5	6
 339.5	6
 340.5	6
 341.5	2
 342.5	5
 343.5	5
 344.5	3
 345.5	1
 346.5	3.07692
 347.5	8
 348.5	2
 349.5	8
DB 2 MOTIF	MECP2_HUMAN.H11MO.0.C
-351.5	7.03333
-350.5	5.5
-349.5	8.2
-348.5	5.67619
-347.5	5.5
-346.5	7.25
-345.5	3.33333
-344.5	7.33333
-343.5	7
-342.5	5.33333
-341.5	8
-340.5	11.5
-339.5	6.33333
-338.5	3.83333
-337.5	10
-336.5	4.33333
-335.5	5.66667
-334.5	3.66667
-333.5	10.5
-332.5	5.83333
-331.5	6.5
-330.5	4.83333
-329.5	4
-328.5	2.33333
-327.5	7.5
-326.5	1.5
-325.5	7.5
-324.5	9.5
-323.5	4.83333
-322.5	7.83333
-321.5	5.83333
-320.5	3.5
-319.5	4.83333
-318.5	7
-317.5	3.625
-316.5	6.33333
-315.5	6.5
-314.5	10.8333
-313.5	9.33333
-312.5	6.33333
-311.5	6.5
-310.5	6.75
-309.5	4.83333
-308.5	9.78333
-307.5	7.36667
-306.5	4.125
-305.5	11.875
-304.5	2.75
-303.5	5.5
-302.5	6.25
-301.5	4.33333
-300.5	10
-299.5	7.83333
-298.5	4.33333
-297.5	1.66667
-296.5	9
-295.5	6.5
-294.5	5.16667
-293.5	3.33333
-292.5	6.16667
-291.5	5.2
-290.5	8.53333
-289.5	6
-288.5	11.6667
-287.5	4.825
-286.5	4.2
-285.5	12
-284.5	8.64286
-283.5	6
-282.5	8.5
-281.5	7.66667
-280.5	7.83333
-279.5	7
-278.5	10.3333
-277.5	4.16667
-276.5	9.08333
-275.5	6
-274.5	8
-273.5	8
-272.5	2.5
-271.5	12.5833
-270.5	6.5
-269.5	5.86667
-268.5	11.3333
-267.5	3
-266.5	7
-265.5	8.58333
-264.5	9.5
-263.5	7.75
-262.5	6.75
-261.5	8
-260.5	5.83333
-259.5	9.5
-258.5	7
-257.5	8.04167
-256.5	8.33333
-255.5	9.33333
-254.5	7.83333
-253.5	3.25
-252.5	6.16667
-251.5	8.83333
-250.5	9
-249.5	5.5
-248.5	8.5
-247.5	5.33333
-246.5	4.83333
-245.5	10.3333
-244.5	7.83333
-243.5	5.9
-242.5	8.53333
-241.5	6.7
-240.5	7.7
-239.5	8.08333
-238.5	10.75
-237.5	5.5
-236.5	7.5
-235.5	7.5
-234.5	7.5
-233.5	6
-232.5	9.58333
-231.5	5.25
-230.5	5
-229.5	5.66667
-228.5	4.5
-227.5	7.125
-226.5	5.83333
-225.5	12
-224.5	8.33333
-223.5	4
-222.5	4.33333
-221.5	9.33333
-220.5	8.83333
-219.5	7.16667
-218.5	4.83333
-217.5	7.75
-216.5	12
-215.5	8.5
-214.5	9.5
-213.5	7
-212.5	7
-211.5	5
-210.5	8
-209.5	5.03333
-208.5	14.6667
-207.5	7.83333
-206.5	4.5
-205.5	11
-204.5	7.5
-203.5	10
-202.5	9.83333
-201.5	8.83333
-200.5	4.75
-199.5	7
-198.5	4.5
-197.5	7.95833
-196.5	8.25
-195.5	7.5
-194.5	8
-193.5	1.83333
-192.5	7
-191.5	5.16667
-190.5	6.5
-189.5	3.75
-188.5	11.25
-187.5	10
-186.5	14.5
-185.5	8
-184.5	9
-183.5	10.1667
-182.5	7.5
-181.5	11.5
-180.5	8.5
-179.5	7
-178.5	13.3333
-177.5	6
-176.5	9
-175.5	8.33333
-174.5	7
-173.5	4.5
-172.5	8.83333
-171.5	7
-170.5	4.33333
-169.5	4
-168.5	6.5
-167.5	6.625
-166.5	9.5
-165.5	9.33333
-164.5	5.36667
-163.5	7.53333
-162.5	9.83333
-161.5	8
-160.5	4.2
-159.5	7.5
-158.5	6.33333
-157.5	4.5
-156.5	5.86667
-155.5	6
-154.5	4.64286
-153.5	5.66667
-152.5	5.75
-151.5	3.25
-150.5	8.83333
-149.5	5.2
-148.5	5.5
-147.5	5.83333
-146.5	7.83333
-145.5	6.83333
-144.5	16.5
-143.5	5.33333
-142.5	5.5
-141.5	10.2
-140.5	7.5
-139.5	5.58333
-138.5	7
-137.5	6.125
-136.5	12.5
-135.5	5.91667
-134.5	6.83333
-133.5	8.16667
-132.5	5
-131.5	6.83333
-130.5	10
-129.5	6.5
-128.5	3.33333
-127.5	5.5
-126.5	2.5
-125.5	6.08333
-124.5	7.33333
-123.5	7.33333
-122.5	12
-121.5	9.33333
-120.5	10.1667
-119.5	9
-118.5	11.5
-117.5	13.3333
-116.5	7
-115.5	10.5833
-114.5	11.25
-113.5	5.7
-112.5	10.2436
-111.5	8.16667
-110.5	7.75
-109.5	9.83333
-108.5	7.25
-107.5	11.4583
-106.5	13.5
-105.5	10.3333
-104.5	7
-103.5	3.41667
-102.5	8.08333
-101.5	11.0833
-100.5	6.83333
 -99.5	9.83333
 -98.5	9.5
 -97.5	6
 -96.5	6.33333
 -95.5	4.83333
 -94.5	10.5
 -93.5	6.33333
 -92.5	9.5
 -91.5	7.83333
 -90.5	7.83333
 -89.5	6.83333
 -88.5	5.83333
 -87.5	7
 -86.5	9.66667
 -85.5	2.5
 -84.5	7.66667
 -83.5	12.3333
 -82.5	6.83333
 -81.5	9
 -80.5	6.83333
 -79.5	8
 -78.5	5.07692
 -77.5	9.5
 -76.5	5.83333
 -75.5	8.08333
 -74.5	11.75
 -73.5	10.1667
 -72.5	17.3333
 -71.5	6.33333
 -70.5	10.1667
 -69.5	4.58333
 -68.5	10.8333
 -67.5	8.83333
 -66.5	9
 -65.5	10.3333
 -64.5	9.83333
 -63.5	12.95
 -62.5	5.83333
 -61.5	6
 -60.5	7.5
 -59.5	8.7
 -58.5	9.33333
 -57.5	10.5833
 -56.5	6
 -55.5	8.33333
 -54.5	13.5333
 -53.5	4.25
 -52.5	10.8333
 -51.5	9
 -50.5	12.5
 -49.5	7.5
 -48.5	7.25
 -47.5	9
 -46.5	9
 -45.5	9
 -44.5	8.33333
 -43.5	10.8333
 -42.5	5.33333
 -41.5	8.5
 -40.5	8
 -39.5	13.3333
 -38.5	10
 -37.5	7
 -36.5	12
 -35.5	8.08333
 -34.5	8.16667
 -33.5	13.3333
 -32.5	8.5
 -31.5	6.9
 -30.5	7.7
 -29.5	11.5
 -28.5	8.83333
 -27.5	8.5
 -26.5	10
 -25.5	8
 -24.5	14.5
 -23.5	7.5
 -22.5	2.83333
 -21.5	11.1667
 -20.5	11.8333
 -19.5	7.33333
 -18.5	9.83333
 -17.5	8.5
 -16.5	13.75
 -15.5	10.5833
 -14.5	8.33333
 -13.5	9.91026
 -12.5	3
 -11.5	4.33333
 -10.5	6.83333
  -9.5	5
  -8.5	11.8333
  -7.5	9.5
  -6.5	8.66667
  -5.5	6.5
  -4.5	12.5
  -3.5	7
  -2.5	16.8333
  -1.5	13
  -0.5	13.5
   0.5	9
   1.5	13
   2.5	12.75
   3.5	11.75
   4.5	11
   5.5	6.83333
   6.5	7
   7.5	8.16667
   8.5	3.5
   9.5	8
  10.5	9
  11.5	9.5
  12.5	9
  13.5	6.5
  14.5	9.86667
  15.5	12.8333
  16.5	11.0769
  17.5	12.3333
  18.5	6.16667
  19.5	16.8333
  20.5	12.5
  21.5	4.33333
  22.5	9.66667
  23.5	8
  24.5	9
  25.5	4.33333
  26.5	9.5
  27.5	14.5
  28.5	8
  29.5	8.5
  30.5	11.3333
  31.5	9
  32.5	12.3333
  33.5	11
  34.5	7.5
  35.5	4
  36.5	6
  37.5	9
  38.5	8
  39.5	8.64286
  40.5	9.58333
  41.5	11.8333
  42.5	4
  43.5	7.7
  44.5	6.5
  45.5	7.16667
  46.5	10.5
  47.5	10
  48.5	13.0833
  49.5	6.25
  50.5	4.5
  51.5	6.7
  52.5	11
  53.5	7.16667
  54.5	5.5
  55.5	4.5
  56.5	12.6667
  57.5	12.5
  58.5	11
  59.5	13.3333
  60.5	5
  61.5	6
  62.5	7
  63.5	10.3333
  64.5	4.2
  65.5	5.95
  66.5	6
  67.5	5.5
  68.5	12.2
  69.5	7.95833
  70.5	5.5
  71.5	1.83333
  72.5	3.5
  73.5	7
  74.5	4.5
  75.5	5
  76.5	8.16667
  77.5	10.75
  78.5	7.83333
  79.5	5.75
  80.5	6.33333
  81.5	6.74359
  82.5	9
  83.5	6.33333
  84.5	5.33333
  85.5	5.5
  86.5	11.6667
  87.5	10.5
  88.5	7.83333
  89.5	12.5
  90.5	5.33333
  91.5	10.75
  92.5	13.75
  93.5	3.25
  94.5	10.8333
  95.5	4.25
  96.5	10.2
  97.5	12
  98.5	11.1667
  99.5	2.5
 100.5	11
 101.5	7.25
 102.5	5.08333
 103.5	6.33333
 104.5	10.8333
 105.5	8.25
 106.5	5.625
 107.5	10.5
 108.5	5.83333
 109.5	11.8333
 110.5	12
 111.5	6.5
 112.5	4
 113.5	4.58333
 114.5	11.6667
 115.5	1.82692
 116.5	8.75
 117.5	7.58333
 118.5	9.33333
 119.5	5.75
 120.5	10
 121.5	4.5
 122.5	8.33333
 123.5	7.5
 124.5	6.5
 125.5	10.75
 126.5	6.41667
 127.5	7
 128.5	12.0833
 129.5	9.66667
 130.5	7.33333
 131.5	4.33333
 132.5	9.83333
 133.5	9.83333
 134.5	10.5
 135.5	8.08333
 136.5	4.64286
 137.5	5.83333
 138.5	7.25
 139.5	6.58333
 140.5	8
 141.5	6.33333
 142.5	8
 143.5	4.95833
 144.5	9
 145.5	5.66667
 146.5	5.91026
 147.5	10
 148.5	5.83333
 149.5	9.33333
 150.5	7.33333
 151.5	4
 152.5	8.33333
 153.5	6.83333
 154.5	10.6667
 155.5	7
 156.5	6.33333
 157.5	8.58333
 158.5	3.33333
 159.5	7
 160.5	5.83333
 161.5	8.33333
 162.5	7
 163.5	5
 164.5	8
 165.5	9.33333
 166.5	4
 167.5	7.66667
 168.5	3.97619
 169.5	5.16667
 170.5	6.5
 171.5	9.33333
 172.5	5
 173.5	10.8667
 174.5	7.16667
 175.5	6.83333
 176.5	8.16667
 177.5	7.83333
 178.5	9.5
 179.5	8.5
 180.5	5.20192
 181.5	7
 182.5	4
 183.5	3
 184.5	6.125
 185.5	5.125
 186.5	7.5
 187.5	6
 188.5	9.5
 189.5	5
 190.5	14.45
 191.5	4.7
 192.5	5.5
 193.5	12.5
 194.5	8.5
 195.5	9.33333
 196.5	4.83333
 197.5	3.2
 198.5	6.33333
 199.5	6.16667
 200.5	7.33333
 201.5	10.8333
 202.5	11
 203.5	11.5
 204.5	11.8333
 205.5	7.125
 206.5	2.95833
 207.5	7.83333
 208.5	6
 209.5	6.5
 210.5	7.33333
 211.5	7.08333
 212.5	8.08333
 213.5	8
 214.5	8.07692
 215.5	5.5
 216.5	6.83333
 217.5	6.45833
 218.5	8.25
 219.5	6.33333
 220.5	8
 221.5	7.41667
 222.5	8.33333
 223.5	6.83333
 224.5	5.7
 225.5	8.5
 226.5	4.45833
 227.5	9.375
 228.5	4.5
 229.5	9
 230.5	8.83333
 231.5	8.41667
 232.5	11.8333
 233.5	7.5
 234.5	10
 235.5	8.75
 236.5	7.5
 237.5	7
 238.5	7
 239.5	11.5
 240.5	9.91667
 241.5	4.08333
 242.5	6.58333
 243.5	9
 244.5	6.5
 245.5	6.41026
 246.5	6.75
 247.5	6.58333
 248.5	3
 249.5	4
 250.5	6.25
 251.5	15.5
 252.5	2.5
 253.5	6.16667
 254.5	10.125
 255.5	7.25
 256.5	2.75
 257.5	6.83333
 258.5	5.25
 259.5	4.5
 260.5	3.5
 261.5	8.5
 262.5	4.33333
 263.5	6
 264.5	3.5
 265.5	6.83333
 266.5	4.91667
 267.5	8.25
 268.5	7.33333
 269.5	7.33333
 270.5	6
 271.5	4
 272.5	4.5
 273.5	7.83333
 274.5	5
 275.5	4.58333
 276.5	6.5
 277.5	5.83333
 278.5	10.5333
 279.5	3.57692
 280.5	4.5
 281.5	8
 282.5	4.5
 283.5	7.7
 284.5	7.2
 285.5	5.5
 286.5	5
 287.5	7.25
 288.5	9
 289.5	4.66667
 290.5	6.33333
 291.5	5.125
 292.5	5.83333
 293.5	5.16667
 294.5	5
 295.5	2.5
 296.5	3.64286
 297.5	9.5
 298.5	11.8333
 299.5	9.91667
 300.5	8.25
 301.5	3.83333
 302.5	6.16667
 303.5	2.5
 304.5	9.5
 305.5	4.5
 306.5	6.16667
 307.5	5.5
 308.5	4
 309.5	4.25
 310.5	7.5
 311.5	9.33333
 312.5	5.5
 313.5	6.07692
 314.5	10.8333
 315.5	3.33333
 316.5	5.5
 317.5	6.33333
 318.5	6
 319.5	5.5
 320.5	6.33333
 321.5	6.5
 322.5	4.75
 323.5	9.5
 324.5	6.58333
 325.5	8.08333
 326.5	9.58333
 327.5	7.83333
 328.5	7.95833
 329.5	5.33333
 330.5	7
 331.5	2.83333
 332.5	7
 333.5	9
 334.5	7
 335.5	9
 336.5	4.33333
 337.5	7.08333
 338.5	9.25
 339.5	7
 340.5	6.5
 341.5	3.75
 342.5	4.78333
 343.5	8.75
 344.5	2.5
 345.5	3.75
 346.5	5.25
 347.5	4.24359
 348.5	9.83333
 349.5	2.66667
 350.5	5
 351.5	3.5
DB 2 MOTIF	MXI1_HUMAN.H11MO.0.A
-347.5	10
-346.5	5
-345.5	4
-344.5	20
-343.5	12
-342.5	14
-341.5	10
-340.5	14
-339.5	3
-338.5	7
-337.5	7
-336.5	12
-335.5	8
-334.5	11
-333.5	7
-332.5	5.75
-331.5	2
-330.5	8
-329.5	9
-328.5	7
-327.5	6
-326.5	2
-325.5	9.2
-324.5	10
-323.5	11
-322.5	5.07143
-321.5	9
-320.5	7
-319.5	8
-318.5	6
-317.5	9
-316.5	7
-315.5	14
-314.5	7
-313.5	5
-312.5	11.5
-311.5	13.5
-310.5	9
-309.5	5
-308.5	8
-307.5	10
-306.5	7.5
-305.5	9
-304.5	13
-303.5	16
-302.5	9
-301.5	8
-300.5	5
-299.5	8
-298.5	11
-297.5	8
-296.5	9.25
-295.5	7
-294.5	15
-293.5	5
-292.5	7
-291.5	9
-290.5	6
-289.5	12
-288.5	6
-287.5	11
-286.5	9
-285.5	8
-284.5	7
-283.5	12
-282.5	3
-281.5	3.5
-280.5	4
-279.5	8
-278.5	3
-277.5	7.25
-276.5	5
-275.5	5
-274.5	9
-273.5	9
-272.5	10
-271.5	3.07143
-270.5	9
-269.5	12.5
-268.5	12
-267.5	12
-266.5	10
-265.5	4.5
-264.5	5
-263.5	11
-262.5	12
-261.5	9.25
-260.5	10
-259.5	8.5
-258.5	7
-257.5	5
-256.5	10
-255.5	8
-254.5	8
-253.5	12
-252.5	9
-251.5	3
-250.5	9
-249.5	5.5
-248.5	6
-247.5	11
-246.5	5
-245.5	13
-244.5	9
-243.5	6
-242.5	10.5
-241.5	6
-240.5	4
-239.5	7
-238.5	13
-237.5	5
-236.5	12.5
-235.5	13
-234.5	9
-233.5	9
-232.5	7
-231.5	10
-230.5	7
-229.5	11
-228.5	9
-227.5	9
-226.5	9
-225.5	12
-224.5	11
-223.5	4
-222.5	9.45
-221.5	8
-220.5	8.07143
-219.5	7
-218.5	13.1111
-217.5	7
-216.5	10.5
-215.5	8
-214.5	9
-213.5	10
-212.5	6
-211.5	11
-210.5	2
-209.5	10
-208.5	13
-207.5	5
-206.5	3
-205.5	3
-204.5	16
-203.5	9
-202.5	7.5
-201.5	6
-200.5	4
-199.5	10
-198.5	6
-197.5	12
-196.5	10
-195.5	8
-194.5	7
-193.5	7
-192.5	10
-191.5	7
-190.5	10.25
-189.5	7
-188.5	1.33333
-187.5	12.5
-186.5	13
-185.5	11
-184.5	12.5
-183.5	15
-182.5	11
-181.5	10
-180.5	6
-179.5	8
-178.5	5
-177.5	9
-176.5	9.5
-175.5	11
-174.5	7
-173.5	13
-172.5	9.5
-171.5	6
-170.5	7
-169.5	4.07143
-168.5	10
-167.5	9
-166.5	12
-165.5	16.25
-164.5	5
-163.5	5
-162.5	12
-161.5	10
-160.5	8
-159.5	15
-158.5	5
-157.5	13.1111
-156.5	9
-155.5	8
-154.5	4
-153.5	15
-152.5	7
-151.5	1
-150.5	4
-149.5	6
-148.5	4
-147.5	10
-146.5	9
-145.5	13
-144.5	13
-143.5	10
-142.5	9
-141.5	7
-140.5	9
-139.5	7
-138.5	10.5
-137.5	10
-136.5	12
-135.5	8
-134.5	12
-133.5	7
-132.5	3
-131.5	8
-130.5	10
-129.5	10
-128.5	7
-127.5	8
-126.5	5
-125.5	10
-124.5	13
-123.5	16
-122.5	11
-121.5	11.5
-120.5	13.5833
-119.5	10.2
-118.5	8.07143
-117.5	9
-116.5	3
-115.5	10
-114.5	9
-113.5	8
-112.5	10
-111.5	11
-110.5	8
-109.5	3
-108.5	7
-107.5	7
-106.5	9
-105.5	6
-104.5	8
-103.5	9
-102.5	10.5
-101.5	10
-100.5	5
 -99.5	5
 -98.5	6.5
 -97.5	13.5
 -96.5	14.1111
 -95.5	7.5
 -94.5	9
 -93.5	11
 -92.5	10
 -91.5	8.5
 -90.5	13
 -89.5	10
 -88.5	7
 -87.5	7
 -86.5	11
 -85.5	10
 -84.5	10
 -83.5	5
 -82.5	7
 -81.5	10
 -80.5	9.33333
 -79.5	10
 -78.5	10
 -77.5	5
 -76.5	8
 -75.5	10
 -74.5	19
 -73.5	7
 -72.5	13
 -71.5	6
 -70.5	11
 -69.5	7
 -68.5	9
 -67.5	11.0714
 -66.5	8
 -65.5	7
 -64.5	12
 -63.5	5
 -62.5	15
 -61.5	8.5
 -60.5	8.5
 -59.5	10
 -58.5	9
 -57.5	6
 -56.5	6.33333
 -55.5	6
 -54.5	8.125
 -53.5	7
 -52.5	12
 -51.5	5
 -50.5	5
 -49.5	8
 -48.5	7.5
 -47.5	6
 -46.5	14
 -45.5	10
 -44.5	6
 -43.5	6
 -42.5	11.5
 -41.5	9.5
 -40.5	4.83333
 -39.5	10
 -38.5	11
 -37.5	7.5
 -36.5	14
 -35.5	14.1111
 -34.5	12.5
 -33.5	6
 -32.5	9
 -31.5	7
 -30.5	13
 -29.5	14
 -28.5	12
 -27.5	19.5
 -26.5	6
 -25.5	8
 -24.5	10.5
 -23.5	6
 -22.5	8.5
 -21.5	12
 -20.5	9
 -19.5	6.625
 -18.5	9
 -17.5	10
 -16.5	14.0714
 -15.5	10
 -14.5	14
 -13.5	10.3333
 -12.5	10.5
 -11.5	12
 -10.5	10
  -9.5	15.5
  -8.5	10.5
  -7.5	9
  -6.5	6
  -5.5	9
  -4.5	11
  -3.5	16
  -2.5	17
  -1.5	8
  -0.5	8
   0.5	9
   1.5	17
   2.5	8
   3.5	4
   4.5	8.5
   5.5	12.5
   6.5	8
   7.5	8
   8.5	8
   9.5	6
  10.5	9
  11.5	10
  12.5	8
  13.5	13
  14.5	15
  15.5	3.125
  16.5	8
  17.5	9
  18.5	10
  19.5	11
  20.5	13
  21.5	8
  22.5	9
  23.5	10.5
  24.5	15
  25.5	12.1111
  26.5	8
  27.5	10.5
  28.5	5.2
  29.5	6
  30.5	8
  31.5	11.5
  32.5	9
  33.5	14
  34.5	13.0714
  35.5	11
  36.5	9
  37.5	8
  38.5	7
  39.5	9.5
  40.5	13
  41.5	4
  42.5	3.5
  43.5	13
  44.5	11.5
  45.5	12
  46.5	14
  47.5	11
  48.5	8
  49.5	13.25
  50.5	10.125
  51.5	8
  52.5	9
  53.5	6.5
  54.5	10
  55.5	9
  56.5	7
  57.5	13
  58.5	11
  59.5	12
  60.5	11
  61.5	4
  62.5	9
  63.5	12
  64.5	18
  65.5	8
  66.5	4
  67.5	13.5
  68.5	9
  69.5	8
  70.5	9
  71.5	8
  72.5	13
  73.5	7
  74.5	6
  75.5	9
  76.5	14
  77.5	12
  78.5	7
  79.5	15.5
  80.5	5.5
  81.5	9
  82.5	9
  83.5	6
  84.5	9
  85.5	3.19643
  86.5	5.61111
  87.5	7
  88.5	5
  89.5	12
  90.5	9
  91.5	4
  92.5	6
  93.5	4
  94.5	15
  95.5	7
  96.5	6
  97.5	9
  98.5	8.5
  99.5	7
 100.5	8.5
 101.5	7
 102.5	7.5
 103.5	7
 104.5	8
 105.5	12
 106.5	10
 107.5	9
 108.5	12
 109.5	6.5
 110.5	9
 111.5	6
 112.5	6
 113.5	18
 114.5	9
 115.5	8
 116.5	6
 117.5	8.25
 118.5	12
 119.5	5
 120.5	12.125
 121.5	7
 122.5	12
 123.5	8
 124.5	6
 125.5	7
 126.5	6
 127.5	11
 128.5	11
 129.5	12
 130.5	8
 131.5	5
 132.5	10
 133.5	3
 134.5	5
 135.5	9
 136.5	7.07143
 137.5	14
 138.5	11
 139.5	9
 140.5	6.5
 141.5	4
 142.5	3
 143.5	11
 144.5	6
 145.5	9
 146.5	13
 147.5	7.11111
 148.5	5
 149.5	9
 150.5	10
 151.5	8
 152.5	9
 153.5	7
 154.5	7
 155.5	10.125
 156.5	10
 157.5	14
 158.5	12
 159.5	10
 160.5	6.5
 161.5	13
 162.5	8
 163.5	6
 164.5	8
 165.5	10
 166.5	6
 167.5	7.5
 168.5	3
 169.5	9
 170.5	3
 171.5	9
 172.5	7
 173.5	6
 174.5	11.5
 175.5	3
 176.5	9.7
 177.5	12
 178.5	4
 179.5	6
 180.5	10.5
 181.5	7
 182.5	5
 183.5	6.5
 184.5	8
 185.5	7
 186.5	9
 187.5	8.07143
 188.5	12
 189.5	12
 190.5	5.375
 191.5	11
 192.5	4
 193.5	8
 194.5	10
 195.5	7
 196.5	4
 197.5	9
 198.5	6
 199.5	11
 200.5	7
 201.5	4
 202.5	10
 203.5	8
 204.5	7.5
 205.5	11
 206.5	8
 207.5	9
 208.5	9.11111
 209.5	6
 210.5	3
 211.5	5
 212.5	10
 213.5	6
 214.5	10
 215.5	3
 216.5	11.5
 217.5	11.5
 218.5	11
 219.5	12.5
 220.5	14
 221.5	9
 222.5	8
 223.5	7.5
 224.5	7
 225.5	13
 226.5	7
 227.5	6
 228.5	9
 229.5	7
 230.5	5
 231.5	3
 232.5	10
 233.5	5.5
 234.5	7
 235.5	7.5
 236.5	3
 237.5	4
 238.5	10.0714
 239.5	9
 240.5	5.5
 241.5	4
 242.5	6
 243.5	12
 244.5	9
 245.5	11
 246.5	8
 247.5	11
 248.5	3
 249.5	5
 250.5	12
 251.5	5
 252.5	7.25
 253.5	10
 254.5	5
 255.5	14
 256.5	9
 257.5	9
 258.5	6.5
 259.5	5
 260.5	8
 261.5	11
 262.5	9
 263.5	3
 264.5	8
 265.5	12
 266.5	9
 267.5	12
 268.5	8
 269.5	8.11111
 270.5	5
 271.5	5
 272.5	6
 273.5	7
 274.5	9
 275.5	10.5
 276.5	6
 277.5	8.5
 278.5	7
 279.5	6.5
 280.5	8
 281.5	8
 282.5	6
 283.5	6
 284.5	11.5
 285.5	12
 286.5	8.5
 287.5	8
 288.5	9
 289.5	14.0714
 290.5	10
 291.5	7
 292.5	12
 293.5	6
 294.5	10
 295.5	6.5
 296.5	8
 297.5	10
 298.5	7
 299.5	4.5
 300.5	7.5
 301.5	6
 302.5	3
 303.5	13
 304.5	8
 305.5	9
 306.5	8.5
 307.5	10
 308.5	14
 309.5	6
 310.5	7
 311.5	10
 312.5	14
 313.5	10
 314.5	13
 315.5	8
 316.5	5
 317.5	6
 318.5	9
 319.5	11
 320.5	11
 321.5	5
 322.5	11
 323.5	11
 324.5	10
 325.5	11
 326.5	9
 327.5	7
 328.5	9
 329.5	12
 330.5	6
 331.5	10
 332.5	5
 333.5	12
 334.5	8
 335.5	5
 336.5	6
 337.5	10
 338.5	6
 339.5	11.5
 340.5	13.0714
 341.5	8
 342.5	9
 343.5	6
 344.5	8
 345.5	11
 346.5	14
 347.5	8
DB 2 MOTIF	MYF6_HUMAN.H11MO.0.C
-351.5	6.5
-350.5	6.33333
-349.5	9.69444
-348.5	5.16667
-347.5	6.5
-346.5	5.33333
-345.5	6.5
-344.5	7.33333
-343.5	10.6667
-342.5	6.66667
-341.5	5
-340.5	6.75
-339.5	6.08333
-338.5	8.16667
-337.5	1.25
-336.5	5.25
-335.5	4.03333
-334.5	4.83333
-333.5	7.83333
-332.5	6.66667
-331.5	7.16667
-330.5	5.83333
-329.5	8.95
-328.5	6.5
-327.5	5.2
-326.5	4.5
-325.5	6.33333
-324.5	3
-323.5	9.66667
-322.5	2
-321.5	6.16667
-320.5	6
-319.5	6.33333
-318.5	7.58333
-317.5	5.5
-316.5	6
-315.5	10.4167
-314.5	8.16667
-313.5	6.5
-312.5	7.5
-311.5	6.33333
-310.5	5
-309.5	5.91667
-308.5	8.95
-307.5	6.5
-306.5	6.83333
-305.5	6.5
-304.5	8.25
-303.5	7.25
-302.5	6.25
-301.5	6.33333
-300.5	5.25
-299.5	7
-298.5	4.16667
-297.5	10.25
-296.5	3
-295.5	9.16667
-294.5	6.5
-293.5	1.5
-292.5	4.75
-291.5	5.75
-290.5	10
-289.5	5.58333
-288.5	7.33333
-287.5	6
-286.5	8
-285.5	5
-284.5	7.25
-283.5	7.25
-282.5	7
-281.5	5.5
-280.5	6.58333
-279.5	4.5
-278.5	8.58333
-277.5	7.41667
-276.5	7.33333
-275.5	4.16667
-274.5	6.94444
-273.5	6.5
-272.5	7.83333
-271.5	6.66667
-270.5	4.66667
-269.5	5.66667
-268.5	2.5
-267.5	7.83333
-266.5	5.25
-265.5	11.8333
-264.5	9.33333
-263.5	7.83333
-262.5	6.5
-261.5	4.5
-260.5	4.5
-259.5	11.3333
-258.5	10
-257.5	13
-256.5	4.33333
-255.5	4.66667
-254.5	5.41667
-253.5	11
-252.5	6.66667
-251.5	7.5
-250.5	8.75
-249.5	7.25
-248.5	5.25
-247.5	3
-246.5	5.5
-245.5	7
-244.5	2.5
-243.5	4.5
-242.5	5.25
-241.5	4
-240.5	5.91667
-239.5	5.5
-238.5	9.2
-237.5	6.2
-236.5	6.16667
-235.5	4.5
-234.5	5.08333
-233.5	8.83333
-232.5	5.91667
-231.5	12.6667
-230.5	7.75
-229.5	4.5
-228.5	2.66667
-227.5	9.5
-226.5	5.11667
-225.5	5.61667
-224.5	5.66667
-223.5	3.83333
-222.5	4.75
-221.5	4.83333
-220.5	4.97619
-219.5	8
-218.5	5.66667
-217.5	6.16667
-216.5	7.25
-215.5	6.41667
-214.5	6.58333
-213.5	3.33333
-212.5	7.33333
-211.5	10.5
-210.5	5.5
-209.5	5.83333
-208.5	5.66667
-207.5	10.3333
-206.5	11
-205.5	7.83333
-204.5	6
-203.5	5.5
-202.5	8.83333
-201.5	6.25
-200.5	7.75
-199.5	7
-198.5	6.83333
-197.5	6
-196.5	5.53333
-195.5	3.45
-194.5	4.08333
-193.5	7.25
-192.5	8
-191.5	5
-190.5	6.33333
-189.5	6.16667
-188.5	2.83333
-187.5	6.25
-186.5	6.25
-185.5	7.5
-184.5	2.33333
-183.5	8.5
-182.5	4.2
-181.5	7.36667
-180.5	9.58333
-179.5	8.75
-178.5	5.75
-177.5	6.41667
-176.5	8.16667
-175.5	8.16667
-174.5	6.5
-173.5	9.86667
-172.5	7.33333
-171.5	3.5
-170.5	5.33333
-169.5	14.4167
-168.5	7
-167.5	1.5
-166.5	6
-165.5	5.66667
-164.5	6
-163.5	5.83333
-162.5	8.08333
-161.5	8.16667
-160.5	3
-159.5	3.14286
-158.5	4.33333
-157.5	4.66667
-156.5	8.08333
-155.5	4.83333
-154.5	4.81111
-153.5	6.11111
-152.5	3.5
-151.5	4.58333
-150.5	7.08333
-149.5	5.5
-148.5	3.58333
-147.5	5.33333
-146.5	2.7
-145.5	5.53333
-144.5	6
-143.5	5.33333
-142.5	2
-141.5	11.5833
-140.5	7.08333
-139.5	9
-138.5	5.5
-137.5	6.66667
-136.5	4
-135.5	5.5
-134.5	3.83333
-133.5	5.5
-132.5	11.6667
-131.5	9
-130.5	5.97619
-129.5	5.33333
-128.5	3
-127.5	9.5
-126.5	2
-125.5	6.58333
-124.5	7.41667
-123.5	4.86667
-122.5	5.125
-121.5	5.65833
-120.5	4.5
-119.5	5.33333
-118.5	8.08333
-117.5	7
-116.5	3
-115.5	8.33333
-114.5	8.5
-113.5	8.33333
-112.5	2.02778
-111.5	5.11111
-110.5	4.83333
-109.5	6.41667
-108.5	11.5
-107.5	8.83333
-106.5	5.25
-105.5	11
-104.5	7.33333
-103.5	5.5
-102.5	7.75
-101.5	4.83333
-100.5	7.58333
 -99.5	11.8333
 -98.5	4
 -97.5	6.66667
 -96.5	7.33333
 -95.5	5
 -94.5	3.41667
 -93.5	8.25
 -92.5	9.25
 -91.5	4.75
 -90.5	9.83333
 -89.5	7.5
 -88.5	4.25
 -87.5	5.83333
 -86.5	5.61667
 -85.5	9.36667
 -84.5	4.83333
 -83.5	9
 -82.5	7
 -81.5	6
 -80.5	5.5
 -79.5	5.5
 -78.5	9.5
 -77.5	4.25
 -76.5	5.25
 -75.5	5
 -74.5	0.7
 -73.5	8.25
 -72.5	6.33333
 -71.5	7.5
 -70.5	5.94444
 -69.5	7.47778
 -68.5	4.75
 -67.5	6.5
 -66.5	8.58333
 -65.5	10.1762
 -64.5	7.91667
 -63.5	5.5
 -62.5	6.33333
 -61.5	5.45
 -60.5	10.5
 -59.5	6.83333
 -58.5	7.66667
 -57.5	12.75
 -56.5	6.16667
 -55.5	8
 -54.5	6.36667
 -53.5	11.8333
 -52.5	6.91667
 -51.5	7.33333
 -50.5	7.66667
 -49.5	7.66667
 -48.5	7.53333
 -47.5	5.86667
 -46.5	8.83333
 -45.5	10
 -44.5	7
 -43.5	4.83333
 -42.5	10.3333
 -41.5	6.83333
 -40.5	8
 -39.5	5.33333
 -38.5	8
 -37.5	7
 -36.5	11
 -35.5	8.5
 -34.5	10.5
 -33.5	6
 -32.5	8
 -31.5	8.33333
 -30.5	7.83333
 -29.5	6
 -28.5	11.6111
 -27.5	8.61111
 -26.5	7.25
 -25.5	14.75
 -24.5	10.5
 -23.5	9.5
 -22.5	8.58333
 -21.5	9.33333
 -20.5	6.83333
 -19.5	4.33333
 -18.5	10
 -17.5	8
 -16.5	7.58333
 -15.5	5.5
 -14.5	5.5
 -13.5	9.33333
 -12.5	13
 -11.5	7.33333
 -10.5	7.5
  -9.5	5
  -8.5	6.83333
  -7.5	11.8333
  -6.5	4.33333
  -5.5	4.83333
  -4.5	7.33333
  -3.5	10.3333
  -2.5	4.5
  -1.5	11
  -0.5	8
   0.5	8.83333
   1.5	10
   2.5	10
   3.5	6.58333
   4.5	6.58333
   5.5	11
   6.5	13.5
   7.5	6
   8.5	7.33333
   9.5	8.30952
  10.5	9.25
  11.5	3.33333
  12.5	12.1667
  13.5	6
  14.5	6.33333
  15.5	5.58333
  16.5	7.33333
  17.5	7.16667
  18.5	8.58333
  19.5	5.95833
  20.5	10.1667
  21.5	0.833333
  22.5	8
  23.5	8.41667
  24.5	5.2
  25.5	6.16667
  26.5	6.5
  27.5	11
  28.5	7.16667
  29.5	11.9167
  30.5	7.08333
  31.5	8.08333
  32.5	7.66667
  33.5	11.25
  34.5	5
  35.5	11.8333
  36.5	8
  37.5	7
  38.5	4.53333
  39.5	7.83333
  40.5	6.83333
  41.5	12
  42.5	12.0333
  43.5	2.58333
  44.5	14
  45.5	4.33333
  46.5	7.83333
  47.5	8.83333
  48.5	4.5
  49.5	4.83333
  50.5	8.16667
  51.5	6
  52.5	7
  53.5	11.4167
  54.5	10
  55.5	10.8333
  56.5	6.83333
  57.5	2
  58.5	7.25
  59.5	3.58333
  60.5	7.33333
  61.5	4.33333
  62.5	9.5
  63.5	6.66667
  64.5	6.33333
  65.5	9.83333
  66.5	8.33333
  67.5	4.58333
  68.5	8
  69.5	5.33333
  70.5	5.91667
  71.5	6.66667
  72.5	10.6667
  73.5	6.66667
  74.5	9
  75.5	3.45
  76.5	7.45
  77.5	8
  78.5	8.16667
  79.5	8.16667
  80.5	9.08333
  81.5	6.16667
  82.5	10.25
  83.5	3.16667
  84.5	8.25
  85.5	9
  86.5	6.83333
  87.5	5.83333
  88.5	9.95833
  89.5	4.5
  90.5	7.5
  91.5	7.58333
  92.5	4
  93.5	10.1667
  94.5	6.66667
  95.5	4.83333
  96.5	6.75
  97.5	10.3333
  98.5	7.16667
  99.5	7.91667
 100.5	5.58333
 101.5	7.66667
 102.5	5.66667
 103.5	4.5
 104.5	8.16667
 105.5	9.58333
 106.5	6.08333
 107.5	2.5
 108.5	12.3333
 109.5	8.41667
 110.5	8.5
 111.5	5.33333
 112.5	8.33333
 113.5	4.5
 114.5	7.91667
 115.5	6.66667
 116.5	7.5
 117.5	7.33333
 118.5	6.83333
 119.5	9.61111
 120.5	6.53333
 121.5	6.33333
 122.5	6.5
 123.5	7
 124.5	7
 125.5	4
 126.5	5.66667
 127.5	9
 128.5	2
 129.5	3
 130.5	6.33333
 131.5	5.58333
 132.5	11.25
 133.5	6.33333
 134.5	5.08333
 135.5	5.41667
 136.5	11.5
 137.5	4.16667
 138.5	7.5
 139.5	10.6667
 140.5	6.36667
 141.5	4
 142.5	6.5
 143.5	5.27778
 144.5	8.33333
 145.5	5
 146.5	12.0833
 147.5	5.33333
 148.5	6.83333
 149.5	2.5
 150.5	8.75
 151.5	8.75
 152.5	7
 153.5	3.5
 154.5	6.83333
 155.5	6.33333
 156.5	7.16667
 157.5	11.2
 158.5	8.08333
 159.5	10.0333
 160.5	6.2
 161.5	8.83333
 162.5	4.16667
 163.5	5.41667
 164.5	7.83333
 165.5	9.5
 166.5	5.25
 167.5	6
 168.5	6.33333
 169.5	3.83333
 170.5	4.5
 171.5	3.5
 172.5	1.7
 173.5	7.5
 174.5	8.08333
 175.5	10.0833
 176.5	10.8333
 177.5	5.83333
 178.5	5.83333
 179.5	8.83333
 180.5	5.83333
 181.5	3.83333
 182.5	7.25
 183.5	7.33333
 184.5	5.33333
 185.5	3
 186.5	2.16667
 187.5	7.5
 188.5	4
 189.5	4
 190.5	7
 191.5	3.94444
 192.5	5.11111
 193.5	9
 194.5	8.5
 195.5	5.5
 196.5	5.5
 197.5	2.25
 198.5	4.66667
 199.5	6.16667
 200.5	7.53333
 201.5	8.83333
 202.5	7.33333
 203.5	2.5
 204.5	4.16667
 205.5	6
 206.5	9.83333
 207.5	7.5
 208.5	5.75
 209.5	2.58333
 210.5	3.75
 211.5	3.25
 212.5	6.5
 213.5	9.33333
 214.5	6
 215.5	4.75
 216.5	3.5
 217.5	11.5
 218.5	5.5
 219.5	5
 220.5	6.83333
 221.5	3.33333
 222.5	6.83333
 223.5	5
 224.5	6.11111
 225.5	6.77778
 226.5	4.83333
 227.5	8.16667
 228.5	2.83333
 229.5	4.5
 230.5	1
 231.5	5
 232.5	8
 233.5	6.83333
 234.5	4.33333
 235.5	3.83333
 236.5	7.58333
 237.5	4.25
 238.5	6.5
 239.5	8.41667
 240.5	9.41667
 241.5	2.5
 242.5	11
 243.5	4.83333
 244.5	10.3333
 245.5	1.33333
 246.5	7.33333
 247.5	9
 248.5	6.5
 249.5	6.16667
 250.5	6.86667
 251.5	7.66667
 252.5	6
 253.5	4
 254.5	2.75
 255.5	9.08333
 256.5	3.14286
 257.5	8.80952
 258.5	4.33333
 259.5	5.5
 260.5	8.5
 261.5	7.5
 262.5	5.84286
 263.5	3.39286
 264.5	5.83333
 265.5	7.33333
 266.5	7.33333
 267.5	6
 268.5	6.66667
 269.5	7.66667
 270.5	5.54167
 271.5	9.125
 272.5	7.91667
 273.5	5.16667
 274.5	6.33333
 275.5	9.66667
 276.5	6.33333
 277.5	11.5
 278.5	6.97619
 279.5	6
 280.5	6.83333
 281.5	5.66667
 282.5	7.83333
 283.5	5.7
 284.5	10.3667
 285.5	9.16667
 286.5	10.5
 287.5	10.1667
 288.5	5.25
 289.5	8.34286
 290.5	6.33333
 291.5	4.33333
 292.5	6.33333
 293.5	6
 294.5	6.66667
 295.5	5
 296.5	11
 297.5	7.66667
 298.5	4.16667
 299.5	7.33333
 300.5	6.7
 301.5	8.5
 302.5	4.5
 303.5	7.83333
 304.5	7.5
 305.5	5
 306.5	6.47619
 307.5	6.83333
 308.5	10.0833
 309.5	2.75
 310.5	7.75
 311.5	4.5
 312.5	7.2
 313.5	4.7
 314.5	5.33333
 315.5	2.83333
 316.5	11.5
 317.5	5.53333
 318.5	9.2
 319.5	10
 320.5	0.5
 321.5	10.3333
 322.5	4.16667
 323.5	7.67619
 324.5	6.7
 325.5	3
 326.5	10.25
 327.5	5.5
 328.5	5.83333
 329.5	8.25
 330.5	10.4583
 331.5	4.125
 332.5	7.25
 333.5	6.45
 334.5	3.81111
 335.5	5.86111
 336.5	8.16667
 337.5	12.1667
 338.5	5.33333
 339.5	5.83333
 340.5	10.8095
 341.5	8.83333
 342.5	6
 343.5	6.2
 344.5	4.5
 345.5	6.33333
 346.5	3.5
 347.5	6
 348.5	10.75
 349.5	4.5
 350.5	3.7
 351.5	6.5
DB 2 MOTIF	NRF1_HUMAN.H11MO.0.A
-346.5	5
-345.5	1
-344.5	2
-343.5	2
-342.5	3
-341.5	3
-340.5	2
-339.5	3
-338.5	8
-337.5	4
-336.5	3
-335.5	1
-334.5	5
-333.5	2
-332.5	4
-331.5	1
-330.5	4
-329.5	4
-328.5	5
-327.5	3
-326.5	1
-325.5	5
-324.5	4
-323.5	0
-322.5	6
-321.5	1
-320.5	4
-319.5	6
-318.5	3
-317.5	2
-316.5	3
-315.5	0
-314.5	8
-313.5	2
-312.5	2
-311.5	2
-310.5	2
-309.5	0
-308.5	1
-307.5	2
-306.5	3
-305.5	7
-304.5	5
-303.5	1
-302.5	2
-301.5	3
-300.5	5
-299.5	4
-298.5	3
-297.5	2
-296.5	3
-295.5	3
-294.5	3
-293.5	5
-292.5	2
-291.5	6
-290.5	4
-289.5	1
-288.5	3
-287.5	5
-286.5	6
-285.5	1
-284.5	4
-283.5	4
-282.5	3
-281.5	5
-280.5	4
-279.5	4
-278.5	1
-277.5	2
-276.5	2
-275.5	1
-274.5	2
-273.5	2
-272.5	3
-271.5	4
-270.5	1
-269.5	1
-268.5	0
-267.5	3
-266.5	6
-265.5	7
-264.5	7
-263.5	5
-262.5	4
-261.5	5
-260.5	6
-259.5	6
-258.5	3
-257.5	2
-256.5	2
-255.5	5
-254.5	1
-253.5	3
-252.5	5
-251.5	2
-250.5	1
-249.5	2
-248.5	8
-247.5	6
-246.5	2
-245.5	1
-244.5	2
-243.5	5
-242.5	2
-241.5	3
-240.5	4
-239.5	2
-238.5	2
-237.5	3
-236.5	0
-235.5	5
-234.5	7
-233.5	2
-232.5	5
-231.5	4
-230.5	9
-229.5	2
-228.5	2
-227.5	2
-226.5	3
-225.5	3.5
-224.5	1
-223.5	3
-222.5	4
-221.5	5
-220.5	2
-219.5	5
-218.5	2
-217.5	3
-216.5	5
-215.5	7
-214.5	5
-213.5	1
-212.5	2.5
-211.5	6.5
-210.5	4
-209.5	3
-208.5	2
-207.5	2
-206.5	2
-205.5	6
-204.5	2
-203.5	5
-202.5	5
-201.5	3
-200.5	5
-199.5	4
-198.5	3
-197.5	4
-196.5	8
-195.5	6
-194.5	2
-193.5	6
-192.5	5
-191.5	2
-190.5	2
-189.5	3
-188.5	2
-187.5	3
-186.5	2
-185.5	4
-184.5	0
-183.5	5
-182.5	1
-181.5	5
-180.5	2
-179.5	3
-178.5	6
-177.5	8
-176.5	1
-175.5	1
-174.5	4
-173.5	3
-172.5	5
-171.5	3
-170.5	5
-169.5	5
-168.5	3
-167.5	1
-166.5	1
-165.5	3
-164.5	2
-163.5	2
-162.5	3
-161.5	4
-160.5	4
-159.5	4
-158.5	2.5
-157.5	2
-156.5	0
-155.5	4
-154.5	1
-153.5	2
-152.5	0
-151.5	9
-150.5	3
-149.5	3
-148.5	3
-147.5	3
-146.5	5.5
-145.5	7
-144.5	2
-143.5	3
-142.5	3
-141.5	0
-140.5	2
-139.5	4
-138.5	5
-137.5	2
-136.5	2
-135.5	5
-134.5	2
-133.5	2
-132.5	1
-131.5	1
-130.5	8
-129.5	3
-128.5	6
-127.5	3
-126.5	2
-125.5	2
-124.5	2
-123.5	3
-122.5	3
-121.5	2
-120.5	3
-119.5	3
-118.5	3.5
-117.5	5.5
-116.5	2
-115.5	3
-114.5	2
-113.5	0
-112.5	3
-111.5	2
-110.5	4
-109.5	3
-108.5	2
-107.5	4
-106.5	6
-105.5	1
-104.5	3
-103.5	4
-102.5	0
-101.5	2
-100.5	3
 -99.5	1
 -98.5	3
 -97.5	5
 -96.5	5
 -95.5	5
 -94.5	3
 -93.5	5
 -92.5	5
 -91.5	1
 -90.5	6
 -89.5	4
 -88.5	0
 -87.5	5
 -86.5	5
 -85.5	2
 -84.5	1
 -83.5	2
 -82.5	3
 -81.5	5
 -80.5	3
 -79.5	3
 -78.5	1
 -77.5	3
 -76.5	2
 -75.5	1
 -74.5	4
 -73.5	3
 -72.5	4
 -71.5	2
 -70.5	4
 -69.5	1
 -68.5	4
 -67.5	5
 -66.5	3
 -65.5	6
 -64.5	6
 -63.5	4
 -62.5	1
 -61.5	3
 -60.5	5
 -59.5	6
 -58.5	5
 -57.5	7.33333
 -56.5	1
 -55.5	5
 -54.5	2
 -53.5	6
 -52.5	3
 -51.5	3.33333
 -50.5	2
 -49.5	2
 -48.5	3
 -47.5	1
 -46.5	5
 -45.5	4.33333
 -44.5	3
 -43.5	3
 -42.5	5
 -41.5	6
 -40.5	4
 -39.5	3
 -38.5	8
 -37.5	3
 -36.5	4
 -35.5	4
 -34.5	7
 -33.5	7
 -32.5	4
 -31.5	6
 -30.5	2
 -29.5	1
 -28.5	4
 -27.5	2
 -26.5	1
 -25.5	1
 -24.5	4
 -23.5	5
 -22.5	4
 -21.5	3
 -20.5	6
 -19.5	3
 -18.5	4.5
 -17.5	1
 -16.5	6
 -15.5	3
 -14.5	6
 -13.5	1
 -12.5	7
 -11.5	3.5
 -10.5	8.5
  -9.5	6
  -8.5	2
  -7.5	6
  -6.5	6
  -5.5	4
  -4.5	3
  -3.5	3
  -2.5	8
  -1.5	5
  -0.5	5
   0.5	2
   1.5	5
   2.5	9
   3.5	6
   4.5	4
   5.5	5
   6.5	3
   7.5	2
   8.5	5
   9.5	8
  10.5	5
  11.5	4
  12.5	1
  13.5	5
  14.5	6
  15.5	10
  16.5	2
  17.5	2
  18.5	10
  19.5	5
  20.5	4
  21.5	5
  22.5	5
  23.5	6
  24.5	2
  25.5	2
  26.5	6
  27.5	8
  28.5	2
  29.5	8
  30.5	7
  31.5	7
  32.5	6
  33.5	3.5
  34.5	8.5
  35.5	6
  36.5	5
  37.5	7
  38.5	3
  39.5	6
  40.5	2
  41.5	1.5
  42.5	1
  43.5	9
  44.5	1
  45.5	2
  46.5	6
  47.5	4
  48.5	4
  49.5	2
  50.5	2
  51.5	5
  52.5	3
  53.5	7
  54.5	3
  55.5	2
  56.5	3
  57.5	6
  58.5	6
  59.5	1
  60.5	4
  61.5	4
  62.5	4
  63.5	6
  64.5	2
  65.5	5
  66.5	2
  67.5	0
  68.5	3
  69.5	7
  70.5	7
  71.5	4
  72.5	3
  73.5	8
  74.5	4
  75.5	3
  76.5	3
  77.5	1
  78.5	4
  79.5	1
  80.5	2
  81.5	8
  82.5	6
  83.5	3
  84.5	7
  85.5	2
  86.5	5
  87.5	4
  88.5	6
  89.5	6
  90.5	2
  91.5	6
  92.5	2
  93.5	6
  94.5	5
  95.5	3
  96.5	4.5
  97.5	7
  98.5	6
  99.5	2
 100.5	3
 101.5	3
 102.5	1
 103.5	2
 104.5	1
 105.5	5
 106.5	6
 107.5	5
 108.5	5
 109.5	2
 110.5	3
 111.5	1
 112.5	5
 113.5	3
 114.5	3
 115.5	4
 116.5	3
 117.5	4
 118.5	1
 119.5	1
 120.5	6
 121.5	3
 122.5	1
 123.5	3
 124.5	5
 125.5	1
 126.5	3
 127.5	2
 128.5	4
 129.5	0
 130.5	0
 131.5	3
 132.5	4
 133.5	5
 134.5	3
 135.5	1
 136.5	3
 137.5	3
 138.5	0
 139.5	2
 140.5	3
 141.5	6
 142.5	1
 143.5	3
 144.5	3
 145.5	0
 146.5	1
 147.5	6
 148.5	3
 149.5	2
 150.5	1
 151.5	3
 152.5	1
 153.5	5
 154.5	6
 155.5	6
 156.5	1
 157.5	3
 158.5	4
 159.5	5
 160.5	5
 161.5	4
 162.5	2
 163.5	3
 164.5	3
 165.5	2
 166.5	3
 167.5	5
 168.5	2
 169.5	1
 170.5	1
 171.5	4
 172.5	3
 173.5	4
 174.5	3
 175.5	10
 176.5	0
 177.5	3
 178.5	3
 179.5	3
 180.5	3
 181.5	2
 182.5	5
 183.5	2
 184.5	1
 185.5	7
 186.5	2.33333
 187.5	1
 188.5	5
 189.5	3
 190.5	6
 191.5	4
 192.5	2
 193.5	3
 194.5	2
 195.5	3
 196.5	1
 197.5	4
 198.5	1
 199.5	2
 200.5	3
 201.5	1
 202.5	2
 203.5	4
 204.5	5
 205.5	8
 206.5	3
 207.5	6
 208.5	6
 209.5	5
 210.5	2
 211.5	3
 212.5	5
 213.5	4
 214.5	0
 215.5	2
 216.5	2
 217.5	1
 218.5	2
 219.5	3
 220.5	5
 221.5	3
 222.5	8
 223.5	5
 224.5	1
 225.5	0
 226.5	0
 227.5	3
 228.5	6
 229.5	8
 230.5	0
 231.5	1
 232.5	5
 233.5	6
 234.5	5
 235.5	5
 236.5	1
 237.5	1
 238.5	2
 239.5	2.33333
 240.5	3
 241.5	4
 242.5	4
 243.5	2
 244.5	3
 245.5	5
 246.5	2
 247.5	3
 248.5	4
 249.5	4
 250.5	3
 251.5	1
 252.5	5
 253.5	2
 254.5	7
 255.5	3
 256.5	1
 257.5	4
 258.5	2
 259.5	9
 260.5	6
 261.5	2
 262.5	4
 263.5	5
 264.5	0
 265.5	4
 266.5	2
 267.5	3
 268.5	1
 269.5	2
 270.5	2
 271.5	1
 272.5	9
 273.5	4
 274.5	3
 275.5	1
 276.5	2
 277.5	4
 278.5	4
 279.5	3
 280.5	0
 281.5	6
 282.5	3
 283.5	2
 284.5	0
 285.5	3
 286.5	7
 287.5	6
 288.5	2
 289.5	2
 290.5	4
 291.5	9
 292.5	6.33333
 293.5	3
 294.5	2
 295.5	2
 296.5	2
 297.5	3
 298.5	3
 299.5	2
 300.5	5
 301.5	4
 302.5	0
 303.5	5
 304.5	0
 305.5	7
 306.5	4
 307.5	2
 308.5	4
 309.5	5
 310.5	2
 311.5	3
 312.5	1
 313.5	6
 314.5	0
 315.5	2
 316.5	1
 317.5	5
 318.5	4
 319.5	2
 320.5	4
 321.5	4
 322.5	5
 323.5	1
 324.5	3
 325.5	4
 326.5	3
 327.5	1
 328.5	4
 329.5	2
 330.5	3
 331.5	4
 332.5	1
 333.5	0
 334.5	5
 335.5	2
 336.5	3
 337.5	2
 338.5	1
 339.5	4
 340.5	5
 341.5	1
 342.5	2
 343.5	4
 344.5	6
 345.5	2
 346.5	2
DB 2 MOTIF	RFX1_HUMAN.H11MO.0.B
-344.0	6
-343.0	11
-342.0	13
-341.0	8
-340.0	5
-339.0	7
-338.0	6
-337.0	7
-336.0	8
-335.0	8
-334.0	5
-333.0	2
-332.0	4
-331.0	4.5
-330.0	7
-329.0	8
-328.0	7
-327.0	4
-326.0	7
-325.0	1
-324.0	6.5
-323.0	8
-322.0	8
-321.0	7
-320.0	6
-319.0	7
-318.0	5
-317.0	3
-316.0	7
-315.0	8
-314.0	10
-313.0	5
-312.0	9
-311.0	8
-310.0	5
-309.0	5
-308.0	3
-307.0	4
-306.0	9.5
-305.0	5
-304.0	7
-303.0	4
-302.0	4
-301.0	5
-300.0	10
-299.0	7
-298.0	3
-297.0	5
-296.0	4
-295.0	4
-294.0	7
-293.0	6
-292.0	6
-291.0	3
-290.0	7
-289.0	6
-288.0	7
-287.0	8
-286.0	3
-285.0	4
-284.0	8
-283.0	7
-282.0	11
-281.0	4
-280.0	6
-279.0	7
-278.0	6
-277.0	2
-276.0	8
-275.0	4
-274.0	6
-273.0	12
-272.0	8
-271.0	7
-270.0	10
-269.0	4
-268.0	4
-267.0	9
-266.0	8
-265.0	8
-264.0	9
-263.0	8
-262.0	4
-261.0	3
-260.0	7
-259.0	4
-258.0	8
-257.0	7
-256.0	5
-255.0	2
-254.0	5
-253.0	10
-252.0	3
-251.0	6
-250.0	8
-249.0	5
-248.0	12
-247.0	7
-246.0	6
-245.0	5
-244.0	4.5
-243.0	10
-242.0	4
-241.0	10
-240.0	8
-239.0	5
-238.0	9
-237.0	9
-236.0	6
-235.0	3
-234.0	4
-233.0	8.5
-232.0	6
-231.0	11
-230.0	6
-229.0	4
-228.0	6
-227.0	5
-226.0	5
-225.0	6
-224.0	8
-223.0	4
-222.0	8
-221.0	7
-220.0	7
-219.0	2
-218.0	9
-217.0	5
-216.0	5
-215.0	7
-214.0	6
-213.0	7
-212.0	8
-211.0	6
-210.0	5
-209.0	8
-208.0	7
-207.0	6
-206.0	6
-205.0	8
-204.0	7
-203.0	4
-202.0	8
-201.0	6
-200.0	6
-199.0	7.5
-198.0	8.5
-197.0	5
-196.0	9
-195.0	8.5
-194.0	5
-193.0	7
-192.0	10
-191.0	4
-190.0	4
-189.0	2
-188.0	9
-187.0	4
-186.0	7
-185.0	6
-184.0	7
-183.0	3
-182.0	6
-181.0	7
-180.0	9
-179.0	6
-178.0	5.5
-177.0	7
-176.0	6
-175.0	7.25
-174.0	7
-173.0	12
-172.0	7
-171.0	5
-170.0	7
-169.0	7
-168.0	6
-167.0	3
-166.0	12
-165.0	8
-164.0	5
-163.0	3
-162.0	6
-161.0	2
-160.0	6
-159.0	4
-158.0	2
-157.0	6
-156.0	5
-155.0	11
-154.0	6
-153.0	7
-152.0	6
-151.0	5
-150.0	8
-149.0	5
-148.0	12
-147.0	4
-146.0	6
-145.0	8
-144.0	5
-143.0	8
-142.0	8
-141.0	10
-140.0	10
-139.0	6
-138.0	9
-137.0	6
-136.0	7
-135.0	12
-134.0	6
-133.0	4
-132.0	6
-131.0	1
-130.0	8
-129.0	7
-128.0	4
-127.0	6
-126.0	6
-125.0	4
-124.0	5
-123.0	8
-122.0	8
-121.0	5
-120.0	4
-119.0	6
-118.0	5
-117.0	2
-116.0	4
-115.0	7
-114.0	4.25
-113.0	5
-112.0	9
-111.0	5
-110.0	5
-109.0	9
-108.0	7
-107.0	2
-106.0	5
-105.0	7
-104.0	5
-103.0	7
-102.0	5
-101.0	7.5
-100.0	4
 -99.0	10
 -98.0	14
 -97.0	5
 -96.0	9
 -95.0	4
 -94.0	6
 -93.0	7
 -92.0	8
 -91.0	5
 -90.0	4
 -89.0	4
 -88.0	6
 -87.0	9
 -86.0	8
 -85.0	7
 -84.0	8
 -83.0	7
 -82.0	5
 -81.0	8
 -80.0	14
 -79.0	12
 -78.0	9
 -77.0	4
 -76.0	6
 -75.0	2
 -74.0	7
 -73.0	5
 -72.0	9
 -71.0	12
 -70.0	7
 -69.0	10
 -68.0	4
 -67.0	6
 -66.0	10
 -65.0	6
 -64.0	9
 -63.0	7
 -62.0	3
 -61.0	14
 -60.0	5
 -59.0	11
 -58.0	11
 -57.0	9
 -56.0	8
 -55.0	7
 -54.0	7
 -53.0	10
 -52.0	4
 -51.0	4
 -50.0	6.5
 -49.0	6
 -48.0	10
 -47.0	7
 -46.0	10
 -45.0	9
 -44.0	5
 -43.0	5
 -42.0	6
 -41.0	7
 -40.0	5
 -39.0	4
 -38.0	8
 -37.0	14
 -36.0	6
 -35.0	5
 -34.0	12
 -33.0	7
 -32.0	14
 -31.0	5
 -30.0	7
 -29.0	10
 -28.0	7
 -27.0	4
 -26.0	6.5
 -25.0	4
 -24.0	5
 -23.0	6
 -22.0	8
 -21.0	7
 -20.0	15
 -19.0	7
 -18.0	14
 -17.0	10
 -16.0	10
 -15.0	7
 -14.0	7
 -13.0	5
 -12.0	6
 -11.0	11
 -10.0	9
  -9.0	10
  -8.0	6
  -7.0	4
  -6.0	8
  -5.0	9
  -4.0	6
  -3.0	1
  -2.0	9
  -1.0	8
   0.0	11
   1.0	6
   2.0	13
   3.0	11
   4.0	6
   5.0	9
   6.0	15
   7.0	6
   8.0	6
   9.0	10
  10.0	9
  11.0	5
  12.0	6
  13.0	4
  14.0	7
  15.0	4
  16.0	6
  17.0	5
  18.0	4
  19.0	7
  20.0	8
  21.0	10
  22.0	10
  23.0	6.5
  24.0	11
  25.0	9
  26.0	7
  27.0	6
  28.0	8
  29.0	6
  30.0	8
  31.0	10
  32.0	5
  33.0	6
  34.0	8
  35.0	4
  36.0	5.5
  37.0	3
  38.0	8
  39.0	4
  40.0	6
  41.0	7.5
  42.0	8
  43.0	7
  44.0	9
  45.0	6
  46.0	10
  47.0	6
  48.0	8
  49.0	12
  50.0	5
  51.0	7
  52.0	4
  53.0	11
  54.0	6
  55.0	6
  56.0	8
  57.0	13
  58.0	4
  59.0	10
  60.0	8
  61.0	4
  62.0	7
  63.0	6
  64.0	13
  65.0	8
  66.0	8
  67.0	8
  68.0	10
  69.0	6
  70.0	5
  71.0	3
  72.0	11
  73.0	7
  74.0	7
  75.0	11
  76.0	6
  77.0	6
  78.0	9.5
  79.0	8
  80.0	10
  81.0	2
  82.0	6
  83.0	9
  84.0	4
  85.0	5
  86.0	5.5
  87.0	5
  88.0	4
  89.0	5
  90.0	7
  91.0	12
  92.0	4
  93.0	3
  94.0	4
  95.0	9.5
  96.0	10
  97.0	6
  98.0	3
  99.0	8
 100.0	5
 101.0	14
 102.0	6
 103.0	6
 104.0	7
 105.0	11
 106.0	4
 107.0	7
 108.0	4
 109.0	5
 110.0	8
 111.0	5
 112.0	7
 113.0	7
 114.0	10
 115.0	5
 116.0	7
 117.0	4
 118.0	6
 119.0	6
 120.0	5
 121.0	14
 122.0	10
 123.0	6
 124.0	8
 125.0	4
 126.0	7
 127.0	10
 128.0	5
 129.0	5
 130.0	6
 131.0	5
 132.0	7
 133.0	5.5
 134.0	6
 135.0	5
 136.0	10
 137.0	8
 138.0	11
 139.0	8
 140.0	9
 141.0	3
 142.0	10
 143.0	9
 144.0	8
 145.0	7
 146.0	5
 147.0	6
 148.0	8
 149.0	2
 150.0	6
 151.0	5
 152.0	8
 153.0	7
 154.0	8.5
 155.0	7
 156.0	3
 157.0	9
 158.0	5
 159.0	6
 160.0	4
 161.0	8
 162.0	7
 163.0	9.5
 164.0	7
 165.0	3.5
 166.0	6.5
 167.0	2
 168.0	5
 169.0	9
 170.0	7
 171.0	10
 172.0	4.5
 173.0	3
 174.0	10
 175.0	2
 176.0	3
 177.0	6
 178.0	3
 179.0	2
 180.0	5
 181.0	7
 182.0	7
 183.0	4
 184.0	3
 185.0	12
 186.0	6
 187.0	4
 188.0	5
 189.0	8
 190.0	7
 191.0	5.25
 192.0	10
 193.0	7
 194.0	5
 195.0	6
 196.0	7
 197.0	9
 198.0	4
 199.0	7
 200.0	7
 201.0	6
 202.0	6
 203.0	3
 204.0	5
 205.0	7
 206.0	2
 207.0	5
 208.0	6
 209.0	6
 210.0	7
 211.0	7
 212.0	4
 213.0	7
 214.0	7
 215.0	8
 216.0	4.5
 217.0	3
 218.0	11
 219.0	8
 220.0	5
 221.0	6.5
 222.0	8
 223.0	7
 224.0	8
 225.0	10
 226.0	6
 227.0	5
 228.0	5
 229.0	2
 230.0	11
 231.0	5
 232.0	6
 233.0	6
 234.0	9
 235.0	3
 236.0	3
 237.0	6
 238.0	6
 239.0	11
 240.0	5
 241.0	7
 242.0	12
 243.0	6
 244.0	2
 245.0	5
 246.0	8
 247.0	8
 248.0	6
 249.0	8
 250.0	2
 251.0	5
 252.0	7.25
 253.0	3
 254.0	6
 255.0	9
 256.0	5
 257.0	2
 258.0	3
 259.0	11
 260.0	4
 261.0	7
 262.0	2
 263.0	7
 264.0	7
 265.0	8
 266.0	9
 267.0	6
 268.0	7
 269.0	4
 270.0	10
 271.0	8
 272.0	7
 273.0	7
 274.0	8
 275.0	3
 276.0	9
 277.0	7
 278.0	8
 279.0	7
 280.0	8
 281.0	9
 282.0	7
 283.0	5
 284.0	4
 285.0	1
 286.0	6
 287.0	8
 288.0	9
 289.0	7
 290.0	5
 291.0	5
 292.0	7
 293.0	3
 294.0	9
 295.0	3
 296.0	9
 297.0	2
 298.0	6
 299.0	4
 300.0	2
 301.0	6
 302.0	4
 303.0	6
 304.0	5
 305.0	4
 306.0	1
 307.0	7
 308.0	10
 309.0	11
 310.0	3
 311.0	3
 312.0	3
 313.0	5
 314.0	3
 315.0	6
 316.0	7
 317.0	5
 318.0	9
 319.0	8
 320.0	6
 321.0	7
 322.0	3
 323.0	6
 324.0	8
 325.0	5
 326.0	3
 327.0	5
 328.0	8
 329.0	7
 330.0	4
 331.0	5
 332.0	10
 333.0	7
 334.0	5
 335.0	2
 336.0	6
 337.0	4
 338.0	8
 339.0	3
 340.0	8
 341.0	7
 342.0	5
 343.0	4
 344.0	3
DB 2 MOTIF	TFE2_HUMAN.H11MO.0.A
-349.5	10.5
-348.5	13.5
-347.5	7
-346.5	6
-345.5	4
-344.5	7.5
-343.5	7.5
-342.5	6
-341.5	4.5
-340.5	7.5
-339.5	8
-338.5	10
-337.5	7
-336.5	6
-335.5	3
-334.5	6
-333.5	5
-332.5	7.125
-331.5	8
-330.5	11
-329.5	9.2
-328.5	7.25
-327.5	10.2
-326.5	4
-325.5	12
-324.5	8
-323.5	9
-322.5	7.5
-321.5	8
-320.5	7.5
-319.5	4
-318.5	9
-317.5	5
-316.5	6
-315.5	16.5
-314.5	7.5
-313.5	8
-312.5	5.33333
-311.5	10
-310.5	7
-309.5	6
-308.5	9.5
-307.5	7.5
-306.5	9
-305.5	7
-304.5	8.5
-303.5	7
-302.5	4
-301.5	12
-300.5	9
-299.5	6
-298.5	9
-297.5	10
-296.5	9
-295.5	12
-294.5	8
-293.5	5.75
-292.5	9
-291.5	7
-290.5	9
-289.5	8
-288.5	12
-287.5	5
-286.5	6
-285.5	9
-284.5	8
-283.5	8
-282.5	7
-281.5	6
-280.5	8.5
-279.5	7
-278.5	14
-277.5	9
-276.5	7
-275.5	7
-274.5	6
-273.5	8.25
-272.5	12
-271.5	7
-270.5	5.33333
-269.5	5.125
-268.5	11
-267.5	3
-266.5	11
-265.5	11
-264.5	7
-263.5	12
-262.5	6
-261.5	7
-260.5	11
-259.5	11
-258.5	14.25
-257.5	12
-256.5	8
-255.5	7
-254.5	10
-253.5	10.5
-252.5	9
-251.5	13.5
-250.5	8
-249.5	2
-248.5	9
-247.5	5
-246.5	5
-245.5	6
-244.5	6
-243.5	6
-242.5	11.5
-241.5	9
-240.5	7
-239.5	9
-238.5	12
-237.5	8
-236.5	5.5
-235.5	7.5
-234.5	7
-233.5	9
-232.5	9
-231.5	14.5
-230.5	8
-229.5	8
-228.5	3.33333
-227.5	11
-226.5	12.2
-225.5	5.2
-224.5	10
-223.5	7
-222.5	8
-221.5	7
-220.5	6
-219.5	9
-218.5	8.25
-217.5	7
-216.5	5
-215.5	8
-214.5	6
-213.5	10.5
-212.5	7
-211.5	7
-210.5	6.5
-209.5	8
-208.5	6
-207.5	13
-206.5	12.125
-205.5	3
-204.5	8
-203.5	6
-202.5	11
-201.5	2
-200.5	8
-199.5	9
-198.5	10
-197.5	8.5
-196.5	6.5
-195.5	6
-194.5	4
-193.5	11
-192.5	8
-191.5	6.5
-190.5	6.5
-189.5	7
-188.5	10
-187.5	5.25
-186.5	10.5
-185.5	6
-184.5	7
-183.5	9
-182.5	6.5
-181.5	8.5
-180.5	9
-179.5	9
-178.5	7
-177.5	9
-176.5	10.5
-175.5	8
-174.5	8
-173.5	8.2
-172.5	6.5
-171.5	2.5
-170.5	8
-169.5	11
-168.5	9
-167.5	5
-166.5	11.5
-165.5	8
-164.5	6
-163.5	7
-162.5	7
-161.5	12.25
-160.5	7
-159.5	4
-158.5	7
-157.5	11
-156.5	7.5
-155.5	9.5
-154.5	9.5
-153.5	4
-152.5	3
-151.5	5
-150.5	8
-149.5	8
-148.5	8
-147.5	4
-146.5	6
-145.5	5
-144.5	10
-143.5	10
-142.5	1
-141.5	11.5
-140.5	5
-139.5	9
-138.5	12
-137.5	11
-136.5	7
-135.5	8
-134.5	6
-133.5	12
-132.5	8
-131.5	8
-130.5	5
-129.5	10
-128.5	10
-127.5	10
-126.5	4.5
-125.5	11.5
-124.5	14.5
-123.5	6.2
-122.5	6
-121.5	9.7
-120.5	5
-119.5	8
-118.5	6
-117.5	9.25
-116.5	4
-115.5	6
-114.5	11
-113.5	8
-112.5	8
-111.5	5
-110.5	6
-109.5	4
-108.5	6
-107.5	9
-106.5	6
-105.5	12
-104.5	8
-103.5	9
-102.5	7.5
-101.5	8
-100.5	12
 -99.5	10
 -98.5	10
 -97.5	7.5
 -96.5	8.5
 -95.5	6
 -94.5	10
 -93.5	7.5
 -92.5	10
 -91.5	7.5
 -90.5	6.5
 -89.5	14
 -88.5	8
 -87.5	0
 -86.5	11
 -85.5	11
 -84.5	7
 -83.5	8
 -82.5	15
 -81.5	7
 -80.5	8.625
 -79.5	8.5
 -78.5	8
 -77.5	6
 -76.5	4
 -75.5	8
 -74.5	3
 -73.5	9.5
 -72.5	7
 -71.5	9
 -70.5	6
 -69.5	7.2
 -68.5	5
 -67.5	6
 -66.5	14.5
 -65.5	15
 -64.5	2
 -63.5	10
 -62.5	9.5
 -61.5	9.5
 -60.5	12.3333
 -59.5	10
 -58.5	13.125
 -57.5	6
 -56.5	13
 -55.5	9.5
 -54.5	6
 -53.5	8.5
 -52.5	8.5
 -51.5	12.5
 -50.5	10
 -49.5	8
 -48.5	7
 -47.5	4
 -46.5	13
 -45.5	8
 -44.5	7
 -43.5	8.5
 -42.5	8
 -41.5	6
 -40.5	7.5
 -39.5	7.5
 -38.5	5
 -37.5	7
 -36.5	12
 -35.5	7.5
 -34.5	8.83333
 -33.5	8
 -32.5	10
 -31.5	13
 -30.5	7
 -29.5	10
 -28.5	6
 -27.5	10
 -26.5	9
 -25.5	14.5
 -24.5	7
 -23.5	11.125
 -22.5	10.5
 -21.5	12.5
 -20.5	7
 -19.5	6
 -18.5	8
 -17.5	10.125
 -16.5	6
 -15.5	6.5
 -14.5	6
 -13.5	13
 -12.5	12
 -11.5	11
 -10.5	9
  -9.5	7
  -8.5	5.33333
  -7.5	12
  -6.5	9
  -5.5	8.5
  -4.5	9
  -3.5	7
  -2.5	13.5
  -1.5	9.5
  -0.5	9
   0.5	11.5
   1.5	10
   2.5	6
   3.5	6.5
   4.5	5.5
   5.5	12
   6.5	16
   7.5	10.5
   8.5	13
   9.5	10
  10.5	10
  11.5	4.125
  12.5	9.5
  13.5	13.5
  14.5	8.5
  15.5	7.5
  16.5	9
  17.5	10
  18.5	6
  19.5	10
  20.5	12
  21.5	3
  22.5	9
  23.5	9
  24.5	7.7
  25.5	8
  26.5	8
  27.5	10
  28.5	4
  29.5	11.5
  30.5	6
  31.5	8
  32.5	6
  33.5	13
  34.5	6
  35.5	14.5
  36.5	11.5
  37.5	9
  38.5	7.5
  39.5	11.5
  40.5	11.5
  41.5	10
  42.5	11.5
  43.5	6
  44.5	10.5
  45.5	4.625
  46.5	10.125
  47.5	7
  48.5	5
  49.5	9
  50.5	11.5
  51.5	8.5
  52.5	7.5
  53.5	13.5
  54.5	8
  55.5	15
  56.5	9
  57.5	3
  58.5	8
  59.5	10
  60.5	8.5
  61.5	11
  62.5	10
  63.5	11
  64.5	9
  65.5	13
  66.5	6
  67.5	6
  68.5	14
  69.5	6
  70.5	8.5
  71.5	7
  72.5	10
  73.5	9.5
  74.5	7.5
  75.5	10
  76.5	9
  77.5	12.5
  78.5	8.5
  79.5	14
  80.5	10.5
  81.5	8.625
  82.5	7.5
  83.5	8.5
  84.5	8.5
  85.5	7
  86.5	4
  87.5	16.3333
  88.5	11
  89.5	13.5
  90.5	7
  91.5	8
  92.5	7
  93.5	7
  94.5	8
  95.5	7.5
  96.5	11
  97.5	7
  98.5	12
  99.5	6
 100.5	11
 101.5	11
 102.5	8
 103.5	7
 104.5	8
 105.5	2.5
 106.5	5
 107.5	8
 108.5	8
 109.5	10
 110.5	6
 111.5	7.5
 112.5	10
 113.5	7
 114.5	6
 115.5	7
 116.5	5.125
 117.5	7
 118.5	8
 119.5	15
 120.5	3
 121.5	7
 122.5	5
 123.5	9
 124.5	4.5
 125.5	7.33333
 126.5	5
 127.5	8
 128.5	3
 129.5	3
 130.5	5
 131.5	11
 132.5	7
 133.5	6
 134.5	5
 135.5	8
 136.5	8
 137.5	7
 138.5	8
 139.5	5.5
 140.5	6.5
 141.5	7
 142.5	10
 143.5	7
 144.5	6
 145.5	7
 146.5	13
 147.5	9
 148.5	7
 149.5	5
 150.5	10
 151.5	5.125
 152.5	8
 153.5	7
 154.5	7
 155.5	8
 156.5	11
 157.5	10.5
 158.5	7
 159.5	9.5
 160.5	11
 161.5	8
 162.5	6
 163.5	8.83333
 164.5	7
 165.5	10
 166.5	0
 167.5	9
 168.5	7
 169.5	7
 170.5	5
 171.5	5.125
 172.5	3.2
 173.5	2
 174.5	10
 175.5	10.5
 176.5	12
 177.5	5
 178.5	9
 179.5	9
 180.5	8
 181.5	9
 182.5	10
 183.5	6
 184.5	4
 185.5	8
 186.5	4.125
 187.5	8
 188.5	8
 189.5	3
 190.5	5
 191.5	7.5
 192.5	6
 193.5	5
 194.5	10
 195.5	8.5
 196.5	5
 197.5	8
 198.5	5
 199.5	9
 200.5	7
 201.5	8.5
 202.5	10.5
 203.5	7
 204.5	8
 205.5	9.5
 206.5	4
 207.5	10
 208.5	4
 209.5	4
 210.5	6
 211.5	6.5
 212.5	10
 213.5	13.5
 214.5	6.5
 215.5	4
 216.5	10
 217.5	5.5
 218.5	13
 219.5	12
 220.5	8
 221.5	7
 222.5	5
 223.5	15.5
 224.5	4.5
 225.5	8
 226.5	6.5
 227.5	7.5
 228.5	7
 229.5	10
 230.5	4
 231.5	7
 232.5	11
 233.5	4
 234.5	8.125
 235.5	6
 236.5	7
 237.5	4
 238.5	8.5
 239.5	7
 240.5	10
 241.5	9
 242.5	8
 243.5	4
 244.5	9
 245.5	5
 246.5	11
 247.5	6
 248.5	6
 249.5	11
 250.5	6.5
 251.5	4
 252.5	8
 253.5	11
 254.5	4
 255.5	5
 256.5	10
 257.5	6.5
 258.5	5
 259.5	9
 260.5	10
 261.5	7
 262.5	9
 263.5	8
 264.5	9
 265.5	8
 266.5	10
 267.5	9
 268.5	7
 269.5	11
 270.5	8
 271.5	16
 272.5	11.5
 273.5	6.5
 274.5	6.5
 275.5	8
 276.5	13
 277.5	6.5
 278.5	11.5
 279.5	5
 280.5	12.5
 281.5	5.5
 282.5	6
 283.5	10
 284.5	7
 285.5	17
 286.5	10
 287.5	12
 288.5	11
 289.5	6.5
 290.5	6
 291.5	5
 292.5	10
 293.5	6
 294.5	7
 295.5	4
 296.5	13.5
 297.5	10.5
 298.5	3
 299.5	10
 300.5	10
 301.5	4
 302.5	6
 303.5	14
 304.5	11
 305.5	6.5
 306.5	8
 307.5	9
 308.5	7
 309.5	3
 310.5	3
 311.5	5
 312.5	6
 313.5	7
 314.5	10
 315.5	9.5
 316.5	13.5
 317.5	5
 318.5	15
 319.5	6.5
 320.5	2.5
 321.5	8
 322.5	3
 323.5	6
 324.5	9.5
 325.5	6.5
 326.5	10
 327.5	5
 328.5	10
 329.5	8.5
 330.5	11
 331.5	11
 332.5	8
 333.5	3
 334.5	6
 335.5	8
 336.5	6
 337.5	13
 338.5	5
 339.5	9.5
 340.5	13.5
 341.5	12
 342.5	9
 343.5	7
 344.5	7.5
 345.5	7.5
 346.5	8
 347.5	4
 348.5	12
 349.5	5
DB 2 MOTIF	THAP1_HUMAN.H11MO.0.C
-344.0	10
-343.0	8
-342.0	5
-341.0	10
-340.0	8
-339.0	4
-338.0	6.07143
-337.0	6
-336.0	13
-335.0	10.25
-334.0	6
-333.0	5
-332.0	8
-331.0	4
-330.0	6
-329.0	8.2
-328.0	8
-327.0	5
-326.0	4
-325.0	9
-324.0	6.25
-323.0	4
-322.0	7
-321.0	6
-320.0	10
-319.0	10
-318.0	7
-317.0	13
-316.0	3
-315.0	6
-314.0	15
-313.0	7.25
-312.0	8
-311.0	8
-310.0	7
-309.0	9
-308.0	9
-307.0	8
-306.0	3
-305.0	5
-304.0	10
-303.0	2
-302.0	12.25
-301.0	10
-300.0	4
-299.0	8
-298.0	9
-297.0	11
-296.0	5.5
-295.0	6
-294.0	8
-293.0	3
-292.0	7
-291.0	7
-290.0	5
-289.0	9
-288.0	8
-287.0	6.07143
-286.0	15
-285.0	9
-284.0	7
-283.0	12
-282.0	5
-281.0	12
-280.0	13
-279.0	9
-278.0	8
-277.0	11
-276.0	7
-275.0	9
-274.0	6
-273.0	11
-272.0	8
-271.0	10
-270.0	7
-269.0	8
-268.0	9
-267.0	5
-266.0	5
-265.0	9
-264.0	6
-263.0	10
-262.0	10
-261.0	11
-260.0	9
-259.0	8
-258.0	10
-257.0	11
-256.0	10
-255.0	10
-254.0	9
-253.0	5
-252.0	8
-251.0	12
-250.0	8
-249.0	6
-248.0	8
-247.0	6
-246.0	7
-245.0	9
-244.0	12
-243.0	3
-242.0	11
-241.0	11
-240.0	5
-239.0	10
-238.0	6
-237.0	9
-236.0	9.07143
-235.0	6
-234.0	6
-233.0	7
-232.0	9
-231.0	6
-230.0	10
-229.0	9
-228.0	9
-227.0	5
-226.0	3.2
-225.0	4
-224.0	11
-223.0	11
-222.0	5
-221.0	11
-220.0	4
-219.0	5
-218.0	9
-217.0	6
-216.0	13
-215.0	6
-214.0	6
-213.0	13
-212.0	8
-211.0	10
-210.0	9
-209.0	6
-208.0	7
-207.0	9
-206.0	7
-205.0	10
-204.0	7
-203.0	10
-202.0	16
-201.0	8
-200.0	14.5
-199.0	8
-198.0	13.5
-197.0	17.5
-196.0	8
-195.0	7
-194.0	11
-193.0	6
-192.0	8
-191.0	13
-190.0	7
-189.0	7
-188.0	4
-187.0	11
-186.0	8
-185.0	10.0714
-184.0	8
-183.0	6
-182.0	7.5
-181.0	8
-180.0	12
-179.0	9
-178.0	7
-177.0	7
-176.0	11
-175.0	8
-174.0	6
-173.0	14
-172.0	3
-171.0	10
-170.0	5
-169.0	8
-168.0	9
-167.0	11
-166.0	5
-165.0	15
-164.0	5
-163.0	8
-162.0	2
-161.0	13
-160.0	10
-159.0	5
-158.0	10
-157.0	8
-156.0	14
-155.0	10
-154.0	6
-153.0	6
-152.0	11
-151.0	4
-150.0	6
-149.0	11
-148.0	8
-147.0	7
-146.0	11
-145.0	14
-144.0	11
-143.0	9
-142.0	6
-141.0	7
-140.0	6
-139.0	10
-138.0	7
-137.0	13
-136.0	10
-135.0	7
-134.0	7.07143
-133.0	11
-132.0	7
-131.0	17
-130.0	5
-129.0	9
-128.0	9
-127.0	6
-126.0	6
-125.0	12
-124.0	7
-123.0	10.2
-122.0	6
-121.0	13
-120.0	12
-119.0	7
-118.0	5
-117.0	9
-116.0	5.5
-115.0	4
-114.0	10
-113.0	4
-112.0	6
-111.0	4
-110.0	7
-109.0	4
-108.0	9
-107.0	9
-106.0	10
-105.0	9
-104.0	17
-103.0	12
-102.0	9
-101.0	20
-100.0	10
 -99.0	13
 -98.0	6
 -97.0	6
 -96.0	13
 -95.0	14
 -94.0	10
 -93.0	10
 -92.0	10
 -91.0	7
 -90.0	12
 -89.0	6
 -88.0	12
 -87.0	8
 -86.0	7
 -85.0	15
 -84.0	5
 -83.0	14.0714
 -82.0	8
 -81.0	15
 -80.0	8
 -79.0	5.5
 -78.0	5
 -77.0	12
 -76.0	6
 -75.0	2
 -74.0	13
 -73.0	11
 -72.0	9
 -71.0	9
 -70.0	7
 -69.0	7
 -68.0	10
 -67.0	15
 -66.0	11
 -65.0	9
 -64.0	10
 -63.0	12
 -62.0	10
 -61.0	7.5
 -60.0	8
 -59.0	14
 -58.0	12
 -57.0	9
 -56.0	8
 -55.0	11
 -54.0	10
 -53.0	14
 -52.0	11
 -51.0	10
 -50.0	16
 -49.0	10
 -48.0	16
 -47.0	5
 -46.0	10
 -45.0	11.5
 -44.0	6
 -43.0	8
 -42.0	12
 -41.0	5
 -40.0	14
 -39.0	12
 -38.0	14
 -37.0	11
 -36.0	12
 -35.0	9
 -34.0	15
 -33.0	15
 -32.0	5.07143
 -31.0	7
 -30.0	12
 -29.0	13
 -28.0	8
 -27.0	15
 -26.0	9
 -25.0	9
 -24.0	5
 -23.0	15
 -22.0	10
 -21.0	8
 -20.0	13
 -19.0	8
 -18.0	17
 -17.0	9
 -16.0	7
 -15.0	6.5
 -14.0	8
 -13.0	7
 -12.0	10
 -11.0	13
 -10.0	11
  -9.0	10
  -8.0	14
  -7.0	10.1667
  -6.0	11
  -5.0	9
  -4.0	18
  -3.0	14
  -2.0	13
  -1.0	12
   0.0	12
   1.0	10
   2.0	14
   3.0	6
   4.0	9
   5.0	7
   6.0	13.5
   7.0	10
   8.0	15
   9.0	12
  10.0	10
  11.0	7
  12.0	10
  13.0	8.5
  14.0	14
  15.0	14
  16.0	14
  17.0	8
  18.0	10
  19.0	13.5714
  20.0	11
  21.0	12
  22.0	10
  23.0	7.5
  24.0	11
  25.0	8.2
  26.0	12
  27.0	12
  28.0	7
  29.0	10
  30.0	13
  31.0	7
  32.0	8
  33.0	17
  34.0	12
  35.0	10
  36.0	22
  37.0	7
  38.0	13
  39.0	12
  40.0	9
  41.0	6
  42.0	14
  43.0	11
  44.0	10
  45.0	9
  46.0	8
  47.0	9
  48.0	4
  49.0	9
  50.0	13
  51.0	11
  52.0	14
  53.0	7
  54.0	9
  55.0	8
  56.0	8
  57.0	6
  58.0	12.5
  59.0	11
  60.0	9
  61.0	9.16667
  62.0	15
  63.0	10
  64.0	11
  65.0	11
  66.0	6
  67.0	9.33333
  68.0	8
  69.0	7
  70.0	14.0714
  71.0	7
  72.0	9
  73.0	4
  74.0	5.5
  75.0	11
  76.0	7
  77.0	8
  78.0	11
  79.0	10
  80.0	9
  81.0	10
  82.0	6
  83.0	15
  84.0	3
  85.0	12
  86.0	7
  87.0	10
  88.0	3
  89.0	7.5
  90.0	8
  91.0	7
  92.0	10
  93.0	11
  94.0	11
  95.0	1
  96.0	9
  97.0	10
  98.0	9
  99.0	12
 100.0	10
 101.0	16
 102.0	6
 103.0	16
 104.0	7
 105.0	7
 106.0	7
 107.0	9
 108.0	11
 109.0	11
 110.0	11
 111.0	10
 112.0	9
 113.0	4
 114.0	3
 115.0	10
 116.0	6
 117.0	9
 118.0	8
 119.0	9
 120.0	8
 121.0	5.57143
 122.0	13
 123.0	8
 124.0	8
 125.0	6
 126.0	12
 127.0	8
 128.0	9
 129.0	9.16667
 130.0	14
 131.0	7
 132.0	9
 133.0	4.5
 134.0	7
 135.0	10
 136.0	7
 137.0	12
 138.0	7.5
 139.0	8
 140.0	9
 141.0	8
 142.0	9
 143.0	2
 144.0	7
 145.0	8
 146.0	6
 147.0	8
 148.0	11
 149.0	10.5
 150.0	9
 151.0	10
 152.0	15
 153.0	8
 154.0	9
 155.0	10
 156.0	13
 157.0	9
 158.0	7
 159.0	9
 160.0	12
 161.0	8
 162.0	5
 163.0	13
 164.0	9
 165.0	2
 166.0	9
 167.0	9
 168.0	10
 169.0	2
 170.0	4
 171.0	3
 172.0	8.07143
 173.0	7.2
 174.0	8.33333
 175.0	10
 176.0	9
 177.0	7
 178.0	12
 179.0	9
 180.0	8
 181.0	11
 182.0	13
 183.0	9
 184.0	5
 185.0	9
 186.0	4
 187.0	9
 188.0	8
 189.0	12
 190.0	7
 191.0	8.5
 192.0	16
 193.0	7
 194.0	4
 195.0	10
 196.0	10
 197.0	2.16667
 198.0	7
 199.0	3
 200.0	4
 201.0	9
 202.0	5
 203.0	7
 204.0	10
 205.0	6
 206.0	7
 207.0	9
 208.0	3
 209.0	8
 210.0	8
 211.0	8
 212.0	9.5
 213.0	6
 214.0	8
 215.0	14
 216.0	10
 217.0	8
 218.0	6
 219.0	6
 220.0	8
 221.0	5.5
 222.0	6
 223.0	12.0714
 224.0	6
 225.0	8
 226.0	8
 227.0	6
 228.0	8
 229.0	9
 230.0	5
 231.0	5
 232.0	12
 233.0	9
 234.0	10
 235.0	9
 236.0	7
 237.0	6
 238.0	13
 239.0	5
 240.0	6
 241.0	13
 242.0	10
 243.0	9
 244.0	10
 245.0	5
 246.0	11
 247.0	10
 248.0	6
 249.0	10
 250.0	4
 251.0	11
 252.0	8
 253.0	9
 254.0	6
 255.0	11
 256.0	4
 257.0	4.5
 258.0	11.5
 259.0	4
 260.0	8
 261.0	8
 262.0	7
 263.0	9
 264.0	10
 265.0	9.16667
 266.0	10
 267.0	11
 268.0	10
 269.0	6
 270.0	11
 271.0	9
 272.0	6.5
 273.0	14
 274.0	10.0714
 275.0	7
 276.0	3
 277.0	11
 278.0	5
 279.0	7
 280.0	8
 281.0	4.33333
 282.0	9
 283.0	11
 284.0	10
 285.0	6
 286.0	6
 287.0	13
 288.0	8
 289.0	9.5
 290.0	5
 291.0	12
 292.0	11
 293.0	8
 294.0	8
 295.0	5
 296.0	10
 297.0	9
 298.0	9
 299.0	14
 300.0	9
 301.0	11
 302.0	4
 303.0	8
 304.0	8
 305.0	6
 306.0	8
 307.0	9
 308.0	7
 309.0	12
 310.0	6
 311.0	3
 312.0	8
 313.0	8
 314.0	3
 315.0	6
 316.0	4
 317.0	7
 318.0	9
 319.0	6
 320.0	10
 321.0	9
 322.0	7
 323.0	7
 324.0	8
 325.0	8.07143
 326.0	7
 327.0	6
 328.0	10
 329.0	5
 330.0	3
 331.0	6.5
 332.0	5.16667
 333.0	5
 334.0	10
 335.0	6
 336.0	4
 337.0	9
 338.0	4
 339.0	11
 340.0	6
 341.0	8
 342.0	7
 343.0	5
 344.0	6.5
DB 2 MOTIF	ZBT14_HUMAN.H11MO.0.C
-350.5	6
-349.5	5.5
-348.5	5
-347.5	7
-346.5	6.5
-345.5	5
-344.5	1.5
-343.5	4
-342.5	6
-341.5	5
-340.5	8
-339.5	4
-338.5	6
-337.5	8
-336.5	8
-335.5	4.5
-334.5	4
-333.5	10
-332.5	8
-331.5	11.8333
-330.5	5
-329.5	7.5
-328.5	12.2679
-327.5	4
-326.5	3.5
-325.5	6.5
-324.5	6.33333
-323.5	3
-322.5	7
-321.5	4.5
-320.5	7
-319.5	7
-318.5	5
-317.5	5
-316.5	12.3333
-315.5	7
-314.5	3
-313.5	3
-312.5	4
-311.5	3
-310.5	5
-309.5	9.5
-308.5	5
-307.5	6.5
-306.5	4
-305.5	6
-304.5	9
-303.5	3.5
-302.5	8.5
-301.5	1.5
-300.5	5
-299.5	4
-298.5	7.125
-297.5	8
-296.5	9
-295.5	7.14286
-294.5	1.5
-293.5	5
-292.5	4
-291.5	4
-290.5	7.625
-289.5	10
-288.5	9
-287.5	2.5
-286.5	7
-285.5	3.5
-284.5	9
-283.5	10
-282.5	9.5
-281.5	5
-280.5	5
-279.5	7.5
-278.5	2
-277.5	2
-276.5	6
-275.5	5.5
-274.5	13.5
-273.5	5.5
-272.5	8
-271.5	5
-270.5	6.33333
-269.5	7
-268.5	6.125
-267.5	5.5
-266.5	2
-265.5	2.5
-264.5	4
-263.5	2
-262.5	8
-261.5	3
-260.5	8
-259.5	11
-258.5	2.125
-257.5	6.5
-256.5	6
-255.5	10
-254.5	8
-253.5	5
-252.5	4
-251.5	6
-250.5	11
-249.5	10
-248.5	5
-247.5	6
-246.5	11
-245.5	9
-244.5	9
-243.5	3.5
-242.5	10.5
-241.5	5
-240.5	5
-239.5	4.5
-238.5	3.125
-237.5	5
-236.5	6
-235.5	7
-234.5	7
-233.5	5
-232.5	6
-231.5	6
-230.5	4
-229.5	4
-228.5	11
-227.5	8
-226.5	6.125
-225.5	6
-224.5	7
-223.5	5
-222.5	2
-221.5	5
-220.5	7
-219.5	5
-218.5	7
-217.5	9
-216.5	5
-215.5	4
-214.5	8.5
-213.5	7.5
-212.5	9
-211.5	12
-210.5	8
-209.5	9
-208.5	10.125
-207.5	5.5
-206.5	6
-205.5	12
-204.5	6
-203.5	7.5
-202.5	6.5
-201.5	8
-200.5	3
-199.5	2
-198.5	3.14286
-197.5	5.5
-196.5	6
-195.5	9
-194.5	5
-193.5	5.5
-192.5	6
-191.5	9
-190.5	8
-189.5	11
-188.5	6
-187.5	5
-186.5	5
-185.5	3.5
-184.5	7.5
-183.5	2.5
-182.5	6.5
-181.5	6.5
-180.5	7
-179.5	6
-178.5	6.625
-177.5	5
-176.5	3
-175.5	6
-174.5	2
-173.5	8
-172.5	8
-171.5	4
-170.5	6
-169.5	4
-168.5	5
-167.5	8.5
-166.5	5
-165.5	5
-164.5	6.5
-163.5	7
-162.5	4
-161.5	4
-160.5	6
-159.5	3
-158.5	8
-157.5	6
-156.5	8
-155.5	3
-154.5	4
-153.5	5
-152.5	4
-151.5	7
-150.5	3
-149.5	9.5
-148.5	6.125
-147.5	8
-146.5	4
-145.5	5.5
-144.5	4
-143.5	8
-142.5	5
-141.5	11
-140.5	3
-139.5	8
-138.5	8.5
-137.5	4.5
-136.5	6
-135.5	9
-134.5	8
-133.5	4
-132.5	3
-131.5	9
-130.5	2.5
-129.5	4
-128.5	5.625
-127.5	10
-126.5	3
-125.5	4
-124.5	8.5
-123.5	7.5
-122.5	7.5
-121.5	10.5
-120.5	4
-119.5	5
-118.5	4.625
-117.5	8.5
-116.5	2
-115.5	7.5
-114.5	3
-113.5	5
-112.5	5
-111.5	5.5
-110.5	7
-109.5	6
-108.5	8.5
-107.5	6
-106.5	9
-105.5	7.5
-104.5	10
-103.5	5.5
-102.5	4
-101.5	9
-100.5	7
 -99.5	8
 -98.5	4
 -97.5	5
 -96.5	8
 -95.5	11.125
 -94.5	13
 -93.5	6.5
 -92.5	5
 -91.5	10
 -90.5	6
 -89.5	7
 -88.5	7
 -87.5	10
 -86.5	7.5
 -85.5	6
 -84.5	3.5
 -83.5	7.5
 -82.5	9
 -81.5	3.5
 -80.5	8.5
 -79.5	5
 -78.5	10
 -77.5	1
 -76.5	4
 -75.5	8
 -74.5	6
 -73.5	10.5
 -72.5	8
 -71.5	4.5
 -70.5	5
 -69.5	7
 -68.5	9
 -67.5	7.5
 -66.5	5
 -65.5	6
 -64.5	4
 -63.5	8
 -62.5	4
 -61.5	4
 -60.5	8
 -59.5	10.5
 -58.5	5
 -57.5	6
 -56.5	8
 -55.5	4.5
 -54.5	8
 -53.5	5
 -52.5	11
 -51.5	10
 -50.5	6
 -49.5	10
 -48.5	10.5
 -47.5	10
 -46.5	6
 -45.5	8
 -44.5	11.5
 -43.5	10
 -42.5	10
 -41.5	4
 -40.5	14.5
 -39.5	11.5
 -38.5	3
 -37.5	8
 -36.5	9
 -35.5	9.5
 -34.5	10
 -33.5	6.5
 -32.5	4
 -31.5	6
 -30.5	6
 -29.5	14.5
 -28.5	11.5
 -27.5	7
 -26.5	7
 -25.5	9
 -24.5	10
 -23.5	6.5
 -22.5	6
 -21.5	7.5
 -20.5	8
 -19.5	4.5
 -18.5	3.5
 -17.5	8
 -16.5	6
 -15.5	7
 -14.5	6
 -13.5	10.5
 -12.5	14.5
 -11.5	9.5
 -10.5	7
  -9.5	5
  -8.5	9.5
  -7.5	9
  -6.5	3
  -5.5	8
  -4.5	10
  -3.5	9
  -2.5	8
  -1.5	8.5
  -0.5	5
   0.5	10
   1.5	6.625
   2.5	5
   3.5	8
   4.5	4
   5.5	10
   6.5	12
   7.5	9.5
   8.5	11
   9.5	7
  10.5	10.5
  11.5	5
  12.5	10
  13.5	9
  14.5	9
  15.5	7
  16.5	4
  17.5	8
  18.5	10
  19.5	8.5
  20.5	10
  21.5	10
  22.5	9.5
  23.5	14
  24.5	5
  25.5	7
  26.5	7.14286
  27.5	6
  28.5	9
  29.5	6
  30.5	7
  31.5	8.5
  32.5	9.5
  33.5	6
  34.5	10
  35.5	9
  36.5	8
  37.5	7
  38.5	5.5
  39.5	11.5
  40.5	4
  41.5	7
  42.5	15
  43.5	7
  44.5	11.5
  45.5	5
  46.5	11
  47.5	7
  48.5	6
  49.5	7
  50.5	12
  51.5	9
  52.5	7
  53.5	6
  54.5	7
  55.5	10
  56.5	7
  57.5	5
  58.5	5
  59.5	5
  60.5	8
  61.5	6
  62.5	12.5
  63.5	4
  64.5	7.5
  65.5	6
  66.5	4
  67.5	2.5
  68.5	5
  69.5	1
  70.5	4
  71.5	4
  72.5	7.5
  73.5	6
  74.5	5
  75.5	8.5
  76.5	4.75
  77.5	8
  78.5	10
  79.5	6.33333
  80.5	6.5
  81.5	6.5
  82.5	10
  83.5	4.25
  84.5	7.5
  85.5	3
  86.5	8.5
  87.5	4
  88.5	2
  89.5	6
  90.5	3.75
  91.5	9.2
  92.5	8
  93.5	14.5
  94.5	6
  95.5	9.5
  96.5	8
  97.5	2.25
  98.5	10
  99.5	4
 100.5	2
 101.5	6
 102.5	8
 103.5	5.83333
 104.5	8
 105.5	5
 106.5	1
 107.5	5
 108.5	8.5
 109.5	3.5
 110.5	8.5
 111.5	2
 112.5	2
 113.5	8.5
 114.5	9
 115.5	3
 116.5	7
 117.5	6
 118.5	8.5
 119.5	5.5
 120.5	6
 121.5	2.5
 122.5	7.5
 123.5	10
 124.5	4
 125.5	11.3333
 126.5	9
 127.5	8.47619
 128.5	3.2
 129.5	3
 130.5	6
 131.5	1
 132.5	1
 133.5	3
 134.5	8
 135.5	5
 136.5	5
 137.5	6
 138.5	5
 139.5	5
 140.5	6
 141.5	5.5
 142.5	6.5
 143.5	10
 144.5	7
 145.5	10
 146.5	6
 147.5	5
 148.5	7
 149.5	2
 150.5	6
 151.5	6
 152.5	8
 153.5	6
 154.5	5
 155.5	8
 156.5	7
 157.5	7
 158.5	3
 159.5	5
 160.5	10.5
 161.5	6
 162.5	5
 163.5	6
 164.5	3
 165.5	6
 166.5	7
 167.5	5
 168.5	6
 169.5	4.5
 170.5	6
 171.5	11
 172.5	5
 173.5	6.5
 174.5	3
 175.5	6
 176.5	10
 177.5	4.5
 178.5	3
 179.5	4
 180.5	6.5
 181.5	6
 182.5	3
 183.5	5
 184.5	4
 185.5	9
 186.5	8
 187.5	5
 188.5	6
 189.5	2.2
 190.5	8.5
 191.5	7.14286
 192.5	1.5
 193.5	6.5
 194.5	6.5
 195.5	5
 196.5	5.5
 197.5	4.5
 198.5	6
 199.5	6
 200.5	3
 201.5	5
 202.5	3
 203.5	5
 204.5	6
 205.5	3
 206.5	6
 207.5	3
 208.5	7
 209.5	4
 210.5	6
 211.5	7
 212.5	4
 213.5	8
 214.5	9
 215.5	4
 216.5	4
 217.5	6
 218.5	7
 219.5	6
 220.5	9
 221.5	6.5
 222.5	4
 223.5	7
 224.5	7
 225.5	6
 226.5	5.125
 227.5	7
 228.5	2
 229.5	1.5
 230.5	5
 231.5	3
 232.5	11
 233.5	6
 234.5	2
 235.5	8
 236.5	7.5
 237.5	5
 238.5	9.5
 239.5	5.5
 240.5	5.5
 241.5	4
 242.5	7
 243.5	7
 244.5	2.5
 245.5	6.5
 246.5	6.5
 247.5	1
 248.5	0.5
 249.5	5
 250.5	6.7
 251.5	10.5
 252.5	6
 253.5	3.5
 254.5	4
 255.5	10
 256.5	6.5
 257.5	5
 258.5	4
 259.5	4
 260.5	5
 261.5	6
 262.5	4.5
 263.5	9
 264.5	5
 265.5	9
 266.5	6
 267.5	4
 268.5	3
 269.5	5
 270.5	7
 271.5	4
 272.5	4
 273.5	3
 274.5	6
 275.5	6.33333
 276.5	8
 277.5	7
 278.5	4.5
 279.5	8
 280.5	2
 281.5	5
 282.5	10
 283.5	3.5
 284.5	3
 285.5	4
 286.5	6.33333
 287.5	5
 288.5	8
 289.5	8.5
 290.5	5
 291.5	8.14286
 292.5	6
 293.5	2
 294.5	4
 295.5	5.5
 296.5	7
 297.5	2
 298.5	5
 299.5	1
 300.5	6
 301.5	2
 302.5	4.5
 303.5	4
 304.5	6
 305.5	5.5
 306.5	3
 307.5	8.5
 308.5	5
 309.5	4
 310.5	6.33333
 311.5	5.5
 312.5	5
 313.5	5.7
 314.5	6
 315.5	7
 316.5	6.5
 317.5	7
 318.5	3
 319.5	4
 320.5	7
 321.5	5
 322.5	7.5
 323.5	6
 324.5	8
 325.5	3
 326.5	7.5
 327.5	2.125
 328.5	1
 329.5	3.25
 330.5	7.5
 331.5	7
 332.5	3
 333.5	6
 334.5	3.33333
 335.5	1
 336.5	5.75
 337.5	2
 338.5	4
 339.5	6
 340.5	3
 341.5	5.5
 342.5	5
 343.5	6.25
 344.5	4
 345.5	4
 346.5	6
 347.5	3
 348.5	6
 349.5	5
 350.5	5.25
DB 2 MOTIF	ZF64A_HUMAN.H11MO.0.D
-347.0	7
-346.0	3
-345.0	5
-344.0	10
-343.0	9
-342.0	8
-341.0	8
-340.0	9
-339.0	9
-338.0	8
-337.0	8
-336.0	8
-335.0	8
-334.0	17
-333.0	7
-332.0	11
-331.0	5
-330.0	5.07143
-329.0	7
-328.0	10.5
-327.0	3
-326.0	11
-325.0	5
-324.0	14
-323.0	9
-322.0	4
-321.0	11
-320.0	5
-319.0	7
-318.0	2.5
-317.0	8
-316.0	8
-315.0	9
-314.0	8
-313.0	16
-312.0	2
-311.0	10
-310.0	10
-309.0	10
-308.0	6
-307.0	12.5
-306.0	11
-305.0	12
-304.0	9
-303.0	6
-302.0	9
-301.0	7
-300.0	8
-299.0	8
-298.0	11
-297.0	8
-296.0	5.5
-295.0	12
-294.0	9
-293.0	9
-292.0	6
-291.0	6
-290.0	11
-289.0	12
-288.0	10
-287.0	3.14286
-286.0	7
-285.0	11.5
-284.0	12
-283.0	7
-282.0	6
-281.0	11
-280.0	7.5
-279.0	13.0714
-278.0	9
-277.0	7
-276.0	2
-275.0	9
-274.0	12.5
-273.0	7
-272.0	5
-271.0	9
-270.0	9
-269.0	11
-268.0	9
-267.0	14
-266.0	6
-265.0	11
-264.0	10
-263.0	10
-262.0	9.5
-261.0	9
-260.0	6
-259.0	8
-258.0	10
-257.0	13
-256.0	3
-255.0	5
-254.0	13
-253.0	9
-252.0	9
-251.0	10
-250.0	5
-249.0	13
-248.0	8
-247.0	8
-246.0	10.5
-245.0	15.5
-244.0	4
-243.0	9
-242.0	6
-241.0	9.5
-240.0	8
-239.0	11
-238.0	8
-237.0	8.5
-236.0	7
-235.0	10.125
-234.0	9
-233.0	7
-232.0	3
-231.0	15
-230.0	6.5
-229.0	15
-228.0	12.0714
-227.0	5
-226.0	13
-225.0	12
-224.0	8
-223.0	9
-222.0	5
-221.0	7
-220.0	13.0769
-219.0	13
-218.0	13
-217.0	10
-216.0	7
-215.0	7
-214.0	13.5
-213.0	4
-212.0	8
-211.0	8
-210.0	7
-209.0	10
-208.0	9
-207.0	14.5
-206.0	8.5
-205.0	4
-204.0	6
-203.0	11
-202.0	10
-201.0	6
-200.0	6
-199.0	5
-198.0	5
-197.0	8
-196.0	7
-195.0	6.125
-194.0	9
-193.0	4
-192.0	7.33333
-191.0	14
-190.0	8
-189.0	12
-188.0	9
-187.0	5
-186.0	12
-185.0	6
-184.0	15.5
-183.0	6
-182.0	10
-181.0	6
-180.0	12
-179.0	11
-178.0	6
-177.0	10.0714
-176.0	13.0769
-175.0	6
-174.0	12
-173.0	9.5
-172.0	10
-171.0	13
-170.0	11
-169.0	12
-168.0	13
-167.0	13
-166.0	11
-165.0	7
-164.0	6
-163.0	3
-162.0	14
-161.0	7
-160.0	7
-159.0	12
-158.0	7
-157.0	10
-156.0	9
-155.0	4.125
-154.0	6
-153.0	10
-152.0	10
-151.0	7
-150.0	6
-149.0	10
-148.0	13
-147.0	7
-146.0	10
-145.0	16
-144.0	10
-143.0	5
-142.0	11
-141.0	11
-140.0	4
-139.0	6
-138.0	7
-137.0	10
-136.0	9
-135.0	6
-134.0	11
-133.0	10
-132.0	6.57692
-131.0	7
-130.0	8
-129.0	8
-128.0	6
-127.0	6
-126.0	10.0714
-125.0	9
-124.0	10
-123.0	16
-122.0	17
-121.0	8
-120.0	7
-119.0	6
-118.0	11
-117.0	12
-116.0	9
-115.0	11.125
-114.0	4
-113.0	12
-112.0	8
-111.0	9.1
-110.0	9
-109.0	5
-108.0	11
-107.0	9
-106.0	7
-105.0	14
-104.0	10
-103.0	12
-102.0	8
-101.0	10
-100.0	6
 -99.0	6
 -98.0	6
 -97.0	12
 -96.0	13
 -95.0	7
 -94.0	7
 -93.0	4
 -92.0	9
 -91.0	12
 -90.0	17
 -89.0	9.07692
 -88.0	7.5
 -87.0	13
 -86.0	13
 -85.0	9.33333
 -84.0	10
 -83.0	10
 -82.0	6
 -81.0	7
 -80.0	9
 -79.0	12
 -78.0	9.5
 -77.0	10.1
 -76.0	8
 -75.0	17.3393
 -74.0	7
 -73.0	10
 -72.0	11
 -71.0	11
 -70.0	11
 -69.0	12
 -68.0	8
 -67.0	8
 -66.0	10
 -65.0	6
 -64.0	13
 -63.0	10.5
 -62.0	9
 -61.0	7
 -60.0	4
 -59.0	10
 -58.0	14
 -57.0	10
 -56.0	13
 -55.0	10
 -54.0	6
 -53.0	7
 -52.0	8.33333
 -51.0	13
 -50.0	10
 -49.0	6
 -48.0	5
 -47.0	10
 -46.0	11.5769
 -45.0	9
 -44.0	14
 -43.0	10
 -42.0	7
 -41.0	5.14286
 -40.0	13
 -39.0	8
 -38.0	10
 -37.0	14.25
 -36.0	10
 -35.0	10
 -34.0	8
 -33.0	5
 -32.0	10
 -31.0	10
 -30.0	9
 -29.0	10
 -28.0	12
 -27.0	9
 -26.0	7
 -25.0	7
 -24.0	8.07143
 -23.0	10
 -22.0	16
 -21.0	8
 -20.0	12.5
 -19.0	17
 -18.0	18.5
 -17.0	11
 -16.0	9
 -15.0	11
 -14.0	9
 -13.0	8.5
 -12.0	14.1
 -11.0	8
 -10.0	8
  -9.0	7
  -8.0	11
  -7.0	9.14286
  -6.0	6
  -5.0	9
  -4.0	16
  -3.0	11.0769
  -2.0	10.3333
  -1.0	13
   0.0	9
   1.0	11
   2.0	11
   3.0	10
   4.0	11
   5.0	9.125
   6.0	8
   7.0	8
   8.0	21
   9.0	6.5
  10.0	9
  11.0	11
  12.0	10
  13.0	14
  14.0	8
  15.0	12
  16.0	13
  17.0	8
  18.0	5
  19.0	8
  20.0	19
  21.0	14
  22.0	14.3333
  23.0	7
  24.0	11
  25.0	15
  26.0	6
  27.0	14.5714
  28.0	5
  29.0	8
  30.0	12
  31.0	11.25
  32.0	6
  33.0	10.5
  34.0	6.5
  35.0	8
  36.0	13
  37.0	10
  38.0	8
  39.0	11
  40.0	13.0769
  41.0	6
  42.0	9
  43.0	7
  44.0	13
  45.0	7.625
  46.0	4
  47.0	10.5
  48.0	8.33333
  49.0	9
  50.0	6.5
  51.0	14
  52.0	14
  53.0	9
  54.0	6
  55.0	7
  56.0	12
  57.0	6
  58.0	13
  59.0	15.5
  60.0	7
  61.0	9
  62.0	6.14286
  63.0	12
  64.0	5
  65.0	12
  66.0	9
  67.0	14
  68.0	5
  69.0	15
  70.0	8
  71.0	9
  72.0	4
  73.0	11
  74.0	8
  75.0	4
  76.0	11
  77.0	7
  78.0	14.0714
  79.0	7
  80.0	4
  81.0	11.5
  82.0	9
  83.0	10.1
  84.0	8.07692
  85.0	14
  86.0	14
  87.0	8
  88.0	9
  89.0	13.5
  90.0	9
  91.0	7
  92.0	7
  93.0	4
  94.0	7
  95.0	6
  96.0	12.1429
  97.0	10.5
  98.0	6
  99.0	6
 100.0	11
 101.0	9
 102.0	6
 103.0	7
 104.0	8
 105.0	14
 106.0	6
 107.0	6
 108.0	4.5
 109.0	9
 110.0	6
 111.0	11.5
 112.0	8
 113.0	9
 114.0	5.5
 115.0	8
 116.0	8
 117.0	2.1
 118.0	14
 119.0	9
 120.0	8
 121.0	11
 122.0	7
 123.0	6
 124.0	8
 125.0	9.125
 126.0	9
 127.0	11
 128.0	12.0769
 129.0	10.0714
 130.0	7
 131.0	2
 132.0	12
 133.0	12
 134.0	10
 135.0	13.5
 136.0	8
 137.0	10
 138.0	14.5
 139.0	14
 140.0	6
 141.0	10
 142.0	4.5
 143.0	8
 144.0	5
 145.0	10
 146.0	10
 147.0	10
 148.0	8.1
 149.0	13
 150.0	5
 151.0	9
 152.0	9
 153.0	11
 154.0	6
 155.0	4
 156.0	7
 157.0	5
 158.0	5
 159.0	5
 160.0	14
 161.0	9
 162.0	18
 163.0	3.5
 164.0	7
 165.0	5
 166.0	4
 167.0	14.75
 168.0	6.5
 169.0	9
 170.0	6
 171.0	11.5
 172.0	9.07692
 173.0	2
 174.0	8
 175.0	7
 176.0	13
 177.0	5
 178.0	6
 179.0	2
 180.0	6.07143
 181.0	11
 182.0	6.1
 183.0	4
 184.0	8.5
 185.0	6
 186.0	1
 187.0	8
 188.0	6
 189.0	10
 190.0	9
 191.0	8
 192.0	10
 193.0	11
 194.0	9.5
 195.0	9
 196.0	7
 197.0	9
 198.0	15
 199.0	10
 200.0	9
 201.0	11.6429
 202.0	6
 203.0	3
 204.0	8
 205.0	12
 206.0	9
 207.0	6
 208.0	5
 209.0	10
 210.0	5
 211.0	10
 212.0	10
 213.0	5
 214.0	12
 215.0	8
 216.0	9.1
 217.0	4
 218.0	7
 219.0	7
 220.0	8.5
 221.0	5
 222.0	7.5
 223.0	9
 224.0	7
 225.0	7
 226.0	4
 227.0	8
 228.0	5
 229.0	8
 230.0	13
 231.0	10.0714
 232.0	10
 233.0	7
 234.0	6
 235.0	4
 236.0	7
 237.0	8
 238.0	3
 239.0	10
 240.0	9
 241.0	14
 242.0	9
 243.0	10.5
 244.0	10
 245.0	8
 246.0	9
 247.0	10
 248.0	12
 249.0	10.5
 250.0	0
 251.0	12.5
 252.0	11.5
 253.0	4
 254.0	14
 255.0	7
 256.0	5
 257.0	7
 258.0	7
 259.0	4.57692
 260.0	11
 261.0	8
 262.0	6
 263.0	5
 264.0	2
 265.0	5
 266.0	7
 267.0	6
 268.0	9
 269.0	11
 270.0	11
 271.0	11
 272.0	4.5
 273.0	9
 274.0	10
 275.0	8
 276.0	11
 277.0	5
 278.0	7
 279.0	10
 280.0	9
 281.0	9.1
 282.0	4.57143
 283.0	5
 284.0	8
 285.0	10
 286.0	9
 287.0	4
 288.0	11
 289.0	11
 290.0	5
 291.0	9.5
 292.0	8
 293.0	8
 294.0	8
 295.0	5
 296.0	8
 297.0	11
 298.0	7
 299.0	14
 300.0	2
 301.0	10
 302.0	9
 303.0	5.32692
 304.0	5
 305.0	11
 306.0	13
 307.0	9
 308.0	6
 309.0	10
 310.0	10
 311.0	7
 312.0	6
 313.0	11
 314.0	6
 315.0	10.1
 316.0	9
 317.0	8
 318.0	10
 319.0	8
 320.0	9.5
 321.0	7
 322.0	7
 323.0	9
 324.0	9
 325.0	2
 326.0	7
 327.0	7
 328.0	9
 329.0	9
 330.0	6
 331.0	13.5
 332.0	6
 333.0	8.07143
 334.0	8
 335.0	9
 336.0	5
 337.0	8
 338.0	14
 339.0	11
 340.0	10
 341.0	11
 342.0	5
 343.0	9
 344.0	8
 345.0	9
 346.0	2
 347.0	12.0769
DB 2 MOTIF	ZFX_HUMAN.H11MO.0.A
-350.0	9
-349.0	7
-348.0	12
-347.0	8
-346.0	5.5
-345.0	5.5
-344.0	6.5
-343.0	14.1667
-342.0	9
-341.0	8
-340.0	5
-339.0	6
-338.0	4
-337.0	9
-336.0	7.5
-335.0	9.11111
-334.0	7
-333.0	7
-332.0	7
-331.0	8.5
-330.0	7
-329.0	4
-328.0	9
-327.0	6
-326.0	6
-325.0	5.5
-324.0	5
-323.0	8
-322.0	10.5
-321.0	10
-320.0	8
-319.0	12
-318.0	6.5
-317.0	4
-316.0	7
-315.0	7
-314.0	7.5
-313.0	10
-312.0	8
-311.0	7
-310.0	10.5
-309.0	8.5
-308.0	3
-307.0	8
-306.0	5
-305.0	7
-304.0	6.5
-303.0	10.5
-302.0	7
-301.0	12.5
-300.0	7
-299.0	13
-298.0	10
-297.0	10.5
-296.0	16
-295.0	6.5
-294.0	4
-293.0	5.27778
-292.0	12
-291.0	8.5
-290.0	5
-289.0	9.5
-288.0	13
-287.0	8.33333
-286.0	8.5
-285.0	12
-284.0	7
-283.0	8
-282.0	6.5
-281.0	10
-280.0	6
-279.0	5
-278.0	9
-277.0	9
-276.0	4
-275.0	7.25
-274.0	7
-273.0	12
-272.0	4
-271.0	9
-270.0	14
-269.0	7
-268.0	7.5
-267.0	7
-266.0	14.5
-265.0	4
-264.0	7
-263.0	7
-262.0	9.5
-261.0	10
-260.0	12
-259.0	6
-258.0	13
-257.0	18.3333
-256.0	9.5
-255.0	13
-254.0	10.5
-253.0	11
-252.0	10
-251.0	4
-250.0	4
-249.0	7
-248.0	6
-247.0	6
-246.0	11.5
-245.0	8
-244.0	3
-243.0	10.5
-242.0	8
-241.0	9.66667
-240.0	9
-239.0	13.5
-238.0	4
-237.0	10
-236.0	3
-235.0	7
-234.0	9
-233.0	8
-232.0	9
-231.0	6
-230.0	10
-229.0	9.5
-228.0	13.5
-227.0	8
-226.0	9
-225.0	3
-224.0	9
-223.0	7
-222.0	11
-221.0	7
-220.0	6
-219.0	14
-218.0	8.5
-217.0	7
-216.0	7
-215.0	3
-214.0	8
-213.0	10.5
-212.0	6.5
-211.0	9.75
-210.0	4
-209.0	6
-208.0	4.5
-207.0	12
-206.0	2.5
-205.0	5
-204.0	8
-203.0	8
-202.0	3
-201.0	14
-200.0	10
-199.0	9
-198.0	8
-197.0	14
-196.0	4
-195.0	10
-194.0	8
-193.0	9.5
-192.0	14
-191.0	8
-190.0	5.5
-189.0	9.16667
-188.0	15
-187.0	8.5
-186.0	9
-185.0	7
-184.0	6.33333
-183.0	7
-182.0	7
-181.0	13
-180.0	9
-179.0	9
-178.0	9
-177.0	7.5
-176.0	9
-175.0	8
-174.0	12
-173.0	8.5
-172.0	7
-171.0	8
-170.0	6
-169.0	9
-168.0	3.25
-167.0	8
-166.0	7
-165.0	8
-164.0	5
-163.0	15
-162.0	8
-161.0	11
-160.0	7
-159.0	14
-158.0	12.5
-157.0	11
-156.0	8
-155.0	9
-154.0	3
-153.0	9
-152.0	8.5
-151.0	12
-150.0	9
-149.0	6
-148.0	9
-147.0	14
-146.0	8
-145.0	7.83333
-144.0	6
-143.0	6.5
-142.0	6.5
-141.0	9.5
-140.0	13
-139.0	3
-138.0	9
-137.0	8.16667
-136.0	10
-135.0	9
-134.0	6
-133.0	8
-132.0	15
-131.0	11
-130.0	8
-129.0	7
-128.0	6
-127.0	13
-126.0	9.5
-125.0	11
-124.0	11
-123.0	10
-122.0	8
-121.0	9
-120.0	9.5
-119.0	10
-118.0	10
-117.0	2
-116.0	7
-115.0	5
-114.0	5
-113.0	9
-112.0	11.1111
-111.0	10
-110.0	7
-109.0	3
-108.0	13
-107.0	6
-106.0	6
-105.0	10
-104.0	7
-103.0	8
-102.0	13
-101.0	6
-100.0	11
 -99.0	5.5
 -98.0	10
 -97.0	12
 -96.0	5.5
 -95.0	12
 -94.0	11
 -93.0	10
 -92.0	8
 -91.0	5
 -90.0	13
 -89.0	6
 -88.0	11
 -87.0	13
 -86.0	7
 -85.0	8.16667
 -84.0	14
 -83.0	8.5
 -82.0	6.5
 -81.0	13.3333
 -80.0	7
 -79.0	16
 -78.0	8.5
 -77.0	8
 -76.0	10
 -75.0	9
 -74.0	12.5
 -73.0	7
 -72.0	14
 -71.0	4
 -70.0	8.61111
 -69.0	10
 -68.0	6
 -67.0	7
 -66.0	12.5
 -65.0	10
 -64.0	8
 -63.0	10
 -62.0	11
 -61.0	15.25
 -60.0	13.5
 -59.0	8.5
 -58.0	10
 -57.0	10
 -56.0	12
 -55.0	4.5
 -54.0	11
 -53.0	8
 -52.0	11.625
 -51.0	6
 -50.0	8.5
 -49.0	8
 -48.0	10
 -47.0	7.5
 -46.0	14
 -45.0	9
 -44.0	8
 -43.0	12
 -42.0	18
 -41.0	8
 -40.0	13
 -39.0	5.5
 -38.0	8
 -37.0	9.5
 -36.0	8
 -35.0	7
 -34.0	14
 -33.0	7.25
 -32.0	10
 -31.0	10.5
 -30.0	7
 -29.0	4
 -28.0	9
 -27.0	15
 -26.0	9
 -25.0	10
 -24.0	11
 -23.0	9
 -22.0	11.5
 -21.0	11
 -20.0	11
 -19.0	12
 -18.0	7
 -17.0	14.5
 -16.0	11
 -15.0	8.125
 -14.0	13
 -13.0	10
 -12.0	9
 -11.0	8
 -10.0	11
  -9.0	11
  -8.0	9
  -7.0	12
  -6.0	8
  -5.0	9.5
  -4.0	12
  -3.0	13
  -2.0	13
  -1.0	7
   0.0	6
   1.0	8
   2.0	11
   3.0	12.5
   4.0	12
   5.0	10
   6.0	6
   7.0	13.5
   8.0	12
   9.0	6
  10.0	12
  11.0	10
  12.0	13
  13.0	10
  14.0	8
  15.0	7.5
  16.0	11.5
  17.0	8
  18.0	12
  19.0	8
  20.0	6
  21.0	11
  22.0	11.125
  23.0	9
  24.0	18
  25.0	7
  26.0	13
  27.0	9.83333
  28.0	12
  29.0	10
  30.0	8
  31.0	10
  32.0	8.5
  33.0	7.5
  34.0	10
  35.0	12
  36.0	16.75
  37.0	9
  38.0	5
  39.0	11
  40.0	14
  41.0	15.5
  42.0	8
  43.0	12.5
  44.0	6
  45.0	14.5
  46.0	6.25
  47.0	10.5
  48.0	11.5
  49.0	8
  50.0	8.5
  51.0	15
  52.0	8
  53.0	12
  54.0	4
  55.0	8
  56.0	10
  57.0	8
  58.0	6
  59.0	7.125
  60.0	12
  61.0	4.5
  62.0	14
  63.0	6
  64.0	10
  65.0	12
  66.0	10
  67.0	10
  68.0	14
  69.0	7.11111
  70.0	10.5
  71.0	8
  72.0	8
  73.0	9.5
  74.0	14
  75.0	4
  76.0	4
  77.0	11.5
  78.0	10
  79.0	12.5
  80.0	12
  81.0	13
  82.0	7
  83.0	7.5
  84.0	12.5
  85.0	8
  86.0	4
  87.0	6
  88.0	12
  89.0	13.5
  90.0	8
  91.0	6
  92.0	12
  93.0	12
  94.0	13
  95.0	8
  96.0	14.125
  97.0	4
  98.0	8
  99.0	6
 100.0	13.5
 101.0	13
 102.0	7
 103.0	12
 104.0	9
 105.0	8.25
 106.0	10.5
 107.0	9
 108.0	8
 109.0	4
 110.0	9
 111.0	6.11111
 112.0	9
 113.0	11
 114.0	9
 115.0	4
 116.0	7
 117.0	7.5
 118.0	10
 119.0	5
 120.0	5.5
 121.0	7
 122.0	7
 123.0	8
 124.0	7.33333
 125.0	4
 126.0	10.5
 127.0	10
 128.0	11
 129.0	8
 130.0	7
 131.0	9
 132.0	5
 133.0	15.125
 134.0	12
 135.0	9
 136.0	8
 137.0	9.5
 138.0	8
 139.0	6
 140.0	8
 141.0	5
 142.0	4.5
 143.0	5.5
 144.0	8
 145.0	8
 146.0	5
 147.0	13
 148.0	5
 149.0	6
 150.0	4.33333
 151.0	7.5
 152.0	10
 153.0	13
 154.0	7
 155.0	5
 156.0	3
 157.0	4
 158.0	5
 159.0	9.5
 160.0	10
 161.0	6
 162.0	7
 163.0	6.5
 164.0	8
 165.0	11
 166.0	8
 167.0	14
 168.0	9
 169.0	4
 170.0	6
 171.0	3
 172.0	10
 173.0	8
 174.0	4.5
 175.0	8
 176.0	9
 177.0	10.5
 178.0	11
 179.0	5
 180.0	10
 181.0	7
 182.0	5
 183.0	9.5
 184.0	9
 185.0	4
 186.0	12.5
 187.0	12.5
 188.0	12
 189.0	7
 190.0	9
 191.0	9
 192.0	10.5
 193.0	3.5
 194.0	12
 195.0	4.61111
 196.0	7
 197.0	10
 198.0	3.5
 199.0	9.5
 200.0	15
 201.0	7
 202.0	11
 203.0	8
 204.0	10
 205.0	8.5
 206.0	4
 207.0	11.125
 208.0	7
 209.0	2
 210.0	18
 211.0	5
 212.0	8
 213.0	7
 214.0	8
 215.0	16
 216.0	7
 217.0	8
 218.0	10
 219.0	10
 220.0	12.5
 221.0	10
 222.0	8.5
 223.0	8.5
 224.0	8
 225.0	9
 226.0	8
 227.0	12
 228.0	6.5
 229.0	10
 230.0	6
 231.0	9
 232.0	6
 233.0	9
 234.0	6
 235.0	3
 236.0	6
 237.0	7
 238.0	9
 239.0	7
 240.0	8
 241.0	9.5
 242.0	9
 243.0	5
 244.0	9
 245.0	9
 246.0	9
 247.0	8
 248.0	5
 249.0	6
 250.0	8.11111
 251.0	7
 252.0	8
 253.0	5
 254.0	9.5
 255.0	8
 256.0	8
 257.0	6
 258.0	7
 259.0	11
 260.0	3
 261.0	7.5
 262.0	10.5
 263.0	4.5
 264.0	8
 265.0	5
 266.0	5.33333
 267.0	7
 268.0	11
 269.0	12
 270.0	5
 271.0	8
 272.0	10
 273.0	14
 274.0	12
 275.0	7.5
 276.0	9.5
 277.0	7.5
 278.0	6.5
 279.0	6
 280.0	11.5
 281.0	4.125
 282.0	8
 283.0	13
 284.0	7
 285.0	8
 286.0	17
 287.0	5
 288.0	13
 289.0	6
 290.0	8
 291.0	4
 292.0	10.1111
 293.0	11
 294.0	9
 295.0	8
 296.0	3
 297.0	9.5
 298.0	13
 299.0	6
 300.0	5
 301.0	9
 302.0	5
 303.0	7
 304.0	5.5
 305.0	5
 306.0	6
 307.0	7
 308.0	10
 309.0	6
 310.0	7
 311.0	10
 312.0	7.5
 313.0	6.5
 314.0	8
 315.0	10
 316.0	10
 317.0	8
 318.0	4
 319.0	4
 320.0	7
 321.0	10.5
 322.0	7.5
 323.0	13
 324.0	8
 325.0	6
 326.0	8
 327.0	8
 328.0	10
 329.0	7
 330.0	9.5
 331.0	5.5
 332.0	3
 333.0	12
 334.0	5
 335.0	5
 336.0	4
 337.0	8
 338.0	13
 339.0	10
 340.0	3
 341.0	8.5
 342.0	2
 343.0	8.5
 344.0	4
 345.0	7
 346.0	8
 347.0	7
 348.0	7
 349.0	5
 350.0	7
DB 2 MOTIF	ZIC4_HUMAN.H11MO.0.D
-347.5	8
-346.5	4
-345.5	6
-344.5	7
-343.5	3
-342.5	4
-341.5	7
-340.5	5.07143
-339.5	2
-338.5	7
-337.5	1
-336.5	0.333333
-335.5	3
-334.5	5
-333.5	6
-332.5	6
-331.5	4
-330.5	7
-329.5	3
-328.5	7
-327.5	3
-326.5	4
-325.5	2
-324.5	4
-323.5	7
-322.5	4
-321.5	10
-320.5	3
-319.5	0
-318.5	5
-317.5	6
-316.5	7
-315.5	7
-314.5	6
-313.5	6
-312.5	6
-311.5	7
-310.5	4
-309.5	4
-308.5	6
-307.5	5
-306.5	4
-305.5	3
-304.5	6
-303.5	7
-302.5	5
-301.5	3
-300.5	9
-299.5	5
-298.5	3
-297.5	8
-296.5	3
-295.5	6
-294.5	3
-293.5	5
-292.5	5
-291.5	6
-290.5	2
-289.5	5.07143
-288.5	7
-287.5	9
-286.5	3.66667
-285.5	3
-284.5	5
-283.5	10
-282.5	4.5
-281.5	5
-280.5	6
-279.5	5
-278.5	4
-277.5	1
-276.5	2
-275.5	8
-274.5	4
-273.5	6
-272.5	8
-271.5	4
-270.5	4
-269.5	4
-268.5	4
-267.5	9
-266.5	9
-265.5	10
-264.5	4
-263.5	8
-262.5	7
-261.5	2
-260.5	8.33333
-259.5	4.25
-258.5	6
-257.5	5
-256.5	3
-255.5	3
-254.5	6
-253.5	6
-252.5	3
-251.5	11
-250.5	6
-249.5	3
-248.5	5
-247.5	5
-246.5	2
-245.5	1
-244.5	7
-243.5	8
-242.5	3.11111
-241.5	8
-240.5	6
-239.5	4
-238.5	7.07143
-237.5	9
-236.5	4
-235.5	5
-234.5	7.33333
-233.5	3
-232.5	5
-231.5	4
-230.5	5
-229.5	7
-228.5	5
-227.5	3
-226.5	7
-225.5	2
-224.5	5
-223.5	4
-222.5	4
-221.5	3
-220.5	4
-219.5	6
-218.5	5
-217.5	6
-216.5	11
-215.5	3
-214.5	6
-213.5	9
-212.5	5
-211.5	4
-210.5	3
-209.5	1
-208.5	5
-207.5	5
-206.5	9
-205.5	6
-204.5	3
-203.5	5
-202.5	6.11111
-201.5	6
-200.5	2
-199.5	5
-198.5	5
-197.5	4.5
-196.5	9
-195.5	6
-194.5	7
-193.5	7
-192.5	7
-191.5	4.5
-190.5	3
-189.5	2
-188.5	5
-187.5	7.40476
-186.5	11
-185.5	4
-184.5	4
-183.5	2
-182.5	4
-181.5	7
-180.5	6
-179.5	3
-178.5	2
-177.5	8
-176.5	3
-175.5	3
-174.5	9
-173.5	7
-172.5	8
-171.5	5
-170.5	8
-169.5	5
-168.5	6
-167.5	8
-166.5	11
-165.5	10
-164.5	2
-163.5	7
-162.5	5.11111
-161.5	8
-160.5	4
-159.5	5
-158.5	11
-157.5	5
-156.5	1
-155.5	6
-154.5	5
-153.5	6
-152.5	8.25
-151.5	6
-150.5	1
-149.5	4
-148.5	8.5
-147.5	5
-146.5	2
-145.5	8
-144.5	4
-143.5	6
-142.5	10
-141.5	5
-140.5	6
-139.5	4
-138.5	8
-137.5	4
-136.5	3.07143
-135.5	6
-134.5	7
-133.5	7
-132.5	9
-131.5	5
-130.5	3
-129.5	5
-128.5	2
-127.5	2
-126.5	5
-125.5	5
-124.5	8
-123.5	4
-122.5	2.11111
-121.5	7
-120.5	6
-119.5	0
-118.5	5
-117.5	8
-116.5	10
-115.5	10
-114.5	8
-113.5	5
-112.5	8
-111.5	4
-110.5	5
-109.5	6
-108.5	3
-107.5	4
-106.5	8
-105.5	6
-104.5	8
-103.5	5
-102.5	5
-101.5	3
-100.5	5
 -99.5	3
 -98.5	9
 -97.5	1
 -96.5	5
 -95.5	4
 -94.5	9
 -93.5	5
 -92.5	5
 -91.5	6
 -90.5	3
 -89.5	3
 -88.5	1
 -87.5	6
 -86.5	5
 -85.5	9.07143
 -84.5	4
 -83.5	3
 -82.5	12.1111
 -81.5	5
 -80.5	8
 -79.5	6
 -78.5	5
 -77.5	5
 -76.5	3
 -75.5	4
 -74.5	8
 -73.5	5
 -72.5	4
 -71.5	6
 -70.5	8
 -69.5	6
 -68.5	4
 -67.5	5
 -66.5	5
 -65.5	14
 -64.5	3
 -63.5	3
 -62.5	6
 -61.5	5
 -60.5	9
 -59.5	5
 -58.5	7
 -57.5	17
 -56.5	6.33333
 -55.5	6
 -54.5	6
 -53.5	5
 -52.5	6
 -51.5	6
 -50.5	8
 -49.5	3
 -48.5	4
 -47.5	7
 -46.5	8
 -45.5	6.25
 -44.5	10
 -43.5	5
 -42.5	7.11111
 -41.5	7
 -40.5	7
 -39.5	7
 -38.5	4
 -37.5	6.5
 -36.5	4
 -35.5	4
 -34.5	7.57143
 -33.5	11
 -32.5	6
 -31.5	7
 -30.5	6.83333
 -29.5	6
 -28.5	9
 -27.5	9
 -26.5	2
 -25.5	5
 -24.5	11
 -23.5	5
 -22.5	9
 -21.5	5
 -20.5	8
 -19.5	6
 -18.5	4
 -17.5	7
 -16.5	6
 -15.5	6
 -14.5	7
 -13.5	5
 -12.5	8
 -11.5	9
 -10.5	6
  -9.5	5
  -8.5	8
  -7.5	8
  -6.5	5
  -5.5	6.5
  -4.5	10.3333
  -3.5	7
  -2.5	3.11111
  -1.5	4
  -0.5	5
   0.5	7
   1.5	5
   2.5	6
   3.5	5
   4.5	5
   5.5	2
   6.5	7
   7.5	6
   8.5	6
   9.5	2.5
  10.5	5
  11.5	11
  12.5	4
  13.5	5
  14.5	7
  15.5	8
  16.5	15.0714
  17.5	6
  18.5	7
  19.5	3
  20.5	3
  21.5	7
  22.5	8
  23.5	6
  24.5	8
  25.5	1
  26.5	7
  27.5	7
  28.5	7
  29.5	5
  30.5	4
  31.5	5
  32.5	5
  33.5	8
  34.5	8
  35.5	5
  36.5	9
  37.5	8
  38.5	2
  39.5	6
  40.5	5
  41.5	7
  42.5	7
  43.5	6
  44.5	6
  45.5	5
  46.5	5
  47.5	6
  48.5	8
  49.5	5
  50.5	6
  51.5	9
  52.5	5
  53.5	8
  54.5	5
  55.5	7
  56.5	9
  57.5	4.5
  58.5	4
  59.5	10
  60.5	7
  61.5	6.25
  62.5	8
  63.5	9
  64.5	9
  65.5	13
  66.5	7
  67.5	5.07143
  68.5	2
  69.5	2
  70.5	4
  71.5	5
  72.5	3
  73.5	6
  74.5	4.33333
  75.5	5
  76.5	5
  77.5	7.11111
  78.5	5
  79.5	6
  80.5	6
  81.5	7
  82.5	1
  83.5	3
  84.5	5
  85.5	4.5
  86.5	4
  87.5	4
  88.5	3
  89.5	7
  90.5	7
  91.5	4
  92.5	4
  93.5	4
  94.5	8
  95.5	4
  96.5	4
  97.5	6
  98.5	5
  99.5	6
 100.5	3
 101.5	6
 102.5	7
 103.5	6
 104.5	8
 105.5	4
 106.5	5
 107.5	3
 108.5	5
 109.5	12
 110.5	7
 111.5	3
 112.5	4
 113.5	7
 114.5	4.5
 115.5	3
 116.5	6
 117.5	10.1111
 118.5	5.07143
 119.5	6
 120.5	4
 121.5	6
 122.5	6
 123.5	2
 124.5	3
 125.5	5
 126.5	5
 127.5	4
 128.5	6
 129.5	3
 130.5	4
 131.5	3
 132.5	5
 133.5	5
 134.5	1
 135.5	9
 136.5	6
 137.5	2
 138.5	5
 139.5	5
 140.5	5
 141.5	2
 142.5	9
 143.5	6
 144.5	7
 145.5	5
 146.5	3
 147.5	5
 148.5	7
 149.5	6
 150.5	4
 151.5	8
 152.5	5
 153.5	6
 154.5	4
 155.5	5
 156.5	6
 157.5	6
 158.5	2
 159.5	5
 160.5	3
 161.5	8
 162.5	8
 163.5	4
 164.5	6
 165.5	6
 166.5	3
 167.5	7
 168.5	5
 169.5	8.07143
 170.5	4
 171.5	9
 172.5	3
 173.5	5
 174.5	10
 175.5	6
 176.5	2
 177.5	5
 178.5	6
 179.5	3
 180.5	5
 181.5	6.33333
 182.5	3
 183.5	8
 184.5	4
 185.5	3
 186.5	9
 187.5	4
 188.5	7
 189.5	10
 190.5	4
 191.5	8
 192.5	3
 193.5	7
 194.5	6
 195.5	3
 196.5	6
 197.5	4
 198.5	5
 199.5	4
 200.5	5
 201.5	6
 202.5	6
 203.5	5
 204.5	10
 205.5	5
 206.5	3
 207.5	3
 208.5	3
 209.5	4
 210.5	12
 211.5	11
 212.5	5
 213.5	8
 214.5	3
 215.5	2
 216.5	8
 217.5	5
 218.5	3
 219.5	7
 220.5	4.07143
 221.5	10
 222.5	6
 223.5	6
 224.5	4
 225.5	3
 226.5	5
 227.5	1
 228.5	2
 229.5	4
 230.5	6
 231.5	3
 232.5	2
 233.5	1
 234.5	1
 235.5	3
 236.5	1
 237.5	9
 238.5	5
 239.5	6
 240.5	7
 241.5	5
 242.5	4
 243.5	4
 244.5	6
 245.5	5
 246.5	6
 247.5	4
 248.5	4
 249.5	4
 250.5	3.5
 251.5	5
 252.5	5
 253.5	4
 254.5	5
 255.5	1
 256.5	4
 257.5	3
 258.5	6
 259.5	7
 260.5	4
 261.5	7
 262.5	5
 263.5	4
 264.5	3
 265.5	9
 266.5	6
 267.5	4
 268.5	5
 269.5	5
 270.5	6
 271.5	6.07143
 272.5	4
 273.5	7
 274.5	6
 275.5	6
 276.5	4
 277.5	5
 278.5	7
 279.5	8
 280.5	3
 281.5	5
 282.5	5
 283.5	4
 284.5	3
 285.5	2
 286.5	3
 287.5	5
 288.5	4.33333
 289.5	5
 290.5	5
 291.5	5
 292.5	8
 293.5	6
 294.5	4
 295.5	4
 296.5	2
 297.5	3
 298.5	5
 299.5	3
 300.5	4
 301.5	7
 302.5	6
 303.5	3
 304.5	4
 305.5	6
 306.5	1
 307.5	4.5
 308.5	9
 309.5	9
 310.5	5
 311.5	4
 312.5	4
 313.5	2
 314.5	6
 315.5	2.5
 316.5	6
 317.5	4.5
 318.5	6
 319.5	4
 320.5	5
 321.5	2
 322.5	8.07143
 323.5	4.5
 324.5	5
 325.5	5
 326.5	7
 327.5	2
 328.5	5
 329.5	5
 330.5	2
 331.5	3
 332.5	2
 333.5	5.5
 334.5	3
 335.5	5
 336.5	4
 337.5	5
 338.5	4
 339.5	8
 340.5	7
 341.5	6
 342.5	7
 343.5	3
 344.5	3
 345.5	5
 346.5	5
 347.5	5
