DB 0 MOTIF	SCGGMVGTGACGTC	MEME-1
-111.0	0
-110.0	0
-109.0	0
-108.0	0
-107.0	0
-106.0	0
-105.0	0
-104.0	1
-103.0	0
-102.0	0
-101.0	2
-100.0	1
 -99.0	0
 -98.0	0
 -97.0	1
 -96.0	0
 -95.0	0
 -94.0	1
 -93.0	0
 -92.0	1
 -91.0	0
 -90.0	1
 -89.0	0
 -88.0	0
 -87.0	0
 -86.0	1
 -85.0	1
 -84.0	0
 -83.0	0
 -82.0	0
 -81.0	1
 -80.0	1
 -79.0	2
 -78.0	1
 -77.0	1
 -76.0	1
 -75.0	0
 -74.0	1
 -73.0	0
 -72.0	0
 -71.0	0
 -70.0	0
 -69.0	1
 -68.0	1
 -67.0	1
 -66.0	0
 -65.0	1
 -64.0	0
 -63.0	0
 -62.0	1
 -61.0	0
 -60.0	0
 -59.0	4
 -58.0	1
 -57.0	1
 -56.0	1
 -55.0	2
 -54.0	0
 -53.0	4
 -52.0	1
 -51.0	0
 -50.0	0
 -49.0	2
 -48.0	0
 -47.0	2
 -46.0	0
 -45.0	4
 -44.0	2
 -43.0	4
 -42.0	0
 -41.0	0
 -40.0	0
 -39.0	3
 -38.0	0
 -37.0	0
 -36.0	2
 -35.0	2
 -34.0	1
 -33.0	1
 -32.0	1
 -31.0	0
 -30.0	1
 -29.0	5
 -28.0	3
 -27.0	3
 -26.0	1
 -25.0	2
 -24.0	2
 -23.0	6
 -22.0	0
 -21.0	2
 -20.0	2
 -19.0	1
 -18.0	1
 -17.0	3
 -16.0	4
 -15.0	8
 -14.0	4
 -13.0	2
 -12.0	5
 -11.0	5
 -10.0	8
  -9.0	1
  -8.0	3
  -7.0	5
  -6.0	5
  -5.0	7
  -4.0	2
  -3.0	4
  -2.0	4
  -1.0	1
   0.0	4
   1.0	7
   2.0	5
   3.0	4
   4.0	3
   5.0	6
   6.0	2
   7.0	6.5
   8.0	3
   9.0	6
  10.0	5
  11.0	3
  12.0	10
  13.0	2
  14.0	4
  15.0	2.5
  16.0	2
  17.0	8
  18.0	2
  19.0	4
  20.0	4
  21.0	3
  22.0	4
  23.0	3
  24.0	5
  25.0	2
  26.0	2
  27.0	2
  28.0	3
  29.0	4
  30.0	3
  31.0	1
  32.0	2
  33.0	0
  34.0	7
  35.0	3
  36.0	1
  37.0	0
  38.0	1
  39.0	0
  40.0	1
  41.0	1
  42.0	0
  43.0	3
  44.0	0
  45.0	2
  46.0	0
  47.0	2
  48.0	0
  49.0	2
  50.0	0
  51.0	1
  52.0	1
  53.0	1
  54.0	1
  55.0	0
  56.0	0
  57.0	1
  58.0	0
  59.0	0
  60.0	0
  61.0	1
  62.0	0
  63.0	2
  64.0	0
  65.0	0
  66.0	1
  67.0	0
  68.0	0
  69.0	0
  70.0	0
  71.0	0
  72.0	2
  73.0	0
  74.0	2
  75.0	0
  76.0	0
  77.0	1
  78.0	0
  79.0	1
  80.0	0
  81.0	0
  82.0	0
  83.0	0
  84.0	1
  85.0	0
  86.0	0
  87.0	0
  88.0	0
  89.0	1
  90.0	0
  91.0	1
  92.0	2
  93.0	0
  94.0	0
  95.0	1
  96.0	1
  97.0	1
  98.0	0
  99.0	1
 100.0	0
 101.0	0
 102.0	0
 103.0	0
 104.0	0
 105.0	0
 106.0	0
 107.0	0
 108.0	0
 109.0	0
 110.0	0
 111.0	1
DB 1 MOTIF	1-TGACGTCACYDCC	STREME-1
-111.5	0
-110.5	2
-109.5	1
-108.5	0
-107.5	1
-106.5	2
-105.5	0
-104.5	1
-103.5	2
-102.5	1
-101.5	1
-100.5	1
 -99.5	0
 -98.5	1
 -97.5	0
 -96.5	0
 -95.5	0
 -94.5	0
 -93.5	1
 -92.5	1
 -91.5	1
 -90.5	1
 -89.5	1
 -88.5	1
 -87.5	0
 -86.5	0
 -85.5	0
 -84.5	0
 -83.5	1
 -82.5	1
 -81.5	0
 -80.5	1
 -79.5	2
 -78.5	1
 -77.5	0
 -76.5	0
 -75.5	3
 -74.5	1
 -73.5	0
 -72.5	1
 -71.5	3
 -70.5	1
 -69.5	2
 -68.5	3
 -67.5	2
 -66.5	1
 -65.5	0
 -64.5	2
 -63.5	2
 -62.5	1
 -61.5	1
 -60.5	1
 -59.5	2
 -58.5	3
 -57.5	6
 -56.5	3
 -55.5	2
 -54.5	0
 -53.5	2
 -52.5	1
 -51.5	5
 -50.5	1
 -49.5	1
 -48.5	3
 -47.5	1
 -46.5	3.33333
 -45.5	4
 -44.5	3
 -43.5	1
 -42.5	1
 -41.5	5
 -40.5	3
 -39.5	4
 -38.5	1
 -37.5	6
 -36.5	3
 -35.5	4
 -34.5	4
 -33.5	2
 -32.5	6
 -31.5	4
 -30.5	10
 -29.5	4
 -28.5	8
 -27.5	9
 -26.5	5
 -25.5	8
 -24.5	7
 -23.5	5
 -22.5	5
 -21.5	9
 -20.5	3
 -19.5	5
 -18.5	10
 -17.5	6
 -16.5	7
 -15.5	8
 -14.5	6
 -13.5	12.3333
 -12.5	7
 -11.5	8
 -10.5	13
  -9.5	12
  -8.5	18
  -7.5	8
  -6.5	7
  -5.5	11
  -4.5	12
  -3.5	14.5
  -2.5	6
  -1.5	13
  -0.5	8
   0.5	12
   1.5	12.5
   2.5	12
   3.5	14
   4.5	9
   5.5	5
   6.5	10
   7.5	9
   8.5	14
   9.5	7
  10.5	21
  11.5	8.5
  12.5	9
  13.5	15.5
  14.5	12
  15.5	15
  16.5	3
  17.5	8
  18.5	8
  19.5	5.33333
  20.5	11
  21.5	5
  22.5	16
  23.5	3
  24.5	10
  25.5	9
  26.5	11
  27.5	7
  28.5	2.5
  29.5	6
  30.5	4
  31.5	3.5
  32.5	9
  33.5	4
  34.5	2
  35.5	1
  36.5	3
  37.5	4
  38.5	3
  39.5	6
  40.5	4
  41.5	5
  42.5	2
  43.5	3
  44.5	3
  45.5	2
  46.5	1
  47.5	4
  48.5	1
  49.5	1
  50.5	2
  51.5	3
  52.5	3
  53.5	3
  54.5	3
  55.5	0
  56.5	0
  57.5	1
  58.5	2
  59.5	1
  60.5	0
  61.5	4
  62.5	3
  63.5	1
  64.5	1
  65.5	2
  66.5	0
  67.5	1
  68.5	0
  69.5	0
  70.5	0
  71.5	0
  72.5	0
  73.5	1
  74.5	0
  75.5	2
  76.5	0
  77.5	1
  78.5	0
  79.5	1
  80.5	0
  81.5	1
  82.5	4
  83.5	0
  84.5	1
  85.5	0
  86.5	1
  87.5	1
  88.5	1
  89.5	1
  90.5	1
  91.5	0
  92.5	3
  93.5	1
  94.5	1
  95.5	0
  96.5	1
  97.5	1
  98.5	0
  99.5	0
 100.5	0
 101.5	1
 102.5	0
 103.5	0
 104.5	1
 105.5	0
 106.5	2
 107.5	0
 108.5	2
 109.5	0
 110.5	0
 111.5	0
DB 1 MOTIF	2-CACTTCCGG	STREME-2
-113.5	5
-112.5	3
-111.5	3
-110.5	0
-109.5	1
-108.5	2
-107.5	0
-106.5	2
-105.5	5
-104.5	5
-103.5	3
-102.5	8.5
-101.5	2
-100.5	1
 -99.5	1
 -98.5	1
 -97.5	0
 -96.5	1.5
 -95.5	4
 -94.5	2
 -93.5	3
 -92.5	3.5
 -91.5	0
 -90.5	4
 -89.5	0.5
 -88.5	2
 -87.5	3.16667
 -86.5	2
 -85.5	0
 -84.5	2
 -83.5	2
 -82.5	0
 -81.5	0
 -80.5	2
 -79.5	0
 -78.5	7
 -77.5	3.5
 -76.5	3
 -75.5	5
 -74.5	1.5
 -73.5	2
 -72.5	3
 -71.5	2
 -70.5	1.5
 -69.5	2
 -68.5	4
 -67.5	5
 -66.5	2
 -65.5	4
 -64.5	2
 -63.5	1
 -62.5	2
 -61.5	4
 -60.5	2
 -59.5	4
 -58.5	2
 -57.5	2.5
 -56.5	1
 -55.5	2
 -54.5	4
 -53.5	1
 -52.5	1
 -51.5	3
 -50.5	2.5
 -49.5	0
 -48.5	2
 -47.5	1
 -46.5	0
 -45.5	5
 -44.5	2
 -43.5	3.5
 -42.5	1
 -41.5	5
 -40.5	5
 -39.5	4
 -38.5	3
 -37.5	4
 -36.5	1.5
 -35.5	0
 -34.5	14
 -33.5	0
 -32.5	6
 -31.5	5
 -30.5	3
 -29.5	2.5
 -28.5	4
 -27.5	4
 -26.5	4.5
 -25.5	3
 -24.5	5
 -23.5	4
 -22.5	1
 -21.5	0
 -20.5	4
 -19.5	5.16667
 -18.5	7
 -17.5	6.5
 -16.5	5
 -15.5	6
 -14.5	4
 -13.5	5
 -12.5	6.5
 -11.5	2
 -10.5	2
  -9.5	8
  -8.5	1.5
  -7.5	5
  -6.5	4
  -5.5	4
  -4.5	2
  -3.5	3
  -2.5	6
  -1.5	10
  -0.5	7.5
   0.5	6
   1.5	5
   2.5	3
   3.5	3
   4.5	7
   5.5	3
   6.5	3.16667
   7.5	10.5
   8.5	9
   9.5	2
  10.5	5
  11.5	5
  12.5	5
  13.5	5
  14.5	5
  15.5	3
  16.5	8
  17.5	3
  18.5	5
  19.5	3.5
  20.5	1
  21.5	7
  22.5	5
  23.5	6
  24.5	5.5
  25.5	4
  26.5	2
  27.5	6
  28.5	4
  29.5	4
  30.5	8.5
  31.5	6
  32.5	0
  33.5	4
  34.5	8
  35.5	2
  36.5	4
  37.5	3
  38.5	3.16667
  39.5	1
  40.5	9
  41.5	5
  42.5	6
  43.5	2
  44.5	2
  45.5	8
  46.5	3
  47.5	5.5
  48.5	5
  49.5	6
  50.5	2
  51.5	1
  52.5	3
  53.5	4
  54.5	2
  55.5	2
  56.5	1
  57.5	2
  58.5	5
  59.5	1
  60.5	3
  61.5	1
  62.5	4
  63.5	3
  64.5	2
  65.5	5
  66.5	5
  67.5	6
  68.5	1
  69.5	2
  70.5	3
  71.5	1
  72.5	1.16667
  73.5	4
  74.5	1
  75.5	3
  76.5	3.5
  77.5	4
  78.5	2
  79.5	5
  80.5	2
  81.5	4
  82.5	2
  83.5	1
  84.5	1
  85.5	2
  86.5	0.5
  87.5	3
  88.5	4
  89.5	0
  90.5	3
  91.5	1
  92.5	1
  93.5	2
  94.5	2
  95.5	3
  96.5	2
  97.5	1
  98.5	1
  99.5	3
 100.5	2
 101.5	3
 102.5	4
 103.5	2
 104.5	1
 105.5	2
 106.5	2.16667
 107.5	1
 108.5	2
 109.5	1
 110.5	0
 111.5	3
 112.5	4
 113.5	1
DB 1 MOTIF	7-ACGTCAG	STREME-7
-114.5	0
-113.5	1
-112.5	1
-111.5	1
-110.5	0
-109.5	0
-108.5	1
-107.5	1
-106.5	1.5
-105.5	2.5
-104.5	1
-103.5	1.5
-102.5	1.5
-101.5	0
-100.5	2
 -99.5	1.5
 -98.5	0
 -97.5	0.5
 -96.5	0
 -95.5	0
 -94.5	3.5
 -93.5	2
 -92.5	0
 -91.5	2
 -90.5	0
 -89.5	0
 -88.5	1
 -87.5	0
 -86.5	1
 -85.5	1
 -84.5	0
 -83.5	1
 -82.5	0
 -81.5	1
 -80.5	0
 -79.5	1
 -78.5	0
 -77.5	1
 -76.5	2
 -75.5	0
 -74.5	0
 -73.5	2
 -72.5	2
 -71.5	2
 -70.5	0.5
 -69.5	1.5
 -68.5	2.5
 -67.5	1
 -66.5	0
 -65.5	1.5
 -64.5	1
 -63.5	2
 -62.5	0
 -61.5	0
 -60.5	0
 -59.5	2
 -58.5	2.5
 -57.5	2.5
 -56.5	3.33333
 -55.5	2.5
 -54.5	2.5
 -53.5	1.33333
 -52.5	1.5
 -51.5	1
 -50.5	2
 -49.5	1.5
 -48.5	2
 -47.5	4
 -46.5	3.5
 -45.5	4
 -44.5	1.5
 -43.5	0
 -42.5	1
 -41.5	3
 -40.5	6
 -39.5	2
 -38.5	4
 -37.5	0
 -36.5	8
 -35.5	3
 -34.5	4.5
 -33.5	2.5
 -32.5	4
 -31.5	2
 -30.5	5
 -29.5	7.25
 -28.5	4
 -27.5	5
 -26.5	10.25
 -25.5	2
 -24.5	6.5
 -23.5	6
 -22.5	3
 -21.5	7
 -20.5	4.5
 -19.5	0.5
 -18.5	5.5
 -17.5	8
 -16.5	5
 -15.5	2
 -14.5	4.5
 -13.5	3
 -12.5	9
 -11.5	3.25
 -10.5	6.5
  -9.5	10
  -8.5	8.25
  -7.5	13
  -6.5	6.5
  -5.5	4.5
  -4.5	9.33333
  -3.5	8.5
  -2.5	9.83333
  -1.5	6.5
  -0.5	13
   0.5	13.3333
   1.5	7
   2.5	5
   3.5	3.33333
   4.5	7.33333
   5.5	9.5
   6.5	8.5
   7.5	10
   8.5	6.5
   9.5	13.5
  10.5	4.5
  11.5	12
  12.5	5.5
  13.5	3.5
  14.5	13
  15.5	6.33333
  16.5	3.5
  17.5	7.5
  18.5	2.5
  19.5	7
  20.5	5
  21.5	9.33333
  22.5	6
  23.5	7
  24.5	1.83333
  25.5	5.5
  26.5	9
  27.5	3.5
  28.5	7.5
  29.5	2.5
  30.5	4.5
  31.5	7.5
  32.5	4
  33.5	3
  34.5	0.5
  35.5	0.833333
  36.5	4
  37.5	5
  38.5	4.33333
  39.5	3.5
  40.5	6.5
  41.5	3
  42.5	3.5
  43.5	0
  44.5	3
  45.5	3
  46.5	2
  47.5	1.5
  48.5	2
  49.5	2
  50.5	2
  51.5	1
  52.5	1.5
  53.5	3
  54.5	3.5
  55.5	0.5
  56.5	3
  57.5	1.5
  58.5	2
  59.5	1.5
  60.5	2
  61.5	2
  62.5	1.5
  63.5	0
  64.5	0.5
  65.5	1
  66.5	0
  67.5	1.5
  68.5	1
  69.5	0
  70.5	0
  71.5	1
  72.5	1
  73.5	0
  74.5	1
  75.5	1
  76.5	1.5
  77.5	1
  78.5	3.5
  79.5	1.5
  80.5	0
  81.5	3.5
  82.5	0
  83.5	1
  84.5	1
  85.5	1
  86.5	2
  87.5	2
  88.5	1
  89.5	0
  90.5	0.5
  91.5	1
  92.5	3
  93.5	0.5
  94.5	1
  95.5	2
  96.5	0.5
  97.5	0
  98.5	3
  99.5	0
 100.5	2
 101.5	2
 102.5	1
 103.5	0
 104.5	2
 105.5	0
 106.5	1
 107.5	1
 108.5	0
 109.5	0
 110.5	0
 111.5	0
 112.5	1
 113.5	1
 114.5	2
DB 1 MOTIF	9-RTGACGCA	STREME-9
-114.0	3
-113.0	0
-112.0	1
-111.0	1
-110.0	0
-109.0	1
-108.0	0
-107.0	2
-106.0	2
-105.0	0
-104.0	1
-103.0	0
-102.0	1
-101.0	0
-100.0	1
 -99.0	0
 -98.0	1
 -97.0	1
 -96.0	1
 -95.0	2
 -94.0	1
 -93.0	1
 -92.0	0
 -91.0	0
 -90.0	0
 -89.0	1
 -88.0	1
 -87.0	0
 -86.0	1
 -85.0	0
 -84.0	0
 -83.0	1
 -82.0	2
 -81.0	0
 -80.0	0
 -79.0	1
 -78.0	0
 -77.0	1
 -76.0	0
 -75.0	2
 -74.0	0.5
 -73.0	2
 -72.0	1.5
 -71.0	0
 -70.0	1.5
 -69.0	0
 -68.0	2
 -67.0	2
 -66.0	4
 -65.0	1
 -64.0	0
 -63.0	1
 -62.0	0
 -61.0	0
 -60.0	0
 -59.0	0
 -58.0	0
 -57.0	1
 -56.0	1
 -55.0	1
 -54.0	0
 -53.0	1
 -52.0	0
 -51.0	0
 -50.0	1
 -49.0	0
 -48.0	2.33333
 -47.0	3
 -46.0	2
 -45.0	0
 -44.0	2
 -43.0	0
 -42.0	1
 -41.0	3
 -40.0	1
 -39.0	1
 -38.0	1
 -37.0	1
 -36.0	3
 -35.0	2
 -34.0	2
 -33.0	1
 -32.0	1
 -31.0	2
 -30.0	1
 -29.0	3
 -28.0	0
 -27.0	3
 -26.0	2
 -25.0	2
 -24.0	1
 -23.0	8
 -22.0	1
 -21.0	3
 -20.0	3
 -19.0	1
 -18.0	3
 -17.0	4
 -16.0	1
 -15.0	5.33333
 -14.0	2
 -13.0	3
 -12.0	2
 -11.0	5
 -10.0	1
  -9.0	8
  -8.0	3
  -7.0	6
  -6.0	1
  -5.0	3
  -4.0	4
  -3.0	5.5
  -2.0	6
  -1.0	3
   0.0	2
   1.0	6
   2.0	4
   3.0	1
   4.0	5
   5.0	5
   6.0	2.5
   7.0	3
   8.0	2.5
   9.0	7
  10.0	1
  11.0	5
  12.0	3
  13.0	5.5
  14.0	3
  15.0	7
  16.0	6
  17.0	6
  18.0	1.33333
  19.0	5
  20.0	1
  21.0	3
  22.0	2
  23.0	4
  24.0	4
  25.0	3
  26.0	2
  27.0	4
  28.0	2
  29.0	2.5
  30.0	2.5
  31.0	1
  32.0	4
  33.0	2.5
  34.0	1
  35.0	1
  36.0	1
  37.0	2
  38.0	1
  39.0	4
  40.0	2
  41.0	3
  42.0	1
  43.0	0
  44.0	0
  45.0	0
  46.0	1
  47.0	1
  48.0	0
  49.0	1
  50.0	1
  51.0	1.5
  52.0	2
  53.0	1
  54.0	0
  55.0	0
  56.0	1
  57.0	0.5
  58.0	1
  59.0	1
  60.0	3
  61.0	0
  62.0	1
  63.0	0
  64.0	0
  65.0	1
  66.0	0
  67.0	1
  68.0	0
  69.0	0
  70.0	0
  71.0	0
  72.0	1
  73.0	0
  74.0	1
  75.0	1
  76.0	0
  77.0	1
  78.0	0
  79.0	2
  80.0	3
  81.0	0
  82.0	1
  83.0	0
  84.0	2
  85.0	0
  86.0	2
  87.0	0
  88.0	0
  89.0	0
  90.0	1
  91.0	0
  92.0	1
  93.0	0
  94.0	0
  95.0	1
  96.0	0
  97.0	1
  98.0	0
  99.0	1
 100.0	0
 101.0	0
 102.0	1
 103.0	0
 104.0	0
 105.0	0
 106.0	2
 107.0	0
 108.0	1
 109.0	1
 110.0	0
 111.0	0
 112.0	0
 113.0	2
 114.0	1
DB 1 MOTIF	12-CGTCATCAG	STREME-12
-113.5	2
-112.5	1
-111.5	1
-110.5	2
-109.5	0
-108.5	0
-107.5	1
-106.5	1
-105.5	1
-104.5	0
-103.5	1
-102.5	1
-101.5	0
-100.5	0
 -99.5	0
 -98.5	0
 -97.5	0
 -96.5	0
 -95.5	1
 -94.5	0
 -93.5	0
 -92.5	0
 -91.5	0
 -90.5	3
 -89.5	0
 -88.5	0
 -87.5	0
 -86.5	1
 -85.5	1.5
 -84.5	1
 -83.5	0
 -82.5	0
 -81.5	0
 -80.5	1
 -79.5	1
 -78.5	0
 -77.5	0.5
 -76.5	1.5
 -75.5	2
 -74.5	2
 -73.5	1
 -72.5	1
 -71.5	1
 -70.5	1
 -69.5	0
 -68.5	2
 -67.5	0
 -66.5	1
 -65.5	0
 -64.5	0
 -63.5	2
 -62.5	0
 -61.5	3
 -60.5	1
 -59.5	1
 -58.5	0
 -57.5	2
 -56.5	1.5
 -55.5	1
 -54.5	1
 -53.5	0
 -52.5	1
 -51.5	2.5
 -50.5	1
 -49.5	0
 -48.5	1
 -47.5	0
 -46.5	1
 -45.5	3
 -44.5	0
 -43.5	2
 -42.5	0
 -41.5	2
 -40.5	0
 -39.5	0
 -38.5	2
 -37.5	0.5
 -36.5	2
 -35.5	1
 -34.5	0.5
 -33.5	3
 -32.5	1
 -31.5	2
 -30.5	2
 -29.5	0
 -28.5	4
 -27.5	3
 -26.5	3
 -25.5	3
 -24.5	2
 -23.5	4
 -22.5	3
 -21.5	3.5
 -20.5	1
 -19.5	1
 -18.5	1
 -17.5	2.5
 -16.5	0
 -15.5	4
 -14.5	7.5
 -13.5	4
 -12.5	0.5
 -11.5	5
 -10.5	5
  -9.5	5
  -8.5	3
  -7.5	5
  -6.5	6.5
  -5.5	4.5
  -4.5	5.5
  -3.5	3.5
  -2.5	2
  -1.5	3
  -0.5	0
   0.5	1.5
   1.5	7.5
   2.5	4
   3.5	3.5
   4.5	2
   5.5	4
   6.5	2
   7.5	5
   8.5	3
   9.5	5
  10.5	2.5
  11.5	4.5
  12.5	9
  13.5	3
  14.5	4
  15.5	6
  16.5	5
  17.5	2
  18.5	2
  19.5	3
  20.5	2
  21.5	9
  22.5	4
  23.5	2
  24.5	0
  25.5	1
  26.5	3.5
  27.5	6
  28.5	1.5
  29.5	0
  30.5	3
  31.5	1
  32.5	7
  33.5	0
  34.5	1
  35.5	0
  36.5	1
  37.5	1
  38.5	1
  39.5	0
  40.5	0
  41.5	3
  42.5	2
  43.5	1
  44.5	1
  45.5	0
  46.5	3
  47.5	0
  48.5	1
  49.5	0
  50.5	0
  51.5	3
  52.5	3
  53.5	1
  54.5	2
  55.5	0.5
  56.5	0
  57.5	2
  58.5	0
  59.5	0
  60.5	0
  61.5	1
  62.5	0
  63.5	0
  64.5	0
  65.5	0
  66.5	1
  67.5	2
  68.5	1
  69.5	1
  70.5	1
  71.5	0
  72.5	0
  73.5	1
  74.5	2
  75.5	2
  76.5	1
  77.5	0
  78.5	0
  79.5	0
  80.5	1
  81.5	1
  82.5	1
  83.5	0
  84.5	0
  85.5	1
  86.5	1
  87.5	0
  88.5	0
  89.5	0
  90.5	1
  91.5	1
  92.5	0
  93.5	0
  94.5	1.5
  95.5	4
  96.5	1
  97.5	0
  98.5	0
  99.5	1
 100.5	1
 101.5	0
 102.5	1
 103.5	0
 104.5	0
 105.5	0
 106.5	1
 107.5	2
 108.5	0
 109.5	1
 110.5	0
 111.5	1
 112.5	0
 113.5	0
DB 1 MOTIF	17-ACCATGGASAGMGC	STREME-17
-111.0	0
-110.0	0
-109.0	0
-108.0	2
-107.0	1
-106.0	1
-105.0	0
-104.0	2
-103.0	0
-102.0	0
-101.0	0
-100.0	0
 -99.0	0
 -98.0	0
 -97.0	2
 -96.0	2
 -95.0	0
 -94.0	2
 -93.0	1
 -92.0	0
 -91.0	2
 -90.0	1
 -89.0	1
 -88.0	0
 -87.0	2
 -86.0	2
 -85.0	0
 -84.0	0
 -83.0	0
 -82.0	2
 -81.0	1
 -80.0	1
 -79.0	4
 -78.0	1
 -77.0	0
 -76.0	1
 -75.0	0
 -74.0	1
 -73.0	1
 -72.0	3
 -71.0	0
 -70.0	2
 -69.0	0
 -68.0	0
 -67.0	1
 -66.0	1
 -65.0	3
 -64.0	3
 -63.0	1
 -62.0	1
 -61.0	1
 -60.0	0
 -59.0	2
 -58.0	0
 -57.0	0
 -56.0	3
 -55.0	4
 -54.0	0
 -53.0	0
 -52.0	0
 -51.0	0
 -50.0	1
 -49.0	3
 -48.0	1
 -47.0	3
 -46.0	0.5
 -45.0	0
 -44.0	0
 -43.0	1
 -42.0	0
 -41.0	0
 -40.0	0
 -39.0	1
 -38.0	1
 -37.0	1
 -36.0	2
 -35.0	3
 -34.0	2
 -33.0	1
 -32.0	0
 -31.0	2
 -30.0	1
 -29.0	0
 -28.0	0
 -27.0	2
 -26.0	1
 -25.0	1
 -24.0	3
 -23.0	0
 -22.0	1
 -21.0	3
 -20.0	0
 -19.0	2
 -18.0	3
 -17.0	2
 -16.0	1
 -15.0	2
 -14.0	0
 -13.0	1
 -12.0	1
 -11.0	3
 -10.0	2
  -9.0	1
  -8.0	0
  -7.0	1
  -6.0	0
  -5.0	1
  -4.0	2
  -3.0	2
  -2.0	1
  -1.0	3
   0.0	1
   1.0	2
   2.0	3
   3.0	0
   4.0	4
   5.0	1
   6.0	2
   7.0	1
   8.0	0
   9.0	1
  10.0	0
  11.0	1
  12.0	1
  13.0	4
  14.0	2
  15.0	0
  16.0	1
  17.0	2
  18.0	1
  19.0	3
  20.0	2
  21.0	4
  22.0	3
  23.0	3
  24.0	1
  25.0	1
  26.0	2
  27.0	1
  28.0	0
  29.0	0
  30.0	1
  31.0	0.5
  32.0	2
  33.0	0
  34.0	0
  35.0	0
  36.0	1
  37.0	1
  38.0	1
  39.0	2
  40.0	0
  41.0	1
  42.0	0
  43.0	0
  44.0	1
  45.0	2
  46.0	1
  47.0	0
  48.0	0
  49.0	0
  50.0	1
  51.0	1
  52.0	0
  53.0	0
  54.0	1
  55.0	1
  56.0	0
  57.0	3
  58.0	0
  59.0	1
  60.0	1
  61.0	1
  62.0	1
  63.0	1
  64.0	0
  65.0	2
  66.0	1
  67.0	1
  68.0	0
  69.0	1
  70.0	1
  71.0	0
  72.0	2
  73.0	1
  74.0	0
  75.0	1
  76.0	1
  77.0	1
  78.0	3
  79.0	1
  80.0	0
  81.0	0
  82.0	0
  83.0	1
  84.0	0
  85.0	0
  86.0	0
  87.0	0
  88.0	1
  89.0	2
  90.0	0
  91.0	1
  92.0	0
  93.0	0
  94.0	0
  95.0	2
  96.0	2
  97.0	0
  98.0	0
  99.0	1
 100.0	2
 101.0	2
 102.0	1
 103.0	0
 104.0	0
 105.0	0
 106.0	1
 107.0	1
 108.0	1
 109.0	1
 110.0	1
 111.0	2
DB 2 MOTIF	AHR_HUMAN.H11MO.0.B
-113.5	7
-112.5	1
-111.5	0
-110.5	2
-109.5	3
-108.5	2
-107.5	4
-106.5	3.5
-105.5	2.5
-104.5	3
-103.5	4
-102.5	4.5
-101.5	3.5
-100.5	3
 -99.5	4.5
 -98.5	1.5
 -97.5	4
 -96.5	2
 -95.5	1
 -94.5	2
 -93.5	4
 -92.5	1
 -91.5	1
 -90.5	2
 -89.5	4
 -88.5	6
 -87.5	2.5
 -86.5	3
 -85.5	3
 -84.5	2
 -83.5	4
 -82.5	3
 -81.5	4
 -80.5	5
 -79.5	1
 -78.5	1
 -77.5	2
 -76.5	4.5
 -75.5	2.5
 -74.5	3
 -73.5	7
 -72.5	4.5
 -71.5	5
 -70.5	3
 -69.5	3
 -68.5	5
 -67.5	4
 -66.5	4
 -65.5	6
 -64.5	8.5
 -63.5	1
 -62.5	3
 -61.5	0
 -60.5	3
 -59.5	4
 -58.5	4
 -57.5	2
 -56.5	2
 -55.5	1
 -54.5	2
 -53.5	1
 -52.5	4
 -51.5	5
 -50.5	4
 -49.5	5
 -48.5	2
 -47.5	2.5
 -46.5	5
 -45.5	3
 -44.5	3
 -43.5	2
 -42.5	4.5
 -41.5	1
 -40.5	3
 -39.5	6
 -38.5	5
 -37.5	5.5
 -36.5	4
 -35.5	3
 -34.5	2
 -33.5	4
 -32.5	4
 -31.5	3
 -30.5	0
 -29.5	2
 -28.5	3
 -27.5	5
 -26.5	8
 -25.5	4
 -24.5	4
 -23.5	2
 -22.5	3
 -21.5	6.5
 -20.5	3.5
 -19.5	4
 -18.5	4
 -17.5	4.5
 -16.5	4
 -15.5	3
 -14.5	7
 -13.5	2
 -12.5	3
 -11.5	6
 -10.5	5
  -9.5	3
  -8.5	6
  -7.5	4.5
  -6.5	5
  -5.5	5
  -4.5	2
  -3.5	5
  -2.5	8
  -1.5	4
  -0.5	3
   0.5	5
   1.5	2
   2.5	3
   3.5	7
   4.5	5
   5.5	3
   6.5	5
   7.5	4.5
   8.5	3
   9.5	8
  10.5	6
  11.5	8
  12.5	3
  13.5	5
  14.5	2
  15.5	5
  16.5	7
  17.5	6
  18.5	4.5
  19.5	9.5
  20.5	3
  21.5	7
  22.5	4
  23.5	2
  24.5	3
  25.5	3
  26.5	7
  27.5	5
  28.5	4
  29.5	0
  30.5	6.5
  31.5	1.5
  32.5	5
  33.5	4
  34.5	6
  35.5	4
  36.5	4
  37.5	3
  38.5	9
  39.5	6
  40.5	5.33333
  41.5	5
  42.5	4
  43.5	4
  44.5	5
  45.5	6
  46.5	5
  47.5	6
  48.5	3.5
  49.5	10
  50.5	2
  51.5	2
  52.5	2
  53.5	3
  54.5	5
  55.5	3
  56.5	3
  57.5	0
  58.5	2.33333
  59.5	8.33333
  60.5	3
  61.5	2
  62.5	1
  63.5	3
  64.5	5
  65.5	2
  66.5	5
  67.5	1
  68.5	1
  69.5	2.5
  70.5	1
  71.5	1
  72.5	5
  73.5	4
  74.5	1
  75.5	2
  76.5	1
  77.5	6
  78.5	5
  79.5	0
  80.5	3.5
  81.5	2
  82.5	3
  83.5	1
  84.5	3
  85.5	5
  86.5	2
  87.5	5
  88.5	2
  89.5	5
  90.5	3
  91.5	3
  92.5	1
  93.5	3
  94.5	2
  95.5	2
  96.5	1
  97.5	5
  98.5	2
  99.5	0
 100.5	3
 101.5	1
 102.5	0
 103.5	3
 104.5	3
 105.5	3
 106.5	4
 107.5	3
 108.5	3
 109.5	7
 110.5	2
 111.5	2
 112.5	5.5
 113.5	1.5
DB 2 MOTIF	ARNT_HUMAN.H11MO.0.B
-113.5	2
-112.5	2
-111.5	3
-110.5	3
-109.5	3
-108.5	2
-107.5	0
-106.5	3.5
-105.5	4.5
-104.5	4
-103.5	1
-102.5	1.5
-101.5	2.5
-100.5	3
 -99.5	5.5
 -98.5	4.5
 -97.5	2
 -96.5	2
 -95.5	1
 -94.5	5
 -93.5	0
 -92.5	4
 -91.5	6
 -90.5	2
 -89.5	1
 -88.5	4
 -87.5	5
 -86.5	3
 -85.5	3
 -84.5	2
 -83.5	6
 -82.5	3
 -81.5	3
 -80.5	1
 -79.5	1
 -78.5	4
 -77.5	6
 -76.5	5.5
 -75.5	0.5
 -74.5	2
 -73.5	4
 -72.5	3
 -71.5	1
 -70.5	0
 -69.5	3
 -68.5	4
 -67.5	4
 -66.5	2
 -65.5	5
 -64.5	3
 -63.5	5
 -62.5	1
 -61.5	1
 -60.5	1
 -59.5	5
 -58.5	2
 -57.5	1
 -56.5	5
 -55.5	3
 -54.5	4
 -53.5	5
 -52.5	2
 -51.5	5
 -50.5	3
 -49.5	2
 -48.5	2
 -47.5	3
 -46.5	5
 -45.5	2
 -44.5	3
 -43.5	2.5
 -42.5	4
 -41.5	7.5
 -40.5	2
 -39.5	3
 -38.5	6
 -37.5	6
 -36.5	4
 -35.5	2
 -34.5	5
 -33.5	1.5
 -32.5	4
 -31.5	6
 -30.5	4
 -29.5	8
 -28.5	8
 -27.5	8
 -26.5	11
 -25.5	9
 -24.5	4
 -23.5	3
 -22.5	3
 -21.5	2
 -20.5	5
 -19.5	7
 -18.5	4
 -17.5	2
 -16.5	11.5
 -15.5	10
 -14.5	2
 -13.5	10
 -12.5	4
 -11.5	10
 -10.5	6
  -9.5	6
  -8.5	4
  -7.5	7
  -6.5	7
  -5.5	6.5
  -4.5	10
  -3.5	8
  -2.5	6
  -1.5	11
  -0.5	8
   0.5	6
   1.5	7
   2.5	3
   3.5	4
   4.5	7
   5.5	10
   6.5	5
   7.5	7.5
   8.5	8
   9.5	15
  10.5	7
  11.5	4
  12.5	10
  13.5	8
  14.5	4.5
  15.5	7
  16.5	8
  17.5	9
  18.5	9.5
  19.5	10
  20.5	7
  21.5	4
  22.5	6
  23.5	6
  24.5	7
  25.5	10
  26.5	4
  27.5	2
  28.5	9
  29.5	7
  30.5	6
  31.5	3
  32.5	3
  33.5	3
  34.5	4
  35.5	6
  36.5	5
  37.5	4
  38.5	3
  39.5	8
  40.5	8
  41.5	2
  42.5	7
  43.5	4
  44.5	2
  45.5	4
  46.5	4
  47.5	7
  48.5	5
  49.5	3
  50.5	5
  51.5	0
  52.5	2
  53.5	3
  54.5	7
  55.5	4
  56.5	2
  57.5	2
  58.5	2
  59.5	3
  60.5	6
  61.5	4
  62.5	1
  63.5	6
  64.5	2
  65.5	5
  66.5	1
  67.5	1
  68.5	1.5
  69.5	2
  70.5	2
  71.5	2
  72.5	5
  73.5	1
  74.5	2
  75.5	3
  76.5	1
  77.5	4
  78.5	5
  79.5	2
  80.5	4
  81.5	3
  82.5	1
  83.5	2
  84.5	3
  85.5	3
  86.5	2
  87.5	4
  88.5	4
  89.5	5
  90.5	2
  91.5	2
  92.5	1
  93.5	2
  94.5	3
  95.5	2
  96.5	1
  97.5	4
  98.5	2
  99.5	4
 100.5	3
 101.5	1
 102.5	5
 103.5	3
 104.5	2
 105.5	0
 106.5	3.5
 107.5	1
 108.5	6
 109.5	4
 110.5	5
 111.5	1
 112.5	0
 113.5	5
DB 2 MOTIF	ATF1_HUMAN.H11MO.0.B
-112.5	2
-111.5	2
-110.5	2
-109.5	6
-108.5	3
-107.5	4
-106.5	1.5
-105.5	2
-104.5	0
-103.5	1.5
-102.5	5
-101.5	5
-100.5	3
 -99.5	2
 -98.5	1
 -97.5	1
 -96.5	0
 -95.5	1
 -94.5	3
 -93.5	4
 -92.5	3.2
 -91.5	3
 -90.5	3
 -89.5	2
 -88.5	0
 -87.5	1
 -86.5	3
 -85.5	2
 -84.5	0.333333
 -83.5	0
 -82.5	5
 -81.5	4
 -80.5	4
 -79.5	2
 -78.5	3
 -77.5	1
 -76.5	6
 -75.5	4
 -74.5	2
 -73.5	2
 -72.5	1
 -71.5	4
 -70.5	5
 -69.5	2.5
 -68.5	1
 -67.5	7
 -66.5	3
 -65.5	3
 -64.5	2
 -63.5	3
 -62.5	4
 -61.5	0
 -60.5	4
 -59.5	3
 -58.5	4
 -57.5	4
 -56.5	8
 -55.5	4.33333
 -54.5	5
 -53.5	3
 -52.5	4
 -51.5	2
 -50.5	6.5
 -49.5	3
 -48.5	2
 -47.5	5.83333
 -46.5	4
 -45.5	3
 -44.5	2
 -43.5	2
 -42.5	3
 -41.5	4
 -40.5	8
 -39.5	5
 -38.5	2
 -37.5	1
 -36.5	13
 -35.5	6
 -34.5	5
 -33.5	7
 -32.5	7
 -31.5	9
 -30.5	7
 -29.5	11.5
 -28.5	5
 -27.5	8
 -26.5	15
 -25.5	8
 -24.5	8.2
 -23.5	10.5
 -22.5	9
 -21.5	5
 -20.5	7
 -19.5	6
 -18.5	8
 -17.5	11
 -16.5	10
 -15.5	6
 -14.5	12.8333
 -13.5	12
 -12.5	16
 -11.5	8.5
 -10.5	9
  -9.5	28
  -8.5	15.5
  -7.5	17
  -6.5	8
  -5.5	7
  -4.5	12
  -3.5	13
  -2.5	19
  -1.5	17.5
  -0.5	11
   0.5	12
   1.5	9.2
   2.5	12.5
   3.5	12
   4.5	11.5
   5.5	10
   6.5	7
   7.5	11.5
   8.5	13.5
   9.5	22
  10.5	6
  11.5	21
  12.5	12.5
  13.5	6
  14.5	17.5
  15.5	10
  16.5	10
  17.5	13
  18.5	6.83333
  19.5	6
  20.5	10
  21.5	10
  22.5	8
  23.5	16.3333
  24.5	5
  25.5	14
  26.5	12
  27.5	5
  28.5	11
  29.5	7
  30.5	7
  31.5	8
  32.5	8.5
  33.5	3.2
  34.5	3.5
  35.5	7
  36.5	3
  37.5	4
  38.5	6
  39.5	7
  40.5	8
  41.5	4
  42.5	5
  43.5	2
  44.5	3
  45.5	6
  46.5	4
  47.5	2
  48.5	4
  49.5	4
  50.5	3
  51.5	7
  52.5	0
  53.5	1
  54.5	3
  55.5	5
  56.5	2
  57.5	3
  58.5	3
  59.5	3
  60.5	5
  61.5	3
  62.5	0
  63.5	3
  64.5	1.5
  65.5	3
  66.5	2
  67.5	1.2
  68.5	6
  69.5	1
  70.5	1
  71.5	1
  72.5	2.5
  73.5	1
  74.5	5
  75.5	2
  76.5	3
  77.5	1
  78.5	2
  79.5	3
  80.5	2
  81.5	5
  82.5	2
  83.5	3
  84.5	2
  85.5	3
  86.5	1
  87.5	1
  88.5	3
  89.5	3
  90.5	2
  91.5	2
  92.5	2
  93.5	2
  94.5	2
  95.5	0
  96.5	2
  97.5	3
  98.5	4
  99.5	4
 100.5	0
 101.5	1
 102.5	2
 103.5	1
 104.5	0
 105.5	3
 106.5	0
 107.5	3
 108.5	2
 109.5	1
 110.5	1
 111.5	1
 112.5	0
DB 2 MOTIF	ATF2_HUMAN.H11MO.0.B
-112.5	3
-111.5	1
-110.5	2
-109.5	2
-108.5	2
-107.5	1
-106.5	5
-105.5	1.5
-104.5	5.5
-103.5	5
-102.5	3
-101.5	2.5
-100.5	2.5
 -99.5	3
 -98.5	2
 -97.5	3
 -96.5	4
 -95.5	0
 -94.5	2
 -93.5	2
 -92.5	3
 -91.5	2
 -90.5	0
 -89.5	1
 -88.5	0
 -87.5	1
 -86.5	2
 -85.5	3
 -84.5	2
 -83.5	1
 -82.5	6
 -81.5	5
 -80.5	3
 -79.5	1
 -78.5	2
 -77.5	2
 -76.5	3
 -75.5	3
 -74.5	1
 -73.5	3
 -72.5	2
 -71.5	4
 -70.5	2
 -69.5	4
 -68.5	3
 -67.5	3
 -66.5	4
 -65.5	1
 -64.5	1
 -63.5	5
 -62.5	2
 -61.5	7
 -60.5	1
 -59.5	1
 -58.5	1
 -57.5	4
 -56.5	2
 -55.5	3.5
 -54.5	1.5
 -53.5	3
 -52.5	2
 -51.5	1
 -50.5	2
 -49.5	4.5
 -48.5	5.33333
 -47.5	4.5
 -46.5	6
 -45.5	0
 -44.5	5
 -43.5	3
 -42.5	3
 -41.5	1
 -40.5	1
 -39.5	6
 -38.5	3
 -37.5	3
 -36.5	4
 -35.5	6.5
 -34.5	5.5
 -33.5	3
 -32.5	9
 -31.5	5
 -30.5	5
 -29.5	4
 -28.5	11
 -27.5	5.33333
 -26.5	8
 -25.5	7.5
 -24.5	6.5
 -23.5	7
 -22.5	4.5
 -21.5	5.5
 -20.5	8
 -19.5	2
 -18.5	7
 -17.5	5
 -16.5	4.5
 -15.5	8.83333
 -14.5	4.5
 -13.5	7.5
 -12.5	10
 -11.5	10
 -10.5	13.3333
  -9.5	8.83333
  -8.5	12.5
  -7.5	12
  -6.5	11
  -5.5	8
  -4.5	5
  -3.5	12.5
  -2.5	12
  -1.5	18.5
  -0.5	10
   0.5	6
   1.5	9
   2.5	7
   3.5	10.5
   4.5	7.5
   5.5	10
   6.5	9.5
   7.5	6
   8.5	15.5
   9.5	4
  10.5	18
  11.5	11
  12.5	16.5
  13.5	13.5
  14.5	8.5
  15.5	9
  16.5	11
  17.5	5.33333
  18.5	3
  19.5	3
  20.5	4
  21.5	8
  22.5	6
  23.5	6
  24.5	14
  25.5	9.5
  26.5	8.5
  27.5	12.5
  28.5	5.5
  29.5	11
  30.5	9.5
  31.5	9
  32.5	2
  33.5	4
  34.5	2
  35.5	6
  36.5	3.5
  37.5	7.5
  38.5	4
  39.5	5
  40.5	2
  41.5	6
  42.5	1
  43.5	2
  44.5	1
  45.5	3
  46.5	7
  47.5	2
  48.5	5
  49.5	2
  50.5	9
  51.5	3
  52.5	1
  53.5	1
  54.5	2
  55.5	2
  56.5	5
  57.5	2
  58.5	0
  59.5	2
  60.5	3
  61.5	1
  62.5	2
  63.5	2
  64.5	3
  65.5	0
  66.5	2
  67.5	4
  68.5	1
  69.5	3
  70.5	2
  71.5	1
  72.5	6
  73.5	1
  74.5	1
  75.5	5
  76.5	2
  77.5	1.5
  78.5	1.5
  79.5	1
  80.5	1
  81.5	2
  82.5	0
  83.5	4
  84.5	6
  85.5	1
  86.5	2
  87.5	1
  88.5	2
  89.5	1
  90.5	2
  91.5	4
  92.5	1
  93.5	0
  94.5	3
  95.5	4
  96.5	3
  97.5	1
  98.5	4
  99.5	3
 100.5	1
 101.5	1
 102.5	2
 103.5	1
 104.5	2
 105.5	3
 106.5	4
 107.5	2
 108.5	4
 109.5	0
 110.5	2
 111.5	2
 112.5	2
DB 2 MOTIF	ATF2_HUMAN.H11MO.1.B
-108.0	0
-107.0	0
-106.0	0
-105.0	0
-104.0	1
-103.0	0
-102.0	0
-101.0	0
-100.0	0
 -99.0	0
 -98.0	0
 -97.0	0
 -96.0	1
 -95.0	0
 -94.0	0
 -93.0	0
 -92.0	0
 -91.0	0
 -90.0	0
 -89.0	0
 -88.0	0
 -87.0	0
 -86.0	0
 -85.0	0
 -84.0	1
 -83.0	0
 -82.0	1
 -81.0	1
 -80.0	0
 -79.0	0
 -78.0	0
 -77.0	1
 -76.0	0
 -75.0	0
 -74.0	0
 -73.0	1
 -72.0	0
 -71.0	0
 -70.0	0
 -69.0	0
 -68.0	1
 -67.0	1
 -66.0	0
 -65.0	0
 -64.0	0
 -63.0	0
 -62.0	0
 -61.0	0
 -60.0	0
 -59.0	0
 -58.0	1
 -57.0	0
 -56.0	0
 -55.0	1
 -54.0	1
 -53.0	1
 -52.0	0
 -51.0	0
 -50.0	0
 -49.0	0
 -48.0	0
 -47.0	1
 -46.0	0
 -45.0	0
 -44.0	0
 -43.0	0
 -42.0	0
 -41.0	0
 -40.0	0
 -39.0	0
 -38.0	0
 -37.0	0
 -36.0	0
 -35.0	1
 -34.0	0
 -33.0	1
 -32.0	0
 -31.0	2
 -30.0	0
 -29.0	1
 -28.0	4
 -27.0	0
 -26.0	0
 -25.0	2
 -24.0	0
 -23.0	3
 -22.0	1
 -21.0	1
 -20.0	0
 -19.0	1
 -18.0	1
 -17.0	1
 -16.0	0
 -15.0	1
 -14.0	1
 -13.0	1
 -12.0	0
 -11.0	4
 -10.0	1
  -9.0	1
  -8.0	3
  -7.0	1
  -6.0	4
  -5.0	0
  -4.0	2
  -3.0	4
  -2.0	6
  -1.0	1
   0.0	3
   1.0	2
   2.0	1
   3.0	1
   4.0	3
   5.0	4
   6.0	2
   7.0	2
   8.0	3
   9.0	3
  10.0	2
  11.0	4
  12.0	2
  13.0	4
  14.0	0
  15.0	0
  16.0	3
  17.0	1
  18.0	2
  19.0	0
  20.0	0
  21.0	1
  22.0	1
  23.0	2
  24.0	1
  25.0	4
  26.0	1
  27.0	3
  28.0	2
  29.0	2
  30.0	1
  31.0	2
  32.0	0
  33.0	0
  34.0	2
  35.0	0
  36.0	0
  37.0	0
  38.0	1
  39.0	0
  40.0	1
  41.0	1
  42.0	0
  43.0	0
  44.0	0
  45.0	0
  46.0	0
  47.0	0
  48.0	0
  49.0	0
  50.0	1
  51.0	0
  52.0	0
  53.0	0
  54.0	0
  55.0	1
  56.0	1
  57.0	0
  58.0	0
  59.0	0
  60.0	0
  61.0	1
  62.0	0
  63.0	0
  64.0	0
  65.0	0
  66.0	2
  67.0	0
  68.0	0
  69.0	1
  70.0	0
  71.0	0
  72.0	0
  73.0	0
  74.0	0
  75.0	0
  76.0	0
  77.0	0
  78.0	1
  79.0	0
  80.0	1
  81.0	0
  82.0	1
  83.0	0
  84.0	0
  85.0	0
  86.0	0
  87.0	0
  88.0	0
  89.0	0
  90.0	0
  91.0	0
  92.0	0
  93.0	0
  94.0	0
  95.0	0
  96.0	0
  97.0	0
  98.0	0
  99.0	1
 100.0	0
 101.0	0
 102.0	0
 103.0	0
 104.0	0
 105.0	0
 106.0	0
 107.0	0
 108.0	0
DB 2 MOTIF	ATF2_HUMAN.H11MO.2.C
-112.5	1
-111.5	0
-110.5	0
-109.5	1
-108.5	0
-107.5	0
-106.5	0
-105.5	0.5
-104.5	0.5
-103.5	0
-102.5	0
-101.5	0
-100.5	1
 -99.5	0
 -98.5	0
 -97.5	0
 -96.5	1
 -95.5	0
 -94.5	0
 -93.5	0
 -92.5	0
 -91.5	0
 -90.5	0
 -89.5	0
 -88.5	0
 -87.5	0
 -86.5	0
 -85.5	0
 -84.5	0
 -83.5	0
 -82.5	1
 -81.5	2
 -80.5	0
 -79.5	0
 -78.5	0
 -77.5	0
 -76.5	0
 -75.5	0
 -74.5	0
 -73.5	0
 -72.5	1
 -71.5	1
 -70.5	1
 -69.5	0
 -68.5	1
 -67.5	0
 -66.5	1
 -65.5	0
 -64.5	0
 -63.5	0
 -62.5	0
 -61.5	1
 -60.5	0
 -59.5	1
 -58.5	1
 -57.5	1
 -56.5	1
 -55.5	1.5
 -54.5	1.5
 -53.5	1
 -52.5	0
 -51.5	0
 -50.5	1
 -49.5	0.5
 -48.5	3
 -47.5	0.5
 -46.5	1
 -45.5	0
 -44.5	0
 -43.5	2
 -42.5	0
 -41.5	1
 -40.5	1
 -39.5	1
 -38.5	0
 -37.5	0
 -36.5	1
 -35.5	2.5
 -34.5	0.5
 -33.5	1
 -32.5	3
 -31.5	1
 -30.5	1
 -29.5	3
 -28.5	3
 -27.5	4.33333
 -26.5	2
 -25.5	4.5
 -24.5	2.5
 -23.5	4
 -22.5	1.5
 -21.5	1.5
 -20.5	1
 -19.5	2
 -18.5	5
 -17.5	2
 -16.5	1.5
 -15.5	2.5
 -14.5	2.5
 -13.5	4.5
 -12.5	2
 -11.5	1
 -10.5	5.33333
  -9.5	5.83333
  -8.5	8.5
  -7.5	3
  -6.5	7
  -5.5	4
  -4.5	1
  -3.5	2.5
  -2.5	11
  -1.5	7.5
  -0.5	4
   0.5	4
   1.5	6
   2.5	5
   3.5	4.5
   4.5	5.5
   5.5	3
   6.5	6
   7.5	6.5
   8.5	4.5
   9.5	5
  10.5	8
  11.5	5
  12.5	5.5
  13.5	7
  14.5	3.5
  15.5	4
  16.5	6
  17.5	3
  18.5	2
  19.5	2
  20.5	2
  21.5	5
  22.5	2
  23.5	1
  24.5	6
  25.5	2.5
  26.5	4.5
  27.5	2.5
  28.5	4.5
  29.5	3
  30.5	4
  31.5	3
  32.5	1
  33.5	1
  34.5	1
  35.5	1
  36.5	1.5
  37.5	0.5
  38.5	3
  39.5	1
  40.5	1
  41.5	2
  42.5	0
  43.5	0
  44.5	1
  45.5	0
  46.5	0
  47.5	0
  48.5	1
  49.5	1
  50.5	0
  51.5	0
  52.5	1
  53.5	0.5
  54.5	1.5
  55.5	2
  56.5	1
  57.5	1
  58.5	0
  59.5	0
  60.5	1
  61.5	0
  62.5	0
  63.5	0
  64.5	0
  65.5	0
  66.5	1
  67.5	0
  68.5	1
  69.5	0
  70.5	0
  71.5	0
  72.5	0
  73.5	0
  74.5	0
  75.5	0
  76.5	0
  77.5	0.5
  78.5	0.5
  79.5	0
  80.5	1
  81.5	0
  82.5	0
  83.5	0
  84.5	0
  85.5	0
  86.5	0
  87.5	0
  88.5	0
  89.5	0
  90.5	0
  91.5	1
  92.5	1
  93.5	0
  94.5	0
  95.5	0
  96.5	0
  97.5	0
  98.5	1
  99.5	0
 100.5	0
 101.5	0
 102.5	0
 103.5	1
 104.5	0
 105.5	0
 106.5	0
 107.5	0
 108.5	0
 109.5	0
 110.5	0
 111.5	0
 112.5	0
DB 2 MOTIF	ATF3_HUMAN.H11MO.0.A
-112.5	5
-111.5	3
-110.5	2
-109.5	3
-108.5	3
-107.5	2
-106.5	4
-105.5	3.5
-104.5	2.5
-103.5	6
-102.5	1
-101.5	1
-100.5	1
 -99.5	3
 -98.5	0
 -97.5	1
 -96.5	1
 -95.5	0
 -94.5	1
 -93.5	2
 -92.5	4
 -91.5	1
 -90.5	1
 -89.5	2
 -88.5	2
 -87.5	1
 -86.5	2
 -85.5	4
 -84.5	0
 -83.5	3
 -82.5	1
 -81.5	6
 -80.5	0
 -79.5	1
 -78.5	0
 -77.5	2
 -76.5	3
 -75.5	2
 -74.5	2
 -73.5	3
 -72.5	6
 -71.5	2.33333
 -70.5	2.5
 -69.5	3
 -68.5	5
 -67.5	4
 -66.5	5
 -65.5	4.5
 -64.5	0
 -63.5	3
 -62.5	2
 -61.5	6
 -60.5	1
 -59.5	2
 -58.5	3
 -57.5	2
 -56.5	3
 -55.5	6.5
 -54.5	2.5
 -53.5	4
 -52.5	3
 -51.5	4
 -50.5	5
 -49.5	6.83333
 -48.5	5.33333
 -47.5	2.5
 -46.5	4
 -45.5	1
 -44.5	1
 -43.5	6
 -42.5	2
 -41.5	5
 -40.5	5
 -39.5	8
 -38.5	1
 -37.5	4
 -36.5	7
 -35.5	7.5
 -34.5	8.5
 -33.5	8
 -32.5	6
 -31.5	7
 -30.5	7
 -29.5	7
 -28.5	9
 -27.5	7.66667
 -26.5	8
 -25.5	10.5
 -24.5	8.5
 -23.5	8
 -22.5	8
 -21.5	4
 -20.5	8
 -19.5	8
 -18.5	8
 -17.5	6
 -16.5	4.5
 -15.5	7.33333
 -14.5	3
 -13.5	9
 -12.5	9
 -11.5	11
 -10.5	15.3333
  -9.5	9.33333
  -8.5	14.5
  -7.5	11
  -6.5	15
  -5.5	7
  -4.5	6
  -3.5	14
  -2.5	15
  -1.5	20.5
  -0.5	12
   0.5	12
   1.5	9
   2.5	8
   3.5	13.5
   4.5	11.5
   5.5	11
   6.5	11
   7.5	8.5
   8.5	17.5
   9.5	10
  10.5	16
  11.5	12
  12.5	18.5
  13.5	18
  14.5	6.5
  15.5	5.5
  16.5	12
  17.5	10.3333
  18.5	10
  19.5	9
  20.5	4
  21.5	6
  22.5	7
  23.5	5
  24.5	17
  25.5	10.5
  26.5	7.5
  27.5	9.5
  28.5	6
  29.5	8
  30.5	11
  31.5	10
  32.5	5
  33.5	3.5
  34.5	3
  35.5	6
  36.5	9
  37.5	3
  38.5	4
  39.5	6
  40.5	5
  41.5	5
  42.5	2
  43.5	4
  44.5	1
  45.5	4
  46.5	5
  47.5	3
  48.5	4
  49.5	5
  50.5	4
  51.5	2
  52.5	2
  53.5	1.5
  54.5	2.5
  55.5	5
  56.5	4
  57.5	3
  58.5	1
  59.5	4
  60.5	5
  61.5	0
  62.5	1
  63.5	0
  64.5	1
  65.5	1
  66.5	3
  67.5	3
  68.5	1
  69.5	4
  70.5	2
  71.5	2
  72.5	0
  73.5	1
  74.5	3
  75.5	1
  76.5	3
  77.5	1.5
  78.5	0.5
  79.5	4
  80.5	3
  81.5	2
  82.5	1
  83.5	0
  84.5	6
  85.5	3
  86.5	2
  87.5	4
  88.5	3
  89.5	0
  90.5	3
  91.5	1
  92.5	1
  93.5	0
  94.5	2
  95.5	0
  96.5	1
  97.5	1
  98.5	2
  99.5	1
 100.5	1
 101.5	3
 102.5	0
 103.5	2
 104.5	1
 105.5	0
 106.5	3
 107.5	2
 108.5	4
 109.5	3
 110.5	2
 111.5	0
 112.5	2
DB 2 MOTIF	ATF4_HUMAN.H11MO.0.A
-112.0	1
-111.0	0
-110.0	0
-109.0	0
-108.0	1
-107.0	0
-106.0	0
-105.0	0
-104.0	0
-103.0	1
-102.0	0
-101.0	1
-100.0	0
 -99.0	0
 -98.0	0
 -97.0	2
 -96.0	1
 -95.0	1
 -94.0	0
 -93.0	0
 -92.0	0
 -91.0	0
 -90.0	0
 -89.0	0
 -88.0	1
 -87.0	0
 -86.0	0
 -85.0	1
 -84.0	0
 -83.0	1
 -82.0	0
 -81.0	1
 -80.0	1
 -79.0	0
 -78.0	1
 -77.0	0
 -76.0	0
 -75.0	0
 -74.0	0
 -73.0	2
 -72.0	1
 -71.0	0
 -70.0	0
 -69.0	1
 -68.0	2
 -67.0	2
 -66.0	2
 -65.0	1
 -64.0	0
 -63.0	0
 -62.0	2
 -61.0	1
 -60.0	0
 -59.0	1
 -58.0	0
 -57.0	0
 -56.0	1
 -55.0	0
 -54.0	0
 -53.0	0
 -52.0	1
 -51.0	1
 -50.0	1
 -49.0	0
 -48.0	2.33333
 -47.0	0
 -46.0	1
 -45.0	1
 -44.0	1
 -43.0	2
 -42.0	0
 -41.0	2
 -40.0	1
 -39.0	0
 -38.0	0
 -37.0	1.5
 -36.0	1
 -35.0	0
 -34.0	0
 -33.0	0
 -32.0	1
 -31.0	1
 -30.0	1
 -29.0	1
 -28.0	0
 -27.0	3
 -26.0	2
 -25.0	1
 -24.0	0
 -23.0	3
 -22.0	0
 -21.0	2
 -20.0	1
 -19.0	0
 -18.0	2
 -17.0	1
 -16.0	3
 -15.0	4.33333
 -14.0	1
 -13.0	0
 -12.0	1
 -11.0	4
 -10.0	0
  -9.0	6
  -8.0	3
  -7.0	3
  -6.0	1
  -5.0	0
  -4.0	1
  -3.0	5
  -2.0	4
  -1.0	3
   0.0	2
   1.0	3
   2.0	1
   3.0	3
   4.0	2
   5.0	3
   6.0	0.5
   7.0	1
   8.0	2.5
   9.0	0
  10.0	2
  11.0	3
  12.0	1
  13.0	3.5
  14.0	2
  15.0	2
  16.0	3
  17.0	1
  18.0	0.333333
  19.0	2
  20.0	0
  21.0	2
  22.0	1
  23.0	1
  24.0	4
  25.0	1
  26.0	4
  27.0	5
  28.0	1
  29.0	0
  30.0	2.5
  31.0	1
  32.0	3
  33.0	0
  34.0	0
  35.0	1
  36.0	1
  37.0	1
  38.0	1
  39.0	0
  40.0	0.5
  41.0	2
  42.0	0
  43.0	0
  44.0	0
  45.0	1
  46.0	1
  47.0	1
  48.0	1
  49.0	1
  50.0	1
  51.0	1
  52.0	0
  53.0	1
  54.0	0
  55.0	1
  56.0	0
  57.0	2
  58.0	0
  59.0	1
  60.0	1
  61.0	0
  62.0	0
  63.0	0
  64.0	0
  65.0	1
  66.0	0
  67.0	0
  68.0	0
  69.0	0
  70.0	0
  71.0	0
  72.0	0
  73.0	0
  74.0	0
  75.0	0
  76.0	0
  77.0	0
  78.0	2
  79.0	2
  80.0	0
  81.0	1
  82.0	0
  83.0	1
  84.0	2
  85.0	1
  86.0	1
  87.0	0
  88.0	0
  89.0	0
  90.0	1
  91.0	0
  92.0	1
  93.0	2
  94.0	0
  95.0	0
  96.0	0
  97.0	1
  98.0	0
  99.0	2
 100.0	0
 101.0	0
 102.0	0
 103.0	0
 104.0	0
 105.0	0
 106.0	2
 107.0	0
 108.0	4
 109.0	1
 110.0	1
 111.0	0
 112.0	0
DB 2 MOTIF	ATF6A_HUMAN.H11MO.0.B
-112.0	3
-111.0	0
-110.0	1
-109.0	1
-108.0	2
-107.0	1.5
-106.0	2
-105.0	0
-104.0	1
-103.0	1.5
-102.0	0
-101.0	4
-100.0	0
 -99.0	3
 -98.0	0
 -97.0	0
 -96.0	0
 -95.0	0
 -94.0	3
 -93.0	0
 -92.0	0
 -91.0	0
 -90.0	0
 -89.0	1
 -88.0	1
 -87.0	0
 -86.0	1
 -85.0	0
 -84.0	0
 -83.0	0
 -82.0	1
 -81.0	2
 -80.0	1
 -79.0	0
 -78.0	1
 -77.0	0
 -76.0	2
 -75.0	1
 -74.0	1
 -73.0	2
 -72.0	1
 -71.0	2
 -70.0	6
 -69.0	3
 -68.0	1
 -67.0	2
 -66.0	0
 -65.0	1
 -64.0	2
 -63.0	1
 -62.0	4
 -61.0	0
 -60.0	2
 -59.0	1
 -58.0	2
 -57.0	1
 -56.0	1
 -55.0	0
 -54.0	1
 -53.0	2
 -52.0	2
 -51.0	3
 -50.0	0
 -49.0	1
 -48.0	0
 -47.0	3
 -46.0	3
 -45.0	2
 -44.0	0
 -43.0	0
 -42.0	1
 -41.0	5
 -40.0	0
 -39.0	0
 -38.0	3
 -37.0	1
 -36.0	2
 -35.0	4
 -34.0	2
 -33.0	2
 -32.0	4
 -31.0	3
 -30.0	7
 -29.0	5
 -28.0	3
 -27.0	4
 -26.0	6
 -25.0	3
 -24.0	3
 -23.0	4
 -22.0	3
 -21.0	7
 -20.0	1
 -19.0	4
 -18.0	3
 -17.0	1
 -16.0	4
 -15.0	2
 -14.0	0
 -13.0	3
 -12.0	3
 -11.0	3
 -10.0	4
  -9.0	7
  -8.0	9
  -7.0	4
  -6.0	2
  -5.0	6
  -4.0	7
  -3.0	6
  -2.0	2
  -1.0	7
   0.0	10
   1.0	5
   2.0	3
   3.0	3
   4.0	4
   5.0	6
   6.0	4
   7.0	7
   8.0	4
   9.0	5
  10.0	6
  11.0	6
  12.0	4
  13.0	2
  14.0	2
  15.0	8
  16.0	5
  17.0	1
  18.0	6
  19.0	4
  20.0	3
  21.0	3
  22.0	4
  23.0	8
  24.0	2
  25.0	2
  26.0	4
  27.0	6
  28.0	7
  29.0	5
  30.0	2
  31.0	3
  32.0	3
  33.0	0
  34.0	4.5
  35.0	0
  36.0	2
  37.0	2
  38.0	0
  39.0	2
  40.0	3
  41.0	3
  42.0	1
  43.0	3
  44.0	1
  45.0	1
  46.0	2
  47.0	1
  48.0	0
  49.0	1
  50.0	0
  51.0	0
  52.0	0
  53.0	1
  54.0	2
  55.0	1
  56.0	1
  57.0	3
  58.0	1
  59.0	1
  60.0	0
  61.0	2
  62.0	0
  63.0	1
  64.0	0.5
  65.0	2
  66.0	1
  67.0	1
  68.0	1
  69.0	0
  70.0	0
  71.0	0
  72.0	1
  73.0	1
  74.0	0
  75.0	0
  76.0	2
  77.0	1
  78.0	2
  79.0	0
  80.0	0
  81.0	0
  82.0	2
  83.0	3
  84.0	0
  85.0	2
  86.0	0
  87.0	1
  88.0	0
  89.0	1
  90.0	1
  91.0	1
  92.0	1
  93.0	0
  94.0	2
  95.0	1
  96.0	4
  97.0	1
  98.0	0
  99.0	0
 100.0	0
 101.0	4
 102.0	1
 103.0	3
 104.0	0
 105.0	0
 106.0	0
 107.0	1
 108.0	0
 109.0	0
 110.0	0
 111.0	0
 112.0	0
DB 2 MOTIF	ATF7_HUMAN.H11MO.0.D
-112.5	1
-111.5	0
-110.5	0
-109.5	1
-108.5	0
-107.5	0
-106.5	0
-105.5	0.5
-104.5	0.5
-103.5	0
-102.5	0
-101.5	0
-100.5	2
 -99.5	0
 -98.5	0
 -97.5	0
 -96.5	0
 -95.5	1
 -94.5	0
 -93.5	0
 -92.5	0
 -91.5	0
 -90.5	0
 -89.5	0
 -88.5	0
 -87.5	0
 -86.5	0
 -85.5	0
 -84.5	0
 -83.5	0
 -82.5	0
 -81.5	1
 -80.5	0
 -79.5	0
 -78.5	0
 -77.5	0
 -76.5	1
 -75.5	0
 -74.5	0
 -73.5	0
 -72.5	1
 -71.5	2
 -70.5	1
 -69.5	1
 -68.5	0
 -67.5	0
 -66.5	1
 -65.5	1
 -64.5	0
 -63.5	0
 -62.5	1
 -61.5	1
 -60.5	0
 -59.5	2
 -58.5	1
 -57.5	1
 -56.5	1
 -55.5	1.5
 -54.5	1.5
 -53.5	1
 -52.5	1
 -51.5	0
 -50.5	1
 -49.5	0.5
 -48.5	3
 -47.5	1.5
 -46.5	2
 -45.5	0
 -44.5	0
 -43.5	2
 -42.5	0
 -41.5	0
 -40.5	1
 -39.5	1
 -38.5	2
 -37.5	2
 -36.5	0
 -35.5	1.5
 -34.5	4.5
 -33.5	3
 -32.5	2
 -31.5	2
 -30.5	1
 -29.5	2
 -28.5	7
 -27.5	2.33333
 -26.5	2
 -25.5	4.5
 -24.5	1.5
 -23.5	3
 -22.5	2.5
 -21.5	1.5
 -20.5	2
 -19.5	2
 -18.5	5
 -17.5	0
 -16.5	2.5
 -15.5	1.5
 -14.5	1
 -13.5	5
 -12.5	1
 -11.5	5
 -10.5	6.33333
  -9.5	3.83333
  -8.5	9.5
  -7.5	4
  -6.5	8
  -5.5	4.5
  -4.5	1
  -3.5	3.5
  -2.5	12
  -1.5	7.5
  -0.5	2
   0.5	10
   1.5	4
   2.5	3
   3.5	5.5
   4.5	7.5
   5.5	4
   6.5	4.5
   7.5	8
   8.5	8.5
   9.5	2
  10.5	7
  11.5	7
  12.5	3
  13.5	9.5
  14.5	3.5
  15.5	3
  16.5	5
  17.5	7
  18.5	1
  19.5	2
  20.5	3
  21.5	3
  22.5	4
  23.5	2
  24.5	5
  25.5	5.5
  26.5	5.5
  27.5	4.5
  28.5	3.5
  29.5	3
  30.5	4
  31.5	3
  32.5	0
  33.5	0
  34.5	2
  35.5	1
  36.5	0
  37.5	1
  38.5	1
  39.5	2
  40.5	2
  41.5	1
  42.5	0
  43.5	1
  44.5	1
  45.5	0
  46.5	0
  47.5	0
  48.5	1
  49.5	1
  50.5	0
  51.5	0
  52.5	1
  53.5	0.5
  54.5	0.5
  55.5	3
  56.5	1
  57.5	0
  58.5	0
  59.5	2
  60.5	1
  61.5	0
  62.5	0
  63.5	0
  64.5	0
  65.5	0.5
  66.5	1
  67.5	0
  68.5	0
  69.5	1
  70.5	0
  71.5	0
  72.5	0
  73.5	0
  74.5	0
  75.5	0
  76.5	1
  77.5	0.5
  78.5	0.5
  79.5	2
  80.5	1
  81.5	1
  82.5	0
  83.5	0
  84.5	0
  85.5	0
  86.5	1
  87.5	0
  88.5	0
  89.5	0
  90.5	0
  91.5	1
  92.5	1
  93.5	0
  94.5	0
  95.5	0
  96.5	0
  97.5	0
  98.5	1
  99.5	0
 100.5	0
 101.5	0
 102.5	0
 103.5	1
 104.5	0
 105.5	0
 106.5	0
 107.5	0
 108.5	0
 109.5	0
 110.5	0
 111.5	0
 112.5	2
DB 2 MOTIF	BATF_HUMAN.H11MO.1.A
-112.5	1
-111.5	0
-110.5	3
-109.5	4
-108.5	4
-107.5	2
-106.5	1
-105.5	2
-104.5	1
-103.5	3
-102.5	2
-101.5	6
-100.5	5
 -99.5	1
 -98.5	3
 -97.5	2
 -96.5	3
 -95.5	5
 -94.5	5
 -93.5	4
 -92.5	1
 -91.5	2
 -90.5	2
 -89.5	3
 -88.5	1
 -87.5	0
 -86.5	2
 -85.5	1
 -84.5	3
 -83.5	4
 -82.5	2
 -81.5	2
 -80.5	2
 -79.5	3
 -78.5	2
 -77.5	2
 -76.5	1
 -75.5	2
 -74.5	3
 -73.5	2
 -72.5	6
 -71.5	2
 -70.5	0.5
 -69.5	4
 -68.5	3
 -67.5	0
 -66.5	4
 -65.5	3
 -64.5	1
 -63.5	4
 -62.5	3
 -61.5	2
 -60.5	1
 -59.5	4
 -58.5	2
 -57.5	0
 -56.5	0
 -55.5	4
 -54.5	2
 -53.5	1
 -52.5	2
 -51.5	2
 -50.5	0
 -49.5	3
 -48.5	2.33333
 -47.5	0.5
 -46.5	8
 -45.5	1
 -44.5	2.5
 -43.5	3
 -42.5	1
 -41.5	2
 -40.5	2
 -39.5	1
 -38.5	5
 -37.5	4
 -36.5	6
 -35.5	4
 -34.5	3
 -33.5	1
 -32.5	2
 -31.5	2
 -30.5	6
 -29.5	1
 -28.5	4
 -27.5	3
 -26.5	7
 -25.5	3
 -24.5	2
 -23.5	4
 -22.5	4
 -21.5	3
 -20.5	5
 -19.5	2
 -18.5	2
 -17.5	5
 -16.5	5
 -15.5	4.33333
 -14.5	4
 -13.5	2
 -12.5	1
 -11.5	4
 -10.5	8
  -9.5	5
  -8.5	10
  -7.5	5
  -6.5	3
  -5.5	3
  -4.5	8
  -3.5	5
  -2.5	6
  -1.5	7
  -0.5	7
   0.5	6
   1.5	4
   2.5	4
   3.5	6
   4.5	3
   5.5	6
   6.5	2.5
   7.5	2.5
   8.5	5
   9.5	4
  10.5	3
  11.5	7
  12.5	5
  13.5	7.5
  14.5	4
  15.5	4.5
  16.5	9
  17.5	1.33333
  18.5	4
  19.5	4
  20.5	3
  21.5	3
  22.5	4
  23.5	4
  24.5	10
  25.5	4
  26.5	5
  27.5	7
  28.5	2.5
  29.5	2
  30.5	5.5
  31.5	3
  32.5	2
  33.5	2.5
  34.5	2
  35.5	6
  36.5	1
  37.5	1
  38.5	3
  39.5	6
  40.5	4
  41.5	4.5
  42.5	1
  43.5	2
  44.5	1
  45.5	4
  46.5	5
  47.5	2
  48.5	3
  49.5	4
  50.5	3
  51.5	2
  52.5	0
  53.5	3
  54.5	5
  55.5	1
  56.5	5
  57.5	2
  58.5	1
  59.5	4
  60.5	2
  61.5	2
  62.5	0
  63.5	4
  64.5	0
  65.5	0
  66.5	3
  67.5	3
  68.5	2
  69.5	2
  70.5	0
  71.5	4
  72.5	2
  73.5	2
  74.5	1
  75.5	1
  76.5	4
  77.5	4
  78.5	4
  79.5	3
  80.5	4
  81.5	2
  82.5	2
  83.5	3
  84.5	4
  85.5	2
  86.5	1
  87.5	1
  88.5	1
  89.5	2
  90.5	2
  91.5	1
  92.5	4
  93.5	0.5
  94.5	2
  95.5	1
  96.5	1
  97.5	5
  98.5	3
  99.5	2
 100.5	2
 101.5	0
 102.5	2
 103.5	0
 104.5	2
 105.5	4
 106.5	2
 107.5	3
 108.5	3
 109.5	1
 110.5	6
 111.5	0
 112.5	1
DB 2 MOTIF	CEBPB_HUMAN.H11MO.0.A
-112.0	1
-111.0	2
-110.0	2
-109.0	1
-108.0	1
-107.0	0
-106.0	2
-105.0	0
-104.0	2
-103.0	1
-102.0	3
-101.0	0
-100.0	2
 -99.0	2
 -98.0	0
 -97.0	2
 -96.0	2
 -95.0	0
 -94.0	0
 -93.0	2
 -92.0	4
 -91.0	0
 -90.0	0
 -89.0	0
 -88.0	1
 -87.0	1
 -86.0	1
 -85.0	0
 -84.0	2
 -83.0	0
 -82.0	0
 -81.0	1
 -80.0	2
 -79.0	1
 -78.0	1
 -77.0	0
 -76.0	0
 -75.0	0
 -74.0	1
 -73.0	1
 -72.0	1
 -71.0	1
 -70.0	1
 -69.0	1
 -68.0	2
 -67.0	0
 -66.0	4
 -65.0	1
 -64.0	0
 -63.0	0
 -62.0	1
 -61.0	1
 -60.0	1
 -59.0	0
 -58.0	2
 -57.0	1
 -56.0	1
 -55.0	2
 -54.0	0
 -53.0	0
 -52.0	1
 -51.0	1
 -50.0	1
 -49.0	1
 -48.0	1
 -47.0	1
 -46.0	0
 -45.0	2
 -44.0	2
 -43.0	1
 -42.0	1
 -41.0	1
 -40.0	0
 -39.0	2
 -38.0	2
 -37.0	1
 -36.0	1
 -35.0	1
 -34.0	0
 -33.0	2
 -32.0	3
 -31.0	1
 -30.0	2
 -29.0	2
 -28.0	1
 -27.0	1
 -26.0	3
 -25.0	1
 -24.0	3
 -23.0	0
 -22.0	1
 -21.0	2
 -20.0	1
 -19.0	3
 -18.0	0
 -17.0	2
 -16.0	3
 -15.0	0
 -14.0	1
 -13.0	0
 -12.0	0
 -11.0	2
 -10.0	2
  -9.0	1
  -8.0	7
  -7.0	1
  -6.0	1
  -5.0	2
  -4.0	0
  -3.0	2
  -2.0	3
  -1.0	0
   0.0	3
   1.0	1
   2.0	2
   3.0	1
   4.0	1
   5.0	1
   6.0	2
   7.0	3
   8.0	0
   9.0	1
  10.0	1
  11.0	3
  12.0	1
  13.0	2
  14.0	2
  15.0	0
  16.0	2
  17.0	1
  18.0	1
  19.0	1
  20.0	2
  21.0	0
  22.0	2
  23.0	2
  24.0	0
  25.0	3
  26.0	2
  27.0	4
  28.0	1
  29.0	1
  30.0	1
  31.0	3
  32.0	2
  33.0	1
  34.0	1
  35.0	1
  36.0	0
  37.0	1
  38.0	0
  39.0	0
  40.0	1
  41.0	2
  42.0	0
  43.0	1
  44.0	0
  45.0	0
  46.0	1
  47.0	0
  48.0	1
  49.0	0
  50.0	3
  51.0	0
  52.0	0
  53.0	0
  54.0	2
  55.0	0
  56.0	1
  57.0	1
  58.0	2
  59.0	0
  60.0	0
  61.0	0
  62.0	2
  63.0	2
  64.0	2
  65.0	0
  66.0	0
  67.0	2
  68.0	0
  69.0	0
  70.0	1
  71.0	0
  72.0	0
  73.0	0
  74.0	0
  75.0	0
  76.0	0
  77.0	1
  78.0	2
  79.0	2
  80.0	1
  81.0	0
  82.0	1
  83.0	2
  84.0	4
  85.0	1
  86.0	0
  87.0	1
  88.0	0
  89.0	2
  90.0	1
  91.0	2
  92.0	0
  93.0	0
  94.0	0
  95.0	0
  96.0	2
  97.0	0
  98.0	2
  99.0	0
 100.0	2
 101.0	1
 102.0	1
 103.0	0
 104.0	0
 105.0	3
 106.0	1
 107.0	4
 108.0	2
 109.0	1
 110.0	1
 111.0	1
 112.0	1
DB 2 MOTIF	CEBPE_HUMAN.H11MO.0.A
-112.0	4
-111.0	3
-110.0	5
-109.0	1
-108.0	5
-107.0	3
-106.0	4
-105.0	2
-104.0	5
-103.0	1
-102.0	5
-101.0	1
-100.0	1
 -99.0	1
 -98.0	4
 -97.0	4
 -96.0	2
 -95.0	0
 -94.0	2
 -93.0	2
 -92.0	4
 -91.0	3
 -90.0	2
 -89.0	1
 -88.0	4
 -87.0	1
 -86.0	4
 -85.0	2
 -84.0	3.5
 -83.0	3
 -82.0	2
 -81.0	3
 -80.0	2
 -79.0	3
 -78.0	2
 -77.0	1
 -76.0	3
 -75.0	3.5
 -74.0	6
 -73.0	1
 -72.0	1
 -71.0	5
 -70.0	3
 -69.0	0
 -68.0	4
 -67.0	4
 -66.0	2
 -65.0	2
 -64.0	5
 -63.0	3
 -62.0	2
 -61.0	3
 -60.0	5
 -59.0	4
 -58.0	2
 -57.0	1
 -56.0	2
 -55.0	1
 -54.0	3
 -53.0	4
 -52.0	0
 -51.0	3
 -50.0	2
 -49.0	3
 -48.0	0
 -47.0	6
 -46.0	2
 -45.0	5
 -44.0	0
 -43.0	2
 -42.0	3
 -41.0	1
 -40.0	1
 -39.0	3
 -38.0	1
 -37.0	6
 -36.0	4.5
 -35.0	2
 -34.0	6
 -33.0	4
 -32.0	2
 -31.0	3
 -30.0	3
 -29.0	2
 -28.0	4
 -27.0	2
 -26.0	3
 -25.0	4
 -24.0	1.5
 -23.0	3
 -22.0	4
 -21.0	1
 -20.0	3
 -19.0	5
 -18.0	1
 -17.0	3
 -16.0	4
 -15.0	2
 -14.0	7
 -13.0	8
 -12.0	6
 -11.0	3
 -10.0	12
  -9.0	4
  -8.0	7
  -7.0	5
  -6.0	5
  -5.0	3
  -4.0	5
  -3.0	5
  -2.0	4
  -1.0	2
   0.0	7
   1.0	5
   2.0	6
   3.0	7
   4.0	7
   5.0	6.5
   6.0	3
   7.0	3
   8.0	5
   9.0	6.5
  10.0	4
  11.0	9
  12.0	7
  13.0	1
  14.0	10
  15.0	3
  16.0	5
  17.0	3
  18.0	8
  19.0	2
  20.0	5
  21.0	5
  22.0	6
  23.0	4
  24.0	5
  25.0	4
  26.0	5
  27.0	6
  28.0	4
  29.0	8
  30.0	2
  31.0	2
  32.0	4
  33.0	3
  34.0	2
  35.0	5
  36.0	2
  37.0	0
  38.0	2
  39.0	6
  40.0	3
  41.0	1
  42.0	1
  43.0	3.5
  44.0	4
  45.0	3
  46.0	3
  47.0	3
  48.0	5
  49.0	3
  50.0	5
  51.0	1
  52.0	4
  53.0	3.5
  54.0	2
  55.0	3
  56.0	3
  57.0	3
  58.0	3
  59.0	0
  60.0	1
  61.0	3
  62.0	3
  63.0	4
  64.0	2
  65.0	3
  66.0	3
  67.0	0
  68.0	5
  69.0	4
  70.0	2
  71.0	0
  72.0	2
  73.0	1
  74.0	1
  75.0	0
  76.0	4
  77.0	2
  78.0	2
  79.0	3.5
  80.0	0
  81.0	1
  82.0	3
  83.0	1
  84.0	5.5
  85.0	2
  86.0	3
  87.0	2
  88.0	2
  89.0	1
  90.0	3
  91.0	2
  92.0	1
  93.0	4
  94.0	2
  95.0	3
  96.0	3
  97.0	5
  98.0	3
  99.0	2
 100.0	2
 101.0	3
 102.0	1
 103.0	0
 104.0	3
 105.0	2
 106.0	2
 107.0	6
 108.0	1
 109.0	5
 110.0	1
 111.0	4
 112.0	2
DB 2 MOTIF	CEBPG_HUMAN.H11MO.0.B
-112.0	3
-111.0	1
-110.0	0
-109.0	0
-108.0	3
-107.0	1
-106.0	1
-105.0	0
-104.0	0
-103.0	2
-102.0	0
-101.0	2
-100.0	1
 -99.0	3
 -98.0	0
 -97.0	4
 -96.0	2
 -95.0	3
 -94.0	0
 -93.0	0
 -92.0	1
 -91.0	3
 -90.0	0
 -89.0	0
 -88.0	1
 -87.0	0
 -86.0	0
 -85.0	2
 -84.0	2
 -83.0	2
 -82.0	0
 -81.0	1
 -80.0	1
 -79.0	1
 -78.0	1
 -77.0	2
 -76.0	0
 -75.0	1
 -74.0	0
 -73.0	2
 -72.0	3
 -71.0	1
 -70.0	0
 -69.0	3
 -68.0	2
 -67.0	3
 -66.0	2
 -65.0	4
 -64.0	2
 -63.0	1
 -62.0	3
 -61.0	1
 -60.0	0
 -59.0	1
 -58.0	0
 -57.0	0
 -56.0	1
 -55.0	1
 -54.0	1
 -53.0	1
 -52.0	2
 -51.0	1
 -50.0	1
 -49.0	1
 -48.0	2.33333
 -47.0	0
 -46.0	3
 -45.0	2
 -44.0	1
 -43.0	4
 -42.0	1
 -41.0	2
 -40.0	2
 -39.0	0
 -38.0	0
 -37.0	2.5
 -36.0	5
 -35.0	1
 -34.0	3
 -33.0	1
 -32.0	4
 -31.0	2
 -30.0	3
 -29.0	5
 -28.0	3
 -27.0	4
 -26.0	4
 -25.0	2
 -24.0	1
 -23.0	5
 -22.0	2
 -21.0	2
 -20.0	1
 -19.0	0
 -18.0	3
 -17.0	2
 -16.0	4
 -15.0	4.33333
 -14.0	1
 -13.0	4
 -12.0	2
 -11.0	3
 -10.0	4
  -9.0	9
  -8.0	5
  -7.0	6
  -6.0	2
  -5.0	4
  -4.0	5
  -3.0	6
  -2.0	8
  -1.0	9
   0.0	4
   1.0	7
   2.0	4
   3.0	6.5
   4.0	6
   5.0	4.5
   6.0	3.5
   7.0	2
   8.0	4.5
   9.0	3
  10.0	5
  11.0	4
  12.0	7
  13.0	3.5
  14.0	1
  15.0	4
  16.0	4
  17.0	4
  18.0	1.33333
  19.0	6
  20.0	0
  21.0	5
  22.0	4
  23.0	3
  24.0	9
  25.0	2
  26.0	8
  27.0	4
  28.0	2
  29.0	1
  30.0	3.5
  31.0	1
  32.0	5
  33.0	1
  34.0	0
  35.0	1
  36.0	2
  37.0	1
  38.0	2
  39.0	3
  40.0	3.5
  41.0	2
  42.0	2
  43.0	0
  44.0	1
  45.0	2
  46.0	2
  47.0	3
  48.0	2
  49.0	3
  50.0	1
  51.0	2
  52.0	0
  53.0	3
  54.0	2
  55.0	1
  56.0	1
  57.0	2
  58.0	1
  59.0	2
  60.0	2
  61.0	2
  62.0	2
  63.0	0
  64.0	1
  65.0	0
  66.0	1
  67.0	0
  68.0	1
  69.0	0
  70.0	0
  71.0	1
  72.0	1
  73.0	0
  74.0	0
  75.0	0
  76.0	1
  77.0	0
  78.0	1
  79.0	3
  80.0	0
  81.0	2
  82.0	0
  83.0	2
  84.0	2
  85.0	1
  86.0	1
  87.0	1
  88.0	0
  89.0	1
  90.0	1
  91.0	0
  92.0	1
  93.0	3
  94.0	0
  95.0	0
  96.0	0
  97.0	3
  98.0	0
  99.0	2
 100.0	0
 101.0	0
 102.0	2
 103.0	0
 104.0	0
 105.0	1
 106.0	4
 107.0	1
 108.0	4
 109.0	2
 110.0	2
 111.0	1
 112.0	0
DB 2 MOTIF	CR3L2_HUMAN.H11MO.0.D
-111.5	1
-110.5	1
-109.5	0
-108.5	1
-107.5	1
-106.5	3
-105.5	3.5
-104.5	2.5
-103.5	0
-102.5	1
-101.5	2
-100.5	1
 -99.5	3
 -98.5	0
 -97.5	2
 -96.5	0
 -95.5	0
 -94.5	1
 -93.5	1
 -92.5	2
 -91.5	0
 -90.5	3
 -89.5	2
 -88.5	1
 -87.5	0
 -86.5	2
 -85.5	2
 -84.5	1
 -83.5	1
 -82.5	0
 -81.5	3
 -80.5	0
 -79.5	1
 -78.5	1
 -77.5	1
 -76.5	2
 -75.5	1
 -74.5	0
 -73.5	2
 -72.5	3
 -71.5	3
 -70.5	0
 -69.5	2
 -68.5	4
 -67.5	1
 -66.5	0
 -65.5	3
 -64.5	2
 -63.5	3
 -62.5	0
 -61.5	1
 -60.5	3
 -59.5	1
 -58.5	1
 -57.5	4
 -56.5	3
 -55.5	2
 -54.5	4
 -53.5	3
 -52.5	1
 -51.5	2
 -50.5	1
 -49.5	2
 -48.5	3
 -47.5	2
 -46.5	2
 -45.5	3
 -44.5	2
 -43.5	3
 -42.5	1
 -41.5	2
 -40.5	0
 -39.5	3
 -38.5	0
 -37.5	2
 -36.5	4
 -35.5	4
 -34.5	1
 -33.5	2
 -32.5	1
 -31.5	4
 -30.5	4
 -29.5	5
 -28.5	7
 -27.5	8
 -26.5	4
 -25.5	4
 -24.5	5
 -23.5	4
 -22.5	2.5
 -21.5	3.5
 -20.5	3
 -19.5	1
 -18.5	3
 -17.5	2
 -16.5	5
 -15.5	1
 -14.5	2
 -13.5	3
 -12.5	5
 -11.5	5
 -10.5	9.5
  -9.5	5.5
  -8.5	4
  -7.5	7
  -6.5	8
  -5.5	2
  -4.5	3
  -3.5	6
  -2.5	4
  -1.5	10
  -0.5	8
   0.5	3
   1.5	3
   2.5	6
   3.5	5.5
   4.5	5.5
   5.5	5
   6.5	11
   7.5	6
   8.5	9
   9.5	3
  10.5	9
  11.5	4
  12.5	8
  13.5	7
  14.5	2
  15.5	4
  16.5	3
  17.5	5
  18.5	5
  19.5	3
  20.5	7
  21.5	6
  22.5	3
  23.5	7
  24.5	7
  25.5	6
  26.5	3
  27.5	5
  28.5	2
  29.5	4
  30.5	5
  31.5	1
  32.5	3
  33.5	4
  34.5	0
  35.5	3
  36.5	5
  37.5	2
  38.5	3
  39.5	4
  40.5	3
  41.5	2
  42.5	1
  43.5	0
  44.5	4
  45.5	4
  46.5	1
  47.5	2
  48.5	3
  49.5	4
  50.5	0
  51.5	0
  52.5	1
  53.5	4
  54.5	4
  55.5	4
  56.5	1
  57.5	0
  58.5	1
  59.5	2
  60.5	0
  61.5	0
  62.5	2
  63.5	2
  64.5	1
  65.5	0
  66.5	3
  67.5	0
  68.5	1
  69.5	0
  70.5	1
  71.5	3
  72.5	2
  73.5	1
  74.5	2
  75.5	0
  76.5	0
  77.5	4
  78.5	0
  79.5	1
  80.5	1
  81.5	0
  82.5	1
  83.5	0
  84.5	3
  85.5	1
  86.5	1
  87.5	2
  88.5	2
  89.5	0
  90.5	0
  91.5	2
  92.5	0
  93.5	1
  94.5	1
  95.5	2
  96.5	1
  97.5	0
  98.5	1
  99.5	1
 100.5	0
 101.5	2
 102.5	1
 103.5	0
 104.5	0
 105.5	2
 106.5	2
 107.5	2
 108.5	3
 109.5	2
 110.5	1
 111.5	0
DB 2 MOTIF	CREB1_HUMAN.H11MO.0.A
-112.5	1
-111.5	3
-110.5	2
-109.5	3
-108.5	3
-107.5	3
-106.5	2.5
-105.5	1
-104.5	0
-103.5	1.5
-102.5	3
-101.5	5
-100.5	3
 -99.5	3
 -98.5	1
 -97.5	1
 -96.5	0
 -95.5	0
 -94.5	2
 -93.5	5
 -92.5	3.2
 -91.5	2
 -90.5	1
 -89.5	1
 -88.5	0
 -87.5	1
 -86.5	2
 -85.5	1
 -84.5	0
 -83.5	0
 -82.5	5
 -81.5	3
 -80.5	3
 -79.5	1
 -78.5	2
 -77.5	1
 -76.5	5
 -75.5	5
 -74.5	2
 -73.5	2
 -72.5	2
 -71.5	3
 -70.5	3
 -69.5	0.5
 -68.5	2
 -67.5	6
 -66.5	3
 -65.5	3
 -64.5	1
 -63.5	2
 -62.5	4
 -61.5	0
 -60.5	3
 -59.5	2
 -58.5	5
 -57.5	3
 -56.5	8
 -55.5	4
 -54.5	2
 -53.5	3
 -52.5	3
 -51.5	2
 -50.5	7.5
 -49.5	3
 -48.5	1
 -47.5	5.83333
 -46.5	4
 -45.5	4
 -44.5	2
 -43.5	1
 -42.5	4
 -41.5	4
 -40.5	8
 -39.5	4
 -38.5	2
 -37.5	1
 -36.5	11
 -35.5	3
 -34.5	4
 -33.5	7
 -32.5	10
 -31.5	7
 -30.5	4
 -29.5	10
 -28.5	4
 -27.5	9
 -26.5	14
 -25.5	9
 -24.5	8.2
 -23.5	8.5
 -22.5	7
 -21.5	4
 -20.5	4.5
 -19.5	7
 -18.5	8
 -17.5	12
 -16.5	5
 -15.5	6
 -14.5	9.83333
 -13.5	9
 -12.5	15
 -11.5	7.5
 -10.5	9
  -9.5	22
  -8.5	14.5
  -7.5	16
  -6.5	8
  -5.5	6
  -4.5	13
  -3.5	12
  -2.5	18
  -1.5	14
  -0.5	11
   0.5	10
   1.5	11.2
   2.5	13.5
   3.5	11
   4.5	12.5
   5.5	9
   6.5	6
   7.5	9.5
   8.5	12.5
   9.5	23
  10.5	6
  11.5	20
  12.5	12.5
  13.5	8
  14.5	17.5
  15.5	10
  16.5	10
  17.5	10
  18.5	7.33333
  19.5	7
  20.5	6
  21.5	9
  22.5	6
  23.5	14
  24.5	6.5
  25.5	13
  26.5	10.5
  27.5	5
  28.5	10
  29.5	7.5
  30.5	5
  31.5	8
  32.5	5.5
  33.5	3.2
  34.5	2.5
  35.5	4
  36.5	3
  37.5	4
  38.5	5
  39.5	5
  40.5	7
  41.5	4
  42.5	5
  43.5	2
  44.5	3
  45.5	6
  46.5	4
  47.5	2
  48.5	2
  49.5	3
  50.5	3
  51.5	4
  52.5	0
  53.5	2
  54.5	3
  55.5	5
  56.5	3
  57.5	2
  58.5	3
  59.5	3
  60.5	4
  61.5	2
  62.5	0
  63.5	3
  64.5	0.5
  65.5	2
  66.5	1
  67.5	1.2
  68.5	4
  69.5	3
  70.5	1
  71.5	0
  72.5	3
  73.5	0
  74.5	4
  75.5	2
  76.5	3
  77.5	0
  78.5	1
  79.5	1
  80.5	2
  81.5	4
  82.5	1
  83.5	2
  84.5	2
  85.5	3
  86.5	2
  87.5	1
  88.5	3
  89.5	2
  90.5	2
  91.5	2
  92.5	2
  93.5	2
  94.5	2
  95.5	1.25
  96.5	1
  97.5	3
  98.5	4
  99.5	2
 100.5	1.25
 101.5	1
 102.5	2
 103.5	0
 104.5	0
 105.5	2.25
 106.5	1
 107.5	3
 108.5	3
 109.5	1
 110.5	0.25
 111.5	0
 112.5	0
DB 2 MOTIF	CREB3_HUMAN.H11MO.0.D
-111.5	0
-110.5	0
-109.5	0
-108.5	0
-107.5	0
-106.5	0
-105.5	1.5
-104.5	2.5
-103.5	0
-102.5	1
-101.5	0
-100.5	1
 -99.5	3
 -98.5	0
 -97.5	0
 -96.5	1
 -95.5	0
 -94.5	0
 -93.5	0
 -92.5	2
 -91.5	0
 -90.5	0
 -89.5	0
 -88.5	1
 -87.5	0
 -86.5	0
 -85.5	1
 -84.5	0
 -83.5	1
 -82.5	1
 -81.5	0
 -80.5	0
 -79.5	1
 -78.5	0
 -77.5	0
 -76.5	0
 -75.5	1
 -74.5	0
 -73.5	0
 -72.5	2
 -71.5	1
 -70.5	0
 -69.5	3
 -68.5	1
 -67.5	0
 -66.5	2
 -65.5	1
 -64.5	0
 -63.5	0
 -62.5	0
 -61.5	2
 -60.5	0
 -59.5	2
 -58.5	2
 -57.5	2
 -56.5	1
 -55.5	3
 -54.5	1
 -53.5	3
 -52.5	0
 -51.5	1
 -50.5	1
 -49.5	2.5
 -48.5	2.5
 -47.5	1
 -46.5	3
 -45.5	0
 -44.5	1
 -43.5	4
 -42.5	0
 -41.5	1
 -40.5	0
 -39.5	3
 -38.5	0
 -37.5	0
 -36.5	0
 -35.5	3
 -34.5	1
 -33.5	3
 -32.5	2
 -31.5	4
 -30.5	3
 -29.5	2
 -28.5	3
 -27.5	9
 -26.5	2
 -25.5	4
 -24.5	3
 -23.5	2
 -22.5	3.5
 -21.5	2.5
 -20.5	4
 -19.5	1
 -18.5	3
 -17.5	4
 -16.5	5
 -15.5	2
 -14.5	3
 -13.5	3
 -12.5	4
 -11.5	7
 -10.5	8
  -9.5	3
  -8.5	10
  -7.5	5
  -6.5	4
  -5.5	3
  -4.5	3
  -3.5	5
  -2.5	6
  -1.5	12
  -0.5	8
   0.5	5
   1.5	5
   2.5	4
   3.5	3.5
   4.5	6.5
   5.5	5.5
   6.5	8.5
   7.5	5
   8.5	6
   9.5	6
  10.5	11
  11.5	4
  12.5	9
  13.5	8
  14.5	2
  15.5	5
  16.5	4
  17.5	2
  18.5	4
  19.5	1
  20.5	5
  21.5	4
  22.5	3
  23.5	5
  24.5	8
  25.5	4
  26.5	4
  27.5	5
  28.5	2
  29.5	3
  30.5	6
  31.5	3
  32.5	2
  33.5	2
  34.5	0
  35.5	1
  36.5	1
  37.5	2
  38.5	3
  39.5	1
  40.5	1
  41.5	3
  42.5	0
  43.5	1
  44.5	1
  45.5	1
  46.5	1
  47.5	0
  48.5	0
  49.5	1
  50.5	0
  51.5	1
  52.5	1
  53.5	1
  54.5	2
  55.5	2
  56.5	2
  57.5	0
  58.5	0
  59.5	1
  60.5	1
  61.5	0
  62.5	0
  63.5	0
  64.5	0
  65.5	0
  66.5	2
  67.5	0
  68.5	0
  69.5	1
  70.5	1
  71.5	0
  72.5	0
  73.5	0
  74.5	0
  75.5	0
  76.5	0
  77.5	2
  78.5	0
  79.5	1
  80.5	2
  81.5	0
  82.5	0
  83.5	0
  84.5	1
  85.5	0
  86.5	1
  87.5	0
  88.5	0
  89.5	1
  90.5	0
  91.5	1
  92.5	1
  93.5	0
  94.5	0
  95.5	1
  96.5	0
  97.5	0
  98.5	2
  99.5	0
 100.5	0
 101.5	0
 102.5	0
 103.5	0
 104.5	0
 105.5	1
 106.5	0
 107.5	0
 108.5	2
 109.5	0
 110.5	0
 111.5	0
DB 2 MOTIF	CREB5_HUMAN.H11MO.0.D
-112.5	1
-111.5	0
-110.5	0
-109.5	0
-108.5	0
-107.5	0
-106.5	0
-105.5	0.5
-104.5	0.5
-103.5	0
-102.5	0
-101.5	1
-100.5	1
 -99.5	1
 -98.5	0
 -97.5	0
 -96.5	1
 -95.5	0
 -94.5	0
 -93.5	0
 -92.5	0
 -91.5	0
 -90.5	0
 -89.5	0
 -88.5	0
 -87.5	0
 -86.5	0
 -85.5	0
 -84.5	0
 -83.5	0
 -82.5	0
 -81.5	2
 -80.5	0
 -79.5	0
 -78.5	0
 -77.5	0
 -76.5	0
 -75.5	1
 -74.5	0
 -73.5	0
 -72.5	3
 -71.5	1
 -70.5	1
 -69.5	2
 -68.5	1
 -67.5	0
 -66.5	1.5
 -65.5	0.5
 -64.5	0
 -63.5	0
 -62.5	0.5
 -61.5	1.5
 -60.5	0
 -59.5	1
 -58.5	1
 -57.5	1
 -56.5	2
 -55.5	2.5
 -54.5	0.5
 -53.5	1
 -52.5	1
 -51.5	0
 -50.5	1
 -49.5	1.5
 -48.5	3
 -47.5	1.5
 -46.5	2
 -45.5	0
 -44.5	0
 -43.5	3
 -42.5	0
 -41.5	0
 -40.5	0
 -39.5	1
 -38.5	1
 -37.5	1
 -36.5	1
 -35.5	3.5
 -34.5	2.5
 -33.5	3
 -32.5	5
 -31.5	3
 -30.5	2
 -29.5	2
 -28.5	4
 -27.5	5.33333
 -26.5	3
 -25.5	6.5
 -24.5	2.5
 -23.5	5
 -22.5	1.5
 -21.5	1.5
 -20.5	3
 -19.5	2
 -18.5	6
 -17.5	3
 -16.5	5.5
 -15.5	3.5
 -14.5	2.5
 -13.5	6.5
 -12.5	3
 -11.5	6
 -10.5	9.33333
  -9.5	4.83333
  -8.5	9.5
  -7.5	6
  -6.5	9
  -5.5	2
  -4.5	3
  -3.5	4.5
  -2.5	13
  -1.5	8.5
  -0.5	5
   0.5	7
   1.5	6
   2.5	6
   3.5	6.5
   4.5	7.5
   5.5	6
   6.5	7.5
   7.5	5
   8.5	10.5
   9.5	4
  10.5	11
  11.5	8
  12.5	6.5
  13.5	13.5
  14.5	3.5
  15.5	7
  16.5	6
  17.5	5
  18.5	1
  19.5	3
  20.5	5
  21.5	4
  22.5	5
  23.5	2
  24.5	9
  25.5	5.5
  26.5	6.5
  27.5	6.5
  28.5	3.5
  29.5	4
  30.5	6.5
  31.5	4
  32.5	1
  33.5	0
  34.5	2
  35.5	3
  36.5	0.5
  37.5	2.5
  38.5	2
  39.5	3
  40.5	2
  41.5	1
  42.5	0
  43.5	2
  44.5	1
  45.5	0
  46.5	1
  47.5	0
  48.5	1
  49.5	1
  50.5	0
  51.5	0
  52.5	1
  53.5	0.5
  54.5	0.5
  55.5	3
  56.5	2
  57.5	1
  58.5	0
  59.5	2
  60.5	1
  61.5	0
  62.5	0
  63.5	0
  64.5	0
  65.5	0
  66.5	0
  67.5	0
  68.5	0
  69.5	1
  70.5	0
  71.5	0
  72.5	0
  73.5	0
  74.5	0
  75.5	1
  76.5	1
  77.5	0.5
  78.5	0.5
  79.5	2
  80.5	1
  81.5	1
  82.5	0
  83.5	0
  84.5	2
  85.5	0
  86.5	0
  87.5	1
  88.5	0
  89.5	0
  90.5	0
  91.5	1
  92.5	1
  93.5	0
  94.5	0
  95.5	0
  96.5	0
  97.5	0
  98.5	1
  99.5	1
 100.5	0
 101.5	0
 102.5	0
 103.5	1
 104.5	0
 105.5	0
 106.5	0
 107.5	0
 108.5	1
 109.5	0
 110.5	0
 111.5	0
 112.5	1
DB 2 MOTIF	CREM_HUMAN.H11MO.0.C
-112.5	2
-111.5	4
-110.5	1
-109.5	2
-108.5	4
-107.5	1
-106.5	1.5
-105.5	1
-104.5	2
-103.5	2.5
-102.5	4
-101.5	2
-100.5	1
 -99.5	2
 -98.5	2
 -97.5	2
 -96.5	2
 -95.5	2
 -94.5	1
 -93.5	4
 -92.5	0.2
 -91.5	4
 -90.5	1
 -89.5	0
 -88.5	0
 -87.5	1
 -86.5	3
 -85.5	2
 -84.5	2
 -83.5	3
 -82.5	0
 -81.5	2
 -80.5	2
 -79.5	3
 -78.5	0
 -77.5	0
 -76.5	2
 -75.5	0
 -74.5	0
 -73.5	5
 -72.5	1
 -71.5	0
 -70.5	3
 -69.5	1
 -68.5	3
 -67.5	4
 -66.5	1
 -65.5	1
 -64.5	3
 -63.5	3
 -62.5	2
 -61.5	3
 -60.5	4
 -59.5	2
 -58.5	2
 -57.5	3
 -56.5	5
 -55.5	1
 -54.5	2
 -53.5	2
 -52.5	2
 -51.5	2
 -50.5	4.5
 -49.5	6
 -48.5	1
 -47.5	5.5
 -46.5	3
 -45.5	7
 -44.5	1
 -43.5	0
 -42.5	0
 -41.5	3
 -40.5	4
 -39.5	3
 -38.5	4
 -37.5	0
 -36.5	5
 -35.5	2
 -34.5	4
 -33.5	8
 -32.5	6
 -31.5	7
 -30.5	7
 -29.5	9.5
 -28.5	4
 -27.5	3
 -26.5	10
 -25.5	5
 -24.5	5.2
 -23.5	4
 -22.5	4
 -21.5	3
 -20.5	6
 -19.5	1
 -18.5	4
 -17.5	9
 -16.5	3
 -15.5	6
 -14.5	6
 -13.5	5
 -12.5	11
 -11.5	7.5
 -10.5	11
  -9.5	12
  -8.5	10.5
  -7.5	12
  -6.5	9
  -5.5	7
  -4.5	11
  -3.5	11
  -2.5	7
  -1.5	8
  -0.5	10
   0.5	10
   1.5	3.2
   2.5	7.5
   3.5	7
   4.5	7.5
   5.5	11.5
   6.5	3
   7.5	8.5
   8.5	6
   9.5	15
  10.5	6
  11.5	17
  12.5	12.5
  13.5	4
  14.5	13
  15.5	7
  16.5	5
  17.5	6
  18.5	4
  19.5	5
  20.5	4
  21.5	9
  22.5	4
  23.5	7
  24.5	3
  25.5	9
  26.5	11
  27.5	5
  28.5	13
  29.5	2.5
  30.5	6
  31.5	6
  32.5	6
  33.5	3.2
  34.5	2.5
  35.5	3
  36.5	4.5
  37.5	3
  38.5	2
  39.5	3
  40.5	5
  41.5	2
  42.5	3
  43.5	2
  44.5	2
  45.5	3
  46.5	3
  47.5	4
  48.5	1
  49.5	1
  50.5	2
  51.5	0
  52.5	1
  53.5	2
  54.5	2
  55.5	2
  56.5	2
  57.5	3
  58.5	1
  59.5	2
  60.5	1
  61.5	1
  62.5	0
  63.5	1
  64.5	3.5
  65.5	1
  66.5	1
  67.5	1.2
  68.5	1
  69.5	3
  70.5	2
  71.5	6
  72.5	0
  73.5	2
  74.5	0
  75.5	3
  76.5	1
  77.5	1
  78.5	2
  79.5	5
  80.5	0
  81.5	3
  82.5	1
  83.5	3
  84.5	2
  85.5	2
  86.5	3
  87.5	0
  88.5	1
  89.5	2
  90.5	2
  91.5	1
  92.5	3
  93.5	3
  94.5	2
  95.5	1
  96.5	1
  97.5	3
  98.5	3
  99.5	1
 100.5	0
 101.5	1
 102.5	2
 103.5	2
 104.5	2
 105.5	2
 106.5	0
 107.5	3
 108.5	1
 109.5	1
 110.5	2
 111.5	0
 112.5	2
DB 2 MOTIF	CTCFL_HUMAN.H11MO.0.A
-109.5	7
-108.5	2
-107.5	3
-106.5	2
-105.5	3
-104.5	1
-103.5	2
-102.5	2
-101.5	5
-100.5	1
 -99.5	2
 -98.5	7
 -97.5	3
 -96.5	4
 -95.5	4
 -94.5	2
 -93.5	2
 -92.5	2
 -91.5	2
 -90.5	3
 -89.5	1
 -88.5	1
 -87.5	3
 -86.5	3
 -85.5	2
 -84.5	2
 -83.5	2
 -82.5	1
 -81.5	1
 -80.5	3
 -79.5	3
 -78.5	4
 -77.5	3
 -76.5	8
 -75.5	3
 -74.5	2
 -73.5	4
 -72.5	3
 -71.5	3
 -70.5	3
 -69.5	2
 -68.5	3
 -67.5	5
 -66.5	5
 -65.5	1
 -64.5	6
 -63.5	2
 -62.5	4
 -61.5	4
 -60.5	0
 -59.5	2
 -58.5	2
 -57.5	3
 -56.5	3
 -55.5	5
 -54.5	3
 -53.5	4
 -52.5	4
 -51.5	1
 -50.5	3
 -49.5	4
 -48.5	3
 -47.5	5
 -46.5	0
 -45.5	5
 -44.5	3
 -43.5	6
 -42.5	2
 -41.5	0
 -40.5	4
 -39.5	2
 -38.5	3
 -37.5	4
 -36.5	2
 -35.5	5
 -34.5	4
 -33.5	3
 -32.5	2
 -31.5	3
 -30.5	3
 -29.5	4
 -28.5	6
 -27.5	2
 -26.5	3
 -25.5	7
 -24.5	3
 -23.5	4
 -22.5	5
 -21.5	1
 -20.5	2
 -19.5	2
 -18.5	6
 -17.5	5
 -16.5	4
 -15.5	5
 -14.5	4
 -13.5	5
 -12.5	0
 -11.5	7
 -10.5	5
  -9.5	1
  -8.5	3
  -7.5	5
  -6.5	1
  -5.5	1
  -4.5	3
  -3.5	2
  -2.5	4
  -1.5	0
  -0.5	0
   0.5	1
   1.5	5
   2.5	5
   3.5	0
   4.5	5
   5.5	4
   6.5	2
   7.5	2
   8.5	4
   9.5	2
  10.5	4
  11.5	2
  12.5	1
  13.5	3
  14.5	2
  15.5	6
  16.5	3
  17.5	1
  18.5	6
  19.5	8
  20.5	4
  21.5	2
  22.5	4
  23.5	8
  24.5	5
  25.5	6
  26.5	5
  27.5	2
  28.5	1
  29.5	1
  30.5	4
  31.5	4
  32.5	4
  33.5	2
  34.5	4
  35.5	1
  36.5	3
  37.5	2
  38.5	2
  39.5	1
  40.5	5
  41.5	3
  42.5	1
  43.5	3
  44.5	6
  45.5	3
  46.5	2
  47.5	7
  48.5	4
  49.5	1
  50.5	3
  51.5	5
  52.5	1
  53.5	3
  54.5	2
  55.5	6
  56.5	2
  57.5	3
  58.5	5
  59.5	4
  60.5	4
  61.5	2
  62.5	1
  63.5	6
  64.5	1
  65.5	6
  66.5	3
  67.5	5
  68.5	5
  69.5	2
  70.5	3
  71.5	6
  72.5	4
  73.5	3
  74.5	5
  75.5	1
  76.5	5
  77.5	0
  78.5	2
  79.5	0
  80.5	1
  81.5	5
  82.5	4
  83.5	2
  84.5	1
  85.5	1
  86.5	2
  87.5	3
  88.5	2
  89.5	3
  90.5	4
  91.5	1
  92.5	2
  93.5	3
  94.5	1
  95.5	3
  96.5	2
  97.5	1
  98.5	2
  99.5	1
 100.5	1
 101.5	4
 102.5	1
 103.5	3
 104.5	2
 105.5	4
 106.5	0
 107.5	2
 108.5	1
 109.5	1
DB 2 MOTIF	DBP_HUMAN.H11MO.0.B
-112.5	8
-111.5	6
-110.5	4
-109.5	5
-108.5	2
-107.5	0
-106.5	7
-105.5	5
-104.5	2
-103.5	3
-102.5	6
-101.5	3
-100.5	4
 -99.5	0
 -98.5	4
 -97.5	3
 -96.5	1
 -95.5	3
 -94.5	1
 -93.5	2
 -92.5	2
 -91.5	1
 -90.5	1
 -89.5	1
 -88.5	4
 -87.5	0
 -86.5	2
 -85.5	1
 -84.5	4
 -83.5	2
 -82.5	4
 -81.5	2
 -80.5	6
 -79.5	5
 -78.5	3
 -77.5	1
 -76.5	3
 -75.5	1
 -74.5	2
 -73.5	3
 -72.5	3
 -71.5	0
 -70.5	4
 -69.5	4
 -68.5	0
 -67.5	2
 -66.5	3
 -65.5	4
 -64.5	2
 -63.5	3
 -62.5	8
 -61.5	1
 -60.5	1
 -59.5	1
 -58.5	3
 -57.5	6
 -56.5	4
 -55.5	3
 -54.5	3
 -53.5	5
 -52.5	6
 -51.5	5
 -50.5	3
 -49.5	4.83333
 -48.5	2.5
 -47.5	3.5
 -46.5	3
 -45.5	5
 -44.5	2.5
 -43.5	4
 -42.5	6
 -41.5	4.33333
 -40.5	1
 -39.5	2
 -38.5	3
 -37.5	4
 -36.5	1
 -35.5	0
 -34.5	1
 -33.5	1
 -32.5	3
 -31.5	2
 -30.5	5
 -29.5	2
 -28.5	5
 -27.5	3
 -26.5	2
 -25.5	3
 -24.5	4
 -23.5	3
 -22.5	2.5
 -21.5	3.5
 -20.5	4
 -19.5	3.33333
 -18.5	6
 -17.5	4
 -16.5	3.33333
 -15.5	8
 -14.5	4
 -13.5	2
 -12.5	3
 -11.5	7
 -10.5	7
  -9.5	8
  -8.5	4
  -7.5	7
  -6.5	2
  -5.5	5
  -4.5	3
  -3.5	5
  -2.5	8
  -1.5	4
  -0.5	7
   0.5	6
   1.5	5
   2.5	7
   3.5	5.5
   4.5	5.5
   5.5	4.5
   6.5	6
   7.5	5
   8.5	2.5
   9.5	5
  10.5	1
  11.5	4
  12.5	3
  13.5	4.5
  14.5	5.5
  15.5	2
  16.5	2.33333
  17.5	2
  18.5	2
  19.5	1
  20.5	4.5
  21.5	4
  22.5	2
  23.5	2
  24.5	7
  25.5	4.5
  26.5	4
  27.5	3
  28.5	5
  29.5	3
  30.5	4
  31.5	5
  32.5	1
  33.5	5
  34.5	3
  35.5	0
  36.5	6
  37.5	3
  38.5	2
  39.5	2
  40.5	3
  41.5	2
  42.5	1
  43.5	3
  44.5	4
  45.5	2
  46.5	4
  47.5	3
  48.5	3
  49.5	4
  50.5	4
  51.5	3
  52.5	4
  53.5	3
  54.5	3
  55.5	4
  56.5	4
  57.5	2
  58.5	2
  59.5	2
  60.5	4
  61.5	2
  62.5	2
  63.5	4
  64.5	2
  65.5	2
  66.5	1
  67.5	3
  68.5	0
  69.5	2
  70.5	3
  71.5	2
  72.5	4
  73.5	1
  74.5	2
  75.5	4
  76.5	2
  77.5	5
  78.5	1
  79.5	3
  80.5	3
  81.5	4
  82.5	4
  83.5	3.33333
  84.5	1
  85.5	3
  86.5	0
  87.5	1
  88.5	2
  89.5	1
  90.5	4
  91.5	5
  92.5	1
  93.5	1
  94.5	4
  95.5	2
  96.5	5
  97.5	3
  98.5	3
  99.5	2
 100.5	4
 101.5	2
 102.5	2
 103.5	2
 104.5	2
 105.5	0
 106.5	3
 107.5	5
 108.5	1
 109.5	2
 110.5	3
 111.5	3
 112.5	4
DB 2 MOTIF	DDIT3_HUMAN.H11MO.0.D
-113.0	5
-112.0	2
-111.0	1
-110.0	2
-109.0	2
-108.0	1
-107.0	3
-106.0	0
-105.0	1
-104.0	9
-103.0	0
-102.0	1
-101.0	1
-100.0	3
 -99.0	1
 -98.0	5
 -97.0	4
 -96.0	6
 -95.0	0
 -94.0	2
 -93.0	1
 -92.0	6
 -91.0	1
 -90.0	0
 -89.0	3
 -88.0	2
 -87.0	2
 -86.0	3
 -85.0	3
 -84.0	4
 -83.0	3
 -82.0	1
 -81.0	3
 -80.0	2
 -79.0	1
 -78.0	5
 -77.0	2
 -76.0	1
 -75.0	1
 -74.0	0
 -73.0	1
 -72.0	3
 -71.0	1
 -70.0	3
 -69.0	3
 -68.0	5.5
 -67.0	3
 -66.0	3
 -65.0	1
 -64.0	1
 -63.0	2
 -62.0	3
 -61.0	3
 -60.0	2
 -59.0	1
 -58.0	2
 -57.0	2
 -56.0	2
 -55.0	4
 -54.0	0.5
 -53.0	2
 -52.0	4
 -51.0	2
 -50.0	2
 -49.0	2.33333
 -48.0	2
 -47.0	7
 -46.0	0
 -45.0	3
 -44.0	8
 -43.0	3
 -42.0	2
 -41.0	1
 -40.0	3
 -39.0	2
 -38.0	2
 -37.0	4
 -36.0	0.5
 -35.0	5
 -34.0	3
 -33.0	4
 -32.0	2
 -31.0	7
 -30.0	3
 -29.0	2
 -28.0	8.5
 -27.0	4.5
 -26.0	4.5
 -25.0	5
 -24.0	4
 -23.0	6
 -22.0	5
 -21.0	2
 -20.0	2
 -19.0	3
 -18.0	4
 -17.0	3
 -16.0	8.33333
 -15.0	3
 -14.0	4
 -13.0	3
 -12.0	5
 -11.0	13
 -10.0	5.5
  -9.0	7.5
  -8.0	11
  -7.0	4
  -6.0	6
  -5.0	5
  -4.0	4
  -3.0	7
  -2.0	16
  -1.0	12
   0.0	6
   1.0	6
   2.0	6
   3.0	3
   4.0	7
   5.0	8
   6.0	9
   7.0	4
   8.0	7
   9.0	6
  10.0	5
  11.0	6
  12.0	4
  13.0	12
  14.0	9
  15.0	0
  16.0	8
  17.0	6.33333
  18.0	6
  19.0	0
  20.0	6
  21.0	3
  22.0	6
  23.0	5
  24.0	4
  25.0	12
  26.0	4
  27.0	9
  28.0	5
  29.0	5
  30.0	6
  31.0	4.5
  32.0	2.5
  33.0	3
  34.0	4
  35.0	2
  36.0	2
  37.0	4
  38.0	5
  39.0	4
  40.0	2
  41.0	5.5
  42.0	1
  43.0	3
  44.0	2
  45.0	1
  46.0	7
  47.0	3
  48.0	3
  49.0	2
  50.0	3
  51.0	2
  52.0	3
  53.0	3
  54.0	2
  55.0	3
  56.0	1
  57.0	2
  58.0	3
  59.0	2
  60.0	1
  61.0	5
  62.0	1
  63.0	3
  64.0	1
  65.0	0
  66.0	0
  67.0	1
  68.0	1
  69.0	2
  70.0	1
  71.0	3
  72.0	3
  73.0	2
  74.0	0
  75.0	0
  76.0	1
  77.0	2
  78.0	3
  79.0	2
  80.0	3
  81.0	1
  82.0	3
  83.0	3
  84.0	3
  85.0	2
  86.0	1
  87.0	2
  88.0	1
  89.0	3
  90.0	3
  91.0	1
  92.0	5
  93.0	0
  94.0	2.5
  95.0	1
  96.0	2
  97.0	3
  98.0	2
  99.0	1
 100.0	4
 101.0	1
 102.0	2
 103.0	1
 104.0	4
 105.0	3
 106.0	4
 107.0	3
 108.0	3
 109.0	3
 110.0	1
 111.0	3
 112.0	2
 113.0	0
DB 2 MOTIF	E4F1_HUMAN.H11MO.0.D
-113.5	1
-112.5	0
-111.5	0
-110.5	1
-109.5	2
-108.5	0
-107.5	0
-106.5	0.5
-105.5	1
-104.5	1
-103.5	1.5
-102.5	2
-101.5	1
-100.5	2
 -99.5	1
 -98.5	0
 -97.5	0
 -96.5	0
 -95.5	1
 -94.5	2
 -93.5	0
 -92.5	3
 -91.5	2
 -90.5	0
 -89.5	0
 -88.5	0
 -87.5	0
 -86.5	1
 -85.5	0
 -84.5	0
 -83.5	0
 -82.5	0
 -81.5	2
 -80.5	1
 -79.5	1
 -78.5	0
 -77.5	1
 -76.5	0
 -75.5	1
 -74.5	1
 -73.5	2
 -72.5	1
 -71.5	3
 -70.5	4
 -69.5	0
 -68.5	1
 -67.5	2
 -66.5	0
 -65.5	2
 -64.5	0
 -63.5	2
 -62.5	1
 -61.5	1
 -60.5	2
 -59.5	1
 -58.5	1
 -57.5	5
 -56.5	3.5
 -55.5	2
 -54.5	1
 -53.5	0.5
 -52.5	3
 -51.5	1
 -50.5	6.5
 -49.5	1.5
 -48.5	1
 -47.5	6.5
 -46.5	2.5
 -45.5	3
 -44.5	4
 -43.5	1
 -42.5	2
 -41.5	0
 -40.5	3
 -39.5	1
 -38.5	2
 -37.5	1
 -36.5	7
 -35.5	1
 -34.5	2
 -33.5	4
 -32.5	5
 -31.5	3
 -30.5	4
 -29.5	10.5
 -28.5	2
 -27.5	4
 -26.5	10
 -25.5	4
 -24.5	5.5
 -23.5	1.5
 -22.5	2
 -21.5	7
 -20.5	3.5
 -19.5	3
 -18.5	5
 -17.5	7.5
 -16.5	5
 -15.5	2.5
 -14.5	7.5
 -13.5	5.5
 -12.5	9.5
 -11.5	4
 -10.5	8.5
  -9.5	14
  -8.5	8
  -7.5	11
  -6.5	5
  -5.5	2
  -4.5	11
  -3.5	13
  -2.5	9
  -1.5	6.5
  -0.5	11.5
   0.5	8
   1.5	7
   2.5	5.5
   3.5	6
   4.5	7
   5.5	4
   6.5	5.5
   7.5	13
   8.5	8.5
   9.5	15.5
  10.5	5
  11.5	8.5
  12.5	10.5
  13.5	2
  14.5	19.5
  15.5	4.5
  16.5	9
  17.5	4
  18.5	6
  19.5	6
  20.5	5
  21.5	5
  22.5	3.5
  23.5	11
  24.5	2.5
  25.5	7
  26.5	9.5
  27.5	2.5
  28.5	5
  29.5	4.5
  30.5	3
  31.5	10
  32.5	3
  33.5	2
  34.5	0.5
  35.5	4.5
  36.5	1
  37.5	3
  38.5	3.5
  39.5	6
  40.5	5
  41.5	2
  42.5	2
  43.5	2
  44.5	2
  45.5	3
  46.5	0.5
  47.5	0
  48.5	0
  49.5	1.5
  50.5	1
  51.5	2.5
  52.5	0.5
  53.5	2
  54.5	2
  55.5	1.5
  56.5	2
  57.5	0
  58.5	1
  59.5	0
  60.5	2
  61.5	0
  62.5	2
  63.5	1
  64.5	0.5
  65.5	3
  66.5	1
  67.5	0
  68.5	1
  69.5	2
  70.5	0
  71.5	2
  72.5	0
  73.5	0
  74.5	1
  75.5	2
  76.5	2
  77.5	0
  78.5	1
  79.5	0.5
  80.5	2
  81.5	4
  82.5	0
  83.5	1
  84.5	2
  85.5	4
  86.5	1
  87.5	1
  88.5	1
  89.5	1
  90.5	1
  91.5	0
  92.5	0
  93.5	0
  94.5	0
  95.5	0
  96.5	1.5
  97.5	2
  98.5	0
  99.5	3
 100.5	0
 101.5	0
 102.5	1
 103.5	2
 104.5	0
 105.5	0
 106.5	1
 107.5	2
 108.5	0
 109.5	0
 110.5	0
 111.5	1
 112.5	0
 113.5	2
DB 2 MOTIF	EHF_HUMAN.H11MO.0.B
-110.5	1
-109.5	2
-108.5	1
-107.5	2
-106.5	1
-105.5	3
-104.5	3
-103.5	2
-102.5	3
-101.5	3
-100.5	2
 -99.5	0
 -98.5	1
 -97.5	6
 -96.5	3
 -95.5	1
 -94.5	2
 -93.5	3
 -92.5	1
 -91.5	4
 -90.5	1
 -89.5	2
 -88.5	3
 -87.5	1
 -86.5	3
 -85.5	3
 -84.5	2
 -83.5	2
 -82.5	2
 -81.5	1
 -80.5	3
 -79.5	6
 -78.5	5
 -77.5	3
 -76.5	2
 -75.5	1
 -74.5	4
 -73.5	2
 -72.5	2
 -71.5	2
 -70.5	1
 -69.5	1
 -68.5	5
 -67.5	4
 -66.5	3
 -65.5	4
 -64.5	4
 -63.5	2
 -62.5	3
 -61.5	1
 -60.5	3
 -59.5	3
 -58.5	2
 -57.5	2
 -56.5	3
 -55.5	3
 -54.5	2
 -53.5	0
 -52.5	2
 -51.5	7
 -50.5	3
 -49.5	1
 -48.5	1
 -47.5	2
 -46.5	4
 -45.5	1
 -44.5	4
 -43.5	2
 -42.5	4
 -41.5	4
 -40.5	2
 -39.5	3
 -38.5	1
 -37.5	4
 -36.5	2
 -35.5	4
 -34.5	2
 -33.5	9
 -32.5	2
 -31.5	3
 -30.5	4
 -29.5	6
 -28.5	2
 -27.5	2
 -26.5	2
 -25.5	7
 -24.5	3
 -23.5	2
 -22.5	6
 -21.5	1
 -20.5	2
 -19.5	9
 -18.5	5
 -17.5	7
 -16.5	2
 -15.5	0
 -14.5	1
 -13.5	6
 -12.5	2
 -11.5	2
 -10.5	5
  -9.5	1
  -8.5	6
  -7.5	1
  -6.5	3
  -5.5	3
  -4.5	3
  -3.5	6
  -2.5	4
  -1.5	2
  -0.5	5
   0.5	4
   1.5	3
   2.5	2
   3.5	5
   4.5	3
   5.5	4
   6.5	2
   7.5	3
   8.5	8
   9.5	4
  10.5	2
  11.5	4
  12.5	3
  13.5	3
  14.5	1
  15.5	5
  16.5	2
  17.5	4
  18.5	5
  19.5	4
  20.5	8
  21.5	1
  22.5	5
  23.5	7
  24.5	2
  25.5	2
  26.5	3
  27.5	2
  28.5	2
  29.5	8
  30.5	3
  31.5	5
  32.5	4
  33.5	1
  34.5	3
  35.5	3
  36.5	4
  37.5	9
  38.5	5
  39.5	2
  40.5	2
  41.5	4
  42.5	3
  43.5	5
  44.5	5
  45.5	0
  46.5	4
  47.5	0
  48.5	6
  49.5	4
  50.5	2
  51.5	3
  52.5	1
  53.5	2
  54.5	2
  55.5	1
  56.5	2
  57.5	5
  58.5	3
  59.5	4
  60.5	5
  61.5	2
  62.5	4
  63.5	5
  64.5	3
  65.5	3
  66.5	3
  67.5	1.5
  68.5	5
  69.5	1
  70.5	1
  71.5	0
  72.5	4
  73.5	4
  74.5	6
  75.5	5
  76.5	5
  77.5	3
  78.5	2
  79.5	1
  80.5	2
  81.5	1
  82.5	2
  83.5	6
  84.5	5
  85.5	1
  86.5	3
  87.5	0
  88.5	2
  89.5	1
  90.5	3
  91.5	2
  92.5	4
  93.5	3
  94.5	1.5
  95.5	2
  96.5	3
  97.5	2
  98.5	0
  99.5	1
 100.5	3
 101.5	0
 102.5	3
 103.5	3
 104.5	3
 105.5	5
 106.5	2
 107.5	2
 108.5	0
 109.5	4
 110.5	7
DB 2 MOTIF	ELF1_HUMAN.H11MO.0.A
-111.0	4
-110.0	0
-109.0	0
-108.0	2
-107.0	5
-106.0	2
-105.0	4
-104.0	8
-103.0	6
-102.0	5
-101.0	6
-100.0	3
 -99.0	1
 -98.0	4
 -97.0	6
 -96.0	2
 -95.0	2
 -94.0	4
 -93.0	1
 -92.0	2
 -91.0	2
 -90.0	2
 -89.0	6
 -88.0	3
 -87.0	2
 -86.0	5
 -85.0	5
 -84.0	2
 -83.0	1
 -82.0	4
 -81.0	3
 -80.0	7
 -79.0	4
 -78.0	5
 -77.0	7
 -76.0	2
 -75.0	4
 -74.0	5
 -73.0	4
 -72.0	4
 -71.0	3
 -70.0	4
 -69.0	5
 -68.0	3
 -67.0	6
 -66.0	6
 -65.0	4
 -64.0	6
 -63.0	5
 -62.0	1
 -61.0	3
 -60.0	4
 -59.0	11
 -58.0	3
 -57.0	3
 -56.0	4
 -55.0	5
 -54.0	3
 -53.0	2
 -52.0	5
 -51.0	3
 -50.0	4
 -49.0	2
 -48.0	0
 -47.0	7
 -46.0	2
 -45.0	3
 -44.0	5
 -43.0	3
 -42.0	3
 -41.0	5
 -40.0	6
 -39.0	3
 -38.0	3
 -37.0	6
 -36.0	8
 -35.0	3
 -34.0	6
 -33.0	8
 -32.0	3
 -31.0	3
 -30.0	8
 -29.0	3
 -28.0	2
 -27.0	3
 -26.0	3
 -25.0	8.5
 -24.0	5
 -23.0	5
 -22.0	6
 -21.0	4
 -20.0	6
 -19.0	8
 -18.0	7
 -17.0	6
 -16.0	3
 -15.0	2
 -14.0	8
 -13.0	4
 -12.0	1
 -11.0	8
 -10.0	6
  -9.0	3
  -8.0	9
  -7.0	4
  -6.0	4
  -5.0	7
  -4.0	8
  -3.0	6
  -2.0	6
  -1.0	3
   0.0	7
   1.0	6
   2.0	4
   3.0	7
   4.0	3
   5.0	2
   6.0	5
   7.0	6
   8.0	4
   9.0	14
  10.0	7
  11.0	5
  12.0	2
  13.0	3
  14.0	4
  15.0	7
  16.0	4
  17.0	5
  18.0	6
  19.0	5
  20.0	10
  21.0	3
  22.0	3
  23.0	6
  24.0	5
  25.0	5
  26.0	2
  27.0	5
  28.0	3
  29.0	6
  30.0	6
  31.0	5
  32.0	7
  33.0	7
  34.0	2
  35.0	4
  36.0	3.5
  37.0	7
  38.0	7
  39.0	6
  40.0	2
  41.0	4
  42.0	7
  43.0	7
  44.0	8
  45.0	4
  46.0	2
  47.0	4
  48.0	3
  49.0	5
  50.0	3
  51.0	5
  52.0	2
  53.0	5
  54.0	1
  55.0	3
  56.0	0
  57.0	6
  58.0	3
  59.0	8
  60.0	5
  61.0	5
  62.0	1
  63.0	5
  64.0	6
  65.0	4
  66.0	3
  67.0	6
  68.0	3.5
  69.0	7
  70.0	1
  71.0	1
  72.0	6
  73.0	5
  74.0	7
  75.0	8
  76.0	5
  77.0	4
  78.0	7
  79.0	2
  80.0	4
  81.0	2
  82.0	6
  83.0	6
  84.0	7
  85.0	3
  86.0	4
  87.0	3
  88.0	3
  89.0	3
  90.0	4
  91.0	4
  92.0	3
  93.0	6
  94.0	2
  95.0	6.5
  96.0	4
  97.0	4
  98.0	3
  99.0	1
 100.0	7
 101.0	5
 102.0	2
 103.0	2
 104.0	8
 105.0	3
 106.0	5
 107.0	1
 108.0	1
 109.0	3
 110.0	3
 111.0	6
DB 2 MOTIF	ELF2_HUMAN.H11MO.0.C
-111.5	5
-110.5	1
-109.5	0
-108.5	2
-107.5	4
-106.5	3
-105.5	6.5
-104.5	7
-103.5	7
-102.5	5
-101.5	5
-100.5	6
 -99.5	1
 -98.5	3
 -97.5	10
 -96.5	2
 -95.5	3
 -94.5	3
 -93.5	4
 -92.5	2
 -91.5	5
 -90.5	1
 -89.5	2
 -88.5	4
 -87.5	1
 -86.5	6
 -85.5	5
 -84.5	4
 -83.5	3
 -82.5	4
 -81.5	2
 -80.5	3
 -79.5	6
 -78.5	4.5
 -77.5	9
 -76.5	3
 -75.5	2
 -74.5	5
 -73.5	3
 -72.5	6
 -71.5	5
 -70.5	3
 -69.5	5
 -68.5	6
 -67.5	5
 -66.5	7
 -65.5	4
 -64.5	5
 -63.5	4
 -62.5	2
 -61.5	3
 -60.5	6
 -59.5	3
 -58.5	7
 -57.5	5
 -56.5	5
 -55.5	6
 -54.5	4
 -53.5	2
 -52.5	3
 -51.5	7
 -50.5	5
 -49.5	2
 -48.5	2
 -47.5	1
 -46.5	5
 -45.5	7
 -44.5	3
 -43.5	5
 -42.5	5
 -41.5	5
 -40.5	10
 -39.5	4
 -38.5	6
 -37.5	7
 -36.5	3
 -35.5	7
 -34.5	2
 -33.5	12
 -32.5	6
 -31.5	5
 -30.5	4
 -29.5	6
 -28.5	4
 -27.5	2
 -26.5	3
 -25.5	8
 -24.5	6
 -23.5	4
 -22.5	7
 -21.5	5
 -20.5	6
 -19.5	11
 -18.5	7
 -17.5	9
 -16.5	5
 -15.5	2
 -14.5	6
 -13.5	8
 -12.5	4
 -11.5	6
 -10.5	7
  -9.5	6
  -8.5	8
  -7.5	6
  -6.5	6
  -5.5	4
  -4.5	7
  -3.5	7
  -2.5	8
  -1.5	5
  -0.5	7
   0.5	8
   1.5	7
   2.5	4
   3.5	9
   4.5	4
   5.5	3
   6.5	6
   7.5	4
   8.5	11
   9.5	15
  10.5	5
  11.5	4
  12.5	4
  13.5	4
  14.5	6
  15.5	9
  16.5	4
  17.5	6
  18.5	9
  19.5	3
  20.5	13
  21.5	2
  22.5	5
  23.5	8
  24.5	4
  25.5	2
  26.5	4
  27.5	2
  28.5	4
  29.5	10
  30.5	7
  31.5	6
  32.5	5
  33.5	7
  34.5	3
  35.5	4
  36.5	5
  37.5	9
  38.5	5.5
  39.5	4
  40.5	2
  41.5	8
  42.5	5
  43.5	7
  44.5	8
  45.5	6
  46.5	7
  47.5	2
  48.5	8
  49.5	4.5
  50.5	3
  51.5	6
  52.5	2
  53.5	4
  54.5	4
  55.5	3
  56.5	0
  57.5	5
  58.5	4
  59.5	9
  60.5	5
  61.5	5
  62.5	4
  63.5	4
  64.5	4
  65.5	4
  66.5	8
  67.5	6.5
  68.5	8
  69.5	3
  70.5	3
  71.5	4
  72.5	4
  73.5	6
  74.5	8
  75.5	8
  76.5	6
  77.5	9
  78.5	5
  79.5	1
  80.5	3
  81.5	5
  82.5	6
  83.5	7
  84.5	7
  85.5	3
  86.5	5
  87.5	5
  88.5	4
  89.5	5
  90.5	3
  91.5	3
  92.5	5
  93.5	4
  94.5	4.5
  95.5	2
  96.5	6
  97.5	5
  98.5	1
  99.5	4
 100.5	6
 101.5	2
 102.5	4
 103.5	7
 104.5	3
 105.5	6
 106.5	4
 107.5	4
 108.5	3
 109.5	5
 110.5	8
 111.5	3
DB 2 MOTIF	ELK1_HUMAN.H11MO.0.B
-112.5	4
-111.5	2
-110.5	1
-109.5	1
-108.5	1
-107.5	0
-106.5	4
-105.5	9
-104.5	7
-103.5	6
-102.5	3
-101.5	2
-100.5	4
 -99.5	1
 -98.5	3
 -97.5	1
 -96.5	3.5
 -95.5	2
 -94.5	1
 -93.5	1
 -92.5	5
 -91.5	1
 -90.5	4
 -89.5	1
 -88.5	1
 -87.5	9.2
 -86.5	3
 -85.5	2
 -84.5	3
 -83.5	4
 -82.5	1
 -81.5	0
 -80.5	2
 -79.5	2
 -78.5	7
 -77.5	2.5
 -76.5	4
 -75.5	6
 -74.5	1
 -73.5	2
 -72.5	4
 -71.5	5
 -70.5	4
 -69.5	3
 -68.5	5
 -67.5	7
 -66.5	2.5
 -65.5	4
 -64.5	3
 -63.5	1
 -62.5	3
 -61.5	3
 -60.5	4
 -59.5	2
 -58.5	5
 -57.5	9
 -56.5	2
 -55.5	5
 -54.5	3
 -53.5	2
 -52.5	0
 -51.5	5
 -50.5	3
 -49.5	0
 -48.5	1
 -47.5	1
 -46.5	2
 -45.5	7
 -44.5	4
 -43.5	3
 -42.5	3
 -41.5	9
 -40.5	6
 -39.5	6
 -38.5	5
 -37.5	1
 -36.5	2
 -35.5	0
 -34.5	11
 -33.5	2
 -32.5	7
 -31.5	8
 -30.5	5
 -29.5	5
 -28.5	4
 -27.5	4
 -26.5	7
 -25.5	3
 -24.5	7
 -23.5	5
 -22.5	3
 -21.5	3
 -20.5	6
 -19.5	7.2
 -18.5	8
 -17.5	5.5
 -16.5	8
 -15.5	4
 -14.5	3
 -13.5	4
 -12.5	7
 -11.5	4
 -10.5	4
  -9.5	10
  -8.5	0
  -7.5	5
  -6.5	7
  -5.5	7
  -4.5	1
  -3.5	4
  -2.5	4
  -1.5	8
  -0.5	9
   0.5	3
   1.5	4
   2.5	5
   3.5	3
   4.5	7
   5.5	3
   6.5	4.2
   7.5	13
   8.5	7
   9.5	2
  10.5	5
  11.5	6
  12.5	5
  13.5	4.5
  14.5	6.5
  15.5	4
  16.5	9
  17.5	3
  18.5	4
  19.5	4.5
  20.5	5
  21.5	11
  22.5	8
  23.5	5
  24.5	5
  25.5	3
  26.5	1
  27.5	4
  28.5	5
  29.5	7
  30.5	9
  31.5	5
  32.5	2
  33.5	5
  34.5	8
  35.5	5
  36.5	6
  37.5	4
  38.5	4.2
  39.5	2.5
  40.5	9
  41.5	6
  42.5	9
  43.5	3
  44.5	3
  45.5	10
  46.5	3
  47.5	6
  48.5	8
  49.5	3
  50.5	4.5
  51.5	2
  52.5	4
  53.5	3
  54.5	3
  55.5	2
  56.5	3
  57.5	3
  58.5	5
  59.5	1
  60.5	2
  61.5	5
  62.5	6
  63.5	1
  64.5	4
  65.5	5
  66.5	8.5
  67.5	7
  68.5	2
  69.5	4
  70.5	4
  71.5	1
  72.5	1.2
  73.5	4
  74.5	2
  75.5	4
  76.5	4
  77.5	5
  78.5	3
  79.5	3
  80.5	4
  81.5	1
  82.5	4
  83.5	2
  84.5	7
  85.5	1
  86.5	4
  87.5	2
  88.5	5
  89.5	2
  90.5	3
  91.5	6
  92.5	1
  93.5	3.5
  94.5	2
  95.5	3.5
  96.5	3
  97.5	3
  98.5	5
  99.5	3
 100.5	0
 101.5	3
 102.5	8
 103.5	4
 104.5	5
 105.5	2
 106.5	5
 107.5	3
 108.5	3
 109.5	1
 110.5	1
 111.5	7
 112.5	7
DB 2 MOTIF	ELK3_HUMAN.H11MO.0.D
-112.0	2
-111.0	2
-110.0	2
-109.0	4
-108.0	2
-107.0	3
-106.0	4
-105.0	8
-104.0	4
-103.0	6
-102.0	2
-101.0	4
-100.0	0
 -99.0	1
 -98.0	4
 -97.0	1.5
 -96.0	2
 -95.0	2
 -94.0	2
 -93.0	2
 -92.0	2
 -91.0	4
 -90.0	3
 -89.0	2
 -88.0	4
 -87.0	5
 -86.0	3
 -85.0	2
 -84.0	0
 -83.0	3
 -82.0	0
 -81.0	3
 -80.0	2
 -79.0	4
 -78.0	3.5
 -77.0	4
 -76.0	2
 -75.0	1
 -74.0	1
 -73.0	1
 -72.0	2.5
 -71.0	2
 -70.0	5
 -69.0	3
 -68.0	3
 -67.0	2
 -66.0	3
 -65.0	3
 -64.0	2
 -63.0	4
 -62.0	3
 -61.0	4
 -60.0	5
 -59.0	2
 -58.0	1
 -57.0	1
 -56.0	4
 -55.0	2
 -54.0	0
 -53.0	2
 -52.0	4
 -51.0	3
 -50.0	2
 -49.0	0
 -48.0	4
 -47.0	3
 -46.0	3
 -45.0	3
 -44.0	1
 -43.0	5
 -42.0	5
 -41.0	8
 -40.0	8
 -39.0	2
 -38.0	3
 -37.0	2
 -36.0	1
 -35.0	7
 -34.0	5
 -33.0	5
 -32.0	4
 -31.0	3
 -30.0	1
 -29.0	3
 -28.0	3
 -27.0	2
 -26.0	3
 -25.0	4
 -24.0	4
 -23.0	3
 -22.0	1
 -21.0	1
 -20.0	8
 -19.0	6
 -18.0	5
 -17.0	4
 -16.0	4
 -15.0	4
 -14.0	5
 -13.0	3
 -12.0	1
 -11.0	2
 -10.0	2
  -9.0	5
  -8.0	3
  -7.0	8
  -6.0	4
  -5.0	2
  -4.0	3
  -3.0	5
  -2.0	5
  -1.0	6
   0.0	5
   1.0	4
   2.0	3
   3.0	3
   4.0	5
   5.0	2.5
   6.0	4
   7.0	4
   8.0	7
   9.0	4
  10.0	2
  11.0	2
  12.0	2
  13.0	2
  14.0	4
  15.0	4
  16.0	7
  17.0	9
  18.0	6
  19.0	5
  20.0	2
  21.0	7
  22.0	5
  23.0	8
  24.0	7
  25.0	8
  26.0	4
  27.0	1
  28.0	8
  29.0	7
  30.0	6
  31.0	5
  32.0	3
  33.0	0
  34.0	2
  35.0	8
  36.0	4
  37.0	5
  38.0	4
  39.0	4
  40.0	6
  41.0	4
  42.0	5
  43.0	4
  44.0	5
  45.0	4
  46.0	7
  47.0	3
  48.0	6
  49.0	5
  50.0	2
  51.0	3
  52.0	1
  53.0	1
  54.0	3
  55.0	2
  56.0	4
  57.0	3
  58.0	5
  59.0	2
  60.0	5
  61.0	1
  62.0	2
  63.0	4
  64.0	5
  65.0	3
  66.0	8
  67.0	2
  68.0	8
  69.0	3
  70.0	4
  71.0	1
  72.0	2
  73.0	2
  74.0	3
  75.0	5
  76.0	3
  77.0	5
  78.0	2
  79.0	3
  80.0	4
  81.0	3
  82.0	3
  83.0	4
  84.0	2
  85.0	2
  86.0	1
  87.0	3
  88.0	0
  89.0	1
  90.0	3
  91.0	2
  92.0	4
  93.0	3
  94.0	3
  95.0	5
  96.0	1
  97.0	3
  98.0	0
  99.0	4
 100.0	4
 101.0	2
 102.0	5
 103.0	1
 104.0	3
 105.0	2
 106.0	1
 107.0	4
 108.0	2
 109.0	3
 110.0	2
 111.0	3
 112.0	2
DB 2 MOTIF	ELK4_HUMAN.H11MO.0.A
-112.0	5
-111.0	0
-110.0	0
-109.0	2
-108.0	1
-107.0	1
-106.0	5
-105.0	6
-104.0	6
-103.0	2
-102.0	3
-101.0	4
-100.0	2
 -99.0	1
 -98.0	3
 -97.0	3.5
 -96.0	3
 -95.0	3
 -94.0	4
 -93.0	3
 -92.0	4
 -91.0	1
 -90.0	4
 -89.0	1
 -88.0	5
 -87.0	4.25
 -86.0	1
 -85.0	4
 -84.0	2
 -83.0	5
 -82.0	0
 -81.0	1
 -80.0	0
 -79.0	6
 -78.0	5.5
 -77.0	3
 -76.0	3
 -75.0	4
 -74.0	1
 -73.0	3
 -72.0	4
 -71.0	3
 -70.0	2
 -69.0	3
 -68.0	5
 -67.0	6.5
 -66.0	2
 -65.0	6
 -64.0	2
 -63.0	2
 -62.0	3
 -61.0	3
 -60.0	7
 -59.0	2
 -58.0	8
 -57.0	5
 -56.0	7
 -55.0	1
 -54.0	2
 -53.0	2
 -52.0	5
 -51.0	7
 -50.0	1
 -49.0	1
 -48.0	2
 -47.0	3
 -46.0	5
 -45.0	5
 -44.0	3
 -43.0	6
 -42.0	5
 -41.0	9
 -40.0	6
 -39.0	2
 -38.0	8
 -37.0	2
 -36.0	2
 -35.0	6
 -34.0	7
 -33.0	6
 -32.0	6
 -31.0	6
 -30.0	5
 -29.0	8
 -28.0	3
 -27.0	2
 -26.0	8
 -25.0	4
 -24.0	8
 -23.0	5
 -22.0	4
 -21.0	5
 -20.0	6
 -19.0	8.25
 -18.0	8
 -17.0	6
 -16.0	2
 -15.0	4
 -14.0	5
 -13.0	6
 -12.0	5
 -11.0	5
 -10.0	7
  -9.0	7
  -8.0	1
  -7.0	7
  -6.0	8
  -5.0	2
  -4.0	4
  -3.0	4
  -2.0	8
  -1.0	9
   0.0	8
   1.0	3
   2.0	7
   3.0	4
   4.0	8
   5.0	4
   6.0	4
   7.0	7.25
   8.0	10
   9.0	6
  10.0	6
  11.0	4
  12.0	4
  13.0	5
  14.0	7
  15.0	7
  16.0	8
  17.0	6
  18.0	6
  19.0	7
  20.0	3
  21.0	11
  22.0	4
  23.0	7
  24.0	5
  25.0	2
  26.0	4
  27.0	1
  28.0	5
  29.0	6
  30.0	11
  31.0	6
  32.0	3
  33.0	3
  34.0	7
  35.0	6
  36.0	6
  37.0	6
  38.0	7
  39.0	3.75
  40.0	4
  41.0	7
  42.0	7
  43.0	5
  44.0	4
  45.0	5
  46.0	7
  47.0	4
  48.0	6
  49.0	4
  50.0	3.5
  51.0	4
  52.0	5
  53.0	2
  54.0	4
  55.0	2
  56.0	2
  57.0	2
  58.0	6
  59.0	3
  60.0	5
  61.0	3
  62.0	6
  63.0	4
  64.0	2
  65.0	4
  66.0	6
  67.0	6.5
  68.0	8
  69.0	1
  70.0	3
  71.0	4
  72.0	1
  73.0	3
  74.0	5
  75.0	5
  76.0	4
  77.0	6
  78.0	3
  79.0	4
  80.0	1
  81.0	4
  82.0	2
  83.0	4
  84.0	4
  85.0	1
  86.0	3
  87.0	4
  88.0	2
  89.0	3
  90.0	3
  91.0	3
  92.0	6
  93.0	3
  94.0	2.5
  95.0	3.5
  96.0	3
  97.0	4
  98.0	2
  99.0	4
 100.0	2
 101.0	3
 102.0	3
 103.0	7
 104.0	4
 105.0	6
 106.0	2
 107.0	5
 108.0	3
 109.0	1
 110.0	3
 111.0	6
 112.0	4
DB 2 MOTIF	EPAS1_HUMAN.H11MO.0.B
-113.5	4
-112.5	3
-111.5	4
-110.5	4
-109.5	5
-108.5	4
-107.5	0
-106.5	5.5
-105.5	3.5
-104.5	5
-103.5	2
-102.5	1.5
-101.5	2.5
-100.5	4
 -99.5	4.5
 -98.5	2.5
 -97.5	3
 -96.5	4
 -95.5	1
 -94.5	5
 -93.5	0
 -92.5	2
 -91.5	6
 -90.5	5
 -89.5	2
 -88.5	7
 -87.5	5
 -86.5	2
 -85.5	5
 -84.5	1
 -83.5	6
 -82.5	2
 -81.5	2
 -80.5	1
 -79.5	1
 -78.5	4
 -77.5	4
 -76.5	6.5
 -75.5	0.5
 -74.5	3
 -73.5	1
 -72.5	4
 -71.5	2
 -70.5	1
 -69.5	3
 -68.5	3
 -67.5	5
 -66.5	1
 -65.5	7
 -64.5	3
 -63.5	4
 -62.5	2
 -61.5	1
 -60.5	1
 -59.5	3
 -58.5	8
 -57.5	1
 -56.5	2
 -55.5	3
 -54.5	5
 -53.5	6
 -52.5	2
 -51.5	3
 -50.5	5
 -49.5	2
 -48.5	3
 -47.5	2
 -46.5	5
 -45.5	2
 -44.5	5
 -43.5	2.5
 -42.5	5.5
 -41.5	7.5
 -40.5	2
 -39.5	3
 -38.5	5
 -37.5	6
 -36.5	4
 -35.5	2
 -34.5	7
 -33.5	2.5
 -32.5	4.5
 -31.5	5
 -30.5	7
 -29.5	10
 -28.5	7
 -27.5	6
 -26.5	9
 -25.5	8
 -24.5	2
 -23.5	3
 -22.5	3
 -21.5	1
 -20.5	6
 -19.5	7
 -18.5	5
 -17.5	1
 -16.5	9.5
 -15.5	13
 -14.5	4
 -13.5	9
 -12.5	4
 -11.5	13
 -10.5	9
  -9.5	7
  -8.5	5
  -7.5	7
  -6.5	4
  -5.5	8.5
  -4.5	8
  -3.5	9
  -2.5	7
  -1.5	12
  -0.5	7
   0.5	6
   1.5	7
   2.5	5.5
   3.5	2
   4.5	8
   5.5	9
   6.5	8
   7.5	6.5
   8.5	6
   9.5	12
  10.5	4
  11.5	4
  12.5	10
  13.5	7
  14.5	4
  15.5	7
  16.5	9
  17.5	8
  18.5	11.5
  19.5	11
  20.5	8
  21.5	2
  22.5	6
  23.5	8
  24.5	7.5
  25.5	8
  26.5	2
  27.5	0
  28.5	7
  29.5	9
  30.5	6
  31.5	4
  32.5	4
  33.5	6
  34.5	3
  35.5	4
  36.5	4
  37.5	2
  38.5	3
  39.5	6
  40.5	8
  41.5	1
  42.5	7
  43.5	4
  44.5	4
  45.5	4
  46.5	3
  47.5	5
  48.5	5
  49.5	5
  50.5	5
  51.5	0
  52.5	1
  53.5	1
  54.5	7
  55.5	4
  56.5	6
  57.5	2
  58.5	3
  59.5	4
  60.5	3
  61.5	4
  62.5	1
  63.5	6
  64.5	4
  65.5	7
  66.5	4
  67.5	1
  68.5	3.5
  69.5	0
  70.5	3
  71.5	4
  72.5	4
  73.5	2
  74.5	1
  75.5	2
  76.5	2
  77.5	2
  78.5	4
  79.5	2
  80.5	2
  81.5	3
  82.5	3
  83.5	2
  84.5	2
  85.5	4
  86.5	3
  87.5	4
  88.5	3
  89.5	4
  90.5	0
  91.5	3
  92.5	2
  93.5	1
  94.5	5
  95.5	2
  96.5	1
  97.5	4
  98.5	1
  99.5	3
 100.5	2
 101.5	2
 102.5	4
 103.5	1
 104.5	1
 105.5	1
 106.5	3
 107.5	1
 108.5	6
 109.5	7
 110.5	4
 111.5	0
 112.5	0
 113.5	4
DB 2 MOTIF	ERR3_HUMAN.H11MO.0.B
-113.5	4
-112.5	4
-111.5	3
-110.5	2
-109.5	1
-108.5	1
-107.5	3
-106.5	3
-105.5	1.5
-104.5	1.5
-103.5	4
-102.5	4
-101.5	0.5
-100.5	2.5
 -99.5	3
 -98.5	4
 -97.5	5
 -96.5	3
 -95.5	4
 -94.5	4
 -93.5	2.2
 -92.5	1
 -91.5	2
 -90.5	3
 -89.5	6
 -88.5	4
 -87.5	3
 -86.5	2
 -85.5	2
 -84.5	3
 -83.5	4
 -82.5	1.5
 -81.5	4
 -80.5	0
 -79.5	1
 -78.5	3
 -77.5	1
 -76.5	2
 -75.5	1
 -74.5	1
 -73.5	2
 -72.5	0
 -71.5	2
 -70.5	1
 -69.5	3
 -68.5	1
 -67.5	2
 -66.5	6
 -65.5	1
 -64.5	1
 -63.5	1
 -62.5	3
 -61.5	1
 -60.5	3
 -59.5	1
 -58.5	2
 -57.5	2
 -56.5	2
 -55.5	2.5
 -54.5	3
 -53.5	4
 -52.5	3
 -51.5	0
 -50.5	2.5
 -49.5	1
 -48.5	1
 -47.5	9
 -46.5	1
 -45.5	0
 -44.5	1
 -43.5	2
 -42.5	3
 -41.5	1
 -40.5	5
 -39.5	1
 -38.5	5
 -37.5	2
 -36.5	3
 -35.5	2
 -34.5	3
 -33.5	2
 -32.5	7
 -31.5	2
 -30.5	1
 -29.5	5
 -28.5	6.83333
 -27.5	7.5
 -26.5	1
 -25.5	4.7
 -24.5	2.83333
 -23.5	4.83333
 -22.5	3.5
 -21.5	3
 -20.5	2
 -19.5	3.5
 -18.5	2.5
 -17.5	2
 -16.5	3.5
 -15.5	4.5
 -14.5	1.5
 -13.5	2.5
 -12.5	5
 -11.5	3
 -10.5	11
  -9.5	6.5
  -8.5	3
  -7.5	4
  -6.5	9
  -5.5	1
  -4.5	4.5
  -3.5	8.33333
  -2.5	10.1667
  -1.5	8.83333
  -0.5	3
   0.5	6.2
   1.5	4.5
   2.5	6
   3.5	11
   4.5	5
   5.5	3
   6.5	4
   7.5	4.5
   8.5	6
   9.5	6.5
  10.5	4.5
  11.5	10.3333
  12.5	4.5
  13.5	9.5
  14.5	2.5
  15.5	4.5
  16.5	5
  17.5	4
  18.5	2
  19.5	4.5
  20.5	3.5
  21.5	4
  22.5	3
  23.5	1.5
  24.5	5.5
  25.5	7.5
  26.5	3.5
  27.5	5
  28.5	6.5
  29.5	6.5
  30.5	3
  31.5	4
  32.5	1.2
  33.5	3
  34.5	2
  35.5	1.5
  36.5	3
  37.5	4.33333
  38.5	2.66667
  39.5	0
  40.5	2
  41.5	0
  42.5	2
  43.5	3
  44.5	4
  45.5	3
  46.5	7
  47.5	3
  48.5	4
  49.5	2
  50.5	1.5
  51.5	2
  52.5	5
  53.5	2
  54.5	3
  55.5	3.5
  56.5	2.5
  57.5	1
  58.5	1
  59.5	2.33333
  60.5	1
  61.5	2
  62.5	4
  63.5	0
  64.5	2
  65.5	1
  66.5	5.2
  67.5	1
  68.5	0
  69.5	3
  70.5	3
  71.5	2
  72.5	3
  73.5	3
  74.5	5
  75.5	1
  76.5	0
  77.5	1.5
  78.5	4
  79.5	2
  80.5	2
  81.5	5
  82.5	2
  83.5	3
  84.5	3
  85.5	3
  86.5	3
  87.5	0
  88.5	1
  89.5	2
  90.5	1
  91.5	2.5
  92.5	1.5
  93.5	0
  94.5	3
  95.5	1
  96.5	1
  97.5	1.5
  98.5	4
  99.5	2
 100.5	2
 101.5	2.5
 102.5	4
 103.5	4
 104.5	0
 105.5	3
 106.5	0
 107.5	1
 108.5	5
 109.5	5
 110.5	4
 111.5	6
 112.5	5
 113.5	4
DB 2 MOTIF	ETS1_HUMAN.H11MO.0.A
-111.5	5
-110.5	3
-109.5	3
-108.5	5
-107.5	5
-106.5	3
-105.5	4
-104.5	7
-103.5	11
-102.5	2
-101.5	5
-100.5	5
 -99.5	1
 -98.5	5
 -97.5	5.5
 -96.5	3
 -95.5	4
 -94.5	5
 -93.5	2
 -92.5	2
 -91.5	3
 -90.5	2
 -89.5	2
 -88.5	4
 -87.5	3
 -86.5	4.25
 -85.5	4
 -84.5	4
 -83.5	2
 -82.5	2
 -81.5	2
 -80.5	3
 -79.5	5
 -78.5	2.5
 -77.5	5
 -76.5	1
 -75.5	6
 -74.5	6
 -73.5	2
 -72.5	4
 -71.5	6
 -70.5	4
 -69.5	4
 -68.5	3
 -67.5	6
 -66.5	5
 -65.5	4
 -64.5	5
 -63.5	4
 -62.5	2
 -61.5	5
 -60.5	4
 -59.5	2
 -58.5	5
 -57.5	2
 -56.5	4
 -55.5	5
 -54.5	2
 -53.5	2
 -52.5	5
 -51.5	6.5
 -50.5	5
 -49.5	2
 -48.5	1
 -47.5	3
 -46.5	3
 -45.5	5
 -44.5	6
 -43.5	3
 -42.5	7
 -41.5	5
 -40.5	7
 -39.5	6
 -38.5	6
 -37.5	5
 -36.5	4
 -35.5	7
 -34.5	0
 -33.5	11
 -32.5	3
 -31.5	4
 -30.5	4
 -29.5	5
 -28.5	5
 -27.5	3
 -26.5	4
 -25.5	7
 -24.5	5
 -23.5	5
 -22.5	7.5
 -21.5	3
 -20.5	6
 -19.5	7
 -18.5	8.25
 -17.5	9
 -16.5	8
 -15.5	1
 -14.5	6
 -13.5	8
 -12.5	4
 -11.5	6
 -10.5	8
  -9.5	6
  -8.5	7
  -7.5	4
  -6.5	10
  -5.5	5
  -4.5	6
  -3.5	5
  -2.5	6
  -1.5	4
  -0.5	9
   0.5	7
   1.5	4
   2.5	8
   3.5	8
   4.5	3
   5.5	3
   6.5	8
   7.5	5.25
   8.5	10
   9.5	13
  10.5	3
  11.5	3
  12.5	4
  13.5	4
  14.5	8
  15.5	6
  16.5	2
  17.5	6
  18.5	4
  19.5	3
  20.5	12
  21.5	3
  22.5	6
  23.5	9
  24.5	2
  25.5	5
  26.5	4
  27.5	3
  28.5	3
  29.5	8
  30.5	4
  31.5	7
  32.5	5
  33.5	5
  34.5	4
  35.5	5
  36.5	3
  37.5	7
  38.5	8.5
  39.5	5.25
  40.5	3
  41.5	7
  42.5	5
  43.5	6
  44.5	9
  45.5	4
  46.5	7
  47.5	1
  48.5	6
  49.5	5.5
  50.5	3
  51.5	6
  52.5	3
  53.5	6
  54.5	4
  55.5	3
  56.5	2
  57.5	6
  58.5	2
  59.5	6
  60.5	3
  61.5	6
  62.5	5
  63.5	6
  64.5	2
  65.5	4
  66.5	8
  67.5	3.5
  68.5	5
  69.5	2
  70.5	4
  71.5	2
  72.5	4
  73.5	6
  74.5	8
  75.5	6
  76.5	5
  77.5	11
  78.5	4
  79.5	4
  80.5	4
  81.5	3
  82.5	2
  83.5	7
  84.5	5
  85.5	4
  86.5	5
  87.5	6
  88.5	1
  89.5	7
  90.5	3
  91.5	3
  92.5	4
  93.5	5
  94.5	1.5
  95.5	3
  96.5	4
  97.5	3
  98.5	2
  99.5	9
 100.5	6
 101.5	3
 102.5	4
 103.5	8
 104.5	4
 105.5	5
 106.5	5
 107.5	4
 108.5	1
 109.5	3
 110.5	8
 111.5	6
DB 2 MOTIF	ETV1_HUMAN.H11MO.0.A
-112.5	4
-111.5	3
-110.5	1
-109.5	0
-108.5	1
-107.5	3
-106.5	2
-105.5	4
-104.5	7
-103.5	5
-102.5	2
-101.5	5
-100.5	5
 -99.5	1
 -98.5	2
 -97.5	6.5
 -96.5	1
 -95.5	4
 -94.5	2
 -93.5	3
 -92.5	0
 -91.5	4.5
 -90.5	0
 -89.5	5
 -88.5	3
 -87.5	3
 -86.5	3.2
 -85.5	3
 -84.5	0
 -83.5	1
 -82.5	4
 -81.5	3
 -80.5	0
 -79.5	3
 -78.5	4
 -77.5	8
 -76.5	3
 -75.5	3
 -74.5	4
 -73.5	4
 -72.5	7
 -71.5	4
 -70.5	3
 -69.5	4
 -68.5	3
 -67.5	3.5
 -66.5	6
 -65.5	6
 -64.5	5
 -63.5	3
 -62.5	2
 -61.5	4
 -60.5	3
 -59.5	4
 -58.5	4
 -57.5	3
 -56.5	4
 -55.5	6
 -54.5	1
 -53.5	3
 -52.5	4
 -51.5	8
 -50.5	3
 -49.5	2
 -48.5	1
 -47.5	3
 -46.5	5
 -45.5	4
 -44.5	6
 -43.5	5
 -42.5	6
 -41.5	4
 -40.5	11
 -39.5	4
 -38.5	5
 -37.5	7
 -36.5	2
 -35.5	10
 -34.5	1
 -33.5	10
 -32.5	5
 -31.5	4
 -30.5	6
 -29.5	6
 -28.5	6
 -27.5	4
 -26.5	3
 -25.5	5
 -24.5	4
 -23.5	5
 -22.5	6
 -21.5	5
 -20.5	7
 -19.5	9
 -18.5	11.2
 -17.5	9
 -16.5	4
 -15.5	4
 -14.5	5
 -13.5	7
 -12.5	5
 -11.5	4
 -10.5	7
  -9.5	3
  -8.5	5
  -7.5	3.5
  -6.5	8
  -5.5	6
  -4.5	7
  -3.5	4
  -2.5	8
  -1.5	6
  -0.5	8
   0.5	7
   1.5	5
   2.5	6
   3.5	8
   4.5	5
   5.5	3
   6.5	8
   7.5	4.2
   8.5	12
   9.5	11
  10.5	5
  11.5	2
  12.5	4
  13.5	3
  14.5	6
  15.5	7
  16.5	6
  17.5	10
  18.5	3
  19.5	3
  20.5	12
  21.5	5
  22.5	7
  23.5	8
  24.5	4
  25.5	4
  26.5	4
  27.5	3
  28.5	6
  29.5	8
  30.5	8
  31.5	6
  32.5	6
  33.5	6
  34.5	1
  35.5	6
  36.5	3
  37.5	6
  38.5	6.5
  39.5	6.2
  40.5	2
  41.5	10
  42.5	6
  43.5	7
  44.5	9
  45.5	4
  46.5	7
  47.5	0
  48.5	5
  49.5	6.5
  50.5	3
  51.5	6
  52.5	4
  53.5	3
  54.5	3
  55.5	4
  56.5	1
  57.5	5.5
  58.5	3
  59.5	6
  60.5	4
  61.5	6
  62.5	4
  63.5	4
  64.5	3
  65.5	4
  66.5	6
  67.5	5.5
  68.5	7
  69.5	5
  70.5	2
  71.5	3
  72.5	7
  73.5	5
  74.5	5
  75.5	6
  76.5	6
  77.5	7
  78.5	5
  79.5	3
  80.5	3
  81.5	5
  82.5	2
  83.5	8
  84.5	4.5
  85.5	3
  86.5	2
  87.5	5
  88.5	0
  89.5	6
  90.5	2
  91.5	2
  92.5	6
  93.5	4
  94.5	2
  95.5	4
  96.5	6
  97.5	3.5
  98.5	1
  99.5	5
 100.5	2
 101.5	2
 102.5	3
 103.5	9
 104.5	4
 105.5	6
 106.5	3
 107.5	4.2
 108.5	1
 109.5	6
 110.5	6
 111.5	1
 112.5	4
DB 2 MOTIF	ETV2_HUMAN.H11MO.0.B
-110.0	3
-109.0	0
-108.0	3
-107.0	1
-106.0	1
-105.0	4
-104.0	2
-103.0	2
-102.0	3
-101.0	4
-100.0	3
 -99.0	0
 -98.0	4
 -97.0	5
 -96.0	3
 -95.0	3
 -94.0	1
 -93.0	4
 -92.0	1
 -91.0	3
 -90.0	1
 -89.0	3
 -88.0	3
 -87.0	2
 -86.0	2
 -85.0	3
 -84.0	2
 -83.0	2
 -82.0	3
 -81.0	2
 -80.0	5
 -79.0	1
 -78.0	4
 -77.0	2
 -76.0	4
 -75.0	1
 -74.0	3
 -73.0	4
 -72.0	8
 -71.0	4
 -70.0	4
 -69.0	2
 -68.0	2
 -67.0	4
 -66.0	4
 -65.0	2
 -64.0	3
 -63.0	4
 -62.0	1
 -61.0	4
 -60.0	4
 -59.0	2
 -58.0	3
 -57.0	3
 -56.0	5
 -55.0	3
 -54.0	4
 -53.0	2
 -52.0	2
 -51.0	4
 -50.0	4
 -49.0	2
 -48.0	0
 -47.0	5
 -46.0	2
 -45.0	2
 -44.0	5
 -43.0	3
 -42.0	8
 -41.0	4
 -40.0	2
 -39.0	5
 -38.0	3
 -37.0	5
 -36.0	6
 -35.0	2
 -34.0	6
 -33.0	7
 -32.0	3
 -31.0	2
 -30.0	2
 -29.0	3
 -28.0	2
 -27.0	3
 -26.0	3
 -25.0	4
 -24.0	5
 -23.0	4
 -22.0	5
 -21.0	3
 -20.0	3
 -19.0	5
 -18.0	6
 -17.0	1
 -16.0	4
 -15.0	2
 -14.0	6
 -13.0	5
 -12.0	3
 -11.0	7
 -10.0	2
  -9.0	4
  -8.0	3
  -7.0	4
  -6.0	4
  -5.0	5
  -4.0	4
  -3.0	4
  -2.0	1
  -1.0	3
   0.0	10
   1.0	9
   2.0	3
   3.0	6
   4.0	4
   5.0	1
   6.0	4
   7.0	6
   8.0	5.5
   9.0	9
  10.0	4
  11.0	2
  12.0	2
  13.0	3
  14.0	4
  15.0	5
  16.0	2
  17.0	2
  18.0	3
  19.0	6
  20.0	8
  21.0	4
  22.0	3
  23.0	6
  24.0	6
  25.0	3
  26.0	4
  27.0	3
  28.0	1
  29.0	5
  30.0	7
  31.0	5
  32.0	7
  33.0	4
  34.0	1
  35.0	2
  36.0	5
  37.0	5
  38.0	5
  39.0	5
  40.0	1.5
  41.0	2
  42.0	2
  43.0	6
  44.0	6
  45.0	4
  46.0	2
  47.0	6
  48.0	2
  49.0	4
  50.0	2
  51.0	4
  52.0	5
  53.0	3
  54.0	2
  55.0	4
  56.0	2
  57.0	5
  58.0	2
  59.0	3
  60.0	2
  61.0	4
  62.0	2
  63.0	3
  64.0	4
  65.0	4
  66.0	3
  67.0	5
  68.0	2.5
  69.0	4
  70.0	2
  71.0	1
  72.0	5
  73.0	3
  74.0	4
  75.0	5
  76.0	3
  77.0	5
  78.0	5
  79.0	4
  80.0	1
  81.0	0
  82.0	4
  83.0	3
  84.0	6
  85.0	3
  86.0	6
  87.0	4
  88.0	1
  89.0	3
  90.0	2
  91.0	4
  92.0	1
  93.0	5
  94.0	2
  95.0	0.5
  96.0	2
  97.0	1
  98.0	1
  99.0	2
 100.0	4
 101.0	2
 102.0	1
 103.0	5
 104.0	5
 105.0	3
 106.0	6
 107.0	2
 108.0	6
 109.0	3
 110.0	5
DB 2 MOTIF	FOSL1_HUMAN.H11MO.0.A
-112.0	1
-111.0	1
-110.0	1
-109.0	2
-108.0	1
-107.0	0
-106.0	0
-105.0	1
-104.0	0
-103.0	1
-102.0	2
-101.0	1
-100.0	3
 -99.0	1
 -98.0	2
 -97.0	1
 -96.0	1
 -95.0	3
 -94.0	0
 -93.0	1
 -92.0	1
 -91.0	1
 -90.0	0
 -89.0	1
 -88.0	1
 -87.0	2
 -86.0	1
 -85.0	1
 -84.0	0
 -83.0	0
 -82.0	0
 -81.0	1
 -80.0	1
 -79.0	0
 -78.0	1
 -77.0	0
 -76.0	1
 -75.0	0
 -74.0	3
 -73.0	1
 -72.0	2
 -71.0	2.5
 -70.0	0
 -69.0	0
 -68.0	0
 -67.0	1
 -66.0	2
 -65.0	0
 -64.0	1
 -63.0	1
 -62.0	1
 -61.0	0
 -60.0	0
 -59.0	0
 -58.0	0
 -57.0	0
 -56.0	0
 -55.0	0
 -54.0	1
 -53.0	1
 -52.0	2
 -51.0	0
 -50.0	0
 -49.0	0
 -48.0	0
 -47.0	0
 -46.0	0
 -45.0	1
 -44.0	0
 -43.0	2
 -42.0	1
 -41.0	0
 -40.0	0
 -39.0	0
 -38.0	1
 -37.0	0
 -36.0	1
 -35.0	2
 -34.0	2
 -33.0	0
 -32.0	0
 -31.0	1
 -30.0	0
 -29.0	0
 -28.0	1
 -27.0	3
 -26.0	1
 -25.0	0
 -24.0	0
 -23.0	1
 -22.0	2
 -21.0	1
 -20.0	0
 -19.0	0
 -18.0	1
 -17.0	0
 -16.0	0
 -15.0	0
 -14.0	1
 -13.0	1
 -12.0	4
 -11.0	2
 -10.0	1
  -9.0	0
  -8.0	4
  -7.0	1
  -6.0	0
  -5.0	4
  -4.0	2
  -3.0	2
  -2.0	3
  -1.0	1
   0.0	1
   1.0	2
   2.0	1
   3.0	2
   4.0	1
   5.0	2
   6.0	1
   7.0	1
   8.0	0
   9.0	0
  10.0	2
  11.0	0
  12.0	5
  13.0	0
  14.0	0
  15.0	0
  16.0	4.5
  17.0	1
  18.0	1
  19.0	1
  20.0	2
  21.0	0
  22.0	2
  23.0	1
  24.0	0
  25.0	2
  26.0	1
  27.0	1
  28.0	1.5
  29.0	1
  30.0	1
  31.0	2
  32.0	1
  33.0	2
  34.0	0.5
  35.0	0
  36.0	1
  37.0	0
  38.0	1
  39.0	0
  40.0	1
  41.0	2
  42.0	2
  43.0	1
  44.0	2
  45.0	1
  46.0	2
  47.0	1
  48.0	2
  49.0	0
  50.0	0
  51.0	0
  52.0	1
  53.0	0
  54.0	0
  55.0	0
  56.0	2
  57.0	1
  58.0	1
  59.0	1
  60.0	1
  61.0	1
  62.0	1
  63.0	0
  64.0	2
  65.0	0
  66.0	1
  67.0	2
  68.0	1
  69.0	0
  70.0	0
  71.0	1
  72.0	0
  73.0	2
  74.0	0
  75.0	0
  76.0	3
  77.0	1
  78.0	0
  79.0	1
  80.0	1
  81.0	2
  82.0	1
  83.0	0
  84.0	0
  85.0	0
  86.0	1
  87.0	1
  88.0	1
  89.0	2
  90.0	1
  91.0	0
  92.0	1
  93.0	0
  94.0	0
  95.0	0
  96.0	2
  97.0	0
  98.0	1
  99.0	1
 100.0	1
 101.0	0
 102.0	0
 103.0	0
 104.0	0
 105.0	1
 106.0	0
 107.0	0
 108.0	0
 109.0	3
 110.0	0
 111.0	3
 112.0	1
DB 2 MOTIF	FOSL2_HUMAN.H11MO.0.A
-112.0	1
-111.0	1
-110.0	2
-109.0	1
-108.0	0
-107.0	0
-106.0	1
-105.0	1
-104.0	0
-103.0	2
-102.0	2
-101.0	0
-100.0	3
 -99.0	1
 -98.0	2
 -97.0	2
 -96.0	0
 -95.0	3
 -94.0	0
 -93.0	1
 -92.0	0
 -91.0	1
 -90.0	0
 -89.0	0
 -88.0	1
 -87.0	2
 -86.0	0
 -85.0	1
 -84.0	1
 -83.0	0
 -82.0	0
 -81.0	1
 -80.0	1
 -79.0	1
 -78.0	1
 -77.0	0
 -76.0	2
 -75.0	0
 -74.0	2
 -73.0	1
 -72.0	2
 -71.0	1.5
 -70.0	0
 -69.0	0
 -68.0	0
 -67.0	0
 -66.0	1
 -65.0	0
 -64.0	1
 -63.0	2
 -62.0	1
 -61.0	0
 -60.0	0
 -59.0	0
 -58.0	0
 -57.0	0
 -56.0	0
 -55.0	0
 -54.0	1
 -53.0	1
 -52.0	1
 -51.0	0
 -50.0	1
 -49.0	0
 -48.0	0
 -47.0	1
 -46.0	0
 -45.0	1
 -44.0	1
 -43.0	2
 -42.0	1
 -41.0	1
 -40.0	0
 -39.0	0
 -38.0	1
 -37.0	0
 -36.0	1
 -35.0	1
 -34.0	2
 -33.0	0
 -32.0	0
 -31.0	1
 -30.0	0
 -29.0	0
 -28.0	2
 -27.0	2
 -26.0	2
 -25.0	0
 -24.0	0
 -23.0	1
 -22.0	2
 -21.0	2
 -20.0	1
 -19.0	2
 -18.0	1
 -17.0	0
 -16.0	1
 -15.0	1
 -14.0	2
 -13.0	1
 -12.0	2
 -11.0	2
 -10.0	1
  -9.0	0
  -8.0	4
  -7.0	1
  -6.0	1
  -5.0	4
  -4.0	2
  -3.0	2
  -2.0	1
  -1.0	1
   0.0	1
   1.0	2
   2.0	0
   3.0	3
   4.0	0
   5.0	3
   6.0	1
   7.0	1
   8.0	0
   9.0	0
  10.0	3
  11.0	0
  12.0	3
  13.0	2
  14.0	0
  15.0	0
  16.0	3.5
  17.0	1
  18.0	1
  19.0	0
  20.0	3
  21.0	1
  22.0	2
  23.0	1
  24.0	2
  25.0	1
  26.0	1
  27.0	4
  28.0	1.5
  29.0	0
  30.0	1
  31.0	1
  32.0	1
  33.0	2
  34.0	0.5
  35.0	0
  36.0	2
  37.0	0
  38.0	1
  39.0	0
  40.0	1
  41.0	3
  42.0	1
  43.0	0
  44.0	0
  45.0	1
  46.0	1
  47.0	0
  48.0	3
  49.0	0
  50.0	0
  51.0	0
  52.0	2
  53.0	0
  54.0	1
  55.0	0
  56.0	2
  57.0	1
  58.0	0
  59.0	1
  60.0	3
  61.0	1
  62.0	0
  63.0	0
  64.0	2
  65.0	0
  66.0	1
  67.0	3
  68.0	2
  69.0	0
  70.0	0
  71.0	1
  72.0	0
  73.0	2
  74.0	1
  75.0	0
  76.0	3
  77.0	2
  78.0	0
  79.0	1
  80.0	0
  81.0	2
  82.0	0
  83.0	0
  84.0	0
  85.0	0
  86.0	1
  87.0	1
  88.0	2
  89.0	2
  90.0	1
  91.0	0
  92.0	2
  93.0	1
  94.0	0
  95.0	0
  96.0	1
  97.0	0
  98.0	2
  99.0	1
 100.0	1
 101.0	1
 102.0	0
 103.0	0
 104.0	1
 105.0	1
 106.0	0
 107.0	1
 108.0	0
 109.0	0
 110.0	0
 111.0	2
 112.0	1
DB 2 MOTIF	GABPA_HUMAN.H11MO.0.A
-111.0	4
-110.0	1
-109.0	0
-108.0	4
-107.0	3
-106.0	2
-105.0	4
-104.0	7
-103.0	6
-102.0	4
-101.0	6
-100.0	3
 -99.0	1
 -98.0	7
 -97.0	3
 -96.0	2
 -95.0	3
 -94.0	3
 -93.0	1
 -92.0	3
 -91.0	4
 -90.0	2
 -89.0	5
 -88.0	3
 -87.0	5
 -86.0	5.25
 -85.0	3
 -84.0	3
 -83.0	2
 -82.0	4
 -81.0	4
 -80.0	7
 -79.0	2
 -78.0	5
 -77.0	5
 -76.0	2
 -75.0	5
 -74.0	4
 -73.0	4
 -72.0	4
 -71.0	3
 -70.0	6
 -69.0	4
 -68.0	4
 -67.0	6
 -66.0	5
 -65.0	4
 -64.0	5
 -63.0	2
 -62.0	1
 -61.0	5
 -60.0	2
 -59.0	8
 -58.0	3
 -57.0	5
 -56.0	4
 -55.0	3
 -54.0	2
 -53.0	6
 -52.0	3
 -51.0	5
 -50.0	2
 -49.0	1
 -48.0	1
 -47.0	4
 -46.0	2
 -45.0	2
 -44.0	7
 -43.0	4
 -42.0	3
 -41.0	2
 -40.0	5
 -39.0	5
 -38.0	6
 -37.0	7
 -36.0	7
 -35.0	3
 -34.0	6
 -33.0	12
 -32.0	2
 -31.0	4
 -30.0	4
 -29.0	6
 -28.0	4
 -27.0	3
 -26.0	3
 -25.0	9
 -24.0	4
 -23.0	6
 -22.0	7
 -21.0	6
 -20.0	8
 -19.0	6
 -18.0	10.25
 -17.0	10
 -16.0	5
 -15.0	3
 -14.0	7
 -13.0	3
 -12.0	4
 -11.0	10
 -10.0	5
  -9.0	4
  -8.0	9
  -7.0	5
  -6.0	5
  -5.0	7
  -4.0	8
  -3.0	8
  -2.0	5
  -1.0	7
   0.0	8
   1.0	9
   2.0	3
   3.0	9
   4.0	3
   5.0	3
   6.0	9
   7.0	4
   8.0	4.25
   9.0	13
  10.0	10
  11.0	4
  12.0	4
  13.0	3
  14.0	4
  15.0	8
  16.0	4
  17.0	4
  18.0	7
  19.0	2
  20.0	11
  21.0	5
  22.0	4
  23.0	6
  24.0	6
  25.0	4
  26.0	4
  27.0	5
  28.0	3
  29.0	9
  30.0	5
  31.0	7
  32.0	6
  33.0	8
  34.0	2
  35.0	4
  36.0	4
  37.0	7
  38.0	4
  39.0	7
  40.0	3.25
  41.0	4
  42.0	6
  43.0	8
  44.0	7
  45.0	6
  46.0	3
  47.0	5
  48.0	3
  49.0	6
  50.0	3
  51.0	5
  52.0	4
  53.0	5
  54.0	4
  55.0	3
  56.0	0
  57.0	6
  58.0	3
  59.0	8
  60.0	5
  61.0	7
  62.0	2
  63.0	4
  64.0	4
  65.0	4
  66.0	2
  67.0	4
  68.0	4.5
  69.0	5
  70.0	2
  71.0	1
  72.0	6
  73.0	5
  74.0	6
  75.0	8
  76.0	4
  77.0	6
  78.0	9
  79.0	2
  80.0	4
  81.0	1
  82.0	4
  83.0	8
  84.0	5
  85.0	4
  86.0	6
  87.0	5
  88.0	1
  89.0	3
  90.0	3
  91.0	3
  92.0	3
  93.0	4
  94.0	3
  95.0	4.5
  96.0	4
  97.0	4
  98.0	3
  99.0	0
 100.0	7
 101.0	4
 102.0	2
 103.0	3
 104.0	8
 105.0	3
 106.0	5
 107.0	3
 108.0	1
 109.0	3
 110.0	3
 111.0	5
DB 2 MOTIF	GMEB2_HUMAN.H11MO.0.D
-112.5	2
-111.5	2
-110.5	1
-109.5	2
-108.5	1
-107.5	2
-106.5	3
-105.5	5.5
-104.5	7.5
-103.5	4.5
-102.5	0
-101.5	1
-100.5	4
 -99.5	2
 -98.5	3
 -97.5	4
 -96.5	3
 -95.5	1
 -94.5	0
 -93.5	3
 -92.5	0
 -91.5	2
 -90.5	1
 -89.5	1
 -88.5	0
 -87.5	3
 -86.5	1
 -85.5	4
 -84.5	4
 -83.5	3
 -82.5	2
 -81.5	0
 -80.5	5
 -79.5	0
 -78.5	3
 -77.5	2
 -76.5	1
 -75.5	3
 -74.5	0
 -73.5	4
 -72.5	5
 -71.5	2.5
 -70.5	3
 -69.5	2
 -68.5	2
 -67.5	2
 -66.5	4
 -65.5	3
 -64.5	5
 -63.5	1
 -62.5	5
 -61.5	2
 -60.5	1
 -59.5	2
 -58.5	2
 -57.5	3
 -56.5	2
 -55.5	4
 -54.5	2
 -53.5	4
 -52.5	3
 -51.5	2
 -50.5	0
 -49.5	4.5
 -48.5	2.5
 -47.5	2
 -46.5	1
 -45.5	3
 -44.5	3
 -43.5	4
 -42.5	5
 -41.5	1
 -40.5	5
 -39.5	9
 -38.5	6
 -37.5	9
 -36.5	2
 -35.5	5.5
 -34.5	4.5
 -33.5	3
 -32.5	4
 -31.5	3
 -30.5	7
 -29.5	4
 -28.5	10
 -27.5	3.33333
 -26.5	4
 -25.5	3.5
 -24.5	5.5
 -23.5	1
 -22.5	2.5
 -21.5	10.5
 -20.5	4
 -19.5	8
 -18.5	6
 -17.5	2
 -16.5	7.5
 -15.5	6.5
 -14.5	7
 -13.5	8
 -12.5	7
 -11.5	6
 -10.5	14.3333
  -9.5	10.3333
  -8.5	7
  -7.5	11
  -6.5	8
  -5.5	9
  -4.5	6
  -3.5	11
  -2.5	11
  -1.5	11
  -0.5	9
   0.5	8
   1.5	8
   2.5	10
   3.5	6.5
   4.5	6.5
   5.5	10
   6.5	10.5
   7.5	12
   8.5	6.5
   9.5	9
  10.5	15
  11.5	15
  12.5	6.5
  13.5	12.5
  14.5	3
  15.5	6
  16.5	6.5
  17.5	8
  18.5	4
  19.5	7
  20.5	4
  21.5	6
  22.5	6
  23.5	8
  24.5	7
  25.5	7.5
  26.5	9.5
  27.5	7.5
  28.5	4
  29.5	8
  30.5	8
  31.5	4
  32.5	1
  33.5	2
  34.5	2.5
  35.5	3
  36.5	7.5
  37.5	3.5
  38.5	4
  39.5	7
  40.5	6
  41.5	2
  42.5	2
  43.5	0
  44.5	4
  45.5	7
  46.5	2
  47.5	3
  48.5	0.5
  49.5	1
  50.5	3
  51.5	3
  52.5	3
  53.5	1
  54.5	4
  55.5	4
  56.5	3
  57.5	3
  58.5	6
  59.5	3
  60.5	2
  61.5	0
  62.5	1
  63.5	0
  64.5	5
  65.5	1
  66.5	3
  67.5	4
  68.5	1
  69.5	4
  70.5	3
  71.5	1
  72.5	4
  73.5	0
  74.5	3
  75.5	4
  76.5	6
  77.5	3.5
  78.5	4.5
  79.5	3
  80.5	3
  81.5	2
  82.5	1
  83.5	1
  84.5	3
  85.5	5
  86.5	1
  87.5	5
  88.5	2
  89.5	5
  90.5	3
  91.5	3
  92.5	3
  93.5	3
  94.5	2
  95.5	1
  96.5	0
  97.5	0
  98.5	1
  99.5	0
 100.5	3
 101.5	1
 102.5	2
 103.5	2
 104.5	2
 105.5	1
 106.5	2
 107.5	4
 108.5	1
 109.5	2
 110.5	0
 111.5	1
 112.5	3
DB 2 MOTIF	HEY1_HUMAN.H11MO.0.D
-112.0	3
-111.0	2
-110.0	2
-109.0	2
-108.0	0
-107.0	3
-106.0	5
-105.0	1
-104.0	1
-103.0	2
-102.0	2
-101.0	2
-100.0	2
 -99.0	2
 -98.0	1
 -97.0	3
 -96.0	1
 -95.0	2
 -94.0	2
 -93.0	4
 -92.0	2
 -91.0	3
 -90.0	2
 -89.0	2
 -88.0	1
 -87.0	2
 -86.0	4
 -85.0	0
 -84.0	2
 -83.0	0
 -82.0	2
 -81.0	3
 -80.0	2
 -79.0	1
 -78.0	1
 -77.0	2
 -76.0	4
 -75.0	1
 -74.0	0
 -73.0	0
 -72.0	4
 -71.0	0
 -70.0	0
 -69.0	2
 -68.0	2
 -67.0	1
 -66.0	1
 -65.0	3
 -64.0	4
 -63.0	1
 -62.0	1
 -61.0	2
 -60.0	0
 -59.0	2
 -58.0	3
 -57.0	3
 -56.0	2
 -55.0	1
 -54.0	5
 -53.0	2
 -52.0	1
 -51.0	4
 -50.0	0
 -49.0	1
 -48.0	2
 -47.0	2
 -46.0	3
 -45.0	1
 -44.0	1
 -43.0	2
 -42.0	1
 -41.0	2
 -40.0	1
 -39.0	2
 -38.0	6
 -37.0	6
 -36.0	1
 -35.0	1
 -34.0	4
 -33.0	3
 -32.0	3
 -31.0	4
 -30.0	5
 -29.0	4
 -28.0	2
 -27.0	3
 -26.0	3
 -25.0	3
 -24.0	4
 -23.0	3
 -22.0	0
 -21.0	2
 -20.0	0
 -19.0	2
 -18.0	2
 -17.0	4
 -16.0	7
 -15.0	1
 -14.0	1
 -13.0	3
 -12.0	2
 -11.0	8
 -10.0	3
  -9.0	3
  -8.0	1
  -7.0	1
  -6.0	2
  -5.0	4
  -4.0	2
  -3.0	4
  -2.0	3
  -1.0	9
   0.0	2
   1.0	5
   2.0	2
   3.0	1
   4.0	3
   5.0	0
   6.0	3
   7.0	6
   8.0	3
   9.0	3
  10.0	4
  11.0	3
  12.0	2
  13.0	1
  14.0	1
  15.0	2
  16.0	3
  17.0	2
  18.0	3
  19.0	4
  20.0	3
  21.0	4
  22.0	3
  23.0	3
  24.0	3
  25.0	3
  26.0	4
  27.0	2
  28.0	3
  29.0	4
  30.0	2
  31.0	4
  32.0	4
  33.0	3
  34.0	3
  35.0	1
  36.0	3
  37.0	2
  38.0	0
  39.0	4
  40.0	3
  41.0	4
  42.0	0
  43.0	0
  44.0	2
  45.0	5
  46.0	2
  47.0	2
  48.0	2
  49.0	4
  50.0	0
  51.0	1
  52.0	2
  53.0	1
  54.0	2
  55.0	4
  56.0	3
  57.0	0
  58.0	3
  59.0	4
  60.0	0
  61.0	2
  62.0	0
  63.0	3
  64.0	2
  65.0	4
  66.0	4
  67.0	2
  68.0	1
  69.0	3
  70.0	1
  71.0	3
  72.0	2
  73.0	4
  74.0	0
  75.0	1
  76.0	0
  77.0	0
  78.0	2
  79.0	4
  80.0	0
  81.0	2
  82.0	2
  83.0	1
  84.0	1
  85.0	2
  86.0	0
  87.0	1
  88.0	1
  89.0	1
  90.0	0
  91.0	1
  92.0	3
  93.0	2
  94.0	1
  95.0	2
  96.0	3
  97.0	1
  98.0	2
  99.0	2
 100.0	1
 101.0	0
 102.0	0
 103.0	0
 104.0	0
 105.0	0
 106.0	0
 107.0	2
 108.0	2
 109.0	4
 110.0	3
 111.0	4
 112.0	0
DB 2 MOTIF	HIF1A_HUMAN.H11MO.0.C
-114.0	5
-113.0	3
-112.0	3
-111.0	4
-110.0	4
-109.0	7
-108.0	3
-107.0	7
-106.0	7.5
-105.0	3
-104.0	6
-103.0	1
-102.0	4
-101.0	4
-100.0	5
 -99.0	4
 -98.0	4
 -97.0	4
 -96.0	1
 -95.0	3.5
 -94.0	4
 -93.0	4
 -92.0	5
 -91.0	5
 -90.0	5
 -89.0	5
 -88.0	9
 -87.0	4
 -86.0	3
 -85.0	3
 -84.0	3
 -83.0	6
 -82.0	3
 -81.0	2
 -80.0	0
 -79.0	2
 -78.0	3
 -77.0	8
 -76.0	3.5
 -75.0	3.5
 -74.0	4.5
 -73.0	6.5
 -72.0	4
 -71.0	2
 -70.0	4.5
 -69.0	5
 -68.0	3
 -67.0	5
 -66.0	7
 -65.0	5
 -64.0	9
 -63.0	3
 -62.0	6
 -61.0	4
 -60.0	3
 -59.0	5.5
 -58.0	2.5
 -57.0	8
 -56.0	2
 -55.0	3
 -54.0	8
 -53.0	2
 -52.0	2
 -51.0	5
 -50.0	2
 -49.0	3
 -48.0	3
 -47.0	4.5
 -46.0	5
 -45.0	2
 -44.0	4
 -43.0	4
 -42.0	6.5
 -41.0	9
 -40.0	6
 -39.0	7
 -38.0	4
 -37.0	8
 -36.0	2
 -35.0	2
 -34.0	4
 -33.0	6.5
 -32.0	5
 -31.0	5.5
 -30.0	7
 -29.0	6
 -28.0	8
 -27.0	6
 -26.0	7
 -25.0	7
 -24.0	3
 -23.0	6
 -22.0	1
 -21.0	4
 -20.0	3
 -19.0	11
 -18.0	3
 -17.0	8
 -16.0	14.5
 -15.0	6
 -14.0	9
 -13.0	6.5
 -12.0	7
 -11.0	16
 -10.0	7
  -9.0	9
  -8.0	10
  -7.0	4.5
  -6.0	6.5
  -5.0	4
  -4.0	10
  -3.0	7
  -2.0	3
  -1.0	5.5
   0.0	8
   1.0	7
   2.0	3.5
   3.0	3
   4.0	6
   5.0	9
   6.0	10
   7.0	5.5
   8.0	8
   9.0	4
  10.0	8
  11.0	7
  12.0	8
  13.0	9
  14.0	6.5
  15.0	7
  16.0	7
  17.0	8.5
  18.0	6.5
  19.0	9
  20.0	10.5
  21.0	7.5
  22.0	4
  23.0	6
  24.0	7.5
  25.0	6.5
  26.0	6
  27.0	2
  28.0	8
  29.0	7.5
  30.0	9
  31.0	6
  32.0	6
  33.0	6.5
  34.0	4
  35.0	5
  36.0	6.5
  37.0	3
  38.0	3.5
  39.0	5
  40.0	9
  41.0	9
  42.0	7
  43.0	3
  44.0	7.5
  45.0	5
  46.0	3
  47.0	6
  48.0	5
  49.0	5
  50.0	5
  51.0	5
  52.0	2
  53.0	4
  54.0	4
  55.0	7
  56.0	5
  57.0	3
  58.0	2
  59.0	4
  60.0	1
  61.0	1
  62.0	4
  63.0	4
  64.0	8
  65.0	5
  66.0	8
  67.0	2
  68.0	6
  69.0	2.5
  70.0	4
  71.0	3
  72.0	5
  73.0	8.5
  74.0	1
  75.0	2
  76.0	3
  77.0	4
  78.0	3
  79.0	3
  80.0	5
  81.0	4
  82.0	5
  83.0	3
  84.0	2
  85.0	7
  86.0	2
  87.0	3
  88.0	5
  89.0	4
  90.0	3
  91.0	2
  92.0	2
  93.0	2
  94.0	4
  95.0	3
  96.0	0
  97.0	5
  98.0	3
  99.0	5
 100.0	5
 101.0	3
 102.0	5
 103.0	2
 104.0	1
 105.0	4
 106.0	4
 107.0	5
 108.0	4
 109.0	8
 110.0	2
 111.0	6
 112.0	3
 113.0	5
 114.0	1
DB 2 MOTIF	HLF_HUMAN.H11MO.0.C
-111.5	0
-110.5	1
-109.5	1
-108.5	1
-107.5	0
-106.5	2
-105.5	4
-104.5	2
-103.5	1
-102.5	2
-101.5	1
-100.5	1
 -99.5	2
 -98.5	2
 -97.5	1
 -96.5	1
 -95.5	0
 -94.5	2
 -93.5	1
 -92.5	3
 -91.5	0
 -90.5	0
 -89.5	0
 -88.5	3
 -87.5	0
 -86.5	2
 -85.5	0
 -84.5	1
 -83.5	0
 -82.5	0
 -81.5	3
 -80.5	2
 -79.5	1
 -78.5	1
 -77.5	1
 -76.5	1
 -75.5	0
 -74.5	0
 -73.5	2
 -72.5	1
 -71.5	0
 -70.5	1
 -69.5	1
 -68.5	0
 -67.5	2
 -66.5	0
 -65.5	1
 -64.5	0
 -63.5	1
 -62.5	4
 -61.5	0
 -60.5	0
 -59.5	1
 -58.5	0
 -57.5	2
 -56.5	0
 -55.5	1
 -54.5	1
 -53.5	0
 -52.5	1
 -51.5	1
 -50.5	0
 -49.5	1.33333
 -48.5	0
 -47.5	1
 -46.5	1
 -45.5	4
 -44.5	2
 -43.5	4
 -42.5	5
 -41.5	0
 -40.5	0
 -39.5	0
 -38.5	1
 -37.5	2
 -36.5	1
 -35.5	0
 -34.5	0
 -33.5	1
 -32.5	2
 -31.5	1
 -30.5	0
 -29.5	0
 -28.5	1
 -27.5	1
 -26.5	1
 -25.5	1
 -24.5	1
 -23.5	1
 -22.5	1
 -21.5	1
 -20.5	0
 -19.5	1
 -18.5	3
 -17.5	1
 -16.5	0.333333
 -15.5	0
 -14.5	0
 -13.5	1
 -12.5	1
 -11.5	1
 -10.5	4
  -9.5	2
  -8.5	1
  -7.5	4
  -6.5	0
  -5.5	4
  -4.5	0
  -3.5	4
  -2.5	1
  -1.5	4
  -0.5	2
   0.5	2
   1.5	0
   2.5	4
   3.5	2.5
   4.5	0.5
   5.5	1
   6.5	2.5
   7.5	3.5
   8.5	0
   9.5	2
  10.5	1
  11.5	3
  12.5	2
  13.5	0
  14.5	2
  15.5	2
  16.5	1.33333
  17.5	1
  18.5	1
  19.5	3
  20.5	1
  21.5	1
  22.5	4
  23.5	2
  24.5	1
  25.5	1
  26.5	1
  27.5	3
  28.5	2
  29.5	0
  30.5	4
  31.5	1
  32.5	0
  33.5	3
  34.5	2
  35.5	1
  36.5	0
  37.5	1
  38.5	0
  39.5	1
  40.5	2
  41.5	0
  42.5	0
  43.5	2
  44.5	1
  45.5	2
  46.5	0
  47.5	0
  48.5	1
  49.5	1
  50.5	1
  51.5	0
  52.5	3
  53.5	1
  54.5	1
  55.5	0
  56.5	1
  57.5	0
  58.5	1
  59.5	1
  60.5	1
  61.5	1
  62.5	0
  63.5	3
  64.5	0
  65.5	0
  66.5	2
  67.5	1
  68.5	1
  69.5	0
  70.5	1
  71.5	1
  72.5	0
  73.5	0
  74.5	1
  75.5	2
  76.5	1
  77.5	1
  78.5	0
  79.5	1
  80.5	0
  81.5	0
  82.5	2
  83.5	1
  84.5	0
  85.5	2
  86.5	0
  87.5	0
  88.5	0
  89.5	0
  90.5	1
  91.5	1
  92.5	0
  93.5	0.333333
  94.5	0
  95.5	0
  96.5	1
  97.5	1
  98.5	2
  99.5	0
 100.5	2
 101.5	1
 102.5	0.333333
 103.5	1.33333
 104.5	0
 105.5	1
 106.5	1
 107.5	3
 108.5	0
 109.5	1
 110.5	1
 111.5	2
DB 2 MOTIF	HXB4_HUMAN.H11MO.0.B
-114.0	5
-113.0	2
-112.0	0
-111.0	5
-110.0	2
-109.0	5
-108.0	4
-107.0	3
-106.0	1
-105.0	5
-104.0	5
-103.0	2
-102.0	6
-101.0	1
-100.0	4
 -99.0	2
 -98.0	3
 -97.0	2
 -96.0	3
 -95.0	3
 -94.0	4
 -93.0	3
 -92.0	1
 -91.0	2
 -90.0	4.2
 -89.0	1
 -88.0	3
 -87.0	2
 -86.0	3
 -85.0	2.5
 -84.0	4
 -83.0	2
 -82.0	3
 -81.0	1
 -80.0	3
 -79.0	0
 -78.0	4
 -77.0	4
 -76.0	3
 -75.0	4
 -74.0	2
 -73.0	4
 -72.0	3
 -71.0	8
 -70.0	4.5
 -69.0	4
 -68.0	3
 -67.0	5
 -66.0	5
 -65.0	3
 -64.0	4
 -63.0	1
 -62.0	4
 -61.0	5
 -60.0	3
 -59.0	3
 -58.0	3
 -57.0	5
 -56.0	1
 -55.0	0.5
 -54.0	8
 -53.0	6
 -52.0	4
 -51.0	4
 -50.0	3
 -49.0	7
 -48.0	4
 -47.0	2
 -46.0	1
 -45.0	2
 -44.0	4
 -43.0	6
 -42.0	4
 -41.0	3
 -40.0	7
 -39.0	6
 -38.0	4
 -37.0	3.5
 -36.0	3
 -35.0	5
 -34.0	2
 -33.0	3
 -32.0	6
 -31.0	4
 -30.0	2
 -29.0	3
 -28.0	6
 -27.0	4
 -26.0	2
 -25.0	2
 -24.0	7
 -23.0	1
 -22.0	4.2
 -21.0	3
 -20.0	3
 -19.0	3
 -18.0	3
 -17.0	5
 -16.0	6
 -15.0	11
 -14.0	3
 -13.0	4
 -12.0	5
 -11.0	4
 -10.0	7
  -9.0	1
  -8.0	5
  -7.0	4
  -6.0	9
  -5.0	4
  -4.0	6
  -3.0	0.5
  -2.0	5
  -1.0	5
   0.0	2
   1.0	2
   2.0	3
   3.0	1
   4.0	4.2
   5.0	3
   6.0	6
   7.0	2
   8.0	4
   9.0	8
  10.0	7
  11.0	4
  12.0	6
  13.0	3
  14.0	4
  15.0	0
  16.0	10
  17.0	5.5
  18.0	4
  19.0	3
  20.0	5
  21.0	9.5
  22.0	4
  23.0	7
  24.0	4
  25.0	2
  26.0	3
  27.0	4
  28.0	6.5
  29.0	3
  30.0	6
  31.0	8
  32.0	5
  33.0	5
  34.0	1
  35.0	5
  36.0	4.2
  37.0	7.5
  38.0	4
  39.0	0.5
  40.0	4
  41.0	5
  42.0	6
  43.0	3
  44.0	4
  45.0	4.5
  46.0	5
  47.0	3
  48.0	3
  49.0	5
  50.0	6
  51.0	5
  52.0	2
  53.0	4
  54.0	2
  55.0	2
  56.0	4.5
  57.0	4
  58.0	7
  59.0	5
  60.0	1
  61.0	2
  62.0	1.5
  63.0	6
  64.0	3
  65.0	2
  66.0	4
  67.0	2
  68.0	1
  69.0	2
  70.0	6.2
  71.0	4
  72.0	9
  73.0	3
  74.0	2
  75.0	3
  76.0	1
  77.0	2
  78.0	3
  79.0	3
  80.0	5
  81.0	1
  82.0	5
  83.0	4
  84.0	2
  85.0	1
  86.0	4
  87.0	3
  88.0	4
  89.0	5
  90.0	2
  91.0	5
  92.0	2
  93.0	2
  94.0	1
  95.0	4
  96.0	2
  97.0	1
  98.0	1
  99.0	3
 100.0	2
 101.0	4
 102.0	1
 103.0	3
 104.0	4
 105.0	5
 106.0	3
 107.0	2
 108.0	5
 109.0	3
 110.0	3
 111.0	3
 112.0	1
 113.0	8.5
 114.0	3
DB 2 MOTIF	JDP2_HUMAN.H11MO.0.D
-112.0	1
-111.0	0
-110.0	1
-109.0	0
-108.0	0
-107.0	0
-106.0	1.5
-105.0	1
-104.0	0.5
-103.0	0
-102.0	1
-101.0	0
-100.0	2
 -99.0	0
 -98.0	0
 -97.0	1
 -96.0	0
 -95.0	0
 -94.0	0
 -93.0	0
 -92.0	0
 -91.0	0
 -90.0	0
 -89.0	0
 -88.0	0
 -87.0	0
 -86.0	0
 -85.0	0
 -84.0	0
 -83.0	1
 -82.0	2
 -81.0	0
 -80.0	0
 -79.0	0
 -78.0	0
 -77.0	2
 -76.0	0
 -75.0	0
 -74.0	2
 -73.0	2
 -72.0	0
 -71.0	2
 -70.0	1
 -69.0	2
 -68.0	0
 -67.0	1
 -66.0	0
 -65.0	0
 -64.0	0
 -63.0	1
 -62.0	1
 -61.0	2
 -60.0	0
 -59.0	1
 -58.0	2
 -57.0	3
 -56.0	2
 -55.0	2
 -54.0	3
 -53.0	1
 -52.0	1
 -51.0	0
 -50.0	3.5
 -49.0	1
 -48.0	2.5
 -47.0	1
 -46.0	4
 -45.0	1
 -44.0	1
 -43.0	0
 -42.0	1
 -41.0	0
 -40.0	2
 -39.0	1
 -38.0	1
 -37.0	0
 -36.0	5.5
 -35.0	0
 -34.0	3
 -33.0	5
 -32.0	6
 -31.0	2
 -30.0	4
 -29.0	5
 -28.0	2
 -27.0	9
 -26.0	5
 -25.0	6
 -24.0	5
 -23.0	1.5
 -22.0	2
 -21.0	2.5
 -20.0	2
 -19.0	2
 -18.0	7
 -17.0	4
 -16.0	1
 -15.0	5
 -14.0	6
 -13.0	6
 -12.0	8
 -11.0	5.5
 -10.0	6
  -9.0	10.5
  -8.0	11
  -7.0	9
  -6.0	5
  -5.0	6
  -4.0	5
  -3.0	10
  -2.0	10
  -1.0	11
   0.0	6
   1.0	7
   2.0	9
   3.0	4.5
   4.0	8
   5.0	7
   6.0	5.5
   7.0	9.5
   8.0	6.5
   9.0	10
  10.0	8
  11.0	7
  12.0	13
  13.0	6.5
  14.0	8
  15.0	10
  16.0	6
  17.0	7
  18.0	1
  19.0	5
  20.0	1
  21.0	7
  22.0	7
  23.0	3
  24.0	9
  25.0	6
  26.0	9
  27.0	1
  28.0	6
  29.0	8
  30.0	4.5
  31.0	4
  32.0	3
  33.0	3
  34.0	0
  35.0	3
  36.0	1
  37.0	0
  38.0	3.5
  39.0	3
  40.0	3
  41.0	3
  42.0	2
  43.0	1
  44.0	1
  45.0	0
  46.0	1
  47.0	0
  48.0	1
  49.0	1
  50.0	0
  51.0	1
  52.0	1
  53.0	0
  54.0	2
  55.0	2
  56.0	1
  57.0	1
  58.0	1
  59.0	0
  60.0	2
  61.0	0
  62.0	0
  63.0	0
  64.0	0
  65.0	0
  66.0	0
  67.0	1
  68.0	1
  69.0	1
  70.0	0
  71.0	0
  72.0	0
  73.0	0
  74.0	0
  75.0	0
  76.0	2
  77.0	1
  78.0	0
  79.0	0
  80.0	0
  81.0	2
  82.0	0
  83.0	0
  84.0	1
  85.0	2
  86.0	1
  87.0	0
  88.0	1
  89.0	0
  90.0	0
  91.0	0
  92.0	1
  93.0	1
  94.0	0
  95.0	0
  96.0	0
  97.0	0
  98.0	2
  99.0	0
 100.0	0
 101.0	0
 102.0	0
 103.0	1
 104.0	0
 105.0	1
 106.0	0
 107.0	0
 108.0	2
 109.0	0
 110.0	0
 111.0	0
 112.0	0
DB 2 MOTIF	JUND_HUMAN.H11MO.0.A
-112.5	0
-111.5	1
-110.5	3
-109.5	5
-108.5	3
-107.5	2
-106.5	1
-105.5	3
-104.5	2
-103.5	4
-102.5	2
-101.5	4
-100.5	5
 -99.5	4
 -98.5	3
 -97.5	2
 -96.5	3
 -95.5	4
 -94.5	4
 -93.5	1
 -92.5	2
 -91.5	0
 -90.5	1
 -89.5	1
 -88.5	2
 -87.5	3
 -86.5	5
 -85.5	1
 -84.5	1
 -83.5	2
 -82.5	1
 -81.5	1
 -80.5	0
 -79.5	3
 -78.5	1
 -77.5	0
 -76.5	2
 -75.5	2
 -74.5	4
 -73.5	0
 -72.5	3
 -71.5	3
 -70.5	0.5
 -69.5	2
 -68.5	0
 -67.5	1
 -66.5	2
 -65.5	4
 -64.5	0
 -63.5	5
 -62.5	2
 -61.5	0
 -60.5	0
 -59.5	1
 -58.5	2
 -57.5	0
 -56.5	0
 -55.5	1
 -54.5	1
 -53.5	5
 -52.5	5
 -51.5	1
 -50.5	0
 -49.5	0
 -48.5	1
 -47.5	3
 -46.5	2
 -45.5	2
 -44.5	2
 -43.5	2
 -42.5	2
 -41.5	0
 -40.5	2
 -39.5	3
 -38.5	3
 -37.5	0
 -36.5	2
 -35.5	4
 -34.5	2
 -33.5	2
 -32.5	1
 -31.5	1
 -30.5	4
 -29.5	2
 -28.5	2
 -27.5	4
 -26.5	2
 -25.5	2
 -24.5	2
 -23.5	3
 -22.5	5
 -21.5	1
 -20.5	3
 -19.5	4
 -18.5	1
 -17.5	1
 -16.5	1
 -15.5	2
 -14.5	3
 -13.5	1
 -12.5	5
 -11.5	4
 -10.5	4
  -9.5	3
  -8.5	5
  -7.5	3
  -6.5	6
  -5.5	3
  -4.5	3
  -3.5	4
  -2.5	6
  -1.5	6
  -0.5	3
   0.5	1
   1.5	5
   2.5	1
   3.5	3
   4.5	3
   5.5	3
   6.5	0
   7.5	2
   8.5	0
   9.5	3
  10.5	1
  11.5	1
  12.5	6
  13.5	2
  14.5	0
  15.5	4.5
  16.5	6
  17.5	1
  18.5	3
  19.5	2
  20.5	1
  21.5	3
  22.5	2
  23.5	3
  24.5	2
  25.5	2
  26.5	2
  27.5	5
  28.5	2.5
  29.5	1
  30.5	4
  31.5	3
  32.5	2
  33.5	2.5
  34.5	1
  35.5	3
  36.5	0
  37.5	0
  38.5	1
  39.5	2
  40.5	3
  41.5	3
  42.5	1
  43.5	3
  44.5	4
  45.5	3
  46.5	3
  47.5	2
  48.5	3
  49.5	1
  50.5	0
  51.5	0
  52.5	1
  53.5	0
  54.5	2
  55.5	0
  56.5	3
  57.5	0
  58.5	1
  59.5	3
  60.5	1
  61.5	3
  62.5	0
  63.5	2
  64.5	2
  65.5	0
  66.5	3
  67.5	1
  68.5	2
  69.5	1
  70.5	0
  71.5	3
  72.5	2
  73.5	3
  74.5	1
  75.5	2
  76.5	3
  77.5	4
  78.5	1
  79.5	1
  80.5	4
  81.5	2
  82.5	1
  83.5	2
  84.5	1
  85.5	1
  86.5	2
  87.5	1
  88.5	5
  89.5	3
  90.5	2
  91.5	1
  92.5	1
  93.5	0
  94.5	0
  95.5	1
  96.5	2
  97.5	2
  98.5	1
  99.5	1
 100.5	1
 101.5	1
 102.5	4
 103.5	0
 104.5	1
 105.5	2
 106.5	2
 107.5	1
 108.5	0
 109.5	3
 110.5	5
 111.5	2
 112.5	1
DB 2 MOTIF	MAF_HUMAN.H11MO.1.B
-114.0	0
-113.0	1
-112.0	3
-111.0	2
-110.0	2.5
-109.0	6.5
-108.0	1
-107.0	7
-106.0	2
-105.0	2
-104.0	6
-103.0	4
-102.0	3
-101.0	7
-100.0	1
 -99.0	2
 -98.0	4
 -97.0	4
 -96.0	5
 -95.0	7
 -94.0	2
 -93.0	5
 -92.0	5
 -91.0	4
 -90.0	3
 -89.0	1
 -88.0	5
 -87.0	3
 -86.0	2.5
 -85.0	6
 -84.0	5
 -83.0	0
 -82.0	7
 -81.0	2
 -80.0	4.25
 -79.0	3
 -78.0	4
 -77.0	0
 -76.0	2
 -75.0	6
 -74.0	6
 -73.0	2
 -72.0	3
 -71.0	2
 -70.0	6
 -69.0	7
 -68.0	7.5
 -67.0	4.33333
 -66.0	5
 -65.0	6
 -64.0	2
 -63.0	3
 -62.0	4
 -61.0	6
 -60.0	5
 -59.0	4
 -58.0	6
 -57.0	7
 -56.0	4
 -55.0	0
 -54.0	1
 -53.0	3
 -52.0	6
 -51.0	8.5
 -50.0	5
 -49.0	1
 -48.0	3
 -47.0	5
 -46.0	3
 -45.0	4
 -44.0	5
 -43.0	7
 -42.0	3
 -41.0	9
 -40.0	5
 -39.0	8
 -38.0	2
 -37.0	4
 -36.0	3.5
 -35.0	6
 -34.0	6.5
 -33.0	1
 -32.0	2
 -31.0	4
 -30.0	5.25
 -29.0	6
 -28.0	7
 -27.0	0.5
 -26.0	2.5
 -25.0	4
 -24.0	5
 -23.0	3
 -22.0	6
 -21.0	1
 -20.0	4
 -19.0	7
 -18.0	4
 -17.0	6
 -16.0	6
 -15.0	3
 -14.0	3
 -13.0	5
 -12.0	5.5
 -11.0	10
 -10.0	4.5
  -9.0	7
  -8.0	8
  -7.0	5
  -6.0	5
  -5.0	11
  -4.0	7
  -3.0	7.5
  -2.0	5
  -1.0	11.5
   0.0	3.5
   1.0	9
   2.0	6
   3.0	6
   4.0	6
   5.0	5
   6.0	5.5
   7.0	3
   8.0	4
   9.0	8
  10.0	5.33333
  11.0	3.5
  12.0	10
  13.0	5
  14.0	4.5
  15.0	6
  16.0	2
  17.0	5
  18.0	3
  19.0	7
  20.0	2.5
  21.0	5
  22.0	7
  23.0	4
  24.0	4
  25.0	6.5
  26.0	5
  27.0	9.25
  28.0	4.5
  29.0	2
  30.0	5.5
  31.0	2
  32.0	4.5
  33.0	4
  34.0	4
  35.0	7.33333
  36.0	3
  37.0	8
  38.0	3
  39.0	6
  40.0	6
  41.0	5.5
  42.0	8
  43.0	5
  44.0	3
  45.0	2.5
  46.0	5
  47.0	2
  48.0	9
  49.0	6
  50.0	2
  51.0	2
  52.0	4.5
  53.0	7
  54.0	6
  55.0	2.5
  56.0	3
  57.0	5.5
  58.0	1
  59.0	6
  60.0	1
  61.0	5
  62.0	3
  63.0	5
  64.0	1.5
  65.0	1
  66.0	3
  67.0	4
  68.0	4
  69.0	2.5
  70.0	5
  71.0	5
  72.0	4
  73.0	3
  74.0	6
  75.0	1
  76.0	5
  77.0	3
  78.0	2
  79.0	2
  80.0	3
  81.0	3
  82.0	3
  83.0	6.25
  84.0	6
  85.0	3
  86.0	7
  87.0	8
  88.0	2.5
  89.0	3
  90.0	6
  91.0	6.5
  92.0	6
  93.0	3
  94.0	6
  95.0	5
  96.0	10
  97.0	3
  98.0	4
  99.0	2
 100.0	5
 101.0	3
 102.0	9
 103.0	8
 104.0	4
 105.0	2
 106.0	6
 107.0	3
 108.0	4
 109.0	5.5
 110.0	0
 111.0	2
 112.0	4
 113.0	3
 114.0	5
DB 2 MOTIF	MITF_HUMAN.H11MO.0.A
-113.0	3
-112.0	1
-111.0	1
-110.0	0
-109.0	2
-108.0	0
-107.0	2
-106.0	0
-105.0	5
-104.0	0
-103.0	1
-102.0	1
-101.0	0
-100.0	3
 -99.0	0
 -98.0	1
 -97.0	0
 -96.0	2
 -95.0	1
 -94.0	2
 -93.0	4
 -92.0	3
 -91.0	2
 -90.0	1
 -89.0	1
 -88.0	1
 -87.0	0
 -86.0	0
 -85.0	3
 -84.0	1
 -83.0	3
 -82.0	0
 -81.0	0
 -80.0	1
 -79.0	1
 -78.0	1
 -77.0	2
 -76.0	1
 -75.0	1
 -74.0	0
 -73.0	4
 -72.0	3
 -71.0	1
 -70.0	1
 -69.0	1
 -68.0	1
 -67.0	1
 -66.0	1
 -65.0	2
 -64.0	1
 -63.0	3
 -62.0	2
 -61.0	1
 -60.0	2
 -59.0	0
 -58.0	2
 -57.0	2
 -56.0	3
 -55.0	1
 -54.0	2
 -53.0	4
 -52.0	4
 -51.0	1
 -50.0	3
 -49.0	1
 -48.0	1
 -47.0	1
 -46.0	2
 -45.0	6
 -44.0	3
 -43.0	5
 -42.0	0
 -41.0	2.5
 -40.0	2
 -39.0	0
 -38.0	2
 -37.0	1
 -36.0	3
 -35.0	2
 -34.0	1
 -33.0	1
 -32.0	1
 -31.0	3
 -30.0	2
 -29.0	2
 -28.0	4
 -27.0	2
 -26.0	2
 -25.0	1
 -24.0	1
 -23.0	0
 -22.0	2
 -21.0	1
 -20.0	2
 -19.0	1
 -18.0	2
 -17.0	3
 -16.0	2
 -15.0	3
 -14.0	2
 -13.0	0
 -12.0	5
 -11.0	2
 -10.0	1
  -9.0	3
  -8.0	2
  -7.0	2
  -6.0	7
  -5.0	2
  -4.0	1
  -3.0	3.5
  -2.0	6
  -1.0	2
   0.0	4
   1.0	2
   2.0	1
   3.0	0
   4.0	1
   5.0	3
   6.0	1
   7.0	0
   8.0	3
   9.0	3
  10.0	3
  11.0	1
  12.0	3
  13.0	3
  14.0	7
  15.0	0
  16.0	2
  17.0	3
  18.0	4
  19.0	5
  20.0	6
  21.0	1
  22.0	3
  23.0	4
  24.0	2
  25.0	7
  26.0	1
  27.0	1
  28.0	2
  29.0	3
  30.0	2
  31.0	4
  32.0	4
  33.0	5
  34.0	0
  35.0	2
  36.0	2
  37.0	2
  38.0	2
  39.0	1
  40.0	2
  41.0	3
  42.0	1
  43.0	1
  44.0	2
  45.0	5
  46.0	2
  47.0	3
  48.0	2
  49.0	3
  50.0	2
  51.0	2
  52.0	2
  53.0	0
  54.0	1
  55.0	1
  56.0	3
  57.0	1
  58.0	0
  59.0	2
  60.0	3
  61.0	0
  62.0	2
  63.0	1
  64.0	2
  65.0	0
  66.0	1
  67.0	4
  68.0	3
  69.0	2
  70.0	0
  71.0	1
  72.0	2
  73.0	1
  74.0	4
  75.0	0
  76.0	6
  77.0	2
  78.0	3
  79.0	0
  80.0	1
  81.0	3
  82.0	2
  83.0	0
  84.0	2
  85.0	0
  86.0	1
  87.0	0
  88.0	3
  89.0	0
  90.0	1
  91.0	0
  92.0	0
  93.0	2
  94.0	0
  95.0	2
  96.0	2
  97.0	0
  98.0	4
  99.0	4
 100.0	1
 101.0	0
 102.0	0
 103.0	0
 104.0	2
 105.0	0
 106.0	3
 107.0	0
 108.0	5
 109.0	0
 110.0	1
 111.0	2
 112.0	2
 113.0	2
DB 2 MOTIF	MYCN_HUMAN.H11MO.0.A
-112.0	3
-111.0	5
-110.0	3
-109.0	0
-108.0	3
-107.0	4
-106.0	9
-105.0	4
-104.0	1
-103.0	3
-102.0	3
-101.0	2
-100.0	2
 -99.0	4
 -98.0	1
 -97.0	3
 -96.0	1
 -95.0	3
 -94.0	5
 -93.0	2
 -92.0	2
 -91.0	2
 -90.0	3
 -89.0	4
 -88.0	2
 -87.0	2
 -86.0	6
 -85.0	0
 -84.0	5
 -83.0	0
 -82.0	1
 -81.0	5
 -80.0	3
 -79.0	4
 -78.0	4
 -77.0	1
 -76.0	2
 -75.0	3
 -74.0	2
 -73.0	2
 -72.0	6
 -71.0	1
 -70.0	0
 -69.0	6
 -68.0	4
 -67.0	1
 -66.0	2
 -65.0	3
 -64.0	6
 -63.0	1
 -62.0	3
 -61.0	3
 -60.0	5
 -59.0	5
 -58.0	2
 -57.0	4
 -56.0	1
 -55.0	1
 -54.0	5
 -53.0	5
 -52.0	2
 -51.0	2
 -50.0	2.5
 -49.0	5
 -48.0	3
 -47.0	2
 -46.0	5
 -45.0	2
 -44.0	6
 -43.0	3
 -42.0	1
 -41.0	2
 -40.0	2
 -39.0	2
 -38.0	4
 -37.0	4
 -36.0	4
 -35.0	3
 -34.0	1
 -33.0	3
 -32.0	2
 -31.0	3
 -30.0	5
 -29.0	3
 -28.0	4
 -27.0	3
 -26.0	5
 -25.0	2
 -24.0	4
 -23.0	3
 -22.0	2
 -21.0	2
 -20.0	1
 -19.0	2
 -18.0	2
 -17.0	4
 -16.0	7
 -15.0	3
 -14.0	1
 -13.0	4
 -12.0	3
 -11.0	9
 -10.0	6
  -9.0	4
  -8.0	6
  -7.0	4
  -6.0	2
  -5.0	2
  -4.0	4
  -3.0	4
  -2.0	5
  -1.0	3
   0.0	6
   1.0	2
   2.0	3
   3.0	3
   4.0	3
   5.0	4
   6.0	3
   7.0	6
   8.0	2
   9.0	6
  10.0	7
  11.0	3
  12.0	2
  13.0	2
  14.0	3
  15.0	3
  16.0	0
  17.0	4
  18.0	6
  19.0	4
  20.0	4
  21.0	5
  22.0	2
  23.0	6
  24.0	4
  25.0	4
  26.0	6
  27.0	5
  28.0	3
  29.0	6
  30.0	1
  31.0	1
  32.0	3
  33.0	2
  34.0	4
  35.0	2
  36.0	5
  37.0	5
  38.0	1
  39.0	6
  40.0	8
  41.0	8
  42.0	2
  43.0	2
  44.0	2
  45.0	6
  46.0	4
  47.0	3
  48.0	8
  49.0	4
  50.0	2
  51.0	2
  52.0	1
  53.0	1
  54.0	3
  55.0	4
  56.0	2
  57.0	3
  58.0	4
  59.0	5
  60.0	3
  61.0	7
  62.0	2
  63.0	3
  64.0	4
  65.0	4
  66.0	3
  67.0	2
  68.0	2
  69.0	2
  70.0	3
  71.0	1
  72.0	2
  73.0	5
  74.0	5
  75.0	2
  76.0	2
  77.0	1
  78.0	4
  79.0	3
  80.0	0
  81.0	1
  82.0	6
  83.0	0
  84.0	0
  85.0	3
  86.0	0
  87.0	4
  88.0	3
  89.0	0
  90.0	0
  91.0	1
  92.0	4
  93.0	5
  94.0	2
  95.0	3
  96.0	1
  97.0	3
  98.0	3
  99.0	4
 100.0	2.5
 101.0	0
 102.0	2
 103.0	3
 104.0	0
 105.0	2
 106.0	2
 107.0	4
 108.0	2
 109.0	8
 110.0	3
 111.0	2
 112.0	2
DB 2 MOTIF	NF2L1_HUMAN.H11MO.0.C
-114.5	4
-113.5	3
-112.5	5
-111.5	1
-110.5	5
-109.5	3
-108.5	3.5
-107.5	8
-106.5	7.25
-105.5	4
-104.5	5
-103.5	4.75
-102.5	7
-101.5	3
-100.5	6.75
 -99.5	5
 -98.5	5
 -97.5	5.25
 -96.5	7
 -95.5	4
 -94.5	0
 -93.5	0
 -92.5	9
 -91.5	5.5
 -90.5	5
 -89.5	8
 -88.5	4
 -87.5	2
 -86.5	3.33333
 -85.5	3
 -84.5	9
 -83.5	7
 -82.5	2
 -81.5	2
 -80.5	4
 -79.5	3
 -78.5	1
 -77.5	2.5
 -76.5	3
 -75.5	4
 -74.5	5
 -73.5	3.5
 -72.5	2
 -71.5	8
 -70.5	2
 -69.5	5.5
 -68.5	6.5
 -67.5	2
 -66.5	6
 -65.5	3
 -64.5	4.5
 -63.5	3
 -62.5	1.5
 -61.5	6
 -60.5	6
 -59.5	4
 -58.5	5
 -57.5	6.5
 -56.5	3
 -55.5	4
 -54.5	6
 -53.5	3
 -52.5	2
 -51.5	7
 -50.5	3
 -49.5	6
 -48.5	3.5
 -47.5	1
 -46.5	4.5
 -45.5	8
 -44.5	4.5
 -43.5	1
 -42.5	3
 -41.5	7.5
 -40.5	6
 -39.5	5
 -38.5	3
 -37.5	9.5
 -36.5	2
 -35.5	5
 -34.5	3
 -33.5	5
 -32.5	5
 -31.5	10
 -30.5	14
 -29.5	9
 -28.5	9.5
 -27.5	6
 -26.5	4.5
 -25.5	8
 -24.5	9.5
 -23.5	6
 -22.5	6.5
 -21.5	7.5
 -20.5	1
 -19.5	6.5
 -18.5	8
 -17.5	12
 -16.5	7.5
 -15.5	10
 -14.5	8.5
 -13.5	16
 -12.5	7.83333
 -11.5	8
 -10.5	7
  -9.5	8
  -8.5	16
  -7.5	12
  -6.5	8.5
  -5.5	9.5
  -4.5	9
  -3.5	10
  -2.5	12
  -1.5	7
  -0.5	10
   0.5	10
   1.5	6
   2.5	11.5
   3.5	11
   4.5	6.5
   5.5	8
   6.5	9.5
   7.5	14
   8.5	15.5
   9.5	8.5
  10.5	14.5
  11.5	11
  12.5	7
  13.5	15
  14.5	12.5
  15.5	11
  16.5	6.5
  17.5	9.5
  18.5	9
  19.5	7
  20.5	8.5
  21.5	4.5
  22.5	13
  23.5	4
  24.5	7.5
  25.5	7
  26.5	9
  27.5	9.5
  28.5	3
  29.5	11
  30.5	5.5
  31.5	6
  32.5	8
  33.5	3
  34.5	7
  35.5	5
  36.5	7
  37.5	8
  38.5	8
  39.5	5
  40.5	7
  41.5	8.5
  42.5	3
  43.5	0.5
  44.5	3
  45.5	5
  46.5	6
  47.5	6
  48.5	5
  49.5	2
  50.5	4
  51.5	4.5
  52.5	3.5
  53.5	5.5
  54.5	4.33333
  55.5	2
  56.5	8
  57.5	1
  58.5	5
  59.5	4
  60.5	3
  61.5	6.5
  62.5	6
  63.5	4
  64.5	5
  65.5	5.5
  66.5	1
  67.5	2.5
  68.5	4
  69.5	3.5
  70.5	1
  71.5	2
  72.5	5
  73.5	4
  74.5	2
  75.5	5
  76.5	5
  77.5	2
  78.5	4
  79.5	5
  80.5	0.5
  81.5	1
  82.5	6.5
  83.5	4
  84.5	1
  85.5	5
  86.5	3
  87.5	4
  88.5	0
  89.5	4
  90.5	2.5
  91.5	2
  92.5	3
  93.5	4
  94.5	2.5
  95.5	2
  96.5	4.75
  97.5	5
  98.5	3
  99.5	3.25
 100.5	7
 101.5	1
 102.5	1.5
 103.5	4
 104.5	2
 105.5	4
 106.5	4.25
 107.5	4
 108.5	7
 109.5	0.25
 110.5	3
 111.5	4
 112.5	9
 113.5	8
 114.5	4
DB 2 MOTIF	NFE2_HUMAN.H11MO.0.A
-111.5	1
-110.5	2
-109.5	6
-108.5	3
-107.5	1
-106.5	2
-105.5	2
-104.5	3
-103.5	1
-102.5	4
-101.5	4
-100.5	3
 -99.5	1
 -98.5	4
 -97.5	2
 -96.5	3
 -95.5	2
 -94.5	4
 -93.5	4
 -92.5	1
 -91.5	2
 -90.5	0
 -89.5	3
 -88.5	3
 -87.5	1
 -86.5	3
 -85.5	2
 -84.5	4
 -83.5	4
 -82.5	3
 -81.5	5
 -80.5	0
 -79.5	5
 -78.5	0
 -77.5	2
 -76.5	3
 -75.5	0
 -74.5	3
 -73.5	1
 -72.5	3
 -71.5	3
 -70.5	0
 -69.5	1
 -68.5	3
 -67.5	1
 -66.5	1
 -65.5	4
 -64.5	0
 -63.5	3
 -62.5	3
 -61.5	2
 -60.5	0
 -59.5	2
 -58.5	2
 -57.5	2
 -56.5	1
 -55.5	2
 -54.5	2
 -53.5	4
 -52.5	2
 -51.5	0
 -50.5	3
 -49.5	4
 -48.5	1
 -47.5	3
 -46.5	5
 -45.5	5
 -44.5	3
 -43.5	3
 -42.5	1
 -41.5	1
 -40.5	2
 -39.5	2
 -38.5	1
 -37.5	2
 -36.5	3
 -35.5	4
 -34.5	2
 -33.5	2
 -32.5	0
 -31.5	3
 -30.5	6
 -29.5	2
 -28.5	2
 -27.5	7
 -26.5	1
 -25.5	4
 -24.5	1
 -23.5	4
 -22.5	4
 -21.5	1
 -20.5	4
 -19.5	3
 -18.5	1
 -17.5	2
 -16.5	3
 -15.5	3
 -14.5	2
 -13.5	3
 -12.5	3
 -11.5	3
 -10.5	2
  -9.5	2
  -8.5	3
  -7.5	3
  -6.5	4
  -5.5	5
  -4.5	4
  -3.5	2
  -2.5	3
  -1.5	7
  -0.5	6
   0.5	2
   1.5	4
   2.5	4
   3.5	4
   4.5	4
   5.5	6
   6.5	4
   7.5	4
   8.5	3
   9.5	2
  10.5	2
  11.5	1
  12.5	6
  13.5	2
  14.5	3
  15.5	3
  16.5	3
  17.5	1
  18.5	4
  19.5	2
  20.5	1
  21.5	2
  22.5	5
  23.5	2
  24.5	6
  25.5	2
  26.5	2
  27.5	6
  28.5	0
  29.5	2
  30.5	4
  31.5	2
  32.5	1
  33.5	3
  34.5	4
  35.5	1
  36.5	3
  37.5	1
  38.5	1
  39.5	3
  40.5	2
  41.5	2
  42.5	1
  43.5	2
  44.5	1
  45.5	2
  46.5	4
  47.5	2
  48.5	4
  49.5	1
  50.5	1
  51.5	2
  52.5	4
  53.5	1
  54.5	3
  55.5	2
  56.5	0
  57.5	2
  58.5	1
  59.5	4
  60.5	0
  61.5	1
  62.5	0
  63.5	6
  64.5	1
  65.5	0
  66.5	3
  67.5	1
  68.5	0
  69.5	0
  70.5	2
  71.5	4
  72.5	2
  73.5	2
  74.5	4
  75.5	2
  76.5	3
  77.5	2
  78.5	1
  79.5	1
  80.5	2
  81.5	3
  82.5	0
  83.5	2
  84.5	4
  85.5	2
  86.5	2
  87.5	0
  88.5	5
  89.5	2
  90.5	1
  91.5	2
  92.5	0
  93.5	1
  94.5	0.25
  95.5	2
  96.5	2
  97.5	1
  98.5	4
  99.5	0
 100.5	2
 101.5	2.25
 102.5	3
 103.5	1
 104.5	2.25
 105.5	3
 106.5	3
 107.5	0
 108.5	1
 109.5	3
 110.5	2
 111.5	1.25
DB 2 MOTIF	NFIL3_HUMAN.H11MO.0.D
-112.5	6
-111.5	2
-110.5	2
-109.5	3
-108.5	2
-107.5	4
-106.5	3
-105.5	0.5
-104.5	1.5
-103.5	4
-102.5	0
-101.5	1
-100.5	3
 -99.5	3
 -98.5	2
 -97.5	1
 -96.5	3
 -95.5	2
 -94.5	0
 -93.5	1
 -92.5	1
 -91.5	4
 -90.5	1
 -89.5	1
 -88.5	0
 -87.5	4
 -86.5	0
 -85.5	1
 -84.5	1
 -83.5	3
 -82.5	3
 -81.5	4
 -80.5	2
 -79.5	1
 -78.5	2
 -77.5	2
 -76.5	0
 -75.5	0
 -74.5	0
 -73.5	3
 -72.5	3
 -71.5	3
 -70.5	1
 -69.5	2
 -68.5	4
 -67.5	0
 -66.5	3
 -65.5	5
 -64.5	2
 -63.5	3
 -62.5	1
 -61.5	6
 -60.5	0
 -59.5	2
 -58.5	1
 -57.5	2
 -56.5	1
 -55.5	1.5
 -54.5	0.5
 -53.5	3
 -52.5	3
 -51.5	1
 -50.5	2
 -49.5	2.5
 -48.5	2.33333
 -47.5	3
 -46.5	6
 -45.5	1
 -44.5	2.5
 -43.5	3
 -42.5	5
 -41.5	2
 -40.5	3
 -39.5	4
 -38.5	3
 -37.5	1
 -36.5	3.5
 -35.5	2
 -34.5	2
 -33.5	2
 -32.5	2
 -31.5	4
 -30.5	3
 -29.5	2
 -28.5	8
 -27.5	2.33333
 -26.5	2.5
 -25.5	3
 -24.5	4
 -23.5	6
 -22.5	3.5
 -21.5	1.5
 -20.5	5
 -19.5	3
 -18.5	4
 -17.5	2
 -16.5	4
 -15.5	3.33333
 -14.5	2
 -13.5	2
 -12.5	3
 -11.5	6.33333
 -10.5	8.33333
  -9.5	7.83333
  -8.5	13
  -7.5	3
  -6.5	7
  -5.5	2
  -4.5	4
  -3.5	6.5
  -2.5	11
  -1.5	13.5
  -0.5	6
   0.5	7.5
   1.5	6
   2.5	6
   3.5	5.5
   4.5	6.5
   5.5	8
   6.5	2.5
   7.5	8
   8.5	9.5
   9.5	1
  10.5	7
  11.5	8
  12.5	8
  13.5	9.5
  14.5	3.5
  15.5	4
  16.5	6
  17.5	3.33333
  18.5	2
  19.5	4
  20.5	4
  21.5	4
  22.5	5
  23.5	4
  24.5	11
  25.5	8.5
  26.5	5.5
  27.5	3.5
  28.5	3.5
  29.5	4
  30.5	5.5
  31.5	4
  32.5	2
  33.5	1
  34.5	2
  35.5	5
  36.5	3
  37.5	6
  38.5	1
  39.5	2
  40.5	3.5
  41.5	3
  42.5	1
  43.5	1
  44.5	0
  45.5	2
  46.5	3
  47.5	1
  48.5	2
  49.5	2
  50.5	3
  51.5	2
  52.5	2
  53.5	4
  54.5	2
  55.5	1
  56.5	1
  57.5	3
  58.5	1
  59.5	0
  60.5	3
  61.5	3
  62.5	0
  63.5	4
  64.5	0
  65.5	0
  66.5	4
  67.5	0
  68.5	0
  69.5	3
  70.5	2
  71.5	3
  72.5	2
  73.5	0
  74.5	0
  75.5	2
  76.5	4
  77.5	1.33333
  78.5	5.33333
  79.5	3
  80.5	2
  81.5	1
  82.5	1
  83.5	4
  84.5	3
  85.5	0
  86.5	3
  87.5	0
  88.5	2
  89.5	4
  90.5	1
  91.5	1
  92.5	4
  93.5	0
  94.5	1
  95.5	1
  96.5	1
  97.5	2
  98.5	2
  99.5	2
 100.5	2
 101.5	2
 102.5	2
 103.5	2
 104.5	1
 105.5	1
 106.5	3
 107.5	1
 108.5	3
 109.5	2
 110.5	3
 111.5	1
 112.5	2
DB 2 MOTIF	NRL_HUMAN.H11MO.0.D
-112.5	2
-111.5	2
-110.5	2
-109.5	4
-108.5	6
-107.5	4
-106.5	2
-105.5	5
-104.5	4
-103.5	2
-102.5	3
-101.5	3
-100.5	3
 -99.5	7
 -98.5	0
 -97.5	5
 -96.5	4
 -95.5	6.25
 -94.5	5
 -93.5	3
 -92.5	4
 -91.5	3
 -90.5	2
 -89.5	5
 -88.5	3
 -87.5	5
 -86.5	5
 -85.5	7
 -84.5	2
 -83.5	5
 -82.5	2
 -81.5	4
 -80.5	2
 -79.5	2
 -78.5	5
 -77.5	4
 -76.5	7
 -75.5	0
 -74.5	4
 -73.5	4
 -72.5	2
 -71.5	5
 -70.5	4
 -69.5	4
 -68.5	7
 -67.5	3
 -66.5	4
 -65.5	2
 -64.5	5
 -63.5	3
 -62.5	2
 -61.5	2
 -60.5	4
 -59.5	6
 -58.5	6
 -57.5	4
 -56.5	5
 -55.5	4
 -54.5	1
 -53.5	6.5
 -52.5	3
 -51.5	2
 -50.5	2
 -49.5	11
 -48.5	5
 -47.5	4
 -46.5	3
 -45.5	4
 -44.5	6
 -43.5	2
 -42.5	5
 -41.5	4
 -40.5	5
 -39.5	6
 -38.5	5
 -37.5	3
 -36.5	2
 -35.5	9
 -34.5	8.5
 -33.5	3
 -32.5	7
 -31.5	5
 -30.5	3
 -29.5	7
 -28.5	6
 -27.5	3.25
 -26.5	8
 -25.5	2
 -24.5	5.5
 -23.5	6
 -22.5	3
 -21.5	9
 -20.5	9
 -19.5	2
 -18.5	2
 -17.5	6
 -16.5	4
 -15.5	7
 -14.5	3
 -13.5	2
 -12.5	11
 -11.5	4
 -10.5	8
  -9.5	11
  -8.5	6
  -7.5	9
  -6.5	11
  -5.5	7
  -4.5	8
  -3.5	6
  -2.5	8
  -1.5	9
  -0.5	14
   0.5	9
   1.5	2
   2.5	6.5
   3.5	6
   4.5	7
   5.5	5.5
   6.5	8
   7.5	4
   8.5	5
   9.5	4
  10.5	9
  11.5	9
  12.5	7
  13.5	7
  14.5	10
  15.5	8.5
  16.5	4
  17.5	5
  18.5	6
  19.5	2
  20.5	3
  21.5	6
  22.5	5
  23.5	13
  24.5	5
  25.5	9
  26.5	5
  27.5	3
  28.5	10
  29.5	5
  30.5	5.25
  31.5	4
  32.5	4
  33.5	7
  34.5	6
  35.5	6
  36.5	6
  37.5	4
  38.5	2
  39.5	5
  40.5	7
  41.5	3
  42.5	3.5
  43.5	6
  44.5	4
  45.5	4
  46.5	4
  47.5	8
  48.5	5
  49.5	3
  50.5	4
  51.5	5
  52.5	6
  53.5	5
  54.5	6
  55.5	4
  56.5	1
  57.5	4
  58.5	4
  59.5	3
  60.5	7
  61.5	5
  62.5	5
  63.5	3
  64.5	1.25
  65.5	5
  66.5	3
  67.5	3
  68.5	3
  69.5	1
  70.5	3
  71.5	6
  72.5	12
  73.5	2
  74.5	2.5
  75.5	2
  76.5	2
  77.5	4
  78.5	1
  79.5	2
  80.5	6
  81.5	2
  82.5	6
  83.5	2
  84.5	7
  85.5	3
  86.5	3
  87.5	3.5
  88.5	4
  89.5	7
  90.5	3
  91.5	5
  92.5	3
  93.5	6
  94.5	3
  95.5	1
  96.5	6
  97.5	6.5
  98.5	3
  99.5	2
 100.5	5
 101.5	4
 102.5	1
 103.5	3
 104.5	7
 105.5	4
 106.5	1
 107.5	7
 108.5	4
 109.5	3
 110.5	3
 111.5	1
 112.5	6
DB 2 MOTIF	PAX1_HUMAN.H11MO.0.D
-109.5	0
-108.5	0
-107.5	0
-106.5	0
-105.5	0
-104.5	0
-103.5	1
-102.5	0
-101.5	0
-100.5	0
 -99.5	1
 -98.5	0
 -97.5	2
 -96.5	0
 -95.5	0
 -94.5	1
 -93.5	0
 -92.5	0
 -91.5	1
 -90.5	1
 -89.5	1
 -88.5	0
 -87.5	0
 -86.5	0
 -85.5	0
 -84.5	0
 -83.5	1
 -82.5	1
 -81.5	1
 -80.5	0
 -79.5	0
 -78.5	1
 -77.5	0
 -76.5	1
 -75.5	1
 -74.5	0
 -73.5	0
 -72.5	1
 -71.5	0
 -70.5	2
 -69.5	1
 -68.5	0
 -67.5	0
 -66.5	0
 -65.5	0
 -64.5	0
 -63.5	1
 -62.5	0
 -61.5	0
 -60.5	0
 -59.5	0
 -58.5	0
 -57.5	1
 -56.5	0
 -55.5	0
 -54.5	0
 -53.5	1
 -52.5	1
 -51.5	1
 -50.5	1
 -49.5	2
 -48.5	1
 -47.5	0
 -46.5	0
 -45.5	0
 -44.5	1
 -43.5	2
 -42.5	1
 -41.5	0
 -40.5	0
 -39.5	1
 -38.5	0
 -37.5	0
 -36.5	0
 -35.5	1
 -34.5	1
 -33.5	0
 -32.5	1
 -31.5	0
 -30.5	1
 -29.5	2
 -28.5	3
 -27.5	0
 -26.5	0
 -25.5	2
 -24.5	0
 -23.5	0
 -22.5	2
 -21.5	0
 -20.5	1
 -19.5	0
 -18.5	0
 -17.5	2
 -16.5	0
 -15.5	2
 -14.5	2
 -13.5	1
 -12.5	0
 -11.5	2
 -10.5	1
  -9.5	2
  -8.5	3
  -7.5	0
  -6.5	1
  -5.5	1
  -4.5	0
  -3.5	1
  -2.5	0
  -1.5	1
  -0.5	1
   0.5	1
   1.5	0
   2.5	2
   3.5	0
   4.5	0
   5.5	1
   6.5	1
   7.5	0
   8.5	0
   9.5	1
  10.5	2
  11.5	2
  12.5	1
  13.5	1
  14.5	0
  15.5	0
  16.5	1
  17.5	0
  18.5	0
  19.5	2
  20.5	2
  21.5	2
  22.5	1
  23.5	2
  24.5	1
  25.5	1
  26.5	1
  27.5	1
  28.5	0
  29.5	0
  30.5	0
  31.5	0
  32.5	0
  33.5	1
  34.5	1
  35.5	1
  36.5	1
  37.5	0
  38.5	1
  39.5	0
  40.5	0
  41.5	0
  42.5	0
  43.5	0
  44.5	3
  45.5	1
  46.5	3
  47.5	0
  48.5	0
  49.5	0
  50.5	0
  51.5	0
  52.5	0
  53.5	1
  54.5	0
  55.5	1
  56.5	1
  57.5	0
  58.5	0
  59.5	0
  60.5	1
  61.5	0
  62.5	0
  63.5	0
  64.5	0
  65.5	0
  66.5	0
  67.5	2
  68.5	0
  69.5	1
  70.5	0
  71.5	0
  72.5	0
  73.5	1
  74.5	2
  75.5	0
  76.5	1
  77.5	1
  78.5	0
  79.5	0
  80.5	0
  81.5	1
  82.5	0
  83.5	0
  84.5	0
  85.5	1
  86.5	2
  87.5	0
  88.5	1
  89.5	1
  90.5	0
  91.5	0
  92.5	0
  93.5	0
  94.5	0
  95.5	0
  96.5	0
  97.5	0
  98.5	0
  99.5	0
 100.5	0
 101.5	0
 102.5	1
 103.5	1
 104.5	0
 105.5	0
 106.5	1
 107.5	0
 108.5	0
 109.5	0
DB 2 MOTIF	PAX2_HUMAN.H11MO.0.D
-109.0	4
-108.0	4
-107.0	2
-106.0	3
-105.0	3
-104.0	1.5
-103.0	3
-102.0	3
-101.0	2
-100.0	5.5
 -99.0	2
 -98.0	4
 -97.0	4
 -96.0	2
 -95.0	3
 -94.0	2
 -93.0	3
 -92.0	5
 -91.0	2
 -90.0	2
 -89.0	4
 -88.0	3
 -87.0	6
 -86.0	6
 -85.0	3
 -84.0	2
 -83.0	2
 -82.0	3
 -81.0	4
 -80.0	2
 -79.0	3
 -78.0	3
 -77.0	2
 -76.0	0
 -75.0	3
 -74.0	3
 -73.0	7
 -72.0	2
 -71.0	3
 -70.0	2
 -69.0	1
 -68.0	4
 -67.0	1
 -66.0	5
 -65.0	0
 -64.0	1
 -63.0	0
 -62.0	2
 -61.0	2
 -60.0	1
 -59.0	0.5
 -58.0	3
 -57.0	2
 -56.0	2
 -55.0	4
 -54.0	1
 -53.0	5
 -52.0	1
 -51.0	2
 -50.0	2
 -49.0	2
 -48.0	3
 -47.0	0
 -46.0	5
 -45.0	5
 -44.0	2
 -43.0	5
 -42.0	1
 -41.0	2
 -40.0	5
 -39.0	2
 -38.0	4
 -37.0	0
 -36.0	5
 -35.0	2
 -34.0	4
 -33.0	2
 -32.0	3
 -31.0	1
 -30.0	4
 -29.0	0
 -28.0	2
 -27.0	2
 -26.0	2
 -25.0	4
 -24.0	3
 -23.0	4
 -22.0	4
 -21.0	3
 -20.0	1
 -19.0	7
 -18.0	1
 -17.0	5
 -16.0	5
 -15.0	4
 -14.0	7
 -13.0	4
 -12.0	3
 -11.0	0
 -10.0	1
  -9.0	6
  -8.0	6
  -7.0	6
  -6.0	5
  -5.0	1
  -4.0	2
  -3.0	6
  -2.0	4
  -1.0	4
   0.0	5
   1.0	2
   2.0	5
   3.0	8
   4.0	4
   5.0	8
   6.0	0
   7.0	3
   8.0	5
   9.0	5
  10.0	3
  11.0	6
  12.0	2
  13.0	4
  14.0	3
  15.0	4
  16.0	6
  17.0	3
  18.0	4
  19.0	5
  20.0	5
  21.0	9
  22.0	1
  23.0	1
  24.0	4
  25.0	4
  26.0	4
  27.0	1
  28.0	3
  29.0	2
  30.0	5
  31.0	2
  32.0	4
  33.0	3
  34.0	5
  35.0	4
  36.0	5
  37.0	4
  38.0	5
  39.0	1
  40.0	0
  41.0	2
  42.0	5
  43.0	4
  44.0	4
  45.0	5
  46.0	4
  47.0	3
  48.0	7
  49.0	2
  50.0	3
  51.0	3
  52.0	1
  53.0	4
  54.0	1.5
  55.0	0
  56.0	5
  57.0	3
  58.0	6
  59.0	5
  60.0	5
  61.0	3
  62.0	1
  63.0	5
  64.0	3
  65.0	1
  66.0	0
  67.0	3
  68.0	4
  69.0	3
  70.0	2
  71.0	1
  72.0	3
  73.0	1
  74.0	2
  75.0	6
  76.0	5
  77.0	4
  78.0	3
  79.0	1
  80.0	5
  81.0	7
  82.0	4
  83.0	7
  84.0	3
  85.0	3
  86.0	3
  87.0	3
  88.0	1
  89.0	3
  90.0	2
  91.0	1
  92.0	3
  93.0	2
  94.0	2
  95.0	4
  96.0	7
  97.0	2
  98.0	3
  99.0	5
 100.0	3
 101.0	5
 102.0	3
 103.0	3.5
 104.0	3
 105.0	3
 106.0	1
 107.0	1.5
 108.0	1
 109.0	7
DB 2 MOTIF	REST_HUMAN.H11MO.0.A
-107.0	0
-106.0	1
-105.0	2
-104.0	0
-103.0	1
-102.0	0
-101.0	1
-100.0	1
 -99.0	1
 -98.0	0
 -97.0	0
 -96.0	1
 -95.0	0
 -94.0	1
 -93.0	0
 -92.0	1
 -91.0	0
 -90.0	0
 -89.0	0
 -88.0	1
 -87.0	0
 -86.0	0
 -85.0	1
 -84.0	1
 -83.0	1
 -82.0	0
 -81.0	0
 -80.0	0
 -79.0	1
 -78.0	0
 -77.0	2
 -76.0	1
 -75.0	2
 -74.0	1
 -73.0	0
 -72.0	0
 -71.0	1
 -70.0	0
 -69.0	1
 -68.0	1
 -67.0	0
 -66.0	0
 -65.0	4
 -64.0	0
 -63.0	0
 -62.0	1
 -61.0	0
 -60.0	0
 -59.0	2
 -58.0	0
 -57.0	0
 -56.0	0
 -55.0	0
 -54.0	1
 -53.0	0
 -52.0	0
 -51.0	0
 -50.0	0
 -49.0	0
 -48.0	0
 -47.0	0
 -46.0	1
 -45.0	0
 -44.0	0.5
 -43.0	0
 -42.0	1
 -41.0	1
 -40.0	0
 -39.0	1
 -38.0	1
 -37.0	0
 -36.0	1
 -35.0	0
 -34.0	1
 -33.0	1
 -32.0	2
 -31.0	1
 -30.0	1
 -29.0	1
 -28.0	0
 -27.0	0
 -26.0	4
 -25.0	2
 -24.0	0
 -23.0	0
 -22.0	2
 -21.0	1
 -20.0	1
 -19.0	1.5
 -18.0	0
 -17.0	2
 -16.0	3
 -15.0	1
 -14.0	0
 -13.0	0
 -12.0	3
 -11.0	1
 -10.0	1
  -9.0	4
  -8.0	3
  -7.0	1
  -6.0	1
  -5.0	1
  -4.0	1
  -3.0	2
  -2.0	0
  -1.0	1
   0.0	0
   1.0	1
   2.0	1
   3.0	1
   4.0	3
   5.0	1
   6.0	1
   7.0	1
   8.0	2
   9.0	0
  10.0	1
  11.0	2
  12.0	1
  13.0	1
  14.0	3
  15.0	2
  16.0	1
  17.0	0
  18.0	2
  19.0	0
  20.0	5
  21.0	2
  22.0	0
  23.0	1
  24.0	1
  25.0	0
  26.0	0
  27.0	0
  28.0	2
  29.0	3
  30.0	2
  31.0	1
  32.0	1
  33.0	0.5
  34.0	1
  35.0	0
  36.0	0
  37.0	1
  38.0	0
  39.0	0
  40.0	0.5
  41.0	1
  42.0	1
  43.0	0
  44.0	0
  45.0	0
  46.0	0
  47.0	0
  48.0	1
  49.0	2
  50.0	2
  51.0	2
  52.0	0
  53.0	0
  54.0	0
  55.0	0
  56.0	0
  57.0	0
  58.0	0
  59.0	0
  60.0	0
  61.0	2
  62.0	2
  63.0	0
  64.0	0
  65.0	1
  66.0	1
  67.0	0
  68.0	0
  69.0	0
  70.0	0
  71.0	1
  72.0	1
  73.0	2
  74.0	2
  75.0	0
  76.0	0
  77.0	1
  78.0	0
  79.0	2
  80.0	0
  81.0	1
  82.0	0
  83.0	1
  84.0	0
  85.0	0
  86.0	0
  87.0	2
  88.0	0
  89.0	0
  90.0	0
  91.0	2
  92.0	1
  93.0	1
  94.0	1
  95.0	0
  96.0	0
  97.0	3
  98.0	1
  99.0	0
 100.0	0
 101.0	1
 102.0	0
 103.0	0
 104.0	0
 105.0	0
 106.0	1
 107.0	0
DB 2 MOTIF	SRBP1_HUMAN.H11MO.0.A
-112.5	11
-111.5	9
-110.5	2
-109.5	7
-108.5	5
-107.5	8
-106.5	4
-105.5	7
-104.5	5
-103.5	3
-102.5	2
-101.5	4
-100.5	9
 -99.5	2
 -98.5	7
 -97.5	4
 -96.5	4
 -95.5	3
 -94.5	6
 -93.5	8.25
 -92.5	7
 -91.5	3
 -90.5	3
 -89.5	3
 -88.5	6
 -87.5	5.5
 -86.5	1
 -85.5	7
 -84.5	1
 -83.5	9
 -82.5	1
 -81.5	1
 -80.5	4
 -79.5	9
 -78.5	4
 -77.5	6
 -76.5	3
 -75.5	6
 -74.5	3
 -73.5	8
 -72.5	6
 -71.5	3
 -70.5	4
 -69.5	7
 -68.5	6
 -67.5	2
 -66.5	4
 -65.5	2
 -64.5	4
 -63.5	8
 -62.5	3
 -61.5	1
 -60.5	4
 -59.5	4
 -58.5	6.5
 -57.5	3
 -56.5	4
 -55.5	0
 -54.5	9.5
 -53.5	5
 -52.5	4
 -51.5	3
 -50.5	7
 -49.5	2.5
 -48.5	4.5
 -47.5	6
 -46.5	2
 -45.5	6.5
 -44.5	5
 -43.5	7
 -42.5	7
 -41.5	7
 -40.5	7
 -39.5	3
 -38.5	5
 -37.5	2
 -36.5	2
 -35.5	3
 -34.5	5
 -33.5	2
 -32.5	8
 -31.5	6
 -30.5	5
 -29.5	5
 -28.5	7
 -27.5	8
 -26.5	3
 -25.5	8.25
 -24.5	2
 -23.5	6
 -22.5	7
 -21.5	6
 -20.5	6
 -19.5	4
 -18.5	3
 -17.5	8
 -16.5	11
 -15.5	4
 -14.5	7
 -13.5	3
 -12.5	5
 -11.5	5
 -10.5	8
  -9.5	9
  -8.5	9
  -7.5	7
  -6.5	7
  -5.5	4
  -4.5	7
  -3.5	5
  -2.5	5
  -1.5	8
  -0.5	7
   0.5	7
   1.5	3
   2.5	3
   3.5	9.5
   4.5	5.5
   5.5	5.5
   6.5	12
   7.5	4.5
   8.5	13.5
   9.5	1
  10.5	14
  11.5	7
  12.5	4
  13.5	9.5
  14.5	9
  15.5	8
  16.5	5
  17.5	9
  18.5	2
  19.5	9.5
  20.5	3
  21.5	10
  22.5	5
  23.5	4
  24.5	9
  25.5	7.5
  26.5	4.5
  27.5	6.5
  28.5	3.5
  29.5	8
  30.5	7
  31.5	4
  32.5	5.25
  33.5	4
  34.5	9
  35.5	6
  36.5	10
  37.5	6
  38.5	8
  39.5	2
  40.5	1
  41.5	3
  42.5	6
  43.5	5
  44.5	4
  45.5	5
  46.5	4
  47.5	6
  48.5	4
  49.5	4.5
  50.5	5
  51.5	7
  52.5	6
  53.5	6
  54.5	2
  55.5	9
  56.5	3
  57.5	2
  58.5	5
  59.5	8
  60.5	4
  61.5	4
  62.5	6
  63.5	6
  64.5	4
  65.5	5
  66.5	1.25
  67.5	5
  68.5	7
  69.5	5
  70.5	5
  71.5	9
  72.5	5
  73.5	3
  74.5	6
  75.5	6
  76.5	4
  77.5	4
  78.5	3
  79.5	5
  80.5	5
  81.5	3
  82.5	3
  83.5	6
  84.5	4
  85.5	2
  86.5	6
  87.5	5
  88.5	4
  89.5	2
  90.5	2
  91.5	3
  92.5	4
  93.5	3
  94.5	5
  95.5	5
  96.5	2
  97.5	1
  98.5	7
  99.5	4
 100.5	6
 101.5	2
 102.5	1
 103.5	7
 104.5	10
 105.5	5
 106.5	4
 107.5	2
 108.5	4
 109.5	2
 110.5	1
 111.5	10
 112.5	3
DB 2 MOTIF	TEF_HUMAN.H11MO.0.D
-111.0	2
-110.0	3
-109.0	1
-108.0	1
-107.0	2
-106.0	2
-105.0	2
-104.0	3
-103.0	4
-102.0	2
-101.0	3
-100.0	1
 -99.0	3
 -98.0	4
 -97.0	1
 -96.0	4
 -95.0	2
 -94.0	2
 -93.0	2
 -92.0	1
 -91.0	2
 -90.0	2
 -89.0	2
 -88.0	2
 -87.0	1
 -86.0	0
 -85.0	0
 -84.0	2
 -83.0	4
 -82.0	3
 -81.0	4
 -80.0	1
 -79.0	2
 -78.0	1
 -77.0	4
 -76.0	1
 -75.0	2
 -74.0	0
 -73.0	4
 -72.0	3
 -71.0	2
 -70.0	2
 -69.0	1
 -68.0	2
 -67.0	3
 -66.0	1
 -65.0	3
 -64.0	1
 -63.0	3
 -62.0	1
 -61.0	1
 -60.0	1
 -59.0	0
 -58.0	5
 -57.0	3
 -56.0	1
 -55.0	5
 -54.0	5
 -53.0	0
 -52.0	3
 -51.0	6
 -50.0	3
 -49.0	5
 -48.0	2
 -47.0	4
 -46.0	2
 -45.0	1
 -44.0	4
 -43.0	3
 -42.0	2
 -41.0	0
 -40.0	1
 -39.0	1
 -38.0	4
 -37.0	4
 -36.0	1
 -35.0	3
 -34.0	3
 -33.0	0
 -32.0	3
 -31.0	1
 -30.0	5
 -29.0	0
 -28.0	5
 -27.0	3
 -26.0	2
 -25.0	4
 -24.0	1
 -23.0	5
 -22.0	4
 -21.0	2
 -20.0	6
 -19.0	1
 -18.0	3
 -17.0	5
 -16.0	3
 -15.0	6
 -14.0	3
 -13.0	2
 -12.0	4
 -11.0	10
 -10.0	5
  -9.0	5
  -8.0	4
  -7.0	4
  -6.0	8
  -5.0	8
  -4.0	8
  -3.0	10
  -2.0	12
  -1.0	7
   0.0	3
   1.0	5
   2.0	5
   3.0	7
   4.0	6
   5.0	5
   6.0	6
   7.0	6
   8.0	9
   9.0	3
  10.0	3
  11.0	8
  12.0	6
  13.0	7
  14.0	4
  15.0	1
  16.0	7
  17.0	1
  18.0	3
  19.0	4
  20.0	3
  21.0	2
  22.0	2
  23.0	3
  24.0	2
  25.0	6
  26.0	3
  27.0	4
  28.0	1
  29.0	1
  30.0	2
  31.0	4
  32.0	4
  33.0	0
  34.0	0
  35.0	0
  36.0	2
  37.0	3
  38.0	7
  39.0	6
  40.0	2
  41.0	3
  42.0	1
  43.0	2
  44.0	3
  45.0	1
  46.0	1
  47.0	3
  48.0	1
  49.0	2
  50.0	2
  51.0	1
  52.0	2
  53.0	5
  54.0	4
  55.0	1
  56.0	1
  57.0	2
  58.0	2
  59.0	1
  60.0	3
  61.0	3
  62.0	3
  63.0	4
  64.0	2
  65.0	3
  66.0	2
  67.0	4
  68.0	3
  69.0	3
  70.0	2
  71.0	2
  72.0	4
  73.0	2
  74.0	2
  75.0	1
  76.0	3
  77.0	1
  78.0	2
  79.0	1
  80.0	3
  81.0	4
  82.0	4
  83.0	3
  84.0	2
  85.0	3
  86.0	0
  87.0	3
  88.0	1
  89.0	2
  90.0	1
  91.0	5
  92.0	0
  93.0	2
  94.0	2
  95.0	4
  96.0	0
  97.0	2
  98.0	2
  99.0	3
 100.0	2
 101.0	3
 102.0	1
 103.0	3
 104.0	2
 105.0	2
 106.0	2
 107.0	1
 108.0	0
 109.0	3
 110.0	2
 111.0	2
DB 2 MOTIF	TFE3_HUMAN.H11MO.0.B
-113.0	1
-112.0	2
-111.0	1
-110.0	0
-109.0	1
-108.0	3
-107.0	2
-106.0	1
-105.0	7
-104.0	1
-103.0	2
-102.0	3
-101.0	0
-100.0	1
 -99.0	2
 -98.0	2
 -97.0	0
 -96.0	3
 -95.0	1
 -94.0	1
 -93.0	3
 -92.0	3
 -91.0	2
 -90.0	1
 -89.0	0
 -88.0	4
 -87.0	2
 -86.0	1
 -85.0	5
 -84.0	0
 -83.0	3
 -82.0	2
 -81.0	2
 -80.0	0
 -79.0	0
 -78.0	0
 -77.0	3
 -76.0	2
 -75.0	3
 -74.0	1
 -73.0	6
 -72.0	4
 -71.0	0
 -70.0	1
 -69.0	1
 -68.0	1
 -67.0	1
 -66.0	2
 -65.0	1
 -64.0	2
 -63.0	3
 -62.0	3
 -61.0	1
 -60.0	2
 -59.0	2
 -58.0	1
 -57.0	2
 -56.0	7
 -55.0	0
 -54.0	3
 -53.0	3
 -52.0	3
 -51.0	1
 -50.0	6
 -49.0	2
 -48.0	2
 -47.0	0
 -46.0	2
 -45.0	3
 -44.0	1
 -43.0	5
 -42.0	2
 -41.0	2.5
 -40.0	5
 -39.0	2
 -38.0	1
 -37.0	2
 -36.0	2
 -35.0	1
 -34.0	2
 -33.0	2
 -32.0	0
 -31.0	4
 -30.0	6
 -29.0	5
 -28.0	3
 -27.0	3
 -26.0	4
 -25.0	3
 -24.0	2
 -23.0	0
 -22.0	1
 -21.0	1
 -20.0	2
 -19.0	1
 -18.0	4
 -17.0	2
 -16.0	4
 -15.0	2
 -14.0	4
 -13.0	1
 -12.0	5
 -11.0	2
 -10.0	1
  -9.0	3
  -8.0	6
  -7.0	6
  -6.0	4
  -5.0	2
  -4.0	3
  -3.0	2.5
  -2.0	6
  -1.0	4
   0.0	4
   1.0	2
   2.0	5
   3.0	3
   4.0	3
   5.0	3
   6.0	1
   7.0	1
   8.0	5
   9.0	2
  10.0	5
  11.0	3
  12.0	1
  13.0	1
  14.0	3
  15.0	2
  16.0	1
  17.0	3
  18.0	4
  19.0	7
  20.0	3
  21.0	3
  22.0	3
  23.0	1
  24.0	5
  25.0	6
  26.0	1
  27.0	2
  28.0	3
  29.0	1
  30.0	3
  31.0	5
  32.0	4
  33.0	3
  34.0	2
  35.0	2
  36.0	4
  37.0	3
  38.0	4
  39.0	2
  40.0	1
  41.0	4
  42.0	2
  43.0	3
  44.0	3
  45.0	4
  46.0	6
  47.0	3
  48.0	3
  49.0	3
  50.0	2
  51.0	1
  52.0	1
  53.0	0
  54.0	1
  55.0	2
  56.0	3
  57.0	1
  58.0	0
  59.0	0
  60.0	2
  61.0	1
  62.0	1
  63.0	2
  64.0	2
  65.0	2
  66.0	4
  67.0	6
  68.0	3
  69.0	1
  70.0	2
  71.0	3
  72.0	2
  73.0	1
  74.0	1
  75.0	1
  76.0	6
  77.0	1
  78.0	3
  79.0	2
  80.0	3
  81.0	5
  82.0	0
  83.0	1
  84.0	1
  85.0	0
  86.0	1
  87.0	1
  88.0	1
  89.0	0
  90.0	0
  91.0	0
  92.0	3
  93.0	0
  94.0	0
  95.0	1
  96.0	1
  97.0	0
  98.0	3
  99.0	3
 100.0	0
 101.0	2
 102.0	0
 103.0	2
 104.0	3
 105.0	1
 106.0	2
 107.0	3
 108.0	4
 109.0	1
 110.0	1
 111.0	2
 112.0	4
 113.0	2
DB 2 MOTIF	TFEB_HUMAN.H11MO.0.C
-113.5	0
-112.5	0
-111.5	0
-110.5	1
-109.5	1
-108.5	0
-107.5	2
-106.5	0
-105.5	0
-104.5	1
-103.5	1
-102.5	0
-101.5	0
-100.5	1
 -99.5	0
 -98.5	0
 -97.5	0
 -96.5	1
 -95.5	0
 -94.5	0
 -93.5	0
 -92.5	2
 -91.5	2
 -90.5	1
 -89.5	0
 -88.5	0
 -87.5	0
 -86.5	0
 -85.5	0
 -84.5	2
 -83.5	0
 -82.5	3
 -81.5	0
 -80.5	0
 -79.5	0
 -78.5	0
 -77.5	0
 -76.5	0
 -75.5	3
 -74.5	1
 -73.5	0
 -72.5	0
 -71.5	0
 -70.5	0
 -69.5	1
 -68.5	0
 -67.5	1
 -66.5	0
 -65.5	0
 -64.5	0
 -63.5	0
 -62.5	2
 -61.5	0
 -60.5	0
 -59.5	0
 -58.5	0
 -57.5	0
 -56.5	0
 -55.5	0
 -54.5	0
 -53.5	1
 -52.5	2
 -51.5	0
 -50.5	0.25
 -49.5	0.5
 -48.5	0
 -47.5	0
 -46.5	1
 -45.5	0
 -44.5	1
 -43.5	0
 -42.5	1
 -41.5	0
 -40.5	0
 -39.5	0
 -38.5	1
 -37.5	1
 -36.5	0
 -35.5	1
 -34.5	0.25
 -33.5	0
 -32.5	0
 -31.5	0
 -30.5	2
 -29.5	1
 -28.5	1
 -27.5	0
 -26.5	0
 -25.5	1
 -24.5	0
 -23.5	0
 -22.5	1
 -21.5	1
 -20.5	1
 -19.5	1
 -18.5	0
 -17.5	0.75
 -16.5	0
 -15.5	3
 -14.5	3
 -13.5	1
 -12.5	1
 -11.5	1
 -10.5	0
  -9.5	0
  -8.5	0
  -7.5	3
  -6.5	1
  -5.5	0
  -4.5	1
  -3.5	2
  -2.5	1
  -1.5	0
  -0.5	1.25
   0.5	1
   1.5	1
   2.5	1
   3.5	0
   4.5	1
   5.5	1
   6.5	0
   7.5	0
   8.5	1
   9.5	0
  10.5	1
  11.5	0
  12.5	0
  13.5	0
  14.5	1
  15.5	1
  16.5	1
  17.5	0
  18.5	3
  19.5	2
  20.5	0
  21.5	1
  22.5	0
  23.5	0
  24.5	1
  25.5	1
  26.5	0
  27.5	1
  28.5	0
  29.5	1
  30.5	1
  31.5	1
  32.5	0
  33.5	1
  34.5	0
  35.5	0
  36.5	1
  37.5	1
  38.5	0
  39.5	0
  40.5	0
  41.5	0
  42.5	1
  43.5	0
  44.5	0
  45.5	0
  46.5	0
  47.5	0
  48.5	0
  49.5	0
  50.5	1
  51.5	0
  52.5	0
  53.5	1
  54.5	0
  55.5	0
  56.5	0
  57.5	0
  58.5	1
  59.5	0
  60.5	1
  61.5	0
  62.5	1
  63.5	0
  64.5	0
  65.5	0
  66.5	0
  67.5	1
  68.5	0
  69.5	1
  70.5	0
  71.5	0
  72.5	0
  73.5	0
  74.5	0
  75.5	0
  76.5	0
  77.5	0
  78.5	0
  79.5	0
  80.5	0
  81.5	0
  82.5	0
  83.5	0
  84.5	0
  85.5	1
  86.5	0
  87.5	1
  88.5	0
  89.5	0
  90.5	0
  91.5	0
  92.5	0
  93.5	0
  94.5	0
  95.5	0
  96.5	0
  97.5	0
  98.5	0
  99.5	0
 100.5	0
 101.5	0
 102.5	0
 103.5	1
 104.5	0
 105.5	0
 106.5	0
 107.5	1
 108.5	0
 109.5	0
 110.5	1
 111.5	0
 112.5	0
 113.5	0
DB 2 MOTIF	THA_HUMAN.H11MO.1.D
-113.0	2
-112.0	5
-111.0	5
-110.0	4
-109.0	7
-108.0	1
-107.0	3
-106.0	3
-105.0	6
-104.0	3
-103.0	2
-102.0	4
-101.0	5
-100.0	7
 -99.0	7
 -98.0	5
 -97.0	3
 -96.0	8
 -95.0	5
 -94.0	5.25
 -93.0	4
 -92.0	6
 -91.0	3
 -90.0	6.5
 -89.0	6
 -88.0	5
 -87.0	2
 -86.0	2
 -85.0	4
 -84.0	3
 -83.0	3
 -82.0	5
 -81.0	6
 -80.0	6
 -79.0	6
 -78.0	4
 -77.0	3
 -76.0	5
 -75.0	1
 -74.0	2
 -73.0	4
 -72.0	7
 -71.0	5
 -70.0	3
 -69.0	2
 -68.0	6
 -67.0	6
 -66.0	3
 -65.0	3
 -64.0	1
 -63.0	6
 -62.0	4
 -61.0	0
 -60.0	3
 -59.0	2
 -58.0	4
 -57.0	2
 -56.0	3
 -55.0	7
 -54.0	6
 -53.0	2
 -52.0	3
 -51.0	4
 -50.0	3
 -49.0	2
 -48.0	5
 -47.0	5
 -46.0	3
 -45.0	6
 -44.0	5
 -43.0	3
 -42.0	1
 -41.0	2
 -40.0	2
 -39.0	5
 -38.0	5
 -37.0	2
 -36.0	3
 -35.0	4.5
 -34.0	4.5
 -33.0	2
 -32.0	4
 -31.0	5
 -30.0	4
 -29.0	4
 -28.0	4.5
 -27.0	7
 -26.0	7.25
 -25.0	7
 -24.0	3
 -23.0	4
 -22.0	4
 -21.0	2.5
 -20.0	7
 -19.0	5
 -18.0	2
 -17.0	4
 -16.0	6
 -15.0	5
 -14.0	5
 -13.0	1
 -12.0	4
 -11.0	7
 -10.0	5.5
  -9.0	5
  -8.0	6
  -7.0	7
  -6.0	9
  -5.0	5
  -4.0	5.5
  -3.0	7
  -2.0	5
  -1.0	3
   0.0	5
   1.0	6
   2.0	5
   3.0	7
   4.0	6
   5.0	5
   6.0	8
   7.0	11
   8.0	11
   9.0	6
  10.0	6
  11.0	10
  12.0	6
  13.0	10
  14.0	6
  15.0	5
  16.0	4
  17.0	4
  18.0	7
  19.0	5
  20.0	2
  21.0	6
  22.0	6
  23.0	7
  24.0	4
  25.0	10
  26.0	4
  27.0	6
  28.0	4
  29.0	10
  30.0	2
  31.0	3
  32.0	4.25
  33.0	1
  34.0	5
  35.0	4
  36.0	3
  37.0	5
  38.0	7
  39.0	8
  40.0	2
  41.0	2
  42.0	2
  43.0	8
  44.0	5
  45.0	5
  46.0	5
  47.0	7
  48.0	4
  49.0	4
  50.0	3
  51.0	1
  52.0	4
  53.0	3
  54.0	5
  55.0	5
  56.0	1
  57.0	2
  58.0	3
  59.0	2
  60.0	1
  61.0	0
  62.0	2
  63.0	2
  64.0	5
  65.0	6
  66.0	8.25
  67.0	5
  68.0	3
  69.0	2
  70.0	2
  71.0	5
  72.0	8
  73.0	6
  74.0	2
  75.0	1
  76.0	3
  77.0	4
  78.0	5
  79.0	3
  80.0	4.5
  81.0	4
  82.0	8
  83.0	6
  84.0	2
  85.0	4
  86.0	1
  87.0	1
  88.0	1
  89.0	3
  90.0	4
  91.0	7
  92.0	7
  93.0	1
  94.0	3
  95.0	2
  96.0	1
  97.0	2
  98.0	5
  99.0	6
 100.0	3
 101.0	4
 102.0	7
 103.0	5
 104.0	0
 105.0	4
 106.0	3
 107.0	4
 108.0	5
 109.0	4
 110.0	6
 111.0	6
 112.0	4
 113.0	2
DB 2 MOTIF	THB_HUMAN.H11MO.1.D
-113.0	2
-112.0	3
-111.0	4
-110.0	4
-109.0	4
-108.0	3
-107.0	2
-106.0	2.5
-105.0	4
-104.0	3.5
-103.0	6
-102.0	2.5
-101.0	1
-100.0	4.5
 -99.0	5
 -98.0	4.25
 -97.0	6
 -96.0	3
 -95.0	3
 -94.0	3
 -93.0	3.25
 -92.0	3
 -91.0	3
 -90.0	2
 -89.0	2
 -88.0	0
 -87.0	3
 -86.0	4
 -85.0	2
 -84.0	5
 -83.0	1
 -82.0	2
 -81.0	2
 -80.0	5
 -79.0	4
 -78.0	1
 -77.0	3
 -76.0	3
 -75.0	3
 -74.0	3
 -73.0	2
 -72.0	0
 -71.0	4.25
 -70.0	4
 -69.0	3
 -68.0	2
 -67.0	5
 -66.0	4
 -65.0	1
 -64.0	6
 -63.0	3
 -62.0	5
 -61.0	6
 -60.0	1
 -59.0	4
 -58.0	1
 -57.0	3
 -56.0	5.5
 -55.0	4
 -54.0	3.5
 -53.0	2
 -52.0	5
 -51.0	1
 -50.0	6.5
 -49.0	4.75
 -48.0	5.5
 -47.0	6.5
 -46.0	2
 -45.0	0
 -44.0	5
 -43.0	3
 -42.0	2
 -41.0	2
 -40.0	5
 -39.0	2
 -38.0	3
 -37.0	6
 -36.0	4
 -35.0	1.5
 -34.0	2
 -33.0	3
 -32.0	6
 -31.0	5
 -30.0	4.25
 -29.0	8.5
 -28.0	5
 -27.0	8.58333
 -26.0	6.5
 -25.0	4
 -24.0	7.5
 -23.0	5.5
 -22.0	5
 -21.0	8.5
 -20.0	8
 -19.0	3
 -18.0	1
 -17.0	4.5
 -16.0	5
 -15.0	6
 -14.0	7
 -13.0	6.5
 -12.0	6
 -11.0	5.33333
 -10.0	12.5
  -9.0	14.3333
  -8.0	8.5
  -7.0	9
  -6.0	4
  -5.0	5
  -4.0	6.5
  -3.0	6.5
  -2.0	9.5
  -1.0	8.5
   0.0	9
   1.0	6
   2.0	5
   3.0	6.5
   4.0	10
   5.0	6.5
   6.0	7
   7.0	12.5
   8.0	5
   9.0	11.5
  10.0	8
  11.0	7
  12.0	12.5
  13.0	8.5
  14.0	12.5
  15.0	9.5
  16.0	4
  17.0	6
  18.0	8
  19.0	7
  20.0	3
  21.0	3
  22.0	10
  23.0	7
  24.0	10
  25.0	3.5
  26.0	6
  27.0	5
  28.0	8.25
  29.0	12.5
  30.0	10
  31.0	5
  32.0	1
  33.0	6
  34.0	2
  35.0	6
  36.0	2.5
  37.0	3.5
  38.0	6.5
  39.0	9
  40.0	3
  41.0	2
  42.0	1
  43.0	2
  44.0	5
  45.0	2
  46.0	2
  47.0	7
  48.0	7
  49.0	4
  50.0	1
  51.0	6
  52.0	4
  53.0	1
  54.0	1
  55.0	5
  56.0	6
  57.0	4
  58.0	1
  59.0	1
  60.0	5
  61.0	1
  62.0	3.25
  63.0	2
  64.0	1
  65.0	1
  66.0	2
  67.0	1
  68.0	3
  69.0	5
  70.0	3
  71.0	2
  72.0	4
  73.0	4
  74.0	4
  75.0	4
  76.0	3
  77.0	0.5
  78.0	4
  79.0	0.5
  80.0	4
  81.0	5.5
  82.0	3
  83.0	2
  84.0	5
  85.0	1
  86.0	5
  87.0	2
  88.0	5
  89.0	4
  90.0	1
  91.0	7
  92.0	1
  93.0	2
  94.0	4
  95.0	3
  96.0	1
  97.0	1
  98.0	4
  99.0	4
 100.0	3
 101.0	3
 102.0	2
 103.0	5
 104.0	1
 105.0	2
 106.0	8
 107.0	2
 108.0	2
 109.0	4
 110.0	3
 111.0	2
 112.0	5
 113.0	2
DB 2 MOTIF	TYY1_HUMAN.H11MO.0.A
-112.0	0
-111.0	1
-110.0	1
-109.0	0
-108.0	1
-107.0	0
-106.0	0
-105.0	0
-104.0	0
-103.0	0
-102.0	1
-101.0	1
-100.0	0
 -99.0	1
 -98.0	1
 -97.0	0
 -96.0	0
 -95.0	0
 -94.0	0
 -93.0	1
 -92.0	0
 -91.0	0
 -90.0	3
 -89.0	1
 -88.0	4
 -87.0	1
 -86.0	2
 -85.0	1
 -84.0	3
 -83.0	1
 -82.0	1
 -81.0	2
 -80.0	1
 -79.0	2
 -78.0	1
 -77.0	1
 -76.0	0
 -75.0	1
 -74.0	1
 -73.0	2
 -72.0	4
 -71.0	2
 -70.0	1
 -69.0	3
 -68.0	2
 -67.0	1
 -66.0	5
 -65.0	1
 -64.0	3
 -63.0	1
 -62.0	1
 -61.0	1
 -60.0	0
 -59.0	3
 -58.0	1
 -57.0	2
 -56.0	0
 -55.0	0
 -54.0	0
 -53.0	6
 -52.0	2
 -51.0	0
 -50.0	2
 -49.0	2
 -48.0	1
 -47.0	2
 -46.0	1
 -45.0	4
 -44.0	0
 -43.0	2
 -42.0	1
 -41.0	2
 -40.0	0
 -39.0	2
 -38.0	1
 -37.0	0
 -36.0	4
 -35.0	1
 -34.0	2
 -33.0	1
 -32.0	0
 -31.0	3
 -30.0	0
 -29.0	1
 -28.0	3
 -27.0	2
 -26.0	2
 -25.0	3
 -24.0	1
 -23.0	0
 -22.0	1
 -21.0	0
 -20.0	1
 -19.0	0
 -18.0	2
 -17.0	1
 -16.0	2
 -15.0	4
 -14.0	4
 -13.0	1
 -12.0	1
 -11.0	1
 -10.0	3
  -9.0	3
  -8.0	1
  -7.0	1
  -6.0	2
  -5.0	2
  -4.0	0
  -3.0	1
  -2.0	1
  -1.0	3
   0.0	1
   1.0	0
   2.0	3
   3.0	2
   4.0	3
   5.0	1
   6.0	0
   7.0	2
   8.0	2
   9.0	2
  10.0	2
  11.0	2
  12.0	1
  13.0	0
  14.0	1
  15.0	3
  16.0	1
  17.0	2
  18.0	0
  19.0	3
  20.0	1
  21.0	4
  22.0	2
  23.0	2
  24.0	1
  25.0	1
  26.0	0
  27.0	2
  28.0	3
  29.0	2
  30.0	2
  31.0	2
  32.0	4
  33.0	3
  34.0	4
  35.0	2
  36.0	4
  37.0	1
  38.0	2
  39.0	3
  40.0	0
  41.0	1
  42.0	0
  43.0	3
  44.0	2
  45.0	0
  46.0	1
  47.0	3
  48.0	4
  49.0	3
  50.0	0
  51.0	1
  52.0	1
  53.0	2
  54.0	1
  55.0	2
  56.0	2
  57.0	1
  58.0	1
  59.0	1
  60.0	0
  61.0	2
  62.0	1
  63.0	0
  64.0	0
  65.0	2
  66.0	2
  67.0	2
  68.0	1
  69.0	1
  70.0	0
  71.0	1
  72.0	0
  73.0	3
  74.0	2
  75.0	1
  76.0	1
  77.0	2
  78.0	1
  79.0	2
  80.0	2
  81.0	2
  82.0	1
  83.0	2
  84.0	0
  85.0	3
  86.0	1
  87.0	1
  88.0	3
  89.0	1
  90.0	3
  91.0	0
  92.0	4
  93.0	0
  94.0	2
  95.0	3
  96.0	3
  97.0	0
  98.0	2
  99.0	4
 100.0	2
 101.0	2
 102.0	4
 103.0	0
 104.0	0
 105.0	1
 106.0	0
 107.0	2
 108.0	0
 109.0	0
 110.0	1
 111.0	1
 112.0	4
DB 2 MOTIF	USF1_HUMAN.H11MO.0.A
-112.0	2
-111.0	0
-110.0	1
-109.0	0
-108.0	0
-107.0	0
-106.0	2
-105.0	0
-104.0	1
-103.0	0
-102.0	1
-101.0	1
-100.0	1
 -99.0	2
 -98.0	0
 -97.0	2
 -96.0	0
 -95.0	0
 -94.0	1
 -93.0	0
 -92.0	2
 -91.0	2
 -90.0	1
 -89.0	1
 -88.0	1
 -87.0	1
 -86.0	1
 -85.0	0
 -84.0	2
 -83.0	0
 -82.0	0
 -81.0	0
 -80.0	0
 -79.0	0
 -78.0	0
 -77.0	1
 -76.0	2
 -75.0	1
 -74.0	0
 -73.0	1
 -72.0	1
 -71.0	0
 -70.0	0
 -69.0	2
 -68.0	1
 -67.0	1
 -66.0	1
 -65.0	1
 -64.0	3
 -63.0	1
 -62.0	0
 -61.0	2
 -60.0	2
 -59.0	1
 -58.0	1
 -57.0	1
 -56.0	1
 -55.0	1
 -54.0	3
 -53.0	1
 -52.0	0
 -51.0	2
 -50.0	0
 -49.0	0
 -48.0	0
 -47.0	1
 -46.0	0
 -45.0	1
 -44.0	3
 -43.0	2
 -42.0	1
 -41.0	0
 -40.0	2
 -39.0	1
 -38.0	1
 -37.0	2
 -36.0	1
 -35.0	0
 -34.0	0
 -33.0	0.5
 -32.0	2
 -31.0	0
 -30.0	1
 -29.0	4
 -28.0	1
 -27.0	1
 -26.0	0
 -25.0	0
 -24.0	0
 -23.0	0
 -22.0	0
 -21.0	2
 -20.0	1
 -19.0	3
 -18.0	2
 -17.0	1
 -16.0	2.5
 -15.0	0
 -14.0	0
 -13.0	3
 -12.0	0
 -11.0	1
 -10.0	3
  -9.0	0
  -8.0	2
  -7.0	6
  -6.0	0
  -5.0	2
  -4.0	1
  -3.0	4
  -2.0	1
  -1.0	2
   0.0	2
   1.0	1
   2.0	0
   3.0	2
   4.0	0
   5.0	3
   6.0	1
   7.0	1
   8.0	2
   9.0	4
  10.0	0
  11.0	2
  12.0	1
  13.0	2
  14.0	2
  15.0	1
  16.0	0
  17.0	2
  18.0	3
  19.0	3
  20.0	2
  21.0	3
  22.0	2
  23.0	2
  24.0	3
  25.0	1
  26.0	1
  27.0	1
  28.0	1
  29.0	2
  30.0	2
  31.0	3
  32.0	2
  33.0	2
  34.0	1
  35.0	1
  36.0	3
  37.0	2
  38.0	0
  39.0	0
  40.0	1
  41.0	2
  42.0	1
  43.0	1
  44.0	2
  45.0	2
  46.0	1
  47.0	0
  48.0	4
  49.0	3
  50.0	1
  51.0	0
  52.0	1
  53.0	1
  54.0	1
  55.0	1
  56.0	0
  57.0	1
  58.0	0
  59.0	2
  60.0	1
  61.0	1
  62.0	0
  63.0	0
  64.0	1
  65.0	1
  66.0	3
  67.0	0
  68.0	0
  69.0	2
  70.0	0
  71.0	1
  72.0	1
  73.0	1
  74.0	0
  75.0	2
  76.0	0
  77.0	0
  78.0	1
  79.0	2
  80.0	1
  81.0	1
  82.0	2
  83.0	0
  84.0	0
  85.0	1
  86.0	0
  87.0	2
  88.0	0
  89.0	1
  90.0	0
  91.0	0
  92.0	0
  93.0	0
  94.0	0
  95.0	1
  96.0	1
  97.0	2
  98.0	0
  99.0	0
 100.0	0
 101.0	0
 102.0	0
 103.0	0
 104.0	0
 105.0	1
 106.0	0
 107.0	1
 108.0	0
 109.0	2
 110.0	1
 111.0	0
 112.0	2
DB 2 MOTIF	USF2_HUMAN.H11MO.0.A
-108.5	2
-107.5	2
-106.5	0
-105.5	1
-104.5	2
-103.5	1
-102.5	0
-101.5	3
-100.5	0
 -99.5	2
 -98.5	0
 -97.5	1
 -96.5	1
 -95.5	1
 -94.5	1
 -93.5	0
 -92.5	0
 -91.5	0
 -90.5	2
 -89.5	1
 -88.5	4
 -87.5	0
 -86.5	3
 -85.5	0
 -84.5	1
 -83.5	0
 -82.5	0
 -81.5	0
 -80.5	0
 -79.5	1
 -78.5	2
 -77.5	1
 -76.5	0
 -75.5	2
 -74.5	2
 -73.5	1
 -72.5	0
 -71.5	4
 -70.5	0
 -69.5	2
 -68.5	0
 -67.5	1
 -66.5	2
 -65.5	1
 -64.5	1
 -63.5	1
 -62.5	1
 -61.5	1
 -60.5	1
 -59.5	1
 -58.5	2
 -57.5	2
 -56.5	3
 -55.5	1
 -54.5	0
 -53.5	1
 -52.5	0
 -51.5	0
 -50.5	0
 -49.5	1
 -48.5	2
 -47.5	1
 -46.5	2
 -45.5	1
 -44.5	2
 -43.5	0
 -42.5	1
 -41.5	1
 -40.5	2
 -39.5	2
 -38.5	0
 -37.5	2
 -36.5	1
 -35.5	1
 -34.5	3
 -33.5	1
 -32.5	1
 -31.5	1
 -30.5	0.5
 -29.5	1
 -28.5	1
 -27.5	0
 -26.5	2
 -25.5	1
 -24.5	0
 -23.5	0
 -22.5	1
 -21.5	1
 -20.5	1
 -19.5	1
 -18.5	2
 -17.5	1
 -16.5	2
 -15.5	5
 -14.5	0
 -13.5	2.5
 -12.5	0
 -11.5	0
 -10.5	0
  -9.5	3.5
  -8.5	2
  -7.5	3
  -6.5	0
  -5.5	4
  -4.5	3.5
  -3.5	2
  -2.5	5
  -1.5	2
  -0.5	3
   0.5	2
   1.5	3
   2.5	2
   3.5	3
   4.5	1
   5.5	2
   6.5	2
   7.5	1
   8.5	2
   9.5	0
  10.5	3
  11.5	3
  12.5	1
  13.5	1
  14.5	2
  15.5	0
  16.5	4
  17.5	1
  18.5	1
  19.5	2
  20.5	4
  21.5	3
  22.5	2
  23.5	2
  24.5	1
  25.5	2
  26.5	1
  27.5	2
  28.5	2
  29.5	2
  30.5	1
  31.5	1
  32.5	2
  33.5	6
  34.5	1
  35.5	2
  36.5	1
  37.5	2
  38.5	1
  39.5	1
  40.5	0
  41.5	0
  42.5	2
  43.5	1
  44.5	1
  45.5	2
  46.5	4
  47.5	2
  48.5	0
  49.5	0
  50.5	2
  51.5	2
  52.5	1
  53.5	0
  54.5	1
  55.5	2
  56.5	3
  57.5	1
  58.5	0
  59.5	1
  60.5	0
  61.5	1
  62.5	0
  63.5	3
  64.5	0
  65.5	0
  66.5	1
  67.5	2
  68.5	1
  69.5	0
  70.5	1
  71.5	1
  72.5	2
  73.5	2
  74.5	0
  75.5	0
  76.5	0
  77.5	2
  78.5	0
  79.5	0
  80.5	1
  81.5	1
  82.5	0
  83.5	2
  84.5	1
  85.5	0
  86.5	0
  87.5	1
  88.5	0
  89.5	1
  90.5	0
  91.5	2
  92.5	1
  93.5	1
  94.5	3
  95.5	0
  96.5	1
  97.5	0
  98.5	1
  99.5	0
 100.5	1
 101.5	0
 102.5	0
 103.5	1
 104.5	0
 105.5	0
 106.5	1
 107.5	2
 108.5	0
DB 2 MOTIF	XBP1_HUMAN.H11MO.0.D
-112.5	1
-111.5	5
-110.5	3
-109.5	6
-108.5	3
-107.5	3
-106.5	3
-105.5	8
-104.5	5
-103.5	3
-102.5	3
-101.5	3
-100.5	4
 -99.5	7
 -98.5	3
 -97.5	5.5
 -96.5	3
 -95.5	2
 -94.5	2
 -93.5	2
 -92.5	4
 -91.5	0
 -90.5	5
 -89.5	6
 -88.5	2
 -87.5	4
 -86.5	6
 -85.5	6.33333
 -84.5	2
 -83.5	2.5
 -82.5	3
 -81.5	2
 -80.5	3
 -79.5	4
 -78.5	2
 -77.5	9.5
 -76.5	8
 -75.5	5
 -74.5	3
 -73.5	4
 -72.5	2
 -71.5	6
 -70.5	4
 -69.5	5
 -68.5	4
 -67.5	8
 -66.5	4
 -65.5	9
 -64.5	2
 -63.5	5
 -62.5	7
 -61.5	9
 -60.5	8
 -59.5	1
 -58.5	5
 -57.5	5
 -56.5	4.33333
 -55.5	4
 -54.5	2.5
 -53.5	5
 -52.5	2
 -51.5	6
 -50.5	3
 -49.5	4
 -48.5	5
 -47.5	5
 -46.5	7
 -45.5	4
 -44.5	8
 -43.5	6
 -42.5	5
 -41.5	5
 -40.5	6
 -39.5	15
 -38.5	6
 -37.5	3
 -36.5	7
 -35.5	5
 -34.5	3
 -33.5	9
 -32.5	8
 -31.5	8
 -30.5	6
 -29.5	6
 -28.5	9
 -27.5	9.33333
 -26.5	6
 -25.5	6
 -24.5	7
 -23.5	2
 -22.5	5
 -21.5	8
 -20.5	4
 -19.5	8
 -18.5	5
 -17.5	7
 -16.5	7
 -15.5	9
 -14.5	12
 -13.5	5
 -12.5	7
 -11.5	10
 -10.5	8.33333
  -9.5	9.33333
  -8.5	11
  -7.5	7
  -6.5	8
  -5.5	6
  -4.5	6
  -3.5	3.5
  -2.5	10
  -1.5	15
  -0.5	10.5
   0.5	7
   1.5	9
   2.5	9
   3.5	9
   4.5	11
   5.5	12
   6.5	13.5
   7.5	8.5
   8.5	7.5
   9.5	6.5
  10.5	12
  11.5	9
  12.5	14
  13.5	5
  14.5	5
  15.5	7
  16.5	7
  17.5	8
  18.5	8
  19.5	6
  20.5	10
  21.5	8
  22.5	10.3333
  23.5	7
  24.5	8
  25.5	7
  26.5	9
  27.5	6
  28.5	7
  29.5	11
  30.5	6
  31.5	6
  32.5	6
  33.5	7
  34.5	4
  35.5	8
  36.5	6
  37.5	7
  38.5	6
  39.5	6
  40.5	12
  41.5	8
  42.5	1
  43.5	2
  44.5	11
  45.5	9
  46.5	7
  47.5	8
  48.5	8
  49.5	2
  50.5	6
  51.5	6
  52.5	5
  53.5	2.5
  54.5	6.5
  55.5	12
  56.5	2
  57.5	7
  58.5	3
  59.5	6
  60.5	3
  61.5	4.5
  62.5	4
  63.5	4
  64.5	9
  65.5	1
  66.5	6
  67.5	9
  68.5	2
  69.5	5
  70.5	9
  71.5	5
  72.5	4
  73.5	4
  74.5	6
  75.5	1
  76.5	3
  77.5	7.5
  78.5	2.5
  79.5	6
  80.5	5
  81.5	2
  82.5	2
  83.5	1
  84.5	5
  85.5	2
  86.5	2
  87.5	3
  88.5	4
  89.5	6
  90.5	4
  91.5	8
  92.5	8
  93.5	3
  94.5	5
  95.5	6
  96.5	5
  97.5	5
  98.5	5
  99.5	3
 100.5	7
 101.5	5
 102.5	3
 103.5	4
 104.5	6
 105.5	5
 106.5	1
 107.5	3
 108.5	9.5
 109.5	4
 110.5	2
 111.5	4
 112.5	5
