DB 0 MOTIF	CCASYAGRKGGCRSY	MEME-1
-107.5	15
-106.5	20
-105.5	16.5
-104.5	15
-103.5	22.3333
-102.5	17
-101.5	21.8333
-100.5	17
 -99.5	14.25
 -98.5	13.25
 -97.5	15
 -96.5	13
 -95.5	15
 -94.5	11.5
 -93.5	23.5
 -92.5	16
 -91.5	17.5
 -90.5	16
 -89.5	16
 -88.5	15.5
 -87.5	23.2
 -86.5	22.5
 -85.5	13
 -84.5	12.2
 -83.5	11
 -82.5	14
 -81.5	28
 -80.5	20
 -79.5	18.5
 -78.5	18
 -77.5	25
 -76.5	13
 -75.5	14.2
 -74.5	16
 -73.5	20
 -72.5	12
 -71.5	9
 -70.5	17.25
 -69.5	11
 -68.5	18
 -67.5	29.3333
 -66.5	22
 -65.5	22
 -64.5	27
 -63.5	19.2
 -62.5	29
 -61.5	21
 -60.5	16
 -59.5	20
 -58.5	21
 -57.5	17
 -56.5	18.2
 -55.5	22
 -54.5	22
 -53.5	31
 -52.5	28
 -51.5	25.7
 -50.5	23.5
 -49.5	36
 -48.5	36.3333
 -47.5	32.5
 -46.5	41
 -45.5	22
 -44.5	26.0333
 -43.5	46
 -42.5	52
 -41.5	43.5
 -40.5	44.5
 -39.5	43.25
 -38.5	44
 -37.5	69.25
 -36.5	62.3333
 -35.5	76
 -34.5	50
 -33.5	77
 -32.5	80.3333
 -31.5	79.5
 -30.5	88
 -29.5	84.8333
 -28.5	89.5
 -27.5	95.2
 -26.5	125
 -25.5	136
 -24.5	163
 -23.5	153.5
 -22.5	169.5
 -21.5	173.5
 -20.5	230.5
 -19.5	177.2
 -18.5	227
 -17.5	268.25
 -16.5	301
 -15.5	343
 -14.5	394
 -13.5	429.5
 -12.5	496
 -11.5	489.5
 -10.5	528
  -9.5	614.5
  -8.5	628.333
  -7.5	703.5
  -6.5	752
  -5.5	825.333
  -4.5	831.033
  -3.5	853.5
  -2.5	906
  -1.5	849.5
  -0.5	918
   0.5	865
   1.5	869
   2.5	873
   3.5	926.5
   4.5	824.333
   5.5	773.5
   6.5	788.5
   7.5	646
   8.5	656
   9.5	592
  10.5	549
  11.5	559.5
  12.5	495
  13.5	417
  14.5	367
  15.5	326.333
  16.5	326.5
  17.5	286.2
  18.5	234
  19.5	212
  20.5	197.75
  21.5	185.5
  22.5	189
  23.5	145.25
  24.5	141
  25.5	135
  26.5	134
  27.5	107.333
  28.5	91
  29.5	95.8333
  30.5	89
  31.5	79
  32.5	83
  33.5	68
  34.5	79
  35.5	70.45
  36.5	69
  37.5	65
  38.5	56.5
  39.5	56
  40.5	47.5
  41.5	31
  42.5	24.5
  43.5	51.3333
  44.5	42
  45.5	36.5
  46.5	31.5
  47.5	35
  48.5	30
  49.5	21
  50.5	31
  51.5	25
  52.5	25.5
  53.5	21
  54.5	22.2
  55.5	23.5
  56.5	22
  57.5	23
  58.5	19.3333
  59.5	19
  60.5	16
  61.5	25
  62.5	19
  63.5	16.3333
  64.5	14
  65.5	13
  66.5	18
  67.5	18
  68.5	21
  69.5	20.5
  70.5	25
  71.5	26
  72.5	15
  73.5	13
  74.5	21
  75.5	17.2
  76.5	10
  77.5	20
  78.5	17
  79.5	18
  80.5	19
  81.5	13.75
  82.5	10
  83.5	6.33333
  84.5	13.25
  85.5	21
  86.5	16
  87.5	14.3333
  88.5	24.25
  89.5	14
  90.5	18
  91.5	19.2
  92.5	11
  93.5	23
  94.5	17
  95.5	18
  96.5	13
  97.5	21.3333
  98.5	19
  99.5	15
 100.5	21
 101.5	14.5
 102.5	20
 103.5	15
 104.5	13
 105.5	17
 106.5	15
 107.5	8
DB 1 MOTIF	1-CCASYAGRKGGCRSY	STREME-1
-107.5	10
-106.5	14
-105.5	11.5
-104.5	11
-103.5	19.3333
-102.5	10.5
-101.5	14.8333
-100.5	11
 -99.5	15.25
 -98.5	9.25
 -97.5	14
 -96.5	12
 -95.5	13.5
 -94.5	8.5
 -93.5	18.5
 -92.5	9
 -91.5	9.83333
 -90.5	13
 -89.5	16
 -88.5	13.5
 -87.5	11.2
 -86.5	15.5
 -85.5	14
 -84.5	10
 -83.5	7
 -82.5	20
 -81.5	18
 -80.5	9
 -79.5	14.5
 -78.5	14
 -77.5	24
 -76.5	12
 -75.5	11.2
 -74.5	16
 -73.5	17
 -72.5	10
 -71.5	10
 -70.5	17.25
 -69.5	12
 -68.5	13
 -67.5	23.3333
 -66.5	20
 -65.5	14.3333
 -64.5	22
 -63.5	15.7
 -62.5	22
 -61.5	18
 -60.5	12
 -59.5	21
 -58.5	20
 -57.5	15
 -56.5	12.2
 -55.5	18.5
 -54.5	19
 -53.5	26
 -52.5	21
 -51.5	19.2
 -50.5	14
 -49.5	25
 -48.5	30.3333
 -47.5	29.5
 -46.5	28
 -45.5	20
 -44.5	26.3333
 -43.5	43.5
 -42.5	46
 -41.5	36.5
 -40.5	39.5
 -39.5	45.0833
 -38.5	36
 -37.5	64.25
 -36.5	58
 -35.5	73
 -34.5	60
 -33.5	69
 -32.5	79.3333
 -31.5	79.5
 -30.5	79.5
 -29.5	81.8333
 -28.5	84.5
 -27.5	92.2
 -26.5	128
 -25.5	133.5
 -24.5	152
 -23.5	149.5
 -22.5	158
 -21.5	167.5
 -20.5	231.5
 -19.5	176.2
 -18.5	216
 -17.5	274.25
 -16.5	275
 -15.5	335
 -14.5	387
 -13.5	420.5
 -12.5	479
 -11.5	482.5
 -10.5	519
  -9.5	600
  -8.5	622.333
  -7.5	680
  -6.5	729.5
  -5.5	796.333
  -4.5	813.833
  -3.5	844
  -2.5	894
  -1.5	839.5
  -0.5	897
   0.5	842
   1.5	840
   2.5	851
   3.5	901
   4.5	822.333
   5.5	763.5
   6.5	747.5
   7.5	647.5
   8.5	645
   9.5	571
  10.5	551
  11.5	523
  12.5	475
  13.5	410
  14.5	350.5
  15.5	316.333
  16.5	320.5
  17.5	275.7
  18.5	228.5
  19.5	202
  20.5	190.25
  21.5	170.5
  22.5	174
  23.5	146.25
  24.5	131
  25.5	139
  26.5	127
  27.5	102.333
  28.5	80
  29.5	85.8333
  30.5	85
  31.5	77
  32.5	78.5
  33.5	62
  34.5	71
  35.5	65.25
  36.5	65.5
  37.5	59
  38.5	51.5
  39.5	43.5
  40.5	42.5
  41.5	31
  42.5	22.5
  43.5	44
  44.5	27
  45.5	34.5
  46.5	28
  47.5	30
  48.5	23
  49.5	16
  50.5	23
  51.5	18
  52.5	23.5
  53.5	17
  54.5	23.2
  55.5	17.5
  56.5	19
  57.5	20
  58.5	17.3333
  59.5	14
  60.5	11
  61.5	24
  62.5	12
  63.5	14.3333
  64.5	18
  65.5	13
  66.5	14
  67.5	13
  68.5	19
  69.5	17.5
  70.5	18
  71.5	13
  72.5	12
  73.5	11
  74.5	12
  75.5	12
  76.5	11
  77.5	17
  78.5	13
  79.5	14
  80.5	17
  81.5	12.75
  82.5	4
  83.5	8
  84.5	10.25
  85.5	20
  86.5	18
  87.5	14.3333
  88.5	22.25
  89.5	12
  90.5	11
  91.5	17.2
  92.5	8
  93.5	13.5
  94.5	11
  95.5	16
  96.5	13
  97.5	19.3333
  98.5	13
  99.5	14
 100.5	14
 101.5	10.5
 102.5	15
 103.5	12
 104.5	9
 105.5	12
 106.5	13
 107.5	8
DB 1 MOTIF	2-AGGGGGCGCTGT	STREME-2
-109.0	21
-108.0	16
-107.0	20.3333
-106.0	18.3333
-105.0	18
-104.0	20
-103.0	14.2
-102.0	9
-101.0	17
-100.0	18.5
 -99.0	13.5
 -98.0	14.5
 -97.0	13.5
 -96.0	18
 -95.0	17
 -94.0	15
 -93.0	23.3333
 -92.0	17.5
 -91.0	17.4167
 -90.0	15
 -89.0	22
 -88.0	14.25
 -87.0	12
 -86.0	18
 -85.0	25
 -84.0	22
 -83.0	20
 -82.0	24
 -81.0	18.7
 -80.0	18.5
 -79.0	18.1667
 -78.0	12
 -77.0	14
 -76.0	14
 -75.0	16
 -74.0	20
 -73.0	14
 -72.0	15
 -71.0	16
 -70.0	23
 -69.0	22.25
 -68.0	25.3333
 -67.0	15.1667
 -66.0	21.5
 -65.0	28
 -64.0	23.25
 -63.0	14
 -62.0	25
 -61.0	13
 -60.0	24
 -59.0	26
 -58.0	15
 -57.0	22
 -56.0	24
 -55.0	20.1667
 -54.0	13
 -53.0	21
 -52.0	25
 -51.0	20
 -50.0	19
 -49.0	19
 -48.0	24
 -47.0	29
 -46.0	28
 -45.0	29.5
 -44.0	32.3333
 -43.0	19
 -42.0	32.3333
 -41.0	34.95
 -40.0	25
 -39.0	29
 -38.0	39
 -37.0	38
 -36.0	36.3333
 -35.0	37.5
 -34.0	34
 -33.0	37.3333
 -32.0	33.5
 -31.0	32.1667
 -30.0	36.5
 -29.0	41
 -28.0	49
 -27.0	50.5
 -26.0	61.2
 -25.0	55
 -24.0	73.5
 -23.0	75.3333
 -22.0	86.5
 -21.0	115
 -20.0	96
 -19.0	127.667
 -18.0	146
 -17.0	188.5
 -16.0	200.5
 -15.0	176
 -14.0	172.25
 -13.0	186
 -12.0	176.5
 -11.0	183.5
 -10.0	215
  -9.0	250.333
  -8.0	249.25
  -7.0	278.5
  -6.0	276.2
  -5.0	275.5
  -4.0	302
  -3.0	266.5
  -2.0	264
  -1.0	274.2
   0.0	274
   1.0	243
   2.0	234.5
   3.0	278
   4.0	253
   5.0	276.5
   6.0	274.5
   7.0	263
   8.0	264
   9.0	255.333
  10.0	224.5
  11.0	210.5
  12.0	186.833
  13.0	197.7
  14.0	170
  15.0	190.5
  16.0	179
  17.0	149
  18.0	165
  19.0	138
  20.0	102
  21.0	113
  22.0	85
  23.0	63.5
  24.0	66
  25.0	60.5
  26.0	61.3333
  27.0	55
  28.0	69
  29.0	53
  30.0	53.5
  31.0	42
  32.0	33.8333
  33.0	40
  34.0	31
  35.0	38
  36.0	33
  37.0	29
  38.0	40
  39.0	29.2
  40.0	29
  41.0	35.5
  42.0	29
  43.0	24.5
  44.0	33.3333
  45.0	21
  46.0	23
  47.0	28
  48.0	21
  49.0	23
  50.0	15.25
  51.0	22.5
  52.0	16
  53.0	11
  54.0	25
  55.0	19
  56.0	17
  57.0	14
  58.0	16
  59.0	18
  60.0	19.3333
  61.0	17.5
  62.0	18
  63.0	23
  64.0	14
  65.0	20
  66.0	18.5
  67.0	22
  68.0	18
  69.0	14
  70.0	17
  71.0	17
  72.0	24
  73.0	20
  74.0	19.5
  75.0	15.5
  76.0	11
  77.0	8
  78.0	23.5
  79.0	15.2
  80.0	15
  81.0	17
  82.0	21.3333
  83.0	20
  84.0	20.8333
  85.0	14
  86.0	18
  87.0	9
  88.0	17
  89.0	13
  90.0	19
  91.0	13.2
  92.0	17
  93.0	21
  94.0	16.3333
  95.0	19.3333
  96.0	17
  97.0	13.5
  98.0	17
  99.0	10
 100.0	15
 101.0	18
 102.0	16
 103.0	28
 104.0	9
 105.0	13
 106.0	13.3333
 107.0	19
 108.0	12
 109.0	18
DB 1 MOTIF	7-CCACTAGGGG	STREME-7
-110.0	23.5
-109.0	20
-108.0	15.5
-107.0	22.5
-106.0	18
-105.0	24
-104.0	24
-103.0	16.3333
-102.0	28.25
-101.0	33.6667
-100.0	20.5
 -99.0	18
 -98.0	20.5
 -97.0	16
 -96.0	19.25
 -95.0	17
 -94.0	23.25
 -93.0	27
 -92.0	25
 -91.0	18
 -90.0	24
 -89.0	27.5
 -88.0	19
 -87.0	29
 -86.0	21.25
 -85.0	22
 -84.0	17.3333
 -83.0	35
 -82.0	26.75
 -81.0	26.5
 -80.0	24.5
 -79.0	31
 -78.0	29
 -77.0	26.5
 -76.0	26
 -75.0	15
 -74.0	19
 -73.0	28
 -72.0	31
 -71.0	32
 -70.0	24
 -69.0	26
 -68.0	24
 -67.0	23
 -66.0	25
 -65.0	30.3333
 -64.0	23
 -63.0	31
 -62.0	25
 -61.0	15.5
 -60.0	21
 -59.0	23.7
 -58.0	25
 -57.0	24
 -56.0	21
 -55.0	20.25
 -54.0	26
 -53.0	27
 -52.0	25
 -51.0	37
 -50.0	31
 -49.0	22.5
 -48.0	22.5
 -47.0	37
 -46.0	42
 -45.0	25.5
 -44.0	44
 -43.0	36
 -42.0	35.9167
 -41.0	35
 -40.0	42.5
 -39.0	41.25
 -38.0	33
 -37.0	41.5
 -36.0	49
 -35.0	60.25
 -34.0	58
 -33.0	41.3333
 -32.0	57.8333
 -31.0	57.5
 -30.0	64.5
 -29.0	70
 -28.0	76.5
 -27.0	90.0833
 -26.0	79.8333
 -25.0	108.5
 -24.0	101
 -23.0	119.833
 -22.0	120.7
 -21.0	96
 -20.0	89.5
 -19.0	102.833
 -18.0	133
 -17.0	125
 -16.0	140.5
 -15.0	176.5
 -14.0	183.75
 -13.0	248.833
 -12.0	286.5
 -11.0	319
 -10.0	352.5
  -9.0	351.5
  -8.0	373.5
  -7.0	419.5
  -6.0	383.667
  -5.0	436.5
  -4.0	413
  -3.0	504.667
  -2.0	471.833
  -1.0	549
   0.0	528.5
   1.0	576
   2.0	530.5
   3.0	447
   4.0	430
   5.0	445.833
   6.0	411.5
   7.0	379.333
   8.0	349.5
   9.0	369.5
  10.0	304
  11.0	324.5
  12.0	241
  13.0	251.5
  14.0	218.5
  15.0	165.7
  16.0	131
  17.0	107
  18.0	111.75
  19.0	115.5
  20.0	104
  21.0	114
  22.0	119.5
  23.0	122.5
  24.0	87.25
  25.0	102.5
  26.0	75.25
  27.0	70.1667
  28.0	70
  29.0	80
  30.0	66.3333
  31.0	45.5
  32.0	55.75
  33.0	64.5
  34.0	65
  35.0	57.5
  36.0	55
  37.0	35
  38.0	37.3333
  39.0	42.5
  40.0	48.5
  41.0	51
  42.0	37
  43.0	36
  44.0	39.5
  45.0	39.5
  46.0	30.5
  47.0	34
  48.0	36
  49.0	21.3333
  50.0	30.5
  51.0	28.5
  52.0	31.2
  53.0	24.5
  54.0	34
  55.0	24.5
  56.0	25.5
  57.0	32
  58.0	24
  59.0	29.5
  60.0	26
  61.0	27.3333
  62.0	20
  63.0	22
  64.0	33
  65.0	23.3333
  66.0	28.5
  67.0	19
  68.0	27
  69.0	30
  70.0	16
  71.0	27.5
  72.0	17.25
  73.0	26.8333
  74.0	29
  75.0	23
  76.0	23.5
  77.0	21.5
  78.0	29
  79.0	27.25
  80.0	28
  81.0	25
  82.0	38.75
  83.0	28
  84.0	22
  85.0	19
  86.0	17
  87.0	21.25
  88.0	20
  89.0	15.2
  90.0	26.25
  91.0	13
  92.0	26
  93.0	13.5
  94.0	17
  95.0	20.3333
  96.0	18
  97.0	22
  98.0	17
  99.0	23.3333
 100.0	19.3333
 101.0	20
 102.0	21.5
 103.0	19
 104.0	17.3333
 105.0	12
 106.0	18.5
 107.0	32.5
 108.0	26
 109.0	21
 110.0	10
DB 1 MOTIF	10-GTCTAGCGGTA	STREME-10
-109.5	3
-108.5	4
-107.5	3
-106.5	6
-105.5	0
-104.5	2
-103.5	2
-102.5	5
-101.5	3
-100.5	1
 -99.5	4
 -98.5	2
 -97.5	5
 -96.5	5
 -95.5	3
 -94.5	3
 -93.5	4
 -92.5	1
 -91.5	4
 -90.5	5
 -89.5	2.5
 -88.5	5
 -87.5	3
 -86.5	3
 -85.5	3
 -84.5	6
 -83.5	3
 -82.5	5
 -81.5	6
 -80.5	6.5
 -79.5	5.5
 -78.5	7
 -77.5	3
 -76.5	5.5
 -75.5	4
 -74.5	6.5
 -73.5	2
 -72.5	6
 -71.5	5
 -70.5	8
 -69.5	2
 -68.5	2
 -67.5	6
 -66.5	10
 -65.5	4
 -64.5	4
 -63.5	4.5
 -62.5	7
 -61.5	5
 -60.5	4
 -59.5	5
 -58.5	5.5
 -57.5	5
 -56.5	5
 -55.5	5
 -54.5	3
 -53.5	7.5
 -52.5	5
 -51.5	7
 -50.5	5.5
 -49.5	9
 -48.5	3
 -47.5	6
 -46.5	6
 -45.5	6
 -44.5	6
 -43.5	4
 -42.5	3
 -41.5	2
 -40.5	2
 -39.5	5
 -38.5	5
 -37.5	11
 -36.5	5.5
 -35.5	5
 -34.5	4
 -33.5	7
 -32.5	6
 -31.5	5
 -30.5	6
 -29.5	7
 -28.5	9
 -27.5	6.5
 -26.5	11.5
 -25.5	2
 -24.5	4
 -23.5	11.5
 -22.5	5
 -21.5	8.5
 -20.5	8.5
 -19.5	10.5
 -18.5	9
 -17.5	7.5
 -16.5	4
 -15.5	8
 -14.5	5
 -13.5	9
 -12.5	12
 -11.5	11
 -10.5	11
  -9.5	11
  -8.5	9.5
  -7.5	19
  -6.5	16.5
  -5.5	13.5
  -4.5	17
  -3.5	14.5
  -2.5	15
  -1.5	14
  -0.5	12.5
   0.5	25
   1.5	18
   2.5	11.5
   3.5	18
   4.5	27
   5.5	17
   6.5	14
   7.5	9
   8.5	15
   9.5	12.5
  10.5	14
  11.5	15
  12.5	10
  13.5	9
  14.5	7
  15.5	6
  16.5	4
  17.5	5
  18.5	13
  19.5	8
  20.5	8
  21.5	4.5
  22.5	11
  23.5	5
  24.5	8
  25.5	4
  26.5	9
  27.5	6.5
  28.5	7.5
  29.5	7
  30.5	6
  31.5	4
  32.5	5.5
  33.5	6.5
  34.5	1
  35.5	4.5
  36.5	7
  37.5	7.5
  38.5	5
  39.5	5
  40.5	3
  41.5	9
  42.5	8.5
  43.5	6
  44.5	3.5
  45.5	3.5
  46.5	7.5
  47.5	9
  48.5	6
  49.5	5.5
  50.5	3
  51.5	6
  52.5	9
  53.5	2
  54.5	9
  55.5	5
  56.5	3
  57.5	7
  58.5	2
  59.5	7
  60.5	7
  61.5	2
  62.5	4.5
  63.5	1
  64.5	4
  65.5	7
  66.5	6
  67.5	6.5
  68.5	6
  69.5	4
  70.5	7
  71.5	5
  72.5	7
  73.5	5
  74.5	3.5
  75.5	7
  76.5	6
  77.5	7
  78.5	6
  79.5	5.5
  80.5	2.5
  81.5	9.5
  82.5	6.5
  83.5	1
  84.5	8
  85.5	4
  86.5	2
  87.5	3.5
  88.5	6
  89.5	5
  90.5	5.5
  91.5	3
  92.5	2
  93.5	6
  94.5	3
  95.5	1.5
  96.5	2
  97.5	6
  98.5	3
  99.5	2
 100.5	3
 101.5	1
 102.5	3
 103.5	7
 104.5	2
 105.5	4
 106.5	2
 107.5	6
 108.5	1
 109.5	3
DB 1 MOTIF	11-CTCACTGCARCC	STREME-11
-109.0	24
-108.0	16
-107.0	29
-106.0	29
-105.0	17
-104.0	18
-103.0	20
-102.0	29
-101.0	22
-100.0	24
 -99.0	24
 -98.0	24
 -97.0	28
 -96.0	19
 -95.0	26
 -94.0	13.5
 -93.0	28
 -92.0	23
 -91.0	30.7
 -90.0	16
 -89.0	23
 -88.0	15
 -87.0	14
 -86.0	24
 -85.0	19
 -84.0	24
 -83.0	27
 -82.0	17
 -81.0	25
 -80.0	22
 -79.0	20
 -78.0	19
 -77.0	16
 -76.0	18
 -75.0	13
 -74.0	17
 -73.0	26
 -72.0	24
 -71.0	19
 -70.0	21
 -69.0	17
 -68.0	27
 -67.0	17
 -66.0	20
 -65.0	26.5
 -64.0	21
 -63.0	25
 -62.0	21
 -61.0	24
 -60.0	21
 -59.0	23
 -58.0	27
 -57.0	23
 -56.0	29
 -55.0	16
 -54.0	24.5
 -53.0	17
 -52.0	25
 -51.0	23.2
 -50.0	24
 -49.0	22
 -48.0	23
 -47.0	25
 -46.0	23
 -45.0	24
 -44.0	27
 -43.0	30
 -42.0	36.3333
 -41.0	21
 -40.0	20.5
 -39.0	32
 -38.0	34
 -37.0	26
 -36.0	31
 -35.0	25
 -34.0	30
 -33.0	38
 -32.0	32
 -31.0	40
 -30.0	41
 -29.0	37
 -28.0	35
 -27.0	41
 -26.0	32
 -25.0	35
 -24.0	35
 -23.0	37
 -22.0	42
 -21.0	31
 -20.0	45
 -19.0	46.5
 -18.0	59
 -17.0	46
 -16.0	41
 -15.0	54
 -14.0	48
 -13.0	52
 -12.0	61
 -11.0	40.7
 -10.0	50
  -9.0	54
  -8.0	51
  -7.0	40
  -6.0	46
  -5.0	53
  -4.0	42
  -3.0	42
  -2.0	46.5
  -1.0	36
   0.0	49
   1.0	51
   2.0	57
   3.0	39
   4.0	55
   5.0	45
   6.0	52
   7.0	48
   8.0	52
   9.0	53
  10.0	45
  11.0	37
  12.0	41
  13.0	45.5
  14.0	49
  15.0	50
  16.0	49.5
  17.0	48.5
  18.0	37
  19.0	46.5
  20.0	46
  21.0	35
  22.0	35
  23.0	33
  24.0	34
  25.0	38.5
  26.0	27
  27.0	29
  28.0	43
  29.0	26.2
  30.0	28
  31.0	30
  32.0	31
  33.0	30.5
  34.0	31
  35.0	30
  36.0	27
  37.0	23
  38.0	31
  39.0	25
  40.0	30
  41.0	36
  42.0	26
  43.0	30
  44.0	25
  45.0	22
  46.0	35
  47.0	27
  48.0	26.3333
  49.0	25
  50.0	33
  51.0	21
  52.0	22
  53.0	16
  54.0	22
  55.0	33
  56.0	25
  57.0	20
  58.0	17
  59.0	23
  60.0	18.5
  61.0	18
  62.0	28
  63.0	23
  64.0	38.5
  65.0	19
  66.0	21
  67.0	21
  68.0	26
  69.0	32.2
  70.0	28
  71.0	21
  72.0	8
  73.0	21
  74.0	26
  75.0	20.5
  76.0	19
  77.0	18.5
  78.0	20
  79.0	23
  80.0	25
  81.0	23
  82.0	24.5
  83.0	19.5
  84.0	30
  85.0	20
  86.0	20
  87.0	19.5
  88.0	20
  89.0	25
  90.0	29.5
  91.0	17
  92.0	28
  93.0	20
  94.0	18.5
  95.0	24
  96.0	24.5
  97.0	23
  98.0	31
  99.0	15
 100.0	23
 101.0	24
 102.0	20.3333
 103.0	34.5
 104.0	20.5
 105.0	22
 106.0	18
 107.0	27
 108.0	22
 109.0	26
DB 1 MOTIF	14-TCCGGGCATAACAGA	STREME-14
-107.5	0
-106.5	2
-105.5	3
-104.5	1
-103.5	3
-102.5	0
-101.5	0
-100.5	2
 -99.5	0
 -98.5	1
 -97.5	1
 -96.5	1
 -95.5	2
 -94.5	1
 -93.5	0
 -92.5	1
 -91.5	0
 -90.5	0
 -89.5	1
 -88.5	0
 -87.5	2
 -86.5	1
 -85.5	1
 -84.5	1
 -83.5	1
 -82.5	1
 -81.5	1
 -80.5	0
 -79.5	0
 -78.5	1
 -77.5	1
 -76.5	0
 -75.5	3
 -74.5	0
 -73.5	0
 -72.5	4
 -71.5	0
 -70.5	2
 -69.5	0
 -68.5	0
 -67.5	0
 -66.5	0
 -65.5	1
 -64.5	1
 -63.5	0
 -62.5	0
 -61.5	0
 -60.5	1
 -59.5	0
 -58.5	1
 -57.5	1
 -56.5	0
 -55.5	2
 -54.5	2
 -53.5	1
 -52.5	1
 -51.5	3
 -50.5	2
 -49.5	1
 -48.5	0
 -47.5	1
 -46.5	2
 -45.5	0
 -44.5	2
 -43.5	3
 -42.5	2
 -41.5	0
 -40.5	1
 -39.5	3
 -38.5	0
 -37.5	2
 -36.5	2
 -35.5	2
 -34.5	3
 -33.5	1
 -32.5	2
 -31.5	1
 -30.5	2
 -29.5	5
 -28.5	4
 -27.5	1
 -26.5	4
 -25.5	0
 -24.5	4
 -23.5	3
 -22.5	4
 -21.5	1
 -20.5	1
 -19.5	1
 -18.5	3
 -17.5	2
 -16.5	3
 -15.5	4
 -14.5	5
 -13.5	4
 -12.5	3
 -11.5	2
 -10.5	2
  -9.5	3
  -8.5	5
  -7.5	4
  -6.5	4
  -5.5	1
  -4.5	0
  -3.5	1
  -2.5	0
  -1.5	0
  -0.5	2
   0.5	0
   1.5	3
   2.5	2
   3.5	1
   4.5	1
   5.5	1
   6.5	3
   7.5	1
   8.5	5
   9.5	4
  10.5	1
  11.5	1
  12.5	5
  13.5	3
  14.5	6
  15.5	2
  16.5	3
  17.5	1
  18.5	1
  19.5	2
  20.5	2
  21.5	1
  22.5	2
  23.5	1
  24.5	1
  25.5	4
  26.5	3
  27.5	4
  28.5	2
  29.5	4
  30.5	3
  31.5	0
  32.5	2
  33.5	2
  34.5	1
  35.5	2
  36.5	2
  37.5	1
  38.5	1
  39.5	3
  40.5	1
  41.5	3
  42.5	3
  43.5	0
  44.5	2
  45.5	0
  46.5	0
  47.5	0
  48.5	2
  49.5	1
  50.5	0
  51.5	1
  52.5	1
  53.5	2
  54.5	0
  55.5	0
  56.5	1
  57.5	0
  58.5	0
  59.5	1
  60.5	3
  61.5	1
  62.5	2
  63.5	0
  64.5	0
  65.5	2
  66.5	1
  67.5	0
  68.5	2
  69.5	3
  70.5	0
  71.5	6
  72.5	0
  73.5	3
  74.5	0
  75.5	1
  76.5	1
  77.5	0
  78.5	1
  79.5	0
  80.5	1
  81.5	1
  82.5	1
  83.5	2
  84.5	1
  85.5	0
  86.5	2
  87.5	0
  88.5	0
  89.5	0
  90.5	2
  91.5	0
  92.5	2
  93.5	0
  94.5	0
  95.5	1
  96.5	0
  97.5	0
  98.5	1
  99.5	1
 100.5	1
 101.5	0
 102.5	3
 103.5	0
 104.5	2
 105.5	2
 106.5	0
 107.5	1
DB 1 MOTIF	15-CAGCGTCTGGGAAGA	STREME-15
-107.5	2
-106.5	3
-105.5	6
-104.5	2
-103.5	1
-102.5	2
-101.5	3
-100.5	4
 -99.5	0
 -98.5	1
 -97.5	5
 -96.5	1
 -95.5	3
 -94.5	2
 -93.5	3.5
 -92.5	2
 -91.5	1
 -90.5	2
 -89.5	0
 -88.5	4
 -87.5	5
 -86.5	1
 -85.5	2
 -84.5	0
 -83.5	3
 -82.5	2
 -81.5	0
 -80.5	3
 -79.5	5
 -78.5	2
 -77.5	2
 -76.5	4
 -75.5	2
 -74.5	0
 -73.5	1
 -72.5	3
 -71.5	1
 -70.5	3
 -69.5	4
 -68.5	2
 -67.5	2
 -66.5	3
 -65.5	1
 -64.5	3
 -63.5	0
 -62.5	4
 -61.5	3
 -60.5	4
 -59.5	5
 -58.5	4
 -57.5	2
 -56.5	2
 -55.5	1
 -54.5	2
 -53.5	2
 -52.5	2
 -51.5	5
 -50.5	8
 -49.5	0
 -48.5	1
 -47.5	3
 -46.5	3
 -45.5	3
 -44.5	7
 -43.5	7
 -42.5	2
 -41.5	2
 -40.5	8.5
 -39.5	5
 -38.5	9
 -37.5	3
 -36.5	5
 -35.5	3
 -34.5	3
 -33.5	5
 -32.5	3
 -31.5	4
 -30.5	5
 -29.5	3
 -28.5	4
 -27.5	7
 -26.5	7
 -25.5	4
 -24.5	6
 -23.5	3
 -22.5	5
 -21.5	1
 -20.5	3
 -19.5	0
 -18.5	0
 -17.5	2
 -16.5	1
 -15.5	0
 -14.5	2
 -13.5	3
 -12.5	2
 -11.5	5
 -10.5	6
  -9.5	2
  -8.5	1
  -7.5	1
  -6.5	0
  -5.5	6
  -4.5	3
  -3.5	4
  -2.5	3
  -1.5	1
  -0.5	3
   0.5	3
   1.5	4
   2.5	2
   3.5	4
   4.5	1
   5.5	0
   6.5	2
   7.5	1
   8.5	2
   9.5	3
  10.5	4
  11.5	0
  12.5	2
  13.5	3
  14.5	1
  15.5	4
  16.5	3
  17.5	0
  18.5	3
  19.5	6
  20.5	3
  21.5	1
  22.5	3
  23.5	6
  24.5	8
  25.5	2
  26.5	6
  27.5	2
  28.5	7
  29.5	4
  30.5	6
  31.5	4
  32.5	1
  33.5	3
  34.5	8
  35.5	3
  36.5	3
  37.5	4
  38.5	7
  39.5	4
  40.5	5
  41.5	4
  42.5	3
  43.5	3
  44.5	3
  45.5	5.5
  46.5	5
  47.5	2
  48.5	1
  49.5	2
  50.5	1
  51.5	1
  52.5	2
  53.5	2
  54.5	4
  55.5	4
  56.5	3
  57.5	4
  58.5	0
  59.5	4
  60.5	4
  61.5	2
  62.5	6
  63.5	1
  64.5	2
  65.5	4
  66.5	2
  67.5	4
  68.5	2
  69.5	5
  70.5	3
  71.5	2
  72.5	4
  73.5	2
  74.5	1
  75.5	0
  76.5	2
  77.5	1
  78.5	3
  79.5	2
  80.5	0
  81.5	2
  82.5	2
  83.5	2
  84.5	4
  85.5	1
  86.5	1
  87.5	1
  88.5	2
  89.5	4
  90.5	5
  91.5	0
  92.5	5
  93.5	0
  94.5	2
  95.5	2
  96.5	0
  97.5	2
  98.5	2.5
  99.5	2
 100.5	2
 101.5	1
 102.5	0
 103.5	1
 104.5	1
 105.5	2
 106.5	1
 107.5	4
DB 1 MOTIF	16-GAGTGYGAGCC	STREME-16
-109.5	2
-108.5	1
-107.5	1
-106.5	5
-105.5	5
-104.5	1
-103.5	2
-102.5	0
-101.5	1
-100.5	1
 -99.5	2
 -98.5	1
 -97.5	3
 -96.5	3
 -95.5	1
 -94.5	3
 -93.5	0
 -92.5	3
 -91.5	2
 -90.5	1
 -89.5	1
 -88.5	1
 -87.5	0
 -86.5	1
 -85.5	1
 -84.5	1
 -83.5	1
 -82.5	0
 -81.5	3
 -80.5	1
 -79.5	2
 -78.5	1
 -77.5	0
 -76.5	1
 -75.5	3
 -74.5	3
 -73.5	1
 -72.5	1
 -71.5	2
 -70.5	2
 -69.5	3
 -68.5	0
 -67.5	4
 -66.5	2
 -65.5	1
 -64.5	1
 -63.5	3
 -62.5	3
 -61.5	2
 -60.5	1
 -59.5	2
 -58.5	4
 -57.5	4
 -56.5	2
 -55.5	2
 -54.5	2
 -53.5	3
 -52.5	0
 -51.5	1
 -50.5	6
 -49.5	0
 -48.5	2
 -47.5	2
 -46.5	4
 -45.5	2
 -44.5	6
 -43.5	4
 -42.5	4
 -41.5	3
 -40.5	7
 -39.5	2
 -38.5	9
 -37.5	2
 -36.5	2
 -35.5	3
 -34.5	3
 -33.5	2
 -32.5	2
 -31.5	3
 -30.5	4
 -29.5	4
 -28.5	5
 -27.5	3
 -26.5	3
 -25.5	3
 -24.5	0
 -23.5	0
 -22.5	5
 -21.5	6
 -20.5	4
 -19.5	1
 -18.5	4
 -17.5	1.5
 -16.5	3
 -15.5	3
 -14.5	3
 -13.5	3
 -12.5	6
 -11.5	2
 -10.5	2
  -9.5	2
  -8.5	2
  -7.5	1
  -6.5	2
  -5.5	3
  -4.5	0
  -3.5	0
  -2.5	1
  -1.5	3
  -0.5	3
   0.5	3
   1.5	0.5
   2.5	3
   3.5	1
   4.5	1
   5.5	2
   6.5	0
   7.5	2
   8.5	3
   9.5	2
  10.5	1
  11.5	0
  12.5	1
  13.5	4
  14.5	2
  15.5	2
  16.5	3
  17.5	4
  18.5	5
  19.5	5
  20.5	1
  21.5	0
  22.5	5
  23.5	5
  24.5	2
  25.5	3
  26.5	5
  27.5	5
  28.5	6
  29.5	1
  30.5	2
  31.5	3
  32.5	1
  33.5	2
  34.5	5
  35.5	1
  36.5	5
  37.5	2
  38.5	4
  39.5	5
  40.5	4
  41.5	5
  42.5	4
  43.5	2
  44.5	4
  45.5	0
  46.5	3
  47.5	1
  48.5	2
  49.5	6
  50.5	1
  51.5	0
  52.5	3
  53.5	3
  54.5	2
  55.5	3
  56.5	6
  57.5	0
  58.5	0
  59.5	2
  60.5	1
  61.5	1
  62.5	2
  63.5	1
  64.5	2
  65.5	4
  66.5	1
  67.5	1
  68.5	1
  69.5	4
  70.5	1
  71.5	2
  72.5	0
  73.5	0
  74.5	3
  75.5	3
  76.5	3
  77.5	1
  78.5	0
  79.5	2
  80.5	0
  81.5	4
  82.5	3
  83.5	2
  84.5	1
  85.5	4
  86.5	1
  87.5	1
  88.5	0
  89.5	0
  90.5	2
  91.5	4
  92.5	3
  93.5	2
  94.5	1
  95.5	1
  96.5	0
  97.5	1
  98.5	2
  99.5	1
 100.5	3
 101.5	3
 102.5	0
 103.5	1
 104.5	1
 105.5	0
 106.5	2
 107.5	3
 108.5	1
 109.5	1
DB 1 MOTIF	17-GCGCATGCGCA	STREME-17
-109.5	5
-108.5	8
-107.5	2.5
-106.5	11
-105.5	3
-104.5	5.5
-103.5	10.5
-102.5	10
-101.5	6
-100.5	5
 -99.5	6
 -98.5	8.5
 -97.5	4.5
 -96.5	7.5
 -95.5	8.5
 -94.5	16
 -93.5	8
 -92.5	4
 -91.5	10
 -90.5	11.5
 -89.5	7.5
 -88.5	5
 -87.5	8
 -86.5	3
 -85.5	4
 -84.5	8
 -83.5	5.5
 -82.5	7
 -81.5	8.5
 -80.5	9
 -79.5	6
 -78.5	9
 -77.5	3.5
 -76.5	5.5
 -75.5	6
 -74.5	7
 -73.5	6
 -72.5	7.5
 -71.5	7
 -70.5	7
 -69.5	5.5
 -68.5	4.5
 -67.5	13
 -66.5	11
 -65.5	7
 -64.5	5.5
 -63.5	10.5
 -62.5	11
 -61.5	8.5
 -60.5	6
 -59.5	10
 -58.5	8
 -57.5	7
 -56.5	9
 -55.5	5
 -54.5	8
 -53.5	9
 -52.5	11
 -51.5	5
 -50.5	11
 -49.5	10.5
 -48.5	11
 -47.5	12
 -46.5	7
 -45.5	11.5
 -44.5	9
 -43.5	9
 -42.5	9
 -41.5	14
 -40.5	5
 -39.5	12
 -38.5	9.5
 -37.5	5.5
 -36.5	5
 -35.5	7
 -34.5	12.5
 -33.5	7
 -32.5	10.5
 -31.5	11.5
 -30.5	10.5
 -29.5	11.5
 -28.5	7
 -27.5	11
 -26.5	10.5
 -25.5	14.5
 -24.5	10
 -23.5	7
 -22.5	11.5
 -21.5	11
 -20.5	6.5
 -19.5	12
 -18.5	12
 -17.5	5.5
 -16.5	13
 -15.5	11.5
 -14.5	8.5
 -13.5	12
 -12.5	8
 -11.5	12
 -10.5	11
  -9.5	9
  -8.5	6
  -7.5	6
  -6.5	6
  -5.5	10
  -4.5	2.5
  -3.5	9
  -2.5	9
  -1.5	8
  -0.5	2.5
   0.5	3
   1.5	10
   2.5	10
   3.5	7
   4.5	9
   5.5	4
   6.5	4
   7.5	8
   8.5	15
   9.5	5
  10.5	6
  11.5	14
  12.5	12.5
  13.5	10
  14.5	10.1667
  15.5	6.66667
  16.5	8.66667
  17.5	10.1667
  18.5	9.16667
  19.5	8.16667
  20.5	10
  21.5	11
  22.5	6
  23.5	16
  24.5	11
  25.5	14
  26.5	8
  27.5	7
  28.5	9
  29.5	3
  30.5	7
  31.5	9
  32.5	11
  33.5	3
  34.5	4
  35.5	3
  36.5	7.5
  37.5	6.5
  38.5	7
  39.5	8
  40.5	8
  41.5	3
  42.5	9
  43.5	4
  44.5	6.5
  45.5	1.5
  46.5	6
  47.5	11
  48.5	4
  49.5	7
  50.5	7
  51.5	5
  52.5	14
  53.5	7
  54.5	7
  55.5	4
  56.5	5
  57.5	8
  58.5	7
  59.5	9.5
  60.5	10
  61.5	4
  62.5	4
  63.5	8
  64.5	8.5
  65.5	10
  66.5	9
  67.5	12
  68.5	7
  69.5	13
  70.5	5
  71.5	9
  72.5	11
  73.5	5
  74.5	6
  75.5	6
  76.5	7
  77.5	14
  78.5	12
  79.5	10.5
  80.5	4.5
  81.5	10
  82.5	5
  83.5	4.5
  84.5	5
  85.5	6
  86.5	3
  87.5	11
  88.5	4
  89.5	10
  90.5	11
  91.5	6.5
  92.5	5.5
  93.5	12
  94.5	7
  95.5	7.5
  96.5	8.5
  97.5	7.5
  98.5	4
  99.5	8
 100.5	7.5
 101.5	5
 102.5	5
 103.5	5.5
 104.5	6
 105.5	10
 106.5	7
 107.5	6
 108.5	4
 109.5	10
DB 1 MOTIF	22-CGTTGCCAAGCRGAC	STREME-22
-107.5	1
-106.5	2
-105.5	2
-104.5	0
-103.5	2
-102.5	5
-101.5	2
-100.5	2
 -99.5	2
 -98.5	1
 -97.5	3
 -96.5	4
 -95.5	1
 -94.5	2
 -93.5	3
 -92.5	2
 -91.5	1
 -90.5	2
 -89.5	4
 -88.5	0
 -87.5	2
 -86.5	2
 -85.5	2
 -84.5	4
 -83.5	2
 -82.5	3
 -81.5	3
 -80.5	4
 -79.5	2
 -78.5	4
 -77.5	3
 -76.5	2
 -75.5	3
 -74.5	2
 -73.5	2
 -72.5	2
 -71.5	0
 -70.5	3
 -69.5	3
 -68.5	3
 -67.5	2
 -66.5	7
 -65.5	4
 -64.5	2
 -63.5	3
 -62.5	5
 -61.5	3
 -60.5	2
 -59.5	6
 -58.5	8
 -57.5	8
 -56.5	1
 -55.5	2
 -54.5	2
 -53.5	3
 -52.5	1
 -51.5	2
 -50.5	3
 -49.5	3
 -48.5	1
 -47.5	1
 -46.5	3
 -45.5	6
 -44.5	3
 -43.5	2
 -42.5	3
 -41.5	5
 -40.5	2
 -39.5	3
 -38.5	4
 -37.5	5
 -36.5	2
 -35.5	3
 -34.5	7
 -33.5	2
 -32.5	4
 -31.5	2
 -30.5	6
 -29.5	3
 -28.5	3
 -27.5	1
 -26.5	3
 -25.5	2
 -24.5	4
 -23.5	5
 -22.5	2
 -21.5	4
 -20.5	1
 -19.5	4
 -18.5	5
 -17.5	4
 -16.5	5
 -15.5	5
 -14.5	6
 -13.5	1
 -12.5	5
 -11.5	3
 -10.5	6
  -9.5	9
  -8.5	8
  -7.5	4
  -6.5	6
  -5.5	5
  -4.5	2
  -3.5	7
  -2.5	6
  -1.5	6
  -0.5	19
   0.5	9
   1.5	8
   2.5	6
   3.5	5
   4.5	7
   5.5	5
   6.5	2
   7.5	2
   8.5	5
   9.5	8
  10.5	11
  11.5	10
  12.5	4
  13.5	1
  14.5	8
  15.5	2
  16.5	2
  17.5	4
  18.5	2
  19.5	3
  20.5	3
  21.5	4
  22.5	2
  23.5	4
  24.5	3
  25.5	4
  26.5	5
  27.5	3
  28.5	2
  29.5	4
  30.5	2
  31.5	3
  32.5	8
  33.5	1
  34.5	4
  35.5	2
  36.5	6
  37.5	4
  38.5	4
  39.5	6
  40.5	5
  41.5	3
  42.5	5
  43.5	4
  44.5	6
  45.5	3
  46.5	1
  47.5	7
  48.5	4
  49.5	4
  50.5	2
  51.5	4
  52.5	3
  53.5	4
  54.5	2
  55.5	5
  56.5	5
  57.5	3
  58.5	3
  59.5	3
  60.5	1
  61.5	3
  62.5	3
  63.5	7
  64.5	6
  65.5	3
  66.5	0
  67.5	1
  68.5	2
  69.5	0
  70.5	0
  71.5	1
  72.5	1
  73.5	4
  74.5	1
  75.5	2
  76.5	2
  77.5	0
  78.5	1
  79.5	0
  80.5	4
  81.5	3
  82.5	2
  83.5	4
  84.5	0
  85.5	1
  86.5	4
  87.5	1
  88.5	3
  89.5	5
  90.5	2
  91.5	2
  92.5	1
  93.5	1
  94.5	4
  95.5	5
  96.5	4
  97.5	2
  98.5	3
  99.5	2
 100.5	4
 101.5	1
 102.5	5
 103.5	3
 104.5	2
 105.5	2
 106.5	3
 107.5	2
DB 1 MOTIF	23-AGAKGGCGCCAY	STREME-23
-109.0	14
-108.0	8.5
-107.0	12
-106.0	7
-105.0	12
-104.0	17
-103.0	15
-102.0	15
-101.0	10
-100.0	12
 -99.0	14.5
 -98.0	8
 -97.0	17.5
 -96.0	5
 -95.0	11
 -94.0	15
 -93.0	15
 -92.0	11.5
 -91.0	12
 -90.0	11
 -89.0	12
 -88.0	11
 -87.0	7
 -86.0	14
 -85.0	11
 -84.0	16
 -83.0	11
 -82.0	15
 -81.0	9
 -80.0	14
 -79.0	14
 -78.0	16
 -77.0	15
 -76.0	9
 -75.0	16
 -74.0	16
 -73.0	17
 -72.0	12
 -71.0	19.5
 -70.0	12
 -69.0	17
 -68.0	20
 -67.0	13
 -66.0	4.5
 -65.0	21
 -64.0	11
 -63.0	6.5
 -62.0	21
 -61.0	19
 -60.0	16
 -59.0	15
 -58.0	15.25
 -57.0	21.5
 -56.0	9
 -55.0	14.5
 -54.0	10
 -53.0	10
 -52.0	15
 -51.0	5
 -50.0	13
 -49.0	9
 -48.0	13
 -47.0	8.33333
 -46.0	18
 -45.0	20
 -44.0	14
 -43.0	15
 -42.0	14
 -41.0	23.5
 -40.0	22
 -39.0	13
 -38.0	25
 -37.0	19
 -36.0	23
 -35.0	24
 -34.0	25
 -33.0	22
 -32.0	23.5
 -31.0	26
 -30.0	26
 -29.0	34.25
 -28.0	24
 -27.0	41
 -26.0	32
 -25.0	35.5
 -24.0	48
 -23.0	36
 -22.0	49
 -21.0	61
 -20.0	56
 -19.0	78.5
 -18.0	79
 -17.0	94
 -16.0	99
 -15.0	88
 -14.0	103
 -13.0	102
 -12.0	104
 -11.0	123
 -10.0	136
  -9.0	144
  -8.0	125
  -7.0	157
  -6.0	161
  -5.0	150.5
  -4.0	144
  -3.0	147
  -2.0	157
  -1.0	157.5
   0.0	144.25
   1.0	163
   2.0	125
   3.0	171.5
   4.0	157
   5.0	172
   6.0	137.5
   7.0	158.5
   8.0	138
   9.0	145
  10.0	133
  11.0	123.5
  12.0	91
  13.0	95.8333
  14.0	92
  15.0	104.5
  16.0	101
  17.0	91.5
  18.0	81
  19.0	64.5
  20.0	60
  21.0	67
  22.0	47
  23.0	33
  24.0	34.5
  25.0	31
  26.0	33
  27.0	39
  28.0	38.5
  29.0	35
  30.0	42
  31.0	20
  32.0	24.5
  33.0	26.5
  34.0	23
  35.0	19
  36.0	26
  37.0	21
  38.0	20
  39.0	15.5
  40.0	13
  41.0	21
  42.0	18
  43.0	22
  44.0	16
  45.0	9
  46.0	13
  47.0	17
  48.0	19
  49.0	13
  50.0	16
  51.0	17.5
  52.0	10.5
  53.0	13
  54.0	19.5
  55.0	15
  56.0	13.25
  57.0	13
  58.0	16
  59.0	11
  60.0	14
  61.0	15.2
  62.0	8
  63.0	13
  64.0	13
  65.0	16
  66.0	12
  67.0	13
  68.0	17.5
  69.0	14
  70.0	8
  71.0	15
  72.0	10
  73.0	12
  74.0	15.3333
  75.0	9.2
  76.0	9
  77.0	14
  78.0	10
  79.0	14
  80.0	6
  81.0	10
  82.0	15
  83.0	6
  84.0	11
  85.0	17.2
  86.0	15
  87.0	13
  88.0	15
  89.0	17
  90.0	4
  91.0	18
  92.0	22
  93.0	20
  94.0	13
  95.0	10
  96.0	21
  97.0	8.2
  98.0	14
  99.0	9
 100.0	12
 101.0	10
 102.0	11
 103.0	14
 104.0	6
 105.0	10
 106.0	14
 107.0	7
 108.0	10
 109.0	14.2
DB 1 MOTIF	26-CACCGCCTCC	STREME-26
-110.0	36
-109.0	36
-108.0	34.5
-107.0	24.6429
-106.0	27.5
-105.0	30.5
-104.0	34.8095
-103.0	28
-102.0	24
-101.0	26.3095
-100.0	30.8333
 -99.0	25
 -98.0	26.3095
 -97.0	38.5
 -96.0	29.5
 -95.0	32.6429
 -94.0	30
 -93.0	41
 -92.0	39.1429
 -91.0	34.25
 -90.0	29.5
 -89.0	32.5
 -88.0	41.5
 -87.0	31
 -86.0	27.5
 -85.0	46.3333
 -84.0	26.5
 -83.0	41
 -82.0	23
 -81.0	18.2
 -80.0	25
 -79.0	34.5
 -78.0	31
 -77.0	28
 -76.0	39
 -75.0	29.5
 -74.0	39
 -73.0	24
 -72.0	41.5
 -71.0	35.8333
 -70.0	30.125
 -69.0	26
 -68.0	36
 -67.0	33.125
 -66.0	31.5
 -65.0	30
 -64.0	25.375
 -63.0	27.5
 -62.0	32
 -61.0	28.125
 -60.0	46.5
 -59.0	44.5
 -58.0	31.625
 -57.0	34
 -56.0	33
 -55.0	31.625
 -54.0	38.5
 -53.0	35
 -52.0	40.625
 -51.0	35.5
 -50.0	30
 -49.0	31.125
 -48.0	23
 -47.0	42
 -46.0	39
 -45.0	33.5
 -44.0	43
 -43.0	40
 -42.0	37
 -41.0	36.45
 -40.0	44.5
 -39.0	36.5
 -38.0	41.5
 -37.0	44.3333
 -36.0	40
 -35.0	37.5
 -34.0	35.8333
 -33.0	32.5
 -32.0	51
 -31.0	35.3333
 -30.0	41
 -29.0	35
 -28.0	40
 -27.0	38.5
 -26.0	34
 -25.0	44.3333
 -24.0	47
 -23.0	37
 -22.0	39.3333
 -21.0	56
 -20.0	47
 -19.0	49.8333
 -18.0	59
 -17.0	58.5
 -16.0	74.45
 -15.0	59.5
 -14.0	68.75
 -13.0	63.45
 -12.0	57.5
 -11.0	60
 -10.0	76.95
  -9.0	70
  -8.0	73
  -7.0	70.95
  -6.0	85
  -5.0	71
  -4.0	108.2
  -3.0	78
  -2.0	74.5
  -1.0	88.2
   0.0	87
   1.0	76
   2.0	70.5
   3.0	79
   4.0	69
   5.0	77
   6.0	79
   7.0	89
   8.0	79.5
   9.0	79
  10.0	79.5
  11.0	58.3333
  12.0	59
  13.0	56
  14.0	61
  15.0	73
  16.0	89.5
  17.0	62.5
  18.0	60.5
  19.0	42.5
  20.0	44.5
  21.0	50.5
  22.0	36
  23.0	38
  24.0	50.5
  25.0	42.5
  26.0	44
  27.0	31
  28.0	42
  29.0	35.5
  30.0	38.5
  31.0	34
  32.0	29
  33.0	42.5
  34.0	37.5
  35.0	33.8333
  36.0	35.5
  37.0	30.5
  38.0	46
  39.0	28.2
  40.0	34
  41.0	38
  42.0	34
  43.0	32.5
  44.0	32
  45.0	32
  46.0	31.4762
  47.0	37.5
  48.0	35.5714
  49.0	39.8333
  50.0	36
  51.0	27.5
  52.0	42.8333
  53.0	27
  54.0	28
  55.0	31.5
  56.0	40
  57.0	41
  58.0	24
  59.0	36.5833
  60.0	35
  61.0	30
  62.0	35.25
  63.0	31.5714
  64.0	31.5
  65.0	29.25
  66.0	30
  67.0	42
  68.0	32.25
  69.0	29
  70.0	37
  71.0	45.5
  72.0	39.5
  73.0	38.5
  74.0	34
  75.0	33.0714
  76.0	40
  77.0	30
  78.0	31.1964
  79.0	40.2
  80.0	22.5
  81.0	32.1964
  82.0	41
  83.0	38
  84.0	35.6964
  85.0	29
  86.0	34.3333
  87.0	32.6964
  88.0	41.3333
  89.0	37
  90.0	34.6964
  91.0	36
  92.0	34.5
  93.0	36.6964
  94.0	31
  95.0	36.5
  96.0	40.6964
  97.0	28.2
  98.0	34.5
  99.0	24.6964
 100.0	35.2
 101.0	27.75
 102.0	39.5714
 103.0	33.2
 104.0	32.25
 105.0	40.0714
 106.0	34.2
 107.0	21.75
 108.0	31.4048
 109.0	30.7
 110.0	32.25
DB 1 MOTIF	27-CAGCAGCAGCAGC	STREME-27
-108.5	52.5
-107.5	52.5
-106.5	37
-105.5	63
-104.5	34
-103.5	45.1667
-102.5	35.5
-101.5	24.6111
-100.5	40
 -99.5	34.25
 -98.5	35.3611
 -97.5	38.1667
 -96.5	45
 -95.5	43.1111
 -94.5	59
 -93.5	44
 -92.5	43.1111
 -91.5	41.1667
 -90.5	46.5
 -89.5	38.1111
 -88.5	30.5
 -87.5	40.7
 -86.5	50.6111
 -85.5	33
 -84.5	45.5
 -83.5	38.9444
 -82.5	48.5
 -81.5	47.5
 -80.5	37.1111
 -79.5	39.5
 -78.5	43.5
 -77.5	49.1111
 -76.5	44
 -75.5	48.2
 -74.5	39
 -73.5	40.1667
 -72.5	38
 -71.5	51.5
 -70.5	46.3333
 -69.5	35.5
 -68.5	46
 -67.5	59
 -66.5	50
 -65.5	45
 -64.5	40
 -63.5	44.2
 -62.5	42
 -61.5	54.3333
 -60.5	38
 -59.5	36.5333
 -58.5	33
 -57.5	44
 -56.5	53
 -55.5	40
 -54.5	54
 -53.5	36.2
 -52.5	47.5
 -51.5	37.7
 -50.5	54.2
 -49.5	46
 -48.5	46.5
 -47.5	34.7
 -46.5	40.5
 -45.5	67.5
 -44.5	53.45
 -43.5	45
 -42.5	51
 -41.5	39.7
 -40.5	45
 -39.5	51.75
 -38.5	60
 -37.5	59.25
 -36.5	58.5
 -35.5	60.5
 -34.5	60
 -33.5	60.8333
 -32.5	49.325
 -31.5	53
 -30.5	63
 -29.5	63.325
 -28.5	73.5
 -27.5	70.2
 -26.5	77.625
 -25.5	65.5
 -24.5	70
 -23.5	64.625
 -22.5	82.2
 -21.5	75.5
 -20.5	75.625
 -19.5	77
 -18.5	87
 -17.5	107.125
 -16.5	85
 -15.5	106
 -14.5	104.625
 -13.5	100.25
 -12.5	95.5
 -11.5	100.125
 -10.5	110.75
  -9.5	113.333
  -8.5	114.5
  -7.5	122.25
  -6.5	100
  -5.5	116
  -4.5	142.75
  -3.5	97.5
  -2.5	132.5
  -1.5	136
  -0.5	124.5
   0.5	117
   1.5	106
   2.5	128
   3.5	105.25
   4.5	127
   5.5	115
   6.5	94.5
   7.5	95
   8.5	120.5
   9.5	118.5
  10.5	109
  11.5	122
  12.5	111
  13.5	93
  14.5	86.2
  15.5	88.5
  16.5	97.3333
  17.5	75
  18.5	78
  19.5	88.3333
  20.5	87.75
  21.5	78
  22.5	74.3333
  23.5	79.45
  24.5	61
  25.5	70.5
  26.5	75.7
  27.5	61.5
  28.5	63.5
  29.5	55.2
  30.5	68
  31.5	66.7
  32.5	68.7
  33.5	66
  34.5	48.2
  35.5	68.2
  36.5	42
  37.5	51.2
  38.5	49.5
  39.5	55
  40.5	52.5
  41.5	44
  42.5	45
  43.5	46
  44.5	50
  45.5	47
  46.5	53
  47.5	42.5
  48.5	42.25
  49.5	46
  50.5	45
  51.5	52.7
  52.5	54
  53.5	38
  54.5	50.25
  55.5	46
  56.5	54
  57.5	46.25
  58.5	52
  59.5	53.5
  60.5	42
  61.5	39.5
  62.5	48
  63.5	42.25
  64.5	43.5
  65.5	44
  66.5	50.0833
  67.5	43.5
  68.5	49
  69.5	40.25
  70.5	58.5
  71.5	51
  72.5	35.25
  73.5	43
  74.5	46
  75.5	44.5
  76.5	44
  77.5	44.625
  78.5	51.5
  79.5	41
  80.5	45.125
  81.5	41.25
  82.5	42
  83.5	51.625
  84.5	40.25
  85.5	46
  86.5	44.125
  87.5	37.5
  88.5	43.7
  89.5	46.2917
  90.5	41
  91.5	39
  92.5	36.2917
  93.5	48
  94.5	37
  95.5	24.7917
  96.5	46.5
  97.5	46.5
  98.5	46.2917
  99.5	42.25
 100.5	36.3333
 101.5	52.6667
 102.5	41
 103.5	27.8333
 104.5	32.6667
 105.5	51.5
 106.5	51.3333
 107.5	47
 108.5	59
DB 1 MOTIF	28-CAGGGAC	STREME-28
-111.5	16.25
-110.5	20
-109.5	20
-108.5	28.25
-107.5	18
-106.5	23
-105.5	27.5
-104.5	19
-103.5	14
-102.5	27.5
-101.5	18.5
-100.5	19
 -99.5	18
 -98.5	13.5
 -97.5	13.5
 -96.5	20.5
 -95.5	14
 -94.5	17.5
 -93.5	20
 -92.5	13
 -91.5	19
 -90.5	26
 -89.5	21.5
 -88.5	17
 -87.5	14
 -86.5	27.5
 -85.5	19.5
 -84.5	12.5
 -83.5	22
 -82.5	12
 -81.5	18.5
 -80.5	18
 -79.5	29
 -78.5	21.5
 -77.5	23.5
 -76.5	19.5
 -75.5	20
 -74.5	19
 -73.5	25
 -72.5	21
 -71.5	25.8333
 -70.5	21.5
 -69.5	21.5
 -68.5	13
 -67.5	21.5
 -66.5	23.5
 -65.5	14
 -64.5	19
 -63.5	26.5
 -62.5	22.3333
 -61.5	26.3333
 -60.5	18.8333
 -59.5	19.5
 -58.5	12
 -57.5	27
 -56.5	20
 -55.5	12.5
 -54.5	19
 -53.5	22.5
 -52.5	20
 -51.5	22.8333
 -50.5	28.25
 -49.5	27
 -48.5	23.5
 -47.5	23.5
 -46.5	20.5
 -45.5	26
 -44.5	17.5
 -43.5	27
 -42.5	18
 -41.5	15.5
 -40.5	27.5
 -39.5	27.5
 -38.5	24.5
 -37.5	27.3333
 -36.5	32
 -35.5	22
 -34.5	22
 -33.5	19
 -32.5	22.5
 -31.5	23
 -30.5	22.5
 -29.5	26.3333
 -28.5	27
 -27.5	24.5
 -26.5	18
 -25.5	17
 -24.5	26
 -23.5	21
 -22.5	17
 -21.5	17
 -20.5	30.3333
 -19.5	23
 -18.5	23.5
 -17.5	20
 -16.5	20.5
 -15.5	20.5
 -14.5	12
 -13.5	19.5
 -12.5	19
 -11.5	21
 -10.5	29
  -9.5	27.5
  -8.5	14
  -7.5	27.5
  -6.5	18
  -5.5	13
  -4.5	21
  -3.5	21.5
  -2.5	16
  -1.5	25.5
  -0.5	24
   0.5	22
   1.5	14.5
   2.5	22
   3.5	15.5
   4.5	19.5
   5.5	25.5
   6.5	20
   7.5	36
   8.5	24.5
   9.5	25.5
  10.5	19
  11.5	20.5
  12.5	16.5
  13.5	22.5
  14.5	22
  15.5	19.3333
  16.5	22.3333
  17.5	20
  18.5	27
  19.5	34.5
  20.5	37
  21.5	29.5
  22.5	21
  23.5	26.5
  24.5	26
  25.5	31
  26.5	19
  27.5	21.5
  28.5	19
  29.5	21.5
  30.5	27
  31.5	36
  32.5	31.5
  33.5	21
  34.5	31.5
  35.5	23.5
  36.5	24
  37.5	23.5
  38.5	14.5
  39.5	27.5
  40.5	17.25
  41.5	26.5
  42.5	24
  43.5	21
  44.5	28.5
  45.5	22.5
  46.5	14.5
  47.5	22.5
  48.5	25.5
  49.5	29.5
  50.5	28
  51.5	26.75
  52.5	18
  53.5	21.8333
  54.5	14
  55.5	20.5
  56.5	22.5
  57.5	18
  58.5	15.5
  59.5	20.5
  60.5	17.5
  61.5	24
  62.5	31.8333
  63.5	25
  64.5	21
  65.5	24.8333
  66.5	22
  67.5	15.5
  68.5	20
  69.5	12
  70.5	28.5
  71.5	19.5
  72.5	24
  73.5	26.75
  74.5	23
  75.5	15.5
  76.5	24.8333
  77.5	10.5
  78.5	21
  79.5	21.5
  80.5	17
  81.5	17
  82.5	17.3333
  83.5	21
  84.5	20.5
  85.5	9.5
  86.5	23.5
  87.5	17.8333
  88.5	24.5
  89.5	17.5833
  90.5	17.75
  91.5	11
  92.5	17
  93.5	16.5
  94.5	20.5
  95.5	20
  96.5	27
  97.5	22
  98.5	16
  99.5	11
 100.5	21.3333
 101.5	19
 102.5	20
 103.5	17.5
 104.5	7.5
 105.5	27
 106.5	9
 107.5	25
 108.5	21.5
 109.5	14
 110.5	22.5
 111.5	16.5
DB 1 MOTIF	29-AACTGCA	STREME-29
-111.5	76.5
-110.5	57.5
-109.5	67.5
-108.5	77.1667
-107.5	51.5833
-106.5	70
-105.5	84.1667
-104.5	80.8333
-103.5	78.0833
-102.5	88.3333
-101.5	74.0833
-100.5	68.0333
 -99.5	75.5833
 -98.5	65.1667
 -97.5	66
 -96.5	69.4167
 -95.5	74.1667
 -94.5	83.8333
 -93.5	73.3333
 -92.5	82.3333
 -91.5	71
 -90.5	73.8333
 -89.5	92.5833
 -88.5	75.95
 -87.5	77.1667
 -86.5	85.9167
 -85.5	66.7
 -84.5	78.1667
 -83.5	75.6667
 -82.5	72.9167
 -81.5	81.3333
 -80.5	85
 -79.5	78.2833
 -78.5	81.3667
 -77.5	67.1667
 -76.5	70
 -75.5	72.4167
 -74.5	86.9167
 -73.5	77.3333
 -72.5	59.45
 -71.5	55
 -70.5	75.25
 -69.5	75.5833
 -68.5	82.1667
 -67.5	81.95
 -66.5	65.1667
 -65.5	72.0833
 -64.5	78.1667
 -63.5	93.6667
 -62.5	95.6667
 -61.5	82.5
 -60.5	75.0833
 -59.5	78.3333
 -58.5	74.0833
 -57.5	82.45
 -56.5	79.0333
 -55.5	92.25
 -54.5	95.25
 -53.5	83.3333
 -52.5	76.8333
 -51.5	69
 -50.5	72
 -49.5	82.3333
 -48.5	63.5833
 -47.5	77.5
 -46.5	58.1667
 -45.5	82.5
 -44.5	77
 -43.5	81.9167
 -42.5	91.2917
 -41.5	77.1667
 -40.5	89.95
 -39.5	89.0833
 -38.5	74
 -37.5	88.5833
 -36.5	83
 -35.5	89.8333
 -34.5	92.1667
 -33.5	92.5833
 -32.5	75.95
 -31.5	81.5
 -30.5	75.7917
 -29.5	78.2
 -28.5	89.3333
 -27.5	85.25
 -26.5	99.5
 -25.5	94.8667
 -24.5	95.2
 -23.5	95.75
 -22.5	82.1667
 -21.5	90.5833
 -20.5	101.5
 -19.5	128.583
 -18.5	111.25
 -17.5	124.667
 -16.5	109.833
 -15.5	111.5
 -14.5	95.1667
 -13.5	94.5833
 -12.5	86.5
 -11.5	82.3333
 -10.5	78.6667
  -9.5	101.333
  -8.5	84.25
  -7.5	77.1167
  -6.5	89.0333
  -5.5	67.5
  -4.5	73.8333
  -3.5	73.5833
  -2.5	60.0833
  -1.5	61.8333
  -0.5	80.5
   0.5	72.5
   1.5	61.5
   2.5	76.5
   3.5	73.9167
   4.5	79.5333
   5.5	71.125
   6.5	73
   7.5	83.95
   8.5	88.75
   9.5	76.6667
  10.5	89.0833
  11.5	92.8333
  12.5	89
  13.5	89.3333
  14.5	87
  15.5	112.25
  16.5	112.783
  17.5	96.9583
  18.5	117.617
  19.5	99.9167
  20.5	112.667
  21.5	108.867
  22.5	113.25
  23.5	90.8333
  24.5	93.3667
  25.5	103.333
  26.5	96.8667
  27.5	66.9167
  28.5	73.4167
  29.5	88.8667
  30.5	89.3333
  31.5	98.3333
  32.5	78
  33.5	81.6667
  34.5	85.2
  35.5	86
  36.5	92.3333
  37.5	94.8333
  38.5	81.8333
  39.5	104.417
  40.5	67.6167
  41.5	102.5
  42.5	66.8333
  43.5	88.25
  44.5	82.5
  45.5	83.1667
  46.5	73.3333
  47.5	87.5833
  48.5	98.9167
  49.5	79.5
  50.5	74.3333
  51.5	83.25
  52.5	67.8333
  53.5	72.2083
  54.5	83.25
  55.5	81
  56.5	82.1667
  57.5	68.0833
  58.5	68.5
  59.5	67.5
  60.5	61.95
  61.5	71.6667
  62.5	81.5
  63.5	77.6667
  64.5	67.4167
  65.5	75.625
  66.5	69.6667
  67.5	60.25
  68.5	68.3333
  69.5	83.5333
  70.5	82.9167
  71.5	75.25
  72.5	81.5833
  73.5	71.4167
  74.5	73.8333
  75.5	78.6167
  76.5	73.1667
  77.5	75.5833
  78.5	74.7
  79.5	72.6667
  80.5	72.8333
  81.5	76.5
  82.5	88.6667
  83.5	65.9167
  84.5	68.3333
  85.5	67
  86.5	58.25
  87.5	75.1667
  88.5	74
  89.5	87.95
  90.5	62.3333
  91.5	63.25
  92.5	83
  93.5	73.3333
  94.5	70.3333
  95.5	70.6667
  96.5	54.4167
  97.5	67.3333
  98.5	84.3333
  99.5	74.1667
 100.5	77.0833
 101.5	72.125
 102.5	76.6667
 103.5	64
 104.5	74.0333
 105.5	80.0333
 106.5	68.3333
 107.5	75.5333
 108.5	65.2
 109.5	79.25
 110.5	71.2083
 111.5	83.5
DB 1 MOTIF	41-CATCCCTGGCCTCTA	STREME-41
-107.5	22
-106.5	16
-105.5	22
-104.5	20
-103.5	17
-102.5	12
-101.5	17
-100.5	20
 -99.5	22
 -98.5	16
 -97.5	13
 -96.5	10
 -95.5	18
 -94.5	22
 -93.5	26
 -92.5	24
 -91.5	27
 -90.5	16.3333
 -89.5	22.5
 -88.5	13
 -87.5	18
 -86.5	17
 -85.5	25
 -84.5	17
 -83.5	15
 -82.5	20
 -81.5	22
 -80.5	16
 -79.5	15
 -78.5	21
 -77.5	16
 -76.5	17
 -75.5	10
 -74.5	13
 -73.5	17
 -72.5	19
 -71.5	23
 -70.5	19
 -69.5	23
 -68.5	16
 -67.5	20
 -66.5	24
 -65.5	23
 -64.5	12
 -63.5	25
 -62.5	17
 -61.5	25
 -60.5	23
 -59.5	16
 -58.5	18
 -57.5	24
 -56.5	24
 -55.5	24
 -54.5	17
 -53.5	28
 -52.5	23
 -51.5	23
 -50.5	35
 -49.5	12
 -48.5	25
 -47.5	24
 -46.5	29
 -45.5	26
 -44.5	24
 -43.5	25
 -42.5	14
 -41.5	21
 -40.5	23
 -39.5	19
 -38.5	28
 -37.5	23.3333
 -36.5	14
 -35.5	34
 -34.5	25
 -33.5	14
 -32.5	19.25
 -31.5	20
 -30.5	17
 -29.5	30
 -28.5	23
 -27.5	23.5
 -26.5	21
 -25.5	29
 -24.5	21
 -23.5	21
 -22.5	21
 -21.5	18
 -20.5	25
 -19.5	32
 -18.5	19
 -17.5	30
 -16.5	20
 -15.5	21
 -14.5	34
 -13.5	21
 -12.5	37
 -11.5	34
 -10.5	38
  -9.5	31
  -8.5	36
  -7.5	31
  -6.5	21
  -5.5	42
  -4.5	33
  -3.5	39
  -2.5	30
  -1.5	34
  -0.5	23
   0.5	23
   1.5	29
   2.5	36
   3.5	31
   4.5	32
   5.5	21
   6.5	26
   7.5	39
   8.5	29
   9.5	36
  10.5	19.5
  11.5	35
  12.5	25
  13.5	36
  14.5	32
  15.5	27.3333
  16.5	26
  17.5	31.25
  18.5	32
  19.5	25
  20.5	25
  21.5	30
  22.5	26
  23.5	18
  24.5	26
  25.5	21
  26.5	32
  27.5	22
  28.5	24
  29.5	26
  30.5	24
  31.5	24
  32.5	24
  33.5	24
  34.5	23.5
  35.5	21
  36.5	19
  37.5	25
  38.5	16
  39.5	20
  40.5	25
  41.5	17
  42.5	15
  43.5	28
  44.5	16
  45.5	18
  46.5	15
  47.5	17.25
  48.5	16
  49.5	19
  50.5	24
  51.5	27
  52.5	29
  53.5	17
  54.5	15.5
  55.5	25
  56.5	24
  57.5	21
  58.5	28
  59.5	16
  60.5	21
  61.5	25
  62.5	25
  63.5	14
  64.5	19
  65.5	16
  66.5	17
  67.5	27
  68.5	24
  69.5	24
  70.5	30
  71.5	18
  72.5	17
  73.5	31.5
  74.5	23
  75.5	32
  76.5	28
  77.5	25
  78.5	24
  79.5	23
  80.5	16
  81.5	15
  82.5	12
  83.5	19
  84.5	13
  85.5	20
  86.5	19
  87.5	21.25
  88.5	14
  89.5	16
  90.5	20
  91.5	20
  92.5	16
  93.5	17
  94.5	16
  95.5	23
  96.5	19
  97.5	23
  98.5	26
  99.5	21
 100.5	21
 101.5	12
 102.5	16
 103.5	17
 104.5	26
 105.5	18
 106.5	15
 107.5	15
DB 1 MOTIF	43-WGGKGGCAGCAGAGR	STREME-43
-107.5	32
-106.5	23
-105.5	27
-104.5	38
-103.5	26
-102.5	17
-101.5	25
-100.5	18
 -99.5	19
 -98.5	22
 -97.5	25
 -96.5	24
 -95.5	28
 -94.5	20
 -93.5	14
 -92.5	22
 -91.5	19.3333
 -90.5	23
 -89.5	26
 -88.5	24.5
 -87.5	21
 -86.5	20
 -85.5	17
 -84.5	25.5
 -83.5	31
 -82.5	20
 -81.5	27
 -80.5	26
 -79.5	16
 -78.5	21
 -77.5	20
 -76.5	24
 -75.5	15
 -74.5	16
 -73.5	26
 -72.5	19
 -71.5	30
 -70.5	22
 -69.5	22
 -68.5	26
 -67.5	18.5
 -66.5	12
 -65.5	17
 -64.5	20
 -63.5	21
 -62.5	21
 -61.5	27
 -60.5	14
 -59.5	22
 -58.5	21.3333
 -57.5	24
 -56.5	20
 -55.5	25
 -54.5	19
 -53.5	27
 -52.5	20
 -51.5	22
 -50.5	31
 -49.5	25
 -48.5	17
 -47.5	27
 -46.5	24
 -45.5	22
 -44.5	21
 -43.5	28
 -42.5	28.5
 -41.5	29
 -40.5	28
 -39.5	24
 -38.5	35
 -37.5	23
 -36.5	32
 -35.5	36
 -34.5	25
 -33.5	30
 -32.5	25
 -31.5	40.25
 -30.5	44
 -29.5	43
 -28.5	36.5
 -27.5	51.3333
 -26.5	49
 -25.5	59
 -24.5	49
 -23.5	58
 -22.5	50
 -21.5	63
 -20.5	73
 -19.5	91
 -18.5	97
 -17.5	84.5
 -16.5	93
 -15.5	106
 -14.5	105
 -13.5	113
 -12.5	110
 -11.5	134
 -10.5	120
  -9.5	144
  -8.5	146
  -7.5	163
  -6.5	146
  -5.5	154
  -4.5	145
  -3.5	145
  -2.5	162
  -1.5	129
  -0.5	154
   0.5	145.5
   1.5	142
   2.5	139
   3.5	127
   4.5	151
   5.5	137
   6.5	159
   7.5	141
   8.5	157
   9.5	133
  10.5	118
  11.5	146.5
  12.5	117
  13.5	139
  14.5	106
  15.5	119
  16.5	95
  17.5	100.5
  18.5	96.25
  19.5	77
  20.5	70
  21.5	72
  22.5	50
  23.5	57
  24.5	47
  25.5	51.5
  26.5	41
  27.5	49
  28.5	35
  29.5	39
  30.5	30
  31.5	34
  32.5	22
  33.5	32.5
  34.5	35
  35.5	32.5
  36.5	26
  37.5	34
  38.5	27
  39.5	32
  40.5	22
  41.5	35
  42.5	28
  43.5	34
  44.5	27
  45.5	28
  46.5	21
  47.5	28
  48.5	27.25
  49.5	26.5
  50.5	20
  51.5	30
  52.5	22
  53.5	16
  54.5	28
  55.5	31
  56.5	24.5
  57.5	26
  58.5	25
  59.5	28
  60.5	20.5
  61.5	25
  62.5	24
  63.5	18
  64.5	29.5
  65.5	26
  66.5	9
  67.5	13
  68.5	19
  69.5	15
  70.5	22
  71.5	21.5
  72.5	15
  73.5	24
  74.5	22
  75.5	18
  76.5	24.5
  77.5	29
  78.5	19
  79.5	15
  80.5	21
  81.5	17
  82.5	24
  83.5	38
  84.5	26
  85.5	21
  86.5	28
  87.5	21
  88.5	32.25
  89.5	16
  90.5	26
  91.5	14
  92.5	31
  93.5	20
  94.5	30
  95.5	14
  96.5	18
  97.5	25
  98.5	31
  99.5	23
 100.5	25
 101.5	27
 102.5	22
 103.5	19
 104.5	24
 105.5	16
 106.5	18
 107.5	24
DB 1 MOTIF	44-CCAGCAGGGGCGCTG	STREME-44
-107.5	14
-106.5	12
-105.5	13
-104.5	14
-103.5	13
-102.5	12
-101.5	10.3333
-100.5	22
 -99.5	11.25
 -98.5	10.25
 -97.5	9
 -96.5	19.3333
 -95.5	15
 -94.5	17
 -93.5	9
 -92.5	16
 -91.5	12
 -90.5	17
 -89.5	18
 -88.5	9
 -87.5	18
 -86.5	18
 -85.5	15
 -84.5	11
 -83.5	15
 -82.5	15
 -81.5	13
 -80.5	14
 -79.5	16.5
 -78.5	14
 -77.5	25
 -76.5	15
 -75.5	16
 -74.5	15.3333
 -73.5	11
 -72.5	12
 -71.5	18
 -70.5	14
 -69.5	18
 -68.5	19
 -67.5	13
 -66.5	20
 -65.5	12
 -64.5	22
 -63.5	14
 -62.5	15
 -61.5	20
 -60.5	15
 -59.5	18
 -58.5	20
 -57.5	14
 -56.5	15.2
 -55.5	17
 -54.5	18
 -53.5	19
 -52.5	15.3333
 -51.5	13
 -50.5	21
 -49.5	20
 -48.5	11.3333
 -47.5	17
 -46.5	20
 -45.5	9
 -44.5	13
 -43.5	20
 -42.5	28
 -41.5	18
 -40.5	12
 -39.5	14.25
 -38.5	13
 -37.5	26.25
 -36.5	19
 -35.5	16.5
 -34.5	23.5
 -33.5	19
 -32.5	23
 -31.5	20
 -30.5	32.5
 -29.5	26.5
 -28.5	19
 -27.5	24
 -26.5	29
 -25.5	40
 -24.5	40
 -23.5	40
 -22.5	43
 -21.5	36
 -20.5	46
 -19.5	39.2
 -18.5	53
 -17.5	62
 -16.5	44
 -15.5	60
 -14.5	61
 -13.5	72
 -12.5	85
 -11.5	76
 -10.5	88.5
  -9.5	102
  -8.5	76
  -7.5	95
  -6.5	108
  -5.5	87
  -4.5	97
  -3.5	104
  -2.5	100
  -1.5	116
  -0.5	101
   0.5	97
   1.5	101
   2.5	115
   3.5	107
   4.5	103.333
   5.5	98.5
   6.5	105
   7.5	90
   8.5	81.5
   9.5	70
  10.5	69.5
  11.5	70
  12.5	72
  13.5	65
  14.5	60
  15.5	51
  16.5	55
  17.5	47.2
  18.5	44
  19.5	41
  20.5	38.25
  21.5	39
  22.5	39
  23.5	38.25
  24.5	22.5
  25.5	34
  26.5	33
  27.5	37
  28.5	33
  29.5	28.5
  30.5	27
  31.5	14
  32.5	23
  33.5	23.5
  34.5	16
  35.5	24
  36.5	22
  37.5	28.5
  38.5	20
  39.5	12
  40.5	15.5
  41.5	21
  42.5	16
  43.5	26
  44.5	21
  45.5	12
  46.5	23
  47.5	20
  48.5	25
  49.5	18
  50.5	22.5
  51.5	13
  52.5	20
  53.5	15
  54.5	11.2
  55.5	16
  56.5	10
  57.5	14
  58.5	16
  59.5	13
  60.5	15
  61.5	18
  62.5	24
  63.5	10
  64.5	18
  65.5	11.5
  66.5	16
  67.5	18
  68.5	13
  69.5	6
  70.5	24
  71.5	14
  72.5	16
  73.5	9
  74.5	18
  75.5	14
  76.5	19.5
  77.5	27
  78.5	12
  79.5	11
  80.5	14
  81.5	19.25
  82.5	18
  83.5	8
  84.5	14.25
  85.5	12
  86.5	14
  87.5	12.5
  88.5	8
  89.5	18
  90.5	10
  91.5	6.2
  92.5	6
  93.5	13
  94.5	12
  95.5	15
  96.5	12
  97.5	19
  98.5	5.5
  99.5	14
 100.5	9
 101.5	22.5
 102.5	8
 103.5	16
 104.5	13
 105.5	9
 106.5	12
 107.5	9
DB 1 MOTIF	45-CTTCCTCCTCC	STREME-45
-109.5	32.3333
-108.5	38
-107.5	56.3333
-106.5	37.3333
-105.5	44
-104.5	33
-103.5	39.8333
-102.5	34.5
-101.5	43
-100.5	49
 -99.5	30
 -98.5	46
 -97.5	32
 -96.5	46.5
 -95.5	43.5
 -94.5	33.2
 -93.5	46
 -92.5	43
 -91.5	41.2
 -90.5	37
 -89.5	33.3333
 -88.5	44.95
 -87.5	27
 -86.5	47.5
 -85.5	33.45
 -84.5	39
 -83.5	35
 -82.5	42.7833
 -81.5	51
 -80.5	41
 -79.5	38.5833
 -78.5	36
 -77.5	41
 -76.5	37.75
 -75.5	38
 -74.5	34
 -73.5	34
 -72.5	49.5
 -71.5	30
 -70.5	32.25
 -69.5	49
 -68.5	45.5
 -67.5	49
 -66.5	42
 -65.5	36
 -64.5	51.5833
 -63.5	40.3333
 -62.5	44
 -61.5	41
 -60.5	41.5
 -59.5	44
 -58.5	41.25
 -57.5	54.5
 -56.5	41
 -55.5	44
 -54.5	43
 -53.5	32
 -52.5	46
 -51.5	40
 -50.5	52
 -49.5	47
 -48.5	51.5
 -47.5	37
 -46.5	42
 -45.5	36
 -44.5	40
 -43.5	38
 -42.5	32
 -41.5	34.5
 -40.5	45
 -39.5	44
 -38.5	40
 -37.5	43.8333
 -36.5	30.5
 -35.5	52
 -34.5	39.5
 -33.5	39.5
 -32.5	48
 -31.5	34
 -30.5	36.5
 -29.5	46.3333
 -28.5	49.5
 -27.5	49
 -26.5	42
 -25.5	39.5
 -24.5	43.5
 -23.5	50
 -22.5	45
 -21.5	38.5
 -20.5	43
 -19.5	39.5
 -18.5	46.5
 -17.5	53
 -16.5	41.5
 -15.5	37
 -14.5	61
 -13.5	46
 -12.5	48
 -11.5	56.5
 -10.5	54
  -9.5	51
  -8.5	57
  -7.5	51
  -6.5	60
  -5.5	67
  -4.5	56
  -3.5	69
  -2.5	59
  -1.5	66
  -0.5	62.5
   0.5	65
   1.5	54
   2.5	49.5
   3.5	68
   4.5	57
   5.5	51
   6.5	51
   7.5	59
   8.5	57.5
   9.5	46
  10.5	40
  11.5	41.5
  12.5	58
  13.5	51.5
  14.5	31.5
  15.5	38
  16.5	48.5
  17.5	50.5
  18.5	44.5
  19.5	37
  20.5	55
  21.5	48.5
  22.5	46.5
  23.5	58.3333
  24.5	42
  25.5	34
  26.5	45
  27.5	44.5
  28.5	26
  29.5	43
  30.5	33.5
  31.5	42
  32.5	35
  33.5	46
  34.5	47
  35.5	45
  36.5	43.5
  37.5	41
  38.5	37
  39.5	38.5
  40.5	39
  41.5	60
  42.5	34.5
  43.5	42
  44.5	41.5
  45.5	40.25
  46.5	40.5
  47.5	30
  48.5	36.75
  49.5	40
  50.5	34
  51.5	40.75
  52.5	42
  53.5	45
  54.5	38.25
  55.5	46.5
  56.5	38
  57.5	34
  58.5	43.25
  59.5	46
  60.5	32
  61.5	38.75
  62.5	39.3333
  63.5	53.5
  64.5	50.25
  65.5	40
  66.5	42.5
  67.5	34.25
  68.5	38
  69.5	44.75
  70.5	39.5
  71.5	32
  72.5	34.75
  73.5	30
  74.5	52
  75.5	40.25
  76.5	30.5
  77.5	40.5
  78.5	37.75
  79.5	37.5
  80.5	34.5
  81.5	46.3333
  82.5	61
  83.5	42
  84.5	43
  85.5	36.5
  86.5	39
  87.5	35
  88.5	30.5
  89.5	37.5
  90.5	48.8333
  91.5	41.5
  92.5	47
  93.5	39.3333
  94.5	31
  95.5	38
  96.5	42.3333
  97.5	36.5
  98.5	57
  99.5	43
 100.5	38.3333
 101.5	48.5
 102.5	37.5
 103.5	43
 104.5	42
 105.5	42
 106.5	35
 107.5	33.5
 108.5	40
 109.5	52.5
DB 1 MOTIF	46-CAGCCAGAGGGMG	STREME-46
-108.5	10.5
-107.5	16
-106.5	13
-105.5	9
-104.5	9
-103.5	7
-102.5	14
-101.5	11.5
-100.5	13
 -99.5	11
 -98.5	14
 -97.5	6
 -96.5	8
 -95.5	18
 -94.5	11
 -93.5	16
 -92.5	12.5
 -91.5	15
 -90.5	13
 -89.5	14
 -88.5	13.5
 -87.5	14
 -86.5	13
 -85.5	12.7
 -84.5	13
 -83.5	11
 -82.5	22
 -81.5	15
 -80.5	15
 -79.5	13
 -78.5	11
 -77.5	10
 -76.5	14
 -75.5	8
 -74.5	17
 -73.5	13
 -72.5	13
 -71.5	16
 -70.5	13
 -69.5	15
 -68.5	14
 -67.5	6
 -66.5	15
 -65.5	13
 -64.5	19
 -63.5	11
 -62.5	12
 -61.5	18
 -60.5	21
 -59.5	14
 -58.5	18
 -57.5	13
 -56.5	17
 -55.5	15
 -54.5	12
 -53.5	10
 -52.5	7
 -51.5	13
 -50.5	23
 -49.5	12
 -48.5	14
 -47.5	11
 -46.5	10
 -45.5	13.5333
 -44.5	13
 -43.5	10
 -42.5	14
 -41.5	17
 -40.5	18.5
 -39.5	21.5
 -38.5	18
 -37.5	26
 -36.5	16
 -35.5	15
 -34.5	28
 -33.5	25
 -32.5	17
 -31.5	30
 -30.5	29
 -29.5	29
 -28.5	21.8333
 -27.5	32
 -26.5	25
 -25.5	41
 -24.5	31
 -23.5	38
 -22.5	40
 -21.5	46
 -20.5	42
 -19.5	24
 -18.5	34
 -17.5	52
 -16.5	39
 -15.5	54
 -14.5	70
 -13.5	68
 -12.5	70.5
 -11.5	89
 -10.5	94
  -9.5	108
  -8.5	81
  -7.5	108.5
  -6.5	108
  -5.5	95.2
  -4.5	132
  -3.5	147
  -2.5	165
  -1.5	143
  -0.5	162
   0.5	153
   1.5	125
   2.5	155
   3.5	145
   4.5	136.5
   5.5	130
   6.5	112
   7.5	98.5
   8.5	91
   9.5	99.3333
  10.5	107
  11.5	85
  12.5	63
  13.5	73.5
  14.5	59
  15.5	50
  16.5	52
  17.5	43.5
  18.5	33
  19.5	41
  20.5	45
  21.5	33
  22.5	39
  23.5	44
  24.5	29
  25.5	37.5
  26.5	36
  27.5	25
  28.5	23
  29.5	17
  30.5	28.3333
  31.5	19
  32.5	30
  33.5	20
  34.5	22.2
  35.5	24
  36.5	19
  37.5	30
  38.5	13
  39.5	19
  40.5	18
  41.5	19
  42.5	14
  43.5	23
  44.5	10
  45.5	14
  46.5	20
  47.5	12
  48.5	9
  49.5	16
  50.5	18
  51.5	15.5
  52.5	13
  53.5	14
  54.5	13
  55.5	15
  56.5	19
  57.5	14
  58.5	17
  59.5	24
  60.5	9
  61.5	14
  62.5	13.3333
  63.5	17
  64.5	12
  65.5	15.5
  66.5	8
  67.5	12
  68.5	19
  69.5	14
  70.5	12.5
  71.5	18
  72.5	10
  73.5	15
  74.5	7.2
  75.5	11
  76.5	17
  77.5	5
  78.5	14
  79.5	14
  80.5	15
  81.5	12
  82.5	15
  83.5	10
  84.5	17
  85.5	10
  86.5	15
  87.5	12
  88.5	19.3333
  89.5	16
  90.5	14
  91.5	12
  92.5	21.5
  93.5	12
  94.5	14.5
  95.5	9.5
  96.5	21
  97.5	10
  98.5	22
  99.5	16
 100.5	8
 101.5	11
 102.5	8
 103.5	16
 104.5	15
 105.5	13
 106.5	13.5
 107.5	9
 108.5	18
DB 2 MOTIF	AP2A_HUMAN.H11MO.0.A
-107.5	60.5
-106.5	70
-105.5	79
-104.5	70
-103.5	74
-102.5	63
-101.5	76
-100.5	74
 -99.5	86.5
 -98.5	78.5
 -97.5	80.5
 -96.5	87
 -95.5	68
 -94.5	76
 -93.5	66
 -92.5	77.3333
 -91.5	73
 -90.5	72
 -89.5	65
 -88.5	78
 -87.5	73
 -86.5	84
 -85.5	77
 -84.5	69.8333
 -83.5	70
 -82.5	82.5
 -81.5	79.5
 -80.5	73
 -79.5	82
 -78.5	70
 -77.5	70
 -76.5	74
 -75.5	70
 -74.5	76
 -73.5	81.5
 -72.5	72
 -71.5	94
 -70.5	81
 -69.5	72
 -68.5	67
 -67.5	67
 -66.5	82
 -65.5	88.5
 -64.5	92
 -63.5	75
 -62.5	85
 -61.5	71
 -60.5	92
 -59.5	70.5
 -58.5	76
 -57.5	76
 -56.5	61
 -55.5	75
 -54.5	84
 -53.5	79.5
 -52.5	63
 -51.5	72
 -50.5	89
 -49.5	76
 -48.5	88
 -47.5	90
 -46.5	83
 -45.5	71
 -44.5	78.5
 -43.5	79
 -42.5	72.5
 -41.5	74
 -40.5	84
 -39.5	82
 -38.5	104
 -37.5	97
 -36.5	98
 -35.5	77.5
 -34.5	77
 -33.5	88
 -32.5	88
 -31.5	79
 -30.5	92
 -29.5	81
 -28.5	74.8333
 -27.5	77
 -26.5	97
 -25.5	79
 -24.5	77
 -23.5	95.3333
 -22.5	88.5
 -21.5	98.5
 -20.5	61
 -19.5	70
 -18.5	79.8333
 -17.5	61
 -16.5	72.5
 -15.5	87.5
 -14.5	67
 -13.5	73
 -12.5	105
 -11.5	91
 -10.5	83
  -9.5	98
  -8.5	97
  -7.5	102
  -6.5	84
  -5.5	87
  -4.5	96.5
  -3.5	88.5
  -2.5	102
  -1.5	106
  -0.5	99
   0.5	101
   1.5	111
   2.5	124
   3.5	108.5
   4.5	114
   5.5	90
   6.5	113
   7.5	71
   8.5	81
   9.5	96.5
  10.5	132
  11.5	102
  12.5	88
  13.5	86
  14.5	78.5
  15.5	73
  16.5	71
  17.5	51.5
  18.5	53
  19.5	76.3333
  20.5	76
  21.5	81
  22.5	93
  23.5	86
  24.5	65
  25.5	76
  26.5	101.5
  27.5	88.5
  28.5	86
  29.5	79
  30.5	96
  31.5	78
  32.5	80
  33.5	98.5
  34.5	86.5
  35.5	86.5
  36.5	86
  37.5	103.333
  38.5	59
  39.5	88
  40.5	70
  41.5	78.5
  42.5	81
  43.5	78
  44.5	77
  45.5	91
  46.5	100
  47.5	80
  48.5	76
  49.5	78
  50.5	66
  51.5	77
  52.5	83
  53.5	86.5
  54.5	81.5
  55.5	73
  56.5	81
  57.5	80.3333
  58.5	81
  59.5	81
  60.5	59
  61.5	79.5
  62.5	60
  63.5	64
  64.5	91
  65.5	60
  66.5	92.5
  67.5	72.3333
  68.5	88
  69.5	73
  70.5	87
  71.5	91
  72.5	86
  73.5	70
  74.5	75
  75.5	73
  76.5	62
  77.5	83
  78.5	80
  79.5	83
  80.5	74.5
  81.5	70
  82.5	64
  83.5	68
  84.5	89
  85.5	66
  86.5	66.5
  87.5	75.5
  88.5	73
  89.5	74
  90.5	76
  91.5	85.5
  92.5	76
  93.5	83.5
  94.5	72.5
  95.5	68
  96.5	76
  97.5	78
  98.5	78
  99.5	63
 100.5	68.5
 101.5	76
 102.5	67
 103.5	67
 104.5	78.5
 105.5	59
 106.5	64
 107.5	69
DB 2 MOTIF	AP2B_HUMAN.H11MO.0.B
-110.0	83.5
-109.0	88.5
-108.0	70
-107.0	70
-106.0	89
-105.0	75.5
-104.0	84
-103.0	81.5
-102.0	89.5
-101.0	79.5
-100.0	101.5
 -99.0	73.5
 -98.0	75.5
 -97.0	83
 -96.0	80.5
 -95.0	95.3333
 -94.0	84
 -93.0	93
 -92.0	70.3333
 -91.0	99
 -90.0	85
 -89.0	79.5
 -88.0	87
 -87.0	89.3333
 -86.0	86
 -85.0	87.8333
 -84.0	71.5
 -83.0	73.5
 -82.0	76.8333
 -81.0	83
 -80.0	74.25
 -79.0	92
 -78.0	90
 -77.0	83
 -76.0	79.8333
 -75.0	89.5
 -74.0	95.25
 -73.0	69.8333
 -72.0	78.5
 -71.0	102
 -70.0	70.5
 -69.0	82
 -68.0	82.25
 -67.0	90.3333
 -66.0	97
 -65.0	104
 -64.0	100.5
 -63.0	98
 -62.0	74.25
 -61.0	99.3333
 -60.0	98.6667
 -59.0	98
 -58.0	75
 -57.0	97.5
 -56.0	90
 -55.0	85.5
 -54.0	90.8333
 -53.0	80
 -52.0	79
 -51.0	100
 -50.0	94.5
 -49.0	82
 -48.0	90.6667
 -47.0	95
 -46.0	87
 -45.0	91.5
 -44.0	86
 -43.0	90.3333
 -42.0	86
 -41.0	95.8333
 -40.0	103.167
 -39.0	110
 -38.0	113
 -37.0	108
 -36.0	100
 -35.0	99
 -34.0	107.5
 -33.0	92
 -32.0	100
 -31.0	113
 -30.0	98
 -29.0	107.667
 -28.0	116.5
 -27.0	105.5
 -26.0	129.75
 -25.0	99.5
 -24.0	122.333
 -23.0	118
 -22.0	117
 -21.0	126
 -20.0	116
 -19.0	105
 -18.0	113
 -17.0	101.5
 -16.0	124.5
 -15.0	135
 -14.0	147.5
 -13.0	166.833
 -12.0	171.833
 -11.0	193
 -10.0	174.167
  -9.0	170.5
  -8.0	202
  -7.0	187.667
  -6.0	201
  -5.0	194.5
  -4.0	232.5
  -3.0	235.5
  -2.0	222
  -1.0	225
   0.0	234
   1.0	228
   2.0	227.5
   3.0	250
   4.0	231
   5.0	233.5
   6.0	217
   7.0	203.5
   8.0	189.5
   9.0	184.5
  10.0	196
  11.0	197.25
  12.0	178.5
  13.0	164.5
  14.0	164
  15.0	117
  16.0	127
  17.0	123
  18.0	104.5
  19.0	91.8333
  20.0	138.5
  21.0	131.5
  22.0	136.833
  23.0	103.5
  24.0	112
  25.0	118
  26.0	116
  27.0	122.5
  28.0	110.5
  29.0	114
  30.0	113.167
  31.0	115
  32.0	111
  33.0	100.5
  34.0	92
  35.0	107
  36.0	98
  37.0	112.833
  38.0	120
  39.0	94
  40.0	104.167
  41.0	91.5
  42.0	94
  43.0	101.5
  44.0	82.5
  45.0	89.5
  46.0	106.333
  47.0	102.5
  48.0	98.25
  49.0	92
  50.0	100
  51.0	74
  52.0	111
  53.0	105.5
  54.0	98.5
  55.0	89
  56.0	78.3333
  57.0	92.5
  58.0	97
  59.0	104.5
  60.0	85.5
  61.0	79.5
  62.0	93.5
  63.0	92
  64.0	90.3333
  65.0	85.5
  66.0	80
  67.0	87.3333
  68.0	85.5
  69.0	84
  70.0	120.333
  71.0	86
  72.0	91.5
  73.0	93.5
  74.0	98
  75.0	81.5
  76.0	88.5
  77.0	77.5
  78.0	82
  79.0	100
  80.0	104.167
  81.0	94
  82.0	90.5
  83.0	78
  84.0	64.8333
  85.0	91.25
  86.0	79
  87.0	89
  88.0	77.3333
  89.0	92.5
  90.0	87.5
  91.0	80.5
  92.0	82
  93.0	74
  94.0	71
  95.0	63.5
  96.0	96.5
  97.0	72
  98.0	104
  99.0	84
 100.0	85.5
 101.0	83
 102.0	90.5
 103.0	64.5
 104.0	97.3333
 105.0	100.5
 106.0	67
 107.0	71.5
 108.0	91.3333
 109.0	82.5
 110.0	71.5
DB 2 MOTIF	AP2C_HUMAN.H11MO.0.A
-108.0	60.5
-107.0	59.5
-106.0	69
-105.0	68
-104.0	65
-103.0	61.5
-102.0	63
-101.0	56.5
-100.0	68
 -99.0	60.5
 -98.0	69
 -97.0	80
 -96.0	67
 -95.0	55
 -94.0	64.5
 -93.0	65.3333
 -92.0	56
 -91.0	71
 -90.0	53
 -89.0	74
 -88.0	67
 -87.0	73
 -86.0	67
 -85.0	76.3333
 -84.0	58
 -83.0	77
 -82.0	76
 -81.0	56.75
 -80.0	79
 -79.0	59
 -78.0	65.5
 -77.0	70
 -76.0	69
 -75.0	63.25
 -74.0	65
 -73.0	60.5
 -72.0	74
 -71.0	82
 -70.0	69
 -69.0	68.25
 -68.0	60
 -67.0	78
 -66.0	72
 -65.0	77.5
 -64.0	76
 -63.0	76.25
 -62.0	66
 -61.0	78
 -60.0	63
 -59.0	70
 -58.0	68
 -57.0	55
 -56.0	56
 -55.0	85
 -54.0	71
 -53.0	60
 -52.0	57.5
 -51.0	78.3333
 -50.0	74
 -49.0	73.5
 -48.0	73
 -47.0	60
 -46.0	72
 -45.0	69
 -44.0	79.5
 -43.0	84.5
 -42.0	69.5
 -41.0	65
 -40.0	77
 -39.0	82
 -38.0	75
 -37.0	86.5
 -36.0	75
 -35.0	65
 -34.0	83
 -33.0	74
 -32.0	81.5
 -31.0	82
 -30.0	87
 -29.0	58.5
 -28.0	89.3333
 -27.0	76
 -26.0	77
 -25.0	71
 -24.0	86.3333
 -23.0	84
 -22.0	83
 -21.0	69
 -20.0	61
 -19.0	70.3333
 -18.0	64
 -17.0	67
 -16.0	69
 -15.0	92
 -14.0	81
 -13.0	78
 -12.0	110
 -11.0	74.5
 -10.0	95.5
  -9.0	93
  -8.0	77
  -7.0	93
  -6.0	83.5
  -5.0	99.5
  -4.0	100
  -3.0	96
  -2.0	84
  -1.0	97.5
   0.0	91
   1.0	136
   2.0	106
   3.0	118
   4.0	116
   5.0	89
   6.0	105.5
   7.0	81
   8.0	78
   9.0	89
  10.0	118
  11.0	99.5
  12.0	98
  13.0	73
  14.0	80
  15.0	68
  16.0	71
  17.0	52
  18.0	59.5
  19.0	71
  20.0	70.3333
  21.0	77
  22.0	78
  23.0	83.5
  24.0	77
  25.0	69
  26.0	86
  27.0	86.5
  28.0	84
  29.0	67.3333
  30.0	80
  31.0	84
  32.0	67
  33.0	81
  34.0	80
  35.0	73
  36.0	74
  37.0	78.3333
  38.0	74
  39.0	76
  40.0	70
  41.0	74
  42.0	64
  43.0	71
  44.0	75
  45.0	61
  46.0	83.5
  47.0	90
  48.0	72
  49.0	62
  50.0	67
  51.0	70.1667
  52.0	68
  53.0	78
  54.0	92
  55.0	72
  56.0	74
  57.0	76.3333
  58.0	73
  59.0	67.1667
  60.0	78
  61.0	57
  62.0	55.5
  63.0	54
  64.0	61
  65.0	73.5
  66.0	73.5
  67.0	71.6667
  68.0	74.3333
  69.0	79.3333
  70.0	74.5
  71.0	74
  72.0	59
  73.0	85.5
  74.0	56
  75.0	79.1667
  76.0	60
  77.0	73
  78.0	75
  79.0	70
  80.0	66.5
  81.0	77
  82.0	57
  83.0	48.1667
  84.0	81
  85.0	67
  86.0	54
  87.0	69.5
  88.0	63.5
  89.0	66.5
  90.0	68
  91.0	75.1667
  92.0	59.5
  93.0	73
  94.0	75
  95.0	50.5
  96.0	52
  97.0	58
  98.0	68
  99.0	79
 100.0	53
 101.0	62
 102.0	59.5
 103.0	59
 104.0	71
 105.0	59
 106.0	58
 107.0	61
 108.0	73
DB 2 MOTIF	AP2D_HUMAN.H11MO.0.D
-108.0	26
-107.0	25
-106.0	24
-105.0	30.3333
-104.0	37
-103.0	23.3333
-102.0	35
-101.0	32.5
-100.0	30
 -99.0	28.3333
 -98.0	30
 -97.0	36
 -96.0	23
 -95.0	28
 -94.0	28
 -93.0	26.3333
 -92.0	30
 -91.0	19
 -90.0	29
 -89.0	36
 -88.0	26
 -87.0	29.5
 -86.0	32
 -85.0	36
 -84.0	29.3333
 -83.0	23.5
 -82.0	27.5
 -81.0	18
 -80.0	27
 -79.0	27
 -78.0	28.5
 -77.0	21
 -76.0	35
 -75.0	25
 -74.0	34
 -73.0	39.5
 -72.0	29
 -71.0	38
 -70.0	22
 -69.0	28
 -68.0	35.5
 -67.0	31.5
 -66.0	37
 -65.0	39
 -64.0	23.5
 -63.0	35
 -62.0	32
 -61.0	42
 -60.0	37
 -59.0	29
 -58.0	27
 -57.0	29
 -56.0	38
 -55.0	38
 -54.0	28.5
 -53.0	34
 -52.0	33.5
 -51.0	29
 -50.0	27.3333
 -49.0	23
 -48.0	31
 -47.0	22
 -46.0	30
 -45.0	28
 -44.0	29
 -43.0	29
 -42.0	31
 -41.0	30
 -40.0	32
 -39.0	33.5
 -38.0	34
 -37.0	25
 -36.0	27
 -35.0	30
 -34.0	30
 -33.0	26.5
 -32.0	35
 -31.0	30
 -30.0	33
 -29.0	32
 -28.0	25.5
 -27.0	32
 -26.0	29
 -25.0	30
 -24.0	30
 -23.0	36.3333
 -22.0	30
 -21.0	26
 -20.0	43
 -19.0	35
 -18.0	28
 -17.0	43
 -16.0	34
 -15.0	30
 -14.0	37
 -13.0	32
 -12.0	37.5
 -11.0	36
 -10.0	34
  -9.0	32.5
  -8.0	31
  -7.0	39
  -6.0	29
  -5.0	39
  -4.0	40
  -3.0	44
  -2.0	26
  -1.0	28
   0.0	37
   1.0	29
   2.0	49
   3.0	36.3333
   4.0	36
   5.0	33
   6.0	38.5
   7.0	36
   8.0	36
   9.0	44
  10.0	42
  11.0	40
  12.0	48
  13.0	37.5
  14.0	39
  15.0	23
  16.0	27
  17.0	31
  18.0	36
  19.0	32
  20.0	27
  21.0	30
  22.0	50
  23.0	26
  24.0	19.5
  25.0	19
  26.0	29.5
  27.0	38
  28.0	33
  29.0	44
  30.0	33
  31.0	26
  32.0	26
  33.0	24
  34.0	30
  35.0	30
  36.0	32
  37.0	24
  38.0	31.3333
  39.0	36
  40.0	27
  41.0	32
  42.0	29.5
  43.0	27
  44.0	38
  45.0	34
  46.0	24
  47.0	33
  48.0	33
  49.0	33
  50.0	44
  51.0	28
  52.0	26.5
  53.0	35
  54.0	32
  55.0	24.5
  56.0	30
  57.0	35
  58.0	37
  59.0	29
  60.0	25.5
  61.0	35
  62.0	22.5
  63.0	38
  64.0	19
  65.0	23
  66.0	24
  67.0	24
  68.0	28
  69.0	22
  70.0	25
  71.0	38
  72.0	33
  73.0	32
  74.0	20
  75.0	32
  76.0	24
  77.0	30
  78.0	30
  79.0	34
  80.0	27
  81.0	34
  82.0	34.5
  83.0	29
  84.0	26
  85.0	34
  86.0	27
  87.0	16.5
  88.0	33
  89.0	29
  90.0	27
  91.0	25.5
  92.0	18
  93.0	34
  94.0	33
  95.0	37
  96.0	25
  97.0	29
  98.0	30
  99.0	33
 100.0	29
 101.0	28
 102.0	29
 103.0	32
 104.0	30
 105.0	28
 106.0	36
 107.0	36
 108.0	29
DB 2 MOTIF	ARNT2_HUMAN.H11MO.0.D
-109.0	90
-108.0	98.5
-107.0	99
-106.0	87
-105.0	85.5
-104.0	101
-103.0	97
-102.0	105
-101.0	81.25
-100.0	87.5
 -99.0	92.5
 -98.0	87
 -97.0	82.75
 -96.0	88
 -95.0	91.5
 -94.0	83.5
 -93.0	97.5
 -92.0	95.3333
 -91.0	100
 -90.0	94.5
 -89.0	105
 -88.0	109.5
 -87.0	98
 -86.0	100.25
 -85.0	102
 -84.0	97
 -83.0	88
 -82.0	95
 -81.0	104.5
 -80.0	92.5
 -79.0	78.75
 -78.0	104.5
 -77.0	85.5
 -76.0	85.5
 -75.0	90
 -74.0	102
 -73.0	87.5
 -72.0	82
 -71.0	105
 -70.0	92
 -69.0	106.5
 -68.0	91.8929
 -67.0	95
 -66.0	96.5
 -65.0	78.6429
 -64.0	89
 -63.0	95
 -62.0	88.6429
 -61.0	103
 -60.0	94
 -59.0	100.893
 -58.0	99
 -57.0	105.25
 -56.0	103.643
 -55.0	97
 -54.0	75.25
 -53.0	82.1429
 -52.0	90
 -51.0	99.5
 -50.0	91.1429
 -49.0	88
 -48.0	98
 -47.0	93
 -46.0	85
 -45.0	87.5
 -44.0	99
 -43.0	106
 -42.0	101
 -41.0	94
 -40.0	128
 -39.0	95
 -38.0	105.5
 -37.0	109
 -36.0	110.25
 -35.0	84.75
 -34.0	105
 -33.0	85.5
 -32.0	97
 -31.0	93.5
 -30.0	90.5
 -29.0	78
 -28.0	112.5
 -27.0	116.75
 -26.0	108
 -25.0	105.5
 -24.0	119.333
 -23.0	115.5
 -22.0	106
 -21.0	122.833
 -20.0	126
 -19.0	108
 -18.0	100.333
 -17.0	97.25
 -16.0	115
 -15.0	113.5
 -14.0	110
 -13.0	141
 -12.0	139
 -11.0	126.5
 -10.0	144
  -9.0	145.5
  -8.0	148
  -7.0	131.5
  -6.0	148.5
  -5.0	157
  -4.0	135
  -3.0	120.333
  -2.0	152.5
  -1.0	148
   0.0	105
   1.0	135
   2.0	139
   3.0	139
   4.0	157
   5.0	152.5
   6.0	154.5
   7.0	133
   8.0	125
   9.0	143
  10.0	122.5
  11.0	140.75
  12.0	137.5
  13.0	134
  14.0	114
  15.0	110.5
  16.0	100.5
  17.0	98.5
  18.0	124
  19.0	116
  20.0	113
  21.0	108.5
  22.0	116
  23.0	122
  24.0	105.5
  25.0	99.5
  26.0	111
  27.0	86
  28.0	103.5
  29.0	92
  30.0	103
  31.0	93
  32.0	117.5
  33.0	109
  34.0	99
  35.0	105
  36.0	97.75
  37.0	96
  38.0	91
  39.0	104
  40.0	80.5
  41.0	98
  42.0	107
  43.0	110.75
  44.0	77.5
  45.0	89
  46.0	87
  47.0	98.5
  48.0	82.5
  49.0	83
  50.0	88
  51.0	72
  52.0	95
  53.0	90.3333
  54.0	104.75
  55.0	104
  56.0	79
  57.0	95.5
  58.0	110
  59.0	99.5
  60.0	89
  61.0	99
  62.0	96
  63.0	94.5
  64.0	91
  65.0	85.5
  66.0	81.5
  67.0	81
  68.0	82.5
  69.0	94
  70.0	89.75
  71.0	81.5
  72.0	109
  73.0	84.3333
  74.0	84
  75.0	64.25
  76.0	113.75
  77.0	79.5909
  78.0	98.5
  79.0	85
  80.0	101.591
  81.0	96
  82.0	86.75
  83.0	81.0909
  84.0	87.3333
  85.0	96
  86.0	91.5909
  87.0	93
  88.0	97.75
  89.0	87.5909
  90.0	83.25
  91.0	75.5
  92.0	86.0909
  93.0	98.8333
  94.0	96
  95.0	85.8409
  96.0	80.5
  97.0	98
  98.0	78.0909
  99.0	91.5
 100.0	92.25
 101.0	96.0909
 102.0	94
 103.0	84.5
 104.0	80.0909
 105.0	87.75
 106.0	92
 107.0	99.3409
 108.0	66
 109.0	93
DB 2 MOTIF	ASCL1_HUMAN.H11MO.0.A
-108.0	84
-107.0	87
-106.0	69.3333
-105.0	64.6667
-104.0	77.5
-103.0	69.5
-102.0	72
-101.0	73
-100.0	76
 -99.0	71.1667
 -98.0	72.5
 -97.0	59.5
 -96.0	79
 -95.0	71
 -94.0	91
 -93.0	77.1667
 -92.0	73
 -91.0	79.5
 -90.0	78.5
 -89.0	83
 -88.0	81
 -87.0	79.3333
 -86.0	78
 -85.0	76
 -84.0	69
 -83.0	74
 -82.0	70.5
 -81.0	80.5
 -80.0	81.5
 -79.0	87
 -78.0	70
 -77.0	81
 -76.0	70.5
 -75.0	86.5
 -74.0	74.5
 -73.0	69
 -72.0	90
 -71.0	63
 -70.0	69
 -69.0	81
 -68.0	66
 -67.0	73
 -66.0	76
 -65.0	89
 -64.0	84
 -63.0	77.1667
 -62.0	74
 -61.0	71.8333
 -60.0	79.5
 -59.0	77.5
 -58.0	82
 -57.0	72.6667
 -56.0	84.5
 -55.0	81
 -54.0	65.5
 -53.0	76.5
 -52.0	78
 -51.0	89.1667
 -50.0	85
 -49.0	68
 -48.0	94
 -47.0	95
 -46.0	75
 -45.0	70.5
 -44.0	92.5
 -43.0	80
 -42.0	97
 -41.0	94
 -40.0	69
 -39.0	94
 -38.0	100
 -37.0	98.5
 -36.0	93
 -35.0	81.3333
 -34.0	86
 -33.0	89
 -32.0	96
 -31.0	95.2262
 -30.0	100
 -29.0	92
 -28.0	85.1429
 -27.0	114
 -26.0	114
 -25.0	116.643
 -24.0	110.5
 -23.0	114.5
 -22.0	117.643
 -21.0	100
 -20.0	131
 -19.0	150.143
 -18.0	124
 -17.0	140
 -16.0	143.643
 -15.0	149.5
 -14.0	138.5
 -13.0	139.643
 -12.0	155
 -11.0	147.5
 -10.0	154
  -9.0	140
  -8.0	148
  -7.0	182
  -6.0	170.5
  -5.0	171
  -4.0	180
  -3.0	168.5
  -2.0	159
  -1.0	172
   0.0	189
   1.0	184
   2.0	185
   3.0	176.5
   4.0	167
   5.0	159.75
   6.0	177
   7.0	157
   8.0	152
   9.0	170.5
  10.0	145
  11.0	146
  12.0	132
  13.0	131
  14.0	135
  15.0	157
  16.0	140
  17.0	138.333
  18.0	126.5
  19.0	141.25
  20.0	118
  21.0	109.5
  22.0	120
  23.0	118.5
  24.0	112.5
  25.0	98.25
  26.0	85
  27.0	127
  28.0	98.25
  29.0	93
  30.0	103
  31.0	84.25
  32.0	95.5
  33.0	84
  34.0	98.25
  35.0	83
  36.0	93.5
  37.0	89.75
  38.0	101
  39.0	86
  40.0	78
  41.0	69.5
  42.0	77.5
  43.0	88
  44.0	89
  45.0	90
  46.0	87.5
  47.0	76.5
  48.0	75
  49.0	107.75
  50.0	73.3333
  51.0	88
  52.0	83.8333
  53.0	83.3333
  54.0	65
  55.0	88
  56.0	72.1667
  57.0	101
  58.0	69.5
  59.0	84.3333
  60.0	96.5
  61.0	78
  62.0	77.8333
  63.0	65
  64.0	72.5
  65.0	66.3333
  66.0	68
  67.0	85
  68.0	79
  69.0	76.25
  70.0	73.5
  71.0	80
  72.0	81
  73.0	89
  74.0	75.5
  75.0	69
  76.0	70
  77.0	79.5
  78.0	89.5
  79.0	86
  80.0	66.5
  81.0	59
  82.0	64.5
  83.0	82.5
  84.0	55.5
  85.0	86
  86.0	64
  87.0	91
  88.0	69.6667
  89.0	77.25
  90.0	78
  91.0	66.1667
  92.0	77.5
  93.0	68
  94.0	70.6667
  95.0	87.5
  96.0	85
  97.0	65.1667
  98.0	82
  99.0	68.5
 100.0	61.5
 101.0	84.25
 102.0	74.5
 103.0	71.1667
 104.0	72
 105.0	88
 106.0	71.5
 107.0	78
 108.0	80.5
DB 2 MOTIF	ASCL2_HUMAN.H11MO.0.D
-110.5	75
-109.5	65.5
-108.5	82.5
-107.5	82.5
-106.5	79.6667
-105.5	52.8333
-104.5	73
-103.5	61
-102.5	66.8333
-101.5	76
-100.5	74.25
 -99.5	66.5
 -98.5	82
 -97.5	73.25
 -96.5	58
 -95.5	75
 -94.5	71
 -93.5	70.8333
 -92.5	86.5
 -91.5	73.25
 -90.5	77.3333
 -89.5	91.5
 -88.5	74
 -87.5	80.5
 -86.5	70.5
 -85.5	69.5
 -84.5	82
 -83.5	60.5
 -82.5	79.5
 -81.5	71
 -80.5	82
 -79.5	76
 -78.5	83
 -77.5	84
 -76.5	63
 -75.5	75.5
 -74.5	79
 -73.5	79.5
 -72.5	70.5
 -71.5	77
 -70.5	76.5
 -69.5	76
 -68.5	73.5
 -67.5	71.5
 -66.5	79
 -65.5	60.5
 -64.5	105.333
 -63.5	86.3333
 -62.5	67.5
 -61.5	78
 -60.5	63.5
 -59.5	81.5
 -58.5	87.5
 -57.5	85.2
 -56.5	70
 -55.5	78
 -54.5	86
 -53.5	69.5
 -52.5	71
 -51.5	80
 -50.5	95.5
 -49.5	79.6667
 -48.5	80.5
 -47.5	72
 -46.5	89.3333
 -45.5	97.3333
 -44.5	67.5
 -43.5	93.6667
 -42.5	79
 -41.5	84
 -40.5	76.25
 -39.5	88
 -38.5	85.8333
 -37.5	97.3333
 -36.5	100.25
 -35.5	82.5
 -34.5	95.4444
 -33.5	77
 -32.5	100
 -31.5	93.2778
 -30.5	105
 -29.5	84
 -28.5	105.444
 -27.5	107.833
 -26.5	106.5
 -25.5	99.4444
 -24.5	113.25
 -23.5	117.833
 -22.5	126.444
 -21.5	124.833
 -20.5	121.2
 -19.5	133.111
 -18.5	144.5
 -17.5	127.5
 -16.5	156.611
 -15.5	138
 -14.5	148
 -13.5	161.944
 -12.5	147.5
 -11.5	148
 -10.5	154.611
  -9.5	157
  -8.5	154.5
  -7.5	148.5
  -6.5	172.5
  -5.5	180.333
  -4.5	176.5
  -3.5	170
  -2.5	177
  -1.5	173.5
  -0.5	187.833
   0.5	195.5
   1.5	188.5
   2.5	183
   3.5	184.833
   4.5	153.5
   5.5	199.25
   6.5	153.333
   7.5	169.5
   8.5	147
   9.5	188.5
  10.5	137.167
  11.5	132.5
  12.5	124
  13.5	133.333
  14.5	128.833
  15.5	172.5
  16.5	149.867
  17.5	131
  18.5	121.833
  19.5	121.75
  20.5	117
  21.5	101
  22.5	126
  23.5	110.5
  24.5	98.75
  25.5	97
  26.5	103.333
  27.5	117
  28.5	95.3333
  29.5	90.5
  30.5	97.5
  31.5	94
  32.5	85
  33.5	87.5
  34.5	80.3333
  35.5	90.8333
  36.5	92
  37.5	85.75
  38.5	89.5
  39.5	96.8333
  40.5	94
  41.5	73
  42.5	89
  43.5	92.75
  44.5	93.5
  45.5	78.5
  46.5	94.2
  47.5	82
  48.5	88
  49.5	84.7
  50.5	87.8333
  51.5	85.3333
  52.5	77.5333
  53.5	68.7
  54.5	74.5
  55.5	83.7833
  56.5	90.5
  57.5	83.8333
  58.5	92.7833
  59.5	82.5
  60.5	88.5
  61.5	71.5833
  62.5	82.5
  63.5	95.5
  64.5	69.4167
  65.5	59.5
  66.5	77.5
  67.5	71.5
  68.5	73.5
  69.5	79.25
  70.5	73
  71.5	77
  72.5	72
  73.5	88.5
  74.5	74.3333
  75.5	68.3333
  76.5	81
  77.5	80.75
  78.5	87
  79.5	72.5
  80.5	79.25
  81.5	62.5
  82.5	75.3333
  83.5	78.5
  84.5	76.5
  85.5	68.25
  86.5	78.1667
  87.5	65.6429
  88.5	74
  89.5	70.3333
  90.5	93.3429
  91.5	66.5
  92.5	68.5
  93.5	63.1429
  94.5	81
  95.5	84
  96.5	74.1429
  97.5	70.3333
  98.5	68
  99.5	64.6429
 100.5	64.1667
 101.5	82.25
 102.5	69.1429
 103.5	70
 104.5	66
 105.5	75.1429
 106.5	66.5
 107.5	76
 108.5	56.5
 109.5	69
 110.5	81.5
DB 2 MOTIF	ATF1_HUMAN.H11MO.0.B
-109.5	98.5
-108.5	89
-107.5	82
-106.5	93
-105.5	84
-104.5	99
-103.5	88
-102.5	88
-101.5	80
-100.5	89
 -99.5	80.5
 -98.5	84.5
 -97.5	87
 -96.5	68.5
 -95.5	107
 -94.5	100.5
 -93.5	76
 -92.5	80
 -91.5	97.5
 -90.5	96
 -89.5	96.5
 -88.5	78.5
 -87.5	83
 -86.5	80.3333
 -85.5	71
 -84.5	101
 -83.5	96
 -82.5	90
 -81.5	84
 -80.5	82
 -79.5	75
 -78.5	88
 -77.5	98
 -76.5	88
 -75.5	82
 -74.5	92.1429
 -73.5	84.5
 -72.5	73
 -71.5	80
 -70.5	92
 -69.5	78
 -68.5	70
 -67.5	76
 -66.5	83
 -65.5	97
 -64.5	89
 -63.5	90.5
 -62.5	73
 -61.5	86
 -60.5	79
 -59.5	85
 -58.5	87
 -57.5	85
 -56.5	92.5
 -55.5	67
 -54.5	82
 -53.5	75.5
 -52.5	89.5
 -51.5	89
 -50.5	87.5
 -49.5	81
 -48.5	99.5
 -47.5	93.1429
 -46.5	66
 -45.5	80
 -44.5	73
 -43.5	83.5
 -42.5	90.5
 -41.5	84
 -40.5	75.5
 -39.5	92
 -38.5	85.3333
 -37.5	58
 -36.5	75.5
 -35.5	84
 -34.5	88
 -33.5	102.5
 -32.5	95
 -31.5	85
 -30.5	94
 -29.5	91.5
 -28.5	93
 -27.5	86
 -26.5	103
 -25.5	95
 -24.5	85.5
 -23.5	106
 -22.5	86
 -21.5	96.5
 -20.5	94.5
 -19.5	88
 -18.5	112.643
 -17.5	101
 -16.5	97
 -15.5	103
 -14.5	93.5
 -13.5	91
 -12.5	114
 -11.5	87.5
 -10.5	88
  -9.5	109.5
  -8.5	90
  -7.5	100.333
  -6.5	100.5
  -5.5	104.5
  -4.5	85.5
  -3.5	72
  -2.5	92
  -1.5	88
  -0.5	78
   0.5	91
   1.5	65
   2.5	69.5
   3.5	77
   4.5	91.5
   5.5	85
   6.5	78
   7.5	86
   8.5	96.3333
   9.5	76
  10.5	81.1429
  11.5	100
  12.5	93.5
  13.5	90
  14.5	104.333
  15.5	105
  16.5	87
  17.5	91
  18.5	93
  19.5	85
  20.5	99
  21.5	84
  22.5	80
  23.5	89
  24.5	71
  25.5	99
  26.5	85
  27.5	94
  28.5	86
  29.5	90
  30.5	79
  31.5	86
  32.5	82
  33.5	77
  34.5	65.8333
  35.5	89
  36.5	101.5
  37.5	83.5
  38.5	64.5
  39.5	83.1429
  40.5	82
  41.5	91
  42.5	85.5
  43.5	87
  44.5	99
  45.5	67
  46.5	96
  47.5	74
  48.5	82
  49.5	92.5
  50.5	92
  51.5	75
  52.5	76
  53.5	78.5
  54.5	87.3333
  55.5	81.3333
  56.5	86
  57.5	90.5
  58.5	87.5
  59.5	77
  60.5	103.5
  61.5	90.5
  62.5	65
  63.5	85.5
  64.5	89
  65.5	78
  66.5	78.1429
  67.5	91.3333
  68.5	85
  69.5	96
  70.5	76
  71.5	100.833
  72.5	79.5
  73.5	86
  74.5	73
  75.5	76.5
  76.5	83.5
  77.5	80.5
  78.5	72
  79.5	78.5
  80.5	72
  81.5	93
  82.5	101.5
  83.5	92.5
  84.5	90.5
  85.5	77.5
  86.5	102
  87.5	71.3333
  88.5	91
  89.5	84
  90.5	86
  91.5	84
  92.5	79
  93.5	95.1429
  94.5	90
  95.5	78
  96.5	79
  97.5	80
  98.5	82.5
  99.5	86.5
 100.5	79.5
 101.5	94
 102.5	81
 103.5	85
 104.5	99
 105.5	83
 106.5	86
 107.5	89.3333
 108.5	84
 109.5	99.5
DB 2 MOTIF	ATF3_HUMAN.H11MO.0.A
-109.5	69
-108.5	56
-107.5	62
-106.5	55
-105.5	67.5
-104.5	60.5
-103.5	66
-102.5	54.2
-101.5	69
-100.5	52
 -99.5	65
 -98.5	59.5
 -97.5	54
 -96.5	65
 -95.5	48
 -94.5	56.5
 -93.5	62.5
 -92.5	53
 -91.5	58
 -90.5	74
 -89.5	62.5
 -88.5	52
 -87.5	65.8333
 -86.5	60.5
 -85.5	55
 -84.5	56
 -83.5	69
 -82.5	53
 -81.5	61
 -80.5	59
 -79.5	76
 -78.5	46
 -77.5	68
 -76.5	62
 -75.5	55
 -74.5	60
 -73.5	54
 -72.5	58
 -71.5	59.5
 -70.5	49.7
 -69.5	49.5
 -68.5	50
 -67.5	54
 -66.5	63
 -65.5	80.5
 -64.5	71
 -63.5	64.5
 -62.5	65
 -61.5	43
 -60.5	60
 -59.5	63
 -58.5	53
 -57.5	62
 -56.5	57
 -55.5	64
 -54.5	48
 -53.5	50
 -52.5	65.5
 -51.5	73.5
 -50.5	56
 -49.5	62
 -48.5	59
 -47.5	48
 -46.5	62
 -45.5	48
 -44.5	56
 -43.5	66
 -42.5	63
 -41.5	42.5
 -40.5	54.2
 -39.5	64
 -38.5	52
 -37.5	64.5
 -36.5	62.5
 -35.5	61
 -34.5	73
 -33.5	59
 -32.5	63
 -31.5	50.5
 -30.5	72
 -29.5	53
 -28.5	59
 -27.5	50
 -26.5	66.5
 -25.5	68.5
 -24.5	71
 -23.5	72
 -22.5	59
 -21.5	51.5
 -20.5	69
 -19.5	80
 -18.5	76
 -17.5	58.5
 -16.5	84.5
 -15.5	86.5
 -14.5	73.5
 -13.5	74.5
 -12.5	60.5
 -11.5	75
 -10.5	71
  -9.5	63
  -8.5	72.3333
  -7.5	51
  -6.5	66
  -5.5	67.5
  -4.5	54
  -3.5	52
  -2.5	78
  -1.5	61
  -0.5	59.5
   0.5	58
   1.5	50
   2.5	53
   3.5	60
   4.5	49.5
   5.5	55
   6.5	61
   7.5	58
   8.5	59
   9.5	61.5
  10.5	63.5
  11.5	77
  12.5	74
  13.5	60
  14.5	73
  15.5	57
  16.5	57.5
  17.5	59
  18.5	74.2
  19.5	87
  20.5	50
  21.5	56
  22.5	74.5
  23.5	68
  24.5	66.5
  25.5	58
  26.5	72.5
  27.5	56
  28.5	66.5
  29.5	58
  30.5	55.5
  31.5	58
  32.5	54
  33.5	67
  34.5	64
  35.5	61
  36.5	69.5
  37.5	44.5
  38.5	61
  39.5	56
  40.5	59.5
  41.5	52
  42.5	56.5
  43.5	64
  44.5	56
  45.5	63
  46.5	55
  47.5	64
  48.5	59.7
  49.5	69
  50.5	52
  51.5	55.5
  52.5	58
  53.5	56
  54.5	61.5
  55.5	62.5
  56.5	76.5
  57.5	74.5
  58.5	75
  59.5	62
  60.5	60
  61.5	59
  62.5	58
  63.5	57
  64.5	51
  65.5	51
  66.5	72.3333
  67.5	51
  68.5	69
  69.5	52.5
  70.5	59.8333
  71.5	49
  72.5	69
  73.5	55
  74.5	52
  75.5	52.5
  76.5	55.5
  77.5	75.5
  78.5	42
  79.5	45
  80.5	48
  81.5	53
  82.5	51
  83.5	70.5
  84.5	69
  85.5	53
  86.5	57.3333
  87.5	76
  88.5	57
  89.5	51
  90.5	63
  91.5	67.5
  92.5	71
  93.5	78
  94.5	64
  95.5	58
  96.5	60
  97.5	78
  98.5	60
  99.5	66
 100.5	64
 101.5	58.5
 102.5	58
 103.5	64
 104.5	68.5
 105.5	57.5
 106.5	70.3333
 107.5	58
 108.5	70.5
 109.5	62
DB 2 MOTIF	ATF6A_HUMAN.H11MO.0.B
-109.0	7
-108.0	15
-107.0	9
-106.0	11
-105.0	7
-104.0	6
-103.0	12
-102.0	6
-101.0	8
-100.0	9
 -99.0	14
 -98.0	10
 -97.0	8
 -96.0	8
 -95.0	11
 -94.0	12
 -93.0	7
 -92.0	10
 -91.0	4
 -90.0	6
 -89.0	11
 -88.0	15
 -87.0	9
 -86.0	9
 -85.0	7
 -84.0	9
 -83.0	10
 -82.0	13
 -81.0	9
 -80.0	7
 -79.0	8
 -78.0	12
 -77.0	6
 -76.0	11
 -75.0	9
 -74.0	12
 -73.0	8
 -72.0	17
 -71.0	16
 -70.0	8
 -69.0	11
 -68.0	12
 -67.0	12
 -66.0	10
 -65.0	14
 -64.0	13
 -63.0	6
 -62.0	8
 -61.0	8
 -60.0	10.75
 -59.0	11
 -58.0	10.5
 -57.0	14
 -56.0	10
 -55.0	14.5
 -54.0	13
 -53.0	10
 -52.0	8
 -51.0	11.5
 -50.0	11.5
 -49.0	9
 -48.0	16
 -47.0	8
 -46.0	8
 -45.0	8
 -44.0	11
 -43.0	9
 -42.0	11
 -41.0	12
 -40.0	9
 -39.0	4
 -38.0	11
 -37.0	15
 -36.0	9
 -35.0	8
 -34.0	6
 -33.0	9
 -32.0	8
 -31.0	10.25
 -30.0	9
 -29.0	15.5
 -28.0	12
 -27.0	8
 -26.0	10
 -25.0	9
 -24.0	13
 -23.0	11
 -22.0	11
 -21.0	11
 -20.0	9
 -19.0	11
 -18.0	11
 -17.0	15
 -16.0	11
 -15.0	10
 -14.0	12
 -13.0	10
 -12.0	16
 -11.0	8
 -10.0	10
  -9.0	14
  -8.0	15
  -7.0	14
  -6.0	12
  -5.0	20
  -4.0	14
  -3.0	9
  -2.0	11.25
  -1.0	19
   0.0	10
   1.0	7
   2.0	14
   3.0	7
   4.0	13
   5.0	15
   6.0	21
   7.0	7
   8.0	8
   9.0	15
  10.0	20
  11.0	14
  12.0	5
  13.0	13
  14.0	6
  15.0	9
  16.0	16
  17.0	16
  18.0	7.5
  19.0	8
  20.0	13
  21.0	11
  22.0	13
  23.0	10
  24.0	8
  25.0	12
  26.0	7
  27.0	12
  28.0	10
  29.0	14.5
  30.0	12
  31.0	10
  32.0	12
  33.0	8
  34.0	6
  35.0	8
  36.0	14
  37.0	8
  38.0	13
  39.0	8
  40.0	8
  41.0	11
  42.0	9
  43.0	13
  44.0	11
  45.0	16
  46.0	10
  47.0	7
  48.0	11.5
  49.0	12
  50.0	14
  51.0	9
  52.0	8.5
  53.0	9
  54.0	14.25
  55.0	8
  56.0	15
  57.0	11
  58.0	13
  59.0	15
  60.0	8
  61.0	4
  62.0	14
  63.0	11
  64.0	14.5
  65.0	5.5
  66.0	10
  67.0	6
  68.0	8
  69.0	9
  70.0	5
  71.0	7
  72.0	8
  73.0	9
  74.0	10
  75.0	8
  76.0	11
  77.0	17
  78.0	10
  79.0	6
  80.0	9
  81.0	8
  82.0	8
  83.0	9
  84.0	14
  85.0	7
  86.0	18
  87.0	13
  88.0	13
  89.0	8
  90.0	8.25
  91.0	8
  92.0	12
  93.0	10
  94.0	13
  95.0	12.25
  96.0	16
  97.0	8
  98.0	5
  99.0	11
 100.0	6.25
 101.0	6
 102.0	7
 103.0	11
 104.0	8
 105.0	8.25
 106.0	13
 107.0	10
 108.0	14
 109.0	17
DB 2 MOTIF	ATOH1_HUMAN.H11MO.0.B
-110.5	71.5
-109.5	62
-108.5	74
-107.5	71
-106.5	56.8333
-105.5	49.1667
-104.5	67
-103.5	53.75
-102.5	61.5
-101.5	60.5
-100.5	63.5
 -99.5	69.5
 -98.5	70.5
 -97.5	51.6667
 -96.5	44
 -95.5	55
 -94.5	59.25
 -93.5	57.5
 -92.5	71.5
 -91.5	62.25
 -90.5	69
 -89.5	75.5
 -88.5	62
 -87.5	73
 -86.5	56.5
 -85.5	66
 -84.5	72.0833
 -83.5	52
 -82.5	76.5
 -81.5	72
 -80.5	53.5
 -79.5	61
 -78.5	58.25
 -77.5	67.5
 -76.5	61.5
 -75.5	62.5
 -74.5	64
 -73.5	58.5
 -72.5	50.5
 -71.5	81
 -70.5	75.5
 -69.5	54
 -68.5	57
 -67.5	64
 -66.5	82
 -65.5	64
 -64.5	85.3333
 -63.5	66
 -62.5	61.3333
 -61.5	60.8333
 -60.5	65.1667
 -59.5	61.5
 -58.5	71.8333
 -57.5	81.8333
 -56.5	57
 -55.5	89
 -54.5	71.3333
 -53.5	58.5
 -52.5	85.5
 -51.5	68.5
 -50.5	84.5
 -49.5	63.3333
 -48.5	77
 -47.5	80
 -46.5	76.3333
 -45.5	79.5
 -44.5	75.5
 -43.5	82.5833
 -42.5	74
 -41.5	75
 -40.5	76
 -39.5	85
 -38.5	72.5
 -37.5	68.8333
 -36.5	95.5
 -35.5	73
 -34.5	87.9444
 -33.5	67.25
 -32.5	89.3333
 -31.5	67.9444
 -30.5	87.5
 -29.5	72.5
 -28.5	92.4444
 -27.5	109.833
 -26.5	88.5
 -25.5	88.1944
 -24.5	108
 -23.5	93.1667
 -22.5	101.444
 -21.5	102.833
 -20.5	118
 -19.5	89.6111
 -18.5	109
 -17.5	104.5
 -16.5	149.611
 -15.5	123
 -14.5	130
 -13.5	143.611
 -12.5	137
 -11.5	155.333
 -10.5	126.444
  -9.5	159.5
  -8.5	152.5
  -7.5	176.833
  -6.5	176
  -5.5	182.833
  -4.5	168
  -3.5	175
  -2.5	180
  -1.5	197
  -0.5	207.833
   0.5	212.833
   1.5	178
   2.5	211
   3.5	199
   4.5	181
   5.5	174.5
   6.5	169
   7.5	168.5
   8.5	168
   9.5	168
  10.5	132.5
  11.5	127.5
  12.5	140
  13.5	121.167
  14.5	114.5
  15.5	138.5
  16.5	121.25
  17.5	110
  18.5	109.333
  19.5	92
  20.5	94
  21.5	89.6667
  22.5	114
  23.5	93
  24.5	97.5
  25.5	88.5
  26.5	91.3333
  27.5	98.1667
  28.5	79.8333
  29.5	82
  30.5	88.6667
  31.5	82
  32.5	82.5
  33.5	76.6667
  34.5	80.5
  35.5	79.8333
  36.5	96.9167
  37.5	94.5
  38.5	75.5
  39.5	87.5
  40.5	72.5
  41.5	73
  42.5	72
  43.5	83.75
  44.5	70
  45.5	70.5
  46.5	66.7
  47.5	82.3333
  48.5	78
  49.5	84.7
  50.5	88.6667
  51.5	68.8333
  52.5	63.5333
  53.5	64.5
  54.5	56.5
  55.5	63.2833
  56.5	71
  57.5	71.8333
  58.5	68.7833
  59.5	69.8333
  60.5	73.5
  61.5	74.5833
  62.5	59.5
  63.5	73
  64.5	68.5833
  65.5	46.8333
  66.5	64.5
  67.5	62
  68.5	66
  69.5	69
  70.5	67
  71.5	73
  72.5	47.5
  73.5	75.5
  74.5	64.5
  75.5	61
  76.5	71.5
  77.5	65.5
  78.5	62.5
  79.5	51
  80.5	62.25
  81.5	52
  82.5	60.5
  83.5	59.5
  84.5	53
  85.5	66
  86.5	60.3333
  87.5	63.6667
  88.5	61.25
  89.5	54
  90.5	82.5
  91.5	56.5
  92.5	60
  93.5	68
  94.5	63.3333
  95.5	69.5
  96.5	47
  97.5	73.25
  98.5	58.5
  99.5	64.5
 100.5	51.3333
 101.5	51.5
 102.5	60.5
 103.5	66
 104.5	59.5
 105.5	63.5
 106.5	55.3333
 107.5	53.5
 108.5	47.3333
 109.5	64
 110.5	72
DB 2 MOTIF	BACH1_HUMAN.H11MO.0.A
-108.5	65.5
-107.5	53
-106.5	80
-105.5	61
-104.5	58
-103.5	68
-102.5	68
-101.5	63.5
-100.5	69
 -99.5	81
 -98.5	63
 -97.5	66
 -96.5	75.5
 -95.5	69
 -94.5	54.5
 -93.5	78
 -92.5	60.3333
 -91.5	61
 -90.5	64
 -89.5	71
 -88.5	77
 -87.5	73
 -86.5	75
 -85.5	57
 -84.5	75
 -83.5	65
 -82.5	79
 -81.5	61.5
 -80.5	50
 -79.5	61
 -78.5	84.5
 -77.5	67
 -76.5	73.5
 -75.5	74
 -74.5	74
 -73.5	78
 -72.5	68
 -71.5	66.5
 -70.5	60.3333
 -69.5	70
 -68.5	63
 -67.5	62
 -66.5	69
 -65.5	83
 -64.5	73
 -63.5	66
 -62.5	72
 -61.5	75
 -60.5	69
 -59.5	75
 -58.5	67.5
 -57.5	82
 -56.5	63.5
 -55.5	68
 -54.5	70.5
 -53.5	88
 -52.5	73
 -51.5	75
 -50.5	63
 -49.5	89
 -48.5	83.3333
 -47.5	70
 -46.5	64
 -45.5	69
 -44.5	74
 -43.5	60
 -42.5	75
 -41.5	80
 -40.5	79
 -39.5	83
 -38.5	66.5
 -37.5	80.5
 -36.5	69.5
 -35.5	71.5
 -34.5	76
 -33.5	68
 -32.5	85
 -31.5	63
 -30.5	70.5
 -29.5	90
 -28.5	89.5
 -27.5	69
 -26.5	78
 -25.5	84
 -24.5	89.5
 -23.5	90
 -22.5	82
 -21.5	77
 -20.5	90.5
 -19.5	81
 -18.5	85.5
 -17.5	83.5
 -16.5	100
 -15.5	84
 -14.5	79.5
 -13.5	81.5
 -12.5	100.5
 -11.5	70
 -10.5	80
  -9.5	92
  -8.5	80
  -7.5	82
  -6.5	84
  -5.5	75
  -4.5	75
  -3.5	78
  -2.5	66
  -1.5	73
  -0.5	77.5
   0.5	69
   1.5	82
   2.5	69.5
   3.5	93
   4.5	81.5
   5.5	97.5
   6.5	86
   7.5	62
   8.5	74
   9.5	63
  10.5	73.25
  11.5	80.5
  12.5	82
  13.5	94.5
  14.5	91
  15.5	88
  16.5	99
  17.5	65
  18.5	114.5
  19.5	58
  20.5	65
  21.5	90
  22.5	96
  23.5	89
  24.5	83
  25.5	93.5
  26.5	73
  27.5	79
  28.5	95
  29.5	71
  30.5	83
  31.5	67
  32.5	82
  33.5	92
  34.5	79.5
  35.5	71.5
  36.5	79
  37.5	75
  38.5	63
  39.5	86
  40.5	80
  41.5	64
  42.5	64.25
  43.5	72
  44.5	78
  45.5	78
  46.5	82
  47.5	77
  48.5	69.5
  49.5	76
  50.5	76.5
  51.5	65
  52.5	84
  53.5	67
  54.5	89
  55.5	79
  56.5	70
  57.5	71
  58.5	77.5
  59.5	69
  60.5	78
  61.5	66
  62.5	70
  63.5	74
  64.5	77
  65.5	72.5
  66.5	59
  67.5	76
  68.5	67
  69.5	70
  70.5	78
  71.5	56.5
  72.5	77
  73.5	72.5
  74.5	65.75
  75.5	76
  76.5	56
  77.5	60.5
  78.5	63.5
  79.5	86.5
  80.5	67
  81.5	79
  82.5	70.5
  83.5	60.5
  84.5	71.5
  85.5	63
  86.5	59.5
  87.5	89
  88.5	61
  89.5	76.5
  90.5	72
  91.5	68
  92.5	67
  93.5	60
  94.5	64
  95.5	66
  96.5	93.5
  97.5	75
  98.5	79.5
  99.5	68
 100.5	67
 101.5	82
 102.5	72
 103.5	85
 104.5	75.5
 105.5	50
 106.5	99.75
 107.5	62.5
 108.5	63
DB 2 MOTIF	BHA15_HUMAN.H11MO.0.B
-109.5	68
-108.5	79
-107.5	73
-106.5	64.8333
-105.5	64.5
-104.5	57.75
-103.5	76.3333
-102.5	62.5
-101.5	56
-100.5	72
 -99.5	63
 -98.5	54
 -97.5	73.5
 -96.5	76
 -95.5	70
 -94.5	75
 -93.5	60.25
 -92.5	55.3333
 -91.5	62
 -90.5	71.5
 -89.5	67
 -88.5	78
 -87.5	77
 -86.5	71.5
 -85.5	73.25
 -84.5	80
 -83.5	72.3333
 -82.5	52
 -81.5	66
 -80.5	72.5
 -79.5	55
 -78.5	61
 -77.5	76.5
 -76.5	67
 -75.5	70
 -74.5	82.5
 -73.5	74
 -72.5	87
 -71.5	69.5
 -70.5	78.5
 -69.5	79.5
 -68.5	74.5
 -67.5	59
 -66.5	58.5
 -65.5	88.5
 -64.5	74.5
 -63.5	76.5
 -62.5	78
 -61.5	62
 -60.5	67
 -59.5	76
 -58.5	78.5
 -57.5	81.3333
 -56.5	82
 -55.5	81.5
 -54.5	74
 -53.5	81.5
 -52.5	69
 -51.5	81.5
 -50.5	94.8333
 -49.5	82.5
 -48.5	75.5
 -47.5	86.5
 -46.5	75.5
 -45.5	73.5
 -44.5	105.583
 -43.5	78.5
 -42.5	81.5
 -41.5	97
 -40.5	97
 -39.5	76
 -38.5	87
 -37.5	97
 -36.5	76
 -35.5	102.5
 -34.5	80.5
 -33.5	100.125
 -32.5	83.75
 -31.5	94.3333
 -30.5	97.4583
 -29.5	106
 -28.5	100
 -27.5	91.4583
 -26.5	114
 -25.5	110.25
 -24.5	88.2083
 -23.5	121.5
 -22.5	109.5
 -21.5	101.958
 -20.5	101.5
 -19.5	128
 -18.5	122.125
 -17.5	119.5
 -16.5	137.5
 -15.5	162.125
 -14.5	155
 -13.5	134.5
 -12.5	158.125
 -11.5	161
 -10.5	185
  -9.5	181.5
  -8.5	170
  -7.5	189
  -6.5	206
  -5.5	186.5
  -4.5	213.833
  -3.5	206
  -2.5	230
  -1.5	220.833
  -0.5	228
   0.5	225
   1.5	224.5
   2.5	226.833
   3.5	214
   4.5	214.25
   5.5	185.5
   6.5	199
   7.5	184.833
   8.5	206
   9.5	156.5
  10.5	171.5
  11.5	164.5
  12.5	145.25
  13.5	137.5
  14.5	147.5
  15.5	145.25
  16.5	142.5
  17.5	127.333
  18.5	116
  19.5	114.5
  20.5	105.5
  21.5	136.5
  22.5	109.2
  23.5	114
  24.5	108.5
  25.5	97.2
  26.5	92
  27.5	92.3333
  28.5	105.45
  29.5	102.833
  30.5	78.5
  31.5	76.2
  32.5	83.5
  33.5	86.5
  34.5	96.2
  35.5	78.25
  36.5	102.25
  37.5	83.5
  38.5	102
  39.5	92.5
  40.5	77.5
  41.5	89
  42.5	83
  43.5	84.5
  44.5	85
  45.5	78
  46.5	75
  47.5	85.2
  48.5	89
  49.5	83.25
  50.5	70.7
  51.5	79.3333
  52.5	76
  53.5	60.7
  54.5	74.5
  55.5	94
  56.5	78.5333
  57.5	77.8333
  58.5	79.3333
  59.5	84.5333
  60.5	83.8333
  61.5	65
  62.5	83.8333
  63.5	72.8333
  64.5	64
  65.5	69.8333
  66.5	76
  67.5	66.5
  68.5	66.25
  69.5	67
  70.5	87
  71.5	64.5
  72.5	94.5
  73.5	78
  74.5	70
  75.5	72.5
  76.5	62.75
  77.5	63.5
  78.5	54
  79.5	74
  80.5	68.5
  81.5	76.5
  82.5	76
  83.5	62.5
  84.5	77.5
  85.5	66
  86.5	66.25
  87.5	77.8333
  88.5	53.6667
  89.5	78.25
  90.5	62
  91.5	78.1667
  92.5	69
  93.5	73
  94.5	59.1667
  95.5	71
  96.5	63.75
  97.5	71.1667
  98.5	67
  99.5	59.8333
 100.5	70.4167
 101.5	70
 102.5	71
 103.5	69.6667
 104.5	71
 105.5	62
 106.5	60.5
 107.5	80
 108.5	74
 109.5	63.5
DB 2 MOTIF	BHE23_HUMAN.H11MO.0.D
-109.0	144
-108.0	150
-107.0	125.5
-106.0	136.5
-105.0	121.5
-104.0	162.833
-103.0	130
-102.0	132
-101.0	145.2
-100.0	133
 -99.0	122
 -98.0	140.7
 -97.0	122.5
 -96.0	122
 -95.0	104.7
 -94.0	151
 -93.0	126.5
 -92.0	117.7
 -91.0	144
 -90.0	132.5
 -89.0	115.033
 -88.0	126
 -87.0	127
 -86.0	129.5
 -85.0	149.5
 -84.0	117
 -83.0	137
 -82.0	138.25
 -81.0	108.2
 -80.0	153
 -79.0	129.75
 -78.0	130.5
 -77.0	106.5
 -76.0	126.5
 -75.0	113.5
 -74.0	132
 -73.0	130
 -72.0	121.333
 -71.0	139.5
 -70.0	131
 -69.0	131
 -68.0	128
 -67.0	117
 -66.0	145
 -65.0	121.367
 -64.0	119.5
 -63.0	106.833
 -62.0	157
 -61.0	112.5
 -60.0	133.5
 -59.0	134.5
 -58.0	134
 -57.0	121.5
 -56.0	129
 -55.0	118
 -54.0	112
 -53.0	120
 -52.0	122.5
 -51.0	125
 -50.0	143
 -49.0	119.5
 -48.0	119.333
 -47.0	111.5
 -46.0	120.5
 -45.0	144.5
 -44.0	113
 -43.0	114.5
 -42.0	121
 -41.0	110
 -40.0	123.5
 -39.0	130
 -38.0	141
 -37.0	127.833
 -36.0	116.5
 -35.0	117.5
 -34.0	143.5
 -33.0	132.833
 -32.0	151.5
 -31.0	127
 -30.0	123.5
 -29.0	131
 -28.0	113
 -27.0	114.5
 -26.0	135.25
 -25.0	113.833
 -24.0	122
 -23.0	127
 -22.0	131.333
 -21.0	139.5
 -20.0	129.5
 -19.0	133.583
 -18.0	141.7
 -17.0	150.5
 -16.0	137.5
 -15.0	166.5
 -14.0	151
 -13.0	163
 -12.0	137.167
 -11.0	158.5
 -10.0	169.5
  -9.0	169
  -8.0	200.5
  -7.0	175.5
  -6.0	192.5
  -5.0	186.5
  -4.0	200
  -3.0	183
  -2.0	191.5
  -1.0	200.5
   0.0	188
   1.0	204
   2.0	191
   3.0	184
   4.0	205.5
   5.0	189
   6.0	182.5
   7.0	181
   8.0	173.5
   9.0	161
  10.0	154
  11.0	142
  12.0	147
  13.0	155.5
  14.0	160
  15.0	157.333
  16.0	143
  17.0	151.5
  18.0	135
  19.0	117
  20.0	138.5
  21.0	140
  22.0	120
  23.0	121
  24.0	108.833
  25.0	133
  26.0	119
  27.0	128.25
  28.0	112
  29.0	135.2
  30.0	126.5
  31.0	116
  32.0	139
  33.0	132.5
  34.0	126
  35.0	131.5
  36.0	145.5
  37.0	119
  38.0	125
  39.0	111
  40.0	124
  41.0	141
  42.0	119.5
  43.0	129.5
  44.0	111.75
  45.0	127
  46.0	129.5
  47.0	121
  48.0	115.5
  49.0	134.5
  50.0	108.5
  51.0	122.5
  52.0	111.5
  53.0	137
  54.0	123
  55.0	118.5
  56.0	132.5
  57.0	132.5
  58.0	124
  59.0	105.5
  60.0	120
  61.0	118.5
  62.0	127
  63.0	114.833
  64.0	137.5
  65.0	120
  66.0	112
  67.0	123
  68.0	117.5
  69.0	126
  70.0	151.5
  71.0	128.5
  72.0	128.5
  73.0	136.5
  74.0	112
  75.0	118
  76.0	135.5
  77.0	139.2
  78.0	126
  79.0	130.5
  80.0	125.25
  81.0	126.5
  82.0	113.5
  83.0	107.5
  84.0	121.5
  85.0	112.5
  86.0	115
  87.0	119
  88.0	127.5
  89.0	117.5
  90.0	120
  91.0	123
  92.0	128.5
  93.0	128
  94.0	123.333
  95.0	146.5
  96.0	127.5
  97.0	124
  98.0	127
  99.0	132
 100.0	144.5
 101.0	144.833
 102.0	133.5
 103.0	132.5
 104.0	116.333
 105.0	132.5
 106.0	132.5
 107.0	128.583
 108.0	129
 109.0	130.5
DB 2 MOTIF	BHE40_HUMAN.H11MO.0.A
-110.0	51.1429
-109.0	61
-108.0	58
-107.0	53
-106.0	66
-105.0	51.5
-104.0	62.6429
-103.0	65
-102.0	55
-101.0	63
-100.0	62.5
 -99.0	58
 -98.0	67.6429
 -97.0	55
 -96.0	59.5
 -95.0	69
 -94.0	63
 -93.0	60.5
 -92.0	63.1429
 -91.0	62
 -90.0	64.5
 -89.0	47.5
 -88.0	75
 -87.0	73
 -86.0	68
 -85.0	61
 -84.0	55.3333
 -83.0	68
 -82.0	45.5
 -81.0	68
 -80.0	67
 -79.0	52.5
 -78.0	71
 -77.0	56.5
 -76.0	51
 -75.0	56
 -74.0	42
 -73.0	71
 -72.0	55.5
 -71.0	71
 -70.0	47
 -69.0	53.5
 -68.0	50.3333
 -67.0	67
 -66.0	64
 -65.0	72
 -64.0	69
 -63.0	58
 -62.0	65.1429
 -61.0	75.5
 -60.0	76
 -59.0	56.5
 -58.0	53
 -57.0	63.5
 -56.0	49.6429
 -55.0	73.5
 -54.0	54
 -53.0	62
 -52.0	59
 -51.0	58
 -50.0	60.1429
 -49.0	60.5
 -48.0	45
 -47.0	67
 -46.0	58.8333
 -45.0	63
 -44.0	63.3333
 -43.0	57
 -42.0	64.5
 -41.0	65.5
 -40.0	64
 -39.0	59.5
 -38.0	55.5
 -37.0	76.5
 -36.0	55
 -35.0	67
 -34.0	56
 -33.0	55
 -32.0	58.3333
 -31.0	65.5
 -30.0	59
 -29.0	52
 -28.0	59.5
 -27.0	69
 -26.0	59
 -25.0	67
 -24.0	72.5
 -23.0	60
 -22.0	71
 -21.0	80
 -20.0	72.5
 -19.0	73.5
 -18.0	57
 -17.0	77.5
 -16.0	68.5
 -15.0	81
 -14.0	84
 -13.0	76
 -12.0	67
 -11.0	69
 -10.0	61.3333
  -9.0	79.5
  -8.0	75.25
  -7.0	72.5
  -6.0	73
  -5.0	58
  -4.0	78.5
  -3.0	82
  -2.0	74
  -1.0	79
   0.0	76
   1.0	73
   2.0	57
   3.0	76
   4.0	59
   5.0	63.5
   6.0	57
   7.0	85
   8.0	73
   9.0	63
  10.0	74.5
  11.0	55.5
  12.0	56.5
  13.0	72
  14.0	83.3333
  15.0	71
  16.0	70.3333
  17.0	73
  18.0	77
  19.0	76
  20.0	82
  21.0	69
  22.0	60.5
  23.0	66
  24.0	67
  25.0	60
  26.0	69
  27.0	61.5
  28.0	69
  29.0	47.8333
  30.0	67.5
  31.0	65.5
  32.0	72.5
  33.0	64.75
  34.0	60
  35.0	48
  36.0	62
  37.0	69
  38.0	46
  39.0	64
  40.0	72
  41.0	54.5
  42.0	57
  43.0	52
  44.0	69
  45.0	60.5
  46.0	49.5
  47.0	66
  48.0	52
  49.0	36
  50.0	86
  51.0	54
  52.0	56
  53.0	66.5
  54.0	62
  55.0	69
  56.0	54.5
  57.0	50
  58.0	78
  59.0	60.5
  60.0	59
  61.0	72
  62.0	49.5
  63.0	61
  64.0	52.3333
  65.0	53.5
  66.0	68
  67.0	71
  68.0	54.0833
  69.0	52
  70.0	58
  71.0	64
  72.0	68
  73.0	37
  74.0	58
  75.0	60
  76.0	64
  77.0	59
  78.0	56
  79.0	49.5
  80.0	57
  81.0	62
  82.0	71.5
  83.0	60
  84.0	56.5
  85.0	60
  86.0	66
  87.0	43
  88.0	50.5
  89.0	58.5
  90.0	59
  91.0	61
  92.0	74
  93.0	82
  94.0	70.5
  95.0	51
  96.0	58
  97.0	50.3333
  98.0	50
  99.0	55.5
 100.0	47.5
 101.0	44
 102.0	56
 103.0	55.25
 104.0	61
 105.0	54
 106.0	65
 107.0	62
 108.0	47.5
 109.0	50
 110.0	63
DB 2 MOTIF	BHE41_HUMAN.H11MO.0.D
-105.0	30
-104.0	30
-103.0	29.5
-102.0	27
-101.0	36
-100.0	33
 -99.0	29
 -98.0	28
 -97.0	24
 -96.0	32
 -95.0	40
 -94.0	29
 -93.0	36
 -92.0	35
 -91.0	22
 -90.0	32
 -89.0	28
 -88.0	26.5
 -87.0	33
 -86.0	42
 -85.0	37
 -84.0	22
 -83.0	34.5
 -82.0	33
 -81.0	36.5
 -80.0	30
 -79.0	27
 -78.0	27
 -77.0	35
 -76.0	29
 -75.0	34
 -74.0	23
 -73.0	34
 -72.0	26.5
 -71.0	29
 -70.0	34
 -69.0	29
 -68.0	34.5
 -67.0	38
 -66.0	40
 -65.0	37.5
 -64.0	40
 -63.0	34
 -62.0	41.5
 -61.0	21
 -60.0	36
 -59.0	30
 -58.0	27
 -57.0	38
 -56.0	31
 -55.0	31
 -54.0	28
 -53.0	41
 -52.0	43
 -51.0	44
 -50.0	39
 -49.0	29
 -48.0	26
 -47.0	40
 -46.0	45
 -45.0	23
 -44.0	33
 -43.0	45.5
 -42.0	37
 -41.0	28
 -40.0	49
 -39.0	34
 -38.0	31
 -37.0	52
 -36.0	36
 -35.0	45
 -34.0	33
 -33.0	28
 -32.0	39.3333
 -31.0	41
 -30.0	48
 -29.0	38
 -28.0	54
 -27.0	56
 -26.0	49.25
 -25.0	60
 -24.0	54
 -23.0	39
 -22.0	46
 -21.0	36
 -20.0	46.5
 -19.0	42
 -18.0	58.5
 -17.0	52
 -16.0	68
 -15.0	60
 -14.0	70
 -13.0	71
 -12.0	78.5
 -11.0	66
 -10.0	75
  -9.0	92
  -8.0	86
  -7.0	87
  -6.0	106
  -5.0	103
  -4.0	87
  -3.0	93
  -2.0	79.5
  -1.0	120
   0.0	102
   1.0	85
   2.0	104
   3.0	93
   4.0	86
   5.0	83
   6.0	76
   7.0	97
   8.0	79
   9.0	86
  10.0	112
  11.0	63.25
  12.0	61
  13.0	75.5
  14.0	72.5
  15.0	53
  16.0	49.3333
  17.0	46
  18.0	41
  19.0	37
  20.0	49
  21.0	49
  22.0	49
  23.0	48
  24.0	43
  25.0	45.5
  26.0	45
  27.0	51
  28.0	33
  29.0	41
  30.0	47
  31.0	36
  32.0	33
  33.0	43
  34.0	40
  35.0	41
  36.0	46
  37.0	39
  38.0	28
  39.0	46
  40.0	39
  41.0	40
  42.0	24
  43.0	33
  44.0	41
  45.0	29
  46.0	40.5
  47.0	36
  48.0	38.25
  49.0	29.5
  50.0	42
  51.0	34
  52.0	30
  53.0	30
  54.0	25
  55.0	27
  56.0	33.5
  57.0	34
  58.0	44
  59.0	36
  60.0	26
  61.0	43
  62.0	37.5
  63.0	32
  64.0	25.3333
  65.0	28.5
  66.0	40
  67.0	27
  68.0	42
  69.0	26
  70.0	31
  71.0	32
  72.0	37
  73.0	24
  74.0	29
  75.0	38.5
  76.0	39
  77.0	33.5
  78.0	24
  79.0	28
  80.0	41
  81.0	32
  82.0	46.5
  83.0	36
  84.0	30
  85.0	25.25
  86.0	28.5
  87.0	34
  88.0	43
  89.0	32
  90.0	24
  91.0	37
  92.0	21
  93.0	38
  94.0	36
  95.0	31.5
  96.0	28.5
  97.0	26
  98.0	38
  99.0	35
 100.0	33
 101.0	32.5
 102.0	29
 103.0	26
 104.0	24
 105.0	24
DB 2 MOTIF	BMAL1_HUMAN.H11MO.0.A
-109.5	79
-108.5	75.5
-107.5	85
-106.5	91
-105.5	76.5
-104.5	64.5
-103.5	84
-102.5	66
-101.5	82
-100.5	67
 -99.5	60
 -98.5	67
 -97.5	79
 -96.5	56
 -95.5	69.5
 -94.5	66
 -93.5	82.5
 -92.5	74
 -91.5	70.5
 -90.5	71.5
 -89.5	70
 -88.5	73.5
 -87.5	78
 -86.5	74
 -85.5	66
 -84.5	82
 -83.5	77
 -82.5	79
 -81.5	76.5
 -80.5	75
 -79.5	76
 -78.5	92.5
 -77.5	79
 -76.5	76
 -75.5	74
 -74.5	67.5
 -73.5	73.5
 -72.5	72
 -71.5	68.5
 -70.5	80
 -69.5	72
 -68.5	57.5
 -67.5	80
 -66.5	83
 -65.5	77
 -64.5	86
 -63.5	80.5
 -62.5	88
 -61.5	72
 -60.5	102.5
 -59.5	65
 -58.5	67.5
 -57.5	79.5
 -56.5	68
 -55.5	70.5
 -54.5	79.5
 -53.5	71
 -52.5	83.5
 -51.5	74
 -50.5	83.5
 -49.5	66
 -48.5	86.5
 -47.5	79
 -46.5	80
 -45.5	75.5
 -44.5	70.3333
 -43.5	77.5
 -42.5	65.5
 -41.5	63
 -40.5	69
 -39.5	78
 -38.5	73
 -37.5	79.5
 -36.5	90
 -35.5	75
 -34.5	72
 -33.5	69
 -32.5	69.5
 -31.5	83
 -30.5	77
 -29.5	88
 -28.5	73.5
 -27.5	79.5
 -26.5	61.5
 -25.5	102
 -24.5	101
 -23.5	101.5
 -22.5	85.5
 -21.5	90
 -20.5	93.5
 -19.5	74
 -18.5	88
 -17.5	72
 -16.5	112
 -15.5	90.5
 -14.5	100.5
 -13.5	86.5
 -12.5	96.5
 -11.5	93
 -10.5	87.5
  -9.5	97.5
  -8.5	87
  -7.5	85
  -6.5	98
  -5.5	115
  -4.5	91
  -3.5	95
  -2.5	98.5
  -1.5	83.5
  -0.5	104.25
   0.5	100
   1.5	83
   2.5	114.5
   3.5	100.5
   4.5	77.5
   5.5	95.5
   6.5	89
   7.5	107.5
   8.5	93.5
   9.5	91.5
  10.5	80
  11.5	75
  12.5	83
  13.5	95.3333
  14.5	91
  15.5	93.5
  16.5	93
  17.5	96.5
  18.5	96
  19.5	108
  20.5	81.5
  21.5	87.5
  22.5	80.5
  23.5	98
  24.5	58
  25.5	74
  26.5	71
  27.5	90
  28.5	67
  29.5	83.75
  30.5	87
  31.5	88
  32.5	96
  33.5	76
  34.5	70
  35.5	76
  36.5	84.5
  37.5	68.5
  38.5	59
  39.5	95.5
  40.5	86.5
  41.5	72.75
  42.5	66
  43.5	76.5
  44.5	87
  45.5	70
  46.5	68.5
  47.5	75
  48.5	67.5
  49.5	71.5
  50.5	78
  51.5	70
  52.5	77.5
  53.5	76
  54.5	75
  55.5	67.75
  56.5	66
  57.5	66
  58.5	100.5
  59.5	66
  60.5	78
  61.5	71
  62.5	56
  63.5	95.5
  64.5	67
  65.5	79
  66.5	96
  67.5	89
  68.5	70
  69.5	69
  70.5	68.5
  71.5	88
  72.5	75.5
  73.5	70.5
  74.5	72
  75.5	83.5
  76.5	66.5
  77.5	103.5
  78.5	74.5
  79.5	66
  80.5	80.5
  81.5	84
  82.5	78
  83.5	77
  84.5	66
  85.5	76
  86.5	78
  87.5	60
  88.5	47.5
  89.5	75
  90.5	71
  91.5	65
  92.5	95.5
  93.5	81
  94.5	80
  95.5	64
  96.5	60.3333
  97.5	69.5
  98.5	71.5
  99.5	73
 100.5	71.5
 101.5	91.5
 102.5	70
 103.5	64
 104.5	84
 105.5	79
 106.5	80.5
 107.5	74.5
 108.5	70.5
 109.5	76.5
DB 2 MOTIF	CEBPD_HUMAN.H11MO.0.C
-109.5	149
-108.5	101.5
-107.5	86
-106.5	106.5
-105.5	107
-104.5	109.25
-103.5	111
-102.5	91.75
-101.5	111
-100.5	99
 -99.5	107.5
 -98.5	108
 -97.5	105
 -96.5	114
 -95.5	96.25
 -94.5	94
 -93.5	96
 -92.5	113
 -91.5	102.5
 -90.5	103.5
 -89.5	106
 -88.5	97
 -87.5	105
 -86.5	98.5
 -85.5	120
 -84.5	105
 -83.5	107
 -82.5	101
 -81.5	111
 -80.5	100.5
 -79.5	119
 -78.5	99.5
 -77.5	96.5
 -76.5	111
 -75.5	100
 -74.5	124.5
 -73.5	96
 -72.5	103
 -71.5	104
 -70.5	102.5
 -69.5	112.5
 -68.5	106
 -67.5	97.5
 -66.5	114
 -65.5	104
 -64.5	100
 -63.5	113
 -62.5	106
 -61.5	101
 -60.5	87
 -59.5	115
 -58.5	111
 -57.5	113.5
 -56.5	94
 -55.5	106
 -54.5	111.5
 -53.5	89.5
 -52.5	105
 -51.5	115
 -50.5	100
 -49.5	96.5
 -48.5	108.5
 -47.5	92
 -46.5	114
 -45.5	74
 -44.5	112
 -43.5	121.5
 -42.5	108.5
 -41.5	128.5
 -40.5	94
 -39.5	108
 -38.5	120.5
 -37.5	117
 -36.5	99
 -35.5	108.25
 -34.5	105
 -33.5	110.5
 -32.5	111
 -31.5	131.5
 -30.5	119.5
 -29.5	119.5
 -28.5	137.5
 -27.5	106
 -26.5	120.5
 -25.5	115
 -24.5	114.5
 -23.5	114.5
 -22.5	117
 -21.5	117
 -20.5	136
 -19.5	123
 -18.5	124.5
 -17.5	127
 -16.5	130.5
 -15.5	104.5
 -14.5	127
 -13.5	139.5
 -12.5	102
 -11.5	133.5
 -10.5	110
  -9.5	119
  -8.5	94
  -7.5	112
  -6.5	109
  -5.5	113.5
  -4.5	115
  -3.5	91.5
  -2.5	94
  -1.5	86
  -0.5	101.5
   0.5	113
   1.5	108
   2.5	98
   3.5	95
   4.5	116
   5.5	122.5
   6.5	99
   7.5	123
   8.5	113
   9.5	122
  10.5	129.5
  11.5	128.5
  12.5	128.5
  13.5	136.833
  14.5	103
  15.5	102
  16.5	136
  17.5	107
  18.5	131.5
  19.5	136.25
  20.5	125
  21.5	132.75
  22.5	111
  23.5	108
  24.5	114.25
  25.5	118
  26.5	117.5
  27.5	147
  28.5	106
  29.5	79
  30.5	121
  31.5	88.5
  32.5	102
  33.5	99.5
  34.5	108.5
  35.5	116.5
  36.5	105
  37.5	100
  38.5	103
  39.5	96
  40.5	105.5
  41.5	101.5
  42.5	112.5
  43.5	101
  44.5	105
  45.5	116.5
  46.5	97
  47.5	101
  48.5	113.5
  49.5	107
  50.5	109
  51.5	91
  52.5	94
  53.5	103
  54.5	121
  55.5	106
  56.5	104
  57.5	109
  58.5	105.5
  59.5	99
  60.5	89.5
  61.5	94.3333
  62.5	103.5
  63.5	119
  64.5	117.5
  65.5	112.5
  66.5	90.5
  67.5	109
  68.5	100.5
  69.5	90
  70.5	97
  71.5	103.5
  72.5	81
  73.5	115
  74.5	106
  75.5	102.5
  76.5	101
  77.5	97
  78.5	121.5
  79.5	115
  80.5	103.75
  81.5	118
  82.5	91.5
  83.5	127
  84.5	109.25
  85.5	105.75
  86.5	106.5
  87.5	99.5
  88.5	125
  89.5	104.5
  90.5	98
  91.5	91
  92.5	111
  93.5	113
  94.5	93
  95.5	108.5
  96.5	108
  97.5	105.5
  98.5	106.5
  99.5	96.5
 100.5	106.5
 101.5	109
 102.5	91
 103.5	135.5
 104.5	102
 105.5	105.5
 106.5	97
 107.5	109
 108.5	105
 109.5	111.333
DB 2 MOTIF	CLOCK_HUMAN.H11MO.0.C
-108.0	135.214
-107.0	145.675
-106.0	140.214
-105.0	130.675
-104.0	122.214
-103.0	131.175
-102.0	128.214
-101.0	106.675
-100.0	143.214
 -99.0	124.425
 -98.0	138.714
 -97.0	123.225
 -96.0	117.714
 -95.0	113.725
 -94.0	135.294
 -93.0	92.725
 -92.0	108.627
 -91.0	143.2
 -90.0	108.294
 -89.0	118.2
 -88.0	127.294
 -87.0	147.6
 -86.0	124.294
 -85.0	131.1
 -84.0	128.127
 -83.0	129.6
 -82.0	111.794
 -81.0	122.6
 -80.0	129.222
 -79.0	131.1
 -78.0	131.806
 -77.0	121.6
 -76.0	103.083
 -75.0	99.1
 -74.0	104.136
 -73.0	130.024
 -72.0	131.636
 -71.0	136.591
 -70.0	101.136
 -69.0	115.424
 -68.0	129.469
 -67.0	129.924
 -66.0	137.136
 -65.0	136.424
 -64.0	121.136
 -63.0	119.091
 -62.0	134.136
 -61.0	135.591
 -60.0	137.136
 -59.0	101.174
 -58.0	126.636
 -57.0	130.674
 -56.0	119.386
 -55.0	127.174
 -54.0	114.636
 -53.0	134.508
 -52.0	119.303
 -51.0	126.583
 -50.0	119.303
 -49.0	123.083
 -48.0	116.553
 -47.0	128.583
 -46.0	119.886
 -45.0	108.083
 -44.0	112.053
 -43.0	120.083
 -42.0	115.053
 -41.0	124.083
 -40.0	142.053
 -39.0	113.083
 -38.0	109.253
 -37.0	121.583
 -36.0	122.2
 -35.0	115
 -34.0	118.7
 -33.0	122.5
 -32.0	121.033
 -31.0	143
 -30.0	153.2
 -29.0	114
 -28.0	141.5
 -27.0	129
 -26.0	141.5
 -25.0	144
 -24.0	157
 -23.0	134.5
 -22.0	152
 -21.0	131.5
 -20.0	134
 -19.0	150.5
 -18.0	112.5
 -17.0	142
 -16.0	106
 -15.0	132
 -14.0	148
 -13.0	135
 -12.0	151.5
 -11.0	131
 -10.0	141.5
  -9.0	157.5
  -8.0	120
  -7.0	145
  -6.0	152
  -5.0	121.5
  -4.0	125
  -3.0	152
  -2.0	162
  -1.0	117
   0.0	122
   1.0	148.5
   2.0	107
   3.0	144
   4.0	130
   5.0	124
   6.0	118
   7.0	154.5
   8.0	137
   9.0	115
  10.0	132.333
  11.0	102.5
  12.0	124.5
  13.0	121.125
  14.0	149
  15.0	129.125
  16.0	132.333
  17.0	148
  18.0	117.5
  19.0	143.5
  20.0	136
  21.0	113
  22.0	128.5
  23.0	139.5
  24.0	129
  25.0	128.5
  26.0	126
  27.0	129
  28.0	150
  29.0	128
  30.0	146
  31.0	130.5
  32.0	146
  33.0	134.793
  34.0	129.5
  35.0	130.043
  36.0	135
  37.0	115.293
  38.0	113
  39.0	113.168
  40.0	149.5
  41.0	136.974
  42.0	102
  43.0	122.335
  44.0	129
  45.0	115.585
  46.0	119.5
  47.0	117.335
  48.0	114.667
  49.0	103.335
  50.0	131.167
  51.0	109.71
  52.0	123.667
  53.0	118.21
  54.0	136.719
  55.0	126.71
  56.0	112.803
  57.0	120.76
  58.0	119.803
  59.0	139.26
  60.0	112.136
  61.0	132.649
  62.0	108.136
  63.0	121.22
  64.0	115.469
  65.0	131.72
  66.0	126.636
  67.0	123.72
  68.0	135.195
  69.0	127.22
  70.0	127.195
  71.0	115.22
  72.0	131.695
  73.0	130.554
  74.0	126.195
  75.0	129.72
  76.0	119.257
  77.0	117.227
  78.0	124.257
  79.0	107.184
  80.0	126.174
  81.0	118.184
  82.0	116.174
  83.0	115.684
  84.0	117.674
  85.0	113.684
  86.0	126.174
  87.0	119.184
  88.0	121.674
  89.0	111.184
  90.0	124.674
  91.0	116.112
  92.0	141.121
  93.0	121.112
  94.0	142.121
  95.0	108.612
  96.0	105.264
  97.0	113.062
  98.0	113.764
  99.0	135.062
 100.0	108.264
 101.0	137.062
 102.0	122.705
 103.0	123.896
 104.0	112.372
 105.0	108.396
 106.0	151.372
 107.0	116.396
 108.0	110.31
DB 2 MOTIF	COE1_HUMAN.H11MO.0.A
-107.5	55
-106.5	55
-105.5	55.5
-104.5	56.5
-103.5	65.5
-102.5	58
-101.5	49
-100.5	60.5
 -99.5	64
 -98.5	62
 -97.5	62
 -96.5	51
 -95.5	60.5
 -94.5	62.5
 -93.5	53
 -92.5	70
 -91.5	55
 -90.5	64
 -89.5	72
 -88.5	58
 -87.5	66.5
 -86.5	58
 -85.5	72
 -84.5	70
 -83.5	66
 -82.5	69
 -81.5	71
 -80.5	68
 -79.5	69
 -78.5	54.5
 -77.5	68.5
 -76.5	65
 -75.5	62.5
 -74.5	74
 -73.5	67
 -72.5	67
 -71.5	68
 -70.5	65
 -69.5	54.5
 -68.5	68.5
 -67.5	60.5
 -66.5	73
 -65.5	52
 -64.5	74
 -63.5	60
 -62.5	62
 -61.5	64
 -60.5	68
 -59.5	69
 -58.5	76
 -57.5	63
 -56.5	54.5
 -55.5	66.5
 -54.5	63
 -53.5	71
 -52.5	62.5
 -51.5	66.5
 -50.5	57
 -49.5	65.5
 -48.5	74.5
 -47.5	69
 -46.5	71.5
 -45.5	76.5
 -44.5	62
 -43.5	73
 -42.5	49.3333
 -41.5	65
 -40.5	76
 -39.5	74
 -38.5	69
 -37.5	60
 -36.5	65
 -35.5	81
 -34.5	72
 -33.5	62.5
 -32.5	68
 -31.5	72.5
 -30.5	78.5
 -29.5	66.5
 -28.5	71
 -27.5	74
 -26.5	86
 -25.5	81.5
 -24.5	79
 -23.5	83
 -22.5	98.3333
 -21.5	84.5
 -20.5	71
 -19.5	70
 -18.5	64.5
 -17.5	57
 -16.5	66.5
 -15.5	84.5
 -14.5	84
 -13.5	98
 -12.5	133
 -11.5	144.5
 -10.5	148.5
  -9.5	140.5
  -8.5	137
  -7.5	152.5
  -6.5	132
  -5.5	166.5
  -4.5	171
  -3.5	143
  -2.5	184
  -1.5	186
  -0.5	199.5
   0.5	192.5
   1.5	174
   2.5	183
   3.5	141.5
   4.5	143.5
   5.5	161.5
   6.5	152.5
   7.5	137.5
   8.5	161.5
   9.5	131.5
  10.5	145
  11.5	116.833
  12.5	127.5
  13.5	89
  14.5	91
  15.5	72
  16.5	71
  17.5	63
  18.5	62
  19.5	81
  20.5	83
  21.5	68
  22.5	99.5
  23.5	87.5
  24.5	74
  25.5	81
  26.5	69
  27.5	78
  28.5	100
  29.5	75
  30.5	81
  31.5	57.5
  32.5	85
  33.5	76
  34.5	72
  35.5	76
  36.5	74
  37.5	79
  38.5	70
  39.5	82
  40.5	71
  41.5	62
  42.5	64.5
  43.5	61.5
  44.5	78
  45.5	68
  46.5	48
  47.5	52
  48.5	64
  49.5	58.5
  50.5	49.8333
  51.5	59.8333
  52.5	69.5
  53.5	56.5
  54.5	67
  55.5	51
  56.5	64
  57.5	73
  58.5	65
  59.5	58.5
  60.5	71
  61.5	63
  62.5	66
  63.5	56
  64.5	69
  65.5	50
  66.5	49
  67.5	68
  68.5	74
  69.5	62
  70.5	69
  71.5	74.5
  72.5	65
  73.5	66
  74.5	65
  75.5	58
  76.5	51
  77.5	69.5
  78.5	60.5
  79.5	75.5
  80.5	60
  81.5	51
  82.5	61
  83.5	46
  84.5	53.5
  85.5	65
  86.5	55.5
  87.5	64
  88.5	80
  89.5	56.3333
  90.5	62
  91.5	61
  92.5	57
  93.5	57
  94.5	58.5
  95.5	71
  96.5	60
  97.5	56
  98.5	48
  99.5	56
 100.5	51
 101.5	63
 102.5	60
 103.5	46.5
 104.5	63
 105.5	66
 106.5	59.5
 107.5	64
DB 2 MOTIF	COT1_HUMAN.H11MO.0.C
-106.5	103.25
-105.5	112
-104.5	117
-103.5	115.5
-102.5	113.5
-101.5	125.5
-100.5	103
 -99.5	126
 -98.5	109
 -97.5	101
 -96.5	97
 -95.5	102.5
 -94.5	94.3333
 -93.5	111
 -92.5	107
 -91.5	99.25
 -90.5	110
 -89.5	108.5
 -88.5	98
 -87.5	92.5
 -86.5	90.8333
 -85.5	94
 -84.5	78
 -83.5	111
 -82.5	102
 -81.5	124.333
 -80.5	102
 -79.5	104
 -78.5	97.5
 -77.5	108
 -76.5	110.5
 -75.5	97.8333
 -74.5	99.5
 -73.5	105
 -72.5	120
 -71.5	103.5
 -70.5	98
 -69.5	88.3333
 -68.5	101.5
 -67.5	112
 -66.5	123.5
 -65.5	104.5
 -64.5	103.833
 -63.5	100
 -62.5	112.5
 -61.5	101
 -60.5	103.5
 -59.5	100
 -58.5	90.5
 -57.5	96.5
 -56.5	110.75
 -55.5	97
 -54.5	108
 -53.5	122
 -52.5	116
 -51.5	124
 -50.5	116
 -49.5	106
 -48.5	113
 -47.5	100
 -46.5	106.5
 -45.5	112.25
 -44.5	109
 -43.5	106
 -42.5	111.333
 -41.5	106.333
 -40.5	106
 -39.5	118
 -38.5	101.5
 -37.5	110.5
 -36.5	100.333
 -35.5	107
 -34.5	111
 -33.5	129.5
 -32.5	113.5
 -31.5	122.75
 -30.5	102
 -29.5	92
 -28.5	103
 -27.5	94
 -26.5	105
 -25.5	119
 -24.5	120.5
 -23.5	109.5
 -22.5	106.5
 -21.5	128
 -20.5	123
 -19.5	118
 -18.5	123.5
 -17.5	129
 -16.5	128.5
 -15.5	135
 -14.5	113
 -13.5	139
 -12.5	157.5
 -11.5	134.5
 -10.5	117
  -9.5	127
  -8.5	136
  -7.5	139
  -6.5	158.5
  -5.5	184.5
  -4.5	139
  -3.5	150
  -2.5	152
  -1.5	147.5
  -0.5	147
   0.5	151
   1.5	175.5
   2.5	154.5
   3.5	142
   4.5	151.5
   5.5	172
   6.5	158
   7.5	152
   8.5	161.75
   9.5	154
  10.5	141.5
  11.5	152.333
  12.5	147
  13.5	142
  14.5	146.5
  15.5	112.75
  16.5	142
  17.5	119.25
  18.5	97.5
  19.5	111
  20.5	124.5
  21.5	126
  22.5	118
  23.5	101
  24.5	125
  25.5	127.5
  26.5	103
  27.5	114
  28.5	106.75
  29.5	100.5
  30.5	124
  31.5	115
  32.5	107
  33.5	104.333
  34.5	107
  35.5	116.5
  36.5	98
  37.5	111.5
  38.5	99.5
  39.5	102
  40.5	100.25
  41.5	107.5
  42.5	118
  43.5	120.833
  44.5	107
  45.5	92
  46.5	103.5
  47.5	95.5
  48.5	106
  49.5	114.5
  50.5	122.5
  51.5	103
  52.5	103
  53.5	96.5
  54.5	128.25
  55.5	107.5
  56.5	108
  57.5	102
  58.5	105
  59.5	115
  60.5	102
  61.5	120
  62.5	120.5
  63.5	113.75
  64.5	100
  65.5	109.833
  66.5	99
  67.5	94
  68.5	137.5
  69.5	104.333
  70.5	108.75
  71.5	109
  72.5	106.583
  73.5	105
  74.5	112.5
  75.5	111.5
  76.5	99.25
  77.5	98.75
  78.5	103.833
  79.5	108
  80.5	101
  81.5	93.5
  82.5	110.5
  83.5	100.333
  84.5	95.6667
  85.5	97
  86.5	101
  87.5	101
  88.5	123
  89.5	126.25
  90.5	94.5
  91.5	100.25
  92.5	107.5
  93.5	121.5
  94.5	91
  95.5	112.5
  96.5	104
  97.5	75.25
  98.5	97
  99.5	93
 100.5	99
 101.5	94
 102.5	105
 103.5	119.333
 104.5	106.25
 105.5	110
 106.5	117.833
DB 2 MOTIF	COT1_HUMAN.H11MO.1.C
-108.5	86
-107.5	88.5
-106.5	108.5
-105.5	87
-104.5	90
-103.5	111
-102.5	78.5
-101.5	99
-100.5	84.5
 -99.5	88.5
 -98.5	76
 -97.5	77.75
 -96.5	90.5
 -95.5	84
 -94.5	90.5
 -93.5	94.5
 -92.5	78.3333
 -91.5	96.3333
 -90.5	94
 -89.5	86
 -88.5	106
 -87.5	86.5
 -86.5	78.5
 -85.5	83
 -84.5	90
 -83.5	108
 -82.5	71.5
 -81.5	108.5
 -80.5	81
 -79.5	94.5
 -78.5	78.5
 -77.5	86.25
 -76.5	82
 -75.5	107.25
 -74.5	100
 -73.5	71
 -72.5	99.5
 -71.5	83.5
 -70.5	108.5
 -69.5	92
 -68.5	87
 -67.5	88.5
 -66.5	94
 -65.5	92
 -64.5	86
 -63.5	89
 -62.5	92.5
 -61.5	90.8333
 -60.5	95
 -59.5	93
 -58.5	81
 -57.5	84.5
 -56.5	83
 -55.5	97.5
 -54.5	99.25
 -53.5	98
 -52.5	100.333
 -51.5	91
 -50.5	110
 -49.5	107.5
 -48.5	91
 -47.5	94
 -46.5	105.5
 -45.5	89
 -44.5	100
 -43.5	89.3333
 -42.5	102
 -41.5	87.5
 -40.5	97
 -39.5	110.333
 -38.5	118.5
 -37.5	104
 -36.5	100.333
 -35.5	115
 -34.5	109.833
 -33.5	121.5
 -32.5	79
 -31.5	88
 -30.5	96
 -29.5	95
 -28.5	102.5
 -27.5	127.75
 -26.5	111.5
 -25.5	89
 -24.5	117
 -23.5	111
 -22.5	126
 -21.5	109
 -20.5	132.5
 -19.5	167.5
 -18.5	176
 -17.5	147.25
 -16.5	147.5
 -15.5	151.5
 -14.5	170.5
 -13.5	165
 -12.5	145
 -11.5	163.5
 -10.5	197.5
  -9.5	189
  -8.5	176
  -7.5	238.833
  -6.5	227
  -5.5	232
  -4.5	201
  -3.5	256.75
  -2.5	218.5
  -1.5	222.5
  -0.5	238
   0.5	225.5
   1.5	210.5
   2.5	217.5
   3.5	236
   4.5	215
   5.5	214
   6.5	221.5
   7.5	215
   8.5	204.333
   9.5	203
  10.5	194.5
  11.5	189.5
  12.5	182
  13.5	168.833
  14.5	186
  15.5	145
  16.5	141.5
  17.5	150.5
  18.5	158
  19.5	136.25
  20.5	131
  21.5	100
  22.5	129.333
  23.5	121
  24.5	132
  25.5	118.5
  26.5	108
  27.5	115
  28.5	104
  29.5	109
  30.5	111
  31.5	87.5
  32.5	97
  33.5	82
  34.5	93
  35.5	127.833
  36.5	99.5
  37.5	119.5
  38.5	114
  39.5	108.5
  40.5	97
  41.5	104
  42.5	99.5
  43.5	90.5
  44.5	105
  45.5	92.6667
  46.5	87
  47.5	93.8333
  48.5	108
  49.5	111
  50.5	103.5
  51.5	103.5
  52.5	103.333
  53.5	100.5
  54.5	94
  55.5	91
  56.5	88.25
  57.5	93.5
  58.5	86.5
  59.5	93.5
  60.5	96
  61.5	85.2
  62.5	99
  63.5	91
  64.5	103
  65.5	83
  66.5	90.5
  67.5	89.5
  68.5	91.45
  69.5	108
  70.5	98
  71.5	119.333
  72.5	127
  73.5	102
  74.5	86
  75.5	85.2
  76.5	99
  77.5	94
  78.5	68
  79.5	79.5
  80.5	89
  81.5	93
  82.5	74.2
  83.5	87.5
  84.5	106
  85.5	97.8333
  86.5	102.25
  87.5	83.5
  88.5	78
  89.5	97.8333
  90.5	90.5
  91.5	125
  92.5	85
  93.5	93.25
  94.5	86.5
  95.5	91.2
  96.5	88
  97.5	83.5
  98.5	103
  99.5	76
 100.5	87
 101.5	86.5
 102.5	75.5
 103.5	81
 104.5	87
 105.5	78.5
 106.5	91
 107.5	84.5
 108.5	94.8333
DB 2 MOTIF	COT2_HUMAN.H11MO.0.A
-108.5	102
-107.5	90
-106.5	101.5
-105.5	105
-104.5	105.5
-103.5	99
-102.5	124.5
-101.5	109
-100.5	77
 -99.5	85.5
 -98.5	101.5
 -97.5	92
 -96.5	93.8333
 -95.5	98
 -94.5	105.5
 -93.5	104.5
 -92.5	106
 -91.5	93.3333
 -90.5	109.333
 -89.5	96.3333
 -88.5	99
 -87.5	94
 -86.5	111
 -85.5	95
 -84.5	121
 -83.5	96
 -82.5	98.5
 -81.5	81
 -80.5	90.5
 -79.5	75.5
 -78.5	90.5
 -77.5	106.5
 -76.5	84.5
 -75.5	110.5
 -74.5	103.5
 -73.5	105.5
 -72.5	94
 -71.5	111.5
 -70.5	105.5
 -69.5	103
 -68.5	103.5
 -67.5	110
 -66.5	86
 -65.5	99
 -64.5	100.5
 -63.5	96.5
 -62.5	96.5
 -61.5	89
 -60.5	86
 -59.5	111
 -58.5	80
 -57.5	100.5
 -56.5	104.833
 -55.5	86
 -54.5	106.5
 -53.5	105.5
 -52.5	85
 -51.5	112
 -50.5	110.5
 -49.5	122
 -48.5	113.333
 -47.5	125
 -46.5	102.833
 -45.5	107
 -44.5	106.5
 -43.5	98
 -42.5	100.5
 -41.5	119
 -40.5	89.5
 -39.5	95
 -38.5	112.667
 -37.5	113.333
 -36.5	110
 -35.5	106
 -34.5	119.5
 -33.5	98
 -32.5	85
 -31.5	102
 -30.5	96
 -29.5	115
 -28.5	113.5
 -27.5	108
 -26.5	105.833
 -25.5	96.3333
 -24.5	93.8333
 -23.5	109
 -22.5	95
 -21.5	117
 -20.5	114.5
 -19.5	141.5
 -18.5	144.5
 -17.5	127
 -16.5	129.833
 -15.5	137.5
 -14.5	134
 -13.5	118
 -12.5	158
 -11.5	132
 -10.5	135
  -9.5	139
  -8.5	152.5
  -7.5	162
  -6.5	181
  -5.5	148
  -4.5	173
  -3.5	158.5
  -2.5	153.5
  -1.5	149.5
  -0.5	158
   0.5	172
   1.5	140
   2.5	155
   3.5	156
   4.5	165
   5.5	138.5
   6.5	168
   7.5	140
   8.5	168.5
   9.5	131.833
  10.5	162
  11.5	148.5
  12.5	126.333
  13.5	133
  14.5	136.333
  15.5	131.5
  16.5	126
  17.5	151
  18.5	119.5
  19.5	109.333
  20.5	100.5
  21.5	114.333
  22.5	118
  23.5	94.8333
  24.5	126
  25.5	109
  26.5	114
  27.5	97
  28.5	116
  29.5	107
  30.5	93.5
  31.5	98
  32.5	99
  33.5	112.5
  34.5	106.5
  35.5	105.5
  36.5	112
  37.5	98.5
  38.5	111
  39.5	105
  40.5	102.5
  41.5	81.5
  42.5	87
  43.5	111
  44.5	80.5
  45.5	109
  46.5	98.5
  47.5	115
  48.5	106.333
  49.5	96
  50.5	119.5
  51.5	114.833
  52.5	97
  53.5	102.5
  54.5	105.5
  55.5	80.5
  56.5	92
  57.5	118
  58.5	106
  59.5	84.5
  60.5	94.5
  61.5	97.5
  62.5	96
  63.5	109
  64.5	101
  65.5	125
  66.5	105
  67.5	77.25
  68.5	94.5
  69.5	109
  70.5	105
  71.5	89.3333
  72.5	95.5
  73.5	88.3333
  74.5	111.75
  75.5	103
  76.5	100
  77.5	94
  78.5	92.5
  79.5	87.5
  80.5	81
  81.5	85.75
  82.5	105.5
  83.5	121
  84.5	98
  85.5	110.5
  86.5	98
  87.5	71
  88.5	95.5
  89.5	93
  90.5	114.5
  91.5	91
  92.5	93
  93.5	89.5
  94.5	94.25
  95.5	90.5
  96.5	96.5
  97.5	98
  98.5	91.5
  99.5	88.5
 100.5	73.5
 101.5	101.5
 102.5	109.5
 103.5	82
 104.5	91
 105.5	116
 106.5	101
 107.5	98
 108.5	91
DB 2 MOTIF	COT2_HUMAN.H11MO.1.A
-106.5	114.25
-105.5	126
-104.5	120
-103.5	126.5
-102.5	115
-101.5	149
-100.5	94
 -99.5	104
 -98.5	115.5
 -97.5	104.5
 -96.5	105.5
 -95.5	104.5
 -94.5	117
 -93.5	118
 -92.5	116
 -91.5	111.333
 -90.5	116.5
 -89.5	121.5
 -88.5	107
 -87.5	104
 -86.5	120
 -85.5	112
 -84.5	96
 -83.5	121
 -82.5	114
 -81.5	122.5
 -80.5	104
 -79.5	118
 -78.5	99.5
 -77.5	122
 -76.5	121
 -75.5	109
 -74.5	111.5
 -73.5	104.5
 -72.5	126.333
 -71.5	128
 -70.5	104.5
 -69.5	95
 -68.5	100.5
 -67.5	122
 -66.5	118
 -65.5	122.5
 -64.5	114
 -63.5	124
 -62.5	125
 -61.5	113
 -60.5	107
 -59.5	107
 -58.5	93
 -57.5	107
 -56.5	126
 -55.5	121
 -54.5	107.5
 -53.5	127.333
 -52.5	124
 -51.5	132
 -50.5	112
 -49.5	104
 -48.5	114
 -47.5	114
 -46.5	129
 -45.5	110.25
 -44.5	135.5
 -43.5	116
 -42.5	121
 -41.5	108.5
 -40.5	120
 -39.5	141
 -38.5	116
 -37.5	114.5
 -36.5	124.833
 -35.5	111
 -34.5	120
 -33.5	105.5
 -32.5	119.5
 -31.5	128.5
 -30.5	101
 -29.5	103
 -28.5	110
 -27.5	96
 -26.5	129
 -25.5	126
 -24.5	123
 -23.5	118
 -22.5	112
 -21.5	128.5
 -20.5	113.5
 -19.5	125.5
 -18.5	122
 -17.5	119
 -16.5	123
 -15.5	132.5
 -14.5	127
 -13.5	118.5
 -12.5	152.5
 -11.5	139
 -10.5	128.5
  -9.5	132
  -8.5	115.5
  -7.5	141
  -6.5	144
  -5.5	166
  -4.5	131
  -3.5	157
  -2.5	142
  -1.5	150
  -0.5	143.5
   0.5	125
   1.5	169
   2.5	152
   3.5	138
   4.5	155.5
   5.5	165.5
   6.5	150
   7.5	134
   8.5	171
   9.5	132
  10.5	128
  11.5	138.5
  12.5	135
  13.5	140
  14.5	135
  15.5	119.25
  16.5	130
  17.5	122
  18.5	102.5
  19.5	118.5
  20.5	131
  21.5	119
  22.5	120
  23.5	112.5
  24.5	137
  25.5	138
  26.5	113.5
  27.5	121
  28.5	132.5
  29.5	113
  30.5	109
  31.5	116
  32.5	119
  33.5	112.833
  34.5	121
  35.5	120
  36.5	109
  37.5	126
  38.5	109
  39.5	104
  40.5	102.5
  41.5	110.5
  42.5	114.5
  43.5	124.333
  44.5	110.5
  45.5	115
  46.5	106
  47.5	112.5
  48.5	111
  49.5	115.5
  50.5	119
  51.5	125
  52.5	115.5
  53.5	100
  54.5	119
  55.5	103.5
  56.5	116
  57.5	109
  58.5	125.5
  59.5	132
  60.5	109
  61.5	123.5
  62.5	131
  63.5	126.75
  64.5	117
  65.5	99.5
  66.5	105
  67.5	109
  68.5	136
  69.5	125.333
  70.5	123.25
  71.5	128.5
  72.5	124
  73.5	128
  74.5	130
  75.5	115
  76.5	97.75
  77.5	108.25
  78.5	111
  79.5	119
  80.5	105
  81.5	111.5
  82.5	119.5
  83.5	108.333
  84.5	103
  85.5	104
  86.5	123.5
  87.5	122
  88.5	125.5
  89.5	137
  90.5	109
  91.5	109
  92.5	110
  93.5	121
  94.5	113
  95.5	110.5
  96.5	107
  97.5	89.25
  98.5	98
  99.5	118
 100.5	103.5
 101.5	104.5
 102.5	124.5
 103.5	117
 104.5	109
 105.5	106.5
 106.5	119.833
DB 2 MOTIF	CREB1_HUMAN.H11MO.0.A
-109.5	80
-108.5	68
-107.5	65
-106.5	71
-105.5	68
-104.5	75
-103.5	65
-102.5	74
-101.5	58
-100.5	64
 -99.5	57.5
 -98.5	63
 -97.5	61
 -96.5	55
 -95.5	70
 -94.5	70
 -93.5	58
 -92.5	59
 -91.5	72
 -90.5	71
 -89.5	73.5
 -88.5	61
 -87.5	56
 -86.5	53.3333
 -85.5	52
 -84.5	90
 -83.5	67.5
 -82.5	74
 -81.5	71
 -80.5	64
 -79.5	60
 -78.5	68
 -77.5	72
 -76.5	76
 -75.5	63
 -74.5	76.1429
 -73.5	65
 -72.5	63
 -71.5	60
 -70.5	66
 -69.5	64
 -68.5	54
 -67.5	51.5
 -66.5	57
 -65.5	64
 -64.5	67
 -63.5	67
 -62.5	48
 -61.5	59.5
 -60.5	51
 -59.5	69
 -58.5	62
 -57.5	60
 -56.5	75.5
 -55.5	58
 -54.5	66
 -53.5	67.5
 -52.5	68
 -51.5	64
 -50.5	70.5
 -49.5	52
 -48.5	82
 -47.5	66.1429
 -46.5	50
 -45.5	55
 -44.5	52
 -43.5	68.5
 -42.5	74
 -41.5	69
 -40.5	60
 -39.5	71
 -38.5	63.3333
 -37.5	47.5
 -36.5	61.5
 -35.5	64.5
 -34.5	53.5
 -33.5	79
 -32.5	56
 -31.5	70.5
 -30.5	74
 -29.5	76.5
 -28.5	70
 -27.5	64
 -26.5	73
 -25.5	59
 -24.5	66
 -23.5	81
 -22.5	60.5
 -21.5	74.5
 -20.5	72
 -19.5	75
 -18.5	81.1429
 -17.5	80
 -16.5	72
 -15.5	78
 -14.5	80.5
 -13.5	74
 -12.5	90
 -11.5	67
 -10.5	85
  -9.5	91
  -8.5	78.5
  -7.5	85.8333
  -6.5	78.5
  -5.5	92.5
  -4.5	61.5
  -3.5	79
  -2.5	80
  -1.5	84.5
  -0.5	66.5
   0.5	85.5
   1.5	54.5
   2.5	64.5
   3.5	70.5
   4.5	85.5
   5.5	73
   6.5	62.5
   7.5	70
   8.5	91.8333
   9.5	65
  10.5	81.1429
  11.5	83.5
  12.5	74
  13.5	82
  14.5	77.3333
  15.5	85
  16.5	72.5
  17.5	75
  18.5	70.5
  19.5	69.5
  20.5	76
  21.5	57
  22.5	68
  23.5	72
  24.5	59
  25.5	76
  26.5	62
  27.5	72
  28.5	57
  29.5	73.5
  30.5	53
  31.5	62
  32.5	72.5
  33.5	58
  34.5	53.8333
  35.5	63.5
  36.5	80
  37.5	68.5
  38.5	58
  39.5	63.1429
  40.5	56.5
  41.5	67
  42.5	59.5
  43.5	73
  44.5	77
  45.5	50
  46.5	73
  47.5	56.5
  48.5	63
  49.5	63
  50.5	75.5
  51.5	60
  52.5	58
  53.5	62
  54.5	63.3333
  55.5	65.3333
  56.5	59
  57.5	65.5
  58.5	69
  59.5	50
  60.5	81
  61.5	60
  62.5	45.5
  63.5	72.5
  64.5	69
  65.5	65.5
  66.5	61.1429
  67.5	75
  68.5	61
  69.5	80
  70.5	55
  71.5	79.3333
  72.5	63
  73.5	60
  74.5	56
  75.5	61
  76.5	63.5
  77.5	64.5
  78.5	61
  79.5	63
  80.5	56
  81.5	81
  82.5	78.5
  83.5	67.5
  84.5	75.5
  85.5	59
  86.5	73
  87.5	58.5
  88.5	61
  89.5	75
  90.5	60
  91.5	61
  92.5	66
  93.5	72.1429
  94.5	67
  95.5	66.5
  96.5	65
  97.5	78
  98.5	62
  99.5	75
 100.5	60
 101.5	70
 102.5	70
 103.5	62
 104.5	75
 105.5	62
 106.5	70
 107.5	71
 108.5	71
 109.5	77
DB 2 MOTIF	CREM_HUMAN.H11MO.0.C
-109.5	42
-108.5	63
-107.5	42
-106.5	49
-105.5	33
-104.5	38.5
-103.5	36
-102.5	53
-101.5	47
-100.5	51
 -99.5	38.5
 -98.5	43
 -97.5	35
 -96.5	42
 -95.5	44.5
 -94.5	50
 -93.5	46
 -92.5	42
 -91.5	43
 -90.5	48.5
 -89.5	52
 -88.5	54
 -87.5	51
 -86.5	52
 -85.5	49
 -84.5	50
 -83.5	48.5
 -82.5	48
 -81.5	50
 -80.5	57
 -79.5	34
 -78.5	44
 -77.5	37
 -76.5	43
 -75.5	40
 -74.5	55
 -73.5	42
 -72.5	40
 -71.5	48
 -70.5	40
 -69.5	30
 -68.5	39.5
 -67.5	44
 -66.5	49
 -65.5	32
 -64.5	43
 -63.5	57
 -62.5	36
 -61.5	54
 -60.5	55
 -59.5	50.5
 -58.5	30
 -57.5	45.25
 -56.5	49
 -55.5	47
 -54.5	48
 -53.5	51.5
 -52.5	49
 -51.5	47
 -50.5	45.5
 -49.5	34
 -48.5	43.5
 -47.5	53
 -46.5	48
 -45.5	52
 -44.5	40
 -43.5	59
 -42.5	44
 -41.5	52.5
 -40.5	41
 -39.5	34
 -38.5	46
 -37.5	48
 -36.5	50.5
 -35.5	55
 -34.5	48
 -33.5	48
 -32.5	43
 -31.5	47.5
 -30.5	46
 -29.5	55
 -28.5	51
 -27.5	54
 -26.5	54
 -25.5	48.5
 -24.5	54
 -23.5	44
 -22.5	50
 -21.5	58.25
 -20.5	59
 -19.5	50
 -18.5	55
 -17.5	69
 -16.5	56
 -15.5	73
 -14.5	51.5
 -13.5	63
 -12.5	46
 -11.5	52
 -10.5	52
  -9.5	67
  -8.5	58
  -7.5	53
  -6.5	55
  -5.5	61
  -4.5	51
  -3.5	54
  -2.5	72
  -1.5	36
  -0.5	49.5
   0.5	48
   1.5	43
   2.5	47
   3.5	52.5
   4.5	65
   5.5	44
   6.5	53
   7.5	57
   8.5	63
   9.5	63
  10.5	55
  11.5	58
  12.5	46
  13.5	67
  14.5	58
  15.5	49
  16.5	52
  17.5	46
  18.5	60
  19.5	55
  20.5	56
  21.5	49
  22.5	39
  23.5	58
  24.5	47
  25.5	51
  26.5	56
  27.5	48
  28.5	53
  29.5	54
  30.5	48
  31.5	41.25
  32.5	55
  33.5	49
  34.5	45.5
  35.5	61
  36.5	54
  37.5	49
  38.5	40
  39.5	46
  40.5	35.5
  41.5	74.5
  42.5	53
  43.5	46
  44.5	48
  45.5	39.5
  46.5	53
  47.5	38
  48.5	42
  49.5	49.25
  50.5	37
  51.5	44
  52.5	36
  53.5	47
  54.5	53.5
  55.5	46.5
  56.5	45.5
  57.5	51
  58.5	39
  59.5	48
  60.5	58.5
  61.5	46
  62.5	42
  63.5	44
  64.5	53
  65.5	53.5
  66.5	44
  67.5	45.3333
  68.5	38
  69.5	50
  70.5	43
  71.5	48
  72.5	39.5
  73.5	52
  74.5	47
  75.5	47
  76.5	54
  77.5	53
  78.5	48
  79.5	41
  80.5	31
  81.5	38
  82.5	54
  83.5	60
  84.5	44
  85.5	51
  86.5	62
  87.5	46.3333
  88.5	37
  89.5	40
  90.5	58
  91.5	45
  92.5	55.5
  93.5	55.5
  94.5	45
  95.5	46
  96.5	54
  97.5	55.5
  98.5	40
  99.5	48
 100.5	49
 101.5	46
 102.5	54
 103.5	55
 104.5	52.5
 105.5	48
 106.5	54
 107.5	42.8333
 108.5	47
 109.5	48
DB 2 MOTIF	CTCFL_HUMAN.H11MO.0.A
-106.5	17
-105.5	15.5
-104.5	11
-103.5	11
-102.5	11.5
-101.5	14.5
-100.5	16
 -99.5	6.25
 -98.5	4.25
 -97.5	15
 -96.5	17
 -95.5	12
 -94.5	10.5
 -93.5	21.5
 -92.5	13.5
 -91.5	9.5
 -90.5	15
 -89.5	13
 -88.5	12.5
 -87.5	9.2
 -86.5	18.5
 -85.5	14
 -84.5	11.2
 -83.5	12
 -82.5	12
 -81.5	16.5
 -80.5	18
 -79.5	14.5
 -78.5	10
 -77.5	17
 -76.5	10
 -75.5	10.2
 -74.5	13
 -73.5	17
 -72.5	16.5
 -71.5	8.5
 -70.5	16
 -69.5	8
 -68.5	14
 -67.5	19.3333
 -66.5	20
 -65.5	21
 -64.5	16.5
 -63.5	16.2
 -62.5	17
 -61.5	18
 -60.5	12.5
 -59.5	19
 -58.5	12
 -57.5	14
 -56.5	12.25
 -55.5	21
 -54.5	17
 -53.5	19
 -52.5	17
 -51.5	19.2
 -50.5	12
 -49.5	21
 -48.5	28
 -47.5	22.5
 -46.5	24
 -45.5	17
 -44.5	15.2
 -43.5	36
 -42.5	37
 -41.5	31.5
 -40.5	39
 -39.5	35.25
 -38.5	41
 -37.5	63.75
 -36.5	50.3333
 -35.5	65.5
 -34.5	44
 -33.5	71.5
 -32.5	73.3333
 -31.5	70.5
 -30.5	81.5
 -29.5	81.8333
 -28.5	84.5
 -27.5	93.2
 -26.5	124
 -25.5	135
 -24.5	164
 -23.5	153.5
 -22.5	154
 -21.5	177.5
 -20.5	210.5
 -19.5	170
 -18.5	207.5
 -17.5	268
 -16.5	283
 -15.5	317
 -14.5	387
 -13.5	426.5
 -12.5	478
 -11.5	477.5
 -10.5	502
  -9.5	588
  -8.5	607
  -7.5	663
  -6.5	716.5
  -5.5	802.5
  -4.5	802.033
  -3.5	824
  -2.5	871.5
  -1.5	829
  -0.5	909
   0.5	839
   1.5	826
   2.5	850.5
   3.5	900.5
   4.5	804
   5.5	756.5
   6.5	750.5
   7.5	618
   8.5	648
   9.5	577.5
  10.5	531.5
  11.5	532.5
  12.5	471
  13.5	394
  14.5	354
  15.5	302.833
  16.5	303.5
  17.5	265.25
  18.5	226
  19.5	213
  20.5	187.25
  21.5	182
  22.5	170
  23.5	136.25
  24.5	138.5
  25.5	124
  26.5	128
  27.5	106
  28.5	83
  29.5	86.3333
  30.5	83
  31.5	80
  32.5	77
  33.5	56
  34.5	71
  35.5	62.2
  36.5	61
  37.5	58
  38.5	53.5
  39.5	43
  40.5	42.5
  41.5	32
  42.5	22.5
  43.5	38.3333
  44.5	25
  45.5	29
  46.5	28
  47.5	28
  48.5	21.5
  49.5	18.5
  50.5	23
  51.5	20
  52.5	18
  53.5	18.5
  54.5	19.25
  55.5	19.5
  56.5	20
  57.5	12
  58.5	15.3333
  59.5	10
  60.5	13
  61.5	12
  62.5	19
  63.5	20.3333
  64.5	14.8333
  65.5	11
  66.5	15
  67.5	11
  68.5	14
  69.5	17.5
  70.5	15
  71.5	13
  72.5	11
  73.5	13
  74.5	15
  75.5	15.2
  76.5	11.5
  77.5	22
  78.5	11
  79.5	10
  80.5	14
  81.5	7.75
  82.5	6
  83.5	9.33333
  84.5	10.0833
  85.5	17
  86.5	12
  87.5	10.3333
  88.5	23
  89.5	13
  90.5	5
  91.5	10.25
  92.5	9
  93.5	11
  94.5	15
  95.5	17
  96.5	17
  97.5	17
  98.5	10
  99.5	19
 100.5	13
 101.5	5.5
 102.5	9
 103.5	11
 104.5	8.33333
 105.5	13
 106.5	9.5
DB 2 MOTIF	CTCF_HUMAN.H11MO.0.A
-105.5	9
-104.5	7
-103.5	7
-102.5	9.83333
-101.5	11.5
-100.5	10.25
 -99.5	8
 -98.5	7
 -97.5	5.25
 -96.5	5
 -95.5	11.5
 -94.5	15.5
 -93.5	9
 -92.5	15.5
 -91.5	8
 -90.5	11.5
 -89.5	12
 -88.5	9
 -87.5	7.83333
 -86.5	10.25
 -85.5	10.2
 -84.5	10
 -83.5	9
 -82.5	10
 -81.5	8
 -80.5	7.5
 -79.5	9
 -78.5	14
 -77.5	4
 -76.5	15
 -75.5	12
 -74.5	14.25
 -73.5	8
 -72.5	5.5
 -71.5	9
 -70.5	8
 -69.5	12
 -68.5	11
 -67.5	7
 -66.5	14.3333
 -65.5	23
 -64.5	14
 -63.5	13
 -62.5	12.25
 -61.5	14.3333
 -60.5	17
 -59.5	17.5
 -58.5	13
 -57.5	17
 -56.5	4
 -55.5	10.3333
 -54.5	21.5
 -53.5	13.25
 -52.5	13
 -51.5	13
 -50.5	16
 -49.5	12.3333
 -48.5	21.5
 -47.5	25
 -46.5	13
 -45.5	25.2
 -44.5	28
 -43.5	23.3333
 -42.5	34
 -41.5	40
 -40.5	33.75
 -39.5	34
 -38.5	42
 -37.5	41
 -36.5	65.75
 -35.5	47.3333
 -34.5	52
 -33.5	66
 -32.5	77
 -31.5	71.3333
 -30.5	80.5
 -29.5	69.5
 -28.5	83
 -27.5	94.5
 -26.5	105.25
 -25.5	144
 -24.5	136.25
 -23.5	150
 -22.5	155.5
 -21.5	181
 -20.5	169.5
 -19.5	184.5
 -18.5	160
 -17.5	225
 -16.5	272.5
 -15.5	276
 -14.5	338.5
 -13.5	397
 -12.5	419.5
 -11.5	517.5
 -10.5	531
  -9.5	550
  -8.5	609
  -7.5	631.833
  -6.5	697
  -5.5	764.2
  -4.5	784.5
  -3.5	822.833
  -2.5	812.333
  -1.5	918.5
  -0.5	923.5
   0.5	906
   1.5	828.5
   2.5	873
   3.5	872.333
   4.5	836.25
   5.5	740
   6.5	691.5
   7.5	680.5
   8.5	580
   9.5	575
  10.5	544
  11.5	526.5
  12.5	443.5
  13.5	346.5
  14.5	322.5
  15.5	316.5
  16.5	265.333
  17.5	220
  18.5	167.5
  19.5	194.25
  20.5	193
  21.5	171
  22.5	165
  23.5	153
  24.5	117.25
  25.5	130
  26.5	118
  27.5	103
  28.5	92.3333
  29.5	61
  30.5	70
  31.5	85
  32.5	59
  33.5	78.5
  34.5	56.2
  35.5	59
  36.5	53.5
  37.5	51
  38.5	35.5
  39.5	37
  40.5	35
  41.5	24
  42.5	27
  43.5	27.5
  44.5	28.5
  45.5	21
  46.5	28
  47.5	17
  48.5	14
  49.5	14
  50.5	18
  51.5	17.5
  52.5	20
  53.5	19
  54.5	14
  55.5	18
  56.5	18.5
  57.5	13
  58.5	10
  59.5	12.3333
  60.5	10.25
  61.5	9
  62.5	17
  63.5	13
  64.5	8.33333
  65.5	8
  66.5	10
  67.5	17
  68.5	8
  69.5	8
  70.5	20
  71.5	16
  72.5	12
  73.5	8
  74.5	11.2
  75.5	6
  76.5	12
  77.5	8
  78.5	13
  79.5	12
  80.5	6.25
  81.5	9
  82.5	7
  83.5	4
  84.5	8
  85.5	7.25
  86.5	13
  87.5	5
  88.5	10
  89.5	11.5
  90.5	10
  91.5	5
  92.5	9
  93.5	11
  94.5	7
  95.5	14
  96.5	10
  97.5	13
  98.5	9.5
  99.5	9
 100.5	10.5
 101.5	13
 102.5	8
 103.5	3.33333
 104.5	13
 105.5	3
DB 2 MOTIF	CXXC1_HUMAN.H11MO.0.D
-111.5	116.4
-110.5	95.9167
-109.5	105
-108.5	103.7
-107.5	97.5833
-106.5	90.8333
-105.5	105.2
-104.5	108.25
-103.5	97.1667
-102.5	91.2
-101.5	108.75
-100.5	129.81
 -99.5	99.5333
 -98.5	105.333
 -97.5	110.093
 -96.5	102.5
 -95.5	110.5
 -94.5	93.0929
 -93.5	83.3333
 -92.5	113.167
 -91.5	110.783
 -90.5	101.167
 -89.5	106.333
 -88.5	106
 -87.5	108.5
 -86.5	118.5
 -85.5	103.726
 -84.5	122.667
 -83.5	111.7
 -82.5	108.643
 -81.5	93.0833
 -80.5	102.033
 -79.5	102.226
 -78.5	106
 -77.5	94.95
 -76.5	97.2262
 -75.5	109.833
 -74.5	110.333
 -73.5	103.917
 -72.5	107.5
 -71.5	88
 -70.5	95.3333
 -69.5	95.0833
 -68.5	102.5
 -67.5	112
 -66.5	99.5
 -65.5	111.667
 -64.5	98.5
 -63.5	108.5
 -62.5	105.083
 -61.5	100.5
 -60.5	87.8333
 -59.5	88.8333
 -58.5	107.25
 -57.5	108.7
 -56.5	93.8333
 -55.5	101.533
 -54.5	115.333
 -53.5	113.917
 -52.5	114.5
 -51.5	116.5
 -50.5	122
 -49.5	116.5
 -48.5	108.5
 -47.5	113.833
 -46.5	103.333
 -45.5	124.5
 -44.5	135.5
 -43.5	114.45
 -42.5	114.333
 -41.5	91.3333
 -40.5	95.0333
 -39.5	121.5
 -38.5	101.833
 -37.5	135.533
 -36.5	128.5
 -35.5	129.583
 -34.5	121.2
 -33.5	123.333
 -32.5	133.5
 -31.5	112.033
 -30.5	139.5
 -29.5	104.667
 -28.5	122.5
 -27.5	112
 -26.5	129.167
 -25.5	115.5
 -24.5	142.333
 -23.5	124.167
 -22.5	110.333
 -21.5	144.25
 -20.5	150.833
 -19.5	156.5
 -18.5	146.75
 -17.5	128.167
 -16.5	143.667
 -15.5	147.5
 -14.5	150.833
 -13.5	148.333
 -12.5	169.833
 -11.5	141
 -10.5	143.583
  -9.5	164
  -8.5	162.5
  -7.5	186
  -6.5	165.5
  -5.5	171.5
  -4.5	172.417
  -3.5	174.333
  -2.5	148
  -1.5	180.833
  -0.5	188.5
   0.5	194.333
   1.5	189.833
   2.5	176
   3.5	202.5
   4.5	175.5
   5.5	181.833
   6.5	163.5
   7.5	159.833
   8.5	180.5
   9.5	149.5
  10.5	169.333
  11.5	150.167
  12.5	153.5
  13.5	152.5
  14.5	161.167
  15.5	174.083
  16.5	139.5
  17.5	153.333
  18.5	122.333
  19.5	142.833
  20.5	145.167
  21.5	127.833
  22.5	138.333
  23.5	145.333
  24.5	126.5
  25.5	120.333
  26.5	110.667
  27.5	135.833
  28.5	113.333
  29.5	126.333
  30.5	113.667
  31.5	86
  32.5	119.333
  33.5	120.7
  34.5	121
  35.5	103.333
  36.5	114.167
  37.5	107
  38.5	131.75
  39.5	132
  40.5	117.75
  41.5	105
  42.5	97.8333
  43.5	102.333
  44.5	115.333
  45.5	114
  46.5	99.6667
  47.5	90.8333
  48.5	100.75
  49.5	117.333
  50.5	119.333
  51.5	122.5
  52.5	133.333
  53.5	115.333
  54.5	113.083
  55.5	93
  56.5	104
  57.5	117.5
  58.5	103.5
  59.5	96.7
  60.5	127
  61.5	89.3333
  62.5	100.167
  63.5	107.333
  64.5	127.667
  65.5	96.0333
  66.5	109.167
  67.5	99
  68.5	94.5
  69.5	105.167
  70.5	108.333
  71.5	117.2
  72.5	114
  73.5	114.75
  74.5	113.5
  75.5	104
  76.5	96.3333
  77.5	98.3333
  78.5	93.5
  79.5	114.7
  80.5	110.333
  81.5	122.833
  82.5	105.2
  83.5	112.833
  84.5	110
  85.5	118.2
  86.5	104.5
  87.5	97.3667
  88.5	103.367
  89.5	100.833
  90.5	106.167
  91.5	110.033
  92.5	104.333
  93.5	92.8333
  94.5	98.8333
  95.5	115.833
  96.5	113.833
  97.5	120
  98.5	101.5
  99.5	100.25
 100.5	108.75
 101.5	97
 102.5	109.2
 103.5	99.75
 104.5	99.5
 105.5	108.167
 106.5	94.25
 107.5	114.083
 108.5	115.417
 109.5	114.75
 110.5	107.667
 111.5	84.8333
DB 2 MOTIF	E2F1_HUMAN.H11MO.0.A
-108.0	71
-107.0	65.5
-106.0	79.3333
-105.0	79.1429
-104.0	78.75
-103.0	78.25
-102.0	68.8333
-101.0	74.1429
-100.0	67
 -99.0	74
 -98.0	73.3333
 -97.0	77.1429
 -96.0	74.5
 -95.0	76.75
 -94.0	74.8333
 -93.0	93.6429
 -92.0	73
 -91.0	94.3333
 -90.0	92
 -89.0	90.4762
 -88.0	67
 -87.0	61.3333
 -86.0	78.2
 -85.0	84.6429
 -84.0	72
 -83.0	75.8333
 -82.0	83.25
 -81.0	87.1429
 -80.0	70
 -79.0	62.5
 -78.0	77.5
 -77.0	89.5
 -76.0	74
 -75.0	82
 -74.0	79
 -73.0	85
 -72.0	80
 -71.0	56
 -70.0	85.5
 -69.0	92.3333
 -68.0	99.5
 -67.0	83
 -66.0	97
 -65.0	86.8333
 -64.0	56
 -63.0	79
 -62.0	82.5
 -61.0	81.5
 -60.0	81.25
 -59.0	63
 -58.0	83.8333
 -57.0	79.5
 -56.0	84.8333
 -55.0	71.5
 -54.0	90.5
 -53.0	82
 -52.0	88
 -51.0	73
 -50.0	78
 -49.0	78
 -48.0	75
 -47.0	78.8333
 -46.0	75.2
 -45.0	94
 -44.0	84
 -43.0	86
 -42.0	82.75
 -41.0	91.5
 -40.0	96
 -39.0	90
 -38.0	74.25
 -37.0	72.5
 -36.0	62
 -35.0	81.25
 -34.0	60.5
 -33.0	79
 -32.0	76.25
 -31.0	86
 -30.0	98
 -29.0	89.5
 -28.0	95
 -27.0	95
 -26.0	96.5
 -25.0	78.5
 -24.0	90
 -23.0	65.5
 -22.0	73.5
 -21.0	99
 -20.0	83
 -19.0	69
 -18.0	92.5
 -17.0	85
 -16.0	74
 -15.0	85
 -14.0	89
 -13.0	94.5
 -12.0	110.5
 -11.0	105
 -10.0	103
  -9.0	115
  -8.0	90
  -7.0	108
  -6.0	101.7
  -5.0	92.3333
  -4.0	116
  -3.0	109
  -2.0	109.5
  -1.0	99.3333
   0.0	84
   1.0	97.5
   2.0	121
   3.0	107
   4.0	102.5
   5.0	96
   6.0	100.5
   7.0	116
   8.0	122.5
   9.0	91
  10.0	99
  11.0	109
  12.0	116.5
  13.0	87
  14.0	97
  15.0	88
  16.0	94
  17.0	107
  18.0	86.25
  19.0	90.25
  20.0	96
  21.0	85
  22.0	86
  23.0	80.5
  24.0	72
  25.0	103.75
  26.0	66
  27.0	99.5
  28.0	74
  29.0	92
  30.0	82.5
  31.0	88
  32.0	88
  33.0	78
  34.0	80.2
  35.0	79
  36.0	71
  37.0	73
  38.0	70
  39.0	76.5
  40.0	80
  41.0	84
  42.0	78.5
  43.0	96.5
  44.0	69
  45.0	66.5
  46.0	91
  47.0	75.3333
  48.0	87.5833
  49.0	79
  50.0	71
  51.0	91
  52.0	93
  53.0	85.5
  54.0	68
  55.0	84
  56.0	95
  57.0	87
  58.0	84.5
  59.0	82.1
  60.0	70.5
  61.0	74.5
  62.0	79
  63.0	80.1
  64.0	83.5
  65.0	84.5
  66.0	69
  67.0	68.6
  68.0	79.75
  69.0	87.8333
  70.0	77.5
  71.0	70.1
  72.0	66
  73.0	74
  74.0	81.45
  75.0	72.1
  76.0	78
  77.0	73.5
  78.0	74
  79.0	86.6
  80.0	68.75
  81.0	90
  82.0	63.5
  83.0	68.1
  84.0	84.75
  85.0	76
  86.0	77.5
  87.0	85.1
  88.0	77
  89.0	66
  90.0	95.5
  91.0	78.9333
  92.0	72.5
  93.0	83
  94.0	69
  95.0	64.8333
  96.0	78
  97.0	82.5
  98.0	74.5
  99.0	71.3333
 100.0	65
 101.0	67
 102.0	75
 103.0	72
 104.0	81
 105.0	76
 106.0	74.5
 107.0	77.35
 108.0	81
DB 2 MOTIF	E2F2_HUMAN.H11MO.0.B
-110.0	21
-109.0	27.25
-108.0	31
-107.0	30.5
-106.0	28.5
-105.0	37
-104.0	24
-103.0	25.25
-102.0	30
-101.0	26.5
-100.0	25.5
 -99.0	30
 -98.0	31
 -97.0	28
 -96.0	20.5
 -95.0	31.75
 -94.0	37
 -93.0	33
 -92.0	32
 -91.0	36
 -90.0	24
 -89.0	33.5
 -88.0	31
 -87.0	26.5
 -86.0	35
 -85.0	32.5
 -84.0	28
 -83.0	26.5
 -82.0	22
 -81.0	32
 -80.0	38
 -79.0	34.5
 -78.0	30.3333
 -77.0	42
 -76.0	27
 -75.0	35
 -74.0	23
 -73.0	27.3333
 -72.0	30
 -71.0	35
 -70.0	34.5
 -69.0	28
 -68.0	25.8333
 -67.0	36.5
 -66.0	24
 -65.0	27
 -64.0	37
 -63.0	38
 -62.0	30
 -61.0	40
 -60.0	36
 -59.0	36
 -58.0	35.5
 -57.0	17
 -56.0	37.25
 -55.0	29
 -54.0	18
 -53.0	35
 -52.0	29
 -51.0	33
 -50.0	38
 -49.0	23
 -48.0	39
 -47.0	30
 -46.0	34
 -45.0	30
 -44.0	29
 -43.0	31
 -42.0	21.25
 -41.0	28
 -40.0	47
 -39.0	33
 -38.0	38
 -37.0	33
 -36.0	39
 -35.0	40.25
 -34.0	29
 -33.0	40
 -32.0	25
 -31.0	29
 -30.0	39.5
 -29.0	45
 -28.0	45
 -27.0	38
 -26.0	32.5
 -25.0	36
 -24.0	39.8333
 -23.0	50
 -22.0	45
 -21.0	34
 -20.0	48
 -19.0	55
 -18.0	62.5
 -17.0	62
 -16.0	61
 -15.0	66.8333
 -14.0	70
 -13.0	50
 -12.0	45
 -11.0	79.5
 -10.0	79.5
  -9.0	56
  -8.0	70
  -7.0	73
  -6.0	86.3333
  -5.0	72.5
  -4.0	72
  -3.0	76.25
  -2.0	63
  -1.0	62
   0.0	69
   1.0	69
   2.0	75.5
   3.0	73
   4.0	68.5
   5.0	75
   6.0	71.5
   7.0	73
   8.0	67
   9.0	60
  10.0	71
  11.0	70
  12.0	69
  13.0	56
  14.0	66.5
  15.0	72.5
  16.0	65
  17.0	62.5
  18.0	45
  19.0	54.25
  20.0	43
  21.0	49
  22.0	46
  23.0	42
  24.0	41
  25.0	24.25
  26.0	34
  27.0	38
  28.0	39
  29.0	30
  30.0	29
  31.0	36
  32.0	28
  33.0	28
  34.0	34
  35.0	27
  36.0	42
  37.0	35
  38.0	30
  39.0	32
  40.0	32
  41.0	39.5
  42.0	36
  43.0	25
  44.0	33
  45.0	37.5
  46.0	39.5
  47.0	34
  48.0	37
  49.0	39
  50.0	34.5833
  51.0	41
  52.0	24.5
  53.0	49
  54.0	33
  55.0	29
  56.0	31
  57.0	37
  58.0	34
  59.0	27
  60.0	22
  61.0	34
  62.0	29
  63.0	32
  64.0	34.5
  65.0	33
  66.0	35
  67.0	33.5
  68.0	34.3333
  69.0	27
  70.0	21
  71.0	35
  72.0	33
  73.0	44
  74.0	22.5
  75.0	33
  76.0	31
  77.0	23
  78.0	27
  79.0	30
  80.0	32.25
  81.0	28
  82.0	31
  83.0	23
  84.0	32
  85.0	25
  86.0	28.75
  87.0	37
  88.0	32
  89.0	30
  90.0	28.3333
  91.0	26
  92.0	29.5
  93.0	29
  94.0	22.5
  95.0	35
  96.0	28
  97.0	29
  98.0	37.5
  99.0	33
 100.0	26
 101.0	32
 102.0	28
 103.0	29
 104.0	35.5
 105.0	30
 106.0	21.5
 107.0	34
 108.0	18
 109.0	22
 110.0	39
DB 2 MOTIF	E2F4_HUMAN.H11MO.0.A
-108.5	82
-107.5	63.5
-106.5	67
-105.5	81
-104.5	83
-103.5	73.5
-102.5	70
-101.5	83
-100.5	68.5
 -99.5	75
 -98.5	71
 -97.5	62
 -96.5	73
 -95.5	73.5
 -94.5	79.75
 -93.5	82.5
 -92.5	79
 -91.5	77.3333
 -90.5	80
 -89.5	79.3333
 -88.5	77
 -87.5	76.8333
 -86.5	72
 -85.5	76
 -84.5	84
 -83.5	86.3333
 -82.5	69.3333
 -81.5	75.25
 -80.5	82.5
 -79.5	77
 -78.5	73.3333
 -77.5	78.5
 -76.5	77.5
 -75.5	82.3333
 -74.5	69
 -73.5	74.6667
 -72.5	70.5
 -71.5	69.5
 -70.5	62
 -69.5	91
 -68.5	103.333
 -67.5	77.8333
 -66.5	66.5
 -65.5	88.5
 -64.5	70
 -63.5	68.5
 -62.5	84
 -61.5	68.3333
 -60.5	87
 -59.5	65.75
 -58.5	80
 -57.5	76
 -56.5	71.5
 -55.5	74
 -54.5	90
 -53.5	70
 -52.5	88
 -51.5	83.5
 -50.5	75
 -49.5	80
 -48.5	78.5
 -47.5	71.5
 -46.5	84.5
 -45.5	74
 -44.5	82
 -43.5	77
 -42.5	82.25
 -41.5	101.5
 -40.5	83
 -39.5	83.5
 -38.5	72
 -37.5	71.25
 -36.5	71
 -35.5	77
 -34.5	73.25
 -33.5	71.5
 -32.5	74.5
 -31.5	87.75
 -30.5	86
 -29.5	98
 -28.5	79
 -27.5	76
 -26.5	90
 -25.5	77.5
 -24.5	83.5
 -23.5	68
 -22.5	83
 -21.5	77.5
 -20.5	97
 -19.5	82.5
 -18.5	102
 -17.5	82
 -16.5	78
 -15.5	82
 -14.5	76
 -13.5	74
 -12.5	107.5
 -11.5	102.5
 -10.5	107
  -9.5	94
  -8.5	86
  -7.5	97
  -6.5	86
  -5.5	91
  -4.5	91
  -3.5	99
  -2.5	105
  -1.5	83
  -0.5	72.8333
   0.5	97.5
   1.5	96.5
   2.5	102.5
   3.5	90
   4.5	99.5
   5.5	90.5
   6.5	83
   7.5	115
   8.5	93
   9.5	97
  10.5	91
  11.5	92
  12.5	94
  13.5	80
  14.5	88
  15.5	87
  16.5	87
  17.5	97
  18.5	81.5
  19.5	101.5
  20.5	76
  21.5	78
  22.5	81
  23.5	71
  24.5	91.5
  25.5	77.75
  26.5	80.5
  27.5	89
  28.5	83
  29.5	81.5
  30.5	83
  31.5	87.5
  32.5	75
  33.5	71
  34.5	77
  35.5	71
  36.5	85
  37.5	63
  38.5	70
  39.5	88.5
  40.5	76.5
  41.5	84
  42.5	91
  43.5	83
  44.5	66.5
  45.5	69
  46.5	77
  47.5	82.8333
  48.5	85.25
  49.5	76
  50.5	81
  51.5	80
  52.5	91
  53.5	65.5
  54.5	83.5
  55.5	66
  56.5	111
  57.5	85
  58.5	80.5
  59.5	87.5
  60.5	87.5
  61.5	77.5
  62.5	63
  63.5	93
  64.5	78.5
  65.5	77
  66.5	77
  67.5	78.75
  68.5	72
  69.5	61.5
  70.5	83
  71.5	72
  72.5	78
  73.5	81.25
  74.5	86
  75.5	77
  76.5	80
  77.5	71.5
  78.5	66
  79.5	76.5
  80.5	92
  81.5	77
  82.5	72
  83.5	80
  84.5	78.5
  85.5	75.25
  86.5	94.75
  87.5	80
  88.5	75.75
  89.5	72
  90.5	91.5
  91.5	65
  92.5	93.5
  93.5	75
  94.5	77
  95.5	71.3333
  96.5	83
  97.5	72
  98.5	79.5
  99.5	69
 100.5	71
 101.5	77
 102.5	81
 103.5	77.5
 104.5	71.5
 105.5	61.5
 106.5	65
 107.5	86
 108.5	63.5
DB 2 MOTIF	E2F4_HUMAN.H11MO.1.A
-108.0	73.3333
-107.0	79
-106.0	62.5
-105.0	87
-104.0	68
-103.0	66
-102.0	70
-101.0	66
-100.0	64.75
 -99.0	68
 -98.0	77
 -97.0	65.5
 -96.0	73
 -95.0	67
 -94.0	63
 -93.0	71
 -92.0	59.5
 -91.0	53.3333
 -90.0	69
 -89.0	84.5
 -88.0	64.5
 -87.0	72.3333
 -86.0	83
 -85.0	81
 -84.0	60
 -83.0	66.3333
 -82.0	62
 -81.0	75
 -80.0	78
 -79.0	73
 -78.0	80.25
 -77.0	61.5
 -76.0	61
 -75.0	66
 -74.0	67.5
 -73.0	84.5
 -72.0	79
 -71.0	56.3333
 -70.0	70
 -69.0	74.5
 -68.0	67
 -67.0	68
 -66.0	99
 -65.0	80.8333
 -64.0	72
 -63.0	69
 -62.0	96
 -61.0	72
 -60.0	61.3333
 -59.0	70.3333
 -58.0	65.5
 -57.0	76
 -56.0	70.25
 -55.0	71.5
 -54.0	75.5
 -53.0	73
 -52.0	81
 -51.0	74
 -50.0	71
 -49.0	78
 -48.0	84
 -47.0	71
 -46.0	69
 -45.0	96
 -44.0	91
 -43.0	68
 -42.0	81
 -41.0	74.5
 -40.0	68.5
 -39.0	75
 -38.0	66
 -37.0	73
 -36.0	93
 -35.0	88
 -34.0	82.25
 -33.0	87
 -32.0	72
 -31.0	84
 -30.0	87
 -29.0	72
 -28.0	76
 -27.0	77
 -26.0	94
 -25.0	78.5
 -24.0	65
 -23.0	86
 -22.0	80
 -21.0	70
 -20.0	85
 -19.0	75.5
 -18.0	80
 -17.0	106.5
 -16.0	92
 -15.0	96.5
 -14.0	88
 -13.0	86
 -12.0	81.5
 -11.0	96
 -10.0	66.5
  -9.0	87
  -8.0	91.3333
  -7.0	86
  -6.0	97
  -5.0	82
  -4.0	73
  -3.0	59
  -2.0	76
  -1.0	68
   0.0	74.5
   1.0	88
   2.0	78.5
   3.0	60.5
   4.0	89
   5.0	79.5
   6.0	89
   7.0	77
   8.0	82.5
   9.0	81.5
  10.0	78
  11.0	84.5
  12.0	94
  13.0	72
  14.0	90.5
  15.0	81
  16.0	115.5
  17.0	91
  18.0	82
  19.0	80
  20.0	79
  21.0	92
  22.0	61
  23.0	90
  24.0	69.5
  25.0	75
  26.0	85
  27.0	81
  28.0	86
  29.0	82
  30.0	76
  31.0	78
  32.0	73.5
  33.0	75
  34.0	75.3333
  35.0	69
  36.0	83
  37.0	82
  38.0	66
  39.0	77
  40.0	60.5
  41.0	70.5
  42.0	77
  43.0	71.5
  44.0	66.5
  45.0	79
  46.0	75.5
  47.0	74
  48.0	75.5
  49.0	64
  50.0	71
  51.0	76.5
  52.0	69
  53.0	71
  54.0	78
  55.0	67
  56.0	81
  57.0	76.5
  58.0	71
  59.0	77
  60.0	73.5
  61.0	75
  62.0	69.5
  63.0	85
  64.0	78
  65.0	62
  66.0	59.3333
  67.0	71
  68.0	68.5
  69.0	81.5
  70.0	68.5
  71.0	76
  72.0	57
  73.0	70
  74.0	85
  75.0	68.5
  76.0	65.5
  77.0	72.5
  78.0	60
  79.0	61
  80.0	59.5
  81.0	59.5
  82.0	58.5
  83.0	74
  84.0	63.5
  85.0	73.3333
  86.0	61
  87.0	83
  88.0	57
  89.0	72
  90.0	68
  91.0	71
  92.0	63
  93.0	59.5
  94.0	68.3333
  95.0	61
  96.0	74.5
  97.0	66
  98.0	79.3333
  99.0	67
 100.0	89.5
 101.0	64.5
 102.0	69.5
 103.0	54.3333
 104.0	70
 105.0	62.5
 106.0	62.5
 107.0	61
 108.0	55
DB 2 MOTIF	E2F5_HUMAN.H11MO.0.B
-110.0	18
-109.0	12
-108.0	9
-107.0	8
-106.0	9
-105.0	11
-104.0	13
-103.0	10
-102.0	12
-101.0	12
-100.0	12
 -99.0	13
 -98.0	13
 -97.0	8
 -96.0	12
 -95.0	12
 -94.0	9
 -93.0	7
 -92.0	15
 -91.0	6
 -90.0	8
 -89.0	12
 -88.0	18
 -87.0	12
 -86.0	9
 -85.0	10
 -84.0	8
 -83.0	7
 -82.0	7
 -81.0	12
 -80.0	11
 -79.0	13
 -78.0	9
 -77.0	14
 -76.0	12
 -75.0	14
 -74.0	10
 -73.0	14
 -72.0	12
 -71.0	10
 -70.0	11
 -69.0	18
 -68.0	11
 -67.0	12
 -66.0	9
 -65.0	17
 -64.0	16
 -63.0	18
 -62.0	16
 -61.0	8
 -60.0	4
 -59.0	10
 -58.0	9.5
 -57.0	9
 -56.0	11
 -55.0	10
 -54.0	8
 -53.0	17
 -52.0	11
 -51.0	17
 -50.0	11
 -49.0	6
 -48.0	9
 -47.0	17
 -46.0	19
 -45.0	12
 -44.0	9
 -43.0	15
 -42.0	13
 -41.0	18.5
 -40.0	18
 -39.0	12
 -38.0	7
 -37.0	12
 -36.0	10
 -35.0	7
 -34.0	9
 -33.0	7
 -32.0	8
 -31.0	17
 -30.0	19
 -29.0	16
 -28.0	15
 -27.0	14
 -26.0	11
 -25.0	12
 -24.0	10
 -23.0	17
 -22.0	10
 -21.0	8
 -20.0	14
 -19.0	14
 -18.0	13
 -17.0	9
 -16.0	15
 -15.0	14
 -14.0	20
 -13.0	18
 -12.0	12
 -11.0	17
 -10.0	25
  -9.0	20
  -8.0	12
  -7.0	12
  -6.0	11
  -5.0	17
  -4.0	18
  -3.0	17
  -2.0	12
  -1.0	18
   0.0	18
   1.0	14
   2.0	21
   3.0	14
   4.0	17
   5.0	11
   6.0	21
   7.0	17
   8.0	19
   9.0	15
  10.0	20
  11.0	17
  12.0	20
  13.0	18
  14.0	19
  15.0	23
  16.0	12
  17.0	18
  18.0	17.5
  19.0	11
  20.0	14
  21.0	26
  22.0	18
  23.0	12
  24.0	12
  25.0	5
  26.0	19
  27.0	12
  28.0	15
  29.0	18
  30.0	20
  31.0	14
  32.0	13
  33.0	12
  34.0	14
  35.0	8.5
  36.0	8
  37.0	11
  38.0	10
  39.0	14
  40.0	9
  41.0	13
  42.0	12
  43.0	13
  44.0	13
  45.0	8
  46.0	9
  47.0	7.5
  48.0	14
  49.0	11
  50.0	4.5
  51.0	12.5
  52.0	5
  53.0	8
  54.0	13
  55.0	18
  56.0	11
  57.0	6
  58.0	10
  59.0	14
  60.0	11
  61.0	8
  62.0	9
  63.0	11
  64.0	9
  65.0	17.5
  66.0	7
  67.0	11
  68.0	10.5
  69.0	14
  70.0	8
  71.0	13
  72.0	12.5
  73.0	19
  74.0	9.5
  75.0	9
  76.0	18
  77.0	12
  78.0	11.5
  79.0	2
  80.0	6
  81.0	4
  82.0	9
  83.0	13
  84.0	14
  85.0	13
  86.0	13
  87.0	17
  88.0	15
  89.0	5
  90.0	7
  91.0	14
  92.0	12
  93.0	11
  94.0	10
  95.0	10
  96.0	13
  97.0	7
  98.0	6
  99.0	9
 100.0	14
 101.0	13
 102.0	16
 103.0	11
 104.0	13
 105.0	19.5
 106.0	10
 107.0	12
 108.0	12
 109.0	12.5
 110.0	12
DB 2 MOTIF	E2F6_HUMAN.H11MO.0.A
-108.5	107.889
-107.5	109.292
-106.5	110.639
-105.5	107.167
-104.5	106.139
-103.5	88.625
-102.5	113.656
-101.5	97
-100.5	96.1556
 -99.5	99.125
 -98.5	84.6556
 -97.5	93.1667
 -96.5	77.1556
 -95.5	108.625
 -94.5	114.156
 -93.5	113.083
 -92.5	90.9889
 -91.5	112.125
 -90.5	116.989
 -89.5	95.5
 -88.5	102.489
 -87.5	101.125
 -86.5	113.656
 -85.5	88
 -84.5	97.8056
 -83.5	107.792
 -82.5	100.789
 -81.5	93
 -80.5	111.289
 -79.5	111.625
 -78.5	113.289
 -77.5	87.95
 -76.5	112.289
 -75.5	98.2
 -74.5	117.233
 -73.5	93.5
 -72.5	106.733
 -71.5	113.417
 -70.5	129.067
 -69.5	112
 -68.5	118.067
 -67.5	91
 -66.5	116.9
 -65.5	117.083
 -64.5	122.067
 -63.5	112.5
 -62.5	107.317
 -61.5	94.2
 -60.5	109.567
 -59.5	113.617
 -58.5	101.4
 -57.5	111.033
 -56.5	115.4
 -55.5	82
 -54.5	122.833
 -53.5	112
 -52.5	116
 -51.5	127.2
 -50.5	98
 -49.5	113.2
 -48.5	113.333
 -47.5	129.2
 -46.5	112
 -45.5	110.2
 -44.5	114
 -43.5	128.95
 -42.5	99.5
 -41.5	117
 -40.5	115
 -39.5	98.5
 -38.5	101.5
 -37.5	111.5
 -36.5	95
 -35.5	117.167
 -34.5	102
 -33.5	107.25
 -32.5	100
 -31.5	121.5
 -30.5	100.75
 -29.5	119.591
 -28.5	124
 -27.5	149.091
 -26.5	104
 -25.5	113.424
 -24.5	91
 -23.5	121.258
 -22.5	124
 -21.5	107.591
 -20.5	94.5
 -19.5	135.258
 -18.5	119.5
 -17.5	119.924
 -16.5	113.333
 -15.5	114.424
 -14.5	129
 -13.5	121.591
 -12.5	127
 -11.5	135.091
 -10.5	131
  -9.5	121.591
  -8.5	117
  -7.5	118.333
  -6.5	114
  -5.5	129.5
  -4.5	129
  -3.5	124
  -2.5	136
  -1.5	123.25
  -0.5	142.5
   0.5	128.333
   1.5	134.5
   2.5	122.5
   3.5	143
   4.5	121.5
   5.5	134.5
   6.5	120.5
   7.5	112
   8.5	133.5
   9.5	151
  10.5	138.5
  11.5	123.5
  12.5	132
  13.5	133.5
  14.5	132
  15.5	146
  16.5	112
  17.5	112.25
  18.5	130
  19.5	132.25
  20.5	103
  21.5	123
  22.5	108
  23.5	120.5
  24.5	115.5
  25.5	124
  26.5	112.25
  27.5	110
  28.5	98
  29.5	109
  30.5	119
  31.5	105.833
  32.5	123.5
  33.5	102
  34.5	93.5556
  35.5	107
  36.5	112
  37.5	89.5357
  38.5	103
  39.5	118.786
  40.5	106.5
  41.5	99.2857
  42.5	82.05
  43.5	104.286
  44.5	102.05
  45.5	121.286
  46.5	91.55
  47.5	93.2857
  48.5	98.8833
  49.5	113.036
  50.5	102.05
  51.5	96.5
  52.5	99.55
  53.5	112
  54.5	107.55
  55.5	133.5
  56.5	112.883
  57.5	128.111
  58.5	99.55
  59.5	100.5
  60.5	120.55
  61.5	103.611
  62.5	115.05
  63.5	106.333
  64.5	119.05
  65.5	115.111
  66.5	108.05
  67.5	114.5
  68.5	102.55
  69.5	102.111
  70.5	102.55
  71.5	114.5
  72.5	104.05
  73.5	108.611
  74.5	89.05
  75.5	111.5
  76.5	101.8
  77.5	108.111
  78.5	91
  79.5	113.333
  80.5	119.05
  81.5	90.4444
  82.5	105.2
  83.5	102.333
  84.5	106.5
  85.5	104.611
  86.5	112.2
  87.5	102.75
  88.5	110.091
  89.5	92.8611
  90.5	87.2909
  91.5	106
  92.5	106.202
  93.5	106.125
  94.5	118.202
  95.5	112.125
  96.5	105.035
  97.5	104.792
  98.5	97.202
  99.5	103.792
 100.5	100.902
 101.5	111.292
 102.5	122.402
 103.5	115.292
 104.5	90.402
 105.5	115.992
 106.5	109.902
 107.5	93.125
 108.5	105.402
DB 2 MOTIF	E2F7_HUMAN.H11MO.0.B
-108.5	103.833
-107.5	107.125
-106.5	105
-105.5	122
-104.5	120
-103.5	110.458
-102.5	120.75
-101.5	112.5
-100.5	126
 -99.5	104.625
 -98.5	109.333
 -97.5	103.5
 -96.5	95
 -95.5	127.625
 -94.5	108
 -93.5	87.5
 -92.5	108.833
 -91.5	124.125
 -90.5	119.5
 -89.5	109
 -88.5	100.833
 -87.5	132.625
 -86.5	117
 -85.5	113
 -84.5	102.833
 -83.5	103.625
 -82.5	110.5
 -81.5	102
 -80.5	122.25
 -79.5	131.458
 -78.5	120
 -77.5	92.25
 -76.5	119.5
 -75.5	120
 -74.5	122.833
 -73.5	105
 -72.5	100.333
 -71.5	119.75
 -70.5	130.5
 -69.5	104.333
 -68.5	124
 -67.5	106
 -66.5	123.667
 -65.5	99.75
 -64.5	122.5
 -63.5	118.5
 -62.5	110
 -61.5	120.5
 -60.5	96.8333
 -59.5	123.25
 -58.5	84.75
 -57.5	116.333
 -56.5	119.833
 -55.5	122
 -54.5	124.5
 -53.5	113
 -52.5	108.5
 -51.5	126
 -50.5	130
 -49.5	107
 -48.5	103.333
 -47.5	137
 -46.5	107
 -45.5	131
 -44.5	114
 -43.5	115
 -42.5	129
 -41.5	131
 -40.5	121.333
 -39.5	110
 -38.5	99.5
 -37.5	94.5
 -36.5	112.75
 -35.5	124.5
 -34.5	95.3333
 -33.5	119
 -32.5	108
 -31.5	123.5
 -30.5	136.25
 -29.5	110
 -28.5	132.333
 -27.5	124.5
 -26.5	107.5
 -25.5	114.333
 -24.5	117.5
 -23.5	135
 -22.5	120
 -21.5	101.5
 -20.5	126
 -19.5	136.5
 -18.5	117
 -17.5	102
 -16.5	124.333
 -15.5	120
 -14.5	119.5
 -13.5	144
 -12.5	139
 -11.5	122.5
 -10.5	112
  -9.5	108.5
  -8.5	125.5
  -7.5	130.333
  -6.5	121
  -5.5	136.5
  -4.5	125.5
  -3.5	123.833
  -2.5	140.5
  -1.5	128
  -0.5	130
   0.5	136.833
   1.5	128
   2.5	114
   3.5	129.5
   4.5	125.5
   5.5	99
   6.5	140
   7.5	111
   8.5	140.5
   9.5	133
  10.5	128
  11.5	130
  12.5	124
  13.5	139.5
  14.5	141
  15.5	121
  16.5	112.5
  17.5	108
  18.5	131
  19.5	122.25
  20.5	136
  21.5	118.5
  22.5	109
  23.5	113
  24.5	139
  25.5	130.5
  26.5	133.5
  27.5	105
  28.5	115.5
  29.5	104
  30.5	125
  31.5	102.333
  32.5	126
  33.5	134
  34.5	104
  35.5	130.5
  36.5	113
  37.5	120.5
  38.5	111.5
  39.5	106.5
  40.5	113
  41.5	122.5
  42.5	105
  43.5	110
  44.5	119
  45.5	121
  46.5	80
  47.5	103
  48.5	113.333
  49.5	120.583
  50.5	123.5
  51.5	113.833
  52.5	112.5
  53.5	117
  54.5	108.125
  55.5	119.625
  56.5	122.125
  57.5	120.458
  58.5	135.625
  59.5	115.125
  60.5	121.625
  61.5	112.125
  62.5	113
  63.5	113.667
  64.5	119
  65.5	129
  66.5	132.25
  67.5	120.333
  68.5	100
  69.5	116
  70.5	109.5
  71.5	114.5
  72.5	105.25
  73.5	120
  74.5	107.5
  75.5	129.833
  76.5	104.5
  77.5	110
  78.5	100.25
  79.5	111
  80.5	124.333
  81.5	105
  82.5	102
  83.5	123.5
  84.5	116.75
  85.5	118.833
  86.5	116.333
  87.5	114.5
  88.5	105
  89.5	117.75
  90.5	106.5
  91.5	131
  92.5	92
  93.5	117.5
  94.5	119
  95.5	112.333
  96.5	122.333
  97.5	133
  98.5	104.5
  99.5	105.5
 100.5	108.5
 101.5	109
 102.5	119
 103.5	115.5
 104.5	107
 105.5	112.333
 106.5	106.5
 107.5	106.5
 108.5	114
DB 2 MOTIF	EGR2_HUMAN.H11MO.1.A
-107.0	109.89
-106.0	104.493
-105.0	104.557
-104.0	86.7434
-103.0	88.89
-102.0	88.7434
-101.0	94.89
-100.0	91.9934
 -99.0	88.89
 -98.0	84.9934
 -97.0	93.89
 -96.0	94.1601
 -95.0	90.89
 -94.0	93.7434
 -93.0	97.6578
 -92.0	90.5172
 -91.0	78.5854
 -90.0	93.8267
 -89.0	81.6172
 -88.0	112.549
 -87.0	109.151
 -86.0	90.5323
 -85.0	83.595
 -84.0	89.4728
 -83.0	99.2616
 -82.0	78.4728
 -81.0	78.7745
 -80.0	81.0625
 -79.0	85.6904
 -78.0	102.896
 -77.0	83.4904
 -76.0	84.3792
 -75.0	76.7226
 -74.0	86.0667
 -73.0	67.2781
 -72.0	87.6429
 -71.0	76.2781
 -70.0	91.7262
 -69.0	90.1281
 -68.0	98.8319
 -67.0	98.767
 -66.0	90.7611
 -65.0	81.267
 -64.0	103.061
 -63.0	93.467
 -62.0	71.6444
 -61.0	98.267
 -60.0	100.523
 -59.0	90.767
 -58.0	92.0135
 -57.0	87.3003
 -56.0	91.4301
 -55.0	102.6
 -54.0	80.8801
 -53.0	83.5477
 -52.0	105.83
 -51.0	84.5477
 -50.0	89.3301
 -49.0	84.6913
 -48.0	79.9968
 -47.0	82.1913
 -46.0	71.3885
 -45.0	85.1325
 -44.0	88.3885
 -43.0	93.1325
 -42.0	88.3116
 -41.0	102.204
 -40.0	84.3116
 -39.0	77.4539
 -38.0	87.3949
 -37.0	94.1484
 -36.0	101.145
 -35.0	90.1484
 -34.0	67.2491
 -33.0	82.1484
 -32.0	80.5526
 -31.0	80.1484
 -30.0	79.5
 -29.0	81.1484
 -28.0	85.3333
 -27.0	95.1484
 -26.0	105
 -25.0	91.1484
 -24.0	82
 -23.0	92.0714
 -22.0	86
 -21.0	96.0714
 -20.0	87.5
 -19.0	97.0714
 -18.0	83.3333
 -17.0	65.0714
 -16.0	64.25
 -15.0	74.0714
 -14.0	87.5
 -13.0	89.1429
 -12.0	86.5
 -11.0	101.643
 -10.0	103.5
  -9.0	90.1429
  -8.0	108
  -7.0	108.143
  -6.0	94.5
  -5.0	103.143
  -4.0	116.5
  -3.0	99.6429
  -2.0	90
  -1.0	115.143
   0.0	80
   1.0	95.5
   2.0	97
   3.0	84
   4.0	117
   5.0	98.75
   6.0	103
   7.0	108
   8.0	104
   9.0	102
  10.0	97.5
  11.0	101
  12.0	85
  13.0	90
  14.0	73.5
  15.0	89
  16.0	99
  17.0	79
  18.0	72
  19.0	88.5
  20.0	77.6
  21.0	87
  22.0	74.6
  23.0	89
  24.0	92.1
  25.0	67.5
  26.0	70.1
  27.0	81
  28.0	75.1
  29.0	87.5
  30.0	87.6
  31.0	82.5
  32.0	78.1
  33.0	89
  34.0	88.6
  35.0	86
  36.0	74.4333
  37.0	87.5
  38.0	87.1
  39.0	73
  40.0	89
  41.0	96
  42.0	90.5588
  43.0	94.5
  44.0	72.2365
  45.0	91
  46.0	91.7365
  47.0	92.5
  48.0	80.3476
  49.0	97.2
  50.0	78.8476
  51.0	86.7
  52.0	84.9142
  53.0	82.2455
  54.0	77.9476
  55.0	79.7455
  56.0	87.8142
  57.0	78.9455
  58.0	70.8669
  59.0	108.245
  60.0	105.242
  61.0	100.545
  62.0	99.5419
  63.0	86.0455
  64.0	95.8521
  65.0	94.5455
  66.0	89.741
  67.0	86.5455
  68.0	86.741
  69.0	73.2955
  70.0	88.241
  71.0	97.1288
  72.0	94.741
  73.0	106.795
  74.0	96.741
  75.0	84.2955
  76.0	75.8072
  77.0	85.1955
  78.0	90.8072
  79.0	85.4621
  80.0	90.0905
  81.0	101.684
  82.0	86.6379
  83.0	102.017
  84.0	92.5379
  85.0	81.2835
  86.0	94.6046
  87.0	84.9335
  88.0	113.638
  89.0	103.434
  90.0	88.086
  91.0	78.5335
  92.0	88.9443
  93.0	100.309
  94.0	98.1872
  95.0	87.3085
  96.0	93.8679
  97.0	82.5298
  98.0	79.3679
  99.0	83.4298
 100.0	102.018
 101.0	94.6798
 102.0	100.251
 103.0	81.3631
 104.0	103.251
 105.0	83.2631
 106.0	94.4762
 107.0	90.1964
DB 2 MOTIF	EGR3_HUMAN.H11MO.0.D
-109.5	54.6434
-108.5	54.4086
-107.5	49.3934
-106.5	48.4086
-105.5	42.3934
-104.5	53.4086
-103.5	45.8934
-102.5	38.4086
-101.5	59.8934
-100.5	54.5515
 -99.5	44.5934
 -98.5	59.4515
 -97.5	58.0934
 -96.5	49.6943
 -95.5	44.9505
 -94.5	58.8398
 -93.5	41.9525
 -92.5	52.4307
 -91.5	50.2163
 -90.5	61.3295
 -89.5	36.383
 -88.5	62.8128
 -87.5	56.4455
 -86.5	48.5078
 -85.5	45.4455
 -84.5	49.5078
 -83.5	41.5686
 -82.5	63.865
 -81.5	44.5917
 -80.5	38.3173
 -79.5	47.7345
 -78.5	48.7507
 -77.5	49.0054
 -76.5	45.5882
 -75.5	55.6482
 -74.5	42.3132
 -73.5	63.3982
 -72.5	43.6401
 -71.5	53.0942
 -70.5	58.2545
 -69.5	48.1944
 -68.5	55.8134
 -67.5	45.4028
 -66.5	47.3134
 -65.5	55.4444
 -64.5	51.5199
 -63.5	56.9444
 -62.5	37.0199
 -61.5	37.6111
 -60.5	43.008
 -59.5	49.6944
 -58.5	44.133
 -57.5	59.6175
 -56.5	65.4901
 -55.5	39.4217
 -54.5	50.4901
 -53.5	56.2217
 -52.5	42.7568
 -51.5	44.2169
 -50.5	54.7947
 -49.5	45.2169
 -48.5	43.6161
 -47.5	46.9169
 -46.5	43.4392
 -45.5	50.9169
 -44.5	37.582
 -43.5	44.4169
 -42.5	50.457
 -41.5	48.1669
 -40.5	54.457
 -39.5	46.3336
 -38.5	40.0612
 -37.5	41.3336
 -36.5	44.5612
 -35.5	49.3336
 -34.5	62.9524
 -33.5	50.3336
 -32.5	40.2143
 -31.5	44.281
 -30.5	45.5714
 -29.5	54.381
 -28.5	54
 -27.5	55.1667
 -26.5	51.7
 -25.5	45.6667
 -24.5	58.5
 -23.5	39.6667
 -22.5	52
 -21.5	57.1
 -20.5	49
 -19.5	64.5
 -18.5	53
 -17.5	46
 -16.5	55.6
 -15.5	47.5
 -14.5	61.1
 -13.5	59
 -12.5	49.1
 -11.5	72
 -10.5	66.4333
  -9.5	75.5
  -8.5	53.6
  -7.5	68.5
  -6.5	60.1
  -5.5	56
  -4.5	68.1
  -3.5	73.2
  -2.5	55.1
  -1.5	69
  -0.5	75.1
   0.5	68
   1.5	52.1
   2.5	64.2
   3.5	61.5
   4.5	57
   5.5	77
   6.5	62
   7.5	69
   8.5	53.25
   9.5	65.5
  10.5	66.25
  11.5	58
  12.5	66.25
  13.5	43
  14.5	51.25
  15.5	59
  16.5	50
  17.5	50.5
  18.5	57
  19.5	56.5
  20.5	45
  21.5	61
  22.5	50
  23.5	52
  24.5	43.7
  25.5	54.5
  26.5	43.2
  27.5	51
  28.5	50.2
  29.5	44
  30.5	50.2
  31.5	44
  32.5	51.2
  33.5	51.5
  34.5	42
  35.5	39.0769
  36.5	39.7909
  37.5	44.0769
  38.5	38.0909
  39.5	56.1269
  40.5	46.5909
  41.5	43.1724
  42.5	48.0909
  43.5	42.1724
  44.5	58.2576
  45.5	51.6621
  46.5	51.2576
  47.5	47.1621
  48.5	41.2576
  49.5	44.6621
  50.5	39.4781
  51.5	52.1621
  52.5	50.3115
  53.5	44.4621
  54.5	51.3829
  55.5	49.5076
  56.5	44.8829
  57.5	51.5985
  58.5	45.992
  59.5	45.5985
  60.5	42.6253
  61.5	52.911
  62.5	42.4587
  63.5	44.0824
  64.5	60.2364
  65.5	50.7824
  66.5	40.4614
  67.5	57.2253
  68.5	48.4523
  69.5	64.6586
  70.5	51.4523
  71.5	56.3586
  72.5	52.6007
  73.5	49.4364
  74.5	63.0507
  75.5	41.9919
  76.5	51.7507
  77.5	54.1919
  78.5	53.7132
  79.5	52.851
  80.5	54.2132
  81.5	55.2082
  82.5	59.1418
  83.5	39.8082
  84.5	50.7751
  85.5	48.3294
  86.5	53.0436
  87.5	59.6294
  88.5	62.1131
  89.5	62.0036
  90.5	43.6889
  91.5	54.0433
  92.5	48.6174
  93.5	61.153
  94.5	63.7424
  95.5	49.8197
  96.5	50.2853
  97.5	49.5697
  98.5	65.2853
  99.5	40.4409
 100.5	57.2453
 101.5	37.9409
 102.5	48.1917
 103.5	51.4409
 104.5	56.6917
 105.5	53.6076
 106.5	54.0917
 107.5	49.8576
 108.5	63.5917
 109.5	68.802
DB 2 MOTIF	EGR4_HUMAN.H11MO.0.D
-109.5	51.5
-108.5	49.3333
-107.5	48.5
-106.5	52.5
-105.5	48
-104.5	48.5909
-103.5	58.8333
-102.5	59.5
-101.5	49.5909
-100.5	58.8333
 -99.5	47.5
 -98.5	48.4242
 -97.5	64.5
 -96.5	64.5
 -95.5	42.9242
 -94.5	63.5
 -93.5	55.75
 -92.5	40.2576
 -91.5	50.5
 -90.5	58.8333
 -89.5	47.1742
 -88.5	50.5
 -87.5	48.8333
 -86.5	49.9242
 -85.5	53.25
 -84.5	43.5
 -83.5	51.0909
 -82.5	52.5
 -81.5	48.5
 -80.5	59.9242
 -79.5	50
 -78.5	45.5
 -77.5	51.5909
 -76.5	51
 -75.5	43.5833
 -74.5	46.2576
 -73.5	48.5
 -72.5	44.8333
 -71.5	32.6667
 -70.5	47
 -69.5	63.25
 -68.5	54.3333
 -67.5	50.5
 -66.5	50.6667
 -65.5	52.5
 -64.5	52
 -63.5	55.25
 -62.5	42.1667
 -61.5	49.5
 -60.5	44.8333
 -59.5	43.5
 -58.5	39
 -57.5	41.8333
 -56.5	37
 -55.5	57.5
 -54.5	41
 -53.5	51
 -52.5	54.5
 -51.5	49
 -50.5	49.8333
 -49.5	53.5
 -48.5	52
 -47.5	48.25
 -46.5	49
 -45.5	62.5
 -44.5	41.25
 -43.5	44
 -42.5	47.3333
 -41.5	52.25
 -40.5	41.3333
 -39.5	50.5
 -38.5	51
 -37.5	42
 -36.5	56
 -35.5	48.5833
 -34.5	46.8333
 -33.5	44
 -32.5	53.5
 -31.5	60.5
 -30.5	58.5
 -29.5	48.25
 -28.5	66
 -27.5	45
 -26.5	60.8333
 -25.5	55.5
 -24.5	40.5
 -23.5	50
 -22.5	67.5
 -21.5	63
 -20.5	59
 -19.5	54
 -18.5	70
 -17.5	85
 -16.5	84
 -15.5	75
 -14.5	74.5
 -13.5	76
 -12.5	79
 -11.5	63
 -10.5	94.8333
  -9.5	105
  -8.5	82
  -7.5	73.5
  -6.5	106.5
  -5.5	104.5
  -4.5	93.5
  -3.5	108.5
  -2.5	88
  -1.5	101.75
  -0.5	114.5
   0.5	81.5
   1.5	96
   2.5	103
   3.5	83
   4.5	83.5
   5.5	97.5
   6.5	90
   7.5	111.5
   8.5	108
   9.5	76.3333
  10.5	87
  11.5	82
  12.5	87.3333
  13.5	84
  14.5	86.25
  15.5	82.5
  16.5	83.3333
  17.5	71.5
  18.5	64
  19.5	40
  20.5	61
  21.5	70
  22.5	65
  23.5	51.25
  24.5	45.5
  25.5	45.5
  26.5	50.5
  27.5	57.5
  28.5	36
  29.5	48
  30.5	56.5
  31.5	44
  32.5	50
  33.5	42
  34.5	48.6667
  35.5	47.5
  36.5	56
  37.5	60.5
  38.5	41
  39.5	58.5
  40.5	59.5
  41.5	53.5
  42.5	41.6429
  43.5	49
  44.5	48.25
  45.5	54.3333
  46.5	46.6429
  47.5	48.3333
  48.5	52.75
  49.5	43.5
  50.5	37.3333
  51.5	48.5
  52.5	48.5
  53.5	49.3333
  54.5	47.8333
  55.5	53
  56.5	50.5
  57.5	48
  58.5	40.3333
  59.5	41.5
  60.5	50
  61.5	48
  62.5	54.1429
  63.5	55
  64.5	51.5
  65.5	54
  66.5	40.1429
  67.5	47.8333
  68.5	61.75
  69.5	49
  70.5	38.8333
  71.5	50
  72.5	44
  73.5	51.5
  74.5	62.75
  75.5	41
  76.5	44.3333
  77.5	49.4583
  78.5	51.5
  79.5	50.8333
  80.5	44.7083
  81.5	41.5
  82.5	40.1429
  83.5	39.9583
  84.5	47
  85.5	59.1667
  86.5	51.5179
  87.5	45.8333
  88.5	50
  89.5	52.9583
  90.5	34.9762
  91.5	63
  92.5	42.125
  93.5	44.5
  94.5	39.5
  95.5	49.625
  96.5	31.5
  97.5	44.2
  98.5	53.625
  99.5	42
 100.5	52.2
 101.5	39
 102.5	38
 103.5	42.2
 104.5	47.5
 105.5	58.3333
 106.5	39.5333
 107.5	56.5
 108.5	40
 109.5	45.2
DB 2 MOTIF	ELF2_HUMAN.H11MO.0.C
-108.5	85.5
-107.5	78
-106.5	82
-105.5	91.5
-104.5	73
-103.5	81.3333
-102.5	65
-101.5	80.5
-100.5	73
 -99.5	77.8333
 -98.5	79
 -97.5	75.5
 -96.5	95
 -95.5	74.3333
 -94.5	83
 -93.5	77.5
 -92.5	107
 -91.5	90.5
 -90.5	77
 -89.5	92.5
 -88.5	60.3333
 -87.5	86
 -86.5	80
 -85.5	92
 -84.5	82
 -83.5	92.5
 -82.5	82
 -81.5	85
 -80.5	86
 -79.5	94
 -78.5	69
 -77.5	89
 -76.5	77
 -75.5	89
 -74.5	100
 -73.5	87
 -72.5	74
 -71.5	73.5
 -70.5	96
 -69.5	96
 -68.5	83
 -67.5	75
 -66.5	65
 -65.5	86
 -64.5	97
 -63.5	93
 -62.5	100.833
 -61.5	91.5
 -60.5	94
 -59.5	111.75
 -58.5	83
 -57.5	84
 -56.5	93
 -55.5	86
 -54.5	95.5
 -53.5	80
 -52.5	79
 -51.5	93
 -50.5	83.5
 -49.5	106.333
 -48.5	86
 -47.5	91
 -46.5	95
 -45.5	99
 -44.5	86
 -43.5	93
 -42.5	108
 -41.5	100.5
 -40.5	111.5
 -39.5	87.5
 -38.5	79.5
 -37.5	82
 -36.5	84.3333
 -35.5	108
 -34.5	93
 -33.5	86
 -32.5	86
 -31.5	101
 -30.5	108
 -29.5	82.5
 -28.5	80
 -27.5	104
 -26.5	89
 -25.5	80.3333
 -24.5	87.5
 -23.5	106
 -22.5	78.5
 -21.5	86
 -20.5	77
 -19.5	104.25
 -18.5	82
 -17.5	79.5
 -16.5	93.3333
 -15.5	72
 -14.5	76
 -13.5	95.5
 -12.5	78
 -11.5	81
 -10.5	94
  -9.5	79
  -8.5	74
  -7.5	79.8333
  -6.5	80
  -5.5	72
  -4.5	71
  -3.5	71.5
  -2.5	68
  -1.5	94
  -0.5	92.5
   0.5	90.75
   1.5	87
   2.5	79
   3.5	78
   4.5	70
   5.5	87.5
   6.5	77.5
   7.5	76.5
   8.5	86
   9.5	98
  10.5	91
  11.5	82.5
  12.5	70
  13.5	86.8333
  14.5	76.5
  15.5	87
  16.5	74
  17.5	85.5
  18.5	70
  19.5	102
  20.5	97
  21.5	84
  22.5	78
  23.5	86.5
  24.5	99.5
  25.5	99
  26.5	81.5
  27.5	91
  28.5	77
  29.5	103
  30.5	87
  31.5	85.5
  32.5	92.5
  33.5	74
  34.5	87.5
  35.5	96
  36.5	82.5
  37.5	93
  38.5	92.5
  39.5	95.5
  40.5	87
  41.5	98.5
  42.5	95
  43.5	86
  44.5	89
  45.5	113
  46.5	99
  47.5	89
  48.5	88.5
  49.5	94.5
  50.5	96.5
  51.5	90
  52.5	59
  53.5	105.5
  54.5	91
  55.5	90.5
  56.5	83.5909
  57.5	83
  58.5	80.8333
  59.5	76
  60.5	86.3409
  61.5	100
  62.5	84
  63.5	92
  64.5	79.0909
  65.5	88
  66.5	78
  67.5	84.5
  68.5	83.0909
  69.5	88.5
  70.5	78
  71.5	84.5
  72.5	87.0909
  73.5	88
  74.5	96.5
  75.5	88
  76.5	81.2576
  77.5	98.5
  78.5	83
  79.5	102.5
  80.5	92.0909
  81.5	83
  82.5	86.5
  83.5	74
  84.5	85.5909
  85.5	86.5
  86.5	64
  87.5	88.5
  88.5	103.591
  89.5	79
  90.5	78
  91.5	98.5
  92.5	87.0909
  93.5	93
  94.5	75.3333
  95.5	67
  96.5	97
  97.5	82
  98.5	99
  99.5	89.5
 100.5	75.5
 101.5	69
 102.5	73.5
 103.5	84.5
 104.5	73
 105.5	82
 106.5	72.5
 107.5	70
 108.5	77.0909
DB 2 MOTIF	ELK1_HUMAN.H11MO.0.B
-109.5	44
-108.5	57
-107.5	58
-106.5	58.5
-105.5	56.5
-104.5	54
-103.5	52.5
-102.5	55
-101.5	54
-100.5	51
 -99.5	55
 -98.5	63
 -97.5	67
 -96.5	66
 -95.5	46
 -94.5	61
 -93.5	70
 -92.5	60
 -91.5	63.5
 -90.5	67
 -89.5	49.3333
 -88.5	63
 -87.5	62
 -86.5	64
 -85.5	58
 -84.5	62
 -83.5	66
 -82.5	66.5
 -81.5	53
 -80.5	66
 -79.5	52
 -78.5	65
 -77.5	65
 -76.5	58
 -75.5	75
 -74.5	74
 -73.5	58
 -72.5	68
 -71.5	57
 -70.5	68.5
 -69.5	74
 -68.5	67
 -67.5	61
 -66.5	66
 -65.5	46
 -64.5	63
 -63.5	59.3333
 -62.5	71.5
 -61.5	81
 -60.5	62.5
 -59.5	51
 -58.5	70.75
 -57.5	71
 -56.5	53
 -55.5	51
 -54.5	67
 -53.5	57.5
 -52.5	59
 -51.5	71
 -50.5	89
 -49.5	63.5
 -48.5	75.5
 -47.5	65.5
 -46.5	73
 -45.5	57
 -44.5	67
 -43.5	67
 -42.5	75.5
 -41.5	72
 -40.5	66
 -39.5	62.5
 -38.5	60
 -37.5	53.3333
 -36.5	73
 -35.5	66
 -34.5	79
 -33.5	66
 -32.5	72
 -31.5	83
 -30.5	62
 -29.5	54.5
 -28.5	75
 -27.5	56.5
 -26.5	56
 -25.5	65
 -24.5	81
 -23.5	56
 -22.5	55
 -21.5	75
 -20.5	49.5
 -19.5	54
 -18.5	54.25
 -17.5	60
 -16.5	46
 -15.5	53
 -14.5	59.5
 -13.5	52
 -12.5	49
 -11.5	52
 -10.5	53
  -9.5	57.5
  -8.5	59.5
  -7.5	52
  -6.5	44
  -5.5	52
  -4.5	53
  -3.5	26
  -2.5	60
  -1.5	44
  -0.5	46.5
   0.5	61
   1.5	64.75
   2.5	43
   3.5	28.5
   4.5	48
   5.5	49
   6.5	50.5
   7.5	53
   8.5	45
   9.5	56
  10.5	63
  11.5	56
  12.5	50.5
  13.5	42
  14.5	58
  15.5	50
  16.5	67
  17.5	65.5
  18.5	57
  19.5	43
  20.5	52
  21.5	61
  22.5	67.5
  23.5	51
  24.5	68
  25.5	71
  26.5	72
  27.5	60.5
  28.5	58
  29.5	53
  30.5	76
  31.5	60
  32.5	56.5
  33.5	68
  34.5	57.5
  35.5	53
  36.5	67.5
  37.5	54
  38.5	55
  39.5	66
  40.5	67
  41.5	67.5
  42.5	67
  43.5	63
  44.5	82
  45.5	66
  46.5	68
  47.5	65
  48.5	55
  49.5	70.5
  50.5	61
  51.5	57.5
  52.5	57
  53.5	70
  54.5	73
  55.5	58
  56.5	62
  57.5	56
  58.5	73.5
  59.5	60.3333
  60.5	53
  61.5	70.25
  62.5	53.5
  63.5	70
  64.5	71
  65.5	46
  66.5	64
  67.5	68
  68.5	60
  69.5	58.5
  70.5	78
  71.5	59
  72.5	53.5
  73.5	73
  74.5	70
  75.5	52.5
  76.5	63.5
  77.5	54.3333
  78.5	68
  79.5	65.5
  80.5	59
  81.5	57
  82.5	54
  83.5	63
  84.5	56.5
  85.5	55
  86.5	63
  87.5	63
  88.5	54.5
  89.5	55
  90.5	84
  91.5	59
  92.5	65.5
  93.5	57
  94.5	63
  95.5	47.3333
  96.5	56
  97.5	74
  98.5	57
  99.5	53.5
 100.5	60
 101.5	52
 102.5	48
 103.5	56
 104.5	58
 105.5	49
 106.5	59
 107.5	54
 108.5	57
 109.5	51
DB 2 MOTIF	ELK3_HUMAN.H11MO.0.D
-109.0	53.3333
-108.0	56
-107.0	59
-106.0	39
-105.0	46.5
-104.0	37
-103.0	52
-102.0	47.3333
-101.0	42.5
-100.0	36
 -99.0	47
 -98.0	46
 -97.0	49.5
 -96.0	49
 -95.0	44
 -94.0	39
 -93.0	48
 -92.0	58.5
 -91.0	51
 -90.0	54
 -89.0	49
 -88.0	47.5
 -87.0	38
 -86.0	47
 -85.0	50
 -84.0	58
 -83.0	57
 -82.0	51.5
 -81.0	58
 -80.0	54
 -79.0	43
 -78.0	63
 -77.0	63
 -76.0	48
 -75.0	52
 -74.0	54.5
 -73.0	53
 -72.0	48
 -71.0	51
 -70.0	43
 -69.0	47
 -68.0	43
 -67.0	59
 -66.0	44
 -65.0	55
 -64.0	51
 -63.0	64
 -62.0	55.8333
 -61.0	50.3333
 -60.0	41
 -59.0	37
 -58.0	48
 -57.0	63.5
 -56.0	49
 -55.0	50
 -54.0	36.5
 -53.0	59
 -52.0	44
 -51.0	62
 -50.0	58.5
 -49.0	59.5
 -48.0	57
 -47.0	64
 -46.0	58.5
 -45.0	74.5
 -44.0	60
 -43.0	51
 -42.0	49
 -41.0	62.5
 -40.0	44
 -39.0	56
 -38.0	50
 -37.0	64
 -36.0	68.5
 -35.0	61
 -34.0	45
 -33.0	47
 -32.0	68
 -31.0	47
 -30.0	60
 -29.0	44.5
 -28.0	51.5
 -27.0	56
 -26.0	62
 -25.0	58
 -24.0	58
 -23.0	53
 -22.0	64
 -21.0	41
 -20.0	54
 -19.0	50
 -18.0	67
 -17.0	66
 -16.0	55
 -15.0	58
 -14.0	61
 -13.0	60
 -12.0	41.5
 -11.0	61
 -10.0	53.5
  -9.0	56.3333
  -8.0	41
  -7.0	48
  -6.0	39
  -5.0	46
  -4.0	40
  -3.0	42
  -2.0	54
  -1.0	45.5
   0.0	51
   1.0	57
   2.0	35
   3.0	51
   4.0	40
   5.0	41.5
   6.0	66
   7.0	57
   8.0	45
   9.0	50
  10.0	57
  11.0	45
  12.0	58.5
  13.0	48
  14.0	53
  15.0	55
  16.0	38
  17.0	63
  18.0	65
  19.0	46
  20.0	70
  21.0	37
  22.0	68.5
  23.0	50.5
  24.0	56
  25.0	69
  26.0	56
  27.0	60.5
  28.0	66
  29.0	43
  30.0	64
  31.0	53
  32.0	45
  33.0	44
  34.0	58
  35.0	48
  36.0	47
  37.0	55
  38.0	49
  39.0	59
  40.0	54
  41.0	56
  42.0	55
  43.0	42
  44.0	54
  45.0	59
  46.0	63
  47.0	55
  48.0	51
  49.0	53
  50.0	54
  51.0	60
  52.0	47
  53.0	57
  54.0	61
  55.0	54
  56.0	67
  57.0	60
  58.0	52
  59.0	56.3333
  60.0	54
  61.0	53
  62.0	58
  63.0	51
  64.0	59.5
  65.0	48
  66.0	41
  67.0	36.5
  68.0	58
  69.0	69
  70.0	47
  71.0	45.5
  72.0	44
  73.0	35
  74.0	59
  75.0	53.5
  76.0	50.5
  77.0	44.3333
  78.0	49
  79.0	50
  80.0	67
  81.0	46
  82.0	48
  83.0	36
  84.0	58
  85.0	53
  86.0	53
  87.0	53
  88.0	55
  89.0	51
  90.0	50
  91.0	48
  92.0	35
  93.0	42
  94.0	36
  95.0	49.3333
  96.0	44
  97.0	37
  98.0	51.3333
  99.0	52
 100.0	55
 101.0	46
 102.0	39
 103.0	56.5
 104.0	50
 105.0	35
 106.0	50.5
 107.0	48.5
 108.0	41
 109.0	44
DB 2 MOTIF	ELK4_HUMAN.H11MO.0.A
-109.0	40
-108.0	54
-107.0	55
-106.0	59
-105.0	52.5
-104.0	43.5
-103.0	45
-102.0	43.5
-101.0	62
-100.0	55.5
 -99.0	56
 -98.0	53
 -97.0	57
 -96.0	55.5
 -95.0	42
 -94.0	56
 -93.0	71
 -92.0	61
 -91.0	59
 -90.0	53
 -89.0	47
 -88.0	47
 -87.0	55
 -86.0	59
 -85.0	54
 -84.0	51
 -83.0	62.5
 -82.0	49
 -81.0	51
 -80.0	60
 -79.0	61
 -78.0	64
 -77.0	50
 -76.0	67
 -75.0	60
 -74.0	71
 -73.0	65
 -72.0	51
 -71.0	64
 -70.0	60
 -69.0	68
 -68.0	47
 -67.0	47
 -66.0	60.5
 -65.0	53
 -64.0	53
 -63.0	68
 -62.0	73.5
 -61.0	67
 -60.0	64
 -59.0	53
 -58.0	69
 -57.0	58
 -56.0	47
 -55.0	66
 -54.0	54.5
 -53.0	60
 -52.0	56
 -51.0	67
 -50.0	69.5
 -49.0	62
 -48.0	72
 -47.0	70
 -46.0	61.5
 -45.0	75
 -44.0	66.5
 -43.0	72.5
 -42.0	70
 -41.0	76
 -40.0	60
 -39.0	59
 -38.0	61
 -37.0	60
 -36.0	70
 -35.0	74
 -34.0	66
 -33.0	61
 -32.0	80
 -31.0	68
 -30.0	61
 -29.0	54
 -28.0	63.5
 -27.0	64
 -26.0	52
 -25.0	75
 -24.0	72
 -23.0	64
 -22.0	70
 -21.0	42
 -20.0	51
 -19.0	51
 -18.0	60.5
 -17.0	51
 -16.0	48
 -15.0	48
 -14.0	55.5
 -13.0	50
 -12.0	57
 -11.0	63
 -10.0	63
  -9.0	46
  -8.0	47
  -7.0	43.5
  -6.0	40
  -5.0	62
  -4.0	35
  -3.0	38
  -2.0	53
  -1.0	52
   0.0	44
   1.0	65
   2.0	40.5
   3.0	46
   4.0	36
   5.0	55
   6.0	58.5
   7.0	52
   8.0	50
   9.0	50
  10.0	69
  11.0	49
  12.0	52.5
  13.0	39
  14.0	56.5
  15.0	67
  16.0	45
  17.0	62
  18.0	48
  19.0	43
  20.0	48
  21.0	56
  22.0	67.5
  23.0	52
  24.0	61.5
  25.0	71
  26.0	62
  27.0	55.5
  28.0	52
  29.0	60
  30.0	79
  31.0	48
  32.0	47
  33.0	62
  34.0	54
  35.0	58
  36.0	51
  37.0	63.5
  38.0	56
  39.0	56
  40.0	69
  41.0	66.5
  42.0	70
  43.0	57
  44.0	66
  45.0	71
  46.0	65
  47.0	65
  48.0	52
  49.0	48
  50.0	70.5
  51.0	61
  52.0	52
  53.0	64
  54.0	76
  55.0	69.5
  56.0	58
  57.0	61
  58.0	53
  59.0	67.3333
  60.0	59
  61.0	62.5
  62.0	60.5
  63.0	59.5
  64.0	67
  65.0	46
  66.0	59
  67.0	52
  68.0	70
  69.0	66.5
  70.0	59
  71.0	63
  72.0	51
  73.0	55.5
  74.0	56
  75.0	51.5
  76.0	53.5
  77.0	53.3333
  78.0	54
  79.0	67
  80.0	50
  81.0	56
  82.0	52.5
  83.0	55
  84.0	46
  85.0	56
  86.0	51.5
  87.0	58
  88.0	75.5
  89.0	52
  90.0	53
  91.0	63
  92.0	54
  93.0	61
  94.0	63
  95.0	36.3333
  96.0	50
  97.0	56
  98.0	63
  99.0	55
 100.0	52
 101.0	55
 102.0	47
 103.0	59
 104.0	55
 105.0	43
 106.0	59
 107.0	52
 108.0	49
 109.0	58
DB 2 MOTIF	EOMES_HUMAN.H11MO.0.D
-109.0	126
-108.0	117
-107.0	112
-106.0	102.5
-105.0	96
-104.0	101
-103.0	102
-102.0	115
-101.0	107.25
-100.0	99.5
 -99.0	99
 -98.0	103
 -97.0	113
 -96.0	105
 -95.0	116
 -94.0	134
 -93.0	127.5
 -92.0	103.5
 -91.0	98.5
 -90.0	109
 -89.0	109.5
 -88.0	110.5
 -87.0	106
 -86.0	125.5
 -85.0	137
 -84.0	114.5
 -83.0	122.5
 -82.0	111.5
 -81.0	120.5
 -80.0	101.5
 -79.0	120
 -78.0	123
 -77.0	103
 -76.0	110.75
 -75.0	118
 -74.0	125
 -73.0	105.5
 -72.0	124.5
 -71.0	101
 -70.0	120.5
 -69.0	131.25
 -68.0	111
 -67.0	105
 -66.0	105
 -65.0	117.5
 -64.0	97.5
 -63.0	101.5
 -62.0	96.25
 -61.0	119.5
 -60.0	105
 -59.0	126
 -58.0	112
 -57.0	98.5
 -56.0	111
 -55.0	109.5
 -54.0	111
 -53.0	117.5
 -52.0	101
 -51.0	116
 -50.0	104
 -49.0	100
 -48.0	106.5
 -47.0	101
 -46.0	119
 -45.0	104.5
 -44.0	125.5
 -43.0	102
 -42.0	105
 -41.0	97
 -40.0	112
 -39.0	105
 -38.0	98.5
 -37.0	84
 -36.0	105.5
 -35.0	123
 -34.0	114.5
 -33.0	112
 -32.0	136.5
 -31.0	111
 -30.0	103
 -29.0	102.5
 -28.0	106
 -27.0	102
 -26.0	110.5
 -25.0	109
 -24.0	92.5
 -23.0	103
 -22.0	114
 -21.0	129
 -20.0	126.5
 -19.0	101
 -18.0	134
 -17.0	103.5
 -16.0	113.5
 -15.0	109
 -14.0	134
 -13.0	114.5
 -12.0	107
 -11.0	103
 -10.0	112
  -9.0	126
  -8.0	136
  -7.0	144
  -6.0	133
  -5.0	128
  -4.0	135
  -3.0	119.5
  -2.0	141
  -1.0	130
   0.0	124.5
   1.0	128
   2.0	117
   3.0	124.5
   4.0	128
   5.0	134
   6.0	136
   7.0	132.5
   8.0	120.5
   9.0	120
  10.0	119
  11.0	122.5
  12.0	104
  13.0	116.5
  14.0	116
  15.0	116.5
  16.0	120
  17.0	114
  18.0	123.5
  19.0	119.5
  20.0	126.5
  21.0	129
  22.0	106.5
  23.0	95.5
  24.0	102
  25.0	103
  26.0	114
  27.0	101
  28.0	106.5
  29.0	117
  30.0	104
  31.0	104
  32.0	127
  33.0	104.5
  34.0	96
  35.0	114
  36.0	121
  37.0	102
  38.0	102.5
  39.0	108
  40.0	108
  41.0	119
  42.0	119
  43.0	122
  44.0	105.5
  45.0	109.833
  46.0	88
  47.0	109
  48.0	95
  49.0	113.5
  50.0	108
  51.0	113.5
  52.0	127.333
  53.0	106
  54.0	98.5
  55.0	106.5
  56.0	114
  57.0	109.5
  58.0	117
  59.0	97.5
  60.0	121
  61.0	102
  62.0	114
  63.0	115.5
  64.0	114
  65.0	106.5
  66.0	111.5
  67.0	108.5
  68.0	110.833
  69.0	99
  70.0	123.5
  71.0	138
  72.0	98.5
  73.0	122
  74.0	114
  75.0	115.5
  76.0	112
  77.0	129
  78.0	109.5
  79.0	107.5
  80.0	117
  81.0	116.5
  82.0	121
  83.0	112.5
  84.0	109.5
  85.0	107.5
  86.0	121
  87.0	116.333
  88.0	100.5
  89.0	125.5
  90.0	129
  91.0	115
  92.0	101.5
  93.0	128.5
  94.0	132
  95.0	105.5
  96.0	132.5
  97.0	105
  98.0	126.5
  99.0	110
 100.0	124
 101.0	112
 102.0	112.833
 103.0	119.5
 104.0	109
 105.0	110
 106.0	111.833
 107.0	102
 108.0	114
 109.0	123
DB 2 MOTIF	EPAS1_HUMAN.H11MO.0.B
-110.5	68.5
-109.5	57.2
-108.5	69
-107.5	62
-106.5	70
-105.5	63
-104.5	67.5
-103.5	55
-102.5	73
-101.5	72
-100.5	77
 -99.5	70.5
 -98.5	63.5
 -97.5	69
 -96.5	65
 -95.5	61
 -94.5	76
 -93.5	61.5
 -92.5	65.5
 -91.5	71
 -90.5	76.5
 -89.5	69
 -88.5	68.5
 -87.5	70
 -86.5	56.5
 -85.5	78
 -84.5	60
 -83.5	58.8333
 -82.5	62.3333
 -81.5	74.5
 -80.5	75
 -79.5	71
 -78.5	59
 -77.5	75.5
 -76.5	72
 -75.5	63
 -74.5	58
 -73.5	65
 -72.5	68
 -71.5	60
 -70.5	71.75
 -69.5	66.3333
 -68.5	61.8333
 -67.5	65.3333
 -66.5	65.5
 -65.5	57.5
 -64.5	67.3333
 -63.5	61.5
 -62.5	71.5
 -61.5	61.5
 -60.5	74.5
 -59.5	61
 -58.5	77.5
 -57.5	50
 -56.5	72.2
 -55.5	50.8333
 -54.5	65
 -53.5	48.0833
 -52.5	73.25
 -51.5	64.5
 -50.5	62.5
 -49.5	68.5
 -48.5	62
 -47.5	56.5
 -46.5	63.5
 -45.5	53.8333
 -44.5	66.5
 -43.5	66
 -42.5	74
 -41.5	68.5
 -40.5	58
 -39.5	80.5
 -38.5	58.5
 -37.5	56
 -36.5	76
 -35.5	56.5
 -34.5	64.5
 -33.5	69.5
 -32.5	66
 -31.5	63.5
 -30.5	62.5
 -29.5	65
 -28.5	59.3333
 -27.5	59.5
 -26.5	69.25
 -25.5	62.75
 -24.5	65
 -23.5	75.5
 -22.5	72
 -21.5	61
 -20.5	83.5
 -19.5	81
 -18.5	76
 -17.5	76.75
 -16.5	76
 -15.5	93.5
 -14.5	66.5
 -13.5	74.5
 -12.5	71.5
 -11.5	78
 -10.5	61
  -9.5	84.5
  -8.5	82.5
  -7.5	83
  -6.5	68.5
  -5.5	71
  -4.5	76
  -3.5	67.7
  -2.5	73.5
  -1.5	65.8333
  -0.5	67.5
   0.5	68
   1.5	70
   2.5	60
   3.5	64.5
   4.5	74
   5.5	73
   6.5	64.5
   7.5	65.5
   8.5	68
   9.5	68.3333
  10.5	89.8333
  11.5	63.5
  12.5	79
  13.5	68.5
  14.5	78.5
  15.5	83.5
  16.5	73.5
  17.5	57.5
  18.5	85.5
  19.5	85
  20.5	68
  21.5	82.5
  22.5	86
  23.5	73
  24.5	72.5
  25.5	57.5
  26.5	63.5
  27.5	54
  28.5	48
  29.5	66.5
  30.5	62.5
  31.5	70.5
  32.5	62
  33.5	68
  34.5	62.5
  35.5	67.25
  36.5	77
  37.5	66.5
  38.5	65.5
  39.5	80
  40.5	84.5
  41.5	57
  42.5	80.5
  43.5	72
  44.5	66
  45.5	62
  46.5	72.5
  47.5	74.5
  48.5	62
  49.5	56.7
  50.5	59.3333
  51.5	45.5
  52.5	49.5
  53.5	74
  54.5	66.5
  55.5	66
  56.5	58.5
  57.5	72
  58.5	75.5
  59.5	70
  60.5	60.5
  61.5	86.5
  62.5	68.5
  63.5	78
  64.5	58.5
  65.5	70
  66.5	77.5
  67.5	72.5
  68.5	62.3333
  69.5	57.5
  70.5	54
  71.5	50
  72.5	74.3333
  73.5	63
  74.5	77.5
  75.5	59
  76.5	49
  77.5	68
  78.5	51.25
  79.5	51
  80.5	61.5
  81.5	85
  82.5	67.25
  83.5	65.5
  84.5	57.5
  85.5	58.5
  86.5	77.5833
  87.5	63
  88.5	71.75
  89.5	58.5
  90.5	79.25
  91.5	49.5
  92.5	87
  93.5	76.5
  94.5	68
  95.5	63
  96.5	63
  97.5	70.5
  98.5	51
  99.5	69
 100.5	60
 101.5	77.5
 102.5	75.2
 103.5	60.5
 104.5	72.5
 105.5	89.5
 106.5	71.8333
 107.5	64.5
 108.5	59
 109.5	55.5
 110.5	69.5
DB 2 MOTIF	ESR1_HUMAN.H11MO.0.A
-107.5	58
-106.5	68
-105.5	60
-104.5	51
-103.5	64
-102.5	58
-101.5	69.25
-100.5	65
 -99.5	62
 -98.5	53
 -97.5	56
 -96.5	72
 -95.5	72.5
 -94.5	83.5
 -93.5	66.5
 -92.5	57
 -91.5	79
 -90.5	70.5
 -89.5	69
 -88.5	56
 -87.5	64
 -86.5	62
 -85.5	62
 -84.5	68
 -83.5	61
 -82.5	79
 -81.5	76
 -80.5	59
 -79.5	85.5
 -78.5	64
 -77.5	66
 -76.5	67.5
 -75.5	72
 -74.5	62
 -73.5	50
 -72.5	65
 -71.5	66.5
 -70.5	73
 -69.5	72.5
 -68.5	72
 -67.5	69
 -66.5	64
 -65.5	67.5
 -64.5	74
 -63.5	78.5
 -62.5	74
 -61.5	57
 -60.5	70
 -59.5	67
 -58.5	67.5
 -57.5	65.25
 -56.5	63
 -55.5	44
 -54.5	62
 -53.5	70
 -52.5	87
 -51.5	52
 -50.5	67.5
 -49.5	67.5
 -48.5	56
 -47.5	71
 -46.5	66
 -45.5	75
 -44.5	60
 -43.5	61
 -42.5	64.5
 -41.5	79
 -40.5	69
 -39.5	69.5
 -38.5	67
 -37.5	79
 -36.5	70
 -35.5	58.25
 -34.5	72
 -33.5	60.5
 -32.5	80.5
 -31.5	64
 -30.5	81
 -29.5	64
 -28.5	70
 -27.5	75
 -26.5	76.5
 -25.5	69
 -24.5	92.5
 -23.5	96
 -22.5	107
 -21.5	119
 -20.5	99
 -19.5	113.25
 -18.5	111
 -17.5	121
 -16.5	103.5
 -15.5	91
 -14.5	131
 -13.5	113
 -12.5	139
 -11.5	124
 -10.5	112
  -9.5	93
  -8.5	74
  -7.5	76
  -6.5	90
  -5.5	108.5
  -4.5	90
  -3.5	66
  -2.5	91
  -1.5	79
  -0.5	93.5
   0.5	89
   1.5	86
   2.5	64
   3.5	99
   4.5	109
   5.5	87
   6.5	94
   7.5	86
   8.5	100
   9.5	105
  10.5	89
  11.5	98
  12.5	120.5
  13.5	122
  14.5	110.5
  15.5	96
  16.5	101
  17.5	89
  18.5	119.5
  19.5	130
  20.5	90
  21.5	93
  22.5	104.5
  23.5	89
  24.5	88
  25.5	93.5
  26.5	71
  27.5	73
  28.5	61
  29.5	73
  30.5	72
  31.5	74
  32.5	61
  33.5	80
  34.5	72.5
  35.5	74
  36.5	71
  37.5	60
  38.5	69
  39.5	81
  40.5	65.75
  41.5	69
  42.5	76
  43.5	72
  44.5	68.5
  45.5	69
  46.5	68
  47.5	69
  48.5	44
  49.5	69
  50.5	78
  51.5	62
  52.5	58.5
  53.5	62.5
  54.5	78
  55.5	62.5
  56.5	70
  57.5	53
  58.5	68
  59.5	68
  60.5	66.5
  61.5	68
  62.5	62
  63.5	77.5
  64.5	63
  65.5	71
  66.5	82
  67.5	70
  68.5	69
  69.5	68
  70.5	67
  71.5	60
  72.5	58.5
  73.5	60
  74.5	46.5
  75.5	66
  76.5	59
  77.5	62.5
  78.5	72
  79.5	81.5
  80.5	60
  81.5	73
  82.5	66.5
  83.5	63
  84.5	65
  85.5	58
  86.5	73
  87.5	56
  88.5	54
  89.5	71
  90.5	63
  91.5	53
  92.5	59
  93.5	47
  94.5	60.5
  95.5	51
  96.5	69
  97.5	50
  98.5	65
  99.5	64
 100.5	76
 101.5	58.25
 102.5	50
 103.5	52
 104.5	70
 105.5	79
 106.5	64
 107.5	61
DB 2 MOTIF	ESR1_HUMAN.H11MO.1.A
-110.0	82
-109.0	92
-108.0	83
-107.0	92.5
-106.0	94.5
-105.0	84
-104.0	81.5
-103.0	83.5
-102.0	84
-101.0	96
-100.0	87
 -99.0	84
 -98.0	97
 -97.0	80
 -96.0	79.5
 -95.0	85.5
 -94.0	85
 -93.0	84
 -92.0	91
 -91.0	75
 -90.0	94.5
 -89.0	97.5
 -88.0	84.5
 -87.0	86.5
 -86.0	97
 -85.0	79
 -84.0	105
 -83.0	66
 -82.0	90
 -81.0	104.5
 -80.0	72
 -79.0	80
 -78.0	85
 -77.0	90.5
 -76.0	92
 -75.0	99
 -74.0	94.5
 -73.0	82.5
 -72.0	95.5
 -71.0	82.5
 -70.0	83.5
 -69.0	90.5
 -68.0	91.5
 -67.0	92.5
 -66.0	89
 -65.0	83
 -64.0	91
 -63.0	102
 -62.0	100
 -61.0	94.5
 -60.0	104
 -59.0	84.5
 -58.0	82
 -57.0	82
 -56.0	94
 -55.0	83
 -54.0	101
 -53.0	95
 -52.0	85
 -51.0	101.5
 -50.0	106
 -49.0	86
 -48.0	98.5
 -47.0	91
 -46.0	77
 -45.0	85.5
 -44.0	103.5
 -43.0	88.5
 -42.0	98
 -41.0	86
 -40.0	91
 -39.0	89
 -38.0	106
 -37.0	94.3333
 -36.0	113.5
 -35.0	92.5
 -34.0	99
 -33.0	88
 -32.0	77.5
 -31.0	109
 -30.0	101.25
 -29.0	103
 -28.0	103.5
 -27.0	112
 -26.0	99.5
 -25.0	91.5
 -24.0	108.5
 -23.0	98
 -22.0	105
 -21.0	97
 -20.0	112
 -19.0	121.5
 -18.0	125
 -17.0	120
 -16.0	128
 -15.0	120.5
 -14.0	119.5
 -13.0	139
 -12.0	122.5
 -11.0	109
 -10.0	142.5
  -9.0	135
  -8.0	124
  -7.0	145
  -6.0	131
  -5.0	125
  -4.0	130.5
  -3.0	135.5
  -2.0	120.5
  -1.0	133.5
   0.0	138
   1.0	144.5
   2.0	114.5
   3.0	140.5
   4.0	132.5
   5.0	139
   6.0	119
   7.0	130.75
   8.0	142
   9.0	123.5
  10.0	128.5
  11.0	141.25
  12.0	108
  13.0	95.5
  14.0	155
  15.0	107.5
  16.0	111
  17.0	132
  18.0	131
  19.0	105
  20.0	102
  21.0	104
  22.0	101.333
  23.0	105.5
  24.0	94.5
  25.0	102.5
  26.0	103
  27.0	109.5
  28.0	85
  29.0	103.5
  30.0	93.5
  31.0	84
  32.0	103
  33.0	91
  34.0	99.5
  35.0	86.5
  36.0	106.5
  37.0	92
  38.0	105
  39.0	93
  40.0	91.5
  41.0	89
  42.0	76
  43.0	102.25
  44.0	88.25
  45.0	86
  46.0	110
  47.0	92.5
  48.0	97
  49.0	104
  50.0	90.5
  51.0	90
  52.0	94.3333
  53.0	74
  54.0	103.5
  55.0	78
  56.0	78.5
  57.0	82.5
  58.0	91.5
  59.0	78.5
  60.0	103
  61.0	93.5
  62.0	95.5
  63.0	91
  64.0	104
  65.0	88
  66.0	97
  67.0	87.5
  68.0	94
  69.0	69
  70.0	100
  71.0	99
  72.0	102.5
  73.0	86
  74.0	78
  75.0	82.75
  76.0	82
  77.0	94
  78.0	75.5
  79.0	67.5
  80.0	92
  81.0	86.25
  82.0	105.5
  83.0	97
  84.0	106
  85.0	97.5
  86.0	91.5
  87.0	96.5
  88.0	92.5
  89.0	76.5
  90.0	84.5
  91.0	104
  92.0	90.5
  93.0	87.5
  94.0	88
  95.0	80
  96.0	95.5
  97.0	92.5
  98.0	78.5
  99.0	87
 100.0	83.5
 101.0	88
 102.0	82
 103.0	78
 104.0	77
 105.0	81
 106.0	82
 107.0	76.75
 108.0	96
 109.0	98
 110.0	83
DB 2 MOTIF	ESR2_HUMAN.H11MO.0.A
-107.5	69
-106.5	85
-105.5	81
-104.5	68.5
-103.5	78
-102.5	82
-101.5	86.25
-100.5	86
 -99.5	84
 -98.5	78
 -97.5	64
 -96.5	75
 -95.5	90.5
 -94.5	91
 -93.5	70.5
 -92.5	67
 -91.5	79
 -90.5	83
 -89.5	76
 -88.5	77.5
 -87.5	90.5
 -86.5	80
 -85.5	71
 -84.5	74
 -83.5	75
 -82.5	91.5
 -81.5	83.5
 -80.5	73
 -79.5	87.5
 -78.5	77
 -77.5	75
 -76.5	82.5
 -75.5	82
 -74.5	80
 -73.5	71
 -72.5	79
 -71.5	88
 -70.5	87.5
 -69.5	74.5
 -68.5	77
 -67.5	94
 -66.5	88.5
 -65.5	82
 -64.5	80
 -63.5	95
 -62.5	94
 -61.5	79
 -60.5	92.5
 -59.5	75
 -58.5	94.5
 -57.5	89.25
 -56.5	74
 -55.5	70
 -54.5	89
 -53.5	92
 -52.5	107
 -51.5	71
 -50.5	78.5
 -49.5	70.5
 -48.5	74
 -47.5	101
 -46.5	93.5
 -45.5	85
 -44.5	74
 -43.5	74
 -42.5	85.5
 -41.5	91
 -40.5	73
 -39.5	83
 -38.5	89.5
 -37.5	91
 -36.5	94.5
 -35.5	81.25
 -34.5	100
 -33.5	85
 -32.5	107.5
 -31.5	78.5
 -30.5	81.5
 -29.5	78
 -28.5	95.5
 -27.5	80.5
 -26.5	80.5
 -25.5	108.5
 -24.5	118
 -23.5	123
 -22.5	143.5
 -21.5	127
 -20.5	125.333
 -19.5	154.75
 -18.5	138
 -17.5	150
 -16.5	116
 -15.5	127.5
 -14.5	143
 -13.5	157
 -12.5	170.5
 -11.5	137
 -10.5	127
  -9.5	122.5
  -8.5	101.5
  -7.5	100
  -6.5	113
  -5.5	122
  -4.5	108.5
  -3.5	106.5
  -2.5	112.5
  -1.5	102
  -0.5	104
   0.5	106.5
   1.5	107
   2.5	90
   3.5	111.5
   4.5	130
   5.5	93
   6.5	110
   7.5	94.5
   8.5	108.5
   9.5	129
  10.5	112.5
  11.5	127
  12.5	142.5
  13.5	150.5
  14.5	130
  15.5	104
  16.5	129
  17.5	119
  18.5	148.5
  19.5	159
  20.5	97
  21.5	118
  22.5	105
  23.5	109
  24.5	95
  25.5	116.5
  26.5	81.5
  27.5	82.3333
  28.5	77
  29.5	89
  30.5	101
  31.5	89
  32.5	91
  33.5	105
  34.5	103
  35.5	81
  36.5	92
  37.5	66.5
  38.5	79.5
  39.5	104
  40.5	82.25
  41.5	86
  42.5	83.5
  43.5	88
  44.5	81
  45.5	86
  46.5	85
  47.5	97
  48.5	69
  49.5	86
  50.5	94
  51.5	71
  52.5	74.5
  53.5	95
  54.5	92
  55.5	89
  56.5	81
  57.5	68
  58.5	88
  59.5	82
  60.5	92.5
  61.5	80.5
  62.5	94.5
  63.5	88
  64.5	85.5
  65.5	85.5
  66.5	102
  67.5	88.5
  68.5	81
  69.5	89
  70.5	76
  71.5	69
  72.5	68
  73.5	73
  74.5	61
  75.5	83.3333
  76.5	83.5
  77.5	77.5
  78.5	79
  79.5	84.5
  80.5	67
  81.5	81
  82.5	76.5
  83.5	90
  84.5	85
  85.5	73
  86.5	79
  87.5	72
  88.5	76
  89.5	77.5
  90.5	72
  91.5	83
  92.5	78.5
  93.5	70.5
  94.5	75.5
  95.5	76.5
  96.5	93
  97.5	63
  98.5	88
  99.5	86.5
 100.5	81
 101.5	93.25
 102.5	79.5
 103.5	82
 104.5	82.5
 105.5	92.5
 106.5	82
 107.5	73
DB 2 MOTIF	ESR2_HUMAN.H11MO.1.A
-111.5	100.25
-110.5	94
-109.5	83.5
-108.5	98
-107.5	92.5
-106.5	94.5
-105.5	85
-104.5	87.3333
-103.5	82.8333
-102.5	93.3333
-101.5	85.3333
-100.5	73.2
 -99.5	82.75
 -98.5	89.5
 -97.5	95.3333
 -96.5	77.8333
 -95.5	87
 -94.5	84
 -93.5	96.5
 -92.5	94.8333
 -91.5	85
 -90.5	83.1667
 -89.5	73.5833
 -88.5	86.8333
 -87.5	91
 -86.5	100.833
 -85.5	86.8333
 -84.5	108.333
 -83.5	82
 -82.5	91.3333
 -81.5	87.1667
 -80.5	103.5
 -79.5	85.5
 -78.5	79
 -77.5	78.5833
 -76.5	88.8333
 -75.5	106.333
 -74.5	82.5
 -73.5	93
 -72.5	93.3333
 -71.5	106.25
 -70.5	91.8333
 -69.5	93.5
 -68.5	104.75
 -67.5	85
 -66.5	91
 -65.5	77.75
 -64.5	90.5
 -63.5	96.5
 -62.5	90.3333
 -61.5	96
 -60.5	100.533
 -59.5	89
 -58.5	96.8333
 -57.5	98.8333
 -56.5	90.8333
 -55.5	91.5
 -54.5	95.5
 -53.5	105.5
 -52.5	75.5
 -51.5	122
 -50.5	90
 -49.5	100.833
 -48.5	109.5
 -47.5	100.5
 -46.5	90.5
 -45.5	94.8333
 -44.5	99.1667
 -43.5	94.5
 -42.5	100.833
 -41.5	95.2
 -40.5	94.5
 -39.5	84
 -38.5	93.8333
 -37.5	106.667
 -36.5	108.333
 -35.5	110.083
 -34.5	107.5
 -33.5	96.1667
 -32.5	86.5
 -31.5	100.5
 -30.5	107.5
 -29.5	104.417
 -28.5	129.167
 -27.5	87.8333
 -26.5	127
 -25.5	103.333
 -24.5	104.333
 -23.5	121.333
 -22.5	115
 -21.5	128
 -20.5	112.5
 -19.5	153.833
 -18.5	149.333
 -17.5	179
 -16.5	179.917
 -15.5	156.833
 -14.5	150.333
 -13.5	164.5
 -12.5	166.833
 -11.5	149.833
 -10.5	152
  -9.5	180.5
  -8.5	181.417
  -7.5	184.5
  -6.5	234
  -5.5	189.333
  -4.5	204.083
  -3.5	201.5
  -2.5	194.5
  -1.5	166.833
  -0.5	206.667
   0.5	192.5
   1.5	172
   2.5	204.5
   3.5	190
   4.5	184.25
   5.5	187.167
   6.5	191.333
   7.5	174.75
   8.5	191.667
   9.5	167.833
  10.5	181.833
  11.5	190.083
  12.5	147.5
  13.5	161.5
  14.5	152.167
  15.5	147.5
  16.5	154.5
  17.5	195.667
  18.5	156.25
  19.5	129.833
  20.5	110.833
  21.5	135.667
  22.5	122
  23.5	111.5
  24.5	115.333
  25.5	118.333
  26.5	117.167
  27.5	109.5
  28.5	103.583
  29.5	115.333
  30.5	96.5
  31.5	107
  32.5	96.5
  33.5	96.5
  34.5	112.167
  35.5	103.333
  36.5	107
  37.5	99
  38.5	98.5
  39.5	86.3333
  40.5	93
  41.5	90.8333
  42.5	93.5
  43.5	104.833
  44.5	92.25
  45.5	104.5
  46.5	100.167
  47.5	110
  48.5	84.8333
  49.5	99.5
  50.5	108.333
  51.5	90.6667
  52.5	81.6667
  53.5	99.5
  54.5	101.5
  55.5	79.3333
  56.5	98.2
  57.5	86.5
  58.5	92.1667
  59.5	78
  60.5	101.833
  61.5	104.667
  62.5	84.5
  63.5	84.3333
  64.5	102.5
  65.5	104.5
  66.5	85
  67.5	82.5833
  68.5	90.3333
  69.5	80
  70.5	96.3333
  71.5	97.5
  72.5	83.8333
  73.5	81.3333
  74.5	86.5
  75.5	92.45
  76.5	71.5
  77.5	84
  78.5	74.5
  79.5	70.8333
  80.5	87
  81.5	93.0833
  82.5	104.333
  83.5	90
  84.5	91.5
  85.5	96
  86.5	95.6667
  87.5	89.8333
  88.5	86.3333
  89.5	95.5
  90.5	92
  91.5	85.5
  92.5	101.5
  93.5	78.5
  94.5	83.3333
  95.5	102.833
  96.5	109
  97.5	96.5
  98.5	82.3333
  99.5	87
 100.5	87.8333
 101.5	77.1667
 102.5	90.3333
 103.5	67
 104.5	71.6667
 105.5	93
 106.5	77.5
 107.5	89.0833
 108.5	92.8333
 109.5	96.5
 110.5	90.3333
 111.5	94
DB 2 MOTIF	ETV1_HUMAN.H11MO.0.A
-109.5	63
-108.5	58.5
-107.5	66.25
-106.5	77
-105.5	77
-104.5	53
-103.5	59.25
-102.5	60.5
-101.5	66
-100.5	58
 -99.5	69.25
 -98.5	68.2
 -97.5	65.5
 -96.5	75
 -95.5	65.75
 -94.5	65
 -93.5	72.2
 -92.5	93.5
 -91.5	75
 -90.5	72
 -89.5	78
 -88.5	52.2
 -87.5	64
 -86.5	63.5
 -85.5	75
 -84.5	75
 -83.5	76.2
 -82.5	71
 -81.5	67.5
 -80.5	65
 -79.5	93
 -78.5	71.2
 -77.5	77.5
 -76.5	66
 -75.5	69
 -74.5	80
 -73.5	66.5
 -72.5	65
 -71.5	54.5
 -70.5	78.5
 -69.5	83
 -68.5	74
 -67.5	69
 -66.5	66
 -65.5	69
 -64.5	72
 -63.5	81
 -62.5	84.5
 -61.5	70
 -60.5	78.5
 -59.5	90
 -58.5	80
 -57.5	70
 -56.5	66
 -55.5	69.5
 -54.5	74.5
 -53.5	76
 -52.5	71
 -51.5	95
 -50.5	70
 -49.5	102.333
 -48.5	73
 -47.5	101.5
 -46.5	72
 -45.5	84
 -44.5	74
 -43.5	80
 -42.5	88
 -41.5	85.5
 -40.5	80
 -39.5	85
 -38.5	68.5
 -37.5	82
 -36.5	73
 -35.5	86
 -34.5	81
 -33.5	74
 -32.5	80
 -31.5	83
 -30.5	81
 -29.5	70
 -28.5	65
 -27.5	88
 -26.5	84.5
 -25.5	69
 -24.5	72
 -23.5	87
 -22.5	96.5
 -21.5	57.5
 -20.5	72
 -19.5	75
 -18.5	80.5
 -17.5	58
 -16.5	72
 -15.5	61.5
 -14.5	67
 -13.5	68.5
 -12.5	69
 -11.5	65
 -10.5	75
  -9.5	70
  -8.5	56
  -7.5	58.5
  -6.5	72
  -5.5	67
  -4.5	49.5
  -3.5	51
  -2.5	48
  -1.5	73.5
  -0.5	56
   0.5	64
   1.5	55
   2.5	55
   3.5	59
   4.5	52
   5.5	54
   6.5	75.5
   7.5	61
   8.5	61
   9.5	83
  10.5	68
  11.5	59.5
  12.5	58
  13.5	69.8333
  14.5	68
  15.5	79
  16.5	58.5
  17.5	56
  18.5	66
  19.5	72.5
  20.5	77
  21.5	75
  22.5	76
  23.5	72.5
  24.5	79.5
  25.5	89
  26.5	80.5
  27.5	89.5
  28.5	67
  29.5	92
  30.5	79
  31.5	57.5
  32.5	79.5
  33.5	68
  34.5	64
  35.5	88
  36.5	75
  37.5	88.5
  38.5	73.5
  39.5	76.5
  40.5	80.5
  41.5	85
  42.5	82
  43.5	73.5
  44.5	82
  45.5	90
  46.5	76
  47.5	72
  48.5	74
  49.5	74
  50.5	95.5
  51.5	84
  52.5	68
  53.5	85
  54.5	81
  55.5	83.5
  56.5	70.0909
  57.5	70
  58.5	53.8333
  59.5	77
  60.5	74.0909
  61.5	78
  62.5	74
  63.5	81.5
  64.5	63.0909
  65.5	63
  66.5	65
  67.5	75
  68.5	67.0909
  69.5	86
  70.5	65
  71.5	77
  72.5	79.0909
  73.5	78.5
  74.5	73
  75.5	76
  76.5	65.2576
  77.5	78
  78.5	83.5
  79.5	89
  80.5	74.0909
  81.5	62
  82.5	68.5
  83.5	55.5
  84.5	68.5909
  85.5	68
  86.5	67.5
  87.5	81.5
  88.5	75.0909
  89.5	74
  90.5	70
  91.5	86
  92.5	84.0909
  93.5	78.5
  94.5	63.8333
  95.5	62.5
  96.5	78
  97.5	67
  98.5	74
  99.5	52.5
 100.5	66
 101.5	60
 102.5	57
 103.5	80
 104.5	52
 105.5	57
 106.5	79.5
 107.5	54.5
 108.5	62.0909
 109.5	69.5
DB 2 MOTIF	FEV_HUMAN.H11MO.0.B
-110.0	127
-109.0	132.5
-108.0	131.25
-107.0	123
-106.0	124.5
-105.0	123.5
-104.0	121.333
-103.0	135.5
-102.0	140.5
-101.0	120.5
-100.0	134
 -99.0	127.833
 -98.0	130
 -97.0	153
 -96.0	128.833
 -95.0	110
 -94.0	117.833
 -93.0	128.5
 -92.0	145.833
 -91.0	142.5
 -90.0	121.5
 -89.0	121.083
 -88.0	89
 -87.0	116
 -86.0	115.75
 -85.0	139.5
 -84.0	137
 -83.0	136.583
 -82.0	139
 -81.0	139
 -80.0	154.25
 -79.0	133.5
 -78.0	126.5
 -77.0	133.5
 -76.0	136.5
 -75.0	142
 -74.0	143.5
 -73.0	143.333
 -72.0	131
 -71.0	145
 -70.0	122.083
 -69.0	134.5
 -68.0	115.667
 -67.0	129
 -66.0	120
 -65.0	147.5
 -64.0	142
 -63.0	142.833
 -62.0	118.333
 -61.0	148.5
 -60.0	127.5
 -59.0	125.417
 -58.0	135.5
 -57.0	143
 -56.0	149
 -55.0	133.25
 -54.0	132
 -53.0	142.5
 -52.0	141
 -51.0	128
 -50.0	140.333
 -49.0	153.333
 -48.0	151
 -47.0	140.5
 -46.0	150.5
 -45.0	155.5
 -44.0	127.333
 -43.0	128
 -42.0	145.5
 -41.0	166.5
 -40.0	117.5
 -39.0	166.333
 -38.0	115
 -37.0	135.333
 -36.0	144
 -35.0	155
 -34.0	148.5
 -33.0	146.5
 -32.0	151.5
 -31.0	133
 -30.0	148.5
 -29.0	136
 -28.0	128
 -27.0	142
 -26.0	145.5
 -25.0	145.5
 -24.0	156.833
 -23.0	161
 -22.0	141.333
 -21.0	169
 -20.0	159.5
 -19.0	132.25
 -18.0	153.333
 -17.0	143.5
 -16.0	143
 -15.0	175
 -14.0	157
 -13.0	151
 -12.0	139.667
 -11.0	147.5
 -10.0	151.833
  -9.0	146.5
  -8.0	150
  -7.0	157
  -6.0	140
  -5.0	141
  -4.0	163.5
  -3.0	127.5
  -2.0	136.25
  -1.0	169
   0.0	148
   1.0	148.25
   2.0	164.5
   3.0	147.5
   4.0	139.5
   5.0	156
   6.0	157
   7.0	162
   8.0	132.5
   9.0	148.833
  10.0	173.833
  11.0	140.5
  12.0	155.333
  13.0	162.5
  14.0	138.5
  15.0	153.167
  16.0	134.333
  17.0	159.833
  18.0	154.5
  19.0	127.5
  20.0	160.667
  21.0	137
  22.0	149.5
  23.0	130.333
  24.0	151.5
  25.0	150.5
  26.0	147.5
  27.0	151.5
  28.0	143.5
  29.0	134
  30.0	158.75
  31.0	126.5
  32.0	123
  33.0	140
  34.0	167
  35.0	132
  36.0	136
  37.0	154.5
  38.0	108.5
  39.0	168.5
  40.0	137.5
  41.0	159.833
  42.0	143.833
  43.0	132.5
  44.0	125.5
  45.0	146
  46.0	157.5
  47.0	135
  48.0	139.833
  49.0	130.5
  50.0	151.333
  51.0	126.5
  52.0	118.5
  53.0	143.5
  54.0	158
  55.0	174.833
  56.0	115.5
  57.0	128
  58.0	129.333
  59.0	121.333
  60.0	126
  61.0	122.75
  62.0	135.333
  63.0	125.25
  64.0	147.5
  65.0	114.333
  66.0	118
  67.0	117.5
  68.0	168.75
  69.0	144
  70.0	143.333
  71.0	122.5
  72.0	115
  73.0	120
  74.0	144.5
  75.0	112.333
  76.0	128
  77.0	127.833
  78.0	137
  79.0	147.5
  80.0	117
  81.0	128.5
  82.0	139.5
  83.0	132.5
  84.0	128.833
  85.0	140.75
  86.0	132.5
  87.0	127
  88.0	136
  89.0	125
  90.0	120
  91.0	128
  92.0	130
  93.0	136.5
  94.0	147.5
  95.0	102.167
  96.0	124.333
  97.0	139.75
  98.0	126.5
  99.0	145
 100.0	124.5
 101.0	148.333
 102.0	102
 103.0	121.75
 104.0	141
 105.0	136
 106.0	123.833
 107.0	117.5
 108.0	118.5
 109.0	121
 110.0	122
DB 2 MOTIF	FIGLA_HUMAN.H11MO.0.D
-109.5	119
-108.5	101
-107.5	94.5
-106.5	99.5
-105.5	93.3333
-104.5	111
-103.5	117.5
-102.5	101.5
-101.5	88
-100.5	87.8333
 -99.5	95.5
 -98.5	95.5
 -97.5	90.5
 -96.5	92
 -95.5	88
 -94.5	95
 -93.5	106
 -92.5	100.5
 -91.5	102
 -90.5	105
 -89.5	86
 -88.5	100
 -87.5	115
 -86.5	110
 -85.5	91
 -84.5	93
 -83.5	87.5
 -82.5	111.5
 -81.5	104.5
 -80.5	96
 -79.5	99.5
 -78.5	96.8333
 -77.5	120
 -76.5	90.5
 -75.5	90
 -74.5	95.5
 -73.5	107.5
 -72.5	103.5
 -71.5	98
 -70.5	111
 -69.5	84
 -68.5	96
 -67.5	95.5
 -66.5	95
 -65.5	99
 -64.5	110.5
 -63.5	110.5
 -62.5	80.5
 -61.5	98.5
 -60.5	98.5
 -59.5	90
 -58.5	97.8333
 -57.5	113
 -56.5	118.833
 -55.5	104
 -54.5	96
 -53.5	108
 -52.5	111.5
 -51.5	106
 -50.5	101
 -49.5	97.5
 -48.5	102.5
 -47.5	92.5
 -46.5	109.5
 -45.5	108.5
 -44.5	85.5
 -43.5	105.5
 -42.5	96.5
 -41.5	110
 -40.5	98
 -39.5	104
 -38.5	100
 -37.5	108
 -36.5	124.5
 -35.5	100
 -34.5	119
 -33.5	102.5
 -32.5	99
 -31.5	110.333
 -30.5	126
 -29.5	106
 -28.5	106
 -27.5	132
 -26.5	117
 -25.5	124.5
 -24.5	130.5
 -23.5	111
 -22.5	144
 -21.5	117
 -20.5	108
 -19.5	115
 -18.5	123
 -17.5	142.5
 -16.5	105.5
 -15.5	106
 -14.5	133
 -13.5	157
 -12.5	136
 -11.5	143
 -10.5	148
  -9.5	159
  -8.5	153.5
  -7.5	150.5
  -6.5	160
  -5.5	182
  -4.5	162.5
  -3.5	187.5
  -2.5	178
  -1.5	186
  -0.5	184
   0.5	190.5
   1.5	196.5
   2.5	188.5
   3.5	171.5
   4.5	199
   5.5	166
   6.5	157.5
   7.5	184
   8.5	151
   9.5	180.5
  10.5	136
  11.5	128
  12.5	130
  13.5	135
  14.5	122.5
  15.5	136.5
  16.5	130.333
  17.5	114.833
  18.5	125.5
  19.5	120.5
  20.5	114.5
  21.5	101
  22.5	133
  23.5	117
  24.5	124
  25.5	116
  26.5	104.5
  27.5	99.5
  28.5	106
  29.5	115
  30.5	111
  31.5	116
  32.5	116
  33.5	114.5
  34.5	105.5
  35.5	106.5
  36.5	110.5
  37.5	107
  38.5	81.5
  39.5	125.5
  40.5	105.5
  41.5	103.5
  42.5	109.5
  43.5	109
  44.5	99
  45.5	85.5
  46.5	92.5
  47.5	94.5
  48.5	112.5
  49.5	99
  50.5	119.5
  51.5	102.5
  52.5	95.3333
  53.5	106
  54.5	107
  55.5	87.5
  56.5	98.5
  57.5	105
  58.5	92
  59.5	90.5
  60.5	92
  61.5	90
  62.5	102.5
  63.5	95
  64.5	106.333
  65.5	110
  66.5	97.5
  67.5	99.5
  68.5	95
  69.5	98.5
  70.5	90
  71.5	110.5
  72.5	79.5
  73.5	85.5
  74.5	100
  75.5	100.5
  76.5	103
  77.5	84.5
  78.5	88.5
  79.5	99.5
  80.5	119.5
  81.5	105.5
  82.5	103
  83.5	94
  84.5	103
  85.5	103
  86.5	96
  87.5	90
  88.5	89
  89.5	87
  90.5	100.5
  91.5	96.8333
  92.5	93
  93.5	93
  94.5	88
  95.5	89
  96.5	83.5
  97.5	92.5
  98.5	100.5
  99.5	99
 100.5	81.3333
 101.5	92
 102.5	89
 103.5	81.5
 104.5	86
 105.5	88
 106.5	106.5
 107.5	84
 108.5	90.5
 109.5	90
DB 2 MOTIF	GABPA_HUMAN.H11MO.0.A
-108.0	54
-107.0	63
-106.0	70
-105.0	66.5
-104.0	53.5
-103.0	57
-102.0	45
-101.0	62.5
-100.0	57
 -99.0	61
 -98.0	59
 -97.0	44
 -96.0	66
 -95.0	67
 -94.0	52
 -93.0	71.5
 -92.0	81
 -91.0	67
 -90.0	63.5
 -89.0	53.5
 -88.0	53
 -87.0	57
 -86.0	49
 -85.0	72
 -84.0	64.5
 -83.0	61
 -82.0	60.5
 -81.0	63
 -80.0	76
 -79.0	60
 -78.0	49
 -77.0	70
 -76.0	54
 -75.0	67
 -74.0	75
 -73.0	56
 -72.0	58
 -71.0	67
 -70.0	63
 -69.0	59
 -68.0	70
 -67.0	64
 -66.0	64
 -65.0	71.5
 -64.0	73
 -63.0	72
 -62.0	81
 -61.0	63.5
 -60.0	74
 -59.0	70
 -58.0	56
 -57.0	70
 -56.0	74.3333
 -55.0	54.5
 -54.0	71
 -53.0	59
 -52.0	69
 -51.0	62.5
 -50.0	64
 -49.0	71.3333
 -48.0	81
 -47.0	63
 -46.0	72
 -45.0	60.5
 -44.0	76
 -43.0	77.5
 -42.0	66.5
 -41.0	72.5
 -40.0	79
 -39.0	65
 -38.0	74
 -37.0	57
 -36.0	66
 -35.0	53
 -34.0	64
 -33.0	79
 -32.0	64.5
 -31.0	78
 -30.0	66
 -29.0	64
 -28.0	72
 -27.0	71
 -26.0	77
 -25.0	61
 -24.0	75.5
 -23.0	96
 -22.0	57
 -21.0	66
 -20.0	72
 -19.0	70
 -18.0	54
 -17.0	50
 -16.0	61
 -15.0	56
 -14.0	58
 -13.0	76.5
 -12.0	52
 -11.0	64
 -10.0	63.5
  -9.0	55
  -8.0	58
  -7.0	66
  -6.0	63
  -5.0	51
  -4.0	59
  -3.0	54.3333
  -2.0	43
  -1.0	55.5
   0.0	73.5
   1.0	45.5
   2.0	57
   3.0	53
   4.0	61
   5.0	54
   6.0	58
   7.0	49
   8.0	46
   9.0	77
  10.0	69
  11.0	46.5
  12.0	42
  13.0	57
  14.0	75.3333
  15.0	58.5
  16.0	70
  17.0	43.5
  18.0	58
  19.0	64
  20.0	79
  21.0	67.5
  22.0	51
  23.0	77
  24.0	72.5
  25.0	68
  26.0	83.5
  27.0	77
  28.0	81
  29.0	82
  30.0	58
  31.0	64
  32.0	72.5
  33.0	64
  34.0	55
  35.0	71
  36.0	74
  37.0	50
  38.0	68
  39.0	51.5
  40.0	67
  41.0	68
  42.0	64.5
  43.0	69
  44.0	54
  45.0	73
  46.0	77
  47.0	76.5
  48.0	73
  49.0	58
  50.0	70.8333
  51.0	68.5
  52.0	62
  53.0	63
  54.0	71
  55.0	72
  56.0	65
  57.0	61
  58.0	54.3333
  59.0	54
  60.0	62
  61.0	71
  62.0	61
  63.0	80
  64.0	54
  65.0	61
  66.0	56
  67.0	59
  68.0	57
  69.0	65
  70.0	58
  71.0	50
  72.0	65
  73.0	68
  74.0	69.5
  75.0	62.5
  76.0	57.8333
  77.0	66.8333
  78.0	72
  79.0	53.5
  80.0	78
  81.0	52
  82.0	62
  83.0	62
  84.0	66
  85.0	63
  86.0	50
  87.0	68
  88.0	55
  89.0	85
  90.0	56.5
  91.0	55
  92.0	66
  93.0	63
  94.0	52.3333
  95.0	52.5
  96.0	68
  97.0	64
  98.0	54
  99.0	70
 100.0	51
 101.0	45.5
 102.0	59
 103.0	51
 104.0	55
 105.0	66
 106.0	52.5
 107.0	63
 108.0	54
DB 2 MOTIF	GCM1_HUMAN.H11MO.0.D
-108.0	47
-107.0	51
-106.0	50.3333
-105.0	67
-104.0	50.25
-103.0	41
-102.0	51
-101.0	40
-100.0	51
 -99.0	52
 -98.0	53
 -97.0	48
 -96.0	35
 -95.0	43
 -94.0	47.25
 -93.0	47
 -92.0	54.5
 -91.0	70
 -90.0	45
 -89.0	63
 -88.0	44
 -87.0	54.5
 -86.0	53.5
 -85.0	59
 -84.0	59
 -83.0	63
 -82.0	57
 -81.0	54
 -80.0	62
 -79.0	61.5
 -78.0	63
 -77.0	65.5
 -76.0	48
 -75.0	58.3333
 -74.0	47
 -73.0	48
 -72.0	61
 -71.0	52
 -70.0	46
 -69.0	61
 -68.0	56
 -67.0	69
 -66.0	51
 -65.0	51.5
 -64.0	63
 -63.0	53
 -62.0	43
 -61.0	57.5
 -60.0	59
 -59.0	56.5
 -58.0	48
 -57.0	55.5
 -56.0	63
 -55.0	59
 -54.0	55
 -53.0	56.8333
 -52.0	42
 -51.0	55
 -50.0	65
 -49.0	58
 -48.0	50.5
 -47.0	68
 -46.0	54.5
 -45.0	70
 -44.0	62.25
 -43.0	43
 -42.0	58
 -41.0	75
 -40.0	46
 -39.0	59
 -38.0	63
 -37.0	63
 -36.0	56.5
 -35.0	60
 -34.0	67
 -33.0	73.25
 -32.0	53
 -31.0	63
 -30.0	60.5
 -29.0	69
 -28.0	70.5
 -27.0	71
 -26.0	84
 -25.0	80.3333
 -24.0	57.5
 -23.0	80
 -22.0	83
 -21.0	80
 -20.0	80
 -19.0	69
 -18.0	72
 -17.0	71
 -16.0	82.5
 -15.0	85
 -14.0	83
 -13.0	108
 -12.0	83
 -11.0	97
 -10.0	103
  -9.0	115
  -8.0	94.5
  -7.0	119
  -6.0	127
  -5.0	139
  -4.0	119
  -3.0	138
  -2.0	141
  -1.0	142.5
   0.0	144.333
   1.0	151.5
   2.0	134
   3.0	155
   4.0	125
   5.0	137.833
   6.0	122
   7.0	133.5
   8.0	112
   9.0	124.5
  10.0	115
  11.0	104
  12.0	99
  13.0	109
  14.0	72
  15.0	78
  16.0	68.25
  17.0	75.5
  18.0	70
  19.0	91
  20.0	80
  21.0	90
  22.0	70
  23.0	68
  24.0	73
  25.0	58
  26.0	76
  27.0	57
  28.0	68.25
  29.0	69.5
  30.0	52
  31.0	55.5
  32.0	54
  33.0	67
  34.0	72
  35.0	60.5
  36.0	65.3333
  37.0	63
  38.0	57.5
  39.0	66
  40.0	65
  41.0	54
  42.0	62
  43.0	61
  44.0	58
  45.0	51.3333
  46.0	63
  47.0	56.5
  48.0	57
  49.0	56
  50.0	64
  51.0	54
  52.0	64
  53.0	54
  54.0	60
  55.0	43
  56.0	69
  57.0	60
  58.0	46
  59.0	56
  60.0	50.5
  61.0	42
  62.0	46
  63.0	38
  64.0	53
  65.0	47.5
  66.0	65.5
  67.0	58
  68.0	64
  69.0	62
  70.0	38
  71.0	55
  72.0	54
  73.0	51
  74.0	39
  75.0	56
  76.0	44
  77.0	66.25
  78.0	43
  79.0	43
  80.0	49
  81.0	63
  82.0	44.5
  83.0	52
  84.0	55
  85.0	42.5
  86.0	54.5
  87.0	48
  88.0	52
  89.0	54.25
  90.0	52
  91.0	40.8333
  92.0	48
  93.0	57
  94.0	43
  95.0	55
  96.0	57.5
  97.0	50.3333
  98.0	64.3333
  99.0	41
 100.0	45
 101.0	47.5
 102.0	47
 103.0	49
 104.0	44
 105.0	62.3333
 106.0	48
 107.0	49
 108.0	55
DB 2 MOTIF	GCM2_HUMAN.H11MO.0.D
-109.5	13.5
-108.5	10
-107.5	18
-106.5	15
-105.5	13
-104.5	11
-103.5	10
-102.5	17
-101.5	7
-100.5	24
 -99.5	14
 -98.5	17
 -97.5	13
 -96.5	16
 -95.5	15
 -94.5	14
 -93.5	6
 -92.5	13
 -91.5	20
 -90.5	9
 -89.5	17
 -88.5	14
 -87.5	8.5
 -86.5	25
 -85.5	14
 -84.5	16
 -83.5	19
 -82.5	21
 -81.5	18
 -80.5	10
 -79.5	19
 -78.5	15
 -77.5	17
 -76.5	13
 -75.5	23
 -74.5	11
 -73.5	10
 -72.5	19
 -71.5	18
 -70.5	8
 -69.5	16
 -68.5	19
 -67.5	12
 -66.5	9
 -65.5	21
 -64.5	20
 -63.5	19
 -62.5	9
 -61.5	15
 -60.5	13
 -59.5	17
 -58.5	13
 -57.5	20
 -56.5	13
 -55.5	22
 -54.5	17
 -53.5	9
 -52.5	16
 -51.5	19.3333
 -50.5	12
 -49.5	14
 -48.5	17
 -47.5	20
 -46.5	16
 -45.5	19.8333
 -44.5	16
 -43.5	15
 -42.5	10
 -41.5	15
 -40.5	7
 -39.5	17.3333
 -38.5	6
 -37.5	21
 -36.5	12
 -35.5	19
 -34.5	18
 -33.5	19
 -32.5	21
 -31.5	20
 -30.5	29
 -29.5	18
 -28.5	15
 -27.5	19
 -26.5	24
 -25.5	21
 -24.5	18
 -23.5	20
 -22.5	17
 -21.5	23
 -20.5	20
 -19.5	20
 -18.5	16
 -17.5	10
 -16.5	11
 -15.5	20
 -14.5	18
 -13.5	15
 -12.5	25
 -11.5	22
 -10.5	18
  -9.5	19
  -8.5	18
  -7.5	22
  -6.5	19
  -5.5	21
  -4.5	30
  -3.5	23
  -2.5	18
  -1.5	12
  -0.5	26
   0.5	22
   1.5	20
   2.5	16
   3.5	21
   4.5	19
   5.5	18
   6.5	20
   7.5	22
   8.5	27
   9.5	22
  10.5	25
  11.5	15
  12.5	10
  13.5	16
  14.5	8
  15.5	17
  16.5	13
  17.5	22
  18.5	15
  19.5	22
  20.5	19
  21.5	22
  22.5	19
  23.5	22
  24.5	21
  25.5	18
  26.5	16
  27.5	13
  28.5	22
  29.5	12
  30.5	19
  31.5	21
  32.5	22
  33.5	24
  34.5	17
  35.5	22
  36.5	15
  37.5	12
  38.5	19
  39.5	17
  40.5	13
  41.5	16
  42.5	22
  43.5	21
  44.5	17
  45.5	15
  46.5	16
  47.5	18.5
  48.5	18
  49.5	22
  50.5	18
  51.5	18
  52.5	13
  53.5	17
  54.5	11
  55.5	18
  56.5	16
  57.5	19
  58.5	25
  59.5	19
  60.5	18
  61.5	14
  62.5	18
  63.5	16
  64.5	13
  65.5	19
  66.5	19
  67.5	29
  68.5	23
  69.5	17
  70.5	11
  71.5	19
  72.5	21
  73.5	14
  74.5	16
  75.5	25
  76.5	14
  77.5	9
  78.5	13
  79.5	18
  80.5	19
  81.5	10.5
  82.5	15
  83.5	12
  84.5	19
  85.5	18.5
  86.5	16.5
  87.5	19
  88.5	23
  89.5	13
  90.5	11
  91.5	17
  92.5	13
  93.5	16.5
  94.5	12
  95.5	19
  96.5	15
  97.5	17
  98.5	16
  99.5	13
 100.5	22
 101.5	16
 102.5	17
 103.5	9
 104.5	20
 105.5	15
 106.5	14
 107.5	12
 108.5	16
 109.5	15
DB 2 MOTIF	GLI1_HUMAN.H11MO.0.D
-109.0	74
-108.0	71
-107.0	66.5
-106.0	69
-105.0	93
-104.0	87.3333
-103.0	74
-102.0	84
-101.0	81
-100.0	82.5
 -99.0	73.6667
 -98.0	70
 -97.0	78
 -96.0	89
 -95.0	77.5
 -94.0	68
 -93.0	84.5
 -92.0	61
 -91.0	67
 -90.0	85
 -89.0	72
 -88.0	56
 -87.0	69
 -86.0	74
 -85.0	70.5
 -84.0	85.3333
 -83.0	83.5
 -82.0	82.5
 -81.0	71.3333
 -80.0	77
 -79.0	87
 -78.0	97
 -77.0	75
 -76.0	82.5
 -75.0	83
 -74.0	86.3333
 -73.0	80
 -72.0	81
 -71.0	89.25
 -70.0	73
 -69.0	95
 -68.0	96
 -67.0	81.5
 -66.0	66
 -65.0	70
 -64.0	75.5
 -63.0	81.5
 -62.0	86
 -61.0	77
 -60.0	87
 -59.0	85
 -58.0	79
 -57.0	74.3333
 -56.0	72
 -55.0	81
 -54.0	88.5
 -53.0	87.5
 -52.0	69
 -51.0	63.3333
 -50.0	75.5
 -49.0	75.5
 -48.0	74
 -47.0	64
 -46.0	83
 -45.0	74
 -44.0	61.6667
 -43.0	78.5
 -42.0	71
 -41.0	63.5
 -40.0	79.5
 -39.0	92
 -38.0	70.5
 -37.0	76.5
 -36.0	77
 -35.0	80.5
 -34.0	78.5
 -33.0	77.5
 -32.0	88
 -31.0	80
 -30.0	81
 -29.0	88
 -28.0	77
 -27.0	70
 -26.0	94
 -25.0	90.3333
 -24.0	87.5
 -23.0	87
 -22.0	87.5
 -21.0	97.5
 -20.0	84
 -19.0	88.5
 -18.0	95.75
 -17.0	100
 -16.0	99.5
 -15.0	102.5
 -14.0	95
 -13.0	100
 -12.0	96
 -11.0	100.5
 -10.0	114.5
  -9.0	99
  -8.0	94
  -7.0	91.5
  -6.0	113
  -5.0	131.833
  -4.0	120.333
  -3.0	114
  -2.0	105
  -1.0	110
   0.0	114.5
   1.0	117.833
   2.0	108
   3.0	121
   4.0	110.5
   5.0	103.5
   6.0	122.5
   7.0	107
   8.0	102
   9.0	104
  10.0	92
  11.0	99.5
  12.0	97
  13.0	102
  14.0	106.5
  15.0	94
  16.0	79
  17.0	80
  18.0	78
  19.0	94
  20.0	88.5
  21.0	82.5
  22.0	75.5
  23.0	75
  24.0	94
  25.0	65
  26.0	83.5
  27.0	83.5
  28.0	91.5
  29.0	77.5
  30.0	67.8333
  31.0	72
  32.0	67.5
  33.0	84
  34.0	82
  35.0	72.25
  36.0	93
  37.0	94.5
  38.0	90
  39.0	65.5
  40.0	81
  41.0	69.5
  42.0	77
  43.0	74.5
  44.0	64
  45.0	87
  46.0	70
  47.0	80
  48.0	78
  49.0	73
  50.0	59
  51.0	69.3333
  52.0	70
  53.0	88.5
  54.0	78
  55.0	84
  56.0	53.5
  57.0	87
  58.0	76
  59.0	58
  60.0	64
  61.0	70
  62.0	82.5
  63.0	79
  64.0	78
  65.0	78.5
  66.0	90.5
  67.0	65
  68.0	70
  69.0	78
  70.0	73.5
  71.0	77
  72.0	69
  73.0	92.5
  74.0	91.3333
  75.0	64.5
  76.0	73
  77.0	81.5
  78.0	76
  79.0	72
  80.0	89
  81.0	76.5
  82.0	73
  83.0	90
  84.0	72
  85.0	84.5
  86.0	96.5
  87.0	77
  88.0	54.75
  89.0	80
  90.0	87.5
  91.0	79
  92.0	79
  93.0	59
  94.0	73.5
  95.0	66.5
  96.0	78.5
  97.0	91
  98.0	70
  99.0	93
 100.0	75.5
 101.0	75
 102.0	74.3333
 103.0	71
 104.0	76
 105.0	87
 106.0	67.5
 107.0	70.5
 108.0	79
 109.0	59
DB 2 MOTIF	GLI3_HUMAN.H11MO.0.B
-109.5	44
-108.5	51
-107.5	35
-106.5	43
-105.5	44
-104.5	59
-103.5	56
-102.5	44
-101.5	45.5
-100.5	48.5
 -99.5	49
 -98.5	37
 -97.5	37.5
 -96.5	40
 -95.5	41
 -94.5	33
 -93.5	33
 -92.5	39
 -91.5	37.5
 -90.5	47
 -89.5	35
 -88.5	45
 -87.5	38
 -86.5	33
 -85.5	39
 -84.5	43
 -83.5	42
 -82.5	37
 -81.5	41
 -80.5	41.5
 -79.5	50.25
 -78.5	49
 -77.5	47
 -76.5	36
 -75.5	42
 -74.5	46
 -73.5	38
 -72.5	39
 -71.5	55
 -70.5	32
 -69.5	38
 -68.5	65
 -67.5	41
 -66.5	40.5
 -65.5	43
 -64.5	35.5
 -63.5	54
 -62.5	45
 -61.5	36.5
 -60.5	52
 -59.5	32
 -58.5	44
 -57.5	43
 -56.5	42
 -55.5	45.5
 -54.5	39
 -53.5	44
 -52.5	47
 -51.5	38.5
 -50.5	47
 -49.5	41
 -48.5	36
 -47.5	43
 -46.5	40
 -45.5	38
 -44.5	45
 -43.5	33
 -42.5	39
 -41.5	44
 -40.5	44
 -39.5	34.5
 -38.5	45
 -37.5	42
 -36.5	47.25
 -35.5	29
 -34.5	37
 -33.5	42
 -32.5	42
 -31.5	41
 -30.5	36
 -29.5	54
 -28.5	58
 -27.5	35
 -26.5	45
 -25.5	45
 -24.5	50
 -23.5	35
 -22.5	49.5
 -21.5	43
 -20.5	40
 -19.5	44
 -18.5	41
 -17.5	40
 -16.5	38
 -15.5	54
 -14.5	37
 -13.5	46
 -12.5	50
 -11.5	55.5
 -10.5	47.5
  -9.5	36
  -8.5	48
  -7.5	47
  -6.5	42
  -5.5	43
  -4.5	50
  -3.5	52
  -2.5	53
  -1.5	46.5
  -0.5	56
   0.5	57.5
   1.5	62
   2.5	68
   3.5	49
   4.5	55
   5.5	48.5
   6.5	46
   7.5	45
   8.5	48
   9.5	35
  10.5	51.5
  11.5	41
  12.5	36
  13.5	52
  14.5	46
  15.5	45
  16.5	41
  17.5	36.5
  18.5	35
  19.5	37.5
  20.5	56
  21.5	45
  22.5	51
  23.5	38
  24.5	32.5
  25.5	30.5
  26.5	47.25
  27.5	44
  28.5	48
  29.5	41
  30.5	43
  31.5	36.5
  32.5	37
  33.5	50
  34.5	51
  35.5	46
  36.5	50
  37.5	52
  38.5	40
  39.5	37
  40.5	40
  41.5	36
  42.5	49
  43.5	39.5
  44.5	42
  45.5	50
  46.5	42
  47.5	44
  48.5	36
  49.5	41.5
  50.5	35
  51.5	34
  52.5	49
  53.5	40
  54.5	39
  55.5	38
  56.5	50
  57.5	49
  58.5	38
  59.5	44
  60.5	44
  61.5	56
  62.5	28
  63.5	36
  64.5	47
  65.5	43
  66.5	34.5
  67.5	33.5
  68.5	42
  69.5	43
  70.5	45
  71.5	42.5
  72.5	39.5
  73.5	51
  74.5	28.25
  75.5	43.5
  76.5	50
  77.5	40
  78.5	36
  79.5	31
  80.5	42
  81.5	33
  82.5	46
  83.5	54
  84.5	53.5
  85.5	45
  86.5	45
  87.5	42
  88.5	34.5
  89.5	38
  90.5	48
  91.5	49
  92.5	48
  93.5	34.5
  94.5	40
  95.5	46.5
  96.5	45
  97.5	36.5
  98.5	40
  99.5	52.5
 100.5	30
 101.5	43
 102.5	40
 103.5	41
 104.5	52.5
 105.5	42
 106.5	41
 107.5	37.5
 108.5	36
 109.5	45
DB 2 MOTIF	GLIS1_HUMAN.H11MO.0.D
-108.5	61
-107.5	52
-106.5	45
-105.5	59
-104.5	45
-103.5	52
-102.5	50
-101.5	37
-100.5	54
 -99.5	60.5
 -98.5	51
 -97.5	53
 -96.5	37
 -95.5	45
 -94.5	50
 -93.5	45
 -92.5	46
 -91.5	58
 -90.5	45
 -89.5	52
 -88.5	42
 -87.5	57.5
 -86.5	46
 -85.5	60
 -84.5	42
 -83.5	55
 -82.5	46
 -81.5	51
 -80.5	53
 -79.5	55
 -78.5	43
 -77.5	58
 -76.5	46
 -75.5	44
 -74.5	48
 -73.5	52
 -72.5	51
 -71.5	59
 -70.5	38
 -69.5	47
 -68.5	44
 -67.5	44
 -66.5	42
 -65.5	57
 -64.5	49
 -63.5	47
 -62.5	40
 -61.5	56
 -60.5	58
 -59.5	44.5
 -58.5	60
 -57.5	60
 -56.5	51.5
 -55.5	44
 -54.5	49
 -53.5	34
 -52.5	44
 -51.5	48.5
 -50.5	50.5
 -49.5	59
 -48.5	41
 -47.5	37
 -46.5	39
 -45.5	36
 -44.5	32
 -43.5	55
 -42.5	42
 -41.5	44
 -40.5	48
 -39.5	48
 -38.5	41.5
 -37.5	48.3333
 -36.5	45
 -35.5	43
 -34.5	41
 -33.5	45
 -32.5	54
 -31.5	35
 -30.5	39
 -29.5	43
 -28.5	38
 -27.5	44
 -26.5	51
 -25.5	37
 -24.5	55
 -23.5	52
 -22.5	42
 -21.5	48
 -20.5	39
 -19.5	46
 -18.5	47
 -17.5	48
 -16.5	39
 -15.5	56
 -14.5	42
 -13.5	43
 -12.5	63.5
 -11.5	52
 -10.5	59.5
  -9.5	60
  -8.5	54
  -7.5	48
  -6.5	50
  -5.5	67
  -4.5	54
  -3.5	59
  -2.5	69
  -1.5	57
  -0.5	60
   0.5	54
   1.5	69
   2.5	67
   3.5	64
   4.5	76
   5.5	66
   6.5	62
   7.5	64
   8.5	58
   9.5	63
  10.5	36
  11.5	54
  12.5	48
  13.5	44
  14.5	50
  15.5	46
  16.5	43
  17.5	40
  18.5	39
  19.5	47
  20.5	52.5
  21.5	41
  22.5	46
  23.5	34
  24.5	37
  25.5	46
  26.5	49.5
  27.5	43.5
  28.5	43
  29.5	43
  30.5	42
  31.5	51
  32.5	39
  33.5	53
  34.5	36.3333
  35.5	45
  36.5	39
  37.5	55
  38.5	33
  39.5	55
  40.5	43
  41.5	44
  42.5	46
  43.5	55
  44.5	47.5
  45.5	53
  46.5	56
  47.5	41
  48.5	59
  49.5	46
  50.5	47
  51.5	54.5
  52.5	59.3333
  53.5	47.8333
  54.5	50
  55.5	42
  56.5	53
  57.5	46
  58.5	49.5
  59.5	47
  60.5	43
  61.5	44
  62.5	48
  63.5	43
  64.5	47
  65.5	48.5
  66.5	49
  67.5	44
  68.5	40
  69.5	63
  70.5	68
  71.5	55
  72.5	42
  73.5	62.8333
  74.5	52
  75.5	44
  76.5	66
  77.5	34.5
  78.5	52
  79.5	49
  80.5	48
  81.5	44
  82.5	51
  83.5	44
  84.5	43
  85.5	45
  86.5	48
  87.5	45
  88.5	40.5
  89.5	56
  90.5	33
  91.5	46
  92.5	50.5
  93.5	38.3333
  94.5	47
  95.5	48.5
  96.5	60
  97.5	46
  98.5	42
  99.5	39
 100.5	47
 101.5	39
 102.5	43
 103.5	44
 104.5	50
 105.5	46
 106.5	37
 107.5	53
 108.5	53
DB 2 MOTIF	GLIS2_HUMAN.H11MO.0.D
-108.0	13
-107.0	14
-106.0	15
-105.0	12
-104.0	24
-103.0	12
-102.0	9
-101.0	20
-100.0	8
 -99.0	15
 -98.0	21
 -97.0	18
 -96.0	17
 -95.0	9
 -94.0	19
 -93.0	13
 -92.0	14
 -91.0	21
 -90.0	20
 -89.0	16
 -88.0	11
 -87.0	14
 -86.0	10.5
 -85.0	21
 -84.0	17
 -83.0	12
 -82.0	14
 -81.0	17
 -80.0	22
 -79.0	22
 -78.0	20
 -77.0	16
 -76.0	14
 -75.0	19
 -74.0	16
 -73.0	18
 -72.0	12
 -71.0	17
 -70.0	12
 -69.0	18
 -68.0	10
 -67.0	16
 -66.0	13.3333
 -65.0	15
 -64.0	16
 -63.0	18
 -62.0	15
 -61.0	16
 -60.0	16
 -59.0	18
 -58.0	16
 -57.0	17
 -56.0	17
 -55.0	19
 -54.0	12
 -53.0	16
 -52.0	17
 -51.0	23
 -50.0	7
 -49.0	10
 -48.0	15
 -47.0	20
 -46.0	12
 -45.0	14
 -44.0	15
 -43.0	10
 -42.0	18
 -41.0	19
 -40.0	11
 -39.0	10
 -38.0	16
 -37.0	11
 -36.0	23
 -35.0	9
 -34.0	24
 -33.0	14
 -32.0	26
 -31.0	27
 -30.0	16
 -29.0	17
 -28.0	11.5
 -27.0	22
 -26.0	13
 -25.0	24
 -24.0	16
 -23.0	17
 -22.0	25
 -21.0	12
 -20.0	28
 -19.0	16
 -18.0	24
 -17.0	20
 -16.0	23
 -15.0	22.5
 -14.0	27
 -13.0	35
 -12.0	39
 -11.0	50.5
 -10.0	45
  -9.0	35
  -8.0	39
  -7.0	44
  -6.0	43
  -5.0	48
  -4.0	41
  -3.0	47.3333
  -2.0	55
  -1.0	65
   0.0	54.5
   1.0	42
   2.0	55
   3.0	52
   4.0	52
   5.0	57
   6.0	50
   7.0	37
   8.0	45
   9.0	53
  10.0	49
  11.0	35
  12.0	33
  13.0	31
  14.0	24
  15.0	31
  16.0	28
  17.0	15
  18.0	15
  19.0	15
  20.0	29
  21.0	14
  22.0	17
  23.0	18
  24.0	15
  25.0	20
  26.0	14
  27.0	18
  28.0	16.5
  29.0	15
  30.0	12
  31.0	18
  32.0	19
  33.0	18
  34.0	15
  35.0	18
  36.0	22
  37.0	17
  38.0	15
  39.0	12
  40.0	12
  41.0	21
  42.0	22
  43.0	21
  44.0	19
  45.0	14
  46.0	15
  47.0	16
  48.0	16
  49.0	18
  50.0	19
  51.0	16
  52.0	20
  53.0	14
  54.0	12
  55.0	15.3333
  56.0	10
  57.0	18
  58.0	17
  59.0	11
  60.0	16.3333
  61.0	10
  62.0	18
  63.0	18
  64.0	13
  65.0	12
  66.0	13
  67.0	14
  68.0	15
  69.0	18
  70.0	14
  71.0	23
  72.0	24
  73.0	21
  74.0	15
  75.0	15.3333
  76.0	11
  77.0	23
  78.0	25
  79.0	17
  80.0	10
  81.0	17
  82.0	17
  83.0	18
  84.0	22
  85.0	16
  86.0	18
  87.0	15
  88.0	13
  89.0	10
  90.0	18
  91.0	14
  92.0	7
  93.0	18
  94.0	14
  95.0	19.3333
  96.0	10
  97.0	23
  98.0	7
  99.0	17
 100.0	15
 101.0	10
 102.0	8
 103.0	11
 104.0	18
 105.0	14
 106.0	19
 107.0	12
 108.0	8
DB 2 MOTIF	GLIS3_HUMAN.H11MO.0.D
-110.0	73.45
-109.0	87
-108.0	69
-107.0	77
-106.0	74
-105.0	76.2
-104.0	67.3333
-103.0	73.5
-102.0	76
-101.0	77
-100.0	75.5
 -99.0	82.5
 -98.0	70.5
 -97.0	72
 -96.0	66
 -95.0	72
 -94.0	71.5
 -93.0	70.5
 -92.0	66
 -91.0	68
 -90.0	78.5
 -89.0	95
 -88.0	68.3333
 -87.0	79
 -86.0	76
 -85.0	74
 -84.0	63
 -83.0	73.5
 -82.0	81
 -81.0	68.5
 -80.0	71.5
 -79.0	72.5
 -78.0	73
 -77.0	73.5
 -76.0	66
 -75.0	72
 -74.0	79.5
 -73.0	71.7
 -72.0	76
 -71.0	69.75
 -70.0	65.5
 -69.0	75
 -68.0	80.8333
 -67.0	76
 -66.0	73.5
 -65.0	74
 -64.0	69
 -63.0	72
 -62.0	71.5
 -61.0	92.8333
 -60.0	66.5
 -59.0	73
 -58.0	78
 -57.0	73.25
 -56.0	70.7
 -55.0	79
 -54.0	74.5
 -53.0	66.5
 -52.0	82
 -51.0	81
 -50.0	84
 -49.0	82
 -48.0	68
 -47.0	77.5
 -46.0	71.5
 -45.0	62
 -44.0	73
 -43.0	76.2
 -42.0	72
 -41.0	76
 -40.0	79
 -39.0	79.25
 -38.0	74.2833
 -37.0	84.5
 -36.0	68
 -35.0	76
 -34.0	82.5
 -33.0	99
 -32.0	98.5
 -31.0	80
 -30.0	95
 -29.0	97
 -28.0	88.5
 -27.0	92.25
 -26.0	91
 -25.0	125
 -24.0	91.5
 -23.0	89.5
 -22.0	113
 -21.0	110
 -20.0	119
 -19.0	132.5
 -18.0	145.75
 -17.0	151
 -16.0	143.5
 -15.0	158.5
 -14.0	180.5
 -13.0	160
 -12.0	208.5
 -11.0	165
 -10.0	197.5
  -9.0	216.5
  -8.0	207.5
  -7.0	241
  -6.0	263.333
  -5.0	256.833
  -4.0	264.75
  -3.0	289
  -2.0	257
  -1.0	257
   0.0	291.5
   1.0	250.5
   2.0	277
   3.0	272.5
   4.0	287
   5.0	273
   6.0	267.5
   7.0	258
   8.0	248
   9.0	219.5
  10.0	202.75
  11.0	194
  12.0	187.5
  13.0	168.5
  14.0	180
  15.0	156
  16.0	160.2
  17.0	129
  18.0	126
  19.0	122
  20.0	118.5
  21.0	108.75
  22.0	108.5
  23.0	89.25
  24.0	105
  25.0	106
  26.0	85.5
  27.0	98.5
  28.0	100
  29.0	95
  30.0	78.5
  31.0	82.5
  32.0	92.5
  33.0	87
  34.0	90.7
  35.0	79.75
  36.0	71
  37.0	81.5
  38.0	83
  39.0	78
  40.0	83
  41.0	77
  42.0	94
  43.0	86
  44.0	75
  45.0	86
  46.0	63.7
  47.0	89.75
  48.0	69
  49.0	69.5
  50.0	73
  51.0	78.5
  52.0	72.2
  53.0	71.8333
  54.0	72
  55.0	73.5
  56.0	61.5
  57.0	83.5
  58.0	77.8333
  59.0	67
  60.0	82
  61.0	91
  62.0	71
  63.0	77
  64.0	77.5
  65.0	74
  66.0	86.25
  67.0	74.5
  68.0	65
  69.0	77.5
  70.0	83
  71.0	90.25
  72.0	76
  73.0	85.3333
  74.0	92
  75.0	56.5
  76.0	86.25
  77.0	76
  78.0	72.5
  79.0	73
  80.0	73.5
  81.0	73.25
  82.0	64.25
  83.0	91
  84.0	82.5
  85.0	78.5
  86.0	75.5
  87.0	67
  88.0	90.75
  89.0	69.5
  90.0	83.5
  91.0	73
  92.0	82
  93.0	68.8333
  94.0	63
  95.0	88
  96.0	69.5
  97.0	71.3333
  98.0	72
  99.0	76.5
 100.0	77
 101.0	68.5
 102.0	83.25
 103.0	79.5
 104.0	69
 105.0	77
 106.0	52.5
 107.0	75.5
 108.0	78.5
 109.0	77.5
 110.0	54.5
DB 2 MOTIF	HAND1_HUMAN.H11MO.1.D
-111.5	108.667
-110.5	115.667
-109.5	141.976
-108.5	124.333
-107.5	139.75
-106.5	126.5
-105.5	110.833
-104.5	108.75
-103.5	126.45
-102.5	119.7
-101.5	128.833
-100.5	136
 -99.5	139.167
 -98.5	110
 -97.5	140.5
 -96.5	119.333
 -95.5	129.583
 -94.5	145.583
 -93.5	128.333
 -92.5	134.367
 -91.5	118.167
 -90.5	135.833
 -89.5	112.583
 -88.5	136.2
 -87.5	115.417
 -86.5	125.917
 -85.5	126.833
 -84.5	122.833
 -83.5	131.667
 -82.5	134.417
 -81.5	133.533
 -80.5	143.833
 -79.5	135.167
 -78.5	130.333
 -77.5	126.783
 -76.5	121.333
 -75.5	106.917
 -74.5	142.167
 -73.5	134.533
 -72.5	130.083
 -71.5	138.833
 -70.5	132.25
 -69.5	143
 -68.5	132.667
 -67.5	136.333
 -66.5	138
 -65.5	143.75
 -64.5	116.667
 -63.5	148.926
 -62.5	115.667
 -61.5	130.75
 -60.5	136
 -59.5	140.083
 -58.5	145.25
 -57.5	128
 -56.5	123.833
 -55.5	143.333
 -54.5	145.333
 -53.5	116.25
 -52.5	119.333
 -51.5	129
 -50.5	142.917
 -49.5	152.75
 -48.5	134.643
 -47.5	139
 -46.5	113
 -45.5	146.667
 -44.5	143.533
 -43.5	145.5
 -42.5	146.7
 -41.5	159.833
 -40.5	125
 -39.5	162.333
 -38.5	130
 -37.5	150
 -36.5	141.333
 -35.5	150.167
 -34.5	153
 -33.5	138.25
 -32.5	160
 -31.5	138.75
 -30.5	124.667
 -29.5	154.667
 -28.5	155.333
 -27.5	155.583
 -26.5	122
 -25.5	153.667
 -24.5	130.167
 -23.5	150.7
 -22.5	153.333
 -21.5	139.167
 -20.5	139.833
 -19.5	163
 -18.5	131.833
 -17.5	134.333
 -16.5	139.833
 -15.5	132.667
 -14.5	151.833
 -13.5	123
 -12.5	146.5
 -11.5	139.5
 -10.5	126.25
  -9.5	134
  -8.5	120.333
  -7.5	119.083
  -6.5	127.333
  -5.5	109.5
  -4.5	130.7
  -3.5	121.833
  -2.5	124.5
  -1.5	125
  -0.5	132
   0.5	138.667
   1.5	122.5
   2.5	125.25
   3.5	139.667
   4.5	140.5
   5.5	126.083
   6.5	138.167
   7.5	115.917
   8.5	121.583
   9.5	123
  10.5	137.333
  11.5	156.333
  12.5	135.333
  13.5	134.333
  14.5	148.667
  15.5	135.667
  16.5	127.25
  17.5	142.95
  18.5	136.833
  19.5	149
  20.5	151.917
  21.5	162
  22.5	149.75
  23.5	156.083
  24.5	161.976
  25.5	137.367
  26.5	146.833
  27.5	139.81
  28.5	155.7
  29.5	139
  30.5	136.5
  31.5	130.667
  32.5	140.833
  33.5	141.833
  34.5	133.833
  35.5	145.417
  36.5	144.333
  37.5	128.167
  38.5	130.5
  39.5	147.667
  40.5	132
  41.5	155
  42.5	132.75
  43.5	130.667
  44.5	141.667
  45.5	135.333
  46.5	138.333
  47.5	134.667
  48.5	146
  49.5	126.833
  50.5	140.583
  51.5	138
  52.5	141.333
  53.5	137.5
  54.5	136.083
  55.5	148.333
  56.5	131.5
  57.5	159.2
  58.5	139.667
  59.5	130.667
  60.5	130.333
  61.5	138.833
  62.5	140.833
  63.5	126.167
  64.5	129
  65.5	145
  66.5	126.333
  67.5	136.333
  68.5	119.333
  69.5	124.333
  70.5	114.5
  71.5	119.333
  72.5	120.167
  73.5	149.5
  74.5	125.25
  75.5	143.5
  76.5	113.833
  77.5	132.25
  78.5	124
  79.5	111.083
  80.5	116
  81.5	133.583
  82.5	103.5
  83.5	128
  84.5	138.333
  85.5	152.167
  86.5	122.833
  87.5	135.476
  88.5	114.833
  89.5	131.333
  90.5	119.083
  91.5	120
  92.5	128.833
  93.5	123.676
  94.5	123.5
  95.5	102.417
  96.5	119.733
  97.5	138.333
  98.5	125.283
  99.5	116.5
 100.5	121
 101.5	111.583
 102.5	135.167
 103.5	144.333
 104.5	103.75
 105.5	108.833
 106.5	136
 107.5	92.8333
 108.5	118.5
 109.5	119
 110.5	130.833
 111.5	131.833
DB 2 MOTIF	HEN1_HUMAN.H11MO.0.C
-105.0	23
-104.0	24
-103.0	20
-102.0	22
-101.0	22
-100.0	20
 -99.0	19
 -98.0	24
 -97.0	21
 -96.0	15
 -95.0	24
 -94.0	22
 -93.0	32
 -92.0	17
 -91.0	23
 -90.0	31
 -89.0	32
 -88.0	14
 -87.0	25
 -86.0	14
 -85.0	26
 -84.0	20
 -83.0	28
 -82.0	28
 -81.0	15
 -80.0	25
 -79.0	33
 -78.0	29
 -77.0	23
 -76.0	23.5
 -75.0	11
 -74.0	22.5
 -73.0	24
 -72.0	11
 -71.0	28
 -70.0	24
 -69.0	29
 -68.0	27
 -67.0	23
 -66.0	26
 -65.0	28
 -64.0	29
 -63.0	22
 -62.0	24
 -61.0	24
 -60.0	20.5
 -59.0	19
 -58.0	25
 -57.0	19
 -56.0	27
 -55.0	26
 -54.0	26
 -53.0	23
 -52.0	17
 -51.0	21
 -50.0	24
 -49.0	22.3333
 -48.0	33
 -47.0	20
 -46.0	28
 -45.0	17
 -44.0	24
 -43.0	24
 -42.0	21
 -41.0	17
 -40.0	24
 -39.0	35
 -38.0	26
 -37.0	43
 -36.0	17
 -35.0	33
 -34.0	24
 -33.0	31
 -32.0	29
 -31.0	25
 -30.0	24
 -29.0	23
 -28.0	37
 -27.0	38.5
 -26.0	37
 -25.0	35
 -24.0	37
 -23.0	39
 -22.0	42
 -21.0	50.5
 -20.0	40.5
 -19.0	45
 -18.0	56
 -17.0	39
 -16.0	36
 -15.0	44
 -14.0	54
 -13.0	50
 -12.0	49
 -11.0	44
 -10.0	45
  -9.0	44
  -8.0	45
  -7.0	35
  -6.0	37
  -5.0	46
  -4.0	35
  -3.0	45
  -2.0	33
  -1.0	41
   0.0	47
   1.0	43
   2.0	37
   3.0	35
   4.0	41
   5.0	46
   6.0	35
   7.0	43
   8.0	34
   9.0	39.5
  10.0	50
  11.0	39
  12.0	46
  13.0	47
  14.0	41
  15.0	42
  16.0	48
  17.0	38
  18.0	47.5
  19.0	38
  20.0	57
  21.0	51
  22.0	35
  23.0	33
  24.0	42
  25.0	28
  26.0	32
  27.0	31.3333
  28.0	30
  29.0	30
  30.0	27
  31.0	28
  32.0	24
  33.0	26
  34.0	28
  35.0	17
  36.0	24
  37.0	21
  38.0	33.3333
  39.0	23
  40.0	39
  41.0	23
  42.0	25
  43.0	32
  44.0	33
  45.0	21
  46.0	32.5
  47.0	26
  48.0	22
  49.0	20
  50.0	22
  51.0	28
  52.0	22
  53.0	27
  54.0	32
  55.0	15
  56.0	24
  57.0	29
  58.0	15
  59.0	33
  60.0	19
  61.0	28
  62.0	32
  63.0	25
  64.0	25
  65.0	21
  66.0	20
  67.0	24
  68.0	31
  69.0	26
  70.0	31.3333
  71.0	18
  72.0	28
  73.0	17
  74.0	23
  75.0	30
  76.0	27
  77.0	20
  78.0	21
  79.0	25.5
  80.0	18
  81.0	15
  82.0	17
  83.0	22
  84.0	23
  85.0	19
  86.0	23
  87.0	26
  88.0	27
  89.0	30
  90.0	16
  91.0	20
  92.0	13
  93.0	24
  94.0	15
  95.0	20
  96.0	25
  97.0	28
  98.0	20
  99.0	25
 100.0	20
 101.0	16.3333
 102.0	26.3333
 103.0	29
 104.0	16
 105.0	29
DB 2 MOTIF	HES1_HUMAN.H11MO.0.D
-108.5	82
-107.5	78
-106.5	75
-105.5	64.5
-104.5	75
-103.5	69.25
-102.5	69
-101.5	79.5
-100.5	65
 -99.5	81
 -98.5	84
 -97.5	84.5
 -96.5	87.5
 -95.5	95
 -94.5	80.25
 -93.5	81
 -92.5	73.5
 -91.5	80
 -90.5	78.5
 -89.5	84
 -88.5	85.5
 -87.5	82
 -86.5	97
 -85.5	88
 -84.5	99.5
 -83.5	85.5
 -82.5	85
 -81.5	75.5
 -80.5	91.5
 -79.5	79.5
 -78.5	77.5
 -77.5	74.5
 -76.5	87
 -75.5	91
 -74.5	61
 -73.5	76
 -72.5	76.5
 -71.5	90
 -70.5	97
 -69.5	77
 -68.5	87
 -67.5	77
 -66.5	93
 -65.5	90
 -64.5	86
 -63.5	88.5
 -62.5	90
 -61.5	92.5
 -60.5	73.5
 -59.5	104
 -58.5	102
 -57.5	91.2
 -56.5	81
 -55.5	97
 -54.5	91
 -53.5	89
 -52.5	70
 -51.5	92.5
 -50.5	92.5
 -49.5	92
 -48.5	85
 -47.5	89
 -46.5	99.5
 -45.5	82
 -44.5	119.333
 -43.5	106.25
 -42.5	88
 -41.5	88
 -40.5	90.5
 -39.5	98
 -38.5	102.5
 -37.5	104.5
 -36.5	113
 -35.5	88
 -34.5	91.5
 -33.5	94.75
 -32.5	113.333
 -31.5	110
 -30.5	137.5
 -29.5	106
 -28.5	111.5
 -27.5	97
 -26.5	110.5
 -25.5	127.5
 -24.5	143
 -23.5	162.5
 -22.5	124.5
 -21.5	140
 -20.5	132.7
 -19.5	132
 -18.5	142
 -17.5	123
 -16.5	146
 -15.5	128
 -14.5	159.5
 -13.5	191
 -12.5	154.5
 -11.5	179
 -10.5	159
  -9.5	205.5
  -8.5	218.5
  -7.5	216
  -6.5	217
  -5.5	231.5
  -4.5	231
  -3.5	231
  -2.5	255.5
  -1.5	262.5
  -0.5	272
   0.5	269.5
   1.5	266.5
   2.5	254
   3.5	240
   4.5	227
   5.5	239.5
   6.5	226
   7.5	228
   8.5	200.5
   9.5	207.5
  10.5	202.5
  11.5	171.333
  12.5	174
  13.5	164.333
  14.5	175
  15.5	157.333
  16.5	133.45
  17.5	145.5
  18.5	120
  19.5	139
  20.5	130.5
  21.5	141
  22.5	139
  23.5	147
  24.5	143
  25.5	110.5
  26.5	120
  27.5	113.25
  28.5	117.5
  29.5	103
  30.5	100.5
  31.5	104
  32.5	101
  33.5	100
  34.5	93
  35.5	117.5
  36.5	79.5
  37.5	100
  38.5	82
  39.5	117.5
  40.5	116
  41.5	100.5
  42.5	78
  43.5	92.5
  44.5	100.5
  45.5	78.5
  46.5	97.5
  47.5	91
  48.5	83
  49.5	103
  50.5	82.8333
  51.5	91.5
  52.5	95
  53.5	100.2
  54.5	89.5
  55.5	87
  56.5	83
  57.5	95.5
  58.5	121.5
  59.5	85
  60.5	85
  61.5	90.5
  62.5	73
  63.5	86.6667
  64.5	88
  65.5	78
  66.5	82
  67.5	82
  68.5	96
  69.5	90
  70.5	89.5
  71.5	89.5
  72.5	94
  73.5	87
  74.5	91
  75.5	78
  76.5	100.5
  77.5	64.25
  78.5	86.5
  79.5	98
  80.5	83
  81.5	94
  82.5	77
  83.5	75.8333
  84.5	88.5
  85.5	75.8333
  86.5	73
  87.5	83.5
  88.5	83.75
  89.5	75.8333
  90.5	79.0333
  91.5	84.5
  92.5	87.5
  93.5	93
  94.5	87.3333
  95.5	81
  96.5	89.8333
  97.5	84.8333
  98.5	104
  99.5	78.5
 100.5	82
 101.5	100
 102.5	78.5
 103.5	82.1667
 104.5	74.3333
 105.5	78
 106.5	68
 107.5	72.5
 108.5	78
DB 2 MOTIF	HESX1_HUMAN.H11MO.0.D
-107.0	59
-106.0	67
-105.0	76
-104.0	68
-103.0	61
-102.0	56.5
-101.0	47
-100.0	73
 -99.0	63
 -98.0	59
 -97.0	76.5
 -96.0	63
 -95.0	67
 -94.0	66
 -93.0	43.5
 -92.0	61
 -91.0	57
 -90.0	55
 -89.0	75.5
 -88.0	61
 -87.0	67.5
 -86.0	64.5
 -85.0	60
 -84.0	67
 -83.0	48.5
 -82.0	64
 -81.0	52
 -80.0	46.5
 -79.0	62
 -78.0	56
 -77.0	67
 -76.0	66
 -75.0	49.5
 -74.0	58
 -73.0	58
 -72.0	58
 -71.0	67
 -70.0	71.5
 -69.0	54
 -68.0	62
 -67.0	68
 -66.0	59
 -65.0	69.5
 -64.0	60
 -63.0	71.5
 -62.0	71
 -61.0	59
 -60.0	65
 -59.0	64
 -58.0	56
 -57.0	75
 -56.0	66
 -55.0	80
 -54.0	63
 -53.0	53
 -52.0	78.5
 -51.0	66
 -50.0	66
 -49.0	67
 -48.0	53
 -47.0	77
 -46.0	66
 -45.0	78
 -44.0	66
 -43.0	70
 -42.0	71.5
 -41.0	65
 -40.0	68
 -39.0	64
 -38.0	71.5
 -37.0	62
 -36.0	72
 -35.0	69
 -34.0	71
 -33.0	55
 -32.0	66
 -31.0	76.5
 -30.0	62
 -29.0	61
 -28.0	75
 -27.0	67
 -26.0	62
 -25.0	70
 -24.0	81.5
 -23.0	63
 -22.0	68
 -21.0	66
 -20.0	56.5
 -19.0	73
 -18.0	79.5
 -17.0	65
 -16.0	78.5
 -15.0	88.5
 -14.0	58
 -13.0	76
 -12.0	82.5
 -11.0	65
 -10.0	80
  -9.0	99
  -8.0	71
  -7.0	88.5
  -6.0	100
  -5.0	96
  -4.0	83.5
  -3.0	72.5
  -2.0	96
  -1.0	87
   0.0	76
   1.0	72
   2.0	66
   3.0	81
   4.0	95
   5.0	64
   6.0	61
   7.0	73
   8.0	86.5
   9.0	64
  10.0	81
  11.0	82
  12.0	65.5
  13.0	76
  14.0	82
  15.0	77
  16.0	76
  17.0	68
  18.0	83
  19.0	93.5
  20.0	88.5
  21.0	62
  22.0	73
  23.0	81
  24.0	81
  25.0	76
  26.0	67
  27.0	73
  28.0	67.5
  29.0	87
  30.0	65
  31.0	58
  32.0	75
  33.0	72
  34.0	66
  35.0	57
  36.0	68
  37.0	61
  38.0	64
  39.0	71.5
  40.0	71
  41.0	70
  42.0	49
  43.0	62
  44.0	56
  45.0	68
  46.0	57
  47.0	54
  48.0	65
  49.0	84
  50.0	67
  51.0	64.3333
  52.0	67
  53.0	58
  54.0	69
  55.0	64
  56.0	86
  57.0	61
  58.0	82.5
  59.0	85
  60.0	63
  61.0	71
  62.0	64
  63.0	58
  64.0	67
  65.0	70
  66.0	52
  67.0	70
  68.0	55
  69.0	67.3333
  70.0	61
  71.0	50
  72.0	56
  73.0	65
  74.0	53
  75.0	60
  76.0	67.5
  77.0	67.5
  78.0	69
  79.0	64
  80.0	47
  81.0	65
  82.0	72
  83.0	77
  84.0	67
  85.0	58
  86.0	66
  87.0	79.8333
  88.0	46
  89.0	57
  90.0	79
  91.0	54
  92.0	57
  93.0	70
  94.0	74
  95.0	54
  96.0	54
  97.0	75
  98.0	60
  99.0	68
 100.0	59
 101.0	61.5
 102.0	72
 103.0	70
 104.0	62
 105.0	62
 106.0	71
 107.0	64
DB 2 MOTIF	HEY1_HUMAN.H11MO.0.D
-109.0	25
-108.0	34
-107.0	25
-106.0	35.5
-105.0	31
-104.0	25.6667
-103.0	24
-102.0	30
-101.0	32
-100.0	31
 -99.0	32
 -98.0	34.1667
 -97.0	30
 -96.0	24.5
 -95.0	24
 -94.0	31
 -93.0	28.5
 -92.0	39.1667
 -91.0	27
 -90.0	26.3333
 -89.0	37
 -88.0	31
 -87.0	31
 -86.0	21
 -85.0	39
 -84.0	30.25
 -83.0	31.3333
 -82.0	19.5
 -81.0	41
 -80.0	44
 -79.0	29
 -78.0	25.5
 -77.0	30
 -76.0	28.3333
 -75.0	26.5
 -74.0	24
 -73.0	36
 -72.0	25.5
 -71.0	37
 -70.0	27
 -69.0	26
 -68.0	23.25
 -67.0	27
 -66.0	25
 -65.0	26
 -64.0	39
 -63.0	31
 -62.0	19.1667
 -61.0	35
 -60.0	33
 -59.0	33
 -58.0	35
 -57.0	21
 -56.0	27.1667
 -55.0	37
 -54.0	39
 -53.0	27
 -52.0	30
 -51.0	35
 -50.0	20.6667
 -49.0	33
 -48.0	27.5
 -47.0	45
 -46.0	29.25
 -45.0	32
 -44.0	27.3333
 -43.0	31
 -42.0	32
 -41.0	33
 -40.0	26
 -39.0	39
 -38.0	31
 -37.0	37
 -36.0	32
 -35.0	40
 -34.0	32
 -33.0	31
 -32.0	26.3333
 -31.0	35
 -30.0	28
 -29.0	27
 -28.0	35
 -27.0	34
 -26.0	28.5
 -25.0	44
 -24.0	41.5
 -23.0	27
 -22.0	41
 -21.0	44
 -20.0	35
 -19.0	38
 -18.0	39
 -17.0	47
 -16.0	42
 -15.0	49
 -14.0	57
 -13.0	38
 -12.0	37
 -11.0	43
 -10.0	34
  -9.0	47.5
  -8.0	57
  -7.0	49.5
  -6.0	60
  -5.0	51
  -4.0	52.5
  -3.0	63
  -2.0	67.5
  -1.0	47.5
   0.0	52
   1.0	66
   2.0	43
   3.0	48
   4.0	41
   5.0	47
   6.0	39
   7.0	47
   8.0	59
   9.0	52
  10.0	39
  11.0	39
  12.0	25
  13.0	49
  14.0	46.3333
  15.0	55
  16.0	45.3333
  17.0	46
  18.0	39
  19.0	54
  20.0	45
  21.0	36
  22.0	41
  23.0	42
  24.0	39
  25.0	29
  26.0	34
  27.0	29.5
  28.0	28
  29.0	21
  30.0	35
  31.0	38
  32.0	27
  33.0	30.5
  34.0	25
  35.0	38
  36.0	29
  37.0	35
  38.0	20
  39.0	36
  40.0	37
  41.0	29
  42.0	24
  43.0	29
  44.0	35.5
  45.0	42
  46.0	38.5
  47.0	34
  48.0	23
  49.0	24
  50.0	36.5
  51.0	22
  52.0	22
  53.0	27
  54.0	37
  55.0	26.5
  56.0	21.5
  57.0	22.5
  58.0	36
  59.0	33
  60.0	40
  61.0	34
  62.0	24
  63.0	21
  64.0	32.3333
  65.0	33
  66.0	32
  67.0	26
  68.0	31.25
  69.0	19
  70.0	29
  71.0	25
  72.0	32
  73.0	17
  74.0	33
  75.0	39
  76.0	27
  77.0	43
  78.0	36
  79.0	25
  80.0	37
  81.0	40.5
  82.0	37
  83.0	37
  84.0	25
  85.0	24
  86.0	28.5
  87.0	20.5
  88.0	30
  89.0	22
  90.0	25.5
  91.0	31
  92.0	35
  93.0	39
  94.0	41
  95.0	22
  96.0	17
  97.0	30.3333
  98.0	31
  99.0	33
 100.0	28
 101.0	22
 102.0	35
 103.0	34
 104.0	30
 105.0	29
 106.0	34
 107.0	34
 108.0	20
 109.0	26.5
DB 2 MOTIF	HEY2_HUMAN.H11MO.0.D
-106.5	37
-105.5	32
-104.5	22
-103.5	26
-102.5	28
-101.5	36
-100.5	29
 -99.5	34
 -98.5	27
 -97.5	30
 -96.5	26
 -95.5	39
 -94.5	24
 -93.5	32
 -92.5	40
 -91.5	30
 -90.5	25
 -89.5	30
 -88.5	29
 -87.5	23
 -86.5	40
 -85.5	24
 -84.5	26
 -83.5	31
 -82.5	28.5
 -81.5	31
 -80.5	27
 -79.5	32
 -78.5	29
 -77.5	24
 -76.5	42
 -75.5	26
 -74.5	26
 -73.5	25
 -72.5	32
 -71.5	33.5
 -70.5	31.25
 -69.5	26
 -68.5	17
 -67.5	32
 -66.5	25
 -65.5	28
 -64.5	36
 -63.5	28
 -62.5	25
 -61.5	36
 -60.5	28
 -59.5	28
 -58.5	32
 -57.5	31
 -56.5	36
 -55.5	20
 -54.5	34
 -53.5	30
 -52.5	32
 -51.5	33.5
 -50.5	35
 -49.5	32
 -48.5	36
 -47.5	27
 -46.5	36
 -45.5	35
 -44.5	38
 -43.5	35
 -42.5	27
 -41.5	29
 -40.5	34
 -39.5	40
 -38.5	30
 -37.5	44.3333
 -36.5	39.5
 -35.5	33
 -34.5	33
 -33.5	51
 -32.5	42.3333
 -31.5	40
 -30.5	37
 -29.5	30
 -28.5	35
 -27.5	44
 -26.5	46.25
 -25.5	42
 -24.5	48.5
 -23.5	48
 -22.5	43
 -21.5	48
 -20.5	53
 -19.5	51
 -18.5	43
 -17.5	55.25
 -16.5	58
 -15.5	45
 -14.5	56
 -13.5	57
 -12.5	55
 -11.5	70
 -10.5	54
  -9.5	69
  -8.5	55
  -7.5	56
  -6.5	83
  -5.5	56
  -4.5	60
  -3.5	71
  -2.5	66.5
  -1.5	59
  -0.5	71
   0.5	76
   1.5	78
   2.5	64
   3.5	60
   4.5	57
   5.5	67
   6.5	73
   7.5	61
   8.5	72
   9.5	52
  10.5	79.25
  11.5	51
  12.5	65
  13.5	58
  14.5	68
  15.5	58.3333
  16.5	59
  17.5	58.5
  18.5	54
  19.5	56
  20.5	52
  21.5	44
  22.5	54
  23.5	58
  24.5	46
  25.5	38
  26.5	36
  27.5	32
  28.5	28
  29.5	33
  30.5	48
  31.5	30
  32.5	39.5
  33.5	35
  34.5	34.3333
  35.5	29.25
  36.5	25
  37.5	30
  38.5	40
  39.5	40
  40.5	37
  41.5	28
  42.5	37.5
  43.5	33
  44.5	41
  45.5	31
  46.5	36
  47.5	31.25
  48.5	34
  49.5	29
  50.5	33
  51.5	27
  52.5	30.3333
  53.5	26.5
  54.5	33.5
  55.5	26
  56.5	33
  57.5	34
  58.5	37
  59.5	36
  60.5	38
  61.5	29.5
  62.5	21.5
  63.5	32.8333
  64.5	28
  65.5	42
  66.5	30
  67.5	32
  68.5	28
  69.5	19
  70.5	27
  71.5	25
  72.5	30
  73.5	28
  74.5	35
  75.5	30
  76.5	26
  77.5	36.5
  78.5	28
  79.5	21
  80.5	35
  81.5	35
  82.5	41
  83.5	25
  84.5	25.25
  85.5	34
  86.5	16.5
  87.5	31
  88.5	40.25
  89.5	28
  90.5	29
  91.5	32
  92.5	26
  93.5	40
  94.5	35
  95.5	35
  96.5	32
  97.5	30.5
  98.5	37
  99.5	35
 100.5	34
 101.5	27
 102.5	39.5
 103.5	30
 104.5	35
 105.5	32
 106.5	22
DB 2 MOTIF	HIC1_HUMAN.H11MO.0.C
-110.5	56
-109.5	56.3333
-108.5	47
-107.5	56.5
-106.5	66.5
-105.5	55
-104.5	48
-103.5	50.5
-102.5	37.5
-101.5	49.2
-100.5	34
 -99.5	45.5
 -98.5	44.5
 -97.5	61
 -96.5	55.5
 -95.5	54.5
 -94.5	45
 -93.5	53
 -92.5	60.5
 -91.5	52
 -90.5	58
 -89.5	58
 -88.5	53
 -87.5	65
 -86.5	48.5
 -85.5	46
 -84.5	62
 -83.5	71
 -82.5	67
 -81.5	50
 -80.5	65
 -79.5	51.5
 -78.5	61.5
 -77.5	59.5
 -76.5	54
 -75.5	49
 -74.5	57.5
 -73.5	49.5
 -72.5	66
 -71.5	47
 -70.5	57
 -69.5	38.2
 -68.5	47
 -67.5	51
 -66.5	72
 -65.5	54
 -64.5	45
 -63.5	64
 -62.5	56
 -61.5	53.5
 -60.5	50.5
 -59.5	55
 -58.5	54.5
 -57.5	57
 -56.5	66
 -55.5	66
 -54.5	56.5
 -53.5	71
 -52.5	50
 -51.5	62
 -50.5	59
 -49.5	63
 -48.5	49
 -47.5	43
 -46.5	65
 -45.5	37
 -44.5	51.5
 -43.5	59
 -42.5	43.5
 -41.5	56.8333
 -40.5	51
 -39.5	50.2
 -38.5	52
 -37.5	41
 -36.5	53.5
 -35.5	59.5
 -34.5	48.5
 -33.5	59
 -32.5	67.5
 -31.5	56
 -30.5	65
 -29.5	60
 -28.5	66
 -27.5	67
 -26.5	66
 -25.5	59
 -24.5	67
 -23.5	82
 -22.5	83
 -21.5	75
 -20.5	85
 -19.5	89.5
 -18.5	87
 -17.5	99
 -16.5	103
 -15.5	98
 -14.5	89.5
 -13.5	63
 -12.5	94
 -11.5	85.5
 -10.5	89
  -9.5	90
  -8.5	75
  -7.5	88.5
  -6.5	82
  -5.5	83
  -4.5	86
  -3.5	84.5
  -2.5	88
  -1.5	101.5
  -0.5	93
   0.5	75
   1.5	76
   2.5	83
   3.5	95.5
   4.5	87
   5.5	88
   6.5	82.5
   7.5	106.5
   8.5	73
   9.5	91
  10.5	94.5
  11.5	92.5
  12.5	82
  13.5	70
  14.5	81
  15.5	91
  16.5	100
  17.5	95.5
  18.5	82.5
  19.5	94.2
  20.5	79
  21.5	74.5
  22.5	62
  23.5	66
  24.5	67.5
  25.5	62
  26.5	54.3333
  27.5	65
  28.5	57
  29.5	64
  30.5	60.5
  31.5	47.5
  32.5	58
  33.5	50
  34.5	62
  35.5	54
  36.5	44
  37.5	39.5
  38.5	51
  39.5	50
  40.5	50
  41.5	52
  42.5	60
  43.5	71.5
  44.5	56.5
  45.5	46
  46.5	62
  47.5	60
  48.5	54.5
  49.5	56.95
  50.5	57.5
  51.5	66.5
  52.5	53.5
  53.5	60
  54.5	69.5
  55.5	52
  56.5	31
  57.5	53
  58.5	57.5
  59.5	64
  60.5	48.5
  61.5	50.5
  62.5	45
  63.5	62
  64.5	43
  65.5	42
  66.5	51
  67.5	61
  68.5	54
  69.5	58.25
  70.5	48.5
  71.5	57
  72.5	35
  73.5	62
  74.5	54.5
  75.5	72.5
  76.5	53
  77.5	56
  78.5	52
  79.5	47
  80.5	52
  81.5	58.5
  82.5	54
  83.5	53
  84.5	55
  85.5	57
  86.5	65
  87.5	48
  88.5	43
  89.5	38.75
  90.5	48
  91.5	60
  92.5	60.5
  93.5	62
  94.5	61
  95.5	65.5
  96.5	48
  97.5	58
  98.5	50
  99.5	48
 100.5	46
 101.5	50.5
 102.5	62
 103.5	58
 104.5	52
 105.5	57
 106.5	45.5
 107.5	43.5
 108.5	60.5
 109.5	40.25
 110.5	54
DB 2 MOTIF	HIC2_HUMAN.H11MO.0.D
-109.5	49
-108.5	45
-107.5	58.5
-106.5	52.5
-105.5	51.5
-104.5	62
-103.5	70
-102.5	66
-101.5	52.5
-100.5	56
 -99.5	73
 -98.5	48
 -97.5	47
 -96.5	53
 -95.5	45
 -94.5	70
 -93.5	62
 -92.5	37
 -91.5	49
 -90.5	61
 -89.5	66
 -88.5	46.8333
 -87.5	54
 -86.5	56.5
 -85.5	54
 -84.5	47
 -83.5	55
 -82.5	59
 -81.5	63
 -80.5	41
 -79.5	67
 -78.5	40
 -77.5	48
 -76.5	51
 -75.5	51
 -74.5	53
 -73.5	57
 -72.5	53.3333
 -71.5	44
 -70.5	40.5
 -69.5	57.3333
 -68.5	62
 -67.5	50
 -66.5	61.5
 -65.5	41
 -64.5	61
 -63.5	48
 -62.5	43
 -61.5	45
 -60.5	49
 -59.5	52
 -58.5	53
 -57.5	67.5
 -56.5	50
 -55.5	57.5
 -54.5	51.5
 -53.5	63
 -52.5	47
 -51.5	54
 -50.5	64.3333
 -49.5	47
 -48.5	58
 -47.5	57
 -46.5	55.5
 -45.5	51
 -44.5	59
 -43.5	53
 -42.5	57
 -41.5	52
 -40.5	53
 -39.5	61
 -38.5	50
 -37.5	68
 -36.5	63
 -35.5	65
 -34.5	62.5
 -33.5	54
 -32.5	51
 -31.5	51
 -30.5	57
 -29.5	52
 -28.5	63
 -27.5	78
 -26.5	67
 -25.5	56.5
 -24.5	59
 -23.5	70
 -22.5	69
 -21.5	91
 -20.5	97.3333
 -19.5	70
 -18.5	86
 -17.5	75
 -16.5	80
 -15.5	82
 -14.5	74
 -13.5	71
 -12.5	91
 -11.5	94
 -10.5	88
  -9.5	84
  -8.5	101.5
  -7.5	92
  -6.5	111
  -5.5	110
  -4.5	122
  -3.5	113
  -2.5	107
  -1.5	97
  -0.5	119
   0.5	101
   1.5	115
   2.5	98.5
   3.5	100
   4.5	111.5
   5.5	123
   6.5	88
   7.5	103.833
   8.5	87
   9.5	86
  10.5	119
  11.5	101.5
  12.5	101
  13.5	81
  14.5	63
  15.5	68
  16.5	70
  17.5	84
  18.5	86
  19.5	99
  20.5	98.5
  21.5	75
  22.5	63
  23.5	69
  24.5	70.5
  25.5	57
  26.5	69
  27.5	62
  28.5	59
  29.5	68
  30.5	58
  31.5	67
  32.5	70.5
  33.5	54
  34.5	64
  35.5	67
  36.5	62.3333
  37.5	48
  38.5	59.5
  39.5	51.5
  40.5	46
  41.5	51.5
  42.5	53
  43.5	64
  44.5	45
  45.5	48
  46.5	57
  47.5	51.3333
  48.5	52
  49.5	55
  50.5	48
  51.5	62
  52.5	43
  53.5	57
  54.5	53
  55.5	58
  56.5	55
  57.5	54
  58.5	55
  59.5	65
  60.5	61
  61.5	68
  62.5	60
  63.5	49
  64.5	53
  65.5	57.5
  66.5	62
  67.5	38
  68.5	55.5
  69.5	49
  70.5	48
  71.5	63
  72.5	50
  73.5	54
  74.5	44.5
  75.5	53
  76.5	39
  77.5	59
  78.5	52
  79.5	57
  80.5	56
  81.5	50
  82.5	57
  83.5	51
  84.5	49
  85.5	57
  86.5	54
  87.5	59
  88.5	50
  89.5	68.5
  90.5	53
  91.5	45.5
  92.5	47
  93.5	45.3333
  94.5	54
  95.5	55
  96.5	45
  97.5	67
  98.5	52
  99.5	47
 100.5	52.5
 101.5	54.5
 102.5	60
 103.5	52
 104.5	58
 105.5	44
 106.5	42
 107.5	51
 108.5	57
 109.5	47
DB 2 MOTIF	HLTF_HUMAN.H11MO.0.D
-109.0	99.5
-108.0	81
-107.0	90
-106.0	87
-105.0	88
-104.0	97.5
-103.0	92
-102.0	85
-101.0	82
-100.0	71
 -99.0	94
 -98.0	86
 -97.0	82
 -96.0	84.25
 -95.0	90.5
 -94.0	86
 -93.0	79
 -92.0	104.5
 -91.0	98.25
 -90.0	91
 -89.0	87
 -88.0	101
 -87.0	91
 -86.0	76.25
 -85.0	92
 -84.0	92.5
 -83.0	87
 -82.0	86
 -81.0	103.25
 -80.0	82
 -79.0	94
 -78.0	72
 -77.0	97.5
 -76.0	100.5
 -75.0	85
 -74.0	92.5
 -73.0	88
 -72.0	92
 -71.0	95.5
 -70.0	99
 -69.0	102
 -68.0	97
 -67.0	98.5
 -66.0	95.5
 -65.0	101.5
 -64.0	91.5
 -63.0	81.5
 -62.0	93
 -61.0	105.5
 -60.0	92
 -59.0	79
 -58.0	89
 -57.0	83.5
 -56.0	106
 -55.0	102
 -54.0	91
 -53.0	108.5
 -52.0	101.5
 -51.0	85
 -50.0	98
 -49.0	110
 -48.0	107.5
 -47.0	84
 -46.0	97.5
 -45.0	98.5
 -44.0	97
 -43.0	105
 -42.0	100
 -41.0	102.5
 -40.0	98.5
 -39.0	99
 -38.0	103
 -37.0	100
 -36.0	77.5
 -35.0	103
 -34.0	95.5
 -33.0	106
 -32.0	106
 -31.0	96.5
 -30.0	103
 -29.0	113
 -28.0	107
 -27.0	106.5
 -26.0	104
 -25.0	126
 -24.0	117
 -23.0	104
 -22.0	126
 -21.0	96.5
 -20.0	143
 -19.0	143
 -18.0	127
 -17.0	126.5
 -16.0	120
 -15.0	125
 -14.0	150.5
 -13.0	125
 -12.0	118
 -11.0	129
 -10.0	118
  -9.0	130
  -8.0	118
  -7.0	116.5
  -6.0	104.5
  -5.0	128.5
  -4.0	123
  -3.0	112
  -2.0	97
  -1.0	118
   0.0	121.5
   1.0	119
   2.0	128.5
   3.0	107.5
   4.0	113
   5.0	121.5
   6.0	124
   7.0	137
   8.0	118
   9.0	137.5
  10.0	120.5
  11.0	135
  12.0	118
  13.0	119
  14.0	107
  15.0	106
  16.0	138
  17.0	149
  18.0	113
  19.0	127.5
  20.0	134
  21.0	129
  22.0	121.5
  23.0	125.5
  24.0	95
  25.0	104.5
  26.0	97.5
  27.0	90
  28.0	102
  29.0	94
  30.0	109
  31.0	90
  32.0	114
  33.0	99
  34.0	82.5
  35.0	110.5
  36.0	111
  37.0	86
  38.0	108
  39.0	94
  40.0	87.8333
  41.0	98
  42.0	97
  43.0	107
  44.0	90
  45.0	105
  46.0	84
  47.0	100
  48.0	88
  49.0	97
  50.0	97
  51.0	105
  52.0	92
  53.0	89
  54.0	83.5
  55.0	84
  56.0	86
  57.0	102
  58.0	112
  59.0	92
  60.0	94
  61.0	90.5
  62.0	94
  63.0	91.5
  64.0	99
  65.0	105.5
  66.0	75
  67.0	90.3333
  68.0	81
  69.0	89
  70.0	86
  71.0	83
  72.0	77.5
  73.0	93
  74.0	87.5
  75.0	90
  76.0	95
  77.0	91
  78.0	88
  79.0	83
  80.0	93
  81.0	91.3333
  82.0	89
  83.0	82
  84.0	93
  85.0	104
  86.0	88
  87.0	86.8333
  88.0	94.5
  89.0	87
  90.0	91.8333
  91.0	92
  92.0	90
  93.0	96
  94.0	85
  95.0	90
  96.0	80.5
  97.0	93
  98.0	82
  99.0	96.5
 100.0	89
 101.0	111
 102.0	78
 103.0	86
 104.0	79
 105.0	104
 106.0	85
 107.0	93.3333
 108.0	80
 109.0	92
DB 2 MOTIF	HTF4_HUMAN.H11MO.0.A
-110.0	101.5
-109.0	89
-108.0	103
-107.0	108
-106.0	99.5
-105.0	79.1667
-104.0	90.5
-103.0	90.25
-102.0	109
-101.0	84.5
-100.0	73.3333
 -99.0	103
 -98.0	94.5
 -97.0	86.5
 -96.0	60
 -95.0	83.5833
 -94.0	91
 -93.0	100
 -92.0	88.25
 -91.0	89.5
 -90.0	101.5
 -89.0	103
 -88.0	103.5
 -87.0	128
 -86.0	96
 -85.0	96
 -84.0	94.25
 -83.0	97.5
 -82.0	100.5
 -81.0	86.5
 -80.0	93
 -79.0	111.833
 -78.0	103
 -77.0	105
 -76.0	98.8333
 -75.0	85
 -74.0	96.5
 -73.0	99
 -72.0	93
 -71.0	98
 -70.0	98
 -69.0	101
 -68.0	98
 -67.0	99.5
 -66.0	106.5
 -65.0	93
 -64.0	112.833
 -63.0	112.833
 -62.0	101.5
 -61.0	106.5
 -60.0	99.1667
 -59.0	108.5
 -58.0	119
 -57.0	121.5
 -56.0	102
 -55.0	111.5
 -54.0	117
 -53.0	111
 -52.0	108.833
 -51.0	104.5
 -50.0	119
 -49.0	96.5
 -48.0	103.5
 -47.0	102
 -46.0	98
 -45.0	120.833
 -44.0	112.833
 -43.0	131.25
 -42.0	98
 -41.0	109
 -40.0	128
 -39.0	114
 -38.0	117
 -37.0	137.5
 -36.0	115.5
 -35.0	119.5
 -34.0	120.75
 -33.0	123.5
 -32.0	110.333
 -31.0	121.5
 -30.0	111.5
 -29.0	114.833
 -28.0	138
 -27.0	146
 -26.0	152.667
 -25.0	171.25
 -24.0	160.75
 -23.0	146.833
 -22.0	157
 -21.0	175
 -20.0	142.5
 -19.0	123.5
 -18.0	162
 -17.0	168.5
 -16.0	159.5
 -15.0	166.5
 -14.0	201.5
 -13.0	172.5
 -12.0	171.5
 -11.0	175
 -10.0	183.5
  -9.0	193
  -8.0	208
  -7.0	182
  -6.0	224.5
  -5.0	237.5
  -4.0	221
  -3.0	230
  -2.0	216.5
  -1.0	233.75
   0.0	224.667
   1.0	227.333
   2.0	220
   3.0	209
   4.0	225.5
   5.0	202
   6.0	217.75
   7.0	205.5
   8.0	205
   9.0	196.5
  10.0	209.5
  11.0	165.5
  12.0	174.5
  13.0	169
  14.0	172.333
  15.0	176
  16.0	193.333
  17.0	168.25
  18.0	159
  19.0	136
  20.0	156.5
  21.0	150
  22.0	137.5
  23.0	173.5
  24.0	144
  25.0	134.5
  26.0	137
  27.0	144.25
  28.0	121.5
  29.0	83.25
  30.0	124
  31.0	127.5
  32.0	122.833
  33.0	128
  34.0	98
  35.0	119
  36.0	107
  37.0	114.25
  38.0	126.25
  39.0	120
  40.0	120.5
  41.0	107.583
  42.0	117.5
  43.0	120.25
  44.0	115
  45.0	121
  46.0	110.5
  47.0	122
  48.0	105
  49.0	96.5
  50.0	137.833
  51.0	109
  52.0	117.5
  53.0	117.167
  54.0	115.5
  55.0	84.75
  56.0	115.5
  57.0	101.5
  58.0	101
  59.0	116
  60.0	96.8333
  61.0	120
  62.0	99.5
  63.0	99
  64.0	106.833
  65.0	95.5
  66.0	109
  67.0	102
  68.0	97.5
  69.0	92.5
  70.0	110.75
  71.0	112
  72.0	100.333
  73.0	104.5
  74.0	123
  75.0	106.5
  76.0	96
  77.0	97.25
  78.0	90.25
  79.0	94.5
  80.0	108.5
  81.0	108.5
  82.0	102
  83.0	110.5
  84.0	100.5
  85.0	102.5
  86.0	108
  87.0	77
  88.0	94.25
  89.0	89
  90.0	80.5
  91.0	106.5
  92.0	86.5
  93.0	102
  94.0	110
  95.0	91
  96.0	83
  97.0	117.333
  98.0	76.25
  99.0	117.5
 100.0	80.5
 101.0	84.8333
 102.0	102.25
 103.0	83
 104.0	93.5
 105.0	82
 106.0	93.5
 107.0	92.5
 108.0	93
 109.0	103
 110.0	103
DB 2 MOTIF	HXA7_HUMAN.H11MO.0.D
-107.5	103
-106.5	109
-105.5	90
-104.5	107.5
-103.5	122
-102.5	86
-101.5	104
-100.5	109.5
 -99.5	96
 -98.5	94.5
 -97.5	99
 -96.5	85
 -95.5	90.5
 -94.5	99
 -93.5	104.5
 -92.5	93
 -91.5	99
 -90.5	87
 -89.5	108
 -88.5	95
 -87.5	90
 -86.5	123
 -85.5	96
 -84.5	97
 -83.5	101
 -82.5	113.5
 -81.5	82
 -80.5	91
 -79.5	89
 -78.5	95
 -77.5	90
 -76.5	94
 -75.5	95
 -74.5	87
 -73.5	94
 -72.5	91
 -71.5	85.5
 -70.5	104
 -69.5	120
 -68.5	85.5
 -67.5	93
 -66.5	88
 -65.5	85
 -64.5	89
 -63.5	89.5
 -62.5	86
 -61.5	87
 -60.5	84
 -59.5	69.5
 -58.5	99
 -57.5	80
 -56.5	84.5
 -55.5	114
 -54.5	83
 -53.5	87
 -52.5	80.5
 -51.5	99.5
 -50.5	98.3333
 -49.5	98
 -48.5	83
 -47.5	81
 -46.5	78.3333
 -45.5	75.5
 -44.5	105
 -43.5	87
 -42.5	92.3333
 -41.5	86
 -40.5	91.5
 -39.5	98
 -38.5	97
 -37.5	81.5
 -36.5	104.5
 -35.5	102.5
 -34.5	87
 -33.5	75.5
 -32.5	59.5
 -31.5	89
 -30.5	70.5
 -29.5	73
 -28.5	96
 -27.5	98
 -26.5	96
 -25.5	77
 -24.5	82
 -23.5	64
 -22.5	78
 -21.5	65
 -20.5	52
 -19.5	68
 -18.5	51
 -17.5	52
 -16.5	79.5
 -15.5	68
 -14.5	75
 -13.5	73
 -12.5	87
 -11.5	77
 -10.5	90.5
  -9.5	85
  -8.5	81
  -7.5	89.5
  -6.5	90
  -5.5	87.5
  -4.5	112
  -3.5	102
  -2.5	107
  -1.5	104
  -0.5	106
   0.5	126
   1.5	107.5
   2.5	103.5
   3.5	99
   4.5	93
   5.5	104
   6.5	87
   7.5	80
   8.5	92.5
   9.5	93
  10.5	91
  11.5	81
  12.5	86
  13.5	78
  14.5	56
  15.5	68
  16.5	68
  17.5	64
  18.5	64
  19.5	74
  20.5	67.5
  21.5	79
  22.5	89
  23.5	66
  24.5	73
  25.5	74
  26.5	78
  27.5	75
  28.5	114
  29.5	83
  30.5	82
  31.5	63
  32.5	72
  33.5	86
  34.5	99
  35.5	84
  36.5	84
  37.5	87
  38.5	84.5
  39.5	82
  40.5	77.5
  41.5	86
  42.5	84
  43.5	100
  44.5	78
  45.5	85.5
  46.5	79
  47.5	95
  48.5	86
  49.5	84
  50.5	84
  51.5	101
  52.5	75
  53.5	80
  54.5	78
  55.5	96
  56.5	69
  57.5	83
  58.5	84
  59.5	96.8333
  60.5	105
  61.5	94
  62.5	76
  63.5	80
  64.5	95.5
  65.5	93
  66.5	101
  67.5	103
  68.5	84
  69.5	93.5
  70.5	94.5
  71.5	95
  72.5	101
  73.5	91.5
  74.5	94
  75.5	96
  76.5	95.5
  77.5	99
  78.5	83
  79.5	84.8333
  80.5	87
  81.5	85
  82.5	94.5
  83.5	94
  84.5	89
  85.5	96
  86.5	114.5
  87.5	103.5
  88.5	105
  89.5	110
  90.5	90
  91.5	97.5
  92.5	97
  93.5	92.5
  94.5	90
  95.5	83.5
  96.5	109
  97.5	97
  98.5	97
  99.5	98.8333
 100.5	101
 101.5	92
 102.5	95.5
 103.5	83
 104.5	97
 105.5	96.5
 106.5	94
 107.5	105
DB 2 MOTIF	HXB4_HUMAN.H11MO.0.B
-111.0	82
-110.0	112
-109.0	103.5
-108.0	113
-107.0	104.5
-106.0	90
-105.0	99
-104.0	98
-103.0	124
-102.0	87.75
-101.0	121.5
-100.0	97.1667
 -99.0	80.5
 -98.0	106
 -97.0	100.5
 -96.0	110
 -95.0	98
 -94.0	95.5
 -93.0	121.5
 -92.0	118.5
 -91.0	113.833
 -90.0	94
 -89.0	98
 -88.0	102.5
 -87.0	111.5
 -86.0	101
 -85.0	102.5
 -84.0	101
 -83.0	100.5
 -82.0	93.5
 -81.0	93.5
 -80.0	103
 -79.0	101.5
 -78.0	99.75
 -77.0	93
 -76.0	75.2
 -75.0	91.5
 -74.0	102.5
 -73.0	86.8333
 -72.0	101.5
 -71.0	84
 -70.0	84.75
 -69.0	99.3333
 -68.0	84.5
 -67.0	84.5
 -66.0	92.25
 -65.0	88.8333
 -64.0	97.5
 -63.0	94
 -62.0	79
 -61.0	89
 -60.0	73.5
 -59.0	94
 -58.0	92.5
 -57.0	98
 -56.0	110.7
 -55.0	85.5
 -54.0	98.5
 -53.0	99.5
 -52.0	84
 -51.0	84
 -50.0	87.5
 -49.0	94.5
 -48.0	93.5
 -47.0	107
 -46.0	89.3333
 -45.0	107.5
 -44.0	107
 -43.0	88
 -42.0	79.5
 -41.0	105
 -40.0	92.5
 -39.0	81.25
 -38.0	106.5
 -37.0	95.5
 -36.0	77
 -35.0	86
 -34.0	85.5
 -33.0	78.3333
 -32.0	97.5
 -31.0	73
 -30.0	89
 -29.0	89
 -28.0	84
 -27.0	91
 -26.0	103
 -25.0	98.5
 -24.0	89.5
 -23.0	83
 -22.0	98
 -21.0	81.5
 -20.0	65.5
 -19.0	71.5
 -18.0	74.5
 -17.0	82.5
 -16.0	78.7
 -15.0	103
 -14.0	97.5
 -13.0	98
 -12.0	77.5
 -11.0	82
 -10.0	98.5
  -9.0	98.5
  -8.0	100.333
  -7.0	109
  -6.0	122.833
  -5.0	103
  -4.0	114
  -3.0	119
  -2.0	116.25
  -1.0	118
   0.0	87
   1.0	109
   2.0	110
   3.0	96
   4.0	101.2
   5.0	99.5
   6.0	112
   7.0	123.5
   8.0	102
   9.0	95
  10.0	107
  11.0	98
  12.0	82
  13.0	103
  14.0	97
  15.0	81.5
  16.0	72.5
  17.0	89.5
  18.0	72
  19.0	62.5
  20.0	69
  21.0	84.5
  22.0	82
  23.0	94
  24.0	73.25
  25.0	79
  26.0	83
  27.0	99
  28.0	91.5
  29.0	91.5
  30.0	95.5
  31.0	86
  32.0	90
  33.0	100.5
  34.0	87.3333
  35.0	115.5
  36.0	89.5
  37.0	77
  38.0	95
  39.0	96.5
  40.0	87
  41.0	90
  42.0	101
  43.0	71.5
  44.0	93
  45.0	90
  46.0	83
  47.0	102.833
  48.0	87
  49.0	104
  50.0	90
  51.0	103.333
  52.0	83.5
  53.0	85
  54.0	97.5
  55.0	84
  56.0	105.5
  57.0	96.5
  58.0	86
  59.0	100.5
  60.0	84.8333
  61.0	108
  62.0	85.5
  63.0	92.5
  64.0	90.7
  65.0	83
  66.0	84.5
  67.0	92.5
  68.0	81.5
  69.0	92.5
  70.0	94.75
  71.0	99
  72.0	103.5
  73.0	100
  74.0	109
  75.0	95.5
  76.0	98
  77.0	117.5
  78.0	96
  79.0	97
  80.0	92.5
  81.0	91.5
  82.0	103.5
  83.0	81.5
  84.0	101.5
  85.0	108
  86.0	110
  87.0	113.75
  88.0	99.25
  89.0	90.5
  90.0	97.5
  91.0	87.5
  92.0	114
  93.0	99.5
  94.0	103.5
  95.0	97
  96.0	92
  97.0	117
  98.0	85
  99.0	107
 100.0	102
 101.0	101.5
 102.0	92.5
 103.0	110.5
 104.0	89
 105.0	107
 106.0	111
 107.0	108
 108.0	99.3333
 109.0	107.5
 110.0	100
 111.0	111
DB 2 MOTIF	ID4_HUMAN.H11MO.0.D
-109.5	127.083
-108.5	105
-107.5	116.333
-106.5	100
-105.5	115.333
-104.5	104
-103.5	101
-102.5	103
-101.5	107
-100.5	105.5
 -99.5	83.25
 -98.5	117.75
 -97.5	112.5
 -96.5	80.5
 -95.5	98.5
 -94.5	108
 -93.5	111
 -92.5	117.5
 -91.5	103.5
 -90.5	112.5
 -89.5	113.5
 -88.5	128.5
 -87.5	104.5
 -86.5	119.5
 -85.5	90
 -84.5	92.5
 -83.5	104.5
 -82.5	108
 -81.5	118
 -80.5	106.5
 -79.5	108
 -78.5	132.5
 -77.5	96
 -76.5	101
 -75.5	78
 -74.5	106
 -73.5	117.5
 -72.5	121.5
 -71.5	91.5
 -70.5	109.25
 -69.5	93.5
 -68.5	99.5
 -67.5	117.5
 -66.5	109.5
 -65.5	121
 -64.5	123.5
 -63.5	118.5
 -62.5	98.5
 -61.5	97.5
 -60.5	122.833
 -59.5	112
 -58.5	116
 -57.5	110.5
 -56.5	109.95
 -55.5	115.5
 -54.5	115
 -53.5	121.833
 -52.5	99.8333
 -51.5	117.5
 -50.5	117
 -49.5	117.5
 -48.5	115
 -47.5	100.5
 -46.5	112
 -45.5	100
 -44.5	129
 -43.5	103.5
 -42.5	133
 -41.5	105
 -40.5	113
 -39.5	121.25
 -38.5	132.5
 -37.5	146.75
 -36.5	111
 -35.5	122
 -34.5	120
 -33.5	126
 -32.5	114.333
 -31.5	143.5
 -30.5	134.5
 -29.5	119.75
 -28.5	113.833
 -27.5	165
 -26.5	146.5
 -25.5	151.333
 -24.5	135.5
 -23.5	143.5
 -22.5	141
 -21.5	164.5
 -20.5	165.5
 -19.5	144.2
 -18.5	152.5
 -17.5	159.75
 -16.5	150
 -15.5	156.5
 -14.5	172.5
 -13.5	183.5
 -12.5	188.5
 -11.5	189
 -10.5	158.5
  -9.5	195.5
  -8.5	220
  -7.5	219.5
  -6.5	193.5
  -5.5	247.5
  -4.5	237
  -3.5	214.75
  -2.5	234.5
  -1.5	228.5
  -0.5	246.833
   0.5	215
   1.5	237.5
   2.5	207.833
   3.5	224
   4.5	225
   5.5	216.5
   6.5	217
   7.5	207
   8.5	206.5
   9.5	194.5
  10.5	196
  11.5	165.5
  12.5	153.5
  13.5	169
  14.5	188
  15.5	201.833
  16.5	184
  17.5	137.2
  18.5	145
  19.5	165
  20.5	179
  21.5	155
  22.5	117.5
  23.5	156.25
  24.5	142.5
  25.5	133.5
  26.5	143
  27.5	126
  28.5	136
  29.5	130.5
  30.5	141.5
  31.5	132.5
  32.5	138
  33.5	127.5
  34.5	100
  35.5	125.25
  36.5	127.5
  37.5	118.5
  38.5	119
  39.5	115.5
  40.5	122
  41.5	118.5
  42.5	120
  43.5	127.5
  44.5	129.5
  45.5	110.5
  46.5	105
  47.5	118
  48.5	119
  49.5	115
  50.5	124.083
  51.5	109.5
  52.5	117.833
  53.5	125
  54.5	108.2
  55.5	118.5
  56.5	109
  57.5	109.5
  58.5	133.5
  59.5	119.5
  60.5	92
  61.5	127.5
  62.5	89
  63.5	118.333
  64.5	103
  65.5	111.833
  66.5	117.5
  67.5	105.5
  68.5	101
  69.5	98.8333
  70.5	117.5
  71.5	103
  72.5	115
  73.5	98
  74.5	120
  75.5	98.3333
  76.5	101.5
  77.5	113.5
  78.5	93
  79.5	109
  80.5	121.5
  81.5	120.583
  82.5	120
  83.5	116.5
  84.5	95.75
  85.5	117
  86.5	100
  87.5	79
  88.5	111.25
  89.5	88.5
  90.5	109.25
  91.5	115.2
  92.5	104
  93.5	124
  94.5	115
  95.5	93
  96.5	114
  97.5	97.5
  98.5	104
  99.5	102.5
 100.5	105.333
 101.5	112
 102.5	109.75
 103.5	101
 104.5	94
 105.5	106.5
 106.5	109
 107.5	101.5
 108.5	94.3333
 109.5	104.5
DB 2 MOTIF	INSM1_HUMAN.H11MO.0.C
-109.0	17
-108.0	13
-107.0	20
-106.0	18.5
-105.0	10.5
-104.0	14
-103.0	16
-102.0	18
-101.0	16
-100.0	21
 -99.0	12.5
 -98.0	14
 -97.0	16
 -96.0	18
 -95.0	19
 -94.0	14
 -93.0	14
 -92.0	9.5
 -91.0	14
 -90.0	22
 -89.0	26
 -88.0	18
 -87.0	22
 -86.0	16.5
 -85.0	10
 -84.0	23
 -83.0	12
 -82.0	12
 -81.0	17
 -80.0	12
 -79.0	27
 -78.0	15
 -77.0	12
 -76.0	17
 -75.0	14
 -74.0	19
 -73.0	16
 -72.0	18
 -71.0	19
 -70.0	20
 -69.0	22
 -68.0	13
 -67.0	17
 -66.0	17
 -65.0	15
 -64.0	20
 -63.0	15
 -62.0	14
 -61.0	26
 -60.0	19
 -59.0	11
 -58.0	12
 -57.0	14
 -56.0	26
 -55.0	12
 -54.0	14
 -53.0	16
 -52.0	15
 -51.0	14
 -50.0	19
 -49.0	17
 -48.0	14
 -47.0	18.5
 -46.0	11.3333
 -45.0	14
 -44.0	19
 -43.0	15
 -42.0	20
 -41.0	18
 -40.0	17
 -39.0	19
 -38.0	15
 -37.0	18
 -36.0	15
 -35.0	13.5
 -34.0	13
 -33.0	18
 -32.0	12
 -31.0	25
 -30.0	23
 -29.0	17
 -28.0	12
 -27.0	22
 -26.0	19.5
 -25.0	17
 -24.0	35
 -23.0	24
 -22.0	19.5
 -21.0	26
 -20.0	23
 -19.0	29
 -18.0	30
 -17.0	30
 -16.0	20
 -15.0	26
 -14.0	23
 -13.0	36
 -12.0	34
 -11.0	39
 -10.0	42.5
  -9.0	46
  -8.0	41
  -7.0	26
  -6.0	45
  -5.0	50
  -4.0	39
  -3.0	57
  -2.0	50
  -1.0	61
   0.0	44
   1.0	63
   2.0	54
   3.0	48
   4.0	58
   5.0	41
   6.0	44
   7.0	49
   8.0	35.5
   9.0	49.3333
  10.0	40
  11.0	60
  12.0	29
  13.0	35
  14.0	35
  15.0	22
  16.0	26
  17.0	41
  18.0	23
  19.0	21.5
  20.0	23
  21.0	17
  22.0	36
  23.0	23
  24.0	19
  25.0	12
  26.0	28
  27.0	31
  28.0	19
  29.0	26.5
  30.0	19
  31.0	21
  32.0	18
  33.0	23
  34.0	12
  35.0	19
  36.0	6
  37.0	22
  38.0	24
  39.0	14
  40.0	16
  41.0	9
  42.0	15
  43.0	14
  44.0	21
  45.0	16
  46.0	21
  47.0	29
  48.0	17.5
  49.0	17
  50.0	10
  51.0	17
  52.0	18
  53.0	21
  54.0	13
  55.0	14
  56.0	14
  57.0	9
  58.0	15
  59.0	13
  60.0	12
  61.0	17
  62.0	18.3333
  63.0	15
  64.0	15
  65.0	19
  66.0	10
  67.0	13
  68.0	15
  69.0	17
  70.0	16
  71.0	18
  72.0	20
  73.0	16
  74.0	15
  75.0	19
  76.0	19
  77.0	12
  78.0	15.5
  79.0	17.5
  80.0	15
  81.0	18
  82.0	14
  83.0	23
  84.0	9
  85.0	25
  86.0	12
  87.0	19
  88.0	24
  89.0	21
  90.0	23
  91.0	25
  92.0	20
  93.0	23
  94.0	13
  95.0	10
  96.0	20
  97.0	22
  98.0	15
  99.0	17
 100.0	15
 101.0	16
 102.0	13
 103.0	19
 104.0	13
 105.0	22
 106.0	19
 107.0	20
 108.0	19
 109.0	14
DB 2 MOTIF	ISL1_HUMAN.H11MO.0.A
-110.5	121.5
-109.5	144.5
-108.5	131.5
-107.5	139.5
-106.5	131
-105.5	132
-104.5	111
-103.5	112
-102.5	123.25
-101.5	136
-100.5	123.5
 -99.5	116
 -98.5	136.5
 -97.5	128.5
 -96.5	127.5
 -95.5	124
 -94.5	155.5
 -93.5	113
 -92.5	142
 -91.5	144.5
 -90.5	131
 -89.5	128
 -88.5	122
 -87.5	140
 -86.5	143
 -85.5	126
 -84.5	119.5
 -83.5	132.5
 -82.5	150
 -81.5	127.5
 -80.5	140.5
 -79.5	123.5
 -78.5	119.643
 -77.5	152.143
 -76.5	121.5
 -75.5	134.5
 -74.5	122.643
 -73.5	110.893
 -72.5	111.7
 -71.5	123.5
 -70.5	112.143
 -69.5	123.343
 -68.5	132.2
 -67.5	117
 -66.5	133.143
 -65.5	122.7
 -64.5	113.7
 -63.5	133.5
 -62.5	126.5
 -61.5	131
 -60.5	123.833
 -59.5	120.333
 -58.5	129
 -57.5	133.5
 -56.5	130.5
 -55.5	132.5
 -54.5	133
 -53.5	124.667
 -52.5	131.25
 -51.5	113
 -50.5	136.5
 -49.5	125.5
 -48.5	147.75
 -47.5	147
 -46.5	140
 -45.5	136
 -44.5	138.75
 -43.5	143.5
 -42.5	126.5
 -41.5	112
 -40.5	146.75
 -39.5	105.75
 -38.5	136.5
 -37.5	127.25
 -36.5	94.5
 -35.5	136
 -34.5	135.5
 -33.5	131.5
 -32.5	130
 -31.5	118.5
 -30.5	115.5
 -29.5	118
 -28.5	120.5
 -27.5	116.5
 -26.5	109
 -25.5	147
 -24.5	127.5
 -23.5	127.5
 -22.5	156.5
 -21.5	128
 -20.5	110
 -19.5	92
 -18.5	105.5
 -17.5	127
 -16.5	114.5
 -15.5	131
 -14.5	134.5
 -13.5	152.5
 -12.5	114.333
 -11.5	135.5
 -10.5	148
  -9.5	140
  -8.5	148.5
  -7.5	138
  -6.5	162.667
  -5.5	164
  -4.5	174.5
  -3.5	157
  -2.5	171.5
  -1.5	186.75
  -0.5	185.833
   0.5	171.5
   1.5	167.75
   2.5	163
   3.5	162
   4.5	160
   5.5	170.5
   6.5	149.5
   7.5	135.5
   8.5	154
   9.5	153.5
  10.5	125
  11.5	128.833
  12.5	144.5
  13.5	158.5
  14.5	144.5
  15.5	141
  16.5	117
  17.5	120.5
  18.5	102
  19.5	120
  20.5	112
  21.5	118
  22.5	130.5
  23.5	141.25
  24.5	121
  25.5	119.5
  26.5	135
  27.5	125.5
  28.5	121.5
  29.5	122
  30.5	140.5
  31.5	112.5
  32.5	116.833
  33.5	139
  34.5	146
  35.5	154.833
  36.5	133
  37.5	121
  38.5	141
  39.5	131.5
  40.5	117.5
  41.5	120.5
  42.5	113
  43.5	126
  44.5	121
  45.5	95.5
  46.5	141.5
  47.5	114
  48.5	150.5
  49.5	132.5
  50.5	116.333
  51.5	129
  52.5	105.5
  53.5	127
  54.5	129.5
  55.5	124.5
  56.5	140.5
  57.5	131
  58.5	132.5
  59.5	140.083
  60.5	138
  61.5	135
  62.5	131.5
  63.5	125.5
  64.5	135
  65.5	122.5
  66.5	118.5
  67.5	118.5
  68.5	131
  69.5	134
  70.5	128.75
  71.5	151.5
  72.5	143
  73.5	131
  74.5	139
  75.5	129.333
  76.5	142.5
  77.5	139
  78.5	130.5
  79.5	135.5
  80.5	138.833
  81.5	133.333
  82.5	114.5
  83.5	131.833
  84.5	148.833
  85.5	130
  86.5	120.25
  87.5	137
  88.5	139.361
  89.5	132
  90.5	145.333
  91.5	137.111
  92.5	149.111
  93.5	108
  94.5	108.5
  95.5	110.611
  96.5	125.611
  97.5	148.75
  98.5	114
  99.5	146.611
 100.5	123.111
 101.5	143
 102.5	126
 103.5	128.611
 104.5	132.111
 105.5	138
 106.5	107.5
 107.5	122.833
 108.5	142.833
 109.5	120
 110.5	134
DB 2 MOTIF	ITF2_HUMAN.H11MO.0.C
-110.0	104.5
-109.0	96.7
-108.0	106.5
-107.0	119.333
-106.0	96
-105.0	95.3333
-104.0	93.5
-103.0	82.25
-102.0	119
-101.0	95
-100.0	73.8333
 -99.0	103.5
 -98.0	99.75
 -97.0	88.6667
 -96.0	62.5
 -95.0	101.083
 -94.0	96
 -93.0	91.5
 -92.0	97.75
 -91.0	91.8333
 -90.0	110
 -89.0	104.5
 -88.0	102.5
 -87.0	118.5
 -86.0	100
 -85.0	92
 -84.0	89.25
 -83.0	104.5
 -82.0	109
 -81.0	92
 -80.0	96.5
 -79.0	111.333
 -78.0	96.5
 -77.0	100.5
 -76.0	100
 -75.0	96
 -74.0	95
 -73.0	112.5
 -72.0	100
 -71.0	121
 -70.0	110.25
 -69.0	86.5
 -68.0	98.25
 -67.0	110
 -66.0	87
 -65.0	92.3333
 -64.0	118.333
 -63.0	100.667
 -62.0	98
 -61.0	107.5
 -60.0	95.6667
 -59.0	92.5
 -58.0	118.5
 -57.0	131.5
 -56.0	105.2
 -55.0	116.25
 -54.0	113.5
 -53.0	100
 -52.0	115
 -51.0	115
 -50.0	107.5
 -49.0	107
 -48.0	90.5
 -47.0	123.25
 -46.0	125
 -45.0	115.333
 -44.0	111.333
 -43.0	122.25
 -42.0	110
 -41.0	98.5
 -40.0	138.5
 -39.0	116.333
 -38.0	125.5
 -37.0	139.5
 -36.0	115
 -35.0	121
 -34.0	125.75
 -33.0	122.5
 -32.0	127.833
 -31.0	124.5
 -30.0	112.75
 -29.0	123.5
 -28.0	167.333
 -27.0	147.5
 -26.0	145.333
 -25.0	185.75
 -24.0	159.75
 -23.0	155.5
 -22.0	161.5
 -21.0	189
 -20.0	159
 -19.0	159.5
 -18.0	187.5
 -17.0	175.25
 -16.0	185
 -15.0	188.5
 -14.0	212
 -13.0	191.833
 -12.0	201.5
 -11.0	196
 -10.0	208
  -9.0	242.5
  -8.0	248.25
  -7.0	211.5
  -6.0	278.5
  -5.0	279.5
  -4.0	253.5
  -3.0	247.2
  -2.0	227.5
  -1.0	276.75
   0.0	272.5
   1.0	271
   2.0	242
   3.0	243.5
   4.0	251.5
   5.0	237.5
   6.0	253.75
   7.0	237
   8.0	237.5
   9.0	216.5
  10.0	227.5
  11.0	181
  12.0	192
  13.0	175
  14.0	176
  15.0	206.5
  16.0	204.333
  17.0	175.75
  18.0	152.5
  19.0	157.5
  20.0	174.75
  21.0	155.5
  22.0	156.5
  23.0	194
  24.0	159
  25.0	133
  26.0	159
  27.0	137.75
  28.0	143
  29.0	98.25
  30.0	126.5
  31.0	135
  32.0	121
  33.0	126.25
  34.0	113
  35.0	119
  36.0	116.25
  37.0	123.75
  38.0	115.25
  39.0	116
  40.0	138.5
  41.0	115.75
  42.0	116.5
  43.0	113.25
  44.0	119.5
  45.0	119.5
  46.0	99
  47.0	104
  48.0	105
  49.0	100.5
  50.0	122.783
  51.0	111
  52.0	100
  53.0	114.833
  54.0	115.5
  55.0	83.25
  56.0	106.5
  57.0	112.5
  58.0	107.5
  59.0	110.5
  60.0	92
  61.0	119.5
  62.0	107.5
  63.0	104
  64.0	95.3333
  65.0	94
  66.0	89.5
  67.0	98.5
  68.0	90.75
  69.0	98.5
  70.0	104.75
  71.0	113
  72.0	111.333
  73.0	106
  74.0	122
  75.0	95
  76.0	87.5
  77.0	103.25
  78.0	99.75
  79.0	103.5
  80.0	95
  81.0	106
  82.0	104
  83.0	99.5
  84.0	107
  85.0	94.5
  86.0	107
  87.0	72.5
  88.0	95.9167
  89.0	79.75
  90.0	96.75
  91.0	99.5
  92.0	78
  93.0	101
  94.0	91.5
  95.0	109.5
  96.0	87
  97.0	107.333
  98.0	80.25
  99.0	106
 100.0	83
 101.0	76.3333
 102.0	89.75
 103.0	91.95
 104.0	86.5
 105.0	87.5
 106.0	95.5
 107.0	86
 108.0	90.5
 109.0	92.5
 110.0	99
DB 2 MOTIF	KAISO_HUMAN.H11MO.0.A
-107.5	32
-106.5	26
-105.5	30
-104.5	28
-103.5	22
-102.5	18
-101.5	32
-100.5	38
 -99.5	28
 -98.5	28
 -97.5	25
 -96.5	13
 -95.5	30
 -94.5	21
 -93.5	29
 -92.5	29
 -91.5	23.5
 -90.5	35
 -89.5	18
 -88.5	27
 -87.5	24.5
 -86.5	26
 -85.5	23
 -84.5	27
 -83.5	22.5
 -82.5	25
 -81.5	29
 -80.5	25
 -79.5	34
 -78.5	33
 -77.5	26
 -76.5	26
 -75.5	29
 -74.5	41
 -73.5	29
 -72.5	31
 -71.5	22
 -70.5	27
 -69.5	29
 -68.5	23
 -67.5	29
 -66.5	23
 -65.5	33
 -64.5	36
 -63.5	27.5
 -62.5	23
 -61.5	24
 -60.5	27
 -59.5	32
 -58.5	34
 -57.5	44
 -56.5	38
 -55.5	33.5
 -54.5	25
 -53.5	25
 -52.5	39
 -51.5	28
 -50.5	28
 -49.5	28
 -48.5	38
 -47.5	28
 -46.5	20
 -45.5	28
 -44.5	23
 -43.5	31.5
 -42.5	25
 -41.5	31.5
 -40.5	33
 -39.5	31
 -38.5	34
 -37.5	28
 -36.5	28
 -35.5	33
 -34.5	37
 -33.5	27
 -32.5	33
 -31.5	36
 -30.5	37
 -29.5	42
 -28.5	44
 -27.5	23
 -26.5	29
 -25.5	28
 -24.5	34.5
 -23.5	22
 -22.5	24
 -21.5	34.5
 -20.5	35
 -19.5	27
 -18.5	35
 -17.5	27
 -16.5	23
 -15.5	25
 -14.5	35
 -13.5	30
 -12.5	30
 -11.5	33.5
 -10.5	36
  -9.5	45
  -8.5	34
  -7.5	30
  -6.5	30
  -5.5	35
  -4.5	43
  -3.5	26
  -2.5	29
  -1.5	36
  -0.5	26
   0.5	44
   1.5	31.5
   2.5	45
   3.5	33
   4.5	40
   5.5	26
   6.5	31
   7.5	23
   8.5	37
   9.5	31
  10.5	25
  11.5	32
  12.5	38
  13.5	19
  14.5	36
  15.5	25
  16.5	26
  17.5	22.5
  18.5	28
  19.5	23.5
  20.5	38
  21.5	27
  22.5	39
  23.5	29
  24.5	30
  25.5	30
  26.5	21
  27.5	30
  28.5	45
  29.5	23
  30.5	28
  31.5	27
  32.5	17
  33.5	33
  34.5	33
  35.5	30
  36.5	25.5
  37.5	29
  38.5	32
  39.5	31
  40.5	29
  41.5	25
  42.5	30
  43.5	30
  44.5	27
  45.5	35
  46.5	29
  47.5	27
  48.5	33
  49.5	24
  50.5	29
  51.5	34
  52.5	35
  53.5	37
  54.5	37
  55.5	26
  56.5	34
  57.5	33
  58.5	33
  59.5	31
  60.5	33
  61.5	30
  62.5	23
  63.5	25
  64.5	25
  65.5	38
  66.5	36
  67.5	27
  68.5	32
  69.5	21
  70.5	35
  71.5	36
  72.5	37
  73.5	29
  74.5	25
  75.5	27
  76.5	31
  77.5	17
  78.5	30
  79.5	29
  80.5	29
  81.5	26.5
  82.5	34
  83.5	24
  84.5	10
  85.5	23
  86.5	23
  87.5	23.5
  88.5	21
  89.5	19
  90.5	25
  91.5	24
  92.5	27
  93.5	20
  94.5	30
  95.5	29
  96.5	28
  97.5	35
  98.5	26
  99.5	25
 100.5	16
 101.5	16
 102.5	27.5
 103.5	27
 104.5	22
 105.5	24
 106.5	27
 107.5	29.5
DB 2 MOTIF	KAISO_HUMAN.H11MO.1.A
-109.5	46
-108.5	40
-107.5	39
-106.5	40.5
-105.5	34
-104.5	34
-103.5	46
-102.5	48
-101.5	44
-100.5	39
 -99.5	41
 -98.5	43
 -97.5	43.3333
 -96.5	45
 -95.5	42
 -94.5	45.5
 -93.5	33
 -92.5	35.5
 -91.5	34.5
 -90.5	41
 -89.5	49.8333
 -88.5	33
 -87.5	36.5
 -86.5	34.5
 -85.5	43
 -84.5	50
 -83.5	46
 -82.5	45.5
 -81.5	45.8333
 -80.5	40.5
 -79.5	44
 -78.5	41
 -77.5	47
 -76.5	43
 -75.5	41
 -74.5	47.5
 -73.5	44.5
 -72.5	46.5
 -71.5	55
 -70.5	54.5
 -69.5	44.5
 -68.5	43.5
 -67.5	45
 -66.5	51
 -65.5	51.5
 -64.5	47
 -63.5	43.5
 -62.5	44.5
 -61.5	39
 -60.5	51
 -59.5	50.5
 -58.5	43
 -57.5	52.5
 -56.5	55.5
 -55.5	42
 -54.5	51.5
 -53.5	45.5
 -52.5	47.5
 -51.5	45
 -50.5	56
 -49.5	52
 -48.5	40
 -47.5	45
 -46.5	48
 -45.5	53
 -44.5	44
 -43.5	45.5
 -42.5	27.5
 -41.5	38
 -40.5	51
 -39.5	58
 -38.5	51
 -37.5	56
 -36.5	49.5
 -35.5	42
 -34.5	45
 -33.5	63
 -32.5	47
 -31.5	60
 -30.5	53
 -29.5	45
 -28.5	62
 -27.5	59.5
 -26.5	56.5
 -25.5	40.5
 -24.5	52.5
 -23.5	39.5
 -22.5	38
 -21.5	44
 -20.5	46.5
 -19.5	43
 -18.5	43
 -17.5	39.5
 -16.5	34
 -15.5	33.5
 -14.5	33
 -13.5	38
 -12.5	54
 -11.5	62
 -10.5	66
  -9.5	51.5
  -8.5	43.5
  -7.5	54.5
  -6.5	54.5
  -5.5	26
  -4.5	54
  -3.5	70.5
  -2.5	57
  -1.5	73
  -0.5	55.5
   0.5	61
   1.5	53
   2.5	58.5
   3.5	48
   4.5	49.5
   5.5	37
   6.5	63
   7.5	49
   8.5	49
   9.5	43.5
  10.5	56
  11.5	49
  12.5	50
  13.5	50
  14.5	48
  15.5	38
  16.5	28
  17.5	37
  18.5	46.5
  19.5	37.5
  20.5	46.5
  21.5	45.5
  22.5	49.5
  23.5	49
  24.5	48
  25.5	44
  26.5	56
  27.5	49
  28.5	50
  29.5	48
  30.5	55
  31.5	37
  32.5	50.5
  33.5	38.5
  34.5	43
  35.5	50
  36.5	49
  37.5	47
  38.5	36.5
  39.5	35
  40.5	54
  41.5	48
  42.5	38.5
  43.5	55
  44.5	42.5
  45.5	37.5
  46.5	62.5
  47.5	56
  48.5	36
  49.5	38
  50.5	50
  51.5	51.5
  52.5	33.5
  53.5	48.5
  54.5	37
  55.5	54.5
  56.5	54.5
  57.5	34
  58.5	53.5
  59.5	37
  60.5	51
  61.5	57.5
  62.5	40.5
  63.5	41
  64.5	49
  65.5	46.5
  66.5	48
  67.5	43
  68.5	36.5
  69.5	46
  70.5	38.25
  71.5	48
  72.5	47
  73.5	42
  74.5	44
  75.5	35
  76.5	48
  77.5	48
  78.5	46
  79.5	43.5
  80.5	52.5
  81.5	47
  82.5	35.5
  83.5	42
  84.5	41.75
  85.5	37
  86.5	30
  87.5	25.5
  88.5	46
  89.5	56
  90.5	32.5
  91.5	38
  92.5	60.25
  93.5	31
  94.5	48
  95.5	39
  96.5	48
  97.5	45
  98.5	29
  99.5	37
 100.5	38.25
 101.5	44.5
 102.5	40.5
 103.5	42.5
 104.5	48
 105.5	42.5
 106.5	44.5
 107.5	45
 108.5	37
 109.5	36
DB 2 MOTIF	KAISO_HUMAN.H11MO.2.A
-109.0	53
-108.0	38
-107.0	57
-106.0	55.5
-105.0	68.5
-104.0	46
-103.0	62
-102.0	44
-101.0	46
-100.0	67
 -99.0	51.5
 -98.0	35
 -97.0	39
 -96.0	35.5
 -95.0	44
 -94.0	51
 -93.0	38
 -92.0	48
 -91.0	58
 -90.0	47
 -89.0	46
 -88.0	59
 -87.0	59
 -86.0	47
 -85.0	51
 -84.0	53
 -83.0	57
 -82.0	54
 -81.0	76.5
 -80.0	57
 -79.0	65.5
 -78.0	51
 -77.0	48.5
 -76.0	53
 -75.0	53.5
 -74.0	47
 -73.0	55
 -72.0	51
 -71.0	57
 -70.0	48
 -69.0	46
 -68.0	51
 -67.0	58
 -66.0	61
 -65.0	52.5
 -64.0	55
 -63.0	45.5
 -62.0	64
 -61.0	53
 -60.0	47
 -59.0	59
 -58.0	51
 -57.0	70.5
 -56.0	51
 -55.0	54
 -54.0	56
 -53.0	59
 -52.0	46.5
 -51.0	49.5
 -50.0	50
 -49.0	50
 -48.0	58
 -47.0	64.5
 -46.0	57
 -45.0	44
 -44.0	53
 -43.0	61.5
 -42.0	52
 -41.0	63
 -40.0	47
 -39.0	74
 -38.0	54.5
 -37.0	71
 -36.0	64
 -35.0	57
 -34.0	57
 -33.0	55
 -32.0	65.5
 -31.0	61
 -30.0	67
 -29.0	68
 -28.0	61.5
 -27.0	60.5
 -26.0	55
 -25.0	51
 -24.0	66
 -23.0	70
 -22.0	72.5
 -21.0	71
 -20.0	65
 -19.0	67
 -18.0	65
 -17.0	68
 -16.0	49
 -15.0	52
 -14.0	62
 -13.0	56
 -12.0	81
 -11.0	83
 -10.0	60
  -9.0	79
  -8.0	69
  -7.0	69.5
  -6.0	70
  -5.0	67
  -4.0	74
  -3.0	85
  -2.0	94
  -1.0	70
   0.0	68.5
   1.0	77
   2.0	68
   3.0	63.5
   4.0	76.5
   5.0	75
   6.0	58
   7.0	60.5
   8.0	84
   9.0	71
  10.0	63
  11.0	81
  12.0	81
  13.0	51
  14.0	56
  15.0	62
  16.0	66
  17.0	66
  18.0	60
  19.0	64
  20.0	60.5
  21.0	68
  22.0	79
  23.0	75
  24.0	69
  25.0	67
  26.0	58
  27.0	61
  28.0	59.5
  29.0	64
  30.0	64
  31.0	76
  32.0	63
  33.0	52
  34.0	44.5
  35.0	58
  36.0	69
  37.0	47.5
  38.0	40
  39.0	66
  40.0	65
  41.0	50
  42.0	51
  43.0	52
  44.0	58
  45.0	41
  46.0	56
  47.0	53
  48.0	61
  49.0	59
  50.0	61
  51.0	36
  52.0	50
  53.0	62
  54.0	63.5
  55.0	60.5
  56.0	45
  57.0	62
  58.0	62
  59.0	49
  60.0	63
  61.0	55
  62.0	55
  63.0	50
  64.0	55
  65.0	47
  66.0	56
  67.0	51
  68.0	51
  69.0	56
  70.0	46
  71.0	40
  72.0	51
  73.0	56
  74.0	44
  75.0	54
  76.0	48
  77.0	62
  78.0	52
  79.0	61
  80.0	53
  81.0	54
  82.0	52
  83.0	50
  84.0	64
  85.0	45
  86.0	61
  87.0	64
  88.0	40
  89.0	36
  90.0	58
  91.0	47
  92.0	38
  93.0	52
  94.0	43
  95.0	62
  96.0	48
  97.0	56
  98.0	50
  99.0	46
 100.0	62
 101.0	45
 102.0	38
 103.0	42
 104.0	56
 105.0	62
 106.0	49.5
 107.0	49
 108.0	40
 109.0	48
DB 2 MOTIF	KLF13_HUMAN.H11MO.0.D
-109.5	21
-108.5	30
-107.5	23
-106.5	23.25
-105.5	16.3333
-104.5	21
-103.5	18
-102.5	22.5
-101.5	15.5
-100.5	21.25
 -99.5	19
 -98.5	28.5
 -97.5	26.25
 -96.5	28.5
 -95.5	36.5
 -94.5	17.5
 -93.5	24.5
 -92.5	21
 -91.5	23.3333
 -90.5	25
 -89.5	23
 -88.5	31
 -87.5	26.3333
 -86.5	26
 -85.5	27.5
 -84.5	29.25
 -83.5	26
 -82.5	13.7
 -81.5	26
 -80.5	20
 -79.5	20
 -78.5	27
 -77.5	16
 -76.5	19.5
 -75.5	23.5
 -74.5	24
 -73.5	20
 -72.5	22
 -71.5	16.8333
 -70.5	17.8333
 -69.5	20.5
 -68.5	28
 -67.5	30
 -66.5	33.5
 -65.5	21.5
 -64.5	26.3333
 -63.5	15.5
 -62.5	25.25
 -61.5	21
 -60.5	20
 -59.5	17
 -58.5	20.3333
 -57.5	46
 -56.5	17.5
 -55.5	22
 -54.5	18
 -53.5	22
 -52.5	16
 -51.5	22
 -50.5	16
 -49.5	23
 -48.5	15
 -47.5	23
 -46.5	22.3333
 -45.5	19
 -44.5	17
 -43.5	24.5
 -42.5	17.2
 -41.5	29
 -40.5	33.25
 -39.5	19.25
 -38.5	19
 -37.5	19.25
 -36.5	37
 -35.5	26.5
 -34.5	24
 -33.5	17
 -32.5	22
 -31.5	19
 -30.5	31
 -29.5	23
 -28.5	29
 -27.5	30.5
 -26.5	31
 -25.5	36
 -24.5	27
 -23.5	25.5
 -22.5	38.5
 -21.5	36
 -20.5	38.5
 -19.5	35
 -18.5	35
 -17.5	41
 -16.5	40
 -15.5	38
 -14.5	54
 -13.5	52
 -12.5	66
 -11.5	58
 -10.5	67
  -9.5	62
  -8.5	81
  -7.5	78.3333
  -6.5	81.5
  -5.5	87.5
  -4.5	85
  -3.5	81
  -2.5	81.2
  -1.5	75
  -0.5	66
   0.5	67
   1.5	97
   2.5	74
   3.5	79
   4.5	84
   5.5	86
   6.5	85
   7.5	81.5
   8.5	75
   9.5	60
  10.5	51
  11.5	65
  12.5	54
  13.5	75
  14.5	50
  15.5	39
  16.5	55
  17.5	50
  18.5	34
  19.5	46
  20.5	27
  21.5	25.25
  22.5	36.25
  23.5	32
  24.5	26
  25.5	26
  26.5	32
  27.5	26.5
  28.5	29
  29.5	41
  30.5	21
  31.5	18.5
  32.5	17
  33.5	27.5
  34.5	16
  35.5	22
  36.5	22
  37.5	31.2
  38.5	27
  39.5	23
  40.5	23
  41.5	17
  42.5	25.5
  43.5	19
  44.5	19
  45.5	26.3333
  46.5	16
  47.5	22
  48.5	25
  49.5	26
  50.5	24.5
  51.5	20
  52.5	25
  53.5	23
  54.5	19
  55.5	19
  56.5	23.5
  57.5	27
  58.5	27
  59.5	27
  60.5	19.5
  61.5	27
  62.5	17.5
  63.5	25
  64.5	19.5
  65.5	15.5
  66.5	19
  67.5	22.5
  68.5	23.5
  69.5	25
  70.5	24.25
  71.5	25
  72.5	19
  73.5	23
  74.5	19
  75.5	22
  76.5	15.25
  77.5	25.7
  78.5	22
  79.5	17
  80.5	18
  81.5	24
  82.5	24.5
  83.5	20.0833
  84.5	33
  85.5	20.5
  86.5	25
  87.5	33
  88.5	22.75
  89.5	24
  90.5	28
  91.5	22
  92.5	11
  93.5	25
  94.5	21
  95.5	23.3333
  96.5	28
  97.5	16
  98.5	16
  99.5	24
 100.5	16
 101.5	20
 102.5	15
 103.5	24.5
 104.5	23
 105.5	28
 106.5	13.5
 107.5	20
 108.5	22.5
 109.5	32
DB 2 MOTIF	KLF14_HUMAN.H11MO.0.D
-108.5	32
-107.5	37
-106.5	36
-105.5	26.25
-104.5	31
-103.5	36
-102.5	25.5
-101.5	34.5
-100.5	30
 -99.5	31.5
 -98.5	29.5
 -97.5	42
 -96.5	36
 -95.5	28
 -94.5	32.5
 -93.5	28
 -92.5	38.5
 -91.5	30
 -90.5	23
 -89.5	42
 -88.5	25
 -87.5	35
 -86.5	33
 -85.5	34
 -84.5	40
 -83.5	27.25
 -82.5	27
 -81.5	33.2
 -80.5	26.5
 -79.5	39
 -78.5	25
 -77.5	27
 -76.5	21.5
 -75.5	34.5
 -74.5	31
 -73.5	40
 -72.5	30
 -71.5	35.3333
 -70.5	31
 -69.5	29
 -68.5	37
 -67.5	38
 -66.5	36
 -65.5	36.3333
 -64.5	28
 -63.5	21
 -62.5	28
 -61.5	29.25
 -60.5	30
 -59.5	38.3333
 -58.5	42
 -57.5	28
 -56.5	43
 -55.5	27
 -54.5	34
 -53.5	25
 -52.5	35
 -51.5	25
 -50.5	32
 -49.5	21
 -48.5	30
 -47.5	26
 -46.5	34
 -45.5	23.5
 -44.5	36
 -43.5	18
 -42.5	31
 -41.5	34.2
 -40.5	34
 -39.5	23.25
 -38.5	23
 -37.5	27
 -36.5	25
 -35.5	28
 -34.5	21
 -33.5	25
 -32.5	27
 -31.5	30
 -30.5	21
 -29.5	36
 -28.5	25
 -27.5	30
 -26.5	32
 -25.5	23
 -24.5	23
 -23.5	23
 -22.5	29
 -21.5	33
 -20.5	38
 -19.5	32
 -18.5	31
 -17.5	30
 -16.5	29
 -15.5	39
 -14.5	36
 -13.5	34
 -12.5	35
 -11.5	44
 -10.5	49
  -9.5	36
  -8.5	43
  -7.5	33
  -6.5	59
  -5.5	57
  -4.5	51
  -3.5	52
  -2.5	43
  -1.5	39.2
  -0.5	41
   0.5	46
   1.5	36
   2.5	36
   3.5	40
   4.5	42
   5.5	42
   6.5	40
   7.5	43.5
   8.5	46
   9.5	40.5
  10.5	53
  11.5	27
  12.5	40
  13.5	29
  14.5	42
  15.5	48
  16.5	37
  17.5	29
  18.5	30
  19.5	31
  20.5	32
  21.5	29
  22.5	23
  23.5	29.5
  24.5	30
  25.5	29
  26.5	29
  27.5	25
  28.5	28
  29.5	36
  30.5	26
  31.5	20
  32.5	36.5
  33.5	25
  34.5	30
  35.5	19
  36.5	30
  37.5	23
  38.5	40.2
  39.5	32
  40.5	19
  41.5	30
  42.5	30
  43.5	35
  44.5	32
  45.5	25
  46.5	33.5
  47.5	34
  48.5	40
  49.5	31
  50.5	33
  51.5	29.5
  52.5	25
  53.5	40.5
  54.5	25
  55.5	37
  56.5	29
  57.5	36.5
  58.5	42
  59.5	38
  60.5	29
  61.5	19.5
  62.5	38
  63.5	32
  64.5	32.8333
  65.5	25.5
  66.5	28
  67.5	29
  68.5	33.5
  69.5	41.75
  70.5	36
  71.5	22.5
  72.5	27
  73.5	25
  74.5	35
  75.5	24.25
  76.5	27
  77.5	29
  78.5	25.7
  79.5	34
  80.5	20
  81.5	26.25
  82.5	24
  83.5	40.8333
  84.5	28
  85.5	31
  86.5	42
  87.5	37.25
  88.5	42.5
  89.5	33
  90.5	31
  91.5	35
  92.5	47
  93.5	25
  94.5	26
  95.5	19
  96.5	26
  97.5	33
  98.5	27
  99.5	31
 100.5	39
 101.5	26
 102.5	33.3333
 103.5	25
 104.5	39
 105.5	25
 106.5	38
 107.5	27
 108.5	34.5
DB 2 MOTIF	KLF3_HUMAN.H11MO.0.B
-105.5	69
-104.5	69.75
-103.5	92
-102.5	76.5
-101.5	77.5
-100.5	79.5
 -99.5	80
 -98.5	74
 -97.5	64
 -96.5	73.5
 -95.5	68
 -94.5	80
 -93.5	81.5
 -92.5	55
 -91.5	65.5
 -90.5	92.5
 -89.5	59
 -88.5	74
 -87.5	66
 -86.5	67.5
 -85.5	81.5
 -84.5	74
 -83.5	73
 -82.5	92.25
 -81.5	71
 -80.5	82.5
 -79.5	61
 -78.5	69.5
 -77.5	74
 -76.5	72
 -75.5	75.5
 -74.5	67
 -73.5	65.5
 -72.5	78
 -71.5	54
 -70.5	63
 -69.5	73
 -68.5	68.5
 -67.5	75
 -66.5	75
 -65.5	88
 -64.5	73
 -63.5	72.5
 -62.5	76
 -61.5	77.25
 -60.5	74.75
 -59.5	90.5
 -58.5	57.5
 -57.5	82.5
 -56.5	74
 -55.5	76.5
 -54.5	74
 -53.5	81
 -52.5	67
 -51.5	77
 -50.5	73.5
 -49.5	74
 -48.5	48
 -47.5	77
 -46.5	78.5
 -45.5	89
 -44.5	73
 -43.5	78
 -42.5	84
 -41.5	66
 -40.5	91.5
 -39.5	69
 -38.5	70.25
 -37.5	58.5
 -36.5	57
 -35.5	64
 -34.5	71.5
 -33.5	62
 -32.5	78.5
 -31.5	72
 -30.5	94.5
 -29.5	78
 -28.5	78
 -27.5	66.5
 -26.5	57
 -25.5	64
 -24.5	60
 -23.5	63
 -22.5	79
 -21.5	68.25
 -20.5	76.5
 -19.5	80
 -18.5	69
 -17.5	76
 -16.5	85.5
 -15.5	77
 -14.5	99
 -13.5	60.5
 -12.5	85
 -11.5	84
 -10.5	89
  -9.5	77
  -8.5	79.5
  -7.5	77.5
  -6.5	105.5
  -5.5	88
  -4.5	85
  -3.5	93.5
  -2.5	83.5
  -1.5	74.25
  -0.5	79.3333
   0.5	84
   1.5	85
   2.5	87
   3.5	77
   4.5	80
   5.5	65
   6.5	89
   7.5	88
   8.5	69.5
   9.5	88
  10.5	88
  11.5	90
  12.5	67
  13.5	80
  14.5	65
  15.5	71
  16.5	93
  17.5	76
  18.5	74
  19.5	72
  20.5	77.5
  21.5	83
  22.5	77
  23.5	67
  24.5	69.5
  25.5	79
  26.5	80
  27.5	63
  28.5	75
  29.5	70
  30.5	70.5
  31.5	58.5
  32.5	60
  33.5	80.3333
  34.5	56.5
  35.5	74
  36.5	62
  37.5	93
  38.5	71
  39.5	73.5
  40.5	71
  41.5	61
  42.5	80
  43.5	76
  44.5	83
  45.5	78.5
  46.5	59
  47.5	77.8333
  48.5	71
  49.5	87
  50.5	66.5
  51.5	85
  52.5	85
  53.5	74.5
  54.5	74.5
  55.5	85.5
  56.5	83
  57.5	79
  58.5	71.75
  59.5	80
  60.5	89.5
  61.5	68.5
  62.5	75.5
  63.5	80
  64.5	73
  65.5	65.3333
  66.5	74
  67.5	92
  68.5	75
  69.5	75
  70.5	89
  71.5	84
  72.5	65
  73.5	70.5
  74.5	65.5
  75.5	67.5
  76.5	77.5
  77.5	84.5
  78.5	66
  79.5	79
  80.5	66
  81.5	70
  82.5	76
  83.5	81
  84.5	71
  85.5	80
  86.5	69
  87.5	70
  88.5	84.5
  89.5	71
  90.5	63
  91.5	85.5
  92.5	81
  93.5	80.5
  94.5	64
  95.5	68.8333
  96.5	52
  97.5	79.3333
  98.5	84.5
  99.5	72
 100.5	72.5
 101.5	72
 102.5	49.5
 103.5	81
 104.5	68
 105.5	73
DB 2 MOTIF	KLF8_HUMAN.H11MO.0.C
-110.5	61.8333
-109.5	47
-108.5	68.5
-107.5	45
-106.5	55.5
-105.5	63
-104.5	55.3333
-103.5	49.5
-102.5	58.5
-101.5	45
-100.5	61
 -99.5	63.75
 -98.5	45.25
 -97.5	61.5
 -96.5	55.75
 -95.5	47.5
 -94.5	52.5
 -93.5	57.25
 -92.5	51.5
 -91.5	49.5
 -90.5	55.3333
 -89.5	63.5
 -88.5	68.1667
 -87.5	63.6667
 -86.5	66
 -85.5	63.5
 -84.5	56.5
 -83.5	56.75
 -82.5	63
 -81.5	50.5
 -80.5	52.5
 -79.5	58.5
 -78.5	47.5
 -77.5	55
 -76.5	56.1667
 -75.5	60.5
 -74.5	53.5
 -73.5	71
 -72.5	57.5
 -71.5	57
 -70.5	63.5
 -69.5	56.5
 -68.5	58
 -67.5	52
 -66.5	78.5
 -65.5	60.75
 -64.5	63.1667
 -63.5	59
 -62.5	68.5
 -61.5	65.5
 -60.5	55
 -59.5	46
 -58.5	69
 -57.5	54
 -56.5	68.5
 -55.5	65.5
 -54.5	67.5
 -53.5	47.25
 -52.5	60.1667
 -51.5	51.8333
 -50.5	50
 -49.5	56
 -48.5	52
 -47.5	38
 -46.5	75
 -45.5	56.5
 -44.5	56
 -43.5	56.75
 -42.5	62
 -41.5	62.3333
 -40.5	53.5
 -39.5	58
 -38.5	57
 -37.5	68.5
 -36.5	40.3333
 -35.5	54.75
 -34.5	60
 -33.5	80.0833
 -32.5	60
 -31.5	76.5
 -30.5	76.3333
 -29.5	65
 -28.5	87
 -27.5	82.5
 -26.5	83.5
 -25.5	86
 -24.5	73
 -23.5	83.5
 -22.5	77.5
 -21.5	97.5
 -20.5	102
 -19.5	105.667
 -18.5	96
 -17.5	94
 -16.5	99.1667
 -15.5	118
 -14.5	113.5
 -13.5	134
 -12.5	123.5
 -11.5	143.5
 -10.5	131
  -9.5	155
  -8.5	142
  -7.5	157.333
  -6.5	184.667
  -5.5	152
  -4.5	162.333
  -3.5	195.833
  -2.5	181
  -1.5	170.5
  -0.5	197
   0.5	183
   1.5	169
   2.5	186.5
   3.5	176.333
   4.5	174
   5.5	176.5
   6.5	177.833
   7.5	191
   8.5	138.5
   9.5	148
  10.5	140
  11.5	128.5
  12.5	146.5
  13.5	132.833
  14.5	101
  15.5	106
  16.5	104
  17.5	112
  18.5	108.5
  19.5	84.5
  20.5	82
  21.5	94.25
  22.5	93.25
  23.5	90
  24.5	79.5
  25.5	73.8333
  26.5	66
  27.5	91
  28.5	78.8333
  29.5	83.25
  30.5	70
  31.5	74.5
  32.5	73
  33.5	61
  34.5	50.8333
  35.5	54.5
  36.5	63.25
  37.5	63
  38.5	55
  39.5	67
  40.5	60.5
  41.5	74.3333
  42.5	58.5
  43.5	47
  44.5	62.8333
  45.5	61.5
  46.5	57.3333
  47.5	69
  48.5	51.5
  49.5	52
  50.5	55
  51.5	52
  52.5	56
  53.5	79.5
  54.5	56.75
  55.5	44.5
  56.5	69.5
  57.5	63.5
  58.5	66
  59.5	56.8333
  60.5	58
  61.5	45
  62.5	54.5
  63.5	51.5
  64.5	53
  65.5	49.5
  66.5	47.5
  67.5	57
  68.5	57.5
  69.5	65
  70.5	68.5
  71.5	51
  72.5	61
  73.5	48
  74.5	59
  75.5	46
  76.5	63
  77.5	66.5
  78.5	61
  79.5	57.3333
  80.5	50.5
  81.5	60.5
  82.5	55.75
  83.5	59.5833
  84.5	44.8333
  85.5	59.3333
  86.5	62.3333
  87.5	59
  88.5	53
  89.5	61.5
  90.5	49
  91.5	52
  92.5	56.75
  93.5	53.5
  94.5	76
  95.5	57.5
  96.5	66.8333
  97.5	60.5
  98.5	63
  99.5	61.1667
 100.5	69
 101.5	55
 102.5	51.5
 103.5	53
 104.5	54
 105.5	47.5
 106.5	53
 107.5	48.5
 108.5	47.5
 109.5	62
 110.5	52
DB 2 MOTIF	KLF9_HUMAN.H11MO.0.C
-107.5	48
-106.5	37
-105.5	36.25
-104.5	46.5
-103.5	42
-102.5	39.5
-101.5	35.5
-100.5	31
 -99.5	28.5
 -98.5	37
 -97.5	36
 -96.5	36
 -95.5	38.5
 -94.5	27
 -93.5	30
 -92.5	40.5
 -91.5	40.6667
 -90.5	32
 -89.5	48
 -88.5	42
 -87.5	37
 -86.5	32
 -85.5	36
 -84.5	34.3333
 -83.5	37.25
 -82.5	50
 -81.5	42
 -80.5	31
 -79.5	40
 -78.5	31
 -77.5	29.3333
 -76.5	30.3333
 -75.5	29
 -74.5	31.5
 -73.5	36
 -72.5	32
 -71.5	42.5
 -70.5	31.3333
 -69.5	38.5
 -68.5	37
 -67.5	48.5
 -66.5	35
 -65.5	43.8333
 -64.5	38.3333
 -63.5	37.5
 -62.5	32
 -61.5	31.25
 -60.5	37
 -59.5	37.5
 -58.5	46
 -57.5	36
 -56.5	50
 -55.5	42
 -54.5	32
 -53.5	26
 -52.5	40
 -51.5	29
 -50.5	49
 -49.5	32
 -48.5	37
 -47.5	35
 -46.5	35
 -45.5	29
 -44.5	41
 -43.5	22
 -42.5	36.5
 -41.5	42
 -40.5	30
 -39.5	35.5833
 -38.5	31
 -37.5	34
 -36.5	22.5
 -35.5	34
 -34.5	30
 -33.5	36
 -32.5	33
 -31.5	36
 -30.5	33.5
 -29.5	44
 -28.5	29
 -27.5	31
 -26.5	26
 -25.5	21.5
 -24.5	25
 -23.5	32
 -22.5	28
 -21.5	30.5
 -20.5	44
 -19.5	32
 -18.5	43
 -17.5	34
 -16.5	25
 -15.5	48
 -14.5	38
 -13.5	37
 -12.5	33
 -11.5	46
 -10.5	37
  -9.5	42
  -8.5	37
  -7.5	35
  -6.5	43.5
  -5.5	54
  -4.5	43
  -3.5	41
  -2.5	42
  -1.5	39
  -0.5	36
   0.5	41
   1.5	38
   2.5	37
   3.5	51
   4.5	35
   5.5	33
   6.5	30
   7.5	41
   8.5	46
   9.5	35
  10.5	39
  11.5	37
  12.5	49
  13.5	31
  14.5	30
  15.5	39
  16.5	34
  17.5	38
  18.5	34
  19.5	34.5
  20.5	37
  21.5	33
  22.5	23
  23.5	28
  24.5	41
  25.5	38
  26.5	35
  27.5	30
  28.5	28
  29.5	38.5
  30.5	32
  31.5	35
  32.5	29.5
  33.5	46
  34.5	31
  35.5	29
  36.5	34
  37.5	36
  38.5	36
  39.5	33.5
  40.5	30
  41.5	35
  42.5	33
  43.5	33
  44.5	39
  45.5	29
  46.5	33
  47.5	38
  48.5	33
  49.5	29
  50.5	35
  51.5	41.5
  52.5	28
  53.5	35.5
  54.5	33
  55.5	36
  56.5	34
  57.5	35
  58.5	43
  59.5	44.5
  60.5	27
  61.5	24.5
  62.5	40
  63.5	31
  64.5	20.3333
  65.5	37
  66.5	34.5
  67.5	30.5
  68.5	37.3333
  69.5	43.3333
  70.5	40
  71.5	38
  72.5	35
  73.5	33.3333
  74.5	46
  75.5	30.3333
  76.5	31
  77.5	26
  78.5	34.3333
  79.5	42
  80.5	29
  81.5	29.3333
  82.5	35
  83.5	42.3333
  84.5	38
  85.5	37
  86.5	38
  87.5	41
  88.5	41
  89.5	40
  90.5	37.5
  91.5	36
  92.5	41
  93.5	27
  94.5	30
  95.5	25
  96.5	32.5
  97.5	29
  98.5	35
  99.5	35
 100.5	40
 101.5	30
 102.5	40.8333
 103.5	31
 104.5	40
 105.5	25
 106.5	47
 107.5	30
DB 2 MOTIF	LYL1_HUMAN.H11MO.0.A
-108.0	116
-107.0	120
-106.0	113
-105.0	145
-104.0	108.5
-103.0	130.5
-102.0	133
-101.0	134.5
-100.0	130
 -99.0	109.5
 -98.0	107.5
 -97.0	111.5
 -96.0	122
 -95.0	143.5
 -94.0	102.833
 -93.0	134
 -92.0	128.5
 -91.0	109
 -90.0	103
 -89.0	136.333
 -88.0	131.5
 -87.0	144.5
 -86.0	117.611
 -85.0	133.5
 -84.0	104.5
 -83.0	116
 -82.0	137
 -81.0	115.111
 -80.0	126.5
 -79.0	130
 -78.0	122.5
 -77.0	117
 -76.0	124.611
 -75.0	120.5
 -74.0	126.5
 -73.0	133
 -72.0	115.5
 -71.0	117.111
 -70.0	147
 -69.0	110
 -68.0	124
 -67.0	136
 -66.0	120.611
 -65.0	130.5
 -64.0	137.5
 -63.0	138.5
 -62.0	145
 -61.0	153.611
 -60.0	141.25
 -59.0	123.5
 -58.0	145.5
 -57.0	139.5
 -56.0	124.611
 -55.0	119.5
 -54.0	142
 -53.0	167.333
 -52.0	135.5
 -51.0	123.111
 -50.0	136
 -49.0	125.5
 -48.0	143
 -47.0	125.5
 -46.0	125.944
 -45.0	132.5
 -44.0	136.5
 -43.0	147
 -42.0	141
 -41.0	160.5
 -40.0	136
 -39.0	136.5
 -38.0	121
 -37.0	140.5
 -36.0	136.167
 -35.0	147.5
 -34.0	154.5
 -33.0	119
 -32.0	159.5
 -31.0	136
 -30.0	149
 -29.0	151
 -28.0	144.5
 -27.0	157
 -26.0	138
 -25.0	156.5
 -24.0	158.5
 -23.0	163
 -22.0	170
 -21.0	168.5
 -20.0	171.75
 -19.0	185.5
 -18.0	183
 -17.0	185.5
 -16.0	197
 -15.0	162
 -14.0	167.5
 -13.0	187.5
 -12.0	180.5
 -11.0	190.75
 -10.0	178
  -9.0	191.833
  -8.0	182.5
  -7.0	203
  -6.0	175
  -5.0	232.5
  -4.0	216
  -3.0	213
  -2.0	204
  -1.0	179.25
   0.0	190.75
   1.0	172.833
   2.0	200
   3.0	190
   4.0	217
   5.0	214.5
   6.0	155.833
   7.0	173
   8.0	165.5
   9.0	168.25
  10.0	172.333
  11.0	172
  12.0	178.5
  13.0	188.5
  14.0	162
  15.0	169.5
  16.0	172
  17.0	202.833
  18.0	190
  19.0	161.25
  20.0	186.5
  21.0	168.5
  22.0	160.5
  23.0	144
  24.0	170.5
  25.0	152
  26.0	136.5
  27.0	153.5
  28.0	133.5
  29.0	172
  30.0	139
  31.0	148
  32.0	126
  33.0	133
  34.0	148
  35.0	137.5
  36.0	166.5
  37.0	156
  38.0	126
  39.0	140.5
  40.0	129
  41.0	153
  42.0	152
  43.0	151.5
  44.0	141
  45.0	146.5
  46.0	144
  47.0	125.5
  48.0	151
  49.0	117.833
  50.0	125.5
  51.0	136
  52.0	117
  53.0	149
  54.0	129.5
  55.0	127.5
  56.0	143
  57.0	140.5
  58.0	134
  59.0	152
  60.0	130.75
  61.0	138
  62.0	119.5
  63.0	109
  64.0	131.5
  65.0	131.5
  66.0	145
  67.0	139.5
  68.0	135
  69.0	132.5
  70.0	113
  71.0	135.5
  72.0	136
  73.0	111.833
  74.0	125
  75.0	142
  76.0	127.5
  77.0	127.5
  78.0	117.5
  79.0	133
  80.0	131.5
  81.0	133
  82.0	120
  83.0	143.5
  84.0	130
  85.0	137
  86.0	126
  87.0	116.333
  88.0	111
  89.0	122
  90.0	138.5
  91.0	139.5
  92.0	117.5
  93.0	116.5
  94.0	111.5
  95.0	116.5
  96.0	133.5
  97.0	122.833
  98.0	112.5
  99.0	118
 100.0	130
 101.0	122
 102.0	113.5
 103.0	130.5
 104.0	126.5
 105.0	113
 106.0	133.5
 107.0	132
 108.0	118
DB 2 MOTIF	MAFA_HUMAN.H11MO.0.D
-104.5	90
-103.5	88
-102.5	93
-101.5	98
-100.5	92
 -99.5	95
 -98.5	76
 -97.5	78.5
 -96.5	85
 -95.5	80
 -94.5	91
 -93.5	93
 -92.5	76
 -91.5	108
 -90.5	86
 -89.5	83
 -88.5	92.5
 -87.5	77
 -86.5	92
 -85.5	87.5
 -84.5	75
 -83.5	93.5
 -82.5	82
 -81.5	91
 -80.5	87
 -79.5	97
 -78.5	85.8333
 -77.5	105
 -76.5	94
 -75.5	88
 -74.5	82
 -73.5	111
 -72.5	89
 -71.5	78.5
 -70.5	88
 -69.5	78
 -68.5	93
 -67.5	79
 -66.5	94.5
 -65.5	82
 -64.5	95.5
 -63.5	111
 -62.5	93.5
 -61.5	83
 -60.5	81
 -59.5	83.5
 -58.5	92
 -57.5	94
 -56.5	96
 -55.5	97
 -54.5	78
 -53.5	110.5
 -52.5	99
 -51.5	87
 -50.5	93
 -49.5	115.5
 -48.5	99
 -47.5	93
 -46.5	90
 -45.5	102
 -44.5	78
 -43.5	103
 -42.5	101
 -41.5	91
 -40.5	108
 -39.5	102
 -38.5	100
 -37.5	108
 -36.5	88
 -35.5	100
 -34.5	81.5
 -33.5	96
 -32.5	106.5
 -31.5	97
 -30.5	95
 -29.5	112
 -28.5	127
 -27.5	84.2
 -26.5	109
 -25.5	111
 -24.5	109.2
 -23.5	116
 -22.5	110.5
 -21.5	112.7
 -20.5	116
 -19.5	128
 -18.5	113.2
 -17.5	115
 -16.5	111
 -15.5	100.533
 -14.5	112
 -13.5	129
 -12.5	120
 -11.5	130
 -10.5	110
  -9.5	109
  -8.5	113
  -7.5	98
  -6.5	87
  -5.5	88
  -4.5	99
  -3.5	90
  -2.5	95
  -1.5	95
  -0.5	89
   0.5	101
   1.5	67
   2.5	110
   3.5	98
   4.5	102.333
   5.5	105
   6.5	113
   7.5	97
   8.5	113
   9.5	117
  10.5	120.5
  11.5	116
  12.5	119
  13.5	112
  14.5	108
  15.5	103
  16.5	122
  17.5	131
  18.5	113
  19.5	111
  20.5	126
  21.5	106
  22.5	108
  23.5	109
  24.5	118.5
  25.5	132
  26.5	106
  27.5	96
  28.5	108.5
  29.5	110.5
  30.5	112
  31.5	96.5
  32.5	104
  33.5	102
  34.5	89.5
  35.5	83
  36.5	89
  37.5	109
  38.5	91.5
  39.5	86
  40.5	81
  41.5	93
  42.5	99
  43.5	110.333
  44.5	87
  45.5	97.5
  46.5	94
  47.5	106.333
  48.5	103.5
  49.5	87
  50.5	95
  51.5	76
  52.5	106
  53.5	98
  54.5	112
  55.5	105
  56.5	79.5
  57.5	96
  58.5	81
  59.5	86.5
  60.5	96
  61.5	93
  62.5	79
  63.5	93
  64.5	88
  65.5	89.5
  66.5	111.5
  67.5	97.5
  68.5	97
  69.5	93
  70.5	78
  71.5	88
  72.5	89
  73.5	70
  74.5	97
  75.5	88
  76.5	66
  77.5	88
  78.5	93
  79.5	99
  80.5	90
  81.5	82
  82.5	88.3333
  83.5	92
  84.5	76
  85.5	86
  86.5	86
  87.5	81
  88.5	70
  89.5	96.5
  90.5	85
  91.5	94
  92.5	88.5
  93.5	85
  94.5	85
  95.5	70
  96.5	104
  97.5	80
  98.5	94.5
  99.5	89
 100.5	76
 101.5	99
 102.5	85.5
 103.5	102
 104.5	99
DB 2 MOTIF	MAFB_HUMAN.H11MO.0.B
-109.5	126
-108.5	114.5
-107.5	138
-106.5	125.5
-105.5	130.5
-104.5	117.5
-103.5	119
-102.5	121.5
-101.5	135.5
-100.5	111.5
 -99.5	122.5
 -98.5	132
 -97.5	134
 -96.5	110
 -95.5	124
 -94.5	125
 -93.5	119
 -92.5	132
 -91.5	106.5
 -90.5	124
 -89.5	109.333
 -88.5	119.5
 -87.5	114.833
 -86.5	127
 -85.5	127.5
 -84.5	102
 -83.5	139
 -82.5	132
 -81.5	103
 -80.5	114
 -79.5	137.5
 -78.5	120
 -77.5	142
 -76.5	134.5
 -75.5	132.5
 -74.5	113
 -73.5	123
 -72.5	122
 -71.5	121.333
 -70.5	138.5
 -69.5	134.5
 -68.5	124.75
 -67.5	120
 -66.5	149.5
 -65.5	110
 -64.5	138.5
 -63.5	127.5
 -62.5	108
 -61.5	128
 -60.5	133.5
 -59.5	125.5
 -58.5	112.5
 -57.5	122
 -56.5	105
 -55.5	124
 -54.5	111
 -53.5	134.5
 -52.5	117
 -51.5	113.5
 -50.5	138.5
 -49.5	114
 -48.5	143.5
 -47.5	152.5
 -46.5	120.5
 -45.5	127.5
 -44.5	126.5
 -43.5	126
 -42.5	127.5
 -41.5	144.5
 -40.5	134
 -39.5	125.833
 -38.5	138
 -37.5	126.5
 -36.5	119.5
 -35.5	116.75
 -34.5	122.5
 -33.5	145
 -32.5	135.5
 -31.5	127
 -30.5	139.5
 -29.5	155.5
 -28.5	151
 -27.5	146.5
 -26.5	153
 -25.5	158.5
 -24.5	153.5
 -23.5	135
 -22.5	146
 -21.5	166.5
 -20.5	135
 -19.5	127.5
 -18.5	151.5
 -17.5	159.5
 -16.5	143
 -15.5	156
 -14.5	157.5
 -13.5	136
 -12.5	123
 -11.5	142.5
 -10.5	150.833
  -9.5	149
  -8.5	164
  -7.5	155
  -6.5	142
  -5.5	142
  -4.5	134.75
  -3.5	110
  -2.5	116
  -1.5	133
  -0.5	127.5
   0.5	139.5
   1.5	127
   2.5	141.5
   3.5	115.5
   4.5	133
   5.5	153.5
   6.5	144
   7.5	154.5
   8.5	116.5
   9.5	136.5
  10.5	117
  11.5	160
  12.5	143.833
  13.5	147.5
  14.5	137.5
  15.5	135
  16.5	124
  17.5	146
  18.5	116
  19.5	130.5
  20.5	138
  21.5	155
  22.5	152
  23.5	129
  24.5	159
  25.5	103
  26.5	139
  27.5	145.5
  28.5	136.25
  29.5	132
  30.5	141.5
  31.5	141
  32.5	137.5
  33.5	145
  34.5	138.333
  35.5	125
  36.5	139.5
  37.5	138
  38.5	138
  39.5	120
  40.5	115.5
  41.5	136
  42.5	128.5
  43.5	123
  44.5	117
  45.5	137
  46.5	124
  47.5	150.5
  48.5	124.5
  49.5	148
  50.5	129.5
  51.5	145
  52.5	109.5
  53.5	153
  54.5	125
  55.5	131
  56.5	134.5
  57.5	123
  58.5	123.5
  59.5	129.5
  60.5	116.5
  61.5	114.5
  62.5	152.5
  63.5	114.5
  64.5	121
  65.5	115
  66.5	116.5
  67.5	125.5
  68.5	128.833
  69.5	122
  70.5	124.5
  71.5	125.5
  72.5	123.5
  73.5	111.5
  74.5	122
  75.5	117.5
  76.5	123
  77.5	125.5
  78.5	131.5
  79.5	138.5
  80.5	97
  81.5	112
  82.5	124.833
  83.5	114
  84.5	119.5
  85.5	125
  86.5	124
  87.5	119.5
  88.5	119.5
  89.5	115.5
  90.5	127
  91.5	114.5
  92.5	113.5
  93.5	113
  94.5	123
  95.5	134
  96.5	121.5
  97.5	146.5
  98.5	116
  99.5	120.5
 100.5	112
 101.5	125.5
 102.5	119.5
 103.5	129
 104.5	124
 105.5	124
 106.5	110.5
 107.5	133
 108.5	136
 109.5	110
DB 2 MOTIF	MAFF_HUMAN.H11MO.1.B
-110.5	113
-109.5	97.5
-108.5	105
-107.5	96
-106.5	112.5
-105.5	119
-104.5	94
-103.5	97.5
-102.5	117
-101.5	107.5
-100.5	111.5
 -99.5	98.5
 -98.5	100
 -97.5	110
 -96.5	106
 -95.5	113
 -94.5	112
 -93.5	83
 -92.5	93.5
 -91.5	113.5
 -90.5	113
 -89.5	118
 -88.5	116.833
 -87.5	108.5
 -86.5	98
 -85.5	97
 -84.5	125
 -83.5	97
 -82.5	103
 -81.5	102
 -80.5	98.5
 -79.5	116.5
 -78.5	103.833
 -77.5	107.5
 -76.5	108.5
 -75.5	108
 -74.5	108.5
 -73.5	98
 -72.5	117.333
 -71.5	118
 -70.5	125
 -69.5	110.5
 -68.5	104.5
 -67.5	129
 -66.5	117
 -65.5	118
 -64.5	101.5
 -63.5	103
 -62.5	121
 -61.5	96
 -60.5	106.5
 -59.5	130
 -58.5	113.25
 -57.5	116.5
 -56.5	119
 -55.5	112
 -54.5	118.5
 -53.5	111
 -52.5	120
 -51.5	126
 -50.5	112
 -49.5	117.5
 -48.5	121.333
 -47.5	128
 -46.5	110
 -45.5	118.5
 -44.5	116
 -43.5	125
 -42.5	113
 -41.5	126
 -40.5	119.5
 -39.5	114.5
 -38.5	124.75
 -37.5	119
 -36.5	107
 -35.5	104.5
 -34.5	105.5
 -33.5	118.5
 -32.5	115
 -31.5	134.5
 -30.5	121
 -29.5	115
 -28.5	107.5
 -27.5	120
 -26.5	138.5
 -25.5	135
 -24.5	134
 -23.5	142.5
 -22.5	143
 -21.5	118
 -20.5	143
 -19.5	141.5
 -18.5	140.5
 -17.5	146.5
 -16.5	129.5
 -15.5	150
 -14.5	147.5
 -13.5	127.333
 -12.5	129
 -11.5	127
 -10.5	118
  -9.5	126.333
  -8.5	127
  -7.5	125
  -6.5	129
  -5.5	140.5
  -4.5	110.5
  -3.5	103.25
  -2.5	89
  -1.5	100
  -0.5	106
   0.5	116.75
   1.5	136.25
   2.5	120
   3.5	126.5
   4.5	127
   5.5	118.5
   6.5	130
   7.5	109
   8.5	117
   9.5	112
  10.5	110.5
  11.5	123.5
  12.5	151.5
  13.5	132
  14.5	132
  15.5	124.5
  16.5	130
  17.5	122.5
  18.5	135
  19.5	121
  20.5	149.5
  21.5	131
  22.5	126.833
  23.5	143.5
  24.5	133.5
  25.5	117
  26.5	120.5
  27.5	118.5
  28.5	138.833
  29.5	128
  30.5	108.5
  31.5	140.5
  32.5	147
  33.5	127.833
  34.5	118.5
  35.5	130.5
  36.5	95.5
  37.5	115.5
  38.5	123
  39.5	103.5
  40.5	117.5
  41.5	118.5
  42.5	110.5
  43.5	106.833
  44.5	130.5
  45.5	105
  46.5	133.5
  47.5	127
  48.5	110
  49.5	100.5
  50.5	124.5
  51.5	99
  52.5	123
  53.5	98
  54.5	122
  55.5	114
  56.5	108.5
  57.5	121.5
  58.5	136.75
  59.5	106
  60.5	101.5
  61.5	114.75
  62.5	93.5
  63.5	117.5
  64.5	110.833
  65.5	121
  66.5	123
  67.5	107.5
  68.5	121
  69.5	104.333
  70.5	114
  71.5	105.5
  72.5	131
  73.5	117
  74.5	110.5
  75.5	104.5
  76.5	112.5
  77.5	132.5
  78.5	91
  79.5	101.5
  80.5	103.5
  81.5	109.833
  82.5	115
  83.5	100.5
  84.5	90
  85.5	111.5
  86.5	105
  87.5	117
  88.5	95.5
  89.5	103.5
  90.5	97
  91.5	109
  92.5	95
  93.5	106
  94.5	118
  95.5	112
  96.5	116.25
  97.5	82.5
  98.5	125
  99.5	105
 100.5	120.833
 101.5	118
 102.5	115.5
 103.5	109.833
 104.5	121.5
 105.5	109
 106.5	111
 107.5	117
 108.5	105
 109.5	111
 110.5	105
DB 2 MOTIF	MAFG_HUMAN.H11MO.1.A
-111.0	116
-110.0	108
-109.0	106
-108.0	115.5
-107.0	105
-106.0	132.5
-105.0	103.25
-104.0	119.5
-103.0	122.5
-102.0	116.5
-101.0	102.5
-100.0	108
 -99.0	98.8333
 -98.0	100.5
 -97.0	116.5
 -96.0	117
 -95.0	110.5
 -94.0	105.5
 -93.0	105.083
 -92.0	118
 -91.0	119.5
 -90.0	120.5
 -89.0	131
 -88.0	125
 -87.0	127
 -86.0	106.5
 -85.0	128
 -84.0	136
 -83.0	111.5
 -82.0	127.5
 -81.0	119.833
 -80.0	112.5
 -79.0	128
 -78.0	126.5
 -77.0	114.5
 -76.0	118
 -75.0	112
 -74.0	141.5
 -73.0	115.393
 -72.0	126.5
 -71.0	125.5
 -70.0	112
 -69.0	129.333
 -68.0	134.5
 -67.0	111
 -66.0	131.167
 -65.0	112.5
 -64.0	94
 -63.0	125.5
 -62.0	118
 -61.0	110
 -60.0	119.5
 -59.0	137.5
 -58.0	126.611
 -57.0	125.5
 -56.0	132
 -55.0	120
 -54.0	112.333
 -53.0	132
 -52.0	134.5
 -51.0	136.5
 -50.0	130.333
 -49.0	136
 -48.0	117.333
 -47.0	124.833
 -46.0	133.643
 -45.0	131.75
 -44.0	121
 -43.0	132
 -42.0	118
 -41.0	129
 -40.0	131.5
 -39.0	128.25
 -38.0	125.611
 -37.0	108.5
 -36.0	113
 -35.0	112.5
 -34.0	118.833
 -33.0	145.5
 -32.0	137.75
 -31.0	137.5
 -30.0	135.5
 -29.0	129.5
 -28.0	117.5
 -27.0	150
 -26.0	119.5
 -25.0	135
 -24.0	148
 -23.0	152.5
 -22.0	148.5
 -21.0	151.5
 -20.0	166.611
 -19.0	157.333
 -18.0	133
 -17.0	150.143
 -16.0	137
 -15.0	145.5
 -14.0	140
 -13.0	154.167
 -12.0	136.5
 -11.0	147
 -10.0	139
  -9.0	150.5
  -8.0	138
  -7.0	164.5
  -6.0	134.5
  -5.0	141
  -4.0	147
  -3.0	144.5
  -2.0	128.333
  -1.0	127.5
   0.0	129.5
   1.0	135.5
   2.0	144.5
   3.0	147.333
   4.0	168.5
   5.0	136.5
   6.0	155
   7.0	137.5
   8.0	131
   9.0	139.5
  10.0	138.833
  11.0	140.5
  12.0	152.143
  13.0	155.111
  14.0	140.75
  15.0	135.083
  16.0	154.5
  17.0	132
  18.0	130.5
  19.0	152.5
  20.0	135.5
  21.0	173
  22.0	129.5
  23.0	153.833
  24.0	127.5
  25.0	131.75
  26.0	152.5
  27.0	126.333
  28.0	133
  29.0	136.25
  30.0	134.611
  31.0	155
  32.0	131
  33.0	135.333
  34.0	149.5
  35.0	135.5
  36.0	134.5
  37.0	124
  38.0	111.833
  39.0	129.5
  40.0	131.5
  41.0	120.643
  42.0	129.5
  43.0	131.833
  44.0	141.5
  45.0	127
  46.0	141.083
  47.0	124
  48.0	124.444
  49.0	120.5
  50.0	144.583
  51.0	119.5
  52.0	132
  53.0	141
  54.0	122.5
  55.0	154.5
  56.0	123.5
  57.0	133
  58.0	135.583
  59.0	125.5
  60.0	106
  61.0	135.5
  62.0	94
  63.0	115.833
  64.0	124.833
  65.0	121.611
  66.0	141
  67.0	118
  68.0	133.976
  69.0	115.333
  70.0	119.5
  71.0	126
  72.0	128.833
  73.0	113.5
  74.0	102.5
  75.0	118
  76.0	121.75
  77.0	126.667
  78.0	131.083
  79.0	114.111
  80.0	110.333
  81.0	123.833
  82.0	112.5
  83.0	128
  84.0	117.5
  85.0	95.3333
  86.0	108.5
  87.0	125
  88.0	109
  89.0	111.5
  90.0	121.25
  91.0	109.5
  92.0	122.5
  93.0	117.833
  94.0	107.5
  95.0	130.476
  96.0	128.75
  97.0	136.111
  98.0	102.333
  99.0	137
 100.0	119.5
 101.0	126
 102.0	111
 103.0	121.5
 104.0	141.5
 105.0	116.333
 106.0	113
 107.0	115.5
 108.0	112
 109.0	111
 110.0	123.75
 111.0	90
DB 2 MOTIF	MAFK_HUMAN.H11MO.1.A
-108.5	87
-107.5	74
-106.5	89
-105.5	74
-104.5	73
-103.5	73
-102.5	84
-101.5	67
-100.5	75
 -99.5	81
 -98.5	66
 -97.5	82
 -96.5	89.5
 -95.5	91
 -94.5	71
 -93.5	89
 -92.5	72
 -91.5	70
 -90.5	75
 -89.5	86
 -88.5	65.5
 -87.5	92
 -86.5	84.5
 -85.5	67
 -84.5	83.5
 -83.5	70.3333
 -82.5	88
 -81.5	74
 -80.5	91
 -79.5	81.5
 -78.5	85
 -77.5	84
 -76.5	85
 -75.5	73
 -74.5	71
 -73.5	80
 -72.5	89
 -71.5	79
 -70.5	81
 -69.5	78.5
 -68.5	63
 -67.5	75
 -66.5	85.5
 -65.5	91
 -64.5	87
 -63.5	72
 -62.5	84
 -61.5	84
 -60.5	83
 -59.5	75
 -58.5	72
 -57.5	89
 -56.5	80
 -55.5	78
 -54.5	68.5
 -53.5	81
 -52.5	84
 -51.5	78
 -50.5	82
 -49.5	97.5
 -48.5	76.5
 -47.5	89
 -46.5	81.5
 -45.5	76
 -44.5	75
 -43.5	75
 -42.5	88
 -41.5	83
 -40.5	89
 -39.5	70
 -38.5	67
 -37.5	85
 -36.5	81
 -35.5	85
 -34.5	98
 -33.5	88
 -32.5	80
 -31.5	84.5
 -30.5	79.5
 -29.5	98.5
 -28.5	93
 -27.5	110.5
 -26.5	114.5
 -25.5	112.5
 -24.5	92.5
 -23.5	105
 -22.5	97
 -21.5	81
 -20.5	70
 -19.5	87
 -18.5	89
 -17.5	92.5
 -16.5	122
 -15.5	96.5
 -14.5	87
 -13.5	104
 -12.5	80
 -11.5	91.5
 -10.5	104
  -9.5	98
  -8.5	94.5
  -7.5	98
  -6.5	86.5
  -5.5	76
  -4.5	77.3333
  -3.5	82
  -2.5	66
  -1.5	83
  -0.5	73
   0.5	73
   1.5	83.5
   2.5	74
   3.5	76
   4.5	77
   5.5	86
   6.5	99.5
   7.5	73
   8.5	77
   9.5	72
  10.5	80
  11.5	80
  12.5	92
  13.5	98
  14.5	105
  15.5	90.5
  16.5	89
  17.5	82
  18.5	101
  19.5	80
  20.5	76
  21.5	89
  22.5	94.5
  23.5	87.5
  24.5	79
  25.5	86
  26.5	76
  27.5	89
  28.5	91
  29.5	92
  30.5	94
  31.5	75
  32.5	88
  33.5	89.5
  34.5	86
  35.5	92
  36.5	77
  37.5	91
  38.5	81
  39.5	88
  40.5	78
  41.5	80.5
  42.5	76
  43.5	78
  44.5	84
  45.5	95.5
  46.5	96
  47.5	83
  48.5	91.5
  49.5	82
  50.5	93
  51.5	72
  52.5	93
  53.5	71
  54.5	93
  55.5	88
  56.5	83
  57.5	91
  58.5	87.5
  59.5	85
  60.5	94
  61.5	84
  62.5	96
  63.5	84
  64.5	73.5
  65.5	78
  66.5	72
  67.5	79.5
  68.5	83
  69.5	82
  70.5	83
  71.5	80
  72.5	82
  73.5	89
  74.5	86.3333
  75.5	87
  76.5	88
  77.5	74
  78.5	82.5
  79.5	76
  80.5	83.5
  81.5	71.5
  82.5	79.5
  83.5	73
  84.5	69.5
  85.5	70.5
  86.5	70
  87.5	79
  88.5	73
  89.5	82.5
  90.5	76
  91.5	77
  92.5	73
  93.5	79
  94.5	82
  95.5	78
  96.5	93
  97.5	83
  98.5	90.5
  99.5	70
 100.5	84
 101.5	89
 102.5	67
 103.5	78
 104.5	92.5
 105.5	59
 106.5	102
 107.5	69
 108.5	83
DB 2 MOTIF	MAF_HUMAN.H11MO.1.B
-111.0	94
-110.0	91.5
-109.0	104
-108.0	107
-107.0	103
-106.0	84
-105.0	84.25
-104.0	109.5
-103.0	107
-102.0	95
-101.0	78.5
-100.0	106.333
 -99.0	99.8333
 -98.0	104
 -97.0	96
 -96.0	104
 -95.0	99.5
 -94.0	102
 -93.0	90.75
 -92.0	92.5
 -91.0	102
 -90.0	100
 -89.0	93
 -88.0	109
 -87.0	93
 -86.0	92.25
 -85.0	97.5
 -84.0	105.5
 -83.0	83.5333
 -82.0	110
 -81.0	95.5
 -80.0	93
 -79.0	111
 -78.0	115
 -77.0	97
 -76.0	110.5
 -75.0	95.5
 -74.0	121
 -73.0	98.1667
 -72.0	112.5
 -71.0	91.5
 -70.0	100.25
 -69.0	110.333
 -68.0	118.5
 -67.0	95.7
 -66.0	126.333
 -65.0	83
 -64.0	88.5
 -63.0	106
 -62.0	90.8333
 -61.0	108.5
 -60.0	97
 -59.0	123
 -58.0	101.5
 -57.0	108.833
 -56.0	106.5
 -55.0	104.5
 -54.0	100.5
 -53.0	121
 -52.0	115.5
 -51.0	111.5
 -50.0	111
 -49.0	105
 -48.0	106.5
 -47.0	107.833
 -46.0	114
 -45.0	115.75
 -44.0	108.5
 -43.0	121
 -42.0	110
 -41.0	105.5
 -40.0	131.5
 -39.0	126.25
 -38.0	94.5
 -37.0	98.25
 -36.0	100.5
 -35.0	113
 -34.0	110.833
 -33.0	117.5
 -32.0	104.75
 -31.0	126.333
 -30.0	107
 -29.0	116.5
 -28.0	109.5
 -27.0	129.5
 -26.0	114.75
 -25.0	129
 -24.0	108.833
 -23.0	134.833
 -22.0	107.5
 -21.0	140.5
 -20.0	141.2
 -19.0	135.833
 -18.0	125.5
 -17.0	135.5
 -16.0	162
 -15.0	129.5
 -14.0	144.5
 -13.0	134
 -12.0	128
 -11.0	132.5
 -10.0	143.5
  -9.0	137.5
  -8.0	136.5
  -7.0	137
  -6.0	130.75
  -5.0	137.5
  -4.0	142.5
  -3.0	140.5
  -2.0	130.5
  -1.0	142.5
   0.0	128.75
   1.0	138
   2.0	142.5
   3.0	125.333
   4.0	144.5
   5.0	139.5
   6.0	133
   7.0	124.5
   8.0	126.333
   9.0	116
  10.0	135
  11.0	166
  12.0	130.5
  13.0	155
  14.0	119
  15.0	131.083
  16.0	118.833
  17.0	126.833
  18.0	124
  19.0	131
  20.0	141.5
  21.0	148.5
  22.0	124
  23.0	118.833
  24.0	127.5
  25.0	111.5
  26.0	119.5
  27.0	107.783
  28.0	107.5
  29.0	120.75
  30.0	128
  31.0	125.5
  32.0	128.5
  33.0	104.167
  34.0	120.5
  35.0	114.75
  36.0	110.5
  37.0	114
  38.0	119.667
  39.0	110.5
  40.0	108.5
  41.0	115.5
  42.0	103.5
  43.0	114.5
  44.0	118
  45.0	111.5
  46.0	131.5
  47.0	91
  48.0	118.833
  49.0	110
  50.0	128
  51.0	108
  52.0	93
  53.0	114.5
  54.0	86.8333
  55.0	115.5
  56.0	110.5
  57.0	104
  58.0	109.25
  59.0	109
  60.0	94.5
  61.0	123
  62.0	101
  63.0	108.5
  64.0	108.5
  65.0	93.5
  66.0	128
  67.0	114
  68.0	93.5
  69.0	89.8333
  70.0	105.5
  71.0	108
  72.0	111.833
  73.0	99.5
  74.0	94.5
  75.0	94.7
  76.0	98.75
  77.0	99.8333
  78.0	103
  79.0	76.5
  80.0	98.8333
  81.0	114.167
  82.0	100
  83.0	99
  84.0	97
  85.0	102.5
  86.0	94.5
  87.0	111.5
  88.0	95
  89.0	101
  90.0	108.25
  91.0	95
  92.0	105.5
  93.0	78.8333
  94.0	111
  95.0	117.5
  96.0	123.5
  97.0	115.5
  98.0	91
  99.0	120
 100.0	106
 101.0	108
 102.0	101
 103.0	98.5
 104.0	106
 105.0	86.8333
 106.0	94
 107.0	109.5
 108.0	110.5
 109.0	96.5
 110.0	95.5
 111.0	91.5
DB 2 MOTIF	MAX_HUMAN.H11MO.0.A
-110.0	71
-109.0	61
-108.0	71
-107.0	67
-106.0	64.3333
-105.0	68
-104.0	64.5
-103.0	64
-102.0	63.5
-101.0	79.5
-100.0	83.5
 -99.0	74
 -98.0	60
 -97.0	60.5
 -96.0	62.5
 -95.0	69
 -94.0	62.5
 -93.0	59
 -92.0	61
 -91.0	69.25
 -90.0	64.5
 -89.0	61
 -88.0	77
 -87.0	59.3333
 -86.0	67
 -85.0	67.5
 -84.0	75.5
 -83.0	81
 -82.0	89
 -81.0	60.5
 -80.0	84.5
 -79.0	64
 -78.0	70
 -77.0	74
 -76.0	67
 -75.0	50.5
 -74.0	58
 -73.0	58.5
 -72.0	88.5
 -71.0	59
 -70.0	71.5
 -69.0	76
 -68.0	64
 -67.0	68
 -66.0	68.5
 -65.0	68
 -64.0	63.8333
 -63.0	81.8333
 -62.0	77.5
 -61.0	81.3333
 -60.0	75.5
 -59.0	62.5
 -58.0	66.5
 -57.0	70
 -56.0	80
 -55.0	62.5
 -54.0	78.5
 -53.0	61.5
 -52.0	68.5
 -51.0	73.5
 -50.0	81.5
 -49.0	82.5
 -48.0	87
 -47.0	60
 -46.0	70
 -45.0	69
 -44.0	72
 -43.0	76.8333
 -42.0	80
 -41.0	73
 -40.0	66
 -39.0	76
 -38.0	75
 -37.0	84.5
 -36.0	84.5
 -35.0	68.8333
 -34.0	84
 -33.0	78
 -32.0	81.5
 -31.0	81.3333
 -30.0	79.5
 -29.0	83
 -28.0	83.5
 -27.0	111
 -26.0	89
 -25.0	106
 -24.0	111.583
 -23.0	95
 -22.0	95.8333
 -21.0	96.5
 -20.0	119
 -19.0	109.5
 -18.0	107.5
 -17.0	100.5
 -16.0	138.5
 -15.0	141
 -14.0	130.333
 -13.0	148
 -12.0	149
 -11.0	150
 -10.0	172.5
  -9.0	184
  -8.0	185
  -7.0	210.5
  -6.0	200
  -5.0	198
  -4.0	214
  -3.0	214.5
  -2.0	243.333
  -1.0	230
   0.0	227.5
   1.0	226
   2.0	232.5
   3.0	222.5
   4.0	194
   5.0	201.5
   6.0	184.5
   7.0	183
   8.0	172.5
   9.0	172
  10.0	170
  11.0	152.5
  12.0	127
  13.0	151
  14.0	135.5
  15.0	138.333
  16.0	137
  17.0	101.333
  18.0	109.5
  19.0	100.833
  20.0	98.5
  21.0	109
  22.0	111
  23.0	116.5
  24.0	84.5
  25.0	102.5
  26.0	78
  27.0	81
  28.0	86.3333
  29.0	93.5
  30.0	78
  31.0	108.5
  32.0	94
  33.0	72.5
  34.0	99
  35.0	99
  36.0	77.8333
  37.0	73
  38.0	70
  39.0	86
  40.0	85.3333
  41.0	74.5
  42.0	83
  43.0	77.5
  44.0	74.25
  45.0	75
  46.0	73
  47.0	74
  48.0	71.5
  49.0	82.5
  50.0	65
  51.0	80.5
  52.0	63.5
  53.0	67.5
  54.0	84
  55.0	62.5
  56.0	63.8333
  57.0	73
  58.0	73.5
  59.0	81.5
  60.0	74.5
  61.0	61.5
  62.0	53
  63.0	63
  64.0	78
  65.0	59.8333
  66.0	74.5
  67.0	82
  68.0	58
  69.0	72
  70.0	77.5
  71.0	72
  72.0	63.5
  73.0	68.5
  74.0	81.5
  75.0	71.5
  76.0	80.5
  77.0	59
  78.0	68.25
  79.0	69
  80.0	81
  81.0	78
  82.0	55
  83.0	67
  84.0	76.5
  85.0	81.5
  86.0	65
  87.0	68
  88.0	55.5
  89.0	59
  90.0	76
  91.0	67.5
  92.0	70
  93.0	73.5
  94.0	59.5
  95.0	88
  96.0	62
  97.0	55
  98.0	63.3333
  99.0	69
 100.0	66
 101.0	68
 102.0	62.5
 103.0	62
 104.0	68
 105.0	73.5
 106.0	57
 107.0	77.5
 108.0	66.5
 109.0	71
 110.0	68.5
DB 2 MOTIF	MAZ_HUMAN.H11MO.1.A
-109.5	80
-108.5	88.8333
-107.5	64
-106.5	72
-105.5	64.5
-104.5	72.75
-103.5	94.8333
-102.5	75.5
-101.5	75.5
-100.5	76.5
 -99.5	75
 -98.5	80.0833
 -97.5	69.5
 -96.5	80
 -95.5	60.5
 -94.5	68.25
 -93.5	83.25
 -92.5	84.8333
 -91.5	64
 -90.5	92.25
 -89.5	83
 -88.5	77
 -87.5	65
 -86.5	65.2833
 -85.5	80.25
 -84.5	76.5
 -83.5	81
 -82.5	85.75
 -81.5	76.5
 -80.5	78.5
 -79.5	60.75
 -78.5	82
 -77.5	75.3333
 -76.5	70.75
 -75.5	75.5
 -74.5	68.3333
 -73.5	65.5
 -72.5	78.6667
 -71.5	56
 -70.5	77.5
 -69.5	85
 -68.5	84.9167
 -67.5	87.3333
 -66.5	74.1667
 -65.5	77
 -64.5	72
 -63.5	76
 -62.5	93.3333
 -61.5	89
 -60.5	76.5833
 -59.5	80.3333
 -58.5	65
 -57.5	77
 -56.5	88.5
 -55.5	81
 -54.5	79
 -53.5	86.5
 -52.5	76
 -51.5	73.5
 -50.5	79.3333
 -49.5	66
 -48.5	75
 -47.5	75
 -46.5	93.95
 -45.5	75
 -44.5	73
 -43.5	72.5
 -42.5	90
 -41.5	75
 -40.5	92.3333
 -39.5	74
 -38.5	78.25
 -37.5	56.5
 -36.5	66
 -35.5	82
 -34.5	86
 -33.5	67
 -32.5	75.75
 -31.5	86.5
 -30.5	74.5
 -29.5	81
 -28.5	68
 -27.5	67.5
 -26.5	73
 -25.5	78.8333
 -24.5	68
 -23.5	83.5
 -22.5	69
 -21.5	78.5
 -20.5	87.5
 -19.5	63
 -18.5	71
 -17.5	78.5
 -16.5	89
 -15.5	78
 -14.5	93
 -13.5	83
 -12.5	68
 -11.5	90.5
 -10.5	85.5
  -9.5	88
  -8.5	83.5
  -7.5	97
  -6.5	117.7
  -5.5	95
  -4.5	100.5
  -3.5	102
  -2.5	108
  -1.5	98.5
  -0.5	94.5
   0.5	101
   1.5	95
   2.5	95
   3.5	92
   4.5	92
   5.5	73
   6.5	86.5
   7.5	92
   8.5	82
   9.5	79.5
  10.5	111
  11.5	99.5
  12.5	92.75
  13.5	97
  14.5	75
  15.5	76
  16.5	91
  17.5	78.75
  18.5	72
  19.5	70.5
  20.5	84
  21.5	73.5
  22.5	80
  23.5	72
  24.5	59
  25.5	78.5
  26.5	79
  27.5	82
  28.5	88
  29.5	82
  30.5	73.5
  31.5	68.5
  32.5	80
  33.5	85.5333
  34.5	72
  35.5	67.8333
  36.5	55
  37.5	73.5
  38.5	79.5
  39.5	78
  40.5	82.8333
  41.5	70.5
  42.5	81.25
  43.5	82.125
  44.5	82
  45.5	91
  46.5	75
  47.5	71.7083
  48.5	87
  49.5	82
  50.5	90.5
  51.5	75
  52.5	86.5
  53.5	73
  54.5	70
  55.5	76
  56.5	82
  57.5	74
  58.5	73.3333
  59.5	76.625
  60.5	66.5
  61.5	73
  62.5	90.5
  63.5	92.125
  64.5	78.5
  65.5	85.8333
  66.5	66.5
  67.5	81.125
  68.5	80.75
  69.5	78
  70.5	73
  71.5	61
  72.5	74
  73.5	78.7
  74.5	71.25
  75.5	94
  76.5	81.3333
  77.5	97.5
  78.5	71.5
  79.5	73.125
  80.5	64.75
  81.5	70.5
  82.5	63.3333
  83.5	91.625
  84.5	73.5
  85.5	82
  86.5	80.25
  87.5	79.2083
  88.5	77
  89.5	70
  90.5	83.5
  91.5	84.5
  92.5	59.5
  93.5	84
  94.5	71.5
  95.5	77
  96.5	72
  97.5	76.3333
  98.5	71
  99.5	79
 100.5	70
 101.5	79
 102.5	58
 103.5	81
 104.5	73.5
 105.5	65
 106.5	89
 107.5	83
 108.5	87
 109.5	72.5
DB 2 MOTIF	MBD2_HUMAN.H11MO.0.B
-109.5	23
-108.5	28.5
-107.5	14.5
-106.5	23
-105.5	19.5
-104.5	26.5
-103.5	18
-102.5	20
-101.5	21
-100.5	20
 -99.5	17
 -98.5	14.5
 -97.5	21.5
 -96.5	18
 -95.5	19
 -94.5	21.8333
 -93.5	22
 -92.5	20.5
 -91.5	19
 -90.5	21
 -89.5	19.5
 -88.5	23.5
 -87.5	13.5
 -86.5	20.8333
 -85.5	22
 -84.5	16.5
 -83.5	18.5
 -82.5	20.5
 -81.5	24.5
 -80.5	19
 -79.5	13
 -78.5	10.5
 -77.5	22
 -76.5	19
 -75.5	19.5
 -74.5	20
 -73.5	14.5
 -72.5	18
 -71.5	24
 -70.5	15
 -69.5	24
 -68.5	22
 -67.5	28
 -66.5	26
 -65.5	19
 -64.5	15
 -63.5	19
 -62.5	27
 -61.5	19.125
 -60.5	22
 -59.5	13
 -58.5	32.5
 -57.5	13
 -56.5	22.5
 -55.5	32
 -54.5	16.5
 -53.5	24.75
 -52.5	16.0833
 -51.5	18.3333
 -50.5	30
 -49.5	20.25
 -48.5	33.25
 -47.5	22
 -46.5	20
 -45.5	33
 -44.5	18.5
 -43.5	29.5
 -42.5	23.5
 -41.5	24.625
 -40.5	23
 -39.5	30
 -38.5	32.5
 -37.5	28
 -36.5	25
 -35.5	22.5
 -34.5	31.5
 -33.5	17
 -32.5	15.5
 -31.5	19.5
 -30.5	21
 -29.5	17.5
 -28.5	24
 -27.5	21.3333
 -26.5	20
 -25.5	18.3333
 -24.5	28
 -23.5	23
 -22.5	21.5
 -21.5	26.125
 -20.5	16.3333
 -19.5	15
 -18.5	14
 -17.5	16.5
 -16.5	24
 -15.5	19
 -14.5	30
 -13.5	25.5
 -12.5	11.5
 -11.5	26.5
 -10.5	28
  -9.5	17.5
  -8.5	18.8333
  -7.5	17.3333
  -6.5	15.8333
  -5.5	19.5
  -4.5	23
  -3.5	26.5
  -2.5	27
  -1.5	28.625
  -0.5	23.5
   0.5	23.5
   1.5	28
   2.5	25
   3.5	11.3333
   4.5	31
   5.5	25.5
   6.5	33.3333
   7.5	34
   8.5	28
   9.5	19
  10.5	24
  11.5	21
  12.5	28
  13.5	12
  14.5	21
  15.5	20
  16.5	16
  17.5	21
  18.5	25
  19.5	18
  20.5	24
  21.5	27
  22.5	16.5
  23.5	20
  24.5	29.5
  25.5	28.5
  26.5	29
  27.5	21
  28.5	30.5
  29.5	18
  30.5	27
  31.5	26
  32.5	24.5
  33.5	22
  34.5	33
  35.5	20.3333
  36.5	26
  37.5	26
  38.5	26.125
  39.5	16
  40.5	21
  41.5	24
  42.5	28.5
  43.5	32.5
  44.5	26.5
  45.5	20.5
  46.5	20
  47.5	29
  48.5	16.5
  49.5	24
  50.5	18.5
  51.5	23.5
  52.5	33.3333
  53.5	24
  54.5	31
  55.5	23.3333
  56.5	22.5
  57.5	24
  58.5	21.125
  59.5	17
  60.5	32
  61.5	16.3333
  62.5	24.5
  63.5	17
  64.5	20.5
  65.5	21
  66.5	23.3333
  67.5	19
  68.5	25.5
  69.5	15
  70.5	19
  71.5	29
  72.5	25
  73.5	16
  74.5	22
  75.5	14.5
  76.5	20.5
  77.5	21
  78.5	22.625
  79.5	16.5
  80.5	15
  81.5	21
  82.5	15.5
  83.5	26.8333
  84.5	19.5
  85.5	21.5
  86.5	13.5
  87.5	20
  88.5	22.5
  89.5	28
  90.5	18
  91.5	23
  92.5	20.5
  93.5	18
  94.5	20.3333
  95.5	14
  96.5	18
  97.5	22.5
  98.5	25.125
  99.5	21.5
 100.5	21.5
 101.5	25.3333
 102.5	23
 103.5	11.5
 104.5	21
 105.5	21.5
 106.5	26.8333
 107.5	18
 108.5	17.5
 109.5	15
DB 2 MOTIF	MEIS1_HUMAN.H11MO.1.B
-110.5	73
-109.5	103.5
-108.5	91
-107.5	102.5
-106.5	113
-105.5	103
-104.5	117
-103.5	113
-102.5	102
-101.5	121.5
-100.5	114.5
 -99.5	108.5
 -98.5	120.5
 -97.5	117.5
 -96.5	101
 -95.5	104.5
 -94.5	107.5
 -93.5	98
 -92.5	110
 -91.5	117.833
 -90.5	113
 -89.5	109.5
 -88.5	109.5
 -87.5	130
 -86.5	108.5
 -85.5	115
 -84.5	138
 -83.5	124.25
 -82.5	117.5
 -81.5	130
 -80.5	114.333
 -79.5	131
 -78.5	107.333
 -77.5	100
 -76.5	123.333
 -75.5	109
 -74.5	105.5
 -73.5	120
 -72.5	96
 -71.5	103
 -70.5	110
 -69.5	113.5
 -68.5	118.5
 -67.5	107.5
 -66.5	107.5
 -65.5	99.5
 -64.5	110.5
 -63.5	117.5
 -62.5	111
 -61.5	128.5
 -60.5	108.333
 -59.5	111
 -58.5	113.5
 -57.5	129
 -56.5	103.833
 -55.5	110
 -54.5	108
 -53.5	132.333
 -52.5	110
 -51.5	123.5
 -50.5	115.5
 -49.5	104
 -48.5	127.5
 -47.5	107
 -46.5	114
 -45.5	121
 -44.5	114.5
 -43.5	124.5
 -42.5	131.5
 -41.5	118
 -40.5	121.5
 -39.5	91
 -38.5	134.5
 -37.5	107
 -36.5	109.5
 -35.5	118.5
 -34.5	124
 -33.5	107
 -32.5	120
 -31.5	105
 -30.5	102.5
 -29.5	132
 -28.5	147.5
 -27.5	134
 -26.5	131
 -25.5	108
 -24.5	132
 -23.5	150.25
 -22.5	124.5
 -21.5	126.5
 -20.5	127
 -19.5	111
 -18.5	136.5
 -17.5	148.5
 -16.5	116.5
 -15.5	151
 -14.5	120
 -13.5	161
 -12.5	141.5
 -11.5	126.5
 -10.5	123
  -9.5	145.5
  -8.5	134
  -7.5	162
  -6.5	154.5
  -5.5	143
  -4.5	140
  -3.5	123
  -2.5	134.5
  -1.5	110.5
  -0.5	128
   0.5	118.5
   1.5	119.5
   2.5	126.5
   3.5	135.5
   4.5	130
   5.5	131.5
   6.5	109.5
   7.5	148.833
   8.5	138
   9.5	118
  10.5	125.5
  11.5	153
  12.5	116.5
  13.5	144.5
  14.5	119.5
  15.5	143
  16.5	134
  17.5	124.5
  18.5	142.5
  19.5	123
  20.5	112
  21.5	128
  22.5	130
  23.5	127
  24.5	129.5
  25.5	128
  26.5	137.5
  27.5	129
  28.5	124.5
  29.5	116
  30.5	111
  31.5	124
  32.5	132.5
  33.5	122
  34.5	114
  35.5	121.5
  36.5	139.25
  37.5	106.5
  38.5	105.5
  39.5	123.5
  40.5	113
  41.5	110
  42.5	118
  43.5	110
  44.5	108.5
  45.5	121
  46.5	123.5
  47.5	117.5
  48.5	115.5
  49.5	130
  50.5	122
  51.5	100
  52.5	113
  53.5	111
  54.5	118.5
  55.5	114.5
  56.5	112.5
  57.5	116
  58.5	117
  59.5	115.5
  60.5	132
  61.5	123.5
  62.5	129.5
  63.5	127
  64.5	106.5
  65.5	94.5
  66.5	98.5
  67.5	125
  68.5	98.3333
  69.5	116
  70.5	104.5
  71.5	100.5
  72.5	135
  73.5	121
  74.5	97
  75.5	120
  76.5	102
  77.5	96
  78.5	117
  79.5	114.5
  80.5	101.5
  81.5	98.5
  82.5	109.5
  83.5	105.5
  84.5	123.5
  85.5	122.5
  86.5	109
  87.5	112
  88.5	130.5
  89.5	112.5
  90.5	116
  91.5	106
  92.5	107
  93.5	106
  94.5	119
  95.5	123.5
  96.5	130
  97.5	112.25
  98.5	109.5
  99.5	112.5
 100.5	126
 101.5	104
 102.5	128.5
 103.5	105.5
 104.5	116
 105.5	114.5
 106.5	94
 107.5	100
 108.5	106
 109.5	122.5
 110.5	102
DB 2 MOTIF	MEIS3_HUMAN.H11MO.0.D
-109.5	52.5
-108.5	69
-107.5	62
-106.5	60.5
-105.5	61
-104.5	60
-103.5	71
-102.5	58
-101.5	63
-100.5	55.5
 -99.5	62
 -98.5	59.5
 -97.5	63
 -96.5	75
 -95.5	61
 -94.5	47
 -93.5	60
 -92.5	73
 -91.5	65
 -90.5	67
 -89.5	75
 -88.5	68
 -87.5	68
 -86.5	74.5
 -85.5	75
 -84.5	72
 -83.5	81
 -82.5	72.25
 -81.5	68.5
 -80.5	68.5
 -79.5	68
 -78.5	49
 -77.5	77
 -76.5	73
 -75.5	60.5
 -74.5	54
 -73.5	68
 -72.5	71
 -71.5	49
 -70.5	63
 -69.5	78
 -68.5	63.5
 -67.5	68.5
 -66.5	45
 -65.5	75
 -64.5	63
 -63.5	74
 -62.5	72
 -61.5	57
 -60.5	68
 -59.5	65
 -58.5	69.5
 -57.5	65.5
 -56.5	73
 -55.5	61
 -54.5	72.3333
 -53.5	67.5
 -52.5	80
 -51.5	65
 -50.5	66
 -49.5	75
 -48.5	56
 -47.5	67
 -46.5	59
 -45.5	71
 -44.5	63.5
 -43.5	72
 -42.5	70
 -41.5	78
 -40.5	68
 -39.5	66.5
 -38.5	54.5
 -37.5	70.5
 -36.5	56
 -35.5	64.5
 -34.5	74.5
 -33.5	63
 -32.5	60
 -31.5	57
 -30.5	63
 -29.5	72
 -28.5	84
 -27.5	69
 -26.5	57
 -25.5	75
 -24.5	97
 -23.5	67.5
 -22.5	71.75
 -21.5	67
 -20.5	85
 -19.5	77
 -18.5	85
 -17.5	79.5
 -16.5	86.5
 -15.5	62
 -14.5	86
 -13.5	71
 -12.5	71
 -11.5	88.5
 -10.5	76
  -9.5	62
  -8.5	86.5
  -7.5	84.5
  -6.5	101
  -5.5	89
  -4.5	73.5
  -3.5	101.5
  -2.5	76
  -1.5	89
  -0.5	73
   0.5	69
   1.5	81
   2.5	83
   3.5	82
   4.5	67.5
   5.5	58
   6.5	74.8333
   7.5	85
   8.5	81.5
   9.5	70
  10.5	78
  11.5	70
  12.5	86
  13.5	81.5
  14.5	75
  15.5	75.5
  16.5	59
  17.5	73.5
  18.5	86
  19.5	70
  20.5	78
  21.5	73
  22.5	67
  23.5	62
  24.5	85.5
  25.5	84
  26.5	70
  27.5	77
  28.5	69
  29.5	76
  30.5	72.5
  31.5	57
  32.5	71
  33.5	82
  34.5	55.5
  35.5	56
  36.5	78.5
  37.5	73.25
  38.5	64
  39.5	69.5
  40.5	55
  41.5	66
  42.5	60
  43.5	67
  44.5	68
  45.5	70
  46.5	57
  47.5	81
  48.5	62.5
  49.5	66
  50.5	70
  51.5	68.5
  52.5	66
  53.5	78
  54.5	52
  55.5	63
  56.5	64
  57.5	58.5
  58.5	70
  59.5	68.5
  60.5	53
  61.5	76
  62.5	72
  63.5	53
  64.5	75
  65.5	74
  66.5	59.5
  67.5	48.3333
  68.5	66
  69.5	62
  70.5	51
  71.5	65.5
  72.5	72
  73.5	67
  74.5	72.5
  75.5	65
  76.5	53.5
  77.5	76
  78.5	65
  79.5	59.5
  80.5	63
  81.5	51
  82.5	64.5
  83.5	98
  84.5	58
  85.5	59
  86.5	72
  87.5	62
  88.5	55
  89.5	68
  90.5	62
  91.5	67
  92.5	53
  93.5	72
  94.5	78.5
  95.5	64
  96.5	82.5
  97.5	63.5
  98.5	59.25
  99.5	64
 100.5	72.5
 101.5	67
 102.5	65
 103.5	77
 104.5	68.5
 105.5	66
 106.5	61
 107.5	59
 108.5	72.5
 109.5	54.5
DB 2 MOTIF	MESP1_HUMAN.H11MO.0.D
-109.5	86
-108.5	118.5
-107.5	101.5
-106.5	123.333
-105.5	99.5
-104.5	88
-103.5	94.5
-102.5	87.1667
-101.5	96.5
-100.5	95
 -99.5	90.75
 -98.5	96.0833
 -97.5	104.5
 -96.5	93.6667
 -95.5	90
 -94.5	91
 -93.5	91.5
 -92.5	109.333
 -91.5	83.5
 -90.5	91.6667
 -89.5	102.5
 -88.5	97.1667
 -87.5	101
 -86.5	78
 -85.5	105.5
 -84.5	100
 -83.5	101
 -82.5	109
 -81.5	87.5
 -80.5	101.5
 -79.5	113
 -78.5	74
 -77.5	107.5
 -76.5	78.1667
 -75.5	94
 -74.5	96
 -73.5	75
 -72.5	106.5
 -71.5	100.75
 -70.5	81
 -69.5	105
 -68.5	90.5
 -67.5	110
 -66.5	114.333
 -65.5	106.5
 -64.5	99.6667
 -63.5	105.833
 -62.5	106
 -61.5	104
 -60.5	91.6667
 -59.5	112.833
 -58.5	94
 -57.5	79.3333
 -56.5	102
 -55.5	98
 -54.5	106.167
 -53.5	92
 -52.5	102.667
 -51.5	107.5
 -50.5	124
 -49.5	86
 -48.5	96.5
 -47.5	89.5
 -46.5	90
 -45.5	120.2
 -44.5	87.5
 -43.5	120.5
 -42.5	109
 -41.5	96.5
 -40.5	112.333
 -39.5	98
 -38.5	125.5
 -37.5	115
 -36.5	101
 -35.5	100
 -34.5	120
 -33.5	118.333
 -32.5	133
 -31.5	103.5
 -30.5	98
 -29.5	123.833
 -28.5	118.167
 -27.5	123
 -26.5	134
 -25.5	131
 -24.5	136.833
 -23.5	119
 -22.5	139.833
 -21.5	134.5
 -20.5	146
 -19.5	150
 -18.5	147.75
 -17.5	166
 -16.5	184.667
 -15.5	205
 -14.5	197
 -13.5	192.5
 -12.5	199
 -11.5	193.5
 -10.5	192
  -9.5	213.5
  -8.5	221
  -7.5	245.5
  -6.5	248
  -5.5	258.5
  -4.5	272.333
  -3.5	264.5
  -2.5	253
  -1.5	273
  -0.5	264.5
   0.5	258.5
   1.5	240
   2.5	271
   3.5	247.833
   4.5	228
   5.5	232.5
   6.5	252
   7.5	253
   8.5	221
   9.5	195
  10.5	206.5
  11.5	206
  12.5	158.7
  13.5	181
  14.5	169.833
  15.5	199.5
  16.5	164.5
  17.5	155.5
  18.5	143
  19.5	146
  20.5	147
  21.5	136.25
  22.5	121.25
  23.5	109
  24.5	144.5
  25.5	112
  26.5	109
  27.5	136.5
  28.5	117
  29.5	130
  30.5	118.5
  31.5	125.5
  32.5	113
  33.5	112.5
  34.5	130.75
  35.5	114
  36.5	102.5
  37.5	103
  38.5	103
  39.5	112.5
  40.5	81
  41.5	127.7
  42.5	101
  43.5	103
  44.5	99.5
  45.5	110.5
  46.5	111
  47.5	96.8333
  48.5	113.5
  49.5	92.8333
  50.5	86.5
  51.5	102.833
  52.5	104.5
  53.5	87
  54.5	115
  55.5	104.5
  56.5	84
  57.5	124.5
  58.5	88
  59.5	100
  60.5	97.5
  61.5	91.5
  62.5	107.333
  63.5	101.5
  64.5	102
  65.5	110.833
  66.5	91.3333
  67.5	101
  68.5	110.7
  69.5	107.5
  70.5	86
  71.5	104
  72.5	89
  73.5	104.5
  74.5	85
  75.5	100.5
  76.5	104
  77.5	101
  78.5	110
  79.5	104
  80.5	104.5
  81.5	100
  82.5	115.75
  83.5	96.5833
  84.5	109.5
  85.5	93
  86.5	79
  87.5	106.25
  88.5	92
  89.5	107.5
  90.5	84
  91.5	78
  92.5	91
  93.5	103
  94.5	95.5
  95.5	95.2
  96.5	101.5
  97.5	102
  98.5	96.5
  99.5	94
 100.5	109
 101.5	88.3333
 102.5	83.5
 103.5	92.5
 104.5	90.5
 105.5	95.5
 106.5	78
 107.5	79.5
 108.5	95.5
 109.5	105
DB 2 MOTIF	MITF_HUMAN.H11MO.0.A
-110.0	45
-109.0	30
-108.0	42
-107.0	44
-106.0	38.3333
-105.0	39
-104.0	38
-103.0	49
-102.0	40
-101.0	29
-100.0	39
 -99.0	41
 -98.0	35
 -97.0	26
 -96.0	31.3333
 -95.0	35
 -94.0	41
 -93.0	46
 -92.0	34
 -91.0	26
 -90.0	31
 -89.0	42
 -88.0	44
 -87.0	27.5
 -86.0	33.5
 -85.0	32
 -84.0	46.5
 -83.0	39
 -82.0	52
 -81.0	30
 -80.0	40
 -79.0	39
 -78.0	30
 -77.0	29
 -76.0	38
 -75.0	29
 -74.0	32
 -73.0	35
 -72.0	43
 -71.0	40
 -70.0	41.5
 -69.0	33
 -68.0	27
 -67.0	30
 -66.0	46
 -65.0	39
 -64.0	32
 -63.0	48.8333
 -62.0	38
 -61.0	34
 -60.0	29
 -59.0	38.5
 -58.0	39
 -57.0	28
 -56.0	34
 -55.0	30
 -54.0	33
 -53.0	31.5
 -52.0	30
 -51.0	48
 -50.0	40
 -49.0	31.5
 -48.0	40
 -47.0	26
 -46.0	39
 -45.0	35.7
 -44.0	34
 -43.0	43.8333
 -42.0	30.5
 -41.0	23.5
 -40.0	35.5
 -39.0	36.5
 -38.0	45.5
 -37.0	43
 -36.0	48
 -35.0	34
 -34.0	44
 -33.0	33
 -32.0	34
 -31.0	36
 -30.0	28.25
 -29.0	34
 -28.0	31
 -27.0	32.5
 -26.0	49
 -25.0	52
 -24.0	46
 -23.0	48.5
 -22.0	45.3333
 -21.0	42
 -20.0	48
 -19.0	38
 -18.0	38.5
 -17.0	37
 -16.0	71
 -15.0	44
 -14.0	37
 -13.0	44.5
 -12.0	56.5
 -11.0	52.8333
 -10.0	64.5
  -9.0	46
  -8.0	65
  -7.0	65
  -6.0	69
  -5.0	68
  -4.0	72
  -3.0	58.5
  -2.0	72
  -1.0	76.5
   0.0	70
   1.0	67.5
   2.0	78
   3.0	60.5
   4.0	48
   5.0	47
   6.0	67.5
   7.0	57
   8.0	59
   9.0	66.75
  10.0	49.3333
  11.0	49
  12.0	57
  13.0	55.2
  14.0	55
  15.0	39
  16.0	48
  17.0	40
  18.0	48
  19.0	50
  20.0	36.5
  21.0	49
  22.0	48.5
  23.0	54
  24.0	43
  25.0	38
  26.0	40
  27.0	60
  28.0	41
  29.0	33.5
  30.0	39.5
  31.0	52
  32.0	47.5
  33.0	36.5
  34.0	33
  35.0	56
  36.0	46.5
  37.0	37
  38.0	31
  39.0	36
  40.0	47
  41.0	32
  42.0	40.7
  43.0	31.5
  44.0	46
  45.0	37
  46.0	33
  47.0	41.3333
  48.0	29.25
  49.0	39.5
  50.0	31
  51.0	39.5
  52.0	36.5
  53.0	30.5
  54.0	37
  55.0	32.5
  56.0	44.5
  57.0	40
  58.0	34.5
  59.0	51.5
  60.0	42
  61.0	37
  62.0	41
  63.0	40.3333
  64.0	38
  65.0	34.5
  66.0	44.5
  67.0	48
  68.0	38
  69.0	33.2
  70.0	41
  71.0	44
  72.0	38
  73.0	36
  74.0	28.5
  75.0	34.5
  76.0	41
  77.0	35
  78.0	43.5
  79.0	33.5
  80.0	27
  81.0	45
  82.0	36
  83.0	38
  84.0	32
  85.0	46
  86.0	44
  87.0	43.75
  88.0	32
  89.0	36.5
  90.0	36
  91.0	29.5
  92.0	47.5
  93.0	44.5
  94.0	41.5
  95.0	45
  96.0	42.2
  97.0	31
  98.0	32
  99.0	40
 100.0	37
 101.0	35
 102.0	46
 103.0	35.5
 104.0	38.5
 105.0	37
 106.0	31.5
 107.0	25.5
 108.0	35
 109.0	52
 110.0	35.5
DB 2 MOTIF	MLXPL_HUMAN.H11MO.0.D
-105.5	17
-104.5	11
-103.5	19
-102.5	13
-101.5	16
-100.5	24
 -99.5	17
 -98.5	20
 -97.5	15
 -96.5	22
 -95.5	21
 -94.5	18
 -93.5	12
 -92.5	10
 -91.5	12.5
 -90.5	15
 -89.5	28
 -88.5	21
 -87.5	12
 -86.5	20
 -85.5	15
 -84.5	19
 -83.5	12
 -82.5	12
 -81.5	9
 -80.5	15
 -79.5	15
 -78.5	23
 -77.5	20
 -76.5	14
 -75.5	8
 -74.5	23
 -73.5	11
 -72.5	20
 -71.5	13
 -70.5	15
 -69.5	17
 -68.5	11
 -67.5	22
 -66.5	18.5
 -65.5	18
 -64.5	18
 -63.5	14
 -62.5	20
 -61.5	10
 -60.5	27
 -59.5	15
 -58.5	14
 -57.5	21
 -56.5	20
 -55.5	20
 -54.5	21
 -53.5	20
 -52.5	21
 -51.5	17
 -50.5	12.5
 -49.5	22
 -48.5	15
 -47.5	20
 -46.5	19
 -45.5	12
 -44.5	18
 -43.5	17
 -42.5	16
 -41.5	20
 -40.5	19
 -39.5	19
 -38.5	6
 -37.5	26
 -36.5	23
 -35.5	26
 -34.5	27
 -33.5	21.5
 -32.5	26
 -31.5	15
 -30.5	28
 -29.5	23
 -28.5	28
 -27.5	26
 -26.5	27
 -25.5	24
 -24.5	23
 -23.5	18
 -22.5	21
 -21.5	18
 -20.5	27
 -19.5	39
 -18.5	39
 -17.5	48
 -16.5	40
 -15.5	30
 -14.5	38
 -13.5	36
 -12.5	37
 -11.5	33
 -10.5	34
  -9.5	58
  -8.5	47
  -7.5	53
  -6.5	45
  -5.5	55
  -4.5	40
  -3.5	50
  -2.5	37
  -1.5	55
  -0.5	52
   0.5	52
   1.5	48
   2.5	48
   3.5	49
   4.5	52
   5.5	44
   6.5	54
   7.5	45
   8.5	44
   9.5	41
  10.5	43
  11.5	40
  12.5	33
  13.5	36
  14.5	46
  15.5	45
  16.5	43
  17.5	38
  18.5	39
  19.5	25
  20.5	24
  21.5	21
  22.5	32
  23.5	14
  24.5	23
  25.5	25
  26.5	24
  27.5	30
  28.5	29
  29.5	22
  30.5	16
  31.5	28
  32.5	21
  33.5	29
  34.5	20
  35.5	25
  36.5	18
  37.5	11.5
  38.5	29
  39.5	17
  40.5	20
  41.5	23
  42.5	21
  43.5	11
  44.5	21
  45.5	20.5
  46.5	18
  47.5	13
  48.5	21
  49.5	17
  50.5	26
  51.5	17
  52.5	29
  53.5	16
  54.5	14
  55.5	21
  56.5	13
  57.5	20
  58.5	18
  59.5	11
  60.5	14
  61.5	15
  62.5	18
  63.5	18
  64.5	13
  65.5	21
  66.5	14
  67.5	11
  68.5	28
  69.5	19
  70.5	16
  71.5	20
  72.5	16
  73.5	18
  74.5	18
  75.5	15
  76.5	24
  77.5	19
  78.5	16
  79.5	22
  80.5	22
  81.5	22
  82.5	24
  83.5	13
  84.5	17
  85.5	18
  86.5	15
  87.5	13
  88.5	16
  89.5	10
  90.5	11
  91.5	17
  92.5	13
  93.5	26
  94.5	9
  95.5	26
  96.5	13
  97.5	18
  98.5	15
  99.5	14
 100.5	24
 101.5	28
 102.5	14
 103.5	12
 104.5	17
 105.5	8
DB 2 MOTIF	MTF1_HUMAN.H11MO.0.C
-106.5	18
-105.5	10
-104.5	13
-103.5	13
-102.5	9
-101.5	23
-100.5	17
 -99.5	13
 -98.5	13
 -97.5	13.5
 -96.5	12.75
 -95.5	17
 -94.5	13
 -93.5	10
 -92.5	17
 -91.5	12
 -90.5	19
 -89.5	14
 -88.5	18
 -87.5	19
 -86.5	15
 -85.5	15
 -84.5	11
 -83.5	10.5
 -82.5	8
 -81.5	16
 -80.5	19
 -79.5	13
 -78.5	14
 -77.5	15
 -76.5	17
 -75.5	10
 -74.5	13
 -73.5	10
 -72.5	11
 -71.5	14
 -70.5	15
 -69.5	12
 -68.5	20
 -67.5	10
 -66.5	11
 -65.5	20
 -64.5	14
 -63.5	14
 -62.5	12
 -61.5	17
 -60.5	18
 -59.5	12
 -58.5	11
 -57.5	10
 -56.5	10
 -55.5	16
 -54.5	9
 -53.5	13
 -52.5	11
 -51.5	15
 -50.5	14
 -49.5	8
 -48.5	16
 -47.5	12.5
 -46.5	11
 -45.5	14
 -44.5	18
 -43.5	15
 -42.5	6
 -41.5	24
 -40.5	10
 -39.5	16
 -38.5	13
 -37.5	12
 -36.5	19
 -35.5	12
 -34.5	16
 -33.5	17.25
 -32.5	9
 -31.5	18
 -30.5	15
 -29.5	18
 -28.5	22
 -27.5	15
 -26.5	13
 -25.5	24
 -24.5	18
 -23.5	18
 -22.5	16
 -21.5	19
 -20.5	20
 -19.5	25
 -18.5	17
 -17.5	21
 -16.5	20
 -15.5	31
 -14.5	20
 -13.5	20
 -12.5	15
 -11.5	15
 -10.5	27
  -9.5	14.5
  -8.5	17
  -7.5	10
  -6.5	19
  -5.5	6
  -4.5	10.5
  -3.5	5
  -2.5	13
  -1.5	15
  -0.5	12.5
   0.5	20
   1.5	14
   2.5	17
   3.5	16
   4.5	22
   5.5	11
   6.5	15
   7.5	21
   8.5	23
   9.5	13
  10.5	17
  11.5	18
  12.5	21
  13.5	16
  14.5	13
  15.5	13
  16.5	15
  17.5	19
  18.5	18
  19.5	19
  20.5	19
  21.5	18
  22.5	14
  23.5	21
  24.5	16
  25.5	18
  26.5	14
  27.5	10
  28.5	9
  29.5	13.25
  30.5	13
  31.5	18
  32.5	19
  33.5	15
  34.5	11
  35.5	10
  36.5	16
  37.5	11
  38.5	11
  39.5	10
  40.5	16.5
  41.5	15
  42.5	10
  43.5	16
  44.5	16
  45.5	14
  46.5	11
  47.5	12
  48.5	16
  49.5	19
  50.5	20
  51.5	19
  52.5	20
  53.5	17
  54.5	16
  55.5	11
  56.5	13
  57.5	13
  58.5	16
  59.5	24
  60.5	10
  61.5	10
  62.5	17
  63.5	15
  64.5	10
  65.5	10
  66.5	18
  67.5	14
  68.5	20
  69.5	9
  70.5	14
  71.5	12.5
  72.5	17
  73.5	13
  74.5	5
  75.5	11
  76.5	13
  77.5	16.5
  78.5	15
  79.5	13
  80.5	12
  81.5	12
  82.5	16
  83.5	10
  84.5	17
  85.5	15
  86.5	11
  87.5	17
  88.5	11
  89.5	19
  90.5	10.5
  91.5	14
  92.5	11.25
  93.5	16
  94.5	12
  95.5	11
  96.5	14
  97.5	8.5
  98.5	17
  99.5	10
 100.5	14
 101.5	20
 102.5	15
 103.5	24
 104.5	19
 105.5	12
 106.5	12
DB 2 MOTIF	MXI1_HUMAN.H11MO.0.A
-107.5	73
-106.5	67
-105.5	71
-104.5	78.5
-103.5	86.5
-102.5	72.5
-101.5	74
-100.5	63
 -99.5	79
 -98.5	59
 -97.5	50
 -96.5	71.5
 -95.5	75
 -94.5	68
 -93.5	75
 -92.5	59
 -91.5	60
 -90.5	84
 -89.5	71
 -88.5	66
 -87.5	63
 -86.5	62
 -85.5	65
 -84.5	76.5
 -83.5	70.5
 -82.5	58.5
 -81.5	79
 -80.5	63.5
 -79.5	60
 -78.5	68.5
 -77.5	63
 -76.5	78
 -75.5	62.5
 -74.5	61
 -73.5	69.5
 -72.5	77
 -71.5	55
 -70.5	75
 -69.5	62.5
 -68.5	65
 -67.5	99
 -66.5	59
 -65.5	60.5
 -64.5	59.5
 -63.5	69
 -62.5	59
 -61.5	74
 -60.5	69.5
 -59.5	67
 -58.5	77.5
 -57.5	79
 -56.5	83
 -55.5	73
 -54.5	70
 -53.5	73.5
 -52.5	71
 -51.5	71
 -50.5	59
 -49.5	83
 -48.5	74
 -47.5	68.5
 -46.5	74
 -45.5	74
 -44.5	75
 -43.5	86
 -42.5	73.5
 -41.5	60.5
 -40.5	84.5
 -39.5	89.5
 -38.5	82.5
 -37.5	72.5
 -36.5	67
 -35.5	82.3333
 -34.5	71.5
 -33.5	85.5
 -32.5	81
 -31.5	90.5
 -30.5	76
 -29.5	89.3333
 -28.5	89
 -27.5	103.5
 -26.5	82.5
 -25.5	77
 -24.5	104.5
 -23.5	88
 -22.5	99.5
 -21.5	106.5
 -20.5	130
 -19.5	104.5
 -18.5	117.5
 -17.5	131.5
 -16.5	135.5
 -15.5	138
 -14.5	142
 -13.5	164
 -12.5	175
 -11.5	174
 -10.5	192
  -9.5	199.5
  -8.5	201.5
  -7.5	217
  -6.5	192.5
  -5.5	221.5
  -4.5	235
  -3.5	244
  -2.5	236.5
  -1.5	221.5
  -0.5	225.5
   0.5	211
   1.5	220.5
   2.5	237
   3.5	231
   4.5	199
   5.5	230.5
   6.5	199
   7.5	190
   8.5	171
   9.5	182.5
  10.5	173
  11.5	175
  12.5	167.833
  13.5	162
  14.5	149.5
  15.5	130.5
  16.5	135.5
  17.5	142.5
  18.5	105.5
  19.5	115
  20.5	118.5
  21.5	105
  22.5	119
  23.5	96.5
  24.5	99
  25.5	95.5
  26.5	104.5
  27.5	90.5
  28.5	65
  29.5	80.3333
  30.5	96.5
  31.5	80.5
  32.5	77
  33.5	80.5
  34.5	81
  35.5	93.5
  36.5	83
  37.5	78
  38.5	71
  39.5	96
  40.5	83
  41.5	75
  42.5	71
  43.5	110
  44.5	76
  45.5	51
  46.5	83
  47.5	73
  48.5	67
  49.5	83
  50.5	75
  51.5	59
  52.5	80.5
  53.5	78
  54.5	77.5
  55.5	67
  56.5	65
  57.5	64
  58.5	63
  59.5	63
  60.5	51.8333
  61.5	89
  62.5	92.5
  63.5	62
  64.5	64
  65.5	57.5
  66.5	70.5
  67.5	78
  68.5	86.5
  69.5	69.5
  70.5	75
  71.5	76
  72.5	53
  73.5	64
  74.5	66
  75.5	70.5
  76.5	60
  77.5	92.5
  78.5	79
  79.5	49.5
  80.5	76.5
  81.5	75
  82.5	62.5
  83.5	61
  84.5	64
  85.5	72
  86.5	64.5
  87.5	70.3333
  88.5	78
  89.5	70
  90.5	56.5
  91.5	64.5
  92.5	51
  93.5	63
  94.5	68
  95.5	73
  96.5	67.5
  97.5	66
  98.5	58
  99.5	64
 100.5	58
 101.5	65
 102.5	84.5
 103.5	86
 104.5	73.5
 105.5	80.5
 106.5	72.5
 107.5	64
DB 2 MOTIF	MXI1_HUMAN.H11MO.1.A
-109.5	80
-108.5	91
-107.5	102
-106.5	80.5
-105.5	90
-104.5	67.5
-103.5	90
-102.5	74
-101.5	81.5
-100.5	80.5
 -99.5	94.8333
 -98.5	88
 -97.5	74
 -96.5	77
 -95.5	70
 -94.5	82
 -93.5	71
 -92.5	98
 -91.5	73.75
 -90.5	84.8333
 -89.5	92
 -88.5	85.5
 -87.5	86
 -86.5	90
 -85.5	69.5
 -84.5	83.5
 -83.5	98
 -82.5	101
 -81.5	77
 -80.5	83.25
 -79.5	85.5
 -78.5	80.5
 -77.5	80
 -76.5	88.5
 -75.5	77
 -74.5	69.5
 -73.5	77.5
 -72.5	97.5
 -71.5	77.75
 -70.5	85
 -69.5	85
 -68.5	71
 -67.5	72
 -66.5	84.5
 -65.5	75
 -64.5	97.8333
 -63.5	85.3333
 -62.5	75.5
 -61.5	88
 -60.5	86
 -59.5	94
 -58.5	80.5
 -57.5	78.5
 -56.5	89
 -55.5	96
 -54.5	81.5
 -53.5	91.5
 -52.5	91
 -51.5	84.5
 -50.5	86.5
 -49.5	76.5
 -48.5	94.5
 -47.5	95.5
 -46.5	85
 -45.5	96.5
 -44.5	72
 -43.5	87
 -42.5	87.5
 -41.5	84.5
 -40.5	93
 -39.5	101
 -38.5	89.3333
 -37.5	92.25
 -36.5	100.5
 -35.5	91
 -34.5	99
 -33.5	101
 -32.5	81
 -31.5	77.8333
 -30.5	107
 -29.5	84
 -28.5	100.5
 -27.5	121
 -26.5	104
 -25.5	116.833
 -24.5	125.75
 -23.5	108.333
 -22.5	112.5
 -21.5	116
 -20.5	114
 -19.5	105
 -18.5	121
 -17.5	132.5
 -16.5	150
 -15.5	119
 -14.5	148.5
 -13.5	148.833
 -12.5	139.5
 -11.5	143.25
 -10.5	140.5
  -9.5	180
  -8.5	183.5
  -7.5	174.25
  -6.5	211
  -5.5	212.5
  -4.5	198.5
  -3.5	188.5
  -2.5	216
  -1.5	204.833
  -0.5	235
   0.5	209
   1.5	208
   2.5	200
   3.5	205.5
   4.5	178.5
   5.5	196
   6.5	185.5
   7.5	181
   8.5	159
   9.5	170.5
  10.5	150
  11.5	137
  12.5	145
  13.5	159
  14.5	137.5
  15.5	131
  16.5	143.333
  17.5	110.5
  18.5	121
  19.5	116
  20.5	111
  21.5	112.5
  22.5	127.5
  23.5	124
  24.5	103.5
  25.5	84.25
  26.5	99.5
  27.5	98
  28.5	112.333
  29.5	98.5
  30.5	106
  31.5	87.5
  32.5	100
  33.5	102.25
  34.5	94
  35.5	105.5
  36.5	105
  37.5	85
  38.5	83
  39.5	97
  40.5	85.3333
  41.5	90.5
  42.5	82
  43.5	118.25
  44.5	98.5
  45.5	92.5
  46.5	77
  47.5	84
  48.5	83.25
  49.5	85.5
  50.5	94.8333
  51.5	82
  52.5	80.5
  53.5	91
  54.5	80.5
  55.5	76.5
  56.5	81.5
  57.5	105
  58.5	100
  59.5	79.5
  60.5	85
  61.5	78.5
  62.5	87
  63.5	79
  64.5	78.8333
  65.5	77
  66.5	101
  67.5	95.8333
  68.5	70.25
  69.5	79.5
  70.5	83
  71.5	107
  72.5	69
  73.5	91.75
  74.5	100
  75.5	84.5
  76.5	77.5
  77.5	94.25
  78.5	84.5
  79.5	89
  80.5	93
  81.5	68
  82.5	85
  83.5	85
  84.5	98
  85.5	88.3333
  86.5	78
  87.5	70
  88.5	71
  89.5	78
  90.5	79.5
  91.5	77.5
  92.5	101.5
  93.5	93
  94.5	99
  95.5	80
  96.5	65.5
  97.5	76.5
  98.5	85
  99.5	95
 100.5	75.5
 101.5	100.5
 102.5	72
 103.5	64.75
 104.5	84
 105.5	70.8333
 106.5	81
 107.5	90.5
 108.5	91.5
 109.5	84.25
DB 2 MOTIF	MYBA_HUMAN.H11MO.0.D
-107.5	57
-106.5	42
-105.5	47
-104.5	43.25
-103.5	50
-102.5	62
-101.5	53
-100.5	45
 -99.5	54
 -98.5	48
 -97.5	58.5
 -96.5	52
 -95.5	44
 -94.5	57
 -93.5	58
 -92.5	62
 -91.5	59
 -90.5	64.5
 -89.5	43
 -88.5	65
 -87.5	53
 -86.5	52.3333
 -85.5	54
 -84.5	51
 -83.5	50
 -82.5	54
 -81.5	46
 -80.5	53
 -79.5	54.3333
 -78.5	52
 -77.5	42
 -76.5	53
 -75.5	54
 -74.5	49
 -73.5	49
 -72.5	44.5
 -71.5	59
 -70.5	40
 -69.5	52
 -68.5	49
 -67.5	50
 -66.5	50.5
 -65.5	32
 -64.5	65.5
 -63.5	58
 -62.5	44
 -61.5	50.5
 -60.5	43
 -59.5	52
 -58.5	59
 -57.5	56
 -56.5	51
 -55.5	51
 -54.5	66
 -53.5	48
 -52.5	53.5
 -51.5	52.5
 -50.5	59
 -49.5	70
 -48.5	61
 -47.5	51
 -46.5	67
 -45.5	58.5
 -44.5	63
 -43.5	58
 -42.5	58
 -41.5	43
 -40.5	48
 -39.5	62
 -38.5	64
 -37.5	59
 -36.5	62
 -35.5	52
 -34.5	59
 -33.5	59.25
 -32.5	61
 -31.5	72
 -30.5	51
 -29.5	54
 -28.5	58
 -27.5	64
 -26.5	77
 -25.5	79.5
 -24.5	71
 -23.5	63.5
 -22.5	63
 -21.5	67
 -20.5	69.5
 -19.5	70
 -18.5	59
 -17.5	76.5
 -16.5	71.3333
 -15.5	65
 -14.5	81.5
 -13.5	70
 -12.5	64.3333
 -11.5	75
 -10.5	72
  -9.5	75
  -8.5	79
  -7.5	85
  -6.5	88
  -5.5	69.5
  -4.5	75
  -3.5	82
  -2.5	54
  -1.5	81.5
  -0.5	63
   0.5	80
   1.5	63.25
   2.5	78.5
   3.5	73
   4.5	61
   5.5	68
   6.5	71
   7.5	77
   8.5	63.5
   9.5	83
  10.5	68
  11.5	73.5
  12.5	74
  13.5	72
  14.5	73
  15.5	90
  16.5	89
  17.5	69
  18.5	76.5
  19.5	63
  20.5	64
  21.5	67
  22.5	80.5
  23.5	82
  24.5	53
  25.5	55
  26.5	73.3333
  27.5	64
  28.5	68
  29.5	63
  30.5	76.5
  31.5	57
  32.5	63
  33.5	48
  34.5	53
  35.5	54
  36.5	53
  37.5	63
  38.5	40.25
  39.5	57
  40.5	60
  41.5	43
  42.5	58
  43.5	72.5
  44.5	45
  45.5	50
  46.5	66.3333
  47.5	45
  48.5	54.5
  49.5	55
  50.5	68.3333
  51.5	60
  52.5	62
  53.5	54
  54.5	51.75
  55.5	54
  56.5	58.25
  57.5	46
  58.5	45.5
  59.5	44
  60.5	57
  61.5	64
  62.5	50
  63.5	65.3333
  64.5	67
  65.5	48
  66.5	51
  67.5	58
  68.5	70.5
  69.5	52
  70.5	52
  71.5	56
  72.5	57
  73.5	50
  74.5	48
  75.5	57
  76.5	47
  77.5	51.5
  78.5	51
  79.5	52
  80.5	51
  81.5	54
  82.5	60
  83.5	51
  84.5	50.3333
  85.5	55
  86.5	54
  87.5	51.5
  88.5	40
  89.5	52
  90.5	60
  91.5	46
  92.5	47
  93.5	41
  94.5	58
  95.5	46
  96.5	46
  97.5	37
  98.5	55
  99.5	50.5
 100.5	48
 101.5	55
 102.5	46
 103.5	51
 104.5	48
 105.5	55.5
 106.5	61.5
 107.5	49.5
DB 2 MOTIF	MYB_HUMAN.H11MO.0.A
-109.0	83
-108.0	113.5
-107.0	87
-106.0	84
-105.0	87
-104.0	93.5
-103.0	99.5
-102.0	81
-101.0	90.5
-100.0	94
 -99.0	85
 -98.0	99.5
 -97.0	76
 -96.0	86.5
 -95.0	93
 -94.0	106
 -93.0	95
 -92.0	109
 -91.0	88
 -90.0	96
 -89.0	97
 -88.0	98.8333
 -87.0	98
 -86.0	86.5
 -85.0	84.5
 -84.0	102.5
 -83.0	96.5
 -82.0	98.5
 -81.0	101
 -80.0	73.5
 -79.0	84
 -78.0	110
 -77.0	115
 -76.0	112
 -75.0	85
 -74.0	91.5
 -73.0	112
 -72.0	93
 -71.0	86
 -70.0	102.5
 -69.0	97.5
 -68.0	94
 -67.0	83
 -66.0	102
 -65.0	103
 -64.0	92.5
 -63.0	114.5
 -62.0	97
 -61.0	76
 -60.0	86.5
 -59.0	92.5
 -58.0	86.5
 -57.0	96.5
 -56.0	109
 -55.0	97
 -54.0	105
 -53.0	98
 -52.0	120
 -51.0	93
 -50.0	97.5
 -49.0	67
 -48.0	111.5
 -47.0	86
 -46.0	80
 -45.0	113
 -44.0	112.5
 -43.0	94.5
 -42.0	106.333
 -41.0	122
 -40.0	111
 -39.0	90
 -38.0	91
 -37.0	104
 -36.0	102
 -35.0	99
 -34.0	104.25
 -33.0	107.5
 -32.0	100.5
 -31.0	101
 -30.0	113
 -29.0	110
 -28.0	96.5
 -27.0	105
 -26.0	119.5
 -25.0	121.5
 -24.0	136
 -23.0	107.5
 -22.0	121.5
 -21.0	126
 -20.0	122
 -19.0	128
 -18.0	137
 -17.0	121
 -16.0	144.5
 -15.0	106
 -14.0	102.333
 -13.0	106.5
 -12.0	142.5
 -11.0	129
 -10.0	118.5
  -9.0	110
  -8.0	93.5
  -7.0	122
  -6.0	140.5
  -5.0	130.5
  -4.0	115.5
  -3.0	132
  -2.0	114.5
  -1.0	124.5
   0.0	125.5
   1.0	124
   2.0	139
   3.0	119
   4.0	131.5
   5.0	127.25
   6.0	119
   7.0	98.5
   8.0	124.5
   9.0	108.5
  10.0	108
  11.0	133
  12.0	96.5
  13.0	96.5
  14.0	149.5
  15.0	121
  16.0	93
  17.0	129.5
  18.0	123
  19.0	127
  20.0	140.5
  21.0	124
  22.0	134.5
  23.0	128
  24.0	110
  25.0	128.5
  26.0	113
  27.0	106.5
  28.0	129
  29.0	123.5
  30.0	103.5
  31.0	106
  32.0	84
  33.0	116
  34.0	103.5
  35.0	100
  36.0	100.5
  37.0	99
  38.0	95
  39.0	86.5
  40.0	92
  41.0	96
  42.0	121
  43.0	94.5
  44.0	92.25
  45.0	117.5
  46.0	98
  47.0	93
  48.0	96.3333
  49.0	105.5
  50.0	92.5
  51.0	96
  52.0	112
  53.0	83
  54.0	92
  55.0	100
  56.0	97
  57.0	95
  58.0	88
  59.0	91.5
  60.0	90
  61.0	97
  62.0	100.333
  63.0	118
  64.0	94
  65.0	110.5
  66.0	106
  67.0	81
  68.0	92
  69.0	102
  70.0	113
  71.0	105
  72.0	107.5
  73.0	114
  74.0	88.5
  75.0	92
  76.0	81
  77.0	96
  78.0	90.5
  79.0	85.5
  80.0	81
  81.0	86
  82.0	110.5
  83.0	90.25
  84.0	100
  85.0	83.5
  86.0	88.5
  87.0	83
  88.0	106
  89.0	98
  90.0	83
  91.0	102
  92.0	79
  93.0	104
  94.0	92
  95.0	92.8333
  96.0	81
  97.0	93
  98.0	79
  99.0	93
 100.0	88
 101.0	81.5
 102.0	97.6667
 103.0	94
 104.0	92.5
 105.0	96
 106.0	96
 107.0	84
 108.0	101.5
 109.0	103.333
DB 2 MOTIF	MYCN_HUMAN.H11MO.0.A
-109.0	60.5
-108.0	49
-107.0	62
-106.0	55.5
-105.0	51
-104.0	52.5
-103.0	71
-102.0	47
-101.0	63
-100.0	67.3333
 -99.0	60.5
 -98.0	57
 -97.0	62.5
 -96.0	40
 -95.0	42
 -94.0	38
 -93.0	54.5
 -92.0	53
 -91.0	55
 -90.0	50
 -89.0	46
 -88.0	48
 -87.0	58
 -86.0	52.5
 -85.0	57.5
 -84.0	57
 -83.0	73.5
 -82.0	56
 -81.0	76.25
 -80.0	52
 -79.0	59
 -78.0	50.5
 -77.0	55
 -76.0	49
 -75.0	53.5
 -74.0	38
 -73.0	59
 -72.0	49
 -71.0	50.5
 -70.0	52
 -69.0	65
 -68.0	47
 -67.0	51
 -66.0	57.5
 -65.0	55
 -64.0	49.5
 -63.0	58
 -62.0	65
 -61.0	61
 -60.0	63
 -59.0	49
 -58.0	53.5
 -57.0	52.5
 -56.0	54
 -55.0	59
 -54.0	39
 -53.0	57
 -52.0	53
 -51.0	47
 -50.0	52
 -49.0	58
 -48.0	45.5
 -47.0	57
 -46.0	49.5
 -45.0	54
 -44.0	67.5
 -43.0	51
 -42.0	59.5
 -41.0	55.5
 -40.0	52.5
 -39.0	49
 -38.0	54.25
 -37.0	63
 -36.0	64
 -35.0	72
 -34.0	63
 -33.0	67.5
 -32.0	51.3333
 -31.0	57
 -30.0	67.5
 -29.0	67
 -28.0	68.5
 -27.0	66
 -26.0	81.0833
 -25.0	82
 -24.0	97.5
 -23.0	80
 -22.0	75.5
 -21.0	86
 -20.0	78
 -19.0	86.5
 -18.0	78
 -17.0	103
 -16.0	90
 -15.0	106
 -14.0	128.5
 -13.0	116
 -12.0	116
 -11.0	125.5
 -10.0	133.5
  -9.0	157.5
  -8.0	162.5
  -7.0	150
  -6.0	167
  -5.0	150
  -4.0	158
  -3.0	166
  -2.0	157
  -1.0	185.333
   0.0	195
   1.0	178
   2.0	170.5
   3.0	175.5
   4.0	168
   5.0	142
   6.0	157.5
   7.0	148
   8.0	150.5
   9.0	145.5
  10.0	143
  11.0	111.25
  12.0	90
  13.0	111
  14.0	135
  15.0	103
  16.0	72.3333
  17.0	99
  18.0	82
  19.0	78.5
  20.0	70
  21.0	68
  22.0	88
  23.0	81.5
  24.0	86
  25.0	50.25
  26.0	71.5
  27.0	68
  28.0	71
  29.0	73.3333
  30.0	74
  31.0	73
  32.0	50
  33.0	73.5
  34.0	73
  35.0	57
  36.0	75
  37.0	67
  38.0	58
  39.0	65
  40.0	69
  41.0	48.8333
  42.0	57
  43.0	64.5
  44.0	58
  45.0	48
  46.0	64.5
  47.0	52
  48.0	57.25
  49.0	49
  50.0	63.3333
  51.0	50
  52.0	48
  53.0	61
  54.0	62
  55.0	53
  56.0	39
  57.0	51
  58.0	63
  59.0	59.5
  60.0	46
  61.0	67
  62.0	47.5
  63.0	54
  64.0	53.3333
  65.0	63
  66.0	66.5
  67.0	59
  68.0	64.5
  69.0	42
  70.0	42.5
  71.0	54
  72.0	57
  73.0	43.25
  74.0	47
  75.0	62.5
  76.0	38
  77.0	63
  78.0	57
  79.0	53.5
  80.0	57
  81.0	60
  82.0	46
  83.0	47.5
  84.0	44
  85.0	67.25
  86.0	43
  87.0	45
  88.0	44
  89.0	55
  90.0	53.5
  91.0	55
  92.0	48.5
  93.0	68
  94.0	75
  95.0	47
  96.0	29
  97.0	52
  98.0	54.5
  99.0	55
 100.0	50
 101.0	58
 102.0	52
 103.0	52
 104.0	61.5
 105.0	41
 106.0	60
 107.0	51.5
 108.0	58
 109.0	46.5
DB 2 MOTIF	MYC_HUMAN.H11MO.0.A
-109.5	60
-108.5	52.5
-107.5	54
-106.5	62.3333
-105.5	57.5
-104.5	48
-103.5	67.5
-102.5	47
-101.5	52.5
-100.5	61.5
 -99.5	68
 -98.5	58.5
 -97.5	48
 -96.5	52
 -95.5	55
 -94.5	46
 -93.5	57.5
 -92.5	58.5
 -91.5	57.25
 -90.5	46.5
 -89.5	67
 -88.5	57
 -87.5	54
 -86.5	60
 -85.5	56.5
 -84.5	53.5
 -83.5	53.5
 -82.5	74
 -81.5	49
 -80.5	64.5
 -79.5	53
 -78.5	57.5
 -77.5	50
 -76.5	49
 -75.5	60
 -74.5	40.5
 -73.5	52.5
 -72.5	55
 -71.5	57
 -70.5	44.5
 -69.5	55.5
 -68.5	66.5
 -67.5	39
 -66.5	60
 -65.5	61.5
 -64.5	47.5
 -63.5	52.5
 -62.5	61
 -61.5	54
 -60.5	59.5
 -59.5	60
 -58.5	43
 -57.5	66.5
 -56.5	43
 -55.5	57
 -54.5	61
 -53.5	69.5
 -52.5	54
 -51.5	45
 -50.5	61
 -49.5	55.5
 -48.5	68.5
 -47.5	59
 -46.5	53
 -45.5	54.5
 -44.5	50.5
 -43.5	55.5
 -42.5	68.5
 -41.5	63.5
 -40.5	56
 -39.5	62.5
 -38.5	55.5
 -37.5	55
 -36.5	68.5
 -35.5	69
 -34.5	66
 -33.5	73
 -32.5	50
 -31.5	64.3333
 -30.5	66
 -29.5	65
 -28.5	70.5
 -27.5	85.3333
 -26.5	58.5
 -25.5	87
 -24.5	100.25
 -23.5	78.5
 -22.5	75.5
 -21.5	79.5
 -20.5	88
 -19.5	88
 -18.5	83
 -17.5	75.5
 -16.5	101
 -15.5	100
 -14.5	119.5
 -13.5	120.5
 -12.5	110.5
 -11.5	114.5
 -10.5	115
  -9.5	143.5
  -8.5	136
  -7.5	156.5
  -6.5	157.5
  -5.5	155.5
  -4.5	144
  -3.5	172.5
  -2.5	169
  -1.5	168.5
  -0.5	171
   0.5	170.5
   1.5	161.5
   2.5	163.5
   3.5	168.5
   4.5	134.5
   5.5	154.5
   6.5	137.5
   7.5	148
   8.5	121
   9.5	144
  10.5	112
  11.5	102
  12.5	106
  13.5	119.5
  14.5	91.5
  15.5	93.5
  16.5	107.333
  17.5	79
  18.5	83.5
  19.5	80
  20.5	74.5
  21.5	75.5
  22.5	75
  23.5	79
  24.5	62.5
  25.5	66
  26.5	66
  27.5	66
  28.5	67
  29.5	66.5
  30.5	73.5
  31.5	72
  32.5	80
  33.5	64
  34.5	66
  35.5	70
  36.5	74
  37.5	58.5
  38.5	54.5
  39.5	79.5
  40.5	55.5
  41.5	57
  42.5	66.5
  43.5	68.25
  44.5	52.5
  45.5	51.5
  46.5	52
  47.5	59
  48.5	56.5
  49.5	65.5
  50.5	58.5
  51.5	42.8333
  52.5	56
  53.5	58
  54.5	50.5
  55.5	49.5
  56.5	54
  57.5	51
  58.5	71.5
  59.5	62
  60.5	52
  61.5	63.5
  62.5	45.5
  63.5	48.5
  64.5	50.3333
  65.5	52
  66.5	72.5
  67.5	70.5
  68.5	44
  69.5	53.5
  70.5	46
  71.5	67.5
  72.5	52
  73.5	56.5
  74.5	74
  75.5	55
  76.5	48
  77.5	60.25
  78.5	49
  79.5	65
  80.5	67.5
  81.5	54.5
  82.5	50.5
  83.5	54
  84.5	54.5
  85.5	61
  86.5	38.5
  87.5	51.5
  88.5	46.5
  89.5	60
  90.5	54
  91.5	56
  92.5	59.5
  93.5	70.5
  94.5	55
  95.5	51
  96.5	37
  97.5	53
  98.5	51.5
  99.5	56
 100.5	47
 101.5	51.5
 102.5	63.5
 103.5	46
 104.5	60.5
 105.5	50
 106.5	64.5
 107.5	47
 108.5	65
 109.5	53.5
DB 2 MOTIF	MYF6_HUMAN.H11MO.0.C
-111.5	47.9167
-110.5	43.75
-109.5	38.1667
-108.5	55.75
-107.5	55
-106.5	44.4167
-105.5	33.5
-104.5	49.5833
-103.5	43.6667
-102.5	51.3333
-101.5	52
-100.5	38.3333
 -99.5	47.3333
 -98.5	55.8333
 -97.5	43.3333
 -96.5	39.5
 -95.5	42.5
 -94.5	43.5
 -93.5	53
 -92.5	56
 -91.5	51.5
 -90.5	54.8333
 -89.5	57.75
 -88.5	54.3333
 -87.5	63.5
 -86.5	48.6667
 -85.5	43.5
 -84.5	46.25
 -83.5	46.9167
 -82.5	58.3333
 -81.5	39.8333
 -80.5	52.3333
 -79.5	44.25
 -78.5	49.25
 -77.5	61.3333
 -76.5	43.2833
 -75.5	48.0333
 -74.5	54.5
 -73.5	49.5
 -72.5	47.6667
 -71.5	52.0833
 -70.5	47.6667
 -69.5	45.3333
 -68.5	45.8333
 -67.5	50.3333
 -66.5	48.4167
 -65.5	52.8333
 -64.5	60.6667
 -63.5	57.3333
 -62.5	49.5
 -61.5	49.3333
 -60.5	44.3333
 -59.5	50.4167
 -58.5	50.3333
 -57.5	58.8333
 -56.5	44.5833
 -55.5	53.5
 -54.5	57.1667
 -53.5	51.8333
 -52.5	56.5
 -51.5	47
 -50.5	64.5
 -49.5	50.6667
 -48.5	52.8333
 -47.5	44.8333
 -46.5	64.9167
 -45.5	53.3333
 -44.5	41
 -43.5	63.45
 -42.5	56
 -41.5	52
 -40.5	42.3333
 -39.5	59.5
 -38.5	56
 -37.5	51.25
 -36.5	73
 -35.5	44.1667
 -34.5	61.3333
 -33.5	47.5
 -32.5	52.5
 -31.5	61.4167
 -30.5	61.0833
 -29.5	54.75
 -28.5	61.3333
 -27.5	72
 -26.5	66.8333
 -25.5	58.5
 -24.5	76.45
 -23.5	61.6667
 -22.5	75.8333
 -21.5	66.3333
 -20.5	76.6667
 -19.5	73.5
 -18.5	76.5833
 -17.5	87.1667
 -16.5	89.5
 -15.5	75
 -14.5	93.1667
 -13.5	104.75
 -12.5	85.75
 -11.5	86.0833
 -10.5	90.6667
  -9.5	97.1667
  -8.5	93.3333
  -7.5	104.2
  -6.5	96.6667
  -5.5	117.5
  -4.5	124.333
  -3.5	101
  -2.5	103.667
  -1.5	116
  -0.5	112.5
   0.5	120.667
   1.5	108.5
   2.5	115.583
   3.5	125.25
   4.5	100.917
   5.5	116.583
   6.5	95.1667
   7.5	97.3333
   8.5	81.75
   9.5	112.167
  10.5	92.4167
  11.5	74.0833
  12.5	85.7
  13.5	87.5
  14.5	75.5333
  15.5	100.833
  16.5	89.8333
  17.5	80.1667
  18.5	75.8333
  19.5	70.6667
  20.5	74.5833
  21.5	68.75
  22.5	87.3333
  23.5	75.5833
  24.5	70.25
  25.5	59.5
  26.5	60.5
  27.5	66.5
  28.5	52.1667
  29.5	52.25
  30.5	70.75
  31.5	61.1667
  32.5	65.5
  33.5	56.5333
  34.5	52.5
  35.5	54.8333
  36.5	66.75
  37.5	64.5
  38.5	60.3333
  39.5	63
  40.5	54.5
  41.5	43.3333
  42.5	53.5833
  43.5	58.95
  44.5	43.8333
  45.5	54.5
  46.5	49.5
  47.5	46.5
  48.5	51.0833
  49.5	54
  50.5	62.5
  51.5	42.3333
  52.5	57.0833
  53.5	53.0833
  54.5	48.8333
  55.5	54.5
  56.5	54.3333
  57.5	53.25
  58.5	53.75
  59.5	49.6667
  60.5	52.1667
  61.5	44.3333
  62.5	50.8333
  63.5	44.75
  64.5	47.5833
  65.5	42
  66.5	54.6667
  67.5	56.3333
  68.5	47.0333
  69.5	45.8333
  70.5	55.7
  71.5	57.6667
  72.5	40.8333
  73.5	44
  74.5	50.8333
  75.5	44.75
  76.5	55.9167
  77.5	47.9167
  78.5	44.25
  79.5	41.75
  80.5	45.4167
  81.5	43.25
  82.5	44.8667
  83.5	52.75
  84.5	50.4167
  85.5	50.1667
  86.5	53
  87.5	41.3667
  88.5	52.3333
  89.5	42.3333
  90.5	58.4167
  91.5	46.4167
  92.5	50.1667
  93.5	45.3333
  94.5	57
  95.5	51.75
  96.5	37.25
  97.5	46.45
  98.5	46.1667
  99.5	40.6667
 100.5	37.5833
 101.5	48.25
 102.5	52.25
 103.5	37.0333
 104.5	45.8333
 105.5	48
 106.5	45.5
 107.5	51
 108.5	27
 109.5	49.3333
 110.5	47.6667
 111.5	60.6667
DB 2 MOTIF	MYOD1_HUMAN.H11MO.0.A
-107.5	44
-106.5	55
-105.5	59
-104.5	70.5
-103.5	57.5
-102.5	63
-101.5	59
-100.5	43
 -99.5	45.5
 -98.5	66
 -97.5	46
 -96.5	62
 -95.5	67
 -94.5	48
 -93.5	65
 -92.5	47
 -91.5	63
 -90.5	65
 -89.5	58
 -88.5	60.5
 -87.5	59.3333
 -86.5	51
 -85.5	66.5
 -84.5	57
 -83.5	54
 -82.5	69
 -81.5	59
 -80.5	60
 -79.5	54
 -78.5	60
 -77.5	63
 -76.5	70
 -75.5	49
 -74.5	70
 -73.5	61
 -72.5	73
 -71.5	66
 -70.5	59
 -69.5	53.5
 -68.5	61
 -67.5	72
 -66.5	57
 -65.5	59
 -64.5	58
 -63.5	68
 -62.5	50
 -61.5	75.3333
 -60.5	79
 -59.5	52
 -58.5	56
 -57.5	72
 -56.5	52
 -55.5	57
 -54.5	59
 -53.5	74
 -52.5	64
 -51.5	63.5
 -50.5	70
 -49.5	67
 -48.5	73
 -47.5	57
 -46.5	58
 -45.5	61
 -44.5	79.5
 -43.5	60.5
 -42.5	62.5
 -41.5	73
 -40.5	68
 -39.5	68.5
 -38.5	54
 -37.5	53
 -36.5	60.5
 -35.5	65.3333
 -34.5	74
 -33.5	81.5
 -32.5	58
 -31.5	86.1429
 -30.5	76
 -29.5	71
 -28.5	76.1429
 -27.5	74
 -26.5	75
 -25.5	83.1429
 -24.5	77
 -23.5	77
 -22.5	80.1429
 -21.5	110
 -20.5	88
 -19.5	80.1429
 -18.5	94
 -17.5	109
 -16.5	99.1429
 -15.5	88
 -14.5	86.5
 -13.5	107.143
 -12.5	109
 -11.5	100
 -10.5	115
  -9.5	121.5
  -8.5	103
  -7.5	97.5
  -6.5	96.5
  -5.5	104
  -4.5	120
  -3.5	102
  -2.5	119
  -1.5	116
  -0.5	128
   0.5	121
   1.5	110
   2.5	110
   3.5	127
   4.5	123
   5.5	103
   6.5	114
   7.5	99.5
   8.5	102
   9.5	115
  10.5	109
  11.5	121.5
  12.5	134
  13.5	99
  14.5	88.5
  15.5	89
  16.5	102
  17.5	75
  18.5	82
  19.5	109
  20.5	94
  21.5	71
  22.5	67
  23.5	88
  24.5	76.25
  25.5	73
  26.5	90
  27.5	86.25
  28.5	72
  29.5	69.5
  30.5	65.25
  31.5	60
  32.5	55
  33.5	60.25
  34.5	66.3333
  35.5	75
  36.5	85
  37.5	68
  38.5	62
  39.5	76
  40.5	78
  41.5	66
  42.5	65
  43.5	63
  44.5	62
  45.5	61
  46.5	71.5
  47.5	58
  48.5	71
  49.5	60.8333
  50.5	78
  51.5	54
  52.5	62.3333
  53.5	65
  54.5	68
  55.5	68.8333
  56.5	75
  57.5	70
  58.5	54
  59.5	46
  60.5	68
  61.5	65.5
  62.5	60
  63.5	66.5
  64.5	61
  65.5	55
  66.5	54.3333
  67.5	68
  68.5	60
  69.5	53
  70.5	77
  71.5	61
  72.5	50
  73.5	58
  74.5	60
  75.5	54
  76.5	56
  77.5	56
  78.5	53.5
  79.5	66
  80.5	58
  81.5	57
  82.5	47
  83.5	59
  84.5	61.5
  85.5	54.5
  86.5	57
  87.5	64
  88.5	57
  89.5	61
  90.5	50.7
  91.5	56
  92.5	58
  93.5	59.2
  94.5	50
  95.5	60
  96.5	54.2
  97.5	56.5
  98.5	56.3333
  99.5	47.7
 100.5	49
 101.5	46
 102.5	60.2
 103.5	59
 104.5	55
 105.5	59
 106.5	55
 107.5	67
DB 2 MOTIF	MYOD1_HUMAN.H11MO.1.A
-109.5	74
-108.5	58
-107.5	77
-106.5	64.5
-105.5	64.5
-104.5	58.5
-103.5	56
-102.5	55.5
-101.5	58.5
-100.5	66.5
 -99.5	56
 -98.5	60
 -97.5	56.5
 -96.5	48.5
 -95.5	57.5
 -94.5	58.5
 -93.5	61.6667
 -92.5	81
 -91.5	55.75
 -90.5	59
 -89.5	64.5
 -88.5	65
 -87.5	81.5
 -86.5	68
 -85.5	53.3333
 -84.5	69.25
 -83.5	63.5
 -82.5	59
 -81.5	59.6667
 -80.5	78
 -79.5	67.5
 -78.5	71.5
 -77.5	69.5
 -76.5	62.5
 -75.5	66.25
 -74.5	62.5
 -73.5	79
 -72.5	57
 -71.5	70
 -70.5	64.5
 -69.5	61.1667
 -68.5	52.5
 -67.5	66
 -66.5	68
 -65.5	63
 -64.5	85
 -63.5	72
 -62.5	60
 -61.5	71
 -60.5	71
 -59.5	84.8333
 -58.5	61
 -57.5	65.6667
 -56.5	84
 -55.5	57.5
 -54.5	72
 -53.5	83.5
 -52.5	48.5
 -51.5	66.5
 -50.5	72
 -49.5	75.5
 -48.5	62.5
 -47.5	56
 -46.5	70
 -45.5	87
 -44.5	74
 -43.5	75.5
 -42.5	67
 -41.5	47
 -40.5	77.5
 -39.5	72
 -38.5	85
 -37.5	89.5
 -36.5	74.5
 -35.5	69
 -34.5	76.5
 -33.5	87.5
 -32.5	92.125
 -31.5	89
 -30.5	66.5
 -29.5	68.125
 -28.5	84.75
 -27.5	93
 -26.5	76.125
 -25.5	90
 -24.5	91.25
 -23.5	100.125
 -22.5	104.5
 -21.5	126.917
 -20.5	88.125
 -19.5	96.5
 -18.5	98.5
 -17.5	140.625
 -16.5	96.5
 -15.5	111
 -14.5	121.125
 -13.5	123.5
 -12.5	109
 -11.5	120.625
 -10.5	111.5
  -9.5	105
  -8.5	130.5
  -7.5	115
  -6.5	105.5
  -5.5	146.5
  -4.5	123.5
  -3.5	120.5
  -2.5	120
  -1.5	129
  -0.5	127.5
   0.5	126
   1.5	123
   2.5	122.5
   3.5	130
   4.5	126
   5.5	120.5
   6.5	120.25
   7.5	125
   8.5	114.5
   9.5	116
  10.5	101
  11.5	104
  12.5	106.5
  13.5	100.5
  14.5	106.5
  15.5	127.5
  16.5	129.5
  17.5	94
  18.5	118.75
  19.5	100
  20.5	105
  21.5	88
  22.5	97.5
  23.5	98.2
  24.5	79.5
  25.5	95.75
  26.5	85.2
  27.5	75
  28.5	75.5
  29.5	68.7
  30.5	86.5
  31.5	79.5
  32.5	81.7
  33.5	64
  34.5	77.5
  35.5	70.7
  36.5	91
  37.5	71.5
  38.5	72.25
  39.5	83
  40.5	70
  41.5	64
  42.5	66
  43.5	67.75
  44.5	82
  45.5	64.5
  46.5	69
  47.5	67.5
  48.5	68.25
  49.5	74
  50.5	81.5
  51.5	61.75
  52.5	76
  53.5	71
  54.5	63
  55.5	58
  56.5	81.5
  57.5	67
  58.5	69
  59.5	70.5
  60.5	64.75
  61.5	66.5
  62.5	74
  63.5	57.25
  64.5	49.75
  65.5	59
  66.5	70.5
  67.5	68.5
  68.5	74.5
  69.5	59.5
  70.5	71.25
  71.5	65
  72.5	63.5
  73.5	49.75
  74.5	68
  75.5	76
  76.5	69
  77.5	66.25
  78.5	66.5
  79.5	66.5
  80.5	61.5
  81.5	58.5
  82.5	59.5
  83.5	75
  84.5	60
  85.5	51
  86.5	54.5
  87.5	54
  88.5	69.5
  89.5	50.5
  90.5	57.5
  91.5	63.5
  92.5	66
  93.5	63
  94.5	59
  95.5	63
  96.5	67.5
  97.5	46.5
  98.5	54
  99.5	72
 100.5	59
 101.5	65
 102.5	63.25
 103.5	49.5
 104.5	57.5
 105.5	64.5
 106.5	67
 107.5	54
 108.5	67
 109.5	56
DB 2 MOTIF	MYOG_HUMAN.H11MO.0.B
-108.5	67
-107.5	72.5
-106.5	57
-105.5	55.3333
-104.5	52.5
-103.5	53.5
-102.5	61
-101.5	62
-100.5	48.5
 -99.5	65
 -98.5	57.5
 -97.5	48
 -96.5	49
 -95.5	52
 -94.5	46
 -93.5	62
 -92.5	62.3333
 -91.5	56
 -90.5	64
 -89.5	56
 -88.5	62
 -87.5	66
 -86.5	58
 -85.5	46
 -84.5	51.3333
 -83.5	50
 -82.5	65
 -81.5	52.5
 -80.5	51.5
 -79.5	66.5
 -78.5	67
 -77.5	49.5
 -76.5	56
 -75.5	73
 -74.5	66.5
 -73.5	56.5
 -72.5	54.5
 -71.5	61.5
 -70.5	57
 -69.5	46.5
 -68.5	50.5
 -67.5	64.5
 -66.5	59.5
 -65.5	53
 -64.5	68
 -63.5	66
 -62.5	51
 -61.5	54
 -60.5	62
 -59.5	51
 -58.5	69.3333
 -57.5	72
 -56.5	60
 -55.5	62
 -54.5	80.5
 -53.5	47
 -52.5	68.5
 -51.5	75
 -50.5	76
 -49.5	57.5
 -48.5	72.5
 -47.5	63
 -46.5	71.5
 -45.5	65
 -44.5	63
 -43.5	74
 -42.5	67.5
 -41.5	71
 -40.5	61
 -39.5	59
 -38.5	68
 -37.5	78.5
 -36.5	74
 -35.5	57.5
 -34.5	70
 -33.5	59
 -32.5	81.3333
 -31.5	71.1429
 -30.5	83.5
 -29.5	72
 -28.5	82.1429
 -27.5	90
 -26.5	73
 -25.5	70.4762
 -24.5	81
 -23.5	98
 -22.5	91.6429
 -21.5	97
 -20.5	106
 -19.5	101.143
 -18.5	104
 -17.5	108.5
 -16.5	113.143
 -15.5	93
 -14.5	110
 -13.5	116.143
 -12.5	107
 -11.5	101.5
 -10.5	116
  -9.5	125
  -8.5	113.5
  -7.5	124
  -6.5	119
  -5.5	121
  -4.5	132
  -3.5	120
  -2.5	129
  -1.5	121.5
  -0.5	136
   0.5	129
   1.5	120
   2.5	124
   3.5	118
   4.5	121
   5.5	136
   6.5	128
   7.5	112
   8.5	111
   9.5	104.5
  10.5	105.5
  11.5	84
  12.5	91.5
  13.5	110
  14.5	123
  15.5	117
  16.5	104.5
  17.5	109.5
  18.5	87.5
  19.5	110
  20.5	85
  21.5	87.5
  22.5	89.5
  23.5	103
  24.5	84.75
  25.5	69.5
  26.5	90
  27.5	76.25
  28.5	50
  29.5	80
  30.5	82.25
  31.5	78
  32.5	69
  33.5	74.25
  34.5	53
  35.5	73
  36.5	64
  37.5	87
  38.5	66
  39.5	77
  40.5	62
  41.5	63
  42.5	68
  43.5	66
  44.5	65
  45.5	72
  46.5	66
  47.5	67
  48.5	59
  49.5	67.25
  50.5	54
  51.5	59
  52.5	64.0833
  53.5	72
  54.5	64
  55.5	60.25
  56.5	61.5
  57.5	64
  58.5	58.75
  59.5	61
  60.5	75
  61.5	61.5
  62.5	56.5
  63.5	56.5
  64.5	68.5
  65.5	50
  66.5	59
  67.5	64
  68.5	61
  69.5	50
  70.5	52
  71.5	67
  72.5	49
  73.5	73.5
  74.5	53.5
  75.5	59
  76.5	59.3333
  77.5	57
  78.5	61
  79.5	52
  80.5	46
  81.5	52
  82.5	66
  83.5	58.5
  84.5	52
  85.5	59
  86.5	46.5
  87.5	44
  88.5	49
  89.5	63.5
  90.5	66
  91.5	57.5
  92.5	52
  93.5	65
  94.5	64
  95.5	56.5
  96.5	56
  97.5	50.5
  98.5	65.5
  99.5	45
 100.5	46.3333
 101.5	60
 102.5	61.5
 103.5	54
 104.5	53.5
 105.5	52.5
 106.5	58
 107.5	52
 108.5	49
DB 2 MOTIF	NANOG_HUMAN.H11MO.1.B
-109.5	111
-108.5	111
-107.5	107.5
-106.5	97
-105.5	103
-104.5	109
-103.5	100
-102.5	103.5
-101.5	114.5
-100.5	101
 -99.5	94
 -98.5	102
 -97.5	106
 -96.5	110
 -95.5	119
 -94.5	93.5
 -93.5	119
 -92.5	113
 -91.5	130
 -90.5	116
 -89.5	105.5
 -88.5	98.5
 -87.5	108.333
 -86.5	121.25
 -85.5	99
 -84.5	109
 -83.5	110.5
 -82.5	104.5
 -81.5	92.5
 -80.5	108
 -79.5	118
 -78.5	88
 -77.5	103.5
 -76.5	102.5
 -75.5	91.5
 -74.5	122.75
 -73.5	102
 -72.5	115.5
 -71.5	94
 -70.5	87.5
 -69.5	106
 -68.5	92.5
 -67.5	91
 -66.5	97
 -65.5	98
 -64.5	95
 -63.5	104
 -62.5	120.5
 -61.5	90.5
 -60.5	83
 -59.5	105
 -58.5	111
 -57.5	98.5
 -56.5	103
 -55.5	84.5
 -54.5	104
 -53.5	106.25
 -52.5	92.5
 -51.5	95.1667
 -50.5	102.333
 -49.5	122.25
 -48.5	102
 -47.5	110.333
 -46.5	104
 -45.5	122.75
 -44.5	103.75
 -43.5	107.333
 -42.5	105
 -41.5	118.25
 -40.5	98.75
 -39.5	113
 -38.5	111
 -37.5	87
 -36.5	96.25
 -35.5	101
 -34.5	105.5
 -33.5	102
 -32.5	103.75
 -31.5	117.5
 -30.5	97.5
 -29.5	96
 -28.5	98
 -27.5	103
 -26.5	113.75
 -25.5	117
 -24.5	96
 -23.5	109.5
 -22.5	118.5
 -21.5	110.5
 -20.5	93
 -19.5	84.3333
 -18.5	101
 -17.5	106.5
 -16.5	118
 -15.5	121.5
 -14.5	131
 -13.5	112
 -12.5	114
 -11.5	101.5
 -10.5	103
  -9.5	124.5
  -8.5	110.333
  -7.5	123.5
  -6.5	140
  -5.5	131
  -4.5	125
  -3.5	122
  -2.5	123.25
  -1.5	132
  -0.5	128
   0.5	144.5
   1.5	132
   2.5	125
   3.5	122.5
   4.5	136
   5.5	121.5
   6.5	117
   7.5	132.5
   8.5	124.5
   9.5	126
  10.5	116.333
  11.5	111
  12.5	98.5
  13.5	131
  14.5	136
  15.5	104
  16.5	126
  17.5	97
  18.5	71.5
  19.5	96.5
  20.5	107.5
  21.5	110.5
  22.5	115
  23.5	105
  24.5	108
  25.5	102
  26.5	95.5
  27.5	94
  28.5	110.5
  29.5	109.5
  30.5	82.5
  31.5	94.5
  32.5	126.5
  33.5	98.4167
  34.5	107.5
  35.5	129.111
  36.5	94
  37.5	101
  38.5	115.5
  39.5	109.111
  40.5	83
  41.5	112
  42.5	95.3333
  43.5	102.111
  44.5	101
  45.5	112.5
  46.5	82.3333
  47.5	123.611
  48.5	94
  49.5	101
  50.5	96
  51.5	123.444
  52.5	104.5
  53.5	96.5
  54.5	111
  55.5	104.444
  56.5	107
  57.5	103
  58.5	92
  59.5	87.2778
  60.5	87
  61.5	111.5
  62.5	96
  63.5	95.4444
  64.5	107.5
  65.5	84
  66.5	116.5
  67.5	99.6111
  68.5	99
  69.5	110.75
  70.5	106.333
  71.5	111.833
  72.5	99
  73.5	107
  74.5	82
  75.5	96.5
  76.5	120
  77.5	94
  78.5	99.5
  79.5	83
  80.5	111
  81.5	114
  82.5	109.5
  83.5	107.5
  84.5	84
  85.5	91
  86.5	112
  87.5	88.25
  88.5	107.5
  89.5	117
  90.5	96.8333
  91.5	100.833
  92.5	105
  93.5	113
  94.5	99.75
  95.5	101
  96.5	111.5
  97.5	92
  98.5	103.333
  99.5	88
 100.5	103
 101.5	94
 102.5	109
 103.5	103
 104.5	116.5
 105.5	103.333
 106.5	110
 107.5	103.5
 108.5	91.5
 109.5	86
DB 2 MOTIF	NDF1_HUMAN.H11MO.0.A
-110.0	68
-109.0	63
-108.0	57
-107.0	66
-106.0	39
-105.0	54.8333
-104.0	55
-103.0	40
-102.0	64
-101.0	42
-100.0	50.5
 -99.0	81.5
 -98.0	51
 -97.0	54.5
 -96.0	45
 -95.0	47
 -94.0	45
 -93.0	53
 -92.0	67.75
 -91.0	63.5
 -90.0	63
 -89.0	58
 -88.0	62.5
 -87.0	52
 -86.0	61
 -85.0	49.5
 -84.0	61.5
 -83.0	48
 -82.0	60
 -81.0	64
 -80.0	53
 -79.0	49
 -78.0	52.5
 -77.0	60
 -76.0	56
 -75.0	60
 -74.0	48.5
 -73.0	49
 -72.0	66
 -71.0	60.5
 -70.0	52
 -69.0	54
 -68.0	59
 -67.0	67
 -66.0	65
 -65.0	54
 -64.0	68
 -63.0	64
 -62.0	45
 -61.0	52
 -60.0	65.5
 -59.0	58
 -58.0	70
 -57.0	66
 -56.0	67
 -55.0	65
 -54.0	63.5
 -53.0	55
 -52.0	65
 -51.0	70
 -50.0	59
 -49.0	72
 -48.0	67.5
 -47.0	53.5
 -46.0	68
 -45.0	66
 -44.0	63
 -43.0	81.5
 -42.0	46
 -41.0	52
 -40.0	77
 -39.0	59
 -38.0	65.5
 -37.0	77.5
 -36.0	62
 -35.0	70.5
 -34.0	70
 -33.0	66
 -32.0	67.3333
 -31.0	58
 -30.0	60
 -29.0	65.5
 -28.0	81
 -27.0	83.5
 -26.0	61
 -25.0	93.25
 -24.0	76
 -23.0	76.5
 -22.0	93
 -21.0	84
 -20.0	83
 -19.0	70
 -18.0	88
 -17.0	99
 -16.0	111.5
 -15.0	101
 -14.0	124
 -13.0	109
 -12.0	116
 -11.0	89.5
 -10.0	113
  -9.0	128.5
  -8.0	142
  -7.0	140.5
  -6.0	160
  -5.0	157.5
  -4.0	136.5
  -3.0	147.5
  -2.0	132
  -1.0	176
   0.0	171.5
   1.0	163
   2.0	148
   3.0	165
   4.0	168.5
   5.0	153
   6.0	137
   7.0	129.5
   8.0	132
   9.0	135.5
  10.0	120
  11.0	113
  12.0	102.5
  13.0	117
  14.0	95
  15.0	103
  16.0	108.333
  17.0	96.5
  18.0	94
  19.0	75.5
  20.0	71
  21.0	80
  22.0	77
  23.0	92
  24.0	79
  25.0	73.5
  26.0	77.5
  27.0	75
  28.0	68
  29.0	48
  30.0	70
  31.0	80
  32.0	76
  33.0	64
  34.0	58
  35.0	59
  36.0	68
  37.0	76
  38.0	74
  39.0	69
  40.0	64
  41.0	57
  42.0	58.5
  43.0	80.25
  44.0	70
  45.0	72
  46.0	48
  47.0	59
  48.0	68
  49.0	64.5
  50.0	83
  51.0	64
  52.0	62
  53.0	57.3333
  54.0	73.5
  55.0	37
  56.0	55.5
  57.0	70
  58.0	55
  59.0	65.5
  60.0	60
  61.0	71
  62.0	55
  63.0	62
  64.0	60.3333
  65.0	63
  66.0	50
  67.0	58
  68.0	63.5
  69.0	39
  70.0	53
  71.0	64.5
  72.0	66
  73.0	51
  74.0	55
  75.0	61
  76.0	40.5
  77.0	56.25
  78.0	67.5
  79.0	47
  80.0	49
  81.0	58
  82.0	47
  83.0	45
  84.0	55
  85.0	61.5
  86.0	60
  87.0	45.5
  88.0	55
  89.0	56.5
  90.0	63.5
  91.0	60.5
  92.0	49
  93.0	47
  94.0	62
  95.0	57
  96.0	58
  97.0	63
  98.0	44
  99.0	53.5
 100.0	53
 101.0	49.3333
 102.0	63
 103.0	57
 104.0	43
 105.0	48.5
 106.0	53
 107.0	49.5
 108.0	45
 109.0	44.5
 110.0	55.5
DB 2 MOTIF	NDF2_HUMAN.H11MO.0.B
-110.5	78
-109.5	88.5
-108.5	79
-107.5	80.5
-106.5	65.5
-105.5	68.1667
-104.5	75.5
-103.5	73.25
-102.5	85
-101.5	65.5
-100.5	72
 -99.5	86
 -98.5	74
 -97.5	70.6667
 -96.5	59.8333
 -95.5	60.3333
 -94.5	80.25
 -93.5	64.5
 -92.5	77.5
 -91.5	74.75
 -90.5	78
 -89.5	74.5
 -88.5	88
 -87.5	79
 -86.5	77.5
 -85.5	84.5
 -84.5	90.5833
 -83.5	71.5
 -82.5	84.5
 -81.5	87
 -80.5	67.5
 -79.5	74.5
 -78.5	78.75
 -77.5	74.5
 -76.5	78.5
 -75.5	79.5
 -74.5	74.5
 -73.5	60.5
 -72.5	74
 -71.5	92.5
 -70.5	81
 -69.5	78.3333
 -68.5	69
 -67.5	81
 -66.5	98.5
 -65.5	78.5
 -64.5	101.833
 -63.5	65.5
 -62.5	79.3333
 -61.5	68.8333
 -60.5	83.6667
 -59.5	73
 -58.5	82.3333
 -57.5	92.6667
 -56.5	81.8333
 -55.5	97
 -54.5	86.3333
 -53.5	80
 -52.5	90
 -51.5	75.5
 -50.5	90.5
 -49.5	89.8333
 -48.5	81.5
 -47.5	100
 -46.5	76.3333
 -45.5	96.5
 -44.5	75
 -43.5	109.583
 -42.5	78.5
 -41.5	85
 -40.5	106
 -39.5	104.5
 -38.5	89.5
 -37.5	76.8333
 -36.5	102
 -35.5	85
 -34.5	97.9444
 -33.5	77.25
 -32.5	99.3333
 -31.5	88.9444
 -30.5	104
 -29.5	89
 -28.5	104.944
 -27.5	132
 -26.5	114
 -25.5	112.694
 -24.5	136.5
 -23.5	120.667
 -22.5	132.444
 -21.5	130.833
 -20.5	120
 -19.5	111.611
 -18.5	125.5
 -17.5	119
 -16.5	162.611
 -15.5	134
 -14.5	167
 -13.5	150.611
 -12.5	166
 -11.5	163.833
 -10.5	166.944
  -9.5	198.5
  -8.5	188.5
  -7.5	201.333
  -6.5	217
  -5.5	222.333
  -4.5	203.5
  -3.5	214.5
  -2.5	236.5
  -1.5	228
  -0.5	254.333
   0.5	257.833
   1.5	220.5
   2.5	250
   3.5	224.5
   4.5	198.5
   5.5	207
   6.5	207
   7.5	183.5
   8.5	197
   9.5	200
  10.5	181
  11.5	148
  12.5	183.5
  13.5	154.167
  14.5	146.5
  15.5	160
  16.5	156.25
  17.5	122.5
  18.5	123.333
  19.5	113
  20.5	116
  21.5	107.167
  22.5	128
  23.5	118.5
  24.5	112.5
  25.5	120.5
  26.5	109.833
  27.5	99.1667
  28.5	89.3333
  29.5	92
  30.5	106.667
  31.5	108.5
  32.5	82
  33.5	83.5
  34.5	79.5
  35.5	97.8333
  36.5	107.917
  37.5	109
  38.5	106.5
  39.5	99.5
  40.5	70.5
  41.5	86
  42.5	87.5
  43.5	99.75
  44.5	91.5
  45.5	84
  46.5	77.2
  47.5	103.833
  48.5	81.5
  49.5	93.2
  50.5	99.6667
  51.5	84
  52.5	80.5333
  53.5	87
  54.5	72.5
  55.5	68.7833
  56.5	88
  57.5	76.3333
  58.5	81.7833
  59.5	72.8333
  60.5	80
  61.5	102.583
  62.5	75
  63.5	95
  64.5	82.5833
  65.5	50.3333
  66.5	82.5
  67.5	78
  68.5	74
  69.5	82
  70.5	80
  71.5	74.5
  72.5	66.5
  73.5	81
  74.5	84.3333
  75.5	73.5
  76.5	84.5
  77.5	74.5
  78.5	73
  79.5	73
  80.5	68.25
  81.5	69
  82.5	82
  83.5	72.5
  84.5	60.5
  85.5	68.5
  86.5	66.1667
  87.5	72.6667
  88.5	74.75
  89.5	76.3333
  90.5	91.5
  91.5	66
  92.5	71.5
  93.5	86
  94.5	82.8333
  95.5	76.5
  96.5	56
  97.5	79.75
  98.5	68
  99.5	67
 100.5	69.8333
 101.5	66
 102.5	70.5
 103.5	85.5
 104.5	62.5
 105.5	70.5
 106.5	75.8333
 107.5	73
 108.5	62.3333
 109.5	72
 110.5	80.5
DB 2 MOTIF	NFE2_HUMAN.H11MO.0.A
-108.5	46
-107.5	34
-106.5	50
-105.5	56
-104.5	41
-103.5	60
-102.5	52
-101.5	47.5
-100.5	58
 -99.5	62
 -98.5	50
 -97.5	55
 -96.5	62
 -95.5	68
 -94.5	51
 -93.5	55
 -92.5	54
 -91.5	53
 -90.5	46
 -89.5	51
 -88.5	53
 -87.5	59
 -86.5	52
 -85.5	46
 -84.5	60
 -83.5	57.3333
 -82.5	51
 -81.5	40.5
 -80.5	48.5
 -79.5	61
 -78.5	49
 -77.5	62
 -76.5	65
 -75.5	49
 -74.5	58
 -73.5	64
 -72.5	49
 -71.5	56.5
 -70.5	55
 -69.5	48
 -68.5	47
 -67.5	49
 -66.5	56
 -65.5	65
 -64.5	56
 -63.5	44
 -62.5	66
 -61.5	51
 -60.5	62
 -59.5	64
 -58.5	50
 -57.5	62
 -56.5	54
 -55.5	55
 -54.5	55
 -53.5	68
 -52.5	62
 -51.5	57
 -50.5	43
 -49.5	67
 -48.5	66
 -47.5	49.5
 -46.5	69
 -45.5	64
 -44.5	60
 -43.5	47
 -42.5	53
 -41.5	64
 -40.5	63
 -39.5	56
 -38.5	59
 -37.5	45
 -36.5	65.3333
 -35.5	50
 -34.5	65
 -33.5	56
 -32.5	61
 -31.5	57.5
 -30.5	59.5
 -29.5	78
 -28.5	73.5
 -27.5	47
 -26.5	65
 -25.5	66
 -24.5	76.5
 -23.5	64
 -22.5	77
 -21.5	63
 -20.5	71.5
 -19.5	78
 -18.5	68
 -17.5	65
 -16.5	69
 -15.5	76.5
 -14.5	68
 -13.5	81
 -12.5	61
 -11.5	65
 -10.5	68
  -9.5	64.5
  -8.5	66
  -7.5	64
  -6.5	52
  -5.5	55
  -4.5	46.3333
  -3.5	53
  -2.5	51.5
  -1.5	60
  -0.5	57
   0.5	65
   1.5	53
   2.5	49.5
   3.5	53
   4.5	60
   5.5	76
   6.5	72
   7.5	40
   8.5	58.5
   9.5	46
  10.5	57
  11.5	59.3333
  12.5	64
  13.5	72
  14.5	73
  15.5	82
  16.5	81
  17.5	62
  18.5	88
  19.5	64
  20.5	48
  21.5	65.5
  22.5	58
  23.5	64
  24.5	63
  25.5	69
  26.5	62
  27.5	54
  28.5	61
  29.5	58
  30.5	63
  31.5	50
  32.5	57
  33.5	60.5
  34.5	66
  35.5	41
  36.5	53
  37.5	55
  38.5	50
  39.5	62
  40.5	52
  41.5	58
  42.5	54
  43.5	51
  44.5	64.5
  45.5	71
  46.5	62
  47.5	64
  48.5	58
  49.5	67
  50.5	71.5
  51.5	58
  52.5	66.5
  53.5	51.5
  54.5	68.5
  55.5	48
  56.5	52.5
  57.5	60
  58.5	52
  59.5	50.3333
  60.5	51
  61.5	64
  62.5	60.5
  63.5	66.5
  64.5	52
  65.5	56
  66.5	52.5
  67.5	57
  68.5	62
  69.5	55
  70.5	58
  71.5	49
  72.5	62
  73.5	50.5
  74.5	45.3333
  75.5	69
  76.5	44
  77.5	46
  78.5	63.5
  79.5	58.5
  80.5	56
  81.5	72
  82.5	49.5
  83.5	45.5
  84.5	63.5
  85.5	56
  86.5	56
  87.5	65
  88.5	51
  89.5	56.5
  90.5	51.5
  91.5	52.5
  92.5	53
  93.5	51
  94.5	52
  95.5	58
  96.5	63
  97.5	66.5
  98.5	75
  99.5	46
 100.5	49
 101.5	65
 102.5	59
 103.5	49
 104.5	64
 105.5	54
 106.5	80
 107.5	55
 108.5	49
DB 2 MOTIF	NFIA_HUMAN.H11MO.0.C
-107.5	109
-106.5	81.5
-105.5	121.25
-104.5	98
-103.5	116
-102.5	110
-101.5	106
-100.5	82
 -99.5	103
 -98.5	96
 -97.5	88
 -96.5	88
 -95.5	119.25
 -94.5	110
 -93.5	86
 -92.5	91.5833
 -91.5	97.3333
 -90.5	111
 -89.5	113
 -88.5	91
 -87.5	95.3333
 -86.5	113.5
 -85.5	99
 -84.5	94.5
 -83.5	101.333
 -82.5	108
 -81.5	86
 -80.5	106
 -79.5	91
 -78.5	91
 -77.5	96
 -76.5	99
 -75.5	116
 -74.5	99.5
 -73.5	97
 -72.5	113
 -71.5	92
 -70.5	109
 -69.5	110
 -68.5	111
 -67.5	92.5
 -66.5	114
 -65.5	80.5
 -64.5	109.5
 -63.5	94
 -62.5	106
 -61.5	90
 -60.5	109
 -59.5	117
 -58.5	105.5
 -57.5	96
 -56.5	99
 -55.5	105
 -54.5	96
 -53.5	116
 -52.5	104
 -51.5	113
 -50.5	106
 -49.5	108
 -48.5	99
 -47.5	122.5
 -46.5	108.5
 -45.5	113.5
 -44.5	116.25
 -43.5	132
 -42.5	121
 -41.5	109.5
 -40.5	123.5
 -39.5	127
 -38.5	112
 -37.5	99.5
 -36.5	115.5
 -35.5	119.5
 -34.5	109
 -33.5	130
 -32.5	119.5
 -31.5	123
 -30.5	103.5
 -29.5	112
 -28.5	100.5
 -27.5	107.5
 -26.5	129
 -25.5	124
 -24.5	126
 -23.5	110.5
 -22.5	116.5
 -21.5	129.5
 -20.5	108
 -19.5	120
 -18.5	123.833
 -17.5	118
 -16.5	133.5
 -15.5	126.5
 -14.5	152
 -13.5	127
 -12.5	83
 -11.5	95
 -10.5	104.5
  -9.5	128
  -8.5	108.5
  -7.5	118
  -6.5	116
  -5.5	116
  -4.5	105
  -3.5	95
  -2.5	110
  -1.5	97
  -0.5	104
   0.5	118
   1.5	103
   2.5	101.5
   3.5	96.5
   4.5	108
   5.5	121
   6.5	115.5
   7.5	95
   8.5	134
   9.5	113
  10.5	113
  11.5	91
  12.5	103.5
  13.5	111
  14.5	150
  15.5	141.5
  16.5	138.25
  17.5	133
  18.5	120
  19.5	127.5
  20.5	117
  21.5	124.5
  22.5	131
  23.5	119
  24.5	131.5
  25.5	131
  26.5	109
  27.5	128.25
  28.5	114
  29.5	115
  30.5	103.25
  31.5	111.5
  32.5	120
  33.5	119.5
  34.5	120
  35.5	104
  36.5	100
  37.5	108
  38.5	118
  39.5	104
  40.5	104
  41.5	117
  42.5	112
  43.5	94
  44.5	124
  45.5	122.5
  46.5	129
  47.5	122
  48.5	101
  49.5	109
  50.5	101.5
  51.5	110.5
  52.5	110
  53.5	103
  54.5	101
  55.5	114
  56.5	126
  57.5	122.333
  58.5	94.5
  59.5	108.5
  60.5	119
  61.5	99
  62.5	92
  63.5	103
  64.5	113.5
  65.5	104.5
  66.5	102
  67.5	101
  68.5	99
  69.5	103
  70.5	116.5
  71.5	114
  72.5	101
  73.5	108.5
  74.5	112
  75.5	117
  76.5	112
  77.5	111.25
  78.5	83
  79.5	102
  80.5	94.5
  81.5	106
  82.5	112
  83.5	109
  84.5	100
  85.5	103.5
  86.5	109
  87.5	118
  88.5	114.75
  89.5	107.5
  90.5	104
  91.5	109
  92.5	119
  93.5	117.75
  94.5	99
  95.5	101
  96.5	98.5
  97.5	102
  98.5	100
  99.5	109
 100.5	99
 101.5	87
 102.5	92
 103.5	90.5
 104.5	86.5
 105.5	99
 106.5	100
 107.5	106
DB 2 MOTIF	NFIA_HUMAN.H11MO.1.D
-111.5	132.833
-110.5	106.5
-109.5	130.833
-108.5	133.667
-107.5	118.5
-106.5	129.833
-105.5	114.583
-104.5	138.5
-103.5	135.833
-102.5	117
-101.5	111.333
-100.5	117
 -99.5	123
 -98.5	123.167
 -97.5	131.833
 -96.5	120.5
 -95.5	130.5
 -94.5	120.167
 -93.5	112.333
 -92.5	109
 -91.5	114.667
 -90.5	148.5
 -89.5	125.25
 -88.5	111.333
 -87.5	117
 -86.5	118.333
 -85.5	109.583
 -84.5	117.333
 -83.5	150.75
 -82.5	129.5
 -81.5	128.5
 -80.5	121
 -79.5	122.5
 -78.5	118.833
 -77.5	130.833
 -76.5	129.5
 -75.5	115.667
 -74.5	128
 -73.5	127
 -72.5	117.5
 -71.5	139.833
 -70.5	120.833
 -69.5	122.5
 -68.5	126
 -67.5	120.667
 -66.5	128.333
 -65.5	138.5
 -64.5	117.333
 -63.5	146.5
 -62.5	102
 -61.5	135.833
 -60.5	111
 -59.5	131.667
 -58.5	124.833
 -57.5	142
 -56.5	124.5
 -55.5	129
 -54.5	148
 -53.5	127.5
 -52.5	131
 -51.5	128.333
 -50.5	122.167
 -49.5	129.5
 -48.5	113.833
 -47.5	135.25
 -46.5	147.75
 -45.5	162.833
 -44.5	132.5
 -43.5	152.333
 -42.5	123.333
 -41.5	133.167
 -40.5	147.333
 -39.5	116
 -38.5	147
 -37.5	128
 -36.5	140.5
 -35.5	137.5
 -34.5	154
 -33.5	136
 -32.5	149.833
 -31.5	146.5
 -30.5	164.833
 -29.5	157.333
 -28.5	131.333
 -27.5	162.333
 -26.5	145.167
 -25.5	149
 -24.5	142.333
 -23.5	129.833
 -22.5	135.833
 -21.5	149.667
 -20.5	170
 -19.5	172
 -18.5	140.833
 -17.5	122.667
 -16.5	115.5
 -15.5	136
 -14.5	129.5
 -13.5	121.833
 -12.5	128.5
 -11.5	135.333
 -10.5	135.5
  -9.5	149.333
  -8.5	130.333
  -7.5	135
  -6.5	118
  -5.5	155.5
  -4.5	161.167
  -3.5	169.25
  -2.5	118.5
  -1.5	144
  -0.5	141.333
   0.5	137.083
   1.5	130
   2.5	132.333
   3.5	176.5
   4.5	142
   5.5	128
   6.5	144.833
   7.5	131
   8.5	148
   9.5	133
  10.5	136.5
  11.5	144.833
  12.5	125.5
  13.5	147.5
  14.5	130.083
  15.5	113
  16.5	141
  17.5	143.5
  18.5	155.5
  19.5	166.333
  20.5	147.583
  21.5	176
  22.5	145.833
  23.5	154.333
  24.5	147.833
  25.5	148.5
  26.5	163.667
  27.5	133.75
  28.5	146
  29.5	129.333
  30.5	147.833
  31.5	125.917
  32.5	127
  33.5	139
  34.5	117.167
  35.5	116.5
  36.5	131.833
  37.5	152.5
  38.5	118.5
  39.5	132.5
  40.5	138.667
  41.5	110.333
  42.5	125.5
  43.5	125
  44.5	130.5
  45.5	127.5
  46.5	161.833
  47.5	137.167
  48.5	125.5
  49.5	136.833
  50.5	136
  51.5	127.5
  52.5	127.167
  53.5	122
  54.5	144.833
  55.5	121.333
  56.5	133.833
  57.5	134.833
  58.5	127.583
  59.5	105.333
  60.5	139
  61.5	150.5
  62.5	117.667
  63.5	110.833
  64.5	134.583
  65.5	131.167
  66.5	116
  67.5	100.333
  68.5	112.917
  69.5	125.333
  70.5	105.5
  71.5	136.5
  72.5	116.667
  73.5	117.333
  74.5	106
  75.5	131.583
  76.5	124.667
  77.5	116.333
  78.5	124.833
  79.5	129.833
  80.5	113.833
  81.5	112.333
  82.5	123.5
  83.5	139.5
  84.5	109
  85.5	132.083
  86.5	134.75
  87.5	128.5
  88.5	125.5
  89.5	128.5
  90.5	112.833
  91.5	100.833
  92.5	137.917
  93.5	106
  94.5	96.3333
  95.5	120.833
  96.5	139.833
  97.5	98
  98.5	121.833
  99.5	124.667
 100.5	115.5
 101.5	108.5
 102.5	135
 103.5	130
 104.5	125.833
 105.5	129
 106.5	119
 107.5	113.5
 108.5	146.833
 109.5	98.8333
 110.5	132.167
 111.5	110.583
DB 2 MOTIF	NFIB_HUMAN.H11MO.0.D
-110.5	81
-109.5	92.5
-108.5	106.5
-107.5	96
-106.5	92
-105.5	88
-104.5	99.5
-103.5	99
-102.5	94
-101.5	82.5
-100.5	97.5
 -99.5	96.5
 -98.5	101
 -97.5	102
 -96.5	82.5
 -95.5	90
 -94.5	86.5
 -93.5	88.5
 -92.5	78
 -91.5	102.5
 -90.5	111
 -89.5	92.5
 -88.5	86.5
 -87.5	84.5
 -86.5	95
 -85.5	76.5
 -84.5	96.5
 -83.5	108
 -82.5	99
 -81.5	107
 -80.5	106
 -79.5	91.3333
 -78.5	90.5
 -77.5	99
 -76.5	90
 -75.5	77.3333
 -74.5	104.5
 -73.5	80
 -72.5	79.5
 -71.5	115
 -70.5	89
 -69.5	100.5
 -68.5	101
 -67.5	88.5
 -66.5	97
 -65.5	104.5
 -64.5	87.5
 -63.5	105.5
 -62.5	85
 -61.5	99
 -60.5	89.5
 -59.5	106
 -58.5	112.5
 -57.5	113
 -56.5	93.5
 -55.5	89
 -54.5	100.5
 -53.5	96.5
 -52.5	111
 -51.5	96
 -50.5	109.5
 -49.5	103
 -48.5	97
 -47.5	91
 -46.5	108.333
 -45.5	133.5
 -44.5	107.5
 -43.5	103.333
 -42.5	95
 -41.5	85.5
 -40.5	109
 -39.5	78
 -38.5	113
 -37.5	113.5
 -36.5	111
 -35.5	113.5
 -34.5	109.5
 -33.5	98.5
 -32.5	111.5
 -31.5	105.5
 -30.5	140
 -29.5	112
 -28.5	104.5
 -27.5	140
 -26.5	130
 -25.5	105
 -24.5	118.5
 -23.5	113.5
 -22.5	116.5
 -21.5	117.333
 -20.5	121
 -19.5	126.5
 -18.5	105
 -17.5	93.5
 -16.5	91
 -15.5	107
 -14.5	95
 -13.5	98.5
 -12.5	100.167
 -11.5	104
 -10.5	108.5
  -9.5	112
  -8.5	113.5
  -7.5	119
  -6.5	96
  -5.5	130
  -4.5	119
  -3.5	110
  -2.5	93.5
  -1.5	114
  -0.5	131
   0.5	122
   1.5	91
   2.5	106
   3.5	114
   4.5	99.5
   5.5	92
   6.5	94
   7.5	95.5
   8.5	104
   9.5	103
  10.5	108.5
  11.5	125.833
  12.5	106
  13.5	114
  14.5	99
  15.5	80
  16.5	99
  17.5	79
  18.5	116.5
  19.5	135
  20.5	112
  21.5	128.5
  22.5	120
  23.5	122
  24.5	126
  25.5	110
  26.5	119
  27.5	121
  28.5	113
  29.5	116
  30.5	121.5
  31.5	101.5
  32.5	114
  33.5	103
  34.5	99.5
  35.5	100.333
  36.5	112
  37.5	121.5
  38.5	98
  39.5	108.5
  40.5	103
  41.5	96.5
  42.5	95.5
  43.5	95.5
  44.5	99.5
  45.5	102
  46.5	106
  47.5	110
  48.5	100
  49.5	100
  50.5	112.333
  51.5	104
  52.5	120
  53.5	106
  54.5	113.5
  55.5	108.5
  56.5	106
  57.5	106
  58.5	116
  59.5	95
  60.5	108
  61.5	125
  62.5	94.5
  63.5	96
  64.5	107.333
  65.5	108.5
  66.5	91
  67.5	84
  68.5	81
  69.5	101
  70.5	81.5
  71.5	91.5
  72.5	99
  73.5	99
  74.5	81
  75.5	89.5
  76.5	97.5
  77.5	80
  78.5	103
  79.5	100
  80.5	106
  81.5	79.5
  82.5	94.5
  83.5	103
  84.5	77.5
  85.5	97.5
  86.5	108.5
  87.5	110.5
  88.5	88.5
  89.5	102.5
  90.5	103.5
  91.5	77
  92.5	94.1667
  93.5	76.5
  94.5	77.5
  95.5	101
  96.5	107
  97.5	88.5
  98.5	88
  99.5	100.833
 100.5	86.5
 101.5	79
 102.5	89.5
 103.5	77
 104.5	109.5
 105.5	85.5
 106.5	77.8333
 107.5	76
 108.5	87.5
 109.5	76
 110.5	99
DB 2 MOTIF	NFIC_HUMAN.H11MO.0.A
-106.5	82.5
-105.5	104.25
-104.5	119
-103.5	104.5
-102.5	102
-101.5	114
-100.5	78.5
 -99.5	89
 -98.5	96
 -97.5	95.5
 -96.5	92
 -95.5	114
 -94.5	95
 -93.5	87
 -92.5	94.25
 -91.5	83.8333
 -90.5	125.5
 -89.5	97
 -88.5	105
 -87.5	101.333
 -86.5	114
 -85.5	104
 -84.5	100
 -83.5	98.8333
 -82.5	100
 -81.5	85
 -80.5	109
 -79.5	103
 -78.5	105
 -77.5	92
 -76.5	91
 -75.5	105
 -74.5	109.5
 -73.5	96.5
 -72.5	108
 -71.5	98
 -70.5	114.5
 -69.5	89
 -68.5	110
 -67.5	94
 -66.5	110
 -65.5	80
 -64.5	104.5
 -63.5	108.5
 -62.5	98.5
 -61.5	88
 -60.5	114
 -59.5	114.5
 -58.5	107
 -57.5	99
 -56.5	103.5
 -55.5	117
 -54.5	118
 -53.5	122.5
 -52.5	111
 -51.5	117
 -50.5	112
 -49.5	104
 -48.5	102
 -47.5	106
 -46.5	108
 -45.5	116
 -44.5	108.25
 -43.5	130.5
 -42.5	111
 -41.5	115
 -40.5	112
 -39.5	113.5
 -38.5	101
 -37.5	109.5
 -36.5	100.5
 -35.5	114
 -34.5	110
 -33.5	133
 -32.5	117.25
 -31.5	116
 -30.5	107
 -29.5	120
 -28.5	111.5
 -27.5	92
 -26.5	115
 -25.5	113
 -24.5	119
 -23.5	108
 -22.5	113
 -21.5	116
 -20.5	106
 -19.5	123.5
 -18.5	122
 -17.5	105
 -16.5	108
 -15.5	107
 -14.5	128
 -13.5	118
 -12.5	84
 -11.5	86
 -10.5	111.5
  -9.5	106.5
  -8.5	106
  -7.5	105
  -6.5	105
  -5.5	113
  -4.5	97
  -3.5	97
  -2.5	96
  -1.5	107.5
  -0.5	97
   0.5	96
   1.5	88
   2.5	97.5
   3.5	83
   4.5	101
   5.5	102
   6.5	97
   7.5	100
   8.5	115.5
   9.5	102
  10.5	96
  11.5	82
  12.5	98
  13.5	127
  14.5	126.5
  15.5	120.5
  16.5	121.75
  17.5	109.5
  18.5	118
  19.5	112
  20.5	103.5
  21.5	117.5
  22.5	98.5
  23.5	98
  24.5	108
  25.5	116
  26.5	105
  27.5	129.25
  28.5	107.5
  29.5	99
  30.5	107
  31.5	117
  32.5	129.5
  33.5	117.5
  34.5	110.5
  35.5	100
  36.5	105
  37.5	117
  38.5	98.5
  39.5	94.5
  40.5	111.5
  41.5	105
  42.5	107
  43.5	115.5
  44.5	116
  45.5	126
  46.5	121
  47.5	126
  48.5	88
  49.5	101
  50.5	113
  51.5	111
  52.5	104
  53.5	120
  54.5	98.5
  55.5	107
  56.5	108.5
  57.5	116
  58.5	97
  59.5	107
  60.5	127
  61.5	105
  62.5	100
  63.5	101
  64.5	84.5
  65.5	122
  66.5	99
  67.5	108
  68.5	100.5
  69.5	93
  70.5	97
  71.5	104.5
  72.5	119.5
  73.5	95
  74.5	117
  75.5	116.5
  76.5	111.5
  77.5	106.25
  78.5	102
  79.5	106
  80.5	98.5
  81.5	118
  82.5	108
  83.5	95
  84.5	109
  85.5	109.5
  86.5	101
  87.5	99.5
  88.5	106.75
  89.5	100
  90.5	102.5
  91.5	109
  92.5	130
  93.5	110
  94.5	114
  95.5	94
  96.5	106
  97.5	97
  98.5	91
  99.5	115
 100.5	104.5
 101.5	84
 102.5	104
 103.5	92
 104.5	107
 105.5	97
 106.5	96
DB 2 MOTIF	NFIC_HUMAN.H11MO.1.A
-110.5	98
-109.5	104.5
-108.5	118.333
-107.5	93
-106.5	102.5
-105.5	101
-104.5	125.5
-103.5	111.5
-102.5	106
-101.5	102
-100.5	110.5
 -99.5	106.5
 -98.5	115
 -97.5	110.5
 -96.5	101
 -95.5	103
 -94.5	95
 -93.5	109
 -92.5	84
 -91.5	121
 -90.5	124.5
 -89.5	108
 -88.5	98
 -87.5	100
 -86.5	106.5
 -85.5	88.8333
 -84.5	108
 -83.5	127.5
 -82.5	100.5
 -81.5	111.5
 -80.5	111.5
 -79.5	108
 -78.5	100.833
 -77.5	107.5
 -76.5	103.5
 -75.5	106.5
 -74.5	111
 -73.5	103.5
 -72.5	93.5
 -71.5	129
 -70.5	100
 -69.5	119
 -68.5	115
 -67.5	104
 -66.5	108
 -65.5	108.5
 -64.5	92.5
 -63.5	123
 -62.5	91.5
 -61.5	104.5
 -60.5	87
 -59.5	116
 -58.5	123
 -57.5	115.5
 -56.5	102.5
 -55.5	104
 -54.5	122.5
 -53.5	107.5
 -52.5	120
 -51.5	120
 -50.5	123
 -49.5	121
 -48.5	107.833
 -47.5	111
 -46.5	122
 -45.5	133.833
 -44.5	111
 -43.5	124.833
 -42.5	108.5
 -41.5	101.5
 -40.5	120
 -39.5	91
 -38.5	125.5
 -37.5	120.5
 -36.5	126.5
 -35.5	120.833
 -34.5	116.5
 -33.5	112
 -32.5	118
 -31.5	119.5
 -30.5	139
 -29.5	129
 -28.5	130
 -27.5	141
 -26.5	137.5
 -25.5	133
 -24.5	132
 -23.5	116.5
 -22.5	125
 -21.5	138.833
 -20.5	128
 -19.5	150.5
 -18.5	120.5
 -17.5	108.5
 -16.5	98
 -15.5	118
 -14.5	100.5
 -13.5	109.5
 -12.5	111
 -11.5	118.5
 -10.5	127.5
  -9.5	129.5
  -8.5	137.5
  -7.5	134.5
  -6.5	117
  -5.5	142.5
  -4.5	134.5
  -3.5	133.5
  -2.5	99
  -1.5	126
  -0.5	141.5
   0.5	131.5
   1.5	101
   2.5	123.5
   3.5	144
   4.5	120.5
   5.5	108.5
   6.5	113
   7.5	117
   8.5	129.5
   9.5	126
  10.5	116.5
  11.5	137.333
  12.5	115
  13.5	123
  14.5	106.5
  15.5	94.5
  16.5	109
  17.5	104
  18.5	131
  19.5	146
  20.5	131.5
  21.5	145.5
  22.5	128.5
  23.5	136
  24.5	145
  25.5	122
  26.5	133.5
  27.5	130
  28.5	133
  29.5	134
  30.5	137.5
  31.5	122
  32.5	119.5
  33.5	119
  34.5	112.5
  35.5	108.333
  36.5	121
  37.5	134
  38.5	104.5
  39.5	117.5
  40.5	111.5
  41.5	114.5
  42.5	110
  43.5	101.5
  44.5	121.5
  45.5	112.5
  46.5	126
  47.5	122.5
  48.5	115.5
  49.5	104.5
  50.5	120.5
  51.5	115
  52.5	131
  53.5	117.5
  54.5	134.5
  55.5	117
  56.5	119
  57.5	121
  58.5	127
  59.5	99.5
  60.5	118
  61.5	127
  62.5	116.5
  63.5	110.5
  64.5	119.333
  65.5	127
  66.5	93
  67.5	97.5
  68.5	97.5
  69.5	114
  70.5	92.5
  71.5	119
  72.5	122.5
  73.5	109
  74.5	86.5
  75.5	103.5
  76.5	110
  77.5	98.5
  78.5	115.5
  79.5	109
  80.5	123.5
  81.5	106.5
  82.5	115.5
  83.5	109
  84.5	97.5
  85.5	108
  86.5	121
  87.5	120.5
  88.5	96.5
  89.5	117
  90.5	105
  91.5	91
  92.5	102.167
  93.5	103
  94.5	78
  95.5	107
  96.5	123
  97.5	94
  98.5	104.5
  99.5	108.333
 100.5	97.5
 101.5	93
 102.5	107
 103.5	85.5
 104.5	131
 105.5	100.5
 106.5	85.8333
 107.5	88.5
 108.5	104
 109.5	89
 110.5	120
DB 2 MOTIF	NFKB1_HUMAN.H11MO.1.B
-109.5	67
-108.5	54
-107.5	75.5
-106.5	61
-105.5	55
-104.5	73
-103.5	56
-102.5	55
-101.5	77.5
-100.5	51
 -99.5	56.5
 -98.5	55
 -97.5	64.5
 -96.5	55
 -95.5	62
 -94.5	71
 -93.5	52
 -92.5	54.5
 -91.5	69
 -90.5	57
 -89.5	68
 -88.5	67.5
 -87.5	59
 -86.5	68
 -85.5	61
 -84.5	56.5
 -83.5	62.5
 -82.5	76.5
 -81.5	65.5
 -80.5	62
 -79.5	63
 -78.5	77.3333
 -77.5	59.5
 -76.5	68
 -75.5	65
 -74.5	64
 -73.5	58
 -72.5	67
 -71.5	64.5
 -70.5	58
 -69.5	66.5
 -68.5	65
 -67.5	63.5
 -66.5	50.5
 -65.5	69
 -64.5	66.5
 -63.5	57.5
 -62.5	67
 -61.5	69
 -60.5	69
 -59.5	59
 -58.5	71
 -57.5	57
 -56.5	55
 -55.5	62
 -54.5	79.5
 -53.5	49
 -52.5	63
 -51.5	54.5
 -50.5	76
 -49.5	69
 -48.5	70
 -47.5	72.5
 -46.5	60.5
 -45.5	67.5
 -44.5	79.5
 -43.5	52
 -42.5	72
 -41.5	66
 -40.5	67.5
 -39.5	63
 -38.5	55
 -37.5	57
 -36.5	57
 -35.5	73.5
 -34.5	90.5
 -33.5	63
 -32.5	61
 -31.5	53
 -30.5	65
 -29.5	70
 -28.5	53
 -27.5	56
 -26.5	68
 -25.5	76
 -24.5	64.5
 -23.5	58.5
 -22.5	65.5
 -21.5	70
 -20.5	77
 -19.5	61
 -18.5	74
 -17.5	97.5
 -16.5	97
 -15.5	89
 -14.5	85
 -13.5	78
 -12.5	59
 -11.5	54
 -10.5	59
  -9.5	72.8333
  -8.5	61
  -7.5	66.5
  -6.5	70.5
  -5.5	67
  -4.5	55
  -3.5	72
  -2.5	67
  -1.5	67.5
  -0.5	62
   0.5	52.5
   1.5	75.5
   2.5	67
   3.5	65
   4.5	55.5
   5.5	61.5
   6.5	78.5
   7.5	60.5
   8.5	49
   9.5	67
  10.5	60.5
  11.5	34.5
  12.5	61
  13.5	75
  14.5	88.5
  15.5	103.5
  16.5	86.5
  17.5	77.3333
  18.5	76
  19.5	73
  20.5	63
  21.5	54
  22.5	93
  23.5	61
  24.5	67.5
  25.5	85.5
  26.5	63
  27.5	57.8333
  28.5	61.5
  29.5	58
  30.5	66
  31.5	78
  32.5	75.5
  33.5	66
  34.5	79
  35.5	59
  36.5	63
  37.5	85
  38.5	82
  39.5	69
  40.5	57
  41.5	58
  42.5	65
  43.5	71
  44.5	67.3333
  45.5	55
  46.5	60
  47.5	63
  48.5	73
  49.5	65
  50.5	60
  51.5	73.5
  52.5	68
  53.5	63
  54.5	56
  55.5	76
  56.5	72
  57.5	53.5
  58.5	63
  59.5	69
  60.5	60
  61.5	71
  62.5	50
  63.5	55
  64.5	74
  65.5	72.5
  66.5	60
  67.5	67
  68.5	75
  69.5	71
  70.5	57
  71.5	68
  72.5	46
  73.5	70
  74.5	73
  75.5	76
  76.5	68.5
  77.5	57.5
  78.5	66.5
  79.5	56
  80.5	71.3333
  81.5	56
  82.5	79
  83.5	58
  84.5	65
  85.5	59
  86.5	64.5
  87.5	59.5
  88.5	68
  89.5	50
  90.5	66
  91.5	64
  92.5	68
  93.5	78.5
  94.5	55.5
  95.5	57
  96.5	55.5
  97.5	77.5
  98.5	55
  99.5	72
 100.5	71
 101.5	66
 102.5	58.5
 103.5	63.5
 104.5	63
 105.5	68
 106.5	57
 107.5	71
 108.5	53
 109.5	59
DB 2 MOTIF	NFKB2_HUMAN.H11MO.0.B
-109.5	73
-108.5	83
-107.5	69
-106.5	75
-105.5	66
-104.5	90
-103.5	78
-102.5	70.5
-101.5	79.5
-100.5	69
 -99.5	48.5
 -98.5	78
 -97.5	70
 -96.5	66
 -95.5	71
 -94.5	79
 -93.5	58
 -92.5	70.3333
 -91.5	76.5
 -90.5	58.5
 -89.5	73
 -88.5	72.5
 -87.5	72
 -86.5	78.5
 -85.5	70
 -84.5	75
 -83.5	75.5
 -82.5	81
 -81.5	69
 -80.5	66
 -79.5	61
 -78.5	76
 -77.5	79.3333
 -76.5	81
 -75.5	72
 -74.5	77
 -73.5	70.5
 -72.5	62
 -71.5	82.5
 -70.5	58.5
 -69.5	86
 -68.5	69
 -67.5	77
 -66.5	73
 -65.5	78
 -64.5	73.5
 -63.5	71
 -62.5	65
 -61.5	83
 -60.5	74
 -59.5	80
 -58.5	74
 -57.5	76
 -56.5	65
 -55.5	73.5
 -54.5	74.5
 -53.5	73.5
 -52.5	69.3333
 -51.5	71.5
 -50.5	74
 -49.5	83
 -48.5	78
 -47.5	83
 -46.5	80.5
 -45.5	82
 -44.5	83
 -43.5	78
 -42.5	88
 -41.5	74
 -40.5	85.5
 -39.5	68
 -38.5	70
 -37.5	73
 -36.5	75
 -35.5	81.5
 -34.5	92.5
 -33.5	78.5
 -32.5	68
 -31.5	64
 -30.5	64
 -29.5	60
 -28.5	76.5
 -27.5	65
 -26.5	80
 -25.5	89
 -24.5	80
 -23.5	78.5
 -22.5	98.5
 -21.5	71
 -20.5	81.5
 -19.5	82
 -18.5	90
 -17.5	124.5
 -16.5	103
 -15.5	116.5
 -14.5	89
 -13.5	95
 -12.5	83
 -11.5	66
 -10.5	68.3333
  -9.5	83.5
  -8.5	77
  -7.5	80.5
  -6.5	84.5
  -5.5	82
  -4.5	72
  -3.5	84
  -2.5	73
  -1.5	88.5
  -0.5	84
   0.5	62.5
   1.5	87.5
   2.5	77
   3.5	73
   4.5	82.5
   5.5	99.5
   6.5	94
   7.5	82.5
   8.5	71
   9.5	84.5
  10.5	59.5
  11.5	67
  12.5	86
  13.5	88
  14.5	102
  15.5	106.5
  16.5	97.3333
  17.5	97
  18.5	79.5
  19.5	96
  20.5	62
  21.5	63
  22.5	83.5
  23.5	76
  24.5	72
  25.5	90.5
  26.5	75
  27.5	85.5
  28.5	67.8333
  29.5	73
  30.5	70
  31.5	82
  32.5	72.5
  33.5	90
  34.5	88
  35.5	75
  36.5	84
  37.5	77.5
  38.5	77
  39.5	80.5
  40.5	70
  41.5	74
  42.5	75
  43.5	93.3333
  44.5	68
  45.5	74.5
  46.5	67
  47.5	84
  48.5	91
  49.5	80
  50.5	77.5
  51.5	87
  52.5	73
  53.5	69
  54.5	61
  55.5	95.5
  56.5	86
  57.5	70
  58.5	62
  59.5	73
  60.5	78
  61.5	87
  62.5	63.5
  63.5	70
  64.5	81.3333
  65.5	79
  66.5	65
  67.5	78
  68.5	80.5
  69.5	84.5
  70.5	73
  71.5	69.5
  72.5	67.5
  73.5	67
  74.5	87
  75.5	94
  76.5	79.5
  77.5	77.5
  78.5	77.5
  79.5	75.5
  80.5	72
  81.5	65.3333
  82.5	85
  83.5	71
  84.5	83
  85.5	62
  86.5	70
  87.5	60.5
  88.5	79
  89.5	65
  90.5	71
  91.5	72
  92.5	79.5
  93.5	67.5
  94.5	57.5
  95.5	71
  96.5	62
  97.5	79
  98.5	73
  99.5	85
 100.5	65
 101.5	75
 102.5	64.5
 103.5	73
 104.5	81
 105.5	73.5
 106.5	83
 107.5	66
 108.5	65
 109.5	80.5
DB 2 MOTIF	NFYA_HUMAN.H11MO.0.A
-108.0	54
-107.0	34
-106.0	34
-105.0	35
-104.0	43
-103.0	31
-102.0	38
-101.0	42
-100.0	52
 -99.0	32
 -98.0	44
 -97.0	58
 -96.0	42
 -95.0	24
 -94.0	37
 -93.0	42
 -92.0	34
 -91.0	40.5
 -90.0	38
 -89.0	33
 -88.0	42
 -87.0	48.5
 -86.0	52
 -85.0	35
 -84.0	41
 -83.0	42
 -82.0	43
 -81.0	46
 -80.0	45
 -79.0	43
 -78.0	46
 -77.0	40
 -76.0	45
 -75.0	51
 -74.0	33
 -73.0	42
 -72.0	46
 -71.0	34
 -70.0	46
 -69.0	35
 -68.0	25
 -67.0	31
 -66.0	39
 -65.0	38.5
 -64.0	40.5
 -63.0	37
 -62.0	44.5
 -61.0	45
 -60.0	40
 -59.0	46
 -58.0	39
 -57.0	53
 -56.0	40
 -55.0	43
 -54.0	49
 -53.0	41
 -52.0	39
 -51.0	40
 -50.0	36
 -49.0	44
 -48.0	51
 -47.0	41
 -46.0	36.5
 -45.0	47
 -44.0	51
 -43.0	37
 -42.0	50
 -41.0	46
 -40.0	41
 -39.0	57.5
 -38.0	34.5
 -37.0	52
 -36.0	46
 -35.0	46
 -34.0	48
 -33.0	50
 -32.0	46
 -31.0	46.5
 -30.0	47
 -29.0	42
 -28.0	45
 -27.0	40
 -26.0	56
 -25.0	44
 -24.0	44
 -23.0	56
 -22.0	41
 -21.0	37
 -20.0	47
 -19.0	26
 -18.0	41
 -17.0	34
 -16.0	34
 -15.0	47
 -14.0	50
 -13.0	58
 -12.0	49
 -11.0	65
 -10.0	38
  -9.0	49.5
  -8.0	43
  -7.0	53
  -6.0	50
  -5.0	34
  -4.0	54
  -3.0	63
  -2.0	51
  -1.0	66.5
   0.0	65
   1.0	50
   2.0	75
   3.0	59
   4.0	49
   5.0	66
   6.0	37
   7.0	43
   8.0	62
   9.0	49
  10.0	45
  11.0	39
  12.0	46
  13.0	41
  14.0	48
  15.0	42
  16.0	33
  17.0	42
  18.0	37
  19.0	34
  20.0	40
  21.0	45
  22.0	44
  23.0	46
  24.0	46
  25.0	50
  26.0	47
  27.0	39
  28.0	44
  29.0	37
  30.0	33
  31.0	51
  32.0	38
  33.0	53
  34.0	36
  35.0	40
  36.0	37
  37.0	45
  38.0	47
  39.0	48
  40.0	49
  41.0	51
  42.0	47
  43.0	42
  44.0	37
  45.0	39
  46.0	38
  47.0	44
  48.0	45
  49.0	38
  50.0	50
  51.0	41
  52.0	41
  53.0	39
  54.0	39
  55.0	42
  56.0	35
  57.0	42
  58.0	53
  59.0	46
  60.0	40.5
  61.0	41
  62.0	48
  63.0	33
  64.0	36
  65.0	37
  66.0	45
  67.0	47
  68.0	47
  69.0	32
  70.0	49
  71.0	40
  72.0	38
  73.0	32
  74.0	49
  75.0	44
  76.0	35
  77.0	34.5
  78.0	43
  79.0	53
  80.0	46
  81.0	51
  82.0	47
  83.0	43
  84.0	43
  85.0	36
  86.0	40
  87.0	43
  88.0	40
  89.0	50
  90.0	48.5
  91.0	38
  92.0	45
  93.0	40
  94.0	43
  95.0	39
  96.0	47
  97.0	41
  98.0	43
  99.0	34
 100.0	38
 101.0	38
 102.0	45
 103.0	33
 104.0	43
 105.0	44
 106.0	40
 107.0	56
 108.0	41
DB 2 MOTIF	NFYC_HUMAN.H11MO.0.A
-108.0	102
-107.0	88
-106.0	67
-105.0	79
-104.0	78
-103.0	80
-102.0	88
-101.0	84
-100.0	96
 -99.0	77
 -98.0	77
 -97.0	84
 -96.0	82
 -95.0	62
 -94.0	74
 -93.0	82.5
 -92.0	71
 -91.0	96
 -90.0	85
 -89.0	70
 -88.0	77
 -87.0	91.5
 -86.0	82
 -85.0	75
 -84.0	82
 -83.0	78.5
 -82.0	88.8333
 -81.0	80
 -80.0	84
 -79.0	85
 -78.0	81.5
 -77.0	78.5
 -76.0	90
 -75.0	90
 -74.0	87
 -73.0	80
 -72.0	80
 -71.0	68
 -70.0	90
 -69.0	78
 -68.0	68
 -67.0	70.5
 -66.0	83.5
 -65.0	82.5
 -64.0	80
 -63.0	84
 -62.0	76
 -61.0	80.5
 -60.0	84
 -59.0	96
 -58.0	85
 -57.0	86.5
 -56.0	81
 -55.0	90
 -54.0	82
 -53.0	88
 -52.0	76
 -51.0	78
 -50.0	83
 -49.0	79
 -48.0	103
 -47.0	89.5
 -46.0	86
 -45.0	97.3333
 -44.0	100
 -43.0	72
 -42.0	92
 -41.0	79.5
 -40.0	82
 -39.0	103.5
 -38.0	81
 -37.0	99
 -36.0	84
 -35.0	89
 -34.0	94.5
 -33.0	90
 -32.0	104.5
 -31.0	92.5
 -30.0	98
 -29.0	99
 -28.0	87
 -27.0	94.5
 -26.0	100
 -25.0	92
 -24.0	94.5
 -23.0	101
 -22.0	73
 -21.0	70
 -20.0	79
 -19.0	67.5
 -18.0	85
 -17.0	71
 -16.0	84
 -15.0	80
 -14.0	100.5
 -13.0	97.5
 -12.0	93
 -11.0	129
 -10.0	94.5
  -9.0	101
  -8.0	85
  -7.0	99.5
  -6.0	85
  -5.0	98
  -4.0	114
  -3.0	122
  -2.0	115.5
  -1.0	125.5
   0.0	122.5
   1.0	98
   2.0	138
   3.0	117
   4.0	102
   5.0	115
   6.0	83
   7.0	113
   8.0	115
   9.0	100.5
  10.0	90
  11.0	77
  12.0	107
  13.0	96.5
  14.0	93
  15.0	81
  16.0	79
  17.0	78
  18.0	73
  19.0	69
  20.0	84
  21.0	92
  22.0	108
  23.0	86
  24.0	98
  25.0	101
  26.0	87
  27.0	84.5
  28.0	85
  29.0	89.8333
  30.0	78
  31.0	102
  32.0	78
  33.0	88
  34.0	75
  35.0	88
  36.0	89
  37.0	88
  38.0	81
  39.0	92
  40.0	97
  41.0	94
  42.0	89
  43.0	71
  44.0	78
  45.0	84
  46.0	79.5
  47.0	85
  48.0	87
  49.0	83.5
  50.0	95.5
  51.0	82
  52.0	84
  53.0	81
  54.0	83
  55.0	78
  56.0	67
  57.0	87
  58.0	70
  59.0	80.5
  60.0	88
  61.0	79
  62.0	83
  63.0	75
  64.0	65
  65.0	80
  66.0	84
  67.0	95.5
  68.0	76.5
  69.0	79
  70.0	84
  71.0	92
  72.0	80
  73.0	84
  74.0	88.5
  75.0	91
  76.0	74
  77.0	84
  78.0	73
  79.0	93.5
  80.0	83
  81.0	94
  82.0	79
  83.0	93
  84.0	84
  85.0	66
  86.0	84
  87.0	85
  88.0	92
  89.0	91
  90.0	89
  91.0	89
  92.0	79
  93.0	83
  94.0	84
  95.0	73
  96.0	90
  97.0	78.5
  98.0	88.5
  99.0	69
 100.0	73
 101.0	68
 102.0	78.5
 103.0	84
 104.0	81
 105.0	97
 106.0	101
 107.0	102
 108.0	86
DB 2 MOTIF	NGN2_HUMAN.H11MO.0.D
-109.0	77
-108.0	70.5
-107.0	49
-106.0	40.3333
-105.0	47.5
-104.0	63.5
-103.0	64.3333
-102.0	56
-101.0	60.5
-100.0	57
 -99.0	50
 -98.0	65
 -97.0	38
 -96.0	48
 -95.0	48
 -94.0	62.5
 -93.0	57.5
 -92.0	59
 -91.0	76.5
 -90.0	67
 -89.0	59.5
 -88.0	57
 -87.0	61
 -86.0	53
 -85.0	62
 -84.0	51
 -83.0	57
 -82.0	65
 -81.0	71
 -80.0	54
 -79.0	53
 -78.0	61
 -77.0	65
 -76.0	63
 -75.0	51
 -74.0	66
 -73.0	40
 -72.0	56
 -71.0	64
 -70.0	69
 -69.0	59.5
 -68.0	61.5
 -67.0	61
 -66.0	75
 -65.0	63
 -64.0	68
 -63.0	66
 -62.0	61
 -61.0	58.5
 -60.0	56
 -59.0	69
 -58.0	67
 -57.0	64
 -56.0	71
 -55.0	72.5
 -54.0	53
 -53.0	62.5
 -52.0	74
 -51.0	82.5
 -50.0	74.3333
 -49.0	60
 -48.0	55
 -47.0	78.5
 -46.0	67
 -45.0	67
 -44.0	73.5
 -43.0	54.5
 -42.0	79.5
 -41.0	78
 -40.0	63
 -39.0	85.5
 -38.0	66.5
 -37.0	51
 -36.0	83
 -35.0	72.5
 -34.0	74.5
 -33.0	65
 -32.0	71.5
 -31.0	72
 -30.0	76.5
 -29.0	80.5
 -28.0	80
 -27.0	82
 -26.0	95
 -25.0	76.5
 -24.0	96
 -23.0	106
 -22.0	85
 -21.0	96
 -20.0	93
 -19.0	111
 -18.0	84
 -17.0	125
 -16.0	141
 -15.0	125
 -14.0	139.5
 -13.0	130
 -12.0	148.5
 -11.0	138
 -10.0	143
  -9.0	127
  -8.0	152
  -7.0	183.5
  -6.0	178.5
  -5.0	179
  -4.0	184
  -3.0	169
  -2.0	208
  -1.0	195
   0.0	219
   1.0	181
   2.0	197
   3.0	209.333
   4.0	186
   5.0	182.25
   6.0	170
   7.0	154.5
   8.0	161.5
   9.0	159.5
  10.0	150
  11.0	134.5
  12.0	127
  13.0	122
  14.0	131
  15.0	119.5
  16.0	113
  17.0	108.5
  18.0	90
  19.0	106.5
  20.0	88
  21.0	86.5
  22.0	101.5
  23.0	101.5
  24.0	102.5
  25.0	76
  26.0	73.5
  27.0	83.5
  28.0	76
  29.0	87.5
  30.0	65
  31.0	81.5
  32.0	60
  33.0	84
  34.0	79
  35.0	79
  36.0	81
  37.0	78.25
  38.0	79
  39.0	97
  40.0	67.5
  41.0	62.5
  42.0	66
  43.0	73
  44.0	68
  45.0	54
  46.0	64.5
  47.0	76
  48.0	70
  49.0	70
  50.0	69.5
  51.0	63.5
  52.0	65.8333
  53.0	66
  54.0	55
  55.0	61
  56.0	62
  57.0	51
  58.0	74
  59.0	65.5
  60.0	70
  61.0	73
  62.0	63.5
  63.0	72
  64.0	62.5
  65.0	57
  66.0	55
  67.0	59.5
  68.0	55
  69.0	81.25
  70.0	68
  71.0	70
  72.0	63
  73.0	53.5
  74.0	53
  75.0	48.5
  76.0	61.5
  77.0	64
  78.0	63
  79.0	53
  80.0	51
  81.0	58
  82.0	69.5
  83.0	55
  84.0	59.5
  85.0	45
  86.0	69
  87.0	78
  88.0	51
  89.0	72
  90.0	77.5
  91.0	68
  92.0	61
  93.0	54
  94.0	66
  95.0	58.5
  96.0	60
  97.0	54.5
  98.0	68
  99.0	56.5
 100.0	54.3333
 101.0	51.25
 102.0	59
 103.0	71
 104.0	56.5
 105.0	52
 106.0	48.5
 107.0	59
 108.0	48
 109.0	47
DB 2 MOTIF	NKX21_HUMAN.H11MO.0.A
-110.0	101
-109.0	120
-108.0	116
-107.0	105.5
-106.0	111
-105.0	98
-104.0	109
-103.0	115
-102.0	115.5
-101.0	118.5
-100.0	130.833
 -99.0	108
 -98.0	117.5
 -97.0	88
 -96.0	102.5
 -95.0	101.5
 -94.0	120
 -93.0	100.5
 -92.0	111
 -91.0	92
 -90.0	117.5
 -89.0	119
 -88.0	102
 -87.0	111.5
 -86.0	122.25
 -85.0	132
 -84.0	103.5
 -83.0	83
 -82.0	106
 -81.0	112.5
 -80.0	120
 -79.0	123
 -78.0	121.5
 -77.0	112.5
 -76.0	137.5
 -75.0	107
 -74.0	114.25
 -73.0	108.5
 -72.0	104
 -71.0	118.5
 -70.0	108
 -69.0	96.5
 -68.0	121.5
 -67.0	121.5
 -66.0	107.5
 -65.0	124
 -64.0	114
 -63.0	112.5
 -62.0	109.5
 -61.0	126
 -60.0	106
 -59.0	119.833
 -58.0	109.5
 -57.0	105.833
 -56.0	111
 -55.0	113.5
 -54.0	125
 -53.0	128.2
 -52.0	111.833
 -51.0	129.5
 -50.0	128.333
 -49.0	115.333
 -48.0	116
 -47.0	108
 -46.0	112
 -45.0	106.5
 -44.0	96
 -43.0	103
 -42.0	95.5
 -41.0	113.25
 -40.0	117.5
 -39.0	117
 -38.0	121
 -37.0	111.833
 -36.0	101.5
 -35.0	95.5
 -34.0	112
 -33.0	117
 -32.0	118
 -31.0	122
 -30.0	112
 -29.0	123.5
 -28.0	122.75
 -27.0	123
 -26.0	119.5
 -25.0	147.5
 -24.0	110.2
 -23.0	106.75
 -22.0	126.5
 -21.0	118.5
 -20.0	105.5
 -19.0	123.5
 -18.0	116.5
 -17.0	131
 -16.0	137
 -15.0	125
 -14.0	127.5
 -13.0	126.5
 -12.0	124.333
 -11.0	111
 -10.0	129.5
  -9.0	130
  -8.0	130.5
  -7.0	144.25
  -6.0	124.5
  -5.0	127.5
  -4.0	127.5
  -3.0	131.5
  -2.0	141.5
  -1.0	134
   0.0	130.5
   1.0	130.5
   2.0	138.333
   3.0	117.5
   4.0	146
   5.0	153.7
   6.0	137
   7.0	137
   8.0	134
   9.0	128.5
  10.0	132.833
  11.0	100
  12.0	124.5
  13.0	125
  14.0	134
  15.0	125
  16.0	128
  17.0	119.5
  18.0	111.5
  19.0	155.5
  20.0	110
  21.0	112
  22.0	129.25
  23.0	124.5
  24.0	102
  25.0	116
  26.0	111.5
  27.0	109.583
  28.0	105.5
  29.0	98.8333
  30.0	132
  31.0	132
  32.0	105.5
  33.0	102.5
  34.0	118
  35.0	113
  36.0	122.333
  37.0	113.5
  38.0	130.5
  39.0	104.5
  40.0	89.25
  41.0	97
  42.0	112.833
  43.0	130.5
  44.0	127
  45.0	111.333
  46.0	122
  47.0	105
  48.0	106
  49.0	125
  50.0	94.5
  51.0	92.5
  52.0	118.75
  53.0	97.5
  54.0	115
  55.0	118
  56.0	120
  57.0	129
  58.0	104
  59.0	110.5
  60.0	113.5
  61.0	102.7
  62.0	121
  63.0	128
  64.0	113.833
  65.0	115.5
  66.0	101
  67.0	124
  68.0	96.5
  69.0	130.5
  70.0	108.5
  71.0	123.333
  72.0	114
  73.0	111.5
  74.0	131
  75.0	107
  76.0	97.5
  77.0	101.5
  78.0	122
  79.0	113.5
  80.0	96.5
  81.0	102
  82.0	107.5
  83.0	109.5
  84.0	110
  85.0	111.5
  86.0	108
  87.0	118.5
  88.0	123.7
  89.0	126.5
  90.0	122.333
  91.0	100
  92.0	103.75
  93.0	106
  94.0	110
  95.0	151.5
  96.0	104.5
  97.0	108
  98.0	117.333
  99.0	118.333
 100.0	113.5
 101.0	105.5
 102.0	101.5
 103.0	99.75
 104.0	117.5
 105.0	103.5
 106.0	92
 107.0	111.5
 108.0	119
 109.0	96.3333
 110.0	109
DB 2 MOTIF	NKX22_HUMAN.H11MO.0.D
-111.0	133
-110.0	114.667
-109.0	155.5
-108.0	132.833
-107.0	136.5
-106.0	125
-105.0	139
-104.0	143
-103.0	140.5
-102.0	147
-101.0	140.2
-100.0	139.5
 -99.0	131
 -98.0	129.5
 -97.0	134.5
 -96.0	136.5
 -95.0	142.5
 -94.0	125
 -93.0	128.833
 -92.0	128
 -91.0	138
 -90.0	125.333
 -89.0	135
 -88.0	131
 -87.0	140.333
 -86.0	142
 -85.0	147.25
 -84.0	127.5
 -83.0	128.25
 -82.0	136.5
 -81.0	131
 -80.0	129.5
 -79.0	139.333
 -78.0	141.5
 -77.0	151.833
 -76.0	126
 -75.0	136.75
 -74.0	133
 -73.0	148.5
 -72.0	135
 -71.0	143.75
 -70.0	140.5
 -69.0	122.5
 -68.0	130.833
 -67.0	126.5
 -66.0	111
 -65.0	124.5
 -64.0	138.5
 -63.0	144.2
 -62.0	144
 -61.0	135
 -60.0	136.5
 -59.0	137
 -58.0	134.783
 -57.0	145.2
 -56.0	155
 -55.0	147
 -54.0	155.5
 -53.0	143
 -52.0	146
 -51.0	152.833
 -50.0	141.867
 -49.0	153.833
 -48.0	161.833
 -47.0	141.5
 -46.0	161.5
 -45.0	149
 -44.0	130.5
 -43.0	151.5
 -42.0	163.7
 -41.0	130
 -40.0	139.333
 -39.0	152.167
 -38.0	144.5
 -37.0	157.5
 -36.0	149.75
 -35.0	148
 -34.0	135.5
 -33.0	141.5
 -32.0	157.5
 -31.0	168
 -30.0	135.75
 -29.0	145.75
 -28.0	138
 -27.0	125.5
 -26.0	152
 -25.0	140.5
 -24.0	169.5
 -23.0	136.833
 -22.0	147.25
 -21.0	161.667
 -20.0	149.2
 -19.0	151
 -18.0	173.5
 -17.0	189.5
 -16.0	142.5
 -15.0	155.5
 -14.0	156.5
 -13.0	144.5
 -12.0	127
 -11.0	139.833
 -10.0	131.25
  -9.0	130.5
  -8.0	152
  -7.0	125.833
  -6.0	137
  -5.0	106.5
  -4.0	123.25
  -3.0	134
  -2.0	133
  -1.0	122.5
   0.0	128
   1.0	132.833
   2.0	126.75
   3.0	142.25
   4.0	123.5
   5.0	158
   6.0	149.333
   7.0	139
   8.0	127.5
   9.0	126.333
  10.0	141
  11.0	168.5
  12.0	143
  13.0	158.5
  14.0	152.5
  15.0	164.5
  16.0	185
  17.0	176.2
  18.0	137
  19.0	148.5
  20.0	173
  21.0	162.833
  22.0	165
  23.0	159.25
  24.0	146.5
  25.0	161
  26.0	142.333
  27.0	146.5
  28.0	126.333
  29.0	150.833
  30.0	133.833
  31.0	129.833
  32.0	146.833
  33.0	162
  34.0	131.833
  35.0	130.5
  36.0	131.333
  37.0	142
  38.0	159
  39.0	136.833
  40.0	141.5
  41.0	156.583
  42.0	157.5
  43.0	152.5
  44.0	163.75
  45.0	131
  46.0	136.5
  47.0	147
  48.0	149.333
  49.0	123.5
  50.0	119
  51.0	139
  52.0	154.5
  53.0	154
  54.0	141.533
  55.0	137.833
  56.0	133
  57.0	143.75
  58.0	140
  59.0	143
  60.0	136
  61.0	162.333
  62.0	160.083
  63.0	135.5
  64.0	125.833
  65.0	142.25
  66.0	137.667
  67.0	118
  68.0	140
  69.0	156.5
  70.0	146.083
  71.0	135.333
  72.0	144.5
  73.0	154.5
  74.0	139.333
  75.0	139.333
  76.0	130.75
  77.0	147.5
  78.0	147
  79.0	149
  80.0	151.5
  81.0	139.333
  82.0	134.833
  83.0	154.5
  84.0	124.75
  85.0	138
  86.0	152.5
  87.0	144
  88.0	145
  89.0	149.75
  90.0	135
  91.0	138.533
  92.0	136.5
  93.0	142.5
  94.0	146.5
  95.0	144.25
  96.0	146.5
  97.0	121.5
  98.0	132.5
  99.0	159.75
 100.0	180.833
 101.0	133
 102.0	142
 103.0	142.167
 104.0	136.667
 105.0	121.833
 106.0	139.5
 107.0	130
 108.0	120.5
 109.0	141.333
 110.0	149.083
 111.0	127.5
DB 2 MOTIF	NKX23_HUMAN.H11MO.0.D
-109.5	101
-108.5	101
-107.5	98.3333
-106.5	106
-105.5	91.5
-104.5	96
-103.5	112
-102.5	86
-101.5	74.5
-100.5	114.5
 -99.5	82
 -98.5	114.5
 -97.5	87
 -96.5	100
 -95.5	101.5
 -94.5	115.5
 -93.5	99
 -92.5	86
 -91.5	103
 -90.5	99
 -89.5	93.5
 -88.5	86
 -87.5	87
 -86.5	106
 -85.5	100.25
 -84.5	103
 -83.5	93.5
 -82.5	93
 -81.5	86
 -80.5	89
 -79.5	90
 -78.5	96
 -77.5	90.5
 -76.5	90.5
 -75.5	90.5
 -74.5	77
 -73.5	93.5
 -72.5	94
 -71.5	90.5
 -70.5	86.25
 -69.5	96
 -68.5	95.5
 -67.5	109.5
 -66.5	94
 -65.5	101
 -64.5	94.5
 -63.5	90
 -62.5	100
 -61.5	92
 -60.5	96
 -59.5	85
 -58.5	102.5
 -57.5	81.5
 -56.5	98
 -55.5	106
 -54.5	83.5
 -53.5	99
 -52.5	103
 -51.5	98.5
 -50.5	99
 -49.5	95
 -48.5	89
 -47.5	88
 -46.5	101
 -45.5	87.5
 -44.5	94
 -43.5	102
 -42.5	101
 -41.5	99.5
 -40.5	103
 -39.5	105.5
 -38.5	95
 -37.5	100
 -36.5	97
 -35.5	97.5
 -34.5	89
 -33.5	99
 -32.5	91.8333
 -31.5	96
 -30.5	98
 -29.5	94
 -28.5	94.8333
 -27.5	92
 -26.5	97.5
 -25.5	99.5
 -24.5	118.5
 -23.5	105
 -22.5	114.25
 -21.5	102
 -20.5	89
 -19.5	108.5
 -18.5	96.5
 -17.5	88.25
 -16.5	97.5
 -15.5	93
 -14.5	102
 -13.5	126
 -12.5	137.5
 -11.5	105
 -10.5	131
  -9.5	130
  -8.5	137.5
  -7.5	133.5
  -6.5	147
  -5.5	142
  -4.5	149.5
  -3.5	159.5
  -2.5	146
  -1.5	171.5
  -0.5	190.5
   0.5	174
   1.5	157
   2.5	175.5
   3.5	156.5
   4.5	152
   5.5	137.5
   6.5	150
   7.5	143.5
   8.5	139.5
   9.5	122
  10.5	120
  11.5	100.5
  12.5	134
  13.5	109.5
  14.5	111.5
  15.5	101.333
  16.5	118
  17.5	106
  18.5	95
  19.5	88.5
  20.5	101
  21.5	115
  22.5	101
  23.5	94
  24.5	119
  25.5	96
  26.5	94
  27.5	85
  28.5	107.5
  29.5	93
  30.5	107
  31.5	94
  32.5	92.5
  33.5	88
  34.5	106
  35.5	88.25
  36.5	84
  37.5	94
  38.5	100
  39.5	85
  40.5	83.25
  41.5	89.5
  42.5	112
  43.5	93
  44.5	110
  45.5	93
  46.5	76
  47.5	97
  48.5	89.5
  49.5	93
  50.5	96.8333
  51.5	91
  52.5	100
  53.5	98
  54.5	102
  55.5	89
  56.5	94.5
  57.5	102.333
  58.5	108
  59.5	104
  60.5	82
  61.5	84
  62.5	115.5
  63.5	95.3333
  64.5	82
  65.5	113.5
  66.5	98
  67.5	92
  68.5	98
  69.5	96
  70.5	100.5
  71.5	95
  72.5	91
  73.5	88.5
  74.5	92
  75.5	90
  76.5	82.5
  77.5	107
  78.5	95.8333
  79.5	93
  80.5	101
  81.5	96
  82.5	88
  83.5	99
  84.5	114
  85.5	88
  86.5	103
  87.5	81.5
  88.5	102.25
  89.5	93
  90.5	90
  91.5	82.5
  92.5	95.5
  93.5	105
  94.5	101.5
  95.5	105.5
  96.5	106
  97.5	82.3333
  98.5	95
  99.5	100
 100.5	111
 101.5	114
 102.5	98
 103.5	94.25
 104.5	96
 105.5	95
 106.5	92.5
 107.5	106
 108.5	84.5
 109.5	100.5
DB 2 MOTIF	NR0B1_HUMAN.H11MO.0.D
-110.0	104.5
-109.0	88
-108.0	89.5
-107.0	83
-106.0	82.5
-105.0	82.5
-104.0	88.5333
-103.0	101.5
-102.0	92.5
-101.0	96
-100.0	84
 -99.0	80.5
 -98.0	80.7833
 -97.0	84
 -96.0	96
 -95.0	87
 -94.0	116
 -93.0	75.5
 -92.0	83
 -91.0	80
 -90.0	83.5
 -89.0	97
 -88.0	112.367
 -87.0	106.5
 -86.0	89
 -85.0	90
 -84.0	103.5
 -83.0	88
 -82.0	93.5
 -81.0	102
 -80.0	80
 -79.0	96
 -78.0	83.25
 -77.0	105
 -76.0	103.45
 -75.0	97
 -74.0	88.5
 -73.0	98
 -72.0	80.3333
 -71.0	96.8333
 -70.0	91.45
 -69.0	103
 -68.0	98
 -67.0	87.5
 -66.0	84.5
 -65.0	112.976
 -64.0	74.75
 -63.0	96
 -62.0	78
 -61.0	98.5333
 -60.0	89.5
 -59.0	100.167
 -58.0	97.25
 -57.0	106.5
 -56.0	99.2
 -55.0	100.333
 -54.0	103.5
 -53.0	100.5
 -52.0	89.3333
 -51.0	96.5
 -50.0	89
 -49.0	90
 -48.0	82.2
 -47.0	108.5
 -46.0	89.3333
 -45.0	107.833
 -44.0	89
 -43.0	109
 -42.0	91
 -41.0	105
 -40.0	86.5
 -39.0	102.75
 -38.0	107.583
 -37.0	85.5
 -36.0	87.5
 -35.0	105.5
 -34.0	106
 -33.0	83
 -32.0	77
 -31.0	111
 -30.0	81.5
 -29.0	106
 -28.0	93.25
 -27.0	110
 -26.0	134.5
 -25.0	104.643
 -24.0	105.333
 -23.0	95.3333
 -22.0	121
 -21.0	100.5
 -20.0	114
 -19.0	124.2
 -18.0	124.25
 -17.0	130
 -16.0	134.5
 -15.0	119.5
 -14.0	141
 -13.0	157
 -12.0	159
 -11.0	161.5
 -10.0	153.5
  -9.0	171.5
  -8.0	152.7
  -7.0	168.5
  -6.0	196.333
  -5.0	180.976
  -4.0	178
  -3.0	197.333
  -2.0	154
  -1.0	178
   0.0	178.5
   1.0	178.5
   2.0	184
   3.0	186.5
   4.0	175.333
   5.0	192.5
   6.0	171.5
   7.0	181.5
   8.0	174.333
   9.0	172
  10.0	178.5
  11.0	140
  12.0	144.5
  13.0	166.5
  14.0	133.5
  15.0	139
  16.0	120.833
  17.0	93.5
  18.0	138.7
  19.0	115
  20.0	108
  21.0	128.25
  22.0	109.5
  23.0	106.75
  24.0	98
  25.0	129.143
  26.0	107
  27.0	105
  28.0	86.3333
  29.0	98.5
  30.0	110.5
  31.0	114.5
  32.0	110.033
  33.0	91
  34.0	98.3333
  35.0	90
  36.0	109.833
  37.0	111.5
  38.0	81.5
  39.0	91
  40.0	101.5
  41.0	99
  42.0	87
  43.0	95
  44.0	83.3333
  45.0	73.5
  46.0	101
  47.0	100.5
  48.0	84
  49.0	97
  50.0	82.5
  51.0	81.5
  52.0	90
  53.0	88
  54.0	90.5
  55.0	87.3429
  56.0	79.5
  57.0	95.5
  58.0	104.5
  59.0	98.5
  60.0	107.5
  61.0	95
  62.0	95.5
  63.0	110.833
  64.0	96.5
  65.0	91.2
  66.0	98
  67.0	93.8333
  68.0	87.3333
  69.0	81.5
  70.0	101.5
  71.0	103.7
  72.0	97.2
  73.0	95.3333
  74.0	102.5
  75.0	82.5
  76.0	87
  77.0	106.7
  78.0	78
  79.0	82.5
  80.0	94
  81.0	99.5
  82.0	94.5833
  83.0	80.7
  84.0	91.25
  85.0	92
  86.0	90
  87.0	104.75
  88.0	92.5
  89.0	101.2
  90.0	75.5
  91.0	92
  92.0	93.2
  93.0	108
  94.0	85.5
  95.0	95.1429
  96.0	81.25
  97.0	101.833
  98.0	101.5
  99.0	77.5
 100.0	87.5
 101.0	78.5833
 102.0	101
 103.0	96.5
 104.0	94
 105.0	83.4762
 106.0	81.5
 107.0	87
 108.0	82
 109.0	99
 110.0	78.75
DB 2 MOTIF	NR1H3_HUMAN.H11MO.0.B
-105.5	107.5
-104.5	94
-103.5	99.5
-102.5	93
-101.5	108.5
-100.5	114
 -99.5	95
 -98.5	105
 -97.5	106
 -96.5	92
 -95.5	93.5
 -94.5	79.8333
 -93.5	102.5
 -92.5	102.5
 -91.5	114
 -90.5	103
 -89.5	122.833
 -88.5	102.5
 -87.5	115
 -86.5	114
 -85.5	94
 -84.5	103.333
 -83.5	95
 -82.5	90
 -81.5	97
 -80.5	101
 -79.5	109
 -78.5	109.5
 -77.5	88
 -76.5	82
 -75.5	91
 -74.5	95.5
 -73.5	91
 -72.5	93
 -71.5	119
 -70.5	93.5
 -69.5	100.5
 -68.5	109
 -67.5	103.5
 -66.5	101.333
 -65.5	89
 -64.5	94
 -63.5	102
 -62.5	108
 -61.5	108
 -60.5	95
 -59.5	89
 -58.5	109.5
 -57.5	91
 -56.5	120.5
 -55.5	107
 -54.5	105
 -53.5	101
 -52.5	92
 -51.5	94.5
 -50.5	99
 -49.5	90
 -48.5	103
 -47.5	104
 -46.5	103.5
 -45.5	95
 -44.5	106.5
 -43.5	105.5
 -42.5	116
 -41.5	105.5
 -40.5	105.143
 -39.5	116
 -38.5	83.5
 -37.5	118
 -36.5	100
 -35.5	96
 -34.5	118.5
 -33.5	101
 -32.5	87
 -31.5	106
 -30.5	102.643
 -29.5	107.5
 -28.5	105
 -27.5	112
 -26.5	129
 -25.5	122
 -24.5	113
 -23.5	120
 -22.5	132.5
 -21.5	149
 -20.5	131
 -19.5	128
 -18.5	116
 -17.5	148
 -16.5	153
 -15.5	139
 -14.5	150.5
 -13.5	172
 -12.5	163
 -11.5	169.5
 -10.5	211.25
  -9.5	192.5
  -8.5	166
  -7.5	211
  -6.5	192
  -5.5	189.5
  -4.5	194
  -3.5	184.833
  -2.5	201
  -1.5	205.5
  -0.5	194.25
   0.5	191.5
   1.5	191.833
   2.5	201.5
   3.5	184
   4.5	166.5
   5.5	206
   6.5	196
   7.5	183.5
   8.5	172
   9.5	178.25
  10.5	155
  11.5	145
  12.5	170.5
  13.5	148.5
  14.5	169.5
  15.5	136.333
  16.5	134.5
  17.5	142
  18.5	152
  19.5	130.893
  20.5	120.5
  21.5	118
  22.5	145
  23.5	148
  24.5	122
  25.5	110.333
  26.5	96
  27.5	104
  28.5	88.5
  29.5	121.333
  30.5	112
  31.5	112
  32.5	108.5
  33.5	105.5
  34.5	99.5
  35.5	127
  36.5	113.5
  37.5	116.5
  38.5	91.5
  39.5	116.143
  40.5	105.5
  41.5	107
  42.5	109.5
  43.5	101
  44.5	109
  45.5	104
  46.5	102.5
  47.5	99
  48.5	105
  49.5	106.143
  50.5	101
  51.5	104
  52.5	110.5
  53.5	107.5
  54.5	93
  55.5	115.5
  56.5	111.5
  57.5	117
  58.5	110.5
  59.5	83.3333
  60.5	96
  61.5	111
  62.5	101
  63.5	100
  64.5	116
  65.5	102.333
  66.5	85
  67.5	94
  68.5	102
  69.5	118
  70.5	91
  71.5	94
  72.5	103.5
  73.5	91
  74.5	94
  75.5	102
  76.5	103.5
  77.5	92.5
  78.5	117
  79.5	87.6429
  80.5	105
  81.5	98.5
  82.5	92
  83.5	114.5
  84.5	101
  85.5	105
  86.5	106
  87.5	93
  88.5	93
  89.5	111.143
  90.5	115
  91.5	100
  92.5	94
  93.5	117
  94.5	114
  95.5	115
  96.5	120
  97.5	113
  98.5	121
  99.5	112
 100.5	99
 101.5	83.5
 102.5	94.3333
 103.5	121
 104.5	102
 105.5	88.5
DB 2 MOTIF	NR1H3_HUMAN.H11MO.1.B
-110.0	80
-109.0	99.5
-108.0	118.5
-107.0	98
-106.0	121.5
-105.0	103
-104.0	108
-103.0	109.5
-102.0	106.5
-101.0	108
-100.0	102.5
 -99.0	101
 -98.0	93
 -97.0	100
 -96.0	105
 -95.0	100
 -94.0	110
 -93.0	125
 -92.0	90.3333
 -91.0	108.833
 -90.0	114
 -89.0	110.833
 -88.0	106
 -87.0	105
 -86.0	107.5
 -85.0	103.5
 -84.0	117
 -83.0	97.8333
 -82.0	101
 -81.0	96
 -80.0	99
 -79.0	98
 -78.0	103
 -77.0	101
 -76.0	113
 -75.0	111.5
 -74.0	113.5
 -73.0	112.5
 -72.0	124.5
 -71.0	105.5
 -70.0	121
 -69.0	101
 -68.0	116
 -67.0	99
 -66.0	108.5
 -65.0	104.5
 -64.0	117
 -63.0	109.5
 -62.0	109
 -61.0	110.5
 -60.0	121
 -59.0	107.5
 -58.0	91
 -57.0	106.5
 -56.0	126.833
 -55.0	116.5
 -54.0	124.5
 -53.0	112.833
 -52.0	112.5
 -51.0	121
 -50.0	121
 -49.0	122
 -48.0	121.5
 -47.0	107
 -46.0	109.5
 -45.0	120.5
 -44.0	130
 -43.0	92.5
 -42.0	113.5
 -41.0	118
 -40.0	99.5
 -39.0	113.333
 -38.0	125
 -37.0	124.833
 -36.0	124.5
 -35.0	128
 -34.0	114.5
 -33.0	104.5
 -32.0	103.5
 -31.0	116
 -30.0	116.25
 -29.0	116
 -28.0	114.5
 -27.0	122.5
 -26.0	120.333
 -25.0	96.6667
 -24.0	134
 -23.0	135
 -22.0	136.333
 -21.0	140
 -20.0	146.5
 -19.0	173
 -18.0	151.5
 -17.0	172.5
 -16.0	156.5
 -15.0	147
 -14.0	141.5
 -13.0	170.5
 -12.0	151
 -11.0	140.5
 -10.0	162
  -9.0	154.5
  -8.0	161.5
  -7.0	192.5
  -6.0	183
  -5.0	165
  -4.0	190
  -3.0	170
  -2.0	141.5
  -1.0	199
   0.0	180
   1.0	181
   2.0	150.5
   3.0	167
   4.0	181.5
   5.0	175.5
   6.0	155
   7.0	170.25
   8.0	179
   9.0	161.833
  10.0	165.333
  11.0	163.833
  12.0	167
  13.0	158
  14.0	167.833
  15.0	134
  16.0	134
  17.0	176
  18.0	199
  19.0	131
  20.0	133
  21.0	132.5
  22.0	124.833
  23.0	147.333
  24.0	125
  25.0	136
  26.0	134
  27.0	132
  28.0	129
  29.0	110.5
  30.0	128
  31.0	112.5
  32.0	119.333
  33.0	102.5
  34.0	126
  35.0	120
  36.0	143
  37.0	107
  38.0	124
  39.0	101.833
  40.0	116
  41.0	114.5
  42.0	104
  43.0	118
  44.0	111.25
  45.0	102.5
  46.0	115.333
  47.0	104
  48.0	116.333
  49.0	120
  50.0	121.5
  51.0	115
  52.0	132.333
  53.0	102
  54.0	117.5
  55.0	101
  56.0	102.5
  57.0	115.5
  58.0	132.333
  59.0	118
  60.0	103
  61.0	99.5
  62.0	106.5
  63.0	109.5
  64.0	108.5
  65.0	115
  66.0	106
  67.0	101.833
  68.0	110
  69.0	113.5
  70.0	121.5
  71.0	111.833
  72.0	112.5
  73.0	102.5
  74.0	109
  75.0	105
  76.0	108.5
  77.0	123.5
  78.0	106
  79.0	99.5
  80.0	106.5
  81.0	97.5833
  82.0	122
  83.0	115
  84.0	120
  85.0	113
  86.0	113
  87.0	102
  88.0	107.833
  89.0	103
  90.0	92.5
  91.0	109
  92.0	109
  93.0	99
  94.0	108
  95.0	102.333
  96.0	94
  97.0	109.5
  98.0	90.5
  99.0	92.5
 100.0	104
 101.0	103
 102.0	91.5
 103.0	80.5
 104.0	79.5
 105.0	108.333
 106.0	109.5
 107.0	107.5
 108.0	112
 109.0	98
 110.0	106.5
DB 2 MOTIF	NR1H4_HUMAN.H11MO.0.B
-105.5	60
-104.5	71.5
-103.5	73
-102.5	85
-101.5	70
-100.5	67.3333
 -99.5	81.5
 -98.5	82.5
 -97.5	86.5
 -96.5	68
 -95.5	74.5
 -94.5	69
 -93.5	74
 -92.5	59
 -91.5	80
 -90.5	67
 -89.5	71
 -88.5	64.5
 -87.5	77
 -86.5	84
 -85.5	85
 -84.5	62
 -83.5	71
 -82.5	78
 -81.5	60.5
 -80.5	90
 -79.5	61
 -78.5	63.3333
 -77.5	96
 -76.5	83
 -75.5	75.5
 -74.5	83.5
 -73.5	85
 -72.5	81
 -71.5	73
 -70.5	78
 -69.5	69
 -68.5	76
 -67.5	76
 -66.5	75
 -65.5	82
 -64.5	77
 -63.5	93
 -62.5	65
 -61.5	71
 -60.5	79
 -59.5	79
 -58.5	87
 -57.5	83
 -56.5	85.3333
 -55.5	69
 -54.5	90
 -53.5	69.3333
 -52.5	82
 -51.5	80.5
 -50.5	84
 -49.5	74
 -48.5	76
 -47.5	103.5
 -46.5	81
 -45.5	75
 -44.5	72
 -43.5	78
 -42.5	91.5
 -41.5	78
 -40.5	74
 -39.5	67
 -38.5	84.5
 -37.5	85
 -36.5	96
 -35.5	86.5
 -34.5	77
 -33.5	85
 -32.5	90
 -31.5	71.75
 -30.5	102
 -29.5	88
 -28.5	71
 -27.5	102.5
 -26.5	99.5
 -25.5	98
 -24.5	81
 -23.5	84
 -22.5	114
 -21.5	99
 -20.5	92.5
 -19.5	91
 -18.5	105
 -17.5	112
 -16.5	111
 -15.5	125
 -14.5	119
 -13.5	116
 -12.5	116
 -11.5	120
 -10.5	115
  -9.5	106
  -8.5	110
  -7.5	113.5
  -6.5	116
  -5.5	125
  -4.5	96
  -3.5	82
  -2.5	115
  -1.5	118
  -0.5	125
   0.5	120
   1.5	122
   2.5	101
   3.5	125
   4.5	111
   5.5	130.25
   6.5	110
   7.5	103
   8.5	128.5
   9.5	129
  10.5	108
  11.5	113
  12.5	132
  13.5	133
  14.5	113
  15.5	135.5
  16.5	108
  17.5	110
  18.5	116
  19.5	112.5
  20.5	89
  21.5	93
  22.5	93
  23.5	94
  24.5	106
  25.5	88
  26.5	96.3333
  27.5	88
  28.5	75
  29.5	77
  30.5	94
  31.5	87
  32.5	93
  33.5	80
  34.5	93
  35.5	91.5
  36.5	75
  37.5	80
  38.5	76
  39.5	101
  40.5	78
  41.5	95
  42.5	85.25
  43.5	87
  44.5	78
  45.5	86
  46.5	75
  47.5	86
  48.5	81
  49.5	95
  50.5	84
  51.5	83.5
  52.5	58.5
  53.5	96
  54.5	76
  55.5	70
  56.5	80
  57.5	82
  58.5	76
  59.5	81
  60.5	62
  61.5	87
  62.5	83
  63.5	77.5
  64.5	74
  65.5	87
  66.5	79.3333
  67.5	78.5
  68.5	81
  69.5	78
  70.5	69
  71.5	68
  72.5	81
  73.5	60
  74.5	70.5
  75.5	79.5
  76.5	72
  77.5	61
  78.5	87.5
  79.5	74.25
  80.5	58
  81.5	79.5
  82.5	78
  83.5	77
  84.5	71
  85.5	86
  86.5	75
  87.5	100
  88.5	86
  89.5	74
  90.5	71
  91.5	61
  92.5	70
  93.5	77
  94.5	72
  95.5	69
  96.5	75
  97.5	71
  98.5	79.5
  99.5	67
 100.5	82
 101.5	59.5
 102.5	80
 103.5	86
 104.5	63.5
 105.5	67
DB 2 MOTIF	NR1H4_HUMAN.H11MO.1.B
-111.0	76
-110.0	104.5
-109.0	96
-108.0	106
-107.0	107
-106.0	94
-105.0	101.5
-104.0	92
-103.0	103
-102.0	104
-101.0	80.5
-100.0	83
 -99.0	107.5
 -98.0	116.5
 -97.0	95
 -96.0	96
 -95.0	108
 -94.0	103.5
 -93.0	100.333
 -92.0	97.5
 -91.0	99
 -90.0	97.9167
 -89.0	86.5
 -88.0	112.5
 -87.0	109
 -86.0	96
 -85.0	113
 -84.0	82.5
 -83.0	101.5
 -82.0	109.5
 -81.0	92.5
 -80.0	100.5
 -79.0	97
 -78.0	105.75
 -77.0	94.5
 -76.0	100.333
 -75.0	99.5
 -74.0	98.5
 -73.0	106.643
 -72.0	105.25
 -71.0	109
 -70.0	102.5
 -69.0	111.75
 -68.0	114
 -67.0	107
 -66.0	87.25
 -65.0	111
 -64.0	102.5
 -63.0	104.5
 -62.0	91
 -61.0	96
 -60.0	93
 -59.0	87.3333
 -58.0	110.833
 -57.0	111.333
 -56.0	101.5
 -55.0	108
 -54.0	112.5
 -53.0	91.7
 -52.0	114
 -51.0	117.5
 -50.0	107.5
 -49.0	124.25
 -48.0	98.5
 -47.0	111.5
 -46.0	110.143
 -45.0	111
 -44.0	108.5
 -43.0	116.5
 -42.0	110
 -41.0	106
 -40.0	96.5
 -39.0	94.5
 -38.0	114.333
 -37.0	125
 -36.0	121.25
 -35.0	116
 -34.0	102.333
 -33.0	111.25
 -32.0	117
 -31.0	104
 -30.0	115
 -29.0	123
 -28.0	118
 -27.0	96
 -26.0	121.333
 -25.0	118.333
 -24.0	113.333
 -23.0	134.5
 -22.0	135.5
 -21.0	127.5
 -20.0	147.5
 -19.0	178.833
 -18.0	173.5
 -17.0	202.143
 -16.0	198.7
 -15.0	182
 -14.0	178.5
 -13.0	162.833
 -12.0	166
 -11.0	177
 -10.0	164
  -9.0	207
  -8.0	213.5
  -7.0	189.833
  -6.0	222.5
  -5.0	213.25
  -4.0	205.5
  -3.0	203.5
  -2.0	216.75
  -1.0	179
   0.0	211
   1.0	212
   2.0	206
   3.0	194.5
   4.0	201
   5.0	215
   6.0	216.5
   7.0	191.333
   8.0	202.833
   9.0	191.5
  10.0	192.333
  11.0	189
  12.0	188.893
  13.0	187.833
  14.0	166.5
  15.0	167.5
  16.0	173
  17.0	182.25
  18.0	179.833
  19.0	162.5
  20.0	125
  21.0	138.033
  22.0	154.5
  23.0	115.5
  24.0	140.333
  25.0	123
  26.0	146
  27.0	114
  28.0	111.75
  29.0	127.5
  30.0	120.5
  31.0	122.5
  32.0	104
  33.0	113
  34.0	103
  35.0	121.333
  36.0	100
  37.0	117.833
  38.0	101.5
  39.0	105.5
  40.0	100.5
  41.0	101.643
  42.0	92
  43.0	121.5
  44.0	108.75
  45.0	108.25
  46.0	110.5
  47.0	128.25
  48.0	115
  49.0	100.833
  50.0	111
  51.0	115.333
  52.0	80
  53.0	114
  54.0	103.5
  55.0	109.5
  56.0	109
  57.0	110.5
  58.0	87.5333
  59.0	109
  60.0	98
  61.0	107.5
  62.0	93.8333
  63.0	101.5
  64.0	103
  65.0	111
  66.0	110.5
  67.0	97
  68.0	92.6429
  69.0	99.5
  70.0	99.5
  71.0	112.5
  72.0	86
  73.0	92.8333
  74.0	103.5
  75.0	105
  76.0	108.25
  77.0	102.5
  78.0	97.5
  79.0	108.5
  80.0	93
  81.0	108
  82.0	110.5
  83.0	113.833
  84.0	110.5
  85.0	111.5
  86.0	120
  87.0	98.25
  88.0	94
  89.0	98
  90.0	99.5
  91.0	85.5
  92.0	102
  93.0	99.75
  94.0	91.5
  95.0	111.843
  96.0	114.5
  97.0	113
  98.0	95.5
  99.0	87.5
 100.0	103.5
 101.0	82.8333
 102.0	90.5
 103.0	107.5
 104.0	83.5
 105.0	95.5
 106.0	105
 107.0	102
 108.0	97.25
 109.0	105.5
 110.0	98.3333
 111.0	98.8333
DB 2 MOTIF	NR2C1_HUMAN.H11MO.0.C
-108.5	50
-107.5	44
-106.5	52
-105.5	47
-104.5	45
-103.5	46
-102.5	49
-101.5	48
-100.5	37
 -99.5	44
 -98.5	38
 -97.5	37
 -96.5	43
 -95.5	49
 -94.5	47
 -93.5	41
 -92.5	46
 -91.5	35
 -90.5	48
 -89.5	42
 -88.5	43
 -87.5	42
 -86.5	37
 -85.5	46
 -84.5	32
 -83.5	42
 -82.5	36
 -81.5	34
 -80.5	43
 -79.5	41
 -78.5	34
 -77.5	44
 -76.5	45
 -75.5	42
 -74.5	35
 -73.5	47
 -72.5	42
 -71.5	42.5
 -70.5	34.5
 -69.5	39
 -68.5	41
 -67.5	51
 -66.5	44
 -65.5	55.5
 -64.5	47
 -63.5	42
 -62.5	44
 -61.5	39
 -60.5	37
 -59.5	46
 -58.5	40
 -57.5	40
 -56.5	40
 -55.5	36
 -54.5	53
 -53.5	38
 -52.5	42
 -51.5	46
 -50.5	53
 -49.5	38
 -48.5	50
 -47.5	50
 -46.5	45.3333
 -45.5	50
 -44.5	53
 -43.5	40
 -42.5	38
 -41.5	47
 -40.5	41
 -39.5	45
 -38.5	43
 -37.5	42.5
 -36.5	42
 -35.5	56
 -34.5	44
 -33.5	46
 -32.5	44
 -31.5	49
 -30.5	57
 -29.5	54
 -28.5	37
 -27.5	53
 -26.5	46
 -25.5	54
 -24.5	44
 -23.5	46
 -22.5	43
 -21.5	46
 -20.5	51
 -19.5	46
 -18.5	37
 -17.5	52
 -16.5	42
 -15.5	40
 -14.5	45
 -13.5	42
 -12.5	49
 -11.5	57
 -10.5	43
  -9.5	43
  -8.5	58
  -7.5	52
  -6.5	41
  -5.5	64
  -4.5	48
  -3.5	59
  -2.5	50
  -1.5	60
  -0.5	53
   0.5	47
   1.5	45
   2.5	44
   3.5	53
   4.5	57
   5.5	74
   6.5	48
   7.5	46
   8.5	55.3333
   9.5	57
  10.5	43
  11.5	41
  12.5	49.5
  13.5	56
  14.5	56
  15.5	52
  16.5	48
  17.5	55
  18.5	38
  19.5	49.5
  20.5	44
  21.5	52
  22.5	47.5
  23.5	38
  24.5	42
  25.5	52.5
  26.5	44
  27.5	43
  28.5	51
  29.5	42
  30.5	54
  31.5	47.5
  32.5	50
  33.5	49
  34.5	33
  35.5	43
  36.5	51
  37.5	42
  38.5	47.5
  39.5	39
  40.5	37
  41.5	43
  42.5	53
  43.5	41
  44.5	35
  45.5	39
  46.5	39
  47.5	36
  48.5	53
  49.5	48.5
  50.5	60
  51.5	53
  52.5	45
  53.5	43
  54.5	47
  55.5	50.5
  56.5	39.5
  57.5	37
  58.5	34
  59.5	41
  60.5	41
  61.5	49.3333
  62.5	52
  63.5	52
  64.5	44
  65.5	45
  66.5	39
  67.5	38
  68.5	38
  69.5	52
  70.5	41
  71.5	51
  72.5	57
  73.5	45
  74.5	50
  75.5	45
  76.5	37
  77.5	37
  78.5	35
  79.5	54
  80.5	46
  81.5	42
  82.5	44
  83.5	47
  84.5	47
  85.5	42
  86.5	39
  87.5	40
  88.5	33
  89.5	49
  90.5	43
  91.5	41
  92.5	48
  93.5	41
  94.5	42
  95.5	53.5
  96.5	42
  97.5	40
  98.5	44
  99.5	43
 100.5	38
 101.5	34
 102.5	45
 103.5	36
 104.5	42
 105.5	42
 106.5	39
 107.5	41
 108.5	48
DB 2 MOTIF	NR2C2_HUMAN.H11MO.0.B
-109.0	101.5
-108.0	83
-107.0	86
-106.0	92
-105.0	81
-104.0	74
-103.0	89
-102.0	85.8333
-101.0	85
-100.0	87
 -99.0	73.5
 -98.0	78.5
 -97.0	70
 -96.0	90
 -95.0	86.3333
 -94.0	79
 -93.0	75
 -92.0	78
 -91.0	74
 -90.0	72
 -89.0	81
 -88.0	90
 -87.0	79
 -86.0	94.2
 -85.0	86.3333
 -84.0	87.5
 -83.0	98
 -82.0	77
 -81.0	101
 -80.0	74
 -79.0	86
 -78.0	103
 -77.0	81.5
 -76.0	83.5
 -75.0	106
 -74.0	87.7
 -73.0	88
 -72.0	91
 -71.0	84
 -70.0	90.5
 -69.0	84
 -68.0	100.833
 -67.0	84
 -66.0	79
 -65.0	96
 -64.0	75.5
 -63.0	95
 -62.0	89.0333
 -61.0	83
 -60.0	79
 -59.0	86.5
 -58.0	82.5
 -57.0	89
 -56.0	72.3333
 -55.0	85.5
 -54.0	95.8333
 -53.0	93.5
 -52.0	86
 -51.0	86
 -50.0	98.7
 -49.0	72
 -48.0	97
 -47.0	96.5
 -46.0	92.3333
 -45.0	85.5
 -44.0	86.5
 -43.0	92
 -42.0	110.333
 -41.0	87
 -40.0	94
 -39.0	99
 -38.0	85
 -37.0	92.5
 -36.0	89.5
 -35.0	75
 -34.0	96.5
 -33.0	89.25
 -32.0	85.5
 -31.0	96
 -30.0	91
 -29.0	82
 -28.0	81
 -27.0	87
 -26.0	90.2
 -25.0	117
 -24.0	70.3333
 -23.0	90
 -22.0	90
 -21.0	90
 -20.0	79
 -19.0	84
 -18.0	70.5
 -17.0	69
 -16.0	79
 -15.0	90
 -14.0	91
 -13.0	99
 -12.0	113
 -11.0	104.5
 -10.0	103
  -9.0	106
  -8.0	80.5
  -7.0	94.5
  -6.0	114.5
  -5.0	103
  -4.0	109
  -3.0	113.5
  -2.0	100.833
  -1.0	94
   0.0	111
   1.0	116
   2.0	109
   3.0	94
   4.0	96.25
   5.0	98.5
   6.0	103.5
   7.0	85
   8.0	104.5
   9.0	76.3333
  10.0	106
  11.0	107.333
  12.0	102
  13.0	89
  14.0	92.3333
  15.0	79
  16.0	74.5
  17.0	103
  18.0	93
  19.0	83.5
  20.0	92
  21.0	99
  22.0	93.5
  23.0	91
  24.0	85.5
  25.0	98.5
  26.0	101
  27.0	112.5
  28.0	91
  29.0	90
  30.0	85.5
  31.0	99
  32.0	88
  33.0	87
  34.0	99
  35.0	103
  36.0	85
  37.0	76.3333
  38.0	97.5
  39.0	78.5
  40.0	77
  41.0	85.25
  42.0	82.3333
  43.0	74.5
  44.0	82
  45.0	78
  46.0	67
  47.0	85
  48.0	95.5
  49.0	85.5
  50.0	78.5
  51.0	101
  52.0	90.5
  53.0	87
  54.0	79
  55.0	105.5
  56.0	96
  57.0	94.5
  58.0	88
  59.0	80
  60.0	100.5
  61.0	99.5
  62.0	90.3333
  63.0	81.5
  64.0	97
  65.0	73
  66.0	82.5
  67.0	103
  68.0	87.5
  69.0	78
  70.0	97.3333
  71.0	83
  72.0	84.5
  73.0	83.5
  74.0	79
  75.0	78.5
  76.0	72.5
  77.0	69.5
  78.0	85.25
  79.0	101
  80.0	89
  81.0	84
  82.0	92
  83.0	80
  84.0	69
  85.0	91.5
  86.0	88
  87.0	88.5
  88.0	80.5
  89.0	90
  90.0	73
  91.0	88
  92.0	87.5
  93.0	84
  94.0	92.5
  95.0	62
  96.0	95
  97.0	88
  98.0	87
  99.0	72
 100.0	77
 101.0	98
 102.0	82
 103.0	92
 104.0	70
 105.0	74
 106.0	84
 107.0	67
 108.0	97
 109.0	96
DB 2 MOTIF	NR4A1_HUMAN.H11MO.0.A
-110.5	129.5
-109.5	121.5
-108.5	135.75
-107.5	144
-106.5	164.5
-105.5	130.5
-104.5	133
-103.5	148.5
-102.5	142.5
-101.5	121
-100.5	116.25
 -99.5	119
 -98.5	120
 -97.5	117.5
 -96.5	127
 -95.5	140.5
 -94.5	135.25
 -93.5	142.5
 -92.5	131
 -91.5	127.333
 -90.5	123
 -89.5	143.333
 -88.5	138.833
 -87.5	137
 -86.5	119
 -85.5	120
 -84.5	128.5
 -83.5	159
 -82.5	117
 -81.5	133
 -80.5	138.5
 -79.5	121.5
 -78.5	120
 -77.5	141.5
 -76.5	140.5
 -75.5	128.75
 -74.5	159.5
 -73.5	145
 -72.5	134
 -71.5	115.5
 -70.5	118.833
 -69.5	133
 -68.5	113
 -67.5	135.5
 -66.5	112.5
 -65.5	123
 -64.5	120.5
 -63.5	124
 -62.5	112.5
 -61.5	124.5
 -60.5	122.5
 -59.5	144
 -58.5	123.5
 -57.5	132.5
 -56.5	123.5
 -55.5	130.833
 -54.5	134.5
 -53.5	144.5
 -52.5	135.5
 -51.5	124.333
 -50.5	130
 -49.5	137
 -48.5	119.5
 -47.5	139.75
 -46.5	144
 -45.5	125
 -44.5	138
 -43.5	129.5
 -42.5	137.5
 -41.5	136.5
 -40.5	133
 -39.5	127
 -38.5	126
 -37.5	130.25
 -36.5	110.5
 -35.5	142.5
 -34.5	133
 -33.5	129.5
 -32.5	113
 -31.5	109
 -30.5	109
 -29.5	133.5
 -28.5	137
 -27.5	151.25
 -26.5	124.5
 -25.5	134.333
 -24.5	121.833
 -23.5	129.5
 -22.5	134.333
 -21.5	124
 -20.5	130.5
 -19.5	174
 -18.5	163.5
 -17.5	159
 -16.5	144
 -15.5	142.333
 -14.5	141.5
 -13.5	129.5
 -12.5	128
 -11.5	147
 -10.5	155.333
  -9.5	136
  -8.5	139.5
  -7.5	165
  -6.5	180
  -5.5	173
  -4.5	154.333
  -3.5	162.25
  -2.5	168
  -1.5	165
  -0.5	166
   0.5	149
   1.5	160
   2.5	145.5
   3.5	182.5
   4.5	172
   5.5	169.5
   6.5	162.5
   7.5	180.5
   8.5	155.333
   9.5	142
  10.5	145.833
  11.5	138.5
  12.5	167.5
  13.5	144.25
  14.5	134.5
  15.5	137.5
  16.5	134.5
  17.5	132
  18.5	176
  19.5	138.5
  20.5	141.5
  21.5	140.833
  22.5	151.5
  23.5	134.5
  24.5	124
  25.5	137.75
  26.5	128
  27.5	116
  28.5	128.333
  29.5	132
  30.5	131.5
  31.5	117.5
  32.5	141.833
  33.5	136
  34.5	129
  35.5	157
  36.5	140.833
  37.5	130
  38.5	130
  39.5	128.5
  40.5	149.5
  41.5	133.5
  42.5	110.5
  43.5	130.5
  44.5	126
  45.5	110
  46.5	119.833
  47.5	128.833
  48.5	143.5
  49.5	148.5
  50.5	140
  51.5	146.5
  52.5	112.833
  53.5	139
  54.5	123.5
  55.5	116.5
  56.5	121.833
  57.5	128.833
  58.5	148.5
  59.5	130.5
  60.5	136
  61.5	121.5
  62.5	124.833
  63.5	136
  64.5	139
  65.5	132.5
  66.5	124
  67.5	120.5
  68.5	125.25
  69.5	135
  70.5	137
  71.5	135.5
  72.5	120.5
  73.5	133
  74.5	122.833
  75.5	135
  76.5	134.5
  77.5	121.833
  78.5	113
  79.5	149.5
  80.5	128.833
  81.5	135
  82.5	136.5
  83.5	116.5
  84.5	141
  85.5	129
  86.5	144.25
  87.5	140
  88.5	115.25
  89.5	125
  90.5	117
  91.5	137.333
  92.5	121
  93.5	106
  94.5	122.5
  95.5	113
  96.5	126
  97.5	121
  98.5	130
  99.5	120
 100.5	137.5
 101.5	125
 102.5	138.5
 103.5	129
 104.5	133.5
 105.5	126.5
 106.5	127.5
 107.5	133
 108.5	138
 109.5	143.417
 110.5	142.5
DB 2 MOTIF	NRF1_HUMAN.H11MO.0.A
-106.5	14
-105.5	7
-104.5	15.5
-103.5	15.5
-102.5	18
-101.5	16
-100.5	14
 -99.5	13
 -98.5	11
 -97.5	6
 -96.5	10
 -95.5	11
 -94.5	16.5
 -93.5	13
 -92.5	12
 -91.5	13
 -90.5	9.5
 -89.5	11
 -88.5	15
 -87.5	10
 -86.5	11
 -85.5	10
 -84.5	15
 -83.5	11
 -82.5	13
 -81.5	7
 -80.5	13
 -79.5	10
 -78.5	7
 -77.5	5
 -76.5	11.5
 -75.5	16
 -74.5	6
 -73.5	6
 -72.5	8
 -71.5	12
 -70.5	11
 -69.5	15
 -68.5	12
 -67.5	13
 -66.5	10
 -65.5	17
 -64.5	14
 -63.5	10
 -62.5	8
 -61.5	19
 -60.5	8
 -59.5	7
 -58.5	14
 -57.5	14
 -56.5	19
 -55.5	11
 -54.5	13
 -53.5	16
 -52.5	13
 -51.5	5
 -50.5	15
 -49.5	9
 -48.5	13
 -47.5	11
 -46.5	15
 -45.5	14
 -44.5	14
 -43.5	13
 -42.5	12
 -41.5	16
 -40.5	16
 -39.5	15
 -38.5	11
 -37.5	14
 -36.5	14.5
 -35.5	11
 -34.5	13
 -33.5	13
 -32.5	8
 -31.5	19
 -30.5	13
 -29.5	16
 -28.5	17
 -27.5	13
 -26.5	18
 -25.5	22
 -24.5	23
 -23.5	13
 -22.5	6
 -21.5	18
 -20.5	15
 -19.5	19
 -18.5	18
 -17.5	13
 -16.5	19
 -15.5	14
 -14.5	16
 -13.5	13.5
 -12.5	15.5
 -11.5	11
 -10.5	17
  -9.5	16
  -8.5	18
  -7.5	13
  -6.5	11
  -5.5	12
  -4.5	12
  -3.5	9
  -2.5	15
  -1.5	11
  -0.5	11
   0.5	9
   1.5	15
   2.5	14
   3.5	13
   4.5	15
   5.5	8
   6.5	12
   7.5	14
   8.5	12
   9.5	15
  10.5	10
  11.5	17
  12.5	12
  13.5	14
  14.5	12
  15.5	13
  16.5	19
  17.5	21
  18.5	8
  19.5	18
  20.5	19
  21.5	14
  22.5	13
  23.5	24
  24.5	7
  25.5	17
  26.5	12
  27.5	11
  28.5	14
  29.5	18
  30.5	6
  31.5	18
  32.5	12
  33.5	8
  34.5	14
  35.5	16
  36.5	14
  37.5	15
  38.5	12
  39.5	12
  40.5	15
  41.5	8
  42.5	9
  43.5	10
  44.5	12
  45.5	9
  46.5	15
  47.5	8
  48.5	10
  49.5	10
  50.5	9
  51.5	12
  52.5	14
  53.5	9
  54.5	10
  55.5	13
  56.5	11
  57.5	11.5
  58.5	6
  59.5	13.5
  60.5	13.5
  61.5	11
  62.5	12
  63.5	8
  64.5	12.5
  65.5	16
  66.5	13
  67.5	16
  68.5	13
  69.5	15
  70.5	12
  71.5	10
  72.5	9
  73.5	8
  74.5	8
  75.5	6
  76.5	18
  77.5	15
  78.5	16
  79.5	10
  80.5	12
  81.5	8
  82.5	8
  83.5	13
  84.5	8
  85.5	15
  86.5	10
  87.5	6
  88.5	12
  89.5	11
  90.5	13
  91.5	13
  92.5	12
  93.5	10
  94.5	10
  95.5	9
  96.5	14
  97.5	9
  98.5	6
  99.5	15
 100.5	10
 101.5	16
 102.5	11
 103.5	12
 104.5	9
 105.5	10
 106.5	13
DB 2 MOTIF	OLIG2_HUMAN.H11MO.0.B
-106.0	110.5
-105.0	117
-104.0	137.5
-103.0	115
-102.0	113
-101.0	95
-100.0	106.5
 -99.0	96.5
 -98.0	106
 -97.0	137
 -96.0	104.5
 -95.0	110
 -94.0	117.5
 -93.0	103.5
 -92.0	108.5
 -91.0	98.5
 -90.0	108.333
 -89.0	102.5
 -88.0	110
 -87.0	120.5
 -86.0	107
 -85.0	102
 -84.0	111
 -83.0	111.5
 -82.0	101
 -81.0	119
 -80.0	108.5
 -79.0	104
 -78.0	117
 -77.0	105.5
 -76.0	124.5
 -75.0	106.5
 -74.0	103
 -73.0	119
 -72.0	112.5
 -71.0	113.5
 -70.0	116.5
 -69.0	122
 -68.0	104.5
 -67.0	123
 -66.0	120.5
 -65.0	125
 -64.0	119
 -63.0	96
 -62.0	140
 -61.0	96
 -60.0	122
 -59.0	115
 -58.0	105.5
 -57.0	111
 -56.0	101
 -55.0	130
 -54.0	111.5
 -53.0	124.5
 -52.0	128.5
 -51.0	141.5
 -50.0	116.5
 -49.0	119.5
 -48.0	115.5
 -47.0	120
 -46.0	117.5
 -45.0	123
 -44.0	115
 -43.0	126.5
 -42.0	106.5
 -41.0	119.5
 -40.0	129
 -39.0	126
 -38.0	129
 -37.0	118
 -36.0	106.5
 -35.0	130.5
 -34.0	137
 -33.0	123
 -32.0	135
 -31.0	136.5
 -30.0	135.167
 -29.0	133.333
 -28.0	125
 -27.0	122.667
 -26.0	125.5
 -25.0	131
 -24.0	136.167
 -23.0	139.5
 -22.0	133.5
 -21.0	134.167
 -20.0	168
 -19.0	144.5
 -18.0	145.667
 -17.0	156
 -16.0	161
 -15.0	145.167
 -14.0	146.5
 -13.0	146
 -12.0	146
 -11.0	166.5
 -10.0	150.5
  -9.0	156
  -8.0	181.5
  -7.0	164.5
  -6.0	191
  -5.0	193
  -4.0	176.5
  -3.0	164
  -2.0	175.5
  -1.0	197
   0.0	208
   1.0	183
   2.0	193.5
   3.0	190
   4.0	206
   5.0	191
   6.0	169
   7.0	171.5
   8.0	171.5
   9.0	149
  10.0	157
  11.0	156.5
  12.0	155
  13.0	143.5
  14.0	132
  15.0	159
  16.0	145
  17.0	153
  18.0	146.5
  19.0	130.5
  20.0	143
  21.0	131
  22.0	145
  23.0	131
  24.0	132
  25.0	147.5
  26.0	126.5
  27.0	129
  28.0	136
  29.0	125.5
  30.0	133
  31.0	118.5
  32.0	141.333
  33.0	144.5
  34.0	118
  35.0	111.5
  36.0	135
  37.0	127
  38.0	132
  39.0	117
  40.0	119.5
  41.0	111
  42.0	139
  43.0	114.5
  44.0	118
  45.0	126.5
  46.0	114
  47.0	126.5
  48.0	115.5
  49.0	116
  50.0	99
  51.0	118
  52.0	125.5
  53.0	112
  54.0	112
  55.0	127
  56.0	122
  57.0	103
  58.0	116
  59.0	123.5
  60.0	104.5
  61.0	102
  62.0	110.5
  63.0	98
  64.0	114.5
  65.0	96.5
  66.0	117.5
  67.0	121.5
  68.0	126
  69.0	139
  70.0	133.5
  71.0	107
  72.0	114
  73.0	107
  74.0	104
  75.0	110
  76.0	94.5
  77.0	112
  78.0	99.5
  79.0	133.5
  80.0	102
  81.0	108
  82.0	100.5
  83.0	125.5
  84.0	121
  85.0	115
  86.0	113
  87.0	88.5
  88.0	111
  89.0	122
  90.0	111
  91.0	117
  92.0	108.5
  93.0	96
  94.0	112
  95.0	112.5
  96.0	129
  97.0	116.5
  98.0	116.5
  99.0	106.5
 100.0	116
 101.0	104
 102.0	105
 103.0	95.5
 104.0	101.5
 105.0	120.5
 106.0	111
DB 2 MOTIF	OLIG2_HUMAN.H11MO.1.B
-110.0	115
-109.0	143
-108.0	140.5
-107.0	121.5
-106.0	108.667
-105.0	92.5
-104.0	125.75
-103.0	132.333
-102.0	101.5
-101.0	114
-100.0	136
 -99.0	115
 -98.0	121.167
 -97.0	101
 -96.0	118.833
 -95.0	90
 -94.0	115.25
 -93.0	128
 -92.0	111
 -91.0	127.75
 -90.0	121
 -89.0	131.5
 -88.0	110
 -87.0	126.333
 -86.0	114.5
 -85.0	121.75
 -84.0	115.083
 -83.0	122
 -82.0	116
 -81.0	135.5
 -80.0	113
 -79.0	113.25
 -78.0	101.5
 -77.0	117.5
 -76.0	115.5
 -75.0	122
 -74.0	123
 -73.0	95.5
 -72.0	124.833
 -71.0	122
 -70.0	121.5
 -69.0	118.5
 -68.0	116
 -67.0	138.333
 -66.0	137
 -65.0	132.833
 -64.0	129.5
 -63.0	129.333
 -62.0	118
 -61.0	117.167
 -60.0	108.5
 -59.0	125.5
 -58.0	126.333
 -57.0	119.5
 -56.0	144.5
 -55.0	158.5
 -54.0	110
 -53.0	117
 -52.0	124.5
 -51.0	136
 -50.0	129.167
 -49.0	134
 -48.0	127
 -47.0	129.833
 -46.0	107
 -45.0	127.5
 -44.0	148.583
 -43.0	109
 -42.0	130
 -41.0	128
 -40.0	133
 -39.0	143
 -38.0	137.5
 -37.0	119.5
 -36.0	138
 -35.0	122
 -34.0	127.111
 -33.0	123.583
 -32.0	151.833
 -31.0	140.611
 -30.0	130
 -29.0	139.5
 -28.0	162.778
 -27.0	142
 -26.0	158.25
 -25.0	138.194
 -24.0	163.917
 -23.0	170.5
 -22.0	151.778
 -21.0	166.5
 -20.0	155.5
 -19.0	167.611
 -18.0	138
 -17.0	175
 -16.0	163.111
 -15.0	178
 -14.0	185
 -13.0	189.611
 -12.0	184.833
 -11.0	188.5
 -10.0	202.111
  -9.0	204
  -8.0	171
  -7.0	245.5
  -6.0	214
  -5.0	221.25
  -4.0	232
  -3.0	212
  -2.0	260
  -1.0	236
   0.0	274
   1.0	235.5
   2.0	242.5
   3.0	249.833
   4.0	227
   5.0	224.833
   6.0	213
   7.0	216
   8.0	200
   9.0	217
  10.0	199
  11.0	175
  12.0	175
  13.0	172.667
  14.0	172
  15.0	163.5
  16.0	185.25
  17.0	155.5
  18.0	138.5
  19.0	160.833
  20.0	163
  21.0	130
  22.0	154.5
  23.0	151.5
  24.0	153.5
  25.0	135.5
  26.0	148.5
  27.0	150.75
  28.0	136.75
  29.0	154
  30.0	125
  31.0	159.5
  32.0	140
  33.0	126.5
  34.0	123.25
  35.0	135
  36.0	143.583
  37.0	154.5
  38.0	153
  39.0	151.5
  40.0	135
  41.0	111
  42.0	133
  43.0	115
  44.0	120.25
  45.0	110.833
  46.0	123
  47.0	128.033
  48.0	161
  49.0	127.5
  50.0	119.367
  51.0	126
  52.0	131.333
  53.0	115.2
  54.0	121
  55.0	137
  56.0	113.533
  57.0	126.5
  58.0	116
  59.0	121.2
  60.0	108
  61.0	118.5
  62.0	132
  63.0	128
  64.0	134.5
  65.0	104.5
  66.0	116
  67.0	119.5
  68.0	123
  69.0	122
  70.0	130.5
  71.0	127.5
  72.0	100.5
  73.0	144.5
  74.0	115.5
  75.0	110
  76.0	133.5
  77.0	127.75
  78.0	109.25
  79.0	118
  80.0	111.25
  81.0	101
  82.0	124.5
  83.0	124.5
  84.0	118.5
  85.0	103
  86.0	116.5
  87.0	120.667
  88.0	103.5
  89.0	111.25
  90.0	117.5
  91.0	116.5
  92.0	133.25
  93.0	123
  94.0	113.333
  95.0	115.5
  96.0	122
  97.0	113.75
  98.0	128
  99.0	101
 100.0	100.333
 101.0	122.5
 102.0	105
 103.0	108.333
 104.0	111
 105.0	111
 106.0	110.833
 107.0	135
 108.0	105
 109.0	109.833
 110.0	105.5
DB 2 MOTIF	OLIG3_HUMAN.H11MO.0.D
-109.5	29.5
-108.5	24.5
-107.5	27.5
-106.5	29
-105.5	26
-104.5	26.5
-103.5	24
-102.5	21
-101.5	27.5
-100.5	35
 -99.5	42
 -98.5	28.5
 -97.5	24.5
 -96.5	35.5
 -95.5	25
 -94.5	25.5
 -93.5	17.5
 -92.5	25
 -91.5	21
 -90.5	20
 -89.5	33.5
 -88.5	33
 -87.5	23.5
 -86.5	19.5
 -85.5	21
 -84.5	30
 -83.5	29.5
 -82.5	26.5
 -81.5	26
 -80.5	28
 -79.5	30.5
 -78.5	29
 -77.5	32
 -76.5	24
 -75.5	20.5
 -74.5	21.5
 -73.5	21
 -72.5	26
 -71.5	30
 -70.5	34.5
 -69.5	25.5
 -68.5	18.5
 -67.5	26
 -66.5	39.5
 -65.5	25.5
 -64.5	33
 -63.5	24
 -62.5	37
 -61.5	37.5
 -60.5	29
 -59.5	32
 -58.5	14.5
 -57.5	18
 -56.5	29
 -55.5	30
 -54.5	20.5
 -53.5	24.5
 -52.5	26
 -51.5	32.5
 -50.5	26.5
 -49.5	30.5
 -48.5	21.5
 -47.5	31
 -46.5	22.5
 -45.5	35
 -44.5	25.5
 -43.5	33.5
 -42.5	28
 -41.5	23.5
 -40.5	22.5
 -39.5	26.5
 -38.5	23
 -37.5	25.5
 -36.5	24
 -35.5	24.5
 -34.5	22.5
 -33.5	22.5
 -32.5	25.5
 -31.5	24.5
 -30.5	30
 -29.5	26
 -28.5	25
 -27.5	30.5
 -26.5	30
 -25.5	24
 -24.5	19
 -23.5	20
 -22.5	21
 -21.5	26
 -20.5	25
 -19.5	21
 -18.5	23
 -17.5	14.5
 -16.5	21.5
 -15.5	36
 -14.5	38.5
 -13.5	24.5
 -12.5	28
 -11.5	28
 -10.5	17
  -9.5	42
  -8.5	23
  -7.5	41
  -6.5	38.5
  -5.5	31.5
  -4.5	43
  -3.5	38
  -2.5	40
  -1.5	37
  -0.5	47
   0.5	51
   1.5	41
   2.5	40
   3.5	42
   4.5	41
   5.5	37
   6.5	40
   7.5	37
   8.5	27
   9.5	32
  10.5	25
  11.5	41
  12.5	27
  13.5	35.5
  14.5	29
  15.5	26.5
  16.5	30.5
  17.5	23
  18.5	20
  19.5	23
  20.5	22
  21.5	24.5
  22.5	30
  23.5	23
  24.5	27
  25.5	25.5
  26.5	25.5
  27.5	21
  28.5	25
  29.5	19
  30.5	27
  31.5	26
  32.5	15
  33.5	26.5
  34.5	27.5
  35.5	28.5
  36.5	21
  37.5	28.5
  38.5	29
  39.5	26
  40.5	21
  41.5	31
  42.5	31.5
  43.5	22.5
  44.5	31.5
  45.5	10.5
  46.5	26.5
  47.5	30.5
  48.5	26
  49.5	30.5
  50.5	23
  51.5	25.5
  52.5	27.5
  53.5	19
  54.5	30.5
  55.5	17
  56.5	21
  57.5	24
  58.5	22
  59.5	17
  60.5	25
  61.5	26
  62.5	23
  63.5	29
  64.5	22
  65.5	17
  66.5	26
  67.5	20
  68.5	31.5
  69.5	23
  70.5	34
  71.5	21
  72.5	29
  73.5	26
  74.5	26
  75.5	21
  76.5	27.5
  77.5	24
  78.5	29.5
  79.5	21
  80.5	20
  81.5	21
  82.5	25
  83.5	23
  84.5	20
  85.5	26
  86.5	22
  87.5	23
  88.5	40
  89.5	26
  90.5	27
  91.5	32.5
  92.5	24
  93.5	28.5
  94.5	32
  95.5	36
  96.5	22.5
  97.5	26.5
  98.5	23
  99.5	21
 100.5	28.5
 101.5	38.5
 102.5	25
 103.5	28
 104.5	20
 105.5	29.5
 106.5	37
 107.5	30.5
 108.5	29
 109.5	31.5
DB 2 MOTIF	OSR2_HUMAN.H11MO.0.C
-107.0	110
-106.0	114
-105.0	80.5
-104.0	97.5
-103.0	95
-102.0	85
-101.0	83
-100.0	101.5
 -99.0	94
 -98.0	93
 -97.0	93.5
 -96.0	113
 -95.0	90
 -94.0	89
 -93.0	75
 -92.0	94
 -91.0	95
 -90.0	88.3333
 -89.0	104
 -88.0	89.3333
 -87.0	85
 -86.0	110
 -85.0	96.8333
 -84.0	83
 -83.0	117
 -82.0	117.333
 -81.0	104.5
 -80.0	94
 -79.0	108
 -78.0	93
 -77.0	97.3333
 -76.0	101
 -75.0	125
 -74.0	82
 -73.0	84
 -72.0	114
 -71.0	106
 -70.0	96
 -69.0	104
 -68.0	86
 -67.0	85
 -66.0	91
 -65.0	98
 -64.0	106.333
 -63.0	103
 -62.0	91
 -61.0	92
 -60.0	100
 -59.0	98.5
 -58.0	104
 -57.0	98
 -56.0	104
 -55.0	114.833
 -54.0	105
 -53.0	102.5
 -52.0	93
 -51.0	109
 -50.0	87
 -49.0	95
 -48.0	102
 -47.0	108
 -46.0	93.5
 -45.0	117
 -44.0	118.833
 -43.0	92
 -42.0	105
 -41.0	123
 -40.0	95
 -39.0	101
 -38.0	112.833
 -37.0	111
 -36.0	121.5
 -35.0	117
 -34.0	122
 -33.0	119
 -32.0	100.5
 -31.0	108.976
 -30.0	139
 -29.0	111
 -28.0	119.643
 -27.0	133.5
 -26.0	124
 -25.0	122.643
 -24.0	132
 -23.0	138
 -22.0	150.143
 -21.0	135
 -20.0	151.5
 -19.0	147.143
 -18.0	151.5
 -17.0	160
 -16.0	154.143
 -15.0	129
 -14.0	139.5
 -13.0	145.143
 -12.0	143
 -11.0	134
 -10.0	172.333
  -9.0	142.5
  -8.0	141.5
  -7.0	160.5
  -6.0	170
  -5.0	146.5
  -4.0	121
  -3.0	171
  -2.0	145.5
  -1.0	122
   0.0	164
   1.0	148.5
   2.0	148.5
   3.0	140.5
   4.0	146
   5.0	129.75
   6.0	145
   7.0	159
   8.0	143
   9.0	158
  10.0	159.5
  11.0	145
  12.0	148
  13.0	139
  14.0	170
  15.0	151
  16.0	148
  17.0	151
  18.0	159.5
  19.0	143.333
  20.0	146
  21.0	126.5
  22.0	154.5
  23.0	124.5
  24.0	132
  25.0	138.25
  26.0	123
  27.0	126
  28.0	123.25
  29.0	117
  30.0	112.5
  31.0	104.75
  32.0	118
  33.0	102.333
  34.0	106.25
  35.0	80.5
  36.0	104.333
  37.0	123.75
  38.0	106.5
  39.0	119
  40.0	117
  41.0	105
  42.0	96
  43.0	108.5
  44.0	102
  45.0	117
  46.0	111
  47.0	95
  48.0	109
  49.0	113
  50.0	98.3333
  51.0	102
  52.0	93
  53.0	96.3333
  54.0	93.5
  55.0	101
  56.0	111.667
  57.0	102
  58.0	95.5
  59.0	109
  60.0	109
  61.0	96
  62.0	99.5
  63.0	81
  64.0	106
  65.0	85
  66.0	96.5
  67.0	101
  68.0	99
  69.0	100.75
  70.0	102
  71.0	101
  72.0	96
  73.0	120
  74.0	95
  75.0	107
  76.0	103
  77.0	107
  78.0	102.5
  79.0	84
  80.0	103
  81.0	91
  82.0	95
  83.0	95.5
  84.0	87
  85.0	83
  86.0	93.5
  87.0	110
  88.0	108.5
  89.0	86.5
  90.0	99.5
  91.0	95.2
  92.0	103
  93.0	80
  94.0	79.2
  95.0	79
  96.0	96
  97.0	89.2
  98.0	96
  99.0	82
 100.0	101.2
 101.0	89.25
 102.0	101
 103.0	78.2
 104.0	105
 105.0	74
 106.0	90
 107.0	107
DB 2 MOTIF	OVOL2_HUMAN.H11MO.0.D
-111.0	5
-110.0	7
-109.0	2
-108.0	2
-107.0	3
-106.0	9
-105.0	2
-104.0	2
-103.0	5
-102.0	6
-101.0	5
-100.0	4
 -99.0	3
 -98.0	7
 -97.0	3
 -96.0	5
 -95.0	2
 -94.0	5
 -93.0	2
 -92.0	2
 -91.0	3
 -90.0	6.5
 -89.0	4
 -88.0	9
 -87.0	6
 -86.0	8.33333
 -85.0	7
 -84.0	6
 -83.0	1
 -82.0	8
 -81.0	3
 -80.0	5.5
 -79.0	2
 -78.0	4
 -77.0	4.5
 -76.0	3
 -75.0	4.5
 -74.0	4
 -73.0	1.5
 -72.0	4
 -71.0	8
 -70.0	6
 -69.0	4
 -68.0	6
 -67.0	4
 -66.0	2
 -65.0	4
 -64.0	7.5
 -63.0	6
 -62.0	10
 -61.0	8
 -60.0	3
 -59.0	8
 -58.0	1
 -57.0	9
 -56.0	1
 -55.0	6
 -54.0	4.5
 -53.0	6
 -52.0	5
 -51.0	3.5
 -50.0	6
 -49.0	11
 -48.0	6
 -47.0	7
 -46.0	3
 -45.0	6.5
 -44.0	2
 -43.0	6
 -42.0	2
 -41.0	3
 -40.0	5.33333
 -39.0	10
 -38.0	6
 -37.0	2.5
 -36.0	5
 -35.0	4.5
 -34.0	6
 -33.0	6
 -32.0	8
 -31.0	8.5
 -30.0	6
 -29.0	9
 -28.0	10
 -27.0	5.5
 -26.0	2
 -25.0	10
 -24.0	7.5
 -23.0	6
 -22.0	7.5
 -21.0	7.5
 -20.0	6.5
 -19.0	11.5
 -18.0	6.5
 -17.0	7
 -16.0	7.5
 -15.0	3.5
 -14.0	9
 -13.0	5
 -12.0	8.83333
 -11.0	12
 -10.0	11
  -9.0	7
  -8.0	9.5
  -7.0	14.5
  -6.0	9
  -5.0	13
  -4.0	6.33333
  -3.0	12.5
  -2.0	8
  -1.0	20.5
   0.0	11
   1.0	15
   2.0	9.5
   3.0	11
   4.0	6
   5.0	8
   6.0	13
   7.0	15
   8.0	10
   9.0	5
  10.0	9.5
  11.0	7
  12.0	6
  13.0	11
  14.0	4.5
  15.0	3.33333
  16.0	7
  17.0	6
  18.0	8
  19.0	7
  20.0	4
  21.0	12.5
  22.0	7
  23.0	6
  24.0	6
  25.0	3
  26.0	9
  27.0	3.5
  28.0	6.5
  29.0	7
  30.0	6
  31.0	4
  32.0	10.8333
  33.0	9
  34.0	7.5
  35.0	5.5
  36.0	4
  37.0	6.5
  38.0	8
  39.0	4
  40.0	3
  41.0	5
  42.0	3.5
  43.0	7
  44.0	11
  45.0	5.5
  46.0	11.5
  47.0	3
  48.0	3
  49.0	3
  50.0	3.5
  51.0	4
  52.0	6
  53.0	6
  54.0	9
  55.0	6
  56.0	12
  57.0	12
  58.0	6
  59.0	6
  60.0	5
  61.0	4
  62.0	7
  63.0	10.5
  64.0	5.33333
  65.0	6
  66.0	6
  67.0	3.5
  68.0	7
  69.0	6.33333
  70.0	7
  71.0	4
  72.0	5
  73.0	4.33333
  74.0	5.5
  75.0	10
  76.0	6
  77.0	7
  78.0	8
  79.0	3
  80.0	6.5
  81.0	6.5
  82.0	6
  83.0	5.5
  84.0	4
  85.0	2
  86.0	2
  87.0	5
  88.0	1.5
  89.0	3
  90.0	3
  91.0	3.5
  92.0	6
  93.0	2
  94.0	3
  95.0	5
  96.0	7
  97.0	4
  98.0	0
  99.0	6
 100.0	3
 101.0	5
 102.0	5
 103.0	4
 104.0	6
 105.0	5
 106.0	6
 107.0	7
 108.0	6
 109.0	3
 110.0	5
 111.0	2
DB 2 MOTIF	P63_HUMAN.H11MO.0.A
-105.5	37
-104.5	32
-103.5	36
-102.5	26
-101.5	28
-100.5	32
 -99.5	35
 -98.5	29
 -97.5	39
 -96.5	38
 -95.5	26
 -94.5	20.5
 -93.5	35
 -92.5	35
 -91.5	28
 -90.5	26
 -89.5	40
 -88.5	24
 -87.5	34.5
 -86.5	29
 -85.5	33
 -84.5	32
 -83.5	29
 -82.5	24
 -81.5	26
 -80.5	32
 -79.5	26
 -78.5	40
 -77.5	37
 -76.5	31
 -75.5	32
 -74.5	39
 -73.5	31
 -72.5	27
 -71.5	23
 -70.5	24
 -69.5	32.5
 -68.5	33
 -67.5	44
 -66.5	34
 -65.5	27
 -64.5	24
 -63.5	27
 -62.5	28
 -61.5	31
 -60.5	35
 -59.5	37
 -58.5	28
 -57.5	39
 -56.5	42.5
 -55.5	20
 -54.5	33
 -53.5	38
 -52.5	34
 -51.5	38
 -50.5	40.5
 -49.5	31
 -48.5	30
 -47.5	34
 -46.5	37.5
 -45.5	37
 -44.5	31
 -43.5	32
 -42.5	28
 -41.5	44
 -40.5	51
 -39.5	28
 -38.5	18
 -37.5	38
 -36.5	34
 -35.5	37
 -34.5	33
 -33.5	39
 -32.5	30
 -31.5	29
 -30.5	43
 -29.5	36
 -28.5	36
 -27.5	36
 -26.5	42
 -25.5	36
 -24.5	33
 -23.5	45.5
 -22.5	27
 -21.5	47
 -20.5	41
 -19.5	50
 -18.5	38
 -17.5	41
 -16.5	29
 -15.5	49
 -14.5	40.5
 -13.5	40.5
 -12.5	48
 -11.5	41
 -10.5	37
  -9.5	37
  -8.5	31
  -7.5	24
  -6.5	38
  -5.5	43
  -4.5	19
  -3.5	38
  -2.5	32
  -1.5	28
  -0.5	18
   0.5	33.5
   1.5	28
   2.5	32
   3.5	33
   4.5	34
   5.5	30
   6.5	32
   7.5	28
   8.5	31
   9.5	40
  10.5	49
  11.5	28
  12.5	40
  13.5	52
  14.5	41
  15.5	26
  16.5	41
  17.5	41
  18.5	45.5
  19.5	50
  20.5	38
  21.5	48.5
  22.5	39
  23.5	35
  24.5	44
  25.5	41
  26.5	28
  27.5	40.5
  28.5	42.5
  29.5	37.5
  30.5	36
  31.5	38
  32.5	33
  33.5	35
  34.5	33
  35.5	58.5
  36.5	38.5
  37.5	28
  38.5	31
  39.5	27
  40.5	32
  41.5	39
  42.5	28
  43.5	37
  44.5	28
  45.5	40.5
  46.5	36
  47.5	39
  48.5	30
  49.5	28
  50.5	34
  51.5	42
  52.5	39.5
  53.5	29
  54.5	42
  55.5	40
  56.5	38.5
  57.5	30
  58.5	31
  59.5	34.5
  60.5	31
  61.5	31
  62.5	28
  63.5	18
  64.5	32
  65.5	27
  66.5	45
  67.5	30.5
  68.5	30
  69.5	30
  70.5	28
  71.5	27
  72.5	23
  73.5	33
  74.5	28
  75.5	34
  76.5	36
  77.5	43
  78.5	32
  79.5	24
  80.5	29
  81.5	25
  82.5	29
  83.5	29.5
  84.5	20.5
  85.5	38
  86.5	31
  87.5	25
  88.5	18
  89.5	24
  90.5	23
  91.5	34
  92.5	29
  93.5	31
  94.5	31
  95.5	29
  96.5	28.5
  97.5	38.5
  98.5	37
  99.5	31
 100.5	17
 101.5	35
 102.5	26
 103.5	22
 104.5	28
 105.5	36
DB 2 MOTIF	P63_HUMAN.H11MO.1.A
-109.5	103.5
-108.5	81
-107.5	97
-106.5	96.5
-105.5	98.5
-104.5	93.5
-103.5	83
-102.5	98.5
-101.5	78.5
-100.5	91
 -99.5	78.5
 -98.5	89
 -97.5	81.5
 -96.5	89.5
 -95.5	97
 -94.5	88.5
 -93.5	91.5
 -92.5	90.5
 -91.5	97
 -90.5	97.5
 -89.5	87
 -88.5	94
 -87.5	103
 -86.5	83
 -85.5	80.5
 -84.5	83
 -83.5	115
 -82.5	97
 -81.5	100
 -80.5	104
 -79.5	76
 -78.5	72
 -77.5	74
 -76.5	89.5
 -75.5	93
 -74.5	90
 -73.5	90
 -72.5	85
 -71.5	93
 -70.5	92.5
 -69.5	105.5
 -68.5	112.5
 -67.5	93
 -66.5	98
 -65.5	84
 -64.5	92.5
 -63.5	85
 -62.5	96
 -61.5	99.5
 -60.5	89
 -59.5	88.5
 -58.5	92
 -57.5	103.5
 -56.5	96.5
 -55.5	96
 -54.5	92
 -53.5	86
 -52.5	89
 -51.5	114
 -50.5	95.5
 -49.5	103.5
 -48.5	99
 -47.5	86
 -46.5	92
 -45.5	84.5
 -44.5	100.5
 -43.5	95
 -42.5	107.5
 -41.5	94
 -40.5	94
 -39.5	107
 -38.5	103
 -37.5	101.5
 -36.5	96.5
 -35.5	103
 -34.5	107.5
 -33.5	124
 -32.5	105
 -31.5	106
 -30.5	93
 -29.5	104
 -28.5	113.5
 -27.5	93.5
 -26.5	97
 -25.5	115.5
 -24.5	109.5
 -23.5	96.5
 -22.5	110
 -21.5	118.5
 -20.5	136
 -19.5	135.5
 -18.5	120
 -17.5	109.5
 -16.5	127.5
 -15.5	128.5
 -14.5	107.5
 -13.5	89.5
 -12.5	107.5
 -11.5	104
 -10.5	94.5
  -9.5	88
  -8.5	98.5
  -7.5	83
  -6.5	81.5
  -5.5	110.5
  -4.5	98
  -3.5	92
  -2.5	97
  -1.5	86
  -0.5	80
   0.5	85
   1.5	96
   2.5	97
   3.5	70.5
   4.5	95.5
   5.5	82.5
   6.5	88.5
   7.5	80.5
   8.5	79
   9.5	88.5
  10.5	89
  11.5	86.5
  12.5	75
  13.5	104
  14.5	116.5
  15.5	137
  16.5	105
  17.5	115
  18.5	123
  19.5	112.5
  20.5	119.5
  21.5	131.5
  22.5	103.5
  23.5	121
  24.5	109
  25.5	120.5
  26.5	103
  27.5	110
  28.5	99
  29.5	95
  30.5	114
  31.5	100.5
  32.5	112.5
  33.5	87
  34.5	102
  35.5	85.6111
  36.5	100
  37.5	102.5
  38.5	93.5
  39.5	87.1111
  40.5	105
  41.5	97
  42.5	106.5
  43.5	105.111
  44.5	89
  45.5	106
  46.5	97
  47.5	98.1111
  48.5	114.5
  49.5	104.5
  50.5	80
  51.5	107.111
  52.5	83
  53.5	100
  54.5	92.5
  55.5	98.1111
  56.5	95
  57.5	92
  58.5	87
  59.5	97.1111
  60.5	92
  61.5	88
  62.5	99
  63.5	120.611
  64.5	93
  65.5	109
  66.5	99.5
  67.5	97.4444
  68.5	80.5
  69.5	82
  70.5	83
  71.5	95.8333
  72.5	72
  73.5	104
  74.5	89
  75.5	97.8333
  76.5	96.5
  77.5	97.5
  78.5	82
  79.5	88
  80.5	103
  81.5	88
  82.5	103
  83.5	92
  84.5	96
  85.5	94.5
  86.5	95.5
  87.5	82
  88.5	98
  89.5	85
  90.5	91.5
  91.5	73.5
  92.5	85.5
  93.5	93
  94.5	80
  95.5	101.5
  96.5	108.5
  97.5	88
  98.5	101.5
  99.5	84
 100.5	84.5
 101.5	88
 102.5	82.5
 103.5	97
 104.5	91.5
 105.5	99
 106.5	97
 107.5	84.5
 108.5	94.5
 109.5	106
DB 2 MOTIF	P73_HUMAN.H11MO.0.A
-105.5	72
-104.5	63
-103.5	61
-102.5	61
-101.5	85
-100.5	63
 -99.5	57
 -98.5	62
 -97.5	58.3333
 -96.5	74.5
 -95.5	68
 -94.5	61
 -93.5	59
 -92.5	58.5
 -91.5	56.1429
 -90.5	66.5
 -89.5	55
 -88.5	63
 -87.5	59
 -86.5	76.1429
 -85.5	64
 -84.5	56
 -83.5	55.5
 -82.5	50.5
 -81.5	57.1429
 -80.5	61.5
 -79.5	59
 -78.5	80
 -77.5	66
 -76.5	65.1429
 -75.5	67
 -74.5	66
 -73.5	71
 -72.5	63
 -71.5	63.1429
 -70.5	65.5
 -69.5	59
 -68.5	56
 -67.5	71
 -66.5	60.1429
 -65.5	61
 -64.5	65
 -63.5	54
 -62.5	65
 -61.5	61.1429
 -60.5	79
 -59.5	58.5
 -58.5	77.5
 -57.5	65
 -56.5	64
 -55.5	71
 -54.5	69
 -53.5	71
 -52.5	75
 -51.5	64
 -50.5	72
 -49.5	61.8333
 -48.5	61
 -47.5	61
 -46.5	79
 -45.5	65.5
 -44.5	57
 -43.5	69
 -42.5	78.5
 -41.5	64.5
 -40.5	61
 -39.5	72
 -38.5	55
 -37.5	72
 -36.5	78
 -35.5	71
 -34.5	66
 -33.5	56
 -32.5	59
 -31.5	71
 -30.5	83
 -29.5	68
 -28.5	68
 -27.5	69
 -26.5	65
 -25.5	72
 -24.5	65
 -23.5	57
 -22.5	87.5
 -21.5	67
 -20.5	80
 -19.5	69
 -18.5	69.5
 -17.5	77.5
 -16.5	79
 -15.5	71
 -14.5	78
 -13.5	79
 -12.5	84.5
 -11.5	61
 -10.5	68
  -9.5	72
  -8.5	60
  -7.5	69
  -6.5	59.5
  -5.5	53
  -4.5	52
  -3.5	61
  -2.5	50
  -1.5	50
  -0.5	57
   0.5	41
   1.5	42
   2.5	51.3333
   3.5	65
   4.5	65.5
   5.5	58
   6.5	55
   7.5	62
   8.5	68
   9.5	59
  10.5	79
  11.5	59
  12.5	71
  13.5	68
  14.5	68
  15.5	73
  16.5	71
  17.5	70
  18.5	85
  19.5	83
  20.5	89
  21.5	86
  22.5	86.5
  23.5	66
  24.5	68
  25.5	75.5
  26.5	76
  27.5	54
  28.5	73.5
  29.5	66
  30.5	68.5
  31.5	48
  32.5	72
  33.5	77
  34.5	74
  35.5	74
  36.5	73
  37.5	70
  38.5	79
  39.5	52
  40.5	61
  41.5	61
  42.5	71
  43.5	63
  44.5	69
  45.5	51
  46.5	72
  47.5	63
  48.5	68
  49.5	68
  50.5	53
  51.5	64
  52.5	70
  53.5	63
  54.5	48
  55.5	80
  56.5	64
  57.5	76.5
  58.5	72
  59.5	64
  60.5	62
  61.5	57
  62.5	62
  63.5	50
  64.5	60
  65.5	68
  66.5	59
  67.5	70.5
  68.5	50.5
  69.5	58
  70.5	79
  71.5	58
  72.5	60
  73.5	46.5
  74.5	63
  75.5	60
  76.5	74
  77.5	60
  78.5	65
  79.5	59
  80.5	56
  81.5	73
  82.5	56
  83.5	49
  84.5	58
  85.5	55
  86.5	70
  87.5	58
  88.5	53
  89.5	39
  90.5	67
  91.5	49
  92.5	59
  93.5	63
  94.5	74
  95.5	66
  96.5	57.5
  97.5	56.5
  98.5	73.5
  99.5	70
 100.5	64
 101.5	53
 102.5	52
 103.5	58
 104.5	58
 105.5	73
DB 2 MOTIF	PAX5_HUMAN.H11MO.0.A
-104.5	45
-103.5	62
-102.5	60
-101.5	75
-100.5	63.5
 -99.5	59
 -98.5	59
 -97.5	61
 -96.5	60.5
 -95.5	67
 -94.5	60
 -93.5	58
 -92.5	52.25
 -91.5	52
 -90.5	54
 -89.5	61
 -88.5	57
 -87.5	45
 -86.5	81
 -85.5	58.5
 -84.5	64
 -83.5	53
 -82.5	65
 -81.5	53
 -80.5	61
 -79.5	61
 -78.5	65
 -77.5	76
 -76.5	51.5
 -75.5	61
 -74.5	59
 -73.5	58
 -72.5	54.5
 -71.5	67
 -70.5	68
 -69.5	63
 -68.5	58
 -67.5	55
 -66.5	67
 -65.5	56.5
 -64.5	71
 -63.5	51
 -62.5	65
 -61.5	59
 -60.5	77.5
 -59.5	49
 -58.5	55
 -57.5	59
 -56.5	64
 -55.5	62
 -54.5	65
 -53.5	57
 -52.5	56
 -51.5	54
 -50.5	50
 -49.5	40.8333
 -48.5	67
 -47.5	48
 -46.5	51.5
 -45.5	54
 -44.5	60.3333
 -43.5	76
 -42.5	62
 -41.5	61
 -40.5	68
 -39.5	66
 -38.5	64
 -37.5	48
 -36.5	60
 -35.5	57
 -34.5	53
 -33.5	56
 -32.5	62.25
 -31.5	62
 -30.5	59
 -29.5	58
 -28.5	62
 -27.5	75
 -26.5	71
 -25.5	78
 -24.5	57
 -23.5	70
 -22.5	66
 -21.5	39
 -20.5	70
 -19.5	68
 -18.5	74
 -17.5	77
 -16.5	82
 -15.5	68
 -14.5	66
 -13.5	92
 -12.5	77.5
 -11.5	78
 -10.5	70
  -9.5	69
  -8.5	80
  -7.5	84
  -6.5	83
  -5.5	85
  -4.5	86
  -3.5	90
  -2.5	106
  -1.5	101
  -0.5	78
   0.5	85
   1.5	103
   2.5	93
   3.5	79
   4.5	105
   5.5	73
   6.5	79
   7.5	76
   8.5	100
   9.5	85
  10.5	70
  11.5	78
  12.5	77
  13.5	85
  14.5	61
  15.5	75
  16.5	74.3333
  17.5	78
  18.5	65
  19.5	71
  20.5	64
  21.5	67
  22.5	65
  23.5	70.5
  24.5	54
  25.5	70
  26.5	81
  27.5	70.25
  28.5	78
  29.5	55
  30.5	75.5
  31.5	62
  32.5	58
  33.5	55
  34.5	53
  35.5	64.5
  36.5	58
  37.5	51.5
  38.5	58
  39.5	60
  40.5	52.3333
  41.5	65
  42.5	52
  43.5	58
  44.5	52
  45.5	54.5
  46.5	54
  47.5	53.5
  48.5	63.5
  49.5	65
  50.5	56
  51.5	57
  52.5	63.5
  53.5	59.5
  54.5	56
  55.5	59
  56.5	52.5
  57.5	76
  58.5	58.3333
  59.5	50
  60.5	55
  61.5	51
  62.5	68
  63.5	63
  64.5	58
  65.5	64
  66.5	52
  67.5	61
  68.5	68
  69.5	50
  70.5	72
  71.5	71
  72.5	42.5
  73.5	56
  74.5	86
  75.5	51
  76.5	59
  77.5	56.3333
  78.5	66
  79.5	61
  80.5	48
  81.5	64
  82.5	73
  83.5	69
  84.5	66
  85.5	55.5
  86.5	63.5
  87.5	50
  88.5	59.25
  89.5	64
  90.5	58
  91.5	57.5
  92.5	65
  93.5	62
  94.5	60
  95.5	80
  96.5	61
  97.5	59
  98.5	57
  99.5	59
 100.5	62
 101.5	68
 102.5	63
 103.5	53
 104.5	66
DB 2 MOTIF	PBX3_HUMAN.H11MO.0.A
-109.5	106
-108.5	92.8333
-107.5	112
-106.5	111
-105.5	97
-104.5	95
-103.5	99
-102.5	115
-101.5	106.5
-100.5	101
 -99.5	94
 -98.5	114
 -97.5	106
 -96.5	87
 -95.5	105.5
 -94.5	101
 -93.5	120
 -92.5	84.5
 -91.5	108
 -90.5	120
 -89.5	112.5
 -88.5	112
 -87.5	104
 -86.5	115.5
 -85.5	109
 -84.5	107
 -83.5	128.25
 -82.5	107
 -81.5	110
 -80.5	127
 -79.5	111
 -78.5	95
 -77.5	132
 -76.5	109.5
 -75.5	114
 -74.5	117.5
 -73.5	88.5
 -72.5	115.5
 -71.5	95.5
 -70.5	107
 -69.5	119.5
 -68.5	90
 -67.5	95.5
 -66.5	89.5
 -65.5	119.333
 -64.5	116
 -63.5	105
 -62.5	123
 -61.5	112
 -60.5	95.3333
 -59.5	104
 -58.5	108
 -57.5	109.5
 -56.5	113
 -55.5	143
 -54.5	97.8333
 -53.5	105
 -52.5	101
 -51.5	114.25
 -50.5	124
 -49.5	127.333
 -48.5	105
 -47.5	123.25
 -46.5	104
 -45.5	109
 -44.5	108
 -43.5	140.75
 -42.5	109.5
 -41.5	95
 -40.5	101
 -39.5	93.0833
 -38.5	108
 -37.5	108.25
 -36.5	115
 -35.5	100.5
 -34.5	111.5
 -33.5	105
 -32.5	124
 -31.5	108.5
 -30.5	117.5
 -29.5	121
 -28.5	113.333
 -27.5	117.5
 -26.5	121
 -25.5	103.5
 -24.5	105.5
 -23.5	112
 -22.5	116.5
 -21.5	102.5
 -20.5	133.25
 -19.5	150
 -18.5	112.5
 -17.5	126
 -16.5	122
 -15.5	109
 -14.5	133.833
 -13.5	103
 -12.5	119
 -11.5	88.5
 -10.5	132
  -9.5	123
  -8.5	109.333
  -7.5	82
  -6.5	130.5
  -5.5	104.5
  -4.5	120.5
  -3.5	107.5
  -2.5	102
  -1.5	115.333
  -0.5	112
   0.5	108.5
   1.5	84.25
   2.5	88
   3.5	101
   4.5	113.5
   5.5	129
   6.5	112
   7.5	96.5
   8.5	121.5
   9.5	126.333
  10.5	109.5
  11.5	115.5
  12.5	121
  13.5	123
  14.5	143.5
  15.5	116
  16.5	114.5
  17.5	115
  18.5	132
  19.5	142.5
  20.5	140
  21.5	89
  22.5	111
  23.5	124.5
  24.5	137.5
  25.5	136
  26.5	112.5
  27.5	122.5
  28.5	106
  29.5	112
  30.5	120
  31.5	113.833
  32.5	123.333
  33.5	111.833
  34.5	134.5
  35.5	113
  36.5	135
  37.5	133
  38.5	116
  39.5	125
  40.5	104.25
  41.5	129
  42.5	99.75
  43.5	115
  44.5	107.333
  45.5	112.5
  46.5	112
  47.5	112
  48.5	103.333
  49.5	115
  50.5	113.333
  51.5	112
  52.5	116.5
  53.5	120
  54.5	113
  55.5	104.167
  56.5	145
  57.5	120
  58.5	101.5
  59.5	116
  60.5	113.5
  61.5	131
  62.5	107.5
  63.5	113.167
  64.5	94.5
  65.5	109
  66.5	113
  67.5	132.5
  68.5	103.5
  69.5	108
  70.5	101
  71.5	113
  72.5	115.5
  73.5	119.5
  74.5	114.5
  75.5	112
  76.5	109.5
  77.5	106
  78.5	101
  79.5	107.417
  80.5	116.5
  81.5	109.333
  82.5	90
  83.5	95
  84.5	129
  85.5	99.5
  86.5	104.5
  87.5	119.5
  88.5	117.5
  89.5	93
  90.5	95
  91.5	111
  92.5	118.833
  93.5	109.5
  94.5	115
  95.5	105.5
  96.5	119.333
  97.5	124.5
  98.5	110
  99.5	87
 100.5	108.5
 101.5	108.333
 102.5	92
 103.5	104.5
 104.5	82
 105.5	105.25
 106.5	118.5
 107.5	111
 108.5	101
 109.5	91.5
DB 2 MOTIF	PBX3_HUMAN.H11MO.1.A
-110.5	93.7
-109.5	85
-108.5	96
-107.5	103.5
-106.5	70.5
-105.5	84
-104.5	82
-103.5	90
-102.5	73
-101.5	69
-100.5	82.5
 -99.5	105
 -98.5	63.5
 -97.5	80
 -96.5	91
 -95.5	89.5
 -94.5	69
 -93.5	72
 -92.5	89.5
 -91.5	86
 -90.5	94.5
 -89.5	88.3333
 -88.5	90
 -87.5	85.5
 -86.5	85
 -85.5	98
 -84.5	78
 -83.5	81
 -82.5	94
 -81.5	94.5
 -80.5	94
 -79.5	82.5
 -78.5	91.5
 -77.5	76
 -76.5	83.5
 -75.5	94
 -74.5	91.5
 -73.5	68
 -72.5	81
 -71.5	95
 -70.5	83.5
 -69.5	75.8333
 -68.5	87
 -67.5	86.5
 -66.5	68.5
 -65.5	72
 -64.5	89
 -63.5	98
 -62.5	84.5
 -61.5	93.5
 -60.5	81
 -59.5	89
 -58.5	71
 -57.5	89.8333
 -56.5	78.2
 -55.5	92
 -54.5	89.2
 -53.5	68.3333
 -52.5	79.3333
 -51.5	80.5
 -50.5	100.7
 -49.5	91.6667
 -48.5	83.3333
 -47.5	81.5
 -46.5	89.2
 -45.5	84
 -44.5	93.8333
 -43.5	77
 -42.5	89.7
 -41.5	79
 -40.5	94
 -39.5	80.8333
 -38.5	77.9
 -37.5	92.5
 -36.5	81.5
 -35.5	95
 -34.5	98
 -33.5	98
 -32.5	87.5
 -31.5	99
 -30.5	103
 -29.5	95
 -28.5	89
 -27.5	81
 -26.5	76
 -25.5	82
 -24.5	96
 -23.5	98.5
 -22.5	91.5
 -21.5	86.5
 -20.5	97
 -19.5	77
 -18.5	97
 -17.5	99
 -16.5	80
 -15.5	119.5
 -14.5	94.5
 -13.5	94
 -12.5	96
 -11.5	107.5
 -10.5	106
  -9.5	96
  -8.5	107.5
  -7.5	102
  -6.5	85.5
  -5.5	99
  -4.5	96
  -3.5	92
  -2.5	98
  -1.5	106.5
  -0.5	97.5
   0.5	108.5
   1.5	112
   2.5	102
   3.5	113
   4.5	99
   5.5	98.5
   6.5	105
   7.5	108.5
   8.5	113.5
   9.5	106.5
  10.5	110
  11.5	83
  12.5	90
  13.5	107
  14.5	92
  15.5	82
  16.5	86.5
  17.5	73
  18.5	96
  19.5	90
  20.5	106.5
  21.5	98
  22.5	72.5
  23.5	107.5
  24.5	94
  25.5	99
  26.5	82.5
  27.5	93
  28.5	77.5
  29.5	80
  30.5	78.5
  31.5	89
  32.5	97.5
  33.5	100.2
  34.5	85.5
  35.5	92
  36.5	88.8333
  37.5	75
  38.5	96.5
  39.5	90.5
  40.5	90
  41.5	88.5
  42.5	78
  43.5	81.3333
  44.5	87
  45.5	77
  46.5	94
  47.5	84.5
  48.5	98
  49.5	79
  50.5	95
  51.5	87.2
  52.5	82
  53.5	95
  54.5	90
  55.5	73
  56.5	94
  57.5	78
  58.5	87.5
  59.5	86.5
  60.5	74.3333
  61.5	91
  62.5	102
  63.5	83
  64.5	81.5
  65.5	81.5
  66.5	84
  67.5	94
  68.5	91
  69.5	86
  70.5	82
  71.5	98.5
  72.5	80.5
  73.5	88
  74.5	85
  75.5	79.5
  76.5	72
  77.5	77.3333
  78.5	91
  79.5	87
  80.5	91.5
  81.5	93
  82.5	71.5
  83.5	85.5
  84.5	78.8333
  85.5	77
  86.5	89.5
  87.5	88
  88.5	105
  89.5	97.5
  90.5	80
  91.5	100.5
  92.5	75.5
  93.5	92
  94.5	96
  95.5	80.5
  96.5	70.5
  97.5	88
  98.5	85
  99.5	77
 100.5	80
 101.5	91
 102.5	70
 103.5	80
 104.5	96
 105.5	86.5
 106.5	86
 107.5	91.5
 108.5	89.5
 109.5	89
 110.5	88
DB 2 MOTIF	PEBB_HUMAN.H11MO.0.C
-109.5	91
-108.5	83.3333
-107.5	95.8333
-106.5	87.5
-105.5	96.5
-104.5	85
-103.5	98.5
-102.5	82.25
-101.5	96
-100.5	80
 -99.5	90.5
 -98.5	110
 -97.5	86
 -96.5	93
 -95.5	95
 -94.5	101
 -93.5	95
 -92.5	88
 -91.5	104.5
 -90.5	84
 -89.5	100.5
 -88.5	90
 -87.5	100
 -86.5	105
 -85.5	92.5
 -84.5	93
 -83.5	114
 -82.5	83
 -81.5	82
 -80.5	108
 -79.5	79.5
 -78.5	100.5
 -77.5	111.75
 -76.5	96.5
 -75.5	77.8333
 -74.5	118.5
 -73.5	87
 -72.5	95
 -71.5	95
 -70.5	83.25
 -69.5	83
 -68.5	108
 -67.5	111
 -66.5	91
 -65.5	91
 -64.5	106
 -63.5	117.25
 -62.5	89.5
 -61.5	97.5
 -60.5	103.5
 -59.5	107
 -58.5	91.5
 -57.5	92
 -56.5	100.5
 -55.5	105
 -54.5	101.833
 -53.5	103
 -52.5	105
 -51.5	113.5
 -50.5	93
 -49.5	102.167
 -48.5	91.5
 -47.5	99.5
 -46.5	105
 -45.5	101.5
 -44.5	86
 -43.5	101
 -42.5	86
 -41.5	104.5
 -40.5	98
 -39.5	103
 -38.5	92.8333
 -37.5	97.5
 -36.5	103
 -35.5	100
 -34.5	97
 -33.5	106
 -32.5	102
 -31.5	105
 -30.5	127.5
 -29.5	112
 -28.5	106
 -27.5	117
 -26.5	117
 -25.5	126
 -24.5	126
 -23.5	101.5
 -22.5	107.5
 -21.5	112
 -20.5	116.667
 -19.5	108
 -18.5	92.5
 -17.5	101.5
 -16.5	101.5
 -15.5	116
 -14.5	97
 -13.5	121
 -12.5	115.5
 -11.5	116
 -10.5	118
  -9.5	115
  -8.5	118
  -7.5	113.833
  -6.5	142
  -5.5	174
  -4.5	143
  -3.5	138.5
  -2.5	151.833
  -1.5	143.833
  -0.5	151
   0.5	162.333
   1.5	162
   2.5	165
   3.5	133.5
   4.5	150
   5.5	140.5
   6.5	139
   7.5	126.5
   8.5	142.667
   9.5	134.5
  10.5	138.5
  11.5	102
  12.5	127
  13.5	94
  14.5	101
  15.5	109
  16.5	115.5
  17.5	108
  18.5	96
  19.5	116
  20.5	101.5
  21.5	122.5
  22.5	115.5
  23.5	95
  24.5	120
  25.5	97
  26.5	116.5
  27.5	110
  28.5	115.5
  29.5	105
  30.5	107.333
  31.5	107.5
  32.5	113.5
  33.5	104.333
  34.5	107
  35.5	100.5
  36.5	102
  37.5	113.167
  38.5	111
  39.5	113
  40.5	118.333
  41.5	104.5
  42.5	99
  43.5	116
  44.5	111.5
  45.5	107
  46.5	107
  47.5	108
  48.5	114.5
  49.5	99.5
  50.5	93
  51.5	110
  52.5	90
  53.5	93
  54.5	96
  55.5	106
  56.5	78
  57.5	121.5
  58.5	114
  59.5	103
  60.5	92.5
  61.5	116.5
  62.5	105
  63.5	99
  64.5	106.167
  65.5	104
  66.5	102
  67.5	100
  68.5	112
  69.5	80
  70.5	87.5
  71.5	100
  72.5	92
  73.5	83.5
  74.5	102
  75.5	108
  76.5	104.5
  77.5	96.5
  78.5	94.5
  79.5	89
  80.5	75.5
  81.5	76.5
  82.5	98.3333
  83.5	90.8333
  84.5	96
  85.5	98
  86.5	92.5
  87.5	92
  88.5	88.3333
  89.5	80.8333
  90.5	96.5
  91.5	88.1667
  92.5	78.5
  93.5	78
  94.5	101.5
  95.5	91
  96.5	89.3333
  97.5	107
  98.5	84
  99.5	72
 100.5	87
 101.5	98.5
 102.5	95
 103.5	76.5
 104.5	79
 105.5	96
 106.5	82
 107.5	84
 108.5	82
 109.5	80.3333
DB 2 MOTIF	PKNX1_HUMAN.H11MO.0.B
-109.5	83
-108.5	85
-107.5	87.5
-106.5	106.5
-105.5	88
-104.5	79
-103.5	84
-102.5	109
-101.5	101
-100.5	102.5
 -99.5	78.5
 -98.5	95
 -97.5	83.5
 -96.5	73
 -95.5	94.5
 -94.5	86
 -93.5	92
 -92.5	73
 -91.5	86
 -90.5	101.5
 -89.5	106
 -88.5	110
 -87.5	96
 -86.5	101.5
 -85.5	96
 -84.5	94
 -83.5	108.5
 -82.5	99.5
 -81.5	94
 -80.5	95.5
 -79.5	90.5
 -78.5	92
 -77.5	113
 -76.5	81
 -75.5	95
 -74.5	90
 -73.5	82
 -72.5	92.5
 -71.5	75
 -70.5	93
 -69.5	100
 -68.5	83
 -67.5	85
 -66.5	81
 -65.5	99.3333
 -64.5	96
 -63.5	89
 -62.5	89
 -61.5	103
 -60.5	81
 -59.5	95
 -58.5	99
 -57.5	91.5
 -56.5	85
 -55.5	108.5
 -54.5	93
 -53.5	83
 -52.5	90.5
 -51.5	106.25
 -50.5	108
 -49.5	93.5
 -48.5	94
 -47.5	96.25
 -46.5	88
 -45.5	95
 -44.5	81
 -43.5	117.25
 -42.5	85
 -41.5	81
 -40.5	111
 -39.5	90.5833
 -38.5	95
 -37.5	75
 -36.5	100
 -35.5	82
 -34.5	87.5
 -33.5	95
 -32.5	109.5
 -31.5	109
 -30.5	102
 -29.5	103
 -28.5	97
 -27.5	111.5
 -26.5	100.5
 -25.5	87
 -24.5	83
 -23.5	100
 -22.5	97.5
 -21.5	95
 -20.5	107.5
 -19.5	129
 -18.5	102.5
 -17.5	106
 -16.5	129
 -15.5	97
 -14.5	109.5
 -13.5	84
 -12.5	99
 -11.5	77
 -10.5	108
  -9.5	120
  -8.5	105
  -7.5	82
  -6.5	108.5
  -5.5	108
  -4.5	103
  -3.5	91
  -2.5	101
  -1.5	119.833
  -0.5	96
   0.5	108
   1.5	92
   2.5	83
   3.5	93.5
   4.5	107
   5.5	106
   6.5	93
   7.5	100.5
   8.5	102
   9.5	109.5
  10.5	107
  11.5	94
  12.5	110
  13.5	107.5
  14.5	106
  15.5	97
  16.5	103
  17.5	110
  18.5	104
  19.5	127
  20.5	117
  21.5	72
  22.5	99
  23.5	104.5
  24.5	119
  25.5	96
  26.5	105.5
  27.5	93.5
  28.5	90
  29.5	101.5
  30.5	102
  31.5	94.8333
  32.5	98.3333
  33.5	98
  34.5	114.5
  35.5	96
  36.5	106.5
  37.5	107
  38.5	88
  39.5	93
  40.5	87.5
  41.5	99
  42.5	101.5
  43.5	101.5
  44.5	87
  45.5	94.5
  46.5	105
  47.5	96.5
  48.5	86.3333
  49.5	115
  50.5	106.333
  51.5	82
  52.5	98
  53.5	96
  54.5	91.5
  55.5	91.1667
  56.5	106
  57.5	105
  58.5	79
  59.5	102
  60.5	92
  61.5	96
  62.5	102.5
  63.5	102.167
  64.5	74
  65.5	90
  66.5	91
  67.5	107.5
  68.5	86
  69.5	89
  70.5	97.5
  71.5	99.5
  72.5	105
  73.5	89
  74.5	87
  75.5	96.5
  76.5	94.5
  77.5	88
  78.5	86
  79.5	91.1667
  80.5	87
  81.5	80
  82.5	83
  83.5	77
  84.5	96
  85.5	104.5
  86.5	89
  87.5	104.167
  88.5	106
  89.5	74
  90.5	81.5
  91.5	87
  92.5	106.5
  93.5	103
  94.5	98
  95.5	95.5
  96.5	100
  97.5	111
  98.5	108
  99.5	83.5
 100.5	93
 101.5	85
 102.5	86
 103.5	88.5
 104.5	71.5
 105.5	91.5
 106.5	95
 107.5	82.5
 108.5	97
 109.5	80.5
DB 2 MOTIF	PLAG1_HUMAN.H11MO.0.D
-106.5	72
-105.5	67.5
-104.5	59
-103.5	64
-102.5	78
-101.5	77
-100.5	66
 -99.5	50
 -98.5	54
 -97.5	59.5
 -96.5	50
 -95.5	53.5
 -94.5	65
 -93.5	69.6667
 -92.5	58
 -91.5	72
 -90.5	61.5
 -89.5	58
 -88.5	82.5
 -87.5	58.5
 -86.5	69
 -85.5	55
 -84.5	70.5
 -83.5	59
 -82.5	50.5
 -81.5	83.6667
 -80.5	58
 -79.5	56.3333
 -78.5	73.5
 -77.5	57
 -76.5	53
 -75.5	62
 -74.5	71
 -73.5	67.8333
 -72.5	78
 -71.5	65
 -70.5	57
 -69.5	53.1667
 -68.5	79
 -67.5	69.3333
 -66.5	63.3333
 -65.5	73.8333
 -64.5	56
 -63.5	83.5
 -62.5	59
 -61.5	48.5
 -60.5	69.5
 -59.5	59
 -58.5	60.5
 -57.5	57.1667
 -56.5	69.3333
 -55.5	63
 -54.5	69
 -53.5	69
 -52.5	69
 -51.5	73
 -50.5	67
 -49.5	58
 -48.5	54
 -47.5	82.3333
 -46.5	54
 -45.5	62
 -44.5	72.5
 -43.5	62
 -42.5	58
 -41.5	57
 -40.5	46.25
 -39.5	55
 -38.5	63
 -37.5	49.5
 -36.5	69
 -35.5	54
 -34.5	73
 -33.5	60.1667
 -32.5	63
 -31.5	54
 -30.5	69
 -29.5	52
 -28.5	67
 -27.5	62
 -26.5	53
 -25.5	74.25
 -24.5	61
 -23.5	81
 -22.5	66
 -21.5	61.1667
 -20.5	59
 -19.5	82
 -18.5	78
 -17.5	69
 -16.5	83.5
 -15.5	96
 -14.5	98.5
 -13.5	101.5
 -12.5	81
 -11.5	109.5
 -10.5	112.5
  -9.5	105
  -8.5	98
  -7.5	134
  -6.5	131
  -5.5	133
  -4.5	123
  -3.5	132.333
  -2.5	137.5
  -1.5	128
  -0.5	123
   0.5	124.5
   1.5	143.5
   2.5	115
   3.5	133
   4.5	114
   5.5	116.5
   6.5	123.5
   7.5	104
   8.5	128.5
   9.5	99
  10.5	90
  11.5	103.25
  12.5	116.5
  13.5	116
  14.5	102
  15.5	73.5
  16.5	92.5
  17.5	107
  18.5	96
  19.5	83.5
  20.5	90.5
  21.5	84
  22.5	79
  23.5	67.5
  24.5	72
  25.5	74
  26.5	64
  27.5	83
  28.5	67
  29.5	51
  30.5	68.5
  31.5	67.5
  32.5	74
  33.5	55
  34.5	68
  35.5	69.3333
  36.5	69
  37.5	76
  38.5	62
  39.5	64.25
  40.5	81
  41.5	65.5
  42.5	57.5
  43.5	66.5
  44.5	61
  45.5	55
  46.5	63.5
  47.5	79
  48.5	61.75
  49.5	63.5
  50.5	65
  51.5	83
  52.5	68
  53.5	65.5
  54.5	77
  55.5	67
  56.5	87.25
  57.5	70.25
  58.5	67.25
  59.5	80.5833
  60.5	61
  61.5	56
  62.5	70.5
  63.5	44
  64.5	75.5
  65.5	66
  66.5	71
  67.5	57.3333
  68.5	73
  69.5	54.5
  70.5	73.5
  71.5	61.3333
  72.5	62
  73.5	63
  74.5	64
  75.5	58
  76.5	69
  77.5	73.8333
  78.5	59.5
  79.5	75.25
  80.5	50.0909
  81.5	65.5909
  82.5	62.5909
  83.5	70.9242
  84.5	66.5909
  85.5	62.3409
  86.5	70.5909
  87.5	76.0909
  88.5	59.0909
  89.5	64.5909
  90.5	61.0909
  91.5	78
  92.5	56.5
  93.5	58
  94.5	73.5
  95.5	54
  96.5	77
  97.5	73
  98.5	78.5
  99.5	50.5833
 100.5	54.5
 101.5	56
 102.5	59.5
 103.5	58
 104.5	68
 105.5	72
 106.5	62
DB 2 MOTIF	PLAL1_HUMAN.H11MO.0.D
-110.0	62.5
-109.0	47.3333
-108.0	52.5
-107.0	58
-106.0	41
-105.0	50.3333
-104.0	60
-103.0	52
-102.0	49.5
-101.0	71.5
-100.0	50
 -99.0	56
 -98.0	49.5
 -97.0	59
 -96.0	50.5
 -95.0	64.5
 -94.0	54
 -93.0	54.8333
 -92.0	45.8333
 -91.0	68
 -90.0	46.5
 -89.0	68.3333
 -88.0	55.3333
 -87.0	57
 -86.0	46
 -85.0	58
 -84.0	68.5
 -83.0	55.5
 -82.0	58.5
 -81.0	57
 -80.0	59.5
 -79.0	62
 -78.0	48
 -77.0	59.3333
 -76.0	58.5
 -75.0	57
 -74.0	53
 -73.0	54
 -72.0	72
 -71.0	56.5
 -70.0	80.5
 -69.0	69.1667
 -68.0	62.5
 -67.0	64
 -66.0	57
 -65.0	60.5
 -64.0	50
 -63.0	65
 -62.0	64.3333
 -61.0	61
 -60.0	64.5
 -59.0	58.5
 -58.0	62
 -57.0	72.5
 -56.0	74.5
 -55.0	58.3333
 -54.0	65.5
 -53.0	57.5
 -52.0	63.5
 -51.0	50
 -50.0	55
 -49.0	65.5
 -48.0	64
 -47.0	58
 -46.0	48.5
 -45.0	71.3333
 -44.0	54.5
 -43.0	55.5
 -42.0	67
 -41.0	84.5
 -40.0	68.5
 -39.0	64.8333
 -38.0	62.3333
 -37.0	52.5
 -36.0	63.5
 -35.0	61.5
 -34.0	75.5
 -33.0	79.5
 -32.0	70
 -31.0	72.3333
 -30.0	60
 -29.0	68
 -28.0	82
 -27.0	72
 -26.0	69
 -25.0	75
 -24.0	86.8333
 -23.0	76
 -22.0	93
 -21.0	108
 -20.0	118
 -19.0	136
 -18.0	114.5
 -17.0	128.5
 -16.0	130
 -15.0	141
 -14.0	141.5
 -13.0	155
 -12.0	158.5
 -11.0	160.5
 -10.0	165
  -9.0	176
  -8.0	174.833
  -7.0	193.333
  -6.0	214.833
  -5.0	200
  -4.0	201.5
  -3.0	235
  -2.0	201
  -1.0	202
   0.0	215.5
   1.0	226
   2.0	219
   3.0	219.5
   4.0	208
   5.0	218
   6.0	175.5
   7.0	202.5
   8.0	188.833
   9.0	202.333
  10.0	156
  11.0	143.5
  12.0	151
  13.0	142
  14.0	131.333
  15.0	150
  16.0	153.5
  17.0	109.5
  18.0	133
  19.0	107
  20.0	101
  21.0	81.5
  22.0	89
  23.0	85
  24.0	82.5
  25.0	97.5
  26.0	70.5
  27.0	55.5
  28.0	87.3333
  29.0	95
  30.0	65
  31.0	82
  32.0	66.5
  33.0	61
  34.0	82.5
  35.0	61.3333
  36.0	69
  37.0	57
  38.0	74.5
  39.0	73.5
  40.0	77
  41.0	64.5
  42.0	62.5
  43.0	63
  44.0	65
  45.0	52
  46.0	68
  47.0	63.8333
  48.0	91
  49.0	65
  50.0	64
  51.0	64
  52.0	61.5
  53.0	55.6667
  54.0	58
  55.0	65
  56.0	46.3333
  57.0	51.8333
  58.0	65
  59.0	78
  60.0	71.5
  61.0	51.5
  62.0	52.5
  63.0	66.5
  64.0	63
  65.0	64.5
  66.0	49
  67.0	67
  68.0	45
  69.0	64
  70.0	53
  71.0	63.5
  72.0	73.5
  73.0	49.5
  74.0	55.5
  75.0	68.3333
  76.0	76
  77.0	58
  78.0	56.5
  79.0	58
  80.0	64
  81.0	60
  82.0	61
  83.0	57
  84.0	59
  85.0	66.5
  86.0	46.8333
  87.0	73
  88.0	49.5
  89.0	61
  90.0	54
  91.0	75
  92.0	51.8333
  93.0	51.5
  94.0	66.5
  95.0	57
  96.0	46.3333
  97.0	47.5
  98.0	51
  99.0	48
 100.0	52.5
 101.0	55.5
 102.0	43
 103.0	66.5
 104.0	63.5
 105.0	71.5
 106.0	49
 107.0	56.5
 108.0	64
 109.0	51.5
 110.0	66
DB 2 MOTIF	PPARA_HUMAN.H11MO.1.B
-110.5	109
-109.5	110.5
-108.5	100.25
-107.5	99.5
-106.5	128
-105.5	110
-104.5	102
-103.5	136.5
-102.5	106.5
-101.5	105.5
-100.5	112.5
 -99.5	103
 -98.5	105.5
 -97.5	108
 -96.5	115.5
 -95.5	107.5
 -94.5	106
 -93.5	123
 -92.5	99
 -91.5	97.6667
 -90.5	96
 -89.5	107.5
 -88.5	106.333
 -87.5	105
 -86.5	88.5
 -85.5	115.5
 -84.5	129
 -83.5	127.5
 -82.5	100
 -81.5	110
 -80.5	90
 -79.5	104.833
 -78.5	95.5
 -77.5	117
 -76.5	103.833
 -75.5	115.25
 -74.5	135.5
 -73.5	125
 -72.5	126
 -71.5	97.6667
 -70.5	127
 -69.5	111
 -68.5	106.5
 -67.5	108
 -66.5	115.333
 -65.5	125
 -64.5	102.5
 -63.5	100.5
 -62.5	105
 -61.5	95.5
 -60.5	111.833
 -59.5	102
 -58.5	91.5
 -57.5	92.5
 -56.5	113.7
 -55.5	112.333
 -54.5	120.7
 -53.5	125.5
 -52.5	128
 -51.5	94.5
 -50.5	117.5
 -49.5	131
 -48.5	110.833
 -47.5	97.25
 -46.5	103
 -45.5	118.5
 -44.5	128
 -43.5	107
 -42.5	120
 -41.5	118.5
 -40.5	110
 -39.5	114
 -38.5	126.5
 -37.5	134
 -36.5	116.833
 -35.5	130.5
 -34.5	114.75
 -33.5	122.5
 -32.5	101.5
 -31.5	124.5
 -30.5	112.5
 -29.5	117
 -28.5	116.5
 -27.5	141
 -26.5	117.5
 -25.5	118.667
 -24.5	118.833
 -23.5	127.5
 -22.5	126.5
 -21.5	122
 -20.5	132.7
 -19.5	177.5
 -18.5	185
 -17.5	148.2
 -16.5	155.5
 -15.5	171.5
 -14.5	146.5
 -13.5	172
 -12.5	143
 -11.5	158.5
 -10.5	157.5
  -9.5	174.5
  -8.5	153
  -7.5	206.5
  -6.5	211
  -5.5	208
  -4.5	185.5
  -3.5	209.25
  -2.5	168
  -1.5	194
  -0.5	183
   0.5	200.5
   1.5	211.5
   2.5	167.333
   3.5	205.5
   4.5	180.5
   5.5	188
   6.5	192.333
   7.5	200.5
   8.5	176.333
   9.5	182.5
  10.5	173.833
  11.5	166
  12.5	178
  13.5	173.75
  14.5	160.2
  15.5	145.25
  16.5	157
  17.5	148.5
  18.5	161.5
  19.5	136.7
  20.5	149
  21.5	113.5
  22.5	147.667
  23.5	150.5
  24.5	120
  25.5	141.5
  26.5	118.5
  27.5	150.5
  28.5	114
  29.5	122.5
  30.5	135.5
  31.5	109
  32.5	114.2
  33.5	124
  34.5	110.5
  35.5	157.5
  36.5	102
  37.5	121
  38.5	120
  39.5	103.5
  40.5	112.5
  41.5	136.5
  42.5	112
  43.5	104
  44.5	111.5
  45.5	99.25
  46.5	111.833
  47.5	105.333
  48.5	109.5
  49.5	131.5
  50.5	101.7
  51.5	128.5
  52.5	116.333
  53.5	117.5
  54.5	102.5
  55.5	113.5
  56.5	110.2
  57.5	116.5
  58.5	122
  59.5	125.333
  60.5	114
  61.5	101.7
  62.5	100.5
  63.5	117
  64.5	122
  65.5	125.333
  66.5	102
  67.5	111.5
  68.5	105.783
  69.5	137
  70.5	109.833
  71.5	115
  72.5	123
  73.5	107.5
  74.5	101.583
  75.5	118.2
  76.5	123.5
  77.5	110
  78.5	101
  79.5	112
  80.5	94.3333
  81.5	113
  82.5	112.2
  83.5	112
  84.5	122
  85.5	113.25
  86.5	107.75
  87.5	111.5
  88.5	89.5
  89.5	96.5
  90.5	88
  91.5	118
  92.5	106.5
  93.5	103.2
  94.5	103
  95.5	95.2
  96.5	102
  97.5	111.5
  98.5	122
  99.5	96
 100.5	101
 101.5	97
 102.5	103.5
 103.5	99.5
 104.5	98.5
 105.5	99
 106.5	108
 107.5	107.5
 108.5	107
 109.5	104.5
 110.5	102.5
DB 2 MOTIF	PPARG_HUMAN.H11MO.1.A
-110.5	106
-109.5	137.5
-108.5	93
-107.5	113
-106.5	120
-105.5	123.5
-104.5	130
-103.5	114
-102.5	115
-101.5	89
-100.5	132.5
 -99.5	102
 -98.5	117.75
 -97.5	117
 -96.5	102
 -95.5	136.5
 -94.5	103.5
 -93.5	109.333
 -92.5	113.333
 -91.5	118.5
 -90.5	118
 -89.5	120.5
 -88.5	101.5
 -87.5	97.3333
 -86.5	114
 -85.5	101
 -84.5	98
 -83.5	94
 -82.5	122.5
 -81.5	117.5
 -80.5	105.5
 -79.5	121.5
 -78.5	98.75
 -77.5	113.5
 -76.5	127.5
 -75.5	130.5
 -74.5	124.5
 -73.5	124.5
 -72.5	104.25
 -71.5	121
 -70.5	106
 -69.5	118.5
 -68.5	101
 -67.5	109.5
 -66.5	113
 -65.5	112.5
 -64.5	112
 -63.5	125
 -62.5	108.5
 -61.5	123
 -60.5	108.5
 -59.5	98
 -58.5	132
 -57.5	109
 -56.5	99
 -55.5	112.7
 -54.5	125.333
 -53.5	136
 -52.5	148.5
 -51.5	107.5
 -50.5	121
 -49.5	126
 -48.5	122.5
 -47.5	113.333
 -46.5	109
 -45.5	130
 -44.5	108.5
 -43.5	129.5
 -42.5	102.5
 -41.5	111
 -40.5	111.833
 -39.5	132.75
 -38.5	110.5
 -37.5	104.5
 -36.5	125
 -35.5	128.333
 -34.5	110
 -33.5	119.5
 -32.5	130.5
 -31.5	111.5
 -30.5	106.5
 -29.5	111
 -28.5	122.75
 -27.5	107.5
 -26.5	140
 -25.5	123.5
 -24.5	127.833
 -23.5	121.833
 -22.5	114
 -21.5	111
 -20.5	125
 -19.5	152
 -18.5	136.45
 -17.5	151
 -16.5	141
 -15.5	142
 -14.5	166
 -13.5	165.5
 -12.5	175.5
 -11.5	173.5
 -10.5	155.5
  -9.5	170
  -8.5	183.75
  -7.5	184.5
  -6.5	205.833
  -5.5	206.5
  -4.5	215
  -3.5	189
  -2.5	205
  -1.5	200.5
  -0.5	191.333
   0.5	207
   1.5	219
   2.5	221
   3.5	200.333
   4.5	209.5
   5.5	210
   6.5	216
   7.5	188.167
   8.5	195.5
   9.5	165
  10.5	180.5
  11.5	158.5
  12.5	166.833
  13.5	168.833
  14.5	168.5
  15.5	159.5
  16.5	143
  17.5	136.5
  18.5	119.7
  19.5	166.5
  20.5	144
  21.5	137
  22.5	119
  23.5	126.333
  24.5	132.25
  25.5	125.5
  26.5	124.333
  27.5	103
  28.5	115.333
  29.5	130
  30.5	125
  31.5	140
  32.5	112.5
  33.5	118.5
  34.5	128.5
  35.5	111
  36.5	143.833
  37.5	136
  38.5	99.5
  39.5	124.333
  40.5	111.833
  41.5	123.5
  42.5	120.833
  43.5	98
  44.5	108.833
  45.5	112
  46.5	117.667
  47.5	94.5
  48.5	123
  49.5	136.5
  50.5	118
  51.5	105
  52.5	126.333
  53.5	107.833
  54.5	103
  55.5	140.2
  56.5	99
  57.5	109.5
  58.5	125.5
  59.5	134.5
  60.5	128.333
  61.5	138.333
  62.5	106.533
  63.5	124.5
  64.5	107.5
  65.5	106.5
  66.5	95
  67.5	119.5
  68.5	108.5
  69.5	105.7
  70.5	112.5
  71.5	122.5
  72.5	111.5
  73.5	100.5
  74.5	107.5
  75.5	112
  76.5	120.7
  77.5	109
  78.5	143
  79.5	120.333
  80.5	117
  81.5	126.5
  82.5	99
  83.5	102.2
  84.5	109.5
  85.5	110
  86.5	103
  87.5	112
  88.5	138
  89.5	100.5
  90.5	95.8333
  91.5	129.333
  92.5	119.7
  93.5	113.5
  94.5	116.5
  95.5	111
  96.5	105.7
  97.5	109.5
  98.5	103.333
  99.5	110.5
 100.5	115.5
 101.5	105
 102.5	97.5
 103.5	99.5
 104.5	119
 105.5	107
 106.5	103
 107.5	122
 108.5	117.5
 109.5	120.5
 110.5	111.333
DB 2 MOTIF	PTF1A_HUMAN.H11MO.0.B
-106.0	93
-105.0	90
-104.0	121
-103.0	98
-102.0	91.5
-101.0	78.5
-100.0	80.5
 -99.0	81
 -98.0	87
 -97.0	117.5
 -96.0	86
 -95.0	86
 -94.0	81
 -93.0	80
 -92.0	97
 -91.0	80
 -90.0	93.5
 -89.0	82
 -88.0	73
 -87.0	109
 -86.0	85
 -85.0	70
 -84.0	102
 -83.0	89
 -82.0	100.5
 -81.0	94
 -80.0	82
 -79.0	87
 -78.0	86
 -77.0	92
 -76.0	92
 -75.0	93.5
 -74.0	100.5
 -73.0	98
 -72.0	84
 -71.0	101
 -70.0	95
 -69.0	102.5
 -68.0	93.5
 -67.0	102.5
 -66.0	93
 -65.0	92
 -64.0	81
 -63.0	104
 -62.0	115.25
 -61.0	74
 -60.0	95.5
 -59.0	102.5
 -58.0	86
 -57.0	85
 -56.0	110.5
 -55.0	92
 -54.0	107
 -53.0	101
 -52.0	98.5
 -51.0	108
 -50.0	99
 -49.0	102
 -48.0	104
 -47.0	96
 -46.0	111
 -45.0	120.5
 -44.0	87.5
 -43.0	92.5
 -42.0	93.5
 -41.0	99
 -40.0	87.5
 -39.0	113.5
 -38.0	104
 -37.0	102
 -36.0	98
 -35.0	107
 -34.0	117
 -33.0	107
 -32.0	128
 -31.0	107
 -30.0	100.167
 -29.0	87
 -28.0	115.5
 -27.0	125.167
 -26.0	122
 -25.0	107
 -24.0	109.167
 -23.0	136
 -22.0	135.75
 -21.0	134.167
 -20.0	172
 -19.0	167
 -18.0	161.167
 -17.0	156
 -16.0	167
 -15.0	148.167
 -14.0	162.5
 -13.0	156.5
 -12.0	150
 -11.0	183.5
 -10.0	167
  -9.0	162
  -8.0	142
  -7.0	160
  -6.0	158
  -5.0	170
  -4.0	160.5
  -3.0	177.5
  -2.0	165.25
  -1.0	161.5
   0.0	189
   1.0	170.5
   2.0	194
   3.0	170.5
   4.0	171
   5.0	171
   6.0	187.5
   7.0	163
   8.0	159.5
   9.0	149
  10.0	136.5
  11.0	169
  12.0	195.5
  13.0	159.5
  14.0	159
  15.0	179
  16.0	134
  17.0	147
  18.0	151
  19.0	153
  20.0	145
  21.0	140
  22.0	136
  23.0	111
  24.0	113
  25.0	133.5
  26.0	115.5
  27.0	106
  28.0	105
  29.0	108
  30.0	105
  31.0	126
  32.0	124
  33.0	128.833
  34.0	91.5
  35.0	110
  36.0	102
  37.0	119
  38.0	115
  39.0	114
  40.0	100.5
  41.0	117
  42.0	91
  43.0	100
  44.0	109
  45.0	114
  46.0	109
  47.0	93.5
  48.0	119
  49.0	96
  50.0	83
  51.0	96.5
  52.0	99
  53.0	95
  54.0	84
  55.0	105
  56.0	118
  57.0	98.5
  58.0	99.25
  59.0	104.5
  60.0	83
  61.0	82
  62.0	92
  63.0	101.5
  64.0	93.5
  65.0	89.3333
  66.0	89
  67.0	96
  68.0	94
  69.0	110
  70.0	95.5
  71.0	82
  72.0	87
  73.0	89.5
  74.0	78
  75.0	96
  76.0	94
  77.0	86
  78.0	97
  79.0	92.5
  80.0	85
  81.0	98
  82.0	99.5
  83.0	96
  84.0	83
  85.0	93.5
  86.0	94
  87.0	88
  88.0	87
  89.0	88
  90.0	91
  91.0	100
  92.0	83.75
  93.0	85
  94.0	100
  95.0	80.25
  96.0	80.5
  97.0	84.3333
  98.0	81.25
  99.0	85
 100.0	104.5
 101.0	92.25
 102.0	104
 103.0	81
 104.0	79
 105.0	75
 106.0	93.5
DB 2 MOTIF	PTF1A_HUMAN.H11MO.1.B
-110.5	106.5
-109.5	80.3333
-108.5	95
-107.5	95.5
-106.5	93.1667
-105.5	72
-104.5	85.5
-103.5	76.75
-102.5	83
-101.5	101
-100.5	86.5
 -99.5	85.5
 -98.5	93.5
 -97.5	77.1667
 -96.5	68.5
 -95.5	87
 -94.5	87.5833
 -93.5	85.5
 -92.5	108
 -91.5	85.75
 -90.5	91.3333
 -89.5	92
 -88.5	97
 -87.5	101.5
 -86.5	75.5
 -85.5	93
 -84.5	88.0833
 -83.5	76
 -82.5	86
 -81.5	89
 -80.5	82
 -79.5	89.5
 -78.5	86.5
 -77.5	95
 -76.5	86
 -75.5	96.3333
 -74.5	97.5
 -73.5	107
 -72.5	84.3333
 -71.5	108.5
 -70.5	101
 -69.5	85.5
 -68.5	91.5
 -67.5	95.5
 -66.5	103
 -65.5	75.5
 -64.5	121
 -63.5	92.3333
 -62.5	80.3333
 -61.5	91.3333
 -60.5	82.1667
 -59.5	97.5
 -58.5	102.833
 -57.5	107.333
 -56.5	101
 -55.5	119.5
 -54.5	99.3333
 -53.5	87
 -52.5	97.5
 -51.5	107.5
 -50.5	95
 -49.5	114.833
 -48.5	94.5
 -47.5	107
 -46.5	118.333
 -45.5	116
 -44.5	96
 -43.5	109.083
 -42.5	100.333
 -41.5	112.5
 -40.5	111.5
 -39.5	115.5
 -38.5	97
 -37.5	101.333
 -36.5	131
 -35.5	103
 -34.5	119.444
 -33.5	109.75
 -32.5	124.833
 -31.5	127.278
 -30.5	130.5
 -29.5	106
 -28.5	130.278
 -27.5	132.833
 -26.5	133
 -25.5	127.778
 -24.5	171.5
 -23.5	150
 -22.5	152.944
 -21.5	148.333
 -20.5	171
 -19.5	157.111
 -18.5	172.5
 -17.5	144.5
 -16.5	199.611
 -15.5	170
 -14.5	186
 -13.5	186.278
 -12.5	184.5
 -11.5	203
 -10.5	195.111
  -9.5	214.5
  -8.5	207
  -7.5	223.333
  -6.5	235
  -5.5	229.833
  -4.5	215.5
  -3.5	244
  -2.5	254.5
  -1.5	238.5
  -0.5	245.833
   0.5	263.833
   1.5	224
   2.5	252.5
   3.5	226
   4.5	216.5
   5.5	251.75
   6.5	213
   7.5	215.5
   8.5	207.5
   9.5	226.333
  10.5	198.833
  11.5	185.5
  12.5	177.5
  13.5	164.5
  14.5	170.5
  15.5	194.5
  16.5	178.417
  17.5	147
  18.5	155.833
  19.5	164
  20.5	161
  21.5	131.167
  22.5	167.5
  23.5	150
  24.5	128
  25.5	118
  26.5	134.833
  27.5	139.917
  28.5	122.333
  29.5	123.5
  30.5	117.167
  31.5	122
  32.5	126.5
  33.5	116.667
  34.5	102
  35.5	94.3333
  36.5	124.917
  37.5	127.75
  38.5	107
  39.5	116.5
  40.5	112.5
  41.5	94
  42.5	118
  43.5	101.25
  44.5	121
  45.5	103.5
  46.5	114.2
  47.5	105.5
  48.5	106
  49.5	120.2
  50.5	104.667
  51.5	98.3333
  52.5	94.5333
  53.5	83.5
  54.5	92.5
  55.5	85.7833
  56.5	94.5
  57.5	101.833
  58.5	102.783
  59.5	100.333
  60.5	103
  61.5	105.583
  62.5	96
  63.5	105.5
  64.5	94.9167
  65.5	74.3333
  66.5	92.5
  67.5	84
  68.5	98.5
  69.5	100.75
  70.5	99
  71.5	109
  72.5	91.5
  73.5	105
  74.5	93.8333
  75.5	84
  76.5	89
  77.5	98
  78.5	89
  79.5	79.5
  80.5	101.5
  81.5	72
  82.5	87.5
  83.5	104
  84.5	81
  85.5	88.5
  86.5	83.1667
  87.5	92.8095
  88.5	95.25
  89.5	84.8333
  90.5	102.643
  91.5	71
  92.5	102.5
  93.5	74.6429
  94.5	92
  95.5	95
  96.5	86.1429
  97.5	85.75
  98.5	72.5
  99.5	79.1429
 100.5	94.3333
 101.5	81.75
 102.5	90.1429
 103.5	93.5
 104.5	78
 105.5	99.1429
 106.5	89
 107.5	84.5
 108.5	68.3333
 109.5	88
 110.5	95.5
DB 2 MOTIF	RARA_HUMAN.H11MO.1.A
-110.0	95
-109.0	88
-108.0	93
-107.0	106
-106.0	81
-105.0	108.75
-104.0	92
-103.0	112
-102.0	93
-101.0	85.5
-100.0	82
 -99.0	106.5
 -98.0	92
 -97.0	90
 -96.0	77.5
 -95.0	113
 -94.0	111
 -93.0	109.5
 -92.0	106.5
 -91.0	92.3333
 -90.0	108.833
 -89.0	95.5
 -88.0	98
 -87.0	106.5
 -86.0	103.5
 -85.0	105
 -84.0	77.5
 -83.0	101.25
 -82.0	86.5
 -81.0	86
 -80.0	95
 -79.0	87
 -78.0	98.5
 -77.0	102
 -76.0	108.5
 -75.0	97
 -74.0	94.5
 -73.0	104.5
 -72.0	99
 -71.0	104.5
 -70.0	115.5
 -69.0	113.5
 -68.0	97
 -67.0	83
 -66.0	97.5
 -65.0	106
 -64.0	123
 -63.0	107.333
 -62.0	102.5
 -61.0	109.75
 -60.0	77.5
 -59.0	85.3333
 -58.0	101.5
 -57.0	90.3333
 -56.0	90
 -55.0	101.5
 -54.0	101.833
 -53.0	85.25
 -52.0	107
 -51.0	124
 -50.0	118
 -49.0	132.5
 -48.0	111
 -47.0	107.5
 -46.0	103.5
 -45.0	122.333
 -44.0	96
 -43.0	110.5
 -42.0	99.5
 -41.0	107
 -40.0	99.5
 -39.0	115.75
 -38.0	113.667
 -37.0	124
 -36.0	106
 -35.0	109
 -34.0	102
 -33.0	98.25
 -32.0	106
 -31.0	110
 -30.0	98
 -29.0	116.5
 -28.0	118.5
 -27.0	108.833
 -26.0	124.333
 -25.0	104.5
 -24.0	107.333
 -23.0	131
 -22.0	134.5
 -21.0	134.5
 -20.0	138
 -19.0	149.833
 -18.0	155.5
 -17.0	167
 -16.0	176
 -15.0	135
 -14.0	149.5
 -13.0	133
 -12.0	162.5
 -11.0	153.5
 -10.0	139
  -9.0	180.5
  -8.0	180
  -7.0	151
  -6.0	173.5
  -5.0	178.5
  -4.0	165
  -3.0	163.5
  -2.0	167
  -1.0	141
   0.0	189
   1.0	164
   2.0	170
   3.0	157
   4.0	152.5
   5.0	161
   6.0	158
   7.0	153.5
   8.0	146
   9.0	171.333
  10.0	167.5
  11.0	164
  12.0	150.75
  13.0	145
  14.0	139
  15.0	161.333
  16.0	167
  17.0	167.75
  18.0	145
  19.0	149.5
  20.0	117.5
  21.0	132.083
  22.0	154.5
  23.0	118.5
  24.0	143.333
  25.0	126
  26.0	122
  27.0	113.5
  28.0	122.5
  29.0	118.5
  30.0	108
  31.0	115
  32.0	99
  33.0	109
  34.0	103
  35.0	120
  36.0	99.5
  37.0	117.833
  38.0	103.5
  39.0	122
  40.0	102
  41.0	102.5
  42.0	97.5
  43.0	113.5
  44.0	107.75
  45.0	108.333
  46.0	106
  47.0	118.75
  48.0	117.5
  49.0	94
  50.0	111
  51.0	123.333
  52.0	87.5
  53.0	113
  54.0	95
  55.0	102
  56.0	98
  57.0	119.5
  58.0	90.25
  59.0	100.5
  60.0	92
  61.0	111
  62.0	91
  63.0	105
  64.0	97.5
  65.0	104.5
  66.0	106
  67.0	94
  68.0	93
  69.0	107
  70.0	97
  71.0	134
  72.0	81.3333
  73.0	82.8333
  74.0	102
  75.0	101
  76.0	92.75
  77.0	91
  78.0	107
  79.0	99.5
  80.0	90
  81.0	84
  82.0	100.5
  83.0	123.5
  84.0	121
  85.0	119
  86.0	106
  87.0	83.75
  88.0	102
  89.0	104.5
  90.0	112.5
  91.0	77.5
  92.0	87.5
  93.0	105.5
  94.0	77.5
  95.0	94.25
  96.0	108.5
  97.0	102.5
  98.0	95.5
  99.0	91
 100.0	98
 101.0	100.833
 102.0	99
 103.0	88.5
 104.0	81.5
 105.0	97
 106.0	101
 107.0	100
 108.0	100.25
 109.0	118
 110.0	115.833
DB 2 MOTIF	RARA_HUMAN.H11MO.2.A
-106.5	103
-105.5	77.5
-104.5	83
-103.5	89
-102.5	112
-101.5	92
-100.5	93.5
 -99.5	77
 -98.5	95.5
 -97.5	94
 -96.5	91
 -95.5	91.5
 -94.5	99.3333
 -93.5	92
 -92.5	103
 -91.5	86
 -90.5	89
 -89.5	92.5
 -88.5	88
 -87.5	88
 -86.5	72
 -85.5	90.5
 -84.5	78
 -83.5	102
 -82.5	82
 -81.5	110
 -80.5	96
 -79.5	109.5
 -78.5	99
 -77.5	95.5
 -76.5	79.25
 -75.5	105
 -74.5	77.5
 -73.5	83
 -72.5	93
 -71.5	102
 -70.5	79.5
 -69.5	97
 -68.5	107
 -67.5	102.5
 -66.5	85.5
 -65.5	88
 -64.5	101
 -63.5	87
 -62.5	98.3333
 -61.5	106.5
 -60.5	99
 -59.5	88.5
 -58.5	88.5
 -57.5	77
 -56.5	76
 -55.5	94
 -54.5	92.8333
 -53.5	96.3333
 -52.5	86.5
 -51.5	88.5
 -50.5	95.5
 -49.5	84
 -48.5	112
 -47.5	97
 -46.5	93
 -45.5	85
 -44.5	77
 -43.5	101
 -42.5	93.5
 -41.5	92
 -40.5	89
 -39.5	87
 -38.5	82
 -37.5	83
 -36.5	95
 -35.5	87.5
 -34.5	92
 -33.5	106
 -32.5	93
 -31.5	104.5
 -30.5	98
 -29.5	101
 -28.5	103.25
 -27.5	114.5
 -26.5	91.5
 -25.5	105
 -24.5	92
 -23.5	97.75
 -22.5	105
 -21.5	104
 -20.5	109
 -19.5	119
 -18.5	108
 -17.5	122
 -16.5	95.5
 -15.5	108
 -14.5	109
 -13.5	108
 -12.5	116
 -11.5	130
 -10.5	95
  -9.5	129.333
  -8.5	95
  -7.5	115
  -6.5	108
  -5.5	88
  -4.5	114
  -3.5	97
  -2.5	85
  -1.5	115
  -0.5	121
   0.5	107.5
   1.5	109
   2.5	105
   3.5	95
   4.5	97
   5.5	98
   6.5	96
   7.5	94
   8.5	126
   9.5	145
  10.5	124
  11.5	118
  12.5	126
  13.5	126
  14.5	93
  15.5	110
  16.5	103
  17.5	97
  18.5	94
  19.5	119.5
  20.5	106
  21.5	111.25
  22.5	89
  23.5	103
  24.5	93
  25.5	99
  26.5	93.3333
  27.5	89
  28.5	102.5
  29.5	108.25
  30.5	112
  31.5	97
  32.5	104
  33.5	99
  34.5	81.5
  35.5	90
  36.5	89
  37.5	109
  38.5	100
  39.5	105
  40.5	80.5
  41.5	104.5
  42.5	96.5
  43.5	107
  44.5	100
  45.5	89
  46.5	91.5
  47.5	89.5
  48.5	85
  49.5	105
  50.5	83
  51.5	106.25
  52.5	81
  53.5	91
  54.5	104
  55.5	70
  56.5	97
  57.5	94
  58.5	95.5
  59.5	95
  60.5	92
  61.5	97
  62.5	92.3333
  63.5	92.5
  64.5	93
  65.5	105
  66.5	92.3333
  67.5	102
  68.5	88
  69.5	90
  70.5	100
  71.5	72
  72.5	98
  73.5	88
  74.5	93
  75.5	83
  76.5	71.5
  77.5	91.5
  78.5	101.5
  79.5	88
  80.5	91.5
  81.5	106
  82.5	95.25
  83.5	95.5
  84.5	87
  85.5	106
  86.5	99
  87.5	97
  88.5	100
  89.5	110
  90.5	88.5
  91.5	108.25
  92.5	112
  93.5	81
  94.5	83
  95.5	84
  96.5	100.833
  97.5	95
  98.5	97
  99.5	85
 100.5	91.5
 101.5	105
 102.5	78
 103.5	98
 104.5	90
 105.5	76.5
 106.5	104
DB 2 MOTIF	RARG_HUMAN.H11MO.0.B
-106.0	90
-105.0	98
-104.0	121
-103.0	111
-102.0	98
-101.0	102.5
-100.0	102
 -99.0	89.5
 -98.0	117.5
 -97.0	103.5
 -96.0	106
 -95.0	114
 -94.0	117.5
 -93.0	110.5
 -92.0	107
 -91.0	88.5
 -90.0	111
 -89.0	93
 -88.0	100
 -87.0	100
 -86.0	97
 -85.0	106
 -84.0	104
 -83.0	103
 -82.0	94
 -81.0	127.5
 -80.0	103
 -79.0	97
 -78.0	113.25
 -77.0	87.5
 -76.0	105
 -75.0	102.5
 -74.0	107
 -73.0	101
 -72.0	118
 -71.0	92
 -70.0	98
 -69.0	103
 -68.0	98
 -67.0	104
 -66.0	123
 -65.0	104
 -64.0	103
 -63.0	108
 -62.0	114.5
 -61.0	113
 -60.0	102
 -59.0	111
 -58.0	109
 -57.0	118
 -56.0	107
 -55.0	104
 -54.0	123
 -53.0	108.5
 -52.0	93
 -51.0	104
 -50.0	93
 -49.0	90
 -48.0	124
 -47.0	107
 -46.0	113.5
 -45.0	93
 -44.0	118
 -43.0	104
 -42.0	123
 -41.0	121
 -40.0	113
 -39.0	130.5
 -38.0	107
 -37.0	113
 -36.0	104
 -35.0	106.5
 -34.0	116
 -33.0	122
 -32.0	107
 -31.0	114
 -30.0	111
 -29.0	94
 -28.0	98
 -27.0	111
 -26.0	116.5
 -25.0	133
 -24.0	143
 -23.0	142
 -22.0	127
 -21.0	155
 -20.0	117
 -19.0	133
 -18.0	132.25
 -17.0	129.5
 -16.0	159
 -15.0	132.5
 -14.0	134
 -13.0	148
 -12.0	158
 -11.0	128
 -10.0	127
  -9.0	106
  -8.0	98
  -7.0	115.5
  -6.0	105
  -5.0	108.5
  -4.0	129
  -3.0	112
  -2.0	100
  -1.0	110
   0.0	105.5
   1.0	95
   2.0	107
   3.0	98
   4.0	85
   5.0	114.5
   6.0	120
   7.0	103.5
   8.0	125
   9.0	101
  10.0	134.5
  11.0	141
  12.0	124.5
  13.0	134
  14.0	119
  15.0	125
  16.0	126
  17.0	154.5
  18.0	137
  19.0	132
  20.0	153
  21.0	138
  22.0	124.5
  23.0	116
  24.0	138
  25.0	119
  26.0	125
  27.0	109
  28.0	90
  29.0	116
  30.0	109
  31.0	118
  32.0	114
  33.0	124
  34.0	97
  35.0	113
  36.0	89
  37.0	116
  38.0	105
  39.0	101
  40.0	105
  41.0	92
  42.0	120.25
  43.0	127.5
  44.0	104
  45.0	112.5
  46.0	115
  47.0	89
  48.0	111.5
  49.0	116
  50.0	94
  51.0	109
  52.0	112.5
  53.0	109
  54.0	113
  55.0	123
  56.0	111
  57.0	101
  58.0	105
  59.0	88
  60.0	113
  61.0	108
  62.0	93
  63.0	106
  64.0	111
  65.0	101.5
  66.0	133.5
  67.0	106
  68.0	116.5
  69.0	94
  70.0	102.5
  71.0	115
  72.0	118
  73.0	91
  74.0	102
  75.0	115
  76.0	112
  77.0	99
  78.0	110.5
  79.0	107
  80.0	126
  81.0	108
  82.0	111
  83.0	107
  84.0	91.5
  85.0	108
  86.0	114.5
  87.0	102
  88.0	109
  89.0	90
  90.0	94
  91.0	127.5
  92.0	106
  93.0	100.5
  94.0	107.5
  95.0	106
  96.0	86
  97.0	98
  98.0	119
  99.0	108
 100.0	104
 101.0	106
 102.0	114
 103.0	110.25
 104.0	108.5
 105.0	118
 106.0	93
DB 2 MOTIF	RARG_HUMAN.H11MO.1.B
-111.0	102.833
-110.0	79
-109.0	88
-108.0	94
-107.0	96
-106.0	91
-105.0	86.5
-104.0	94
-103.0	85
-102.0	98
-101.0	91
-100.0	78.2
 -99.0	91
 -98.0	99.5
 -97.0	97
 -96.0	92
 -95.0	88
 -94.0	94.5
 -93.0	100.5
 -92.0	86.3333
 -91.0	87.1667
 -90.0	86.8333
 -89.0	100.833
 -88.0	84
 -87.0	88
 -86.0	96.5
 -85.0	82.5
 -84.0	105.5
 -83.0	85.5
 -82.0	88
 -81.0	90.5
 -80.0	86.3333
 -79.0	77.5
 -78.0	93.5
 -77.0	81.5
 -76.0	90.5
 -75.0	108.333
 -74.0	95
 -73.0	88.5
 -72.0	105.333
 -71.0	97.5
 -70.0	84.5
 -69.0	98
 -68.0	99
 -67.0	95
 -66.0	84
 -65.0	101
 -64.0	99
 -63.0	91.5
 -62.0	107.5
 -61.0	88.5
 -60.0	95.2
 -59.0	98.3333
 -58.0	78.3333
 -57.0	80.5
 -56.0	97.8333
 -55.0	98.5
 -54.0	104.5
 -53.0	102
 -52.0	95.5
 -51.0	90
 -50.0	98
 -49.0	90.3333
 -48.0	107.5
 -47.0	104.5
 -46.0	95
 -45.0	109.833
 -44.0	114
 -43.0	95.5
 -42.0	95
 -41.0	98.7
 -40.0	104
 -39.0	100
 -38.0	117.5
 -37.0	103.833
 -36.0	118.5
 -35.0	112.5
 -34.0	104.25
 -33.0	103
 -32.0	90.5
 -31.0	107
 -30.0	95.75
 -29.0	111.5
 -28.0	103.5
 -27.0	119.833
 -26.0	110.333
 -25.0	97.3333
 -24.0	120.5
 -23.0	112
 -22.0	132.5
 -21.0	131.5
 -20.0	126.5
 -19.0	165.5
 -18.0	155.333
 -17.0	162.5
 -16.0	153
 -15.0	163
 -14.0	159.333
 -13.0	171.5
 -12.0	145.5
 -11.0	155.333
 -10.0	169.5
  -9.0	175
  -8.0	185.833
  -7.0	220.5
  -6.0	209.5
  -5.0	203
  -4.0	199.5
  -3.0	206
  -2.0	160
  -1.0	194
   0.0	198.833
   1.0	203.333
   2.0	174
   3.0	212
   4.0	205.5
   5.0	195
   6.0	184.167
   7.0	184.75
   8.0	194
   9.0	193.667
  10.0	183.333
  11.0	191.083
  12.0	162.5
  13.0	167
  14.0	178
  15.0	151.5
  16.0	159.083
  17.0	169
  18.0	169.833
  19.0	127.5
  20.0	116
  21.0	118.5
  22.0	122.833
  23.0	131
  24.0	114.5
  25.0	131
  26.0	97.5
  27.0	127.833
  28.0	104
  29.0	106.5
  30.0	115.5
  31.0	93
  32.0	107.5
  33.0	78.5
  34.0	115.833
  35.0	93.5
  36.0	116.333
  37.0	91.5
  38.0	101.5
  39.0	81
  40.0	111.5
  41.0	99.5
  42.0	91.5
  43.0	101.25
  44.0	98.75
  45.0	94
  46.0	95.5833
  47.0	84
  48.0	86.3333
  49.0	95
  50.0	103
  51.0	97.3333
  52.0	124.833
  53.0	80
  54.0	111
  55.0	90.5
  56.0	86
  57.0	95.7
  58.0	112.5
  59.0	95.8333
  60.0	93.5
  61.0	98
  62.0	101.5
  63.0	95
  64.0	100.5
  65.0	100
  66.0	87.5
  67.0	87
  68.0	97.8333
  69.0	80
  70.0	109
  71.0	106.5
  72.0	112.833
  73.0	90
  74.0	85.3333
  75.0	92.25
  76.0	89.7
  77.0	105.5
  78.0	97
  79.0	82
  80.0	88.3333
  81.0	94.75
  82.0	107.333
  83.0	97.5
  84.0	105
  85.0	107.5
  86.0	91.75
  87.0	103.5
  88.0	91.5
  89.0	81.5
  90.0	85.5
  91.0	107.5
  92.0	100
  93.0	91
  94.0	86.5
  95.0	85.5
  96.0	83
  97.0	95
  98.0	84
  99.0	92.5
 100.0	90.5
 101.0	100.5
 102.0	88.8333
 103.0	85.5
 104.0	80.5
 105.0	79.5
 106.0	93
 107.0	96.25
 108.0	86.5
 109.0	93.3333
 110.0	97
 111.0	106.5
DB 2 MOTIF	RARG_HUMAN.H11MO.2.D
-105.0	85
-104.0	77
-103.0	60
-102.0	61
-101.0	67
-100.0	79
 -99.0	63
 -98.0	57
 -97.0	74
 -96.0	74.5
 -95.0	67
 -94.0	73
 -93.0	69
 -92.0	65
 -91.0	64
 -90.0	68
 -89.0	81
 -88.0	52
 -87.0	71
 -86.0	60
 -85.0	62
 -84.0	58
 -83.0	68
 -82.0	74
 -81.0	65
 -80.0	73
 -79.0	62
 -78.0	80
 -77.0	69
 -76.0	71
 -75.0	56
 -74.0	81
 -73.0	62
 -72.0	54
 -71.0	66
 -70.0	67.5
 -69.0	57
 -68.0	66
 -67.0	63
 -66.0	77
 -65.0	82
 -64.0	65.5
 -63.0	69
 -62.0	72
 -61.0	76
 -60.0	68
 -59.0	88
 -58.0	74
 -57.0	72
 -56.0	100
 -55.0	69.5
 -54.0	69
 -53.0	74
 -52.0	75
 -51.0	74
 -50.0	57
 -49.0	67
 -48.0	74
 -47.0	60
 -46.0	68
 -45.0	81
 -44.0	76
 -43.0	93
 -42.0	77
 -41.0	82
 -40.0	71
 -39.0	72
 -38.0	78
 -37.0	75.5
 -36.0	81
 -35.0	65.5
 -34.0	69
 -33.0	72.5
 -32.0	77
 -31.0	86.5
 -30.0	82
 -29.0	62.5
 -28.0	93
 -27.0	67
 -26.0	63
 -25.0	82
 -24.0	89
 -23.0	89
 -22.0	94
 -21.0	72
 -20.0	76
 -19.0	97
 -18.0	86
 -17.0	84
 -16.0	90
 -15.0	75
 -14.0	84
 -13.0	115
 -12.0	92
 -11.0	107.5
 -10.0	85
  -9.0	92
  -8.0	98
  -7.0	104
  -6.0	94
  -5.0	89
  -4.0	100.5
  -3.0	66
  -2.0	106
  -1.0	111
   0.0	108
   1.0	96
   2.0	99
   3.0	91
   4.0	95
   5.0	98.5
   6.0	84
   7.0	97.5
   8.0	87
   9.0	112
  10.0	90
  11.0	111
  12.0	89
  13.0	98
  14.0	86
  15.0	99
  16.0	76
  17.0	80
  18.0	78
  19.0	77
  20.0	94
  21.0	86
  22.0	91
  23.0	85
  24.0	86.5
  25.0	99
  26.0	73
  27.0	63
  28.0	78
  29.0	84
  30.0	84.5
  31.0	75
  32.0	66
  33.0	71
  34.0	68
  35.0	77
  36.0	78
  37.0	61
  38.0	75
  39.0	54
  40.0	57
  41.0	81
  42.0	61
  43.0	76
  44.0	75.5
  45.0	73.5
  46.0	93.5
  47.0	77
  48.0	73
  49.0	59
  50.0	73
  51.0	71
  52.0	76.5
  53.0	83
  54.0	86
  55.0	74
  56.0	78
  57.0	73
  58.0	76
  59.0	73
  60.0	69
  61.0	89
  62.0	78
  63.0	67.5
  64.0	82
  65.0	77
  66.0	80
  67.0	77.5
  68.0	72
  69.0	62
  70.0	78
  71.0	75
  72.0	74
  73.0	87.5
  74.0	86
  75.0	71
  76.0	70
  77.0	73.5
  78.0	67
  79.0	71
  80.0	62
  81.0	74
  82.0	77
  83.0	63.5
  84.0	66
  85.0	72
  86.0	84.5
  87.0	68
  88.0	64
  89.0	70
  90.0	61
  91.0	91.5
  92.0	70.5
  93.0	57
  94.0	78
  95.0	62
  96.0	63
  97.0	71
  98.0	75
  99.0	69
 100.0	74
 101.0	69
 102.0	75.5
 103.0	78.5
 104.0	62
 105.0	69.5
DB 2 MOTIF	REST_HUMAN.H11MO.0.A
-104.0	13
-103.0	10
-102.0	8
-101.0	10
-100.0	16
 -99.0	16.3333
 -98.0	13
 -97.0	18
 -96.0	8
 -95.0	7
 -94.0	6
 -93.0	17
 -92.0	8
 -91.0	7
 -90.0	10
 -89.0	11
 -88.0	12
 -87.0	11
 -86.0	15
 -85.0	18
 -84.0	8
 -83.0	14
 -82.0	14
 -81.0	11
 -80.0	14
 -79.0	15
 -78.0	15
 -77.0	19
 -76.0	10
 -75.0	17
 -74.0	12
 -73.0	13
 -72.0	15
 -71.0	12
 -70.0	16
 -69.0	13
 -68.0	12
 -67.0	14
 -66.0	17
 -65.0	19
 -64.0	17
 -63.0	8
 -62.0	9
 -61.0	10
 -60.0	15
 -59.0	13
 -58.0	18
 -57.0	12
 -56.0	19
 -55.0	9
 -54.0	15
 -53.0	16
 -52.0	10
 -51.0	11
 -50.0	13
 -49.0	18
 -48.0	17
 -47.0	14
 -46.0	14.3333
 -45.0	18
 -44.0	11
 -43.0	18
 -42.0	13
 -41.0	15
 -40.0	12
 -39.0	15
 -38.0	17
 -37.0	16
 -36.0	3
 -35.0	17
 -34.0	17
 -33.0	17
 -32.0	17
 -31.0	14
 -30.0	16
 -29.0	15
 -28.0	15
 -27.0	18
 -26.0	25
 -25.0	19
 -24.0	19
 -23.0	18
 -22.0	15
 -21.0	14
 -20.0	13
 -19.0	23
 -18.0	10
 -17.0	22
 -16.0	17
 -15.0	14
 -14.0	14
 -13.0	12
 -12.0	20
 -11.0	13
 -10.0	6
  -9.0	21
  -8.0	6
  -7.0	20
  -6.0	12
  -5.0	16
  -4.0	15
  -3.0	23
  -2.0	15
  -1.0	9
   0.0	16
   1.0	12
   2.0	17
   3.0	15
   4.0	13
   5.0	10
   6.0	13
   7.0	13.3333
   8.0	11
   9.0	17
  10.0	12
  11.0	14
  12.0	17
  13.0	18
  14.0	10
  15.0	19
  16.0	11
  17.0	17
  18.0	11
  19.0	13
  20.0	14
  21.0	16
  22.0	20
  23.0	13
  24.0	22
  25.0	12
  26.0	22
  27.0	12
  28.0	14
  29.0	15
  30.0	20
  31.0	10
  32.0	13
  33.0	21
  34.0	10
  35.0	15
  36.0	19
  37.0	20
  38.0	12
  39.0	17
  40.0	18
  41.0	12
  42.0	16
  43.0	13
  44.0	15
  45.0	15
  46.0	18
  47.0	17
  48.0	10
  49.0	18
  50.0	13
  51.0	13
  52.0	11
  53.0	15
  54.0	14.5
  55.0	8
  56.0	11
  57.0	7
  58.0	15
  59.0	21
  60.0	16
  61.0	8
  62.0	7
  63.0	11
  64.0	18
  65.0	13
  66.0	12
  67.0	15
  68.0	16
  69.0	12
  70.0	11
  71.0	4
  72.0	14
  73.0	15
  74.0	8
  75.0	16
  76.0	15
  77.0	16
  78.0	12
  79.0	14
  80.0	14
  81.0	15
  82.0	7
  83.0	11
  84.0	9
  85.0	16
  86.0	16
  87.0	14
  88.0	19
  89.0	10
  90.0	10
  91.0	18.5
  92.0	14
  93.0	17
  94.0	7
  95.0	9
  96.0	10
  97.0	14
  98.0	9
  99.0	13
 100.0	10
 101.0	10
 102.0	18
 103.0	19
 104.0	8
DB 2 MOTIF	RFX1_HUMAN.H11MO.0.B
-104.0	32
-103.0	27
-102.0	39
-101.0	58
-100.0	40
 -99.0	40
 -98.0	33
 -97.0	36
 -96.0	30
 -95.0	44.5
 -94.0	38
 -93.0	35
 -92.0	35
 -91.0	39
 -90.0	35
 -89.0	24
 -88.0	27
 -87.0	35
 -86.0	33
 -85.0	40
 -84.0	37
 -83.0	36
 -82.0	40
 -81.0	44.5
 -80.0	48
 -79.0	41
 -78.0	36
 -77.0	39
 -76.0	38
 -75.0	40
 -74.0	39
 -73.0	44
 -72.0	33
 -71.0	33.5
 -70.0	33
 -69.0	31
 -68.0	35
 -67.0	36
 -66.0	38.5
 -65.0	21
 -64.0	30
 -63.0	34
 -62.0	47
 -61.0	28
 -60.0	37
 -59.0	33
 -58.0	39
 -57.0	42
 -56.0	32
 -55.0	26.5
 -54.0	48
 -53.0	44
 -52.0	40
 -51.0	30
 -50.0	39.5
 -49.0	45
 -48.0	45
 -47.0	39
 -46.0	33.5
 -45.0	53
 -44.0	35
 -43.0	36
 -42.0	31.5
 -41.0	43
 -40.0	55
 -39.0	43
 -38.0	50
 -37.0	35
 -36.0	55
 -35.0	57
 -34.0	37
 -33.0	49
 -32.0	46
 -31.0	51.75
 -30.0	53
 -29.0	42
 -28.0	46
 -27.0	38
 -26.0	47
 -25.0	42
 -24.0	52
 -23.0	42
 -22.0	43
 -21.0	44
 -20.0	48
 -19.0	33
 -18.0	42
 -17.0	40
 -16.0	43
 -15.0	58
 -14.0	57
 -13.0	62
 -12.0	35.5
 -11.0	65
 -10.0	60
  -9.0	63
  -8.0	56
  -7.0	58
  -6.0	52
  -5.0	61.5
  -4.0	64
  -3.0	49
  -2.0	59
  -1.0	50
   0.0	62
   1.0	57
   2.0	62
   3.0	76
   4.0	53
   5.0	74
   6.0	63.25
   7.0	66
   8.0	60
   9.0	52
  10.0	66
  11.0	60
  12.0	41
  13.0	52
  14.0	53
  15.0	36.5
  16.0	42
  17.0	57.5
  18.0	46
  19.0	49.5
  20.0	48
  21.0	49
  22.0	49.5
  23.0	46
  24.0	41
  25.0	44
  26.0	52
  27.0	53.5
  28.0	48
  29.0	42
  30.0	38
  31.0	42
  32.0	33
  33.0	31
  34.0	31
  35.0	41
  36.0	36.5
  37.0	41.5
  38.0	41
  39.0	56
  40.0	39
  41.0	42
  42.0	50
  43.0	35.25
  44.0	49
  45.0	41.5
  46.0	43
  47.0	47.5
  48.0	34
  49.0	44
  50.0	37
  51.0	37.5
  52.0	41
  53.0	38
  54.0	38
  55.0	45
  56.0	40
  57.0	47.5
  58.0	45
  59.0	29.5
  60.0	34
  61.0	51
  62.0	38
  63.0	53
  64.0	30
  65.0	30.5
  66.0	40.5
  67.0	36
  68.0	43
  69.0	43
  70.0	36
  71.0	30
  72.0	40
  73.0	37
  74.0	37
  75.0	36
  76.0	30
  77.0	34
  78.0	41
  79.0	39
  80.0	35.25
  81.0	36
  82.0	25.5
  83.0	36
  84.0	40
  85.0	28
  86.0	38
  87.0	40
  88.0	37.5
  89.0	39
  90.0	38
  91.0	37.5
  92.0	40.5
  93.0	34
  94.0	34
  95.0	32
  96.0	43
  97.0	22
  98.0	35
  99.0	36
 100.0	41
 101.0	33
 102.0	33
 103.0	50.5
 104.0	40
DB 2 MOTIF	RFX5_HUMAN.H11MO.0.A
-105.0	71
-104.0	79
-103.0	75
-102.0	82
-101.0	76
-100.0	94
 -99.0	67
 -98.0	69
 -97.0	60
 -96.0	71
 -95.0	66
 -94.0	78
 -93.0	85
 -92.0	81
 -91.0	62
 -90.0	77.8333
 -89.0	68.5
 -88.0	94.5
 -87.0	78
 -86.0	77
 -85.0	75
 -84.0	85
 -83.0	71
 -82.0	80
 -81.0	73.5
 -80.0	74.5
 -79.0	80
 -78.0	96
 -77.0	93
 -76.0	78
 -75.0	101
 -74.0	93.5
 -73.0	65
 -72.0	86.5
 -71.0	82
 -70.0	80
 -69.0	86.5
 -68.0	68
 -67.0	79
 -66.0	80.5
 -65.0	76
 -64.0	83
 -63.0	106
 -62.0	94.5
 -61.0	68
 -60.0	91
 -59.0	73
 -58.0	81.5
 -57.0	102
 -56.0	92
 -55.0	114
 -54.0	98
 -53.0	71
 -52.0	96
 -51.0	89
 -50.0	83.5
 -49.0	80
 -48.0	95
 -47.0	85
 -46.0	90
 -45.0	65
 -44.0	102
 -43.0	81
 -42.0	84
 -41.0	81
 -40.0	93
 -39.0	86
 -38.0	89
 -37.0	84
 -36.0	95
 -35.0	102
 -34.0	84
 -33.0	88
 -32.0	87
 -31.0	121
 -30.0	109
 -29.0	106.333
 -28.0	75
 -27.0	96
 -26.0	91
 -25.0	78
 -24.0	91
 -23.0	90
 -22.0	102
 -21.0	85.5
 -20.0	84
 -19.0	88
 -18.0	99
 -17.0	103
 -16.0	114
 -15.0	102
 -14.0	92
 -13.0	124
 -12.0	101.5
 -11.0	118
 -10.0	96
  -9.0	116
  -8.0	115
  -7.0	143
  -6.0	131
  -5.0	141
  -4.0	124
  -3.0	112
  -2.0	125
  -1.0	124
   0.0	118.5
   1.0	126
   2.0	110
   3.0	139
   4.0	127
   5.0	122
   6.0	118
   7.0	117
   8.0	120.5
   9.0	112
  10.0	102
  11.0	92.5
  12.0	92
  13.0	105
  14.0	115
  15.0	92
  16.0	100
  17.0	101
  18.0	88
  19.0	101
  20.0	81
  21.0	87
  22.0	99
  23.0	95.5
  24.0	107
  25.0	101
  26.0	104
  27.0	105
  28.0	102
  29.0	110
  30.0	84
  31.0	90
  32.0	103.833
  33.0	87.5
  34.0	84
  35.0	91
  36.0	89
  37.0	100
  38.0	93
  39.0	86
  40.0	98
  41.0	90
  42.0	99.5
  43.0	81
  44.0	104
  45.0	80.5
  46.0	79.5
  47.0	74
  48.0	89
  49.0	92
  50.0	84
  51.0	80
  52.0	82.5
  53.0	76
  54.0	90
  55.0	90
  56.0	98
  57.0	69
  58.0	96
  59.0	90
  60.0	92
  61.0	79
  62.0	93
  63.0	89
  64.0	82.5
  65.0	80
  66.0	75.5
  67.0	96
  68.0	78
  69.0	87
  70.0	95
  71.0	94
  72.0	83
  73.0	79
  74.0	79
  75.0	87
  76.0	86
  77.0	91
  78.0	66
  79.0	73
  80.0	75.5
  81.0	75.5
  82.0	88
  83.0	83
  84.0	64
  85.0	85
  86.0	94.5
  87.0	63
  88.0	97
  89.0	93.5
  90.0	66.5
  91.0	74
  92.0	75
  93.0	75
  94.0	80
  95.0	83
  96.0	65
  97.0	89
  98.0	71
  99.0	78.5
 100.0	77
 101.0	77
 102.0	81
 103.0	76
 104.0	52
 105.0	80
DB 2 MOTIF	RFX5_HUMAN.H11MO.1.A
-109.5	84
-108.5	90
-107.5	85
-106.5	85.5
-105.5	84
-104.5	97
-103.5	95.5
-102.5	90
-101.5	76.5
-100.5	82
 -99.5	87
 -98.5	69.5
 -97.5	80
 -96.5	78
 -95.5	73
 -94.5	83
 -93.5	81
 -92.5	88
 -91.5	87.5
 -90.5	90.5
 -89.5	95
 -88.5	90
 -87.5	82.8333
 -86.5	75.5
 -85.5	84.5
 -84.5	101
 -83.5	77
 -82.5	75.5
 -81.5	103.5
 -80.5	85.5
 -79.5	77
 -78.5	98.8333
 -77.5	71
 -76.5	91.5
 -75.5	76.5
 -74.5	92.5
 -73.5	75.5
 -72.5	89
 -71.5	74.5
 -70.5	74
 -69.5	66
 -68.5	67
 -67.5	76
 -66.5	81.5
 -65.5	84.5
 -64.5	83
 -63.5	93
 -62.5	82
 -61.5	88
 -60.5	94
 -59.5	76.5
 -58.5	85.5
 -57.5	98
 -56.5	94
 -55.5	112.5
 -54.5	82.5
 -53.5	70.5
 -52.5	75.5
 -51.5	99.3333
 -50.5	93
 -49.5	77.5
 -48.5	82
 -47.5	96.3333
 -46.5	89
 -45.5	93.5
 -44.5	93
 -43.5	92.5
 -42.5	91
 -41.5	85.5
 -40.5	79
 -39.5	90.5
 -38.5	85
 -37.5	86.3333
 -36.5	97
 -35.5	91
 -34.5	87
 -33.5	79
 -32.5	89.5
 -31.5	96
 -30.5	105
 -29.5	99
 -28.5	86
 -27.5	88
 -26.5	88
 -25.5	92.5
 -24.5	79.3333
 -23.5	100
 -22.5	104
 -21.5	67
 -20.5	68
 -19.5	85.5
 -18.5	86
 -17.5	73.5
 -16.5	87.5
 -15.5	94.5
 -14.5	72.5
 -13.5	89
 -12.5	84
 -11.5	71
 -10.5	101.333
  -9.5	83
  -8.5	74.5
  -7.5	88.5
  -6.5	108
  -5.5	83
  -4.5	87.5
  -3.5	88.5
  -2.5	90.5
  -1.5	75.5
  -0.5	85
   0.5	81
   1.5	85
   2.5	84
   3.5	101
   4.5	95
   5.5	79
   6.5	85.5
   7.5	83.5
   8.5	89
   9.5	88
  10.5	71
  11.5	87
  12.5	102
  13.5	87.5
  14.5	84
  15.5	87
  16.5	89
  17.5	89
  18.5	95
  19.5	97.5
  20.5	93.5
  21.5	96
  22.5	103.5
  23.5	117
  24.5	108
  25.5	92
  26.5	101
  27.5	88.3333
  28.5	79.5
  29.5	95
  30.5	99
  31.5	103.5
  32.5	99
  33.5	76.5
  34.5	89
  35.5	94
  36.5	70
  37.5	109.333
  38.5	73.5
  39.5	90.5
  40.5	97
  41.5	91.5
  42.5	86
  43.5	85.5
  44.5	101
  45.5	87
  46.5	75.5
  47.5	102.5
  48.5	99.5
  49.5	107
  50.5	81
  51.5	102.333
  52.5	90
  53.5	92.5
  54.5	89.5
  55.5	90
  56.5	102.5
  57.5	90
  58.5	93.5
  59.5	84
  60.5	86
  61.5	81
  62.5	98
  63.5	89
  64.5	71.5
  65.5	77
  66.5	96
  67.5	82
  68.5	85
  69.5	82
  70.5	107
  71.5	73.5
  72.5	76
  73.5	96
  74.5	70.5
  75.5	94
  76.5	75
  77.5	73
  78.5	78
  79.5	65
  80.5	66
  81.5	90
  82.5	82
  83.5	84.5
  84.5	86
  85.5	89.6667
  86.5	86
  87.5	74
  88.5	96
  89.5	75
  90.5	66.5
  91.5	79
  92.5	74
  93.5	93
  94.5	84
  95.5	82.5
  96.5	81.5
  97.5	73.5
  98.5	97
  99.5	74
 100.5	83
 101.5	98
 102.5	76
 103.5	71.5
 104.5	70
 105.5	87
 106.5	91.5
 107.5	93
 108.5	86
 109.5	97
DB 2 MOTIF	RORA_HUMAN.H11MO.0.C
-108.5	106.75
-107.5	102.5
-106.5	118
-105.5	127
-104.5	119
-103.5	108.5
-102.5	127
-101.5	122
-100.5	125
 -99.5	116
 -98.5	115
 -97.5	121.5
 -96.5	129
 -95.5	121.5
 -94.5	108.5
 -93.5	116
 -92.5	115.5
 -91.5	123.5
 -90.5	112
 -89.5	100.5
 -88.5	102.5
 -87.5	111
 -86.5	115.5
 -85.5	130
 -84.5	132
 -83.5	143.5
 -82.5	104
 -81.5	134
 -80.5	101
 -79.5	124
 -78.5	113
 -77.5	128
 -76.5	132.5
 -75.5	115
 -74.5	126
 -73.5	125.5
 -72.5	136.5
 -71.5	130
 -70.5	127.5
 -69.5	119.5
 -68.5	124
 -67.5	111.5
 -66.5	114
 -65.5	131
 -64.5	120.5
 -63.5	113
 -62.5	99.5
 -61.5	110.5
 -60.5	112
 -59.5	108.5
 -58.5	105.5
 -57.5	122
 -56.5	116
 -55.5	124.5
 -54.5	123.25
 -53.5	107
 -52.5	127.5
 -51.5	121.5
 -50.5	134
 -49.5	131
 -48.5	135
 -47.5	124.25
 -46.5	131.5
 -45.5	132
 -44.5	119
 -43.5	124
 -42.5	108.5
 -41.5	128
 -40.5	99
 -39.5	137.5
 -38.5	139
 -37.5	128
 -36.5	119
 -35.5	141
 -34.5	123.5
 -33.5	108
 -32.5	132
 -31.5	92.5
 -30.5	110.5
 -29.5	139
 -28.5	132.5
 -27.5	137
 -26.5	133
 -25.5	128.333
 -24.5	118.5
 -23.5	126
 -22.5	133.5
 -21.5	110
 -20.5	134.5
 -19.5	158
 -18.5	152
 -17.5	158.5
 -16.5	114
 -15.5	136.5
 -14.5	135.5
 -13.5	124
 -12.5	124
 -11.5	132
 -10.5	145
  -9.5	158.5
  -8.5	136
  -7.5	151
  -6.5	165
  -5.5	157
  -4.5	147
  -3.5	178
  -2.5	139.5
  -1.5	146
  -0.5	168
   0.5	167.5
   1.5	152.5
   2.5	155
   3.5	171
   4.5	142
   5.5	135
   6.5	161
   7.5	153
   8.5	153
   9.5	168.5
  10.5	149.75
  11.5	152
  12.5	122.5
  13.5	138.25
  14.5	146.5
  15.5	126
  16.5	143
  17.5	161.5
  18.5	141
  19.5	111.25
  20.5	127
  21.5	123.5
  22.5	144.333
  23.5	133
  24.5	153
  25.5	136
  26.5	129
  27.5	140.5
  28.5	125
  29.5	141
  30.5	120.5
  31.5	104.5
  32.5	116
  33.5	122.5
  34.5	108.5
  35.5	149.333
  36.5	117.5
  37.5	125
  38.5	122.5
  39.5	119.5
  40.5	140.5
  41.5	119.5
  42.5	114.25
  43.5	121
  44.5	127.5
  45.5	126
  46.5	122.5
  47.5	111.5
  48.5	129
  49.5	148
  50.5	113.5
  51.5	138
  52.5	116.5
  53.5	119
  54.5	106
  55.5	130
  56.5	132.25
  57.5	119
  58.5	110
  59.5	118
  60.5	113
  61.5	117
  62.5	136
  63.5	119
  64.5	126.5
  65.5	107
  66.5	118
  67.5	119.5
  68.5	96.5
  69.5	130.5
  70.5	124.833
  71.5	140.333
  72.5	128.5
  73.5	116.5
  74.5	108
  75.5	124.5
  76.5	123
  77.5	102
  78.5	111.5
  79.5	108
  80.5	125.5
  81.5	116
  82.5	134.5
  83.5	134.5
  84.5	120
  85.5	110
  86.5	132
  87.5	130
  88.5	123
  89.5	112
  90.5	120
  91.5	138
  92.5	119
  93.5	117.25
  94.5	113.5
  95.5	121
  96.5	106
  97.5	117
  98.5	126
  99.5	117.5
 100.5	118
 101.5	145.5
 102.5	104
 103.5	120
 104.5	118
 105.5	112
 106.5	121.25
 107.5	119.5
 108.5	114.833
DB 2 MOTIF	RUNX1_HUMAN.H11MO.0.A
-109.5	95
-108.5	81.3333
-107.5	98
-106.5	71.5
-105.5	90.3333
-104.5	85.5
-103.5	75.5
-102.5	84.5833
-101.5	85.5
-100.5	83.5
 -99.5	89
 -98.5	91.5
 -97.5	69
 -96.5	91.5
 -95.5	81
 -94.5	74
 -93.5	60.5
 -92.5	92.5
 -91.5	97.5
 -90.5	76
 -89.5	90.5
 -88.5	71
 -87.5	84.5
 -86.5	76
 -85.5	84.5
 -84.5	100
 -83.5	78.5
 -82.5	68
 -81.5	81
 -80.5	94.25
 -79.5	85.5
 -78.5	74.25
 -77.5	87.25
 -76.5	86
 -75.5	67.8333
 -74.5	72
 -73.5	75.5
 -72.5	77.5
 -71.5	61
 -70.5	83.25
 -69.5	87
 -68.5	86
 -67.5	78
 -66.5	79
 -65.5	76.5
 -64.5	89.5
 -63.5	98.25
 -62.5	82.5
 -61.5	79
 -60.5	85.5
 -59.5	82.5
 -58.5	91
 -57.5	76
 -56.5	85
 -55.5	98
 -54.5	72
 -53.5	85
 -52.5	93
 -51.5	90.5
 -50.5	91
 -49.5	84
 -48.5	79
 -47.5	86
 -46.5	99
 -45.5	83.5
 -44.5	79
 -43.5	92
 -42.5	78
 -41.5	79
 -40.5	83
 -39.5	92
 -38.5	81.5
 -37.5	107
 -36.5	86
 -35.5	81.25
 -34.5	78.5
 -33.5	91
 -32.5	79.5
 -31.5	84.5
 -30.5	97.5
 -29.5	80
 -28.5	86
 -27.5	104
 -26.5	81
 -25.5	112.5
 -24.5	109.5
 -23.5	82.5
 -22.5	85.5
 -21.5	82
 -20.5	90
 -19.5	93
 -18.5	102.5
 -17.5	97.25
 -16.5	94
 -15.5	93
 -14.5	85
 -13.5	77
 -12.5	108.5
 -11.5	105.5
 -10.5	101.5
  -9.5	100
  -8.5	102
  -7.5	106
  -6.5	114
  -5.5	131
  -4.5	120
  -3.5	130.5
  -2.5	134.5
  -1.5	121
  -0.5	131
   0.5	119.5
   1.5	125
   2.5	144.5
   3.5	119.5
   4.5	126.5
   5.5	111
   6.5	117.5
   7.5	120
   8.5	128.5
   9.5	107.5
  10.5	118
  11.5	89.5
  12.5	109
  13.5	86
  14.5	85
  15.5	96
  16.5	94.5
  17.5	100.5
  18.5	82
  19.5	108.5
  20.5	83
  21.5	101.5
  22.5	103
  23.5	84.5
  24.5	86
  25.5	97.5
  26.5	103.5
  27.5	84.75
  28.5	98
  29.5	90
  30.5	88.3333
  31.5	72
  32.5	106
  33.5	90
  34.5	89
  35.5	73
  36.5	95
  37.5	89
  38.5	93
  39.5	89
  40.5	96.5
  41.5	93
  42.5	91
  43.5	80
  44.5	81
  45.5	81.25
  46.5	84
  47.5	81
  48.5	76.5
  49.5	80
  50.5	73.5
  51.5	79
  52.5	81
  53.5	94
  54.5	91
  55.5	85.5
  56.5	78
  57.5	89
  58.5	80.5
  59.5	69.5
  60.5	90.5
  61.5	105.5
  62.5	84.5
  63.5	72
  64.5	77.5
  65.5	83
  66.5	91
  67.5	74
  68.5	109.5
  69.5	62
  70.5	78
  71.5	81
  72.5	76
  73.5	70.5
  74.5	85
  75.5	73.25
  76.5	106.5
  77.5	79
  78.5	90.5
  79.5	74
  80.5	75.5
  81.5	71
  82.5	88.5
  83.5	80.3333
  84.5	59
  85.5	85.5
  86.5	74
  87.5	80
  88.5	79.5
  89.5	93.5
  90.5	88.5
  91.5	87
  92.5	59
  93.5	73
  94.5	80
  95.5	74.5
  96.5	80
  97.5	94.5
  98.5	71
  99.5	73.5
 100.5	80
 101.5	98.5
 102.5	92.5
 103.5	73
 104.5	87
 105.5	82
 106.5	82
 107.5	88.5
 108.5	86.25
 109.5	85
DB 2 MOTIF	RUNX3_HUMAN.H11MO.0.A
-110.0	76.5
-109.0	79.5
-108.0	94.5
-107.0	61.5
-106.0	70.5
-105.0	81.3333
-104.0	76.5
-103.0	71.25
-102.0	78
-101.0	73
-100.0	78.5
 -99.0	91
 -98.0	67
 -97.0	77
 -96.0	66
 -95.0	76
 -94.0	70
 -93.0	85
 -92.0	87.5
 -91.0	81
 -90.0	79
 -89.0	76
 -88.0	81
 -87.0	76
 -86.0	71
 -85.0	97
 -84.0	82.5
 -83.0	70.75
 -82.0	75
 -81.0	75.25
 -80.0	77.5
 -79.0	67.75
 -78.0	80.25
 -77.0	74
 -76.0	69
 -75.0	75.1667
 -74.0	65.5
 -73.0	77
 -72.0	67.5
 -71.0	71.25
 -70.0	81.5
 -69.0	77
 -68.0	76
 -67.0	81
 -66.0	71
 -65.0	84.5
 -64.0	79.75
 -63.0	91
 -62.0	74.5
 -61.0	76
 -60.0	74
 -59.0	73.3333
 -58.0	86.5
 -57.0	89.5
 -56.0	78
 -55.0	78
 -54.0	81
 -53.0	82.5
 -52.0	84
 -51.0	94.5
 -50.0	79.5
 -49.0	71.5
 -48.0	88
 -47.0	77.5
 -46.0	98.5
 -45.0	73.3333
 -44.0	85
 -43.0	63
 -42.0	71
 -41.0	76
 -40.0	86.5
 -39.0	80
 -38.0	105
 -37.0	95
 -36.0	80.25
 -35.0	70
 -34.0	85
 -33.0	94
 -32.0	88.5
 -31.0	71
 -30.0	80.5
 -29.0	81.5
 -28.0	79
 -27.0	99
 -26.0	93.5
 -25.0	105
 -24.0	83
 -23.0	85.5
 -22.0	76.5
 -21.0	91.5
 -20.0	84.5
 -19.0	86.5
 -18.0	85.25
 -17.0	95
 -16.0	89
 -15.0	91
 -14.0	90
 -13.0	68
 -12.0	105.5
 -11.0	88.8333
 -10.0	104.75
  -9.0	115
  -8.0	91
  -7.0	99.5
  -6.0	110
  -5.0	121.5
  -4.0	114.75
  -3.0	133
  -2.0	122
  -1.0	128
   0.0	129.5
   1.0	100.5
   2.0	159
   3.0	115.5
   4.0	114.5
   5.0	108.833
   6.0	103
   7.0	107
   8.0	122
   9.0	99.5
  10.0	119
  11.0	103.5
  12.0	97.5
  13.0	103
  14.0	76
  15.0	92
  16.0	98.5
  17.0	95
  18.0	77.5
  19.0	87
  20.0	107.5
  21.0	88
  22.0	99.5
  23.0	85.5
  24.0	74.5
  25.0	85.75
  26.0	91
  27.0	89.75
  28.0	95
  29.0	89.5
  30.0	91
  31.0	68.8333
  32.0	84.5
  33.0	100
  34.0	88
  35.0	80.75
  36.0	71
  37.0	82
  38.0	94
  39.0	95.5
  40.0	79.5
  41.0	91
  42.0	87.5
  43.0	80.75
  44.0	89
  45.0	68.25
  46.0	84
  47.0	89
  48.0	71
  49.0	72.5
  50.0	74
  51.0	68
  52.0	82
  53.0	77
  54.0	82
  55.0	77.5
  56.0	66.5
  57.0	86.5
  58.0	75
  59.0	72
  60.0	84
  61.0	85.25
  62.0	91
  63.0	75.5
  64.0	70
  65.0	82
  66.0	96.5
  67.0	74
  68.0	86.3333
  69.0	71.5
  70.0	60
  71.0	88
  72.0	76.5
  73.0	73.8333
  74.0	68
  75.0	71.25
  76.0	89
  77.0	96
  78.0	74.3333
  79.0	60.5
  80.0	61.5
  81.0	75.5
  82.0	82
  83.0	61.5
  84.0	66.3333
  85.0	68
  86.0	86
  87.0	81
  88.0	75
  89.0	84
  90.0	82.5
  91.0	85
  92.0	63
  93.0	66.75
  94.0	63
  95.0	80
  96.0	72
  97.0	84
  98.0	84.5
  99.0	56
 100.0	68.5
 101.0	79.5
 102.0	93
 103.0	84
 104.0	80
 105.0	87
 106.0	80
 107.0	81
 108.0	86.75
 109.0	72
 110.0	77
DB 2 MOTIF	RXRA_HUMAN.H11MO.0.A
-105.0	121.25
-104.0	118
-103.0	148
-102.0	118
-101.0	122
-100.0	152
 -99.0	124
 -98.0	137.5
 -97.0	126
 -96.0	114.333
 -95.0	97
 -94.0	126
 -93.0	114.5
 -92.0	119
 -91.0	130.5
 -90.0	125
 -89.0	124
 -88.0	131.333
 -87.0	141
 -86.0	108
 -85.0	127
 -84.0	139.5
 -83.0	124
 -82.0	140.5
 -81.0	110
 -80.0	146.5
 -79.0	135.5
 -78.0	151
 -77.0	127
 -76.0	130
 -75.0	127
 -74.0	143
 -73.0	121.5
 -72.0	122.5
 -71.0	126
 -70.0	107.5
 -69.0	133
 -68.0	118.5
 -67.0	136.5
 -66.0	131.833
 -65.0	129
 -64.0	147
 -63.0	116.5
 -62.0	131
 -61.0	118.5
 -60.0	111
 -59.0	128
 -58.0	135
 -57.0	137
 -56.0	129
 -55.0	132.5
 -54.0	135
 -53.0	133.5
 -52.0	141.75
 -51.0	126
 -50.0	126.5
 -49.0	127.5
 -48.0	132
 -47.0	136
 -46.0	121
 -45.0	116
 -44.0	141.333
 -43.0	141.333
 -42.0	122.5
 -41.0	138
 -40.0	134
 -39.0	125.5
 -38.0	120.333
 -37.0	112
 -36.0	131
 -35.0	112
 -34.0	122
 -33.0	114
 -32.0	144.5
 -31.0	127
 -30.0	119
 -29.0	118
 -28.0	114
 -27.0	118.5
 -26.0	124.5
 -25.0	120
 -24.0	129
 -23.0	145
 -22.0	134.5
 -21.0	142
 -20.0	114
 -19.0	147
 -18.0	142
 -17.0	146.5
 -16.0	146
 -15.0	143
 -14.0	145
 -13.0	153
 -12.0	130.5
 -11.0	144.5
 -10.0	140
  -9.0	147
  -8.0	141.833
  -7.0	148.5
  -6.0	142.5
  -5.0	156
  -4.0	163
  -3.0	178.5
  -2.0	150
  -1.0	136.5
   0.0	169.5
   1.0	152.25
   2.0	148
   3.0	159
   4.0	166.5
   5.0	168
   6.0	152
   7.0	164.25
   8.0	143.5
   9.0	158.5
  10.0	172.833
  11.0	150.5
  12.0	142
  13.0	159
  14.0	120
  15.0	129
  16.0	132
  17.0	138.5
  18.0	128.5
  19.0	121.5
  20.0	132.5
  21.0	133
  22.0	124
  23.0	118
  24.0	131
  25.0	128
  26.0	138
  27.0	128.5
  28.0	127
  29.0	146
  30.0	133
  31.0	128.333
  32.0	162.833
  33.0	116
  34.0	125
  35.0	106
  36.0	131
  37.0	130.5
  38.0	121
  39.0	141.25
  40.0	109
  41.0	137
  42.0	140.833
  43.0	128
  44.0	132
  45.0	127
  46.0	122
  47.0	127
  48.0	119
  49.0	112
  50.0	123
  51.0	133.5
  52.0	140
  53.0	136
  54.0	150.75
  55.0	122.5
  56.0	150.5
  57.0	121
  58.0	132.5
  59.0	133
  60.0	113
  61.0	129.5
  62.0	145.5
  63.0	127
  64.0	131
  65.0	133
  66.0	117
  67.0	132
  68.0	136.833
  69.0	118
  70.0	140.333
  71.0	118.75
  72.0	119.5
  73.0	127
  74.0	131.5
  75.0	129
  76.0	127
  77.0	124.5
  78.0	131.5
  79.0	144.5
  80.0	121.5
  81.0	120.5
  82.0	129.333
  83.0	122.5
  84.0	136.5
  85.0	130.5
  86.0	99.5
  87.0	129
  88.0	144
  89.0	131
  90.0	144
  91.0	134
  92.0	146.5
  93.0	122
  94.0	128.5
  95.0	137.5
  96.0	105
  97.0	129.5
  98.0	133
  99.0	135.5
 100.0	122
 101.0	121
 102.0	141.5
 103.0	123.25
 104.0	121
 105.0	150.333
DB 2 MOTIF	RXRA_HUMAN.H11MO.1.A
-110.0	117
-109.0	104.5
-108.0	115.25
-107.0	114.5
-106.0	99
-105.0	106
-104.0	91
-103.0	111.5
-102.0	97
-101.0	102
-100.0	102
 -99.0	85
 -98.0	92.5
 -97.0	108
 -96.0	105.5
 -95.0	100.5
 -94.0	112.5
 -93.0	84
 -92.0	113.333
 -91.0	88.5
 -90.0	112
 -89.0	96
 -88.0	94.8333
 -87.0	89
 -86.0	101.5
 -85.0	113
 -84.0	107.5
 -83.0	103
 -82.0	93.5
 -81.0	95.5
 -80.0	99
 -79.0	98
 -78.0	92.5
 -77.0	99
 -76.0	107.5
 -75.0	124
 -74.0	107
 -73.0	98
 -72.0	105.5
 -71.0	96.5
 -70.0	102.5
 -69.0	105.5
 -68.0	94
 -67.0	111.5
 -66.0	113
 -65.0	105
 -64.0	91.5
 -63.0	121.5
 -62.0	92.5
 -61.0	131
 -60.0	114.5
 -59.0	102.5
 -58.0	90.5
 -57.0	96
 -56.0	108
 -55.0	125.533
 -54.0	111.5
 -53.0	130
 -52.0	109
 -51.0	102.5
 -50.0	111.5
 -49.0	125.5
 -48.0	112.833
 -47.0	101.25
 -46.0	131
 -45.0	110
 -44.0	126.5
 -43.0	109
 -42.0	100
 -41.0	102
 -40.0	126.5
 -39.0	130.5
 -38.0	125.5
 -37.0	128
 -36.0	122.833
 -35.0	113.25
 -34.0	131
 -33.0	110.5
 -32.0	100.5
 -31.0	113
 -30.0	107
 -29.0	104
 -28.0	130.5
 -27.0	133
 -26.0	114
 -25.0	119.5
 -24.0	122.833
 -23.0	125.5
 -22.0	110
 -21.0	131
 -20.0	161
 -19.0	157
 -18.0	152.7
 -17.0	134.5
 -16.0	155.5
 -15.0	150
 -14.0	172
 -13.0	157
 -12.0	156.5
 -11.0	181.5
 -10.0	167.5
  -9.0	166
  -8.0	195.5
  -7.0	213
  -6.0	204
  -5.0	210.5
  -4.0	203.5
  -3.0	196.5
  -2.0	207
  -1.0	191.5
   0.0	206
   1.0	211
   2.0	204.5
   3.0	200.5
   4.0	199
   5.0	197
   6.0	197
   7.0	182.333
   8.0	192.333
   9.0	173.5
  10.0	183.5
  11.0	164
  12.0	166.333
  13.0	175.5
  14.0	159.25
  15.0	155.25
  16.0	183.5
  17.0	156.5
  18.0	148
  19.0	170.7
  20.0	129
  21.0	117.5
  22.0	129
  23.0	139.333
  24.0	134.5
  25.0	119.5
  26.0	143.333
  27.0	119
  28.0	122
  29.0	132.5
  30.0	127
  31.0	148
  32.0	113
  33.0	103
  34.0	94
  35.0	142.5
  36.0	116
  37.0	112.5
  38.0	115
  39.0	118.5
  40.0	108.833
  41.0	128
  42.0	113.5
  43.0	97
  44.0	113
  45.0	108.75
  46.0	109
  47.0	105.333
  48.0	104
  49.0	119
  50.0	115
  51.0	114.5
  52.0	124
  53.0	131.333
  54.0	82
  55.0	112.5
  56.0	110.7
  57.0	117.5
  58.0	104
  59.0	123.5
  60.0	107.333
  61.0	104.5
  62.0	84.0333
  63.0	97.5
  64.0	128
  65.0	111
  66.0	101
  67.0	103.5
  68.0	105.333
  69.0	119.533
  70.0	113
  71.0	96
  72.0	123.5
  73.0	119
  74.0	100
  75.0	87.5833
  76.0	105.2
  77.0	112.5
  78.0	104
  79.0	100
  80.0	102.5
  81.0	98.3333
  82.0	103
  83.0	92.2
  84.0	107.5
  85.0	110.25
  86.0	103
  87.0	113
  88.0	121.5
  89.0	103
  90.0	86.5
  91.0	119.5
  92.0	107
  93.0	109.2
  94.0	99
  95.0	92
  96.0	91.7
  97.0	100
  98.0	98.3333
  99.0	89
 100.0	101
 101.0	102
 102.0	95.5
 103.0	95
 104.0	111
 105.0	98.5
 106.0	85
 107.0	97.5
 108.0	111.5
 109.0	100
 110.0	95
DB 2 MOTIF	RXRB_HUMAN.H11MO.0.C
-110.0	98.5
-109.0	117
-108.0	103
-107.0	111.5
-106.0	105.5
-105.0	92.5
-104.0	128
-103.0	90.6667
-102.0	101.5
-101.0	104.5
-100.0	115.5
 -99.0	99
 -98.0	99
 -97.0	86.5
 -96.0	114
 -95.0	105
 -94.0	79
 -93.0	117
 -92.0	118
 -91.0	117
 -90.0	91
 -89.0	106.833
 -88.0	116.5
 -87.0	109
 -86.0	98
 -85.0	110
 -84.0	112.5
 -83.0	100.333
 -82.0	105
 -81.0	103
 -80.0	89
 -79.0	92
 -78.0	110
 -77.0	107
 -76.0	107
 -75.0	94.5
 -74.0	119
 -73.0	103.5
 -72.0	114
 -71.0	106.5
 -70.0	93.5
 -69.0	114.5
 -68.0	102
 -67.0	112
 -66.0	102
 -65.0	107.5
 -64.0	116
 -63.0	102.5
 -62.0	122
 -61.0	104.667
 -60.0	132
 -59.0	102.5
 -58.0	82
 -57.0	99
 -56.0	122.333
 -55.0	94
 -54.0	138.5
 -53.0	103.333
 -52.0	99
 -51.0	124
 -50.0	118
 -49.0	97.5
 -48.0	112.5
 -47.0	110
 -46.0	93
 -45.0	113.5
 -44.0	108
 -43.0	99.5
 -42.0	113.5
 -41.0	105
 -40.0	109.167
 -39.0	104.5
 -38.0	121.5
 -37.0	94.8333
 -36.0	115.5
 -35.0	115.5
 -34.0	117.25
 -33.0	113
 -32.0	124
 -31.0	117.5
 -30.0	107
 -29.0	106
 -28.0	129.5
 -27.0	132
 -26.0	102.5
 -25.0	91.8333
 -24.0	120
 -23.0	110
 -22.0	124.833
 -21.0	116.5
 -20.0	114
 -19.0	149.5
 -18.0	135
 -17.0	121
 -16.0	120
 -15.0	121.5
 -14.0	121
 -13.0	130
 -12.0	119.5
 -11.0	126
 -10.0	132.5
  -9.0	125
  -8.0	130
  -7.0	153
  -6.0	132
  -5.0	125.5
  -4.0	126
  -3.0	133
  -2.0	103
  -1.0	144
   0.0	132
   1.0	128
   2.0	111
   3.0	156
   4.0	131.5
   5.0	121.5
   6.0	112.5
   7.0	142.5
   8.0	155.5
   9.0	116
  10.0	136
  11.0	127.333
  12.0	126
  13.0	120
  14.0	146.5
  15.0	123
  16.0	103.25
  17.0	138
  18.0	121
  19.0	119.5
  20.0	129.5
  21.0	120.5
  22.0	97.8333
  23.0	130.5
  24.0	106.5
  25.0	113
  26.0	100.5
  27.0	106.5
  28.0	103
  29.0	109
  30.0	124.5
  31.0	105.5
  32.0	99.8333
  33.0	116.5
  34.0	108.5
  35.0	104.5
  36.0	123.667
  37.0	95
  38.0	117
  39.0	96.8333
  40.0	106
  41.0	96.5
  42.0	109
  43.0	117
  44.0	119
  45.0	111
  46.0	113.25
  47.0	101
  48.0	105
  49.0	117.333
  50.0	88
  51.0	113
  52.0	119.333
  53.0	97
  54.0	105.5
  55.0	92.5
  56.0	96.5
  57.0	103.667
  58.0	126.333
  59.0	98.5
  60.0	102.5
  61.0	119
  62.0	113.333
  63.0	108.5
  64.0	97
  65.0	113.5
  66.0	111.5
  67.0	115.333
  68.0	94
  69.0	91.5
  70.0	117
  71.0	110
  72.0	118.833
  73.0	103.5
  74.0	118
  75.0	109
  76.0	110.5
  77.0	109.5
  78.0	92.1667
  79.0	107
  80.0	95.5
  81.0	98.8333
  82.0	123
  83.0	122.5
  84.0	104.5
  85.0	110.5
  86.0	129.25
  87.0	134
  88.0	95.3333
  89.0	107.5
  90.0	97.5
  91.0	110
  92.0	105.5
  93.0	95
  94.0	100
  95.0	108.333
  96.0	106.5
  97.0	114.5
  98.0	94.5
  99.0	108.667
 100.0	101
 101.0	120
 102.0	96.5
 103.0	102
 104.0	99
 105.0	114.333
 106.0	102.5
 107.0	105.5
 108.0	98.5
 109.0	128.333
 110.0	109.5
DB 2 MOTIF	SALL4_HUMAN.H11MO.0.B
-110.0	110.833
-109.0	87
-108.0	100
-107.0	131.75
-106.0	116.25
-105.0	98.3333
-104.0	107.5
-103.0	114
-102.0	120.5
-101.0	109.25
-100.0	112.667
 -99.0	107
 -98.0	102
 -97.0	117.75
 -96.0	121.5
 -95.0	116.45
 -94.0	91.5
 -93.0	96.9167
 -92.0	109
 -91.0	101.533
 -90.0	112.5
 -89.0	125
 -88.0	113.7
 -87.0	115.95
 -86.0	112.833
 -85.0	104.25
 -84.0	115.25
 -83.0	126.2
 -82.0	116.5
 -81.0	136.083
 -80.0	120
 -79.0	112.2
 -78.0	109
 -77.0	101.5
 -76.0	109.5
 -75.0	107.75
 -74.0	126.75
 -73.0	91.0833
 -72.0	110.25
 -71.0	108.833
 -70.0	114.5
 -69.0	121.5
 -68.0	111
 -67.0	129.083
 -66.0	105
 -65.0	105.333
 -64.0	127
 -63.0	119.5
 -62.0	109.75
 -61.0	111.5
 -60.0	124
 -59.0	114.333
 -58.0	127.833
 -57.0	127.833
 -56.0	109
 -55.0	102
 -54.0	117
 -53.0	119
 -52.0	120.833
 -51.0	108.5
 -50.0	106.5
 -49.0	109.333
 -48.0	114.7
 -47.0	105
 -46.0	104
 -45.0	118
 -44.0	124
 -43.0	119.833
 -42.0	107.5
 -41.0	115.2
 -40.0	94.25
 -39.0	125
 -38.0	113
 -37.0	104.333
 -36.0	125
 -35.0	100.5
 -34.0	105
 -33.0	113.25
 -32.0	115
 -31.0	97.8333
 -30.0	121
 -29.0	97.75
 -28.0	123
 -27.0	110.5
 -26.0	135
 -25.0	137.5
 -24.0	116
 -23.0	100
 -22.0	113.5
 -21.0	135.5
 -20.0	123
 -19.0	127
 -18.0	139
 -17.0	137.5
 -16.0	137
 -15.0	127
 -14.0	120.5
 -13.0	127.833
 -12.0	125.5
 -11.0	139
 -10.0	188.5
  -9.0	138.5
  -8.0	145.2
  -7.0	149.5
  -6.0	166
  -5.0	187.5
  -4.0	186.833
  -3.0	146.5
  -2.0	168
  -1.0	162
   0.0	165.833
   1.0	186
   2.0	152.5
   3.0	190
   4.0	155.5
   5.0	161.5
   6.0	184
   7.0	157.5
   8.0	158
   9.0	158
  10.0	147.5
  11.0	134
  12.0	156
  13.0	127.2
  14.0	149
  15.0	133
  16.0	147
  17.0	134.25
  18.0	115
  19.0	119
  20.0	136.5
  21.0	126.5
  22.0	139
  23.0	131.5
  24.0	119.333
  25.0	110
  26.0	116.5
  27.0	124.5
  28.0	113
  29.0	117.833
  30.0	118
  31.0	108.9
  32.0	106.733
  33.0	124.7
  34.0	130.783
  35.0	117.033
  36.0	113.5
  37.0	111
  38.0	111
  39.0	132.5
  40.0	122
  41.0	123
  42.0	141.643
  43.0	95
  44.0	117.5
  45.0	127.333
  46.0	112.643
  47.0	114.25
  48.0	122.5
  49.0	116.7
  50.0	111.5
  51.0	120.5
  52.0	109.5
  53.0	108.091
  54.0	120.591
  55.0	109.091
  56.0	113.591
  57.0	121.341
  58.0	119.341
  59.0	104.341
  60.0	103.174
  61.0	104.591
  62.0	130.234
  63.0	104.591
  64.0	127.333
  65.0	130
  66.0	122.643
  67.0	130
  68.0	110
  69.0	116.5
  70.0	116.25
  71.0	110.5
  72.0	86.7
  73.0	138
  74.0	127
  75.0	121
  76.0	109.75
  77.0	127.5
  78.0	114
  79.0	113.5
  80.0	104.333
  81.0	119
  82.0	114.893
  83.0	131
  84.0	117
  85.0	102.5
  86.0	110.643
  87.0	124.25
  88.0	87.75
  89.0	106
  90.0	97.9762
  91.0	104
  92.0	95.3333
  93.0	125.5
  94.0	117.5
  95.0	107
  96.0	106.333
  97.0	120.583
  98.0	116
  99.0	127.5
 100.0	114.333
 101.0	100.5
 102.0	100.5
 103.0	138.533
 104.0	99
 105.0	119
 106.0	114.667
 107.0	136
 108.0	120.5
 109.0	106.833
 110.0	104.5
DB 2 MOTIF	SCRT1_HUMAN.H11MO.0.D
-108.5	42.5
-107.5	31
-106.5	35
-105.5	51
-104.5	37
-103.5	40
-102.5	45
-101.5	42
-100.5	33
 -99.5	38
 -98.5	41
 -97.5	33
 -96.5	30
 -95.5	38
 -94.5	35
 -93.5	24
 -92.5	43
 -91.5	39
 -90.5	33
 -89.5	52
 -88.5	42
 -87.5	42.3333
 -86.5	38
 -85.5	44
 -84.5	34.5
 -83.5	46
 -82.5	34
 -81.5	32
 -80.5	43
 -79.5	40
 -78.5	45
 -77.5	41
 -76.5	28
 -75.5	28
 -74.5	50
 -73.5	47
 -72.5	45
 -71.5	41.5
 -70.5	47
 -69.5	42
 -68.5	44
 -67.5	38
 -66.5	41
 -65.5	30
 -64.5	50
 -63.5	40
 -62.5	35
 -61.5	50.8333
 -60.5	41
 -59.5	47
 -58.5	37
 -57.5	31
 -56.5	43
 -55.5	48
 -54.5	37
 -53.5	48
 -52.5	41
 -51.5	40
 -50.5	43
 -49.5	47
 -48.5	41.3333
 -47.5	40
 -46.5	47.5
 -45.5	34
 -44.5	50
 -43.5	49
 -42.5	45.5
 -41.5	44.5
 -40.5	47
 -39.5	39
 -38.5	50.5
 -37.5	54.5
 -36.5	46
 -35.5	49.3333
 -34.5	46
 -33.5	42
 -32.5	39
 -31.5	43
 -30.5	55
 -29.5	41
 -28.5	56
 -27.5	57
 -26.5	64
 -25.5	48
 -24.5	56
 -23.5	51
 -22.5	63
 -21.5	47
 -20.5	47
 -19.5	42
 -18.5	44
 -17.5	48
 -16.5	61
 -15.5	53.5
 -14.5	59
 -13.5	74
 -12.5	73
 -11.5	87
 -10.5	78
  -9.5	101
  -8.5	94
  -7.5	75
  -6.5	83
  -5.5	110
  -4.5	89
  -3.5	91
  -2.5	92
  -1.5	110
  -0.5	112
   0.5	94
   1.5	109
   2.5	105.5
   3.5	101
   4.5	93
   5.5	96
   6.5	77
   7.5	95
   8.5	73
   9.5	87
  10.5	84
  11.5	63.3333
  12.5	72.5
  13.5	66.5
  14.5	57.3333
  15.5	80
  16.5	49
  17.5	58.5
  18.5	57
  19.5	47
  20.5	44
  21.5	45
  22.5	60
  23.5	52
  24.5	46
  25.5	37
  26.5	49
  27.5	39
  28.5	43
  29.5	41
  30.5	68
  31.5	46
  32.5	41
  33.5	44
  34.5	44
  35.5	47
  36.5	47
  37.5	39
  38.5	32
  39.5	47
  40.5	37.5
  41.5	46
  42.5	51.5
  43.5	45
  44.5	39
  45.5	28
  46.5	38
  47.5	47
  48.5	41
  49.5	38
  50.5	44.8333
  51.5	45
  52.5	48
  53.5	43
  54.5	41
  55.5	39
  56.5	36.5
  57.5	50
  58.5	45
  59.5	51.5
  60.5	47
  61.5	36
  62.5	41
  63.5	42
  64.5	38
  65.5	31
  66.5	44
  67.5	39
  68.5	39
  69.5	43
  70.5	48
  71.5	34
  72.5	37
  73.5	29
  74.5	40
  75.5	45
  76.5	41.5
  77.5	38.3333
  78.5	49
  79.5	35
  80.5	47
  81.5	38
  82.5	47
  83.5	31
  84.5	37
  85.5	45
  86.5	38
  87.5	29
  88.5	36
  89.5	43.3333
  90.5	34
  91.5	51
  92.5	40
  93.5	32
  94.5	45
  95.5	39
  96.5	33.5
  97.5	33
  98.5	36
  99.5	39
 100.5	36
 101.5	33.5
 102.5	30
 103.5	31
 104.5	33
 105.5	47
 106.5	41
 107.5	48
 108.5	35
DB 2 MOTIF	SCRT2_HUMAN.H11MO.0.D
-108.5	8
-107.5	5
-106.5	6
-105.5	1
-104.5	6
-103.5	7
-102.5	6
-101.5	6
-100.5	7
 -99.5	9
 -98.5	7
 -97.5	4
 -96.5	8
 -95.5	4
 -94.5	5
 -93.5	6
 -92.5	4
 -91.5	8
 -90.5	4
 -89.5	7
 -88.5	8
 -87.5	9
 -86.5	2
 -85.5	5
 -84.5	5
 -83.5	2
 -82.5	10
 -81.5	12
 -80.5	5
 -79.5	4
 -78.5	3
 -77.5	3
 -76.5	7
 -75.5	8
 -74.5	2
 -73.5	7
 -72.5	8
 -71.5	6
 -70.5	8
 -69.5	3
 -68.5	7
 -67.5	5
 -66.5	7
 -65.5	7
 -64.5	3
 -63.5	11.5
 -62.5	4
 -61.5	9
 -60.5	3
 -59.5	10
 -58.5	2
 -57.5	10
 -56.5	5
 -55.5	4
 -54.5	6
 -53.5	9
 -52.5	13
 -51.5	3
 -50.5	11
 -49.5	8
 -48.5	3
 -47.5	8
 -46.5	9
 -45.5	7
 -44.5	8
 -43.5	3
 -42.5	5
 -41.5	10
 -40.5	4
 -39.5	5
 -38.5	6
 -37.5	5
 -36.5	9
 -35.5	3
 -34.5	5
 -33.5	3
 -32.5	7
 -31.5	10
 -30.5	12
 -29.5	6
 -28.5	7
 -27.5	5
 -26.5	12
 -25.5	5
 -24.5	8
 -23.5	5
 -22.5	13
 -21.5	8
 -20.5	6
 -19.5	9
 -18.5	7
 -17.5	6
 -16.5	5
 -15.5	5
 -14.5	9
 -13.5	11
 -12.5	11
 -11.5	12
 -10.5	15
  -9.5	9
  -8.5	6
  -7.5	10
  -6.5	9
  -5.5	8
  -4.5	8
  -3.5	16
  -2.5	20
  -1.5	13
  -0.5	14
   0.5	13.5
   1.5	19
   2.5	7
   3.5	14
   4.5	17
   5.5	11
   6.5	9
   7.5	13
   8.5	21
   9.5	13
  10.5	9
  11.5	8
  12.5	8
  13.5	6
  14.5	17
  15.5	10
  16.5	8
  17.5	9
  18.5	6
  19.5	7
  20.5	17
  21.5	6
  22.5	9
  23.5	5
  24.5	8
  25.5	6
  26.5	7
  27.5	4
  28.5	10
  29.5	3
  30.5	6
  31.5	3
  32.5	11
  33.5	4
  34.5	6
  35.5	8
  36.5	8
  37.5	8
  38.5	6
  39.5	8
  40.5	6
  41.5	4
  42.5	10
  43.5	3
  44.5	8
  45.5	10
  46.5	3
  47.5	7
  48.5	6
  49.5	5
  50.5	12
  51.5	1
  52.5	12
  53.5	8
  54.5	7
  55.5	7
  56.5	4
  57.5	7
  58.5	2
  59.5	6
  60.5	7
  61.5	4
  62.5	1
  63.5	6
  64.5	8
  65.5	2
  66.5	7
  67.5	4
  68.5	5
  69.5	6
  70.5	4
  71.5	5
  72.5	7
  73.5	5
  74.5	5
  75.5	2
  76.5	0
  77.5	8
  78.5	9
  79.5	7
  80.5	6
  81.5	5
  82.5	8
  83.5	8
  84.5	8
  85.5	4
  86.5	5
  87.5	6
  88.5	5
  89.5	5
  90.5	5
  91.5	10
  92.5	4
  93.5	10
  94.5	2
  95.5	0
  96.5	7
  97.5	7
  98.5	6
  99.5	4
 100.5	3
 101.5	6
 102.5	8
 103.5	6
 104.5	8
 105.5	8
 106.5	6
 107.5	5
 108.5	5
DB 2 MOTIF	SMAD1_HUMAN.H11MO.0.D
-109.0	86.8333
-108.0	93
-107.0	93.5
-106.0	107
-105.0	89.5
-104.0	84.5
-103.0	86
-102.0	75
-101.0	121
-100.0	108
 -99.0	113.333
 -98.0	104
 -97.0	101
 -96.0	107
 -95.0	112.2
 -94.0	111.5
 -93.0	91
 -92.0	96.75
 -91.0	92.2
 -90.0	91
 -89.0	93.5
 -88.0	91
 -87.0	100.2
 -86.0	94
 -85.0	85
 -84.0	84
 -83.0	97.7
 -82.0	87.5
 -81.0	84
 -80.0	107
 -79.0	107.2
 -78.0	101
 -77.0	82
 -76.0	97.5
 -75.0	98
 -74.0	84
 -73.0	96
 -72.0	94
 -71.0	94.5
 -70.0	103.5
 -69.0	99
 -68.0	116.5
 -67.0	88
 -66.0	102
 -65.0	96
 -64.0	92.5
 -63.0	105.5
 -62.0	98
 -61.0	112.833
 -60.0	97
 -59.0	84
 -58.0	100.5
 -57.0	104.5
 -56.0	97
 -55.0	88
 -54.0	93.5
 -53.0	110.833
 -52.0	95
 -51.0	92.5
 -50.0	95
 -49.0	96
 -48.0	94
 -47.0	93
 -46.0	105
 -45.0	83
 -44.0	106
 -43.0	110
 -42.0	90.5
 -41.0	110
 -40.0	98
 -39.0	84.5
 -38.0	93
 -37.0	105
 -36.0	101.5
 -35.0	84.5
 -34.0	97
 -33.0	107
 -32.0	106
 -31.0	95
 -30.0	104.333
 -29.0	95.25
 -28.0	95
 -27.0	119
 -26.0	124.5
 -25.0	119.5
 -24.0	106.5
 -23.0	115
 -22.0	124.5
 -21.0	124.5
 -20.0	109
 -19.0	108.5
 -18.0	130.5
 -17.0	106
 -16.0	115
 -15.0	118
 -14.0	140
 -13.0	112
 -12.0	123
 -11.0	98
 -10.0	117.5
  -9.0	114.333
  -8.0	112.5
  -7.0	104
  -6.0	109
  -5.0	114
  -4.0	91
  -3.0	97.5
  -2.0	108
  -1.0	87
   0.0	104.5
   1.0	118
   2.0	105
   3.0	108
   4.0	107.5
   5.0	116.5
   6.0	117
   7.0	106
   8.0	127
   9.0	111
  10.0	108
  11.0	111
  12.0	126
  13.0	135
  14.0	134
  15.0	122
  16.0	112
  17.0	135.5
  18.0	120
  19.0	107
  20.0	115
  21.0	116
  22.0	106.5
  23.0	121
  24.0	117.5
  25.0	107
  26.0	103.5
  27.0	100.5
  28.0	108.5
  29.0	108.5
  30.0	107.5
  31.0	93.5
  32.0	87
  33.0	98
  34.0	116.25
  35.0	93
  36.0	101
  37.0	95
  38.0	83
  39.0	92
  40.0	98.5
  41.0	93.3333
  42.0	106.5
  43.0	100
  44.0	115
  45.0	109
  46.0	99.5
  47.0	92
  48.0	82.5
  49.0	117
  50.0	116
  51.0	103
  52.0	96
  53.0	113.5
  54.0	92.7
  55.0	114.5
  56.0	96
  57.0	96
  58.0	84
  59.0	103
  60.0	100.5
  61.0	103
  62.0	102
  63.0	102.5
  64.0	89.5
  65.0	98.3333
  66.0	103
  67.0	91
  68.0	96.7
  69.0	98
  70.0	112
  71.0	99
  72.0	97
  73.0	106.5
  74.0	89.5
  75.0	94.8333
  76.0	87.5
  77.0	84
  78.0	102.2
  79.0	115
  80.0	81.5
  81.0	94
  82.0	98.5
  83.0	99
  84.0	94
  85.0	101
  86.0	95
  87.0	97
  88.0	89
  89.0	101
  90.0	118.2
  91.0	85.5
  92.0	89
  93.0	77
  94.0	102
  95.0	109
  96.0	83
  97.0	110.25
  98.0	95
  99.0	111
 100.0	70
 101.0	87
 102.0	79.7
 103.0	97
 104.0	93.5
 105.0	103
 106.0	97
 107.0	84
 108.0	93
 109.0	85.5
DB 2 MOTIF	SMAD2_HUMAN.H11MO.0.A
-109.0	121.036
-108.0	112.58
-107.0	109.036
-106.0	108.58
-105.0	113.536
-104.0	112.08
-103.0	116.536
-102.0	120.746
-101.0	99.0357
-100.0	121.246
 -99.0	109.536
 -98.0	116.246
 -97.0	111.536
 -96.0	123.746
 -95.0	100.036
 -94.0	86.2463
 -93.0	126.036
 -92.0	107.621
 -91.0	116.036
 -90.0	119.621
 -89.0	114.536
 -88.0	128.121
 -87.0	121.036
 -86.0	105.121
 -85.0	98.5357
 -84.0	120.331
 -83.0	115.036
 -82.0	127.831
 -81.0	99.0357
 -80.0	110.831
 -79.0	116.536
 -78.0	102.831
 -77.0	119.536
 -76.0	98.2683
 -75.0	107.536
 -74.0	117.543
 -73.0	105.036
 -72.0	121.043
 -71.0	103.5
 -70.0	116.4
 -69.0	104.5
 -68.0	114.067
 -67.0	127
 -66.0	113.067
 -65.0	106
 -64.0	130.567
 -63.0	100.5
 -62.0	96.0667
 -61.0	111
 -60.0	129.067
 -59.0	89.0357
 -58.0	111.567
 -57.0	111.036
 -56.0	115.067
 -55.0	116.036
 -54.0	102.5
 -53.0	134.036
 -52.0	84
 -51.0	108.036
 -50.0	124
 -49.0	97.0357
 -48.0	106
 -47.0	108
 -46.0	133.5
 -45.0	105
 -44.0	121
 -43.0	97
 -42.0	112.5
 -41.0	124
 -40.0	81
 -39.0	122.5
 -38.0	113
 -37.0	113.5
 -36.0	128
 -35.0	130.536
 -34.0	101
 -33.0	105.536
 -32.0	115
 -31.0	109.036
 -30.0	134
 -29.0	107
 -28.0	119.5
 -27.0	110.5
 -26.0	123
 -25.0	115.5
 -24.0	154.5
 -23.0	139
 -22.0	124
 -21.0	145.333
 -20.0	161.5
 -19.0	140.833
 -18.0	159.5
 -17.0	166.333
 -16.0	167.5
 -15.0	132
 -14.0	161
 -13.0	178.5
 -12.0	166.5
 -11.0	161
 -10.0	160
  -9.0	179.5
  -8.0	144
  -7.0	162.5
  -6.0	144.5
  -5.0	173.5
  -4.0	171
  -3.0	166
  -2.0	148
  -1.0	162
   0.0	162
   1.0	156.5
   2.0	155
   3.0	164
   4.0	169
   5.0	168.5
   6.0	150
   7.0	172
   8.0	168.5
   9.0	154.5
  10.0	154.5
  11.0	149.5
  12.0	140.75
  13.0	174.5
  14.0	149.5
  15.0	144.5
  16.0	160
  17.0	164
  18.0	155.833
  19.0	146.5
  20.0	143
  21.0	151.5
  22.0	143.5
  23.0	126.5
  24.0	139
  25.0	115
  26.0	136
  27.0	138
  28.0	121
  29.0	123.5
  30.0	136
  31.0	115.6
  32.0	122
  33.0	119.6
  34.0	109
  35.0	114.6
  36.0	121
  37.0	102.6
  38.0	119.976
  39.0	111.1
  40.0	115.143
  41.0	115.1
  42.0	110.143
  43.0	99.6
  44.0	109.393
  45.0	109.6
  46.0	105.143
  47.0	111.6
  48.0	112.143
  49.0	128.1
  50.0	130.143
  51.0	107.5
  52.0	111
  53.0	133.5
  54.0	118
  55.0	104.5
  56.0	101
  57.0	121.5
  58.0	113.333
  59.0	113.333
  60.0	117
  61.0	117
  62.0	110.405
  63.0	128.5
  64.0	102.071
  65.0	101.5
  66.0	101.571
  67.0	122
  68.0	115.571
  69.0	118.5
  70.0	93.0714
  71.0	123.5
  72.0	90.0714
  73.0	133
  74.0	116.071
  75.0	92
  76.0	106.321
  77.0	103
  78.0	88.9048
  79.0	126.5
  80.0	112.571
  81.0	118
  82.0	116.571
  83.0	106
  84.0	113.071
  85.0	116.5
  86.0	120.905
  87.0	124.5
  88.0	108.571
  89.0	110.333
  90.0	111.5
  91.0	108.5
  92.0	102
  93.0	125.5
  94.0	127.625
  95.0	119.5
  96.0	111.125
  97.0	133.333
  98.0	101.458
  99.0	107.833
 100.0	112.125
 101.0	106.833
 102.0	103.625
 103.0	97.5
 104.0	108.125
 105.0	100.333
 106.0	120.125
 107.0	102.333
 108.0	112.375
 109.0	114.833
DB 2 MOTIF	SMAD3_HUMAN.H11MO.0.B
-109.0	111.5
-108.0	105.5
-107.0	108
-106.0	114.5
-105.0	125.833
-104.0	122
-103.0	106
-102.0	112
-101.0	103.833
-100.0	97
 -99.0	120.833
 -98.0	123
 -97.0	124.333
 -96.0	117
 -95.0	122.5
 -94.0	118
 -93.0	96
 -92.0	95.3333
 -91.0	124.833
 -90.0	107.5
 -89.0	104.5
 -88.0	128.5
 -87.0	136.5
 -86.0	108
 -85.0	119.5
 -84.0	121
 -83.0	115
 -82.0	111
 -81.0	103.5
 -80.0	110
 -79.0	128.5
 -78.0	106
 -77.0	105.333
 -76.0	120.5
 -75.0	149
 -74.0	112.5
 -73.0	113.5
 -72.0	107.5
 -71.0	117
 -70.0	112.5
 -69.0	122
 -68.0	119
 -67.0	121.5
 -66.0	117.333
 -65.0	102.5
 -64.0	110
 -63.0	121.5
 -62.0	128.5
 -61.0	116
 -60.0	114.5
 -59.0	123.5
 -58.0	129
 -57.0	117.333
 -56.0	105.5
 -55.0	99
 -54.0	136.25
 -53.0	130
 -52.0	130
 -51.0	123
 -50.0	111.5
 -49.0	125.5
 -48.0	116.333
 -47.0	153
 -46.0	111.333
 -45.0	135
 -44.0	151.5
 -43.0	107.5
 -42.0	121.5
 -41.0	125.5
 -40.0	125.5
 -39.0	111
 -38.0	155
 -37.0	120.5
 -36.0	135.5
 -35.0	125
 -34.0	149
 -33.0	144
 -32.0	126
 -31.0	133.5
 -30.0	147
 -29.0	137
 -28.0	143.5
 -27.0	153.5
 -26.0	150.5
 -25.0	141.333
 -24.0	167.5
 -23.0	170.5
 -22.0	179.5
 -21.0	162
 -20.0	204
 -19.0	198
 -18.0	172
 -17.0	185
 -16.0	197
 -15.0	210
 -14.0	186.833
 -13.0	205.5
 -12.0	194.5
 -11.0	250.5
 -10.0	212
  -9.0	246.5
  -8.0	231.5
  -7.0	226.5
  -6.0	258
  -5.0	237.5
  -4.0	250.5
  -3.0	273.833
  -2.0	238
  -1.0	239
   0.0	258.5
   1.0	258
   2.0	268.5
   3.0	250
   4.0	265.333
   5.0	262
   6.0	241
   7.0	234.833
   8.0	231.5
   9.0	250.833
  10.0	204
  11.0	226.5
  12.0	218.5
  13.0	240.5
  14.0	207.5
  15.0	201.5
  16.0	187.5
  17.0	189
  18.0	193
  19.0	184.5
  20.0	175.75
  21.0	156.5
  22.0	131
  23.0	162
  24.0	156.5
  25.0	132.5
  26.0	140.5
  27.0	147.5
  28.0	122.5
  29.0	142
  30.0	170.5
  31.0	121.5
  32.0	132
  33.0	132.5
  34.0	147.333
  35.0	126
  36.0	151
  37.0	125
  38.0	136
  39.0	132.5
  40.0	143.5
  41.0	123.5
  42.0	122.5
  43.0	141
  44.0	149
  45.0	142
  46.0	113
  47.0	116.5
  48.0	127.833
  49.0	112.333
  50.0	142
  51.0	116.5
  52.0	111
  53.0	123.5
  54.0	148
  55.0	109
  56.0	117.5
  57.0	123.75
  58.0	146.5
  59.0	120.5
  60.0	127.75
  61.0	137
  62.0	139
  63.0	108.5
  64.0	123.5
  65.0	81
  66.0	113.5
  67.0	103
  68.0	123
  69.0	99.5
  70.0	99.8333
  71.0	102.5
  72.0	136
  73.0	110.5
  74.0	97.5
  75.0	124
  76.0	96
  77.0	103.5
  78.0	127
  79.0	106.25
  80.0	127
  81.0	115.5
  82.0	108
  83.0	129.5
  84.0	110.167
  85.0	115
  86.0	119
  87.0	110
  88.0	125.5
  89.0	123.333
  90.0	113.25
  91.0	121
  92.0	117
  93.0	117.833
  94.0	112.083
  95.0	120.5
  96.0	129
  97.0	123
  98.0	119
  99.0	126.25
 100.0	124
 101.0	111.833
 102.0	122
 103.0	104.5
 104.0	112.5
 105.0	117
 106.0	128
 107.0	118.333
 108.0	110.167
 109.0	105
DB 2 MOTIF	SMAD4_HUMAN.H11MO.0.B
-108.5	89
-107.5	82
-106.5	87.5
-105.5	88
-104.5	91
-103.5	93
-102.5	94
-101.5	77.5
-100.5	104
 -99.5	94.5
 -98.5	103
 -97.5	99.5
 -96.5	93
 -95.5	101
 -94.5	77
 -93.5	81
 -92.5	100
 -91.5	88
 -90.5	98.5
 -89.5	94.5
 -88.5	106.5
 -87.5	96.5
 -86.5	82.5
 -85.5	94
 -84.5	97
 -83.5	116
 -82.5	97
 -81.5	86
 -80.5	95.5
 -79.5	77
 -78.5	84
 -77.5	102
 -76.5	87
 -75.5	88
 -74.5	97
 -73.5	94.5
 -72.5	89
 -71.5	97.5
 -70.5	83
 -69.5	86
 -68.5	104.5
 -67.5	102.5
 -66.5	107
 -65.5	100
 -64.5	78.5
 -63.5	89.5
 -62.5	92
 -61.5	98
 -60.5	88.5
 -59.5	103
 -58.5	94
 -57.5	80.5
 -56.5	108
 -55.5	111.5
 -54.5	96
 -53.5	102.5
 -52.5	99
 -51.5	79.5
 -50.5	119
 -49.5	91
 -48.5	78
 -47.5	94
 -46.5	98.5
 -45.5	108
 -44.5	92.5
 -43.5	112.5
 -42.5	98
 -41.5	92
 -40.5	99
 -39.5	81.5
 -38.5	101
 -37.5	102
 -36.5	98.5
 -35.5	99
 -34.5	111.5
 -33.5	104.5
 -32.5	102
 -31.5	88
 -30.5	119
 -29.5	102
 -28.5	113
 -27.5	122.5
 -26.5	104
 -25.5	118.5
 -24.5	129
 -23.5	127
 -22.5	107.5
 -21.5	140
 -20.5	134
 -19.5	131
 -18.5	125
 -17.5	142
 -16.5	130
 -15.5	135
 -14.5	129
 -13.5	127
 -12.5	148
 -11.5	133
 -10.5	147
  -9.5	140.5
  -8.5	134.5
  -7.5	131
  -6.5	128
  -5.5	120.5
  -4.5	127
  -3.5	151.5
  -2.5	124
  -1.5	126
  -0.5	123
   0.5	135.5
   1.5	121
   2.5	125
   3.5	130
   4.5	125.5
   5.5	137
   6.5	128.5
   7.5	143
   8.5	168.5
   9.5	122
  10.5	134
  11.5	129
  12.5	126
  13.5	124.5
  14.5	123.5
  15.5	113.5
  16.5	127.5
  17.5	134
  18.5	125
  19.5	136
  20.5	135
  21.5	122
  22.5	110
  23.5	108.5
  24.5	124
  25.5	110
  26.5	111
  27.5	101
  28.5	112.5
  29.5	116
  30.5	101
  31.5	99.5
  32.5	106
  33.5	101
  34.5	97
  35.5	79.5
  36.5	89
  37.5	96
  38.5	101.5
  39.5	108.5
  40.5	101
  41.5	107
  42.5	105
  43.5	89.5
  44.5	98.5
  45.5	97.5
  46.5	112
  47.5	102
  48.5	96.5
  49.5	94
  50.5	112
  51.5	91.3333
  52.5	99
  53.5	93
  54.5	95.5
  55.5	88.5
  56.5	90.5
  57.5	87
  58.5	88.5
  59.5	109.5
  60.5	91.5
  61.5	104.333
  62.5	112.5
  63.5	107.833
  64.5	96
  65.5	94
  66.5	107
  67.5	88
  68.5	91
  69.5	93.6667
  70.5	84
  71.5	96
  72.5	90
  73.5	98
  74.5	91.5
  75.5	112
  76.5	91.5
  77.5	77
  78.5	104.5
  79.5	83
  80.5	102
  81.5	116
  82.5	89
  83.5	93.3333
  84.5	97
  85.5	100.333
  86.5	114
  87.5	88.3333
  88.5	100.5
  89.5	96.5
  90.5	94
  91.5	99.3333
  92.5	98.5
  93.5	117.5
  94.5	111
  95.5	96
  96.5	112
  97.5	98.8333
  98.5	79
  99.5	113.833
 100.5	88
 101.5	93.5
 102.5	101.5
 103.5	93.3333
 104.5	75
 105.5	93.5
 106.5	73
 107.5	88.5
 108.5	99
DB 2 MOTIF	SNAI1_HUMAN.H11MO.0.C
-111.0	53.3333
-110.0	60.3333
-109.0	72.0333
-108.0	69
-107.0	65.4167
-106.0	59
-105.0	57.3667
-104.0	57.3333
-103.0	54.5333
-102.0	59.0333
-101.0	51.5833
-100.0	60.45
 -99.0	61
 -98.0	59
 -97.0	59.8333
 -96.0	49.5
 -95.0	61.9444
 -94.0	48.3333
 -93.0	67
 -92.0	64.7778
 -91.0	59
 -90.0	51
 -89.0	60.6667
 -88.0	70
 -87.0	71.8333
 -86.0	55.6667
 -85.0	59.0278
 -84.0	52.75
 -83.0	55
 -82.0	66.4167
 -81.0	64.9762
 -80.0	60
 -79.0	65.1667
 -78.0	68.75
 -77.0	70.5
 -76.0	63.6667
 -75.0	64.5
 -74.0	51.3333
 -73.0	67.2778
 -72.0	63.1667
 -71.0	67.8333
 -70.0	52.5833
 -69.0	54.3333
 -68.0	58.3333
 -67.0	53.8333
 -66.0	57.3333
 -65.0	82.1667
 -64.0	79.6667
 -63.0	69.0833
 -62.0	69.1667
 -61.0	65.3333
 -60.0	62.9167
 -59.0	54.6667
 -58.0	68
 -57.0	72
 -56.0	73.3944
 -55.0	72.1667
 -54.0	62.3333
 -53.0	68.6111
 -52.0	65.3333
 -51.0	76.0833
 -50.0	76.3333
 -49.0	77.3333
 -48.0	65.5
 -47.0	72.6667
 -46.0	68.1667
 -45.0	69.25
 -44.0	78.8667
 -43.0	74.8333
 -42.0	58.1667
 -41.0	75.3429
 -40.0	76.8333
 -39.0	72.75
 -38.0	75.3095
 -37.0	89.25
 -36.0	71.5833
 -35.0	73
 -34.0	84.8333
 -33.0	71.5
 -32.0	78.8333
 -31.0	95.1667
 -30.0	70.8333
 -29.0	74.1944
 -28.0	88.8333
 -27.0	105.667
 -26.0	91.8944
 -25.0	121.667
 -24.0	92.8333
 -23.0	100.667
 -22.0	114.167
 -21.0	90.5
 -20.0	87.1667
 -19.0	90.3333
 -18.0	120.5
 -17.0	147.75
 -16.0	135.833
 -15.0	138.444
 -14.0	191.833
 -13.0	169.667
 -12.0	172.861
 -11.0	185.667
 -10.0	177.667
  -9.0	215.25
  -8.0	221.667
  -7.0	201.667
  -6.0	257.528
  -5.0	255.333
  -4.0	245.25
  -3.0	271.367
  -2.0	248.833
  -1.0	292.833
   0.0	296.5
   1.0	273.417
   2.0	249.167
   3.0	241
   4.0	266
   5.0	253
   6.0	235.667
   7.0	233.417
   8.0	206.833
   9.0	210.833
  10.0	200.417
  11.0	158.667
  12.0	175.25
  13.0	164.333
  14.0	154.033
  15.0	155.5
  16.0	139.167
  17.0	119.167
  18.0	107.917
  19.0	105.833
  20.0	114.083
  21.0	97.5
  22.0	105.143
  23.0	119.583
  24.0	104.333
  25.0	91.1429
  26.0	100.5
  27.0	92.3333
  28.0	104
  29.0	79.5
  30.0	94.7778
  31.0	88.5
  32.0	86.6667
  33.0	87.8611
  34.0	79
  35.0	84.75
  36.0	82.9167
  37.0	75.5
  38.0	83
  39.0	66.8333
  40.0	85.8333
  41.0	67.8333
  42.0	47
  43.0	81.3667
  44.0	73.6667
  45.0	73.5
  46.0	63.1667
  47.0	73.5333
  48.0	65.5833
  49.0	66.5
  50.0	81.0667
  51.0	50.0833
  52.0	62.6667
  53.0	65.1667
  54.0	76.1667
  55.0	59
  56.0	77.1667
  57.0	65.6667
  58.0	65
  59.0	73.5
  60.0	59.6667
  61.0	65.1667
  62.0	67.1667
  63.0	74.1667
  64.0	76
  65.0	60.6667
  66.0	60.5
  67.0	66.25
  68.0	51.3333
  69.0	62.5
  70.0	67.6762
  71.0	66.8667
  72.0	70.5
  73.0	53.4762
  74.0	75.0333
  75.0	60.75
  76.0	70
  77.0	72.0833
  78.0	54.8333
  79.0	57.0833
  80.0	58.8333
  81.0	70.6111
  82.0	58.5
  83.0	70.75
  84.0	70.6111
  85.0	69.3333
  86.0	59.8333
  87.0	51.5833
  88.0	55.6111
  89.0	59.75
  90.0	55.1667
  91.0	66.7778
  92.0	66.1667
  93.0	58.8333
  94.0	69.8333
  95.0	60.5
  96.0	56.8333
  97.0	61.2
  98.0	60.3333
  99.0	69.6667
 100.0	50.1667
 101.0	53.3333
 102.0	81.5
 103.0	48.7
 104.0	50.3333
 105.0	54.8333
 106.0	54.8333
 107.0	68.8333
 108.0	50.1667
 109.0	42.6667
 110.0	60.6667
 111.0	80.1111
DB 2 MOTIF	SNAI2_HUMAN.H11MO.0.A
-110.0	17.1429
-109.0	19
-108.0	36
-107.0	19
-106.0	17
-105.0	23
-104.0	28.1429
-103.0	14
-102.0	20
-101.0	27
-100.0	23.5
 -99.0	26
 -98.0	26.1429
 -97.0	25
 -96.0	23.5
 -95.0	18
 -94.0	30
 -93.0	23.5
 -92.0	23.1429
 -91.0	25
 -90.0	26
 -89.0	28
 -88.0	32
 -87.0	27
 -86.0	24
 -85.0	23
 -84.0	25.5
 -83.0	25.5
 -82.0	23.5
 -81.0	24
 -80.0	27.5
 -79.0	28
 -78.0	25
 -77.0	30
 -76.0	24
 -75.0	30
 -74.0	29
 -73.0	31
 -72.0	21.5
 -71.0	33.5
 -70.0	22
 -69.0	23.5
 -68.0	23
 -67.0	24.5
 -66.0	20.5
 -65.0	30
 -64.0	39
 -63.0	23
 -62.0	28.1429
 -61.0	27
 -60.0	28.5
 -59.0	39
 -58.0	28
 -57.0	29
 -56.0	24.6429
 -55.0	32
 -54.0	28.5
 -53.0	28
 -52.0	20
 -51.0	24
 -50.0	28.1429
 -49.0	33
 -48.0	24.5
 -47.0	24
 -46.0	27
 -45.0	36
 -44.0	31.3333
 -43.0	31
 -42.0	33
 -41.0	42.5
 -40.0	25.5
 -39.0	31
 -38.0	29
 -37.0	29
 -36.0	30
 -35.0	28
 -34.0	34
 -33.0	19
 -32.0	32.3333
 -31.0	36
 -30.0	24
 -29.0	27
 -28.0	35
 -27.0	40
 -26.0	40
 -25.0	43
 -24.0	28
 -23.0	32
 -22.0	44
 -21.0	45
 -20.0	47
 -19.0	35
 -18.0	49
 -17.0	55
 -16.0	47.5
 -15.0	41
 -14.0	73
 -13.0	63
 -12.0	48
 -11.0	55
 -10.0	61
  -9.0	72
  -8.0	73
  -7.0	65.5
  -6.0	81
  -5.0	82
  -4.0	76.5
  -3.0	72.5
  -2.0	79.5
  -1.0	83
   0.0	83
   1.0	83.5
   2.0	72
   3.0	83
   4.0	86.5
   5.0	65
   6.0	67
   7.0	72
   8.0	64
   9.0	68.5
  10.0	70
  11.0	50
  12.0	52.5
  13.0	57
  14.0	53.3333
  15.0	59
  16.0	56.3333
  17.0	41
  18.0	39.5
  19.0	47
  20.0	48
  21.0	30
  22.0	37
  23.0	45
  24.0	31
  25.0	22.5
  26.0	37
  27.0	29
  28.0	33.5
  29.0	23
  30.0	33
  31.0	39.5
  32.0	30
  33.0	25.5
  34.0	20
  35.0	32
  36.0	38
  37.0	36
  38.0	30
  39.0	28
  40.0	35
  41.0	30
  42.0	26
  43.0	35
  44.0	28
  45.0	37
  46.0	25.5
  47.0	26
  48.0	29
  49.0	24.5
  50.0	39
  51.0	26
  52.0	24
  53.0	21
  54.0	35
  55.0	15
  56.0	30.5
  57.0	29
  58.0	27
  59.0	29.5
  60.0	26
  61.0	30
  62.0	25
  63.0	36
  64.0	22.3333
  65.0	31
  66.0	26
  67.0	37
  68.0	27.5
  69.0	25
  70.0	29
  71.0	25
  72.0	31
  73.0	19
  74.0	22
  75.0	27
  76.0	31
  77.0	29
  78.0	22
  79.0	20
  80.0	22
  81.0	24
  82.0	29
  83.0	26
  84.0	36
  85.0	18
  86.0	27
  87.0	12
  88.0	24
  89.0	27
  90.0	18
  91.0	27
  92.0	22
  93.0	24
  94.0	26
  95.0	30
  96.0	27
  97.0	23.3333
  98.0	30
  99.0	24
 100.0	17.5
 101.0	19
 102.0	36
 103.0	26
 104.0	24
 105.0	18
 106.0	29
 107.0	31.5
 108.0	23
 109.0	19.5
 110.0	24
DB 2 MOTIF	SP1_HUMAN.H11MO.1.A
-108.0	58.5
-107.0	38
-106.0	61
-105.0	57
-104.0	64.25
-103.0	73.8333
-102.0	54
-101.0	60
-100.0	57
 -99.0	63
 -98.0	57
 -97.0	64.3333
 -96.0	63
 -95.0	60
 -94.0	76.5
 -93.0	58
 -92.0	54
 -91.0	64.8333
 -90.0	68.3333
 -89.0	55
 -88.0	57
 -87.0	50
 -86.0	56.3333
 -85.0	56
 -84.0	70.5
 -83.0	65.3333
 -82.0	61.25
 -81.0	52
 -80.0	57
 -79.0	49
 -78.0	57.3333
 -77.0	68
 -76.0	54.3333
 -75.0	61
 -74.0	45
 -73.0	51.3333
 -72.0	59.5
 -71.0	49
 -70.0	66
 -69.0	66
 -68.0	72.8333
 -67.0	50
 -66.0	54
 -65.0	62.5
 -64.0	58
 -63.0	50.3333
 -62.0	56.5
 -61.0	59.5
 -60.0	71.25
 -59.0	43
 -58.0	58.3333
 -57.0	58
 -56.0	52.5
 -55.0	61
 -54.0	74.5
 -53.0	59.3333
 -52.0	54.3333
 -51.0	59
 -50.0	63
 -49.0	61
 -48.0	60
 -47.0	58
 -46.0	75
 -45.0	54.5
 -44.0	57
 -43.0	56.5
 -42.0	62.5
 -41.0	54.75
 -40.0	64
 -39.0	50
 -38.0	55.75
 -37.0	50.5
 -36.0	52.5
 -35.0	60
 -34.0	54.5
 -33.0	61
 -32.0	49
 -31.0	66.5
 -30.0	65.5
 -29.0	54
 -28.0	56
 -27.0	52
 -26.0	46.5
 -25.0	64.3333
 -24.0	52
 -23.0	53
 -22.0	66
 -21.0	61.5
 -20.0	68
 -19.0	79.5
 -18.0	72
 -17.0	80
 -16.0	77.5
 -15.0	68.5
 -14.0	85
 -13.0	65
 -12.0	78
 -11.0	61
 -10.0	73.5
  -9.0	84
  -8.0	69
  -7.0	94
  -6.0	83.5
  -5.0	78.5
  -4.0	99
  -3.0	63
  -2.0	76
  -1.0	71
   0.0	63
   1.0	75.5
   2.0	76
   3.0	71
   4.0	80
   5.0	59
   6.0	63
   7.0	91
   8.0	76.5
   9.0	83
  10.0	68
  11.0	68
  12.0	61
  13.0	68
  14.0	67
  15.0	65.5
  16.0	66.5
  17.0	76
  18.0	67.5
  19.0	66
  20.0	55
  21.0	47
  22.0	62.3333
  23.0	53
  24.0	44
  25.0	52
  26.0	69
  27.0	68.5
  28.0	50.5
  29.0	58
  30.0	40
  31.0	55
  32.0	54.5
  33.0	42
  34.0	51.3333
  35.0	59
  36.0	56.3333
  37.0	57.5
  38.0	56
  39.0	63.25
  40.0	63
  41.0	59
  42.0	61
  43.0	70
  44.0	60.25
  45.0	63
  46.0	63
  47.0	43
  48.0	64
  49.0	59
  50.0	70
  51.0	49
  52.0	64
  53.0	63
  54.0	56.5
  55.0	56
  56.0	65
  57.0	81.5
  58.0	50
  59.0	51.3333
  60.0	52
  61.0	65
  62.0	61
  63.0	50.5
  64.0	75.25
  65.0	62
  66.0	66.3333
  67.0	60.5
  68.0	60.25
  69.0	58
  70.0	49
  71.0	66
  72.0	66
  73.0	62
  74.0	49.25
  75.0	58
  76.0	53
  77.0	64.5
  78.0	59.5
  79.0	48.25
  80.0	62.25
  81.0	66
  82.0	64.5
  83.0	58
  84.0	54.75
  85.0	56
  86.0	57.25
  87.0	53
  88.0	55.25
  89.0	50.5
  90.0	87
  91.0	56
  92.0	60.5
  93.0	61
  94.0	55
  95.0	43
  96.0	54
  97.0	43.5
  98.0	64.3333
  99.0	58.25
 100.0	53
 101.0	50.5
 102.0	45
 103.0	58
 104.0	60.5
 105.0	50
 106.0	50
 107.0	48
 108.0	69
DB 2 MOTIF	SP2_HUMAN.H11MO.0.A
-104.0	79.25
-103.0	85
-102.0	80.2
-101.0	65
-100.0	71.5
 -99.0	76
 -98.0	65
 -97.0	86
 -96.0	77.2
 -95.0	67
 -94.0	79
 -93.0	58.5
 -92.0	64
 -91.0	63
 -90.0	84.7
 -89.0	56
 -88.0	67
 -87.0	56
 -86.0	68.5
 -85.0	69
 -84.0	83.2
 -83.0	72
 -82.0	61.5
 -81.0	59
 -80.0	67
 -79.0	52
 -78.0	61.2
 -77.0	69
 -76.0	67.5
 -75.0	61
 -74.0	74
 -73.0	64
 -72.0	74
 -71.0	71
 -70.0	73.75
 -69.0	86
 -68.0	77
 -67.0	77.5
 -66.0	74
 -65.0	83.5
 -64.0	72
 -63.0	68
 -62.0	66
 -61.0	64.5
 -60.0	83.25
 -59.0	52
 -58.0	77.25
 -57.0	64
 -56.0	57
 -55.0	78.5
 -54.0	87
 -53.0	69
 -52.0	58
 -51.0	56
 -50.0	83.5
 -49.0	65.5
 -48.0	68
 -47.0	65.5
 -46.0	66
 -45.0	53
 -44.0	67
 -43.0	68
 -42.0	62
 -41.0	58
 -40.0	61
 -39.0	62.5
 -38.0	72.25
 -37.0	61
 -36.0	71
 -35.0	61
 -34.0	63.3333
 -33.0	74
 -32.0	62.3333
 -31.0	80
 -30.0	80
 -29.0	78
 -28.0	68.5
 -27.0	56
 -26.0	65
 -25.0	76
 -24.0	61.5
 -23.0	66
 -22.0	67.75
 -21.0	89
 -20.0	89
 -19.0	94.5
 -18.0	80
 -17.0	89
 -16.0	96
 -15.0	78.5
 -14.0	89
 -13.0	107
 -12.0	92
 -11.0	104
 -10.0	95
  -9.0	109
  -8.0	102
  -7.0	121
  -6.0	110.5
  -5.0	99
  -4.0	135
  -3.0	106
  -2.0	124
  -1.0	117
   0.0	83
   1.0	92
   2.0	107
   3.0	107
   4.0	104
   5.0	102
   6.0	93
   7.0	108
   8.0	99
   9.0	102
  10.0	112
  11.0	105
  12.0	110.5
  13.0	94
  14.0	88.3333
  15.0	100
  16.0	101.5
  17.0	110
  18.0	71
  19.0	82
  20.0	74
  21.0	68
  22.0	86.5
  23.0	72.5
  24.0	61
  25.0	59
  26.0	69
  27.0	79
  28.0	62.5
  29.0	70
  30.0	74.5
  31.0	74
  32.0	70.5
  33.0	63
  34.0	63
  35.0	65
  36.0	57.5
  37.0	69.5
  38.0	63
  39.0	67.5
  40.0	77
  41.0	71
  42.0	66
  43.0	77
  44.0	74
  45.0	82
  46.0	67
  47.0	68
  48.0	83.3333
  49.0	58
  50.0	71
  51.0	57.5
  52.0	74
  53.0	59.5
  54.0	74
  55.0	65
  56.0	76
  57.0	81
  58.0	74
  59.0	57
  60.0	66.5
  61.0	69
  62.0	62.3333
  63.0	72
  64.0	71
  65.0	71
  66.0	69
  67.0	76.5
  68.0	80
  69.0	79.5
  70.0	69
  71.0	67
  72.0	67
  73.0	54
  74.0	64.5
  75.0	81
  76.0	65
  77.0	79
  78.0	71
  79.0	62.5
  80.0	63.5
  81.0	64
  82.0	72
  83.0	70.25
  84.0	86
  85.0	64
  86.0	63.25
  87.0	69
  88.0	75.3333
  89.0	61.75
  90.0	71.5
  91.0	66
  92.0	64.25
  93.0	69
  94.0	77
  95.0	55
  96.0	74
  97.0	60
  98.0	68
  99.0	66
 100.0	86
 101.0	67
 102.0	78
 103.0	78
 104.0	73
DB 2 MOTIF	SP2_HUMAN.H11MO.1.B
-109.0	78.5
-108.0	66.5
-107.0	82
-106.0	72
-105.0	69.25
-104.0	92.3333
-103.0	82.5
-102.0	73.3333
-101.0	64
-100.0	79.5
 -99.0	62.1667
 -98.0	92.5
 -97.0	76
 -96.0	78.3333
 -95.0	74.5
 -94.0	79
 -93.0	91.5
 -92.0	72.8333
 -91.0	77.8333
 -90.0	72.6667
 -89.0	84.75
 -88.0	69
 -87.0	66.5
 -86.0	68.25
 -85.0	82.5
 -84.0	73.8333
 -83.0	96.5
 -82.0	81.5
 -81.0	71
 -80.0	58.75
 -79.0	61.5
 -78.0	87.5
 -77.0	81.1667
 -76.0	76.5
 -75.0	65.5
 -74.0	54
 -73.0	65
 -72.0	69.6667
 -71.0	73.5
 -70.0	77
 -69.0	91.5
 -68.0	80.8333
 -67.0	92.3333
 -66.0	94.6667
 -65.0	91
 -64.0	75.5
 -63.0	89
 -62.0	83
 -61.0	78.25
 -60.0	73.8333
 -59.0	82.3333
 -58.0	68
 -57.0	84.3333
 -56.0	81.3333
 -55.0	90.5
 -54.0	78.5
 -53.0	91
 -52.0	71.5
 -51.0	85
 -50.0	73.3333
 -49.0	82.5
 -48.0	73.3333
 -47.0	71
 -46.0	79.5
 -45.0	88
 -44.0	73
 -43.0	84
 -42.0	78
 -41.0	71
 -40.0	68.8333
 -39.0	82.25
 -38.0	65
 -37.0	52.5
 -36.0	80.5
 -35.0	77
 -34.0	73
 -33.0	70.25
 -32.0	83
 -31.0	60
 -30.0	77.5
 -29.0	85.5
 -28.0	81.5
 -27.0	72.5
 -26.0	71.8333
 -25.0	70.5
 -24.0	68.8333
 -23.0	76
 -22.0	65.5
 -21.0	93.5
 -20.0	84.5
 -19.0	84.5
 -18.0	110
 -17.0	110.5
 -16.0	102.5
 -15.0	113.5
 -14.0	84
 -13.0	79
 -12.0	103.5
 -11.0	108.5
 -10.0	111
  -9.0	112
  -8.0	98
  -7.0	121
  -6.0	149.5
  -5.0	140
  -4.0	119
  -3.0	144.5
  -2.0	102.833
  -1.0	140
   0.0	114.5
   1.0	99
   2.0	110
   3.0	133
   4.0	99
   5.0	121
   6.0	112.833
   7.0	112.5
   8.0	119
   9.0	107
  10.0	109
  11.0	122.5
  12.0	99
  13.0	113
  14.0	87.5
  15.0	99
  16.0	110
  17.0	94.75
  18.0	95
  19.0	69.5
  20.0	75
  21.0	91
  22.0	67
  23.0	70.5
  24.0	76
  25.0	66.5
  26.0	84.5
  27.0	64.5
  28.0	83.5
  29.0	69
  30.0	72
  31.0	74
  32.0	57
  33.0	86.8333
  34.0	74
  35.0	74
  36.0	65
  37.0	76
  38.0	87
  39.0	85
  40.0	67.5
  41.0	90
  42.0	81
  43.0	84
  44.0	73
  45.0	85
  46.0	74.3333
  47.0	85.25
  48.0	71.5
  49.0	74
  50.0	65
  51.0	87.5
  52.0	73.5
  53.0	88
  54.0	69
  55.0	88.3333
  56.0	76
  57.0	84
  58.0	74
  59.0	75
  60.0	72
  61.0	78
  62.0	88
  63.0	86.5
  64.0	67
  65.0	84.1667
  66.0	62.8333
  67.0	77
  68.0	78.5
  69.0	81.25
  70.0	76.5
  71.0	68.5
  72.0	79.5
  73.0	59
  74.0	78
  75.0	76.25
  76.0	80
  77.0	77.5
  78.0	87
  79.0	67.5
  80.0	76.5
  81.0	81.25
  82.0	67
  83.0	86
  84.0	64.3333
  85.0	85.5
  86.0	81
  87.0	71.5
  88.0	76
  89.0	92
  90.0	73
  91.0	81.5
  92.0	82.5
  93.0	77.5
  94.0	77.8333
  95.0	75
  96.0	59
  97.0	66.3333
  98.0	69
  99.0	88
 100.0	73
 101.0	68
 102.0	63
 103.0	71.3333
 104.0	66
 105.0	67
 106.0	73
 107.0	65.5
 108.0	81.5
 109.0	77.5
DB 2 MOTIF	SP3_HUMAN.H11MO.0.B
-105.0	87
-104.0	112.25
-103.0	99
-102.0	101
-101.0	83.5
-100.0	77
 -99.0	89.5
 -98.0	75
 -97.0	101.5
 -96.0	88
 -95.0	78.5
 -94.0	99
 -93.0	96.5
 -92.0	68
 -91.0	85.5
 -90.0	98
 -89.0	69
 -88.0	85
 -87.0	71
 -86.0	86.5
 -85.0	95
 -84.0	98
 -83.0	78.5
 -82.0	82.25
 -81.0	87
 -80.0	83.5
 -79.0	81
 -78.0	82
 -77.0	79
 -76.0	67.5
 -75.0	92
 -74.0	85
 -73.0	66
 -72.0	74
 -71.0	94
 -70.0	82.5
 -69.0	79.5
 -68.0	97
 -67.0	93
 -66.0	91.5
 -65.0	87
 -64.0	84.5
 -63.0	96
 -62.0	86
 -61.0	84.5
 -60.0	90.25
 -59.0	68
 -58.0	98.5
 -57.0	75
 -56.0	77.5
 -55.0	93
 -54.0	100
 -53.0	83.5
 -52.0	76.5
 -51.0	71.5
 -50.0	85
 -49.0	68.5
 -48.0	83.5
 -47.0	94
 -46.0	96
 -45.0	87.5
 -44.0	79
 -43.0	82
 -42.0	74
 -41.0	84.5
 -40.0	81
 -39.0	68.5
 -38.0	91.25
 -37.0	77
 -36.0	87
 -35.0	73
 -34.0	89.5
 -33.0	74
 -32.0	71
 -31.0	95
 -30.0	93
 -29.0	85
 -28.0	72
 -27.0	69
 -26.0	78.5
 -25.0	81
 -24.0	75
 -23.0	86
 -22.0	97
 -21.0	85.5
 -20.0	90
 -19.0	97.5
 -18.0	110.5
 -17.0	113
 -16.0	101
 -15.0	86
 -14.0	104
 -13.0	94
 -12.0	103
 -11.0	97
 -10.0	110
  -9.0	109
  -8.0	107
  -7.0	153.5
  -6.0	138
  -5.0	115
  -4.0	143
  -3.0	120.5
  -2.0	133
  -1.0	114
   0.0	99
   1.0	110
   2.0	127
   3.0	117
   4.0	124
   5.0	100.5
   6.0	110
   7.0	121
   8.0	112
   9.0	102
  10.0	122.5
  11.0	132
  12.0	123
  13.0	102.5
  14.0	98
  15.0	98.5
  16.0	108
  17.0	101
  18.0	96
  19.0	90
  20.0	97
  21.0	69.5
  22.0	96.5
  23.0	89
  24.0	78
  25.0	72
  26.0	83
  27.0	119
  28.0	71.5
  29.0	83
  30.0	79.5
  31.0	85.5
  32.0	88
  33.0	73
  34.0	78.3333
  35.0	79
  36.0	84
  37.0	90
  38.0	80
  39.0	103.5
  40.0	91
  41.0	72
  42.0	86.5
  43.0	89
  44.0	90
  45.0	93
  46.0	82
  47.0	58
  48.0	100.5
  49.0	88.5
  50.0	83.5
  51.0	76
  52.0	97
  53.0	84.5
  54.0	78
  55.0	81
  56.0	84
  57.0	110
  58.0	75
  59.0	88
  60.0	98.5
  61.0	87.5
  62.0	93
  63.0	88
  64.0	79
  65.0	92.5
  66.0	93.8333
  67.0	84.5
  68.0	83.5
  69.0	81
  70.0	88.5
  71.0	95
  72.0	79
  73.0	79
  74.0	69
  75.0	83
  76.0	82
  77.0	99
  78.0	81.5
  79.0	66
  80.0	80.5
  81.0	83
  82.0	87.125
  83.0	85.125
  84.0	93.125
  85.0	83.625
  86.0	80.125
  87.0	82.125
  88.0	81.125
  89.0	77.625
  90.0	92
  91.0	76
  92.0	82
  93.0	80
  94.0	79
  95.0	69
  96.0	76
  97.0	72
  98.0	96.3333
  99.0	82.5
 100.0	73
 101.0	77
 102.0	83
 103.0	88
 104.0	103
 105.0	92.5
DB 2 MOTIF	SP4_HUMAN.H11MO.0.A
-105.0	114.25
-104.0	111
-103.0	135.5
-102.0	100.5
-101.0	90
-100.0	103.5
 -99.0	88.5
 -98.0	116.5
 -97.0	93.5
 -96.0	104.5
 -95.0	92
 -94.0	109
 -93.0	106.5
 -92.0	92.5
 -91.0	100
 -90.0	106
 -89.0	108.5
 -88.0	88
 -87.0	95
 -86.0	87
 -85.0	108
 -84.0	98
 -83.0	122.25
 -82.0	119
 -81.0	93.5
 -80.0	102
 -79.0	98
 -78.0	107
 -77.0	98
 -76.0	99
 -75.0	101
 -74.0	87
 -73.0	96
 -72.0	94
 -71.0	105.5
 -70.0	110.5
 -69.0	103
 -68.0	105
 -67.0	116
 -66.0	103.5
 -65.0	94.5
 -64.0	97.5
 -63.0	98
 -62.0	107.5
 -61.0	104.75
 -60.0	87.5
 -59.0	109
 -58.0	83
 -57.0	88
 -56.0	96.5
 -55.0	101.5
 -54.0	99.5
 -53.0	116.833
 -52.0	101.5
 -51.0	109.5
 -50.0	107
 -49.0	104
 -48.0	101
 -47.0	98
 -46.0	95
 -45.0	109
 -44.0	82
 -43.0	124.5
 -42.0	96
 -41.0	101
 -40.0	98
 -39.0	101.25
 -38.0	79
 -37.0	85
 -36.0	102
 -35.0	84
 -34.0	97
 -33.0	105.333
 -32.0	109
 -31.0	94
 -30.0	100.5
 -29.0	99
 -28.0	100
 -27.0	96.5
 -26.0	87
 -25.0	87
 -24.0	111
 -23.0	110
 -22.0	103
 -21.0	127
 -20.0	133
 -19.0	118.5
 -18.0	114
 -17.0	128.5
 -16.0	113.5
 -15.0	127
 -14.0	122
 -13.0	110
 -12.0	125
 -11.0	131.5
 -10.0	140.5
  -9.0	139.5
  -8.0	119
  -7.0	131
  -6.0	164
  -5.0	166.5
  -4.0	159
  -3.0	150.5
  -2.0	136.5
  -1.0	158
   0.0	140.5
   1.0	135
   2.0	143
   3.0	153
   4.0	141
   5.0	143
   6.0	157
   7.0	136.5
   8.0	143
   9.0	132
  10.0	136
  11.0	140
  12.0	137
  13.0	147
  14.0	116
  15.0	130
  16.0	133
  17.0	124.5
  18.0	120.5
  19.0	92
  20.0	112
  21.0	121.333
  22.0	106
  23.0	106.5
  24.0	105
  25.0	84
  26.0	106
  27.0	95
  28.0	101
  29.0	108
  30.0	99
  31.0	96.5
  32.0	90
  33.0	108
  34.0	89
  35.0	86
  36.0	92
  37.0	98
  38.0	107
  39.0	100
  40.0	114.5
  41.0	109.5
  42.0	93
  43.0	101
  44.0	94
  45.0	125.5
  46.0	85
  47.0	109.333
  48.0	104.5
  49.0	98.5
  50.0	94
  51.0	107.5
  52.0	100
  53.0	103
  54.0	91.5
  55.0	103.5
  56.0	89
  57.0	90
  58.0	106.667
  59.0	105.5
  60.0	89
  61.0	100
  62.0	102.5
  63.0	114.5
  64.0	105
  65.0	96
  66.0	86.5
  67.0	118
  68.0	109
  69.0	110
  70.0	103
  71.0	99
  72.0	108.5
  73.0	110
  74.0	90
  75.0	89.5
  76.0	109
  77.0	110
  78.0	108
  79.0	95.5
  80.0	104
  81.0	93.5
  82.0	109.333
  83.0	110
  84.0	102.5
  85.0	100.5
  86.0	89
  87.0	109.333
  88.0	96
  89.0	104.5
  90.0	96
  91.0	99
  92.0	96
  93.0	95.5
  94.0	84.3333
  95.0	109
  96.0	83
  97.0	106
  98.0	90
  99.0	98
 100.0	94.5
 101.0	103
 102.0	105
 103.0	105
 104.0	111
 105.0	101
DB 2 MOTIF	SRBP1_HUMAN.H11MO.0.A
-109.5	113
-108.5	103.833
-107.5	112.5
-106.5	96
-105.5	122.5
-104.5	94
-103.5	114.2
-102.5	114.25
-101.5	104
-100.5	88.5
 -99.5	111
 -98.5	99
 -97.5	108
 -96.5	106
 -95.5	110
 -94.5	124.5
 -93.5	100.5
 -92.5	114.5
 -91.5	88.5
 -90.5	116
 -89.5	106.5
 -88.5	116.333
 -87.5	128
 -86.5	115.833
 -85.5	93.25
 -84.5	121.5
 -83.5	116
 -82.5	130.5
 -81.5	96
 -80.5	105.25
 -79.5	102.5
 -78.5	118.5
 -77.5	118.75
 -76.5	89.3333
 -75.5	111
 -74.5	80.5
 -73.5	107.5
 -72.5	124.5
 -71.5	111.2
 -70.5	106.25
 -69.5	108.25
 -68.5	92
 -67.5	103
 -66.5	111.333
 -65.5	113
 -64.5	98
 -63.5	108.25
 -62.5	104
 -61.5	109
 -60.5	108.75
 -59.5	110
 -58.5	109.333
 -57.5	105
 -56.5	106
 -55.5	97
 -54.5	108.5
 -53.5	112.5
 -52.5	88.5
 -51.5	116.75
 -50.5	106
 -49.5	118.5
 -48.5	100
 -47.5	126
 -46.5	112.5
 -45.5	98
 -44.5	119.333
 -43.5	116
 -42.5	109.75
 -41.5	99.2
 -40.5	109.5
 -39.5	92
 -38.5	100
 -37.5	117
 -36.5	121.833
 -35.5	101.5
 -34.5	132
 -33.5	108
 -32.5	107
 -31.5	116.5
 -30.5	139.083
 -29.5	114
 -28.5	106.5
 -27.5	120.25
 -26.5	108.5
 -25.5	122
 -24.5	126.5
 -23.5	102.5
 -22.5	111.75
 -21.5	119
 -20.5	122
 -19.5	133
 -18.5	113
 -17.5	129
 -16.5	120
 -15.5	108
 -14.5	122
 -13.5	119
 -12.5	110
 -11.5	120
 -10.5	144.5
  -9.5	132
  -8.5	121
  -7.5	129.25
  -6.5	112.333
  -5.5	130.333
  -4.5	116
  -3.5	122.5
  -2.5	135.5
  -1.5	120
  -0.5	100
   0.5	125.833
   1.5	111.5
   2.5	135
   3.5	108.5
   4.5	118.333
   5.5	119
   6.5	122
   7.5	128
   8.5	102
   9.5	143
  10.5	120.5
  11.5	121.5
  12.5	118.5
  13.5	144
  14.5	115
  15.5	111
  16.5	107.5
  17.5	114.033
  18.5	105.5
  19.5	128.25
  20.5	105.5
  21.5	135
  22.5	118
  23.5	114
  24.5	108.25
  25.5	87.25
  26.5	106
  27.5	120
  28.5	108
  29.5	91
  30.5	113.5
  31.5	110.5
  32.5	125.333
  33.5	122.083
  34.5	114.5
  35.5	123.5
  36.5	114
  37.5	109.5
  38.5	112.5
  39.5	112.333
  40.5	103.5
  41.5	120.333
  42.5	109.5
  43.5	122
  44.5	115
  45.5	125
  46.5	97.8333
  47.5	106.7
  48.5	105
  49.5	111.75
  50.5	124.833
  51.5	94.3333
  52.5	107.5
  53.5	115.5
  54.5	113.5
  55.5	108
  56.5	110
  57.5	131
  58.5	111.5
  59.5	113
  60.5	121.5
  61.5	121
  62.5	116.333
  63.5	98.5833
  64.5	115.2
  65.5	112.5
  66.5	110.5
  67.5	119
  68.5	98.25
  69.5	124.2
  70.5	96.5
  71.5	100.333
  72.5	114.083
  73.5	95.5
  74.5	97.2
  75.5	98
  76.5	101.5
  77.5	112.5
  78.5	95.25
  79.5	102.2
  80.5	116.333
  81.5	115.5
  82.5	133.25
  83.5	102.5
  84.5	117.2
  85.5	108.5
  86.5	103.333
  87.5	110.333
  88.5	118.5
  89.5	99.5833
  90.5	115.5
  91.5	105.083
  92.5	118
  93.5	114.75
  94.5	121.333
  95.5	119.5
  96.5	113.75
  97.5	100
  98.5	119.5
  99.5	88.5
 100.5	127
 101.5	115.75
 102.5	104.25
 103.5	98.25
 104.5	114
 105.5	116
 106.5	110.583
 107.5	94
 108.5	106.5
 109.5	136.833
DB 2 MOTIF	SRBP2_HUMAN.H11MO.0.B
-108.5	111
-107.5	132
-106.5	100
-105.5	151
-104.5	113.5
-103.5	129.7
-102.5	120
-101.5	143.5
-100.5	120.5
 -99.5	128.5
 -98.5	112.611
 -97.5	120.5
 -96.5	129
 -95.5	124.833
 -94.5	124.5
 -93.5	132.111
 -92.5	130
 -91.5	114
 -90.5	122.5
 -89.5	132
 -88.5	130.611
 -87.5	130.5
 -86.5	115.25
 -85.5	122.5
 -84.5	128.5
 -83.5	110.611
 -82.5	133
 -81.5	117.5
 -80.5	121.5
 -79.5	115
 -78.5	128.111
 -77.5	112
 -76.5	116.333
 -75.5	116
 -74.5	112
 -73.5	109.611
 -72.5	124.5
 -71.5	113.7
 -70.5	139
 -69.5	108.5
 -68.5	114.611
 -67.5	119.5
 -66.5	118.5
 -65.5	122.5
 -64.5	126
 -63.5	99.1111
 -62.5	133.333
 -61.5	116.5
 -60.5	146.5
 -59.5	129
 -58.5	133.611
 -57.5	140
 -56.5	121.5
 -55.5	142
 -54.5	105
 -53.5	113.333
 -52.5	120
 -51.5	117
 -50.5	139.5
 -49.5	133.5
 -48.5	137.5
 -47.5	125
 -46.5	129.5
 -45.5	112.5
 -44.5	120.333
 -43.5	128
 -42.5	117.5
 -41.5	96.2
 -40.5	115
 -39.5	121.5
 -38.5	124
 -37.5	108
 -36.5	122
 -35.5	98
 -34.5	140
 -33.5	118
 -32.5	133
 -31.5	135
 -30.5	113.25
 -29.5	123
 -28.5	130
 -27.5	137.5
 -26.5	118
 -25.5	124
 -24.5	147
 -23.5	128.25
 -22.5	114
 -21.5	140.333
 -20.5	149.5
 -19.5	140.5
 -18.5	134
 -17.5	129.5
 -16.5	124
 -15.5	104
 -14.5	122
 -13.5	148.5
 -12.5	135
 -11.5	121
 -10.5	138
  -9.5	144
  -8.5	155.5
  -7.5	147
  -6.5	153.5
  -5.5	140.5
  -4.5	146.5
  -3.5	140.333
  -2.5	145
  -1.5	147
  -0.5	139
   0.5	142
   1.5	128.5
   2.5	158.5
   3.5	138
   4.5	155.5
   5.5	141
   6.5	138.25
   7.5	171
   8.5	151.5
   9.5	163
  10.5	146
  11.5	163
  12.5	150
  13.5	130.5
  14.5	129
  15.5	125
  16.5	133.5
  17.5	123.533
  18.5	139
  19.5	133
  20.5	141
  21.5	151
  22.5	116
  23.5	133.5
  24.5	116
  25.5	128.5
  26.5	136.5
  27.5	134
  28.5	118
  29.5	111
  30.5	109.5
  31.5	121
  32.5	104
  33.5	137
  34.5	125.5
  35.5	129.333
  36.5	115.5
  37.5	121.5
  38.5	107.5
  39.5	119.25
  40.5	127.5
  41.5	138
  42.5	142
  43.5	113.25
  44.5	136.5
  45.5	144
  46.5	129
  47.5	105.7
  48.5	103
  49.5	114.5
  50.5	119
  51.5	106.333
  52.5	106.5
  53.5	107.5
  54.5	143.333
  55.5	109
  56.5	120
  57.5	145.5
  58.5	109
  59.5	113
  60.5	125.5
  61.5	122.5
  62.5	124
  63.5	113.333
  64.5	120
  65.5	111
  66.5	136.5
  67.5	121
  68.5	117.333
  69.5	102.833
  70.5	129.5
  71.5	105.833
  72.5	135
  73.5	111.5
  74.5	125.167
  75.5	130
  76.5	104
  77.5	128.5
  78.5	123.5
  79.5	104.833
  80.5	108.25
  81.5	122
  82.5	124.5
  83.5	120
  84.5	138.5
  85.5	116
  86.5	120.5
  87.5	128.333
  88.5	109
  89.5	132
  90.5	122
  91.5	125.583
  92.5	119
  93.5	112.5
  94.5	136
  95.5	115
  96.5	130.75
  97.5	132
  98.5	103
  99.5	118.5
 100.5	141
 101.5	123.25
 102.5	105.25
 103.5	120.5
 104.5	134.5
 105.5	122.5
 106.5	135.583
 107.5	129.5
 108.5	119.5
DB 2 MOTIF	TAF1_HUMAN.H11MO.0.A
-107.0	95.5
-106.0	113.5
-105.0	115.5
-104.0	110
-103.0	115
-102.0	97.1111
-101.0	107.75
-100.0	91
 -99.0	111.611
 -98.0	88.5
 -97.0	121
 -96.0	99.1111
 -95.0	108
 -94.0	91
 -93.0	115.611
 -92.0	95.3333
 -91.0	110
 -90.0	90.7778
 -89.0	82.8333
 -88.0	110.333
 -87.0	108.361
 -86.0	112.333
 -85.0	89.8333
 -84.0	98.6111
 -83.0	96
 -82.0	107.333
 -81.0	103.111
 -80.0	91
 -79.0	107
 -78.0	118.611
 -77.0	108
 -76.0	114.25
 -75.0	106
 -74.0	97.5
 -73.0	139.5
 -72.0	98
 -71.0	89.5
 -70.0	96.25
 -69.0	93
 -68.0	106.5
 -67.0	103
 -66.0	112
 -65.0	104
 -64.0	106.583
 -63.0	120
 -62.0	109
 -61.0	101
 -60.0	113.5
 -59.0	101
 -58.0	105.75
 -57.0	105
 -56.0	108
 -55.0	114.5
 -54.0	113
 -53.0	128.25
 -52.0	124.5
 -51.0	110
 -50.0	112.25
 -49.0	97
 -48.0	102.083
 -47.0	101.75
 -46.0	115
 -45.0	120.5
 -44.0	120.25
 -43.0	112.5
 -42.0	113
 -41.0	109
 -40.0	101.5
 -39.0	113
 -38.0	109.333
 -37.0	123
 -36.0	123.5
 -35.0	128
 -34.0	113.25
 -33.0	110.5
 -32.0	115.5
 -31.0	120.5
 -30.0	120
 -29.0	112.333
 -28.0	117
 -27.0	112
 -26.0	107
 -25.0	118.5
 -24.0	110
 -23.0	130
 -22.0	168
 -21.0	125.5
 -20.0	166.5
 -19.0	140.5
 -18.0	167.5
 -17.0	124
 -16.0	146
 -15.0	147.5
 -14.0	128.5
 -13.0	146
 -12.0	165.5
 -11.0	162.5
 -10.0	142.5
  -9.0	159.5
  -8.0	153
  -7.0	154
  -6.0	172.5
  -5.0	155.5
  -4.0	177.5
  -3.0	171
  -2.0	166
  -1.0	158.5
   0.0	150
   1.0	172
   2.0	163
   3.0	142
   4.0	184
   5.0	138.75
   6.0	143
   7.0	163.5
   8.0	173.5
   9.0	148.5
  10.0	151
  11.0	150
  12.0	165.333
  13.0	158.5
  14.0	160.5
  15.0	140
  16.0	158.5
  17.0	155
  18.0	174.5
  19.0	147.25
  20.0	141
  21.0	149
  22.0	157
  23.0	118
  24.0	109.5
  25.0	129.5
  26.0	100.5
  27.0	113.5
  28.0	106.5
  29.0	117
  30.0	137
  31.0	115
  32.0	123.333
  33.0	125.5
  34.0	118
  35.0	110
  36.0	107
  37.0	108.5
  38.0	130
  39.0	113
  40.0	110
  41.0	121
  42.0	117
  43.0	122
  44.0	123
  45.0	100.5
  46.0	106
  47.0	109
  48.0	102.5
  49.0	104
  50.0	110
  51.0	105
  52.0	119
  53.0	119
  54.0	123
  55.0	104
  56.0	101
  57.0	104.5
  58.0	99.25
  59.0	104
  60.0	123.333
  61.0	99.5
  62.0	110.5
  63.0	114.5
  64.0	108
  65.0	127.5
  66.0	90
  67.0	102.5
  68.0	110
  69.0	113
  70.0	125
  71.0	96.5
  72.0	106.25
  73.0	94.3333
  74.0	99.5
  75.0	95.5
  76.0	100
  77.0	98.5
  78.0	103
  79.0	108
  80.0	112.667
  81.0	116.5
  82.0	98
  83.0	89.1667
  84.0	131.333
  85.0	112.5
  86.0	112.167
  87.0	120.5
  88.0	112.5
  89.0	84.1667
  90.0	119.5
  91.0	100
  92.0	100.167
  93.0	112.5
  94.0	92
  95.0	113.167
  96.0	118.333
  97.0	85.5
  98.0	114.5
  99.0	106.5
 100.0	123
 101.0	116.5
 102.0	103.5
 103.0	94
 104.0	104
 105.0	115
 106.0	117
 107.0	98
DB 2 MOTIF	TAL1_HUMAN.H11MO.1.A
-107.5	106.5
-106.5	121
-105.5	125
-104.5	114
-103.5	100
-102.5	90.25
-101.5	111.5
-100.5	115.5
 -99.5	99
 -98.5	86
 -97.5	95.5
 -96.5	108
 -95.5	115.25
 -94.5	108.5
 -93.5	81
 -92.5	104
 -91.5	114.5
 -90.5	104
 -89.5	111
 -88.5	108
 -87.5	99
 -86.5	122
 -85.5	93.3333
 -84.5	91
 -83.5	78
 -82.5	109.5
 -81.5	93
 -80.5	91
 -79.5	106
 -78.5	96.5
 -77.5	94
 -76.5	100
 -75.5	122
 -74.5	77
 -73.5	104
 -72.5	118
 -71.5	102
 -70.5	112
 -69.5	131
 -68.5	119
 -67.5	91
 -66.5	114.5
 -65.5	114
 -64.5	123
 -63.5	100
 -62.5	120
 -61.5	117
 -60.5	116.5
 -59.5	115.333
 -58.5	95.5
 -57.5	111
 -56.5	105
 -55.5	102
 -54.5	123
 -53.5	125
 -52.5	128
 -51.5	110
 -50.5	106.5
 -49.5	107.5
 -48.5	104.5
 -47.5	118
 -46.5	121
 -45.5	120.5
 -44.5	97
 -43.5	118
 -42.5	116.75
 -41.5	132
 -40.5	126
 -39.5	116
 -38.5	119
 -37.5	119.5
 -36.5	113.5
 -35.5	114
 -34.5	133.25
 -33.5	108.833
 -32.5	122.5
 -31.5	120
 -30.5	135
 -29.5	120.333
 -28.5	153
 -27.5	149.5
 -26.5	124.5
 -25.5	148.25
 -24.5	160.5
 -23.5	142
 -22.5	154.5
 -21.5	132.5
 -20.5	162
 -19.5	150.5
 -18.5	156.5
 -17.5	165.5
 -16.5	151
 -15.5	181
 -14.5	168
 -13.5	167
 -12.5	174
 -11.5	210
 -10.5	201
  -9.5	180.5
  -8.5	176
  -7.5	192
  -6.5	181
  -5.5	227
  -4.5	183
  -3.5	224.5
  -2.5	234.5
  -1.5	256.5
  -0.5	211.5
   0.5	223
   1.5	247
   2.5	237
   3.5	205
   4.5	215
   5.5	203
   6.5	189.5
   7.5	206.5
   8.5	192
   9.5	197
  10.5	191
  11.5	181.25
  12.5	180
  13.5	173
  14.5	172
  15.5	149
  16.5	128
  17.5	185.25
  18.5	161.333
  19.5	139.5
  20.5	177.5
  21.5	159
  22.5	133
  23.5	144
  24.5	132
  25.5	143
  26.5	130.75
  27.5	134.5
  28.5	136
  29.5	130
  30.5	128
  31.5	109.5
  32.5	121
  33.5	133.5
  34.5	135.5
  35.5	128.5
  36.5	118.5
  37.5	123.5
  38.5	112.5
  39.5	110.5
  40.5	120.5
  41.5	121
  42.5	104
  43.5	113
  44.5	115
  45.5	142
  46.5	131.5
  47.5	129.5
  48.5	113.25
  49.5	111
  50.5	119
  51.5	118
  52.5	113.5
  53.5	124.5
  54.5	113
  55.5	116
  56.5	124.5
  57.5	103
  58.5	109.5
  59.5	101
  60.5	98
  61.5	107.5
  62.5	113.5
  63.5	105.5
  64.5	118
  65.5	118.5
  66.5	120.833
  67.5	107
  68.5	111.5
  69.5	122
  70.5	105
  71.5	139.5
  72.5	101
  73.5	94
  74.5	107.5
  75.5	95
  76.5	110
  77.5	92
  78.5	108.25
  79.5	99
  80.5	109.5
  81.5	104.5
  82.5	101
  83.5	104
  84.5	93
  85.5	105.75
  86.5	116.5
  87.5	101.25
  88.5	129
  89.5	87
  90.5	108
  91.5	109.5
  92.5	104.5
  93.5	112
  94.5	101.5
  95.5	91
  96.5	101.5
  97.5	102.5
  98.5	80.5
  99.5	113.5
 100.5	102
 101.5	104
 102.5	94.5
 103.5	117
 104.5	99
 105.5	100
 106.5	104
 107.5	99
DB 2 MOTIF	TBX19_HUMAN.H11MO.0.D
-104.0	11.5
-103.0	10
-102.0	13
-101.0	11
-100.0	11
 -99.0	8
 -98.0	15
 -97.0	7
 -96.0	4
 -95.0	10
 -94.0	13
 -93.0	11
 -92.0	7.5
 -91.0	8
 -90.0	10.5
 -89.0	17
 -88.0	10
 -87.0	10
 -86.0	9
 -85.0	9
 -84.0	8
 -83.0	12
 -82.0	9
 -81.0	14
 -80.0	8
 -79.0	8
 -78.0	7
 -77.0	15
 -76.0	16
 -75.0	14
 -74.0	10
 -73.0	12
 -72.0	9
 -71.0	8
 -70.0	8
 -69.0	6
 -68.0	17
 -67.0	13
 -66.0	19
 -65.0	8
 -64.0	13
 -63.0	14
 -62.0	7
 -61.0	9
 -60.0	9
 -59.0	15
 -58.0	9
 -57.0	11
 -56.0	8
 -55.0	7
 -54.0	6
 -53.0	13
 -52.0	5
 -51.0	4
 -50.0	16
 -49.0	19
 -48.0	11
 -47.0	5
 -46.0	8
 -45.0	9
 -44.0	9
 -43.0	10
 -42.0	9
 -41.0	8
 -40.0	13
 -39.0	9
 -38.0	5
 -37.0	7
 -36.0	10
 -35.0	11
 -34.0	13
 -33.0	3
 -32.0	6
 -31.0	13
 -30.0	5
 -29.0	9
 -28.0	7
 -27.0	12
 -26.0	7
 -25.0	10
 -24.0	9
 -23.0	12
 -22.0	7
 -21.0	8
 -20.0	5
 -19.0	9
 -18.0	6
 -17.0	12
 -16.0	9
 -15.0	7
 -14.0	9
 -13.0	11
 -12.0	4
 -11.0	6
 -10.0	11
  -9.0	9
  -8.0	8
  -7.0	8
  -6.0	10
  -5.0	12
  -4.0	10
  -3.0	7
  -2.0	16
  -1.0	19
   0.0	10
   1.0	12
   2.0	13
   3.0	21
   4.0	15
   5.0	19
   6.0	19
   7.0	11
   8.0	12
   9.0	10
  10.0	8
  11.0	12
  12.0	8
  13.0	10
  14.0	4
  15.0	10
  16.0	11
  17.0	8
  18.0	13
  19.0	9
  20.0	6
  21.0	9
  22.0	10
  23.0	6
  24.0	6
  25.0	15
  26.0	14
  27.0	13
  28.0	5
  29.0	7
  30.0	6
  31.0	5
  32.0	12
  33.0	14
  34.0	7
  35.0	11
  36.0	12
  37.0	3
  38.0	8
  39.0	11
  40.0	7
  41.0	12
  42.0	13
  43.0	7
  44.0	14
  45.0	9
  46.0	6
  47.0	6
  48.0	9
  49.0	10
  50.0	13
  51.0	9
  52.0	12
  53.0	10
  54.0	12
  55.0	12
  56.0	14
  57.0	13
  58.0	9
  59.0	8
  60.0	8
  61.0	9
  62.0	9
  63.0	9
  64.0	7
  65.0	10
  66.0	9
  67.0	4
  68.0	10
  69.0	9
  70.0	15
  71.0	13
  72.0	12
  73.0	12
  74.0	7
  75.0	10
  76.0	13
  77.0	11
  78.0	8
  79.0	13
  80.0	9
  81.0	11
  82.0	8
  83.0	9
  84.0	10
  85.0	4
  86.0	9
  87.0	15
  88.0	14.5
  89.0	10
  90.0	14
  91.0	12
  92.0	7
  93.0	9
  94.0	14
  95.0	18
  96.0	13
  97.0	14
  98.0	13
  99.0	7
 100.0	11
 101.0	10
 102.0	13
 103.0	14
 104.0	11
DB 2 MOTIF	TBX20_HUMAN.H11MO.0.D
-108.0	87.5
-107.0	90
-106.0	75
-105.0	103
-104.0	85.5
-103.0	87.5
-102.0	76
-101.0	74
-100.0	81
 -99.0	85
 -98.0	71
 -97.0	81
 -96.0	89.5
 -95.0	79
 -94.0	78
 -93.0	89.5
 -92.0	87
 -91.0	90
 -90.0	83
 -89.0	85
 -88.0	77
 -87.0	113
 -86.0	84.5
 -85.0	84.5
 -84.0	91.5
 -83.0	80
 -82.0	83
 -81.0	87
 -80.0	82.5
 -79.0	92
 -78.0	96
 -77.0	82
 -76.0	77
 -75.0	86
 -74.0	98
 -73.0	89
 -72.0	71
 -71.0	82
 -70.0	85
 -69.0	82
 -68.0	83
 -67.0	90
 -66.0	105
 -65.0	79
 -64.0	72
 -63.0	82
 -62.0	102.5
 -61.0	101.5
 -60.0	92.5
 -59.0	95
 -58.0	77
 -57.0	99
 -56.0	100
 -55.0	108
 -54.0	94
 -53.0	97
 -52.0	97
 -51.0	99
 -50.0	102
 -49.0	95
 -48.0	92
 -47.0	95
 -46.0	76
 -45.0	96.5
 -44.0	104
 -43.0	103
 -42.0	99.5
 -41.0	100
 -40.0	94
 -39.0	86.5
 -38.0	82
 -37.0	98.5
 -36.0	104
 -35.0	103
 -34.0	96
 -33.0	111
 -32.0	83
 -31.0	91
 -30.0	93
 -29.0	109
 -28.0	113.5
 -27.0	96
 -26.0	110
 -25.0	91
 -24.0	97
 -23.0	104.5
 -22.0	105.5
 -21.0	114
 -20.0	102
 -19.0	111
 -18.0	101
 -17.0	111
 -16.0	129
 -15.0	114
 -14.0	121
 -13.0	114.5
 -12.0	118
 -11.0	118
 -10.0	129.5
  -9.0	120
  -8.0	150.5
  -7.0	127
  -6.0	138
  -5.0	136
  -4.0	148
  -3.0	127
  -2.0	113.5
  -1.0	160
   0.0	133
   1.0	127.5
   2.0	126
   3.0	142
   4.0	118
   5.0	133
   6.0	128
   7.0	119.5
   8.0	115
   9.0	128
  10.0	127
  11.0	141
  12.0	116
  13.0	124
  14.0	112.5
  15.0	113
  16.0	118
  17.0	122
  18.0	107
  19.0	119
  20.0	115
  21.0	113
  22.0	121
  23.0	92
  24.0	95.5
  25.0	93
  26.0	113
  27.0	91
  28.0	103
  29.0	105
  30.0	83
  31.0	111
  32.0	85
  33.0	78
  34.0	114
  35.0	110
  36.0	104
  37.0	93
  38.0	92
  39.0	94.5
  40.0	100
  41.0	78
  42.0	97
  43.0	95
  44.0	86
  45.0	96
  46.0	85
  47.0	93
  48.0	92
  49.0	98
  50.0	94
  51.0	83
  52.0	80
  53.0	83
  54.0	94
  55.0	98
  56.0	72
  57.0	98
  58.0	86
  59.0	107.5
  60.0	82
  61.0	91
  62.0	89
  63.0	92.5
  64.0	71
  65.0	85
  66.0	81.8333
  67.0	86
  68.0	99
  69.0	72.5
  70.0	82
  71.0	101
  72.0	94
  73.0	80
  74.0	86
  75.0	78
  76.0	87.5
  77.0	81
  78.0	83
  79.0	82
  80.0	76
  81.0	97
  82.0	87
  83.0	87
  84.0	90
  85.0	100
  86.0	89.3333
  87.0	96
  88.0	92
  89.0	81
  90.0	84
  91.0	89
  92.0	93.8333
  93.0	98
  94.0	84
  95.0	83
  96.0	90
  97.0	99
  98.0	75
  99.0	108.333
 100.0	75
 101.0	73
 102.0	98.5
 103.0	84.5
 104.0	89
 105.0	74
 106.0	84.6667
 107.0	85
 108.0	89
DB 2 MOTIF	TBX21_HUMAN.H11MO.0.A
-108.5	130.439
-107.5	149.905
-106.5	153.439
-105.5	132.905
-104.5	130.939
-103.5	131.405
-102.5	136.606
-101.5	118.571
-100.5	135.939
 -99.5	113.071
 -98.5	124.239
 -97.5	128.571
 -96.5	131.239
 -95.5	118.071
 -94.5	139.763
 -93.5	139.571
 -92.5	143.138
 -91.5	147.905
 -90.5	120.638
 -89.5	147.571
 -88.5	147.638
 -87.5	127.571
 -86.5	155.638
 -85.5	150.571
 -84.5	141.388
 -83.5	130.071
 -82.5	149.638
 -81.5	132.738
 -80.5	125.817
 -79.5	138.167
 -78.5	142
 -77.5	134.667
 -76.5	135
 -75.5	132.167
 -74.5	133.833
 -73.5	149.167
 -72.5	145.5
 -71.5	131.167
 -70.5	143.833
 -69.5	130.05
 -68.5	137
 -67.5	116.383
 -66.5	112.333
 -65.5	128.383
 -64.5	132.5
 -63.5	140.55
 -62.5	120
 -61.5	138.55
 -60.5	124
 -59.5	151.05
 -58.5	129.333
 -57.5	117.05
 -56.5	146.5
 -55.5	138.05
 -54.5	139
 -53.5	122.05
 -52.5	138
 -51.5	132.05
 -50.5	141
 -49.5	128.383
 -48.5	138.5
 -47.5	138.05
 -46.5	156.333
 -45.5	135.55
 -44.5	132.5
 -43.5	130.613
 -42.5	144
 -41.5	132.113
 -40.5	131.5
 -39.5	136.446
 -38.5	137.5
 -37.5	138.113
 -36.5	113
 -35.5	139.613
 -34.5	142
 -33.5	144.113
 -32.5	123.833
 -31.5	146.113
 -30.5	138
 -29.5	147.562
 -28.5	125.5
 -27.5	144.562
 -26.5	127
 -25.5	142.062
 -24.5	157
 -23.5	133.562
 -22.5	134.5
 -21.5	147.312
 -20.5	156.25
 -19.5	156.562
 -18.5	162
 -17.5	173.562
 -16.5	160
 -15.5	157.062
 -14.5	150
 -13.5	148.562
 -12.5	149.5
 -11.5	146
 -10.5	168
  -9.5	161
  -8.5	184
  -7.5	160
  -6.5	161
  -5.5	190
  -4.5	183
  -3.5	161
  -2.5	156
  -1.5	165.5
  -0.5	158.5
   0.5	146.5
   1.5	152
   2.5	170.5
   3.5	162
   4.5	142.5
   5.5	179
   6.5	162.25
   7.5	160
   8.5	173.5
   9.5	159.5
  10.5	159
  11.5	166
  12.5	155
  13.5	141
  14.5	164
  15.5	174.833
  16.5	158.5
  17.5	142.583
  18.5	137
  19.5	158.083
  20.5	158
  21.5	169.583
  22.5	153
  23.5	125.583
  24.5	141.5
  25.5	128.833
  26.5	138.333
  27.5	119.083
  28.5	158.5
  29.5	126.417
  30.5	139
  31.5	131.083
  32.5	140.5
  33.5	122.583
  34.5	149
  35.5	148.583
  36.5	127
  37.5	120.583
  38.5	121.75
  39.5	135.333
  40.5	118
  41.5	138
  42.5	130
  43.5	141.5
  44.5	149
  45.5	140
  46.5	132.5
  47.5	139.5
  48.5	128.5
  49.5	118.056
  50.5	139.333
  51.5	123.056
  52.5	137.5
  53.5	146.389
  54.5	143.54
  55.5	123.889
  56.5	156.04
  57.5	110.389
  58.5	132.04
  59.5	113.889
  60.5	135.54
  61.5	114.056
  62.5	126.54
  63.5	140.46
  64.5	133.54
  65.5	138.571
  66.5	121.04
  67.5	117.571
  68.5	149.14
  69.5	128.571
  70.5	144.39
  71.5	132.071
  72.5	121.14
  73.5	144.321
  74.5	143.731
  75.5	131.071
  76.5	133.231
  77.5	133.071
  78.5	135.731
  79.5	127.405
  80.5	125.231
  81.5	134.071
  82.5	128.731
  83.5	119.571
  84.5	121.564
  85.5	126.571
  86.5	120.731
  87.5	133.071
  88.5	133.131
  89.5	133.127
  90.5	136.64
  91.5	128.056
  92.5	126.64
  93.5	133.181
  94.5	158.64
  95.5	139.823
  96.5	152.64
  97.5	151.323
  98.5	141.14
  99.5	131.157
 100.5	120.39
 101.5	120.157
 102.5	112.39
 103.5	160.657
 104.5	115.358
 105.5	96.3234
 106.5	131.524
 107.5	127.157
 108.5	130.524
DB 2 MOTIF	TBX3_HUMAN.H11MO.0.C
-109.5	121.5
-108.5	125.667
-107.5	121.5
-106.5	113.5
-105.5	102
-104.5	114
-103.5	115.833
-102.5	111
-101.5	114
-100.5	114.5
 -99.5	101.5
 -98.5	100.75
 -97.5	117.5
 -96.5	107.833
 -95.5	115
 -94.5	105.5
 -93.5	125
 -92.5	115.167
 -91.5	98.5
 -90.5	119.5
 -89.5	137
 -88.5	118
 -87.5	117.5
 -86.5	106.5
 -85.5	132
 -84.5	123
 -83.5	126.5
 -82.5	119.5
 -81.5	124.25
 -80.5	116.5
 -79.5	107.5
 -78.5	111.25
 -77.5	109
 -76.5	113.333
 -75.5	117
 -74.5	119.5
 -73.5	99
 -72.5	130.5
 -71.5	133.5
 -70.5	117
 -69.5	135
 -68.5	120.333
 -67.5	109
 -66.5	137.833
 -65.5	114
 -64.5	111.333
 -63.5	112.5
 -62.5	127.5
 -61.5	126.5
 -60.5	127
 -59.5	125
 -58.5	107
 -57.5	127.5
 -56.5	109.5
 -55.5	126.833
 -54.5	127.5
 -53.5	123
 -52.5	119.5
 -51.5	105.5
 -50.5	137
 -49.5	122.5
 -48.5	119
 -47.5	110.5
 -46.5	114.833
 -45.5	146
 -44.5	115
 -43.5	118
 -42.5	122.5
 -41.5	117
 -40.5	136.833
 -39.5	141
 -38.5	142
 -37.5	124
 -36.5	117.5
 -35.5	130.5
 -34.5	131.5
 -33.5	112.833
 -32.5	135
 -31.5	129
 -30.5	128
 -29.5	117.333
 -28.5	135.75
 -27.5	135.5
 -26.5	145
 -25.5	142.25
 -24.5	144.5
 -23.5	132
 -22.5	140.75
 -21.5	145.5
 -20.5	176
 -19.5	155.75
 -18.5	164.5
 -17.5	167.5
 -16.5	186.25
 -15.5	180
 -14.5	162.5
 -13.5	178.5
 -12.5	179.5
 -11.5	195.5
 -10.5	164
  -9.5	219
  -8.5	184
  -7.5	259.5
  -6.5	248
  -5.5	232
  -4.5	220
  -3.5	237
  -2.5	253.5
  -1.5	241
  -0.5	261
   0.5	187
   1.5	236
   2.5	237.5
   3.5	234
   4.5	243.5
   5.5	262.5
   6.5	223.5
   7.5	238.5
   8.5	216.5
   9.5	211.5
  10.5	183.5
  11.5	206.5
  12.5	165
  13.5	197.5
  14.5	154.333
  15.5	154
  16.5	169
  17.5	168
  18.5	161.5
  19.5	160
  20.5	159
  21.5	164.833
  22.5	120
  23.5	123.5
  24.5	148
  25.5	147.5
  26.5	112
  27.5	141.5
  28.5	125
  29.5	139.5
  30.5	125
  31.5	133
  32.5	112.5
  33.5	126.5
  34.5	137.5
  35.5	138
  36.5	119.5
  37.5	125.333
  38.5	127.5
  39.5	135.5
  40.5	117
  41.5	117.5
  42.5	125
  43.5	128.5
  44.5	114.25
  45.5	113.5
  46.5	126.333
  47.5	118.5
  48.5	117.5
  49.5	115.167
  50.5	110.5
  51.5	119
  52.5	117.833
  53.5	118
  54.5	120.667
  55.5	145
  56.5	97.5
  57.5	118
  58.5	124.5
  59.5	125.5
  60.5	137.5
  61.5	105.5
  62.5	136.333
  63.5	107.5
  64.5	108.5
  65.5	122.5
  66.5	108
  67.5	138.5
  68.5	115.5
  69.5	130.5
  70.5	119
  71.5	98
  72.5	118
  73.5	150.5
  74.5	104.5
  75.5	123
  76.5	133
  77.5	116
  78.5	116.5
  79.5	112
  80.5	103
  81.5	115.5
  82.5	112
  83.5	138.5
  84.5	120
  85.5	101.5
  86.5	115.5
  87.5	116.5
  88.5	109.5
  89.5	129.5
  90.5	102.833
  91.5	120
  92.5	114.5
  93.5	110.5
  94.5	116
  95.5	133
  96.5	119.5
  97.5	135.5
  98.5	148.5
  99.5	106
 100.5	123.75
 101.5	95.5
 102.5	118.333
 103.5	107.25
 104.5	105.5
 105.5	112
 106.5	116.75
 107.5	112.75
 108.5	133.5
 109.5	119.75
DB 2 MOTIF	TBX4_HUMAN.H11MO.0.D
-105.0	61
-104.0	68
-103.0	63
-102.0	50
-101.0	51.25
-100.0	53
 -99.0	65
 -98.0	50
 -97.0	43
 -96.0	65
 -95.0	56
 -94.0	63
 -93.0	47
 -92.0	50
 -91.0	66
 -90.0	56
 -89.0	55
 -88.0	52
 -87.0	66
 -86.0	42
 -85.0	50
 -84.0	58
 -83.0	60
 -82.0	50
 -81.0	50
 -80.0	58
 -79.0	66
 -78.0	55
 -77.0	46
 -76.0	64
 -75.0	38
 -74.0	63
 -73.0	58
 -72.0	69
 -71.0	66
 -70.0	44
 -69.0	53
 -68.0	43
 -67.0	57
 -66.0	58
 -65.0	57
 -64.0	55.5
 -63.0	59
 -62.0	50
 -61.0	52
 -60.0	44
 -59.0	54
 -58.0	50
 -57.0	58
 -56.0	41
 -55.0	44
 -54.0	53
 -53.0	43
 -52.0	36
 -51.0	47
 -50.0	50
 -49.0	46
 -48.0	48
 -47.0	57
 -46.0	54
 -45.0	43
 -44.0	46
 -43.0	57
 -42.0	49
 -41.0	49
 -40.0	63
 -39.0	55
 -38.0	53.25
 -37.0	60
 -36.0	55
 -35.0	47.5
 -34.0	57
 -33.0	51.5
 -32.0	53
 -31.0	52
 -30.0	53
 -29.0	40
 -28.0	48
 -27.0	64
 -26.0	57
 -25.0	67
 -24.0	56
 -23.0	71
 -22.0	49
 -21.0	44
 -20.0	63
 -19.0	66
 -18.0	59
 -17.0	62
 -16.0	63
 -15.0	79.5
 -14.0	72
 -13.0	67
 -12.0	62
 -11.0	54
 -10.0	78
  -9.0	62
  -8.0	57
  -7.0	51
  -6.0	53.5
  -5.0	35
  -4.0	47
  -3.0	51
  -2.0	45
  -1.0	66
   0.0	47
   1.0	50
   2.0	54
   3.0	49.5
   4.0	56
   5.0	62
   6.0	57
   7.0	56
   8.0	59
   9.0	65
  10.0	58
  11.0	64
  12.0	64
  13.0	79
  14.0	67
  15.0	81
  16.0	73
  17.0	50
  18.0	70
  19.0	68
  20.0	66
  21.0	61
  22.0	69
  23.0	68
  24.0	60
  25.0	62.25
  26.0	57
  27.0	61
  28.0	50
  29.0	55
  30.0	60
  31.0	50
  32.0	44
  33.0	57
  34.0	54
  35.0	62
  36.0	51
  37.0	58
  38.0	49
  39.0	55
  40.0	39
  41.0	62.5
  42.0	65
  43.0	51
  44.0	53.5
  45.0	53
  46.0	60
  47.0	37
  48.0	57
  49.0	49
  50.0	60
  51.0	76
  52.0	67
  53.0	31
  54.0	47
  55.0	50
  56.0	44
  57.0	62
  58.0	50
  59.0	46
  60.0	49
  61.0	58.5
  62.0	66
  63.0	50
  64.0	60
  65.0	55
  66.0	45
  67.0	49
  68.0	65
  69.0	49
  70.0	46
  71.0	50
  72.0	62
  73.0	54
  74.0	49
  75.0	51
  76.0	47.5
  77.0	61
  78.0	63
  79.0	64
  80.0	57
  81.0	49
  82.0	55
  83.0	55
  84.0	43
  85.0	46
  86.0	54
  87.0	67
  88.0	64.25
  89.0	55
  90.0	59
  91.0	42
  92.0	56
  93.0	39
  94.0	48
  95.0	54
  96.0	63
  97.0	65
  98.0	58
  99.0	49
 100.0	66
 101.0	63
 102.0	73
 103.0	61
 104.0	56
 105.0	62
DB 2 MOTIF	TBX5_HUMAN.H11MO.0.D
-111.0	99
-110.0	93.5
-109.0	91.3333
-108.0	107
-107.0	83
-106.0	98.5
-105.0	112
-104.0	103
-103.0	79.5
-102.0	96.5
-101.0	84.5
-100.0	84
 -99.0	86.5
 -98.0	90.5
 -97.0	108.333
 -96.0	113
 -95.0	79.5
 -94.0	91
 -93.0	97.3333
 -92.0	91.8333
 -91.0	85.3333
 -90.0	103.5
 -89.0	76.5
 -88.0	91.5
 -87.0	86.3333
 -86.0	104.5
 -85.0	110
 -84.0	102
 -83.0	97
 -82.0	95
 -81.0	109
 -80.0	99.5
 -79.0	75
 -78.0	105
 -77.0	93
 -76.0	82
 -75.0	91
 -74.0	92
 -73.0	86.5
 -72.0	93.75
 -71.0	97
 -70.0	82
 -69.0	104
 -68.0	92.5
 -67.0	101.833
 -66.0	106.5
 -65.0	82.5
 -64.0	93.5
 -63.0	88.5
 -62.0	88.5
 -61.0	85
 -60.0	93.5
 -59.0	87
 -58.0	88.5
 -57.0	115.5
 -56.0	92.5
 -55.0	96.5
 -54.0	93.5
 -53.0	97
 -52.0	92
 -51.0	82
 -50.0	97
 -49.0	88.5
 -48.0	83.5
 -47.0	89
 -46.0	100.5
 -45.0	111.5
 -44.0	84
 -43.0	89
 -42.0	88
 -41.0	104.833
 -40.0	96
 -39.0	118
 -38.0	84
 -37.0	123
 -36.0	74
 -35.0	93.5
 -34.0	87.3333
 -33.0	103.5
 -32.0	100
 -31.0	100
 -30.0	89.8333
 -29.0	102
 -28.0	94
 -27.0	97
 -26.0	94
 -25.0	129
 -24.0	123.5
 -23.0	115
 -22.0	112
 -21.0	125.5
 -20.0	124
 -19.0	143.25
 -18.0	151
 -17.0	147.5
 -16.0	151.5
 -15.0	156
 -14.0	137.5
 -13.0	154
 -12.0	146
 -11.0	174
 -10.0	158.5
  -9.0	156
  -8.0	188.833
  -7.0	188
  -6.0	185.5
  -5.0	181
  -4.0	195
  -3.0	197
  -2.0	201.333
  -1.0	197.5
   0.0	172
   1.0	189
   2.0	195.5
   3.0	197.5
   4.0	189.5
   5.0	213
   6.0	187.5
   7.0	183.5
   8.0	159
   9.0	172
  10.0	171
  11.0	139
  12.0	154.5
  13.0	143
  14.0	175.667
  15.0	146
  16.0	129.5
  17.0	131
  18.0	129
  19.0	144
  20.0	145
  21.0	106.5
  22.0	125
  23.0	92
  24.0	93
  25.0	116.5
  26.0	85.3333
  27.0	84.5
  28.0	105.5
  29.0	95.5
  30.0	92.5
  31.0	109
  32.0	79
  33.0	100.5
  34.0	102.25
  35.0	107
  36.0	102.5
  37.0	89.5
  38.0	91.5
  39.0	102.5
  40.0	115.5
  41.0	94
  42.0	94.8333
  43.0	111
  44.0	111
  45.0	89.8333
  46.0	118
  47.0	101.5
  48.0	73.5
  49.0	81.8333
  50.0	66
  51.0	94.5
  52.0	92
  53.0	89
  54.0	97
  55.0	82.5
  56.0	95
  57.0	82.5
  58.0	104
  59.0	93.5
  60.0	104.5
  61.0	98
  62.0	87.3333
  63.0	102
  64.0	90
  65.0	93
  66.0	78.5
  67.0	108
  68.0	88
  69.0	109.5
  70.0	91.5
  71.0	85
  72.0	108.5
  73.0	101.5
  74.0	108
  75.0	95
  76.0	95.5
  77.0	90.5
  78.0	92.5
  79.0	107.5
  80.0	84.5
  81.0	92
  82.0	95
  83.0	114
  84.0	100.5
  85.0	92.8333
  86.0	70
  87.0	95.25
  88.0	105
  89.0	97.5
  90.0	98
  91.0	74
  92.0	94.5
  93.0	98.5
  94.0	89.5
  95.0	92.5
  96.0	94
  97.0	117.5
  98.0	101.5
  99.0	90.5
 100.0	93.3333
 101.0	96
 102.0	96
 103.0	93.5
 104.0	89
 105.0	110.5
 106.0	76
 107.0	84.5
 108.0	97
 109.0	104.5
 110.0	94
 111.0	106.5
DB 2 MOTIF	TFAP4_HUMAN.H11MO.0.A
-110.0	50
-109.0	75
-108.0	64.5
-107.0	52.5
-106.0	48.8333
-105.0	47.5
-104.0	50.5
-103.0	63
-102.0	49
-101.0	51.5
-100.0	46
 -99.0	57
 -98.0	47.1667
 -97.0	39
 -96.0	49.5
 -95.0	44
 -94.0	51
 -93.0	47.5
 -92.0	51
 -91.0	59
 -90.0	52
 -89.0	59
 -88.0	62
 -87.0	67.5
 -86.0	59.5
 -85.0	41.5
 -84.0	53.3333
 -83.0	62
 -82.0	48.5
 -81.0	49.5
 -80.0	45
 -79.0	56
 -78.0	50.5
 -77.0	60.5
 -76.0	61.5
 -75.0	53.5
 -74.0	49.5
 -73.0	50.5
 -72.0	63
 -71.0	42
 -70.0	62.5
 -69.0	61
 -68.0	61
 -67.0	51
 -66.0	50.5
 -65.0	58
 -64.0	73
 -63.0	69
 -62.0	46.5
 -61.0	51.6667
 -60.0	52
 -59.0	58
 -58.0	51.3333
 -57.0	54.5
 -56.0	64
 -55.0	58.5
 -54.0	46
 -53.0	55
 -52.0	63
 -51.0	63
 -50.0	56
 -49.0	59
 -48.0	60.5
 -47.0	49
 -46.0	45.5
 -45.0	69.5
 -44.0	66
 -43.0	60
 -42.0	68
 -41.0	67
 -40.0	69.5
 -39.0	61
 -38.0	65
 -37.0	56.5
 -36.0	69
 -35.0	54.5
 -34.0	54
 -33.0	69
 -32.0	70.8333
 -31.0	50.5
 -30.0	69
 -29.0	69
 -28.0	74
 -27.0	76.5
 -26.0	84.5
 -25.0	64
 -24.0	72.6667
 -23.0	75.5
 -22.0	83.5
 -21.0	67.5
 -20.0	80
 -19.0	76.5
 -18.0	72.5
 -17.0	91.5
 -16.0	105
 -15.0	95.5
 -14.0	86.5
 -13.0	107
 -12.0	89
 -11.0	103
 -10.0	98
  -9.0	100.5
  -8.0	110.5
  -7.0	113.5
  -6.0	106.5
  -5.0	132
  -4.0	123.5
  -3.0	120.5
  -2.0	139
  -1.0	112
   0.0	140.5
   1.0	131
   2.0	114.5
   3.0	122.5
   4.0	109.5
   5.0	110.5
   6.0	112.5
   7.0	119.5
   8.0	101
   9.0	105
  10.0	91.5
  11.0	96
  12.0	79
  13.0	81.6667
  14.0	97
  15.0	83
  16.0	75.5
  17.0	99
  18.0	92
  19.0	73.8333
  20.0	64
  21.0	74
  22.0	91
  23.0	71.5
  24.0	77.5
  25.0	62
  26.0	69
  27.0	57
  28.0	54.5
  29.0	77
  30.0	55.5
  31.0	77
  32.0	61
  33.0	62
  34.0	59.5
  35.0	64.5
  36.0	70.3333
  37.0	70.5
  38.0	70.5
  39.0	68
  40.0	68
  41.0	65.5
  42.0	58.5
  43.0	60.5
  44.0	56
  45.0	44.5
  46.0	51.5
  47.0	53.5
  48.0	51.5
  49.0	66
  50.0	43.1667
  51.0	65.5
  52.0	57.3333
  53.0	58
  54.0	54
  55.0	63
  56.0	52.8333
  57.0	59.5
  58.0	55
  59.0	63
  60.0	54.5
  61.0	53
  62.0	51.5
  63.0	59
  64.0	54
  65.0	59
  66.0	57
  67.0	60.5
  68.0	53
  69.0	61
  70.0	58.5
  71.0	42.5
  72.0	49.5
  73.0	62
  74.0	52
  75.0	60.5
  76.0	52
  77.0	63
  78.0	58
  79.0	47
  80.0	57.5
  81.0	57
  82.0	54
  83.0	44
  84.0	63
  85.0	57
  86.0	59
  87.0	54.1667
  88.0	44
  89.0	50
  90.0	56
  91.0	48.5
  92.0	59
  93.0	59.5
  94.0	69
  95.0	51
  96.0	45
  97.0	41
  98.0	53
  99.0	31.5
 100.0	44.8333
 101.0	48
 102.0	46.5
 103.0	57.5
 104.0	48
 105.0	47.5
 106.0	39
 107.0	44.5
 108.0	51
 109.0	62
 110.0	68.5
DB 2 MOTIF	TFCP2_HUMAN.H11MO.0.D
-107.0	84.5
-106.0	86.5
-105.0	109
-104.0	83
-103.0	88.3333
-102.0	91.5
-101.0	92.5
-100.0	75
 -99.0	89
 -98.0	84
 -97.0	89
 -96.0	93
 -95.0	83
 -94.0	95
 -93.0	80
 -92.0	84.5
 -91.0	94
 -90.0	102
 -89.0	110
 -88.0	101
 -87.0	85
 -86.0	97.5
 -85.0	77
 -84.0	102
 -83.0	94
 -82.0	93
 -81.0	79
 -80.0	99
 -79.0	90.5
 -78.0	114.5
 -77.0	92.5
 -76.0	104
 -75.0	98.5
 -74.0	96
 -73.0	107
 -72.0	95.5
 -71.0	100
 -70.0	98
 -69.0	89
 -68.0	83.5
 -67.0	94
 -66.0	96
 -65.0	106
 -64.0	100
 -63.0	115
 -62.0	84
 -61.0	111
 -60.0	112.5
 -59.0	92.5
 -58.0	94
 -57.0	85.7
 -56.0	100.5
 -55.0	95.8333
 -54.0	93
 -53.0	98
 -52.0	100
 -51.0	93.5
 -50.0	86
 -49.0	101
 -48.0	104
 -47.0	88.5
 -46.0	102
 -45.0	98.5
 -44.0	84
 -43.0	106.5
 -42.0	89.5
 -41.0	106
 -40.0	96
 -39.0	85
 -38.0	111
 -37.0	129
 -36.0	106.5
 -35.0	115
 -34.0	94.5
 -33.0	113.5
 -32.0	114
 -31.0	95
 -30.0	91
 -29.0	112
 -28.0	103
 -27.0	111
 -26.0	104
 -25.0	124
 -24.0	129
 -23.0	118.5
 -22.0	112.5
 -21.0	103
 -20.0	116.2
 -19.0	114
 -18.0	111
 -17.0	112.5
 -16.0	127
 -15.0	114
 -14.0	120
 -13.0	120.5
 -12.0	99
 -11.0	122.5
 -10.0	120
  -9.0	122
  -8.0	142
  -7.0	125
  -6.0	150
  -5.0	114
  -4.0	113
  -3.0	153.333
  -2.0	136
  -1.0	110.5
   0.0	139
   1.0	139
   2.0	140
   3.0	136.5
   4.0	124.5
   5.0	155.5
   6.0	154
   7.0	138
   8.0	115
   9.0	126
  10.0	128
  11.0	104.5
  12.0	98.5
  13.0	120
  14.0	125
  15.0	110
  16.0	113
  17.0	127.7
  18.0	94.5
  19.0	110
  20.0	114
  21.0	117
  22.0	119
  23.0	127
  24.0	115
  25.0	113
  26.0	118
  27.0	104.333
  28.0	105
  29.0	119
  30.0	108
  31.0	87
  32.0	83.5
  33.0	112
  34.0	98
  35.0	105
  36.0	99
  37.0	95
  38.0	100
  39.0	105
  40.0	78.5
  41.0	92.5
  42.0	105
  43.0	104
  44.0	113
  45.0	89.5
  46.0	96.5
  47.0	76
  48.0	96
  49.0	108
  50.0	83.5
  51.0	95.5
  52.0	105.333
  53.0	94.5
  54.0	102.2
  55.0	94
  56.0	106.5
  57.0	113.5
  58.0	116
  59.0	104.5
  60.0	101
  61.0	112
  62.0	92.5
  63.0	72.3333
  64.0	88.5
  65.0	96.5
  66.0	99.5
  67.0	113.5
  68.0	110
  69.0	110
  70.0	89.3333
  71.0	114
  72.0	96
  73.0	109.5
  74.0	96
  75.0	93
  76.0	111
  77.0	104
  78.0	82
  79.0	100
  80.0	89
  81.0	87.5
  82.0	92.5
  83.0	103.5
  84.0	93
  85.0	104
  86.0	84
  87.0	97
  88.0	88.3333
  89.0	88.5
  90.0	94
  91.0	105.2
  92.0	83
  93.0	81.5
  94.0	78
  95.0	113
  96.0	86.5
  97.0	98
  98.0	96.5
  99.0	101.833
 100.0	94
 101.0	100.5
 102.0	89
 103.0	80.5
 104.0	92
 105.0	98
 106.0	103
 107.0	92.5
DB 2 MOTIF	TFDP1_HUMAN.H11MO.0.C
-108.0	90
-107.0	103
-106.0	105
-105.0	93
-104.0	101.25
-103.0	90.25
-102.0	83.5
-101.0	93
-100.0	76
 -99.0	89
 -98.0	88
 -97.0	112.5
 -96.0	96.5
 -95.0	86.75
 -94.0	90
 -93.0	118
 -92.0	102
 -91.0	92.8333
 -90.0	115.333
 -89.0	105
 -88.0	75
 -87.0	92.8333
 -86.0	97.2
 -85.0	95
 -84.0	91
 -83.0	103.167
 -82.0	93.25
 -81.0	99
 -80.0	79
 -79.0	78.25
 -78.0	94.8333
 -77.0	122
 -76.0	91.3333
 -75.0	93.5
 -74.0	84
 -73.0	91.5833
 -72.0	105
 -71.0	75
 -70.0	104.5
 -69.0	92.5
 -68.0	112.333
 -67.0	106.75
 -66.0	109
 -65.0	102.333
 -64.0	83.5
 -63.0	91
 -62.0	107
 -61.0	98.25
 -60.0	99.25
 -59.0	83
 -58.0	99.3333
 -57.0	90
 -56.0	94.8333
 -55.0	99.5
 -54.0	113
 -53.0	104
 -52.0	104
 -51.0	87
 -50.0	110.5
 -49.0	103.5
 -48.0	95
 -47.0	86.8333
 -46.0	99.2
 -45.0	99
 -44.0	99
 -43.0	106
 -42.0	102.25
 -41.0	115.5
 -40.0	100
 -39.0	100
 -38.0	92.25
 -37.0	88
 -36.0	77
 -35.0	99.75
 -34.0	80.5
 -33.0	100
 -32.0	89.75
 -31.0	109
 -30.0	109
 -29.0	93.5
 -28.0	99
 -27.0	100.5
 -26.0	106
 -25.0	96
 -24.0	93
 -23.0	75.5
 -22.0	107
 -21.0	122
 -20.0	104
 -19.0	100
 -18.0	113
 -17.0	111
 -16.0	106
 -15.0	101
 -14.0	100.5
 -13.0	104
 -12.0	137
 -11.0	129
 -10.0	138
  -9.0	135
  -8.0	115
  -7.0	135
  -6.0	128.2
  -5.0	114.333
  -4.0	144
  -3.0	131
  -2.0	129.5
  -1.0	128.333
   0.0	105
   1.0	122
   2.0	143
   3.0	107.5
   4.0	129.5
   5.0	126.5
   6.0	122
   7.0	130
   8.0	131
   9.0	109
  10.0	116.5
  11.0	118
  12.0	129.5
  13.0	97.5
  14.0	104
  15.0	111
  16.0	123
  17.0	127
  18.0	113.25
  19.0	114.75
  20.0	105
  21.0	102
  22.0	101
  23.0	103.5
  24.0	98
  25.0	120.75
  26.0	87.5
  27.0	117.5
  28.0	96
  29.0	110
  30.0	103.5
  31.0	102
  32.0	100.5
  33.0	89
  34.0	93.2
  35.0	107
  36.0	82
  37.0	93
  38.0	94
  39.0	97.5
  40.0	105
  41.0	100
  42.0	93
  43.0	107
  44.0	88
  45.0	93
  46.0	105.5
  47.0	101.333
  48.0	105.083
  49.0	100
  50.0	94
  51.0	105.5
  52.0	103
  53.0	96.5
  54.0	102
  55.0	87.6429
  56.0	104.643
  57.0	109.143
  58.0	111.643
  59.0	86.1429
  60.0	103.643
  61.0	101.643
  62.0	88.5
  63.0	93
  64.0	99.5
  65.0	109.5
  66.0	94.3333
  67.0	95.5
  68.0	108.25
  69.0	91.8333
  70.0	94
  71.0	89
  72.0	77
  73.0	97
  74.0	103.95
  75.0	89
  76.0	101
  77.0	93.5
  78.0	76.5
  79.0	94.5
  80.0	82.5
  81.0	112
  82.0	88.5
  83.0	92
  84.0	96
  85.0	92.3333
  86.0	95.5
  87.0	96
  88.0	97.75
  89.0	78
  90.0	113
  91.0	97.8333
  92.0	95.5
  93.0	106
  94.0	102
  95.0	88.3333
  96.0	90
  97.0	88
  98.0	88
  99.0	92.8333
 100.0	97
 101.0	92
 102.0	91.5
 103.0	89
 104.0	97.3333
 105.0	89
 106.0	91.5
 107.0	101
 108.0	103
DB 2 MOTIF	TFE2_HUMAN.H11MO.0.A
-109.5	64
-108.5	68.7
-107.5	81.5
-106.5	64.5
-105.5	65.3333
-104.5	83.5
-103.5	58.5
-102.5	68.5
-101.5	79
-100.5	62
 -99.5	54
 -98.5	60.5
 -97.5	56.5
 -96.5	50.5
 -95.5	53.8333
 -94.5	62
 -93.5	58
 -92.5	70
 -91.5	56.75
 -90.5	61.3333
 -89.5	78.5
 -88.5	84
 -87.5	70
 -86.5	69
 -85.5	61
 -84.5	75
 -83.5	58
 -82.5	68.5
 -81.5	58
 -80.5	64.5
 -79.5	66.3333
 -78.5	70.5
 -77.5	73.5
 -76.5	67
 -75.5	57
 -74.5	63
 -73.5	64
 -72.5	65.5
 -71.5	77.5
 -70.5	63
 -69.5	63.25
 -68.5	61.5
 -67.5	62.5
 -66.5	73
 -65.5	54
 -64.5	82.8333
 -63.5	70.3333
 -62.5	56.5
 -61.5	59.5
 -60.5	64
 -59.5	72
 -58.5	66.5
 -57.5	82
 -56.5	70.5
 -55.5	67.7
 -54.5	70
 -53.5	58.5
 -52.5	74
 -51.5	65
 -50.5	72
 -49.5	71.5
 -48.5	54.5
 -47.5	59
 -46.5	68.5
 -45.5	69
 -44.5	81
 -43.5	73.8333
 -42.5	94
 -41.5	73.5
 -40.5	84.5
 -39.5	83
 -38.5	75.3333
 -37.5	79
 -36.5	103
 -35.5	68
 -34.5	88
 -33.5	75
 -32.5	80
 -31.5	71.8333
 -30.5	91.5
 -29.5	77
 -28.5	89
 -27.5	100.5
 -26.5	101
 -25.5	89
 -24.5	106.75
 -23.5	93
 -22.5	98
 -21.5	114
 -20.5	101
 -19.5	109.5
 -18.5	102
 -17.5	116.5
 -16.5	117.75
 -15.5	112.5
 -14.5	139.5
 -13.5	131.5
 -12.5	132
 -11.5	127
 -10.5	129.5
  -9.5	148
  -8.5	134.5
  -7.5	143.5
  -6.5	166.333
  -5.5	173.5
  -4.5	164.5
  -3.5	160
  -2.5	184.7
  -1.5	152.5
  -0.5	181.5
   0.5	183
   1.5	164
   2.5	155.5
   3.5	172.5
   4.5	140.5
   5.5	170.75
   6.5	146
   7.5	151.5
   8.5	137
   9.5	175.833
  10.5	122.5
  11.5	120.5
  12.5	132.5
  13.5	119.5
  14.5	103.833
  15.5	144
  16.5	131.833
  17.5	105
  18.5	101.5
  19.5	109.5
  20.5	100
  21.5	102
  22.5	127
  23.5	104
  24.5	86
  25.5	93.5
  26.5	92
  27.5	84
  28.5	81.5
  29.5	70
  30.5	93
  31.5	96
  32.5	75
  33.5	70.5
  34.5	84.5
  35.5	72
  36.5	87.25
  37.5	79.25
  38.5	83
  39.5	93
  40.5	76.5
  41.5	82
  42.5	61
  43.5	84.25
  44.5	73
  45.5	73
  46.5	74.5
  47.5	61.3333
  48.5	77
  49.5	93.5
  50.5	72.7
  51.5	70
  52.5	82.3333
  53.5	59.5
  54.5	64.5
  55.5	61.5
  56.5	68
  57.5	59.5
  58.5	66
  59.5	74.5
  60.5	65.5
  61.5	70.5
  62.5	66.5
  63.5	62.5
  64.5	52.8333
  65.5	60.5
  66.5	77
  67.5	79.5
  68.5	62.5
  69.5	61.25
  70.5	78
  71.5	58
  72.5	61.5
  73.5	70.5
  74.5	67.5
  75.5	65
  76.5	74
  77.5	63.25
  78.5	74
  79.5	64
  80.5	87.5
  81.5	60.5
  82.5	66.5
  83.5	61
  84.5	64
  85.5	46
  86.5	63
  87.5	52.5
  88.5	61.5
  89.5	57.25
  90.5	70
  91.5	53.5
  92.5	68.5
  93.5	65
  94.5	68
  95.5	73
  96.5	62
  97.5	60.8333
  98.5	60.5
  99.5	68.5
 100.5	60.3333
 101.5	57.25
 102.5	63
 103.5	51.2
 104.5	63.5
 105.5	62
 106.5	55
 107.5	65
 108.5	51
 109.5	58
DB 2 MOTIF	TGIF1_HUMAN.H11MO.0.A
-111.5	100.667
-110.5	106.333
-109.5	104.333
-108.5	114.333
-107.5	118.333
-106.5	109.5
-105.5	110.5
-104.5	117
-103.5	118.833
-102.5	105.833
-101.5	117.333
-100.5	119
 -99.5	112.625
 -98.5	128.5
 -97.5	101
 -96.5	133.5
 -95.5	121.5
 -94.5	102.833
 -93.5	125.833
 -92.5	135.7
 -91.5	108.5
 -90.5	120.333
 -89.5	121
 -88.5	116.5
 -87.5	129.5
 -86.5	135.167
 -85.5	124.5
 -84.5	123.833
 -83.5	124
 -82.5	117.75
 -81.5	133.5
 -80.5	141.333
 -79.5	130
 -78.5	109.667
 -77.5	116.833
 -76.5	143.333
 -75.5	112
 -74.5	99.5
 -73.5	109
 -72.5	120.5
 -71.5	102
 -70.5	123.2
 -69.5	138
 -68.5	126
 -67.5	121
 -66.5	110
 -65.5	120.5
 -64.5	119.5
 -63.5	133
 -62.5	119.7
 -61.5	111.333
 -60.5	130.5
 -59.5	122.833
 -58.5	117.2
 -57.5	124.292
 -56.5	150
 -55.5	121.833
 -54.5	152.333
 -53.5	122.5
 -52.5	153.2
 -51.5	132.5
 -50.5	134
 -49.5	111
 -48.5	123.5
 -47.5	112.5
 -46.5	120
 -45.5	133.667
 -44.5	126.5
 -43.5	140.5
 -42.5	131.333
 -41.5	163
 -40.5	122.5
 -39.5	140.833
 -38.5	130.333
 -37.5	130.833
 -36.5	133.625
 -35.5	131.5
 -34.5	118.5
 -33.5	119.5
 -32.5	121.5
 -31.5	117
 -30.5	137.5
 -29.5	110
 -28.5	156.5
 -27.5	144
 -26.5	108
 -25.5	166.333
 -24.5	153
 -23.5	139.833
 -22.5	151.917
 -21.5	149.333
 -20.5	142.833
 -19.5	151.5
 -18.5	161
 -17.5	165.625
 -16.5	183
 -15.5	139.167
 -14.5	165.833
 -13.5	153.5
 -12.5	174.167
 -11.5	140
 -10.5	154.5
  -9.5	156.167
  -8.5	167.5
  -7.5	156
  -6.5	171.333
  -5.5	164.5
  -4.5	166.5
  -3.5	174
  -2.5	149.833
  -1.5	174.5
  -0.5	146
   0.5	152.833
   1.5	169.5
   2.5	166.333
   3.5	158
   4.5	139.143
   5.5	151.833
   6.5	165.667
   7.5	162.333
   8.5	156
   9.5	163.5
  10.5	172.5
  11.5	141.833
  12.5	177.5
  13.5	150.5
  14.5	164
  15.5	160.333
  16.5	149.833
  17.5	173.5
  18.5	155.5
  19.5	137.333
  20.5	164.5
  21.5	137.458
  22.5	137.167
  23.5	142.5
  24.5	152
  25.5	134.5
  26.5	144.143
  27.5	137.167
  28.5	138
  29.5	157.333
  30.5	122.167
  31.5	116.333
  32.5	132.5
  33.5	160
  34.5	134.333
  35.5	114.333
  36.5	136.5
  37.5	132.25
  38.5	136.667
  39.5	132.125
  40.5	120.367
  41.5	121.333
  42.5	123
  43.5	140
  44.5	131.033
  45.5	121.833
  46.5	119
  47.5	128.333
  48.5	141
  49.5	93.5
  50.5	126.7
  51.5	133.5
  52.5	109
  53.5	114
  54.5	107.833
  55.5	131
  56.5	123.533
  57.5	104
  58.5	131.5
  59.5	130.667
  60.5	125.458
  61.5	137
  62.5	151.667
  63.5	108
  64.5	111.643
  65.5	131.333
  66.5	110.667
  67.5	116.167
  68.5	141.176
  69.5	115.167
  70.5	113.5
  71.5	120.333
  72.5	117.667
  73.5	121.833
  74.5	135.476
  75.5	102
  76.5	100.833
  77.5	114
  78.5	120
  79.5	124
  80.5	111.5
  81.5	114.125
  82.5	117.5
  83.5	135.5
  84.5	117
  85.5	132.333
  86.5	119.5
  87.5	115
  88.5	113
  89.5	127.833
  90.5	139.5
  91.5	120
  92.5	88.1667
  93.5	129.333
  94.5	143.976
  95.5	119
  96.5	127.333
  97.5	108.5
  98.5	110.583
  99.5	126
 100.5	111.81
 101.5	115
 102.5	118
 103.5	128
 104.5	113.5
 105.5	105.667
 106.5	132.333
 107.5	101.5
 108.5	134.5
 109.5	114.5
 110.5	114.667
 111.5	132.167
DB 2 MOTIF	TGIF2_HUMAN.H11MO.0.D
-109.5	90
-108.5	70
-107.5	82
-106.5	64.5
-105.5	82
-104.5	63
-103.5	75
-102.5	73
-101.5	67
-100.5	63
 -99.5	64
 -98.5	68
 -97.5	89.5
 -96.5	75
 -95.5	76.5
 -94.5	70
 -93.5	63.5
 -92.5	62.5
 -91.5	76
 -90.5	79
 -89.5	80
 -88.5	78
 -87.5	76
 -86.5	79
 -85.5	95
 -84.5	64
 -83.5	68.5
 -82.5	84.5
 -81.5	75.25
 -80.5	69.5
 -79.5	70
 -78.5	98
 -77.5	79
 -76.5	69
 -75.5	69
 -74.5	76
 -73.5	60
 -72.5	61
 -71.5	74
 -70.5	58.5
 -69.5	78
 -68.5	77
 -67.5	54
 -66.5	71.5
 -65.5	71
 -64.5	78.5
 -63.5	89
 -62.5	81
 -61.5	62
 -60.5	58
 -59.5	77
 -58.5	83
 -57.5	81
 -56.5	66.5
 -55.5	74.3333
 -54.5	75
 -53.5	79
 -52.5	76.5
 -51.5	81.5
 -50.5	62
 -49.5	74.5
 -48.5	74.5
 -47.5	59.5
 -46.5	80
 -45.5	77
 -44.5	72.5
 -43.5	71
 -42.5	80.5
 -41.5	63
 -40.5	96
 -39.5	79
 -38.5	61.5
 -37.5	61
 -36.5	85.5
 -35.5	61.5
 -34.5	67
 -33.5	74
 -32.5	75
 -31.5	79.5
 -30.5	68.5
 -29.5	73
 -28.5	84
 -27.5	81
 -26.5	72
 -25.5	86.5
 -24.5	73.5
 -23.5	95
 -22.5	69.5
 -21.5	78.25
 -20.5	73
 -19.5	84.5
 -18.5	96
 -17.5	80.5
 -16.5	72
 -15.5	77
 -14.5	74
 -13.5	89
 -12.5	81
 -11.5	63
 -10.5	60
  -9.5	77
  -8.5	73.5
  -7.5	90
  -6.5	85
  -5.5	81
  -4.5	88
  -3.5	73.5
  -2.5	85.5
  -1.5	81
  -0.5	81
   0.5	69.5
   1.5	76
   2.5	89
   3.5	72
   4.5	71
   5.5	80.3333
   6.5	73
   7.5	81
   8.5	70
   9.5	60
  10.5	71
  11.5	66
  12.5	67.5
  13.5	83
  14.5	89
  15.5	76
  16.5	89.5
  17.5	92
  18.5	66.5
  19.5	91.5
  20.5	74.5
  21.5	90
  22.5	68
  23.5	71
  24.5	85
  25.5	84
  26.5	71
  27.5	77
  28.5	87
  29.5	76.3333
  30.5	70
  31.5	74
  32.5	72.5
  33.5	66
  34.5	88
  35.5	69
  36.5	72
  37.5	67.5
  38.5	72.25
  39.5	61
  40.5	74
  41.5	74
  42.5	88
  43.5	70
  44.5	65
  45.5	65
  46.5	83
  47.5	66
  48.5	92
  49.5	66
  50.5	60
  51.5	73
  52.5	85.5
  53.5	56
  54.5	80.5
  55.5	64.5
  56.5	63
  57.5	69
  58.5	65.8333
  59.5	67.5
  60.5	77
  61.5	66
  62.5	67
  63.5	84
  64.5	72.5
  65.5	83
  66.5	64.3333
  67.5	67
  68.5	75
  69.5	68
  70.5	70.5
  71.5	66.5
  72.5	78.5
  73.5	78.5
  74.5	68
  75.5	86
  76.5	85
  77.5	73
  78.5	72
  79.5	76
  80.5	62
  81.5	86
  82.5	92
  83.5	74.5
  84.5	79
  85.5	58
  86.5	68
  87.5	81.3333
  88.5	74
  89.5	62
  90.5	58.5
  91.5	71
  92.5	75
  93.5	63.5
  94.5	80
  95.5	87
  96.5	67.5
  97.5	63
  98.5	73
  99.5	63.25
 100.5	67
 101.5	73
 102.5	83
 103.5	54
 104.5	81
 105.5	80
 106.5	73
 107.5	87
 108.5	61
 109.5	80
DB 2 MOTIF	THAP1_HUMAN.H11MO.0.C
-104.0	54
-103.0	58
-102.0	57
-101.0	56
-100.0	71
 -99.0	72
 -98.0	66.1429
 -97.0	83
 -96.0	45
 -95.0	51.1429
 -94.0	55
 -93.0	59
 -92.0	63.6429
 -91.0	49
 -90.0	56
 -89.0	51.6429
 -88.0	55.5
 -87.0	41
 -86.0	58.1429
 -85.0	68.5
 -84.0	59
 -83.0	64.1429
 -82.0	61
 -81.0	59.5
 -80.0	51.1429
 -79.0	62
 -78.0	60
 -77.0	59
 -76.0	57
 -75.0	58
 -74.0	64
 -73.0	71
 -72.0	58
 -71.0	70
 -70.0	71
 -69.0	62
 -68.0	59.5
 -67.0	70
 -66.0	59
 -65.0	77.5
 -64.0	59
 -63.0	60
 -62.0	75
 -61.0	63
 -60.0	66
 -59.0	74
 -58.0	62
 -57.0	55
 -56.0	58
 -55.0	68
 -54.0	69
 -53.0	65
 -52.0	64.5
 -51.0	70
 -50.0	75
 -49.0	60
 -48.0	64
 -47.0	70
 -46.0	83
 -45.0	59
 -44.0	77.5
 -43.0	70
 -42.0	85.5
 -41.0	65
 -40.0	59
 -39.0	73.5
 -38.0	60
 -37.0	90
 -36.0	67
 -35.0	67
 -34.0	62
 -33.0	75
 -32.0	79.5
 -31.0	65
 -30.0	77
 -29.0	70
 -28.0	79
 -27.0	79.5
 -26.0	101
 -25.0	58
 -24.0	99
 -23.0	102
 -22.0	68
 -21.0	77
 -20.0	68
 -19.0	82
 -18.0	89
 -17.0	105
 -16.0	92
 -15.0	96
 -14.0	107
 -13.0	113
 -12.0	122
 -11.0	136
 -10.0	140
  -9.0	134
  -8.0	118
  -7.0	133.5
  -6.0	105
  -5.0	138
  -4.0	128
  -3.0	137
  -2.0	114
  -1.0	120.5
   0.0	136
   1.0	106.5
   2.0	131
   3.0	133
   4.0	134.5
   5.0	114
   6.0	121
   7.0	116
   8.0	114
   9.0	123.5
  10.0	105
  11.0	111
  12.0	106
  13.0	106
  14.0	97
  15.0	91
  16.0	105
  17.0	70
  18.0	121
  19.0	102
  20.0	87.5
  21.0	74
  22.0	81
  23.0	78
  24.0	92
  25.0	81
  26.0	72
  27.0	84.5
  28.0	96.5
  29.0	68
  30.0	73.5
  31.0	72
  32.0	62
  33.0	82
  34.0	66
  35.0	92
  36.0	64
  37.0	72
  38.0	75
  39.0	87
  40.0	61
  41.0	83.5
  42.0	72
  43.0	72
  44.0	63
  45.0	83.5
  46.0	75
  47.0	70.5
  48.0	83
  49.0	84
  50.0	69
  51.0	63
  52.0	78.5
  53.0	81
  54.0	63
  55.0	65
  56.0	71.5
  57.0	60
  58.0	62
  59.0	66.3333
  60.0	58
  61.0	53
  62.0	70
  63.0	63
  64.0	59
  65.0	50
  66.0	48
  67.0	65.5
  68.0	64.5
  69.0	72
  70.0	62.5
  71.0	76
  72.0	65.5
  73.0	89
  74.0	72
  75.0	51.5
  76.0	69
  77.0	58
  78.0	68
  79.0	66.3333
  80.0	53
  81.0	67
  82.0	70
  83.0	60
  84.0	53.5
  85.0	52
  86.0	60.5
  87.0	69
  88.0	60
  89.0	63
  90.0	49
  91.0	75
  92.0	52
  93.0	63
  94.0	70
  95.0	78.5
  96.0	45
  97.0	69
  98.0	59
  99.0	57.3333
 100.0	45.5
 101.0	55
 102.0	75
 103.0	57
 104.0	72
DB 2 MOTIF	THA_HUMAN.H11MO.0.C
-106.5	99
-105.5	103.5
-104.5	113
-103.5	114
-102.5	119
-101.5	120.5
-100.5	113.5
 -99.5	107.5
 -98.5	100.5
 -97.5	97
 -96.5	114.5
 -95.5	116.833
 -94.5	107.5
 -93.5	86
 -92.5	116.333
 -91.5	97
 -90.5	125.5
 -89.5	124.5
 -88.5	109.5
 -87.5	114.333
 -86.5	96.5
 -85.5	106
 -84.5	104.5
 -83.5	115.5
 -82.5	119.833
 -81.5	107.5
 -80.5	102.5
 -79.5	138.5
 -78.5	103.5
 -77.5	102.5
 -76.5	125
 -75.5	109
 -74.5	115
 -73.5	100
 -72.5	114
 -71.5	116
 -70.5	100
 -69.5	116
 -68.5	110
 -67.5	110.5
 -66.5	143
 -65.5	90
 -64.5	110.5
 -63.5	108
 -62.5	99
 -61.5	108.5
 -60.5	119.5
 -59.5	113
 -58.5	131
 -57.5	94
 -56.5	117.5
 -55.5	112.333
 -54.5	130
 -53.5	119.5
 -52.5	131
 -51.5	116
 -50.5	125.7
 -49.5	126.5
 -48.5	117.5
 -47.5	98.5
 -46.5	131
 -45.5	111.5
 -44.5	127.5
 -43.5	131
 -42.5	108
 -41.5	132
 -40.5	106
 -39.5	139.5
 -38.5	112.5
 -37.5	122
 -36.5	107.5
 -35.5	120
 -34.5	121.5
 -33.5	108.833
 -32.5	111
 -31.5	139
 -30.5	111
 -29.5	129.833
 -28.5	115
 -27.5	132.5
 -26.5	124
 -25.5	120.5
 -24.5	118
 -23.5	144
 -22.5	135
 -21.5	145.2
 -20.5	134
 -19.5	125
 -18.5	143
 -17.5	135
 -16.5	138
 -15.5	123.5
 -14.5	146
 -13.5	158.5
 -12.5	152.5
 -11.5	167
 -10.5	164
  -9.5	143.5
  -8.5	151.333
  -7.5	127
  -6.5	114.5
  -5.5	129
  -4.5	145.5
  -3.5	138.5
  -2.5	174.5
  -1.5	155.5
  -0.5	144
   0.5	166
   1.5	161.833
   2.5	149.5
   3.5	154
   4.5	142
   5.5	150
   6.5	135
   7.5	130.2
   8.5	152.5
   9.5	148.333
  10.5	156
  11.5	139.333
  12.5	157
  13.5	129.333
  14.5	141
  15.5	136.5
  16.5	140
  17.5	131
  18.5	130.5
  19.5	119
  20.5	120.5
  21.5	149
  22.5	139.5
  23.5	138
  24.5	138
  25.5	128.5
  26.5	109.5
  27.5	102
  28.5	124.5
  29.5	126.5
  30.5	101
  31.5	113.333
  32.5	125
  33.5	114
  34.5	101
  35.5	112.5
  36.5	126.5
  37.5	121
  38.5	113
  39.5	121
  40.5	105
  41.5	103.333
  42.5	125
  43.5	109.5
  44.5	125.5
  45.5	111
  46.5	125.833
  47.5	100
  48.5	115.5
  49.5	139.5
  50.5	133
  51.5	116
  52.5	118.5
  53.5	146
  54.5	120
  55.5	111
  56.5	105.5
  57.5	107
  58.5	102
  59.5	114
  60.5	92.5
  61.5	97.3333
  62.5	119.5
  63.5	121.2
  64.5	106
  65.5	125.5
  66.5	121
  67.5	126.833
  68.5	111
  69.5	122.833
  70.5	103.5
  71.5	107.5
  72.5	103
  73.5	100
  74.5	110.5
  75.5	113
  76.5	139
  77.5	117
  78.5	116
  79.5	100
  80.5	108
  81.5	124.5
  82.5	116
  83.5	115
  84.5	112
  85.5	91
  86.5	119.333
  87.5	104.833
  88.5	144
  89.5	132
  90.5	114.2
  91.5	129
  92.5	115
  93.5	104
  94.5	119
  95.5	136.5
  96.5	111
  97.5	125
  98.5	100.5
  99.5	109
 100.5	103.5
 101.5	118
 102.5	127.5
 103.5	111.5
 104.5	119.833
 105.5	118.5
 106.5	110
DB 2 MOTIF	THB_HUMAN.H11MO.0.C
-106.5	61.5
-105.5	60
-104.5	75
-103.5	68
-102.5	71
-101.5	57.5
-100.5	59
 -99.5	59
 -98.5	59
 -97.5	51
 -96.5	64
 -95.5	66
 -94.5	58
 -93.5	57.5
 -92.5	65
 -91.5	56
 -90.5	62
 -89.5	62.25
 -88.5	63
 -87.5	57
 -86.5	62
 -85.5	62
 -84.5	63
 -83.5	63
 -82.5	56
 -81.5	47
 -80.5	71
 -79.5	62
 -78.5	68
 -77.5	66
 -76.5	52
 -75.5	64
 -74.5	58
 -73.5	56
 -72.5	64
 -71.5	49
 -70.5	59
 -69.5	69
 -68.5	52
 -67.5	71
 -66.5	50
 -65.5	61
 -64.5	61
 -63.5	51
 -62.5	57
 -61.5	69
 -60.5	65
 -59.5	75
 -58.5	55
 -57.5	69
 -56.5	63
 -55.5	70
 -54.5	58
 -53.5	65
 -52.5	58
 -51.5	61
 -50.5	71
 -49.5	59
 -48.5	65.5
 -47.5	62.8333
 -46.5	64
 -45.5	58
 -44.5	69
 -43.5	66
 -42.5	71
 -41.5	64
 -40.5	51
 -39.5	66
 -38.5	75
 -37.5	62
 -36.5	69
 -35.5	58.5
 -34.5	63
 -33.5	59
 -32.5	67
 -31.5	64.5
 -30.5	75
 -29.5	55.25
 -28.5	60.3333
 -27.5	70
 -26.5	48
 -25.5	74
 -24.5	80
 -23.5	68.5
 -22.5	56
 -21.5	62
 -20.5	57
 -19.5	66
 -18.5	63
 -17.5	54
 -16.5	65
 -15.5	73.5
 -14.5	77
 -13.5	69.5
 -12.5	69
 -11.5	74
 -10.5	72
  -9.5	62
  -8.5	84
  -7.5	55
  -6.5	60
  -5.5	68
  -4.5	65
  -3.5	57.5
  -2.5	69
  -1.5	80
  -0.5	65
   0.5	54
   1.5	76.5
   2.5	55
   3.5	68
   4.5	74
   5.5	64
   6.5	65.5
   7.5	47
   8.5	68
   9.5	57
  10.5	67.3333
  11.5	85
  12.5	52
  13.5	76.3333
  14.5	56
  15.5	68
  16.5	74
  17.5	65
  18.5	53
  19.5	70
  20.5	63
  21.5	75
  22.5	77
  23.5	87
  24.5	72
  25.5	68.5
  26.5	52
  27.5	54
  28.5	60
  29.5	65.5
  30.5	69.25
  31.5	49
  32.5	56.5
  33.5	67
  34.5	71
  35.5	44
  36.5	64
  37.5	79
  38.5	57
  39.5	57
  40.5	56
  41.5	69
  42.5	53
  43.5	55
  44.5	53
  45.5	65.5
  46.5	63
  47.5	68
  48.5	66.5
  49.5	55
  50.5	59
  51.5	51
  52.5	68
  53.5	53
  54.5	72
  55.5	67
  56.5	51.5
  57.5	68
  58.5	56
  59.5	58
  60.5	65
  61.5	61
  62.5	74
  63.5	60.5
  64.5	68
  65.5	62
  66.5	60
  67.5	66
  68.5	56
  69.5	68
  70.5	74
  71.5	60
  72.5	57.5
  73.5	62.5
  74.5	54.3333
  75.5	66
  76.5	72
  77.5	54
  78.5	74
  79.5	69
  80.5	59.5
  81.5	53
  82.5	58.5
  83.5	63
  84.5	58
  85.5	57
  86.5	59
  87.5	69
  88.5	64.3333
  89.5	54.5
  90.5	87.5
  91.5	71.25
  92.5	52
  93.5	76
  94.5	68
  95.5	62.5
  96.5	64.5
  97.5	72
  98.5	55
  99.5	65
 100.5	58.5
 101.5	67
 102.5	60
 103.5	59
 104.5	60
 105.5	73
 106.5	63.5
DB 2 MOTIF	TWST1_HUMAN.H11MO.1.A
-110.0	102
-109.0	97
-108.0	91
-107.0	103.833
-106.0	77.5
-105.0	82.3333
-104.0	87.5
-103.0	99.5
-102.0	95.5
-101.0	80
-100.0	85.5
 -99.0	101.5
 -98.0	82
 -97.0	80
 -96.0	74.5
 -95.0	77
 -94.0	68
 -93.0	78
 -92.0	97.75
 -91.0	96
 -90.0	89
 -89.0	89
 -88.0	95
 -87.0	93
 -86.0	83.5
 -85.0	87
 -84.0	84.5
 -83.0	83
 -82.0	102.5
 -81.0	88.5
 -80.0	86.5
 -79.0	76
 -78.0	89.75
 -77.0	77
 -76.0	86.5
 -75.0	90
 -74.0	88.5
 -73.0	80
 -72.0	85.5
 -71.0	100
 -70.0	73
 -69.0	75
 -68.0	79.5
 -67.0	110
 -66.0	87
 -65.0	88.5
 -64.0	88.3333
 -63.0	101
 -62.0	84.5
 -61.0	99
 -60.0	100.5
 -59.0	98.5
 -58.0	90.5
 -57.0	83.5
 -56.0	102.5
 -55.0	85.5
 -54.0	85
 -53.0	86
 -52.0	98
 -51.0	81.5
 -50.0	94.5
 -49.0	106
 -48.0	92
 -47.0	80
 -46.0	110
 -45.0	91
 -44.0	97
 -43.0	96
 -42.0	78
 -41.0	92
 -40.0	111
 -39.0	99
 -38.0	83
 -37.0	110
 -36.0	83
 -35.0	101
 -34.0	98
 -33.0	97
 -32.0	83
 -31.0	104
 -30.0	102
 -29.0	87.5
 -28.0	121.833
 -27.0	114
 -26.0	89.5
 -25.0	130.5
 -24.0	119.5
 -23.0	101
 -22.0	111
 -21.0	121.667
 -20.0	104.5
 -19.0	88
 -18.0	112.5
 -17.0	116
 -16.0	119.5
 -15.0	124
 -14.0	135
 -13.0	137.5
 -12.0	130.5
 -11.0	122.833
 -10.0	138.5
  -9.0	149
  -8.0	138.5
  -7.0	166
  -6.0	170
  -5.0	164.5
  -4.0	173.5
  -3.0	182
  -2.0	157.5
  -1.0	185.25
   0.0	193.5
   1.0	165
   2.0	155.5
   3.0	186
   4.0	177
   5.0	168.5
   6.0	147
   7.0	158
   8.0	139
   9.0	149.5
  10.0	126
  11.0	129
  12.0	130.5
  13.0	141.5
  14.0	126
  15.0	128
  16.0	135.5
  17.0	120
  18.0	113.5
  19.0	92
  20.0	101.5
  21.0	102.833
  22.0	87
  23.0	124
  24.0	107.5
  25.0	94.5
  26.0	100
  27.0	112.5
  28.0	98.75
  29.0	87.75
  30.0	96.5
  31.0	110.5
  32.0	99.5
  33.0	107.5
  34.0	93
  35.0	90
  36.0	104.5
  37.0	92.5
  38.0	107
  39.0	109
  40.0	101
  41.0	80.75
  42.0	98.5
  43.0	111.75
  44.0	95
  45.0	102
  46.0	78
  47.0	93
  48.0	93.5
  49.0	87
  50.0	96
  51.0	85.3333
  52.0	88.5
  53.0	101.833
  54.0	102
  55.0	69.75
  56.0	77.5
  57.0	92
  58.0	82.5
  59.0	95
  60.0	96.5
  61.0	90.5
  62.0	95
  63.0	93.5
  64.0	82
  65.0	91
  66.0	79.5
  67.0	92
  68.0	93.5
  69.0	79
  70.0	87.5
  71.0	90.5
  72.0	86
  73.0	79
  74.0	88.5
  75.0	81.5
  76.0	76
  77.0	86.75
  78.0	96
  79.0	77.5
  80.0	81.5
  81.0	78.75
  82.0	83
  83.0	84.5
  84.0	87.5
  85.0	97
  86.0	89
  87.0	80
  88.0	102
  89.0	78.5
  90.0	85.5
  91.0	96
  92.0	87
  93.0	98.5
  94.0	73
  95.0	99.8333
  96.0	88
  97.0	83
  98.0	73
  99.0	79
 100.0	76
 101.0	76.3333
 102.0	75
 103.0	98
 104.0	86.5
 105.0	65.5
 106.0	95
 107.0	90.5
 108.0	69
 109.0	83
 110.0	85
DB 2 MOTIF	TYY1_HUMAN.H11MO.0.A
-109.0	20
-108.0	28
-107.0	22
-106.0	22
-105.0	17
-104.0	19
-103.0	23
-102.0	32
-101.0	26
-100.0	21
 -99.0	28
 -98.0	23
 -97.0	21
 -96.0	19
 -95.0	30
 -94.0	25
 -93.0	24
 -92.0	13
 -91.0	26
 -90.0	20
 -89.0	19
 -88.0	23
 -87.0	15
 -86.0	14
 -85.0	20
 -84.0	24
 -83.0	21
 -82.0	24
 -81.0	28
 -80.0	18
 -79.0	27
 -78.0	20
 -77.0	19
 -76.0	19
 -75.0	21
 -74.0	21
 -73.0	22
 -72.0	19
 -71.0	19
 -70.0	20
 -69.0	23.3333
 -68.0	22.5
 -67.0	18
 -66.0	18
 -65.0	20
 -64.0	23
 -63.0	23
 -62.0	22
 -61.0	17
 -60.0	13
 -59.0	20
 -58.0	26
 -57.0	17
 -56.0	20
 -55.0	25
 -54.0	27
 -53.0	11
 -52.0	26
 -51.0	21
 -50.0	23
 -49.0	24.3333
 -48.0	24
 -47.0	25
 -46.0	19
 -45.0	17
 -44.0	21
 -43.0	29
 -42.0	20
 -41.0	28
 -40.0	26
 -39.0	32
 -38.0	18
 -37.0	27
 -36.0	31
 -35.0	16
 -34.0	25
 -33.0	30
 -32.0	20
 -31.0	18
 -30.0	22.5
 -29.0	25
 -28.0	26
 -27.0	29
 -26.0	24
 -25.0	36
 -24.0	16
 -23.0	25
 -22.0	32
 -21.0	40
 -20.0	29
 -19.0	36
 -18.0	31
 -17.0	28
 -16.0	42
 -15.0	30
 -14.0	31
 -13.0	37
 -12.0	37
 -11.0	27
 -10.0	30
  -9.0	43
  -8.0	36.3333
  -7.0	31
  -6.0	33
  -5.0	41
  -4.0	42
  -3.0	45
  -2.0	44
  -1.0	42
   0.0	38
   1.0	46
   2.0	44
   3.0	46
   4.0	47
   5.0	57
   6.0	42
   7.0	47
   8.0	40
   9.0	42
  10.0	33
  11.0	27.3333
  12.0	35
  13.0	35
  14.0	38
  15.0	31
  16.0	25
  17.0	31
  18.0	27
  19.0	34
  20.0	28
  21.0	30
  22.0	18
  23.0	31
  24.0	23
  25.0	28
  26.0	19.5
  27.0	24
  28.0	26
  29.0	28
  30.0	17
  31.0	27
  32.0	24
  33.0	19
  34.0	16
  35.0	22
  36.0	26
  37.0	18
  38.0	26
  39.0	28
  40.0	20
  41.0	19.5
  42.0	13
  43.0	22
  44.0	23
  45.0	24
  46.0	32
  47.0	23
  48.0	18
  49.0	23
  50.0	25
  51.0	21
  52.0	22.5
  53.0	30.3333
  54.0	18
  55.0	17
  56.0	20
  57.0	21
  58.0	20
  59.0	18
  60.0	16
  61.0	19
  62.0	17
  63.0	24
  64.0	20
  65.0	24
  66.0	24
  67.0	26
  68.0	26
  69.0	27
  70.0	31
  71.0	18
  72.0	20.3333
  73.0	20
  74.0	20.5
  75.0	25
  76.0	25
  77.0	26
  78.0	18
  79.0	19
  80.0	18
  81.0	24
  82.0	25
  83.0	24
  84.0	32
  85.0	24
  86.0	24
  87.0	19
  88.0	23
  89.0	24
  90.0	23
  91.0	24
  92.0	17
  93.0	14
  94.0	27
  95.0	24
  96.0	19
  97.0	20
  98.0	27
  99.0	22
 100.0	21
 101.0	15
 102.0	19
 103.0	29
 104.0	19
 105.0	17
 106.0	15
 107.0	18
 108.0	24
 109.0	23
DB 2 MOTIF	TYY2_HUMAN.H11MO.0.D
-109.5	46
-108.5	35
-107.5	43
-106.5	40.5
-105.5	37
-104.5	38
-103.5	40.5
-102.5	33
-101.5	27
-100.5	39
 -99.5	49
 -98.5	35
 -97.5	47
 -96.5	35
 -95.5	43
 -94.5	37
 -93.5	28
 -92.5	44
 -91.5	37
 -90.5	35
 -89.5	42
 -88.5	31
 -87.5	32
 -86.5	27
 -85.5	32
 -84.5	38
 -83.5	34
 -82.5	29
 -81.5	36
 -80.5	36
 -79.5	42
 -78.5	44
 -77.5	28
 -76.5	31
 -75.5	34.75
 -74.5	30.5
 -73.5	29
 -72.5	40.5
 -71.5	26
 -70.5	40
 -69.5	45
 -68.5	40
 -67.5	35
 -66.5	33
 -65.5	36
 -64.5	31
 -63.5	26
 -62.5	48
 -61.5	35
 -60.5	35.5
 -59.5	39.5
 -58.5	40
 -57.5	49
 -56.5	30
 -55.5	37
 -54.5	48
 -53.5	49
 -52.5	32
 -51.5	38
 -50.5	40
 -49.5	25
 -48.5	31
 -47.5	46
 -46.5	47.5
 -45.5	41
 -44.5	40
 -43.5	33
 -42.5	34
 -41.5	50
 -40.5	33
 -39.5	37.5
 -38.5	38
 -37.5	34
 -36.5	40
 -35.5	41.5
 -34.5	31
 -33.5	43
 -32.5	40
 -31.5	31
 -30.5	27
 -29.5	33
 -28.5	36
 -27.5	48
 -26.5	32
 -25.5	38
 -24.5	47
 -23.5	48
 -22.5	50
 -21.5	39
 -20.5	61
 -19.5	49
 -18.5	49.5
 -17.5	40
 -16.5	50.5
 -15.5	50
 -14.5	44.5
 -13.5	48
 -12.5	53
 -11.5	54
 -10.5	62
  -9.5	75
  -8.5	77
  -7.5	78
  -6.5	66
  -5.5	88
  -4.5	90
  -3.5	65.25
  -2.5	92
  -1.5	82
  -0.5	77.5
   0.5	76
   1.5	83
   2.5	84
   3.5	85
   4.5	78
   5.5	80
   6.5	75
   7.5	66
   8.5	71
   9.5	59
  10.5	63
  11.5	68
  12.5	63
  13.5	62
  14.5	60
  15.5	56
  16.5	35
  17.5	57
  18.5	61
  19.5	56
  20.5	47
  21.5	42
  22.5	49
  23.5	47
  24.5	29
  25.5	36
  26.5	43
  27.5	42
  28.5	45
  29.5	41
  30.5	40
  31.5	35
  32.5	42
  33.5	38
  34.5	43
  35.5	29
  36.5	41
  37.5	38.5
  38.5	28
  39.5	32
  40.5	40
  41.5	39
  42.5	31
  43.5	38
  44.5	35
  45.5	40
  46.5	38
  47.5	31
  48.5	36
  49.5	43
  50.5	37
  51.5	43
  52.5	29.5
  53.5	36
  54.5	24
  55.5	42
  56.5	31.5
  57.5	36
  58.5	32.5
  59.5	32
  60.5	33
  61.5	42
  62.5	45
  63.5	26.3333
  64.5	32
  65.5	31
  66.5	36
  67.5	48
  68.5	28.25
  69.5	43
  70.5	39
  71.5	35
  72.5	36
  73.5	35
  74.5	39
  75.5	40
  76.5	47
  77.5	49
  78.5	28.5
  79.5	39
  80.5	42
  81.5	34
  82.5	41
  83.5	43.3333
  84.5	30
  85.5	34
  86.5	40.25
  87.5	32
  88.5	34
  89.5	30
  90.5	40
  91.5	30
  92.5	31
  93.5	32
  94.5	32
  95.5	42
  96.5	32
  97.5	31
  98.5	44
  99.5	32
 100.5	28
 101.5	31
 102.5	30
 103.5	47.3333
 104.5	44
 105.5	40
 106.5	32
 107.5	44.5
 108.5	43
 109.5	37
DB 2 MOTIF	USF1_HUMAN.H11MO.0.A
-109.0	21
-108.0	16
-107.0	21
-106.0	20
-105.0	12
-104.0	16
-103.0	27
-102.0	20
-101.0	17
-100.0	22
 -99.0	17
 -98.0	17
 -97.0	21
 -96.0	11
 -95.0	18
 -94.0	18
 -93.0	17.5
 -92.0	21
 -91.0	9
 -90.0	11
 -89.0	19
 -88.0	13
 -87.0	25
 -86.0	17
 -85.0	20
 -84.0	11
 -83.0	19
 -82.0	9
 -81.0	24
 -80.0	18
 -79.0	20
 -78.0	13
 -77.0	13
 -76.0	12
 -75.0	8
 -74.0	13
 -73.0	20
 -72.0	19
 -71.0	21.5
 -70.0	14
 -69.0	11
 -68.0	12
 -67.0	19
 -66.0	16
 -65.0	24
 -64.0	23
 -63.0	12
 -62.0	16.5
 -61.0	19
 -60.0	14
 -59.0	12
 -58.0	10
 -57.0	19
 -56.0	14
 -55.0	17
 -54.0	17
 -53.0	18
 -52.0	18
 -51.0	16
 -50.0	18
 -49.0	21
 -48.0	9.5
 -47.0	19
 -46.0	14.5
 -45.0	21
 -44.0	14
 -43.0	16
 -42.0	17
 -41.0	15
 -40.0	14
 -39.0	27
 -38.0	14.5
 -37.0	27
 -36.0	22
 -35.0	20
 -34.0	18
 -33.0	17
 -32.0	15
 -31.0	16
 -30.0	25
 -29.0	8
 -28.0	22.5
 -27.0	17
 -26.0	14.5
 -25.0	22
 -24.0	29.5
 -23.0	23
 -22.0	21
 -21.0	16
 -20.0	18
 -19.0	22
 -18.0	12
 -17.0	23
 -16.0	21
 -15.0	25
 -14.0	21
 -13.0	16
 -12.0	30
 -11.0	22
 -10.0	25
  -9.0	40.5
  -8.0	16
  -7.0	31
  -6.0	31
  -5.0	26
  -4.0	23
  -3.0	29
  -2.0	28
  -1.0	27
   0.0	26.5
   1.0	24
   2.0	20
   3.0	26
   4.0	17
   5.0	27.5
   6.0	17
   7.0	27
   8.0	28
   9.0	18
  10.0	35
  11.0	14
  12.0	14
  13.0	36
  14.0	22
  15.0	20
  16.0	13
  17.0	24
  18.0	23
  19.0	27
  20.0	23
  21.0	14
  22.0	21
  23.0	28
  24.0	20
  25.0	17
  26.0	20
  27.0	22
  28.0	24
  29.0	15
  30.0	24
  31.0	15
  32.0	19
  33.0	23
  34.0	25
  35.0	17
  36.0	21
  37.0	23
  38.0	18
  39.0	16
  40.0	21
  41.0	15.5
  42.0	16
  43.0	22.5
  44.0	16
  45.0	13
  46.0	8
  47.0	15
  48.0	19
  49.0	11
  50.0	22
  51.0	18
  52.0	14
  53.0	27
  54.0	19
  55.0	19
  56.0	18
  57.0	15
  58.0	22
  59.0	16
  60.0	22
  61.0	22.5
  62.0	18
  63.0	20
  64.0	17
  65.0	7
  66.0	24
  67.0	22
  68.0	19
  69.0	16
  70.0	18.5
  71.0	22
  72.0	21
  73.0	11
  74.0	18
  75.0	22
  76.0	17
  77.0	22
  78.0	18
  79.0	13.5
  80.0	21
  81.0	25
  82.0	27
  83.0	14
  84.0	18
  85.0	18
  86.0	23
  87.0	18
  88.0	12
  89.0	15
  90.0	13
  91.0	19
  92.0	16
  93.0	25
  94.0	27
  95.0	14
  96.0	10
  97.0	15
  98.0	14
  99.0	17
 100.0	19
 101.0	20
 102.0	16
 103.0	24
 104.0	12.5
 105.0	11
 106.0	20.5
 107.0	21
 108.0	23
 109.0	13.5
DB 2 MOTIF	USF2_HUMAN.H11MO.0.A
-105.5	17
-104.5	26
-103.5	20
-102.5	20
-101.5	14
-100.5	22
 -99.5	22
 -98.5	15
 -97.5	17
 -96.5	22
 -95.5	21
 -94.5	13
 -93.5	12
 -92.5	20
 -91.5	17
 -90.5	20
 -89.5	26
 -88.5	19
 -87.5	14
 -86.5	19
 -85.5	16
 -84.5	18
 -83.5	13
 -82.5	20
 -81.5	15
 -80.5	19
 -79.5	14
 -78.5	21
 -77.5	21
 -76.5	15
 -75.5	19
 -74.5	19
 -73.5	20
 -72.5	18
 -71.5	12
 -70.5	12
 -69.5	16
 -68.5	20
 -67.5	20
 -66.5	21
 -65.5	10
 -64.5	19
 -63.5	18
 -62.5	22
 -61.5	21
 -60.5	11
 -59.5	16
 -58.5	17
 -57.5	21
 -56.5	8
 -55.5	20
 -54.5	16
 -53.5	19
 -52.5	22
 -51.5	22
 -50.5	20
 -49.5	20
 -48.5	23
 -47.5	25
 -46.5	21
 -45.5	14
 -44.5	22
 -43.5	21
 -42.5	14
 -41.5	17
 -40.5	18
 -39.5	29
 -38.5	17
 -37.5	15
 -36.5	23
 -35.5	20.5
 -34.5	20
 -33.5	19
 -32.5	27
 -31.5	12
 -30.5	23.5
 -29.5	20
 -28.5	15
 -27.5	22
 -26.5	15
 -25.5	27.5
 -24.5	21
 -23.5	13
 -22.5	26
 -21.5	32
 -20.5	18.5
 -19.5	32
 -18.5	23
 -17.5	15
 -16.5	19
 -15.5	22
 -14.5	26
 -13.5	32
 -12.5	39
 -11.5	36
 -10.5	25
  -9.5	31
  -8.5	33
  -7.5	28
  -6.5	31
  -5.5	17
  -4.5	37
  -3.5	31
  -2.5	37
  -1.5	32
  -0.5	21
   0.5	23
   1.5	27
   2.5	35
   3.5	26
   4.5	32
   5.5	35
   6.5	25
   7.5	23
   8.5	21.5
   9.5	21
  10.5	38
  11.5	21
  12.5	32
  13.5	13
  14.5	21
  15.5	30
  16.5	22
  17.5	25
  18.5	27
  19.5	30
  20.5	23
  21.5	28.5
  22.5	22
  23.5	18
  24.5	23
  25.5	23
  26.5	23.5
  27.5	26
  28.5	22
  29.5	18
  30.5	22
  31.5	23
  32.5	21
  33.5	17
  34.5	25
  35.5	15
  36.5	27
  37.5	19
  38.5	21
  39.5	18
  40.5	29
  41.5	20
  42.5	22
  43.5	17
  44.5	15
  45.5	21
  46.5	21
  47.5	20
  48.5	14
  49.5	16
  50.5	22
  51.5	17
  52.5	25
  53.5	14
  54.5	16
  55.5	28
  56.5	21
  57.5	21
  58.5	19
  59.5	17
  60.5	21
  61.5	24
  62.5	20
  63.5	26
  64.5	28
  65.5	25
  66.5	13
  67.5	11
  68.5	26
  69.5	23
  70.5	10
  71.5	19
  72.5	19
  73.5	20
  74.5	29
  75.5	18
  76.5	15
  77.5	23
  78.5	16.5
  79.5	25
  80.5	15
  81.5	15
  82.5	19
  83.5	29
  84.5	26
  85.5	14
  86.5	16
  87.5	23
  88.5	23
  89.5	14
  90.5	20
  91.5	16
  92.5	20
  93.5	12
  94.5	14
  95.5	19
  96.5	28
  97.5	12
  98.5	21
  99.5	18
 100.5	23
 101.5	21
 102.5	22
 103.5	16
 104.5	24
 105.5	25
DB 2 MOTIF	VDR_HUMAN.H11MO.0.A
-107.0	92
-106.0	82
-105.0	86
-104.0	76
-103.0	94
-102.0	77
-101.0	92
-100.0	87
 -99.0	90
 -98.0	76
 -97.0	79.5
 -96.0	89.5
 -95.0	66.5
 -94.0	82.5
 -93.0	98.5
 -92.0	88
 -91.0	97.5
 -90.0	96.5
 -89.0	88.5
 -88.0	87.5
 -87.0	72
 -86.0	85.5
 -85.0	71
 -84.0	73
 -83.0	87
 -82.0	90
 -81.0	102
 -80.0	90
 -79.0	82
 -78.0	70
 -77.0	78
 -76.0	87
 -75.0	107
 -74.0	81
 -73.0	90
 -72.0	67
 -71.0	83.5
 -70.0	98.5
 -69.0	90
 -68.0	74
 -67.0	98
 -66.0	89
 -65.0	63
 -64.0	74
 -63.0	84
 -62.0	83.5
 -61.0	71
 -60.0	95
 -59.0	86
 -58.0	85.5
 -57.0	59
 -56.0	67
 -55.0	77
 -54.0	96
 -53.0	81
 -52.0	92
 -51.0	76
 -50.0	80
 -49.0	76.5
 -48.0	93
 -47.0	79.5
 -46.0	90.5
 -45.0	93
 -44.0	83.5
 -43.0	92
 -42.0	90
 -41.0	97
 -40.0	78.5
 -39.0	87.8333
 -38.0	77
 -37.0	68
 -36.0	87.5
 -35.0	95
 -34.0	88
 -33.0	99
 -32.0	91
 -31.0	89
 -30.0	100.5
 -29.0	85.3333
 -28.0	84
 -27.0	66
 -26.0	90.5
 -25.0	99.5
 -24.0	109
 -23.0	88.5
 -22.0	86.5
 -21.0	97.8333
 -20.0	102
 -19.0	75
 -18.0	108
 -17.0	85
 -16.0	101
 -15.0	118
 -14.0	110
 -13.0	112
 -12.0	107
 -11.0	100.5
 -10.0	112
  -9.0	102
  -8.0	119
  -7.0	92
  -6.0	91.5
  -5.0	100
  -4.0	100
  -3.0	92
  -2.0	96
  -1.0	98
   0.0	101.5
   1.0	107
   2.0	112
   3.0	112
   4.0	97
   5.0	97
   6.0	87
   7.0	81
   8.0	81.5
   9.0	112
  10.0	90.3333
  11.0	100
  12.0	102
  13.0	117
  14.0	90
  15.0	87
  16.0	86
  17.0	87
  18.0	105
  19.0	84
  20.0	93
  21.0	77.5
  22.0	102
  23.0	87
  24.0	71.5
  25.0	95
  26.0	83.5
  27.0	96.3333
  28.0	71
  29.0	91.5
  30.0	81
  31.0	96.5
  32.0	80.5
  33.0	74
  34.0	87.5
  35.0	73
  36.0	77
  37.0	77
  38.0	87.5
  39.0	93
  40.0	105
  41.0	95.3333
  42.0	77
  43.0	80.5
  44.0	99
  45.0	82
  46.0	87
  47.0	85
  48.0	96
  49.0	90
  50.0	81
  51.0	81
  52.0	90
  53.0	94
  54.0	93
  55.0	90
  56.0	87
  57.0	84
  58.0	78
  59.0	87
  60.0	88
  61.0	78
  62.0	89
  63.0	98
  64.0	94
  65.0	70
  66.0	92
  67.0	70.5
  68.0	83
  69.0	80
  70.0	90.5
  71.0	84
  72.0	80
  73.0	81
  74.0	88
  75.0	79.3333
  76.0	101.5
  77.0	95
  78.0	92
  79.0	91
  80.0	78.5
  81.0	86.8333
  82.0	82.5
  83.0	83.5
  84.0	84
  85.0	81
  86.0	78
  87.0	73
  88.0	96.3333
  89.0	84
  90.0	82
  91.0	87
  92.0	99
  93.0	94.5
  94.0	92.5
  95.0	81
  96.0	92
  97.0	72
  98.0	76
  99.0	82
 100.0	79
 101.0	74
 102.0	72
 103.0	89
 104.0	98.5
 105.0	87
 106.0	78
 107.0	93
DB 2 MOTIF	VDR_HUMAN.H11MO.1.A
-110.5	88
-109.5	95.5
-108.5	104
-107.5	101.5
-106.5	91.5
-105.5	82.5
-104.5	72
-103.5	107.5
-102.5	89.5
-101.5	99
-100.5	75.5
 -99.5	87.5
 -98.5	83
 -97.5	92.75
 -96.5	114.5
 -95.5	93.5
 -94.5	93.5
 -93.5	93
 -92.5	94.5
 -91.5	96.3333
 -90.5	92
 -89.5	97.5
 -88.5	97.3333
 -87.5	95
 -86.5	78.5
 -85.5	93.5
 -84.5	90.5
 -83.5	100.5
 -82.5	68.3333
 -81.5	90.5
 -80.5	81
 -79.5	87
 -78.5	75.5
 -77.5	89.75
 -76.5	97.5
 -75.5	88
 -74.5	102.5
 -73.5	93.5
 -72.5	89.5
 -71.5	77
 -70.5	96
 -69.5	86
 -68.5	95
 -67.5	86
 -66.5	91.5
 -65.5	96
 -64.5	78.5
 -63.5	86
 -62.5	94.5
 -61.5	98
 -60.5	100
 -59.5	86
 -58.5	83
 -57.5	75
 -56.5	77.5
 -55.5	93.8333
 -54.5	121
 -53.5	78.5
 -52.5	103
 -51.5	72
 -50.5	99
 -49.5	105.5
 -48.5	106.333
 -47.5	81.5
 -46.5	85
 -45.5	93
 -44.5	97
 -43.5	88
 -42.5	98.5
 -41.5	79
 -40.5	80
 -39.5	98.5
 -38.5	98.5
 -37.5	93.5
 -36.5	99.8333
 -35.5	111.5
 -34.5	117
 -33.5	90
 -32.5	88.5
 -31.5	91
 -30.5	98
 -29.5	104
 -28.5	96.5
 -27.5	110.75
 -26.5	102.5
 -25.5	85.8333
 -24.5	92.8333
 -23.5	76.5
 -22.5	96.5
 -21.5	96.3333
 -20.5	122
 -19.5	154.5
 -18.5	134.5
 -17.5	125.75
 -16.5	137
 -15.5	139
 -14.5	125.5
 -13.5	151
 -12.5	140.5
 -11.5	137
 -10.5	145
  -9.5	154.5
  -8.5	134
  -7.5	192
  -6.5	183
  -5.5	192.5
  -4.5	184
  -3.5	198.5
  -2.5	167
  -1.5	171
  -0.5	189.5
   0.5	194
   1.5	168.333
   2.5	180
   3.5	199
   4.5	190.5
   5.5	188
   6.5	183.833
   7.5	184.5
   8.5	172.833
   9.5	169
  10.5	148.833
  11.5	156.333
  12.5	135.5
  13.5	135
  14.5	161
  15.5	146
  16.5	130
  17.5	141.5
  18.5	135
  19.5	122.5
  20.5	89.5
  21.5	94.5
  22.5	110.333
  23.5	91.5
  24.5	101
  25.5	109
  26.5	112.5
  27.5	95
  28.5	94.5
  29.5	101.5
  30.5	105
  31.5	94
  32.5	94.3333
  33.5	102
  34.5	93
  35.5	109.833
  36.5	101
  37.5	97.5
  38.5	101.5
  39.5	108.167
  40.5	92.5
  41.5	92.5
  42.5	86
  43.5	87.5
  44.5	110
  45.5	88.5
  46.5	92.3333
  47.5	93.1667
  48.5	85
  49.5	99.5
  50.5	93
  51.5	103.5
  52.5	100.833
  53.5	109.5
  54.5	80.3333
  55.5	94.5
  56.5	75
  57.5	109.5
  58.5	89.5
  59.5	77.3333
  60.5	74.5
  61.5	88.8333
  62.5	96.5
  63.5	90
  64.5	89
  65.5	84.5
  66.5	84
  67.5	110.333
  68.5	76.3333
  69.5	97
  70.5	83
  71.5	95.8333
  72.5	92.5
  73.5	91
  74.5	81.8333
  75.5	79
  76.5	97.5
  77.5	84.5
  78.5	83
  79.5	79.5
  80.5	81.8333
  81.5	103
  82.5	83
  83.5	88.5
  84.5	106
  85.5	107.5
  86.5	108
  87.5	96
  88.5	91
  89.5	91.5
  90.5	93
  91.5	95.5
  92.5	96
  93.5	100.333
  94.5	91.5
  95.5	85
  96.5	100.5
  97.5	88
  98.5	108.5
  99.5	98
 100.5	74
 101.5	100
 102.5	86
 103.5	79
 104.5	86.5
 105.5	81.5
 106.5	91
 107.5	84
 108.5	103.833
 109.5	76.5
 110.5	94
DB 2 MOTIF	VEZF1_HUMAN.H11MO.1.C
-109.0	137.083
-108.0	136.75
-107.0	139.25
-106.0	106.125
-105.0	131.5
-104.0	133.333
-103.0	125.75
-102.0	136.875
-101.0	119
-100.0	120
 -99.0	128.583
 -98.0	122.125
 -97.0	130
 -96.0	130.25
 -95.0	107.25
 -94.0	112.875
 -93.0	124.5
 -92.0	134
 -91.0	109
 -90.0	122.875
 -89.0	118.083
 -88.0	116
 -87.0	104.45
 -86.0	134.625
 -85.0	129
 -84.0	136.833
 -83.0	133.75
 -82.0	117.375
 -81.0	122
 -80.0	122.25
 -79.0	132.5
 -78.0	116.125
 -77.0	131.25
 -76.0	111.5
 -75.0	129.5
 -74.0	110.5
 -73.0	136.5
 -72.0	112
 -71.0	126.75
 -70.0	114
 -69.0	133
 -68.0	125.333
 -67.0	136.5
 -66.0	125
 -65.0	137.5
 -64.0	141.5
 -63.0	140.833
 -62.0	143.5
 -61.0	126.5
 -60.0	128
 -59.0	125.283
 -58.0	135.5
 -57.0	131.5
 -56.0	128.5
 -55.0	133.75
 -54.0	134.5
 -53.0	119.5
 -52.0	144
 -51.0	128
 -50.0	133.167
 -49.0	149
 -48.0	126.5
 -47.0	151.2
 -46.0	141
 -45.0	103
 -44.0	112.5
 -43.0	126.75
 -42.0	120.75
 -41.0	115
 -40.0	121
 -39.0	145
 -38.0	111.5
 -37.0	120.333
 -36.0	137.5
 -35.0	121.25
 -34.0	110
 -33.0	131
 -32.0	112.5
 -31.0	131.5
 -30.0	119
 -29.0	144.75
 -28.0	119.5
 -27.0	129.5
 -26.0	140.333
 -25.0	139
 -24.0	135.5
 -23.0	136
 -22.0	134.2
 -21.0	127
 -20.0	155.5
 -19.0	133
 -18.0	146.5
 -17.0	142
 -16.0	141.5
 -15.0	149
 -14.0	145
 -13.0	136.5
 -12.0	153
 -11.0	162
 -10.0	184
  -9.0	169.5
  -8.0	151.5
  -7.0	194.2
  -6.0	182
  -5.0	182.5
  -4.0	162
  -3.0	183.5
  -2.0	182.25
  -1.0	187
   0.0	173.5
   1.0	170.5
   2.0	162
   3.0	186
   4.0	154.5
   5.0	175.5
   6.0	162
   7.0	179
   8.0	150.5
   9.0	179
  10.0	174
  11.0	188
  12.0	165
  13.0	158.833
  14.0	155.5
  15.0	158.2
  16.0	115.5
  17.0	160.5
  18.0	141.25
  19.0	124.5
  20.0	155.5
  21.0	166.75
  22.0	140
  23.0	141
  24.0	145
  25.0	134
  26.0	128.75
  27.0	129.5
  28.0	139.5
  29.0	111
  30.0	124
  31.0	146
  32.0	123
  33.0	139.533
  34.0	151.5
  35.0	111.5
  36.0	102.5
  37.0	131
  38.0	127
  39.0	134.5
  40.0	120.5
  41.0	137.5
  42.0	159.5
  43.0	141.5
  44.0	118
  45.0	141.5
  46.0	139
  47.0	141
  48.0	121.5
  49.0	118
  50.0	137
  51.0	124
  52.0	120.2
  53.0	139
  54.0	125.611
  55.0	152.611
  56.0	123.202
  57.0	130.611
  58.0	125.611
  59.0	137.111
  60.0	140.202
  61.0	119.611
  62.0	135.111
  63.0	134.5
  64.0	158.591
  65.0	128.333
  66.0	142.5
  67.0	113.5
  68.0	162.591
  69.0	126.75
  70.0	122.5
  71.0	121
  72.0	109.841
  73.0	130.7
  74.0	139.5
  75.0	131.25
  76.0	135.424
  77.0	133
  78.0	117.75
  79.0	135.75
  80.0	111.591
  81.0	112.5
  82.0	114.5
  83.0	115.5
  84.0	134.091
  85.0	137
  86.0	113
  87.0	100.75
  88.0	117.591
  89.0	137.7
  90.0	126.5
  91.0	143.083
  92.0	115.091
  93.0	135.5
  94.0	127.833
  95.0	111.333
  96.0	108.5
  97.0	120.167
  98.0	121
  99.0	133.5
 100.0	119.5
 101.0	123
 102.0	131.5
 103.0	107.5
 104.0	140
 105.0	125.5
 106.0	137
 107.0	136.5
 108.0	147.091
 109.0	129
DB 2 MOTIF	WT1_HUMAN.H11MO.0.C
-105.0	102.167
-104.0	92.9269
-103.0	92
-102.0	93.4769
-101.0	67.1667
-100.0	75.6198
 -99.0	78.5
 -98.0	69.6198
 -97.0	69.6667
 -96.0	62.3698
 -95.0	74
 -94.0	74.3698
 -93.0	81.1667
 -92.0	61.3698
 -91.0	73
 -90.0	59.3698
 -89.0	69.5
 -88.0	67.3698
 -87.0	73.5
 -86.0	65.9269
 -85.0	82.1667
 -84.0	89.1269
 -83.0	58
 -82.0	76.1269
 -81.0	73
 -80.0	79.0512
 -79.0	75
 -78.0	61.4742
 -77.0	61.5
 -76.0	74.4742
 -75.0	84
 -74.0	69.6409
 -73.0	74.3333
 -72.0	68.1409
 -71.0	62
 -70.0	71.1409
 -69.0	76.5
 -68.0	80.1409
 -67.0	86.1667
 -66.0	78.6409
 -65.0	78
 -64.0	72.6409
 -63.0	70.5
 -62.0	65.0909
 -61.0	83.8333
 -60.0	84.5909
 -59.0	65.5
 -58.0	77
 -57.0	72
 -56.0	76.5
 -55.0	68.5
 -54.0	86
 -53.0	74.5
 -52.0	67
 -51.0	71.5
 -50.0	80.5
 -49.0	68
 -48.0	70
 -47.0	64.625
 -46.0	69.2
 -45.0	70.4583
 -44.0	75
 -43.0	62.125
 -42.0	66.5
 -41.0	70.125
 -40.0	81
 -39.0	71.125
 -38.0	64.5
 -37.0	70.125
 -36.0	70
 -35.0	80.125
 -34.0	86
 -33.0	60.125
 -32.0	79
 -31.0	62
 -30.0	69
 -29.0	63
 -28.0	78.5
 -27.0	62
 -26.0	77
 -25.0	75.1429
 -24.0	65
 -23.0	59.1429
 -22.0	79
 -21.0	72.1429
 -20.0	65
 -19.0	61.1429
 -18.0	81
 -17.0	68.1429
 -16.0	83
 -15.0	73.6429
 -14.0	66
 -13.0	80.1429
 -12.0	88.5
 -11.0	76.5
 -10.0	70
  -9.0	64.5
  -8.0	80.8333
  -7.0	99
  -6.0	91.7
  -5.0	72
  -4.0	83
  -3.0	79
  -2.0	85
  -1.0	79
   0.0	74.5
   1.0	80
   2.0	98.5
   3.0	74
   4.0	84
   5.0	71
   6.0	79
   7.0	83
   8.0	81.5
   9.0	72
  10.0	87.5
  11.0	100
  12.0	98
  13.0	82.5
  14.0	68.6111
  15.0	74
  16.0	85.1111
  17.0	76.5
  18.0	79.1111
  19.0	75
  20.0	72.1111
  21.0	63.5
  22.0	82.1111
  23.0	74
  24.0	62.1111
  25.0	71
  26.0	68.1111
  27.0	92
  28.0	72.6111
  29.0	80
  30.0	58.6111
  31.0	71.8333
  32.0	68
  33.0	62
  34.0	85.0333
  35.0	51.6667
  36.0	61
  37.0	72.1667
  38.0	69
  39.0	80.6667
  40.0	74
  41.0	64.1667
  42.0	67.6667
  43.0	64.1667
  44.0	87.1667
  45.0	60.2255
  46.0	87.1667
  47.0	70.0588
  48.0	72.5
  49.0	74.0588
  50.0	67
  51.0	67.0588
  52.0	78
  53.0	71.0588
  54.0	76
  55.0	68.0588
  56.0	71.5
  57.0	73.0588
  58.0	84
  59.0	75.0588
  60.0	84.5
  61.0	80.0588
  62.0	77
  63.0	93.2017
  64.0	85
  65.0	64.0588
  66.0	66.4333
  67.0	92.2017
  68.0	63.6
  69.0	88.0588
  70.0	70.4333
  71.0	74.2017
  72.0	65.1
  73.0	68.5588
  74.0	52.8
  75.0	74.2017
  76.0	88.1
  77.0	86.0588
  78.0	62.1
  79.0	51.6429
  80.0	74.6
  81.0	88.5
  82.0	71.225
  83.0	79.4679
  84.0	77.225
  85.0	81.125
  86.0	68.325
  87.0	74.2679
  88.0	72.625
  89.0	73.325
  90.0	81
  91.0	73.125
  92.0	72.7
  93.0	79.125
  94.0	75
  95.0	68.9917
  96.0	65.5
  97.0	69.2917
  98.0	86.5833
  99.0	75.2917
 100.0	69.25
 101.0	95.7917
 102.0	77.25
 103.0	83.7917
 104.0	89.25
 105.0	79.2917
DB 2 MOTIF	WT1_HUMAN.H11MO.1.B
-109.5	110
-108.5	102.833
-107.5	103
-106.5	99.5
-105.5	87.5
-104.5	109.5
-103.5	109.333
-102.5	99.5
-101.5	126
-100.5	116.5
 -99.5	113
 -98.5	136.833
 -97.5	96
 -96.5	126
 -95.5	115.5
 -94.5	100.75
 -93.5	116.5
 -92.5	106.5
 -91.5	100.167
 -90.5	111.25
 -89.5	122.833
 -88.5	117.25
 -87.5	113.5
 -86.5	88.7833
 -85.5	130.75
 -84.5	118
 -83.5	105.5
 -82.5	132
 -81.5	107
 -80.5	119
 -79.5	112.917
 -78.5	107.5
 -77.5	111.833
 -76.5	121.75
 -75.5	113.5
 -74.5	120
 -73.5	107
 -72.5	106
 -71.5	117.5
 -70.5	119.5
 -69.5	113.5
 -68.5	107.333
 -67.5	124
 -66.5	128.5
 -65.5	103.5
 -64.5	107
 -63.5	120
 -62.5	131.5
 -61.5	115.5
 -60.5	118
 -59.5	121.833
 -58.5	114
 -57.5	112
 -56.5	136.5
 -55.5	106.667
 -54.5	122.5
 -53.5	118
 -52.5	129
 -51.5	116.5
 -50.5	119.833
 -49.5	121
 -48.5	112
 -47.5	124.5
 -46.5	137.45
 -45.5	132.333
 -44.5	129
 -43.5	86
 -42.5	141.5
 -41.5	91
 -40.5	118.5
 -39.5	111
 -38.5	116.333
 -37.5	123
 -36.5	108
 -35.5	122
 -34.5	109
 -33.5	104
 -32.5	97
 -31.5	132.667
 -30.5	115
 -29.5	132.5
 -28.5	102
 -27.5	113.5
 -26.5	118
 -25.5	127.5
 -24.5	107
 -23.5	115.5
 -22.5	110
 -21.5	132.5
 -20.5	120
 -19.5	121.167
 -18.5	116
 -17.5	131
 -16.5	137
 -15.5	135
 -14.5	140
 -13.5	137
 -12.5	133.5
 -11.5	134
 -10.5	130.5
  -9.5	158
  -8.5	153.5
  -7.5	128
  -6.5	164.7
  -5.5	141
  -4.5	129
  -3.5	149
  -2.5	148.5
  -1.5	136
  -0.5	139.5
   0.5	127.5
   1.5	163.5
   2.5	140.5
   3.5	150
   4.5	136.5
   5.5	138.5
   6.5	149.5
   7.5	160.5
   8.5	125
   9.5	125
  10.5	136.5
  11.5	123.5
  12.5	124.25
  13.5	130.5
  14.5	137.5
  15.5	120.5
  16.5	134.333
  17.5	139
  18.5	135
  19.5	112
  20.5	130
  21.5	144
  22.5	110.5
  23.5	132.333
  24.5	113
  25.5	109.5
  26.5	121
  27.5	136
  28.5	107
  29.5	99
  30.5	113.5
  31.5	113
  32.5	123
  33.5	135.867
  34.5	103
  35.5	94.5
  36.5	119
  37.5	125.5
  38.5	129.5
  39.5	105.5
  40.5	120.5
  41.5	123
  42.5	116.75
  43.5	116.125
  44.5	121
  45.5	128.5
  46.5	121
  47.5	117.125
  48.5	103.5
  49.5	127
  50.5	106
  51.5	94.3333
  52.5	116
  53.5	126
  54.5	116.5
  55.5	105
  56.5	111.5
  57.5	107.5
  58.5	119.5
  59.5	137.625
  60.5	116
  61.5	125.5
  62.5	125.333
  63.5	124.625
  64.5	119.833
  65.5	127.833
  66.5	121.5
  67.5	114.125
  68.5	134
  69.5	85.5
  70.5	123
  71.5	115.333
  72.5	110
  73.5	118.2
  74.5	114.5
  75.5	124.5
  76.5	115.5
  77.5	116.5
  78.5	123
  79.5	98.125
  80.5	116.5
  81.5	105.5
  82.5	104.5
  83.5	115.458
  84.5	123
  85.5	126
  86.5	103
  87.5	95.625
  88.5	119.5
  89.5	107
  90.5	106.5
  91.5	112.5
  92.5	102.5
  93.5	103
  94.5	89.3333
  95.5	104.5
  96.5	104
  97.5	109.833
  98.5	123
  99.5	123
 100.5	87.5
 101.5	119.5
 102.5	99.5
 103.5	99.5
 104.5	101.5
 105.5	94.5
 106.5	130.5
 107.5	108.5
 108.5	99.5
 109.5	97.5
DB 2 MOTIF	XBP1_HUMAN.H11MO.0.D
-109.5	89
-108.5	90
-107.5	93
-106.5	83
-105.5	92.5
-104.5	82.5
-103.5	72.5
-102.5	70
-101.5	87
-100.5	79.5
 -99.5	89.5
 -98.5	71
 -97.5	89
 -96.5	69.5
 -95.5	99.5
 -94.5	88.5
 -93.5	92.5
 -92.5	96
 -91.5	103
 -90.5	92
 -89.5	77.5
 -88.5	84.5
 -87.5	101
 -86.5	84.5
 -85.5	78
 -84.5	90.75
 -83.5	94
 -82.5	88
 -81.5	77
 -80.5	79.3333
 -79.5	89.5
 -78.5	99
 -77.5	99.5
 -76.5	79
 -75.5	84
 -74.5	96.5
 -73.5	85.5
 -72.5	91
 -71.5	86.3333
 -70.5	103
 -69.5	86
 -68.5	84
 -67.5	75
 -66.5	94
 -65.5	93
 -64.5	99.5
 -63.5	87
 -62.5	87.8333
 -61.5	88.5
 -60.5	107
 -59.5	100.5
 -58.5	91.5
 -57.5	88.5
 -56.5	86
 -55.5	114
 -54.5	106
 -53.5	85
 -52.5	90.8333
 -51.5	92.5
 -50.5	105
 -49.5	103
 -48.5	87.5
 -47.5	87.5
 -46.5	89
 -45.5	90
 -44.5	91
 -43.5	95
 -42.5	100.5
 -41.5	90
 -40.5	105.5
 -39.5	94
 -38.5	107
 -37.5	81
 -36.5	98
 -35.5	86
 -34.5	92
 -33.5	103.5
 -32.5	108.333
 -31.5	108
 -30.5	87
 -29.5	98
 -28.5	83.5
 -27.5	106
 -26.5	86
 -25.5	98.5
 -24.5	102.75
 -23.5	105
 -22.5	120.5
 -21.5	87.5
 -20.5	92
 -19.5	116.5
 -18.5	110
 -17.5	92
 -16.5	117
 -15.5	117.5
 -14.5	122.5
 -13.5	109
 -12.5	110.5
 -11.5	109.5
 -10.5	80.5
  -9.5	107
  -8.5	94
  -7.5	105
  -6.5	97
  -5.5	107
  -4.5	97
  -3.5	110.333
  -2.5	112
  -1.5	98
  -0.5	106
   0.5	108.5
   1.5	101
   2.5	105
   3.5	109.5
   4.5	88.5
   5.5	108
   6.5	82
   7.5	118
   8.5	109.333
   9.5	90.5
  10.5	79.5
  11.5	107
  12.5	87
  13.5	123
  14.5	122
  15.5	102
  16.5	108
  17.5	94
  18.5	94
  19.5	95
  20.5	63
  21.5	101
  22.5	116.5
  23.5	91
  24.5	83
  25.5	97.5
  26.5	87
  27.5	100.5
  28.5	96
  29.5	94
  30.5	101
  31.5	89
  32.5	114
  33.5	102
  34.5	79
  35.5	95.75
  36.5	97
  37.5	78
  38.5	72.5
  39.5	113
  40.5	93
  41.5	86.5
  42.5	97.5
  43.5	102.5
  44.5	90.5
  45.5	98
  46.5	93
  47.5	109.5
  48.5	79
  49.5	95.5
  50.5	79.5
  51.5	81
  52.5	81.8333
  53.5	90
  54.5	92.3333
  55.5	98.5
  56.5	90.5
  57.5	100.5
  58.5	100
  59.5	87
  60.5	106
  61.5	83.5
  62.5	102.5
  63.5	82
  64.5	106.2
  65.5	100
  66.5	97.5
  67.5	93.3333
  68.5	88
  69.5	83.5333
  70.5	58.5
  71.5	76.5
  72.5	82
  73.5	83
  74.5	89.7
  75.5	82.5
  76.5	105.833
  77.5	79
  78.5	108
  79.5	79.2
  80.5	88
  81.5	77
  82.5	91
  83.5	75
  84.5	97.7
  85.5	91.3333
  86.5	115.5
  87.5	96.8333
  88.5	67
  89.5	97
  90.5	84
  91.5	89.75
  92.5	75.5
  93.5	86.5
  94.5	80.5
  95.5	85.5
  96.5	94.5
  97.5	90
  98.5	81
  99.5	90
 100.5	84
 101.5	83.75
 102.5	87
 103.5	80
 104.5	91.5
 105.5	76.8333
 106.5	78.75
 107.5	89
 108.5	88
 109.5	89
DB 2 MOTIF	ZBT14_HUMAN.H11MO.0.C
-110.5	32
-109.5	24.5
-108.5	23.5
-107.5	29.25
-106.5	18
-105.5	21.5
-104.5	22.1667
-103.5	23
-102.5	17
-101.5	26
-100.5	21
 -99.5	25
 -98.5	26
 -97.5	17.75
 -96.5	21
 -95.5	18
 -94.5	24.8333
 -93.5	14.5
 -92.5	21.5
 -91.5	24
 -90.5	19.5
 -89.5	28
 -88.5	16
 -87.5	22
 -86.5	30.2
 -85.5	17
 -84.5	25
 -83.5	23
 -82.5	25
 -81.5	20.5
 -80.5	21.5
 -79.5	25
 -78.5	21.5
 -77.5	24.5
 -76.5	19
 -75.5	21.25
 -74.5	28
 -73.5	24
 -72.5	21
 -71.5	17
 -70.5	19.5
 -69.5	22.25
 -68.5	23
 -67.5	33.2
 -66.5	20.5
 -65.5	18
 -64.5	21
 -63.5	26
 -62.5	24.5
 -61.5	19.5
 -60.5	32.5
 -59.5	24
 -58.5	32.5
 -57.5	42
 -56.5	26
 -55.5	20
 -54.5	18.5
 -53.5	31.25
 -52.5	22
 -51.5	22
 -50.5	26.5
 -49.5	23
 -48.5	30.5
 -47.5	29
 -46.5	32.6667
 -45.5	35.3333
 -44.5	25
 -43.5	24.5
 -42.5	32
 -41.5	24
 -40.5	27.7
 -39.5	28
 -38.5	26
 -37.5	26
 -36.5	30
 -35.5	30
 -34.5	26.25
 -33.5	30
 -32.5	28.5
 -31.5	32.25
 -30.5	29.5
 -29.5	30
 -28.5	30.5
 -27.5	30.1667
 -26.5	42
 -25.5	38.7
 -24.5	36.5
 -23.5	31
 -22.5	43
 -21.5	39.2
 -20.5	46.5
 -19.5	50.5
 -18.5	56.5
 -17.5	50.5
 -16.5	35.5
 -15.5	47
 -14.5	43
 -13.5	45.5
 -12.5	44.5
 -11.5	47.25
 -10.5	46
  -9.5	47
  -8.5	53.5
  -7.5	65.1667
  -6.5	52.2
  -5.5	69.5
  -4.5	63
  -3.5	47.5
  -2.5	52.5
  -1.5	49
  -0.5	58
   0.5	50
   1.5	46.5
   2.5	57.5
   3.5	58.5
   4.5	49
   5.5	62
   6.5	54.5
   7.5	55.25
   8.5	52
   9.5	48
  10.5	46.5
  11.5	39.6667
  12.5	34
  13.5	57
  14.5	53
  15.5	48
  16.5	48
  17.5	52.5
  18.5	45
  19.5	42.2
  20.5	31
  21.5	46
  22.5	53
  23.5	39.5
  24.5	42.25
  25.5	29
  26.5	29.5
  27.5	26
  28.5	38.5
  29.5	36.5
  30.5	35.3333
  31.5	30
  32.5	34
  33.5	32
  34.5	25
  35.5	35
  36.5	29
  37.5	31
  38.5	26.2
  39.5	34
  40.5	25
  41.5	28
  42.5	29.3333
  43.5	31
  44.5	24
  45.5	28.75
  46.5	27
  47.5	29
  48.5	37
  49.5	17.5
  50.5	20.5
  51.5	25.2
  52.5	23
  53.5	29
  54.5	34.5
  55.5	31
  56.5	23.5
  57.5	20
  58.5	21.5
  59.5	21
  60.5	37
  61.5	34
  62.5	26
  63.5	27.5
  64.5	24.5
  65.5	26.5
  66.5	26.5
  67.5	22.5
  68.5	23
  69.5	19.5
  70.5	26.5
  71.5	26.5
  72.5	27
  73.5	27
  74.5	23
  75.5	23.5
  76.5	25
  77.5	17
  78.5	21.5
  79.5	13.5
  80.5	17.3333
  81.5	19
  82.5	20.25
  83.5	21.5
  84.5	29
  85.5	24
  86.5	21.5
  87.5	21.5
  88.5	28
  89.5	14.1667
  90.5	25
  91.5	28
  92.5	22
  93.5	20.5
  94.5	24.5
  95.5	18
  96.5	30.2
  97.5	19
  98.5	18
  99.5	18
 100.5	17
 101.5	24
 102.5	21
 103.5	19
 104.5	18.8333
 105.5	23
 106.5	23.5
 107.5	30
 108.5	26
 109.5	18.5
 110.5	22
DB 2 MOTIF	ZBT18_HUMAN.H11MO.0.C
-109.5	108.5
-108.5	86
-107.5	105
-106.5	106
-105.5	85.8333
-104.5	81
-103.5	94.5
-102.5	98.3333
-101.5	93.5
-100.5	93.5
 -99.5	101
 -98.5	102
 -97.5	90
 -96.5	75.5
 -95.5	95
 -94.5	86.5
 -93.5	92.5
 -92.5	91
 -91.5	103.75
 -90.5	91
 -89.5	96
 -88.5	102.5
 -87.5	106.833
 -86.5	112
 -85.5	95.5
 -84.5	80.5
 -83.5	102
 -82.5	95
 -81.5	101
 -80.5	109.5
 -79.5	102
 -78.5	99.8333
 -77.5	95.3333
 -76.5	98
 -75.5	89
 -74.5	103.5
 -73.5	92
 -72.5	103.5
 -71.5	88
 -70.5	87.5
 -69.5	90
 -68.5	93
 -67.5	93.5
 -66.5	95.5
 -65.5	99
 -64.5	110.5
 -63.5	103
 -62.5	98.5
 -61.5	93
 -60.5	106
 -59.5	105
 -58.5	89.5
 -57.5	89.5
 -56.5	113
 -55.5	107
 -54.5	86.5
 -53.5	103.833
 -52.5	99.5
 -51.5	110
 -50.5	97.5
 -49.5	124.333
 -48.5	104.5
 -47.5	90
 -46.5	111
 -45.5	100.5
 -44.5	107
 -43.5	131.5
 -42.5	108
 -41.5	91.5
 -40.5	115.5
 -39.5	111.5
 -38.5	109
 -37.5	107
 -36.5	115
 -35.5	92
 -34.5	100.5
 -33.5	112.5
 -32.5	108
 -31.5	104.125
 -30.5	113.5
 -29.5	109.5
 -28.5	105.958
 -27.5	124
 -26.5	122.5
 -25.5	119.958
 -24.5	130.75
 -23.5	130
 -22.5	116.958
 -21.5	136
 -20.5	117
 -19.5	104.625
 -18.5	104.5
 -17.5	123.5
 -16.5	107.125
 -15.5	139.5
 -14.5	122
 -13.5	132.125
 -12.5	119
 -11.5	139
 -10.5	118.125
  -9.5	149
  -8.5	125.5
  -7.5	127
  -6.5	131
  -5.5	149.5
  -4.5	124
  -3.5	150.5
  -2.5	144.5
  -1.5	148
  -0.5	144.25
   0.5	151.5
   1.5	159.5
   2.5	127
   3.5	166.333
   4.5	130.5
   5.5	140.75
   6.5	138
   7.5	137.5
   8.5	142
   9.5	137.5
  10.5	105.5
  11.5	110
  12.5	117
  13.5	128
  14.5	134
  15.5	139.5
  16.5	125.833
  17.5	130.833
  18.5	94.5
  19.5	102.5
  20.5	110
  21.5	124
  22.5	124.5
  23.5	119.5
  24.5	106.5
  25.5	97
  26.5	121.5
  27.5	128.5
  28.5	105.5
  29.5	95.25
  30.5	102.5
  31.5	122
  32.5	103
  33.5	103
  34.5	96.5
  35.5	128
  36.5	108.5
  37.5	114.75
  38.5	116.5
  39.5	116.5
  40.5	103
  41.5	101.25
  42.5	110
  43.5	124.25
  44.5	101
  45.5	100
  46.5	89
  47.5	97
  48.5	107.5
  49.5	120
  50.5	116
  51.5	97.5
  52.5	98.8333
  53.5	101
  54.5	84
  55.5	89.25
  56.5	90
  57.5	100
  58.5	103
  59.5	108
  60.5	109
  61.5	93
  62.5	89
  63.5	99
  64.5	104.5
  65.5	99.5
  66.5	110
  67.5	96
  68.5	83.5
  69.5	91.75
  70.5	95
  71.5	78
  72.5	89.5
  73.5	102.5
  74.5	98.5
  75.5	80.5
  76.5	90.5
  77.5	94.25
  78.5	102
  79.5	84.5
  80.5	109.5
  81.5	93
  82.5	83.5
  83.5	114
  84.5	101.5
  85.5	95.5
  86.5	78
  87.5	85
  88.5	98.5
  89.5	98
  90.5	107.5
  91.5	97
  92.5	91
  93.5	97
  94.5	107.5
  95.5	97
  96.5	112.5
  97.5	66
  98.5	88.5
  99.5	91
 100.5	91.3333
 101.5	87.25
 102.5	84
 103.5	99
 104.5	99.5
 105.5	88
 106.5	102.5
 107.5	92.5
 108.5	91
 109.5	84
DB 2 MOTIF	ZBT48_HUMAN.H11MO.0.C
-109.0	73.5
-108.0	95.5
-107.0	94.5
-106.0	83
-105.0	82.3333
-104.0	100
-103.0	85
-102.0	74.5
-101.0	85
-100.0	88.75
 -99.0	91
 -98.0	82.75
 -97.0	96
 -96.0	80
 -95.0	93
 -94.0	99
 -93.0	92.25
 -92.0	96.5
 -91.0	81
 -90.0	87.5
 -89.0	81
 -88.0	89
 -87.0	98.2
 -86.0	86
 -85.0	84
 -84.0	82
 -83.0	83
 -82.0	80
 -81.0	100
 -80.0	79
 -79.0	103.5
 -78.0	95
 -77.0	92.5
 -76.0	109
 -75.0	90
 -74.0	71
 -73.0	115.5
 -72.0	87
 -71.0	117
 -70.0	87
 -69.0	102
 -68.0	101.5
 -67.0	96
 -66.0	96
 -65.0	91.5
 -64.0	91.5
 -63.0	96.5
 -62.0	102
 -61.0	91
 -60.0	85
 -59.0	92.5
 -58.0	102.5
 -57.0	82
 -56.0	99.5
 -55.0	81
 -54.0	83
 -53.0	100
 -52.0	103
 -51.0	97
 -50.0	99
 -49.0	87.5
 -48.0	106
 -47.0	94.2
 -46.0	90
 -45.0	89
 -44.0	100.5
 -43.0	89
 -42.0	116
 -41.0	103
 -40.0	101.5
 -39.0	108.25
 -38.0	94.25
 -37.0	84.5
 -36.0	100
 -35.0	107
 -34.0	86
 -33.0	104.5
 -32.0	85
 -31.0	114
 -30.0	101.25
 -29.0	122
 -28.0	102
 -27.0	97.5
 -26.0	99
 -25.0	105.5
 -24.0	112
 -23.0	97
 -22.0	112
 -21.0	109
 -20.0	112
 -19.0	130
 -18.0	125
 -17.0	113
 -16.0	112
 -15.0	152.5
 -14.0	135
 -13.0	119
 -12.0	124
 -11.0	119.5
 -10.0	144.5
  -9.0	145
  -8.0	152.5
  -7.0	175.367
  -6.0	159
  -5.0	185
  -4.0	169
  -3.0	174
  -2.0	151
  -1.0	170
   0.0	181
   1.0	170
   2.0	182
   3.0	163
   4.0	157
   5.0	176.5
   6.0	164.5
   7.0	168
   8.0	167.5
   9.0	149
  10.0	161
  11.0	135
  12.0	149
  13.0	150
  14.0	113.5
  15.0	149
  16.0	120.5
  17.0	125
  18.0	149.5
  19.0	110
  20.0	120.5
  21.0	102
  22.0	108.5
  23.0	121
  24.0	117
  25.0	103
  26.0	103
  27.0	101.5
  28.0	126
  29.0	115
  30.0	108.5
  31.0	93
  32.0	101
  33.0	103.45
  34.0	105
  35.0	102.5
  36.0	117.5
  37.0	99.5
  38.0	109
  39.0	96.5
  40.0	106
  41.0	89
  42.0	105
  43.0	104.5
  44.0	101
  45.0	94.5
  46.0	104.333
  47.0	78
  48.0	112
  49.0	95
  50.0	114.5
  51.0	89
  52.0	104
  53.0	98.5
  54.0	85.5
  55.0	73
  56.0	93
  57.0	101.5
  58.0	80
  59.0	85
  60.0	108
  61.0	80.5
  62.0	97
  63.0	87.5
  64.0	89
  65.0	87.5
  66.0	95.5
  67.0	111
  68.0	87.5
  69.0	88.5
  70.0	91
  71.0	80
  72.0	106
  73.0	107.2
  74.0	96.5
  75.0	93
  76.0	79
  77.0	94
  78.0	85
  79.0	87
  80.0	92
  81.0	79
  82.0	95
  83.0	91.5
  84.0	95
  85.0	93
  86.0	91
  87.0	92
  88.0	74
  89.0	94.5
  90.0	83.8333
  91.0	99
  92.0	95
  93.0	87
  94.0	90
  95.0	87
  96.0	82.5833
  97.0	69
  98.0	94.5
  99.0	94.5
 100.0	95.5
 101.0	87
 102.0	92
 103.0	80
 104.0	97
 105.0	79.5
 106.0	77
 107.0	86.5
 108.0	85.5
 109.0	85
DB 2 MOTIF	ZBT7A_HUMAN.H11MO.0.A
-110.5	68.5
-109.5	62.5
-108.5	70.5
-107.5	75.5
-106.5	58
-105.5	78.8333
-104.5	80
-103.5	53
-102.5	80.5
-101.5	71.7
-100.5	72.25
 -99.5	61
 -98.5	65
 -97.5	78.25
 -96.5	53
 -95.5	73.5
 -94.5	72
 -93.5	78.5
 -92.5	64
 -91.5	81.8333
 -90.5	71
 -89.5	82.75
 -88.5	79.3333
 -87.5	69.5
 -86.5	84.5
 -85.5	56
 -84.5	61.5
 -83.5	66.5
 -82.5	53.7
 -81.5	68
 -80.5	72.5
 -79.5	66.5
 -78.5	75
 -77.5	49
 -76.5	62
 -75.5	92.5
 -74.5	83.2
 -73.5	71
 -72.5	83
 -71.5	72
 -70.5	67
 -69.5	64.3333
 -68.5	76.5
 -67.5	98
 -66.5	81
 -65.5	75.5
 -64.5	64
 -63.5	68
 -62.5	84.25
 -61.5	79.5
 -60.5	60
 -59.5	69
 -58.5	65
 -57.5	70
 -56.5	67.7
 -55.5	79
 -54.5	74
 -53.5	64
 -52.5	82
 -51.5	74.5
 -50.5	60
 -49.5	75
 -48.5	76.8333
 -47.5	64
 -46.5	72
 -45.5	66
 -44.5	76.5
 -43.5	78.5
 -42.5	71.0333
 -41.5	79.5
 -40.5	95
 -39.5	77.5
 -38.5	70.5
 -37.5	84.95
 -36.5	68
 -35.5	78.5
 -34.5	75
 -33.5	70
 -32.5	75
 -31.5	82
 -30.5	84
 -29.5	74
 -28.5	76
 -27.5	79.2
 -26.5	67
 -25.5	79.5
 -24.5	87.7
 -23.5	69.5
 -22.5	117
 -21.5	91
 -20.5	126.5
 -19.5	127
 -18.5	132.5
 -17.5	128
 -16.5	146
 -15.5	146
 -14.5	141.5
 -13.5	145.5
 -12.5	158
 -11.5	146
 -10.5	136.5
  -9.5	164
  -8.5	170
  -7.5	208.333
  -6.5	206.833
  -5.5	214.5
  -4.5	202.2
  -3.5	189.833
  -2.5	199.95
  -1.5	177
  -0.5	184.2
   0.5	176.5
   1.5	205.2
   2.5	197.5
   3.5	201
   4.5	187
   5.5	185.5
   6.5	207.333
   7.5	175.25
   8.5	172
   9.5	164
  10.5	147.5
  11.5	143
  12.5	120.5
  13.5	153.333
  14.5	143.2
  15.5	132
  16.5	136
  17.5	121.75
  18.5	104
  19.5	132
  20.5	82.5
  21.5	98.25
  22.5	88.75
  23.5	93
  24.5	99
  25.5	95.5
  26.5	84.5
  27.5	82
  28.5	94.5
  29.5	93
  30.5	104.5
  31.5	76
  32.5	62
  33.5	84.5
  34.5	79.5
  35.5	83.5
  36.5	79.7
  37.5	68.2
  38.5	68.5
  39.5	80.5
  40.5	82
  41.5	86
  42.5	86.5
  43.5	58.5
  44.5	58.5
  45.5	71.8333
  46.5	67.5
  47.5	83
  48.5	82.5
  49.5	86.5
  50.5	72.5
  51.5	75.5
  52.5	84.5
  53.5	80
  54.5	61.5
  55.5	61.6667
  56.5	71.8333
  57.5	80.7
  58.5	75.5
  59.5	78.8333
  60.5	82
  61.5	67.5
  62.5	61
  63.5	72.6667
  64.5	64.7
  65.5	70
  66.5	55.5
  67.5	85
  68.5	71
  69.5	65
  70.5	54.2
  71.5	87.6667
  72.5	69.5
  73.5	85.2
  74.5	62
  75.5	67.5
  76.5	70.7
  77.5	78.2
  78.5	80
  79.5	58.6667
  80.5	84.5
  81.5	65
  82.5	62.45
  83.5	65.5833
  84.5	71.7
  85.5	80.5
  86.5	77.5
  87.5	72.1667
  88.5	71.0333
  89.5	65.5
  90.5	62.5
  91.5	69
  92.5	67.7
  93.5	64
  94.5	57.5
  95.5	74
  96.5	83
  97.5	52
  98.5	65
  99.5	66
 100.5	86
 101.5	62
 102.5	69
 103.5	64
 104.5	61.5
 105.5	76
 106.5	61.5
 107.5	60
 108.5	68.8333
 109.5	73
 110.5	62.5
DB 2 MOTIF	ZBT7B_HUMAN.H11MO.0.D
-104.5	13.5
-103.5	28
-102.5	21
-101.5	18
-100.5	24
 -99.5	29.5
 -98.5	20
 -97.5	23.5
 -96.5	22
 -95.5	29
 -94.5	18
 -93.5	26
 -92.5	20
 -91.5	22
 -90.5	18
 -89.5	32
 -88.5	20
 -87.5	17
 -86.5	20
 -85.5	22
 -84.5	32
 -83.5	27
 -82.5	22
 -81.5	23
 -80.5	27
 -79.5	16
 -78.5	25
 -77.5	26.5
 -76.5	16
 -75.5	26
 -74.5	24
 -73.5	22
 -72.5	26
 -71.5	29
 -70.5	26
 -69.5	24
 -68.5	23
 -67.5	15
 -66.5	25
 -65.5	18
 -64.5	18
 -63.5	20
 -62.5	21
 -61.5	23
 -60.5	24
 -59.5	28
 -58.5	34
 -57.5	19
 -56.5	9
 -55.5	24
 -54.5	14
 -53.5	22
 -52.5	29
 -51.5	22.5
 -50.5	21
 -49.5	17
 -48.5	27
 -47.5	27
 -46.5	21.5
 -45.5	27
 -44.5	18
 -43.5	26
 -42.5	25
 -41.5	20
 -40.5	22
 -39.5	17
 -38.5	22
 -37.5	32
 -36.5	23
 -35.5	19
 -34.5	31
 -33.5	29
 -32.5	29
 -31.5	29.5
 -30.5	23
 -29.5	28
 -28.5	16
 -27.5	20
 -26.5	10
 -25.5	26
 -24.5	23
 -23.5	20
 -22.5	35
 -21.5	29.5
 -20.5	34
 -19.5	22
 -18.5	17
 -17.5	18
 -16.5	23
 -15.5	26
 -14.5	28
 -13.5	30
 -12.5	41
 -11.5	26
 -10.5	29
  -9.5	33
  -8.5	28
  -7.5	29
  -6.5	25
  -5.5	30
  -4.5	26
  -3.5	28.5
  -2.5	24
  -1.5	21.5
  -0.5	27
   0.5	23
   1.5	28
   2.5	26
   3.5	33
   4.5	20
   5.5	29
   6.5	31
   7.5	28
   8.5	35
   9.5	33
  10.5	24
  11.5	27
  12.5	30
  13.5	32
  14.5	34
  15.5	25
  16.5	18.5
  17.5	26
  18.5	25
  19.5	27
  20.5	24
  21.5	32
  22.5	33
  23.5	25
  24.5	25
  25.5	20
  26.5	28
  27.5	25
  28.5	32
  29.5	23
  30.5	13
  31.5	19
  32.5	20
  33.5	25
  34.5	25
  35.5	19
  36.5	20
  37.5	24
  38.5	24
  39.5	21
  40.5	32
  41.5	20.5
  42.5	36
  43.5	24
  44.5	29
  45.5	22
  46.5	28.5
  47.5	26
  48.5	21
  49.5	18
  50.5	23
  51.5	23
  52.5	22
  53.5	25
  54.5	26
  55.5	32
  56.5	17
  57.5	19
  58.5	23
  59.5	31
  60.5	16
  61.5	25
  62.5	24
  63.5	32
  64.5	29
  65.5	24.5
  66.5	18
  67.5	26
  68.5	21
  69.5	19
  70.5	21
  71.5	19
  72.5	27
  73.5	21
  74.5	25
  75.5	17
  76.5	23
  77.5	22
  78.5	17
  79.5	19
  80.5	28
  81.5	26
  82.5	16
  83.5	28
  84.5	15
  85.5	27
  86.5	20
  87.5	23
  88.5	21
  89.5	27
  90.5	26
  91.5	26
  92.5	27
  93.5	24
  94.5	21
  95.5	15
  96.5	20
  97.5	22
  98.5	21
  99.5	28
 100.5	14
 101.5	23
 102.5	20
 103.5	15
 104.5	28
DB 2 MOTIF	ZBTB4_HUMAN.H11MO.0.D
-106.5	8
-105.5	3
-104.5	5
-103.5	5
-102.5	5
-101.5	2
-100.5	4
 -99.5	5
 -98.5	3
 -97.5	5
 -96.5	9
 -95.5	5
 -94.5	6
 -93.5	4
 -92.5	6
 -91.5	10
 -90.5	5
 -89.5	4
 -88.5	7
 -87.5	5
 -86.5	7
 -85.5	3
 -84.5	6
 -83.5	10
 -82.5	3
 -81.5	10
 -80.5	4
 -79.5	3.5
 -78.5	8
 -77.5	3
 -76.5	4
 -75.5	9
 -74.5	4
 -73.5	9
 -72.5	8
 -71.5	6
 -70.5	9
 -69.5	5
 -68.5	2
 -67.5	7
 -66.5	4
 -65.5	6
 -64.5	5
 -63.5	11
 -62.5	7
 -61.5	6
 -60.5	7
 -59.5	9
 -58.5	10
 -57.5	9
 -56.5	12
 -55.5	4
 -54.5	7
 -53.5	4
 -52.5	2
 -51.5	6
 -50.5	6
 -49.5	2
 -48.5	2
 -47.5	6
 -46.5	7
 -45.5	3
 -44.5	11
 -43.5	5
 -42.5	6
 -41.5	3
 -40.5	4
 -39.5	4
 -38.5	5
 -37.5	6
 -36.5	3
 -35.5	6
 -34.5	6
 -33.5	4
 -32.5	5
 -31.5	3
 -30.5	5
 -29.5	5
 -28.5	4
 -27.5	7
 -26.5	5
 -25.5	4
 -24.5	3
 -23.5	4
 -22.5	5
 -21.5	6
 -20.5	7
 -19.5	7
 -18.5	11
 -17.5	14
 -16.5	7
 -15.5	4
 -14.5	12
 -13.5	13
 -12.5	10
 -11.5	11.5
 -10.5	8
  -9.5	8
  -8.5	14
  -7.5	14
  -6.5	12
  -5.5	12
  -4.5	17
  -3.5	11
  -2.5	13
  -1.5	13
  -0.5	16
   0.5	12
   1.5	12
   2.5	6
   3.5	13
   4.5	8
   5.5	15.5
   6.5	8
   7.5	14
   8.5	4
   9.5	12
  10.5	15
  11.5	8
  12.5	9
  13.5	10
  14.5	10
  15.5	8
  16.5	7
  17.5	9
  18.5	11
  19.5	6
  20.5	9
  21.5	5
  22.5	7
  23.5	5
  24.5	3
  25.5	13
  26.5	3
  27.5	7
  28.5	8
  29.5	10
  30.5	5
  31.5	6
  32.5	4
  33.5	1
  34.5	8
  35.5	5
  36.5	6
  37.5	8
  38.5	7
  39.5	7
  40.5	5
  41.5	7
  42.5	7
  43.5	5
  44.5	4
  45.5	5
  46.5	7
  47.5	3
  48.5	9
  49.5	4
  50.5	11
  51.5	1
  52.5	6
  53.5	6
  54.5	2
  55.5	7
  56.5	7
  57.5	11
  58.5	6
  59.5	9
  60.5	4
  61.5	3
  62.5	6
  63.5	5
  64.5	4
  65.5	7
  66.5	5
  67.5	5
  68.5	6
  69.5	6
  70.5	6
  71.5	1
  72.5	7
  73.5	4
  74.5	4
  75.5	7
  76.5	4
  77.5	4
  78.5	1
  79.5	5
  80.5	3
  81.5	9
  82.5	4
  83.5	2
  84.5	3
  85.5	4
  86.5	5
  87.5	4
  88.5	5
  89.5	3
  90.5	2
  91.5	8
  92.5	3
  93.5	5
  94.5	4
  95.5	2
  96.5	3
  97.5	4
  98.5	2
  99.5	5
 100.5	7
 101.5	5
 102.5	7.5
 103.5	7
 104.5	5
 105.5	7
 106.5	8
DB 2 MOTIF	ZBTB4_HUMAN.H11MO.1.D
-107.5	33
-106.5	35
-105.5	26
-104.5	38
-103.5	32
-102.5	38
-101.5	32
-100.5	27
 -99.5	18
 -98.5	36
 -97.5	29
 -96.5	34
 -95.5	45
 -94.5	31
 -93.5	30
 -92.5	35
 -91.5	45
 -90.5	33
 -89.5	46
 -88.5	42
 -87.5	44.5
 -86.5	42
 -85.5	30
 -84.5	37
 -83.5	40
 -82.5	41
 -81.5	41
 -80.5	39
 -79.5	38
 -78.5	33.5
 -77.5	39.5
 -76.5	38
 -75.5	36
 -74.5	37
 -73.5	39
 -72.5	28
 -71.5	39
 -70.5	28
 -69.5	26.3333
 -68.5	32
 -67.5	35
 -66.5	31.5
 -65.5	45
 -64.5	29
 -63.5	34
 -62.5	28
 -61.5	41
 -60.5	38
 -59.5	35.5
 -58.5	45
 -57.5	34
 -56.5	31
 -55.5	31
 -54.5	37
 -53.5	41
 -52.5	33
 -51.5	28
 -50.5	38
 -49.5	33
 -48.5	34
 -47.5	27
 -46.5	22
 -45.5	28
 -44.5	40
 -43.5	40
 -42.5	35.5
 -41.5	36
 -40.5	36
 -39.5	32
 -38.5	25
 -37.5	41
 -36.5	44
 -35.5	44
 -34.5	35
 -33.5	33.5
 -32.5	38
 -31.5	42
 -30.5	37
 -29.5	32
 -28.5	37
 -27.5	33
 -26.5	37
 -25.5	29
 -24.5	58
 -23.5	44
 -22.5	41
 -21.5	34
 -20.5	33
 -19.5	38
 -18.5	24
 -17.5	45
 -16.5	34
 -15.5	33
 -14.5	45
 -13.5	35
 -12.5	30
 -11.5	32
 -10.5	50
  -9.5	32
  -8.5	43
  -7.5	51
  -6.5	36
  -5.5	37
  -4.5	40.5
  -3.5	45
  -2.5	37
  -1.5	35
  -0.5	34
   0.5	40.5
   1.5	44
   2.5	44
   3.5	44
   4.5	37
   5.5	41
   6.5	45.5
   7.5	41
   8.5	34
   9.5	40
  10.5	47
  11.5	51
  12.5	40
  13.5	28
  14.5	39
  15.5	45
  16.5	44
  17.5	34
  18.5	31
  19.5	43
  20.5	42
  21.5	33
  22.5	36.5
  23.5	34
  24.5	27
  25.5	34
  26.5	33
  27.5	47
  28.5	37
  29.5	27
  30.5	30
  31.5	28
  32.5	41
  33.5	36
  34.5	35
  35.5	30
  36.5	36.3333
  37.5	39
  38.5	37
  39.5	44
  40.5	38
  41.5	40.5
  42.5	37
  43.5	40
  44.5	43
  45.5	31
  46.5	32
  47.5	34
  48.5	39
  49.5	30
  50.5	45
  51.5	32
  52.5	25.5
  53.5	39
  54.5	30
  55.5	33
  56.5	26
  57.5	39
  58.5	37
  59.5	36
  60.5	35
  61.5	36.5
  62.5	38
  63.5	28
  64.5	37
  65.5	32
  66.5	35
  67.5	40
  68.5	32
  69.5	36
  70.5	39
  71.5	43
  72.5	35
  73.5	33
  74.5	52
  75.5	45
  76.5	33
  77.5	29
  78.5	33
  79.5	31
  80.5	51
  81.5	40
  82.5	36
  83.5	44
  84.5	47
  85.5	38
  86.5	31
  87.5	43
  88.5	32
  89.5	38.3333
  90.5	34
  91.5	25
  92.5	27
  93.5	43.5
  94.5	37
  95.5	38
  96.5	37
  97.5	35
  98.5	36
  99.5	32
 100.5	29
 101.5	27
 102.5	44
 103.5	43
 104.5	30
 105.5	34
 106.5	32
 107.5	23.5
DB 2 MOTIF	ZBTB6_HUMAN.H11MO.0.C
-108.5	90
-107.5	77
-106.5	72.5
-105.5	81.5
-104.5	74.5
-103.5	85
-102.5	75.3333
-101.5	84
-100.5	67
 -99.5	80
 -98.5	65
 -97.5	86
 -96.5	76.5
 -95.5	82
 -94.5	70
 -93.5	68.5
 -92.5	89
 -91.5	65
 -90.5	90
 -89.5	80
 -88.5	81
 -87.5	75.5
 -86.5	75
 -85.5	77
 -84.5	85
 -83.5	88
 -82.5	67
 -81.5	76
 -80.5	64
 -79.5	59
 -78.5	78
 -77.5	73.5
 -76.5	68.5
 -75.5	83
 -74.5	84.3333
 -73.5	78
 -72.5	67
 -71.5	80.5
 -70.5	71.5
 -69.5	87
 -68.5	88
 -67.5	67.5
 -66.5	84
 -65.5	84
 -64.5	83.5
 -63.5	99
 -62.5	89
 -61.5	77
 -60.5	91
 -59.5	85
 -58.5	98
 -57.5	72
 -56.5	83
 -55.5	99
 -54.5	77.5
 -53.5	76
 -52.5	75
 -51.5	79.3333
 -50.5	88
 -49.5	100
 -48.5	87
 -47.5	110
 -46.5	73
 -45.5	92
 -44.5	84
 -43.5	94
 -42.5	99.5
 -41.5	92.5
 -40.5	83
 -39.5	98
 -38.5	79.5
 -37.5	98
 -36.5	80
 -35.5	81
 -34.5	79.5
 -33.5	93
 -32.5	68
 -31.5	89
 -30.5	87
 -29.5	95
 -28.5	82
 -27.5	73
 -26.5	83
 -25.5	88.5
 -24.5	104.5
 -23.5	99
 -22.5	94
 -21.5	91.5
 -20.5	80
 -19.5	109
 -18.5	99
 -17.5	93.5
 -16.5	95.5
 -15.5	96.5
 -14.5	112.5
 -13.5	115.5
 -12.5	118
 -11.5	117.833
 -10.5	104.5
  -9.5	99.5
  -8.5	114
  -7.5	113
  -6.5	103
  -5.5	88
  -4.5	97
  -3.5	103.5
  -2.5	115
  -1.5	111
  -0.5	102
   0.5	102
   1.5	81.5
   2.5	102
   3.5	117.5
   4.5	104.5
   5.5	119
   6.5	114.5
   7.5	116.5
   8.5	119.25
   9.5	98
  10.5	129
  11.5	117
  12.5	129
  13.5	110.5
  14.5	108
  15.5	109.333
  16.5	93
  17.5	93
  18.5	112
  19.5	112
  20.5	100.5
  21.5	89
  22.5	86.8333
  23.5	72
  24.5	78
  25.5	96
  26.5	87.5
  27.5	92
  28.5	87.5
  29.5	109.5
  30.5	91
  31.5	97.5
  32.5	94
  33.5	85
  34.5	90
  35.5	88
  36.5	108.5
  37.5	85.5
  38.5	87.5
  39.5	94
  40.5	93.75
  41.5	80
  42.5	93
  43.5	91.5
  44.5	87
  45.5	99
  46.5	99
  47.5	60.5
  48.5	77
  49.5	70.5
  50.5	81
  51.5	76.6667
  52.5	79
  53.5	80
  54.5	87
  55.5	90.3333
  56.5	95
  57.5	82
  58.5	95
  59.5	73.3333
  60.5	81
  61.5	81
  62.5	76
  63.5	66
  64.5	88.5
  65.5	92
  66.5	79
  67.5	93.5
  68.5	84.5
  69.5	67
  70.5	76
  71.5	79
  72.5	67.25
  73.5	87
  74.5	76
  75.5	76
  76.5	76.3333
  77.5	90.5
  78.5	75
  79.5	75
  80.5	78
  81.5	81
  82.5	81.3333
  83.5	86
  84.5	74
  85.5	74
  86.5	87.5
  87.5	95.3333
  88.5	74.3333
  89.5	70
  90.5	82
  91.5	84
  92.5	69
  93.5	69
  94.5	68.5
  95.5	72
  96.5	89
  97.5	84.5
  98.5	84
  99.5	80
 100.5	75.5
 101.5	78
 102.5	59
 103.5	77.3333
 104.5	79.25
 105.5	93
 106.5	72
 107.5	86
 108.5	76
DB 2 MOTIF	ZEB1_HUMAN.H11MO.0.A
-110.0	105.5
-109.0	100
-108.0	117.25
-107.0	95.5
-106.0	116.5
-105.0	105.5
-104.0	121.75
-103.0	105.5
-102.0	120.5
-101.0	119.5
-100.0	110.083
 -99.0	111.2
 -98.0	121.5
 -97.0	114
 -96.0	121.75
 -95.0	101
 -94.0	109.2
 -93.0	106
 -92.0	129
 -91.0	127
 -90.0	93.5
 -89.0	97.7
 -88.0	112
 -87.0	109
 -86.0	104.5
 -85.0	108.5
 -84.0	121.7
 -83.0	112.5
 -82.0	108.5
 -81.0	125
 -80.0	105
 -79.0	136.7
 -78.0	114.333
 -77.0	117
 -76.0	119.5
 -75.0	113.5
 -74.0	107
 -73.0	126.5
 -72.0	102.5
 -71.0	114.5
 -70.0	133.5
 -69.0	119
 -68.0	109
 -67.0	113
 -66.0	109.5
 -65.0	126
 -64.0	130
 -63.0	112
 -62.0	107.5
 -61.0	136
 -60.0	108
 -59.0	116
 -58.0	100.5
 -57.0	131.5
 -56.0	119.833
 -55.0	108
 -54.0	117
 -53.0	120
 -52.0	121
 -51.0	122.5
 -50.0	122.5
 -49.0	111.333
 -48.0	114
 -47.0	126.5
 -46.0	104
 -45.0	130.5
 -44.0	115.5
 -43.0	123.5
 -42.0	104.5
 -41.0	118
 -40.0	114.5
 -39.0	116
 -38.0	123.5
 -37.0	112
 -36.0	128.5
 -35.0	116
 -34.0	108.5
 -33.0	98
 -32.0	121.333
 -31.0	141
 -30.0	110.75
 -29.0	117.5
 -28.0	118
 -27.0	139
 -26.0	128
 -25.0	129
 -24.0	138
 -23.0	136
 -22.0	126
 -21.0	114
 -20.0	124
 -19.0	127
 -18.0	114
 -17.0	120
 -16.0	107.5
 -15.0	106.5
 -14.0	125
 -13.0	137
 -12.0	133
 -11.0	139
 -10.0	158
  -9.0	149
  -8.0	118.25
  -7.0	139
  -6.0	161
  -5.0	157.5
  -4.0	162.5
  -3.0	160
  -2.0	190
  -1.0	149
   0.0	164
   1.0	152.5
   2.0	151.5
   3.0	147.5
   4.0	154
   5.0	149
   6.0	142.5
   7.0	141.5
   8.0	143.5
   9.0	151
  10.0	148.5
  11.0	109
  12.0	124.333
  13.0	134
  14.0	130.333
  15.0	134
  16.0	125.333
  17.0	125
  18.0	120.5
  19.0	131
  20.0	149.25
  21.0	126
  22.0	118
  23.0	139
  24.0	121
  25.0	126
  26.0	113.5
  27.0	129
  28.0	138
  29.0	121.5
  30.0	125
  31.0	113.5
  32.0	129.5
  33.0	134.75
  34.0	109
  35.0	111
  36.0	141.5
  37.0	96.5
  38.0	126.5
  39.0	94.5
  40.0	114
  41.0	125
  42.0	126.5
  43.0	127
  44.0	128.5
  45.0	112
  46.0	113
  47.0	100.5
  48.0	118
  49.0	96
  50.0	136.75
  51.0	106.333
  52.0	90.5
  53.0	127.5
  54.0	136.5
  55.0	98
  56.0	130
  57.0	103.5
  58.0	129
  59.0	121.5
  60.0	120.5
  61.0	115
  62.0	101.5
  63.0	117.5
  64.0	111.333
  65.0	112
  66.0	110
  67.0	126.5
  68.0	119.25
  69.0	110
  70.0	115.333
  71.0	117.5
  72.0	124
  73.0	125
  74.0	109
  75.0	112
  76.0	118.5
  77.0	108.833
  78.0	91
  79.0	121
  80.0	111
  81.0	125.5
  82.0	128.5
  83.0	114
  84.0	122
  85.0	109
  86.0	142.833
  87.0	90.5
  88.0	98
  89.0	109.5
  90.0	110.583
  91.0	108
  92.0	122.5
  93.0	113.5
  94.0	116
  95.0	107
  96.0	105.5
  97.0	115.5
  98.0	102
  99.0	119
 100.0	102
 101.0	108.5
 102.0	129
 103.0	106.25
 104.0	95.3333
 105.0	106
 106.0	105.5
 107.0	102.5
 108.0	113
 109.0	110.5
 110.0	118.5
DB 2 MOTIF	ZEP2_HUMAN.H11MO.0.D
-108.0	98.25
-107.0	89
-106.0	102.5
-105.0	103.5
-104.0	115
-103.0	91.5
-102.0	110
-101.0	102
-100.0	115
 -99.0	110
 -98.0	104
 -97.0	87
 -96.0	94
 -95.0	88
 -94.0	131.833
 -93.0	111
 -92.0	105
 -91.0	101.5
 -90.0	104
 -89.0	100
 -88.0	91
 -87.0	109.5
 -86.0	107
 -85.0	112.5
 -84.0	99.5
 -83.0	99
 -82.0	114
 -81.0	118
 -80.0	100.5
 -79.0	115
 -78.0	111.5
 -77.0	97
 -76.0	103.5
 -75.0	111
 -74.0	94
 -73.0	107
 -72.0	86
 -71.0	107
 -70.0	111.5
 -69.0	117.5
 -68.0	128.5
 -67.0	119
 -66.0	93
 -65.0	101.5
 -64.0	125.5
 -63.0	115.5
 -62.0	88.5
 -61.0	99
 -60.0	106
 -59.0	101
 -58.0	109
 -57.0	111
 -56.0	104.5
 -55.0	114.25
 -54.0	123.333
 -53.0	123
 -52.0	99
 -51.0	93
 -50.0	96.5
 -49.0	111.5
 -48.0	118
 -47.0	101
 -46.0	108
 -45.0	125
 -44.0	139
 -43.0	105.5
 -42.0	116.5
 -41.0	104.5
 -40.0	100.833
 -39.0	101
 -38.0	107.5
 -37.0	101
 -36.0	142
 -35.0	93
 -34.0	114.5
 -33.0	115
 -32.0	100.5
 -31.0	100
 -30.0	107.5
 -29.0	124
 -28.0	95.5
 -27.0	125
 -26.0	121
 -25.0	138.5
 -24.0	142
 -23.0	115
 -22.0	121
 -21.0	112
 -20.0	135
 -19.0	128
 -18.0	118.5
 -17.0	146
 -16.0	145.5
 -15.0	119
 -14.0	110
 -13.0	118
 -12.0	109
 -11.0	108
 -10.0	110
  -9.0	109.5
  -8.0	105.5
  -7.0	110.5
  -6.0	96
  -5.0	100
  -4.0	84
  -3.0	94.5
  -2.0	103.25
  -1.0	90.5
   0.0	82
   1.0	100
   2.0	87
   3.0	71
   4.0	106
   5.0	75
   6.0	106
   7.0	108
   8.0	98
   9.0	106
  10.0	87
  11.0	110
  12.0	131
  13.0	139
  14.0	122.5
  15.0	131.5
  16.0	128
  17.0	114.5
  18.0	147
  19.0	111.333
  20.0	119
  21.0	128
  22.0	125
  23.0	98
  24.0	102.5
  25.0	140.5
  26.0	139
  27.0	106
  28.0	112
  29.0	129
  30.0	119
  31.0	137.5
  32.0	127
  33.0	106
  34.0	116
  35.0	137
  36.0	131.5
  37.0	127
  38.0	131
  39.0	131
  40.0	106
  41.0	104.5
  42.0	120
  43.0	111
  44.0	135
  45.0	102.5
  46.0	128
  47.0	103
  48.0	116.5
  49.0	110.833
  50.0	118
  51.0	121.75
  52.0	111.5
  53.0	128.5
  54.0	114
  55.0	99.5
  56.0	124
  57.0	108
  58.0	111.5
  59.0	108
  60.0	120
  61.0	99.5
  62.0	102
  63.0	109.333
  64.0	116.5
  65.0	110.5
  66.0	117.5
  67.0	80
  68.0	96
  69.0	106
  70.0	96
  71.0	104
  72.0	120
  73.0	106
  74.0	106.5
  75.0	108
  76.0	109
  77.0	123
  78.0	105
  79.0	111
  80.0	125
  81.0	104
  82.0	95
  83.0	92
  84.0	107.5
  85.0	100
  86.0	98
  87.0	110
  88.0	128
  89.0	109.5
  90.0	108
  91.0	97.5
  92.0	92
  93.0	94.5
  94.0	114
  95.0	116
  96.0	122
  97.0	118
  98.0	105.5
  99.0	105.5
 100.0	97
 101.0	101
 102.0	109
 103.0	101
 104.0	114
 105.0	112
 106.0	102.5
 107.0	98
 108.0	115
DB 2 MOTIF	ZF64A_HUMAN.H11MO.0.D
-107.0	69
-106.0	70
-105.0	62
-104.0	62.5
-103.0	77
-102.0	67
-101.0	66
-100.0	54
 -99.0	61.5
 -98.0	80
 -97.0	58
 -96.0	79
 -95.0	65.5
 -94.0	71.8333
 -93.0	58
 -92.0	67
 -91.0	76
 -90.0	67
 -89.0	54
 -88.0	47
 -87.0	66.5
 -86.0	60.5
 -85.0	65
 -84.0	56.5
 -83.0	73
 -82.0	93
 -81.0	62
 -80.0	74
 -79.0	73.5
 -78.0	86
 -77.0	84
 -76.0	65
 -75.0	65.3333
 -74.0	71
 -73.0	69
 -72.0	80
 -71.0	61.5
 -70.0	66
 -69.0	73
 -68.0	76
 -67.0	60
 -66.0	77
 -65.0	85
 -64.0	76
 -63.0	83
 -62.0	81
 -61.0	74
 -60.0	72
 -59.0	68
 -58.0	78
 -57.0	77
 -56.0	83
 -55.0	62
 -54.0	64
 -53.0	85.5
 -52.0	75.5
 -51.0	71.5
 -50.0	69
 -49.0	100
 -48.0	85
 -47.0	78
 -46.0	73
 -45.0	79.5
 -44.0	76.5
 -43.0	76
 -42.0	74.5
 -41.0	92.8333
 -40.0	98
 -39.0	75
 -38.0	80
 -37.0	91.5
 -36.0	72
 -35.0	76
 -34.0	82.25
 -33.0	74
 -32.0	85
 -31.0	73
 -30.0	92
 -29.0	94.5
 -28.0	77
 -27.0	75.5
 -26.0	97
 -25.0	62
 -24.0	73
 -23.0	67
 -22.0	68.5
 -21.0	79
 -20.0	62
 -19.0	71
 -18.0	56
 -17.0	72
 -16.0	56
 -15.0	73
 -14.0	62.5
 -13.0	91
 -12.0	74.3333
 -11.0	95
 -10.0	66
  -9.0	84
  -8.0	87
  -7.0	66
  -6.0	69
  -5.0	70
  -4.0	69
  -3.0	79.5
  -2.0	76.5
  -1.0	70
   0.0	67
   1.0	79
   2.0	78
   3.0	86.25
   4.0	81
   5.0	75
   6.0	55.5
   7.0	72.5
   8.0	80
   9.0	77
  10.0	82
  11.0	63
  12.0	71.3333
  13.0	82
  14.0	82
  15.0	65
  16.0	56
  17.0	50.5
  18.0	80
  19.0	75.5
  20.0	82.5
  21.0	90
  22.0	85
  23.0	80.3333
  24.0	83
  25.0	82
  26.0	88
  27.0	91.5
  28.0	80.5
  29.0	67
  30.0	76
  31.0	87
  32.0	70
  33.0	84
  34.0	91
  35.0	72
  36.0	66.5
  37.0	85
  38.0	77.5
  39.0	72
  40.0	88.75
  41.0	70
  42.0	78.5
  43.0	66
  44.0	69
  45.0	73
  46.0	63
  47.0	64.5
  48.0	86
  49.0	60
  50.0	83.5
  51.0	71.3333
  52.0	83
  53.0	78
  54.0	93
  55.0	76
  56.0	80.5
  57.0	55
  58.0	85
  59.0	67.8333
  60.0	79
  61.0	90
  62.0	70
  63.0	76
  64.0	72
  65.0	78
  66.0	63.5
  67.0	86
  68.0	65.5
  69.0	69
  70.0	81
  71.0	63
  72.0	88
  73.0	67.5
  74.0	66.5
  75.0	78
  76.0	70
  77.0	83.75
  78.0	75
  79.0	81.5
  80.0	76.5
  81.0	64
  82.0	65
  83.0	53.5
  84.0	66
  85.0	61.5
  86.0	57.5
  87.0	67.5
  88.0	79
  89.0	63
  90.0	67
  91.0	80
  92.0	72
  93.0	66
  94.0	66
  95.0	72.3333
  96.0	53
  97.0	54
  98.0	68
  99.0	91.5
 100.0	76
 101.0	54
 102.0	80
 103.0	77
 104.0	81
 105.0	80.5
 106.0	55
 107.0	74.5
DB 2 MOTIF	ZFP42_HUMAN.H11MO.0.A
-109.0	79
-108.0	60
-107.0	78
-106.0	74
-105.0	77
-104.0	80
-103.0	77
-102.0	69
-101.0	74
-100.0	89
 -99.0	63
 -98.0	73
 -97.0	64.5
 -96.0	72
 -95.0	66.5
 -94.0	82
 -93.0	73
 -92.0	75
 -91.0	65
 -90.0	92.5
 -89.0	74
 -88.0	76
 -87.0	59
 -86.0	90
 -85.0	76
 -84.0	76
 -83.0	74.5
 -82.0	86
 -81.0	86
 -80.0	77
 -79.0	61
 -78.0	88
 -77.0	62
 -76.0	76.25
 -75.0	92
 -74.0	80
 -73.0	68
 -72.0	68.5
 -71.0	76.5
 -70.0	64.5
 -69.0	66
 -68.0	69.5
 -67.0	74
 -66.0	80
 -65.0	74.5
 -64.0	82
 -63.0	69
 -62.0	77
 -61.0	50
 -60.0	57
 -59.0	80
 -58.0	83
 -57.0	89
 -56.0	69
 -55.0	83
 -54.0	88
 -53.0	69
 -52.0	73
 -51.0	83
 -50.0	86.5
 -49.0	65.5
 -48.0	95
 -47.0	70
 -46.0	80
 -45.0	77
 -44.0	74
 -43.0	88
 -42.0	83
 -41.0	91
 -40.0	88.5
 -39.0	84.5
 -38.0	90.5
 -37.0	88
 -36.0	77
 -35.0	80
 -34.0	78
 -33.0	75
 -32.0	80
 -31.0	57.5
 -30.0	64.5
 -29.0	75
 -28.0	86.5
 -27.0	81.5
 -26.0	74
 -25.0	71
 -24.0	76
 -23.0	82
 -22.0	86.5
 -21.0	93
 -20.0	110
 -19.0	106
 -18.0	106.5
 -17.0	106
 -16.0	91
 -15.0	92
 -14.0	84.5
 -13.0	93
 -12.0	92
 -11.0	95.5
 -10.0	97
  -9.0	92
  -8.0	83.5
  -7.0	104.5
  -6.0	95.5
  -5.0	100
  -4.0	94.25
  -3.0	115
  -2.0	90.5
  -1.0	112
   0.0	99
   1.0	94
   2.0	115
   3.0	102
   4.0	117.5
   5.0	96
   6.0	114.5
   7.0	94
   8.0	100
   9.0	88
  10.0	88
  11.0	100.5
  12.0	93
  13.0	84.5
  14.0	93
  15.0	92.5
  16.0	94.5
  17.0	92
  18.0	116
  19.0	120.5
  20.0	86
  21.0	101
  22.0	98.5
  23.0	92
  24.0	72
  25.0	70
  26.0	78
  27.0	72
  28.0	83
  29.0	80
  30.0	80
  31.0	88
  32.0	71
  33.0	76
  34.0	70
  35.0	67
  36.0	79
  37.0	75
  38.0	77
  39.0	72
  40.0	82.5
  41.0	70
  42.0	82
  43.0	64
  44.0	89.5
  45.0	82
  46.0	72.5
  47.0	77
  48.0	85
  49.0	65.5
  50.0	63
  51.0	76
  52.0	61
  53.0	73.5
  54.0	84
  55.0	74
  56.0	69
  57.0	74
  58.0	59
  59.0	71
  60.0	74
  61.0	75
  62.0	80.5
  63.0	81
  64.0	68
  65.0	81.5
  66.0	74
  67.0	79.5
  68.0	89.25
  69.0	69
  70.0	84.5
  71.0	87
  72.0	72
  73.0	68.5
  74.0	81
  75.0	78
  76.0	65.5
  77.0	81
  78.0	78
  79.0	63
  80.0	83
  81.0	66
  82.0	73.5
  83.0	85
  84.0	82
  85.0	73
  86.0	83.25
  87.0	77
  88.0	65
  89.0	85
  90.0	69.5
  91.0	78
  92.0	81
  93.0	75
  94.0	67.5
  95.0	63.5
  96.0	80
  97.0	97
  98.0	67.5
  99.0	70
 100.0	82.5
 101.0	68
 102.0	74
 103.0	74
 104.0	81.5
 105.0	61
 106.0	70
 107.0	67
 108.0	76.5
 109.0	73.5
DB 2 MOTIF	ZFX_HUMAN.H11MO.0.A
-110.0	66
-109.0	69.25
-108.0	79
-107.0	68
-106.0	68
-105.0	75
-104.0	63
-103.0	68
-102.0	71.2
-101.0	70
-100.0	81
 -99.0	70
 -98.0	60
 -97.0	55.3333
 -96.0	73.5
 -95.0	68.5
 -94.0	87
 -93.0	79.5
 -92.0	67
 -91.0	81
 -90.0	86.3333
 -89.0	72.25
 -88.0	74
 -87.0	67
 -86.0	57
 -85.0	77.5
 -84.0	57.2
 -83.0	71
 -82.0	81
 -81.0	69.5
 -80.0	82
 -79.0	65.5
 -78.0	74.2
 -77.0	53.5
 -76.0	75
 -75.0	80.5
 -74.0	71
 -73.0	68
 -72.0	79.2
 -71.0	84
 -70.0	76
 -69.0	59.5
 -68.0	71.5
 -67.0	89.5
 -66.0	75.2
 -65.0	84.5
 -64.0	80
 -63.0	75
 -62.0	66
 -61.0	60
 -60.0	62.2
 -59.0	67
 -58.0	77
 -57.0	76.5
 -56.0	77
 -55.0	78
 -54.0	67
 -53.0	66.5
 -52.0	82
 -51.0	71.5
 -50.0	71.5
 -49.0	97.7
 -48.0	80.25
 -47.0	75
 -46.0	79
 -45.0	68.5
 -44.0	74
 -43.0	79
 -42.0	77.5
 -41.0	81
 -40.0	82
 -39.0	80.5
 -38.0	79.5
 -37.0	87
 -36.0	81
 -35.0	85
 -34.0	80.3333
 -33.0	81
 -32.0	65
 -31.0	88
 -30.0	89.25
 -29.0	79.75
 -28.0	78.5
 -27.0	89.5
 -26.0	78.5
 -25.0	83.3333
 -24.0	96.5
 -23.0	82
 -22.0	90
 -21.0	80
 -20.0	93.5
 -19.0	87.5
 -18.0	106
 -17.0	94
 -16.0	81
 -15.0	80.5
 -14.0	77.5
 -13.0	77.5
 -12.0	65.5
 -11.0	64
 -10.0	54
  -9.0	72
  -8.0	67.5
  -7.0	72
  -6.0	79
  -5.0	75.5
  -4.0	81
  -3.0	74
  -2.0	73
  -1.0	77
   0.0	64
   1.0	89
   2.0	83
   3.0	74.5
   4.0	70.2
   5.0	64.5
   6.0	78
   7.0	78.25
   8.0	71
   9.0	67.5
  10.0	66.5
  11.0	61
  12.0	66
  13.0	77.75
  14.0	84
  15.0	92
  16.0	85.8333
  17.0	95.5
  18.0	98
  19.0	77.5
  20.0	75.3333
  21.0	78
  22.0	63
  23.0	103.333
  24.0	94
  25.0	76.5
  26.0	90
  27.0	65
  28.0	77
  29.0	82.5
  30.0	87.5
  31.0	79.75
  32.0	72
  33.0	52
  34.0	71.5
  35.0	74
  36.0	92.5
  37.0	69.5
  38.0	71.5
  39.0	87
  40.0	63.5
  41.0	78
  42.0	80.5
  43.0	73
  44.0	84.75
  45.0	85
  46.0	74.5
  47.0	74
  48.0	75
  49.0	78
  50.0	75
  51.0	76.5
  52.0	69.5
  53.0	64
  54.0	70
  55.0	72.5
  56.0	70.3333
  57.0	83.7
  58.0	81
  59.0	55
  60.0	64.8333
  61.0	70
  62.0	62
  63.0	85.5
  64.0	78
  65.0	72.5
  66.0	61
  67.0	84
  68.0	77
  69.0	69.5
  70.0	58
  71.0	67.3333
  72.0	67.5
  73.0	77
  74.0	84.5833
  75.0	69
  76.0	71
  77.0	78
  78.0	72
  79.0	74.8333
  80.0	67.6667
  81.0	76.75
  82.0	81
  83.0	83.5
  84.0	77.3333
  85.0	82
  86.0	69.8333
  87.0	59
  88.0	68.5
  89.0	77.5
  90.0	60.3333
  91.0	64.3333
  92.0	68.5833
  93.0	73.5
  94.0	66.5
  95.0	74
  96.0	85.8333
  97.0	80.5
  98.0	64
  99.0	89
 100.0	61.8333
 101.0	72
 102.0	86
 103.0	67
 104.0	62.5
 105.0	87.5
 106.0	65.5
 107.0	69
 108.0	79
 109.0	78
 110.0	65.7
DB 2 MOTIF	ZFX_HUMAN.H11MO.1.A
-106.5	120.75
-105.5	104
-104.5	114.5
-103.5	99
-102.5	128.5
-101.5	97.5
-100.5	110.5
 -99.5	104.5
 -98.5	97
 -97.5	121
 -96.5	107
 -95.5	106
 -94.5	111
 -93.5	116
 -92.5	115
 -91.5	120.75
 -90.5	131
 -89.5	91
 -88.5	108
 -87.5	96.5
 -86.5	102.333
 -85.5	108
 -84.5	119
 -83.5	90
 -82.5	116
 -81.5	105.833
 -80.5	100
 -79.5	94.3333
 -78.5	112
 -77.5	104
 -76.5	107.5
 -75.5	93.3333
 -74.5	89
 -73.5	126.167
 -72.5	111
 -71.5	121
 -70.5	104
 -69.5	125.833
 -68.5	106
 -67.5	105.667
 -66.5	108.5
 -65.5	102
 -64.5	123.167
 -63.5	99.5
 -62.5	108
 -61.5	102.833
 -60.5	101.5
 -59.5	105.5
 -58.5	90
 -57.5	113
 -56.5	109.75
 -55.5	104.833
 -54.5	103.5
 -53.5	123
 -52.5	122.5
 -51.5	122
 -50.5	110.5
 -49.5	118
 -48.5	116
 -47.5	107.5
 -46.5	108.167
 -45.5	128.25
 -44.5	123
 -43.5	96.5
 -42.5	116.333
 -41.5	116
 -40.5	120
 -39.5	127
 -38.5	131.5
 -37.5	90
 -36.5	122.5
 -35.5	122
 -34.5	118
 -33.5	111.5
 -32.5	132
 -31.5	131.25
 -30.5	118
 -29.5	114
 -28.5	98
 -27.5	118.5
 -26.5	120.333
 -25.5	130
 -24.5	153
 -23.5	111
 -22.5	126
 -21.5	149.5
 -20.5	157
 -19.5	150
 -18.5	118.5
 -17.5	136.5
 -16.5	134
 -15.5	148
 -14.5	132
 -13.5	137
 -12.5	140
 -11.5	113
 -10.5	126.5
  -9.5	112
  -8.5	125.5
  -7.5	122.5
  -6.5	117
  -5.5	139
  -4.5	130
  -3.5	134.5
  -2.5	133.5
  -1.5	137
  -0.5	121
   0.5	111
   1.5	133
   2.5	158
   3.5	111.5
   4.5	125
   5.5	134
   6.5	119
   7.5	112
   8.5	142.5
   9.5	128
  10.5	110.5
  11.5	127
  12.5	131.5
  13.5	119
  14.5	139
  15.5	139.75
  16.5	137.5
  17.5	141.083
  18.5	130.5
  19.5	147.5
  20.5	146
  21.5	153
  22.5	104
  23.5	129
  24.5	122
  25.5	129
  26.5	139
  27.5	107.5
  28.5	110.25
  29.5	128
  30.5	87.5
  31.5	102.5
  32.5	133
  33.5	114
  34.5	123
  35.5	104
  36.5	117
  37.5	123
  38.5	104.5
  39.5	112
  40.5	89
  41.5	120
  42.5	98.5
  43.5	107.083
  44.5	104.5
  45.5	97
  46.5	106.5
  47.5	114
  48.5	89.5
  49.5	84
  50.5	123.5
  51.5	114
  52.5	114.5
  53.5	121.667
  54.5	116.25
  55.5	113
  56.5	119
  57.5	103
  58.5	103
  59.5	109
  60.5	113
  61.5	92.3333
  62.5	93.5
  63.5	111.25
  64.5	106
  65.5	113
  66.5	123
  67.5	120
  68.5	105.5
  69.5	103
  70.5	114
  71.5	112.333
  72.5	109
  73.5	95.5
  74.5	105.5
  75.5	124
  76.5	115.75
  77.5	99.3333
  78.5	108.5
  79.5	122.5
  80.5	120
  81.5	121
  82.5	100
  83.5	100.583
  84.5	105.5
  85.5	107.5
  86.5	90
  87.5	110.25
  88.5	93
  89.5	109.583
  90.5	119.5
  91.5	113.75
  92.5	126.5
  93.5	117.333
  94.5	98
  95.5	109.5
  96.5	103.5
  97.5	81
  98.5	111.5
  99.5	118.5
 100.5	101
 101.5	112.5
 102.5	112.5
 103.5	117
 104.5	121
 105.5	116
 106.5	105
DB 2 MOTIF	ZIC1_HUMAN.H11MO.0.B
-110.5	103.367
-109.5	121.5
-108.5	128.833
-107.5	115.5
-106.5	117.333
-105.5	90.8333
-104.5	105.5
-103.5	135.667
-102.5	95.8333
-101.5	111.5
-100.5	122.444
 -99.5	102.75
 -98.5	124.533
 -97.5	114.333
 -96.5	119
 -95.5	92.1111
 -94.5	106.833
 -93.5	106.033
 -92.5	127.333
 -91.5	94.5
 -90.5	122.944
 -89.5	129.5
 -88.5	120.2
 -87.5	101.833
 -86.5	120.083
 -85.5	114.111
 -84.5	116
 -83.5	98.5
 -82.5	140.333
 -81.5	103.667
 -80.5	116.611
 -79.5	103.667
 -78.5	104.5
 -77.5	100.333
 -76.5	113.5
 -75.5	108.644
 -74.5	97.5333
 -73.5	109.7
 -72.5	106.2
 -71.5	100.7
 -70.5	101.611
 -69.5	118
 -68.5	115.2
 -67.5	106.5
 -66.5	120.333
 -65.5	97.6111
 -64.5	107.833
 -63.5	109.7
 -62.5	139.5
 -61.5	107.833
 -60.5	135.361
 -59.5	115.5
 -58.5	105.333
 -57.5	100.667
 -56.5	116.7
 -55.5	117.25
 -54.5	114
 -53.5	92.5
 -52.5	98.8333
 -51.5	100.333
 -50.5	102.5
 -49.5	116.5
 -48.5	112.833
 -47.5	93.4167
 -46.5	112.333
 -45.5	124.5
 -44.5	115.333
 -43.5	87.5
 -42.5	99.5
 -41.5	125
 -40.5	136.333
 -39.5	110.5
 -38.5	107.2
 -37.5	108.5
 -36.5	108.5
 -35.5	89.5
 -34.5	116
 -33.5	100.5
 -32.5	93.5
 -31.5	118.167
 -30.5	120.5
 -29.5	119.25
 -28.5	112.833
 -27.5	109.5
 -26.5	118.5
 -25.5	111.5
 -24.5	131.5
 -23.5	121.75
 -22.5	117.5
 -21.5	125
 -20.5	145
 -19.5	146.667
 -18.5	176.5
 -17.5	161.5
 -16.5	187
 -15.5	161
 -14.5	164.333
 -13.5	150
 -12.5	159.5
 -11.5	161.333
 -10.5	143.5
  -9.5	146.5
  -8.5	174.5
  -7.5	195.833
  -6.5	205
  -5.5	164.5
  -4.5	188
  -3.5	173
  -2.5	159.5
  -1.5	166.5
  -0.5	196
   0.5	158
   1.5	180.5
   2.5	162.5
   3.5	159
   4.5	192.5
   5.5	185.167
   6.5	176
   7.5	171.333
   8.5	194.5
   9.5	136.5
  10.5	169.5
  11.5	119.083
  12.5	147
  13.5	153.5
  14.5	163
  15.5	148.25
  16.5	163.333
  17.5	144.5
  18.5	147
  19.5	123.5
  20.5	127.5
  21.5	127
  22.5	96.5
  23.5	128.25
  24.5	104.333
  25.5	108.75
  26.5	104
  27.5	103.5
  28.5	134
  29.5	134.833
  30.5	109
  31.5	110.333
  32.5	125.5
  33.5	118.2
  34.5	109.5
  35.5	98.5
  36.5	99.5
  37.5	147.5
  38.5	124.833
  39.5	125
  40.5	102.5
  41.5	110.75
  42.5	105.5
  43.5	123.333
  44.5	106.5
  45.5	102.333
  46.5	124.25
  47.5	125.25
  48.5	96.5
  49.5	101.75
  50.5	109.5
  51.5	103.45
  52.5	101.083
  53.5	104.083
  54.5	113.783
  55.5	112.583
  56.5	108.783
  57.5	113.283
  58.5	109.783
  59.5	113.983
  60.5	114.283
  61.5	110.583
  62.5	117.75
  63.5	106.083
  64.5	105.833
  65.5	109.7
  66.5	101.5
  67.5	118.75
  68.5	107.833
  69.5	105.25
  70.5	116.5
  71.5	100.75
  72.5	109.25
  73.5	93.5
  74.5	106
  75.5	142.5
  76.5	114.5
  77.5	119.917
  78.5	104
  79.5	117.5
  80.5	123.5
  81.5	121.167
  82.5	110.75
  83.5	137.583
  84.5	104.617
  85.5	120.5
  86.5	123
  87.5	96.5
  88.5	110.583
  89.5	124.083
  90.5	109
  91.5	105.5
  92.5	120
  93.5	104.5
  94.5	111.5
  95.5	105.25
  96.5	104
  97.5	99
  98.5	118.333
  99.5	98.5
 100.5	93.1667
 101.5	116
 102.5	119.25
 103.5	105.45
 104.5	111.833
 105.5	111
 106.5	101
 107.5	101
 108.5	111.75
 109.5	94
 110.5	98
DB 2 MOTIF	ZIC2_HUMAN.H11MO.0.D
-107.5	74.75
-106.5	74
-105.5	64.5
-104.5	95.5
-103.5	85.6667
-102.5	81
-101.5	78.25
-100.5	90.5
 -99.5	79
 -98.5	76.5
 -97.5	72
 -96.5	92.75
 -95.5	76.5
 -94.5	61
 -93.5	97
 -92.5	69
 -91.5	75.5
 -90.5	80
 -89.5	71
 -88.5	93.5
 -87.5	85.5
 -86.5	82.3333
 -85.5	57.75
 -84.5	78.5
 -83.5	91
 -82.5	93
 -81.5	84
 -80.5	90
 -79.5	77.5
 -78.5	71
 -77.5	80
 -76.5	74
 -75.5	79
 -74.5	89.5
 -73.5	73.25
 -72.5	80.5
 -71.5	59.5
 -70.5	91
 -69.5	98.5
 -68.5	93.75
 -67.5	97
 -66.5	90.5
 -65.5	91.3333
 -64.5	95
 -63.5	88.5
 -62.5	104
 -61.5	88.25
 -60.5	82.8333
 -59.5	88
 -58.5	94.7
 -57.5	86.5
 -56.5	90
 -55.5	101
 -54.5	78.25
 -53.5	93
 -52.5	82
 -51.5	88
 -50.5	84.3333
 -49.5	87.5
 -48.5	112.5
 -47.5	111.5
 -46.5	107.5
 -45.5	82
 -44.5	116
 -43.5	87
 -42.5	101
 -41.5	100.25
 -40.5	94
 -39.5	110
 -38.5	119
 -37.5	88.5
 -36.5	109.5
 -35.5	118.25
 -34.5	108.333
 -33.5	124
 -32.5	130
 -31.5	128.5
 -30.5	137.333
 -29.5	128
 -28.5	125.5
 -27.5	139
 -26.5	141
 -25.5	142.25
 -24.5	158
 -23.5	147
 -22.5	160
 -21.5	161.7
 -20.5	178
 -19.5	180
 -18.5	175
 -17.5	151
 -16.5	161.5
 -15.5	208.75
 -14.5	215.5
 -13.5	243.5
 -12.5	258.5
 -11.5	299.333
 -10.5	305
  -9.5	306
  -8.5	295
  -7.5	306
  -6.5	335.5
  -5.5	314
  -4.5	341.5
  -3.5	385
  -2.5	391.833
  -1.5	410.25
  -0.5	405.5
   0.5	409
   1.5	388.5
   2.5	358.833
   3.5	364.5
   4.5	338.5
   5.5	345.5
   6.5	330
   7.5	280.5
   8.5	325
   9.5	290
  10.5	317.5
  11.5	276.5
  12.5	256.5
  13.5	196
  14.5	194.5
  15.5	164.7
  16.5	175.5
  17.5	179.833
  18.5	179.75
  19.5	165.5
  20.5	156
  21.5	174.5
  22.5	167
  23.5	157.5
  24.5	158
  25.5	154.25
  26.5	124.5
  27.5	138.5
  28.5	132
  29.5	132.5
  30.5	117.5
  31.5	118.5
  32.5	122
  33.5	124.5
  34.5	123
  35.5	107.5
  36.5	122
  37.5	103.25
  38.5	95
  39.5	115
  40.5	88
  41.5	125.333
  42.5	116.5
  43.5	96
  44.5	118
  45.5	93
  46.5	101
  47.5	84
  48.5	92
  49.5	85
  50.5	82.5
  51.5	97.5
  52.5	91.2
  53.5	95
  54.5	91.3333
  55.5	95
  56.5	87
  57.5	75
  58.5	84
  59.5	96
  60.5	99.8333
  61.5	96
  62.5	82
  63.5	76.5
  64.5	87.5
  65.5	76.8333
  66.5	75.5
  67.5	85.5
  68.5	104.5
  69.5	73
  70.5	80
  71.5	85
  72.5	88.5
  73.5	84
  74.5	76
  75.5	80
  76.5	100
  77.5	81
  78.5	79
  79.5	101.25
  80.5	84
  81.5	99.5
  82.5	84.5
  83.5	86
  84.5	80
  85.5	83.5
  86.5	79.75
  87.5	89.5
  88.5	74
  89.5	83.7
  90.5	81.25
  91.5	74.5
  92.5	89
  93.5	62
  94.5	77
  95.5	87.5
  96.5	90.3333
  97.5	94.5
  98.5	62
  99.5	91
 100.5	91
 101.5	76
 102.5	86.3333
 103.5	76
 104.5	72.25
 105.5	82.5
 106.5	90
 107.5	76
DB 2 MOTIF	ZIC3_HUMAN.H11MO.0.B
-107.5	59.5
-106.5	54
-105.5	57
-104.5	67
-103.5	60.3333
-102.5	69
-101.5	59.75
-100.5	73.5
 -99.5	50
 -98.5	62.3333
 -97.5	51
 -96.5	53.25
 -95.5	57
 -94.5	41
 -93.5	73.5
 -92.5	50.5
 -91.5	65
 -90.5	58
 -89.5	61
 -88.5	74
 -87.5	49.5
 -86.5	54.3333
 -85.5	49
 -84.5	64.5
 -83.5	64.5
 -82.5	58
 -81.5	67
 -80.5	60.5
 -79.5	48
 -78.5	59
 -77.5	53
 -76.5	65.3333
 -75.5	55
 -74.5	61
 -73.5	56.5
 -72.5	53
 -71.5	42
 -70.5	72
 -69.5	74
 -68.5	67
 -67.5	69
 -66.5	68
 -65.5	67.3333
 -64.5	79
 -63.5	66
 -62.5	75
 -61.5	69
 -60.5	73.8333
 -59.5	68
 -58.5	85.2
 -57.5	57
 -56.5	54
 -55.5	72
 -54.5	71.3333
 -53.5	70
 -52.5	64
 -51.5	71.5
 -50.5	64.3333
 -49.5	70
 -48.5	82
 -47.5	65.5
 -46.5	67
 -45.5	60
 -44.5	74
 -43.5	59
 -42.5	86
 -41.5	67.25
 -40.5	69
 -39.5	66
 -38.5	80
 -37.5	70
 -36.5	83
 -35.5	94.75
 -34.5	78.3333
 -33.5	87
 -32.5	80.5
 -31.5	88
 -30.5	95.8333
 -29.5	83
 -28.5	96
 -27.5	110.833
 -26.5	107.5
 -25.5	117
 -24.5	141
 -23.5	106
 -22.5	111
 -21.5	113.2
 -20.5	125.5
 -19.5	114.5
 -18.5	150.5
 -17.5	110
 -16.5	111
 -15.5	162
 -14.5	153.5
 -13.5	188.5
 -12.5	199.5
 -11.5	225.333
 -10.5	219.5
  -9.5	246
  -8.5	237
  -7.5	230.5
  -6.5	268.5
  -5.5	225
  -4.5	237
  -3.5	301
  -2.5	299.833
  -1.5	303.5
  -0.5	295
   0.5	326
   1.5	296.5
   2.5	280.333
   3.5	274
   4.5	258.5
   5.5	264
   6.5	239.5
   7.5	235.5
   8.5	257
   9.5	210
  10.5	220.5
  11.5	204
  12.5	181
  13.5	160
  14.5	143.5
  15.5	132.7
  16.5	128
  17.5	106.333
  18.5	133.75
  19.5	127.5
  20.5	114
  21.5	120
  22.5	117.5
  23.5	115
  24.5	108
  25.5	113.25
  26.5	91.5
  27.5	99
  28.5	108
  29.5	89
  30.5	82
  31.5	83.3333
  32.5	88
  33.5	84
  34.5	84
  35.5	72
  36.5	86
  37.5	65
  38.5	62
  39.5	80.5
  40.5	71
  41.5	93.3333
  42.5	75
  43.5	73
  44.5	76
  45.5	81
  46.5	69.5
  47.5	62
  48.5	63
  49.5	65.5
  50.5	55
  51.5	68.5
  52.5	70.7
  53.5	67
  54.5	67
  55.5	73
  56.5	65
  57.5	60.5
  58.5	71.5
  59.5	62
  60.5	59.8333
  61.5	75
  62.5	65
  63.5	63.5
  64.5	67.5
  65.5	57.3333
  66.5	54
  67.5	68
  68.5	68
  69.5	46
  70.5	65
  71.5	58
  72.5	59
  73.5	68
  74.5	58
  75.5	58
  76.5	60
  77.5	54
  78.5	57.5
  79.5	81.75
  80.5	60
  81.5	63
  82.5	54
  83.5	64
  84.5	59
  85.5	72
  86.5	65.25
  87.5	61.5
  88.5	65
  89.5	62.5333
  90.5	63
  91.5	55
  92.5	69
  93.5	44
  94.5	56
  95.5	66
  96.5	72.3333
  97.5	69
  98.5	60
  99.5	66
 100.5	64.5
 101.5	62
 102.5	63
 103.5	52
 104.5	59
 105.5	62
 106.5	58
 107.5	51
DB 2 MOTIF	ZIC4_HUMAN.H11MO.0.D
-107.5	14
-106.5	15.5
-105.5	16
-104.5	20
-103.5	16.5
-102.5	21
-101.5	25.25
-100.5	22
 -99.5	25
 -98.5	24
 -97.5	18.5
 -96.5	22.25
 -95.5	20
 -94.5	16
 -93.5	27
 -92.5	22
 -91.5	17
 -90.5	17
 -89.5	28
 -88.5	23.5
 -87.5	27
 -86.5	31.3333
 -85.5	15.25
 -84.5	16
 -83.5	23
 -82.5	22
 -81.5	27
 -80.5	29
 -79.5	24
 -78.5	29
 -77.5	24
 -76.5	25
 -75.5	25
 -74.5	22
 -73.5	26.25
 -72.5	18
 -71.5	17
 -70.5	18
 -69.5	38
 -68.5	26
 -67.5	23
 -66.5	19.5
 -65.5	31.3333
 -64.5	30
 -63.5	18
 -62.5	27
 -61.5	21.25
 -60.5	26.3333
 -59.5	19.5
 -58.5	26.2
 -57.5	31
 -56.5	27
 -55.5	31
 -54.5	34
 -53.5	22.25
 -52.5	28
 -51.5	25
 -50.5	27.5
 -49.5	24
 -48.5	34
 -47.5	20
 -46.5	30.5
 -45.5	25
 -44.5	35
 -43.5	27
 -42.5	25
 -41.5	31.25
 -40.5	23
 -39.5	18
 -38.5	34
 -37.5	24
 -36.5	30
 -35.5	39.5
 -34.5	29.3333
 -33.5	41
 -32.5	36.5
 -31.5	49
 -30.5	49
 -29.5	47
 -28.5	39.5
 -27.5	57
 -26.5	43
 -25.5	54.25
 -24.5	63
 -23.5	54
 -22.5	49
 -21.5	52.2
 -20.5	60
 -19.5	50.5
 -18.5	54.5
 -17.5	49
 -16.5	62
 -15.5	84
 -14.5	81.5
 -13.5	91
 -12.5	99
 -11.5	134
 -10.5	130
  -9.5	159
  -8.5	123
  -7.5	135
  -6.5	139.333
  -5.5	126.5
  -4.5	147
  -3.5	161
  -2.5	192.833
  -1.5	171.5
  -0.5	184
   0.5	176
   1.5	176
   2.5	178
   3.5	159.333
   4.5	171
   5.5	134
   6.5	137
   7.5	104.5
   8.5	119
   9.5	128
  10.5	137
  11.5	119
  12.5	98
  13.5	97.3333
  14.5	86.5
  15.5	59.2
  16.5	70
  17.5	49
  18.5	54.25
  19.5	59.5
  20.5	50
  21.5	59
  22.5	47
  23.5	62
  24.5	55
  25.5	41.25
  26.5	39.5
  27.5	38
  28.5	39
  29.5	45
  30.5	29
  31.5	34
  32.5	30
  33.5	32
  34.5	23
  35.5	41
  36.5	33.25
  37.5	29
  38.5	41
  39.5	26
  40.5	27
  41.5	38
  42.5	38
  43.5	28
  44.5	29
  45.5	27
  46.5	28
  47.5	30
  48.5	24
  49.5	17.5
  50.5	24.5
  51.5	21
  52.5	20.2
  53.5	31
  54.5	32.25
  55.5	24
  56.5	34
  57.5	27
  58.5	21
  59.5	24
  60.5	31.3333
  61.5	24
  62.5	31
  63.5	28
  64.5	20
  65.5	28.5
  66.5	34
  67.5	34
  68.5	30
  69.5	20
  70.5	26.5
  71.5	26
  72.5	25
  73.5	25
  74.5	35
  75.5	15
  76.5	24
  77.5	26
  78.5	26.5
  79.5	29.75
  80.5	23
  81.5	33
  82.5	21
  83.5	24
  84.5	21
  85.5	35.5
  86.5	21.25
  87.5	29.5
  88.5	31
  89.5	15.2
  90.5	26
  91.5	23
  92.5	23
  93.5	16
  94.5	24
  95.5	19
  96.5	27
  97.5	26
  98.5	25
  99.5	31
 100.5	26
 101.5	25
 102.5	27
 103.5	27
 104.5	12
 105.5	29
 106.5	21
 107.5	25
DB 2 MOTIF	ZKSC1_HUMAN.H11MO.0.B
-105.5	47
-104.5	48
-103.5	39
-102.5	45
-101.5	43
-100.5	32
 -99.5	35
 -98.5	56
 -97.5	34
 -96.5	40
 -95.5	39
 -94.5	36
 -93.5	56
 -92.5	44
 -91.5	41
 -90.5	44
 -89.5	53
 -88.5	32.5
 -87.5	39
 -86.5	38
 -85.5	39
 -84.5	36
 -83.5	54
 -82.5	40.5
 -81.5	53
 -80.5	36
 -79.5	45
 -78.5	39
 -77.5	43
 -76.5	46
 -75.5	35
 -74.5	46
 -73.5	49
 -72.5	26
 -71.5	38
 -70.5	40
 -69.5	38.5
 -68.5	51
 -67.5	46
 -66.5	48
 -65.5	43
 -64.5	38
 -63.5	28
 -62.5	45
 -61.5	39
 -60.5	44
 -59.5	36
 -58.5	51
 -57.5	52
 -56.5	43
 -55.5	39
 -54.5	39
 -53.5	42
 -52.5	44
 -51.5	36
 -50.5	65
 -49.5	36
 -48.5	51
 -47.5	43
 -46.5	30
 -45.5	45
 -44.5	40
 -43.5	38
 -42.5	40.5
 -41.5	37
 -40.5	47
 -39.5	35
 -38.5	57
 -37.5	48
 -36.5	42
 -35.5	47
 -34.5	52.5
 -33.5	45
 -32.5	45
 -31.5	46
 -30.5	42
 -29.5	51
 -28.5	45
 -27.5	60
 -26.5	69
 -25.5	59
 -24.5	63
 -23.5	71.5
 -22.5	55
 -21.5	54
 -20.5	52
 -19.5	64
 -18.5	44
 -17.5	52.5
 -16.5	46
 -15.5	64.5
 -14.5	60
 -13.5	65
 -12.5	84
 -11.5	76
 -10.5	79
  -9.5	62
  -8.5	80
  -7.5	74
  -6.5	69
  -5.5	67
  -4.5	87
  -3.5	75
  -2.5	83
  -1.5	83
  -0.5	91
   0.5	78
   1.5	90
   2.5	82
   3.5	81
   4.5	73
   5.5	65
   6.5	75
   7.5	77
   8.5	76
   9.5	85
  10.5	73
  11.5	75
  12.5	64
  13.5	71
  14.5	68
  15.5	48
  16.5	55.5
  17.5	48
  18.5	56
  19.5	65
  20.5	69
  21.5	61
  22.5	57
  23.5	56
  24.5	60
  25.5	52.5
  26.5	60
  27.5	49.5
  28.5	47
  29.5	41
  30.5	53
  31.5	44
  32.5	47
  33.5	53
  34.5	45
  35.5	43.5
  36.5	41
  37.5	48
  38.5	38
  39.5	39
  40.5	38
  41.5	48
  42.5	49
  43.5	44
  44.5	47
  45.5	50
  46.5	49.5
  47.5	46
  48.5	47
  49.5	33
  50.5	28
  51.5	33
  52.5	53
  53.5	41
  54.5	47
  55.5	45
  56.5	40
  57.5	42.5
  58.5	34
  59.5	44
  60.5	38
  61.5	41
  62.5	34
  63.5	36
  64.5	32
  65.5	46
  66.5	57
  67.5	41
  68.5	52.5
  69.5	47
  70.5	27
  71.5	37
  72.5	47
  73.5	47
  74.5	44
  75.5	41
  76.5	30
  77.5	47
  78.5	35
  79.5	52
  80.5	51
  81.5	37
  82.5	37
  83.5	31
  84.5	36
  85.5	33
  86.5	49.5
  87.5	34
  88.5	40.5
  89.5	31
  90.5	35
  91.5	41
  92.5	39
  93.5	43
  94.5	42
  95.5	35
  96.5	42
  97.5	38
  98.5	39
  99.5	40
 100.5	30
 101.5	40
 102.5	34
 103.5	50
 104.5	46
 105.5	35.5
DB 2 MOTIF	ZN121_HUMAN.H11MO.0.C
-105.0	20
-104.0	18
-103.0	25
-102.0	22
-101.0	26
-100.0	18
 -99.0	16
 -98.0	16
 -97.0	13
 -96.0	26
 -95.0	24
 -94.0	20
 -93.0	20
 -92.0	20
 -91.0	20
 -90.0	19
 -89.0	18
 -88.0	22
 -87.0	13
 -86.0	16
 -85.0	20
 -84.0	16
 -83.0	18
 -82.0	15
 -81.0	22
 -80.0	18
 -79.0	21
 -78.0	13
 -77.0	26
 -76.0	23
 -75.0	21
 -74.0	25
 -73.0	18
 -72.0	21
 -71.0	17
 -70.0	17
 -69.0	15
 -68.0	10
 -67.0	20
 -66.0	15
 -65.0	17
 -64.0	22
 -63.0	16
 -62.0	16
 -61.0	12
 -60.0	22
 -59.0	12
 -58.0	15
 -57.0	22
 -56.0	19
 -55.0	18
 -54.0	18
 -53.0	15
 -52.0	23
 -51.0	18
 -50.0	15
 -49.0	17
 -48.0	25
 -47.0	12
 -46.0	12
 -45.0	13
 -44.0	13
 -43.0	27
 -42.0	17
 -41.0	14
 -40.0	21
 -39.0	17
 -38.0	15
 -37.0	17
 -36.0	15
 -35.0	22
 -34.0	19
 -33.0	14
 -32.0	17
 -31.0	16
 -30.0	19
 -29.0	10
 -28.0	26
 -27.0	20
 -26.0	20
 -25.0	12
 -24.0	22
 -23.0	20
 -22.0	21
 -21.0	18
 -20.0	16
 -19.0	19
 -18.0	23
 -17.0	26
 -16.0	17
 -15.0	20
 -14.0	25
 -13.0	16
 -12.0	19
 -11.0	24
 -10.0	33
  -9.0	23
  -8.0	19
  -7.0	17
  -6.0	24
  -5.0	25
  -4.0	23
  -3.0	25
  -2.0	30
  -1.0	28
   0.0	33
   1.0	23
   2.0	18
   3.0	28
   4.0	21
   5.0	20
   6.0	19
   7.0	20
   8.0	25
   9.0	20
  10.0	26
  11.0	21
  12.0	20
  13.0	22
  14.0	22
  15.0	26
  16.0	28
  17.0	22
  18.0	23
  19.0	18
  20.0	19
  21.0	18
  22.0	20
  23.0	19
  24.0	21
  25.0	23
  26.0	19
  27.0	26
  28.0	25
  29.0	12
  30.0	24
  31.0	19
  32.0	16
  33.0	16
  34.0	17
  35.0	18
  36.0	15
  37.0	13
  38.0	14
  39.0	14
  40.0	13
  41.0	14
  42.0	16
  43.0	23
  44.0	11
  45.0	21
  46.0	18
  47.0	23
  48.0	14
  49.0	11
  50.0	9
  51.0	17
  52.0	9
  53.0	15
  54.0	17
  55.0	18
  56.0	19
  57.0	18
  58.0	23
  59.0	20
  60.0	12
  61.0	10
  62.0	17
  63.0	15
  64.0	22
  65.0	15
  66.0	17
  67.0	22
  68.0	13
  69.0	12
  70.0	19.5
  71.0	14
  72.0	11.5
  73.0	26
  74.0	19
  75.0	14
  76.0	27
  77.0	13
  78.0	17
  79.0	15
  80.0	20
  81.0	21
  82.0	25
  83.0	19
  84.0	15
  85.0	21
  86.0	15
  87.0	14
  88.0	27
  89.0	20
  90.0	14
  91.0	20
  92.0	24
  93.0	17
  94.0	26
  95.0	17
  96.0	14
  97.0	27
  98.0	14
  99.0	21
 100.0	19
 101.0	17
 102.0	16
 103.0	26
 104.0	19
 105.0	24
DB 2 MOTIF	ZN134_HUMAN.H11MO.0.C
-104.0	43.25
-103.0	46
-102.0	31
-101.0	53
-100.0	36
 -99.0	40
 -98.0	46
 -97.0	41
 -96.0	51
 -95.0	38
 -94.0	32.3333
 -93.0	50
 -92.0	51
 -91.0	59
 -90.0	51
 -89.0	45
 -88.0	50
 -87.0	52
 -86.0	50
 -85.0	57
 -84.0	48.5
 -83.0	52
 -82.0	36
 -81.0	40.5
 -80.0	49
 -79.0	59
 -78.0	56
 -77.0	46
 -76.0	45
 -75.0	39
 -74.0	47
 -73.0	50
 -72.0	65
 -71.0	47
 -70.0	33
 -69.0	54
 -68.0	42.5
 -67.0	37
 -66.0	49
 -65.0	43
 -64.0	50
 -63.0	54
 -62.0	44
 -61.0	49
 -60.0	48
 -59.0	54
 -58.0	52
 -57.0	54
 -56.0	50
 -55.0	38.5
 -54.0	50
 -53.0	56
 -52.0	44
 -51.0	53
 -50.0	53
 -49.0	40
 -48.0	51.5
 -47.0	43
 -46.0	57
 -45.0	48
 -44.0	47.25
 -43.0	55.5
 -42.0	40
 -41.0	52
 -40.0	49
 -39.0	53
 -38.0	47
 -37.0	50
 -36.0	45
 -35.0	58
 -34.0	45
 -33.0	57.3333
 -32.0	55
 -31.0	43
 -30.0	68.5
 -29.0	72
 -28.0	65
 -27.0	66
 -26.0	49
 -25.0	54
 -24.0	52
 -23.0	55
 -22.0	59
 -21.0	57
 -20.0	51
 -19.0	48
 -18.0	75
 -17.0	47
 -16.0	57
 -15.0	48
 -14.0	64
 -13.0	53
 -12.0	68
 -11.0	60
 -10.0	95
  -9.0	62
  -8.0	80
  -7.0	92
  -6.0	98
  -5.0	80
  -4.0	81
  -3.0	70
  -2.0	97
  -1.0	118
   0.0	103
   1.0	95
   2.0	102
   3.0	101
   4.0	104
   5.0	81
   6.0	87
   7.0	105
   8.0	99
   9.0	84.5
  10.0	78.5
  11.0	73
  12.0	64
  13.0	61
  14.0	55
  15.0	62
  16.0	50.25
  17.0	50
  18.0	38
  19.0	62
  20.0	49
  21.0	44
  22.0	50
  23.0	47
  24.0	50
  25.0	60
  26.0	50
  27.0	56
  28.0	58.3333
  29.0	49
  30.0	60
  31.0	47
  32.0	59
  33.0	58
  34.0	66
  35.0	59
  36.0	45.5
  37.0	45
  38.0	47
  39.0	59
  40.0	52
  41.0	55
  42.0	46
  43.0	54
  44.0	57
  45.0	55
  46.0	42
  47.0	40
  48.0	39
  49.0	36
  50.0	46
  51.0	45
  52.0	43
  53.0	48
  54.0	38
  55.0	50
  56.0	60
  57.0	47
  58.0	54
  59.0	47
  60.0	44
  61.0	30
  62.0	53
  63.0	39
  64.0	43
  65.0	53
  66.0	35
  67.0	51
  68.0	42
  69.0	44
  70.0	40
  71.0	34
  72.0	39
  73.0	45
  74.0	55
  75.0	62
  76.0	50
  77.0	46.25
  78.0	40
  79.0	55
  80.0	49
  81.0	50
  82.0	40
  83.0	42
  84.0	53
  85.0	37
  86.0	47
  87.0	59
  88.0	48
  89.0	39
  90.0	34.5
  91.0	41
  92.0	56
  93.0	44
  94.0	36
  95.0	38
  96.0	35
  97.0	55.5
  98.0	51
  99.0	39
 100.0	47
 101.0	37
 102.0	45
 103.0	42
 104.0	54
DB 2 MOTIF	ZN134_HUMAN.H11MO.1.C
-106.5	52
-105.5	50
-104.5	56
-103.5	59
-102.5	57
-101.5	39.25
-100.5	50
 -99.5	45
 -98.5	58
 -97.5	38
 -96.5	44.25
 -95.5	71
 -94.5	68
 -93.5	76.5
 -92.5	52
 -91.5	56
 -90.5	53
 -89.5	61
 -88.5	55.5
 -87.5	65
 -86.5	59
 -85.5	56
 -84.5	64
 -83.5	51
 -82.5	56
 -81.5	64.5
 -80.5	57
 -79.5	65
 -78.5	49
 -77.5	53
 -76.5	65
 -75.5	53
 -74.5	65
 -73.5	63.5
 -72.5	52
 -71.5	69
 -70.5	54
 -69.5	54.5
 -68.5	49.5
 -67.5	50
 -66.5	70
 -65.5	56
 -64.5	58.5
 -63.5	63
 -62.5	59
 -61.5	57
 -60.5	73
 -59.5	73
 -58.5	50
 -57.5	47
 -56.5	65
 -55.5	64.5
 -54.5	52
 -53.5	70
 -52.5	54
 -51.5	48
 -50.5	76
 -49.5	51
 -48.5	50
 -47.5	55.5
 -46.5	62.5
 -45.5	57.5
 -44.5	46
 -43.5	72
 -42.5	56.5
 -41.5	52.25
 -40.5	78
 -39.5	71
 -38.5	51
 -37.5	63
 -36.5	71
 -35.5	69.25
 -34.5	71
 -33.5	62
 -32.5	83
 -31.5	57.5
 -30.5	73
 -29.5	81
 -28.5	61
 -27.5	73.5
 -26.5	87.5
 -25.5	87
 -24.5	80
 -23.5	63
 -22.5	82
 -21.5	64
 -20.5	82
 -19.5	74
 -18.5	80
 -17.5	51
 -16.5	82
 -15.5	87
 -14.5	66.5
 -13.5	98
 -12.5	110
 -11.5	122.5
 -10.5	115
  -9.5	133
  -8.5	118
  -7.5	146
  -6.5	125.5
  -5.5	143
  -4.5	166
  -3.5	170
  -2.5	173.5
  -1.5	178
  -0.5	158.5
   0.5	169
   1.5	178
   2.5	154.5
   3.5	158
   4.5	144
   5.5	152
   6.5	148
   7.5	127
   8.5	139
   9.5	123
  10.5	121.5
  11.5	105
  12.5	95
  13.5	93
  14.5	85
  15.5	63
  16.5	84
  17.5	68
  18.5	80.25
  19.5	72
  20.5	55
  21.5	82
  22.5	71
  23.5	74
  24.5	77
  25.5	69.25
  26.5	66
  27.5	78
  28.5	65
  29.5	66
  30.5	70
  31.5	53
  32.5	77
  33.5	71
  34.5	58.5
  35.5	66
  36.5	67.5
  37.5	80
  38.5	76.5
  39.5	54.5
  40.5	50
  41.5	73
  42.5	73
  43.5	60
  44.5	61
  45.5	54
  46.5	61
  47.5	64.5
  48.5	58
  49.5	55
  50.5	60
  51.5	60
  52.5	62
  53.5	61
  54.5	54.5
  55.5	69
  56.5	67
  57.5	57
  58.5	52.5
  59.5	62
  60.5	56
  61.5	60
  62.5	65
  63.5	50.5
  64.5	68
  65.5	44
  66.5	45
  67.5	57
  68.5	50.5
  69.5	76
  70.5	51
  71.5	56
  72.5	69
  73.5	51
  74.5	58
  75.5	41
  76.5	60
  77.5	56.5
  78.5	53.5
  79.5	63.75
  80.5	60
  81.5	57
  82.5	49
  83.5	57
  84.5	69
  85.5	42.5
  86.5	57.25
  87.5	48
  88.5	53
  89.5	65
  90.5	61
  91.5	57
  92.5	64
  93.5	59
  94.5	60
  95.5	61
  96.5	53
  97.5	44
  98.5	57
  99.5	63.5
 100.5	61.5
 101.5	56
 102.5	63
 103.5	51
 104.5	45.5
 105.5	48
 106.5	57
DB 2 MOTIF	ZN148_HUMAN.H11MO.0.D
-107.5	81.25
-106.5	91
-105.5	78
-104.5	78
-103.5	73
-102.5	58
-101.5	73
-100.5	78
 -99.5	77
 -98.5	61.25
 -97.5	74
 -96.5	81
 -95.5	72
 -94.5	77.5
 -93.5	83
 -92.5	59
 -91.5	73.3333
 -90.5	62
 -89.5	73.7
 -88.5	72
 -87.5	80.8333
 -86.5	70.5
 -85.5	68.75
 -84.5	68.5
 -83.5	82.3333
 -82.5	68
 -81.5	57
 -80.5	73
 -79.5	66.3333
 -78.5	68.25
 -77.5	80
 -76.5	67
 -75.5	65
 -74.5	63.5
 -73.5	54.3333
 -72.5	73.5
 -71.5	68
 -70.5	61.5
 -69.5	61.8333
 -68.5	61
 -67.5	79.3333
 -66.5	76
 -65.5	75.8333
 -64.5	87
 -63.5	79.5833
 -62.5	65
 -61.5	79.5
 -60.5	80
 -59.5	78.5
 -58.5	76
 -57.5	56.8333
 -56.5	67.3333
 -55.5	60.5
 -54.5	78
 -53.5	60
 -52.5	88
 -51.5	72
 -50.5	59.5
 -49.5	53.2
 -48.5	78
 -47.5	58.3333
 -46.5	55
 -45.5	65
 -44.5	57
 -43.5	58
 -42.5	76
 -41.5	72.25
 -40.5	55
 -39.5	74.75
 -38.5	57
 -37.5	80
 -36.5	72
 -35.5	54.5
 -34.5	66
 -33.5	70
 -32.5	65
 -31.5	66
 -30.5	69.5
 -29.5	71
 -28.5	72.75
 -27.5	63
 -26.5	76
 -25.5	74
 -24.5	63
 -23.5	61
 -22.5	59
 -21.5	53
 -20.5	69
 -19.5	54
 -18.5	49.25
 -17.5	59.5
 -16.5	48
 -15.5	53.5
 -14.5	70.5
 -13.5	71.5
 -12.5	58.5
 -11.5	71
 -10.5	72
  -9.5	80.2
  -8.5	70
  -7.5	73
  -6.5	80
  -5.5	71
  -4.5	73
  -3.5	89
  -2.5	87.5
  -1.5	72
  -0.5	63
   0.5	83
   1.5	78
   2.5	86
   3.5	80
   4.5	85.5
   5.5	71.5
   6.5	62
   7.5	82
   8.5	88.5
   9.5	73
  10.5	79
  11.5	73
  12.5	64
  13.5	80
  14.5	57
  15.5	73
  16.5	61
  17.5	60
  18.5	67
  19.5	62.5
  20.5	73
  21.5	49.5
  22.5	67
  23.5	71
  24.5	73
  25.5	79.5
  26.5	66
  27.5	55
  28.5	62.5
  29.5	67
  30.5	73.2
  31.5	68
  32.5	69
  33.5	66
  34.5	59
  35.5	63.5
  36.5	75
  37.5	76
  38.5	54
  39.5	48
  40.5	61.25
  41.5	73
  42.5	62
  43.5	74.5
  44.5	65.25
  45.5	70.3333
  46.5	60
  47.5	73
  48.5	67.3333
  49.5	75.5
  50.5	70
  51.5	64.3333
  52.5	71.5
  53.5	79.5
  54.5	72
  55.5	66.1667
  56.5	80.6667
  57.5	86.6667
  58.5	64.1667
  59.5	72.6667
  60.5	90.1667
  61.5	61
  62.5	62.5
  63.5	63
  64.5	65.75
  65.5	69.5
  66.5	66
  67.5	83.5
  68.5	68
  69.5	61.5
  70.5	88.5333
  71.5	78.3333
  72.5	74
  73.5	64
  74.5	70
  75.5	50.3333
  76.5	70.5
  77.5	55.8333
  78.5	74
  79.5	73.0769
  80.5	69.6603
  81.5	70.5769
  82.5	74.5769
  83.5	64.4103
  84.5	58.8269
  85.5	90.5769
  86.5	78.0769
  87.5	66.0769
  88.5	65.3269
  89.5	61.0769
  90.5	80.0769
  91.5	64.0769
  92.5	80
  93.5	52.5
  94.5	69.5
  95.5	70
  96.5	69
  97.5	59
  98.5	68
  99.5	63
 100.5	68.75
 101.5	71
 102.5	91
 103.5	58
 104.5	73.5
 105.5	75
 106.5	69.5
 107.5	92.5
DB 2 MOTIF	ZN219_HUMAN.H11MO.0.D
-109.0	85.3333
-108.0	59.5
-107.0	66
-106.0	75.3333
-105.0	75
-104.0	59.3333
-103.0	63.5
-102.0	65.25
-101.0	67.3333
-100.0	64
 -99.0	76.3333
 -98.0	62.25
 -97.0	67
 -96.0	58
 -95.0	66
 -94.0	66.5
 -93.0	64.5
 -92.0	59
 -91.0	82
 -90.0	70
 -89.0	71
 -88.0	76
 -87.0	75.5
 -86.0	65.5
 -85.0	60.5
 -84.0	55.5
 -83.0	55
 -82.0	63
 -81.0	69
 -80.0	59.75
 -79.0	74
 -78.0	68.75
 -77.0	64.5
 -76.0	67
 -75.0	70
 -74.0	64
 -73.0	59
 -72.0	74.3333
 -71.0	57.5
 -70.0	56
 -69.0	66.1429
 -68.0	70.5
 -67.0	67
 -66.0	61.6429
 -65.0	75.25
 -64.0	74
 -63.0	61.6429
 -62.0	75
 -61.0	63
 -60.0	65.8929
 -59.0	68.5
 -58.0	73.25
 -57.0	67.6429
 -56.0	69
 -55.0	64.75
 -54.0	70.1429
 -53.0	67.5
 -52.0	65
 -51.0	70.1429
 -50.0	62.75
 -49.0	51
 -48.0	62
 -47.0	65
 -46.0	57
 -45.0	66.5
 -44.0	60.5
 -43.0	60
 -42.0	58.5
 -41.0	54
 -40.0	63
 -39.0	49.3333
 -38.0	72
 -37.0	75
 -36.0	67.25
 -35.0	73
 -34.0	61
 -33.0	46
 -32.0	60
 -31.0	68
 -30.0	61.5
 -29.0	52
 -28.0	67.25
 -27.0	57
 -26.0	71.3333
 -25.0	68
 -24.0	57
 -23.0	58.3333
 -22.0	74
 -21.0	68
 -20.0	70.3333
 -19.0	80
 -18.0	60.25
 -17.0	75
 -16.0	75
 -15.0	68
 -14.0	77
 -13.0	75
 -12.0	79
 -11.0	76
 -10.0	85.5
  -9.0	82
  -8.0	86.5
  -7.0	105.5
  -6.0	115.5
  -5.0	105
  -4.0	118
  -3.0	120
  -2.0	100
  -1.0	92
   0.0	99
   1.0	123
   2.0	110
   3.0	109
   4.0	98
   5.0	111
   6.0	108
   7.0	88
   8.0	114.833
   9.0	119.5
  10.0	86
  11.0	81.3333
  12.0	83
  13.0	89
  14.0	72.8333
  15.0	73
  16.0	66
  17.0	82.5
  18.0	74
  19.0	77
  20.0	59.5
  21.0	60.5
  22.0	72
  23.0	69
  24.0	59
  25.0	52.5
  26.0	56
  27.0	54
  28.0	70.5
  29.0	62
  30.0	79.5
  31.0	68
  32.0	78
  33.0	63.3333
  34.0	67.8333
  35.0	60.5
  36.0	57
  37.0	57.5
  38.0	59
  39.0	77.5
  40.0	62
  41.0	63
  42.0	58.5
  43.0	77.5
  44.0	62
  45.0	71
  46.0	71.5
  47.0	80
  48.0	53
  49.0	70
  50.0	54.5
  51.0	76.3333
  52.0	57.3333
  53.0	74
  54.0	60.5
  55.0	62
  56.0	54
  57.0	76
  58.0	68
  59.0	74
  60.0	63
  61.0	64
  62.0	70
  63.0	70
  64.0	58
  65.0	67
  66.0	76
  67.0	65
  68.0	75.5
  69.0	83
  70.0	66
  71.0	64
  72.0	60
  73.0	60
  74.0	68
  75.0	60.8333
  76.0	55.5
  77.0	61.5
  78.0	70.5
  79.0	74.5
  80.0	63.3333
  81.0	60.5
  82.0	65
  83.0	59.5
  84.0	61
  85.0	69.8333
  86.0	88.5
  87.0	69.3333
  88.0	60
  89.0	58
  90.0	58.5
  91.0	61
  92.0	57
  93.0	63.3333
  94.0	68.5
  95.0	63
  96.0	59.5
  97.0	52.5
  98.0	71.8333
  99.0	56
 100.0	64
 101.0	78
 102.0	64
 103.0	64.3333
 104.0	70
 105.0	63.5
 106.0	69
 107.0	57
 108.0	85
 109.0	77.5
DB 2 MOTIF	ZN257_HUMAN.H11MO.0.C
-109.0	85
-108.0	81
-107.0	73
-106.0	100.5
-105.0	64
-104.0	73
-103.0	84
-102.0	71
-101.0	82
-100.0	86
 -99.0	79
 -98.0	100
 -97.0	73
 -96.0	80
 -95.0	64
 -94.0	85
 -93.0	88
 -92.0	80.5
 -91.0	67
 -90.0	77
 -89.0	83
 -88.0	76
 -87.0	75.5
 -86.0	85.3333
 -85.0	65.5
 -84.0	69
 -83.0	85.5
 -82.0	87
 -81.0	74
 -80.0	83
 -79.0	80
 -78.0	70
 -77.0	78
 -76.0	81
 -75.0	72
 -74.0	82
 -73.0	84
 -72.0	81.5
 -71.0	77
 -70.0	83
 -69.0	90
 -68.0	69
 -67.0	93
 -66.0	87
 -65.0	86.5
 -64.0	81
 -63.0	75
 -62.0	85
 -61.0	84
 -60.0	80
 -59.0	65.5
 -58.0	76
 -57.0	84
 -56.0	86
 -55.0	86
 -54.0	79
 -53.0	98.8333
 -52.0	59
 -51.0	76.8333
 -50.0	89
 -49.0	94
 -48.0	67
 -47.0	80
 -46.0	88.3333
 -45.0	60
 -44.0	71.5
 -43.0	80.5
 -42.0	72.25
 -41.0	76.5
 -40.0	63
 -39.0	80
 -38.0	85.5
 -37.0	86
 -36.0	90.3333
 -35.0	76
 -34.0	79
 -33.0	91
 -32.0	66
 -31.0	88
 -30.0	83
 -29.0	75
 -28.0	70.25
 -27.0	81
 -26.0	74
 -25.0	80
 -24.0	80
 -23.0	88
 -22.0	96
 -21.0	100.5
 -20.0	97
 -19.0	91.5
 -18.0	79
 -17.0	99
 -16.0	92.5
 -15.0	84
 -14.0	121
 -13.0	90
 -12.0	91.5
 -11.0	84
 -10.0	85
  -9.0	85
  -8.0	81.5
  -7.0	85
  -6.0	87
  -5.0	87
  -4.0	80
  -3.0	79.75
  -2.0	91
  -1.0	92
   0.0	77
   1.0	73
   2.0	85
   3.0	78.5
   4.0	82
   5.0	88
   6.0	82
   7.0	107
   8.0	97
   9.0	89
  10.0	94
  11.0	89
  12.0	96.3333
  13.0	88
  14.0	93
  15.0	87.5
  16.0	86
  17.0	107
  18.0	87
  19.0	81
  20.0	89
  21.0	85.3333
  22.0	87.75
  23.0	86.5
  24.0	71
  25.0	101.5
  26.0	78
  27.0	86
  28.0	89
  29.0	69
  30.0	82
  31.0	87
  32.0	97
  33.0	79
  34.0	86
  35.0	87
  36.0	59.25
  37.0	91
  38.0	81
  39.0	80.5
  40.0	74
  41.0	77
  42.0	73
  43.0	85
  44.0	81
  45.0	71
  46.0	74
  47.0	87
  48.0	69
  49.0	85
  50.0	91
  51.0	78.5
  52.0	88.25
  53.0	70
  54.0	69
  55.0	69
  56.0	60.5
  57.0	79
  58.0	88.3333
  59.0	82
  60.0	78
  61.0	105.25
  62.0	89
  63.0	84.5
  64.0	76
  65.0	77
  66.0	76
  67.0	82
  68.0	86
  69.0	80
  70.0	106.5
  71.0	80.5
  72.0	91.5
  73.0	77
  74.0	81
  75.0	77.0833
  76.0	70
  77.0	85
  78.0	86
  79.0	91
  80.0	79.25
  81.0	99
  82.0	73
  83.0	61
  84.0	61.8333
  85.0	76
  86.0	85.5
  87.0	64
  88.0	67
  89.0	73
  90.0	78
  91.0	86.25
  92.0	83.25
  93.0	71.3333
  94.0	85
  95.0	96.5
  96.0	67
  97.0	80.5
  98.0	66
  99.0	84
 100.0	72.75
 101.0	82.5
 102.0	92.3333
 103.0	73
 104.0	87
 105.0	84
 106.0	74
 107.0	67.5
 108.0	93
 109.0	78
DB 2 MOTIF	ZN263_HUMAN.H11MO.1.A
-109.5	66.5
-108.5	57
-107.5	77
-106.5	50
-105.5	45
-104.5	47
-103.5	66.5
-102.5	56
-101.5	66
-100.5	51.3333
 -99.5	68
 -98.5	65
 -97.5	58
 -96.5	59.5
 -95.5	60.5
 -94.5	54.2
 -93.5	46
 -92.5	60.3333
 -91.5	49.7
 -90.5	63.5
 -89.5	64.3333
 -88.5	53.95
 -87.5	50
 -86.5	59
 -85.5	54.95
 -84.5	61.3333
 -83.5	52
 -82.5	58.45
 -81.5	60
 -80.5	58
 -79.5	61.25
 -78.5	80
 -77.5	64
 -76.5	63.25
 -75.5	67
 -74.5	57
 -73.5	52.5
 -72.5	58.5
 -71.5	60
 -70.5	69.25
 -69.5	71
 -68.5	65
 -67.5	63.8333
 -66.5	67
 -65.5	60
 -64.5	56.75
 -63.5	66
 -62.5	64.5
 -61.5	60
 -60.5	54
 -59.5	63.5
 -58.5	70.75
 -57.5	69.3333
 -56.5	51.5
 -55.5	76
 -54.5	63
 -53.5	66
 -52.5	48
 -51.5	73.5
 -50.5	56
 -49.5	67.5
 -48.5	70
 -47.5	65
 -46.5	75
 -45.5	64.3333
 -44.5	72
 -43.5	52
 -42.5	65
 -41.5	57
 -40.5	70
 -39.5	57
 -38.5	74
 -37.5	62.5
 -36.5	75
 -35.5	77.5
 -34.5	65.5
 -33.5	79.5
 -32.5	56
 -31.5	60
 -30.5	57.5
 -29.5	72
 -28.5	52
 -27.5	68.5
 -26.5	67
 -25.5	73
 -24.5	69.5
 -23.5	65
 -22.5	78
 -21.5	78
 -20.5	71.5
 -19.5	60.5
 -18.5	75
 -17.5	93
 -16.5	69
 -15.5	82
 -14.5	74.5
 -13.5	89
 -12.5	80
 -11.5	74
 -10.5	73
  -9.5	83
  -8.5	82
  -7.5	64
  -6.5	83.5
  -5.5	81
  -4.5	70.5
  -3.5	94
  -2.5	81
  -1.5	72.5
  -0.5	75.5
   0.5	70
   1.5	85
   2.5	75.5
   3.5	87
   4.5	71
   5.5	68.8333
   6.5	88
   7.5	83
   8.5	60.5
   9.5	75
  10.5	62
  11.5	74
  12.5	69
  13.5	75
  14.5	80
  15.5	75
  16.5	89.5
  17.5	75.5
  18.5	67.5
  19.5	63.5
  20.5	62
  21.5	65
  22.5	73.5
  23.5	80.5
  24.5	76
  25.5	73
  26.5	63.5
  27.5	58.5
  28.5	73
  29.5	72
  30.5	57.8333
  31.5	46
  32.5	55
  33.5	62.8333
  34.5	52
  35.5	57
  36.5	60
  37.5	63
  38.5	78.5
  39.5	68.5
  40.5	67.3333
  41.5	62
  42.5	55
  43.5	52
  44.5	63
  45.5	67
  46.5	55.5
  47.5	64.3333
  48.5	60.5
  49.5	71.5
  50.5	45
  51.5	58
  52.5	69
  53.5	68
  54.5	58
  55.5	59
  56.5	70.5
  57.5	69
  58.5	64.5
  59.5	77
  60.5	55.5
  61.5	59.5
  62.5	68.5
  63.5	75
  64.5	54.8333
  65.5	67.8333
  66.5	71.8333
  67.5	52
  68.5	65.3333
  69.5	42.75
  70.5	60
  71.5	57
  72.5	65.25
  73.5	64.5
  74.5	55.5
  75.5	70.75
  76.5	63
  77.5	74.5
  78.5	57.25
  79.5	60.5
  80.5	61
  81.5	59
  82.5	50
  83.5	58.3333
  84.5	74
  85.5	73.5
  86.5	74
  87.5	59.3333
  88.5	59.5
  89.5	46
  90.5	61.3333
  91.5	73.5
  92.5	46.5
  93.5	63.8333
  94.5	57.3333
  95.5	52
  96.5	65.3333
  97.5	48.3333
  98.5	65
  99.5	63
 100.5	53
 101.5	66
 102.5	52
 103.5	61.3333
 104.5	62
 105.5	54
 106.5	64
 107.5	64
 108.5	58.5
 109.5	72
DB 2 MOTIF	ZN281_HUMAN.H11MO.0.A
-107.5	58
-106.5	80.75
-105.5	83.5
-104.5	76
-103.5	64.6667
-102.5	71
-101.5	80
-100.5	69.5
 -99.5	53
 -98.5	66
 -97.5	65.5
 -96.5	71
 -95.5	71
 -94.5	64
 -93.5	56
 -92.5	75.3333
 -91.5	69.1667
 -90.5	62.8333
 -89.5	72
 -88.5	59.3333
 -87.5	61.3333
 -86.5	68
 -85.5	69.6667
 -84.5	70.4167
 -83.5	57
 -82.5	70
 -81.5	78.3333
 -80.5	71.5
 -79.5	55.1667
 -78.5	75
 -77.5	66.8333
 -76.5	65
 -75.5	59
 -74.5	45
 -73.5	59.6667
 -72.5	43.5
 -71.5	65.3333
 -70.5	63.3333
 -69.5	66.5
 -68.5	76
 -67.5	74
 -66.5	68.8333
 -65.5	71.3333
 -64.5	73.6667
 -63.5	71
 -62.5	66.75
 -61.5	57
 -60.5	71
 -59.5	64
 -58.5	55.3333
 -57.5	72.3333
 -56.5	56
 -55.5	71
 -54.5	59.5
 -53.5	61
 -52.5	65
 -51.5	71
 -50.5	68
 -49.5	77.5
 -48.5	62.8333
 -47.5	70
 -46.5	58
 -45.5	52
 -44.5	57
 -43.5	66
 -42.5	62
 -41.5	54
 -40.5	67.75
 -39.5	51.5
 -38.5	54.3333
 -37.5	70
 -36.5	68
 -35.5	62
 -34.5	50
 -33.5	59
 -32.5	61
 -31.5	58
 -30.5	68
 -29.5	52.5
 -28.5	57.5
 -27.5	56.8333
 -26.5	51.5
 -25.5	63
 -24.5	48
 -23.5	73
 -22.5	58
 -21.5	52.5
 -20.5	56.5
 -19.5	52
 -18.5	56
 -17.5	33.3333
 -16.5	52
 -15.5	68
 -14.5	54
 -13.5	56
 -12.5	71
 -11.5	62
 -10.5	59
  -9.5	62.5
  -8.5	80
  -7.5	90
  -6.5	73
  -5.5	61
  -4.5	97
  -3.5	74
  -2.5	75
  -1.5	63.5
  -0.5	67
   0.5	75
   1.5	77
   2.5	54.5
   3.5	78
   4.5	75
   5.5	78.75
   6.5	68
   7.5	62
   8.5	72
   9.5	90.5
  10.5	69
  11.5	70
  12.5	72
  13.5	60
  14.5	73.5
  15.5	73
  16.5	55
  17.5	55
  18.5	66
  19.5	62
  20.5	50
  21.5	65
  22.5	62
  23.5	62
  24.5	63
  25.5	66
  26.5	49
  27.5	60
  28.5	66
  29.5	58
  30.5	57
  31.5	56
  32.5	61
  33.5	62
  34.5	61
  35.5	55.5
  36.5	67.5
  37.5	52.25
  38.5	58
  39.5	71.5
  40.5	56
  41.5	70.5
  42.5	64.5
  43.5	66
  44.5	54
  45.5	81
  46.5	83.5
  47.5	54
  48.5	67
  49.5	68.5
  50.5	65.5
  51.5	74
  52.5	58
  53.5	60
  54.5	67.5
  55.5	64.1667
  56.5	64.6667
  57.5	62.1667
  58.5	78.1667
  59.5	61.1667
  60.5	69.6667
  61.5	66.5
  62.5	69.5
  63.5	71.3333
  64.5	72.5
  65.5	73
  66.5	69
  67.5	63
  68.5	69.5
  69.5	71.5833
  70.5	70.6667
  71.5	65.5
  72.5	84
  73.5	77.3333
  74.5	57.3333
  75.5	53
  76.5	61.6667
  77.5	58.5
  78.5	56
  79.5	73.8333
  80.5	68
  81.5	63.5
  82.5	61.6667
  83.5	78
  84.5	58.5
  85.5	62.5
  86.5	68
  87.5	63
  88.5	55
  89.5	63.5
  90.5	56
  91.5	70.5
  92.5	58
  93.5	85
  94.5	51.5
  95.5	65
  96.5	60
  97.5	58.5
  98.5	67
  99.5	64
 100.5	53.5
 101.5	69.0833
 102.5	64.5
 103.5	65
 104.5	67.5
 105.5	62
 106.5	79.5
 107.5	73.5
DB 2 MOTIF	ZN320_HUMAN.H11MO.0.C
-105.0	47
-104.0	54
-103.0	37
-102.0	38
-101.0	53
-100.0	48.5
 -99.0	45
 -98.0	54.5
 -97.0	55
 -96.0	46
 -95.0	46
 -94.0	42.5
 -93.0	38
 -92.0	50
 -91.0	59
 -90.0	34
 -89.0	61.5
 -88.0	41
 -87.0	37
 -86.0	52
 -85.0	50
 -84.0	52
 -83.0	46
 -82.0	44
 -81.0	55
 -80.0	61.5
 -79.0	52
 -78.0	50.5
 -77.0	49
 -76.0	44.5
 -75.0	45.5
 -74.0	45
 -73.0	49
 -72.0	55
 -71.0	48
 -70.0	53.5
 -69.0	63
 -68.0	40.5
 -67.0	63
 -66.0	52
 -65.0	55.5
 -64.0	54
 -63.0	60
 -62.0	38.5
 -61.0	58
 -60.0	55
 -59.0	51
 -58.0	54
 -57.0	42
 -56.0	52
 -55.0	58
 -54.0	44
 -53.0	50
 -52.0	39
 -51.0	38.5
 -50.0	54
 -49.0	59
 -48.0	35
 -47.0	58
 -46.0	61.5
 -45.0	60
 -44.0	47
 -43.0	40
 -42.0	45
 -41.0	58
 -40.0	53
 -39.0	38
 -38.0	46
 -37.0	39.5
 -36.0	41
 -35.0	51
 -34.0	38.5
 -33.0	52
 -32.0	56
 -31.0	49.5
 -30.0	44
 -29.0	58
 -28.0	34
 -27.0	52
 -26.0	43
 -25.0	63
 -24.0	40
 -23.0	53.5
 -22.0	55.5
 -21.0	49
 -20.0	56
 -19.0	46
 -18.0	49.5
 -17.0	43
 -16.0	50
 -15.0	76
 -14.0	84.5
 -13.0	67
 -12.0	72
 -11.0	53
 -10.0	57
  -9.0	57
  -8.0	55
  -7.0	40
  -6.0	66.5
  -5.0	44
  -4.0	72
  -3.0	61
  -2.0	46
  -1.0	60
   0.0	51
   1.0	51
   2.0	54.5
   3.0	59
   4.0	52
   5.0	51
   6.0	51
   7.0	48.5
   8.0	58.5
   9.0	60.25
  10.0	73.5
  11.0	75
  12.0	70
  13.0	80
  14.0	75
  15.0	57
  16.0	58
  17.0	59
  18.0	51
  19.0	44
  20.0	60
  21.0	61
  22.0	66
  23.0	58.5
  24.0	49.5
  25.0	54
  26.0	71.5
  27.0	55
  28.0	45
  29.0	42
  30.0	61
  31.0	60
  32.0	39
  33.0	48
  34.0	54
  35.0	47
  36.0	50
  37.0	42
  38.0	48.5
  39.0	49
  40.0	54
  41.0	40.25
  42.0	30
  43.0	36.5
  44.0	43
  45.0	53.5
  46.0	56
  47.0	46
  48.0	46
  49.0	39
  50.0	61
  51.0	48
  52.0	57
  53.0	48
  54.0	48.5
  55.0	42
  56.0	44
  57.0	73
  58.0	45
  59.0	44
  60.0	46
  61.0	33
  62.0	51
  63.0	43
  64.0	29
  65.0	47
  66.0	42
  67.0	55
  68.0	44
  69.0	52
  70.0	60
  71.0	53
  72.0	41.5
  73.0	45.75
  74.0	47
  75.0	55
  76.0	45.5
  77.0	51
  78.0	39
  79.0	47.5
  80.0	48
  81.0	40.5
  82.0	43
  83.0	53
  84.0	53
  85.0	33.5
  86.0	42
  87.0	56
  88.0	39.5
  89.0	37
  90.0	47
  91.0	49.5
  92.0	48
  93.0	41
  94.0	38
  95.0	37
  96.0	44
  97.0	54
  98.0	54
  99.0	48.5
 100.0	52
 101.0	36
 102.0	42
 103.0	63
 104.0	44
 105.0	54.25
DB 2 MOTIF	ZN335_HUMAN.H11MO.0.A
-104.0	68
-103.0	58
-102.0	62
-101.0	60
-100.0	59.5
 -99.0	71.5
 -98.0	51
 -97.0	73
 -96.0	65
 -95.0	60
 -94.0	69
 -93.0	71
 -92.0	56
 -91.0	56
 -90.0	72
 -89.0	66.5
 -88.0	70
 -87.0	74
 -86.0	64
 -85.0	61.5
 -84.0	67
 -83.0	51
 -82.0	65
 -81.0	70
 -80.0	68
 -79.0	68
 -78.0	68.5
 -77.0	71
 -76.0	67
 -75.0	78.5
 -74.0	73
 -73.0	67
 -72.0	68
 -71.0	65
 -70.0	62
 -69.0	54.2
 -68.0	59
 -67.0	77
 -66.0	61
 -65.0	63.2
 -64.0	54
 -63.0	72
 -62.0	76
 -61.0	70.2
 -60.0	67
 -59.0	84.5
 -58.0	66
 -57.0	71.7
 -56.0	84
 -55.0	60
 -54.0	74
 -53.0	54.2
 -52.0	60.5
 -51.0	71
 -50.0	65
 -49.0	80
 -48.0	79
 -47.0	63
 -46.0	70
 -45.0	77
 -44.0	74
 -43.0	73.5
 -42.0	69
 -41.0	70
 -40.0	82
 -39.0	71
 -38.0	72
 -37.0	79
 -36.0	107.5
 -35.0	64.5
 -34.0	76.5
 -33.0	69
 -32.0	70
 -31.0	64
 -30.0	62
 -29.0	83
 -28.0	80
 -27.0	97.5
 -26.0	87
 -25.0	84
 -24.0	84
 -23.0	95.5
 -22.0	66
 -21.0	88
 -20.0	87
 -19.0	83
 -18.0	92.5
 -17.0	85
 -16.0	79
 -15.0	94
 -14.0	87
 -13.0	94
 -12.0	109
 -11.0	73
 -10.0	82
  -9.0	78
  -8.0	62
  -7.0	71
  -6.0	63
  -5.0	66
  -4.0	70
  -3.0	66
  -2.0	58
  -1.0	83
   0.0	76
   1.0	77
   2.0	82
   3.0	76
   4.0	69
   5.0	61
   6.0	84
   7.0	77
   8.0	102
   9.0	92
  10.0	96.5
  11.0	94
  12.0	94
  13.0	85
  14.0	89.5
  15.0	91
  16.0	81
  17.0	87.5
  18.0	79.5
  19.0	95
  20.0	65
  21.0	81
  22.0	70
  23.0	96
  24.0	87
  25.0	85
  26.0	94
  27.0	89
  28.0	74
  29.0	68
  30.0	75
  31.0	77.3333
  32.0	78
  33.0	70
  34.0	90
  35.0	80
  36.0	67
  37.0	78.5
  38.0	88
  39.0	75
  40.0	82
  41.0	85
  42.0	73
  43.0	68
  44.0	83
  45.0	72
  46.0	66
  47.0	66
  48.0	62
  49.0	74
  50.0	84
  51.0	90
  52.0	69
  53.0	84.5
  54.0	80
  55.0	82
  56.0	57
  57.0	75
  58.0	71
  59.0	70
  60.0	74
  61.0	63
  62.0	62
  63.0	66
  64.0	56.5
  65.0	69.5
  66.0	73
  67.0	62.3333
  68.0	97
  69.0	83
  70.0	69
  71.0	62
  72.0	66
  73.0	64
  74.0	62
  75.0	76
  76.0	58
  77.0	70
  78.0	71
  79.0	77
  80.0	71
  81.0	69.5
  82.0	65
  83.0	68
  84.0	63
  85.0	64
  86.0	77
  87.0	68
  88.0	56.5
  89.0	61
  90.0	77
  91.0	72
  92.0	77
  93.0	69
  94.0	71
  95.0	53
  96.0	61
  97.0	51.5
  98.0	68
  99.0	52.5
 100.0	68
 101.0	63.5
 102.0	52
 103.0	62
 104.0	55.8333
DB 2 MOTIF	ZN335_HUMAN.H11MO.1.A
-111.5	106.75
-110.5	123.667
-109.5	124.333
-108.5	104.5
-107.5	104.5
-106.5	94.8333
-105.5	107
-104.5	79.8333
-103.5	114
-102.5	107.333
-101.5	110.5
-100.5	102
 -99.5	107.833
 -98.5	100.5
 -97.5	109.667
 -96.5	104.5
 -95.5	130.5
 -94.5	115.5
 -93.5	100.5
 -92.5	115.667
 -91.5	113.833
 -90.5	105
 -89.5	97.5
 -88.5	94.6667
 -87.5	114.5
 -86.5	90.5
 -85.5	115
 -84.5	114.833
 -83.5	118.833
 -82.5	95.5
 -81.5	109.167
 -80.5	105.667
 -79.5	97.3333
 -78.5	102.833
 -77.5	100.833
 -76.5	102
 -75.5	95.5
 -74.5	94
 -73.5	110.833
 -72.5	91.5
 -71.5	114.5
 -70.5	102.5
 -69.5	106.5
 -68.5	132
 -67.5	84
 -66.5	111.333
 -65.5	119
 -64.5	101
 -63.5	102.333
 -62.5	105.833
 -61.5	110
 -60.5	106.167
 -59.5	113.833
 -58.5	124.333
 -57.5	118
 -56.5	100.333
 -55.5	109.833
 -54.5	104.167
 -53.5	105.167
 -52.5	116.333
 -51.5	124.667
 -50.5	109.333
 -49.5	119.333
 -48.5	107.417
 -47.5	118.333
 -46.5	123.833
 -45.5	114.167
 -44.5	98.3333
 -43.5	135.833
 -42.5	93.8333
 -41.5	101
 -40.5	127
 -39.5	104.833
 -38.5	124.333
 -37.5	101.5
 -36.5	112.5
 -35.5	132
 -34.5	96
 -33.5	110.333
 -32.5	119
 -31.5	120
 -30.5	121.583
 -29.5	106
 -28.5	114.833
 -27.5	112.5
 -26.5	123.667
 -25.5	129
 -24.5	121.5
 -23.5	135.333
 -22.5	152.167
 -21.5	113.5
 -20.5	147.333
 -19.5	125.5
 -18.5	128.167
 -17.5	100.5
 -16.5	101.167
 -15.5	95.3333
 -14.5	103.833
 -13.5	128.5
 -12.5	107
 -11.5	117.833
 -10.5	125.833
  -9.5	133.5
  -8.5	102.833
  -7.5	107.833
  -6.5	112
  -5.5	88.8333
  -4.5	87.8333
  -3.5	108.333
  -2.5	106.5
  -1.5	96.5
  -0.5	138
   0.5	101.5
   1.5	109.5
   2.5	111.167
   3.5	84
   4.5	98.6667
   5.5	107.5
   6.5	112.5
   7.5	107.333
   8.5	113.5
   9.5	101.167
  10.5	118.5
  11.5	126
  12.5	120.833
  13.5	102.833
  14.5	109.25
  15.5	115.167
  16.5	120
  17.5	111
  18.5	134.833
  19.5	134.583
  20.5	113.667
  21.5	130
  22.5	124
  23.5	130
  24.5	128.833
  25.5	135.667
  26.5	111.333
  27.5	117.333
  28.5	119.167
  29.5	126
  30.5	115
  31.5	121.5
  32.5	115.333
  33.5	98.8333
  34.5	83.5
  35.5	129
  36.5	89.3333
  37.5	102.167
  38.5	102
  39.5	103.5
  40.5	117.5
  41.5	106.5
  42.5	106.833
  43.5	133.833
  44.5	116.833
  45.5	131
  46.5	116.833
  47.5	106.833
  48.5	113.333
  49.5	115.917
  50.5	105.833
  51.5	105
  52.5	110.5
  53.5	127.5
  54.5	128.5
  55.5	107
  56.5	105.667
  57.5	122.5
  58.5	109.667
  59.5	110.5
  60.5	129
  61.5	125.833
  62.5	102.833
  63.5	94
  64.5	113.333
  65.5	111.5
  66.5	118.333
  67.5	111.833
  68.5	89
  69.5	115.5
  70.5	105.833
  71.5	101.833
  72.5	120
  73.5	109
  74.5	99.5
  75.5	103.167
  76.5	108
  77.5	109.75
  78.5	99.1667
  79.5	105.333
  80.5	108.333
  81.5	101
  82.5	99.5
  83.5	102.167
  84.5	79
  85.5	105
  86.5	85
  87.5	119.333
  88.5	97.5
  89.5	99.25
  90.5	104.833
  91.5	131.833
  92.5	103
  93.5	94.5
  94.5	119.5
  95.5	90
  96.5	102.5
  97.5	106.333
  98.5	117.333
  99.5	111
 100.5	100
 101.5	100.5
 102.5	93.5
 103.5	111.333
 104.5	116
 105.5	113
 106.5	105.333
 107.5	101.5
 108.5	100.333
 109.5	107
 110.5	97
 111.5	116
DB 2 MOTIF	ZN341_HUMAN.H11MO.0.C
-104.0	139
-103.0	122.285
-102.0	121
-101.0	106.338
-100.0	114.75
 -99.0	107.005
 -98.0	108
 -97.0	116.005
 -96.0	111
 -95.0	96.5047
 -94.0	105
 -93.0	112.838
 -92.0	111
 -91.0	103.505
 -90.0	99
 -89.0	104.505
 -88.0	99
 -87.0	120.338
 -86.0	105.75
 -85.0	132.227
 -84.0	119.5
 -83.0	99.2269
 -82.0	93
 -81.0	100.136
 -80.0	115
 -79.0	107.653
 -78.0	112
 -77.0	113.653
 -76.0	119
 -75.0	99.1526
 -74.0	107.25
 -73.0	95.1526
 -72.0	103.5
 -71.0	100.486
 -70.0	101.5
 -69.0	103.153
 -68.0	115.2
 -67.0	128.153
 -66.0	109
 -65.0	110.653
 -64.0	126.7
 -63.0	114.1
 -62.0	116.25
 -61.0	120.1
 -60.0	105.7
 -59.0	118.5
 -58.0	116
 -57.0	107
 -56.0	101.7
 -55.0	119.5
 -54.0	126.5
 -53.0	112
 -52.0	97.7
 -51.0	128
 -50.0	115.5
 -49.0	94.8333
 -48.0	120
 -47.0	107.25
 -46.0	114
 -45.0	92
 -44.0	131
 -43.0	110
 -42.0	108
 -41.0	106
 -40.0	108
 -39.0	115
 -38.0	113
 -37.0	105.833
 -36.0	90
 -35.0	110
 -34.0	106
 -33.0	108
 -32.0	91
 -31.0	130
 -30.0	117
 -29.0	125
 -28.0	109.5
 -27.0	124.5
 -26.0	122.25
 -25.0	114
 -24.0	112.5
 -23.0	115
 -22.0	113
 -21.0	117.5
 -20.0	115
 -19.0	108.5
 -18.0	124
 -17.0	111.5
 -16.0	119
 -15.0	132
 -14.0	101
 -13.0	130
 -12.0	133.5
 -11.0	142.5
 -10.0	146
  -9.0	138
  -8.0	136.333
  -7.0	114
  -6.0	115
  -5.0	117.5
  -4.0	116.333
  -3.0	98.5
  -2.0	128
  -1.0	126
   0.0	136
   1.0	132
   2.0	100.833
   3.0	133.5
   4.0	126
   5.0	121
   6.0	132.25
   7.0	138.5
   8.0	131.5
   9.0	134.5
  10.0	145
  11.0	126
  12.0	133.833
  13.0	114
  14.0	128
  15.0	119.625
  16.0	134
  17.0	120.625
  18.0	112
  19.0	126.625
  20.0	122
  21.0	117.125
  22.0	121.5
  23.0	128.625
  24.0	115
  25.0	116.125
  26.0	123.5
  27.0	107.625
  28.0	118
  29.0	128.125
  30.0	108
  31.0	121.5
  32.0	124.5
  33.0	110
  34.0	102
  35.0	122.333
  36.0	109.2
  37.0	108.5
  38.0	101.2
  39.0	101
  40.0	107.7
  41.0	91
  42.0	109.2
  43.0	90.3333
  44.0	100.2
  45.0	103
  46.0	126.062
  47.0	98
  48.0	109.562
  49.0	130
  50.0	125.062
  51.0	119.5
  52.0	111.062
  53.0	108.5
  54.0	112.562
  55.0	108
  56.0	115.062
  57.0	116
  58.0	134.062
  59.0	100.25
  60.0	125.062
  61.0	104
  62.0	118.062
  63.0	117
  64.0	114.062
  65.0	106
  66.0	118.062
  67.0	122.111
  68.0	112.562
  69.0	120.111
  70.0	110.062
  71.0	113.111
  72.0	123.062
  73.0	103.111
  74.0	122.396
  75.0	108.111
  76.0	102.562
  77.0	97.6111
  78.0	113.5
  79.0	120.611
  80.0	112
  81.0	111.611
  82.0	101
  83.0	122.444
  84.0	105.5
  85.0	106
  86.0	107.5
  87.0	90
  88.0	104.5
  89.0	126
  90.0	112
  91.0	110
  92.0	105.143
  93.0	108
  94.0	101.476
  95.0	113
  96.0	117.343
  97.0	88.3333
  98.0	96.3429
  99.0	118.833
 100.0	108.676
 101.0	122.333
 102.0	123.343
 103.0	112.833
 104.0	111.343
DB 2 MOTIF	ZN341_HUMAN.H11MO.1.C
-110.5	97.5
-109.5	96
-108.5	95.5
-107.5	96
-106.5	85
-105.5	93.5
-104.5	126.5
-103.5	92
-102.5	93
-101.5	96
-100.5	129.5
 -99.5	109.833
 -98.5	104
 -97.5	90
 -96.5	84
 -95.5	99.5
 -94.5	99.5
 -93.5	93.6667
 -92.5	86
 -91.5	123.5
 -90.5	102.5
 -89.5	100
 -88.5	87.5
 -87.5	83
 -86.5	101.5
 -85.5	104
 -84.5	106
 -83.5	130
 -82.5	82.5
 -81.5	113.667
 -80.5	108.2
 -79.5	100.2
 -78.5	102
 -77.5	98.5
 -76.5	108
 -75.5	99
 -74.5	94.7
 -73.5	109
 -72.5	111
 -71.5	105
 -70.5	87
 -69.5	112.167
 -68.5	110.2
 -67.5	100
 -66.5	99.5
 -65.5	86
 -64.5	114.5
 -63.5	98.2
 -62.5	113.2
 -61.5	129.5
 -60.5	102.5
 -59.5	119
 -58.5	114.5
 -57.5	103.667
 -56.5	109.2
 -55.5	122.833
 -54.5	121.5
 -53.5	104.5
 -52.5	114
 -51.5	95
 -50.5	117.333
 -49.5	114.5
 -48.5	106.5
 -47.5	105.5
 -46.5	113
 -45.5	106
 -44.5	113
 -43.5	128.5
 -42.5	117
 -41.5	105.5
 -40.5	103
 -39.5	115.5
 -38.5	122
 -37.5	117.5
 -36.5	102.5
 -35.5	111.25
 -34.5	138.5
 -33.5	107.667
 -32.5	121.125
 -31.5	102
 -30.5	122.5
 -29.5	140.625
 -28.5	108.833
 -27.5	105
 -26.5	140.125
 -25.5	129
 -24.5	112
 -23.5	124.958
 -22.5	141
 -21.5	144.667
 -20.5	145.125
 -19.5	163.5
 -18.5	165
 -17.5	176.625
 -16.5	158.2
 -15.5	171.333
 -14.5	126.625
 -13.5	141
 -12.5	130.333
 -11.5	112.125
 -10.5	128
  -9.5	113.333
  -8.5	127.333
  -7.5	138
  -6.5	117.5
  -5.5	112
  -4.5	122
  -3.5	128.5
  -2.5	119
  -1.5	147.833
  -0.5	115
   0.5	105
   1.5	126
   2.5	105
   3.5	95.5
   4.5	125
   5.5	132
   6.5	130.5
   7.5	127
   8.5	128
   9.5	131.333
  10.5	117.833
  11.5	109.5
  12.5	158.333
  13.5	124
  14.5	160
  15.5	181.333
  16.5	153
  17.5	148
  18.5	143
  19.5	162
  20.5	144.5
  21.5	134
  22.5	144.5
  23.5	139.833
  24.5	141.5
  25.5	148.5
  26.5	120.5
  27.5	132
  28.5	112
  29.5	120.5
  30.5	116.7
  31.5	94.5
  32.5	128
  33.5	103
  34.5	132
  35.5	123.25
  36.5	111.5
  37.5	123.5
  38.5	142
  39.5	124
  40.5	127.5
  41.5	116.5
  42.5	105.25
  43.5	112.5
  44.5	94.5
  45.5	96.3333
  46.5	123
  47.5	129.5
  48.5	111
  49.5	120
  50.5	116.5
  51.5	104.833
  52.5	125
  53.5	105
  54.5	113.25
  55.5	115.5
  56.5	94.5
  57.5	76.25
  58.5	110.833
  59.5	128
  60.5	104.083
  61.5	93.5
  62.5	113.5
  63.5	89.25
  64.5	106.5
  65.5	120.5
  66.5	104.5
  67.5	102.75
  68.5	118
  69.5	93.6667
  70.5	95.3333
  71.5	108.5
  72.5	103
  73.5	98
  74.5	88.8333
  75.5	113.833
  76.5	112.5
  77.5	102.5
  78.5	109.7
  79.5	115.5
  80.5	93.3333
  81.5	114.25
  82.5	98.5
  83.5	112
  84.5	84.5
  85.5	101
  86.5	114
  87.5	115
  88.5	110
  89.5	87.3333
  90.5	106.5
  91.5	100.5
  92.5	94.5
  93.5	102
  94.5	97.5
  95.5	98.5
  96.5	111
  97.5	92.8333
  98.5	90.6667
  99.5	124.25
 100.5	95.5
 101.5	106.5
 102.5	87
 103.5	111.333
 104.5	106.333
 105.5	88.5
 106.5	82
 107.5	114.833
 108.5	114.333
 109.5	97
 110.5	79.5
DB 2 MOTIF	ZN350_HUMAN.H11MO.1.D
-103.0	20.5
-102.0	33
-101.0	28
-100.0	31
 -99.0	32
 -98.0	31
 -97.0	40
 -96.0	37
 -95.0	21
 -94.0	25
 -93.0	35.5
 -92.0	35
 -91.0	37
 -90.0	40
 -89.0	36
 -88.0	29
 -87.0	33
 -86.0	31
 -85.0	32
 -84.0	26
 -83.0	35
 -82.0	29
 -81.0	34
 -80.0	35
 -79.0	32
 -78.0	33.5
 -77.0	38
 -76.0	44
 -75.0	29
 -74.0	32
 -73.0	38
 -72.0	24
 -71.0	27
 -70.0	27
 -69.0	35
 -68.0	26
 -67.0	29
 -66.0	35
 -65.0	42
 -64.0	31
 -63.0	36
 -62.0	29
 -61.0	31
 -60.0	33
 -59.0	37
 -58.0	37
 -57.0	33
 -56.0	35
 -55.0	35
 -54.0	36
 -53.0	41
 -52.0	50
 -51.0	34
 -50.0	47
 -49.0	33
 -48.0	33
 -47.0	34
 -46.0	32
 -45.0	30
 -44.0	31
 -43.0	30
 -42.0	25
 -41.0	34
 -40.0	37
 -39.0	38
 -38.0	45.5
 -37.0	33
 -36.0	31.5
 -35.0	44
 -34.0	39
 -33.0	36
 -32.0	32
 -31.0	37
 -30.0	30
 -29.0	31
 -28.0	34
 -27.0	35
 -26.0	38
 -25.0	53
 -24.0	43
 -23.0	51
 -22.0	44
 -21.0	60
 -20.0	46
 -19.0	45
 -18.0	44
 -17.0	46
 -16.0	55
 -15.0	61
 -14.0	52
 -13.0	41
 -12.0	36
 -11.0	51
 -10.0	46
  -9.0	47
  -8.0	46
  -7.0	42
  -6.0	36
  -5.0	44
  -4.0	25
  -3.0	27.5
  -2.0	31
  -1.0	37
   0.0	36
   1.0	35
   2.0	30
   3.0	32
   4.0	28
   5.0	25
   6.0	31
   7.0	35
   8.0	42
   9.0	44
  10.0	31
  11.0	35
  12.0	50
  13.0	56
  14.0	54
  15.0	60
  16.0	49
  17.0	48
  18.0	52
  19.0	40.5
  20.0	48
  21.0	40
  22.0	41
  23.0	31
  24.0	34
  25.0	38
  26.0	42
  27.0	38
  28.0	44
  29.0	31
  30.0	36
  31.0	31
  32.0	25
  33.0	41
  34.0	32
  35.0	36
  36.0	38
  37.0	35
  38.0	31
  39.0	41
  40.0	39
  41.0	41
  42.0	33
  43.0	31
  44.0	41.5
  45.0	24
  46.0	37
  47.0	31
  48.0	40
  49.0	29
  50.0	25
  51.0	31
  52.0	38
  53.0	32
  54.0	29
  55.0	33
  56.0	34
  57.0	29
  58.0	45
  59.0	35
  60.0	26
  61.0	38
  62.0	36
  63.0	42
  64.0	27
  65.0	40
  66.0	31
  67.0	45
  68.0	25
  69.0	31
  70.0	27
  71.0	30
  72.0	29
  73.0	41
  74.0	32
  75.0	32
  76.0	40
  77.0	28
  78.0	32
  79.0	34
  80.0	34
  81.0	33
  82.0	35
  83.0	32
  84.0	31
  85.0	27
  86.0	21
  87.0	27
  88.0	31
  89.0	29
  90.0	32
  91.0	27
  92.0	29
  93.0	35
  94.0	33.5
  95.0	31.5
  96.0	41
  97.0	29
  98.0	21
  99.0	22
 100.0	26
 101.0	32
 102.0	20
 103.0	39
DB 2 MOTIF	ZN436_HUMAN.H11MO.0.C
-103.0	1
-102.0	2
-101.0	0
-100.0	6
 -99.0	1
 -98.0	5
 -97.0	4
 -96.0	3
 -95.0	3
 -94.0	1
 -93.0	0.5
 -92.0	3
 -91.0	3
 -90.0	1
 -89.0	5
 -88.0	3
 -87.0	2
 -86.0	1
 -85.0	2
 -84.0	1
 -83.0	1
 -82.0	3
 -81.0	2
 -80.0	1
 -79.0	0
 -78.0	3
 -77.0	3
 -76.0	5
 -75.0	2
 -74.0	4
 -73.0	4
 -72.0	1
 -71.0	1
 -70.0	0
 -69.0	2
 -68.0	5
 -67.0	7
 -66.0	3
 -65.0	2
 -64.0	1
 -63.0	0
 -62.0	3
 -61.0	3
 -60.0	1
 -59.0	5
 -58.0	6
 -57.0	2
 -56.0	3
 -55.0	0
 -54.0	1
 -53.0	2
 -52.0	2
 -51.0	5
 -50.0	2
 -49.0	3
 -48.0	4
 -47.0	2
 -46.0	2
 -45.0	3
 -44.0	3
 -43.0	2
 -42.0	2
 -41.0	1
 -40.0	3
 -39.0	4
 -38.0	4
 -37.0	4
 -36.0	1
 -35.0	1
 -34.0	1
 -33.0	0
 -32.0	2
 -31.0	3
 -30.0	4
 -29.0	3
 -28.0	2
 -27.0	1
 -26.0	6
 -25.0	2
 -24.0	2
 -23.0	5
 -22.0	2
 -21.0	2
 -20.0	3
 -19.0	2
 -18.0	4
 -17.0	4
 -16.0	9
 -15.0	5
 -14.0	1
 -13.0	7
 -12.0	6
 -11.0	3
 -10.0	2
  -9.0	6
  -8.0	0
  -7.0	2
  -6.0	5
  -5.0	5
  -4.0	5
  -3.0	4
  -2.0	6
  -1.0	3
   0.0	5
   1.0	7
   2.0	7
   3.0	3
   4.0	4
   5.0	6
   6.0	5
   7.0	3.5
   8.0	3
   9.0	2
  10.0	4
  11.0	7
  12.0	1
  13.0	4
  14.0	10
  15.0	7
  16.0	3
  17.0	4
  18.0	4
  19.0	2
  20.0	2
  21.0	3
  22.0	6
  23.0	1
  24.0	0
  25.0	3
  26.0	1
  27.0	2
  28.0	4
  29.0	5
  30.0	4
  31.0	1
  32.0	0
  33.0	5
  34.0	6
  35.0	2
  36.0	0
  37.0	1
  38.0	1
  39.0	0
  40.0	1
  41.0	7
  42.0	1
  43.0	2
  44.0	4
  45.0	2
  46.0	2
  47.0	1
  48.0	3
  49.0	0
  50.0	3
  51.0	4
  52.0	0
  53.0	3
  54.0	0
  55.0	3
  56.0	5
  57.0	1
  58.0	1
  59.0	2
  60.0	2
  61.0	1
  62.0	4
  63.0	2
  64.0	2
  65.0	2
  66.0	2
  67.0	1
  68.0	0
  69.0	4
  70.0	0
  71.0	4
  72.0	3
  73.0	8
  74.0	0
  75.0	1
  76.0	2
  77.0	4
  78.0	2
  79.0	3
  80.0	2
  81.0	0
  82.0	3
  83.0	3
  84.0	4
  85.0	8
  86.0	5
  87.0	3
  88.0	4
  89.0	2
  90.0	2
  91.0	1
  92.0	4
  93.0	3
  94.0	3
  95.0	2
  96.0	0
  97.0	1
  98.0	5
  99.0	1
 100.0	3
 101.0	2
 102.0	1
 103.0	1
DB 2 MOTIF	ZN547_HUMAN.H11MO.0.C
-105.0	51
-104.0	45
-103.0	44
-102.0	47
-101.0	54
-100.0	49
 -99.0	51
 -98.0	44
 -97.0	45
 -96.0	54
 -95.0	60
 -94.0	38
 -93.0	49
 -92.0	46
 -91.0	51
 -90.0	54
 -89.0	47
 -88.0	38
 -87.0	41
 -86.0	44
 -85.0	60
 -84.0	52.5
 -83.0	48
 -82.0	61
 -81.0	45
 -80.0	40
 -79.0	44
 -78.0	42
 -77.0	56
 -76.0	33
 -75.0	52
 -74.0	47
 -73.0	53
 -72.0	33
 -71.0	54
 -70.0	43
 -69.0	40
 -68.0	38
 -67.0	41
 -66.0	52
 -65.0	44
 -64.0	58
 -63.0	58
 -62.0	47
 -61.0	55
 -60.0	58
 -59.0	53
 -58.0	54
 -57.0	66
 -56.0	63
 -55.0	50
 -54.0	56
 -53.0	59.5
 -52.0	53
 -51.0	47
 -50.0	43
 -49.0	47
 -48.0	53
 -47.0	67
 -46.0	55
 -45.0	63
 -44.0	49
 -43.0	49
 -42.0	62
 -41.0	51
 -40.0	49
 -39.0	53
 -38.0	60
 -37.0	38
 -36.0	46
 -35.0	60
 -34.0	52
 -33.0	49
 -32.0	57
 -31.0	73
 -30.0	62
 -29.0	61
 -28.0	52
 -27.0	61
 -26.0	42
 -25.0	56
 -24.0	49
 -23.0	52
 -22.0	77
 -21.0	56.5
 -20.0	72
 -19.0	74
 -18.0	59
 -17.0	56
 -16.0	45
 -15.0	43
 -14.0	47
 -13.0	63
 -12.0	64
 -11.0	61
 -10.0	56
  -9.0	62
  -8.0	56.5
  -7.0	68
  -6.0	68
  -5.0	63
  -4.0	59
  -3.0	42
  -2.0	44
  -1.0	45
   0.0	50
   1.0	72
   2.0	51
   3.0	59
   4.0	61
   5.0	62
   6.0	60
   7.0	61
   8.0	65
   9.0	51
  10.0	56
  11.0	52
  12.0	59
  13.0	58
  14.0	59
  15.0	55
  16.0	56
  17.0	55
  18.0	58
  19.0	49
  20.0	64
  21.0	57
  22.0	70
  23.0	55
  24.0	65
  25.0	64
  26.0	63
  27.0	52
  28.0	55
  29.0	65
  30.0	50
  31.0	55
  32.0	47
  33.0	62
  34.0	57.5
  35.0	67
  36.0	58
  37.0	61
  38.0	52
  39.0	49
  40.0	52
  41.0	58
  42.0	64
  43.0	57
  44.0	53
  45.0	59
  46.0	71
  47.0	50
  48.0	47
  49.0	66
  50.0	40
  51.0	61
  52.0	47
  53.0	48
  54.0	70
  55.0	53
  56.0	57
  57.0	29
  58.0	46
  59.0	57
  60.0	42
  61.0	38
  62.0	59
  63.0	38
  64.0	53
  65.0	58
  66.0	53
  67.0	48
  68.0	45
  69.0	47
  70.0	45
  71.0	54
  72.0	52
  73.0	60
  74.0	43
  75.0	40
  76.0	55
  77.0	46
  78.0	38
  79.0	41
  80.0	50
  81.0	42
  82.0	61
  83.0	55
  84.0	39
  85.0	38.5
  86.0	49
  87.0	40
  88.0	51
  89.0	56
  90.0	52
  91.0	39
  92.0	45
  93.0	56
  94.0	47
  95.0	44
  96.0	47
  97.0	41
  98.0	40
  99.0	31
 100.0	63
 101.0	35
 102.0	54
 103.0	61
 104.0	65
 105.0	49
DB 2 MOTIF	ZN549_HUMAN.H11MO.0.C
-105.0	53
-104.0	46
-103.0	49
-102.0	52
-101.0	54
-100.0	52
 -99.0	46
 -98.0	33
 -97.0	35
 -96.0	42
 -95.0	34
 -94.0	44
 -93.0	41
 -92.0	47
 -91.0	26
 -90.0	48
 -89.0	44
 -88.0	42
 -87.0	50
 -86.0	38.5
 -85.0	44
 -84.0	36
 -83.0	32
 -82.0	46
 -81.0	38
 -80.0	49
 -79.0	40.5
 -78.0	39
 -77.0	41
 -76.0	50
 -75.0	49
 -74.0	57
 -73.0	41
 -72.0	52
 -71.0	51
 -70.0	45
 -69.0	52
 -68.0	47.5
 -67.0	42
 -66.0	39
 -65.0	37
 -64.0	35
 -63.0	44
 -62.0	55
 -61.0	48
 -60.0	36
 -59.0	37
 -58.0	41
 -57.0	43
 -56.0	49
 -55.0	41
 -54.0	40.5
 -53.0	48
 -52.0	43
 -51.0	45
 -50.0	36
 -49.0	48
 -48.0	41
 -47.0	39
 -46.0	58
 -45.0	51
 -44.0	42
 -43.0	44
 -42.0	43.5
 -41.0	37
 -40.0	40
 -39.0	42
 -38.0	48
 -37.0	44
 -36.0	59
 -35.0	44
 -34.0	44
 -33.0	46
 -32.0	48
 -31.0	38
 -30.0	43
 -29.0	42
 -28.0	45
 -27.0	69
 -26.0	42
 -25.0	38
 -24.0	72.5
 -23.0	41
 -22.0	57.5
 -21.0	45
 -20.0	55
 -19.0	43
 -18.0	54.5
 -17.0	42
 -16.0	46
 -15.0	52
 -14.0	44
 -13.0	53.5
 -12.0	49
 -11.0	42
 -10.0	57
  -9.0	42
  -8.0	43
  -7.0	63
  -6.0	63
  -5.0	55
  -4.0	56
  -3.0	57
  -2.0	60
  -1.0	66
   0.0	48
   1.0	61
   2.0	54
   3.0	54
   4.0	63
   5.0	54
   6.0	57
   7.0	50
   8.0	49
   9.0	54
  10.0	40
  11.0	50
  12.0	34
  13.0	49
  14.0	44
  15.0	37
  16.0	42
  17.0	51
  18.0	39
  19.0	44
  20.0	53
  21.0	50
  22.0	57
  23.0	54
  24.0	41
  25.0	48
  26.0	52
  27.0	55
  28.0	46
  29.0	49
  30.0	52
  31.0	48
  32.0	44
  33.0	45
  34.0	47
  35.0	42
  36.0	41
  37.0	48
  38.0	51
  39.0	47
  40.0	46
  41.0	53
  42.0	54
  43.0	32
  44.0	48
  45.0	46
  46.0	29
  47.0	38
  48.0	43
  49.0	47
  50.0	40
  51.0	47
  52.0	44
  53.0	52.5
  54.0	49
  55.0	47
  56.0	48
  57.0	37
  58.0	41
  59.0	40
  60.0	37.5
  61.0	47
  62.0	34
  63.0	38
  64.0	40
  65.0	29
  66.0	46
  67.0	55.5
  68.0	34
  69.0	36
  70.0	34
  71.0	51
  72.0	40
  73.0	37
  74.0	39
  75.0	42
  76.0	33
  77.0	33
  78.0	34
  79.0	37
  80.0	44
  81.0	32
  82.0	39
  83.0	36
  84.0	43
  85.0	47
  86.0	37
  87.0	37
  88.0	36
  89.0	37
  90.0	46
  91.0	37
  92.0	41
  93.0	49
  94.0	35
  95.0	48
  96.0	31
  97.0	41
  98.0	41
  99.0	38
 100.0	39
 101.0	44
 102.0	35
 103.0	46
 104.0	41
 105.0	35
DB 2 MOTIF	ZN554_HUMAN.H11MO.0.C
-105.0	77.5
-104.0	78
-103.0	60
-102.0	97
-101.0	94
-100.0	89
 -99.0	93
 -98.0	81
 -97.0	100
 -96.0	78
 -95.0	86.5
 -94.0	75
 -93.0	74
 -92.0	90
 -91.0	87
 -90.0	91
 -89.0	75
 -88.0	98
 -87.0	79
 -86.0	70
 -85.0	76
 -84.0	78
 -83.0	92
 -82.0	120
 -81.0	96.3333
 -80.0	91
 -79.0	97
 -78.0	102
 -77.0	104.5
 -76.0	94
 -75.0	84
 -74.0	80
 -73.0	89
 -72.0	81.5
 -71.0	84
 -70.0	82.5
 -69.0	79
 -68.0	81
 -67.0	100.833
 -66.0	90.5
 -65.0	90.5
 -64.0	94
 -63.0	75
 -62.0	99.5
 -61.0	112
 -60.0	85
 -59.0	95
 -58.0	96
 -57.0	91
 -56.0	100
 -55.0	85
 -54.0	78
 -53.0	92
 -52.0	88.5
 -51.0	97
 -50.0	93.5
 -49.0	98
 -48.0	90
 -47.0	94.5
 -46.0	92
 -45.0	107
 -44.0	96.3333
 -43.0	95.5
 -42.0	82
 -41.0	106
 -40.0	101
 -39.0	108
 -38.0	85.5
 -37.0	104
 -36.0	103
 -35.0	95
 -34.0	111.5
 -33.0	106
 -32.0	98.8333
 -31.0	134.5
 -30.0	116
 -29.0	105
 -28.0	108
 -27.0	102
 -26.0	103
 -25.0	132.5
 -24.0	112
 -23.0	102.5
 -22.0	117
 -21.0	110.5
 -20.0	89
 -19.0	97
 -18.0	97.5
 -17.0	122
 -16.0	92
 -15.0	124.5
 -14.0	111.5
 -13.0	130
 -12.0	130.5
 -11.0	123
 -10.0	128
  -9.0	143
  -8.0	138
  -7.0	117
  -6.0	148.5
  -5.0	136.5
  -4.0	149.333
  -3.0	166
  -2.0	144
  -1.0	150.5
   0.0	162
   1.0	158.5
   2.0	154
   3.0	127
   4.0	149
   5.0	135
   6.0	116
   7.0	135.5
   8.0	116
   9.0	132.5
  10.0	127
  11.0	126
  12.0	127
  13.0	124
  14.0	131
  15.0	110
  16.0	106.333
  17.0	104.5
  18.0	99
  19.0	115.5
  20.0	91
  21.0	114
  22.0	117
  23.0	103
  24.0	111
  25.0	103
  26.0	117
  27.0	100
  28.0	114
  29.0	114
  30.0	101.333
  31.0	89.5
  32.0	92.5
  33.0	93
  34.0	112
  35.0	110
  36.0	99
  37.0	93
  38.0	90
  39.0	95
  40.0	113
  41.0	102.5
  42.0	77
  43.0	89
  44.0	96
  45.0	112
  46.0	93
  47.0	109
  48.0	117
  49.0	96.5
  50.0	90
  51.0	79
  52.0	81
  53.0	121.5
  54.0	98.5
  55.0	95.5
  56.0	93
  57.0	85.5
  58.0	100
  59.0	114.333
  60.0	91
  61.0	84
  62.0	87
  63.0	96
  64.0	89.3333
  65.0	89
  66.0	77
  67.0	91.5
  68.0	89
  69.0	80
  70.0	66
  71.0	83
  72.0	95.5
  73.0	99
  74.0	101
  75.0	81
  76.0	85
  77.0	88
  78.0	84
  79.0	78.5
  80.0	79.5
  81.0	75
  82.0	87
  83.0	106
  84.0	99.5
  85.0	100
  86.0	75.5
  87.0	77
  88.0	99
  89.0	68
  90.0	98.5
  91.0	92.5
  92.0	78
  93.0	98
  94.0	97
  95.0	97
  96.0	91
  97.0	97
  98.0	87
  99.0	69
 100.0	96
 101.0	86.5
 102.0	88
 103.0	72
 104.0	72
 105.0	85.5
DB 2 MOTIF	ZN554_HUMAN.H11MO.1.D
-110.5	90.5
-109.5	98.5
-108.5	94
-107.5	114
-106.5	86.25
-105.5	116.5
-104.5	107
-103.5	106
-102.5	106
-101.5	105
-100.5	100.5
 -99.5	111
 -98.5	110.5
 -97.5	86
 -96.5	123
 -95.5	123.5
 -94.5	112
 -93.5	116.25
 -92.5	95
 -91.5	104
 -90.5	95
 -89.5	94
 -88.5	84.5
 -87.5	122.5
 -86.5	98
 -85.5	109.5
 -84.5	109
 -83.5	111
 -82.5	100
 -81.5	110
 -80.5	122.25
 -79.5	100
 -78.5	104
 -77.5	113.5
 -76.5	101.833
 -75.5	119.75
 -74.5	101.5
 -73.5	116
 -72.5	127.167
 -71.5	128
 -70.5	129.5
 -69.5	93.5
 -68.5	91.5
 -67.5	115
 -66.5	131.5
 -65.5	105
 -64.5	122.5
 -63.5	99
 -62.5	116
 -61.5	111
 -60.5	118.5
 -59.5	118
 -58.5	135
 -57.5	102
 -56.5	114
 -55.5	117.333
 -54.5	105.5
 -53.5	113
 -52.5	113
 -51.5	105
 -50.5	111.833
 -49.5	111.75
 -48.5	104
 -47.5	123.25
 -46.5	124.5
 -45.5	120.75
 -44.5	111
 -43.5	126
 -42.5	136.5
 -41.5	126.5
 -40.5	111.5
 -39.5	115
 -38.5	120.5
 -37.5	111.833
 -36.5	112.5
 -35.5	135
 -34.5	133
 -33.5	139.25
 -32.5	116.25
 -31.5	124.333
 -30.5	116
 -29.5	115
 -28.5	134
 -27.5	126
 -26.5	128.5
 -25.5	138.5
 -24.5	123.5
 -23.5	127
 -22.5	131
 -21.5	135.5
 -20.5	133.5
 -19.5	133
 -18.5	148.5
 -17.5	150
 -16.5	139.5
 -15.5	126
 -14.5	132.5
 -13.5	114
 -12.5	111.5
 -11.5	125.5
 -10.5	108.333
  -9.5	112.333
  -8.5	120.5
  -7.5	103.5
  -6.5	106
  -5.5	142.5
  -4.5	107
  -3.5	122
  -2.5	92.25
  -1.5	127
  -0.5	99.5
   0.5	114
   1.5	117.5
   2.5	117.5
   3.5	107.833
   4.5	109
   5.5	121.75
   6.5	123.5
   7.5	105
   8.5	102
   9.5	125.75
  10.5	104.333
  11.5	100.5
  12.5	123.833
  13.5	138
  14.5	143.75
  15.5	129.5
  16.5	139
  17.5	146.5
  18.5	103
  19.5	147.75
  20.5	120.5
  21.5	135.45
  22.5	123.5
  23.5	125.5
  24.5	138.75
  25.5	134
  26.5	121
  27.5	126.833
  28.5	113.833
  29.5	137.5
  30.5	113.25
  31.5	119
  32.5	102
  33.5	108.5
  34.5	134.5
  35.5	112
  36.5	112.5
  37.5	101.833
  38.5	113.5
  39.5	139.2
  40.5	117.5
  41.5	111.75
  42.5	108.333
  43.5	118
  44.5	113
  45.5	122
  46.5	136.5
  47.5	134
  48.5	116
  49.5	106.333
  50.5	96.5
  51.5	94.5
  52.5	109.5
  53.5	118.333
  54.5	109.5
  55.5	118
  56.5	105
  57.5	111.7
  58.5	127.583
  59.5	105.25
  60.5	91.5
  61.5	110.25
  62.5	124.5
  63.5	127.333
  64.5	105
  65.5	122
  66.5	105
  67.5	112.5
  68.5	122.5
  69.5	111.5
  70.5	107
  71.5	92.5
  72.5	112.25
  73.5	96.25
  74.5	115.5
  75.5	112.5
  76.5	129.5
  77.5	116.7
  78.5	95.25
  79.5	106.5
  80.5	123
  81.5	89
  82.5	103
  83.5	104.5
  84.5	95.5
  85.5	116
  86.5	96.5
  87.5	94.3333
  88.5	103.5
  89.5	109
  90.5	110
  91.5	84.5
  92.5	113.5
  93.5	100
  94.5	97.5
  95.5	106
  96.5	105.75
  97.5	91.2
  98.5	115
  99.5	115.833
 100.5	111
 101.5	118
 102.5	120.333
 103.5	96.5
 104.5	103
 105.5	112.75
 106.5	113.5
 107.5	100
 108.5	95.5
 109.5	111.333
 110.5	88
DB 2 MOTIF	ZN563_HUMAN.H11MO.0.C
-104.5	99
-103.5	92
-102.5	103.5
-101.5	101
-100.5	91
 -99.5	81.5
 -98.5	98
 -97.5	102
 -96.5	91
 -95.5	89
 -94.5	103
 -93.5	118.5
 -92.5	100
 -91.5	77
 -90.5	95
 -89.5	76.5
 -88.5	84.5
 -87.5	98.5
 -86.5	104.5
 -85.5	107
 -84.5	101
 -83.5	99.5
 -82.5	82
 -81.5	95
 -80.5	87
 -79.5	96
 -78.5	86
 -77.5	110.5
 -76.5	89
 -75.5	81.5
 -74.5	99.5
 -73.5	109
 -72.5	90
 -71.5	80.5
 -70.5	98
 -69.5	103
 -68.5	94
 -67.5	99.5
 -66.5	106
 -65.5	112.5
 -64.5	103.5
 -63.5	88
 -62.5	101
 -61.5	123
 -60.5	108
 -59.5	105
 -58.5	98.5
 -57.5	110.5
 -56.5	105
 -55.5	115
 -54.5	99.5
 -53.5	109
 -52.5	118.5
 -51.5	97
 -50.5	97.5
 -49.5	108
 -48.5	122
 -47.5	122.5
 -46.5	87
 -45.5	108
 -44.5	128.5
 -43.5	125
 -42.5	117
 -41.5	112.5
 -40.5	112
 -39.5	111
 -38.5	123.333
 -37.5	111
 -36.5	141
 -35.5	113.5
 -34.5	98.5
 -33.5	103
 -32.5	103.5
 -31.5	130
 -30.5	132.5
 -29.5	130.25
 -28.5	138.7
 -27.5	132
 -26.5	158
 -25.5	129.7
 -24.5	159
 -23.5	143
 -22.5	136.7
 -21.5	151.5
 -20.5	161.5
 -19.5	122.2
 -18.5	131
 -17.5	149
 -16.5	151.7
 -15.5	146.5
 -14.5	145
 -13.5	175.5
 -12.5	175
 -11.5	205
 -10.5	208
  -9.5	199
  -8.5	194
  -7.5	192
  -6.5	174
  -5.5	183
  -4.5	190.5
  -3.5	150
  -2.5	188
  -1.5	191
  -0.5	159
   0.5	199
   1.5	181.5
   2.5	176
   3.5	169
   4.5	146.5
   5.5	163
   6.5	172
   7.5	161.25
   8.5	162.5
   9.5	206.833
  10.5	183.5
  11.5	184
  12.5	181.5
  13.5	181
  14.5	164.5
  15.5	175
  16.5	151.5
  17.5	146
  18.5	143.5
  19.5	150
  20.5	152
  21.5	158
  22.5	152
  23.5	170
  24.5	152.5
  25.5	140
  26.5	126
  27.5	108
  28.5	135
  29.5	120
  30.5	155
  31.5	125
  32.5	119
  33.5	124
  34.5	111
  35.5	130
  36.5	116
  37.5	119
  38.5	96
  39.5	124
  40.5	105
  41.5	114
  42.5	120
  43.5	109
  44.5	153.75
  45.5	94.5
  46.5	115
  47.5	100
  48.5	113
  49.5	103
  50.5	109
  51.5	115.5
  52.5	92
  53.5	106
  54.5	106.5
  55.5	96.5
  56.5	100
  57.5	100.333
  58.5	96
  59.5	93
  60.5	107
  61.5	100
  62.5	101
  63.5	107.5
  64.5	101
  65.5	122
  66.5	105
  67.5	114.5
  68.5	91.5
  69.5	113
  70.5	93
  71.5	91
  72.5	88
  73.5	80
  74.5	79
  75.5	103
  76.5	102.5
  77.5	91
  78.5	92
  79.5	81.5
  80.5	88
  81.5	93.75
  82.5	107
  83.5	100
  84.5	99
  85.5	95
  86.5	98
  87.5	96
  88.5	82
  89.5	108
  90.5	102
  91.5	84.5
  92.5	105
  93.5	113
  94.5	98.5
  95.5	101
  96.5	85
  97.5	106.5
  98.5	118
  99.5	95.5
 100.5	109
 101.5	102
 102.5	84
 103.5	99
 104.5	93.5
DB 2 MOTIF	ZN563_HUMAN.H11MO.1.C
-109.0	96
-108.0	95
-107.0	109.333
-106.0	93
-105.0	99.5
-104.0	100.25
-103.0	106.5
-102.0	88
-101.0	77
-100.0	100.5
 -99.0	89
 -98.0	80
 -97.0	111.5
 -96.0	113
 -95.0	110
 -94.0	89.25
 -93.0	121.5
 -92.0	112
 -91.0	94
 -90.0	107
 -89.0	97
 -88.0	104
 -87.0	105.5
 -86.0	89.5
 -85.0	113.75
 -84.0	110.5
 -83.0	93.8333
 -82.0	116.5
 -81.0	104
 -80.0	111.333
 -79.0	114
 -78.0	116
 -77.0	114.5
 -76.0	89
 -75.0	102
 -74.0	121
 -73.0	108
 -72.0	114.5
 -71.0	100
 -70.0	101
 -69.0	109
 -68.0	100
 -67.0	109.5
 -66.0	123.5
 -65.0	100
 -64.0	110
 -63.0	128
 -62.0	125.5
 -61.0	102.5
 -60.0	104
 -59.0	98.3333
 -58.0	133.5
 -57.0	105.333
 -56.0	107
 -55.0	128
 -54.0	118
 -53.0	107.5
 -52.0	106.5
 -51.0	109.5
 -50.0	110.5
 -49.0	111
 -48.0	113.5
 -47.0	126.5
 -46.0	112.5
 -45.0	114.5
 -44.0	115.25
 -43.0	130
 -42.0	118
 -41.0	122.5
 -40.0	134.5
 -39.0	111.5
 -38.0	121
 -37.0	114.5
 -36.0	137
 -35.0	121.5
 -34.0	128
 -33.0	133.75
 -32.0	125
 -31.0	151.083
 -30.0	140.5
 -29.0	115
 -28.0	151.5
 -27.0	151.5
 -26.0	154
 -25.0	153.25
 -24.0	178.5
 -23.0	148.5
 -22.0	199
 -21.0	155.5
 -20.0	193
 -19.0	203
 -18.0	170.5
 -17.0	200.5
 -16.0	186
 -15.0	156
 -14.0	180.5
 -13.0	203
 -12.0	175
 -11.0	200
 -10.0	200.5
  -9.0	166
  -8.0	189.5
  -7.0	215.333
  -6.0	205.5
  -5.0	200
  -4.0	171
  -3.0	208.5
  -2.0	197.5
  -1.0	187.333
   0.0	192.5
   1.0	204
   2.0	192
   3.0	201
   4.0	202
   5.0	194
   6.0	196
   7.0	180
   8.0	198.5
   9.0	173.5
  10.0	194
  11.0	186
  12.0	169.5
  13.0	180
  14.0	175
  15.0	178.5
  16.0	179.25
  17.0	190.5
  18.0	167
  19.0	201.25
  20.0	195
  21.0	186
  22.0	186.5
  23.0	164
  24.0	154
  25.0	142
  26.0	145.5
  27.0	165
  28.0	149.75
  29.0	162
  30.0	111
  31.0	132
  32.0	114.333
  33.0	123.5
  34.0	112.5
  35.0	127
  36.0	133.75
  37.0	127.5
  38.0	115
  39.0	118.5
  40.0	134
  41.0	109
  42.0	122
  43.0	120.5
  44.0	123
  45.0	133
  46.0	107
  47.0	113
  48.0	124
  49.0	129.25
  50.0	107.25
  51.0	114
  52.0	117
  53.0	114.25
  54.0	118
  55.0	115
  56.0	123.75
  57.0	119
  58.0	114
  59.0	115.25
  60.0	113.5
  61.0	100
  62.0	109.333
  63.0	90
  64.0	115
  65.0	107.5
  66.0	95
  67.0	108
  68.0	91.8333
  69.0	112.5
  70.0	110
  71.0	110
  72.0	100
  73.0	101.5
  74.0	86.5
  75.0	100
  76.0	114
  77.0	97.25
  78.0	111.333
  79.0	105.333
  80.0	101.5
  81.0	112
  82.0	100
  83.0	110
  84.0	117
  85.0	98
  86.0	101.5
  87.0	91.5
  88.0	111.5
  89.0	119
  90.0	96.5
  91.0	65
  92.0	122
  93.0	92
  94.0	109
  95.0	103
  96.0	98
  97.0	91.5833
  98.0	109.5
  99.0	88
 100.0	106.5
 101.0	101
 102.0	101.5
 103.0	104
 104.0	95.3333
 105.0	90
 106.0	97
 107.0	106
 108.0	103
 109.0	104
DB 2 MOTIF	ZN589_HUMAN.H11MO.0.D
-107.0	82
-106.0	99
-105.0	106
-104.0	84
-103.0	90.5
-102.0	90.5
-101.0	82.5
-100.0	79
 -99.0	92
 -98.0	121.333
 -97.0	99
 -96.0	90.5
 -95.0	100
 -94.0	75.5
 -93.0	86
 -92.0	87
 -91.0	94.1667
 -90.0	84
 -89.0	97
 -88.0	91
 -87.0	94.5
 -86.0	90.5
 -85.0	82
 -84.0	92.5
 -83.0	100
 -82.0	95.5
 -81.0	83
 -80.0	68
 -79.0	96.1667
 -78.0	100
 -77.0	89
 -76.0	77
 -75.0	90
 -74.0	84
 -73.0	76.5
 -72.0	84
 -71.0	82
 -70.0	82.5
 -69.0	96.5
 -68.0	80
 -67.0	94.6667
 -66.0	98
 -65.0	101
 -64.0	91
 -63.0	94
 -62.0	83
 -61.0	73.5
 -60.0	84
 -59.0	106
 -58.0	102
 -57.0	81
 -56.0	83.3333
 -55.0	105
 -54.0	89.3333
 -53.0	89
 -52.0	89.5
 -51.0	96
 -50.0	95
 -49.0	100
 -48.0	105.5
 -47.0	86
 -46.0	109
 -45.0	114
 -44.0	93
 -43.0	112.5
 -42.0	111.5
 -41.0	81
 -40.0	101
 -39.0	96
 -38.0	92.5
 -37.0	104
 -36.0	98
 -35.0	88
 -34.0	95
 -33.0	74
 -32.0	102.5
 -31.0	103.167
 -30.0	121
 -29.0	99
 -28.0	89
 -27.0	128
 -26.0	102
 -25.0	104
 -24.0	104
 -23.0	115
 -22.0	96
 -21.0	118
 -20.0	96
 -19.0	122.667
 -18.0	132
 -17.0	113
 -16.0	128
 -15.0	133
 -14.0	106
 -13.0	118
 -12.0	127
 -11.0	112
 -10.0	103.5
  -9.0	109.5
  -8.0	101
  -7.0	118
  -6.0	104.5
  -5.0	95
  -4.0	97
  -3.0	99
  -2.0	107.833
  -1.0	106.5
   0.0	95.5
   1.0	95
   2.0	85
   3.0	106
   4.0	109
   5.0	82
   6.0	117
   7.0	92
   8.0	117
   9.0	97
  10.0	100.5
  11.0	119
  12.0	88
  13.0	128
  14.0	111
  15.0	113
  16.0	124
  17.0	121.5
  18.0	123
  19.0	144
  20.0	105
  21.0	137
  22.0	113.833
  23.0	97
  24.0	81
  25.0	127
  26.0	109.5
  27.0	99
  28.0	107
  29.0	95.5
  30.0	96
  31.0	87
  32.0	97.5
  33.0	101.5
  34.0	98.5
  35.0	90.5
  36.0	104
  37.0	103.5
  38.0	102
  39.0	108.5
  40.0	112.5
  41.0	95
  42.0	103.5
  43.0	74.5
  44.0	89.5
  45.0	101
  46.0	91
  47.0	106.5
  48.0	90
  49.0	108.5
  50.0	97
  51.0	99.3333
  52.0	103
  53.0	87.5
  54.0	95
  55.0	83
  56.0	102
  57.0	95
  58.0	103
  59.0	105
  60.0	90
  61.0	81
  62.0	99.8333
  63.0	103.5
  64.0	84
  65.0	84.5
  66.0	84
  67.0	73
  68.0	81.5
  69.0	100
  70.0	81
  71.0	102
  72.0	92.5
  73.0	90
  74.0	85
  75.0	94.5
  76.0	94
  77.0	78.5
  78.0	98.5
  79.0	86.5
  80.0	107
  81.0	82
  82.0	102.5
  83.0	108
  84.0	92
  85.0	73
  86.0	72
  87.0	82
  88.0	74
  89.0	98.5
  90.0	94
  91.0	94
  92.0	96.5
  93.0	113
  94.0	94
  95.0	95
  96.0	86.8333
  97.0	77.5
  98.0	89.5
  99.0	84
 100.0	106
 101.0	83.5
 102.0	85
 103.0	92
 104.0	88.5
 105.0	80
 106.0	91.5
 107.0	88
DB 2 MOTIF	ZN667_HUMAN.H11MO.0.C
-105.5	111.5
-104.5	110
-103.5	109
-102.5	86
-101.5	83.5
-100.5	105
 -99.5	99
 -98.5	117
 -97.5	99.5
 -96.5	108
 -95.5	98
 -94.5	109
 -93.5	106
 -92.5	86.6429
 -91.5	107
 -90.5	115
 -89.5	96
 -88.5	90
 -87.5	101.143
 -86.5	91.5
 -85.5	103
 -84.5	108.25
 -83.5	100
 -82.5	106.143
 -81.5	92.5
 -80.5	89
 -79.5	109
 -78.5	127
 -77.5	113.143
 -76.5	116
 -75.5	105
 -74.5	95.3333
 -73.5	128
 -72.5	113.393
 -71.5	98
 -70.5	123
 -69.5	119
 -68.5	131
 -67.5	119.143
 -66.5	112
 -65.5	93.5
 -64.5	109
 -63.5	121.5
 -62.5	110.643
 -61.5	113
 -60.5	106.25
 -59.5	97.5
 -58.5	120
 -57.5	107
 -56.5	125
 -55.5	127
 -54.5	96
 -53.5	133
 -52.5	94
 -51.5	110
 -50.5	127
 -49.5	114
 -48.5	125.5
 -47.5	108
 -46.5	108.5
 -45.5	151
 -44.5	104
 -43.5	101.5
 -42.5	129.5
 -41.5	117.5
 -40.5	114
 -39.5	103.5
 -38.5	105
 -37.5	106
 -36.5	116
 -35.5	120
 -34.5	121
 -33.5	126
 -32.5	122
 -31.5	117
 -30.5	120.5
 -29.5	109
 -28.5	118
 -27.5	112
 -26.5	150
 -25.5	127.5
 -24.5	146.25
 -23.5	124.5
 -22.5	140
 -21.5	133.5
 -20.5	133
 -19.5	128.5
 -18.5	115
 -17.5	130
 -16.5	99.5
 -15.5	138.833
 -14.5	151
 -13.5	158
 -12.5	150
 -11.5	154.333
 -10.5	151
  -9.5	144.5
  -8.5	117
  -7.5	154.5
  -6.5	108
  -5.5	137
  -4.5	122
  -3.5	123
  -2.5	142
  -1.5	135.5
  -0.5	131
   0.5	135
   1.5	126
   2.5	135
   3.5	136
   4.5	140
   5.5	140
   6.5	138
   7.5	122
   8.5	158
   9.5	141
  10.5	129.5
  11.5	146.5
  12.5	133
  13.5	133
  14.5	142
  15.5	156
  16.5	130
  17.5	129
  18.5	134
  19.5	109.5
  20.5	112
  21.5	133.5
  22.5	105.5
  23.5	147
  24.5	121.5
  25.5	115
  26.5	127
  27.5	113.5
  28.5	112
  29.5	131
  30.5	119
  31.5	118
  32.5	114
  33.5	92
  34.5	116
  35.5	106
  36.5	113.5
  37.5	126.333
  38.5	116
  39.5	84.5
  40.5	113.5
  41.5	107
  42.5	100
  43.5	119.5
  44.5	125
  45.5	102.5
  46.5	106.5
  47.5	108
  48.5	120
  49.5	126
  50.5	122
  51.5	91.3333
  52.5	103
  53.5	121
  54.5	115
  55.5	121.333
  56.5	115.5
  57.5	114
  58.5	108
  59.5	103
  60.5	115
  61.5	121
  62.5	120
  63.5	115
  64.5	118
  65.5	110.5
  66.5	98.5
  67.5	91.5
  68.5	100
  69.5	107.5
  70.5	104
  71.5	106.5
  72.5	100
  73.5	106
  74.5	102
  75.5	107
  76.5	94.5
  77.5	125
  78.5	102
  79.5	113
  80.5	96.5
  81.5	107
  82.5	102
  83.5	117
  84.5	111.5
  85.5	109.5
  86.5	88
  87.5	98.5
  88.5	106
  89.5	106
  90.5	90
  91.5	112
  92.5	88.5
  93.5	104
  94.5	98
  95.5	98
  96.5	114
  97.5	120.5
  98.5	93
  99.5	100
 100.5	116
 101.5	105
 102.5	108
 103.5	92.5
 104.5	120.5
 105.5	108
DB 2 MOTIF	ZN708_HUMAN.H11MO.0.C
-105.0	44
-104.0	39
-103.0	38
-102.0	48
-101.0	45
-100.0	46
 -99.0	39.5
 -98.0	54
 -97.0	44
 -96.0	50
 -95.0	29
 -94.0	41
 -93.0	43
 -92.0	42
 -91.0	35
 -90.0	45
 -89.0	41
 -88.0	40
 -87.0	49
 -86.0	43
 -85.0	41
 -84.0	46
 -83.0	60
 -82.0	28
 -81.0	33.5
 -80.0	48.5
 -79.0	49
 -78.0	45
 -77.0	54
 -76.0	47
 -75.0	48
 -74.0	33
 -73.0	34.5
 -72.0	25
 -71.0	38
 -70.0	43
 -69.0	39
 -68.0	40
 -67.0	34
 -66.0	48
 -65.0	38.5
 -64.0	47.5
 -63.0	48
 -62.0	45
 -61.0	49
 -60.0	44.5
 -59.0	44
 -58.0	39.5
 -57.0	32
 -56.0	25
 -55.0	49
 -54.0	56
 -53.0	54
 -52.0	37
 -51.0	40.5
 -50.0	50
 -49.0	44
 -48.0	43
 -47.0	41
 -46.0	47
 -45.0	40
 -44.0	43
 -43.0	38
 -42.0	37
 -41.0	55
 -40.0	57
 -39.0	38
 -38.0	48
 -37.0	34
 -36.0	44.25
 -35.0	41
 -34.0	50
 -33.0	38
 -32.0	52
 -31.0	47
 -30.0	61
 -29.0	63.2
 -28.0	56
 -27.0	48
 -26.0	62.7
 -25.0	32
 -24.0	49
 -23.0	65.2
 -22.0	57
 -21.0	49
 -20.0	49.2
 -19.0	47
 -18.0	42
 -17.0	56.2
 -16.0	52
 -15.0	46
 -14.0	50
 -13.0	54
 -12.0	51
 -11.0	46
 -10.0	50.5
  -9.0	53
  -8.0	62
  -7.0	57
  -6.0	45
  -5.0	52.5
  -4.0	47
  -3.0	51
  -2.0	41
  -1.0	49
   0.0	58
   1.0	58
   2.0	35
   3.0	36.25
   4.0	47.5
   5.0	45
   6.0	42
   7.0	44
   8.0	50
   9.0	51.5
  10.0	66
  11.0	52
  12.0	51
  13.0	48
  14.0	59
  15.0	62
  16.0	52
  17.0	41
  18.0	49
  19.0	49
  20.0	37
  21.0	62.5
  22.0	59
  23.0	46
  24.0	50
  25.0	36
  26.0	52
  27.0	49
  28.0	45
  29.0	44
  30.0	67
  31.0	51
  32.0	53
  33.0	46
  34.0	47
  35.0	49
  36.0	53.5
  37.0	29
  38.0	54
  39.0	42
  40.0	31
  41.0	58
  42.0	43.25
  43.0	33
  44.0	37
  45.0	49
  46.0	44
  47.0	47.5
  48.0	51
  49.0	47.5
  50.0	40
  51.0	47
  52.0	61.5
  53.0	40
  54.0	41
  55.0	36.5
  56.0	52.5
  57.0	56
  58.0	37
  59.0	48
  60.0	39
  61.0	32
  62.0	61.5
  63.0	44.5
  64.0	56
  65.0	39
  66.0	36
  67.0	41
  68.0	37
  69.0	42.5
  70.0	55
  71.0	49
  72.0	45
  73.0	39
  74.0	40
  75.0	53
  76.0	43
  77.0	32
  78.0	41
  79.0	45
  80.0	38
  81.0	39.25
  82.0	46
  83.0	33
  84.0	35
  85.0	47
  86.0	39
  87.0	40
  88.0	47
  89.0	52
  90.0	51
  91.0	47
  92.0	41.5
  93.0	39.5
  94.0	34.5
  95.0	45
  96.0	36
  97.0	43
  98.0	44.5
  99.0	45
 100.0	36
 101.0	57
 102.0	54
 103.0	46
 104.0	40
 105.0	38
DB 2 MOTIF	ZN708_HUMAN.H11MO.1.D
-110.5	79
-109.5	74
-108.5	85.5
-107.5	106.833
-106.5	71.5
-105.5	94.6667
-104.5	80
-103.5	87
-102.5	72
-101.5	84
-100.5	77.5
 -99.5	86.1667
 -98.5	87.8333
 -97.5	75.5
 -96.5	85
 -95.5	82
 -94.5	74
 -93.5	76.1667
 -92.5	82
 -91.5	86
 -90.5	72
 -89.5	85
 -88.5	76
 -87.5	88.1667
 -86.5	85
 -85.5	90.5
 -84.5	87.5
 -83.5	77.8333
 -82.5	79.5
 -81.5	72.5
 -80.5	98
 -79.5	80.3333
 -78.5	99.5
 -77.5	81.1667
 -76.5	72
 -75.5	80.1667
 -74.5	77.5
 -73.5	72
 -72.5	84
 -71.5	88.1667
 -70.5	89.8333
 -69.5	81.2
 -68.5	84
 -67.5	75
 -66.5	74.5
 -65.5	91.5
 -64.5	81.5
 -63.5	61
 -62.5	90.5
 -61.5	78
 -60.5	105.5
 -59.5	88
 -58.5	95
 -57.5	97.75
 -56.5	113.5
 -55.5	111
 -54.5	81.5
 -53.5	101
 -52.5	70
 -51.5	86
 -50.5	68.5
 -49.5	88.5
 -48.5	76.5
 -47.5	83.8333
 -46.5	91
 -45.5	88.5
 -44.5	92.5
 -43.5	101
 -42.5	76
 -41.5	87
 -40.5	94.5
 -39.5	84
 -38.5	96.3333
 -37.5	91.5
 -36.5	110.5
 -35.5	98.8333
 -34.5	97
 -33.5	102.5
 -32.5	98
 -31.5	97
 -30.5	89.5
 -29.5	87.5
 -28.5	89
 -27.5	100.5
 -26.5	116
 -25.5	119
 -24.5	115.5
 -23.5	102
 -22.5	121
 -21.5	118
 -20.5	117.5
 -19.5	105
 -18.5	119
 -17.5	119
 -16.5	113
 -15.5	120.2
 -14.5	113.5
 -13.5	106.5
 -12.5	99
 -11.5	100.5
 -10.5	93.5
  -9.5	91
  -8.5	97
  -7.5	101
  -6.5	91.5
  -5.5	82.5
  -4.5	87.25
  -3.5	98.3333
  -2.5	88.8333
  -1.5	90
  -0.5	108.5
   0.5	91
   1.5	90.5
   2.5	95.75
   3.5	79.5
   4.5	88
   5.5	102
   6.5	89.5
   7.5	85.5
   8.5	76.5
   9.5	87.8333
  10.5	109
  11.5	100.5
  12.5	89.5
  13.5	112.5
  14.5	111
  15.5	136
  16.5	126
  17.5	127.333
  18.5	101
  19.5	127.5
  20.5	120.333
  21.5	125.833
  22.5	97.5
  23.5	99
  24.5	111
  25.5	109
  26.5	109
  27.5	98.5
  28.5	72.8333
  29.5	87.5
  30.5	99
  31.5	90.5
  32.5	99.5
  33.5	105.833
  34.5	94.5
  35.5	112.5
  36.5	100
  37.5	80.2
  38.5	95.8333
  39.5	105.5
  40.5	86.5
  41.5	94
  42.5	91.8333
  43.5	88.5
  44.5	82
  45.5	97
  46.5	85.5
  47.5	106
  48.5	93
  49.5	93.3333
  50.5	94.8333
  51.5	103.5
  52.5	86.5
  53.5	101
  54.5	96
  55.5	80.7
  56.5	94.8333
  57.5	92
  58.5	101
  59.5	80
  60.5	93
  61.5	102.5
  62.5	92.25
  63.5	76.5
  64.5	93
  65.5	91.5
  66.5	79.5
  67.5	87.3333
  68.5	93.8333
  69.5	100.5
  70.5	87.5
  71.5	82
  72.5	82.5
  73.5	90.5
  74.5	71
  75.5	95.3333
  76.5	88
  77.5	91
  78.5	98
  79.5	82.5
  80.5	107.833
  81.5	89.8333
  82.5	96.8333
  83.5	82
  84.5	93
  85.5	81
  86.5	85
  87.5	91.8333
  88.5	88
  89.5	69.8333
  90.5	86.5
  91.5	75.5
  92.5	85
  93.5	79
  94.5	99.5
  95.5	105.5
  96.5	86.5
  97.5	84
  98.5	72.5
  99.5	81.5
 100.5	96
 101.5	85.5
 102.5	80.1667
 103.5	84.5
 104.5	81
 105.5	82
 106.5	75.7
 107.5	89.5
 108.5	69
 109.5	64.5
 110.5	68
DB 2 MOTIF	ZN740_HUMAN.H11MO.0.D
-108.0	75
-107.0	58.5
-106.0	74
-105.0	50
-104.0	78
-103.0	76
-102.0	64.5
-101.0	60.25
-100.0	71
 -99.0	52.25
 -98.0	51
 -97.0	63
 -96.0	70
 -95.0	71.5
 -94.0	57.5
 -93.0	56
 -92.0	65.5
 -91.0	65.3333
 -90.0	72.5
 -89.0	52
 -88.0	73
 -87.0	71.8333
 -86.0	61
 -85.0	64
 -84.0	69.2
 -83.0	66.3333
 -82.0	67.5
 -81.0	61.5
 -80.0	57
 -79.0	49
 -78.0	62.5
 -77.0	64
 -76.0	57.5
 -75.0	49
 -74.0	60
 -73.0	62
 -72.0	60
 -71.0	63.5
 -70.0	48
 -69.0	73
 -68.0	57.5
 -67.0	71.1667
 -66.0	57
 -65.0	67
 -64.0	54.1667
 -63.0	71.5
 -62.0	71
 -61.0	53.6667
 -60.0	60.5
 -59.0	70.5
 -58.0	73.5
 -57.0	66.25
 -56.0	63
 -55.0	46.1667
 -54.0	55
 -53.0	57.3333
 -52.0	72.6667
 -51.0	54.5
 -50.0	43
 -49.0	52
 -48.0	58.5
 -47.0	59
 -46.0	59
 -45.0	57.5
 -44.0	45.2
 -43.0	51
 -42.0	59
 -41.0	60.5
 -40.0	61
 -39.0	53
 -38.0	64
 -37.0	67
 -36.0	61
 -35.0	49.75
 -34.0	58
 -33.0	64.5
 -32.0	54.5
 -31.0	74
 -30.0	56.5
 -29.0	59.25
 -28.0	51
 -27.0	68.5
 -26.0	52
 -25.0	53.3333
 -24.0	57.5
 -23.0	48
 -22.0	59.3333
 -21.0	66
 -20.0	64
 -19.0	58.5833
 -18.0	65
 -17.0	57.5
 -16.0	74
 -15.0	65
 -14.0	69.5
 -13.0	65
 -12.0	59
 -11.0	65
 -10.0	56.5
  -9.0	74.5
  -8.0	96.5
  -7.0	81.5
  -6.0	75.5
  -5.0	97
  -4.0	80.2
  -3.0	84
  -2.0	93.5
  -1.0	54
   0.0	76
   1.0	74
   2.0	85.5
   3.0	81.5
   4.0	72
   5.0	84.5
   6.0	74.5
   7.0	87
   8.0	84
   9.0	72
  10.0	64.5
  11.0	73.5
  12.0	67.3333
  13.0	66
  14.0	69
  15.0	60
  16.0	52
  17.0	61.5
  18.0	65
  19.0	65
  20.0	60
  21.0	67.5
  22.0	63.5
  23.0	57.5
  24.0	58
  25.0	69
  26.0	52.5
  27.0	59
  28.0	47.5
  29.0	79
  30.0	39.5
  31.0	58.5
  32.0	65
  33.0	66
  34.0	64
  35.0	46
  36.0	64.7
  37.0	50
  38.0	75
  39.0	58.5
  40.0	65
  41.0	46
  42.0	56
  43.0	50.5
  44.0	58.25
  45.0	65.5
  46.0	59
  47.0	68
  48.0	70
  49.0	52
  50.0	61
  51.0	54.3333
  52.0	60
  53.0	60
  54.0	61
  55.0	59.5
  56.0	76
  57.0	52.5
  58.0	70
  59.0	66
  60.0	76
  61.0	71.5
  62.0	63
  63.0	56
  64.0	70.25
  65.0	60
  66.0	49.5
  67.0	56.5
  68.0	65.5
  69.0	66
  70.0	68.5
  71.0	60.3333
  72.0	59.3333
  73.0	65
  74.0	69
  75.0	74
  76.0	68.2
  77.0	52.5
  78.0	63.4242
  79.0	63
  80.0	63
  81.0	70.0909
  82.0	62.5
  83.0	61.5
  84.0	53.6742
  85.0	73
  86.0	61.5
  87.0	71.0909
  88.0	70.75
  89.0	62
  90.0	73.0909
  91.0	48.3333
  92.0	59
  93.0	60.5909
  94.0	55
  95.0	65
  96.0	53.5909
  97.0	76
  98.0	52
  99.0	59.5909
 100.0	55
 101.0	61.5
 102.0	86.0909
 103.0	63
 104.0	52.5
 105.0	66.0909
 106.0	51
 107.0	69
 108.0	84.0909
DB 2 MOTIF	ZN770_HUMAN.H11MO.1.C
-109.5	70
-108.5	47
-107.5	57
-106.5	55.25
-105.5	70
-104.5	55.5
-103.5	58
-102.5	61
-101.5	57
-100.5	63
 -99.5	52.5
 -98.5	63.5
 -97.5	66
 -96.5	57.5
 -95.5	58
 -94.5	48.5
 -93.5	61.3333
 -92.5	56
 -91.5	58.5
 -90.5	53.5
 -89.5	63.3333
 -88.5	63
 -87.5	63
 -86.5	61.5
 -85.5	60
 -84.5	63.25
 -83.5	42.5
 -82.5	77.5
 -81.5	71.5
 -80.5	64
 -79.5	64
 -78.5	63.5
 -77.5	62
 -76.5	58.5
 -75.5	64
 -74.5	67.5
 -73.5	62.5
 -72.5	49
 -71.5	94.5
 -70.5	67
 -69.5	62.5
 -68.5	63
 -67.5	55
 -66.5	69
 -65.5	62
 -64.5	80
 -63.5	66
 -62.5	58.25
 -61.5	65.5
 -60.5	69.5
 -59.5	66
 -58.5	96
 -57.5	68
 -56.5	53
 -55.5	72
 -54.5	82
 -53.5	61.3333
 -52.5	51.5
 -51.5	74
 -50.5	69
 -49.5	58
 -48.5	74
 -47.5	68
 -46.5	66
 -45.5	79
 -44.5	74
 -43.5	86
 -42.5	60
 -41.5	60.5
 -40.5	82.25
 -39.5	64.8333
 -38.5	65
 -37.5	57
 -36.5	57
 -35.5	60.5
 -34.5	63.5
 -33.5	67
 -32.5	70.5
 -31.5	64
 -30.5	58
 -29.5	67.5
 -28.5	62
 -27.5	70
 -26.5	72
 -25.5	63
 -24.5	65
 -23.5	67
 -22.5	66
 -21.5	64
 -20.5	84.5
 -19.5	84
 -18.5	101.5
 -17.5	82
 -16.5	95.5
 -15.5	67.8333
 -14.5	88
 -13.5	68
 -12.5	83
 -11.5	77
 -10.5	71
  -9.5	94
  -8.5	72
  -7.5	95
  -6.5	84
  -5.5	80
  -4.5	75
  -3.5	85
  -2.5	74.3333
  -1.5	80
  -0.5	88
   0.5	89.5
   1.5	80
   2.5	75
   3.5	77
   4.5	74.5
   5.5	102
   6.5	77
   7.5	64.5
   8.5	77
   9.5	84.5
  10.5	72
  11.5	78
  12.5	76
  13.5	77.5
  14.5	77
  15.5	96
  16.5	78.5
  17.5	105
  18.5	92
  19.5	77.8333
  20.5	72
  21.5	71
  22.5	94
  23.5	97.5
  24.5	63.5
  25.5	80
  26.5	60
  27.5	60
  28.5	66
  29.5	71
  30.5	71
  31.5	66
  32.5	73.5
  33.5	65
  34.5	66.5
  35.5	67
  36.5	68.5
  37.5	61.5
  38.5	82
  39.5	69
  40.5	74.5
  41.5	69
  42.5	63
  43.5	57.5
  44.5	54
  45.5	65.3333
  46.5	51.5
  47.5	62
  48.5	79
  49.5	71
  50.5	62.5
  51.5	64.5
  52.5	62
  53.5	68.5
  54.5	64.5
  55.5	82.8333
  56.5	56
  57.5	65
  58.5	70
  59.5	64.3333
  60.5	51.3333
  61.5	68.5
  62.5	65
  63.5	60.3333
  64.5	64.5
  65.5	71
  66.5	61
  67.5	63
  68.5	63
  69.5	77
  70.5	60.5
  71.5	57.5
  72.5	66
  73.5	72.5
  74.5	60
  75.5	66
  76.5	52
  77.5	70
  78.5	60
  79.5	47
  80.5	70
  81.5	61
  82.5	71
  83.5	51.5
  84.5	59
  85.5	72
  86.5	61.5
  87.5	65
  88.5	65
  89.5	52.5
  90.5	52
  91.5	75.3333
  92.5	63
  93.5	69.3333
  94.5	71.5
  95.5	78
  96.5	60
  97.5	64.5
  98.5	55
  99.5	75
 100.5	51
 101.5	61.5
 102.5	49
 103.5	55.3333
 104.5	62
 105.5	65
 106.5	52
 107.5	49
 108.5	61
 109.5	54
DB 2 MOTIF	ZN784_HUMAN.H11MO.0.D
-109.5	85
-108.5	100
-107.5	99.2
-106.5	80
-105.5	69.5
-104.5	79
-103.5	75.5
-102.5	92
-101.5	76
-100.5	75
 -99.5	87.5
 -98.5	92
 -97.5	77.8333
 -96.5	85
 -95.5	99
 -94.5	76.75
 -93.5	76.3333
 -92.5	99
 -91.5	97
 -90.5	68.75
 -89.5	90
 -88.5	102
 -87.5	79
 -86.5	86.25
 -85.5	79
 -84.5	103.5
 -83.5	84.5
 -82.5	101.25
 -81.5	93.5
 -80.5	93
 -79.5	91
 -78.5	86.5
 -77.5	74.5
 -76.5	79
 -75.5	97.5
 -74.5	86
 -73.5	80
 -72.5	99.5
 -71.5	89
 -70.5	95
 -69.5	81.5
 -68.5	84.0833
 -67.5	94.3333
 -66.5	91
 -65.5	86
 -64.5	90.3333
 -63.5	86
 -62.5	95.5
 -61.5	90.5
 -60.5	79
 -59.5	83.8333
 -58.5	88
 -57.5	84
 -56.5	85
 -55.5	83.5
 -54.5	83.7
 -53.5	77
 -52.5	85
 -51.5	88
 -50.5	82.3333
 -49.5	90
 -48.5	95
 -47.5	86.5
 -46.5	82
 -45.5	95
 -44.5	85
 -43.5	66
 -42.5	78
 -41.5	84.8333
 -40.5	84.5
 -39.5	68.5
 -38.5	71.5
 -37.5	88
 -36.5	89
 -35.5	77.5
 -34.5	88
 -33.5	93.3333
 -32.5	85
 -31.5	88.5
 -30.5	85.5
 -29.5	73
 -28.5	84.5
 -27.5	81
 -26.5	92
 -25.5	79
 -24.5	87.5
 -23.5	99
 -22.5	90
 -21.5	92.5
 -20.5	92.5
 -19.5	98.5
 -18.5	77
 -17.5	91
 -16.5	119
 -15.5	77.25
 -14.5	84.5
 -13.5	115
 -12.5	99
 -11.5	101
 -10.5	96.5
  -9.5	94
  -8.5	107
  -7.5	119
  -6.5	120
  -5.5	107.5
  -4.5	89
  -3.5	110.5
  -2.5	112.5
  -1.5	116.2
  -0.5	130.5
   0.5	104
   1.5	102
   2.5	120
   3.5	95
   4.5	105
   5.5	112
   6.5	118.5
   7.5	105
   8.5	111
   9.5	93
  10.5	91.5
  11.5	95.5
  12.5	85
  13.5	105
  14.5	93
  15.5	99
  16.5	98.5
  17.5	91
  18.5	106
  19.5	88
  20.5	94.5
  21.5	102.5
  22.5	104.5
  23.5	88
  24.5	85
  25.5	97
  26.5	95.5
  27.5	80
  28.5	91
  29.5	78
  30.5	88.5
  31.5	91
  32.5	109
  33.5	99.3333
  34.5	82.5
  35.5	81.5
  36.5	79.5
  37.5	79.25
  38.5	87.5
  39.5	84
  40.5	95.5
  41.5	73
  42.5	89.5
  43.5	76.125
  44.5	83.5
  45.5	83.5
  46.5	107
  47.5	79.625
  48.5	71
  49.5	74
  50.5	83
  51.5	96.2
  52.5	97.5
  53.5	93
  54.5	86
  55.5	91
  56.5	91
  57.5	88.5
  58.5	94
  59.5	102.625
  60.5	97
  61.5	87
  62.5	87
  63.5	94.125
  64.5	82.5
  65.5	87.8333
  66.5	86.5
  67.5	94.125
  68.5	92
  69.5	101.5
  70.5	90
  71.5	96.5
  72.5	77.5
  73.5	92.5
  74.5	101.5
  75.5	79
  76.5	84.5
  77.5	84
  78.5	92.5
  79.5	100.625
  80.5	98.5
  81.5	83
  82.5	82.5
  83.5	91.625
  84.5	94.5
  85.5	88
  86.5	97
  87.5	90.625
  88.5	90
  89.5	85
  90.5	99.25
  91.5	83.5
  92.5	73
  93.5	67.5
  94.5	93
  95.5	74
  96.5	102
  97.5	84.8333
  98.5	76.5
  99.5	94.5
 100.5	80
 101.5	90
 102.5	94
 103.5	77.5
 104.5	103.2
 105.5	79
 106.5	72.5
 107.5	75.5
 108.5	87
 109.5	88
DB 2 MOTIF	ZN816_HUMAN.H11MO.1.C
-108.0	114
-107.0	121
-106.0	137
-105.0	128
-104.0	130
-103.0	133.5
-102.0	131
-101.0	121.5
-100.0	117
 -99.0	116.5
 -98.0	122.5
 -97.0	126.5
 -96.0	140.833
 -95.0	132
 -94.0	109
 -93.0	125
 -92.0	116.5
 -91.0	118.167
 -90.0	105.5
 -89.0	128.5
 -88.0	126
 -87.0	137
 -86.0	131
 -85.0	128
 -84.0	134.5
 -83.0	131.5
 -82.0	134.5
 -81.0	128.2
 -80.0	121.5
 -79.0	128.167
 -78.0	130.5
 -77.0	115
 -76.0	124.25
 -75.0	114
 -74.0	118
 -73.0	133.5
 -72.0	145.5
 -71.0	121.5
 -70.0	128.25
 -69.0	138
 -68.0	117
 -67.0	105.167
 -66.0	117
 -65.0	141
 -64.0	130.25
 -63.0	132
 -62.0	119
 -61.0	123
 -60.0	159.5
 -59.0	128.5
 -58.0	116.25
 -57.0	112
 -56.0	121.5
 -55.0	116.667
 -54.0	128
 -53.0	110
 -52.0	131
 -51.0	118.5
 -50.0	125.5
 -49.0	150
 -48.0	129.333
 -47.0	132.333
 -46.0	121.5
 -45.0	131
 -44.0	135.5
 -43.0	121
 -42.0	125
 -41.0	122.95
 -40.0	140
 -39.0	117.5
 -38.0	140
 -37.0	136
 -36.0	142.5
 -35.0	122
 -34.0	112.5
 -33.0	118.5
 -32.0	105.5
 -31.0	127.167
 -30.0	133.5
 -29.0	123
 -28.0	112
 -27.0	132
 -26.0	123
 -25.0	117
 -24.0	140
 -23.0	151
 -22.0	155
 -21.0	140
 -20.0	128
 -19.0	129.667
 -18.0	161.5
 -17.0	141
 -16.0	152.5
 -15.0	166
 -14.0	135.5
 -13.0	139
 -12.0	148
 -11.0	127
 -10.0	152.5
  -9.0	174.5
  -8.0	149.5
  -7.0	170
  -6.0	167.5
  -5.0	165.5
  -4.0	132.5
  -3.0	159.5
  -2.0	150.25
  -1.0	157.7
   0.0	137.5
   1.0	145
   2.0	123
   3.0	140.5
   4.0	162.333
   5.0	145
   6.0	153
   7.0	145
   8.0	134
   9.0	180.5
  10.0	135
  11.0	164
  12.0	163.5
  13.0	125.833
  14.0	135
  15.0	147.5
  16.0	163
  17.0	141.5
  18.0	166.5
  19.0	128
  20.0	131
  21.0	119.5
  22.0	125
  23.0	131
  24.0	117.5
  25.0	108
  26.0	112
  27.0	141
  28.0	134
  29.0	126
  30.0	129
  31.0	109
  32.0	140
  33.0	112
  34.0	128
  35.0	127.5
  36.0	143.5
  37.0	122.25
  38.0	131
  39.0	136.2
  40.0	115
  41.0	147.5
  42.0	140
  43.0	128
  44.0	124
  45.0	117.5
  46.0	122
  47.0	122.5
  48.0	136.5
  49.0	138
  50.0	129.5
  51.0	125.5
  52.0	115
  53.0	126.5
  54.0	107.5
  55.0	142.5
  56.0	129.5
  57.0	141
  58.0	136
  59.0	138
  60.0	140
  61.0	136.5
  62.0	144.5
  63.0	134
  64.0	139
  65.0	110.833
  66.0	146.5
  67.0	150
  68.0	128.5
  69.0	125
  70.0	131.5
  71.0	155
  72.0	116
  73.0	117.5
  74.0	130.333
  75.0	115
  76.0	96.25
  77.0	137.5
  78.0	114
  79.0	126.2
  80.0	138
  81.0	120.5
  82.0	132
  83.0	117
  84.0	141.833
  85.0	140
  86.0	118
  87.0	130.5
  88.0	115
  89.0	141
  90.0	103.5
  91.0	125
  92.0	139.5
  93.0	115
  94.0	121
  95.0	112
  96.0	137
  97.0	119
  98.0	112
  99.0	118
 100.0	109.5
 101.0	131.5
 102.0	119.5
 103.0	124.833
 104.0	127.5
 105.0	118
 106.0	113
 107.0	122
 108.0	120
DB 2 MOTIF	ZSC22_HUMAN.H11MO.0.C
-107.0	93
-106.0	71
-105.0	90
-104.0	79
-103.0	73
-102.0	73.5
-101.0	74
-100.0	77
 -99.0	77.5
 -98.0	67
 -97.0	75
 -96.0	72
 -95.0	70
 -94.0	76
 -93.0	81
 -92.0	67.8333
 -91.0	84.5
 -90.0	74
 -89.0	58.5
 -88.0	85.3333
 -87.0	81.3333
 -86.0	73.25
 -85.0	77.3333
 -84.0	74
 -83.0	63.5
 -82.0	67.3333
 -81.0	79
 -80.0	89
 -79.0	74
 -78.0	75
 -77.0	81.5
 -76.0	69
 -75.0	66
 -74.0	81.75
 -73.0	71.3333
 -72.0	102
 -71.0	68
 -70.0	82.1667
 -69.0	58
 -68.0	65.5
 -67.0	84.3333
 -66.0	82.2
 -65.0	86
 -64.0	69.3333
 -63.0	73.2
 -62.0	75.25
 -61.0	77.6667
 -60.0	73.2
 -59.0	76.5
 -58.0	86.8333
 -57.0	77.2
 -56.0	79
 -55.0	89
 -54.0	86.2
 -53.0	80
 -52.0	50.5
 -51.0	68
 -50.0	76.5
 -49.0	58.5
 -48.0	78.3333
 -47.0	76
 -46.0	73
 -45.0	70.5
 -44.0	87
 -43.0	74
 -42.0	83
 -41.0	85
 -40.0	90
 -39.0	84
 -38.0	74
 -37.0	76
 -36.0	73.3333
 -35.0	85.3333
 -34.0	81
 -33.0	90.5
 -32.0	57
 -31.0	88
 -30.0	80
 -29.0	89
 -28.0	67
 -27.0	94
 -26.0	87.25
 -25.0	83.5
 -24.0	76
 -23.0	86.5
 -22.0	76
 -21.0	77
 -20.0	69.5
 -19.0	93
 -18.0	78
 -17.0	69
 -16.0	91
 -15.0	102
 -14.0	106
 -13.0	107
 -12.0	106.5
 -11.0	99.5
 -10.0	106
  -9.0	131
  -8.0	133
  -7.0	129.333
  -6.0	144
  -5.0	130
  -4.0	136.5
  -3.0	137.5
  -2.0	136
  -1.0	132
   0.0	150
   1.0	174.5
   2.0	136.5
   3.0	128
   4.0	135
   5.0	139
   6.0	119
   7.0	140
   8.0	165
   9.0	131.5
  10.0	123.5
  11.0	96.5
  12.0	123
  13.0	109
  14.0	92
  15.0	102.5
  16.0	89
  17.0	80
  18.0	91
  19.0	102
  20.0	82.5
  21.0	83
  22.0	88.5
  23.0	74.5
  24.0	80
  25.0	73
  26.0	78
  27.0	96
  28.0	97.3333
  29.0	74
  30.0	74
  31.0	80.5
  32.0	80.3333
  33.0	70.5
  34.0	75
  35.0	81
  36.0	78.8333
  37.0	88
  38.0	76
  39.0	63
  40.0	72.5
  41.0	85
  42.0	90
  43.0	70
  44.0	75
  45.0	62.5
  46.0	80
  47.0	78
  48.0	66
  49.0	71
  50.0	66.5
  51.0	91
  52.0	75
  53.0	81
  54.0	67.3333
  55.0	82
  56.0	74.2
  57.0	85.2
  58.0	80.7
  59.0	80.2
  60.0	94.2
  61.0	85
  62.0	99
  63.0	75.5
  64.0	65.3333
  65.0	82
  66.0	92
  67.0	62.5
  68.0	83
  69.0	80.3333
  70.0	86.5
  71.0	74.3333
  72.0	69.5
  73.0	81.5
  74.0	69
  75.0	60
  76.0	72.3333
  77.0	75
  78.0	77
  79.0	80
  80.0	78
  81.0	73
  82.0	62
  83.0	84.5
  84.0	84.5
  85.0	74
  86.0	83
  87.0	80
  88.0	71
  89.0	71
  90.0	66.5
  91.0	95
  92.0	79.5
  93.0	80
  94.0	76
  95.0	64.5
  96.0	85.3333
  97.0	57
  98.0	80
  99.0	90
 100.0	65
 101.0	86.3333
 102.0	76.5
 103.0	79.5
 104.0	81
 105.0	72.5
 106.0	75.5
 107.0	88
DB 2 MOTIF	ZSC31_HUMAN.H11MO.0.C
-106.0	81
-105.0	82
-104.0	74.5
-103.0	76
-102.0	91.5
-101.0	93
-100.0	90.5
 -99.0	73
 -98.0	103.5
 -97.0	77
 -96.0	74
 -95.0	75
 -94.0	73
 -93.0	80
 -92.0	76.3333
 -91.0	83.5
 -90.0	75.75
 -89.0	97.5
 -88.0	71.7
 -87.0	79
 -86.0	90.5
 -85.0	86
 -84.0	94
 -83.0	67
 -82.0	78
 -81.0	101.5
 -80.0	86
 -79.0	82
 -78.0	89
 -77.0	85
 -76.0	77
 -75.0	83.5
 -74.0	79
 -73.0	90
 -72.0	80
 -71.0	72
 -70.0	83.5
 -69.0	92
 -68.0	87
 -67.0	73
 -66.0	84
 -65.0	90
 -64.0	92.5
 -63.0	97
 -62.0	77.5
 -61.0	80
 -60.0	95.5
 -59.0	54
 -58.0	90.5
 -57.0	99
 -56.0	83
 -55.0	86
 -54.0	80
 -53.0	79
 -52.0	80.5
 -51.0	82
 -50.0	99.3333
 -49.0	92.5
 -48.0	75.2
 -47.0	86.3333
 -46.0	86
 -45.0	113
 -44.0	75
 -43.0	98
 -42.0	94
 -41.0	90
 -40.0	81.5
 -39.0	90.3333
 -38.0	78
 -37.0	87
 -36.0	86
 -35.0	96
 -34.0	92
 -33.0	79
 -32.0	95
 -31.0	88
 -30.0	72.25
 -29.0	93
 -28.0	127
 -27.0	121
 -26.0	99
 -25.0	119.833
 -24.0	95
 -23.0	95
 -22.0	115
 -21.0	126.5
 -20.0	102
 -19.0	118
 -18.0	125
 -17.0	103
 -16.0	105
 -15.0	126
 -14.0	100
 -13.0	107.5
 -12.0	104
 -11.0	119
 -10.0	110
  -9.0	103.5
  -8.0	111.2
  -7.0	110
  -6.0	91
  -5.0	113
  -4.0	103
  -3.0	100
  -2.0	98
  -1.0	89
   0.0	102
   1.0	77
   2.0	71
   3.0	94
   4.0	91
   5.0	97
   6.0	100
   7.0	97.5
   8.0	113
   9.0	117.5
  10.0	96
  11.0	90
  12.0	106
  13.0	96.3333
  14.0	103.667
  15.0	105
  16.0	99
  17.0	128
  18.0	108
  19.0	120
  20.0	93
  21.0	108
  22.0	87
  23.0	99.3333
  24.0	92
  25.0	103
  26.0	82.5
  27.0	90.5
  28.0	101
  29.0	91
  30.0	85.25
  31.0	96
  32.0	98.2
  33.0	93
  34.0	83
  35.0	88
  36.0	102
  37.0	76
  38.0	93.5
  39.0	85
  40.0	93
  41.0	101
  42.0	93.5
  43.0	93
  44.0	88.5
  45.0	93.5
  46.0	93.5
  47.0	82
  48.0	79
  49.0	101.5
  50.0	82.5
  51.0	92
  52.0	88
  53.0	86
  54.0	95
  55.0	99
  56.0	78
  57.0	93
  58.0	92
  59.0	74
  60.0	74
  61.0	78
  62.0	81
  63.0	81
  64.0	84.5
  65.0	88
  66.0	94
  67.0	82
  68.0	85
  69.0	90
  70.0	78.5
  71.0	77.3333
  72.0	77.2
  73.0	85.5
  74.0	89
  75.0	81.3333
  76.0	93.3333
  77.0	83
  78.0	87
  79.0	79
  80.0	86
  81.0	77
  82.0	82
  83.0	84
  84.0	88
  85.0	70
  86.0	91
  87.0	92.5
  88.0	74
  89.0	94
  90.0	80
  91.0	87.25
  92.0	88
  93.0	69
  94.0	69.5
  95.0	94
  96.0	70.5
  97.0	80
  98.0	83
  99.0	67
 100.0	60
 101.0	91
 102.0	94
 103.0	81
 104.0	72
 105.0	77
 106.0	68
