DB 0 MOTIF	GGGGGCGGGGC	MEME-2
-229.5	29.5
-228.5	20.5
-227.5	26
-226.5	14
-225.5	22.5
-224.5	23.5
-223.5	18.3333
-222.5	15.5
-221.5	14
-220.5	11.5
-219.5	15
-218.5	14
-217.5	17
-216.5	13.8333
-215.5	15.5
-214.5	11.5
-213.5	12
-212.5	24
-211.5	22.5
-210.5	15
-209.5	11
-208.5	19.3333
-207.5	21
-206.5	19.8333
-205.5	20
-204.5	18.75
-203.5	14.5
-202.5	12
-201.5	17.5
-200.5	23
-199.5	17
-198.5	12.5
-197.5	13.8333
-196.5	16
-195.5	19.8333
-194.5	23
-193.5	15.3333
-192.5	15
-191.5	16.5
-190.5	27.25
-189.5	14.3333
-188.5	16
-187.5	30.3333
-186.5	15.5
-185.5	20.5833
-184.5	14
-183.5	22.5833
-182.5	19
-181.5	16.8333
-180.5	20.0833
-179.5	13.3333
-178.5	26.8333
-177.5	14
-176.5	24.5
-175.5	28.5833
-174.5	19
-173.5	25.5
-172.5	16.8333
-171.5	23.5
-170.5	15.75
-169.5	18
-168.5	19.5
-167.5	17.5
-166.5	17
-165.5	20
-164.5	17.5
-163.5	14.8333
-162.5	21.1667
-161.5	19.5
-160.5	21
-159.5	25.5
-158.5	17
-157.5	28.4167
-156.5	16.75
-155.5	18.5
-154.5	22
-153.5	29.8333
-152.5	20.6667
-151.5	19.8333
-150.5	26.3333
-149.5	16.9167
-148.5	20.5833
-147.5	27.5
-146.5	23.5
-145.5	22
-144.5	17.0833
-143.5	20.8333
-142.5	23.5
-141.5	16
-140.5	24
-139.5	22.7
-138.5	20
-137.5	20.3333
-136.5	24
-135.5	28.3333
-134.5	15.7
-133.5	17
-132.5	16.3333
-131.5	22.25
-130.5	24.25
-129.5	25.45
-128.5	21.5
-127.5	16
-126.5	30.0833
-125.5	21.5
-124.5	15.7
-123.5	21.3333
-122.5	14.25
-121.5	33.9167
-120.5	23.5
-119.5	23.7
-118.5	25
-117.5	23
-116.5	20.25
-115.5	16.8333
-114.5	16
-113.5	14.5
-112.5	34.3333
-111.5	22
-110.5	24
-109.5	28.8333
-108.5	21.5
-107.5	21.5
-106.5	26.5
-105.5	20.8333
-104.5	18.3333
-103.5	24.5
-102.5	17.1667
-101.5	22
-100.5	25
 -99.5	20.0833
 -98.5	18.5833
 -97.5	20.8333
 -96.5	26.3333
 -95.5	21
 -94.5	25.5
 -93.5	29.3333
 -92.5	17.3333
 -91.5	29
 -90.5	23.5
 -89.5	22
 -88.5	30
 -87.5	15.5
 -86.5	22.25
 -85.5	25
 -84.5	22
 -83.5	26.8333
 -82.5	19.8333
 -81.5	31
 -80.5	24.5
 -79.5	14.5
 -78.5	17
 -77.5	31.3333
 -76.5	27
 -75.5	22.5
 -74.5	24.75
 -73.5	20.5
 -72.5	20.1667
 -71.5	27
 -70.5	19.5
 -69.5	24.5
 -68.5	21.5833
 -67.5	19.5
 -66.5	31.5
 -65.5	26.5
 -64.5	24
 -63.5	31
 -62.5	30.5833
 -61.5	26
 -60.5	27
 -59.5	30.5
 -58.5	30
 -57.5	31.3333
 -56.5	22.3333
 -55.5	21.8333
 -54.5	36
 -53.5	19.3333
 -52.5	24
 -51.5	18.8333
 -50.5	21.5
 -49.5	20.5
 -48.5	17.5
 -47.5	20.6667
 -46.5	18.0833
 -45.5	29
 -44.5	24.5
 -43.5	20.3333
 -42.5	16
 -41.5	26.3333
 -40.5	22
 -39.5	19.3333
 -38.5	24.3333
 -37.5	22.25
 -36.5	16.5
 -35.5	28.6667
 -34.5	24
 -33.5	28.5
 -32.5	21.8333
 -31.5	11.5
 -30.5	21.6667
 -29.5	23.5
 -28.5	21.5
 -27.5	20.5
 -26.5	18.5
 -25.5	22.5
 -24.5	11
 -23.5	31
 -22.5	20.25
 -21.5	25.5
 -20.5	11.5
 -19.5	14
 -18.5	18.8333
 -17.5	18
 -16.5	17
 -15.5	24.25
 -14.5	25
 -13.5	21.5
 -12.5	25.3333
 -11.5	20
 -10.5	26.5
  -9.5	15.5
  -8.5	30.5
  -7.5	25.8333
  -6.5	26
  -5.5	17.5
  -4.5	29
  -3.5	31
  -2.5	33
  -1.5	27.5
  -0.5	28.5
   0.5	22.5
   1.5	30.5
   2.5	33.8333
   3.5	24.25
   4.5	20
   5.5	36
   6.5	36
   7.5	28.8333
   8.5	25.5
   9.5	17
  10.5	20.5
  11.5	17
  12.5	21.5
  13.5	29.3333
  14.5	26.5
  15.5	25.3333
  16.5	21.8333
  17.5	16
  18.5	19.5
  19.5	18.5
  20.5	24
  21.5	19
  22.5	24
  23.5	23
  24.5	22
  25.5	31.5
  26.5	25
  27.5	30
  28.5	16
  29.5	27
  30.5	24
  31.5	18.3333
  32.5	24
  33.5	28
  34.5	35.25
  35.5	27.5
  36.5	15.5833
  37.5	23
  38.5	26.8333
  39.5	23.25
  40.5	25.3333
  41.5	17.8333
  42.5	29
  43.5	21.5
  44.5	20.3333
  45.5	24.25
  46.5	32.3333
  47.5	16
  48.5	21.3333
  49.5	25.5
  50.5	17.3333
  51.5	25
  52.5	26
  53.5	24
  54.5	25.5
  55.5	22.5
  56.5	24.5
  57.5	20.5
  58.5	18
  59.5	17
  60.5	22.5
  61.5	24.8333
  62.5	22
  63.5	26.75
  64.5	16
  65.5	20.5
  66.5	18.5
  67.5	27
  68.5	18.8333
  69.5	20.1667
  70.5	25.7262
  71.5	16.3333
  72.5	27
  73.5	20.5
  74.5	21
  75.5	16
  76.5	27.8333
  77.5	25
  78.5	25.8333
  79.5	17.5
  80.5	23.5833
  81.5	19.75
  82.5	12.75
  83.5	18
  84.5	25
  85.5	17
  86.5	32.5833
  87.5	12.5833
  88.5	22
  89.5	27.5
  90.5	19.5
  91.5	19.5
  92.5	18.7262
  93.5	24.5
  94.5	20.5
  95.5	16.5
  96.5	18.8333
  97.5	16.3333
  98.5	19.25
  99.5	23.3333
 100.5	25.5
 101.5	28.1667
 102.5	24.8333
 103.5	19.1667
 104.5	13
 105.5	18.3333
 106.5	19.1667
 107.5	20
 108.5	15.3333
 109.5	19
 110.5	19
 111.5	16.75
 112.5	19.3333
 113.5	23.1429
 114.5	16
 115.5	19
 116.5	22
 117.5	14.8333
 118.5	15.5
 119.5	19.3333
 120.5	20.8333
 121.5	21.25
 122.5	24
 123.5	18.5833
 124.5	27
 125.5	22.6667
 126.5	19
 127.5	26.0833
 128.5	19.5
 129.5	19.5833
 130.5	22
 131.5	30.8333
 132.5	21
 133.5	19.9762
 134.5	16.5
 135.5	15.75
 136.5	23.8333
 137.5	27.3333
 138.5	22.5
 139.5	18.3333
 140.5	18
 141.5	11.25
 142.5	16.8333
 143.5	13.3333
 144.5	15
 145.5	12
 146.5	15.3333
 147.5	24.0833
 148.5	15
 149.5	13.5833
 150.5	20
 151.5	22.75
 152.5	24.1429
 153.5	24.8333
 154.5	21
 155.5	18.8333
 156.5	13
 157.5	10
 158.5	17
 159.5	22.1667
 160.5	17.25
 161.5	15.5833
 162.5	19.6667
 163.5	22.75
 164.5	16.3333
 165.5	13.4762
 166.5	16.0833
 167.5	19.3333
 168.5	19.3333
 169.5	14.6667
 170.5	12
 171.5	20
 172.5	15.5833
 173.5	23.5
 174.5	21.1667
 175.5	9
 176.5	21.5
 177.5	14.5
 178.5	28.5833
 179.5	18.5
 180.5	15.6667
 181.5	18
 182.5	11.5
 183.5	23.3333
 184.5	14.3333
 185.5	15
 186.5	20.5
 187.5	11.6429
 188.5	17.75
 189.5	16.3333
 190.5	13.5
 191.5	14
 192.5	15
 193.5	14.8333
 194.5	19.5
 195.5	25.5
 196.5	23.1667
 197.5	16.5
 198.5	15.5
 199.5	11
 200.5	18.3333
 201.5	15.8333
 202.5	21
 203.5	16
 204.5	19.8333
 205.5	11.5
 206.5	14.5
 207.5	15.5
 208.5	17.8333
 209.5	18
 210.5	10.8333
 211.5	16.1667
 212.5	16
 213.5	10
 214.5	18.1667
 215.5	11.8333
 216.5	14
 217.5	18.3333
 218.5	12.4167
 219.5	14
 220.5	18.6667
 221.5	15
 222.5	21
 223.5	26.3333
 224.5	21.25
 225.5	16
 226.5	17.1667
 227.5	15
 228.5	22
 229.5	18
DB 1 MOTIF	1-GGGGGCGGGGCSKGG	STREME-1
-227.5	23
-226.5	27
-225.5	20.3333
-224.5	17
-223.5	18
-222.5	20
-221.5	15
-220.5	23
-219.5	16
-218.5	14.5
-217.5	23
-216.5	23
-215.5	17
-214.5	18
-213.5	14
-212.5	21
-211.5	20
-210.5	25.5
-209.5	19.5
-208.5	20.3333
-207.5	20
-206.5	26.5
-205.5	13.5
-204.5	20
-203.5	17.5
-202.5	25
-201.5	23
-200.5	19
-199.5	28
-198.5	18
-197.5	17
-196.5	20
-195.5	17
-194.5	20
-193.5	13
-192.5	23
-191.5	26
-190.5	17
-189.5	23.3333
-188.5	20.5
-187.5	26
-186.5	26
-185.5	18.8333
-184.5	20
-183.5	22.3333
-182.5	10
-181.5	17
-180.5	26
-179.5	17
-178.5	22.3333
-177.5	19.5
-176.5	23.5
-175.5	20
-174.5	32
-173.5	16.3333
-172.5	27
-171.5	22
-170.5	22
-169.5	16
-168.5	19
-167.5	20
-166.5	19.5
-165.5	24
-164.5	18.5
-163.5	27.5
-162.5	23
-161.5	19
-160.5	21.5
-159.5	21
-158.5	13
-157.5	17
-156.5	19.3333
-155.5	20.5
-154.5	17.5
-153.5	26.5
-152.5	18
-151.5	21.1667
-150.5	19.25
-149.5	29
-148.5	35.5
-147.5	18
-146.5	25.3333
-145.5	17.5
-144.5	29.5
-143.5	31.5
-142.5	16.5
-141.5	13.5
-140.5	27.5
-139.5	19.5
-138.5	25
-137.5	19
-136.5	16
-135.5	22
-134.5	18
-133.5	20.5
-132.5	26.3333
-131.5	20
-130.5	25.5
-129.5	20
-128.5	23.3333
-127.5	34.3333
-126.5	20.6667
-125.5	29.5
-124.5	33.5
-123.5	22.3333
-122.5	21.5
-121.5	23
-120.5	27.8333
-119.5	17.5
-118.5	30.1667
-117.5	25.3333
-116.5	26
-115.5	20
-114.5	26
-113.5	30
-112.5	18.5
-111.5	30.5
-110.5	26.8333
-109.5	23.3333
-108.5	29
-107.5	31
-106.5	27
-105.5	16
-104.5	24
-103.5	27
-102.5	28.5
-101.5	21
-100.5	17
 -99.5	24.3333
 -98.5	25
 -97.5	28.5
 -96.5	21
 -95.5	23
 -94.5	26.5
 -93.5	19
 -92.5	24.3333
 -91.5	28
 -90.5	22
 -89.5	26
 -88.5	20.5
 -87.5	31.5
 -86.5	20
 -85.5	25
 -84.5	30
 -83.5	32
 -82.5	30.5
 -81.5	27.5
 -80.5	18.5
 -79.5	22
 -78.5	22.5
 -77.5	21
 -76.5	29
 -75.5	31
 -74.5	32
 -73.5	21.5
 -72.5	20.8333
 -71.5	23.5
 -70.5	33
 -69.5	22
 -68.5	35
 -67.5	26
 -66.5	21.5
 -65.5	33
 -64.5	33.5
 -63.5	24
 -62.5	22.5
 -61.5	33.5
 -60.5	33
 -59.5	25.5
 -58.5	23.5
 -57.5	31
 -56.5	27.5
 -55.5	43
 -54.5	16
 -53.5	28
 -52.5	26
 -51.5	26.5
 -50.5	34
 -49.5	25
 -48.5	24
 -47.5	24
 -46.5	23
 -45.5	23
 -44.5	20.5
 -43.5	27
 -42.5	27
 -41.5	26
 -40.5	22
 -39.5	27.25
 -38.5	28.5
 -37.5	35
 -36.5	27
 -35.5	30.5
 -34.5	32
 -33.5	22
 -32.5	18
 -31.5	22.5
 -30.5	23.5
 -29.5	33
 -28.5	26.5
 -27.5	33
 -26.5	31.5
 -25.5	30
 -24.5	30
 -23.5	24
 -22.5	22
 -21.5	25
 -20.5	27
 -19.5	28
 -18.5	22
 -17.5	14
 -16.5	18
 -15.5	16
 -14.5	22
 -13.5	21.3333
 -12.5	28
 -11.5	28
 -10.5	28
  -9.5	31
  -8.5	21
  -7.5	16
  -6.5	33.5
  -5.5	39
  -4.5	29
  -3.5	43
  -2.5	35
  -1.5	35
  -0.5	27.5
   0.5	32
   1.5	24
   2.5	29
   3.5	36
   4.5	25.5
   5.5	32.5
   6.5	21
   7.5	26
   8.5	27
   9.5	21
  10.5	23
  11.5	17.5
  12.5	25
  13.5	16
  14.5	35
  15.5	26.5
  16.5	25.5
  17.5	20.5
  18.5	24
  19.5	22
  20.5	28
  21.5	20
  22.5	18
  23.5	21.5
  24.5	27
  25.5	28
  26.5	25
  27.5	27.5
  28.5	27
  29.5	28
  30.5	32.5
  31.5	34.5
  32.5	20
  33.5	27.5
  34.5	21
  35.5	29
  36.5	26
  37.5	30
  38.5	18
  39.5	20
  40.5	30.5
  41.5	17.5
  42.5	27
  43.5	24.75
  44.5	38
  45.5	26.5
  46.5	19
  47.5	21
  48.5	29
  49.5	20.5
  50.5	26
  51.5	38
  52.5	31
  53.5	28.5
  54.5	29.2
  55.5	21
  56.5	27
  57.5	18
  58.5	30
  59.5	27
  60.5	26
  61.5	24
  62.5	22
  63.5	25
  64.5	26
  65.5	24
  66.5	23.2
  67.5	26
  68.5	32
  69.5	29
  70.5	29.8333
  71.5	27.5
  72.5	27.6429
  73.5	21
  74.5	31.5
  75.5	21
  76.5	29
  77.5	21.5
  78.5	22.0333
  79.5	27
  80.5	24.5
  81.5	25
  82.5	23
  83.5	25
  84.5	30.3333
  85.5	21
  86.5	29.5
  87.5	22.3333
  88.5	28
  89.5	29
  90.5	26.3333
  91.5	28.3333
  92.5	24
  93.5	18
  94.5	17.6429
  95.5	27.5
  96.5	29.3333
  97.5	22
  98.5	21.5
  99.5	31.3333
 100.5	28
 101.5	18
 102.5	24.7
 103.5	33
 104.5	19.8333
 105.5	28.5
 106.5	19.25
 107.5	26.3333
 108.5	23
 109.5	21.5
 110.5	25
 111.5	15
 112.5	24
 113.5	16.5
 114.5	30
 115.5	18.6429
 116.5	12
 117.5	26
 118.5	18.5
 119.5	15
 120.5	18.5
 121.5	15.5
 122.5	27
 123.5	16.8333
 124.5	23
 125.5	20
 126.5	17.2
 127.5	24.5
 128.5	17
 129.5	24
 130.5	17
 131.5	20
 132.5	21
 133.5	21
 134.5	18.5
 135.5	21.1429
 136.5	20.5
 137.5	15
 138.5	18.25
 139.5	25.5
 140.5	11
 141.5	23
 142.5	15
 143.5	18
 144.5	16.8333
 145.5	21.8333
 146.5	21
 147.5	14.5
 148.5	24
 149.5	21.5
 150.5	16
 151.5	14.8333
 152.5	19
 153.5	12.2
 154.5	15.1429
 155.5	13
 156.5	15
 157.5	14.8333
 158.5	17
 159.5	11.5
 160.5	20
 161.5	25
 162.5	19
 163.5	15.5
 164.5	16.5
 165.5	20.5
 166.5	18.5
 167.5	20.6429
 168.5	14.5333
 169.5	21
 170.5	15
 171.5	24.75
 172.5	21
 173.5	16.3333
 174.5	22
 175.5	8.5
 176.5	22
 177.5	17
 178.5	19.8333
 179.5	15
 180.5	17
 181.5	19.3333
 182.5	13
 183.5	14.2
 184.5	18.5
 185.5	23
 186.5	17.5
 187.5	15.5
 188.5	15
 189.5	14.6429
 190.5	17
 191.5	13.5
 192.5	15.5
 193.5	19
 194.5	19
 195.5	15
 196.5	15
 197.5	14
 198.5	23.2
 199.5	22
 200.5	19
 201.5	17
 202.5	17
 203.5	15.5
 204.5	18
 205.5	19.25
 206.5	12.5
 207.5	23
 208.5	22
 209.5	15.5
 210.5	17.5
 211.5	12.5
 212.5	17.5
 213.5	16.2
 214.5	15
 215.5	24.3333
 216.5	17
 217.5	12
 218.5	24.3333
 219.5	21
 220.5	18.5
 221.5	17
 222.5	19.25
 223.5	14
 224.5	23
 225.5	19
 226.5	7
 227.5	15
DB 1 MOTIF	2-TGCGCATGCGCA	STREME-2
-229.0	10
-228.0	10
-227.0	5
-226.0	8
-225.0	3
-224.0	4
-223.0	7
-222.0	4
-221.0	8
-220.0	8
-219.0	6
-218.0	5.5
-217.0	3.5
-216.0	2
-215.0	9.5
-214.0	6
-213.0	4
-212.0	11
-211.0	6
-210.0	8
-209.0	3
-208.0	4
-207.0	9
-206.0	9
-205.0	8
-204.0	2
-203.0	7
-202.0	5
-201.0	6
-200.0	5
-199.0	6
-198.0	12
-197.0	7
-196.0	5
-195.0	4
-194.0	7.5
-193.0	4
-192.0	5
-191.0	6
-190.0	14.5
-189.0	6
-188.0	5
-187.0	3
-186.0	13
-185.0	11
-184.0	11.5
-183.0	7
-182.0	11.5
-181.0	7
-180.0	6
-179.0	8
-178.0	9
-177.0	3
-176.0	6.5
-175.0	11
-174.0	5
-173.0	4
-172.0	12.5
-171.0	6
-170.0	8
-169.0	8
-168.0	2
-167.0	6
-166.0	7
-165.0	5
-164.0	6
-163.0	5
-162.0	7
-161.0	9
-160.0	6
-159.0	9
-158.0	8
-157.0	4
-156.0	5
-155.0	6
-154.0	3
-153.0	8
-152.0	10.5
-151.0	6
-150.0	4
-149.0	7
-148.0	8
-147.0	7
-146.0	5
-145.0	6
-144.0	5
-143.0	6
-142.0	6.5
-141.0	6
-140.0	8
-139.0	7
-138.0	8
-137.0	5
-136.0	7
-135.0	8.5
-134.0	7
-133.0	3
-132.0	3
-131.0	6
-130.0	7
-129.0	5
-128.0	5
-127.0	5
-126.0	14
-125.0	7
-124.0	7
-123.0	8
-122.0	9
-121.0	10
-120.0	8
-119.0	5
-118.0	4.33333
-117.0	11
-116.0	1.33333
-115.0	4
-114.0	7.83333
-113.0	4
-112.0	11
-111.0	8
-110.0	3
-109.0	10
-108.0	9.5
-107.0	7
-106.0	9.33333
-105.0	6
-104.0	9
-103.0	4.5
-102.0	7
-101.0	6
-100.0	9
 -99.0	2
 -98.0	15
 -97.0	7
 -96.0	10.5
 -95.0	5
 -94.0	11
 -93.0	16
 -92.0	10.5
 -91.0	9
 -90.0	11
 -89.0	11
 -88.0	7
 -87.0	10.5
 -86.0	7
 -85.0	8
 -84.0	8
 -83.0	8
 -82.0	10
 -81.0	14
 -80.0	10
 -79.0	9
 -78.0	5
 -77.0	11.8333
 -76.0	9
 -75.0	1
 -74.0	9
 -73.0	11.5
 -72.0	11
 -71.0	8.5
 -70.0	10.5
 -69.0	9.5
 -68.0	5.5
 -67.0	10.5
 -66.0	6.5
 -65.0	8
 -64.0	12
 -63.0	7
 -62.0	16.5
 -61.0	10
 -60.0	9
 -59.0	6
 -58.0	14
 -57.0	6
 -56.0	12
 -55.0	12
 -54.0	12
 -53.0	6
 -52.0	5.5
 -51.0	8.5
 -50.0	11
 -49.0	6.5
 -48.0	11.8333
 -47.0	5
 -46.0	9
 -45.0	15
 -44.0	12.3333
 -43.0	11
 -42.0	11
 -41.0	9
 -40.0	21
 -39.0	14
 -38.0	9.83333
 -37.0	9
 -36.0	13
 -35.0	11
 -34.0	14
 -33.0	7
 -32.0	7.83333
 -31.0	8
 -30.0	15
 -29.0	14
 -28.0	13.5
 -27.0	9
 -26.0	12.5
 -25.0	15
 -24.0	16
 -23.0	17
 -22.0	6
 -21.0	8.5
 -20.0	3
 -19.0	15
 -18.0	15
 -17.0	7.5
 -16.0	8.5
 -15.0	7
 -14.0	13.5
 -13.0	15
 -12.0	11
 -11.0	25
 -10.0	10.5
  -9.0	12
  -8.0	12
  -7.0	16
  -6.0	13
  -5.0	15
  -4.0	14.5
  -3.0	16
  -2.0	13
  -1.0	10
   0.0	13
   1.0	7
   2.0	6.5
   3.0	6
   4.0	6
   5.0	17
   6.0	11.5
   7.0	16
   8.0	12
   9.0	9.5
  10.0	7.5
  11.0	14.5
  12.0	19.5
  13.0	12
  14.0	11
  15.0	10
  16.0	9
  17.0	17
  18.0	12
  19.0	7
  20.0	13
  21.0	4
  22.0	7
  23.0	16
  24.0	11
  25.0	11.5
  26.0	5.5
  27.0	13
  28.0	13
  29.0	12
  30.0	11
  31.0	11
  32.0	12
  33.0	6
  34.0	14
  35.0	15
  36.0	19
  37.0	9
  38.0	8
  39.0	9
  40.0	9
  41.0	8
  42.0	9
  43.0	10
  44.0	11
  45.0	11
  46.0	10
  47.0	8
  48.0	11
  49.0	11
  50.0	7.5
  51.0	9.5
  52.0	13
  53.0	17.5
  54.0	9
  55.0	10
  56.0	11.5
  57.0	13
  58.0	12
  59.0	9
  60.0	10
  61.0	6
  62.0	10.5
  63.0	16.5
  64.0	14.5
  65.0	5.5
  66.0	6
  67.0	12
  68.0	11.5
  69.0	8
  70.0	7
  71.0	5
  72.0	12
  73.0	8
  74.0	10
  75.0	6
  76.0	11.5
  77.0	10.5
  78.0	8
  79.0	7.33333
  80.0	7
  81.0	10
  82.0	9
  83.0	7.5
  84.0	15
  85.0	8
  86.0	4
  87.0	9
  88.0	6.5
  89.0	9.5
  90.0	5
  91.0	4
  92.0	5
  93.0	7.5
  94.0	8.33333
  95.0	7.5
  96.0	11
  97.0	5
  98.0	7
  99.0	7.5
 100.0	2
 101.0	11
 102.0	3
 103.0	7
 104.0	10.5
 105.0	8
 106.0	6
 107.0	6
 108.0	15
 109.0	7
 110.0	3
 111.0	9
 112.0	9
 113.0	3
 114.0	4.5
 115.0	6
 116.0	3.5
 117.0	5
 118.0	11
 119.0	2
 120.0	8
 121.0	6
 122.0	11.5
 123.0	11
 124.0	5.83333
 125.0	9.5
 126.0	4.33333
 127.0	2.2
 128.0	4.33333
 129.0	5.7
 130.0	8.5
 131.0	5.7
 132.0	4
 133.0	7.2
 134.0	7
 135.0	7.2
 136.0	8.33333
 137.0	5
 138.0	7
 139.0	8.5
 140.0	5
 141.0	2
 142.0	11.6667
 143.0	8
 144.0	4
 145.0	6.5
 146.0	13
 147.0	4
 148.0	10
 149.0	7
 150.0	6
 151.0	7
 152.0	8
 153.0	6
 154.0	3
 155.0	8
 156.0	6
 157.0	4
 158.0	7.5
 159.0	5
 160.0	9
 161.0	4.5
 162.0	4
 163.0	5
 164.0	7
 165.0	7
 166.0	2
 167.0	5.5
 168.0	6
 169.0	6
 170.0	5
 171.0	8
 172.0	6
 173.0	3
 174.0	5
 175.0	9.5
 176.0	3
 177.0	6
 178.0	5
 179.0	3
 180.0	4
 181.0	6
 182.0	4
 183.0	4
 184.0	3
 185.0	6
 186.0	6
 187.0	7
 188.0	3
 189.0	2
 190.0	2
 191.0	4
 192.0	6
 193.0	8.5
 194.0	5
 195.0	9
 196.0	5
 197.0	5
 198.0	4
 199.0	7
 200.0	5.5
 201.0	7
 202.0	7
 203.0	8
 204.0	5.33333
 205.0	7
 206.0	3
 207.0	7
 208.0	3
 209.0	5
 210.0	3
 211.0	4
 212.0	6
 213.0	7
 214.0	0
 215.0	2
 216.0	5
 217.0	7
 218.0	4
 219.0	6
 220.0	1
 221.0	5
 222.0	6
 223.0	6
 224.0	3.5
 225.0	5
 226.0	6
 227.0	6
 228.0	6
 229.0	5
DB 1 MOTIF	3-CYGATTGGCYG	STREME-3
-229.5	6
-228.5	5
-227.5	10
-226.5	11
-225.5	8.5
-224.5	4
-223.5	11
-222.5	6
-221.5	12
-220.5	3
-219.5	14
-218.5	9
-217.5	8
-216.5	6
-215.5	7.5
-214.5	6
-213.5	10
-212.5	5
-211.5	6.5
-210.5	7
-209.5	8
-208.5	6
-207.5	10
-206.5	8
-205.5	8
-204.5	5
-203.5	8
-202.5	6
-201.5	10
-200.5	7
-199.5	5
-198.5	9
-197.5	4
-196.5	5
-195.5	9
-194.5	3.5
-193.5	6
-192.5	2.5
-191.5	5
-190.5	7
-189.5	10.5
-188.5	9
-187.5	6
-186.5	9.5
-185.5	4
-184.5	6
-183.5	8
-182.5	6
-181.5	13
-180.5	9
-179.5	8
-178.5	7
-177.5	11
-176.5	8
-175.5	1
-174.5	5.5
-173.5	6
-172.5	13
-171.5	11
-170.5	6
-169.5	16
-168.5	5
-167.5	7
-166.5	3
-165.5	11
-164.5	10
-163.5	9
-162.5	5.5
-161.5	8.5
-160.5	9
-159.5	7
-158.5	5
-157.5	9
-156.5	8
-155.5	8
-154.5	8
-153.5	3
-152.5	15.3333
-151.5	9
-150.5	3
-149.5	15.5
-148.5	10
-147.5	9
-146.5	6.5
-145.5	4
-144.5	6
-143.5	5
-142.5	7
-141.5	10
-140.5	7
-139.5	6
-138.5	7
-137.5	2
-136.5	5
-135.5	16
-134.5	7
-133.5	4.5
-132.5	8
-131.5	5
-130.5	12
-129.5	12
-128.5	8
-127.5	9
-126.5	11
-125.5	7
-124.5	7
-123.5	7.5
-122.5	6
-121.5	5.5
-120.5	8
-119.5	8
-118.5	5
-117.5	8
-116.5	7
-115.5	14.3333
-114.5	6.5
-113.5	6
-112.5	10
-111.5	12
-110.5	8
-109.5	5
-108.5	7
-107.5	9
-106.5	9
-105.5	6
-104.5	7
-103.5	8.5
-102.5	8
-101.5	9
-100.5	7
 -99.5	7
 -98.5	8
 -97.5	9
 -96.5	5
 -95.5	12
 -94.5	10
 -93.5	5
 -92.5	12
 -91.5	13
 -90.5	11
 -89.5	11
 -88.5	8
 -87.5	5
 -86.5	4.5
 -85.5	8.5
 -84.5	9
 -83.5	9
 -82.5	12
 -81.5	13
 -80.5	8
 -79.5	9
 -78.5	6
 -77.5	6
 -76.5	13
 -75.5	6
 -74.5	11
 -73.5	15
 -72.5	7
 -71.5	9
 -70.5	8
 -69.5	7
 -68.5	14
 -67.5	8
 -66.5	10.5
 -65.5	12
 -64.5	9
 -63.5	9
 -62.5	12
 -61.5	14
 -60.5	11
 -59.5	8
 -58.5	8
 -57.5	7.33333
 -56.5	7.33333
 -55.5	9
 -54.5	10
 -53.5	12
 -52.5	17
 -51.5	8
 -50.5	10.5
 -49.5	18.5
 -48.5	13
 -47.5	11
 -46.5	17
 -45.5	13
 -44.5	7
 -43.5	10
 -42.5	15
 -41.5	9
 -40.5	7
 -39.5	17
 -38.5	7
 -37.5	6.5
 -36.5	11.5
 -35.5	12
 -34.5	10
 -33.5	9.5
 -32.5	18
 -31.5	17
 -30.5	14.5
 -29.5	10.5
 -28.5	11.5
 -27.5	14
 -26.5	7
 -25.5	10.5
 -24.5	15
 -23.5	9
 -22.5	16
 -21.5	6
 -20.5	10
 -19.5	15
 -18.5	13.5
 -17.5	7.5
 -16.5	13
 -15.5	7
 -14.5	7
 -13.5	9.5
 -12.5	12
 -11.5	7
 -10.5	16
  -9.5	13
  -8.5	8
  -7.5	15.5
  -6.5	14
  -5.5	11
  -4.5	9
  -3.5	12
  -2.5	9
  -1.5	13
  -0.5	12
   0.5	9
   1.5	13
   2.5	12
   3.5	6
   4.5	8
   5.5	9.33333
   6.5	13
   7.5	11
   8.5	11
   9.5	9.5
  10.5	10
  11.5	18
  12.5	14.3333
  13.5	7.5
  14.5	10
  15.5	8
  16.5	9
  17.5	7
  18.5	11
  19.5	8
  20.5	11.5
  21.5	10
  22.5	18.5
  23.5	7
  24.5	9
  25.5	18
  26.5	10
  27.5	12
  28.5	12
  29.5	6
  30.5	7
  31.5	12.5
  32.5	7
  33.5	15
  34.5	5
  35.5	17.5
  36.5	10
  37.5	14.3333
  38.5	9
  39.5	13
  40.5	6
  41.5	10
  42.5	9.5
  43.5	15
  44.5	10.5
  45.5	17
  46.5	7
  47.5	14
  48.5	10.5
  49.5	15.5
  50.5	13.5
  51.5	10
  52.5	7
  53.5	7
  54.5	8
  55.5	10
  56.5	5
  57.5	14
  58.5	4
  59.5	10
  60.5	11
  61.5	9
  62.5	7
  63.5	10
  64.5	9.5
  65.5	13
  66.5	8
  67.5	7
  68.5	9
  69.5	8.5
  70.5	9
  71.5	7.5
  72.5	5.5
  73.5	8.5
  74.5	10
  75.5	7.5
  76.5	7
  77.5	5
  78.5	8
  79.5	9
  80.5	10
  81.5	7
  82.5	8.5
  83.5	6.5
  84.5	5.33333
  85.5	9
  86.5	1
  87.5	8
  88.5	11
  89.5	9
  90.5	6
  91.5	7
  92.5	9
  93.5	8
  94.5	10
  95.5	7
  96.5	7
  97.5	7
  98.5	10.5
  99.5	6
 100.5	7
 101.5	8
 102.5	6
 103.5	5
 104.5	6
 105.5	4
 106.5	8
 107.5	6
 108.5	4
 109.5	8
 110.5	7
 111.5	3
 112.5	5
 113.5	7
 114.5	6
 115.5	4
 116.5	11
 117.5	8
 118.5	4
 119.5	8
 120.5	2
 121.5	7
 122.5	7.5
 123.5	6
 124.5	8
 125.5	4
 126.5	9
 127.5	6.5
 128.5	11
 129.5	8
 130.5	6
 131.5	8
 132.5	3
 133.5	11
 134.5	6
 135.5	8
 136.5	8.5
 137.5	5.5
 138.5	5
 139.5	8
 140.5	6
 141.5	4
 142.5	4
 143.5	8
 144.5	8.5
 145.5	7
 146.5	9
 147.5	4
 148.5	6
 149.5	6
 150.5	5
 151.5	8
 152.5	6
 153.5	6.5
 154.5	2
 155.5	6.5
 156.5	9
 157.5	3
 158.5	11
 159.5	10.5
 160.5	4
 161.5	4
 162.5	11
 163.5	5
 164.5	4
 165.5	5.33333
 166.5	4
 167.5	6
 168.5	8
 169.5	4
 170.5	8
 171.5	6
 172.5	7.5
 173.5	5
 174.5	2
 175.5	4.5
 176.5	6
 177.5	9.5
 178.5	7
 179.5	5.5
 180.5	6
 181.5	5
 182.5	10
 183.5	6
 184.5	4.5
 185.5	4
 186.5	6
 187.5	4
 188.5	4
 189.5	4
 190.5	3
 191.5	5
 192.5	8
 193.5	3.5
 194.5	6
 195.5	8
 196.5	10
 197.5	8
 198.5	5
 199.5	5
 200.5	2
 201.5	8
 202.5	4
 203.5	3
 204.5	1
 205.5	7
 206.5	3
 207.5	0
 208.5	3
 209.5	6
 210.5	7
 211.5	7
 212.5	8.5
 213.5	4
 214.5	2
 215.5	6
 216.5	6
 217.5	7
 218.5	4
 219.5	4
 220.5	4
 221.5	4
 222.5	4
 223.5	3
 224.5	2
 225.5	7
 226.5	4
 227.5	11
 228.5	3
 229.5	6
DB 1 MOTIF	4-ACTACAWYTCCCAGV	STREME-4
-227.5	3
-226.5	3
-225.5	2
-224.5	6
-223.5	1
-222.5	1
-221.5	3
-220.5	6
-219.5	3
-218.5	7
-217.5	3
-216.5	3
-215.5	5
-214.5	3
-213.5	2
-212.5	5
-211.5	5
-210.5	5
-209.5	3
-208.5	3
-207.5	7
-206.5	3
-205.5	5
-204.5	4
-203.5	2
-202.5	9
-201.5	2
-200.5	7
-199.5	8
-198.5	8
-197.5	4
-196.5	5
-195.5	4
-194.5	6
-193.5	4
-192.5	4
-191.5	5
-190.5	4
-189.5	6
-188.5	5
-187.5	7
-186.5	0
-185.5	5
-184.5	3
-183.5	4
-182.5	6
-181.5	0
-180.5	8
-179.5	8
-178.5	4
-177.5	7
-176.5	2
-175.5	10
-174.5	8
-173.5	3
-172.5	7
-171.5	6
-170.5	2
-169.5	5
-168.5	2.5
-167.5	8
-166.5	3
-165.5	3
-164.5	4
-163.5	3
-162.5	5
-161.5	1
-160.5	11
-159.5	1
-158.5	1
-157.5	2
-156.5	3
-155.5	7
-154.5	1
-153.5	1
-152.5	5
-151.5	9
-150.5	1
-149.5	11
-148.5	2
-147.5	4
-146.5	0
-145.5	6
-144.5	5
-143.5	6.5
-142.5	3
-141.5	6
-140.5	7
-139.5	9
-138.5	5.2
-137.5	8
-136.5	4
-135.5	2
-134.5	1
-133.5	6
-132.5	2
-131.5	13
-130.5	5
-129.5	2
-128.5	2
-127.5	1
-126.5	4
-125.5	4
-124.5	7
-123.5	5
-122.5	6
-121.5	0
-120.5	6
-119.5	4
-118.5	7
-117.5	1
-116.5	4
-115.5	3
-114.5	5
-113.5	7
-112.5	4
-111.5	1
-110.5	4
-109.5	4
-108.5	3
-107.5	5.2
-106.5	4
-105.5	3
-104.5	3
-103.5	7
-102.5	7
-101.5	8
-100.5	1
 -99.5	5.5
 -98.5	4
 -97.5	7
 -96.5	3
 -95.5	6
 -94.5	7
 -93.5	2
 -92.5	2
 -91.5	3
 -90.5	2
 -89.5	3
 -88.5	2
 -87.5	5
 -86.5	3
 -85.5	7
 -84.5	4
 -83.5	5
 -82.5	9
 -81.5	6
 -80.5	3
 -79.5	1
 -78.5	8
 -77.5	7
 -76.5	3.2
 -75.5	4
 -74.5	4
 -73.5	2
 -72.5	1
 -71.5	5
 -70.5	6
 -69.5	8
 -68.5	5
 -67.5	6
 -66.5	5
 -65.5	3
 -64.5	7
 -63.5	4
 -62.5	4
 -61.5	2
 -60.5	3
 -59.5	1
 -58.5	5
 -57.5	7
 -56.5	5
 -55.5	9
 -54.5	9
 -53.5	2
 -52.5	5
 -51.5	9
 -50.5	6.5
 -49.5	7
 -48.5	8
 -47.5	7
 -46.5	3
 -45.5	6.2
 -44.5	5
 -43.5	1
 -42.5	5
 -41.5	8
 -40.5	4
 -39.5	4.5
 -38.5	3
 -37.5	4.5
 -36.5	5
 -35.5	5
 -34.5	3
 -33.5	5
 -32.5	9
 -31.5	7
 -30.5	4
 -29.5	2
 -28.5	3
 -27.5	7
 -26.5	7
 -25.5	3
 -24.5	8
 -23.5	4
 -22.5	2
 -21.5	6
 -20.5	6
 -19.5	7
 -18.5	3
 -17.5	7
 -16.5	4
 -15.5	5
 -14.5	7.2
 -13.5	6
 -12.5	3
 -11.5	1
 -10.5	6
  -9.5	4
  -8.5	6
  -7.5	6
  -6.5	9
  -5.5	6
  -4.5	8
  -3.5	1
  -2.5	5
  -1.5	5
  -0.5	5
   0.5	8
   1.5	3
   2.5	3
   3.5	5
   4.5	6
   5.5	13
   6.5	5
   7.5	5
   8.5	7
   9.5	2
  10.5	8
  11.5	3
  12.5	2
  13.5	9
  14.5	4
  15.5	2
  16.5	8
  17.5	4
  18.5	5
  19.5	7
  20.5	8
  21.5	7
  22.5	5
  23.5	9
  24.5	3
  25.5	5
  26.5	4.5
  27.5	7
  28.5	2
  29.5	5
  30.5	9
  31.5	4
  32.5	6
  33.5	7
  34.5	4
  35.5	10
  36.5	6
  37.5	5
  38.5	3
  39.5	1
  40.5	3
  41.5	4
  42.5	3
  43.5	3
  44.5	2
  45.5	5
  46.5	6.5
  47.5	9
  48.5	6
  49.5	3
  50.5	7
  51.5	6
  52.5	2
  53.5	5
  54.5	4
  55.5	9
  56.5	5
  57.5	5
  58.5	6
  59.5	5
  60.5	4
  61.5	3
  62.5	4
  63.5	3
  64.5	2
  65.5	7
  66.5	3
  67.5	6
  68.5	9
  69.5	2
  70.5	11
  71.5	4
  72.5	6
  73.5	8
  74.5	7
  75.5	6
  76.5	8
  77.5	1
  78.5	10
  79.5	8
  80.5	6
  81.5	3
  82.5	6
  83.5	5
  84.5	4
  85.5	0
  86.5	7
  87.5	3
  88.5	7
  89.5	5
  90.5	5
  91.5	1
  92.5	4
  93.5	3
  94.5	3
  95.5	4
  96.5	3
  97.5	4
  98.5	9.5
  99.5	6
 100.5	4
 101.5	8
 102.5	0
 103.5	5
 104.5	4
 105.5	5
 106.5	5
 107.5	4
 108.5	4
 109.5	5
 110.5	2
 111.5	3.5
 112.5	2
 113.5	3
 114.5	7
 115.5	7
 116.5	5
 117.5	7
 118.5	4
 119.5	3
 120.5	0
 121.5	6
 122.5	3
 123.5	7
 124.5	4
 125.5	4
 126.5	5
 127.5	3
 128.5	6
 129.5	5
 130.5	2
 131.5	4
 132.5	7
 133.5	7
 134.5	2
 135.5	3
 136.5	2
 137.5	6
 138.5	3
 139.5	4
 140.5	5
 141.5	3
 142.5	2
 143.5	1
 144.5	4
 145.5	0
 146.5	3
 147.5	7
 148.5	2
 149.5	6
 150.5	3
 151.5	3
 152.5	6
 153.5	0
 154.5	1
 155.5	4
 156.5	1
 157.5	4
 158.5	3
 159.5	2
 160.5	9
 161.5	0
 162.5	2
 163.5	6
 164.5	0
 165.5	4
 166.5	1
 167.5	0
 168.5	4
 169.5	7
 170.5	1
 171.5	4
 172.5	4
 173.5	2
 174.5	3
 175.5	4
 176.5	4
 177.5	9
 178.5	2
 179.5	3
 180.5	3
 181.5	3
 182.5	1
 183.5	2
 184.5	4
 185.5	4
 186.5	5
 187.5	4
 188.5	4
 189.5	5
 190.5	4
 191.5	3
 192.5	3
 193.5	2
 194.5	11
 195.5	5
 196.5	7
 197.5	4
 198.5	6
 199.5	3
 200.5	7
 201.5	2
 202.5	3
 203.5	3
 204.5	3
 205.5	10
 206.5	3
 207.5	3
 208.5	4
 209.5	5
 210.5	3
 211.5	6
 212.5	4
 213.5	4
 214.5	4
 215.5	3
 216.5	4
 217.5	7
 218.5	2
 219.5	5
 220.5	7
 221.5	7
 222.5	4
 223.5	4
 224.5	5
 225.5	4
 226.5	4
 227.5	6
DB 1 MOTIF	5-GGGGCGGGA	STREME-5
-230.5	32.25
-229.5	34.3333
-228.5	38.6667
-227.5	20
-226.5	26.5
-225.5	25
-224.5	34
-223.5	21.2
-222.5	30.5
-221.5	18.7
-220.5	18.3333
-219.5	33.3333
-218.5	28.6667
-217.5	21.4167
-216.5	17.5333
-215.5	22.8333
-214.5	20.25
-213.5	19.45
-212.5	35
-211.5	28.25
-210.5	38.2
-209.5	20
-208.5	32.5
-207.5	30.8333
-206.5	29.2
-205.5	30.5
-204.5	28.25
-203.5	16.25
-202.5	14.3333
-201.5	23
-200.5	27.5
-199.5	25.75
-198.5	30.5833
-197.5	19.5
-196.5	19.1667
-195.5	21.0833
-194.5	22.1667
-193.5	27.5
-192.5	18.7833
-191.5	18.25
-190.5	22
-189.5	31.0833
-188.5	18.8333
-187.5	29.2833
-186.5	26.25
-185.5	29.0333
-184.5	25.8333
-183.5	27
-182.5	17.5
-181.5	21.5
-180.5	18.8429
-179.5	23.6667
-178.5	27.6667
-177.5	21.5
-176.5	33.3333
-175.5	26.0667
-174.5	30
-173.5	29.8333
-172.5	13.5833
-171.5	29.7
-170.5	27.7833
-169.5	20.1667
-168.5	31.75
-167.5	28.45
-166.5	23.1667
-165.5	26
-164.5	25.2333
-163.5	25.0333
-162.5	25.75
-161.5	25
-160.5	23
-159.5	23.1667
-158.5	27.6667
-157.5	26.5
-156.5	24.3333
-155.5	18.5
-154.5	28
-153.5	33.0833
-152.5	21.7333
-151.5	27.0833
-150.5	23.5
-149.5	20.9167
-148.5	21.6667
-147.5	26.5
-146.5	24.8333
-145.5	24
-144.5	21.1667
-143.5	23.45
-142.5	27.3667
-141.5	21.5
-140.5	14.6667
-139.5	23.1667
-138.5	23
-137.5	27.75
-136.5	22.0667
-135.5	25.5333
-134.5	26.3667
-133.5	26.5
-132.5	21.95
-131.5	30.1167
-130.5	31.95
-129.5	30.2833
-128.5	24.2
-127.5	24.75
-126.5	19.4167
-125.5	21.1667
-124.5	20.2
-123.5	24.7667
-122.5	22.5333
-121.5	35.2
-120.5	33.4167
-119.5	31.6667
-118.5	26.0333
-117.5	30.0333
-116.5	31.8333
-115.5	27.1667
-114.5	19.1667
-113.5	24.5
-112.5	32.2333
-111.5	25.2833
-110.5	35.3333
-109.5	27.5
-108.5	22.3667
-107.5	24.45
-106.5	27.75
-105.5	21.5333
-104.5	17.5
-103.5	17.8333
-102.5	14.9833
-101.5	25.2
-100.5	24.0333
 -99.5	35.3333
 -98.5	23.2833
 -97.5	28.8167
 -96.5	26.8667
 -95.5	25.1667
 -94.5	31
 -93.5	32.95
 -92.5	26.2
 -91.5	29.9167
 -90.5	24.1667
 -89.5	35.7
 -88.5	38.8333
 -87.5	23.9
 -86.5	27.7
 -85.5	26.5
 -84.5	31
 -83.5	29.8333
 -82.5	26.1167
 -81.5	28.5
 -80.5	38.5
 -79.5	28.1667
 -78.5	27.2833
 -77.5	23.45
 -76.5	33.5833
 -75.5	30.5833
 -74.5	33.0333
 -73.5	20.5
 -72.5	40.1667
 -71.5	32.5833
 -70.5	18.75
 -69.5	27.5
 -68.5	22.95
 -67.5	22.6667
 -66.5	40.5
 -65.5	27.75
 -64.5	36.0833
 -63.5	27.75
 -62.5	31.2
 -61.5	35.75
 -60.5	27.2
 -59.5	29.4762
 -58.5	28.5
 -57.5	37.3333
 -56.5	21.8333
 -55.5	27.25
 -54.5	41.8095
 -53.5	22.75
 -52.5	22
 -51.5	28.8333
 -50.5	37.3333
 -49.5	38.3095
 -48.5	26
 -47.5	23.3333
 -46.5	38.4762
 -45.5	27.3333
 -44.5	34.0833
 -43.5	24.5833
 -42.5	24
 -41.5	33.6667
 -40.5	34.7
 -39.5	25.3333
 -38.5	25.2
 -37.5	27.5833
 -36.5	27.1667
 -35.5	47.5333
 -34.5	28.7262
 -33.5	34.95
 -32.5	34.5
 -31.5	32.25
 -30.5	44.8333
 -29.5	37.1667
 -28.5	35.7833
 -27.5	49.0833
 -26.5	35.6667
 -25.5	35
 -24.5	26
 -23.5	48.5
 -22.5	48.8333
 -21.5	46
 -20.5	45.8333
 -19.5	36
 -18.5	35.4762
 -17.5	41.8333
 -16.5	32.5
 -15.5	39
 -14.5	51.5
 -13.5	38
 -12.5	33.8333
 -11.5	37.3333
 -10.5	43.3333
  -9.5	38
  -8.5	54
  -7.5	39.8333
  -6.5	43.75
  -5.5	34.3333
  -4.5	46.8333
  -3.5	52.3333
  -2.5	41
  -1.5	37.7
  -0.5	36.6667
   0.5	45.9
   1.5	37.3333
   2.5	53.45
   3.5	42.6429
   4.5	40.3333
   5.5	47.6667
   6.5	43.75
   7.5	49.8333
   8.5	33
   9.5	41.6429
  10.5	36.5333
  11.5	41.8333
  12.5	53.5
  13.5	41.5833
  14.5	47
  15.5	46.25
  16.5	36.45
  17.5	41.3333
  18.5	44
  19.5	47.6667
  20.5	53.5
  21.5	42.1667
  22.5	40
  23.5	36.0333
  24.5	52.3333
  25.5	39.25
  26.5	41.8667
  27.5	49.0833
  28.5	37
  29.5	33.4167
  30.5	39
  31.5	28.5
  32.5	39
  33.5	38
  34.5	31.9762
  35.5	33.3333
  36.5	28.9762
  37.5	25.8333
  38.5	27.6429
  39.5	32.3333
  40.5	27.2833
  41.5	27.3095
  42.5	39.75
  43.5	26
  44.5	37.6111
  45.5	34.6667
  46.5	47.3333
  47.5	27.3333
  48.5	26.75
  49.5	27.8333
  50.5	31.8333
  51.5	38.5833
  52.5	29.8333
  53.5	33.0833
  54.5	32.6667
  55.5	27.1667
  56.5	31.8667
  57.5	23.8333
  58.5	33.5
  59.5	12.3333
  60.5	31
  61.5	31.3333
  62.5	29.4206
  63.5	31.1667
  64.5	28.8667
  65.5	26.1667
  66.5	29.0333
  67.5	28.5833
  68.5	26.2
  69.5	30.5333
  70.5	31.5595
  71.5	29.8667
  72.5	31.2
  73.5	30.5
  74.5	28.4167
  75.5	30.8095
  76.5	28.6429
  77.5	34.8333
  78.5	32.2333
  79.5	30.6667
  80.5	38.9833
  81.5	28.8333
  82.5	23.0611
  83.5	21.4167
  84.5	31.2833
  85.5	17.95
  86.5	26.3667
  87.5	21.1167
  88.5	24.8333
  89.5	23.25
  90.5	21.45
  91.5	20.8333
  92.5	22.8333
  93.5	32.9167
  94.5	26.0357
  95.5	20.6667
  96.5	25.3444
  97.5	34.95
  98.5	31.5
  99.5	25.2833
 100.5	24.0833
 101.5	32.7
 102.5	25.1667
 103.5	18.7333
 104.5	21.8667
 105.5	35.3333
 106.5	27.3333
 107.5	23
 108.5	24.0833
 109.5	22.5
 110.5	17.0873
 111.5	20.3333
 112.5	25.3667
 113.5	30
 114.5	25.5
 115.5	26.5
 116.5	30.8333
 117.5	24.7333
 118.5	23.6667
 119.5	23
 120.5	26.0833
 121.5	20.2262
 122.5	20.2667
 123.5	22.5333
 124.5	23.2778
 125.5	24.5
 126.5	21
 127.5	26.8167
 128.5	15.65
 129.5	23.2333
 130.5	30.8333
 131.5	27.6667
 132.5	23.25
 133.5	18.2333
 134.5	26.8667
 135.5	15.7
 136.5	24.7262
 137.5	28.75
 138.5	25.1444
 139.5	17.4333
 140.5	23.5595
 141.5	12.95
 142.5	21.5
 143.5	14.1667
 144.5	16.3333
 145.5	22.3333
 146.5	22.5929
 147.5	16.8667
 148.5	18.25
 149.5	22.75
 150.5	23.9167
 151.5	18.869
 152.5	26.4444
 153.5	21.45
 154.5	30.5833
 155.5	15.2833
 156.5	27.25
 157.5	11.25
 158.5	18.5
 159.5	17.9167
 160.5	12.2
 161.5	14.0833
 162.5	18.5
 163.5	21.3667
 164.5	31.6667
 165.5	13.9762
 166.5	19.1206
 167.5	24.5333
 168.5	28.7
 169.5	30.2095
 170.5	25.9262
 171.5	23
 172.5	22.15
 173.5	19.3333
 174.5	25.3333
 175.5	15.6429
 176.5	21.4762
 177.5	24.2833
 178.5	25.95
 179.5	17.7
 180.5	21.3095
 181.5	22.0595
 182.5	17.95
 183.5	24.1667
 184.5	21.25
 185.5	22
 186.5	24.75
 187.5	19.3333
 188.5	21.5
 189.5	22.0333
 190.5	17.9
 191.5	19.8333
 192.5	15
 193.5	21.0833
 194.5	19.1667
 195.5	25.25
 196.5	20.3929
 197.5	24.4167
 198.5	21
 199.5	18.0429
 200.5	30.5
 201.5	27.5595
 202.5	16.3333
 203.5	18.7
 204.5	24.7262
 205.5	16
 206.5	18.7
 207.5	12.6667
 208.5	23.7
 209.5	14.8333
 210.5	24.9833
 211.5	23.7262
 212.5	21.3333
 213.5	25.5333
 214.5	22.0833
 215.5	17.8333
 216.5	14
 217.5	26.2
 218.5	15.8333
 219.5	20.7
 220.5	22.3333
 221.5	22.6429
 222.5	33.75
 223.5	29.7
 224.5	27.3333
 225.5	17.3333
 226.5	18.4762
 227.5	21.5
 228.5	16.9762
 229.5	27.8333
 230.5	20.0333
DB 1 MOTIF	6-CACTTCCGGBN	STREME-6
-229.5	14
-228.5	21
-227.5	19
-226.5	12
-225.5	17.5
-224.5	18
-223.5	17
-222.5	17
-221.5	22
-220.5	22
-219.5	18.5
-218.5	15
-217.5	24
-216.5	15
-215.5	21
-214.5	24.1429
-213.5	25
-212.5	26
-211.5	23
-210.5	19
-209.5	20
-208.5	19
-207.5	14
-206.5	19
-205.5	16
-204.5	21
-203.5	22
-202.5	14.5
-201.5	18
-200.5	18
-199.5	22
-198.5	17
-197.5	17
-196.5	25.25
-195.5	14
-194.5	20
-193.5	12
-192.5	16
-191.5	20
-190.5	19
-189.5	15
-188.5	22
-187.5	11
-186.5	21
-185.5	14
-184.5	21.1429
-183.5	18
-182.5	21.5
-181.5	19.5
-180.5	18
-179.5	25
-178.5	19.5
-177.5	21
-176.5	14
-175.5	13
-174.5	22
-173.5	16
-172.5	20.5
-171.5	11
-170.5	14.3333
-169.5	19.5
-168.5	16
-167.5	19
-166.5	18
-165.5	17
-164.5	12
-163.5	21
-162.5	16
-161.5	18
-160.5	16
-159.5	19
-158.5	16
-157.5	11
-156.5	15
-155.5	13
-154.5	22.1429
-153.5	13
-152.5	15.3333
-151.5	16.5
-150.5	21
-149.5	14.3333
-148.5	22
-147.5	18
-146.5	18
-145.5	21
-144.5	14
-143.5	14
-142.5	19
-141.5	12
-140.5	28
-139.5	11
-138.5	19
-137.5	14
-136.5	15
-135.5	18
-134.5	16
-133.5	26
-132.5	19.5
-131.5	20
-130.5	15
-129.5	18.3333
-128.5	22
-127.5	21
-126.5	15
-125.5	29
-124.5	12.1429
-123.5	22
-122.5	15
-121.5	18
-120.5	18
-119.5	21.5
-118.5	22
-117.5	16
-116.5	16
-115.5	15
-114.5	21
-113.5	13.3333
-112.5	14
-111.5	17
-110.5	14
-109.5	11
-108.5	23
-107.5	19
-106.5	26
-105.5	15
-104.5	19
-103.5	22.5
-102.5	20
-101.5	17
-100.5	13
 -99.5	18
 -98.5	16
 -97.5	23
 -96.5	11
 -95.5	25
 -94.5	16.6429
 -93.5	23
 -92.5	18.5
 -91.5	21
 -90.5	22.5
 -89.5	18
 -88.5	27
 -87.5	17
 -86.5	13
 -85.5	19
 -84.5	20
 -83.5	10
 -82.5	24
 -81.5	10
 -80.5	18
 -79.5	16
 -78.5	27
 -77.5	13.5
 -76.5	19
 -75.5	16
 -74.5	26.3333
 -73.5	12
 -72.5	21
 -71.5	18
 -70.5	23
 -69.5	22.5
 -68.5	28
 -67.5	27
 -66.5	17
 -65.5	23
 -64.5	12.1429
 -63.5	20
 -62.5	26
 -61.5	25.5
 -60.5	18
 -59.5	18
 -58.5	16
 -57.5	21
 -56.5	26
 -55.5	20
 -54.5	17
 -53.5	20
 -52.5	26
 -51.5	29
 -50.5	31.5
 -49.5	22.5
 -48.5	18
 -47.5	22.5
 -46.5	25
 -45.5	26
 -44.5	25
 -43.5	22
 -42.5	27
 -41.5	26
 -40.5	27
 -39.5	21
 -38.5	16.5
 -37.5	28
 -36.5	22
 -35.5	20
 -34.5	34.1429
 -33.5	38
 -32.5	27.5
 -31.5	26
 -30.5	30.5
 -29.5	30
 -28.5	27
 -27.5	29
 -26.5	28.5
 -25.5	18
 -24.5	34
 -23.5	22
 -22.5	24.5
 -21.5	32
 -20.5	32
 -19.5	25
 -18.5	36.5
 -17.5	35
 -16.5	38
 -15.5	25
 -14.5	26
 -13.5	24
 -12.5	35.5
 -11.5	36
 -10.5	24
  -9.5	23
  -8.5	24
  -7.5	28
  -6.5	27
  -5.5	29.25
  -4.5	26
  -3.5	18
  -2.5	23
  -1.5	25
  -0.5	33
   0.5	30
   1.5	27
   2.5	27
   3.5	30
   4.5	23
   5.5	28
   6.5	23
   7.5	37
   8.5	26
   9.5	26.5
  10.5	24
  11.5	29.5
  12.5	17
  13.5	21
  14.5	28
  15.5	20
  16.5	28
  17.5	37
  18.5	17
  19.5	37.5
  20.5	31
  21.5	24
  22.5	17
  23.5	27
  24.5	25
  25.5	27.5
  26.5	21
  27.5	26
  28.5	32
  29.5	31
  30.5	19.5
  31.5	17
  32.5	24
  33.5	25
  34.5	27
  35.5	26
  36.5	20
  37.5	23.5
  38.5	29
  39.5	26.5
  40.5	24.5
  41.5	32
  42.5	25
  43.5	24.5
  44.5	25
  45.5	23
  46.5	24
  47.5	26
  48.5	22
  49.5	26
  50.5	22
  51.5	25
  52.5	20
  53.5	14
  54.5	20
  55.5	32
  56.5	27
  57.5	24
  58.5	28.25
  59.5	28
  60.5	33
  61.5	16
  62.5	22
  63.5	21
  64.5	19
  65.5	28.5
  66.5	17
  67.5	16
  68.5	18
  69.5	16
  70.5	21
  71.5	24
  72.5	14
  73.5	22
  74.5	18
  75.5	14.5
  76.5	23
  77.5	19
  78.5	29
  79.5	17
  80.5	20.5
  81.5	14
  82.5	24
  83.5	14.5
  84.5	21
  85.5	19
  86.5	25
  87.5	17
  88.5	14
  89.5	22
  90.5	21
  91.5	21
  92.5	16
  93.5	15
  94.5	26
  95.5	20
  96.5	24
  97.5	15
  98.5	18
  99.5	16
 100.5	21
 101.5	27
 102.5	21
 103.5	15
 104.5	24
 105.5	24
 106.5	16.5
 107.5	11.5
 108.5	19
 109.5	14
 110.5	13
 111.5	25
 112.5	13
 113.5	10
 114.5	21
 115.5	14.5
 116.5	21
 117.5	16.5
 118.5	15
 119.5	16
 120.5	17
 121.5	17
 122.5	13
 123.5	17
 124.5	30
 125.5	18.5
 126.5	25
 127.5	17
 128.5	16
 129.5	18.5
 130.5	18
 131.5	22
 132.5	19
 133.5	15
 134.5	15
 135.5	17
 136.5	16
 137.5	14
 138.5	17
 139.5	11
 140.5	21
 141.5	16.5
 142.5	18
 143.5	14
 144.5	22
 145.5	11
 146.5	17
 147.5	12
 148.5	12
 149.5	22
 150.5	14
 151.5	20
 152.5	9.5
 153.5	14
 154.5	15
 155.5	23
 156.5	16
 157.5	13
 158.5	20
 159.5	13
 160.5	17
 161.5	14
 162.5	18
 163.5	16
 164.5	15
 165.5	18
 166.5	19
 167.5	18
 168.5	20
 169.5	13
 170.5	24
 171.5	18
 172.5	21
 173.5	13
 174.5	23
 175.5	19
 176.5	4
 177.5	20.5
 178.5	15
 179.5	14
 180.5	12
 181.5	13.5
 182.5	11
 183.5	16
 184.5	15.5
 185.5	23.25
 186.5	12
 187.5	19.5
 188.5	11
 189.5	11
 190.5	15
 191.5	9
 192.5	17
 193.5	15
 194.5	16
 195.5	12.5
 196.5	12
 197.5	21
 198.5	21
 199.5	9
 200.5	12
 201.5	22
 202.5	15
 203.5	15.5
 204.5	8
 205.5	17
 206.5	21
 207.5	14
 208.5	10
 209.5	15
 210.5	22
 211.5	13
 212.5	17.5
 213.5	12
 214.5	15
 215.5	13.5
 216.5	12.5
 217.5	12
 218.5	11
 219.5	19
 220.5	18.5
 221.5	20
 222.5	5
 223.5	11
 224.5	23.5
 225.5	18
 226.5	15
 227.5	23
 228.5	13
 229.5	14
DB 1 MOTIF	7-GTSACGTSAC	STREME-7
-230.0	11
-229.0	13
-228.0	9
-227.0	12
-226.0	6
-225.0	14
-224.0	7
-223.0	6
-222.0	6
-221.0	5
-220.0	16
-219.0	6.5
-218.0	11
-217.0	13
-216.0	9
-215.0	11
-214.0	6
-213.0	14
-212.0	14
-211.0	10
-210.0	11
-209.0	10
-208.0	17
-207.0	5
-206.0	16
-205.0	11
-204.0	13.5
-203.0	13
-202.0	10
-201.0	15
-200.0	15
-199.0	10
-198.0	9
-197.0	14
-196.0	8
-195.0	16
-194.0	7.7
-193.0	9
-192.0	12
-191.0	13
-190.0	6
-189.0	7
-188.0	8
-187.0	12
-186.0	13
-185.0	5
-184.0	9
-183.0	8
-182.0	17
-181.0	8
-180.0	10
-179.0	15
-178.0	14
-177.0	11
-176.0	17
-175.0	7
-174.0	19
-173.0	5
-172.0	11
-171.0	8
-170.0	14.5
-169.0	14
-168.0	3
-167.0	11
-166.0	12
-165.0	12
-164.0	14.2
-163.0	12
-162.0	5
-161.0	9
-160.0	9
-159.0	11
-158.0	10
-157.0	12
-156.0	14
-155.0	8
-154.0	10
-153.0	10
-152.0	5
-151.0	10
-150.0	12
-149.0	5
-148.0	18
-147.0	5
-146.0	9
-145.0	15
-144.0	6
-143.0	9.5
-142.0	11
-141.0	19
-140.0	12
-139.0	5
-138.0	7
-137.0	9
-136.0	18.5
-135.0	13
-134.0	6.2
-133.0	13
-132.0	7
-131.0	8
-130.0	16
-129.0	21
-128.0	6
-127.0	6
-126.0	13
-125.0	12
-124.0	7.5
-123.0	14
-122.0	5
-121.0	5
-120.0	10
-119.0	8
-118.0	9
-117.0	17
-116.0	16
-115.0	17
-114.0	6
-113.0	12
-112.0	10
-111.0	12
-110.0	15
-109.0	12
-108.0	8
-107.0	10
-106.0	12.5
-105.0	12
-104.0	7.2
-103.0	14
-102.0	11
-101.0	9
-100.0	11
 -99.0	9
 -98.0	10
 -97.0	10
 -96.0	13
 -95.0	9
 -94.0	6
 -93.0	17
 -92.0	13
 -91.0	16
 -90.0	19.5
 -89.0	8
 -88.0	16
 -87.0	16
 -86.0	7
 -85.0	14
 -84.0	11
 -83.0	7
 -82.0	11
 -81.0	13
 -80.0	8
 -79.0	17
 -78.0	12
 -77.0	19
 -76.0	9
 -75.0	16.5
 -74.0	13.2
 -73.0	12
 -72.0	9
 -71.0	15.5
 -70.0	12
 -69.0	13
 -68.0	12
 -67.0	9
 -66.0	15.5
 -65.0	12
 -64.0	7
 -63.0	14.5
 -62.0	18
 -61.0	13
 -60.0	16
 -59.0	7
 -58.0	9
 -57.0	13
 -56.0	19
 -55.0	12
 -54.0	10
 -53.0	16
 -52.0	22
 -51.0	9
 -50.0	9
 -49.0	9.5
 -48.0	14.5
 -47.0	10
 -46.0	15
 -45.0	16
 -44.0	20
 -43.0	15.5
 -42.0	13.5
 -41.0	15
 -40.0	11
 -39.0	14
 -38.0	16
 -37.0	8
 -36.0	10
 -35.0	13
 -34.0	13
 -33.0	9
 -32.0	22
 -31.0	15
 -30.0	14
 -29.0	15.5
 -28.0	9
 -27.0	14
 -26.0	24
 -25.0	18
 -24.0	10.5
 -23.0	21
 -22.0	20
 -21.0	21
 -20.0	15.5
 -19.0	17
 -18.0	18
 -17.0	13
 -16.0	4
 -15.0	14
 -14.0	21
 -13.0	11
 -12.0	16
 -11.0	14
 -10.0	22.5
  -9.0	16
  -8.0	19
  -7.0	10
  -6.0	14
  -5.0	9
  -4.0	10
  -3.0	15
  -2.0	7
  -1.0	23
   0.0	10
   1.0	15
   2.0	15
   3.0	17.5
   4.0	10
   5.0	9.5
   6.0	13
   7.0	6
   8.0	16
   9.0	14.5
  10.0	11
  11.0	17
  12.0	15
  13.0	14
  14.0	9
  15.0	12.5
  16.0	16
  17.0	13.5
  18.0	15
  19.0	15
  20.0	17
  21.0	14
  22.0	9
  23.0	13
  24.0	10.5
  25.0	18
  26.0	15
  27.0	20
  28.0	25
  29.0	9
  30.0	12
  31.0	14
  32.0	12
  33.0	23
  34.0	9
  35.0	17
  36.0	15
  37.0	11
  38.0	17
  39.0	13
  40.0	14
  41.0	17
  42.0	17
  43.0	12
  44.0	13
  45.0	11
  46.0	13
  47.0	4
  48.0	10
  49.0	8
  50.0	18
  51.0	18
  52.0	15
  53.0	8.5
  54.0	14
  55.0	10
  56.0	18
  57.0	14
  58.0	9
  59.0	11
  60.0	10
  61.0	14
  62.0	16
  63.0	16
  64.0	10
  65.0	16
  66.0	7
  67.0	10
  68.0	15
  69.0	14.5
  70.0	18
  71.0	15
  72.0	15
  73.0	12.5
  74.0	15
  75.0	14
  76.0	11
  77.0	12
  78.0	20.5
  79.0	13
  80.0	6
  81.0	9
  82.0	18
  83.0	11
  84.0	12
  85.0	7
  86.0	9
  87.0	9
  88.0	7
  89.0	9
  90.0	14
  91.0	7
  92.0	11
  93.0	15
  94.0	12
  95.0	13
  96.0	10.5
  97.0	10
  98.0	15
  99.0	10
 100.0	6
 101.0	10.5
 102.0	12.5
 103.0	7
 104.0	9
 105.0	11
 106.0	10
 107.0	12.5
 108.0	12
 109.0	13
 110.0	14
 111.0	10
 112.0	13
 113.0	9
 114.0	7
 115.0	8
 116.0	11
 117.0	9
 118.0	13
 119.0	10
 120.0	11
 121.0	10
 122.0	5
 123.0	5
 124.0	7
 125.0	10
 126.0	12
 127.0	10
 128.0	7
 129.0	12
 130.0	7
 131.0	11
 132.0	9
 133.0	8
 134.0	8
 135.0	12
 136.0	10
 137.0	8
 138.0	9
 139.0	4
 140.0	11
 141.0	5
 142.0	9
 143.0	10.5
 144.0	10
 145.0	7
 146.0	9
 147.0	6
 148.0	8
 149.0	10
 150.0	8
 151.0	11.5
 152.0	8
 153.0	10
 154.0	9.5
 155.0	7
 156.0	9
 157.0	4
 158.0	12
 159.0	9
 160.0	9
 161.0	13.5
 162.0	10
 163.0	8
 164.0	13
 165.0	6
 166.0	7
 167.0	9
 168.0	12
 169.0	8
 170.0	7
 171.0	11
 172.0	11
 173.0	9
 174.0	9
 175.0	6
 176.0	9
 177.0	10
 178.0	11
 179.0	8
 180.0	11
 181.0	8
 182.0	9
 183.0	6.5
 184.0	8
 185.0	3
 186.0	7
 187.0	13
 188.0	4
 189.0	13
 190.0	9
 191.0	5
 192.0	6
 193.0	4
 194.0	15
 195.0	7
 196.0	3
 197.0	6
 198.0	6
 199.0	11
 200.0	10
 201.0	8
 202.0	7
 203.0	9
 204.0	10
 205.0	11
 206.0	4
 207.0	5
 208.0	6
 209.0	7
 210.0	9
 211.0	13
 212.0	9
 213.0	14
 214.0	8
 215.0	7
 216.0	13
 217.0	10
 218.0	7
 219.0	10
 220.0	8
 221.0	9
 222.0	8
 223.0	5
 224.0	6
 225.0	8
 226.0	11
 227.0	19
 228.0	10
 229.0	6
 230.0	10
DB 1 MOTIF	8-CCRSCAGRGGGCG	STREME-8
-228.5	9
-227.5	19
-226.5	10
-225.5	12
-224.5	10
-223.5	9
-222.5	11
-221.5	4
-220.5	5
-219.5	15
-218.5	13
-217.5	7
-216.5	13
-215.5	11
-214.5	13
-213.5	7
-212.5	8
-211.5	11
-210.5	16
-209.5	12
-208.5	8
-207.5	20
-206.5	8
-205.5	8.5
-204.5	9
-203.5	13
-202.5	11
-201.5	12.5
-200.5	7
-199.5	6
-198.5	12.5
-197.5	5
-196.5	19
-195.5	10
-194.5	5
-193.5	10
-192.5	9
-191.5	7
-190.5	18
-189.5	15
-188.5	7
-187.5	10
-186.5	11
-185.5	14
-184.5	7
-183.5	8
-182.5	6
-181.5	7
-180.5	7.5
-179.5	15
-178.5	6
-177.5	12
-176.5	15
-175.5	10
-174.5	6
-173.5	11
-172.5	11
-171.5	8
-170.5	8
-169.5	10
-168.5	7
-167.5	6
-166.5	10
-165.5	11
-164.5	10
-163.5	8
-162.5	12
-161.5	10
-160.5	10
-159.5	16
-158.5	9
-157.5	8
-156.5	11.5
-155.5	14
-154.5	10
-153.5	6
-152.5	4
-151.5	11
-150.5	8
-149.5	8.5
-148.5	9
-147.5	12
-146.5	12
-145.5	12
-144.5	7
-143.5	7
-142.5	14
-141.5	11
-140.5	13
-139.5	10
-138.5	15
-137.5	19
-136.5	10
-135.5	11
-134.5	6
-133.5	8
-132.5	11
-131.5	8.5
-130.5	12
-129.5	11
-128.5	16
-127.5	8
-126.5	14
-125.5	18
-124.5	7
-123.5	10
-122.5	16
-121.5	5
-120.5	8
-119.5	10
-118.5	12
-117.5	9
-116.5	15
-115.5	11
-114.5	17
-113.5	18
-112.5	11.5
-111.5	11
-110.5	13
-109.5	10.5
-108.5	4
-107.5	15
-106.5	14
-105.5	14
-104.5	13
-103.5	8
-102.5	13
-101.5	14
-100.5	17
 -99.5	14
 -98.5	17
 -97.5	11
 -96.5	15
 -95.5	9
 -94.5	6
 -93.5	11
 -92.5	16
 -91.5	11
 -90.5	10
 -89.5	15
 -88.5	10
 -87.5	12
 -86.5	12
 -85.5	14
 -84.5	15
 -83.5	10
 -82.5	17
 -81.5	12
 -80.5	18
 -79.5	11
 -78.5	22
 -77.5	11
 -76.5	10
 -75.5	21
 -74.5	14
 -73.5	16
 -72.5	18.5
 -71.5	17
 -70.5	9
 -69.5	12
 -68.5	13
 -67.5	15
 -66.5	13
 -65.5	12
 -64.5	17
 -63.5	22
 -62.5	15
 -61.5	10
 -60.5	9
 -59.5	16
 -58.5	15
 -57.5	22
 -56.5	16
 -55.5	14
 -54.5	18
 -53.5	12
 -52.5	25
 -51.5	13
 -50.5	16
 -49.5	11
 -48.5	18
 -47.5	16
 -46.5	15
 -45.5	22
 -44.5	15
 -43.5	19
 -42.5	25
 -41.5	13
 -40.5	20
 -39.5	19
 -38.5	20
 -37.5	17
 -36.5	14
 -35.5	22
 -34.5	24
 -33.5	17
 -32.5	20
 -31.5	15
 -30.5	17
 -29.5	21
 -28.5	22
 -27.5	19
 -26.5	22
 -25.5	19
 -24.5	13
 -23.5	15
 -22.5	17
 -21.5	20
 -20.5	21
 -19.5	18
 -18.5	17
 -17.5	18
 -16.5	23
 -15.5	25
 -14.5	20
 -13.5	20
 -12.5	20
 -11.5	25
 -10.5	30
  -9.5	23
  -8.5	16.5
  -7.5	23
  -6.5	20
  -5.5	17
  -4.5	30
  -3.5	18
  -2.5	14
  -1.5	23
  -0.5	15
   0.5	30
   1.5	14
   2.5	19
   3.5	25
   4.5	29
   5.5	36
   6.5	23
   7.5	25
   8.5	32
   9.5	21
  10.5	18
  11.5	25
  12.5	15
  13.5	20
  14.5	15
  15.5	20
  16.5	20.5
  17.5	30
  18.5	21.5
  19.5	26.5
  20.5	20
  21.5	29
  22.5	19.5
  23.5	18
  24.5	21
  25.5	15
  26.5	20
  27.5	15
  28.5	16.5
  29.5	17.5
  30.5	19
  31.5	21
  32.5	22
  33.5	25
  34.5	19
  35.5	21
  36.5	16
  37.5	16
  38.5	20
  39.5	19
  40.5	19
  41.5	5
  42.5	23.5
  43.5	19
  44.5	23
  45.5	22
  46.5	21
  47.5	18
  48.5	21.5
  49.5	18.5
  50.5	21
  51.5	17
  52.5	15
  53.5	19
  54.5	17
  55.5	21
  56.5	13
  57.5	18
  58.5	14.5
  59.5	14
  60.5	10
  61.5	20
  62.5	12
  63.5	12
  64.5	13
  65.5	10
  66.5	12
  67.5	12
  68.5	14
  69.5	15
  70.5	19
  71.5	9
  72.5	13
  73.5	16.1429
  74.5	14.5
  75.5	10
  76.5	18
  77.5	11
  78.5	15
  79.5	17
  80.5	15
  81.5	14
  82.5	18
  83.5	11
  84.5	8
  85.5	16
  86.5	11
  87.5	18.1429
  88.5	8
  89.5	7
  90.5	11.5
  91.5	10
  92.5	5
  93.5	9
  94.5	15
  95.5	16.5
  96.5	12
  97.5	18
  98.5	17
  99.5	9
 100.5	15
 101.5	12.1429
 102.5	13
 103.5	11
 104.5	10
 105.5	13
 106.5	6
 107.5	12
 108.5	16
 109.5	7
 110.5	8
 111.5	18
 112.5	12
 113.5	8
 114.5	12
 115.5	7.14286
 116.5	12
 117.5	14
 118.5	9
 119.5	7
 120.5	7
 121.5	12
 122.5	12
 123.5	4
 124.5	18
 125.5	7
 126.5	11
 127.5	12
 128.5	10
 129.5	16.1429
 130.5	12
 131.5	8
 132.5	15
 133.5	12.5
 134.5	13
 135.5	8
 136.5	13
 137.5	15
 138.5	8
 139.5	10
 140.5	8
 141.5	3
 142.5	12
 143.5	9.14286
 144.5	9.5
 145.5	11
 146.5	6
 147.5	16
 148.5	11
 149.5	11
 150.5	4
 151.5	17
 152.5	13
 153.5	8
 154.5	15
 155.5	13
 156.5	9
 157.5	14.1429
 158.5	10
 159.5	9
 160.5	8
 161.5	5
 162.5	6
 163.5	10
 164.5	13
 165.5	6
 166.5	10
 167.5	5
 168.5	8
 169.5	19
 170.5	11
 171.5	12
 172.5	16
 173.5	17
 174.5	9
 175.5	11
 176.5	3
 177.5	9
 178.5	14
 179.5	5
 180.5	11
 181.5	7
 182.5	8
 183.5	11
 184.5	9
 185.5	11
 186.5	11
 187.5	10
 188.5	12
 189.5	6
 190.5	16
 191.5	7
 192.5	13
 193.5	7
 194.5	12
 195.5	11
 196.5	11
 197.5	12
 198.5	12
 199.5	18
 200.5	10
 201.5	7
 202.5	12
 203.5	13
 204.5	6
 205.5	9
 206.5	10
 207.5	13
 208.5	10
 209.5	14
 210.5	7
 211.5	12
 212.5	17
 213.5	9
 214.5	9
 215.5	11
 216.5	14
 217.5	9
 218.5	14
 219.5	6
 220.5	10
 221.5	8
 222.5	10
 223.5	12
 224.5	11
 225.5	10
 226.5	7
 227.5	10
 228.5	14
DB 1 MOTIF	9-CGCCGCCGCCGCCGC	STREME-9
-227.5	10
-226.5	11
-225.5	13.1
-224.5	8
-223.5	12.5
-222.5	5.1
-221.5	12
-220.5	9.5
-219.5	7.1
-218.5	4.5
-217.5	8.11111
-216.5	12.1
-215.5	12
-214.5	10.1111
-213.5	6.1
-212.5	11.1667
-211.5	8.11111
-210.5	9.1
-209.5	12.1667
-208.5	14.9444
-207.5	10.1
-206.5	8.16667
-205.5	6.83333
-204.5	9.1
-203.5	16.1667
-202.5	8.08333
-201.5	11.1
-200.5	9.16667
-199.5	8.25
-198.5	12.6
-197.5	7.41667
-196.5	9
-195.5	5.5
-194.5	13.4167
-193.5	11
-192.5	14
-191.5	10.4167
-190.5	16.5
-189.5	17
-188.5	7.41667
-187.5	20.5
-186.5	7
-185.5	7.16667
-184.5	10
-183.5	7
-182.5	11.1667
-181.5	9
-180.5	11.3333
-179.5	7.66667
-178.5	9
-177.5	8.33333
-176.5	13.5
-175.5	6
-174.5	11.3333
-173.5	7
-172.5	12
-171.5	10
-170.5	9
-169.5	10
-168.5	6.1
-167.5	8
-166.5	9
-165.5	7.1
-164.5	8.66667
-163.5	7.2
-162.5	9.6
-161.5	7.66667
-160.5	7.7
-159.5	6.6
-158.5	4.66667
-157.5	12.2
-156.5	7.1
-155.5	7.33333
-154.5	12.8111
-153.5	10.9333
-152.5	9.33333
-151.5	12.7611
-150.5	12.0333
-149.5	7.83333
-148.5	10.3611
-147.5	14.0333
-146.5	16
-145.5	10.3611
-144.5	5.9
-143.5	7.33333
-142.5	6.73611
-141.5	8.4
-140.5	10.5333
-139.5	6.875
-138.5	9.3
-137.5	17.5333
-136.5	12.125
-135.5	10.3
-134.5	12.4
-133.5	18.625
-132.5	11.9667
-131.5	14.4
-130.5	9.875
-129.5	10.7667
-128.5	10.2
-127.5	11.875
-126.5	12.2667
-125.5	7.2
-124.5	10.125
-123.5	12.2667
-122.5	15.7
-121.5	10.125
-120.5	10.1667
-119.5	8.7
-118.5	14.5
-117.5	9.36667
-116.5	8
-115.5	10.75
-114.5	14.5
-113.5	5.2
-112.5	11.75
-111.5	8.2
-110.5	6
-109.5	12.25
-108.5	8.2
-107.5	10
-106.5	10.25
-105.5	13.2
-104.5	10.25
-103.5	10.1667
-102.5	11.2
-101.5	11.75
-100.5	14.3667
 -99.5	14.2
 -98.5	12.75
 -97.5	11
 -96.5	11.5
 -95.5	13.45
 -94.5	9.16667
 -93.5	9.5
 -92.5	12.2
 -91.5	7.66667
 -90.5	15.1667
 -89.5	11.0333
 -88.5	11.8333
 -87.5	11.5
 -86.5	17.0333
 -85.5	11
 -84.5	9.5
 -83.5	6.73333
 -82.5	10
 -81.5	4.5
 -80.5	13
 -79.5	12
 -78.5	11.2917
 -77.5	12
 -76.5	9
 -75.5	14.2917
 -74.5	8
 -73.5	7.5
 -72.5	13.125
 -71.5	14
 -70.5	10.5
 -69.5	14.125
 -68.5	10
 -67.5	9
 -66.5	13.625
 -65.5	13
 -64.5	7.33333
 -63.5	11.625
 -62.5	9
 -61.5	8.33333
 -60.5	8.825
 -59.5	9
 -58.5	14.3333
 -57.5	8.625
 -56.5	16.3333
 -55.5	13
 -54.5	18.2
 -53.5	11.3333
 -52.5	15
 -51.5	7.5
 -50.5	11.3333
 -49.5	15
 -48.5	12.2
 -47.5	19.3333
 -46.5	8.5
 -45.5	16
 -44.5	14.3333
 -43.5	8.5
 -42.5	10.2
 -41.5	8.33333
 -40.5	11.25
 -39.5	11
 -38.5	16
 -37.5	13.25
 -36.5	13.2
 -35.5	8
 -34.5	12.25
 -33.5	8
 -32.5	9
 -31.5	4.25
 -30.5	11
 -29.5	12
 -28.5	7
 -27.5	11
 -26.5	8
 -25.5	9
 -24.5	8.5
 -23.5	12.5
 -22.5	7
 -21.5	20.75
 -20.5	8.83333
 -19.5	10
 -18.5	10.25
 -17.5	7.33333
 -16.5	5
 -15.5	11.75
 -14.5	8.33333
 -13.5	11
 -12.5	11.0833
 -11.5	12
 -10.5	14
  -9.5	10.3333
  -8.5	8
  -7.5	10
  -6.5	17.5833
  -5.5	12
  -4.5	17.5
  -3.5	12.25
  -2.5	13
  -1.5	14.5
  -0.5	11.25
   0.5	15
   1.5	12
   2.5	9.25
   3.5	8.33333
   4.5	10
   5.5	11
   6.5	8.33333
   7.5	7.33333
   8.5	8
   9.5	14.3333
  10.5	9.33333
  11.5	14
  12.5	11.5
  13.5	10.3333
  14.5	7
  15.5	12.5
  16.5	13.5
  17.5	9
  18.5	11.1429
  19.5	19
  20.5	9.33333
  21.5	12.6429
  22.5	9.25
  23.5	9.33333
  24.5	10.3929
  25.5	15.75
  26.5	8.33333
  27.5	18.3929
  28.5	8.41667
  29.5	12
  30.5	16.6429
  31.5	12.4167
  32.5	13
  33.5	19.6429
  34.5	11.1667
  35.5	10.5
  36.5	11.3929
  37.5	11.6667
  38.5	14.5
  39.5	16.25
  40.5	13.1667
  41.5	9.5
  42.5	7
  43.5	8.66667
  44.5	14.6667
  45.5	11
  46.5	8.5
  47.5	13.6667
  48.5	15
  49.5	12.2
  50.5	7.16667
  51.5	12.1
  52.5	9.2
  53.5	7.16667
  54.5	11.1
  55.5	9.53333
  56.5	5.5
  57.5	16.1
  58.5	9.04167
  59.5	12.25
  60.5	7.1
  61.5	9.04167
  62.5	16.75
  63.5	8.1
  64.5	9.45833
  65.5	16.75
  66.5	9.1
  67.5	12.325
  68.5	12.75
  69.5	11.6
  70.5	9.825
  71.5	7
  72.5	10.6
  73.5	11.3583
  74.5	14
  75.5	15.1
  76.5	12.1083
  77.5	9
  78.5	13.1
  79.5	12.2417
  80.5	8.83333
  81.5	10
  82.5	17.0833
  83.5	10.8333
  84.5	15
  85.5	8.08333
  86.5	13.8333
  87.5	11.5
  88.5	9
  89.5	8
  90.5	14.5
  91.5	9.75
  92.5	11.25
  93.5	7.5
  94.5	16.8611
  95.5	11.375
  96.5	18.5
  97.5	8.36111
  98.5	7.375
  99.5	8.14286
 100.5	9.61111
 101.5	11.375
 102.5	7.14286
 103.5	13.3611
 104.5	11.325
 105.5	7.05952
 106.5	12.1111
 107.5	7.525
 108.5	8.55952
 109.5	11.6111
 110.5	14.025
 111.5	11.9167
 112.5	12.6111
 113.5	12.025
 114.5	12.5
 115.5	11.1111
 116.5	12.025
 117.5	16.75
 118.5	12.1111
 119.5	5.36667
 120.5	13.25
 121.5	8
 122.5	16.1667
 123.5	9.08333
 124.5	10
 125.5	9.16667
 126.5	6.22619
 127.5	4
 128.5	8
 129.5	19.2262
 130.5	10
 131.5	17
 132.5	5.22619
 133.5	9.08333
 134.5	7.83333
 135.5	12.4167
 136.5	5.41667
 137.5	7.33333
 138.5	10.4167
 139.5	11.9167
 140.5	7.83333
 141.5	8.41667
 142.5	13.9167
 143.5	9.33333
 144.5	6.08333
 145.5	10.0833
 146.5	5.2
 147.5	11.0833
 148.5	6.41667
 149.5	8.2
 150.5	10
 151.5	10.4167
 152.5	7.2
 153.5	13
 154.5	6.41667
 155.5	6.2
 156.5	11
 157.5	8.75
 158.5	9.95
 159.5	13
 160.5	5.25
 161.5	6.75
 162.5	10.3333
 163.5	12.75
 164.5	7.25
 165.5	8.33333
 166.5	9.75
 167.5	12.25
 168.5	5.33333
 169.5	10.6667
 170.5	10
 171.5	3
 172.5	11.1667
 173.5	7
 174.5	9
 175.5	6
 176.5	10.5833
 177.5	7
 178.5	11.75
 179.5	9.58333
 180.5	9.33333
 181.5	6.25
 182.5	5.58333
 183.5	4.33333
 184.5	12.75
 185.5	7.25
 186.5	13.3333
 187.5	8.75
 188.5	7
 189.5	7
 190.5	8.5
 191.5	7.5
 192.5	9.5
 193.5	8
 194.5	7.5
 195.5	6.5
 196.5	9
 197.5	7.66667
 198.5	4.83333
 199.5	12
 200.5	14.3333
 201.5	10.3333
 202.5	6
 203.5	7.16667
 204.5	7.33333
 205.5	12.5
 206.5	12.5
 207.5	5
 208.5	3.5
 209.5	14.3333
 210.5	8
 211.5	9
 212.5	12
 213.5	9.2
 214.5	6.33333
 215.5	7.33333
 216.5	9.2
 217.5	3.33333
 218.5	12.3333
 219.5	8.45
 220.5	4.83333
 221.5	10.6667
 222.5	8.45
 223.5	7.5
 224.5	9.33333
 225.5	10.2
 226.5	12
 227.5	13.3333
DB 1 MOTIF	11-GTAAAYAW	STREME-11
-231.0	12.3333
-230.0	10.5
-229.0	13.5
-228.0	10
-227.0	14
-226.0	3
-225.0	11.5
-224.0	16.5
-223.0	5.5
-222.0	10
-221.0	9.5
-220.0	8
-219.0	7.5
-218.0	12
-217.0	10
-216.0	10.5
-215.0	7.5
-214.0	12.5
-213.0	8
-212.0	8.5
-211.0	16
-210.0	6
-209.0	9
-208.0	11.5
-207.0	10
-206.0	8.5
-205.0	17
-204.0	9.5
-203.0	12
-202.0	11.5833
-201.0	7
-200.0	7
-199.0	12.5
-198.0	10.3333
-197.0	4
-196.0	15
-195.0	8
-194.0	10.3333
-193.0	9.5
-192.0	7.5
-191.0	13.5
-190.0	5.5
-189.0	8.5
-188.0	12
-187.0	10.25
-186.0	6.5
-185.0	12
-184.0	11
-183.0	12.25
-182.0	8
-181.0	10.0714
-180.0	9
-179.0	10
-178.0	8.33333
-177.0	13.0714
-176.0	4.33333
-175.0	9
-174.0	7.33333
-173.0	12.0714
-172.0	10.3333
-171.0	7.2
-170.0	9.33333
-169.0	9.07143
-168.0	7.66667
-167.0	12.2
-166.0	7
-165.0	4.07143
-164.0	8.33333
-163.0	8.5
-162.0	9.5
-161.0	5.07143
-160.0	15.3333
-159.0	10.5
-158.0	8.5
-157.0	8.07143
-156.0	6
-155.0	10
-154.0	3
-153.0	7.57143
-152.0	9
-151.0	10.5
-150.0	7
-149.0	7.57143
-148.0	16
-147.0	9.5
-146.0	4
-145.0	8.57143
-144.0	11.5
-143.0	10.5
-142.0	9
-141.0	4.57143
-140.0	5
-139.0	5
-138.0	10
-137.0	9.07143
-136.0	6.5
-135.0	6
-134.0	5
-133.0	8.40476
-132.0	9
-131.0	4
-130.0	5
-129.0	12.4048
-128.0	6
-127.0	10.25
-126.0	11
-125.0	6.03333
-124.0	12.5
-123.0	11.25
-122.0	7
-121.0	7
-120.0	5.5
-119.0	7.5
-118.0	10.5
-117.0	11
-116.0	7.5
-115.0	6
-114.0	15.5
-113.0	12
-112.0	5.5
-111.0	9
-110.0	5.5
-109.0	5.5
-108.0	8
-107.0	6
-106.0	14
-105.0	11
-104.0	7
-103.0	7
-102.0	7.5
-101.0	4
-100.0	12
 -99.0	6
 -98.0	2.5
 -97.0	4
 -96.0	10
 -95.0	6
 -94.0	5
 -93.0	8
 -92.0	13.1667
 -91.0	11
 -90.0	10
 -89.0	14.2
 -88.0	6.16667
 -87.0	6
 -86.0	8
 -85.0	11.5
 -84.0	7.16667
 -83.0	13
 -82.0	11
 -81.0	12.5
 -80.0	1.16667
 -79.0	13.8333
 -78.0	8
 -77.0	5.5
 -76.0	12.1667
 -75.0	10.3333
 -74.0	8
 -73.0	7
 -72.0	13.1667
 -71.0	11
 -70.0	6.5
 -69.0	7
 -68.0	10
 -67.0	12
 -66.0	8.5
 -65.0	6
 -64.0	16
 -63.0	7
 -62.0	9.83333
 -61.0	5
 -60.0	10.5
 -59.0	14
 -58.0	3.33333
 -57.0	8
 -56.0	7
 -55.0	5
 -54.0	10.3333
 -53.0	12.7
 -52.0	4.5
 -51.0	8.83333
 -50.0	10.5
 -49.0	7
 -48.0	10.5
 -47.0	9.33333
 -46.0	7
 -45.0	14
 -44.0	13.5
 -43.0	9.83333
 -42.0	5
 -41.0	5
 -40.0	11
 -39.0	9
 -38.0	13
 -37.0	12.5
 -36.0	11
 -35.0	8
 -34.0	13.5
 -33.0	10.5
 -32.0	12
 -31.0	13
 -30.0	11
 -29.0	18.5
 -28.0	11
 -27.0	6
 -26.0	21
 -25.0	11
 -24.0	20.5
 -23.0	12
 -22.0	8.5
 -21.0	10
 -20.0	6.5
 -19.0	10.5
 -18.0	9
 -17.0	9.53333
 -16.0	10
 -15.0	16
 -14.0	8.5
 -13.0	12
 -12.0	10.5
 -11.0	14
 -10.0	12.3333
  -9.0	11.5
  -8.0	14.3333
  -7.0	16.5
  -6.0	12.3333
  -5.0	9
  -4.0	8.33333
  -3.0	6
  -2.0	17.3333
  -1.0	12.5
   0.0	11
   1.0	7.5
   2.0	4.5
   3.0	13
   4.0	12
   5.0	10.5
   6.0	15.5
   7.0	15
   8.0	14
   9.0	16
  10.0	21
  11.0	9
  12.0	15
  13.0	10
  14.0	10
  15.0	5.5
  16.0	8
  17.0	13.5
  18.0	11
  19.0	9.2
  20.0	13
  21.0	20
  22.0	16
  23.0	7
  24.0	7
  25.0	13
  26.0	12.5
  27.0	6
  28.0	8
  29.0	14.5
  30.0	15
  31.0	9.5
  32.0	10.5
  33.0	18.5
  34.0	10
  35.0	7
  36.0	12
  37.0	13.5
  38.0	12
  39.0	15
  40.0	11.5
  41.0	15
  42.0	9.5
  43.0	5
  44.0	4
  45.0	9.5
  46.0	4
  47.0	11.5
  48.0	7
  49.0	9.5
  50.0	6.11111
  51.0	9
  52.0	13
  53.0	10
  54.0	4.61111
  55.0	9
  56.0	10.5
  57.0	10
  58.0	20.1111
  59.0	6
  60.0	8.5
  61.0	6
  62.0	7.11111
  63.0	18.3333
  64.0	5.5
  65.0	10
  66.0	16.1111
  67.0	11.5
  68.0	9
  69.0	8
  70.0	11.6111
  71.0	9
  72.0	8.5
  73.0	4
  74.0	11.1111
  75.0	8
  76.0	7
  77.0	5.5
  78.0	11.4444
  79.0	8.5
  80.0	9
  81.0	9.5
  82.0	6.94444
  83.0	13
  84.0	6
  85.0	7.5
  86.0	10.3333
  87.0	6
  88.0	13
  89.0	7
  90.0	8.5
  91.0	9
  92.0	10
  93.0	6
  94.0	10.5
  95.0	11.5
  96.0	9.5
  97.0	9
  98.0	7
  99.0	10
 100.0	8.5
 101.0	8
 102.0	12
 103.0	6.5
 104.0	9
 105.0	7
 106.0	10.5
 107.0	14.5
 108.0	13
 109.0	13.5
 110.0	16
 111.0	8
 112.0	8.5
 113.0	8
 114.0	8
 115.0	13
 116.0	9.5
 117.0	6.5
 118.0	9.5
 119.0	5
 120.0	8
 121.0	9
 122.0	9
 123.0	8
 124.0	14
 125.0	5.5
 126.0	8.5
 127.0	7.5
 128.0	7
 129.0	10
 130.0	12
 131.0	7
 132.0	8
 133.0	10.5
 134.0	5
 135.0	10.5
 136.0	14
 137.0	9.5
 138.0	3.5
 139.0	6.5
 140.0	8.5
 141.0	7
 142.0	8.5
 143.0	12.5
 144.0	7
 145.0	8
 146.0	12.5
 147.0	8.5
 148.0	9
 149.0	6
 150.0	13.5
 151.0	10.5
 152.0	11.5
 153.0	7
 154.0	6
 155.0	5
 156.0	12
 157.0	10
 158.0	5.5
 159.0	8.5
 160.0	9
 161.0	10
 162.0	8
 163.0	12.5
 164.0	12
 165.0	7
 166.0	13
 167.0	9
 168.0	7.5
 169.0	13
 170.0	11
 171.0	7
 172.0	11
 173.0	7
 174.0	12.5
 175.0	8.83333
 176.0	6.5
 177.0	7
 178.0	12
 179.0	9.16667
 180.0	10
 181.0	9.5
 182.0	8
 183.0	9.33333
 184.0	8
 185.0	7.83333
 186.0	8
 187.0	6.5
 188.0	10
 189.0	12.8333
 190.0	10.5
 191.0	10
 192.0	11.5
 193.0	12.0833
 194.0	14.2
 195.0	10.5
 196.0	7
 197.0	8.5
 198.0	7.2
 199.0	9.5
 200.0	13
 201.0	9
 202.0	11.2
 203.0	6.5
 204.0	9
 205.0	11.5
 206.0	6
 207.0	14.5
 208.0	7
 209.0	12.5
 210.0	5
 211.0	16.3333
 212.0	8.5
 213.0	11.25
 214.0	6.5
 215.0	7
 216.0	7.5
 217.0	7.25
 218.0	10
 219.0	12.75
 220.0	13.25
 221.0	12.25
 222.0	9
 223.0	11.25
 224.0	5.25
 225.0	7
 226.0	8
 227.0	11.25
 228.0	8.5
 229.0	7.5
 230.0	7
 231.0	16.5
DB 1 MOTIF	15-TCAGCACCAYGGACA	STREME-15
-227.5	1
-226.5	3
-225.5	3
-224.5	0
-223.5	2
-222.5	2
-221.5	2
-220.5	3
-219.5	2
-218.5	2
-217.5	2
-216.5	2
-215.5	3
-214.5	2
-213.5	2
-212.5	0
-211.5	0
-210.5	1
-209.5	1
-208.5	3
-207.5	3
-206.5	1
-205.5	0
-204.5	0
-203.5	3
-202.5	1
-201.5	3
-200.5	2
-199.5	2
-198.5	1
-197.5	2
-196.5	2
-195.5	2
-194.5	1
-193.5	2
-192.5	1
-191.5	0
-190.5	0
-189.5	1
-188.5	2
-187.5	4
-186.5	3
-185.5	1
-184.5	2
-183.5	3
-182.5	1
-181.5	2
-180.5	1
-179.5	3
-178.5	1
-177.5	0
-176.5	3
-175.5	2
-174.5	0
-173.5	3
-172.5	3
-171.5	0
-170.5	1
-169.5	1
-168.5	1
-167.5	1
-166.5	3
-165.5	5
-164.5	3
-163.5	1
-162.5	2
-161.5	0
-160.5	1
-159.5	1
-158.5	1
-157.5	0
-156.5	2
-155.5	2
-154.5	3
-153.5	2
-152.5	1
-151.5	2
-150.5	0
-149.5	1
-148.5	0
-147.5	3
-146.5	1
-145.5	3
-144.5	0
-143.5	0
-142.5	1
-141.5	0
-140.5	1
-139.5	0
-138.5	0
-137.5	2
-136.5	2
-135.5	2
-134.5	1
-133.5	0
-132.5	1
-131.5	2
-130.5	0
-129.5	2
-128.5	2
-127.5	1
-126.5	0
-125.5	1
-124.5	1
-123.5	2
-122.5	3
-121.5	1
-120.5	2
-119.5	1
-118.5	0
-117.5	0
-116.5	1
-115.5	0
-114.5	1
-113.5	2
-112.5	2
-111.5	0
-110.5	1
-109.5	2
-108.5	2
-107.5	2
-106.5	2
-105.5	4
-104.5	1
-103.5	1
-102.5	0
-101.5	3
-100.5	1
 -99.5	1
 -98.5	0
 -97.5	1
 -96.5	0
 -95.5	1
 -94.5	1
 -93.5	2
 -92.5	4
 -91.5	2
 -90.5	1
 -89.5	1
 -88.5	2
 -87.5	2
 -86.5	1
 -85.5	0
 -84.5	4
 -83.5	2
 -82.5	2
 -81.5	3
 -80.5	5
 -79.5	1
 -78.5	1
 -77.5	2
 -76.5	1
 -75.5	0
 -74.5	0
 -73.5	4
 -72.5	4
 -71.5	1
 -70.5	1
 -69.5	1
 -68.5	1
 -67.5	1
 -66.5	1
 -65.5	5
 -64.5	0
 -63.5	2
 -62.5	1
 -61.5	0
 -60.5	2
 -59.5	0
 -58.5	4
 -57.5	0
 -56.5	1
 -55.5	2
 -54.5	2
 -53.5	0
 -52.5	2
 -51.5	1
 -50.5	2.5
 -49.5	3
 -48.5	2
 -47.5	0
 -46.5	2
 -45.5	1
 -44.5	3
 -43.5	3
 -42.5	4
 -41.5	1
 -40.5	1
 -39.5	1
 -38.5	3
 -37.5	0
 -36.5	1
 -35.5	1
 -34.5	3
 -33.5	3
 -32.5	3
 -31.5	4
 -30.5	4
 -29.5	2
 -28.5	4
 -27.5	0
 -26.5	5
 -25.5	3
 -24.5	2
 -23.5	2
 -22.5	3
 -21.5	6
 -20.5	2
 -19.5	7
 -18.5	1
 -17.5	3
 -16.5	6
 -15.5	4
 -14.5	4
 -13.5	11
 -12.5	7
 -11.5	5
 -10.5	5
  -9.5	8
  -8.5	7
  -7.5	6
  -6.5	3
  -5.5	9
  -4.5	5
  -3.5	3
  -2.5	3
  -1.5	9
  -0.5	6
   0.5	6
   1.5	6
   2.5	3
   3.5	7
   4.5	3
   5.5	7
   6.5	4
   7.5	8
   8.5	6
   9.5	10
  10.5	5
  11.5	6
  12.5	1
  13.5	4
  14.5	2
  15.5	4
  16.5	8
  17.5	6
  18.5	8
  19.5	6
  20.5	6
  21.5	7
  22.5	4
  23.5	1
  24.5	2
  25.5	2
  26.5	3.5
  27.5	2
  28.5	3
  29.5	3
  30.5	1
  31.5	2
  32.5	1
  33.5	3
  34.5	5
  35.5	5
  36.5	1
  37.5	4
  38.5	2
  39.5	3
  40.5	0
  41.5	3
  42.5	1
  43.5	0
  44.5	1
  45.5	2
  46.5	4
  47.5	0
  48.5	2
  49.5	1
  50.5	2
  51.5	1
  52.5	3
  53.5	1
  54.5	0
  55.5	2
  56.5	3
  57.5	1
  58.5	2
  59.5	0
  60.5	2
  61.5	2
  62.5	1
  63.5	2
  64.5	1
  65.5	1
  66.5	2
  67.5	4
  68.5	1
  69.5	1
  70.5	3
  71.5	1
  72.5	3
  73.5	1
  74.5	2
  75.5	0
  76.5	2
  77.5	1
  78.5	1
  79.5	2
  80.5	0
  81.5	1
  82.5	3
  83.5	2
  84.5	1
  85.5	1
  86.5	0
  87.5	0
  88.5	1
  89.5	3
  90.5	0
  91.5	3
  92.5	1
  93.5	1
  94.5	1
  95.5	2
  96.5	1
  97.5	1
  98.5	1
  99.5	2
 100.5	2
 101.5	1
 102.5	0
 103.5	3
 104.5	0
 105.5	0
 106.5	1
 107.5	1
 108.5	2
 109.5	1
 110.5	2
 111.5	0
 112.5	0
 113.5	3
 114.5	0
 115.5	1
 116.5	0
 117.5	2
 118.5	2
 119.5	1
 120.5	2
 121.5	2
 122.5	3
 123.5	0
 124.5	2
 125.5	0
 126.5	4
 127.5	2
 128.5	2
 129.5	2
 130.5	4
 131.5	1
 132.5	0
 133.5	6
 134.5	3
 135.5	1
 136.5	0
 137.5	1
 138.5	1
 139.5	3
 140.5	0
 141.5	2
 142.5	1
 143.5	0
 144.5	1
 145.5	4
 146.5	3
 147.5	2
 148.5	3
 149.5	2
 150.5	1
 151.5	3
 152.5	3
 153.5	1
 154.5	0
 155.5	5
 156.5	2
 157.5	0
 158.5	4
 159.5	1
 160.5	3
 161.5	1
 162.5	1
 163.5	2
 164.5	0
 165.5	2
 166.5	2
 167.5	0
 168.5	4
 169.5	1
 170.5	2
 171.5	2
 172.5	1
 173.5	1
 174.5	0
 175.5	0
 176.5	1
 177.5	1
 178.5	1
 179.5	1
 180.5	3
 181.5	2
 182.5	1
 183.5	1
 184.5	1
 185.5	6
 186.5	0
 187.5	0
 188.5	2
 189.5	1
 190.5	1
 191.5	1
 192.5	3
 193.5	0
 194.5	1
 195.5	2
 196.5	3
 197.5	3
 198.5	0
 199.5	3
 200.5	1
 201.5	2
 202.5	1
 203.5	7
 204.5	2
 205.5	0
 206.5	1
 207.5	2
 208.5	0
 209.5	0
 210.5	2
 211.5	0
 212.5	0
 213.5	1
 214.5	1
 215.5	0
 216.5	1
 217.5	4
 218.5	3
 219.5	2
 220.5	1
 221.5	2
 222.5	2
 223.5	1
 224.5	2
 225.5	2
 226.5	2
 227.5	1
DB 1 MOTIF	16-RTGACTCA	STREME-16
-231.0	9.5
-230.0	3
-229.0	11.5
-228.0	5
-227.0	9
-226.0	6
-225.0	15
-224.0	9
-223.0	10.5
-222.0	4
-221.0	15
-220.0	10
-219.0	2
-218.0	6
-217.0	9
-216.0	9
-215.0	6
-214.0	4.5
-213.0	7
-212.0	8
-211.0	8
-210.0	5
-209.0	5.5
-208.0	6
-207.0	6.5
-206.0	6
-205.0	10
-204.0	10
-203.0	6
-202.0	5
-201.0	9.33333
-200.0	3
-199.0	8
-198.0	7
-197.0	2
-196.0	9
-195.0	8
-194.0	9.5
-193.0	6.5
-192.0	7
-191.0	5
-190.0	7
-189.0	11
-188.0	8
-187.0	7
-186.0	9
-185.0	7
-184.0	11
-183.0	4
-182.0	12
-181.0	12
-180.0	9
-179.0	6
-178.0	10
-177.0	7.625
-176.0	5.5
-175.0	6
-174.0	4
-173.0	6
-172.0	5
-171.0	5
-170.0	8
-169.0	5
-168.0	5
-167.0	9
-166.0	7
-165.0	5
-164.0	10
-163.0	5
-162.0	7
-161.0	9
-160.0	11.125
-159.0	5
-158.0	6
-157.0	5
-156.0	6
-155.0	3
-154.0	9.5
-153.0	5
-152.0	6
-151.0	3
-150.0	5
-149.0	8
-148.0	6
-147.0	10
-146.0	6
-145.0	4
-144.0	1
-143.0	4
-142.0	6
-141.0	9
-140.0	8
-139.0	7.83333
-138.0	4
-137.0	8
-136.0	9
-135.0	1
-134.0	7
-133.0	5.5
-132.0	7.125
-131.0	7
-130.0	6.5
-129.0	9
-128.0	9
-127.0	9
-126.0	8.33333
-125.0	7.5
-124.0	7.5
-123.0	7
-122.0	9
-121.0	9
-120.0	6
-119.0	6
-118.0	9
-117.0	5
-116.0	6
-115.0	6.125
-114.0	4
-113.0	15
-112.0	9
-111.0	8
-110.0	6
-109.0	5
-108.0	7
-107.0	8
-106.0	13.3333
-105.0	9
-104.0	7
-103.0	7.5
-102.0	8
-101.0	6
-100.0	7
 -99.0	5
 -98.0	11
 -97.0	7
 -96.0	8
 -95.0	8
 -94.0	4
 -93.0	2
 -92.0	9
 -91.0	7
 -90.0	5
 -89.0	11
 -88.0	7
 -87.0	9.125
 -86.0	11
 -85.0	5
 -84.0	13
 -83.0	6
 -82.0	6
 -81.0	7
 -80.0	9.5
 -79.0	7.5
 -78.0	8
 -77.0	9.83333
 -76.0	9.5
 -75.0	7
 -74.0	10
 -73.0	5.5
 -72.0	8
 -71.0	12
 -70.0	12.125
 -69.0	10
 -68.0	15
 -67.0	5
 -66.0	11
 -65.0	14.5
 -64.0	7
 -63.0	9
 -62.0	8
 -61.0	7
 -60.0	7
 -59.0	7
 -58.0	10.5
 -57.0	12
 -56.0	10
 -55.0	6
 -54.0	4
 -53.0	7
 -52.0	9
 -51.0	19
 -50.0	7
 -49.0	11.5
 -48.0	5.5
 -47.0	8.5
 -46.0	10
 -45.0	14
 -44.0	10
 -43.0	13
 -42.0	11.125
 -41.0	7
 -40.0	7
 -39.0	9
 -38.0	9
 -37.0	11.5
 -36.0	8
 -35.0	10.5
 -34.0	9
 -33.0	6
 -32.0	9
 -31.0	8
 -30.0	8
 -29.0	11
 -28.0	3.5
 -27.0	10
 -26.0	10.5
 -25.0	9.625
 -24.0	11
 -23.0	11
 -22.0	11
 -21.0	10.5
 -20.0	8
 -19.0	5
 -18.0	9
 -17.0	4
 -16.0	7
 -15.0	14.5
 -14.0	11
 -13.0	16
 -12.0	9
 -11.0	12.3333
 -10.0	10
  -9.0	10
  -8.0	7.5
  -7.0	5
  -6.0	6.5
  -5.0	7
  -4.0	16.3333
  -3.0	6
  -2.0	8
  -1.0	9
   0.0	8
   1.0	11.3333
   2.0	7.33333
   3.0	7
   4.0	7
   5.0	9
   6.0	12
   7.0	13
   8.0	5.5
   9.0	11.5
  10.0	7
  11.0	8
  12.0	10.75
  13.0	13
  14.0	9.5
  15.0	7
  16.0	11
  17.0	12
  18.0	12
  19.0	9.5
  20.0	4
  21.0	10
  22.0	7.5
  23.0	11
  24.0	10.5
  25.0	6.5
  26.0	3
  27.0	6
  28.0	11
  29.0	5.25
  30.0	12.3333
  31.0	13
  32.0	9
  33.0	9
  34.0	4
  35.0	8
  36.0	11
  37.0	8.83333
  38.0	10
  39.0	8
  40.0	10
  41.0	10
  42.0	14
  43.0	5
  44.0	8
  45.0	9.5
  46.0	9.5
  47.0	12.3333
  48.0	10
  49.0	11.5
  50.0	6
  51.0	7
  52.0	6.5
  53.0	9.5
  54.0	6.83333
  55.0	7
  56.0	9
  57.0	10.25
  58.0	9
  59.0	9.5
  60.0	2
  61.0	7.5
  62.0	2.5
  63.0	11.5
  64.0	9
  65.0	9.83333
  66.0	6
  67.0	10
  68.0	8
  69.0	10
  70.0	8.5
  71.0	9
  72.0	5
  73.0	7
  74.0	3
  75.0	12.3333
  76.0	8
  77.0	10
  78.0	6
  79.0	14
  80.0	0
  81.0	8
  82.0	5.5
  83.0	9.33333
  84.0	9
  85.0	11.25
  86.0	9
  87.0	8
  88.0	11
  89.0	8.33333
  90.0	7.5
  91.0	7
  92.0	10
  93.0	8.5
  94.0	9
  95.0	5
  96.0	12.8333
  97.0	7
  98.0	10
  99.0	3
 100.0	8
 101.0	9.5
 102.0	4.33333
 103.0	7.5
 104.0	9
 105.0	7
 106.0	3.5
 107.0	6
 108.0	8.5
 109.0	11.5
 110.0	8.5
 111.0	6
 112.0	4
 113.0	4
 114.0	8.5
 115.0	9
 116.0	6
 117.0	3
 118.0	5.5
 119.0	8.5
 120.0	7
 121.0	5.5
 122.0	6
 123.0	9
 124.0	5
 125.0	8.5
 126.0	5.5
 127.0	9
 128.0	7
 129.0	8
 130.0	6.5
 131.0	2
 132.0	12
 133.0	3.5
 134.0	7
 135.0	6.5
 136.0	10.5
 137.0	7
 138.0	10.5
 139.0	7
 140.0	8
 141.0	9
 142.0	4
 143.0	5.5
 144.0	10.5
 145.0	8.5
 146.0	11
 147.0	3
 148.0	7
 149.0	5
 150.0	10
 151.0	1.33333
 152.0	4
 153.0	3.5
 154.0	6.5
 155.0	7
 156.0	12
 157.0	1
 158.0	3
 159.0	3
 160.0	11
 161.0	6
 162.0	7
 163.0	6
 164.0	5
 165.0	7
 166.0	5.5
 167.0	9.5
 168.0	7
 169.0	7
 170.0	8
 171.0	5
 172.0	5
 173.0	8
 174.0	6
 175.0	9
 176.0	7
 177.0	7
 178.0	5
 179.0	8
 180.0	7.5
 181.0	3
 182.0	4
 183.0	7
 184.0	2
 185.0	8
 186.0	14
 187.0	11.5
 188.0	6
 189.0	11
 190.0	9
 191.0	8.33333
 192.0	3
 193.0	13.5
 194.0	4
 195.0	9
 196.0	8
 197.0	7
 198.0	9.5
 199.0	12
 200.0	4
 201.0	9
 202.0	6
 203.0	9
 204.0	14
 205.0	5
 206.0	9
 207.0	13
 208.0	8
 209.0	8
 210.0	7
 211.0	4
 212.0	9
 213.0	4
 214.0	4
 215.0	5
 216.0	10
 217.0	7
 218.0	6
 219.0	5
 220.0	8
 221.0	7
 222.0	7.5
 223.0	7
 224.0	8
 225.0	9.5
 226.0	4
 227.0	7.5
 228.0	7
 229.0	8
 230.0	5
 231.0	6
DB 1 MOTIF	25-CTGCAGCCA	STREME-25
-230.5	25
-229.5	22
-228.5	21.5
-227.5	31.5
-226.5	33
-225.5	32
-224.5	24
-223.5	30.5
-222.5	24.5
-221.5	29
-220.5	33.5
-219.5	25.5
-218.5	28.5
-217.5	28
-216.5	28.8333
-215.5	28.1667
-214.5	28
-213.5	26.5
-212.5	22.5
-211.5	28
-210.5	26.5
-209.5	33
-208.5	28
-207.5	21
-206.5	23.5
-205.5	20.5
-204.5	24.5
-203.5	27
-202.5	27.8333
-201.5	22.5
-200.5	32
-199.5	30.5
-198.5	27
-197.5	33
-196.5	25
-195.5	38
-194.5	30.5
-193.5	21.5
-192.5	26.5
-191.5	32.1667
-190.5	34
-189.5	25.5
-188.5	29
-187.5	22
-186.5	27
-185.5	29.6667
-184.5	30.5
-183.5	27
-182.5	19.5
-181.5	25
-180.5	28.3333
-179.5	23.5
-178.5	27.8333
-177.5	23
-176.5	32
-175.5	27.5
-174.5	22.5
-173.5	23
-172.5	29.5
-171.5	33.5
-170.5	32
-169.5	36
-168.5	25.3333
-167.5	30.5
-166.5	24
-165.5	26
-164.5	25.5
-163.5	28
-162.5	31
-161.5	22
-160.5	28
-159.5	37.5
-158.5	35
-157.5	25
-156.5	28.5
-155.5	29.6667
-154.5	25.5
-153.5	25
-152.5	21.5
-151.5	21
-150.5	28.5
-149.5	28
-148.5	27
-147.5	24.6667
-146.5	17.5
-145.5	38.8333
-144.5	30.8333
-143.5	26.5
-142.5	27
-141.5	35.5
-140.5	26
-139.5	29
-138.5	26.5
-137.5	30.5
-136.5	24
-135.5	29.5
-134.5	29.3333
-133.5	22.8333
-132.5	27.5
-131.5	34.5
-130.5	24
-129.5	33
-128.5	29.5
-127.5	25
-126.5	37.5
-125.5	24.6667
-124.5	26.5
-123.5	25
-122.5	36
-121.5	38
-120.5	27
-119.5	38
-118.5	19
-117.5	31.5
-116.5	32
-115.5	25
-114.5	26.5
-113.5	23
-112.5	22
-111.5	44.5
-110.5	20.5
-109.5	29.5
-108.5	34
-107.5	36.5
-106.5	31.5
-105.5	22
-104.5	37
-103.5	24.6667
-102.5	22
-101.5	28
-100.5	25.5
 -99.5	27
 -98.5	32
 -97.5	40
 -96.5	40
 -95.5	34.1667
 -94.5	28
 -93.5	38
 -92.5	32.5
 -91.5	32
 -90.5	31.5
 -89.5	35.5
 -88.5	23.3333
 -87.5	33
 -86.5	30
 -85.5	36
 -84.5	34.5
 -83.5	31.5
 -82.5	31.8333
 -81.5	37.5
 -80.5	32.5
 -79.5	34.5
 -78.5	33
 -77.5	27
 -76.5	24.5
 -75.5	25
 -74.5	29
 -73.5	34
 -72.5	24
 -71.5	22
 -70.5	30
 -69.5	33
 -68.5	27
 -67.5	35.5
 -66.5	37
 -65.5	32.1667
 -64.5	32.5
 -63.5	36
 -62.5	33.5
 -61.5	26.5
 -60.5	46
 -59.5	37.1667
 -58.5	28.5
 -57.5	34.5
 -56.5	38.5
 -55.5	23.5
 -54.5	35
 -53.5	38.5
 -52.5	32
 -51.5	26.5
 -50.5	26
 -49.5	30.5
 -48.5	30.5
 -47.5	34
 -46.5	28.5
 -45.5	30.5
 -44.5	29
 -43.5	34
 -42.5	34.5
 -41.5	26.5
 -40.5	30.5
 -39.5	30.5
 -38.5	22
 -37.5	28.5
 -36.5	28.5
 -35.5	30
 -34.5	29.5
 -33.5	25.5
 -32.5	30
 -31.5	34
 -30.5	31.3333
 -29.5	16.5
 -28.5	29
 -27.5	18.5
 -26.5	20.5
 -25.5	32
 -24.5	40
 -23.5	23.5
 -22.5	31
 -21.5	34
 -20.5	33
 -19.5	28
 -18.5	33.3333
 -17.5	25.5
 -16.5	34
 -15.5	31.5
 -14.5	32.5
 -13.5	26.5
 -12.5	28.5
 -11.5	21.5
 -10.5	30.5
  -9.5	28
  -8.5	23
  -7.5	29
  -6.5	43
  -5.5	27.5
  -4.5	28.3333
  -3.5	23
  -2.5	36.25
  -1.5	34
  -0.5	23
   0.5	29
   1.5	43
   2.5	21
   3.5	20.5
   4.5	21.5
   5.5	26
   6.5	36.5
   7.5	18.5
   8.5	33.5
   9.5	33.5
  10.5	25.8333
  11.5	33.5
  12.5	34.5
  13.5	32
  14.5	25
  15.5	42
  16.5	20
  17.5	31
  18.5	32
  19.5	29.5
  20.5	31
  21.5	35
  22.5	18
  23.5	26
  24.5	29
  25.5	23
  26.5	32
  27.5	29.5
  28.5	21
  29.5	27.5
  30.5	29.5
  31.5	25
  32.5	27.5
  33.5	34
  34.5	33
  35.5	31
  36.5	29.5
  37.5	26.5
  38.5	24
  39.5	28.5
  40.5	31.5
  41.5	31.5
  42.5	32
  43.5	25.8333
  44.5	33
  45.5	27.5
  46.5	24.5
  47.5	21.3333
  48.5	36.1667
  49.5	44.5
  50.5	24.5
  51.5	35
  52.5	21.5
  53.5	32.5
  54.5	26
  55.5	28
  56.5	23.5
  57.5	24.75
  58.5	38.5
  59.5	28
  60.5	21
  61.5	28.8333
  62.5	30.5
  63.5	41.5
  64.5	32
  65.5	35.5
  66.5	31
  67.5	39.5
  68.5	22.3333
  69.5	27.5
  70.5	38.5
  71.5	21.75
  72.5	17.5
  73.5	36
  74.5	29.5
  75.5	38.8333
  76.5	33.5
  77.5	28
  78.5	28.3333
  79.5	27.3333
  80.5	28
  81.5	32.5
  82.5	18.3333
  83.5	26
  84.5	34.5
  85.5	30
  86.5	30
  87.5	26
  88.5	30.75
  89.5	21.5
  90.5	26.5
  91.5	30.8333
  92.5	30.6667
  93.5	32
  94.5	32
  95.5	31.5
  96.5	32
  97.5	31.5
  98.5	29
  99.5	30
 100.5	22.5
 101.5	32.5
 102.5	23
 103.5	36.5
 104.5	31.5
 105.5	27
 106.5	40.75
 107.5	37
 108.5	25.3333
 109.5	29
 110.5	42.1667
 111.5	26
 112.5	25.5
 113.5	37.8333
 114.5	25.5
 115.5	28.3333
 116.5	34.5
 117.5	32.25
 118.5	41.3333
 119.5	34.5
 120.5	25.3333
 121.5	32.5
 122.5	26
 123.5	33.5
 124.5	37.25
 125.5	35.5
 126.5	32.5
 127.5	21.3333
 128.5	31
 129.5	34.5
 130.5	35
 131.5	24
 132.5	32.5
 133.5	32
 134.5	34.5
 135.5	32.5
 136.5	24
 137.5	21
 138.5	21
 139.5	26.8333
 140.5	38.5
 141.5	19
 142.5	21.8333
 143.5	41.5
 144.5	31
 145.5	31
 146.5	17.5
 147.5	26
 148.5	22.5
 149.5	28.5
 150.5	34
 151.5	33
 152.5	24.5
 153.5	25
 154.5	36.8333
 155.5	43.5
 156.5	29.5
 157.5	25
 158.5	28.5
 159.5	30
 160.5	22.25
 161.5	25
 162.5	27
 163.5	38.5
 164.5	33
 165.5	24.5
 166.5	22.5
 167.5	25
 168.5	18.5
 169.5	23
 170.5	20
 171.5	29
 172.5	28.5
 173.5	39.5
 174.5	26.5
 175.5	31
 176.5	30
 177.5	34.75
 178.5	30
 179.5	32.5
 180.5	25
 181.5	34.5
 182.5	26
 183.5	29.25
 184.5	26.5
 185.5	25
 186.5	33
 187.5	27
 188.5	20
 189.5	33
 190.5	26
 191.5	19
 192.5	23.5
 193.5	26
 194.5	25.3333
 195.5	36
 196.5	22
 197.5	28.5
 198.5	32.5
 199.5	27.5
 200.5	30
 201.5	27.3333
 202.5	25.5
 203.5	24.5
 204.5	23
 205.5	19.5
 206.5	22.25
 207.5	29
 208.5	19
 209.5	23
 210.5	24
 211.5	25
 212.5	26.3333
 213.5	17.5
 214.5	25
 215.5	32.25
 216.5	22
 217.5	28
 218.5	32
 219.5	23.5
 220.5	26.5
 221.5	29.5
 222.5	24
 223.5	32
 224.5	30.5
 225.5	29
 226.5	24.5
 227.5	25.5
 228.5	25.5
 229.5	27
 230.5	29.3333
DB 1 MOTIF	28-CACGTGGT	STREME-28
-231.0	16.5
-230.0	26
-229.0	17
-228.0	21.5
-227.0	12.5
-226.0	9.5
-225.0	20.3333
-224.0	12
-223.0	9
-222.0	9.66667
-221.0	11.5
-220.0	16
-219.0	10
-218.0	22.5
-217.0	10
-216.0	20.5
-215.0	15
-214.0	14
-213.0	12.5
-212.0	12
-211.0	16
-210.0	17.5
-209.0	14.8333
-208.0	8
-207.0	20.5
-206.0	13.6667
-205.0	28
-204.0	12.5
-203.0	12.5
-202.0	11.5
-201.0	9
-200.0	14
-199.0	17.5
-198.0	20
-197.0	20
-196.0	13
-195.0	11.5
-194.0	13.5
-193.0	11.5
-192.0	15
-191.0	12.5
-190.0	12
-189.0	15.5
-188.0	18
-187.0	9.33333
-186.0	10.5
-185.0	16
-184.0	15.6667
-183.0	16
-182.0	15.5
-181.0	8
-180.0	15
-179.0	13.5
-178.0	14
-177.0	19
-176.0	17.5
-175.0	17.5
-174.0	8
-173.0	15
-172.0	9.5
-171.0	12.5
-170.0	19
-169.0	16
-168.0	18
-167.0	14
-166.0	15
-165.0	14.5
-164.0	15
-163.0	13
-162.0	12
-161.0	10.5
-160.0	10
-159.0	15.5
-158.0	16
-157.0	11
-156.0	15
-155.0	21
-154.0	10.5
-153.0	15.5
-152.0	16
-151.0	15
-150.0	8.33333
-149.0	15.5
-148.0	11.5
-147.0	15
-146.0	11.5
-145.0	9.5
-144.0	16.3333
-143.0	14.3333
-142.0	15.3333
-141.0	19
-140.0	17.5
-139.0	14.0833
-138.0	11.5
-137.0	12.5833
-136.0	14.5
-135.0	12
-134.0	14.5
-133.0	13.5
-132.0	13
-131.0	13
-130.0	20
-129.0	9.5
-128.0	19
-127.0	13.5
-126.0	17
-125.0	17
-124.0	17.5
-123.0	15.5
-122.0	21
-121.0	14
-120.0	8.5
-119.0	15
-118.0	11
-117.0	16
-116.0	22
-115.0	6.5
-114.0	21
-113.0	12
-112.0	16.5
-111.0	13.5
-110.0	13.5
-109.0	10.5
-108.0	14.5
-107.0	25
-106.0	12.5
-105.0	10
-104.0	11
-103.0	11
-102.0	15.6667
-101.0	23.8333
-100.0	9.5
 -99.0	15
 -98.0	17.5
 -97.0	10.5
 -96.0	11.5
 -95.0	13
 -94.0	15
 -93.0	9
 -92.0	15.5
 -91.0	20.5
 -90.0	14
 -89.0	13
 -88.0	12
 -87.0	11.5
 -86.0	23.6667
 -85.0	12
 -84.0	14.5
 -83.0	21.5
 -82.0	17.5
 -81.0	15
 -80.0	16.5
 -79.0	19.5
 -78.0	15.5
 -77.0	16.5
 -76.0	20.5
 -75.0	15
 -74.0	15.3333
 -73.0	15
 -72.0	21
 -71.0	12
 -70.0	14.5
 -69.0	11.5
 -68.0	19.5
 -67.0	12
 -66.0	18.5
 -65.0	22.3333
 -64.0	17.6667
 -63.0	15.5
 -62.0	19
 -61.0	22.3333
 -60.0	14
 -59.0	18.3333
 -58.0	20
 -57.0	17.5
 -56.0	17.8333
 -55.0	17.5
 -54.0	13.3333
 -53.0	20
 -52.0	17
 -51.0	29.3333
 -50.0	23
 -49.0	25.3333
 -48.0	28
 -47.0	14
 -46.0	14.5
 -45.0	18.5
 -44.0	16
 -43.0	11
 -42.0	25
 -41.0	12.5
 -40.0	17
 -39.0	25
 -38.0	24
 -37.0	15
 -36.0	21
 -35.0	17
 -34.0	16.5
 -33.0	22
 -32.0	22.5
 -31.0	17.5
 -30.0	23
 -29.0	23.5
 -28.0	27
 -27.0	30.5
 -26.0	19
 -25.0	23.5
 -24.0	23.5
 -23.0	18
 -22.0	27.5
 -21.0	15
 -20.0	15
 -19.0	23.25
 -18.0	25
 -17.0	23.25
 -16.0	17
 -15.0	17.5
 -14.0	16.5
 -13.0	19.5
 -12.0	31.3333
 -11.0	13.6667
 -10.0	16.5
  -9.0	22.5
  -8.0	21
  -7.0	23
  -6.0	18
  -5.0	18.3333
  -4.0	18.5
  -3.0	19.3333
  -2.0	23
  -1.0	6
   0.0	13.5
   1.0	20.3333
   2.0	20.8333
   3.0	12.3333
   4.0	17.5
   5.0	15.5
   6.0	20.5
   7.0	21.5
   8.0	15.8333
   9.0	15.5
  10.0	30.8333
  11.0	21.5
  12.0	23.5
  13.0	25.5
  14.0	15
  15.0	23
  16.0	20.5
  17.0	20.5
  18.0	20.5
  19.0	16
  20.0	18.5
  21.0	19
  22.0	17.5
  23.0	15.25
  24.0	22.8333
  25.0	7.75
  26.0	17
  27.0	18
  28.0	16.5
  29.0	26
  30.0	10
  31.0	17.5
  32.0	21.5
  33.0	15.5
  34.0	24.5
  35.0	18
  36.0	22
  37.0	11.5
  38.0	15
  39.0	13.5
  40.0	18
  41.0	24.5
  42.0	17.5
  43.0	18
  44.0	17.5
  45.0	19
  46.0	17.5
  47.0	18.5
  48.0	8
  49.0	15.5
  50.0	16
  51.0	15
  52.0	15
  53.0	24.5
  54.0	18.5
  55.0	19.5
  56.0	18
  57.0	15.5
  58.0	12
  59.0	19.5
  60.0	12
  61.0	12
  62.0	24
  63.0	20.5
  64.0	15.25
  65.0	15
  66.0	13.25
  67.0	16
  68.0	20.75
  69.0	17
  70.0	14.25
  71.0	18.5
  72.0	18.3333
  73.0	16.5
  74.0	17
  75.0	13.8333
  76.0	17
  77.0	11.5
  78.0	19.5
  79.0	16
  80.0	13
  81.0	14.8333
  82.0	20
  83.0	20.3333
  84.0	16
  85.0	16.5
  86.0	16
  87.0	14
  88.0	9.5
  89.0	13
  90.0	10
  91.0	18
  92.0	17
  93.0	22.5
  94.0	18
  95.0	8
  96.0	18
  97.0	16
  98.0	23
  99.0	18.8333
 100.0	12
 101.0	17.5
 102.0	19.5
 103.0	14.5
 104.0	15.5
 105.0	13
 106.0	15.5
 107.0	22.5
 108.0	12
 109.0	18.5
 110.0	12
 111.0	19
 112.0	12.5
 113.0	12
 114.0	16
 115.0	11
 116.0	12
 117.0	20.5
 118.0	15.5
 119.0	14
 120.0	14.5
 121.0	15
 122.0	10.5
 123.0	17.5
 124.0	15.5
 125.0	10.5
 126.0	19
 127.0	16
 128.0	16.5
 129.0	10
 130.0	12
 131.0	15
 132.0	14.5
 133.0	7.5
 134.0	12.5
 135.0	16.8333
 136.0	19.5
 137.0	20
 138.0	11.5
 139.0	13
 140.0	14.5
 141.0	8.5
 142.0	11.5
 143.0	19
 144.0	12.5
 145.0	20
 146.0	9.5
 147.0	11.5
 148.0	14
 149.0	14.5
 150.0	10
 151.0	13
 152.0	17.5
 153.0	21.5
 154.0	18.5
 155.0	11.5
 156.0	16.5
 157.0	15
 158.0	10
 159.0	18.5
 160.0	5
 161.0	21.5
 162.0	16.5
 163.0	12
 164.0	11
 165.0	9.5
 166.0	15.5
 167.0	7.5
 168.0	9.5
 169.0	17
 170.0	15
 171.0	17
 172.0	13
 173.0	11.5
 174.0	13.5
 175.0	10.5
 176.0	17
 177.0	10.5
 178.0	14
 179.0	13
 180.0	16
 181.0	15.5
 182.0	20
 183.0	10.5
 184.0	19.25
 185.0	10
 186.0	7.75
 187.0	9.5
 188.0	14.5
 189.0	11.5
 190.0	15
 191.0	14.5
 192.0	9.5
 193.0	12.5
 194.0	14.3333
 195.0	20.5
 196.0	16
 197.0	17.5
 198.0	7
 199.0	19
 200.0	21.5
 201.0	9.5
 202.0	18.3333
 203.0	15
 204.0	21.5
 205.0	10.5
 206.0	13.5
 207.0	13.5
 208.0	12
 209.0	25
 210.0	11
 211.0	16.5
 212.0	20.5
 213.0	12
 214.0	16.5
 215.0	9
 216.0	19
 217.0	5
 218.0	15.8333
 219.0	8
 220.0	19.3333
 221.0	12.5
 222.0	9.5
 223.0	15
 224.0	12.5
 225.0	14.5
 226.0	12
 227.0	15
 228.0	22.5
 229.0	18
 230.0	17.5
 231.0	16
DB 1 MOTIF	29-RNTCTCGCGAGANY	STREME-29
-228.0	2
-227.0	2
-226.0	1
-225.0	1
-224.0	2
-223.0	1
-222.0	4
-221.0	3
-220.0	1
-219.0	1
-218.0	1
-217.0	4
-216.0	1
-215.0	1
-214.0	0
-213.0	3
-212.0	2
-211.0	1
-210.0	0
-209.0	1
-208.0	1
-207.0	2
-206.0	1
-205.0	4
-204.0	1
-203.0	2
-202.0	2
-201.0	2
-200.0	5
-199.0	3
-198.0	3
-197.0	0
-196.0	0
-195.0	3
-194.0	1
-193.0	1
-192.0	2
-191.0	1
-190.0	0
-189.0	1
-188.0	0
-187.0	2
-186.0	4
-185.0	1
-184.0	4
-183.0	0
-182.0	4
-181.0	0
-180.0	1
-179.0	1
-178.0	3
-177.0	0
-176.0	3.5
-175.0	5
-174.0	0
-173.0	0
-172.0	0
-171.0	1
-170.0	1
-169.0	0
-168.0	4
-167.0	4
-166.0	1
-165.0	2
-164.0	1
-163.0	1
-162.0	0
-161.0	2
-160.0	1
-159.0	0
-158.0	3
-157.0	0
-156.0	1
-155.0	1
-154.0	4
-153.0	0
-152.0	0
-151.0	1
-150.0	2
-149.0	0
-148.0	2
-147.0	1
-146.0	3
-145.0	2
-144.0	2
-143.0	3
-142.0	1
-141.0	1
-140.0	0
-139.0	1
-138.0	1
-137.0	2
-136.0	1
-135.0	0
-134.0	0
-133.0	3
-132.0	2
-131.0	1
-130.0	2
-129.0	3
-128.0	3
-127.0	0
-126.0	1
-125.0	1
-124.0	2
-123.0	1
-122.0	2
-121.0	3
-120.0	3
-119.0	1
-118.0	3
-117.0	4
-116.0	3
-115.0	2
-114.0	1
-113.0	2
-112.0	1
-111.0	0
-110.0	0
-109.0	0
-108.0	2
-107.0	2
-106.0	4
-105.0	0
-104.0	1
-103.0	2
-102.0	2
-101.0	1
-100.0	1
 -99.0	1
 -98.0	2
 -97.0	4
 -96.0	1
 -95.0	4
 -94.0	0
 -93.0	0
 -92.0	1
 -91.0	2
 -90.0	3
 -89.0	3
 -88.0	0
 -87.0	3
 -86.0	1
 -85.0	2
 -84.0	2
 -83.0	2
 -82.0	1
 -81.0	1
 -80.0	1
 -79.0	0
 -78.0	0
 -77.0	3
 -76.0	1
 -75.0	2
 -74.0	1
 -73.0	2
 -72.0	3
 -71.0	1
 -70.0	3
 -69.0	2
 -68.0	1
 -67.0	4
 -66.0	2
 -65.0	2
 -64.0	2
 -63.0	0
 -62.0	2
 -61.0	2
 -60.0	1
 -59.0	2
 -58.0	2
 -57.0	1
 -56.0	1
 -55.0	1
 -54.0	3
 -53.0	2
 -52.0	0
 -51.0	1
 -50.0	4
 -49.0	0
 -48.0	3
 -47.0	3
 -46.0	1
 -45.0	2
 -44.0	1
 -43.0	2
 -42.0	2
 -41.0	4
 -40.0	3
 -39.0	4
 -38.0	2
 -37.0	2
 -36.0	3
 -35.0	4
 -34.0	3
 -33.0	6
 -32.0	3
 -31.0	4
 -30.0	2
 -29.0	0
 -28.0	2
 -27.0	1
 -26.0	2
 -25.0	2
 -24.0	4
 -23.0	4.5
 -22.0	2
 -21.0	1
 -20.0	2
 -19.0	1
 -18.0	3
 -17.0	1
 -16.0	2
 -15.0	1
 -14.0	1
 -13.0	1
 -12.0	0
 -11.0	1
 -10.0	2
  -9.0	3
  -8.0	1
  -7.0	2
  -6.0	3
  -5.0	2
  -4.0	2
  -3.0	3
  -2.0	2
  -1.0	4
   0.0	1
   1.0	5
   2.0	0
   3.0	2
   4.0	4
   5.0	1
   6.0	4
   7.0	2
   8.0	2
   9.0	1
  10.0	2
  11.0	3
  12.0	4
  13.0	1
  14.0	2
  15.0	3
  16.0	2
  17.0	3
  18.0	4
  19.0	2
  20.0	2
  21.0	0
  22.0	3
  23.0	5
  24.0	5
  25.0	5
  26.0	0
  27.0	2
  28.0	3
  29.0	6
  30.0	1
  31.0	3
  32.0	2
  33.0	2
  34.0	0
  35.0	3
  36.0	3
  37.0	3
  38.0	0
  39.0	2
  40.0	1
  41.0	3
  42.0	5
  43.0	0
  44.0	0
  45.0	1
  46.0	0
  47.0	1
  48.0	3
  49.0	1
  50.0	3
  51.0	3
  52.0	2
  53.0	3
  54.0	1
  55.0	1
  56.0	5
  57.0	1
  58.0	1
  59.0	1
  60.0	3
  61.0	2
  62.0	1
  63.0	1
  64.0	0
  65.0	4
  66.0	1
  67.0	1
  68.0	6
  69.0	2
  70.0	0
  71.0	2
  72.0	2
  73.0	0
  74.0	2
  75.0	2
  76.0	2
  77.0	1
  78.0	2
  79.0	0
  80.0	3
  81.0	1
  82.0	3
  83.0	2
  84.0	5
  85.0	3
  86.0	0
  87.0	1
  88.0	1
  89.0	0
  90.0	1
  91.0	1
  92.0	2
  93.0	0
  94.0	1
  95.0	1
  96.0	0
  97.0	1
  98.0	0
  99.0	0
 100.0	1
 101.0	2
 102.0	1
 103.0	0
 104.0	1
 105.0	2
 106.0	1
 107.0	2
 108.0	1
 109.0	2
 110.0	1
 111.0	3
 112.0	0
 113.0	3
 114.0	1
 115.0	1
 116.0	3
 117.0	1
 118.0	0
 119.0	0
 120.0	1
 121.0	1
 122.0	1
 123.0	0
 124.0	0
 125.0	0
 126.0	3
 127.0	4
 128.0	0
 129.0	1
 130.0	2
 131.0	5
 132.0	0
 133.0	0
 134.0	3
 135.0	0
 136.0	1
 137.0	2
 138.0	1
 139.0	2
 140.0	1
 141.0	3
 142.0	1
 143.0	1
 144.0	0
 145.0	3
 146.0	0
 147.0	0
 148.0	1
 149.0	2
 150.0	4
 151.0	3
 152.0	1
 153.0	2
 154.0	0
 155.0	2
 156.0	2
 157.0	2
 158.0	0
 159.0	1
 160.0	2
 161.0	1
 162.0	2
 163.0	2
 164.0	2
 165.0	1
 166.0	2
 167.0	1
 168.0	0
 169.0	2
 170.0	2
 171.0	2
 172.0	3
 173.0	1
 174.0	2
 175.0	0
 176.0	1
 177.0	0
 178.0	2
 179.0	4
 180.0	1
 181.0	2
 182.0	3
 183.0	2
 184.0	1
 185.0	1
 186.0	1
 187.0	0
 188.0	3
 189.0	1
 190.0	0
 191.0	3
 192.0	0
 193.0	1
 194.0	1
 195.0	3
 196.0	1
 197.0	2
 198.0	0
 199.0	2
 200.0	2
 201.0	1
 202.0	3
 203.0	2
 204.0	0
 205.0	2
 206.0	1
 207.0	0
 208.0	1
 209.0	1
 210.0	3
 211.0	2
 212.0	1
 213.0	4
 214.0	2
 215.0	1
 216.0	2
 217.0	3
 218.0	2
 219.0	1
 220.0	3
 221.0	0
 222.0	2
 223.0	1
 224.0	1
 225.0	1
 226.0	1
 227.0	0
 228.0	2
DB 1 MOTIF	31-ACAGGAAGT	STREME-31
-230.5	13.5
-229.5	12
-228.5	15
-227.5	4
-226.5	15
-225.5	12
-224.5	11.5
-223.5	16
-222.5	13
-221.5	14
-220.5	11
-219.5	13
-218.5	17
-217.5	8
-216.5	18
-215.5	15
-214.5	8
-213.5	8
-212.5	21
-211.5	22
-210.5	15
-209.5	13
-208.5	13
-207.5	19
-206.5	13
-205.5	8
-204.5	9
-203.5	11
-202.5	17
-201.5	11
-200.5	12
-199.5	11
-198.5	12
-197.5	15
-196.5	14
-195.5	6
-194.5	14
-193.5	9
-192.5	11
-191.5	13
-190.5	15
-189.5	8
-188.5	15
-187.5	10
-186.5	9
-185.5	8
-184.5	15
-183.5	13
-182.5	11
-181.5	12
-180.5	9
-179.5	12
-178.5	9
-177.5	11
-176.5	7
-175.5	11
-174.5	12.5
-173.5	17.5
-172.5	13
-171.5	14
-170.5	13
-169.5	13
-168.5	7
-167.5	14
-166.5	18
-165.5	13
-164.5	14
-163.5	15
-162.5	13
-161.5	15.5
-160.5	15
-159.5	18
-158.5	13
-157.5	8.5
-156.5	12
-155.5	13
-154.5	12
-153.5	9
-152.5	12
-151.5	11
-150.5	7
-149.5	10
-148.5	17.5
-147.5	16.5
-146.5	7
-145.5	15
-144.5	16
-143.5	11
-142.5	11
-141.5	9
-140.5	10.5
-139.5	16
-138.5	19
-137.5	16.5
-136.5	11
-135.5	17
-134.5	15
-133.5	14
-132.5	13
-131.5	13
-130.5	12
-129.5	7
-128.5	16
-127.5	16
-126.5	8
-125.5	17
-124.5	10.5
-123.5	14
-122.5	12
-121.5	15
-120.5	12
-119.5	14
-118.5	18
-117.5	15.5
-116.5	9.5
-115.5	12.5
-114.5	10
-113.5	6
-112.5	13
-111.5	14
-110.5	9
-109.5	8.5
-108.5	9
-107.5	20
-106.5	21
-105.5	14.5
-104.5	12
-103.5	10
-102.5	10
-101.5	17
-100.5	11
 -99.5	12
 -98.5	8
 -97.5	10
 -96.5	12
 -95.5	18
 -94.5	10.5
 -93.5	15
 -92.5	9
 -91.5	20
 -90.5	8
 -89.5	23
 -88.5	11.5
 -87.5	17
 -86.5	10
 -85.5	15
 -84.5	9.5
 -83.5	13
 -82.5	12
 -81.5	8
 -80.5	11
 -79.5	11
 -78.5	14
 -77.5	18
 -76.5	8
 -75.5	13
 -74.5	15
 -73.5	12.5
 -72.5	16
 -71.5	9
 -70.5	15
 -69.5	18.5
 -68.5	13
 -67.5	11.5
 -66.5	11
 -65.5	13
 -64.5	14
 -63.5	11
 -62.5	11.5
 -61.5	11
 -60.5	16
 -59.5	12.5
 -58.5	11
 -57.5	12
 -56.5	18
 -55.5	13
 -54.5	17
 -53.5	16
 -52.5	17
 -51.5	13
 -50.5	14.5
 -49.5	11
 -48.5	5
 -47.5	12.5
 -46.5	13
 -45.5	10
 -44.5	12.5
 -43.5	16
 -42.5	19
 -41.5	15
 -40.5	13
 -39.5	15
 -38.5	10
 -37.5	16
 -36.5	12
 -35.5	14.5
 -34.5	20
 -33.5	18
 -32.5	17
 -31.5	17.5
 -30.5	15
 -29.5	14.5
 -28.5	17.5
 -27.5	12.5
 -26.5	20
 -25.5	17
 -24.5	16
 -23.5	10
 -22.5	6
 -21.5	14
 -20.5	11
 -19.5	7.5
 -18.5	16.5
 -17.5	10
 -16.5	22
 -15.5	13
 -14.5	6
 -13.5	14
 -12.5	12.5
 -11.5	10
 -10.5	18.5
  -9.5	15.5
  -8.5	13
  -7.5	14
  -6.5	20
  -5.5	10
  -4.5	12
  -3.5	17
  -2.5	15
  -1.5	14
  -0.5	17.5
   0.5	16
   1.5	15
   2.5	18
   3.5	13
   4.5	12
   5.5	15.5
   6.5	13
   7.5	19
   8.5	14
   9.5	19
  10.5	17.5
  11.5	12
  12.5	16
  13.5	12
  14.5	11
  15.5	12
  16.5	17
  17.5	16
  18.5	9
  19.5	15
  20.5	15
  21.5	14
  22.5	20
  23.5	15
  24.5	20
  25.5	11.5
  26.5	13
  27.5	12.5
  28.5	15
  29.5	16
  30.5	21
  31.5	14
  32.5	11.5
  33.5	18
  34.5	20
  35.5	12.5
  36.5	13
  37.5	11
  38.5	14
  39.5	12
  40.5	17.5
  41.5	19
  42.5	16
  43.5	21
  44.5	20
  45.5	12
  46.5	11
  47.5	12
  48.5	20
  49.5	18
  50.5	19
  51.5	12
  52.5	16
  53.5	12.5
  54.5	11
  55.5	19
  56.5	6
  57.5	7
  58.5	9
  59.5	17
  60.5	11
  61.5	17
  62.5	11
  63.5	9.5
  64.5	21
  65.5	13
  66.5	17
  67.5	14.5
  68.5	11
  69.5	19
  70.5	16
  71.5	12.5
  72.5	17
  73.5	16
  74.5	13.5
  75.5	8
  76.5	8
  77.5	8
  78.5	17
  79.5	11
  80.5	16
  81.5	14
  82.5	10
  83.5	9
  84.5	16
  85.5	11
  86.5	17.5
  87.5	21.5
  88.5	16
  89.5	15
  90.5	15
  91.5	12
  92.5	12.5
  93.5	9
  94.5	17.5
  95.5	8
  96.5	14
  97.5	18
  98.5	11
  99.5	8
 100.5	13
 101.5	10
 102.5	8.5
 103.5	11
 104.5	19.5
 105.5	7
 106.5	11
 107.5	9
 108.5	7.5
 109.5	9
 110.5	11.5
 111.5	15
 112.5	18
 113.5	9
 114.5	15
 115.5	10
 116.5	13.5
 117.5	15
 118.5	15
 119.5	11
 120.5	10
 121.5	14
 122.5	11
 123.5	12
 124.5	17
 125.5	19
 126.5	15
 127.5	16.5
 128.5	16
 129.5	11
 130.5	12
 131.5	19.5
 132.5	12.5
 133.5	11
 134.5	18
 135.5	18
 136.5	11
 137.5	12
 138.5	9
 139.5	14.5
 140.5	17
 141.5	17
 142.5	14
 143.5	18
 144.5	12
 145.5	9.5
 146.5	10
 147.5	11
 148.5	5
 149.5	12
 150.5	13
 151.5	7
 152.5	13
 153.5	15.5
 154.5	16
 155.5	17
 156.5	12
 157.5	11
 158.5	14
 159.5	10
 160.5	9
 161.5	10.5
 162.5	19
 163.5	17
 164.5	10
 165.5	15
 166.5	10
 167.5	14
 168.5	19
 169.5	9
 170.5	16
 171.5	8
 172.5	24
 173.5	9
 174.5	19
 175.5	9
 176.5	16
 177.5	15.5
 178.5	11
 179.5	9
 180.5	5
 181.5	14.5
 182.5	13
 183.5	19
 184.5	9
 185.5	14.5
 186.5	8
 187.5	14.5
 188.5	10.5
 189.5	15
 190.5	8
 191.5	15
 192.5	12
 193.5	13
 194.5	10
 195.5	10
 196.5	7
 197.5	10
 198.5	22
 199.5	13
 200.5	8.5
 201.5	9
 202.5	11
 203.5	12
 204.5	9
 205.5	8
 206.5	12
 207.5	15
 208.5	16
 209.5	16
 210.5	14
 211.5	16
 212.5	12
 213.5	11
 214.5	13
 215.5	10
 216.5	8
 217.5	11
 218.5	9
 219.5	12
 220.5	5
 221.5	15
 222.5	7
 223.5	10.5
 224.5	17
 225.5	16.5
 226.5	13.5
 227.5	21.5
 228.5	12
 229.5	10
 230.5	16
DB 1 MOTIF	32-KCCCMGCCC	STREME-32
-230.5	21.8333
-229.5	19
-228.5	9.5
-227.5	17.5333
-226.5	16.8333
-225.5	21.8333
-224.5	16.1667
-223.5	20.6667
-222.5	13.6667
-221.5	20
-220.5	17.0833
-219.5	18.5
-218.5	15.5
-217.5	10.3667
-216.5	15.3333
-215.5	8.5
-214.5	18.5333
-213.5	14.5
-212.5	15.5
-211.5	18.6667
-210.5	15.6667
-209.5	18.8667
-208.5	17.5833
-207.5	23.0833
-206.5	20.8333
-205.5	21.75
-204.5	20.45
-203.5	9.83333
-202.5	17.3333
-201.5	12.6667
-200.5	24.5
-199.5	17.8667
-198.5	20.75
-197.5	11.8333
-196.5	17.5833
-195.5	23.5
-194.5	13
-193.5	17.1167
-192.5	14.1667
-191.5	17.9167
-190.5	12.4833
-189.5	9.33333
-188.5	24.0833
-187.5	12.3333
-186.5	14.6667
-185.5	23.8333
-184.5	21
-183.5	16.0833
-182.5	16.0833
-181.5	15.1667
-180.5	16
-179.5	23.0833
-178.5	16.4167
-177.5	16
-176.5	13
-175.5	20
-174.5	17.1667
-173.5	30.25
-172.5	20.45
-171.5	17.6667
-170.5	11.5
-169.5	16.4167
-168.5	15
-167.5	11.1667
-166.5	27.7
-165.5	13.8333
-164.5	15.6667
-163.5	16.5
-162.5	11.8333
-161.5	14.5333
-160.5	16.1667
-159.5	21.75
-158.5	22.5
-157.5	11.6667
-156.5	14.3333
-155.5	15.8333
-154.5	14.5
-153.5	26.3667
-152.5	16.6667
-151.5	18
-150.5	19.0333
-149.5	20.8333
-148.5	23.5
-147.5	17.2833
-146.5	15
-145.5	17.6667
-144.5	16.1667
-143.5	13.5
-142.5	18.1167
-141.5	23.6667
-140.5	17.1583
-139.5	16.1667
-138.5	12.3333
-137.5	24.9167
-136.5	25.5
-135.5	20.4917
-134.5	25.5333
-133.5	17.4167
-132.5	23.1667
-131.5	26.5833
-130.5	20.4583
-129.5	22.75
-128.5	18.0833
-127.5	15.4167
-126.5	18.8667
-125.5	20.875
-124.5	19.25
-123.5	20.5833
-122.5	18.3667
-121.5	12.3667
-120.5	16.875
-119.5	21.9167
-118.5	17.6667
-117.5	18.6167
-116.5	23.0833
-115.5	14.0833
-114.5	23.25
-113.5	19.25
-112.5	28.1667
-111.5	25.1667
-110.5	28.2
-109.5	21.0833
-108.5	22.5833
-107.5	22.9167
-106.5	26.0833
-105.5	20.95
-104.5	25.8333
-103.5	15.5833
-102.5	21.3333
-101.5	18.9167
-100.5	15.75
 -99.5	19.0333
 -98.5	26.5417
 -97.5	16.0333
 -96.5	18
 -95.5	15.7
 -94.5	17
 -93.5	15.2833
 -92.5	17.5833
 -91.5	23.0833
 -90.5	30.3333
 -89.5	16.8333
 -88.5	18.75
 -87.5	23.3333
 -86.5	20.25
 -85.5	22.7833
 -84.5	8.95
 -83.5	19.8333
 -82.5	26
 -81.5	25.25
 -80.5	21.5
 -79.5	14.7
 -78.5	19.6667
 -77.5	18.25
 -76.5	23.0833
 -75.5	18.5333
 -74.5	22.5333
 -73.5	15.6667
 -72.5	27.8333
 -71.5	26.2
 -70.5	25.4167
 -69.5	26.7833
 -68.5	15.1667
 -67.5	24.6667
 -66.5	26.3333
 -65.5	28.45
 -64.5	31.25
 -63.5	22.875
 -62.5	23.8333
 -61.5	20.2
 -60.5	19.5
 -59.5	17.75
 -58.5	28.6667
 -57.5	17.5
 -56.5	24.8333
 -55.5	20.8333
 -54.5	25.1667
 -53.5	23.2
 -52.5	19.8333
 -51.5	29.8333
 -50.5	15.9167
 -49.5	29.8333
 -48.5	18.5
 -47.5	21
 -46.5	22.3333
 -45.5	22
 -44.5	14.1667
 -43.5	21.5
 -42.5	23.1667
 -41.5	24.9167
 -40.5	13.8333
 -39.5	20.0333
 -38.5	24.75
 -37.5	17.6667
 -36.5	22.4833
 -35.5	17.5
 -34.5	24.8333
 -33.5	17.6667
 -32.5	16.3333
 -31.5	11.5833
 -30.5	17.6667
 -29.5	27.9167
 -28.5	20.9167
 -27.5	26.1667
 -26.5	20.6667
 -25.5	16
 -24.5	20.5
 -23.5	18.8333
 -22.5	24.8333
 -21.5	15
 -20.5	17.1667
 -19.5	18.0833
 -18.5	13.8333
 -17.5	14
 -16.5	9.5
 -15.5	23
 -14.5	13.0833
 -13.5	27.5
 -12.5	9.75
 -11.5	21.6667
 -10.5	23.3333
  -9.5	22.5333
  -8.5	13
  -7.5	15.5
  -6.5	15.5
  -5.5	21.8333
  -4.5	18.25
  -3.5	17
  -2.5	21.8333
  -1.5	15.8667
  -0.5	24.9167
   0.5	13.25
   1.5	18.2
   2.5	16.5
   3.5	9.91667
   4.5	20
   5.5	15.3333
   6.5	28
   7.5	17.0833
   8.5	15
   9.5	14.75
  10.5	18.75
  11.5	12.5
  12.5	18
  13.5	17.7
  14.5	15.75
  15.5	15.3333
  16.5	11
  17.5	19
  18.5	9.83333
  19.5	16
  20.5	16.8333
  21.5	18.5
  22.5	17.5
  23.5	11
  24.5	21.8333
  25.5	16.8333
  26.5	33.5
  27.5	18.5
  28.5	18.8333
  29.5	18.5
  30.5	21.6667
  31.5	10.1667
  32.5	13.75
  33.5	14.5
  34.5	23.5
  35.5	12.3333
  36.5	11.75
  37.5	15.4167
  38.5	19.4167
  39.5	21.9167
  40.5	15.3333
  41.5	22.5833
  42.5	11.25
  43.5	16.3333
  44.5	27.0167
  45.5	21.3333
  46.5	17.3667
  47.5	17.3333
  48.5	16.6667
  49.5	21.4333
  50.5	18.8333
  51.5	18.6667
  52.5	22
  53.5	25.1667
  54.5	16.9333
  55.5	23.3333
  56.5	16.6667
  57.5	21.5833
  58.5	15.6667
  59.5	23.5
  60.5	15
  61.5	20.9167
  62.5	30.6667
  63.5	29.3333
  64.5	12.5
  65.5	22.0833
  66.5	22.2833
  67.5	13.0333
  68.5	18.2833
  69.5	20.0833
  70.5	13.1667
  71.5	20.7667
  72.5	23.7833
  73.5	22.5
  74.5	23.8333
  75.5	23.9762
  76.5	20.3333
  77.5	20.1667
  78.5	25.3667
  79.5	20.5333
  80.5	20.9762
  81.5	15.8333
  82.5	24
  83.5	15.5333
  84.5	25.75
  85.5	27.8929
  86.5	17.5
  87.5	22.25
  88.5	21.1167
  89.5	18.8667
  90.5	14.3333
  91.5	23.5
  92.5	19.9167
  93.5	17.2667
  94.5	22.8333
  95.5	21
  96.5	15.2
  97.5	19.0595
  98.5	18.0833
  99.5	20.8667
 100.5	20.4167
 101.5	17.2833
 102.5	21.1167
 103.5	24.5833
 104.5	23.1667
 105.5	16.3667
 106.5	15.3333
 107.5	14.8667
 108.5	30.9762
 109.5	27.9
 110.5	14.3667
 111.5	16.6667
 112.5	19.2
 113.5	27.6667
 114.5	14.3833
 115.5	26.7333
 116.5	21.6667
 117.5	16.0333
 118.5	21.2833
 119.5	24.45
 120.5	15.3167
 121.5	24.8333
 122.5	19.25
 123.5	21
 124.5	10.3333
 125.5	18.7833
 126.5	20.5
 127.5	18.8333
 128.5	15.95
 129.5	29.0833
 130.5	23
 131.5	19.9762
 132.5	21.4167
 133.5	18.6667
 134.5	15.8917
 135.5	17.8333
 136.5	16.9262
 137.5	18.8095
 138.5	13.6667
 139.5	18.1667
 140.5	18.25
 141.5	12.1667
 142.5	17.0833
 143.5	22.75
 144.5	17.75
 145.5	14.3333
 146.5	11.5
 147.5	17.7
 148.5	14.6667
 149.5	15.9167
 150.5	22.75
 151.5	22.3333
 152.5	11.0595
 153.5	22.1
 154.5	13.7
 155.5	12.75
 156.5	24.0167
 157.5	10.5
 158.5	22.3333
 159.5	19.8333
 160.5	15.9167
 161.5	13.85
 162.5	22.3333
 163.5	15.0833
 164.5	10.8667
 165.5	11.9167
 166.5	18.1167
 167.5	19.9762
 168.5	20.25
 169.5	19
 170.5	22.0833
 171.5	11.6833
 172.5	22
 173.5	18.9167
 174.5	13.2
 175.5	11.25
 176.5	18.85
 177.5	23.3333
 178.5	24.5
 179.5	18.0333
 180.5	15
 181.5	13.4333
 182.5	18.8429
 183.5	16
 184.5	22.75
 185.5	10.5
 186.5	20.1
 187.5	17.3333
 188.5	16.6333
 189.5	16.7833
 190.5	15.9167
 191.5	14
 192.5	12.1667
 193.5	15.1667
 194.5	13.3333
 195.5	12.3333
 196.5	10.3333
 197.5	17.1429
 198.5	14.9167
 199.5	15.8333
 200.5	13.75
 201.5	19.7167
 202.5	15.6667
 203.5	11.0833
 204.5	15.8333
 205.5	15
 206.5	18.9333
 207.5	14.5833
 208.5	12.3333
 209.5	22.5
 210.5	14.0833
 211.5	14.9333
 212.5	14.9762
 213.5	14.3333
 214.5	21.3333
 215.5	21.8667
 216.5	11.9167
 217.5	10
 218.5	14
 219.5	20.4
 220.5	15.0833
 221.5	13.5
 222.5	13.75
 223.5	15
 224.5	11.0333
 225.5	15.6667
 226.5	18.3333
 227.5	11.1429
 228.5	15.3333
 229.5	16.1667
 230.5	12.8333
DB 1 MOTIF	39-CCSGGAAGC	STREME-39
-230.5	17.5
-229.5	16.5
-228.5	20.5
-227.5	17
-226.5	16
-225.5	25.5
-224.5	21.6667
-223.5	26.5
-222.5	25
-221.5	32.5
-220.5	20
-219.5	18.5
-218.5	20
-217.5	28.5
-216.5	22.5
-215.5	28.5
-214.5	27.1429
-213.5	24
-212.5	26.5
-211.5	21
-210.5	17
-209.5	33
-208.5	29
-207.5	19
-206.5	17.5
-205.5	19
-204.5	21
-203.5	17.5
-202.5	18
-201.5	26.5
-200.5	18.1667
-199.5	16.5
-198.5	20
-197.5	26
-196.5	30.5
-195.5	18
-194.5	24.5
-193.5	24
-192.5	14
-191.5	28
-190.5	19
-189.5	25
-188.5	13
-187.5	20
-186.5	22
-185.5	25
-184.5	12.1429
-183.5	24
-182.5	27.5
-181.5	21
-180.5	13
-179.5	22
-178.5	26
-177.5	15
-176.5	21.6667
-175.5	16.5
-174.5	20.5
-173.5	23.5
-172.5	25.5
-171.5	21
-170.5	18
-169.5	29
-168.5	20
-167.5	30
-166.5	23
-165.5	21
-164.5	16.5
-163.5	20
-162.5	9
-161.5	14
-160.5	19.5
-159.5	23
-158.5	16.5
-157.5	24
-156.5	17.5
-155.5	29.5
-154.5	20.6429
-153.5	22
-152.5	22.1667
-151.5	22
-150.5	20
-149.5	28
-148.5	28
-147.5	24
-146.5	25.5
-145.5	23
-144.5	23
-143.5	17
-142.5	26.5
-141.5	22.5
-140.5	27
-139.5	20
-138.5	17
-137.5	23
-136.5	28
-135.5	20
-134.5	20
-133.5	21
-132.5	18.5
-131.5	21
-130.5	22
-129.5	20
-128.5	22.1667
-127.5	21
-126.5	25.5
-125.5	16.5
-124.5	21.1429
-123.5	27.5
-122.5	22
-121.5	19.5
-120.5	23
-119.5	19
-118.5	17
-117.5	18
-116.5	19
-115.5	22
-114.5	22
-113.5	22
-112.5	21
-111.5	24
-110.5	20.5
-109.5	20
-108.5	16
-107.5	17.5
-106.5	23
-105.5	15
-104.5	21.1667
-103.5	23.5
-102.5	28.5
-101.5	23
-100.5	22
 -99.5	25.5
 -98.5	22
 -97.5	21
 -96.5	13.5
 -95.5	33
 -94.5	22.6429
 -93.5	26
 -92.5	18.5
 -91.5	23.5
 -90.5	19.5
 -89.5	22
 -88.5	19.5
 -87.5	23
 -86.5	19
 -85.5	24
 -84.5	29.3333
 -83.5	18
 -82.5	20.5
 -81.5	25.5
 -80.5	18.5
 -79.5	30.5
 -78.5	27
 -77.5	32.5
 -76.5	27.5
 -75.5	21
 -74.5	23
 -73.5	24
 -72.5	20
 -71.5	28
 -70.5	23.5
 -69.5	24
 -68.5	32
 -67.5	34
 -66.5	27.5
 -65.5	28
 -64.5	25.1429
 -63.5	23
 -62.5	24.5
 -61.5	30
 -60.5	27
 -59.5	17.5
 -58.5	24
 -57.5	34.5
 -56.5	29.5
 -55.5	26
 -54.5	22
 -53.5	28
 -52.5	23
 -51.5	24.5
 -50.5	30
 -49.5	23
 -48.5	23.5
 -47.5	21
 -46.5	19
 -45.5	21.5
 -44.5	33
 -43.5	30
 -42.5	33
 -41.5	16.5
 -40.5	30
 -39.5	19
 -38.5	40.5
 -37.5	45
 -36.5	30
 -35.5	33
 -34.5	33.1429
 -33.5	35
 -32.5	33.5
 -31.5	33.5
 -30.5	33
 -29.5	22.5
 -28.5	41
 -27.5	36
 -26.5	36
 -25.5	24.8333
 -24.5	38.5
 -23.5	30.5
 -22.5	35.5
 -21.5	39
 -20.5	41.5
 -19.5	33
 -18.5	43.5
 -17.5	44.5
 -16.5	40.5
 -15.5	41
 -14.5	44
 -13.5	40.5
 -12.5	32
 -11.5	35.5
 -10.5	38.5
  -9.5	36.5
  -8.5	31
  -7.5	34
  -6.5	27
  -5.5	37
  -4.5	33
  -3.5	30.5
  -2.5	40.5
  -1.5	33
  -0.5	42.8333
   0.5	35.5
   1.5	30.5
   2.5	30
   3.5	36
   4.5	28.5
   5.5	37
   6.5	40
   7.5	36.5
   8.5	24
   9.5	46
  10.5	45
  11.5	33.5
  12.5	45
  13.5	34
  14.5	24.5
  15.5	33
  16.5	39
  17.5	35
  18.5	25.5
  19.5	36
  20.5	34.5
  21.5	29
  22.5	27
  23.5	33.5
  24.5	32.5
  25.5	32
  26.5	33.5
  27.5	31.5
  28.5	27.5
  29.5	31
  30.5	30.5
  31.5	35
  32.5	32.5
  33.5	31.5
  34.5	33
  35.5	32.5
  36.5	35
  37.5	31
  38.5	33.5
  39.5	31.5
  40.5	23
  41.5	34
  42.5	22.5
  43.5	25.5
  44.5	24
  45.5	24.5
  46.5	29.5
  47.5	33.5
  48.5	27
  49.5	20
  50.5	25
  51.5	22.5
  52.5	26
  53.5	24
  54.5	38
  55.5	43
  56.5	24.5
  57.5	30.5
  58.5	25.5
  59.5	29
  60.5	27.5
  61.5	29
  62.5	30
  63.5	24
  64.5	33
  65.5	34
  66.5	26
  67.5	26
  68.5	27.5
  69.5	26
  70.5	17.5
  71.5	25.5
  72.5	25.5
  73.5	22.5
  74.5	24
  75.5	20
  76.5	27
  77.5	19
  78.5	22
  79.5	21.5
  80.5	25
  81.5	31
  82.5	27
  83.5	17.3333
  84.5	24
  85.5	15.5
  86.5	27
  87.5	16
  88.5	23
  89.5	22
  90.5	22
  91.5	19
  92.5	22.5
  93.5	30
  94.5	24.5
  95.5	23
  96.5	28.5
  97.5	23.5
  98.5	12.5
  99.5	15.5
 100.5	23.5
 101.5	25
 102.5	17
 103.5	22.5
 104.5	21
 105.5	23
 106.5	14
 107.5	15
 108.5	29
 109.5	17.5
 110.5	32
 111.5	25
 112.5	14
 113.5	18
 114.5	23.3333
 115.5	22
 116.5	29.5
 117.5	27
 118.5	21
 119.5	25
 120.5	18
 121.5	23
 122.5	14
 123.5	23
 124.5	32.5
 125.5	18
 126.5	28
 127.5	16
 128.5	25.5
 129.5	29
 130.5	14
 131.5	18
 132.5	24.5
 133.5	19
 134.5	22
 135.5	15
 136.5	18.5
 137.5	25
 138.5	13
 139.5	26.5
 140.5	21
 141.5	17.5
 142.5	21
 143.5	15
 144.5	24.5
 145.5	20.5
 146.5	28
 147.5	16.5
 148.5	21
 149.5	20
 150.5	19
 151.5	23
 152.5	16
 153.5	23
 154.5	19
 155.5	19
 156.5	22.3333
 157.5	21
 158.5	22
 159.5	13.5
 160.5	16
 161.5	16.5
 162.5	17.5
 163.5	20
 164.5	13
 165.5	22
 166.5	17
 167.5	16
 168.5	23
 169.5	17
 170.5	23
 171.5	21
 172.5	21.5
 173.5	18
 174.5	12.5
 175.5	16
 176.5	16
 177.5	12.5
 178.5	20
 179.5	21
 180.5	21
 181.5	21.5
 182.5	28.5
 183.5	22
 184.5	19
 185.5	16
 186.5	20
 187.5	11
 188.5	18
 189.5	16
 190.5	17
 191.5	17
 192.5	22.5
 193.5	18
 194.5	6
 195.5	16
 196.5	20.5
 197.5	28
 198.5	29.5
 199.5	17
 200.5	16
 201.5	22
 202.5	17
 203.5	11
 204.5	17
 205.5	18.5
 206.5	18
 207.5	20
 208.5	24.5
 209.5	24
 210.5	14.5
 211.5	15
 212.5	21.5
 213.5	14
 214.5	21
 215.5	25.5
 216.5	13
 217.5	14.5
 218.5	15.5
 219.5	13.5
 220.5	20
 221.5	18.5
 222.5	20
 223.5	15
 224.5	17.5
 225.5	24
 226.5	19
 227.5	30
 228.5	27
 229.5	19.5
 230.5	19.5
DB 1 MOTIF	45-RTTRYRYAAY	STREME-45
-230.0	1
-229.0	7.33333
-228.0	6
-227.0	5
-226.0	5
-225.0	6.33333
-224.0	8
-223.0	5
-222.0	4
-221.0	9.33333
-220.0	8
-219.0	5
-218.0	5
-217.0	5
-216.0	5
-215.0	7
-214.0	8
-213.0	12
-212.0	6
-211.0	5
-210.0	5
-209.0	7
-208.0	10
-207.0	1
-206.0	5
-205.0	6
-204.0	5
-203.0	7
-202.0	6
-201.0	5
-200.0	9.5
-199.0	4
-198.0	1
-197.0	5
-196.0	8
-195.0	7
-194.0	5
-193.0	9
-192.0	7
-191.0	6
-190.0	10
-189.0	6
-188.0	4
-187.0	6
-186.0	6
-185.0	7
-184.0	4
-183.0	6.5
-182.0	6
-181.0	6
-180.0	2
-179.0	4
-178.0	2
-177.0	3
-176.0	3
-175.0	9
-174.0	4
-173.0	8.5
-172.0	7
-171.0	8
-170.0	3
-169.0	2
-168.0	4
-167.0	6
-166.0	5
-165.0	8
-164.0	10
-163.0	8
-162.0	9
-161.0	9
-160.0	6
-159.0	7
-158.0	5
-157.0	3
-156.0	5
-155.0	5
-154.0	3
-153.0	2
-152.0	7
-151.0	3
-150.0	6
-149.0	8
-148.0	5
-147.0	6
-146.0	6
-145.0	3
-144.0	5
-143.0	4
-142.0	4
-141.0	6
-140.0	5
-139.0	12
-138.0	4
-137.0	7
-136.0	2
-135.0	3
-134.0	4
-133.0	5
-132.0	4
-131.0	5
-130.0	6.5
-129.0	1
-128.0	5
-127.0	6
-126.0	10
-125.0	5.5
-124.0	2
-123.0	4
-122.0	3
-121.0	3
-120.0	6
-119.0	4
-118.0	10
-117.0	7
-116.0	5
-115.0	4
-114.0	12
-113.0	8
-112.0	1
-111.0	7
-110.0	5
-109.0	5
-108.0	2
-107.0	6
-106.0	4
-105.0	4
-104.0	5
-103.0	5
-102.0	6
-101.0	3
-100.0	6
 -99.0	4
 -98.0	3
 -97.0	9
 -96.0	3
 -95.0	7
 -94.0	3
 -93.0	9
 -92.0	5
 -91.0	2
 -90.0	6
 -89.0	2
 -88.0	5.5
 -87.0	5
 -86.0	5.5
 -85.0	11
 -84.0	6
 -83.0	6.5
 -82.0	4
 -81.0	5
 -80.0	7
 -79.0	8
 -78.0	5
 -77.0	8
 -76.0	12
 -75.0	8
 -74.0	4
 -73.0	3
 -72.0	5
 -71.0	2
 -70.0	3
 -69.0	3
 -68.0	9
 -67.0	5
 -66.0	5
 -65.0	5
 -64.0	6
 -63.0	2
 -62.0	7
 -61.0	9
 -60.0	9
 -59.0	5
 -58.0	3
 -57.0	4
 -56.0	8
 -55.0	5
 -54.0	7
 -53.0	5
 -52.0	6.5
 -51.0	7
 -50.0	9
 -49.0	2
 -48.0	9
 -47.0	3
 -46.0	6
 -45.0	10
 -44.0	3
 -43.0	6
 -42.0	10
 -41.0	3
 -40.0	3
 -39.0	5
 -38.0	2.5
 -37.0	5
 -36.0	4
 -35.0	11
 -34.0	4.5
 -33.0	7.5
 -32.0	9.5
 -31.0	6
 -30.0	4
 -29.0	9
 -28.0	9
 -27.0	8
 -26.0	5
 -25.0	6
 -24.0	5
 -23.0	8
 -22.0	12
 -21.0	11
 -20.0	8.5
 -19.0	3
 -18.0	8
 -17.0	3
 -16.0	6
 -15.0	4
 -14.0	14
 -13.0	12
 -12.0	5
 -11.0	4.5
 -10.0	4
  -9.0	4
  -8.0	13
  -7.0	9
  -6.0	7
  -5.0	5
  -4.0	4
  -3.0	9
  -2.0	12
  -1.0	4
   0.0	6
   1.0	3
   2.0	5
   3.0	7
   4.0	6
   5.0	8
   6.0	8
   7.0	9
   8.0	9
   9.0	8
  10.0	4
  11.0	7
  12.0	7
  13.0	8
  14.0	6
  15.0	9
  16.0	6
  17.0	9
  18.0	6
  19.0	5
  20.0	6
  21.0	11
  22.0	7
  23.0	5
  24.0	5
  25.0	10
  26.0	6
  27.0	10
  28.0	7
  29.0	5
  30.0	7
  31.0	12
  32.0	5
  33.0	2
  34.0	6
  35.0	5
  36.0	1
  37.0	15
  38.0	10
  39.0	6
  40.0	5
  41.0	8
  42.0	4
  43.0	6
  44.0	4
  45.0	2
  46.0	8
  47.0	4
  48.0	4
  49.0	7
  50.0	7
  51.0	3
  52.0	2
  53.0	8
  54.0	9
  55.0	4
  56.0	4
  57.0	7
  58.0	10
  59.0	4
  60.0	9
  61.0	9
  62.0	4
  63.0	3
  64.0	3
  65.0	5
  66.0	6
  67.0	4
  68.0	4
  69.0	6
  70.0	10
  71.0	6
  72.0	8
  73.0	8
  74.0	1
  75.0	7
  76.0	5
  77.0	5
  78.0	6
  79.0	7
  80.0	7
  81.0	8
  82.0	7
  83.0	6
  84.0	7
  85.0	4
  86.0	6
  87.0	5
  88.0	9
  89.0	4
  90.0	6
  91.0	6
  92.0	5
  93.0	3
  94.0	4
  95.0	3
  96.0	3
  97.0	7
  98.0	7
  99.0	8
 100.0	3
 101.0	5
 102.0	4
 103.0	2.5
 104.0	10
 105.0	4
 106.0	9
 107.0	2
 108.0	7
 109.0	1
 110.0	4
 111.0	2
 112.0	6
 113.0	6
 114.0	6
 115.0	7
 116.0	8
 117.0	4.5
 118.0	7
 119.0	9
 120.0	4
 121.0	4
 122.0	6
 123.0	6
 124.0	6
 125.0	7
 126.0	3
 127.0	3
 128.0	7
 129.0	5
 130.0	8
 131.0	14
 132.0	7
 133.0	5
 134.0	5
 135.0	11
 136.0	3
 137.0	4
 138.0	5
 139.0	7
 140.0	1
 141.0	4
 142.0	9
 143.0	5
 144.0	6
 145.0	3
 146.0	4
 147.0	5
 148.0	8
 149.0	9
 150.0	14
 151.0	2
 152.0	11
 153.0	10
 154.0	7
 155.0	8
 156.0	6
 157.0	2
 158.0	8
 159.0	5
 160.0	5
 161.0	7
 162.0	7.33333
 163.0	9
 164.0	4
 165.0	8
 166.0	5
 167.0	8
 168.0	4
 169.0	5
 170.0	6.5
 171.0	5
 172.0	9
 173.0	9
 174.0	5
 175.0	7
 176.0	6
 177.0	7
 178.0	2
 179.0	4
 180.0	4
 181.0	12
 182.0	8
 183.0	5
 184.0	3
 185.0	7
 186.0	4
 187.0	7
 188.0	6.33333
 189.0	7
 190.0	7.5
 191.0	7
 192.0	8
 193.0	7
 194.0	4.5
 195.0	4
 196.0	9
 197.0	3
 198.0	9
 199.0	5
 200.0	6
 201.0	4
 202.0	4
 203.0	3
 204.0	1
 205.0	4
 206.0	4.5
 207.0	14
 208.0	7.5
 209.0	4
 210.0	7
 211.0	5
 212.0	10
 213.0	11
 214.0	5.33333
 215.0	6
 216.0	7
 217.0	11
 218.0	4
 219.0	4
 220.0	9
 221.0	4
 222.0	7.5
 223.0	6
 224.0	5
 225.0	3
 226.0	8
 227.0	5
 228.0	3
 229.0	4.5
 230.0	3
DB 1 MOTIF	46-CTGCGGCTGC	STREME-46
-230.0	25.5
-229.0	20.75
-228.0	21.5
-227.0	25
-226.0	16.25
-225.0	15
-224.0	24
-223.0	21.25
-222.0	15.5
-221.0	15
-220.0	15.75
-219.0	19
-218.0	18.5
-217.0	18
-216.0	26.6667
-215.0	20.3333
-214.0	24.5
-213.0	27.3333
-212.0	23.1667
-211.0	23
-210.0	25.3333
-209.0	22.3333
-208.0	20
-207.0	33
-206.0	19
-205.0	17
-204.0	29.5
-203.0	18
-202.0	26
-201.0	26
-200.0	28
-199.0	24
-198.0	19
-197.0	17.3333
-196.0	28.5
-195.0	25.5
-194.0	22
-193.0	15.8333
-192.0	29
-191.0	21.5
-190.0	28.3333
-189.0	25.5
-188.0	24
-187.0	23.8333
-186.0	23
-185.0	24.5
-184.0	24.5
-183.0	20.5
-182.0	29
-181.0	25
-180.0	20
-179.0	18
-178.0	25
-177.0	16.5
-176.0	19
-175.0	26.5
-174.0	25
-173.0	20
-172.0	23
-171.0	24.5
-170.0	15.25
-169.0	22
-168.0	20
-167.0	28.5833
-166.0	30.8333
-165.0	24
-164.0	27
-163.0	24
-162.0	21.3333
-161.0	29.5
-160.0	32.8333
-159.0	19.5
-158.0	12.5
-157.0	22.5
-156.0	16.5
-155.0	26.25
-154.0	20.5
-153.0	30.3333
-152.0	26.25
-151.0	20
-150.0	21
-149.0	25
-148.0	16.5
-147.0	24
-146.0	24
-145.0	20.3333
-144.0	27.5
-143.0	18
-142.0	24.5
-141.0	31.5
-140.0	31
-139.0	28.6667
-138.0	18.3333
-137.0	23
-136.0	23.6667
-135.0	32
-134.0	26.5
-133.0	36.8333
-132.0	26.7
-131.0	34
-130.0	15
-129.0	26.95
-128.0	23
-127.0	26
-126.0	19.2833
-125.0	25
-124.0	23.3333
-123.0	19.95
-122.0	23
-121.0	22
-120.0	25.95
-119.0	30.5
-118.0	26
-117.0	28.5
-116.0	22
-115.0	20.5
-114.0	25
-113.0	27.3333
-112.0	26
-111.0	30.8333
-110.0	22.5
-109.0	24
-108.0	21.8333
-107.0	22
-106.0	20.5
-105.0	23.3333
-104.0	23.8333
-103.0	21
-102.0	22
-101.0	28.6667
-100.0	24.5
 -99.0	27
 -98.0	18.8333
 -97.0	22.8333
 -96.0	24
 -95.0	27.8333
 -94.0	31.5
 -93.0	18.8333
 -92.0	28
 -91.0	22
 -90.0	23
 -89.0	19
 -88.0	28
 -87.0	30.5
 -86.0	36
 -85.0	33.5
 -84.0	27.5
 -83.0	25.3333
 -82.0	27
 -81.0	28.8333
 -80.0	31.8333
 -79.0	29.2
 -78.0	18
 -77.0	18.8333
 -76.0	25.5333
 -75.0	17.6667
 -74.0	16
 -73.0	23.2
 -72.0	23.3333
 -71.0	25.8333
 -70.0	28.7
 -69.0	21.3333
 -68.0	40
 -67.0	28.5333
 -66.0	26.3333
 -65.0	29
 -64.0	28
 -63.0	29.5
 -62.0	21
 -61.0	23.8333
 -60.0	33.3333
 -59.0	31.5
 -58.0	30.3333
 -57.0	27
 -56.0	34
 -55.0	38.5
 -54.0	17.5
 -53.0	22
 -52.0	24
 -51.0	32
 -50.0	23.3333
 -49.0	22
 -48.0	28
 -47.0	29.3333
 -46.0	35.6667
 -45.0	22
 -44.0	23.8333
 -43.0	20.3333
 -42.0	32.8333
 -41.0	23
 -40.0	28.5
 -39.0	20.75
 -38.0	28.5
 -37.0	29.6667
 -36.0	32.0833
 -35.0	20
 -34.0	27.3333
 -33.0	32.25
 -32.0	25
 -31.0	27.5
 -30.0	21.5833
 -29.0	20.5
 -28.0	28
 -27.0	27
 -26.0	18.5
 -25.0	23
 -24.0	28.5
 -23.0	26
 -22.0	25.3333
 -21.0	22.5
 -20.0	20.3333
 -19.0	29
 -18.0	34.3333
 -17.0	16.5
 -16.0	26.3333
 -15.0	21
 -14.0	26
 -13.0	26
 -12.0	33.5
 -11.0	21.5
 -10.0	27
  -9.0	28.5
  -8.0	36.5
  -7.0	17
  -6.0	35
  -5.0	23.2
  -4.0	20.3333
  -3.0	27
  -2.0	30.2
  -1.0	42.5
   0.0	27.3333
   1.0	23.2
   2.0	21.5
   3.0	35.5
   4.0	21.2
   5.0	29.5
   6.0	28.5
   7.0	31.7
   8.0	22.5
   9.0	29
  10.0	32.5
  11.0	15
  12.0	45
  13.0	20
  14.0	22.5
  15.0	25
  16.0	15.5
  17.0	25.5
  18.0	23.5
  19.0	30
  20.0	29.5
  21.0	25.5
  22.0	32
  23.0	25.8333
  24.0	26
  25.0	27.1667
  26.0	28.7
  27.0	35.1667
  28.0	28
  29.0	20.3333
  30.0	32
  31.0	28.25
  32.0	27.8333
  33.0	31
  34.0	24.5
  35.0	26
  36.0	23
  37.0	26.75
  38.0	29.5
  39.0	20
  40.0	32
  41.0	23
  42.0	33
  43.0	26.25
  44.0	22
  45.0	24.5
  46.0	29
  47.0	27.3333
  48.0	41.5
  49.0	24.5833
  50.0	29
  51.0	30
  52.0	23
  53.0	27
  54.0	19
  55.0	28.2
  56.0	22.5
  57.0	32
  58.0	28
  59.0	22
  60.0	31.5
  61.0	28
  62.0	23.5
  63.0	31.3333
  64.0	31.5
  65.0	21.5
  66.0	37.5
  67.0	29.75
  68.0	29
  69.0	36.0833
  70.0	26.25
  71.0	33
  72.0	26
  73.0	18.75
  74.0	21.8333
  75.0	31.6667
  76.0	26.25
  77.0	31
  78.0	25.8333
  79.0	26
  80.0	28
  81.0	28.3333
  82.0	25.5
  83.0	23.5
  84.0	28.8333
  85.0	18.5
  86.0	14.75
  87.0	27
  88.0	26.3333
  89.0	26.3333
  90.0	21.5
  91.0	26
  92.0	26
  93.0	34
  94.0	28.6667
  95.0	28.5
  96.0	34
  97.0	29.5
  98.0	16.5
  99.0	22.2
 100.0	29.1667
 101.0	23
 102.0	32.2
 103.0	26
 104.0	16.95
 105.0	19.7
 106.0	26.3333
 107.0	36.5
 108.0	23.2
 109.0	17.5
 110.0	20.8333
 111.0	25.2
 112.0	21.5769
 113.0	13.5
 114.0	17
 115.0	22.5769
 116.0	28.8333
 117.0	19.5
 118.0	28.0769
 119.0	27
 120.0	17.8333
 121.0	20.0769
 122.0	23.25
 123.0	33
 124.0	25.5769
 125.0	24
 126.0	22.1667
 127.0	26.5769
 128.0	26
 129.0	23.3333
 130.0	27.0769
 131.0	31.5
 132.0	26.6667
 133.0	20.5769
 134.0	22.2
 135.0	20.25
 136.0	20.5769
 137.0	18
 138.0	23.9167
 139.0	24.5769
 140.0	21
 141.0	27.9167
 142.0	25.5769
 143.0	18
 144.0	29.4167
 145.0	23.0769
 146.0	25
 147.0	20.6667
 148.0	21.0769
 149.0	16
 150.0	22.6667
 151.0	18
 152.0	23
 153.0	24.3333
 154.0	25
 155.0	20.5
 156.0	27
 157.0	21
 158.0	23.5
 159.0	21.5
 160.0	18.2
 161.0	26.5
 162.0	16.1667
 163.0	24.2
 164.0	18
 165.0	17.8333
 166.0	20.7
 167.0	17.5
 168.0	18.3333
 169.0	20.45
 170.0	14
 171.0	25.5
 172.0	20.45
 173.0	32.5
 174.0	20.5
 175.0	33.5833
 176.0	25.5
 177.0	31.5
 178.0	17.5833
 179.0	26
 180.0	16.7
 181.0	22.3333
 182.0	28
 183.0	12.2
 184.0	25
 185.0	18.5
 186.0	26.2
 187.0	19.5
 188.0	21
 189.0	19.2
 190.0	22.3333
 191.0	22
 192.0	26.2
 193.0	30
 194.0	18.3333
 195.0	31.5
 196.0	21.5
 197.0	20.8333
 198.0	22
 199.0	24
 200.0	24.3333
 201.0	22.5
 202.0	20.5
 203.0	25.5
 204.0	19
 205.0	25.5
 206.0	27.5
 207.0	19
 208.0	19
 209.0	18.6667
 210.0	18
 211.0	18.5
 212.0	16.6667
 213.0	21
 214.0	22
 215.0	33.6667
 216.0	18.5
 217.0	13.3333
 218.0	28
 219.0	25.3333
 220.0	19.5
 221.0	15
 222.0	21
 223.0	27.5
 224.0	22
 225.0	21
 226.0	26
 227.0	23
 228.0	12.5
 229.0	14
 230.0	25.7
DB 1 MOTIF	49-CCAATCMCMGS	STREME-49
-229.5	13
-228.5	13
-227.5	12
-226.5	7
-225.5	7
-224.5	15
-223.5	9
-222.5	15
-221.5	12
-220.5	8
-219.5	10
-218.5	14.5
-217.5	8
-216.5	7
-215.5	9
-214.5	12
-213.5	7
-212.5	9
-211.5	9
-210.5	10
-209.5	12
-208.5	9
-207.5	9
-206.5	12
-205.5	7
-204.5	5
-203.5	15
-202.5	10
-201.5	8
-200.5	7
-199.5	5
-198.5	12
-197.5	9.5
-196.5	7
-195.5	10.5
-194.5	7
-193.5	3
-192.5	12
-191.5	12
-190.5	10
-189.5	12
-188.5	12
-187.5	10
-186.5	10
-185.5	8
-184.5	10
-183.5	12
-182.5	5
-181.5	11
-180.5	10
-179.5	10
-178.5	10
-177.5	7.5
-176.5	7
-175.5	9
-174.5	5
-173.5	4
-172.5	11
-171.5	7
-170.5	10
-169.5	18
-168.5	15
-167.5	4
-166.5	10
-165.5	7
-164.5	12
-163.5	9
-162.5	15
-161.5	11
-160.5	9
-159.5	9
-158.5	15
-157.5	7
-156.5	14.5
-155.5	12
-154.5	6
-153.5	7
-152.5	14
-151.5	12
-150.5	20
-149.5	8
-148.5	8
-147.5	10
-146.5	12
-145.5	14
-144.5	10
-143.5	8
-142.5	9
-141.5	5
-140.5	4
-139.5	11
-138.5	12
-137.5	10
-136.5	10
-135.5	7
-134.5	5
-133.5	10
-132.5	8
-131.5	7
-130.5	16
-129.5	12
-128.5	9
-127.5	9
-126.5	10.5
-125.5	11
-124.5	10
-123.5	11
-122.5	6
-121.5	16
-120.5	8
-119.5	14.25
-118.5	14
-117.5	7
-116.5	8
-115.5	4
-114.5	9
-113.5	14
-112.5	18
-111.5	5
-110.5	8
-109.5	17
-108.5	10
-107.5	10
-106.5	13
-105.5	10
-104.5	6
-103.5	13
-102.5	3
-101.5	5
-100.5	16
 -99.5	9.5
 -98.5	13
 -97.5	13
 -96.5	10
 -95.5	8
 -94.5	13
 -93.5	7
 -92.5	9
 -91.5	14
 -90.5	7
 -89.5	9
 -88.5	6
 -87.5	12
 -86.5	11
 -85.5	10
 -84.5	9.33333
 -83.5	12.5
 -82.5	9
 -81.5	7.5
 -80.5	7
 -79.5	16
 -78.5	11
 -77.5	13
 -76.5	10.25
 -75.5	9
 -74.5	8
 -73.5	12
 -72.5	3
 -71.5	17
 -70.5	11
 -69.5	14
 -68.5	6
 -67.5	11
 -66.5	15
 -65.5	12
 -64.5	15
 -63.5	15
 -62.5	11
 -61.5	6
 -60.5	12
 -59.5	11
 -58.5	9
 -57.5	10
 -56.5	12
 -55.5	15
 -54.5	7.5
 -53.5	9
 -52.5	12
 -51.5	13
 -50.5	13
 -49.5	6
 -48.5	10
 -47.5	15
 -46.5	14
 -45.5	10
 -44.5	12.5
 -43.5	8
 -42.5	12
 -41.5	7
 -40.5	11
 -39.5	24
 -38.5	8.5
 -37.5	12
 -36.5	14
 -35.5	14
 -34.5	16.5
 -33.5	10
 -32.5	8
 -31.5	10
 -30.5	9
 -29.5	20
 -28.5	17.5
 -27.5	14
 -26.5	8
 -25.5	10
 -24.5	11
 -23.5	7
 -22.5	13
 -21.5	20
 -20.5	10
 -19.5	20
 -18.5	11
 -17.5	18.3333
 -16.5	10
 -15.5	18
 -14.5	8
 -13.5	12
 -12.5	10
 -11.5	7.5
 -10.5	9
  -9.5	13
  -8.5	5
  -7.5	11
  -6.5	10
  -5.5	15.25
  -4.5	18
  -3.5	14
  -2.5	8
  -1.5	10
  -0.5	8
   0.5	7.5
   1.5	14
   2.5	8
   3.5	13
   4.5	12
   5.5	9
   6.5	12.5
   7.5	12
   8.5	12
   9.5	18
  10.5	12.5
  11.5	20
  12.5	11
  13.5	11
  14.5	10
  15.5	12.3333
  16.5	7
  17.5	10
  18.5	9
  19.5	23
  20.5	6
  21.5	9
  22.5	15
  23.5	13
  24.5	8.5
  25.5	9
  26.5	13
  27.5	10
  28.5	15
  29.5	11
  30.5	15
  31.5	8
  32.5	13
  33.5	9
  34.5	17
  35.5	13
  36.5	8
  37.5	11
  38.5	8
  39.5	9
  40.5	17
  41.5	12
  42.5	21
  43.5	9
  44.5	8.5
  45.5	11
  46.5	16
  47.5	11
  48.5	15
  49.5	10
  50.5	11
  51.5	10
  52.5	21
  53.5	10
  54.5	10
  55.5	13
  56.5	8
  57.5	7
  58.5	10
  59.5	8
  60.5	19
  61.5	16
  62.5	8
  63.5	9.5
  64.5	13
  65.5	14
  66.5	17
  67.5	6
  68.5	13
  69.5	3
  70.5	11.5
  71.5	12
  72.5	5
  73.5	8
  74.5	9
  75.5	9
  76.5	11
  77.5	15.25
  78.5	12
  79.5	8.5
  80.5	8
  81.5	9
  82.5	15
  83.5	3
  84.5	11
  85.5	10
  86.5	5
  87.5	13
  88.5	8
  89.5	8
  90.5	8
  91.5	10
  92.5	9
  93.5	10
  94.5	9
  95.5	16.5
  96.5	8
  97.5	8
  98.5	13
  99.5	14
 100.5	7
 101.5	10
 102.5	13
 103.5	13
 104.5	9
 105.5	10
 106.5	8
 107.5	6
 108.5	11
 109.5	8
 110.5	6
 111.5	6
 112.5	10
 113.5	8.5
 114.5	6
 115.5	6
 116.5	9
 117.5	8
 118.5	10
 119.5	11
 120.5	9
 121.5	9
 122.5	16
 123.5	9
 124.5	5
 125.5	12
 126.5	11
 127.5	8
 128.5	5
 129.5	6
 130.5	6
 131.5	13
 132.5	14
 133.5	4
 134.5	10
 135.5	8
 136.5	10
 137.5	8
 138.5	11
 139.5	8
 140.5	7
 141.5	2.5
 142.5	9
 143.5	4
 144.5	5
 145.5	8
 146.5	16
 147.5	10
 148.5	10
 149.5	8
 150.5	8
 151.5	8
 152.5	7
 153.5	9
 154.5	9
 155.5	11
 156.5	10
 157.5	9
 158.5	6
 159.5	12
 160.5	5.5
 161.5	7
 162.5	8
 163.5	4
 164.5	7
 165.5	12
 166.5	4
 167.5	12
 168.5	6
 169.5	6.5
 170.5	9
 171.5	8
 172.5	6
 173.5	9
 174.5	9
 175.5	9
 176.5	10
 177.5	8
 178.5	7
 179.5	4.5
 180.5	8
 181.5	8
 182.5	10
 183.5	7
 184.5	10
 185.5	10.5
 186.5	2
 187.5	6
 188.5	5
 189.5	9
 190.5	9
 191.5	5
 192.5	3
 193.5	8
 194.5	10
 195.5	9
 196.5	9
 197.5	6
 198.5	6
 199.5	8
 200.5	9
 201.5	8
 202.5	7
 203.5	10
 204.5	11
 205.5	10
 206.5	7
 207.5	7
 208.5	4
 209.5	11.5
 210.5	7
 211.5	5
 212.5	9
 213.5	4
 214.5	17
 215.5	8
 216.5	9
 217.5	6
 218.5	4
 219.5	6
 220.5	2
 221.5	4
 222.5	4
 223.5	11
 224.5	6
 225.5	3
 226.5	9
 227.5	5.5
 228.5	11
 229.5	7
DB 1 MOTIF	50-CCCGGCTCCCG	STREME-50
-229.5	7
-228.5	19
-227.5	14
-226.5	20
-225.5	16
-224.5	27
-223.5	21.5
-222.5	16
-221.5	14
-220.5	26
-219.5	15
-218.5	15
-217.5	19
-216.5	17.5
-215.5	15
-214.5	12.3333
-213.5	14
-212.5	17
-211.5	16
-210.5	10
-209.5	13
-208.5	18
-207.5	28.3333
-206.5	20
-205.5	10
-204.5	23
-203.5	14.5
-202.5	18
-201.5	13.5
-200.5	16.3333
-199.5	12
-198.5	20
-197.5	17.5
-196.5	8
-195.5	16
-194.5	21
-193.5	16
-192.5	22
-191.5	18
-190.5	17.5
-189.5	12
-188.5	13
-187.5	15
-186.5	16
-185.5	14
-184.5	17.5
-183.5	17
-182.5	27
-181.5	18
-180.5	19
-179.5	19
-178.5	20
-177.5	13
-176.5	20
-175.5	7
-174.5	7
-173.5	12.5
-172.5	18
-171.5	15
-170.5	10.5
-169.5	16
-168.5	17.5
-167.5	18
-166.5	13.5
-165.5	15
-164.5	25
-163.5	16
-162.5	10
-161.5	25
-160.5	20
-159.5	18
-158.5	11.5
-157.5	15
-156.5	12
-155.5	20
-154.5	11
-153.5	16
-152.5	17
-151.5	21
-150.5	12.5
-149.5	12
-148.5	12
-147.5	10
-146.5	12
-145.5	17.5
-144.5	19
-143.5	26
-142.5	15
-141.5	12.5
-140.5	12
-139.5	18
-138.5	16
-137.5	13
-136.5	13
-135.5	16.5
-134.5	16
-133.5	12
-132.5	17
-131.5	12
-130.5	15
-129.5	10
-128.5	16
-127.5	14
-126.5	16
-125.5	15.5
-124.5	26
-123.5	11
-122.5	17
-121.5	13
-120.5	18
-119.5	15
-118.5	18
-117.5	14
-116.5	18
-115.5	24
-114.5	20
-113.5	16
-112.5	8
-111.5	14
-110.5	9
-109.5	14
-108.5	18.5
-107.5	20
-106.5	20.5
-105.5	12
-104.5	14
-103.5	17
-102.5	16
-101.5	21
-100.5	19
 -99.5	18.5
 -98.5	13
 -97.5	13
 -96.5	22
 -95.5	19
 -94.5	19
 -93.5	18
 -92.5	16
 -91.5	16
 -90.5	14
 -89.5	18
 -88.5	13
 -87.5	14.5
 -86.5	9
 -85.5	21.5
 -84.5	14.5
 -83.5	17
 -82.5	13
 -81.5	13
 -80.5	16
 -79.5	17.3333
 -78.5	24
 -77.5	19
 -76.5	14
 -75.5	10
 -74.5	20.5
 -73.5	22
 -72.5	16.3333
 -71.5	17
 -70.5	17
 -69.5	17
 -68.5	17
 -67.5	22.5
 -66.5	19
 -65.5	19.3333
 -64.5	23
 -63.5	20
 -62.5	21
 -61.5	21
 -60.5	32
 -59.5	18.5
 -58.5	19.5
 -57.5	17.5
 -56.5	23
 -55.5	27
 -54.5	12.5
 -53.5	15
 -52.5	19
 -51.5	17
 -50.5	17
 -49.5	19
 -48.5	11
 -47.5	24
 -46.5	16
 -45.5	19
 -44.5	18
 -43.5	13.5
 -42.5	15
 -41.5	26
 -40.5	22.5
 -39.5	16.5
 -38.5	18
 -37.5	27.5
 -36.5	27
 -35.5	16.5
 -34.5	15
 -33.5	17
 -32.5	24
 -31.5	23
 -30.5	14.5
 -29.5	23
 -28.5	19
 -27.5	22
 -26.5	26
 -25.5	29
 -24.5	20
 -23.5	26.5
 -22.5	24
 -21.5	26
 -20.5	17
 -19.5	15
 -18.5	17
 -17.5	14
 -16.5	17
 -15.5	26
 -14.5	17
 -13.5	21
 -12.5	21
 -11.5	22
 -10.5	14
  -9.5	21
  -8.5	29
  -7.5	26
  -6.5	17
  -5.5	11
  -4.5	16
  -3.5	16
  -2.5	20.5
  -1.5	20
  -0.5	22
   0.5	22
   1.5	28
   2.5	22
   3.5	19
   4.5	19
   5.5	20
   6.5	14
   7.5	21
   8.5	18.5
   9.5	14
  10.5	17.5
  11.5	23
  12.5	14.5
  13.5	23
  14.5	29.5
  15.5	18
  16.5	19
  17.5	30
  18.5	25.5
  19.5	17
  20.5	23
  21.5	20
  22.5	23
  23.5	22
  24.5	20
  25.5	16.5
  26.5	24.5
  27.5	21
  28.5	16
  29.5	20
  30.5	9
  31.5	27.5
  32.5	20
  33.5	17
  34.5	20
  35.5	22
  36.5	18
  37.5	10
  38.5	26
  39.5	15
  40.5	18
  41.5	18
  42.5	21.5
  43.5	13
  44.5	27.5
  45.5	10
  46.5	22
  47.5	20
  48.5	13
  49.5	12.5
  50.5	17
  51.5	27.5
  52.5	20
  53.5	16.5
  54.5	14
  55.5	23
  56.5	23
  57.5	14
  58.5	21
  59.5	22
  60.5	17.5
  61.5	22
  62.5	16
  63.5	20
  64.5	20
  65.5	17.5
  66.5	22
  67.5	18.8333
  68.5	21
  69.5	19
  70.5	18
  71.5	19
  72.5	22.5
  73.5	13
  74.5	13.3333
  75.5	20
  76.5	27.5
  77.5	24
  78.5	8.5
  79.5	18
  80.5	12.5
  81.5	14.8333
  82.5	15
  83.5	27
  84.5	17
  85.5	18
  86.5	10
  87.5	27
  88.5	24
  89.5	18
  90.5	12
  91.5	14.5
  92.5	15
  93.5	23
  94.5	23
  95.5	19.5
  96.5	12
  97.5	15
  98.5	25
  99.5	19
 100.5	13.5
 101.5	18
 102.5	10.5
 103.5	22
 104.5	12
 105.5	10
 106.5	20.5
 107.5	20
 108.5	14
 109.5	15
 110.5	17
 111.5	18
 112.5	11
 113.5	16.5
 114.5	17
 115.5	11
 116.5	14
 117.5	19
 118.5	18
 119.5	19.5
 120.5	23
 121.5	16
 122.5	19.5
 123.5	12.5
 124.5	23
 125.5	17
 126.5	15
 127.5	22
 128.5	16.5
 129.5	14
 130.5	11
 131.5	20
 132.5	14
 133.5	16
 134.5	19
 135.5	11
 136.5	13
 137.5	12
 138.5	15
 139.5	18
 140.5	14
 141.5	24
 142.5	12.5
 143.5	18.3333
 144.5	16
 145.5	14
 146.5	22.5
 147.5	13
 148.5	17
 149.5	17
 150.5	11.3333
 151.5	16
 152.5	15.5
 153.5	7
 154.5	14
 155.5	10
 156.5	15
 157.5	20.3333
 158.5	16.5
 159.5	14
 160.5	11
 161.5	20
 162.5	6
 163.5	16
 164.5	14
 165.5	9
 166.5	18
 167.5	16
 168.5	17
 169.5	18
 170.5	12
 171.5	11.5
 172.5	20
 173.5	13
 174.5	11
 175.5	17.5
 176.5	15.5
 177.5	21
 178.5	10
 179.5	16
 180.5	21.3333
 181.5	17
 182.5	18
 183.5	14
 184.5	19
 185.5	14
 186.5	15
 187.5	16.3333
 188.5	18
 189.5	19
 190.5	18.5
 191.5	20
 192.5	17
 193.5	17.5
 194.5	6.33333
 195.5	13
 196.5	7
 197.5	10
 198.5	18
 199.5	15
 200.5	8
 201.5	13
 202.5	13
 203.5	21
 204.5	17
 205.5	22
 206.5	11
 207.5	14.5
 208.5	10
 209.5	9.5
 210.5	20
 211.5	17
 212.5	17
 213.5	15
 214.5	15.5
 215.5	13
 216.5	13
 217.5	12
 218.5	9.5
 219.5	20
 220.5	14
 221.5	17
 222.5	13
 223.5	12
 224.5	13
 225.5	14.5
 226.5	18.5
 227.5	11
 228.5	19.5
 229.5	15
DB 1 MOTIF	52-GCGCMKGCGC	STREME-52
-230.0	20.25
-229.0	17.5
-228.0	13.5
-227.0	15.5
-226.0	18
-225.0	14.8333
-224.0	14.75
-223.0	14
-222.0	9
-221.0	13.75
-220.0	12.5
-219.0	13.3333
-218.0	16.5
-217.0	10.8333
-216.0	13.5
-215.0	17
-214.0	13.6667
-213.0	10.5
-212.0	13.9167
-211.0	14.6667
-210.0	14.3333
-209.0	14.5
-208.0	13.8333
-207.0	16
-206.0	12.7833
-205.0	17
-204.0	8
-203.0	13.8333
-202.0	16.75
-201.0	14.5
-200.0	4.75
-199.0	13.3333
-198.0	17.5
-197.0	15.8333
-196.0	9.16667
-195.0	12.3333
-194.0	15.5
-193.0	12
-192.0	10.3333
-191.0	13.5
-190.0	10.3333
-189.0	17.8333
-188.0	15
-187.0	12
-186.0	16.5
-185.0	21
-184.0	19.25
-183.0	14.0833
-182.0	16.5
-181.0	13.3333
-180.0	8
-179.0	13.1667
-178.0	9.75
-177.0	6
-176.0	16
-175.0	16
-174.0	10.8333
-173.0	15.2
-172.0	15.5
-171.0	11.5
-170.0	17
-169.0	13.5
-168.0	8.5
-167.0	12.5
-166.0	14.5
-165.0	17
-164.0	6.5
-163.0	9.83333
-162.0	11
-161.0	13.25
-160.0	13.5
-159.0	16.75
-158.0	17.5
-157.0	11.75
-156.0	19
-155.0	13.8333
-154.0	11.5
-153.0	20.75
-152.0	20.2
-151.0	12
-150.0	10
-149.0	8.5
-148.0	19
-147.0	10.8333
-146.0	9
-145.0	13
-144.0	11.8333
-143.0	17.5
-142.0	11.6667
-141.0	15.5833
-140.0	14
-139.0	22
-138.0	16
-137.0	14.5
-136.0	16.8333
-135.0	14.75
-134.0	14
-133.0	8.58333
-132.0	12.3333
-131.0	18
-130.0	16.3333
-129.0	14.5
-128.0	11.5
-127.0	13.0833
-126.0	16
-125.0	14
-124.0	13.5833
-123.0	19
-122.0	21.5
-121.0	14.5
-120.0	14.7
-119.0	13
-118.0	13.3333
-117.0	13
-116.0	10.8333
-115.0	13
-114.0	12.3333
-113.0	10
-112.0	21
-111.0	17.8333
-110.0	8.5
-109.0	21
-108.0	27.5833
-107.0	14.75
-106.0	13.8333
-105.0	17
-104.0	23.5
-103.0	10.8333
-102.0	11.3333
-101.0	15
-100.0	20.5
 -99.0	12.0333
 -98.0	16.5
 -97.0	11.5
 -96.0	19.8333
 -95.0	15.5
 -94.0	20
 -93.0	17.5
 -92.0	13.6667
 -91.0	18
 -90.0	17.0833
 -89.0	26.5
 -88.0	14.5
 -87.0	14.8333
 -86.0	13
 -85.0	12
 -84.0	18.5
 -83.0	12.5
 -82.0	17.8333
 -81.0	19.5
 -80.0	21.5
 -79.0	18.3333
 -78.0	15.3333
 -77.0	24.1667
 -76.0	17
 -75.0	7
 -74.0	14.3333
 -73.0	18.8333
 -72.0	23
 -71.0	23.6667
 -70.0	16
 -69.0	19.3333
 -68.0	17.3333
 -67.0	26.75
 -66.0	21.3333
 -65.0	10
 -64.0	25.3333
 -63.0	23
 -62.0	24.5
 -61.0	22.3333
 -60.0	19
 -59.0	8.75
 -58.0	25.5
 -57.0	19.5
 -56.0	25.3333
 -55.0	14
 -54.0	16.1667
 -53.0	20
 -52.0	17.1667
 -51.0	23.3333
 -50.0	21
 -49.0	15
 -48.0	19.6667
 -47.0	13.3333
 -46.0	18.0833
 -45.0	29.5
 -44.0	22.1667
 -43.0	22
 -42.0	14.5
 -41.0	20.5
 -40.0	30.8333
 -39.0	21.3333
 -38.0	20.6667
 -37.0	21.5
 -36.0	20
 -35.0	22.5
 -34.0	23
 -33.0	19.8333
 -32.0	22.1667
 -31.0	20
 -30.0	27.8333
 -29.0	19.75
 -28.0	14.8333
 -27.0	15.5
 -26.0	17.8333
 -25.0	23.8333
 -24.0	30.1667
 -23.0	26.75
 -22.0	21.3333
 -21.0	20
 -20.0	14.5
 -19.0	29.3333
 -18.0	20
 -17.0	26.25
 -16.0	16.8333
 -15.0	30
 -14.0	19.1667
 -13.0	25.8333
 -12.0	27.3333
 -11.0	27.25
 -10.0	19.9167
  -9.0	18.3333
  -8.0	27.3333
  -7.0	24.5
  -6.0	24
  -5.0	29.75
  -4.0	25.5
  -3.0	34.8333
  -2.0	24.5
  -1.0	18
   0.0	24.5
   1.0	18.5
   2.0	15.8333
   3.0	19.6667
   4.0	30.5
   5.0	20
   6.0	18.5
   7.0	23
   8.0	21.5
   9.0	24
  10.0	17
  11.0	28.5833
  12.0	29.3333
  13.0	20.8333
  14.0	22
  15.0	20.5
  16.0	25.3333
  17.0	22.8333
  18.0	23.8333
  19.0	24
  20.0	24.3333
  21.0	16
  22.0	21
  23.0	24.5
  24.0	28.0833
  25.0	23.3333
  26.0	18.0833
  27.0	19.3333
  28.0	21
  29.0	28.8333
  30.0	22.3333
  31.0	22.5
  32.0	22
  33.0	17.5
  34.0	23.5
  35.0	24.5833
  36.0	32.3333
  37.0	15.8333
  38.0	17.5
  39.0	24.8333
  40.0	21.3333
  41.0	16.3333
  42.0	22.5
  43.0	20.8333
  44.0	28
  45.0	19.5
  46.0	24.6667
  47.0	15.5
  48.0	24.5833
  49.0	22.5
  50.0	26.9167
  51.0	22.8333
  52.0	25.3333
  53.0	26.9167
  54.0	14.6667
  55.0	26.6667
  56.0	17.0833
  57.0	18.3333
  58.0	20.8333
  59.0	17
  60.0	14.3333
  61.0	11.8333
  62.0	19.3333
  63.0	22.5
  64.0	22.3333
  65.0	15.4167
  66.0	13.3333
  67.0	19.25
  68.0	22.3333
  69.0	23.6667
  70.0	16.5
  71.0	11.5
  72.0	22
  73.0	25.25
  74.0	24.8333
  75.0	14.5
  76.0	24.5
  77.0	22.1667
  78.0	15.5
  79.0	17
  80.0	17.5
  81.0	20.25
  82.0	15.5
  83.0	16.9167
  84.0	30
  85.0	12.5833
  86.0	11
  87.0	13.5833
  88.0	21.5
  89.0	14
  90.0	14.5
  91.0	12.5
  92.0	12.3333
  93.0	11.5
  94.0	15.75
  95.0	15.8333
  96.0	17
  97.0	13.5
  98.0	19.5
  99.0	12
 100.0	11.1667
 101.0	19
 102.0	20.0833
 103.0	20.5
 104.0	14.8333
 105.0	16.1667
 106.0	15.8333
 107.0	14.3333
 108.0	24.8333
 109.0	14.3333
 110.0	8.5
 111.0	18.3333
 112.0	18
 113.0	10.5
 114.0	14.5
 115.0	10
 116.0	8.5
 117.0	8
 118.0	14.8333
 119.0	10
 120.0	16
 121.0	20
 122.0	18
 123.0	14
 124.0	20.0833
 125.0	9.66667
 126.0	13.5
 127.0	9.5
 128.0	16.5
 129.0	12
 130.0	17.3333
 131.0	14.3333
 132.0	12
 133.0	16.5833
 134.0	14
 135.0	10
 136.0	13.75
 137.0	19
 138.0	14.5
 139.0	17
 140.0	11.5
 141.0	13
 142.0	19.25
 143.0	11
 144.0	11
 145.0	12.1667
 146.0	20.8333
 147.0	8.33333
 148.0	19.3333
 149.0	12.1667
 150.0	16.5
 151.0	14.5
 152.0	13.8333
 153.0	6.5
 154.0	12.3333
 155.0	10.5
 156.0	19.5
 157.0	6
 158.0	13.3333
 159.0	12.3333
 160.0	17.5
 161.0	15
 162.0	8.5
 163.0	14.5
 164.0	13.5
 165.0	13
 166.0	4.5
 167.0	12
 168.0	11.5
 169.0	11.5
 170.0	12.5
 171.0	13
 172.0	8
 173.0	9
 174.0	13
 175.0	12.8333
 176.0	12.8333
 177.0	10.3333
 178.0	13
 179.0	9
 180.0	14.5
 181.0	14
 182.0	13
 183.0	7.5
 184.0	10.5
 185.0	15
 186.0	12.5
 187.0	10.5
 188.0	9.5
 189.0	6.5
 190.0	7.5
 191.0	13.5
 192.0	11.5
 193.0	10
 194.0	17.5
 195.0	18.5833
 196.0	9.33333
 197.0	16.5
 198.0	13
 199.0	9
 200.0	10.6667
 201.0	14
 202.0	16.3333
 203.0	17.5
 204.0	12
 205.0	11
 206.0	8
 207.0	12
 208.0	9.33333
 209.0	10.5
 210.0	13
 211.0	9.83333
 212.0	13
 213.0	15
 214.0	11.5
 215.0	9
 216.0	11.8333
 217.0	13
 218.0	10.75
 219.0	10.5
 220.0	5.08333
 221.0	13
 222.0	15.5
 223.0	9.5
 224.0	9
 225.0	8
 226.0	8.33333
 227.0	10.5
 228.0	9.75
 229.0	9.5
 230.0	10.5
DB 1 MOTIF	54-AGCCCGGG	STREME-54
-231.0	19.7
-230.0	23.4167
-229.0	24.2
-228.0	23.75
-227.0	23.7333
-226.0	24.9167
-225.0	18.1167
-224.0	20.2
-223.0	29.9167
-222.0	23.7
-221.0	21.3667
-220.0	32.5333
-219.0	28.25
-218.0	23.25
-217.0	23.5
-216.0	18.6667
-215.0	24.0833
-214.0	19.2833
-213.0	21.25
-212.0	25.8167
-211.0	20.4167
-210.0	21.1667
-209.0	24.9167
-208.0	27.3333
-207.0	26.3667
-206.0	20.9167
-205.0	19.5833
-204.0	19.3667
-203.0	25.25
-202.0	18.2
-201.0	25.9167
-200.0	24.1667
-199.0	20.5333
-198.0	22.1167
-197.0	14.25
-196.0	18.8333
-195.0	23.6667
-194.0	28.9167
-193.0	15.0333
-192.0	16.2
-191.0	27.3333
-190.0	25.5833
-189.0	28.0833
-188.0	26.25
-187.0	26.5833
-186.0	21.5
-185.0	18.2
-184.0	25
-183.0	24.25
-182.0	24.45
-181.0	20.3333
-180.0	20.2833
-179.0	19.9167
-178.0	19.75
-177.0	15.6667
-176.0	17.3667
-175.0	22.8333
-174.0	21.1667
-173.0	24.5
-172.0	25.25
-171.0	24.65
-170.0	24.4167
-169.0	13.8333
-168.0	19
-167.0	24.3667
-166.0	26.5833
-165.0	20.5
-164.0	30
-163.0	20.45
-162.0	23.25
-161.0	17.75
-160.0	20.4
-159.0	23.4167
-158.0	12.4
-157.0	23.75
-156.0	27.4167
-155.0	18.6667
-154.0	24.9167
-153.0	23.0833
-152.0	24.3929
-151.0	23.15
-150.0	19.3667
-149.0	24.1742
-148.0	24.1667
-147.0	30.1242
-146.0	22.4167
-145.0	33.75
-144.0	18.1667
-143.0	21.4
-142.0	24.4167
-141.0	17.5833
-140.0	21
-139.0	30.95
-138.0	22.5833
-137.0	21.0333
-136.0	22.9167
-135.0	18.9167
-134.0	25
-133.0	21.5833
-132.0	20.2833
-131.0	19.3333
-130.0	15.4167
-129.0	16.1167
-128.0	26.1667
-127.0	28.2833
-126.0	17.9167
-125.0	22
-124.0	19.0333
-123.0	26.25
-122.0	21.6667
-121.0	30.5
-120.0	20.95
-119.0	21.75
-118.0	20.2333
-117.0	19.6667
-116.0	16.3667
-115.0	24.9167
-114.0	33.5333
-113.0	14.9242
-112.0	23.4167
-111.0	20.0076
-110.0	22.45
-109.0	25.3667
-108.0	23.6167
-107.0	25.7833
-106.0	24.5
-105.0	19.6667
-104.0	18.1667
-103.0	29.3333
-102.0	25.8333
-101.0	17.25
-100.0	22.3333
 -99.0	25.6667
 -98.0	20.0833
 -97.0	24.4167
 -96.0	26.3929
 -95.0	21.25
 -94.0	20.2262
 -93.0	30
 -92.0	28.5
 -91.0	27.1667
 -90.0	13.8667
 -89.0	27.5
 -88.0	23.3667
 -87.0	23.1667
 -86.0	21.1667
 -85.0	29.25
 -84.0	23.3333
 -83.0	28
 -82.0	23.1667
 -81.0	22.1667
 -80.0	19.8333
 -79.0	24.75
 -78.0	26.1667
 -77.0	19.5409
 -76.0	32.6167
 -75.0	23.8742
 -74.0	24.7
 -73.0	35.1167
 -72.0	20.2833
 -71.0	30.6667
 -70.0	31.8333
 -69.0	27.0333
 -68.0	25.7833
 -67.0	17.3333
 -66.0	22.8333
 -65.0	20.5833
 -64.0	20.25
 -63.0	22.2
 -62.0	28.6667
 -61.0	25.8667
 -60.0	22.8667
 -59.0	26.0333
 -58.0	20.4167
 -57.0	32.8333
 -56.0	26.3333
 -55.0	20.1667
 -54.0	29
 -53.0	20.8667
 -52.0	25.5833
 -51.0	27.45
 -50.0	22.5833
 -49.0	22.8333
 -48.0	29.0833
 -47.0	26.1667
 -46.0	21.6667
 -45.0	23
 -44.0	27.1667
 -43.0	26.6667
 -42.0	18
 -41.0	26.0909
 -40.0	17.5833
 -39.0	21.9242
 -38.0	31.5667
 -37.0	25.1667
 -36.0	27.1667
 -35.0	19.9167
 -34.0	29.3333
 -33.0	29.75
 -32.0	30.8667
 -31.0	21.5
 -30.0	18.2
 -29.0	21.5333
 -28.0	23.7
 -27.0	34.9167
 -26.0	24.0833
 -25.0	27.9167
 -24.0	29.0833
 -23.0	26.1667
 -22.0	28
 -21.0	30.0333
 -20.0	32.6667
 -19.0	26.45
 -18.0	30
 -17.0	28.25
 -16.0	24
 -15.0	29.25
 -14.0	25
 -13.0	22.0667
 -12.0	18.5667
 -11.0	33.6667
 -10.0	16.4
  -9.0	28
  -8.0	29
  -7.0	20
  -6.0	31.45
  -5.0	27.2576
  -4.0	25.1667
  -3.0	23.7576
  -2.0	29.3333
  -1.0	23.9167
   0.0	23.4833
   1.0	30.1667
   2.0	29.4833
   3.0	33.75
   4.0	20.95
   5.0	23.6667
   6.0	30.5
   7.0	29.25
   8.0	34.85
   9.0	23
  10.0	24.2
  11.0	28.5
  12.0	25.6167
  13.0	19.3667
  14.0	29
  15.0	19.6167
  16.0	20.0833
  17.0	29.45
  18.0	29.45
  19.0	37.5
  20.0	31.0833
  21.0	31
  22.0	27.75
  23.0	27
  24.0	28.4333
  25.0	19.5333
  26.0	27.3667
  27.0	19.0833
  28.0	31
  29.0	20.3333
  30.0	34.1667
  31.0	27.5333
  32.0	33.7
  33.0	23.7833
  34.0	37.0833
  35.0	31.9167
  36.0	23.75
  37.0	21.25
  38.0	25
  39.0	25.8333
  40.0	23.0833
  41.0	26.25
  42.0	24.25
  43.0	31.5833
  44.0	21.7833
  45.0	21.1167
  46.0	21.2333
  47.0	25.7
  48.0	25.95
  49.0	37.1167
  50.0	24.6
  51.0	25.0667
  52.0	27.0429
  53.0	24.3333
  54.0	33.5833
  55.0	20.4167
  56.0	20.7333
  57.0	23.9167
  58.0	27.2833
  59.0	27.5333
  60.0	25.1667
  61.0	26.4167
  62.0	29.8333
  63.0	28.8333
  64.0	30.9167
  65.0	21.0333
  66.0	28.25
  67.0	21.25
  68.0	18.5333
  69.0	28.1667
  70.0	22.3333
  71.0	16.5333
  72.0	24.3167
  73.0	26.9167
  74.0	19.0833
  75.0	22.9833
  76.0	21.5833
  77.0	29.0333
  78.0	30.2833
  79.0	32.8667
  80.0	22.8333
  81.0	25.5333
  82.0	26.45
  83.0	23.5
  84.0	23.4167
  85.0	25.4167
  86.0	24.75
  87.0	17.9167
  88.0	23.25
  89.0	21.0333
  90.0	24.7833
  91.0	30.25
  92.0	36.1167
  93.0	23.8667
  94.0	25.1667
  95.0	21.6167
  96.0	22.75
  97.0	21.95
  98.0	29.1667
  99.0	32.4167
 100.0	21.5833
 101.0	18.2833
 102.0	21.0667
 103.0	23.3333
 104.0	18.8667
 105.0	25.95
 106.0	15.2833
 107.0	23.0833
 108.0	19.5833
 109.0	23.1667
 110.0	20.0333
 111.0	23.9167
 112.0	23.45
 113.0	21
 114.0	25.6833
 115.0	16.25
 116.0	23.1833
 117.0	19.25
 118.0	24.75
 119.0	21.5
 120.0	21.2
 121.0	20.9167
 122.0	28.5
 123.0	23.5833
 124.0	30.5833
 125.0	16.1667
 126.0	29.2
 127.0	19.0833
 128.0	20.2
 129.0	18.8333
 130.0	22.5833
 131.0	25.2833
 132.0	21.2
 133.0	15.95
 134.0	19.4167
 135.0	27.6667
 136.0	13.9333
 137.0	22.1667
 138.0	26.5909
 139.0	25.2667
 140.0	21.3929
 141.0	23.5667
 142.0	18.9762
 143.0	24.6667
 144.0	22.6667
 145.0	18.4
 146.0	21.4167
 147.0	24.5
 148.0	24.0833
 149.0	23.6667
 150.0	23.3667
 151.0	20.75
 152.0	24.6667
 153.0	27.5333
 154.0	20.7
 155.0	23.45
 156.0	22.5333
 157.0	26.5833
 158.0	20.1
 159.0	19.6667
 160.0	13.5833
 161.0	25.3667
 162.0	21.9167
 163.0	21.75
 164.0	20.7833
 165.0	23.2
 166.0	18.5333
 167.0	13.7
 168.0	26
 169.0	23.1667
 170.0	24.9167
 171.0	31.25
 172.0	25.2
 173.0	18
 174.0	19
 175.0	14.5333
 176.0	26.6167
 177.0	21.1667
 178.0	24.4167
 179.0	25.9167
 180.0	27.8333
 181.0	11.8333
 182.0	18.75
 183.0	20.25
 184.0	23.0833
 185.0	24.3333
 186.0	18.6167
 187.0	20.4167
 188.0	19.1167
 189.0	20.75
 190.0	27.1762
 191.0	21.9167
 192.0	22.5667
 193.0	16.4167
 194.0	24.25
 195.0	24.45
 196.0	17.7833
 197.0	23
 198.0	18.1667
 199.0	32.6667
 200.0	27.5
 201.0	27.4167
 202.0	16.6667
 203.0	21
 204.0	30.3333
 205.0	20.6667
 206.0	21.4167
 207.0	19.8667
 208.0	21.5333
 209.0	21.2833
 210.0	28.5833
 211.0	24.8333
 212.0	20.6667
 213.0	28.3333
 214.0	20.0833
 215.0	24.6167
 216.0	22.9167
 217.0	18.2833
 218.0	30.1
 219.0	18.75
 220.0	26.9
 221.0	20.7
 222.0	19.7833
 223.0	18.3333
 224.0	31.6667
 225.0	21.5667
 226.0	26.8333
 227.0	27.1167
 228.0	17.0333
 229.0	20.3333
 230.0	27
 231.0	24.5833
DB 1 MOTIF	55-CGCCRCCRHC	STREME-55
-230.0	5.83333
-229.0	4.83333
-228.0	2.91667
-227.0	12.75
-226.0	7.41667
-225.0	7.41667
-224.0	8
-223.0	2.91667
-222.0	4.41667
-221.0	6.25
-220.0	9.6131
-219.0	6.08333
-218.0	2.08333
-217.0	8.57143
-216.0	2.41667
-215.0	3.83333
-214.0	8.82143
-213.0	5.55952
-212.0	5.41667
-211.0	9.57143
-210.0	4.22619
-209.0	6.25
-208.0	6.57143
-207.0	3.30952
-206.0	7.04167
-205.0	6.75
-204.0	6.30952
-203.0	5.91667
-202.0	7.25
-201.0	8.05952
-200.0	4.45833
-199.0	3
-198.0	6.55952
-197.0	2.58333
-196.0	12
-195.0	4.30952
-194.0	7.375
-193.0	3.5
-192.0	6.25
-191.0	5.875
-190.0	6.33333
-189.0	8
-188.0	5.875
-187.0	4.33333
-186.0	6.625
-185.0	2.70833
-184.0	2.83333
-183.0	4.625
-182.0	6.45833
-181.0	5.16667
-180.0	1.5
-179.0	10.625
-178.0	5.83333
-177.0	8
-176.0	5.29167
-175.0	5
-174.0	6
-173.0	7.25
-172.0	5
-171.0	6.16667
-170.0	4.5
-169.0	5.21591
-168.0	6
-167.0	3.2
-166.0	2.19091
-165.0	4.5
-164.0	3.45
-163.0	5.27424
-162.0	2.16667
-161.0	5.78333
-160.0	1.77424
-159.0	3.16667
-158.0	4.03333
-157.0	5.71234
-156.0	10.75
-155.0	6.28333
-154.0	11.079
-153.0	5.92424
-152.0	5.875
-151.0	8.41234
-150.0	7.42424
-149.0	6.33333
-148.0	6.24567
-147.0	9.0171
-146.0	4.25
-145.0	1.99567
-144.0	7.7671
-143.0	8.36111
-142.0	8.79567
-141.0	8.2671
-140.0	6.11111
-139.0	5.09567
-138.0	5.43377
-137.0	7.61111
-136.0	8.80833
-135.0	6.05877
-134.0	10.1111
-133.0	4.80833
-132.0	5.0671
-131.0	5.77778
-130.0	3.475
-129.0	4.73377
-128.0	4.61111
-127.0	5.975
-126.0	2.34091
-125.0	6.76667
-124.0	9.725
-123.0	7.17424
-122.0	5.41667
-121.0	9.475
-120.0	4.91667
-119.0	6
-118.0	3.76667
-117.0	7.66667
-116.0	3.94444
-115.0	9.80833
-114.0	2.91667
-113.0	6.44444
-112.0	6.51667
-111.0	3.91667
-110.0	6.96111
-109.0	10.6667
-108.0	8.16667
-107.0	8.05
-106.0	4.16667
-105.0	6.66667
-104.0	6.38333
-103.0	8.41667
-102.0	7.66667
-101.0	12.2583
-100.0	5.25
 -99.0	8.54167
 -98.0	6.96667
 -97.0	8.75
 -96.0	5.375
 -95.0	13.3
 -94.0	6.375
 -93.0	8.70833
 -92.0	8.1
 -91.0	4.04167
 -90.0	4.575
 -89.0	7.6
 -88.0	5.54167
 -87.0	6.99167
 -86.0	6
 -85.0	10.875
 -84.0	3.99167
 -83.0	5.75
 -82.0	2.45833
 -81.0	4.825
 -80.0	5
 -79.0	4.20833
 -78.0	7.7
 -77.0	3.83333
 -76.0	7.04167
 -75.0	7.33333
 -74.0	9.33333
 -73.0	9.79167
 -72.0	8.66667
 -71.0	8.83333
 -70.0	6.08333
 -69.0	7.33333
 -68.0	7.25
 -67.0	2.45
 -66.0	10.5
 -65.0	4.58333
 -64.0	2.95
 -63.0	9
 -62.0	7.08333
 -61.0	6.45
 -60.0	6.83333
 -59.0	6.33333
 -58.0	8.65
 -57.0	6.08333
 -56.0	5.83333
 -55.0	4.25
 -54.0	10.5
 -53.0	12.5
 -52.0	11.7
 -51.0	5.79167
 -50.0	7.58333
 -49.0	5.83333
 -48.0	6.375
 -47.0	5.41667
 -46.0	4.2
 -45.0	4.95833
 -44.0	7.05952
 -43.0	6
 -42.0	6.04167
 -41.0	4.72619
 -40.0	7.2
 -39.0	5.125
 -38.0	7.14286
 -37.0	6.5
 -36.0	14.8333
 -35.0	7.64286
 -34.0	4.95
 -33.0	7.33333
 -32.0	6.14286
 -31.0	11.5
 -30.0	9
 -29.0	0.642857
 -28.0	4.5
 -27.0	14
 -26.0	4.58333
 -25.0	5.5
 -24.0	8
 -23.0	4.03333
 -22.0	7.5
 -21.0	7.25
 -20.0	4.03333
 -19.0	6.75
 -18.0	10.25
 -17.0	4.7
 -16.0	6.70833
 -15.0	3
 -14.0	9.2
 -13.0	8.58333
 -12.0	10.3333
 -11.0	8.2
 -10.0	11.3333
  -9.0	6.53333
  -8.0	5.83333
  -7.0	3.90476
  -6.0	6.53333
  -5.0	7.83333
  -4.0	7.40476
  -3.0	4.7
  -2.0	4.33333
  -1.0	7.5
   0.0	13.2
   1.0	10.3333
   2.0	6
   3.0	4.45
   4.0	10.5333
   5.0	8.5
   6.0	5.75
   7.0	6.2
   8.0	6.83333
   9.0	12.75
  10.0	7.2
  11.0	8.5
  12.0	4.08333
  13.0	1.2
  14.0	8
  15.0	7.58333
  16.0	2.81111
  17.0	5.75
  18.0	3.45
  19.0	7.69444
  20.0	9.39286
  21.0	10.45
  22.0	8.11111
  23.0	3.39286
  24.0	9.95
  25.0	3.61111
  26.0	12.3929
  27.0	6.86667
  28.0	9.11111
  29.0	8.47619
  30.0	11.7
  31.0	8.86111
  32.0	5.64286
  33.0	2.16667
  34.0	6.11111
  35.0	7.47619
  36.0	5.66667
  37.0	9.77778
  38.0	10
  39.0	6.66667
  40.0	8.11111
  41.0	6.36667
  42.0	8.16667
  43.0	5.5
  44.0	7.7
  45.0	5.83333
  46.0	10.5
  47.0	3.325
  48.0	5.83333
  49.0	11
  50.0	5.15833
  51.0	5.92424
  52.0	4.2
  53.0	6.70833
  54.0	7.67424
  55.0	8.9
  56.0	6.1
  57.0	7.50758
  58.0	6.9
  59.0	5.30833
  60.0	5.00758
  61.0	6.15
  62.0	10.725
  63.0	6.75758
  64.0	2.6
  65.0	8.475
  66.0	8.25758
  67.0	8.7
  68.0	5.80833
  69.0	4.75758
  70.0	5.83333
  71.0	5.6
  72.0	9.25758
  73.0	4.66667
  74.0	13.85
  75.0	14.8409
  76.0	5.5
  77.0	9.6
  78.0	7.50758
  79.0	5.58333
  80.0	8.35
  81.0	9.09091
  82.0	5.91667
  83.0	8.26667
  84.0	6.5
  85.0	7.91667
  86.0	5.08333
  87.0	5.44444
  88.0	8.33333
  89.0	9.5
  90.0	5.43333
  91.0	8
  92.0	4.5
  93.0	3.76667
  94.0	7.1
  95.0	6
  96.0	7.43333
  97.0	5.3
  98.0	3.66667
  99.0	8.1
 100.0	8.43333
 101.0	4.83333
 102.0	6.87778
 103.0	3.93333
 104.0	2.54167
 105.0	10.5444
 106.0	4.6
 107.0	3.75
 108.0	6.82778
 109.0	10.7429
 110.0	6.75
 111.0	6.82778
 112.0	4.85
 113.0	5.25
 114.0	10.3278
 115.0	3.85
 116.0	6.33333
 117.0	5.82778
 118.0	4.68333
 119.0	2.25
 120.0	11.4111
 121.0	1.85
 122.0	6
 123.0	4.69444
 124.0	8
 125.0	9.95833
 126.0	10.3333
 127.0	3.83333
 128.0	3.40833
 129.0	9.83333
 130.0	5.2381
 131.0	7.11667
 132.0	7.86667
 133.0	1.90476
 134.0	2.36667
 135.0	8.13333
 136.0	7.32143
 137.0	6.11667
 138.0	5.53333
 139.0	6.07143
 140.0	8.83333
 141.0	6
 142.0	6.07143
 143.0	4.83333
 144.0	5
 145.0	5.57143
 146.0	3.58333
 147.0	4
 148.0	4.82143
 149.0	3.33333
 150.0	5
 151.0	5.32143
 152.0	5.33333
 153.0	6.33333
 154.0	3.65476
 155.0	7.66667
 156.0	8.33333
 157.0	5.79762
 158.0	1.78333
 159.0	5.23333
 160.0	3.38095
 161.0	3.45
 162.0	3.7
 163.0	4.21429
 164.0	7.45
 165.0	4.2
 166.0	6.21429
 167.0	5.575
 168.0	5.15833
 169.0	4.71429
 170.0	1.325
 171.0	6.74167
 172.0	4.64286
 173.0	5.36667
 174.0	7.66667
 175.0	2.64286
 176.0	9.36667
 177.0	4.83333
 178.0	6.2
 179.0	5.86667
 180.0	5.5
 181.0	7.2
 182.0	6.36667
 183.0	2
 184.0	3.7
 185.0	5.36667
 186.0	3.5
 187.0	5.65833
 188.0	4.91667
 189.0	3.7
 190.0	6.86667
 191.0	3.25
 192.0	2.95
 193.0	7.66667
 194.0	6.5
 195.0	7.98333
 196.0	4
 197.0	2
 198.0	5.23333
 199.0	4.33333
 200.0	6
 201.0	4.65
 202.0	3.83333
 203.0	7
 204.0	5.4
 205.0	7.16667
 206.0	5
 207.0	6.73333
 208.0	9.16667
 209.0	2.83333
 210.0	5.5
 211.0	2.53333
 212.0	5
 213.0	7.2
 214.0	1.53333
 215.0	2
 216.0	4.2
 217.0	8.7
 218.0	3.5
 219.0	7.41786
 220.0	2.7
 221.0	7.83333
 222.0	5.45
 223.0	8.11667
 224.0	3
 225.0	3.25
 226.0	6.91667
 227.0	5.83333
 228.0	7.25
 229.0	2.25
 230.0	5.83333
DB 1 MOTIF	59-ASGTCAC	STREME-59
-231.5	10.5
-230.5	17.5
-229.5	16.5
-228.5	18.5
-227.5	13
-226.5	21
-225.5	11.25
-224.5	6
-223.5	9.5
-222.5	12.5
-221.5	14
-220.5	13.25
-219.5	18.3333
-218.5	13.5
-217.5	11.25
-216.5	12.5
-215.5	15
-214.5	11
-213.5	13
-212.5	9
-211.5	17.5
-210.5	10.5
-209.5	16.5
-208.5	10.5
-207.5	18
-206.5	12.5
-205.5	15
-204.5	22
-203.5	12
-202.5	11.5
-201.5	11.5
-200.5	11
-199.5	9.33333
-198.5	14.8333
-197.5	6.33333
-196.5	9.25
-195.5	12.25
-194.5	18.3333
-193.5	12.5
-192.5	10.25
-191.5	5
-190.5	15
-189.5	13
-188.5	9
-187.5	12
-186.5	18.3333
-185.5	19
-184.5	8.5
-183.5	14
-182.5	17
-181.5	21.5
-180.5	17.5
-179.5	11
-178.5	16.5
-177.5	21
-176.5	13.5
-175.5	11.25
-174.5	12
-173.5	15.3333
-172.5	10
-171.5	10.5
-170.5	16.5
-169.5	11
-168.5	10.5
-167.5	11.3333
-166.5	6
-165.5	17.8333
-164.5	17.5
-163.5	18.3333
-162.5	13.5
-161.5	10.5
-160.5	10.5
-159.5	17
-158.5	9
-157.5	14.5
-156.5	12.5
-155.5	12
-154.5	18.5
-153.5	14
-152.5	14
-151.5	11.5
-150.5	7
-149.5	11.5
-148.5	12.5
-147.5	10
-146.5	20.5
-145.5	7.5
-144.5	12.5
-143.5	13
-142.5	15.5
-141.5	7
-140.5	17.5
-139.5	9
-138.5	7
-137.5	15
-136.5	12.5
-135.5	4.5
-134.5	18
-133.5	10
-132.5	10.5
-131.5	10
-130.5	11
-129.5	8
-128.5	10
-127.5	14.3333
-126.5	10.5
-125.5	6.25
-124.5	13.5
-123.5	17.5
-122.5	16.75
-121.5	14.3333
-120.5	21
-119.5	10.5
-118.5	13.3333
-117.5	16.5
-116.5	12.5
-115.5	17
-114.5	10.5
-113.5	11.75
-112.5	6
-111.5	12
-110.5	15.5
-109.5	14
-108.5	13.8333
-107.5	15.25
-106.5	18.5
-105.5	15
-104.5	18.75
-103.5	17.5
-102.5	13
-101.5	9.5
-100.5	16
 -99.5	16.5
 -98.5	15
 -97.5	13
 -96.5	18.5
 -95.5	12
 -94.5	12.3333
 -93.5	18
 -92.5	13.5
 -91.5	16
 -90.5	9
 -89.5	11.5
 -88.5	9.5
 -87.5	10.5
 -86.5	15.1667
 -85.5	21.5
 -84.5	16.5
 -83.5	11.1667
 -82.5	12
 -81.5	14
 -80.5	12.3333
 -79.5	15.5
 -78.5	17
 -77.5	14
 -76.5	14
 -75.5	14.5
 -74.5	23.5
 -73.5	15.3333
 -72.5	19
 -71.5	12
 -70.5	15
 -69.5	22
 -68.5	10.5
 -67.5	13
 -66.5	16.5
 -65.5	18
 -64.5	16.5
 -63.5	15.8333
 -62.5	12
 -61.5	8.5
 -60.5	17.3333
 -59.5	6.83333
 -58.5	12.5833
 -57.5	15.3333
 -56.5	9.33333
 -55.5	9.58333
 -54.5	10.5
 -53.5	13
 -52.5	20.5
 -51.5	10.3333
 -50.5	13.1667
 -49.5	13
 -48.5	19.3333
 -47.5	12.1667
 -46.5	15
 -45.5	14.8333
 -44.5	18.8333
 -43.5	14
 -42.5	18.5
 -41.5	17.8333
 -40.5	11
 -39.5	14.8333
 -38.5	9.5
 -37.5	14
 -36.5	20.5
 -35.5	16.5
 -34.5	18
 -33.5	20
 -32.5	20
 -31.5	7
 -30.5	14
 -29.5	16
 -28.5	18
 -27.5	13
 -26.5	17.8333
 -25.5	18.6667
 -24.5	22
 -23.5	19.5
 -22.5	14.6667
 -21.5	17.8333
 -20.5	15.5
 -19.5	14.3333
 -18.5	17.8333
 -17.5	14.5
 -16.5	7.83333
 -15.5	24
 -14.5	13
 -13.5	14
 -12.5	14.5
 -11.5	19.75
 -10.5	16
  -9.5	16.3333
  -8.5	11
  -7.5	14.3333
  -6.5	18.5
  -5.5	18.5
  -4.5	16.5
  -3.5	13
  -2.5	19.5
  -1.5	11
  -0.5	13.5
   0.5	17
   1.5	17
   2.5	12
   3.5	11.3333
   4.5	13.3333
   5.5	13.5
   6.5	18.3333
   7.5	9.33333
   8.5	17
   9.5	15.5
  10.5	21.0833
  11.5	14
  12.5	13.5
  13.5	17.3333
  14.5	19
  15.5	10.5
  16.5	17
  17.5	14
  18.5	17.5
  19.5	13
  20.5	15.5
  21.5	19
  22.5	12.25
  23.5	25
  24.5	15.5
  25.5	15.75
  26.5	12.3333
  27.5	10
  28.5	11
  29.5	20.8333
  30.5	13
  31.5	24
  32.5	15.6667
  33.5	16.5
  34.5	18.5
  35.5	13.6667
  36.5	19
  37.5	19.3333
  38.5	14
  39.5	20.3333
  40.5	14
  41.5	19.1667
  42.5	13.8333
  43.5	17.8333
  44.5	21.5
  45.5	7
  46.5	17
  47.5	16.5
  48.5	15.5
  49.5	15.8333
  50.5	11
  51.5	10
  52.5	18
  53.5	17.5
  54.5	13.5
  55.5	21.5
  56.5	13.5
  57.5	8
  58.5	11
  59.5	15.5
  60.5	13
  61.5	14
  62.5	18.5
  63.5	11
  64.5	20.3333
  65.5	11
  66.5	13.5
  67.5	13.75
  68.5	11
  69.5	13.5
  70.5	12.0833
  71.5	23.5
  72.5	12.5
  73.5	19.5
  74.5	12.5
  75.5	9.83333
  76.5	10.25
  77.5	17.8333
  78.5	10
  79.5	13.75
  80.5	19.3333
  81.5	19
  82.5	15.5
  83.5	17.5
  84.5	13.5
  85.5	11
  86.5	6.5
  87.5	13.3333
  88.5	10.5
  89.5	10
  90.5	10.5
  91.5	25
  92.5	12.8333
  93.5	17.8333
  94.5	12.25
  95.5	13
  96.5	10.3333
  97.5	5.25
  98.5	12.8333
  99.5	11.8333
 100.5	13.5
 101.5	11
 102.5	16
 103.5	17
 104.5	11.5
 105.5	14
 106.5	14
 107.5	21.3333
 108.5	16.5
 109.5	13
 110.5	14.3333
 111.5	11
 112.5	10
 113.5	9
 114.5	13
 115.5	14
 116.5	10.8333
 117.5	19.5
 118.5	10.1667
 119.5	13.5
 120.5	7.5
 121.5	13.3333
 122.5	10.5
 123.5	9.5
 124.5	6.5
 125.5	11
 126.5	6
 127.5	15.5
 128.5	11
 129.5	9.5
 130.5	7
 131.5	12.5
 132.5	16
 133.5	9.5
 134.5	9
 135.5	11.8333
 136.5	12
 137.5	17.5
 138.5	10
 139.5	9.5
 140.5	13.5
 141.5	5.83333
 142.5	8
 143.5	16
 144.5	15.8333
 145.5	11
 146.5	12
 147.5	10
 148.5	10
 149.5	15.5
 150.5	8
 151.5	14.5
 152.5	16.5
 153.5	13
 154.5	22.5
 155.5	16
 156.5	21
 157.5	10.5
 158.5	13
 159.5	20.8333
 160.5	13
 161.5	18
 162.5	16.5
 163.5	6.5
 164.5	7.83333
 165.5	15.5
 166.5	15.5
 167.5	12.5
 168.5	13.5
 169.5	16.5
 170.5	14
 171.5	16
 172.5	14.3333
 173.5	15
 174.5	11
 175.5	13.8333
 176.5	12.5
 177.5	9
 178.5	14.5
 179.5	11.5
 180.5	11
 181.5	7
 182.5	12.5
 183.5	14.5
 184.5	13.3333
 185.5	20
 186.5	8
 187.5	17.5
 188.5	19
 189.5	11.5
 190.5	9
 191.5	10.5
 192.5	16
 193.5	14
 194.5	8.5
 195.5	12.5
 196.5	14.8333
 197.5	17
 198.5	7.5
 199.5	13
 200.5	8.33333
 201.5	4.5
 202.5	15.5
 203.5	12.5
 204.5	18.5
 205.5	11.5
 206.5	13.5
 207.5	14
 208.5	17.5
 209.5	10
 210.5	17
 211.5	17.5
 212.5	9
 213.5	9
 214.5	16.5
 215.5	19.5
 216.5	10.5
 217.5	8.5
 218.5	17
 219.5	8.5
 220.5	10
 221.5	13
 222.5	14.5
 223.5	17
 224.5	9
 225.5	17
 226.5	11.5
 227.5	8
 228.5	17.8333
 229.5	14.5
 230.5	17.5
 231.5	15
DB 1 MOTIF	62-CGCCCGCCCGCCCG	STREME-62
-228.0	3
-227.0	11.5
-226.0	8
-225.0	7
-224.0	2
-223.0	5
-222.0	7
-221.0	2
-220.0	7
-219.0	9
-218.0	7
-217.0	5
-216.0	5
-215.0	2
-214.0	3.5
-213.0	5
-212.0	9
-211.0	5
-210.0	4
-209.0	6
-208.0	10
-207.0	7
-206.0	7.5
-205.0	5
-204.0	6
-203.0	7.5
-202.0	4
-201.0	12
-200.0	3
-199.0	1
-198.0	10
-197.0	7
-196.0	5
-195.0	5
-194.0	8
-193.0	9
-192.0	6
-191.0	9
-190.0	8
-189.0	6
-188.0	6
-187.0	6
-186.0	5
-185.0	5
-184.0	6
-183.0	5
-182.0	9
-181.0	6
-180.0	4
-179.0	4
-178.0	4
-177.0	8
-176.0	5
-175.0	6
-174.0	4
-173.0	2
-172.0	7
-171.0	7
-170.0	2
-169.0	5
-168.0	4
-167.0	6
-166.0	8
-165.0	4
-164.0	9
-163.0	8
-162.0	6
-161.0	7
-160.0	4
-159.0	4
-158.0	6
-157.0	6.5
-156.0	8
-155.0	11
-154.0	7
-153.0	8
-152.0	4.5
-151.0	2
-150.0	11
-149.0	6
-148.0	6.5
-147.0	5
-146.0	9
-145.0	3
-144.0	4
-143.0	3
-142.0	5
-141.0	7
-140.0	4
-139.0	9
-138.0	10
-137.0	3
-136.0	6
-135.0	3.5
-134.0	2
-133.0	6
-132.0	4
-131.0	10
-130.0	6
-129.0	7
-128.0	11
-127.0	8
-126.0	7
-125.0	4
-124.0	4
-123.0	5.5
-122.0	8
-121.0	9
-120.0	7
-119.0	3
-118.0	8
-117.0	7
-116.0	4
-115.0	2.5
-114.0	9
-113.0	7
-112.0	3
-111.0	3
-110.0	6
-109.0	6
-108.0	10
-107.0	4
-106.0	8
-105.0	16
-104.0	4
-103.0	8
-102.0	2
-101.0	5
-100.0	4
 -99.0	6
 -98.0	11
 -97.0	6
 -96.0	4
 -95.0	4
 -94.0	3
 -93.0	13
 -92.0	7
 -91.0	10
 -90.0	2
 -89.0	4
 -88.0	7
 -87.0	8.5
 -86.0	8
 -85.0	3
 -84.0	5
 -83.0	9
 -82.0	6
 -81.0	8
 -80.0	7
 -79.0	7
 -78.0	4
 -77.0	7
 -76.0	5
 -75.0	5
 -74.0	9
 -73.0	10
 -72.0	5
 -71.0	5.5
 -70.0	5
 -69.0	8
 -68.0	7
 -67.0	6.5
 -66.0	6
 -65.0	9
 -64.0	7
 -63.0	6
 -62.0	5
 -61.0	4
 -60.0	12
 -59.0	10
 -58.0	4.5
 -57.0	7
 -56.0	8
 -55.0	6
 -54.0	5
 -53.0	5
 -52.0	7
 -51.0	10
 -50.0	9
 -49.0	7
 -48.0	7
 -47.0	7
 -46.0	7
 -45.0	9
 -44.0	3
 -43.0	9
 -42.0	8
 -41.0	12
 -40.0	7
 -39.0	2
 -38.0	8
 -37.0	4
 -36.0	6
 -35.0	7
 -34.0	8
 -33.0	11
 -32.0	4.5
 -31.0	8
 -30.0	6
 -29.0	8
 -28.0	10
 -27.0	8
 -26.0	10
 -25.0	8
 -24.0	16
 -23.0	9
 -22.0	8
 -21.0	7
 -20.0	8
 -19.0	7
 -18.0	9
 -17.0	7
 -16.0	11
 -15.0	9
 -14.0	3
 -13.0	10
 -12.0	8
 -11.0	10
 -10.0	5
  -9.0	7.5
  -8.0	9
  -7.0	6
  -6.0	14
  -5.0	2.5
  -4.0	10
  -3.0	10
  -2.0	9
  -1.0	9
   0.0	8
   1.0	5
   2.0	9
   3.0	14
   4.0	11
   5.0	11
   6.0	9
   7.0	5
   8.0	12
   9.0	12
  10.0	7
  11.0	11
  12.0	8
  13.0	10
  14.0	4
  15.0	8
  16.0	15.5
  17.0	9
  18.0	11
  19.0	13
  20.0	9
  21.0	11
  22.0	10
  23.0	6
  24.0	8
  25.0	9
  26.0	11.5
  27.0	7
  28.0	6
  29.0	11
  30.0	8.5
  31.0	2
  32.0	12
  33.0	7
  34.0	9
  35.0	5
  36.0	9
  37.0	11.3333
  38.0	11
  39.0	9
  40.0	6
  41.0	8.33333
  42.0	8
  43.0	4
  44.0	6
  45.0	6.33333
  46.0	4
  47.0	6
  48.0	6
  49.0	9
  50.0	4
  51.0	11
  52.0	6
  53.0	8
  54.0	12
  55.0	5
  56.0	5
  57.0	6
  58.0	7
  59.0	7
  60.0	7
  61.0	8
  62.0	10
  63.0	6
  64.0	7
  65.0	9
  66.0	9
  67.0	5
  68.0	3
  69.0	8
  70.0	9
  71.0	5
  72.0	5.5
  73.0	3
  74.0	9
  75.0	3
  76.0	5
  77.0	5.5
  78.0	7
  79.0	8.5
  80.0	6
  81.0	9
  82.0	4
  83.0	8
  84.0	5.5
  85.0	9
  86.0	3.5
  87.0	7
  88.0	9
  89.0	7
  90.0	6
  91.0	3
  92.0	9
  93.0	3
  94.0	7
  95.0	10
  96.0	4
  97.0	7
  98.0	7
  99.0	4
 100.0	10
 101.0	6
 102.0	6
 103.0	7
 104.0	7
 105.0	6
 106.0	5.5
 107.0	10
 108.0	6
 109.0	6
 110.0	6
 111.0	8
 112.0	3
 113.0	2
 114.0	3.5
 115.0	6
 116.0	9
 117.0	6
 118.0	4.5
 119.0	6
 120.0	3
 121.0	5
 122.0	6
 123.0	3
 124.0	7
 125.0	4
 126.0	4
 127.0	5
 128.0	11
 129.0	8
 130.0	6
 131.0	8
 132.0	6.25
 133.0	8
 134.0	8
 135.0	4.5
 136.0	6.75
 137.0	4
 138.0	4
 139.0	6
 140.0	4.75
 141.0	4
 142.0	4
 143.0	1
 144.0	5.25
 145.0	4
 146.0	4
 147.0	10
 148.0	7
 149.0	3
 150.0	7.75
 151.0	4
 152.0	4
 153.0	5
 154.0	3.25
 155.0	5
 156.0	4
 157.0	9
 158.0	5.75
 159.0	8.5
 160.0	4
 161.0	7
 162.0	5.25
 163.0	8.5
 164.0	3
 165.0	7
 166.0	3
 167.0	7
 168.0	2
 169.0	6
 170.0	9
 171.0	7
 172.0	6
 173.0	9
 174.0	6
 175.0	3
 176.0	7
 177.0	6
 178.0	6.5
 179.0	3
 180.0	2
 181.0	4
 182.0	6.5
 183.0	7
 184.0	5
 185.0	2
 186.0	5
 187.0	5
 188.0	2
 189.0	4
 190.0	6
 191.0	3
 192.0	7
 193.0	3
 194.0	6
 195.0	4
 196.0	8
 197.0	7
 198.0	4
 199.0	5
 200.0	7
 201.0	8
 202.0	8.5
 203.0	3
 204.0	3
 205.0	4
 206.0	4
 207.0	7
 208.0	3
 209.0	5
 210.0	5
 211.0	2
 212.0	4
 213.0	4
 214.0	5
 215.0	4
 216.0	2
 217.0	3
 218.0	8
 219.0	5
 220.0	7
 221.0	6
 222.0	4
 223.0	6
 224.0	3
 225.0	1
 226.0	4
 227.0	4
 228.0	3
DB 1 MOTIF	65-AGGAGGCGGG	STREME-65
-230.0	18
-229.0	23
-228.0	19
-227.0	20
-226.0	22
-225.0	25.5
-224.0	16
-223.0	18
-222.0	12
-221.0	16
-220.0	19
-219.0	21
-218.0	16
-217.0	23
-216.0	18
-215.0	19
-214.0	16
-213.0	25.5
-212.0	17.5
-211.0	22.5
-210.0	22
-209.0	13
-208.0	25
-207.0	22
-206.0	24
-205.0	20.5
-204.0	23.5
-203.0	24.5
-202.0	22.5
-201.0	17.5
-200.0	27.5
-199.0	22.25
-198.0	27
-197.0	22.5
-196.0	25.5
-195.0	17.5
-194.0	21
-193.0	25
-192.0	11
-191.0	30
-190.0	17
-189.0	24.5
-188.0	28
-187.0	31
-186.0	20.6111
-185.0	20.5
-184.0	23
-183.0	14
-182.0	24
-181.0	27
-180.0	24
-179.0	20
-178.0	21
-177.0	12
-176.0	22.1111
-175.0	19
-174.0	13
-173.0	20.5
-172.0	21
-171.0	13
-170.0	25.5
-169.0	15
-168.0	13
-167.0	19.5
-166.0	17.6111
-165.0	16.5
-164.0	19
-163.0	18.5
-162.0	17.5
-161.0	19
-160.0	20
-159.0	16
-158.0	27.25
-157.0	19.5
-156.0	22
-155.0	25.1111
-154.0	17
-153.0	19.5
-152.0	19
-151.0	24
-150.0	26
-149.0	14
-148.0	20
-147.0	18.3333
-146.0	22
-145.0	17
-144.0	20
-143.0	23.5
-142.0	22
-141.0	20.5
-140.0	14.5
-139.0	23
-138.0	18
-137.0	20.5
-136.0	26.5
-135.0	19.1111
-134.0	23
-133.0	24
-132.0	18
-131.0	15.5
-130.0	26.5
-129.0	15
-128.0	18
-127.0	25
-126.0	19
-125.0	20
-124.0	28.1111
-123.0	24
-122.0	25.5
-121.0	20.8333
-120.0	23
-119.0	23.5
-118.0	18
-117.0	19.75
-116.0	22
-115.0	17
-114.0	17
-113.0	23.1111
-112.0	27.5
-111.0	15.5
-110.0	18.5
-109.0	24.5
-108.0	21.5
-107.0	18
-106.0	27
-105.0	26
-104.0	24.5
-103.0	23
-102.0	20.8333
-101.0	23.8333
-100.0	28.5
 -99.0	24
 -98.0	25
 -97.0	28
 -96.0	23
 -95.0	17
 -94.0	23.3333
 -93.0	19.1111
 -92.0	24.5
 -91.0	21.5
 -90.0	21.5
 -89.0	20
 -88.0	19
 -87.0	21
 -86.0	11
 -85.0	21
 -84.0	25.3333
 -83.0	26
 -82.0	21
 -81.0	14
 -80.0	18
 -79.0	17
 -78.0	30.5
 -77.0	25
 -76.0	18.25
 -75.0	17.5
 -74.0	20
 -73.0	20.1111
 -72.0	23
 -71.0	17
 -70.0	23
 -69.0	13
 -68.0	19.5
 -67.0	24
 -66.0	24.5
 -65.0	23
 -64.0	12.5
 -63.0	30.5
 -62.0	24
 -61.0	33
 -60.0	32
 -59.0	32
 -58.0	20
 -57.0	25.5
 -56.0	23
 -55.0	20
 -54.0	26
 -53.0	24.5
 -52.0	16
 -51.0	18
 -50.0	18
 -49.0	33
 -48.0	15.5
 -47.0	28
 -46.0	26
 -45.0	14.3333
 -44.0	24
 -43.0	19
 -42.0	23
 -41.0	28
 -40.0	32
 -39.0	30
 -38.0	28
 -37.0	26
 -36.0	28.5
 -35.0	19.5
 -34.0	38
 -33.0	13
 -32.0	27
 -31.0	25
 -30.0	16
 -29.0	21
 -28.0	28
 -27.0	27
 -26.0	28.5
 -25.0	23
 -24.0	28
 -23.0	30
 -22.0	23.3333
 -21.0	33
 -20.0	25
 -19.0	24
 -18.0	22
 -17.0	30
 -16.0	24.5
 -15.0	28.5
 -14.0	21
 -13.0	28
 -12.0	26
 -11.0	22
 -10.0	23
  -9.0	35.5
  -8.0	22
  -7.0	25.5
  -6.0	26
  -5.0	35
  -4.0	27.5
  -3.0	24.5
  -2.0	27
  -1.0	32
   0.0	32
   1.0	28.3333
   2.0	33
   3.0	29
   4.0	27
   5.0	25
   6.0	24
   7.0	27.5
   8.0	27
   9.0	28
  10.0	16.5
  11.0	30
  12.0	18
  13.0	25.5
  14.0	24
  15.0	32
  16.0	15
  17.0	18.5
  18.0	18
  19.0	21.5
  20.0	17
  21.0	38.3333
  22.0	28.5
  23.0	22
  24.0	22.5
  25.0	25
  26.0	21
  27.0	28
  28.0	27
  29.0	23
  30.0	27.5
  31.0	23
  32.0	19
  33.0	29
  34.0	32.5
  35.0	22.5
  36.0	23
  37.0	21.5
  38.0	18.5
  39.0	26
  40.0	24
  41.0	14
  42.0	23
  43.0	27.5
  44.0	34
  45.0	19.5
  46.0	22.5
  47.0	17
  48.0	27.5
  49.0	22.5
  50.0	30.5
  51.0	30
  52.0	30.5
  53.0	30
  54.0	26
  55.0	24.8333
  56.0	24
  57.0	27
  58.0	23.25
  59.0	22
  60.0	21
  61.0	20
  62.0	18
  63.0	27
  64.0	19
  65.0	18
  66.0	19
  67.0	26.3333
  68.0	24.3333
  69.0	16.3333
  70.0	24.25
  71.0	30
  72.0	15.5
  73.0	31
  74.0	23
  75.0	17.8333
  76.0	23.5
  77.0	25
  78.0	20
  79.0	24
  80.0	22.5
  81.0	21
  82.0	21.0833
  83.0	17
  84.0	18
  85.0	23
  86.0	17.5
  87.0	18
  88.0	18.5
  89.0	18.5
  90.0	23
  91.0	16
  92.0	18.5
  93.0	27
  94.0	27
  95.0	22
  96.0	24
  97.0	26
  98.0	15
  99.0	25.5
 100.0	15
 101.0	20
 102.0	26
 103.0	21
 104.0	20
 105.0	31
 106.0	19.25
 107.0	31
 108.0	26.5
 109.0	28.8333
 110.0	19
 111.0	19.3333
 112.0	23.3333
 113.0	19
 114.0	29
 115.0	22
 116.0	31.5
 117.0	18.5
 118.0	25
 119.0	22
 120.0	19
 121.0	20
 122.0	20.5
 123.0	16
 124.0	23
 125.0	14
 126.0	28
 127.0	20
 128.0	20
 129.0	20
 130.0	23
 131.0	29.3333
 132.0	19
 133.0	22
 134.0	12.3333
 135.0	22.5
 136.0	24.5
 137.0	22
 138.0	16.3333
 139.0	23.5
 140.0	11
 141.0	27
 142.0	18.5
 143.0	26.5
 144.0	15.3333
 145.0	13
 146.0	20.5
 147.0	26
 148.0	16.6667
 149.0	22.5
 150.0	24
 151.0	26.3333
 152.0	11
 153.0	22
 154.0	19.5
 155.0	22
 156.0	23.5
 157.0	21
 158.0	26.3333
 159.0	22.5
 160.0	20
 161.0	18
 162.0	23
 163.0	18.5
 164.0	21.5
 165.0	18
 166.0	26.5
 167.0	16
 168.0	21
 169.0	24
 170.0	18
 171.0	14
 172.0	14
 173.0	19.5
 174.0	27
 175.0	26.3333
 176.0	18
 177.0	13.8333
 178.0	21
 179.0	23.5
 180.0	21
 181.0	24.8333
 182.0	21
 183.0	21
 184.0	17
 185.0	21.5
 186.0	19.5
 187.0	24
 188.0	17
 189.0	11.5
 190.0	19.5
 191.0	20
 192.0	17
 193.0	26.5
 194.0	25
 195.0	23
 196.0	15.5
 197.0	16
 198.0	16.5
 199.0	24
 200.0	24
 201.0	27.5
 202.0	28
 203.0	27.8333
 204.0	27
 205.0	15
 206.0	15
 207.0	12
 208.0	25
 209.0	18
 210.0	16
 211.0	22
 212.0	11
 213.0	19.5
 214.0	17
 215.0	14.5
 216.0	18.3333
 217.0	10
 218.0	17
 219.0	18
 220.0	17
 221.0	22.5
 222.0	15.5
 223.0	14
 224.0	17.3333
 225.0	14.5
 226.0	15
 227.0	20.5
 228.0	14
 229.0	21.5
 230.0	15
DB 1 MOTIF	72-ATGGCGGCGGCC	STREME-72
-229.0	7
-228.0	5
-227.0	4
-226.0	3
-225.0	9
-224.0	8
-223.0	9
-222.0	4
-221.0	5
-220.0	9
-219.0	8
-218.0	5
-217.0	7.5
-216.0	7
-215.0	12
-214.0	7
-213.0	10
-212.0	0
-211.0	7
-210.0	8
-209.0	7
-208.0	8
-207.0	13
-206.0	3
-205.0	7
-204.0	6.5
-203.0	7.5
-202.0	7
-201.0	8
-200.0	7
-199.0	6
-198.0	7
-197.0	7
-196.0	7
-195.0	10
-194.0	7
-193.0	12
-192.0	4
-191.0	8
-190.0	10
-189.0	8
-188.0	9
-187.0	5
-186.0	8
-185.0	7
-184.0	7
-183.0	7
-182.0	7
-181.0	4
-180.0	8
-179.0	8
-178.0	7
-177.0	4
-176.0	7
-175.0	4
-174.0	7
-173.0	5
-172.0	14
-171.0	8
-170.0	2
-169.0	13
-168.0	6
-167.0	8
-166.0	10
-165.0	8
-164.0	7
-163.0	8
-162.0	7
-161.0	13
-160.0	10
-159.0	6
-158.0	8
-157.0	9
-156.0	10
-155.0	10
-154.0	5
-153.0	7
-152.0	5
-151.0	5.5
-150.0	11
-149.0	7
-148.0	9
-147.0	7
-146.0	7
-145.0	4
-144.0	13
-143.0	10
-142.0	7
-141.0	5
-140.0	5
-139.0	9
-138.0	7
-137.0	5
-136.0	12
-135.0	7
-134.0	13
-133.0	3
-132.0	7
-131.0	7
-130.0	11
-129.0	9
-128.0	12
-127.0	7
-126.0	9
-125.0	4
-124.0	8
-123.0	11
-122.0	4
-121.0	4
-120.0	8
-119.0	11
-118.0	9
-117.0	5
-116.0	5
-115.0	11
-114.0	11
-113.0	4.5
-112.0	6
-111.0	6
-110.0	7
-109.0	12
-108.0	13
-107.0	7
-106.0	12
-105.0	5
-104.0	7
-103.0	5
-102.0	12
-101.0	6
-100.0	7
 -99.0	13.5
 -98.0	9
 -97.0	9
 -96.0	6.5
 -95.0	9
 -94.0	11
 -93.0	14
 -92.0	7
 -91.0	17
 -90.0	7
 -89.0	7
 -88.0	3
 -87.0	9
 -86.0	11
 -85.0	12
 -84.0	7
 -83.0	12
 -82.0	11
 -81.0	7
 -80.0	12
 -79.0	13
 -78.0	4
 -77.0	12
 -76.0	8
 -75.0	15
 -74.0	5
 -73.0	4
 -72.0	6
 -71.0	5
 -70.0	12
 -69.0	13
 -68.0	8
 -67.0	8
 -66.0	11
 -65.0	12
 -64.0	14
 -63.0	9
 -62.0	14
 -61.0	7
 -60.0	10
 -59.0	10
 -58.0	9
 -57.0	8
 -56.0	13
 -55.0	11
 -54.0	9
 -53.0	10
 -52.0	9
 -51.0	13
 -50.0	13
 -49.0	14
 -48.0	13
 -47.0	6
 -46.0	11
 -45.0	12
 -44.0	10
 -43.0	3
 -42.0	10
 -41.0	4
 -40.0	14.5
 -39.0	13
 -38.0	12
 -37.0	12
 -36.0	16
 -35.0	12
 -34.0	12
 -33.0	10
 -32.0	8
 -31.0	10
 -30.0	8
 -29.0	11
 -28.0	8
 -27.0	14
 -26.0	5
 -25.0	13
 -24.0	9
 -23.0	13
 -22.0	9
 -21.0	7
 -20.0	6
 -19.0	7
 -18.0	9
 -17.0	13
 -16.0	13
 -15.0	11
 -14.0	17
 -13.0	9
 -12.0	6
 -11.0	9
 -10.0	9
  -9.0	5
  -8.0	5.5
  -7.0	10
  -6.0	5.5
  -5.0	10
  -4.0	9
  -3.0	7
  -2.0	11
  -1.0	14
   0.0	10
   1.0	6.5
   2.0	15
   3.0	10
   4.0	13
   5.0	9
   6.0	10
   7.0	5
   8.0	8
   9.0	9
  10.0	12
  11.0	13
  12.0	12
  13.0	18
  14.0	8
  15.0	8
  16.0	9
  17.0	10
  18.0	7
  19.0	9
  20.0	7
  21.0	9
  22.0	8.5
  23.0	16
  24.0	10
  25.0	11
  26.0	12
  27.0	10
  28.0	8
  29.0	7
  30.0	10
  31.0	10
  32.0	6
  33.0	6
  34.0	6
  35.0	9
  36.0	8
  37.0	7
  38.0	14
  39.0	6
  40.0	10
  41.0	6
  42.0	5
  43.0	10
  44.0	10
  45.0	4
  46.0	15
  47.0	13
  48.0	7
  49.0	13
  50.0	7
  51.0	11
  52.0	10
  53.0	4
  54.0	13
  55.0	8
  56.0	11
  57.0	8
  58.0	10
  59.0	10
  60.0	14
  61.0	10
  62.0	11
  63.0	13
  64.0	10
  65.0	6
  66.0	8
  67.0	5
  68.0	10
  69.0	7
  70.0	7
  71.0	5
  72.0	6
  73.0	8
  74.0	5
  75.0	6
  76.0	6
  77.0	10
  78.0	7
  79.0	9
  80.0	11
  81.0	9
  82.0	9
  83.0	7
  84.0	6
  85.0	6
  86.0	12
  87.0	8
  88.0	11
  89.0	14
  90.0	7
  91.0	9
  92.0	10
  93.0	13
  94.0	4
  95.0	6
  96.0	10
  97.0	7
  98.0	7
  99.0	2
 100.0	6
 101.0	9
 102.0	13
 103.0	4
 104.0	10
 105.0	11
 106.0	9
 107.0	6
 108.0	11
 109.0	9
 110.0	7
 111.0	8
 112.0	15
 113.0	11
 114.0	7
 115.0	8
 116.0	10
 117.0	7
 118.0	10
 119.0	10
 120.0	8
 121.0	6
 122.0	14
 123.0	10
 124.0	12
 125.0	5
 126.0	8
 127.0	12
 128.0	5
 129.0	5
 130.0	7
 131.0	3
 132.0	9
 133.0	9
 134.0	6
 135.0	8
 136.0	7
 137.0	5
 138.0	3
 139.0	13
 140.0	1.5
 141.0	7
 142.0	9
 143.0	12
 144.0	9
 145.0	9
 146.0	7
 147.0	9
 148.0	10
 149.0	2
 150.0	6
 151.0	11
 152.0	5
 153.0	10
 154.0	9
 155.0	5
 156.0	10
 157.0	6
 158.0	3
 159.0	10
 160.0	9
 161.0	4
 162.0	6
 163.0	6
 164.0	5.5
 165.0	8
 166.0	7
 167.0	4
 168.0	10
 169.0	2
 170.0	8
 171.0	8
 172.0	8
 173.0	6
 174.0	8
 175.0	4
 176.0	8
 177.0	7
 178.0	8
 179.0	4
 180.0	13
 181.0	4
 182.0	9
 183.0	9
 184.0	9
 185.0	11
 186.0	9
 187.0	8
 188.0	6
 189.0	10
 190.0	4
 191.0	10
 192.0	7
 193.0	6
 194.0	6
 195.0	6
 196.0	7.5
 197.0	6
 198.0	6
 199.0	10
 200.0	7
 201.0	11
 202.0	1
 203.0	8
 204.0	10
 205.0	5
 206.0	9
 207.0	7
 208.0	5
 209.0	5
 210.0	4
 211.0	4
 212.0	7
 213.0	8.5
 214.0	5
 215.0	4
 216.0	4
 217.0	2
 218.0	8
 219.0	5
 220.0	8
 221.0	2
 222.0	6
 223.0	9
 224.0	4
 225.0	3
 226.0	9
 227.0	7
 228.0	8
 229.0	4
DB 2 MOTIF	AHR_HUMAN.H11MO.0.B
-230.5	17
-229.5	26
-228.5	31
-227.5	22
-226.5	22
-225.5	22
-224.5	21
-223.5	21
-222.5	20
-221.5	22
-220.5	25
-219.5	19
-218.5	28
-217.5	22
-216.5	24
-215.5	25.3333
-214.5	19
-213.5	37.5
-212.5	26
-211.5	26
-210.5	18
-209.5	26
-208.5	23
-207.5	20.5
-206.5	21
-205.5	26.5
-204.5	25
-203.5	20.3333
-202.5	26.5
-201.5	23.5
-200.5	19.5
-199.5	20.3333
-198.5	27
-197.5	24.5
-196.5	29
-195.5	24
-194.5	15
-193.5	27.3333
-192.5	16
-191.5	24
-190.5	19.5
-189.5	29
-188.5	20
-187.5	24
-186.5	28
-185.5	27.5
-184.5	27.5
-183.5	27.8333
-182.5	24.5
-181.5	22
-180.5	23
-179.5	22.8333
-178.5	31
-177.5	25.75
-176.5	28.5
-175.5	24
-174.5	18.5
-173.5	18.25
-172.5	27
-171.5	18.5
-170.5	22.5
-169.5	29.25
-168.5	19
-167.5	30.5
-166.5	27.5
-165.5	22.75
-164.5	23.5
-163.5	24
-162.5	25.5
-161.5	27
-160.5	30
-159.5	24.5
-158.5	24
-157.5	27
-156.5	25.5
-155.5	20
-154.5	29.5
-153.5	28
-152.5	23
-151.5	23
-150.5	34
-149.5	18.8333
-148.5	21.5
-147.5	17.5
-146.5	19
-145.5	20
-144.5	29
-143.5	30
-142.5	26.5
-141.5	28
-140.5	19
-139.5	20.5
-138.5	29
-137.5	29
-136.5	25
-135.5	27.5
-134.5	28
-133.5	31.5
-132.5	19
-131.5	25
-130.5	21.5
-129.5	21
-128.5	17.3333
-127.5	34
-126.5	21.5
-125.5	26.8333
-124.5	17
-123.5	14.5
-122.5	22
-121.5	21.8333
-120.5	23
-119.5	25
-118.5	26
-117.5	15
-116.5	26
-115.5	28.3333
-114.5	26
-113.5	21
-112.5	18.5
-111.5	27.5
-110.5	23.5
-109.5	15
-108.5	25.5
-107.5	29
-106.5	23.5
-105.5	29.5
-104.5	16.5
-103.5	23
-102.5	17
-101.5	32.5
-100.5	30.5
 -99.5	25
 -98.5	20.5
 -97.5	30.5
 -96.5	22.5
 -95.5	24
 -94.5	15
 -93.5	19
 -92.5	21
 -91.5	14.5
 -90.5	19.5
 -89.5	26.5
 -88.5	22.5
 -87.5	30.5
 -86.5	18
 -85.5	19.5
 -84.5	16.3333
 -83.5	31.5
 -82.5	23.5
 -81.5	29.8333
 -80.5	24
 -79.5	32.3333
 -78.5	20.5
 -77.5	32.5
 -76.5	31
 -75.5	24
 -74.5	31.3333
 -73.5	29.5
 -72.5	27.8333
 -71.5	30.5
 -70.5	35
 -69.5	25
 -68.5	27.5
 -67.5	33
 -66.5	23.3333
 -65.5	21
 -64.5	21.5
 -63.5	27.3333
 -62.5	29.5
 -61.5	27
 -60.5	29.2
 -59.5	34
 -58.5	26
 -57.5	20
 -56.5	21
 -55.5	24
 -54.5	22.5
 -53.5	25
 -52.5	27
 -51.5	25
 -50.5	24.5
 -49.5	24.5
 -48.5	30
 -47.5	22.5
 -46.5	27.5
 -45.5	23
 -44.5	32
 -43.5	29.3333
 -42.5	26
 -41.5	27
 -40.5	27
 -39.5	29
 -38.5	29
 -37.5	24
 -36.5	40.5
 -35.5	35
 -34.5	25
 -33.5	24.5
 -32.5	35
 -31.5	33
 -30.5	34
 -29.5	27.5
 -28.5	24
 -27.5	25
 -26.5	27
 -25.5	29.5
 -24.5	23.5
 -23.5	26.5
 -22.5	29
 -21.5	25
 -20.5	29
 -19.5	25
 -18.5	25
 -17.5	17.5
 -16.5	18.5
 -15.5	25.2
 -14.5	28.5
 -13.5	29
 -12.5	19
 -11.5	25.5
 -10.5	27
  -9.5	30.5
  -8.5	25
  -7.5	24
  -6.5	22
  -5.5	29.5
  -4.5	22.5
  -3.5	27
  -2.5	35.5
  -1.5	34
  -0.5	26.5
   0.5	22.5
   1.5	24
   2.5	28
   3.5	24
   4.5	28
   5.5	30.5
   6.5	31.3333
   7.5	29
   8.5	26.5
   9.5	37.5
  10.5	28
  11.5	22
  12.5	29
  13.5	26.5
  14.5	19
  15.5	28
  16.5	31.5
  17.5	18
  18.5	26
  19.5	30.5
  20.5	21
  21.5	31
  22.5	34.5
  23.5	25
  24.5	31
  25.5	23
  26.5	22
  27.5	39.8333
  28.5	33.5
  29.5	31
  30.5	38.5
  31.5	26.5
  32.5	27.5
  33.5	23.5
  34.5	22.7
  35.5	29.5
  36.5	25
  37.5	31.5
  38.5	31
  39.5	31.5
  40.5	11
  41.5	23
  42.5	18
  43.5	34.5
  44.5	41
  45.5	25.5
  46.5	32
  47.5	25.5
  48.5	40.5
  49.5	26
  50.5	24
  51.5	28
  52.5	33
  53.5	35
  54.5	27
  55.5	24.5
  56.5	26.5
  57.5	24
  58.5	25
  59.5	26
  60.5	17
  61.5	32
  62.5	24.5
  63.5	18
  64.5	33
  65.5	30
  66.5	24
  67.5	28
  68.5	27
  69.5	35.5
  70.5	23
  71.5	22.5
  72.5	23
  73.5	23.5
  74.5	28.5
  75.5	21.6429
  76.5	25
  77.5	21
  78.5	18
  79.5	30.5
  80.5	26
  81.5	29.5
  82.5	30.2
  83.5	23.5
  84.5	23.5
  85.5	29.5
  86.5	34
  87.5	29.3333
  88.5	27.5
  89.5	26
  90.5	27.5
  91.5	24
  92.5	19
  93.5	31.5
  94.5	26
  95.5	22.5
  96.5	24
  97.5	21.1429
  98.5	23.8333
  99.5	24.5
 100.5	23
 101.5	20
 102.5	23.5
 103.5	21
 104.5	20.5
 105.5	19
 106.5	15.3333
 107.5	23.5
 108.5	21.5
 109.5	26
 110.5	18.5
 111.5	25
 112.5	27.5
 113.5	28.5
 114.5	24
 115.5	23
 116.5	22
 117.5	24
 118.5	29.1429
 119.5	21
 120.5	23
 121.5	21
 122.5	22
 123.5	24
 124.5	34
 125.5	23.5
 126.5	19.5
 127.5	27
 128.5	25.5
 129.5	19.5
 130.5	17
 131.5	23.5
 132.5	26.2
 133.5	21
 134.5	20.5
 135.5	19
 136.5	27
 137.5	23
 138.5	31.1429
 139.5	23
 140.5	20
 141.5	28
 142.5	23
 143.5	31.3333
 144.5	24
 145.5	22
 146.5	21.5
 147.5	30
 148.5	22
 149.5	23.5
 150.5	31.5
 151.5	24
 152.5	24
 153.5	24.5
 154.5	21.5
 155.5	21.5
 156.5	28
 157.5	26.1429
 158.5	19
 159.5	25.5
 160.5	21
 161.5	25.5
 162.5	25
 163.5	15.5
 164.5	23.5
 165.5	25.5
 166.5	31
 167.5	21
 168.5	27
 169.5	16.5
 170.5	22.1429
 171.5	22
 172.5	34
 173.5	24
 174.5	25
 175.5	29
 176.5	22.5
 177.5	24
 178.5	28
 179.5	23
 180.5	23
 181.5	21
 182.5	24
 183.5	25
 184.5	30
 185.5	31
 186.5	21
 187.5	21
 188.5	22
 189.5	23.5
 190.5	24
 191.5	22
 192.5	32.6429
 193.5	16.3333
 194.5	17.5
 195.5	22
 196.5	18
 197.5	19
 198.5	32
 199.5	15
 200.5	20.5
 201.5	23
 202.5	22
 203.5	23
 204.5	22
 205.5	15
 206.5	22
 207.5	23
 208.5	18
 209.5	27
 210.5	22.5
 211.5	29.5
 212.5	20
 213.5	25
 214.5	17
 215.5	20
 216.5	28
 217.5	23
 218.5	28.5
 219.5	24
 220.5	24
 221.5	23
 222.5	25
 223.5	20
 224.5	19
 225.5	20
 226.5	23.3333
 227.5	25
 228.5	25.5
 229.5	18
 230.5	21
DB 2 MOTIF	AP2B_HUMAN.H11MO.0.B
-230.0	28
-229.0	24.5
-228.0	28
-227.0	29
-226.0	42.5
-225.0	34.5
-224.0	37.5
-223.0	30.5
-222.0	25.3333
-221.0	40.5
-220.0	38.5
-219.0	31.5
-218.0	36.5
-217.0	35.5
-216.0	40.5
-215.0	23
-214.0	29
-213.0	35.5
-212.0	25.5
-211.0	45.5
-210.0	36
-209.0	21.5
-208.0	29
-207.0	25
-206.0	41
-205.0	39.5
-204.0	38
-203.0	28.5
-202.0	37
-201.0	37.5
-200.0	35
-199.0	40
-198.0	32.3333
-197.0	36.5
-196.0	34
-195.0	28
-194.0	34.5
-193.0	33
-192.0	29.5
-191.0	36
-190.0	43.1667
-189.0	32.5
-188.0	26.5
-187.0	35.5
-186.0	29.5
-185.0	19.5
-184.0	36
-183.0	33.5
-182.0	32
-181.0	41
-180.0	41.5
-179.0	29.5
-178.0	35
-177.0	33.5
-176.0	36
-175.0	35
-174.0	26.5
-173.0	29
-172.0	35
-171.0	31.5
-170.0	32.75
-169.0	22
-168.0	32.8333
-167.0	41
-166.0	26
-165.0	34
-164.0	26
-163.0	34.5
-162.0	42.5
-161.0	45
-160.0	31.3333
-159.0	29
-158.0	29.5
-157.0	32.5
-156.0	21
-155.0	31
-154.0	34.5
-153.0	30
-152.0	37
-151.0	43.5
-150.0	36
-149.0	33.5
-148.0	36.5
-147.0	30
-146.0	44.1667
-145.0	31
-144.0	40
-143.0	35
-142.0	26
-141.0	30.5
-140.0	29
-139.0	30
-138.0	27
-137.0	40.5
-136.0	28.5
-135.0	37
-134.0	26.3333
-133.0	38.3333
-132.0	36.5
-131.0	37
-130.0	37
-129.0	22
-128.0	29
-127.0	35
-126.0	30
-125.0	30
-124.0	20.5
-123.0	31.5
-122.0	32
-121.0	37.1667
-120.0	35
-119.0	32
-118.0	39.5
-117.0	31.5
-116.0	32.5
-115.0	41.5
-114.0	41
-113.0	38.5
-112.0	40
-111.0	27.5
-110.0	33
-109.0	35
-108.0	35.75
-107.0	31.5
-106.0	51
-105.0	38.5
-104.0	48.5
-103.0	42
-102.0	36.6667
-101.0	41
-100.0	41.5
 -99.0	40
 -98.0	32
 -97.0	30
 -96.0	46
 -95.0	45
 -94.0	42.5
 -93.0	38.5
 -92.0	32.5
 -91.0	32
 -90.0	44
 -89.0	43.5
 -88.0	33.5
 -87.0	23.8333
 -86.0	35
 -85.0	36
 -84.0	31
 -83.0	30.5
 -82.0	39.8333
 -81.0	35
 -80.0	33
 -79.0	33.3333
 -78.0	36.5
 -77.0	39
 -76.0	31.5
 -75.0	34.5
 -74.0	37
 -73.0	30
 -72.0	30
 -71.0	46
 -70.0	39
 -69.0	40
 -68.0	51.3333
 -67.0	45
 -66.0	30
 -65.0	40.5
 -64.0	43.5
 -63.0	41.5
 -62.0	40
 -61.0	36.5
 -60.0	43
 -59.0	29
 -58.0	21.6667
 -57.0	27.5
 -56.0	32
 -55.0	50
 -54.0	34.5
 -53.0	41
 -52.0	28
 -51.0	33.5
 -50.0	32
 -49.0	36
 -48.0	35.5
 -47.0	40
 -46.0	44
 -45.0	42
 -44.0	34
 -43.0	36
 -42.0	34.25
 -41.0	32
 -40.0	43
 -39.0	31.5
 -38.0	28
 -37.0	35
 -36.0	44
 -35.0	37.5
 -34.0	29
 -33.0	31
 -32.0	24.5
 -31.0	31.5
 -30.0	39
 -29.0	49
 -28.0	32.5
 -27.0	36
 -26.0	39
 -25.0	34
 -24.0	38
 -23.0	39
 -22.0	34
 -21.0	36
 -20.0	41.8333
 -19.0	28
 -18.0	35.3333
 -17.0	37.5
 -16.0	39
 -15.0	41
 -14.0	40.5
 -13.0	29
 -12.0	29
 -11.0	45.25
 -10.0	41.5
  -9.0	32.3333
  -8.0	34
  -7.0	33
  -6.0	38
  -5.0	52
  -4.0	36
  -3.0	35
  -2.0	27.5
  -1.0	36
   0.0	40
   1.0	42.5
   2.0	31.5
   3.0	31
   4.0	50.5
   5.0	40.5
   6.0	44.5
   7.0	34.5
   8.0	38
   9.0	31
  10.0	30
  11.0	36.5
  12.0	32
  13.0	32.5
  14.0	47
  15.0	37
  16.0	47.5
  17.0	55
  18.0	37.1667
  19.0	51.5
  20.0	49.5
  21.0	45
  22.0	39
  23.0	44
  24.0	44
  25.0	28
  26.0	34.5
  27.0	41.5
  28.0	32.5
  29.0	31
  30.0	41
  31.0	42
  32.0	21
  33.0	40
  34.0	35
  35.0	30
  36.0	38
  37.0	23.5
  38.0	44
  39.0	37
  40.0	43
  41.0	36
  42.0	26.5
  43.0	27
  44.0	45.5
  45.0	41
  46.0	37
  47.0	37
  48.0	32
  49.0	37
  50.0	31.1667
  51.0	39
  52.0	27
  53.0	49.5
  54.0	45.5
  55.0	39.5
  56.0	45
  57.0	34.5
  58.0	41
  59.0	35
  60.0	37.5
  61.0	30
  62.0	29
  63.0	34.5
  64.0	38
  65.0	39.5
  66.0	26.5
  67.0	39.5
  68.0	43.5
  69.0	40.5
  70.0	43
  71.0	35.5
  72.0	39.25
  73.0	33
  74.0	32
  75.0	29.5
  76.0	37.5
  77.0	41.5
  78.0	31.5
  79.0	25
  80.0	38
  81.0	33.5
  82.0	41
  83.0	36
  84.0	36.5
  85.0	34
  86.0	33.8333
  87.0	24.5
  88.0	28
  89.0	35
  90.0	33
  91.0	31.5
  92.0	37.5
  93.0	38.5
  94.0	36.1667
  95.0	32.5
  96.0	35
  97.0	41
  98.0	26.5
  99.0	43
 100.0	40.5
 101.0	37.5
 102.0	31.5
 103.0	36
 104.0	35.5
 105.0	41
 106.0	28.5
 107.0	40
 108.0	34.5
 109.0	31.5
 110.0	28
 111.0	38
 112.0	27
 113.0	21
 114.0	41
 115.0	32
 116.0	35.0833
 117.0	38.5
 118.0	28
 119.0	38
 120.0	37
 121.0	52.5
 122.0	42.5
 123.0	31.5
 124.0	31
 125.0	34.3333
 126.0	30.5
 127.0	29.25
 128.0	41.5
 129.0	31.5
 130.0	36.75
 131.0	35.5
 132.0	26.5
 133.0	32.8333
 134.0	31
 135.0	30.5
 136.0	35
 137.0	44
 138.0	32
 139.0	40
 140.0	33
 141.0	36
 142.0	36
 143.0	42
 144.0	28.5
 145.0	42
 146.0	42.5
 147.0	33
 148.0	23.25
 149.0	33
 150.0	41.3333
 151.0	28
 152.0	28
 153.0	26
 154.0	32.5
 155.0	35
 156.0	26.5
 157.0	42
 158.0	39
 159.0	35
 160.0	38.5
 161.0	28.5
 162.0	36
 163.0	31.5
 164.0	22
 165.0	36
 166.0	31
 167.0	23.5
 168.0	29
 169.0	35.5
 170.0	29
 171.0	33.5
 172.0	39.5
 173.0	26.5
 174.0	40.5
 175.0	36
 176.0	29.5
 177.0	33
 178.0	39
 179.0	27.5
 180.0	35
 181.0	32.25
 182.0	28
 183.0	30
 184.0	33.5
 185.0	33.5
 186.0	32.25
 187.0	20
 188.0	25.5
 189.0	26.5
 190.0	26
 191.0	29.5
 192.0	39.5
 193.0	24
 194.0	18
 195.0	31
 196.0	31.5
 197.0	30
 198.0	25.5
 199.0	29
 200.0	34
 201.0	27.5
 202.0	29.5
 203.0	35
 204.0	30
 205.0	27.5
 206.0	29.5
 207.0	34
 208.0	33
 209.0	23.5
 210.0	28
 211.0	29
 212.0	34.8333
 213.0	27
 214.0	28.5
 215.0	28.5833
 216.0	39
 217.0	33
 218.0	27.5
 219.0	38.5
 220.0	40
 221.0	27
 222.0	25
 223.0	42
 224.0	25.5
 225.0	38
 226.0	28.5
 227.0	26.5
 228.0	36
 229.0	24
 230.0	40.5
DB 2 MOTIF	AP2D_HUMAN.H11MO.0.D
-228.0	25
-227.0	25
-226.0	26
-225.0	16
-224.0	25
-223.0	24
-222.0	24
-221.0	16
-220.0	15
-219.0	32
-218.0	15
-217.0	16
-216.0	12
-215.0	15
-214.0	20
-213.0	15
-212.0	18
-211.0	13
-210.0	18
-209.0	17
-208.0	23
-207.0	24
-206.0	17
-205.0	19
-204.0	13
-203.0	34
-202.0	24
-201.0	16
-200.0	23
-199.0	15
-198.0	24
-197.0	19
-196.0	15.5
-195.0	22
-194.0	20
-193.0	29.5
-192.0	11
-191.0	22
-190.0	19.5
-189.0	19
-188.0	18
-187.0	13.5
-186.0	23
-185.0	18
-184.0	19
-183.0	21
-182.0	27
-181.0	22
-180.0	17
-179.0	23
-178.0	22
-177.0	14
-176.0	14
-175.0	26
-174.0	20
-173.0	14
-172.0	19
-171.0	17
-170.0	16.5
-169.0	15
-168.0	30
-167.0	26
-166.0	27
-165.0	24
-164.0	21
-163.0	23
-162.0	23
-161.0	23
-160.0	20.5
-159.0	20
-158.0	20
-157.0	21
-156.0	32
-155.0	16
-154.0	25
-153.0	16.5
-152.0	22
-151.0	31.5
-150.0	22
-149.0	25
-148.0	18
-147.0	22
-146.0	14.5
-145.0	28
-144.0	26
-143.0	18
-142.0	23
-141.0	15
-140.0	19
-139.0	20
-138.0	23
-137.0	23
-136.0	16.5
-135.0	20
-134.0	18
-133.0	18
-132.0	20.5
-131.0	25
-130.0	12.5
-129.0	20
-128.0	22
-127.0	26
-126.0	15.5
-125.0	12
-124.0	22
-123.0	17
-122.0	22
-121.0	14
-120.0	25.5
-119.0	17.25
-118.0	17
-117.0	24
-116.0	21
-115.0	14
-114.0	26.5
-113.0	20.5
-112.0	19
-111.0	20
-110.0	22.5
-109.0	29
-108.0	24
-107.0	18
-106.0	27
-105.0	20.5
-104.0	25
-103.0	35
-102.0	18
-101.0	20
-100.0	28
 -99.0	21.5
 -98.0	19
 -97.0	26
 -96.0	24
 -95.0	25
 -94.0	14.5
 -93.0	23
 -92.0	21
 -91.0	16
 -90.0	24.5
 -89.0	19
 -88.0	24.25
 -87.0	23
 -86.0	16
 -85.0	32
 -84.0	19.5
 -83.0	22
 -82.0	15
 -81.0	19.5
 -80.0	20
 -79.0	30
 -78.0	17.5
 -77.0	20.5
 -76.0	22
 -75.0	20
 -74.0	19
 -73.0	15
 -72.0	23
 -71.0	30
 -70.0	18
 -69.0	24
 -68.0	26
 -67.0	19
 -66.0	17
 -65.0	26
 -64.0	23
 -63.0	15
 -62.0	20.5
 -61.0	23
 -60.0	29
 -59.0	14
 -58.0	26
 -57.0	25.25
 -56.0	20
 -55.0	26
 -54.0	22
 -53.0	25
 -52.0	20
 -51.0	22
 -50.0	20
 -49.0	23
 -48.0	24
 -47.0	15
 -46.0	28
 -45.0	24
 -44.0	32
 -43.0	21.5
 -42.0	20
 -41.0	23
 -40.0	16
 -39.0	27
 -38.0	26
 -37.0	27
 -36.0	17
 -35.0	23
 -34.0	24
 -33.0	15
 -32.0	21
 -31.0	24
 -30.0	23
 -29.0	21
 -28.0	23
 -27.0	18
 -26.0	20.25
 -25.0	21
 -24.0	28
 -23.0	31
 -22.0	20
 -21.0	25
 -20.0	18
 -19.0	27
 -18.0	20
 -17.0	23
 -16.0	18
 -15.0	26
 -14.0	20.5
 -13.0	26
 -12.0	27
 -11.0	24.5
 -10.0	23
  -9.0	20
  -8.0	25.5
  -7.0	17
  -6.0	23
  -5.0	28
  -4.0	19
  -3.0	21
  -2.0	21
  -1.0	16
   0.0	25
   1.0	35.5
   2.0	19.5
   3.0	22
   4.0	31
   5.0	23
   6.0	24
   7.0	16
   8.0	32
   9.0	23
  10.0	32
  11.0	24
  12.0	14
  13.0	25
  14.0	21
  15.0	17
  16.0	21
  17.0	29
  18.0	22
  19.0	30
  20.0	35
  21.0	24
  22.0	25
  23.0	18.5
  24.0	25
  25.0	24.5
  26.0	30.5
  27.0	25
  28.0	30
  29.0	20
  30.0	26
  31.0	15
  32.0	27
  33.0	19
  34.0	31
  35.0	26.5
  36.0	27
  37.0	21
  38.0	22
  39.0	22
  40.0	19
  41.0	20
  42.0	18
  43.0	22
  44.0	20
  45.0	25
  46.0	25
  47.0	14
  48.0	29
  49.0	22
  50.0	24
  51.0	21
  52.0	20
  53.0	26
  54.0	24
  55.0	30
  56.0	19
  57.0	28
  58.0	23
  59.0	25
  60.0	22
  61.0	23
  62.0	19
  63.0	25.5
  64.0	18.3333
  65.0	20
  66.0	24
  67.0	28
  68.0	32
  69.0	14
  70.0	19.3333
  71.0	25
  72.0	25
  73.0	20
  74.0	22
  75.0	25
  76.0	24.3333
  77.0	22
  78.0	22
  79.0	17
  80.0	15
  81.0	22
  82.0	19.5
  83.0	17
  84.0	20
  85.0	28
  86.0	24
  87.0	17
  88.0	24
  89.0	21
  90.0	29
  91.0	23
  92.0	22
  93.0	20
  94.0	19
  95.0	23
  96.0	26
  97.0	21
  98.0	25
  99.0	29
 100.0	22
 101.0	19
 102.0	24
 103.0	19
 104.0	25.7
 105.0	23
 106.0	17
 107.0	18
 108.0	15
 109.0	24
 110.0	16
 111.0	23.2
 112.0	10
 113.0	22
 114.0	16
 115.0	33
 116.0	19
 117.0	26
 118.0	16.2
 119.0	21
 120.0	19
 121.0	23.5
 122.0	23
 123.0	16
 124.0	19
 125.0	12.2
 126.0	16
 127.0	22
 128.0	29
 129.0	29
 130.0	20
 131.0	13
 132.0	28.7
 133.0	26
 134.0	19
 135.0	23
 136.0	18
 137.0	31
 138.0	19
 139.0	17
 140.0	12
 141.0	20
 142.0	15
 143.0	22
 144.0	25
 145.0	21.5
 146.0	22
 147.0	24
 148.0	20
 149.0	25.5
 150.0	18
 151.0	19
 152.0	25
 153.0	16
 154.0	19
 155.0	24
 156.0	22
 157.0	17.5
 158.0	27
 159.0	15
 160.0	19
 161.0	22
 162.0	20
 163.0	21
 164.0	24
 165.0	20
 166.0	24
 167.0	13
 168.0	15
 169.0	16
 170.0	20.5
 171.0	15
 172.0	20.5
 173.0	18
 174.0	25
 175.0	21
 176.0	23
 177.0	10.5
 178.0	16
 179.0	27
 180.0	24
 181.0	21
 182.0	13
 183.0	18
 184.0	16
 185.0	20.5
 186.0	24
 187.0	20
 188.0	14
 189.0	16
 190.0	18
 191.0	16
 192.0	21
 193.0	15
 194.0	18
 195.0	26
 196.0	24
 197.0	21
 198.0	20
 199.0	19
 200.0	23
 201.0	21
 202.0	18
 203.0	12
 204.0	12
 205.0	13
 206.0	17
 207.0	18
 208.0	16
 209.0	15
 210.0	18
 211.0	23
 212.0	17
 213.0	19
 214.0	21
 215.0	19
 216.0	20
 217.0	19
 218.0	19
 219.0	21
 220.0	16
 221.0	12
 222.0	16
 223.0	11
 224.0	17
 225.0	12
 226.0	19
 227.0	15
 228.0	22
DB 2 MOTIF	ARNT_HUMAN.H11MO.0.B
-230.5	22.5
-229.5	21.75
-228.5	29.5
-227.5	22
-226.5	27
-225.5	19.25
-224.5	37
-223.5	22
-222.5	18
-221.5	21.25
-220.5	31
-219.5	25.5
-218.5	30.5
-217.5	29.25
-216.5	33
-215.5	25
-214.5	33
-213.5	21
-212.5	21
-211.5	21.5
-210.5	31
-209.5	23
-208.5	28
-207.5	35
-206.5	32.5
-205.5	24
-204.5	25.5
-203.5	25.5
-202.5	21.5
-201.5	27.5
-200.5	30
-199.5	25
-198.5	24
-197.5	24.5
-196.5	26
-195.5	29.5
-194.5	24
-193.5	20.5
-192.5	22
-191.5	26
-190.5	29
-189.5	21.5
-188.5	27.5
-187.5	21.5
-186.5	22
-185.5	28
-184.5	22.5
-183.5	24
-182.5	30
-181.5	32.5
-180.5	23
-179.5	30.5
-178.5	22.75
-177.5	31.5
-176.5	30.5
-175.5	25
-174.5	33.25
-173.5	22
-172.5	18.5
-171.5	24
-170.5	25.5833
-169.5	20
-168.5	28
-167.5	18
-166.5	32.75
-165.5	32
-164.5	16.8333
-163.5	17.5
-162.5	36
-161.5	22
-160.5	20
-159.5	25.5
-158.5	22.3333
-157.5	25
-156.5	28.5
-155.5	22.5
-154.5	25
-153.5	27.5
-152.5	19
-151.5	22
-150.5	24
-149.5	24.5
-148.5	23.8333
-147.5	26
-146.5	25
-145.5	23
-144.5	26
-143.5	39.3333
-142.5	28
-141.5	35.5
-140.5	20
-139.5	28
-138.5	24.3333
-137.5	29.8333
-136.5	33
-135.5	29
-134.5	22.5
-133.5	21
-132.5	23
-131.5	26
-130.5	27.5
-129.5	24
-128.5	29
-127.5	20
-126.5	36.5
-125.5	23
-124.5	23
-123.5	25.5
-122.5	26
-121.5	24
-120.5	30.3333
-119.5	32.3333
-118.5	17
-117.5	21.5
-116.5	24
-115.5	22.5
-114.5	28
-113.5	21
-112.5	28.5
-111.5	32.5
-110.5	28
-109.5	26.5
-108.5	23.5
-107.5	29
-106.5	29.5
-105.5	38.5
-104.5	25.5
-103.5	23
-102.5	25
-101.5	19
-100.5	19
 -99.5	27.8333
 -98.5	32.5
 -97.5	22.5
 -96.5	24
 -95.5	30
 -94.5	28.1667
 -93.5	18
 -92.5	24
 -91.5	22
 -90.5	25
 -89.5	25.5
 -88.5	29.1667
 -87.5	33.5
 -86.5	24
 -85.5	20
 -84.5	26
 -83.5	27.5
 -82.5	25.6667
 -81.5	19.5
 -80.5	28
 -79.5	26
 -78.5	33.5
 -77.5	26.5
 -76.5	37.5
 -75.5	35.5
 -74.5	27
 -73.5	27
 -72.5	31.5
 -71.5	27
 -70.5	21.6667
 -69.5	40.8333
 -68.5	22.5
 -67.5	25
 -66.5	23.5
 -65.5	26
 -64.5	19.5
 -63.5	28.5
 -62.5	22.5
 -61.5	29
 -60.5	29
 -59.5	24
 -58.5	34
 -57.5	32.5
 -56.5	29.5
 -55.5	32.5
 -54.5	29.5
 -53.5	25.5
 -52.5	27.3333
 -51.5	35.5
 -50.5	21.5
 -49.5	27.5
 -48.5	35
 -47.5	26
 -46.5	32.8333
 -45.5	34.5
 -44.5	31.5
 -43.5	34
 -42.5	19
 -41.5	33.5
 -40.5	26.5
 -39.5	29
 -38.5	24.5
 -37.5	45
 -36.5	37.5
 -35.5	28.5
 -34.5	27
 -33.5	34
 -32.5	30
 -31.5	37.3333
 -30.5	34.5
 -29.5	35.8333
 -28.5	28.5
 -27.5	25.3333
 -26.5	35.5
 -25.5	38
 -24.5	32
 -23.5	43
 -22.5	29.5
 -21.5	26.5
 -20.5	35
 -19.5	20.5
 -18.5	25.5
 -17.5	20.3333
 -16.5	25.8333
 -15.5	25.5
 -14.5	34.5
 -13.5	35
 -12.5	33
 -11.5	31.5
 -10.5	27.3333
  -9.5	31.5
  -8.5	31
  -7.5	33
  -6.5	33.5
  -5.5	27
  -4.5	28.5
  -3.5	31.5
  -2.5	30.5
  -1.5	25.5
  -0.5	36
   0.5	26.5
   1.5	25
   2.5	29.5
   3.5	43
   4.5	22
   5.5	30.5
   6.5	20.5
   7.5	29
   8.5	33
   9.5	29
  10.5	34.5
  11.5	40
  12.5	28
  13.5	19
  14.5	27
  15.5	27
  16.5	32
  17.5	43
  18.5	31.5
  19.5	29
  20.5	36
  21.5	24
  22.5	31
  23.5	30.75
  24.5	26.0833
  25.5	28.5
  26.5	27
  27.5	35.5
  28.5	33.8333
  29.5	28.5
  30.5	22.5
  31.5	25.25
  32.5	37.3333
  33.5	27.5
  34.5	32.8333
  35.5	23.75
  36.5	30
  37.5	31
  38.5	31.5
  39.5	21.75
  40.5	27.5
  41.5	25
  42.5	34.5
  43.5	27.25
  44.5	33.5
  45.5	28.5
  46.5	22.5
  47.5	25
  48.5	30
  49.5	27.5
  50.5	21.5
  51.5	25
  52.5	31.5
  53.5	24
  54.5	27.5
  55.5	22.5
  56.5	32.5
  57.5	26.5
  58.5	27.5
  59.5	27
  60.5	27
  61.5	21.5
  62.5	31
  63.5	28
  64.5	24.5
  65.5	32.3333
  66.5	38
  67.5	27
  68.5	23.75
  69.5	28.25
  70.5	32
  71.5	24
  72.5	35.5
  73.5	20.5
  74.5	25
  75.5	26
  76.5	27.5
  77.5	23.5
  78.5	41.3333
  79.5	23.3333
  80.5	21
  81.5	21
  82.5	28.5
  83.5	43
  84.5	30
  85.5	23
  86.5	26
  87.5	20.3333
  88.5	26
  89.5	22
  90.5	25.5
  91.5	27
  92.5	33.5
  93.5	35
  94.5	25
  95.5	35
  96.5	25.5
  97.5	38
  98.5	29.5
  99.5	27.5
 100.5	20
 101.5	33
 102.5	34
 103.5	30
 104.5	30
 105.5	24.5
 106.5	32
 107.5	26
 108.5	30.5
 109.5	26.5
 110.5	24
 111.5	32.5
 112.5	22
 113.5	37
 114.5	29
 115.5	22.5
 116.5	26.5
 117.5	31
 118.5	37.5
 119.5	23
 120.5	15
 121.5	19
 122.5	18.5
 123.5	23.5
 124.5	28
 125.5	29
 126.5	22.5
 127.5	23.5
 128.5	31
 129.5	26
 130.5	32
 131.5	22
 132.5	17
 133.5	25.5
 134.5	25.5
 135.5	27.5
 136.5	18.5
 137.5	36
 138.5	24
 139.5	28
 140.5	24
 141.5	25.5
 142.5	23
 143.5	23
 144.5	30
 145.5	31
 146.5	25
 147.5	25
 148.5	31.5
 149.5	25
 150.5	22.5
 151.5	25
 152.5	23
 153.5	20
 154.5	34.5
 155.5	27
 156.5	24.5
 157.5	26
 158.5	24.5
 159.5	12.3333
 160.5	24.5
 161.5	29
 162.5	26
 163.5	23
 164.5	28
 165.5	27.5
 166.5	21
 167.5	34.5
 168.5	22.5
 169.5	29
 170.5	20
 171.5	23
 172.5	23
 173.5	25
 174.5	22
 175.5	28
 176.5	28
 177.5	33
 178.5	27.5
 179.5	31
 180.5	21
 181.5	26.5
 182.5	27.5
 183.5	26
 184.5	35.5
 185.5	31.5
 186.5	20
 187.5	20
 188.5	22
 189.5	22
 190.5	21.5
 191.5	25
 192.5	25
 193.5	21
 194.5	21.5
 195.5	25.5
 196.5	20
 197.5	18
 198.5	29
 199.5	28
 200.5	21
 201.5	27
 202.5	28
 203.5	24.5
 204.5	22.5
 205.5	30
 206.5	23
 207.5	21.5
 208.5	34.5
 209.5	22
 210.5	26
 211.5	31
 212.5	37
 213.5	25
 214.5	24.5
 215.5	27
 216.5	22
 217.5	28
 218.5	24
 219.5	19.5
 220.5	22
 221.5	19
 222.5	18
 223.5	24
 224.5	34
 225.5	17.5
 226.5	16
 227.5	26
 228.5	19
 229.5	33.5
 230.5	21.5
DB 2 MOTIF	ATF2_HUMAN.H11MO.2.C
-229.5	3
-228.5	3
-227.5	4
-226.5	0
-225.5	5
-224.5	1
-223.5	0
-222.5	0
-221.5	1
-220.5	0
-219.5	2
-218.5	3.5
-217.5	1.5
-216.5	0
-215.5	2.5
-214.5	2.5
-213.5	2
-212.5	1
-211.5	4
-210.5	4
-209.5	2
-208.5	1
-207.5	3
-206.5	2
-205.5	2
-204.5	1.5
-203.5	3.5
-202.5	3
-201.5	1
-200.5	2.5
-199.5	5.5
-198.5	2
-197.5	1
-196.5	3
-195.5	1.5
-194.5	4.5
-193.5	1
-192.5	4
-191.5	4
-190.5	1
-189.5	2
-188.5	1.5
-187.5	2.5
-186.5	4
-185.5	2
-184.5	0
-183.5	0
-182.5	0
-181.5	1
-180.5	2.5
-179.5	3
-178.5	1.5
-177.5	2
-176.5	2
-175.5	1
-174.5	1
-173.5	0
-172.5	1
-171.5	1
-170.5	2
-169.5	4
-168.5	2
-167.5	3.5
-166.5	2.5
-165.5	3
-164.5	1
-163.5	0
-162.5	0
-161.5	2
-160.5	3
-159.5	1
-158.5	2
-157.5	1
-156.5	2
-155.5	0
-154.5	1
-153.5	1.5
-152.5	1.5
-151.5	0
-150.5	1
-149.5	1
-148.5	0
-147.5	1
-146.5	0
-145.5	1
-144.5	0
-143.5	0
-142.5	1
-141.5	2
-140.5	4
-139.5	1
-138.5	0
-137.5	1
-136.5	1
-135.5	1
-134.5	3
-133.5	3
-132.5	3
-131.5	2
-130.5	3
-129.5	1
-128.5	3
-127.5	2
-126.5	1
-125.5	0
-124.5	3
-123.5	1.33333
-122.5	0
-121.5	2
-120.5	1
-119.5	1
-118.5	1
-117.5	2
-116.5	9
-115.5	4
-114.5	0
-113.5	1
-112.5	4
-111.5	3
-110.5	2
-109.5	0
-108.5	1
-107.5	3
-106.5	2.33333
-105.5	1.33333
-104.5	0
-103.5	6
-102.5	1
-101.5	2
-100.5	1
 -99.5	0.5
 -98.5	3.5
 -97.5	1
 -96.5	2
 -95.5	3
 -94.5	3
 -93.5	3.5
 -92.5	1
 -91.5	2
 -90.5	3
 -89.5	3
 -88.5	2
 -87.5	0
 -86.5	1
 -85.5	2
 -84.5	2
 -83.5	5.5
 -82.5	2
 -81.5	2
 -80.5	2.5
 -79.5	1
 -78.5	2
 -77.5	1
 -76.5	3
 -75.5	6
 -74.5	4
 -73.5	0
 -72.5	4
 -71.5	0.5
 -70.5	3.5
 -69.5	2
 -68.5	3
 -67.5	2
 -66.5	3.5
 -65.5	1.5
 -64.5	1
 -63.5	5
 -62.5	2
 -61.5	6
 -60.5	5
 -59.5	1
 -58.5	2
 -57.5	1
 -56.5	1
 -55.5	2
 -54.5	2
 -53.5	1
 -52.5	1
 -51.5	1
 -50.5	2
 -49.5	4.5
 -48.5	0
 -47.5	5
 -46.5	2
 -45.5	3
 -44.5	3
 -43.5	1.5
 -42.5	3.5
 -41.5	5.5
 -40.5	3
 -39.5	2
 -38.5	4
 -37.5	4
 -36.5	1
 -35.5	3
 -34.5	5
 -33.5	2
 -32.5	3.5
 -31.5	4
 -30.5	3.5
 -29.5	3.5
 -28.5	4.5
 -27.5	4
 -26.5	2
 -25.5	5
 -24.5	1.5
 -23.5	3
 -22.5	4
 -21.5	3
 -20.5	3
 -19.5	5
 -18.5	3
 -17.5	5
 -16.5	0
 -15.5	3.5
 -14.5	2.5
 -13.5	1
 -12.5	3.5
 -11.5	2
 -10.5	9.5
  -9.5	5
  -8.5	6
  -7.5	2
  -6.5	2
  -5.5	3
  -4.5	4
  -3.5	3
  -2.5	1
  -1.5	4
  -0.5	0
   0.5	5
   1.5	4
   2.5	5
   3.5	2
   4.5	2
   5.5	2
   6.5	2
   7.5	3
   8.5	2
   9.5	8
  10.5	6
  11.5	1
  12.5	4
  13.5	6
  14.5	2
  15.5	3
  16.5	1
  17.5	4.5
  18.5	2.5
  19.5	3
  20.5	3
  21.5	1
  22.5	4
  23.5	4
  24.5	1.5
  25.5	3.5
  26.5	4
  27.5	5
  28.5	3
  29.5	0.5
  30.5	3.5
  31.5	1
  32.5	4.5
  33.5	2.5
  34.5	1
  35.5	4
  36.5	2
  37.5	1
  38.5	4
  39.5	0
  40.5	2
  41.5	1
  42.5	6
  43.5	1
  44.5	1
  45.5	4
  46.5	2
  47.5	1
  48.5	2
  49.5	3
  50.5	1.5
  51.5	6.5
  52.5	3.5
  53.5	5
  54.5	3.5
  55.5	1
  56.5	0
  57.5	2
  58.5	1
  59.5	5
  60.5	0
  61.5	2
  62.5	3
  63.5	3
  64.5	5
  65.5	1
  66.5	3
  67.5	0
  68.5	1.5
  69.5	2.5
  70.5	1
  71.5	4
  72.5	1
  73.5	1
  74.5	1
  75.5	4
  76.5	1
  77.5	0.5
  78.5	3.83333
  79.5	2
  80.5	4
  81.5	2
  82.5	6
  83.5	0
  84.5	0
  85.5	4
  86.5	1
  87.5	4
  88.5	2
  89.5	3
  90.5	0
  91.5	1
  92.5	2.5
  93.5	4.5
  94.5	0
  95.5	6.33333
  96.5	3.33333
  97.5	1.5
  98.5	0.5
  99.5	1
 100.5	1
 101.5	1.5
 102.5	3
 103.5	1
 104.5	4
 105.5	2
 106.5	3
 107.5	2
 108.5	1
 109.5	0
 110.5	3
 111.5	0
 112.5	2
 113.5	2
 114.5	1
 115.5	1
 116.5	0
 117.5	2
 118.5	2
 119.5	0.5
 120.5	2.5
 121.5	0
 122.5	2
 123.5	3
 124.5	1
 125.5	1
 126.5	3
 127.5	0
 128.5	0
 129.5	1
 130.5	1
 131.5	0
 132.5	0
 133.5	2
 134.5	1.5
 135.5	1.5
 136.5	2
 137.5	2
 138.5	1
 139.5	3
 140.5	1
 141.5	0
 142.5	4
 143.5	0
 144.5	2
 145.5	3
 146.5	1
 147.5	1
 148.5	2
 149.5	1
 150.5	2
 151.5	2
 152.5	3
 153.5	2
 154.5	2.5
 155.5	1
 156.5	1
 157.5	0
 158.5	1
 159.5	0
 160.5	1
 161.5	2
 162.5	0
 163.5	0
 164.5	1.5
 165.5	3.5
 166.5	1
 167.5	1
 168.5	1
 169.5	2
 170.5	2
 171.5	0
 172.5	0
 173.5	4
 174.5	0
 175.5	1
 176.5	4
 177.5	1
 178.5	4
 179.5	0.5
 180.5	0.5
 181.5	1
 182.5	1
 183.5	2
 184.5	0
 185.5	2
 186.5	4
 187.5	0
 188.5	2
 189.5	3
 190.5	2
 191.5	1
 192.5	0
 193.5	1
 194.5	1
 195.5	0
 196.5	2
 197.5	1
 198.5	1
 199.5	1
 200.5	2
 201.5	1
 202.5	2
 203.5	0
 204.5	2
 205.5	2
 206.5	2
 207.5	2
 208.5	0
 209.5	0
 210.5	0
 211.5	1
 212.5	3
 213.5	1
 214.5	0
 215.5	0
 216.5	1
 217.5	0
 218.5	2
 219.5	3
 220.5	2
 221.5	1
 222.5	0
 223.5	0
 224.5	0
 225.5	0
 226.5	2.5
 227.5	3.5
 228.5	2
 229.5	1
DB 2 MOTIF	ATF3_HUMAN.H11MO.0.A
-229.5	33
-228.5	45
-227.5	30
-226.5	31.5
-225.5	24
-224.5	22
-223.5	22
-222.5	19
-221.5	23.5
-220.5	36.5
-219.5	21.3333
-218.5	21.5
-217.5	16.5
-216.5	29
-215.5	20
-214.5	26.5
-213.5	19
-212.5	31.5
-211.5	23
-210.5	30
-209.5	25
-208.5	24
-207.5	25.5
-206.5	30.5
-205.5	27.5
-204.5	24
-203.5	30.5
-202.5	30.5
-201.5	28.5
-200.5	25.5
-199.5	36.5
-198.5	29
-197.5	28.5
-196.5	25
-195.5	25
-194.5	34.5333
-193.5	23.3333
-192.5	24.5
-191.5	29
-190.5	24.3333
-189.5	20
-188.5	26.5
-187.5	27.5
-186.5	32
-185.5	22
-184.5	23.5
-183.5	16
-182.5	23
-181.5	30.5
-180.5	33.5
-179.5	35.5
-178.5	29.3333
-177.5	34
-176.5	27.5
-175.5	27.5
-174.5	29.5
-173.5	26
-172.5	20
-171.5	26
-170.5	35
-169.5	21.5
-168.5	23.5
-167.5	16.5
-166.5	24.5
-165.5	30
-164.5	30.2
-163.5	22
-162.5	23
-161.5	19
-160.5	29.5
-159.5	28
-158.5	29
-157.5	22
-156.5	26
-155.5	25.5
-154.5	24.5
-153.5	22.5
-152.5	12.5
-151.5	23.5
-150.5	26.5
-149.5	21
-148.5	24.5
-147.5	30.5
-146.5	18
-145.5	25
-144.5	19
-143.5	29
-142.5	16
-141.5	27.5
-140.5	33
-139.5	24
-138.5	13
-137.5	23.5
-136.5	34
-135.5	27.5
-134.5	18.7
-133.5	23
-132.5	20
-131.5	21
-130.5	27
-129.5	33
-128.5	31
-127.5	19
-126.5	25
-125.5	28
-124.5	18.5
-123.5	21.3333
-122.5	28
-121.5	17
-120.5	29
-119.5	29
-118.5	24
-117.5	17
-116.5	26
-115.5	30.5
-114.5	34.5
-113.5	33
-112.5	23.5
-111.5	27
-110.5	28
-109.5	31
-108.5	22.5
-107.5	28.5
-106.5	20.3333
-105.5	28.3333
-104.5	33.2
-103.5	23
-102.5	24
-101.5	22.5
-100.5	26
 -99.5	26.5
 -98.5	27.5
 -97.5	18.5
 -96.5	21.5
 -95.5	26
 -94.5	21
 -93.5	21.5
 -92.5	33
 -91.5	27
 -90.5	25
 -89.5	36
 -88.5	25.5
 -87.5	26.5
 -86.5	19
 -85.5	26
 -84.5	23
 -83.5	28.5
 -82.5	16.5
 -81.5	23.5
 -80.5	22
 -79.5	29
 -78.5	26
 -77.5	26
 -76.5	32
 -75.5	30
 -74.5	28.7
 -73.5	24
 -72.5	24
 -71.5	30.5
 -70.5	25.3333
 -69.5	23
 -68.5	24
 -67.5	33
 -66.5	31.5
 -65.5	29.5
 -64.5	18
 -63.5	29
 -62.5	24
 -61.5	28
 -60.5	33
 -59.5	17
 -58.5	20.5
 -57.5	27.5
 -56.5	27
 -55.5	39
 -54.5	19.3333
 -53.5	20.5
 -52.5	28
 -51.5	40
 -50.5	21
 -49.5	27
 -48.5	27
 -47.5	35
 -46.5	23
 -45.5	27
 -44.5	36
 -43.5	32.5
 -42.5	19
 -41.5	31.5
 -40.5	31
 -39.5	31
 -38.5	36.8333
 -37.5	23.5
 -36.5	30
 -35.5	32
 -34.5	27
 -33.5	26
 -32.5	23.5
 -31.5	40
 -30.5	29
 -29.5	27
 -28.5	24.5
 -27.5	24
 -26.5	38
 -25.5	31
 -24.5	21
 -23.5	30
 -22.5	42
 -21.5	40.5
 -20.5	29.5
 -19.5	31
 -18.5	26
 -17.5	25
 -16.5	23
 -15.5	29.5
 -14.5	28.5
 -13.5	28.5
 -12.5	32
 -11.5	41
 -10.5	42
  -9.5	32.5
  -8.5	26.5
  -7.5	33
  -6.5	22
  -5.5	26
  -4.5	24
  -3.5	26.5
  -2.5	27.5
  -1.5	29
  -0.5	31
   0.5	26.5
   1.5	31.5
   2.5	28
   3.5	31
   4.5	21.5
   5.5	32.5
   6.5	19
   7.5	28
   8.5	29
   9.5	35.5
  10.5	27
  11.5	31
  12.5	25
  13.5	36
  14.5	30
  15.5	21
  16.5	25.5
  17.5	34.5
  18.5	33.5
  19.5	27
  20.5	27.5
  21.5	27
  22.5	29
  23.5	35.5
  24.5	33.8333
  25.5	28
  26.5	26.5
  27.5	32
  28.5	24
  29.5	20.5
  30.5	38
  31.5	28.5
  32.5	32.5
  33.5	40.5
  34.5	25.5
  35.5	26.5
  36.5	40
  37.5	34
  38.5	30
  39.5	23
  40.5	31.5
  41.5	23.5
  42.5	28
  43.5	28
  44.5	29.5
  45.5	35
  46.5	25
  47.5	27
  48.5	27
  49.5	30
  50.5	20.5
  51.5	36.5
  52.5	28.5
  53.5	25.5
  54.5	26.5
  55.5	28
  56.5	26
  57.5	23
  58.5	25
  59.5	29
  60.5	13.5
  61.5	28.5
  62.5	23.5
  63.5	36
  64.5	21
  65.5	27
  66.5	19
  67.5	25
  68.5	32.3333
  69.5	26.8333
  70.5	36
  71.5	28
  72.5	35.5
  73.5	19.5
  74.5	26
  75.5	27.5
  76.5	22
  77.5	25
  78.5	30.8333
  79.5	25
  80.5	28
  81.5	30
  82.5	36.5
  83.5	25.5
  84.5	29
  85.5	33
  86.5	21.5
  87.5	20
  88.5	22.5
  89.5	28.5
  90.5	24
  91.5	25
  92.5	27.5
  93.5	26.5
  94.5	28
  95.5	18.6667
  96.5	23.3333
  97.5	28.5
  98.5	23
  99.5	22
 100.5	18
 101.5	27.5
 102.5	25.5
 103.5	26.5
 104.5	24
 105.5	20.5
 106.5	28
 107.5	26
 108.5	24
 109.5	31
 110.5	30
 111.5	25
 112.5	22
 113.5	24
 114.5	16.5
 115.5	23
 116.5	20
 117.5	30
 118.5	26.5
 119.5	26.5
 120.5	22.5
 121.5	8.5
 122.5	21
 123.5	25
 124.5	24
 125.5	21
 126.5	24.5
 127.5	27.5
 128.5	25.8333
 129.5	23.5
 130.5	25
 131.5	22
 132.5	29
 133.5	23
 134.5	30.5
 135.5	29.5
 136.5	27
 137.5	14
 138.5	31
 139.5	30
 140.5	20.5
 141.5	21
 142.5	35
 143.5	24
 144.5	28
 145.5	29
 146.5	23
 147.5	18
 148.5	23
 149.5	29.5
 150.5	25
 151.5	23
 152.5	31.3333
 153.5	21
 154.5	20.5
 155.5	25
 156.5	24
 157.5	23
 158.5	22
 159.5	20
 160.5	26
 161.5	28.3333
 162.5	29
 163.5	19
 164.5	24
 165.5	17
 166.5	29
 167.5	22
 168.5	17.5
 169.5	20
 170.5	24
 171.5	24
 172.5	24
 173.5	24
 174.5	18
 175.5	37
 176.5	23
 177.5	25
 178.5	22.3333
 179.5	25
 180.5	18
 181.5	21
 182.5	27.5
 183.5	15.5
 184.5	26
 185.5	25
 186.5	24
 187.5	18
 188.5	32.5
 189.5	21
 190.5	32
 191.5	22
 192.5	24.5
 193.5	26.5
 194.5	24.3333
 195.5	31
 196.5	19
 197.5	20
 198.5	28
 199.5	25
 200.5	25
 201.5	12
 202.5	30
 203.5	35
 204.5	20.3333
 205.5	21
 206.5	17
 207.5	15
 208.5	27.5
 209.5	23
 210.5	20
 211.5	28
 212.5	30
 213.5	21
 214.5	20
 215.5	21
 216.5	24
 217.5	22
 218.5	28
 219.5	25
 220.5	27
 221.5	29
 222.5	23
 223.5	20.5
 224.5	19.5
 225.5	31.5
 226.5	30
 227.5	27.5
 228.5	26
 229.5	33.5
DB 2 MOTIF	ATF4_HUMAN.H11MO.0.A
-229.0	8
-228.0	10
-227.0	10
-226.0	9
-225.0	6
-224.0	7
-223.0	9
-222.0	7
-221.0	6
-220.0	12
-219.0	10
-218.0	13
-217.0	6
-216.0	9
-215.0	6
-214.0	8
-213.0	5
-212.0	5
-211.0	12
-210.0	5
-209.0	9
-208.0	10
-207.0	2.5
-206.0	8
-205.0	9
-204.0	8
-203.0	9
-202.0	10
-201.0	11
-200.0	3
-199.0	9
-198.0	5
-197.0	5
-196.0	5
-195.0	8
-194.0	5
-193.0	10
-192.0	7
-191.0	9
-190.0	6
-189.0	6
-188.0	5
-187.0	9
-186.0	6
-185.0	6
-184.0	6
-183.0	7
-182.0	8
-181.0	3
-180.0	7
-179.0	4
-178.0	10
-177.0	5
-176.0	5
-175.0	8
-174.0	7
-173.0	6
-172.0	8
-171.0	11
-170.0	5
-169.0	8
-168.0	13
-167.0	8
-166.0	10
-165.0	10
-164.0	13
-163.0	6
-162.0	8
-161.0	4
-160.0	8
-159.0	9
-158.0	7
-157.0	2
-156.0	11
-155.0	3
-154.0	6
-153.0	7
-152.0	7
-151.0	6
-150.0	9
-149.0	6
-148.0	3
-147.0	6.5
-146.0	8
-145.0	8
-144.0	6
-143.0	7
-142.0	5
-141.0	6
-140.0	7
-139.0	5
-138.0	8
-137.0	7
-136.0	8
-135.0	7
-134.0	8
-133.0	8
-132.0	8
-131.0	6
-130.0	12
-129.0	7
-128.0	7
-127.0	11.5
-126.0	9
-125.0	13
-124.0	13
-123.0	4
-122.0	10
-121.0	5
-120.0	10
-119.0	3
-118.0	8
-117.0	10
-116.0	7
-115.0	9
-114.0	4
-113.0	6
-112.0	4
-111.0	7
-110.0	10
-109.0	9
-108.0	8
-107.0	4
-106.0	8
-105.0	6
-104.0	5
-103.0	11.5
-102.0	10
-101.0	7.5
-100.0	10
 -99.0	10
 -98.0	9
 -97.0	3
 -96.0	9
 -95.0	9
 -94.0	6
 -93.0	3
 -92.0	11
 -91.0	8
 -90.0	6.5
 -89.0	10
 -88.0	8
 -87.0	4
 -86.0	7.5
 -85.0	3
 -84.0	9
 -83.0	6
 -82.0	5
 -81.0	9
 -80.0	3
 -79.0	10
 -78.0	6
 -77.0	6
 -76.0	6
 -75.0	5
 -74.0	5
 -73.0	6
 -72.0	4
 -71.0	5
 -70.0	9
 -69.0	8
 -68.0	7
 -67.0	5
 -66.0	7
 -65.0	7
 -64.0	5
 -63.0	4
 -62.0	10
 -61.0	9
 -60.0	8
 -59.0	4
 -58.0	8
 -57.0	5
 -56.0	4
 -55.0	2
 -54.0	3
 -53.0	9
 -52.0	9
 -51.0	9
 -50.0	4
 -49.0	6
 -48.0	3
 -47.0	8
 -46.0	8.5
 -45.0	8
 -44.0	4
 -43.0	11
 -42.0	3
 -41.0	4
 -40.0	12
 -39.0	2
 -38.0	11
 -37.0	6
 -36.0	8
 -35.0	6
 -34.0	7
 -33.0	11
 -32.0	9
 -31.0	5
 -30.0	10
 -29.0	6
 -28.0	9
 -27.0	13
 -26.0	18
 -25.0	10
 -24.0	7
 -23.0	7
 -22.0	11
 -21.0	9
 -20.0	14
 -19.0	6
 -18.0	10
 -17.0	7
 -16.0	9
 -15.0	10
 -14.0	7
 -13.0	14
 -12.0	10
 -11.0	4
 -10.0	13
  -9.0	8
  -8.0	9
  -7.0	5
  -6.0	6
  -5.0	3
  -4.0	13
  -3.0	6
  -2.0	8
  -1.0	5
   0.0	8
   1.0	8
   2.0	10
   3.0	7
   4.0	7
   5.0	8
   6.0	8
   7.0	8
   8.0	8
   9.0	8
  10.0	11
  11.0	5
  12.0	6
  13.0	10
  14.0	15
  15.0	6
  16.0	10
  17.0	5
  18.0	12
  19.0	11
  20.0	11
  21.0	7
  22.0	14
  23.0	12
  24.0	10
  25.0	8
  26.0	8
  27.0	7
  28.0	10
  29.0	10
  30.0	3
  31.0	12.5
  32.0	6
  33.0	5
  34.0	10
  35.0	7
  36.0	13
  37.0	7
  38.0	4
  39.0	8
  40.0	8
  41.0	5
  42.0	6
  43.0	5
  44.0	14
  45.0	6.5
  46.0	7
  47.0	5
  48.0	9
  49.0	8
  50.0	7
  51.0	6
  52.0	6
  53.0	10.5
  54.0	6
  55.0	5
  56.0	7
  57.0	5
  58.0	8
  59.0	9
  60.0	5
  61.0	4
  62.0	9.5
  63.0	14
  64.0	7
  65.0	11
  66.0	5
  67.0	8
  68.0	3
  69.0	7
  70.0	5
  71.0	8
  72.0	10
  73.0	7.5
  74.0	8
  75.0	9
  76.0	8
  77.0	11
  78.0	5
  79.0	7
  80.0	7
  81.0	4
  82.0	5
  83.0	7
  84.0	4
  85.0	13
  86.0	5
  87.0	13
  88.0	14
  89.0	12
  90.0	9
  91.0	7
  92.0	11
  93.0	9
  94.0	7
  95.0	7
  96.0	6.33333
  97.0	5
  98.0	7
  99.0	6
 100.0	9
 101.0	5
 102.0	4
 103.0	9
 104.0	5
 105.0	11
 106.0	6
 107.0	5.5
 108.0	10
 109.0	6
 110.0	5
 111.0	2.5
 112.0	9
 113.0	9.5
 114.0	6
 115.0	9
 116.0	6
 117.0	4
 118.0	5
 119.0	5
 120.0	4
 121.0	5
 122.0	3
 123.0	7
 124.0	9
 125.0	3
 126.0	6
 127.0	9
 128.0	5
 129.0	4.33333
 130.0	13
 131.0	6
 132.0	3
 133.0	9
 134.0	10
 135.0	8
 136.0	5
 137.0	3
 138.0	9
 139.0	13
 140.0	6
 141.0	9
 142.0	6
 143.0	9
 144.0	9
 145.0	6
 146.0	7
 147.0	6
 148.0	16
 149.0	10
 150.0	10
 151.0	5
 152.0	5
 153.0	4
 154.0	7
 155.0	5
 156.0	11
 157.0	4
 158.0	10
 159.0	8
 160.0	9
 161.0	4
 162.0	9.33333
 163.0	6
 164.0	8
 165.0	1
 166.0	11
 167.0	6
 168.0	6
 169.0	3
 170.0	13
 171.0	3
 172.0	5
 173.0	9
 174.0	17
 175.0	16
 176.0	10
 177.0	8
 178.0	3
 179.0	5
 180.0	7
 181.0	6
 182.0	7
 183.0	7
 184.0	5
 185.0	10
 186.0	10
 187.0	10
 188.0	10
 189.0	9
 190.0	11
 191.0	7
 192.0	6
 193.0	10
 194.0	7
 195.0	7
 196.0	8
 197.0	9
 198.0	8
 199.0	7
 200.0	7
 201.0	4
 202.0	11
 203.0	10
 204.0	9
 205.0	10
 206.0	13
 207.0	7
 208.0	6
 209.0	6
 210.0	9
 211.0	11
 212.0	10
 213.0	7
 214.0	8
 215.0	5
 216.0	6
 217.0	8
 218.0	5
 219.0	8
 220.0	6
 221.0	9
 222.0	8
 223.0	8
 224.0	8
 225.0	11
 226.0	9
 227.0	10
 228.0	4
 229.0	6
DB 2 MOTIF	ATF6A_HUMAN.H11MO.0.B
-229.0	9
-228.0	9
-227.0	6
-226.0	6
-225.0	11
-224.0	7
-223.0	7
-222.0	10
-221.0	7.5
-220.0	10
-219.0	6
-218.0	5
-217.0	7
-216.0	6
-215.0	8
-214.0	8
-213.0	6
-212.0	8
-211.0	6
-210.0	8
-209.0	9
-208.0	10
-207.0	7
-206.0	14
-205.0	11
-204.0	9
-203.0	10
-202.0	5
-201.0	11
-200.0	10
-199.0	7.5
-198.0	9
-197.0	8
-196.0	4.5
-195.0	12
-194.0	4
-193.0	8
-192.0	3
-191.0	6
-190.0	7.5
-189.0	8
-188.0	9.5
-187.0	3
-186.0	8.5
-185.0	2
-184.0	10
-183.0	6
-182.0	5.5
-181.0	9
-180.0	13
-179.0	12.5
-178.0	10.5
-177.0	5
-176.0	3
-175.0	7
-174.0	4
-173.0	6.5
-172.0	8
-171.0	14
-170.0	5
-169.0	4
-168.0	12
-167.0	7
-166.0	9
-165.0	4
-164.0	7
-163.0	6.5
-162.0	9
-161.0	5.5
-160.0	7
-159.0	6
-158.0	9
-157.0	15
-156.0	7
-155.0	7
-154.0	10
-153.0	8
-152.0	6
-151.0	4
-150.0	9
-149.0	8
-148.0	4
-147.0	6
-146.0	8
-145.0	4
-144.0	4
-143.0	7
-142.0	7
-141.0	7
-140.0	9
-139.0	9
-138.0	8
-137.0	8
-136.0	1
-135.0	9
-134.0	4.5
-133.0	11
-132.0	5
-131.0	8
-130.0	7
-129.0	6
-128.0	5
-127.0	13
-126.0	9
-125.0	9
-124.0	10.5
-123.0	9
-122.0	12
-121.0	16
-120.0	7
-119.0	7
-118.0	16.5
-117.0	7
-116.0	8
-115.0	11
-114.0	9
-113.0	7
-112.0	7
-111.0	10
-110.0	5
-109.0	11
-108.0	6
-107.0	9
-106.0	6
-105.0	8
-104.0	7
-103.0	7.5
-102.0	6
-101.0	6.5
-100.0	6
 -99.0	5
 -98.0	5
 -97.0	9.5
 -96.0	9
 -95.0	8
 -94.0	5
 -93.0	13
 -92.0	6
 -91.0	8
 -90.0	10
 -89.0	7.16667
 -88.0	8
 -87.0	12
 -86.0	10
 -85.0	4
 -84.0	11
 -83.0	4
 -82.0	10
 -81.0	12
 -80.0	8
 -79.0	9
 -78.0	8
 -77.0	11
 -76.0	6
 -75.0	3.5
 -74.0	8
 -73.0	9
 -72.0	6
 -71.0	13
 -70.0	5
 -69.0	12
 -68.0	11
 -67.0	15
 -66.0	6
 -65.0	7
 -64.0	9.5
 -63.0	7
 -62.0	6
 -61.0	6
 -60.0	9
 -59.0	11.5
 -58.0	12
 -57.0	4
 -56.0	8
 -55.0	9
 -54.0	12
 -53.0	10
 -52.0	8
 -51.0	8
 -50.0	12
 -49.0	7
 -48.0	8
 -47.0	7
 -46.0	12
 -45.0	12
 -44.0	10
 -43.0	12
 -42.0	12
 -41.0	8
 -40.0	9
 -39.0	7
 -38.0	7
 -37.0	16
 -36.0	12
 -35.0	7
 -34.0	11
 -33.0	10
 -32.0	5
 -31.0	10.5
 -30.0	8.5
 -29.0	9.5
 -28.0	10
 -27.0	15
 -26.0	6.5
 -25.0	13
 -24.0	8
 -23.0	9
 -22.0	5
 -21.0	10
 -20.0	12
 -19.0	9
 -18.0	7
 -17.0	5
 -16.0	11
 -15.0	9
 -14.0	9
 -13.0	12
 -12.0	12.5
 -11.0	12
 -10.0	15
  -9.0	11
  -8.0	7
  -7.0	7
  -6.0	10
  -5.0	5
  -4.0	6
  -3.0	14
  -2.0	5
  -1.0	9
   0.0	4
   1.0	7
   2.0	4
   3.0	11
   4.0	11
   5.0	8
   6.0	13
   7.0	9
   8.0	10
   9.0	9
  10.0	13
  11.0	10
  12.0	10.1667
  13.0	11
  14.0	8
  15.0	16
  16.0	12.5
  17.0	8
  18.0	13
  19.0	7
  20.0	8.5
  21.0	12
  22.0	8.5
  23.0	5
  24.0	9
  25.0	6
  26.0	10
  27.0	8
  28.0	7
  29.0	8
  30.0	10
  31.0	6
  32.0	10
  33.0	11
  34.0	8
  35.0	12
  36.0	1.5
  37.0	9
  38.0	7
  39.0	11
  40.0	9
  41.0	13
  42.0	12
  43.0	10
  44.0	5
  45.0	6
  46.0	13
  47.0	7
  48.0	12
  49.0	9
  50.0	9
  51.0	7
  52.0	13.5
  53.0	10
  54.0	9
  55.0	9
  56.0	7
  57.0	5
  58.0	9
  59.0	5
  60.0	14
  61.0	12.1667
  62.0	12
  63.0	9
  64.0	9
  65.0	12
  66.0	12
  67.0	13
  68.0	12.5
  69.0	7
  70.0	9
  71.0	9
  72.0	9
  73.0	11
  74.0	6
  75.0	5
  76.0	10
  77.0	10
  78.0	8
  79.0	6
  80.0	12.5
  81.0	12.5
  82.0	8
  83.0	7
  84.0	9
  85.0	9
  86.0	2
  87.0	9
  88.0	9
  89.0	4
  90.0	5
  91.0	8
  92.0	3
  93.0	15
  94.0	6
  95.0	6
  96.0	7
  97.0	3
  98.0	4
  99.0	8
 100.0	7
 101.0	7
 102.0	3
 103.0	10
 104.0	6
 105.0	8
 106.0	9
 107.0	7
 108.0	10
 109.0	10
 110.0	3.16667
 111.0	7
 112.0	7
 113.0	6
 114.0	7
 115.0	6
 116.0	7
 117.0	5
 118.0	12
 119.0	8
 120.0	8
 121.0	6
 122.0	4
 123.0	5
 124.0	2
 125.0	10
 126.0	7.5
 127.0	8
 128.0	6.5
 129.0	7
 130.0	5
 131.0	8.5
 132.0	9
 133.0	4
 134.0	13
 135.0	8
 136.0	4
 137.0	10
 138.0	6
 139.0	1
 140.0	7
 141.0	8
 142.0	6
 143.0	3
 144.0	10
 145.0	8
 146.0	3
 147.0	12
 148.0	8
 149.0	8
 150.0	4
 151.0	3
 152.0	4
 153.0	7
 154.0	6
 155.0	5
 156.0	10.5
 157.0	6
 158.0	12
 159.0	3.16667
 160.0	8
 161.0	8
 162.0	4
 163.0	8
 164.0	3
 165.0	11
 166.0	7
 167.0	7
 168.0	5
 169.0	7
 170.0	7
 171.0	5
 172.0	4
 173.0	9
 174.0	9
 175.0	4
 176.0	11
 177.0	5
 178.0	2
 179.0	12
 180.0	6
 181.0	7
 182.0	9
 183.0	6
 184.0	7
 185.0	5
 186.0	2
 187.0	6
 188.0	8
 189.0	8
 190.0	6
 191.0	7
 192.0	8
 193.0	8
 194.0	8
 195.0	7
 196.0	7
 197.0	4
 198.0	8
 199.0	6
 200.0	6
 201.0	5
 202.0	8
 203.0	2
 204.0	8
 205.0	6
 206.0	5
 207.0	6
 208.0	4.16667
 209.0	7
 210.0	6
 211.0	9
 212.0	3
 213.0	4
 214.0	6
 215.0	5
 216.0	3
 217.0	5
 218.0	10
 219.0	7
 220.0	5
 221.0	7
 222.0	3
 223.0	9
 224.0	6
 225.0	5
 226.0	4
 227.0	5
 228.0	6
 229.0	8
DB 2 MOTIF	ATF7_HUMAN.H11MO.0.D
-229.5	5
-228.5	3
-227.5	2
-226.5	0
-225.5	4
-224.5	2
-223.5	1
-222.5	2
-221.5	1.5
-220.5	0.5
-219.5	6.33333
-218.5	0.5
-217.5	1.5
-216.5	2
-215.5	2.5
-214.5	2.5
-213.5	2
-212.5	3
-211.5	4
-210.5	2
-209.5	3
-208.5	2
-207.5	3
-206.5	3
-205.5	3
-204.5	0.5
-203.5	3.5
-202.5	3
-201.5	1
-200.5	3.5
-199.5	1.5
-198.5	3
-197.5	2
-196.5	3
-195.5	1.5
-194.5	3.83333
-193.5	2.33333
-192.5	4
-191.5	3
-190.5	2
-189.5	2
-188.5	2.5
-187.5	1.5
-186.5	3
-185.5	2
-184.5	1
-183.5	2
-182.5	0
-181.5	2
-180.5	3.5
-179.5	2
-178.5	1.5
-177.5	0
-176.5	2
-175.5	1
-174.5	0
-173.5	2
-172.5	1
-171.5	2
-170.5	2
-169.5	5
-168.5	2
-167.5	1.5
-166.5	4.5
-165.5	1
-164.5	1
-163.5	0
-162.5	1
-161.5	1
-160.5	4
-159.5	1
-158.5	1
-157.5	3
-156.5	1
-155.5	1
-154.5	1
-153.5	1.5
-152.5	1.5
-151.5	0
-150.5	2
-149.5	2
-148.5	2
-147.5	0
-146.5	1
-145.5	2
-144.5	1
-143.5	0
-142.5	1
-141.5	2
-140.5	4
-139.5	1
-138.5	1
-137.5	1
-136.5	0
-135.5	3
-134.5	1
-133.5	4
-132.5	3
-131.5	3
-130.5	4
-129.5	2
-128.5	2
-127.5	2
-126.5	1
-125.5	1
-124.5	1
-123.5	1.33333
-122.5	0
-121.5	3
-120.5	1
-119.5	1
-118.5	1
-117.5	2
-116.5	5
-115.5	5
-114.5	0
-113.5	4
-112.5	3
-111.5	1
-110.5	2
-109.5	0
-108.5	2
-107.5	2
-106.5	3.33333
-105.5	1.33333
-104.5	4
-103.5	5
-102.5	2.5
-101.5	2.5
-100.5	2
 -99.5	0.5
 -98.5	2.5
 -97.5	1
 -96.5	4
 -95.5	1
 -94.5	4
 -93.5	4.5
 -92.5	1
 -91.5	1
 -90.5	6
 -89.5	2
 -88.5	4
 -87.5	0
 -86.5	2
 -85.5	3
 -84.5	1
 -83.5	2.5
 -82.5	3
 -81.5	0.5
 -80.5	2
 -79.5	2
 -78.5	2
 -77.5	2
 -76.5	4
 -75.5	4
 -74.5	6
 -73.5	0
 -72.5	3
 -71.5	1
 -70.5	4
 -69.5	1
 -68.5	1
 -67.5	1
 -66.5	3
 -65.5	2
 -64.5	2
 -63.5	5
 -62.5	1
 -61.5	3
 -60.5	4
 -59.5	3
 -58.5	1
 -57.5	1
 -56.5	1
 -55.5	3
 -54.5	1
 -53.5	1
 -52.5	0
 -51.5	2
 -50.5	4
 -49.5	2
 -48.5	1.5
 -47.5	6
 -46.5	3
 -45.5	3
 -44.5	4
 -43.5	4.5
 -42.5	3
 -41.5	4
 -40.5	2
 -39.5	4
 -38.5	3
 -37.5	6
 -36.5	1
 -35.5	1
 -34.5	7
 -33.5	1
 -32.5	3.5
 -31.5	5
 -30.5	3.5
 -29.5	4.5
 -28.5	3.5
 -27.5	4
 -26.5	1
 -25.5	3
 -24.5	1
 -23.5	5.5
 -22.5	4
 -21.5	4
 -20.5	3
 -19.5	5
 -18.5	5
 -17.5	4
 -16.5	1
 -15.5	2.5
 -14.5	4.5
 -13.5	0
 -12.5	4.5
 -11.5	4
 -10.5	6.5
  -9.5	5
  -8.5	4
  -7.5	3
  -6.5	1
  -5.5	3
  -4.5	3
  -3.5	6
  -2.5	1
  -1.5	5
  -0.5	1
   0.5	3
   1.5	2
   2.5	8
   3.5	2
   4.5	1
   5.5	3
   6.5	4
   7.5	4
   8.5	4
   9.5	7
  10.5	9
  11.5	0
  12.5	4
  13.5	5
  14.5	4
  15.5	4
  16.5	3
  17.5	4.5
  18.5	4.5
  19.5	4
  20.5	4
  21.5	0
  22.5	5
  23.5	6
  24.5	1.5
  25.5	2.5
  26.5	3
  27.5	3
  28.5	4
  29.5	1.5
  30.5	4
  31.5	3.5
  32.5	3.5
  33.5	4.5
  34.5	0
  35.5	5
  36.5	3
  37.5	1
  38.5	2
  39.5	1
  40.5	4
  41.5	3
  42.5	6
  43.5	3
  44.5	0
  45.5	4
  46.5	2
  47.5	2
  48.5	1
  49.5	4
  50.5	1.5
  51.5	4.5
  52.5	3.5
  53.5	5
  54.5	2.5
  55.5	1
  56.5	0
  57.5	3
  58.5	1
  59.5	4
  60.5	2
  61.5	2
  62.5	0
  63.5	5
  64.5	5
  65.5	3
  66.5	0
  67.5	2
  68.5	2.5
  69.5	1.5
  70.5	2
  71.5	1
  72.5	0
  73.5	3
  74.5	0
  75.5	3
  76.5	4
  77.5	1.5
  78.5	2.83333
  79.5	4
  80.5	2
  81.5	1
  82.5	7
  83.5	0
  84.5	0
  85.5	4
  86.5	1
  87.5	3
  88.5	2
  89.5	2
  90.5	3
  91.5	1
  92.5	3.5
  93.5	3.5
  94.5	0
  95.5	7.33333
  96.5	3.33333
  97.5	1.5
  98.5	3.5
  99.5	1
 100.5	0
 101.5	0.5
 102.5	2
 103.5	2
 104.5	5
 105.5	0
 106.5	4
 107.5	1
 108.5	1
 109.5	1
 110.5	3
 111.5	1.5
 112.5	3.5
 113.5	2
 114.5	0
 115.5	1
 116.5	0
 117.5	2
 118.5	1
 119.5	0.5
 120.5	4.5
 121.5	0
 122.5	2
 123.5	1
 124.5	0
 125.5	1
 126.5	2.5
 127.5	2.5
 128.5	1
 129.5	1
 130.5	2
 131.5	2
 132.5	1
 133.5	2
 134.5	3
 135.5	3
 136.5	3
 137.5	2
 138.5	0
 139.5	2
 140.5	0
 141.5	1
 142.5	4
 143.5	2
 144.5	1
 145.5	3
 146.5	1
 147.5	2
 148.5	1
 149.5	1
 150.5	1
 151.5	1
 152.5	2
 153.5	3
 154.5	1.5
 155.5	2
 156.5	0
 157.5	0
 158.5	1
 159.5	0
 160.5	1
 161.5	2
 162.5	1
 163.5	1
 164.5	2
 165.5	2
 166.5	3
 167.5	1
 168.5	2
 169.5	2
 170.5	2
 171.5	0
 172.5	0
 173.5	3
 174.5	0
 175.5	2
 176.5	4
 177.5	4
 178.5	4
 179.5	0.5
 180.5	0.5
 181.5	1
 182.5	0
 183.5	1
 184.5	2
 185.5	3
 186.5	2
 187.5	0
 188.5	1
 189.5	1
 190.5	4
 191.5	1
 192.5	1
 193.5	1
 194.5	0
 195.5	0
 196.5	0
 197.5	1
 198.5	1
 199.5	1
 200.5	1
 201.5	1
 202.5	0
 203.5	1
 204.5	1
 205.5	2
 206.5	4
 207.5	1
 208.5	0
 209.5	0
 210.5	0
 211.5	1
 212.5	2
 213.5	3
 214.5	0
 215.5	0
 216.5	1
 217.5	0
 218.5	3
 219.5	3
 220.5	1
 221.5	3
 222.5	2
 223.5	1
 224.5	1
 225.5	3
 226.5	2.5
 227.5	3.5
 228.5	2
 229.5	1
DB 2 MOTIF	BACH1_HUMAN.H11MO.0.A
-228.5	34
-227.5	28
-226.5	26
-225.5	25
-224.5	35
-223.5	37
-222.5	16
-221.5	33
-220.5	33
-219.5	25
-218.5	27
-217.5	40
-216.5	23
-215.5	18
-214.5	22
-213.5	24
-212.5	36
-211.5	35
-210.5	26.5
-209.5	24
-208.5	30
-207.5	25
-206.5	25
-205.5	20
-204.5	31
-203.5	37
-202.5	36
-201.5	31
-200.5	36.5
-199.5	27
-198.5	40
-197.5	19
-196.5	30
-195.5	27
-194.5	37
-193.5	35
-192.5	27
-191.5	27
-190.5	33
-189.5	22
-188.5	30
-187.5	36
-186.5	37
-185.5	34
-184.5	37
-183.5	23
-182.5	32
-181.5	33
-180.5	31
-179.5	29
-178.5	31.5
-177.5	32
-176.5	18
-175.5	18
-174.5	38
-173.5	28.5
-172.5	26
-171.5	21
-170.5	18
-169.5	33
-168.5	22.5
-167.5	21
-166.5	42
-165.5	24
-164.5	29
-163.5	30
-162.5	32
-161.5	28
-160.5	23
-159.5	29
-158.5	27
-157.5	30
-156.5	27
-155.5	33
-154.5	20
-153.5	24
-152.5	23.5
-151.5	33
-150.5	23
-149.5	29
-148.5	33.5
-147.5	36
-146.5	23
-145.5	32.5
-144.5	21
-143.5	35
-142.5	29
-141.5	34
-140.5	24
-139.5	20
-138.5	31.3333
-137.5	23
-136.5	34
-135.5	29.5
-134.5	23
-133.5	25
-132.5	39
-131.5	22.5
-130.5	32
-129.5	17.5
-128.5	26
-127.5	22
-126.5	29
-125.5	31
-124.5	33.5
-123.5	30
-122.5	28
-121.5	33
-120.5	37
-119.5	20
-118.5	29
-117.5	30
-116.5	44
-115.5	36
-114.5	33
-113.5	30
-112.5	25
-111.5	30
-110.5	31
-109.5	33
-108.5	28.3333
-107.5	28
-106.5	25
-105.5	43
-104.5	27
-103.5	30
-102.5	34
-101.5	13
-100.5	28
 -99.5	35
 -98.5	39.5
 -97.5	31
 -96.5	35
 -95.5	27
 -94.5	30
 -93.5	22
 -92.5	28
 -91.5	20
 -90.5	24
 -89.5	30.5
 -88.5	33
 -87.5	32
 -86.5	21
 -85.5	21
 -84.5	28
 -83.5	42
 -82.5	23
 -81.5	28.5
 -80.5	30
 -79.5	40
 -78.5	28.3333
 -77.5	36
 -76.5	38
 -75.5	34
 -74.5	27
 -73.5	22.5
 -72.5	32
 -71.5	31
 -70.5	34
 -69.5	39.5
 -68.5	34
 -67.5	40
 -66.5	27
 -65.5	33.5
 -64.5	30
 -63.5	37
 -62.5	25
 -61.5	27.5
 -60.5	20
 -59.5	30
 -58.5	41
 -57.5	26
 -56.5	33.5
 -55.5	20
 -54.5	31
 -53.5	25.5
 -52.5	33
 -51.5	31
 -50.5	51
 -49.5	39
 -48.5	29.5
 -47.5	28
 -46.5	28
 -45.5	27
 -44.5	30
 -43.5	32
 -42.5	38
 -41.5	37
 -40.5	42
 -39.5	28
 -38.5	21
 -37.5	32
 -36.5	38
 -35.5	23
 -34.5	31
 -33.5	31
 -32.5	44.5
 -31.5	31
 -30.5	31
 -29.5	38
 -28.5	45
 -27.5	41
 -26.5	25.5
 -25.5	35
 -24.5	36
 -23.5	24
 -22.5	40
 -21.5	32
 -20.5	31
 -19.5	29.5
 -18.5	23
 -17.5	34
 -16.5	24
 -15.5	28
 -14.5	28
 -13.5	39
 -12.5	24
 -11.5	27
 -10.5	35
  -9.5	31
  -8.5	27
  -7.5	25
  -6.5	32
  -5.5	26
  -4.5	30
  -3.5	34
  -2.5	35
  -1.5	24
  -0.5	26.5
   0.5	38
   1.5	26
   2.5	32
   3.5	29.5
   4.5	38
   5.5	32
   6.5	28
   7.5	23
   8.5	37
   9.5	32
  10.5	30
  11.5	26
  12.5	27
  13.5	32
  14.5	21
  15.5	25
  16.5	36
  17.5	40
  18.5	43
  19.5	30
  20.5	23
  21.5	34
  22.5	30
  23.5	39
  24.5	40
  25.5	30
  26.5	24
  27.5	34
  28.5	22
  29.5	29
  30.5	29
  31.5	37
  32.5	39
  33.5	29
  34.5	25
  35.5	25.5
  36.5	29
  37.5	28.5
  38.5	30.5
  39.5	27
  40.5	28
  41.5	34
  42.5	23
  43.5	32.5
  44.5	28.5
  45.5	21
  46.5	32
  47.5	17
  48.5	36
  49.5	29
  50.5	28
  51.5	33
  52.5	26
  53.5	34
  54.5	25
  55.5	27
  56.5	23
  57.5	27
  58.5	25
  59.5	25
  60.5	31
  61.5	22
  62.5	26
  63.5	30
  64.5	32
  65.5	24
  66.5	32
  67.5	22
  68.5	36.5
  69.5	16
  70.5	33.5
  71.5	26
  72.5	31
  73.5	18
  74.5	31
  75.5	40
  76.5	33
  77.5	34.5
  78.5	32
  79.5	27
  80.5	37
  81.5	30
  82.5	37.5
  83.5	28
  84.5	37
  85.5	36
  86.5	29
  87.5	28
  88.5	26
  89.5	33
  90.5	40
  91.5	27
  92.5	41.5
  93.5	18
  94.5	33
  95.5	34
  96.5	30
  97.5	37
  98.5	29
  99.5	25
 100.5	29
 101.5	18.5
 102.5	29
 103.5	28.5
 104.5	35
 105.5	35
 106.5	26.5
 107.5	31
 108.5	28
 109.5	26
 110.5	27
 111.5	36
 112.5	25
 113.5	33
 114.5	26
 115.5	21
 116.5	30
 117.5	16
 118.5	30
 119.5	33
 120.5	23
 121.5	28
 122.5	24
 123.5	27
 124.5	36
 125.5	32
 126.5	31
 127.5	34
 128.5	19
 129.5	26
 130.5	26
 131.5	32
 132.5	34
 133.5	21
 134.5	29
 135.5	31
 136.5	29
 137.5	24
 138.5	34
 139.5	32
 140.5	21
 141.5	24
 142.5	38
 143.5	31
 144.5	20.5
 145.5	18
 146.5	26
 147.5	35
 148.5	17
 149.5	23
 150.5	24
 151.5	23
 152.5	22
 153.5	28
 154.5	21
 155.5	22
 156.5	30
 157.5	21
 158.5	30
 159.5	27
 160.5	30
 161.5	34
 162.5	27
 163.5	29
 164.5	23
 165.5	31
 166.5	42
 167.5	25
 168.5	28
 169.5	25
 170.5	26
 171.5	24
 172.5	22
 173.5	23
 174.5	31
 175.5	45
 176.5	26.5
 177.5	22
 178.5	26
 179.5	23
 180.5	26
 181.5	27
 182.5	26
 183.5	24
 184.5	36
 185.5	29
 186.5	24.5
 187.5	33
 188.5	22
 189.5	25
 190.5	34
 191.5	25
 192.5	25
 193.5	18
 194.5	30
 195.5	28
 196.5	24
 197.5	23.5
 198.5	39
 199.5	22
 200.5	38.5
 201.5	21.5
 202.5	24
 203.5	32
 204.5	36
 205.5	36
 206.5	34
 207.5	27.5
 208.5	24
 209.5	32
 210.5	29
 211.5	21
 212.5	26
 213.5	28
 214.5	22
 215.5	21
 216.5	31
 217.5	25
 218.5	32.5
 219.5	30
 220.5	28
 221.5	22
 222.5	31
 223.5	26
 224.5	32
 225.5	29.5
 226.5	30
 227.5	29.5
 228.5	22
DB 2 MOTIF	BHE40_HUMAN.H11MO.0.A
-230.0	30
-229.0	30.5
-228.0	24
-227.0	25
-226.0	23.5
-225.0	25
-224.0	23
-223.0	23
-222.0	19
-221.0	34
-220.0	35
-219.0	34
-218.0	30
-217.0	33
-216.0	25
-215.0	26
-214.0	22
-213.0	27.5
-212.0	26
-211.0	34
-210.0	26
-209.0	15
-208.0	28
-207.0	27
-206.0	21
-205.0	21
-204.0	29
-203.0	26.5
-202.0	23
-201.0	19
-200.0	17
-199.0	34
-198.0	27
-197.0	22
-196.0	26
-195.0	25
-194.0	15.5
-193.0	40.5
-192.0	20.8333
-191.0	32
-190.0	29
-189.0	28
-188.0	28
-187.0	34
-186.0	33
-185.0	28
-184.0	21
-183.0	28
-182.0	23
-181.0	19
-180.0	18
-179.0	23
-178.0	32
-177.0	27
-176.0	24
-175.0	29.5
-174.0	38
-173.0	19
-172.0	18
-171.0	25
-170.0	33
-169.0	21.5
-168.0	16
-167.0	16.5
-166.0	19
-165.0	18
-164.0	26
-163.0	26
-162.0	22
-161.0	21
-160.0	30.5
-159.0	22
-158.0	22.3333
-157.0	33
-156.0	19
-155.0	31
-154.0	25
-153.0	23
-152.0	16
-151.0	28.5
-150.0	23.5
-149.0	28
-148.0	26
-147.0	33
-146.0	22
-145.0	20
-144.0	19
-143.0	38
-142.0	25
-141.0	22.5
-140.0	26
-139.0	24
-138.0	24
-137.0	24.5
-136.0	33.5
-135.0	25
-134.0	20
-133.0	25.5
-132.0	21.5
-131.0	20.5
-130.0	22.5
-129.0	20
-128.0	21.5
-127.0	23
-126.0	19
-125.0	22
-124.0	21.8333
-123.0	31
-122.0	23.5
-121.0	19.5
-120.0	21.5
-119.0	26.5
-118.0	17.5
-117.0	32.3333
-116.0	21
-115.0	22
-114.0	18
-113.0	25
-112.0	20
-111.0	27
-110.0	27
-109.0	23.5
-108.0	27.5
-107.0	33.5
-106.0	29
-105.0	31
-104.0	28
-103.0	21
-102.0	27
-101.0	20
-100.0	31
 -99.0	20
 -98.0	22.5
 -97.0	25
 -96.0	23
 -95.0	19.5
 -94.0	19
 -93.0	28
 -92.0	26.5
 -91.0	20
 -90.0	23
 -89.0	21
 -88.0	29.5
 -87.0	18
 -86.0	14
 -85.0	24.5
 -84.0	30.5
 -83.0	26.5
 -82.0	31
 -81.0	29.5
 -80.0	31
 -79.0	24
 -78.0	23.5
 -77.0	37
 -76.0	33
 -75.0	24
 -74.0	31
 -73.0	29
 -72.0	23
 -71.0	30
 -70.0	25
 -69.0	28
 -68.0	27
 -67.0	30
 -66.0	27
 -65.0	23.5
 -64.0	25
 -63.0	28.5
 -62.0	30
 -61.0	31
 -60.0	39
 -59.0	27
 -58.0	23
 -57.0	21.5
 -56.0	27.5
 -55.0	30
 -54.0	28.5
 -53.0	30.8333
 -52.0	41.5
 -51.0	28.5
 -50.0	30.5
 -49.0	28
 -48.0	19
 -47.0	31
 -46.0	18.5
 -45.0	19
 -44.0	31
 -43.0	26
 -42.0	25
 -41.0	34.5
 -40.0	29
 -39.0	27.5
 -38.0	31.5
 -37.0	24
 -36.0	26
 -35.0	24.5
 -34.0	35
 -33.0	28
 -32.0	27
 -31.0	27.5
 -30.0	28.5
 -29.0	38
 -28.0	27
 -27.0	33
 -26.0	42
 -25.0	27
 -24.0	27.5
 -23.0	38
 -22.0	30
 -21.0	34
 -20.0	23.3333
 -19.0	36
 -18.0	33.5
 -17.0	30
 -16.0	26.5
 -15.0	26
 -14.0	42
 -13.0	32
 -12.0	26
 -11.0	24
 -10.0	22.5
  -9.0	27
  -8.0	26.5
  -7.0	31
  -6.0	28
  -5.0	33
  -4.0	28
  -3.0	31
  -2.0	23
  -1.0	26
   0.0	26
   1.0	23
   2.0	26.5
   3.0	34
   4.0	31
   5.0	33
   6.0	18
   7.0	25.5
   8.0	29
   9.0	34.5
  10.0	24
  11.0	44
  12.0	36
  13.0	20
  14.0	25
  15.0	29
  16.0	24
  17.0	28
  18.0	26
  19.0	28
  20.0	40
  21.0	31
  22.0	25
  23.0	30.5
  24.0	30.5
  25.0	25
  26.0	21
  27.0	33.5
  28.0	34
  29.0	21
  30.0	30
  31.0	35
  32.0	29
  33.0	38
  34.0	27
  35.0	40
  36.0	34
  37.0	31
  38.0	24
  39.0	25
  40.0	22
  41.0	31.5
  42.0	33
  43.0	30
  44.0	30
  45.0	25
  46.0	24
  47.0	21
  48.0	23
  49.0	26
  50.0	28
  51.0	27.5
  52.0	33
  53.0	26
  54.0	27
  55.0	21
  56.0	31
  57.0	32
  58.0	25
  59.0	27
  60.0	23
  61.0	25.5
  62.0	32
  63.0	24
  64.0	21
  65.0	16
  66.0	22
  67.0	20
  68.0	34
  69.0	25
  70.0	34
  71.0	33
  72.0	21.5
  73.0	38
  74.0	34
  75.0	22.5
  76.0	26
  77.0	24
  78.0	30.3333
  79.0	28
  80.0	23
  81.0	28
  82.0	30
  83.0	37
  84.0	24.5
  85.0	20
  86.0	20
  87.0	20
  88.0	24
  89.0	16
  90.0	31
  91.0	28
  92.0	22
  93.0	31
  94.0	23
  95.0	24
  96.0	19
  97.0	24
  98.0	25
  99.0	25
 100.0	23.5
 101.0	32
 102.0	25
 103.0	23
 104.0	29
 105.0	24
 106.0	25.5
 107.0	21.5
 108.0	31
 109.0	22.5
 110.0	25
 111.0	18
 112.0	26
 113.0	21.5
 114.0	29
 115.0	25
 116.0	24
 117.0	28
 118.0	35.5
 119.0	27
 120.0	25
 121.0	25.5
 122.0	19
 123.0	28
 124.0	26
 125.0	24
 126.0	24.5
 127.0	23
 128.0	20.5
 129.0	28
 130.0	14
 131.0	23
 132.0	18
 133.0	19
 134.0	26
 135.0	33
 136.0	30.3333
 137.0	25
 138.0	29.5
 139.0	20
 140.0	22.5
 141.0	26.5
 142.0	29
 143.0	32
 144.0	32
 145.0	23
 146.0	16
 147.0	20
 148.0	22
 149.0	17
 150.0	31
 151.0	25
 152.0	26
 153.0	22.5
 154.0	29
 155.0	13
 156.0	26
 157.0	18
 158.0	21
 159.0	21
 160.0	28
 161.0	25
 162.0	30.5
 163.0	24.5
 164.0	23
 165.0	18
 166.0	22
 167.0	20.5
 168.0	30.5
 169.0	16.5
 170.0	23
 171.0	26
 172.0	32
 173.0	22
 174.0	29
 175.0	27
 176.0	20
 177.0	39
 178.0	17
 179.0	20.5
 180.0	21
 181.0	29
 182.0	30
 183.0	28
 184.0	17
 185.0	29
 186.0	15
 187.0	24
 188.0	30
 189.0	16.5
 190.0	23.5
 191.0	32
 192.0	25
 193.0	23
 194.0	30.5
 195.0	25.5
 196.0	27
 197.0	25
 198.0	22
 199.0	27
 200.0	31
 201.0	25
 202.0	24
 203.0	30
 204.0	37
 205.0	22.5
 206.0	23
 207.0	23.5
 208.0	25
 209.0	24
 210.0	23
 211.0	26
 212.0	25
 213.0	23
 214.0	22
 215.0	19
 216.0	16
 217.0	25
 218.0	19
 219.0	29
 220.0	24
 221.0	30
 222.0	26.5
 223.0	19.8333
 224.0	19.5
 225.0	17
 226.0	23
 227.0	30
 228.0	37
 229.0	19
 230.0	27
DB 2 MOTIF	BHE41_HUMAN.H11MO.0.D
-225.0	17
-224.0	12
-223.0	15.5
-222.0	15
-221.0	28
-220.0	10
-219.0	18
-218.0	15
-217.0	27
-216.0	20
-215.0	20
-214.0	15
-213.0	15
-212.0	15
-211.0	16
-210.0	11
-209.0	17
-208.0	16
-207.0	13
-206.0	28
-205.0	12
-204.0	14
-203.0	21
-202.0	20
-201.0	16
-200.0	20
-199.0	26
-198.0	14
-197.0	17.1667
-196.0	14
-195.0	19
-194.0	16
-193.0	25
-192.0	16
-191.0	13.3333
-190.0	19
-189.0	12
-188.0	12
-187.0	25
-186.0	25
-185.0	17.5
-184.0	13
-183.0	16
-182.0	24
-181.0	15
-180.0	18
-179.0	23
-178.0	12
-177.0	15
-176.0	28
-175.0	16
-174.0	17
-173.0	15
-172.0	16
-171.0	22
-170.0	20
-169.0	21
-168.0	15
-167.0	15
-166.0	10
-165.0	21
-164.0	16
-163.0	10
-162.0	20
-161.0	14
-160.0	25.5
-159.0	14
-158.0	22
-157.0	14
-156.0	13
-155.0	14
-154.0	15
-153.0	18.1667
-152.0	11
-151.0	13
-150.0	15
-149.0	19
-148.0	14
-147.0	11
-146.0	12
-145.0	12
-144.0	11
-143.0	12
-142.0	15
-141.0	13
-140.0	15
-139.0	18
-138.0	14
-137.0	15
-136.0	14
-135.0	20
-134.0	20
-133.0	14
-132.0	18
-131.0	22
-130.0	15
-129.0	10
-128.0	24
-127.0	12
-126.0	23.3333
-125.0	16
-124.0	12
-123.0	13
-122.0	19
-121.0	17
-120.0	15
-119.0	9
-118.0	17
-117.0	11
-116.0	12.5
-115.0	16
-114.0	15
-113.0	12
-112.0	15
-111.0	10
-110.0	22
-109.0	22.1667
-108.0	15
-107.0	20
-106.0	13
-105.0	15
-104.0	18
-103.0	14
-102.0	14
-101.0	24
-100.0	22
 -99.0	20
 -98.0	17
 -97.0	20
 -96.0	19
 -95.0	24
 -94.0	9
 -93.0	28
 -92.0	17
 -91.0	13
 -90.0	15
 -89.0	18
 -88.0	22
 -87.0	21
 -86.0	20
 -85.0	15
 -84.0	18
 -83.0	19
 -82.0	22
 -81.0	23
 -80.0	18
 -79.0	29
 -78.0	13
 -77.0	17
 -76.0	16
 -75.0	24
 -74.0	15
 -73.0	23
 -72.0	15
 -71.0	20
 -70.0	23
 -69.0	15
 -68.0	15
 -67.0	13
 -66.0	12
 -65.0	21.1667
 -64.0	14
 -63.0	14
 -62.0	19
 -61.0	17.3333
 -60.0	18
 -59.0	26
 -58.0	22
 -57.0	28
 -56.0	16
 -55.0	21
 -54.0	12
 -53.0	22
 -52.0	17
 -51.0	26
 -50.0	24
 -49.0	20
 -48.0	22
 -47.0	29
 -46.0	23
 -45.0	19
 -44.0	17
 -43.0	14
 -42.0	24
 -41.0	27
 -40.0	19
 -39.0	19
 -38.0	21
 -37.0	9
 -36.0	23
 -35.0	7
 -34.0	24
 -33.0	25
 -32.0	15
 -31.0	15
 -30.0	28
 -29.0	25
 -28.0	16
 -27.0	17
 -26.0	15
 -25.0	20
 -24.0	19
 -23.0	22
 -22.0	11
 -21.0	24
 -20.0	16
 -19.0	25
 -18.0	22
 -17.0	36
 -16.0	14
 -15.0	17
 -14.0	32
 -13.0	16
 -12.0	16
 -11.0	21
 -10.0	19
  -9.0	19
  -8.0	20
  -7.0	9
  -6.0	21
  -5.0	15
  -4.0	15
  -3.0	12
  -2.0	13
  -1.0	22
   0.0	19
   1.0	19
   2.0	19
   3.0	23
   4.0	12
   5.0	24
   6.0	17
   7.0	18
   8.0	20
   9.0	23
  10.0	18
  11.0	22
  12.0	29
  13.0	19
  14.0	20
  15.0	20
  16.0	33
  17.0	26
  18.0	18
  19.0	18
  20.0	23
  21.0	21
  22.0	16
  23.0	23
  24.0	22
  25.0	13
  26.0	20
  27.0	19
  28.0	18
  29.0	14
  30.0	12
  31.0	11
  32.0	20
  33.0	18
  34.0	21
  35.0	23
  36.0	18
  37.0	25
  38.0	24
  39.0	22
  40.0	21
  41.0	18
  42.0	23
  43.0	25.1667
  44.0	22
  45.0	16
  46.0	14
  47.0	14
  48.0	21
  49.0	13
  50.0	18
  51.0	16
  52.0	18
  53.0	17
  54.0	21
  55.0	20
  56.0	19
  57.0	19
  58.0	24
  59.0	19
  60.0	13
  61.0	28
  62.0	25
  63.0	18
  64.0	23
  65.0	22
  66.0	15
  67.0	17
  68.0	21
  69.0	12
  70.0	23
  71.0	23
  72.0	14
  73.0	17.5
  74.0	20
  75.0	18
  76.0	11
  77.0	20
  78.0	17
  79.0	23
  80.0	15
  81.0	20
  82.0	10
  83.0	21
  84.0	20
  85.0	13
  86.0	21
  87.0	18.1667
  88.0	15
  89.0	16
  90.0	15
  91.0	14
  92.0	14
  93.0	13
  94.0	18
  95.0	18
  96.0	20
  97.0	16
  98.0	20
  99.0	20
 100.0	28
 101.0	16
 102.0	18
 103.0	13
 104.0	12
 105.0	13
 106.0	12
 107.0	12
 108.0	14
 109.0	12
 110.0	22
 111.0	19.5
 112.0	21
 113.0	14.5
 114.0	17
 115.0	14
 116.0	14.5
 117.0	15
 118.0	19
 119.0	19
 120.0	20
 121.0	11
 122.0	17
 123.0	24
 124.0	24
 125.0	17
 126.0	13
 127.0	19
 128.0	18
 129.0	18.5
 130.0	10
 131.0	12
 132.0	17
 133.0	17
 134.0	6
 135.0	10
 136.0	21
 137.0	20
 138.0	16
 139.0	12
 140.0	11.5
 141.0	9
 142.0	18
 143.0	13
 144.0	33
 145.0	20
 146.0	17
 147.0	26
 148.0	18
 149.0	10
 150.0	22
 151.0	16
 152.0	26
 153.0	21
 154.0	22
 155.0	19
 156.0	15
 157.0	13
 158.0	16
 159.0	23
 160.0	13
 161.0	16
 162.0	20
 163.0	9
 164.0	15
 165.0	16
 166.0	20
 167.0	11
 168.0	17.5
 169.0	16
 170.0	19
 171.0	14
 172.0	16.5
 173.0	18
 174.0	13
 175.0	22
 176.0	27
 177.0	12
 178.0	20
 179.0	13
 180.0	20
 181.0	17.5
 182.0	20
 183.0	21
 184.0	12
 185.0	16
 186.0	17
 187.0	16
 188.0	20
 189.0	14
 190.0	17
 191.0	13
 192.0	17
 193.0	13
 194.0	18
 195.0	14
 196.0	17
 197.0	12
 198.0	24
 199.0	20
 200.0	19.5
 201.0	16
 202.0	12
 203.0	17
 204.0	19
 205.0	12
 206.0	21
 207.0	16
 208.0	18
 209.0	11
 210.0	13
 211.0	24
 212.0	13
 213.0	14
 214.0	26
 215.0	13
 216.0	9
 217.0	23
 218.0	9
 219.0	15
 220.0	16
 221.0	16
 222.0	20
 223.0	17
 224.0	5
 225.0	16
DB 2 MOTIF	BMAL1_HUMAN.H11MO.0.A
-229.5	30
-228.5	29
-227.5	31
-226.5	27.5
-225.5	32
-224.5	28
-223.5	30
-222.5	20
-221.5	37
-220.5	28
-219.5	33.5
-218.5	34
-217.5	37.5
-216.5	35
-215.5	28
-214.5	31
-213.5	30
-212.5	28
-211.5	35
-210.5	27
-209.5	21.5
-208.5	19
-207.5	30
-206.5	46
-205.5	28.5
-204.5	31
-203.5	35
-202.5	28.5
-201.5	30.5
-200.5	32
-199.5	25
-198.5	26
-197.5	31
-196.5	23
-195.5	41
-194.5	27
-193.5	27
-192.5	28
-191.5	30.8333
-190.5	29.5
-189.5	36.5
-188.5	27
-187.5	26
-186.5	42
-185.5	30
-184.5	34
-183.5	27
-182.5	24
-181.5	29.5
-180.5	21.5
-179.5	22
-178.5	46
-177.5	30
-176.5	27
-175.5	25
-174.5	21
-173.5	21
-172.5	26.3333
-171.5	29
-170.5	32
-169.5	32.5
-168.5	23.5
-167.5	21
-166.5	23
-165.5	32
-164.5	20
-163.5	29
-162.5	22
-161.5	30
-160.5	33
-159.5	18
-158.5	21
-157.5	16.5
-156.5	34.5
-155.5	30.5
-154.5	35.5
-153.5	30
-152.5	22.5
-151.5	26
-150.5	29
-149.5	25
-148.5	28
-147.5	26
-146.5	19
-145.5	29
-144.5	23
-143.5	32
-142.5	29
-141.5	21
-140.5	28.5
-139.5	21
-138.5	28
-137.5	25
-136.5	27
-135.5	29
-134.5	23
-133.5	27
-132.5	25
-131.5	33
-130.5	18.5
-129.5	26.5
-128.5	23.5
-127.5	29
-126.5	26.3333
-125.5	22
-124.5	37.5
-123.5	23
-122.5	24.5
-121.5	25
-120.5	20.5
-119.5	33
-118.5	22.8333
-117.5	24
-116.5	29
-115.5	24.5
-114.5	26
-113.5	26
-112.5	31
-111.5	29
-110.5	27
-109.5	26
-108.5	17.8333
-107.5	32
-106.5	39
-105.5	35
-104.5	25
-103.5	34.5
-102.5	33
-101.5	29
-100.5	21
 -99.5	37
 -98.5	26
 -97.5	27.5
 -96.5	32
 -95.5	25
 -94.5	25
 -93.5	25.5
 -92.5	33
 -91.5	19.5
 -90.5	27
 -89.5	29
 -88.5	24.5
 -87.5	29.5
 -86.5	23
 -85.5	19
 -84.5	31
 -83.5	33
 -82.5	23
 -81.5	32.5
 -80.5	25
 -79.5	30
 -78.5	32
 -77.5	35
 -76.5	31.5
 -75.5	23.5
 -74.5	25
 -73.5	27
 -72.5	27.5
 -71.5	28
 -70.5	26.3333
 -69.5	33
 -68.5	26
 -67.5	27
 -66.5	23
 -65.5	28
 -64.5	33.5
 -63.5	45
 -62.5	36
 -61.5	29.3333
 -60.5	31
 -59.5	34
 -58.5	31
 -57.5	24
 -56.5	35
 -55.5	34
 -54.5	34.3333
 -53.5	36
 -52.5	36
 -51.5	35
 -50.5	21.5
 -49.5	28.5
 -48.5	30
 -47.5	36.5
 -46.5	29
 -45.5	27
 -44.5	22.5
 -43.5	31
 -42.5	26.5
 -41.5	21
 -40.5	36
 -39.5	29
 -38.5	28.3333
 -37.5	34
 -36.5	40
 -35.5	19
 -34.5	35
 -33.5	27.5
 -32.5	24.5
 -31.5	26.5
 -30.5	31.5
 -29.5	36.5
 -28.5	37.5
 -27.5	27.5
 -26.5	37
 -25.5	40
 -24.5	30.5
 -23.5	33
 -22.5	29
 -21.5	37.5
 -20.5	36.5
 -19.5	28.5
 -18.5	31
 -17.5	35
 -16.5	33
 -15.5	22
 -14.5	30.5
 -13.5	43
 -12.5	25.5
 -11.5	30
 -10.5	28
  -9.5	29
  -8.5	23.5
  -7.5	40.5
  -6.5	23.5
  -5.5	23.5
  -4.5	40
  -3.5	29
  -2.5	24
  -1.5	25
  -0.5	26
   0.5	26.5
   1.5	35.5
   2.5	34
   3.5	30
   4.5	37
   5.5	29
   6.5	28
   7.5	28
   8.5	28.5
   9.5	30
  10.5	40.5
  11.5	44.5
  12.5	28.5
  13.5	25
  14.5	39
  15.5	24.5
  16.5	32.5
  17.5	29
  18.5	28.5
  19.5	35.5
  20.5	38.5
  21.5	28
  22.5	29
  23.5	25
  24.5	33.3333
  25.5	28.5
  26.5	25
  27.5	33.5
  28.5	27
  29.5	35
  30.5	29
  31.5	22
  32.5	33
  33.5	25
  34.5	34.5
  35.5	38
  36.5	26.5
  37.5	32
  38.5	25
  39.5	35
  40.5	43
  41.5	30
  42.5	37.5
  43.5	27
  44.5	22
  45.5	20.5
  46.5	30.5
  47.5	30
  48.5	26
  49.5	27
  50.5	25
  51.5	20
  52.5	34
  53.5	27
  54.5	28.5
  55.5	21
  56.5	25
  57.5	28
  58.5	29
  59.5	22
  60.5	29
  61.5	29.5
  62.5	26.5
  63.5	32
  64.5	23
  65.5	20
  66.5	29
  67.5	31.5
  68.5	26.8333
  69.5	26.3333
  70.5	31
  71.5	26.3333
  72.5	24.5
  73.5	30.5
  74.5	24
  75.5	28
  76.5	27.5
  77.5	30
  78.5	30
  79.5	31
  80.5	33
  81.5	35
  82.5	27.5
  83.5	33.5
  84.5	26
  85.5	22
  86.5	17
  87.5	32
  88.5	30.5
  89.5	30.5
  90.5	28.5
  91.5	32
  92.5	28
  93.5	22.5
  94.5	28
  95.5	38
  96.5	31
  97.5	35
  98.5	32
  99.5	27.5
 100.5	22
 101.5	33
 102.5	25.5
 103.5	29
 104.5	30.5
 105.5	27
 106.5	23
 107.5	26
 108.5	36
 109.5	33.5
 110.5	24
 111.5	24.5
 112.5	33
 113.5	28
 114.5	19
 115.5	24.5
 116.5	27.5
 117.5	37.5
 118.5	29.5
 119.5	35
 120.5	26
 121.5	27
 122.5	32
 123.5	29
 124.5	30
 125.5	28
 126.5	27.5
 127.5	35.1667
 128.5	27.5
 129.5	23.5
 130.5	24
 131.5	25
 132.5	31
 133.5	24.5
 134.5	25
 135.5	31
 136.5	32.5
 137.5	28.3333
 138.5	33
 139.5	25.5
 140.5	20
 141.5	33
 142.5	22.5
 143.5	30
 144.5	28
 145.5	18
 146.5	29
 147.5	27
 148.5	23
 149.5	26
 150.5	27
 151.5	22
 152.5	24
 153.5	26.5
 154.5	21
 155.5	31
 156.5	26
 157.5	25
 158.5	21
 159.5	29
 160.5	31
 161.5	26
 162.5	27
 163.5	33
 164.5	25
 165.5	18
 166.5	20.5
 167.5	36
 168.5	19
 169.5	33.5
 170.5	27
 171.5	24
 172.5	32
 173.5	26
 174.5	31
 175.5	23
 176.5	26.5
 177.5	38.5
 178.5	21.5
 179.5	26
 180.5	29
 181.5	30
 182.5	35
 183.5	25
 184.5	34.8333
 185.5	28.5
 186.5	26
 187.5	21.5
 188.5	26.5
 189.5	29
 190.5	23
 191.5	36.8333
 192.5	24.5
 193.5	21.5
 194.5	35.5
 195.5	27
 196.5	35
 197.5	33
 198.5	30
 199.5	34
 200.5	36
 201.5	21.5
 202.5	35.5
 203.5	37.5
 204.5	35
 205.5	30
 206.5	35.5
 207.5	21
 208.5	27
 209.5	29
 210.5	40
 211.5	33
 212.5	25
 213.5	28
 214.5	35
 215.5	31
 216.5	22
 217.5	33
 218.5	21
 219.5	22
 220.5	22
 221.5	36.5
 222.5	20
 223.5	31.5
 224.5	31.5
 225.5	30
 226.5	33
 227.5	30
 228.5	40.5
 229.5	31.5
DB 2 MOTIF	CEBPZ_HUMAN.H11MO.0.D
-229.5	6.5
-228.5	12
-227.5	10
-226.5	6
-225.5	13
-224.5	14
-223.5	8
-222.5	10
-221.5	4
-220.5	17
-219.5	5
-218.5	7
-217.5	9
-216.5	13.5
-215.5	8
-214.5	8
-213.5	11
-212.5	11
-211.5	10
-210.5	10
-209.5	8
-208.5	6
-207.5	15
-206.5	10
-205.5	7
-204.5	13
-203.5	6
-202.5	9
-201.5	7
-200.5	10
-199.5	5
-198.5	5
-197.5	8
-196.5	9
-195.5	4.5
-194.5	9
-193.5	3.33333
-192.5	8
-191.5	1
-190.5	8
-189.5	13
-188.5	10
-187.5	7
-186.5	8
-185.5	9.33333
-184.5	5
-183.5	10.5
-182.5	16.5
-181.5	11
-180.5	8
-179.5	10
-178.5	15
-177.5	10
-176.5	5
-175.5	8.5
-174.5	7
-173.5	9.33333
-172.5	5
-171.5	7
-170.5	12
-169.5	6
-168.5	8
-167.5	8
-166.5	10
-165.5	4
-164.5	8
-163.5	10
-162.5	16.5
-161.5	6
-160.5	1
-159.5	11
-158.5	12
-157.5	11
-156.5	9
-155.5	10
-154.5	6
-153.5	7.33333
-152.5	7
-151.5	13
-150.5	14
-149.5	12
-148.5	12
-147.5	9.5
-146.5	3
-145.5	8
-144.5	6
-143.5	7
-142.5	6
-141.5	10
-140.5	14
-139.5	3
-138.5	7
-137.5	11
-136.5	9
-135.5	7
-134.5	10
-133.5	10
-132.5	10
-131.5	12
-130.5	6
-129.5	8
-128.5	7.5
-127.5	10
-126.5	12
-125.5	8
-124.5	8.33333
-123.5	6
-122.5	6
-121.5	7
-120.5	7
-119.5	10
-118.5	5
-117.5	5
-116.5	12.5
-115.5	8
-114.5	11.3333
-113.5	12
-112.5	10
-111.5	10
-110.5	10.5
-109.5	7
-108.5	10
-107.5	10
-106.5	11.5
-105.5	6
-104.5	6.5
-103.5	9
-102.5	9
-101.5	9
-100.5	6
 -99.5	8
 -98.5	14
 -97.5	10
 -96.5	10
 -95.5	7
 -94.5	8
 -93.5	7
 -92.5	12
 -91.5	8
 -90.5	6
 -89.5	12.5
 -88.5	10
 -87.5	8
 -86.5	7
 -85.5	7
 -84.5	13
 -83.5	9
 -82.5	9
 -81.5	9.5
 -80.5	15
 -79.5	7
 -78.5	9
 -77.5	4
 -76.5	6
 -75.5	14
 -74.5	15
 -73.5	9
 -72.5	18
 -71.5	15
 -70.5	9
 -69.5	7
 -68.5	15
 -67.5	11
 -66.5	6
 -65.5	9
 -64.5	10
 -63.5	15
 -62.5	8
 -61.5	14
 -60.5	5
 -59.5	11
 -58.5	11.3333
 -57.5	10
 -56.5	14
 -55.5	9.33333
 -54.5	9
 -53.5	15
 -52.5	14
 -51.5	10
 -50.5	14.5
 -49.5	15
 -48.5	6
 -47.5	15
 -46.5	13
 -45.5	13
 -44.5	11
 -43.5	13
 -42.5	11
 -41.5	18
 -40.5	14.5
 -39.5	11
 -38.5	11
 -37.5	8.33333
 -36.5	9
 -35.5	11
 -34.5	15
 -33.5	11
 -32.5	11
 -31.5	11.5
 -30.5	17.5
 -29.5	20
 -28.5	11
 -27.5	15
 -26.5	16
 -25.5	8
 -24.5	12
 -23.5	18
 -22.5	11
 -21.5	12
 -20.5	11
 -19.5	17
 -18.5	13
 -17.5	18.3333
 -16.5	8
 -15.5	9
 -14.5	7.5
 -13.5	9.5
 -12.5	13
 -11.5	18
 -10.5	8
  -9.5	10
  -8.5	14
  -7.5	14
  -6.5	9
  -5.5	11
  -4.5	12
  -3.5	6
  -2.5	15
  -1.5	12
  -0.5	8
   0.5	8
   1.5	9
   2.5	17
   3.5	10
   4.5	9
   5.5	14
   6.5	10.3333
   7.5	13
   8.5	9.5
   9.5	10
  10.5	12
  11.5	16
  12.5	11.3333
  13.5	12.3333
  14.5	9
  15.5	7
  16.5	9
  17.5	12
  18.5	7
  19.5	10
  20.5	12
  21.5	20
  22.5	10
  23.5	7.5
  24.5	18
  25.5	15
  26.5	12
  27.5	14
  28.5	12
  29.5	10
  30.5	10.5
  31.5	13
  32.5	14.3333
  33.5	10
  34.5	20
  35.5	10
  36.5	9.83333
  37.5	7
  38.5	11
  39.5	5
  40.5	12
  41.5	9
  42.5	12
  43.5	14.5
  44.5	18
  45.5	9.5
  46.5	13
  47.5	11
  48.5	12.5
  49.5	12.5
  50.5	16
  51.5	8
  52.5	12
  53.5	12
  54.5	13
  55.5	10
  56.5	7
  57.5	8
  58.5	18
  59.5	11
  60.5	10
  61.5	13
  62.5	10
  63.5	7.5
  64.5	16
  65.5	6
  66.5	10
  67.5	13
  68.5	9
  69.5	9
  70.5	4.5
  71.5	7
  72.5	12.5
  73.5	7.5
  74.5	6
  75.5	6
  76.5	12
  77.5	9
  78.5	12
  79.5	17
  80.5	14
  81.5	5.33333
  82.5	5.5
  83.5	5.33333
  84.5	11
  85.5	11
  86.5	10
  87.5	8
  88.5	7
  89.5	9
  90.5	9
  91.5	5
  92.5	6
  93.5	9
  94.5	9
  95.5	10
  96.5	9
  97.5	11.5
  98.5	5
  99.5	7
 100.5	6
 101.5	8
 102.5	7
 103.5	7
 104.5	7
 105.5	10
 106.5	6
 107.5	4
 108.5	8
 109.5	8
 110.5	8
 111.5	11
 112.5	6
 113.5	8
 114.5	10
 115.5	12
 116.5	11
 117.5	9
 118.5	12
 119.5	7
 120.5	7
 121.5	4
 122.5	12
 123.5	13.5
 124.5	6
 125.5	16
 126.5	8
 127.5	9
 128.5	9.5
 129.5	16
 130.5	8
 131.5	8
 132.5	11
 133.5	10
 134.5	10
 135.5	7
 136.5	7.5
 137.5	7.5
 138.5	7
 139.5	10
 140.5	6
 141.5	5
 142.5	7
 143.5	7.5
 144.5	7
 145.5	9
 146.5	8
 147.5	6
 148.5	8
 149.5	4
 150.5	6
 151.5	7
 152.5	7
 153.5	6
 154.5	7
 155.5	6
 156.5	5
 157.5	11
 158.5	4
 159.5	13
 160.5	7
 161.5	10
 162.5	6
 163.5	11
 164.5	4.33333
 165.5	11
 166.5	11
 167.5	7
 168.5	7
 169.5	8
 170.5	9
 171.5	10.5
 172.5	8
 173.5	5
 174.5	10.5
 175.5	11
 176.5	11
 177.5	13
 178.5	5
 179.5	10
 180.5	7
 181.5	5
 182.5	7
 183.5	11
 184.5	4
 185.5	11
 186.5	9
 187.5	14
 188.5	4
 189.5	8
 190.5	4
 191.5	4
 192.5	8
 193.5	10
 194.5	4.5
 195.5	7
 196.5	8
 197.5	4
 198.5	6
 199.5	12
 200.5	6
 201.5	7
 202.5	8.5
 203.5	5
 204.5	7
 205.5	11
 206.5	8
 207.5	7
 208.5	4
 209.5	7
 210.5	10
 211.5	14
 212.5	6
 213.5	3
 214.5	6
 215.5	7
 216.5	8
 217.5	7
 218.5	6
 219.5	4
 220.5	8
 221.5	8
 222.5	3
 223.5	5
 224.5	10
 225.5	2
 226.5	7.5
 227.5	7
 228.5	8.5
 229.5	9
DB 2 MOTIF	CENPB_HUMAN.H11MO.0.D
-226.5	2
-225.5	5
-224.5	4
-223.5	2
-222.5	4
-221.5	1
-220.5	3
-219.5	4
-218.5	1
-217.5	4
-216.5	2
-215.5	4
-214.5	1
-213.5	1
-212.5	3
-211.5	5
-210.5	2
-209.5	0
-208.5	2
-207.5	2
-206.5	1
-205.5	3
-204.5	3
-203.5	3
-202.5	2
-201.5	4
-200.5	2
-199.5	2
-198.5	0
-197.5	1
-196.5	3
-195.5	2
-194.5	0
-193.5	3
-192.5	1
-191.5	6
-190.5	0
-189.5	1
-188.5	5
-187.5	4
-186.5	4
-185.5	1
-184.5	0
-183.5	1
-182.5	1
-181.5	4
-180.5	4
-179.5	5
-178.5	1
-177.5	3
-176.5	5
-175.5	0
-174.5	4
-173.5	1
-172.5	4
-171.5	2
-170.5	6
-169.5	4
-168.5	1
-167.5	8
-166.5	2
-165.5	0
-164.5	2
-163.5	5
-162.5	5
-161.5	1
-160.5	1
-159.5	3
-158.5	3
-157.5	2
-156.5	1.5
-155.5	1
-154.5	5
-153.5	3
-152.5	2
-151.5	7
-150.5	2
-149.5	1
-148.5	6
-147.5	1
-146.5	2
-145.5	1
-144.5	4
-143.5	3
-142.5	5
-141.5	6
-140.5	2
-139.5	2
-138.5	5
-137.5	1
-136.5	0
-135.5	1
-134.5	2
-133.5	1
-132.5	5
-131.5	2
-130.5	0
-129.5	3
-128.5	2
-127.5	1
-126.5	0
-125.5	1
-124.5	3
-123.5	1
-122.5	3
-121.5	1
-120.5	5
-119.5	2
-118.5	3
-117.5	2
-116.5	0
-115.5	6
-114.5	2
-113.5	2
-112.5	6
-111.5	4
-110.5	0
-109.5	3
-108.5	1
-107.5	4
-106.5	3
-105.5	1
-104.5	1
-103.5	2
-102.5	1
-101.5	4
-100.5	3
 -99.5	3
 -98.5	3
 -97.5	1
 -96.5	2
 -95.5	1
 -94.5	1
 -93.5	5
 -92.5	6
 -91.5	0
 -90.5	1
 -89.5	5
 -88.5	7
 -87.5	4
 -86.5	3
 -85.5	1
 -84.5	2
 -83.5	2
 -82.5	3
 -81.5	2
 -80.5	1
 -79.5	4
 -78.5	0
 -77.5	0
 -76.5	6
 -75.5	0
 -74.5	4.5
 -73.5	2
 -72.5	2
 -71.5	1
 -70.5	1
 -69.5	0
 -68.5	5
 -67.5	4
 -66.5	1
 -65.5	1
 -64.5	4
 -63.5	4
 -62.5	1
 -61.5	4
 -60.5	3
 -59.5	2
 -58.5	3
 -57.5	4
 -56.5	2
 -55.5	2
 -54.5	2
 -53.5	3
 -52.5	1
 -51.5	2
 -50.5	2
 -49.5	2
 -48.5	2
 -47.5	5
 -46.5	2
 -45.5	1
 -44.5	4
 -43.5	2
 -42.5	4
 -41.5	6
 -40.5	4
 -39.5	2
 -38.5	4
 -37.5	4
 -36.5	4
 -35.5	1
 -34.5	1
 -33.5	5
 -32.5	1
 -31.5	4
 -30.5	2
 -29.5	1
 -28.5	5
 -27.5	3
 -26.5	3
 -25.5	2
 -24.5	7
 -23.5	4
 -22.5	1
 -21.5	5
 -20.5	5
 -19.5	3
 -18.5	6
 -17.5	4
 -16.5	1
 -15.5	2
 -14.5	1
 -13.5	6
 -12.5	4
 -11.5	3
 -10.5	3
  -9.5	6
  -8.5	2
  -7.5	3
  -6.5	4
  -5.5	3
  -4.5	4
  -3.5	4
  -2.5	1
  -1.5	2
  -0.5	5
   0.5	2
   1.5	3
   2.5	5
   3.5	3
   4.5	4
   5.5	1
   6.5	3
   7.5	6
   8.5	2
   9.5	2
  10.5	2
  11.5	5
  12.5	5
  13.5	5
  14.5	4
  15.5	4
  16.5	5
  17.5	4
  18.5	3
  19.5	2
  20.5	9
  21.5	5
  22.5	5
  23.5	1
  24.5	5
  25.5	8
  26.5	2
  27.5	3
  28.5	1
  29.5	3
  30.5	1
  31.5	2
  32.5	0
  33.5	4
  34.5	5
  35.5	2
  36.5	4
  37.5	4
  38.5	0
  39.5	5
  40.5	2
  41.5	0
  42.5	1
  43.5	2
  44.5	3
  45.5	4
  46.5	1
  47.5	2
  48.5	4
  49.5	4
  50.5	4
  51.5	1
  52.5	6
  53.5	3
  54.5	0
  55.5	2
  56.5	3
  57.5	4
  58.5	2
  59.5	3
  60.5	2
  61.5	1
  62.5	0
  63.5	3
  64.5	2
  65.5	2
  66.5	6
  67.5	2
  68.5	1
  69.5	5
  70.5	2
  71.5	3
  72.5	2
  73.5	1
  74.5	3
  75.5	5
  76.5	4
  77.5	0
  78.5	4
  79.5	3
  80.5	2
  81.5	1
  82.5	2
  83.5	4
  84.5	2
  85.5	4
  86.5	2
  87.5	1
  88.5	1
  89.5	3
  90.5	2
  91.5	1
  92.5	3
  93.5	2
  94.5	2
  95.5	1
  96.5	0
  97.5	1
  98.5	5.33333
  99.5	0
 100.5	3
 101.5	0
 102.5	3
 103.5	0
 104.5	2
 105.5	4
 106.5	2
 107.5	3
 108.5	2
 109.5	1
 110.5	2
 111.5	1
 112.5	3
 113.5	1
 114.5	1
 115.5	2
 116.5	4
 117.5	2
 118.5	2
 119.5	0
 120.5	6
 121.5	1
 122.5	2
 123.5	2
 124.5	5
 125.5	2
 126.5	6
 127.5	4
 128.5	3
 129.5	2
 130.5	3
 131.5	3.33333
 132.5	2
 133.5	1
 134.5	3
 135.5	0
 136.5	2
 137.5	5
 138.5	1
 139.5	1
 140.5	5
 141.5	2
 142.5	4
 143.5	1
 144.5	0
 145.5	4
 146.5	0
 147.5	3
 148.5	3
 149.5	1
 150.5	2
 151.5	4
 152.5	1
 153.5	2
 154.5	4
 155.5	6
 156.5	4
 157.5	1
 158.5	4
 159.5	3
 160.5	1
 161.5	5
 162.5	1
 163.5	2
 164.5	3.33333
 165.5	4
 166.5	4
 167.5	5
 168.5	1
 169.5	3
 170.5	2
 171.5	1
 172.5	2
 173.5	3
 174.5	5
 175.5	2
 176.5	2
 177.5	3
 178.5	0
 179.5	2
 180.5	3
 181.5	3
 182.5	4
 183.5	2
 184.5	1
 185.5	2
 186.5	3
 187.5	2
 188.5	6
 189.5	5
 190.5	5
 191.5	3
 192.5	1
 193.5	1
 194.5	7
 195.5	0
 196.5	2
 197.5	2
 198.5	1
 199.5	3
 200.5	2
 201.5	2
 202.5	3
 203.5	5
 204.5	5
 205.5	3
 206.5	0
 207.5	3
 208.5	1
 209.5	3
 210.5	6
 211.5	2
 212.5	5
 213.5	3
 214.5	3
 215.5	1
 216.5	3
 217.5	2
 218.5	3
 219.5	2
 220.5	8
 221.5	11
 222.5	0
 223.5	5
 224.5	2
 225.5	4
 226.5	1
DB 2 MOTIF	CR3L1_HUMAN.H11MO.0.D
-229.5	1
-228.5	2
-227.5	1
-226.5	1
-225.5	2
-224.5	1
-223.5	1
-222.5	1
-221.5	0
-220.5	1
-219.5	1
-218.5	0
-217.5	4
-216.5	2
-215.5	2
-214.5	0
-213.5	1
-212.5	1
-211.5	0
-210.5	2
-209.5	2
-208.5	0
-207.5	2
-206.5	1
-205.5	1.5
-204.5	1.5
-203.5	1
-202.5	2
-201.5	2
-200.5	0
-199.5	0
-198.5	0
-197.5	2
-196.5	3
-195.5	2
-194.5	3
-193.5	0
-192.5	2
-191.5	0
-190.5	1
-189.5	0
-188.5	1
-187.5	0
-186.5	1
-185.5	1
-184.5	0
-183.5	3
-182.5	2
-181.5	1
-180.5	1
-179.5	3
-178.5	2
-177.5	3
-176.5	4
-175.5	0
-174.5	2
-173.5	0
-172.5	0
-171.5	1
-170.5	1
-169.5	1.5
-168.5	1.5
-167.5	1
-166.5	1
-165.5	1
-164.5	1
-163.5	1
-162.5	0
-161.5	0
-160.5	0
-159.5	0
-158.5	3
-157.5	2
-156.5	3
-155.5	2
-154.5	5
-153.5	1
-152.5	1
-151.5	2
-150.5	2
-149.5	0
-148.5	2
-147.5	2
-146.5	1
-145.5	0
-144.5	2
-143.5	0
-142.5	0
-141.5	3
-140.5	3
-139.5	0
-138.5	0
-137.5	2
-136.5	2
-135.5	0
-134.5	1
-133.5	1
-132.5	1
-131.5	0
-130.5	2
-129.5	0
-128.5	1
-127.5	1
-126.5	1
-125.5	2
-124.5	2
-123.5	1
-122.5	1
-121.5	0
-120.5	0
-119.5	1
-118.5	1
-117.5	0
-116.5	2
-115.5	1
-114.5	0
-113.5	2
-112.5	1
-111.5	2
-110.5	2
-109.5	1
-108.5	2
-107.5	1
-106.5	1
-105.5	0
-104.5	3
-103.5	1
-102.5	2
-101.5	2
-100.5	1
 -99.5	1
 -98.5	4
 -97.5	1
 -96.5	1
 -95.5	0
 -94.5	0
 -93.5	3
 -92.5	2
 -91.5	2
 -90.5	3
 -89.5	1
 -88.5	1
 -87.5	3
 -86.5	0
 -85.5	1
 -84.5	3
 -83.5	0
 -82.5	2
 -81.5	0
 -80.5	2
 -79.5	2
 -78.5	0
 -77.5	5
 -76.5	1
 -75.5	1
 -74.5	0
 -73.5	3
 -72.5	1
 -71.5	0
 -70.5	2
 -69.5	0
 -68.5	2
 -67.5	5
 -66.5	0
 -65.5	2
 -64.5	0
 -63.5	0
 -62.5	1
 -61.5	2
 -60.5	2
 -59.5	1
 -58.5	3
 -57.5	4
 -56.5	3.5
 -55.5	3.5
 -54.5	0
 -53.5	0
 -52.5	2.5
 -51.5	1.5
 -50.5	1
 -49.5	0
 -48.5	0
 -47.5	3
 -46.5	2
 -45.5	0
 -44.5	2
 -43.5	1
 -42.5	3.5
 -41.5	2.5
 -40.5	2
 -39.5	2
 -38.5	3
 -37.5	2
 -36.5	1
 -35.5	0
 -34.5	3
 -33.5	6
 -32.5	1
 -31.5	0
 -30.5	1
 -29.5	2
 -28.5	3
 -27.5	2.5
 -26.5	4.5
 -25.5	2
 -24.5	2
 -23.5	5
 -22.5	5
 -21.5	4
 -20.5	1
 -19.5	3
 -18.5	3
 -17.5	3
 -16.5	0
 -15.5	4
 -14.5	3
 -13.5	3
 -12.5	2
 -11.5	3
 -10.5	1
  -9.5	4
  -8.5	4
  -7.5	3
  -6.5	2
  -5.5	0
  -4.5	2
  -3.5	4
  -2.5	0
  -1.5	4
  -0.5	0
   0.5	0
   1.5	2
   2.5	2
   3.5	1
   4.5	3
   5.5	4
   6.5	1
   7.5	2
   8.5	4
   9.5	2
  10.5	2
  11.5	2
  12.5	1
  13.5	1.5
  14.5	0
  15.5	2
  16.5	1
  17.5	2
  18.5	0
  19.5	3
  20.5	3
  21.5	1
  22.5	2
  23.5	2
  24.5	3
  25.5	4
  26.5	3
  27.5	0
  28.5	0
  29.5	1
  30.5	2
  31.5	1
  32.5	3
  33.5	2
  34.5	3
  35.5	1
  36.5	2
  37.5	3
  38.5	1
  39.5	2
  40.5	1
  41.5	5
  42.5	0
  43.5	2
  44.5	1
  45.5	4
  46.5	3
  47.5	0
  48.5	2
  49.5	2
  50.5	1
  51.5	1
  52.5	2
  53.5	2
  54.5	1
  55.5	2
  56.5	1
  57.5	1
  58.5	3
  59.5	1
  60.5	1
  61.5	1
  62.5	1
  63.5	2
  64.5	2
  65.5	0
  66.5	3
  67.5	3
  68.5	1.5
  69.5	2.5
  70.5	0
  71.5	2
  72.5	1
  73.5	1.5
  74.5	0.5
  75.5	2
  76.5	2
  77.5	4
  78.5	6
  79.5	1
  80.5	2
  81.5	0
  82.5	3.5
  83.5	2.5
  84.5	1
  85.5	3
  86.5	0
  87.5	2
  88.5	0
  89.5	0
  90.5	1
  91.5	1
  92.5	2
  93.5	1
  94.5	1
  95.5	1
  96.5	3
  97.5	3
  98.5	1
  99.5	2
 100.5	0
 101.5	0
 102.5	2
 103.5	2
 104.5	2
 105.5	0
 106.5	2
 107.5	2
 108.5	2
 109.5	0
 110.5	4
 111.5	1
 112.5	1
 113.5	1
 114.5	1
 115.5	1
 116.5	1
 117.5	0
 118.5	2
 119.5	2
 120.5	2
 121.5	1.5
 122.5	1
 123.5	0
 124.5	0
 125.5	2
 126.5	2
 127.5	3
 128.5	1
 129.5	0
 130.5	0
 131.5	1
 132.5	1
 133.5	1
 134.5	0
 135.5	0
 136.5	1
 137.5	0
 138.5	0
 139.5	0
 140.5	0
 141.5	2
 142.5	2
 143.5	2
 144.5	0
 145.5	0
 146.5	0
 147.5	1
 148.5	1
 149.5	0
 150.5	0
 151.5	1
 152.5	1
 153.5	0
 154.5	0
 155.5	0
 156.5	1
 157.5	0
 158.5	2
 159.5	1
 160.5	0
 161.5	0
 162.5	2
 163.5	1
 164.5	1
 165.5	0
 166.5	2
 167.5	0
 168.5	1
 169.5	1
 170.5	1
 171.5	1
 172.5	1
 173.5	0
 174.5	0
 175.5	0
 176.5	1
 177.5	0
 178.5	0
 179.5	4
 180.5	3
 181.5	3
 182.5	1
 183.5	0
 184.5	0
 185.5	2
 186.5	1
 187.5	0
 188.5	2
 189.5	1
 190.5	1
 191.5	2
 192.5	1
 193.5	2
 194.5	1
 195.5	2
 196.5	0
 197.5	0
 198.5	0
 199.5	3
 200.5	0
 201.5	0
 202.5	1
 203.5	2
 204.5	2
 205.5	3
 206.5	0
 207.5	1
 208.5	2
 209.5	0
 210.5	1
 211.5	3
 212.5	1
 213.5	0
 214.5	1
 215.5	0
 216.5	0
 217.5	2
 218.5	0
 219.5	0
 220.5	2
 221.5	1
 222.5	1
 223.5	2
 224.5	0
 225.5	3
 226.5	0
 227.5	3
 228.5	2
 229.5	3
DB 2 MOTIF	CR3L2_HUMAN.H11MO.0.D
-228.5	9
-227.5	9
-226.5	14
-225.5	11
-224.5	8
-223.5	8.14286
-222.5	6
-221.5	12
-220.5	10
-219.5	14
-218.5	14.5
-217.5	17.5
-216.5	13
-215.5	8
-214.5	12
-213.5	5
-212.5	9
-211.5	12
-210.5	12.5
-209.5	7
-208.5	18
-207.5	14
-206.5	17
-205.5	14.1429
-204.5	14
-203.5	17
-202.5	12
-201.5	12
-200.5	12
-199.5	10.5
-198.5	10
-197.5	9
-196.5	8
-195.5	13.5
-194.5	10.2
-193.5	6
-192.5	12
-191.5	17
-190.5	8
-189.5	9
-188.5	6
-187.5	17.1429
-186.5	13
-185.5	10.5
-184.5	13.5
-183.5	8
-182.5	8
-181.5	8.5
-180.5	11
-179.5	15.5
-178.5	22.5
-177.5	12.5
-176.5	14.5
-175.5	12.5
-174.5	11
-173.5	12
-172.5	11
-171.5	5
-170.5	6
-169.5	12.1429
-168.5	14
-167.5	6
-166.5	16
-165.5	11
-164.5	21.2
-163.5	11
-162.5	6
-161.5	14
-160.5	10
-159.5	11
-158.5	10
-157.5	6
-156.5	16
-155.5	17
-154.5	10
-153.5	16
-152.5	11
-151.5	10.1429
-150.5	7
-149.5	14
-148.5	11
-147.5	14
-146.5	10
-145.5	9
-144.5	10
-143.5	10
-142.5	8
-141.5	13
-140.5	10
-139.5	18
-138.5	10
-137.5	6
-136.5	9
-135.5	19
-134.5	16.2
-133.5	8.14286
-132.5	11
-131.5	15
-130.5	11
-129.5	9
-128.5	11
-127.5	9
-126.5	8
-125.5	17
-124.5	9
-123.5	8
-122.5	18
-121.5	9
-120.5	10
-119.5	14
-118.5	9
-117.5	9
-116.5	12
-115.5	12.1429
-114.5	10
-113.5	11
-112.5	15
-111.5	13
-110.5	12
-109.5	13
-108.5	7
-107.5	10
-106.5	6.5
-105.5	14.5
-104.5	7.2
-103.5	7
-102.5	12
-101.5	13
-100.5	7
 -99.5	8.5
 -98.5	13.5
 -97.5	12
 -96.5	11
 -95.5	11
 -94.5	11
 -93.5	10
 -92.5	10
 -91.5	15
 -90.5	14
 -89.5	18
 -88.5	12
 -87.5	12
 -86.5	10
 -85.5	17
 -84.5	12
 -83.5	12
 -82.5	13
 -81.5	15
 -80.5	4
 -79.5	14
 -78.5	15
 -77.5	15
 -76.5	12
 -75.5	16
 -74.5	15.2
 -73.5	8
 -72.5	10
 -71.5	11
 -70.5	9
 -69.5	12
 -68.5	9
 -67.5	16
 -66.5	14
 -65.5	15
 -64.5	12
 -63.5	11
 -62.5	18
 -61.5	6
 -60.5	13
 -59.5	9
 -58.5	14
 -57.5	12
 -56.5	21
 -55.5	13
 -54.5	11
 -53.5	15
 -52.5	18
 -51.5	19
 -50.5	9
 -49.5	12
 -48.5	13
 -47.5	19
 -46.5	11
 -45.5	15
 -44.5	18
 -43.5	13
 -42.5	12.5
 -41.5	15.5
 -40.5	10
 -39.5	11
 -38.5	21
 -37.5	16
 -36.5	12
 -35.5	18
 -34.5	12
 -33.5	16.5
 -32.5	15.5
 -31.5	12.5
 -30.5	12.5
 -29.5	15
 -28.5	9
 -27.5	14
 -26.5	25
 -25.5	17
 -24.5	15
 -23.5	15
 -22.5	17
 -21.5	15
 -20.5	9
 -19.5	12
 -18.5	12
 -17.5	13
 -16.5	15
 -15.5	10
 -14.5	15
 -13.5	17
 -12.5	11
 -11.5	15
 -10.5	18
  -9.5	17
  -8.5	19
  -7.5	15
  -6.5	14
  -5.5	13
  -4.5	16
  -3.5	9
  -2.5	11
  -1.5	23
  -0.5	9
   0.5	11
   1.5	13
   2.5	14
   3.5	12
   4.5	13.5
   5.5	12.5
   6.5	15
   7.5	18
   8.5	10
   9.5	15
  10.5	21
  11.5	17
  12.5	13
  13.5	16
  14.5	14
  15.5	14.5
  16.5	20.5
  17.5	11
  18.5	15
  19.5	14.5
  20.5	23.5
  21.5	21
  22.5	13
  23.5	14
  24.5	17
  25.5	8
  26.5	15
  27.5	14
  28.5	9
  29.5	12.5
  30.5	20.5
  31.5	14
  32.5	13
  33.5	15
  34.5	15
  35.5	21
  36.5	11
  37.5	12
  38.5	16
  39.5	6
  40.5	12
  41.5	11
  42.5	18
  43.5	9
  44.5	17
  45.5	4
  46.5	14
  47.5	13
  48.5	14
  49.5	10
  50.5	15.5
  51.5	16.5
  52.5	10
  53.5	17
  54.5	8
  55.5	9
  56.5	14
  57.5	14
  58.5	15
  59.5	13
  60.5	14
  61.5	12
  62.5	9
  63.5	12
  64.5	10
  65.5	19
  66.5	13
  67.5	11
  68.5	20.5
  69.5	9.5
  70.5	19
  71.5	12
  72.5	12.5
  73.5	15.5
  74.5	12
  75.5	17
  76.5	14
  77.5	18
  78.5	20
  79.5	20
  80.5	7
  81.5	15
  82.5	12
  83.5	17
  84.5	14
  85.5	9
  86.5	12
  87.5	8
  88.5	5
  89.5	12
  90.5	12
  91.5	10
  92.5	12.5
  93.5	11.5
  94.5	11
  95.5	8.5
  96.5	9.5
  97.5	13.5
  98.5	13.5
  99.5	12
 100.5	10
 101.5	15
 102.5	9
 103.5	13
 104.5	10
 105.5	14
 106.5	14
 107.5	16
 108.5	10
 109.5	16
 110.5	11
 111.5	16
 112.5	8
 113.5	16
 114.5	10
 115.5	13
 116.5	12
 117.5	13
 118.5	7
 119.5	16
 120.5	12.5
 121.5	11.5
 122.5	4
 123.5	10
 124.5	8
 125.5	6
 126.5	11.5
 127.5	15.5
 128.5	12
 129.5	11
 130.5	9
 131.5	11
 132.5	11
 133.5	14
 134.5	10
 135.5	4
 136.5	16
 137.5	9
 138.5	8
 139.5	6
 140.5	5
 141.5	10
 142.5	9
 143.5	10
 144.5	8
 145.5	11
 146.5	8
 147.5	8
 148.5	10
 149.5	12
 150.5	11
 151.5	9
 152.5	8
 153.5	10
 154.5	8
 155.5	9
 156.5	11
 157.5	6
 158.5	10
 159.5	12
 160.5	6
 161.5	16
 162.5	8
 163.5	13
 164.5	13
 165.5	7
 166.5	13
 167.5	19
 168.5	9
 169.5	9
 170.5	12
 171.5	10
 172.5	5
 173.5	16
 174.5	9
 175.5	10
 176.5	4
 177.5	18
 178.5	8
 179.5	14
 180.5	12
 181.5	13
 182.5	13
 183.5	11
 184.5	2
 185.5	10
 186.5	7
 187.5	12
 188.5	12
 189.5	12
 190.5	10
 191.5	8
 192.5	8
 193.5	11
 194.5	16
 195.5	4
 196.5	10
 197.5	8
 198.5	9
 199.5	13
 200.5	17
 201.5	4
 202.5	9.5
 203.5	13
 204.5	4
 205.5	11
 206.5	10
 207.5	9
 208.5	4
 209.5	8
 210.5	15
 211.5	10
 212.5	13
 213.5	5
 214.5	10
 215.5	8
 216.5	9
 217.5	7
 218.5	8
 219.5	13
 220.5	9
 221.5	15
 222.5	12
 223.5	12
 224.5	11
 225.5	6
 226.5	10
 227.5	9
 228.5	17
DB 2 MOTIF	CREB3_HUMAN.H11MO.0.D
-228.5	4
-227.5	5
-226.5	3
-225.5	5
-224.5	1
-223.5	2
-222.5	2
-221.5	1
-220.5	2
-219.5	3
-218.5	6.5
-217.5	3.5
-216.5	0
-215.5	3.5
-214.5	2.5
-213.5	2
-212.5	5
-211.5	2
-210.5	5
-209.5	2
-208.5	6
-207.5	6
-206.5	7
-205.5	2
-204.5	3
-203.5	9
-202.5	6
-201.5	4
-200.5	1
-199.5	3
-198.5	1
-197.5	2
-196.5	2
-195.5	0
-194.5	4.2
-193.5	3
-192.5	3
-191.5	8
-190.5	3
-189.5	2
-188.5	1.5
-187.5	8.5
-186.5	9
-185.5	2
-184.5	9
-183.5	3
-182.5	2
-181.5	5.5
-180.5	6
-179.5	9.5
-178.5	5
-177.5	3
-176.5	0.5
-175.5	3.5
-174.5	1
-173.5	6
-172.5	3
-171.5	1
-170.5	1
-169.5	5
-168.5	6
-167.5	3.5
-166.5	3.5
-165.5	4
-164.5	5.2
-163.5	3
-162.5	1
-161.5	2
-160.5	4
-159.5	3
-158.5	4
-157.5	1
-156.5	3
-155.5	6
-154.5	2
-153.5	3.5
-152.5	1.5
-151.5	1
-150.5	3
-149.5	2
-148.5	2
-147.5	9
-146.5	3
-145.5	3
-144.5	3
-143.5	2
-142.5	1
-141.5	4
-140.5	4
-139.5	3
-138.5	1
-137.5	1
-136.5	5
-135.5	3
-134.5	3.2
-133.5	4
-132.5	2
-131.5	2
-130.5	4
-129.5	4
-128.5	5
-127.5	1
-126.5	3
-125.5	4
-124.5	3
-123.5	3
-122.5	7
-121.5	1
-120.5	3
-119.5	1
-118.5	5
-117.5	3
-116.5	6
-115.5	5
-114.5	0
-113.5	3
-112.5	5
-111.5	4
-110.5	5
-109.5	7
-108.5	6
-107.5	4
-106.5	2
-105.5	1
-104.5	3.2
-103.5	5
-102.5	4
-101.5	3
-100.5	1
 -99.5	2.5
 -98.5	5.5
 -97.5	4
 -96.5	1
 -95.5	3
 -94.5	3
 -93.5	2
 -92.5	2
 -91.5	4
 -90.5	5
 -89.5	6
 -88.5	5
 -87.5	4
 -86.5	3
 -85.5	7
 -84.5	4
 -83.5	5
 -82.5	2
 -81.5	5
 -80.5	0
 -79.5	6
 -78.5	4
 -77.5	6
 -76.5	5
 -75.5	9
 -74.5	1.2
 -73.5	1
 -72.5	5
 -71.5	1
 -70.5	3
 -69.5	5
 -68.5	1
 -67.5	5
 -66.5	6
 -65.5	2
 -64.5	2
 -63.5	3
 -62.5	6
 -61.5	5
 -60.5	5
 -59.5	1
 -58.5	5
 -57.5	7
 -56.5	4
 -55.5	4
 -54.5	3
 -53.5	3
 -52.5	6
 -51.5	5
 -50.5	4
 -49.5	4
 -48.5	2.5
 -47.5	8
 -46.5	5
 -45.5	6
 -44.5	10
 -43.5	3
 -42.5	4
 -41.5	8
 -40.5	5
 -39.5	2
 -38.5	7
 -37.5	7
 -36.5	2
 -35.5	5
 -34.5	6
 -33.5	6
 -32.5	6
 -31.5	3.5
 -30.5	7.5
 -29.5	6.5
 -28.5	1.5
 -27.5	5
 -26.5	7
 -25.5	8
 -24.5	7
 -23.5	5.5
 -22.5	3
 -21.5	7
 -20.5	4
 -19.5	6
 -18.5	5
 -17.5	7
 -16.5	5
 -15.5	4
 -14.5	6
 -13.5	5
 -12.5	2
 -11.5	10
 -10.5	6
  -9.5	10
  -8.5	10
  -7.5	5
  -6.5	4
  -5.5	4
  -4.5	5
  -3.5	5
  -2.5	3
  -1.5	8
  -0.5	5
   0.5	7
   1.5	7
   2.5	4
   3.5	3
   4.5	0.5
   5.5	3.5
   6.5	3
   7.5	4
   8.5	3
   9.5	8
  10.5	7
  11.5	8
  12.5	3
  13.5	10
  14.5	2
  15.5	6
  16.5	3
  17.5	9.5
  18.5	3.5
  19.5	7.5
  20.5	8.5
  21.5	2
  22.5	5
  23.5	2
  24.5	3.5
  25.5	5.5
  26.5	7
  27.5	4
  28.5	3
  29.5	3.5
  30.5	3.5
  31.5	6
  32.5	4
  33.5	6
  34.5	4
  35.5	4
  36.5	4
  37.5	6
  38.5	7
  39.5	0
  40.5	8
  41.5	4
  42.5	8
  43.5	0
  44.5	6
  45.5	3
  46.5	3
  47.5	3
  48.5	4
  49.5	2
  50.5	4.5
  51.5	13.5
  52.5	4
  53.5	4.5
  54.5	1.5
  55.5	4
  56.5	2
  57.5	1
  58.5	4
  59.5	2
  60.5	3
  61.5	8
  62.5	3
  63.5	6
  64.5	2
  65.5	8
  66.5	2
  67.5	3
  68.5	5
  69.5	3
  70.5	4
  71.5	4
  72.5	6.5
  73.5	3.5
  74.5	5
  75.5	5
  76.5	5
  77.5	2.5
  78.5	8.5
  79.5	5
  80.5	4
  81.5	2
  82.5	5
  83.5	2
  84.5	4
  85.5	1
  86.5	2
  87.5	2
  88.5	2
  89.5	4
  90.5	4
  91.5	3
  92.5	4.5
  93.5	5.5
  94.5	1
  95.5	4
  96.5	4
  97.5	3
  98.5	3
  99.5	3
 100.5	1
 101.5	5
 102.5	3
 103.5	5
 104.5	5
 105.5	5
 106.5	6
 107.5	2
 108.5	3
 109.5	2
 110.5	5
 111.5	4
 112.5	1
 113.5	4
 114.5	3
 115.5	4
 116.5	4
 117.5	6
 118.5	3
 119.5	1
 120.5	1
 121.5	1
 122.5	0
 123.5	6
 124.5	1
 125.5	3
 126.5	4
 127.5	3
 128.5	2
 129.5	2
 130.5	2
 131.5	1
 132.5	2
 133.5	4
 134.5	5.5
 135.5	1.5
 136.5	5
 137.5	1
 138.5	2
 139.5	1
 140.5	1
 141.5	0
 142.5	5
 143.5	1
 144.5	3
 145.5	5
 146.5	1
 147.5	3
 148.5	3
 149.5	3
 150.5	3
 151.5	1
 152.5	3
 153.5	3
 154.5	4
 155.5	4
 156.5	2
 157.5	2
 158.5	2
 159.5	5
 160.5	3
 161.5	2
 162.5	0
 163.5	4
 164.5	3
 165.5	2
 166.5	2
 167.5	3
 168.5	1
 169.5	5
 170.5	5
 171.5	6
 172.5	2
 173.5	6
 174.5	0
 175.5	4
 176.5	1
 177.5	5
 178.5	2
 179.5	3
 180.5	4
 181.5	5
 182.5	2
 183.5	3
 184.5	1
 185.5	1
 186.5	2
 187.5	5
 188.5	0
 189.5	5
 190.5	2
 191.5	5
 192.5	3
 193.5	4
 194.5	2
 195.5	2
 196.5	4
 197.5	2
 198.5	3
 199.5	3
 200.5	5
 201.5	0
 202.5	3
 203.5	2
 204.5	1
 205.5	2
 206.5	4
 207.5	0
 208.5	2
 209.5	1
 210.5	3
 211.5	2
 212.5	7
 213.5	2
 214.5	3
 215.5	1
 216.5	3
 217.5	3
 218.5	2
 219.5	2
 220.5	3
 221.5	7
 222.5	3
 223.5	1
 224.5	3
 225.5	0
 226.5	5.5
 227.5	6.5
 228.5	3
DB 2 MOTIF	CREB5_HUMAN.H11MO.0.D
-229.5	9
-228.5	3
-227.5	3
-226.5	3.5
-225.5	6
-224.5	3
-223.5	1
-222.5	2
-221.5	2.5
-220.5	3.5
-219.5	2.33333
-218.5	0.5
-217.5	3.5
-216.5	1
-215.5	3.5
-214.5	2.5
-213.5	1
-212.5	3
-211.5	6
-210.5	4
-209.5	2
-208.5	1
-207.5	2.5
-206.5	2
-205.5	4
-204.5	1.5
-203.5	4.5
-202.5	5
-201.5	1
-200.5	3.5
-199.5	5.5
-198.5	3
-197.5	5
-196.5	8
-195.5	2.5
-194.5	5.83333
-193.5	2.33333
-192.5	4
-191.5	6
-190.5	3
-189.5	3
-188.5	2.5
-187.5	3.5
-186.5	5
-185.5	2
-184.5	1
-183.5	1
-182.5	0
-181.5	2
-180.5	4.5
-179.5	2
-178.5	3
-177.5	1
-176.5	4
-175.5	3
-174.5	6
-173.5	1
-172.5	2
-171.5	3
-170.5	3
-169.5	4
-168.5	3
-167.5	3.5
-166.5	5.5
-165.5	2
-164.5	2
-163.5	2
-162.5	2
-161.5	1
-160.5	5
-159.5	0
-158.5	3
-157.5	2
-156.5	2
-155.5	2
-154.5	1
-153.5	3.5
-152.5	1.5
-151.5	1
-150.5	1
-149.5	2
-148.5	2
-147.5	2
-146.5	1
-145.5	3
-144.5	1
-143.5	2
-142.5	2
-141.5	2
-140.5	4
-139.5	1
-138.5	1
-137.5	1
-136.5	1
-135.5	3
-134.5	2
-133.5	6
-132.5	4
-131.5	3
-130.5	4
-129.5	7
-128.5	3
-127.5	2
-126.5	3
-125.5	1
-124.5	3
-123.5	2.33333
-122.5	0
-121.5	2
-120.5	3
-119.5	2
-118.5	2
-117.5	6
-116.5	7
-115.5	6
-114.5	3
-113.5	3
-112.5	4
-111.5	3
-110.5	5
-109.5	0
-108.5	1
-107.5	3
-106.5	2.33333
-105.5	3.33333
-104.5	3
-103.5	8
-102.5	3
-101.5	2.5
-100.5	4
 -99.5	0.5
 -98.5	3.5
 -97.5	3
 -96.5	4
 -95.5	5
 -94.5	4
 -93.5	3.5
 -92.5	4
 -91.5	4
 -90.5	6
 -89.5	4
 -88.5	7
 -87.5	2
 -86.5	2
 -85.5	5
 -84.5	1
 -83.5	9.5
 -82.5	3
 -81.5	2
 -80.5	2.5
 -79.5	3
 -78.5	2
 -77.5	3
 -76.5	6
 -75.5	5
 -74.5	3
 -73.5	3
 -72.5	5
 -71.5	2.5
 -70.5	6.5
 -69.5	3
 -68.5	3
 -67.5	3
 -66.5	2.5
 -65.5	3.5
 -64.5	1
 -63.5	6
 -62.5	4
 -61.5	3
 -60.5	5
 -59.5	3
 -58.5	3
 -57.5	3
 -56.5	2
 -55.5	2
 -54.5	1
 -53.5	2
 -52.5	1
 -51.5	4
 -50.5	6
 -49.5	5
 -48.5	3.5
 -47.5	5
 -46.5	4
 -45.5	2
 -44.5	8
 -43.5	3.5
 -42.5	2.5
 -41.5	4.5
 -40.5	2
 -39.5	2
 -38.5	6
 -37.5	5
 -36.5	1
 -35.5	3
 -34.5	8
 -33.5	1
 -32.5	5.5
 -31.5	7
 -30.5	3.5
 -29.5	5.5
 -28.5	4.5
 -27.5	5
 -26.5	3
 -25.5	11
 -24.5	2
 -23.5	4.5
 -22.5	6
 -21.5	4
 -20.5	5
 -19.5	6
 -18.5	8
 -17.5	3
 -16.5	4
 -15.5	2.5
 -14.5	5.5
 -13.5	6
 -12.5	5.5
 -11.5	4
 -10.5	11.5
  -9.5	4
  -8.5	7
  -7.5	4
  -6.5	2
  -5.5	1
  -4.5	7
  -3.5	5
  -2.5	2
  -1.5	5
  -0.5	3
   0.5	4
   1.5	8
   2.5	7
   3.5	8
   4.5	0
   5.5	5
   6.5	6
   7.5	4
   8.5	4
   9.5	12
  10.5	7
  11.5	3
  12.5	4
  13.5	8
  14.5	3
  15.5	5
  16.5	2
  17.5	4.5
  18.5	7.5
  19.5	3
  20.5	5
  21.5	2
  22.5	8
  23.5	7
  24.5	2.5
  25.5	8.5
  26.5	5
  27.5	6
  28.5	6
  29.5	0.5
  30.5	5
  31.5	3.5
  32.5	4.5
  33.5	5.5
  34.5	3
  35.5	5
  36.5	7
  37.5	2
  38.5	5
  39.5	1
  40.5	6
  41.5	3
  42.5	6
  43.5	4
  44.5	4
  45.5	4.5
  46.5	5
  47.5	2
  48.5	6
  49.5	5
  50.5	3.5
  51.5	8.5
  52.5	5.5
  53.5	8
  54.5	3.5
  55.5	4
  56.5	0
  57.5	4
  58.5	2
  59.5	8
  60.5	0
  61.5	4
  62.5	3.5
  63.5	7
  64.5	5
  65.5	3
  66.5	3
  67.5	2
  68.5	4.5
  69.5	1.5
  70.5	2
  71.5	2
  72.5	5
  73.5	1
  74.5	4
  75.5	4
  76.5	3
  77.5	0.5
  78.5	3.83333
  79.5	4
  80.5	4
  81.5	2
  82.5	9
  83.5	0
  84.5	0
  85.5	5
  86.5	1
  87.5	2
  88.5	3
  89.5	5
  90.5	1
  91.5	3
  92.5	5.5
  93.5	5.5
  94.5	1
  95.5	5.33333
  96.5	4.33333
  97.5	4.5
  98.5	1.5
  99.5	4
 100.5	2
 101.5	0.5
 102.5	1
 103.5	2
 104.5	5
 105.5	1
 106.5	3
 107.5	4
 108.5	2
 109.5	1
 110.5	4
 111.5	0.5
 112.5	3.5
 113.5	1
 114.5	0
 115.5	2
 116.5	2
 117.5	4
 118.5	0
 119.5	1.5
 120.5	2.5
 121.5	1
 122.5	5
 123.5	3
 124.5	1
 125.5	1
 126.5	3
 127.5	5
 128.5	5
 129.5	1
 130.5	4
 131.5	2
 132.5	2
 133.5	3
 134.5	2.5
 135.5	3.5
 136.5	4
 137.5	3
 138.5	0
 139.5	4
 140.5	5
 141.5	0
 142.5	5
 143.5	5
 144.5	1
 145.5	6
 146.5	1
 147.5	3
 148.5	3
 149.5	2
 150.5	1
 151.5	2
 152.5	3
 153.5	3
 154.5	2.5
 155.5	4
 156.5	0
 157.5	2
 158.5	3
 159.5	0
 160.5	1
 161.5	3
 162.5	0
 163.5	5
 164.5	2.5
 165.5	2.5
 166.5	3
 167.5	1
 168.5	2
 169.5	4
 170.5	4
 171.5	1
 172.5	4
 173.5	2
 174.5	2
 175.5	3
 176.5	3
 177.5	4
 178.5	4
 179.5	3.5
 180.5	4.5
 181.5	2
 182.5	1
 183.5	5
 184.5	1
 185.5	6
 186.5	2
 187.5	0
 188.5	3
 189.5	3
 190.5	5
 191.5	2
 192.5	4
 193.5	3
 194.5	1
 195.5	2
 196.5	2
 197.5	3
 198.5	3
 199.5	2
 200.5	1
 201.5	1
 202.5	3
 203.5	2
 204.5	3
 205.5	3
 206.5	4
 207.5	0
 208.5	1
 209.5	1
 210.5	2
 211.5	1
 212.5	2
 213.5	3
 214.5	2
 215.5	1
 216.5	3
 217.5	3
 218.5	3
 219.5	5
 220.5	2
 221.5	4
 222.5	3
 223.5	3
 224.5	2
 225.5	2
 226.5	3.5
 227.5	2.5
 228.5	2
 229.5	2
DB 2 MOTIF	CTCFL_HUMAN.H11MO.0.A
-226.5	23
-225.5	23
-224.5	24
-223.5	24
-222.5	19.5
-221.5	15
-220.5	25
-219.5	19
-218.5	24
-217.5	30
-216.5	18
-215.5	27
-214.5	15
-213.5	21
-212.5	21
-211.5	23
-210.5	27
-209.5	17
-208.5	27
-207.5	16
-206.5	21
-205.5	17
-204.5	18
-203.5	22
-202.5	31
-201.5	27
-200.5	22
-199.5	21.5
-198.5	10.6667
-197.5	26
-196.5	19
-195.5	21
-194.5	20
-193.5	30
-192.5	20
-191.5	21
-190.5	26
-189.5	19
-188.5	25
-187.5	18
-186.5	19
-185.5	20
-184.5	27
-183.5	20
-182.5	25
-181.5	23.5
-180.5	23
-179.5	21
-178.5	26
-177.5	25
-176.5	21
-175.5	23
-174.5	23.5
-173.5	17.1667
-172.5	19
-171.5	9
-170.5	25
-169.5	19
-168.5	19
-167.5	12.5
-166.5	17
-165.5	20
-164.5	16
-163.5	21
-162.5	28
-161.5	18
-160.5	23
-159.5	19.5
-158.5	21
-157.5	14
-156.5	24
-155.5	21
-154.5	21
-153.5	17
-152.5	9
-151.5	22
-150.5	23.5
-149.5	19
-148.5	13.1667
-147.5	17
-146.5	24
-145.5	18
-144.5	22
-143.5	16
-142.5	20
-141.5	30
-140.5	26
-139.5	16
-138.5	17.5
-137.5	23
-136.5	24
-135.5	18
-134.5	23
-133.5	14
-132.5	20
-131.5	24
-130.5	22
-129.5	25
-128.5	16
-127.5	22
-126.5	24
-125.5	19.5
-124.5	19
-123.5	13.6667
-122.5	19
-121.5	24.5
-120.5	20
-119.5	32
-118.5	27.3333
-117.5	26
-116.5	19
-115.5	21
-114.5	28
-113.5	22
-112.5	26
-111.5	19
-110.5	13
-109.5	27
-108.5	25
-107.5	20
-106.5	24
-105.5	34
-104.5	18
-103.5	18
-102.5	29
-101.5	31
-100.5	23
 -99.5	18
 -98.5	20.5
 -97.5	26
 -96.5	17
 -95.5	23
 -94.5	22
 -93.5	23
 -92.5	25
 -91.5	30
 -90.5	22
 -89.5	25
 -88.5	17
 -87.5	25
 -86.5	29
 -85.5	30
 -84.5	18
 -83.5	25
 -82.5	28
 -81.5	28
 -80.5	27
 -79.5	32.5
 -78.5	16.3333
 -77.5	24
 -76.5	31
 -75.5	18
 -74.5	25
 -73.5	29
 -72.5	23
 -71.5	24
 -70.5	25
 -69.5	24
 -68.5	30
 -67.5	24
 -66.5	20
 -65.5	25
 -64.5	37
 -63.5	31
 -62.5	38
 -61.5	25
 -60.5	26
 -59.5	13.5
 -58.5	42
 -57.5	33.5
 -56.5	40
 -55.5	24
 -54.5	24.5
 -53.5	43
 -52.5	25
 -51.5	32
 -50.5	31
 -49.5	28
 -48.5	26
 -47.5	23
 -46.5	27
 -45.5	37.5
 -44.5	41
 -43.5	36
 -42.5	33
 -41.5	44
 -40.5	38
 -39.5	29
 -38.5	28
 -37.5	32
 -36.5	33
 -35.5	26
 -34.5	35
 -33.5	39
 -32.5	28
 -31.5	31
 -30.5	28
 -29.5	35
 -28.5	34
 -27.5	30
 -26.5	30
 -25.5	31
 -24.5	29
 -23.5	33.1667
 -22.5	25
 -21.5	34
 -20.5	31
 -19.5	38
 -18.5	29.5
 -17.5	37
 -16.5	33
 -15.5	30
 -14.5	41.5
 -13.5	40
 -12.5	36
 -11.5	35
 -10.5	37
  -9.5	45
  -8.5	37
  -7.5	33
  -6.5	37
  -5.5	44
  -4.5	37
  -3.5	44
  -2.5	32
  -1.5	30
  -0.5	51
   0.5	39
   1.5	34
   2.5	41
   3.5	29
   4.5	55
   5.5	47
   6.5	41
   7.5	40
   8.5	38
   9.5	49
  10.5	42
  11.5	35
  12.5	30
  13.5	26
  14.5	35
  15.5	34
  16.5	38
  17.5	39
  18.5	45
  19.5	37
  20.5	50.5
  21.5	39
  22.5	34
  23.5	36
  24.5	34
  25.5	23
  26.5	34
  27.5	39
  28.5	23
  29.5	37
  30.5	38.5
  31.5	34
  32.5	34.5
  33.5	27
  34.5	41
  35.5	44
  36.5	32
  37.5	22
  38.5	22
  39.5	26
  40.5	32
  41.5	47
  42.5	34.5
  43.5	30
  44.5	34
  45.5	29
  46.5	37
  47.5	32.5
  48.5	36.5
  49.5	15
  50.5	43
  51.5	30.5
  52.5	32
  53.5	31
  54.5	39
  55.5	27
  56.5	36
  57.5	32
  58.5	30.5
  59.5	23
  60.5	41.5
  61.5	21
  62.5	33
  63.5	26
  64.5	24
  65.5	22
  66.5	20.5
  67.5	20
  68.5	30
  69.5	24.5
  70.5	26
  71.5	31
  72.5	19
  73.5	25
  74.5	22
  75.5	34.5
  76.5	33
  77.5	27
  78.5	25
  79.5	32
  80.5	23
  81.5	30
  82.5	28
  83.5	20
  84.5	24
  85.5	16
  86.5	21
  87.5	30
  88.5	26
  89.5	8
  90.5	17
  91.5	21.5
  92.5	21
  93.5	26
  94.5	21
  95.5	24
  96.5	25
  97.5	36
  98.5	19
  99.5	33
 100.5	28.5
 101.5	23.5
 102.5	26
 103.5	17
 104.5	17.5
 105.5	16
 106.5	24
 107.5	25
 108.5	22
 109.5	17.5
 110.5	29.5
 111.5	26
 112.5	20
 113.5	12
 114.5	28
 115.5	18
 116.5	23
 117.5	29
 118.5	22
 119.5	14
 120.5	17
 121.5	26
 122.5	18
 123.5	25
 124.5	15
 125.5	22.5
 126.5	20
 127.5	23
 128.5	23
 129.5	20
 130.5	27
 131.5	24
 132.5	25
 133.5	21.5
 134.5	19
 135.5	23
 136.5	24
 137.5	18
 138.5	19
 139.5	19.5
 140.5	26.5
 141.5	18
 142.5	19
 143.5	20
 144.5	17
 145.5	20.5
 146.5	21
 147.5	17
 148.5	20
 149.5	24
 150.5	27
 151.5	18
 152.5	22
 153.5	24.5
 154.5	16
 155.5	18
 156.5	27
 157.5	20
 158.5	19
 159.5	23
 160.5	21
 161.5	14
 162.5	21
 163.5	27
 164.5	10
 165.5	13
 166.5	13
 167.5	14.5
 168.5	18
 169.5	19
 170.5	31
 171.5	27
 172.5	24.5
 173.5	26
 174.5	18
 175.5	15
 176.5	19
 177.5	26
 178.5	15
 179.5	21
 180.5	19
 181.5	17
 182.5	14
 183.5	16
 184.5	17
 185.5	27
 186.5	15
 187.5	21
 188.5	19
 189.5	23
 190.5	18
 191.5	30
 192.5	20
 193.5	14.5
 194.5	12
 195.5	23
 196.5	21
 197.5	17
 198.5	17
 199.5	17
 200.5	16
 201.5	17
 202.5	22.5
 203.5	21
 204.5	17
 205.5	16
 206.5	25
 207.5	18
 208.5	24
 209.5	18
 210.5	16.5
 211.5	21.5
 212.5	18
 213.5	12
 214.5	12
 215.5	17
 216.5	22
 217.5	17
 218.5	12
 219.5	22
 220.5	21
 221.5	14
 222.5	22
 223.5	20
 224.5	20
 225.5	17.5
 226.5	18
DB 2 MOTIF	CTCF_HUMAN.H11MO.0.A
-225.5	15
-224.5	11
-223.5	14
-222.5	16
-221.5	11
-220.5	16
-219.5	14
-218.5	15
-217.5	16
-216.5	19
-215.5	14
-214.5	12
-213.5	15
-212.5	11
-211.5	14
-210.5	17
-209.5	14
-208.5	13
-207.5	17
-206.5	12
-205.5	11
-204.5	12
-203.5	13
-202.5	15
-201.5	16
-200.5	13
-199.5	16
-198.5	19
-197.5	12
-196.5	16
-195.5	15
-194.5	13
-193.5	12
-192.5	17
-191.5	15
-190.5	19
-189.5	19
-188.5	8
-187.5	17
-186.5	14
-185.5	12
-184.5	11
-183.5	15
-182.5	16
-181.5	14
-180.5	19
-179.5	23
-178.5	12
-177.5	24
-176.5	17
-175.5	12
-174.5	12
-173.5	13.5
-172.5	16
-171.5	9
-170.5	10
-169.5	18
-168.5	7
-167.5	8
-166.5	13
-165.5	14
-164.5	16
-163.5	16
-162.5	23
-161.5	12
-160.5	13
-159.5	19
-158.5	11
-157.5	15
-156.5	16
-155.5	17
-154.5	15
-153.5	8
-152.5	10
-151.5	14
-150.5	14
-149.5	10
-148.5	10
-147.5	14
-146.5	20
-145.5	17
-144.5	8
-143.5	15
-142.5	16
-141.5	13
-140.5	16
-139.5	10.5
-138.5	18
-137.5	16
-136.5	18
-135.5	10
-134.5	15
-133.5	21
-132.5	16
-131.5	13
-130.5	12
-129.5	17
-128.5	20
-127.5	14
-126.5	21
-125.5	17
-124.5	14
-123.5	14
-122.5	13
-121.5	12
-120.5	14
-119.5	22
-118.5	12
-117.5	14
-116.5	17
-115.5	14
-114.5	20
-113.5	22
-112.5	17
-111.5	14
-110.5	21
-109.5	19
-108.5	17
-107.5	18
-106.5	13
-105.5	16
-104.5	16
-103.5	12
-102.5	17
-101.5	16
-100.5	23
 -99.5	13
 -98.5	16
 -97.5	13
 -96.5	22
 -95.5	12
 -94.5	11
 -93.5	13
 -92.5	23
 -91.5	10
 -90.5	16
 -89.5	14
 -88.5	16
 -87.5	14
 -86.5	17
 -85.5	17
 -84.5	19
 -83.5	10
 -82.5	20
 -81.5	15
 -80.5	21
 -79.5	16
 -78.5	20
 -77.5	16.5
 -76.5	14
 -75.5	19
 -74.5	21
 -73.5	21
 -72.5	23
 -71.5	13
 -70.5	15
 -69.5	17
 -68.5	19
 -67.5	19
 -66.5	21
 -65.5	21
 -64.5	18
 -63.5	27
 -62.5	22
 -61.5	18
 -60.5	16
 -59.5	22
 -58.5	22
 -57.5	28
 -56.5	25
 -55.5	21
 -54.5	15
 -53.5	13.5
 -52.5	29
 -51.5	21
 -50.5	17
 -49.5	19
 -48.5	23
 -47.5	24
 -46.5	25
 -45.5	34
 -44.5	24
 -43.5	17
 -42.5	32
 -41.5	17
 -40.5	24
 -39.5	28
 -38.5	25
 -37.5	21
 -36.5	12
 -35.5	28
 -34.5	28
 -33.5	28
 -32.5	21
 -31.5	19
 -30.5	17
 -29.5	31
 -28.5	27
 -27.5	26
 -26.5	22
 -25.5	28
 -24.5	22
 -23.5	20
 -22.5	19
 -21.5	21
 -20.5	28
 -19.5	23
 -18.5	26
 -17.5	24
 -16.5	26
 -15.5	27
 -14.5	25
 -13.5	28
 -12.5	22
 -11.5	27
 -10.5	35
  -9.5	28
  -8.5	24
  -7.5	28
  -6.5	30
  -5.5	29
  -4.5	35
  -3.5	29
  -2.5	22
  -1.5	38
  -0.5	21
   0.5	28
   1.5	28
   2.5	23
   3.5	35
   4.5	31
   5.5	44
   6.5	32
   7.5	35
   8.5	41
   9.5	22
  10.5	27
  11.5	33
  12.5	24
  13.5	23
  14.5	17
  15.5	33
  16.5	28
  17.5	38
  18.5	31
  19.5	36
  20.5	31
  21.5	46
  22.5	28
  23.5	27
  24.5	31
  25.5	23
  26.5	32
  27.5	28
  28.5	23
  29.5	20
  30.5	30
  31.5	27
  32.5	30
  33.5	26
  34.5	26
  35.5	23
  36.5	24
  37.5	22
  38.5	25
  39.5	22
  40.5	26
  41.5	17
  42.5	28
  43.5	31
  44.5	31
  45.5	33
  46.5	19
  47.5	21
  48.5	19
  49.5	22
  50.5	25
  51.5	26
  52.5	20
  53.5	24
  54.5	23
  55.5	25
  56.5	20
  57.5	21
  58.5	23
  59.5	19
  60.5	21
  61.5	25
  62.5	13
  63.5	20
  64.5	17
  65.5	19
  66.5	21
  67.5	24
  68.5	14
  69.5	19
  70.5	22
  71.5	16
  72.5	18
  73.5	20
  74.5	17.5
  75.5	15
  76.5	28
  77.5	10.5
  78.5	22
  79.5	16
  80.5	17
  81.5	22
  82.5	24
  83.5	16
  84.5	10
  85.5	17
  86.5	16
  87.5	17
  88.5	11
  89.5	19.5
  90.5	17.5
  91.5	17
  92.5	16
  93.5	12
  94.5	20
  95.5	18
  96.5	16
  97.5	14
  98.5	22
  99.5	17
 100.5	15
 101.5	15
 102.5	18
 103.5	17
 104.5	12
 105.5	9
 106.5	12
 107.5	23
 108.5	15
 109.5	14
 110.5	12
 111.5	20
 112.5	16
 113.5	16
 114.5	11
 115.5	9
 116.5	16
 117.5	21
 118.5	16
 119.5	12
 120.5	17
 121.5	9
 122.5	19
 123.5	9
 124.5	25
 125.5	8
 126.5	18
 127.5	15
 128.5	11
 129.5	19
 130.5	11
 131.5	17
 132.5	16
 133.5	14
 134.5	17
 135.5	14
 136.5	17
 137.5	10.5
 138.5	10
 139.5	13
 140.5	10
 141.5	13
 142.5	18
 143.5	19
 144.5	10
 145.5	19
 146.5	10
 147.5	17
 148.5	13
 149.5	16
 150.5	14
 151.5	16
 152.5	21
 153.5	12
 154.5	16
 155.5	15
 156.5	15
 157.5	11
 158.5	16
 159.5	10
 160.5	15
 161.5	9
 162.5	9
 163.5	13
 164.5	13
 165.5	9
 166.5	16
 167.5	10
 168.5	14
 169.5	15
 170.5	10
 171.5	20
 172.5	19
 173.5	15
 174.5	21
 175.5	11
 176.5	9
 177.5	13
 178.5	15
 179.5	12
 180.5	15
 181.5	15
 182.5	12
 183.5	7
 184.5	18
 185.5	15
 186.5	16
 187.5	15
 188.5	11
 189.5	10
 190.5	18
 191.5	13
 192.5	11
 193.5	9
 194.5	15
 195.5	11
 196.5	13
 197.5	13.5
 198.5	10
 199.5	20
 200.5	11
 201.5	11
 202.5	12
 203.5	15
 204.5	11
 205.5	14
 206.5	13
 207.5	14
 208.5	11
 209.5	16
 210.5	11
 211.5	11
 212.5	20
 213.5	7
 214.5	11
 215.5	15
 216.5	12
 217.5	15
 218.5	17
 219.5	9
 220.5	15
 221.5	13
 222.5	16
 223.5	16
 224.5	11
 225.5	10
DB 2 MOTIF	E2F1_HUMAN.H11MO.0.A
-228.0	31
-227.0	37
-226.0	38
-225.0	23
-224.0	31
-223.0	28
-222.0	30.5
-221.0	33
-220.0	26
-219.0	41
-218.0	26
-217.0	28.5
-216.0	33
-215.0	31
-214.0	23
-213.0	39.5
-212.0	37.5
-211.0	39
-210.0	39
-209.0	16
-208.0	34
-207.0	33
-206.0	23
-205.0	26
-204.0	43
-203.0	29
-202.0	27
-201.0	37.5
-200.0	30
-199.0	41
-198.0	25
-197.0	36
-196.0	27.5
-195.0	40
-194.0	26
-193.0	26
-192.0	28
-191.0	37
-190.0	30.5
-189.0	32
-188.0	31
-187.0	22
-186.0	19
-185.0	30
-184.0	29
-183.0	22
-182.0	30
-181.0	27
-180.0	19
-179.0	28
-178.0	30
-177.0	30
-176.0	28
-175.0	30.5
-174.0	23
-173.0	35
-172.0	18
-171.0	31
-170.0	34
-169.0	35
-168.0	28
-167.0	32.5
-166.0	35.5
-165.0	30
-164.0	34.5
-163.0	16
-162.0	26
-161.0	42
-160.0	23
-159.0	31
-158.0	42
-157.0	28.5
-156.0	34
-155.0	17
-154.0	44.5
-153.0	19.5
-152.0	37.5
-151.0	25
-150.0	37
-149.0	34
-148.0	29
-147.0	37
-146.0	28
-145.0	26.5
-144.0	33.5
-143.0	29.5
-142.0	25.5
-141.0	30.5
-140.0	35
-139.0	20.5
-138.0	34
-137.0	23
-136.0	35
-135.0	34
-134.0	34
-133.0	27
-132.0	31
-131.0	37
-130.0	30
-129.0	32
-128.0	26.5
-127.0	20
-126.0	38
-125.0	36
-124.0	30.5
-123.0	24
-122.0	38.5
-121.0	26
-120.0	40
-119.0	32
-118.0	30
-117.0	29
-116.0	28
-115.0	22
-114.0	26
-113.0	25.5
-112.0	27
-111.0	38
-110.0	38
-109.0	40
-108.0	28.5
-107.0	32.5
-106.0	30
-105.0	29
-104.0	32.3333
-103.0	26
-102.0	24
-101.0	43
-100.0	34
 -99.0	34
 -98.0	27
 -97.0	36
 -96.0	36
 -95.0	31
 -94.0	37
 -93.0	37
 -92.0	28.5
 -91.0	32
 -90.0	38
 -89.0	36.5
 -88.0	40.5
 -87.0	29.5
 -86.0	39
 -85.0	26
 -84.0	35.5
 -83.0	29
 -82.0	31
 -81.0	45
 -80.0	38
 -79.0	32
 -78.0	23
 -77.0	30
 -76.0	35
 -75.0	35
 -74.0	36
 -73.0	25
 -72.0	40
 -71.0	33
 -70.0	31
 -69.0	33
 -68.0	38.5
 -67.0	35
 -66.0	36
 -65.0	23
 -64.0	37
 -63.0	51.8333
 -62.0	34.5
 -61.0	37.5
 -60.0	22.5
 -59.0	40
 -58.0	24.5
 -57.0	35
 -56.0	33
 -55.0	30
 -54.0	49
 -53.0	35
 -52.0	33
 -51.0	23.5
 -50.0	51
 -49.0	36
 -48.0	41
 -47.0	34.5
 -46.0	50
 -45.0	55
 -44.0	38
 -43.0	42.5
 -42.0	39.5
 -41.0	48
 -40.0	42
 -39.0	36.5
 -38.0	41
 -37.0	45
 -36.0	44
 -35.0	42
 -34.0	42
 -33.0	45.3333
 -32.0	48.5
 -31.0	46
 -30.0	43
 -29.0	51
 -28.0	50
 -27.0	41
 -26.0	61.5
 -25.0	37
 -24.0	63
 -23.0	48
 -22.0	51
 -21.0	56
 -20.0	41
 -19.0	46
 -18.0	43
 -17.0	53.5
 -16.0	59
 -15.0	46
 -14.0	57
 -13.0	47.5
 -12.0	50
 -11.0	55
 -10.0	47.5
  -9.0	47
  -8.0	44.5
  -7.0	43
  -6.0	41
  -5.0	54.5
  -4.0	43
  -3.0	49.5
  -2.0	62
  -1.0	45
   0.0	56.5
   1.0	50.5
   2.0	50
   3.0	53.5
   4.0	50
   5.0	49
   6.0	48
   7.0	59
   8.0	39
   9.0	48
  10.0	42.5
  11.0	43
  12.0	38
  13.0	61
  14.0	45
  15.0	59.5
  16.0	55
  17.0	46.5
  18.0	50
  19.0	38
  20.0	56
  21.0	60
  22.0	47
  23.0	49
  24.0	53
  25.0	63
  26.0	47
  27.0	49
  28.0	40
  29.0	49
  30.0	51
  31.0	32
  32.0	51.5
  33.0	40.5
  34.0	44
  35.0	47
  36.0	44
  37.0	43
  38.0	52
  39.0	32
  40.0	37.5
  41.0	34.5
  42.0	49
  43.0	32
  44.0	42
  45.0	44
  46.0	40
  47.0	32.5
  48.0	44
  49.0	41
  50.0	30
  51.0	39.5
  52.0	41.5
  53.0	40
  54.0	40
  55.0	37
  56.0	27.25
  57.0	28
  58.0	30
  59.0	31
  60.0	36.5
  61.0	36
  62.0	39.5
  63.0	41
  64.0	36
  65.0	26
  66.0	38
  67.0	32
  68.0	29.25
  69.0	34
  70.0	29
  71.0	42
  72.0	35
  73.0	26
  74.0	33.5
  75.0	34
  76.0	34
  77.0	37.5
  78.0	35.1429
  79.0	30
  80.0	27.25
  81.0	31
  82.0	40.5
  83.0	26.1111
  84.0	31
  85.0	32.5
  86.0	25
  87.0	28.1111
  88.0	33
  89.0	30
  90.0	17
  91.0	28.1111
  92.0	34.1429
  93.0	26
  94.0	26.5
  95.0	24.6111
  96.0	27.5
  97.0	33
  98.0	24
  99.0	28.1111
 100.0	27
 101.0	30
 102.0	43
 103.0	30.1111
 104.0	25.75
 105.0	32.5
 106.0	29.1429
 107.0	30.1111
 108.0	29
 109.0	25.5
 110.0	22
 111.0	30.1111
 112.0	26
 113.0	45
 114.0	38
 115.0	38.1111
 116.0	31
 117.0	29.5
 118.0	36
 119.0	26
 120.0	20.1429
 121.0	28
 122.0	27
 123.0	32
 124.0	27
 125.0	33
 126.0	34.5
 127.0	42
 128.0	30
 129.0	30
 130.0	30.5
 131.0	30
 132.0	32
 133.0	26
 134.0	25.6429
 135.0	43
 136.0	21.5
 137.0	44
 138.0	39
 139.0	24
 140.0	29
 141.0	25
 142.0	29
 143.0	28
 144.0	31
 145.0	34.5
 146.0	21.3333
 147.0	28
 148.0	16.1429
 149.0	33
 150.0	24.5
 151.0	26
 152.0	29.1667
 153.0	24.3333
 154.0	31.5
 155.0	35.5
 156.0	31.5
 157.0	29.5
 158.0	23
 159.0	29.5
 160.0	26.3333
 161.0	33
 162.0	22.6429
 163.0	42
 164.0	29.5
 165.0	34
 166.0	30
 167.0	38.1667
 168.0	35.5
 169.0	28
 170.0	40.5
 171.0	34
 172.0	24
 173.0	26
 174.0	33.5
 175.0	25
 176.0	19
 177.0	26.5
 178.0	34
 179.0	36
 180.0	22.1429
 181.0	28
 182.0	23.1667
 183.0	36.5
 184.0	35
 185.0	29
 186.0	31
 187.0	41
 188.0	30.1429
 189.0	22
 190.0	27
 191.0	33
 192.0	24
 193.0	30
 194.0	19.5
 195.0	23
 196.0	27.1429
 197.0	25.1667
 198.0	36
 199.0	25
 200.0	35.5
 201.0	31
 202.0	28.5
 203.0	26
 204.0	20.1429
 205.0	28
 206.0	31
 207.0	32
 208.0	24
 209.0	30.5
 210.0	23
 211.0	20
 212.0	37.3095
 213.0	30
 214.0	19
 215.0	27
 216.0	27
 217.0	28
 218.0	36.5
 219.0	27
 220.0	18.6429
 221.0	32
 222.0	28
 223.0	29
 224.0	32
 225.0	26
 226.0	29.5
 227.0	25.1667
 228.0	28.1429
DB 2 MOTIF	E2F2_HUMAN.H11MO.0.B
-230.0	15
-229.0	25
-228.0	20.5
-227.0	19
-226.0	19
-225.0	24.5
-224.0	21.5
-223.0	22.5
-222.0	24
-221.0	18.5
-220.0	20
-219.0	22.1111
-218.0	21
-217.0	28
-216.0	25
-215.0	22.5
-214.0	22
-213.0	26
-212.0	18
-211.0	23.2
-210.0	23
-209.0	20
-208.0	14
-207.0	19
-206.0	21
-205.0	16
-204.0	22
-203.0	20
-202.0	19.5
-201.0	27
-200.0	20.5
-199.0	21
-198.0	23
-197.0	16.5
-196.0	22
-195.0	23
-194.0	20.6111
-193.0	25
-192.0	15
-191.0	19
-190.0	20
-189.0	27
-188.0	20
-187.0	19
-186.0	19
-185.0	29
-184.0	18
-183.0	25
-182.0	20
-181.0	19
-180.0	21.5
-179.0	25
-178.0	13.5
-177.0	29.5
-176.0	21.5
-175.0	22
-174.0	25
-173.0	18
-172.0	25.5
-171.0	18
-170.0	17
-169.0	25.3111
-168.0	20.3333
-167.0	27.5
-166.0	21
-165.0	18
-164.0	18
-163.0	20
-162.0	24
-161.0	24
-160.0	26
-159.0	16
-158.0	18
-157.0	17
-156.0	17
-155.0	24.5
-154.0	27
-153.0	17.8333
-152.0	23
-151.0	20
-150.0	19.2
-149.0	17
-148.0	13.5
-147.0	25
-146.0	18
-145.0	21
-144.0	17.1111
-143.0	23
-142.0	18
-141.0	23
-140.0	22.5
-139.0	16
-138.0	22
-137.0	22
-136.0	19.5
-135.0	18.3333
-134.0	16.5
-133.0	20
-132.0	17
-131.0	22.5
-130.0	26.5
-129.0	11
-128.0	20
-127.0	13.5
-126.0	26
-125.0	14.2
-124.0	21
-123.0	25
-122.0	20
-121.0	20
-120.0	26
-119.0	16.1111
-118.0	14.5
-117.0	18.5
-116.0	19
-115.0	28.3333
-114.0	21
-113.0	27.3333
-112.0	14
-111.0	19.5
-110.0	21
-109.0	12
-108.0	25
-107.0	28
-106.0	24.5
-105.0	23
-104.0	22
-103.0	23
-102.0	29
-101.0	14
-100.0	23.5
 -99.0	26
 -98.0	17.3333
 -97.0	13
 -96.0	30
 -95.0	11
 -94.0	24.4444
 -93.0	22
 -92.0	14
 -91.0	20.5
 -90.0	26.5
 -89.0	22.5
 -88.0	24
 -87.0	22.2
 -86.0	25.3333
 -85.0	23
 -84.0	19.5
 -83.0	18.5
 -82.0	20.5
 -81.0	24
 -80.0	25.5
 -79.0	21
 -78.0	30
 -77.0	31.5
 -76.0	25
 -75.0	26
 -74.0	27.3333
 -73.0	15
 -72.0	30
 -71.0	30.5
 -70.0	21
 -69.0	28.6111
 -68.0	32.5
 -67.0	29
 -66.0	21
 -65.0	28
 -64.0	31.5
 -63.0	25
 -62.0	11.5
 -61.0	21.5
 -60.0	23
 -59.0	24.5
 -58.0	27.5
 -57.0	26.5
 -56.0	17
 -55.0	21.5
 -54.0	26.5
 -53.0	25.5
 -52.0	25.5
 -51.0	28
 -50.0	29
 -49.0	24.5
 -48.0	33
 -47.0	27
 -46.0	22
 -45.0	23.5
 -44.0	34.1111
 -43.0	30
 -42.0	35
 -41.0	36
 -40.0	33
 -39.0	35.5
 -38.0	31.5
 -37.0	33
 -36.0	27
 -35.0	24
 -34.0	34
 -33.0	28.5
 -32.0	36.5
 -31.0	25
 -30.0	32
 -29.0	40
 -28.0	37.5
 -27.0	39
 -26.0	40
 -25.0	42.5
 -24.0	31.5
 -23.0	33
 -22.0	37
 -21.0	39
 -20.0	31
 -19.0	29.1111
 -18.0	40
 -17.0	31
 -16.0	40.8333
 -15.0	26
 -14.0	41.5
 -13.0	37
 -12.0	40
 -11.0	44.3333
 -10.0	34.5
  -9.0	39
  -8.0	38
  -7.0	31.5
  -6.0	39.8333
  -5.0	26
  -4.0	37
  -3.0	37.5
  -2.0	40
  -1.0	31
   0.0	39.5
   1.0	43
   2.0	31
   3.0	36
   4.0	37.5
   5.0	38
   6.0	31
   7.0	33
   8.0	35.5
   9.0	35
  10.0	35
  11.0	48.5
  12.0	42
  13.0	32
  14.0	30
  15.0	44.5
  16.0	38
  17.0	29
  18.0	28
  19.0	33
  20.0	24
  21.0	38
  22.0	42.5
  23.0	41.5
  24.0	29
  25.0	42.5
  26.0	38
  27.0	45.5
  28.0	39
  29.0	39
  30.0	34.5
  31.0	33.5
  32.0	36.5
  33.0	38.8333
  34.0	29
  35.0	25
  36.0	37
  37.0	30.5
  38.0	32.5
  39.0	21
  40.0	24
  41.0	15
  42.0	23
  43.0	29
  44.0	23
  45.0	24.5
  46.0	19
  47.0	23
  48.0	28
  49.0	27.5
  50.0	33
  51.0	24
  52.0	33
  53.0	22
  54.0	23
  55.0	21
  56.0	44
  57.0	31
  58.0	29
  59.0	23
  60.0	24
  61.0	20
  62.0	30
  63.0	14
  64.0	23
  65.0	26.25
  66.0	18
  67.0	27.5
  68.0	28.5
  69.0	23
  70.0	18.3333
  71.0	24.5
  72.0	16.5
  73.0	30.5
  74.0	26.5
  75.0	37.5
  76.0	16
  77.0	21
  78.0	18
  79.0	20.5
  80.0	20
  81.0	20.5
  82.0	23
  83.0	19
  84.0	22
  85.0	23
  86.0	26
  87.0	20
  88.0	24
  89.0	27
  90.0	20
  91.0	18
  92.0	19
  93.0	20
  94.0	23
  95.0	27
  96.0	34.5
  97.0	21
  98.0	17
  99.0	25
 100.0	20
 101.0	20
 102.0	16
 103.0	24.5
 104.0	22
 105.0	25
 106.0	22.25
 107.0	17.8333
 108.0	22
 109.0	19.5
 110.0	24.5
 111.0	20
 112.0	15
 113.0	21.5
 114.0	21
 115.0	20.5
 116.0	12.5
 117.0	26
 118.0	16
 119.0	14
 120.0	12
 121.0	14
 122.0	11.5
 123.0	25
 124.0	11
 125.0	20
 126.0	25
 127.0	25
 128.0	22
 129.0	10
 130.0	22.5
 131.0	14.5
 132.0	24
 133.0	22
 134.0	19
 135.0	17.5
 136.0	12
 137.0	19.5
 138.0	17
 139.0	17
 140.0	20
 141.0	18.5
 142.0	10
 143.0	18
 144.0	13
 145.0	18.5
 146.0	25.5
 147.0	16.5
 148.0	26
 149.0	14
 150.0	22
 151.0	18
 152.0	18
 153.0	20
 154.0	19
 155.0	11
 156.0	25.5
 157.0	19
 158.0	13
 159.0	16
 160.0	14
 161.0	19
 162.0	15
 163.0	18
 164.0	25
 165.0	28
 166.0	14.5
 167.0	17.5
 168.0	15
 169.0	21
 170.0	26
 171.0	22
 172.0	18.5
 173.0	20
 174.0	13
 175.0	13
 176.0	17
 177.0	15
 178.0	24
 179.0	14
 180.0	16
 181.0	22.5
 182.0	24.5
 183.0	17
 184.0	11.5
 185.0	15.25
 186.0	11
 187.0	21
 188.0	24
 189.0	28
 190.0	11
 191.0	16.5
 192.0	13
 193.0	24.5
 194.0	17.5
 195.0	18
 196.0	16
 197.0	18
 198.0	22.5
 199.0	22
 200.0	16
 201.0	17
 202.0	13.5
 203.0	23
 204.0	14
 205.0	16
 206.0	19.25
 207.0	15
 208.0	17.5
 209.0	19
 210.0	18
 211.0	15.5
 212.0	18.5
 213.0	18
 214.0	19
 215.0	18
 216.0	27
 217.0	26
 218.0	17
 219.0	28
 220.0	24.5
 221.0	27
 222.0	17
 223.0	16.5
 224.0	16
 225.0	18
 226.0	18
 227.0	19
 228.0	31
 229.0	20
 230.0	22
DB 2 MOTIF	E2F3_HUMAN.H11MO.0.A
-229.5	42
-228.5	42.5
-227.5	40
-226.5	42
-225.5	38
-224.5	26.5
-223.5	43.5
-222.5	42.3333
-221.5	31
-220.5	33
-219.5	30.5
-218.5	39
-217.5	46.5
-216.5	42.5
-215.5	41.5
-214.5	34
-213.5	31
-212.5	31
-211.5	39.5
-210.5	37
-209.5	40.5
-208.5	24
-207.5	45.5
-206.5	30
-205.5	35
-204.5	42
-203.5	27
-202.5	47
-201.5	32.5
-200.5	38.3333
-199.5	39
-198.5	42.5
-197.5	35
-196.5	34.8333
-195.5	51
-194.5	37.5
-193.5	35
-192.5	32.1667
-191.5	46
-190.5	35
-189.5	29.5
-188.5	37.5
-187.5	26.5
-186.5	22
-185.5	32
-184.5	45
-183.5	27.5
-182.5	26.5
-181.5	37
-180.5	34
-179.5	22
-178.5	32
-177.5	38.5
-176.5	32.5
-175.5	46
-174.5	37
-173.5	31.5
-172.5	43
-171.5	34.6667
-170.5	24
-169.5	39
-168.5	34
-167.5	35
-166.5	41
-165.5	32
-164.5	30
-163.5	28.5
-162.5	31
-161.5	37.5
-160.5	29
-159.5	34.5
-158.5	47.3333
-157.5	29
-156.5	31
-155.5	32
-154.5	27.5
-153.5	35
-152.5	38.5
-151.5	27
-150.5	32.5
-149.5	39
-148.5	40
-147.5	30
-146.5	35.5
-145.5	38
-144.5	36.5
-143.5	29
-142.5	32.5
-141.5	29.1667
-140.5	40
-139.5	30.5
-138.5	31
-137.5	33.5
-136.5	36
-135.5	39
-134.5	40
-133.5	30
-132.5	32
-131.5	39.5
-130.5	25
-129.5	34.5
-128.5	37
-127.5	30.5
-126.5	29.5
-125.5	26.75
-124.5	40.5
-123.5	37.5
-122.5	40.5
-121.5	38.5
-120.5	33.5
-119.5	31
-118.5	31
-117.5	25.25
-116.5	40
-115.5	24
-114.5	34.5
-113.5	35
-112.5	31.5
-111.5	26.1667
-110.5	34.5
-109.5	44.75
-108.5	36
-107.5	20
-106.5	30
-105.5	35.5
-104.5	27
-103.5	36.5
-102.5	34
-101.5	35.5
-100.5	40
 -99.5	33
 -98.5	40
 -97.5	37.5
 -96.5	38
 -95.5	37
 -94.5	44
 -93.5	36
 -92.5	41
 -91.5	33
 -90.5	37.5
 -89.5	35.5
 -88.5	39.5
 -87.5	42
 -86.5	37.5
 -85.5	38
 -84.5	32
 -83.5	32.5
 -82.5	31
 -81.5	42.1667
 -80.5	36.5
 -79.5	32
 -78.5	32.5
 -77.5	36
 -76.5	37
 -75.5	37
 -74.5	24
 -73.5	43
 -72.5	33.8333
 -71.5	41
 -70.5	37
 -69.5	24
 -68.5	34
 -67.5	48.3333
 -66.5	36
 -65.5	32.3333
 -64.5	39
 -63.5	38.8333
 -62.5	51
 -61.5	28.75
 -60.5	31
 -59.5	38
 -58.5	27
 -57.5	42
 -56.5	38.5
 -55.5	38
 -54.5	32.3333
 -53.5	40
 -52.5	32
 -51.5	31.6667
 -50.5	45
 -49.5	31
 -48.5	37.3333
 -47.5	43
 -46.5	32
 -45.5	45.5
 -44.5	35.5
 -43.5	41.5
 -42.5	34.3333
 -41.5	51.75
 -40.5	38.5
 -39.5	34
 -38.5	41.3333
 -37.5	50.5
 -36.5	39
 -35.5	35
 -34.5	45
 -33.5	40.5
 -32.5	37
 -31.5	36
 -30.5	43.3333
 -29.5	45
 -28.5	62
 -27.5	37.5
 -26.5	52.5
 -25.5	44
 -24.5	47.5
 -23.5	45
 -22.5	46
 -21.5	55
 -20.5	42.5
 -19.5	39.5
 -18.5	47.5
 -17.5	52.5
 -16.5	44
 -15.5	47.5
 -14.5	42.3333
 -13.5	41.5
 -12.5	36.5
 -11.5	51
 -10.5	37
  -9.5	58
  -8.5	41
  -7.5	37
  -6.5	45.5
  -5.5	47.5
  -4.5	41.5
  -3.5	34.5
  -2.5	51.3333
  -1.5	45.5
  -0.5	50
   0.5	38
   1.5	47
   2.5	44.5
   3.5	44.5
   4.5	45
   5.5	47.5
   6.5	36
   7.5	34
   8.5	43
   9.5	52.3333
  10.5	44.5
  11.5	39.25
  12.5	43
  13.5	37
  14.5	56.5
  15.5	43.5
  16.5	39.5
  17.5	42
  18.5	43
  19.5	49
  20.5	52.8333
  21.5	41
  22.5	39
  23.5	35
  24.5	41.5
  25.5	55
  26.5	43.5
  27.5	43
  28.5	44
  29.5	31
  30.5	37.5
  31.5	39
  32.5	47.5
  33.5	48
  34.5	42
  35.5	46
  36.5	39
  37.5	35
  38.5	31
  39.5	29
  40.5	37
  41.5	42
  42.5	25
  43.5	38.5
  44.5	36
  45.5	38
  46.5	35
  47.5	31.5
  48.5	41
  49.5	40
  50.5	34
  51.5	42
  52.5	37.8333
  53.5	44
  54.5	42
  55.5	34.2
  56.5	27.8333
  57.5	30
  58.5	33
  59.5	34
  60.5	27
  61.5	29.5
  62.5	40.3333
  63.5	43
  64.5	29.25
  65.5	40.5
  66.5	34
  67.5	25.7
  68.5	40
  69.5	27.3333
  70.5	34
  71.5	28
  72.5	36
  73.5	31
  74.5	40.5
  75.5	31
  76.5	44.3333
  77.5	34
  78.5	33
  79.5	32.7
  80.5	35
  81.5	35.5
  82.5	42
  83.5	34
  84.5	45.5
  85.5	37.5
  86.5	23
  87.5	46.3333
  88.5	47
  89.5	34
  90.5	31
  91.5	43.5
  92.5	26.25
  93.5	32
  94.5	41.5
  95.5	33
  96.5	35
  97.5	41.5
  98.5	29.8333
  99.5	42
 100.5	40.75
 101.5	40
 102.5	29.8333
 103.5	27.7
 104.5	38.5
 105.5	29
 106.5	37.3333
 107.5	37
 108.5	31.25
 109.5	30
 110.5	25.5
 111.5	31.5
 112.5	45
 113.5	39
 114.5	30.5
 115.5	31
 116.5	43
 117.5	28.75
 118.5	33
 119.5	37.5
 120.5	21
 121.5	38
 122.5	38
 123.5	42.5
 124.5	38.3333
 125.5	30
 126.5	36.5
 127.5	42.2
 128.5	34.5
 129.5	30.5
 130.5	31
 131.5	32
 132.5	25.5
 133.5	34
 134.5	33.5
 135.5	36.5
 136.5	31.5
 137.5	39
 138.5	27.5
 139.5	44
 140.5	32.5
 141.5	35.5
 142.5	31
 143.5	34.5
 144.5	24
 145.5	38
 146.5	37.8333
 147.5	29
 148.5	35
 149.5	29.5
 150.5	33
 151.5	23
 152.5	31
 153.5	38.3333
 154.5	33.5
 155.5	34
 156.5	34.25
 157.5	36
 158.5	30
 159.5	29
 160.5	26.8333
 161.5	36.5
 162.5	42
 163.5	36
 164.5	49.5
 165.5	34.5
 166.5	33.5
 167.5	45.5
 168.5	38.3333
 169.5	33.5
 170.5	42.5
 171.5	44
 172.5	35.3333
 173.5	33.5
 174.5	38
 175.5	30
 176.5	35.8333
 177.5	41.5
 178.5	40
 179.5	42.5
 180.5	37
 181.5	35
 182.5	26.5
 183.5	35.5
 184.5	39
 185.5	33.5
 186.5	39
 187.5	35.5
 188.5	31
 189.5	36.5
 190.5	26
 191.5	34
 192.5	29.5
 193.5	36
 194.5	28
 195.5	38.5
 196.5	31.5
 197.5	53
 198.5	41
 199.5	39.5
 200.5	48
 201.5	30
 202.5	39
 203.5	35
 204.5	31.5
 205.5	39
 206.5	41.5
 207.5	39
 208.5	29
 209.5	39
 210.5	31
 211.5	28.5
 212.5	32.5
 213.5	32.5
 214.5	41
 215.5	37
 216.5	36
 217.5	41.5
 218.5	33.5
 219.5	37.5
 220.5	38
 221.5	45
 222.5	34
 223.5	40
 224.5	35
 225.5	22
 226.5	28
 227.5	33.5
 228.5	33
 229.5	45
DB 2 MOTIF	E2F4_HUMAN.H11MO.0.A
-228.5	33
-227.5	34
-226.5	38
-225.5	29
-224.5	23
-223.5	41
-222.5	25
-221.5	25.1429
-220.5	33
-219.5	32
-218.5	30.5
-217.5	28
-216.5	30
-215.5	31
-214.5	29.5
-213.5	28
-212.5	25
-211.5	37
-210.5	36
-209.5	36
-208.5	26.5
-207.5	42
-206.5	30
-205.5	31.5
-204.5	32.5
-203.5	22.5
-202.5	30.5
-201.5	31.5
-200.5	33
-199.5	38
-198.5	25
-197.5	38
-196.5	29
-195.5	40.5
-194.5	24.5
-193.5	21
-192.5	24
-191.5	31.1429
-190.5	20.5
-189.5	22
-188.5	39
-187.5	25
-186.5	20
-185.5	25
-184.5	31.8333
-183.5	24
-182.5	19.5
-181.5	21.5
-180.5	22
-179.5	30.3333
-178.5	26.5
-177.5	38
-176.5	27
-175.5	31
-174.5	31.5833
-173.5	27.5
-172.5	34.5
-171.5	28
-170.5	29
-169.5	38
-168.5	29
-167.5	32.5
-166.5	42.5
-165.5	29.5
-164.5	28
-163.5	25.5
-162.5	23.5
-161.5	33.1429
-160.5	26
-159.5	24.5
-158.5	33
-157.5	28.5
-156.5	23
-155.5	30
-154.5	26
-153.5	27
-152.5	32
-151.5	28
-150.5	28
-149.5	34
-148.5	27
-147.5	35
-146.5	34.5
-145.5	28
-144.5	30.5
-143.5	31
-142.5	25.5
-141.5	23.5
-140.5	30.5
-139.5	34.5
-138.5	24
-137.5	23.5
-136.5	26
-135.5	31.5
-134.5	28.5
-133.5	30.25
-132.5	37.5
-131.5	40.1429
-130.5	30
-129.5	42.5
-128.5	35
-127.5	19.5
-126.5	34.5
-125.5	34.75
-124.5	29
-123.5	23.5
-122.5	38.5
-121.5	34.25
-120.5	31
-119.5	30
-118.5	37.5
-117.5	29.25
-116.5	43.5
-115.5	25
-114.5	28
-113.5	24
-112.5	27.5
-111.5	34.5
-110.5	39
-109.5	33.25
-108.5	41
-107.5	31
-106.5	33
-105.5	34
-104.5	25.75
-103.5	29.8333
-102.5	29
-101.5	35.1429
-100.5	37.75
 -99.5	29
 -98.5	29.8333
 -97.5	34.5
 -96.5	33
 -95.5	29.5
 -94.5	36.5
 -93.5	30.3333
 -92.5	35
 -91.5	36
 -90.5	42.5
 -89.5	34
 -88.5	37
 -87.5	40
 -86.5	30.5
 -85.5	37.5
 -84.5	32.5
 -83.5	26
 -82.5	37.5
 -81.5	34
 -80.5	35
 -79.5	26
 -78.5	38.5
 -77.5	36
 -76.5	36
 -75.5	34
 -74.5	38
 -73.5	34
 -72.5	35
 -71.5	35.1429
 -70.5	44
 -69.5	26
 -68.5	27.5
 -67.5	39
 -66.5	29
 -65.5	47
 -64.5	40.5
 -63.5	57.75
 -62.5	45
 -61.5	32.75
 -60.5	28.5
 -59.5	34.5
 -58.5	38.5
 -57.5	35
 -56.5	35
 -55.5	34
 -54.5	38
 -53.5	35
 -52.5	43
 -51.5	40
 -50.5	39.5
 -49.5	40.5
 -48.5	30.5
 -47.5	32
 -46.5	44.5
 -45.5	51
 -44.5	41
 -43.5	41.5
 -42.5	38.5
 -41.5	58.1429
 -40.5	40
 -39.5	37.5
 -38.5	51.5
 -37.5	49
 -36.5	47
 -35.5	47
 -34.5	46.5
 -33.5	44.25
 -32.5	48
 -31.5	36.5
 -30.5	45
 -29.5	50.5
 -28.5	55.5
 -27.5	42
 -26.5	48.5
 -25.5	49.5
 -24.5	50
 -23.5	53.5
 -22.5	54
 -21.5	61.5
 -20.5	43
 -19.5	38
 -18.5	50
 -17.5	48
 -16.5	48
 -15.5	53
 -14.5	46
 -13.5	49
 -12.5	53.5
 -11.5	49.5
 -10.5	38
  -9.5	55.5
  -8.5	30
  -7.5	44
  -6.5	46.5
  -5.5	44.5
  -4.5	61.5
  -3.5	37.5
  -2.5	60
  -1.5	52
  -0.5	60
   0.5	41
   1.5	53
   2.5	47
   3.5	48.5
   4.5	45
   5.5	50
   6.5	50.5
   7.5	49.5
   8.5	41
   9.5	43.5
  10.5	51.5
  11.5	49
  12.5	52
  13.5	48.75
  14.5	48
  15.5	59
  16.5	46
  17.5	48.3333
  18.5	36.5
  19.5	55.5
  20.5	61.5
  21.5	44
  22.5	35
  23.5	41
  24.5	51
  25.5	54.5
  26.5	47
  27.5	50
  28.5	48
  29.5	48
  30.5	41
  31.5	41
  32.5	45
  33.5	37.5
  34.5	49.5
  35.5	38
  36.5	47
  37.5	40.5
  38.5	44
  39.5	42
  40.5	30
  41.5	50
  42.5	29.5
  43.5	52.5
  44.5	35
  45.5	40
  46.5	36.5
  47.5	34
  48.5	30
  49.5	37
  50.5	32
  51.5	48.5
  52.5	45.5
  53.5	43
  54.5	40
  55.5	35.2
  56.5	27.5
  57.5	39
  58.5	35
  59.5	25.5
  60.5	34
  61.5	41
  62.5	38
  63.5	32.5
  64.5	29
  65.5	38
  66.5	37.5
  67.5	31.2
  68.5	30.5
  69.5	35
  70.5	34
  71.5	32
  72.5	42
  73.5	31
  74.5	34.5
  75.5	39
  76.5	38
  77.5	30
  78.5	34.5
  79.5	33.8667
  80.5	34.5
  81.5	26.5
  82.5	32.5
  83.5	34
  84.5	31.3333
  85.5	32.5
  86.5	29.5
  87.5	40
  88.5	30
  89.5	27.3333
  90.5	29
  91.5	44.5
  92.5	24.25
  93.5	28
  94.5	28.5
  95.5	25.5
  96.5	23.5
  97.5	34
  98.5	26.5
  99.5	46
 100.5	36.75
 101.5	28
 102.5	37
 103.5	28.2
 104.5	38
 105.5	28
 106.5	29
 107.5	33
 108.5	32.25
 109.5	25
 110.5	21
 111.5	30.5
 112.5	37.5
 113.5	30
 114.5	20.5
 115.5	33.5
 116.5	27
 117.5	25
 118.5	33
 119.5	25.3333
 120.5	25.5
 121.5	30.5
 122.5	30
 123.5	29
 124.5	25.3333
 125.5	30
 126.5	39.5
 127.5	33.2
 128.5	25
 129.5	31
 130.5	26
 131.5	32.5
 132.5	26
 133.5	23.5
 134.5	25.5
 135.5	26.5
 136.5	28
 137.5	36.5
 138.5	33.5
 139.5	38
 140.5	28.5
 141.5	23
 142.5	29
 143.5	24
 144.5	22.5
 145.5	28
 146.5	25.3333
 147.5	27
 148.5	22.5
 149.5	28
 150.5	27.3333
 151.5	33
 152.5	22.1667
 153.5	27.3333
 154.5	23
 155.5	37.5
 156.5	28.25
 157.5	25
 158.5	29
 159.5	33
 160.5	20.3333
 161.5	22
 162.5	29
 163.5	26.5
 164.5	33
 165.5	29.5
 166.5	28
 167.5	31.1667
 168.5	38.5
 169.5	27
 170.5	28.5
 171.5	32
 172.5	32.5
 173.5	36
 174.5	22
 175.5	28
 176.5	27
 177.5	27.5
 178.5	38
 179.5	27
 180.5	26
 181.5	26
 182.5	27.1667
 183.5	29
 184.5	28.5
 185.5	35
 186.5	24
 187.5	35
 188.5	22
 189.5	24
 190.5	22
 191.5	27
 192.5	27
 193.5	30
 194.5	24
 195.5	18
 196.5	22.5
 197.5	35.1667
 198.5	21
 199.5	24.5
 200.5	33
 201.5	20
 202.5	24.5
 203.5	23
 204.5	19
 205.5	24
 206.5	26.5
 207.5	34
 208.5	29
 209.5	28
 210.5	18
 211.5	25
 212.5	21.6667
 213.5	23
 214.5	27
 215.5	26
 216.5	22.8333
 217.5	23
 218.5	33
 219.5	18
 220.5	28
 221.5	26
 222.5	34.5
 223.5	36
 224.5	37
 225.5	23
 226.5	29.5
 227.5	25.6667
 228.5	37
DB 2 MOTIF	E2F4_HUMAN.H11MO.1.A
-228.0	19.8333
-227.0	28
-226.0	29.5
-225.0	29.5
-224.0	32
-223.0	31
-222.0	25
-221.0	28.5
-220.0	32
-219.0	32
-218.0	32
-217.0	37
-216.0	20
-215.0	30.5
-214.0	26
-213.0	38
-212.0	32
-211.0	22
-210.0	24
-209.0	33
-208.0	40
-207.0	21
-206.0	38
-205.0	23
-204.0	34
-203.0	30.5
-202.0	22.5
-201.0	29
-200.0	37.8333
-199.0	34.5
-198.0	30
-197.0	39.5
-196.0	36.5
-195.0	41
-194.0	28.5
-193.0	17
-192.0	41
-191.0	29
-190.0	26.5
-189.0	28
-188.0	30
-187.0	35
-186.0	23
-185.0	22
-184.0	20
-183.0	25
-182.0	28
-181.0	39
-180.0	25
-179.0	21
-178.0	31
-177.0	32
-176.0	24
-175.0	31.3333
-174.0	33.5
-173.0	26
-172.0	36
-171.0	33
-170.0	29
-169.0	35
-168.0	26.5
-167.0	22
-166.0	31.3333
-165.0	23.5
-164.0	23
-163.0	23.5
-162.0	26
-161.0	28
-160.0	30.5
-159.0	27
-158.0	33.5
-157.0	23
-156.0	31.5
-155.0	28
-154.0	28
-153.0	19
-152.0	22
-151.0	25
-150.0	31.5
-149.0	26
-148.0	23
-147.0	32
-146.0	35
-145.0	20
-144.0	43
-143.0	22
-142.0	27
-141.0	23.5
-140.0	31.5
-139.0	33
-138.0	25
-137.0	32.3333
-136.0	30.5
-135.0	28
-134.0	28
-133.0	27
-132.0	29.3333
-131.0	25
-130.0	35
-129.0	31
-128.0	19
-127.0	34
-126.0	34.5
-125.0	28
-124.0	36.5
-123.0	25
-122.0	37.3333
-121.0	31
-120.0	41
-119.0	17
-118.0	25
-117.0	26
-116.0	31
-115.0	24.5
-114.0	28.5
-113.0	36
-112.0	38.5
-111.0	23.5
-110.0	18
-109.0	32
-108.0	30
-107.0	30.5
-106.0	28
-105.0	34
-104.0	23.3333
-103.0	28.5
-102.0	33
-101.0	30.3333
-100.0	36
 -99.0	24.5
 -98.0	25
 -97.0	26.5
 -96.0	32
 -95.0	27
 -94.0	34.5
 -93.0	30
 -92.0	25.5
 -91.0	30
 -90.0	32
 -89.0	40
 -88.0	44
 -87.0	27
 -86.0	35.5
 -85.0	36
 -84.0	34
 -83.0	31.3333
 -82.0	32
 -81.0	29
 -80.0	29
 -79.0	38
 -78.0	27
 -77.0	45
 -76.0	33
 -75.0	34
 -74.0	35.5
 -73.0	33
 -72.0	35
 -71.0	38
 -70.0	31
 -69.0	31
 -68.0	41
 -67.0	38.5
 -66.0	40
 -65.0	30.8333
 -64.0	23
 -63.0	43.3333
 -62.0	35
 -61.0	36.5
 -60.0	40
 -59.0	28
 -58.0	37
 -57.0	44
 -56.0	34
 -55.0	42
 -54.0	37.5
 -53.0	37
 -52.0	43
 -51.0	28
 -50.0	44
 -49.0	43.5
 -48.0	33
 -47.0	31.5
 -46.0	35
 -45.0	44.5
 -44.0	43
 -43.0	29
 -42.0	44
 -41.0	42
 -40.0	50
 -39.0	41
 -38.0	54
 -37.0	43
 -36.0	51.5
 -35.0	52
 -34.0	52
 -33.0	42.3333
 -32.0	58
 -31.0	42
 -30.0	61
 -29.0	52
 -28.0	56.5
 -27.0	62
 -26.0	52
 -25.0	53
 -24.0	53
 -23.0	50.5
 -22.0	48
 -21.0	43.5
 -20.0	42
 -19.0	55.5
 -18.0	44
 -17.0	41
 -16.0	51
 -15.0	63
 -14.0	50
 -13.0	57
 -12.0	49.5
 -11.0	59
 -10.0	74.5
  -9.0	56.5
  -8.0	65
  -7.0	51
  -6.0	54
  -5.0	51
  -4.0	58.5
  -3.0	46
  -2.0	44.5
  -1.0	60
   0.0	43
   1.0	58.3333
   2.0	64.5
   3.0	69
   4.0	57
   5.0	66
   6.0	62
   7.0	48.5
   8.0	57
   9.0	67.5
  10.0	60
  11.0	69.5
  12.0	59
  13.0	48
  14.0	66
  15.0	45.5
  16.0	54.5
  17.0	50
  18.0	39
  19.0	41.5
  20.0	45
  21.0	45.5
  22.0	35
  23.0	49.5
  24.0	48
  25.0	52
  26.0	51.5
  27.0	56.5
  28.0	58.5
  29.0	61
  30.0	53
  31.0	42
  32.0	41
  33.0	37.5
  34.0	45
  35.0	40
  36.0	52.5
  37.0	26.5
  38.0	49.5
  39.0	36
  40.0	43
  41.0	44.5
  42.0	51
  43.0	45.5
  44.0	32
  45.0	36
  46.0	39.5
  47.0	33
  48.0	25
  49.0	37
  50.0	35
  51.0	35
  52.0	36
  53.0	37.5
  54.0	44
  55.0	33.5
  56.0	53
  57.0	34
  58.0	25
  59.0	31
  60.0	33.5
  61.0	32
  62.0	37
  63.0	31.5
  64.0	37
  65.0	31
  66.0	26
  67.0	30.3333
  68.0	27.5
  69.0	38
  70.0	36.5
  71.0	39
  72.0	30
  73.0	39
  74.0	34.3333
  75.0	27
  76.0	26
  77.0	21
  78.0	32
  79.0	26.5
  80.0	29
  81.0	24.3333
  82.0	35
  83.0	27.5
  84.0	27
  85.0	30.3333
  86.0	39
  87.0	27
  88.0	27
  89.0	22
  90.0	36
  91.0	34
  92.0	30
  93.0	25
  94.0	26
  95.0	30
  96.0	24
  97.0	29.5
  98.0	30.5
  99.0	21
 100.0	27
 101.0	26
 102.0	38.5
 103.0	32
 104.0	33
 105.0	23
 106.0	35
 107.0	26.5
 108.0	29.8333
 109.0	29
 110.0	28
 111.0	17
 112.0	35
 113.0	36.5
 114.0	24
 115.0	29
 116.0	35.5
 117.0	32
 118.0	23.5
 119.0	32.5
 120.0	18
 121.0	27.5
 122.0	25
 123.0	27
 124.0	25
 125.0	32.5
 126.0	28.5
 127.0	28
 128.0	26
 129.0	33.5
 130.0	27
 131.0	32
 132.0	20
 133.0	27.5
 134.0	21
 135.0	27.5
 136.0	30
 137.0	28
 138.0	22.5
 139.0	31
 140.0	26
 141.0	36
 142.0	39.5
 143.0	26.3333
 144.0	29
 145.0	29
 146.0	17
 147.0	29
 148.0	25
 149.0	26
 150.0	24.3333
 151.0	25
 152.0	19
 153.0	31
 154.0	21
 155.0	22
 156.0	24
 157.0	30.3333
 158.0	30
 159.0	37.3333
 160.0	23
 161.0	37
 162.0	25.5
 163.0	25
 164.0	24
 165.0	28.5
 166.0	27
 167.0	31.5
 168.0	30.5
 169.0	24
 170.0	26.5
 171.0	25
 172.0	27
 173.0	22.5
 174.0	29.5
 175.0	33.3333
 176.0	28
 177.0	29
 178.0	20
 179.0	23
 180.0	26
 181.0	33
 182.0	36
 183.0	23.5
 184.0	28
 185.0	18
 186.0	19
 187.0	28.5
 188.0	22
 189.0	29
 190.0	24
 191.0	37.5
 192.0	25.5
 193.0	23
 194.0	25.5
 195.0	19
 196.0	37
 197.0	27
 198.0	22
 199.0	34
 200.0	27
 201.0	29
 202.0	26.5
 203.0	24
 204.0	23.5
 205.0	27
 206.0	29.5
 207.0	24
 208.0	22
 209.0	29
 210.0	24.5
 211.0	31
 212.0	24
 213.0	25
 214.0	28
 215.0	20
 216.0	26
 217.0	34
 218.0	23.5
 219.0	24
 220.0	26
 221.0	26
 222.0	31
 223.0	28
 224.0	19.5
 225.0	40.5
 226.0	30
 227.0	27
 228.0	22
DB 2 MOTIF	E2F5_HUMAN.H11MO.0.B
-230.0	6
-229.0	8
-228.0	13
-227.0	16
-226.0	8
-225.0	11
-224.0	13
-223.0	7
-222.0	9
-221.0	12
-220.0	11
-219.0	7
-218.0	13.5
-217.0	15
-216.0	10
-215.0	11
-214.0	4
-213.0	3
-212.0	10
-211.0	12
-210.0	2.5
-209.0	8
-208.0	8
-207.0	7
-206.0	7
-205.0	9
-204.0	7
-203.0	5
-202.0	14
-201.0	15
-200.0	6
-199.0	10
-198.0	7
-197.0	10
-196.0	11
-195.0	3
-194.0	11
-193.0	14.5
-192.0	8
-191.0	11
-190.0	11.5
-189.0	11
-188.0	7
-187.0	11
-186.0	9
-185.0	10
-184.0	7
-183.0	12
-182.0	8
-181.0	5
-180.0	12
-179.0	14
-178.0	11
-177.0	11
-176.0	12.5
-175.0	8.5
-174.0	7
-173.0	5.5
-172.0	7
-171.0	8
-170.0	5
-169.0	16
-168.0	12
-167.0	12
-166.0	8
-165.0	2
-164.0	13
-163.0	14
-162.0	8
-161.0	8.5
-160.0	12
-159.0	10
-158.0	6
-157.0	10
-156.0	9
-155.0	8
-154.0	6
-153.0	6
-152.0	9
-151.0	5
-150.0	6
-149.0	6
-148.0	7
-147.0	10
-146.0	9
-145.0	7
-144.0	6
-143.0	6
-142.0	9
-141.0	13
-140.0	9
-139.0	6
-138.0	7.5
-137.0	8
-136.0	8
-135.0	6
-134.0	8.5
-133.0	2
-132.0	14
-131.0	4
-130.0	9.5
-129.0	2
-128.0	4
-127.0	6
-126.0	8
-125.0	5
-124.0	7.5
-123.0	8.5
-122.0	8
-121.0	13
-120.0	6
-119.0	8
-118.0	11
-117.0	8
-116.0	9
-115.0	6
-114.0	6
-113.0	10
-112.0	9
-111.0	8
-110.0	9
-109.0	9.5
-108.0	10
-107.0	7
-106.0	11
-105.0	10
-104.0	15
-103.0	10
-102.0	5
-101.0	7
-100.0	12
 -99.0	9
 -98.0	9
 -97.0	5
 -96.0	7.5
 -95.0	11
 -94.0	4
 -93.0	5
 -92.0	9
 -91.0	9
 -90.0	11
 -89.0	6
 -88.0	6
 -87.0	10
 -86.0	9
 -85.0	7
 -84.0	13
 -83.0	6
 -82.0	11
 -81.0	12
 -80.0	6
 -79.0	9
 -78.0	10
 -77.0	8
 -76.0	4
 -75.0	11
 -74.0	12
 -73.0	9.5
 -72.0	15
 -71.0	10
 -70.0	7
 -69.0	9
 -68.0	14
 -67.0	15
 -66.0	4
 -65.0	14
 -64.0	11
 -63.0	10.5
 -62.0	10
 -61.0	7.5
 -60.0	12
 -59.0	9
 -58.0	14
 -57.0	11.5
 -56.0	4
 -55.0	4
 -54.0	9
 -53.0	15
 -52.0	11.5
 -51.0	7
 -50.0	11
 -49.0	9
 -48.0	12
 -47.0	12.5
 -46.0	8
 -45.0	9
 -44.0	7
 -43.0	10
 -42.0	19
 -41.0	7
 -40.0	12
 -39.0	3
 -38.0	14
 -37.0	14
 -36.0	11
 -35.0	15
 -34.0	13
 -33.0	11
 -32.0	21
 -31.0	14
 -30.0	8
 -29.0	17
 -28.0	16.5
 -27.0	19
 -26.0	18
 -25.0	21
 -24.0	15
 -23.0	16
 -22.0	17
 -21.0	17.5
 -20.0	16
 -19.0	14.5
 -18.0	15
 -17.0	11
 -16.0	15
 -15.0	12
 -14.0	16
 -13.0	16
 -12.0	25
 -11.0	20
 -10.0	17
  -9.0	19
  -8.0	16
  -7.0	11
  -6.0	13.5
  -5.0	11
  -4.0	9
  -3.0	16.5
  -2.0	19
  -1.0	15
   0.0	15
   1.0	12
   2.0	9
   3.0	12
   4.0	8
   5.0	8
   6.0	13
   7.0	19
   8.0	14.5
   9.0	24
  10.0	18
  11.0	27
  12.0	18.5
  13.0	13
  14.0	11
  15.0	18.5
  16.0	13
  17.0	15
  18.0	14
  19.0	19
  20.0	19
  21.0	20
  22.0	19
  23.0	18.5
  24.0	13
  25.0	21
  26.0	19.5
  27.0	16.5
  28.0	16.5
  29.0	13
  30.0	13
  31.0	16
  32.0	13
  33.0	14
  34.0	7
  35.0	14
  36.0	9
  37.0	9
  38.0	12
  39.0	12
  40.0	15
  41.0	8
  42.0	4
  43.0	10
  44.0	18.5
  45.0	13
  46.0	9
  47.0	7
  48.0	10.5
  49.0	10
  50.0	12
  51.0	11
  52.0	14
  53.0	8
  54.0	12
  55.0	10
  56.0	15.5
  57.0	10
  58.0	13
  59.0	11
  60.0	10
  61.0	6
  62.0	8
  63.0	6
  64.0	8
  65.0	5
  66.0	8
  67.0	15
  68.0	8
  69.0	10
  70.0	7
  71.0	5.5
  72.0	14
  73.0	5
  74.0	7
  75.0	12.5
  76.0	6
  77.0	11
  78.0	10
  79.0	12
  80.0	9.5
  81.0	9
  82.0	17
  83.0	4
  84.0	8
  85.0	8
  86.0	12
  87.0	6
  88.0	11
  89.0	10
  90.0	12
  91.0	8
  92.0	4
  93.0	13
  94.0	7
  95.0	8
  96.0	10
  97.0	13
  98.0	7
  99.0	13
 100.0	10
 101.0	4
 102.0	9
 103.0	5.5
 104.0	9
 105.0	7.5
 106.0	7
 107.0	9
 108.0	8
 109.0	8.5
 110.0	10.5
 111.0	6
 112.0	8
 113.0	13.5
 114.0	13
 115.0	9
 116.0	6
 117.0	10
 118.0	6
 119.0	10
 120.0	9
 121.0	10
 122.0	10.5
 123.0	17
 124.0	9
 125.0	10
 126.0	11
 127.0	8
 128.0	7.5
 129.0	8
 130.0	6.5
 131.0	6
 132.0	5
 133.0	7
 134.0	7
 135.0	10
 136.0	6
 137.0	12
 138.0	6.5
 139.0	12
 140.0	8
 141.0	6
 142.0	7
 143.0	10
 144.0	7
 145.0	7
 146.0	8
 147.0	12
 148.0	12
 149.0	11
 150.0	9
 151.0	11
 152.0	8
 153.0	10
 154.0	11
 155.0	9
 156.0	10
 157.0	8
 158.0	7
 159.0	8
 160.0	7
 161.0	8
 162.0	6
 163.0	8
 164.0	10
 165.0	11
 166.0	12
 167.0	7
 168.0	9
 169.0	4
 170.0	12
 171.0	8
 172.0	8.5
 173.0	2
 174.0	8
 175.0	7
 176.0	9
 177.0	5
 178.0	15
 179.0	6
 180.0	7
 181.0	7
 182.0	7
 183.0	10
 184.0	8
 185.0	8
 186.0	7
 187.0	13
 188.0	8
 189.0	11
 190.0	7
 191.0	5
 192.0	2
 193.0	7
 194.0	7
 195.0	7
 196.0	12
 197.0	7
 198.0	9
 199.0	12
 200.0	3
 201.0	5
 202.0	10
 203.0	6
 204.0	8
 205.0	7
 206.0	4
 207.0	6.5
 208.0	7
 209.0	8
 210.0	6
 211.0	7
 212.0	5
 213.0	10
 214.0	5
 215.0	6
 216.0	11
 217.0	8
 218.0	4
 219.0	9
 220.0	9
 221.0	6
 222.0	7
 223.0	5
 224.0	5
 225.0	6
 226.0	12
 227.0	9
 228.0	8
 229.0	8
 230.0	11
DB 2 MOTIF	E2F6_HUMAN.H11MO.0.A
-228.5	46
-227.5	35
-226.5	37
-225.5	39
-224.5	28
-223.5	29
-222.5	40
-221.5	39.5
-220.5	33
-219.5	26
-218.5	35
-217.5	39.5
-216.5	49
-215.5	31
-214.5	37
-213.5	35
-212.5	27
-211.5	31
-210.5	50
-209.5	30
-208.5	47
-207.5	35
-206.5	43
-205.5	43.5
-204.5	21
-203.5	34.1667
-202.5	32.5
-201.5	36
-200.5	45
-199.5	30
-198.5	24
-197.5	40
-196.5	36
-195.5	37
-194.5	32.5
-193.5	33.5
-192.5	32
-191.5	34
-190.5	23
-189.5	32
-188.5	38
-187.5	32.5
-186.5	27
-185.5	36.5
-184.5	36
-183.5	33
-182.5	28.5
-181.5	29
-180.5	36
-179.5	25
-178.5	34.5
-177.5	38
-176.5	32
-175.5	33
-174.5	37
-173.5	29.1667
-172.5	26
-171.5	38
-170.5	35
-169.5	26
-168.5	40.5
-167.5	29
-166.5	31
-165.5	31
-164.5	32
-163.5	29
-162.5	33
-161.5	19
-160.5	40
-159.5	45
-158.5	31.5
-157.5	40
-156.5	38
-155.5	29
-154.5	30
-153.5	30
-152.5	36.5
-151.5	42.5
-150.5	26
-149.5	26
-148.5	35.5
-147.5	32
-146.5	42
-145.5	35.5
-144.5	32
-143.5	38.6667
-142.5	34.5
-141.5	35
-140.5	33.5
-139.5	29
-138.5	30
-137.5	36
-136.5	32
-135.5	31
-134.5	34.5
-133.5	35
-132.5	31
-131.5	36
-130.5	38
-129.5	30
-128.5	31
-127.5	35
-126.5	30
-125.5	34.5
-124.5	37
-123.5	38
-122.5	32
-121.5	30.5
-120.5	39
-119.5	47.5
-118.5	40.5
-117.5	36.3333
-116.5	20
-115.5	33.5
-114.5	27
-113.5	38.1667
-112.5	27
-111.5	33
-110.5	36
-109.5	36.5
-108.5	36.8333
-107.5	33.5
-106.5	31
-105.5	28.3333
-104.5	31
-103.5	32
-102.5	41
-101.5	32
-100.5	23
 -99.5	45.3333
 -98.5	31
 -97.5	41.5
 -96.5	33.5
 -95.5	36
 -94.5	36
 -93.5	39
 -92.5	38
 -91.5	43
 -90.5	39
 -89.5	27.5
 -88.5	38
 -87.5	36
 -86.5	44
 -85.5	41
 -84.5	39.5
 -83.5	41.1667
 -82.5	45
 -81.5	38.5
 -80.5	27
 -79.5	34
 -78.5	34
 -77.5	37
 -76.5	37.5
 -75.5	36.5
 -74.5	33
 -73.5	37
 -72.5	52
 -71.5	41
 -70.5	42
 -69.5	38.5
 -68.5	32
 -67.5	36
 -66.5	34
 -65.5	35.5
 -64.5	36.8333
 -63.5	41.5
 -62.5	39.5
 -61.5	44
 -60.5	36
 -59.5	35
 -58.5	32
 -57.5	33.5
 -56.5	39
 -55.5	38
 -54.5	31
 -53.5	31.1667
 -52.5	39
 -51.5	47.5
 -50.5	31
 -49.5	32
 -48.5	40
 -47.5	36.5
 -46.5	35.5
 -45.5	32.5
 -44.5	37
 -43.5	38.5
 -42.5	46
 -41.5	46
 -40.5	36
 -39.5	51
 -38.5	38
 -37.5	44
 -36.5	43
 -35.5	39.5
 -34.5	47.3333
 -33.5	41
 -32.5	43
 -31.5	39
 -30.5	42
 -29.5	52
 -28.5	36.5
 -27.5	43
 -26.5	49.5
 -25.5	49
 -24.5	43
 -23.5	42.5
 -22.5	49
 -21.5	41
 -20.5	34.5
 -19.5	39
 -18.5	50.5
 -17.5	43
 -16.5	50.5
 -15.5	40.5
 -14.5	41
 -13.5	43
 -12.5	48
 -11.5	43.5
 -10.5	43.5
  -9.5	43
  -8.5	45
  -7.5	47
  -6.5	42
  -5.5	56
  -4.5	40
  -3.5	49
  -2.5	34
  -1.5	48.5
  -0.5	50
   0.5	57
   1.5	47.5
   2.5	43.5
   3.5	41.5
   4.5	53.5
   5.5	47
   6.5	42
   7.5	40
   8.5	55.5
   9.5	50
  10.5	49.5
  11.5	52.5
  12.5	39
  13.5	44
  14.5	42
  15.5	47.5
  16.5	43.5
  17.5	34.8333
  18.5	40.5
  19.5	43.3333
  20.5	38.5
  21.5	43.3333
  22.5	46.5
  23.5	42
  24.5	45
  25.5	55.5
  26.5	50
  27.5	45
  28.5	40
  29.5	47
  30.5	39
  31.5	40.5
  32.5	43
  33.5	41
  34.5	48
  35.5	48.5
  36.5	32
  37.5	31
  38.5	33.5
  39.5	34.5
  40.5	32
  41.5	31.5
  42.5	41
  43.5	36.5
  44.5	45.5
  45.5	32.5
  46.5	45
  47.5	40
  48.5	34
  49.5	44.5
  50.5	37.5
  51.5	34
  52.5	32
  53.5	36.5
  54.5	46.2
  55.5	34
  56.5	36
  57.5	32
  58.5	30
  59.5	37
  60.5	30
  61.5	31
  62.5	26
  63.5	31
  64.5	34.5
  65.5	29
  66.5	39.2
  67.5	37
  68.5	25
  69.5	43
  70.5	30
  71.5	36
  72.5	39
  73.5	44.5
  74.5	36
  75.5	39
  76.5	23.1429
  77.5	33
  78.5	22.2
  79.5	40.5
  80.5	32.5
  81.5	48
  82.5	43
  83.5	36
  84.5	40
  85.5	32.1111
  86.5	38.5
  87.5	39
  88.5	25
  89.5	31.1111
  90.5	52.1429
  91.5	25.8333
  92.5	33.5
  93.5	38.6111
  94.5	25
  95.5	39
  96.5	27.5
  97.5	34.6111
  98.5	41
  99.5	32.5
 100.5	41.8333
 101.5	39.1111
 102.5	32.2
 103.5	34
 104.5	32.1429
 105.5	29.9444
 106.5	39
 107.5	29
 108.5	21
 109.5	30.4444
 110.5	17
 111.5	39
 112.5	28
 113.5	36.1111
 114.5	37
 115.5	46
 116.5	36
 117.5	34.1111
 118.5	34.6429
 119.5	32
 120.5	30.5
 121.5	22
 122.5	32
 123.5	45
 124.5	32.5
 125.5	31
 126.5	29.2
 127.5	34.5
 128.5	42
 129.5	31
 130.5	24.5
 131.5	32.5
 132.5	37.1429
 133.5	35.5
 134.5	33
 135.5	32.5
 136.5	35.5
 137.5	34.5
 138.5	37
 139.5	36
 140.5	38
 141.5	37
 142.5	30
 143.5	33.5
 144.5	31
 145.5	29
 146.5	25.1429
 147.5	39
 148.5	30
 149.5	25.5
 150.5	32
 151.5	25
 152.5	26
 153.5	30
 154.5	38
 155.5	28
 156.5	40.3333
 157.5	28
 158.5	27
 159.5	30
 160.5	24.6429
 161.5	42
 162.5	33
 163.5	33
 164.5	37
 165.5	34.5
 166.5	50
 167.5	31.3333
 168.5	32
 169.5	39
 170.5	28
 171.5	41
 172.5	40.8333
 173.5	28
 174.5	36
 175.5	35
 176.5	39
 177.5	35
 178.5	35.5
 179.5	33.3333
 180.5	36.5
 181.5	37.5
 182.5	35
 183.5	32
 184.5	41.5
 185.5	33.5
 186.5	40.5
 187.5	29
 188.5	40.5
 189.5	35
 190.5	30
 191.5	31
 192.5	32.5
 193.5	30.5
 194.5	38
 195.5	33
 196.5	41
 197.5	37
 198.5	38
 199.5	41
 200.5	26
 201.5	33
 202.5	31
 203.5	30
 204.5	34
 205.5	34.5
 206.5	39.3333
 207.5	43
 208.5	45
 209.5	24
 210.5	31
 211.5	27
 212.5	34.5
 213.5	35
 214.5	29
 215.5	29
 216.5	39.5
 217.5	25.5
 218.5	31
 219.5	29.5
 220.5	40.5
 221.5	36
 222.5	45
 223.5	37.5
 224.5	23
 225.5	48
 226.5	19
 227.5	38
 228.5	43
DB 2 MOTIF	E2F7_HUMAN.H11MO.0.B
-228.5	43
-227.5	34
-226.5	35
-225.5	39.3333
-224.5	41.5
-223.5	29
-222.5	37
-221.5	29
-220.5	36
-219.5	25.5
-218.5	29.5
-217.5	37
-216.5	48
-215.5	40.5
-214.5	43
-213.5	30
-212.5	28
-211.5	43
-210.5	42
-209.5	28
-208.5	39
-207.5	36
-206.5	37.7
-205.5	39
-204.5	25.5
-203.5	30.5
-202.5	40
-201.5	39.5
-200.5	43.5
-199.5	34
-198.5	38
-197.5	37.5
-196.5	45
-195.5	37.5
-194.5	34.2
-193.5	28.5
-192.5	35
-191.5	23
-190.5	34
-189.5	29
-188.5	31
-187.5	38
-186.5	28.5
-185.5	26
-184.5	31
-183.5	24.7833
-182.5	28.5
-181.5	27
-180.5	35
-179.5	33
-178.5	40.25
-177.5	34
-176.5	47.5
-175.5	41
-174.5	38.1667
-173.5	37.75
-172.5	44.5
-171.5	40
-170.5	32.5
-169.5	27
-168.5	47.5
-167.5	43
-166.5	36
-165.5	31.5
-164.5	24.3333
-163.5	25
-162.5	38.5
-161.5	32
-160.5	42
-159.5	48.3333
-158.5	40
-157.5	39.5
-156.5	27
-155.5	40
-154.5	25.8333
-153.5	34
-152.5	35
-151.5	28.2
-150.5	28
-149.5	34.3333
-148.5	34.5
-147.5	32
-146.5	36
-145.5	47.5
-144.5	38.1667
-143.5	28
-142.5	30
-141.5	29
-140.5	34.5333
-139.5	35
-138.5	29.5
-137.5	26
-136.5	38.8333
-135.5	35
-134.5	32.3333
-133.5	39
-132.5	43.3333
-131.5	30.5
-130.5	45
-129.5	38
-128.5	26.3333
-127.5	44.625
-126.5	25
-125.5	33
-124.5	30.125
-123.5	45
-122.5	32
-121.5	32.625
-120.5	35.8333
-119.5	45.5
-118.5	32.125
-117.5	49
-116.5	24
-115.5	38.125
-114.5	31.1667
-113.5	41.5
-112.5	31.125
-111.5	41.1667
-110.5	41
-109.5	42.125
-108.5	37
-107.5	25.5
-106.5	28.4583
-105.5	40
-104.5	29.3333
-103.5	31
-102.5	45
-101.5	36.8333
-100.5	23
 -99.5	35.1667
 -98.5	29
 -97.5	33
 -96.5	42
 -95.5	38.5
 -94.5	42.3333
 -93.5	27
 -92.5	41
 -91.5	49.8333
 -90.5	35
 -89.5	33.8333
 -88.5	27
 -87.5	41.5
 -86.5	40
 -85.5	38
 -84.5	33.6667
 -83.5	31
 -82.5	44
 -81.5	34.5
 -80.5	27
 -79.5	32
 -78.5	43.5
 -77.5	36
 -76.5	41
 -75.5	47.5
 -74.5	35
 -73.5	48
 -72.5	39.5
 -71.5	34
 -70.5	36
 -69.5	50
 -68.5	40.5
 -67.5	32.5
 -66.5	37
 -65.5	29.5
 -64.5	53.5
 -63.5	39.5
 -62.5	51
 -61.5	38
 -60.5	36
 -59.5	35
 -58.5	36
 -57.5	36
 -56.5	42
 -55.5	39
 -54.5	37.6667
 -53.5	29
 -52.5	41
 -51.5	43
 -50.5	34.5
 -49.5	26.5
 -48.5	37
 -47.5	40
 -46.5	46.5
 -45.5	35
 -44.5	42.3333
 -43.5	42.5
 -42.5	42
 -41.5	41.5
 -40.5	42
 -39.5	37.5
 -38.5	41
 -37.5	46
 -36.5	50
 -35.5	50.5
 -34.5	42.5
 -33.5	49.5
 -32.5	41
 -31.5	36
 -30.5	37
 -29.5	53.5
 -28.5	39
 -27.5	48
 -26.5	40
 -25.5	55
 -24.5	44.5
 -23.5	33.5
 -22.5	47
 -21.5	41
 -20.5	41.5
 -19.5	46
 -18.5	37.5
 -17.5	32
 -16.5	45.5
 -15.5	34.5
 -14.5	38
 -13.5	45
 -12.5	54
 -11.5	30.5
 -10.5	65.5
  -9.5	41
  -8.5	39
  -7.5	36
  -6.5	51
  -5.5	44.5
  -4.5	33
  -3.5	44.5
  -2.5	47
  -1.5	54
  -0.5	44
   0.5	42
   1.5	42
   2.5	47
   3.5	43
   4.5	42.5
   5.5	37
   6.5	40
   7.5	33
   8.5	46
   9.5	52
  10.5	40
  11.5	55
  12.5	38.5
  13.5	30
  14.5	44
  15.5	35
  16.5	59
  17.5	35.5
  18.5	43
  19.5	43
  20.5	44
  21.5	40
  22.5	34
  23.5	42.5
  24.5	37
  25.5	49
  26.5	54
  27.5	39
  28.5	38
  29.5	52
  30.5	37.5
  31.5	50
  32.5	32.5
  33.5	40
  34.5	36
  35.5	50.5
  36.5	36
  37.5	39.5
  38.5	37.5
  39.5	47.5
  40.5	30.5
  41.5	30.5
  42.5	45
  43.5	40
  44.5	46.5
  45.5	41
  46.5	48
  47.5	35
  48.5	28
  49.5	43.5
  50.5	45.5
  51.5	32
  52.5	47
  53.5	41
  54.5	43.2
  55.5	35
  56.5	34
  57.5	35.5
  58.5	27
  59.5	31.3333
  60.5	28
  61.5	34
  62.5	40.5
  63.5	38
  64.5	35
  65.5	42.3333
  66.5	39.2
  67.5	34
  68.5	26
  69.5	33
  70.5	34
  71.5	26.8333
  72.5	47.5
  73.5	46.5
  74.5	35
  75.5	42
  76.5	33
  77.5	38
  78.5	33.0333
  79.5	40.5
  80.5	35
  81.5	33
  82.5	35
  83.5	30
  84.5	30
  85.5	35.5
  86.5	39.5
  87.5	31
  88.5	37.5
  89.5	34
  90.5	36
  91.5	24
  92.5	35.8333
  93.5	27
  94.5	36
  95.5	34.5
  96.5	23.5
  97.5	21.1667
  98.5	46
  99.5	45.0833
 100.5	42
 101.5	38.5
 102.5	29.5333
 103.5	40.3333
 104.5	27
 105.5	31.8333
 106.5	27.5
 107.5	33.3333
 108.5	35.5
 109.5	41
 110.5	27
 111.5	45
 112.5	31.5
 113.5	28.5
 114.5	36.5
 115.5	25
 116.5	32.5
 117.5	34
 118.5	28
 119.5	30
 120.5	34.5
 121.5	32.5
 122.5	43
 123.5	50.3333
 124.5	41.5
 125.5	38.5
 126.5	35.7
 127.5	36.5
 128.5	38.5
 129.5	31.5
 130.5	31.5
 131.5	32.5
 132.5	33
 133.5	43
 134.5	32.5
 135.5	26.5
 136.5	42.5
 137.5	37.5
 138.5	41.9762
 139.5	32.5
 140.5	38.5
 141.5	32
 142.5	31.5
 143.5	31
 144.5	32
 145.5	33.5
 146.5	28.5
 147.5	36
 148.5	36.5
 149.5	31
 150.5	29.5
 151.5	35
 152.5	29
 153.5	26.1429
 154.5	37
 155.5	31
 156.5	33.8333
 157.5	38.8333
 158.5	26
 159.5	21
 160.5	36.5
 161.5	41.3333
 162.5	37
 163.5	49
 164.5	33.5
 165.5	39.5
 166.5	43
 167.5	33.3333
 168.5	38.1429
 169.5	36
 170.5	36
 171.5	44.5
 172.5	45.3333
 173.5	24
 174.5	27
 175.5	23.5
 176.5	38.5
 177.5	40.5
 178.5	34.5
 179.5	40.3333
 180.5	30.5
 181.5	45
 182.5	31
 183.5	31.4762
 184.5	45
 185.5	36.5
 186.5	28.5
 187.5	28
 188.5	36.5
 189.5	34
 190.5	33
 191.5	22.5
 192.5	35.5
 193.5	23.5
 194.5	42
 195.5	33
 196.5	35
 197.5	30
 198.5	45.1429
 199.5	29
 200.5	29
 201.5	34
 202.5	34
 203.5	31.5
 204.5	34
 205.5	38
 206.5	34.3333
 207.5	39
 208.5	37
 209.5	33.5
 210.5	27.5
 211.5	28
 212.5	32.5
 213.5	32.1429
 214.5	36
 215.5	27.1667
 216.5	34
 217.5	37.5
 218.5	28
 219.5	31
 220.5	29.5
 221.5	32.5
 222.5	38
 223.5	35
 224.5	27
 225.5	40.5
 226.5	29
 227.5	35.5
 228.5	42.1429
DB 2 MOTIF	E4F1_HUMAN.H11MO.0.D
-230.5	6.5
-229.5	11
-228.5	16
-227.5	11
-226.5	4
-225.5	11
-224.5	6
-223.5	5
-222.5	9.5
-221.5	6.5
-220.5	9
-219.5	5
-218.5	4
-217.5	10
-216.5	7
-215.5	9
-214.5	6
-213.5	11.5
-212.5	2
-211.5	6
-210.5	4
-209.5	11
-208.5	9
-207.5	15
-206.5	10
-205.5	9.5
-204.5	8
-203.5	5
-202.5	8.5
-201.5	7.5
-200.5	6
-199.5	8
-198.5	6.5
-197.5	7
-196.5	12
-195.5	11
-194.5	11.5
-193.5	9
-192.5	13
-191.5	6
-190.5	9
-189.5	8.5
-188.5	6
-187.5	7
-186.5	4.5
-185.5	12
-184.5	10
-183.5	7
-182.5	9
-181.5	9.5
-180.5	9.5
-179.5	15
-178.5	2.5
-177.5	8.5
-176.5	7
-175.5	6
-174.5	5
-173.5	9
-172.5	7
-171.5	6
-170.5	10
-169.5	4
-168.5	12.5
-167.5	8
-166.5	6
-165.5	10.5
-164.5	7
-163.5	14
-162.5	7
-161.5	17
-160.5	6
-159.5	10
-158.5	8.5
-157.5	5
-156.5	6
-155.5	7
-154.5	8.5
-153.5	12
-152.5	8
-151.5	7.5
-150.5	4
-149.5	8
-148.5	11
-147.5	3
-146.5	13
-145.5	4
-144.5	13
-143.5	9
-142.5	10
-141.5	6
-140.5	9
-139.5	13
-138.5	4
-137.5	9
-136.5	7
-135.5	7
-134.5	10
-133.5	6
-132.5	9
-131.5	4
-130.5	5
-129.5	8
-128.5	9
-127.5	13
-126.5	8
-125.5	8
-124.5	9.5
-123.5	3
-122.5	7
-121.5	9
-120.5	7
-119.5	5
-118.5	5
-117.5	8
-116.5	11
-115.5	8
-114.5	1.5
-113.5	12
-112.5	6
-111.5	5
-110.5	7
-109.5	10
-108.5	6
-107.5	10
-106.5	9.33333
-105.5	11
-104.5	9
-103.5	4.5
-102.5	3
-101.5	8
-100.5	11
 -99.5	10
 -98.5	7
 -97.5	8.5
 -96.5	7
 -95.5	5
 -94.5	9.83333
 -93.5	7
 -92.5	7
 -91.5	9
 -90.5	4
 -89.5	4
 -88.5	11
 -87.5	10
 -86.5	12
 -85.5	12
 -84.5	10.5
 -83.5	8
 -82.5	11.5
 -81.5	4.5
 -80.5	12
 -79.5	12.5
 -78.5	9
 -77.5	7
 -76.5	7
 -75.5	3
 -74.5	8
 -73.5	9.66667
 -72.5	8.5
 -71.5	9
 -70.5	5.33333
 -69.5	7.5
 -68.5	5
 -67.5	11.5
 -66.5	11
 -65.5	7
 -64.5	7.5
 -63.5	11
 -62.5	7
 -61.5	7
 -60.5	8
 -59.5	9
 -58.5	7
 -57.5	8.33333
 -56.5	12
 -55.5	10
 -54.5	10.5
 -53.5	7
 -52.5	11
 -51.5	9
 -50.5	11.5
 -49.5	9.5
 -48.5	14
 -47.5	9
 -46.5	11
 -45.5	9
 -44.5	6.33333
 -43.5	9.5
 -42.5	13
 -41.5	12.3333
 -40.5	9
 -39.5	10
 -38.5	10
 -37.5	7
 -36.5	10
 -35.5	10
 -34.5	7
 -33.5	18.5
 -32.5	10.5
 -31.5	5
 -30.5	10
 -29.5	10.5
 -28.5	9
 -27.5	7.5
 -26.5	7.5
 -25.5	8
 -24.5	10
 -23.5	13.5
 -22.5	8.5
 -21.5	8
 -20.5	10.5
 -19.5	8
 -18.5	13
 -17.5	10
 -16.5	8.5
 -15.5	12
 -14.5	5
 -13.5	10
 -12.5	10.5
 -11.5	11
 -10.5	12.5
  -9.5	10.5
  -8.5	6
  -7.5	14
  -6.5	12
  -5.5	10
  -4.5	9
  -3.5	6
  -2.5	13
  -1.5	8
  -0.5	6
   0.5	12
   1.5	9
   2.5	5.5
   3.5	10
   4.5	9
   5.5	4
   6.5	10.3333
   7.5	8
   8.5	13
   9.5	12
  10.5	12
  11.5	10
  12.5	5
  13.5	11
  14.5	10
  15.5	5
  16.5	8.5
  17.5	7.5
  18.5	12
  19.5	12.5
  20.5	7
  21.5	10
  22.5	9
  23.5	14.5
  24.5	9
  25.5	10
  26.5	12.5
  27.5	13
  28.5	9.5
  29.5	11.5
  30.5	9
  31.5	10.5
  32.5	5.5
  33.5	5
  34.5	11.5
  35.5	12
  36.5	9
  37.5	12
  38.5	11.5
  39.5	13
  40.5	6.5
  41.5	7
  42.5	16
  43.5	10.5
  44.5	7
  45.5	5
  46.5	9
  47.5	11.5
  48.5	7
  49.5	7
  50.5	7
  51.5	6.5
  52.5	14.5
  53.5	8.5
  54.5	9.5
  55.5	11.5
  56.5	5
  57.5	8
  58.5	11
  59.5	6
  60.5	5
  61.5	7
  62.5	9
  63.5	6
  64.5	13
  65.5	4
  66.5	14
  67.5	5
  68.5	6
  69.5	11
  70.5	5
  71.5	11
  72.5	7
  73.5	7
  74.5	6
  75.5	5
  76.5	12.5
  77.5	12
  78.5	3
  79.5	8.5
  80.5	10
  81.5	6
  82.5	9
  83.5	5
  84.5	6
  85.5	6
  86.5	5
  87.5	13
  88.5	5
  89.5	2
  90.5	5.5
  91.5	10.5
  92.5	10
  93.5	8
  94.5	13.5
  95.5	8
  96.5	4.5
  97.5	6
  98.5	3
  99.5	6.5
 100.5	11
 101.5	6
 102.5	13.5
 103.5	6.5
 104.5	3
 105.5	11.5
 106.5	7
 107.5	5
 108.5	6.5
 109.5	8
 110.5	7.5
 111.5	9.5
 112.5	4
 113.5	8.5
 114.5	3
 115.5	6
 116.5	11
 117.5	8
 118.5	5.5
 119.5	11
 120.5	11
 121.5	7.5
 122.5	7
 123.5	6
 124.5	5
 125.5	8
 126.5	9.5
 127.5	7
 128.5	3
 129.5	15
 130.5	4
 131.5	3
 132.5	10
 133.5	9.5
 134.5	7
 135.5	9
 136.5	8.5
 137.5	5
 138.5	2.5
 139.5	6
 140.5	6
 141.5	3.5
 142.5	6
 143.5	5
 144.5	11
 145.5	5
 146.5	10
 147.5	8.5
 148.5	3.5
 149.5	7
 150.5	1.5
 151.5	14
 152.5	6
 153.5	7
 154.5	5
 155.5	9.5
 156.5	5
 157.5	5
 158.5	3
 159.5	13
 160.5	7
 161.5	9
 162.5	8
 163.5	3.5
 164.5	9
 165.5	11
 166.5	8.5
 167.5	4
 168.5	8
 169.5	9
 170.5	11
 171.5	5
 172.5	5
 173.5	4
 174.5	4
 175.5	6
 176.5	12
 177.5	6
 178.5	7.5
 179.5	8
 180.5	2
 181.5	4.5
 182.5	5
 183.5	3
 184.5	3
 185.5	14
 186.5	4
 187.5	8
 188.5	9
 189.5	6
 190.5	7
 191.5	7
 192.5	6
 193.5	11
 194.5	6
 195.5	8
 196.5	4
 197.5	7
 198.5	6
 199.5	5
 200.5	10.5
 201.5	7
 202.5	7
 203.5	4
 204.5	5
 205.5	8
 206.5	4
 207.5	7
 208.5	4
 209.5	6
 210.5	5
 211.5	10
 212.5	7
 213.5	7.5
 214.5	9
 215.5	10
 216.5	4
 217.5	6
 218.5	9
 219.5	4
 220.5	8
 221.5	10
 222.5	8
 223.5	5
 224.5	7
 225.5	6.5
 226.5	6
 227.5	12
 228.5	13.5
 229.5	7
 230.5	4
DB 2 MOTIF	EGR4_HUMAN.H11MO.0.D
-229.5	23.5
-228.5	23.9167
-227.5	27
-226.5	23.5
-225.5	22.0833
-224.5	29.5
-223.5	26.9583
-222.5	34.0833
-221.5	23.5
-220.5	24.5
-219.5	23.0833
-218.5	19
-217.5	21
-216.5	20.0833
-215.5	30
-214.5	25.5
-213.5	26.5833
-212.5	21.5
-211.5	28.0833
-210.5	26.0833
-209.5	32
-208.5	31.5833
-207.5	23.8333
-206.5	24.4583
-205.5	30.5833
-204.5	23.1667
-203.5	31.8333
-202.5	21.0833
-201.5	22.3333
-200.5	24.3333
-199.5	22.5
-198.5	24.1667
-197.5	35
-196.5	24.3333
-195.5	24.4167
-194.5	26
-193.5	30.5
-192.5	22.8333
-191.5	26
-190.5	28.75
-189.5	24.625
-188.5	19.3333
-187.5	26.8333
-186.5	18.5
-185.5	35.25
-184.5	23
-183.5	18.7
-182.5	20.8333
-181.5	20.8333
-180.5	23.95
-179.5	22.8333
-178.5	16.5
-177.5	29.7
-176.5	29.1667
-175.5	21.5
-174.5	18
-173.5	32
-172.5	21.125
-171.5	22
-170.5	32.25
-169.5	14.5
-168.5	25
-167.5	36
-166.5	23.75
-165.5	28.5
-164.5	23.5
-163.5	19.0833
-162.5	20
-161.5	28
-160.5	31.0833
-159.5	29.5
-158.5	25
-157.5	24.3333
-156.5	23.5
-155.5	35.4583
-154.5	33.1667
-153.5	32.5833
-152.5	30.5
-151.5	31.3333
-150.5	32.4167
-149.5	18.5
-148.5	28.3333
-147.5	25.8333
-146.5	23.6667
-145.5	32.6667
-144.5	23.6667
-143.5	13.5
-142.5	28.6667
-141.5	27.3333
-140.5	34.5
-139.5	25.3333
-138.5	34.4583
-137.5	37.3333
-136.5	30.6667
-135.5	30.3333
-134.5	21.0833
-133.5	32.0833
-132.5	28.8333
-131.5	34.5
-130.5	31.5595
-129.5	25.25
-128.5	29
-127.5	30.75
-126.5	34.8333
-125.5	31.5833
-124.5	22.25
-123.5	30.6667
-122.5	38.25
-121.5	26.4583
-120.5	38.8333
-119.5	19.1429
-118.5	31.5
-117.5	23.8333
-116.5	26.1667
-115.5	33.5
-114.5	21.3333
-113.5	30.8333
-112.5	29.3333
-111.5	30.3333
-110.5	28.5
-109.5	29.5833
-108.5	26.9762
-107.5	33
-106.5	26.5
-105.5	30.1667
-104.5	32.625
-103.5	35
-102.5	36.1667
-101.5	23.75
-100.5	28.8333
 -99.5	24.75
 -98.5	32
 -97.5	33.1762
 -96.5	36.8333
 -95.5	26.5
 -94.5	27.25
 -93.5	19.5
 -92.5	33.6667
 -91.5	38.75
 -90.5	33
 -89.5	24.5
 -88.5	32.5833
 -87.5	20.8333
 -86.5	29.3095
 -85.5	25.0833
 -84.5	34.0833
 -83.5	25.5
 -82.5	27
 -81.5	25.5
 -80.5	26
 -79.5	21
 -78.5	20
 -77.5	25.1667
 -76.5	32.6667
 -75.5	26.6429
 -74.5	32.3333
 -73.5	29
 -72.5	38.1667
 -71.5	37.8333
 -70.5	26.3333
 -69.5	35
 -68.5	32.3333
 -67.5	31.5
 -66.5	38.5
 -65.5	28.5
 -64.5	26.1429
 -63.5	32.5
 -62.5	41.5
 -61.5	26.5
 -60.5	18.5
 -59.5	28.25
 -58.5	27.5
 -57.5	39.7
 -56.5	27.4167
 -55.5	25.5
 -54.5	36
 -53.5	35
 -52.5	28.5
 -51.5	23.2
 -50.5	24.5
 -49.5	26.5
 -48.5	29
 -47.5	26
 -46.5	29.0833
 -45.5	29.2
 -44.5	29.5
 -43.5	31.5
 -42.5	28
 -41.5	34
 -40.5	39.5
 -39.5	29.7
 -38.5	24.75
 -37.5	33
 -36.5	24
 -35.5	29.3333
 -34.5	29.75
 -33.5	28.2
 -32.5	33
 -31.5	25.3333
 -30.5	23.8333
 -29.5	22
 -28.5	29
 -27.5	37.5
 -26.5	28.5
 -25.5	34
 -24.5	30
 -23.5	25.2
 -22.5	27.25
 -21.5	27.5
 -20.5	24.2
 -19.5	18.5
 -18.5	25.0833
 -17.5	21.2
 -16.5	20
 -15.5	28.5833
 -14.5	18.7
 -13.5	21.5
 -12.5	20.1667
 -11.5	31.0333
 -10.5	26.5
  -9.5	26.8333
  -8.5	39
  -7.5	24.0833
  -6.5	22.5
  -5.5	28
  -4.5	23.25
  -3.5	30
  -2.5	25
  -1.5	28.25
  -0.5	35.8333
   0.5	36
   1.5	33.75
   2.5	43.8333
   3.5	33.5
   4.5	31
   5.5	30
   6.5	27.25
   7.5	26
   8.5	32
   9.5	33.75
  10.5	20
  11.5	26
  12.5	37.25
  13.5	28.3333
  14.5	15.5
  15.5	22.4444
  16.5	20.5
  17.5	21.25
  18.5	22.6111
  19.5	25.75
  20.5	26.25
  21.5	31.1111
  22.5	27.75
  23.5	20.25
  24.5	18.6111
  25.5	27.75
  26.5	25.5
  27.5	28.1111
  28.5	29
  29.5	35
  30.5	25.1111
  31.5	34.3333
  32.5	25.5
  33.5	34.6111
  34.5	29.75
  35.5	24.5
  36.5	25.6944
  37.5	32.25
  38.5	31.1667
  39.5	28.6111
  40.5	29.3333
  41.5	35.9333
  42.5	25.5
  43.5	30
  44.5	34.1
  45.5	39.6667
  46.5	35.4583
  47.5	21.1
  48.5	24.1667
  49.5	32.625
  50.5	32.4333
  51.5	22.5
  52.5	29.125
  53.5	34.1
  54.5	43
  55.5	31.125
  56.5	29.1
  57.5	27
  58.5	31.5
  59.5	30
  60.5	28.8333
  61.5	36.6667
  62.5	40
  63.5	21
  64.5	29.5
  65.5	34.3333
  66.5	33
  67.5	30.3333
  68.5	34.8333
  69.5	32.3333
  70.5	33.3512
  71.5	31.6667
  72.5	28.5
  73.5	25.125
  74.5	23.5
  75.5	28.5
  76.5	27.125
  77.5	38
  78.5	35.3333
  79.5	34.375
  80.5	22.5833
  81.5	34.75
  82.5	23.5
  83.5	31
  84.5	29
  85.5	30.75
  86.5	26.3333
  87.5	22.6667
  88.5	31.25
  89.5	40.4167
  90.5	15.6667
  91.5	19
  92.5	34.0595
  93.5	20.6667
  94.5	28.25
  95.5	23
  96.5	33.1667
  97.5	29
  98.5	21.4167
  99.5	18.3333
 100.5	18.1429
 101.5	26.3333
 102.5	24.5
 103.5	25.8929
 104.5	29.1667
 105.5	31.4167
 106.5	22.6429
 107.5	31
 108.5	26.1667
 109.5	33.8333
 110.5	25.5
 111.5	33.9167
 112.5	29
 113.5	14.8095
 114.5	23.9167
 115.5	24.8333
 116.5	22
 117.5	29.5833
 118.5	22.5
 119.5	20.8333
 120.5	39.5
 121.5	25.5
 122.5	26
 123.5	16.8333
 124.5	29
 125.5	39.6667
 126.5	18.3333
 127.5	27.5833
 128.5	27
 129.5	34.5833
 130.5	28.5
 131.5	23
 132.5	26.25
 133.5	26.1429
 134.5	21
 135.5	30.25
 136.5	23.5833
 137.5	34.5
 138.5	27.5
 139.5	28.5833
 140.5	27.5
 141.5	33.5833
 142.5	21.5833
 143.5	27.0833
 144.5	15.5
 145.5	21.25
 146.5	26
 147.5	27.3333
 148.5	18.5
 149.5	23.75
 150.5	30
 151.5	23.9167
 152.5	30.6429
 153.5	31.3333
 154.5	28.3333
 155.5	26.5833
 156.5	21.5
 157.5	25.5
 158.5	27.5
 159.5	30.6667
 160.5	23
 161.5	18.5833
 162.5	19.5
 163.5	29.25
 164.5	30.3333
 165.5	25.4762
 166.5	26.4167
 167.5	27.8333
 168.5	26.3333
 169.5	23.5
 170.5	14.3333
 171.5	31.5
 172.5	32.3333
 173.5	33.6667
 174.5	24.1667
 175.5	25
 176.5	28.8333
 177.5	23.5
 178.5	35.3333
 179.5	19.9762
 180.5	24.6667
 181.5	22.1667
 182.5	21
 183.5	28
 184.5	26.5333
 185.5	29
 186.5	10.5
 187.5	15.4524
 188.5	17.75
 189.5	21.3333
 190.5	24.3667
 191.5	12
 192.5	28
 193.5	30.6667
 194.5	18.1
 195.5	24.6429
 196.5	20.8667
 197.5	28.6
 198.5	15.2
 199.5	24
 200.5	26.9333
 201.5	27.6667
 202.5	22.2
 203.5	29.2429
 204.5	28.5
 205.5	23
 206.5	22
 207.5	24.8333
 208.5	22.5333
 209.5	30.5
 210.5	33.8333
 211.5	22.3095
 212.5	30.5
 213.5	21.5
 214.5	19.5
 215.5	22.3333
 216.5	25.1429
 217.5	18.3333
 218.5	21.75
 219.5	23.7857
 220.5	20.3333
 221.5	25.5
 222.5	22.6429
 223.5	12.3333
 224.5	23
 225.5	24.1429
 226.5	22.6667
 227.5	29.9762
 228.5	17
 229.5	32.5
DB 2 MOTIF	EHF_HUMAN.H11MO.0.B
-227.5	20
-226.5	18
-225.5	29.3333
-224.5	22
-223.5	21
-222.5	25
-221.5	32
-220.5	23
-219.5	32
-218.5	29
-217.5	15
-216.5	23.5
-215.5	26
-214.5	27
-213.5	27
-212.5	30
-211.5	31
-210.5	20
-209.5	26
-208.5	22
-207.5	22
-206.5	23
-205.5	22
-204.5	17.3333
-203.5	24
-202.5	18
-201.5	21
-200.5	25
-199.5	31
-198.5	19
-197.5	23
-196.5	30
-195.5	20
-194.5	22
-193.5	19
-192.5	14
-191.5	31
-190.5	22
-189.5	23
-188.5	30
-187.5	20
-186.5	23
-185.5	19
-184.5	26
-183.5	21.3333
-182.5	18
-181.5	18
-180.5	17
-179.5	21.5
-178.5	21
-177.5	28
-176.5	19.5
-175.5	16
-174.5	17
-173.5	27
-172.5	14
-171.5	22
-170.5	19.5
-169.5	24
-168.5	25
-167.5	23.5
-166.5	24
-165.5	26
-164.5	26
-163.5	18
-162.5	17
-161.5	28.5
-160.5	18
-159.5	23
-158.5	19
-157.5	25
-156.5	28
-155.5	20
-154.5	22
-153.5	14
-152.5	18
-151.5	19
-150.5	30
-149.5	23
-148.5	27
-147.5	19
-146.5	25
-145.5	29
-144.5	18
-143.5	16
-142.5	21
-141.5	20
-140.5	15.5
-139.5	27
-138.5	19
-137.5	13.5
-136.5	17
-135.5	17
-134.5	19.5
-133.5	27
-132.5	23
-131.5	24
-130.5	21
-129.5	18.5
-128.5	30
-127.5	32
-126.5	26
-125.5	26
-124.5	20
-123.5	26
-122.5	26
-121.5	15
-120.5	23
-119.5	16
-118.5	21
-117.5	21
-116.5	18
-115.5	16
-114.5	25
-113.5	25
-112.5	13
-111.5	26
-110.5	18
-109.5	13
-108.5	21
-107.5	19
-106.5	32.5
-105.5	22
-104.5	17
-103.5	19
-102.5	17
-101.5	22
-100.5	19
 -99.5	21
 -98.5	21
 -97.5	22
 -96.5	22
 -95.5	22
 -94.5	23
 -93.5	33
 -92.5	20.5
 -91.5	25
 -90.5	18
 -89.5	36
 -88.5	21
 -87.5	25
 -86.5	26
 -85.5	21
 -84.5	18
 -83.5	13
 -82.5	25
 -81.5	15
 -80.5	14
 -79.5	26
 -78.5	22
 -77.5	23
 -76.5	15
 -75.5	18
 -74.5	23
 -73.5	21
 -72.5	24
 -71.5	20
 -70.5	23
 -69.5	21
 -68.5	26
 -67.5	20
 -66.5	20
 -65.5	21
 -64.5	16
 -63.5	25
 -62.5	26
 -61.5	21
 -60.5	20
 -59.5	18
 -58.5	18
 -57.5	20
 -56.5	27
 -55.5	32
 -54.5	25.5
 -53.5	24
 -52.5	33
 -51.5	22
 -50.5	24.5
 -49.5	18.5
 -48.5	26
 -47.5	22
 -46.5	29
 -45.5	21
 -44.5	17
 -43.5	26
 -42.5	29
 -41.5	32
 -40.5	30
 -39.5	34.5
 -38.5	14
 -37.5	24
 -36.5	15
 -35.5	29
 -34.5	38
 -33.5	31
 -32.5	31
 -31.5	22
 -30.5	34.5
 -29.5	26
 -28.5	32
 -27.5	23
 -26.5	32
 -25.5	22
 -24.5	23
 -23.5	16
 -22.5	23
 -21.5	28
 -20.5	23.5
 -19.5	24
 -18.5	31
 -17.5	26
 -16.5	36
 -15.5	23
 -14.5	23
 -13.5	23
 -12.5	31
 -11.5	31
 -10.5	24
  -9.5	25
  -8.5	20
  -7.5	31
  -6.5	29
  -5.5	20
  -4.5	24
  -3.5	28
  -2.5	22
  -1.5	27
  -0.5	29
   0.5	29
   1.5	27
   2.5	25
   3.5	29
   4.5	16
   5.5	28.5
   6.5	28
   7.5	31
   8.5	21
   9.5	25
  10.5	31
  11.5	28.5
  12.5	20
  13.5	33
  14.5	22
  15.5	26
  16.5	25
  17.5	30
  18.5	22.5
  19.5	36
  20.5	36.5
  21.5	29.5
  22.5	30
  23.5	22
  24.5	22
  25.5	20
  26.5	20
  27.5	20.5
  28.5	31
  29.5	21
  30.5	30.5
  31.5	13
  32.5	21
  33.5	25.5
  34.5	26
  35.5	25
  36.5	30
  37.5	16.5
  38.5	22
  39.5	26.5
  40.5	33
  41.5	25
  42.5	29.5
  43.5	25
  44.5	31
  45.5	24
  46.5	27
  47.5	18
  48.5	22
  49.5	25.5
  50.5	26
  51.5	30
  52.5	24
  53.5	20
  54.5	22
  55.5	32
  56.5	25
  57.5	28
  58.5	27
  59.5	23
  60.5	33
  61.5	25
  62.5	24
  63.5	19
  64.5	24
  65.5	27
  66.5	28
  67.5	21
  68.5	21
  69.5	25
  70.5	29
  71.5	24
  72.5	26
  73.5	31
  74.5	18
  75.5	30
  76.5	18
  77.5	25
  78.5	25
  79.5	21
  80.5	19
  81.5	23
  82.5	21
  83.5	17
  84.5	17
  85.5	20
  86.5	24
  87.5	20
  88.5	25
  89.5	21
  90.5	21
  91.5	25
  92.5	19.5
  93.5	18
  94.5	17
  95.5	18
  96.5	29
  97.5	22
  98.5	26
  99.5	15
 100.5	25
 101.5	19
 102.5	23
 103.5	22
 104.5	33
 105.5	19
 106.5	25
 107.5	18
 108.5	21
 109.5	15
 110.5	17
 111.5	26
 112.5	26
 113.5	13
 114.5	23
 115.5	22
 116.5	25
 117.5	18
 118.5	18
 119.5	24
 120.5	19
 121.5	23
 122.5	17
 123.5	22
 124.5	27
 125.5	24
 126.5	23
 127.5	17
 128.5	19
 129.5	22
 130.5	23
 131.5	21
 132.5	17.5
 133.5	26
 134.5	21
 135.5	22
 136.5	19
 137.5	26.5
 138.5	12
 139.5	20
 140.5	28
 141.5	21
 142.5	26
 143.5	29
 144.5	22
 145.5	19
 146.5	21
 147.5	18
 148.5	20
 149.5	24
 150.5	30
 151.5	17
 152.5	25
 153.5	29
 154.5	28
 155.5	27
 156.5	25
 157.5	19
 158.5	27.5
 159.5	20
 160.5	25
 161.5	25
 162.5	28
 163.5	22
 164.5	22
 165.5	27
 166.5	17
 167.5	27
 168.5	35
 169.5	21
 170.5	29
 171.5	22
 172.5	37
 173.5	22
 174.5	21
 175.5	13
 176.5	17
 177.5	15
 178.5	28
 179.5	16.5
 180.5	22.5
 181.5	24.5
 182.5	20
 183.5	24
 184.5	19
 185.5	19
 186.5	21
 187.5	21
 188.5	23
 189.5	25
 190.5	23
 191.5	24
 192.5	16
 193.5	14
 194.5	16
 195.5	23
 196.5	24
 197.5	15
 198.5	32
 199.5	25
 200.5	20
 201.5	28
 202.5	20
 203.5	25
 204.5	17
 205.5	15
 206.5	20
 207.5	34
 208.5	28
 209.5	28
 210.5	25
 211.5	23.5
 212.5	21.5
 213.5	26
 214.5	25.5
 215.5	26
 216.5	28
 217.5	23
 218.5	15
 219.5	19
 220.5	18
 221.5	20
 222.5	17
 223.5	19
 224.5	35
 225.5	22
 226.5	18
 227.5	24
DB 2 MOTIF	ELF1_HUMAN.H11MO.0.A
-228.0	26
-227.0	25
-226.0	18.5
-225.0	32
-224.0	36
-223.0	23
-222.0	37
-221.0	34
-220.0	38
-219.0	27
-218.0	26
-217.0	28
-216.0	26
-215.0	34
-214.0	39
-213.0	26.75
-212.0	34
-211.0	35
-210.0	25
-209.0	28
-208.0	34
-207.0	30
-206.0	30
-205.0	26
-204.0	31
-203.0	29
-202.0	22
-201.0	29
-200.0	27
-199.0	23
-198.0	27
-197.0	23.3333
-196.0	35
-195.0	30
-194.0	24
-193.0	20
-192.0	28
-191.0	32.5
-190.0	28
-189.0	24
-188.0	30.25
-187.0	19
-186.0	24
-185.0	29
-184.0	29
-183.0	33
-182.0	30
-181.0	24
-180.0	26
-179.0	29
-178.0	25
-177.0	28
-176.0	20
-175.0	32
-174.0	24
-173.0	27
-172.0	26.5
-171.0	18
-170.0	27.3333
-169.0	41
-168.0	29
-167.0	30.5
-166.0	37
-165.0	32.5
-164.0	24
-163.0	26.25
-162.0	20
-161.0	30
-160.0	30
-159.0	32
-158.0	22
-157.0	30
-156.0	33
-155.0	29
-154.0	28
-153.0	17
-152.0	23
-151.0	33
-150.0	25
-149.0	35.3333
-148.0	27
-147.0	25
-146.0	29
-145.0	33.5
-144.0	30
-143.0	19
-142.0	25
-141.0	24
-140.0	31
-139.0	28
-138.0	25.25
-137.0	21
-136.0	34
-135.0	27.5
-134.0	27
-133.0	32
-132.0	22
-131.0	28
-130.0	23
-129.0	29.3333
-128.0	38
-127.0	32
-126.0	31
-125.0	28
-124.0	25
-123.0	37
-122.0	36
-121.0	25
-120.0	23
-119.0	23
-118.0	30
-117.0	28
-116.0	31
-115.0	19
-114.0	26
-113.0	22
-112.0	23.5
-111.0	33
-110.0	18
-109.0	20.5
-108.0	27
-107.0	34.5
-106.0	33
-105.0	21
-104.0	24
-103.0	29
-102.0	15
-101.0	30
-100.0	24
 -99.0	33
 -98.0	23
 -97.0	26
 -96.0	29
 -95.0	23
 -94.0	36
 -93.0	33
 -92.0	27
 -91.0	26
 -90.0	33
 -89.0	36
 -88.0	31
 -87.0	28
 -86.0	34.5
 -85.0	26
 -84.0	27
 -83.0	28
 -82.0	27
 -81.0	17
 -80.0	27
 -79.0	41
 -78.0	27
 -77.0	18
 -76.0	20
 -75.0	35
 -74.0	32
 -73.0	33
 -72.0	28
 -71.0	27
 -70.0	43
 -69.0	31
 -68.0	31
 -67.0	32
 -66.0	28
 -65.0	34
 -64.0	23
 -63.0	30.5
 -62.0	31
 -61.0	38
 -60.0	30
 -59.0	25
 -58.0	20
 -57.0	36
 -56.0	33
 -55.0	36.5
 -54.0	44
 -53.0	28
 -52.0	36
 -51.0	24.5
 -50.0	40.5
 -49.0	29
 -48.0	31
 -47.0	41
 -46.0	31.5
 -45.0	41
 -44.0	33
 -43.0	35.5
 -42.0	45
 -41.0	36.5
 -40.0	29.5
 -39.0	29
 -38.0	32
 -37.0	26
 -36.0	29
 -35.0	39
 -34.0	49
 -33.0	45
 -32.0	43
 -31.0	34.5
 -30.0	42
 -29.0	35
 -28.0	42
 -27.0	33
 -26.0	32
 -25.0	35
 -24.0	38
 -23.0	27
 -22.0	39
 -21.0	39
 -20.0	30
 -19.0	35.5
 -18.0	43
 -17.0	51.5
 -16.0	39
 -15.0	30
 -14.0	35
 -13.0	35
 -12.0	38
 -11.0	45
 -10.0	32
  -9.0	34
  -8.0	38
  -7.0	31
  -6.0	44
  -5.0	33
  -4.0	38
  -3.0	39
  -2.0	31
  -1.0	45
   0.0	42
   1.0	36
   2.0	35
   3.0	33
   4.0	27.5
   5.0	33
   6.0	34.5
   7.0	40
   8.0	49
   9.0	24
  10.0	39
  11.0	42
  12.0	38
  13.0	30
  14.0	32
  15.0	34
  16.0	31
  17.0	41
  18.0	40
  19.0	35
  20.0	40
  21.0	35
  22.0	43
  23.0	32
  24.0	33
  25.0	29
  26.0	28
  27.0	26
  28.0	36
  29.0	32
  30.0	37
  31.0	37
  32.0	33
  33.0	38
  34.0	35
  35.0	32
  36.0	46
  37.0	28
  38.0	41
  39.0	38.5
  40.0	40
  41.0	28
  42.0	38
  43.0	34
  44.0	34
  45.0	38
  46.0	41
  47.0	27
  48.0	39
  49.0	44
  50.0	38
  51.0	35
  52.0	28
  53.0	31
  54.0	24
  55.0	39
  56.0	28
  57.0	34
  58.0	40.3333
  59.0	31
  60.0	37
  61.0	41
  62.0	30
  63.0	31
  64.0	23
  65.0	33
  66.0	33
  67.0	30
  68.0	32
  69.0	33
  70.0	30
  71.0	20.5
  72.0	33
  73.0	42
  74.0	35
  75.0	31
  76.0	43
  77.0	21
  78.0	35
  79.0	23
  80.0	30
  81.0	28
  82.0	30
  83.0	30
  84.0	24
  85.0	22
  86.0	28
  87.0	31
  88.0	28
  89.0	26
  90.0	41
  91.0	29
  92.0	30
  93.0	31.5
  94.0	29
  95.0	26
  96.0	22
  97.0	29
  98.0	34
  99.0	31
 100.0	23.5
 101.0	36
 102.0	38
 103.0	24.5
 104.0	40.5
 105.0	34
 106.0	19
 107.0	18
 108.0	22.5
 109.0	23
 110.0	23
 111.0	32
 112.0	33
 113.0	29
 114.0	26
 115.0	34
 116.0	35
 117.0	24
 118.0	26
 119.0	29
 120.0	30
 121.0	16
 122.0	27.5
 123.0	26
 124.0	34
 125.0	30
 126.0	38
 127.0	25
 128.0	32
 129.0	33
 130.0	24.5
 131.0	24
 132.0	24
 133.0	25.5
 134.0	28
 135.0	21
 136.0	32
 137.0	25
 138.0	29
 139.0	22
 140.0	32
 141.0	21
 142.0	36
 143.0	34.5
 144.0	39
 145.0	24
 146.0	20
 147.0	27
 148.0	23
 149.0	27
 150.0	25
 151.0	33
 152.0	26
 153.0	30
 154.0	25
 155.0	36
 156.0	28
 157.0	28
 158.0	30
 159.0	35
 160.0	23
 161.0	30
 162.0	32
 163.0	37
 164.0	23.5
 165.0	19
 166.0	30.5
 167.0	22
 168.0	33
 169.0	29
 170.0	28
 171.0	25
 172.0	34
 173.0	25
 174.0	27
 175.0	24
 176.0	20
 177.0	23
 178.0	28
 179.0	21
 180.0	33
 181.0	18.5
 182.0	23
 183.0	29
 184.0	21
 185.0	25.3333
 186.0	23.5
 187.0	30
 188.0	27
 189.0	22
 190.0	22
 191.0	25
 192.0	28
 193.0	22.5
 194.0	16
 195.0	22
 196.0	31
 197.0	24
 198.0	35
 199.0	29
 200.0	19
 201.0	31.5
 202.0	30
 203.0	28
 204.0	23
 205.0	24
 206.0	32
 207.0	28
 208.0	35
 209.0	19.5
 210.0	28
 211.0	28
 212.0	23.5
 213.0	29
 214.0	32
 215.0	29
 216.0	21
 217.0	24
 218.0	25
 219.0	22
 220.0	26
 221.0	25
 222.0	19
 223.0	18
 224.0	30
 225.0	33
 226.0	22
 227.0	23
 228.0	34
DB 2 MOTIF	ELF2_HUMAN.H11MO.0.C
-228.5	29.5
-227.5	34
-226.5	23
-225.5	41
-224.5	31
-223.5	34
-222.5	34
-221.5	38
-220.5	34.5
-219.5	47
-218.5	31
-217.5	25
-216.5	34
-215.5	38
-214.5	34.1429
-213.5	36.75
-212.5	40.5
-211.5	38.5
-210.5	34
-209.5	34
-208.5	39.5
-207.5	37
-206.5	32
-205.5	33.5
-204.5	25
-203.5	36
-202.5	29
-201.5	35
-200.5	29
-199.5	33
-198.5	29
-197.5	30
-196.5	38
-195.5	28
-194.5	36
-193.5	31
-192.5	23
-191.5	40
-190.5	34
-189.5	26
-188.5	36.25
-187.5	26
-186.5	28.25
-185.5	29
-184.5	30.6429
-183.5	37
-182.5	30.25
-181.5	29
-180.5	28
-179.5	30
-178.5	28.25
-177.5	37
-176.5	25
-175.5	29
-174.5	24.25
-173.5	28
-172.5	37
-171.5	23
-170.5	27
-169.5	33
-168.5	30.5
-167.5	28
-166.5	31
-165.5	35
-164.5	35
-163.5	19.75
-162.5	29
-161.5	32.5
-160.5	28
-159.5	36.5
-158.5	29
-157.5	36
-156.5	38
-155.5	33
-154.5	33.1429
-153.5	24
-152.5	27
-151.5	19
-150.5	41
-149.5	25
-148.5	35.5
-147.5	28
-146.5	34
-145.5	37
-144.5	29
-143.5	26
-142.5	24
-141.5	23
-140.5	36.5
-139.5	30
-138.5	31.25
-137.5	18
-136.5	23
-135.5	22
-134.5	31.5
-133.5	40
-132.5	24
-131.5	36
-130.5	32
-129.5	29.5
-128.5	36
-127.5	44
-126.5	30
-125.5	46.5
-124.5	20.6429
-123.5	37
-122.5	32
-121.5	30
-120.5	32
-119.5	30
-118.5	31
-117.5	29
-116.5	30.5
-115.5	31
-114.5	26
-113.5	27.5
-112.5	25
-111.5	30
-110.5	23
-109.5	24.5
-108.5	35
-107.5	33
-106.5	41.5
-105.5	31
-104.5	25
-103.5	34
-102.5	23
-101.5	20
-100.5	25
 -99.5	41
 -98.5	37
 -97.5	33.5
 -96.5	20
 -95.5	40
 -94.5	24.1429
 -93.5	44
 -92.5	30
 -91.5	30
 -90.5	26
 -89.5	39
 -88.5	39
 -87.5	31
 -86.5	31
 -85.5	29
 -84.5	28
 -83.5	30.5
 -82.5	37
 -81.5	23
 -80.5	21
 -79.5	41
 -78.5	34
 -77.5	29
 -76.5	23
 -75.5	25
 -74.5	34
 -73.5	28
 -72.5	35
 -71.5	32
 -70.5	34
 -69.5	39.5
 -68.5	39
 -67.5	26
 -66.5	35
 -65.5	32
 -64.5	29.1429
 -63.5	29
 -62.5	36
 -61.5	44
 -60.5	39
 -59.5	32
 -58.5	14
 -57.5	37
 -56.5	45.5
 -55.5	47
 -54.5	38.5
 -53.5	34
 -52.5	46
 -51.5	34
 -50.5	33.5
 -49.5	32
 -48.5	30.5
 -47.5	37
 -46.5	45
 -45.5	29
 -44.5	34.5
 -43.5	44
 -42.5	49
 -41.5	39
 -40.5	42
 -39.5	43.5
 -38.5	25.5
 -37.5	36
 -36.5	27
 -35.5	40
 -34.5	48.1429
 -33.5	51
 -32.5	41
 -31.5	38
 -30.5	44.5
 -29.5	38
 -28.5	45
 -27.5	40
 -26.5	38
 -25.5	35
 -24.5	46
 -23.5	31
 -22.5	36
 -21.5	43
 -20.5	34
 -19.5	35
 -18.5	42.5
 -17.5	52
 -16.5	53
 -15.5	37
 -14.5	32
 -13.5	39
 -12.5	41
 -11.5	39
 -10.5	43
  -9.5	41
  -8.5	36
  -7.5	45
  -6.5	40
  -5.5	40
  -4.5	48
  -3.5	35
  -2.5	46
  -1.5	41
  -0.5	57
   0.5	43
   1.5	43
   2.5	35
   3.5	36
   4.5	33
   5.5	31.5
   6.5	40
   7.5	51
   8.5	26
   9.5	50
  10.5	49.5
  11.5	36
  12.5	27
  13.5	41
  14.5	37.5
  15.5	32.5
  16.5	39
  17.5	51
  18.5	34
  19.5	51.5
  20.5	39
  21.5	40
  22.5	34
  23.5	29
  24.5	32
  25.5	46
  26.5	29
  27.5	35
  28.5	45
  29.5	39
  30.5	40.5
  31.5	28.5
  32.5	33
  33.5	39
  34.5	47
  35.5	41
  36.5	40
  37.5	31.5
  38.5	43
  39.5	46.5
  40.5	43
  41.5	35
  42.5	34
  43.5	33
  44.5	43
  45.5	37
  46.5	43
  47.5	39
  48.5	39
  49.5	45
  50.5	40
  51.5	37
  52.5	31
  53.5	32
  54.5	26.5
  55.5	50.5
  56.5	36.5
  57.5	37
  58.5	38
  59.5	38
  60.5	42
  61.5	36
  62.5	28
  63.5	27.5
  64.5	35
  65.5	36
  66.5	36
  67.5	33
  68.5	34
  69.5	28
  70.5	35.5
  71.5	30.5
  72.5	40
  73.5	48
  74.5	32
  75.5	29
  76.5	27
  77.5	33
  78.5	38
  79.5	27
  80.5	41
  81.5	29
  82.5	31.5
  83.5	27
  84.5	25
  85.5	32
  86.5	38
  87.5	25
  88.5	31
  89.5	33.5
  90.5	40
  91.5	36
  92.5	31.5
  93.5	31.5
  94.5	29.5
  95.5	21
  96.5	41
  97.5	33
  98.5	31
  99.5	27
 100.5	31
 101.5	38
 102.5	37
 103.5	33
 104.5	35
 105.5	30
 106.5	26
 107.5	23.5
 108.5	31
 109.5	31
 110.5	26
 111.5	33.5
 112.5	37
 113.5	19
 114.5	32
 115.5	30
 116.5	35
 117.5	34
 118.5	27.5
 119.5	27
 120.5	23
 121.5	25
 122.5	23
 123.5	30
 124.5	46
 125.5	39
 126.5	34
 127.5	26
 128.5	34.3333
 129.5	32.5
 130.5	23.5
 131.5	36
 132.5	25.5
 133.5	36.5
 134.5	28.5
 135.5	29
 136.5	29
 137.5	39
 138.5	23
 139.5	28
 140.5	35
 141.5	35.5
 142.5	29
 143.5	38
 144.5	43
 145.5	27
 146.5	25
 147.5	21
 148.5	33
 149.5	30
 150.5	35
 151.5	24
 152.5	27.5
 153.5	28
 154.5	35.3333
 155.5	33
 156.5	31
 157.5	26
 158.5	37
 159.5	33
 160.5	31
 161.5	39
 162.5	38.5
 163.5	31
 164.5	20.5
 165.5	29.5
 166.5	27
 167.5	32.5
 168.5	34
 169.5	30
 170.5	32
 171.5	27
 172.5	42
 173.5	36
 174.5	31
 175.5	21
 176.5	25
 177.5	27
 178.5	25
 179.5	31
 180.5	29.3333
 181.5	32.5
 182.5	23
 183.5	34
 184.5	26
 185.5	39
 186.5	25
 187.5	28
 188.5	25
 189.5	31
 190.5	28
 191.5	24
 192.5	26
 193.5	27.5
 194.5	23
 195.5	31
 196.5	29
 197.5	28
 198.5	37
 199.5	24.5
 200.5	30.5
 201.5	40
 202.5	32
 203.5	36.5
 204.5	23
 205.5	30.5
 206.5	31
 207.5	28
 208.5	33
 209.5	24
 210.5	31
 211.5	30
 212.5	30
 213.5	30
 214.5	32
 215.5	31
 216.5	26
 217.5	23
 218.5	23
 219.5	29
 220.5	35.5
 221.5	28
 222.5	20
 223.5	24
 224.5	42.5
 225.5	23
 226.5	24
 227.5	43
 228.5	30
DB 2 MOTIF	ELF5_HUMAN.H11MO.0.A
-227.5	34
-226.5	41
-225.5	26
-224.5	41.3333
-223.5	34.5
-222.5	29
-221.5	38.5
-220.5	34
-219.5	31
-218.5	38
-217.5	44.5
-216.5	36
-215.5	34
-214.5	40
-213.5	33
-212.5	30
-211.5	37
-210.5	38
-209.5	33
-208.5	35
-207.5	30.5
-206.5	43.5
-205.5	34
-204.5	37
-203.5	29.3333
-202.5	31
-201.5	33
-200.5	37
-199.5	23
-198.5	30
-197.5	29
-196.5	33
-195.5	55
-194.5	27
-193.5	21
-192.5	34.5
-191.5	32
-190.5	37
-189.5	37
-188.5	31
-187.5	37
-186.5	30
-185.5	39
-184.5	33.5
-183.5	27.8333
-182.5	39.3333
-181.5	28.5
-180.5	28
-179.5	23.3333
-178.5	30
-177.5	29.5
-176.5	42
-175.5	27.3333
-174.5	32
-173.5	26
-172.5	29
-171.5	29
-170.5	27
-169.5	24
-168.5	36
-167.5	31
-166.5	38
-165.5	34
-164.5	24
-163.5	27.5
-162.5	35
-161.5	25
-160.5	30.5
-159.5	35
-158.5	33
-157.5	35
-156.5	31
-155.5	38.5
-154.5	37
-153.5	37.5
-152.5	26
-151.5	43
-150.5	33
-149.5	45
-148.5	30
-147.5	34
-146.5	29
-145.5	37
-144.5	37
-143.5	37
-142.5	22
-141.5	25
-140.5	31
-139.5	32
-138.5	32
-137.5	30
-136.5	23.5
-135.5	29.5
-134.5	33
-133.5	29
-132.5	30
-131.5	34
-130.5	34
-129.5	34
-128.5	33.5
-127.5	31
-126.5	34
-125.5	30.1429
-124.5	37
-123.5	23
-122.5	28.1429
-121.5	31
-120.5	27
-119.5	25.6429
-118.5	23
-117.5	40
-116.5	35.1429
-115.5	35.5
-114.5	26
-113.5	23.1429
-112.5	31.5
-111.5	23
-110.5	27.1429
-109.5	28
-108.5	37.5
-107.5	36.6429
-106.5	28
-105.5	33
-104.5	27
-103.5	29
-102.5	34.5
-101.5	27.5
-100.5	30
 -99.5	36
 -98.5	24
 -97.5	27
 -96.5	26
 -95.5	28
 -94.5	38.5
 -93.5	39
 -92.5	32
 -91.5	25
 -90.5	27
 -89.5	29
 -88.5	42
 -87.5	31
 -86.5	42
 -85.5	37
 -84.5	20
 -83.5	28
 -82.5	27
 -81.5	25
 -80.5	25.5
 -79.5	27
 -78.5	32
 -77.5	19
 -76.5	23
 -75.5	31.5
 -74.5	31
 -73.5	37.5
 -72.5	25.5
 -71.5	38
 -70.5	33
 -69.5	37
 -68.5	27
 -67.5	42.5
 -66.5	28
 -65.5	32
 -64.5	32.5
 -63.5	29
 -62.5	32
 -61.5	35
 -60.5	33
 -59.5	36
 -58.5	31
 -57.5	39
 -56.5	37
 -55.5	30.5
 -54.5	44
 -53.5	37.5
 -52.5	35
 -51.5	31.5
 -50.5	31
 -49.5	34
 -48.5	31
 -47.5	34
 -46.5	32
 -45.5	38
 -44.5	43.5
 -43.5	27
 -42.5	44
 -41.5	38.5
 -40.5	43.5
 -39.5	25.5
 -38.5	43
 -37.5	23
 -36.5	37
 -35.5	33
 -34.5	37
 -33.5	40
 -32.5	41
 -31.5	41
 -30.5	36
 -29.5	39
 -28.5	33
 -27.5	50
 -26.5	34
 -25.5	42
 -24.5	25
 -23.5	25
 -22.5	30
 -21.5	37
 -20.5	25.5
 -19.5	36
 -18.5	41
 -17.5	49
 -16.5	37
 -15.5	28.5
 -14.5	29
 -13.5	37.5
 -12.5	44
 -11.5	40
 -10.5	38
  -9.5	29
  -8.5	35
  -7.5	27
  -6.5	30
  -5.5	39.5
  -4.5	30
  -3.5	39
  -2.5	34
  -1.5	38
  -0.5	44
   0.5	31
   1.5	37
   2.5	32
   3.5	27
   4.5	41
   5.5	38
   6.5	32.5
   7.5	37
   8.5	45
   9.5	37
  10.5	34.5
  11.5	35.5
  12.5	36
  13.5	22
  14.5	33
  15.5	31.5
  16.5	40
  17.5	33
  18.5	32
  19.5	36
  20.5	39.5
  21.5	33
  22.5	36
  23.5	41
  24.5	34
  25.5	23
  26.5	35
  27.5	28.5
  28.5	27.5
  29.5	35
  30.5	33
  31.5	34.5
  32.5	29
  33.5	29
  34.5	23
  35.5	39
  36.5	37
  37.5	23
  38.5	38
  39.5	36
  40.5	34
  41.5	31
  42.5	33
  43.5	33
  44.5	33
  45.5	45
  46.5	32.5
  47.5	20
  48.5	34
  49.5	36
  50.5	34
  51.5	32
  52.5	41
  53.5	35
  54.5	39
  55.5	28
  56.5	39
  57.5	35
  58.5	37
  59.5	30
  60.5	42
  61.5	37
  62.5	27
  63.5	25
  64.5	23
  65.5	26
  66.5	31
  67.5	38
  68.5	33
  69.5	24
  70.5	27.5
  71.5	28
  72.5	38
  73.5	40
  74.5	30
  75.5	38
  76.5	36
  77.5	22
  78.5	31
  79.5	32.5
  80.5	29
  81.5	29
  82.5	27.5
  83.5	16
  84.5	28
  85.5	28.125
  86.5	22.5
  87.5	38
  88.5	28.5
  89.5	42.125
  90.5	37
  91.5	28
  92.5	32
  93.5	38.625
  94.5	29
  95.5	33
  96.5	33
  97.5	33.625
  98.5	38
  99.5	41.5
 100.5	19
 101.5	39.125
 102.5	27.5
 103.5	38
 104.5	30
 105.5	30.125
 106.5	20
 107.5	33
 108.5	29
 109.5	34.625
 110.5	32
 111.5	35
 112.5	28
 113.5	30.125
 114.5	26
 115.5	36
 116.5	36
 117.5	29
 118.5	26
 119.5	29
 120.5	34
 121.5	26
 122.5	36
 123.5	31
 124.5	26
 125.5	40
 126.5	27
 127.5	35
 128.5	32
 129.5	28
 130.5	29.5
 131.5	29
 132.5	41
 133.5	22.5
 134.5	31
 135.5	31
 136.5	31
 137.5	23
 138.5	31.5
 139.5	31
 140.5	25
 141.5	33
 142.5	46
 143.5	34
 144.5	29.5
 145.5	23.5
 146.5	26.5
 147.5	35
 148.5	23.5
 149.5	29
 150.5	31
 151.5	43
 152.5	31.5
 153.5	33
 154.5	34
 155.5	39
 156.5	23
 157.5	27
 158.5	43
 159.5	36
 160.5	33
 161.5	30.5
 162.5	48
 163.5	33.5
 164.5	29
 165.5	31
 166.5	39
 167.5	30
 168.5	33
 169.5	39
 170.5	27
 171.5	41.5
 172.5	28
 173.5	36.5
 174.5	32
 175.5	30
 176.5	31
 177.5	33
 178.5	29
 179.5	45
 180.5	31
 181.5	23
 182.5	34
 183.5	30
 184.5	37.5
 185.5	26
 186.5	35
 187.5	29
 188.5	26
 189.5	22
 190.5	34
 191.5	29
 192.5	31.5
 193.5	24
 194.5	24
 195.5	27.5
 196.5	36
 197.5	37
 198.5	39
 199.5	33
 200.5	37
 201.5	34.5
 202.5	42
 203.5	29
 204.5	32
 205.5	28
 206.5	30
 207.5	34.1429
 208.5	29
 209.5	40
 210.5	34.1429
 211.5	33.5
 212.5	33
 213.5	38.6429
 214.5	45
 215.5	31
 216.5	32.1429
 217.5	36
 218.5	30
 219.5	22.1429
 220.5	32
 221.5	25
 222.5	34.1429
 223.5	34.5
 224.5	35
 225.5	47.1429
 226.5	24
 227.5	30
DB 2 MOTIF	ELK1_HUMAN.H11MO.0.B
-229.5	24.5
-228.5	25
-227.5	19.5
-226.5	26.5
-225.5	27
-224.5	20
-223.5	26
-222.5	41
-221.5	23
-220.5	37
-219.5	27
-218.5	34
-217.5	24.5
-216.5	26
-215.5	26.1429
-214.5	30
-213.5	28
-212.5	34
-211.5	27
-210.5	26
-209.5	29
-208.5	22
-207.5	24
-206.5	22
-205.5	25
-204.5	22
-203.5	24
-202.5	26
-201.5	30
-200.5	19
-199.5	24
-198.5	25
-197.5	34
-196.5	23
-195.5	32.25
-194.5	19
-193.5	25
-192.5	25
-191.5	25
-190.5	18
-189.5	30
-188.5	18
-187.5	28
-186.5	17
-185.5	22.1429
-184.5	32
-183.5	23
-182.5	33
-181.5	25
-180.5	25
-179.5	22.5
-178.5	36
-177.5	21
-176.5	23
-175.5	19
-174.5	24
-173.5	28.5
-172.5	25
-171.5	22.3333
-170.5	35
-169.5	28
-168.5	32
-167.5	29
-166.5	28
-165.5	29
-164.5	27
-163.5	18
-162.5	29
-161.5	34
-160.5	28
-159.5	18
-158.5	27.5
-157.5	34
-156.5	25.5
-155.5	30.1429
-154.5	21
-153.5	21
-152.5	22
-151.5	21
-150.5	18.3333
-149.5	24
-148.5	19
-147.5	35
-146.5	28
-145.5	28
-144.5	19.5
-143.5	27
-142.5	18
-141.5	22
-140.5	24.5
-139.5	29
-138.5	23
-137.5	30
-136.5	25
-135.5	27.5
-134.5	28
-133.5	22
-132.5	23
-131.5	22
-130.5	29.3333
-129.5	28
-128.5	31
-127.5	24.5
-126.5	34.5
-125.5	16.1429
-124.5	28.5
-123.5	19.5
-122.5	27
-121.5	28.5
-120.5	29
-119.5	33
-118.5	24
-117.5	28
-116.5	20
-115.5	20
-114.5	26
-113.5	28
-112.5	22
-111.5	20
-110.5	20
-109.5	21.5
-108.5	21.5
-107.5	32
-106.5	26
-105.5	29.5
-104.5	33
-103.5	21
-102.5	24
-101.5	22
-100.5	18
 -99.5	25
 -98.5	25
 -97.5	30
 -96.5	34
 -95.5	23.6429
 -94.5	34
 -93.5	18
 -92.5	35
 -91.5	23
 -90.5	29.5
 -89.5	27
 -88.5	26
 -87.5	35
 -86.5	21
 -85.5	20
 -84.5	32
 -83.5	28
 -82.5	24
 -81.5	27
 -80.5	25
 -79.5	28
 -78.5	24
 -77.5	39.5
 -76.5	28
 -75.5	25
 -74.5	21
 -73.5	34
 -72.5	27
 -71.5	36
 -70.5	23
 -69.5	30
 -68.5	30.5
 -67.5	32
 -66.5	31
 -65.5	22.1429
 -64.5	22.5
 -63.5	23
 -62.5	28.5
 -61.5	30
 -60.5	28
 -59.5	26.5
 -58.5	32
 -57.5	29
 -56.5	32
 -55.5	42
 -54.5	33.5
 -53.5	26.5
 -52.5	30
 -51.5	29
 -50.5	30
 -49.5	31.5
 -48.5	33.5
 -47.5	29
 -46.5	33
 -45.5	29
 -44.5	27
 -43.5	39
 -42.5	33.5
 -41.5	35
 -40.5	37
 -39.5	27.5
 -38.5	33.5
 -37.5	25
 -36.5	34
 -35.5	41.1429
 -34.5	43.5
 -33.5	39
 -32.5	41
 -31.5	40
 -30.5	39
 -29.5	41.5
 -28.5	29
 -27.5	28
 -26.5	24
 -25.5	39
 -24.5	28
 -23.5	32.5
 -22.5	33
 -21.5	30
 -20.5	42
 -19.5	34
 -18.5	41
 -17.5	42.5
 -16.5	37
 -15.5	39
 -14.5	35
 -13.5	30
 -12.5	45
 -11.5	34
 -10.5	32.5
  -9.5	40
  -8.5	34
  -7.5	34
  -6.5	34
  -5.5	33
  -4.5	36.25
  -3.5	37
  -2.5	25
  -1.5	35
  -0.5	41
   0.5	44.5
   1.5	30
   2.5	35
   3.5	38.5
   4.5	31.5
   5.5	34
   6.5	33
   7.5	30
   8.5	40
   9.5	29.5
  10.5	31.5
  11.5	29
  12.5	40
  13.5	36
  14.5	27
  15.5	40
  16.5	34.5
  17.5	32
  18.5	41.5
  19.5	31.5
  20.5	42
  21.5	37
  22.5	26
  23.5	30
  24.5	35
  25.5	40.5
  26.5	30
  27.5	21.5
  28.5	30.5
  29.5	49
  30.5	32
  31.5	34
  32.5	27
  33.5	30
  34.5	42
  35.5	38
  36.5	32
  37.5	40
  38.5	30
  39.5	37
  40.5	43.5
  41.5	29
  42.5	34
  43.5	36.5
  44.5	24.5
  45.5	40
  46.5	40
  47.5	45
  48.5	29
  49.5	36
  50.5	21
  51.5	36
  52.5	24
  53.5	32
  54.5	31
  55.5	31
  56.5	41
  57.5	23
  58.5	34
  59.5	45.25
  60.5	27
  61.5	40
  62.5	23.5
  63.5	23
  64.5	29.5
  65.5	22.5
  66.5	32
  67.5	30
  68.5	23.5
  69.5	33
  70.5	33
  71.5	33
  72.5	29
  73.5	23
  74.5	31
  75.5	25
  76.5	27
  77.5	35
  78.5	30
  79.5	33
  80.5	27
  81.5	22
  82.5	21
  83.5	29.5
  84.5	28
  85.5	33
  86.5	28
  87.5	24
  88.5	34
  89.5	25
  90.5	23
  91.5	33.5
  92.5	32
  93.5	26
  94.5	27
  95.5	35
  96.5	25
  97.5	21.5
  98.5	20
  99.5	25
 100.5	24
 101.5	24
 102.5	31
 103.5	35
 104.5	33
 105.5	27.5
 106.5	21.5
 107.5	25
 108.5	23
 109.5	24
 110.5	24
 111.5	21
 112.5	23
 113.5	30
 114.5	26
 115.5	29
 116.5	18
 117.5	26
 118.5	25
 119.5	21.5
 120.5	19
 121.5	23
 122.5	23
 123.5	25
 124.5	35
 125.5	26
 126.5	32
 127.5	34
 128.5	22.5
 129.5	21.3333
 130.5	30
 131.5	23.5
 132.5	21
 133.5	23
 134.5	27
 135.5	23
 136.5	20
 137.5	20
 138.5	22
 139.5	24
 140.5	21.5
 141.5	29
 142.5	25
 143.5	24
 144.5	29
 145.5	29
 146.5	12
 147.5	22
 148.5	18
 149.5	29
 150.5	24
 151.5	16
 152.5	28
 153.5	21.5
 154.5	30
 155.5	27.3333
 156.5	29
 157.5	21
 158.5	21
 159.5	28.5
 160.5	26
 161.5	22
 162.5	23
 163.5	20
 164.5	26.5
 165.5	24
 166.5	27
 167.5	26
 168.5	12
 169.5	26
 170.5	25
 171.5	29
 172.5	19
 173.5	29
 174.5	19
 175.5	26
 176.5	20
 177.5	8
 178.5	19
 179.5	28
 180.5	29
 181.5	18.3333
 182.5	22
 183.5	16.5
 184.5	27
 185.5	20
 186.5	36.25
 187.5	23
 188.5	17.5
 189.5	30
 190.5	22
 191.5	16
 192.5	20
 193.5	19
 194.5	19.5
 195.5	19
 196.5	22
 197.5	28
 198.5	13
 199.5	25.5
 200.5	22
 201.5	23
 202.5	26
 203.5	22
 204.5	30.5
 205.5	17
 206.5	29
 207.5	23
 208.5	28
 209.5	27
 210.5	23
 211.5	25.5
 212.5	19
 213.5	27
 214.5	24
 215.5	19.5
 216.5	25.5
 217.5	18
 218.5	27
 219.5	24
 220.5	22
 221.5	13.5
 222.5	19
 223.5	19
 224.5	21.5
 225.5	25
 226.5	24
 227.5	19
 228.5	32
 229.5	33
DB 2 MOTIF	ELK3_HUMAN.H11MO.0.D
-229.0	16
-228.0	14
-227.0	23
-226.0	28.5
-225.0	17
-224.0	21
-223.0	21
-222.0	26
-221.0	28.5
-220.0	28.5
-219.0	24
-218.0	24.5
-217.0	25
-216.0	19
-215.0	21.1429
-214.0	12
-213.0	33
-212.0	23
-211.0	30
-210.0	19.5
-209.0	27
-208.0	13
-207.0	18
-206.0	20
-205.0	22
-204.0	19
-203.0	16
-202.0	24.5
-201.0	21
-200.0	17
-199.0	21
-198.0	19.5
-197.0	20
-196.0	20
-195.0	22.5
-194.0	28
-193.0	20.5
-192.0	18
-191.0	28
-190.0	23
-189.0	21
-188.0	25
-187.0	19
-186.0	19
-185.0	23.1429
-184.0	24
-183.0	29
-182.0	22.5
-181.0	20.5
-180.0	20
-179.0	28
-178.0	28
-177.0	17
-176.0	13
-175.0	21
-174.0	23
-173.0	29.5
-172.0	15
-171.0	23
-170.0	24
-169.0	26.5
-168.0	26
-167.0	26
-166.0	20
-165.0	21
-164.0	23
-163.0	26
-162.0	21.5
-161.0	28
-160.0	24
-159.0	20
-158.0	22
-157.0	18
-156.0	17
-155.0	21.1429
-154.0	25
-153.0	14
-152.0	15
-151.0	21
-150.0	25
-149.0	18
-148.0	28.5
-147.0	22
-146.0	25
-145.0	18
-144.0	17
-143.0	23
-142.0	20
-141.0	14
-140.0	22
-139.0	15
-138.0	22
-137.0	16
-136.0	25
-135.0	26
-134.0	25
-133.0	27.5
-132.0	14
-131.0	23
-130.0	19
-129.0	25
-128.0	17
-127.0	17
-126.0	16
-125.0	24.1429
-124.0	21
-123.0	20
-122.0	25
-121.0	24.5
-120.0	25
-119.0	21
-118.0	20
-117.0	22
-116.0	17.5
-115.0	22
-114.0	15
-113.0	16
-112.0	16
-111.0	16
-110.0	17
-109.0	16
-108.0	21
-107.0	27
-106.0	26.5
-105.0	22
-104.0	25
-103.0	24
-102.0	22
-101.0	25
-100.0	17
 -99.0	18
 -98.0	15
 -97.0	17.5
 -96.0	21
 -95.0	23.1429
 -94.0	25
 -93.0	19
 -92.0	33
 -91.0	19
 -90.0	19
 -89.0	25
 -88.0	22
 -87.0	25
 -86.0	18
 -85.0	25
 -84.0	21
 -83.0	27
 -82.0	22
 -81.0	18
 -80.0	22
 -79.0	25
 -78.0	21
 -77.0	15
 -76.0	26
 -75.0	21
 -74.0	31
 -73.0	14
 -72.0	30.5
 -71.0	20
 -70.0	18
 -69.0	27
 -68.0	23.5
 -67.0	26.5
 -66.0	20
 -65.0	23.1429
 -64.0	24
 -63.0	27
 -62.0	27
 -61.0	26
 -60.0	27
 -59.0	28.5
 -58.0	29
 -57.0	22
 -56.0	34
 -55.0	27
 -54.0	24
 -53.0	37
 -52.0	24
 -51.0	27
 -50.0	25.5
 -49.0	20.5
 -48.0	35
 -47.0	23
 -46.0	29.5
 -45.0	22
 -44.0	34
 -43.0	37
 -42.0	26
 -41.0	30
 -40.0	23
 -39.0	23
 -38.0	26
 -37.0	36
 -36.0	24
 -35.0	25.1429
 -34.0	31
 -33.0	41
 -32.0	34
 -31.0	34
 -30.0	21
 -29.0	29
 -28.0	35
 -27.0	18
 -26.0	30
 -25.0	37.5
 -24.0	35
 -23.0	27.5
 -22.0	31
 -21.0	29
 -20.0	24
 -19.0	25
 -18.0	33
 -17.0	30
 -16.0	35
 -15.0	29
 -14.0	27
 -13.0	24
 -12.0	28.5
 -11.0	27
 -10.0	39
  -9.0	29
  -8.0	29.5
  -7.0	27
  -6.0	26
  -5.0	23
  -4.0	28
  -3.0	29
  -2.0	28
  -1.0	20
   0.0	27
   1.0	28
   2.0	26
   3.0	24
   4.0	28
   5.0	26
   6.0	27
   7.0	30
   8.0	20
   9.0	29
  10.0	26.5
  11.0	29
  12.0	22.5
  13.0	24
  14.0	26
  15.0	29
  16.0	24
  17.0	30.5
  18.0	30
  19.0	28.5
  20.0	26
  21.0	39
  22.0	35
  23.0	27
  24.0	15
  25.0	37
  26.0	32
  27.0	31
  28.0	31
  29.0	22
  30.0	32.5
  31.0	27
  32.0	19
  33.0	28
  34.0	21
  35.0	44
  36.0	24.5
  37.0	27
  38.0	30
  39.0	30
  40.0	27.5
  41.0	31
  42.0	26
  43.0	28
  44.0	29.5
  45.0	20
  46.0	31
  47.0	33
  48.0	23
  49.0	36
  50.0	28
  51.0	22
  52.0	25
  53.0	22
  54.0	31.5
  55.0	25
  56.0	32
  57.0	26
  58.0	19
  59.0	24
  60.0	35
  61.0	17
  62.0	36
  63.0	20
  64.0	29
  65.0	35.5
  66.0	23
  67.0	23
  68.0	25
  69.0	26
  70.0	27
  71.0	23
  72.0	24
  73.0	22
  74.0	21
  75.0	22
  76.0	17
  77.0	39
  78.0	30
  79.0	20
  80.0	24
  81.0	21
  82.0	19
  83.0	17
  84.0	21
  85.0	29
  86.0	23
  87.0	23
  88.0	26
  89.0	25
  90.0	21
  91.0	18
  92.0	24.5
  93.0	23
  94.0	24
  95.0	26
  96.0	28
  97.0	21
  98.0	17
  99.0	13
 100.0	24
 101.0	14
 102.0	20
 103.0	31
 104.0	30
 105.0	30
 106.0	12
 107.0	24
 108.0	26
 109.0	27
 110.0	21
 111.0	21
 112.0	14
 113.0	29
 114.0	15
 115.0	17
 116.0	13
 117.0	19
 118.0	16
 119.0	29
 120.0	14
 121.0	21
 122.0	18.5
 123.0	24
 124.0	26.5
 125.0	27
 126.0	34
 127.0	31
 128.0	19
 129.0	30
 130.0	22
 131.0	25
 132.0	20.5
 133.0	25.5
 134.0	23
 135.0	22
 136.0	19
 137.0	26
 138.0	15
 139.0	23
 140.0	23
 141.0	21
 142.0	25
 143.0	13
 144.0	15
 145.0	25
 146.0	26
 147.0	18
 148.0	16
 149.0	18
 150.0	18
 151.0	18
 152.0	13
 153.0	23
 154.0	33
 155.0	29
 156.0	32
 157.0	21
 158.0	20
 159.0	19
 160.0	16
 161.0	19
 162.0	26
 163.0	27
 164.0	14
 165.0	19
 166.0	22
 167.0	31
 168.0	30
 169.0	22
 170.0	27
 171.0	19
 172.0	23.5
 173.0	27
 174.0	17
 175.0	20
 176.0	18
 177.0	19
 178.0	22
 179.0	21
 180.0	18
 181.0	22.5
 182.0	16
 183.0	17
 184.0	25
 185.0	17
 186.0	28
 187.0	17
 188.0	16
 189.0	16
 190.0	23.5
 191.0	18
 192.0	15
 193.0	18
 194.0	12
 195.0	18
 196.0	17
 197.0	17
 198.0	18
 199.0	28
 200.0	17.5
 201.0	21
 202.0	17
 203.0	25
 204.0	19
 205.0	23
 206.0	23
 207.0	23
 208.0	21
 209.0	24
 210.0	19
 211.0	15
 212.0	24
 213.0	17
 214.0	14
 215.0	24
 216.0	13
 217.0	19
 218.0	23
 219.0	13
 220.0	18
 221.0	17
 222.0	21
 223.0	12
 224.0	22
 225.0	22
 226.0	20
 227.0	20
 228.0	13
 229.0	27
DB 2 MOTIF	ELK4_HUMAN.H11MO.0.A
-229.0	24
-228.0	30
-227.0	19
-226.0	28
-225.0	32
-224.0	26
-223.0	34
-222.0	30
-221.0	31
-220.0	30
-219.0	31
-218.0	28
-217.0	23
-216.0	23
-215.0	35.1429
-214.0	24
-213.0	36
-212.0	35
-211.0	26
-210.0	21
-209.0	23
-208.0	22
-207.0	31
-206.0	25
-205.0	23
-204.0	23
-203.0	23
-202.0	25.5
-201.0	27
-200.0	24
-199.0	22
-198.0	20
-197.0	35
-196.0	22.25
-195.0	25
-194.0	27
-193.0	19
-192.0	27
-191.0	25
-190.0	24
-189.0	26
-188.0	24
-187.0	23
-186.0	15
-185.0	32.1429
-184.0	26
-183.0	27
-182.0	32
-181.0	21
-180.0	26
-179.0	35
-178.0	32
-177.0	25
-176.0	20
-175.0	21
-174.0	28
-173.0	26.5
-172.0	14
-171.0	27
-170.0	30
-169.0	30
-168.0	25
-167.0	24
-166.0	25
-165.0	25
-164.0	20
-163.0	25.5
-162.0	29.5
-161.0	25
-160.0	26
-159.0	26
-158.0	21
-157.0	40
-156.0	23
-155.0	26.1429
-154.0	26
-153.0	19
-152.0	16
-151.0	23
-150.0	25
-149.0	19
-148.0	27
-147.0	27
-146.0	26
-145.0	20
-144.0	18.5
-143.0	26.5
-142.0	21
-141.0	36
-140.0	27
-139.0	26
-138.0	21.5
-137.0	23
-136.0	31.5
-135.0	18.5
-134.0	32
-133.0	20
-132.0	20
-131.0	29
-130.0	28.5
-129.0	21
-128.0	31
-127.0	21
-126.0	22
-125.0	23.1429
-124.0	23.5
-123.0	28
-122.0	28
-121.0	27
-120.0	29
-119.0	26
-118.0	20
-117.0	29
-116.0	16
-115.0	31
-114.0	16
-113.0	23
-112.0	30
-111.0	24
-110.0	18
-109.0	20.5
-108.0	27
-107.0	40
-106.0	30.5
-105.0	20
-104.0	28
-103.0	22
-102.0	23
-101.0	18
-100.0	27
 -99.0	20
 -98.0	26
 -97.0	28
 -96.0	28
 -95.0	32.1429
 -94.0	26
 -93.0	27
 -92.0	33
 -91.0	25
 -90.0	19
 -89.0	36
 -88.0	29
 -87.0	28
 -86.0	17
 -85.0	31.5
 -84.0	22
 -83.0	33
 -82.0	31
 -81.0	22
 -80.0	31
 -79.0	26.5
 -78.0	29
 -77.0	26
 -76.0	23
 -75.0	25
 -74.0	37
 -73.0	32
 -72.0	29
 -71.0	36
 -70.0	23
 -69.0	36
 -68.0	26
 -67.0	26
 -66.0	31
 -65.0	21.1429
 -64.0	24.5
 -63.0	30
 -62.0	36
 -61.0	28
 -60.0	33
 -59.0	28
 -58.0	29
 -57.0	32
 -56.0	47
 -55.0	29.5
 -54.0	22.5
 -53.0	34
 -52.0	27
 -51.0	37
 -50.0	26.5
 -49.0	31.5
 -48.0	28
 -47.0	32
 -46.0	29
 -45.0	24
 -44.0	41.5
 -43.0	45.5
 -42.0	25.5
 -41.0	32
 -40.0	43
 -39.0	33
 -38.0	31
 -37.0	35.5
 -36.0	27
 -35.0	42.1429
 -34.0	44
 -33.0	42
 -32.0	38.5
 -31.0	34
 -30.0	42.5
 -29.0	36
 -28.0	31
 -27.0	31
 -26.0	34
 -25.0	39
 -24.0	35
 -23.0	28.5
 -22.0	27
 -21.0	43
 -20.0	34
 -19.0	29
 -18.0	48
 -17.0	48
 -16.0	39.5
 -15.0	34
 -14.0	32
 -13.0	35
 -12.0	41
 -11.0	40
 -10.0	40.5
  -9.0	41
  -8.0	40
  -7.0	29
  -6.0	40
  -5.0	36.25
  -4.0	31
  -3.0	33
  -2.0	40
  -1.0	32
   0.0	56
   1.0	38
   2.0	32
   3.0	41
   4.0	32
   5.0	28.5
   6.0	33
   7.0	42
   8.0	29
   9.0	37
  10.0	47
  11.0	35
  12.0	40.5
  13.0	51
  14.0	35
  15.0	30
  16.0	42
  17.0	42
  18.0	35
  19.0	28
  20.0	40.5
  21.0	42
  22.0	31
  23.0	30
  24.0	26
  25.0	43
  26.0	38.5
  27.0	18
  28.0	27.5
  29.0	41
  30.0	46.5
  31.0	28
  32.0	33
  33.0	26
  34.0	35
  35.0	46
  36.0	33
  37.0	46
  38.0	35.5
  39.0	33
  40.0	45.5
  41.0	44
  42.0	32
  43.0	36
  44.0	32.5
  45.0	24
  46.0	38
  47.0	39.5
  48.0	31
  49.0	41
  50.0	33
  51.0	32
  52.0	37
  53.0	25
  54.0	33
  55.0	31.5
  56.0	47
  57.0	30
  58.0	23
  59.0	45.25
  60.0	35
  61.0	29
  62.0	33
  63.0	25
  64.0	28.5
  65.0	23
  66.0	32
  67.0	26
  68.0	34
  69.0	28
  70.0	29
  71.0	37
  72.0	28
  73.0	31.5
  74.0	27
  75.0	31
  76.0	22
  77.0	33
  78.0	33
  79.0	27
  80.0	35
  81.0	28
  82.0	24
  83.0	30
  84.0	22
  85.0	28
  86.0	32.5
  87.0	33
  88.0	25
  89.0	29
  90.0	22
  91.0	28
  92.0	32.5
  93.0	25
  94.0	37
  95.0	26
  96.0	21
  97.0	31
  98.0	26
  99.0	20
 100.0	29
 101.0	21
 102.0	21
 103.0	36
 104.0	32
 105.0	27
 106.0	20.5
 107.0	24.5
 108.0	29
 109.0	24
 110.0	22
 111.0	29
 112.0	27.5
 113.0	29
 114.0	25.5
 115.0	30
 116.0	24
 117.0	29
 118.0	27
 119.0	23
 120.0	18
 121.0	21
 122.0	29
 123.0	23
 124.0	28
 125.0	32
 126.0	23
 127.0	27
 128.0	28
 129.0	29.8333
 130.0	24
 131.0	26.5
 132.0	20.5
 133.0	20
 134.0	22
 135.0	21
 136.0	17
 137.0	18
 138.0	21
 139.0	22
 140.0	18.5
 141.0	27
 142.0	27
 143.0	22
 144.0	26.5
 145.0	34
 146.0	19
 147.0	13
 148.0	22
 149.0	22
 150.0	24
 151.0	19
 152.0	18
 153.0	22.5
 154.0	28
 155.0	33.3333
 156.0	19
 157.0	24
 158.0	27.5
 159.0	23
 160.0	23
 161.0	21
 162.0	29
 163.0	27
 164.0	26
 165.0	26
 166.0	29
 167.0	34
 168.0	22
 169.0	20
 170.0	26
 171.0	26
 172.0	29
 173.0	31.5
 174.0	30
 175.0	25
 176.0	21
 177.0	18.5
 178.0	18
 179.0	27
 180.0	19
 181.0	22.8333
 182.0	15
 183.0	22
 184.0	22
 185.0	20
 186.0	29.25
 187.0	19
 188.0	17
 189.0	26
 190.0	34
 191.0	15
 192.0	16
 193.0	24
 194.0	13
 195.0	22
 196.0	26
 197.0	17
 198.0	20.5
 199.0	24
 200.0	22.5
 201.0	24
 202.0	28.5
 203.0	28
 204.0	24.5
 205.0	23
 206.0	29
 207.0	28.5
 208.0	21
 209.0	25
 210.0	19
 211.0	23
 212.0	19.5
 213.0	26
 214.0	21
 215.0	17
 216.0	17
 217.0	22
 218.0	24
 219.0	19
 220.0	21
 221.0	30.5
 222.0	13
 223.0	16
 224.0	25.5
 225.0	31
 226.0	18
 227.0	29
 228.0	27
 229.0	29
DB 2 MOTIF	EPAS1_HUMAN.H11MO.0.B
-230.5	32.5
-229.5	29.5
-228.5	30.3333
-227.5	28
-226.5	28
-225.5	22
-224.5	39.6429
-223.5	18
-222.5	33.5
-221.5	24
-220.5	32
-219.5	31.5
-218.5	29.5
-217.5	24
-216.5	36
-215.5	23
-214.5	29
-213.5	30
-212.5	29
-211.5	26
-210.5	39
-209.5	23
-208.5	29
-207.5	37
-206.5	35.6429
-205.5	34.5
-204.5	24.5
-203.5	29.5
-202.5	24
-201.5	30
-200.5	28
-199.5	24.3333
-198.5	23
-197.5	31
-196.5	27
-195.5	33.5
-194.5	26.5
-193.5	22
-192.5	27
-191.5	34
-190.5	36
-189.5	21.5
-188.5	26.6429
-187.5	23.5
-186.5	24.5
-185.5	28
-184.5	21
-183.5	29
-182.5	31
-181.5	26
-180.5	33.5
-179.5	29.5
-178.5	27.5833
-177.5	35.5
-176.5	27.5
-175.5	20
-174.5	40.25
-173.5	22
-172.5	24
-171.5	20
-170.5	26.3929
-169.5	31.5
-168.5	28.5
-167.5	24
-166.5	29.25
-165.5	37.5
-164.5	22.8333
-163.5	23
-162.5	37
-161.5	21
-160.5	18.5
-159.5	26.5
-158.5	23
-157.5	26
-156.5	30
-155.5	28.5
-154.5	30.5
-153.5	29.5
-152.5	17.1429
-151.5	22.5
-150.5	25.5
-149.5	20.5
-148.5	26.5
-147.5	24.5
-146.5	23.5
-145.5	25.5
-144.5	27
-143.5	38.3333
-142.5	23
-141.5	27
-140.5	24
-139.5	32
-138.5	24.8333
-137.5	36.3333
-136.5	32
-135.5	29
-134.5	26.6429
-133.5	19.5
-132.5	30.5
-131.5	24
-130.5	31
-129.5	25
-128.5	33
-127.5	15
-126.5	41
-125.5	28.5
-124.5	23
-123.5	28.5
-122.5	34
-121.5	29
-120.5	34.3333
-119.5	34.3333
-118.5	18
-117.5	25.5
-116.5	28.1429
-115.5	22.5
-114.5	29.5
-113.5	24
-112.5	25.5
-111.5	28.5
-110.5	33.5
-109.5	25
-108.5	27.5
-107.5	37
-106.5	25.5
-105.5	35.5
-104.5	28
-103.5	32
-102.5	30
-101.5	25
-100.5	28.5
 -99.5	27.5
 -98.5	22.5
 -97.5	24
 -96.5	28
 -95.5	27
 -94.5	35.1667
 -93.5	23.5
 -92.5	34.5
 -91.5	18
 -90.5	26
 -89.5	27.5
 -88.5	26.1667
 -87.5	29
 -86.5	24.5
 -85.5	23.5
 -84.5	30
 -83.5	26.5
 -82.5	27.6667
 -81.5	18.5
 -80.5	30
 -79.5	34
 -78.5	30.5
 -77.5	28.5
 -76.5	35.1667
 -75.5	39.5
 -74.5	35
 -73.5	32.5
 -72.5	22
 -71.5	25
 -70.5	27.1667
 -69.5	37.5
 -68.5	27.5
 -67.5	22
 -66.5	26
 -65.5	31.5
 -64.5	18.1667
 -63.5	32.5
 -62.5	24.5
 -61.5	32.5
 -60.5	29
 -59.5	28.5
 -58.5	34
 -57.5	30.5
 -56.5	30
 -55.5	32.5
 -54.5	32
 -53.5	25
 -52.5	34
 -51.5	38.5
 -50.5	22.5
 -49.5	34
 -48.5	38.5
 -47.5	27
 -46.5	30.8333
 -45.5	29
 -44.5	25.5
 -43.5	35
 -42.5	24
 -41.5	30
 -40.5	33
 -39.5	28.5
 -38.5	22.5
 -37.5	49
 -36.5	41.5
 -35.5	31.5
 -34.5	35.5
 -33.5	29
 -32.5	31
 -31.5	36.3333
 -30.5	32.5
 -29.5	37.3333
 -28.5	34.5
 -27.5	27
 -26.5	35
 -25.5	37
 -24.5	32
 -23.5	34
 -22.5	31
 -21.5	32.5
 -20.5	35
 -19.5	25.5
 -18.5	23.3333
 -17.5	23.1667
 -16.5	32.3333
 -15.5	27.5
 -14.5	35
 -13.5	28
 -12.5	35
 -11.5	31.5
 -10.5	30
  -9.5	37.5
  -8.5	30.5
  -7.5	30.5
  -6.5	37.5
  -5.5	22
  -4.5	33.5
  -3.5	34.5
  -2.5	35
  -1.5	29.5
  -0.5	38
   0.5	23.5
   1.5	27
   2.5	28.5
   3.5	39.5
   4.5	24
   5.5	34.5
   6.5	27.5
   7.5	27
   8.5	33
   9.5	37.5
  10.5	44.5
  11.5	43.5
  12.5	30.5
  13.5	16
  14.5	33.5
  15.5	28
  16.5	35
  17.5	34
  18.5	24
  19.5	34.5
  20.5	39
  21.5	27.5
  22.5	30
  23.5	28.75
  24.5	25.0833
  25.5	28.5
  26.5	29.3333
  27.5	36.5
  28.5	43.3333
  29.5	35
  30.5	29.5
  31.5	25.25
  32.5	38.3333
  33.5	25.5
  34.5	29.8333
  35.5	22.75
  36.5	36.5
  37.5	29
  38.5	33
  39.5	18.25
  40.5	26.5
  41.5	28
  42.5	36.5
  43.5	21.25
  44.5	36
  45.5	33
  46.5	26.5
  47.5	20.5
  48.5	27
  49.5	26.5
  50.5	26.5
  51.5	29
  52.5	37
  53.5	25.5
  54.5	29.5
  55.5	25.5
  56.5	37.5
  57.5	27
  58.5	27
  59.5	28
  60.5	29
  61.5	23.5
  62.5	30
  63.5	36.3333
  64.5	21
  65.5	28.8333
  66.5	32.5
  67.5	29
  68.5	21.75
  69.5	34.25
  70.5	33
  71.5	29
  72.5	35.5
  73.5	22.5
  74.5	29
  75.5	33
  76.5	28.5
  77.5	31
  78.5	47.8333
  79.5	25.3333
  80.5	28.5
  81.5	27
  82.5	31
  83.5	45.5
  84.5	37
  85.5	20
  86.5	29
  87.5	21
  88.5	29.5
  89.5	26
  90.5	28.5
  91.5	29
  92.5	32
  93.5	35
  94.5	33
  95.5	35
  96.5	28
  97.5	32.5
  98.5	29.5
  99.5	34.5
 100.5	23.3333
 101.5	36
 102.5	30
 103.5	32
 104.5	27.5
 105.5	29.5
 106.5	35
 107.5	31
 108.5	34.5
 109.5	26.5
 110.5	31
 111.5	27
 112.5	32
 113.5	32
 114.5	29
 115.5	32
 116.5	33
 117.5	28
 118.5	36.5
 119.5	28
 120.5	20
 121.5	18.5
 122.5	20.5
 123.5	29
 124.5	38
 125.5	28
 126.5	26.5
 127.5	27.5
 128.5	37.3333
 129.5	29
 130.5	22
 131.5	27
 132.5	22.5
 133.5	27.5
 134.5	34
 135.5	26.5
 136.5	22.5
 137.5	40.3333
 138.5	23
 139.5	32.5
 140.5	26.5
 141.5	24.5
 142.5	30.5
 143.5	27.5
 144.5	29
 145.5	35
 146.5	29
 147.5	26
 148.5	28.5
 149.5	27
 150.5	33
 151.5	23.5
 152.5	28.5
 153.5	24
 154.5	33.5
 155.5	26
 156.5	25.5
 157.5	28
 158.5	30.5
 159.5	19
 160.5	26
 161.5	25
 162.5	33
 163.5	23.5
 164.5	28
 165.5	30
 166.5	26
 167.5	30.5
 168.5	25.5
 169.5	29
 170.5	26
 171.5	24
 172.5	25
 173.5	30
 174.5	23
 175.5	27
 176.5	28.5
 177.5	36.5
 178.5	36.8333
 179.5	34
 180.5	30
 181.5	35
 182.5	31.5
 183.5	31
 184.5	27.5
 185.5	26.5
 186.5	26
 187.5	22.5
 188.5	30
 189.5	20
 190.5	18.5
 191.5	25
 192.5	26
 193.5	22
 194.5	23.3333
 195.5	33
 196.5	21
 197.5	23.3333
 198.5	32
 199.5	34.5
 200.5	24.5
 201.5	26
 202.5	29.5
 203.5	38.5
 204.5	25
 205.5	29.5
 206.5	19.5
 207.5	26
 208.5	37.5
 209.5	28
 210.5	25
 211.5	27
 212.5	36.3333
 213.5	31
 214.5	29.5
 215.5	32
 216.5	25
 217.5	29
 218.5	20.5
 219.5	25.5
 220.5	24
 221.5	18
 222.5	34
 223.5	24
 224.5	30
 225.5	25.5
 226.5	22.5
 227.5	25.3333
 228.5	20
 229.5	36.5
 230.5	30.5
DB 2 MOTIF	ERG_HUMAN.H11MO.0.A
-228.5	33
-227.5	36
-226.5	32.5
-225.5	47
-224.5	32.5
-223.5	33.5
-222.5	43
-221.5	39
-220.5	40
-219.5	38.8333
-218.5	32.5
-217.5	29
-216.5	35.5
-215.5	38
-214.5	37
-213.5	27
-212.5	38
-211.5	39
-210.5	40
-209.5	33
-208.5	39
-207.5	36
-206.5	30
-205.5	41.5
-204.5	32
-203.5	30.5
-202.5	31
-201.5	28
-200.5	33
-199.5	29.5
-198.5	32
-197.5	38
-196.5	41.5
-195.5	26
-194.5	31.5
-193.5	30.3333
-192.5	30
-191.5	40
-190.5	34
-189.5	29
-188.5	36
-187.5	34
-186.5	26.25
-185.5	40
-184.5	37.5
-183.5	38.3333
-182.5	38.25
-181.5	29.5
-180.5	28
-179.5	37.5
-178.5	30.25
-177.5	30
-176.5	19
-175.5	23
-174.5	35.25
-173.5	33.5
-172.5	34
-171.5	32.5
-170.5	32
-169.5	39
-168.5	42
-167.5	34
-166.5	26
-165.5	32
-164.5	38
-163.5	31.5
-162.5	28
-161.5	42.5
-160.5	28.5
-159.5	36
-158.5	27
-157.5	30
-156.5	48
-155.5	36
-154.5	36
-153.5	33
-152.5	36.5
-151.5	30
-150.5	40
-149.5	37
-148.5	33.5
-147.5	33.5
-146.5	41
-145.5	35
-144.5	46.5
-143.5	26.5
-142.5	32
-141.5	29
-140.5	29
-139.5	39.5
-138.5	36
-137.5	31
-136.5	31.5
-135.5	36
-134.5	28
-133.5	30.5
-132.5	35
-131.5	41
-130.5	30
-129.5	33
-128.5	34
-127.5	43
-126.5	31
-125.5	40
-124.5	25.5
-123.5	41.5
-122.5	30
-121.5	37
-120.5	39
-119.5	30
-118.5	34.5
-117.5	43.5
-116.5	32
-115.5	27
-114.5	35
-113.5	32
-112.5	23
-111.5	36
-110.5	29
-109.5	31.5
-108.5	25
-107.5	39
-106.5	41.5
-105.5	35
-104.5	34
-103.5	41
-102.5	22
-101.5	30
-100.5	24
 -99.5	29
 -98.5	39
 -97.5	35
 -96.5	29
 -95.5	39
 -94.5	35
 -93.5	52
 -92.5	32.5
 -91.5	31
 -90.5	28
 -89.5	46.5
 -88.5	39
 -87.5	35
 -86.5	35
 -85.5	31
 -84.5	31
 -83.5	32
 -82.5	48
 -81.5	44.5
 -80.5	26
 -79.5	37
 -78.5	40
 -77.5	32
 -76.5	31
 -75.5	27
 -74.5	34
 -73.5	32
 -72.5	37
 -71.5	36
 -70.5	35
 -69.5	39
 -68.5	33
 -67.5	37
 -66.5	41
 -65.5	31
 -64.5	33
 -63.5	39
 -62.5	41
 -61.5	37
 -60.5	49
 -59.5	32.5
 -58.5	24
 -57.5	36
 -56.5	42.5
 -55.5	41
 -54.5	29.5
 -53.5	32
 -52.5	43
 -51.5	39
 -50.5	38
 -49.5	26.5
 -48.5	30
 -47.5	34.5
 -46.5	44
 -45.5	34
 -44.5	35
 -43.5	42.5
 -42.5	39.5
 -41.5	29
 -40.5	41.5
 -39.5	46.5
 -38.5	33
 -37.5	44
 -36.5	29
 -35.5	35
 -34.5	40
 -33.5	57.5
 -32.5	30
 -31.5	34
 -30.5	49
 -29.5	37
 -28.5	39
 -27.5	37
 -26.5	40
 -25.5	35
 -24.5	40
 -23.5	34
 -22.5	32
 -21.5	40
 -20.5	41
 -19.5	27
 -18.5	45
 -17.5	36
 -16.5	44
 -15.5	32
 -14.5	33
 -13.5	39
 -12.5	28
 -11.5	35
 -10.5	37
  -9.5	29
  -8.5	32
  -7.5	33
  -6.5	43
  -5.5	29
  -4.5	37.5
  -3.5	35
  -2.5	42
  -1.5	41
  -0.5	47
   0.5	46
   1.5	34
   2.5	30
   3.5	32
   4.5	29
   5.5	39
   6.5	52
   7.5	47
   8.5	32
   9.5	59
  10.5	38
  11.5	41.5
  12.5	33
  13.5	33
  14.5	34.5
  15.5	27
  16.5	35
  17.5	43
  18.5	34
  19.5	45
  20.5	42
  21.5	24
  22.5	33.5
  23.5	31
  24.5	31
  25.5	40
  26.5	25
  27.5	42
  28.5	38
  29.5	38
  30.5	43
  31.5	29
  32.5	30.5
  33.5	37
  34.5	39
  35.5	36
  36.5	41.5
  37.5	36
  38.5	40
  39.5	33.5
  40.5	36
  41.5	39
  42.5	39
  43.5	36
  44.5	50.5
  45.5	41
  46.5	34
  47.5	43.5
  48.5	31
  49.5	35
  50.5	46
  51.5	45
  52.5	45
  53.5	32.5
  54.5	33
  55.5	48
  56.5	37
  57.5	34
  58.5	28
  59.5	35
  60.5	41
  61.5	35
  62.5	30
  63.5	21
  64.5	34
  65.5	41
  66.5	44
  67.5	44
  68.5	33
  69.5	32
  70.5	41
  71.5	36.5
  72.5	43
  73.5	38
  74.5	36
  75.5	35
  76.5	21
  77.5	26
  78.5	33
  79.5	31
  80.5	26.5
  81.5	24
  82.5	24
  83.5	28
  84.5	31
  85.5	26
  86.5	40
  87.5	31
  88.5	32
  89.5	33
  90.5	51
  91.5	34
  92.5	30.5
  93.5	27
  94.5	32
  95.5	24
  96.5	35
  97.5	37
  98.5	31
  99.5	32
 100.5	31
 101.5	36.5
 102.5	36
 103.5	31
 104.5	38
 105.5	28.5
 106.5	18
 107.5	32.5
 108.5	37
 109.5	37
 110.5	27
 111.5	36
 112.5	45
 113.5	26
 114.5	39
 115.5	33
 116.5	24.5
 117.5	33
 118.5	32
 119.5	38
 120.5	28.5
 121.5	29
 122.5	29
 123.5	32
 124.5	42
 125.5	49
 126.5	32
 127.5	33
 128.5	32.3333
 129.5	26.5
 130.5	41.5
 131.5	40.5
 132.5	28
 133.5	32
 134.5	34.5
 135.5	33
 136.5	35
 137.5	36
 138.5	32
 139.5	37
 140.5	33
 141.5	43
 142.5	34
 143.5	44
 144.5	29.5
 145.5	27
 146.5	35.5
 147.5	27
 148.5	25
 149.5	36
 150.5	35
 151.5	24
 152.5	36.5
 153.5	30.5
 154.5	47.3333
 155.5	37
 156.5	30
 157.5	30
 158.5	28.5
 159.5	37
 160.5	25.5
 161.5	25.3333
 162.5	36
 163.5	38
 164.5	25.3333
 165.5	39
 166.5	31.5
 167.5	43.8333
 168.5	42.5
 169.5	35
 170.5	32
 171.5	33.5
 172.5	48.5
 173.5	34
 174.5	39
 175.5	32
 176.5	33.5
 177.5	36
 178.5	24
 179.5	28.5
 180.5	31.3333
 181.5	40
 182.5	33
 183.5	48
 184.5	25
 185.5	43
 186.5	34
 187.5	29.5
 188.5	25
 189.5	40.5
 190.5	34
 191.5	33.5
 192.5	26.5
 193.5	34
 194.5	20.5
 195.5	38
 196.5	33.5
 197.5	33.5
 198.5	50
 199.5	28
 200.5	32.5
 201.5	34
 202.5	26
 203.5	39.5
 204.5	29
 205.5	32.125
 206.5	35.5
 207.5	38
 208.5	43.625
 209.5	41
 210.5	41.5
 211.5	36.125
 212.5	39
 213.5	42.5
 214.5	32.125
 215.5	35
 216.5	25
 217.5	23.625
 218.5	30
 219.5	41
 220.5	36.625
 221.5	37.5
 222.5	36
 223.5	25.125
 224.5	42
 225.5	27.5
 226.5	29.125
 227.5	43
 228.5	32
DB 2 MOTIF	ETS1_HUMAN.H11MO.0.A
-228.5	26
-227.5	30.5
-226.5	24
-225.5	34
-224.5	36
-223.5	30
-222.5	33
-221.5	34.5
-220.5	30.5
-219.5	38
-218.5	30
-217.5	30
-216.5	35
-215.5	33
-214.5	32
-213.5	33
-212.5	35
-211.5	45
-210.5	34
-209.5	32.5
-208.5	33.5
-207.5	38
-206.5	34
-205.5	26
-204.5	34
-203.5	32
-202.5	24
-201.5	30.5
-200.5	29
-199.5	37
-198.5	30
-197.5	37
-196.5	31.25
-195.5	26
-194.5	36
-193.5	26
-192.5	24
-191.5	39.5
-190.5	36
-189.5	26
-188.5	39
-187.5	24
-186.5	27
-185.5	35
-184.5	32
-183.5	38.5
-182.5	29
-181.5	27
-180.5	19
-179.5	33
-178.5	33.5
-177.5	28
-176.5	21
-175.5	25
-174.5	32
-173.5	27
-172.5	34
-171.5	24.5
-170.5	33
-169.5	34
-168.5	42
-167.5	28.5
-166.5	32
-165.5	29
-164.5	34.5
-163.5	33
-162.5	26
-161.5	35
-160.5	26
-159.5	30
-158.5	24
-157.5	27
-156.5	44
-155.5	36
-154.5	33.5
-153.5	30
-152.5	26
-151.5	26
-150.5	39
-149.5	22
-148.5	33
-147.5	23
-146.5	34.5
-145.5	35
-144.5	40
-143.5	23.5
-142.5	28
-141.5	24
-140.5	28
-139.5	36
-138.5	30
-137.5	29
-136.5	32
-135.5	29
-134.5	28.5
-133.5	38
-132.5	34
-131.5	27
-130.5	24
-129.5	31
-128.5	28
-127.5	36
-126.5	30
-125.5	39
-124.5	22.5
-123.5	27
-122.5	32
-121.5	35
-120.5	39
-119.5	36
-118.5	36
-117.5	36
-116.5	24
-115.5	29.5
-114.5	32
-113.5	29
-112.5	24
-111.5	33
-110.5	25
-109.5	32
-108.5	28
-107.5	38
-106.5	30.5
-105.5	27
-104.5	29
-103.5	34
-102.5	24
-101.5	29
-100.5	24.5
 -99.5	26
 -98.5	25
 -97.5	29
 -96.5	23.5
 -95.5	34
 -94.5	32
 -93.5	39.5
 -92.5	25
 -91.5	29
 -90.5	28
 -89.5	36
 -88.5	31
 -87.5	29
 -86.5	27
 -85.5	29
 -84.5	38.5
 -83.5	23
 -82.5	37
 -81.5	30
 -80.5	22.5
 -79.5	40
 -78.5	38
 -77.5	27
 -76.5	25
 -75.5	23
 -74.5	37
 -73.5	31
 -72.5	35
 -71.5	30.5
 -70.5	36
 -69.5	27
 -68.5	27
 -67.5	38
 -66.5	43
 -65.5	29.5
 -64.5	34
 -63.5	32
 -62.5	40
 -61.5	35
 -60.5	44
 -59.5	35
 -58.5	23
 -57.5	37
 -56.5	51
 -55.5	44
 -54.5	29.5
 -53.5	29
 -52.5	33
 -51.5	39
 -50.5	34.5
 -49.5	32.5
 -48.5	30
 -47.5	32
 -46.5	37.5
 -45.5	29
 -44.5	37
 -43.5	40
 -42.5	41
 -41.5	41
 -40.5	44
 -39.5	53.5
 -38.5	29
 -37.5	33.5
 -36.5	29
 -35.5	39
 -34.5	46
 -33.5	58
 -32.5	34
 -31.5	43
 -30.5	53.5
 -29.5	45
 -28.5	41
 -27.5	41
 -26.5	39
 -25.5	34
 -24.5	36
 -23.5	32.5
 -22.5	32
 -21.5	39
 -20.5	39
 -19.5	36
 -18.5	46
 -17.5	46
 -16.5	48
 -15.5	40
 -14.5	38
 -13.5	40
 -12.5	30
 -11.5	47
 -10.5	36
  -9.5	32
  -8.5	31
  -7.5	37
  -6.5	39
  -5.5	31.25
  -4.5	39
  -3.5	37
  -2.5	44
  -1.5	37.5
  -0.5	50
   0.5	46
   1.5	32
   2.5	32
   3.5	29
   4.5	26
   5.5	34.5
   6.5	41.5
   7.5	44
   8.5	28
   9.5	53
  10.5	45.5
  11.5	32.5
  12.5	32
  13.5	30
  14.5	35
  15.5	26
  16.5	40
  17.5	47
  18.5	37
  19.5	37.5
  20.5	49
  21.5	39
  22.5	33
  23.5	35
  24.5	33
  25.5	37
  26.5	28
  27.5	31.5
  28.5	40
  29.5	43.5
  30.5	43
  31.5	33
  32.5	31
  33.5	36
  34.5	47
  35.5	43
  36.5	38.5
  37.5	29.5
  38.5	43.5
  39.5	37.5
  40.5	37
  41.5	39
  42.5	30.5
  43.5	40
  44.5	47
  45.5	39
  46.5	39.5
  47.5	43
  48.5	38.5
  49.5	35
  50.5	35
  51.5	41
  52.5	39
  53.5	36
  54.5	35
  55.5	42
  56.5	33
  57.5	33
  58.5	28.25
  59.5	31
  60.5	37
  61.5	38
  62.5	36
  63.5	20.5
  64.5	27
  65.5	38
  66.5	35
  67.5	43
  68.5	31
  69.5	23
  70.5	31
  71.5	32
  72.5	34
  73.5	36.5
  74.5	32
  75.5	34
  76.5	24
  77.5	32
  78.5	30
  79.5	29
  80.5	27
  81.5	27
  82.5	32
  83.5	25
  84.5	25
  85.5	27
  86.5	35
  87.5	32
  88.5	37
  89.5	35
  90.5	34
  91.5	31
  92.5	28.5
  93.5	22
  94.5	31
  95.5	23
  96.5	35
  97.5	31
  98.5	28
  99.5	30
 100.5	33
 101.5	30
 102.5	35
 103.5	31
 104.5	40
 105.5	23
 106.5	23
 107.5	15.5
 108.5	25
 109.5	28
 110.5	32
 111.5	31
 112.5	44
 113.5	22
 114.5	31
 115.5	27
 116.5	26
 117.5	33
 118.5	26
 119.5	28
 120.5	27
 121.5	28
 122.5	29
 123.5	28
 124.5	47
 125.5	47
 126.5	35
 127.5	25
 128.5	29.3333
 129.5	25.5
 130.5	29.5
 131.5	33
 132.5	29.5
 133.5	29
 134.5	32
 135.5	29
 136.5	30
 137.5	36
 138.5	19
 139.5	25
 140.5	32.5
 141.5	30
 142.5	35
 143.5	40
 144.5	33
 145.5	21
 146.5	29
 147.5	24
 148.5	23
 149.5	29
 150.5	34
 151.5	21
 152.5	25.5
 153.5	27.5
 154.5	39.3333
 155.5	38
 156.5	27
 157.5	29
 158.5	26
 159.5	36
 160.5	32
 161.5	29
 162.5	33
 163.5	36
 164.5	23.5
 165.5	38
 166.5	35
 167.5	35
 168.5	36
 169.5	28
 170.5	32
 171.5	27
 172.5	42
 173.5	27
 174.5	33
 175.5	31
 176.5	27
 177.5	28
 178.5	25
 179.5	25
 180.5	32.3333
 181.5	35
 182.5	26
 183.5	41
 184.5	21
 185.5	39.75
 186.5	30
 187.5	21.5
 188.5	18
 189.5	31
 190.5	28
 191.5	34.5
 192.5	25
 193.5	33.5
 194.5	25
 195.5	25
 196.5	25
 197.5	31
 198.5	42
 199.5	26
 200.5	28.5
 201.5	32
 202.5	24
 203.5	41.5
 204.5	18
 205.5	31
 206.5	33
 207.5	27
 208.5	39
 209.5	36
 210.5	38
 211.5	40
 212.5	24.5
 213.5	38
 214.5	23
 215.5	28
 216.5	30
 217.5	23
 218.5	26
 219.5	31
 220.5	30
 221.5	32
 222.5	25.5
 223.5	26
 224.5	37
 225.5	28
 226.5	25
 227.5	36
 228.5	32
DB 2 MOTIF	ETV1_HUMAN.H11MO.0.A
-229.5	27
-228.5	29
-227.5	27
-226.5	23
-225.5	31.5
-224.5	27
-223.5	30.5
-222.5	30
-221.5	36.625
-220.5	30
-219.5	35
-218.5	36
-217.5	24
-216.5	25
-215.5	29
-214.5	36.6429
-213.5	31.25
-212.5	33
-211.5	38
-210.5	30
-209.5	19
-208.5	31
-207.5	30.5
-206.5	29
-205.5	31
-204.5	27
-203.5	32.5
-202.5	31.125
-201.5	31.5
-200.5	25
-199.5	26.5
-198.5	26
-197.5	30
-196.5	34.25
-195.5	14
-194.5	35
-193.5	22
-192.5	24
-191.5	37
-190.5	31
-189.5	28
-188.5	24.25
-187.5	21
-186.5	23
-185.5	19
-184.5	30.1429
-183.5	37.125
-182.5	30
-181.5	24.5
-180.5	25
-179.5	36
-178.5	30.5
-177.5	29.5
-176.5	23.5
-175.5	26
-174.5	31
-173.5	33.5
-172.5	27.5
-171.5	23
-170.5	23
-169.5	36
-168.5	27
-167.5	32
-166.5	23
-165.5	30.5
-164.5	27.125
-163.5	22.25
-162.5	28
-161.5	28.5
-160.5	26
-159.5	41
-158.5	21
-157.5	28.5
-156.5	42.5
-155.5	27
-154.5	28.1429
-153.5	22
-152.5	26
-151.5	20.5
-150.5	25
-149.5	18
-148.5	29
-147.5	24
-146.5	36
-145.5	26.125
-144.5	35
-143.5	19.5
-142.5	28
-141.5	24
-140.5	35
-139.5	31
-138.5	30.75
-137.5	19
-136.5	34
-135.5	21
-134.5	24.5
-133.5	31.3333
-132.5	22.5
-131.5	25.5
-130.5	25
-129.5	29.3333
-128.5	32
-127.5	41
-126.5	19.125
-125.5	37.3333
-124.5	23.1429
-123.5	30
-122.5	34
-121.5	28
-120.5	33
-119.5	29
-118.5	29
-117.5	33
-116.5	34
-115.5	29.5
-114.5	27
-113.5	23.5
-112.5	26
-111.5	30
-110.5	23
-109.5	20.5
-108.5	25
-107.5	34.125
-106.5	43.5
-105.5	31
-104.5	26
-103.5	32
-102.5	24
-101.5	25
-100.5	24
 -99.5	25
 -98.5	28
 -97.5	26
 -96.5	27
 -95.5	42
 -94.5	27.1429
 -93.5	28
 -92.5	29
 -91.5	36
 -90.5	30
 -89.5	31
 -88.5	36.125
 -87.5	32
 -86.5	28
 -85.5	35
 -84.5	32
 -83.5	27
 -82.5	33
 -81.5	26
 -80.5	27
 -79.5	36
 -78.5	34
 -77.5	31
 -76.5	26
 -75.5	27
 -74.5	37
 -73.5	30.5
 -72.5	30
 -71.5	35
 -70.5	45
 -69.5	36
 -68.5	32
 -67.5	36
 -66.5	30
 -65.5	27
 -64.5	32.1429
 -63.5	26
 -62.5	42
 -61.5	35
 -60.5	40
 -59.5	30
 -58.5	19
 -57.5	31
 -56.5	44
 -55.5	42
 -54.5	29.5
 -53.5	34
 -52.5	34
 -51.5	40
 -50.5	30
 -49.5	31.5
 -48.5	28
 -47.5	35.5
 -46.5	34
 -45.5	28
 -44.5	36
 -43.5	37
 -42.5	45
 -41.5	34
 -40.5	38
 -39.5	40.5
 -38.5	21
 -37.5	44
 -36.5	36
 -35.5	31
 -34.5	44.1429
 -33.5	54
 -32.5	45
 -31.5	42
 -30.5	49.5
 -29.5	47
 -28.5	37
 -27.5	38
 -26.5	29
 -25.5	36
 -24.5	45
 -23.5	35
 -22.5	35.5
 -21.5	46
 -20.5	38
 -19.5	36.5
 -18.5	45.5
 -17.5	48
 -16.5	47
 -15.5	40
 -14.5	30
 -13.5	45
 -12.5	33
 -11.5	42
 -10.5	35.5
  -9.5	40
  -8.5	35.5
  -7.5	34
  -6.5	37
  -5.5	38.25
  -4.5	36
  -3.5	32
  -2.5	39
  -1.5	36
  -0.5	51
   0.5	46
   1.5	40
   2.5	38
   3.5	29
   4.5	26
   5.5	31.5
   6.5	40
   7.5	40
   8.5	30
   9.5	42
  10.5	41
  11.5	42.5
  12.5	38
  13.5	46
  14.5	34
  15.5	30
  16.5	48
  17.5	46
  18.5	31
  19.5	40
  20.5	41
  21.5	35.5
  22.5	33
  23.5	37.5
  24.5	36
  25.5	35.5
  26.5	31
  27.5	29
  28.5	36
  29.5	37
  30.5	40.5
  31.5	30
  32.5	34.5
  33.5	36
  34.5	43
  35.5	33.5
  36.5	35
  37.5	31.5
  38.5	42
  39.5	37.5
  40.5	41
  41.5	40
  42.5	34
  43.5	33.5
  44.5	39
  45.5	35
  46.5	40
  47.5	30.5
  48.5	39
  49.5	36.5
  50.5	39
  51.5	35
  52.5	31
  53.5	32
  54.5	32.5
  55.5	44
  56.5	34.5
  57.5	39
  58.5	35.25
  59.5	35
  60.5	37
  61.5	28
  62.5	32
  63.5	26
  64.5	35
  65.5	36.5
  66.5	26
  67.5	29
  68.5	35
  69.5	25
  70.5	33
  71.5	29
  72.5	34
  73.5	36
  74.5	38
  75.5	33.5
  76.5	28
  77.5	31.5
  78.5	30
  79.5	26
  80.5	29
  81.5	26.5
  82.5	32
  83.5	31
  84.5	30.5
  85.5	25
  86.5	38
  87.5	35
  88.5	25
  89.5	28
  90.5	34
  91.5	32
  92.5	28.5
  93.5	33
  94.5	34.5
  95.5	15
  96.5	29
  97.5	36
  98.5	21.5
  99.5	25
 100.5	24
 101.5	25
 102.5	34
 103.5	33
 104.5	36.5
 105.5	29
 106.5	18.5
 107.5	24
 108.5	28
 109.5	25.5
 110.5	24.5
 111.5	31
 112.5	39
 113.5	22
 114.5	34
 115.5	34
 116.5	35
 117.5	26
 118.5	23
 119.5	21
 120.5	19
 121.5	21
 122.5	18.5
 123.5	35
 124.5	30
 125.5	35.5
 126.5	27
 127.5	25
 128.5	32.3333
 129.5	24
 130.5	24
 131.5	36
 132.5	23
 133.5	26
 134.5	23.5
 135.5	24
 136.5	24
 137.5	25
 138.5	21.5
 139.5	25
 140.5	34
 141.5	29
 142.5	27
 143.5	31
 144.5	29
 145.5	21.5
 146.5	20
 147.5	16
 148.5	26
 149.5	25.5
 150.5	30
 151.5	26
 152.5	20.5
 153.5	30
 154.5	33.3333
 155.5	28
 156.5	23
 157.5	32
 158.5	29
 159.5	30
 160.5	26
 161.5	25
 162.5	41
 163.5	28
 164.5	15
 165.5	28
 166.5	36.5
 167.5	29
 168.5	37.5
 169.5	23
 170.5	36
 171.5	26
 172.5	37.5
 173.5	28
 174.5	33
 175.5	20
 176.5	24
 177.5	28.5
 178.5	23
 179.5	30
 180.5	21.3333
 181.5	35
 182.5	16
 183.5	35
 184.5	26
 185.5	35.25
 186.5	23
 187.5	19.5
 188.5	25
 189.5	28
 190.5	29
 191.5	23.5
 192.5	20.5
 193.5	26
 194.5	17
 195.5	24
 196.5	29
 197.5	23
 198.5	37
 199.5	19
 200.5	20.5
 201.5	33
 202.5	29
 203.5	29.5
 204.5	21
 205.5	30.5
 206.5	22
 207.5	25.5
 208.5	29
 209.5	27
 210.5	23
 211.5	24
 212.5	29
 213.5	29.5
 214.5	23
 215.5	23
 216.5	24
 217.5	26
 218.5	22
 219.5	24
 220.5	30.5
 221.5	27
 222.5	17
 223.5	23
 224.5	32
 225.5	26
 226.5	28
 227.5	37
 228.5	25
 229.5	26
DB 2 MOTIF	ETV2_HUMAN.H11MO.0.B
-227.0	33
-226.0	20
-225.0	30.3333
-224.0	27
-223.0	22
-222.0	37
-221.0	21.5
-220.0	31
-219.0	26
-218.0	20
-217.0	27
-216.0	29
-215.0	23
-214.0	27
-213.0	27
-212.0	32
-211.0	29
-210.0	20
-209.0	20
-208.0	30
-207.0	30
-206.0	25
-205.0	23
-204.0	26.3333
-203.0	24
-202.0	19
-201.0	21
-200.0	24.5
-199.0	22
-198.0	32
-197.0	34
-196.0	29
-195.0	23
-194.0	24
-193.0	22
-192.0	29
-191.0	24
-190.0	24
-189.0	21
-188.0	28
-187.0	14
-186.0	28
-185.0	27
-184.0	29
-183.0	29.3333
-182.0	18
-181.0	24
-180.0	24.5
-179.0	28.2
-178.0	19
-177.0	30
-176.0	22
-175.0	31
-174.0	30
-173.0	29
-172.0	29
-171.0	20
-170.0	24
-169.0	29.2
-168.0	27
-167.0	25.5
-166.0	31.5
-165.0	27
-164.0	24
-163.0	27
-162.0	24
-161.0	26.5
-160.0	31.5
-159.0	26
-158.0	18
-157.0	19
-156.0	25
-155.0	31
-154.0	25
-153.0	25.5
-152.0	20
-151.0	35
-150.0	28
-149.0	28
-148.0	25
-147.0	31
-146.0	24
-145.0	31
-144.0	28
-143.0	26
-142.0	27
-141.0	17
-140.0	30
-139.0	25
-138.0	28.7
-137.0	23
-136.0	24
-135.0	28
-134.0	19
-133.0	24
-132.0	30
-131.0	21
-130.0	22
-129.0	21.5
-128.0	30
-127.0	27
-126.0	27
-125.0	22.5
-124.0	24
-123.0	27
-122.0	24
-121.0	28
-120.0	25
-119.0	28
-118.0	23
-117.0	24
-116.0	29
-115.0	16
-114.0	28
-113.0	24
-112.0	23
-111.0	23
-110.0	26
-109.0	21
-108.0	31
-107.0	26
-106.0	37
-105.0	14
-104.0	26
-103.0	30
-102.0	23
-101.0	34
-100.0	21
 -99.0	27.5
 -98.0	21
 -97.0	21
 -96.0	29.2
 -95.0	31
 -94.0	37.5
 -93.0	25.5
 -92.0	24
 -91.0	27.5
 -90.0	26.5
 -89.0	26
 -88.0	24
 -87.0	20
 -86.0	29
 -85.0	25
 -84.0	26
 -83.0	35
 -82.0	25.5
 -81.0	23
 -80.0	21.5
 -79.0	26
 -78.0	28
 -77.0	26
 -76.0	22.2
 -75.0	26
 -74.0	23
 -73.0	35
 -72.0	22.5
 -71.0	30
 -70.0	31
 -69.0	26
 -68.0	27
 -67.0	28
 -66.0	27
 -65.0	25
 -64.0	33
 -63.0	21
 -62.0	24
 -61.0	32
 -60.0	27
 -59.0	24
 -58.0	14
 -57.0	32
 -56.0	33
 -55.0	28.5
 -54.0	27
 -53.0	27
 -52.0	36
 -51.0	22.5
 -50.0	25
 -49.0	24
 -48.0	24
 -47.0	30
 -46.0	22
 -45.0	36
 -44.0	37
 -43.0	28
 -42.0	33
 -41.0	34
 -40.0	27.5
 -39.0	26
 -38.0	35
 -37.0	22
 -36.0	19
 -35.0	31
 -34.0	41
 -33.0	40
 -32.0	27
 -31.0	27
 -30.0	29
 -29.0	23
 -28.0	32
 -27.0	38.5
 -26.0	19
 -25.0	28
 -24.0	21
 -23.0	25
 -22.0	29
 -21.0	31
 -20.0	20
 -19.0	29
 -18.0	32
 -17.0	35
 -16.0	36
 -15.0	16
 -14.0	42
 -13.0	26
 -12.0	28
 -11.0	39
 -10.0	26
  -9.0	26
  -8.0	23
  -7.0	29
  -6.0	34
  -5.0	23
  -4.0	32
  -3.0	27.5
  -2.0	24
  -1.0	35
   0.0	33
   1.0	32
   2.0	26
   3.0	20
   4.0	22
   5.0	29
   6.0	31.5
   7.0	31
   8.0	43
   9.0	27
  10.0	45
  11.0	28
  12.0	36
  13.0	23
  14.0	22
  15.0	30.5
  16.0	25.5
  17.0	26
  18.0	24
  19.0	27
  20.0	33
  21.0	25
  22.0	22
  23.0	27
  24.0	27
  25.0	32
  26.0	24
  27.0	24
  28.0	33.5
  29.0	23
  30.0	31
  31.0	27.5
  32.0	25
  33.0	25
  34.0	31
  35.0	26
  36.0	30
  37.0	21
  38.0	33
  39.0	29.5
  40.0	27
  41.0	30
  42.0	34
  43.0	27
  44.0	34
  45.0	37
  46.0	26
  47.0	25
  48.0	36
  49.0	33
  50.0	26
  51.0	35
  52.0	27
  53.0	28
  54.0	22
  55.0	37
  56.0	31
  57.0	27
  58.0	29.5
  59.0	24.5
  60.0	33
  61.0	30
  62.0	24
  63.0	29
  64.0	21
  65.0	32
  66.0	26
  67.0	34
  68.0	29
  69.0	20
  70.0	23
  71.0	23
  72.0	27.5
  73.0	31
  74.0	36
  75.0	16
  76.0	34
  77.0	18
  78.0	26
  79.0	23.5
  80.0	31
  81.0	24
  82.0	28
  83.0	21
  84.0	25
  85.0	21
  86.0	29
  87.0	31
  88.0	33
  89.0	21
  90.0	30
  91.0	28
  92.0	19
  93.0	26
  94.0	24
  95.0	20
  96.0	23
  97.0	24
  98.0	29
  99.0	25
 100.0	16
 101.0	20
 102.0	28.5
 103.0	25
 104.0	16
 105.0	32
 106.0	17
 107.0	15
 108.0	29
 109.0	14.5
 110.0	22
 111.0	19
 112.0	33
 113.0	28
 114.0	21
 115.0	30.5
 116.0	27
 117.0	23
 118.0	23
 119.0	24
 120.0	21
 121.0	27.5
 122.0	23
 123.0	29
 124.0	34
 125.0	31
 126.0	37
 127.0	18
 128.0	28
 129.0	31
 130.0	28.5
 131.0	24.5
 132.0	31
 133.0	20.5
 134.0	19
 135.0	25
 136.0	31
 137.0	27
 138.0	17
 139.0	17
 140.0	26
 141.0	24
 142.0	40
 143.0	29
 144.0	35
 145.0	15
 146.0	22
 147.0	29
 148.0	30
 149.0	17
 150.0	22
 151.0	26
 152.0	21
 153.0	31
 154.0	26.5
 155.0	30
 156.0	26
 157.0	22
 158.0	19
 159.0	25.5
 160.0	21
 161.0	20.5
 162.0	23
 163.0	28
 164.0	23.5
 165.0	23
 166.0	36
 167.0	25
 168.0	33
 169.0	22
 170.0	31
 171.0	25
 172.0	32
 173.0	25
 174.0	30
 175.0	25
 176.0	24
 177.0	23
 178.0	30
 179.0	20
 180.0	23
 181.0	25.5
 182.0	26.5
 183.0	30
 184.0	20
 185.0	28.5
 186.0	24
 187.0	24
 188.0	23
 189.0	21
 190.0	28
 191.0	33.5
 192.0	26
 193.0	14
 194.0	15
 195.0	22
 196.0	18
 197.0	20
 198.0	33
 199.0	33
 200.0	23
 201.0	26.5
 202.0	24
 203.0	17
 204.0	33
 205.0	20
 206.0	24.5
 207.0	24
 208.0	33
 209.0	27
 210.0	32
 211.0	29
 212.0	24.5
 213.0	24
 214.0	27
 215.0	32
 216.0	16
 217.0	27
 218.0	18
 219.0	25
 220.0	20
 221.0	26
 222.0	30
 223.0	18
 224.0	26
 225.0	34
 226.0	27
 227.0	20
DB 2 MOTIF	ETV7_HUMAN.H11MO.0.D
-231.5	39.3333
-230.5	26.5
-229.5	34.3333
-228.5	36.5333
-227.5	30.8333
-226.5	33.25
-225.5	50.25
-224.5	32.2
-223.5	41.8333
-222.5	35.3333
-221.5	28.8333
-220.5	33.7
-219.5	40
-218.5	41
-217.5	30
-216.5	38.2
-215.5	35.3333
-214.5	34.6429
-213.5	40
-212.5	43.1667
-211.5	52.8333
-210.5	45.8333
-209.5	33
-208.5	32.95
-207.5	43.1667
-206.5	40.8333
-205.5	33.0333
-204.5	32.25
-203.5	30.8333
-202.5	31.5
-201.5	37
-200.5	35.8333
-199.5	29.3333
-198.5	44.3333
-197.5	34.3333
-196.5	45.6667
-195.5	33.3333
-194.5	40.3333
-193.5	36.8333
-192.5	30.3333
-191.5	35.7
-190.5	35.3333
-189.5	33.3333
-188.5	32.1667
-187.5	29
-186.5	22.8333
-185.5	34
-184.5	33.0595
-183.5	46.0833
-182.5	28.5
-181.5	33.25
-180.5	22.6667
-179.5	33.6667
-178.5	37.1667
-177.5	27
-176.5	29.25
-175.5	23
-174.5	32.3333
-173.5	37.1667
-172.5	28.3333
-171.5	40.3667
-170.5	41.3333
-169.5	39
-168.5	38.6667
-167.5	45.5
-166.5	34
-165.5	37.5
-164.5	41
-163.5	36.0833
-162.5	41
-161.5	46
-160.5	35.1667
-159.5	41.5
-158.5	35.5
-157.5	35.3333
-156.5	37
-155.5	39.5
-154.5	40.1429
-153.5	32.5
-152.5	37.3333
-151.5	25
-150.5	37
-149.5	30.8333
-148.5	36.2917
-147.5	32.3333
-146.5	46.5
-145.5	37.7917
-144.5	43
-143.5	31
-142.5	36.4583
-141.5	31.6667
-140.5	24.1667
-139.5	40.125
-138.5	41.3333
-137.5	33.4167
-136.5	44.5
-135.5	37.25
-134.5	24.3333
-133.5	38.75
-132.5	34.3333
-131.5	41.3333
-130.5	43.4333
-129.5	26.0833
-128.5	31.3333
-127.5	34.7667
-126.5	31.3333
-125.5	46.25
-124.5	26.7429
-123.5	36.6667
-122.5	36.6667
-121.5	33.0583
-120.5	37.4583
-119.5	34.5
-118.5	37.225
-117.5	53
-116.5	34.5
-115.5	28.5583
-114.5	31.1667
-113.5	32.5833
-112.5	31.0583
-111.5	36.5
-110.5	41.5
-109.5	28.4333
-108.5	26
-107.5	41.5
-106.5	47.9333
-105.5	37.1667
-104.5	33
-103.5	28.85
-102.5	25.9167
-101.5	40
-100.5	36
 -99.5	30.3333
 -98.5	45.8333
 -97.5	28.3333
 -96.5	27.8333
 -95.5	37.6667
 -94.5	42.4762
 -93.5	48.1667
 -92.5	27.8333
 -91.5	44.25
 -90.5	30.3333
 -89.5	44.3333
 -88.5	47.25
 -87.5	40.25
 -86.5	29
 -85.5	29.75
 -84.5	37
 -83.5	32.75
 -82.5	42.3333
 -81.5	32.5
 -80.5	29
 -79.5	43
 -78.5	34.6667
 -77.5	39
 -76.5	29
 -75.5	34.8333
 -74.5	34
 -73.5	38.625
 -72.5	33.3333
 -71.5	29.6667
 -70.5	43.3333
 -69.5	35.1667
 -68.5	37.1667
 -67.5	33.6667
 -66.5	43.3333
 -65.5	35.3333
 -64.5	41.3095
 -63.5	37.4167
 -62.5	44
 -61.5	34.5
 -60.5	49.1667
 -59.5	33.1667
 -58.5	33.6667
 -57.5	33.8333
 -56.5	30.9167
 -55.5	42.8333
 -54.5	28.8333
 -53.5	44.5
 -52.5	48.25
 -51.5	41.6667
 -50.5	37.9167
 -49.5	37.5
 -48.5	30
 -47.5	35.3333
 -46.5	33.1667
 -45.5	27
 -44.5	27.1667
 -43.5	39
 -42.5	40.3333
 -41.5	43
 -40.5	36
 -39.5	38.1667
 -38.5	30.4167
 -37.5	32.5
 -36.5	31.75
 -35.5	44.1667
 -34.5	41.9762
 -33.5	53.3333
 -32.5	44.3333
 -31.5	43.5833
 -30.5	46.3333
 -29.5	38.6667
 -28.5	43.5
 -27.5	46.5
 -26.5	55.1667
 -25.5	34
 -24.5	39.3333
 -23.5	33.5
 -22.5	28.3333
 -21.5	33
 -20.5	43.5
 -19.5	29.4583
 -18.5	45.5833
 -17.5	40.5
 -16.5	51
 -15.5	40.3333
 -14.5	34.0833
 -13.5	40.5
 -12.5	34.8333
 -11.5	33.3333
 -10.5	42.8333
  -9.5	44.3333
  -8.5	36.3333
  -7.5	47.3333
  -6.5	40.5
  -5.5	27.25
  -4.5	38
  -3.5	35.5
  -2.5	42.8333
  -1.5	41.3333
  -0.5	38.25
   0.5	39.8333
   1.5	38.1667
   2.5	34.8333
   3.5	37.1667
   4.5	33.25
   5.5	42.3333
   6.5	42.4167
   7.5	44.6667
   8.5	31.3333
   9.5	53.1667
  10.5	46
  11.5	40
  12.5	32
  13.5	29.8333
  14.5	23.8333
  15.5	26.75
  16.5	30.8333
  17.5	38.8333
  18.5	39
  19.5	38.8333
  20.5	35.3333
  21.5	39.5
  22.5	41.3333
  23.5	30.5
  24.5	33.0833
  25.5	41.3333
  26.5	36.3333
  27.5	35.5
  28.5	39.5833
  29.5	48.9583
  30.5	55.4167
  31.5	34.5
  32.5	37.75
  33.5	33.6667
  34.5	39.8333
  35.5	41.6667
  36.5	42.3333
  37.5	38.6667
  38.5	36.8333
  39.5	47.5
  40.5	35.3333
  41.5	34
  42.5	42.8333
  43.5	38.8333
  44.5	44.1667
  45.5	40.0833
  46.5	39
  47.5	36.5
  48.5	39.6667
  49.5	30.3333
  50.5	41
  51.5	41.6667
  52.5	40.5333
  53.5	29.5833
  54.5	37.25
  55.5	44
  56.5	26.5
  57.5	40.0833
  58.5	31.3333
  59.5	39.3333
  60.5	37.5
  61.5	36.6667
  62.5	28.5
  63.5	32.5
  64.5	33.75
  65.5	40
  66.5	41
  67.5	41.8333
  68.5	29
  69.5	34.3333
  70.5	32.6667
  71.5	32
  72.5	40.8333
  73.5	32.5
  74.5	32
  75.5	36.8333
  76.5	26.1667
  77.5	27.8333
  78.5	43.9583
  79.5	33.1667
  80.5	38.0833
  81.5	28
  82.5	31
  83.5	36
  84.5	26.8333
  85.5	33
  86.5	39.3333
  87.5	43.6667
  88.5	33.8333
  89.5	34
  90.5	43.8333
  91.5	34.5
  92.5	36.1667
  93.5	37.5
  94.5	37
  95.5	21
  96.5	40.6667
  97.5	38.1667
  98.5	37
  99.5	32.6667
 100.5	28.25
 101.5	37
 102.5	30.8333
 103.5	28.3333
 104.5	38
 105.5	21.5
 106.5	28.5
 107.5	29
 108.5	33.9167
 109.5	41.5
 110.5	38
 111.5	36
 112.5	39.6667
 113.5	39.8333
 114.5	46.6667
 115.5	36.8333
 116.5	38
 117.5	30.8333
 118.5	31.5
 119.5	33.3333
 120.5	27
 121.5	40
 122.5	30.5
 123.5	39
 124.5	38.1667
 125.5	37.6667
 126.5	42
 127.5	27.625
 128.5	33.5
 129.5	31
 130.5	37.6667
 131.5	38.1667
 132.5	37
 133.5	38.6667
 134.5	33.5
 135.5	36.3333
 136.5	36.25
 137.5	26.25
 138.5	32.3333
 139.5	33.75
 140.5	39.5
 141.5	36.8333
 142.5	36.8333
 143.5	46.0833
 144.5	31.3333
 145.5	30.6667
 146.5	35
 147.5	32.3333
 148.5	32.8333
 149.5	26.3333
 150.5	35.8333
 151.5	27.1667
 152.5	41.25
 153.5	38
 154.5	41.1667
 155.5	32
 156.5	31.8333
 157.5	32.3333
 158.5	43.3333
 159.5	35.25
 160.5	38.6667
 161.5	33.8333
 162.5	42.3333
 163.5	32
 164.5	30.5
 165.5	39.1667
 166.5	33.6667
 167.5	39.8667
 168.5	48.3333
 169.5	37.5
 170.5	35.8333
 171.5	35.1667
 172.5	46.6667
 173.5	30.3333
 174.5	37.8333
 175.5	30
 176.5	27.625
 177.5	38.3333
 178.5	40.25
 179.5	34.7
 180.5	39.3333
 181.5	36.5
 182.5	37.3333
 183.5	49.3333
 184.5	35.3333
 185.5	46.5
 186.5	40.5
 187.5	27.8333
 188.5	30.2
 189.5	27
 190.5	35.3333
 191.5	35.5
 192.5	32
 193.5	34
 194.5	27.1667
 195.5	35.8333
 196.5	40
 197.5	31.3333
 198.5	46
 199.5	32.8333
 200.5	34.3333
 201.5	43.5
 202.5	38.0167
 203.5	35.5
 204.5	24.5
 205.5	35.6
 206.5	31.0333
 207.5	39.3333
 208.5	41.2667
 209.5	36
 210.5	47.4167
 211.5	41.9333
 212.5	45.1667
 213.5	35.6667
 214.5	46.1
 215.5	40.5333
 216.5	35.5
 217.5	20.6
 218.5	43.8333
 219.5	37.8333
 220.5	30.6
 221.5	32.5
 222.5	32
 223.5	34.1
 224.5	52
 225.5	36.9583
 226.5	30.6333
 227.5	35.3333
 228.5	34.25
 229.5	37.1
 230.5	30.3333
 231.5	28.5
DB 2 MOTIF	FEV_HUMAN.H11MO.0.B
-230.0	34
-229.0	32.5
-228.0	32.5
-227.0	33.5
-226.0	38
-225.0	41
-224.0	28.5
-223.0	39
-222.0	32
-221.0	39
-220.0	33
-219.0	36
-218.0	36
-217.0	34.5
-216.0	44.5
-215.0	43.1429
-214.0	22.5
-213.0	36
-212.0	30
-211.0	51
-210.0	33.5
-209.0	45.3333
-208.0	41
-207.0	36
-206.0	24.2
-205.0	43
-204.0	37
-203.0	30.5
-202.0	28
-201.0	38.5
-200.0	34.5
-199.0	34.5
-198.0	40
-197.0	46
-196.0	31.0833
-195.0	26
-194.0	32
-193.0	36
-192.0	33
-191.0	38
-190.0	44
-189.0	35
-188.0	29.5
-187.0	38
-186.0	27.8333
-185.0	32.6429
-184.0	36.5
-183.0	42
-182.0	34.2
-181.0	33
-180.0	31
-179.0	31
-178.0	40.5
-177.0	41.5
-176.0	34.5
-175.0	23
-174.0	34
-173.0	34.5
-172.0	27
-171.0	34
-170.0	43.5
-169.0	31
-168.0	29
-167.0	54
-166.0	30
-165.0	30.5
-164.0	31
-163.0	29.5
-162.0	29
-161.0	36.5
-160.0	41.5
-159.0	33
-158.0	36.7
-157.0	30.5
-156.0	35
-155.0	40.1429
-154.0	37
-153.0	27
-152.0	29.5
-151.0	23.5
-150.0	44
-149.0	28.5
-148.0	35
-147.0	28.5
-146.0	42.8333
-145.0	36.5
-144.0	35
-143.0	33
-142.0	33
-141.0	29.5
-140.0	42
-139.0	36.5
-138.0	38
-137.0	41.5
-136.0	31
-135.0	32
-134.0	39.7
-133.0	28.8333
-132.0	34.5
-131.0	29.5
-130.0	28
-129.0	40.5
-128.0	38.3333
-127.0	26.5
-126.0	37
-125.0	38.6429
-124.0	28
-123.0	36
-122.0	37.5
-121.0	31
-120.0	42
-119.0	35.5
-118.0	30
-117.0	31
-116.0	26.5
-115.0	40.5
-114.0	34.5
-113.0	25
-112.0	32.5
-111.0	31.5
-110.0	26.7
-109.0	31
-108.0	29.5
-107.0	38.5
-106.0	32.5
-105.0	34
-104.0	40
-103.0	30
-102.0	46.5
-101.0	36
-100.0	29.5
 -99.0	29.5
 -98.0	44
 -97.0	25.5
 -96.0	30.5
 -95.0	45.1429
 -94.0	39
 -93.0	40.5
 -92.0	40.5
 -91.0	25
 -90.0	42
 -89.0	35.5
 -88.0	39
 -87.0	43
 -86.0	29.5
 -85.0	48.5
 -84.0	35.3333
 -83.0	30.5
 -82.0	30.5
 -81.0	35
 -80.0	33.5
 -79.0	30
 -78.0	38
 -77.0	32
 -76.0	39.5
 -75.0	27.5
 -74.0	52.5
 -73.0	36
 -72.0	38
 -71.0	43.5
 -70.0	29
 -69.0	45
 -68.0	44
 -67.0	29.5
 -66.0	42
 -65.0	30.6429
 -64.0	30
 -63.0	40
 -62.0	38.5
 -61.0	36
 -60.0	40.5
 -59.0	34
 -58.0	42
 -57.0	38.5
 -56.0	52
 -55.0	31.5
 -54.0	24.5
 -53.0	38.5
 -52.0	37.5
 -51.0	52.5
 -50.0	29
 -49.0	33
 -48.0	35
 -47.0	34.5
 -46.0	31.5
 -45.0	40
 -44.0	34
 -43.0	52
 -42.0	30.5
 -41.0	49.5
 -40.0	54.5
 -39.0	39.5
 -38.0	43.5
 -37.0	50
 -36.0	30
 -35.0	50.1429
 -34.0	54
 -33.0	36
 -32.0	51
 -31.0	69.5
 -30.0	43.5
 -29.0	54
 -28.0	39
 -27.0	45.5
 -26.0	33.5
 -25.0	48
 -24.0	44
 -23.0	36.5
 -22.0	36
 -21.0	47.5
 -20.0	41
 -19.0	42
 -18.0	37.5
 -17.0	48
 -16.0	38.5
 -15.0	45
 -14.0	44.5
 -13.0	49
 -12.0	52
 -11.0	46
 -10.0	52.5
  -9.0	35.5
  -8.0	41
  -7.0	40
  -6.0	31
  -5.0	53.25
  -4.0	40
  -3.0	42.5
  -2.0	42.5
  -1.0	34.5
   0.0	55.8333
   1.0	47.5
   2.0	44
   3.0	46
   4.0	45.5
   5.0	39
   6.0	43
   7.0	61
   8.0	53.5
   9.0	47
  10.0	48.5
  11.0	46
  12.0	49.5
  13.0	39
  14.0	38.5
  15.0	44
  16.0	40
  17.0	34
  18.0	55.5
  19.0	47
  20.0	46.5
  21.0	49.5
  22.0	44
  23.0	44
  24.0	42
  25.0	35
  26.0	58
  27.0	33
  28.0	50.5
  29.0	47
  30.0	44
  31.0	48
  32.0	38.5
  33.0	36.5
  34.0	53.5
  35.0	51.5
  36.0	37
  37.0	50
  38.0	41
  39.0	35
  40.0	33.5
  41.0	46.5
  42.0	40
  43.0	31.75
  44.0	63.5
  45.0	45
  46.0	38
  47.0	47
  48.0	41
  49.0	35
  50.0	40
  51.0	38
  52.0	39.5
  53.0	32.5
  54.0	40.5
  55.0	36
  56.0	50.5
  57.0	38
  58.0	39
  59.0	36.75
  60.0	44.5
  61.0	34.5
  62.0	36
  63.0	34
  64.0	24
  65.0	39
  66.0	29
  67.0	37.25
  68.0	45
  69.0	35
  70.0	29
  71.0	44
  72.0	28.75
  73.0	39
  74.0	36.5
  75.0	38.5
  76.0	34.5
  77.0	48.5
  78.0	46
  79.0	32
  80.0	34.5
  81.0	29.5
  82.0	36.5
  83.0	43.5
  84.0	44.3333
  85.0	43.5
  86.0	29.5
  87.0	39
  88.0	40.5
  89.0	51.5
  90.0	33
  91.0	32.75
  92.0	32
  93.0	28
  94.0	27.5
  95.0	36
  96.0	37.25
  97.0	32
  98.0	29
  99.0	27.5
 100.0	30
 101.0	28.5
 102.0	36.25
 103.0	40
 104.0	37
 105.0	38.5
 106.0	38.5
 107.0	32
 108.0	31.75
 109.0	30.5
 110.0	47
 111.0	26
 112.0	39.5
 113.0	39.5
 114.0	39
 115.0	36.75
 116.0	39
 117.0	31.5
 118.0	34.5
 119.0	36.5
 120.0	30
 121.0	42
 122.0	30.5
 123.0	43.5
 124.0	36.5
 125.0	43.5
 126.0	47
 127.0	33.5
 128.0	29.5
 129.0	31.5
 130.0	31
 131.0	42
 132.0	41
 133.0	25
 134.0	43.5
 135.0	32.5
 136.0	28
 137.0	35
 138.0	33
 139.0	33.5
 140.0	26
 141.0	33.5
 142.0	33
 143.0	33
 144.0	28.5
 145.0	42.5
 146.0	38
 147.0	20
 148.0	35
 149.0	32.5
 150.0	48
 151.0	29
 152.0	37.5
 153.0	35.5
 154.0	23.5
 155.0	47.5
 156.0	36.5
 157.0	31.5
 158.0	39
 159.0	26
 160.0	36.5
 161.0	41
 162.0	39
 163.0	43
 164.0	38.3333
 165.0	30.5
 166.0	35.5
 167.0	31
 168.0	30
 169.0	29
 170.0	33.5
 171.0	35
 172.0	40
 173.0	41.5
 174.0	36
 175.0	41
 176.0	27
 177.0	28
 178.0	35
 179.0	35.5
 180.0	27.5
 181.0	39
 182.0	34.5
 183.0	36
 184.0	33
 185.0	42
 186.0	37.75
 187.0	28
 188.0	24
 189.0	23
 190.0	37
 191.0	36.5
 192.0	25
 193.0	30.5
 194.0	31.8333
 195.0	30
 196.0	29
 197.0	38.5
 198.0	35
 199.0	37
 200.0	32
 201.0	45.5
 202.0	30
 203.0	36.5
 204.0	30.5
 205.0	33.5
 206.0	31
 207.0	38.5
 208.0	23.5
 209.0	36.5
 210.0	27
 211.0	30
 212.0	35.5
 213.0	28
 214.0	25
 215.0	41
 216.0	31
 217.0	30
 218.0	36
 219.0	29
 220.0	40
 221.0	39
 222.0	37
 223.0	22.5
 224.0	40.3333
 225.0	28.5
 226.0	39.5
 227.0	35
 228.0	31
 229.0	41
 230.0	36
DB 2 MOTIF	FLI1_HUMAN.H11MO.1.A
-228.5	27
-227.5	35.5
-226.5	29
-225.5	47
-224.5	31
-223.5	33
-222.5	44
-221.5	43
-220.5	33
-219.5	42.8333
-218.5	31
-217.5	30
-216.5	36
-215.5	36
-214.5	44
-213.5	33
-212.5	37
-211.5	45
-210.5	35
-209.5	28
-208.5	38
-207.5	36.1667
-206.5	28
-205.5	38
-204.5	35
-203.5	33
-202.5	31
-201.5	35
-200.5	31
-199.5	36.5
-198.5	35.5
-197.5	34
-196.5	42.5
-195.5	32
-194.5	33
-193.5	34.3333
-192.5	29
-191.5	38
-190.5	41
-189.5	31
-188.5	36
-187.5	34
-186.5	19.25
-185.5	32
-184.5	43.5
-183.5	39.3333
-182.5	30.25
-181.5	35
-180.5	24
-179.5	41
-178.5	34.25
-177.5	40.1667
-176.5	20
-175.5	32
-174.5	31.25
-173.5	39
-172.5	43
-171.5	31
-170.5	35
-169.5	42
-168.5	39
-167.5	31
-166.5	27
-165.5	35
-164.5	39
-163.5	36
-162.5	34
-161.5	33.5
-160.5	25
-159.5	43
-158.5	29
-157.5	32
-156.5	45
-155.5	34
-154.5	34
-153.5	28
-152.5	29
-151.5	31
-150.5	42.5
-149.5	36
-148.5	28.5
-147.5	34.1667
-146.5	45
-145.5	41
-144.5	42
-143.5	22.5
-142.5	34
-141.5	30
-140.5	27
-139.5	38
-138.5	32
-137.5	29
-136.5	31.5
-135.5	34
-134.5	28.5
-133.5	38
-132.5	36
-131.5	39
-130.5	26
-129.5	28
-128.5	35
-127.5	31
-126.5	25
-125.5	41
-124.5	30.5
-123.5	38
-122.5	32
-121.5	31
-120.5	37
-119.5	28
-118.5	35
-117.5	32.1667
-116.5	36
-115.5	24
-114.5	34
-113.5	32
-112.5	27
-111.5	29
-110.5	30
-109.5	27
-108.5	26
-107.5	38
-106.5	45.5
-105.5	35
-104.5	34
-103.5	40
-102.5	26
-101.5	29
-100.5	24
 -99.5	29
 -98.5	38
 -97.5	31.5
 -96.5	27
 -95.5	40
 -94.5	33
 -93.5	45.5
 -92.5	29
 -91.5	26
 -90.5	32
 -89.5	32.5
 -88.5	38
 -87.5	33.1667
 -86.5	23
 -85.5	24
 -84.5	32
 -83.5	28
 -82.5	42
 -81.5	36
 -80.5	24
 -79.5	42
 -78.5	40
 -77.5	32
 -76.5	29
 -75.5	32
 -74.5	41.5
 -73.5	31
 -72.5	36
 -71.5	35.5
 -70.5	34
 -69.5	40
 -68.5	31
 -67.5	35
 -66.5	39.5
 -65.5	29
 -64.5	30
 -63.5	35.5
 -62.5	39.5
 -61.5	35
 -60.5	47
 -59.5	32
 -58.5	20
 -57.5	36.1667
 -56.5	41
 -55.5	39
 -54.5	40.5
 -53.5	29
 -52.5	42
 -51.5	37
 -50.5	38.5
 -49.5	34.5
 -48.5	33
 -47.5	30
 -46.5	42
 -45.5	35
 -44.5	36
 -43.5	36
 -42.5	41
 -41.5	35.5
 -40.5	41.5
 -39.5	50.5
 -38.5	30.5
 -37.5	37
 -36.5	30
 -35.5	34
 -34.5	39.5
 -33.5	51
 -32.5	38
 -31.5	30
 -30.5	51
 -29.5	33
 -28.5	43
 -27.5	37
 -26.5	39
 -25.5	31
 -24.5	34
 -23.5	27
 -22.5	31
 -21.5	34
 -20.5	43
 -19.5	23
 -18.5	41
 -17.5	34
 -16.5	42
 -15.5	34
 -14.5	34
 -13.5	38
 -12.5	26.5
 -11.5	41
 -10.5	34
  -9.5	34
  -8.5	24
  -7.5	35.5
  -6.5	39
  -5.5	28
  -4.5	41
  -3.5	38
  -2.5	42
  -1.5	39
  -0.5	45
   0.5	39
   1.5	35
   2.5	20
   3.5	33
   4.5	35
   5.5	35.5
   6.5	49
   7.5	45
   8.5	29
   9.5	52
  10.5	34.5
  11.5	39.5
  12.5	34
  13.5	32
  14.5	34.5
  15.5	28
  16.5	34
  17.5	39
  18.5	33
  19.5	43
  20.5	38
  21.5	32
  22.5	31
  23.5	30
  24.5	31
  25.5	46
  26.5	30
  27.5	37
  28.5	39.5
  29.5	37
  30.5	45
  31.5	29
  32.5	24
  33.5	32
  34.5	39
  35.5	38
  36.5	35
  37.5	29
  38.5	32
  39.5	32.5
  40.5	41
  41.5	33
  42.5	36
  43.5	29
  44.5	43.5
  45.5	41
  46.5	31.5
  47.5	39.5
  48.5	32
  49.5	35
  50.5	42.5
  51.5	45.5
  52.5	36
  53.5	27
  54.5	34
  55.5	44
  56.5	38
  57.5	41
  58.5	29.5
  59.5	42
  60.5	42
  61.5	34
  62.5	23
  63.5	16
  64.5	39
  65.5	37
  66.5	42
  67.5	42
  68.5	29
  69.5	32
  70.5	37
  71.5	33
  72.5	37
  73.5	39
  74.5	27
  75.5	31.5
  76.5	24
  77.5	26
  78.5	32
  79.5	27
  80.5	27
  81.5	28
  82.5	30
  83.5	27
  84.5	32
  85.5	26
  86.5	39
  87.5	31
  88.5	39
  89.5	33
  90.5	38
  91.5	34
  92.5	34.5
  93.5	31
  94.5	29
  95.5	20
  96.5	38
  97.5	35.5
  98.5	28
  99.5	28
 100.5	31
 101.5	33
 102.5	38
 103.5	34
 104.5	37
 105.5	30
 106.5	17
 107.5	26
 108.5	24
 109.5	34.5
 110.5	31
 111.5	29
 112.5	48.5
 113.5	27
 114.5	35
 115.5	34
 116.5	29
 117.5	32
 118.5	30
 119.5	34.5
 120.5	31
 121.5	35
 122.5	27
 123.5	37
 124.5	38
 125.5	43
 126.5	32
 127.5	35
 128.5	34.3333
 129.5	31
 130.5	35.5
 131.5	38
 132.5	30.5
 133.5	32
 134.5	35
 135.5	35
 136.5	37
 137.5	42
 138.5	25
 139.5	35.5
 140.5	34.5
 141.5	37.5
 142.5	33.5
 143.5	42
 144.5	30
 145.5	27
 146.5	27
 147.5	25
 148.5	26.5
 149.5	36
 150.5	34
 151.5	25
 152.5	32
 153.5	34
 154.5	42.3333
 155.5	34
 156.5	31
 157.5	27
 158.5	28
 159.5	35
 160.5	29
 161.5	30
 162.5	42.5
 163.5	36
 164.5	22
 165.5	49
 166.5	33
 167.5	38
 168.5	42
 169.5	27
 170.5	37
 171.5	31.5
 172.5	46
 173.5	34
 174.5	37
 175.5	33
 176.5	24.5
 177.5	35.5
 178.5	29
 179.5	28
 180.5	29.3333
 181.5	36.5
 182.5	32
 183.5	44
 184.5	25
 185.5	39.5
 186.5	23
 187.5	20.5
 188.5	31
 189.5	35
 190.5	35
 191.5	37.5
 192.5	22.5
 193.5	27.5
 194.5	18
 195.5	37
 196.5	33
 197.5	30
 198.5	47
 199.5	24
 200.5	30.5
 201.5	36
 202.5	36
 203.5	45.5
 204.5	29
 205.5	28.125
 206.5	36
 207.5	41
 208.5	41.125
 209.5	34
 210.5	40
 211.5	40.125
 212.5	36.5
 213.5	50
 214.5	31.125
 215.5	41
 216.5	23
 217.5	28.125
 218.5	32
 219.5	32
 220.5	39.125
 221.5	36
 222.5	32
 223.5	28.125
 224.5	48
 225.5	31
 226.5	34.125
 227.5	48
 228.5	33
DB 2 MOTIF	FOSL1_HUMAN.H11MO.0.A
-229.0	9
-228.0	18
-227.0	11
-226.0	11
-225.0	13
-224.0	19
-223.0	12
-222.0	9
-221.0	14
-220.0	12
-219.0	10
-218.0	12
-217.0	14
-216.0	6
-215.0	10
-214.0	6
-213.0	16
-212.0	18
-211.0	7.33333
-210.0	9
-209.0	7
-208.0	11
-207.0	12.3333
-206.0	14
-205.0	9
-204.0	13
-203.0	15.3333
-202.0	11
-201.0	13
-200.0	12
-199.0	13
-198.0	7
-197.0	6
-196.0	12
-195.0	9
-194.0	12
-193.0	12
-192.0	6
-191.0	7
-190.0	12
-189.0	11
-188.0	15.5
-187.0	13
-186.0	15
-185.0	13
-184.0	9
-183.0	16
-182.0	16
-181.0	16
-180.0	8
-179.0	12
-178.0	11.5
-177.0	10.2
-176.0	4
-175.0	10
-174.0	10
-173.0	9
-172.0	9
-171.0	10
-170.0	12
-169.0	12.3333
-168.0	11
-167.0	11
-166.0	17.5
-165.0	9
-164.0	13
-163.0	14
-162.0	10
-161.0	8
-160.0	12
-159.0	11
-158.0	8
-157.0	9
-156.0	13
-155.0	12
-154.0	7
-153.0	8
-152.0	5
-151.0	6
-150.0	9
-149.0	17
-148.0	15
-147.0	11
-146.0	11
-145.0	6
-144.0	11
-143.0	7
-142.0	14
-141.0	13
-140.0	9
-139.0	11
-138.0	9
-137.0	11
-136.0	10
-135.0	5
-134.0	12
-133.0	7.5
-132.0	9.2
-131.0	6
-130.0	7
-129.0	8.5
-128.0	15.5
-127.0	8
-126.0	13
-125.0	13
-124.0	13
-123.0	14
-122.0	15
-121.0	13
-120.0	9
-119.0	10
-118.0	16
-117.0	16
-116.0	8
-115.0	16.2
-114.0	14
-113.0	8
-112.0	8
-111.0	15
-110.0	11.3333
-109.0	8
-108.0	7
-107.0	15
-106.0	11
-105.0	15
-104.0	8
-103.0	9
-102.0	11
-101.0	10
-100.0	10
 -99.0	11
 -98.0	11
 -97.0	10
 -96.0	11
 -95.0	15
 -94.0	12
 -93.0	8
 -92.0	10
 -91.0	17
 -90.0	11
 -89.0	12
 -88.0	15
 -87.0	11
 -86.0	9
 -85.0	7
 -84.0	9
 -83.0	16
 -82.0	14
 -81.0	16.5
 -80.0	12
 -79.0	16
 -78.0	12
 -77.0	8
 -76.0	23
 -75.0	15
 -74.0	5
 -73.0	8
 -72.0	15
 -71.0	15
 -70.0	12.2
 -69.0	11
 -68.0	12
 -67.0	13
 -66.0	13
 -65.0	15.5
 -64.0	12
 -63.0	9
 -62.0	12
 -61.0	14
 -60.0	19
 -59.0	4
 -58.0	17.5
 -57.0	11
 -56.0	11
 -55.0	16.3333
 -54.0	11
 -53.0	9
 -52.0	15
 -51.0	12.5
 -50.0	23
 -49.0	12
 -48.0	9
 -47.0	4
 -46.0	11
 -45.0	11
 -44.0	14
 -43.0	13
 -42.0	13.2
 -41.0	15
 -40.0	18
 -39.0	11.5
 -38.0	9
 -37.0	18
 -36.0	15
 -35.0	10
 -34.0	10
 -33.0	12
 -32.0	17
 -31.0	12
 -30.0	15
 -29.0	9
 -28.0	14
 -27.0	15.5
 -26.0	16
 -25.0	13
 -24.0	15
 -23.0	17
 -22.0	17
 -21.0	12
 -20.0	5
 -19.0	7
 -18.0	12
 -17.0	11
 -16.0	13
 -15.0	16.5
 -14.0	21
 -13.0	10
 -12.0	12
 -11.0	14
 -10.0	11
  -9.0	11
  -8.0	9
  -7.0	4
  -6.0	12
  -5.0	15
  -4.0	9
  -3.0	13
  -2.0	10
  -1.0	9
   0.0	16
   1.0	8
   2.0	19.5
   3.0	10
   4.0	13
   5.0	7
   6.0	19
   7.0	13
   8.0	9
   9.0	9
  10.0	15
  11.0	10
  12.0	18.5
  13.0	11
  14.0	6
  15.0	6
  16.0	11
  17.0	15
  18.0	17
  19.0	14
  20.0	9
  21.0	11
  22.0	11
  23.0	10
  24.0	20
  25.0	7
  26.0	14
  27.0	5
  28.0	16.5
  29.0	13.5
  30.0	6.33333
  31.0	13
  32.0	15
  33.0	9
  34.0	9
  35.0	9
  36.0	9.5
  37.0	19.8333
  38.0	17
  39.0	9
  40.0	11
  41.0	16
  42.0	12
  43.0	16
  44.0	15.5
  45.0	12
  46.0	12
  47.0	4.33333
  48.0	16
  49.0	13
  50.0	14
  51.0	12
  52.0	9
  53.0	9
  54.0	10
  55.0	11
  56.0	12
  57.0	13
  58.0	14
  59.0	7
  60.0	8
  61.0	7
  62.0	13
  63.0	9
  64.0	8
  65.0	9
  66.0	13
  67.0	18
  68.0	15.5
  69.0	14
  70.0	5
  71.0	15
  72.0	15
  73.0	8
  74.0	7
  75.0	13.3333
  76.0	13
  77.0	6
  78.0	13
  79.0	11
  80.0	9
  81.0	9
  82.0	12
  83.0	17
  84.0	10
  85.0	15.5
  86.0	25
  87.0	11
  88.0	16
  89.0	11
  90.0	12
  91.0	13
  92.0	8
  93.0	9
  94.0	13
  95.0	11
  96.0	14.3333
  97.0	6
  98.0	7
  99.0	21
 100.0	11
 101.0	10
 102.0	15
 103.0	16
 104.0	8
 105.0	13
 106.0	18
 107.0	12
 108.0	19
 109.0	9
 110.0	8
 111.0	14
 112.0	10
 113.0	11
 114.0	17
 115.0	12
 116.0	10
 117.0	10
 118.0	10
 119.0	12
 120.0	9
 121.0	9
 122.0	8
 123.0	8
 124.0	12
 125.0	8
 126.0	8
 127.0	12
 128.0	11
 129.0	9
 130.0	15
 131.0	10
 132.0	14
 133.0	12
 134.0	11
 135.0	5.5
 136.0	11
 137.0	7
 138.0	7
 139.0	11
 140.0	12
 141.0	6
 142.0	6
 143.0	15
 144.0	8
 145.0	8
 146.0	7
 147.0	8
 148.0	8
 149.0	13
 150.0	6
 151.0	14.3333
 152.0	10
 153.0	12
 154.0	8.5
 155.0	12
 156.0	8
 157.0	8
 158.0	12
 159.0	10
 160.0	13
 161.0	17
 162.0	8
 163.0	12
 164.0	15
 165.0	12
 166.0	9
 167.0	9
 168.0	15
 169.0	18
 170.0	8
 171.0	12
 172.0	8
 173.0	8
 174.0	13
 175.0	15
 176.0	6
 177.0	8
 178.0	9
 179.0	14
 180.0	7
 181.0	12
 182.0	8
 183.0	11
 184.0	10
 185.0	15
 186.0	9
 187.0	7
 188.0	10
 189.0	10
 190.0	12
 191.0	9
 192.0	10
 193.0	10
 194.0	11
 195.0	14
 196.0	18
 197.0	9
 198.0	11
 199.0	14
 200.0	17
 201.0	19
 202.0	9
 203.0	11
 204.0	9
 205.0	5
 206.0	8
 207.0	11
 208.0	4
 209.0	10
 210.0	8
 211.0	15
 212.0	8
 213.0	12
 214.0	11
 215.0	10
 216.0	8
 217.0	9
 218.0	12
 219.0	13
 220.0	10
 221.0	12
 222.0	7
 223.0	12
 224.0	8
 225.0	10
 226.0	12
 227.0	20
 228.0	13
 229.0	11
DB 2 MOTIF	FOXI1_HUMAN.H11MO.0.B
-229.0	2.5
-228.0	6
-227.0	2
-226.0	5
-225.0	5
-224.0	6
-223.0	8
-222.0	6
-221.0	9
-220.0	8
-219.0	0
-218.0	7
-217.0	7.5
-216.0	10
-215.0	3
-214.0	1
-213.0	6
-212.0	8
-211.0	9
-210.0	4
-209.0	4
-208.0	6
-207.0	7
-206.0	9
-205.0	8
-204.0	7
-203.0	2
-202.0	3
-201.0	5
-200.0	6
-199.0	5
-198.0	6
-197.0	7
-196.0	4.5
-195.0	4
-194.0	0.5
-193.0	3
-192.0	2
-191.0	4
-190.0	5
-189.0	7
-188.0	8
-187.0	3
-186.0	5
-185.0	5
-184.0	2
-183.0	6
-182.0	6
-181.0	0
-180.0	8
-179.0	9
-178.0	6
-177.0	3
-176.0	6.5
-175.0	3
-174.0	3
-173.0	4
-172.0	2
-171.0	10
-170.0	3
-169.0	4
-168.0	4
-167.0	4
-166.0	1
-165.0	5
-164.0	6
-163.0	10.5
-162.0	10
-161.0	4
-160.0	6
-159.0	10
-158.0	8
-157.0	5
-156.0	5
-155.0	4
-154.0	6
-153.0	8
-152.0	4
-151.0	11
-150.0	6
-149.0	7
-148.0	10.5
-147.0	4
-146.0	4
-145.0	4
-144.0	6
-143.0	7
-142.0	4
-141.0	8
-140.0	4
-139.0	4
-138.0	7
-137.0	5
-136.0	2
-135.0	3
-134.0	9
-133.0	5
-132.0	5
-131.0	4
-130.0	5
-129.0	7
-128.0	5.5
-127.0	3
-126.0	5
-125.0	6.5
-124.0	3
-123.0	9
-122.0	6
-121.0	7
-120.0	4
-119.0	3
-118.0	2.5
-117.0	5
-116.0	4
-115.0	3
-114.0	8.33333
-113.0	3
-112.0	3
-111.0	7
-110.0	6
-109.0	8
-108.0	4
-107.0	7
-106.0	5
-105.0	5
-104.0	4
-103.0	7
-102.0	4
-101.0	4
-100.0	7
 -99.0	6
 -98.0	5
 -97.0	7
 -96.0	6
 -95.0	5
 -94.0	7
 -93.0	8
 -92.0	5
 -91.0	5
 -90.0	4
 -89.0	5
 -88.0	8
 -87.0	6
 -86.0	4
 -85.0	5
 -84.0	6.5
 -83.0	6
 -82.0	8
 -81.0	5
 -80.0	8
 -79.0	2
 -78.0	5
 -77.0	3
 -76.0	8.5
 -75.0	11
 -74.0	7
 -73.0	10
 -72.0	10
 -71.0	6
 -70.0	6
 -69.0	5
 -68.0	8
 -67.0	4
 -66.0	2
 -65.0	5
 -64.0	11
 -63.0	6
 -62.0	11
 -61.0	7
 -60.0	6
 -59.0	11
 -58.0	10.5
 -57.0	7
 -56.0	7
 -55.0	6.33333
 -54.0	7
 -53.0	8
 -52.0	10
 -51.0	8
 -50.0	6
 -49.0	6
 -48.0	8
 -47.0	5
 -46.0	7
 -45.0	7
 -44.0	7
 -43.0	6
 -42.0	4
 -41.0	19
 -40.0	6
 -39.0	7
 -38.0	14
 -37.0	6
 -36.0	5
 -35.0	5
 -34.0	9
 -33.0	9.5
 -32.0	6
 -31.0	9
 -30.0	10.5
 -29.0	7
 -28.0	7
 -27.0	9
 -26.0	8
 -25.0	6
 -24.0	7
 -23.0	10
 -22.0	6
 -21.0	8
 -20.0	5
 -19.0	10
 -18.0	12
 -17.0	11
 -16.0	5
 -15.0	3
 -14.0	10
 -13.0	1
 -12.0	10
 -11.0	5
 -10.0	6
  -9.0	8
  -8.0	7
  -7.0	8
  -6.0	9
  -5.0	8
  -4.0	7.5
  -3.0	7
  -2.0	11
  -1.0	6
   0.0	12
   1.0	4
   2.0	5
   3.0	7
   4.0	7
   5.0	6
   6.0	10
   7.0	9.33333
   8.0	10.5
   9.0	10
  10.0	9
  11.0	13
  12.0	7.5
  13.0	11
  14.0	4
  15.0	3
  16.0	4
  17.0	5
  18.0	6
  19.0	7
  20.0	8
  21.0	11
  22.0	10
  23.0	7
  24.0	11
  25.0	8
  26.0	7
  27.0	9
  28.0	5
  29.0	7
  30.0	6
  31.0	3
  32.0	9
  33.0	5
  34.0	10
  35.0	6
  36.0	6
  37.0	6
  38.0	8
  39.0	4
  40.0	3
  41.0	6
  42.0	6
  43.0	6
  44.0	8
  45.0	6
  46.0	7.5
  47.0	7
  48.0	8
  49.0	8
  50.0	10.5
  51.0	10
  52.0	5
  53.0	7
  54.0	7
  55.0	6
  56.0	4
  57.0	4
  58.0	8
  59.0	7
  60.0	6
  61.0	10
  62.0	8
  63.0	8
  64.0	5
  65.0	7
  66.0	4
  67.0	10
  68.0	9
  69.0	4
  70.0	3
  71.0	4.5
  72.0	7.5
  73.0	7
  74.0	1.5
  75.0	7
  76.0	4
  77.0	10
  78.0	6
  79.0	4
  80.0	7
  81.0	3.5
  82.0	2
  83.0	4
  84.0	5
  85.0	2
  86.0	7
  87.0	6
  88.0	4
  89.0	1
  90.0	8
  91.0	4
  92.0	2
  93.0	5.5
  94.0	9
  95.0	5
  96.0	5
  97.0	9.5
  98.0	5
  99.0	1
 100.0	4
 101.0	6
 102.0	4
 103.0	3
 104.0	4
 105.0	4
 106.0	3
 107.0	2
 108.0	4
 109.0	6
 110.0	4
 111.0	4
 112.0	3
 113.0	5
 114.0	9
 115.0	4
 116.0	5
 117.0	2
 118.0	11
 119.0	4
 120.0	5
 121.0	2
 122.0	4
 123.0	4
 124.0	4
 125.0	8
 126.0	5
 127.0	7
 128.0	5
 129.0	5
 130.0	8
 131.0	4
 132.0	7
 133.0	6
 134.0	4
 135.0	8
 136.0	3
 137.0	2
 138.0	4.5
 139.0	4
 140.0	4
 141.0	3
 142.0	4
 143.0	2
 144.0	2
 145.0	4
 146.0	5
 147.0	7
 148.0	6
 149.0	2
 150.0	5
 151.0	4
 152.0	6
 153.0	1
 154.0	6
 155.0	5
 156.0	3
 157.0	7
 158.0	5
 159.0	4
 160.0	2
 161.0	7
 162.0	4
 163.0	3
 164.0	5
 165.0	2
 166.0	6
 167.0	2
 168.0	2
 169.0	6
 170.0	4
 171.0	9.5
 172.0	3
 173.0	3
 174.0	4
 175.0	6
 176.0	6
 177.0	4
 178.0	5
 179.0	5
 180.0	5
 181.0	4
 182.0	5
 183.0	5
 184.0	7
 185.0	3
 186.0	5
 187.0	3
 188.0	6
 189.0	4.5
 190.0	4
 191.0	2
 192.0	1
 193.0	2
 194.0	7
 195.0	5
 196.0	2
 197.0	4
 198.0	3
 199.0	3
 200.0	2
 201.0	5
 202.0	1
 203.0	6
 204.0	5
 205.0	5
 206.0	2
 207.0	6
 208.0	2
 209.0	2
 210.0	6
 211.0	7
 212.0	1
 213.0	7
 214.0	5
 215.0	3
 216.0	6
 217.0	6
 218.0	4
 219.0	2
 220.0	4
 221.0	2
 222.0	4
 223.0	1
 224.0	8.5
 225.0	0
 226.0	6
 227.0	4
 228.0	1
 229.0	5
DB 2 MOTIF	GABPA_HUMAN.H11MO.0.A
-228.0	26
-227.0	27
-226.0	22
-225.0	33
-224.0	35.5
-223.0	28
-222.0	41
-221.0	25
-220.0	32
-219.0	31
-218.0	25
-217.0	26
-216.0	27.5
-215.0	28.5
-214.0	25
-213.0	37.25
-212.0	36
-211.0	34
-210.0	24
-209.0	23
-208.0	32
-207.0	32
-206.0	28
-205.0	24
-204.0	28.5
-203.0	33
-202.0	23
-201.0	37
-200.0	27
-199.0	25
-198.0	27
-197.0	25.3333
-196.0	33
-195.0	30
-194.0	26
-193.0	30
-192.0	27
-191.0	39
-190.0	29
-189.0	22
-188.0	23.25
-187.0	13
-186.0	27
-185.0	24
-184.0	29.5
-183.0	31
-182.0	28.5
-181.0	26
-180.0	27
-179.0	31
-178.0	34
-177.0	29
-176.0	20
-175.0	30
-174.0	24
-173.0	27
-172.0	24
-171.0	23
-170.0	24.3333
-169.0	33
-168.0	27
-167.0	28
-166.0	37
-165.0	31
-164.0	23
-163.0	19.25
-162.0	22
-161.0	24.5
-160.0	25.5
-159.0	30
-158.0	23
-157.0	26
-156.0	39
-155.0	23
-154.0	24
-153.0	16
-152.0	20
-151.0	25
-150.0	30
-149.0	29.3333
-148.0	23
-147.0	28
-146.0	29
-145.0	30
-144.0	33
-143.0	19
-142.0	23
-141.0	25
-140.0	30
-139.0	22
-138.0	27.25
-137.0	21
-136.0	31
-135.0	28
-134.0	26
-133.0	28
-132.0	21
-131.0	27
-130.0	27
-129.0	34.3333
-128.0	31
-127.0	29
-126.0	31.5
-125.0	29.5
-124.0	23
-123.0	28
-122.0	27
-121.0	30
-120.0	31
-119.0	30
-118.0	27
-117.0	26
-116.0	30
-115.0	19
-114.0	26
-113.0	27
-112.0	23
-111.0	26.5
-110.0	19
-109.0	19
-108.0	30
-107.0	34.5
-106.0	30
-105.0	25
-104.0	27
-103.0	27.5
-102.0	25.5
-101.0	30
-100.0	23
 -99.0	31
 -98.0	27
 -97.0	22
 -96.0	32
 -95.0	26
 -94.0	32
 -93.0	28.5
 -92.0	20
 -91.0	32.5
 -90.0	33
 -89.0	30
 -88.0	33
 -87.0	26
 -86.0	39
 -85.0	25.5
 -84.0	25
 -83.0	31
 -82.0	32
 -81.0	17
 -80.0	25
 -79.0	37
 -78.0	31
 -77.0	22
 -76.0	23
 -75.0	38
 -74.0	32
 -73.0	35
 -72.0	31.5
 -71.0	34
 -70.0	41
 -69.0	26
 -68.0	36
 -67.0	35
 -66.0	30
 -65.0	41
 -64.0	24
 -63.0	26
 -62.0	32
 -61.0	40
 -60.0	33
 -59.0	27
 -58.0	22
 -57.0	37
 -56.0	43
 -55.0	33.5
 -54.0	32
 -53.0	30
 -52.0	33.5
 -51.0	30.5
 -50.0	34.5
 -49.0	25
 -48.0	23
 -47.0	31
 -46.0	39
 -45.0	37
 -44.0	35
 -43.0	37
 -42.0	42
 -41.0	44
 -40.0	39.5
 -39.0	36
 -38.0	36
 -37.0	28
 -36.0	33
 -35.0	33.5
 -34.0	46
 -33.0	45
 -32.0	45
 -31.0	42.5
 -30.0	38.5
 -29.0	40
 -28.0	36.5
 -27.0	51
 -26.0	27
 -25.0	36.5
 -24.0	35
 -23.0	28
 -22.0	45
 -21.0	38.5
 -20.0	31
 -19.0	41
 -18.0	45
 -17.0	53
 -16.0	47
 -15.0	29
 -14.0	44
 -13.0	40
 -12.0	39
 -11.0	44
 -10.0	34
  -9.0	33.5
  -8.0	36
  -7.0	38
  -6.0	46
  -5.0	37
  -4.0	38
  -3.0	42
  -2.0	36
  -1.0	45.5
   0.0	39
   1.0	42
   2.0	47
   3.0	31
   4.0	34
   5.0	30.5
   6.0	37.5
   7.0	40
   8.0	43
   9.0	27
  10.0	44
  11.0	46
  12.0	37
  13.0	22
  14.0	37
  15.0	35
  16.0	24.5
  17.0	50
  18.0	36
  19.0	37.5
  20.0	39
  21.0	39
  22.0	45
  23.0	39
  24.0	32.5
  25.0	34.5
  26.0	29
  27.0	33
  28.0	37
  29.0	42
  30.0	35
  31.0	32
  32.0	31
  33.0	33
  34.0	38.5
  35.0	29
  36.0	46
  37.0	24
  38.0	44
  39.0	46.5
  40.0	36
  41.0	29
  42.0	39
  43.0	30
  44.0	39
  45.0	43
  46.0	37
  47.0	34
  48.0	42.5
  49.0	39
  50.0	49
  51.0	39
  52.0	32
  53.0	33
  54.0	27
  55.0	49
  56.0	33.5
  57.0	32
  58.0	42.3333
  59.0	30.5
  60.0	40
  61.0	38
  62.0	28
  63.0	29
  64.0	23
  65.0	36.5
  66.0	30
  67.0	36
  68.0	27
  69.0	30
  70.0	24
  71.0	19
  72.0	29
  73.0	40
  74.0	35
  75.0	29
  76.0	42
  77.0	26
  78.0	30
  79.0	31
  80.0	23.5
  81.0	32
  82.0	30
  83.0	32
  84.0	25
  85.0	22
  86.0	35.5
  87.0	36
  88.0	29
  89.0	29
  90.0	36
  91.0	29
  92.0	18
  93.0	26
  94.0	27
  95.0	21
  96.0	21
  97.0	29
  98.0	34
  99.0	27
 100.0	27
 101.0	24
 102.0	38
 103.0	30
 104.0	32
 105.0	33
 106.0	20
 107.0	12
 108.0	21.5
 109.0	23
 110.0	24
 111.0	28
 112.0	34
 113.0	31
 114.0	21.5
 115.0	22
 116.0	28
 117.0	34
 118.0	21
 119.0	23
 120.0	26
 121.0	17.5
 122.0	25
 123.0	27
 124.0	34
 125.0	40
 126.0	37
 127.0	22
 128.0	33
 129.0	27
 130.0	28
 131.0	20
 132.0	25
 133.0	20.5
 134.0	21
 135.0	23
 136.0	32
 137.0	32
 138.0	22
 139.0	18.5
 140.0	34
 141.0	19
 142.0	33
 143.0	32
 144.0	39
 145.0	18
 146.0	24
 147.0	26
 148.0	19
 149.0	20
 150.0	21
 151.0	29
 152.0	24
 153.0	25
 154.0	22
 155.0	28
 156.0	31
 157.0	26
 158.0	24
 159.0	28
 160.0	25.5
 161.0	34
 162.0	29
 163.0	29
 164.0	21.5
 165.0	19
 166.0	34
 167.0	23
 168.0	30
 169.0	28
 170.0	29
 171.0	27
 172.0	38
 173.0	29
 174.0	29
 175.0	24
 176.0	21
 177.0	19
 178.0	23
 179.0	19
 180.0	28
 181.0	22
 182.0	24.5
 183.0	26.5
 184.0	20
 185.0	29.3333
 186.0	21
 187.0	26
 188.0	26.5
 189.0	21
 190.0	21
 191.0	25
 192.0	25.5
 193.0	19.5
 194.0	20
 195.0	19
 196.0	29
 197.0	24
 198.0	29
 199.0	26
 200.0	23.5
 201.0	26.5
 202.0	28
 203.0	28
 204.0	22
 205.0	25
 206.0	29
 207.0	23.5
 208.0	26
 209.0	19
 210.0	27
 211.0	27
 212.0	28
 213.0	26
 214.0	26
 215.0	25
 216.0	22
 217.0	28
 218.0	20
 219.0	19
 220.0	21
 221.0	21
 222.0	16
 223.0	18
 224.0	23
 225.0	27.5
 226.0	20
 227.0	24.5
 228.0	27
DB 2 MOTIF	HEN1_HUMAN.H11MO.0.C
-225.0	12
-224.0	11
-223.0	16
-222.0	11
-221.0	13
-220.0	9
-219.0	8
-218.0	13
-217.0	10
-216.0	16
-215.0	16
-214.0	17
-213.0	14
-212.0	16
-211.0	11
-210.0	13
-209.0	15
-208.0	14
-207.0	17
-206.0	15
-205.0	13
-204.0	14
-203.0	12
-202.0	24
-201.0	7
-200.0	10
-199.0	11.5
-198.0	10
-197.0	15
-196.0	16
-195.0	11
-194.0	7
-193.0	14
-192.0	9
-191.0	13
-190.0	11
-189.0	13
-188.0	12
-187.0	6
-186.0	9
-185.0	10
-184.0	8
-183.0	15
-182.0	13
-181.0	12.5
-180.0	9
-179.0	11
-178.0	7
-177.0	13
-176.0	9
-175.0	14
-174.0	18
-173.0	11
-172.0	16
-171.0	12
-170.0	12
-169.0	15
-168.0	15
-167.0	12
-166.0	6
-165.0	10
-164.0	12
-163.0	13
-162.0	7
-161.0	14
-160.0	18
-159.0	9
-158.0	17
-157.0	12
-156.0	9
-155.0	14
-154.0	10
-153.0	13
-152.0	7
-151.0	9
-150.0	15
-149.0	7
-148.0	11
-147.0	15
-146.0	6
-145.0	12
-144.0	12
-143.0	13
-142.0	9
-141.0	16
-140.0	15
-139.0	11
-138.0	19
-137.0	10
-136.0	10
-135.0	9
-134.0	8
-133.0	15
-132.0	9
-131.0	18
-130.0	10
-129.0	10
-128.0	13
-127.0	11
-126.0	17
-125.0	14
-124.0	15
-123.0	14
-122.0	13
-121.0	12
-120.0	19
-119.0	12
-118.0	12
-117.0	13
-116.0	6
-115.0	16.5
-114.0	18
-113.0	12
-112.0	15
-111.0	15
-110.0	10
-109.0	16.5
-108.0	13
-107.0	16
-106.0	14
-105.0	16
-104.0	11
-103.0	14
-102.0	15
-101.0	15
-100.0	12
 -99.0	9
 -98.0	16.5
 -97.0	15
 -96.0	11
 -95.0	14
 -94.0	16
 -93.0	14
 -92.0	7
 -91.0	14
 -90.0	13
 -89.0	16
 -88.0	12
 -87.0	17
 -86.0	17
 -85.0	20
 -84.0	15
 -83.0	14
 -82.0	9
 -81.0	6
 -80.0	11
 -79.0	11
 -78.0	10
 -77.0	17
 -76.0	13
 -75.0	10
 -74.0	16
 -73.0	14.5
 -72.0	12
 -71.0	14
 -70.0	11
 -69.0	16
 -68.0	11
 -67.0	16
 -66.0	16
 -65.0	16
 -64.0	11
 -63.0	14
 -62.0	12
 -61.0	9
 -60.0	15
 -59.0	12
 -58.0	10
 -57.0	19
 -56.0	13
 -55.0	12
 -54.0	13
 -53.0	14
 -52.0	12
 -51.0	9
 -50.0	21
 -49.0	12
 -48.0	10
 -47.0	14
 -46.0	23
 -45.0	14
 -44.0	7
 -43.0	12
 -42.0	9
 -41.0	8
 -40.0	15
 -39.0	11
 -38.0	11.5
 -37.0	16
 -36.0	10
 -35.0	17
 -34.0	13
 -33.0	18
 -32.0	12.25
 -31.0	11
 -30.0	14
 -29.0	11
 -28.0	9
 -27.0	12
 -26.0	13
 -25.0	15
 -24.0	14
 -23.0	10
 -22.0	10
 -21.0	16
 -20.0	17
 -19.0	10
 -18.0	13
 -17.0	13
 -16.0	7
 -15.0	10
 -14.0	13
 -13.0	15
 -12.0	8
 -11.0	10
 -10.0	12
  -9.0	17
  -8.0	10
  -7.0	13
  -6.0	27
  -5.0	19
  -4.0	15
  -3.0	21
  -2.0	19
  -1.0	14
   0.0	13
   1.0	12.5
   2.0	13
   3.0	10
   4.0	21
   5.0	17
   6.0	15
   7.0	10
   8.0	14
   9.0	13
  10.0	9
  11.0	4
  12.0	9
  13.0	18
  14.0	10
  15.0	17
  16.0	10
  17.0	8
  18.0	17
  19.0	13
  20.0	4
  21.0	13.25
  22.0	15
  23.0	11
  24.0	10
  25.0	20
  26.0	17
  27.0	13
  28.0	14
  29.0	13
  30.0	15
  31.0	17
  32.0	15.5
  33.0	13
  34.0	21
  35.0	14
  36.0	18
  37.0	16
  38.0	12
  39.0	16
  40.0	6
  41.0	12
  42.0	15
  43.0	17
  44.0	8
  45.0	11
  46.0	12
  47.0	13
  48.0	13
  49.0	13
  50.0	9
  51.0	10
  52.0	18
  53.0	19
  54.0	18
  55.0	13
  56.0	12
  57.0	10
  58.0	10
  59.0	10
  60.0	10
  61.0	18
  62.0	16
  63.0	12
  64.0	9
  65.0	11
  66.0	10
  67.0	11
  68.0	11
  69.0	16
  70.0	15
  71.0	19
  72.0	16
  73.0	13
  74.0	20.25
  75.0	9
  76.0	19
  77.0	14
  78.0	12
  79.0	7
  80.0	22
  81.0	12
  82.0	4
  83.0	15
  84.0	7
  85.0	17
  86.0	10
  87.0	6
  88.0	12
  89.0	8
  90.0	13
  91.0	18
  92.0	8
  93.0	13.5
  94.0	12
  95.0	13
  96.0	18
  97.0	11
  98.0	10
  99.0	8
 100.0	12
 101.0	7
 102.0	9
 103.0	6
 104.0	12
 105.0	14
 106.0	11
 107.0	10
 108.0	10
 109.0	10
 110.0	11
 111.0	13
 112.0	14
 113.0	11
 114.0	12
 115.0	16
 116.0	16
 117.0	18
 118.0	8
 119.0	11
 120.0	9
 121.0	9
 122.0	17
 123.0	13
 124.0	8
 125.0	15
 126.0	10
 127.0	6.25
 128.0	13
 129.0	7
 130.0	14
 131.0	20
 132.0	11
 133.0	13
 134.0	15
 135.0	12
 136.0	11
 137.0	10
 138.0	15
 139.0	11
 140.0	17
 141.0	13
 142.0	9
 143.0	13
 144.0	10
 145.0	11
 146.0	12
 147.0	8
 148.0	14
 149.0	10
 150.0	11
 151.0	8
 152.0	14
 153.0	11
 154.0	11
 155.0	12
 156.0	12
 157.0	8
 158.0	9
 159.0	10
 160.0	14
 161.0	12
 162.0	20
 163.0	12
 164.0	11
 165.0	13
 166.0	12
 167.0	7
 168.0	11
 169.0	11
 170.0	10
 171.0	10
 172.0	14
 173.0	14
 174.0	12
 175.0	18
 176.0	7
 177.0	13
 178.0	15
 179.0	6
 180.0	10
 181.0	8
 182.0	13
 183.0	12
 184.0	12
 185.0	13
 186.0	9
 187.0	14
 188.0	8
 189.0	7
 190.0	9
 191.0	13
 192.0	9
 193.0	11
 194.0	11
 195.0	10
 196.0	10
 197.0	17
 198.0	12
 199.0	9
 200.0	13
 201.0	8
 202.0	15
 203.0	11
 204.0	9
 205.0	7
 206.0	10
 207.0	5
 208.0	22
 209.0	15
 210.0	10
 211.0	8
 212.0	16
 213.0	11
 214.0	12
 215.0	7
 216.0	13
 217.0	14
 218.0	10
 219.0	12
 220.0	6
 221.0	11
 222.0	16
 223.0	8
 224.0	9
 225.0	14
DB 2 MOTIF	HES1_HUMAN.H11MO.0.D
-228.5	35
-227.5	29.5
-226.5	33.5
-225.5	26
-224.5	31
-223.5	35
-222.5	35
-221.5	30
-220.5	44
-219.5	37
-218.5	32
-217.5	45
-216.5	28.5
-215.5	29.5
-214.5	32
-213.5	38
-212.5	41
-211.5	23
-210.5	28.5
-209.5	27
-208.5	30
-207.5	31
-206.5	28
-205.5	32.5
-204.5	32
-203.5	40
-202.5	42.3333
-201.5	34
-200.5	36
-199.5	37
-198.5	30.5
-197.5	36
-196.5	32
-195.5	24
-194.5	34
-193.5	38.2
-192.5	30
-191.5	30.5
-190.5	41
-189.5	39
-188.5	35
-187.5	34
-186.5	42
-185.5	31.5
-184.5	43
-183.5	31.5
-182.5	31
-181.5	28.5
-180.5	28
-179.5	39
-178.5	39
-177.5	40.5
-176.5	36.5
-175.5	29.8333
-174.5	22
-173.5	40
-172.5	30
-171.5	38
-170.5	21
-169.5	46
-168.5	33
-167.5	36
-166.5	34
-165.5	34
-164.5	41
-163.5	31.7
-162.5	45
-161.5	40
-160.5	34
-159.5	35.5
-158.5	26
-157.5	28.5
-156.5	36
-155.5	37
-154.5	34
-153.5	29.25
-152.5	30
-151.5	26.5
-150.5	34.5
-149.5	24.5
-148.5	24
-147.5	25
-146.5	38
-145.5	37
-144.5	37
-143.5	40
-142.5	40
-141.5	30
-140.5	28
-139.5	36
-138.5	34
-137.5	22.5
-136.5	40.5
-135.5	32
-134.5	33
-133.5	38.7
-132.5	32.5
-131.5	26.5
-130.5	32
-129.5	32
-128.5	30
-127.5	24
-126.5	39
-125.5	38
-124.5	26.5
-123.5	50.5
-122.5	37.3333
-121.5	29.5
-120.5	39.5
-119.5	39
-118.5	31.5
-117.5	32
-116.5	35
-115.5	35
-114.5	33
-113.5	34.5
-112.5	25.5
-111.5	39
-110.5	30.5
-109.5	29
-108.5	43
-107.5	28
-106.5	34.5
-105.5	28.5
-104.5	27
-103.5	27.7
-102.5	33
-101.5	36
-100.5	37
 -99.5	32.5
 -98.5	26
 -97.5	30
 -96.5	31
 -95.5	35.5
 -94.5	35
 -93.5	33
 -92.5	42
 -91.5	32
 -90.5	23
 -89.5	32
 -88.5	31
 -87.5	37.5
 -86.5	31.5
 -85.5	37
 -84.5	41.5
 -83.5	36
 -82.5	35
 -81.5	42
 -80.5	40
 -79.5	35
 -78.5	24.5
 -77.5	36
 -76.5	34.8333
 -75.5	46
 -74.5	35.5
 -73.5	35.7
 -72.5	36
 -71.5	39
 -70.5	28
 -69.5	33.5
 -68.5	37
 -67.5	36.8333
 -66.5	32
 -65.5	35
 -64.5	39
 -63.5	26
 -62.5	36
 -61.5	45
 -60.5	30.5
 -59.5	33.5
 -58.5	40.5833
 -57.5	41
 -56.5	29
 -55.5	40
 -54.5	45
 -53.5	30
 -52.5	40.5
 -51.5	37
 -50.5	31
 -49.5	47
 -48.5	35
 -47.5	43
 -46.5	37
 -45.5	32
 -44.5	36
 -43.5	42
 -42.5	42.5
 -41.5	44
 -40.5	34
 -39.5	41.5
 -38.5	44
 -37.5	45.5
 -36.5	32
 -35.5	29
 -34.5	36
 -33.5	45
 -32.5	43
 -31.5	41.5
 -30.5	29
 -29.5	38
 -28.5	35
 -27.5	38
 -26.5	41
 -25.5	53
 -24.5	43
 -23.5	35
 -22.5	45
 -21.5	35.5
 -20.5	50.5
 -19.5	30
 -18.5	41
 -17.5	40.5
 -16.5	36
 -15.5	34
 -14.5	49
 -13.5	26.5
 -12.5	37.5
 -11.5	32
 -10.5	50
  -9.5	31
  -8.5	48.5
  -7.5	36
  -6.5	30
  -5.5	33.5
  -4.5	43.5
  -3.5	30
  -2.5	47
  -1.5	33
  -0.5	38
   0.5	36
   1.5	32
   2.5	49
   3.5	49
   4.5	33
   5.5	40
   6.5	38
   7.5	42
   8.5	51
   9.5	39.5
  10.5	34
  11.5	49
  12.5	40
  13.5	38
  14.5	45
  15.5	32
  16.5	46
  17.5	45
  18.5	31
  19.5	41
  20.5	31
  21.5	36
  22.5	36
  23.5	36
  24.5	36
  25.5	41
  26.5	40
  27.5	31
  28.5	33.5
  29.5	38.5
  30.5	28.5
  31.5	33.5
  32.5	46
  33.5	31
  34.5	32
  35.5	33
  36.5	38.25
  37.5	40.5
  38.5	39.5
  39.5	43
  40.5	33
  41.5	49
  42.5	45.5
  43.5	47
  44.5	42
  45.5	35
  46.5	28
  47.5	48
  48.5	35
  49.5	27.5
  50.5	34
  51.5	40.25
  52.5	38
  53.5	38.5
  54.5	31
  55.5	33.5
  56.5	34
  57.5	44.5
  58.5	40
  59.5	52.5
  60.5	35
  61.5	40.5
  62.5	32.5
  63.5	28
  64.5	30
  65.5	23.5
  66.5	35
  67.5	31.5
  68.5	30
  69.5	40
  70.5	31.5
  71.5	41
  72.5	42.5
  73.5	48
  74.5	37.5
  75.5	55
  76.5	36
  77.5	36
  78.5	33
  79.5	39
  80.5	34.5
  81.5	42.5
  82.5	39.5
  83.5	41
  84.5	31
  85.5	45
  86.5	34
  87.5	35
  88.5	24
  89.5	38
  90.5	40
  91.5	35
  92.5	43
  93.5	35.5
  94.5	32.5
  95.5	27
  96.5	37
  97.5	36
  98.5	34
  99.5	28.5
 100.5	29
 101.5	30
 102.5	35
 103.5	37
 104.5	32
 105.5	32
 106.5	32
 107.5	26
 108.5	33
 109.5	29
 110.5	35
 111.5	32
 112.5	29.5
 113.5	43
 114.5	34.5
 115.5	42
 116.5	39
 117.5	30
 118.5	38
 119.5	38
 120.5	29
 121.5	34
 122.5	36
 123.5	31
 124.5	27.5
 125.5	31
 126.5	31
 127.5	38.5
 128.5	31.5
 129.5	31
 130.5	28
 131.5	33.5
 132.5	25
 133.5	43.5
 134.5	35
 135.5	34.5
 136.5	21.5
 137.5	44
 138.5	39.5
 139.5	26.5
 140.5	36.5
 141.5	36.5
 142.5	27
 143.5	35.5
 144.5	35
 145.5	28
 146.5	33
 147.5	38
 148.5	32
 149.5	33
 150.5	23
 151.5	32
 152.5	35
 153.5	31.5
 154.5	24.5
 155.5	34
 156.5	31
 157.5	30.5
 158.5	35
 159.5	27
 160.5	29
 161.5	38
 162.5	38
 163.5	33
 164.5	24
 165.5	42
 166.5	26
 167.5	38
 168.5	34
 169.5	27
 170.5	32.5
 171.5	34
 172.5	30.5
 173.5	20
 174.5	32
 175.5	27.5
 176.5	27
 177.5	40
 178.5	33.5
 179.5	33
 180.5	37
 181.5	41
 182.5	41.5
 183.5	35
 184.5	28.5
 185.5	29
 186.5	30
 187.5	33.5
 188.5	36
 189.5	33
 190.5	27
 191.5	35
 192.5	34.5
 193.5	38.5
 194.5	30
 195.5	20.5
 196.5	26
 197.5	23
 198.5	42
 199.5	32
 200.5	38
 201.5	36.5
 202.5	41
 203.5	25
 204.5	22
 205.5	29
 206.5	33
 207.5	30
 208.5	21
 209.5	30.5
 210.5	35.5
 211.5	41
 212.5	24
 213.5	32
 214.5	26
 215.5	32
 216.5	40
 217.5	45.5
 218.5	31
 219.5	29
 220.5	38
 221.5	33
 222.5	29
 223.5	27.5
 224.5	27
 225.5	29
 226.5	28
 227.5	39
 228.5	34
DB 2 MOTIF	HES5_HUMAN.H11MO.0.D
-229.0	3
-228.0	4
-227.0	4
-226.0	3
-225.0	2
-224.0	1
-223.0	1
-222.0	4
-221.0	4
-220.0	5
-219.0	1
-218.0	4
-217.0	6
-216.0	6
-215.0	5
-214.0	1
-213.0	2
-212.0	4
-211.0	5
-210.0	5
-209.0	0
-208.0	5
-207.0	2
-206.0	4
-205.0	5
-204.0	5
-203.0	3
-202.0	3
-201.0	3
-200.0	4
-199.0	2
-198.0	3
-197.0	4
-196.0	3
-195.0	4
-194.0	1
-193.0	4
-192.0	0
-191.0	7
-190.0	3
-189.0	3
-188.0	1
-187.0	7
-186.0	3
-185.0	5
-184.0	1
-183.0	4
-182.0	3
-181.0	1
-180.0	1
-179.0	3
-178.0	4
-177.0	3
-176.0	2
-175.0	2
-174.0	2
-173.0	2
-172.0	3
-171.0	1
-170.0	1
-169.0	1
-168.0	1
-167.0	1
-166.0	4
-165.0	1
-164.0	2
-163.0	3
-162.0	2
-161.0	3
-160.0	2
-159.0	1
-158.0	0
-157.0	5
-156.0	1
-155.0	3
-154.0	5
-153.0	1
-152.0	0
-151.0	0
-150.0	2
-149.0	3
-148.0	1
-147.0	2
-146.0	4
-145.0	0
-144.0	1
-143.0	4
-142.0	2
-141.0	2
-140.0	1
-139.0	1
-138.0	3
-137.0	1
-136.0	4
-135.0	3
-134.0	2
-133.0	2
-132.0	2
-131.0	1
-130.0	0
-129.0	4
-128.0	2
-127.0	4
-126.0	3
-125.0	3
-124.0	2
-123.0	3
-122.0	0
-121.0	1
-120.0	3
-119.0	1
-118.0	4
-117.0	1
-116.0	3
-115.0	4
-114.0	4
-113.0	1
-112.0	1
-111.0	5
-110.0	8
-109.0	2
-108.0	1
-107.0	5
-106.0	6
-105.0	5
-104.0	1
-103.0	4
-102.0	3
-101.0	2
-100.0	3
 -99.0	5
 -98.0	1
 -97.0	2
 -96.0	1
 -95.0	2
 -94.0	5
 -93.0	4
 -92.0	2
 -91.0	2
 -90.0	0
 -89.0	2
 -88.0	2
 -87.0	3
 -86.0	2
 -85.0	2
 -84.0	4
 -83.0	3
 -82.0	3
 -81.0	4
 -80.0	1
 -79.0	3
 -78.0	6
 -77.0	2
 -76.0	2
 -75.0	3
 -74.0	0
 -73.0	4
 -72.0	4
 -71.0	1
 -70.0	4
 -69.0	2
 -68.0	3
 -67.0	1
 -66.0	5
 -65.0	1
 -64.0	5
 -63.0	3
 -62.0	5
 -61.0	2
 -60.0	1
 -59.0	5
 -58.0	3
 -57.0	0
 -56.0	5
 -55.0	2
 -54.0	8
 -53.0	2
 -52.0	6
 -51.0	4
 -50.0	5
 -49.0	4
 -48.0	5
 -47.0	4
 -46.0	2
 -45.0	2
 -44.0	2
 -43.0	7
 -42.0	3
 -41.0	4
 -40.0	1
 -39.0	0
 -38.0	2
 -37.0	6
 -36.0	1
 -35.0	4
 -34.0	3
 -33.0	3
 -32.0	4
 -31.0	3
 -30.0	3
 -29.0	8
 -28.0	5
 -27.0	4
 -26.0	7
 -25.0	3
 -24.0	7
 -23.0	5
 -22.0	7
 -21.0	3
 -20.0	3
 -19.0	4
 -18.0	0
 -17.0	4
 -16.0	6
 -15.0	2
 -14.0	7
 -13.0	8
 -12.0	5
 -11.0	4
 -10.0	4.5
  -9.0	6
  -8.0	6
  -7.0	6
  -6.0	7
  -5.0	3
  -4.0	2
  -3.0	7
  -2.0	2
  -1.0	4
   0.0	2
   1.0	4
   2.0	4.5
   3.0	7
   4.0	4
   5.0	4
   6.0	5
   7.0	3
   8.0	4
   9.0	3
  10.0	6
  11.0	9
  12.0	5
  13.0	4
  14.0	2
  15.0	3
  16.0	6
  17.0	4
  18.0	3
  19.0	4
  20.0	4
  21.0	2
  22.0	4
  23.0	3
  24.0	1
  25.0	6
  26.0	2
  27.0	6
  28.0	2
  29.0	2
  30.0	6
  31.0	4
  32.0	4
  33.0	7
  34.0	2
  35.0	5
  36.0	3
  37.0	3
  38.0	1
  39.0	3
  40.0	3
  41.0	2
  42.0	8
  43.0	4
  44.0	4
  45.0	2
  46.0	7
  47.0	1
  48.0	4
  49.0	2
  50.0	6
  51.0	2
  52.0	1
  53.0	2
  54.0	3
  55.0	4
  56.0	3
  57.0	3
  58.0	6
  59.0	1
  60.0	2
  61.0	4
  62.0	1
  63.0	3
  64.0	5
  65.0	1
  66.0	1
  67.0	1
  68.0	1
  69.0	1
  70.0	3
  71.0	4
  72.0	4
  73.0	3
  74.0	2
  75.0	3
  76.0	2
  77.0	6
  78.0	3
  79.0	3
  80.0	3
  81.0	2
  82.0	2
  83.0	3
  84.0	3
  85.0	2
  86.0	4
  87.0	0
  88.0	5
  89.0	2
  90.0	4
  91.0	2
  92.0	4
  93.0	5
  94.0	2
  95.0	3
  96.0	3
  97.0	4
  98.0	2
  99.0	2
 100.0	0
 101.0	4
 102.0	1
 103.0	1
 104.0	1
 105.0	8
 106.0	4
 107.0	3
 108.0	3
 109.0	5
 110.0	3
 111.0	1
 112.0	4
 113.0	3
 114.0	2
 115.0	3
 116.0	1
 117.0	5
 118.0	4
 119.0	1
 120.0	2
 121.0	2
 122.0	1
 123.0	1
 124.0	3
 125.0	5
 126.0	2
 127.0	4
 128.0	5
 129.0	2
 130.0	4
 131.0	0
 132.0	3
 133.0	1
 134.0	2
 135.0	0
 136.0	4
 137.0	0
 138.0	3
 139.0	2
 140.0	2
 141.0	6
 142.0	4
 143.0	4
 144.0	1
 145.0	2
 146.0	0
 147.0	1
 148.0	4
 149.0	1
 150.0	3
 151.0	2
 152.0	2
 153.0	5
 154.0	1
 155.0	1
 156.0	2
 157.0	3
 158.0	3
 159.0	0
 160.0	4
 161.0	2
 162.0	2
 163.0	1
 164.0	2
 165.0	3
 166.0	2
 167.0	0
 168.0	4
 169.0	0
 170.0	3
 171.0	2
 172.0	3
 173.0	2
 174.0	0
 175.0	2
 176.0	3
 177.0	7
 178.0	4
 179.0	4
 180.0	1
 181.0	2
 182.0	3
 183.0	3
 184.0	3
 185.0	6
 186.0	0
 187.0	4
 188.0	5
 189.0	2
 190.0	5
 191.0	3
 192.0	3.5
 193.0	2
 194.0	3
 195.0	2
 196.0	3
 197.0	2
 198.0	2
 199.0	5
 200.0	4
 201.0	3
 202.0	5
 203.0	2
 204.0	1.5
 205.0	1
 206.0	6
 207.0	2
 208.0	1
 209.0	1
 210.0	4
 211.0	4
 212.0	2
 213.0	1
 214.0	2
 215.0	3
 216.0	3
 217.0	5
 218.0	4
 219.0	1
 220.0	2
 221.0	1
 222.0	3
 223.0	0
 224.0	0
 225.0	3
 226.0	1
 227.0	1
 228.0	2
 229.0	3
DB 2 MOTIF	HES7_HUMAN.H11MO.0.D
-229.0	1
-228.0	1
-227.0	3
-226.0	1
-225.0	1
-224.0	0
-223.0	0
-222.0	5
-221.0	2
-220.0	3
-219.0	1
-218.0	1
-217.0	2
-216.0	4
-215.0	4
-214.0	1
-213.0	2
-212.0	3
-211.0	4
-210.0	5
-209.0	0
-208.0	3
-207.0	2
-206.0	2
-205.0	3
-204.0	4
-203.0	2
-202.0	2
-201.0	2
-200.0	1
-199.0	1
-198.0	1
-197.0	1
-196.0	1
-195.0	1
-194.0	2
-193.0	2
-192.0	0
-191.0	7
-190.0	3
-189.0	2
-188.0	1
-187.0	3
-186.0	2
-185.0	3
-184.0	0
-183.0	0
-182.0	1
-181.0	0
-180.0	3
-179.0	1
-178.0	3
-177.0	1
-176.0	1
-175.0	2
-174.0	1
-173.0	1
-172.0	3
-171.0	1
-170.0	1
-169.0	1
-168.0	1
-167.0	0
-166.0	3
-165.0	0
-164.0	1
-163.0	1
-162.0	2
-161.0	3
-160.0	1
-159.0	0
-158.0	0
-157.0	4
-156.0	1
-155.0	1
-154.0	1
-153.0	2
-152.0	1
-151.0	1
-150.0	1
-149.0	2
-148.0	0
-147.0	0
-146.0	1
-145.0	1
-144.0	0
-143.0	2
-142.0	2
-141.0	2
-140.0	0
-139.0	2
-138.0	2
-137.0	1
-136.0	1
-135.0	1
-134.0	2
-133.0	0
-132.0	1
-131.0	1
-130.0	0
-129.0	4
-128.0	1
-127.0	1
-126.0	1
-125.0	3
-124.0	3
-123.0	2
-122.0	0
-121.0	1
-120.0	1
-119.0	1
-118.0	1
-117.0	2
-116.0	1
-115.0	2
-114.0	1
-113.0	0
-112.0	1
-111.0	4
-110.0	4
-109.0	2
-108.0	1
-107.0	1
-106.0	2
-105.0	3
-104.0	1
-103.0	3
-102.0	0
-101.0	1
-100.0	1
 -99.0	2
 -98.0	1
 -97.0	1
 -96.0	3
 -95.0	2
 -94.0	2
 -93.0	1
 -92.0	0
 -91.0	3
 -90.0	2
 -89.0	3
 -88.0	0
 -87.0	1
 -86.0	2
 -85.0	2
 -84.0	1
 -83.0	0
 -82.0	2
 -81.0	4
 -80.0	0
 -79.0	3
 -78.0	4
 -77.0	2
 -76.0	2
 -75.0	2
 -74.0	0
 -73.0	2
 -72.0	2
 -71.0	1
 -70.0	0
 -69.0	1
 -68.0	2
 -67.0	2
 -66.0	3
 -65.0	0
 -64.0	2
 -63.0	2
 -62.0	3
 -61.0	1
 -60.0	0
 -59.0	3
 -58.0	1
 -57.0	0
 -56.0	0
 -55.0	2
 -54.0	6
 -53.0	2
 -52.0	4
 -51.0	2
 -50.0	2
 -49.0	2
 -48.0	4
 -47.0	1
 -46.0	0
 -45.0	1
 -44.0	1
 -43.0	4
 -42.0	1
 -41.0	0
 -40.0	0
 -39.0	0
 -38.0	2
 -37.0	1
 -36.0	0
 -35.0	2
 -34.0	2
 -33.0	0
 -32.0	3
 -31.0	0
 -30.0	2
 -29.0	1
 -28.0	3
 -27.0	3
 -26.0	5
 -25.0	2
 -24.0	6
 -23.0	3
 -22.0	3
 -21.0	0
 -20.0	3
 -19.0	2
 -18.0	0
 -17.0	1
 -16.0	4
 -15.0	0
 -14.0	4
 -13.0	2
 -12.0	3
 -11.0	1
 -10.0	1.5
  -9.0	3
  -8.0	4
  -7.0	6
  -6.0	5
  -5.0	3
  -4.0	1
  -3.0	9
  -2.0	1
  -1.0	1
   0.0	1
   1.0	1
   2.0	3.5
   3.0	6
   4.0	2
   5.0	1
   6.0	3
   7.0	0
   8.0	3
   9.0	2
  10.0	2
  11.0	6
  12.0	3
  13.0	2
  14.0	1
  15.0	3
  16.0	3
  17.0	1
  18.0	1
  19.0	2
  20.0	1
  21.0	2
  22.0	0
  23.0	0
  24.0	1
  25.0	2
  26.0	2
  27.0	3
  28.0	1
  29.0	1
  30.0	2
  31.0	1
  32.0	3
  33.0	4
  34.0	1
  35.0	2
  36.0	3
  37.0	2
  38.0	0
  39.0	2
  40.0	2
  41.0	0
  42.0	3
  43.0	0
  44.0	4
  45.0	2
  46.0	5
  47.0	1
  48.0	1
  49.0	0
  50.0	3
  51.0	1
  52.0	2
  53.0	2
  54.0	4
  55.0	3
  56.0	1
  57.0	1
  58.0	4
  59.0	2
  60.0	3
  61.0	1
  62.0	1
  63.0	3
  64.0	2
  65.0	0
  66.0	0
  67.0	0
  68.0	3
  69.0	0
  70.0	1
  71.0	3
  72.0	3
  73.0	1
  74.0	0
  75.0	2
  76.0	4
  77.0	5
  78.0	2
  79.0	1
  80.0	2
  81.0	1
  82.0	1
  83.0	2
  84.0	2
  85.0	2
  86.0	3
  87.0	0
  88.0	1
  89.0	0
  90.0	2
  91.0	1
  92.0	2
  93.0	1
  94.0	0
  95.0	3
  96.0	2
  97.0	2
  98.0	2
  99.0	1
 100.0	1
 101.0	4
 102.0	1
 103.0	2
 104.0	0
 105.0	6
 106.0	6
 107.0	0
 108.0	1
 109.0	2
 110.0	0
 111.0	0
 112.0	1
 113.0	2
 114.0	2
 115.0	3
 116.0	0
 117.0	2
 118.0	2
 119.0	1
 120.0	1
 121.0	2
 122.0	0
 123.0	1
 124.0	3
 125.0	6
 126.0	0
 127.0	2
 128.0	2
 129.0	2
 130.0	2
 131.0	0
 132.0	1
 133.0	2
 134.0	2
 135.0	0
 136.0	1
 137.0	1
 138.0	2
 139.0	3
 140.0	2
 141.0	2
 142.0	2
 143.0	2
 144.0	0
 145.0	0
 146.0	0
 147.0	1
 148.0	1
 149.0	0
 150.0	1
 151.0	0
 152.0	2
 153.0	1
 154.0	0
 155.0	0
 156.0	2
 157.0	1
 158.0	2
 159.0	0
 160.0	2
 161.0	1
 162.0	2
 163.0	0
 164.0	2
 165.0	1
 166.0	0
 167.0	0
 168.0	2
 169.0	0
 170.0	2
 171.0	1
 172.0	3
 173.0	2
 174.0	0
 175.0	1
 176.0	0
 177.0	3
 178.0	4
 179.0	0
 180.0	1
 181.0	0
 182.0	1
 183.0	1
 184.0	2
 185.0	4
 186.0	1
 187.0	3
 188.0	2
 189.0	1
 190.0	3
 191.0	3
 192.0	0.5
 193.0	1
 194.0	2
 195.0	1
 196.0	0
 197.0	1
 198.0	1
 199.0	2
 200.0	0
 201.0	2
 202.0	2
 203.0	1
 204.0	1.5
 205.0	0
 206.0	4
 207.0	3
 208.0	1
 209.0	2
 210.0	2
 211.0	3
 212.0	1
 213.0	1
 214.0	1
 215.0	1
 216.0	4
 217.0	2
 218.0	2
 219.0	0
 220.0	2
 221.0	1
 222.0	1
 223.0	0
 224.0	0
 225.0	0
 226.0	1
 227.0	0
 228.0	2
 229.0	1
DB 2 MOTIF	HEY1_HUMAN.H11MO.0.D
-229.0	19
-228.0	13
-227.0	21
-226.0	16
-225.0	18
-224.0	8
-223.0	11
-222.0	14
-221.0	18
-220.0	18
-219.0	21
-218.0	17
-217.0	20.5
-216.0	10
-215.0	19
-214.0	9
-213.0	11
-212.0	11
-211.0	15
-210.0	16
-209.0	6
-208.0	22
-207.0	15
-206.0	22.5
-205.0	11
-204.0	21
-203.0	19
-202.0	21
-201.0	14
-200.0	15
-199.0	16
-198.0	11
-197.0	15
-196.0	19
-195.0	14
-194.0	13.2
-193.0	10
-192.0	12.8333
-191.0	20.3333
-190.0	18
-189.0	14
-188.0	16
-187.0	21
-186.0	26
-185.0	18
-184.0	12
-183.0	15
-182.0	12
-181.0	15
-180.0	14
-179.0	14
-178.0	20
-177.0	17
-176.0	13
-175.0	13
-174.0	27
-173.0	15
-172.0	12
-171.0	15
-170.0	17
-169.0	12
-168.0	12
-167.0	11
-166.0	21
-165.0	15
-164.0	18.2
-163.0	16
-162.0	11
-161.0	13
-160.0	17
-159.0	15
-158.0	17.3333
-157.0	15
-156.0	15
-155.0	21
-154.0	18
-153.0	12
-152.0	13
-151.0	17
-150.0	14
-149.0	9
-148.0	16
-147.0	16
-146.0	16
-145.0	11.5
-144.0	13
-143.0	26
-142.0	14
-141.0	18.5
-140.0	13
-139.0	12
-138.0	12
-137.0	22
-136.0	19
-135.0	13
-134.0	11.2
-133.0	16
-132.0	20
-131.0	18.5
-130.0	12
-129.0	18
-128.0	13
-127.0	17
-126.0	12.8333
-125.0	22
-124.0	18.3333
-123.0	14
-122.0	13
-121.0	17.5
-120.0	13
-119.0	10
-118.0	16
-117.0	16
-116.0	17
-115.0	15
-114.0	11
-113.0	20
-112.0	19
-111.0	20
-110.0	13
-109.0	12
-108.0	13
-107.0	21
-106.0	25.5
-105.0	17
-104.0	7.7
-103.0	15
-102.0	17
-101.0	18
-100.0	19
 -99.0	12
 -98.0	12
 -97.0	12
 -96.0	12
 -95.0	16
 -94.0	19
 -93.0	19
 -92.0	16
 -91.0	17
 -90.0	13
 -89.0	13
 -88.0	22
 -87.0	15
 -86.0	11
 -85.0	19
 -84.0	19
 -83.0	14
 -82.0	23
 -81.0	15
 -80.0	18
 -79.0	17
 -78.0	18
 -77.0	20
 -76.0	17
 -75.0	12
 -74.0	19.2
 -73.0	15
 -72.0	14
 -71.0	9
 -70.0	18
 -69.0	16.5
 -68.0	14
 -67.0	16
 -66.0	14
 -65.0	18
 -64.0	15
 -63.0	20
 -62.0	20
 -61.0	17.3333
 -60.0	17
 -59.0	14
 -58.0	24
 -57.0	13
 -56.0	22
 -55.0	22
 -54.0	20
 -53.0	19
 -52.0	28
 -51.0	15
 -50.0	23
 -49.0	22
 -48.0	18
 -47.0	25
 -46.0	14
 -45.0	13
 -44.0	18
 -43.0	19
 -42.0	16
 -41.0	23
 -40.0	15.5
 -39.0	18
 -38.0	15
 -37.0	21
 -36.0	25
 -35.0	21
 -34.0	24
 -33.0	14
 -32.0	18
 -31.0	28
 -30.0	19
 -29.0	26.5
 -28.0	21
 -27.0	17
 -26.0	28
 -25.0	18
 -24.0	21
 -23.0	17
 -22.0	22
 -21.0	18
 -20.0	19
 -19.0	16
 -18.0	19
 -17.0	24
 -16.0	19
 -15.0	12
 -14.0	20
 -13.0	23
 -12.0	19
 -11.0	15
 -10.0	14
  -9.0	23
  -8.0	21
  -7.0	25
  -6.0	19
  -5.0	21
  -4.0	13
  -3.0	19
  -2.0	17
  -1.0	20
   0.0	5
   1.0	19
   2.0	21.5
   3.0	28
   4.0	16
   5.0	21
   6.0	18
   7.0	19
   8.0	23
   9.0	20
  10.0	21
  11.0	31
  12.0	25
  13.0	12
  14.0	17
  15.0	20.5
  16.0	22
  17.0	17
  18.0	16.5
  19.0	17
  20.0	27
  21.0	24
  22.0	14
  23.0	17
  24.0	19
  25.0	27
  26.0	15
  27.0	17
  28.0	18
  29.0	12
  30.0	23
  31.0	19
  32.0	24
  33.0	21
  34.0	13
  35.0	25
  36.0	24
  37.0	18
  38.0	15
  39.0	15
  40.0	12
  41.0	22
  42.0	19
  43.0	15
  44.0	20
  45.0	19
  46.0	17
  47.0	17
  48.0	16
  49.0	7
  50.0	18
  51.0	16
  52.0	22
  53.0	18
  54.0	18
  55.0	16
  56.0	17
  57.0	19
  58.0	17
  59.0	20
  60.0	17.5
  61.0	26
  62.0	21
  63.0	20
  64.0	18
  65.0	14
  66.0	14
  67.0	17
  68.0	17
  69.0	18
  70.0	26.5
  71.0	17
  72.0	17
  73.0	16
  74.0	13
  75.0	18
  76.0	15
  77.0	20
  78.0	15
  79.0	18
  80.0	14
  81.0	15
  82.0	17
  83.0	21
  84.0	24
  85.0	16
  86.0	9
  87.0	14
  88.0	11
  89.0	4
  90.0	17
  91.0	13
  92.0	15
  93.0	21.5
  94.0	16
  95.0	15.5
  96.0	20
  97.0	19
  98.0	20
  99.0	13
 100.0	16
 101.0	11
 102.0	17
 103.0	12
 104.0	13
 105.0	19
 106.0	12
 107.0	16
 108.0	21
 109.0	15
 110.0	14
 111.0	13
 112.0	17
 113.0	18
 114.0	17
 115.0	12
 116.0	23.5
 117.0	20
 118.0	15
 119.0	17
 120.0	10
 121.0	18
 122.0	10
 123.0	10
 124.0	21
 125.0	19
 126.0	16
 127.0	18
 128.0	9
 129.0	11
 130.0	7.5
 131.0	12.5
 132.0	15
 133.0	19
 134.0	14.5
 135.0	18
 136.0	15
 137.0	17
 138.0	18
 139.0	16
 140.0	11
 141.0	21
 142.0	13
 143.0	18
 144.0	13
 145.0	14
 146.0	16
 147.0	10
 148.0	13
 149.0	9
 150.0	19
 151.0	15
 152.0	13.5
 153.0	15
 154.0	14
 155.0	12
 156.0	15
 157.0	14
 158.0	14
 159.0	13
 160.0	16
 161.0	9
 162.0	22
 163.0	14
 164.0	8
 165.0	13
 166.0	9
 167.0	15
 168.0	18
 169.0	10
 170.0	20
 171.0	11.5
 172.0	12
 173.0	12
 174.0	13
 175.0	20
 176.0	12
 177.0	19
 178.0	20
 179.0	18
 180.0	18
 181.0	17.5
 182.0	16.5
 183.0	15
 184.0	16
 185.0	11
 186.0	16
 187.0	16
 188.0	14
 189.0	16
 190.0	12
 191.0	14
 192.0	17.5
 193.0	12
 194.0	19
 195.0	14
 196.0	18
 197.0	9
 198.0	16
 199.0	21
 200.0	18.5
 201.0	17
 202.0	15
 203.0	14
 204.0	15.5
 205.0	15
 206.0	20.5
 207.0	14
 208.0	15
 209.0	11
 210.0	19
 211.0	13
 212.0	21
 213.0	10
 214.0	16
 215.0	19
 216.0	17
 217.0	16
 218.0	9
 219.0	12
 220.0	11
 221.0	18
 222.0	12
 223.0	11
 224.0	11
 225.0	15
 226.0	13
 227.0	15
 228.0	19
 229.0	17
DB 2 MOTIF	HEY2_HUMAN.H11MO.0.D
-226.5	20
-225.5	12
-224.5	20
-223.5	12
-222.5	19
-221.5	26
-220.5	21
-219.5	21
-218.5	18
-217.5	30
-216.5	16
-215.5	20
-214.5	27
-213.5	23.5
-212.5	20
-211.5	19
-210.5	24
-209.5	11
-208.5	10
-207.5	20
-206.5	18
-205.5	19
-204.5	16
-203.5	11
-202.5	30
-201.5	17
-200.5	15.5
-199.5	18
-198.5	8
-197.5	20
-196.5	19
-195.5	7
-194.5	13
-193.5	20
-192.5	18
-191.5	22
-190.5	18.3333
-189.5	15
-188.5	13
-187.5	23
-186.5	21
-185.5	21
-184.5	24
-183.5	14
-182.5	16
-181.5	16
-180.5	14
-179.5	26.3333
-178.5	22
-177.5	16
-176.5	16
-175.5	16
-174.5	21
-173.5	20
-172.5	22.5
-171.5	16
-170.5	23
-169.5	22.3333
-168.5	15
-167.5	17
-166.5	25
-165.5	19
-164.5	19
-163.5	15
-162.5	27.5
-161.5	17
-160.5	16
-159.5	23
-158.5	15
-157.5	23
-156.5	22
-155.5	18
-154.5	18
-153.5	16
-152.5	20
-151.5	16
-150.5	20
-149.5	17
-148.5	11
-147.5	16
-146.5	13
-145.5	12
-144.5	13.3333
-143.5	12
-142.5	20
-141.5	16
-140.5	18
-139.5	19
-138.5	20
-137.5	17
-136.5	17
-135.5	18
-134.5	17
-133.5	21
-132.5	20
-131.5	14
-130.5	22.5
-129.5	21
-128.5	13
-127.5	23
-126.5	21
-125.5	8.66667
-124.5	16
-123.5	26
-122.5	17.5
-121.5	16
-120.5	18.5
-119.5	22
-118.5	21
-117.5	23
-116.5	19
-115.5	28
-114.5	21
-113.5	26
-112.5	22
-111.5	15
-110.5	19
-109.5	19
-108.5	17
-107.5	21
-106.5	26
-105.5	17
-104.5	23
-103.5	14.5
-102.5	29
-101.5	18
-100.5	18
 -99.5	20
 -98.5	23
 -97.5	11
 -96.5	23
 -95.5	17
 -94.5	24
 -93.5	23
 -92.5	18
 -91.5	18
 -90.5	19
 -89.5	20
 -88.5	21
 -87.5	15
 -86.5	15
 -85.5	27
 -84.5	27
 -83.5	21
 -82.5	16
 -81.5	22
 -80.5	17
 -79.5	18.3333
 -78.5	25
 -77.5	21
 -76.5	15.8333
 -75.5	15
 -74.5	19
 -73.5	15
 -72.5	22
 -71.5	24.5
 -70.5	15
 -69.5	18
 -68.5	10
 -67.5	21.5
 -66.5	18
 -65.5	29
 -64.5	26
 -63.5	25
 -62.5	24
 -61.5	24
 -60.5	24.3333
 -59.5	27
 -58.5	19.5
 -57.5	13
 -56.5	19
 -55.5	22
 -54.5	29
 -53.5	19
 -52.5	19
 -51.5	21
 -50.5	23
 -49.5	27
 -48.5	29
 -47.5	32
 -46.5	23
 -45.5	27
 -44.5	18
 -43.5	21
 -42.5	20
 -41.5	20
 -40.5	25
 -39.5	18
 -38.5	28
 -37.5	21
 -36.5	20
 -35.5	33
 -34.5	20
 -33.5	33
 -32.5	33.25
 -31.5	21
 -30.5	20
 -29.5	23
 -28.5	23
 -27.5	25
 -26.5	22
 -25.5	26
 -24.5	19
 -23.5	21
 -22.5	23
 -21.5	27
 -20.5	36
 -19.5	18
 -18.5	19
 -17.5	19
 -16.5	24
 -15.5	26
 -14.5	26
 -13.5	25
 -12.5	18
 -11.5	29
 -10.5	18
  -9.5	22
  -8.5	20
  -7.5	31
  -6.5	19
  -5.5	27
  -4.5	24
  -3.5	28
  -2.5	23.5
  -1.5	26
  -0.5	28
   0.5	23
   1.5	27
   2.5	14
   3.5	27
   4.5	17
   5.5	29
   6.5	16
   7.5	15.5
   8.5	24
   9.5	24
  10.5	19
  11.5	14
  12.5	28
  13.5	31
  14.5	28
  15.5	22
  16.5	18
  17.5	27
  18.5	21.5
  19.5	25
  20.5	27.25
  21.5	20
  22.5	20
  23.5	21
  24.5	22
  25.5	23
  26.5	12
  27.5	19
  28.5	22
  29.5	23
  30.5	28
  31.5	26.5
  32.5	25
  33.5	18
  34.5	21.5
  35.5	16
  36.5	30
  37.5	17
  38.5	22.5
  39.5	26
  40.5	16
  41.5	25
  42.5	17
  43.5	24
  44.5	22
  45.5	22
  46.5	20
  47.5	30
  48.5	19
  49.5	21
  50.5	23
  51.5	36
  52.5	17
  53.5	20
  54.5	21
  55.5	19
  56.5	21
  57.5	30
  58.5	17
  59.5	24
  60.5	13
  61.5	20
  62.5	22
  63.5	17
  64.5	16
  65.5	17
  66.5	22
  67.5	22
  68.5	25
  69.5	15
  70.5	17
  71.5	14
  72.5	23
  73.5	22.25
  74.5	21
  75.5	21
  76.5	21
  77.5	12
  78.5	17
  79.5	23
  80.5	23
  81.5	17.5
  82.5	18
  83.5	21
  84.5	13
  85.5	19
  86.5	16
  87.5	32
  88.5	20
  89.5	15
  90.5	20
  91.5	23
  92.5	25
  93.5	19
  94.5	16
  95.5	17
  96.5	22
  97.5	26
  98.5	20
  99.5	14
 100.5	15
 101.5	28
 102.5	14
 103.5	14
 104.5	24
 105.5	10.5
 106.5	24
 107.5	19
 108.5	16
 109.5	20
 110.5	25
 111.5	15
 112.5	16
 113.5	16
 114.5	17
 115.5	20
 116.5	23
 117.5	26.5
 118.5	21
 119.5	14
 120.5	17
 121.5	17
 122.5	17
 123.5	24
 124.5	22.5
 125.5	17
 126.5	24.25
 127.5	23
 128.5	14.5
 129.5	12
 130.5	20.5
 131.5	18
 132.5	15
 133.5	28
 134.5	16
 135.5	26.5
 136.5	28
 137.5	15
 138.5	26
 139.5	24
 140.5	20
 141.5	19
 142.5	19
 143.5	17
 144.5	21
 145.5	22
 146.5	16
 147.5	12
 148.5	14
 149.5	19
 150.5	19
 151.5	16
 152.5	16
 153.5	15.5
 154.5	14
 155.5	16
 156.5	15
 157.5	13.5
 158.5	21
 159.5	10
 160.5	22
 161.5	14
 162.5	29
 163.5	15
 164.5	12
 165.5	18
 166.5	16
 167.5	14
 168.5	20.5
 169.5	17.5
 170.5	15
 171.5	15
 172.5	19
 173.5	21
 174.5	20
 175.5	15
 176.5	20
 177.5	15
 178.5	18
 179.5	23
 180.5	22
 181.5	21
 182.5	20
 183.5	16
 184.5	15
 185.5	12
 186.5	11.5
 187.5	15
 188.5	17
 189.5	22
 190.5	22
 191.5	27
 192.5	18
 193.5	25.5
 194.5	15
 195.5	11
 196.5	14
 197.5	12
 198.5	16
 199.5	14
 200.5	14
 201.5	26
 202.5	18
 203.5	9
 204.5	16
 205.5	17
 206.5	11
 207.5	18
 208.5	14
 209.5	17
 210.5	10
 211.5	15
 212.5	17
 213.5	23
 214.5	19
 215.5	14
 216.5	16
 217.5	21
 218.5	12
 219.5	26
 220.5	15
 221.5	17
 222.5	16
 223.5	10.5
 224.5	7
 225.5	17
 226.5	24
DB 2 MOTIF	HIF1A_HUMAN.H11MO.0.C
-231.0	33
-230.0	40
-229.0	28
-228.0	31
-227.0	32.5
-226.0	26
-225.0	35.3333
-224.0	26.1429
-223.0	25
-222.0	32
-221.0	37.5
-220.0	32
-219.0	35.5
-218.0	49
-217.0	35
-216.0	33
-215.0	39.5
-214.0	28
-213.0	39.3333
-212.0	33
-211.0	35.5
-210.0	29.5
-209.0	28
-208.0	36
-207.0	26.5
-206.0	37.1429
-205.0	28
-204.0	28.3333
-203.0	30.5
-202.0	34
-201.0	32
-200.0	30
-199.0	40.5
-198.0	28.5
-197.0	37.5
-196.0	39.5
-195.0	28
-194.0	29
-193.0	25
-192.0	33
-191.0	34
-190.0	25
-189.0	38
-188.0	34.6429
-187.0	28
-186.0	35.5
-185.0	29.5
-184.0	34.5
-183.0	32
-182.0	32.5
-181.0	43
-180.0	35
-179.0	31.25
-178.0	40.25
-177.0	31.5
-176.0	27.5
-175.0	34.5
-174.0	29.25
-173.0	29
-172.0	31
-171.0	25
-170.0	34.8929
-169.0	29
-168.0	22.5
-167.0	37.5
-166.0	31.75
-165.0	31.5
-164.0	30
-163.0	39.3333
-162.0	36.5
-161.0	25.5
-160.0	28.5
-159.0	28
-158.0	22.5
-157.0	39.5
-156.0	38.8333
-155.0	37.5
-154.0	32.3333
-153.0	24.5
-152.0	23.6429
-151.0	39
-150.0	35.8333
-149.0	32
-148.0	34
-147.0	22
-146.0	27
-145.0	37.5
-144.0	34.5
-143.0	45.5
-142.0	32
-141.0	30.5
-140.0	22
-139.0	30.5
-138.0	45
-137.0	30
-136.0	38.5
-135.0	31
-134.0	34.9762
-133.0	38
-132.0	29
-131.0	35
-130.0	19.5
-129.0	34.5
-128.0	36.75
-127.0	33.5
-126.0	35
-125.0	27.5
-124.0	27
-123.0	41.5
-122.0	33.3333
-121.0	34
-120.0	37
-119.0	29
-118.0	35
-117.0	33.5
-116.0	35.1429
-115.0	29
-114.0	23
-113.0	25
-112.0	26
-111.0	40.5
-110.0	32.5
-109.0	33.5
-108.0	34.3333
-107.0	31.5
-106.0	38.5
-105.0	39
-104.0	30.5
-103.0	27.5
-102.0	23.5
-101.0	32
-100.0	38
 -99.0	33.3333
 -98.0	24.8333
 -97.0	31
 -96.0	27.8333
 -95.0	24.5
 -94.0	22.6667
 -93.0	39.5
 -92.0	34
 -91.0	30.5
 -90.0	27.2
 -89.0	28
 -88.0	34.6667
 -87.0	27.5
 -86.0	22.5
 -85.0	33.5
 -84.0	29
 -83.0	32.5
 -82.0	34.1667
 -81.0	33
 -80.0	33.5
 -79.0	32.5
 -78.0	30
 -77.0	33.5
 -76.0	37.6667
 -75.0	33.8333
 -74.0	37
 -73.0	24.5
 -72.0	26
 -71.0	26.5
 -70.0	36.6667
 -69.0	30.3333
 -68.0	38.8333
 -67.0	29
 -66.0	30.75
 -65.0	28.3333
 -64.0	27.1667
 -63.0	43.3333
 -62.0	29.25
 -61.0	30.5
 -60.0	38.5
 -59.0	32.5
 -58.0	36
 -57.0	23.8333
 -56.0	28
 -55.0	27.0333
 -54.0	31
 -53.0	34.3333
 -52.0	40.5
 -51.0	28
 -50.0	36.5
 -49.0	36.5
 -48.0	36
 -47.0	35.3333
 -46.0	31.3333
 -45.0	39
 -44.0	40
 -43.0	31
 -42.0	25.3333
 -41.0	44.5
 -40.0	35
 -39.0	29.5
 -38.0	30.5
 -37.0	39.7
 -36.0	42.3333
 -35.0	31.5
 -34.0	38
 -33.0	30.5
 -32.0	29.5
 -31.0	39.5
 -30.0	36
 -29.0	32.8333
 -28.0	43.5
 -27.0	38.5
 -26.0	37
 -25.0	36.5
 -24.0	33.5
 -23.0	31
 -22.0	34
 -21.0	28.5
 -20.0	33.5
 -19.0	23.7
 -18.0	28
 -17.0	33.5
 -16.0	29
 -15.0	30.5
 -14.0	37.5
 -13.0	28
 -12.0	45
 -11.0	31
 -10.0	32.3333
  -9.0	36.5
  -8.0	29
  -7.0	39.5
  -6.0	38.3333
  -5.0	28.5
  -4.0	34.3333
  -3.0	39.5
  -2.0	35.5
  -1.0	31
   0.0	34.5
   1.0	26.5
   2.0	30
   3.0	38.5
   4.0	34.5
   5.0	34.5
   6.0	34
   7.0	29.5
   8.0	33.8333
   9.0	35.5
  10.0	36
  11.0	40.5
  12.0	42.5
  13.0	30
  14.0	27
  15.0	35
  16.0	30
  17.0	38.5
  18.0	32.5
  19.0	42.3333
  20.0	41
  21.0	35.5
  22.0	37.2
  23.0	26
  24.0	36
  25.0	43
  26.0	25
  27.0	43
  28.0	46.8333
  29.0	38
  30.0	32
  31.0	34
  32.0	27.3333
  33.0	51.3333
  34.0	33.5
  35.0	31.5
  36.0	42
  37.0	39.3333
  38.0	41.8333
  39.0	28.5
  40.0	31.5
  41.0	29.5
  42.0	32
  43.0	33.5
  44.0	45
  45.0	35.5
  46.0	40
  47.0	30
  48.0	33
  49.0	22
  50.0	35
  51.0	29.5
  52.0	33
  53.0	38
  54.0	26.5
  55.0	30.5
  56.0	34
  57.0	32.5
  58.0	46
  59.0	29.5
  60.0	31
  61.0	30.5
  62.0	36.5
  63.0	36.5
  64.0	31
  65.0	26
  66.0	28.6667
  67.0	43
  68.0	35.5
  69.0	31.3333
  70.0	42.5
  71.0	39
  72.0	27.5
  73.0	32
  74.0	36
  75.0	28.5
  76.0	40
  77.0	28
  78.0	28.5
  79.0	40.5
  80.0	37.5
  81.0	28.5
  82.0	36.5
  83.0	36.8333
  84.0	44.5
  85.0	25
  86.0	26
  87.0	25
  88.0	27.8333
  89.0	33.6667
  90.0	33.5
  91.0	36
  92.0	34
  93.0	36
  94.0	37.5
  95.0	34
  96.0	34.5
  97.0	27
  98.0	35
  99.0	37
 100.0	31.3333
 101.0	23
 102.0	32.5
 103.0	34.5
 104.0	33.5
 105.0	36.5
 106.0	38.5
 107.0	30.5
 108.0	39
 109.0	31.5
 110.0	30
 111.0	31.5
 112.0	28
 113.0	39
 114.0	32.5
 115.0	37
 116.0	30.5
 117.0	33.5
 118.0	36.5
 119.0	26.5
 120.0	26
 121.0	27.5
 122.0	27
 123.0	37
 124.0	47.8333
 125.0	31.5
 126.0	29
 127.0	31.5
 128.0	36.3333
 129.0	37.5
 130.0	27.5
 131.0	26.3333
 132.0	33.5
 133.0	28
 134.0	35
 135.0	31
 136.0	25.5
 137.0	40.5
 138.0	35
 139.0	37.5
 140.0	35
 141.0	26.5
 142.0	24
 143.0	31
 144.0	38
 145.0	31.5
 146.0	33
 147.0	26
 148.0	33
 149.0	35.5
 150.0	32
 151.0	28
 152.0	48
 153.0	38.5
 154.0	32.5
 155.0	35
 156.0	29.5
 157.0	32.5
 158.0	33.5
 159.0	19.5
 160.0	28.8333
 161.0	27
 162.0	32
 163.0	37
 164.0	33.5
 165.0	31
 166.0	34
 167.0	36.5
 168.0	30
 169.0	32
 170.0	37.5
 171.0	41
 172.0	24.5
 173.0	32.3333
 174.0	22
 175.0	29
 176.0	31
 177.0	31
 178.0	39
 179.0	34.5
 180.0	27.5
 181.0	39.5
 182.0	27.5
 183.0	39.5
 184.0	32.5
 185.0	37.5
 186.0	26.5
 187.0	26
 188.0	33
 189.0	28
 190.0	30.5
 191.0	27.5
 192.0	31.5
 193.0	23.3333
 194.0	28.5
 195.0	25
 196.0	27.5
 197.0	25
 198.0	31.5
 199.0	35
 200.0	35
 201.0	35
 202.0	30
 203.0	40.5
 204.0	36
 205.0	30.5
 206.0	29.5
 207.0	26.5
 208.0	36.5
 209.0	27.5
 210.0	41.5
 211.0	26.5
 212.0	23
 213.0	34
 214.0	37.5
 215.0	27.5
 216.0	26.3333
 217.0	32
 218.0	29
 219.0	27
 220.0	33
 221.0	25
 222.0	34.5
 223.0	26
 224.0	33
 225.0	25.5
 226.0	24.5
 227.0	28
 228.0	28
 229.0	31.5
 230.0	31
 231.0	34
DB 2 MOTIF	HNF4A_HUMAN.H11MO.0.A
-228.0	20.5
-227.0	21
-226.0	24.5
-225.0	24
-224.0	31
-223.0	27
-222.0	20
-221.0	23.5
-220.0	22
-219.0	17
-218.0	24
-217.0	24
-216.0	22
-215.0	19
-214.0	23
-213.0	20.5
-212.0	25
-211.0	24.5
-210.0	25
-209.0	15
-208.0	28
-207.0	17.5
-206.0	20
-205.0	28
-204.0	23
-203.0	24
-202.0	25.5
-201.0	28.5
-200.0	20
-199.0	15
-198.0	20
-197.0	26
-196.0	23
-195.0	28
-194.0	21
-193.0	24
-192.0	20
-191.0	24
-190.0	27
-189.0	28
-188.0	20
-187.0	35
-186.0	21
-185.0	22
-184.0	21
-183.0	30
-182.0	23
-181.0	27
-180.0	27
-179.0	31
-178.0	20
-177.0	25
-176.0	33
-175.0	25.5
-174.0	23
-173.0	21
-172.0	33
-171.0	24
-170.0	21.5
-169.0	31.5
-168.0	25
-167.0	27
-166.0	28
-165.0	31
-164.0	22
-163.0	23
-162.0	21
-161.0	19
-160.0	20
-159.0	27
-158.0	19
-157.0	21
-156.0	27
-155.0	25
-154.0	21
-153.0	24.5
-152.0	28
-151.0	17.5
-150.0	28
-149.0	30.5
-148.0	17
-147.0	30
-146.0	22
-145.0	22
-144.0	25
-143.0	22.5
-142.0	20
-141.0	21
-140.0	21
-139.0	19
-138.0	23
-137.0	29
-136.0	28
-135.0	19
-134.0	24
-133.0	16
-132.0	23.5
-131.0	19.5
-130.0	20
-129.0	28.5
-128.0	30
-127.0	17
-126.0	17.5
-125.0	24.5
-124.0	23
-123.0	22
-122.0	23
-121.0	17
-120.0	26
-119.0	28
-118.0	27
-117.0	29
-116.0	28
-115.0	36
-114.0	17
-113.0	28
-112.0	23
-111.0	30.5
-110.0	14
-109.0	28
-108.0	28
-107.0	17
-106.0	18
-105.0	25
-104.0	27
-103.0	29.5
-102.0	21
-101.0	23
-100.0	17
 -99.0	23.5
 -98.0	27
 -97.0	18
 -96.0	20
 -95.0	24
 -94.0	34
 -93.0	28
 -92.0	24
 -91.0	21.5
 -90.0	23
 -89.0	29.5
 -88.0	25
 -87.0	19.5
 -86.0	25
 -85.0	25
 -84.0	38
 -83.0	26
 -82.0	27.5
 -81.0	26
 -80.0	18.5
 -79.0	20
 -78.0	32
 -77.0	19
 -76.0	23
 -75.0	24
 -74.0	29
 -73.0	20
 -72.0	25
 -71.0	30
 -70.0	28.5
 -69.0	29
 -68.0	31
 -67.0	29
 -66.0	33
 -65.0	34
 -64.0	32
 -63.0	22
 -62.0	33
 -61.0	34
 -60.0	21
 -59.0	21
 -58.0	19
 -57.0	23
 -56.0	23
 -55.0	25.5
 -54.0	25
 -53.0	28
 -52.0	26
 -51.0	24
 -50.0	23
 -49.0	25
 -48.0	26
 -47.0	32
 -46.0	24
 -45.0	33
 -44.0	20
 -43.0	31
 -42.0	25
 -41.0	22
 -40.0	24
 -39.0	29
 -38.0	39
 -37.0	36
 -36.0	27
 -35.0	32
 -34.0	26
 -33.0	30
 -32.0	25
 -31.0	36
 -30.0	31
 -29.0	27
 -28.0	31
 -27.0	13
 -26.0	33
 -25.0	28
 -24.0	27
 -23.0	29
 -22.0	23
 -21.0	29
 -20.0	25
 -19.0	21
 -18.0	24
 -17.0	16.5
 -16.0	26
 -15.0	27
 -14.0	18
 -13.0	28.5
 -12.0	26
 -11.0	20
 -10.0	28
  -9.0	31
  -8.0	26
  -7.0	26
  -6.0	23
  -5.0	30
  -4.0	37
  -3.0	18
  -2.0	35
  -1.0	21
   0.0	28
   1.0	27
   2.0	34.5
   3.0	23
   4.0	34
   5.0	36
   6.0	30.5
   7.0	28
   8.0	27
   9.0	23
  10.0	24
  11.0	34
  12.0	34
  13.0	22.5
  14.0	23
  15.0	24
  16.0	38
  17.0	31.5
  18.0	18
  19.0	32
  20.0	33
  21.0	32
  22.0	31
  23.0	22
  24.0	27
  25.0	14
  26.0	27
  27.0	25
  28.0	21
  29.0	30
  30.0	23
  31.0	29
  32.0	32
  33.0	23
  34.0	21
  35.0	35.5
  36.0	25
  37.0	26
  38.0	30
  39.0	28
  40.0	24.5
  41.0	31
  42.0	23
  43.0	23
  44.0	28
  45.0	26
  46.0	28
  47.0	20
  48.0	34
  49.0	35
  50.0	24
  51.0	18
  52.0	19
  53.0	21
  54.0	31
  55.0	21
  56.0	24
  57.0	18
  58.0	25
  59.0	24.3333
  60.0	28
  61.0	26
  62.0	25
  63.0	19
  64.0	30
  65.0	23
  66.0	28.5
  67.0	26
  68.0	28
  69.0	29
  70.0	23
  71.0	25
  72.0	31.5
  73.0	31
  74.0	22
  75.0	16
  76.0	31
  77.0	27
  78.0	30
  79.0	28.5
  80.0	24
  81.0	26
  82.0	20
  83.0	25.5
  84.0	23.5
  85.0	22
  86.0	28
  87.0	21
  88.0	22
  89.0	17
  90.0	15
  91.0	18
  92.0	27
  93.0	27
  94.0	26
  95.0	23
  96.0	28
  97.0	18
  98.0	29
  99.0	32
 100.0	17
 101.0	27
 102.0	38
 103.0	21
 104.0	20
 105.0	20
 106.0	27.5
 107.0	26
 108.0	37
 109.0	17
 110.0	26
 111.0	27
 112.0	17
 113.0	20
 114.0	23.5
 115.0	31
 116.0	21
 117.0	27
 118.0	18
 119.0	25
 120.0	20
 121.0	23
 122.0	22
 123.0	27
 124.0	21
 125.0	19
 126.0	26.3333
 127.0	19
 128.0	21
 129.0	16.5
 130.0	27
 131.0	23
 132.0	30
 133.0	15.5
 134.0	23
 135.0	28
 136.0	26
 137.0	24
 138.0	24
 139.0	17
 140.0	26
 141.0	27
 142.0	31
 143.0	21
 144.0	24
 145.0	26
 146.0	36
 147.0	21
 148.0	21
 149.0	24
 150.0	20.5
 151.0	18
 152.0	22
 153.0	24
 154.0	17
 155.0	28
 156.0	19
 157.0	27
 158.0	28
 159.0	19
 160.0	24.5
 161.0	20
 162.0	28
 163.0	25
 164.0	31
 165.0	31
 166.0	27
 167.0	21
 168.0	18
 169.0	17
 170.0	18
 171.0	32.5
 172.0	27
 173.0	22
 174.0	17
 175.0	20
 176.0	15
 177.0	24
 178.0	31
 179.0	25
 180.0	26
 181.0	18
 182.0	26
 183.0	30
 184.0	29
 185.0	22
 186.0	13
 187.0	20
 188.0	16
 189.0	21
 190.0	23
 191.0	23
 192.0	21
 193.0	20.3333
 194.0	26.5
 195.0	32
 196.0	27
 197.0	16
 198.0	25
 199.0	28
 200.0	24
 201.0	23
 202.0	29
 203.0	15
 204.0	31
 205.0	20
 206.0	30
 207.0	22
 208.0	25
 209.0	24
 210.0	30
 211.0	24.5
 212.0	17
 213.0	28
 214.0	23
 215.0	22.5
 216.0	19
 217.0	19
 218.0	16
 219.0	26
 220.0	25
 221.0	18
 222.0	32
 223.0	20
 224.0	19
 225.0	18.5
 226.0	22
 227.0	29
 228.0	24
DB 2 MOTIF	HNF4G_HUMAN.H11MO.0.B
-228.0	20
-227.0	27
-226.0	24
-225.0	37
-224.0	28
-223.0	31
-222.0	29
-221.0	19
-220.0	24
-219.0	27
-218.0	25
-217.0	27
-216.0	17
-215.0	23
-214.0	28
-213.0	28.5
-212.0	28
-211.0	31.5
-210.0	30
-209.0	19
-208.0	29
-207.0	25
-206.0	26
-205.0	33
-204.0	31
-203.0	32
-202.0	21
-201.0	28
-200.0	24
-199.0	19
-198.0	28
-197.0	26
-196.0	27.5
-195.0	39
-194.0	26
-193.0	29
-192.0	25
-191.0	26
-190.0	28
-189.0	28
-188.0	27
-187.0	34.5
-186.0	34
-185.0	23
-184.0	27
-183.0	35
-182.0	31
-181.0	30
-180.0	36.5
-179.0	32
-178.0	24
-177.0	23
-176.0	38
-175.0	30
-174.0	21
-173.0	25
-172.0	34
-171.0	25
-170.0	25
-169.0	32.5
-168.0	27
-167.0	24
-166.0	28
-165.0	35
-164.0	27
-163.0	24
-162.0	30
-161.0	21
-160.0	24.3333
-159.0	31.5
-158.0	26
-157.0	35
-156.0	30
-155.0	33
-154.0	27
-153.0	25.5
-152.0	28
-151.0	23
-150.0	35
-149.0	29
-148.0	21
-147.0	32.5
-146.0	23
-145.0	24
-144.0	19
-143.0	17
-142.0	21
-141.0	23
-140.0	27
-139.0	22
-138.0	27
-137.0	31.5
-136.0	30
-135.0	27
-134.0	31
-133.0	20
-132.0	26
-131.0	26
-130.0	27
-129.0	32
-128.0	31
-127.0	21
-126.0	21.5
-125.0	32.5
-124.0	25
-123.0	29.5
-122.0	30
-121.0	25.3333
-120.0	27.5
-119.0	35.5
-118.0	33
-117.0	30
-116.0	31
-115.0	28
-114.0	22
-113.0	32.5
-112.0	28
-111.0	27
-110.0	23
-109.0	31
-108.0	29
-107.0	26
-106.0	20
-105.0	26
-104.0	30
-103.0	30
-102.0	22
-101.0	26.5
-100.0	21
 -99.0	23
 -98.0	26
 -97.0	23
 -96.0	29
 -95.0	31.5
 -94.0	37
 -93.0	25
 -92.0	25
 -91.0	30.5
 -90.0	32
 -89.0	33
 -88.0	26
 -87.0	18.5
 -86.0	33
 -85.0	42
 -84.0	37
 -83.0	33.5
 -82.0	35.3333
 -81.0	21.5
 -80.0	25
 -79.0	22
 -78.0	34
 -77.0	20
 -76.0	29
 -75.0	31
 -74.0	26
 -73.0	26
 -72.0	27
 -71.0	30
 -70.0	29
 -69.0	37
 -68.0	29
 -67.0	36
 -66.0	32
 -65.0	33.5
 -64.0	31
 -63.0	29
 -62.0	34
 -61.0	34
 -60.0	30
 -59.0	30
 -58.0	24
 -57.0	28
 -56.0	20.5
 -55.0	28
 -54.0	29
 -53.0	35
 -52.0	27
 -51.0	27
 -50.0	27
 -49.0	32
 -48.0	33
 -47.0	32
 -46.0	27
 -45.0	39
 -44.0	29.5
 -43.0	34
 -42.0	26
 -41.0	23
 -40.0	33
 -39.0	30
 -38.0	44.5
 -37.0	33
 -36.0	30
 -35.0	34
 -34.0	31
 -33.0	38.5
 -32.0	28
 -31.0	33
 -30.0	37
 -29.0	35
 -28.0	34
 -27.0	17
 -26.0	38
 -25.0	34
 -24.0	37
 -23.0	37
 -22.0	27
 -21.0	32
 -20.0	27
 -19.0	33
 -18.0	29
 -17.0	22.5
 -16.0	33
 -15.0	31
 -14.0	24
 -13.0	33
 -12.0	26
 -11.0	21
 -10.0	28
  -9.0	35
  -8.0	28
  -7.0	30.5
  -6.0	24
  -5.0	34
  -4.0	36
  -3.0	25
  -2.0	36
  -1.0	27.5
   0.0	24
   1.0	33
   2.0	37.5
   3.0	22
   4.0	33
   5.0	37
   6.0	32
   7.0	32
   8.0	31
   9.0	28
  10.0	30.5
  11.0	34
  12.0	34
  13.0	32
  14.0	27
  15.0	33
  16.0	41
  17.0	38
  18.0	23
  19.0	33
  20.0	35
  21.0	35
  22.0	32
  23.0	26
  24.0	30
  25.0	19.5
  26.0	27
  27.0	23
  28.0	23
  29.0	31
  30.0	28
  31.0	32.5
  32.0	28
  33.0	28.5
  34.0	25
  35.0	36
  36.0	30
  37.0	29
  38.0	33
  39.0	25
  40.0	28.5
  41.0	32
  42.0	29
  43.0	31
  44.0	27
  45.0	32
  46.0	30
  47.0	21.5
  48.0	36
  49.0	37
  50.0	31.5
  51.0	22
  52.0	28
  53.0	27
  54.0	32
  55.0	28
  56.0	25
  57.0	30
  58.0	26
  59.0	31.3333
  60.0	30
  61.0	29
  62.0	28
  63.0	25
  64.0	37
  65.0	24
  66.0	31.5
  67.0	28
  68.0	27.5
  69.0	32
  70.0	31
  71.0	28
  72.0	31.5
  73.0	32.5
  74.0	22.5
  75.0	19
  76.0	33
  77.0	32
  78.0	41
  79.0	37.5
  80.0	20
  81.0	34.5
  82.0	27
  83.0	35.5
  84.0	22
  85.0	22.5
  86.0	29
  87.0	24
  88.0	20
  89.0	18
  90.0	20
  91.0	20
  92.0	34
  93.0	30
  94.0	32
  95.0	26.5
  96.0	34
  97.0	19
  98.0	33
  99.0	32
 100.0	24
 101.0	28
 102.0	41
 103.0	30
 104.0	25
 105.0	22
 106.0	30.5
 107.0	27
 108.0	38
 109.0	23
 110.0	26
 111.0	34
 112.0	18.5
 113.0	26
 114.0	23
 115.0	33
 116.0	26
 117.0	29.5
 118.0	24
 119.0	27
 120.0	21
 121.0	19
 122.0	32
 123.0	32
 124.0	27
 125.0	25
 126.0	28.3333
 127.0	21
 128.0	26
 129.0	25.5
 130.0	30
 131.0	28
 132.0	26
 133.0	24
 134.0	25.5
 135.0	24
 136.0	24
 137.0	25
 138.0	33
 139.0	25
 140.0	33
 141.0	27
 142.0	26
 143.0	25
 144.0	35
 145.0	35.5
 146.0	39
 147.0	26
 148.0	33
 149.0	29
 150.0	25.5
 151.0	21
 152.0	27
 153.0	26.5
 154.0	25
 155.0	28
 156.0	19.5
 157.0	25
 158.0	39
 159.0	22
 160.0	26
 161.0	26
 162.0	26
 163.0	36
 164.0	30
 165.0	35
 166.0	23.5
 167.0	27
 168.0	28
 169.0	23
 170.0	24
 171.0	33
 172.0	25
 173.0	27
 174.0	21
 175.0	30
 176.0	29
 177.0	29
 178.0	36
 179.0	32.5
 180.0	28
 181.0	25
 182.0	23
 183.0	31.5
 184.0	33
 185.0	21
 186.0	13.5
 187.0	27
 188.0	17
 189.0	23
 190.0	22
 191.0	24
 192.0	25
 193.0	16.3333
 194.0	32
 195.0	33
 196.0	31
 197.0	20.5
 198.0	23
 199.0	26.5
 200.0	26
 201.0	27
 202.0	30
 203.0	22
 204.0	24
 205.0	24
 206.0	36
 207.0	26
 208.0	28
 209.0	23
 210.0	28
 211.0	26
 212.0	24
 213.0	28.5
 214.0	24.5
 215.0	24
 216.0	20
 217.0	29
 218.0	25
 219.0	32
 220.0	28
 221.0	17
 222.0	33
 223.0	25
 224.0	29
 225.0	19.5
 226.0	24
 227.0	31
 228.0	24
DB 2 MOTIF	JDP2_HUMAN.H11MO.0.D
-229.0	10
-228.0	11
-227.0	6.5
-226.0	5
-225.0	7
-224.0	2
-223.0	4
-222.0	2.5
-221.0	5
-220.0	5
-219.0	1.5
-218.0	4
-217.0	3.5
-216.0	4.5
-215.0	5
-214.0	5.5
-213.0	4
-212.0	4
-211.0	7
-210.0	5
-209.0	6
-208.0	3
-207.0	9.5
-206.0	2
-205.0	7
-204.0	4
-203.0	7
-202.0	7
-201.0	2
-200.0	1
-199.0	12
-198.0	7
-197.0	6
-196.0	4
-195.0	7.5
-194.0	5
-193.0	7
-192.0	5
-191.0	6
-190.0	2
-189.0	1.5
-188.0	4
-187.0	5.5
-186.0	4
-185.0	4
-184.0	3
-183.0	2
-182.0	1
-181.0	5
-180.0	8
-179.0	3
-178.0	5.5
-177.0	7
-176.0	2
-175.0	7
-174.0	5
-173.0	5
-172.0	2
-171.0	7
-170.0	4
-169.0	4
-168.0	7.5
-167.0	4
-166.0	4.5
-165.0	4
-164.0	2
-163.0	2
-162.0	4
-161.0	2
-160.0	10
-159.0	3
-158.0	4
-157.0	1
-156.0	9
-155.0	4
-154.0	2.5
-153.0	3
-152.0	6.5
-151.0	4
-150.0	1
-149.0	3
-148.0	4
-147.0	2
-146.0	1
-145.0	0
-144.0	4
-143.0	1
-142.0	5
-141.0	4
-140.0	7
-139.0	3
-138.0	3
-137.0	4
-136.0	3
-135.0	6
-134.0	6
-133.0	3
-132.0	4
-131.0	6
-130.0	7
-129.0	6
-128.0	5
-127.0	3
-126.0	1
-125.0	5
-124.0	0
-123.0	4
-122.0	2
-121.0	2
-120.0	6
-119.0	2
-118.0	8
-117.0	9
-116.0	8
-115.0	4
-114.0	7
-113.0	7
-112.0	5
-111.0	1
-110.0	7
-109.0	1
-108.0	4
-107.0	1.5
-106.0	4
-105.0	3.5
-104.0	5.5
-103.0	5.5
-102.0	6
-101.0	3.5
-100.0	3.5
 -99.0	8
 -98.0	3.5
 -97.0	5
 -96.0	3
 -95.0	5
 -94.0	5
 -93.0	3
 -92.0	6
 -91.0	6
 -90.0	6
 -89.0	8
 -88.0	6
 -87.0	4
 -86.0	7
 -85.0	4
 -84.0	10
 -83.0	5
 -82.0	3.5
 -81.0	5
 -80.0	0.5
 -79.0	5
 -78.0	6
 -77.0	2
 -76.0	5
 -75.0	5
 -74.0	4
 -73.0	6
 -72.0	8
 -71.0	7
 -70.0	4
 -69.0	4
 -68.0	3
 -67.0	7.5
 -66.0	1
 -65.0	5.5
 -64.0	6
 -63.0	8
 -62.0	2
 -61.0	7
 -60.0	2
 -59.0	1
 -58.0	5
 -57.0	5.5
 -56.0	3
 -55.0	5.5
 -54.0	2
 -53.0	3
 -52.0	5
 -51.0	5
 -50.0	5
 -49.0	7
 -48.0	3.5
 -47.0	5
 -46.0	9
 -45.0	6
 -44.0	2
 -43.0	8
 -42.0	6
 -41.0	6
 -40.0	5
 -39.0	4
 -38.0	8
 -37.0	7
 -36.0	4
 -35.0	4
 -34.0	5
 -33.0	9
 -32.0	4.5
 -31.0	6
 -30.0	4
 -29.0	4
 -28.0	8.5
 -27.0	9
 -26.0	7
 -25.0	4
 -24.0	5
 -23.0	8.5
 -22.0	4
 -21.0	7
 -20.0	5
 -19.0	6
 -18.0	9
 -17.0	5
 -16.0	7.5
 -15.0	7
 -14.0	4.5
 -13.0	7
 -12.0	8
 -11.0	10
 -10.0	10
  -9.0	5
  -8.0	9
  -7.0	3
  -6.0	3
  -5.0	4
  -4.0	7
  -3.0	6
  -2.0	6
  -1.0	3
   0.0	6
   1.0	5
   2.0	8
   3.0	12
   4.0	4
   5.0	3
   6.0	8
   7.0	5
   8.0	5
   9.0	10
  10.0	12
  11.0	6
  12.0	5
  13.0	7
  14.0	7
  15.0	3
  16.0	6
  17.0	8.5
  18.0	8
  19.0	5.5
  20.0	6
  21.0	6
  22.0	5
  23.0	12
  24.0	6.5
  25.0	8
  26.0	6.5
  27.0	6
  28.0	8
  29.0	7
  30.0	4.5
  31.0	7
  32.0	8.5
  33.0	4
  34.0	6
  35.0	8
  36.0	3
  37.0	7
  38.0	7
  39.0	5
  40.0	5
  41.0	7
  42.0	6
  43.0	7
  44.0	5
  45.0	9.5
  46.0	3
  47.0	5
  48.0	4
  49.0	6
  50.0	8.5
  51.0	8
  52.0	8.5
  53.0	9.5
  54.0	4
  55.0	4.5
  56.0	2
  57.0	4
  58.0	7
  59.0	6
  60.0	6
  61.0	7
  62.0	6.5
  63.0	5
  64.0	7
  65.0	4
  66.0	6
  67.0	5
  68.0	3
  69.0	5
  70.0	1
  71.0	7
  72.0	7
  73.0	4
  74.0	3
  75.0	6
  76.0	2
  77.0	4.5
  78.0	6
  79.0	4.5
  80.0	4
  81.0	5
  82.0	5
  83.0	6
  84.0	2
  85.0	1
  86.0	4
  87.0	2
  88.0	7
  89.0	4
  90.0	0
  91.0	5
  92.0	6.5
  93.0	7
  94.0	3.5
  95.0	4.5
  96.0	6
  97.0	6.5
  98.0	2
  99.0	2
 100.0	5
 101.0	3.5
 102.0	2
 103.0	4.5
 104.0	4
 105.0	7
 106.0	6
 107.0	2
 108.0	4
 109.0	2
 110.0	3
 111.0	5.5
 112.0	3
 113.0	5.5
 114.0	3
 115.0	4
 116.0	4
 117.0	3
 118.0	6
 119.0	1
 120.0	3
 121.0	6
 122.0	3
 123.0	6
 124.0	4
 125.0	1
 126.0	3
 127.0	8
 128.0	3
 129.0	5
 130.0	6
 131.0	6
 132.0	4
 133.0	4
 134.0	5.5
 135.0	3
 136.0	4.5
 137.0	4
 138.0	2
 139.0	3
 140.0	0
 141.0	3
 142.0	5
 143.0	3
 144.0	6
 145.0	7
 146.0	3
 147.0	5
 148.0	1
 149.0	6
 150.0	3
 151.0	0
 152.0	5
 153.0	5
 154.0	1
 155.0	7
 156.0	3
 157.0	3
 158.0	2
 159.0	2
 160.0	2
 161.0	3
 162.0	2
 163.0	2
 164.0	5
 165.0	7
 166.0	1
 167.0	2
 168.0	3
 169.0	4
 170.0	6
 171.0	4
 172.0	4
 173.0	5
 174.0	2
 175.0	3
 176.0	6
 177.0	2
 178.0	8
 179.0	9.5
 180.0	7
 181.0	0.5
 182.0	1
 183.0	4
 184.0	1
 185.0	7
 186.0	6
 187.0	3
 188.0	2
 189.0	3
 190.0	6
 191.0	6
 192.0	3
 193.0	3
 194.0	2
 195.0	5
 196.0	3
 197.0	2
 198.0	5
 199.0	2
 200.0	1
 201.0	2
 202.0	5
 203.0	3
 204.0	3
 205.0	5
 206.0	4
 207.0	3
 208.0	1
 209.0	4
 210.0	0
 211.0	0
 212.0	7
 213.0	4
 214.0	0
 215.0	5
 216.0	2
 217.0	3
 218.0	3
 219.0	5
 220.0	6
 221.0	6
 222.0	2
 223.0	4
 224.0	4
 225.0	2
 226.0	2.5
 227.0	4
 228.0	5.5
 229.0	6
DB 2 MOTIF	KAISO_HUMAN.H11MO.0.A
-227.5	21
-226.5	26
-225.5	13
-224.5	25
-223.5	27
-222.5	23
-221.5	22
-220.5	15
-219.5	24
-218.5	20
-217.5	16
-216.5	19
-215.5	19
-214.5	22
-213.5	24.5
-212.5	22
-211.5	17
-210.5	21
-209.5	17
-208.5	14
-207.5	20
-206.5	28
-205.5	23
-204.5	21
-203.5	28
-202.5	29
-201.5	23
-200.5	24
-199.5	12
-198.5	14
-197.5	18
-196.5	18
-195.5	21
-194.5	13
-193.5	28
-192.5	17
-191.5	22
-190.5	21
-189.5	12
-188.5	17
-187.5	25
-186.5	16
-185.5	23
-184.5	18
-183.5	24
-182.5	24
-181.5	18
-180.5	30
-179.5	19
-178.5	11
-177.5	12
-176.5	24.75
-175.5	13
-174.5	24
-173.5	17
-172.5	21
-171.5	16
-170.5	18
-169.5	16
-168.5	16
-167.5	26
-166.5	18
-165.5	17
-164.5	17
-163.5	28
-162.5	14
-161.5	22
-160.5	19
-159.5	19
-158.5	14
-157.5	18
-156.5	15
-155.5	24
-154.5	24
-153.5	13
-152.5	19
-151.5	24
-150.5	15
-149.5	18
-148.5	20
-147.5	23
-146.5	23
-145.5	18
-144.5	20
-143.5	19
-142.5	16
-141.5	19
-140.5	19.5
-139.5	10
-138.5	24
-137.5	18.25
-136.5	17
-135.5	23
-134.5	15
-133.5	23
-132.5	18
-131.5	16
-130.5	20
-129.5	15
-128.5	23
-127.5	21.5
-126.5	14
-125.5	21
-124.5	14
-123.5	15
-122.5	23
-121.5	25
-120.5	15
-119.5	14
-118.5	21
-117.5	25
-116.5	12
-115.5	23
-114.5	17
-113.5	25
-112.5	19
-111.5	20
-110.5	18
-109.5	21
-108.5	23.5
-107.5	26
-106.5	21
-105.5	17
-104.5	20
-103.5	20
-102.5	23
-101.5	17
-100.5	13
 -99.5	30.5
 -98.5	23.25
 -97.5	20
 -96.5	24
 -95.5	22
 -94.5	12
 -93.5	12.5
 -92.5	27
 -91.5	24
 -90.5	22
 -89.5	19.5
 -88.5	14
 -87.5	23
 -86.5	20
 -85.5	14
 -84.5	24
 -83.5	16
 -82.5	20.5
 -81.5	18
 -80.5	22
 -79.5	26
 -78.5	13
 -77.5	19
 -76.5	12
 -75.5	18
 -74.5	22
 -73.5	17
 -72.5	16
 -71.5	18
 -70.5	21
 -69.5	13
 -68.5	16.5
 -67.5	26
 -66.5	20
 -65.5	23
 -64.5	16
 -63.5	15
 -62.5	26
 -61.5	24
 -60.5	18
 -59.5	23.25
 -58.5	17
 -57.5	23
 -56.5	22.5
 -55.5	17
 -54.5	27
 -53.5	24
 -52.5	21
 -51.5	25
 -50.5	17
 -49.5	24.5
 -48.5	20
 -47.5	20
 -46.5	21
 -45.5	27
 -44.5	13
 -43.5	21
 -42.5	19
 -41.5	24
 -40.5	25
 -39.5	29
 -38.5	13
 -37.5	35
 -36.5	21
 -35.5	24
 -34.5	27
 -33.5	23
 -32.5	25
 -31.5	29
 -30.5	21
 -29.5	25
 -28.5	24
 -27.5	27
 -26.5	25
 -25.5	26
 -24.5	21
 -23.5	23
 -22.5	30.5
 -21.5	31
 -20.5	31
 -19.5	26
 -18.5	36
 -17.5	25
 -16.5	16.5
 -15.5	21
 -14.5	21
 -13.5	31
 -12.5	24
 -11.5	21
 -10.5	20
  -9.5	19
  -8.5	24
  -7.5	29
  -6.5	20
  -5.5	29
  -4.5	27
  -3.5	17
  -2.5	17
  -1.5	19
  -0.5	32
   0.5	29
   1.5	24
   2.5	32
   3.5	22
   4.5	19
   5.5	34
   6.5	42
   7.5	20
   8.5	24
   9.5	36
  10.5	25
  11.5	26
  12.5	21.5
  13.5	28
  14.5	30
  15.5	32
  16.5	26
  17.5	33
  18.5	24
  19.5	26
  20.5	20
  21.5	32
  22.5	30.5
  23.5	29
  24.5	26.5
  25.5	32.5
  26.5	24.5
  27.5	18
  28.5	16
  29.5	31
  30.5	23
  31.5	21
  32.5	25
  33.5	19
  34.5	33
  35.5	22
  36.5	28
  37.5	23.5
  38.5	29
  39.5	27
  40.5	24
  41.5	27
  42.5	17
  43.5	16
  44.5	19.5
  45.5	15
  46.5	17
  47.5	26
  48.5	22.5
  49.5	16
  50.5	18
  51.5	15
  52.5	19
  53.5	18
  54.5	26
  55.5	30
  56.5	19
  57.5	17.5
  58.5	22
  59.5	24
  60.5	15
  61.5	22
  62.5	14
  63.5	25
  64.5	22
  65.5	15
  66.5	21
  67.5	24
  68.5	27
  69.5	20
  70.5	21
  71.5	18
  72.5	14
  73.5	24
  74.5	21.5
  75.5	18
  76.5	22
  77.5	13
  78.5	12
  79.5	19
  80.5	15
  81.5	19
  82.5	20
  83.5	20
  84.5	24
  85.5	20
  86.5	30
  87.5	22
  88.5	23
  89.5	16
  90.5	15
  91.5	18
  92.5	20
  93.5	22
  94.5	15
  95.5	14
  96.5	17
  97.5	18
  98.5	16
  99.5	17.5
 100.5	23
 101.5	25
 102.5	17.5
 103.5	18
 104.5	23
 105.5	23
 106.5	22
 107.5	17
 108.5	24
 109.5	16
 110.5	15
 111.5	21
 112.5	17
 113.5	16
 114.5	25
 115.5	18
 116.5	21
 117.5	18
 118.5	14
 119.5	23.5
 120.5	24
 121.5	23
 122.5	19
 123.5	14
 124.5	22
 125.5	20
 126.5	13
 127.5	22
 128.5	17
 129.5	22
 130.5	14
 131.5	25.5
 132.5	22.5
 133.5	13
 134.5	18.5
 135.5	24
 136.5	24
 137.5	25
 138.5	15
 139.5	20
 140.5	14
 141.5	21
 142.5	18
 143.5	20
 144.5	25.5
 145.5	14
 146.5	15
 147.5	11
 148.5	17
 149.5	15
 150.5	22
 151.5	16
 152.5	18
 153.5	17
 154.5	21
 155.5	19
 156.5	14
 157.5	13
 158.5	15
 159.5	14
 160.5	22
 161.5	22
 162.5	19
 163.5	15.5
 164.5	21
 165.5	15
 166.5	25
 167.5	19.5
 168.5	17
 169.5	24
 170.5	17
 171.5	17
 172.5	18
 173.5	17
 174.5	17
 175.5	22
 176.5	21
 177.5	22
 178.5	23
 179.5	18
 180.5	29
 181.5	24
 182.5	22
 183.5	16
 184.5	16
 185.5	20
 186.5	20
 187.5	23
 188.5	25
 189.5	22
 190.5	18
 191.5	15
 192.5	19.5
 193.5	14
 194.5	17.5
 195.5	15
 196.5	19
 197.5	16
 198.5	14
 199.5	22
 200.5	19
 201.5	16
 202.5	14
 203.5	27
 204.5	11
 205.5	21
 206.5	15.5
 207.5	21
 208.5	20
 209.5	21
 210.5	10
 211.5	18
 212.5	18
 213.5	24
 214.5	19
 215.5	28
 216.5	25
 217.5	24
 218.5	19
 219.5	16
 220.5	20.5
 221.5	22
 222.5	13.5
 223.5	15
 224.5	16
 225.5	16
 226.5	16
 227.5	17
DB 2 MOTIF	KAISO_HUMAN.H11MO.1.A
-229.5	28
-228.5	27.5
-227.5	30.5
-226.5	30.5
-225.5	19.5
-224.5	31.5
-223.5	19
-222.5	22
-221.5	27.5
-220.5	26
-219.5	33
-218.5	28
-217.5	26
-216.5	34
-215.5	27
-214.5	19
-213.5	22
-212.5	26
-211.5	27
-210.5	31
-209.5	20
-208.5	26
-207.5	22.5
-206.5	26
-205.5	18
-204.5	33
-203.5	23
-202.5	24
-201.5	32
-200.5	25
-199.5	30
-198.5	26
-197.5	21.5
-196.5	20
-195.5	19
-194.5	26.5
-193.5	27
-192.5	31
-191.5	30
-190.5	26
-189.5	18
-188.5	20.5
-187.5	17
-186.5	22
-185.5	25.5
-184.5	27
-183.5	22
-182.5	24
-181.5	20
-180.5	27
-179.5	24
-178.5	27.25
-177.5	24.5
-176.5	20
-175.5	20.5
-174.5	19.5
-173.5	17
-172.5	24
-171.5	26
-170.5	26.3333
-169.5	34.8333
-168.5	29.5
-167.5	26
-166.5	21.5
-165.5	19
-164.5	24
-163.5	19
-162.5	25
-161.5	17
-160.5	24
-159.5	16
-158.5	22.5
-157.5	18
-156.5	20.5
-155.5	18
-154.5	22
-153.5	20
-152.5	18
-151.5	19
-150.5	28.5
-149.5	22
-148.5	25
-147.5	21
-146.5	33
-145.5	31.5
-144.5	30.5
-143.5	30
-142.5	34
-141.5	17
-140.5	22
-139.5	23.25
-138.5	30
-137.5	24
-136.5	23
-135.5	22
-134.5	20
-133.5	27
-132.5	27.5
-131.5	20.5
-130.5	24.5
-129.5	19
-128.5	33
-127.5	18.5
-126.5	26
-125.5	23.3333
-124.5	32.5
-123.5	33
-122.5	20
-121.5	28
-120.5	28
-119.5	45
-118.5	22
-117.5	20
-116.5	19
-115.5	36.5
-114.5	23
-113.5	27
-112.5	22.5
-111.5	29
-110.5	16
-109.5	25
-108.5	25
-107.5	23
-106.5	25
-105.5	30
-104.5	23
-103.5	28
-102.5	21.5
-101.5	20
-100.5	25.25
 -99.5	15
 -98.5	22
 -97.5	29.5
 -96.5	26
 -95.5	24.5
 -94.5	31.5
 -93.5	17
 -92.5	23
 -91.5	22
 -90.5	27.5
 -89.5	20
 -88.5	29
 -87.5	30
 -86.5	24
 -85.5	19
 -84.5	24.5
 -83.5	19
 -82.5	25.5
 -81.5	20
 -80.5	15.5
 -79.5	24
 -78.5	24
 -77.5	34
 -76.5	20
 -75.5	24
 -74.5	21.5
 -73.5	28
 -72.5	31
 -71.5	13
 -70.5	25.5
 -69.5	27
 -68.5	34
 -67.5	20.5
 -66.5	28.5
 -65.5	26.3333
 -64.5	20.5
 -63.5	23
 -62.5	25.5
 -61.5	21.25
 -60.5	31
 -59.5	33
 -58.5	25
 -57.5	25.5
 -56.5	28.5
 -55.5	28
 -54.5	28
 -53.5	21
 -52.5	21
 -51.5	22.5
 -50.5	17
 -49.5	26.5
 -48.5	24
 -47.5	29
 -46.5	22
 -45.5	23
 -44.5	32
 -43.5	27
 -42.5	29
 -41.5	29.5
 -40.5	23.5
 -39.5	29
 -38.5	29
 -37.5	33.5
 -36.5	22
 -35.5	37
 -34.5	24
 -33.5	33.5
 -32.5	29
 -31.5	24
 -30.5	31
 -29.5	29
 -28.5	24
 -27.5	34
 -26.5	24.5
 -25.5	35.5
 -24.5	30
 -23.5	30
 -22.5	36.5
 -21.5	25.5
 -20.5	48.5
 -19.5	40
 -18.5	20
 -17.5	28
 -16.5	29
 -15.5	35.5
 -14.5	25.5
 -13.5	28.5
 -12.5	30
 -11.5	20
 -10.5	20
  -9.5	28
  -8.5	19
  -7.5	19
  -6.5	31
  -5.5	24
  -4.5	32.5
  -3.5	25
  -2.5	23.5
  -1.5	31
  -0.5	21
   0.5	36.5
   1.5	29.5
   2.5	21.5
   3.5	36
   4.5	27
   5.5	30.5
   6.5	27
   7.5	35
   8.5	29.5
   9.5	16.5
  10.5	34.5
  11.5	35
  12.5	36
  13.5	28
  14.5	21
  15.5	33
  16.5	26
  17.5	30
  18.5	34.5
  19.5	28.5
  20.5	24
  21.5	36.5
  22.5	28
  23.5	38.5
  24.5	27.5
  25.5	18
  26.5	27
  27.5	24.5
  28.5	19.5
  29.5	27.5
  30.5	23.5
  31.5	28
  32.5	37.5
  33.5	21.5
  34.5	32
  35.5	22
  36.5	39
  37.5	26
  38.5	28
  39.5	15
  40.5	42
  41.5	34
  42.5	23.5
  43.5	25.5
  44.5	25.5
  45.5	16
  46.5	27
  47.5	24
  48.5	27.5
  49.5	34
  50.5	28
  51.5	22.5
  52.5	25.5
  53.5	33.5
  54.5	23
  55.5	31.5
  56.5	33
  57.5	24.5
  58.5	27.5
  59.5	21
  60.5	20
  61.5	21
  62.5	25
  63.5	36
  64.5	19
  65.5	36.5
  66.5	26
  67.5	28
  68.5	28
  69.5	22
  70.5	25.5
  71.5	27
  72.5	27.5
  73.5	26.5
  74.5	22
  75.5	23.5
  76.5	28.5
  77.5	22.5
  78.5	25.5
  79.5	25
  80.5	23
  81.5	27
  82.5	30
  83.5	20
  84.5	29
  85.5	29.5
  86.5	24
  87.5	28
  88.5	25.5
  89.5	25
  90.5	20
  91.5	23
  92.5	22
  93.5	21
  94.5	20.5
  95.5	24
  96.5	27
  97.5	12.5
  98.5	23
  99.5	24.5
 100.5	26
 101.5	26.5
 102.5	21.5
 103.5	25
 104.5	25
 105.5	22
 106.5	22
 107.5	25
 108.5	23
 109.5	25
 110.5	22
 111.5	31
 112.5	27
 113.5	31
 114.5	19
 115.5	26
 116.5	18
 117.5	25
 118.5	24
 119.5	23.5
 120.5	26
 121.5	24.5
 122.5	20.5
 123.5	21.5
 124.5	24.5
 125.5	29.5
 126.5	22
 127.5	31
 128.5	18
 129.5	38
 130.5	19
 131.5	23
 132.5	23
 133.5	28.5
 134.5	17
 135.5	20
 136.5	22
 137.5	25
 138.5	23.5
 139.5	27
 140.5	21
 141.5	20
 142.5	23
 143.5	25
 144.5	26
 145.5	29
 146.5	30
 147.5	17
 148.5	26
 149.5	19.5
 150.5	29.5
 151.5	25
 152.5	26
 153.5	23
 154.5	28
 155.5	21
 156.5	30
 157.5	16
 158.5	25
 159.5	26
 160.5	23
 161.5	23
 162.5	16
 163.5	33.5
 164.5	24
 165.5	24
 166.5	26
 167.5	18.5
 168.5	16.5
 169.5	23
 170.5	25
 171.5	22
 172.5	22
 173.5	28
 174.5	30
 175.5	23
 176.5	25
 177.5	27.5
 178.5	28
 179.5	25
 180.5	29
 181.5	29
 182.5	23
 183.5	19
 184.5	20
 185.5	17
 186.5	24
 187.5	27
 188.5	28
 189.5	17
 190.5	20
 191.5	31
 192.5	15.5
 193.5	20.5
 194.5	32
 195.5	15
 196.5	23.5
 197.5	27
 198.5	24
 199.5	26
 200.5	24.5
 201.5	34.5
 202.5	20
 203.5	14
 204.5	19
 205.5	17.5
 206.5	27
 207.5	31.5
 208.5	17.5
 209.5	27
 210.5	22
 211.5	36
 212.5	22
 213.5	29
 214.5	25
 215.5	27
 216.5	27
 217.5	24.8333
 218.5	30.8333
 219.5	32
 220.5	28
 221.5	20.5
 222.5	33
 223.5	22
 224.5	21
 225.5	21
 226.5	17
 227.5	23
 228.5	29.5
 229.5	23
DB 2 MOTIF	KAISO_HUMAN.H11MO.2.A
-229.0	27.5
-228.0	26
-227.0	15
-226.0	24
-225.0	29
-224.0	35
-223.0	23
-222.0	25
-221.0	23
-220.0	24
-219.0	34
-218.0	34.5
-217.0	23
-216.0	27
-215.0	19
-214.0	26
-213.0	22
-212.0	19
-211.0	15
-210.0	28
-209.0	34.5
-208.0	18
-207.0	30
-206.0	20
-205.0	22.5
-204.0	19.2
-203.0	17
-202.0	22
-201.0	30
-200.0	24
-199.0	22
-198.0	35
-197.0	26
-196.0	27
-195.0	23
-194.0	20
-193.0	26
-192.0	23
-191.0	19
-190.0	21
-189.0	30
-188.0	20.5
-187.0	31
-186.0	16
-185.0	31.5
-184.0	31
-183.0	16
-182.0	25
-181.0	23
-180.0	24.45
-179.0	27
-178.0	16
-177.0	20
-176.0	27.5
-175.0	30.5
-174.0	16.5
-173.0	25
-172.0	17.5
-171.0	25
-170.0	28
-169.0	33.5
-168.0	26
-167.0	22
-166.0	21
-165.0	24.5
-164.0	22.5
-163.0	24
-162.0	17
-161.0	26
-160.0	28
-159.0	25
-158.0	19
-157.0	24
-156.0	21.2
-155.0	22
-154.0	21
-153.0	22
-152.0	19
-151.0	14
-150.0	22
-149.0	24
-148.0	20
-147.0	25
-146.0	30
-145.0	22
-144.0	21.5
-143.0	22
-142.0	24
-141.0	19.25
-140.0	15
-139.0	23
-138.0	21
-137.0	15
-136.0	25
-135.0	28
-134.0	34.5
-133.0	21
-132.0	27.2
-131.0	24.5
-130.0	23
-129.0	27.5
-128.0	26
-127.0	29
-126.0	22
-125.0	22
-124.0	24
-123.0	16
-122.0	24
-121.0	23
-120.0	27
-119.0	28
-118.0	21
-117.0	28
-116.0	22
-115.0	22
-114.0	20
-113.0	27
-112.0	22
-111.0	23.5
-110.0	34
-109.0	18
-108.0	13.2
-107.0	23
-106.0	25
-105.0	31
-104.0	24.5
-103.0	26
-102.0	26.75
-101.0	24
-100.0	26
 -99.0	34
 -98.0	17
 -97.0	20
 -96.0	25
 -95.0	29
 -94.0	25
 -93.0	16
 -92.0	23
 -91.0	16
 -90.0	21
 -89.0	22
 -88.0	28
 -87.0	31.5
 -86.0	20
 -85.0	26.5
 -84.0	27.5
 -83.0	16
 -82.0	15
 -81.0	20.5
 -80.0	13
 -79.0	31
 -78.0	31
 -77.0	25
 -76.0	21
 -75.0	29
 -74.0	19
 -73.0	29
 -72.0	18
 -71.0	22
 -70.0	23
 -69.0	24
 -68.0	17
 -67.0	17
 -66.0	21
 -65.0	24.5
 -64.0	16
 -63.0	31.25
 -62.0	16.5
 -61.0	17
 -60.0	19
 -59.0	22
 -58.0	20
 -57.0	19
 -56.0	28
 -55.0	21
 -54.0	20
 -53.0	25.5
 -52.0	28
 -51.0	26
 -50.0	15
 -49.0	25
 -48.0	29
 -47.0	23
 -46.0	32
 -45.0	32
 -44.0	22
 -43.0	30
 -42.0	30
 -41.0	22
 -40.0	32.5
 -39.0	35
 -38.0	29.5
 -37.0	26
 -36.0	30
 -35.0	31
 -34.0	27
 -33.0	28
 -32.0	34
 -31.0	27
 -30.0	22
 -29.0	31
 -28.0	31
 -27.0	28
 -26.0	27
 -25.0	41
 -24.0	42
 -23.0	33
 -22.0	35
 -21.0	32.5
 -20.0	25
 -19.0	27
 -18.0	23
 -17.0	29
 -16.0	36.5
 -15.0	40.5
 -14.0	25
 -13.0	28
 -12.0	25
 -11.0	31
 -10.0	28
  -9.0	26
  -8.0	19
  -7.0	30
  -6.0	33
  -5.0	27
  -4.0	19
  -3.0	28.5
  -2.0	21
  -1.0	23
   0.0	28
   1.0	23
   2.0	24
   3.0	31
   4.0	30
   5.0	27
   6.0	29
   7.0	32
   8.0	29
   9.0	27
  10.0	31
  11.0	31
  12.0	31
  13.0	20.5
  14.0	34
  15.0	34
  16.0	28
  17.0	26
  18.0	37
  19.0	34
  20.0	25
  21.0	30
  22.0	33.5
  23.0	28.5
  24.0	32
  25.0	25
  26.0	31.5
  27.0	35
  28.0	26
  29.0	31
  30.0	27
  31.0	39
  32.0	26
  33.0	24
  34.0	21
  35.0	34.5
  36.0	24.5
  37.0	25
  38.0	21
  39.0	24
  40.0	34
  41.0	21
  42.0	21
  43.0	34
  44.0	23
  45.0	20.5
  46.0	23
  47.0	23.5
  48.0	24
  49.0	27
  50.0	30
  51.0	24
  52.0	23
  53.0	37
  54.0	21
  55.0	17
  56.0	30
  57.0	23
  58.0	23
  59.0	23
  60.0	23
  61.0	20
  62.0	25
  63.0	20
  64.0	22.5
  65.0	27
  66.0	20
  67.0	25
  68.0	25
  69.0	24
  70.0	18.5
  71.0	28
  72.0	31
  73.0	28
  74.0	26
  75.0	23
  76.0	26
  77.0	18
  78.0	20
  79.0	27
  80.0	21
  81.0	31
  82.0	22
  83.0	20
  84.0	20
  85.0	25
  86.0	18
  87.0	29
  88.0	26
  89.0	29
  90.0	31
  91.0	26
  92.0	16.5
  93.0	21
  94.0	22
  95.0	17
  96.0	28
  97.0	33
  98.0	28.5
  99.0	27
 100.0	27
 101.0	20
 102.0	16.5
 103.0	19
 104.0	15
 105.0	23
 106.0	20
 107.0	25
 108.0	18.5
 109.0	26.5
 110.0	27
 111.0	21
 112.0	23
 113.0	30
 114.0	12.5
 115.0	26
 116.0	24
 117.0	25
 118.0	24
 119.0	18
 120.0	12
 121.0	25
 122.0	22
 123.0	18
 124.0	24
 125.0	24
 126.0	20
 127.0	28
 128.0	29
 129.0	29
 130.0	19
 131.0	21
 132.0	21
 133.0	29
 134.0	18
 135.0	13
 136.0	22.5
 137.0	30
 138.0	27
 139.0	28
 140.0	17
 141.0	28
 142.0	21
 143.0	30
 144.0	24
 145.0	26
 146.0	25
 147.0	20
 148.0	22
 149.0	13
 150.0	21
 151.0	21
 152.0	15
 153.0	23
 154.0	35
 155.0	17
 156.0	29
 157.0	29
 158.0	20
 159.0	23
 160.0	27
 161.0	23
 162.0	23
 163.0	17
 164.0	25
 165.0	27
 166.0	26
 167.0	28
 168.0	22
 169.0	15
 170.0	18
 171.0	13
 172.0	30.5
 173.0	22
 174.0	25
 175.0	23
 176.0	21
 177.0	26
 178.0	21
 179.0	22
 180.0	22
 181.0	16
 182.0	25
 183.0	17
 184.0	23
 185.0	33
 186.0	16
 187.0	27
 188.0	18
 189.0	19
 190.0	24
 191.0	21
 192.0	19.5
 193.0	20
 194.0	23
 195.0	25.5
 196.0	23
 197.0	23
 198.0	22
 199.0	24
 200.0	24
 201.0	18
 202.0	20
 203.0	30
 204.0	20.5
 205.0	20
 206.0	22.5
 207.0	26.5
 208.0	30.5
 209.0	23
 210.0	24.5
 211.0	27
 212.0	23
 213.0	20
 214.0	21
 215.0	25
 216.0	24
 217.0	22
 218.0	11
 219.0	15
 220.0	29
 221.0	25
 222.0	19
 223.0	16
 224.0	23
 225.0	25.5
 226.0	32
 227.0	15
 228.0	19.5
 229.0	18
DB 2 MOTIF	KLF12_HUMAN.H11MO.0.C
-229.5	34.7
-228.5	34.5
-227.5	26.5
-226.5	23
-225.5	23
-224.5	34.6667
-223.5	20
-222.5	33
-221.5	17.2
-220.5	27
-219.5	27
-218.5	17
-217.5	27
-216.5	16.8333
-215.5	24
-214.5	26.5
-213.5	24.8333
-212.5	28.6667
-211.5	25.5
-210.5	21.5
-209.5	25.2
-208.5	32.8333
-207.5	22
-206.5	30.5
-205.5	25.3333
-204.5	26.25
-203.5	21.5333
-202.5	23.5
-201.5	21.6667
-200.5	25
-199.5	26.5
-198.5	21
-197.5	23.8333
-196.5	26
-195.5	26
-194.5	37.5
-193.5	21
-192.5	28.5
-191.5	25.8333
-190.5	21.5
-189.5	33.5333
-188.5	24
-187.5	32
-186.5	22
-185.5	33.45
-184.5	27.5
-183.5	30.5
-182.5	31
-181.5	35.3333
-180.5	30.0833
-179.5	28.3333
-178.5	29.8333
-177.5	19
-176.5	32
-175.5	28.3333
-174.5	34.5
-173.5	40.8333
-172.5	24.3333
-171.5	30.6667
-170.5	27.25
-169.5	29.2
-168.5	26.5
-167.5	33.0333
-166.5	22
-165.5	33.5
-164.5	19.3333
-163.5	27.3333
-162.5	29.1667
-161.5	25.3333
-160.5	32.5
-159.5	39.5
-158.5	25
-157.5	22.4167
-156.5	27.3333
-155.5	27.5
-154.5	32.5833
-153.5	31.5
-152.5	36.1667
-151.5	33
-150.5	23.8333
-149.5	28.15
-148.5	28.7833
-147.5	30.5
-146.5	27
-145.5	26
-144.5	19.75
-143.5	21.5333
-142.5	39
-141.5	27
-140.5	19
-139.5	17.7
-138.5	34.5
-137.5	34.8333
-136.5	30.8333
-135.5	32.3333
-134.5	36.45
-133.5	30.5
-132.5	26.8333
-131.5	27.75
-130.5	31
-129.5	31.2
-128.5	29.25
-127.5	24.3333
-126.5	33.5833
-125.5	29.1667
-124.5	36.2
-123.5	27.7
-122.5	25
-121.5	30.75
-120.5	41
-119.5	30.2
-118.5	38.2
-117.5	34.5
-116.5	27.75
-115.5	34.5
-114.5	21.5
-113.5	24.5
-112.5	47
-111.5	37.6667
-110.5	35
-109.5	38.6667
-108.5	33
-107.5	36.3333
-106.5	25.3333
-105.5	34.5
-104.5	26.6667
-103.5	31
-102.5	33.8333
-101.5	27.75
-100.5	37.1667
 -99.5	34.6667
 -98.5	26.5333
 -97.5	30.1667
 -96.5	25.3333
 -95.5	25
 -94.5	23.5
 -93.5	38.3333
 -92.5	36.5
 -91.5	36.5
 -90.5	31
 -89.5	28.3333
 -88.5	25.3333
 -87.5	20.5
 -86.5	31.6667
 -85.5	33.5
 -84.5	29.5
 -83.5	40.8333
 -82.5	40.3333
 -81.5	29.6667
 -80.5	36.8333
 -79.5	28.5
 -78.5	34.8333
 -77.5	28
 -76.5	30.6667
 -75.5	31.3333
 -74.5	31.5
 -73.5	34.5
 -72.5	41.5
 -71.5	36.8333
 -70.5	34.1667
 -69.5	34.5
 -68.5	31.8333
 -67.5	26.5
 -66.5	46.8333
 -65.5	39.5
 -64.5	33.5
 -63.5	38.5
 -62.5	38.8333
 -61.5	29.8333
 -60.5	29.5
 -59.5	45.3333
 -58.5	34
 -57.5	50.3333
 -56.5	30.8333
 -55.5	34.8333
 -54.5	35.3333
 -53.5	29.5
 -52.5	38
 -51.5	29.1667
 -50.5	33
 -49.5	29
 -48.5	46.5
 -47.5	35.5
 -46.5	21.8333
 -45.5	39
 -44.5	33
 -43.5	24.5
 -42.5	24.8333
 -41.5	29
 -40.5	39
 -39.5	36.8333
 -38.5	39.8333
 -37.5	26.25
 -36.5	25
 -35.5	46.3333
 -34.5	29.75
 -33.5	33
 -32.5	43.3333
 -31.5	39.3333
 -30.5	40.3333
 -29.5	31.25
 -28.5	40.3333
 -27.5	33
 -26.5	34
 -25.5	35
 -24.5	33.25
 -23.5	34
 -22.5	40.25
 -21.5	34.5
 -20.5	21.5
 -19.5	25.5
 -18.5	29.3333
 -17.5	25
 -16.5	23
 -15.5	26
 -14.5	36.5
 -13.5	32
 -12.5	38.3333
 -11.5	30.3333
 -10.5	30
  -9.5	30
  -8.5	35.5
  -7.5	33.3333
  -6.5	34.5
  -5.5	34
  -4.5	32
  -3.5	30.5
  -2.5	39
  -1.5	41.5
  -0.5	38
   0.5	34
   1.5	37.5
   2.5	38.8333
   3.5	27
   4.5	39.5
   5.5	45.5
   6.5	38.5
   7.5	29.8333
   8.5	37.5
   9.5	22.1667
  10.5	26
  11.5	18
  12.5	31.5
  13.5	36
  14.5	32
  15.5	27.8333
  16.5	31.3333
  17.5	25.5
  18.5	51.5
  19.5	31
  20.5	29
  21.5	33.5
  22.5	32
  23.5	36
  24.5	30.5
  25.5	33.8333
  26.5	33.5
  27.5	38
  28.5	30
  29.5	33
  30.5	34
  31.5	33.8333
  32.5	38
  33.5	37
  34.5	40.5
  35.5	38.5
  36.5	22.8333
  37.5	26
  38.5	26.3333
  39.5	33.25
  40.5	24.5
  41.5	30.3333
  42.5	43.5
  43.5	26
  44.5	41
  45.5	30.25
  46.5	40.8333
  47.5	32
  48.5	36.3333
  49.5	29.5
  50.5	28.3333
  51.5	32.5
  52.5	32.5
  53.5	32.5
  54.5	38
  55.5	29.5
  56.5	39
  57.5	33
  58.5	36
  59.5	25
  60.5	23.5
  61.5	33.8333
  62.5	37.5
  63.5	28.5
  64.5	28.5
  65.5	39.3333
  66.5	41.5
  67.5	37
  68.5	26.8333
  69.5	39.5
  70.5	36.25
  71.5	30.5
  72.5	34
  73.5	27.5
  74.5	29.5
  75.5	30.5
  76.5	24.3333
  77.5	41
  78.5	28.8333
  79.5	31
  80.5	26.5833
  81.5	35.75
  82.5	26.8333
  83.5	35.5
  84.5	28.75
  85.5	26
  86.5	37.25
  87.5	35
  88.5	35.6667
  89.5	27
  90.5	26.8333
  91.5	34
  92.5	30.0833
  93.5	32.5
  94.5	28.5
  95.5	27.1667
  96.5	23.8333
  97.5	32.5833
  98.5	33.25
  99.5	25.5
 100.5	31.3333
 101.5	37.3333
 102.5	35.8333
 103.5	26.3333
 104.5	23
 105.5	33.8333
 106.5	21.5
 107.5	40.6667
 108.5	33.8333
 109.5	32
 110.5	32.5
 111.5	19.8333
 112.5	34.8333
 113.5	21.3333
 114.5	24
 115.5	26
 116.5	36
 117.5	21.1667
 118.5	27
 119.5	27
 120.5	30.0833
 121.5	17.75
 122.5	27
 123.5	28.1667
 124.5	35
 125.5	41.5
 126.5	29
 127.5	32
 128.5	21.5
 129.5	20.3333
 130.5	28
 131.5	38.5
 132.5	26.75
 133.5	30
 134.5	26.5
 135.5	23.6667
 136.5	27.5
 137.5	32
 138.5	25
 139.5	29.1667
 140.5	25
 141.5	29.8333
 142.5	23.5
 143.5	23.5833
 144.5	18.3333
 145.5	21.5
 146.5	23.3333
 147.5	22.3333
 148.5	22.3333
 149.5	20.5833
 150.5	33
 151.5	22.8333
 152.5	22
 153.5	25.3333
 154.5	24.9167
 155.5	23.25
 156.5	16.5
 157.5	18
 158.5	21.5
 159.5	31.0833
 160.5	21
 161.5	29.75
 162.5	25.5
 163.5	25.5
 164.5	20.5
 165.5	20.3333
 166.5	23
 167.5	32
 168.5	24.3333
 169.5	36.3333
 170.5	22.25
 171.5	30
 172.5	27.3333
 173.5	28.8333
 174.5	26.4167
 175.5	16.25
 176.5	20.5
 177.5	17.8333
 178.5	33.5
 179.5	27.3333
 180.5	15.25
 181.5	15.8333
 182.5	26.3333
 183.5	25.8333
 184.5	17
 185.5	29.5
 186.5	20.5
 187.5	15.5
 188.5	30
 189.5	29.5
 190.5	14.6667
 191.5	22.6667
 192.5	14
 193.5	22.3333
 194.5	27
 195.5	28.5
 196.5	28
 197.5	25
 198.5	24
 199.5	24.25
 200.5	29.8333
 201.5	24.3333
 202.5	29
 203.5	20
 204.5	20.8333
 205.5	24.5
 206.5	25
 207.5	31
 208.5	23.1667
 209.5	22
 210.5	27.3333
 211.5	25.8333
 212.5	22.3333
 213.5	17
 214.5	19
 215.5	24.3333
 216.5	31
 217.5	20
 218.5	20
 219.5	23
 220.5	27.6667
 221.5	26.5
 222.5	31
 223.5	21.8333
 224.5	34.25
 225.5	18
 226.5	26
 227.5	27
 228.5	17.5
 229.5	30
DB 2 MOTIF	KLF13_HUMAN.H11MO.0.D
-229.5	13
-228.5	17.5
-227.5	20
-226.5	15.5
-225.5	22
-224.5	17
-223.5	22
-222.5	24.5
-221.5	12.8333
-220.5	19.5
-219.5	19.2
-218.5	18.5
-217.5	20
-216.5	14
-215.5	22
-214.5	15.3333
-213.5	16.5
-212.5	22
-211.5	16.5
-210.5	24
-209.5	16
-208.5	25
-207.5	12.5
-206.5	22
-205.5	13.5
-204.5	16.8333
-203.5	12
-202.5	17.3333
-201.5	20.7
-200.5	16
-199.5	25
-198.5	11.5
-197.5	17.5
-196.5	17.5
-195.5	16
-194.5	12
-193.5	17
-192.5	20.5
-191.5	17
-190.5	13
-189.5	24.5
-188.5	15.5
-187.5	15.5
-186.5	22
-185.5	15.3333
-184.5	17
-183.5	17.7
-182.5	19
-181.5	13.5
-180.5	17
-179.5	11
-178.5	11
-177.5	17
-176.5	24
-175.5	14
-174.5	28
-173.5	18.5
-172.5	20
-171.5	13
-170.5	22.5
-169.5	19
-168.5	23
-167.5	24
-166.5	23
-165.5	15.2
-164.5	15
-163.5	18
-162.5	14
-161.5	25
-160.5	18.5
-159.5	21
-158.5	25
-157.5	22.5
-156.5	20.5
-155.5	24
-154.5	14.5
-153.5	19
-152.5	19.5
-151.5	22
-150.5	15
-149.5	33.5
-148.5	16.5
-147.5	19.2
-146.5	21.5
-145.5	18
-144.5	15
-143.5	14
-142.5	20.5
-141.5	23
-140.5	18
-139.5	15.5
-138.5	20
-137.5	15.5
-136.5	15.3333
-135.5	18
-134.5	19.5
-133.5	19.5
-132.5	16
-131.5	25
-130.5	16.5
-129.5	23
-128.5	21
-127.5	25
-126.5	12.5
-125.5	11.8333
-124.5	18
-123.5	22.5
-122.5	21
-121.5	15.3333
-120.5	30
-119.5	22.3333
-118.5	22
-117.5	27
-116.5	25.5
-115.5	14.5
-114.5	20.5
-113.5	25.8333
-112.5	9
-111.5	16.5
-110.5	20.5
-109.5	26.5
-108.5	23
-107.5	18.5
-106.5	21
-105.5	29.5
-104.5	22
-103.5	24.8333
-102.5	19.5
-101.5	29.8333
-100.5	22.5
 -99.5	19
 -98.5	21.5
 -97.5	16.5
 -96.5	21.5
 -95.5	18.5
 -94.5	20.5
 -93.5	19
 -92.5	23
 -91.5	16.5
 -90.5	15
 -89.5	26
 -88.5	26.5
 -87.5	22
 -86.5	21
 -85.5	25
 -84.5	23.8333
 -83.5	19.5
 -82.5	18
 -81.5	19
 -80.5	20
 -79.5	29
 -78.5	23
 -77.5	19
 -76.5	21.5
 -75.5	28
 -74.5	21.5
 -73.5	14.5
 -72.5	26
 -71.5	20.5
 -70.5	16
 -69.5	25
 -68.5	23
 -67.5	27.5
 -66.5	19
 -65.5	23.5
 -64.5	23
 -63.5	17
 -62.5	20.5
 -61.5	22.5
 -60.5	26
 -59.5	19
 -58.5	26
 -57.5	24
 -56.5	22
 -55.5	23
 -54.5	23
 -53.5	13
 -52.5	28
 -51.5	18
 -50.5	18
 -49.5	15
 -48.5	25
 -47.5	21
 -46.5	18
 -45.5	16
 -44.5	16
 -43.5	16
 -42.5	33
 -41.5	24
 -40.5	25
 -39.5	24
 -38.5	25
 -37.5	23
 -36.5	27
 -35.5	21.5
 -34.5	16
 -33.5	20.5
 -32.5	27.5
 -31.5	27.5
 -30.5	36
 -29.5	24
 -28.5	13
 -27.5	15
 -26.5	27.5
 -25.5	27
 -24.5	16
 -23.5	26
 -22.5	21
 -21.5	26
 -20.5	16
 -19.5	17
 -18.5	17.5
 -17.5	30
 -16.5	24
 -15.5	22
 -14.5	13
 -13.5	29
 -12.5	20.5
 -11.5	17
 -10.5	25
  -9.5	20
  -8.5	23
  -7.5	28
  -6.5	22.3333
  -5.5	18
  -4.5	23
  -3.5	20
  -2.5	17
  -1.5	22
  -0.5	23.5
   0.5	25
   1.5	25
   2.5	28
   3.5	30
   4.5	22
   5.5	19
   6.5	20
   7.5	26
   8.5	24.5
   9.5	28
  10.5	17
  11.5	22
  12.5	14.5
  13.5	14
  14.5	22
  15.5	11
  16.5	19
  17.5	24.5
  18.5	14.5
  19.5	16
  20.5	20.5
  21.5	13
  22.5	19.5
  23.5	17
  24.5	20
  25.5	21
  26.5	33
  27.5	18
  28.5	14
  29.5	24
  30.5	26
  31.5	29
  32.5	28.5
  33.5	27
  34.5	14
  35.5	26
  36.5	25.5
  37.5	28
  38.5	21
  39.5	18
  40.5	18.8333
  41.5	20
  42.5	28
  43.5	16.5
  44.5	19.5
  45.5	24
  46.5	23
  47.5	23
  48.5	20
  49.5	28
  50.5	22
  51.5	20.5
  52.5	25
  53.5	27.5
  54.5	26
  55.5	24
  56.5	17
  57.5	25.5
  58.5	21.5
  59.5	26.5
  60.5	28
  61.5	21.5
  62.5	18
  63.5	29
  64.5	30
  65.5	25
  66.5	20
  67.5	24
  68.5	23
  69.5	19
  70.5	19.125
  71.5	21
  72.5	24.5
  73.5	18
  74.5	12.5
  75.5	22
  76.5	28.5
  77.5	11
  78.5	32
  79.5	25
  80.5	15
  81.5	18
  82.5	23
  83.5	17
  84.5	22.125
  85.5	16
  86.5	16
  87.5	11.5
  88.5	21
  89.5	25.5
  90.5	17
  91.5	18
  92.5	18.5
  93.5	14
  94.5	20.5
  95.5	22
  96.5	21
  97.5	22.5
  98.5	30.125
  99.5	19
 100.5	19
 101.5	13
 102.5	16
 103.5	21
 104.5	19.5
 105.5	17
 106.5	24
 107.5	21
 108.5	21.5
 109.5	26
 110.5	16.3333
 111.5	20
 112.5	15.125
 113.5	14
 114.5	17
 115.5	21
 116.5	13
 117.5	15
 118.5	15
 119.5	22
 120.5	21
 121.5	20.5
 122.5	23
 123.5	21.5
 124.5	23
 125.5	21.75
 126.5	20.625
 127.5	20
 128.5	16.5
 129.5	22
 130.5	21.8333
 131.5	25.75
 132.5	21.5
 133.5	17
 134.5	20.5
 135.5	21
 136.5	15.5
 137.5	16.25
 138.5	18.5
 139.5	16.5
 140.5	19.625
 141.5	17
 142.5	27
 143.5	15.0833
 144.5	22
 145.5	27.5
 146.5	15.5
 147.5	9.33333
 148.5	9
 149.5	15.6667
 150.5	14.5
 151.5	13
 152.5	23
 153.5	13
 154.5	13.625
 155.5	16
 156.5	20
 157.5	30
 158.5	20
 159.5	16
 160.5	16
 161.5	11
 162.5	10
 163.5	9
 164.5	17.1667
 165.5	29.5
 166.5	11.5
 167.5	18
 168.5	13.125
 169.5	25
 170.5	18
 171.5	13
 172.5	18
 173.5	16.5
 174.5	21
 175.5	18
 176.5	19.5
 177.5	14
 178.5	17.3333
 179.5	19.5
 180.5	17
 181.5	18.5
 182.5	25.5
 183.5	15
 184.5	15
 185.5	20.5
 186.5	18
 187.5	20
 188.5	21.3333
 189.5	19.5
 190.5	17.5
 191.5	16
 192.5	21
 193.5	13
 194.5	14
 195.5	13
 196.5	19
 197.5	22.5
 198.5	20
 199.5	23
 200.5	10.5
 201.5	13.8333
 202.5	14
 203.5	17
 204.5	17
 205.5	17.5
 206.5	17.3333
 207.5	13
 208.5	21.8333
 209.5	15.1667
 210.5	12.8333
 211.5	19
 212.5	20
 213.5	18.5
 214.5	13
 215.5	10.3333
 216.5	18.5
 217.5	20
 218.5	16
 219.5	19.5
 220.5	17
 221.5	20.5
 222.5	18
 223.5	13.3333
 224.5	14.1667
 225.5	13.5
 226.5	10
 227.5	12
 228.5	10.3333
 229.5	25.5
DB 2 MOTIF	KLF14_HUMAN.H11MO.0.D
-228.5	26
-227.5	17
-226.5	29
-225.5	16.5
-224.5	17
-223.5	25
-222.5	15.8333
-221.5	16
-220.5	19.2
-219.5	15.5
-218.5	19
-217.5	13.5
-216.5	24
-215.5	11
-214.5	19
-213.5	18.5
-212.5	24.5
-211.5	20
-210.5	16
-209.5	23
-208.5	18
-207.5	29
-206.5	17
-205.5	24.3333
-204.5	13
-203.5	22
-202.5	16.7
-201.5	18
-200.5	19
-199.5	18
-198.5	19
-197.5	17
-196.5	15
-195.5	23.5
-194.5	26
-193.5	27
-192.5	19
-191.5	18
-190.5	25
-189.5	19.5
-188.5	24.5
-187.5	20
-186.5	21.8333
-185.5	20
-184.5	16.0333
-183.5	14
-182.5	18.8333
-181.5	24
-180.5	25.5
-179.5	17.3333
-178.5	15.5
-177.5	21
-176.5	21
-175.5	31.5
-174.5	24.8333
-173.5	27.3333
-172.5	21
-171.5	22
-170.5	21
-169.5	19
-168.5	17
-167.5	22
-166.5	19.2
-165.5	21
-164.5	23
-163.5	17.5
-162.5	25.3333
-161.5	14
-160.5	26
-159.5	26.5
-158.5	31.5
-157.5	22.3333
-156.5	21
-155.5	19.5
-154.5	22.5
-153.5	18.5
-152.5	28
-151.5	29.1667
-150.5	30.5
-149.5	22
-148.5	24.0333
-147.5	27
-146.5	24
-145.5	19.5
-144.5	20
-143.5	20
-142.5	22
-141.5	15
-140.5	22.5
-139.5	24
-138.5	19
-137.5	22
-136.5	19
-135.5	24
-134.5	21
-133.5	16
-132.5	20
-131.5	23.3333
-130.5	38
-129.5	18
-128.5	21.5
-127.5	28
-126.5	20
-125.5	23.5
-124.5	22
-123.5	22
-122.5	23
-121.5	23
-120.5	25
-119.5	31
-118.5	24
-117.5	20
-116.5	17
-115.5	20
-114.5	25.8333
-113.5	27
-112.5	26
-111.5	24
-110.5	23
-109.5	27
-108.5	24.5
-107.5	32.5
-106.5	27.5
-105.5	21.5
-104.5	31
-103.5	20
-102.5	27.5
-101.5	19
-100.5	27.5
 -99.5	24
 -98.5	22
 -97.5	29
 -96.5	23.5
 -95.5	17
 -94.5	20.5
 -93.5	21
 -92.5	20
 -91.5	19
 -90.5	20
 -89.5	23.5
 -88.5	21
 -87.5	25.5
 -86.5	22.5
 -85.5	20
 -84.5	22.8333
 -83.5	26.5
 -82.5	30
 -81.5	19
 -80.5	24
 -79.5	26
 -78.5	25.5
 -77.5	20
 -76.5	23
 -75.5	24
 -74.5	23
 -73.5	28.5
 -72.5	18.5
 -71.5	28
 -70.5	27
 -69.5	17
 -68.5	26
 -67.5	35
 -66.5	19.5
 -65.5	29
 -64.5	21.5
 -63.5	19
 -62.5	22
 -61.5	30.5
 -60.5	23
 -59.5	24.5
 -58.5	35
 -57.5	19
 -56.5	27
 -55.5	20
 -54.5	15
 -53.5	24
 -52.5	20
 -51.5	15
 -50.5	27
 -49.5	25
 -48.5	19
 -47.5	24
 -46.5	25
 -45.5	29.5
 -44.5	18
 -43.5	27
 -42.5	17.5
 -41.5	26
 -40.5	22
 -39.5	28
 -38.5	19
 -37.5	29
 -36.5	28
 -35.5	16
 -34.5	18
 -33.5	25
 -32.5	31
 -31.5	37
 -30.5	19
 -29.5	14
 -28.5	29.5
 -27.5	22
 -26.5	18
 -25.5	17
 -24.5	32
 -23.5	23
 -22.5	18.5
 -21.5	18
 -20.5	20
 -19.5	14
 -18.5	19
 -17.5	19
 -16.5	19
 -15.5	22
 -14.5	17
 -13.5	19
 -12.5	24
 -11.5	18
 -10.5	12
  -9.5	26
  -8.5	31.5
  -7.5	25
  -6.5	19
  -5.5	17.5
  -4.5	17
  -3.5	29
  -2.5	25
  -1.5	20
  -0.5	34.5
   0.5	29.5
   1.5	30
   2.5	18
   3.5	26
   4.5	24
   5.5	24
   6.5	31.3333
   7.5	18.5
   8.5	26
   9.5	22
  10.5	17
  11.5	16
  12.5	22.5
  13.5	18
  14.5	20
  15.5	20
  16.5	11.5
  17.5	28.5
  18.5	17
  19.5	15
  20.5	26
  21.5	22.5
  22.5	17
  23.5	23.5
  24.5	19
  25.5	21
  26.5	25
  27.5	21
  28.5	29
  29.5	22
  30.5	24
  31.5	29.5
  32.5	29
  33.5	22
  34.5	28
  35.5	17
  36.5	29
  37.5	24.5
  38.5	30
  39.5	15
  40.5	26
  41.5	19
  42.5	23
  43.5	34
  44.5	21
  45.5	33
  46.5	19.5
  47.5	25.5
  48.5	31
  49.5	17
  50.5	17
  51.5	25
  52.5	19.5
  53.5	29
  54.5	27.5
  55.5	31
  56.5	30
  57.5	29
  58.5	18
  59.5	23
  60.5	32
  61.5	14
  62.5	29
  63.5	27
  64.5	21
  65.5	27
  66.5	20
  67.5	24.3333
  68.5	24
  69.5	26.3333
  70.5	15
  71.5	25
  72.5	24
  73.5	23
  74.5	25.5
  75.5	22
  76.5	17.5
  77.5	33.5
  78.5	17
  79.5	24.5
  80.5	26
  81.5	18
  82.5	20
  83.5	35
  84.5	18
  85.5	21
  86.5	19
  87.5	22
  88.5	18
  89.5	22
  90.5	14
  91.5	22.3333
  92.5	21
  93.5	21
  94.5	18
  95.5	20
  96.5	22
  97.5	23
  98.5	15
  99.5	28.5
 100.5	26
 101.5	21
 102.5	29
 103.5	23
 104.5	20
 105.5	17
 106.5	31
 107.5	28
 108.5	22.5
 109.5	14
 110.5	33
 111.5	18
 112.5	21
 113.5	14
 114.5	19.5
 115.5	15
 116.5	20
 117.5	14.5
 118.5	20.5
 119.5	10.5
 120.5	16.5
 121.5	27
 122.5	19
 123.5	10
 124.5	23
 125.5	34
 126.5	17
 127.5	24
 128.5	29
 129.5	19
 130.5	23
 131.5	26
 132.5	25.5
 133.5	19.3333
 134.5	21
 135.5	19
 136.5	14.5
 137.5	8.5
 138.5	20
 139.5	18.5
 140.5	21
 141.5	15.5
 142.5	21
 143.5	24
 144.5	18
 145.5	19
 146.5	25
 147.5	16.3333
 148.5	17
 149.5	11
 150.5	20.1667
 151.5	17
 152.5	14.5
 153.5	35
 154.5	21
 155.5	11
 156.5	17
 157.5	16
 158.5	24.5
 159.5	18
 160.5	18
 161.5	15
 162.5	14
 163.5	12
 164.5	16.5
 165.5	10.6667
 166.5	23
 167.5	18
 168.5	22
 169.5	20.5
 170.5	19
 171.5	22.5
 172.5	14
 173.5	19
 174.5	20
 175.5	18
 176.5	10.5
 177.5	18.5
 178.5	12
 179.5	23
 180.5	22.5
 181.5	14.5
 182.5	17.5
 183.5	16
 184.5	24.3333
 185.5	13
 186.5	19.8333
 187.5	18.5
 188.5	16
 189.5	18.5
 190.5	19
 191.5	18
 192.5	18
 193.5	17
 194.5	13
 195.5	20.1667
 196.5	28
 197.5	13
 198.5	20
 199.5	17
 200.5	21.5
 201.5	22
 202.5	17
 203.5	23
 204.5	12.5
 205.5	20
 206.5	23.5
 207.5	16
 208.5	11
 209.5	12.5
 210.5	25.1667
 211.5	11
 212.5	10.5
 213.5	14.5
 214.5	13
 215.5	15
 216.5	11
 217.5	16
 218.5	17
 219.5	20
 220.5	14
 221.5	20.3333
 222.5	15
 223.5	18.3333
 224.5	17
 225.5	16.1667
 226.5	15
 227.5	17
 228.5	16
DB 2 MOTIF	KLF1_HUMAN.H11MO.0.A
-228.0	30
-227.0	30.5
-226.0	26.3333
-225.0	34
-224.0	16
-223.0	22
-222.0	30
-221.0	26.5
-220.0	27
-219.0	23
-218.0	26.5
-217.0	35
-216.0	22.5
-215.0	26
-214.0	29.5
-213.0	31.5
-212.0	25.3333
-211.0	31
-210.0	36
-209.0	28.8333
-208.0	26
-207.0	26
-206.0	33
-205.0	18
-204.0	23
-203.0	27
-202.0	28
-201.0	20.3333
-200.0	28
-199.0	27.5
-198.0	24
-197.0	33
-196.0	28
-195.0	24
-194.0	24
-193.0	20
-192.0	36
-191.0	25
-190.0	29.3333
-189.0	23.3333
-188.0	25
-187.0	25
-186.0	29.3333
-185.0	29
-184.0	39.5
-183.0	27.3333
-182.0	26
-181.0	50
-180.0	23
-179.0	33
-178.0	26.8333
-177.0	33
-176.0	31.5
-175.0	31
-174.0	33
-173.0	34.3333
-172.0	26.5
-171.0	40.5
-170.0	28.5
-169.0	25
-168.0	33.5
-167.0	20
-166.0	28.3333
-165.0	31.8333
-164.0	31.5
-163.0	43.5
-162.0	29.5
-161.0	33
-160.0	35.5
-159.0	25.5
-158.0	27.5
-157.0	37
-156.0	26.5
-155.0	26
-154.0	35.5
-153.0	25.5
-152.0	31.8333
-151.0	46
-150.0	42
-149.0	24.5
-148.0	34
-147.0	22
-146.0	30.5
-145.0	24.5
-144.0	42
-143.0	35.5
-142.0	21
-141.0	32
-140.0	29.3333
-139.0	32.5
-138.0	33
-137.0	32
-136.0	27
-135.0	33
-134.0	29.8333
-133.0	27.5
-132.0	29.8333
-131.0	36
-130.0	27.5
-129.0	29
-128.0	32.6667
-127.0	39
-126.0	31
-125.0	28
-124.0	34
-123.0	42
-122.0	34
-121.0	33.5
-120.0	26.3333
-119.0	34.3333
-118.0	37.8333
-117.0	21
-116.0	29
-115.0	39
-114.0	25
-113.0	25.5
-112.0	35.5
-111.0	38.5
-110.0	31.5
-109.0	29.5
-108.0	41.5
-107.0	32.5
-106.0	39
-105.0	33.1667
-104.0	36
-103.0	36.1429
-102.0	32.8333
-101.0	28
-100.0	33.8333
 -99.0	34.3333
 -98.0	20.6429
 -97.0	33.5
 -96.0	22
 -95.0	34.8333
 -94.0	36
 -93.0	32.1429
 -92.0	33.5
 -91.0	34
 -90.0	29.3333
 -89.0	36.3333
 -88.0	41.6429
 -87.0	34.5
 -86.0	35
 -85.0	32
 -84.0	40
 -83.0	43.1429
 -82.0	36.5
 -81.0	33
 -80.0	33.5
 -79.0	27.5
 -78.0	30.6429
 -77.0	34
 -76.0	26
 -75.0	31
 -74.0	39.3333
 -73.0	32.4762
 -72.0	32
 -71.0	36
 -70.0	39.5
 -69.0	50.3333
 -68.0	35
 -67.0	38.5
 -66.0	31.5
 -65.0	34.5
 -64.0	42.3333
 -63.0	29.5
 -62.0	44.5
 -61.0	39.5
 -60.0	45.5
 -59.0	29.3333
 -58.0	33
 -57.0	41
 -56.0	32.5
 -55.0	42
 -54.0	32.5
 -53.0	26
 -52.0	38.5
 -51.0	45
 -50.0	41
 -49.0	24
 -48.0	30
 -47.0	32
 -46.0	32
 -45.0	26.3333
 -44.0	31
 -43.0	39
 -42.0	35
 -41.0	31
 -40.0	31
 -39.0	33
 -38.0	40.5
 -37.0	28.5
 -36.0	34.75
 -35.0	27
 -34.0	31
 -33.0	27
 -32.0	27
 -31.0	33.5
 -30.0	31
 -29.0	30
 -28.0	43
 -27.0	35
 -26.0	25
 -25.0	42
 -24.0	33
 -23.0	22
 -22.0	24
 -21.0	32
 -20.0	23
 -19.0	26
 -18.0	24
 -17.0	28
 -16.0	26
 -15.0	21
 -14.0	25.3333
 -13.0	22
 -12.0	42.5
 -11.0	41
 -10.0	33
  -9.0	36
  -8.0	28.5
  -7.0	19.5
  -6.0	31
  -5.0	33
  -4.0	31
  -3.0	38
  -2.0	36.5
  -1.0	33
   0.0	45
   1.0	37
   2.0	38
   3.0	43
   4.0	38
   5.0	39
   6.0	27.5
   7.0	17
   8.0	35
   9.0	30
  10.0	27
  11.0	35
  12.0	38
  13.0	26
  14.0	30
  15.0	25
  16.0	41
  17.0	21
  18.0	27
  19.0	23
  20.0	24
  21.0	30.5
  22.0	25
  23.0	19
  24.0	32
  25.0	29
  26.0	28
  27.0	32
  28.0	41.5
  29.0	40.8333
  30.0	33.5
  31.0	36
  32.0	43
  33.0	34
  34.0	29.5
  35.0	34
  36.0	26
  37.0	32
  38.0	38
  39.0	35
  40.0	36
  41.0	32
  42.0	40.5
  43.0	38
  44.0	34.5
  45.0	36
  46.0	36.5
  47.0	32.5
  48.0	27.5
  49.0	35.5
  50.0	24
  51.0	53
  52.0	38
  53.0	30.5
  54.0	42
  55.0	31
  56.0	30
  57.0	42
  58.0	32
  59.0	32.3333
  60.0	42
  61.0	35
  62.0	34
  63.0	26.5
  64.0	32
  65.0	31.3333
  66.0	29
  67.0	32.3333
  68.0	44
  69.0	42.5
  70.0	22
  71.0	33.3333
  72.0	36
  73.0	40
  74.0	28.5
  75.0	39
  76.0	34
  77.0	33.5
  78.0	35.5833
  79.0	36.5
  80.0	36
  81.0	37
  82.0	26.5
  83.0	29
  84.0	45.5
  85.0	23
  86.0	31.8333
  87.0	37
  88.0	31.5
  89.0	29
  90.0	34.5
  91.0	30
  92.0	22.5
  93.0	28.5
  94.0	30
  95.0	26.5
  96.0	28.5
  97.0	31
  98.0	32
  99.0	29.5
 100.0	31
 101.0	28.5
 102.0	31
 103.0	39
 104.0	28.5
 105.0	24.3333
 106.0	26.5
 107.0	33.75
 108.0	37
 109.0	27.3333
 110.0	30
 111.0	26
 112.0	27.5
 113.0	21
 114.0	41.3333
 115.0	21.5
 116.0	23
 117.0	30
 118.0	24.5
 119.0	25.3333
 120.0	29.5
 121.0	29
 122.0	30
 123.0	25.8333
 124.0	27.75
 125.0	38
 126.0	39.3333
 127.0	25
 128.0	37.8333
 129.0	36.5
 130.0	32.75
 131.0	26.5
 132.0	37.8333
 133.0	27.75
 134.0	35
 135.0	42.5
 136.0	33.25
 137.0	29
 138.0	26.8333
 139.0	35.4167
 140.0	29
 141.0	29
 142.0	34.25
 143.0	24.5
 144.0	32.3333
 145.0	32.5
 146.0	27.1667
 147.0	22
 148.0	32
 149.0	29.5
 150.0	35.5
 151.0	24.3333
 152.0	23.8333
 153.0	27
 154.0	26.1667
 155.0	23
 156.0	23
 157.0	26
 158.0	31.8333
 159.0	23.5
 160.0	29
 161.0	26.5
 162.0	27
 163.0	34.5
 164.0	32.8333
 165.0	33.5
 166.0	25.5
 167.0	27.5
 168.0	31
 169.0	30.6667
 170.0	32.3333
 171.0	29
 172.0	33.25
 173.0	23.5
 174.0	26
 175.0	29.5
 176.0	32.8333
 177.0	38
 178.0	21.5
 179.0	29
 180.0	33
 181.0	27.8333
 182.0	24.5
 183.0	20
 184.0	25.6667
 185.0	25
 186.0	31
 187.0	28
 188.0	16.25
 189.0	23
 190.0	22
 191.0	30.5
 192.0	20.75
 193.0	37.5
 194.0	26.25
 195.0	22
 196.0	25
 197.0	26.5
 198.0	24.5
 199.0	29.1667
 200.0	37.75
 201.0	23
 202.0	28.5
 203.0	22.5
 204.0	28
 205.0	19
 206.0	22.1667
 207.0	32
 208.0	24
 209.0	28
 210.0	24.5
 211.0	24.5
 212.0	26
 213.0	24
 214.0	35.1667
 215.0	24.3333
 216.0	22
 217.0	25.8333
 218.0	26.3333
 219.0	28
 220.0	23
 221.0	29
 222.0	40.3333
 223.0	28
 224.0	31
 225.0	33
 226.0	23.5
 227.0	25.3333
 228.0	26
DB 2 MOTIF	KLF3_HUMAN.H11MO.0.B
-225.5	34
-224.5	35
-223.5	29
-222.5	29
-221.5	28
-220.5	22
-219.5	32
-218.5	19.5
-217.5	30
-216.5	23
-215.5	37.5
-214.5	34
-213.5	31
-212.5	31.5
-211.5	26
-210.5	24
-209.5	29
-208.5	31.5
-207.5	30
-206.5	36.5
-205.5	29
-204.5	32
-203.5	24.5
-202.5	26
-201.5	28.1667
-200.5	24.5
-199.5	29
-198.5	32
-197.5	25.5
-196.5	28
-195.5	21
-194.5	35
-193.5	27
-192.5	25.5
-191.5	23
-190.5	25.5
-189.5	28.5
-188.5	30
-187.5	36
-186.5	34
-185.5	21
-184.5	24
-183.5	35.3333
-182.5	31
-181.5	36
-180.5	25.5
-179.5	29.5
-178.5	43
-177.5	27
-176.5	40.5
-175.5	33
-174.5	40
-173.5	37.5
-172.5	34
-171.5	24.1667
-170.5	29
-169.5	30.5
-168.5	26
-167.5	32
-166.5	24
-165.5	36
-164.5	28
-163.5	26
-162.5	27.3333
-161.5	33
-160.5	36.5
-159.5	36
-158.5	34
-157.5	41
-156.5	23
-155.5	30
-154.5	37
-153.5	44
-152.5	24.5
-151.5	40.5
-150.5	38
-149.5	37.3333
-148.5	39.5
-147.5	34.5
-146.5	35
-145.5	36.5
-144.5	22
-143.5	28
-142.5	35
-141.5	35.6667
-140.5	30
-139.5	24
-138.5	30
-137.5	34.5
-136.5	40.5
-135.5	30
-134.5	30
-133.5	35
-132.5	33
-131.5	37
-130.5	36.5
-129.5	32
-128.5	28
-127.5	35
-126.5	32.5
-125.5	41.5
-124.5	37
-123.5	32
-122.5	24.5
-121.5	40.5
-120.5	37
-119.5	35
-118.5	35
-117.5	32
-116.5	33.5
-115.5	37.3333
-114.5	29
-113.5	28
-112.5	36
-111.5	29.1667
-110.5	42
-109.5	32
-108.5	39
-107.5	29
-106.5	40
-105.5	32
-104.5	27
-103.5	31
-102.5	32.3333
-101.5	25
-100.5	33.6667
 -99.5	32
 -98.5	33
 -97.5	36.5
 -96.5	32
 -95.5	25.1667
 -94.5	30
 -93.5	39.5
 -92.5	32.5
 -91.5	40
 -90.5	35.1667
 -89.5	35
 -88.5	24
 -87.5	25
 -86.5	30
 -85.5	44.1667
 -84.5	34
 -83.5	32
 -82.5	41
 -81.5	33.6667
 -80.5	45.1667
 -79.5	28
 -78.5	29.5
 -77.5	27
 -76.5	32
 -75.5	36.1667
 -74.5	37
 -73.5	32
 -72.5	44
 -71.5	44
 -70.5	34
 -69.5	38
 -68.5	43
 -67.5	41
 -66.5	48.5
 -65.5	35
 -64.5	42
 -63.5	37.5
 -62.5	37
 -61.5	36
 -60.5	41
 -59.5	49
 -58.5	39.5
 -57.5	46
 -56.5	33.5
 -55.5	30
 -54.5	47
 -53.5	40.5
 -52.5	39
 -51.5	37.1667
 -50.5	33
 -49.5	30
 -48.5	34
 -47.5	33
 -46.5	33.5
 -45.5	38
 -44.5	34
 -43.5	33
 -42.5	29.3333
 -41.5	33
 -40.5	40.5
 -39.5	49
 -38.5	36
 -37.5	34
 -36.5	32
 -35.5	46.5
 -34.5	34
 -33.5	39
 -32.5	40
 -31.5	36
 -30.5	29.5
 -29.5	37
 -28.5	28
 -27.5	29
 -26.5	29
 -25.5	36.5
 -24.5	37
 -23.5	29.5
 -22.5	38
 -21.5	31
 -20.5	31
 -19.5	30
 -18.5	21
 -17.5	28
 -16.5	32
 -15.5	24
 -14.5	33
 -13.5	39.5
 -12.5	31
 -11.5	28
 -10.5	38.5
  -9.5	36
  -8.5	36
  -7.5	49
  -6.5	29
  -5.5	34
  -4.5	36
  -3.5	40
  -2.5	33
  -1.5	37
  -0.5	36.5
   0.5	36
   1.5	46
   2.5	45
   3.5	35
   4.5	33
   5.5	48
   6.5	43
   7.5	28
   8.5	33.5
   9.5	27
  10.5	30
  11.5	23
  12.5	34.5
  13.5	33
  14.5	34
  15.5	30.5
  16.5	39.5
  17.5	20
  18.5	39
  19.5	25
  20.5	35
  21.5	29.5
  22.5	36
  23.5	23.5
  24.5	26
  25.5	42
  26.5	38
  27.5	37
  28.5	38
  29.5	40
  30.5	41.5
  31.5	41
  32.5	40
  33.5	40
  34.5	32
  35.5	45
  36.5	23.5
  37.5	27
  38.5	29.5
  39.5	43
  40.5	39
  41.5	39
  42.5	43
  43.5	34
  44.5	30
  45.5	44.5
  46.5	39.5
  47.5	38
  48.5	37
  49.5	38.5
  50.5	30.5
  51.5	35
  52.5	38
  53.5	40
  54.5	46
  55.5	28
  56.5	55.25
  57.5	42
  58.5	29
  59.5	32
  60.5	31.5
  61.5	43
  62.5	35.5
  63.5	35
  64.5	35
  65.5	42
  66.5	30
  67.5	32
  68.5	34.25
  69.5	37
  70.5	46
  71.5	32
  72.5	34
  73.5	23.5
  74.5	36
  75.5	32
  76.5	31.5
  77.5	41
  78.5	44
  79.5	21
  80.5	28.25
  81.5	49
  82.5	38
  83.5	35
  84.5	41.5
  85.5	34.5
  86.5	41.5
  87.5	26
  88.5	34.8333
  89.5	36
  90.5	38
  91.5	33
  92.5	35.5
  93.5	36
  94.5	33
  95.5	24
  96.5	29
  97.5	30
  98.5	33.5
  99.5	33
 100.5	32
 101.5	47
 102.5	26.5
 103.5	25
 104.5	34.5
 105.5	37
 106.5	30
 107.5	38
 108.5	27.5
 109.5	29
 110.5	35
 111.5	30.5
 112.5	33.5
 113.5	37
 114.5	34
 115.5	34
 116.5	38.5
 117.5	28
 118.5	31
 119.5	28
 120.5	34
 121.5	23
 122.5	27
 123.5	30.3333
 124.5	32
 125.5	42.5
 126.5	37
 127.5	39
 128.5	21.5
 129.5	30.3333
 130.5	25.5
 131.5	46
 132.5	25.5
 133.5	41
 134.5	38
 135.5	28.3333
 136.5	25.25
 137.5	30
 138.5	33
 139.5	26.5
 140.5	19
 141.5	39
 142.5	24.5
 143.5	27.5
 144.5	22.5
 145.5	22
 146.5	33.3333
 147.5	30
 148.5	25.3333
 149.5	32.5
 150.5	33
 151.5	18.2
 152.5	27
 153.5	30
 154.5	33.3333
 155.5	28.5
 156.5	23
 157.5	18
 158.5	21
 159.5	32
 160.5	35
 161.5	38
 162.5	23
 163.5	30
 164.5	27.5
 165.5	16
 166.5	33.2
 167.5	26
 168.5	29
 169.5	36.75
 170.5	28
 171.5	28
 172.5	36.5
 173.5	26
 174.5	23.5
 175.5	21.5
 176.5	29
 177.5	24.3333
 178.5	38
 179.5	29.5
 180.5	24
 181.5	21.2
 182.5	29
 183.5	31.8333
 184.5	18
 185.5	23
 186.5	25
 187.5	24
 188.5	27.5
 189.5	20.5
 190.5	20.8333
 191.5	20
 192.5	24
 193.5	23
 194.5	30.5
 195.5	30
 196.5	25.5333
 197.5	27
 198.5	27
 199.5	27
 200.5	36.8333
 201.5	27
 202.5	29.3333
 203.5	22.25
 204.5	25
 205.5	23
 206.5	30
 207.5	29.5
 208.5	24.8333
 209.5	40
 210.5	29.5
 211.5	29.7
 212.5	22
 213.5	19
 214.5	20
 215.5	27
 216.5	35
 217.5	21
 218.5	32
 219.5	25.5
 220.5	39.3333
 221.5	29
 222.5	44.5
 223.5	33
 224.5	30.5
 225.5	20
DB 2 MOTIF	KLF4_HUMAN.H11MO.0.A
-230.0	29.5
-229.0	29.1667
-228.0	33.5833
-227.0	34
-226.0	26.5
-225.0	38.6429
-224.0	28.7
-223.0	27.5
-222.0	20.0333
-221.0	20.8333
-220.0	27
-219.0	21.5
-218.0	24.0333
-217.0	21.1667
-216.0	24.6667
-215.0	33.5
-214.0	27.25
-213.0	23.1429
-212.0	23
-211.0	25.3333
-210.0	26.5
-209.0	25.5
-208.0	33.0833
-207.0	28.0333
-206.0	31
-205.0	32.6667
-204.0	29.7
-203.0	13
-202.0	21
-201.0	27.5
-200.0	28
-199.0	27
-198.0	25.8333
-197.0	22.3333
-196.0	23.6667
-195.0	31
-194.0	34.45
-193.0	24.1667
-192.0	25.3333
-191.0	29.0333
-190.0	20.9
-189.0	26.5
-188.0	29.2
-187.0	25.5
-186.0	25.7
-185.0	26.75
-184.0	27.8333
-183.0	35.3333
-182.0	30.75
-181.0	27.8333
-180.0	24.75
-179.0	38.6667
-178.0	30.5
-177.0	35.8333
-176.0	33.6667
-175.0	31
-174.0	24
-173.0	39
-172.0	27.0333
-171.0	31
-170.0	22.5833
-169.0	28.5
-168.0	19.5333
-167.0	29.7
-166.0	32
-165.0	31
-164.0	28.25
-163.0	26.25
-162.0	25.3333
-161.0	38.3333
-160.0	30.8333
-159.0	35.75
-158.0	30.6667
-157.0	26.8333
-156.0	26
-155.0	27.3333
-154.0	35.0333
-153.0	37.0333
-152.0	40.5833
-151.0	32.0833
-150.0	37.1167
-149.0	37.8929
-148.0	36.5333
-147.0	34
-146.0	26
-145.0	30.25
-144.0	28.75
-143.0	24.7
-142.0	39.75
-141.0	18.6667
-140.0	25
-139.0	23.6667
-138.0	28
-137.0	40.3333
-136.0	36.4167
-135.0	30.7
-134.0	31.25
-133.0	25.8333
-132.0	33.6667
-131.0	36
-130.0	27.5
-129.0	39.2
-128.0	27
-127.0	32.5833
-126.0	44.9167
-125.0	35
-124.0	39.6667
-123.0	23.95
-122.0	28.5833
-121.0	38.5
-120.0	30.5
-119.0	24.5
-118.0	19.95
-117.0	29.8333
-116.0	33.3333
-115.0	24.3333
-114.0	28
-113.0	41.8333
-112.0	30.0833
-111.0	28
-110.0	38.75
-109.0	31.3333
-108.0	36
-107.0	34.8333
-106.0	31.5
-105.0	22.9583
-104.0	33.0833
-103.0	28.2833
-102.0	32.5
-101.0	36.0833
-100.0	36.375
 -99.0	33.2833
 -98.0	31.2667
 -97.0	42.8333
 -96.0	30
 -95.0	21.9583
 -94.0	29.8667
 -93.0	33.1167
 -92.0	34.3333
 -91.0	38.25
 -90.0	28.125
 -89.0	26.9167
 -88.0	24.5333
 -87.0	31.6667
 -86.0	36.15
 -85.0	39.375
 -84.0	30
 -83.0	42.4167
 -82.0	39.3333
 -81.0	29.25
 -80.0	26.875
 -79.0	35.5
 -78.0	26.5
 -77.0	37.75
 -76.0	39.5
 -75.0	27.7083
 -74.0	32.2
 -73.0	39.5
 -72.0	53.0333
 -71.0	28.5833
 -70.0	29.875
 -69.0	36.5
 -68.0	29.5333
 -67.0	42.1667
 -66.0	37.7833
 -65.0	38.75
 -64.0	36
 -63.0	32.8333
 -62.0	25.45
 -61.0	37.45
 -60.0	29.95
 -59.0	52.5833
 -58.0	37
 -57.0	42.8333
 -56.0	28
 -55.0	34.3333
 -54.0	33.0333
 -53.0	30.25
 -52.0	30
 -51.0	32.3333
 -50.0	27.5
 -49.0	37
 -48.0	42.5
 -47.0	25.2
 -46.0	33
 -45.0	41
 -44.0	37.3333
 -43.0	26
 -42.0	36.5
 -41.0	38
 -40.0	27.75
 -39.0	37.5
 -38.0	34
 -37.0	20.5
 -36.0	35.5333
 -35.0	34.25
 -34.0	39.0833
 -33.0	27
 -32.0	29
 -31.0	27.8333
 -30.0	34
 -29.0	29.9167
 -28.0	26.5
 -27.0	35.5
 -26.0	40.3333
 -25.0	33.5
 -24.0	15.5
 -23.0	26.1667
 -22.0	32.5
 -21.0	32.5
 -20.0	27.5
 -19.0	27.5
 -18.0	19
 -17.0	21
 -16.0	22
 -15.0	30.7
 -14.0	34
 -13.0	40.75
 -12.0	25.5
 -11.0	36.5
 -10.0	40
  -9.0	27.5
  -8.0	26.5
  -7.0	30.6667
  -6.0	24.3333
  -5.0	28.8333
  -4.0	42.3333
  -3.0	31
  -2.0	38
  -1.0	31.2
   0.0	23
   1.0	31
   2.0	39.25
   3.0	35.7833
   4.0	37.5
   5.0	35.5
   6.0	34.5
   7.0	29.25
   8.0	21
   9.0	32.1429
  10.0	27.5
  11.0	21.5
  12.0	26
  13.0	29
  14.0	39
  15.0	20
  16.0	32
  17.0	21.75
  18.0	23.5
  19.0	26
  20.0	32.5
  21.0	30.5
  22.0	40.5
  23.0	20.5
  24.0	25.75
  25.0	34
  26.0	28.5
  27.0	33.5333
  28.0	34
  29.0	32.3333
  30.0	37
  31.0	41.5
  32.0	23
  33.0	43
  34.0	31
  35.0	33.5333
  36.0	33
  37.0	28.0333
  38.0	27
  39.0	27.8333
  40.0	41.0667
  41.0	29.5
  42.0	26.5333
  43.0	35.5
  44.0	36.3333
  45.0	34.5
  46.0	29
  47.0	36.8333
  48.0	21.5
  49.0	31.6667
  50.0	27.5
  51.0	35.8333
  52.0	32.5
  53.0	48.5
  54.0	22.5
  55.0	43.0833
  56.0	36
  57.0	27.5
  58.0	34
  59.0	27.3333
  60.0	33.25
  61.0	29
  62.0	41.8333
  63.0	31.8333
  64.0	32
  65.0	38
  66.0	29.7
  67.0	44.8667
  68.0	29.5
  69.0	26.75
  70.0	34.7
  71.0	35.7
  72.0	28.45
  73.0	30.3333
  74.0	29.5
  75.0	30.2833
  76.0	29.3333
  77.0	35.25
  78.0	48
  79.0	33.75
  80.0	29.2
  81.0	31.3333
  82.0	45.5
  83.0	38.4
  84.0	29.5
  85.0	32.9
  86.0	32.5
  87.0	25.3333
  88.0	36.3667
  89.0	27.7
  90.0	33.7
  91.0	32.9167
  92.0	33.1667
  93.0	28.5
  94.0	28.1667
  95.0	29.8333
  96.0	28.8333
  97.0	31.6667
  98.0	29.7833
  99.0	24.0833
 100.0	28
 101.0	39.7
 102.0	31.9167
 103.0	32
 104.0	24
 105.0	44.3667
 106.0	23.5
 107.0	34.0833
 108.0	34
 109.0	25.8333
 110.0	29.0833
 111.0	24.5
 112.0	26.3333
 113.0	25.8333
 114.0	34
 115.0	33.2
 116.0	28.9262
 117.0	31.6667
 118.0	21.8667
 119.0	18.7
 120.0	29.95
 121.0	27.5333
 122.0	20.5
 123.0	39.25
 124.0	24.3333
 125.0	32.95
 126.0	36.5833
 127.0	33.25
 128.0	26.45
 129.0	20.25
 130.0	35
 131.0	37.5
 132.0	34.3333
 133.0	31.3667
 134.0	38
 135.0	28.75
 136.0	27.7
 137.0	37.3095
 138.0	36.6667
 139.0	25.3333
 140.0	28.5833
 141.0	20.3333
 142.0	21
 143.0	31.3333
 144.0	29.9167
 145.0	22.5
 146.0	28.8333
 147.0	33.1667
 148.0	27
 149.0	26.9762
 150.0	29.5833
 151.0	26.5833
 152.0	31.2262
 153.0	34.3333
 154.0	29.3333
 155.0	30.3333
 156.0	23.75
 157.0	24.5
 158.0	24.25
 159.0	24.3333
 160.0	25.8333
 161.0	25.5
 162.0	32.75
 163.0	26.3333
 164.0	23.2
 165.0	17.6667
 166.0	26.3333
 167.0	30.3429
 168.0	29.6667
 169.0	22.8333
 170.0	29.8333
 171.0	24.25
 172.0	30.2
 173.0	36
 174.0	31.5
 175.0	31.5833
 176.0	18
 177.0	25.75
 178.0	30
 179.0	34
 180.0	24.25
 181.0	20.8333
 182.0	20.1429
 183.0	23.3333
 184.0	23.5333
 185.0	20.5
 186.0	23.8333
 187.0	18.5
 188.0	23.8333
 189.0	37.7
 190.0	19.2833
 191.0	29.9762
 192.0	20
 193.0	29.8333
 194.0	33.0833
 195.0	35.8333
 196.0	21.2
 197.0	23.6429
 198.0	30
 199.0	29.75
 200.0	27
 201.0	29.8333
 202.0	34.0333
 203.0	20.5
 204.0	23.75
 205.0	20
 206.0	23.25
 207.0	21.3333
 208.0	22.2
 209.0	31.3333
 210.0	28.8333
 211.0	27.75
 212.0	28.9762
 213.0	17
 214.0	22.5
 215.0	19.5
 216.0	34.5833
 217.0	28.25
 218.0	19.3333
 219.0	21.3667
 220.0	28.6667
 221.0	38.75
 222.0	32
 223.0	32
 224.0	34.7
 225.0	23
 226.0	31.1667
 227.0	34.1429
 228.0	27.5
 229.0	28.5
 230.0	31.5
DB 2 MOTIF	KLF5_HUMAN.H11MO.0.A
-228.0	33
-227.0	30.2
-226.0	31
-225.0	42.7
-224.0	26.5
-223.0	33.2
-222.0	38
-221.0	24.0333
-220.0	27
-219.0	26.2
-218.0	32
-217.0	36
-216.0	26.5
-215.0	28.5
-214.0	25
-213.0	33.5
-212.0	31.3333
-211.0	31
-210.0	35.5
-209.0	39
-208.0	34.5
-207.0	37.2
-206.0	33.3333
-205.0	18
-204.0	23.1667
-203.0	33
-202.0	34.5
-201.0	34
-200.0	28.5
-199.0	26.5
-198.0	29.5
-197.0	39
-196.0	30.5
-195.0	22.2
-194.0	34
-193.0	23
-192.0	36
-191.0	39.8333
-190.0	27
-189.0	26.8333
-188.0	32.5
-187.0	31.5
-186.0	38
-185.0	35.3333
-184.0	31.2
-183.0	27.3333
-182.0	31.5
-181.0	47
-180.0	31
-179.0	30.8333
-178.0	26.8333
-177.0	38
-176.0	42
-175.0	37.5
-174.0	46.1667
-173.0	44.3333
-172.0	32
-171.0	39
-170.0	30
-169.0	28.5
-168.0	30
-167.0	29.8333
-166.0	27.3333
-165.0	38.3333
-164.0	36.5
-163.0	47.5
-162.0	35
-161.0	39.5
-160.0	39
-159.0	40.5
-158.0	24
-157.0	33
-156.0	29.5
-155.0	34.5
-154.0	40.5
-153.0	27
-152.0	41.7
-151.0	44
-150.0	48
-149.0	39
-148.0	35
-147.0	33
-146.0	42.5
-145.0	38.5
-144.0	47.1667
-143.0	35
-142.0	27
-141.0	33.5333
-140.0	35
-139.0	43
-138.0	46
-137.0	41
-136.0	32.5
-135.0	34.5
-134.0	34.5
-133.0	26.5
-132.0	39.3333
-131.0	34
-130.0	32.5
-129.0	40
-128.0	42.3333
-127.0	39
-126.0	40
-125.0	36.5
-124.0	31.5
-123.0	47
-122.0	44
-121.0	31
-120.0	28.9762
-119.0	37.8333
-118.0	34.1429
-117.0	29
-116.0	34.1429
-115.0	45.5
-114.0	33.3095
-113.0	36
-112.0	40.1429
-111.0	43.5
-110.0	39.6429
-109.0	41
-108.0	45.1429
-107.0	33.5
-106.0	39
-105.0	30.8333
-104.0	43.5
-103.0	35.1429
-102.0	36
-101.0	35
-100.0	43.8333
 -99.0	50.3333
 -98.0	31.1429
 -97.0	39
 -96.0	35.5
 -95.0	40.3333
 -94.0	39.5
 -93.0	35.1429
 -92.0	37.5
 -91.0	29
 -90.0	32.3333
 -89.0	38.3333
 -88.0	36.6429
 -87.0	32
 -86.0	39.3333
 -85.0	39.5
 -84.0	42.6667
 -83.0	49.6429
 -82.0	29
 -81.0	44
 -80.0	34
 -79.0	24.5
 -78.0	36.9762
 -77.0	40.5
 -76.0	33.6667
 -75.0	37
 -74.0	51.6667
 -73.0	35.9762
 -72.0	41.5
 -71.0	38
 -70.0	37.5
 -69.0	40.3333
 -68.0	38
 -67.0	35
 -66.0	40
 -65.0	43.5
 -64.0	44.3333
 -63.0	31
 -62.0	43.5
 -61.0	38.5
 -60.0	41.5
 -59.0	29.3333
 -58.0	31
 -57.0	44.5667
 -56.0	39
 -55.0	43
 -54.0	33.1667
 -53.0	37
 -52.0	41.5
 -51.0	41.5
 -50.0	31.5
 -49.0	37
 -48.0	34.5
 -47.0	31
 -46.0	36
 -45.0	25.3333
 -44.0	38
 -43.0	35.5
 -42.0	27
 -41.0	30
 -40.0	28.5
 -39.0	44
 -38.0	43
 -37.0	31.5
 -36.0	35.25
 -35.0	36
 -34.0	30.5
 -33.0	29
 -32.0	28
 -31.0	33.5
 -30.0	25
 -29.0	33
 -28.0	35.2
 -27.0	31
 -26.0	31.2
 -25.0	38
 -24.0	33.45
 -23.0	31
 -22.0	25.95
 -21.0	28.5
 -20.0	26.45
 -19.0	31
 -18.0	23.25
 -17.0	36
 -16.0	24
 -15.0	28
 -14.0	28.3333
 -13.0	30
 -12.0	39
 -11.0	36
 -10.0	31
  -9.0	38
  -8.0	25.3333
  -7.0	25.5
  -6.0	34
  -5.0	35
  -4.0	28
  -3.0	38
  -2.0	33
  -1.0	27
   0.0	37
   1.0	39
   2.0	39
   3.0	29.5
   4.0	44
   5.0	38
   6.0	31
   7.0	24
   8.0	25
   9.0	26.5
  10.0	33
  11.0	34
  12.0	42
  13.0	25
  14.0	40.5
  15.0	23
  16.0	35
  17.0	26
  18.0	31.5
  19.0	32
  20.0	20.25
  21.0	31.5
  22.0	24.25
  23.0	34
  24.0	32.25
  25.0	30
  26.0	27.25
  27.0	38
  28.0	43.5
  29.0	45
  30.0	31
  31.0	34.5
  32.0	36
  33.0	29
  34.0	24
  35.0	35
  36.0	28
  37.0	33
  38.0	41.5
  39.0	42.5
  40.0	36
  41.0	33
  42.0	34
  43.0	37.5
  44.0	29.5
  45.0	42
  46.0	37
  47.0	25.5
  48.0	26.5
  49.0	34
  50.0	31
  51.0	47
  52.0	39
  53.0	37.5
  54.0	37.5
  55.0	31
  56.0	37
  57.0	39
  58.0	30
  59.0	40
  60.0	46.5
  61.0	37.5
  62.0	34.5
  63.0	23.5
  64.0	27.8333
  65.0	35
  66.0	37
  67.0	38
  68.0	38.25
  69.0	44.5
  70.0	27.8333
  71.0	27.5
  72.0	43
  73.0	42
  74.0	33
  75.0	42.5
  76.0	32.8333
  77.0	42
  78.0	32.5833
  79.0	33
  80.0	38
  81.0	32.25
  82.0	24.5
  83.0	27.75
  84.0	44
  85.0	32.5
  86.0	39.8333
  87.0	43.25
  88.0	36.5
  89.0	37
  90.0	34
  91.0	39
  92.0	31
  93.0	37
  94.0	32
  95.0	39
  96.0	34
  97.0	34.3333
  98.0	36
  99.0	41.5
 100.0	32.5
 101.0	28.5
 102.0	28
 103.0	40.5833
 104.0	39
 105.0	31.3333
 106.0	24.5
 107.0	44
 108.0	31.8333
 109.0	34.6667
 110.0	39.5
 111.0	28
 112.0	38
 113.0	31
 114.0	46.1667
 115.0	26
 116.0	29
 117.0	40.5
 118.0	30.5
 119.0	35.8333
 120.0	38.3333
 121.0	38.75
 122.0	32
 123.0	35.8333
 124.0	28
 125.0	44.5
 126.0	45.3333
 127.0	33
 128.0	34.8333
 129.0	47
 130.0	37.5
 131.0	26.5
 132.0	43
 133.0	30.25
 134.0	42
 135.0	39.5
 136.0	42
 137.0	31.5
 138.0	26
 139.0	40.1667
 140.0	43
 141.0	25
 142.0	39.5
 143.0	22.5
 144.0	26.8333
 145.0	33
 146.0	32.1667
 147.0	32
 148.0	45
 149.0	33
 150.0	50.5833
 151.0	24.3333
 152.0	30.4167
 153.0	41
 154.0	32.25
 155.0	36
 156.0	34.0833
 157.0	29.3333
 158.0	31.9167
 159.0	27
 160.0	33.0833
 161.0	29
 162.0	27.4167
 163.0	41
 164.0	41.0833
 165.0	35
 166.0	28.5833
 167.0	24.9167
 168.0	31.4167
 169.0	35.75
 170.0	38.4167
 171.0	42.0833
 172.0	36.75
 173.0	33.25
 174.0	28.5
 175.0	33
 176.0	36.5
 177.0	33.5
 178.0	28
 179.0	42
 180.0	35.8333
 181.0	38.3333
 182.0	36.5
 183.0	31.5
 184.0	31.1667
 185.0	26
 186.0	33.5
 187.0	32.5
 188.0	19.75
 189.0	36
 190.0	36
 191.0	38.5
 192.0	30.75
 193.0	33.5
 194.0	26.25
 195.0	34
 196.0	35.5
 197.0	38
 198.0	29
 199.0	34.3333
 200.0	36.25
 201.0	32.2333
 202.0	31.5
 203.0	33.15
 204.0	43
 205.0	24.3167
 206.0	31.5833
 207.0	42.8167
 208.0	29
 209.0	37.3167
 210.0	34.5
 211.0	31.15
 212.0	32.5
 213.0	28.4833
 214.0	38.6667
 215.0	26.4833
 216.0	19
 217.0	25.9833
 218.0	39.3333
 219.0	34.15
 220.0	35
 221.0	30.15
 222.0	42.3333
 223.0	38.15
 224.0	31.5
 225.0	50.65
 226.0	30
 227.0	41.4
 228.0	29
DB 2 MOTIF	KLF6_HUMAN.H11MO.0.A
-225.5	38.5
-224.5	24.5
-223.5	44
-222.5	39
-221.5	28
-220.5	42.5
-219.5	32.125
-218.5	30
-217.5	44
-216.5	35.75
-215.5	31
-214.5	35.5
-213.5	32.25
-212.5	28
-211.5	48.5
-210.5	38.5
-209.5	36.5
-208.5	35
-207.5	38
-206.5	32
-205.5	35
-204.5	35.5
-203.5	31.5
-202.5	26.125
-201.5	29
-200.5	33.5
-199.5	37.1667
-198.5	21
-197.5	39
-196.5	46
-195.5	27.25
-194.5	26
-193.5	24
-192.5	35.75
-191.5	41
-190.5	30
-189.5	41
-188.5	30.5
-187.5	26.5
-186.5	36
-185.5	38.125
-184.5	39
-183.5	36
-182.5	29.5
-181.5	38
-180.5	46
-179.5	30
-178.5	32
-177.5	32
-176.5	42
-175.5	30
-174.5	37
-173.5	42
-172.5	40.5
-171.5	48
-170.5	30.5
-169.5	29.1667
-168.5	30.125
-167.5	34
-166.5	33.5
-165.5	40
-164.5	33.3333
-163.5	37.5
-162.5	37
-161.5	31
-160.5	51.5
-159.5	42.5
-158.5	35
-157.5	48
-156.5	41.5
-155.5	34
-154.5	34
-153.5	39.5
-152.5	34
-151.5	38.625
-150.5	40
-149.5	53.5
-148.5	36
-147.5	33.5
-146.5	31
-145.5	39.5
-144.5	43
-143.5	39
-142.5	26
-141.5	32.5
-140.5	40
-139.5	35.1667
-138.5	33.5
-137.5	52.5
-136.5	39
-135.5	35
-134.5	38.125
-133.5	33
-132.5	41
-131.5	35.5
-130.5	29
-129.5	35
-128.5	38.5
-127.5	47.5
-126.5	33.5
-125.5	48
-124.5	40
-123.5	42
-122.5	37
-121.5	34.5
-120.5	34
-119.5	42
-118.5	46.5
-117.5	31.125
-116.5	37
-115.5	39
-114.5	33
-113.5	44.5
-112.5	33.5
-111.5	47
-110.5	38
-109.5	46.1667
-108.5	50
-107.5	36
-106.5	41
-105.5	42
-104.5	36.3333
-103.5	40
-102.5	31.5
-101.5	22
-100.5	40.125
 -99.5	33
 -98.5	31.1667
 -97.5	42.5
 -96.5	39
 -95.5	34.5
 -94.5	39.5
 -93.5	48.1667
 -92.5	43
 -91.5	39
 -90.5	33
 -89.5	36
 -88.5	45.6667
 -87.5	42.5
 -86.5	35.5
 -85.5	38
 -84.5	45.5
 -83.5	38.6667
 -82.5	45
 -81.5	40
 -80.5	35.5
 -79.5	37.1667
 -78.5	40.1667
 -77.5	41
 -76.5	40.5
 -75.5	27
 -74.5	32
 -73.5	43.1667
 -72.5	31
 -71.5	36
 -70.5	42.5
 -69.5	40.5
 -68.5	50
 -67.5	46
 -66.5	39
 -65.5	33
 -64.5	40
 -63.5	42
 -62.5	52
 -61.5	51
 -60.5	46
 -59.5	46
 -58.5	32
 -57.5	42
 -56.5	43
 -55.5	46.5
 -54.5	36
 -53.5	30.5
 -52.5	36
 -51.5	40
 -50.5	46
 -49.5	34.1667
 -48.5	29
 -47.5	31
 -46.5	27
 -45.5	36
 -44.5	42.3333
 -43.5	42
 -42.5	35
 -41.5	33.5
 -40.5	32.5
 -39.5	41
 -38.5	25
 -37.5	38
 -36.5	49
 -35.5	40
 -34.5	29
 -33.5	40.5
 -32.5	26
 -31.5	31
 -30.5	39
 -29.5	39
 -28.5	40
 -27.5	41
 -26.5	30
 -25.5	27
 -24.5	38
 -23.5	35.5
 -22.5	30.5
 -21.5	30
 -20.5	30
 -19.5	36.5
 -18.5	36
 -17.5	35
 -16.5	28.3333
 -15.5	36
 -14.5	36
 -13.5	34
 -12.5	37
 -11.5	40
 -10.5	33
  -9.5	48.5
  -8.5	30
  -7.5	31
  -6.5	38
  -5.5	39
  -4.5	27
  -3.5	33
  -2.5	41
  -1.5	40
  -0.5	32
   0.5	34
   1.5	40
   2.5	32
   3.5	45
   4.5	37
   5.5	41.5
   6.5	37.5
   7.5	26
   8.5	39
   9.5	26
  10.5	37
  11.5	28.5
  12.5	44
  13.5	27.3333
  14.5	28
  15.5	27
  16.5	28
  17.5	27
  18.5	32
  19.5	23
  20.5	34
  21.5	34.5
  22.5	23
  23.5	30.5
  24.5	38
  25.5	41
  26.5	28
  27.5	35.5
  28.5	43
  29.5	41
  30.5	40
  31.5	47
  32.5	34.5
  33.5	31.5
  34.5	33
  35.5	24
  36.5	39
  37.5	40.5
  38.5	33.5
  39.5	38
  40.5	46
  41.5	33
  42.5	33
  43.5	33.5
  44.5	49
  45.5	45
  46.5	33
  47.5	44
  48.5	33.5
  49.5	20.5
  50.5	37.5
  51.5	42
  52.5	32.5
  53.5	43.3333
  54.5	51
  55.5	41
  56.5	40
  57.5	31
  58.5	41
  59.5	42.5
  60.5	41
  61.5	32
  62.5	38
  63.5	37
  64.5	38
  65.5	37
  66.5	38
  67.5	38.5
  68.5	41
  69.5	32.5
  70.5	31
  71.5	36
  72.5	37.3333
  73.5	34
  74.5	44
  75.5	35.5
  76.5	49
  77.5	40
  78.5	37
  79.5	42
  80.5	34
  81.5	39
  82.5	38
  83.5	50.5
  84.5	38.5
  85.5	42
  86.5	43.8333
  87.5	33
  88.5	35.5
  89.5	24.5
  90.5	43
  91.5	47
  92.5	26
  93.5	39
  94.5	34.3333
  95.5	36
  96.5	36
  97.5	46
  98.5	41.5
  99.5	45.5
 100.5	36
 101.5	34
 102.5	36.5
 103.5	43
 104.5	32.5
 105.5	27
 106.5	37
 107.5	42
 108.5	38.3333
 109.5	35.25
 110.5	31.5
 111.5	31
 112.5	34.3333
 113.5	33
 114.5	43.5
 115.5	27.5
 116.5	38
 117.5	36.5
 118.5	27
 119.5	51.5
 120.5	31
 121.5	37
 122.5	34
 123.5	28
 124.5	32
 125.5	43.8333
 126.5	33
 127.5	45.5
 128.5	34
 129.5	34
 130.5	29
 131.5	37.8333
 132.5	33
 133.5	42
 134.5	31
 135.5	33
 136.5	32
 137.5	29.3333
 138.5	35
 139.5	46
 140.5	32
 141.5	30.75
 142.5	35.5
 143.5	34
 144.5	37.8333
 145.5	31
 146.5	31.3333
 147.5	32
 148.5	42
 149.5	38
 150.5	32
 151.5	43
 152.5	36
 153.5	39
 154.5	23.5
 155.5	30
 156.5	34.3333
 157.5	36.5
 158.5	35
 159.5	35
 160.5	28.5
 161.5	35
 162.5	41
 163.5	36
 164.5	24.5
 165.5	42
 166.5	41.5
 167.5	35
 168.5	31
 169.5	27.5
 170.5	36.5
 171.5	35.3333
 172.5	34.5
 173.5	31.5
 174.5	34.25
 175.5	40
 176.5	50
 177.5	25
 178.5	34.5
 179.5	36.8333
 180.5	35
 181.5	33.8333
 182.5	25
 183.5	39
 184.5	35
 185.5	45
 186.5	19
 187.5	39
 188.5	24
 189.5	32.3333
 190.5	33
 191.5	25
 192.5	39.5
 193.5	41
 194.5	31
 195.5	36
 196.5	43.3333
 197.5	24
 198.5	37
 199.5	33.5
 200.5	42
 201.5	45.5
 202.5	38.8667
 203.5	36
 204.5	30
 205.5	33.7
 206.5	35.3333
 207.5	40
 208.5	36.2833
 209.5	34
 210.5	32
 211.5	32.2
 212.5	37.5
 213.5	23
 214.5	37.2
 215.5	37.5
 216.5	20
 217.5	35.5
 218.5	32.3333
 219.5	31
 220.5	27
 221.5	32
 222.5	41
 223.5	27
 224.5	42
 225.5	40.5
DB 2 MOTIF	KLF9_HUMAN.H11MO.0.C
-227.5	12
-226.5	25
-225.5	22
-224.5	26.5
-223.5	23
-222.5	17.3333
-221.5	17
-220.5	20.2
-219.5	17.5
-218.5	18
-217.5	15.5
-216.5	16
-215.5	15
-214.5	14.5
-213.5	22
-212.5	24.5
-211.5	18
-210.5	14.25
-209.5	21
-208.5	20
-207.5	23
-206.5	16
-205.5	16.3333
-204.5	20
-203.5	22
-202.5	18.7
-201.5	15
-200.5	32
-199.5	16.5
-198.5	16.5
-197.5	21
-196.5	21.5
-195.5	26
-194.5	23
-193.5	22
-192.5	22
-191.5	22
-190.5	26.25
-189.5	27
-188.5	28
-187.5	21
-186.5	20.3333
-185.5	18.5
-184.5	19.7
-183.5	18
-182.5	20.3333
-181.5	20.3333
-180.5	30
-179.5	21
-178.5	20
-177.5	24.5
-176.5	18.3333
-175.5	24
-174.5	26
-173.5	25.3333
-172.5	25
-171.5	27.3333
-170.5	17.25
-169.5	23
-168.5	21
-167.5	24.5
-166.5	22.2
-165.5	22.5
-164.5	16.5
-163.5	22
-162.5	21.3333
-161.5	17
-160.5	21
-159.5	31
-158.5	35.5
-157.5	28
-156.5	28
-155.5	23.5
-154.5	24
-153.5	25
-152.5	22
-151.5	32.3333
-150.5	30.75
-149.5	27
-148.5	24.5333
-147.5	26
-146.5	28
-145.5	24
-144.5	19
-143.5	26
-142.5	29.5
-141.5	20.5
-140.5	26
-139.5	23.5
-138.5	28
-137.5	24
-136.5	20.5
-135.5	24
-134.5	25.5
-133.5	22.5
-132.5	22
-131.5	25
-130.5	39
-129.5	22.5
-128.5	27.5
-127.5	33
-126.5	29
-125.5	19.5
-124.5	28
-123.5	17
-122.5	26
-121.5	27
-120.5	23
-119.5	27.5
-118.5	24.5
-117.5	26
-116.5	23
-115.5	25.5
-114.5	24.3333
-113.5	27
-112.5	30
-111.5	28.5
-110.5	30.5
-109.5	25
-108.5	31
-107.5	28.5
-106.5	27
-105.5	26.5
-104.5	32
-103.5	23.5
-102.5	25.5
-101.5	26
-100.5	28.5
 -99.5	23
 -98.5	24
 -97.5	32
 -96.5	24.5
 -95.5	21
 -94.5	20
 -93.5	21
 -92.5	25
 -91.5	27
 -90.5	27
 -89.5	19
 -88.5	26
 -87.5	30
 -86.5	24
 -85.5	26.5
 -84.5	21
 -83.5	24.5
 -82.5	21
 -81.5	20
 -80.5	32.5
 -79.5	27
 -78.5	25
 -77.5	27
 -76.5	22
 -75.5	27
 -74.5	29
 -73.5	30
 -72.5	25.5
 -71.5	24
 -70.5	26.5
 -69.5	23
 -68.5	27
 -67.5	33
 -66.5	21
 -65.5	28
 -64.5	24.5
 -63.5	30
 -62.5	34
 -61.5	37.5
 -60.5	26
 -59.5	32
 -58.5	41
 -57.5	30
 -56.5	28
 -55.5	19.5
 -54.5	20.5
 -53.5	28
 -52.5	22.5
 -51.5	21
 -50.5	21
 -49.5	22
 -48.5	18
 -47.5	29
 -46.5	18
 -45.5	30
 -44.5	20
 -43.5	30
 -42.5	22.5
 -41.5	25
 -40.5	28
 -39.5	32
 -38.5	26
 -37.5	27
 -36.5	31
 -35.5	19
 -34.5	24
 -33.5	26
 -32.5	30
 -31.5	38
 -30.5	20
 -29.5	17
 -28.5	26.5
 -27.5	16
 -26.5	27
 -25.5	24
 -24.5	26
 -23.5	25
 -22.5	24
 -21.5	28
 -20.5	20
 -19.5	11
 -18.5	28
 -17.5	30
 -16.5	21
 -15.5	22
 -14.5	21.5
 -13.5	26
 -12.5	31
 -11.5	21
 -10.5	12
  -9.5	25.5
  -8.5	37
  -7.5	24
  -6.5	32
  -5.5	19
  -4.5	20
  -3.5	30
  -2.5	22
  -1.5	28
  -0.5	26
   0.5	32
   1.5	36
   2.5	22
   3.5	22
   4.5	30
   5.5	23
   6.5	40
   7.5	24.5
   8.5	25
   9.5	27
  10.5	15
  11.5	18
  12.5	24
  13.5	20
  14.5	18
  15.5	23
  16.5	16.5
  17.5	26.5
  18.5	11
  19.5	22
  20.5	31.5
  21.5	24
  22.5	21
  23.5	26.5
  24.5	22
  25.5	27
  26.5	21
  27.5	28
  28.5	32
  29.5	21
  30.5	20
  31.5	31
  32.5	29
  33.5	23
  34.5	27.5
  35.5	22.6667
  36.5	31
  37.5	21
  38.5	28
  39.5	16
  40.5	18.3333
  41.5	24
  42.5	28
  43.5	36
  44.5	26
  45.5	35.3333
  46.5	31
  47.5	30
  48.5	29.5
  49.5	19
  50.5	27
  51.5	25
  52.5	21
  53.5	38
  54.5	35.5
  55.5	24
  56.5	25
  57.5	32
  58.5	30
  59.5	26
  60.5	26.3333
  61.5	20
  62.5	35
  63.5	35
  64.5	22
  65.5	17
  66.5	24.3333
  67.5	25.5
  68.5	26
  69.5	23.5
  70.5	23
  71.5	26
  72.5	26.3333
  73.5	30
  74.5	26
  75.5	18
  76.5	18
  77.5	35
  78.5	26
  79.5	23
  80.5	27.5
  81.5	18
  82.5	24
  83.5	29
  84.5	19.8333
  85.5	29
  86.5	21
  87.5	26.5
  88.5	25
  89.5	31
  90.5	20
  91.5	20
  92.5	22
  93.5	26.5
  94.5	27
  95.5	25
  96.5	24
  97.5	23
  98.5	26.5
  99.5	26.5
 100.5	26.5
 101.5	30
 102.5	22
 103.5	21
 104.5	18.5
 105.5	24.5
 106.5	31.5
 107.5	26
 108.5	28
 109.5	15.5
 110.5	35
 111.5	23
 112.5	18
 113.5	25
 114.5	23
 115.5	19
 116.5	26
 117.5	29.5
 118.5	23
 119.5	15
 120.5	18
 121.5	28.5
 122.5	19.3333
 123.5	12
 124.5	20
 125.5	30
 126.5	19
 127.5	24
 128.5	27.3333
 129.5	22
 130.5	27
 131.5	26.5
 132.5	27.5
 133.5	19.8333
 134.5	18.3333
 135.5	19
 136.5	21
 137.5	17
 138.5	27
 139.5	19
 140.5	17
 141.5	22.5
 142.5	27
 143.5	17
 144.5	25.5
 145.5	21
 146.5	22
 147.5	21.3333
 148.5	20
 149.5	17
 150.5	18.1667
 151.5	23
 152.5	21
 153.5	27
 154.5	21.5
 155.5	15
 156.5	16
 157.5	19
 158.5	20.5
 159.5	21
 160.5	16.5
 161.5	19
 162.5	18
 163.5	19
 164.5	21
 165.5	13.1667
 166.5	22.5
 167.5	15.5
 168.5	20
 169.5	18.8333
 170.5	20.5
 171.5	21
 172.5	17
 173.5	21
 174.5	18
 175.5	23.5
 176.5	12
 177.5	30.5
 178.5	14
 179.5	24
 180.5	19.1667
 181.5	26.5
 182.5	21
 183.5	21.5
 184.5	24.3333
 185.5	10.5
 186.5	19
 187.5	21.5
 188.5	14
 189.5	18
 190.5	10.5
 191.5	10.3333
 192.5	22
 193.5	19.5
 194.5	17
 195.5	16.1667
 196.5	26
 197.5	21
 198.5	22
 199.5	17
 200.5	22
 201.5	21
 202.5	18.5
 203.5	23
 204.5	15.5
 205.5	20.5
 206.5	15
 207.5	17
 208.5	13
 209.5	13.5
 210.5	22.1667
 211.5	12
 212.5	15.5
 213.5	16.3333
 214.5	18
 215.5	12
 216.5	19
 217.5	22
 218.5	17
 219.5	17
 220.5	12
 221.5	21.8333
 222.5	21
 223.5	18.5
 224.5	20
 225.5	19.1667
 226.5	18
 227.5	20
DB 2 MOTIF	MAX_HUMAN.H11MO.0.A
-230.0	37.5
-229.0	39
-228.0	32
-227.0	27
-226.0	26.5
-225.0	34.5
-224.0	27.5
-223.0	28
-222.0	29
-221.0	19
-220.0	44
-219.0	32.5
-218.0	43
-217.0	26
-216.0	32
-215.0	29
-214.0	42
-213.0	22.5
-212.0	24.5
-211.0	42.5
-210.0	31.5
-209.0	29.5
-208.0	16.5
-207.0	24
-206.0	26
-205.0	35
-204.0	33.5
-203.0	29.5
-202.0	25.5
-201.0	32
-200.0	26.5
-199.0	34.5
-198.0	32
-197.0	27.5
-196.0	24
-195.0	35
-194.0	31
-193.0	17
-192.0	29.3333
-191.0	32
-190.0	31
-189.0	32
-188.0	26.5
-187.0	36.5
-186.0	31
-185.0	26
-184.0	34.5
-183.0	24.5
-182.0	31.5
-181.0	22.5
-180.0	23.5
-179.0	23
-178.0	33.5
-177.0	34.5
-176.0	29.5
-175.0	27.5
-174.0	18.3333
-173.0	29
-172.0	29.5
-171.0	31
-170.0	26
-169.0	29
-168.0	28
-167.0	34
-166.0	24
-165.0	29
-164.0	19
-163.0	27.5
-162.0	27
-161.0	30
-160.0	29.5
-159.0	25
-158.0	21
-157.0	26
-156.0	37.5
-155.0	30
-154.0	28.5
-153.0	35
-152.0	27
-151.0	37
-150.0	37
-149.0	33
-148.0	24
-147.0	25
-146.0	30
-145.0	32
-144.0	22
-143.0	21.5833
-142.0	38.5
-141.0	31
-140.0	31.5
-139.0	22.3333
-138.0	27.5
-137.0	28.3333
-136.0	28.5
-135.0	26.5
-134.0	20
-133.0	32
-132.0	30.5
-131.0	22.5
-130.0	20
-129.0	31
-128.0	16
-127.0	18.8333
-126.0	33
-125.0	31
-124.0	32.25
-123.0	29
-122.0	33
-121.0	36
-120.0	33.3333
-119.0	34
-118.0	40
-117.0	24
-116.0	36.5
-115.0	32.5
-114.0	30
-113.0	27.5
-112.0	31.5
-111.0	28
-110.0	27.8333
-109.0	24.5
-108.0	25
-107.0	37
-106.0	26
-105.0	31.5
-104.0	46
-103.0	26.5
-102.0	22
-101.0	33
-100.0	30.5
 -99.0	33.5
 -98.0	33
 -97.0	29
 -96.0	34
 -95.0	16.5
 -94.0	32
 -93.0	36
 -92.0	28
 -91.0	22
 -90.0	30
 -89.0	26.5
 -88.0	27.5
 -87.0	28.5
 -86.0	33
 -85.0	33
 -84.0	27.5
 -83.0	20
 -82.0	33.5
 -81.0	38
 -80.0	31.5
 -79.0	19
 -78.0	36.75
 -77.0	31
 -76.0	31
 -75.0	29
 -74.0	27
 -73.0	39
 -72.0	32
 -71.0	35
 -70.0	29
 -69.0	34
 -68.0	23.5
 -67.0	27.5
 -66.0	34
 -65.0	38.5
 -64.0	38
 -63.0	23
 -62.0	29.3333
 -61.0	28
 -60.0	33
 -59.0	48
 -58.0	28
 -57.0	30.5
 -56.0	36
 -55.0	38
 -54.0	37
 -53.0	32
 -52.0	35
 -51.0	35.5
 -50.0	36.5
 -49.0	38
 -48.0	38.5
 -47.0	34
 -46.0	35
 -45.0	32
 -44.0	32
 -43.0	34.5
 -42.0	38
 -41.0	27.5
 -40.0	40.5
 -39.0	34.5
 -38.0	31.5
 -37.0	35
 -36.0	26
 -35.0	38
 -34.0	38.5
 -33.0	37
 -32.0	34.5
 -31.0	30
 -30.0	35
 -29.0	42.5
 -28.0	47.5
 -27.0	46.5
 -26.0	37
 -25.0	51.5
 -24.0	35.5
 -23.0	23.5
 -22.0	38
 -21.0	37.5
 -20.0	33.5
 -19.0	37
 -18.0	38
 -17.0	28
 -16.0	40
 -15.0	54
 -14.0	41
 -13.0	28.5
 -12.0	33.5
 -11.0	23.5
 -10.0	25.5
  -9.0	39
  -8.0	33
  -7.0	26
  -6.0	28.5
  -5.0	44.5
  -4.0	36.5
  -3.0	26
  -2.0	32.5
  -1.0	25.5
   0.0	36
   1.0	29
   2.0	40
   3.0	33.5
   4.0	36.5
   5.0	32
   6.0	30.5
   7.0	31
   8.0	36
   9.0	38
  10.0	37.5
  11.0	39.5
  12.0	35.5
  13.0	46.5
  14.0	30
  15.0	35
  16.0	37.5
  17.0	40
  18.0	37
  19.0	34
  20.0	32
  21.0	37.5
  22.0	37
  23.0	27
  24.0	38.5
  25.0	33.5
  26.0	33
  27.0	33.5
  28.0	37.5
  29.0	35
  30.0	36.5
  31.0	25
  32.0	35.5
  33.0	32.5
  34.0	41
  35.0	32.5
  36.0	38
  37.0	25.5
  38.0	41.5
  39.0	24.5
  40.0	36
  41.0	28
  42.0	36.5
  43.0	39.5
  44.0	26.5
  45.0	32
  46.0	34
  47.0	29
  48.0	27
  49.0	37.5
  50.0	36.5
  51.0	28
  52.0	33
  53.0	38
  54.0	24.25
  55.0	31.5
  56.0	27
  57.0	28
  58.0	38
  59.0	29.5
  60.0	27
  61.0	39
  62.0	37.5
  63.0	31
  64.0	25
  65.0	24.5
  66.0	32
  67.0	34
  68.0	31
  69.0	33
  70.0	35
  71.0	35
  72.0	37.5
  73.0	20.5
  74.0	28.5
  75.0	41
  76.0	31
  77.0	26
  78.0	33
  79.0	33
  80.0	43
  81.0	25.5
  82.0	25.5
  83.0	33
  84.0	37.5
  85.0	28
  86.0	29
  87.0	33
  88.0	25
  89.0	41
  90.0	25.5
  91.0	27
  92.0	32
  93.0	23
  94.0	33.5
  95.0	38
  96.0	33.5
  97.0	29
  98.0	33
  99.0	31
 100.0	41
 101.0	25
 102.0	32
 103.0	34
 104.0	34
 105.0	25
 106.0	31.5
 107.0	32.5
 108.0	26.5
 109.0	29
 110.0	25.5
 111.0	24
 112.0	26
 113.0	32
 114.0	20
 115.0	34.5
 116.0	24
 117.0	33.5
 118.0	26
 119.0	32
 120.0	29.5
 121.0	21.5
 122.0	22
 123.0	27.5
 124.0	29
 125.0	26
 126.0	27.5
 127.0	26
 128.0	35
 129.0	23.3333
 130.0	30
 131.0	24
 132.0	29
 133.0	28
 134.0	25
 135.0	27.5
 136.0	35.5
 137.0	24.5
 138.0	22.5
 139.0	26.3333
 140.0	33.5
 141.0	26.5
 142.0	27
 143.0	23
 144.0	34
 145.0	29.5
 146.0	20.5
 147.0	26.5
 148.0	24
 149.0	25
 150.0	26
 151.0	32
 152.0	40.5
 153.0	31
 154.0	23.5
 155.0	39
 156.0	33.5
 157.0	30.5
 158.0	20
 159.0	27
 160.0	30.5
 161.0	32
 162.0	21
 163.0	28.5
 164.0	29
 165.0	29
 166.0	30.5
 167.0	33
 168.0	20
 169.0	30
 170.0	34
 171.0	37
 172.0	22
 173.0	31.5
 174.0	30
 175.0	38
 176.0	35
 177.0	23.5
 178.0	25.5
 179.0	24
 180.0	27
 181.0	29.5
 182.0	30
 183.0	28
 184.0	20.5
 185.0	25.5
 186.0	25
 187.0	33
 188.0	26.5
 189.0	26
 190.0	25.5
 191.0	28.5
 192.0	35.5
 193.0	27.8333
 194.0	21
 195.0	24
 196.0	23
 197.0	33.5
 198.0	32.5
 199.0	37
 200.0	31.5
 201.0	27.5
 202.0	31.5
 203.0	36
 204.0	31.5
 205.0	35
 206.0	25
 207.0	35.5
 208.0	28
 209.0	24.5
 210.0	20
 211.0	37
 212.0	28
 213.0	27
 214.0	27.5
 215.0	32
 216.0	29
 217.0	25
 218.0	27
 219.0	26
 220.0	24.5
 221.0	31.5
 222.0	29
 223.0	22
 224.0	27
 225.0	27.5
 226.0	36
 227.0	33.5
 228.0	32
 229.0	33.5
 230.0	37.5
DB 2 MOTIF	MAZ_HUMAN.H11MO.1.A
-229.5	35
-228.5	30
-227.5	32
-226.5	21
-225.5	31
-224.5	34.5
-223.5	32.3333
-222.5	32
-221.5	27.7
-220.5	22.6429
-219.5	31
-218.5	31
-217.5	24.1429
-216.5	29.3333
-215.5	31.5
-214.5	30.6667
-213.5	28
-212.5	33
-211.5	30.5
-210.5	25.5
-209.5	33
-208.5	39
-207.5	36
-206.5	37.8333
-205.5	34.3333
-204.5	32.25
-203.5	36.7
-202.5	28.5
-201.5	26.1667
-200.5	31.5
-199.5	33.1429
-198.5	24
-197.5	28.6667
-196.5	30.1429
-195.5	26
-194.5	44.5
-193.5	33
-192.5	18
-191.5	24.8333
-190.5	26.5
-189.5	39
-188.5	27.5
-187.5	37.3333
-186.5	25.5
-185.5	28.7
-184.5	30
-183.5	36
-182.5	31.5
-181.5	29.3333
-180.5	32
-179.5	27.5
-178.5	36.3095
-177.5	24
-176.5	41.5
-175.5	28.6429
-174.5	30.3333
-173.5	40.5
-172.5	29.1429
-171.5	28.6667
-170.5	23.8333
-169.5	33
-168.5	38.0833
-167.5	25.7
-166.5	30.6667
-165.5	35
-164.5	27
-163.5	31.3333
-162.5	30.6667
-161.5	28.5
-160.5	30
-159.5	35
-158.5	27
-157.5	29.4167
-156.5	29.5
-155.5	34
-154.5	33.5
-153.5	41.3333
-152.5	30.3333
-151.5	31.5
-150.5	36.3333
-149.5	32.0333
-148.5	39.5833
-147.5	31.75
-146.5	30
-145.5	29
-144.5	28
-143.5	24
-142.5	35.5833
-141.5	32.1667
-140.5	25.8333
-139.5	27.5
-138.5	31
-137.5	26.5
-136.5	36.5
-135.5	37.8333
-134.5	37
-133.5	26.5
-132.5	29.3333
-131.5	37.0833
-130.5	39
-129.5	30.5
-128.5	34.5
-127.5	27.25
-126.5	30.25
-125.5	39.5833
-124.5	31
-123.5	39.5
-122.5	35.25
-121.5	45.75
-120.5	40
-119.5	33
-118.5	48
-117.5	41.5
-116.5	41.25
-115.5	26.5
-114.5	31
-113.5	39.5
-112.5	49
-111.5	27.1667
-110.5	37
-109.5	39.8333
-108.5	29
-107.5	46.5
-106.5	30
-105.5	38.8333
-104.5	25.5
-103.5	23
-102.5	33.3333
-101.5	35
-100.5	32.5
 -99.5	38.1667
 -98.5	29
 -97.5	24
 -96.5	27.5
 -95.5	30
 -94.5	25.5
 -93.5	39
 -92.5	32.3333
 -91.5	45.3333
 -90.5	33.5
 -89.5	34.5
 -88.5	28
 -87.5	23.3333
 -86.5	33.5
 -85.5	39
 -84.5	29
 -83.5	43.1667
 -82.5	34
 -81.5	34.6667
 -80.5	43.5
 -79.5	31.5
 -78.5	28
 -77.5	38.3333
 -76.5	31
 -75.5	40.3333
 -74.5	48.5
 -73.5	24.5
 -72.5	42
 -71.5	40.5
 -70.5	40.8333
 -69.5	22
 -68.5	40
 -67.5	31.3333
 -66.5	41.5
 -65.5	43
 -64.5	34.5
 -63.5	31
 -62.5	34.3333
 -61.5	33
 -60.5	26
 -59.5	41
 -58.5	39
 -57.5	43.3333
 -56.5	36
 -55.5	34.5
 -54.5	46.5
 -53.5	32
 -52.5	40.5
 -51.5	36
 -50.5	43.5
 -49.5	29.5
 -48.5	37.5
 -47.5	35.3333
 -46.5	36.0833
 -45.5	44
 -44.5	46
 -43.5	36.8333
 -42.5	26.8333
 -41.5	40
 -40.5	45
 -39.5	44.3333
 -38.5	35
 -37.5	38.5
 -36.5	39
 -35.5	44.8333
 -34.5	39
 -33.5	33.5
 -32.5	32.5
 -31.5	32.3333
 -30.5	40.3333
 -29.5	29
 -28.5	25.5
 -27.5	36.5
 -26.5	28.5
 -25.5	30
 -24.5	31
 -23.5	38.25
 -22.5	36.25
 -21.5	32.5
 -20.5	28
 -19.5	25
 -18.5	31.3333
 -17.5	27
 -16.5	26
 -15.5	30
 -14.5	37.5
 -13.5	31.8333
 -12.5	37.3333
 -11.5	29.3333
 -10.5	38.5
  -9.5	31
  -8.5	40.5
  -7.5	42.8333
  -6.5	36.5
  -5.5	36.5
  -4.5	43.5
  -3.5	36.5
  -2.5	34.5
  -1.5	50
  -0.5	44
   0.5	31
   1.5	40.5
   2.5	40.5
   3.5	28.25
   4.5	39
   5.5	35
   6.5	33.5
   7.5	43.3333
   8.5	44.5
   9.5	24.5
  10.5	40
  11.5	30.5
  12.5	32.5
  13.5	33
  14.5	38.5
  15.5	31.3333
  16.5	21.3333
  17.5	26.5
  18.5	35.5
  19.5	32
  20.5	26
  21.5	30
  22.5	33
  23.5	25
  24.5	27
  25.5	41.5
  26.5	32
  27.5	34.5
  28.5	34
  29.5	33.5
  30.5	45
  31.5	43
  32.5	37
  33.5	38.5
  34.5	30
  35.5	39.5
  36.5	24.0833
  37.5	28
  38.5	36.3333
  39.5	40
  40.5	32.5
  41.5	35.3333
  42.5	44
  43.5	23.75
  44.5	36.5
  45.5	35
  46.5	35.3333
  47.5	30
  48.5	35.5
  49.5	33.5
  50.5	35.3333
  51.5	41.3333
  52.5	43.5
  53.5	33.5
  54.5	37
  55.5	33.5
  56.5	37.5
  57.5	43.5
  58.5	35
  59.5	25
  60.5	35.3333
  61.5	44.8333
  62.5	44
  63.5	28.5
  64.5	30
  65.5	33
  66.5	36
  67.5	35.75
  68.5	35.5333
  69.5	33.5
  70.5	35.25
  71.5	28.8333
  72.5	42.5
  73.5	31.5
  74.5	35
  75.5	34.5
  76.5	33.1667
  77.5	43
  78.5	37.5
  79.5	28.25
  80.5	25.5833
  81.5	29.25
  82.5	34.5
  83.5	29
  84.5	27.7
  85.5	26
  86.5	39.75
  87.5	36.5
  88.5	41
  89.5	32.5
  90.5	27.5
  91.5	37.25
  92.5	36.75
  93.5	41
  94.5	27.7
  95.5	27.5
  96.5	30.8333
  97.5	34
  98.5	26.25
  99.5	29
 100.5	36
 101.5	40.5
 102.5	39.3333
 103.5	31.3333
 104.5	26
 105.5	37.3333
 106.5	26.2
 107.5	34.3333
 108.5	25
 109.5	37
 110.5	37.5
 111.5	36.5
 112.5	33.8333
 113.5	29.3333
 114.5	26
 115.5	33.5833
 116.5	32.5
 117.5	30.8333
 118.5	33.8333
 119.5	25
 120.5	33.8667
 121.5	20.75
 122.5	27.6667
 123.5	28.7262
 124.5	36.5
 125.5	38.1667
 126.5	27.8333
 127.5	34.0333
 128.5	28.5
 129.5	31.7262
 130.5	34
 131.5	27
 132.5	26.25
 133.5	36.1667
 134.5	19
 135.5	29.25
 136.5	30.5
 137.5	26.3333
 138.5	36
 139.5	28.3333
 140.5	27
 141.5	31.95
 142.5	29
 143.5	26.4167
 144.5	17.6429
 145.5	29
 146.5	30
 147.5	34.5833
 148.5	30.8333
 149.5	32.8333
 150.5	37
 151.5	26.75
 152.5	29.5
 153.5	32.3333
 154.5	35.5
 155.5	28.75
 156.5	19
 157.5	27
 158.5	33
 159.5	34.4762
 160.5	27.25
 161.5	27.5
 162.5	24.1667
 163.5	21.5
 164.5	38.5
 165.5	17.3333
 166.5	24.0833
 167.5	34.2
 168.5	44.8333
 169.5	38
 170.5	31
 171.5	30.5
 172.5	38.5833
 173.5	29.5
 174.5	26.4762
 175.5	28
 176.5	39.5
 177.5	26.3333
 178.5	34.0833
 179.5	19.2
 180.5	19
 181.5	27
 182.5	32
 183.5	36
 184.5	25.5333
 185.5	34.5
 186.5	31
 187.5	21.5
 188.5	23.1429
 189.5	25.8333
 190.5	21.5333
 191.5	27.5
 192.5	24.25
 193.5	24.8333
 194.5	26
 195.5	30.25
 196.5	27.3667
 197.5	26
 198.5	31.25
 199.5	26
 200.5	28.6667
 201.5	25.5333
 202.5	41.2
 203.5	22.6429
 204.5	31.0833
 205.5	18
 206.5	28.5
 207.5	33
 208.5	27.0333
 209.5	38.5
 210.5	25.9167
 211.5	31.6667
 212.5	27.8333
 213.5	24
 214.5	29.1667
 215.5	25.8333
 216.5	31
 217.5	29.3333
 218.5	31.1667
 219.5	28.5
 220.5	31
 221.5	32.5
 222.5	31
 223.5	34.5
 224.5	29
 225.5	26.5
 226.5	28.1667
 227.5	30.5
 228.5	23.5
 229.5	29
DB 2 MOTIF	MBD2_HUMAN.H11MO.0.B
-229.5	19
-228.5	15
-227.5	20
-226.5	22.5
-225.5	23.5
-224.5	15
-223.5	23
-222.5	21
-221.5	25.5
-220.5	18
-219.5	21.625
-218.5	19.3333
-217.5	18
-216.5	16
-215.5	27.5
-214.5	20
-213.5	19
-212.5	20
-211.5	16
-210.5	17
-209.5	15.5
-208.5	18.5
-207.5	19
-206.5	22
-205.5	18
-204.5	16
-203.5	22
-202.5	16
-201.5	15
-200.5	21.125
-199.5	20
-198.5	23
-197.5	25
-196.5	21.5
-195.5	22.5
-194.5	21
-193.5	22.5
-192.5	20.5
-191.5	19.5
-190.5	22.5
-189.5	17
-188.5	28
-187.5	22.5
-186.5	14
-185.5	21
-184.5	20
-183.5	23
-182.5	20
-181.5	19.625
-180.5	11
-179.5	21.5
-178.5	33
-177.5	12.5
-176.5	17.5
-175.5	21
-174.5	19.5
-173.5	17
-172.5	10.5
-171.5	15
-170.5	23
-169.5	28
-168.5	23.5
-167.5	14.5
-166.5	22
-165.5	23.1667
-164.5	20
-163.5	19
-162.5	16.125
-161.5	22
-160.5	20
-159.5	18.5
-158.5	22.5
-157.5	19
-156.5	19.5
-155.5	27.3333
-154.5	20
-153.5	18
-152.5	28
-151.5	20
-150.5	21.5
-149.5	18.5
-148.5	19
-147.5	24.1667
-146.5	19
-145.5	27.5
-144.5	22.5
-143.5	21.625
-142.5	18.5
-141.5	22
-140.5	19.3333
-139.5	16.5
-138.5	27
-137.5	12
-136.5	26
-135.5	15
-134.5	30
-133.5	20
-132.5	19
-131.5	29
-130.5	30
-129.5	27
-128.5	18
-127.5	16
-126.5	12.3333
-125.5	20
-124.5	14.125
-123.5	21
-122.5	24.5
-121.5	18
-120.5	19.3333
-119.5	20.5
-118.5	20.5
-117.5	17.5
-116.5	22.5
-115.5	16
-114.5	31.3333
-113.5	22
-112.5	20
-111.5	21
-110.5	16.5
-109.5	15.25
-108.5	22
-107.5	23
-106.5	15
-105.5	16.125
-104.5	19.5
-103.5	17.5
-102.5	25.5
-101.5	16
-100.5	22
 -99.5	24
 -98.5	18
 -97.5	17
 -96.5	22.5
 -95.5	19.5
 -94.5	21.5
 -93.5	19.5
 -92.5	18.5
 -91.5	18.5
 -90.5	18
 -89.5	28.5
 -88.5	31
 -87.5	24.5
 -86.5	16.625
 -85.5	17.5
 -84.5	15.25
 -83.5	25.5
 -82.5	23.5
 -81.5	26
 -80.5	27
 -79.5	21.5
 -78.5	14
 -77.5	22
 -76.5	30.5
 -75.5	25
 -74.5	18
 -73.5	30.5
 -72.5	23.5
 -71.5	30.5
 -70.5	27.5
 -69.5	20.5
 -68.5	26
 -67.5	28
 -66.5	26
 -65.5	18.5
 -64.5	19.5
 -63.5	24
 -62.5	29.8333
 -61.5	25
 -60.5	23.5
 -59.5	19.75
 -58.5	26.5
 -57.5	29
 -56.5	24.3333
 -55.5	25.5
 -54.5	20
 -53.5	26
 -52.5	17.5
 -51.5	21.5
 -50.5	31.3333
 -49.5	36
 -48.5	24.5
 -47.5	27
 -46.5	19
 -45.5	31.5
 -44.5	34
 -43.5	20
 -42.5	23
 -41.5	22
 -40.5	28.5
 -39.5	21.5
 -38.5	28.5
 -37.5	24
 -36.5	33
 -35.5	11
 -34.5	25.25
 -33.5	12.6667
 -32.5	16.5
 -31.5	16.5
 -30.5	18.5
 -29.5	27.5
 -28.5	30
 -27.5	23.5
 -26.5	23.5
 -25.5	20
 -24.5	32
 -23.5	27
 -22.5	27
 -21.5	30
 -20.5	29.5
 -19.5	35
 -18.5	32.1667
 -17.5	28.5
 -16.5	27.5
 -15.5	20.5
 -14.5	22.5
 -13.5	26
 -12.5	25
 -11.5	21.5
 -10.5	28.5
  -9.5	20.5
  -8.5	30
  -7.5	20.125
  -6.5	26
  -5.5	24
  -4.5	23.5
  -3.5	34
  -2.5	28
  -1.5	23.5
  -0.5	26
   0.5	16
   1.5	33.5
   2.5	29.5
   3.5	26.5
   4.5	27.5
   5.5	32.5
   6.5	29
   7.5	29.5
   8.5	26.5
   9.5	34.5
  10.5	24.5
  11.5	21.125
  12.5	23
  13.5	27
  14.5	27
  15.5	33
  16.5	29
  17.5	23.5
  18.5	33.5
  19.5	26.5
  20.5	24
  21.5	25
  22.5	21
  23.5	34
  24.5	19.5
  25.5	28.5
  26.5	25.5
  27.5	21.5
  28.5	31
  29.5	30.5
  30.5	20.625
  31.5	27.5
  32.5	25.5
  33.5	22
  34.5	14.5
  35.5	19.5
  36.5	31
  37.5	18.5
  38.5	24
  39.5	21
  40.5	30.5
  41.5	31
  42.5	35
  43.5	25.5
  44.5	15.6667
  45.5	28
  46.5	25.5
  47.5	30.5
  48.5	36.5
  49.5	20.625
  50.5	22
  51.5	19.5
  52.5	24.5
  53.5	28.5
  54.5	33.5
  55.5	26.5
  56.5	24.5
  57.5	15.5
  58.5	37
  59.5	33.6667
  60.5	20
  61.5	20.5
  62.5	35
  63.5	20
  64.5	29
  65.5	31
  66.5	24
  67.5	34.5
  68.5	18.625
  69.5	20
  70.5	28
  71.5	22.5
  72.5	26.5
  73.5	30.5
  74.5	18.5
  75.5	17.5
  76.5	22
  77.5	21
  78.5	18.5
  79.5	28.5
  80.5	24
  81.5	26
  82.5	26
  83.5	26
  84.5	25.5
  85.5	23.5
  86.5	33
  87.5	26.125
  88.5	16.3333
  89.5	14
  90.5	24.5
  91.5	27
  92.5	26
  93.5	17
  94.5	26.3333
  95.5	34
  96.5	26.5
  97.5	19
  98.5	31
  99.5	19.5
 100.5	23.3333
 101.5	21
 102.5	28.3333
 103.5	26
 104.5	16
 105.5	23.5
 106.5	16.125
 107.5	21.5
 108.5	15
 109.5	16
 110.5	15
 111.5	24
 112.5	26
 113.5	22
 114.5	21
 115.5	15
 116.5	19.5
 117.5	30
 118.5	21
 119.5	28.5
 120.5	16.5
 121.5	29.5
 122.5	16.5
 123.5	19.5
 124.5	28.5
 125.5	27.125
 126.5	17
 127.5	29.5
 128.5	20.5
 129.5	25.5
 130.5	22.5
 131.5	28.5
 132.5	14.5
 133.5	18
 134.5	18
 135.5	16.8333
 136.5	27
 137.5	20.5
 138.5	16.5
 139.5	18
 140.5	18
 141.5	21.5
 142.5	13
 143.5	20.5
 144.5	20.5
 145.5	17.5
 146.5	21.5
 147.5	12
 148.5	17
 149.5	16
 150.5	26
 151.5	20
 152.5	18
 153.5	27
 154.5	30
 155.5	20
 156.5	21.5
 157.5	20
 158.5	27.8333
 159.5	20.5
 160.5	24
 161.5	24
 162.5	18.5
 163.5	19
 164.5	15
 165.5	14.5
 166.5	12.5
 167.5	22.5
 168.5	22.8333
 169.5	22.5
 170.5	23
 171.5	20
 172.5	17
 173.5	12
 174.5	20.5
 175.5	22
 176.5	14
 177.5	19.5
 178.5	19
 179.5	16.5
 180.5	22
 181.5	12.5
 182.5	16
 183.5	23
 184.5	21.5
 185.5	24
 186.5	26.5
 187.5	20.5
 188.5	14
 189.5	23
 190.5	16.8333
 191.5	17
 192.5	17.5
 193.5	12
 194.5	21.5
 195.5	15
 196.5	12.5
 197.5	12
 198.5	14
 199.5	21.5
 200.5	12.5
 201.5	17
 202.5	16.5
 203.5	21
 204.5	21
 205.5	16.5
 206.5	18
 207.5	14.5
 208.5	21.5
 209.5	11
 210.5	28
 211.5	17
 212.5	23
 213.5	17.5
 214.5	21.5
 215.5	18
 216.5	17.5
 217.5	17
 218.5	26
 219.5	15
 220.5	15
 221.5	21.5
 222.5	23.3333
 223.5	12
 224.5	18
 225.5	22
 226.5	18.5
 227.5	22
 228.5	20
 229.5	8
DB 2 MOTIF	MECP2_HUMAN.H11MO.0.C
-231.5	26.6667
-230.5	18.1667
-229.5	23.1667
-228.5	16.1667
-227.5	22.3333
-226.5	22.7
-225.5	26.95
-224.5	24.5833
-223.5	19.75
-222.5	28.6667
-221.5	25.3333
-220.5	19.1667
-219.5	22.9583
-218.5	27.9167
-217.5	23.6167
-216.5	39
-215.5	23.1667
-214.5	25.8333
-213.5	34.8095
-212.5	20.5
-211.5	23
-210.5	23.8333
-209.5	16.5833
-208.5	22.8333
-207.5	19.25
-206.5	14
-205.5	20
-204.5	25
-203.5	35.3333
-202.5	24.5
-201.5	19.25
-200.5	21.375
-199.5	20.8333
-198.5	16
-197.5	22.5333
-196.5	24.0833
-195.5	17
-194.5	29.2833
-193.5	28.45
-192.5	22.3333
-191.5	25.2
-190.5	24.1667
-189.5	23.6667
-188.5	29.8333
-187.5	27.5833
-186.5	19.0833
-185.5	33.7
-184.5	14.3333
-183.5	21.0595
-182.5	19.8333
-181.5	23.875
-180.5	26.6667
-179.5	28.1667
-178.5	27.0333
-177.5	23.3333
-176.5	13.8333
-175.5	23.0833
-174.5	29.0833
-173.5	13.8333
-172.5	24.3667
-171.5	26.1667
-170.5	24.5
-169.5	20.1667
-168.5	27.0333
-167.5	23.9167
-166.5	19
-165.5	35.8333
-164.5	27.3333
-163.5	24.5
-162.5	25.4583
-161.5	28.4167
-160.5	24.8333
-159.5	16.5
-158.5	22.8333
-157.5	26.0833
-156.5	23.6667
-155.5	30.75
-154.5	19.3333
-153.5	17.3929
-152.5	26.1667
-151.5	25.1667
-150.5	19.8333
-149.5	23.8333
-148.5	19.3333
-147.5	28.8333
-146.5	18.95
-145.5	25.6167
-144.5	20.5
-143.5	27.625
-142.5	21.1667
-141.5	29.5333
-140.5	24.5333
-139.5	28.6667
-138.5	19.5833
-137.5	27.2833
-136.5	25.3333
-135.5	24.6667
-134.5	20.1667
-133.5	14.5
-132.5	17.9167
-131.5	17.1667
-130.5	28.5833
-129.5	26
-128.5	30.0833
-127.5	19.3333
-126.5	15.8333
-125.5	25.3333
-124.5	24.9583
-123.5	25.4762
-122.5	20.5833
-121.5	29.5
-120.5	25.0833
-119.5	25.75
-118.5	17.1667
-117.5	14.6667
-116.5	26
-115.5	21
-114.5	21.5333
-113.5	27.5
-112.5	22.6667
-111.5	29.6667
-110.5	28.8333
-109.5	18.8333
-108.5	17.0333
-107.5	18.3333
-106.5	21.8333
-105.5	23.4583
-104.5	32.5
-103.5	23.8333
-102.5	28.3333
-101.5	26
-100.5	30.3333
 -99.5	23.4167
 -98.5	35.75
 -97.5	21.75
 -96.5	29.8333
 -95.5	25.3667
 -94.5	27.1667
 -93.5	23.8929
 -92.5	23.9167
 -91.5	18.4167
 -90.5	23
 -89.5	27.7
 -88.5	27.5833
 -87.5	22.5833
 -86.5	20.2083
 -85.5	28.5
 -84.5	21.75
 -83.5	23.75
 -82.5	32.75
 -81.5	33
 -80.5	30.5833
 -79.5	28.6667
 -78.5	13.5
 -77.5	24.4167
 -76.5	23.9167
 -75.5	31.0333
 -74.5	24.5
 -73.5	17.3333
 -72.5	19.5
 -71.5	27.0333
 -70.5	28
 -69.5	19.8667
 -68.5	37.8667
 -67.5	26.3333
 -66.5	25
 -65.5	21
 -64.5	30.5
 -63.5	21.5929
 -62.5	24.5
 -61.5	28.25
 -60.5	26.25
 -59.5	21.8333
 -58.5	23.3333
 -57.5	29.0333
 -56.5	25.2
 -55.5	28.8333
 -54.5	28.2
 -53.5	29.6667
 -52.5	26.6667
 -51.5	23.3333
 -50.5	35.1667
 -49.5	20
 -48.5	21.5
 -47.5	29.6667
 -46.5	32.8333
 -45.5	33.8667
 -44.5	30.6667
 -43.5	33.3333
 -42.5	27.3333
 -41.5	26.5
 -40.5	31.3333
 -39.5	39.25
 -38.5	28.0833
 -37.5	17.75
 -36.5	29
 -35.5	34.75
 -34.5	27.5
 -33.5	33.6429
 -32.5	31
 -31.5	16.75
 -30.5	32.5833
 -29.5	33
 -28.5	28.9167
 -27.5	32.5
 -26.5	20.5
 -25.5	29.75
 -24.5	33.6667
 -23.5	37.0833
 -22.5	40.5833
 -21.5	40.8333
 -20.5	30
 -19.5	36.8333
 -18.5	33.5
 -17.5	43.1667
 -16.5	30
 -15.5	38.3667
 -14.5	31.2833
 -13.5	36.0833
 -12.5	35.5333
 -11.5	33.3667
 -10.5	33.5
  -9.5	24.2
  -8.5	27.5333
  -7.5	34.6667
  -6.5	33.0333
  -5.5	21.5333
  -4.5	24.6667
  -3.5	33.4167
  -2.5	38.3333
  -1.5	45
  -0.5	34.25
   0.5	37.8333
   1.5	32
   2.5	33.1667
   3.5	33.5833
   4.5	35.25
   5.5	43.3333
   6.5	40.1667
   7.5	36.5333
   8.5	38
   9.5	35.8333
  10.5	50.9167
  11.5	43.75
  12.5	33.4167
  13.5	34.3333
  14.5	40.5833
  15.5	37.6667
  16.5	32
  17.5	23.5
  18.5	33.5
  19.5	27.0833
  20.5	29.5
  21.5	29.8333
  22.5	36.0833
  23.5	28.75
  24.5	27.9167
  25.5	29.5
  26.5	23.25
  27.5	29.1667
  28.5	31.5
  29.5	31.3333
  30.5	31.5333
  31.5	30.6667
  32.5	30.5
  33.5	30.9167
  34.5	29.1167
  35.5	36
  36.5	37
  37.5	33.4167
  38.5	33.4167
  39.5	43
  40.5	24.3333
  41.5	36.1667
  42.5	32
  43.5	29
  44.5	39.0833
  45.5	24.0833
  46.5	25.5333
  47.5	27.5
  48.5	39.5
  49.5	39.9167
  50.5	35.25
  51.5	22.3333
  52.5	27.8333
  53.5	38.5
  54.5	39.3333
  55.5	28.3333
  56.5	37
  57.5	30.6667
  58.5	31.5333
  59.5	29.0333
  60.5	30.7
  61.5	35.5
  62.5	33.0833
  63.5	35.3667
  64.5	30.5333
  65.5	34
  66.5	29.5
  67.5	27.3333
  68.5	32.1667
  69.5	30.1167
  70.5	16.6667
  71.5	27.4167
  72.5	28.6667
  73.5	25.8667
  74.5	30.5
  75.5	22.8667
  76.5	24.6667
  77.5	19.5
  78.5	27.1667
  79.5	26.9167
  80.5	22.1667
  81.5	31.0333
  82.5	27.6667
  83.5	36.5
  84.5	29.8333
  85.5	24
  86.5	27.6667
  87.5	22.8333
  88.5	29.3333
  89.5	25.75
  90.5	34.8333
  91.5	27.2833
  92.5	32.7833
  93.5	23.75
  94.5	24.3333
  95.5	33.3333
  96.5	21.5
  97.5	19.2
  98.5	27.8667
  99.5	21.9167
 100.5	16.1667
 101.5	18.8333
 102.5	25
 103.5	23.95
 104.5	29.0833
 105.5	15.8333
 106.5	19.8333
 107.5	20.3333
 108.5	30
 109.5	29.7833
 110.5	26.2
 111.5	23.0833
 112.5	35.75
 113.5	29.3333
 114.5	19
 115.5	18.75
 116.5	29.3333
 117.5	22.75
 118.5	20.0833
 119.5	12.25
 120.5	27.0833
 121.5	27.8333
 122.5	14.8333
 123.5	19.9167
 124.5	23.75
 125.5	21.95
 126.5	32.5
 127.5	21.5
 128.5	31.1167
 129.5	25.6167
 130.5	25.8667
 131.5	21.1667
 132.5	17.1667
 133.5	20.5
 134.5	30
 135.5	22.1667
 136.5	23.8333
 137.5	20
 138.5	23.5333
 139.5	19.8333
 140.5	25
 141.5	18.5833
 142.5	25
 143.5	21.0833
 144.5	18.9167
 145.5	22.5
 146.5	22.9167
 147.5	21.15
 148.5	22.5
 149.5	36.6667
 150.5	18
 151.5	23.1667
 152.5	22.3333
 153.5	31
 154.5	25.5333
 155.5	20.3667
 156.5	23.3333
 157.5	20.8333
 158.5	23.1667
 159.5	21.4167
 160.5	17.5833
 161.5	25.5333
 162.5	28.45
 163.5	14.9833
 164.5	21.75
 165.5	22.8333
 166.5	19
 167.5	25.3333
 168.5	29.8667
 169.5	27.1667
 170.5	20.8333
 171.5	22.5
 172.5	25
 173.5	27.0833
 174.5	17.6667
 175.5	21.6667
 176.5	21.0333
 177.5	26.9167
 178.5	25.5
 179.5	20.0833
 180.5	27.5833
 181.5	19.1667
 182.5	23.5
 183.5	28.1667
 184.5	30.6667
 185.5	36.6667
 186.5	24.5833
 187.5	19.1667
 188.5	23.25
 189.5	16.7
 190.5	18.9167
 191.5	32.1667
 192.5	17.5
 193.5	21.5
 194.5	12
 195.5	10.8667
 196.5	24.9167
 197.5	23.5
 198.5	22.25
 199.5	25.3333
 200.5	13
 201.5	20.0833
 202.5	22.8333
 203.5	24.6667
 204.5	25
 205.5	18
 206.5	19.3333
 207.5	29.5
 208.5	17.5667
 209.5	18.2833
 210.5	17.4167
 211.5	26
 212.5	28
 213.5	13.8333
 214.5	21.5
 215.5	26.0833
 216.5	21.4167
 217.5	18.0833
 218.5	21.75
 219.5	17.3333
 220.5	23
 221.5	24.3667
 222.5	14.5833
 223.5	18.5833
 224.5	24.0833
 225.5	22.75
 226.5	25.3333
 227.5	25.2
 228.5	23.3333
 229.5	21.2
 230.5	27.5
 231.5	28.8333
DB 2 MOTIF	MITF_HUMAN.H11MO.0.A
-230.0	11
-229.0	21.5
-228.0	13.5
-227.0	15
-226.0	20.5
-225.0	16
-224.0	11.5
-223.0	17.5
-222.0	13.5
-221.0	24
-220.0	15
-219.0	18
-218.0	18
-217.0	12
-216.0	20
-215.0	18
-214.0	16
-213.0	8
-212.0	18
-211.0	11.5
-210.0	10
-209.0	13
-208.0	17
-207.0	26
-206.0	14
-205.0	12
-204.0	15
-203.0	27.5
-202.0	16
-201.0	11
-200.0	20.5
-199.0	21.8333
-198.0	11.5
-197.0	14
-196.0	15
-195.0	14
-194.0	17
-193.0	13
-192.0	11
-191.0	13.5
-190.0	19.5
-189.0	10
-188.0	7.5
-187.0	24
-186.0	20
-185.0	19
-184.0	16
-183.0	14
-182.0	9.5
-181.0	18.5
-180.0	13.5
-179.0	19
-178.0	20
-177.0	28
-176.0	12
-175.0	18.5
-174.0	9
-173.0	22
-172.0	18
-171.0	27
-170.0	10
-169.0	16
-168.0	18
-167.0	12
-166.0	12
-165.0	18
-164.0	11.5
-163.0	9
-162.0	10
-161.0	18
-160.0	14
-159.0	21
-158.0	13
-157.0	10.5
-156.0	11.5
-155.0	14
-154.0	10.5
-153.0	13
-152.0	13
-151.0	19
-150.0	15.3333
-149.0	11.5
-148.0	11.25
-147.0	11.5
-146.0	12
-145.0	14
-144.0	11
-143.0	10
-142.0	14
-141.0	17
-140.0	13
-139.0	9
-138.0	17
-137.0	14
-136.0	9
-135.0	16
-134.0	19
-133.0	18.5
-132.0	15
-131.0	14
-130.0	16.5
-129.0	11
-128.0	7
-127.0	11
-126.0	21
-125.0	21
-124.0	14.5
-123.0	12
-122.0	15
-121.0	9
-120.0	13
-119.0	18.5
-118.0	18
-117.0	16
-116.0	17.75
-115.0	24
-114.0	16.5
-113.0	13
-112.0	15
-111.0	17
-110.0	12
-109.0	21.5
-108.0	15.5
-107.0	24.5
-106.0	15
-105.0	16
-104.0	22
-103.0	13
-102.0	14
-101.0	11.3333
-100.0	17.5
 -99.0	17
 -98.0	15.5
 -97.0	13
 -96.0	15.5
 -95.0	13
 -94.0	18
 -93.0	12
 -92.0	18.5
 -91.0	16
 -90.0	12
 -89.0	19.5
 -88.0	14
 -87.0	12.5
 -86.0	16
 -85.0	12.5
 -84.0	16
 -83.0	21
 -82.0	17.5
 -81.0	14
 -80.0	12
 -79.0	17
 -78.0	18
 -77.0	16
 -76.0	28
 -75.0	19
 -74.0	17
 -73.0	11
 -72.0	19
 -71.0	19.3333
 -70.0	18
 -69.0	14
 -68.0	17
 -67.0	17
 -66.0	20.5
 -65.0	15
 -64.0	16
 -63.0	19
 -62.0	19
 -61.0	23
 -60.0	16
 -59.0	16.5
 -58.0	17
 -57.0	21
 -56.0	14
 -55.0	17.3333
 -54.0	17
 -53.0	24.5
 -52.0	20.25
 -51.0	20.5
 -50.0	14
 -49.0	16
 -48.0	22
 -47.0	15.5
 -46.0	18
 -45.0	16
 -44.0	25
 -43.0	13.5
 -42.0	16.5
 -41.0	14.5
 -40.0	21
 -39.0	16.3333
 -38.0	19
 -37.0	27
 -36.0	21
 -35.0	12
 -34.0	15
 -33.0	14
 -32.0	17.5
 -31.0	25
 -30.0	22
 -29.0	19.5
 -28.0	18
 -27.0	18
 -26.0	26
 -25.0	21
 -24.0	30.5
 -23.0	21
 -22.0	19
 -21.0	20
 -20.0	21.5
 -19.0	17.25
 -18.0	21
 -17.0	20
 -16.0	12
 -15.0	19
 -14.0	21
 -13.0	23
 -12.0	24.5
 -11.0	24.8333
 -10.0	18
  -9.0	21
  -8.0	27.5
  -7.0	17.5
  -6.0	12
  -5.0	24.5
  -4.0	25
  -3.0	16
  -2.0	20
  -1.0	14
   0.0	16.5
   1.0	22.3333
   2.0	19.5
   3.0	23
   4.0	20.5
   5.0	16
   6.0	21.5
   7.0	14
   8.0	13
   9.0	20.5
  10.0	21.5
  11.0	13
  12.0	23
  13.0	22
  14.0	20
  15.0	21.5
  16.0	16
  17.0	23.5
  18.0	16
  19.0	19.5
  20.0	26
  21.0	22
  22.0	30
  23.0	16
  24.0	18.5
  25.0	15.8333
  26.0	15.5
  27.0	18.5
  28.0	12
  29.0	17.5
  30.0	17
  31.0	18.5
  32.0	18.5
  33.0	23
  34.0	25.5
  35.0	10.5
  36.0	19.5
  37.0	11
  38.0	16
  39.0	22
  40.0	19
  41.0	18
  42.0	25.5
  43.0	19
  44.0	21
  45.0	12
  46.0	15
  47.0	21
  48.0	18
  49.0	23
  50.0	10
  51.0	14
  52.0	17
  53.0	21
  54.0	13
  55.0	21
  56.0	20
  57.0	21
  58.0	12.5
  59.0	16
  60.0	15
  61.0	19
  62.0	11.5
  63.0	21
  64.0	17
  65.0	10
  66.0	15
  67.0	15
  68.0	15.3333
  69.0	19.5
  70.0	19.3333
  71.0	19
  72.0	31.1667
  73.0	19
  74.0	14.5
  75.0	13
  76.0	17.5
  77.0	15
  78.0	22
  79.0	19
  80.0	19
  81.0	12.5
  82.0	17.5
  83.0	16
  84.0	16.5
  85.0	17
  86.0	9.5
  87.0	17
  88.0	11.5
  89.0	17
  90.0	16.5
  91.0	18
  92.0	16
  93.0	15
  94.0	17.5
  95.0	11
  96.0	14
  97.0	16
  98.0	19
  99.0	21
 100.0	15
 101.0	15.5
 102.0	14
 103.0	19
 104.0	17
 105.0	7
 106.0	23
 107.0	15.5
 108.0	21
 109.0	22
 110.0	14
 111.0	10
 112.0	13
 113.0	20
 114.0	14
 115.0	19
 116.0	15
 117.0	22
 118.0	13
 119.0	19
 120.0	15
 121.0	15
 122.0	7
 123.0	5
 124.0	14
 125.0	14
 126.0	16.5
 127.0	19
 128.0	14.3333
 129.0	14
 130.0	20.5
 131.0	11
 132.0	8
 133.0	8
 134.0	19
 135.0	17
 136.0	16.5
 137.0	23
 138.0	5
 139.0	20
 140.0	14
 141.0	17
 142.0	21
 143.0	20
 144.0	10
 145.0	6
 146.0	16
 147.0	11
 148.0	8
 149.0	11
 150.0	12
 151.0	11
 152.0	22
 153.0	20
 154.0	9
 155.0	17
 156.0	17
 157.0	17
 158.0	9
 159.0	16
 160.0	12.5
 161.0	16
 162.0	16
 163.0	15.5
 164.0	12
 165.0	12
 166.0	10
 167.0	20
 168.0	17
 169.0	17
 170.0	17
 171.0	14
 172.0	14
 173.0	19
 174.0	15
 175.0	12
 176.0	20
 177.0	16
 178.0	18
 179.0	12
 180.0	11
 181.0	13.5
 182.0	23
 183.0	13
 184.0	15
 185.0	16.3333
 186.0	12
 187.0	13
 188.0	17
 189.0	13.5
 190.0	11
 191.0	21
 192.0	28
 193.0	11.5
 194.0	16
 195.0	16
 196.0	18.5
 197.0	14
 198.0	13
 199.0	12
 200.0	16
 201.0	25.5
 202.0	20
 203.0	16.5
 204.0	16.5
 205.0	14
 206.0	15.5
 207.0	14
 208.0	14
 209.0	20
 210.0	14
 211.0	17
 212.0	13
 213.0	12
 214.0	16
 215.0	18
 216.0	11
 217.0	7
 218.0	16.5
 219.0	10
 220.0	22
 221.0	16
 222.0	18
 223.0	15.5
 224.0	15
 225.0	17
 226.0	13
 227.0	20
 228.0	15.5
 229.0	19
 230.0	21.5
DB 2 MOTIF	MLX_HUMAN.H11MO.0.D
-229.5	5
-228.5	9
-227.5	7
-226.5	4
-225.5	4
-224.5	7
-223.5	2
-222.5	1
-221.5	3
-220.5	1
-219.5	4
-218.5	9
-217.5	3
-216.5	5
-215.5	7
-214.5	2
-213.5	1
-212.5	3
-211.5	6.5
-210.5	1
-209.5	6
-208.5	2
-207.5	4
-206.5	4.5
-205.5	6
-204.5	7
-203.5	8.5
-202.5	5
-201.5	3
-200.5	3.5
-199.5	3
-198.5	8
-197.5	4
-196.5	2
-195.5	3
-194.5	4
-193.5	6
-192.5	3
-191.5	4
-190.5	3
-189.5	5
-188.5	3
-187.5	6
-186.5	2.5
-185.5	1
-184.5	7
-183.5	1.5
-182.5	0.5
-181.5	2.5
-180.5	5
-179.5	7
-178.5	3.5
-177.5	5.5
-176.5	4.5
-175.5	12
-174.5	2.5
-173.5	1
-172.5	1
-171.5	4
-170.5	3
-169.5	5
-168.5	1
-167.5	3
-166.5	2
-165.5	4
-164.5	6
-163.5	3
-162.5	1
-161.5	6
-160.5	4
-159.5	3
-158.5	4
-157.5	2
-156.5	2
-155.5	5
-154.5	5
-153.5	2
-152.5	6
-151.5	4
-150.5	3
-149.5	2
-148.5	4
-147.5	1
-146.5	3
-145.5	2
-144.5	2
-143.5	2
-142.5	2.5
-141.5	2
-140.5	3
-139.5	2.5
-138.5	5
-137.5	2
-136.5	2
-135.5	0
-134.5	5
-133.5	4
-132.5	4
-131.5	4
-130.5	5
-129.5	2
-128.5	3
-127.5	3
-126.5	5
-125.5	3
-124.5	3
-123.5	4
-122.5	3
-121.5	8
-120.5	1
-119.5	1
-118.5	6
-117.5	2
-116.5	5
-115.5	5
-114.5	8
-113.5	3
-112.5	1
-111.5	2
-110.5	2
-109.5	2
-108.5	7
-107.5	4
-106.5	8
-105.5	3
-104.5	3.5
-103.5	4
-102.5	1
-101.5	4.5
-100.5	6
 -99.5	1
 -98.5	4
 -97.5	3
 -96.5	2
 -95.5	6
 -94.5	6
 -93.5	2.5
 -92.5	4
 -91.5	4
 -90.5	4.5
 -89.5	8
 -88.5	5
 -87.5	2
 -86.5	9
 -85.5	3
 -84.5	1
 -83.5	5
 -82.5	3
 -81.5	2
 -80.5	3
 -79.5	7
 -78.5	5
 -77.5	5
 -76.5	8
 -75.5	11
 -74.5	5
 -73.5	2
 -72.5	1
 -71.5	5
 -70.5	2
 -69.5	2
 -68.5	5
 -67.5	7
 -66.5	7
 -65.5	4
 -64.5	7
 -63.5	7
 -62.5	6
 -61.5	8
 -60.5	2
 -59.5	2
 -58.5	4
 -57.5	6
 -56.5	7
 -55.5	7
 -54.5	7
 -53.5	7
 -52.5	8
 -51.5	7.5
 -50.5	10
 -49.5	3
 -48.5	5.5
 -47.5	2
 -46.5	7
 -45.5	9.5
 -44.5	4
 -43.5	3.5
 -42.5	6
 -41.5	3
 -40.5	4.5
 -39.5	6.5
 -38.5	3
 -37.5	3
 -36.5	11
 -35.5	7
 -34.5	8.5
 -33.5	2
 -32.5	8
 -31.5	3.5
 -30.5	14.5
 -29.5	10.5
 -28.5	8
 -27.5	10
 -26.5	5.5
 -25.5	5
 -24.5	12
 -23.5	10
 -22.5	8
 -21.5	6
 -20.5	10
 -19.5	8
 -18.5	7
 -17.5	6
 -16.5	7
 -15.5	8
 -14.5	8
 -13.5	3
 -12.5	10.5
 -11.5	12.5
 -10.5	7
  -9.5	8.5
  -8.5	7
  -7.5	12.5
  -6.5	4
  -5.5	4
  -4.5	4.5
  -3.5	6
  -2.5	7
  -1.5	6
  -0.5	7
   0.5	7
   1.5	2
   2.5	11
   3.5	9.5
   4.5	9
   5.5	4
   6.5	8.5
   7.5	8
   8.5	7
   9.5	13
  10.5	7.5
  11.5	4
  12.5	11
  13.5	3.5
  14.5	8.5
  15.5	8
  16.5	6
  17.5	8.5
  18.5	4.5
  19.5	6
  20.5	3
  21.5	14.5
  22.5	6
  23.5	9
  24.5	7
  25.5	5
  26.5	2
  27.5	5
  28.5	5.5
  29.5	10
  30.5	6
  31.5	11.5
  32.5	5
  33.5	10
  34.5	6
  35.5	6
  36.5	7
  37.5	3
  38.5	3
  39.5	4
  40.5	7
  41.5	4
  42.5	7
  43.5	7
  44.5	7
  45.5	3
  46.5	3
  47.5	4
  48.5	5
  49.5	9
  50.5	3
  51.5	7
  52.5	4
  53.5	7
  54.5	7
  55.5	1
  56.5	6
  57.5	4
  58.5	2
  59.5	11
  60.5	4
  61.5	3
  62.5	7
  63.5	3
  64.5	6
  65.5	2
  66.5	7
  67.5	7.5
  68.5	5
  69.5	7
  70.5	1.5
  71.5	5.5
  72.5	7
  73.5	5
  74.5	2.5
  75.5	6
  76.5	4
  77.5	7
  78.5	6
  79.5	8.5
  80.5	7
  81.5	2
  82.5	6.5
  83.5	3
  84.5	8
  85.5	4
  86.5	5
  87.5	3
  88.5	3
  89.5	2
  90.5	5
  91.5	8
  92.5	3
  93.5	7
  94.5	4
  95.5	5
  96.5	4.5
  97.5	1
  98.5	2
  99.5	4.5
 100.5	2
 101.5	2
 102.5	5
 103.5	5
 104.5	2
 105.5	1
 106.5	8
 107.5	6
 108.5	5
 109.5	4
 110.5	5
 111.5	5
 112.5	2
 113.5	1
 114.5	6
 115.5	2
 116.5	3
 117.5	6
 118.5	9
 119.5	5
 120.5	3
 121.5	2
 122.5	1
 123.5	4
 124.5	2
 125.5	4.5
 126.5	5
 127.5	3
 128.5	4.5
 129.5	3
 130.5	5
 131.5	2
 132.5	1
 133.5	3
 134.5	5
 135.5	5
 136.5	2
 137.5	2
 138.5	2
 139.5	4
 140.5	2
 141.5	5
 142.5	1
 143.5	2
 144.5	2
 145.5	4
 146.5	2
 147.5	1
 148.5	3
 149.5	1
 150.5	0
 151.5	4
 152.5	3
 153.5	2
 154.5	4
 155.5	2
 156.5	3
 157.5	2
 158.5	4
 159.5	2
 160.5	3
 161.5	6
 162.5	2
 163.5	2
 164.5	1
 165.5	5
 166.5	5
 167.5	4
 168.5	0
 169.5	0
 170.5	2
 171.5	4
 172.5	1
 173.5	4
 174.5	1
 175.5	3
 176.5	4
 177.5	0
 178.5	7
 179.5	4
 180.5	6
 181.5	3
 182.5	4
 183.5	4
 184.5	3
 185.5	3
 186.5	3
 187.5	3
 188.5	6
 189.5	4
 190.5	2
 191.5	4
 192.5	4
 193.5	6
 194.5	1
 195.5	4
 196.5	7
 197.5	6
 198.5	1
 199.5	2
 200.5	3
 201.5	8
 202.5	2
 203.5	3
 204.5	5.5
 205.5	2
 206.5	3
 207.5	1.5
 208.5	8
 209.5	6.5
 210.5	5
 211.5	3
 212.5	1.5
 213.5	3
 214.5	3
 215.5	1
 216.5	3
 217.5	1
 218.5	5
 219.5	2
 220.5	0
 221.5	4
 222.5	2
 223.5	6
 224.5	2
 225.5	2
 226.5	2
 227.5	7
 228.5	6
 229.5	3
DB 2 MOTIF	MTF1_HUMAN.H11MO.0.C
-226.5	12
-225.5	17
-224.5	8
-223.5	6
-222.5	7
-221.5	6
-220.5	11
-219.5	11
-218.5	7
-217.5	13
-216.5	12
-215.5	15
-214.5	11
-213.5	7
-212.5	7
-211.5	5
-210.5	15
-209.5	9
-208.5	9
-207.5	10
-206.5	6
-205.5	11
-204.5	10
-203.5	5
-202.5	10
-201.5	6
-200.5	9
-199.5	10
-198.5	13
-197.5	5
-196.5	13
-195.5	8
-194.5	3
-193.5	11
-192.5	4
-191.5	6
-190.5	6
-189.5	4
-188.5	5
-187.5	5
-186.5	10
-185.5	10
-184.5	4
-183.5	11
-182.5	8
-181.5	10
-180.5	10
-179.5	4
-178.5	12
-177.5	4
-176.5	5
-175.5	5
-174.5	8
-173.5	3
-172.5	8
-171.5	7
-170.5	9
-169.5	3
-168.5	5
-167.5	7
-166.5	8
-165.5	5
-164.5	8
-163.5	5
-162.5	8
-161.5	7
-160.5	7
-159.5	6
-158.5	12
-157.5	5
-156.5	2
-155.5	6
-154.5	8
-153.5	9.5
-152.5	13.5
-151.5	6
-150.5	9.5
-149.5	6
-148.5	7
-147.5	8
-146.5	11
-145.5	10
-144.5	2
-143.5	4
-142.5	10
-141.5	10
-140.5	15
-139.5	14
-138.5	6
-137.5	4
-136.5	6
-135.5	8
-134.5	5
-133.5	3
-132.5	4
-131.5	10
-130.5	14
-129.5	7
-128.5	6
-127.5	4
-126.5	6
-125.5	7
-124.5	9
-123.5	11
-122.5	6
-121.5	12
-120.5	6.5
-119.5	9
-118.5	6
-117.5	8
-116.5	11
-115.5	10
-114.5	10
-113.5	7
-112.5	11
-111.5	12
-110.5	6
-109.5	10
-108.5	8
-107.5	10
-106.5	6
-105.5	12.5
-104.5	9
-103.5	9
-102.5	8
-101.5	10
-100.5	13
 -99.5	10
 -98.5	12.5
 -97.5	4.33333
 -96.5	11
 -95.5	12
 -94.5	12
 -93.5	9
 -92.5	12
 -91.5	7
 -90.5	12
 -89.5	19.5
 -88.5	7
 -87.5	6
 -86.5	8
 -85.5	5.5
 -84.5	12
 -83.5	16
 -82.5	4
 -81.5	4
 -80.5	9
 -79.5	11
 -78.5	11
 -77.5	7
 -76.5	14
 -75.5	10
 -74.5	6
 -73.5	12
 -72.5	9
 -71.5	3
 -70.5	10
 -69.5	14
 -68.5	17
 -67.5	8
 -66.5	14
 -65.5	6
 -64.5	12
 -63.5	11
 -62.5	14
 -61.5	10
 -60.5	10
 -59.5	11
 -58.5	5
 -57.5	8
 -56.5	10
 -55.5	9
 -54.5	12
 -53.5	17
 -52.5	11
 -51.5	13
 -50.5	5
 -49.5	7
 -48.5	13
 -47.5	7
 -46.5	9
 -45.5	4
 -44.5	7
 -43.5	8
 -42.5	10
 -41.5	13
 -40.5	6
 -39.5	8
 -38.5	9
 -37.5	17
 -36.5	3
 -35.5	8
 -34.5	15
 -33.5	10
 -32.5	7
 -31.5	11
 -30.5	9
 -29.5	10
 -28.5	7
 -27.5	8
 -26.5	8
 -25.5	10
 -24.5	15
 -23.5	11
 -22.5	12
 -21.5	14
 -20.5	11
 -19.5	8
 -18.5	10
 -17.5	11
 -16.5	7
 -15.5	9
 -14.5	8
 -13.5	7
 -12.5	12
 -11.5	9
 -10.5	9
  -9.5	13
  -8.5	9
  -7.5	12.5
  -6.5	6
  -5.5	13
  -4.5	9
  -3.5	9
  -2.5	10
  -1.5	9
  -0.5	10
   0.5	9.5
   1.5	11
   2.5	8
   3.5	8
   4.5	8
   5.5	9
   6.5	10
   7.5	12
   8.5	7
   9.5	11
  10.5	11
  11.5	2
  12.5	7
  13.5	7
  14.5	6
  15.5	9
  16.5	9
  17.5	3
  18.5	8
  19.5	12
  20.5	4
  21.5	7
  22.5	17
  23.5	10
  24.5	9
  25.5	9
  26.5	14
  27.5	10
  28.5	9
  29.5	14
  30.5	5
  31.5	3
  32.5	7
  33.5	7
  34.5	12
  35.5	10
  36.5	12
  37.5	7
  38.5	6
  39.5	9
  40.5	11
  41.5	5
  42.5	13
  43.5	17
  44.5	15
  45.5	14
  46.5	5
  47.5	10
  48.5	12
  49.5	8
  50.5	4
  51.5	8
  52.5	5
  53.5	11
  54.5	14
  55.5	10.5
  56.5	12
  57.5	7
  58.5	9
  59.5	13
  60.5	11.5
  61.5	8
  62.5	8
  63.5	13
  64.5	14
  65.5	9
  66.5	8
  67.5	12
  68.5	7
  69.5	12
  70.5	9
  71.5	10
  72.5	12
  73.5	12
  74.5	9
  75.5	11
  76.5	7
  77.5	8
  78.5	17
  79.5	10
  80.5	10
  81.5	7
  82.5	12
  83.5	8
  84.5	9
  85.5	8
  86.5	13
  87.5	9
  88.5	6
  89.5	9.5
  90.5	8
  91.5	13
  92.5	8.33333
  93.5	8
  94.5	4
  95.5	10
  96.5	9
  97.5	10
  98.5	9
  99.5	10
 100.5	7
 101.5	11
 102.5	6
 103.5	14
 104.5	10
 105.5	13
 106.5	16
 107.5	8
 108.5	9
 109.5	6
 110.5	5
 111.5	10
 112.5	5
 113.5	6
 114.5	13
 115.5	10
 116.5	9
 117.5	11
 118.5	4
 119.5	8
 120.5	9
 121.5	10
 122.5	13
 123.5	14
 124.5	9
 125.5	7
 126.5	11
 127.5	9
 128.5	7
 129.5	6
 130.5	11
 131.5	4
 132.5	13
 133.5	12
 134.5	8
 135.5	9
 136.5	6
 137.5	10
 138.5	7
 139.5	9
 140.5	7
 141.5	5
 142.5	8
 143.5	11
 144.5	8
 145.5	6.5
 146.5	6
 147.5	6
 148.5	13
 149.5	6
 150.5	11
 151.5	11
 152.5	6
 153.5	7
 154.5	12
 155.5	11
 156.5	10
 157.5	4
 158.5	11
 159.5	4
 160.5	10
 161.5	12
 162.5	9
 163.5	10.5
 164.5	11
 165.5	15
 166.5	6
 167.5	3
 168.5	14
 169.5	9
 170.5	14.5
 171.5	8
 172.5	11
 173.5	7
 174.5	14
 175.5	13
 176.5	5
 177.5	5
 178.5	3
 179.5	16
 180.5	9
 181.5	10
 182.5	3
 183.5	14
 184.5	9
 185.5	7
 186.5	5
 187.5	8
 188.5	10
 189.5	10
 190.5	10
 191.5	10
 192.5	10
 193.5	9
 194.5	8
 195.5	7
 196.5	12
 197.5	9
 198.5	12
 199.5	10
 200.5	8
 201.5	8
 202.5	7
 203.5	8
 204.5	8
 205.5	10
 206.5	11
 207.5	3
 208.5	8.5
 209.5	6
 210.5	10
 211.5	8
 212.5	8
 213.5	6
 214.5	10
 215.5	9
 216.5	4
 217.5	10
 218.5	3
 219.5	7.33333
 220.5	5
 221.5	9
 222.5	9.5
 223.5	12
 224.5	10
 225.5	7
 226.5	4
DB 2 MOTIF	MXI1_HUMAN.H11MO.0.A
-227.5	42
-226.5	31
-225.5	34
-224.5	41.5
-223.5	32
-222.5	38
-221.5	27
-220.5	33
-219.5	25
-218.5	33
-217.5	41
-216.5	32
-215.5	29
-214.5	37
-213.5	29
-212.5	21
-211.5	32.5
-210.5	25
-209.5	23
-208.5	28.5
-207.5	34
-206.5	33
-205.5	27.5
-204.5	32
-203.5	28.5
-202.5	34
-201.5	25
-200.5	27
-199.5	33
-198.5	27
-197.5	23
-196.5	35
-195.5	32
-194.5	40.3333
-193.5	33
-192.5	36
-191.5	38
-190.5	31
-189.5	32
-188.5	25
-187.5	28.5
-186.5	30.5
-185.5	32
-184.5	31
-183.5	16
-182.5	39
-181.5	29
-180.5	36.5
-179.5	23
-178.5	17
-177.5	26.5
-176.5	23
-175.5	29
-174.5	31
-173.5	26
-172.5	27
-171.5	31
-170.5	41
-169.5	27
-168.5	23
-167.5	24
-166.5	32
-165.5	33
-164.5	28
-163.5	25.5
-162.5	28
-161.5	27
-160.5	19
-159.5	31.5
-158.5	18
-157.5	31
-156.5	32.5
-155.5	27
-154.5	29
-153.5	24
-152.5	21
-151.5	34.5
-150.5	31
-149.5	33
-148.5	25
-147.5	19
-146.5	38
-145.5	30.5
-144.5	26
-143.5	30.5
-142.5	24
-141.5	29
-140.5	24
-139.5	27
-138.5	17
-137.5	23.5
-136.5	25
-135.5	30.5
-134.5	23
-133.5	35
-132.5	31
-131.5	30.5
-130.5	29
-129.5	35.3333
-128.5	28.5
-127.5	29
-126.5	20
-125.5	31
-124.5	35.5
-123.5	37
-122.5	21
-121.5	36
-120.5	32.5
-119.5	32
-118.5	19
-117.5	33
-116.5	35
-115.5	23
-114.5	40
-113.5	34.5
-112.5	29.5
-111.5	32.5
-110.5	33.5
-109.5	34
-108.5	34
-107.5	23
-106.5	21
-105.5	36
-104.5	24
-103.5	30
-102.5	35
-101.5	31
-100.5	26.5
 -99.5	25
 -98.5	32
 -97.5	42
 -96.5	34
 -95.5	31
 -94.5	40
 -93.5	25
 -92.5	31
 -91.5	33
 -90.5	24
 -89.5	28
 -88.5	36
 -87.5	25
 -86.5	26
 -85.5	30
 -84.5	41.5
 -83.5	18.5
 -82.5	33
 -81.5	35
 -80.5	30
 -79.5	28
 -78.5	19.5
 -77.5	37
 -76.5	36
 -75.5	32
 -74.5	26
 -73.5	38
 -72.5	22
 -71.5	28
 -70.5	32.5
 -69.5	30
 -68.5	28
 -67.5	32
 -66.5	32
 -65.5	36
 -64.5	24.3333
 -63.5	37
 -62.5	33
 -61.5	37
 -60.5	33
 -59.5	41
 -58.5	26
 -57.5	39
 -56.5	19.5
 -55.5	34
 -54.5	28
 -53.5	34.5
 -52.5	45
 -51.5	32
 -50.5	44
 -49.5	26
 -48.5	34.5
 -47.5	32.5
 -46.5	34.5
 -45.5	26
 -44.5	38
 -43.5	31
 -42.5	25
 -41.5	37.5
 -40.5	36.5
 -39.5	41
 -38.5	26
 -37.5	33.5
 -36.5	34.5
 -35.5	29
 -34.5	36
 -33.5	42.5
 -32.5	48
 -31.5	37.5
 -30.5	44
 -29.5	50
 -28.5	23.5
 -27.5	27
 -26.5	27
 -25.5	36
 -24.5	49
 -23.5	25.5
 -22.5	45
 -21.5	35
 -20.5	41.5
 -19.5	39
 -18.5	28
 -17.5	38
 -16.5	32
 -15.5	28
 -14.5	41.5
 -13.5	44.5
 -12.5	38
 -11.5	39
 -10.5	41.5
  -9.5	41
  -8.5	29
  -7.5	18.5
  -6.5	33
  -5.5	38.5
  -4.5	42.5
  -3.5	32.5
  -2.5	37
  -1.5	31
  -0.5	40.5
   0.5	37.5
   1.5	35
   2.5	24
   3.5	37
   4.5	38
   5.5	28
   6.5	38
   7.5	39
   8.5	44.5
   9.5	39
  10.5	38
  11.5	35
  12.5	46
  13.5	28
  14.5	40.5
  15.5	39.5
  16.5	39
  17.5	36
  18.5	28
  19.5	40
  20.5	38.5
  21.5	45.5
  22.5	22
  23.5	30
  24.5	37
  25.5	34
  26.5	24
  27.5	27.5
  28.5	43
  29.5	41
  30.5	36
  31.5	35
  32.5	38
  33.5	32.5
  34.5	34
  35.5	32
  36.5	25
  37.5	32.3333
  38.5	40
  39.5	26
  40.5	23.5
  41.5	33
  42.5	38
  43.5	37
  44.5	39
  45.5	28.5
  46.5	40.5
  47.5	40
  48.5	32
  49.5	27.5
  50.5	30
  51.5	23
  52.5	35
  53.5	35
  54.5	33
  55.5	23
  56.5	34.5
  57.5	40
  58.5	38
  59.5	33
  60.5	34
  61.5	30.5
  62.5	28
  63.5	36
  64.5	30
  65.5	37
  66.5	31
  67.5	30
  68.5	23
  69.5	32.5
  70.5	28.5
  71.5	27
  72.5	43
  73.5	39
  74.5	26
  75.5	34.3333
  76.5	23
  77.5	26
  78.5	32
  79.5	34
  80.5	36
  81.5	29
  82.5	22.3333
  83.5	32
  84.5	32.5
  85.5	19.5
  86.5	39
  87.5	25
  88.5	31
  89.5	33.5
  90.5	23
  91.5	35
  92.5	27
  93.5	30
  94.5	35.5
  95.5	38
  96.5	22
  97.5	27
  98.5	29
  99.5	39
 100.5	36.5
 101.5	25
 102.5	25.5
 103.5	29
 104.5	35
 105.5	26
 106.5	27
 107.5	28
 108.5	39
 109.5	22
 110.5	25
 111.5	24
 112.5	29
 113.5	28
 114.5	26
 115.5	36
 116.5	21
 117.5	33
 118.5	25
 119.5	31
 120.5	31
 121.5	31
 122.5	31
 123.5	32
 124.5	31
 125.5	31.5
 126.5	22
 127.5	27.5
 128.5	38
 129.5	31.5
 130.5	26
 131.5	29
 132.5	37.5
 133.5	25
 134.5	20
 135.5	24
 136.5	24
 137.5	29
 138.5	25.5
 139.5	31
 140.5	25
 141.5	27.5
 142.5	29
 143.5	24
 144.5	23
 145.5	28
 146.5	26
 147.5	26
 148.5	19
 149.5	33
 150.5	34
 151.5	23
 152.5	28
 153.5	33
 154.5	20
 155.5	33
 156.5	33.5
 157.5	18
 158.5	20
 159.5	28
 160.5	22
 161.5	22
 162.5	28
 163.5	29.5
 164.5	30
 165.5	31
 166.5	31
 167.5	25
 168.5	21
 169.5	29
 170.5	27
 171.5	36
 172.5	24.5
 173.5	39.5
 174.5	32
 175.5	30
 176.5	23
 177.5	25
 178.5	35
 179.5	28
 180.5	26
 181.5	31
 182.5	24
 183.5	31
 184.5	32
 185.5	25
 186.5	17
 187.5	38
 188.5	27
 189.5	23
 190.5	29
 191.5	23
 192.5	27
 193.5	28.5
 194.5	23.5
 195.5	33.5
 196.5	31.5
 197.5	29.5
 198.5	28
 199.5	39
 200.5	35
 201.5	27
 202.5	27.5
 203.5	29
 204.5	27
 205.5	18.5
 206.5	29
 207.5	29
 208.5	17
 209.5	28
 210.5	27.5
 211.5	27.5
 212.5	19
 213.5	33
 214.5	35
 215.5	25
 216.5	19
 217.5	36
 218.5	36
 219.5	27
 220.5	31.5
 221.5	30
 222.5	32
 223.5	31
 224.5	29
 225.5	35
 226.5	28
 227.5	36
DB 2 MOTIF	MXI1_HUMAN.H11MO.1.A
-229.5	41
-228.5	28
-227.5	30.5
-226.5	23.5
-225.5	34
-224.5	45
-223.5	18
-222.5	31
-221.5	33.5
-220.5	44
-219.5	37
-218.5	48
-217.5	31.5
-216.5	36.5
-215.5	34.5
-214.5	39
-213.5	31
-212.5	33
-211.5	31
-210.5	46
-209.5	28.5
-208.5	28
-207.5	29
-206.5	26.8333
-205.5	33.5
-204.5	30
-203.5	37
-202.5	29.5
-201.5	30.5
-200.5	28
-199.5	37
-198.5	40
-197.5	23
-196.5	36
-195.5	31
-194.5	28
-193.5	38
-192.5	30.5
-191.5	29.3333
-190.5	36
-189.5	27.5
-188.5	38
-187.5	37
-186.5	46
-185.5	36
-184.5	30.5
-183.5	30
-182.5	25
-181.5	29
-180.5	22
-179.5	30
-178.5	36
-177.5	38.5
-176.5	28.5
-175.5	30
-174.5	31
-173.5	27.3333
-172.5	29.3333
-171.5	27
-170.5	35
-169.5	32
-168.5	23
-167.5	29
-166.5	23.5
-165.5	32
-164.5	38
-163.5	26
-162.5	30
-161.5	32
-160.5	37
-159.5	30
-158.5	21
-157.5	29.5
-156.5	29
-155.5	40.5
-154.5	39.5
-153.5	30
-152.5	34
-151.5	30
-150.5	34
-149.5	36
-148.5	26
-147.5	27
-146.5	36
-145.5	32
-144.5	26.3333
-143.5	34.3333
-142.5	37.5
-141.5	40
-140.5	26.5
-139.5	27
-138.5	29
-137.5	25
-136.5	32
-135.5	31
-134.5	29
-133.5	26
-132.5	24
-131.5	38
-130.5	26
-129.5	32.5
-128.5	25
-127.5	24
-126.5	35.3333
-125.5	32
-124.5	36.3333
-123.5	28
-122.5	28
-121.5	36
-120.5	35
-119.5	31
-118.5	30.8333
-117.5	34
-116.5	30.3333
-115.5	23.5
-114.5	23
-113.5	34
-112.5	48.5
-111.5	29
-110.5	44
-109.5	23
-108.5	23.3333
-107.5	32.5
-106.5	39.5
-105.5	40
-104.5	37
-103.5	35
-102.5	35
-101.5	31
-100.5	27
 -99.5	41.5
 -98.5	37
 -97.5	33
 -96.5	32
 -95.5	25
 -94.5	28
 -93.5	29
 -92.5	37
 -91.5	30.5
 -90.5	25
 -89.5	28
 -88.5	28.5
 -87.5	33.5
 -86.5	32
 -85.5	32
 -84.5	19
 -83.5	30
 -82.5	32
 -81.5	39.5
 -80.5	44
 -79.5	30
 -78.5	31.3333
 -77.5	36
 -76.5	37
 -75.5	37
 -74.5	31
 -73.5	31
 -72.5	39
 -71.5	30
 -70.5	25
 -69.5	21.5
 -68.5	32.5
 -67.5	35.5
 -66.5	31
 -65.5	44
 -64.5	39
 -63.5	40.5
 -62.5	27
 -61.5	38.3333
 -60.5	35
 -59.5	40.5
 -58.5	32.5
 -57.5	30.5
 -56.5	31.3333
 -55.5	34
 -54.5	33
 -53.5	36
 -52.5	30.3333
 -51.5	43.5
 -50.5	34.5
 -49.5	36
 -48.5	30.5
 -47.5	35
 -46.5	37.5
 -45.5	29
 -44.5	39
 -43.5	24
 -42.5	32.5
 -41.5	31.5
 -40.5	43
 -39.5	28
 -38.5	40.3333
 -37.5	41
 -36.5	35.5
 -35.5	40
 -34.5	38
 -33.5	51
 -32.5	27.5
 -31.5	35.5
 -30.5	39
 -29.5	32.5
 -28.5	49
 -27.5	43
 -26.5	45
 -25.5	42
 -24.5	39.5
 -23.5	30
 -22.5	31
 -21.5	44
 -20.5	34
 -19.5	32.3333
 -18.5	38.3333
 -17.5	45
 -16.5	34.5
 -15.5	28
 -14.5	50.5
 -13.5	48
 -12.5	29
 -11.5	29.5
 -10.5	35
  -9.5	32.5
  -8.5	38.5
  -7.5	36.5
  -6.5	34
  -5.5	38
  -4.5	37.5
  -3.5	44
  -2.5	36
  -1.5	33
  -0.5	37
   0.5	30.5
   1.5	41
   2.5	48.5
   3.5	32.5
   4.5	30.5
   5.5	38
   6.5	31
   7.5	51
   8.5	32
   9.5	32
  10.5	29.5
  11.5	48
  12.5	39.5
  13.5	31.5
  14.5	40.5
  15.5	43.5
  16.5	46.5
  17.5	33
  18.5	33
  19.5	30.5
  20.5	47
  21.5	40
  22.5	30.5
  23.5	21
  24.5	39.5
  25.5	35.5
  26.5	31.5
  27.5	41.5
  28.5	33
  29.5	36
  30.5	40
  31.5	45
  32.5	40
  33.5	30
  34.5	42
  35.5	38
  36.5	29.5
  37.5	28.5
  38.5	33
  39.5	33
  40.5	37.5
  41.5	28.5
  42.5	35
  43.5	42.5
  44.5	22
  45.5	28
  46.5	29
  47.5	29
  48.5	28
  49.5	34
  50.5	28
  51.5	34
  52.5	37
  53.5	36
  54.5	30
  55.5	40
  56.5	35
  57.5	28
  58.5	37
  59.5	26
  60.5	34
  61.5	35.5
  62.5	33
  63.5	35
  64.5	25
  65.5	35
  66.5	37
  67.5	33
  68.5	36
  69.5	33.5
  70.5	49
  71.5	27
  72.5	31.5
  73.5	32.5
  74.5	33
  75.5	31
  76.5	34
  77.5	24
  78.5	29
  79.5	34
  80.5	38
  81.5	27
  82.5	37.5
  83.5	41
  84.5	36
  85.5	25
  86.5	25.5
  87.5	33
  88.5	43.5
  89.5	31.5
  90.5	28.5
  91.5	32
  92.5	40
  93.5	30
  94.5	31
  95.5	35
  96.5	36
  97.5	39.5
  98.5	32.5
  99.5	31
 100.5	36
 101.5	23
 102.5	41.5
 103.5	38
 104.5	36
 105.5	27
 106.5	25.5
 107.5	30.5
 108.5	42
 109.5	34
 110.5	24
 111.5	36
 112.5	28
 113.5	28.5
 114.5	32
 115.5	30
 116.5	29
 117.5	29
 118.5	35.5
 119.5	38
 120.5	36
 121.5	24
 122.5	29
 123.5	25
 124.5	40
 125.5	30.5
 126.5	35
 127.5	30.8333
 128.5	44.5
 129.5	25.5
 130.5	31
 131.5	31
 132.5	39
 133.5	28
 134.5	33
 135.5	27
 136.5	40
 137.5	26.3333
 138.5	30
 139.5	28.5
 140.5	29
 141.5	28.5
 142.5	34
 143.5	33
 144.5	26
 145.5	34
 146.5	29
 147.5	27
 148.5	29.5
 149.5	27
 150.5	30
 151.5	34
 152.5	34
 153.5	32
 154.5	34
 155.5	39
 156.5	33
 157.5	25
 158.5	22.5
 159.5	38
 160.5	30.5
 161.5	40
 162.5	25
 163.5	19
 164.5	33
 165.5	29
 166.5	29
 167.5	32
 168.5	26.5
 169.5	25
 170.5	36
 171.5	35
 172.5	27
 173.5	28
 174.5	33
 175.5	22.5
 176.5	28
 177.5	43.5
 178.5	20
 179.5	33
 180.5	27
 181.5	29
 182.5	44
 183.5	30
 184.5	35.5
 185.5	29.5
 186.5	30
 187.5	41
 188.5	26
 189.5	28
 190.5	43.5
 191.5	40.8333
 192.5	30.5
 193.5	36
 194.5	32
 195.5	33
 196.5	36.5
 197.5	34
 198.5	35
 199.5	41
 200.5	46
 201.5	35.5
 202.5	34.5
 203.5	41.5
 204.5	44.5
 205.5	30
 206.5	25.5
 207.5	29
 208.5	34
 209.5	28
 210.5	36
 211.5	34
 212.5	27
 213.5	27
 214.5	37
 215.5	34
 216.5	25.5
 217.5	31
 218.5	21.5
 219.5	33
 220.5	33
 221.5	37.5
 222.5	21
 223.5	26
 224.5	30.5
 225.5	31
 226.5	30
 227.5	50.5
 228.5	46
 229.5	36.5
DB 2 MOTIF	MYCN_HUMAN.H11MO.0.A
-229.0	36
-228.0	22
-227.0	23
-226.0	24.5
-225.0	21
-224.0	27
-223.0	23.1667
-222.0	22
-221.0	29
-220.0	19
-219.0	35
-218.0	19
-217.0	34
-216.0	24
-215.0	32
-214.0	26
-213.0	29
-212.0	23
-211.0	22
-210.0	28
-209.0	15
-208.0	29
-207.0	22.1667
-206.0	30
-205.0	28
-204.0	27
-203.0	19
-202.0	30
-201.0	21
-200.0	22
-199.0	32.5
-198.0	29
-197.0	23.5
-196.0	30
-195.0	24
-194.0	22
-193.0	22
-192.0	25
-191.0	25
-190.0	25.5
-189.0	24
-188.0	31
-187.0	25
-186.0	26
-185.0	20.1667
-184.0	16
-183.0	29
-182.0	22
-181.0	32
-180.0	16
-179.0	23
-178.0	25
-177.0	28
-176.0	26
-175.0	25
-174.0	26.5
-173.0	23.3333
-172.0	19
-171.0	23
-170.0	33
-169.0	31
-168.0	16
-167.0	24
-166.0	24
-165.0	28.5
-164.0	21
-163.0	23.5
-162.0	28
-161.0	17
-160.0	21
-159.0	23.5
-158.0	29
-157.0	17
-156.0	21.5
-155.0	20
-154.0	23
-153.0	24
-152.0	30
-151.0	25
-150.0	26.5
-149.0	14.5
-148.0	24
-147.0	19
-146.0	16
-145.0	30
-144.0	18
-143.0	28
-142.0	22
-141.0	20.5
-140.0	21
-139.0	23
-138.0	26
-137.0	26
-136.0	29
-135.0	27
-134.0	14
-133.0	20
-132.0	25
-131.0	23.5
-130.0	20
-129.0	22
-128.0	21
-127.0	28.5
-126.0	19
-125.0	31.5
-124.0	27
-123.0	26
-122.0	25
-121.0	34
-120.0	25.5
-119.0	28.3333
-118.0	26.5
-117.0	34
-116.0	28
-115.0	25
-114.0	22
-113.0	31
-112.0	17.5
-111.0	26
-110.0	23
-109.0	29.3333
-108.0	28
-107.0	29
-106.0	27.5
-105.0	28
-104.0	21.5
-103.0	33.1667
-102.0	24
-101.0	25
-100.0	26
 -99.0	25
 -98.0	24
 -97.0	29
 -96.0	19
 -95.0	34
 -94.0	26.5
 -93.0	24.5
 -92.0	29
 -91.0	27
 -90.0	30
 -89.0	19
 -88.0	28
 -87.0	19.1667
 -86.0	15.5
 -85.0	27
 -84.0	29.5
 -83.0	26.5
 -82.0	28
 -81.0	27.5
 -80.0	23
 -79.0	25.5
 -78.0	27.5
 -77.0	27.5
 -76.0	26
 -75.0	29
 -74.0	34
 -73.0	20
 -72.0	21
 -71.0	22
 -70.0	31
 -69.0	23.5
 -68.0	25
 -67.0	26
 -66.0	32
 -65.0	28.1667
 -64.0	32
 -63.0	29
 -62.0	28.5
 -61.0	28.5
 -60.0	37
 -59.0	30
 -58.0	28
 -57.0	29.5
 -56.0	35
 -55.0	32
 -54.0	20
 -53.0	30.5
 -52.0	33
 -51.0	31
 -50.0	32.5
 -49.0	33.5
 -48.0	21
 -47.0	32
 -46.0	20
 -45.0	26
 -44.0	33
 -43.0	25
 -42.0	24
 -41.0	25
 -40.0	28
 -39.0	18
 -38.0	41
 -37.0	32
 -36.0	39
 -35.0	21
 -34.0	32
 -33.0	31
 -32.0	21
 -31.0	42
 -30.0	30
 -29.0	32.5
 -28.0	32.5
 -27.0	29
 -26.0	44
 -25.0	38
 -24.0	26
 -23.0	38
 -22.0	28
 -21.0	43
 -20.0	26
 -19.0	32
 -18.0	48
 -17.0	42.5
 -16.0	33
 -15.0	32
 -14.0	45
 -13.0	31
 -12.0	17
 -11.0	32
 -10.0	34.5
  -9.0	26
  -8.0	35
  -7.0	31
  -6.0	30
  -5.0	37.5
  -4.0	37
  -3.0	34.5
  -2.0	22.5
  -1.0	36
   0.0	28.5
   1.0	34
   2.0	28
   3.0	33
   4.0	19
   5.0	33
   6.0	32.5
   7.0	34
   8.0	36
   9.0	35
  10.0	37
  11.0	42
  12.0	41
  13.0	22
  14.0	36
  15.0	34
  16.0	39
  17.0	32
  18.0	31
  19.0	35
  20.0	39.5
  21.0	35
  22.0	25.5
  23.0	25
  24.0	30
  25.0	32
  26.0	20.5
  27.0	32.5
  28.0	33
  29.0	30
  30.0	25
  31.0	27
  32.0	34
  33.0	33
  34.0	25
  35.0	36
  36.0	37
  37.0	21
  38.0	25
  39.0	25
  40.0	32
  41.0	33
  42.0	28
  43.0	28
  44.0	33
  45.0	26
  46.0	30
  47.0	22
  48.0	32
  49.0	23.5
  50.0	33
  51.0	28
  52.0	26
  53.0	18.5
  54.0	31
  55.0	22
  56.0	24
  57.0	37
  58.0	32
  59.0	24
  60.0	21
  61.0	32.5
  62.0	36
  63.0	31
  64.0	27.5
  65.0	23
  66.0	34.5
  67.0	27
  68.0	33
  69.0	27
  70.0	28.5
  71.0	35
  72.0	16
  73.0	28
  74.0	25.5
  75.0	24.5
  76.0	28.1429
  77.0	26
  78.0	26
  79.0	24
  80.0	31.5
  81.0	39
  82.0	25
  83.0	40
  84.0	33
  85.0	19.5
  86.0	18
  87.0	27
  88.0	30
  89.0	19
  90.0	22.6429
  91.0	22.5
  92.0	29.5
  93.0	23.5
  94.0	20
  95.0	30.5
  96.0	30
  97.0	33.5
  98.0	32
  99.0	27.5
 100.0	29
 101.0	29
 102.0	20
 103.0	25.5
 104.0	26.1429
 105.0	34
 106.0	18
 107.0	27
 108.0	39
 109.0	26
 110.0	25.5
 111.0	20
 112.0	31
 113.0	25.5
 114.0	14
 115.0	21
 116.0	25
 117.0	25
 118.0	24.1429
 119.0	25.5
 120.0	24
 121.0	21
 122.0	40.5
 123.0	24
 124.0	22.5
 125.0	26
 126.0	24
 127.0	34
 128.0	29.3333
 129.0	27.5
 130.0	21
 131.0	24
 132.0	25.1429
 133.0	14
 134.0	19
 135.0	21
 136.0	31
 137.0	29
 138.0	28.3333
 139.0	19.5
 140.0	19
 141.0	26.5
 142.0	25
 143.0	28
 144.0	25.5
 145.0	20
 146.0	28.1429
 147.0	25
 148.0	23.5
 149.0	25
 150.0	23
 151.0	23
 152.0	32.5
 153.0	33
 154.0	27
 155.0	22
 156.0	25
 157.0	19
 158.0	16
 159.0	22
 160.0	25.1429
 161.0	27
 162.0	27
 163.0	23
 164.0	23
 165.0	20
 166.0	24
 167.0	18
 168.0	30
 169.0	24
 170.0	27
 171.0	31
 172.0	26.5
 173.0	13
 174.0	20.5
 175.0	26
 176.0	17
 177.0	27
 178.0	15
 179.0	22
 180.0	27
 181.0	30
 182.0	26
 183.0	32.5
 184.0	19
 185.0	20
 186.0	20.5
 187.0	28
 188.0	21
 189.0	15
 190.0	18.5
 191.0	24
 192.0	26.3333
 193.0	17
 194.0	25.5
 195.0	34.5
 196.0	22
 197.0	24
 198.0	13
 199.0	25
 200.0	23
 201.0	27
 202.0	18
 203.0	39
 204.0	22.5
 205.0	26
 206.0	28
 207.0	23
 208.0	29
 209.0	13
 210.0	30.5
 211.0	32
 212.0	25
 213.0	21
 214.0	21
 215.0	24
 216.0	17
 217.0	30
 218.0	26.5
 219.0	22.5
 220.0	24
 221.0	25.5
 222.0	25
 223.0	17
 224.0	24
 225.0	23
 226.0	22
 227.0	29
 228.0	32
 229.0	24
DB 2 MOTIF	MYC_HUMAN.H11MO.0.A
-229.5	21
-228.5	28
-227.5	21.5
-226.5	20.5
-225.5	22
-224.5	31
-223.5	17
-222.5	21
-221.5	22.5
-220.5	22
-219.5	22.5
-218.5	39
-217.5	21
-216.5	26
-215.5	28
-214.5	30
-213.5	26
-212.5	28
-211.5	28
-210.5	29.5
-209.5	20
-208.5	28
-207.5	15
-206.5	27
-205.5	26.5
-204.5	18.5
-203.5	34
-202.5	18.5
-201.5	26
-200.5	23
-199.5	25.5
-198.5	29
-197.5	18
-196.5	20.5
-195.5	32
-194.5	21.5
-193.5	21
-192.5	18
-191.5	26
-190.5	32
-189.5	28
-188.5	24
-187.5	15
-186.5	30
-185.5	26.5
-184.5	20.5
-183.5	19
-182.5	24
-181.5	26
-180.5	22.5
-179.5	14.5
-178.5	29.5
-177.5	23
-176.5	24
-175.5	22
-174.5	19
-173.5	28
-172.5	20
-171.5	24.5
-170.5	27.5
-169.5	23.5
-168.5	22.5
-167.5	26.5
-166.5	23
-165.5	24
-164.5	21.5
-163.5	19
-162.5	24
-161.5	17
-160.5	24
-159.5	22
-158.5	25
-157.5	16
-156.5	22
-155.5	29
-154.5	27
-153.5	25
-152.5	24
-151.5	25
-150.5	19
-149.5	29
-148.5	20
-147.5	31
-146.5	19
-145.5	21
-144.5	17
-143.5	25
-142.5	34
-141.5	24
-140.5	25.5
-139.5	23
-138.5	20
-137.5	26
-136.5	21
-135.5	27.5
-134.5	16.5
-133.5	24
-132.5	27
-131.5	29
-130.5	19.5
-129.5	22
-128.5	17
-127.5	16
-126.5	21
-125.5	30
-124.5	26
-123.5	19
-122.5	13
-121.5	30
-120.5	29
-119.5	31
-118.5	29
-117.5	19
-116.5	24
-115.5	22
-114.5	21
-113.5	21
-112.5	26
-111.5	21
-110.5	23
-109.5	23
-108.5	16.5
-107.5	30.5
-106.5	26.5
-105.5	36
-104.5	24
-103.5	29.5
-102.5	20
-101.5	24
-100.5	20
 -99.5	34
 -98.5	21
 -97.5	22
 -96.5	29
 -95.5	24.5
 -94.5	29
 -93.5	19.5
 -92.5	35
 -91.5	21
 -90.5	23
 -89.5	21
 -88.5	24.5
 -87.5	23.5
 -86.5	20
 -85.5	29
 -84.5	24
 -83.5	23
 -82.5	26.5
 -81.5	28.5
 -80.5	31
 -79.5	30
 -78.5	18
 -77.5	21
 -76.5	20
 -75.5	25
 -74.5	27.5
 -73.5	23
 -72.5	27
 -71.5	20
 -70.5	27
 -69.5	22
 -68.5	22
 -67.5	27
 -66.5	25
 -65.5	25
 -64.5	30.5
 -63.5	32
 -62.5	21
 -61.5	25.5
 -60.5	20
 -59.5	32
 -58.5	19
 -57.5	22
 -56.5	33
 -55.5	28
 -54.5	29
 -53.5	33
 -52.5	19.5
 -51.5	36
 -50.5	30.5
 -49.5	28.5
 -48.5	29
 -47.5	25
 -46.5	30
 -45.5	23.5
 -44.5	27.5
 -43.5	27
 -42.5	23.5
 -41.5	29.5
 -40.5	32
 -39.5	22
 -38.5	21.5
 -37.5	36
 -36.5	35
 -35.5	31
 -34.5	25
 -33.5	37
 -32.5	25.5
 -31.5	26
 -30.5	35
 -29.5	29
 -28.5	41
 -27.5	26.5
 -26.5	28
 -25.5	45
 -24.5	28.5
 -23.5	31
 -22.5	20
 -21.5	34
 -20.5	35
 -19.5	29
 -18.5	36
 -17.5	37
 -16.5	36.5
 -15.5	29
 -14.5	34
 -13.5	34.5
 -12.5	25
 -11.5	20.5
 -10.5	25.5
  -9.5	34.5
  -8.5	34
  -7.5	32
  -6.5	25
  -5.5	28.5
  -4.5	34
  -3.5	27
  -2.5	31
  -1.5	18
  -0.5	31
   0.5	23
   1.5	32
   2.5	34
   3.5	27
   4.5	31.5
   5.5	29.5
   6.5	25.5
   7.5	35
   8.5	35
   9.5	29
  10.5	27.5
  11.5	48
  12.5	35.5
  13.5	28.5
  14.5	33
  15.5	28.5
  16.5	31.5
  17.5	25
  18.5	30.5
  19.5	33
  20.5	34.5
  21.5	25
  22.5	26
  23.5	24
  24.5	26.5
  25.5	27.5
  26.5	24
  27.5	31
  28.5	30
  29.5	26
  30.5	32
  31.5	24
  32.5	29.5
  33.5	27
  34.5	28.5
  35.5	30.5
  36.5	23.5
  37.5	22.5
  38.5	28
  39.5	31
  40.5	25.5
  41.5	29.5
  42.5	24
  43.5	30
  44.5	13.5
  45.5	22
  46.5	32
  47.5	23
  48.5	28
  49.5	26
  50.5	27
  51.5	22
  52.5	30
  53.5	30
  54.5	20
  55.5	28
  56.5	31
  57.5	27
  58.5	36
  59.5	19
  60.5	29.5
  61.5	21
  62.5	27
  63.5	34
  64.5	11.5
  65.5	30
  66.5	24
  67.5	25
  68.5	22
  69.5	28.5
  70.5	28
  71.5	14
  72.5	24
  73.5	22.5
  74.5	26
  75.5	28
  76.5	24
  77.5	26
  78.5	25
  79.5	33
  80.5	24
  81.5	24
  82.5	25.5
  83.5	40.5
  84.5	33
  85.5	19
  86.5	28
  87.5	26
  88.5	27
  89.5	22
  90.5	21
  91.5	29
  92.5	33.5
  93.5	24
  94.5	27
  95.5	25.5
  96.5	25
  97.5	34.5
  98.5	24.5
  99.5	25
 100.5	25
 101.5	21
 102.5	20
 103.5	18
 104.5	26
 105.5	30
 106.5	13
 107.5	35
 108.5	28
 109.5	26
 110.5	20
 111.5	19
 112.5	25.5
 113.5	25
 114.5	23
 115.5	18.5
 116.5	17
 117.5	25
 118.5	23
 119.5	26
 120.5	24
 121.5	19
 122.5	32.5
 123.5	24
 124.5	29
 125.5	19
 126.5	22
 127.5	29.5
 128.5	36
 129.5	27
 130.5	17
 131.5	21
 132.5	25
 133.5	22
 134.5	22
 135.5	29.5
 136.5	29
 137.5	20
 138.5	17.5
 139.5	27
 140.5	13.5
 141.5	33.5
 142.5	22
 143.5	28
 144.5	24
 145.5	25
 146.5	26
 147.5	21
 148.5	22.5
 149.5	15.5
 150.5	18.5
 151.5	31
 152.5	30
 153.5	23.5
 154.5	27.5
 155.5	29
 156.5	19
 157.5	23
 158.5	17
 159.5	23
 160.5	27
 161.5	26
 162.5	19
 163.5	17.5
 164.5	25
 165.5	18
 166.5	23
 167.5	25
 168.5	21.5
 169.5	26
 170.5	27
 171.5	33
 172.5	21
 173.5	24
 174.5	25
 175.5	21.5
 176.5	16
 177.5	22.5
 178.5	15
 179.5	14
 180.5	23
 181.5	23
 182.5	30
 183.5	26
 184.5	18
 185.5	19
 186.5	21
 187.5	26
 188.5	23
 189.5	17
 190.5	20.5
 191.5	27
 192.5	21
 193.5	16.5
 194.5	18
 195.5	17
 196.5	26
 197.5	24
 198.5	21.5
 199.5	22.5
 200.5	35
 201.5	20.5
 202.5	25.5
 203.5	27.5
 204.5	28
 205.5	25
 206.5	27.5
 207.5	24
 208.5	18
 209.5	18.5
 210.5	31
 211.5	21
 212.5	22
 213.5	29
 214.5	31
 215.5	29
 216.5	15
 217.5	29
 218.5	18
 219.5	19
 220.5	19
 221.5	38.5
 222.5	22
 223.5	17.5
 224.5	16.5
 225.5	25
 226.5	22.5
 227.5	28
 228.5	25.5
 229.5	35.5
DB 2 MOTIF	MYOD1_HUMAN.H11MO.1.A
-229.5	29.5
-228.5	30.3333
-227.5	25
-226.5	25
-225.5	27.3333
-224.5	25
-223.5	20
-222.5	17.3333
-221.5	25
-220.5	34
-219.5	20
-218.5	22
-217.5	19
-216.5	27
-215.5	27
-214.5	42
-213.5	31.5
-212.5	30.5
-211.5	23
-210.5	23
-209.5	23.5
-208.5	21
-207.5	20
-206.5	30.5
-205.5	30.5
-204.5	27.5
-203.5	27
-202.5	23
-201.5	27.5
-200.5	31.5
-199.5	23
-198.5	26
-197.5	31
-196.5	23.5
-195.5	24.5
-194.5	24
-193.5	27.3333
-192.5	26
-191.5	26
-190.5	26.6667
-189.5	20
-188.5	26.5
-187.5	19.8333
-186.5	23.5
-185.5	30
-184.5	28.5
-183.5	25.5
-182.5	16
-181.5	20
-180.5	21.5
-179.5	27
-178.5	20
-177.5	29
-176.5	16
-175.5	31
-174.5	34
-173.5	24.3333
-172.5	38
-171.5	21.5
-170.5	23
-169.5	25
-168.5	15
-167.5	21.3333
-166.5	29
-165.5	26
-164.5	26
-163.5	28.5
-162.5	22.5
-161.5	30
-160.5	32
-159.5	25.5
-158.5	25
-157.5	23.5
-156.5	39.5
-155.5	20.3333
-154.5	20
-153.5	30.5
-152.5	24.8333
-151.5	19.5
-150.5	24.5
-149.5	32
-148.5	28
-147.5	21.5
-146.5	21.5
-145.5	18
-144.5	22.8333
-143.5	36.5
-142.5	28
-141.5	23
-140.5	31
-139.5	33.8333
-138.5	23.5
-137.5	26
-136.5	22.8333
-135.5	21
-134.5	27.5
-133.5	26.8333
-132.5	22
-131.5	27
-130.5	31.5
-129.5	23.75
-128.5	29
-127.5	19
-126.5	21.25
-125.5	32.1667
-124.5	27
-123.5	25.75
-122.5	28.5
-121.5	28.5
-120.5	24.25
-119.5	26.8333
-118.5	23.5
-117.5	24
-116.5	34
-115.5	22
-114.5	28
-113.5	26
-112.5	26
-111.5	28
-110.5	30.5
-109.5	31.8333
-108.5	28.5
-107.5	25.5
-106.5	22
-105.5	26
-104.5	27
-103.5	31.5
-102.5	37
-101.5	23.3333
-100.5	34
 -99.5	19
 -98.5	27.3333
 -97.5	26.5
 -96.5	23
 -95.5	23.3333
 -94.5	39.5
 -93.5	31.5
 -92.5	36.5
 -91.5	24
 -90.5	24.5
 -89.5	23
 -88.5	29.5
 -87.5	24.5
 -86.5	23.5
 -85.5	29.5
 -84.5	28.5
 -83.5	36.5
 -82.5	23.5
 -81.5	19
 -80.5	29
 -79.5	24.3333
 -78.5	14.25
 -77.5	26.5
 -76.5	29.5
 -75.5	27.25
 -74.5	21
 -73.5	32.5
 -72.5	37.25
 -71.5	32
 -70.5	31
 -69.5	22.75
 -68.5	34.5
 -67.5	26
 -66.5	23.5
 -65.5	29
 -64.5	24
 -63.5	28.5
 -62.5	26.5
 -61.5	20.5
 -60.5	21.3333
 -59.5	29
 -58.5	30.5
 -57.5	24.5
 -56.5	30
 -55.5	35.5
 -54.5	28
 -53.5	23
 -52.5	26
 -51.5	27
 -50.5	33.5
 -49.5	32
 -48.5	20.5
 -47.5	15.5
 -46.5	28.5
 -45.5	24
 -44.5	21
 -43.5	33
 -42.5	32
 -41.5	31.5
 -40.5	19.5
 -39.5	30
 -38.5	28.5
 -37.5	30.5
 -36.5	29
 -35.5	29.5
 -34.5	29.5
 -33.5	36.5
 -32.5	22.2
 -31.5	24.5
 -30.5	30
 -29.5	26
 -28.5	31
 -27.5	25.5
 -26.5	31
 -25.5	26
 -24.5	25
 -23.5	26
 -22.5	29
 -21.5	21
 -20.5	29
 -19.5	31
 -18.5	26
 -17.5	30
 -16.5	35
 -15.5	33.5
 -14.5	22
 -13.5	25
 -12.5	38.5
 -11.5	24
 -10.5	22.5
  -9.5	27.5
  -8.5	21
  -7.5	32
  -6.5	25
  -5.5	29
  -4.5	24.75
  -3.5	25.5
  -2.5	27.5
  -1.5	34.25
  -0.5	32.5
   0.5	24.5
   1.5	36.25
   2.5	27
   3.5	30
   4.5	30.75
   5.5	23.3333
   6.5	21
   7.5	20.5
   8.5	18
   9.5	23.5
  10.5	25.5
  11.5	19
  12.5	31
  13.5	24.5
  14.5	23.5
  15.5	32.5
  16.5	25
  17.5	25
  18.5	22
  19.5	28
  20.5	30.2
  21.5	23
  22.5	30
  23.5	30
  24.5	33
  25.5	26
  26.5	28.5
  27.5	31.5
  28.5	25.5
  29.5	38
  30.5	26
  31.5	31
  32.5	36
  33.5	33.5
  34.5	39.5
  35.5	33
  36.5	28
  37.5	26.5
  38.5	19
  39.5	26
  40.5	21
  41.5	24.5
  42.5	30.5
  43.5	21
  44.5	25
  45.5	33
  46.5	30
  47.5	26.5
  48.5	25
  49.5	24
  50.5	26
  51.5	26
  52.5	40
  53.5	25
  54.5	29
  55.5	19
  56.5	41.5
  57.5	17.5
  58.5	37
  59.5	27.5
  60.5	27
  61.5	27
  62.5	33
  63.5	32.5
  64.5	27
  65.5	24
  66.5	18.5
  67.5	24
  68.5	28
  69.5	32
  70.5	28.5
  71.5	19
  72.5	23.5
  73.5	25.2
  74.5	24
  75.5	45
  76.5	30
  77.5	30.3333
  78.5	24
  79.5	21
  80.5	35.3333
  81.5	28
  82.5	22
  83.5	25.3333
  84.5	27.5
  85.5	14
  86.5	18
  87.5	20
  88.5	24
  89.5	25
  90.5	28
  91.5	28.3333
  92.5	26
  93.5	34
  94.5	20
  95.5	35.3333
  96.5	27.5
  97.5	21.8333
  98.5	28
  99.5	26.5333
 100.5	22.5
 101.5	28.5
 102.5	20.2
 103.5	26.8333
 104.5	25.5
 105.5	33.2
 106.5	25
 107.5	26
 108.5	26.2
 109.5	27
 110.5	24.5
 111.5	24.2
 112.5	28
 113.5	18.5
 114.5	21.5833
 115.5	28
 116.5	20.5
 117.5	25.0833
 118.5	30
 119.5	29.5
 120.5	17.0833
 121.5	23
 122.5	20
 123.5	24.0833
 124.5	24.5
 125.5	22.5
 126.5	25.2833
 127.5	35.5
 128.5	25.8333
 129.5	23.5833
 130.5	23.5
 131.5	27
 132.5	29.0833
 133.5	23.5
 134.5	22
 135.5	21.0833
 136.5	29
 137.5	23
 138.5	23.4167
 139.5	25
 140.5	32.8333
 141.5	18.0833
 142.5	29
 143.5	36.5
 144.5	21.0833
 145.5	25
 146.5	31.5
 147.5	28.0833
 148.5	26.5
 149.5	30
 150.5	20
 151.5	29.5
 152.5	22
 153.5	29.3333
 154.5	14.5
 155.5	21
 156.5	25.5
 157.5	19
 158.5	26
 159.5	30
 160.5	33
 161.5	22
 162.5	30.25
 163.5	28
 164.5	30
 165.5	21.0833
 166.5	22
 167.5	20.5
 168.5	36.5833
 169.5	23.5
 170.5	29
 171.5	25.75
 172.5	32.5
 173.5	31
 174.5	21.5
 175.5	23
 176.5	33.5
 177.5	28.5
 178.5	27.5
 179.5	25.2
 180.5	26
 181.5	24
 182.5	28.25
 183.5	34
 184.5	16
 185.5	24.5833
 186.5	32
 187.5	22
 188.5	26.25
 189.5	21
 190.5	22
 191.5	24.25
 192.5	27.3333
 193.5	26.5
 194.5	18
 195.5	27.5
 196.5	19
 197.5	24.5
 198.5	25.5
 199.5	18.5
 200.5	24.5
 201.5	27
 202.5	24
 203.5	28
 204.5	19
 205.5	33.5
 206.5	21.5
 207.5	23
 208.5	22.3333
 209.5	22.8333
 210.5	15
 211.5	20.3333
 212.5	17.3333
 213.5	36.5
 214.5	29.8333
 215.5	17.8333
 216.5	22
 217.5	16
 218.5	27
 219.5	17
 220.5	23
 221.5	28
 222.5	21.5
 223.5	19.5
 224.5	28
 225.5	24.5
 226.5	23.8333
 227.5	28
 228.5	28.5
 229.5	31
DB 2 MOTIF	NFIA_HUMAN.H11MO.1.D
-231.5	31.5
-230.5	39
-229.5	31
-228.5	44.5
-227.5	33
-226.5	44.5
-225.5	43
-224.5	28.5
-223.5	31.3333
-222.5	38.3333
-221.5	33.8333
-220.5	36.1667
-219.5	39.5
-218.5	42
-217.5	40.1667
-216.5	49.8333
-215.5	37
-214.5	37.5
-213.5	29.8333
-212.5	34
-211.5	40.5
-210.5	33.5
-209.5	42
-208.5	41
-207.5	28.8333
-206.5	35
-205.5	34
-204.5	21
-203.5	32.5
-202.5	30.3333
-201.5	26.6667
-200.5	35
-199.5	33.8333
-198.5	31.8333
-197.5	33
-196.5	38
-195.5	26
-194.5	49.3333
-193.5	35
-192.5	44.5
-191.5	41
-190.5	29
-189.5	39.5
-188.5	47.5
-187.5	35.8333
-186.5	30.8333
-185.5	33
-184.5	35.5
-183.5	31
-182.5	43.5
-181.5	33.8333
-180.5	44
-179.5	38
-178.5	41.3333
-177.5	35.8333
-176.5	33.5
-175.5	25.5
-174.5	33.8333
-173.5	39.5
-172.5	37
-171.5	49.25
-170.5	29
-169.5	26.8333
-168.5	32.3333
-167.5	32.5
-166.5	32
-165.5	44.3333
-164.5	42.5833
-163.5	24.75
-162.5	38.3333
-161.5	33
-160.5	36.6667
-159.5	40.8333
-158.5	34
-157.5	37
-156.5	32
-155.5	48
-154.5	40.5
-153.5	40
-152.5	31.5
-151.5	26.0833
-150.5	46.3333
-149.5	31.3333
-148.5	39.5
-147.5	38.6667
-146.5	34.3333
-145.5	25
-144.5	38.3333
-143.5	44.3333
-142.5	39.5
-141.5	46.3333
-140.5	43.5
-139.5	40
-138.5	42.3333
-137.5	23.5
-136.5	35
-135.5	23.5
-134.5	40.8333
-133.5	45.6667
-132.5	35.8333
-131.5	40.75
-130.5	31.5
-129.5	21.8333
-128.5	38.25
-127.5	33.5
-126.5	35.5
-125.5	38
-124.5	33
-123.5	38.5
-122.5	29
-121.5	33.5833
-120.5	22
-119.5	29
-118.5	37.5
-117.5	38.5
-116.5	29.8333
-115.5	35
-114.5	28.5
-113.5	36.3333
-112.5	32.6667
-111.5	44.5
-110.5	38.1667
-109.5	47
-108.5	40.5
-107.5	43
-106.5	26.5
-105.5	41.8333
-104.5	31.3333
-103.5	34
-102.5	38.1667
-101.5	36.5
-100.5	35.5
 -99.5	37.6667
 -98.5	39.5
 -97.5	34
 -96.5	42
 -95.5	46
 -94.5	34
 -93.5	33.5
 -92.5	48
 -91.5	35.5
 -90.5	29
 -89.5	39.8333
 -88.5	40.3333
 -87.5	29.75
 -86.5	35.6667
 -85.5	35.5
 -84.5	40.8333
 -83.5	34.5
 -82.5	45.3333
 -81.5	39
 -80.5	41
 -79.5	37.3333
 -78.5	34.5
 -77.5	39.75
 -76.5	36
 -75.5	35.5
 -74.5	28.5
 -73.5	34
 -72.5	38.3333
 -71.5	38
 -70.5	34.25
 -69.5	39.3333
 -68.5	27.8333
 -67.5	38.3333
 -66.5	31.8333
 -65.5	31.5
 -64.5	55
 -63.5	38.5
 -62.5	37
 -61.5	38.3333
 -60.5	40.5
 -59.5	45.5
 -58.5	32
 -57.5	39.6667
 -56.5	39
 -55.5	40.3333
 -54.5	34.3333
 -53.5	49.25
 -52.5	26.8333
 -51.5	35
 -50.5	41.8333
 -49.5	43.3333
 -48.5	36
 -47.5	30.5
 -46.5	45
 -45.5	44.8333
 -44.5	41.5
 -43.5	41.25
 -42.5	42.3333
 -41.5	47.5
 -40.5	39
 -39.5	37.1667
 -38.5	33.8333
 -37.5	32.1667
 -36.5	38.3333
 -35.5	44.5
 -34.5	28.8333
 -33.5	47.5
 -32.5	35.5
 -31.5	48.8333
 -30.5	35
 -29.5	29.3333
 -28.5	52
 -27.5	38
 -26.5	39.5
 -25.5	51.5
 -24.5	30
 -23.5	42.75
 -22.5	28
 -21.5	42.3333
 -20.5	35.8333
 -19.5	40.5
 -18.5	48.8333
 -17.5	39.3333
 -16.5	47.3333
 -15.5	22.8333
 -14.5	43.5
 -13.5	52
 -12.5	36
 -11.5	33.5
 -10.5	28.8333
  -9.5	39.5
  -8.5	33.3333
  -7.5	37.5833
  -6.5	43.5
  -5.5	40
  -4.5	41.8333
  -3.5	37
  -2.5	27.8333
  -1.5	42.5
  -0.5	48.5
   0.5	38
   1.5	42.5
   2.5	33
   3.5	37.5
   4.5	43.8333
   5.5	45.8333
   6.5	32.5
   7.5	23.8333
   8.5	36.5
   9.5	42.3333
  10.5	36
  11.5	28.5
  12.5	47.8333
  13.5	37.75
  14.5	31
  15.5	45.3333
  16.5	30
  17.5	32
  18.5	48
  19.5	41.25
  20.5	37.5
  21.5	46
  22.5	38.25
  23.5	41.3333
  24.5	29.3333
  25.5	29.5
  26.5	38.3333
  27.5	27.5
  28.5	29
  29.5	38
  30.5	34
  31.5	33.5
  32.5	45
  33.5	30.1667
  34.5	45.3333
  35.5	26.8333
  36.5	37.5
  37.5	41.25
  38.5	42.8333
  39.5	42
  40.5	40.8333
  41.5	36
  42.5	41
  43.5	30.6667
  44.5	50
  45.5	38.5
  46.5	43.8333
  47.5	35.1667
  48.5	26
  49.5	45.8333
  50.5	32
  51.5	40.3333
  52.5	31
  53.5	32.8333
  54.5	34
  55.5	32
  56.5	49.3333
  57.5	38
  58.5	48.8333
  59.5	39.8333
  60.5	41.5
  61.5	32.5
  62.5	40
  63.5	35.5
  64.5	40.8333
  65.5	33
  66.5	37.5
  67.5	34.5
  68.5	35.3333
  69.5	31.5
  70.5	40.5
  71.5	37.3333
  72.5	31
  73.5	44.5
  74.5	35.3333
  75.5	39.8333
  76.5	42.5
  77.5	33
  78.5	27.5
  79.5	27.25
  80.5	43.5
  81.5	34.5
  82.5	37.6667
  83.5	33.5
  84.5	33.5
  85.5	31.5
  86.5	30.3333
  87.5	39
  88.5	44.5
  89.5	34.5
  90.5	40.5
  91.5	36
  92.5	31.8333
  93.5	26.5
  94.5	46.3333
  95.5	30.1667
  96.5	29.8333
  97.5	38
  98.5	42.3333
  99.5	34.5
 100.5	36.8333
 101.5	29.8333
 102.5	41.5
 103.5	32.3333
 104.5	39.5
 105.5	30.5
 106.5	24.5
 107.5	37.5
 108.5	38.3333
 109.5	41
 110.5	31.5
 111.5	45.5833
 112.5	28.3333
 113.5	32
 114.5	39
 115.5	38.75
 116.5	41.5
 117.5	33
 118.5	40
 119.5	29.5
 120.5	25.3333
 121.5	36.8333
 122.5	35
 123.5	39.8333
 124.5	30
 125.5	33.5
 126.5	31
 127.5	37.8333
 128.5	36
 129.5	19
 130.5	34.5
 131.5	33
 132.5	29
 133.5	36.5
 134.5	34.5
 135.5	23.1667
 136.5	43.8333
 137.5	40.6667
 138.5	45.0833
 139.5	47
 140.5	30.5
 141.5	33
 142.5	33.8333
 143.5	34.5
 144.5	38
 145.5	25.5
 146.5	30.5
 147.5	30.3333
 148.5	40.6667
 149.5	41.3333
 150.5	45
 151.5	33
 152.5	33.1667
 153.5	27.5
 154.5	38.5
 155.5	39.8333
 156.5	30.8333
 157.5	45.5
 158.5	29.5
 159.5	46.3333
 160.5	29
 161.5	27
 162.5	34.3333
 163.5	38.8333
 164.5	37
 165.5	36.6667
 166.5	28.5
 167.5	31.5
 168.5	45
 169.5	40
 170.5	34
 171.5	30
 172.5	23.5
 173.5	35
 174.5	38
 175.5	36
 176.5	30.6667
 177.5	38
 178.5	47.8333
 179.5	35.5
 180.5	37
 181.5	38.8333
 182.5	30
 183.5	23.3333
 184.5	25
 185.5	37
 186.5	38.5
 187.5	40.8333
 188.5	36
 189.5	37.5
 190.5	25.8333
 191.5	36
 192.5	31.5
 193.5	27
 194.5	32.5
 195.5	46
 196.5	34.3333
 197.5	29.5
 198.5	44.5
 199.5	32.8333
 200.5	23.5
 201.5	47
 202.5	36.5
 203.5	40.5
 204.5	37
 205.5	38.8333
 206.5	30.3333
 207.5	28.5
 208.5	31.5
 209.5	34.5
 210.5	43
 211.5	27.8333
 212.5	39
 213.5	29
 214.5	37
 215.5	31.5
 216.5	34
 217.5	43
 218.5	46.3333
 219.5	32.1667
 220.5	28
 221.5	33.3333
 222.5	31
 223.5	23.3333
 224.5	49.5
 225.5	24
 226.5	37
 227.5	25.3333
 228.5	40.8333
 229.5	40.5
 230.5	25.5
 231.5	43.5
DB 2 MOTIF	NFYA_HUMAN.H11MO.0.A
-228.0	21
-227.0	21
-226.0	23
-225.0	17
-224.0	14
-223.0	28
-222.0	22
-221.0	23
-220.0	32
-219.0	19
-218.0	12
-217.0	20
-216.0	25.5
-215.0	22
-214.0	23
-213.0	20
-212.0	15
-211.0	17
-210.0	25
-209.0	17
-208.0	21
-207.0	25
-206.0	24
-205.0	12
-204.0	19
-203.0	13
-202.0	21
-201.0	15
-200.0	18
-199.0	15
-198.0	13
-197.0	12
-196.0	14
-195.0	11.5
-194.0	14
-193.0	15.5
-192.0	10
-191.0	15
-190.0	25
-189.0	20
-188.0	18
-187.0	27
-186.0	18
-185.0	16.5
-184.0	21
-183.0	17
-182.0	28
-181.0	19
-180.0	10
-179.0	33
-178.0	16
-177.0	17
-176.0	18
-175.0	18.5
-174.0	18
-173.0	12
-172.0	18
-171.0	20
-170.0	20
-169.0	21
-168.0	25
-167.0	16
-166.0	21
-165.0	19
-164.0	18
-163.0	24
-162.0	17.5
-161.0	25
-160.0	24
-159.0	26
-158.0	16
-157.0	23
-156.0	24
-155.0	25
-154.0	21
-153.0	17.3333
-152.0	15
-151.0	22
-150.0	18
-149.0	22
-148.0	22
-147.0	12.5
-146.0	10
-145.0	14
-144.0	14
-143.0	15
-142.0	18
-141.0	14
-140.0	20
-139.0	12
-138.0	17
-137.0	14
-136.0	15
-135.0	24
-134.0	17
-133.0	27
-132.0	11
-131.0	12
-130.0	28
-129.0	21
-128.0	14
-127.0	22
-126.0	13
-125.0	16
-124.0	18.5
-123.0	19
-122.0	19.5
-121.0	21
-120.0	20
-119.0	25
-118.0	14
-117.0	21
-116.0	26
-115.0	21
-114.0	19
-113.0	18
-112.0	24
-111.0	18
-110.0	24
-109.0	12
-108.0	20
-107.0	21
-106.0	16
-105.0	17
-104.0	19
-103.0	15
-102.0	25
-101.0	18.5
-100.0	22
 -99.0	21
 -98.0	17
 -97.0	20
 -96.0	13
 -95.0	27
 -94.0	15
 -93.0	17
 -92.0	23.5
 -91.0	17
 -90.0	21
 -89.0	17
 -88.0	16
 -87.0	11
 -86.0	10
 -85.0	29
 -84.0	11
 -83.0	20
 -82.0	18.5
 -81.0	26
 -80.0	16
 -79.0	15
 -78.0	15
 -77.0	25
 -76.0	24
 -75.0	12
 -74.0	20
 -73.0	23
 -72.0	27
 -71.0	16
 -70.0	14
 -69.0	20
 -68.0	19
 -67.0	17
 -66.0	18
 -65.0	23
 -64.0	20
 -63.0	31
 -62.0	21
 -61.0	21
 -60.0	19
 -59.0	14
 -58.0	20.3333
 -57.0	21
 -56.0	15
 -55.0	26
 -54.0	19
 -53.0	20
 -52.0	21
 -51.0	15
 -50.0	27
 -49.0	21
 -48.0	21
 -47.0	22
 -46.0	22
 -45.0	23
 -44.0	14
 -43.0	17
 -42.0	30
 -41.0	17
 -40.0	20
 -39.0	23
 -38.0	14
 -37.0	22.5
 -36.0	15
 -35.0	23
 -34.0	16
 -33.0	21.5
 -32.0	24.5
 -31.0	23
 -30.0	23
 -29.0	21
 -28.0	16
 -27.0	22
 -26.0	20
 -25.0	19
 -24.0	26
 -23.0	21
 -22.0	20
 -21.0	18
 -20.0	27
 -19.0	26
 -18.0	25
 -17.0	22
 -16.0	18
 -15.0	14
 -14.0	19
 -13.0	23
 -12.0	17
 -11.0	23
 -10.0	20
  -9.0	16
  -8.0	23
  -7.0	19.5
  -6.0	15
  -5.0	23
  -4.0	15
  -3.0	13
  -2.0	24.5
  -1.0	21
   0.0	14
   1.0	24
   2.0	24
   3.0	19
   4.0	12
   5.0	20
   6.0	19
   7.0	31
   8.0	19
   9.0	16.5
  10.0	22.5
  11.0	24
  12.0	31
  13.0	20.5
  14.0	19
  15.0	17
  16.0	17
  17.0	17
  18.0	23
  19.0	15
  20.0	16
  21.0	27
  22.0	31
  23.0	10
  24.0	22
  25.0	30
  26.0	28
  27.0	16
  28.0	20
  29.0	15
  30.0	14
  31.0	17
  32.0	15
  33.0	29
  34.0	22
  35.0	21
  36.0	18
  37.0	15.3333
  38.0	17
  39.0	17
  40.0	22.5
  41.0	19
  42.0	22
  43.0	21.5
  44.0	21
  45.0	20
  46.0	19
  47.0	15
  48.0	19
  49.0	15.5
  50.0	25
  51.0	26
  52.0	15
  53.0	19
  54.0	15
  55.0	14
  56.0	15
  57.0	17
  58.0	23
  59.0	22
  60.0	18
  61.0	22
  62.0	23
  63.0	19
  64.0	22
  65.0	20
  66.0	25
  67.0	20
  68.0	22
  69.0	17
  70.0	22.5
  71.0	13
  72.0	14
  73.0	11.5
  74.0	17
  75.0	14
  76.0	22
  77.0	15
  78.0	13
  79.0	28
  80.0	19
  81.0	14
  82.0	10.5
  83.0	17
  84.0	16.5
  85.0	21
  86.0	20
  87.0	19
  88.0	13
  89.0	22
  90.0	13
  91.0	16
  92.0	17
  93.0	22
  94.0	20
  95.0	23
  96.0	18
  97.0	21
  98.0	13.5
  99.0	17
 100.0	19
 101.0	20
 102.0	17
 103.0	13
 104.0	17
 105.0	16
 106.0	24
 107.0	22
 108.0	8
 109.0	15
 110.0	22
 111.0	16
 112.0	18
 113.0	13
 114.0	20
 115.0	19
 116.0	16
 117.0	18
 118.0	14
 119.0	25
 120.0	20
 121.0	17
 122.0	13
 123.0	18
 124.0	14
 125.0	18
 126.0	25
 127.0	14
 128.0	18
 129.0	15
 130.0	22
 131.0	22
 132.0	16
 133.0	19
 134.0	20
 135.0	17
 136.0	14
 137.0	23
 138.0	15
 139.0	18
 140.0	20
 141.0	9
 142.0	15
 143.0	19
 144.0	18.5
 145.0	18
 146.0	20
 147.0	16
 148.0	18
 149.0	27
 150.0	15
 151.0	9
 152.0	16
 153.0	17
 154.0	18
 155.0	10
 156.0	17
 157.0	15
 158.0	15
 159.0	18
 160.0	20
 161.0	15
 162.0	11
 163.0	26
 164.0	12
 165.0	17
 166.0	21
 167.0	13.5
 168.0	23
 169.0	15
 170.0	16
 171.0	21
 172.0	18.5
 173.0	16
 174.0	11
 175.0	21
 176.0	16
 177.0	17
 178.0	17
 179.0	21
 180.0	14
 181.0	16
 182.0	20
 183.0	22
 184.0	17.5
 185.0	14
 186.0	17
 187.0	22
 188.0	15
 189.0	13
 190.0	13
 191.0	9
 192.0	19
 193.0	20
 194.0	24
 195.0	19
 196.0	22
 197.0	14
 198.0	15
 199.0	19
 200.0	14
 201.0	16
 202.0	16.5
 203.0	18
 204.0	9
 205.0	16
 206.0	22
 207.0	18
 208.0	13
 209.0	18
 210.0	19
 211.0	14
 212.0	30
 213.0	13
 214.0	13
 215.0	17
 216.0	18
 217.0	28
 218.0	13
 219.0	23.5
 220.0	17
 221.0	20
 222.0	11
 223.0	16
 224.0	15
 225.0	23
 226.0	8
 227.0	21
 228.0	17
DB 2 MOTIF	NFYB_HUMAN.H11MO.0.A
-228.5	15
-227.5	17
-226.5	14
-225.5	19.5
-224.5	13
-223.5	14
-222.5	21
-221.5	12
-220.5	22
-219.5	19
-218.5	16
-217.5	12
-216.5	23.5
-215.5	19
-214.5	23
-213.5	14
-212.5	15
-211.5	15
-210.5	17
-209.5	16
-208.5	17
-207.5	23
-206.5	16
-205.5	13
-204.5	14
-203.5	13
-202.5	17
-201.5	16
-200.5	14
-199.5	16
-198.5	14
-197.5	10
-196.5	16
-195.5	9.5
-194.5	15
-193.5	6.5
-192.5	15
-191.5	9
-190.5	20
-189.5	21
-188.5	11
-187.5	8
-186.5	13
-185.5	19
-184.5	20
-183.5	13
-182.5	22
-181.5	16
-180.5	17
-179.5	17
-178.5	22
-177.5	12
-176.5	12
-175.5	17.5
-174.5	13
-173.5	15
-172.5	8
-171.5	13
-170.5	23
-169.5	12.5
-168.5	17
-167.5	16
-166.5	15
-165.5	12
-164.5	18
-163.5	16
-162.5	21.5
-161.5	17
-160.5	14
-159.5	19
-158.5	19
-157.5	17
-156.5	18
-155.5	21
-154.5	14
-153.5	18.3333
-152.5	10
-151.5	15
-150.5	25
-149.5	18
-148.5	20
-147.5	10.5
-146.5	7
-145.5	16
-144.5	12
-143.5	15
-142.5	11.5
-141.5	12
-140.5	19
-139.5	7
-138.5	11
-137.5	14
-136.5	13
-135.5	11
-134.5	19
-133.5	13
-132.5	14.5
-131.5	16
-130.5	15
-129.5	18
-128.5	17
-127.5	19
-126.5	17
-125.5	11
-124.5	21.5
-123.5	14
-122.5	9
-121.5	19
-120.5	17
-119.5	13
-118.5	15
-117.5	14
-116.5	21.5
-115.5	11
-114.5	22.3333
-113.5	12
-112.5	19
-111.5	17
-110.5	13
-109.5	12
-108.5	18
-107.5	18
-106.5	13
-105.5	12
-104.5	15
-103.5	14
-102.5	17
-101.5	16
-100.5	15
 -99.5	16
 -98.5	20
 -97.5	19
 -96.5	14
 -95.5	17
 -94.5	19
 -93.5	11
 -92.5	23
 -91.5	22
 -90.5	18
 -89.5	17
 -88.5	18
 -87.5	11
 -86.5	9.5
 -85.5	16
 -84.5	21
 -83.5	10
 -82.5	18
 -81.5	17
 -80.5	16.5
 -79.5	12
 -78.5	15.5
 -77.5	17
 -76.5	16
 -75.5	20.5
 -74.5	16
 -73.5	11
 -72.5	21
 -71.5	20
 -70.5	15
 -69.5	21
 -68.5	21
 -67.5	18
 -66.5	9
 -65.5	15
 -64.5	21
 -63.5	26
 -62.5	18
 -61.5	14
 -60.5	16
 -59.5	17
 -58.5	14.3333
 -57.5	17
 -56.5	18
 -55.5	13.3333
 -54.5	19
 -53.5	18
 -52.5	20
 -51.5	19
 -50.5	14
 -49.5	22
 -48.5	17
 -47.5	28
 -46.5	22
 -45.5	18
 -44.5	15
 -43.5	15
 -42.5	17
 -41.5	21
 -40.5	15
 -39.5	16
 -38.5	22
 -37.5	16
 -36.5	21
 -35.5	13
 -34.5	18
 -33.5	18
 -32.5	18
 -31.5	20.5
 -30.5	24.5
 -29.5	25.5
 -28.5	11
 -27.5	19
 -26.5	22
 -25.5	14.5
 -24.5	20
 -23.5	24
 -22.5	19
 -21.5	16
 -20.5	19
 -19.5	21
 -18.5	14
 -17.5	30
 -16.5	19
 -15.5	17
 -14.5	14
 -13.5	17
 -12.5	16
 -11.5	23
 -10.5	18
  -9.5	15
  -8.5	19
  -7.5	22
  -6.5	17
  -5.5	19
  -4.5	22
  -3.5	10
  -2.5	20
  -1.5	21
  -0.5	16
   0.5	18
   1.5	25
   2.5	23
   3.5	19
   4.5	17
   5.5	19
   6.5	20.3333
   7.5	22
   8.5	15.5
   9.5	17
  10.5	21
  11.5	20.5
  12.5	19.5
  13.5	24
  14.5	14
  15.5	16
  16.5	12
  17.5	20
  18.5	15
  19.5	16
  20.5	13
  21.5	32
  22.5	14
  23.5	14
  24.5	28
  25.5	20
  26.5	21
  27.5	19
  28.5	16
  29.5	22
  30.5	15
  31.5	19
  32.5	25
  33.5	19
  34.5	22
  35.5	21
  36.5	20.3333
  37.5	12
  38.5	16
  39.5	9
  40.5	20
  41.5	14
  42.5	20.5
  43.5	19.5
  44.5	24
  45.5	16.5
  46.5	24
  47.5	11
  48.5	16.5
  49.5	18.5
  50.5	29
  51.5	12
  52.5	12
  53.5	22
  54.5	15
  55.5	16
  56.5	18
  57.5	11
  58.5	26.5
  59.5	17
  60.5	13.5
  61.5	20
  62.5	17
  63.5	16
  64.5	19
  65.5	14
  66.5	20
  67.5	14
  68.5	20.5
  69.5	18
  70.5	13
  71.5	16
  72.5	18.5
  73.5	14.5
  74.5	15
  75.5	13
  76.5	16
  77.5	15
  78.5	16
  79.5	27
  80.5	14
  81.5	8.5
  82.5	13
  83.5	14
  84.5	17
  85.5	16
  86.5	15
  87.5	14
  88.5	14
  89.5	17
  90.5	15
  91.5	15
  92.5	13
  93.5	24
  94.5	14
  95.5	23
  96.5	22
  97.5	18.5
  98.5	12
  99.5	9
 100.5	14
 101.5	15
 102.5	13
 103.5	11
 104.5	13
 105.5	15
 106.5	15
 107.5	13
 108.5	11
 109.5	21
 110.5	12
 111.5	12
 112.5	9.5
 113.5	13
 114.5	21
 115.5	14
 116.5	15
 117.5	15
 118.5	15
 119.5	14
 120.5	17
 121.5	12
 122.5	11
 123.5	16
 124.5	17
 125.5	20
 126.5	12
 127.5	14
 128.5	14
 129.5	23
 130.5	19
 131.5	14
 132.5	17
 133.5	14
 134.5	13
 135.5	12
 136.5	16
 137.5	18.5
 138.5	11
 139.5	16
 140.5	11
 141.5	13
 142.5	8
 143.5	13.5
 144.5	17
 145.5	15
 146.5	15
 147.5	14
 148.5	14
 149.5	16
 150.5	10
 151.5	5
 152.5	14
 153.5	11
 154.5	16
 155.5	10
 156.5	11.5
 157.5	17
 158.5	5
 159.5	20
 160.5	18
 161.5	13
 162.5	10
 163.5	21
 164.5	9
 165.5	15
 166.5	13
 167.5	12
 168.5	15
 169.5	17
 170.5	17
 171.5	16.5
 172.5	18
 173.5	13
 174.5	10
 175.5	13
 176.5	16
 177.5	15
 178.5	8
 179.5	16
 180.5	11
 181.5	11
 182.5	18
 183.5	13
 184.5	9
 185.5	18
 186.5	15
 187.5	19
 188.5	13
 189.5	10
 190.5	8
 191.5	7
 192.5	17
 193.5	25.5
 194.5	16
 195.5	12
 196.5	11
 197.5	10
 198.5	11
 199.5	9
 200.5	11
 201.5	9
 202.5	16
 203.5	9
 204.5	11
 205.5	13
 206.5	15
 207.5	12
 208.5	14
 209.5	8
 210.5	15
 211.5	19.5
 212.5	15
 213.5	10
 214.5	10
 215.5	15
 216.5	20
 217.5	12
 218.5	10
 219.5	15
 220.5	9
 221.5	18
 222.5	8
 223.5	12
 224.5	20
 225.5	8
 226.5	15
 227.5	12
 228.5	14
DB 2 MOTIF	NR1H2_HUMAN.H11MO.0.D
-225.5	0
-224.5	0
-223.5	0
-222.5	0
-221.5	0
-220.5	1
-219.5	1
-218.5	0
-217.5	0
-216.5	0
-215.5	1
-214.5	0
-213.5	0
-212.5	0
-211.5	1
-210.5	0
-209.5	0
-208.5	0
-207.5	0
-206.5	0
-205.5	0
-204.5	0
-203.5	0
-202.5	0
-201.5	0
-200.5	0
-199.5	1
-198.5	0
-197.5	0
-196.5	0
-195.5	0
-194.5	0
-193.5	1
-192.5	0
-191.5	0
-190.5	0
-189.5	0
-188.5	0
-187.5	0
-186.5	0
-185.5	0
-184.5	0
-183.5	0
-182.5	0
-181.5	0
-180.5	0
-179.5	0
-178.5	0
-177.5	0
-176.5	0
-175.5	0
-174.5	0
-173.5	1
-172.5	1
-171.5	0
-170.5	0
-169.5	0
-168.5	1
-167.5	0
-166.5	0
-165.5	0
-164.5	0
-163.5	0
-162.5	0
-161.5	0
-160.5	0
-159.5	0
-158.5	0
-157.5	0
-156.5	0
-155.5	1
-154.5	1
-153.5	0
-152.5	0
-151.5	0
-150.5	1
-149.5	2
-148.5	0
-147.5	1
-146.5	0
-145.5	0
-144.5	0
-143.5	0
-142.5	0
-141.5	0
-140.5	0
-139.5	0
-138.5	1
-137.5	2
-136.5	1
-135.5	1
-134.5	0
-133.5	0
-132.5	0
-131.5	1
-130.5	1
-129.5	1
-128.5	0
-127.5	0
-126.5	0
-125.5	0
-124.5	1
-123.5	1
-122.5	0
-121.5	0
-120.5	0
-119.5	0
-118.5	0
-117.5	0
-116.5	0
-115.5	0
-114.5	1
-113.5	0
-112.5	0
-111.5	0
-110.5	0
-109.5	0
-108.5	0
-107.5	0
-106.5	0
-105.5	0
-104.5	0
-103.5	0
-102.5	0
-101.5	0
-100.5	0
 -99.5	0
 -98.5	0
 -97.5	0
 -96.5	0
 -95.5	0
 -94.5	2
 -93.5	0
 -92.5	0
 -91.5	1
 -90.5	0
 -89.5	0
 -88.5	0
 -87.5	0
 -86.5	0
 -85.5	1
 -84.5	0
 -83.5	0
 -82.5	0
 -81.5	0
 -80.5	2
 -79.5	0
 -78.5	0
 -77.5	1
 -76.5	0
 -75.5	0
 -74.5	1
 -73.5	0
 -72.5	0
 -71.5	0
 -70.5	0
 -69.5	0
 -68.5	1
 -67.5	1
 -66.5	1
 -65.5	0
 -64.5	0
 -63.5	0
 -62.5	2
 -61.5	0
 -60.5	0
 -59.5	0
 -58.5	1
 -57.5	0
 -56.5	0
 -55.5	0
 -54.5	0
 -53.5	0
 -52.5	2
 -51.5	1
 -50.5	0
 -49.5	0
 -48.5	0
 -47.5	0
 -46.5	1
 -45.5	0
 -44.5	4
 -43.5	1
 -42.5	0
 -41.5	0
 -40.5	0
 -39.5	0
 -38.5	0
 -37.5	2
 -36.5	1
 -35.5	0
 -34.5	1
 -33.5	1
 -32.5	0
 -31.5	0
 -30.5	0
 -29.5	1
 -28.5	0
 -27.5	0
 -26.5	0
 -25.5	0
 -24.5	0
 -23.5	0
 -22.5	0
 -21.5	0
 -20.5	0
 -19.5	0
 -18.5	1
 -17.5	0.5
 -16.5	0
 -15.5	0
 -14.5	0
 -13.5	0
 -12.5	1
 -11.5	0
 -10.5	0
  -9.5	0
  -8.5	0
  -7.5	0
  -6.5	0
  -5.5	0
  -4.5	0
  -3.5	1
  -2.5	1
  -1.5	0
  -0.5	0
   0.5	0
   1.5	1
   2.5	1
   3.5	1
   4.5	0
   5.5	0
   6.5	0
   7.5	0
   8.5	0
   9.5	0
  10.5	2
  11.5	0
  12.5	1
  13.5	0
  14.5	0
  15.5	0
  16.5	0
  17.5	1
  18.5	1
  19.5	0
  20.5	1
  21.5	0
  22.5	1
  23.5	1
  24.5	0
  25.5	3
  26.5	1
  27.5	1
  28.5	0
  29.5	0
  30.5	0
  31.5	0
  32.5	1
  33.5	0
  34.5	1
  35.5	0
  36.5	0
  37.5	0
  38.5	1
  39.5	0
  40.5	0
  41.5	0
  42.5	1
  43.5	0
  44.5	0
  45.5	1
  46.5	0
  47.5	0
  48.5	1
  49.5	0
  50.5	1
  51.5	0
  52.5	2
  53.5	0
  54.5	0
  55.5	0
  56.5	0
  57.5	1
  58.5	0
  59.5	0
  60.5	0
  61.5	0
  62.5	0
  63.5	2
  64.5	0
  65.5	2
  66.5	1
  67.5	1
  68.5	0
  69.5	0
  70.5	1
  71.5	0
  72.5	1
  73.5	0
  74.5	0
  75.5	0
  76.5	0
  77.5	1
  78.5	0
  79.5	0
  80.5	1
  81.5	0
  82.5	1
  83.5	0
  84.5	0
  85.5	0
  86.5	0
  87.5	0
  88.5	0
  89.5	0
  90.5	0
  91.5	0
  92.5	0
  93.5	1
  94.5	0
  95.5	0
  96.5	0
  97.5	0
  98.5	0
  99.5	1
 100.5	0
 101.5	0
 102.5	0
 103.5	0
 104.5	0
 105.5	0
 106.5	0
 107.5	0
 108.5	0
 109.5	0
 110.5	0
 111.5	0
 112.5	0
 113.5	0
 114.5	0
 115.5	0
 116.5	0
 117.5	0
 118.5	0
 119.5	0
 120.5	0
 121.5	1
 122.5	0
 123.5	0
 124.5	0
 125.5	0
 126.5	0
 127.5	0
 128.5	0
 129.5	0
 130.5	0
 131.5	0
 132.5	0
 133.5	0
 134.5	0
 135.5	0
 136.5	0
 137.5	2
 138.5	0
 139.5	0
 140.5	0
 141.5	0
 142.5	0
 143.5	0
 144.5	0
 145.5	2
 146.5	0
 147.5	0
 148.5	0
 149.5	1.5
 150.5	0
 151.5	0
 152.5	0
 153.5	0
 154.5	0
 155.5	0
 156.5	0
 157.5	0
 158.5	2
 159.5	0
 160.5	0
 161.5	0
 162.5	0
 163.5	0
 164.5	0
 165.5	0
 166.5	0
 167.5	0
 168.5	0
 169.5	1
 170.5	0
 171.5	0
 172.5	0
 173.5	0
 174.5	2
 175.5	0
 176.5	0
 177.5	0
 178.5	0
 179.5	1
 180.5	1
 181.5	0
 182.5	0
 183.5	0
 184.5	0
 185.5	0
 186.5	0
 187.5	1
 188.5	0
 189.5	0
 190.5	0
 191.5	0
 192.5	0
 193.5	0
 194.5	0
 195.5	0
 196.5	0
 197.5	0
 198.5	0
 199.5	0
 200.5	0
 201.5	0
 202.5	0
 203.5	0
 204.5	0
 205.5	0
 206.5	0
 207.5	0
 208.5	0
 209.5	0
 210.5	0
 211.5	0
 212.5	0
 213.5	0
 214.5	0
 215.5	0
 216.5	0
 217.5	0
 218.5	0
 219.5	0
 220.5	0
 221.5	0
 222.5	0
 223.5	0
 224.5	0
 225.5	0
DB 2 MOTIF	NR2C1_HUMAN.H11MO.0.C
-228.5	17
-227.5	12
-226.5	22
-225.5	18
-224.5	12
-223.5	25
-222.5	13
-221.5	13
-220.5	10
-219.5	11
-218.5	14
-217.5	18
-216.5	16
-215.5	17
-214.5	13
-213.5	15
-212.5	18
-211.5	16
-210.5	18
-209.5	24
-208.5	10
-207.5	16
-206.5	19
-205.5	20
-204.5	20.5
-203.5	7
-202.5	15
-201.5	23
-200.5	22
-199.5	12
-198.5	17.5
-197.5	22
-196.5	20
-195.5	11
-194.5	14
-193.5	18
-192.5	20
-191.5	18
-190.5	18
-189.5	18
-188.5	13
-187.5	16
-186.5	15
-185.5	18
-184.5	21
-183.5	17
-182.5	17
-181.5	10
-180.5	32
-179.5	17
-178.5	25
-177.5	23
-176.5	17
-175.5	18
-174.5	22
-173.5	14
-172.5	20.8333
-171.5	15
-170.5	20
-169.5	11
-168.5	20
-167.5	22
-166.5	23
-165.5	20
-164.5	20
-163.5	13
-162.5	13
-161.5	13
-160.5	19
-159.5	17
-158.5	19
-157.5	14
-156.5	13
-155.5	22
-154.5	14
-153.5	22
-152.5	13
-151.5	16.3333
-150.5	26
-149.5	19
-148.5	16
-147.5	10
-146.5	18.5
-145.5	16
-144.5	15
-143.5	14
-142.5	17
-141.5	21
-140.5	17
-139.5	20
-138.5	20
-137.5	21
-136.5	18
-135.5	21
-134.5	21
-133.5	23
-132.5	17
-131.5	23.3333
-130.5	17
-129.5	20
-128.5	16
-127.5	11
-126.5	23
-125.5	17
-124.5	24
-123.5	20
-122.5	22
-121.5	19
-120.5	21
-119.5	17
-118.5	23
-117.5	15
-116.5	13
-115.5	9
-114.5	17
-113.5	12
-112.5	16.5
-111.5	16
-110.5	15
-109.5	21
-108.5	19
-107.5	16
-106.5	13
-105.5	18
-104.5	13
-103.5	14
-102.5	20
-101.5	16.5
-100.5	10
 -99.5	17
 -98.5	14
 -97.5	14
 -96.5	17
 -95.5	24
 -94.5	23
 -93.5	20
 -92.5	25
 -91.5	24
 -90.5	11
 -89.5	15
 -88.5	23
 -87.5	28
 -86.5	22
 -85.5	13
 -84.5	17
 -83.5	23
 -82.5	24.5
 -81.5	20
 -80.5	18
 -79.5	24
 -78.5	20
 -77.5	23
 -76.5	16
 -75.5	24
 -74.5	16
 -73.5	17
 -72.5	18
 -71.5	14
 -70.5	20
 -69.5	17
 -68.5	19
 -67.5	22
 -66.5	17
 -65.5	19
 -64.5	20
 -63.5	22
 -62.5	20
 -61.5	16
 -60.5	15.5
 -59.5	22
 -58.5	19
 -57.5	18
 -56.5	26
 -55.5	19
 -54.5	19
 -53.5	24
 -52.5	26
 -51.5	19
 -50.5	14
 -49.5	20
 -48.5	24
 -47.5	14
 -46.5	11
 -45.5	18
 -44.5	11.5
 -43.5	21
 -42.5	21
 -41.5	21
 -40.5	19
 -39.5	12
 -38.5	17
 -37.5	12
 -36.5	23
 -35.5	22
 -34.5	19
 -33.5	23
 -32.5	17
 -31.5	22
 -30.5	23
 -29.5	26
 -28.5	19
 -27.5	17
 -26.5	22
 -25.5	15
 -24.5	22
 -23.5	21
 -22.5	20
 -21.5	24
 -20.5	12
 -19.5	17
 -18.5	22.5
 -17.5	21
 -16.5	10
 -15.5	21
 -14.5	20
 -13.5	18.5
 -12.5	16
 -11.5	16
 -10.5	21
  -9.5	22
  -8.5	15
  -7.5	20
  -6.5	19
  -5.5	20
  -4.5	25
  -3.5	25
  -2.5	19
  -1.5	16
  -0.5	25
   0.5	15
   1.5	15
   2.5	19
   3.5	19
   4.5	18.5
   5.5	19
   6.5	17
   7.5	19
   8.5	17
   9.5	30
  10.5	18
  11.5	24
  12.5	15
  13.5	23
  14.5	19
  15.5	13
  16.5	18
  17.5	21
  18.5	22
  19.5	11
  20.5	15
  21.5	16
  22.5	18
  23.5	18
  24.5	17
  25.5	17
  26.5	18
  27.5	12
  28.5	21
  29.5	20
  30.5	23
  31.5	17
  32.5	27.5
  33.5	19.5
  34.5	20
  35.5	20
  36.5	18
  37.5	17
  38.5	25
  39.5	11
  40.5	22
  41.5	20
  42.5	27
  43.5	20
  44.5	19
  45.5	20
  46.5	23
  47.5	18
  48.5	7
  49.5	16
  50.5	20
  51.5	23
  52.5	17
  53.5	11
  54.5	19
  55.5	19
  56.5	18.5
  57.5	23
  58.5	22
  59.5	19
  60.5	19
  61.5	19
  62.5	16
  63.5	11
  64.5	23
  65.5	23
  66.5	18
  67.5	27
  68.5	21
  69.5	22
  70.5	14
  71.5	22
  72.5	21
  73.5	12
  74.5	27
  75.5	23
  76.5	28
  77.5	31
  78.5	20
  79.5	18
  80.5	20
  81.5	16
  82.5	14
  83.5	18
  84.5	24
  85.5	15.5
  86.5	17
  87.5	18
  88.5	18
  89.5	20
  90.5	9
  91.5	17
  92.5	10
  93.5	15
  94.5	16
  95.5	16
  96.5	14
  97.5	18
  98.5	20
  99.5	22
 100.5	14
 101.5	24
 102.5	22
 103.5	13
 104.5	11
 105.5	13
 106.5	25
 107.5	18
 108.5	17
 109.5	15
 110.5	16.5
 111.5	18
 112.5	8
 113.5	15
 114.5	15
 115.5	18
 116.5	16
 117.5	20
 118.5	25
 119.5	18
 120.5	14
 121.5	13
 122.5	12
 123.5	12
 124.5	12
 125.5	18
 126.5	13
 127.5	18
 128.5	14
 129.5	19
 130.5	14
 131.5	14
 132.5	15
 133.5	19
 134.5	16
 135.5	16
 136.5	15
 137.5	11.5
 138.5	13.5
 139.5	21
 140.5	26
 141.5	18.5
 142.5	21
 143.5	21
 144.5	20
 145.5	13
 146.5	26.5
 147.5	15
 148.5	19.5
 149.5	17
 150.5	19
 151.5	15
 152.5	21
 153.5	15
 154.5	15
 155.5	24
 156.5	10
 157.5	18
 158.5	14.5
 159.5	22
 160.5	19
 161.5	19
 162.5	29
 163.5	21
 164.5	14
 165.5	15
 166.5	16
 167.5	21
 168.5	14
 169.5	20
 170.5	13
 171.5	16
 172.5	21
 173.5	18
 174.5	25
 175.5	12
 176.5	7
 177.5	21
 178.5	15
 179.5	9
 180.5	7
 181.5	24
 182.5	21
 183.5	19
 184.5	17
 185.5	24
 186.5	26
 187.5	15
 188.5	17
 189.5	16
 190.5	23
 191.5	18
 192.5	16
 193.5	25
 194.5	12
 195.5	13
 196.5	14
 197.5	18
 198.5	17
 199.5	18
 200.5	19
 201.5	18
 202.5	25
 203.5	28
 204.5	16
 205.5	23
 206.5	18
 207.5	24
 208.5	22
 209.5	22
 210.5	17
 211.5	12
 212.5	30
 213.5	21
 214.5	18
 215.5	17
 216.5	12
 217.5	24
 218.5	16
 219.5	11
 220.5	19.5
 221.5	19
 222.5	15
 223.5	16
 224.5	18
 225.5	20
 226.5	20
 227.5	20
 228.5	14
DB 2 MOTIF	NR2C2_HUMAN.H11MO.0.B
-229.0	31
-228.0	32
-227.0	30
-226.0	39
-225.0	39.5
-224.0	29
-223.0	29
-222.0	32
-221.0	23
-220.0	21
-219.0	21
-218.0	36
-217.0	34
-216.0	33
-215.0	26
-214.0	38
-213.0	26
-212.0	32.5
-211.0	24
-210.0	32
-209.0	24
-208.0	37
-207.0	36
-206.0	31
-205.0	27.5
-204.0	35
-203.0	28
-202.0	29
-201.0	25.5
-200.0	25
-199.0	30
-198.0	32.5
-197.0	37
-196.0	37
-195.0	21.5
-194.0	25.5
-193.0	29
-192.0	37.5
-191.0	33
-190.0	39
-189.0	25
-188.0	39
-187.0	23
-186.0	39.5
-185.0	38.5
-184.0	29
-183.0	31.5
-182.0	28
-181.0	31
-180.0	41
-179.0	44
-178.0	23
-177.0	36.5
-176.0	26
-175.0	34
-174.0	40
-173.0	32
-172.0	30
-171.0	30
-170.0	36.5
-169.0	32
-168.0	40
-167.0	34
-166.0	28
-165.0	33.5
-164.0	31
-163.0	29
-162.0	29
-161.0	32.5
-160.0	36
-159.0	29
-158.0	35.5
-157.0	29
-156.0	42
-155.0	22
-154.0	39.5
-153.0	29
-152.0	35
-151.0	32
-150.0	31.5
-149.0	40
-148.0	29.5
-147.0	32
-146.0	28
-145.0	27
-144.0	38.5
-143.0	29
-142.0	29
-141.0	28
-140.0	41
-139.0	36
-138.0	42.5
-137.0	38.5
-136.0	22.5
-135.0	33
-134.0	28
-133.0	46.5
-132.0	37
-131.0	29
-130.0	22.5
-129.0	30
-128.0	30.5
-127.0	33
-126.0	36
-125.0	34
-124.0	37
-123.0	43
-122.0	38
-121.0	19
-120.0	31
-119.0	38
-118.0	32
-117.0	36
-116.0	20
-115.0	37
-114.0	44
-113.0	23.5
-112.0	34.5
-111.0	34.5
-110.0	40
-109.0	29
-108.0	21
-107.0	26
-106.0	31
-105.0	34.5
-104.0	43.5
-103.0	30
-102.0	33
-101.0	37.5
-100.0	33
 -99.0	45.5
 -98.0	32
 -97.0	35.5
 -96.0	33
 -95.0	41
 -94.0	26
 -93.0	34
 -92.0	25
 -91.0	39
 -90.0	45.5
 -89.0	30
 -88.0	39.5
 -87.0	38
 -86.0	38
 -85.0	28
 -84.0	38
 -83.0	31
 -82.0	29.5
 -81.0	42
 -80.0	28
 -79.0	31.5
 -78.0	31
 -77.0	30
 -76.0	28
 -75.0	40
 -74.0	47
 -73.0	36.5
 -72.0	28
 -71.0	31
 -70.0	39
 -69.0	28
 -68.0	39
 -67.0	37.5
 -66.0	36
 -65.0	37
 -64.0	23
 -63.0	44
 -62.0	27.5
 -61.0	37
 -60.0	32.5
 -59.0	36
 -58.0	32
 -57.0	25
 -56.0	31
 -55.0	31
 -54.0	31
 -53.0	38
 -52.0	35
 -51.0	42
 -50.0	33
 -49.0	34
 -48.0	43
 -47.0	29
 -46.0	38
 -45.0	30
 -44.0	46
 -43.0	46
 -42.0	29.5
 -41.0	36
 -40.0	32.5
 -39.0	32.5
 -38.0	25.5
 -37.0	28
 -36.0	38.5
 -35.0	29
 -34.0	36.5
 -33.0	34.5
 -32.0	34
 -31.0	42
 -30.0	45.5
 -29.0	44.5
 -28.0	33
 -27.0	35
 -26.0	34
 -25.0	24
 -24.0	29
 -23.0	50
 -22.0	35.5
 -21.0	41.5
 -20.0	36
 -19.0	39
 -18.0	40
 -17.0	40.5
 -16.0	46
 -15.0	36
 -14.0	33
 -13.0	29
 -12.0	28
 -11.0	33.5
 -10.0	25
  -9.0	29.5
  -8.0	31
  -7.0	33
  -6.0	35
  -5.0	33
  -4.0	40
  -3.0	37.75
  -2.0	37.5
  -1.0	39.5
   0.0	40.5
   1.0	35
   2.0	31
   3.0	22.5
   4.0	29.5
   5.0	32
   6.0	27
   7.0	39
   8.0	36
   9.0	25.5
  10.0	38.5
  11.0	29
  12.0	33.5
  13.0	43
  14.0	42
  15.0	35
  16.0	26
  17.0	33.5
  18.0	38.5
  19.0	39
  20.0	43.5
  21.0	40
  22.0	31
  23.0	39.5
  24.0	31
  25.0	46.5
  26.0	40
  27.0	25
  28.0	33
  29.0	36
  30.0	31
  31.0	33
  32.0	37
  33.0	38
  34.0	35
  35.0	39
  36.0	42.5
  37.0	35.5
  38.0	35.5
  39.0	29.5
  40.0	33.5
  41.0	27.5
  42.0	31
  43.0	38
  44.0	36
  45.0	37
  46.0	29
  47.0	31
  48.0	30
  49.0	19
  50.0	34.75
  51.0	36.5
  52.0	45
  53.0	33.5
  54.0	27.5
  55.0	41
  56.0	35
  57.0	37
  58.0	39
  59.0	27
  60.0	32
  61.0	49
  62.0	23
  63.0	31
  64.0	28.5
  65.0	41
  66.0	29
  67.0	38
  68.0	38
  69.0	26
  70.0	33
  71.0	22.5
  72.0	39
  73.0	37
  74.0	23
  75.0	44
  76.0	35
  77.0	36.5
  78.0	37
  79.0	38
  80.0	33.5
  81.0	31.5
  82.0	33.5
  83.0	26
  84.0	35
  85.0	33
  86.0	30
  87.0	25
  88.0	30.5
  89.0	28
  90.0	28
  91.0	25
  92.0	44
  93.0	26
  94.0	37
  95.0	43
  96.0	34
  97.0	31
  98.0	31.5
  99.0	37
 100.0	30.5
 101.0	30
 102.0	25
 103.0	30.25
 104.0	28
 105.0	35.5
 106.0	22
 107.0	30
 108.0	39
 109.0	36
 110.0	37.5
 111.0	23
 112.0	33
 113.0	36
 114.0	27
 115.0	34.5
 116.0	25
 117.0	42
 118.0	31
 119.0	41
 120.0	26
 121.0	20
 122.0	32
 123.0	34
 124.0	26
 125.0	24
 126.0	29
 127.0	43
 128.0	28
 129.0	34.5
 130.0	33
 131.0	35.5
 132.0	29
 133.0	29
 134.0	38
 135.0	38
 136.0	39.5
 137.0	41
 138.0	32
 139.0	44
 140.0	28
 141.0	30.5
 142.0	34
 143.0	30
 144.0	26
 145.0	25
 146.0	33.5
 147.0	26.5
 148.0	28.5
 149.0	38.5
 150.0	36.5
 151.0	34
 152.0	38
 153.0	27
 154.0	31
 155.0	30
 156.0	31.25
 157.0	32
 158.0	31
 159.0	28
 160.0	22
 161.0	27
 162.0	31
 163.0	28
 164.0	35
 165.0	25
 166.0	29.5
 167.0	40
 168.0	34
 169.0	37
 170.0	25
 171.0	32
 172.0	33
 173.0	38
 174.0	34.5
 175.0	30.5
 176.0	23
 177.0	29.5
 178.0	31.5
 179.0	34
 180.0	33
 181.0	40
 182.0	45.5
 183.0	36
 184.0	31
 185.0	34
 186.0	19
 187.0	28
 188.0	35
 189.0	30.5
 190.0	31
 191.0	29
 192.0	26
 193.0	32
 194.0	36
 195.0	26
 196.0	28.5
 197.0	32.5
 198.0	37
 199.0	36
 200.0	37
 201.0	33
 202.0	30
 203.0	29
 204.0	29
 205.0	37
 206.0	29
 207.0	33
 208.0	28
 209.0	34
 210.0	31
 211.0	32.5
 212.0	43.5
 213.0	34
 214.0	26
 215.0	31
 216.0	41
 217.0	37
 218.0	24
 219.0	40
 220.0	29
 221.0	29.5
 222.0	37
 223.0	37
 224.0	29.5
 225.0	32
 226.0	25
 227.0	30
 228.0	31
 229.0	29
DB 2 MOTIF	NRF1_HUMAN.H11MO.0.A
-226.5	8
-225.5	13
-224.5	7
-223.5	8
-222.5	14
-221.5	10
-220.5	13
-219.5	13
-218.5	10
-217.5	8.5
-216.5	7
-215.5	11
-214.5	13
-213.5	8
-212.5	9
-211.5	9
-210.5	8
-209.5	8
-208.5	6.5
-207.5	9
-206.5	9
-205.5	10
-204.5	6
-203.5	3
-202.5	13
-201.5	11
-200.5	6
-199.5	4
-198.5	10
-197.5	11
-196.5	11
-195.5	9
-194.5	8
-193.5	7
-192.5	9
-191.5	2
-190.5	12
-189.5	18.5
-188.5	7
-187.5	8
-186.5	12
-185.5	10
-184.5	12
-183.5	8
-182.5	13
-181.5	9
-180.5	7
-179.5	9
-178.5	7
-177.5	8
-176.5	6
-175.5	12
-174.5	8
-173.5	8
-172.5	9
-171.5	11
-170.5	13
-169.5	10
-168.5	10
-167.5	6
-166.5	14
-165.5	11
-164.5	8
-163.5	6
-162.5	12
-161.5	8
-160.5	11
-159.5	13
-158.5	10
-157.5	9
-156.5	7
-155.5	7
-154.5	8
-153.5	11.5
-152.5	7
-151.5	14
-150.5	5
-149.5	9
-148.5	10
-147.5	8
-146.5	8
-145.5	8
-144.5	8
-143.5	7
-142.5	11
-141.5	8.5
-140.5	14
-139.5	13
-138.5	13
-137.5	8
-136.5	14
-135.5	8
-134.5	12
-133.5	5
-132.5	9
-131.5	10
-130.5	13
-129.5	15
-128.5	7
-127.5	10
-126.5	13.5
-125.5	11
-124.5	9
-123.5	17
-122.5	12
-121.5	19
-120.5	13
-119.5	11
-118.5	7
-117.5	13
-116.5	5
-115.5	11
-114.5	14
-113.5	8
-112.5	6
-111.5	12
-110.5	10
-109.5	12
-108.5	11
-107.5	14
-106.5	10
-105.5	11.3333
-104.5	15
-103.5	5
-102.5	8
-101.5	15
-100.5	8
 -99.5	12
 -98.5	9
 -97.5	9
 -96.5	11
 -95.5	15
 -94.5	8
 -93.5	19
 -92.5	12.5
 -91.5	13
 -90.5	21
 -89.5	15
 -88.5	14
 -87.5	15
 -86.5	12
 -85.5	9
 -84.5	11
 -83.5	13
 -82.5	12
 -81.5	14
 -80.5	12
 -79.5	17
 -78.5	12
 -77.5	16
 -76.5	18.8333
 -75.5	8
 -74.5	11
 -73.5	12
 -72.5	19
 -71.5	15
 -70.5	14.5
 -69.5	14
 -68.5	13
 -67.5	14
 -66.5	13
 -65.5	10
 -64.5	10
 -63.5	18
 -62.5	19
 -61.5	26.5
 -60.5	13
 -59.5	15
 -58.5	11
 -57.5	17
 -56.5	12
 -55.5	11
 -54.5	19
 -53.5	14
 -52.5	10
 -51.5	13
 -50.5	16
 -49.5	17
 -48.5	14
 -47.5	11.3333
 -46.5	12
 -45.5	18
 -44.5	16
 -43.5	17
 -42.5	12
 -41.5	19
 -40.5	15
 -39.5	17
 -38.5	19
 -37.5	12
 -36.5	17.5
 -35.5	14
 -34.5	17
 -33.5	16
 -32.5	15
 -31.5	15
 -30.5	11
 -29.5	17
 -28.5	18
 -27.5	14
 -26.5	14
 -25.5	12
 -24.5	26
 -23.5	17
 -22.5	13
 -21.5	16
 -20.5	11
 -19.5	17
 -18.5	16
 -17.5	18.5
 -16.5	12
 -15.5	17
 -14.5	13
 -13.5	17
 -12.5	18
 -11.5	23.5
 -10.5	11
  -9.5	18
  -8.5	12
  -7.5	25
  -6.5	14
  -5.5	18
  -4.5	25
  -3.5	24
  -2.5	16
  -1.5	11
  -0.5	16
   0.5	15
   1.5	8
   2.5	12
   3.5	15
   4.5	13
   5.5	15
   6.5	21
   7.5	12
   8.5	15
   9.5	13
  10.5	12
  11.5	18
  12.5	18
  13.5	14
  14.5	11
  15.5	17
  16.5	20
  17.5	13
  18.5	21
  19.5	11
  20.5	12
  21.5	7
  22.5	16
  23.5	17
  24.5	14
  25.5	16
  26.5	15
  27.5	13
  28.5	19
  29.5	18
  30.5	18
  31.5	10
  32.5	17
  33.5	10
  34.5	16
  35.5	16
  36.5	20.5
  37.5	15
  38.5	14
  39.5	16
  40.5	13
  41.5	13
  42.5	15
  43.5	11
  44.5	13
  45.5	14.5
  46.5	12
  47.5	13
  48.5	19
  49.5	13
  50.5	11
  51.5	16
  52.5	15
  53.5	20
  54.5	17
  55.5	11
  56.5	23
  57.5	15
  58.5	17
  59.5	12
  60.5	16
  61.5	14
  62.5	14
  63.5	21
  64.5	15
  65.5	12
  66.5	14
  67.5	16
  68.5	17
  69.5	16
  70.5	6
  71.5	13
  72.5	12
  73.5	14
  74.5	11
  75.5	19
  76.5	14
  77.5	11
  78.5	12
  79.5	13.5
  80.5	10
  81.5	14
  82.5	14
  83.5	8
  84.5	20
  85.5	12
  86.5	8
  87.5	16
  88.5	19
  89.5	9
  90.5	5.5
  91.5	8
  92.5	12
  93.5	13
  94.5	10
  95.5	14
  96.5	10
  97.5	13
  98.5	6
  99.5	10
 100.5	9
 101.5	11
 102.5	11
 103.5	9
 104.5	15
 105.5	11
 106.5	14
 107.5	11
 108.5	16
 109.5	10
 110.5	11
 111.5	15
 112.5	7
 113.5	11
 114.5	7
 115.5	8
 116.5	6
 117.5	12
 118.5	15
 119.5	10
 120.5	6
 121.5	12
 122.5	15
 123.5	9
 124.5	8.5
 125.5	11
 126.5	10
 127.5	4
 128.5	12
 129.5	10
 130.5	9.5
 131.5	12
 132.5	4
 133.5	10
 134.5	11
 135.5	11
 136.5	10
 137.5	8
 138.5	11
 139.5	9
 140.5	9
 141.5	5
 142.5	9
 143.5	10
 144.5	6
 145.5	15
 146.5	13
 147.5	10
 148.5	15
 149.5	13
 150.5	7
 151.5	7
 152.5	10
 153.5	7
 154.5	7
 155.5	6
 156.5	11
 157.5	9
 158.5	5
 159.5	15
 160.5	8
 161.5	8
 162.5	7
 163.5	11
 164.5	9
 165.5	8
 166.5	4
 167.5	6
 168.5	8
 169.5	10
 170.5	14
 171.5	10
 172.5	8
 173.5	4
 174.5	15
 175.5	6
 176.5	12
 177.5	5
 178.5	10
 179.5	6
 180.5	8
 181.5	8
 182.5	10
 183.5	8
 184.5	5
 185.5	9
 186.5	9
 187.5	7
 188.5	8
 189.5	3
 190.5	9
 191.5	9
 192.5	14
 193.5	10
 194.5	10
 195.5	8
 196.5	5
 197.5	9
 198.5	10
 199.5	10
 200.5	4
 201.5	10
 202.5	10
 203.5	12
 204.5	11.5
 205.5	9
 206.5	9
 207.5	9
 208.5	5
 209.5	14
 210.5	8
 211.5	11
 212.5	4
 213.5	5
 214.5	3
 215.5	7
 216.5	4
 217.5	10
 218.5	8
 219.5	4
 220.5	5
 221.5	15
 222.5	11
 223.5	10
 224.5	11
 225.5	5
 226.5	8
DB 2 MOTIF	PTF1A_HUMAN.H11MO.1.B
-230.5	34.5833
-229.5	40.8333
-228.5	33
-227.5	37.25
-226.5	25
-225.5	33
-224.5	41.25
-223.5	28
-222.5	33
-221.5	33.25
-220.5	34
-219.5	47
-218.5	23.5
-217.5	26
-216.5	43
-215.5	32.5
-214.5	36.8333
-213.5	34.5
-212.5	38
-211.5	38.3333
-210.5	33
-209.5	21
-208.5	36.8333
-207.5	37.5
-206.5	27
-205.5	37
-204.5	28.5
-203.5	25
-202.5	34.5
-201.5	54
-200.5	39
-199.5	36
-198.5	42.5
-197.5	26.5
-196.5	29.5
-195.5	39
-194.5	33.25
-193.5	44
-192.5	43
-191.5	29.0833
-190.5	38.8333
-189.5	24.5
-188.5	36.75
-187.5	29.5
-186.5	30.3333
-185.5	33.25
-184.5	46.5
-183.5	23.1667
-182.5	40.5
-181.5	32.5
-180.5	32.3333
-179.5	33
-178.5	36
-177.5	23
-176.5	33.3333
-175.5	41.8333
-174.5	34.3333
-173.5	38
-172.5	25
-171.5	33
-170.5	24
-169.5	40
-168.5	36.5
-167.5	38
-166.5	32.5
-165.5	34.8333
-164.5	29
-163.5	34.5
-162.5	35.5
-161.5	30.5
-160.5	35
-159.5	42
-158.5	32.1429
-157.5	43
-156.5	29
-155.5	35.5
-154.5	39
-153.5	31.5
-152.5	35.5
-151.5	28.5
-150.5	39
-149.5	33.25
-148.5	25
-147.5	42
-146.5	24.75
-145.5	18.3333
-144.5	28
-143.5	31.5
-142.5	47.3333
-141.5	36.5
-140.5	30.5
-139.5	29.3333
-138.5	39.3333
-137.5	41.8333
-136.5	33
-135.5	25.3333
-134.5	43.3333
-133.5	40.5
-132.5	26.3333
-131.5	28.8333
-130.5	43.45
-129.5	36
-128.5	39
-127.5	36.95
-126.5	29.3333
-125.5	28
-124.5	39.2
-123.5	29
-122.5	28
-121.5	36.45
-120.5	38.5
-119.5	30.5
-118.5	37.2
-117.5	38.5
-116.5	38.5
-115.5	25
-114.5	31
-113.5	45
-112.5	46
-111.5	36.5
-110.5	36.5
-109.5	42.5
-108.5	34
-107.5	36.5
-106.5	32
-105.5	39
-104.5	44.1667
-103.5	38.5
-102.5	47.3333
-101.5	23.3333
-100.5	24.5
 -99.5	28
 -98.5	39
 -97.5	35
 -96.5	34
 -95.5	27
 -94.5	35.6429
 -93.5	38.5
 -92.5	33.5
 -91.5	28.6667
 -90.5	26
 -89.5	32
 -88.5	36.8333
 -87.5	34.5
 -86.5	39.5
 -85.5	28.3333
 -84.5	35
 -83.5	43
 -82.5	28
 -81.5	37
 -80.5	31.5
 -79.5	24
 -78.5	42.75
 -77.5	35.1667
 -76.5	33
 -75.5	36
 -74.5	30.0833
 -73.5	30.5
 -72.5	44
 -71.5	37.5
 -70.5	29.8333
 -69.5	34.3333
 -68.5	34.5
 -67.5	34
 -66.5	28.5
 -65.5	39.3333
 -64.5	39
 -63.5	25.5
 -62.5	32.75
 -61.5	29.8333
 -60.5	45
 -59.5	30.75
 -58.5	31.5
 -57.5	24.5
 -56.5	38.25
 -55.5	37.5
 -54.5	38
 -53.5	34.5
 -52.5	24.5
 -51.5	33
 -50.5	39.5
 -49.5	40
 -48.5	42.3333
 -47.5	38.5
 -46.5	21.5
 -45.5	38.3333
 -44.5	35.8333
 -43.5	29
 -42.5	39.1667
 -41.5	33.3333
 -40.5	46
 -39.5	26
 -38.5	36.3333
 -37.5	38
 -36.5	42
 -35.5	37.3333
 -34.5	39.5
 -33.5	38.75
 -32.5	38
 -31.5	31.3429
 -30.5	38.3333
 -29.5	31
 -28.5	34.8333
 -27.5	36
 -26.5	46
 -25.5	37.8333
 -24.5	42
 -23.5	40.8333
 -22.5	29.3333
 -21.5	39.5
 -20.5	36.5
 -19.5	30
 -18.5	40
 -17.5	44.3333
 -16.5	46.8333
 -15.5	40
 -14.5	42
 -13.5	49.6667
 -12.5	25.5
 -11.5	23.5
 -10.5	37.6667
  -9.5	32.5
  -8.5	33
  -7.5	33.5
  -6.5	45.5
  -5.5	28
  -4.5	37
  -3.5	31.75
  -2.5	38.5
  -1.5	39
  -0.5	30.5
   0.5	33
   1.5	40.5
   2.5	44
   3.5	38.5
   4.5	43
   5.5	22
   6.5	27
   7.5	41.5
   8.5	33.3333
   9.5	36.5
  10.5	28.5
  11.5	30
  12.5	34
  13.5	41.5
  14.5	37
  15.5	41.5
  16.5	41.5
  17.5	43
  18.5	46
  19.5	34
  20.5	26
  21.5	33.7
  22.5	46.5
  23.5	33.5
  24.5	34
  25.5	31
  26.5	47.5
  27.5	27.5
  28.5	38.5
  29.5	40
  30.5	43.5
  31.5	37
  32.5	37.6429
  33.5	39.5
  34.5	42
  35.5	42.5
  36.5	47
  37.5	39.5
  38.5	34.5
  39.5	32
  40.5	27
  41.5	36
  42.5	27.5
  43.5	47.8333
  44.5	26.8333
  45.5	26
  46.5	45.3333
  47.5	35.5
  48.5	33.5
  49.5	34.3333
  50.5	23
  51.5	35.5
  52.5	43
  53.5	33.3333
  54.5	41.25
  55.5	44
  56.5	39.3333
  57.5	46
  58.5	38.5
  59.5	27.8333
  60.5	35
  61.5	32.5
  62.5	29.5
  63.5	44.5
  64.5	36.5
  65.5	35.5
  66.5	29.5
  67.5	30.5
  68.5	38
  69.5	50.3333
  70.5	35.5
  71.5	36.5
  72.5	30.3333
  73.5	35.5
  74.5	42.0333
  75.5	27.3333
  76.5	33
  77.5	33
  78.5	27.5
  79.5	24.5
  80.5	33.5
  81.5	31
  82.5	36.5
  83.5	36.5
  84.5	36.5
  85.5	38.3333
  86.5	20
  87.5	24.5
  88.5	35
  89.5	31
  90.5	38.3333
  91.5	31
  92.5	26.5
  93.5	31
  94.5	25.5
  95.5	44.1429
  96.5	42.3333
  97.5	29.6667
  98.5	40.5
  99.5	38
 100.5	33.6667
 101.5	31.5
 102.5	23
 103.5	28.1667
 104.5	37
 105.5	38.3333
 106.5	30.5
 107.5	28.5
 108.5	39
 109.5	36.3333
 110.5	33
 111.5	30.5
 112.5	40
 113.5	36.0769
 114.5	36.5
 115.5	31
 116.5	43.4103
 117.5	43.1667
 118.5	41.5
 119.5	28.5769
 120.5	21.3333
 121.5	27.5
 122.5	32.4103
 123.5	33.5
 124.5	35
 125.5	25.7436
 126.5	39
 127.5	45.2
 128.5	39.9103
 129.5	30.3333
 130.5	35
 131.5	33.0769
 132.5	31
 133.5	27.5
 134.5	32.0769
 135.5	34.5
 136.5	30.3333
 137.5	36.9103
 138.5	27
 139.5	33.8333
 140.5	31.5769
 141.5	34
 142.5	25
 143.5	35.4103
 144.5	30
 145.5	39.3333
 146.5	35.0769
 147.5	33.5
 148.5	33.5
 149.5	29.5769
 150.5	35
 151.5	39
 152.5	32.5
 153.5	18.5
 154.5	31.5
 155.5	29
 156.5	33.25
 157.5	33.3333
 158.5	49
 159.5	41.3929
 160.5	31.5
 161.5	44.5
 162.5	36.5
 163.5	40.5
 164.5	31
 165.5	25
 166.5	32.5
 167.5	30.5
 168.5	40.3333
 169.5	34.5
 170.5	38.5
 171.5	38
 172.5	34.5
 173.5	30.3333
 174.5	45
 175.5	31.5
 176.5	35.3333
 177.5	39.5
 178.5	37.5
 179.5	27.3333
 180.5	33.7
 181.5	35.2
 182.5	35
 183.5	47
 184.5	35.7
 185.5	34.5
 186.5	33.5
 187.5	34.2
 188.5	34.5
 189.5	43.8333
 190.5	38.7
 191.5	28
 192.5	38
 193.5	27.7
 194.5	38
 195.5	22.8333
 196.5	36.3333
 197.5	32.5
 198.5	45.5
 199.5	31.5
 200.5	36
 201.5	35.5
 202.5	32.5
 203.5	29.5
 204.5	38
 205.5	28.5
 206.5	49.5
 207.5	30.75
 208.5	34
 209.5	28.5
 210.5	27.25
 211.5	26
 212.5	38.5
 213.5	42.25
 214.5	30.5
 215.5	34
 216.5	40.25
 217.5	34.3333
 218.5	16
 219.5	34
 220.5	29.5
 221.5	39.3333
 222.5	35.2262
 223.5	21.8333
 224.5	28.5
 225.5	30.5
 226.5	39.3333
 227.5	29.5
 228.5	47
 229.5	39.8333
 230.5	33.3333
DB 2 MOTIF	RELB_HUMAN.H11MO.0.C
-229.0	33.5
-228.0	30
-227.0	32
-226.0	34
-225.0	36
-224.0	37
-223.0	33
-222.0	31
-221.0	41
-220.0	34
-219.0	34.5
-218.0	29
-217.0	28.1429
-216.0	40.5
-215.0	35.5
-214.0	25
-213.0	40.7
-212.0	39
-211.0	29
-210.0	26
-209.0	26
-208.0	31.5
-207.0	37
-206.0	38
-205.0	44
-204.0	31
-203.0	29.5
-202.0	35
-201.0	31
-200.0	53.5
-199.0	36
-198.0	33.5
-197.0	43
-196.0	30
-195.0	34
-194.0	38
-193.0	33
-192.0	44
-191.0	36
-190.0	29.5
-189.0	40.2
-188.0	34
-187.0	32.1429
-186.0	29
-185.0	23.5
-184.0	28
-183.0	37
-182.0	42.5
-181.0	34
-180.0	34
-179.0	23
-178.0	33
-177.0	26
-176.0	36.5
-175.0	33.5
-174.0	33.5
-173.0	36
-172.0	29.5
-171.0	30
-170.0	39.5
-169.0	30
-168.0	39
-167.0	39
-166.0	32
-165.0	28.2
-164.0	30
-163.0	30
-162.0	35
-161.0	33
-160.0	36
-159.0	44
-158.0	24.5
-157.0	36.1429
-156.0	33
-155.0	30
-154.0	38
-153.0	29
-152.0	40
-151.0	39
-150.0	26.5
-149.0	24.5
-148.0	30
-147.0	29
-146.0	29
-145.0	30
-144.0	25.5
-143.0	28
-142.0	29.5
-141.0	25.7
-140.0	29.5
-139.0	32.5
-138.0	23
-137.0	37
-136.0	33
-135.0	27.5
-134.0	38.5
-133.0	30
-132.0	39
-131.0	29
-130.0	20
-129.0	36
-128.0	40
-127.0	34.1429
-126.0	25
-125.0	30.5
-124.0	28
-123.0	31
-122.0	37.5
-121.0	36
-120.0	32
-119.0	39
-118.0	28
-117.0	48.2
-116.0	28
-115.0	32
-114.0	33
-113.0	26.5
-112.0	33
-111.0	35.5
-110.0	33
-109.0	34
-108.0	38
-107.0	34
-106.0	31
-105.0	33.5
-104.0	26
-103.0	30
-102.0	30
-101.0	36
-100.0	33.5
 -99.0	40.5
 -98.0	44
 -97.0	32.1429
 -96.0	29
 -95.0	33
 -94.0	40
 -93.0	18
 -92.0	31
 -91.0	35
 -90.0	33
 -89.0	25
 -88.0	20
 -87.0	37
 -86.0	40.5
 -85.0	31
 -84.0	37
 -83.0	34
 -82.0	34
 -81.0	34
 -80.0	23
 -79.0	32.5
 -78.0	32
 -77.0	21
 -76.0	38
 -75.0	34.5
 -74.0	30
 -73.0	42
 -72.0	29.5
 -71.0	33
 -70.0	37
 -69.0	24
 -68.0	40
 -67.0	37.1429
 -66.0	24
 -65.0	30
 -64.0	38
 -63.0	31
 -62.0	29
 -61.0	38
 -60.0	29
 -59.0	28
 -58.0	32
 -57.0	34
 -56.0	34
 -55.0	26
 -54.0	32
 -53.0	27
 -52.0	30
 -51.0	36
 -50.0	28
 -49.0	39
 -48.0	24
 -47.0	32
 -46.0	27
 -45.0	31
 -44.0	33
 -43.0	28
 -42.0	23
 -41.0	31
 -40.0	30.5
 -39.0	29
 -38.0	34
 -37.0	23.6429
 -36.0	35
 -35.0	27
 -34.0	37
 -33.0	30
 -32.0	28
 -31.0	30
 -30.0	36
 -29.0	35
 -28.0	32
 -27.0	32
 -26.0	36
 -25.0	31
 -24.0	23
 -23.0	37.5
 -22.0	37
 -21.0	31
 -20.0	34
 -19.0	30
 -18.0	24
 -17.0	16
 -16.0	39
 -15.0	28
 -14.0	32
 -13.0	36.5
 -12.0	31
 -11.0	25
 -10.0	33.5
  -9.0	31
  -8.0	43
  -7.0	32
  -6.0	32
  -5.0	23
  -4.0	27
  -3.0	39
  -2.0	37
  -1.0	52
   0.0	32
   1.0	36
   2.0	50
   3.0	46
   4.0	32
   5.0	28
   6.0	24.5
   7.0	26.5
   8.0	37.5
   9.0	33
  10.0	47
  11.0	26
  12.0	33
  13.0	29
  14.0	30
  15.0	39
  16.0	29
  17.0	25
  18.0	24
  19.0	40
  20.0	22
  21.0	24.5
  22.0	26
  23.0	26.5
  24.0	35
  25.0	24
  26.0	28.5
  27.0	31
  28.0	36.5
  29.0	35
  30.0	43
  31.0	40
  32.0	27
  33.0	40
  34.0	31
  35.0	31
  36.0	23
  37.0	39.5
  38.0	18
  39.0	32
  40.0	23
  41.0	38
  42.0	35
  43.0	34
  44.0	34
  45.0	29
  46.0	31.5
  47.0	27
  48.0	33
  49.0	24
  50.0	26
  51.0	28
  52.0	39
  53.0	29
  54.0	34
  55.0	35
  56.0	28
  57.0	33.5
  58.0	31
  59.0	21.5
  60.0	35
  61.0	31
  62.0	28
  63.0	33
  64.0	20
  65.0	30
  66.0	38
  67.0	21
  68.0	39
  69.0	31.5
  70.0	30
  71.0	25
  72.0	26
  73.0	23
  74.0	31
  75.0	33
  76.0	34
  77.0	33
  78.0	31
  79.0	27
  80.0	42
  81.0	29
  82.0	24
  83.0	31
  84.0	32
  85.0	41
  86.0	32
  87.0	34
  88.0	27
  89.0	31
  90.0	24
  91.0	38
  92.0	37
  93.0	32
  94.0	27
  95.0	32
  96.0	34
  97.0	26
  98.0	34
  99.0	28
 100.0	35
 101.0	23
 102.0	38
 103.0	41
 104.0	36
 105.0	34
 106.0	31.5
 107.0	31.5
 108.0	30
 109.0	33
 110.0	29
 111.0	23.5
 112.0	26
 113.0	28
 114.0	34
 115.0	36
 116.0	36
 117.0	26
 118.0	37
 119.0	35
 120.0	31
 121.0	40
 122.0	33
 123.0	24
 124.0	42
 125.0	28
 126.0	41
 127.0	38
 128.0	30.5
 129.0	37
 130.0	43
 131.0	30.5
 132.0	25
 133.0	32
 134.0	37
 135.0	28.5
 136.0	27
 137.0	35
 138.0	34
 139.0	39
 140.0	28
 141.0	32
 142.0	41
 143.0	37
 144.0	34
 145.0	35
 146.0	49.5
 147.0	38
 148.0	39
 149.0	29
 150.0	36
 151.0	37
 152.0	23
 153.0	33
 154.0	26
 155.0	28
 156.0	42
 157.0	26
 158.0	30
 159.0	27
 160.0	35.5
 161.0	25
 162.0	28
 163.0	38.5
 164.0	31
 165.0	32.5
 166.0	41
 167.0	27.5
 168.0	29
 169.0	28
 170.0	26
 171.0	37.5
 172.0	26
 173.0	38
 174.0	40
 175.0	28
 176.0	35
 177.0	38
 178.0	39
 179.0	41
 180.0	36.5
 181.0	35
 182.0	29
 183.0	28
 184.0	30
 185.0	41
 186.0	40.5
 187.0	33
 188.0	37
 189.0	26
 190.0	36.5
 191.0	32
 192.0	33
 193.0	46
 194.0	35
 195.0	36
 196.0	26.5
 197.0	33
 198.0	37
 199.0	31
 200.0	35
 201.0	40
 202.0	21
 203.0	36
 204.0	31
 205.0	43
 206.0	26.5
 207.0	37
 208.0	34
 209.0	33.5
 210.0	26.5
 211.0	32
 212.0	35
 213.0	34.5
 214.0	30.5
 215.0	39
 216.0	32
 217.0	41
 218.0	43
 219.0	28
 220.0	24
 221.0	32
 222.0	38
 223.0	32
 224.0	36
 225.0	33
 226.0	33
 227.0	40
 228.0	31
 229.0	41
DB 2 MOTIF	REST_HUMAN.H11MO.0.A
-224.0	7
-223.0	4
-222.0	3
-221.0	4
-220.0	11
-219.0	7
-218.0	12
-217.0	3
-216.0	9
-215.0	12
-214.0	6
-213.0	3
-212.0	14
-211.0	7
-210.0	8
-209.0	9
-208.0	5
-207.0	8
-206.0	5
-205.0	5
-204.0	3
-203.0	8
-202.0	10
-201.0	4
-200.0	5
-199.0	6
-198.0	4
-197.0	8
-196.0	7
-195.0	8
-194.0	5
-193.0	7
-192.0	7
-191.0	7
-190.0	9
-189.0	7
-188.0	6
-187.0	3
-186.0	5
-185.0	4
-184.0	8
-183.0	6
-182.0	10
-181.0	6
-180.0	2
-179.0	3
-178.0	7
-177.0	4
-176.0	4
-175.0	6
-174.0	8
-173.0	5
-172.0	5
-171.0	9
-170.0	4
-169.0	4
-168.0	9
-167.0	7
-166.0	6
-165.0	12
-164.0	2
-163.0	5
-162.0	7
-161.0	9
-160.0	8
-159.0	7
-158.0	4
-157.0	7
-156.0	5
-155.0	7
-154.0	4
-153.0	6
-152.0	5
-151.0	7.5
-150.0	9
-149.0	3
-148.0	4
-147.0	3
-146.0	5
-145.0	12
-144.0	6
-143.0	6
-142.0	6
-141.0	9
-140.0	6
-139.0	5
-138.0	2
-137.0	1
-136.0	2
-135.0	5
-134.0	0
-133.0	4
-132.0	5
-131.0	6
-130.0	4
-129.0	1
-128.0	3
-127.0	4
-126.0	9
-125.0	4
-124.0	7
-123.0	8
-122.0	2
-121.0	8
-120.0	5
-119.0	12
-118.0	9
-117.0	8
-116.0	4
-115.0	4
-114.0	4
-113.0	3
-112.0	8
-111.0	8
-110.0	9
-109.0	7
-108.0	8
-107.0	2
-106.0	6
-105.0	3
-104.0	8
-103.0	8
-102.0	7
-101.0	7
-100.0	10
 -99.0	6
 -98.0	6
 -97.0	7
 -96.0	7
 -95.0	5
 -94.0	6
 -93.0	3
 -92.0	8
 -91.0	5
 -90.0	7
 -89.0	4
 -88.0	1
 -87.0	6
 -86.0	6
 -85.0	7
 -84.0	5
 -83.0	5
 -82.0	5
 -81.0	5
 -80.0	6
 -79.0	3
 -78.0	8
 -77.0	4
 -76.0	6
 -75.0	11
 -74.0	5
 -73.0	8
 -72.0	5
 -71.0	5
 -70.0	8
 -69.0	9
 -68.0	7
 -67.0	6
 -66.0	6
 -65.0	5
 -64.0	4
 -63.0	5
 -62.0	7
 -61.0	5
 -60.0	4
 -59.0	2
 -58.0	8
 -57.0	9
 -56.0	6
 -55.0	5
 -54.0	11
 -53.0	7.5
 -52.0	7
 -51.0	8
 -50.0	7
 -49.0	6
 -48.0	4
 -47.0	6
 -46.0	6
 -45.0	6
 -44.0	7
 -43.0	7
 -42.0	6
 -41.0	3
 -40.0	6
 -39.0	6
 -38.0	8
 -37.0	7
 -36.0	9
 -35.0	3
 -34.0	8
 -33.0	4
 -32.0	8
 -31.0	6
 -30.0	7
 -29.0	7
 -28.0	14
 -27.0	1
 -26.0	8
 -25.0	6
 -24.0	2
 -23.0	5
 -22.0	10
 -21.0	8
 -20.0	5
 -19.0	12
 -18.0	13
 -17.0	13
 -16.0	10
 -15.0	10
 -14.0	10
 -13.0	7
 -12.0	8
 -11.0	15
 -10.0	11
  -9.0	11
  -8.0	10
  -7.0	17
  -6.0	13
  -5.0	5
  -4.0	5
  -3.0	15
  -2.0	13
  -1.0	7
   0.0	5.5
   1.0	12
   2.0	8
   3.0	8
   4.0	10
   5.0	14
   6.0	11
   7.0	18
   8.0	11
   9.0	11
  10.0	7
  11.0	10
  12.0	5
  13.0	12
  14.0	14
  15.0	11
  16.0	7
  17.0	7
  18.0	11
  19.0	14
  20.0	8
  21.0	14
  22.0	7
  23.0	6
  24.0	6.5
  25.0	9
  26.0	7
  27.0	9
  28.0	8
  29.0	4
  30.0	8
  31.0	5
  32.0	4
  33.0	8
  34.0	4
  35.0	7
  36.0	6
  37.0	9
  38.0	4
  39.0	5
  40.0	10
  41.0	6
  42.0	7
  43.0	7
  44.0	12
  45.0	10
  46.0	6
  47.0	9
  48.0	7
  49.0	4
  50.0	7
  51.0	8
  52.0	5
  53.0	11
  54.0	7
  55.0	8
  56.0	7
  57.0	7
  58.0	5
  59.0	4
  60.0	4
  61.0	7
  62.0	7
  63.0	2
  64.0	2
  65.0	8
  66.0	4
  67.0	8
  68.0	8
  69.0	6
  70.0	7
  71.0	7
  72.0	6
  73.0	3.5
  74.0	5
  75.0	6
  76.0	0
  77.0	8
  78.0	6
  79.0	9
  80.0	6
  81.0	8
  82.0	5
  83.0	5
  84.0	7
  85.0	4
  86.0	2
  87.0	9
  88.0	3
  89.0	6
  90.0	6
  91.0	5
  92.0	4
  93.0	7
  94.0	1
  95.0	3
  96.0	3
  97.0	6
  98.0	9
  99.0	4
 100.0	8
 101.0	9
 102.0	4
 103.0	6
 104.0	5
 105.0	8
 106.0	6
 107.0	8
 108.0	5
 109.0	3
 110.0	4
 111.0	10
 112.0	7
 113.0	5
 114.0	6
 115.0	8
 116.0	7
 117.0	7
 118.0	4
 119.0	9
 120.0	9
 121.0	6
 122.0	7
 123.0	6
 124.0	11
 125.0	6
 126.0	5
 127.0	3
 128.0	10
 129.0	5
 130.0	8
 131.0	9
 132.0	9
 133.0	7
 134.0	8
 135.0	5
 136.0	12
 137.0	7
 138.0	7
 139.0	5
 140.0	10
 141.0	4
 142.0	9
 143.0	8
 144.0	3
 145.0	6
 146.0	6
 147.0	5
 148.0	6
 149.0	4
 150.0	10
 151.0	7
 152.0	6
 153.0	8
 154.0	9
 155.0	4
 156.0	3
 157.0	4
 158.0	9
 159.0	7
 160.0	11
 161.0	8
 162.0	6
 163.0	12
 164.0	9
 165.0	10
 166.0	10
 167.0	7
 168.0	9
 169.0	9
 170.0	7.5
 171.0	6
 172.0	7
 173.0	5
 174.0	5
 175.0	9
 176.0	6
 177.0	4
 178.0	4
 179.0	3
 180.0	5
 181.0	5
 182.0	7
 183.0	12
 184.0	11
 185.0	4
 186.0	4
 187.0	7
 188.0	6
 189.0	4
 190.0	5
 191.0	7
 192.0	10
 193.0	9
 194.0	1
 195.0	10
 196.0	5
 197.0	6
 198.0	4
 199.0	6
 200.0	4.5
 201.0	4
 202.0	8
 203.0	2
 204.0	4
 205.0	6
 206.0	5
 207.0	7
 208.0	13
 209.0	6
 210.0	7
 211.0	7
 212.0	8
 213.0	1
 214.0	6
 215.0	4
 216.0	4
 217.0	11
 218.0	6
 219.0	6
 220.0	9
 221.0	6
 222.0	9
 223.0	6
 224.0	6.5
DB 2 MOTIF	RFX1_HUMAN.H11MO.0.B
-224.0	25
-223.0	18
-222.0	23
-221.0	16
-220.0	19
-219.0	23
-218.0	23
-217.0	26
-216.0	16
-215.0	17
-214.0	23
-213.0	21
-212.0	21
-211.0	22
-210.0	21
-209.0	11
-208.0	17
-207.0	14
-206.0	12
-205.0	15.5
-204.0	20
-203.0	24
-202.0	19
-201.0	22
-200.0	18
-199.0	18
-198.0	13
-197.0	17
-196.0	32.5
-195.0	19
-194.0	20
-193.0	16
-192.0	29
-191.0	24
-190.0	12
-189.0	23
-188.0	13.5
-187.0	20
-186.0	20
-185.0	17
-184.0	17
-183.0	25
-182.0	19
-181.0	16
-180.0	24
-179.0	16
-178.0	26
-177.0	15
-176.0	21
-175.0	9.5
-174.0	22
-173.0	22
-172.0	22
-171.0	13
-170.0	23
-169.0	17.5
-168.0	23.5
-167.0	21
-166.0	25
-165.0	27
-164.0	20
-163.0	14
-162.0	20
-161.0	16
-160.0	22
-159.0	19
-158.0	21
-157.0	13
-156.0	21
-155.0	33
-154.0	25
-153.0	21
-152.0	18
-151.0	22
-150.0	23
-149.0	26
-148.0	16
-147.0	25.5
-146.0	18
-145.0	21
-144.0	15
-143.0	20.5
-142.0	21
-141.0	19.5
-140.0	16
-139.0	17
-138.0	20
-137.0	17
-136.0	30
-135.0	20
-134.0	27
-133.0	16
-132.0	19
-131.0	22
-130.0	14
-129.0	24
-128.0	26
-127.0	20
-126.0	19.5
-125.0	22
-124.0	18
-123.0	28
-122.0	18.5
-121.0	18
-120.0	15
-119.0	15
-118.0	21
-117.0	23
-116.0	19
-115.0	16
-114.0	22
-113.0	22
-112.0	18
-111.0	13
-110.0	29
-109.0	17
-108.0	19
-107.0	18
-106.0	24
-105.0	18
-104.0	19
-103.0	26
-102.0	28
-101.0	27
-100.0	25
 -99.0	25
 -98.0	19
 -97.0	16
 -96.0	23
 -95.0	24.5
 -94.0	22
 -93.0	25
 -92.0	17
 -91.0	18
 -90.0	26.5
 -89.0	15
 -88.0	23
 -87.0	19
 -86.0	30
 -85.0	23
 -84.0	18
 -83.0	24
 -82.0	19
 -81.0	26
 -80.0	25
 -79.0	17
 -78.0	19
 -77.0	31
 -76.0	23
 -75.0	25
 -74.0	25
 -73.0	20
 -72.0	20
 -71.0	12
 -70.0	15
 -69.0	31
 -68.0	27
 -67.0	31
 -66.0	25
 -65.0	24
 -64.0	16
 -63.0	26
 -62.0	20
 -61.0	28
 -60.0	23
 -59.0	27
 -58.0	24
 -57.0	24.5
 -56.0	31.5
 -55.0	19
 -54.0	30
 -53.0	28
 -52.0	22
 -51.0	18
 -50.0	18
 -49.0	32
 -48.0	18
 -47.0	17
 -46.0	15
 -45.0	19
 -44.0	28
 -43.0	18
 -42.0	27
 -41.0	26
 -40.0	21
 -39.0	17
 -38.0	16
 -37.0	13
 -36.0	23
 -35.0	22
 -34.0	17
 -33.0	16
 -32.0	22
 -31.0	26
 -30.0	26.5
 -29.0	22
 -28.0	16
 -27.0	23
 -26.0	21
 -25.0	29
 -24.0	19
 -23.0	36
 -22.0	20
 -21.0	12.5
 -20.0	24
 -19.0	34
 -18.0	25
 -17.0	20
 -16.0	26
 -15.0	19
 -14.0	23
 -13.0	27
 -12.0	23
 -11.0	21
 -10.0	18
  -9.0	19
  -8.0	16
  -7.0	19
  -6.0	18
  -5.0	19.5
  -4.0	24
  -3.0	21
  -2.0	18
  -1.0	18
   0.0	17
   1.0	29
   2.0	19
   3.0	26
   4.0	24
   5.0	33
   6.0	30
   7.0	24
   8.0	21
   9.0	18
  10.0	27
  11.0	21
  12.0	19
  13.0	22
  14.0	23
  15.0	20
  16.0	32
  17.0	15
  18.0	18
  19.0	22
  20.0	22
  21.0	33
  22.0	26
  23.0	27
  24.0	18
  25.0	29
  26.0	18
  27.0	26
  28.0	17
  29.0	26
  30.0	21
  31.0	14
  32.0	26
  33.0	24
  34.0	17
  35.0	22
  36.0	21
  37.0	21
  38.0	19
  39.0	33
  40.0	23
  41.0	24
  42.0	26
  43.0	34
  44.0	26
  45.0	23
  46.0	20
  47.0	17
  48.0	37
  49.0	23
  50.0	18
  51.0	30
  52.0	19
  53.0	16
  54.0	30.5
  55.0	23
  56.0	23
  57.0	21
  58.0	29
  59.0	28.5
  60.0	20
  61.0	19
  62.0	20
  63.0	26
  64.0	19
  65.0	14
  66.0	23
  67.0	23
  68.0	17
  69.0	18
  70.0	17
  71.0	17
  72.0	21
  73.0	33
  74.0	14
  75.0	13
  76.0	23
  77.0	17
  78.0	21
  79.0	29
  80.0	18
  81.0	22
  82.0	23
  83.0	23
  84.0	19
  85.0	13
  86.0	22
  87.0	18
  88.0	15
  89.0	17
  90.0	18
  91.0	22
  92.0	12
  93.0	12
  94.0	23
  95.0	14
  96.0	25
  97.0	12
  98.0	25
  99.0	21
 100.0	30
 101.0	18
 102.0	25
 103.0	31
 104.0	21
 105.0	19.5
 106.0	28
 107.0	27
 108.0	15
 109.0	20
 110.0	24
 111.0	26
 112.0	14
 113.0	24.3333
 114.0	15
 115.0	18
 116.0	22
 117.0	25
 118.0	28
 119.0	23
 120.0	11
 121.0	22.5
 122.0	13
 123.0	12.5
 124.0	29.5
 125.0	14
 126.0	22
 127.0	20
 128.0	10
 129.0	17
 130.0	17
 131.0	24
 132.0	22
 133.0	16
 134.0	26
 135.0	22.5
 136.0	24
 137.0	22
 138.0	12
 139.0	25
 140.0	22
 141.0	19.5
 142.0	27
 143.0	19
 144.0	17.5
 145.0	24
 146.0	22
 147.0	22
 148.0	22
 149.0	20
 150.0	17
 151.0	13
 152.0	17
 153.0	23
 154.0	22
 155.0	22
 156.0	15
 157.0	16
 158.0	11.5
 159.0	20
 160.0	25
 161.0	17
 162.0	20
 163.0	23
 164.0	24
 165.0	24
 166.0	19
 167.0	16.5
 168.0	17
 169.0	34
 170.0	22
 171.0	15.5
 172.0	17
 173.0	20
 174.0	29
 175.0	17
 176.0	18
 177.0	18
 178.0	21.3333
 179.0	23
 180.0	20
 181.0	26
 182.0	22
 183.0	24
 184.0	32
 185.0	13
 186.0	27
 187.0	17
 188.0	24
 189.0	18
 190.0	17.5
 191.0	13
 192.0	16
 193.0	17
 194.0	13
 195.0	14
 196.0	19
 197.0	15
 198.0	16
 199.0	22
 200.0	26
 201.0	16
 202.0	23
 203.0	13
 204.0	15
 205.0	25
 206.0	11
 207.0	14
 208.0	21
 209.0	20
 210.0	22
 211.0	21
 212.0	16.3333
 213.0	22
 214.0	21
 215.0	17.5
 216.0	20
 217.0	16
 218.0	18
 219.0	10
 220.0	13
 221.0	17
 222.0	15
 223.0	19
 224.0	17
DB 2 MOTIF	RXRG_HUMAN.H11MO.0.B
-228.5	3
-227.5	6
-226.5	14
-225.5	10
-224.5	11
-223.5	6
-222.5	7
-221.5	7
-220.5	10
-219.5	7
-218.5	9
-217.5	7
-216.5	12
-215.5	6
-214.5	7
-213.5	9
-212.5	5
-211.5	2
-210.5	6
-209.5	4
-208.5	4
-207.5	6
-206.5	7
-205.5	11
-204.5	9
-203.5	3
-202.5	7
-201.5	10
-200.5	7
-199.5	6
-198.5	6
-197.5	9
-196.5	7
-195.5	2
-194.5	10
-193.5	7
-192.5	10
-191.5	8
-190.5	4
-189.5	6
-188.5	6
-187.5	4
-186.5	6
-185.5	6
-184.5	10
-183.5	9
-182.5	7
-181.5	9
-180.5	10
-179.5	6
-178.5	7
-177.5	10
-176.5	7
-175.5	10
-174.5	8
-173.5	8
-172.5	10
-171.5	12
-170.5	11
-169.5	9
-168.5	6
-167.5	10
-166.5	8
-165.5	9
-164.5	6
-163.5	8
-162.5	5
-161.5	7
-160.5	6
-159.5	8
-158.5	8
-157.5	11
-156.5	4
-155.5	11
-154.5	7
-153.5	10
-152.5	8
-151.5	10
-150.5	19
-149.5	7
-148.5	14
-147.5	13
-146.5	9
-145.5	8
-144.5	8
-143.5	9
-142.5	5
-141.5	5
-140.5	8
-139.5	4
-138.5	12
-137.5	10
-136.5	13
-135.5	11.5
-134.5	12
-133.5	9
-132.5	4
-131.5	7
-130.5	2
-129.5	7
-128.5	13
-127.5	8
-126.5	4
-125.5	4
-124.5	13
-123.5	15
-122.5	15
-121.5	6
-120.5	10
-119.5	10
-118.5	6
-117.5	4
-116.5	10
-115.5	3
-114.5	13
-113.5	11
-112.5	4
-111.5	7
-110.5	7
-109.5	12
-108.5	9
-107.5	5
-106.5	14
-105.5	7
-104.5	6
-103.5	10
-102.5	11
-101.5	10
-100.5	5
 -99.5	8
 -98.5	4
 -97.5	6
 -96.5	8
 -95.5	14
 -94.5	9
 -93.5	7
 -92.5	7
 -91.5	8
 -90.5	11
 -89.5	12
 -88.5	10
 -87.5	15
 -86.5	7
 -85.5	7
 -84.5	6
 -83.5	10
 -82.5	12
 -81.5	12
 -80.5	12
 -79.5	7
 -78.5	9
 -77.5	10
 -76.5	4
 -75.5	3
 -74.5	5
 -73.5	8
 -72.5	10
 -71.5	5
 -70.5	13
 -69.5	10
 -68.5	11
 -67.5	9
 -66.5	13
 -65.5	12
 -64.5	5
 -63.5	12
 -62.5	6
 -61.5	6
 -60.5	7
 -59.5	13
 -58.5	6
 -57.5	10
 -56.5	12
 -55.5	10
 -54.5	14
 -53.5	13
 -52.5	18
 -51.5	9
 -50.5	7
 -49.5	7
 -48.5	14
 -47.5	5
 -46.5	13
 -45.5	5
 -44.5	8
 -43.5	13
 -42.5	9
 -41.5	7
 -40.5	7
 -39.5	6
 -38.5	9
 -37.5	5
 -36.5	14.5
 -35.5	16
 -34.5	12
 -33.5	15
 -32.5	13
 -31.5	9
 -30.5	18
 -29.5	12
 -28.5	12
 -27.5	9
 -26.5	13
 -25.5	4
 -24.5	13
 -23.5	8
 -22.5	8
 -21.5	8
 -20.5	7
 -19.5	9
 -18.5	6.5
 -17.5	14
 -16.5	7
 -15.5	5
 -14.5	11
 -13.5	15
 -12.5	1
 -11.5	5
 -10.5	5
  -9.5	11
  -8.5	10
  -7.5	10
  -6.5	7
  -5.5	6
  -4.5	8
  -3.5	21
  -2.5	7.5
  -1.5	5
  -0.5	6
   0.5	21
   1.5	6
   2.5	8
   3.5	8
   4.5	4.5
   5.5	13
   6.5	10
   7.5	8
   8.5	13
   9.5	19
  10.5	8
  11.5	12
  12.5	11
  13.5	9
  14.5	9
  15.5	7
  16.5	5
  17.5	9
  18.5	14
  19.5	11
  20.5	11
  21.5	12
  22.5	12
  23.5	12
  24.5	9
  25.5	6
  26.5	10
  27.5	6
  28.5	8
  29.5	9
  30.5	9
  31.5	10
  32.5	7
  33.5	15
  34.5	8
  35.5	9
  36.5	11
  37.5	8
  38.5	9
  39.5	6
  40.5	7
  41.5	13
  42.5	12
  43.5	12
  44.5	8
  45.5	7
  46.5	13
  47.5	11
  48.5	5
  49.5	6
  50.5	7
  51.5	11
  52.5	12
  53.5	6
  54.5	13
  55.5	13
  56.5	6
  57.5	6
  58.5	10
  59.5	9
  60.5	10
  61.5	8
  62.5	11
  63.5	9
  64.5	17
  65.5	15
  66.5	5
  67.5	8
  68.5	4
  69.5	8
  70.5	4
  71.5	12
  72.5	10
  73.5	6
  74.5	12
  75.5	4
  76.5	7
  77.5	12
  78.5	9
  79.5	11
  80.5	6
  81.5	8
  82.5	9
  83.5	12
  84.5	10
  85.5	6
  86.5	3
  87.5	8
  88.5	9
  89.5	14
  90.5	12
  91.5	7
  92.5	8
  93.5	7
  94.5	9
  95.5	5
  96.5	7
  97.5	8
  98.5	10
  99.5	5
 100.5	8
 101.5	4
 102.5	8
 103.5	11
 104.5	5
 105.5	3
 106.5	9
 107.5	7
 108.5	7
 109.5	8
 110.5	6
 111.5	12
 112.5	6
 113.5	4
 114.5	4
 115.5	8
 116.5	9
 117.5	11
 118.5	10
 119.5	9
 120.5	8
 121.5	7
 122.5	7
 123.5	8
 124.5	8
 125.5	3
 126.5	6
 127.5	11
 128.5	8
 129.5	10
 130.5	8
 131.5	5
 132.5	9
 133.5	8
 134.5	13
 135.5	18
 136.5	11
 137.5	9
 138.5	10
 139.5	6
 140.5	8
 141.5	9
 142.5	13
 143.5	7
 144.5	10
 145.5	8
 146.5	11
 147.5	12
 148.5	9.5
 149.5	10
 150.5	11
 151.5	5
 152.5	6
 153.5	4
 154.5	6
 155.5	9
 156.5	11
 157.5	8.5
 158.5	12
 159.5	12
 160.5	9
 161.5	9
 162.5	7
 163.5	10
 164.5	5
 165.5	11
 166.5	6
 167.5	6
 168.5	6
 169.5	11
 170.5	8
 171.5	8
 172.5	15
 173.5	15
 174.5	11
 175.5	5
 176.5	10
 177.5	7
 178.5	10
 179.5	4
 180.5	6
 181.5	5
 182.5	6
 183.5	7
 184.5	6
 185.5	4
 186.5	9
 187.5	4
 188.5	9
 189.5	4
 190.5	12
 191.5	7
 192.5	10
 193.5	5
 194.5	6
 195.5	5
 196.5	9
 197.5	18
 198.5	8
 199.5	6
 200.5	9
 201.5	4
 202.5	8
 203.5	9
 204.5	7
 205.5	10
 206.5	4
 207.5	11
 208.5	4
 209.5	10
 210.5	6
 211.5	9
 212.5	12
 213.5	7
 214.5	9.5
 215.5	5
 216.5	10
 217.5	9
 218.5	6
 219.5	11
 220.5	14.5
 221.5	6.5
 222.5	4
 223.5	15
 224.5	10
 225.5	5
 226.5	7
 227.5	10
 228.5	11
DB 2 MOTIF	SP1_HUMAN.H11MO.0.A
-224.0	19
-223.0	22
-222.0	20
-221.0	18
-220.0	33
-219.0	13
-218.0	24
-217.0	21
-216.0	10
-215.0	28
-214.0	31
-213.0	22
-212.0	20
-211.0	23.1429
-210.0	24
-209.0	21
-208.0	20.25
-207.0	17
-206.0	14
-205.0	20
-204.0	21
-203.0	19
-202.0	24.1667
-201.0	12
-200.0	17
-199.0	20
-198.0	19
-197.0	20
-196.0	21
-195.0	23
-194.0	21.1429
-193.0	19
-192.0	24
-191.0	17.5
-190.0	19.25
-189.0	22
-188.0	19.3333
-187.0	12
-186.0	20.5
-185.0	18
-184.0	14
-183.0	21
-182.0	19
-181.0	32.5
-180.0	20
-179.0	20
-178.0	17
-177.0	22.1429
-176.0	20.5
-175.0	21
-174.0	15
-173.0	22
-172.0	26.9167
-171.0	21
-170.0	27
-169.0	30
-168.0	24.5
-167.0	14.3333
-166.0	15.5
-165.0	24
-164.0	21
-163.0	27
-162.0	20
-161.0	19
-160.0	16.1429
-159.0	19
-158.0	27
-157.0	18.5
-156.0	28
-155.0	19
-154.0	21.5833
-153.0	29
-152.0	29
-151.0	24
-150.0	22
-149.0	22
-148.0	18
-147.0	28
-146.0	28
-145.0	19.5
-144.0	20.5
-143.0	24.1429
-142.0	24.1667
-141.0	29
-140.0	21
-139.0	28
-138.0	25
-137.0	19
-136.0	29
-135.0	25
-134.0	23
-133.0	27.5
-132.0	22
-131.0	25
-130.0	29.5
-129.0	25
-128.0	27
-127.0	24
-126.0	31.1429
-125.0	39
-124.0	21
-123.0	28
-122.0	21
-121.0	28.5
-120.0	26.3333
-119.0	19.5
-118.0	18
-117.0	33
-116.0	25
-115.0	18
-114.0	28
-113.0	26
-112.0	22.6667
-111.0	19
-110.0	25
-109.0	20.1429
-108.0	26
-107.0	21.3333
-106.0	26
-105.0	30
-104.0	19
-103.0	26
-102.0	21
-101.0	33
-100.0	23
 -99.0	28.5
 -98.0	28
 -97.0	23
 -96.0	31
 -95.0	34.5
 -94.0	20
 -93.0	33
 -92.0	26
 -91.0	24.5
 -90.0	21.5
 -89.0	26
 -88.0	23
 -87.0	27
 -86.0	30
 -85.0	26.5
 -84.0	16
 -83.0	21
 -82.0	21.1667
 -81.0	29
 -80.0	27
 -79.0	23
 -78.0	21.5
 -77.0	26
 -76.0	29
 -75.0	27
 -74.0	20.5
 -73.0	39
 -72.0	26
 -71.0	28.5
 -70.0	23
 -69.0	27
 -68.0	36
 -67.0	32
 -66.0	26.5
 -65.0	33
 -64.0	24
 -63.0	32.5
 -62.0	32
 -61.0	24
 -60.0	25
 -59.0	38
 -58.0	20
 -57.0	21
 -56.0	32
 -55.0	26.5
 -54.0	24
 -53.0	37
 -52.0	25.1667
 -51.0	23
 -50.0	26
 -49.0	27
 -48.0	28
 -47.0	21.3333
 -46.0	27
 -45.0	25
 -44.0	32
 -43.0	26
 -42.0	23
 -41.0	26
 -40.0	25
 -39.0	26
 -38.0	25
 -37.0	23
 -36.0	25
 -35.0	18
 -34.0	23
 -33.0	25.5
 -32.0	26
 -31.0	30
 -30.0	32
 -29.0	20
 -28.0	27
 -27.0	25
 -26.0	34
 -25.0	21
 -24.0	31
 -23.0	30
 -22.0	24
 -21.0	15
 -20.0	22
 -19.0	27
 -18.0	28
 -17.0	27
 -16.0	9
 -15.0	25
 -14.0	26
 -13.0	18
 -12.0	20
 -11.0	16
 -10.0	25
  -9.0	22
  -8.0	25
  -7.0	28
  -6.0	37
  -5.0	19
  -4.0	39.5
  -3.0	26
  -2.0	36
  -1.0	35
   0.0	33
   1.0	40
   2.0	24
   3.0	31
   4.0	22
   5.0	18
   6.0	27
   7.0	29
   8.0	28
   9.0	22
  10.0	26
  11.0	21.5
  12.0	22.5
  13.0	17
  14.0	25
  15.0	16
  16.0	15
  17.0	27
  18.0	31.5
  19.0	15
  20.0	16
  21.0	22
  22.0	13
  23.0	25.5
  24.0	28
  25.0	22
  26.0	21.5
  27.0	27
  28.0	16
  29.0	36
  30.0	28
  31.0	25
  32.0	18
  33.0	24
  34.0	27
  35.0	17
  36.0	21
  37.0	26
  38.0	31
  39.0	24
  40.0	27
  41.0	24
  42.0	19
  43.0	28
  44.0	24
  45.0	26
  46.0	27
  47.0	24
  48.0	26
  49.0	29
  50.0	26
  51.0	29.8333
  52.0	21
  53.0	18
  54.0	22.5
  55.0	27
  56.0	25
  57.0	34
  58.0	27.5
  59.0	26
  60.0	21
  61.0	34
  62.0	20
  63.0	23
  64.0	21.5
  65.0	30
  66.0	37.5
  67.0	26
  68.0	25
  69.0	23
  70.0	21
  71.0	23.5
  72.0	26
  73.0	28
  74.0	29
  75.0	22.3333
  76.0	18.5
  77.0	26.5
  78.0	23
  79.0	20
  80.0	25
  81.0	20
  82.0	23
  83.0	24
  84.0	26.3333
  85.0	22
  86.0	30
  87.0	15
  88.0	35
  89.0	27.5
  90.0	21
  91.0	25
  92.0	26
  93.0	20
  94.0	21
  95.0	20
  96.0	18
  97.0	26
  98.0	22
  99.0	24.3333
 100.0	28
 101.0	28
 102.0	24.5
 103.0	24
 104.0	20.5
 105.0	31
 106.0	26
 107.0	19
 108.0	25
 109.0	22
 110.0	27
 111.0	22
 112.0	33.5
 113.0	25
 114.0	13
 115.0	25
 116.0	24
 117.0	21
 118.0	20
 119.0	22
 120.0	22
 121.0	12
 122.0	30.5
 123.0	23.5
 124.0	18
 125.0	16
 126.0	23
 127.0	23
 128.0	16
 129.0	26
 130.0	28
 131.0	19
 132.0	23
 133.0	25
 134.0	18.5
 135.0	17
 136.0	26
 137.0	21.5
 138.0	14.5
 139.0	18
 140.0	12
 141.0	29
 142.0	18
 143.0	16
 144.0	24.3333
 145.0	18.5
 146.0	28
 147.0	28
 148.0	24.5
 149.0	14
 150.0	16
 151.0	23
 152.0	22
 153.0	20
 154.0	19
 155.0	18
 156.0	12.2
 157.0	14.5
 158.0	15
 159.0	22.5
 160.0	14
 161.0	17
 162.0	14.5
 163.0	21
 164.0	19
 165.0	30
 166.0	19
 167.0	20.5
 168.0	30.5
 169.0	21
 170.0	22
 171.0	13.2
 172.0	18
 173.0	17
 174.0	19.5
 175.0	11
 176.0	18.5
 177.0	22
 178.0	8
 179.0	18.5
 180.0	14
 181.0	18
 182.0	16.5
 183.0	18
 184.0	20.5
 185.0	14
 186.0	10.2
 187.0	21.5
 188.0	17
 189.0	17
 190.0	20
 191.0	18
 192.0	21
 193.0	14
 194.0	19
 195.0	13.5
 196.0	20
 197.0	23
 198.0	21
 199.0	20
 200.0	18
 201.0	19.2
 202.0	20
 203.0	20
 204.0	18.3333
 205.0	28
 206.0	19
 207.0	20
 208.0	21.5
 209.0	18
 210.0	21
 211.0	17
 212.0	24
 213.0	11
 214.0	12
 215.0	18.5
 216.0	16.7
 217.0	18
 218.0	20.5
 219.0	9
 220.0	23
 221.0	18
 222.0	19
 223.0	19
 224.0	12
DB 2 MOTIF	SP1_HUMAN.H11MO.1.A
-228.0	23.5
-227.0	28
-226.0	20
-225.0	26
-224.0	28.5
-223.0	29.5
-222.0	21.2
-221.0	23.5
-220.0	19
-219.0	33
-218.0	19
-217.0	22.8333
-216.0	28.5
-215.0	32
-214.0	26
-213.0	19
-212.0	20.5
-211.0	30.5
-210.0	27.5
-209.0	29.5
-208.0	34
-207.0	31.25
-206.0	36.3333
-205.0	23.5
-204.0	18.7
-203.0	16
-202.0	22.5
-201.0	35.5
-200.0	21.5
-199.0	24.5
-198.0	27.3333
-197.0	30
-196.0	29
-195.0	35
-194.0	20
-193.0	26
-192.0	23
-191.0	31
-190.0	28
-189.0	26
-188.0	40
-187.0	24.5
-186.0	23.7
-185.0	28
-184.0	30
-183.0	23.5
-182.0	31
-181.0	26.3333
-180.0	21.5
-179.0	35.3333
-178.0	21
-177.0	38
-176.0	29.3333
-175.0	32
-174.0	30.5
-173.0	30
-172.0	29
-171.0	24
-170.0	27
-169.0	27
-168.0	26.2
-167.0	28.5
-166.0	27.5
-165.0	29
-164.0	28.5
-163.0	22.3333
-162.0	22.5
-161.0	29.3333
-160.0	27
-159.0	28.5
-158.0	25.25
-157.0	25
-156.0	23.3333
-155.0	30.8333
-154.0	36
-153.0	33.3333
-152.0	33.5
-151.0	28.3333
-150.0	34.5333
-149.0	29
-148.0	34
-147.0	31
-146.0	28.5
-145.0	28.8333
-144.0	20
-143.0	23
-142.0	28.5
-141.0	31.3333
-140.0	23.5
-139.0	31
-138.0	29
-137.0	37
-136.0	33.5
-135.0	28
-134.0	35
-133.0	27
-132.0	32.5
-131.0	39
-130.0	30
-129.0	38
-128.0	21
-127.0	27.8333
-126.0	39.3333
-125.0	37
-124.0	38
-123.0	28
-122.0	37.8333
-121.0	36
-120.0	38.5
-119.0	24
-118.0	33
-117.0	33.3333
-116.0	27
-115.0	30
-114.0	18
-113.0	34.5
-112.0	37
-111.0	35
-110.0	48
-109.0	24.25
-108.0	33
-107.0	31.5
-106.0	37
-105.0	29
-104.0	32
-103.0	31.6667
-102.0	32
-101.0	35.5
-100.0	27.5
 -99.0	34
 -98.0	29.8333
 -97.0	27
 -96.0	24
 -95.0	29.5
 -94.0	23
 -93.0	25.8333
 -92.0	35.5
 -91.0	39.5
 -90.0	29
 -89.0	32
 -88.0	23
 -87.0	26
 -86.0	37.5
 -85.0	33.5
 -84.0	32
 -83.0	39.5
 -82.0	36
 -81.0	43
 -80.0	29
 -79.0	27
 -78.0	26
 -77.0	37.5
 -76.0	41.8333
 -75.0	32
 -74.0	31
 -73.0	34
 -72.0	41
 -71.0	29.3333
 -70.0	27
 -69.0	37.5
 -68.0	23.5
 -67.0	48.5
 -66.0	42.5
 -65.0	36.5
 -64.0	30.5
 -63.0	51
 -62.0	33
 -61.0	25
 -60.0	33
 -59.0	51
 -58.0	34
 -57.0	45.5
 -56.0	24.5
 -55.0	35.75
 -54.0	40
 -53.0	33
 -52.0	35
 -51.0	27
 -50.0	34
 -49.0	35
 -48.0	32
 -47.0	29
 -46.0	32.5
 -45.0	34
 -44.0	33
 -43.0	28.8333
 -42.0	29
 -41.0	29
 -40.0	42.5
 -39.0	43
 -38.0	34.5
 -37.0	25
 -36.0	36
 -35.0	47
 -34.0	36.5
 -33.0	34
 -32.0	28
 -31.0	28
 -30.0	53.5
 -29.0	35.5
 -28.0	40.5
 -27.0	36.5
 -26.0	45
 -25.0	38.5
 -24.0	30
 -23.0	39.5
 -22.0	33
 -21.0	30
 -20.0	26
 -19.0	39
 -18.0	30
 -17.0	21
 -16.0	30
 -15.0	29
 -14.0	37
 -13.0	34
 -12.0	28.8333
 -11.0	39
 -10.0	44
  -9.0	31
  -8.0	43
  -7.0	33
  -6.0	34
  -5.0	40.5
  -4.0	42
  -3.0	35
  -2.0	46
  -1.0	40
   0.0	38
   1.0	38
   2.0	61.5
   3.0	36.5
   4.0	46
   5.0	53
   6.0	42
   7.0	35
   8.0	35
   9.0	28
  10.0	32
  11.0	28
  12.0	34
  13.0	30
  14.0	33.5
  15.0	31
  16.0	38
  17.0	29
  18.0	32
  19.0	37.5
  20.0	33
  21.0	31
  22.0	30.5
  23.0	31
  24.0	33
  25.0	33
  26.0	24.5
  27.0	34
  28.0	30
  29.0	32
  30.0	46
  31.0	35
  32.0	33
  33.0	37.5
  34.0	44
  35.0	40.5
  36.0	33
  37.0	33.8333
  38.0	26
  39.0	37
  40.0	36.5
  41.0	30
  42.0	36.5
  43.0	45.5
  44.0	34.5
  45.0	39
  46.0	31
  47.0	45
  48.0	22.5
  49.0	33
  50.0	32.5
  51.0	30.5
  52.0	36
  53.0	42
  54.0	28
  55.0	42.5
  56.0	29.25
  57.0	38
  58.0	44
  59.0	26
  60.0	30
  61.0	28
  62.0	39.5
  63.0	38.5
  64.0	32
  65.0	31
  66.0	38.5
  67.0	32
  68.0	33.75
  69.0	35.3333
  70.0	46
  71.0	34.75
  72.0	27
  73.0	35.5
  74.0	27.5
  75.0	30
  76.0	36
  77.0	31
  78.0	33.5
  79.0	32
  80.0	32.9167
  81.0	32.5
  82.0	38
  83.0	28.5
  84.0	28
  85.0	34.8333
  86.0	40
  87.0	29.5
  88.0	37.3333
  89.0	30.5
  90.0	29.3333
  91.0	32.5
  92.0	42.8333
  93.0	32.25
  94.0	28
  95.0	32
  96.0	32.5
  97.0	37.3333
  98.0	26
  99.0	28
 100.0	30.5
 101.0	41.5
 102.0	39.3333
 103.0	31.3333
 104.0	33.25
 105.0	33
 106.0	20.5
 107.0	26.6667
 108.0	32.5
 109.0	35
 110.0	28.5
 111.0	28
 112.0	33.3333
 113.0	32
 114.0	28.25
 115.0	20.5
 116.0	36
 117.0	29.3333
 118.0	21
 119.0	36.5
 120.0	23.5
 121.0	22
 122.0	19.5
 123.0	29
 124.0	35.8333
 125.0	23
 126.0	38.5
 127.0	27.5
 128.0	31
 129.0	19
 130.0	33.3333
 131.0	28
 132.0	24
 133.0	36.5
 134.0	29
 135.0	23.8333
 136.0	21.3333
 137.0	29
 138.0	33.5
 139.0	25
 140.0	29
 141.0	26
 142.0	18.5
 143.0	28.5
 144.0	17.75
 145.0	26
 146.0	19.8333
 147.0	24
 148.0	20.3333
 149.0	13.5
 150.0	25.25
 151.0	23.5
 152.0	26.1667
 153.0	23
 154.0	20
 155.0	30.3333
 156.0	19.25
 157.0	21
 158.0	18
 159.0	25
 160.0	25
 161.0	26
 162.0	24.25
 163.0	24
 164.0	23
 165.0	18
 166.0	19.8333
 167.0	21.1667
 168.0	36
 169.0	24.5
 170.0	26
 171.0	21.5
 172.0	24.3333
 173.0	30.5
 174.0	21.5
 175.0	18.8333
 176.0	22
 177.0	18
 178.0	22.3333
 179.0	24
 180.0	27.5
 181.0	20.5
 182.0	17.6667
 183.0	22.8333
 184.0	18
 185.0	24
 186.0	25.5
 187.0	19
 188.0	24.25
 189.0	33.5
 190.0	21.5
 191.0	26.5
 192.0	16
 193.0	16
 194.0	21
 195.0	27.8333
 196.0	23
 197.0	23.1667
 198.0	21
 199.0	19.5
 200.0	29.5
 201.0	22
 202.0	24
 203.0	22
 204.0	27
 205.0	14
 206.0	26
 207.0	24
 208.0	22.3333
 209.0	29.5
 210.0	23
 211.0	26.5
 212.0	19.1667
 213.0	13.5
 214.0	21.5
 215.0	19
 216.0	31
 217.0	18
 218.0	22
 219.0	19
 220.0	20.3333
 221.0	24
 222.0	22.5
 223.0	26
 224.0	24.5
 225.0	16
 226.0	21
 227.0	29.1667
 228.0	17
DB 2 MOTIF	SP2_HUMAN.H11MO.0.A
-224.0	36
-223.0	40
-222.0	27
-221.0	39.125
-220.0	17
-219.0	36
-218.0	28
-217.0	33
-216.0	27
-215.0	29
-214.0	34
-213.0	24
-212.0	32
-211.0	28
-210.0	26
-209.0	35
-208.0	35
-207.0	38
-206.0	36.3333
-205.0	25
-204.0	17.125
-203.0	20
-202.0	26.25
-201.0	34.5
-200.0	33
-199.0	36
-198.0	29
-197.0	30
-196.0	36
-195.0	30
-194.0	26
-193.0	21
-192.0	24
-191.0	32
-190.0	32
-189.0	25.5
-188.0	37
-187.0	23.625
-186.0	31
-185.0	35
-184.0	30.5833
-183.0	25
-182.0	25
-181.0	31
-180.0	22
-179.0	37
-178.0	20
-177.0	36
-176.0	31
-175.0	27
-174.0	31
-173.0	20
-172.0	29
-171.0	25.5
-170.0	30.125
-169.0	37
-168.0	32
-167.0	24
-166.0	25.25
-165.0	30
-164.0	34
-163.0	29.3333
-162.0	27
-161.0	33
-160.0	37
-159.0	33
-158.0	29
-157.0	32
-156.0	25
-155.0	37
-154.0	40
-153.0	32.125
-152.0	32.5
-151.0	25.5
-150.0	34.3333
-149.0	23
-148.0	38.5
-147.0	40.5
-146.0	26
-145.0	33
-144.0	20
-143.0	29.5
-142.0	30
-141.0	36.8333
-140.0	35.25
-139.0	26
-138.0	27
-137.0	39
-136.0	35.125
-135.0	28.25
-134.0	34
-133.0	32
-132.0	29
-131.0	40
-130.0	37.5
-129.0	34.3333
-128.0	26
-127.0	37.5
-126.0	40.3333
-125.0	45.5
-124.0	37
-123.0	28.3333
-122.0	31
-121.0	29
-120.0	39
-119.0	33.125
-118.0	37.25
-117.0	44.5
-116.0	29.3333
-115.0	26.2
-114.0	23
-113.0	33.5
-112.0	36
-111.0	33
-110.0	49.5
-109.0	28.5
-108.0	40
-107.0	32
-106.0	35.5
-105.0	25
-104.0	35.7
-103.0	36.8333
-102.0	34.125
-101.0	36.75
-100.0	29
 -99.0	40.5
 -98.0	29
 -97.0	44.5
 -96.0	34
 -95.0	37
 -94.0	44
 -93.0	39.2
 -92.0	42
 -91.0	38
 -90.0	30.5
 -89.0	31
 -88.0	24
 -87.0	25
 -86.0	29
 -85.0	33
 -84.0	36.25
 -83.0	38
 -82.0	22.7
 -81.0	31
 -80.0	32
 -79.0	31
 -78.0	20
 -77.0	35
 -76.0	38.3333
 -75.0	40
 -74.0	44
 -73.0	34
 -72.0	47
 -71.0	37.2
 -70.0	34
 -69.0	42.5
 -68.0	29
 -67.0	40
 -66.0	38
 -65.0	48
 -64.0	35
 -63.0	40
 -62.0	34
 -61.0	29
 -60.0	37.5
 -59.0	49
 -58.0	45
 -57.0	49
 -56.0	33
 -55.0	54
 -54.0	34
 -53.0	30
 -52.0	36
 -51.0	26
 -50.0	36.5
 -49.0	31
 -48.0	31
 -47.0	29
 -46.0	39
 -45.0	39.5
 -44.0	25.5
 -43.0	32.3333
 -42.0	46
 -41.0	28
 -40.0	42
 -39.0	44
 -38.0	35
 -37.0	35
 -36.0	33
 -35.0	48
 -34.0	38
 -33.0	27
 -32.0	38
 -31.0	40
 -30.0	42
 -29.0	38
 -28.0	40
 -27.0	40.5
 -26.0	48.5
 -25.0	40
 -24.0	26
 -23.0	38
 -22.0	34
 -21.0	44
 -20.0	25
 -19.0	25
 -18.0	31
 -17.0	25
 -16.0	37
 -15.0	22
 -14.0	45.5
 -13.0	33
 -12.0	33
 -11.0	60
 -10.0	45
  -9.0	31
  -8.0	50
  -7.0	33
  -6.0	26
  -5.0	39
  -4.0	44
  -3.0	46
  -2.0	52
  -1.0	34
   0.0	50
   1.0	27
   2.0	50
   3.0	45
   4.0	35
   5.0	55.5
   6.0	39
   7.0	43
   8.0	28.5
   9.0	26
  10.0	28
  11.0	28
  12.0	30
  13.0	39
  14.0	42
  15.0	39.5
  16.0	34
  17.0	28
  18.0	30
  19.0	24
  20.0	30
  21.0	30
  22.0	27.5
  23.0	28
  24.0	28
  25.0	49
  26.0	42
  27.0	42
  28.0	31
  29.0	33
  30.0	52
  31.0	33
  32.0	35
  33.0	41
  34.0	37
  35.0	47
  36.0	28
  37.0	37
  38.0	32
  39.0	44
  40.0	36
  41.0	35
  42.0	40
  43.0	38
  44.0	34
  45.0	40
  46.0	41
  47.0	44
  48.0	22
  49.0	35
  50.0	39.5
  51.0	36
  52.0	34
  53.0	48
  54.0	42
  55.0	44
  56.0	32
  57.0	28
  58.0	38
  59.0	32.5
  60.0	24
  61.0	31
  62.0	41.5
  63.0	42
  64.0	32
  65.0	41
  66.0	30
  67.0	36
  68.0	27.5
  69.0	31
  70.0	41.5
  71.0	36
  72.0	38
  73.0	42
  74.0	23.5
  75.0	23
  76.0	39
  77.0	39
  78.0	31.5
  79.0	30.5
  80.0	31
  81.0	36
  82.0	29.5
  83.0	26
  84.0	34
  85.0	38
  86.0	28
  87.0	34.5
  88.0	44.3333
  89.0	27
  90.0	36
  91.0	21
  92.0	42.5
  93.0	43
  94.0	32
  95.0	34
  96.0	36
  97.0	37
  98.0	23.5
  99.0	29
 100.0	41
 101.0	29.5
 102.0	33
 103.0	30.5
 104.0	33.5
 105.0	35
 106.0	30.5
 107.0	44
 108.0	25
 109.0	40.25
 110.0	31.5
 111.0	33
 112.0	37.25
 113.0	32
 114.0	27
 115.0	30.25
 116.0	37
 117.0	30
 118.0	28.25
 119.0	28.5
 120.0	17
 121.0	31
 122.0	29
 123.0	33
 124.0	30
 125.0	23
 126.0	28.5
 127.0	32
 128.0	29.5
 129.0	25
 130.0	37
 131.0	35
 132.0	29
 133.0	27.5
 134.0	32.5
 135.0	19
 136.0	25.5
 137.0	25
 138.0	29
 139.0	25
 140.0	30
 141.0	24
 142.0	26
 143.0	30.5
 144.0	26
 145.0	20
 146.0	28.3333
 147.0	35
 148.0	23.3333
 149.0	23.5
 150.0	37
 151.0	32
 152.0	35.2
 153.0	26
 154.0	24
 155.0	37.3333
 156.0	22.5
 157.0	26
 158.0	26
 159.0	33
 160.0	26
 161.0	26.3333
 162.0	27
 163.0	28
 164.0	33.3333
 165.0	22
 166.0	23.5
 167.0	19.5333
 168.0	25
 169.0	28
 170.0	28
 171.0	22
 172.0	28.5
 173.0	27.5
 174.0	22
 175.0	24
 176.0	20
 177.0	27
 178.0	27.3333
 179.0	28
 180.0	18
 181.0	28
 182.0	17.2
 183.0	30.8333
 184.0	23.5
 185.0	29.5
 186.0	29
 187.0	26
 188.0	28.5
 189.0	28
 190.0	22.3333
 191.0	28
 192.0	22.5
 193.0	23
 194.0	23
 195.0	33
 196.0	25.3333
 197.0	28.7
 198.0	26
 199.0	26.5
 200.0	35
 201.0	25.3333
 202.0	29.3333
 203.0	27
 204.0	28.5
 205.0	12
 206.0	27
 207.0	27.5
 208.0	30.3333
 209.0	33.5
 210.0	30
 211.0	28
 212.0	23.2
 213.0	29
 214.0	31
 215.0	12.5
 216.0	29
 217.0	20
 218.0	29
 219.0	24
 220.0	26.3333
 221.0	35.5
 222.0	28
 223.0	31
 224.0	27
DB 2 MOTIF	SP2_HUMAN.H11MO.1.B
-229.0	44
-228.0	31
-227.0	25.5
-226.0	28
-225.0	35.5
-224.0	21
-223.0	32.8333
-222.0	30
-221.0	20.5333
-220.0	32
-219.0	22
-218.0	31.5
-217.0	19
-216.0	21
-215.0	29.5
-214.0	38
-213.0	32
-212.0	33.6667
-211.0	29.5
-210.0	28
-209.0	35
-208.0	32
-207.0	36.1667
-206.0	37.8333
-205.0	28
-204.0	39
-203.0	28.5333
-202.0	23
-201.0	22.5
-200.0	30
-199.0	27
-198.0	29
-197.0	30
-196.0	30.5
-195.0	27
-194.0	39
-193.0	20
-192.0	27.3333
-191.0	32
-190.0	39.5
-189.0	34
-188.0	38
-187.0	40.3333
-186.0	29.5
-185.0	22.0333
-184.0	20.5
-183.0	21.3333
-182.0	40.5
-181.0	25.5
-180.0	33.8333
-179.0	34
-178.0	36.5
-177.0	21.1667
-176.0	38
-175.0	32
-174.0	38
-173.0	32
-172.0	28
-171.0	34.3333
-170.0	28.5
-169.0	27
-168.0	33.5
-167.0	32.7
-166.0	31.3333
-165.0	44
-164.0	31.8333
-163.0	34.1667
-162.0	29.3333
-161.0	28
-160.0	36.5
-159.0	33
-158.0	32.3333
-157.0	32
-156.0	26.5
-155.0	30
-154.0	33.3333
-153.0	29.8333
-152.0	33
-151.0	49.5
-150.0	29
-149.0	42.0333
-148.0	28.5
-147.0	33.6667
-146.0	38.5
-145.0	23
-144.0	26.5
-143.0	29.5
-142.0	34
-141.0	37.5
-140.0	32
-139.0	31.8333
-138.0	36.8333
-137.0	29
-136.0	24.8333
-135.0	36
-134.0	32.5
-133.0	31.5
-132.0	28.8333
-131.0	32.5
-130.0	37.5
-129.0	27
-128.0	30
-127.0	40
-126.0	24
-125.0	35.6667
-124.0	39.8333
-123.0	45.5
-122.0	34.5
-121.0	40.5
-120.0	32
-119.0	50
-118.0	37.5
-117.0	29.1667
-116.0	36.5
-115.0	26
-114.0	28.5
-113.0	40
-112.0	38
-111.0	49
-110.0	40.3333
-109.0	49
-108.0	35.5
-107.0	43.5
-106.0	32
-105.0	36.3333
-104.0	22.8333
-103.0	34
-102.0	32.1667
-101.0	35
-100.0	42.5
 -99.0	30.8333
 -98.0	30
 -97.0	35.3333
 -96.0	30
 -95.0	19
 -94.0	35.5
 -93.0	36
 -92.0	32.6667
 -91.0	35.5
 -90.0	35.5
 -89.0	43.5
 -88.0	34
 -87.0	33.6667
 -86.0	34.8333
 -85.0	30.5
 -84.0	35.3333
 -83.0	36
 -82.0	31
 -81.0	33.5
 -80.0	38.5
 -79.0	32.5
 -78.0	42.5
 -77.0	40
 -76.0	30.5
 -75.0	36
 -74.0	36
 -73.0	38.3333
 -72.0	34
 -71.0	39
 -70.0	38.3333
 -69.0	37
 -68.0	48.5
 -67.0	35.5
 -66.0	51.5
 -65.0	35
 -64.0	40.5
 -63.0	37
 -62.0	40
 -61.0	37
 -60.0	40.5
 -59.0	36.5
 -58.0	53
 -57.0	32.6667
 -56.0	32.5
 -55.0	37
 -54.0	36.5
 -53.0	38.5
 -52.0	33.5
 -51.0	39
 -50.0	29
 -49.0	27.5
 -48.0	42
 -47.0	37
 -46.0	31.5
 -45.0	32.5
 -44.0	34
 -43.0	26.5
 -42.0	28.8333
 -41.0	44.3333
 -40.0	37
 -39.0	48.5
 -38.0	39
 -37.0	33.5
 -36.0	37
 -35.0	37
 -34.0	36
 -33.0	37
 -32.0	43.5
 -31.0	44.3333
 -30.0	37.3333
 -29.0	28.5
 -28.0	38
 -27.0	33.5
 -26.0	29.5
 -25.0	38
 -24.0	43
 -23.0	36
 -22.0	42
 -21.0	36.5
 -20.0	28.5
 -19.0	20.5
 -18.0	31
 -17.0	25.5
 -16.0	30
 -15.0	29
 -14.0	31.5
 -13.0	31.3333
 -12.0	36.5
 -11.0	30.8333
 -10.0	34
  -9.0	44
  -8.0	48.5
  -7.0	40
  -6.0	42
  -5.0	36
  -4.0	42.5
  -3.0	41
  -2.0	43
  -1.0	50.5
   0.0	34.5
   1.0	50
   2.0	46
   3.0	47.5
   4.0	38
   5.0	34
   6.0	52.5
   7.0	40.8333
   8.0	44
   9.0	35
  10.0	26
  11.0	32
  12.0	37
  13.0	37
  14.0	34
  15.0	32.5
  16.0	30
  17.0	36
  18.0	34.5
  19.0	35
  20.0	23.5
  21.0	35
  22.0	44
  23.0	30
  24.0	35
  25.0	41.5
  26.0	31
  27.0	37.5
  28.0	41
  29.0	34.5
  30.0	33
  31.0	47
  32.0	43
  33.0	48
  34.0	54
  35.0	34
  36.0	32.3333
  37.0	26
  38.0	30.5
  39.0	35.5
  40.0	31
  41.0	25.3333
  42.0	38
  43.0	36
  44.0	39
  45.0	26
  46.0	41.3333
  47.0	31
  48.0	38.5
  49.0	41.8333
  50.0	25.5
  51.0	40
  52.0	35
  53.0	39
  54.0	44.5
  55.0	34
  56.0	38
  57.0	36.25
  58.0	28
  59.0	31
  60.0	31
  61.0	34.1667
  62.0	38.5
  63.0	37.5
  64.0	43
  65.0	28.5
  66.0	36
  67.0	38.5
  68.0	32.6667
  69.0	37.25
  70.0	34.25
  71.0	32
  72.0	34
  73.0	27.5
  74.0	40.5
  75.0	33
  76.0	31
  77.0	45.5
  78.0	45.5
  79.0	33
  80.0	33.5
  81.0	30.25
  82.0	32
  83.0	40
  84.0	28
  85.0	23.3333
  86.0	28.5
  87.0	42
  88.0	32.3333
  89.0	49.3333
  90.0	33
  91.0	27
  92.0	25.25
  93.0	35.5
  94.0	36.5
  95.0	32
  96.0	27.3333
  97.0	32.3333
  98.0	45.5
  99.0	36.5
 100.0	38
 101.0	37.8333
 102.0	37.8333
 103.0	36.5
 104.0	33
 105.0	32.75
 106.0	36.3333
 107.0	25
 108.0	39.3333
 109.0	26.5
 110.0	40
 111.0	33
 112.0	26
 113.0	45.0833
 114.0	28.5
 115.0	33
 116.0	19.3333
 117.0	41
 118.0	31.3333
 119.0	20.5
 120.0	28.5
 121.0	22
 122.0	29
 123.0	27
 124.0	33.5
 125.0	51.5
 126.0	28.5
 127.0	31
 128.0	30
 129.0	40
 130.0	23.5
 131.0	37.3333
 132.0	29.5
 133.0	24.8333
 134.0	31
 135.0	20
 136.0	29
 137.0	21.5
 138.0	29
 139.0	30
 140.0	21
 141.0	31
 142.0	23.5
 143.0	19
 144.0	24
 145.0	34.5
 146.0	29
 147.0	21.3333
 148.0	32
 149.0	26.3333
 150.0	34
 151.0	34.6667
 152.0	30
 153.0	26.5
 154.0	37
 155.0	20.5
 156.0	26
 157.0	30
 158.0	30
 159.0	28
 160.0	28.5
 161.0	38
 162.0	19.5
 163.0	28.5
 164.0	33.8333
 165.0	24
 166.0	20.1667
 167.0	31.5
 168.0	30
 169.0	41.5
 170.0	37
 171.0	31
 172.0	27.3333
 173.0	25.5
 174.0	34.3333
 175.0	28
 176.0	22
 177.0	29.3333
 178.0	23.8333
 179.0	24.5
 180.0	23.8333
 181.0	22.1667
 182.0	25.5
 183.0	32
 184.0	30.1667
 185.0	33.5
 186.0	24
 187.0	23.25
 188.0	22
 189.0	25
 190.0	25.5
 191.0	23
 192.0	25.5
 193.0	20
 194.0	24.3333
 195.0	25
 196.0	32.1667
 197.0	29
 198.0	28.5
 199.0	27.5
 200.0	23.6667
 201.0	39.3333
 202.0	22
 203.0	37.5
 204.0	26
 205.0	33
 206.0	23
 207.0	34.5
 208.0	28.3333
 209.0	28.3333
 210.0	33.5
 211.0	30.1667
 212.0	28
 213.0	28.5
 214.0	11.5
 215.0	27.3333
 216.0	23
 217.0	26
 218.0	19
 219.0	32
 220.0	30.5
 221.0	31.3333
 222.0	39.3333
 223.0	22.3333
 224.0	21
 225.0	22
 226.0	23.1667
 227.0	28
 228.0	32.5
 229.0	21
DB 2 MOTIF	SP3_HUMAN.H11MO.0.B
-225.0	39
-224.0	40.5
-223.0	32
-222.0	33
-221.0	33
-220.0	18
-219.0	34
-218.0	27.5
-217.0	31
-216.0	31
-215.0	38
-214.0	34
-213.0	27
-212.0	31
-211.0	25.5
-210.0	30.5
-209.0	30.5
-208.0	28.5
-207.0	27
-206.0	35.8333
-205.0	34
-204.0	23.5
-203.0	31
-202.0	28
-201.0	39.6667
-200.0	38
-199.0	31
-198.0	41
-197.0	26.5
-196.0	36.3333
-195.0	37
-194.0	32
-193.0	34
-192.0	21
-191.0	32
-190.0	36
-189.0	27
-188.0	34
-187.0	31.5
-186.0	25
-185.0	30
-184.0	25
-183.0	35
-182.0	35
-181.0	31
-180.0	24.5
-179.0	40
-178.0	28.5
-177.0	33
-176.0	37
-175.0	30.5
-174.0	34
-173.0	36
-172.0	37
-171.0	30.1667
-170.0	36
-169.0	31
-168.0	31
-167.0	36
-166.0	30
-165.0	33.5
-164.0	28
-163.0	36.3333
-162.0	33.3333
-161.0	39
-160.0	29
-159.0	50
-158.0	34
-157.0	36
-156.0	27
-155.0	42
-154.0	38
-153.0	31
-152.0	37.5
-151.0	27
-150.0	40
-149.0	28.5
-148.0	42
-147.0	39.5
-146.0	26
-145.0	37.5
-144.0	23
-143.0	27
-142.0	35
-141.0	26
-140.0	34
-139.0	34
-138.0	24
-137.0	42
-136.0	45.5
-135.0	28
-134.0	33
-133.0	32
-132.0	37
-131.0	41
-130.0	42.5
-129.0	35
-128.0	28.3333
-127.0	28.5
-126.0	43
-125.0	38
-124.0	31
-123.0	37
-122.0	31.5
-121.0	44
-120.0	47
-119.0	29
-118.0	41
-117.0	46.5
-116.0	32
-115.0	33
-114.0	27
-113.0	45
-112.0	49
-111.0	33.1667
-110.0	42
-109.0	36
-108.0	41
-107.0	37
-106.0	44
-105.0	28.5
-104.0	41
-103.0	37.3333
-102.0	32.5
-101.0	35
-100.0	30.1667
 -99.0	42.5
 -98.0	35
 -97.0	37
 -96.0	28
 -95.0	30.6667
 -94.0	30.5
 -93.0	33
 -92.0	36
 -91.0	41
 -90.0	42.1667
 -89.0	37
 -88.0	28
 -87.0	38
 -86.0	39
 -85.0	30.6667
 -84.0	34
 -83.0	37
 -82.0	30.5
 -81.0	34.1667
 -80.0	31.6667
 -79.0	26
 -78.0	27
 -77.0	30
 -76.0	40.3333
 -75.0	47.1667
 -74.0	36
 -73.0	29
 -72.0	46.5
 -71.0	44.5
 -70.0	37
 -69.0	42
 -68.0	40
 -67.0	44
 -66.0	46
 -65.0	46
 -64.0	46
 -63.0	37
 -62.0	42
 -61.0	34
 -60.0	43
 -59.0	49
 -58.0	38.5
 -57.0	49
 -56.0	30.5
 -55.0	40.5
 -54.0	43
 -53.0	43
 -52.0	45.5
 -51.0	37.1667
 -50.0	34.5
 -49.0	27
 -48.0	40
 -47.0	39.5
 -46.0	33
 -45.0	46
 -44.0	43
 -43.0	29.8333
 -42.0	34
 -41.0	40
 -40.0	50
 -39.0	37
 -38.0	50
 -37.0	29
 -36.0	34
 -35.0	45.5
 -34.0	36
 -33.0	29
 -32.0	25
 -31.0	37.5
 -30.0	48.5
 -29.0	40
 -28.0	41
 -27.0	34
 -26.0	35
 -25.0	31.5
 -24.0	41
 -23.0	34
 -22.0	39
 -21.0	39
 -20.0	33
 -19.0	33
 -18.0	25
 -17.0	21
 -16.0	31
 -15.0	29
 -14.0	37
 -13.0	39
 -12.0	30
 -11.0	46
 -10.0	33
  -9.0	31
  -8.0	48
  -7.0	41.5
  -6.0	31.5
  -5.0	45
  -4.0	39.5
  -3.0	44
  -2.0	49.5
  -1.0	45
   0.0	40
   1.0	33
   2.0	42
   3.0	32
   4.0	48
   5.0	43.5
   6.0	37
   7.0	52
   8.0	37
   9.0	26
  10.0	25
  11.0	31
  12.0	31
  13.0	35
  14.0	45
  15.0	30
  16.0	39
  17.0	27
  18.0	26
  19.0	39
  20.0	34
  21.0	31
  22.0	30
  23.0	37
  24.0	29
  25.0	34
  26.0	45
  27.0	37
  28.0	36
  29.0	38
  30.0	60
  31.0	41.5
  32.0	38
  33.0	45
  34.0	38
  35.0	43
  36.0	34
  37.0	26.5
  38.0	36
  39.0	42
  40.0	38
  41.0	33
  42.0	42
  43.0	41
  44.0	41
  45.0	45
  46.0	36
  47.0	48
  48.0	28
  49.0	41
  50.0	35.5
  51.0	24
  52.0	43
  53.0	43
  54.0	37
  55.0	59.5
  56.0	27
  57.0	41
  58.0	51
  59.0	31
  60.0	36
  61.0	34
  62.0	45
  63.0	39
  64.0	23
  65.0	35.5
  66.0	31
  67.0	38
  68.0	40.3333
  69.0	30
  70.0	38
  71.0	39
  72.0	29
  73.0	40
  74.0	26
  75.0	39.5
  76.0	46
  77.0	36
  78.0	43
  79.0	33
  80.0	25.3333
  81.0	36.5
  82.0	44
  83.0	30.5
  84.0	32
  85.0	35
  86.0	32
  87.0	33
  88.0	45.8333
  89.0	34
  90.0	33
  91.0	39.5
  92.0	42.5
  93.0	40
  94.0	30
  95.0	36
  96.0	35
  97.0	33
  98.0	34.5
  99.0	36
 100.0	34
 101.0	42
 102.0	43
 103.0	38.5
 104.0	35.3333
 105.0	31.5
 106.0	32
 107.0	37
 108.0	37.5
 109.0	37.5
 110.0	37.5
 111.0	33
 112.0	36
 113.0	37
 114.0	38
 115.0	25
 116.0	39.5
 117.0	30
 118.0	37
 119.0	31.5
 120.0	20
 121.0	34
 122.0	27
 123.0	31.5
 124.0	38.8333
 125.0	25
 126.0	41.5
 127.0	27
 128.0	39
 129.0	26
 130.0	36.8333
 131.0	38.5
 132.0	36
 133.0	31.5
 134.0	37.5
 135.0	36
 136.0	25.3333
 137.0	45
 138.0	29
 139.0	30
 140.0	30
 141.0	24
 142.0	24
 143.0	23
 144.0	29
 145.0	31
 146.0	26.3333
 147.0	28
 148.0	33.3333
 149.0	26
 150.0	31
 151.0	31.5
 152.0	24.2
 153.0	25.5
 154.0	22
 155.0	29.3333
 156.0	25.5
 157.0	23.5
 158.0	25
 159.0	26
 160.0	29.5
 161.0	38.5
 162.0	34
 163.0	29.5
 164.0	33
 165.0	26.5
 166.0	21
 167.0	25.2
 168.0	40
 169.0	30.5
 170.0	36
 171.0	30
 172.0	40
 173.0	36.5
 174.0	30.5
 175.0	32.5
 176.0	29
 177.0	23
 178.0	35.3333
 179.0	29
 180.0	18
 181.0	27
 182.0	25.2
 183.0	39.3333
 184.0	29
 185.0	24
 186.0	31
 187.0	31
 188.0	29.5
 189.0	36.5
 190.0	18.3333
 191.0	30.5
 192.0	19
 193.0	26
 194.0	20
 195.0	33.5
 196.0	32.8333
 197.0	29.2
 198.0	35.3333
 199.0	31
 200.0	43.5
 201.0	30.3333
 202.0	27.3333
 203.0	24
 204.0	27.8333
 205.0	33
 206.0	35
 207.0	31
 208.0	32.8333
 209.0	36
 210.0	31.3333
 211.0	37.5
 212.0	30.2
 213.0	25
 214.0	29
 215.0	26
 216.0	30
 217.0	26
 218.0	25
 219.0	23
 220.0	26.8333
 221.0	38
 222.0	33.5
 223.0	40
 224.0	35
 225.0	25
DB 2 MOTIF	SP4_HUMAN.H11MO.0.A
-225.0	33.8333
-224.0	33
-223.0	34.625
-222.0	39.3333
-221.0	30
-220.0	32
-219.0	27.3333
-218.0	28.5
-217.0	24
-216.0	34.5
-215.0	31
-214.0	35
-213.0	40.5
-212.0	32
-211.0	33
-210.0	30
-209.0	39
-208.0	40
-207.0	38
-206.0	35.625
-205.0	32
-204.0	45
-203.0	33.5
-202.0	37.1667
-201.0	27
-200.0	41
-199.0	42
-198.0	31
-197.0	32
-196.0	34
-195.0	32
-194.0	49
-193.0	27
-192.0	28
-191.0	29.5
-190.0	38.5
-189.0	38.125
-188.0	34
-187.0	42.5
-186.0	36.5
-185.0	29
-184.0	32.5
-183.0	28.3333
-182.0	38
-181.0	33
-180.0	39
-179.0	30
-178.0	42
-177.0	36
-176.0	42.5
-175.0	39
-174.0	37
-173.0	42.25
-172.0	26.2917
-171.0	37
-170.0	28.75
-169.0	37
-168.0	28
-167.0	37.75
-166.0	38
-165.0	37
-164.0	36.25
-163.0	34
-162.0	33.8333
-161.0	29
-160.0	46
-159.0	41
-158.0	42
-157.0	35
-156.0	37
-155.0	30.125
-154.0	36
-153.0	46
-152.0	33.5
-151.0	43.5
-150.0	32
-149.0	32.3333
-148.0	35
-147.0	38
-146.0	43
-145.0	30
-144.0	42
-143.0	37
-142.0	46.1667
-141.0	37
-140.0	23
-139.0	28.5
-138.0	36.125
-137.0	43
-136.0	30
-135.0	38
-134.0	38.5
-133.0	38
-132.0	41
-131.0	36
-130.0	50
-129.0	36
-128.0	41
-127.0	49
-126.0	36
-125.0	39
-124.0	39
-123.0	30
-122.0	35
-121.0	44.125
-120.0	32
-119.0	49.5
-118.0	29
-117.0	37
-116.0	39.5
-115.0	33.3333
-114.0	37
-113.0	37
-112.0	50.1667
-111.0	52
-110.0	43
-109.0	34
-108.0	41
-107.0	48
-106.0	43
-105.0	44
-104.0	35.625
-103.0	35
-102.0	35.8333
-101.0	38
-100.0	46.5
 -99.0	32
 -98.0	40
 -97.0	41.5
 -96.0	44
 -95.0	34
 -94.0	44
 -93.0	49
 -92.0	44
 -91.0	30
 -90.0	50
 -89.0	50
 -88.0	35
 -87.0	41
 -86.0	34
 -85.0	28
 -84.0	44
 -83.0	26.5
 -82.0	42.1667
 -81.0	41
 -80.0	36
 -79.0	37
 -78.0	44
 -77.0	37
 -76.0	23
 -75.0	44
 -74.0	45
 -73.0	42
 -72.0	39
 -71.0	48
 -70.0	38.5
 -69.0	30
 -68.0	45.5
 -67.0	37
 -66.0	51
 -65.0	35
 -64.0	46
 -63.0	41
 -62.0	40.5
 -61.0	36
 -60.0	40
 -59.0	50
 -58.0	51
 -57.0	43
 -56.0	37.5
 -55.0	38.5
 -54.0	45
 -53.0	38.5
 -52.0	24.1667
 -51.0	49
 -50.0	30
 -49.0	30.5
 -48.0	36
 -47.0	49
 -46.0	44
 -45.0	38
 -44.0	37
 -43.0	35
 -42.0	30.3333
 -41.0	43
 -40.0	36
 -39.0	39
 -38.0	43
 -37.0	44
 -36.0	40
 -35.0	37
 -34.0	36
 -33.0	38
 -32.0	39
 -31.0	26
 -30.0	34
 -29.0	28
 -28.0	42
 -27.0	35
 -26.0	41
 -25.0	43
 -24.0	44
 -23.0	34
 -22.0	42
 -21.0	36
 -20.0	26
 -19.0	20
 -18.0	39
 -17.0	34
 -16.0	32
 -15.0	35
 -14.0	26.5
 -13.0	36
 -12.0	37.5
 -11.0	25.5
 -10.0	27
  -9.0	50
  -8.0	43
  -7.0	35
  -6.0	32
  -5.0	30
  -4.0	42
  -3.0	35
  -2.0	49
  -1.0	45
   0.0	41
   1.0	50
   2.0	44
   3.0	43
   4.0	34.5
   5.0	31
   6.0	47
   7.0	33
   8.0	36
   9.0	36
  10.0	36
  11.0	30
  12.0	32
  13.0	44.5
  14.0	33
  15.0	34
  16.0	37.5
  17.0	26
  18.0	26
  19.0	36
  20.0	29
  21.0	35.5
  22.0	36
  23.0	28
  24.0	30
  25.0	37
  26.0	36
  27.0	40
  28.0	39
  29.0	41
  30.0	36
  31.0	47
  32.0	42.5
  33.0	39
  34.0	42
  35.0	39
  36.0	35
  37.0	29
  38.0	37
  39.0	32
  40.0	36
  41.0	36
  42.0	38
  43.0	43.8333
  44.0	35.5
  45.0	39
  46.0	41
  47.0	38
  48.0	32
  49.0	41.5
  50.0	34.5
  51.0	44.5
  52.0	25
  53.0	46
  54.0	43.5
  55.0	31
  56.0	48
  57.0	55.3333
  58.0	30
  59.0	34
  60.0	32.5
  61.0	35
  62.0	33.5
  63.0	36.5
  64.0	38
  65.0	27
  66.0	35
  67.0	38.3333
  68.0	32
  69.0	41.3333
  70.0	39
  71.0	29.5
  72.0	45
  73.0	30
  74.0	34
  75.0	48
  76.0	33
  77.0	37
  78.0	37
  79.0	33
  80.0	28
  81.0	37
  82.0	29
  83.0	45
  84.0	30
  85.0	36
  86.0	35
  87.0	43
  88.0	37
  89.0	50
  90.0	36
  91.0	35.3333
  92.0	31
  93.0	34
  94.0	38.5
  95.0	40.5
  96.0	38
  97.0	30.5
  98.0	42
  99.0	28
 100.0	32.5
 101.0	50
 102.0	37.5
 103.0	39
 104.0	42
 105.0	39.3333
 106.0	34
 107.0	32.5
 108.0	38
 109.0	36
 110.0	47
 111.0	42
 112.0	34.5
 113.0	35
 114.0	37.5
 115.0	32
 116.0	31
 117.0	45
 118.0	43
 119.0	25
 120.0	34
 121.0	27
 122.0	26
 123.0	32
 124.0	42
 125.0	38.5
 126.0	39
 127.0	43
 128.0	41
 129.0	39.5
 130.0	25
 131.0	43
 132.0	34.5
 133.0	40.5
 134.0	36
 135.0	29.5
 136.0	43.5
 137.0	37.5
 138.0	36
 139.0	44.5
 140.0	32
 141.0	33
 142.0	33.5
 143.0	30
 144.0	28
 145.0	38
 146.0	32
 147.0	40
 148.0	33.5
 149.0	31
 150.0	36.5
 151.0	32.2
 152.0	27
 153.0	30
 154.0	38
 155.0	32
 156.0	34.5
 157.0	37
 158.0	28
 159.0	27
 160.0	45
 161.0	40
 162.0	28
 163.0	38
 164.0	39
 165.0	33.5
 166.0	27.2
 167.0	36.5
 168.0	33
 169.0	38
 170.0	39
 171.0	41
 172.0	38
 173.0	31.5
 174.0	42
 175.0	29
 176.0	39.5
 177.0	30
 178.0	27
 179.0	37
 180.0	34
 181.0	26.7
 182.0	30
 183.0	34
 184.0	36
 185.0	30
 186.0	38
 187.0	33
 188.0	24
 189.0	37.5
 190.0	38
 191.0	23.5
 192.0	34
 193.0	29
 194.0	26.5
 195.0	30.5
 196.0	46.2
 197.0	30.5
 198.0	26
 199.0	31
 200.0	30
 201.0	46
 202.0	36
 203.0	37.7
 204.0	31.5
 205.0	33
 206.0	28.2
 207.0	41.5
 208.0	29
 209.0	37.4
 210.0	41
 211.0	36.2
 212.0	21.9
 213.0	39
 214.0	24.5
 215.0	37.4
 216.0	31.5
 217.0	40
 218.0	18.7
 219.0	24.5
 220.0	39
 221.0	28.2
 222.0	41
 223.0	38.5
 224.0	34
 225.0	43.5
DB 2 MOTIF	SP4_HUMAN.H11MO.1.A
-227.0	27
-226.0	21
-225.0	39
-224.0	26
-223.0	31
-222.0	27
-221.0	26.2
-220.0	28
-219.0	17
-218.0	28.5
-217.0	21
-216.0	24
-215.0	37
-214.0	35
-213.0	30.5
-212.0	28
-211.0	19
-210.0	37
-209.0	50
-208.0	27
-207.0	36
-206.0	33
-205.0	33.3333
-204.0	38
-203.0	34.7
-202.0	35.1667
-201.0	30
-200.0	43
-199.0	33
-198.0	34
-197.0	31.5
-196.0	30
-195.0	32
-194.0	33
-193.0	21
-192.0	21.5
-191.0	27
-190.0	32
-189.0	39
-188.0	31
-187.0	46
-186.0	32.5
-185.0	28.7
-184.0	29.5
-183.0	23.3333
-182.0	36
-181.0	28.5
-180.0	30
-179.0	35
-178.0	33.5
-177.0	27
-176.0	36.1667
-175.0	34
-174.0	40.5
-173.0	38.1667
-172.0	28.1667
-171.0	31
-170.0	31.1667
-169.0	34
-168.0	33
-167.0	36.3667
-166.0	37.5
-165.0	30
-164.0	24.6667
-163.0	34
-162.0	31.8333
-161.0	23.1667
-160.0	45
-159.0	27
-158.0	47.5
-157.0	34
-156.0	33.5
-155.0	29.5
-154.0	30.5
-153.0	38.5
-152.0	35
-151.0	49.5
-150.0	36
-149.0	34.0333
-148.0	30
-147.0	27.75
-146.0	43
-145.0	29
-144.0	25
-143.0	32.5
-142.0	40.1667
-141.0	37.5
-140.0	32.8333
-139.0	35.5
-138.0	29.5
-137.0	33.5
-136.0	29
-135.0	34
-134.0	37
-133.0	30
-132.0	29
-131.0	28.5
-130.0	50
-129.0	37
-128.0	38
-127.0	38.25
-126.0	29.5
-125.0	33
-124.0	40
-123.0	32
-122.0	39
-121.0	43.5
-120.0	36
-119.0	55
-118.0	37
-117.0	36.5
-116.0	35
-115.0	25.3333
-114.0	36
-113.0	43
-112.0	53.1667
-111.0	48
-110.0	35
-109.0	40.5
-108.0	29
-107.0	43.25
-106.0	31
-105.0	35
-104.0	27.5
-103.0	37.5
-102.0	34.3333
-101.0	32
-100.0	46.5
 -99.0	30
 -98.0	32
 -97.0	30
 -96.0	36
 -95.0	29
 -94.0	31
 -93.0	38
 -92.0	39
 -91.0	42
 -90.0	42
 -89.0	38
 -88.0	33.25
 -87.0	40
 -86.0	34
 -85.0	28.5
 -84.0	42.5
 -83.0	30.5
 -82.0	33.1667
 -81.0	35
 -80.0	37
 -79.0	47
 -78.0	35
 -77.0	33
 -76.0	31
 -75.0	39.3333
 -74.0	36
 -73.0	43
 -72.0	33
 -71.0	45.5
 -70.0	32.5
 -69.0	37.5
 -68.0	43.5
 -67.0	32.5
 -66.0	43
 -65.0	37
 -64.0	39
 -63.0	39
 -62.0	35.5
 -61.0	36
 -60.0	36
 -59.0	39
 -58.0	50
 -57.0	36
 -56.0	27
 -55.0	37
 -54.0	40
 -53.0	40.5
 -52.0	31.1667
 -51.0	37
 -50.0	25
 -49.0	28
 -48.0	40
 -47.0	29
 -46.0	31
 -45.0	47
 -44.0	37
 -43.0	27
 -42.0	30.8333
 -41.0	42
 -40.0	38
 -39.0	49
 -38.0	35.5
 -37.0	31
 -36.0	42
 -35.0	38
 -34.0	31
 -33.0	36
 -32.0	39
 -31.0	37
 -30.0	42
 -29.0	26
 -28.0	33
 -27.0	27
 -26.0	36
 -25.0	29
 -24.0	33
 -23.0	32
 -22.0	26.5
 -21.0	26
 -20.0	30.5
 -19.0	13
 -18.0	35
 -17.0	26.5
 -16.0	34
 -15.0	37
 -14.0	29
 -13.0	28
 -12.0	34
 -11.0	33
 -10.0	35
  -9.0	28
  -8.0	37
  -7.0	38
  -6.0	39
  -5.0	39
  -4.0	37
  -3.0	34
  -2.0	34
  -1.0	37
   0.0	37
   1.0	43
   2.0	36
   3.0	43.5
   4.0	29
   5.0	44
   6.0	49
   7.0	29
   8.0	47
   9.0	39
  10.0	27
  11.0	30
  12.0	25
  13.0	42
  14.0	30
  15.0	33.5
  16.0	28.5
  17.0	25
  18.0	32.5
  19.0	37
  20.0	24
  21.0	39.5
  22.0	34
  23.0	24
  24.0	34.5
  25.0	33
  26.0	22
  27.0	37
  28.0	32
  29.0	39
  30.0	26
  31.0	41
  32.0	40
  33.0	36
  34.0	45.5
  35.0	36
  36.0	34.5
  37.0	29
  38.0	25
  39.0	39.5
  40.0	27
  41.0	35
  42.0	43
  43.0	39
  44.0	28
  45.0	40.5
  46.0	39
  47.0	31
  48.0	44
  49.0	36.5
  50.0	31
  51.0	41
  52.0	30.25
  53.0	44
  54.0	38.5
  55.0	29
  56.0	44
  57.0	42.75
  58.0	25
  59.0	42
  60.0	29
  61.0	33
  62.0	37
  63.0	32
  64.0	36
  65.0	30
  66.0	29.5
  67.0	29
  68.0	30
  69.0	39.25
  70.0	35
  71.0	28
  72.0	41.25
  73.0	29
  74.0	41
  75.0	39
  76.0	25
  77.0	41
  78.0	36
  79.0	34
  80.0	26
  81.0	29.5833
  82.0	27
  83.0	41
  84.0	28
  85.0	28
  86.0	37.3333
  87.0	43
  88.0	39
  89.0	52
  90.0	31.5
  91.0	28.3333
  92.0	24.25
  93.0	37
  94.0	37
  95.0	38.5
  96.0	36
  97.0	42.5
  98.0	40
  99.0	32
 100.0	29.5
 101.0	38.5
 102.0	47.5
 103.0	40
 104.0	34.25
 105.0	35.25
 106.0	31.5
 107.0	30
 108.0	36
 109.0	32
 110.0	40
 111.0	38.25
 112.0	30
 113.0	34
 114.0	28
 115.0	41
 116.0	26.5
 117.0	41
 118.0	33.5
 119.0	24.5
 120.0	31
 121.0	21
 122.0	30
 123.0	22
 124.0	38
 125.0	40.5
 126.0	28.5
 127.0	32
 128.0	34.5
 129.0	37
 130.0	27
 131.0	37
 132.0	31.5
 133.0	38
 134.0	30
 135.0	26
 136.0	32.25
 137.0	25.5
 138.0	28
 139.0	41
 140.0	27
 141.0	28
 142.0	29.5
 143.0	21
 144.0	21
 145.0	38
 146.0	30
 147.0	32.5
 148.0	30
 149.0	33.5
 150.0	39
 151.0	36.1667
 152.0	33
 153.0	25
 154.0	33.3333
 155.0	24.5
 156.0	32
 157.0	30
 158.0	32
 159.0	31
 160.0	33
 161.0	38
 162.0	23.5
 163.0	31
 164.0	33
 165.0	29.5
 166.0	24.1667
 167.0	26.5
 168.0	33.5
 169.0	41.25
 170.0	34
 171.0	39
 172.0	33
 173.0	36.5
 174.0	34.5
 175.0	29.5
 176.0	34
 177.0	35.8333
 178.0	26
 179.0	26
 180.0	23.5
 181.0	27.1667
 182.0	26.5
 183.0	32
 184.0	31
 185.0	32
 186.0	33.5
 187.0	26
 188.0	33
 189.0	32.5
 190.0	19
 191.0	28
 192.0	29
 193.0	25
 194.0	27.5
 195.0	23
 196.0	44.1667
 197.0	30
 198.0	28.5
 199.0	29
 200.0	22.8333
 201.0	42
 202.0	31
 203.0	34.45
 204.0	25
 205.0	38.5
 206.0	24.2
 207.0	33
 208.0	24.5
 209.0	23.2
 210.0	37
 211.0	28.1667
 212.0	20.2
 213.0	28
 214.0	16
 215.0	32.2
 216.0	26
 217.0	36
 218.0	20
 219.0	22
 220.0	31
 221.0	32
 222.0	30
 223.0	41.5
 224.0	27
 225.0	32
 226.0	33.1667
 227.0	33
DB 2 MOTIF	SPZ1_HUMAN.H11MO.0.D
-227.0	22
-226.0	22
-225.0	22
-224.0	26.5
-223.0	35.5
-222.0	24
-221.0	23
-220.0	25
-219.0	19.5
-218.0	25
-217.0	21
-216.0	33
-215.0	26
-214.0	23
-213.0	25
-212.0	22
-211.0	23
-210.0	23.5
-209.0	24
-208.0	15
-207.0	27
-206.0	29
-205.0	21.5
-204.0	32
-203.0	27
-202.0	27
-201.0	21
-200.0	26
-199.0	22
-198.0	31
-197.0	25.5
-196.0	23
-195.0	24
-194.0	31
-193.0	26
-192.0	23
-191.0	24
-190.0	19
-189.0	23
-188.0	20
-187.0	22
-186.0	26
-185.0	24
-184.0	21.5
-183.0	18
-182.0	21
-181.0	28
-180.0	25
-179.0	28
-178.0	26
-177.0	26
-176.0	31
-175.0	20
-174.0	23
-173.0	21
-172.0	27
-171.0	23
-170.0	15
-169.0	22
-168.0	36
-167.0	20
-166.0	17
-165.0	25.5
-164.0	23
-163.0	16
-162.0	30
-161.0	29
-160.0	28
-159.0	26
-158.0	26
-157.0	24
-156.0	18
-155.0	25
-154.0	23.5
-153.0	22
-152.0	25
-151.0	25
-150.0	27
-149.0	30
-148.0	20
-147.0	16
-146.0	18
-145.0	29.5
-144.0	28
-143.0	26
-142.0	24
-141.0	25
-140.0	21
-139.0	33
-138.0	22
-137.0	28.5
-136.0	23
-135.0	19
-134.0	24
-133.0	21
-132.0	31
-131.0	34
-130.0	18
-129.0	19
-128.0	20
-127.0	23
-126.0	24
-125.0	22
-124.0	31
-123.0	26
-122.0	15
-121.0	28
-120.0	19
-119.0	19
-118.0	25
-117.0	17.5
-116.0	30
-115.0	22.5
-114.0	28
-113.0	19
-112.0	37
-111.0	31
-110.0	28
-109.0	26
-108.0	18
-107.0	20
-106.0	31
-105.0	20
-104.0	22
-103.0	29
-102.0	25
-101.0	29.5
-100.0	21
 -99.0	25
 -98.0	23
 -97.0	17
 -96.0	30
 -95.0	25
 -94.0	19
 -93.0	24
 -92.0	30
 -91.0	21
 -90.0	25
 -89.0	23
 -88.0	22
 -87.0	33
 -86.0	46
 -85.0	28
 -84.0	16
 -83.0	29
 -82.0	26
 -81.0	22
 -80.0	31
 -79.0	24
 -78.0	24
 -77.0	17
 -76.0	17.5
 -75.0	33
 -74.0	30
 -73.0	27
 -72.0	20
 -71.0	17
 -70.0	24.5
 -69.0	28
 -68.0	30
 -67.0	24
 -66.0	24
 -65.0	22
 -64.0	32
 -63.0	31
 -62.0	22
 -61.0	27.5
 -60.0	31
 -59.0	24
 -58.0	24
 -57.0	39.5
 -56.0	32
 -55.0	33
 -54.0	26
 -53.0	30
 -52.0	28
 -51.0	30
 -50.0	25.5
 -49.0	22
 -48.0	30
 -47.0	21.5
 -46.0	18
 -45.0	21
 -44.0	27
 -43.0	24
 -42.0	25
 -41.0	26
 -40.0	22.5
 -39.0	34
 -38.0	28
 -37.0	23
 -36.0	37
 -35.0	23
 -34.0	31
 -33.0	22
 -32.0	19
 -31.0	31
 -30.0	24
 -29.0	28
 -28.0	42
 -27.0	30
 -26.0	20
 -25.0	17
 -24.0	29
 -23.0	28
 -22.0	25.5
 -21.0	22
 -20.0	19
 -19.0	25.5
 -18.0	28
 -17.0	24
 -16.0	27
 -15.0	34
 -14.0	18
 -13.0	28
 -12.0	25
 -11.0	23
 -10.0	29
  -9.0	20
  -8.0	26
  -7.0	30
  -6.0	37.5
  -5.0	30
  -4.0	25
  -3.0	26
  -2.0	21
  -1.0	25
   0.0	26
   1.0	36
   2.0	23.5
   3.0	30
   4.0	29
   5.0	30
   6.0	27
   7.0	27
   8.0	32
   9.0	21
  10.0	27
  11.0	18.5
  12.0	29
  13.0	18
  14.0	27
  15.0	21
  16.0	26
  17.0	22
  18.0	34
  19.0	21
  20.0	19
  21.0	21
  22.0	21
  23.0	14
  24.0	23
  25.0	24
  26.0	20
  27.0	27
  28.0	34
  29.0	24
  30.0	19
  31.0	25.5
  32.0	24
  33.0	32
  34.0	25
  35.0	20
  36.0	26.5
  37.0	20
  38.0	26
  39.0	26
  40.0	25
  41.0	25
  42.0	27
  43.0	17
  44.0	27
  45.0	30
  46.0	26
  47.0	28
  48.0	28
  49.0	25
  50.0	33
  51.0	28
  52.0	29
  53.0	24
  54.0	25
  55.0	31
  56.0	24
  57.0	32.5
  58.0	24
  59.0	26
  60.0	24
  61.0	28
  62.0	26
  63.0	22
  64.0	26
  65.0	24
  66.0	30
  67.0	28
  68.0	32
  69.0	26
  70.0	27
  71.0	31
  72.0	28
  73.0	21
  74.0	15
  75.0	21
  76.0	18.5
  77.0	19
  78.0	32
  79.0	22
  80.0	24
  81.0	22
  82.0	32
  83.0	33
  84.0	24
  85.0	28
  86.0	27
  87.0	29
  88.0	21
  89.0	14.5
  90.0	42
  91.0	21.3333
  92.0	30
  93.0	23
  94.0	23
  95.0	30
  96.0	29
  97.0	28
  98.0	20
  99.0	25
 100.0	22
 101.0	23
 102.0	28.5
 103.0	21
 104.0	30
 105.0	20
 106.0	25
 107.0	17
 108.0	20
 109.0	33.5
 110.0	19
 111.0	26
 112.0	23
 113.0	29
 114.0	21
 115.0	25.5
 116.0	25
 117.0	32
 118.0	24
 119.0	22
 120.0	18
 121.0	28
 122.0	25
 123.0	23
 124.0	31
 125.0	28
 126.0	23
 127.0	20
 128.0	24
 129.0	18
 130.0	21
 131.0	20
 132.0	35
 133.0	24
 134.0	25
 135.0	22
 136.0	24.3333
 137.0	25
 138.0	18
 139.0	22
 140.0	22.5
 141.0	29
 142.0	27
 143.0	28
 144.0	23
 145.0	27
 146.0	19
 147.0	24
 148.0	19.5
 149.0	24
 150.0	31
 151.0	23
 152.0	26.5
 153.0	21
 154.0	26
 155.0	26
 156.0	37
 157.0	20.5
 158.0	20
 159.0	24
 160.0	22
 161.0	24
 162.0	17
 163.0	21
 164.0	31
 165.0	15
 166.0	22
 167.0	18
 168.0	32
 169.0	17
 170.0	15.5
 171.0	22
 172.0	29
 173.0	21
 174.0	26
 175.0	30
 176.0	22
 177.0	31
 178.0	19
 179.0	27
 180.0	19
 181.0	16.8333
 182.0	24.5
 183.0	25
 184.0	19
 185.0	24.5
 186.0	21
 187.0	30
 188.0	12
 189.0	24
 190.0	26
 191.0	21.5
 192.0	25
 193.0	23
 194.0	25
 195.0	26
 196.0	23
 197.0	27
 198.0	26
 199.0	22
 200.0	22
 201.0	19
 202.0	25
 203.0	25.5
 204.0	27
 205.0	24
 206.0	25
 207.0	23
 208.0	23
 209.0	19
 210.0	20
 211.0	25
 212.0	21
 213.0	24
 214.0	30
 215.0	21
 216.0	35
 217.0	26
 218.0	18
 219.0	25
 220.0	27
 221.0	25
 222.0	28
 223.0	17
 224.0	26
 225.0	24
 226.0	24
 227.0	21
DB 2 MOTIF	TFCP2_HUMAN.H11MO.0.D
-227.0	24
-226.0	33
-225.0	29
-224.0	28
-223.0	28
-222.0	36
-221.0	29.5
-220.0	31
-219.0	20.5
-218.0	37
-217.0	30
-216.0	33.5
-215.0	29
-214.0	29
-213.0	39
-212.0	38.5
-211.0	31
-210.0	27
-209.0	31
-208.0	28
-207.0	31
-206.0	36
-205.0	33
-204.0	30.5
-203.0	24
-202.0	43
-201.0	29
-200.0	32
-199.0	24.5
-198.0	28
-197.0	21.8333
-196.0	38
-195.0	24
-194.0	36
-193.0	33.5
-192.0	30
-191.0	43.5
-190.0	36
-189.0	30
-188.0	27
-187.0	40
-186.0	38
-185.0	34
-184.0	30
-183.0	31
-182.0	34
-181.0	47
-180.0	31
-179.0	28.3333
-178.0	34.5
-177.0	26
-176.0	37
-175.0	33
-174.0	33
-173.0	35
-172.0	34
-171.0	42
-170.0	40.5
-169.0	34
-168.0	43
-167.0	22
-166.0	37
-165.0	36
-164.0	38
-163.0	32
-162.0	34
-161.0	32.5
-160.0	36
-159.0	31.5
-158.0	35
-157.0	37
-156.0	32
-155.0	42
-154.0	28
-153.0	48
-152.0	32
-151.0	29
-150.0	46.5
-149.0	34
-148.0	29
-147.0	39
-146.0	30
-145.0	31.5
-144.0	40
-143.0	45
-142.0	42.5
-141.0	28
-140.0	28
-139.0	32
-138.0	35.5
-137.0	39
-136.0	35
-135.0	31.3333
-134.0	44.5
-133.0	23.5
-132.0	33
-131.0	23
-130.0	39
-129.0	36
-128.0	38
-127.0	38
-126.0	40
-125.0	35
-124.0	37
-123.0	29
-122.0	40
-121.0	45
-120.0	36.5
-119.0	37
-118.0	33
-117.0	31
-116.0	46
-115.0	25
-114.0	33
-113.0	31
-112.0	38
-111.0	39
-110.0	37
-109.0	33
-108.0	32
-107.0	41
-106.0	31
-105.0	26
-104.0	34
-103.0	35
-102.0	36
-101.0	45
-100.0	32
 -99.0	42
 -98.0	39
 -97.0	35
 -96.0	36
 -95.0	25
 -94.0	33
 -93.0	38
 -92.0	43.5
 -91.0	36
 -90.0	37.5
 -89.0	34
 -88.0	32
 -87.0	46.5
 -86.0	37
 -85.0	26
 -84.0	42
 -83.0	30
 -82.0	26
 -81.0	32
 -80.0	26
 -79.0	38
 -78.0	40
 -77.0	42
 -76.0	30.5
 -75.0	29
 -74.0	25
 -73.0	38
 -72.0	41
 -71.0	38
 -70.0	41
 -69.0	32
 -68.0	39
 -67.0	50
 -66.0	33
 -65.0	38
 -64.0	39
 -63.0	31
 -62.0	30
 -61.0	28
 -60.0	33
 -59.0	37
 -58.0	31
 -57.0	36
 -56.0	35
 -55.0	31
 -54.0	39
 -53.0	30
 -52.0	44
 -51.0	38
 -50.0	41
 -49.0	41
 -48.0	31
 -47.0	35
 -46.0	36.5
 -45.0	34
 -44.0	44
 -43.0	43
 -42.0	36
 -41.0	30
 -40.0	37
 -39.0	36.5
 -38.0	28
 -37.0	31
 -36.0	38
 -35.0	36
 -34.0	31
 -33.0	42
 -32.0	29.5
 -31.0	42
 -30.0	27
 -29.0	34.5
 -28.0	32
 -27.0	26
 -26.0	25
 -25.0	31
 -24.0	47
 -23.0	39
 -22.0	29
 -21.0	31
 -20.0	36.5
 -19.0	48
 -18.0	34
 -17.0	27
 -16.0	32
 -15.0	37
 -14.0	38
 -13.0	37
 -12.0	43.5
 -11.0	27
 -10.0	30.5
  -9.0	33.5
  -8.0	30
  -7.0	34
  -6.0	30
  -5.0	38.5
  -4.0	26
  -3.0	36
  -2.0	39
  -1.0	22
   0.0	27
   1.0	23
   2.0	34
   3.0	40
   4.0	27
   5.0	28
   6.0	37
   7.0	30
   8.0	33.5
   9.0	32
  10.0	32
  11.0	43
  12.0	38
  13.0	40.5
  14.0	37
  15.0	31
  16.0	47.5
  17.0	33
  18.0	23
  19.0	33
  20.0	32
  21.0	46
  22.0	44
  23.0	36
  24.0	39
  25.0	40
  26.0	30
  27.0	37
  28.0	30
  29.0	27.5
  30.0	45
  31.0	29
  32.0	42
  33.0	31
  34.0	39
  35.0	36.5
  36.0	25
  37.0	39
  38.0	38
  39.0	33
  40.0	31
  41.0	29.5
  42.0	44
  43.0	39
  44.0	39
  45.0	34
  46.0	38
  47.0	34.5
  48.0	34
  49.0	24
  50.0	34
  51.0	34
  52.0	34
  53.0	30.5
  54.0	39
  55.0	32
  56.0	37
  57.0	23.5
  58.0	36
  59.0	37
  60.0	34
  61.0	38
  62.0	47
  63.0	33.5
  64.0	33
  65.0	31
  66.0	36
  67.0	37
  68.0	36.5
  69.0	38
  70.0	36
  71.0	38
  72.0	28
  73.0	40
  74.0	39
  75.0	36
  76.0	26
  77.0	37
  78.0	37
  79.0	32
  80.0	30
  81.0	23.5
  82.0	33
  83.0	44
  84.0	42.5
  85.0	41
  86.0	32
  87.0	37.5
  88.0	27
  89.0	35.5
  90.0	33
  91.0	38
  92.0	34
  93.0	36
  94.0	44.5
  95.0	31
  96.0	30
  97.0	41
  98.0	32
  99.0	28.5
 100.0	37
 101.0	23
 102.0	34
 103.0	33
 104.0	41
 105.0	34
 106.0	48.5
 107.0	40
 108.0	37
 109.0	37
 110.0	33.5
 111.0	38.5
 112.0	30.5
 113.0	29
 114.0	31.5
 115.0	26
 116.0	31
 117.0	45
 118.0	35
 119.0	38.5
 120.0	25
 121.0	41
 122.0	37
 123.0	47.5
 124.0	32
 125.0	35
 126.0	33
 127.0	40.5
 128.0	26
 129.0	32
 130.0	33
 131.0	23
 132.0	32
 133.0	35
 134.0	43.5
 135.0	32
 136.0	37
 137.0	30
 138.0	33
 139.0	28
 140.0	31
 141.0	35
 142.0	35
 143.0	30
 144.0	41
 145.0	35
 146.0	38
 147.0	33
 148.0	41
 149.0	33
 150.0	32
 151.0	43
 152.0	30
 153.0	31
 154.0	42
 155.0	29
 156.0	37.5
 157.0	36
 158.0	28
 159.0	31.5
 160.0	29
 161.0	29
 162.0	41
 163.0	34
 164.0	33
 165.0	26
 166.0	23
 167.0	35
 168.0	34
 169.0	43
 170.0	37
 171.0	28
 172.0	26
 173.0	27
 174.0	43.5
 175.0	23
 176.0	32
 177.0	27
 178.0	26
 179.0	48
 180.0	43
 181.0	30.5
 182.0	35
 183.0	42
 184.0	28
 185.0	28
 186.0	36
 187.0	33
 188.0	41
 189.0	34
 190.0	31.5
 191.0	32.5
 192.0	28
 193.0	29
 194.0	34
 195.0	29
 196.0	22
 197.0	32
 198.0	33
 199.0	28
 200.0	43
 201.0	28
 202.0	28.5
 203.0	28
 204.0	33
 205.0	40
 206.0	30.5
 207.0	30
 208.0	33
 209.0	37
 210.0	25
 211.0	26
 212.0	34
 213.0	30
 214.0	34.5
 215.0	39.5
 216.0	28.5
 217.0	28
 218.0	30
 219.0	32
 220.0	38
 221.0	40
 222.0	29
 223.0	28
 224.0	36
 225.0	32
 226.0	27
 227.0	35
DB 2 MOTIF	TFDP1_HUMAN.H11MO.0.C
-228.0	40.5
-227.0	33
-226.0	42
-225.0	27
-224.0	35
-223.0	29.5
-222.0	30.1429
-221.0	29
-220.0	21
-219.0	42.5
-218.0	25
-217.0	35
-216.0	38
-215.0	41.5
-214.0	19
-213.0	33
-212.0	34
-211.0	30.5
-210.0	45
-209.0	36
-208.0	42
-207.0	38
-206.0	28
-205.0	25
-204.0	42.5
-203.0	38
-202.0	32
-201.0	46.5
-200.0	35
-199.0	39
-198.0	27
-197.0	40.5
-196.0	30
-195.0	40
-194.0	29
-193.0	25
-192.0	33.1429
-191.0	32
-190.0	36
-189.0	39
-188.0	30
-187.0	27
-186.0	22
-185.0	35
-184.0	28
-183.0	28.5
-182.0	36
-181.0	29
-180.0	27.5
-179.0	35
-178.0	35
-177.0	36
-176.0	28
-175.0	32.5
-174.0	33.5
-173.0	36.5
-172.0	26
-171.0	30.5
-170.0	29
-169.0	35
-168.0	35
-167.0	42
-166.0	40.5
-165.0	36
-164.0	33.5
-163.0	27
-162.0	30.1429
-161.0	32.5
-160.0	31.5
-159.0	41
-158.0	33
-157.0	26.5
-156.0	34.5
-155.0	21
-154.0	37.5
-153.0	23
-152.0	40.5
-151.0	28
-150.0	33
-149.0	33
-148.0	30
-147.0	36.5
-146.0	31.5
-145.0	29.5
-144.0	30
-143.0	25
-142.0	26
-141.0	29.5
-140.0	32
-139.0	18.5
-138.0	37
-137.0	29.5
-136.0	41
-135.0	37
-134.0	35
-133.0	26
-132.0	35.1429
-131.0	44
-130.0	31
-129.0	32
-128.0	28
-127.0	22.5
-126.0	42
-125.0	38
-124.0	37
-123.0	28
-122.0	45.5
-121.0	33
-120.0	36
-119.0	33
-118.0	36
-117.0	34
-116.0	31
-115.0	41
-114.0	33
-113.0	28.5
-112.0	30
-111.0	34
-110.0	42
-109.0	35
-108.0	32
-107.0	36
-106.0	29
-105.0	33
-104.0	30.8333
-103.0	28
-102.0	26.1429
-101.0	42.5
-100.0	35
 -99.0	35
 -98.0	34
 -97.0	29
 -96.0	35
 -95.0	39
 -94.0	36
 -93.0	42.5
 -92.0	30
 -91.0	44
 -90.0	39
 -89.0	40
 -88.0	42.5
 -87.0	33
 -86.0	47
 -85.0	26
 -84.0	34.5
 -83.0	27
 -82.0	29
 -81.0	49
 -80.0	33
 -79.0	26
 -78.0	31.5
 -77.0	33
 -76.0	36
 -75.0	36.5
 -74.0	41
 -73.0	35
 -72.0	46.1429
 -71.0	32
 -70.0	32
 -69.0	34
 -68.0	42.5
 -67.0	42
 -66.0	31
 -65.0	32.5
 -64.0	43
 -63.0	48.3333
 -62.0	42
 -61.0	31.5
 -60.0	21.5
 -59.0	42
 -58.0	30
 -57.0	38
 -56.0	38
 -55.0	30
 -54.0	46
 -53.0	36
 -52.0	36
 -51.0	30
 -50.0	40
 -49.0	37
 -48.0	32.5
 -47.0	34
 -46.0	39
 -45.0	45
 -44.0	32
 -43.0	46.5
 -42.0	48.6429
 -41.0	47
 -40.0	45.5
 -39.0	42.5
 -38.0	51
 -37.0	42.5
 -36.0	48
 -35.0	55
 -34.0	48
 -33.0	48.3333
 -32.0	38
 -31.0	46.5
 -30.0	42
 -29.0	47
 -28.0	55
 -27.0	39
 -26.0	51.5
 -25.0	40
 -24.0	51
 -23.0	61
 -22.0	51.5
 -21.0	48
 -20.0	38
 -19.0	48
 -18.0	47
 -17.0	42
 -16.0	42
 -15.0	42.5
 -14.0	48.5
 -13.0	35.5
 -12.0	46
 -11.0	55
 -10.0	40
  -9.0	46
  -8.0	46
  -7.0	43
  -6.0	35
  -5.0	58.5
  -4.0	43
  -3.0	42
  -2.0	62
  -1.0	49
   0.0	54
   1.0	51
   2.0	55
   3.0	65.5
   4.0	39
   5.0	60
   6.0	43
   7.0	54
   8.0	39
   9.0	42
  10.0	37
  11.0	42.5
  12.0	43.5
  13.0	52
  14.0	45
  15.0	54.5
  16.0	51
  17.0	43
  18.0	52
  19.0	38
  20.0	53
  21.0	53.5
  22.0	38.5
  23.0	47
  24.0	44
  25.0	51
  26.0	46
  27.0	42
  28.0	51.5
  29.0	49
  30.0	45.5
  31.0	34
  32.0	48
  33.0	50.5
  34.0	42
  35.0	43.5
  36.0	40
  37.0	43
  38.0	44
  39.0	28.5
  40.0	41
  41.0	33
  42.0	42
  43.0	31
  44.0	43.5
  45.0	50
  46.0	36.5
  47.0	34.5
  48.0	44
  49.0	36
  50.0	28.5
  51.0	43.5
  52.0	47
  53.0	39.5
  54.0	40
  55.0	38
  56.0	22.25
  57.0	29
  58.0	34
  59.0	31
  60.0	34.5
  61.0	26
  62.0	36
  63.0	34
  64.0	36
  65.0	33
  66.0	37
  67.0	29
  68.0	34.25
  69.0	50
  70.0	30.3333
  71.0	47.5
  72.0	33.5
  73.0	33.5
  74.0	33.5
  75.0	38
  76.0	41
  77.0	46.3333
  78.0	34.5
  79.0	33
  80.0	30.25
  81.0	28
  82.0	35
  83.0	22
  84.0	31.3333
  85.0	33.5
  86.0	24.5
  87.0	30
  88.0	39
  89.0	31
  90.0	27
  91.0	28
  92.0	38
  93.0	25
  94.0	30
  95.0	27
  96.0	35.5
  97.0	37
  98.0	31
  99.0	31
 100.0	37
 101.0	34
 102.0	42
 103.0	27.5
 104.0	27.75
 105.0	40
 106.0	36
 107.0	36
 108.0	31
 109.0	25
 110.0	28
 111.0	30
 112.0	27
 113.0	44
 114.0	34
 115.0	34
 116.0	34
 117.0	29
 118.0	29
 119.0	24
 120.0	27.5
 121.0	35
 122.0	31
 123.0	33
 124.0	29
 125.0	32
 126.0	31
 127.0	42
 128.0	34
 129.0	32
 130.0	30
 131.0	36
 132.0	34
 133.0	30
 134.0	23
 135.0	41
 136.0	25
 137.0	33
 138.0	45
 139.0	34
 140.0	27
 141.0	30
 142.0	34
 143.0	28
 144.0	27
 145.0	31
 146.0	32.3333
 147.0	32.5
 148.0	22
 149.0	36
 150.0	28.5
 151.0	30
 152.0	36.1667
 153.0	27.3333
 154.0	24
 155.0	34
 156.0	34
 157.0	29.5
 158.0	31
 159.0	35
 160.0	31.3333
 161.0	31
 162.0	24.5
 163.0	40
 164.0	34
 165.0	39
 166.0	28
 167.0	37.1667
 168.0	36
 169.0	32
 170.0	42
 171.0	39
 172.0	25
 173.0	37
 174.0	27.5
 175.0	25
 176.0	31
 177.0	30.5
 178.0	36
 179.0	40
 180.0	27.1429
 181.0	32
 182.0	27.1667
 183.0	40
 184.0	34
 185.0	38
 186.0	34
 187.0	36.5
 188.0	32.1429
 189.0	25
 190.0	27
 191.0	32.5
 192.0	34
 193.0	30
 194.0	19
 195.0	34.5
 196.0	31.6429
 197.0	33.1667
 198.0	42
 199.0	25
 200.0	42
 201.0	34
 202.0	32.5
 203.0	30.5
 204.0	28.1429
 205.0	31.5
 206.0	36
 207.0	36
 208.0	26
 209.0	40.5
 210.0	26
 211.0	24.5
 212.0	32.3095
 213.0	29
 214.0	23.5
 215.0	32
 216.0	37.5
 217.0	27
 218.0	36.5
 219.0	25
 220.0	28.1429
 221.0	37
 222.0	39
 223.0	41
 224.0	30
 225.0	26
 226.0	28
 227.0	37.1667
 228.0	39.1429
DB 2 MOTIF	TFE3_HUMAN.H11MO.0.B
-230.0	19
-229.0	26.5
-228.0	20.5
-227.0	15
-226.0	19.5
-225.0	17
-224.0	15.5
-223.0	13
-222.0	18.5
-221.0	20.5
-220.0	15
-219.0	25
-218.0	19
-217.0	16
-216.0	18
-215.0	17
-214.0	19
-213.0	10
-212.0	18.5
-211.0	14
-210.0	15.5
-209.0	17
-208.0	16
-207.0	22
-206.0	14.5
-205.0	17
-204.0	17.5
-203.0	25.5
-202.0	19
-201.0	7.5
-200.0	27
-199.0	24
-198.0	14
-197.0	15
-196.0	13
-195.0	12.2
-194.0	20
-193.0	14
-192.0	17
-191.0	19
-190.0	18.5
-189.0	17.5
-188.0	12.5
-187.0	21
-186.0	18
-185.0	22
-184.0	20
-183.0	17
-182.0	15.5
-181.0	21.5
-180.0	16.5
-179.0	17
-178.0	24.5
-177.0	28
-176.0	16.5
-175.0	16.5
-174.0	16
-173.0	25
-172.0	18
-171.0	24
-170.0	11.5
-169.0	18
-168.0	22.5
-167.0	18
-166.0	14
-165.0	20.2
-164.0	12.5
-163.0	20
-162.0	11
-161.0	19
-160.0	23
-159.0	25
-158.0	20
-157.0	13.5
-156.0	12.5
-155.0	24
-154.0	17.5
-153.0	14
-152.0	16.5
-151.0	23
-150.0	20.5
-149.0	14.5
-148.0	17.25
-147.0	19.5
-146.0	20
-145.0	19
-144.0	8
-143.0	12
-142.0	17
-141.0	20
-140.0	13
-139.0	10
-138.0	21
-137.0	17
-136.0	12
-135.0	19.2
-134.0	16
-133.0	16
-132.0	25
-131.0	17
-130.0	11.5
-129.0	13
-128.0	16
-127.0	15
-126.0	20
-125.0	14
-124.0	17.5
-123.0	12
-122.0	19
-121.0	13
-120.0	20
-119.0	22.5
-118.0	15
-117.0	16
-116.0	22.25
-115.0	18
-114.0	15.5
-113.0	14
-112.0	15
-111.0	21
-110.0	13
-109.0	22.5
-108.0	21.5
-107.0	20.5
-106.0	17.5
-105.0	18.2
-104.0	20
-103.0	12
-102.0	22
-101.0	21
-100.0	17
 -99.0	16
 -98.0	16.5
 -97.0	21
 -96.0	15.5
 -95.0	14
 -94.0	26
 -93.0	12
 -92.0	20
 -91.0	19.5
 -90.0	19
 -89.0	24
 -88.0	15
 -87.0	19.5
 -86.0	22
 -85.0	16
 -84.0	16
 -83.0	15.5
 -82.0	16.5
 -81.0	17
 -80.0	16
 -79.0	25
 -78.0	18
 -77.0	18
 -76.0	27
 -75.0	19.2
 -74.0	16
 -73.0	12
 -72.0	7.5
 -71.0	13.3333
 -70.0	22
 -69.0	12
 -68.0	24
 -67.0	11.5
 -66.0	19.5
 -65.0	17
 -64.0	18
 -63.0	16
 -62.0	22
 -61.0	18
 -60.0	19
 -59.0	16
 -58.0	19
 -57.0	20
 -56.0	26
 -55.0	23.3333
 -54.0	21
 -53.0	25
 -52.0	22.75
 -51.0	21.5
 -50.0	14
 -49.0	16
 -48.0	26
 -47.0	25
 -46.0	16
 -45.0	20
 -44.0	21
 -43.0	13.5
 -42.0	18.5
 -41.0	18.5
 -40.0	21
 -39.0	19.3333
 -38.0	19
 -37.0	26
 -36.0	31
 -35.0	16
 -34.0	12
 -33.0	17
 -32.0	9.5
 -31.0	26
 -30.0	21
 -29.0	20.5
 -28.0	21.5
 -27.0	25
 -26.0	21
 -25.0	21
 -24.0	29.5
 -23.0	20
 -22.0	19
 -21.0	29
 -20.0	19
 -19.0	15.25
 -18.0	16
 -17.0	21
 -16.0	18
 -15.0	26
 -14.0	15.5
 -13.0	23
 -12.0	21.5
 -11.0	25
 -10.0	19
  -9.0	18
  -8.0	29.5
  -7.0	15.5
  -6.0	10
  -5.0	15.5
  -4.0	23.5
  -3.0	23
  -2.0	21.5
  -1.0	18
   0.0	15.5
   1.0	17
   2.0	17.5
   3.0	22.5
   4.0	20.5
   5.0	18
   6.0	17
   7.0	21
   8.0	15
   9.0	23
  10.0	19.5
  11.0	11
  12.0	23
  13.0	20
  14.0	18
  15.0	20.5
  16.0	15.5
  17.0	22
  18.0	18
  19.0	26.5
  20.0	27
  21.0	21
  22.0	29
  23.0	22
  24.0	18.5
  25.0	17.8333
  26.0	22.5
  27.0	15.5
  28.0	11
  29.0	23.5
  30.0	22.5
  31.0	19.5
  32.0	18.5
  33.0	23
  34.0	24
  35.0	18.5
  36.0	11.5
  37.0	13
  38.0	20
  39.0	24
  40.0	27
  41.0	17
  42.0	23.5
  43.0	20.5
  44.0	21
  45.0	20
  46.0	22.5
  47.0	17
  48.0	18
  49.0	27
  50.0	14
  51.0	18
  52.0	23
  53.0	20
  54.0	17
  55.0	20
  56.0	23
  57.0	24.5
  58.0	17
  59.0	12
  60.0	19
  61.0	23
  62.0	15
  63.0	22
  64.0	24
  65.0	16
  66.0	13
  67.0	18
  68.0	20.8333
  69.0	26
  70.0	22.8333
  71.0	20.5
  72.0	21.5
  73.0	16
  74.0	8.5
  75.0	18
  76.0	17.5
  77.0	16
  78.0	22
  79.0	26.5
  80.0	18.5
  81.0	12
  82.0	20.5
  83.0	16.5
  84.0	15.5
  85.0	16
  86.0	10
  87.0	14
  88.0	9.5
  89.0	20
  90.0	23.5
  91.0	22.5
  92.0	16
  93.0	17
  94.0	24
  95.0	11
  96.0	13
  97.0	18
  98.0	18
  99.0	19
 100.0	15
 101.0	15
 102.0	15
 103.0	17.5
 104.0	10
 105.0	13.5
 106.0	23
 107.0	15
 108.0	22
 109.0	26
 110.0	18.5
 111.0	17
 112.0	21
 113.0	17
 114.0	16
 115.0	21
 116.0	20
 117.0	20
 118.0	10
 119.0	17
 120.0	17
 121.0	13
 122.0	11
 123.0	16
 124.0	18
 125.0	21
 126.0	21.5
 127.0	18
 128.0	21
 129.0	15
 130.0	22.5
 131.0	10
 132.0	14
 133.0	14
 134.0	14
 135.0	22
 136.0	23.5
 137.0	26
 138.0	12
 139.0	26
 140.0	20
 141.0	15
 142.0	18
 143.0	19
 144.0	18
 145.0	13
 146.0	15
 147.0	15
 148.0	16
 149.0	10
 150.0	22
 151.0	14
 152.0	21
 153.0	24
 154.0	12
 155.0	17
 156.0	23
 157.0	17
 158.0	11
 159.0	22
 160.0	22
 161.0	14
 162.0	16
 163.0	15
 164.0	17
 165.0	15
 166.0	15
 167.0	20
 168.0	17
 169.0	17
 170.0	13
 171.0	22
 172.0	11
 173.0	20
 174.0	18
 175.0	11
 176.0	21
 177.0	23
 178.0	21
 179.0	13
 180.0	17
 181.0	16
 182.0	24
 183.0	22
 184.0	18
 185.0	10
 186.0	11
 187.0	18
 188.0	18
 189.0	12.5
 190.0	16
 191.0	23
 192.0	21
 193.0	14.5
 194.0	17
 195.0	21
 196.0	19
 197.0	13
 198.0	14
 199.0	16
 200.0	23.5
 201.0	20
 202.0	19
 203.0	22
 204.0	17
 205.0	13
 206.0	17
 207.0	13
 208.0	12
 209.0	23
 210.0	15
 211.0	18
 212.0	14
 213.0	20
 214.0	21
 215.0	16
 216.0	18
 217.0	9
 218.0	22
 219.0	16
 220.0	26
 221.0	11
 222.0	21
 223.0	15.5
 224.0	20
 225.0	22
 226.0	17
 227.0	19
 228.0	17.5
 229.0	36
 230.0	21.5
DB 2 MOTIF	TFEB_HUMAN.H11MO.0.C
-230.5	2
-229.5	1
-228.5	4.5
-227.5	2
-226.5	2
-225.5	0.5
-224.5	0
-223.5	2
-222.5	2
-221.5	1
-220.5	1
-219.5	1
-218.5	3
-217.5	0
-216.5	2
-215.5	3
-214.5	4
-213.5	3
-212.5	0
-211.5	5
-210.5	1
-209.5	2
-208.5	1
-207.5	3
-206.5	5.5
-205.5	6
-204.5	2
-203.5	3
-202.5	2
-201.5	3
-200.5	0.5
-199.5	1
-198.5	3
-197.5	2
-196.5	1
-195.5	3.16667
-194.5	2
-193.5	0
-192.5	1
-191.5	0
-190.5	1
-189.5	2
-188.5	0
-187.5	2
-186.5	1.33333
-185.5	0
-184.5	2
-183.5	3
-182.5	1.5
-181.5	2.5
-180.5	6
-179.5	2.5
-178.5	0.5
-177.5	2.5
-176.5	1
-175.5	3
-174.5	0.5
-173.5	1
-172.5	4
-171.5	2
-170.5	1
-169.5	1
-168.5	0
-167.5	5
-166.5	0
-165.5	2.16667
-164.5	3
-163.5	6.5
-162.5	2
-161.5	3
-160.5	3
-159.5	2
-158.5	1
-157.5	2
-156.5	1.5
-155.5	1
-154.5	2
-153.5	0.5
-152.5	1
-151.5	1
-150.5	0
-149.5	4.5
-148.5	2
-147.5	1
-146.5	1.5
-145.5	0
-144.5	4
-143.5	2
-142.5	5
-141.5	1
-140.5	2
-139.5	0
-138.5	1
-137.5	0
-136.5	2
-135.5	0.166667
-134.5	2
-133.5	2
-132.5	1
-131.5	0
-130.5	6
-129.5	1
-128.5	2
-127.5	2
-126.5	3.5
-125.5	0
-124.5	3
-123.5	3
-122.5	0
-121.5	6
-120.5	1
-119.5	2
-118.5	2.5
-117.5	0
-116.5	3
-115.5	2
-114.5	3
-113.5	1
-112.5	0
-111.5	3
-110.5	1
-109.5	0.5
-108.5	5
-107.5	5
-106.5	4.5
-105.5	0.166667
-104.5	1
-103.5	3
-102.5	2
-101.5	2
-100.5	3
 -99.5	2
 -98.5	0
 -97.5	0
 -96.5	2
 -95.5	2
 -94.5	4
 -93.5	2
 -92.5	1
 -91.5	2
 -90.5	2
 -89.5	4.5
 -88.5	5
 -87.5	0
 -86.5	2.5
 -85.5	0
 -84.5	2
 -83.5	4
 -82.5	2
 -81.5	0
 -80.5	2
 -79.5	3
 -78.5	3
 -77.5	3
 -76.5	4
 -75.5	4.16667
 -74.5	2
 -73.5	1.5
 -72.5	3
 -71.5	1
 -70.5	2
 -69.5	1
 -68.5	3
 -67.5	3
 -66.5	8
 -65.5	2
 -64.5	6
 -63.5	3
 -62.5	2
 -61.5	4
 -60.5	2
 -59.5	5.5
 -58.5	2.5
 -57.5	6
 -56.5	2
 -55.5	3
 -54.5	4
 -53.5	4
 -52.5	4
 -51.5	1.5
 -50.5	3
 -49.5	2
 -48.5	1
 -47.5	1
 -46.5	2.16667
 -45.5	5
 -44.5	3
 -43.5	5
 -42.5	6
 -41.5	2
 -40.5	2
 -39.5	6.5
 -38.5	1
 -37.5	4
 -36.5	7
 -35.5	3
 -34.5	0
 -33.5	0
 -32.5	6.5
 -31.5	1
 -30.5	9.5
 -29.5	2.5
 -28.5	3.5
 -27.5	2.5
 -26.5	3
 -25.5	3.5
 -24.5	4.5
 -23.5	6
 -22.5	2
 -21.5	4
 -20.5	5
 -19.5	3
 -18.5	2
 -17.5	2
 -16.5	4
 -15.5	5
 -14.5	2
 -13.5	1
 -12.5	4
 -11.5	5.5
 -10.5	3.5
  -9.5	2
  -8.5	2
  -7.5	1
  -6.5	1
  -5.5	4
  -4.5	3
  -3.5	6
  -2.5	1
  -1.5	3.5
  -0.5	2.5
   0.5	3
   1.5	1
   2.5	4.5
   3.5	3.5
   4.5	4.5
   5.5	1
   6.5	4.5
   7.5	3
   8.5	0
   9.5	1
  10.5	3
  11.5	1
  12.5	5
  13.5	4.5
  14.5	1
  15.5	5
  16.5	2
  17.5	3
  18.5	5
  19.5	5
  20.5	1
  21.5	8
  22.5	4
  23.5	1
  24.5	1
  25.5	4.83333
  26.5	3
  27.5	1
  28.5	0.5
  29.5	5
  30.5	2
  31.5	6.5
  32.5	0
  33.5	5.5
  34.5	4
  35.5	4.5
  36.5	3.5
  37.5	3.33333
  38.5	4
  39.5	6
  40.5	3
  41.5	1
  42.5	2
  43.5	3
  44.5	1
  45.5	1.5
  46.5	1
  47.5	1
  48.5	3
  49.5	4
  50.5	2
  51.5	3
  52.5	2
  53.5	3
  54.5	0
  55.5	3
  56.5	2
  57.5	1.5
  58.5	0
  59.5	3.5
  60.5	3.5
  61.5	3
  62.5	4.5
  63.5	4.5
  64.5	4
  65.5	0
  66.5	4
  67.5	2.33333
  68.5	1
  69.5	5.5
  70.5	0.666667
  71.5	1.5
  72.5	3
  73.5	4
  74.5	1.5
  75.5	0
  76.5	1
  77.5	2
  78.5	1
  79.5	3
  80.5	2.5
  81.5	3
  82.5	3
  83.5	3
  84.5	3
  85.5	3
  86.5	0
  87.5	1.5
  88.5	1
  89.5	1
  90.5	2.5
  91.5	4
  92.5	3
  93.5	4
  94.5	2
  95.5	3
  96.5	3
  97.5	0
  98.5	1
  99.5	4
 100.5	2
 101.5	1
 102.5	7
 103.5	4
 104.5	1
 105.5	2
 106.5	4
 107.5	4
 108.5	2
 109.5	3
 110.5	4
 111.5	3
 112.5	2
 113.5	1
 114.5	2
 115.5	1
 116.5	0
 117.5	2
 118.5	2
 119.5	2
 120.5	1
 121.5	0
 122.5	2
 123.5	0
 124.5	4
 125.5	2.5
 126.5	1
 127.5	2.5
 128.5	0.5
 129.5	5
 130.5	3.5
 131.5	1
 132.5	1
 133.5	1
 134.5	1
 135.5	1
 136.5	1
 137.5	2
 138.5	2
 139.5	0
 140.5	2
 141.5	2
 142.5	1
 143.5	0
 144.5	1
 145.5	2
 146.5	1
 147.5	1
 148.5	2
 149.5	1
 150.5	0
 151.5	1
 152.5	1
 153.5	1
 154.5	2
 155.5	1
 156.5	2
 157.5	1
 158.5	0
 159.5	2
 160.5	1
 161.5	0
 162.5	2
 163.5	0
 164.5	0
 165.5	1
 166.5	2
 167.5	0
 168.5	2
 169.5	0
 170.5	0
 171.5	1
 172.5	2
 173.5	4
 174.5	0
 175.5	1
 176.5	1
 177.5	2
 178.5	2
 179.5	3
 180.5	4
 181.5	1
 182.5	1
 183.5	2
 184.5	1
 185.5	2
 186.5	0
 187.5	0
 188.5	1
 189.5	1
 190.5	2
 191.5	0
 192.5	3
 193.5	1.5
 194.5	1
 195.5	1
 196.5	3
 197.5	2
 198.5	1
 199.5	0
 200.5	2
 201.5	1
 202.5	1
 203.5	1
 204.5	1
 205.5	1
 206.5	1
 207.5	1
 208.5	3
 209.5	0
 210.5	0
 211.5	2
 212.5	2
 213.5	1
 214.5	2
 215.5	0
 216.5	0
 217.5	3.5
 218.5	2
 219.5	0
 220.5	3
 221.5	3
 222.5	0.5
 223.5	1
 224.5	1
 225.5	2.5
 226.5	2
 227.5	1
 228.5	0
 229.5	3
 230.5	1
DB 2 MOTIF	THAP1_HUMAN.H11MO.0.C
-224.0	28
-223.0	21
-222.0	30
-221.0	24
-220.0	28
-219.0	26
-218.0	24
-217.0	24.5
-216.0	27
-215.0	28
-214.0	19.125
-213.0	34
-212.0	36
-211.0	38
-210.0	31
-209.0	28
-208.0	30.5
-207.0	26
-206.0	27
-205.0	25
-204.0	25
-203.0	24
-202.0	24
-201.0	35
-200.0	29
-199.0	42
-198.0	36
-197.0	25.125
-196.0	28
-195.0	32
-194.0	35
-193.0	30
-192.0	25
-191.0	32
-190.0	38.5
-189.0	23
-188.0	16
-187.0	34
-186.0	27
-185.0	24
-184.0	38
-183.0	24
-182.0	28
-181.0	23
-180.0	33.625
-179.0	34
-178.0	36
-177.0	33
-176.0	29
-175.0	34
-174.0	28
-173.0	24
-172.0	27.5
-171.0	35
-170.0	31
-169.0	20
-168.0	35
-167.0	31
-166.0	20
-165.0	21
-164.0	26.5
-163.0	33.125
-162.0	38
-161.0	32
-160.0	27.5
-159.0	23
-158.0	24
-157.0	26
-156.0	14
-155.0	21
-154.0	32
-153.0	29
-152.0	27
-151.0	28
-150.0	23
-149.0	26
-148.0	31.5
-147.0	23
-146.0	19.125
-145.0	31
-144.0	43
-143.0	26
-142.0	31
-141.0	22
-140.0	33
-139.0	28
-138.0	31
-137.0	31
-136.0	27
-135.0	23
-134.0	32
-133.0	29.5
-132.0	31.5
-131.0	34
-130.0	32.75
-129.0	26.125
-128.0	30
-127.0	44.25
-126.0	33
-125.0	40
-124.0	28.25
-123.0	26
-122.0	37.5
-121.0	24.25
-120.0	25
-119.0	27
-118.0	28
-117.0	30
-116.0	29
-115.0	23.5
-114.0	20
-113.0	38
-112.0	37.125
-111.0	23
-110.0	24
-109.0	37
-108.0	34
-107.0	28
-106.0	29
-105.0	27
-104.0	43
-103.0	29
-102.0	28
-101.0	30
-100.0	28
 -99.0	35
 -98.0	29
 -97.0	23
 -96.0	30
 -95.0	29.125
 -94.0	37
 -93.0	37
 -92.0	33.5
 -91.0	34
 -90.0	38
 -89.0	25
 -88.0	35.5
 -87.0	35
 -86.0	25
 -85.0	28
 -84.0	26
 -83.0	38
 -82.0	37
 -81.0	33
 -80.0	40
 -79.0	33
 -78.0	40
 -77.0	31
 -76.0	28
 -75.0	40
 -74.0	29
 -73.0	36
 -72.0	29
 -71.0	39
 -70.0	38
 -69.0	35
 -68.0	33
 -67.0	36.5
 -66.0	29
 -65.0	44
 -64.0	43
 -63.0	31
 -62.0	30
 -61.0	32
 -60.0	35
 -59.0	34
 -58.0	28
 -57.0	41
 -56.0	41.5
 -55.0	36
 -54.0	39
 -53.0	40
 -52.0	48
 -51.0	36
 -50.0	34
 -49.0	33
 -48.0	46
 -47.0	29
 -46.0	30
 -45.0	24.5
 -44.0	25
 -43.0	33
 -42.0	27
 -41.0	42
 -40.0	33
 -39.0	45
 -38.0	40
 -37.0	35
 -36.0	36
 -35.0	28
 -34.0	34
 -33.0	34
 -32.0	30
 -31.0	36
 -30.0	42
 -29.0	32
 -28.0	30
 -27.0	37
 -26.0	36
 -25.0	36
 -24.0	48
 -23.0	24
 -22.0	38
 -21.0	50
 -20.0	32
 -19.0	33
 -18.0	34
 -17.0	43
 -16.0	26
 -15.0	34
 -14.0	46
 -13.0	32
 -12.0	38
 -11.0	47.5
 -10.0	40
  -9.0	29
  -8.0	36
  -7.0	35
  -6.0	40
  -5.0	31
  -4.0	47
  -3.0	30
  -2.0	28.5
  -1.0	32
   0.0	30.5
   1.0	27
   2.0	32
   3.0	36
   4.0	32
   5.0	40
   6.0	31.5
   7.0	41
   8.0	36
   9.0	31
  10.0	39
  11.0	31
  12.0	46
  13.0	33
  14.0	29
  15.0	44
  16.0	35
  17.0	41.5
  18.0	54
  19.0	30
  20.0	42
  21.0	45
  22.0	45.2
  23.0	30.5
  24.0	33
  25.0	34.2
  26.0	35
  27.0	36.5
  28.0	31.2
  29.0	36.5
  30.0	39
  31.0	40.2
  32.0	43
  33.0	45.5
  34.0	41.2
  35.0	26.5
  36.0	40
  37.0	24.25
  38.0	33
  39.0	34
  40.0	41
  41.0	31
  42.0	35
  43.0	33
  44.0	33
  45.0	43
  46.0	36.5
  47.0	38.5
  48.0	32
  49.0	30
  50.0	34.5
  51.0	33
  52.0	37
  53.0	40
  54.0	30
  55.0	41
  56.0	34
  57.0	27
  58.0	24
  59.0	34
  60.0	30
  61.0	40.25
  62.0	30
  63.0	39.5
  64.0	34
  65.0	31
  66.0	35.5
  67.0	34
  68.0	31
  69.0	34
  70.0	33
  71.0	45.5
  72.0	36
  73.0	36
  74.0	40.5
  75.0	31
  76.0	39
  77.0	33
  78.0	28
  79.0	32.5
  80.0	33
  81.0	31
  82.0	36.5
  83.0	32
  84.0	34
  85.0	35.25
  86.0	29.5
  87.0	41
  88.0	37
  89.0	32
  90.0	27
  91.0	32
  92.0	44.5
  93.0	25
  94.0	28.5
  95.0	24
  96.0	33
  97.0	30
  98.0	35
  99.0	25
 100.0	36
 101.0	33
 102.0	33
 103.0	48
 104.0	30
 105.0	22
 106.0	24
 107.0	30
 108.0	34.5
 109.0	23.25
 110.0	36
 111.0	33.5
 112.0	41
 113.0	30.5
 114.0	30.5
 115.0	37
 116.0	33
 117.0	28
 118.0	25
 119.0	28
 120.0	33
 121.0	31
 122.0	30.5
 123.0	28
 124.0	26.5
 125.0	27
 126.0	34
 127.0	23
 128.0	30
 129.0	25
 130.0	32
 131.0	31
 132.0	32
 133.0	25
 134.0	28
 135.0	36
 136.0	27
 137.0	34
 138.0	28
 139.0	23
 140.0	31
 141.0	32
 142.0	25.5
 143.0	29
 144.0	29
 145.0	25
 146.0	30
 147.0	33
 148.0	33
 149.0	31
 150.0	26
 151.0	32.2
 152.0	39
 153.0	24
 154.0	24
 155.0	27
 156.0	27
 157.0	17.2
 158.0	29
 159.0	29
 160.0	26
 161.0	28
 162.0	18
 163.0	30.2
 164.0	29
 165.0	20
 166.0	35
 167.0	26
 168.0	37
 169.0	25.2
 170.0	35
 171.0	21
 172.0	22
 173.0	25
 174.0	22
 175.0	32.2
 176.0	13
 177.0	17
 178.0	23
 179.0	28
 180.0	34
 181.0	34
 182.0	32
 183.0	24
 184.0	32
 185.0	29
 186.0	29.7
 187.0	23
 188.0	23
 189.0	16
 190.0	21
 191.0	31
 192.0	28
 193.0	37.5
 194.0	26.45
 195.0	24
 196.0	27
 197.0	24.25
 198.0	31
 199.0	29
 200.0	18.25
 201.0	27
 202.0	28.7
 203.0	22.75
 204.0	29
 205.0	22
 206.0	29
 207.0	35
 208.0	26
 209.0	21
 210.0	27.2
 211.0	24
 212.0	20
 213.0	23
 214.0	23
 215.0	29
 216.0	24.5
 217.0	30
 218.0	23.7
 219.0	22
 220.0	26
 221.0	27
 222.0	30
 223.0	32
 224.0	22.5
DB 2 MOTIF	TYY2_HUMAN.H11MO.0.D
-229.5	17
-228.5	23
-227.5	14
-226.5	17
-225.5	21
-224.5	19
-223.5	16
-222.5	16
-221.5	15
-220.5	22
-219.5	20
-218.5	14
-217.5	12.5
-216.5	27
-215.5	19
-214.5	15
-213.5	16.5
-212.5	15
-211.5	15
-210.5	17
-209.5	15
-208.5	22.5
-207.5	17
-206.5	16
-205.5	19
-204.5	20
-203.5	25
-202.5	16.5
-201.5	14
-200.5	18
-199.5	20
-198.5	13
-197.5	16
-196.5	15
-195.5	17
-194.5	16
-193.5	16.5
-192.5	20
-191.5	18
-190.5	16
-189.5	21
-188.5	17
-187.5	22
-186.5	14
-185.5	14
-184.5	14
-183.5	16
-182.5	17
-181.5	15
-180.5	7
-179.5	23
-178.5	21.5
-177.5	21
-176.5	10
-175.5	22
-174.5	20
-173.5	22
-172.5	13
-171.5	22
-170.5	16
-169.5	20.5
-168.5	20.3333
-167.5	21.5
-166.5	24
-165.5	21
-164.5	16
-163.5	22
-162.5	19
-161.5	22
-160.5	18.5
-159.5	18
-158.5	13
-157.5	17
-156.5	17
-155.5	24
-154.5	20
-153.5	20
-152.5	15
-151.5	19
-150.5	13
-149.5	19
-148.5	18
-147.5	11
-146.5	18
-145.5	25
-144.5	15
-143.5	20
-142.5	14
-141.5	13
-140.5	13
-139.5	22
-138.5	13
-137.5	20
-136.5	20
-135.5	14
-134.5	22
-133.5	18.3333
-132.5	18
-131.5	26
-130.5	20.5
-129.5	16
-128.5	13
-127.5	15
-126.5	18
-125.5	16
-124.5	17
-123.5	16
-122.5	19.5
-121.5	15
-120.5	21
-119.5	26
-118.5	25.5
-117.5	13
-116.5	11
-115.5	14
-114.5	17
-113.5	15
-112.5	18
-111.5	15
-110.5	20.5
-109.5	20
-108.5	19
-107.5	17
-106.5	15
-105.5	27
-104.5	14
-103.5	19
-102.5	18.3333
-101.5	10
-100.5	19
 -99.5	25
 -98.5	13.5
 -97.5	22
 -96.5	21
 -95.5	22.5
 -94.5	9
 -93.5	16
 -92.5	19
 -91.5	18
 -90.5	22
 -89.5	18
 -88.5	10
 -87.5	19
 -86.5	21
 -85.5	16
 -84.5	15.5
 -83.5	12
 -82.5	20
 -81.5	20
 -80.5	14
 -79.5	21
 -78.5	18
 -77.5	24
 -76.5	15
 -75.5	17
 -74.5	29
 -73.5	17
 -72.5	23
 -71.5	16.5
 -70.5	18
 -69.5	15
 -68.5	10
 -67.5	26
 -66.5	13
 -65.5	18
 -64.5	14
 -63.5	22.5
 -62.5	7
 -61.5	19
 -60.5	19
 -59.5	13.5
 -58.5	24
 -57.5	14
 -56.5	14
 -55.5	16
 -54.5	17
 -53.5	9
 -52.5	20
 -51.5	26
 -50.5	21
 -49.5	14
 -48.5	26
 -47.5	19.5
 -46.5	17
 -45.5	17
 -44.5	24.5
 -43.5	22
 -42.5	19
 -41.5	17.5
 -40.5	23
 -39.5	12
 -38.5	24
 -37.5	12
 -36.5	20
 -35.5	19
 -34.5	21.5
 -33.5	14
 -32.5	23
 -31.5	19
 -30.5	19
 -29.5	21
 -28.5	18
 -27.5	19.5
 -26.5	28
 -25.5	19
 -24.5	20
 -23.5	19
 -22.5	25.3333
 -21.5	19
 -20.5	23
 -19.5	15
 -18.5	23
 -17.5	14
 -16.5	22
 -15.5	19.3333
 -14.5	15
 -13.5	21
 -12.5	23
 -11.5	24
 -10.5	21
  -9.5	14
  -8.5	24
  -7.5	20
  -6.5	16
  -5.5	16
  -4.5	12.5
  -3.5	25.5
  -2.5	19
  -1.5	19
  -0.5	15
   0.5	24
   1.5	16
   2.5	26
   3.5	29
   4.5	20
   5.5	27
   6.5	20
   7.5	34
   8.5	19
   9.5	25
  10.5	20
  11.5	21
  12.5	22
  13.5	27
  14.5	23
  15.5	17
  16.5	22
  17.5	21
  18.5	24
  19.5	30
  20.5	22
  21.5	25
  22.5	25
  23.5	22
  24.5	16
  25.5	15.5
  26.5	20
  27.5	21
  28.5	17
  29.5	28
  30.5	18
  31.5	16
  32.5	22.5
  33.5	13
  34.5	19
  35.5	21
  36.5	22
  37.5	20
  38.5	17
  39.5	12.5
  40.5	19
  41.5	18
  42.5	18
  43.5	18
  44.5	15
  45.5	10
  46.5	22
  47.5	22
  48.5	13
  49.5	22
  50.5	17
  51.5	17
  52.5	19
  53.5	18.5
  54.5	21
  55.5	15.5
  56.5	19
  57.5	23.5
  58.5	11
  59.5	22
  60.5	21
  61.5	26
  62.5	12.5
  63.5	27
  64.5	19.5
  65.5	20
  66.5	14
  67.5	22
  68.5	24
  69.5	10
  70.5	19
  71.5	14
  72.5	12
  73.5	18.5
  74.5	18
  75.5	25
  76.5	20
  77.5	14
  78.5	25
  79.5	21
  80.5	21
  81.5	18
  82.5	14
  83.5	18
  84.5	22
  85.5	15
  86.5	21
  87.5	18.5
  88.5	10
  89.5	16
  90.5	20
  91.5	13
  92.5	13
  93.5	21
  94.5	24
  95.5	17
  96.5	21.5
  97.5	12
  98.5	15
  99.5	21
 100.5	14.5
 101.5	19.5
 102.5	15
 103.5	17
 104.5	13
 105.5	25
 106.5	14
 107.5	16
 108.5	16
 109.5	15
 110.5	18
 111.5	20
 112.5	19
 113.5	16
 114.5	20
 115.5	27
 116.5	25.5
 117.5	14
 118.5	9
 119.5	19
 120.5	15
 121.5	22
 122.5	11
 123.5	19
 124.5	12
 125.5	16
 126.5	16
 127.5	15
 128.5	14
 129.5	22
 130.5	24
 131.5	24.5
 132.5	13
 133.5	8.5
 134.5	15
 135.5	23
 136.5	17
 137.5	12.5
 138.5	22.5
 139.5	24
 140.5	19
 141.5	17
 142.5	21
 143.5	24.5
 144.5	19
 145.5	13
 146.5	20.5
 147.5	16
 148.5	16
 149.5	16.5
 150.5	21
 151.5	23
 152.5	15
 153.5	20
 154.5	14
 155.5	17
 156.5	11
 157.5	20
 158.5	14
 159.5	22
 160.5	10.5
 161.5	18
 162.5	21
 163.5	22
 164.5	19
 165.5	19.5
 166.5	17
 167.5	23
 168.5	23
 169.5	8
 170.5	9
 171.5	17
 172.5	13
 173.5	19
 174.5	17
 175.5	21
 176.5	13
 177.5	12.5
 178.5	16
 179.5	16
 180.5	11
 181.5	10
 182.5	21
 183.5	14
 184.5	21
 185.5	16.5
 186.5	21
 187.5	25
 188.5	17
 189.5	20
 190.5	21
 191.5	14
 192.5	18
 193.5	27
 194.5	17
 195.5	15
 196.5	19
 197.5	20
 198.5	17
 199.5	16
 200.5	14.5
 201.5	23
 202.5	23
 203.5	15.3333
 204.5	23
 205.5	14
 206.5	21
 207.5	16.5
 208.5	17
 209.5	21
 210.5	18
 211.5	9
 212.5	15
 213.5	15
 214.5	18.5
 215.5	23
 216.5	14
 217.5	21
 218.5	29
 219.5	17
 220.5	28.5
 221.5	14
 222.5	17
 223.5	17
 224.5	25.5
 225.5	9
 226.5	27
 227.5	19
 228.5	18
 229.5	22
DB 2 MOTIF	USF1_HUMAN.H11MO.0.A
-229.0	8
-228.0	9
-227.0	7
-226.0	10
-225.0	9
-224.0	8
-223.0	7
-222.0	9
-221.0	11
-220.0	19
-219.0	4
-218.0	8
-217.0	13
-216.0	6
-215.0	7
-214.0	7
-213.0	11
-212.0	3
-211.0	6
-210.0	7
-209.0	9
-208.0	14
-207.0	3
-206.0	9
-205.0	13
-204.0	14
-203.0	8
-202.0	10
-201.0	10
-200.0	8.33333
-199.0	6
-198.0	11
-197.0	9
-196.0	7
-195.0	6
-194.0	3.2
-193.0	8
-192.0	7
-191.0	11
-190.0	6
-189.0	5
-188.0	15
-187.0	8
-186.0	10
-185.0	9
-184.0	4
-183.0	6
-182.0	8
-181.0	10
-180.0	4
-179.0	9
-178.0	17
-177.0	10
-176.0	11
-175.0	10
-174.0	17
-173.0	5
-172.0	7
-171.0	13
-170.0	12
-169.0	9
-168.0	5
-167.0	6
-166.0	7
-165.0	7
-164.0	7.2
-163.0	5
-162.0	6
-161.0	4
-160.0	14
-159.0	7
-158.0	8
-157.0	10
-156.0	9
-155.0	9
-154.0	11
-153.0	5
-152.0	6
-151.0	10.3333
-150.0	11
-149.0	3
-148.0	9
-147.0	7
-146.0	3
-145.0	4
-144.0	8
-143.0	8
-142.0	7
-141.0	3
-140.0	4
-139.0	7
-138.0	7
-137.0	7
-136.0	10
-135.0	9
-134.0	7.2
-133.0	7
-132.0	5
-131.0	5.5
-130.0	5
-129.0	9
-128.0	7
-127.0	13
-126.0	11
-125.0	14.5
-124.0	11
-123.0	8
-122.0	4
-121.0	3
-120.0	14
-119.0	4
-118.0	8
-117.0	10.3333
-116.0	6
-115.0	9
-114.0	9
-113.0	13
-112.0	8
-111.0	7
-110.0	11
-109.0	7
-108.0	10
-107.0	5
-106.0	16
-105.0	12
-104.0	6.2
-103.0	13
-102.0	10.3333
-101.0	9
-100.0	11
 -99.0	8
 -98.0	8
 -97.0	4
 -96.0	8
 -95.0	6
 -94.0	3
 -93.0	12
 -92.0	9
 -91.0	11
 -90.0	12
 -89.0	5
 -88.0	13
 -87.0	7
 -86.0	4
 -85.0	8
 -84.0	10.5
 -83.0	8
 -82.0	13
 -81.0	11.5
 -80.0	11
 -79.0	9
 -78.0	15
 -77.0	19
 -76.0	13
 -75.0	9
 -74.0	11.2
 -73.0	8
 -72.0	6
 -71.0	12
 -70.0	8.33333
 -69.0	10
 -68.0	8
 -67.0	13
 -66.0	11
 -65.0	13
 -64.0	6
 -63.0	17
 -62.0	9
 -61.0	8
 -60.0	14
 -59.0	4
 -58.0	12
 -57.0	16
 -56.0	11
 -55.0	10
 -54.0	12.3333
 -53.0	8.33333
 -52.0	21
 -51.0	13
 -50.0	12
 -49.0	16
 -48.0	9
 -47.0	10
 -46.0	6
 -45.0	8
 -44.0	10
 -43.0	16
 -42.0	10
 -41.0	10.5
 -40.0	11
 -39.0	13
 -38.0	16.3333
 -37.0	12
 -36.0	10
 -35.0	8
 -34.0	9
 -33.0	10
 -32.0	15
 -31.0	9
 -30.0	12
 -29.0	14.5
 -28.0	13
 -27.0	14
 -26.0	15
 -25.0	19
 -24.0	9
 -23.0	18
 -22.0	10
 -21.0	13
 -20.0	6.33333
 -19.0	13
 -18.0	19
 -17.0	12
 -16.0	12
 -15.0	10
 -14.0	20
 -13.0	16
 -12.0	11
 -11.0	11
 -10.0	12
  -9.0	13
  -8.0	14
  -7.0	13
  -6.0	12
  -5.0	16
  -4.0	14
  -3.0	16
  -2.0	11
  -1.0	15
   0.0	9
   1.0	14
   2.0	9.5
   3.0	15
   4.0	8
   5.0	13
   6.0	10
   7.0	9
   8.0	14
   9.0	12
  10.0	7
  11.0	15
  12.0	12
  13.0	8
  14.0	10
  15.0	12
  16.0	17
  17.0	11
  18.0	14.5
  19.0	10
  20.0	17
  21.0	20
  22.0	7
  23.0	15.5
  24.0	12
  25.0	13
  26.0	9
  27.0	10.5
  28.0	11
  29.0	5
  30.0	14
  31.0	10
  32.0	12.5
  33.0	16
  34.0	14
  35.0	12
  36.0	6
  37.0	12
  38.0	10
  39.0	10
  40.0	9.5
  41.0	17.5
  42.0	16
  43.0	16
  44.0	10
  45.0	9
  46.0	13
  47.0	8
  48.0	11
  49.0	8
  50.0	19
  51.0	9
  52.0	11
  53.0	10
  54.0	13
  55.0	11
  56.0	12
  57.0	7
  58.0	12
  59.0	11
  60.0	9
  61.0	10.5
  62.0	11
  63.0	9
  64.0	11
  65.0	8
  66.0	8
  67.0	7
  68.0	13
  69.0	11
  70.0	13
  71.0	14
  72.0	8
  73.0	16
  74.0	11
  75.0	6
  76.0	13
  77.0	17
  78.0	11
  79.0	14
  80.0	4
  81.0	10
  82.0	7
  83.0	15
  84.0	12
  85.0	6
  86.0	7
  87.0	12
  88.0	8
  89.0	5
  90.0	13
  91.0	9
  92.0	13
  93.0	7.5
  94.0	6
  95.0	12
  96.0	4
  97.0	16
  98.0	16
  99.0	8
 100.0	7
 101.0	12
 102.0	6
 103.0	4
 104.0	9
 105.0	10
 106.0	7
 107.0	11
 108.0	12
 109.0	10
 110.0	12
 111.0	8
 112.0	10
 113.0	12
 114.0	10
 115.0	8
 116.0	13
 117.0	12
 118.0	14
 119.0	9
 120.0	10
 121.0	9
 122.0	8
 123.0	7
 124.0	5
 125.0	8
 126.0	9
 127.0	10
 128.0	9
 129.0	14
 130.0	4
 131.0	6
 132.0	5
 133.0	5
 134.0	11
 135.0	11
 136.0	12
 137.0	5.5
 138.0	8
 139.0	4.5
 140.0	12
 141.0	13
 142.0	12
 143.0	11
 144.0	6
 145.0	6
 146.0	5
 147.0	9
 148.0	4
 149.0	1
 150.0	6
 151.0	10
 152.0	6
 153.0	11
 154.0	13
 155.0	6
 156.0	13
 157.0	8
 158.0	8
 159.0	4
 160.0	10
 161.0	7
 162.0	5
 163.0	7
 164.0	3
 165.0	7
 166.0	5
 167.0	6
 168.0	9
 169.0	5
 170.0	8
 171.0	8
 172.0	13
 173.0	4
 174.0	6
 175.0	9
 176.0	6
 177.0	11.5
 178.0	6
 179.0	5
 180.0	10
 181.0	9
 182.0	10
 183.0	7
 184.0	6
 185.0	10
 186.0	6
 187.0	12
 188.0	5
 189.0	6
 190.0	8
 191.0	8
 192.0	9.5
 193.0	6
 194.0	9.5
 195.0	11
 196.0	7
 197.0	3
 198.0	6
 199.0	11
 200.0	14
 201.0	7
 202.0	8
 203.0	10
 204.0	7.5
 205.0	9
 206.0	4
 207.0	12
 208.0	13
 209.0	3
 210.0	8
 211.0	8
 212.0	5
 213.0	12
 214.0	2
 215.0	5
 216.0	3
 217.0	9
 218.0	5
 219.0	11.5
 220.0	6
 221.0	8
 222.0	7
 223.0	5
 224.0	9
 225.0	5
 226.0	10
 227.0	11
 228.0	12
 229.0	8
DB 2 MOTIF	USF2_HUMAN.H11MO.0.A
-225.5	11
-224.5	7
-223.5	7
-222.5	14
-221.5	8
-220.5	12
-219.5	12
-218.5	8
-217.5	10
-216.5	8
-215.5	9
-214.5	9
-213.5	10
-212.5	4
-211.5	3
-210.5	13.5
-209.5	5
-208.5	10
-207.5	14
-206.5	14
-205.5	9
-204.5	7
-203.5	14
-202.5	12
-201.5	7
-200.5	11
-199.5	14
-198.5	9
-197.5	9
-196.5	6
-195.5	13
-194.5	5
-193.5	9
-192.5	6
-191.5	8.2
-190.5	9
-189.5	7
-188.5	12
-187.5	8
-186.5	5
-185.5	7
-184.5	9
-183.5	13
-182.5	7
-181.5	9
-180.5	13
-179.5	10
-178.5	8
-177.5	11
-176.5	16
-175.5	13
-174.5	5.5
-173.5	12
-172.5	10
-171.5	16
-170.5	10
-169.5	9.5
-168.5	15
-167.5	14
-166.5	6
-165.5	6
-164.5	6
-163.5	8
-162.5	4
-161.5	12.2
-160.5	5
-159.5	9
-158.5	6
-157.5	12
-156.5	11
-155.5	9
-154.5	6
-153.5	8
-152.5	6
-151.5	7
-150.5	7
-149.5	3
-148.5	10
-147.5	11.5
-146.5	6
-145.5	12
-144.5	11
-143.5	5
-142.5	8
-141.5	9
-140.5	12
-139.5	5
-138.5	4
-137.5	6
-136.5	8
-135.5	8
-134.5	10.5
-133.5	12
-132.5	9
-131.5	8.2
-130.5	7
-129.5	16
-128.5	6
-127.5	10
-126.5	9
-125.5	9
-124.5	6
-123.5	9
-122.5	18
-121.5	9
-120.5	11
-119.5	6
-118.5	10
-117.5	6
-116.5	6
-115.5	15
-114.5	15
-113.5	7
-112.5	11
-111.5	10
-110.5	16
-109.5	8
-108.5	18
-107.5	13
-106.5	4
-105.5	12
-104.5	11
-103.5	10
-102.5	9
-101.5	7.2
-100.5	12
 -99.5	8
 -98.5	8
 -97.5	11
 -96.5	6
 -95.5	12
 -94.5	8
 -93.5	9
 -92.5	11
 -91.5	6
 -90.5	9
 -89.5	12
 -88.5	9
 -87.5	5
 -86.5	7
 -85.5	8
 -84.5	12
 -83.5	9
 -82.5	12
 -81.5	11
 -80.5	12
 -79.5	23
 -78.5	11.5
 -77.5	11
 -76.5	6
 -75.5	13
 -74.5	15
 -73.5	15
 -72.5	9
 -71.5	15.2
 -70.5	7
 -69.5	12
 -68.5	12
 -67.5	8.5
 -66.5	14
 -65.5	10
 -64.5	14
 -63.5	8
 -62.5	16
 -61.5	13
 -60.5	16
 -59.5	16
 -58.5	13
 -57.5	14
 -56.5	12
 -55.5	15
 -54.5	18
 -53.5	12
 -52.5	9
 -51.5	16.5
 -50.5	10
 -49.5	16
 -48.5	12
 -47.5	12
 -46.5	12
 -45.5	5
 -44.5	12
 -43.5	8.5
 -42.5	10
 -41.5	9
 -40.5	22
 -39.5	10
 -38.5	8.5
 -37.5	7
 -36.5	13
 -35.5	12
 -34.5	19
 -33.5	18
 -32.5	15
 -31.5	15
 -30.5	19
 -29.5	14
 -28.5	12
 -27.5	7
 -26.5	15
 -25.5	14
 -24.5	11
 -23.5	15
 -22.5	10
 -21.5	10
 -20.5	18
 -19.5	9
 -18.5	13
 -17.5	12
 -16.5	21
 -15.5	22
 -14.5	10
 -13.5	10.5
 -12.5	12
 -11.5	11
 -10.5	16
  -9.5	11
  -8.5	11
  -7.5	16
  -6.5	14
  -5.5	17
  -4.5	18
  -3.5	15
  -2.5	9
  -1.5	12
  -0.5	15
   0.5	18
   1.5	12
   2.5	11
   3.5	12
   4.5	14
   5.5	16
   6.5	13
   7.5	11
   8.5	11
   9.5	13
  10.5	14
  11.5	14
  12.5	8
  13.5	24
  14.5	17
  15.5	18
  16.5	15
  17.5	17
  18.5	13
  19.5	8
  20.5	10
  21.5	6
  22.5	13
  23.5	14
  24.5	7
  25.5	21
  26.5	10
  27.5	16
  28.5	7
  29.5	15
  30.5	12
  31.5	7
  32.5	14
  33.5	16
  34.5	13
  35.5	12
  36.5	13
  37.5	12
  38.5	14
  39.5	13
  40.5	11
  41.5	7
  42.5	16
  43.5	19
  44.5	16
  45.5	18
  46.5	10
  47.5	12
  48.5	12
  49.5	11
  50.5	6
  51.5	16
  52.5	15
  53.5	10
  54.5	10
  55.5	12
  56.5	13
  57.5	12
  58.5	11
  59.5	14
  60.5	12
  61.5	8
  62.5	8
  63.5	12
  64.5	14
  65.5	12
  66.5	16
  67.5	11
  68.5	11
  69.5	11
  70.5	15
  71.5	9
  72.5	13
  73.5	14
  74.5	6
  75.5	17
  76.5	17
  77.5	2
  78.5	8
  79.5	15
  80.5	9
  81.5	13
  82.5	6
  83.5	8
  84.5	8
  85.5	9
  86.5	11
  87.5	10.5
  88.5	9
  89.5	14
  90.5	8
  91.5	8
  92.5	13
  93.5	5
  94.5	12
  95.5	15
  96.5	11
  97.5	12
  98.5	10
  99.5	8
 100.5	10
 101.5	6
 102.5	7
 103.5	4
 104.5	11
 105.5	10
 106.5	6
 107.5	10
 108.5	6
 109.5	10
 110.5	10
 111.5	8
 112.5	10
 113.5	11
 114.5	10
 115.5	15
 116.5	5
 117.5	6
 118.5	14
 119.5	7
 120.5	11
 121.5	11
 122.5	12
 123.5	14
 124.5	11
 125.5	8
 126.5	13
 127.5	9
 128.5	7.5
 129.5	12
 130.5	4.5
 131.5	6
 132.5	7
 133.5	12.5
 134.5	4
 135.5	5
 136.5	9
 137.5	11
 138.5	8
 139.5	13
 140.5	16
 141.5	6
 142.5	8
 143.5	9
 144.5	7
 145.5	6
 146.5	9
 147.5	5
 148.5	10
 149.5	12
 150.5	7
 151.5	3
 152.5	9
 153.5	10
 154.5	4
 155.5	9
 156.5	8
 157.5	8
 158.5	7
 159.5	9
 160.5	5
 161.5	6
 162.5	10
 163.5	6
 164.5	6
 165.5	7
 166.5	2
 167.5	9
 168.5	6
 169.5	11
 170.5	9
 171.5	3
 172.5	6
 173.5	9
 174.5	11
 175.5	5
 176.5	6
 177.5	13
 178.5	9
 179.5	11
 180.5	10
 181.5	6
 182.5	9
 183.5	6
 184.5	12
 185.5	8
 186.5	5
 187.5	14
 188.5	10
 189.5	6
 190.5	4
 191.5	8
 192.5	10
 193.5	5
 194.5	11
 195.5	8
 196.5	12
 197.5	13
 198.5	7
 199.5	5
 200.5	11
 201.5	14
 202.5	12
 203.5	5
 204.5	13.5
 205.5	14
 206.5	8
 207.5	5
 208.5	3
 209.5	7
 210.5	12
 211.5	5
 212.5	10
 213.5	7
 214.5	10
 215.5	7
 216.5	6
 217.5	6
 218.5	6
 219.5	5
 220.5	6
 221.5	6
 222.5	6
 223.5	6
 224.5	7
 225.5	7
DB 2 MOTIF	XBP1_HUMAN.H11MO.0.D
-229.5	37.5
-228.5	30.5
-227.5	34
-226.5	46
-225.5	38.5
-224.5	31.5
-223.5	26
-222.5	20
-221.5	31.5
-220.5	32
-219.5	26
-218.5	34
-217.5	35
-216.5	32
-215.5	36
-214.5	39
-213.5	26
-212.5	32
-211.5	27.25
-210.5	30.5
-209.5	33
-208.5	39.5
-207.5	33
-206.5	50
-205.5	23.5
-204.5	26
-203.5	38.5
-202.5	29
-201.5	27
-200.5	38
-199.5	33.5
-198.5	37
-197.5	31
-196.5	28.5
-195.5	26
-194.5	28.5
-193.5	30
-192.5	25
-191.5	39
-190.5	39.5
-189.5	29
-188.5	31
-187.5	42
-186.5	32
-185.5	35
-184.5	37
-183.5	31.3333
-182.5	29.5
-181.5	40.5
-180.5	37.5
-179.5	43.3333
-178.5	36.5
-177.5	37
-176.5	30
-175.5	29
-174.5	27
-173.5	31
-172.5	35.3333
-171.5	32
-170.5	30
-169.5	35
-168.5	32
-167.5	30
-166.5	40.5
-165.5	36
-164.5	43
-163.5	37
-162.5	21
-161.5	41.3333
-160.5	37
-159.5	34
-158.5	31
-157.5	35
-156.5	39
-155.5	32.5
-154.5	31.5
-153.5	35
-152.5	40
-151.5	30
-150.5	36.8333
-149.5	25.8333
-148.5	31.75
-147.5	38.5
-146.5	27
-145.5	39.5
-144.5	33
-143.5	30
-142.5	33
-141.5	41
-140.5	25
-139.5	32
-138.5	32
-137.5	31.8333
-136.5	40
-135.5	28.5
-134.5	27.5
-133.5	35
-132.5	28
-131.5	31
-130.5	27.5
-129.5	34.5
-128.5	31
-127.5	38
-126.5	31.5
-125.5	33.5
-124.5	28
-123.5	34.3333
-122.5	31
-121.5	43
-120.5	44
-119.5	37
-118.5	30
-117.5	27
-116.5	41
-115.5	33.8333
-114.5	29.5
-113.5	28
-112.5	45
-111.5	39
-110.5	39
-109.5	39
-108.5	38
-107.5	27.5
-106.5	26.3333
-105.5	34.3333
-104.5	39.5
-103.5	27
-102.5	35
-101.5	42
-100.5	33
 -99.5	35
 -98.5	36.5
 -97.5	38.5
 -96.5	32.3333
 -95.5	25.5
 -94.5	36
 -93.5	44.5
 -92.5	32
 -91.5	48
 -90.5	40.5
 -89.5	26.5
 -88.5	40
 -87.5	29
 -86.5	31.5
 -85.5	38
 -84.5	38
 -83.5	28.5
 -82.5	30
 -81.5	33.5
 -80.5	34
 -79.5	25.5
 -78.5	48
 -77.5	35.3333
 -76.5	43
 -75.5	37
 -74.5	32
 -73.5	33
 -72.5	40
 -71.5	30
 -70.5	36.3333
 -69.5	32
 -68.5	41.3333
 -67.5	43.5
 -66.5	39
 -65.5	26.5
 -64.5	41
 -63.5	27
 -62.5	50
 -61.5	33
 -60.5	33
 -59.5	37.3333
 -58.5	33
 -57.5	31
 -56.5	43
 -55.5	41
 -54.5	41.3333
 -53.5	37
 -52.5	41.5
 -51.5	36.5
 -50.5	35
 -49.5	29.5
 -48.5	44
 -47.5	44.5
 -46.5	28.5
 -45.5	37
 -44.5	37
 -43.5	26
 -42.5	29.5
 -41.5	35.5
 -40.5	29.5
 -39.5	37.5
 -38.5	40.3333
 -37.5	40.25
 -36.5	35
 -35.5	39.25
 -34.5	44
 -33.5	40
 -32.5	27.5
 -31.5	38
 -30.5	35
 -29.5	27.5
 -28.5	34
 -27.5	32.5
 -26.5	41.3333
 -25.5	31.3333
 -24.5	37.5
 -23.5	30.5
 -22.5	38
 -21.5	40
 -20.5	39
 -19.5	35
 -18.5	33
 -17.5	48
 -16.5	42
 -15.5	36.25
 -14.5	34
 -13.5	27
 -12.5	37
 -11.5	36
 -10.5	40
  -9.5	41
  -8.5	47.5
  -7.5	34
  -6.5	33.25
  -5.5	28
  -4.5	35
  -3.5	30
  -2.5	39
  -1.5	33
  -0.5	29.5
   0.5	28
   1.5	41.5
   2.5	28
   3.5	26
   4.5	33.5
   5.5	34
   6.5	26.5
   7.5	41.5
   8.5	31
   9.5	38
  10.5	48
  11.5	47.5
  12.5	23.5
  13.5	39.5
  14.5	31
  15.5	30.5
  16.5	30
  17.5	29
  18.5	41
  19.5	39
  20.5	38
  21.5	40
  22.5	27
  23.5	37
  24.5	30.3333
  25.5	41.5
  26.5	35.5
  27.5	38
  28.5	34
  29.5	41
  30.5	27.5
  31.5	38
  32.5	25
  33.5	38
  34.5	32.25
  35.5	34.5
  36.5	26
  37.5	40
  38.5	34
  39.5	23
  40.5	42
  41.5	28
  42.5	44
  43.5	36
  44.5	37
  45.5	28.25
  46.5	42.3333
  47.5	43
  48.5	29.5
  49.5	35.5
  50.5	35
  51.5	41.5
  52.5	37
  53.5	39
  54.5	43
  55.5	32
  56.5	48
  57.5	31
  58.5	43
  59.5	42
  60.5	41.5
  61.5	27
  62.5	32
  63.5	30
  64.5	33.5
  65.5	49
  66.5	40.5
  67.5	33.5
  68.5	53.3333
  69.5	36.3333
  70.5	45
  71.5	41
  72.5	36.25
  73.5	27
  74.5	38
  75.5	38
  76.5	41
  77.5	34
  78.5	42.3333
  79.5	35.5
  80.5	42
  81.5	30.5
  82.5	31.25
  83.5	43.5
  84.5	51
  85.5	24
  86.5	51
  87.5	24
  88.5	29.5
  89.5	37
  90.5	34
  91.5	38
  92.5	31
  93.5	40
  94.5	36
  95.5	31.8333
  96.5	42.3333
  97.5	36
  98.5	39
  99.5	37
 100.5	29
 101.5	38.5
 102.5	33.25
 103.5	31
 104.5	44
 105.5	44
 106.5	22
 107.5	34
 108.5	38
 109.5	41.5
 110.5	36
 111.5	33
 112.5	30
 113.5	42
 114.5	22
 115.5	37
 116.5	24
 117.5	32
 118.5	29.5
 119.5	41
 120.5	31
 121.5	32.5
 122.5	33.5
 123.5	28
 124.5	31
 125.5	23.5
 126.5	34.5
 127.5	38.5
 128.5	42.5
 129.5	25
 130.5	28
 131.5	40
 132.5	37.25
 133.5	31
 134.5	37.25
 135.5	23
 136.5	33.5
 137.5	24
 138.5	29
 139.5	34
 140.5	32
 141.5	37
 142.5	33.5
 143.5	41
 144.5	33
 145.5	37.5
 146.5	36
 147.5	33.5
 148.5	37.5
 149.5	33
 150.5	25
 151.5	22
 152.5	22
 153.5	30.5
 154.5	24
 155.5	39
 156.5	36
 157.5	32
 158.5	22.5
 159.5	30
 160.5	29.5
 161.5	32
 162.5	39
 163.5	32
 164.5	44.5
 165.5	34
 166.5	31
 167.5	28.25
 168.5	38
 169.5	20
 170.5	33.5
 171.5	26
 172.5	30.5
 173.5	30
 174.5	28
 175.5	39
 176.5	28
 177.5	30
 178.5	34
 179.5	35
 180.5	41
 181.5	21
 182.5	39
 183.5	29
 184.5	17.5
 185.5	24
 186.5	26
 187.5	36.5
 188.5	29.5
 189.5	30.5
 190.5	29
 191.5	38
 192.5	23.5
 193.5	36
 194.5	31.5
 195.5	27
 196.5	25
 197.5	27
 198.5	25
 199.5	30
 200.5	39.5
 201.5	23.75
 202.5	43
 203.5	42.5
 204.5	36
 205.5	38
 206.5	27
 207.5	31.5
 208.5	29
 209.5	26
 210.5	24
 211.5	27
 212.5	29
 213.5	25
 214.5	25
 215.5	44
 216.5	28
 217.5	37
 218.5	23
 219.5	31
 220.5	32
 221.5	43
 222.5	25.5
 223.5	31
 224.5	22.25
 225.5	16
 226.5	35.5
 227.5	43
 228.5	29
 229.5	43
DB 2 MOTIF	ZBT14_HUMAN.H11MO.0.C
-230.5	17
-229.5	23
-228.5	20
-227.5	16.5
-226.5	23
-225.5	15
-224.5	22.6429
-223.5	13
-222.5	24
-221.5	17
-220.5	28
-219.5	16.5
-218.5	17
-217.5	21
-216.5	22
-215.5	26.6429
-214.5	18
-213.5	26
-212.5	25.5
-211.5	19
-210.5	27.5
-209.5	18.5
-208.5	19
-207.5	13.5
-206.5	21
-205.5	17.5
-204.5	18
-203.5	26
-202.5	15
-201.5	18
-200.5	17
-199.5	12.5
-198.5	20
-197.5	21.5
-196.5	22.1429
-195.5	13.5
-194.5	16.6429
-193.5	15
-192.5	21
-191.5	19.5
-190.5	17
-189.5	18
-188.5	18.5
-187.5	12
-186.5	18.8333
-185.5	16
-184.5	22.5
-183.5	24.5
-182.5	22.5
-181.5	15.5
-180.5	23
-179.5	15
-178.5	25.5
-177.5	20.1429
-176.5	18
-175.5	18
-174.5	20.5
-173.5	20
-172.5	30.5
-171.5	18.5
-170.5	21.5
-169.5	15
-168.5	23.5
-167.5	20
-166.5	17
-165.5	27
-164.5	20.4762
-163.5	17.5
-162.5	18
-161.5	13.5
-160.5	23.8333
-159.5	17
-158.5	30.6429
-157.5	25.25
-156.5	21.1667
-155.5	22
-154.5	15.5
-153.5	19.5
-152.5	23
-151.5	7.5
-150.5	19.5
-149.5	20.5
-148.5	16
-147.5	10
-146.5	17
-145.5	13.5
-144.5	9
-143.5	17.5
-142.5	14
-141.5	20.5
-140.5	18
-139.5	23.1429
-138.5	13
-137.5	22.25
-136.5	14.5
-135.5	9.5
-134.5	16.6429
-133.5	17
-132.5	15
-131.5	16
-130.5	21.5
-129.5	17.5
-128.5	19
-127.5	18.5
-126.5	19.5
-125.5	14.5
-124.5	19.5
-123.5	23.8333
-122.5	24
-121.5	18.5
-120.5	23.1429
-119.5	17.5
-118.5	23
-117.5	28
-116.5	22.5
-115.5	16.5
-114.5	21
-113.5	13
-112.5	23.5
-111.5	26
-110.5	22
-109.5	24
-108.5	8
-107.5	20.5
-106.5	31
-105.5	22.5
-104.5	17.1429
-103.5	16
-102.5	16.5
-101.5	25.4762
-100.5	18.5
 -99.5	19
 -98.5	21.5
 -97.5	22
 -96.5	19.5
 -95.5	17.5
 -94.5	23
 -93.5	16.5
 -92.5	16.5
 -91.5	19
 -90.5	20
 -89.5	28.5
 -88.5	20.5
 -87.5	21
 -86.5	22.5
 -85.5	20.5
 -84.5	24.5
 -83.5	19
 -82.5	20.5
 -81.5	20
 -80.5	16.5
 -79.5	22.5
 -78.5	24
 -77.5	30
 -76.5	21
 -75.5	18
 -74.5	24.1429
 -73.5	28.5
 -72.5	23.5
 -71.5	30
 -70.5	22
 -69.5	20
 -68.5	22.5
 -67.5	16
 -66.5	24
 -65.5	31.5
 -64.5	27.5
 -63.5	31
 -62.5	22
 -61.5	22
 -60.5	25.25
 -59.5	19
 -58.5	29.5
 -57.5	27
 -56.5	25.5
 -55.5	29
 -54.5	27
 -53.5	28
 -52.5	26
 -51.5	29.5
 -50.5	20
 -49.5	29
 -48.5	24
 -47.5	36.5
 -46.5	26.5
 -45.5	27.5
 -44.5	27.1429
 -43.5	33.5
 -42.5	32
 -41.5	24.5
 -40.5	31
 -39.5	32.5
 -38.5	27.5
 -37.5	31
 -36.5	36
 -35.5	35
 -34.5	39.5
 -33.5	31.3333
 -32.5	29.5
 -31.5	27
 -30.5	35
 -29.5	25.5
 -28.5	34
 -27.5	35
 -26.5	29.5
 -25.5	26
 -24.5	32.25
 -23.5	31
 -22.5	20
 -21.5	43
 -20.5	28.5
 -19.5	33.5
 -18.5	29
 -17.5	30.5
 -16.5	28.5
 -15.5	36
 -14.5	18
 -13.5	33
 -12.5	19.5
 -11.5	45.8333
 -10.5	35
  -9.5	34.5
  -8.5	44.5
  -7.5	25
  -6.5	27
  -5.5	38.3333
  -4.5	20
  -3.5	29.6429
  -2.5	47.5
  -1.5	38
  -0.5	49
   0.5	33
   1.5	34.3333
   2.5	46
   3.5	35.5
   4.5	26
   5.5	20
   6.5	35.5
   7.5	39.5
   8.5	33.5
   9.5	37
  10.5	24
  11.5	31
  12.5	31
  13.5	32.5
  14.5	26.5
  15.5	21.1429
  16.5	36.5
  17.5	39.5
  18.5	36
  19.5	35.5
  20.5	32
  21.5	38
  22.5	36
  23.5	30
  24.5	25.5
  25.5	37
  26.5	24.5
  27.5	23.5
  28.5	28.5
  29.5	39.5
  30.5	26
  31.5	33
  32.5	26
  33.5	30.5
  34.5	30.6429
  35.5	28.5
  36.5	34.5
  37.5	35
  38.5	24.5
  39.5	31.5
  40.5	26
  41.5	24.5
  42.5	28
  43.5	26
  44.5	27.5
  45.5	30
  46.5	39
  47.5	29.5
  48.5	23.8333
  49.5	24.5
  50.5	30
  51.5	24.5
  52.5	30
  53.5	32.1429
  54.5	32.5
  55.5	27.3333
  56.5	24.5
  57.5	25.8333
  58.5	24
  59.5	29
  60.5	30
  61.5	24
  62.5	22.5
  63.5	24
  64.5	22.5
  65.5	23.1667
  66.5	21.3333
  67.5	17
  68.5	22.5
  69.5	19.5
  70.5	20
  71.5	21
  72.5	23.6429
  73.5	26
  74.5	23
  75.5	21.5
  76.5	16.5
  77.5	29
  78.5	21
  79.5	18.5
  80.5	20
  81.5	21
  82.5	23
  83.5	23
  84.5	14
  85.5	18
  86.5	20
  87.5	20
  88.5	17.5
  89.5	23.5
  90.5	14.5
  91.5	20.6429
  92.5	17
  93.5	23
  94.5	21.5
  95.5	25.5
  96.5	23
  97.5	15
  98.5	17
  99.5	17
 100.5	21.5
 101.5	29.5
 102.5	25
 103.5	23
 104.5	19
 105.5	26.5
 106.5	22.5
 107.5	20.5
 108.5	22
 109.5	10.3333
 110.5	13.1429
 111.5	13
 112.5	31.3333
 113.5	17
 114.5	17
 115.5	17
 116.5	23
 117.5	23.5
 118.5	22
 119.5	23
 120.5	16.5
 121.5	17
 122.5	15
 123.5	14
 124.5	18
 125.5	16
 126.5	10.8333
 127.5	17
 128.5	21
 129.5	18
 130.5	18
 131.5	25
 132.5	22
 133.5	14
 134.5	16.5
 135.5	21
 136.5	13.5
 137.5	18.3333
 138.5	14
 139.5	31.5
 140.5	26
 141.5	21.5
 142.5	15
 143.5	14.5
 144.5	9.5
 145.5	19
 146.5	21
 147.5	19.5
 148.5	15
 149.5	17.5
 150.5	18.5
 151.5	15
 152.5	11
 153.5	16.5
 154.5	15
 155.5	19.5
 156.5	9
 157.5	18
 158.5	12
 159.5	17.5
 160.5	16.5
 161.5	15
 162.5	17
 163.5	15.3333
 164.5	11.5
 165.5	10
 166.5	12
 167.5	15
 168.5	22
 169.5	23
 170.5	14.5
 171.5	26.5
 172.5	11.5
 173.5	17
 174.5	11
 175.5	16.5
 176.5	22.5
 177.5	23
 178.5	12
 179.5	14.5
 180.5	7.5
 181.5	17
 182.5	13
 183.5	17
 184.5	14.5
 185.5	16.5
 186.5	19.3333
 187.5	20
 188.5	15
 189.5	16.8333
 190.5	12.5
 191.5	14.5
 192.5	13
 193.5	16.5
 194.5	18
 195.5	19
 196.5	13
 197.5	16
 198.5	20.5
 199.5	12
 200.5	18
 201.5	19.5
 202.5	15
 203.5	24.5
 204.5	19.5
 205.5	17
 206.5	11.5
 207.5	23.5
 208.5	22
 209.5	13
 210.5	12
 211.5	18.5
 212.5	11.5
 213.5	15
 214.5	16
 215.5	9.5
 216.5	18
 217.5	24
 218.5	14.5
 219.5	10
 220.5	14.5
 221.5	18
 222.5	12
 223.5	10
 224.5	8
 225.5	26.5
 226.5	16.5
 227.5	16
 228.5	9.5
 229.5	19
 230.5	20.5
DB 2 MOTIF	ZF64A_HUMAN.H11MO.0.D
-227.0	24
-226.0	34
-225.0	34
-224.0	37
-223.0	29
-222.0	33
-221.0	34
-220.0	31
-219.0	27
-218.0	26
-217.0	29
-216.0	39
-215.0	32
-214.0	38
-213.0	33
-212.0	30.5
-211.0	28.5
-210.0	26
-209.0	34
-208.0	24
-207.0	25
-206.0	23
-205.0	35
-204.0	24.7
-203.0	39
-202.0	28
-201.0	34
-200.0	28
-199.0	28
-198.0	34
-197.0	31
-196.0	31
-195.0	26.5
-194.0	25
-193.0	22
-192.0	44
-191.0	35
-190.0	34
-189.0	23
-188.0	36
-187.0	23
-186.0	30
-185.0	27
-184.0	31
-183.0	27
-182.0	27.5
-181.0	30
-180.0	35.2
-179.0	25
-178.0	27.75
-177.0	34
-176.0	34
-175.0	30.5
-174.0	32
-173.0	29
-172.0	27
-171.0	29
-170.0	27.3333
-169.0	29.5
-168.0	33
-167.0	22
-166.0	43
-165.0	26.5
-164.0	20
-163.0	37
-162.0	33
-161.0	35
-160.0	37
-159.0	27
-158.0	29
-157.0	24
-156.0	37.2
-155.0	36
-154.0	31
-153.0	25
-152.0	24
-151.0	40
-150.0	36
-149.0	27
-148.0	24
-147.0	46
-146.0	25
-145.0	30.5
-144.0	29
-143.0	38
-142.0	39.3333
-141.0	33.5
-140.0	32
-139.0	39.75
-138.0	31
-137.0	41
-136.0	30
-135.0	36
-134.0	33
-133.0	26
-132.0	27.2
-131.0	45
-130.0	38
-129.0	42
-128.0	33
-127.0	23
-126.0	32
-125.0	31
-124.0	26.5
-123.0	36
-122.0	37.5
-121.0	32
-120.0	33
-119.0	29
-118.0	31
-117.0	32
-116.0	45
-115.0	32
-114.0	28
-113.0	28
-112.0	23.5833
-111.0	15
-110.0	24.3333
-109.0	29
-108.0	33.2
-107.0	26
-106.0	30
-105.0	41
-104.0	46.5
-103.0	25.5
-102.0	44
-101.0	25
-100.0	35.25
 -99.0	26
 -98.0	36
 -97.0	26.5
 -96.0	31.5
 -95.0	25
 -94.0	44
 -93.0	42
 -92.0	25
 -91.0	24
 -90.0	31
 -89.0	25.5
 -88.0	18
 -87.0	39.25
 -86.0	26
 -85.0	27
 -84.0	23
 -83.0	27
 -82.0	30.3333
 -81.0	31
 -80.0	35
 -79.0	36
 -78.0	30.5
 -77.0	23
 -76.0	25
 -75.0	33
 -74.0	33
 -73.0	23
 -72.0	33
 -71.0	32
 -70.0	26
 -69.0	31
 -68.0	29
 -67.0	37.5
 -66.0	44
 -65.0	25.5
 -64.0	35.5
 -63.0	29.5
 -62.0	28.25
 -61.0	29.25
 -60.0	30
 -59.0	29
 -58.0	37
 -57.0	34.5
 -56.0	32
 -55.0	42
 -54.0	22
 -53.0	35
 -52.0	32
 -51.0	31
 -50.0	28.3333
 -49.0	38.5
 -48.0	33
 -47.0	38.5
 -46.0	42.5
 -45.0	49
 -44.0	32
 -43.0	26
 -42.0	27
 -41.0	35
 -40.0	29
 -39.0	24.5
 -38.0	24
 -37.0	28.25
 -36.0	32.5
 -35.0	27
 -34.0	36.5
 -33.0	42
 -32.0	37
 -31.0	36
 -30.0	34
 -29.0	35.5
 -28.0	35
 -27.0	35.5
 -26.0	34
 -25.0	34
 -24.0	35
 -23.0	26
 -22.0	37
 -21.0	47
 -20.0	42
 -19.0	34
 -18.0	33
 -17.0	38
 -16.0	31
 -15.0	33
 -14.0	36
 -13.0	38
 -12.0	40
 -11.0	43.5
 -10.0	27
  -9.0	34
  -8.0	27
  -7.0	35
  -6.0	36
  -5.0	37
  -4.0	31.25
  -3.0	37
  -2.0	33
  -1.0	40
   0.0	36
   1.0	32
   2.0	37
   3.0	34
   4.0	43
   5.0	35
   6.0	38
   7.0	34.5
   8.0	36.5
   9.0	40
  10.0	34
  11.0	44.5
  12.0	32
  13.0	31.5
  14.0	35
  15.0	33.5
  16.0	30
  17.0	28
  18.0	44.5
  19.0	25.5
  20.0	39.5
  21.0	32.5
  22.0	41
  23.0	33
  24.0	35
  25.0	25
  26.0	36.5
  27.0	26
  28.0	30
  29.0	35
  30.0	34.5
  31.0	33
  32.0	32
  33.0	38
  34.0	32
  35.0	31
  36.0	41
  37.0	39
  38.0	36
  39.0	38
  40.0	35.5
  41.0	29.5
  42.0	33
  43.0	40
  44.0	43
  45.0	36
  46.0	25.5
  47.0	35
  48.0	28.5
  49.0	41.75
  50.0	31
  51.0	38
  52.0	32
  53.0	34
  54.0	26
  55.0	30
  56.0	34
  57.0	31
  58.0	32
  59.0	29
  60.0	34.5
  61.0	30
  62.0	36
  63.0	37
  64.0	40
  65.0	31
  66.0	28
  67.0	37.5
  68.0	35
  69.0	30
  70.0	29
  71.0	36
  72.0	23.5
  73.0	29
  74.0	30.5
  75.0	26.5
  76.0	29.5
  77.0	28
  78.0	32
  79.0	37
  80.0	29.5
  81.0	33.5
  82.0	29
  83.0	36
  84.0	34
  85.0	35
  86.0	28
  87.0	37
  88.0	37
  89.0	30
  90.0	30.5
  91.0	33
  92.0	42
  93.0	34
  94.0	32.5
  95.0	38
  96.0	38
  97.0	42
  98.0	39
  99.0	22
 100.0	40
 101.0	26
 102.0	36.25
 103.0	29
 104.0	35
 105.0	25
 106.0	27
 107.0	31
 108.0	39
 109.0	34
 110.0	33
 111.0	24
 112.0	33
 113.0	23
 114.0	31
 115.0	31
 116.0	36
 117.0	27
 118.0	39
 119.0	28
 120.0	27
 121.0	38
 122.0	31
 123.0	30
 124.0	37
 125.0	35
 126.0	32
 127.0	34
 128.0	29
 129.0	33
 130.0	32
 131.0	27
 132.0	27
 133.0	24
 134.0	38
 135.0	17
 136.0	31
 137.0	34
 138.0	39
 139.0	43
 140.0	28
 141.0	33
 142.0	27.1429
 143.0	27
 144.0	29
 145.0	41
 146.0	30
 147.0	39
 148.0	30.1429
 149.0	26
 150.0	25
 151.0	24
 152.0	38
 153.0	33
 154.0	35.1429
 155.0	35.25
 156.0	24
 157.0	31
 158.0	26
 159.0	28
 160.0	22.1429
 161.0	31
 162.0	29
 163.0	24
 164.0	30
 165.0	36
 166.0	30.1429
 167.0	16
 168.0	24
 169.0	23
 170.0	30
 171.0	18
 172.0	24.1429
 173.0	33
 174.0	33
 175.0	28
 176.0	37
 177.0	24
 178.0	36.6429
 179.0	25
 180.0	29
 181.0	37
 182.0	27
 183.0	32
 184.0	29
 185.0	25.5
 186.0	34
 187.0	32
 188.0	29.5
 189.0	35
 190.0	27
 191.0	27
 192.0	41
 193.0	24
 194.0	28
 195.0	24
 196.0	34
 197.0	29
 198.0	36
 199.0	28
 200.0	37
 201.0	29
 202.0	38
 203.0	30
 204.0	32.5
 205.0	33
 206.0	26
 207.0	33
 208.0	27
 209.0	29
 210.0	20.5
 211.0	33
 212.0	29.5
 213.0	34
 214.0	26
 215.0	28
 216.0	27
 217.0	41
 218.0	35.5
 219.0	23
 220.0	35
 221.0	23
 222.0	33
 223.0	30.5
 224.0	31
 225.0	34
 226.0	37
 227.0	41
DB 2 MOTIF	ZFX_HUMAN.H11MO.0.A
-230.0	27
-229.0	24
-228.0	17
-227.0	34
-226.0	19
-225.0	28
-224.0	24
-223.0	21.5
-222.0	27
-221.0	27
-220.0	32
-219.0	27
-218.0	27
-217.0	33.5
-216.0	23
-215.0	21
-214.0	26
-213.0	38.25
-212.0	34.3333
-211.0	25
-210.0	32
-209.0	24
-208.0	28
-207.0	21.5
-206.0	28
-205.0	35
-204.0	29
-203.0	35
-202.0	32
-201.0	31
-200.0	42.3333
-199.0	33
-198.0	31.5
-197.0	29
-196.0	26.5
-195.0	31
-194.0	23
-193.0	28
-192.0	27.5
-191.0	34.3333
-190.0	28.5
-189.0	30.75
-188.0	27
-187.0	28
-186.0	28
-185.0	25.5
-184.0	27.25
-183.0	22
-182.0	26
-181.0	21
-180.0	26
-179.0	23
-178.0	29
-177.0	24
-176.0	27
-175.0	33
-174.0	24.5
-173.0	24
-172.0	30
-171.0	26
-170.0	36.5
-169.0	37
-168.0	22
-167.0	36
-166.0	32.25
-165.0	34.25
-164.0	34
-163.0	41
-162.0	29
-161.0	38.8333
-160.0	28
-159.0	35
-158.0	33
-157.0	24
-156.0	26
-155.0	29
-154.0	27
-153.0	24
-152.0	32
-151.0	32.5
-150.0	25.5
-149.0	29.5
-148.0	33
-147.0	35
-146.0	27.75
-145.0	28.6667
-144.0	32
-143.0	29.25
-142.0	25
-141.0	36
-140.0	29.3333
-139.0	37
-138.0	42.5
-137.0	26
-136.0	33
-135.0	26
-134.0	35.5
-133.0	38
-132.0	32.5
-131.0	13
-130.0	29.3333
-129.0	24
-128.0	23.7
-127.0	29.5
-126.0	36.5
-125.0	24
-124.0	34
-123.0	27
-122.0	33
-121.0	33.5
-120.0	36
-119.0	35
-118.0	21
-117.0	41.3333
-116.0	27
-115.0	30
-114.0	25.5
-113.0	34.5
-112.0	28
-111.0	19
-110.0	28.5
-109.0	27.8333
-108.0	28
-107.0	29
-106.0	33.5
-105.0	33
-104.0	32
-103.0	24.5
-102.0	27
-101.0	41
-100.0	25
 -99.0	48
 -98.0	35
 -97.0	35.2
 -96.0	35.5
 -95.0	36
 -94.0	25
 -93.0	29
 -92.0	24
 -91.0	30.5
 -90.0	38
 -89.0	35.5
 -88.0	29
 -87.0	37.5
 -86.0	37.75
 -85.0	28.5
 -84.0	29
 -83.0	35.5
 -82.0	38.5
 -81.0	29.5
 -80.0	31
 -79.0	32.8333
 -78.0	27.5
 -77.0	33
 -76.0	36.5
 -75.0	30.8333
 -74.0	26
 -73.0	28.8333
 -72.0	37.5
 -71.0	36
 -70.0	26
 -69.0	31.5
 -68.0	31.5
 -67.0	30
 -66.0	29.2
 -65.0	27.5
 -64.0	30.5
 -63.0	22.5
 -62.0	32.5
 -61.0	31
 -60.0	27
 -59.0	40.5
 -58.0	39
 -57.0	30
 -56.0	32
 -55.0	24
 -54.0	33
 -53.0	36.5
 -52.0	26
 -51.0	43
 -50.0	33.5
 -49.0	36
 -48.0	33.5
 -47.0	32.5
 -46.0	24.5
 -45.0	38
 -44.0	32
 -43.0	17
 -42.0	32.3333
 -41.0	35.5
 -40.0	24
 -39.0	28
 -38.0	31.75
 -37.0	32
 -36.0	31
 -35.0	27.7
 -34.0	34.5
 -33.0	26.5
 -32.0	34
 -31.0	29
 -30.0	31
 -29.0	27.5
 -28.0	17
 -27.0	35
 -26.0	39
 -25.0	35.5
 -24.0	28
 -23.0	18
 -22.0	28
 -21.0	35
 -20.0	30.5
 -19.0	44
 -18.0	32
 -17.0	34.5
 -16.0	32.8333
 -15.0	36
 -14.0	31
 -13.0	26.5
 -12.0	28.5
 -11.0	30
 -10.0	41.5
  -9.0	15
  -8.0	26
  -7.0	35.5
  -6.0	30.5
  -5.0	17
  -4.0	23.7
  -3.0	24
  -2.0	34.3333
  -1.0	30.5
   0.0	36
   1.0	35.5
   2.0	30.5
   3.0	28.5
   4.0	22
   5.0	22.5
   6.0	28.5
   7.0	28.5
   8.0	38
   9.0	34.5
  10.0	35.5
  11.0	22
  12.0	27.5
  13.0	37
  14.0	42.5
  15.0	27
  16.0	36.5
  17.0	29.5
  18.0	36
  19.0	23.5
  20.0	36
  21.0	38
  22.0	29.8333
  23.0	40.5
  24.0	37
  25.0	34.5
  26.0	32
  27.0	32
  28.0	32
  29.0	31.5
  30.0	24.5
  31.0	38
  32.0	33.5
  33.0	29
  34.0	26
  35.0	35
  36.0	29.5
  37.0	34
  38.0	41
  39.0	33
  40.0	42
  41.0	33
  42.0	25.5
  43.0	47
  44.0	32
  45.0	31.5
  46.0	26
  47.0	38
  48.0	37.5
  49.0	33.6667
  50.0	48
  51.0	35
  52.0	29.5
  53.0	38.8333
  54.0	40
  55.0	32
  56.0	31.5
  57.0	44
  58.0	31.5
  59.0	36
  60.0	31
  61.0	35
  62.0	29
  63.0	24
  64.0	26.5
  65.0	28.5
  66.0	32.5
  67.0	27
  68.0	28.8333
  69.0	18.5
  70.0	30
  71.0	28
  72.0	35
  73.0	43.8333
  74.0	28
  75.0	25
  76.0	31.25
  77.0	43
  78.0	37
  79.0	34.3333
  80.0	29.5
  81.0	31.3333
  82.0	31
  83.0	40
  84.0	26
  85.0	29
  86.0	38
  87.0	30
  88.0	34.3333
  89.0	40.1667
  90.0	28.5
  91.0	24
  92.0	38
  93.0	36
  94.0	33.8333
  95.0	30
  96.0	38
  97.0	28.5
  98.0	31.5
  99.0	40
 100.0	32
 101.0	34.5
 102.0	29
 103.0	29
 104.0	35
 105.0	40
 106.0	33.5
 107.0	26
 108.0	41.8333
 109.0	31
 110.0	35
 111.0	43
 112.0	31.5
 113.0	32
 114.0	26.5
 115.0	31
 116.0	39.3333
 117.0	34.5
 118.0	27.5
 119.0	35
 120.0	31.5
 121.0	30.6667
 122.0	24
 123.0	38.3333
 124.0	22
 125.0	27.5
 126.0	28.5
 127.0	30
 128.0	29
 129.0	30
 130.0	27
 131.0	33.375
 132.0	35.5
 133.0	33.5
 134.0	32.5
 135.0	31.5
 136.0	30.5
 137.0	33
 138.0	38
 139.0	26
 140.0	32
 141.0	21.125
 142.0	36
 143.0	28
 144.0	32.5
 145.0	26
 146.0	26.5
 147.0	24.5
 148.0	28.5
 149.0	31
 150.0	27
 151.0	25.4583
 152.0	23.3333
 153.0	29.5
 154.0	34.5
 155.0	27
 156.0	31.5
 157.0	34.3333
 158.0	28
 159.0	26.5
 160.0	37.1667
 161.0	31
 162.0	29
 163.0	25
 164.0	31.5
 165.0	31.5
 166.0	26.5
 167.0	31.3333
 168.0	23
 169.0	26
 170.0	34
 171.0	26.125
 172.0	22.5
 173.0	23.5
 174.0	37.3333
 175.0	28
 176.0	24
 177.0	30.5
 178.0	31
 179.0	24
 180.0	37
 181.0	23.625
 182.0	26.3333
 183.0	31
 184.0	24.5
 185.0	26
 186.0	39
 187.0	21.8333
 188.0	23
 189.0	26
 190.0	25.75
 191.0	17.125
 192.0	20
 193.0	22
 194.0	33.5
 195.0	26
 196.0	27.5
 197.0	30
 198.0	28.5
 199.0	24.5
 200.0	31.1667
 201.0	31.625
 202.0	17
 203.0	27.5
 204.0	27
 205.0	25
 206.0	27.3333
 207.0	28.5
 208.0	23
 209.0	17.5
 210.0	29.5
 211.0	31
 212.0	37.6667
 213.0	32.5
 214.0	26.5
 215.0	27.5
 216.0	23.5
 217.0	38
 218.0	33.8333
 219.0	25
 220.0	32.5
 221.0	33.625
 222.0	25.5
 223.0	34
 224.0	34
 225.0	34
 226.0	26.5
 227.0	21.5
 228.0	33
 229.0	31.5
 230.0	27.5
DB 2 MOTIF	ZIC4_HUMAN.H11MO.0.D
-227.5	9.5
-226.5	16
-225.5	14
-224.5	7
-223.5	12
-222.5	14
-221.5	20
-220.5	16
-219.5	18
-218.5	9
-217.5	17.5
-216.5	17.3333
-215.5	17
-214.5	13
-213.5	15
-212.5	16
-211.5	11
-210.5	7
-209.5	26
-208.5	12
-207.5	16
-206.5	19
-205.5	17
-204.5	15.5
-203.5	12
-202.5	21
-201.5	11
-200.5	17
-199.5	15
-198.5	15
-197.5	14
-196.5	10
-195.5	14
-194.5	16
-193.5	16
-192.5	17
-191.5	11
-190.5	18
-189.5	14
-188.5	10
-187.5	18
-186.5	15
-185.5	13
-184.5	11
-183.5	14.3333
-182.5	15
-181.5	17.5
-180.5	22
-179.5	14
-178.5	16
-177.5	15
-176.5	11
-175.5	18
-174.5	16
-173.5	15
-172.5	16.5
-171.5	9
-170.5	14
-169.5	19
-168.5	14
-167.5	18
-166.5	9
-165.5	8
-164.5	11
-163.5	14
-162.5	13
-161.5	12
-160.5	15
-159.5	19
-158.5	22
-157.5	16
-156.5	18
-155.5	12
-154.5	21
-153.5	16
-152.5	12
-151.5	14
-150.5	11
-149.5	14
-148.5	7
-147.5	16.5
-146.5	12.5
-145.5	11
-144.5	21
-143.5	11
-142.5	17
-141.5	10
-140.5	13
-139.5	16
-138.5	15
-137.5	21
-136.5	17
-135.5	18
-134.5	18
-133.5	12
-132.5	11
-131.5	16
-130.5	19.3333
-129.5	16
-128.5	21
-127.5	23
-126.5	9
-125.5	13
-124.5	15
-123.5	10
-122.5	14.5
-121.5	12
-120.5	14
-119.5	15
-118.5	11
-117.5	14
-116.5	12.5
-115.5	17
-114.5	20
-113.5	15
-112.5	13
-111.5	21
-110.5	16
-109.5	16
-108.5	16
-107.5	19
-106.5	14
-105.5	22
-104.5	18.5
-103.5	20.5
-102.5	21
-101.5	17.5
-100.5	20
 -99.5	12
 -98.5	12
 -97.5	22
 -96.5	18
 -95.5	21
 -94.5	24
 -93.5	12
 -92.5	13
 -91.5	20
 -90.5	24
 -89.5	19
 -88.5	26
 -87.5	20.5
 -86.5	19
 -85.5	23
 -84.5	11
 -83.5	15
 -82.5	11
 -81.5	18
 -80.5	13
 -79.5	18
 -78.5	16
 -77.5	17
 -76.5	12.5
 -75.5	17
 -74.5	30
 -73.5	16
 -72.5	16
 -71.5	15
 -70.5	12
 -69.5	13
 -68.5	21
 -67.5	23
 -66.5	12
 -65.5	17
 -64.5	14
 -63.5	17
 -62.5	17
 -61.5	17
 -60.5	17
 -59.5	16
 -58.5	13
 -57.5	13
 -56.5	16.5
 -55.5	21
 -54.5	12
 -53.5	14
 -52.5	14
 -51.5	13
 -50.5	15
 -49.5	14
 -48.5	9
 -47.5	17
 -46.5	8
 -45.5	10
 -44.5	16
 -43.5	18
 -42.5	13
 -41.5	9
 -40.5	13
 -39.5	18
 -38.5	12
 -37.5	21
 -36.5	14
 -35.5	13
 -34.5	13
 -33.5	24
 -32.5	20
 -31.5	15
 -30.5	9
 -29.5	11
 -28.5	19
 -27.5	13
 -26.5	18.5
 -25.5	20
 -24.5	14.25
 -23.5	14
 -22.5	19
 -21.5	15
 -20.5	16
 -19.5	23
 -18.5	25
 -17.5	14
 -16.5	18
 -15.5	18
 -14.5	14
 -13.5	17
 -12.5	15
 -11.5	12
 -10.5	10
  -9.5	11
  -8.5	15
  -7.5	15
  -6.5	25
  -5.5	12
  -4.5	14
  -3.5	16
  -2.5	14
  -1.5	12
  -0.5	18
   0.5	10
   1.5	17
   2.5	20
   3.5	11
   4.5	15
   5.5	16
   6.5	14
   7.5	24
   8.5	22
   9.5	14
  10.5	25
  11.5	28
  12.5	12
  13.5	14
  14.5	18
  15.5	18
  16.5	21
  17.5	22
  18.5	13
  19.5	14.5
  20.5	20
  21.5	14
  22.5	17
  23.5	23
  24.5	15
  25.5	27
  26.5	13
  27.5	17
  28.5	11.25
  29.5	18
  30.5	23
  31.5	17
  32.5	14
  33.5	12
  34.5	21.5
  35.5	16
  36.5	16
  37.5	22
  38.5	14
  39.5	17
  40.5	21
  41.5	9
  42.5	18
  43.5	23
  44.5	11
  45.5	21
  46.5	16
  47.5	15
  48.5	10
  49.5	17
  50.5	19
  51.5	17
  52.5	14
  53.5	23
  54.5	16
  55.5	14
  56.5	21
  57.5	15.5
  58.5	16
  59.5	13
  60.5	12
  61.5	13
  62.5	11
  63.5	13
  64.5	11
  65.5	18
  66.5	14
  67.5	18
  68.5	14
  69.5	14
  70.5	19
  71.5	12
  72.5	11
  73.5	18
  74.5	16
  75.5	12
  76.5	16
  77.5	18
  78.5	15
  79.5	22
  80.5	10
  81.5	15.25
  82.5	16
  83.5	9
  84.5	11
  85.5	7
  86.5	21
  87.5	7
  88.5	13
  89.5	12
  90.5	13
  91.5	10
  92.5	18
  93.5	11
  94.5	14
  95.5	11
  96.5	12
  97.5	11
  98.5	19
  99.5	18.25
 100.5	20
 101.5	13
 102.5	17
 103.5	14
 104.5	13
 105.5	10
 106.5	9
 107.5	16
 108.5	13.5
 109.5	15
 110.5	12
 111.5	16
 112.5	16
 113.5	16
 114.5	13
 115.5	13
 116.5	17
 117.5	14
 118.5	18
 119.5	10
 120.5	12
 121.5	22
 122.5	20
 123.5	13
 124.5	12
 125.5	20
 126.5	23
 127.5	12
 128.5	16
 129.5	13
 130.5	15
 131.5	19.25
 132.5	17
 133.5	15
 134.5	19.25
 135.5	13
 136.5	19
 137.5	16
 138.5	20
 139.5	16
 140.5	19
 141.5	16
 142.5	10
 143.5	12
 144.5	15
 145.5	15
 146.5	12
 147.5	9
 148.5	13
 149.5	19
 150.5	11
 151.5	9
 152.5	17
 153.5	19
 154.5	9
 155.5	15
 156.5	20
 157.5	17
 158.5	17
 159.5	8
 160.5	13
 161.5	16.5
 162.5	12
 163.5	20
 164.5	15.25
 165.5	23
 166.5	11
 167.5	17
 168.5	7
 169.5	16
 170.5	15.5
 171.5	14
 172.5	17.5
 173.5	21
 174.5	15.5
 175.5	12
 176.5	11
 177.5	15
 178.5	14
 179.5	13.5
 180.5	11
 181.5	9
 182.5	17
 183.5	12
 184.5	7
 185.5	16
 186.5	17
 187.5	11
 188.5	13.5
 189.5	14
 190.5	19
 191.5	22.5
 192.5	11
 193.5	17
 194.5	11.5
 195.5	13
 196.5	10
 197.5	12
 198.5	20.25
 199.5	15
 200.5	21.5
 201.5	14
 202.5	10
 203.5	16
 204.5	14
 205.5	11
 206.5	11
 207.5	9
 208.5	16
 209.5	14
 210.5	13
 211.5	20
 212.5	12
 213.5	12
 214.5	18
 215.5	15
 216.5	13
 217.5	15
 218.5	13
 219.5	9
 220.5	18
 221.5	10.5
 222.5	9
 223.5	15
 224.5	10
 225.5	16
 226.5	12
 227.5	7
DB 2 MOTIF	ZN554_HUMAN.H11MO.1.D
-230.5	28.5
-229.5	40.5
-228.5	35
-227.5	51.5
-226.5	30
-225.5	36.5
-224.5	40.5
-223.5	30.5
-222.5	45
-221.5	35
-220.5	37.5
-219.5	35
-218.5	30
-217.5	25
-216.5	35.5
-215.5	34.325
-214.5	36
-213.5	32
-212.5	35.5
-211.5	49.5
-210.5	25.5
-209.5	31
-208.5	35
-207.5	39
-206.5	35
-205.5	48
-204.5	35
-203.5	41.5
-202.5	42.5
-201.5	30.5
-200.5	34.5
-199.5	37.8333
-198.5	30
-197.5	34.125
-196.5	35.3333
-195.5	34.5
-194.5	35
-193.5	39.5
-192.5	44
-191.5	28.8333
-190.5	42.3333
-189.5	36
-188.5	40
-187.5	37
-186.5	28
-185.5	41.3333
-184.5	28.8333
-183.5	32.5
-182.5	29
-181.5	33
-180.5	25
-179.5	29.9583
-178.5	38.5
-177.5	33.5
-176.5	36.125
-175.5	35
-174.5	40
-173.5	33.5
-172.5	31
-171.5	33
-170.5	31
-169.5	33
-168.5	39
-167.5	38.5333
-166.5	26
-165.5	38.5
-164.5	36
-163.5	41.5
-162.5	48.5
-161.5	31.625
-160.5	31
-159.5	35.125
-158.5	35.5
-157.5	35
-156.5	37
-155.5	32
-154.5	32
-153.5	34.5
-152.5	39
-151.5	19
-150.5	41
-149.5	37.5
-148.5	37
-147.5	40.5
-146.5	34
-145.5	34.5
-144.5	38
-143.5	31.125
-142.5	41.5
-141.5	34.5
-140.5	36
-139.5	31
-138.5	38
-137.5	43
-136.5	40
-135.5	33
-134.5	33.5
-133.5	34.5
-132.5	29
-131.5	46.125
-130.5	33.8333
-129.5	37.5
-128.5	35
-127.5	37.5
-126.5	33.5
-125.5	25.625
-124.5	31.5
-123.5	39
-122.5	39
-121.5	34
-120.5	27.5
-119.5	37.5
-118.5	39.5
-117.5	42.5
-116.5	40.75
-115.5	50.5
-114.5	34.125
-113.5	39
-112.5	38.5
-111.5	32.5
-110.5	41.5
-109.5	36
-108.5	30
-107.5	29.625
-106.5	34.5
-105.5	32
-104.5	37
-103.5	25.7
-102.5	35
-101.5	42
-100.5	31
 -99.5	29.5
 -98.5	41
 -97.5	34.5
 -96.5	40
 -95.5	35
 -94.5	36
 -93.5	40
 -92.5	21
 -91.5	33
 -90.5	26
 -89.5	39
 -88.5	31.5
 -87.5	37
 -86.5	41.625
 -85.5	31.5
 -84.5	46
 -83.5	37
 -82.5	37
 -81.5	33.5
 -80.5	48.75
 -79.5	37.5
 -78.5	30.5
 -77.5	31.5
 -76.5	35.5
 -75.5	36.5
 -74.5	42.5
 -73.5	34
 -72.5	37
 -71.5	33.5
 -70.5	43.5
 -69.5	38.625
 -68.5	41.5
 -67.5	22.5
 -66.5	34.5
 -65.5	51
 -64.5	49
 -63.5	34
 -62.5	44.5
 -61.5	31
 -60.5	36
 -59.5	36.5
 -58.5	40.5
 -57.5	39.5
 -56.5	41
 -55.5	32
 -54.5	28.5
 -53.5	42
 -52.5	35
 -51.5	41
 -50.5	38.5
 -49.5	39
 -48.5	36
 -47.5	46.8333
 -46.5	25
 -45.5	29
 -44.5	35.25
 -43.5	46.5
 -42.5	37.5
 -41.5	35.125
 -40.5	35.2
 -39.5	43
 -38.5	35
 -37.5	41
 -36.5	39.5
 -35.5	29
 -34.5	31
 -33.5	33
 -32.5	35
 -31.5	31.5
 -30.5	44
 -29.5	55
 -28.5	38
 -27.5	46.5
 -26.5	47
 -25.5	34.5
 -24.5	44.125
 -23.5	39
 -22.5	41
 -21.5	35.5
 -20.5	27.5
 -19.5	38
 -18.5	31
 -17.5	29
 -16.5	33.8333
 -15.5	32
 -14.5	34
 -13.5	40.5
 -12.5	35
 -11.5	43.5
 -10.5	38
  -9.5	41.5
  -8.5	40.0833
  -7.5	44
  -6.5	33
  -5.5	41.8333
  -4.5	33.5
  -3.5	27
  -2.5	42.5
  -1.5	38.5
  -0.5	46.5
   0.5	37.5
   1.5	32.3333
   2.5	44
   3.5	26
   4.5	38
   5.5	35
   6.5	35.7
   7.5	37.5
   8.5	30
   9.5	33
  10.5	38.5
  11.5	31.5
  12.5	32
  13.5	35
  14.5	32
  15.5	35.5
  16.5	31.5
  17.5	36
  18.5	33.5
  19.5	39
  20.5	33
  21.5	35
  22.5	37
  23.5	28
  24.5	38.5
  25.5	35.5
  26.5	33.5
  27.5	34
  28.5	40
  29.5	23.3333
  30.5	38.5
  31.5	36.5
  32.5	36
  33.5	34.5
  34.5	38.625
  35.5	42
  36.5	37.8333
  37.5	48
  38.5	41.5
  39.5	37
  40.5	39.5
  41.5	39
  42.5	38
  43.5	39
  44.5	36
  45.5	39
  46.5	29.8333
  47.5	49.8333
  48.5	36.5
  49.5	38
  50.5	35
  51.5	29
  52.5	36.3333
  53.5	43.5
  54.5	43.5
  55.5	44.5
  56.5	34.5
  57.5	37.5
  58.5	47.5
  59.5	34
  60.5	31.5
  61.5	37
  62.5	43
  63.5	42
  64.5	32.3333
  65.5	37.5
  66.5	41
  67.5	36
  68.5	34
  69.5	30.5
  70.5	32
  71.5	32.5
  72.5	37.5
  73.5	43
  74.5	39.3333
  75.5	35
  76.5	41.5
  77.5	41.5
  78.5	51
  79.5	43
  80.5	29
  81.5	44.8333
  82.5	45
  83.5	36
  84.5	30.5
  85.5	31.5
  86.5	42.2
  87.5	37
  88.5	38.5
  89.5	33.5
  90.5	36.5
  91.5	43
  92.5	34
  93.5	44.5
  94.5	30
  95.5	25.5
  96.5	37.3333
  97.5	37
  98.5	34.5
  99.5	27
 100.5	21.5
 101.5	43
 102.5	23.3333
 103.5	36.5
 104.5	38
 105.5	42.5
 106.5	39
 107.5	31
 108.5	32.8333
 109.5	33
 110.5	26.5
 111.5	40.5
 112.5	27
 113.5	40.2
 114.5	37
 115.5	26.5
 116.5	28
 117.5	48
 118.5	29
 119.5	43
 120.5	35
 121.5	40
 122.5	41.5
 123.5	34.5
 124.5	36
 125.5	37.3333
 126.5	34
 127.5	29
 128.5	36.5
 129.5	22
 130.5	40
 131.5	30.5
 132.5	36
 133.5	32
 134.5	27
 135.5	29
 136.5	33.5
 137.5	34.5
 138.5	41
 139.5	34.5
 140.5	34
 141.5	40.5
 142.5	42.5
 143.5	24
 144.5	32
 145.5	25
 146.5	39.7
 147.5	35.5
 148.5	38
 149.5	28
 150.5	31
 151.5	36.5
 152.5	36.3333
 153.5	30
 154.5	22.5
 155.5	26
 156.5	27
 157.5	36
 158.5	31
 159.5	35.5
 160.5	33.5
 161.5	40.5
 162.5	33.5
 163.5	31.5
 164.5	33
 165.5	41.5
 166.5	47
 167.5	35
 168.5	27
 169.5	37.5
 170.5	41.5
 171.5	39
 172.5	32
 173.5	29
 174.5	47
 175.5	32.5
 176.5	34
 177.5	34.5
 178.5	27
 179.5	29
 180.5	29
 181.5	33
 182.5	24.5
 183.5	33
 184.5	44.5
 185.5	34.5
 186.5	26
 187.5	34
 188.5	36.7
 189.5	31
 190.5	40
 191.5	25
 192.5	29
 193.5	31
 194.5	32
 195.5	38
 196.5	23.5
 197.5	32.5
 198.5	36
 199.5	39.5
 200.5	36
 201.5	37
 202.5	35
 203.5	32
 204.5	36
 205.5	29
 206.5	32
 207.5	41
 208.5	34
 209.5	32.5
 210.5	28
 211.5	22
 212.5	28.5
 213.5	33.7
 214.5	40
 215.5	29
 216.5	35.5
 217.5	41
 218.5	36
 219.5	30.5
 220.5	31
 221.5	40
 222.5	26.5
 223.5	34.5
 224.5	22.5
 225.5	17
 226.5	34.5
 227.5	30.5
 228.5	36
 229.5	24.5
 230.5	35.5
DB 2 MOTIF	ZN563_HUMAN.H11MO.1.C
-229.0	38
-228.0	34
-227.0	27
-226.0	31
-225.0	28
-224.0	31
-223.0	42
-222.0	38
-221.0	33
-220.0	39
-219.0	48
-218.0	38
-217.0	35
-216.0	31
-215.0	35
-214.0	44.5
-213.0	22
-212.0	39
-211.0	36.5
-210.0	35
-209.0	41
-208.0	33
-207.0	34
-206.0	36
-205.0	37.5
-204.0	27.5
-203.0	31.5
-202.0	36.5
-201.0	26
-200.0	41
-199.0	32
-198.0	44
-197.0	35
-196.0	45
-195.0	36
-194.0	34.5
-193.0	30
-192.0	48
-191.0	28
-190.0	26.5
-189.0	33
-188.0	32
-187.0	41
-186.0	32
-185.0	30
-184.0	37
-183.0	23
-182.0	30.5
-181.0	27
-180.0	27.5
-179.0	31.5
-178.0	33.5
-177.0	27.5
-176.0	37
-175.0	33
-174.0	38
-173.0	40.5
-172.0	35
-171.0	41.5
-170.0	42.5
-169.0	47
-168.0	34
-167.0	33.5
-166.0	32
-165.0	28
-164.0	37
-163.0	29.5
-162.0	28
-161.0	29
-160.0	42
-159.0	44
-158.0	42
-157.0	27
-156.0	36.5
-155.0	42.5
-154.0	32
-153.0	32
-152.0	43.5
-151.0	33.5
-150.0	42
-149.0	34.5
-148.0	24
-147.0	32
-146.0	30
-145.0	40
-144.0	32
-143.0	46.5
-142.0	43.5
-141.0	30
-140.0	29
-139.0	39
-138.0	26.5
-137.0	33
-136.0	32
-135.0	36
-134.0	39
-133.0	36
-132.0	30
-131.0	47
-130.0	41
-129.0	42
-128.0	24
-127.0	36.5
-126.0	41.5
-125.0	29
-124.0	25
-123.0	39
-122.0	39
-121.0	36
-120.0	37
-119.0	31
-118.0	31
-117.0	33
-116.0	48
-115.0	29
-114.0	37
-113.0	43
-112.0	36
-111.0	32
-110.0	37
-109.0	35
-108.0	36.5
-107.0	33
-106.0	41
-105.0	40.5
-104.0	40.5
-103.0	39.5
-102.0	36
-101.0	27
-100.0	37.5
 -99.0	41
 -98.0	37
 -97.0	40
 -96.0	35
 -95.0	34
 -94.0	53
 -93.0	42
 -92.0	44
 -91.0	30
 -90.0	33
 -89.0	46
 -88.0	29
 -87.0	31
 -86.0	36
 -85.0	40
 -84.0	37.5
 -83.0	38.5
 -82.0	39.5
 -81.0	35
 -80.0	43.5
 -79.0	43.5
 -78.0	43
 -77.0	38
 -76.0	28.5
 -75.0	31
 -74.0	33
 -73.0	34
 -72.0	40
 -71.0	42
 -70.0	33.5
 -69.0	42
 -68.0	38.5
 -67.0	38.5
 -66.0	28
 -65.0	39
 -64.0	45.5
 -63.0	42
 -62.0	40
 -61.0	37
 -60.0	41
 -59.0	40
 -58.0	40.5
 -57.0	46.5
 -56.0	38
 -55.0	40
 -54.0	41
 -53.0	42.5
 -52.0	41
 -51.0	45
 -50.0	37.5
 -49.0	31.5
 -48.0	36
 -47.0	30
 -46.0	45.5
 -45.0	39
 -44.0	38
 -43.0	45
 -42.0	31
 -41.0	35.5
 -40.0	42.5
 -39.0	40
 -38.0	43
 -37.0	47
 -36.0	36
 -35.0	33
 -34.0	40.5
 -33.0	35
 -32.0	36.5
 -31.0	43
 -30.0	52
 -29.0	36
 -28.0	32
 -27.0	39
 -26.0	38
 -25.0	35
 -24.0	48
 -23.0	34
 -22.0	40
 -21.0	35
 -20.0	45
 -19.0	40
 -18.0	32
 -17.0	50
 -16.0	37
 -15.0	32
 -14.0	32
 -13.0	40
 -12.0	44
 -11.0	33
 -10.0	35
  -9.0	41
  -8.0	32.5
  -7.0	35
  -6.0	41
  -5.0	30
  -4.0	32
  -3.0	44.5
  -2.0	38.5
  -1.0	31
   0.0	33
   1.0	36
   2.0	36
   3.0	31
   4.0	28.5
   5.0	41
   6.0	28
   7.0	40.5
   8.0	34
   9.0	38
  10.0	39
  11.0	39.5
  12.0	31
  13.0	38.5
  14.0	49
  15.0	39.5
  16.0	37
  17.0	27
  18.0	42.5
  19.0	30
  20.0	35
  21.0	38
  22.0	46
  23.0	49.5
  24.0	34
  25.0	34
  26.0	34
  27.0	35
  28.0	38
  29.0	41
  30.0	37
  31.0	48
  32.0	52.5
  33.0	41
  34.0	33
  35.0	40
  36.0	33
  37.0	45
  38.0	47
  39.0	31
  40.0	42
  41.0	42
  42.0	34
  43.0	44
  44.0	46
  45.0	43
  46.0	31.5
  47.0	46
  48.0	44
  49.0	39.5
  50.0	34
  51.0	41
  52.0	47
  53.0	37.5
  54.0	28
  55.0	36
  56.0	32
  57.0	39.5
  58.0	31
  59.0	47
  60.0	42
  61.0	35
  62.0	44
  63.0	37
  64.0	35.5
  65.0	41
  66.0	35.5
  67.0	53
  68.0	34.5
  69.0	39.5
  70.0	42
  71.0	45.25
  72.0	23
  73.0	30.5
  74.0	44
  75.0	45
  76.0	47
  77.0	41.5
  78.0	38
  79.0	48
  80.0	32
  81.0	33
  82.0	41
  83.0	26
  84.0	37
  85.0	29
  86.0	31
  87.0	29.5
  88.0	38.25
  89.0	39.5
  90.0	38
  91.0	36
  92.0	41
  93.0	41.5
  94.0	43
  95.0	27.5
  96.0	43
  97.0	33
  98.0	34
  99.0	32
 100.0	34.5
 101.0	34.5
 102.0	40
 103.0	47
 104.0	23.5
 105.0	39.5
 106.0	39.25
 107.0	29
 108.0	29.5
 109.0	32
 110.0	38
 111.0	41
 112.0	40
 113.0	45
 114.0	38
 115.0	31
 116.0	39
 117.0	41
 118.0	46
 119.0	35.5
 120.0	41.5
 121.0	31
 122.0	38
 123.0	41.5
 124.0	39.25
 125.0	41
 126.0	25.5
 127.0	31.5
 128.0	38.5
 129.0	39
 130.0	24.5
 131.0	26
 132.0	31
 133.0	40
 134.0	33
 135.0	29
 136.0	32
 137.0	39
 138.0	39
 139.0	35
 140.0	44
 141.0	44
 142.0	29
 143.0	31
 144.0	38
 145.0	36.5
 146.0	34
 147.0	37
 148.0	41
 149.0	42
 150.0	38
 151.0	39
 152.0	38
 153.0	37
 154.0	27.5
 155.0	23
 156.0	32
 157.0	42
 158.0	33
 159.0	30
 160.0	35
 161.0	34.5
 162.0	43
 163.0	30
 164.0	31
 165.0	33
 166.0	36
 167.0	36
 168.0	32
 169.0	35
 170.0	31
 171.0	34
 172.0	40
 173.0	31
 174.0	24.5
 175.0	39
 176.0	38
 177.0	31.5
 178.0	42
 179.0	41
 180.0	36.5
 181.0	40
 182.0	25.5
 183.0	38
 184.0	30
 185.0	28.5
 186.0	35
 187.0	35
 188.0	37
 189.0	30
 190.0	30
 191.0	33
 192.0	41
 193.0	37
 194.0	35
 195.0	27
 196.0	32
 197.0	46
 198.0	30
 199.0	27
 200.0	23.5
 201.0	29.5
 202.0	26
 203.0	34
 204.0	29
 205.0	32.5
 206.0	30
 207.0	31
 208.0	37.5
 209.0	35.5
 210.0	34
 211.0	23
 212.0	33
 213.0	35.5
 214.0	32
 215.0	37
 216.0	33
 217.0	40.5
 218.0	33
 219.0	39
 220.0	32
 221.0	33.5
 222.0	28.5
 223.0	33.5
 224.0	26
 225.0	27
 226.0	32.5
 227.0	43
 228.0	27.5
 229.0	42
