DB 0 MOTIF	TGTGTRTGTGTGTGT	MEME-1
-167.5	3.08333
-166.5	6.83333
-165.5	6.28333
-164.5	8.7
-163.5	7.45
-162.5	8.03333
-161.5	5.95
-160.5	6.5
-159.5	2.16667
-158.5	6.5
-157.5	10
-156.5	0.5
-155.5	5.03125
-154.5	5.16667
-153.5	10.2312
-152.5	3.80952
-151.5	4.03125
-150.5	9.80952
-149.5	4.36458
-148.5	5.64286
-147.5	2.36458
-146.5	8.61905
-145.5	4.36458
-144.5	5.34286
-143.5	6.03125
-142.5	3.91978
-141.5	5.53125
-140.5	5.58645
-139.5	6.36458
-138.5	3.49622
-137.5	6.2
-136.5	9.69622
-135.5	7.03333
-134.5	8.49622
-133.5	5.3
-132.5	6.55263
-131.5	4.1
-130.5	5.38596
-129.5	3.19091
-128.5	4.01096
-127.5	6.19091
-126.5	5.92763
-125.5	2.19091
-124.5	8.17763
-123.5	11.1909
-122.5	6.51096
-121.5	4.89091
-120.5	4.92763
-119.5	5.72216
-118.5	4.8443
-117.5	3.44091
-116.5	7.625
-115.5	4.69091
-114.5	3.20833
-113.5	9.0671
-112.5	6.33333
-111.5	7.42424
-110.5	11.5
-109.5	6.40758
-108.5	7.75
-107.5	3.15
-106.5	6.25
-105.5	8.15
-104.5	5.25
-103.5	5.65
-102.5	7.625
-101.5	3.15
-100.5	5.5
 -99.5	6.71458
 -98.5	5.5
 -97.5	5.29792
 -96.5	7.16667
 -95.5	3.79792
 -94.5	3.71014
 -93.5	4.92292
 -92.5	6.21014
 -91.5	5.67292
 -90.5	5.46411
 -89.5	6.63363
 -88.5	4.86888
 -87.5	8.49077
 -86.5	3.53554
 -85.5	3.24077
 -84.5	2.86888
 -83.5	7.34792
 -82.5	3.33713
 -81.5	10.9352
 -80.5	4.33713
 -79.5	7.53522
 -78.5	3.4663
 -77.5	4.78522
 -76.5	9.42282
 -75.5	5.41022
 -74.5	8.48948
 -73.5	3.79911
 -72.5	5.76726
 -71.5	6.63244
 -70.5	13.2673
 -69.5	10.9658
 -68.5	8.18393
 -67.5	8.98958
 -66.5	9.82679
 -65.5	10.2674
 -64.5	11.1601
 -63.5	9.14236
 -62.5	3.59345
 -61.5	10.7257
 -60.5	7.63313
 -59.5	13.2257
 -58.5	2.63313
 -57.5	4.15903
 -56.5	7.50536
 -55.5	5.71111
 -54.5	8.50536
 -53.5	5.91111
 -52.5	2.3625
 -51.5	11.8278
 -50.5	5.88194
 -49.5	5.40668
 -48.5	5.0375
 -47.5	5.24001
 -46.5	8.725
 -45.5	7.11144
 -44.5	10.775
 -43.5	7.46699
 -42.5	8.19167
 -41.5	6.63366
 -40.5	6.35833
 -39.5	9.63366
 -38.5	6.10833
 -37.5	8.60509
 -36.5	10.525
 -35.5	6.08128
 -34.5	5.65
 -33.5	9.02176
 -32.5	4.90556
 -31.5	3.19636
 -30.5	5.74286
 -29.5	7.69636
 -28.5	5.37619
 -27.5	5.60545
 -26.5	9.14286
 -25.5	3.60545
 -24.5	10.1567
 -23.5	6.52926
 -22.5	7.12897
 -21.5	7.60069
 -20.5	7.57341
 -19.5	3.02493
 -18.5	4.91613
 -17.5	8.76624
 -16.5	6.03085
 -15.5	8.55513
 -14.5	6.28843
 -13.5	6.88847
 -12.5	8.28843
 -11.5	4.63132
 -10.5	6.20509
  -9.5	3.61906
  -8.5	6.70509
  -7.5	5.39684
  -6.5	6.25271
  -5.5	8.7135
  -4.5	9.16938
  -3.5	5.9635
  -2.5	4.65271
  -1.5	5.88017
  -0.5	8.31938
   0.5	5.1635
   1.5	7.26938
   2.5	9.49521
   3.5	4.54514
   4.5	6.07214
   5.5	8.57923
   6.5	14.225
   7.5	4.02929
   8.5	15.4207
   9.5	9.0381
  10.5	11.2123
  11.5	6.59365
  12.5	6.12144
  13.5	7.0381
  14.5	6.13811
  15.5	4.97143
  16.5	6.98096
  17.5	4.54835
  18.5	5.37977
  19.5	2.96502
  20.5	4.30755
  21.5	7.20192
  22.5	8.35914
  23.5	2.57692
  24.5	8.90914
  25.5	5.07692
  26.5	1.98414
  27.5	7.57692
  28.5	8.69323
  29.5	5.07692
  30.5	3.5254
  31.5	7.07692
  32.5	3.5254
  33.5	5.16234
  34.5	5.33297
  35.5	8.41234
  36.5	3.83297
  37.5	8.49567
  38.5	7.74964
  39.5	9.36234
  40.5	9.13853
  41.5	6.979
  42.5	5.41631
  43.5	4.64567
  44.5	5.48611
  45.5	4.80476
  46.5	4.73611
  47.5	3.55476
  48.5	6.06111
  49.5	5.35476
  50.5	4.61111
  51.5	9.02143
  52.5	4.61111
  53.5	10.9659
  54.5	5.92361
  55.5	7.29921
  56.5	9.86165
  57.5	3.74365
  58.5	8.61165
  59.5	6.97698
  60.5	10.0184
  61.5	9.88175
  62.5	4.60172
  63.5	8.13175
  64.5	6.03625
  65.5	5.21905
  66.5	6.5918
  67.5	3.82619
  68.5	3.38228
  69.5	6.49286
  70.5	7.66561
  71.5	6.24167
  72.5	6.68942
  73.5	7.81859
  74.5	3.76635
  75.5	5.66859
  76.5	7.19968
  77.5	6.87692
  78.5	4.26635
  79.5	6.86859
  80.5	5.76635
  81.5	5.1797
  82.5	1.68942
  83.5	9.84637
  84.5	5.68526
  85.5	5.91303
  86.5	9.4375
  87.5	2.90119
  88.5	1.5875
  89.5	4.80119
  90.5	3.9875
  91.5	4.99167
  92.5	6.7375
  93.5	8.19167
  94.5	5.6125
  95.5	5.825
  96.5	6.9125
  97.5	5.25
  98.5	5.4125
  99.5	3.25
 100.5	1.99583
 101.5	4.25
 102.5	4.9125
 103.5	7.75
 104.5	8.02083
 105.5	3.91667
 106.5	4.1875
 107.5	6.39286
 108.5	5.1875
 109.5	3.91667
 110.5	1.1875
 111.5	4.5
 112.5	9.3125
 113.5	2.41667
 114.5	5.14583
 115.5	1.08333
 116.5	4.08333
 117.5	7.41667
 118.5	3.75
 119.5	8.25
 120.5	5.41667
 121.5	6.08333
 122.5	9.33333
 123.5	3.58333
 124.5	3.85
 125.5	5.66667
 126.5	4.58333
 127.5	4.5
 128.5	7.58333
 129.5	4.5
 130.5	4.66667
 131.5	9.83333
 132.5	1.16667
 133.5	3.25
 134.5	5.41667
 135.5	3.25
 136.5	7.16667
 137.5	7.07143
 138.5	9.66667
 139.5	4.07143
 140.5	3.66667
 141.5	6.07143
 142.5	4.52778
 143.5	3.5254
 144.5	4.03889
 145.5	5.04921
 146.5	5.95556
 147.5	2.04921
 148.5	4.28889
 149.5	5.51587
 150.5	6.28889
 151.5	2.40476
 152.5	0.230409
 153.5	3.7381
 154.5	3.43041
 155.5	4.7381
 156.5	4.69708
 157.5	6.57143
 158.5	4.69708
 159.5	6.2381
 160.5	6.69708
 161.5	3.57143
 162.5	4.75263
 163.5	2.07143
 164.5	4.38596
 165.5	8.5
 166.5	6.55263
 167.5	3
DB 0 MOTIF	TGTGTGTATGTGTGT	MEME-2
-167.5	0.5
-166.5	0.47619
-165.5	0
-164.5	3.30952
-163.5	0.333333
-162.5	0.47619
-161.5	1.25
-160.5	2.67619
-159.5	1.5
-158.5	0.733333
-157.5	0.25
-156.5	1.6
-155.5	2.03125
-154.5	0.166667
-153.5	1.03125
-152.5	0.366667
-151.5	1.53125
-150.5	0.566667
-149.5	2.06458
-148.5	1.16667
-147.5	2.06458
-146.5	0
-145.5	1.23125
-144.5	0.45
-143.5	0.03125
-142.5	1.94359
-141.5	1.03125
-140.5	2.94359
-139.5	1.53125
-138.5	1.49622
-137.5	5
-136.5	4.13908
-135.5	0
-134.5	1.29622
-133.5	0.35
-132.5	2.2193
-131.5	3.1
-130.5	0.0526316
-129.5	1.1
-128.5	1.67763
-127.5	0.933333
-126.5	4.67763
-125.5	0.3
-124.5	1.5443
-123.5	0.433333
-122.5	1.51096
-121.5	1.35
-120.5	0.910965
-119.5	0.13125
-118.5	0.177632
-117.5	1.6
-116.5	1.125
-115.5	0.242857
-114.5	6.625
-113.5	2.08333
-112.5	1.06667
-111.5	0.583333
-110.5	3.26667
-109.5	1.15
-108.5	0.2
-107.5	2.51667
-106.5	1.7
-105.5	0.65
-104.5	2.2
-103.5	0.65
-102.5	1.56667
-101.5	1.65
-100.5	0
 -99.5	4.68125
 -98.5	0
 -97.5	0.764583
 -96.5	2.58333
 -95.5	0.0979167
 -94.5	2.21014
 -93.5	0.709028
 -92.5	1.83514
 -91.5	1.20903
 -90.5	0.571256
 -89.5	1.59792
 -88.5	2.39268
 -87.5	1.46458
 -86.5	2.53554
 -85.5	2.57411
 -84.5	1.22602
 -83.5	2.70903
 -82.5	1.32602
 -81.5	0.740774
 -80.5	1.55935
 -79.5	0.50744
 -78.5	1.85518
 -77.5	3.37411
 -76.5	2.31171
 -75.5	3.26141
 -74.5	3.37837
 -73.5	1.87808
 -72.5	1.33393
 -71.5	1.28522
 -70.5	1.89226
 -69.5	1.45188
 -68.5	4.01726
 -67.5	2.30903
 -66.5	1.64226
 -65.5	3.063
 -64.5	2.45893
 -63.5	0.868552
 -62.5	4.1756
 -61.5	3.30903
 -60.5	1.00417
 -59.5	2.97569
 -58.5	0.754167
 -57.5	2.47569
 -56.5	1.37639
 -55.5	2.11111
 -54.5	2.37639
 -53.5	1.69444
 -52.5	0.251389
 -51.5	0.277778
 -50.5	1.94583
 -49.5	3.32334
 -48.5	2.64702
 -47.5	0.823344
 -46.5	1.06667
 -45.5	3.89477
 -44.5	7.15
 -43.5	0.866995
 -42.5	3.06667
 -41.5	2.73366
 -40.5	4.12619
 -39.5	1.36699
 -38.5	3.62619
 -37.5	2.33128
 -36.5	3.37619
 -35.5	1.60509
 -34.5	2.97619
 -33.5	1.43842
 -32.5	2.29841
 -31.5	0.636836
 -30.5	2.10794
 -29.5	1.33684
 -28.5	2.68175
 -27.5	0.462593
 -26.5	2.74127
 -25.5	0.462593
 -24.5	4.29841
 -23.5	1.60426
 -22.5	2.75397
 -21.5	3.60069
 -20.5	5.78175
 -19.5	2.53445
 -18.5	2.8328
 -17.5	3.34958
 -16.5	2.69752
 -15.5	0.555134
 -14.5	5.95509
 -13.5	1.69799
 -12.5	4.87176
 -11.5	2.20557
 -10.5	1.37176
  -9.5	4.02663
  -8.5	2.70509
  -7.5	5.97108
  -6.5	0.847952
  -5.5	3.53775
  -4.5	3.01462
  -3.5	3.6806
  -2.5	2.58128
  -1.5	1.03775
  -0.5	0.997952
   0.5	3.12108
   1.5	3.11462
   2.5	5.03612
   3.5	1.27371
   4.5	4.27971
   5.5	1.59947
   6.5	4.06586
   7.5	3.04238
   8.5	2.59644
   9.5	3.43333
  10.5	3.98811
  11.5	3.52222
  12.5	3.92339
  13.5	2.13333
  14.5	5.05477
  15.5	1.06667
  16.5	2.16386
  17.5	1.14359
  18.5	1.03886
  19.5	1.64359
  20.5	1.79998
  21.5	0.910256
  22.5	5.60156
  23.5	1.07692
  24.5	2.65156
  25.5	0.576923
  26.5	2.52656
  27.5	1.07692
  28.5	1.76899
  29.5	3.74359
  30.5	1.55873
  31.5	3.57692
  32.5	0.692063
  33.5	0.638095
  34.5	0.65873
  35.5	3.07143
  36.5	1.15873
  37.5	0.464286
  38.5	1.49206
  39.5	2.77143
  40.5	2.54762
  41.5	0.888095
  42.5	0.242063
  43.5	1.72143
  44.5	4.48611
  45.5	1.8881
  46.5	0.986111
  47.5	3.55476
  48.5	0.361111
  49.5	1.35476
  50.5	0.753968
  51.5	1.85476
  52.5	0.611111
  53.5	1.46587
  54.5	1.67361
  55.5	3.29921
  56.5	4.15887
  57.5	2.79921
  58.5	1.83387
  59.5	2.36587
  60.5	1.10728
  61.5	1.79444
  62.5	0.764423
  63.5	0.294444
  64.5	2.30609
  65.5	1.18333
  66.5	1.38942
  67.5	0.57619
  68.5	2.47276
  69.5	2.35
  70.5	1.83942
  71.5	0.283333
  72.5	1.71442
  73.5	3.36667
  74.5	2.75609
  75.5	1.36667
  76.5	2.08942
  77.5	3.3
  78.5	1.42276
  79.5	0.4
  80.5	2.38942
  81.5	2.37778
  82.5	0.3125
  83.5	0.961111
  84.5	2.16667
  85.5	3.37778
  86.5	1.5125
  87.5	1.46667
  88.5	0.2625
  89.5	1.53333
  90.5	1.2625
  91.5	0.866667
  92.5	1.9625
  93.5	2.36667
  94.5	2.59583
  95.5	4.99167
  96.5	1.3125
  97.5	3.125
  98.5	0.3125
  99.5	2.125
 100.5	0.645833
 101.5	1.85119
 102.5	1.64583
 103.5	1.125
 104.5	1.5625
 105.5	3.625
 106.5	0.395833
 107.5	2.625
 108.5	0.0625
 109.5	1.625
 110.5	1.5625
 111.5	1
 112.5	0.0625
 113.5	1
 114.5	1.64583
 115.5	3.30952
 116.5	0.5
 117.5	1.06667
 118.5	0.5
 119.5	0.25
 120.5	1.5
 121.5	2
 122.5	0.25
 123.5	0.5
 124.5	0.85
 125.5	3.5
 126.5	1.41667
 127.5	1.16667
 128.5	0.75
 129.5	1
 130.5	1.5
 131.5	1.64286
 132.5	3.83333
 133.5	1.5
 134.5	1.08333
 135.5	0.25
 136.5	1.41667
 137.5	0.904762
 138.5	1
 139.5	0.571429
 140.5	0.166667
 141.5	0.404762
 142.5	1.5
 143.5	0.271429
 144.5	0.761111
 145.5	0.604762
 146.5	1.17778
 147.5	0.271429
 148.5	1.17778
 149.5	1.7381
 150.5	1.17778
 151.5	1.2381
 152.5	0.730409
 153.5	0.714286
 154.5	4.43041
 155.5	0.571429
 156.5	4.16374
 157.5	1.07143
 158.5	0.697076
 159.5	0.554762
 160.5	0.163743
 161.5	1.40476
 162.5	1.05263
 163.5	0.0714286
 164.5	0.0526316
 165.5	1.83333
 166.5	0.177632
 167.5	2.56667
DB 1 MOTIF	6-AGYAAACAH	STREME-6
-170.5	3.33333
-169.5	8
-168.5	5
-167.5	5
-166.5	2
-165.5	4
-164.5	7
-163.5	10
-162.5	3
-161.5	7
-160.5	5
-159.5	4
-158.5	8.5
-157.5	5
-156.5	2
-155.5	7
-154.5	8
-153.5	7
-152.5	4.5
-151.5	2
-150.5	7
-149.5	5
-148.5	9
-147.5	4.5
-146.5	2
-145.5	6
-144.5	5
-143.5	7.83333
-142.5	4.16667
-141.5	7
-140.5	2
-139.5	2
-138.5	2
-137.5	8
-136.5	8.16667
-135.5	3
-134.5	8
-133.5	5
-132.5	7.83333
-131.5	10
-130.5	10.25
-129.5	6.16667
-128.5	8
-127.5	8
-126.5	3.33333
-125.5	9
-124.5	8
-123.5	5
-122.5	7.5
-121.5	3
-120.5	6
-119.5	5
-118.5	2.5
-117.5	6
-116.5	3.45
-115.5	3
-114.5	4
-113.5	6
-112.5	6.5
-111.5	3
-110.5	13.3333
-109.5	7
-108.5	8.5
-107.5	8.33333
-106.5	4
-105.5	6
-104.5	6.5
-103.5	4
-102.5	7
-101.5	7
-100.5	9
 -99.5	7
 -98.5	6
 -97.5	4
 -96.5	7.5
 -95.5	8
 -94.5	5
 -93.5	6
 -92.5	9
 -91.5	5
 -90.5	7.5
 -89.5	12
 -88.5	5.16667
 -87.5	8
 -86.5	8
 -85.5	8
 -84.5	10
 -83.5	6
 -82.5	3
 -81.5	4.5
 -80.5	8.5
 -79.5	8.5
 -78.5	5.5
 -77.5	11
 -76.5	7
 -75.5	13.5
 -74.5	7
 -73.5	8
 -72.5	6.5
 -71.5	11
 -70.5	10.1667
 -69.5	8
 -68.5	5
 -67.5	8
 -66.5	9
 -65.5	3.33333
 -64.5	11
 -63.5	9.5
 -62.5	10
 -61.5	8.5
 -60.5	11.5
 -59.5	11.5
 -58.5	3
 -57.5	8.33333
 -56.5	6.5
 -55.5	8.5
 -54.5	8
 -53.5	9.66667
 -52.5	15
 -51.5	9
 -50.5	4.36667
 -49.5	9
 -48.5	4
 -47.5	6
 -46.5	4.5
 -45.5	6.83333
 -44.5	6
 -43.5	6
 -42.5	9
 -41.5	8
 -40.5	10
 -39.5	8
 -38.5	10.5
 -37.5	7.5
 -36.5	5.25
 -35.5	7
 -34.5	11
 -33.5	3.5
 -32.5	6.5
 -31.5	8
 -30.5	10
 -29.5	12.5
 -28.5	9.5
 -27.5	2.5
 -26.5	4
 -25.5	9
 -24.5	19
 -23.5	8
 -22.5	5
 -21.5	10.5
 -20.5	14
 -19.5	7.16667
 -18.5	7
 -17.5	6.5
 -16.5	6.83333
 -15.5	7.5
 -14.5	15
 -13.5	9
 -12.5	10.3333
 -11.5	7
 -10.5	5
  -9.5	8
  -8.5	8.53333
  -7.5	3.5
  -6.5	6.66667
  -5.5	13
  -4.5	4.7
  -3.5	11.3333
  -2.5	7.41667
  -1.5	7.5
  -0.5	14.2
   0.5	6
   1.5	17.25
   2.5	6.5
   3.5	11.5
   4.5	6.5
   5.5	6.5
   6.5	9
   7.5	5
   8.5	3
   9.5	8.33333
  10.5	11
  11.5	6
  12.5	6
  13.5	8.25
  14.5	8.5
  15.5	8
  16.5	7
  17.5	10.25
  18.5	7
  19.5	5.5
  20.5	5
  21.5	9.5
  22.5	7
  23.5	8
  24.5	4.5
  25.5	9
  26.5	6.33333
  27.5	7.25
  28.5	4.2
  29.5	6.5
  30.5	8
  31.5	4
  32.5	5.2
  33.5	9.33333
  34.5	5
  35.5	8.5
  36.5	4
  37.5	9
  38.5	3
  39.5	8.83333
  40.5	9
  41.5	11.3333
  42.5	12.3333
  43.5	9.66667
  44.5	10
  45.5	6.16667
  46.5	10.3333
  47.5	10.1667
  48.5	8
  49.5	5
  50.5	6.33333
  51.5	8
  52.5	3.5
  53.5	8.7
  54.5	7
  55.5	7.5
  56.5	5
  57.5	7.83333
  58.5	4.5
  59.5	3
  60.5	5
  61.5	7.5
  62.5	8
  63.5	6.5
  64.5	8.5
  65.5	5
  66.5	6.33333
  67.5	7.5
  68.5	3
  69.5	4
  70.5	12
  71.5	5.5
  72.5	5
  73.5	8
  74.5	2
  75.5	7.16667
  76.5	10
  77.5	6.5
  78.5	8
  79.5	7
  80.5	3
  81.5	4
  82.5	7
  83.5	4
  84.5	8
  85.5	1
  86.5	7
  87.5	5
  88.5	7
  89.5	5
  90.5	6
  91.5	3
  92.5	7
  93.5	3
  94.5	6
  95.5	5
  96.5	8
  97.5	6
  98.5	4
  99.5	3
 100.5	7
 101.5	7.4
 102.5	6.11111
 103.5	4.7
 104.5	5.33333
 105.5	6.9
 106.5	4.11111
 107.5	5.5
 108.5	7
 109.5	4.86667
 110.5	9.33333
 111.5	4
 112.5	6
 113.5	6.2
 114.5	5
 115.5	6.31111
 116.5	6
 117.5	8.2
 118.5	7.5
 119.5	4.31111
 120.5	4.5
 121.5	6
 122.5	3
 123.5	9.51111
 124.5	7
 125.5	3
 126.5	8
 127.5	6.61111
 128.5	3
 129.5	3
 130.5	10
 131.5	5.61111
 132.5	5
 133.5	3
 134.5	8.5
 135.5	4.11111
 136.5	3
 137.5	4.75
 138.5	6
 139.5	4.27778
 140.5	11.5
 141.5	6.25
 142.5	1
 143.5	7
 144.5	3.83333
 145.5	3.91667
 146.5	3
 147.5	6
 148.5	5.83333
 149.5	7.25
 150.5	5.5
 151.5	7
 152.5	7.5
 153.5	7
 154.5	3
 155.5	6
 156.5	4.5
 157.5	3
 158.5	3
 159.5	5
 160.5	4
 161.5	7
 162.5	8
 163.5	6
 164.5	5
 165.5	3
 166.5	4
 167.5	2
 168.5	9
 169.5	8.16667
 170.5	1
DB 1 MOTIF	11-AGTTCAAAG	STREME-11
-170.5	8
-169.5	8
-168.5	8
-167.5	5
-166.5	8
-165.5	4
-164.5	5.33333
-163.5	8.5
-162.5	3.5
-161.5	6.25
-160.5	8.83333
-159.5	6
-158.5	4
-157.5	5
-156.5	5
-155.5	9
-154.5	8.58333
-153.5	4
-152.5	9
-151.5	5
-150.5	8
-149.5	3
-148.5	6
-147.5	2
-146.5	5
-145.5	5
-144.5	5.25
-143.5	5
-142.5	5
-141.5	2
-140.5	5
-139.5	6
-138.5	8.33333
-137.5	6.75
-136.5	6
-135.5	5
-134.5	3
-133.5	7
-132.5	8
-131.5	3
-130.5	10
-129.5	4
-128.5	7.5
-127.5	9
-126.5	10
-125.5	5
-124.5	6
-123.5	5
-122.5	5
-121.5	5
-120.5	6
-119.5	6.25
-118.5	4
-117.5	3
-116.5	3
-115.5	12
-114.5	6
-113.5	5
-112.5	5
-111.5	5
-110.5	6
-109.5	10
-108.5	10
-107.5	5.25
-106.5	9
-105.5	6
-104.5	3
-103.5	5
-102.5	6
-101.5	4
-100.5	12
 -99.5	6
 -98.5	7.33333
 -97.5	4
 -96.5	5.5
 -95.5	8.5
 -94.5	2.33333
 -93.5	5
 -92.5	4
 -91.5	6
 -90.5	1.5
 -89.5	7
 -88.5	8
 -87.5	6.5
 -86.5	9
 -85.5	5.5
 -84.5	6
 -83.5	9
 -82.5	6
 -81.5	8.5
 -80.5	6
 -79.5	9.5
 -78.5	5
 -77.5	5.5
 -76.5	9
 -75.5	7
 -74.5	5.5
 -73.5	8.83333
 -72.5	8.5
 -71.5	6
 -70.5	11
 -69.5	6
 -68.5	3.5
 -67.5	3
 -66.5	6
 -65.5	7
 -64.5	6
 -63.5	12.5
 -62.5	5
 -61.5	5
 -60.5	9
 -59.5	11
 -58.5	5
 -57.5	4
 -56.5	9.5
 -55.5	7.5
 -54.5	3
 -53.5	5
 -52.5	3
 -51.5	9.16667
 -50.5	10.25
 -49.5	9.83333
 -48.5	8.5
 -47.5	12.25
 -46.5	8.5
 -45.5	7
 -44.5	13
 -43.5	14
 -42.5	9
 -41.5	9.5
 -40.5	5
 -39.5	7
 -38.5	6
 -37.5	7.83333
 -36.5	5
 -35.5	7
 -34.5	8.66667
 -33.5	11.3333
 -32.5	13
 -31.5	9
 -30.5	5
 -29.5	8.5
 -28.5	7
 -27.5	6
 -26.5	7
 -25.5	9.5
 -24.5	8
 -23.5	8
 -22.5	5
 -21.5	7
 -20.5	9
 -19.5	7.5
 -18.5	6
 -17.5	5.66667
 -16.5	4.5
 -15.5	7.25
 -14.5	2
 -13.5	5
 -12.5	5.5
 -11.5	3
 -10.5	7
  -9.5	8
  -8.5	7
  -7.5	8
  -6.5	10
  -5.5	6.33333
  -4.5	9
  -3.5	7
  -2.5	5.5
  -1.5	7
  -0.5	8.16667
   0.5	13
   1.5	9.25
   2.5	8.5
   3.5	8
   4.5	5
   5.5	9
   6.5	4
   7.5	8.16667
   8.5	6
   9.5	10
  10.5	5
  11.5	7
  12.5	10.25
  13.5	6.33333
  14.5	13.25
  15.5	13
  16.5	7.66667
  17.5	6
  18.5	8
  19.5	9
  20.5	6
  21.5	8
  22.5	14
  23.5	9
  24.5	12.8333
  25.5	10.5
  26.5	11
  27.5	1
  28.5	7
  29.5	10.5
  30.5	4
  31.5	6
  32.5	11
  33.5	9.16667
  34.5	5
  35.5	9.5
  36.5	12
  37.5	4
  38.5	7.5
  39.5	9
  40.5	7.83333
  41.5	9.33333
  42.5	3
  43.5	12
  44.5	5.5
  45.5	7
  46.5	7.5
  47.5	8
  48.5	5
  49.5	7
  50.5	9
  51.5	7
  52.5	9
  53.5	14
  54.5	8.5
  55.5	6.5
  56.5	11
  57.5	7
  58.5	9.5
  59.5	6
  60.5	9
  61.5	7
  62.5	9
  63.5	1
  64.5	3
  65.5	8.33333
  66.5	9
  67.5	5
  68.5	8
  69.5	7.5
  70.5	2.5
  71.5	5
  72.5	8.25
  73.5	3
  74.5	11
  75.5	6
  76.5	7.5
  77.5	3
  78.5	8
  79.5	7.5
  80.5	5
  81.5	6.5
  82.5	6.25
  83.5	5
  84.5	3
  85.5	6
  86.5	7.33333
  87.5	4
  88.5	5
  89.5	5.5
  90.5	6
  91.5	7
  92.5	8
  93.5	1
  94.5	5
  95.5	6
  96.5	6
  97.5	2
  98.5	6.5
  99.5	9
 100.5	9
 101.5	12
 102.5	6
 103.5	4
 104.5	5
 105.5	6
 106.5	6
 107.5	11
 108.5	5
 109.5	8.5
 110.5	8
 111.5	4
 112.5	4
 113.5	3
 114.5	3
 115.5	7.83333
 116.5	11
 117.5	4
 118.5	4
 119.5	7
 120.5	1
 121.5	5
 122.5	7
 123.5	9
 124.5	5
 125.5	4
 126.5	8
 127.5	3
 128.5	9
 129.5	5.25
 130.5	8
 131.5	2
 132.5	7
 133.5	5
 134.5	10
 135.5	2
 136.5	3.5
 137.5	8
 138.5	4
 139.5	8
 140.5	2
 141.5	2
 142.5	7
 143.5	3
 144.5	3
 145.5	1
 146.5	6
 147.5	3
 148.5	4
 149.5	4.5
 150.5	1
 151.5	6
 152.5	2
 153.5	2
 154.5	5
 155.5	6
 156.5	8.5
 157.5	6.25
 158.5	5.5
 159.5	5
 160.5	7
 161.5	6
 162.5	6
 163.5	2
 164.5	7
 165.5	8
 166.5	2
 167.5	3
 168.5	5
 169.5	7.33333
 170.5	8
DB 1 MOTIF	13-CCAAGGTCA	STREME-13
-170.5	6
-169.5	10
-168.5	7
-167.5	12
-166.5	9
-165.5	6
-164.5	8.1
-163.5	4
-162.5	8
-161.5	7
-160.5	8
-159.5	10
-158.5	7
-157.5	10
-156.5	7
-155.5	6.14286
-154.5	7.33333
-153.5	6.1
-152.5	7
-151.5	11
-150.5	3.5
-149.5	6
-148.5	5.5
-147.5	6.5
-146.5	7.5
-145.5	8
-144.5	5
-143.5	6.5
-142.5	6.14286
-141.5	6.5
-140.5	10.5
-139.5	4
-138.5	10
-137.5	7
-136.5	5.93333
-135.5	10
-134.5	4
-133.5	10.5
-132.5	7
-131.5	10
-130.5	6
-129.5	6
-128.5	9
-127.5	11
-126.5	9
-125.5	3
-124.5	7
-123.5	6.5
-122.5	12
-121.5	11
-120.5	8
-119.5	9.24286
-118.5	10
-117.5	8
-116.5	7.14286
-115.5	6.5
-114.5	9.5
-113.5	9
-112.5	11
-111.5	9
-110.5	11
-109.5	7
-108.5	9.5
-107.5	4
-106.5	6
-105.5	7.5
-104.5	1.5
-103.5	7.33333
-102.5	3.1
-101.5	6
-100.5	10
 -99.5	5
 -98.5	7
 -97.5	7
 -96.5	7
 -95.5	3
 -94.5	5.5
 -93.5	6.5
 -92.5	12
 -91.5	6
 -90.5	12.1429
 -89.5	4
 -88.5	6
 -87.5	7
 -86.5	7
 -85.5	3.5
 -84.5	5
 -83.5	6.5
 -82.5	8
 -81.5	9
 -80.5	8
 -79.5	7.1
 -78.5	10
 -77.5	10.1429
 -76.5	10
 -75.5	7
 -74.5	10.3333
 -73.5	1
 -72.5	6
 -71.5	6.5
 -70.5	8
 -69.5	6.5
 -68.5	4
 -67.5	8
 -66.5	6.25
 -65.5	7
 -64.5	6
 -63.5	9
 -62.5	8.5
 -61.5	7
 -60.5	8
 -59.5	7
 -58.5	7
 -57.5	5
 -56.5	6.1
 -55.5	7
 -54.5	7.33333
 -53.5	13
 -52.5	13
 -51.5	4
 -50.5	13.5
 -49.5	9.33333
 -48.5	15
 -47.5	9.5
 -46.5	8
 -45.5	6
 -44.5	6
 -43.5	6
 -42.5	3.5
 -41.5	14.5
 -40.5	16
 -39.5	8
 -38.5	6.39286
 -37.5	10.8333
 -36.5	5
 -35.5	15
 -34.5	6
 -33.5	5
 -32.5	10
 -31.5	6
 -30.5	7
 -29.5	9
 -28.5	7.25
 -27.5	10.5
 -26.5	6
 -25.5	11
 -24.5	10
 -23.5	13.1429
 -22.5	4
 -21.5	10
 -20.5	12
 -19.5	13
 -18.5	11
 -17.5	4
 -16.5	8.5
 -15.5	9.5
 -14.5	5
 -13.5	8
 -12.5	6
 -11.5	8
 -10.5	8.5
  -9.5	8
  -8.5	8
  -7.5	9
  -6.5	12.25
  -5.5	8
  -4.5	10
  -3.5	6
  -2.5	11
  -1.5	11
  -0.5	8
   0.5	1.14286
   1.5	12
   2.5	6
   3.5	14
   4.5	7.5
   5.5	8
   6.5	8.5
   7.5	12
   8.5	10
   9.5	9
  10.5	7.5
  11.5	11
  12.5	9
  13.5	8
  14.5	11.5
  15.5	11
  16.5	7.33333
  17.5	11
  18.5	8
  19.5	8
  20.5	9
  21.5	4.75
  22.5	6.5
  23.5	14.5
  24.5	15
  25.5	15
  26.5	7.5
  27.5	15.25
  28.5	7.5
  29.5	11.3333
  30.5	9.5
  31.5	4.5
  32.5	8
  33.5	3
  34.5	6
  35.5	10
  36.5	4
  37.5	5.33333
  38.5	13
  39.5	10
  40.5	4
  41.5	10
  42.5	6
  43.5	15.5
  44.5	8
  45.5	6
  46.5	5.5
  47.5	5.5
  48.5	7.5
  49.5	6
  50.5	8.1
  51.5	9.5
  52.5	9.5
  53.5	14
  54.5	7.5
  55.5	6.5
  56.5	16.5
  57.5	6
  58.5	11.5
  59.5	13
  60.5	3
  61.5	10
  62.5	7
  63.5	5.5
  64.5	3
  65.5	8
  66.5	3
  67.5	10
  68.5	5
  69.5	14
  70.5	9.5
  71.5	12.5
  72.5	8.14286
  73.5	10
  74.5	7
  75.5	13.5
  76.5	11
  77.5	4.5
  78.5	5
  79.5	9
  80.5	13
  81.5	6
  82.5	7.5
  83.5	9.5
  84.5	6
  85.5	9
  86.5	10
  87.5	16
  88.5	8.5
  89.5	8.5
  90.5	3
  91.5	6.14286
  92.5	4
  93.5	14
  94.5	9
  95.5	13
  96.5	4.83333
  97.5	9
  98.5	4
  99.5	8.5
 100.5	5.1
 101.5	5
 102.5	7.5
 103.5	9
 104.5	5
 105.5	9
 106.5	9.5
 107.5	5
 108.5	7
 109.5	7
 110.5	6
 111.5	6
 112.5	3
 113.5	9
 114.5	7.5
 115.5	4.14286
 116.5	10.25
 117.5	3
 118.5	8
 119.5	4
 120.5	9
 121.5	10
 122.5	3.5
 123.5	1
 124.5	6
 125.5	6
 126.5	12
 127.5	5
 128.5	3
 129.5	12
 130.5	8.25
 131.5	4
 132.5	6
 133.5	3
 134.5	4
 135.5	4
 136.5	1
 137.5	1
 138.5	8
 139.5	8.5
 140.5	4
 141.5	9
 142.5	7
 143.5	2
 144.5	5.14286
 145.5	4.6
 146.5	7.33333
 147.5	7.5
 148.5	9
 149.5	6
 150.5	9
 151.5	7
 152.5	12.5
 153.5	15
 154.5	6
 155.5	7
 156.5	9
 157.5	7
 158.5	7
 159.5	12.5
 160.5	7
 161.5	6
 162.5	10
 163.5	5.14286
 164.5	8
 165.5	6
 166.5	5
 167.5	9
 168.5	10
 169.5	9
 170.5	9
DB 1 MOTIF	18-CTTTGATC	STREME-18
-171.0	2
-170.0	5.25
-169.0	3
-168.0	5.5
-167.0	2.5
-166.0	2.75
-165.0	1
-164.0	2
-163.0	2
-162.0	1
-161.0	3
-160.0	3
-159.0	3
-158.0	0.5
-157.0	2
-156.0	1
-155.0	5.5
-154.0	1
-153.0	3
-152.0	5
-151.0	0
-150.0	6
-149.0	1.33333
-148.0	3.83333
-147.0	4
-146.0	0
-145.0	3.5
-144.0	3
-143.0	4
-142.0	2
-141.0	1.5
-140.0	2
-139.0	2
-138.0	0
-137.0	2
-136.0	3
-135.0	2
-134.0	2.5
-133.0	3
-132.0	6
-131.0	5.5
-130.0	4
-129.0	1
-128.0	4
-127.0	5.33333
-126.0	2
-125.0	2
-124.0	5.75
-123.0	3
-122.0	1
-121.0	1
-120.0	3.5
-119.0	3.5
-118.0	3
-117.0	4.5
-116.0	1.5
-115.0	3
-114.0	4
-113.0	3.5
-112.0	3.5
-111.0	4
-110.0	1
-109.0	5
-108.0	5.08333
-107.0	3
-106.0	3
-105.0	0
-104.0	1
-103.0	4
-102.0	0
-101.0	7.5
-100.0	6
 -99.0	3
 -98.0	1
 -97.0	3
 -96.0	8.5
 -95.0	2
 -94.0	1
 -93.0	0
 -92.0	3
 -91.0	4
 -90.0	4
 -89.0	3
 -88.0	6
 -87.0	1
 -86.0	4
 -85.0	3.5
 -84.0	3
 -83.0	5
 -82.0	3.75
 -81.0	2.5
 -80.0	5
 -79.0	2
 -78.0	3.5
 -77.0	4
 -76.0	5
 -75.0	1
 -74.0	4
 -73.0	5
 -72.0	2
 -71.0	2
 -70.0	4
 -69.0	4.5
 -68.0	2.83333
 -67.0	2
 -66.0	2.33333
 -65.0	0
 -64.0	5
 -63.0	3.5
 -62.0	5.25
 -61.0	1
 -60.0	3.5
 -59.0	10
 -58.0	4
 -57.0	1.5
 -56.0	4
 -55.0	3
 -54.0	1
 -53.0	4
 -52.0	2.5
 -51.0	6.5
 -50.0	6.5
 -49.0	5.5
 -48.0	8.33333
 -47.0	3
 -46.0	8
 -45.0	0
 -44.0	5
 -43.0	9
 -42.0	6.33333
 -41.0	4
 -40.0	4.25
 -39.0	0
 -38.0	3
 -37.0	4
 -36.0	3.33333
 -35.0	1
 -34.0	3
 -33.0	4
 -32.0	9
 -31.0	5.5
 -30.0	1
 -29.0	5.33333
 -28.0	6
 -27.0	5
 -26.0	6
 -25.0	8
 -24.0	0.5
 -23.0	1.5
 -22.0	5
 -21.0	5.75
 -20.0	4.33333
 -19.0	3.33333
 -18.0	0
 -17.0	4
 -16.0	4
 -15.0	3
 -14.0	3
 -13.0	4
 -12.0	2
 -11.0	3
 -10.0	8
  -9.0	3
  -8.0	5
  -7.0	5.16667
  -6.0	5
  -5.0	9
  -4.0	1
  -3.0	2.5
  -2.0	5.5
  -1.0	8
   0.0	5
   1.0	3
   2.0	1.33333
   3.0	6.5
   4.0	7
   5.0	5
   6.0	1
   7.0	2
   8.0	5
   9.0	2.5
  10.0	6.5
  11.0	5
  12.0	4
  13.0	1.33333
  14.0	3
  15.0	2
  16.0	2
  17.0	7
  18.0	4.33333
  19.0	5.75
  20.0	1.5
  21.0	2
  22.0	5
  23.0	3
  24.0	9.33333
  25.0	5.33333
  26.0	4.5
  27.0	3
  28.0	2
  29.0	3.83333
  30.0	5.5
  31.0	3
  32.0	3
  33.0	5.5
  34.0	4
  35.0	6.5
  36.0	3
  37.0	4
  38.0	1
  39.0	4
  40.0	2.5
  41.0	7.5
  42.0	2
  43.0	6.25
  44.0	5
  45.0	4
  46.0	4
  47.0	3.5
  48.0	5
  49.0	5
  50.0	4
  51.0	4
  52.0	3
  53.0	4.5
  54.0	1
  55.0	6
  56.0	1.75
  57.0	5.33333
  58.0	3
  59.0	1.5
  60.0	3
  61.0	5
  62.0	6
  63.0	1
  64.0	4.5
  65.0	1.5
  66.0	5.5
  67.0	2
  68.0	3.5
  69.0	7
  70.0	4
  71.0	0
  72.0	3.25
  73.0	3
  74.0	3
  75.0	3
  76.0	2
  77.0	5.5
  78.0	2
  79.0	3
  80.0	4.33333
  81.0	3
  82.0	4
  83.0	4
  84.0	2
  85.0	4
  86.0	2
  87.0	3
  88.0	2
  89.0	2
  90.0	1.5
  91.0	4
  92.0	1
  93.0	2.5
  94.0	3.5
  95.0	3.5
  96.0	3.25
  97.0	3
  98.0	3
  99.0	3
 100.0	4
 101.0	5
 102.0	4.5
 103.0	2
 104.0	2
 105.0	5
 106.0	3
 107.0	4
 108.0	1.5
 109.0	4
 110.0	1.33333
 111.0	2
 112.0	3
 113.0	2.5
 114.0	1
 115.0	2
 116.0	3
 117.0	0
 118.0	2
 119.0	2
 120.0	1
 121.0	2
 122.0	3.5
 123.0	1
 124.0	3
 125.0	0
 126.0	3.5
 127.0	3
 128.0	3
 129.0	5.5
 130.0	1.5
 131.0	4
 132.0	3.25
 133.0	1
 134.0	4
 135.0	1
 136.0	5
 137.0	2
 138.0	2
 139.0	1
 140.0	0
 141.0	0
 142.0	1.25
 143.0	3
 144.0	3.5
 145.0	5
 146.0	2
 147.0	1
 148.0	2
 149.0	2
 150.0	1.5
 151.0	2
 152.0	1.5
 153.0	2
 154.0	0
 155.0	5
 156.0	3
 157.0	7.33333
 158.0	1
 159.0	1.5
 160.0	2
 161.0	2.5
 162.0	1
 163.0	3
 164.0	2.5
 165.0	3
 166.0	2
 167.0	1
 168.0	3
 169.0	3
 170.0	6
 171.0	2.25
DB 1 MOTIF	21-CAAAGTYCAGN	STREME-21
-169.5	9.5
-168.5	10
-167.5	5
-166.5	13.1429
-165.5	3
-164.5	2
-163.5	7
-162.5	8
-161.5	7
-160.5	4
-159.5	9
-158.5	6
-157.5	9
-156.5	5
-155.5	3
-154.5	7
-153.5	5
-152.5	9
-151.5	8
-150.5	6
-149.5	5
-148.5	11
-147.5	8.14286
-146.5	6
-145.5	11
-144.5	7
-143.5	11
-142.5	8
-141.5	5.5
-140.5	2
-139.5	6
-138.5	6
-137.5	8
-136.5	5
-135.5	5
-134.5	10
-133.5	2.33333
-132.5	5
-131.5	5
-130.5	4
-129.5	4.75
-128.5	10.25
-127.5	10
-126.5	8
-125.5	6
-124.5	11
-123.5	5
-122.5	7
-121.5	3
-120.5	6
-119.5	13
-118.5	10
-117.5	10
-116.5	4
-115.5	13
-114.5	10
-113.5	6
-112.5	6
-111.5	6
-110.5	6
-109.5	11
-108.5	5
-107.5	10
-106.5	8
-105.5	6.25
-104.5	6
-103.5	1
-102.5	9
-101.5	6
-100.5	7
 -99.5	4.14286
 -98.5	8
 -97.5	4
 -96.5	6
 -95.5	9
 -94.5	8
 -93.5	8
 -92.5	10
 -91.5	11
 -90.5	5
 -89.5	3
 -88.5	6
 -87.5	6
 -86.5	7.75
 -85.5	9.25
 -84.5	8
 -83.5	8
 -82.5	7
 -81.5	11
 -80.5	6
 -79.5	8
 -78.5	5
 -77.5	7
 -76.5	5
 -75.5	5
 -74.5	8
 -73.5	8
 -72.5	9
 -71.5	9
 -70.5	6.14286
 -69.5	6
 -68.5	9.5
 -67.5	5
 -66.5	6
 -65.5	11
 -64.5	8
 -63.5	9
 -62.5	8
 -61.5	4
 -60.5	12
 -59.5	6
 -58.5	6
 -57.5	7.5
 -56.5	15
 -55.5	6
 -54.5	11.5
 -53.5	8
 -52.5	8
 -51.5	12.1429
 -50.5	8
 -49.5	15
 -48.5	11.5
 -47.5	6
 -46.5	16.5
 -45.5	5.25
 -44.5	8
 -43.5	8
 -42.5	12
 -41.5	4
 -40.5	4
 -39.5	5.33333
 -38.5	11
 -37.5	15
 -36.5	9
 -35.5	6
 -34.5	5.33333
 -33.5	9
 -32.5	12
 -31.5	7
 -30.5	18
 -29.5	8
 -28.5	11
 -27.5	7.5
 -26.5	11
 -25.5	4
 -24.5	9
 -23.5	8.5
 -22.5	11.5
 -21.5	10
 -20.5	8.5
 -19.5	5
 -18.5	10
 -17.5	11
 -16.5	13.8333
 -15.5	10
 -14.5	10
 -13.5	10
 -12.5	12.5
 -11.5	8
 -10.5	9
  -9.5	12
  -8.5	8
  -7.5	9
  -6.5	13
  -5.5	7
  -4.5	9.5
  -3.5	11.1429
  -2.5	5
  -1.5	4
  -0.5	7
   0.5	9
   1.5	9
   2.5	13
   3.5	8
   4.5	12
   5.5	7
   6.5	13
   7.5	10
   8.5	5
   9.5	7
  10.5	5.25
  11.5	10
  12.5	9
  13.5	3
  14.5	10.25
  15.5	14.9762
  16.5	5
  17.5	11
  18.5	13.3333
  19.5	12.5
  20.5	12
  21.5	9
  22.5	11
  23.5	4.33333
  24.5	11
  25.5	7
  26.5	14
  27.5	16.5
  28.5	10
  29.5	8
  30.5	5
  31.5	7.5
  32.5	8
  33.5	5
  34.5	10.5
  35.5	7.25
  36.5	8
  37.5	7
  38.5	7
  39.5	5
  40.5	10
  41.5	10.5
  42.5	9
  43.5	1
  44.5	6.83333
  45.5	4
  46.5	6
  47.5	7
  48.5	10.5
  49.5	11.5
  50.5	9
  51.5	11
  52.5	11
  53.5	11.5
  54.5	5
  55.5	11
  56.5	5
  57.5	9
  58.5	11
  59.5	8
  60.5	7.33333
  61.5	7
  62.5	4
  63.5	7
  64.5	9
  65.5	2.33333
  66.5	8
  67.5	8
  68.5	9
  69.5	6
  70.5	11
  71.5	4
  72.5	13
  73.5	6
  74.5	10.25
  75.5	6.25
  76.5	15
  77.5	13.3333
  78.5	6
  79.5	10
  80.5	6
  81.5	13
  82.5	13
  83.5	5
  84.5	10
  85.5	7
  86.5	11
  87.5	6.5
  88.5	6
  89.5	6
  90.5	8
  91.5	6
  92.5	9
  93.5	5
  94.5	5.5
  95.5	8.5
  96.5	10
  97.5	7
  98.5	7
  99.5	6
 100.5	7.58333
 101.5	6
 102.5	8
 103.5	9
 104.5	4
 105.5	7
 106.5	6
 107.5	7
 108.5	5
 109.5	10
 110.5	7
 111.5	4
 112.5	8
 113.5	7
 114.5	5.5
 115.5	7
 116.5	3
 117.5	4.5
 118.5	5
 119.5	7
 120.5	7.5
 121.5	5
 122.5	7
 123.5	9
 124.5	10
 125.5	5
 126.5	5
 127.5	4
 128.5	6
 129.5	5
 130.5	9
 131.5	8
 132.5	10
 133.5	6
 134.5	3
 135.5	1.5
 136.5	4
 137.5	10
 138.5	4
 139.5	9
 140.5	5
 141.5	8
 142.5	6
 143.5	8
 144.5	8.5
 145.5	10
 146.5	4
 147.5	7
 148.5	4
 149.5	8
 150.5	7
 151.5	4
 152.5	5
 153.5	5
 154.5	9
 155.5	7
 156.5	5
 157.5	5
 158.5	7
 159.5	6
 160.5	7
 161.5	7
 162.5	6
 163.5	5
 164.5	6
 165.5	3
 166.5	9
 167.5	7
 168.5	7
 169.5	6
DB 1 MOTIF	23-AAGGAAGGAAGGAA	STREME-23
-168.0	1
-167.0	1.11111
-166.0	0.333333
-165.0	1.33333
-164.0	2.2
-163.0	0.111111
-162.0	0.433333
-161.0	0.333333
-160.0	0.333333
-159.0	0.111111
-158.0	0.333333
-157.0	1.33333
-156.0	0
-155.0	0.111111
-154.0	0
-153.0	0.166667
-152.0	1
-151.0	0.111111
-150.0	0
-149.0	0.625
-148.0	0
-147.0	0.111111
-146.0	1.04762
-145.0	1.40278
-144.0	0.5
-143.0	1.11111
-142.0	0.047619
-141.0	0.125
-140.0	0.5
-139.0	1.11111
-138.0	0
-137.0	0.125
-136.0	1
-135.0	1.11111
-134.0	2.08333
-133.0	1.125
-132.0	0
-131.0	0
-130.0	0.0833333
-129.0	0.125
-128.0	1.33333
-127.0	0
-126.0	0.0833333
-125.0	0.291667
-124.0	0
-123.0	1.21429
-122.0	0.583333
-121.0	0.458333
-120.0	0
-119.0	0.547619
-118.0	3.58333
-117.0	1.33333
-116.0	0.111111
-115.0	0.547619
-114.0	2.08333
-113.0	0.166667
-112.0	3
-111.0	1.16667
-110.0	0.0833333
-109.0	1.66667
-108.0	1
-107.0	0.666667
-106.0	0.333333
-105.0	0.666667
-104.0	0
-103.0	1.94444
-102.0	0.916667
-101.0	0.166667
-100.0	0.25
 -99.0	0.5
 -98.0	1.58333
 -97.0	1.38095
 -96.0	0
 -95.0	0
 -94.0	1.53333
 -93.0	2.04762
 -92.0	0
 -91.0	1
 -90.0	1.5
 -89.0	0.047619
 -88.0	0.111111
 -87.0	1.30952
 -86.0	0.6
 -85.0	1.15873
 -84.0	2.81111
 -83.0	1
 -82.0	0.35
 -81.0	0.190476
 -80.0	1.2
 -79.0	1
 -78.0	1.6
 -77.0	0.690476
 -76.0	2.58333
 -75.0	1
 -74.0	0.176923
 -73.0	1.54762
 -72.0	0.5
 -71.0	3.16667
 -70.0	0.176923
 -69.0	0.047619
 -68.0	0.47619
 -67.0	0
 -66.0	0.176923
 -65.0	2.15873
 -64.0	1.14286
 -63.0	0
 -62.0	1.17692
 -61.0	1.80159
 -60.0	0.142857
 -59.0	1
 -58.0	2.17692
 -57.0	0.890476
 -56.0	0.142857
 -55.0	0
 -54.0	2.07692
 -53.0	2.83333
 -52.0	0
 -51.0	1
 -50.0	0.410256
 -49.0	1.38095
 -48.0	2
 -47.0	1
 -46.0	0.576923
 -45.0	1.88095
 -44.0	1.97619
 -43.0	1.31111
 -42.0	2.27137
 -41.0	0.547619
 -40.0	2.64286
 -39.0	0
 -38.0	1.18803
 -37.0	0.380952
 -36.0	0.47619
 -35.0	1.2
 -34.0	0.576923
 -33.0	0.583333
 -32.0	2.14286
 -31.0	2.5
 -30.0	1.41026
 -29.0	1.08333
 -28.0	0.333333
 -27.0	1.5
 -26.0	2.32692
 -25.0	0.142857
 -24.0	2.75
 -23.0	0.833333
 -22.0	1.72619
 -21.0	1.25397
 -20.0	1.16667
 -19.0	0.644444
 -18.0	0.444444
 -17.0	1.11111
 -16.0	0
 -15.0	0.611111
 -14.0	0.694444
 -13.0	0.111111
 -12.0	0.583333
 -11.0	2.14286
 -10.0	1.48611
  -9.0	2.27778
  -8.0	0.5
  -7.0	1.08333
  -6.0	1.70833
  -5.0	1.87778
  -4.0	1
  -3.0	0.833333
  -2.0	0.708333
  -1.0	2.11111
   0.0	1
   1.0	0.833333
   2.0	1.125
   3.0	0.111111
   4.0	1.11111
   5.0	0.833333
   6.0	0.5
   7.0	1.88889
   8.0	2.5
   9.0	0
  10.0	1
  11.0	4.55556
  12.0	1.5
  13.0	0.47619
  14.0	0.25
  15.0	1.11111
  16.0	0.5
  17.0	3.64286
  18.0	1
  19.0	0
  20.0	1.2
  21.0	3.25
  22.0	1
  23.0	0.611111
  24.0	1.1
  25.0	0.5
  26.0	2.125
  27.0	2.31111
  28.0	0.433333
  29.0	1
  30.0	2.5
  31.0	1.49444
  32.0	0
  33.0	1.33333
  34.0	1.33333
  35.0	0.383333
  36.0	1
  37.0	2.33333
  38.0	1.33333
  39.0	1.18333
  40.0	0.666667
  41.0	0
  42.0	1
  43.0	2.43333
  44.0	0.783333
  45.0	3
  46.0	2
  47.0	0.383333
  48.0	2.33333
  49.0	0.142857
  50.0	0
  51.0	0.55
  52.0	1
  53.0	0.420635
  54.0	0
  55.0	1.18333
  56.0	1
  57.0	0.111111
  58.0	0
  59.0	1.35
  60.0	0
  61.0	0.111111
  62.0	0.576923
  63.0	2.33333
  64.0	2
  65.0	0.111111
  66.0	2.82692
  67.0	0.333333
  68.0	0
  69.0	0.111111
  70.0	1.07692
  71.0	1.28333
  72.0	0.47619
  73.0	0.111111
  74.0	1.20192
  75.0	1.81111
  76.0	0
  77.0	2.61111
  78.0	0.24359
  79.0	1.11111
  80.0	1.16667
  81.0	0.111111
  82.0	1.07692
  83.0	0
  84.0	1
  85.0	1.31111
  86.0	1.32692
  87.0	1
  88.0	1
  89.0	0.333333
  90.0	1.24359
  91.0	0
  92.0	2.5
  93.0	1.33333
  94.0	2.24359
  95.0	0.5
  96.0	0.111111
  97.0	0.333333
  98.0	1.24359
  99.0	0.0833333
 100.0	1.11111
 101.0	0.142857
 102.0	0.576923
 103.0	0.392857
 104.0	0
 105.0	1.75
 106.0	0.576923
 107.0	0
 108.0	0
 109.0	0
 110.0	0.0769231
 111.0	1.2
 112.0	0.333333
 113.0	0
 114.0	1.5
 115.0	1.25
 116.0	0.333333
 117.0	0.333333
 118.0	0.833333
 119.0	0
 120.0	1
 121.0	0.5
 122.0	1.33333
 123.0	1
 124.0	0
 125.0	1.125
 126.0	0
 127.0	1.25
 128.0	0.142857
 129.0	1.33333
 130.0	0
 131.0	0
 132.0	1.14286
 133.0	0.333333
 134.0	1
 135.0	0
 136.0	0
 137.0	0.583333
 138.0	1.16667
 139.0	1
 140.0	0.125
 141.0	0.25
 142.0	0.166667
 143.0	3
 144.0	0
 145.0	0
 146.0	2.16667
 147.0	0
 148.0	1.25
 149.0	0
 150.0	1.5
 151.0	1
 152.0	0
 153.0	1
 154.0	1.16667
 155.0	1
 156.0	2.5
 157.0	0
 158.0	0.166667
 159.0	0.25
 160.0	1.5
 161.0	0
 162.0	0.166667
 163.0	0.533333
 164.0	0
 165.0	0
 166.0	1.16667
 167.0	2.5
 168.0	0
DB 1 MOTIF	34-CACACAAACACAC	STREME-34
-168.5	5.3
-167.5	1.47619
-166.5	0.3
-165.5	4.28571
-164.5	2.3
-163.5	1.14286
-162.5	1.3
-161.5	3.84286
-160.5	3.3
-159.5	0.642857
-158.5	0.510714
-157.5	1.125
-156.5	3.14286
-155.5	1.52941
-154.5	1.45397
-153.5	1.02941
-152.5	1.25397
-151.5	7.02941
-150.5	5.75397
-149.5	6.52941
-148.5	2.37897
-147.5	2.52941
-146.5	1.42063
-145.5	0.0294118
-144.5	1.71944
-143.5	1.02941
-142.5	0.469444
-141.5	2.44013
-140.5	2.46944
-139.5	5.19608
-138.5	0.858333
-137.5	3.02941
-136.5	2.35833
-135.5	4.08333
-134.5	7.35833
-133.5	0.333333
-132.5	1.95833
-131.5	2.55952
-130.5	3.125
-129.5	1.50758
-128.5	1.61111
-127.5	1.17424
-126.5	4.61111
-125.5	3.29924
-124.5	3.77778
-123.5	0.174242
-122.5	3.44444
-121.5	2.17424
-120.5	2.25397
-119.5	3.20365
-118.5	2.27778
-117.5	2.34651
-116.5	0.611111
-115.5	0.8171
-114.5	3.56111
-113.5	2.25758
-112.5	4.19444
-111.5	1.67424
-110.5	2.30952
-109.5	2.02841
-108.5	4.33333
-107.5	4.14583
-106.5	0.166667
-105.5	5.14583
-104.5	1.16667
-103.5	5.47917
-102.5	3.16667
-101.5	4.14583
-100.5	2.33333
 -99.5	6.8181
 -98.5	2.125
 -97.5	1.45858
 -96.5	1.85119
 -95.5	6.09191
 -94.5	0.415
 -93.5	1.59191
 -92.5	4.25591
 -91.5	4.67525
 -90.5	1.57258
 -89.5	1.17525
 -88.5	2.32258
 -87.5	5.67525
 -86.5	2.32258
 -85.5	4.67525
 -84.5	1.46543
 -83.5	3.92525
 -82.5	2.53091
 -81.5	3.21691
 -80.5	1.42307
 -79.5	2.35977
 -78.5	1.57307
 -77.5	3.79727
 -76.5	4.49926
 -75.5	1.40441
 -74.5	3.31808
 -73.5	3.87108
 -72.5	1.96094
 -71.5	1.15441
 -70.5	2.5605
 -69.5	4.46394
 -68.5	2.89384
 -67.5	2.77346
 -66.5	2.50495
 -65.5	1.41513
 -64.5	4.75495
 -63.5	3.99846
 -62.5	2.36209
 -61.5	3.24846
 -60.5	3.0866
 -59.5	3.98179
 -58.5	2.8991
 -57.5	5.44846
 -56.5	2.45466
 -55.5	1.02619
 -54.5	0.954657
 -53.5	3.04359
 -52.5	2.67688
 -51.5	1.97692
 -50.5	4.65188
 -49.5	0.729287
 -48.5	6.91855
 -47.5	3.04595
 -46.5	4.25972
 -45.5	3.54595
 -44.5	3.63472
 -43.5	2.60151
 -42.5	6.42639
 -41.5	3.10151
 -40.5	1.09306
 -39.5	4.13484
 -38.5	3.92639
 -37.5	3.60627
 -36.5	5.50972
 -35.5	2.40627
 -34.5	1.36091
 -33.5	2.07294
 -32.5	4.38472
 -31.5	1.68885
 -30.5	2.95972
 -29.5	1.18885
 -28.5	2.78665
 -27.5	0.854348
 -26.5	4.05748
 -25.5	1.85435
 -24.5	3.60034
 -23.5	0.583515
 -22.5	3.75662
 -21.5	5.26596
 -20.5	2.8244
 -19.5	2.64096
 -18.5	3.99864
 -17.5	3.87121
 -16.5	4.43122
 -15.5	3.85698
 -14.5	5.89713
 -13.5	1.52364
 -12.5	6.14713
 -11.5	3.27481
 -10.5	5.45665
  -9.5	4.28671
  -8.5	2.64713
  -7.5	2.70391
  -6.5	3.71856
  -5.5	5.4475
  -4.5	2.91856
  -3.5	2.28084
  -2.5	2.06712
  -1.5	1.70508
  -0.5	1.91832
   0.5	4.36417
   1.5	7.25165
   2.5	2.0229
   3.5	3.15882
   4.5	2.76741
   5.5	2.54291
   6.5	5.40431
   7.5	5.07963
   8.5	1.90017
   9.5	3.81845
  10.5	5.37755
  11.5	3.73407
  12.5	4.62755
  13.5	3.70233
  14.5	3.81578
  15.5	2.15788
  16.5	6.83271
  17.5	4.89906
  18.5	4.19821
  19.5	2.81573
  20.5	1.69821
  21.5	2.7443
  22.5	6.58466
  23.5	2.9
  24.5	1.81383
  25.5	3.04286
  26.5	0.831685
  27.5	3.31667
  28.5	1.60549
  29.5	1.56667
  30.5	3.85549
  31.5	2.79583
  32.5	2.45073
  33.5	1.5625
  34.5	1.87381
  35.5	4.4375
  36.5	0.564286
  37.5	0.720833
  38.5	2.48095
  39.5	3.63512
  40.5	1.04762
  41.5	2.99762
  42.5	1.54762
  43.5	2.46429
  44.5	4.51786
  45.5	5.46429
  46.5	1.475
  47.5	6.79762
  48.5	2.675
  49.5	5.13095
  50.5	1.425
  51.5	3.91621
  52.5	2.48382
  53.5	1.91621
  54.5	3.05525
  55.5	1.24954
  56.5	2.55525
  57.5	4.30217
  58.5	1.55525
  59.5	4.80217
  60.5	2.73025
  61.5	4.30217
  62.5	2.23025
  63.5	4.00753
  64.5	5.48025
  65.5	3.23967
  66.5	3.13025
  67.5	0.996084
  68.5	2.39692
  69.5	2.77386
  70.5	2.73025
  71.5	3.97386
  72.5	3.11914
  73.5	3.82803
  74.5	2.11914
  75.5	2.2447
  76.5	2.28581
  77.5	4.91136
  78.5	3.81914
  79.5	1.48828
  80.5	3.45247
  81.5	3.02137
  82.5	3.43987
  83.5	0.330891
  84.5	1.93987
  85.5	2.37418
  86.5	4.38105
  87.5	1.97736
  88.5	6.6239
  89.5	4.40043
  90.5	2.05882
  91.5	5.39286
  92.5	2.30882
  93.5	0.509524
  94.5	2.25882
  95.5	4.28571
  96.5	3.25882
  97.5	4.00952
  98.5	0.258824
  99.5	2.66667
 100.5	1.09216
 101.5	1.16667
 102.5	1.38382
 103.5	5
 104.5	6.05882
 105.5	4.14286
 106.5	5.25882
 107.5	1.825
 108.5	1.39216
 109.5	1
 110.5	3.25882
 111.5	3.5
 112.5	1.20168
 113.5	0.5
 114.5	2.30882
 115.5	1.44444
 116.5	0
 117.5	2.30952
 118.5	3.66667
 119.5	1.125
 120.5	5.5
 121.5	5
 122.5	2.66667
 123.5	3
 124.5	1.99583
 125.5	1
 126.5	1.49583
 127.5	1.2
 128.5	2.32917
 129.5	1.7
 130.5	4.82917
 131.5	1.84286
 132.5	0.1625
 133.5	2.7
 134.5	2.3625
 135.5	2.0625
 136.5	2.49583
 137.5	3.20536
 138.5	4.12083
 139.5	2.5625
 140.5	2.49583
 141.5	2.5625
 142.5	0.7625
 143.5	0.229167
 144.5	2.1625
 145.5	2.37202
 146.5	1.69583
 147.5	3.22917
 148.5	2.1625
 149.5	2.72917
 150.5	0.495833
 151.5	1.5625
 152.5	2.1625
 153.5	1.72917
 154.5	0.9125
 155.5	2.20536
 156.5	3.35
 157.5	0.0625
 158.5	4.35
 159.5	1.2625
 160.5	6.85
 161.5	2.0625
 162.5	2.33333
 163.5	1.0625
 164.5	1.5
 165.5	1.1875
 166.5	3
 167.5	1.5
 168.5	2.39286
DB 2 MOTIF	AHR_HUMAN.H11MO.0.B
-170.5	7
-169.5	5.25
-168.5	4.5
-167.5	7
-166.5	5.66667
-165.5	13.3333
-164.5	10
-163.5	3
-162.5	7
-161.5	6.25
-160.5	5.5
-159.5	6.83333
-158.5	2
-157.5	4.09091
-156.5	6.5
-155.5	9.25
-154.5	5
-153.5	6.125
-152.5	7
-151.5	6
-150.5	8.5
-149.5	11.5
-148.5	8
-147.5	5.83333
-146.5	4
-145.5	4.5
-144.5	10.125
-143.5	12
-142.5	6.2
-141.5	7.25
-140.5	9.16667
-139.5	7.5
-138.5	10.5
-137.5	9.5
-136.5	10.5
-135.5	4
-134.5	7.61111
-133.5	7
-132.5	6.2
-131.5	3.75
-130.5	7.11111
-129.5	4
-128.5	6
-127.5	3
-126.5	4.5
-125.5	4.75
-124.5	8
-123.5	4
-122.5	9.2
-121.5	6.5
-120.5	11
-119.5	4.5
-118.5	3.46591
-117.5	3.5
-116.5	5.25
-115.5	10.5769
-114.5	6.61111
-113.5	7.5
-112.5	8
-111.5	4.33333
-110.5	5.5
-109.5	6.25
-108.5	3
-107.5	2.5
-106.5	3.33333
-105.5	7
-104.5	10.8333
-103.5	5.16667
-102.5	6.125
-101.5	12.5
-100.5	6.5
 -99.5	5.5
 -98.5	7
 -97.5	11.3333
 -96.5	9.25
 -95.5	3.25
 -94.5	14.0769
 -93.5	10.1667
 -92.5	8
 -91.5	4.625
 -90.5	6
 -89.5	7
 -88.5	6.33333
 -87.5	6.2
 -86.5	9.44444
 -85.5	3
 -84.5	6
 -83.5	10
 -82.5	4.23611
 -81.5	8
 -80.5	8
 -79.5	9.58333
 -78.5	2.41667
 -77.5	7
 -76.5	9.33333
 -75.5	6.59091
 -74.5	7
 -73.5	7.25
 -72.5	10
 -71.5	4
 -70.5	11
 -69.5	9.5
 -68.5	7.11111
 -67.5	5
 -66.5	3
 -65.5	10
 -64.5	10
 -63.5	3
 -62.5	7
 -61.5	13.0909
 -60.5	9
 -59.5	6
 -58.5	5.07692
 -57.5	9
 -56.5	10.5
 -55.5	9.5
 -54.5	8
 -53.5	10
 -52.5	5.11111
 -51.5	3.83333
 -50.5	7
 -49.5	6.34091
 -48.5	5
 -47.5	9.58333
 -46.5	10.3333
 -45.5	8
 -44.5	8.5
 -43.5	5
 -42.5	9.5
 -41.5	9.09091
 -40.5	10.0909
 -39.5	9.41667
 -38.5	4.57692
 -37.5	8.75
 -36.5	6
 -35.5	12
 -34.5	5
 -33.5	12.3333
 -32.5	6.83333
 -31.5	7.20192
 -30.5	11
 -29.5	9.91667
 -28.5	12.5909
 -27.5	8
 -26.5	10.2
 -25.5	6
 -24.5	17.25
 -23.5	8.33333
 -22.5	2
 -21.5	6.83333
 -20.5	1
 -19.5	9.75
 -18.5	5.5
 -17.5	10
 -16.5	5.53535
 -15.5	4.5
 -14.5	4.33333
 -13.5	6.11111
 -12.5	5.5
 -11.5	7.5
 -10.5	11.5
  -9.5	8
  -8.5	11
  -7.5	6.5
  -6.5	9.09091
  -5.5	7.25
  -4.5	7.875
  -3.5	9.59091
  -2.5	9.5
  -1.5	12.3333
  -0.5	7
   0.5	8
   1.5	5.75
   2.5	6.125
   3.5	6
   4.5	9.75
   5.5	7.5
   6.5	8
   7.5	11
   8.5	3.57692
   9.5	13.0909
  10.5	5.95
  11.5	10.5
  12.5	5.83333
  13.5	9.33333
  14.5	10.1667
  15.5	11
  16.5	8
  17.5	7.41667
  18.5	9
  19.5	7.27778
  20.5	10.7
  21.5	8
  22.5	9.59091
  23.5	9.125
  24.5	8
  25.5	7.5
  26.5	8
  27.5	6
  28.5	10.8333
  29.5	8.83333
  30.5	9.2
  31.5	7
  32.5	4.325
  33.5	9
  34.5	6
  35.5	14
  36.5	8
  37.5	5
  38.5	9.27692
  39.5	9.5
  40.5	8.25
  41.5	6.625
  42.5	5
  43.5	8.5
  44.5	6
  45.5	7.07692
  46.5	9.09091
  47.5	3
  48.5	5.58333
  49.5	8.16667
  50.5	7
  51.5	11
  52.5	8.44444
  53.5	6.33333
  54.5	8
  55.5	9.58333
  56.5	4
  57.5	3.16667
  58.5	8.09091
  59.5	6.75
  60.5	5.33333
  61.5	10
  62.5	9.88258
  63.5	5.16667
  64.5	9
  65.5	15.5
  66.5	6.16667
  67.5	8
  68.5	6
  69.5	7.83333
  70.5	4
  71.5	7
  72.5	7.84091
  73.5	4.33333
  74.5	12.3111
  75.5	5.5
  76.5	3.75
  77.5	4
  78.5	6
  79.5	4
  80.5	8.125
  81.5	6.09091
  82.5	8
  83.5	8.11111
  84.5	9.78333
  85.5	7
  86.5	5
  87.5	8.07692
  88.5	6.09091
  89.5	5
  90.5	7
  91.5	4.11111
  92.5	10
  93.5	9.5
  94.5	8.5
  95.5	10.5
  96.5	11.9583
  97.5	5
  98.5	7.25
  99.5	5
 100.5	10.25
 101.5	10.8333
 102.5	7
 103.5	7.16667
 104.5	4.25
 105.5	6.5
 106.5	12.1667
 107.5	8
 108.5	13.5333
 109.5	0.111111
 110.5	3
 111.5	5
 112.5	4.07692
 113.5	3.44444
 114.5	10.0909
 115.5	4.08333
 116.5	8
 117.5	4.5
 118.5	7
 119.5	10
 120.5	7.16667
 121.5	7.5
 122.5	8.33333
 123.5	4.07692
 124.5	6.5
 125.5	3.53333
 126.5	4.875
 127.5	6
 128.5	5
 129.5	4
 130.5	7
 131.5	9.53333
 132.5	12.5
 133.5	6
 134.5	5
 135.5	7.25
 136.5	11.3333
 137.5	9.5
 138.5	6.25
 139.5	3.91667
 140.5	4.09091
 141.5	4
 142.5	5
 143.5	7.07692
 144.5	2.33333
 145.5	4.83333
 146.5	6.5
 147.5	9.33333
 148.5	5.33333
 149.5	4.11111
 150.5	8.5
 151.5	5.5
 152.5	8.75
 153.5	8.16667
 154.5	5.5
 155.5	5.11111
 156.5	3.25
 157.5	8.16667
 158.5	11.3333
 159.5	5
 160.5	5
 161.5	4.5
 162.5	2
 163.5	6.07692
 164.5	8
 165.5	5
 166.5	9.5
 167.5	7.83333
 168.5	1.5
 169.5	12.0909
 170.5	5
DB 2 MOTIF	CEBPA_HUMAN.H11MO.0.A
-169.0	4
-168.0	5
-167.0	5
-166.0	5
-165.0	1
-164.0	3
-163.0	3
-162.0	2
-161.0	2
-160.0	4
-159.0	8
-158.0	3
-157.0	3
-156.0	9
-155.0	8
-154.0	8
-153.0	4
-152.0	5
-151.0	8
-150.0	7.25
-149.0	4
-148.0	10.5
-147.0	4
-146.0	3
-145.0	7
-144.0	5
-143.0	3
-142.0	4
-141.0	2.5
-140.0	3
-139.0	6
-138.0	8
-137.0	9
-136.0	4
-135.0	6
-134.0	6
-133.0	6
-132.0	7
-131.0	4
-130.0	4
-129.0	7
-128.0	8
-127.0	8
-126.0	4
-125.0	9
-124.0	2
-123.0	5
-122.0	3
-121.0	10
-120.0	4.5
-119.0	5
-118.0	6
-117.0	7
-116.0	11
-115.0	6
-114.0	6
-113.0	7
-112.0	4
-111.0	8
-110.0	3
-109.0	7
-108.0	6
-107.0	10
-106.0	9
-105.0	4
-104.0	4
-103.0	13
-102.0	5
-101.0	6
-100.0	4
 -99.0	5
 -98.0	5
 -97.0	7
 -96.0	2.5
 -95.0	9
 -94.0	5
 -93.0	10.5
 -92.0	6
 -91.0	5
 -90.0	6
 -89.0	4
 -88.0	3
 -87.0	9
 -86.0	8
 -85.0	6
 -84.0	5
 -83.0	6
 -82.0	11
 -81.0	5
 -80.0	5
 -79.0	4
 -78.0	8
 -77.0	4
 -76.0	7
 -75.0	6
 -74.0	7
 -73.0	7
 -72.0	9
 -71.0	5
 -70.0	12
 -69.0	9.5
 -68.0	7.5
 -67.0	6
 -66.0	9
 -65.0	6
 -64.0	6
 -63.0	10
 -62.0	2
 -61.0	10
 -60.0	7
 -59.0	9
 -58.0	7
 -57.0	4
 -56.0	7
 -55.0	6
 -54.0	4
 -53.0	11
 -52.0	10
 -51.0	6
 -50.0	9
 -49.0	3
 -48.0	6
 -47.0	8
 -46.0	13
 -45.0	7
 -44.0	7.33333
 -43.0	8
 -42.0	5
 -41.0	5
 -40.0	9
 -39.0	7
 -38.0	8
 -37.0	10
 -36.0	9
 -35.0	9
 -34.0	5
 -33.0	5
 -32.0	10
 -31.0	2.33333
 -30.0	6
 -29.0	7
 -28.0	4
 -27.0	9.33333
 -26.0	7
 -25.0	4
 -24.0	8
 -23.0	8
 -22.0	7
 -21.0	7
 -20.0	5
 -19.0	8
 -18.0	12
 -17.0	9
 -16.0	8
 -15.0	6
 -14.0	12
 -13.0	6
 -12.0	13
 -11.0	12
 -10.0	4.58333
  -9.0	9.5
  -8.0	10
  -7.0	9
  -6.0	9
  -5.0	5.5
  -4.0	9
  -3.0	5
  -2.0	10
  -1.0	6
   0.0	6
   1.0	3
   2.0	8
   3.0	7
   4.0	6
   5.0	5
   6.0	10
   7.0	6
   8.0	9.5
   9.0	5
  10.0	4
  11.0	6
  12.0	11
  13.0	7
  14.0	9
  15.0	4
  16.0	9
  17.0	9.5
  18.0	10
  19.0	10
  20.0	4
  21.0	11.5
  22.0	7
  23.0	7
  24.0	7
  25.0	4
  26.0	7
  27.0	12.3333
  28.0	5
  29.0	6.5
  30.0	7
  31.0	10
  32.0	5
  33.0	10
  34.0	4.5
  35.0	12
  36.0	6
  37.0	11
  38.0	8
  39.0	6
  40.0	6
  41.0	11
  42.0	3
  43.0	3.75
  44.0	4
  45.0	6
  46.0	6
  47.0	14
  48.0	5
  49.0	8
  50.0	4
  51.0	7
  52.0	1
  53.0	6
  54.0	8
  55.0	6
  56.0	6
  57.0	13
  58.0	10.3333
  59.0	9
  60.0	3
  61.0	9
  62.0	3
  63.0	8
  64.0	5
  65.0	2
  66.0	4
  67.0	2
  68.0	10
  69.0	7
  70.0	6
  71.0	7
  72.0	11
  73.0	5
  74.0	9
  75.0	6
  76.0	8
  77.0	4
  78.0	10
  79.0	8
  80.0	2
  81.0	12
  82.0	6
  83.0	3
  84.0	9
  85.0	5
  86.0	7
  87.0	3
  88.0	5
  89.0	9
  90.0	9
  91.0	5
  92.0	7
  93.0	3
  94.0	5
  95.0	8
  96.0	5
  97.0	3
  98.0	12
  99.0	6
 100.0	4
 101.0	5
 102.0	7
 103.0	6
 104.0	11
 105.0	1
 106.0	8.5
 107.0	4
 108.0	7
 109.0	5
 110.0	4
 111.0	7
 112.0	6
 113.0	2.25
 114.0	5
 115.0	4
 116.0	4
 117.0	5
 118.0	3
 119.0	9
 120.0	8
 121.0	5
 122.0	11
 123.0	9
 124.0	6
 125.0	3
 126.0	5
 127.0	1
 128.0	3
 129.0	6
 130.0	7
 131.0	4
 132.0	4
 133.0	4
 134.0	1
 135.0	10
 136.0	6
 137.0	4
 138.0	9
 139.0	5
 140.0	9
 141.0	3
 142.0	2
 143.0	6
 144.0	5
 145.0	10
 146.0	3
 147.0	7
 148.0	6
 149.0	8
 150.0	3
 151.0	8
 152.0	7
 153.0	4.5
 154.0	4
 155.0	8
 156.0	7
 157.0	3
 158.0	4
 159.0	7.5
 160.0	7
 161.0	6
 162.0	6
 163.0	5
 164.0	5
 165.0	3
 166.0	11
 167.0	4
 168.0	3
 169.0	6
DB 2 MOTIF	CEBPB_HUMAN.H11MO.0.A
-169.0	3
-168.0	4
-167.0	3
-166.0	3
-165.0	1
-164.0	2
-163.0	4
-162.0	2
-161.0	1
-160.0	4
-159.0	7
-158.0	1
-157.0	3
-156.0	8
-155.0	4
-154.0	6
-153.0	4
-152.0	5
-151.0	5
-150.0	5.25
-149.0	4
-148.0	7.5
-147.0	4
-146.0	3
-145.0	5
-144.0	4
-143.0	2
-142.0	3
-141.0	3
-140.0	2
-139.0	3
-138.0	5
-137.0	3
-136.0	2
-135.0	5
-134.0	4
-133.0	5
-132.0	3
-131.0	1
-130.0	2
-129.0	4
-128.0	7
-127.0	7
-126.0	4
-125.0	7
-124.0	0
-123.0	5
-122.0	3
-121.0	7
-120.0	3.5
-119.0	3
-118.0	5
-117.0	6
-116.0	9
-115.0	2
-114.0	4
-113.0	5
-112.0	4
-111.0	5
-110.0	3
-109.0	3
-108.0	4
-107.0	8
-106.0	9
-105.0	2
-104.0	2
-103.0	10
-102.0	5
-101.0	3
-100.0	4
 -99.0	3
 -98.0	3
 -97.0	5
 -96.0	0
 -95.0	9
 -94.0	3
 -93.0	11.5
 -92.0	6
 -91.0	2
 -90.0	6
 -89.0	4
 -88.0	1
 -87.0	8
 -86.0	7
 -85.0	5
 -84.0	3
 -83.0	4
 -82.0	7
 -81.0	4
 -80.0	5
 -79.0	4
 -78.0	6
 -77.0	4
 -76.0	3
 -75.0	2
 -74.0	4
 -73.0	5
 -72.0	3
 -71.0	2
 -70.0	10
 -69.0	8.5
 -68.0	5
 -67.0	3
 -66.0	6
 -65.0	5
 -64.0	5
 -63.0	8
 -62.0	1
 -61.0	8
 -60.0	8
 -59.0	6
 -58.0	6
 -57.0	2
 -56.0	6
 -55.0	5
 -54.0	3
 -53.0	10
 -52.0	7
 -51.0	3
 -50.0	8
 -49.0	2
 -48.0	4
 -47.0	5
 -46.0	11
 -45.0	5
 -44.0	6.33333
 -43.0	5
 -42.0	6
 -41.0	4
 -40.0	6
 -39.0	7
 -38.0	7
 -37.0	8
 -36.0	7
 -35.0	9
 -34.0	4
 -33.0	3
 -32.0	9
 -31.0	2
 -30.0	5
 -29.0	6
 -28.0	2
 -27.0	5.83333
 -26.0	6
 -25.0	2
 -24.0	6
 -23.0	7
 -22.0	5
 -21.0	6
 -20.0	2
 -19.0	4
 -18.0	10
 -17.0	8
 -16.0	6
 -15.0	4
 -14.0	9
 -13.0	5
 -12.0	9
 -11.0	10
 -10.0	4.58333
  -9.0	8
  -8.0	7
  -7.0	8
  -6.0	8
  -5.0	2
  -4.0	7
  -3.0	3
  -2.0	9
  -1.0	5
   0.0	5
   1.0	2
   2.0	4
   3.0	5
   4.0	7
   5.0	3
   6.0	9
   7.0	6
   8.0	7
   9.0	4
  10.0	3
  11.0	5
  12.0	8
  13.0	5.5
  14.0	9
  15.0	2
  16.0	8
  17.0	7.5
  18.0	6.5
  19.0	9
  20.0	3
  21.0	9.5
  22.0	5
  23.0	5
  24.0	5
  25.0	4
  26.0	5
  27.0	11
  28.0	4
  29.0	3.5
  30.0	3
  31.0	7
  32.0	4
  33.0	8
  34.0	2.5
  35.0	11
  36.0	4
  37.0	7
  38.0	6
  39.0	4
  40.0	6
  41.0	7
  42.0	4
  43.0	2.75
  44.0	4
  45.0	4
  46.0	3
  47.0	12
  48.0	5
  49.0	4
  50.0	2
  51.0	3
  52.0	0
  53.0	7
  54.0	6
  55.0	7
  56.0	4
  57.0	8.5
  58.0	8
  59.0	5
  60.0	2
  61.0	9
  62.0	2
  63.0	6
  64.0	4
  65.0	2
  66.0	3
  67.0	2
  68.0	9
  69.0	6
  70.0	5
  71.0	6
  72.0	10
  73.0	5
  74.0	6
  75.0	4
  76.0	6
  77.0	4
  78.0	5
  79.0	7
  80.0	3
  81.0	9
  82.0	4
  83.0	2
  84.0	10
  85.0	3
  86.0	7
  87.0	4
  88.0	3
  89.0	8
  90.0	7
  91.0	3
  92.0	4
  93.0	2
  94.0	2
  95.0	4
  96.0	3
  97.0	3
  98.0	10
  99.0	4
 100.0	3
 101.0	5
 102.0	4
 103.0	4
 104.0	10
 105.0	2
 106.0	5
 107.0	2
 108.0	3
 109.0	3
 110.0	1
 111.0	7
 112.0	4
 113.0	3.25
 114.0	3
 115.0	0
 116.0	2
 117.0	4
 118.0	3
 119.0	7
 120.0	6
 121.0	5
 122.0	5
 123.0	7
 124.0	7
 125.0	4
 126.0	4
 127.0	1
 128.0	3
 129.0	3
 130.0	6
 131.0	3
 132.0	2
 133.0	4
 134.0	1
 135.0	7
 136.0	3
 137.0	2
 138.0	8
 139.0	5
 140.0	8
 141.0	2
 142.0	2
 143.0	6
 144.0	2
 145.0	6
 146.0	2
 147.0	8
 148.0	4
 149.0	6
 150.0	3
 151.0	3
 152.0	5
 153.0	4.5
 154.0	4
 155.0	6
 156.0	6
 157.0	4
 158.0	3
 159.0	3
 160.0	7
 161.0	2
 162.0	4
 163.0	4
 164.0	7
 165.0	1
 166.0	5
 167.0	3
 168.0	2
 169.0	4
DB 2 MOTIF	COT1_HUMAN.H11MO.1.C
-168.5	4
-167.5	11
-166.5	12
-165.5	6
-164.5	6
-163.5	8
-162.5	5
-161.5	11
-160.5	7
-159.5	5.5
-158.5	10
-157.5	13.5
-156.5	8
-155.5	5
-154.5	10
-153.5	9
-152.5	14
-151.5	9
-150.5	11
-149.5	5
-148.5	7
-147.5	6.5
-146.5	13.5
-145.5	11
-144.5	12
-143.5	11
-142.5	19
-141.5	11
-140.5	4
-139.5	15
-138.5	11
-137.5	10
-136.5	8
-135.5	7
-134.5	9
-133.5	5
-132.5	10
-131.5	7
-130.5	13
-129.5	9
-128.5	9
-127.5	6
-126.5	10.5
-125.5	9
-124.5	11
-123.5	16
-122.5	8.25
-121.5	12
-120.5	6
-119.5	10
-118.5	12.25
-117.5	6
-116.5	15.5
-115.5	5.25
-114.5	7
-113.5	10
-112.5	5
-111.5	8
-110.5	10
-109.5	15.5
-108.5	10
-107.5	11
-106.5	15
-105.5	7.25
-104.5	12.5
-103.5	12
-102.5	9
-101.5	13.5
-100.5	13
 -99.5	6
 -98.5	4
 -97.5	8
 -96.5	6
 -95.5	6
 -94.5	6
 -93.5	9
 -92.5	12
 -91.5	17
 -90.5	7.5
 -89.5	14
 -88.5	5.5
 -87.5	9
 -86.5	11
 -85.5	14.5
 -84.5	15.5
 -83.5	6
 -82.5	11
 -81.5	12
 -80.5	8
 -79.5	12
 -78.5	17
 -77.5	10
 -76.5	5
 -75.5	13.5
 -74.5	11.5
 -73.5	8
 -72.5	12
 -71.5	9
 -70.5	6.5
 -69.5	15
 -68.5	10
 -67.5	13
 -66.5	12
 -65.5	13
 -64.5	10
 -63.5	12
 -62.5	9
 -61.5	6
 -60.5	10
 -59.5	8
 -58.5	11
 -57.5	6
 -56.5	9
 -55.5	13
 -54.5	9
 -53.5	7
 -52.5	11
 -51.5	11
 -50.5	13
 -49.5	8.33333
 -48.5	10.5
 -47.5	11
 -46.5	14
 -45.5	15.25
 -44.5	16
 -43.5	15.8333
 -42.5	15
 -41.5	3.5
 -40.5	8.5
 -39.5	13
 -38.5	8
 -37.5	14.3333
 -36.5	11
 -35.5	9.5
 -34.5	9
 -33.5	10
 -32.5	9
 -31.5	9
 -30.5	12.3333
 -29.5	10
 -28.5	7.5
 -27.5	9.5
 -26.5	19
 -25.5	3.5
 -24.5	10
 -23.5	9.25
 -22.5	10.25
 -21.5	11
 -20.5	12
 -19.5	12
 -18.5	9
 -17.5	9
 -16.5	7
 -15.5	3
 -14.5	9.5
 -13.5	14.5
 -12.5	5.5
 -11.5	11
 -10.5	11.25
  -9.5	12.5
  -8.5	5
  -7.5	15
  -6.5	16.5
  -5.5	16
  -4.5	15.5
  -3.5	12
  -2.5	6.5
  -1.5	11
  -0.5	9
   0.5	14
   1.5	5.16667
   2.5	11
   3.5	10
   4.5	5.5
   5.5	9.33333
   6.5	11
   7.5	11
   8.5	6.5
   9.5	11
  10.5	7
  11.5	9.5
  12.5	12
  13.5	16.5
  14.5	9.25
  15.5	12.5
  16.5	15
  17.5	10.5
  18.5	13
  19.5	11
  20.5	9
  21.5	9
  22.5	9
  23.5	12.1667
  24.5	14.5
  25.5	15
  26.5	23
  27.5	17.5
  28.5	10
  29.5	8.5
  30.5	14
  31.5	14
  32.5	12.5
  33.5	11
  34.5	10.5
  35.5	15
  36.5	11.3333
  37.5	15.5
  38.5	11
  39.5	11
  40.5	12
  41.5	14.5
  42.5	10
  43.5	13
  44.5	11.5
  45.5	10.1667
  46.5	11
  47.5	11
  48.5	10.5
  49.5	7.5
  50.5	11
  51.5	6
  52.5	11
  53.5	8
  54.5	11.3333
  55.5	13
  56.5	11
  57.5	11
  58.5	9
  59.5	12.25
  60.5	5
  61.5	15
  62.5	7.25
  63.5	9
  64.5	6
  65.5	8.5
  66.5	13
  67.5	12.1667
  68.5	11
  69.5	12
  70.5	22
  71.5	8
  72.5	10
  73.5	11.25
  74.5	12.25
  75.5	9
  76.5	11
  77.5	15.5
  78.5	11.5
  79.5	15
  80.5	10
  81.5	9
  82.5	15
  83.5	7
  84.5	9
  85.5	12
  86.5	8
  87.5	6
  88.5	16.5
  89.5	9.16667
  90.5	9.5
  91.5	9
  92.5	9
  93.5	9
  94.5	13
  95.5	7
  96.5	18
  97.5	12
  98.5	4
  99.5	7
 100.5	13
 101.5	12
 102.5	3.5
 103.5	12.3333
 104.5	10.5
 105.5	7
 106.5	9
 107.5	14
 108.5	13
 109.5	9
 110.5	13
 111.5	6.66667
 112.5	7
 113.5	9
 114.5	4
 115.5	12
 116.5	8
 117.5	10
 118.5	6
 119.5	11
 120.5	9.5
 121.5	13
 122.5	13.5
 123.5	5
 124.5	10
 125.5	16
 126.5	9
 127.5	12
 128.5	7
 129.5	7
 130.5	9
 131.5	17
 132.5	11.5
 133.5	6
 134.5	7
 135.5	10
 136.5	6
 137.5	12
 138.5	9.5
 139.5	5.25
 140.5	8
 141.5	11
 142.5	7
 143.5	12
 144.5	11
 145.5	14.5833
 146.5	5
 147.5	12
 148.5	9
 149.5	5
 150.5	11.5
 151.5	9
 152.5	10
 153.5	10
 154.5	9
 155.5	8
 156.5	9
 157.5	9.5
 158.5	7
 159.5	6
 160.5	13.5
 161.5	11
 162.5	10
 163.5	6
 164.5	15.25
 165.5	14
 166.5	11
 167.5	10
 168.5	6
DB 2 MOTIF	COT2_HUMAN.H11MO.0.A
-168.5	11
-167.5	7
-166.5	10
-165.5	6
-164.5	6
-163.5	7
-162.5	12.3333
-161.5	13
-160.5	4
-159.5	7
-158.5	6
-157.5	11
-156.5	11
-155.5	5
-154.5	5.5
-153.5	13
-152.5	6
-151.5	8
-150.5	6
-149.5	8
-148.5	8
-147.5	7
-146.5	10
-145.5	11
-144.5	8
-143.5	14
-142.5	15
-141.5	4
-140.5	10
-139.5	5
-138.5	17.5
-137.5	5
-136.5	6
-135.5	12
-134.5	6
-133.5	9
-132.5	4
-131.5	10
-130.5	10
-129.5	18
-128.5	8
-127.5	9
-126.5	9
-125.5	10
-124.5	12
-123.5	13
-122.5	9
-121.5	4
-120.5	11
-119.5	10
-118.5	10.5
-117.5	11.75
-116.5	12
-115.5	12
-114.5	9
-113.5	9
-112.5	6
-111.5	4.5
-110.5	18
-109.5	15
-108.5	11
-107.5	14
-106.5	11.25
-105.5	10
-104.5	10
-103.5	14
-102.5	7
-101.5	9
-100.5	11
 -99.5	9
 -98.5	12
 -97.5	9
 -96.5	5
 -95.5	7
 -94.5	5
 -93.5	9
 -92.5	10.5
 -91.5	10
 -90.5	9
 -89.5	6.5
 -88.5	8
 -87.5	8
 -86.5	10
 -85.5	20
 -84.5	8
 -83.5	10.5
 -82.5	13
 -81.5	7.5
 -80.5	12
 -79.5	13
 -78.5	12
 -77.5	7
 -76.5	10
 -75.5	5.5
 -74.5	11.5
 -73.5	10
 -72.5	14.3333
 -71.5	5.33333
 -70.5	6
 -69.5	10
 -68.5	12.5
 -67.5	10
 -66.5	12
 -65.5	9
 -64.5	18
 -63.5	8
 -62.5	9
 -61.5	13
 -60.5	5
 -59.5	11
 -58.5	9.5
 -57.5	11
 -56.5	7
 -55.5	5
 -54.5	11.5
 -53.5	11
 -52.5	10
 -51.5	13.5
 -50.5	5.5
 -49.5	10
 -48.5	12
 -47.5	14.5
 -46.5	12.25
 -45.5	17
 -44.5	11.5
 -43.5	11
 -42.5	6.83333
 -41.5	6
 -40.5	7
 -39.5	10
 -38.5	12.5
 -37.5	11.5
 -36.5	13
 -35.5	11
 -34.5	10
 -33.5	13.3333
 -32.5	6
 -31.5	8.33333
 -30.5	13
 -29.5	4
 -28.5	14
 -27.5	17
 -26.5	7.5
 -25.5	14
 -24.5	7
 -23.5	8
 -22.5	12
 -21.5	11.25
 -20.5	10
 -19.5	10
 -18.5	11
 -17.5	8
 -16.5	6
 -15.5	6
 -14.5	9
 -13.5	7
 -12.5	14.5
 -11.5	11
 -10.5	11
  -9.5	9
  -8.5	13.5
  -7.5	11
  -6.5	12
  -5.5	8.83333
  -4.5	13
  -3.5	8
  -2.5	9.33333
  -1.5	5.5
  -0.5	13.3333
   0.5	12
   1.5	13
   2.5	9
   3.5	6
   4.5	10
   5.5	14
   6.5	12
   7.5	7
   8.5	12
   9.5	10
  10.5	15.5
  11.5	13
  12.5	12
  13.5	10.75
  14.5	13.5
  15.5	10
  16.5	11.3333
  17.5	13
  18.5	8
  19.5	15
  20.5	8.5
  21.5	12
  22.5	18.5
  23.5	8.5
  24.5	9
  25.5	16
  26.5	15.5
  27.5	22
  28.5	10
  29.5	13
  30.5	9.5
  31.5	16
  32.5	6
  33.5	17
  34.5	10
  35.5	4.83333
  36.5	10
  37.5	14
  38.5	8
  39.5	13
  40.5	19
  41.5	10
  42.5	6.5
  43.5	7.5
  44.5	11
  45.5	11
  46.5	15
  47.5	9
  48.5	10.5
  49.5	7.5
  50.5	10
  51.5	16
  52.5	10
  53.5	13
  54.5	7
  55.5	11
  56.5	11.3333
  57.5	6
  58.5	15
  59.5	11.5
  60.5	9
  61.5	12
  62.5	8
  63.5	8
  64.5	6
  65.5	11
  66.5	13.3333
  67.5	9
  68.5	10
  69.5	17.5
  70.5	9
  71.5	10
  72.5	13
  73.5	14.25
  74.5	9.25
  75.5	10
  76.5	7
  77.5	9
  78.5	15
  79.5	12.5
  80.5	16
  81.5	11
  82.5	5
  83.5	7
  84.5	8
  85.5	6
  86.5	11.5
  87.5	17
  88.5	10
  89.5	14
  90.5	8
  91.5	6.5
  92.5	6
  93.5	13
  94.5	5
  95.5	13
  96.5	13
  97.5	12
  98.5	3
  99.5	8
 100.5	12.5
 101.5	7
 102.5	14.3333
 103.5	6
 104.5	3
 105.5	13.5
 106.5	10
 107.5	8
 108.5	13
 109.5	13
 110.5	7
 111.5	9
 112.5	8
 113.5	5
 114.5	13.5
 115.5	5
 116.5	7
 117.5	8
 118.5	7
 119.5	10
 120.5	6
 121.5	5.5
 122.5	8
 123.5	14
 124.5	8
 125.5	7
 126.5	12
 127.5	8
 128.5	10
 129.5	6
 130.5	8
 131.5	10.5
 132.5	9
 133.5	14
 134.5	4
 135.5	4.33333
 136.5	7
 137.5	11
 138.5	9
 139.5	5
 140.5	11
 141.5	12
 142.5	16
 143.5	14
 144.5	9
 145.5	6
 146.5	13.25
 147.5	4
 148.5	5
 149.5	9
 150.5	11
 151.5	11
 152.5	11
 153.5	6
 154.5	10.5
 155.5	9
 156.5	7.5
 157.5	8
 158.5	8
 159.5	12
 160.5	10
 161.5	9.5
 162.5	13
 163.5	10
 164.5	11
 165.5	16
 166.5	13
 167.5	9
 168.5	9
DB 2 MOTIF	COT2_HUMAN.H11MO.1.A
-166.5	10
-165.5	12
-164.5	14
-163.5	13
-162.5	10
-161.5	3
-160.5	8
-159.5	18.3333
-158.5	11
-157.5	8
-156.5	8
-155.5	8.5
-154.5	5.5
-153.5	8
-152.5	13
-151.5	5.5
-150.5	14
-149.5	7
-148.5	8
-147.5	10
-146.5	5.5
-145.5	11.5
-144.5	10
-143.5	9
-142.5	12
-141.5	12
-140.5	13
-139.5	14.5
-138.5	11
-137.5	12
-136.5	15
-135.5	10.5
-134.5	11
-133.5	9
-132.5	16
-131.5	7
-130.5	12.5
-129.5	14.5
-128.5	16.5
-127.5	14.75
-126.5	12
-125.5	9
-124.5	13.5
-123.5	8.5
-122.5	13
-121.5	9
-120.5	15
-119.5	8
-118.5	20.5
-117.5	6
-116.5	8
-115.5	10
-114.5	9.5
-113.5	12
-112.5	14
-111.5	13.5
-110.5	13
-109.5	11
-108.5	9
-107.5	20
-106.5	13
-105.5	11
-104.5	18
-103.5	11.5
-102.5	10
-101.5	11
-100.5	10
 -99.5	9
 -98.5	10
 -97.5	7
 -96.5	11
 -95.5	8
 -94.5	7
 -93.5	15
 -92.5	14
 -91.5	14
 -90.5	11
 -89.5	9
 -88.5	9.25
 -87.5	15
 -86.5	3
 -85.5	11
 -84.5	6
 -83.5	13
 -82.5	14.5
 -81.5	13
 -80.5	12.8333
 -79.5	11.5
 -78.5	10
 -77.5	19
 -76.5	13
 -75.5	11
 -74.5	10
 -73.5	12
 -72.5	6
 -71.5	10.5
 -70.5	10.5
 -69.5	8
 -68.5	13.5
 -67.5	21
 -66.5	10
 -65.5	10
 -64.5	12
 -63.5	12.5
 -62.5	7
 -61.5	13.5
 -60.5	11
 -59.5	10
 -58.5	11
 -57.5	12.5
 -56.5	10
 -55.5	12.5
 -54.5	12
 -53.5	12
 -52.5	8
 -51.5	9
 -50.5	6
 -49.5	9.5
 -48.5	12
 -47.5	10.5
 -46.5	12.5
 -45.5	15
 -44.5	8.5
 -43.5	16
 -42.5	10
 -41.5	10.5
 -40.5	14
 -39.5	10
 -38.5	11
 -37.5	8.5
 -36.5	11
 -35.5	15
 -34.5	8.5
 -33.5	15
 -32.5	10
 -31.5	10
 -30.5	7
 -29.5	6.5
 -28.5	8
 -27.5	8
 -26.5	8.5
 -25.5	13.5
 -24.5	19
 -23.5	8
 -22.5	16.5
 -21.5	9
 -20.5	9
 -19.5	11
 -18.5	8.5
 -17.5	10
 -16.5	12
 -15.5	11.5
 -14.5	13
 -13.5	5
 -12.5	10.5
 -11.5	15
 -10.5	8
  -9.5	13
  -8.5	13
  -7.5	18
  -6.5	8
  -5.5	15.8333
  -4.5	13
  -3.5	11.5
  -2.5	13.5
  -1.5	9.25
  -0.5	13
   0.5	14
   1.5	13
   2.5	12.3333
   3.5	8.33333
   4.5	12
   5.5	9
   6.5	11
   7.5	12
   8.5	9
   9.5	6.33333
  10.5	8
  11.5	15
  12.5	10
  13.5	18.5
  14.5	10.5
  15.5	19
  16.5	13
  17.5	12
  18.5	15
  19.5	11
  20.5	8
  21.5	11
  22.5	14
  23.5	10
  24.5	26
  25.5	14.3333
  26.5	15.5
  27.5	10
  28.5	18.5
  29.5	10
  30.5	15
  31.5	14
  32.5	5
  33.5	15
  34.5	11
  35.5	8
  36.5	11
  37.5	16
  38.5	11
  39.5	12.5
  40.5	17
  41.5	6
  42.5	10
  43.5	13
  44.5	12
  45.5	13
  46.5	6
  47.5	14
  48.5	15
  49.5	11
  50.5	13
  51.5	8
  52.5	10.3333
  53.5	10
  54.5	16
  55.5	8
  56.5	9
  57.5	9
  58.5	14
  59.5	7
  60.5	10
  61.5	9
  62.5	6.5
  63.5	13.5
  64.5	13
  65.5	11
  66.5	11
  67.5	8
  68.5	14
  69.5	18
  70.5	15.5
  71.5	15
  72.5	11
  73.5	12
  74.5	11
  75.5	10
  76.5	15
  77.5	12
  78.5	13
  79.5	7.5
  80.5	15.3333
  81.5	17.5
  82.5	11.5
  83.5	13
  84.5	10
  85.5	10
  86.5	16
  87.5	13
  88.5	3.5
  89.5	11
  90.5	16
  91.5	10.3333
  92.5	8
  93.5	9
  94.5	14
  95.5	5
  96.5	7.33333
  97.5	8
  98.5	18
  99.5	14
 100.5	6
 101.5	10
 102.5	12
 103.5	9.5
 104.5	9
 105.5	16
 106.5	14
 107.5	11.5
 108.5	9
 109.5	11.5
 110.5	10
 111.5	12
 112.5	7
 113.5	9
 114.5	12
 115.5	8.75
 116.5	12
 117.5	13
 118.5	11
 119.5	9
 120.5	11
 121.5	19
 122.5	8
 123.5	9
 124.5	11
 125.5	8
 126.5	6
 127.5	11
 128.5	6
 129.5	10
 130.5	17
 131.5	9
 132.5	6.5
 133.5	13.5
 134.5	12
 135.5	18
 136.5	9
 137.5	13
 138.5	7
 139.5	15
 140.5	14
 141.5	7
 142.5	9
 143.5	12.3333
 144.5	4.5
 145.5	15
 146.5	7
 147.5	13
 148.5	6
 149.5	12
 150.5	2
 151.5	6
 152.5	9
 153.5	15
 154.5	10
 155.5	11
 156.5	8
 157.5	6
 158.5	10.5
 159.5	14.5
 160.5	8
 161.5	9
 162.5	9.5
 163.5	7
 164.5	7
 165.5	14
 166.5	8
DB 2 MOTIF	EGR3_HUMAN.H11MO.0.D
-169.5	6.41667
-168.5	7.5
-167.5	5.83333
-166.5	6
-165.5	2.5
-164.5	9.16667
-163.5	5
-162.5	2.5
-161.5	7
-160.5	4.45833
-159.5	3.61111
-158.5	12.4583
-157.5	11.1374
-156.5	4.35833
-155.5	5.13743
-154.5	3.79167
-153.5	2.52632
-152.5	4.70833
-151.5	11.0263
-150.5	4.125
-149.5	4.19298
-148.5	9.29167
-147.5	7.02632
-146.5	7.45833
-145.5	7.15132
-144.5	3.625
-143.5	7.15132
-142.5	4.60833
-141.5	5.02632
-140.5	6.25181
-139.5	6.85965
-138.5	7.125
-137.5	7.35965
-136.5	2.125
-135.5	9
-134.5	6.54167
-133.5	10
-132.5	8.70833
-131.5	5.06667
-130.5	5.80192
-129.5	6.4
-128.5	8.35
-127.5	7.81667
-126.5	8.68333
-125.5	5.73333
-124.5	6.35
-123.5	7.06667
-122.5	4.81667
-121.5	10.2041
-120.5	5.41667
-119.5	8.75965
-118.5	7.5
-117.5	5.59298
-116.5	4.47681
-115.5	5.77202
-114.5	8.64348
-113.5	3.37917
-112.5	5.45459
-111.5	8.43869
-110.5	4.02126
-109.5	6.93869
-108.5	9.16111
-107.5	9.10536
-106.5	6.11111
-105.5	9.97917
-104.5	7.48792
-103.5	8.0625
-102.5	5.32126
-101.5	4.08882
-100.5	7.04348
 -99.5	5.08882
 -98.5	1.14286
 -97.5	11.0888
 -96.5	3.62037
 -95.5	10.6032
 -94.5	3.78704
 -93.5	9.76991
 -92.5	4.7037
 -91.5	7.10324
 -90.5	2.93287
 -89.5	5.60324
 -88.5	9.09954
 -87.5	6.02632
 -86.5	5.2662
 -85.5	5.13743
 -84.5	5.2662
 -83.5	3.28028
 -82.5	2.93287
 -81.5	4.13743
 -80.5	6.21392
 -79.5	12.0041
 -78.5	5.63058
 -77.5	3.41435
 -76.5	5.13058
 -75.5	7.50602
 -74.5	4.43445
 -73.5	11.881
 -72.5	5.17688
 -71.5	6.46435
 -70.5	11.9864
 -69.5	8.58935
 -68.5	6.56974
 -67.5	5.49961
 -66.5	4.1364
 -65.5	4.69802
 -64.5	7.81974
 -63.5	7.30516
 -62.5	6.31974
 -61.5	11.7282
 -60.5	12.5197
 -59.5	8.233
 -58.5	10.201
 -57.5	10.7163
 -56.5	5.80001
 -55.5	6.63419
 -54.5	6.55654
 -53.5	8.79121
 -52.5	8.67009
 -51.5	4.45904
 -50.5	9.37661
 -49.5	8.79237
 -48.5	11.6861
 -47.5	8.23926
 -46.5	6.62731
 -45.5	2.87259
 -44.5	14.2718
 -43.5	3.12259
 -42.5	6.1289
 -41.5	9.78926
 -40.5	4.8664
 -39.5	5.68509
 -38.5	2.94973
 -37.5	7.01843
 -36.5	9.03307
 -35.5	6.28033
 -34.5	7.6164
 -33.5	6.39144
 -32.5	7.8866
 -31.5	6.39144
 -30.5	7.21993
 -29.5	7.30053
 -28.5	10.9699
 -27.5	8.4672
 -26.5	6.76341
 -25.5	6.72361
 -24.5	9.32602
 -23.5	8.36944
 -22.5	15.7427
 -21.5	4.56944
 -20.5	11.3566
 -19.5	8.05278
 -18.5	8.23357
 -17.5	5.62827
 -16.5	6.65676
 -15.5	7.10049
 -14.5	6.04565
 -13.5	12.1719
 -12.5	12.779
 -11.5	6.25767
 -10.5	2.04565
  -9.5	10.0255
  -8.5	7.69545
  -7.5	14.0218
  -6.5	4.37878
  -5.5	13.0343
  -4.5	6.69545
  -3.5	5.41768
  -2.5	7.69545
  -1.5	10.4296
  -0.5	11.0484
   0.5	4.51473
   1.5	3.73892
   2.5	6.0814
   3.5	10.0675
   4.5	5.55759
   5.5	7.45724
   6.5	10.2583
   7.5	8.95724
   8.5	3.87915
   9.5	10.0557
  10.5	12.1547
  11.5	7.79639
  12.5	7.58332
  13.5	4.54884
  14.5	7.86473
  15.5	9.77264
  16.5	11.3226
  17.5	10.606
  18.5	6.59757
  19.5	13.1893
  20.5	9.30019
  21.5	6.22917
  22.5	8.84692
  23.5	5.26667
  24.5	6.67549
  25.5	4.5
  26.5	7.01191
  27.5	10.5
  28.5	7.78691
  29.5	7.16667
  30.5	5.72143
  31.5	7.5625
  32.5	12.435
  33.5	6.5625
  34.5	5.96832
  35.5	5.3125
  36.5	4.20582
  37.5	8.62917
  38.5	10.5391
  39.5	6.10795
  40.5	7.55149
  41.5	7.81629
  42.5	10.2344
  43.5	4.48295
  44.5	3.23439
  45.5	4.23295
  46.5	7.19091
  47.5	5.43295
  48.5	9.52424
  49.5	4.56629
  50.5	9.19091
  51.5	7.73295
  52.5	9.49646
  53.5	6.73295
  54.5	7.56313
  55.5	7.06629
  56.5	5.81313
  57.5	3.15143
  58.5	7.9298
  59.5	6.65143
  60.5	5.01313
  61.5	9.85795
  62.5	6.78889
  63.5	8.12879
  64.5	10.4556
  65.5	3.46212
  66.5	10.7722
  67.5	6.04545
  68.5	8.45556
  69.5	10.1455
  70.5	1.68175
  71.5	7.31393
  72.5	5.70556
  73.5	9.66512
  74.5	7.70556
  75.5	7.56574
  76.5	8.33056
  77.5	6.71671
  78.5	6.49722
  79.5	6.8556
  80.5	6.70556
  81.5	8.14545
  82.5	5.70556
  83.5	6.225
  84.5	5.26389
  85.5	7.475
  86.5	6.26389
  87.5	3.26848
  88.5	5.85119
  89.5	6.61292
  90.5	9.83452
  91.5	11.4583
  92.5	18.6917
  93.5	9.95833
  94.5	8.925
  95.5	6.50181
  96.5	6.19167
  97.5	9.75181
  98.5	5.53333
  99.5	2.87681
 100.5	10
 101.5	7.25362
 102.5	6
 103.5	6.08696
 104.5	7.16667
 105.5	5.16667
 106.5	6.83333
 107.5	3
 108.5	3.5
 109.5	3
 110.5	3
 111.5	6.25
 112.5	5.33333
 113.5	5.58333
 114.5	6
 115.5	6.27778
 116.5	4
 117.5	5.33333
 118.5	10.5
 119.5	4.83333
 120.5	4
 121.5	4.25
 122.5	2.58333
 123.5	5.91667
 124.5	10.285
 125.5	6.375
 126.5	8.03501
 127.5	7.95833
 128.5	5.14216
 129.5	7.725
 130.5	7.14216
 131.5	5.80833
 132.5	13.8088
 133.5	5.05833
 134.5	7.40882
 135.5	3.64583
 136.5	2.49216
 137.5	8.14583
 138.5	5.19216
 139.5	9.5625
 140.5	10.1172
 141.5	4.22917
 142.5	6.10807
 143.5	5.5625
 144.5	4.23307
 145.5	7.22917
 146.5	3.38584
 147.5	5.0625
 148.5	6.27473
 149.5	3.39583
 150.5	4.48307
 151.5	3.64583
 152.5	8.64973
 153.5	7.0625
 154.5	4.34973
 155.5	5.43931
 156.5	9.34973
 157.5	2.67741
 158.5	7.29091
 159.5	10.1339
 160.5	5.29091
 161.5	5.22917
 162.5	9.29091
 163.5	1.8125
 164.5	5
 165.5	4.3125
 166.5	11.125
 167.5	8.33333
 168.5	6.16667
 169.5	6.04348
DB 2 MOTIF	ERR1_HUMAN.H11MO.0.A
-167.5	6
-166.5	9
-165.5	7
-164.5	5
-163.5	3
-162.5	10
-161.5	13
-160.5	6
-159.5	7
-158.5	3.33333
-157.5	6.5
-156.5	8
-155.5	4
-154.5	6
-153.5	7
-152.5	10
-151.5	6
-150.5	7
-149.5	8
-148.5	6
-147.5	5
-146.5	6
-145.5	7
-144.5	3
-143.5	8
-142.5	13.5
-141.5	4
-140.5	8
-139.5	1
-138.5	8
-137.5	5
-136.5	6
-135.5	9
-134.5	6
-133.5	3
-132.5	6
-131.5	6
-130.5	3
-129.5	12
-128.5	1
-127.5	4
-126.5	9
-125.5	8
-124.5	7
-123.5	3
-122.5	6
-121.5	9
-120.5	7
-119.5	4
-118.5	2
-117.5	7
-116.5	7
-115.5	6.5
-114.5	5
-113.5	4
-112.5	6
-111.5	4
-110.5	7
-109.5	4
-108.5	7
-107.5	7
-106.5	5
-105.5	7
-104.5	8
-103.5	10
-102.5	5
-101.5	6
-100.5	2
 -99.5	6
 -98.5	7
 -97.5	5
 -96.5	5
 -95.5	4
 -94.5	9
 -93.5	6
 -92.5	8
 -91.5	7
 -90.5	10
 -89.5	10
 -88.5	8.33333
 -87.5	5
 -86.5	6
 -85.5	6
 -84.5	4
 -83.5	8.83333
 -82.5	9
 -81.5	2
 -80.5	11
 -79.5	7
 -78.5	5.5
 -77.5	5
 -76.5	6
 -75.5	4
 -74.5	10
 -73.5	9
 -72.5	4
 -71.5	3
 -70.5	7
 -69.5	10
 -68.5	3
 -67.5	9
 -66.5	5
 -65.5	6
 -64.5	7
 -63.5	10
 -62.5	5
 -61.5	5
 -60.5	3
 -59.5	4
 -58.5	5
 -57.5	8
 -56.5	5
 -55.5	8
 -54.5	13
 -53.5	6
 -52.5	12
 -51.5	8
 -50.5	12
 -49.5	10
 -48.5	5
 -47.5	6
 -46.5	9
 -45.5	11
 -44.5	6
 -43.5	8
 -42.5	8
 -41.5	6
 -40.5	3.5
 -39.5	9
 -38.5	8
 -37.5	8
 -36.5	7
 -35.5	6
 -34.5	8
 -33.5	8
 -32.5	8
 -31.5	5
 -30.5	3
 -29.5	3
 -28.5	10
 -27.5	9
 -26.5	7.5
 -25.5	12
 -24.5	4
 -23.5	5
 -22.5	15
 -21.5	12
 -20.5	8
 -19.5	7
 -18.5	9
 -17.5	9
 -16.5	5.33333
 -15.5	8
 -14.5	7
 -13.5	4
 -12.5	10
 -11.5	5
 -10.5	4
  -9.5	3.5
  -8.5	8
  -7.5	6
  -6.5	9
  -5.5	7
  -4.5	17
  -3.5	10
  -2.5	10
  -1.5	7.33333
  -0.5	9
   0.5	10
   1.5	9
   2.5	7
   3.5	3
   4.5	5
   5.5	9
   6.5	6
   7.5	6
   8.5	8
   9.5	8
  10.5	9
  11.5	8
  12.5	7
  13.5	7
  14.5	6
  15.5	11.5
  16.5	7.5
  17.5	7
  18.5	6
  19.5	9.5
  20.5	8
  21.5	10.5
  22.5	10
  23.5	7
  24.5	6
  25.5	12
  26.5	7
  27.5	15
  28.5	9
  29.5	7
  30.5	7.5
  31.5	12
  32.5	7
  33.5	10
  34.5	4
  35.5	5
  36.5	10
  37.5	9
  38.5	4
  39.5	7
  40.5	8
  41.5	6
  42.5	8.5
  43.5	5
  44.5	9
  45.5	5
  46.5	6
  47.5	3
  48.5	7.5
  49.5	10
  50.5	6
  51.5	9
  52.5	6
  53.5	6
  54.5	7
  55.5	9
  56.5	6
  57.5	9
  58.5	8
  59.5	7
  60.5	2
  61.5	7
  62.5	5
  63.5	11
  64.5	3
  65.5	5.5
  66.5	5.5
  67.5	10
  68.5	6
  69.5	15
  70.5	5
  71.5	7
  72.5	7
  73.5	14
  74.5	5
  75.5	5
  76.5	2
  77.5	7
  78.5	7
  79.5	6
  80.5	7
  81.5	7
  82.5	7
  83.5	5
  84.5	12.5
  85.5	6
  86.5	6
  87.5	10
  88.5	9
  89.5	10
  90.5	5
  91.5	8
  92.5	10
  93.5	11
  94.5	8
  95.5	7
  96.5	5.33333
  97.5	9
  98.5	5
  99.5	4
 100.5	5
 101.5	5
 102.5	6
 103.5	5
 104.5	6
 105.5	6
 106.5	6
 107.5	5
 108.5	4
 109.5	7
 110.5	7
 111.5	5
 112.5	7
 113.5	4
 114.5	11
 115.5	1
 116.5	5.5
 117.5	8
 118.5	7
 119.5	4
 120.5	3
 121.5	5
 122.5	7
 123.5	5
 124.5	6
 125.5	5
 126.5	3
 127.5	8
 128.5	5
 129.5	4
 130.5	8
 131.5	3
 132.5	8
 133.5	6
 134.5	3
 135.5	1
 136.5	3
 137.5	4
 138.5	8
 139.5	4
 140.5	9
 141.5	4
 142.5	5
 143.5	6
 144.5	6
 145.5	5
 146.5	8
 147.5	4
 148.5	8
 149.5	6.5
 150.5	7
 151.5	8
 152.5	5
 153.5	2
 154.5	7
 155.5	3
 156.5	4
 157.5	11
 158.5	5
 159.5	5
 160.5	3
 161.5	9
 162.5	6
 163.5	4
 164.5	9
 165.5	10
 166.5	7
 167.5	7
DB 2 MOTIF	ERR2_HUMAN.H11MO.0.A
-170.5	6
-169.5	7
-168.5	10.2
-167.5	7
-166.5	10
-165.5	7
-164.5	5
-163.5	5
-162.5	6
-161.5	9
-160.5	10
-159.5	11
-158.5	9
-157.5	8
-156.5	4
-155.5	8
-154.5	7
-153.5	6
-152.5	10
-151.5	12
-150.5	5
-149.5	7.5
-148.5	5
-147.5	5
-146.5	5
-145.5	4
-144.5	8
-143.5	7
-142.5	4
-141.5	7.5
-140.5	8
-139.5	4
-138.5	6
-137.5	3
-136.5	7.5
-135.5	7
-134.5	5.33333
-133.5	10
-132.5	5.5
-131.5	8
-130.5	5
-129.5	5.53333
-128.5	9
-127.5	13
-126.5	6
-125.5	5
-124.5	9
-123.5	13
-122.5	9
-121.5	7
-120.5	4
-119.5	4.14286
-118.5	8
-117.5	6
-116.5	5
-115.5	8.5
-114.5	6.5
-113.5	5
-112.5	11
-111.5	2
-110.5	8.5
-109.5	2
-108.5	8.5
-107.5	7
-106.5	7
-105.5	9
-104.5	4
-103.5	8
-102.5	6
-101.5	9
-100.5	7.33333
 -99.5	6
 -98.5	6
 -97.5	8
 -96.5	9
 -95.5	7
 -94.5	6.83333
 -93.5	1.5
 -92.5	8
 -91.5	9
 -90.5	10.3333
 -89.5	10
 -88.5	8
 -87.5	7
 -86.5	5
 -85.5	5.5
 -84.5	6
 -83.5	5
 -82.5	4
 -81.5	8
 -80.5	8
 -79.5	5
 -78.5	13
 -77.5	10
 -76.5	6
 -75.5	3
 -74.5	4
 -73.5	4
 -72.5	10
 -71.5	4.5
 -70.5	6
 -69.5	7
 -68.5	4
 -67.5	12.5
 -66.5	4
 -65.5	9.33333
 -64.5	7.2
 -63.5	6
 -62.5	5
 -61.5	5
 -60.5	6
 -59.5	9
 -58.5	5
 -57.5	7.33333
 -56.5	5
 -55.5	10.5
 -54.5	7
 -53.5	10.5
 -52.5	11
 -51.5	3.2
 -50.5	14.5
 -49.5	9
 -48.5	10
 -47.5	13
 -46.5	5
 -45.5	6
 -44.5	12
 -43.5	10
 -42.5	9
 -41.5	9
 -40.5	10
 -39.5	7
 -38.5	2
 -37.5	9.33333
 -36.5	7
 -35.5	8.33333
 -34.5	9
 -33.5	5
 -32.5	7.33333
 -31.5	3.5
 -30.5	13
 -29.5	9
 -28.5	6.5
 -27.5	8
 -26.5	3
 -25.5	12
 -24.5	14
 -23.5	9.47619
 -22.5	7.5
 -21.5	11
 -20.5	14
 -19.5	11
 -18.5	10
 -17.5	6
 -16.5	3
 -15.5	7
 -14.5	8
 -13.5	10
 -12.5	7
 -11.5	11.5
 -10.5	15
  -9.5	11
  -8.5	10.5
  -7.5	8.5
  -6.5	12
  -5.5	6
  -4.5	10
  -3.5	2.5
  -2.5	8
  -1.5	12.5
  -0.5	5
   0.5	5
   1.5	11
   2.5	13
   3.5	10.5
   4.5	5
   5.5	5
   6.5	8
   7.5	12
   8.5	11.8333
   9.5	7
  10.5	6.5
  11.5	6
  12.5	6
  13.5	13.2
  14.5	9.33333
  15.5	3
  16.5	3
  17.5	12.3333
  18.5	9.5
  19.5	7
  20.5	9
  21.5	4
  22.5	4
  23.5	11.5
  24.5	8
  25.5	17.5
  26.5	10
  27.5	13.5
  28.5	8
  29.5	13.3333
  30.5	7
  31.5	7.5
  32.5	10.5
  33.5	6
  34.5	11
  35.5	9
  36.5	8
  37.5	7
  38.5	11
  39.5	10
  40.5	5.5
  41.5	13
  42.5	6
  43.5	17.5
  44.5	7
  45.5	5
  46.5	8.5
  47.5	5
  48.5	2
  49.5	6
  50.5	4
  51.5	6
  52.5	6
  53.5	13
  54.5	7
  55.5	8.5
  56.5	11.5
  57.5	10
  58.5	4
  59.5	8.5
  60.5	8
  61.5	8
  62.5	5
  63.5	6
  64.5	2.33333
  65.5	6
  66.5	5
  67.5	10
  68.5	9
  69.5	13
  70.5	9.5
  71.5	13.5
  72.5	6.14286
  73.5	5
  74.5	7
  75.5	9
  76.5	9.5
  77.5	6
  78.5	8
  79.5	8
  80.5	12
  81.5	5.5
  82.5	5
  83.5	6
  84.5	2
  85.5	9
  86.5	11
  87.5	9.5
  88.5	8
  89.5	9
  90.5	10.3333
  91.5	10.1429
  92.5	7
  93.5	6
  94.5	8
  95.5	14
  96.5	6.66667
  97.5	7.33333
  98.5	11
  99.5	8
 100.5	6
 101.5	7
 102.5	9
 103.5	8
 104.5	6
 105.5	8
 106.5	6.5
 107.5	6
 108.5	8
 109.5	4
 110.5	10
 111.5	9
 112.5	7
 113.5	6
 114.5	9
 115.5	3.14286
 116.5	8.5
 117.5	4
 118.5	5
 119.5	7
 120.5	8
 121.5	12
 122.5	6
 123.5	3
 124.5	4
 125.5	7
 126.5	4
 127.5	5
 128.5	4
 129.5	6
 130.5	6
 131.5	4
 132.5	9
 133.5	2
 134.5	6
 135.5	9
 136.5	5.5
 137.5	4
 138.5	6
 139.5	4
 140.5	8
 141.5	7
 142.5	10.3333
 143.5	3
 144.5	7.14286
 145.5	7
 146.5	7
 147.5	5
 148.5	5
 149.5	4
 150.5	9
 151.5	5.5
 152.5	9
 153.5	9
 154.5	4.5
 155.5	6
 156.5	5
 157.5	10.5
 158.5	6.5
 159.5	13
 160.5	8
 161.5	6
 162.5	4
 163.5	7.14286
 164.5	9
 165.5	9.5
 166.5	8
 167.5	6
 168.5	10
 169.5	5
 170.5	8
DB 2 MOTIF	FOXA1_HUMAN.H11MO.0.A
-169.0	1
-168.0	3.08333
-167.0	5.14286
-166.0	7
-165.0	6.2
-164.0	6.5
-163.0	5
-162.0	2.33333
-161.0	9.5
-160.0	9
-159.0	6.5
-158.0	7
-157.0	7.5
-156.0	14
-155.0	4
-154.0	7
-153.0	12
-152.0	10.25
-151.0	4
-150.0	3
-149.0	1
-148.0	8.14286
-147.0	5
-146.0	12.5
-145.0	5
-144.0	11.8333
-143.0	6
-142.0	12
-141.0	3
-140.0	8
-139.0	5.66667
-138.0	2.5
-137.0	7
-136.0	4
-135.0	6.33333
-134.0	12
-133.0	11.2
-132.0	6.75
-131.0	6.5
-130.0	10
-129.0	10.5
-128.0	4
-127.0	9
-126.0	10.0833
-125.0	13.2
-124.0	1.5
-123.0	8
-122.0	9
-121.0	5
-120.0	8.5
-119.0	6
-118.0	9
-117.0	3.5
-116.0	5.25
-115.0	6
-114.0	1
-113.0	9
-112.0	11
-111.0	7.2
-110.0	7
-109.0	4.14286
-108.0	10
-107.0	3.08333
-106.0	7
-105.0	5
-104.0	3
-103.0	10
-102.0	3
-101.0	2
-100.0	7.14286
 -99.0	11
 -98.0	6
 -97.0	8
 -96.0	11.5
 -95.0	3
 -94.0	4
 -93.0	11
 -92.0	8
 -91.0	7.16667
 -90.0	4
 -89.0	8
 -88.0	11
 -87.0	11.5833
 -86.0	10.5
 -85.0	8
 -84.0	5.58333
 -83.0	6
 -82.0	6
 -81.0	7
 -80.0	5
 -79.0	7.25
 -78.0	8
 -77.0	4
 -76.0	11
 -75.0	14.5
 -74.0	9
 -73.0	11
 -72.0	7
 -71.0	7.78571
 -70.0	5
 -69.0	11
 -68.0	7.16667
 -67.0	9
 -66.0	8
 -65.0	9
 -64.0	6
 -63.0	5
 -62.0	8
 -61.0	5.25
 -60.0	9.5
 -59.0	11.2
 -58.0	7
 -57.0	11
 -56.0	6
 -55.0	8.25
 -54.0	9
 -53.0	6.66667
 -52.0	12.1429
 -51.0	8.16667
 -50.0	12
 -49.0	6
 -48.0	8.83333
 -47.0	12
 -46.0	4
 -45.0	10
 -44.0	9
 -43.0	7
 -42.0	8.58333
 -41.0	14
 -40.0	4.2
 -39.0	9
 -38.0	12
 -37.0	15.5
 -36.0	9
 -35.0	10.5
 -34.0	6.16667
 -33.0	10
 -32.0	10
 -31.0	10
 -30.0	9
 -29.0	9
 -28.0	22
 -27.0	8
 -26.0	10.5
 -25.0	9
 -24.0	14
 -23.0	8.58333
 -22.0	19
 -21.0	6
 -20.0	10.5
 -19.0	6
 -18.0	14
 -17.0	8.66667
 -16.0	8
 -15.0	6
 -14.0	11
 -13.0	9.5
 -12.0	10
 -11.0	12.5
 -10.0	8
  -9.0	7.16667
  -8.0	8.5
  -7.0	7.5
  -6.0	14
  -5.0	10
  -4.0	5.14286
  -3.0	12
  -2.0	2
  -1.0	13.6429
   0.0	11.75
   1.0	11.5
   2.0	8
   3.0	5.33333
   4.0	13
   5.0	7
   6.0	4
   7.0	6.33333
   8.0	6
   9.0	7
  10.0	4
  11.0	9
  12.0	13
  13.0	10.5
  14.0	10
  15.0	10.1429
  16.0	7
  17.0	8.16667
  18.0	5
  19.0	8
  20.0	11
  21.0	13.5
  22.0	8.25
  23.0	8.08333
  24.0	7.83333
  25.0	9
  26.0	8.5
  27.0	9
  28.0	14
  29.0	8
  30.0	13.5
  31.0	8
  32.0	8
  33.0	9.25
  34.0	4
  35.0	5
  36.0	10
  37.0	12.1429
  38.0	11.5
  39.0	7.53333
  40.0	15
  41.0	6.33333
  42.0	8
  43.0	6
  44.0	13
  45.0	13.6667
  46.0	12
  47.0	10
  48.0	5
  49.0	16.75
  50.0	5
  51.0	11
  52.0	7
  53.0	11.5
  54.0	8
  55.0	11
  56.0	9
  57.0	7
  58.0	12
  59.0	10.5
  60.0	10.5
  61.0	4.08333
  62.0	8.5
  63.0	8.5
  64.0	8
  65.0	12.5
  66.0	3
  67.0	10.7
  68.0	8
  69.0	7.33333
  70.0	11
  71.0	7
  72.0	5
  73.0	8.14286
  74.0	7
  75.0	6
  76.0	8.5
  77.0	6
  78.0	8.5
  79.0	9
  80.0	9
  81.0	5
  82.0	9
  83.0	4
  84.0	4
  85.0	6
  86.0	10.5
  87.0	13
  88.0	5.5
  89.0	6
  90.0	11
  91.0	10
  92.0	7.33333
  93.0	3
  94.0	5.5
  95.0	9
  96.0	8.5
  97.0	6
  98.0	5.25
  99.0	10
 100.0	12
 101.0	3
 102.0	7.5
 103.0	14
 104.0	11.5
 105.0	3
 106.0	5
 107.0	7.64286
 108.0	12.5
 109.0	5
 110.0	5
 111.0	7
 112.0	10
 113.0	13
 114.0	7
 115.0	8
 116.0	5.5
 117.0	2
 118.0	7
 119.0	8
 120.0	6.33333
 121.0	4.08333
 122.0	5
 123.0	4.33333
 124.0	8
 125.0	6
 126.0	10.2
 127.0	6
 128.0	8
 129.0	8.5
 130.0	5
 131.0	4
 132.0	8.5
 133.0	5
 134.0	6.5
 135.0	8
 136.0	9.5
 137.0	5
 138.0	7
 139.0	4.33333
 140.0	12
 141.0	4
 142.0	10
 143.0	6.64286
 144.0	3.08333
 145.0	5.5
 146.0	8
 147.0	3.33333
 148.0	8
 149.0	8.5
 150.0	11
 151.0	9
 152.0	11
 153.0	3
 154.0	3.5
 155.0	9
 156.0	5.5
 157.0	6.5
 158.0	9
 159.0	6.2
 160.0	4
 161.0	2
 162.0	10.3333
 163.0	5.58333
 164.0	7
 165.0	6.25
 166.0	5.5
 167.0	8
 168.0	9.5
 169.0	8
DB 2 MOTIF	FOXA2_HUMAN.H11MO.0.A
-169.0	2.2
-168.0	4
-167.0	7
-166.0	6
-165.0	5.2
-164.0	5.5
-163.0	5
-162.0	2.33333
-161.0	11
-160.0	9
-159.0	8.5
-158.0	7.27778
-157.0	9
-156.0	11.5
-155.0	2.5
-154.0	4
-153.0	11
-152.0	9.25
-151.0	4.5
-150.0	3.14286
-149.0	3.25
-148.0	8.5
-147.0	5
-146.0	12.5
-145.0	4
-144.0	9.83333
-143.0	5
-142.0	10
-141.0	4
-140.0	10.3333
-139.0	6.5
-138.0	2
-137.0	5
-136.0	3.5
-135.0	6.33333
-134.0	9.7
-133.0	10
-132.0	5.5
-131.0	6
-130.0	6
-129.0	10.5
-128.0	3.5
-127.0	7
-126.0	8
-125.0	8.45
-124.0	2.5
-123.0	7.5
-122.0	8.11111
-121.0	6
-120.0	7.5
-119.0	6
-118.0	9.16667
-117.0	4.83333
-116.0	6.25
-115.0	7.5
-114.0	2
-113.0	7.5
-112.0	12
-111.0	7
-110.0	5
-109.0	4.28571
-108.0	10.3333
-107.0	2
-106.0	8
-105.0	6
-104.0	4
-103.0	13
-102.0	3
-101.0	3.66667
-100.0	8.11111
 -99.0	9
 -98.0	6
 -97.0	9
 -96.0	12.5
 -95.0	3
 -94.0	4
 -93.0	10.5
 -92.0	7
 -91.0	9
 -90.0	5
 -89.0	10
 -88.0	10
 -87.0	9.5
 -86.0	8.5
 -85.0	9.5
 -84.0	6
 -83.0	6
 -82.0	9
 -81.0	6
 -80.0	6
 -79.0	9.25
 -78.0	7
 -77.0	5
 -76.0	9.83333
 -75.0	12
 -74.0	7.61111
 -73.0	9
 -72.0	5
 -71.0	8.14286
 -70.0	4
 -69.0	9
 -68.0	7.16667
 -67.0	7
 -66.0	8
 -65.0	10
 -64.0	5
 -63.0	4
 -62.0	8
 -61.0	6.75
 -60.0	10.2
 -59.0	11
 -58.0	9
 -57.0	9.16667
 -56.0	7.11111
 -55.0	7.5
 -54.0	10.5
 -53.0	9.5
 -52.0	12
 -51.0	9.16667
 -50.0	9.25
 -49.0	7
 -48.0	9.83333
 -47.0	13
 -46.0	5
 -45.0	13.5
 -44.0	9
 -43.0	7
 -42.0	7.5
 -41.0	13.1429
 -40.0	3.53333
 -39.0	9
 -38.0	11
 -37.0	17.5
 -36.0	10
 -35.0	9
 -34.0	5.16667
 -33.0	7
 -32.0	9
 -31.0	9
 -30.0	9
 -29.0	4
 -28.0	21.5
 -27.0	10
 -26.0	10.5
 -25.0	8
 -24.0	12
 -23.0	11.5
 -22.0	16.25
 -21.0	4
 -20.0	8.5
 -19.0	8.5
 -18.0	13
 -17.0	8.16667
 -16.0	6
 -15.0	6
 -14.0	10
 -13.0	10.5
 -12.0	9.11111
 -11.0	12
 -10.0	9.5
  -9.0	9.5
  -8.0	8.5
  -7.0	8
  -6.0	13
  -5.0	10.25
  -4.0	6
  -3.0	10
  -2.0	3.5
  -1.0	15.1429
   0.0	10.3095
   1.0	11.5
   2.0	6
   3.0	5.5
   4.0	13
   5.0	7
   6.0	5
   7.0	8.33333
   8.0	8
   9.0	6.5
  10.0	3
  11.0	9
  12.0	9.25
  13.0	10
  14.0	10
  15.0	11
  16.0	5
  17.0	8.16667
  18.0	5
  19.0	7
  20.0	8
  21.0	11.8667
  22.0	8
  23.0	9
  24.0	8.83333
  25.0	7
  26.0	6
  27.0	8.5
  28.0	14
  29.0	7
  30.0	11.5
  31.0	6.66667
  32.0	9
  33.0	9
  34.0	3
  35.0	4.5
  36.0	8.66667
  37.0	10.1429
  38.0	8.5
  39.0	7.53333
  40.0	14
  41.0	6.33333
  42.0	6
  43.0	7
  44.0	12
  45.0	13
  46.0	10.75
  47.0	11
  48.0	6
  49.0	15.5
  50.0	6
  51.0	10
  52.0	6
  53.0	15
  54.0	4
  55.0	11
  56.0	13
  57.0	8.16667
  58.0	11
  59.0	12
  60.0	9
  61.0	5
  62.0	5.5
  63.0	8.7
  64.0	7
  65.0	13
  66.0	4
  67.0	9
  68.0	11
  69.0	6.33333
  70.0	11
  71.0	6
  72.0	5.11111
  73.0	8.47619
  74.0	7
  75.0	3
  76.0	10
  77.0	6
  78.0	6.5
  79.0	9
  80.0	7.14286
  81.0	5
  82.0	6
  83.0	4
  84.0	4
  85.0	7.41667
  86.0	11.6111
  87.0	13.5
  88.0	4
  89.0	7
  90.0	7.25
  91.0	7.5
  92.0	6.83333
  93.0	4.5
  94.0	7.5
  95.0	8
  96.0	8.5
  97.0	6
  98.0	5
  99.0	11
 100.0	10
 101.0	5
 102.0	7.5
 103.0	13.25
 104.0	13.6429
 105.0	3
 106.0	5
 107.0	4.64286
 108.0	11.25
 109.0	4.16667
 110.0	6
 111.0	7
 112.0	10
 113.0	10
 114.0	5
 115.0	8.25
 116.0	5.5
 117.0	5.14286
 118.0	9
 119.0	5.14286
 120.0	6.11111
 121.0	2.64286
 122.0	3
 123.0	6.83333
 124.0	11
 125.0	5.14286
 126.0	9.2
 127.0	6.5
 128.0	9
 129.0	7.14286
 130.0	3.25
 131.0	3
 132.0	9.5
 133.0	4.14286
 134.0	4
 135.0	8.5
 136.0	8.75
 137.0	5.14286
 138.0	7
 139.0	3.33333
 140.0	11
 141.0	4
 142.0	9.16667
 143.0	7.47619
 144.0	2.5
 145.0	4
 146.0	8
 147.0	3.33333
 148.0	8
 149.0	9
 150.0	10
 151.0	10
 152.0	9
 153.0	3
 154.0	3.5
 155.0	8
 156.0	5.75
 157.0	5.5
 158.0	9
 159.0	5
 160.0	1.14286
 161.0	3
 162.0	8
 163.0	4.5
 164.0	5
 165.0	6
 166.0	5.5
 167.0	6
 168.0	9
 169.0	9.25
DB 2 MOTIF	FOXA3_HUMAN.H11MO.0.B
-168.5	8
-167.5	4
-166.5	6
-165.5	7
-164.5	9
-163.5	3
-162.5	6.5
-161.5	4.25
-160.5	7
-159.5	11
-158.5	9
-157.5	6
-156.5	7.5
-155.5	11
-154.5	9
-153.5	6.5
-152.5	3
-151.5	8
-150.5	2
-149.5	5
-148.5	7
-147.5	8
-146.5	5.5
-145.5	7.5
-144.5	10.5
-143.5	8
-142.5	8
-141.5	5
-140.5	9
-139.5	2
-138.5	9.5
-137.5	4
-136.5	5.5
-135.5	8
-134.5	8
-133.5	7.33333
-132.5	10
-131.5	12
-130.5	9.5
-129.5	7.5
-128.5	9.5
-127.5	12
-126.5	3
-125.5	5.33333
-124.5	9
-123.5	12.5
-122.5	8
-121.5	8
-120.5	5
-119.5	5.25
-118.5	6
-117.5	8
-116.5	10
-115.5	2
-114.5	6.5
-113.5	8
-112.5	9
-111.5	13
-110.5	7.14286
-109.5	8
-108.5	4
-107.5	10
-106.5	11
-105.5	7
-104.5	6
-103.5	6
-102.5	6
-101.5	15
-100.5	3
 -99.5	8
 -98.5	7.33333
 -97.5	16
 -96.5	7
 -95.5	6
 -94.5	11.5
 -93.5	5.5
 -92.5	9
 -91.5	13.5
 -90.5	11
 -89.5	6
 -88.5	6.5
 -87.5	8
 -86.5	9
 -85.5	6
 -84.5	9
 -83.5	8
 -82.5	7.5
 -81.5	6
 -80.5	14
 -79.5	11
 -78.5	10
 -77.5	9
 -76.5	14.5
 -75.5	9
 -74.5	10
 -73.5	8.33333
 -72.5	7.14286
 -71.5	6
 -70.5	9
 -69.5	8
 -68.5	12
 -67.5	8
 -66.5	8
 -65.5	9
 -64.5	9
 -63.5	9
 -62.5	8.5
 -61.5	13
 -60.5	13
 -59.5	7
 -58.5	15
 -57.5	8
 -56.5	8
 -55.5	7
 -54.5	9.5
 -53.5	7
 -52.5	9.5
 -51.5	10
 -50.5	11
 -49.5	8
 -48.5	6
 -47.5	5
 -46.5	12.3333
 -45.5	12.5
 -44.5	7
 -43.5	14
 -42.5	9
 -41.5	5
 -40.5	11
 -39.5	9.2
 -38.5	10.75
 -37.5	11
 -36.5	14
 -35.5	12.3333
 -34.5	6.33333
 -33.5	12
 -32.5	6
 -31.5	9
 -30.5	8
 -29.5	16.5
 -28.5	9
 -27.5	8
 -26.5	16.5
 -25.5	8
 -24.5	10
 -23.5	17
 -22.5	9
 -21.5	10
 -20.5	8.5
 -19.5	10
 -18.5	6
 -17.5	5
 -16.5	8
 -15.5	15.5
 -14.5	10.5
 -13.5	9
 -12.5	13
 -11.5	7
 -10.5	12
  -9.5	11.5
  -8.5	9
  -7.5	10.5
  -6.5	11
  -5.5	7
  -4.5	15
  -3.5	7
  -2.5	7.47619
  -1.5	15
  -0.5	6
   0.5	14
   1.5	5.2
   2.5	10
   3.5	6
   4.5	5
   5.5	12.5
   6.5	13
   7.5	5.5
   8.5	5
   9.5	12
  10.5	7
  11.5	12
  12.5	12
  13.5	9
  14.5	5
  15.5	14
  16.5	4.33333
  17.5	9
  18.5	10
  19.5	8
  20.5	9.5
  21.5	7
  22.5	9
  23.5	6.5
  24.5	7
  25.5	5
  26.5	15
  27.5	9
  28.5	15
  29.5	12.5
  30.5	9
  31.5	11
  32.5	3
  33.5	5
  34.5	13.3333
  35.5	12.1429
  36.5	7.75
  37.5	4
  38.5	13
  39.5	10
  40.5	13.6667
  41.5	9
  42.5	11.5
  43.5	10
  44.5	12
  45.5	16
  46.5	9
  47.5	12
  48.5	8.5
  49.5	9
  50.5	10
  51.5	10
  52.5	6
  53.5	11
  54.5	10.5
  55.5	7.5
  56.5	13.5
  57.5	12
  58.5	6
  59.5	7
  60.5	9
  61.5	7
  62.5	6.5
  63.5	10
  64.5	7.5
  65.5	9
  66.5	9
  67.5	7
  68.5	12
  69.5	9
  70.5	7
  71.5	10.1429
  72.5	11
  73.5	4
  74.5	4
  75.5	6
  76.5	8
  77.5	13
  78.5	8
  79.5	9
  80.5	12
  81.5	1.2
  82.5	7
  83.5	4
  84.5	8
  85.5	9
  86.5	5
  87.5	7
  88.5	13.5
  89.5	9
  90.5	9
  91.5	8.5
  92.5	4.5
  93.5	11
  94.5	8
  95.5	4
  96.5	5
  97.5	4
  98.5	6
  99.5	7
 100.5	8.5
 101.5	14.5
 102.5	10
 103.5	4
 104.5	7
 105.5	9.14286
 106.5	5
 107.5	8.5
 108.5	6
 109.5	7
 110.5	11
 111.5	6
 112.5	6
 113.5	9
 114.5	11
 115.5	11
 116.5	10
 117.5	5.5
 118.5	6.5
 119.5	8
 120.5	7.2
 121.5	10.5
 122.5	7
 123.5	3
 124.5	8
 125.5	14
 126.5	4
 127.5	7
 128.5	6
 129.5	10
 130.5	9
 131.5	7
 132.5	8
 133.5	8
 134.5	8
 135.5	7
 136.5	8
 137.5	6
 138.5	10
 139.5	4
 140.5	11.5
 141.5	9.14286
 142.5	8
 143.5	4
 144.5	4.5
 145.5	3
 146.5	7.5
 147.5	7
 148.5	7
 149.5	9.5
 150.5	12
 151.5	11.5
 152.5	9
 153.5	11
 154.5	5
 155.5	5
 156.5	7
 157.5	2
 158.5	7
 159.5	6
 160.5	7
 161.5	3.7
 162.5	8
 163.5	8.5
 164.5	5
 165.5	6
 166.5	6.5
 167.5	10.5
 168.5	6
DB 2 MOTIF	FOXB1_HUMAN.H11MO.0.D
-166.5	1
-165.5	5
-164.5	6.5
-163.5	5
-162.5	2
-161.5	2
-160.5	2
-159.5	5
-158.5	8
-157.5	5
-156.5	3
-155.5	6
-154.5	5
-153.5	1
-152.5	3
-151.5	3
-150.5	4
-149.5	1
-148.5	4
-147.5	2
-146.5	2
-145.5	5
-144.5	1
-143.5	5
-142.5	2
-141.5	6
-140.5	2
-139.5	3
-138.5	2
-137.5	4.5
-136.5	4
-135.5	5
-134.5	6
-133.5	2
-132.5	5.33333
-131.5	6
-130.5	3
-129.5	7
-128.5	4
-127.5	2
-126.5	3
-125.5	3
-124.5	5
-123.5	5
-122.5	7
-121.5	2
-120.5	4
-119.5	3
-118.5	5
-117.5	7
-116.5	3
-115.5	5
-114.5	4
-113.5	3
-112.5	5
-111.5	1.14286
-110.5	9
-109.5	3
-108.5	4
-107.5	3
-106.5	1
-105.5	5.25
-104.5	2
-103.5	0
-102.5	6
-101.5	1
-100.5	9
 -99.5	4
 -98.5	8
 -97.5	3
 -96.5	3
 -95.5	10
 -94.5	2
 -93.5	4
 -92.5	6.5
 -91.5	3
 -90.5	5.5
 -89.5	6
 -88.5	6
 -87.5	3
 -86.5	3
 -85.5	5
 -84.5	8
 -83.5	5
 -82.5	2
 -81.5	6
 -80.5	3
 -79.5	2
 -78.5	5
 -77.5	3
 -76.5	5
 -75.5	8
 -74.5	3
 -73.5	4.14286
 -72.5	5
 -71.5	3
 -70.5	5.5
 -69.5	6
 -68.5	2
 -67.5	2
 -66.5	5
 -65.5	6
 -64.5	4
 -63.5	5
 -62.5	10
 -61.5	4
 -60.5	4
 -59.5	11
 -58.5	1
 -57.5	7
 -56.5	6
 -55.5	5.5
 -54.5	4
 -53.5	4
 -52.5	6
 -51.5	8
 -50.5	4
 -49.5	4
 -48.5	8
 -47.5	6
 -46.5	4
 -45.5	7.33333
 -44.5	4.25
 -43.5	5
 -42.5	8
 -41.5	7
 -40.5	7
 -39.5	5
 -38.5	7
 -37.5	4
 -36.5	4
 -35.5	9
 -34.5	8
 -33.5	3
 -32.5	5
 -31.5	4
 -30.5	6
 -29.5	8
 -28.5	6
 -27.5	6
 -26.5	4
 -25.5	11
 -24.5	9
 -23.5	3
 -22.5	1
 -21.5	6
 -20.5	10
 -19.5	3
 -18.5	1
 -17.5	4
 -16.5	5.5
 -15.5	3
 -14.5	8
 -13.5	7
 -12.5	7
 -11.5	4.5
 -10.5	7
  -9.5	4
  -8.5	13
  -7.5	3
  -6.5	5
  -5.5	2
  -4.5	2.25
  -3.5	8.14286
  -2.5	7
  -1.5	4
  -0.5	8
   0.5	3
   1.5	11
   2.5	2
   3.5	5.5
   4.5	4
   5.5	5
   6.5	5
   7.5	4.5
   8.5	6
   9.5	2
  10.5	4
  11.5	5
  12.5	5
  13.5	3.5
  14.5	7
  15.5	4
  16.5	4
  17.5	9
  18.5	3
  19.5	2
  20.5	3
  21.5	5
  22.5	6
  23.5	5
  24.5	1
  25.5	5
  26.5	6
  27.5	6
  28.5	4
  29.5	6
  30.5	4
  31.5	4
  32.5	7
  33.5	1
  34.5	2.14286
  35.5	8
  36.5	4
  37.5	3
  38.5	2
  39.5	5
  40.5	4
  41.5	8.33333
  42.5	5
  43.5	7
  44.5	8
  45.5	3
  46.5	10
  47.5	4
  48.5	4
  49.5	4
  50.5	9
  51.5	8
  52.5	4
  53.5	3
  54.5	2
  55.5	11
  56.5	7
  57.5	6
  58.5	4.25
  59.5	1
  60.5	4
  61.5	9
  62.5	5
  63.5	3
  64.5	5
  65.5	3
  66.5	8
  67.5	3
  68.5	2
  69.5	3
  70.5	7.14286
  71.5	3
  72.5	4
  73.5	3
  74.5	7
  75.5	3
  76.5	4
  77.5	5
  78.5	4
  79.5	4
  80.5	2
  81.5	7
  82.5	1
  83.5	6
  84.5	4.5
  85.5	8
  86.5	3
  87.5	4
  88.5	4
  89.5	5
  90.5	4
  91.5	1
  92.5	3
  93.5	4
  94.5	3
  95.5	5
  96.5	2
  97.5	6
  98.5	0
  99.5	2
 100.5	4.5
 101.5	6
 102.5	3
 103.5	3
 104.5	5.14286
 105.5	5
 106.5	6
 107.5	2
 108.5	3
 109.5	6
 110.5	2
 111.5	2
 112.5	2
 113.5	4
 114.5	2
 115.5	6
 116.5	2
 117.5	3
 118.5	2
 119.5	4
 120.5	1
 121.5	3
 122.5	5
 123.5	10
 124.5	1
 125.5	2
 126.5	7
 127.5	5
 128.5	1
 129.5	6
 130.5	3
 131.5	4
 132.5	0
 133.5	2
 134.5	5
 135.5	4
 136.5	2
 137.5	8.5
 138.5	1
 139.5	4
 140.5	7.14286
 141.5	2
 142.5	1
 143.5	4
 144.5	1
 145.5	1
 146.5	3
 147.5	4
 148.5	1
 149.5	4
 150.5	8
 151.5	6
 152.5	6
 153.5	7
 154.5	2
 155.5	2
 156.5	3
 157.5	3
 158.5	4
 159.5	5
 160.5	6
 161.5	3
 162.5	6
 163.5	5
 164.5	4
 165.5	7
 166.5	6
DB 2 MOTIF	FOXC1_HUMAN.H11MO.0.C
-167.5	4
-166.5	3
-165.5	4
-164.5	3
-163.5	1
-162.5	8
-161.5	6
-160.5	3
-159.5	2
-158.5	6
-157.5	5
-156.5	5
-155.5	3
-154.5	4
-153.5	2
-152.5	2
-151.5	3
-150.5	1
-149.5	2
-148.5	2
-147.5	5
-146.5	3
-145.5	5
-144.5	2
-143.5	7
-142.5	3
-141.5	2
-140.5	3
-139.5	1
-138.5	3.5
-137.5	1
-136.5	3
-135.5	3
-134.5	4
-133.5	4.33333
-132.5	6
-131.5	4
-130.5	2.5
-129.5	2
-128.5	3
-127.5	2
-126.5	2
-125.5	4
-124.5	5
-123.5	3
-122.5	3
-121.5	5
-120.5	5
-119.5	1
-118.5	0
-117.5	4
-116.5	2.33333
-115.5	3
-114.5	3
-113.5	5
-112.5	6
-111.5	6
-110.5	4
-109.5	4
-108.5	1
-107.5	3
-106.5	3
-105.5	4
-104.5	3
-103.5	3.5
-102.5	4
-101.5	7
-100.5	0
 -99.5	1
 -98.5	3
 -97.5	6
 -96.5	3
 -95.5	2
 -94.5	3.5
 -93.5	4.5
 -92.5	3
 -91.5	9
 -90.5	4
 -89.5	7
 -88.5	1
 -87.5	6
 -86.5	5
 -85.5	5
 -84.5	3
 -83.5	1
 -82.5	4
 -81.5	0
 -80.5	2
 -79.5	7.33333
 -78.5	5
 -77.5	2
 -76.5	3
 -75.5	4
 -74.5	5
 -73.5	3
 -72.5	5
 -71.5	2
 -70.5	2
 -69.5	4
 -68.5	5.5
 -67.5	4
 -66.5	9
 -65.5	8
 -64.5	5
 -63.5	4
 -62.5	6
 -61.5	5.33333
 -60.5	8
 -59.5	2
 -58.5	6
 -57.5	2
 -56.5	3
 -55.5	5
 -54.5	5.5
 -53.5	5
 -52.5	3
 -51.5	4
 -50.5	3
 -49.5	1
 -48.5	6
 -47.5	2
 -46.5	5.33333
 -45.5	4
 -44.5	3
 -43.5	6
 -42.5	3
 -41.5	4
 -40.5	5
 -39.5	3
 -38.5	9
 -37.5	3
 -36.5	7
 -35.5	7
 -34.5	4
 -33.5	6
 -32.5	4
 -31.5	4
 -30.5	5
 -29.5	7
 -28.5	4
 -27.5	4
 -26.5	7
 -25.5	5
 -24.5	4
 -23.5	8
 -22.5	7
 -21.5	7
 -20.5	3
 -19.5	7
 -18.5	3.5
 -17.5	3
 -16.5	2
 -15.5	8.5
 -14.5	4.5
 -13.5	5
 -12.5	7
 -11.5	7
 -10.5	4
  -9.5	5
  -8.5	5
  -7.5	4.5
  -6.5	3
  -5.5	4
  -4.5	5
  -3.5	2
  -2.5	7
  -1.5	4
  -0.5	5
   0.5	6
   1.5	2
   2.5	6
   3.5	1
   4.5	3
   5.5	9.5
   6.5	8
   7.5	2
   8.5	1
   9.5	6
  10.5	5
  11.5	4.5
  12.5	2
  13.5	2
  14.5	6
  15.5	6
  16.5	3
  17.5	4.5
  18.5	5
  19.5	3
  20.5	3
  21.5	3
  22.5	3
  23.5	4
  24.5	4
  25.5	2.5
  26.5	9
  27.5	6
  28.5	6
  29.5	5
  30.5	6
  31.5	4
  32.5	3
  33.5	3
  34.5	9
  35.5	3
  36.5	1.5
  37.5	3
  38.5	7
  39.5	5
  40.5	8.33333
  41.5	7
  42.5	7
  43.5	5
  44.5	10
  45.5	10
  46.5	3
  47.5	8
  48.5	3
  49.5	6
  50.5	2
  51.5	2
  52.5	2
  53.5	6
  54.5	5
  55.5	4
  56.5	8
  57.5	9
  58.5	3
  59.5	3
  60.5	2
  61.5	3
  62.5	1
  63.5	6
  64.5	6
  65.5	3
  66.5	5
  67.5	2
  68.5	9
  69.5	7
  70.5	2
  71.5	4
  72.5	7
  73.5	4
  74.5	2
  75.5	1
  76.5	5
  77.5	4
  78.5	3
  79.5	5
  80.5	6
  81.5	2
  82.5	5
  83.5	5
  84.5	5
  85.5	7
  86.5	3
  87.5	3
  88.5	5
  89.5	3
  90.5	2
  91.5	6
  92.5	2
  93.5	1
  94.5	1
  95.5	2
  96.5	1
  97.5	2
  98.5	3
  99.5	0
 100.5	5
 101.5	8
 102.5	5
 103.5	4
 104.5	1
 105.5	1
 106.5	3
 107.5	3
 108.5	3
 109.5	1
 110.5	5
 111.5	6
 112.5	3
 113.5	2
 114.5	3
 115.5	4
 116.5	3
 117.5	2
 118.5	2
 119.5	2
 120.5	5
 121.5	4
 122.5	3
 123.5	1
 124.5	3
 125.5	6
 126.5	3
 127.5	5
 128.5	2
 129.5	7
 130.5	5
 131.5	7
 132.5	3
 133.5	3
 134.5	1
 135.5	2
 136.5	4
 137.5	1
 138.5	4
 139.5	2
 140.5	4
 141.5	4
 142.5	2
 143.5	4
 144.5	1
 145.5	1
 146.5	5
 147.5	1
 148.5	2
 149.5	2
 150.5	3
 151.5	5
 152.5	5
 153.5	4
 154.5	1
 155.5	2
 156.5	3
 157.5	4
 158.5	4
 159.5	1
 160.5	3
 161.5	2
 162.5	4
 163.5	1
 164.5	2
 165.5	3
 166.5	3
 167.5	4
DB 2 MOTIF	FOXD1_HUMAN.H11MO.0.D
-167.5	6
-166.5	10
-165.5	15
-164.5	8
-163.5	9
-162.5	5
-161.5	9.5
-160.5	7
-159.5	11
-158.5	9
-157.5	6.5
-156.5	9
-155.5	11
-154.5	8
-153.5	3.5
-152.5	6
-151.5	10
-150.5	11.5
-149.5	12.5
-148.5	2
-147.5	7
-146.5	2
-145.5	5.5
-144.5	6.5
-143.5	9
-142.5	9.33333
-141.5	4.5
-140.5	14.5
-139.5	2.5
-138.5	7
-137.5	7.16667
-136.5	11
-135.5	7
-134.5	6.5
-133.5	6.33333
-132.5	15
-131.5	13
-130.5	7
-129.5	6
-128.5	10
-127.5	7.5
-126.5	3
-125.5	5
-124.5	6
-123.5	10
-122.5	8.33333
-121.5	2
-120.5	8.5
-119.5	10
-118.5	12
-117.5	8
-116.5	11.3333
-115.5	7
-114.5	5
-113.5	9
-112.5	8
-111.5	9.5
-110.5	8
-109.5	7.16667
-108.5	9
-107.5	5.5
-106.5	3
-105.5	2
-104.5	5
-103.5	6
-102.5	6
-101.5	16
-100.5	5
 -99.5	8.5
 -98.5	5.5
 -97.5	16
 -96.5	9
 -95.5	8
 -94.5	12
 -93.5	7.5
 -92.5	6
 -91.5	11.5
 -90.5	8
 -89.5	5.16667
 -88.5	7
 -87.5	8
 -86.5	5.5
 -85.5	11
 -84.5	11
 -83.5	6
 -82.5	9
 -81.5	7
 -80.5	5
 -79.5	13
 -78.5	6
 -77.5	6
 -76.5	12
 -75.5	8
 -74.5	10
 -73.5	10
 -72.5	13
 -71.5	3.16667
 -70.5	10.5
 -69.5	7.5
 -68.5	8.5
 -67.5	6
 -66.5	15
 -65.5	7
 -64.5	10.5
 -63.5	9
 -62.5	6
 -61.5	6
 -60.5	9.5
 -59.5	6
 -58.5	11.5
 -57.5	9
 -56.5	7.5
 -55.5	7.5
 -54.5	9
 -53.5	8
 -52.5	11.5
 -51.5	10.1667
 -50.5	7
 -49.5	12.3333
 -48.5	11
 -47.5	6
 -46.5	7.33333
 -45.5	11.5
 -44.5	10
 -43.5	11
 -42.5	7
 -41.5	7
 -40.5	6
 -39.5	10.3333
 -38.5	7
 -37.5	8
 -36.5	11
 -35.5	10.5
 -34.5	9
 -33.5	8.5
 -32.5	7
 -31.5	10
 -30.5	8
 -29.5	5
 -28.5	6
 -27.5	9
 -26.5	15.25
 -25.5	15.5
 -24.5	8
 -23.5	9
 -22.5	9.5
 -21.5	8
 -20.5	13.5
 -19.5	6
 -18.5	8
 -17.5	7
 -16.5	7.5
 -15.5	11.8333
 -14.5	14.5
 -13.5	11
 -12.5	10
 -11.5	10
 -10.5	6
  -9.5	6.5
  -8.5	7.5
  -7.5	14.1667
  -6.5	8.5
  -5.5	8
  -4.5	8.5
  -3.5	4.5
  -2.5	7
  -1.5	9.16667
  -0.5	9
   0.5	9
   1.5	6.5
   2.5	10.3333
   3.5	6.5
   4.5	7.66667
   5.5	10.5
   6.5	13
   7.5	6.33333
   8.5	3.5
   9.5	8.5
  10.5	7
  11.5	6
  12.5	5.33333
  13.5	10.5
  14.5	12
  15.5	10
  16.5	4.33333
  17.5	7
  18.5	14
  19.5	3.25
  20.5	11
  21.5	10.75
  22.5	10
  23.5	8.5
  24.5	10.75
  25.5	7
  26.5	15.5
  27.5	13
  28.5	13.3333
  29.5	16.75
  30.5	12
  31.5	7.5
  32.5	5
  33.5	8
  34.5	10.75
  35.5	8
  36.5	12
  37.5	3.33333
  38.5	12
  39.5	11
  40.5	10.3333
  41.5	11.5
  42.5	8
  43.5	8.5
  44.5	16.5
  45.5	9
  46.5	6.66667
  47.5	8.33333
  48.5	11.5
  49.5	9.5
  50.5	7
  51.5	10
  52.5	6
  53.5	16
  54.5	9
  55.5	8
  56.5	8
  57.5	9.25
  58.5	9
  59.5	8
  60.5	6
  61.5	8
  62.5	9
  63.5	10
  64.5	13
  65.5	11
  66.5	8
  67.5	4
  68.5	10
  69.5	16
  70.5	4
  71.5	10
  72.5	9.66667
  73.5	3
  74.5	3.33333
  75.5	13
  76.5	11
  77.5	10.5
  78.5	12
  79.5	8.83333
  80.5	8
  81.5	2.5
  82.5	9
  83.5	5
  84.5	10
  85.5	7
  86.5	4
  87.5	10
  88.5	11
  89.5	8
  90.5	10
  91.5	8
  92.5	8
  93.5	10
  94.5	6
  95.5	4
  96.5	6.66667
  97.5	6.33333
  98.5	6
  99.5	4.33333
 100.5	11
 101.5	16.8333
 102.5	7
 103.5	7
 104.5	2
 105.5	7.5
 106.5	6.5
 107.5	8
 108.5	6
 109.5	5
 110.5	12
 111.5	7
 112.5	5
 113.5	6
 114.5	9
 115.5	5
 116.5	6
 117.5	10
 118.5	8
 119.5	6
 120.5	5
 121.5	9
 122.5	9
 123.5	12
 124.5	9.33333
 125.5	12
 126.5	10
 127.5	6
 128.5	4
 129.5	9
 130.5	8
 131.5	3
 132.5	12
 133.5	13
 134.5	5
 135.5	6
 136.5	11
 137.5	10
 138.5	10
 139.5	10
 140.5	7
 141.5	8
 142.5	1.16667
 143.5	6.66667
 144.5	3.16667
 145.5	5
 146.5	11.5
 147.5	8
 148.5	8.33333
 149.5	10
 150.5	4
 151.5	12
 152.5	11
 153.5	11
 154.5	5
 155.5	5.5
 156.5	10
 157.5	4
 158.5	10
 159.5	9
 160.5	9
 161.5	6
 162.5	10
 163.5	9
 164.5	7.25
 165.5	4
 166.5	11
 167.5	8
DB 2 MOTIF	FOXF1_HUMAN.H11MO.0.D
-169.5	3
-168.5	7
-167.5	5
-166.5	8.2
-165.5	6
-164.5	6.5
-163.5	4.5
-162.5	6.33333
-161.5	3.5
-160.5	7
-159.5	6.16667
-158.5	6
-157.5	11.3333
-156.5	5.2
-155.5	4
-154.5	4.5
-153.5	9.5
-152.5	6
-151.5	3
-150.5	8
-149.5	11
-148.5	6
-147.5	10.5
-146.5	6.5
-145.5	4.25
-144.5	5
-143.5	9.65
-142.5	6.33333
-141.5	4
-140.5	5
-139.5	1.5
-138.5	7
-137.5	5.25
-136.5	5
-135.5	8
-134.5	8
-133.5	7.33333
-132.5	13.5
-131.5	13.8333
-130.5	9.5
-129.5	6.5
-128.5	6.33333
-127.5	12
-126.5	7
-125.5	6
-124.5	4
-123.5	9
-122.5	4.5
-121.5	4.25
-120.5	7
-119.5	12.5
-118.5	2
-117.5	5
-116.5	10
-115.5	4.5
-114.5	10.5
-113.5	10.75
-112.5	7
-111.5	6.5
-110.5	6
-109.5	7
-108.5	7
-107.5	10.5333
-106.5	8.33333
-105.5	5.25
-104.5	6
-103.5	6
-102.5	8.5
-101.5	11
-100.5	9.5
 -99.5	5.41667
 -98.5	2
 -97.5	11.1667
 -96.5	7.33333
 -95.5	7.66667
 -94.5	8.5
 -93.5	8.5
 -92.5	4
 -91.5	10
 -90.5	12.5
 -89.5	7.2
 -88.5	6
 -87.5	9
 -86.5	12
 -85.5	11
 -84.5	6
 -83.5	3
 -82.5	3
 -81.5	5.5
 -80.5	4
 -79.5	8
 -78.5	5
 -77.5	4.5
 -76.5	6
 -75.5	5
 -74.5	9.75
 -73.5	3.66667
 -72.5	7
 -71.5	6
 -70.5	8
 -69.5	8
 -68.5	11.5
 -67.5	9
 -66.5	10.25
 -65.5	10.1667
 -64.5	4
 -63.5	7.2
 -62.5	8.5
 -61.5	10.3333
 -60.5	9.75
 -59.5	5
 -58.5	12
 -57.5	8
 -56.5	7
 -55.5	8.5
 -54.5	11
 -53.5	11.5
 -52.5	9
 -51.5	11
 -50.5	2
 -49.5	5.16667
 -48.5	6.5
 -47.5	4.33333
 -46.5	8.08333
 -45.5	10.8333
 -44.5	8.5
 -43.5	8
 -42.5	5.25
 -41.5	5
 -40.5	9.7
 -39.5	11.5
 -38.5	8.5
 -37.5	10
 -36.5	10.5
 -35.5	6
 -34.5	8.83333
 -33.5	10
 -32.5	5.83333
 -31.5	4
 -30.5	6
 -29.5	7.66667
 -28.5	5.5
 -27.5	6.5
 -26.5	13
 -25.5	9
 -24.5	5
 -23.5	20
 -22.5	4.5
 -21.5	9.5
 -20.5	10.75
 -19.5	8
 -18.5	5
 -17.5	7.03333
 -16.5	6
 -15.5	12
 -14.5	9
 -13.5	8.5
 -12.5	7.5
 -11.5	12.6667
 -10.5	9.33333
  -9.5	7.5
  -8.5	7
  -7.5	11
  -6.5	10.2
  -5.5	6.33333
  -4.5	8
  -3.5	5.5
  -2.5	7
  -1.5	7.5
  -0.5	10
   0.5	13
   1.5	4
   2.5	14
   3.5	8.5
   4.5	6.33333
   5.5	8.5
   6.5	4
   7.5	10.5
   8.5	4
   9.5	6.5
  10.5	7
  11.5	9
  12.5	8
  13.5	8
  14.5	5
  15.5	10.75
  16.5	6.5
  17.5	9.5
  18.5	10
  19.5	5.7
  20.5	6.5
  21.5	9
  22.5	6
  23.5	10.8333
  24.5	7.5
  25.5	7.5
  26.5	7.5
  27.5	7.5
  28.5	9.7
  29.5	13
  30.5	5
  31.5	9
  32.5	2.5
  33.5	5
  34.5	16.5
  35.5	9
  36.5	5.33333
  37.5	6
  38.5	20.2
  39.5	5
  40.5	11.8333
  41.5	12
  42.5	8.5
  43.5	7
  44.5	9.33333
  45.5	9.5
  46.5	4.33333
  47.5	9
  48.5	4.08333
  49.5	5
  50.5	9
  51.5	10
  52.5	5
  53.5	6.25
  54.5	7.16667
  55.5	10
  56.5	11.5
  57.5	12
  58.5	10
  59.5	8
  60.5	9.2
  61.5	7
  62.5	7
  63.5	10.5
  64.5	8
  65.5	7
  66.5	5.16667
  67.5	9
  68.5	6.25
  69.5	6
  70.5	4.33333
  71.5	6.33333
  72.5	10.3333
  73.5	13
  74.5	4
  75.5	8
  76.5	7.5
  77.5	10.3333
  78.5	10.1667
  79.5	7
  80.5	8
  81.5	6
  82.5	5
  83.5	7.5
  84.5	5.5
  85.5	7
  86.5	4
  87.5	8
  88.5	8
  89.5	7.5
  90.5	6.33333
  91.5	6
  92.5	6
  93.5	5
  94.5	3.5
  95.5	5
  96.5	6
  97.5	4
  98.5	6
  99.5	9
 100.5	7.5
 101.5	10
 102.5	12
 103.5	11.5
 104.5	2.16667
 105.5	5.33333
 106.5	7.5
 107.5	9.25
 108.5	1
 109.5	4
 110.5	5.5
 111.5	9
 112.5	9
 113.5	7.5
 114.5	8.5
 115.5	7
 116.5	9
 117.5	6.83333
 118.5	8
 119.5	7
 120.5	10.1667
 121.5	8
 122.5	6.5
 123.5	7
 124.5	4.5
 125.5	4.33333
 126.5	4.5
 127.5	8.33333
 128.5	5
 129.5	7
 130.5	7
 131.5	7
 132.5	6
 133.5	9
 134.5	3.83333
 135.5	8
 136.5	7
 137.5	3.2
 138.5	6.25
 139.5	7
 140.5	7.33333
 141.5	9.5
 142.5	7
 143.5	6
 144.5	6.33333
 145.5	6.25
 146.5	9.5
 147.5	4.5
 148.5	1.33333
 149.5	9
 150.5	9.5
 151.5	9
 152.5	12
 153.5	14.5
 154.5	2
 155.5	4
 156.5	8
 157.5	6.5
 158.5	3
 159.5	10
 160.5	5.5
 161.5	9
 162.5	5
 163.5	9
 164.5	7
 165.5	4
 166.5	6
 167.5	6
 168.5	9
 169.5	7
DB 2 MOTIF	FOXF2_HUMAN.H11MO.0.D
-169.5	8
-168.5	6
-167.5	8.25
-166.5	3.04545
-165.5	8
-164.5	8
-163.5	5
-162.5	5.04545
-161.5	6
-160.5	11.1429
-159.5	11.5
-158.5	5.04545
-157.5	7.75
-156.5	12
-155.5	3
-154.5	11
-153.5	2.5
-152.5	9
-151.5	2
-150.5	14.5
-149.5	4
-148.5	4
-147.5	7
-146.5	4
-145.5	4
-144.5	7.5
-143.5	9.37879
-142.5	7
-141.5	9
-140.5	6
-139.5	7
-138.5	3
-137.5	4.75
-136.5	4
-135.5	7
-134.5	6.33333
-133.5	8
-132.5	8
-131.5	6
-130.5	12
-129.5	5.64286
-128.5	3.04545
-127.5	8
-126.5	10
-125.5	6
-124.5	10
-123.5	9
-122.5	8
-121.5	7
-120.5	8
-119.5	2
-118.5	4.33333
-117.5	11.3333
-116.5	8
-115.5	8.25
-114.5	6.5
-113.5	2.5
-112.5	8
-111.5	8
-110.5	11
-109.5	4.5
-108.5	9
-107.5	6.2
-106.5	8
-105.5	5.5
-104.5	8
-103.5	6
-102.5	8
-101.5	6.5
-100.5	10
 -99.5	7.5
 -98.5	8
 -97.5	9
 -96.5	8
 -95.5	9.5
 -94.5	8
 -93.5	9
 -92.5	5.5
 -91.5	6
 -90.5	6
 -89.5	8
 -88.5	14.5
 -87.5	3.75
 -86.5	10
 -85.5	9
 -84.5	4
 -83.5	7.47619
 -82.5	11
 -81.5	5
 -80.5	6.33333
 -79.5	11
 -78.5	6.5
 -77.5	8
 -76.5	9.5
 -75.5	6
 -74.5	6.5
 -73.5	10
 -72.5	5.83333
 -71.5	8
 -70.5	7
 -69.5	8.04545
 -68.5	8.5
 -67.5	9
 -66.5	7
 -65.5	12.3333
 -64.5	9.5
 -63.5	7
 -62.5	4.83333
 -61.5	11.5
 -60.5	8
 -59.5	9
 -58.5	4
 -57.5	9.5
 -56.5	8
 -55.5	11
 -54.5	11
 -53.5	14.5
 -52.5	11
 -51.5	5
 -50.5	9
 -49.5	4.33333
 -48.5	8
 -47.5	9.03333
 -46.5	10
 -45.5	9
 -44.5	12.5
 -43.5	5.04545
 -42.5	10
 -41.5	6.33333
 -40.5	8
 -39.5	8.5
 -38.5	6
 -37.5	9
 -36.5	12
 -35.5	9.5
 -34.5	10.5
 -33.5	7.25
 -32.5	9
 -31.5	3
 -30.5	8
 -29.5	6.5
 -28.5	9.04545
 -27.5	12.5
 -26.5	9.5
 -25.5	4
 -24.5	8
 -23.5	14
 -22.5	18
 -21.5	7.5
 -20.5	8
 -19.5	6
 -18.5	7
 -17.5	4
 -16.5	14
 -15.5	14.5
 -14.5	6.5
 -13.5	7.54545
 -12.5	12
 -11.5	6.47619
 -10.5	8.5
  -9.5	10
  -8.5	9.5
  -7.5	7
  -6.5	12
  -5.5	11
  -4.5	4.58333
  -3.5	6
  -2.5	5.5
  -1.5	6
  -0.5	13.3333
   0.5	9.75
   1.5	10.5455
   2.5	7
   3.5	4.66667
   4.5	12
   5.5	7.04545
   6.5	7.14286
   7.5	7.33333
   8.5	8
   9.5	4
  10.5	10
  11.5	6.5
  12.5	10.2
  13.5	7
  14.5	9.5
  15.5	3.33333
  16.5	7.33333
  17.5	7.33333
  18.5	10.5
  19.5	9
  20.5	6.54545
  21.5	6
  22.5	6.5
  23.5	5
  24.5	7.54545
  25.5	9.5
  26.5	10.5
  27.5	8.33333
  28.5	14.0455
  29.5	8.5
  30.5	8
  31.5	4
  32.5	7.14286
  33.5	6
  34.5	7
  35.5	7
  36.5	5
  37.5	9
  38.5	7
  39.5	13.3333
  40.5	7
  41.5	8
  42.5	10
  43.5	16
  44.5	9.5
  45.5	13
  46.5	12.5
  47.5	6
  48.5	9
  49.5	13
  50.5	11
  51.5	3.37879
  52.5	8
  53.5	10
  54.5	6
  55.5	9
  56.5	12
  57.5	9
  58.5	12
  59.5	7
  60.5	8
  61.5	10.3333
  62.5	10.5
  63.5	7
  64.5	9
  65.5	9.33333
  66.5	12.7
  67.5	8
  68.5	14
  69.5	5
  70.5	1
  71.5	10
  72.5	10.5
  73.5	9
  74.5	10.5
  75.5	8
  76.5	7
  77.5	3.5
  78.5	7
  79.5	6.5
  80.5	5
  81.5	3
  82.5	4
  83.5	11.5
  84.5	7
  85.5	5.5
  86.5	9.5
  87.5	6
  88.5	3
  89.5	8
  90.5	8
  91.5	12
  92.5	8
  93.5	5
  94.5	6.7
  95.5	8
  96.5	4.33333
  97.5	6
  98.5	8.14286
  99.5	9.5
 100.5	8
 101.5	13
 102.5	11
 103.5	8
 104.5	12.0455
 105.5	3
 106.5	4.5
 107.5	5.5
 108.5	11.0455
 109.5	10
 110.5	5
 111.5	7
 112.5	8.37879
 113.5	10
 114.5	9
 115.5	8
 116.5	5
 117.5	7
 118.5	5
 119.5	8
 120.5	5
 121.5	4.5
 122.5	7
 123.5	4.33333
 124.5	6
 125.5	8.5
 126.5	8
 127.5	4.04545
 128.5	9
 129.5	9
 130.5	3.5
 131.5	7.54545
 132.5	8
 133.5	7
 134.5	6
 135.5	11
 136.5	7
 137.5	7
 138.5	7
 139.5	4.33333
 140.5	3
 141.5	6
 142.5	8
 143.5	3.33333
 144.5	6
 145.5	9
 146.5	5.04545
 147.5	10.3333
 148.5	10
 149.5	3
 150.5	7.04545
 151.5	10.3333
 152.5	4
 153.5	5.5
 154.5	7
 155.5	5.5
 156.5	6
 157.5	5
 158.5	8
 159.5	3.5
 160.5	2
 161.5	8
 162.5	7
 163.5	8
 164.5	8.5
 165.5	4
 166.5	10
 167.5	6
 168.5	4
 169.5	6
DB 2 MOTIF	FOXJ2_HUMAN.H11MO.0.C
-170.0	4
-169.0	6
-168.0	5
-167.0	4
-166.0	6
-165.0	4
-164.0	4
-163.0	1
-162.0	5
-161.0	5
-160.0	10.5
-159.0	6
-158.0	6.5
-157.0	6
-156.0	6
-155.0	6
-154.0	6
-153.0	3
-152.0	8
-151.0	4.5
-150.0	9.5
-149.0	3.5
-148.0	3
-147.0	7
-146.0	4
-145.0	4
-144.0	8.5
-143.0	5.33333
-142.0	6
-141.0	5
-140.0	4
-139.0	7
-138.0	4.16667
-137.0	3.5
-136.0	4
-135.0	8
-134.0	3.66667
-133.0	8.33333
-132.0	11
-131.0	7
-130.0	7
-129.0	5
-128.0	15
-127.0	4
-126.0	7
-125.0	6.33333
-124.0	14
-123.0	8
-122.0	7
-121.0	4
-120.0	3
-119.0	9
-118.0	5
-117.0	7
-116.0	3
-115.0	3
-114.0	4
-113.0	4
-112.0	6
-111.0	9
-110.0	4.5
-109.0	9.5
-108.0	8
-107.0	7
-106.0	6
-105.0	8
-104.0	7
-103.0	6
-102.0	10
-101.0	6
-100.0	3
 -99.0	4.5
 -98.0	12
 -97.0	7
 -96.0	4
 -95.0	5.5
 -94.0	7
 -93.0	3
 -92.0	5
 -91.0	7.5
 -90.0	7.16667
 -89.0	5
 -88.0	5
 -87.0	3.5
 -86.0	8
 -85.0	3
 -84.0	6
 -83.0	6
 -82.0	4
 -81.0	6
 -80.0	2
 -79.0	4.25
 -78.0	4
 -77.0	8
 -76.0	10
 -75.0	6
 -74.0	9
 -73.0	6
 -72.0	7
 -71.0	2
 -70.0	9
 -69.0	10.1667
 -68.0	10
 -67.0	5
 -66.0	10
 -65.0	8
 -64.0	4.5
 -63.0	3
 -62.0	6
 -61.0	6.5
 -60.0	10
 -59.0	11.5
 -58.0	12.3333
 -57.0	5.5
 -56.0	10
 -55.0	9
 -54.0	7.5
 -53.0	8
 -52.0	6.33333
 -51.0	12
 -50.0	2
 -49.0	8.5
 -48.0	3.5
 -47.0	4.83333
 -46.0	6
 -45.0	5.5
 -44.0	7
 -43.0	2
 -42.0	9.5
 -41.0	3
 -40.0	12
 -39.0	4.5
 -38.0	2
 -37.0	12
 -36.0	13
 -35.0	7
 -34.0	4
 -33.0	11
 -32.0	4
 -31.0	7
 -30.0	10
 -29.0	6.5
 -28.0	6
 -27.0	15.5
 -26.0	8.5
 -25.0	2
 -24.0	9
 -23.0	14
 -22.0	13.5
 -21.0	6.5
 -20.0	8.5
 -19.0	10
 -18.0	4.16667
 -17.0	9
 -16.0	10
 -15.0	9
 -14.0	9
 -13.0	7
 -12.0	7
 -11.0	7.5
 -10.0	6.5
  -9.0	4.25
  -8.0	7.66667
  -7.0	11
  -6.0	6
  -5.0	10
  -4.0	9
  -3.0	4
  -2.0	6
  -1.0	5.16667
   0.0	14
   1.0	10
   2.0	7.5
   3.0	9
   4.0	3.33333
   5.0	4.5
   6.0	5
   7.0	7
   8.0	10.3333
   9.0	4
  10.0	8
  11.0	4.5
  12.0	8.5
  13.0	5.83333
  14.0	7
  15.0	3.5
  16.0	9.66667
  17.0	4.5
  18.0	8.33333
  19.0	6
  20.0	9.5
  21.0	8
  22.0	3
  23.0	3.5
  24.0	10
  25.0	5.83333
  26.0	8.5
  27.0	6.5
  28.0	9
  29.0	10
  30.0	6
  31.0	4
  32.0	5
  33.0	1.5
  34.0	4.5
  35.0	11.3333
  36.0	5
  37.0	5
  38.0	11
  39.0	9
  40.0	3.83333
  41.0	9
  42.0	5.33333
  43.0	14.5
  44.0	7
  45.0	9
  46.0	8.16667
  47.0	4
  48.0	5
  49.0	5
  50.0	9
  51.0	4
  52.0	2
  53.0	8
  54.0	4
  55.0	6
  56.0	7
  57.0	9
  58.0	9
  59.0	12.5
  60.0	4
  61.0	6
  62.0	4
  63.0	5
  64.0	8
  65.0	6
  66.0	6.25
  67.0	2.5
  68.0	4
  69.0	10.5
  70.0	0
  71.0	6
  72.0	6
  73.0	10
  74.0	8
  75.0	3
  76.0	6
  77.0	6.83333
  78.0	3
  79.0	9
  80.0	4.5
  81.0	12
  82.0	7
  83.0	7.5
  84.0	6.5
  85.0	6
  86.0	6
  87.0	11.5
  88.0	4
  89.0	7.5
  90.0	9
  91.0	8
  92.0	6
  93.0	6
  94.0	5
  95.0	2
  96.0	1
  97.0	4
  98.0	6
  99.0	6.5
 100.0	5.5
 101.0	7
 102.0	12
 103.0	5.5
 104.0	4
 105.0	4.14286
 106.0	4
 107.0	7.5
 108.0	7
 109.0	5
 110.0	6
 111.0	6.5
 112.0	6
 113.0	5
 114.0	7.5
 115.0	5
 116.0	11
 117.0	6
 118.0	3.14286
 119.0	8
 120.0	6
 121.0	8.5
 122.0	2.14286
 123.0	7
 124.0	4.83333
 125.0	8
 126.0	4.14286
 127.0	3
 128.0	6.5
 129.0	9.5
 130.0	4.14286
 131.0	3.5
 132.0	6
 133.0	10
 134.0	4.14286
 135.0	6.5
 136.0	9
 137.0	5
 138.0	5.14286
 139.0	5
 140.0	2.33333
 141.0	2
 142.0	8
 143.0	9
 144.0	5.5
 145.0	4
 146.0	6
 147.0	11.5
 148.0	1.33333
 149.0	6
 150.0	7
 151.0	9
 152.0	8
 153.0	9.5
 154.0	15.5
 155.0	2
 156.0	3
 157.0	2
 158.0	8
 159.0	4
 160.0	4
 161.0	4
 162.0	3
 163.0	9
 164.0	10
 165.0	3
 166.0	3.5
 167.0	5.25
 168.0	2
 169.0	3
 170.0	7
DB 2 MOTIF	FOXM1_HUMAN.H11MO.0.A
-169.0	8
-168.0	5
-167.0	13.1429
-166.0	9.5
-165.0	9.5
-164.0	5.5
-163.0	4.5
-162.0	3.33333
-161.0	12.2
-160.0	11.3333
-159.0	14
-158.0	7
-157.0	14.5
-156.0	6.5
-155.0	8
-154.0	9
-153.0	11
-152.0	17
-151.0	8
-150.0	6.14286
-149.0	4
-148.0	9.14286
-147.0	5.5
-146.0	10.7
-145.0	7
-144.0	14.3333
-143.0	11.25
-142.0	15
-141.0	7
-140.0	11.5
-139.0	8.5
-138.0	5
-137.0	8
-136.0	7
-135.0	7.66667
-134.0	15.5
-133.0	13.2
-132.0	10
-131.0	5.5
-130.0	8
-129.0	15.5
-128.0	9
-127.0	11
-126.0	12.5
-125.0	16
-124.0	13.1667
-123.0	13
-122.0	16
-121.0	14.5
-120.0	9.5
-119.0	15
-118.0	12
-117.0	9
-116.0	8.5
-115.0	7
-114.0	1
-113.0	11
-112.0	11.25
-111.0	10.3429
-110.0	12
-109.0	12.4762
-108.0	13
-107.0	6.33333
-106.0	17
-105.0	8
-104.0	6.33333
-103.0	14
-102.0	7
-101.0	4.5
-100.0	13.1429
 -99.0	12.5
 -98.0	10
 -97.0	10
 -96.0	15.5
 -95.0	6
 -94.0	7
 -93.0	15
 -92.0	14.2
 -91.0	7
 -90.0	12
 -89.0	9
 -88.0	10
 -87.0	12.75
 -86.0	12.5
 -85.0	5
 -84.0	9.5
 -83.0	14.25
 -82.0	10.3333
 -81.0	11
 -80.0	12
 -79.0	10
 -78.0	10
 -77.0	10
 -76.0	13
 -75.0	9
 -74.0	12
 -73.0	9.47619
 -72.0	5
 -71.0	9.64286
 -70.0	4
 -69.0	13
 -68.0	9.16667
 -67.0	15
 -66.0	11.5
 -65.0	12
 -64.0	8.33333
 -63.0	2.5
 -62.0	10.5
 -61.0	10.5
 -60.0	14.5
 -59.0	13.7333
 -58.0	11
 -57.0	13.625
 -56.0	14
 -55.0	12.3333
 -54.0	15.3333
 -53.0	9.5
 -52.0	14.1429
 -51.0	8.66667
 -50.0	12
 -49.0	6
 -48.0	15.8333
 -47.0	14.5
 -46.0	8
 -45.0	12.5
 -44.0	14
 -43.0	11.2
 -42.0	7.7
 -41.0	11.6429
 -40.0	4
 -39.0	13
 -38.0	11
 -37.0	15
 -36.0	13.5
 -35.0	12
 -34.0	11.1667
 -33.0	13
 -32.0	15.3333
 -31.0	11
 -30.0	14
 -29.0	10.5
 -28.0	28.0833
 -27.0	13.5
 -26.0	9
 -25.0	10.5
 -24.0	16.8333
 -23.0	12.5
 -22.0	18
 -21.0	6
 -20.0	12.5
 -19.0	7
 -18.0	15.5
 -17.0	8
 -16.0	9
 -15.0	9.5
 -14.0	15.3333
 -13.0	9
 -12.0	12
 -11.0	14.5
 -10.0	14.5
  -9.0	11.5
  -8.0	13.5
  -7.0	6
  -6.0	15
  -5.0	14.5
  -4.0	10.1429
  -3.0	14.1429
  -2.0	8.83333
  -1.0	13
   0.0	13.8095
   1.0	14.2
   2.0	9
   3.0	7.45833
   4.0	18.0333
   5.0	10
   6.0	7.33333
   7.0	9.33333
   8.0	8
   9.0	12
  10.0	7.33333
  11.0	15
  12.0	11
  13.0	8
  14.0	12
  15.0	12.1429
  16.0	10
  17.0	11.5
  18.0	9
  19.0	10.25
  20.0	14
  21.0	12.5
  22.0	11.5
  23.0	11.5
  24.0	8.66667
  25.0	15
  26.0	10.8333
  27.0	6
  28.0	16
  29.0	18
  30.0	8
  31.0	9.125
  32.0	10
  33.0	11.5833
  34.0	6
  35.0	10.1429
  36.0	14.5
  37.0	13
  38.0	7.5
  39.0	13.6667
  40.0	14.6667
  41.0	8.33333
  42.0	15
  43.0	13.5
  44.0	16
  45.0	10.4583
  46.0	11.2
  47.0	11
  48.0	8.5
  49.0	16.75
  50.0	9.33333
  51.0	12
  52.0	12
  53.0	7.5
  54.0	12
  55.0	13.5
  56.0	18
  57.0	10.125
  58.0	16
  59.0	10
  60.0	15.8333
  61.0	8.5
  62.0	8.5
  63.0	11.7
  64.0	11.5
  65.0	14.5
  66.0	8
  67.0	12.2
  68.0	11
  69.0	11.6667
  70.0	15
  71.0	8.14286
  72.0	10.5
  73.0	12
  74.0	12
  75.0	10
  76.0	9.33333
  77.0	8
  78.0	11
  79.0	10.7
  80.0	5.14286
  81.0	6
  82.0	9
  83.0	9.5
  84.0	10.25
  85.0	16.125
  86.0	15.5
  87.0	15.5
  88.0	8
  89.0	6
  90.0	12
  91.0	13
  92.0	17.8333
  93.0	9
  94.0	6
  95.0	10.3333
  96.0	8
  97.0	3
  98.0	7
  99.0	14.7
 100.0	17
 101.0	7
 102.0	7
 103.0	16
 104.0	13.5
 105.0	8.47619
 106.0	10
 107.0	13.5
 108.0	15
 109.0	10.125
 110.0	5
 111.0	13
 112.0	12
 113.0	15.5
 114.0	8
 115.0	13
 116.0	14
 117.0	7
 118.0	17
 119.0	13.1429
 120.0	11.5
 121.0	9
 122.0	10
 123.0	10.3333
 124.0	12
 125.0	5.5
 126.0	9.33333
 127.0	8
 128.0	10.2
 129.0	12.25
 130.0	9
 131.0	10
 132.0	13.5
 133.0	6
 134.0	9.33333
 135.0	8.5
 136.0	11.5
 137.0	9
 138.0	11.5
 139.0	6.33333
 140.0	15.5
 141.0	7.47619
 142.0	12
 143.0	7.83333
 144.0	11.6667
 145.0	7
 146.0	10
 147.0	9.33333
 148.0	13
 149.0	9.5
 150.0	11
 151.0	13.3333
 152.0	13
 153.0	8
 154.0	8.5
 155.0	11.45
 156.0	10
 157.0	6
 158.0	9
 159.0	8.2
 160.0	12.1429
 161.0	3
 162.0	12
 163.0	12.5
 164.0	11.3333
 165.0	7.58333
 166.0	10.0333
 167.0	8
 168.0	13.125
 169.0	10
DB 2 MOTIF	FOXO1_HUMAN.H11MO.0.A
-169.0	17.0909
-168.0	8.09091
-167.0	9.59091
-166.0	8.25758
-165.0	12.2159
-164.0	10.5909
-163.0	11.0909
-162.0	14.0909
-161.0	5.42424
-160.0	12.0909
-159.0	10.0909
-158.0	9
-157.0	7.5
-156.0	18
-155.0	7
-154.0	7
-153.0	16.5
-152.0	14.3333
-151.0	10.5
-150.0	11.6667
-149.0	10.5
-148.0	12.25
-147.0	7
-146.0	11
-145.0	8.5
-144.0	13
-143.0	10
-142.0	11
-141.0	10
-140.0	11.5
-139.0	8
-138.0	7.5
-137.0	8
-136.0	12.3333
-135.0	8
-134.0	13.5
-133.0	9
-132.0	12
-131.0	12.3333
-130.0	16.3333
-129.0	10.0833
-128.0	12
-127.0	11
-126.0	9.5
-125.0	14
-124.0	10.3333
-123.0	7.5
-122.0	10
-121.0	11
-120.0	11
-119.0	7
-118.0	11
-117.0	9.5
-116.0	12.125
-115.0	8.39286
-114.0	21.3929
-113.0	7.14286
-112.0	15.1429
-111.0	13.4762
-110.0	11.6429
-109.0	17.6429
-108.0	14.5
-107.0	9.16667
-106.0	17
-105.0	14
-104.0	13
-103.0	12
-102.0	13
-101.0	6
-100.0	9.5
 -99.0	13.8333
 -98.0	11.5
 -97.0	11
 -96.0	7.625
 -95.0	15.5
 -94.0	12
 -93.0	15
 -92.0	13
 -91.0	11
 -90.0	8
 -89.0	10
 -88.0	9
 -87.0	9
 -86.0	9.33333
 -85.0	8
 -84.0	12.5
 -83.0	10.5
 -82.0	12
 -81.0	7.5
 -80.0	17
 -79.0	8
 -78.0	11.2
 -77.0	16.5
 -76.0	13
 -75.0	9
 -74.0	12
 -73.0	15.75
 -72.0	10.3333
 -71.0	12
 -70.0	16
 -69.0	17.1667
 -68.0	16
 -67.0	10.3333
 -66.0	11
 -65.0	14.5
 -64.0	13
 -63.0	16
 -62.0	14
 -61.0	14.8333
 -60.0	11
 -59.0	12
 -58.0	15.5
 -57.0	9.5
 -56.0	11
 -55.0	8.75
 -54.0	17.5
 -53.0	10
 -52.0	14
 -51.0	11
 -50.0	2.25
 -49.0	8
 -48.0	11
 -47.0	9
 -46.0	8.33333
 -45.0	9
 -44.0	11.3333
 -43.0	19.9167
 -42.0	13
 -41.0	11
 -40.0	13.1667
 -39.0	18
 -38.0	14.7
 -37.0	10
 -36.0	13
 -35.0	14.4167
 -34.0	11
 -33.0	15
 -32.0	11.6667
 -31.0	17
 -30.0	9.5
 -29.0	18
 -28.0	13.3333
 -27.0	14.5833
 -26.0	12
 -25.0	7
 -24.0	17
 -23.0	8
 -22.0	14
 -21.0	10.5
 -20.0	11
 -19.0	9.33333
 -18.0	9
 -17.0	16.75
 -16.0	14
 -15.0	13
 -14.0	11.9583
 -13.0	15
 -12.0	10
 -11.0	11.5
 -10.0	9
  -9.0	11
  -8.0	5
  -7.0	14
  -6.0	12.8333
  -5.0	16.5
  -4.0	15.5833
  -3.0	12
  -2.0	14.5
  -1.0	9.5
   0.0	10.125
   1.0	11.5
   2.0	17.2
   3.0	9.5
   4.0	15
   5.0	16
   6.0	8.5
   7.0	15
   8.0	14
   9.0	14
  10.0	9.5
  11.0	15.3333
  12.0	11
  13.0	12
  14.0	12.5
  15.0	11
  16.0	17.75
  17.0	17.3333
  18.0	18
  19.0	8
  20.0	15.3333
  21.0	14.8333
  22.0	12.7
  23.0	13
  24.0	6
  25.0	16
  26.0	7.83333
  27.0	12
  28.0	13.75
  29.0	10.25
  30.0	10
  31.0	10
  32.0	13.5
  33.0	9
  34.0	10.5
  35.0	7
  36.0	17.3333
  37.0	14.1667
  38.0	13
  39.0	14.5
  40.0	14
  41.0	12
  42.0	15
  43.0	21.5833
  44.0	10
  45.0	10
  46.0	14.5
  47.0	16.5
  48.0	14.5
  49.0	14
  50.0	11
  51.0	13.5
  52.0	13
  53.0	12
  54.0	15
  55.0	14
  56.0	12
  57.0	7
  58.0	17.4167
  59.0	7
  60.0	11.5
  61.0	17.8333
  62.0	6
  63.0	14
  64.0	16
  65.0	17
  66.0	13.5
  67.0	10
  68.0	12.25
  69.0	10
  70.0	9
  71.0	9.5
  72.0	12.3333
  73.0	12
  74.0	13
  75.0	26
  76.0	11
  77.0	17.5
  78.0	16.5
  79.0	14
  80.0	9
  81.0	10
  82.0	12.45
  83.0	10.1667
  84.0	16
  85.0	18
  86.0	12.125
  87.0	7
  88.0	11.8333
  89.0	19
  90.0	7
  91.0	10.5
  92.0	8
  93.0	5.25
  94.0	10.5833
  95.0	15
  96.0	12.3333
  97.0	7
  98.0	14.0588
  99.0	10.6422
 100.0	17.0588
 101.0	10.5588
 102.0	9.14973
 103.0	10.3997
 104.0	15.2331
 105.0	9.14973
 106.0	13.1497
 107.0	11.1497
 108.0	7.27473
 109.0	10.5664
 110.0	13.9831
 111.0	11.1497
 112.0	7.3164
 113.0	11.0588
 114.0	11.0588
 115.0	14
 116.0	14
 117.0	10
 118.0	18
 119.0	11.3333
 120.0	15.3333
 121.0	5
 122.0	8.29167
 123.0	19
 124.0	13.5833
 125.0	20.3333
 126.0	6.33333
 127.0	10.25
 128.0	14
 129.0	11
 130.0	11.8333
 131.0	8.5
 132.0	13
 133.0	9
 134.0	9
 135.0	12
 136.0	16
 137.0	13
 138.0	14
 139.0	16.8333
 140.0	12.1667
 141.0	7
 142.0	6.5
 143.0	11.6667
 144.0	8
 145.0	10.1667
 146.0	12
 147.0	6
 148.0	10
 149.0	16
 150.0	7.5
 151.0	7
 152.0	13.3333
 153.0	13.25
 154.0	10
 155.0	17
 156.0	7
 157.0	7
 158.0	6
 159.0	8
 160.0	10
 161.0	8
 162.0	16
 163.0	13
 164.0	9
 165.0	8
 166.0	7.5
 167.0	15
 168.0	17
 169.0	10
DB 2 MOTIF	FOXO3_HUMAN.H11MO.0.B
-170.0	9.33333
-169.0	8.33333
-168.0	11
-167.0	2
-166.0	3
-165.0	3.08333
-164.0	10
-163.0	13
-162.0	5
-161.0	10.3333
-160.0	7
-159.0	11
-158.0	10
-157.0	9.5
-156.0	10
-155.0	9
-154.0	7
-153.0	12
-152.0	8
-151.0	6.33333
-150.0	8.5
-149.0	10.75
-148.0	3
-147.0	8
-146.0	5
-145.0	6
-144.0	6
-143.0	10
-142.0	9
-141.0	11
-140.0	5.5
-139.0	4
-138.0	6
-137.0	9
-136.0	6
-135.0	13
-134.0	8
-133.0	11.5
-132.0	12.3333
-131.0	11
-130.0	13.25
-129.0	4
-128.0	8
-127.0	12
-126.0	12.5
-125.0	5
-124.0	10
-123.0	9.41667
-122.0	11.5
-121.0	10.3333
-120.0	7.5
-119.0	3.5
-118.0	4.33333
-117.0	10.8333
-116.0	6.5
-115.0	16.3333
-114.0	5.5
-113.0	13.75
-112.0	8
-111.0	8
-110.0	13
-109.0	11
-108.0	6.125
-107.0	11
-106.0	11
-105.0	7
-104.0	9.08333
-103.0	10
-102.0	10
-101.0	9
-100.0	8
 -99.0	6
 -98.0	10.3333
 -97.0	3
 -96.0	15
 -95.0	11
 -94.0	9
 -93.0	10.5
 -92.0	10
 -91.0	10
 -90.0	10.5
 -89.0	8
 -88.0	9
 -87.0	4.5
 -86.0	5.5
 -85.0	10
 -84.0	8
 -83.0	6
 -82.0	8
 -81.0	16.4167
 -80.0	6.5
 -79.0	14
 -78.0	10.3333
 -77.0	10.5
 -76.0	14.25
 -75.0	12.3333
 -74.0	8
 -73.0	10
 -72.0	9
 -71.0	10.5
 -70.0	10.625
 -69.0	11.8333
 -68.0	10
 -67.0	8.5
 -66.0	7.5
 -65.0	8
 -64.0	10
 -63.0	13
 -62.0	11
 -61.0	9.5
 -60.0	13.5
 -59.0	10
 -58.0	9.75
 -57.0	6
 -56.0	11.5
 -55.0	12.6667
 -54.0	9
 -53.0	15
 -52.0	7
 -51.0	6
 -50.0	8
 -49.0	3
 -48.0	7
 -47.0	8
 -46.0	4.5
 -45.0	7.33333
 -44.0	10.1667
 -43.0	5
 -42.0	12.5
 -41.0	11.5
 -40.0	11
 -39.0	16.0833
 -38.0	9
 -37.0	8
 -36.0	7.375
 -35.0	10
 -34.0	13.5
 -33.0	6
 -32.0	12
 -31.0	6
 -30.0	19.3333
 -29.0	15.5
 -28.0	7.5
 -27.0	6.5
 -26.0	7
 -25.0	16.5
 -24.0	9.5
 -23.0	8
 -22.0	7.5
 -21.0	16
 -20.0	4.58333
 -19.0	8
 -18.0	11.5
 -17.0	4.5
 -16.0	9.5
 -15.0	7.41667
 -14.0	12.3333
 -13.0	10.8333
 -12.0	11
 -11.0	8
 -10.0	5.5
  -9.0	7.5
  -8.0	14
  -7.0	6
  -6.0	12.5
  -5.0	10
  -4.0	11
  -3.0	14
  -2.0	4
  -1.0	11
   0.0	11.625
   1.0	8
   2.0	9.5
   3.0	10.9167
   4.0	9
   5.0	12
   6.0	8.5
   7.0	9.33333
   8.0	13
   9.0	8.5
  10.0	13.5
  11.0	8
  12.0	14
  13.0	7.16667
  14.0	10.3333
  15.0	8
  16.0	13
  17.0	16
  18.0	5
  19.0	14
  20.0	9
  21.0	9.5
  22.0	12.3333
  23.0	4
  24.0	11
  25.0	11
  26.0	8.58333
  27.0	7.5
  28.0	11.25
  29.0	12
  30.0	7.33333
  31.0	12
  32.0	11
  33.0	11
  34.0	10
  35.0	7
  36.0	7.16667
  37.0	13
  38.0	10.125
  39.0	9.5
  40.0	12.3333
  41.0	13
  42.0	9.83333
  43.0	13
  44.0	12
  45.0	5.5
  46.0	12
  47.0	13
  48.0	15
  49.0	4.25
  50.0	12
  51.0	4
  52.0	17
  53.0	13
  54.0	7
  55.0	9
  56.0	9.5
  57.0	6.66667
  58.0	5
  59.0	10
  60.0	6
  61.0	11
  62.0	13
  63.0	7.16667
  64.0	12.5833
  65.0	5
  66.0	11.3333
  67.0	13
  68.0	7
  69.0	7
  70.0	7
  71.0	11
  72.0	5
  73.0	12.3333
  74.0	12.625
  75.0	8
  76.0	9
  77.0	10
  78.0	10
  79.0	12
  80.0	4.5
  81.0	11
  82.0	4.16667
  83.0	8
  84.0	3
  85.0	5.5
  86.0	9.5
  87.0	11.5
  88.0	4
  89.0	8
  90.0	11.8333
  91.0	4
  92.0	7
  93.0	11
  94.0	7.5
  95.0	10
  96.0	5
  97.0	11
  98.0	8
  99.0	11
 100.0	9
 101.0	9.5
 102.0	7
 103.0	9
 104.0	6
 105.0	7.33333
 106.0	12.5
 107.0	9.16667
 108.0	7.125
 109.0	11
 110.0	9
 111.0	7.5
 112.0	3
 113.0	8
 114.0	18
 115.0	6
 116.0	7.66667
 117.0	12
 118.0	6
 119.0	6.5
 120.0	7
 121.0	10.1667
 122.0	5
 123.0	10
 124.0	14.0833
 125.0	9
 126.0	7
 127.0	16
 128.0	11
 129.0	13
 130.0	7.5
 131.0	5.5
 132.0	9
 133.0	10
 134.0	8
 135.0	9
 136.0	8
 137.0	8
 138.0	6.33333
 139.0	10
 140.0	7
 141.0	4.5
 142.0	4.5
 143.0	7
 144.0	5.45833
 145.0	8.5
 146.0	4.33333
 147.0	4.08333
 148.0	8.33333
 149.0	6
 150.0	3
 151.0	8
 152.0	9
 153.0	9.33333
 154.0	10
 155.0	8.5
 156.0	7
 157.0	2
 158.0	5
 159.0	10
 160.0	6
 161.0	16.25
 162.0	6.5
 163.0	6
 164.0	9
 165.0	9
 166.0	10.0833
 167.0	9.5
 168.0	7
 169.0	9
 170.0	7
DB 2 MOTIF	FOXO4_HUMAN.H11MO.0.C
-170.5	6
-169.5	4
-168.5	2
-167.5	8
-166.5	8
-165.5	5.61111
-164.5	1
-163.5	6
-162.5	6
-161.5	6
-160.5	3.53333
-159.5	1.44444
-158.5	8
-157.5	8
-156.5	7
-155.5	4.83333
-154.5	9
-153.5	4
-152.5	2
-151.5	4.7
-150.5	9
-149.5	7.5
-148.5	8.33333
-147.5	5
-146.5	8.33333
-145.5	4.5
-144.5	4.16667
-143.5	6
-142.5	9.5
-141.5	7
-140.5	5
-139.5	6
-138.5	4.5
-137.5	7.5
-136.5	5.16667
-135.5	4.51786
-134.5	11
-133.5	11
-132.5	9.58333
-131.5	9
-130.5	8.33333
-129.5	8
-128.5	4.5
-127.5	10.3333
-126.5	9.2
-125.5	3.5
-124.5	10.3333
-123.5	6
-122.5	9
-121.5	6.16667
-120.5	2
-119.5	6
-118.5	4
-117.5	6.83333
-116.5	5.33333
-115.5	10.5
-114.5	5.5
-113.5	8.5
-112.5	10
-111.5	3.11111
-110.5	11.1429
-109.5	5
-108.5	6.83333
-107.5	9
-106.5	7.2
-105.5	6.83333
-104.5	5.5
-103.5	10
-102.5	5.25
-101.5	5.25
-100.5	13.8333
 -99.5	6
 -98.5	5.89286
 -97.5	3
 -96.5	4
 -95.5	9.25
 -94.5	8
 -93.5	3.83333
 -92.5	15.5833
 -91.5	7
 -90.5	13.6667
 -89.5	5.5
 -88.5	6.16667
 -87.5	5.5
 -86.5	9
 -85.5	9.5
 -84.5	9
 -83.5	4.7
 -82.5	4
 -81.5	7.16667
 -80.5	7.83333
 -79.5	5.11111
 -78.5	9.5
 -77.5	9
 -76.5	2
 -75.5	9.66667
 -74.5	10.8333
 -73.5	7.11111
 -72.5	3.7
 -71.5	11.75
 -70.5	5.33333
 -69.5	14
 -68.5	3.33333
 -67.5	11.5
 -66.5	11
 -65.5	8
 -64.5	9.16667
 -63.5	10.5
 -62.5	8.5
 -61.5	8.25
 -60.5	10.3333
 -59.5	9.64286
 -58.5	5.5
 -57.5	7.5
 -56.5	4.5
 -55.5	9.14286
 -54.5	10
 -53.5	9
 -52.5	12
 -51.5	4
 -50.5	4.64286
 -49.5	6.25
 -48.5	4.33333
 -47.5	6.66667
 -46.5	3.5
 -45.5	6.83333
 -44.5	9
 -43.5	6.16667
 -42.5	10.5
 -41.5	10.5
 -40.5	11.5
 -39.5	10.5
 -38.5	9.5
 -37.5	7
 -36.5	6.5
 -35.5	5
 -34.5	12
 -33.5	4
 -32.5	8.7
 -31.5	5
 -30.5	8
 -29.5	7.5
 -28.5	8.5
 -27.5	7.11111
 -26.5	7
 -25.5	8
 -24.5	13
 -23.5	3
 -22.5	8.125
 -21.5	6.5
 -20.5	7.16667
 -19.5	7
 -18.5	11
 -17.5	7.47619
 -16.5	7
 -15.5	6.33333
 -14.5	13.1429
 -13.5	4.83333
 -12.5	7
 -11.5	9
 -10.5	8.7
  -9.5	2.33333
  -8.5	3
  -7.5	4.33333
  -6.5	6.58333
  -5.5	11
  -4.5	6.58333
  -3.5	6.33333
  -2.5	6
  -1.5	6.61111
  -0.5	8.7
   0.5	9.16667
   1.5	8.45833
   2.5	4
   3.5	7.36667
   4.5	5.83333
   5.5	5
   6.5	10
   7.5	4.5
   8.5	7
   9.5	8.16667
  10.5	8.25
  11.5	6.33333
  12.5	6.16667
  13.5	7
  14.5	11.1667
  15.5	10.1667
  16.5	15.9762
  17.5	14
  18.5	12.0833
  19.5	9
  20.5	8.5
  21.5	10.6667
  22.5	4.83333
  23.5	6.08333
  24.5	3.5
  25.5	6
  26.5	4.7
  27.5	8.41667
  28.5	4.08333
  29.5	5
  30.5	11
  31.5	5.125
  32.5	8
  33.5	5.78333
  34.5	11
  35.5	10.5
  36.5	4
  37.5	8
  38.5	6.33333
  39.5	7
  40.5	8.25
  41.5	10.0333
  42.5	9.2
  43.5	10.1667
  44.5	4
  45.5	8
  46.5	7
  47.5	6.16667
  48.5	11
  49.5	9.5
  50.5	8.5
  51.5	11
  52.5	6
  53.5	3.5
  54.5	8.5
  55.5	7.5
  56.5	16.5
  57.5	8.75
  58.5	6
  59.5	8
  60.5	5
  61.5	7.5
  62.5	10
  63.5	8.16667
  64.5	11.5
  65.5	8.33333
  66.5	7.33333
  67.5	7.14286
  68.5	4
  69.5	2.7
  70.5	7
  71.5	2
  72.5	5.5
  73.5	10.125
  74.5	7
  75.5	4
  76.5	6.5
  77.5	10.25
  78.5	12.6667
  79.5	7
  80.5	5
  81.5	7.5
  82.5	3
  83.5	7
  84.5	7
  85.5	6.86667
  86.5	10.75
  87.5	8
  88.5	5.11111
  89.5	5
  90.5	6.5
  91.5	2
  92.5	7.5
  93.5	5
  94.5	8.25
  95.5	4
  96.5	9.2
  97.5	5.25
  98.5	3.625
  99.5	7.16667
 100.5	9.58333
 101.5	9.2
 102.5	5.5
 103.5	6
 104.5	7
 105.5	8.7
 106.5	5
 107.5	6.75
 108.5	6
 109.5	0.45
 110.5	8
 111.5	7
 112.5	7.5
 113.5	7.53333
 114.5	4
 115.5	7.5
 116.5	6.5
 117.5	7.54286
 118.5	4.5
 119.5	8.5
 120.5	5
 121.5	5.75
 122.5	7
 123.5	5.83333
 124.5	7
 125.5	3
 126.5	9.16667
 127.5	4
 128.5	4
 129.5	4.83333
 130.5	8.33333
 131.5	7.5
 132.5	4.66667
 133.5	4.7
 134.5	7
 135.5	4.5
 136.5	11
 137.5	4.5
 138.5	2
 139.5	6
 140.5	6
 141.5	6.25
 142.5	6.33333
 143.5	6
 144.5	6.33333
 145.5	6.16667
 146.5	6.2
 147.5	4
 148.5	6.5
 149.5	8.14286
 150.5	9.33333
 151.5	8.5
 152.5	8.14286
 153.5	13.625
 154.5	8.5
 155.5	9.5
 156.5	4.5
 157.5	7
 158.5	6.125
 159.5	8.5
 160.5	9
 161.5	11.5
 162.5	5
 163.5	3.5
 164.5	3.61111
 165.5	5
 166.5	6.14286
 167.5	6.5
 168.5	4
 169.5	4
 170.5	3.25
DB 2 MOTIF	FOXO6_HUMAN.H11MO.0.D
-168.5	8
-167.5	4
-166.5	3
-165.5	5
-164.5	6.09091
-163.5	8
-162.5	5.2
-161.5	4
-160.5	4
-159.5	3.5
-158.5	4
-157.5	3.5
-156.5	6.5
-155.5	6
-154.5	4
-153.5	10
-152.5	8.5
-151.5	5
-150.5	6
-149.5	7
-148.5	5
-147.5	4
-146.5	5
-145.5	8.25
-144.5	5.5
-143.5	4
-142.5	10.2
-141.5	4
-140.5	8
-139.5	3.66667
-138.5	8
-137.5	2
-136.5	6.5
-135.5	5
-134.5	1
-133.5	5
-132.5	6
-131.5	7.53333
-130.5	11
-129.5	9.5
-128.5	4.5
-127.5	6.5
-126.5	8
-125.5	7
-124.5	6.5
-123.5	4
-122.5	8.09091
-121.5	9
-120.5	4
-119.5	3
-118.5	4
-117.5	8
-116.5	4
-115.5	6
-114.5	5
-113.5	7
-112.5	4
-111.5	8.25
-110.5	5
-109.5	6
-108.5	3
-107.5	4
-106.5	7.83333
-105.5	4
-104.5	7
-103.5	7.09091
-102.5	5
-101.5	10
-100.5	4.5
 -99.5	7.5
 -98.5	5.33333
 -97.5	5
 -96.5	5
 -95.5	7
 -94.5	4
 -93.5	9
 -92.5	6.5
 -91.5	7.16667
 -90.5	7
 -89.5	6.5
 -88.5	9
 -87.5	5
 -86.5	4
 -85.5	3
 -84.5	6
 -83.5	5.5
 -82.5	5
 -81.5	5
 -80.5	8.09091
 -79.5	5
 -78.5	12
 -77.5	7
 -76.5	11
 -75.5	6.5
 -74.5	10
 -73.5	5
 -72.5	6
 -71.5	8
 -70.5	10
 -69.5	3.5
 -68.5	9
 -67.5	9
 -66.5	6
 -65.5	6.5
 -64.5	5
 -63.5	11
 -62.5	13
 -61.5	10
 -60.5	8
 -59.5	8
 -58.5	7
 -57.5	6.5
 -56.5	11.5
 -55.5	8
 -54.5	10
 -53.5	10.1667
 -52.5	5
 -51.5	6
 -50.5	10
 -49.5	3
 -48.5	5
 -47.5	7
 -46.5	4
 -45.5	6
 -44.5	7.33333
 -43.5	7
 -42.5	3.5
 -41.5	10
 -40.5	11
 -39.5	10.5
 -38.5	5.29091
 -37.5	8
 -36.5	6.5
 -35.5	10
 -34.5	8
 -33.5	8.25
 -32.5	6
 -31.5	7
 -30.5	6
 -29.5	8
 -28.5	10
 -27.5	4.5
 -26.5	2
 -25.5	11.5
 -24.5	9
 -23.5	10.25
 -22.5	2.5
 -21.5	11
 -20.5	6.5
 -19.5	10
 -18.5	7
 -17.5	5.5
 -16.5	6.25
 -15.5	7
 -14.5	4
 -13.5	11.0833
 -12.5	8
 -11.5	9
 -10.5	3
  -9.5	9.36667
  -8.5	7
  -7.5	7
  -6.5	6
  -5.5	9
  -4.5	4
  -3.5	5
  -2.5	8
  -1.5	4
  -0.5	9
   0.5	10
   1.5	5.2
   2.5	10
   3.5	5.59091
   4.5	12.2
   5.5	8
   6.5	4
   7.5	11.2
   8.5	11
   9.5	6
  10.5	7.2
  11.5	5
  12.5	7
  13.5	9.7
  14.5	7
  15.5	10
  16.5	12.25
  17.5	10
  18.5	7
  19.5	16
  20.5	4
  21.5	8
  22.5	6
  23.5	2
  24.5	12
  25.5	4.5
  26.5	4.09091
  27.5	7
  28.5	9.25
  29.5	5
  30.5	5.5
  31.5	8
  32.5	12
  33.5	10
  34.5	4
  35.5	5
  36.5	10
  37.5	6
  38.5	8
  39.5	7
  40.5	8
  41.5	8
  42.5	9.33333
  43.5	10
  44.5	6.16667
  45.5	5
  46.5	15.3333
  47.5	13
  48.5	1
  49.5	6.5
  50.5	7
  51.5	3
  52.5	9.33333
  53.5	4
  54.5	9
  55.5	8
  56.5	8
  57.5	6
  58.5	7.25
  59.5	3.5
  60.5	5
  61.5	11
  62.5	6
  63.5	6
  64.5	1.42424
  65.5	5
  66.5	6
  67.5	6
  68.5	4
  69.5	5.33333
  70.5	8.5
  71.5	7
  72.5	3
  73.5	8
  74.5	10
  75.5	7
  76.5	4
  77.5	9
  78.5	7
  79.5	8
  80.5	5
  81.5	4
  82.5	9
  83.5	4.5
  84.5	5
  85.5	10
  86.5	15
  87.5	3.33333
  88.5	4.33333
  89.5	5
  90.5	9
  91.5	8
  92.5	8
  93.5	3
  94.5	1
  95.5	6.33333
  96.5	5.5
  97.5	5.5
  98.5	4
  99.5	9
 100.5	6
 101.5	7
 102.5	8.5
 103.5	9.58333
 104.5	4
 105.5	6
 106.5	8
 107.5	6.25
 108.5	5
 109.5	5
 110.5	3
 111.5	3
 112.5	5
 113.5	8
 114.5	5
 115.5	5
 116.5	4
 117.5	3
 118.5	6
 119.5	2
 120.5	5
 121.5	4
 122.5	5
 123.5	4
 124.5	7.09091
 125.5	6
 126.5	4
 127.5	7
 128.5	2
 129.5	7
 130.5	6.5
 131.5	7.5
 132.5	4
 133.5	8
 134.5	8
 135.5	5
 136.5	7
 137.5	3
 138.5	6
 139.5	7
 140.5	6
 141.5	6
 142.5	2.16667
 143.5	5
 144.5	4
 145.5	2.5
 146.5	5
 147.5	5.09091
 148.5	6.5
 149.5	5
 150.5	5
 151.5	7
 152.5	8.58333
 153.5	4
 154.5	10
 155.5	9.5
 156.5	2
 157.5	6
 158.5	4
 159.5	5
 160.5	9
 161.5	7
 162.5	6
 163.5	5
 164.5	7
 165.5	2
 166.5	8.59091
 167.5	4
 168.5	5
DB 2 MOTIF	FOXP1_HUMAN.H11MO.0.A
-170.5	11.4736
-169.5	9.05456
-168.5	12.4722
-167.5	15.2847
-166.5	12.8403
-165.5	6.3879
-164.5	11.1069
-163.5	11.4236
-162.5	7.26452
-161.5	3.61012
-160.5	10.5625
-159.5	12.1394
-158.5	11.4792
-157.5	9.5625
-156.5	11.8111
-155.5	12.7
-154.5	9.65
-153.5	14.2
-152.5	8.7
-151.5	11
-150.5	6.33333
-149.5	9.16667
-148.5	9.71591
-147.5	9.38874
-146.5	6.75263
-145.5	6.9193
-144.5	13.758
-143.5	11.6082
-142.5	10.5526
-141.5	7.60025
-140.5	16.6909
-139.5	8.25758
-138.5	13.0076
-137.5	9.84091
-136.5	15.0409
-135.5	12.0909
-134.5	12.4242
-133.5	12.702
-132.5	10.1909
-131.5	15.702
-130.5	10.202
-129.5	13.1111
-128.5	11.7361
-127.5	10.8611
-126.5	9.77778
-125.5	9.11111
-124.5	11.2714
-123.5	11.3611
-122.5	9.5875
-121.5	11.0833
-120.5	9
-119.5	8.58333
-118.5	7.83333
-117.5	12.3611
-116.5	13.6833
-115.5	13.4333
-114.5	14.7833
-113.5	12.7742
-112.5	9.475
-111.5	16.95
-110.5	5.225
-109.5	11.3361
-108.5	10.1333
-107.5	17.1
-106.5	17.4542
-105.5	8.5
-104.5	14.5769
-103.5	14.5
-102.5	15.3667
-101.5	6.66667
-100.5	4.66667
 -99.5	10.5
 -98.5	11.3917
 -97.5	10.3333
 -96.5	9.16667
 -95.5	11.2917
 -94.5	11.875
 -93.5	19.7576
 -92.5	12
 -91.5	11.5254
 -90.5	8.83333
 -89.5	7
 -88.5	14.75
 -87.5	8.04762
 -86.5	10
 -85.5	8.14286
 -84.5	5.33089
 -83.5	13.9405
 -82.5	5.45536
 -81.5	8.72619
 -80.5	11.6012
 -79.5	8.39286
 -78.5	18.3857
 -77.5	17.0333
 -76.5	16.3333
 -75.5	8.11111
 -74.5	10.3095
 -73.5	9.5
 -72.5	11.3333
 -71.5	9.67424
 -70.5	16.7338
 -69.5	11.3409
 -68.5	10.5659
 -67.5	12.1742
 -66.5	10.2338
 -65.5	11.6242
 -64.5	16.8409
 -63.5	11.6385
 -62.5	16.3766
 -61.5	11.2576
 -60.5	11.3333
 -59.5	17.1667
 -58.5	17
 -57.5	11
 -56.5	10.4278
 -55.5	8.87619
 -54.5	10.2095
 -53.5	17.3451
 -52.5	6.26869
 -51.5	12.8242
 -50.5	11.7409
 -49.5	9.77626
 -48.5	15.1652
 -47.5	6.11683
 -46.5	12.1764
 -45.5	8.80844
 -44.5	15.6175
 -43.5	15.9509
 -42.5	9.58912
 -41.5	14.1266
 -40.5	11.0004
 -39.5	14.5909
 -38.5	8.25833
 -37.5	11.7
 -36.5	12.2
 -35.5	18
 -34.5	12.35
 -33.5	12.5238
 -32.5	12.1429
 -31.5	11.5531
 -30.5	9.88571
 -29.5	14.3095
 -28.5	9.70536
 -27.5	14.0429
 -26.5	7.25
 -25.5	13.5
 -24.5	8.95833
 -23.5	12.6171
 -22.5	11.95
 -21.5	16
 -20.5	9.58333
 -19.5	7.81111
 -18.5	18.8333
 -17.5	13.8333
 -16.5	12.1
 -15.5	7.91667
 -14.5	8.75
 -13.5	16.7143
 -12.5	15.4583
 -11.5	12.5909
 -10.5	7.40833
  -9.5	9.59167
  -8.5	8.14286
  -7.5	14.1364
  -6.5	12.8929
  -5.5	10.6762
  -4.5	11.8429
  -3.5	13.3429
  -2.5	15.6762
  -1.5	10.6242
  -0.5	11.6476
   0.5	6.03869
   1.5	10
   2.5	12.2909
   3.5	9
   4.5	11
   5.5	11.9333
   6.5	9.36111
   7.5	15.4
   8.5	10.5
   9.5	9.38333
  10.5	11.25
  11.5	10.7976
  12.5	12.2436
  13.5	10.2917
  14.5	9.8125
  15.5	9.54762
  16.5	19.4524
  17.5	16.5
  18.5	4.75
  19.5	21
  20.5	12.6429
  21.5	12.5833
  22.5	10.6583
  23.5	8
  24.5	13
  25.5	10.5833
  26.5	8.05
  27.5	7.93333
  28.5	16.25
  29.5	10.25
  30.5	6.57692
  31.5	16.7361
  32.5	13.0833
  33.5	12.6
  34.5	7.1
  35.5	12
  36.5	18.3125
  37.5	8.26667
  38.5	18.2476
  39.5	12.5833
  40.5	17.25
  41.5	7.16667
  42.5	13.0476
  43.5	11.4444
  44.5	5.27778
  45.5	10.2
  46.5	17.4667
  47.5	18.6
  48.5	11.85
  49.5	9.33333
  50.5	10.5833
  51.5	9.33333
  52.5	15.6444
  53.5	12.75
  54.5	11.9667
  55.5	12
  56.5	18.7111
  57.5	7.67276
  58.5	12.1269
  59.5	6.66422
  60.5	14.8505
  61.5	9.57746
  62.5	9.01496
  63.5	11.8483
  64.5	12.0983
  65.5	8.91079
  66.5	10.6261
  67.5	9.76496
  68.5	11.0205
  69.5	7.79968
  70.5	7.91026
  71.5	10.5769
  72.5	11.7372
  73.5	14.9728
  74.5	12.6111
  75.5	9.43095
  76.5	10.4554
  77.5	11.625
  78.5	17.4831
  79.5	12.1363
  80.5	14.572
  81.5	13.3512
  82.5	9.43313
  83.5	9.55298
  84.5	6.88869
  85.5	19.3333
  86.5	15.1458
  87.5	7.94345
  88.5	11.9629
  89.5	13.7083
  90.5	14.8958
  91.5	11.1958
  92.5	9.42276
  93.5	12.2625
  94.5	10.2444
  95.5	11.5
  96.5	8.52262
  97.5	15.3625
  98.5	9.05
  99.5	13.8
 100.5	15.2881
 101.5	13.6839
 102.5	9.12143
 103.5	19.1714
 104.5	10.6976
 105.5	4.46726
 106.5	9.62143
 107.5	17.4214
 108.5	9.48254
 109.5	16.1839
 110.5	15.4207
 111.5	11.0214
 112.5	10.4761
 113.5	7.68393
 114.5	12.4111
 115.5	12.3222
 116.5	13.1111
 117.5	6.73016
 118.5	10.5278
 119.5	12.4944
 120.5	12.5694
 121.5	8.75397
 122.5	7.77778
 123.5	8.8
 124.5	7.98674
 125.5	17.9345
 126.5	5.5
 127.5	9.71667
 128.5	10.3333
 129.5	13.6845
 130.5	7.22276
 131.5	8.07619
 132.5	3.16667
 133.5	9.26786
 134.5	9.125
 135.5	7
 136.5	8.83333
 137.5	11.1838
 138.5	8.50327
 139.5	5.33431
 140.5	6.95098
 141.5	11.9926
 142.5	8.11765
 143.5	6.31209
 144.5	10.6801
 145.5	13.0343
 146.5	10.451
 147.5	7.37162
 148.5	7.88431
 149.5	9.51348
 150.5	12.1176
 151.5	11.4093
 152.5	11.6188
 153.5	13.576
 154.5	18.25
 155.5	8.5
 156.5	6.75465
 157.5	7.14354
 158.5	9.70604
 159.5	5.14354
 160.5	11.3935
 161.5	16.1435
 162.5	8.06021
 163.5	12.1435
 164.5	9.20604
 165.5	4.97687
 166.5	8.05263
 167.5	15.8026
 168.5	8.11111
 169.5	13.25
 170.5	16.3929
DB 2 MOTIF	FOXP2_HUMAN.H11MO.0.C
-170.5	9.58333
-169.5	8
-168.5	6.25
-167.5	11
-166.5	5
-165.5	7.375
-164.5	7.16667
-163.5	13.1
-162.5	8.41667
-161.5	6.33333
-160.5	9.33333
-159.5	8
-158.5	13
-157.5	7
-156.5	13
-155.5	10
-154.5	12
-153.5	10
-152.5	9
-151.5	9.83333
-150.5	8
-149.5	9.35
-148.5	7.16667
-147.5	4
-146.5	8.16667
-145.5	8.5
-144.5	6
-143.5	12.5
-142.5	11.3333
-141.5	12.8333
-140.5	5
-139.5	8.5
-138.5	1.5
-137.5	11
-136.5	6
-135.5	10
-134.5	10.6667
-133.5	8.33333
-132.5	12.8333
-131.5	15.5
-130.5	10.45
-129.5	8
-128.5	10
-127.5	11.5
-126.5	12.25
-125.5	5
-124.5	6
-123.5	13.0833
-122.5	10.5
-121.5	11
-120.5	10.6167
-119.5	9.5
-118.5	5.83333
-117.5	8
-116.5	9.58333
-115.5	8.25
-114.5	12.4333
-113.5	9.45
-112.5	16.8333
-111.5	8.125
-110.5	14
-109.5	7.5
-108.5	8.625
-107.5	12.2
-106.5	11.25
-105.5	11
-104.5	8.58333
-103.5	5.5
-102.5	8.75
-101.5	6.16667
-100.5	12
 -99.5	9
 -98.5	11
 -97.5	8.47619
 -96.5	16.2
 -95.5	11
 -94.5	10.6
 -93.5	9.5
 -92.5	12
 -91.5	11.2
 -90.5	11.2
 -89.5	13
 -88.5	7
 -87.5	8
 -86.5	11.5
 -85.5	10.5
 -84.5	10.5
 -83.5	4
 -82.5	6.45
 -81.5	12.9167
 -80.5	9.625
 -79.5	12.8333
 -78.5	15
 -77.5	11.25
 -76.5	7.25
 -75.5	18.8095
 -74.5	7.95
 -73.5	7.25
 -72.5	8.7
 -71.5	13.5
 -70.5	6.45833
 -69.5	15.1667
 -68.5	11.7
 -67.5	10.5
 -66.5	8.33333
 -65.5	8.16667
 -64.5	11.3333
 -63.5	10
 -62.5	14
 -61.5	13
 -60.5	16
 -59.5	11
 -58.5	6.75
 -57.5	11.7
 -56.5	10
 -55.5	13
 -54.5	13.3333
 -53.5	9
 -52.5	18.0333
 -51.5	8
 -50.5	7.33333
 -49.5	8.5
 -48.5	5
 -47.5	12.1667
 -46.5	7.7
 -45.5	8.33333
 -44.5	8
 -43.5	7.83333
 -42.5	14
 -41.5	10.5
 -40.5	11.3333
 -39.5	10.0833
 -38.5	16.125
 -37.5	6
 -36.5	13.875
 -35.5	5
 -34.5	20.75
 -33.5	9.5
 -32.5	18
 -31.5	2.5
 -30.5	15.1429
 -29.5	15.1667
 -28.5	15.125
 -27.5	5.5
 -26.5	7
 -25.5	12.5
 -24.5	13.5
 -23.5	4.5
 -22.5	16
 -21.5	11.5
 -20.5	12.5833
 -19.5	6.5
 -18.5	9
 -17.5	8
 -16.5	6.83333
 -15.5	14.95
 -14.5	13.3929
 -13.5	11.3333
 -12.5	11.7667
 -11.5	11.5
 -10.5	10.1667
  -9.5	4
  -8.5	10.6667
  -7.5	11.6667
  -6.5	10.5
  -5.5	14.5
  -4.5	13.25
  -3.5	18.5
  -2.5	4.53333
  -1.5	10.5
  -0.5	14.4583
   0.5	6.5
   1.5	12.4333
   2.5	9.11667
   3.5	11.9167
   4.5	10.5
   5.5	14.1667
   6.5	12
   7.5	9.33333
   8.5	11
   9.5	13.3333
  10.5	9.33333
  11.5	13.5
  12.5	13.75
  13.5	12.1667
  14.5	12.3333
  15.5	12.3667
  16.5	19.5
  17.5	12
  18.5	13.5
  19.5	10
  20.5	11
  21.5	14.25
  22.5	8
  23.5	13.5
  24.5	8.5
  25.5	13.0833
  26.5	10.2
  27.5	12.25
  28.5	11
  29.5	11.25
  30.5	12.3333
  31.5	12.3333
  32.5	12.1429
  33.5	10.5667
  34.5	9.16667
  35.5	11.5
  36.5	9
  37.5	14.125
  38.5	7
  39.5	10.5
  40.5	10.5833
  41.5	13.8333
  42.5	12.8333
  43.5	8.325
  44.5	12.5
  45.5	8.25
  46.5	16.3333
  47.5	11.25
  48.5	9.5
  49.5	7.58333
  50.5	13.8333
  51.5	10.5333
  52.5	10
  53.5	9.5
  54.5	7
  55.5	13.8333
  56.5	11.5
  57.5	6.41667
  58.5	6.5
  59.5	12.25
  60.5	5
  61.5	14.3333
  62.5	13.5
  63.5	6.41667
  64.5	12
  65.5	9.5
  66.5	15.5833
  67.5	12.1667
  68.5	3
  69.5	9
  70.5	15.25
  71.5	5.83333
  72.5	8.5
  73.5	12.2917
  74.5	6
  75.5	7
  76.5	7
  77.5	12.5
  78.5	11
  79.5	12.625
  80.5	7
  81.5	9
  82.5	5.14286
  83.5	8.5
  84.5	7.58333
  85.5	8
  86.5	6.33333
  87.5	16.6
  88.5	7.4
  89.5	12.5833
  90.5	9.83333
  91.5	7
  92.5	7.25
  93.5	15
  94.5	9.5
  95.5	5.83333
  96.5	11.3333
  97.5	11.25
  98.5	11
  99.5	9.16667
 100.5	15
 101.5	10.5
 102.5	12.25
 103.5	6.33333
 104.5	11.9833
 105.5	8.95
 106.5	12
 107.5	8.375
 108.5	8.66667
 109.5	7.6
 110.5	9.30952
 111.5	5.5
 112.5	9
 113.5	10.5
 114.5	10.8333
 115.5	8.25
 116.5	9.16667
 117.5	10
 118.5	5
 119.5	8
 120.5	6
 121.5	10
 122.5	7
 123.5	12.5167
 124.5	15
 125.5	10
 126.5	14
 127.5	9.5
 128.5	7
 129.5	8.83333
 130.5	11
 131.5	8.5
 132.5	8.16667
 133.5	10
 134.5	7
 135.5	10
 136.5	9
 137.5	7.25
 138.5	10
 139.5	15
 140.5	11.5
 141.5	4.41667
 142.5	5
 143.5	6.125
 144.5	9.03333
 145.5	4.45
 146.5	5.08333
 147.5	9
 148.5	5.33333
 149.5	7.75
 150.5	11
 151.5	12.85
 152.5	9
 153.5	13.3333
 154.5	8.33333
 155.5	12
 156.5	4
 157.5	5.125
 158.5	7
 159.5	11
 160.5	13
 161.5	10.0833
 162.5	4.5
 163.5	8.33333
 164.5	8.5
 165.5	11.0833
 166.5	13
 167.5	7.5
 168.5	10
 169.5	10.75
 170.5	7
DB 2 MOTIF	GLI3_HUMAN.H11MO.0.B
-169.5	8.25
-168.5	5.5
-167.5	6.14286
-166.5	3
-165.5	4.5
-164.5	4
-163.5	4.5
-162.5	2
-161.5	6
-160.5	1.33333
-159.5	6
-158.5	8
-157.5	6
-156.5	3.5
-155.5	6.125
-154.5	7
-153.5	4
-152.5	5
-151.5	7.5
-150.5	7.5
-149.5	5.16667
-148.5	6
-147.5	4.5
-146.5	5
-145.5	7.93333
-144.5	5
-143.5	6.14286
-142.5	5
-141.5	4.33333
-140.5	11
-139.5	5
-138.5	4.2
-137.5	7.5
-136.5	8.5
-135.5	2.33333
-134.5	6
-133.5	11
-132.5	2.5
-131.5	7.86667
-130.5	5.5
-129.5	8
-128.5	1.33333
-127.5	4.25
-126.5	4.33333
-125.5	3.5
-124.5	4.33333
-123.5	5.66667
-122.5	5
-121.5	6.47619
-120.5	3.66667
-119.5	3.5
-118.5	2.75
-117.5	8.125
-116.5	5.16667
-115.5	3.5
-114.5	4.64286
-113.5	5.5
-112.5	4.3
-111.5	5
-110.5	9.16667
-109.5	3.5
-108.5	5
-107.5	4.93452
-106.5	3.5
-105.5	5
-104.5	8.33333
-103.5	4
-102.5	3.25
-101.5	5
-100.5	12.3333
 -99.5	7
 -98.5	8.33333
 -97.5	6
 -96.5	5.7
 -95.5	3.5
 -94.5	4
 -93.5	4
 -92.5	4.58333
 -91.5	4
 -90.5	10
 -89.5	4
 -88.5	5.6
 -87.5	4.83333
 -86.5	7
 -85.5	1.83333
 -84.5	9
 -83.5	2
 -82.5	6.7
 -81.5	4.14286
 -80.5	8
 -79.5	4.25
 -78.5	8
 -77.5	4.16667
 -76.5	8.2
 -75.5	9
 -74.5	3
 -73.5	3.5
 -72.5	5.08333
 -71.5	6
 -70.5	5.25
 -69.5	5.625
 -68.5	1.33333
 -67.5	6.66667
 -66.5	7.25
 -65.5	9
 -64.5	4.5
 -63.5	4
 -62.5	6.5
 -61.5	7.14286
 -60.5	3.2
 -59.5	3.5
 -58.5	7.5
 -57.5	12
 -56.5	4.08333
 -55.5	12.3333
 -54.5	7
 -53.5	8
 -52.5	8
 -51.5	5.5
 -50.5	7
 -49.5	4
 -48.5	8.25
 -47.5	7
 -46.5	6.5
 -45.5	6
 -44.5	10.3333
 -43.5	4
 -42.5	5.33333
 -41.5	6.83333
 -40.5	1
 -39.5	11.5
 -38.5	6.2
 -37.5	6.2
 -36.5	3.5
 -35.5	5.33333
 -34.5	8.1
 -33.5	7
 -32.5	7
 -31.5	6.125
 -30.5	7.36667
 -29.5	7.5
 -28.5	8.25
 -27.5	10.3333
 -26.5	4.83333
 -25.5	4.66667
 -24.5	8.16667
 -23.5	9
 -22.5	7.14286
 -21.5	4.79167
 -20.5	12.0833
 -19.5	5.33333
 -18.5	5
 -17.5	10
 -16.5	10.2
 -15.5	6.5
 -14.5	4
 -13.5	6.5
 -12.5	9.66667
 -11.5	11
 -10.5	11.35
  -9.5	4
  -8.5	11
  -7.5	6
  -6.5	7.39286
  -5.5	5
  -4.5	8
  -3.5	6.5
  -2.5	4.2
  -1.5	13
  -0.5	4.25
   0.5	11
   1.5	4
   2.5	11
   3.5	9.2
   4.5	10.3333
   5.5	9
   6.5	10.3333
   7.5	6
   8.5	5.36667
   9.5	6.5
  10.5	8.5
  11.5	5
  12.5	3.58333
  13.5	4.83333
  14.5	2.5
  15.5	7.43333
  16.5	10
  17.5	4.58333
  18.5	6.16667
  19.5	9
  20.5	5.33333
  21.5	6.33333
  22.5	7.75
  23.5	5.5
  24.5	5.5
  25.5	3
  26.5	8
  27.5	8.5
  28.5	7.125
  29.5	7.45
  30.5	5.43333
  31.5	6
  32.5	4
  33.5	4
  34.5	6.30952
  35.5	8.16667
  36.5	8
  37.5	8.2
  38.5	6.25
  39.5	3.16667
  40.5	11
  41.5	2.5
  42.5	4.83333
  43.5	7.1
  44.5	5.75
  45.5	6
  46.5	5.75
  47.5	8.16667
  48.5	7.75
  49.5	4
  50.5	5.5
  51.5	10.5
  52.5	7.33333
  53.5	6.91667
  54.5	3
  55.5	8.2
  56.5	6.03333
  57.5	6.33333
  58.5	5
  59.5	9.75
  60.5	8
  61.5	8.16667
  62.5	7.25
  63.5	8
  64.5	2
  65.5	5
  66.5	4.75
  67.5	8.58333
  68.5	4.5
  69.5	5.66667
  70.5	7.5
  71.5	6
  72.5	8.5
  73.5	4.14286
  74.5	3.83333
  75.5	3.33333
  76.5	10
  77.5	2.5
  78.5	5
  79.5	11.3929
  80.5	1
  81.5	6.33333
  82.5	10
  83.5	6.5
  84.5	7
  85.5	10.75
  86.5	4.75
  87.5	7
  88.5	5
  89.5	7
  90.5	7.5
  91.5	7.5
  92.5	7
  93.5	5.33333
  94.5	5
  95.5	6.83333
  96.5	5
  97.5	6.83333
  98.5	7.66667
  99.5	13.1429
 100.5	7
 101.5	5
 102.5	5
 103.5	4.83333
 104.5	8
 105.5	7
 106.5	5
 107.5	7.25
 108.5	5.1
 109.5	5
 110.5	10
 111.5	4.16667
 112.5	8
 113.5	9
 114.5	4.66667
 115.5	8.5
 116.5	4.33333
 117.5	5
 118.5	6.83333
 119.5	3.14286
 120.5	5.625
 121.5	3.25
 122.5	7
 123.5	6.33333
 124.5	4
 125.5	2.66667
 126.5	11.25
 127.5	4
 128.5	4
 129.5	3
 130.5	6
 131.5	9
 132.5	7.5
 133.5	6.33333
 134.5	3.16667
 135.5	7
 136.5	8.75
 137.5	7.5
 138.5	5.16667
 139.5	6
 140.5	8
 141.5	5.5
 142.5	6
 143.5	6.75
 144.5	6.1
 145.5	3.16667
 146.5	2.83333
 147.5	7
 148.5	1.5
 149.5	9
 150.5	4.5
 151.5	7.53333
 152.5	7.25
 153.5	3.5
 154.5	3
 155.5	3
 156.5	4
 157.5	5
 158.5	6.16667
 159.5	6
 160.5	9.33333
 161.5	5.2
 162.5	3
 163.5	6.25
 164.5	4
 165.5	6
 166.5	4.5
 167.5	3.25
 168.5	4
 169.5	7.83333
DB 2 MOTIF	HLF_HUMAN.H11MO.0.C
-168.5	3.33333
-167.5	3
-166.5	1
-165.5	2
-164.5	1
-163.5	1
-162.5	3
-161.5	2
-160.5	3
-159.5	5
-158.5	2
-157.5	1
-156.5	4
-155.5	3.5
-154.5	3
-153.5	1
-152.5	2
-151.5	1
-150.5	2
-149.5	4
-148.5	1
-147.5	6
-146.5	2
-145.5	1
-144.5	3
-143.5	4
-142.5	2
-141.5	1.5
-140.5	1
-139.5	2
-138.5	1
-137.5	4
-136.5	0
-135.5	5
-134.5	5
-133.5	3
-132.5	4
-131.5	2
-130.5	2
-129.5	1
-128.5	4
-127.5	3
-126.5	2
-125.5	4
-124.5	3
-123.5	1
-122.5	3
-121.5	5
-120.5	4
-119.5	2.5
-118.5	3
-117.5	2
-116.5	8
-115.5	1
-114.5	4
-113.5	3.25
-112.5	4
-111.5	2
-110.5	5
-109.5	2
-108.5	2
-107.5	2
-106.5	4.5
-105.5	4.5
-104.5	2.33333
-103.5	8
-102.5	4
-101.5	0
-100.5	0
 -99.5	4
 -98.5	4
 -97.5	4
 -96.5	4.5
 -95.5	4
 -94.5	5
 -93.5	2
 -92.5	3
 -91.5	3
 -90.5	5
 -89.5	2
 -88.5	2
 -87.5	1
 -86.5	7
 -85.5	1
 -84.5	3
 -83.5	4
 -82.5	1
 -81.5	3
 -80.5	1
 -79.5	3
 -78.5	2
 -77.5	1
 -76.5	3
 -75.5	3
 -74.5	3
 -73.5	3
 -72.5	2
 -71.5	2
 -70.5	3
 -69.5	10
 -68.5	1
 -67.5	3
 -66.5	8
 -65.5	1
 -64.5	1
 -63.5	5
 -62.5	2
 -61.5	3.5
 -60.5	6
 -59.5	4
 -58.5	4
 -57.5	4
 -56.5	6
 -55.5	4
 -54.5	2
 -53.5	3
 -52.5	3.25
 -51.5	5
 -50.5	1
 -49.5	4
 -48.5	2
 -47.5	5
 -46.5	4
 -45.5	4
 -44.5	4.33333
 -43.5	2.33333
 -42.5	1
 -41.5	4
 -40.5	6
 -39.5	2
 -38.5	7
 -37.5	7
 -36.5	2
 -35.5	5
 -34.5	2
 -33.5	1.5
 -32.5	6
 -31.5	4
 -30.5	7
 -29.5	4
 -28.5	4
 -27.5	3
 -26.5	5.33333
 -25.5	1.5
 -24.5	2
 -23.5	5
 -22.5	4
 -21.5	3
 -20.5	5
 -19.5	3
 -18.5	9
 -17.5	7
 -16.5	4
 -15.5	2
 -14.5	7
 -13.5	5
 -12.5	5
 -11.5	4
 -10.5	3
  -9.5	5.33333
  -8.5	5
  -7.5	3
  -6.5	3
  -5.5	3
  -4.5	4
  -3.5	1
  -2.5	4
  -1.5	4
  -0.5	3
   0.5	2.33333
   1.5	1
   2.5	5
   3.5	3
   4.5	2
   5.5	3
   6.5	3
   7.5	6
   8.5	2
   9.5	1
  10.5	3
  11.5	0
  12.5	6
  13.5	2
  14.5	6
  15.5	4
  16.5	5.5
  17.5	3
  18.5	4
  19.5	5
  20.5	4
  21.5	3
  22.5	1
  23.5	5
  24.5	1
  25.5	3
  26.5	7
  27.5	2
  28.5	5
  29.5	3.5
  30.5	2
  31.5	5
  32.5	2
  33.5	5.5
  34.5	2
  35.5	7.5
  36.5	3
  37.5	4
  38.5	6
  39.5	4
  40.5	3
  41.5	3
  42.5	3
  43.5	2.25
  44.5	6
  45.5	5
  46.5	7
  47.5	8
  48.5	4
  49.5	1
  50.5	2
  51.5	2
  52.5	4
  53.5	3
  54.5	7
  55.5	1
  56.5	6
  57.5	7
  58.5	6
  59.5	2
  60.5	7
  61.5	1
  62.5	3
  63.5	2
  64.5	3
  65.5	4
  66.5	2
  67.5	6
  68.5	3
  69.5	6.5
  70.5	2
  71.5	3
  72.5	2
  73.5	8
  74.5	1
  75.5	5
  76.5	5
  77.5	4
  78.5	5
  79.5	4
  80.5	3
  81.5	3
  82.5	2
  83.5	3
  84.5	8
  85.5	5
  86.5	0
  87.5	1
  88.5	2
  89.5	6
  90.5	1
  91.5	2
  92.5	4
  93.5	2
  94.5	3
  95.5	3
  96.5	2
  97.5	4
  98.5	4
  99.5	6
 100.5	3
 101.5	4
 102.5	8
 103.5	2
 104.5	1.25
 105.5	2
 106.5	4
 107.5	2
 108.5	2
 109.5	1
 110.5	2
 111.5	2
 112.5	4
 113.5	4
 114.5	4
 115.5	5
 116.5	0
 117.5	2
 118.5	2
 119.5	2
 120.5	2
 121.5	3
 122.5	3
 123.5	3
 124.5	6
 125.5	3
 126.5	2
 127.5	0
 128.5	1
 129.5	4
 130.5	3
 131.5	2
 132.5	3
 133.5	4
 134.5	2
 135.5	6
 136.5	2
 137.5	3
 138.5	6
 139.5	3
 140.5	3.33333
 141.5	3
 142.5	8
 143.5	9
 144.5	2
 145.5	4
 146.5	1
 147.5	2
 148.5	1
 149.5	3
 150.5	5
 151.5	4
 152.5	4
 153.5	1
 154.5	4
 155.5	3
 156.5	1
 157.5	5
 158.5	3
 159.5	5
 160.5	2
 161.5	2
 162.5	3.33333
 163.5	0
 164.5	4
 165.5	2
 166.5	4
 167.5	3
 168.5	0
DB 2 MOTIF	HNF4A_HUMAN.H11MO.0.A
-168.0	6
-167.0	6
-166.0	10
-165.0	3
-164.0	2
-163.0	5
-162.0	2
-161.0	4
-160.0	10
-159.0	4
-158.0	4
-157.0	4
-156.0	13
-155.0	8
-154.0	8
-153.0	7
-152.0	4
-151.0	8
-150.0	5.5
-149.0	6
-148.0	6
-147.0	5
-146.0	8
-145.0	5
-144.0	5
-143.0	7
-142.0	11
-141.0	4
-140.0	8
-139.0	5.5
-138.0	7
-137.0	6
-136.0	7
-135.0	5
-134.0	8
-133.0	13
-132.0	8
-131.0	11
-130.0	5
-129.0	5
-128.0	9
-127.0	10
-126.0	6
-125.0	10
-124.0	6
-123.0	11
-122.0	4
-121.0	6
-120.0	2
-119.0	7
-118.0	7
-117.0	13
-116.0	9
-115.0	8
-114.0	10
-113.0	7.5
-112.0	7
-111.0	8
-110.0	7
-109.0	4
-108.0	8
-107.0	6
-106.0	9
-105.0	5
-104.0	5
-103.0	8
-102.0	3.5
-101.0	5
-100.0	3
 -99.0	7
 -98.0	4
 -97.0	9
 -96.0	5
 -95.0	10
 -94.0	4
 -93.0	8
 -92.0	9
 -91.0	7
 -90.0	8
 -89.0	7
 -88.0	11
 -87.0	8
 -86.0	0
 -85.0	7
 -84.0	4
 -83.0	7.5
 -82.0	3
 -81.0	10
 -80.0	8
 -79.0	9
 -78.0	10
 -77.0	6
 -76.0	10.5
 -75.0	12
 -74.0	6
 -73.0	6
 -72.0	12.5
 -71.0	11
 -70.0	9
 -69.0	8
 -68.0	7
 -67.0	11
 -66.0	10
 -65.0	8
 -64.0	11
 -63.0	9
 -62.0	4
 -61.0	10
 -60.0	8
 -59.0	10
 -58.0	11.5
 -57.0	7
 -56.0	4
 -55.0	7
 -54.0	4.5
 -53.0	14
 -52.0	15
 -51.0	6
 -50.0	12.5
 -49.0	9
 -48.0	17
 -47.0	11
 -46.0	12
 -45.0	7
 -44.0	6.33333
 -43.0	13
 -42.0	5
 -41.0	7
 -40.0	9
 -39.0	14
 -38.0	9
 -37.0	8.5
 -36.0	6
 -35.0	14.3333
 -34.0	18
 -33.0	10
 -32.0	11
 -31.0	12
 -30.0	9
 -29.0	8
 -28.0	6
 -27.0	13.5
 -26.0	11
 -25.0	7
 -24.0	10.5
 -23.0	8
 -22.0	8
 -21.0	11
 -20.0	8.5
 -19.0	6
 -18.0	8
 -17.0	10
 -16.0	3.5
 -15.0	7
 -14.0	8
 -13.0	6
 -12.0	7
 -11.0	12.5
 -10.0	11
  -9.0	12
  -8.0	11
  -7.0	10
  -6.0	10
  -5.0	8
  -4.0	7
  -3.0	8
  -2.0	6
  -1.0	12.5
   0.0	6
   1.0	4
   2.0	5
   3.0	10
   4.0	11
   5.0	6
   6.0	8
   7.0	11.5
   8.0	9
   9.0	7.5
  10.0	7
  11.0	10
  12.0	10
  13.0	10
  14.0	3
  15.0	8
  16.0	11
  17.0	9
  18.0	5.5
  19.0	8
  20.0	6
  21.0	11
  22.0	10
  23.0	18
  24.0	12
  25.0	10
  26.0	7.5
  27.0	6
  28.0	9
  29.0	6
  30.0	8
  31.0	10
  32.0	12.3333
  33.0	7.5
  34.0	11
  35.0	10
  36.0	2
  37.0	6
  38.0	5
  39.0	8.5
  40.0	11
  41.0	4
  42.0	9
  43.0	9
  44.0	7
  45.0	13
  46.0	12
  47.0	5
  48.0	8
  49.0	7.33333
  50.0	7
  51.0	3
  52.0	11
  53.0	11
  54.0	11
  55.0	12
  56.0	7
  57.0	10.5
  58.0	4
  59.0	8
  60.0	7
  61.0	13
  62.0	5
  63.0	6
  64.0	8
  65.0	9
  66.0	4
  67.0	9
  68.0	7
  69.0	7
  70.0	12
  71.0	11
  72.0	9
  73.0	13
  74.0	7
  75.0	4
  76.0	10
  77.0	8
  78.0	12
  79.0	6
  80.0	8
  81.0	6
  82.0	11.5
  83.0	7
  84.0	10
  85.0	14
  86.0	7
  87.0	7
  88.0	5
  89.0	6
  90.0	5
  91.0	8
  92.0	5
  93.0	12
  94.0	8
  95.0	4
  96.0	3
  97.0	9
  98.0	6
  99.0	8.33333
 100.0	3
 101.0	6
 102.0	8.33333
 103.0	3
 104.0	7.5
 105.0	6
 106.0	7
 107.0	7
 108.0	5
 109.0	12
 110.0	8
 111.0	6
 112.0	4
 113.0	6
 114.0	5
 115.0	6.5
 116.0	3
 117.0	5
 118.0	6.5
 119.0	6
 120.0	4
 121.0	6.5
 122.0	4
 123.0	3
 124.0	5
 125.0	7
 126.0	6
 127.0	7
 128.0	8
 129.0	9.5
 130.0	7
 131.0	8
 132.0	6
 133.0	2
 134.0	4
 135.0	6
 136.0	6.5
 137.0	5
 138.0	8.5
 139.0	4
 140.0	4
 141.0	9
 142.0	6
 143.0	5
 144.0	8
 145.0	7
 146.0	5
 147.0	5
 148.0	6
 149.0	6
 150.0	5
 151.0	7
 152.0	6
 153.0	4
 154.0	4.5
 155.0	8
 156.0	6
 157.0	9.5
 158.0	13
 159.0	4
 160.0	5
 161.0	5
 162.0	3
 163.0	7
 164.0	4
 165.0	7
 166.0	4
 167.0	7
 168.0	12
DB 2 MOTIF	HNF4G_HUMAN.H11MO.0.B
-168.0	7
-167.0	6
-166.0	10
-165.0	7
-164.0	5
-163.0	6
-162.0	1
-161.0	6
-160.0	7
-159.0	6
-158.0	6
-157.0	8
-156.0	8
-155.0	7
-154.0	8
-153.0	8
-152.0	5
-151.0	7
-150.0	5.5
-149.0	9
-148.0	5
-147.0	9
-146.0	7
-145.0	7
-144.0	5
-143.0	8
-142.0	10
-141.0	9
-140.0	7
-139.0	6
-138.0	9
-137.0	7
-136.0	9
-135.0	3
-134.0	10
-133.0	12
-132.0	10
-131.0	9
-130.0	7
-129.0	7
-128.0	8
-127.0	12
-126.0	7
-125.0	11
-124.0	7
-123.0	12
-122.0	8
-121.0	11
-120.0	4
-119.0	9
-118.0	7
-117.0	11
-116.0	12
-115.0	7
-114.0	9
-113.0	7.5
-112.0	6
-111.0	11
-110.0	12
-109.0	4
-108.0	9
-107.0	9
-106.0	9
-105.0	5
-104.0	6
-103.0	10
-102.0	6.5
-101.0	6
-100.0	4
 -99.0	9
 -98.0	3.5
 -97.0	9
 -96.0	7
 -95.0	10
 -94.0	8
 -93.0	11
 -92.0	8
 -91.0	7
 -90.0	9
 -89.0	9
 -88.0	14
 -87.0	8
 -86.0	3
 -85.0	7
 -84.0	6
 -83.0	9.5
 -82.0	3
 -81.0	11
 -80.0	9
 -79.0	9
 -78.0	7
 -77.0	7
 -76.0	10
 -75.0	17
 -74.0	6
 -73.0	10
 -72.0	14
 -71.0	13
 -70.0	12
 -69.0	12
 -68.0	9
 -67.0	12
 -66.0	9
 -65.0	13
 -64.0	12
 -63.0	8
 -62.0	7
 -61.0	9
 -60.0	9
 -59.0	9
 -58.0	11
 -57.0	9
 -56.0	6
 -55.0	7
 -54.0	4.5
 -53.0	18
 -52.0	15
 -51.0	5
 -50.0	13.5
 -49.0	11
 -48.0	18
 -47.0	12
 -46.0	10
 -45.0	8
 -44.0	7.33333
 -43.0	13.3333
 -42.0	5
 -41.0	9
 -40.0	9
 -39.0	17
 -38.0	8
 -37.0	9
 -36.0	6
 -35.0	16
 -34.0	19
 -33.0	10
 -32.0	9
 -31.0	16
 -30.0	10
 -29.0	6
 -28.0	4
 -27.0	15
 -26.0	12
 -25.0	7
 -24.0	11.5
 -23.0	9
 -22.0	8
 -21.0	12
 -20.0	8.5
 -19.0	6
 -18.0	12
 -17.0	14
 -16.0	5
 -15.0	6
 -14.0	7
 -13.0	6
 -12.0	4
 -11.0	16.5
 -10.0	10
  -9.0	14
  -8.0	8
  -7.0	7
  -6.0	9
  -5.0	8
  -4.0	10
  -3.0	10
  -2.0	6
  -1.0	10.5
   0.0	11
   1.0	6
   2.0	6
   3.0	10
   4.0	12
   5.0	10
   6.0	9
   7.0	13
   8.0	11
   9.0	8.5
  10.0	9
  11.0	12
  12.0	9
  13.0	11
  14.0	4
  15.0	7
  16.0	11
  17.0	11
  18.0	6.5
  19.0	10
  20.0	6
  21.0	12
  22.0	10
  23.0	20
  24.0	12.3333
  25.0	9
  26.0	6.5
  27.0	11
  28.0	10
  29.0	8
  30.0	9
  31.0	14
  32.0	12
  33.0	7
  34.0	10
  35.0	11
  36.0	2
  37.0	8
  38.0	9
  39.0	8.5
  40.0	14
  41.0	6
  42.0	8
  43.0	6
  44.0	8
  45.0	12
  46.0	12
  47.0	7
  48.0	7
  49.0	8.33333
  50.0	9
  51.0	4.5
  52.0	13
  53.0	15
  54.0	8
  55.0	12
  56.0	6
  57.0	10.5
  58.0	5
  59.0	7
  60.0	11
  61.0	12
  62.0	3
  63.0	8
  64.0	5
  65.0	9
  66.0	5
  67.0	11
  68.0	5
  69.0	12
  70.0	14
  71.0	11
  72.0	8
  73.0	13
  74.0	10
  75.0	8
  76.0	16
  77.0	8
  78.0	14
  79.0	9
  80.0	10
  81.0	7
  82.0	12
  83.0	10
  84.0	10
  85.0	14
  86.0	8
  87.0	7
  88.0	9
  89.0	7
  90.0	4
  91.0	8.33333
  92.0	7
  93.0	13
  94.0	8
  95.0	3
  96.0	7
  97.0	10
  98.0	7
  99.0	8
 100.0	5
 101.0	7
 102.0	6.33333
 103.0	6
 104.0	8.5
 105.0	9
 106.0	7
 107.0	7
 108.0	5
 109.0	8
 110.0	9
 111.0	5
 112.0	5
 113.0	5
 114.0	10
 115.0	9
 116.0	8
 117.0	4
 118.0	6
 119.0	10
 120.0	7
 121.0	8
 122.0	4
 123.0	6
 124.0	8
 125.0	8
 126.0	8
 127.0	7
 128.0	10
 129.0	9
 130.0	8
 131.0	9
 132.0	9
 133.0	0
 134.0	5
 135.0	7
 136.0	9
 137.0	7
 138.0	9
 139.0	6
 140.0	5
 141.0	11
 142.0	9
 143.0	7
 144.0	8
 145.0	6
 146.0	9
 147.0	7
 148.0	5
 149.0	7
 150.0	8
 151.0	9
 152.0	6
 153.0	6
 154.0	6
 155.0	12
 156.0	7
 157.0	11.5
 158.0	15
 159.0	7.5
 160.0	6
 161.0	6
 162.0	2
 163.0	8
 164.0	6
 165.0	7
 166.0	4
 167.0	9
 168.0	12
DB 2 MOTIF	HNF6_HUMAN.H11MO.0.B
-169.5	2
-168.5	5
-167.5	2
-166.5	3
-165.5	1
-164.5	5
-163.5	5
-162.5	3
-161.5	5
-160.5	4
-159.5	4
-158.5	3.5
-157.5	2.5
-156.5	3
-155.5	2
-154.5	8
-153.5	5
-152.5	2
-151.5	0
-150.5	2
-149.5	6
-148.5	2
-147.5	2
-146.5	4
-145.5	4
-144.5	1
-143.5	3
-142.5	4
-141.5	5
-140.5	0
-139.5	3
-138.5	2
-137.5	4
-136.5	3
-135.5	3
-134.5	3
-133.5	4
-132.5	4
-131.5	5
-130.5	3
-129.5	1
-128.5	3
-127.5	1
-126.5	7
-125.5	2
-124.5	3
-123.5	6
-122.5	3
-121.5	3
-120.5	2
-119.5	1
-118.5	3.33333
-117.5	3
-116.5	1
-115.5	2
-114.5	3
-113.5	4.33333
-112.5	0
-111.5	3
-110.5	3
-109.5	5
-108.5	2
-107.5	1
-106.5	7
-105.5	3
-104.5	2
-103.5	0
-102.5	0
-101.5	6
-100.5	4.33333
 -99.5	5.33333
 -98.5	4
 -97.5	1
 -96.5	6
 -95.5	1
 -94.5	3
 -93.5	4
 -92.5	4
 -91.5	2
 -90.5	0
 -89.5	5
 -88.5	3
 -87.5	6
 -86.5	1
 -85.5	3
 -84.5	3
 -83.5	3
 -82.5	5
 -81.5	4
 -80.5	4
 -79.5	2
 -78.5	4
 -77.5	6
 -76.5	1
 -75.5	1
 -74.5	3
 -73.5	1
 -72.5	4
 -71.5	1
 -70.5	5
 -69.5	6
 -68.5	1
 -67.5	4
 -66.5	5
 -65.5	5
 -64.5	2
 -63.5	4.33333
 -62.5	3
 -61.5	2
 -60.5	4.5
 -59.5	5
 -58.5	3
 -57.5	3
 -56.5	3
 -55.5	1.5
 -54.5	3
 -53.5	2
 -52.5	2
 -51.5	5
 -50.5	2
 -49.5	6.33333
 -48.5	5
 -47.5	5
 -46.5	4
 -45.5	5
 -44.5	4
 -43.5	3
 -42.5	4
 -41.5	4
 -40.5	8
 -39.5	3
 -38.5	2
 -37.5	2
 -36.5	4
 -35.5	5
 -34.5	1
 -33.5	3
 -32.5	4
 -31.5	3
 -30.5	1
 -29.5	4
 -28.5	2
 -27.5	0.5
 -26.5	4
 -25.5	5.5
 -24.5	4.25
 -23.5	2
 -22.5	1
 -21.5	2
 -20.5	7
 -19.5	2
 -18.5	4
 -17.5	3
 -16.5	5
 -15.5	5
 -14.5	2
 -13.5	4
 -12.5	3
 -11.5	3
 -10.5	3
  -9.5	2
  -8.5	3
  -7.5	1
  -6.5	5
  -5.5	3
  -4.5	7.5
  -3.5	3
  -2.5	2
  -1.5	9.5
  -0.5	11
   0.5	3
   1.5	8.33333
   2.5	3
   3.5	4.25
   4.5	3.33333
   5.5	5
   6.5	4
   7.5	3
   8.5	3
   9.5	4
  10.5	5
  11.5	1
  12.5	1
  13.5	3
  14.5	6
  15.5	3
  16.5	2
  17.5	5
  18.5	4
  19.5	2
  20.5	0
  21.5	1
  22.5	1
  23.5	4.33333
  24.5	3
  25.5	3
  26.5	5
  27.5	1
  28.5	2
  29.5	7
  30.5	0
  31.5	2
  32.5	3.33333
  33.5	1
  34.5	2
  35.5	3
  36.5	4
  37.5	3
  38.5	6
  39.5	9
  40.5	2
  41.5	6
  42.5	2
  43.5	5
  44.5	1
  45.5	6
  46.5	3.5
  47.5	3
  48.5	6
  49.5	4
  50.5	5
  51.5	4.5
  52.5	3
  53.5	5
  54.5	4
  55.5	2
  56.5	3
  57.5	3
  58.5	4
  59.5	1
  60.5	3
  61.5	2
  62.5	1
  63.5	0
  64.5	2
  65.5	0
  66.5	1
  67.5	3
  68.5	4
  69.5	1
  70.5	5
  71.5	2
  72.5	1
  73.5	2
  74.5	2
  75.5	6.5
  76.5	6
  77.5	3
  78.5	1.33333
  79.5	1
  80.5	3
  81.5	5
  82.5	0
  83.5	6
  84.5	3
  85.5	1
  86.5	1
  87.5	4
  88.5	4
  89.5	4
  90.5	4
  91.5	5
  92.5	6
  93.5	3
  94.5	1
  95.5	6
  96.5	2
  97.5	5
  98.5	4
  99.5	3.25
 100.5	7
 101.5	3
 102.5	4
 103.5	4
 104.5	5
 105.5	6
 106.5	3.33333
 107.5	3
 108.5	5
 109.5	4
 110.5	4
 111.5	4
 112.5	1
 113.5	3
 114.5	6
 115.5	2
 116.5	5
 117.5	6
 118.5	4
 119.5	4
 120.5	2
 121.5	1
 122.5	7
 123.5	5
 124.5	2
 125.5	3
 126.5	5
 127.5	2
 128.5	3
 129.5	3
 130.5	2
 131.5	1
 132.5	3
 133.5	5
 134.5	3
 135.5	4.25
 136.5	4
 137.5	1
 138.5	2
 139.5	3
 140.5	1
 141.5	3
 142.5	1
 143.5	2
 144.5	6
 145.5	3.5
 146.5	5
 147.5	2
 148.5	2
 149.5	5
 150.5	2
 151.5	5
 152.5	4
 153.5	5
 154.5	4
 155.5	5
 156.5	2
 157.5	6
 158.5	4
 159.5	1
 160.5	3
 161.5	1
 162.5	3
 163.5	10
 164.5	3
 165.5	3
 166.5	3
 167.5	2
 168.5	3
 169.5	1
DB 2 MOTIF	IRX2_HUMAN.H11MO.0.D
-165.5	11.7
-164.5	11.3333
-163.5	11.5
-162.5	11
-161.5	11
-160.5	17
-159.5	6
-158.5	13
-157.5	9
-156.5	11.3333
-155.5	5
-154.5	11
-153.5	6
-152.5	15
-151.5	11.5
-150.5	10
-149.5	6
-148.5	13
-147.5	13.3333
-146.5	12.5
-145.5	19
-144.5	6.5
-143.5	19
-142.5	13
-141.5	10.1111
-140.5	15
-139.5	10.1111
-138.5	10
-137.5	15.1111
-136.5	8.5
-135.5	12
-134.5	22.5
-133.5	6.5
-132.5	10
-131.5	14
-130.5	6.5
-129.5	13
-128.5	10
-127.5	11
-126.5	8.33333
-125.5	16
-124.5	11.5833
-123.5	10
-122.5	14.5
-121.5	6
-120.5	11.3333
-119.5	9
-118.5	13
-117.5	7.5
-116.5	8.5
-115.5	14
-114.5	12
-113.5	8.66667
-112.5	12
-111.5	10
-110.5	16
-109.5	10
-108.5	16
-107.5	17
-106.5	13
-105.5	10
-104.5	11
-103.5	13
-102.5	15
-101.5	6
-100.5	15.3333
 -99.5	11.5
 -98.5	13
 -97.5	9
 -96.5	18
 -95.5	12
 -94.5	11
 -93.5	13
 -92.5	9.5
 -91.5	12.5
 -90.5	16.6667
 -89.5	11.1429
 -88.5	15.5
 -87.5	9
 -86.5	10
 -85.5	6.25
 -84.5	14
 -83.5	7
 -82.5	8
 -81.5	10
 -80.5	11
 -79.5	10
 -78.5	15
 -77.5	21
 -76.5	12
 -75.5	12.2
 -74.5	16.5
 -73.5	12
 -72.5	15
 -71.5	12
 -70.5	16
 -69.5	16
 -68.5	10.5
 -67.5	14
 -66.5	8
 -65.5	9
 -64.5	14
 -63.5	16
 -62.5	10.5
 -61.5	9.5
 -60.5	11
 -59.5	12
 -58.5	15
 -57.5	16
 -56.5	15
 -55.5	15
 -54.5	10.5
 -53.5	11.5
 -52.5	11
 -51.5	13.5
 -50.5	10.5
 -49.5	12
 -48.5	9.5
 -47.5	12
 -46.5	13
 -45.5	11
 -44.5	12.0833
 -43.5	8.5
 -42.5	12.0833
 -41.5	4
 -40.5	11.4167
 -39.5	4
 -38.5	12.0833
 -37.5	12
 -36.5	8.08333
 -35.5	10
 -34.5	14.0833
 -33.5	12
 -32.5	17.0833
 -31.5	10
 -30.5	16.0833
 -29.5	20.1429
 -28.5	19.5833
 -27.5	13.8333
 -26.5	14.5833
 -25.5	7.1
 -24.5	13.0833
 -23.5	18.9333
 -22.5	8.08333
 -21.5	12.1
 -20.5	10.4103
 -19.5	13.1667
 -18.5	9.07692
 -17.5	16.1667
 -16.5	15.0769
 -15.5	20.1667
 -14.5	10.0769
 -13.5	18.2
 -12.5	14.0769
 -11.5	11.3667
 -10.5	12.0769
  -9.5	15.7
  -8.5	10.0769
  -7.5	12.7
  -6.5	13.0769
  -5.5	10.2667
  -4.5	10.5769
  -3.5	10.5667
  -2.5	11.5769
  -1.5	10.5667
  -0.5	16.0769
   0.5	3.06667
   1.5	13.3269
   2.5	12.0667
   3.5	11.5769
   4.5	12.2095
   5.5	16
   6.5	10.0667
   7.5	19
   8.5	18.5667
   9.5	6
  10.5	11.3333
  11.5	13
  12.5	11
  13.5	17.3333
  14.5	6
  15.5	13
  16.5	11
  17.5	11
  18.5	16.1111
  19.5	13
  20.5	23.1111
  21.5	9.5
  22.5	11.1111
  23.5	15
  24.5	19.8111
  25.5	12
  26.5	12.1111
  27.5	10
  28.5	6.11111
  29.5	15
  30.5	16.5
  31.5	13
  32.5	8.5
  33.5	17
  34.5	12.1429
  35.5	11
  36.5	15
  37.5	14
  38.5	10.5
  39.5	11.5
  40.5	25
  41.5	17
  42.5	9.5
  43.5	14
  44.5	10
  45.5	4.33333
  46.5	21.1667
  47.5	17
  48.5	9.33333
  49.5	11
  50.5	13.8333
  51.5	11
  52.5	11
  53.5	20
  54.5	22.5
  55.5	11
  56.5	13
  57.5	15
  58.5	11
  59.5	25
  60.5	16
  61.5	11
  62.5	12
  63.5	13
  64.5	13.1429
  65.5	10.5
  66.5	13.5
  67.5	14
  68.5	16
  69.5	10.3333
  70.5	12
  71.5	15.5
  72.5	10.3333
  73.5	19
  74.5	19
  75.5	15.5
  76.5	7.5
  77.5	13.5
  78.5	11.3333
  79.5	13
  80.5	11
  81.5	11
  82.5	18
  83.5	10
  84.5	11
  85.5	9
  86.5	13.5
  87.5	18.5
  88.5	13.3333
  89.5	10
  90.5	15
  91.5	13.5
  92.5	12
  93.5	11
  94.5	11
  95.5	16
  96.5	13.5
  97.5	10.5
  98.5	11.1429
  99.5	9
 100.5	10
 101.5	7
 102.5	14.8333
 103.5	15.5
 104.5	10
 105.5	12
 106.5	16.5
 107.5	12.5
 108.5	9.5
 109.5	6
 110.5	10
 111.5	13
 112.5	9.5
 113.5	14.5
 114.5	9.7
 115.5	11.3333
 116.5	6.5
 117.5	9
 118.5	10.25
 119.5	8
 120.5	10
 121.5	7.5
 122.5	18
 123.5	15.5
 124.5	16.5
 125.5	12
 126.5	8
 127.5	6
 128.5	11.1429
 129.5	16
 130.5	9.5
 131.5	14
 132.5	13
 133.5	16
 134.5	14
 135.5	15
 136.5	8.83333
 137.5	8.83333
 138.5	10
 139.5	15
 140.5	11
 141.5	10.2
 142.5	14.3333
 143.5	16
 144.5	11
 145.5	10
 146.5	9
 147.5	8
 148.5	11.5
 149.5	11
 150.5	11.3333
 151.5	8
 152.5	9
 153.5	4
 154.5	10
 155.5	12
 156.5	10.3333
 157.5	9
 158.5	11
 159.5	18
 160.5	13
 161.5	9
 162.5	7.5
 163.5	11.5
 164.5	11
 165.5	9
DB 2 MOTIF	MYC_HUMAN.H11MO.0.A
-169.5	9
-168.5	7
-167.5	5
-166.5	9.125
-165.5	4
-164.5	6
-163.5	5
-162.5	7
-161.5	6
-160.5	2
-159.5	4.33333
-158.5	10.5
-157.5	5
-156.5	5.33333
-155.5	6
-154.5	12
-153.5	2.16667
-152.5	12
-151.5	8
-150.5	4
-149.5	7
-148.5	5
-147.5	6
-146.5	8
-145.5	8
-144.5	10
-143.5	4
-142.5	5.5
-141.5	7
-140.5	2
-139.5	15
-138.5	4.5
-137.5	7.83333
-136.5	8
-135.5	9.5
-134.5	4.625
-133.5	11.5
-132.5	3.5
-131.5	4
-130.5	7
-129.5	11
-128.5	5
-127.5	6.5
-126.5	11.2
-125.5	6.5
-124.5	4.5
-123.5	8
-122.5	9
-121.5	9
-120.5	4
-119.5	8.5
-118.5	10
-117.5	6
-116.5	9.33333
-115.5	5
-114.5	5
-113.5	5
-112.5	3
-111.5	7
-110.5	4
-109.5	6.41667
-108.5	5.33333
-107.5	9
-106.5	7
-105.5	9.33333
-104.5	16
-103.5	10
-102.5	3
-101.5	13
-100.5	3.5
 -99.5	7.5
 -98.5	1.33333
 -97.5	9
 -96.5	12
 -95.5	13
 -94.5	8
 -93.5	8
 -92.5	7
 -91.5	5
 -90.5	9
 -89.5	8
 -88.5	5.2
 -87.5	6
 -86.5	7
 -85.5	3
 -84.5	7.5
 -83.5	8.5
 -82.5	6.83333
 -81.5	6
 -80.5	8
 -79.5	6
 -78.5	8.7
 -77.5	8
 -76.5	10
 -75.5	6
 -74.5	4
 -73.5	4
 -72.5	11
 -71.5	8
 -70.5	7
 -69.5	10.125
 -68.5	8.5
 -67.5	3
 -66.5	7
 -65.5	9
 -64.5	8
 -63.5	8
 -62.5	10
 -61.5	8
 -60.5	9.5
 -59.5	8.5
 -58.5	7
 -57.5	7
 -56.5	8
 -55.5	12
 -54.5	5.25
 -53.5	5.5
 -52.5	6.5
 -51.5	10.5
 -50.5	9
 -49.5	8
 -48.5	10
 -47.5	17
 -46.5	10.3333
 -45.5	7.5
 -44.5	12.5
 -43.5	8.33333
 -42.5	4.25
 -41.5	11
 -40.5	9
 -39.5	7.16667
 -38.5	9.5
 -37.5	4
 -36.5	8.5
 -35.5	11.2
 -34.5	13
 -33.5	7
 -32.5	9
 -31.5	8
 -30.5	8
 -29.5	18.5
 -28.5	7
 -27.5	14
 -26.5	3
 -25.5	5
 -24.5	7.75
 -23.5	11
 -22.5	12.625
 -21.5	10
 -20.5	5
 -19.5	6.75
 -18.5	14.5
 -17.5	12.3333
 -16.5	7
 -15.5	5
 -14.5	7
 -13.5	2
 -12.5	11.5
 -11.5	3.5
 -10.5	7
  -9.5	9
  -8.5	6.5
  -7.5	9.5
  -6.5	6.5
  -5.5	12.125
  -4.5	4.33333
  -3.5	6.5
  -2.5	14.5
  -1.5	9
  -0.5	9
   0.5	7.5
   1.5	8
   2.5	8
   3.5	6
   4.5	5.16667
   5.5	11.5
   6.5	3
   7.5	11
   8.5	8.5
   9.5	6.75
  10.5	10
  11.5	5
  12.5	7.5
  13.5	13.5
  14.5	4.25
  15.5	11
  16.5	11
  17.5	4.2
  18.5	10
  19.5	7.66667
  20.5	7
  21.5	6
  22.5	10.25
  23.5	11
  24.5	6
  25.5	7
  26.5	3
  27.5	5
  28.5	3
  29.5	9
  30.5	11
  31.5	7
  32.5	12.3333
  33.5	11
  34.5	6
  35.5	8
  36.5	8
  37.5	9
  38.5	7
  39.5	9.5
  40.5	11
  41.5	8
  42.5	7
  43.5	3.25
  44.5	8
  45.5	8
  46.5	8
  47.5	7
  48.5	10
  49.5	4
  50.5	6.5
  51.5	15.3333
  52.5	8
  53.5	10
  54.5	13
  55.5	12
  56.5	11
  57.5	10
  58.5	4
  59.5	11.8333
  60.5	7
  61.5	3
  62.5	1
  63.5	11
  64.5	8.125
  65.5	8
  66.5	9.5
  67.5	8.5
  68.5	5
  69.5	6.25
  70.5	5.16667
  71.5	5
  72.5	10
  73.5	3.5
  74.5	8
  75.5	9
  76.5	10.25
  77.5	7
  78.5	7
  79.5	8.125
  80.5	7
  81.5	8
  82.5	7.25
  83.5	5
  84.5	12.25
  85.5	7
  86.5	8
  87.5	9
  88.5	2
  89.5	8.5
  90.5	10
  91.5	6
  92.5	4
  93.5	8
  94.5	5
  95.5	6
  96.5	6
  97.5	5
  98.5	4.5
  99.5	6.25
 100.5	11
 101.5	9
 102.5	2.5
 103.5	9
 104.5	4
 105.5	4
 106.5	6.5
 107.5	4.33333
 108.5	5
 109.5	5
 110.5	12
 111.5	10
 112.5	10
 113.5	6.5
 114.5	7.5
 115.5	6
 116.5	13
 117.5	9
 118.5	10
 119.5	12.3333
 120.5	7.5
 121.5	3
 122.5	9.25
 123.5	4
 124.5	8
 125.5	4
 126.5	8
 127.5	4
 128.5	3
 129.5	2
 130.5	9
 131.5	11
 132.5	11.5
 133.5	11.75
 134.5	8
 135.5	9
 136.5	5.5
 137.5	4
 138.5	6.5
 139.5	8
 140.5	5.25
 141.5	7
 142.5	12.5
 143.5	4
 144.5	2.125
 145.5	7
 146.5	6
 147.5	8
 148.5	10.5
 149.5	8
 150.5	3
 151.5	4
 152.5	3
 153.5	5
 154.5	3.75
 155.5	6
 156.5	4
 157.5	6
 158.5	10
 159.5	10
 160.5	4.25
 161.5	10.75
 162.5	4
 163.5	4
 164.5	7
 165.5	6.33333
 166.5	5
 167.5	5.5
 168.5	4.5
 169.5	6
DB 2 MOTIF	NR1D1_HUMAN.H11MO.0.B
-165.5	11
-164.5	7
-163.5	10.1429
-162.5	13
-161.5	6
-160.5	13.3333
-159.5	12.1429
-158.5	9
-157.5	13
-156.5	16
-155.5	9.64286
-154.5	12
-153.5	8.5
-152.5	14
-151.5	7.14286
-150.5	9
-149.5	12
-148.5	13.3333
-147.5	16.1429
-146.5	12
-145.5	9
-144.5	18
-143.5	13.1429
-142.5	14.75
-141.5	15
-140.5	6.5
-139.5	8.14286
-138.5	7
-137.5	9.5
-136.5	15
-135.5	5
-134.5	10
-133.5	12
-132.5	14
-131.5	14
-130.5	16
-129.5	10
-128.5	17
-127.5	7
-126.5	7
-125.5	14
-124.5	14.5
-123.5	11
-122.5	12
-121.5	9
-120.5	15
-119.5	6.33333
-118.5	6
-117.5	10
-116.5	12
-115.5	6.5
-114.5	12
-113.5	9
-112.5	18
-111.5	12
-110.5	10
-109.5	9
-108.5	17
-107.5	11
-106.5	4
-105.5	14
-104.5	10.3333
-103.5	8.33333
-102.5	17
-101.5	10.5
-100.5	10.5
 -99.5	11
 -98.5	8
 -97.5	12.5
 -96.5	14
 -95.5	8
 -94.5	13.5
 -93.5	13
 -92.5	10
 -91.5	14
 -90.5	13
 -89.5	9
 -88.5	12.5
 -87.5	9.5
 -86.5	14
 -85.5	14
 -84.5	14
 -83.5	8
 -82.5	9
 -81.5	13
 -80.5	7
 -79.5	16
 -78.5	14
 -77.5	12
 -76.5	10.5
 -75.5	13.5
 -74.5	14.5
 -73.5	16.8333
 -72.5	15.5
 -71.5	12
 -70.5	12
 -69.5	13
 -68.5	12
 -67.5	11
 -66.5	18.3333
 -65.5	13
 -64.5	12.5
 -63.5	9
 -62.5	9
 -61.5	4
 -60.5	12
 -59.5	9
 -58.5	11
 -57.5	13
 -56.5	16
 -55.5	8
 -54.5	7
 -53.5	14
 -52.5	13.5
 -51.5	19
 -50.5	11
 -49.5	15.25
 -48.5	9
 -47.5	15.3333
 -46.5	15.5
 -45.5	11
 -44.5	20
 -43.5	18
 -42.5	15
 -41.5	6.75
 -40.5	17.5
 -39.5	10
 -38.5	7
 -37.5	15.3333
 -36.5	13
 -35.5	15.3333
 -34.5	8
 -33.5	11.25
 -32.5	8
 -31.5	13
 -30.5	11
 -29.5	12
 -28.5	12
 -27.5	6
 -26.5	15.5
 -25.5	21.25
 -24.5	9
 -23.5	18.5
 -22.5	14.5
 -21.5	4
 -20.5	14
 -19.5	10
 -18.5	10.5
 -17.5	17.5
 -16.5	14.1429
 -15.5	14
 -14.5	23
 -13.5	20
 -12.5	12.1429
 -11.5	10.5
 -10.5	18
  -9.5	15.3333
  -8.5	10.6429
  -7.5	10
  -6.5	10
  -5.5	17
  -4.5	14.1429
  -3.5	10
  -2.5	9.25
  -1.5	17
  -0.5	14.1429
   0.5	16
   1.5	25
   2.5	12.5
   3.5	16.6429
   4.5	10.5
   5.5	15
   6.5	13
   7.5	12.6429
   8.5	18.8333
   9.5	12
  10.5	13
  11.5	10
  12.5	14.5
  13.5	13.5
  14.5	18.5
  15.5	17
  16.5	9.33333
  17.5	20
  18.5	16
  19.5	11
  20.5	11.5
  21.5	8
  22.5	10
  23.5	16
  24.5	14
  25.5	24
  26.5	17.5
  27.5	10
  28.5	11
  29.5	12.3333
  30.5	10
  31.5	16
  32.5	13
  33.5	15.25
  34.5	15
  35.5	13
  36.5	14
  37.5	9
  38.5	12
  39.5	16
  40.5	16
  41.5	9
  42.5	11
  43.5	15
  44.5	13
  45.5	14
  46.5	12.3333
  47.5	10
  48.5	16.25
  49.5	7
  50.5	13.25
  51.5	14.5
  52.5	12
  53.5	11.5
  54.5	11
  55.5	15
  56.5	15
  57.5	15
  58.5	17.3333
  59.5	14
  60.5	15
  61.5	10
  62.5	13
  63.5	13.3333
  64.5	9
  65.5	10
  66.5	17
  67.5	9.5
  68.5	8.5
  69.5	12.3333
  70.5	14
  71.5	16
  72.5	12.5
  73.5	12
  74.5	12
  75.5	11
  76.5	10
  77.5	12
  78.5	15
  79.5	14
  80.5	12.5
  81.5	14
  82.5	13
  83.5	7
  84.5	9
  85.5	14
  86.5	12
  87.5	10
  88.5	9.66667
  89.5	14
  90.5	8
  91.5	11.8333
  92.5	17
  93.5	8
  94.5	9
  95.5	16
  96.5	14.3333
  97.5	17
  98.5	8.33333
  99.5	8.5
 100.5	9
 101.5	17
 102.5	4
 103.5	9
 104.5	8
 105.5	13.5
 106.5	11.5
 107.5	8.5
 108.5	20
 109.5	9
 110.5	10
 111.5	12.25
 112.5	9.5
 113.5	11
 114.5	12
 115.5	9
 116.5	13
 117.5	17
 118.5	11
 119.5	10.5
 120.5	10.75
 121.5	8
 122.5	7
 123.5	9
 124.5	13.5
 125.5	13
 126.5	13.75
 127.5	8
 128.5	16
 129.5	12
 130.5	18
 131.5	14
 132.5	11.5
 133.5	10.5
 134.5	11.5
 135.5	9
 136.5	9
 137.5	10
 138.5	10
 139.5	12
 140.5	6
 141.5	11
 142.5	6
 143.5	11.8333
 144.5	13
 145.5	14
 146.5	12
 147.5	14
 148.5	13
 149.5	16
 150.5	10
 151.5	13.5
 152.5	10
 153.5	15
 154.5	13
 155.5	15
 156.5	12
 157.5	9
 158.5	13
 159.5	12.5
 160.5	8
 161.5	16
 162.5	13
 163.5	6
 164.5	11
 165.5	5
DB 2 MOTIF	NR1I2_HUMAN.H11MO.1.D
-171.0	10
-170.0	16.3333
-169.0	8
-168.0	6
-167.0	5
-166.0	6.5
-165.0	6
-164.0	8.25
-163.0	8.2
-162.0	8.61111
-161.0	8.25
-160.0	4.5
-159.0	8.5
-158.0	10.5
-157.0	8
-156.0	6.14286
-155.0	6
-154.0	12.3333
-153.0	10.5
-152.0	4
-151.0	8
-150.0	10.5
-149.0	6.33333
-148.0	8
-147.0	8.125
-146.0	9
-145.0	10
-144.0	3
-143.0	9
-142.0	7
-141.0	6
-140.0	8.5
-139.0	11
-138.0	11.25
-137.0	7
-136.0	10.2
-135.0	12
-134.0	8
-133.0	8.5
-132.0	10
-131.0	11.5833
-130.0	9.5
-129.0	11
-128.0	10
-127.0	14.5
-126.0	9
-125.0	11
-124.0	9.33333
-123.0	6
-122.0	9
-121.0	12.1429
-120.0	8.11111
-119.0	12
-118.0	7
-117.0	6.7
-116.0	12.75
-115.0	8
-114.0	7.975
-113.0	9.5
-112.0	7.7
-111.0	12
-110.0	10.5
-109.0	12.3333
-108.0	10.5
-107.0	11.1667
-106.0	8.75
-105.0	8
-104.0	10
-103.0	8.33333
-102.0	11.254
-101.0	11
-100.0	6
 -99.0	13.5
 -98.0	6.5
 -97.0	5
 -96.0	6
 -95.0	7
 -94.0	8
 -93.0	11
 -92.0	10.25
 -91.0	8
 -90.0	8.5
 -89.0	7.5
 -88.0	10.5
 -87.0	9.5
 -86.0	9
 -85.0	7.14286
 -84.0	11.5
 -83.0	11
 -82.0	8
 -81.0	9.125
 -80.0	12.5
 -79.0	13
 -78.0	14.1667
 -77.0	10
 -76.0	8.5
 -75.0	7.5
 -74.0	11.5
 -73.0	8.7
 -72.0	7
 -71.0	11.25
 -70.0	9
 -69.0	7
 -68.0	7
 -67.0	7.2
 -66.0	6
 -65.0	14.5
 -64.0	9
 -63.0	5.75
 -62.0	11
 -61.0	11
 -60.0	10
 -59.0	7.33333
 -58.0	1.83333
 -57.0	6.61111
 -56.0	8
 -55.0	7.6
 -54.0	11
 -53.0	5.33333
 -52.0	7
 -51.0	9.25
 -50.0	12
 -49.0	10
 -48.0	8.5
 -47.0	8
 -46.0	14.5833
 -45.0	6
 -44.0	11
 -43.0	9.5
 -42.0	14
 -41.0	3
 -40.0	8
 -39.0	7.25
 -38.0	5
 -37.0	13
 -36.0	5.45833
 -35.0	9
 -34.0	15.7
 -33.0	9
 -32.0	13.7
 -31.0	6
 -30.0	9
 -29.0	14
 -28.0	12.1429
 -27.0	14.5
 -26.0	12
 -25.0	8.5
 -24.0	11
 -23.0	14.25
 -22.0	9.35
 -21.0	8
 -20.0	14.5
 -19.0	8
 -18.0	17
 -17.0	8.2
 -16.0	7
 -15.0	3.11111
 -14.0	13
 -13.0	10
 -12.0	6
 -11.0	8
 -10.0	1.5
  -9.0	15.5
  -8.0	7
  -7.0	10
  -6.0	10
  -5.0	11.8333
  -4.0	9.5
  -3.0	6
  -2.0	10
  -1.0	9.03333
   0.0	6
   1.0	7.5
   2.0	11.5833
   3.0	17.5
   4.0	10
   5.0	8.5
   6.0	6.5
   7.0	9
   8.0	13.5
   9.0	7
  10.0	7.5
  11.0	14.5
  12.0	9
  13.0	15
  14.0	10.25
  15.0	14.25
  16.0	10.8333
  17.0	11.5
  18.0	9.5
  19.0	10.5
  20.0	11
  21.0	11
  22.0	13.1667
  23.0	7.2
  24.0	8
  25.0	11.5
  26.0	14
  27.0	19
  28.0	9.5
  29.0	10
  30.0	7
  31.0	17.8333
  32.0	8.5
  33.0	9.5
  34.0	10.85
  35.0	11.5
  36.0	10.5
  37.0	10
  38.0	13.1429
  39.0	7
  40.0	10.5
  41.0	9.625
  42.0	4.61111
  43.0	12.4333
  44.0	8.5
  45.0	13
  46.0	7.75
  47.0	10
  48.0	15.5
  49.0	10.5
  50.0	9.5
  51.0	9
  52.0	12.25
  53.0	11.2
  54.0	10
  55.0	11.5
  56.0	6.5
  57.0	8.16667
  58.0	6
  59.0	6
  60.0	5.5
  61.0	6.33333
  62.0	7
  63.0	9.5
  64.0	7.75
  65.0	8
  66.0	5.11111
  67.0	8
  68.0	10.225
  69.0	13.25
  70.0	12
  71.0	9.33333
  72.0	10
  73.0	5.33333
  74.0	9.25
  75.0	7.5
  76.0	9.33333
  77.0	11.6
  78.0	12.5
  79.0	12
  80.0	9
  81.0	11
  82.0	10
  83.0	11
  84.0	9.11111
  85.0	7
  86.0	10.3333
  87.0	5
  88.0	7.2
  89.0	12.2
  90.0	12
  91.0	8.33333
  92.0	9
  93.0	9
  94.0	12.5
  95.0	5
  96.0	8.83333
  97.0	22.5
  98.0	11
  99.0	7.5
 100.0	8
 101.0	9.83333
 102.0	7
 103.0	6
 104.0	7
 105.0	6
 106.0	6.5
 107.0	10
 108.0	13.25
 109.0	9
 110.0	10
 111.0	9
 112.0	13.6667
 113.0	5
 114.0	5
 115.0	5.5
 116.0	9
 117.0	6
 118.0	5.1
 119.0	9
 120.0	7.5
 121.0	6.83333
 122.0	6.83333
 123.0	11
 124.0	9
 125.0	7
 126.0	10
 127.0	5
 128.0	9.625
 129.0	5.25
 130.0	4.5
 131.0	5
 132.0	12
 133.0	8.5
 134.0	7
 135.0	6.1
 136.0	6
 137.0	10.1429
 138.0	10.5
 139.0	3.5
 140.0	7
 141.0	7
 142.0	8
 143.0	14
 144.0	8.85
 145.0	6
 146.0	8
 147.0	4
 148.0	8.2
 149.0	13
 150.0	8
 151.0	6
 152.0	8
 153.0	8
 154.0	6
 155.0	12
 156.0	7
 157.0	8.5
 158.0	13.4583
 159.0	8.61111
 160.0	8
 161.0	5
 162.0	14
 163.0	7.5
 164.0	8
 165.0	10
 166.0	10.25
 167.0	10
 168.0	7
 169.0	3
 170.0	7.5
 171.0	10.5
DB 2 MOTIF	NR2C1_HUMAN.H11MO.0.C
-168.5	5
-167.5	3
-166.5	5
-165.5	6
-164.5	3
-163.5	2
-162.5	1
-161.5	1
-160.5	4
-159.5	4
-158.5	4
-157.5	6
-156.5	6
-155.5	4
-154.5	7
-153.5	1
-152.5	5
-151.5	4
-150.5	7
-149.5	2
-148.5	8
-147.5	6
-146.5	1
-145.5	4
-144.5	3
-143.5	4
-142.5	4
-141.5	7
-140.5	5.5
-139.5	3
-138.5	5
-137.5	8
-136.5	5
-135.5	3.5
-134.5	6
-133.5	4
-132.5	10
-131.5	5
-130.5	3
-129.5	7
-128.5	6
-127.5	5
-126.5	9
-125.5	5
-124.5	7.5
-123.5	7
-122.5	5
-121.5	7
-120.5	6
-119.5	1
-118.5	4
-117.5	5
-116.5	2
-115.5	5
-114.5	3.5
-113.5	6
-112.5	5
-111.5	8
-110.5	4
-109.5	2
-108.5	7
-107.5	9
-106.5	9
-105.5	6
-104.5	7
-103.5	5
-102.5	7
-101.5	8
-100.5	3
 -99.5	2
 -98.5	8
 -97.5	5
 -96.5	5
 -95.5	6
 -94.5	3
 -93.5	6
 -92.5	3
 -91.5	8
 -90.5	2
 -89.5	6
 -88.5	7
 -87.5	5
 -86.5	3.5
 -85.5	7
 -84.5	9.5
 -83.5	7
 -82.5	7
 -81.5	5
 -80.5	12
 -79.5	5
 -78.5	3
 -77.5	3.5
 -76.5	9
 -75.5	6
 -74.5	2
 -73.5	10
 -72.5	4
 -71.5	8
 -70.5	6
 -69.5	3
 -68.5	4.5
 -67.5	10
 -66.5	6
 -65.5	6
 -64.5	6
 -63.5	11
 -62.5	6
 -61.5	0
 -60.5	1
 -59.5	6
 -58.5	5
 -57.5	3
 -56.5	6
 -55.5	6
 -54.5	5
 -53.5	3
 -52.5	7.5
 -51.5	7
 -50.5	7
 -49.5	8
 -48.5	4
 -47.5	2
 -46.5	5.5
 -45.5	9
 -44.5	5
 -43.5	4
 -42.5	9
 -41.5	4
 -40.5	6
 -39.5	4
 -38.5	4
 -37.5	2
 -36.5	9
 -35.5	7
 -34.5	6
 -33.5	6
 -32.5	7
 -31.5	10
 -30.5	7
 -29.5	0
 -28.5	3
 -27.5	5
 -26.5	7
 -25.5	10
 -24.5	3
 -23.5	4
 -22.5	13
 -21.5	4
 -20.5	3
 -19.5	9
 -18.5	6
 -17.5	4
 -16.5	3
 -15.5	7.5
 -14.5	3
 -13.5	3
 -12.5	2
 -11.5	5
 -10.5	4
  -9.5	9
  -8.5	8
  -7.5	4
  -6.5	4
  -5.5	8
  -4.5	7
  -3.5	7
  -2.5	4.5
  -1.5	3
  -0.5	4
   0.5	4
   1.5	4
   2.5	8
   3.5	6
   4.5	6.5
   5.5	9
   6.5	4
   7.5	4
   8.5	8
   9.5	5
  10.5	5
  11.5	5
  12.5	8
  13.5	8.5
  14.5	4
  15.5	11
  16.5	4
  17.5	5
  18.5	3
  19.5	8
  20.5	1
  21.5	3
  22.5	7
  23.5	6
  24.5	20
  25.5	4.5
  26.5	8
  27.5	3
  28.5	8
  29.5	8
  30.5	10
  31.5	5
  32.5	2
  33.5	7
  34.5	8
  35.5	7
  36.5	6
  37.5	5
  38.5	8.5
  39.5	6
  40.5	11
  41.5	3
  42.5	7
  43.5	6.5
  44.5	5
  45.5	6
  46.5	8
  47.5	5
  48.5	6
  49.5	9
  50.5	6
  51.5	5
  52.5	8
  53.5	5
  54.5	2.5
  55.5	5
  56.5	8
  57.5	4
  58.5	3
  59.5	5
  60.5	6
  61.5	5
  62.5	3.5
  63.5	2
  64.5	6
  65.5	6
  66.5	12
  67.5	2
  68.5	6
  69.5	8
  70.5	6
  71.5	4.5
  72.5	8
  73.5	6
  74.5	9
  75.5	5
  76.5	5
  77.5	6
  78.5	6
  79.5	6
  80.5	8
  81.5	6
  82.5	4
  83.5	4.5
  84.5	9
  85.5	6
  86.5	9
  87.5	6
  88.5	3
  89.5	2
  90.5	5
  91.5	6
  92.5	3.5
  93.5	9
  94.5	11
  95.5	3
  96.5	6
  97.5	6
  98.5	6
  99.5	8
 100.5	1
 101.5	3
 102.5	3
 103.5	6
 104.5	6
 105.5	6
 106.5	4
 107.5	4
 108.5	4
 109.5	5
 110.5	7
 111.5	5
 112.5	2
 113.5	7.5
 114.5	7
 115.5	3
 116.5	6
 117.5	4
 118.5	5
 119.5	4
 120.5	6
 121.5	2
 122.5	3
 123.5	2
 124.5	0
 125.5	10
 126.5	2
 127.5	5
 128.5	5
 129.5	4
 130.5	6
 131.5	3
 132.5	1
 133.5	5
 134.5	8
 135.5	7
 136.5	5
 137.5	4
 138.5	4
 139.5	4
 140.5	8
 141.5	1
 142.5	6
 143.5	10
 144.5	4
 145.5	6
 146.5	3
 147.5	5
 148.5	1
 149.5	5
 150.5	4
 151.5	2
 152.5	4
 153.5	7
 154.5	3
 155.5	8
 156.5	5
 157.5	5
 158.5	3
 159.5	6.5
 160.5	3
 161.5	6
 162.5	3
 163.5	3
 164.5	7
 165.5	2
 166.5	1
 167.5	3
 168.5	3
DB 2 MOTIF	NR2F6_HUMAN.H11MO.0.D
-166.0	9
-165.0	5
-164.0	5
-163.0	4
-162.0	7
-161.0	10
-160.0	5
-159.0	8
-158.0	7
-157.0	5
-156.0	6
-155.0	7
-154.0	3
-153.0	8
-152.0	7
-151.0	14
-150.0	3
-149.0	5
-148.0	3
-147.0	5
-146.0	12
-145.0	13.5
-144.0	9
-143.0	7
-142.0	8
-141.0	11
-140.0	5
-139.0	7.5
-138.0	5
-137.0	11
-136.0	4
-135.0	7
-134.0	6
-133.0	6
-132.0	6
-131.0	7
-130.0	5
-129.0	9
-128.0	9
-127.0	4
-126.0	5
-125.0	7
-124.0	9
-123.0	8
-122.0	6
-121.0	1
-120.0	9
-119.0	8
-118.0	5
-117.0	9.5
-116.0	7
-115.0	2
-114.0	8
-113.0	9
-112.0	8
-111.0	8
-110.0	5
-109.0	5
-108.0	3
-107.0	12
-106.0	6.5
-105.0	5
-104.0	7
-103.0	7
-102.0	6
-101.0	6
-100.0	11.5
 -99.0	3
 -98.0	10
 -97.0	9
 -96.0	9
 -95.0	6
 -94.0	3.33333
 -93.0	14
 -92.0	14
 -91.0	16
 -90.0	11
 -89.0	11
 -88.0	10
 -87.0	10
 -86.0	3.5
 -85.0	3
 -84.0	9.5
 -83.0	8
 -82.0	7
 -81.0	9
 -80.0	11
 -79.0	9
 -78.0	10
 -77.0	6
 -76.0	14
 -75.0	9
 -74.0	6
 -73.0	10
 -72.0	6
 -71.0	6
 -70.0	7
 -69.0	8
 -68.0	8
 -67.0	8.5
 -66.0	9
 -65.0	7
 -64.0	7
 -63.0	10.5
 -62.0	10.3333
 -61.0	10
 -60.0	8
 -59.0	7
 -58.0	10
 -57.0	8
 -56.0	5
 -55.0	16
 -54.0	11
 -53.0	6.5
 -52.0	15
 -51.0	11
 -50.0	8.5
 -49.0	3
 -48.0	5.5
 -47.0	4
 -46.0	8
 -45.0	7
 -44.0	11
 -43.0	7.5
 -42.0	6.5
 -41.0	7
 -40.0	10
 -39.0	3
 -38.0	13
 -37.0	11
 -36.0	10
 -35.0	6
 -34.0	12
 -33.0	10
 -32.0	10
 -31.0	11
 -30.0	10.5
 -29.0	10
 -28.0	7
 -27.0	9
 -26.0	8
 -25.0	3
 -24.0	9
 -23.0	8
 -22.0	13
 -21.0	15.5
 -20.0	9
 -19.0	6
 -18.0	11.5
 -17.0	8
 -16.0	4
 -15.0	6
 -14.0	8.5
 -13.0	11
 -12.0	6
 -11.0	9
 -10.0	12
  -9.0	8
  -8.0	11.5
  -7.0	9
  -6.0	7
  -5.0	8
  -4.0	16
  -3.0	7
  -2.0	3
  -1.0	5
   0.0	10
   1.0	7
   2.0	12
   3.0	10
   4.0	10
   5.0	6
   6.0	9
   7.0	16
   8.0	11.3333
   9.0	6
  10.0	6
  11.0	7
  12.0	12
  13.0	7
  14.0	8
  15.0	3
  16.0	7
  17.0	4
  18.0	4
  19.0	9
  20.0	10
  21.0	6
  22.0	8
  23.0	15
  24.0	8
  25.0	14
  26.0	11
  27.0	8
  28.0	13.5
  29.0	14.5
  30.0	8
  31.0	8
  32.0	9
  33.0	12
  34.0	6
  35.0	11
  36.0	6.5
  37.0	10
  38.0	11
  39.0	11
  40.0	13.3333
  41.0	6
  42.0	18.5
  43.0	10
  44.0	3
  45.0	7
  46.0	6
  47.0	7
  48.0	7.5
  49.0	7
  50.0	6
  51.0	14
  52.0	11
  53.0	9.5
  54.0	7
  55.0	8
  56.0	7
  57.0	7
  58.0	10
  59.0	8
  60.0	10
  61.0	8
  62.0	5
  63.0	6
  64.0	7.5
  65.0	7
  66.0	10
  67.0	10.5
  68.0	9
  69.0	6
  70.0	9
  71.0	12.5
  72.0	9.33333
  73.0	9
  74.0	4
  75.0	10
  76.0	12
  77.0	8.5
  78.0	14
  79.0	10
  80.0	9
  81.0	9
  82.0	8
  83.0	8
  84.0	10
  85.0	8
  86.0	4
  87.0	8.5
  88.0	10
  89.0	8
  90.0	14
  91.0	6
  92.0	10
  93.0	11
  94.0	4
  95.0	12
  96.0	5
  97.0	6
  98.0	7
  99.0	5
 100.0	3.33333
 101.0	10.5
 102.0	4
 103.0	9
 104.0	11
 105.0	4
 106.0	8
 107.0	7
 108.0	5
 109.0	11
 110.0	9
 111.0	7
 112.0	7
 113.0	5
 114.0	8
 115.0	5.5
 116.0	4
 117.0	9
 118.0	8
 119.0	2
 120.0	10
 121.0	5
 122.0	9
 123.0	10
 124.0	8
 125.0	14
 126.0	11
 127.0	11
 128.0	8
 129.0	8
 130.0	9
 131.0	6
 132.0	7
 133.0	5
 134.0	6
 135.0	17
 136.0	2
 137.0	14
 138.0	11
 139.0	10
 140.0	10
 141.0	7
 142.0	4
 143.0	9
 144.0	4
 145.0	7
 146.0	4
 147.0	8
 148.0	6
 149.0	14
 150.0	7
 151.0	9
 152.0	8
 153.0	5
 154.0	9
 155.0	10
 156.0	2
 157.0	5
 158.0	10
 159.0	3
 160.0	6.5
 161.0	5
 162.0	3
 163.0	9
 164.0	7
 165.0	6.5
 166.0	6
DB 2 MOTIF	NR4A2_HUMAN.H11MO.0.C
-170.5	10
-169.5	7.33333
-168.5	6
-167.5	6
-166.5	6
-165.5	5
-164.5	2
-163.5	4
-162.5	5
-161.5	12
-160.5	4
-159.5	3
-158.5	6
-157.5	11
-156.5	7.14286
-155.5	6
-154.5	8
-153.5	12.5
-152.5	10
-151.5	4
-150.5	5.5
-149.5	8.5
-148.5	4
-147.5	9
-146.5	7
-145.5	10
-144.5	6.33333
-143.5	10.6429
-142.5	13.25
-141.5	12
-140.5	6
-139.5	9
-138.5	7
-137.5	6.5
-136.5	9
-135.5	4
-134.5	7
-133.5	9.83333
-132.5	8
-131.5	10
-130.5	9
-129.5	9
-128.5	10
-127.5	8
-126.5	8
-125.5	10
-124.5	10
-123.5	9
-122.5	12
-121.5	3
-120.5	9
-119.5	8
-118.5	12.125
-117.5	6.14286
-116.5	11.75
-115.5	7
-114.5	9.5
-113.5	6.5
-112.5	7.1
-111.5	7
-110.5	9
-109.5	9
-108.5	9
-107.5	9.5
-106.5	9
-105.5	7
-104.5	7.5
-103.5	8
-102.5	8
-101.5	5
-100.5	7.5
 -99.5	6.5
 -98.5	6
 -97.5	7
 -96.5	2
 -95.5	6
 -94.5	7
 -93.5	4.1
 -92.5	7
 -91.5	10.1429
 -90.5	8
 -89.5	7
 -88.5	10
 -87.5	8
 -86.5	7
 -85.5	7
 -84.5	4.5
 -83.5	3
 -82.5	9.58333
 -81.5	4
 -80.5	6
 -79.5	9.25
 -78.5	6.14286
 -77.5	10
 -76.5	5
 -75.5	6.33333
 -74.5	4
 -73.5	11
 -72.5	6.1
 -71.5	11
 -70.5	6.5
 -69.5	7
 -68.5	11.5
 -67.5	5
 -66.5	6
 -65.5	8
 -64.5	11
 -63.5	10.0833
 -62.5	7
 -61.5	3
 -60.5	5
 -59.5	5
 -58.5	8
 -57.5	2.5
 -56.5	7
 -55.5	7
 -54.5	9.5
 -53.5	8
 -52.5	8
 -51.5	13.1
 -50.5	11
 -49.5	10.5
 -48.5	14.5
 -47.5	11
 -46.5	14
 -45.5	12.5
 -44.5	16
 -43.5	11
 -42.5	12
 -41.5	4
 -40.5	8
 -39.5	6.14286
 -38.5	5.33333
 -37.5	13
 -36.5	9
 -35.5	7
 -34.5	11.5
 -33.5	10
 -32.5	7.6
 -31.5	10
 -30.5	11
 -29.5	10
 -28.5	9.25
 -27.5	11
 -26.5	15.3333
 -25.5	5
 -24.5	14
 -23.5	8.5
 -22.5	9.375
 -21.5	7
 -20.5	12.5
 -19.5	9
 -18.5	6
 -17.5	6
 -16.5	6
 -15.5	4
 -14.5	9.5
 -13.5	12
 -12.5	7.5
 -11.5	13.1
 -10.5	7
  -9.5	9
  -8.5	5
  -7.5	8
  -6.5	11
  -5.5	17
  -4.5	3
  -3.5	11
  -2.5	7
  -1.5	7
  -0.5	4.47619
   0.5	12
   1.5	10.4167
   2.5	7
   3.5	10.5
   4.5	11
   5.5	8.5
   6.5	11
   7.5	15
   8.5	4
   9.5	8.5
  10.5	8
  11.5	8.6
  12.5	10
  13.5	10
  14.5	10.5
  15.5	10
  16.5	7
  17.5	11
  18.5	10
  19.5	7
  20.5	10.5
  21.5	12
  22.5	12.5
  23.5	11.5
  24.5	7.08333
  25.5	11
  26.5	17.5
  27.5	12.5
  28.5	11.3333
  29.5	8.5
  30.5	13.1
  31.5	13
  32.5	7
  33.5	8
  34.5	8.5
  35.5	10
  36.5	10
  37.5	7.75
  38.5	14
  39.5	12
  40.5	8
  41.5	5
  42.5	15
  43.5	9
  44.5	5.625
  45.5	9.16667
  46.5	6
  47.5	8.5
  48.5	3.5
  49.5	9
  50.5	15.5
  51.5	5.35
  52.5	12
  53.5	7
  54.5	4.5
  55.5	11.5
  56.5	7
  57.5	8
  58.5	8
  59.5	8
  60.5	6
  61.5	7
  62.5	7
  63.5	3
  64.5	8
  65.5	3
  66.5	6
  67.5	8.16667
  68.5	15
  69.5	9
  70.5	10
  71.5	10
  72.5	8
  73.5	9.125
  74.5	10.1
  75.5	4
  76.5	10
  77.5	4.33333
  78.5	9
  79.5	16
  80.5	11
  81.5	8.33333
  82.5	18
  83.5	2.5
  84.5	6
  85.5	5
  86.5	13
  87.5	2
  88.5	10
  89.5	11.1667
  90.5	11
  91.5	4
  92.5	10.125
  93.5	5
  94.5	9
  95.5	8.33333
  96.5	14
  97.5	4.33333
  98.5	6
  99.5	7
 100.5	7
 101.5	7
 102.5	5
 103.5	4
 104.5	6
 105.5	5.5
 106.5	9
 107.5	14
 108.5	7
 109.5	6
 110.5	9
 111.5	10.6667
 112.5	9.5
 113.5	9
 114.5	5
 115.5	7
 116.5	5.125
 117.5	8
 118.5	3.25
 119.5	4
 120.5	4
 121.5	8
 122.5	9
 123.5	5
 124.5	8.5
 125.5	12
 126.5	5
 127.5	2
 128.5	4
 129.5	7
 130.5	5.33333
 131.5	13
 132.5	8
 133.5	6
 134.5	7
 135.5	4
 136.5	6
 137.5	8.5
 138.5	8
 139.5	7
 140.5	5
 141.5	8.33333
 142.5	7
 143.5	6
 144.5	10
 145.5	9.125
 146.5	8
 147.5	11
 148.5	7.5
 149.5	10
 150.5	10.5
 151.5	11
 152.5	12
 153.5	7
 154.5	5
 155.5	5
 156.5	5
 157.5	4.5
 158.5	10
 159.5	4
 160.5	6.5
 161.5	6.5
 162.5	7
 163.5	7
 164.5	7.125
 165.5	10
 166.5	11
 167.5	11
 168.5	3
 169.5	5.5
 170.5	4.5
DB 2 MOTIF	NR4A3_HUMAN.H11MO.0.D
-170.0	2
-169.0	4
-168.0	4
-167.0	6
-166.0	5
-165.0	5
-164.0	4
-163.0	4
-162.0	2
-161.0	3
-160.0	2
-159.0	6
-158.0	4
-157.0	6
-156.0	3.14286
-155.0	4
-154.0	3
-153.0	5
-152.0	1
-151.0	3
-150.0	1.5
-149.0	6
-148.0	6
-147.0	7
-146.0	5
-145.0	8
-144.0	8
-143.0	1.14286
-142.0	9
-141.0	5
-140.0	4
-139.0	7
-138.0	1
-137.0	8.5
-136.0	4
-135.0	2
-134.0	6
-133.0	7
-132.0	5
-131.0	8
-130.0	1
-129.0	2
-128.0	8.5
-127.0	6
-126.0	7
-125.0	7
-124.0	5
-123.0	8
-122.0	5
-121.0	3
-120.0	4
-119.0	4
-118.0	3
-117.0	1.39286
-116.0	4
-115.0	8.5
-114.0	5.5
-113.0	4
-112.0	2
-111.0	3.5
-110.0	4
-109.0	8
-108.0	5.5
-107.0	7
-106.0	4
-105.0	4
-104.0	8
-103.0	2
-102.0	3
-101.0	3
-100.0	8
 -99.0	1
 -98.0	2
 -97.0	4
 -96.0	2
 -95.0	3
 -94.0	5
 -93.0	7
 -92.0	5
 -91.0	10.1429
 -90.0	4.25
 -89.0	4
 -88.0	1
 -87.0	2
 -86.0	6
 -85.0	5.5
 -84.0	10
 -83.0	3
 -82.0	8
 -81.0	4
 -80.0	4
 -79.0	9
 -78.0	6.14286
 -77.0	5
 -76.0	3
 -75.0	3
 -74.0	3
 -73.0	4.5
 -72.0	10
 -71.0	3
 -70.0	11
 -69.0	8
 -68.0	6
 -67.0	5
 -66.0	4
 -65.0	8
 -64.0	7.25
 -63.0	4
 -62.0	6
 -61.0	4
 -60.0	2.5
 -59.0	3
 -58.0	3
 -57.0	5.5
 -56.0	8
 -55.0	8.5
 -54.0	2
 -53.0	5
 -52.0	9
 -51.0	7
 -50.0	10
 -49.0	5
 -48.0	6
 -47.0	4
 -46.0	6
 -45.0	7
 -44.0	7
 -43.0	3
 -42.0	2
 -41.0	7
 -40.0	6
 -39.0	5.14286
 -38.0	4
 -37.0	9
 -36.0	7.5
 -35.0	8
 -34.0	7
 -33.0	6.33333
 -32.0	4
 -31.0	7
 -30.0	9.5
 -29.0	5
 -28.0	7
 -27.0	7.5
 -26.0	5
 -25.0	3
 -24.0	11
 -23.0	5.5
 -22.0	6
 -21.0	10
 -20.0	6
 -19.0	4
 -18.0	6
 -17.0	6
 -16.0	7
 -15.0	5.5
 -14.0	4
 -13.0	4
 -12.0	3
 -11.0	9
 -10.0	3.5
  -9.0	4
  -8.0	10
  -7.0	6
  -6.0	9
  -5.0	8
  -4.0	3.5
  -3.0	9
  -2.0	7
  -1.0	9.33333
   0.0	1.14286
   1.0	5.25
   2.0	6
   3.0	4
   4.0	5
   5.0	2.5
   6.0	6.25
   7.0	7
   8.0	4
   9.0	5
  10.0	4
  11.0	2
  12.0	6
  13.0	7
  14.0	9
  15.0	8
  16.0	5
  17.0	7.5
  18.0	6
  19.0	9
  20.0	4
  21.0	8
  22.0	3
  23.0	7.5
  24.0	3.5
  25.0	6.25
  26.0	14
  27.0	9
  28.0	9.5
  29.0	4
  30.0	5
  31.0	3
  32.0	5
  33.0	1.33333
  34.0	7
  35.0	10
  36.0	8
  37.0	5
  38.0	0
  39.0	7
  40.0	3
  41.0	6
  42.0	6
  43.0	6
  44.0	3.5
  45.0	7
  46.0	5
  47.0	4.5
  48.0	3
  49.0	4
  50.0	5
  51.0	8.25
  52.0	10
  53.0	6
  54.0	6.25
  55.0	4
  56.0	6.5
  57.0	11
  58.0	1
  59.0	8
  60.0	4
  61.0	3
  62.0	4
  63.0	2
  64.0	2
  65.0	2
  66.0	3
  67.0	1.5
  68.0	8
  69.0	3
  70.0	7
  71.0	10
  72.0	6.5
  73.0	10
  74.0	3
  75.0	6
  76.0	8
  77.0	3
  78.0	4
  79.0	3.5
  80.0	9
  81.0	6
  82.0	6
  83.0	6
  84.0	7
  85.0	4
  86.0	12
  87.0	4
  88.0	10
  89.0	6
  90.0	6
  91.0	4
  92.0	6
  93.0	7
  94.0	3
  95.0	6
  96.0	3
  97.0	4
  98.0	3
  99.0	3
 100.0	5
 101.0	4
 102.0	6.5
 103.0	3
 104.0	3
 105.0	3
 106.0	8
 107.0	4
 108.0	3
 109.0	6
 110.0	3
 111.0	4
 112.0	3
 113.0	6
 114.0	3
 115.0	4
 116.0	7
 117.0	8
 118.0	3
 119.0	3
 120.0	3
 121.0	3
 122.0	7
 123.0	4
 124.0	2
 125.0	7
 126.0	2
 127.0	4
 128.0	1
 129.0	2
 130.0	5
 131.0	4
 132.0	5
 133.0	6
 134.0	2
 135.0	5
 136.0	2
 137.0	4.5
 138.0	5
 139.0	3
 140.0	5
 141.0	3
 142.0	7
 143.0	3
 144.0	4
 145.0	3
 146.0	5
 147.0	5
 148.0	3
 149.0	1
 150.0	3
 151.0	4.5
 152.0	2
 153.0	7
 154.0	2
 155.0	4
 156.0	5
 157.0	3
 158.0	7.5
 159.0	7
 160.0	0
 161.0	5
 162.0	4
 163.0	6
 164.0	7
 165.0	2
 166.0	3
 167.0	3
 168.0	7
 169.0	6
 170.0	3
DB 2 MOTIF	NR5A2_HUMAN.H11MO.0.B
-169.5	6
-168.5	6
-167.5	6
-166.5	5.5
-165.5	11
-164.5	9
-163.5	12
-162.5	9
-161.5	6
-160.5	6
-159.5	9
-158.5	9.5
-157.5	7
-156.5	13
-155.5	10.5
-154.5	12.5
-153.5	6
-152.5	8
-151.5	8
-150.5	11
-149.5	6
-148.5	11
-147.5	5
-146.5	5
-145.5	11
-144.5	8
-143.5	3
-142.5	9
-141.5	5
-140.5	7
-139.5	8
-138.5	5
-137.5	14.3333
-136.5	4
-135.5	7
-134.5	7.5
-133.5	3
-132.5	10
-131.5	9
-130.5	9
-129.5	6
-128.5	6
-127.5	8
-126.5	9
-125.5	3
-124.5	12
-123.5	5
-122.5	11
-121.5	10
-120.5	5
-119.5	6
-118.5	9
-117.5	10
-116.5	7.5
-115.5	7
-114.5	8
-113.5	10
-112.5	9
-111.5	6
-110.5	3
-109.5	7
-108.5	4
-107.5	6
-106.5	1
-105.5	5
-104.5	6
-103.5	6
-102.5	9
-101.5	6
-100.5	12
 -99.5	11
 -98.5	5
 -97.5	6
 -96.5	6
 -95.5	10
 -94.5	7
 -93.5	4
 -92.5	4.5
 -91.5	11.3333
 -90.5	3
 -89.5	17
 -88.5	9
 -87.5	10
 -86.5	6
 -85.5	8
 -84.5	6
 -83.5	6
 -82.5	6
 -81.5	9
 -80.5	7
 -79.5	7
 -78.5	6
 -77.5	9
 -76.5	5
 -75.5	3
 -74.5	3
 -73.5	6
 -72.5	3
 -71.5	7
 -70.5	7
 -69.5	4
 -68.5	4
 -67.5	8
 -66.5	9
 -65.5	5
 -64.5	7
 -63.5	8
 -62.5	9
 -61.5	4
 -60.5	7
 -59.5	5
 -58.5	7
 -57.5	12
 -56.5	6
 -55.5	12
 -54.5	8
 -53.5	12
 -52.5	5
 -51.5	11
 -50.5	9.33333
 -49.5	11.5
 -48.5	9
 -47.5	6
 -46.5	8
 -45.5	8
 -44.5	7
 -43.5	3
 -42.5	8
 -41.5	11
 -40.5	11.5
 -39.5	6.5
 -38.5	3
 -37.5	5
 -36.5	9.33333
 -35.5	5.5
 -34.5	7
 -33.5	5
 -32.5	6
 -31.5	18
 -30.5	7
 -29.5	8
 -28.5	16
 -27.5	6
 -26.5	13
 -25.5	11.1667
 -24.5	9.33333
 -23.5	2
 -22.5	10
 -21.5	8
 -20.5	8
 -19.5	8.16667
 -18.5	9
 -17.5	11
 -16.5	7
 -15.5	8
 -14.5	8
 -13.5	9
 -12.5	9
 -11.5	11
 -10.5	6
  -9.5	7
  -8.5	7
  -7.5	8
  -6.5	12
  -5.5	6
  -4.5	9
  -3.5	11
  -2.5	7
  -1.5	6
  -0.5	11
   0.5	6
   1.5	7
   2.5	7
   3.5	9
   4.5	17
   5.5	12
   6.5	10
   7.5	13.5
   8.5	13
   9.5	7.5
  10.5	10
  11.5	7.16667
  12.5	6
  13.5	10.5
  14.5	7
  15.5	5
  16.5	11
  17.5	7.16667
  18.5	7
  19.5	11
  20.5	10
  21.5	8
  22.5	2
  23.5	9
  24.5	18.5
  25.5	12
  26.5	9
  27.5	6.5
  28.5	12
  29.5	12
  30.5	10.3333
  31.5	15
  32.5	4.5
  33.5	4
  34.5	2
  35.5	7.5
  36.5	11.3333
  37.5	8
  38.5	8
  39.5	6
  40.5	9
  41.5	3
  42.5	18.5
  43.5	10
  44.5	8
  45.5	7
  46.5	4
  47.5	6
  48.5	5
  49.5	4
  50.5	10
  51.5	6
  52.5	8
  53.5	8
  54.5	7
  55.5	14
  56.5	12.5
  57.5	13.5
  58.5	3.5
  59.5	6
  60.5	10
  61.5	9
  62.5	11
  63.5	5
  64.5	8
  65.5	3
  66.5	8
  67.5	7
  68.5	11
  69.5	10.5
  70.5	8
  71.5	10
  72.5	11
  73.5	5
  74.5	13.5
  75.5	8
  76.5	8
  77.5	11
  78.5	6
  79.5	7
  80.5	5
  81.5	6
  82.5	5.5
  83.5	4
  84.5	11
  85.5	3
  86.5	4
  87.5	6
  88.5	9
  89.5	6
  90.5	7
  91.5	10
  92.5	4
  93.5	9
  94.5	8
  95.5	8
  96.5	9.33333
  97.5	7.33333
  98.5	8
  99.5	7
 100.5	7
 101.5	9
 102.5	5
 103.5	6
 104.5	9
 105.5	8
 106.5	14
 107.5	5
 108.5	7
 109.5	6
 110.5	8
 111.5	10
 112.5	9
 113.5	11
 114.5	10
 115.5	4
 116.5	3
 117.5	6.5
 118.5	4
 119.5	5
 120.5	5
 121.5	6
 122.5	2
 123.5	6
 124.5	4
 125.5	6
 126.5	9
 127.5	7
 128.5	4
 129.5	5
 130.5	12.5
 131.5	6
 132.5	8
 133.5	8
 134.5	3
 135.5	9
 136.5	7
 137.5	4
 138.5	7
 139.5	7
 140.5	8
 141.5	10
 142.5	3
 143.5	5
 144.5	5
 145.5	2
 146.5	7
 147.5	6
 148.5	8
 149.5	12
 150.5	5
 151.5	8
 152.5	9.5
 153.5	10
 154.5	12
 155.5	6
 156.5	8
 157.5	7.16667
 158.5	4
 159.5	4
 160.5	7
 161.5	5
 162.5	6
 163.5	7.16667
 164.5	8
 165.5	2
 166.5	6
 167.5	7
 168.5	9
 169.5	7
DB 2 MOTIF	PPARG_HUMAN.H11MO.1.A
-170.5	7.5
-169.5	14
-168.5	10
-167.5	11
-166.5	9
-165.5	9
-164.5	7
-163.5	7.5
-162.5	6
-161.5	7.5
-160.5	6
-159.5	9
-158.5	11
-157.5	8
-156.5	12
-155.5	8.14286
-154.5	8.5
-153.5	6
-152.5	9.7
-151.5	10
-150.5	11
-149.5	13
-148.5	9
-147.5	9
-146.5	9
-145.5	6
-144.5	14
-143.5	14
-142.5	10.1429
-141.5	16.5
-140.5	15.5
-139.5	5
-138.5	12
-137.5	10
-136.5	11
-135.5	11
-134.5	8
-133.5	15
-132.5	6.5
-131.5	13
-130.5	9.75
-129.5	6
-128.5	6
-127.5	10.0833
-126.5	9
-125.5	13
-124.5	12.5
-123.5	11.3333
-122.5	9
-121.5	6
-120.5	11
-119.5	9.14286
-118.5	12
-117.5	14.5
-116.5	9.64286
-115.5	13.5
-114.5	10
-113.5	9
-112.5	19
-111.5	14.3333
-110.5	10.5
-109.5	10.5
-108.5	16.5
-107.5	12.2
-106.5	8
-105.5	9.5
-104.5	8.25
-103.5	12
-102.5	11.5
-101.5	6.5
-100.5	4
 -99.5	8
 -98.5	10.5
 -97.5	10.3333
 -96.5	9
 -95.5	11
 -94.5	11
 -93.5	17.5
 -92.5	16
 -91.5	8
 -90.5	11.8429
 -89.5	9
 -88.5	8.5
 -87.5	12.25
 -86.5	13
 -85.5	6.5
 -84.5	6.25
 -83.5	10
 -82.5	12
 -81.5	13
 -80.5	16
 -79.5	5.5
 -78.5	13
 -77.5	15.1429
 -76.5	9.5
 -75.5	8
 -74.5	6
 -73.5	7
 -72.5	7
 -71.5	13.5
 -70.5	9
 -69.5	12.2
 -68.5	7
 -67.5	20
 -66.5	11
 -65.5	13
 -64.5	11
 -63.5	16.3333
 -62.5	9
 -61.5	13.5
 -60.5	8.2
 -59.5	11
 -58.5	8
 -57.5	8
 -56.5	10.5
 -55.5	15.2
 -54.5	9.5
 -53.5	9.5
 -52.5	4.83333
 -51.5	7.75
 -50.5	18
 -49.5	12.5
 -48.5	13
 -47.5	19.5
 -46.5	9
 -45.5	13
 -44.5	17.25
 -43.5	13
 -42.5	7.33333
 -41.5	15.8333
 -40.5	11.3333
 -39.5	10.5
 -38.5	11.6429
 -37.5	16.5
 -36.5	15
 -35.5	8.58333
 -34.5	12
 -33.5	13.5
 -32.5	15
 -31.5	16.5
 -30.5	13.5
 -29.5	16
 -28.5	15
 -27.5	5
 -26.5	10
 -25.5	9.5
 -24.5	9
 -23.5	16.1429
 -22.5	6.5
 -21.5	14.5
 -20.5	9
 -19.5	9
 -18.5	11
 -17.5	14.7
 -16.5	10.5
 -15.5	5.83333
 -14.5	10.5
 -13.5	11.3333
 -12.5	7
 -11.5	12
 -10.5	11
  -9.5	8
  -8.5	15.5
  -7.5	12
  -6.5	16.2
  -5.5	6.5
  -4.5	13.3333
  -3.5	9.5
  -2.5	10.5
  -1.5	9
  -0.5	8
   0.5	7.64286
   1.5	12
   2.5	11.5
   3.5	12.5
   4.5	11.3333
   5.5	13
   6.5	8
   7.5	8
   8.5	11
   9.5	6
  10.5	9
  11.5	6
  12.5	15.5
  13.5	18.5
  14.5	12.3333
  15.5	12.25
  16.5	9
  17.5	12.3333
  18.5	12
  19.5	19.3333
  20.5	20
  21.5	13
  22.5	14
  23.5	13
  24.5	10.3333
  25.5	27
  26.5	11
  27.5	11
  28.5	14
  29.5	20
  30.5	10.5
  31.5	10
  32.5	7.5
  33.5	6.5
  34.5	15.5
  35.5	19
  36.5	11
  37.5	11
  38.5	12
  39.5	9
  40.5	10.3333
  41.5	16
  42.5	14.5
  43.5	9.33333
  44.5	3
  45.5	10
  46.5	15.3333
  47.5	10.75
  48.5	8
  49.5	11
  50.5	14
  51.5	17.3333
  52.5	9
  53.5	16.3333
  54.5	9
  55.5	12
  56.5	9
  57.5	13.5
  58.5	9
  59.5	10.5
  60.5	13.5
  61.5	6
  62.5	13
  63.5	10.5
  64.5	8.33333
  65.5	12
  66.5	6.5
  67.5	15
  68.5	10
  69.5	19.25
  70.5	11
  71.5	16
  72.5	24.1429
  73.5	8
  74.5	7
  75.5	16.25
  76.5	13
  77.5	11
  78.5	10
  79.5	10
  80.5	15.8333
  81.5	8
  82.5	16.5
  83.5	9
  84.5	8
  85.5	8
  86.5	11.3333
  87.5	15
  88.5	9
  89.5	9.5
  90.5	12
  91.5	15.1429
  92.5	8.5
  93.5	8.5
  94.5	12
  95.5	6
  96.5	10.5
  97.5	6.5
  98.5	12
  99.5	9
 100.5	11
 101.5	11
 102.5	8.5
 103.5	11
 104.5	9.83333
 105.5	9
 106.5	9
 107.5	6.5
 108.5	14.5
 109.5	9.83333
 110.5	8
 111.5	8
 112.5	10
 113.5	10
 114.5	13
 115.5	9.64286
 116.5	14.5
 117.5	9
 118.5	6
 119.5	11.5
 120.5	7
 121.5	13.5
 122.5	8.5
 123.5	11
 124.5	9
 125.5	16
 126.5	11.5
 127.5	9
 128.5	6
 129.5	9
 130.5	11
 131.5	8
 132.5	7
 133.5	12
 134.5	8
 135.5	12
 136.5	7.5
 137.5	10
 138.5	11
 139.5	14
 140.5	6.5
 141.5	9
 142.5	17.5
 143.5	6
 144.5	11.1429
 145.5	12
 146.5	12
 147.5	4
 148.5	18
 149.5	9
 150.5	8
 151.5	11.5
 152.5	6.5
 153.5	8
 154.5	8
 155.5	10
 156.5	7
 157.5	9.2
 158.5	14.3333
 159.5	9.5
 160.5	7.5
 161.5	8
 162.5	7.2
 163.5	16.1429
 164.5	12
 165.5	11.3333
 166.5	9.5
 167.5	4.5
 168.5	10.5
 169.5	7
 170.5	6
DB 2 MOTIF	RARA_HUMAN.H11MO.0.A
-165.0	11
-164.0	11
-163.0	10
-162.0	16
-161.0	17
-160.0	7
-159.0	2
-158.0	9
-157.0	9
-156.0	11
-155.0	9
-154.0	10
-153.0	8
-152.0	8
-151.0	7
-150.0	16
-149.0	10
-148.0	3
-147.0	12.5
-146.0	8
-145.0	11
-144.0	5
-143.0	11
-142.0	10
-141.0	12
-140.0	7
-139.0	12
-138.0	8
-137.0	7
-136.0	13.5
-135.0	12.5
-134.0	14
-133.0	11.5
-132.0	5
-131.0	6.5
-130.0	5
-129.0	6
-128.0	6
-127.0	16
-126.0	9
-125.0	5
-124.0	8
-123.0	8
-122.0	13
-121.0	10
-120.0	15
-119.0	6
-118.0	5
-117.0	8
-116.0	6
-115.0	13
-114.0	10
-113.0	12
-112.0	6
-111.0	14
-110.0	14
-109.0	13
-108.0	12
-107.0	16
-106.0	10
-105.0	13
-104.0	14
-103.0	18
-102.0	8.5
-101.0	5
-100.0	10
 -99.0	3
 -98.0	4
 -97.0	6
 -96.0	12
 -95.0	12
 -94.0	13
 -93.0	8
 -92.0	8
 -91.0	7
 -90.0	14.5
 -89.0	14
 -88.0	16.5
 -87.0	8
 -86.0	13
 -85.0	6.5
 -84.0	9
 -83.0	11.5
 -82.0	11
 -81.0	10.5
 -80.0	7
 -79.0	11.3333
 -78.0	11
 -77.0	8
 -76.0	11
 -75.0	12
 -74.0	12
 -73.0	15
 -72.0	8
 -71.0	11.5
 -70.0	7
 -69.0	8
 -68.0	7
 -67.0	13.5
 -66.0	18
 -65.0	6
 -64.0	12
 -63.0	6
 -62.0	6
 -61.0	5
 -60.0	8
 -59.0	5
 -58.0	12
 -57.0	13
 -56.0	10
 -55.0	7
 -54.0	10
 -53.0	10
 -52.0	6
 -51.0	6
 -50.0	9
 -49.0	6
 -48.0	12.5
 -47.0	10.5
 -46.0	9.5
 -45.0	8
 -44.0	9
 -43.0	10
 -42.0	11
 -41.0	15
 -40.0	11
 -39.0	15
 -38.0	8
 -37.0	12
 -36.0	9.5
 -35.0	10.3333
 -34.0	11
 -33.0	14
 -32.0	13.5
 -31.0	13.5
 -30.0	5
 -29.0	11
 -28.0	3
 -27.0	14
 -26.0	10
 -25.0	8.5
 -24.0	11
 -23.0	16
 -22.0	13
 -21.0	9
 -20.0	10
 -19.0	7
 -18.0	14
 -17.0	15
 -16.0	5
 -15.0	8
 -14.0	13.5
 -13.0	10
 -12.0	12
 -11.0	14
 -10.0	13
  -9.0	15
  -8.0	12
  -7.0	7
  -6.0	14.5
  -5.0	10
  -4.0	9
  -3.0	17
  -2.0	14
  -1.0	6.5
   0.0	12
   1.0	8
   2.0	7
   3.0	9.5
   4.0	11
   5.0	9
   6.0	12
   7.0	8
   8.0	10
   9.0	14
  10.0	8
  11.0	13.3333
  12.0	12
  13.0	5
  14.0	14.5
  15.0	11.5
  16.0	11
  17.0	9
  18.0	8.5
  19.0	9
  20.0	10
  21.0	14
  22.0	11
  23.0	14
  24.0	9
  25.0	7.5
  26.0	14.5
  27.0	16
  28.0	10
  29.0	17
  30.0	14
  31.0	13
  32.0	13.3333
  33.0	12
  34.0	8
  35.0	12
  36.0	17
  37.0	6
  38.0	13.5
  39.0	18
  40.0	7
  41.0	11
  42.0	13
  43.0	11
  44.0	10
  45.0	8.5
  46.0	6
  47.0	7
  48.0	7
  49.0	12
  50.0	14
  51.0	12
  52.0	13
  53.0	8
  54.0	14
  55.0	9
  56.0	14
  57.0	13
  58.0	9
  59.0	13
  60.0	11
  61.0	10
  62.0	13
  63.0	8.5
  64.0	11.5
  65.0	10
  66.0	10
  67.0	10
  68.0	12
  69.0	9
  70.0	14
  71.0	9
  72.0	7
  73.0	9
  74.0	13
  75.0	8
  76.0	8
  77.0	11
  78.0	10
  79.0	11
  80.0	15
  81.0	12
  82.0	9
  83.0	8
  84.0	12
  85.0	12
  86.0	12
  87.0	7
  88.0	7
  89.0	8
  90.0	5
  91.0	8
  92.0	7
  93.0	15
  94.0	10
  95.0	12
  96.0	7
  97.0	7
  98.0	10.3333
  99.0	9.33333
 100.0	9
 101.0	11
 102.0	12
 103.0	6
 104.0	9
 105.0	14
 106.0	21
 107.0	8
 108.0	13
 109.0	9
 110.0	14
 111.0	6
 112.0	5
 113.0	7
 114.0	6
 115.0	5
 116.0	7
 117.0	8.5
 118.0	7
 119.0	8
 120.0	11
 121.0	5
 122.0	12
 123.0	10
 124.0	10
 125.0	6
 126.0	5
 127.0	7
 128.0	15
 129.0	9
 130.0	8
 131.0	8
 132.0	8
 133.0	8
 134.0	11
 135.0	7
 136.0	11
 137.0	8
 138.0	10
 139.0	11
 140.0	6
 141.0	9
 142.0	14
 143.0	5
 144.0	10
 145.0	7
 146.0	8
 147.0	12.5
 148.0	9
 149.0	7
 150.0	7
 151.0	10.5
 152.0	9
 153.0	4
 154.0	9.5
 155.0	11
 156.0	7.5
 157.0	7
 158.0	11
 159.0	6
 160.0	14
 161.0	9
 162.0	4
 163.0	11
 164.0	10
 165.0	4
DB 2 MOTIF	RARG_HUMAN.H11MO.2.D
-165.0	8
-164.0	9
-163.0	8
-162.0	11
-161.0	5
-160.0	8
-159.0	4
-158.0	6
-157.0	7
-156.0	8
-155.0	3.5
-154.0	10
-153.0	4
-152.0	7
-151.0	11
-150.0	4
-149.0	5
-148.0	6
-147.0	6
-146.0	5.33333
-145.0	7
-144.0	11
-143.0	7
-142.0	4
-141.0	6
-140.0	7
-139.0	7.5
-138.0	7
-137.0	9
-136.0	8
-135.0	5
-134.0	9
-133.0	4
-132.0	7
-131.0	6
-130.0	4
-129.0	10.5
-128.0	5
-127.0	13
-126.0	6
-125.0	11
-124.0	11
-123.0	11
-122.0	11
-121.0	12
-120.0	9
-119.0	4
-118.0	10
-117.0	8.33333
-116.0	6
-115.0	8
-114.0	10
-113.0	17
-112.0	10
-111.0	8.5
-110.0	8
-109.0	11
-108.0	10
-107.0	8.5
-106.0	9.5
-105.0	6
-104.0	8
-103.0	12
-102.0	10
-101.0	11.5
-100.0	7
 -99.0	5
 -98.0	8
 -97.0	9
 -96.0	12
 -95.0	5
 -94.0	8
 -93.0	11
 -92.0	15
 -91.0	7
 -90.0	9
 -89.0	6
 -88.0	11
 -87.0	11
 -86.0	11
 -85.0	13
 -84.0	5
 -83.0	7
 -82.0	12
 -81.0	10.5
 -80.0	6
 -79.0	9
 -78.0	13
 -77.0	11.5
 -76.0	2
 -75.0	9
 -74.0	7
 -73.0	9
 -72.0	6
 -71.0	9
 -70.0	8
 -69.0	4
 -68.0	7
 -67.0	7
 -66.0	10
 -65.0	10.5
 -64.0	11
 -63.0	9
 -62.0	4
 -61.0	12
 -60.0	13
 -59.0	6
 -58.0	8
 -57.0	8
 -56.0	9
 -55.0	9
 -54.0	1
 -53.0	8
 -52.0	9
 -51.0	10
 -50.0	6
 -49.0	12
 -48.0	13
 -47.0	4
 -46.0	13
 -45.0	7
 -44.0	6.33333
 -43.0	15
 -42.0	8
 -41.0	16
 -40.0	6
 -39.0	9
 -38.0	5
 -37.0	6
 -36.0	11
 -35.0	14
 -34.0	9
 -33.0	7.5
 -32.0	11
 -31.0	7
 -30.0	9
 -29.0	13
 -28.0	8
 -27.0	10
 -26.0	10
 -25.0	6
 -24.0	17
 -23.0	5
 -22.0	13
 -21.0	5
 -20.0	5
 -19.0	10
 -18.0	5
 -17.0	8
 -16.0	16
 -15.0	13
 -14.0	9
 -13.0	6
 -12.0	9.5
 -11.0	14
 -10.0	8
  -9.0	2
  -8.0	6
  -7.0	9
  -6.0	9
  -5.0	7
  -4.0	7
  -3.0	13
  -2.0	12
  -1.0	15
   0.0	12
   1.0	4.5
   2.0	12
   3.0	9
   4.0	12.5
   5.0	7.5
   6.0	10
   7.0	14
   8.0	4
   9.0	11
  10.0	14
  11.0	6
  12.0	7.5
  13.0	10
  14.0	7
  15.0	7
  16.0	7
  17.0	17.5
  18.0	8
  19.0	12
  20.0	7
  21.0	21
  22.0	12
  23.0	16
  24.0	7
  25.0	9
  26.0	9
  27.0	7.5
  28.0	10
  29.0	7.5
  30.0	6
  31.0	9.5
  32.0	7
  33.0	9
  34.0	11
  35.0	12.5
  36.0	7
  37.0	13
  38.0	8
  39.0	12
  40.0	10
  41.0	12
  42.0	5
  43.0	5
  44.0	6
  45.0	5
  46.0	6
  47.0	6.5
  48.0	11
  49.0	5
  50.0	6
  51.0	8
  52.0	9
  53.0	5
  54.0	6
  55.0	10
  56.0	5
  57.0	5
  58.0	11
  59.0	11
  60.0	10
  61.0	6
  62.0	16
  63.0	10
  64.0	7
  65.0	7
  66.0	6
  67.0	3
  68.0	10
  69.0	10.5
  70.0	12
  71.0	11
  72.0	7.5
  73.0	5
  74.0	16
  75.0	5
  76.0	9
  77.0	7
  78.0	9
  79.0	10
  80.0	9
  81.0	6
  82.0	9
  83.0	11
  84.0	9
  85.0	11
  86.0	7
  87.0	6
  88.0	10
  89.0	9
  90.0	5
  91.0	16
  92.0	9
  93.0	3
  94.0	5
  95.0	12
  96.0	11
  97.0	8
  98.0	10.5
  99.0	11
 100.0	7
 101.0	6
 102.0	8
 103.0	6
 104.0	15
 105.0	4
 106.0	14
 107.0	11
 108.0	8
 109.0	8
 110.0	9
 111.0	7
 112.0	9
 113.0	12
 114.0	3
 115.0	9
 116.0	4
 117.0	12
 118.0	10
 119.0	7
 120.0	6
 121.0	7
 122.0	9
 123.0	5
 124.0	6
 125.0	7
 126.0	10
 127.0	10
 128.0	7
 129.0	7
 130.0	8
 131.0	7
 132.0	10
 133.0	7
 134.0	14
 135.0	4
 136.0	6
 137.0	9
 138.0	7
 139.0	7
 140.0	6
 141.0	4
 142.0	9
 143.0	10
 144.0	6
 145.0	9
 146.0	6
 147.0	7
 148.0	3.5
 149.0	12
 150.0	6
 151.0	12
 152.0	6
 153.0	6
 154.0	6
 155.0	1
 156.0	11
 157.0	14
 158.0	8
 159.0	5
 160.0	4
 161.0	5
 162.0	8
 163.0	5
 164.0	11
 165.0	4
DB 2 MOTIF	RUNX2_HUMAN.H11MO.0.A
-168.0	5.41667
-167.0	13.5
-166.0	4.75
-165.0	6.5
-164.0	7.75
-163.0	11.7
-162.0	7.75
-161.0	10
-160.0	7
-159.0	4.33333
-158.0	10
-157.0	5.5
-156.0	9
-155.0	15.3333
-154.0	10.5
-153.0	16.5
-152.0	8.33333
-151.0	9
-150.0	8
-149.0	5.14286
-148.0	8.16667
-147.0	9
-146.0	10.3333
-145.0	15.5
-144.0	15.3667
-143.0	8.71978
-142.0	11.2
-141.0	10.4198
-140.0	10.2
-139.0	13.2198
-138.0	12.45
-137.0	9.71978
-136.0	14.4
-135.0	6.21978
-134.0	8
-133.0	15.1429
-132.0	15.5
-131.0	6.97619
-130.0	10
-129.0	8.33333
-128.0	14.5
-127.0	9
-126.0	7.66667
-125.0	9.2
-124.0	11
-123.0	9.16667
-122.0	5
-121.0	13.3333
-120.0	8
-119.0	5
-118.0	15.5
-117.0	7.14286
-116.0	11.8333
-115.0	7.66667
-114.0	9.25
-113.0	7
-112.0	11
-111.0	8.2
-110.0	10.3333
-109.0	6.83333
-108.0	13.7
-107.0	10.5
-106.0	7.83333
-105.0	10.5
-104.0	13
-103.0	11.3333
-102.0	13.5
-101.0	14.25
-100.0	13.5
 -99.0	10
 -98.0	11.3095
 -97.0	9
 -96.0	10.6429
 -95.0	7
 -94.0	10.6429
 -93.0	7.83333
 -92.0	10.1429
 -91.0	14
 -90.0	2.14286
 -89.0	7.9381
 -88.0	11.6429
 -87.0	11.5714
 -86.0	14.6429
 -85.0	20.0714
 -84.0	15
 -83.0	8.07143
 -82.0	10.1667
 -81.0	11.2714
 -80.0	4.25
 -79.0	15.0714
 -78.0	7.5
 -77.0	11.5714
 -76.0	9.83333
 -75.0	12.5714
 -74.0	15
 -73.0	8.07143
 -72.0	13
 -71.0	10.2714
 -70.0	16.5
 -69.0	15.0714
 -68.0	12.5
 -67.0	13.4048
 -66.0	7
 -65.0	8.07143
 -64.0	5.66667
 -63.0	14.7143
 -62.0	5.16667
 -61.0	11.2
 -60.0	9.5
 -59.0	5
 -58.0	11
 -57.0	7
 -56.0	11.8333
 -55.0	8.5
 -54.0	3.5
 -53.0	7.5
 -52.0	14.5
 -51.0	16
 -50.0	11
 -49.0	11.0909
 -48.0	16
 -47.0	5.79091
 -46.0	14.5833
 -45.0	6.79091
 -44.0	6.5
 -43.0	11.2909
 -42.0	11
 -41.0	12.2909
 -40.0	13
 -39.0	7.87424
 -38.0	9.57143
 -37.0	9.59091
 -36.0	9.07143
 -35.0	8.09091
 -34.0	9.57143
 -33.0	7.09091
 -32.0	11.0714
 -31.0	7.09091
 -30.0	10.4048
 -29.0	10.1242
 -28.0	10.0714
 -27.0	13
 -26.0	17.6048
 -25.0	9.83333
 -24.0	12.0714
 -23.0	14.3333
 -22.0	14.8214
 -21.0	13.3333
 -20.0	8.57143
 -19.0	11.7833
 -18.0	7.40476
 -17.0	12.1458
 -16.0	7.40476
 -15.0	7.14583
 -14.0	10.4048
 -13.0	9.64583
 -12.0	14.6048
 -11.0	12.2367
 -10.0	15.3333
  -9.0	12.5979
  -8.0	10.3333
  -7.0	16.6574
  -6.0	6.65476
  -5.0	11.7581
  -4.0	8.15476
  -3.0	8.42478
  -2.0	10.4048
  -1.0	10.6248
   0.0	7.65476
   1.0	14.3248
   2.0	12.4881
   3.0	10.6664
   4.0	15.1548
   5.0	16.7434
   6.0	6.15476
   7.0	13.8343
   8.0	10.1548
   9.0	12.4462
  10.0	11.6548
  11.0	13.3553
  12.0	7.40476
  13.0	6.35533
  14.0	11.6548
  15.0	12.7928
  16.0	12.6548
  17.0	11.1793
  18.0	13.0714
  19.0	12.7448
  20.0	11.0714
  21.0	11.2448
  22.0	12
  23.0	12.5217
  24.0	12.75
  25.0	8.32168
  26.0	6
  27.0	9.82168
  28.0	14.8333
  29.0	10.2308
  30.0	13.3333
  31.0	13.6538
  32.0	10.0667
  33.0	11.0769
  34.0	10.2333
  35.0	11.5
  36.0	8.9
  37.0	9
  38.0	16.2667
  39.0	15.6667
  40.0	15.9833
  41.0	11.75
  42.0	8.65
  43.0	11
  44.0	5.19167
  45.0	17.25
  46.0	11.1917
  47.0	17
  48.0	13.0361
  49.0	12
  50.0	10.8028
  51.0	9.64286
  52.0	13.3937
  53.0	12
  54.0	13.1437
  55.0	15.5
  56.0	10.4706
  57.0	13.5
  58.0	12.5539
  59.0	16.5
  60.0	8.34561
  61.0	12.5333
  62.0	11.7789
  63.0	18
  64.0	18.7789
  65.0	10.5
  66.0	7.61026
  67.0	10
  68.0	10.6603
  69.0	15
  70.0	16.2769
  71.0	2.16667
  72.0	5.27692
  73.0	9.36667
  74.0	15.2769
  75.0	10.3333
  76.0	14.0269
  77.0	14.5
  78.0	9.27692
  79.0	5
  80.0	14.1678
  81.0	8
  82.0	8.09091
  83.0	13.1667
  84.0	9.15341
  85.0	12
  86.0	13.6034
  87.0	8.25
  88.0	12.0625
  89.0	18.5
  90.0	11.0625
  91.0	11.5
  92.0	9.39583
  93.0	8.5
  94.0	7.5625
  95.0	6
  96.0	10.0625
  97.0	10.5
  98.0	12.0625
  99.0	11.9167
 100.0	10.0625
 101.0	10.2
 102.0	20.0625
 103.0	13
 104.0	15.5625
 105.0	14.1429
 106.0	5.0625
 107.0	4.25
 108.0	11.0625
 109.0	11
 110.0	6.7625
 111.0	9
 112.0	12.5958
 113.0	8
 114.0	11.0625
 115.0	11
 116.0	6
 117.0	11.8333
 118.0	9
 119.0	10.1667
 120.0	8
 121.0	6
 122.0	7
 123.0	11
 124.0	12
 125.0	4.16667
 126.0	11.9
 127.0	9.7
 128.0	13.0667
 129.0	15
 130.0	5.65
 131.0	12
 132.0	22.0667
 133.0	15
 134.0	15.5667
 135.0	6.5
 136.0	12.0667
 137.0	12
 138.0	9.06667
 139.0	12.5
 140.0	9.4
 141.0	13
 142.0	8.26667
 143.0	17
 144.0	18.1778
 145.0	3
 146.0	12.0444
 147.0	11
 148.0	7.17778
 149.0	11
 150.0	9.51111
 151.0	11.5
 152.0	10.6778
 153.0	12
 154.0	8.67778
 155.0	8.25
 156.0	6.11111
 157.0	12.25
 158.0	7.61111
 159.0	9.08333
 160.0	11.6111
 161.0	5.75
 162.0	12.2
 163.0	5
 164.0	8
 165.0	4
 166.0	7.5
 167.0	15.5833
 168.0	8
DB 2 MOTIF	RXRG_HUMAN.H11MO.0.B
-168.5	3
-167.5	3
-166.5	3
-165.5	4
-164.5	0
-163.5	2
-162.5	2
-161.5	1
-160.5	2
-159.5	5
-158.5	0
-157.5	1
-156.5	1
-155.5	5
-154.5	4.33333
-153.5	0
-152.5	2
-151.5	0
-150.5	2
-149.5	2
-148.5	1
-147.5	5
-146.5	1
-145.5	3
-144.5	1
-143.5	3
-142.5	2
-141.5	1
-140.5	1
-139.5	2
-138.5	2
-137.5	4
-136.5	3
-135.5	3
-134.5	2
-133.5	2
-132.5	5
-131.5	2
-130.5	3
-129.5	1
-128.5	2
-127.5	2
-126.5	5
-125.5	3
-124.5	1
-123.5	1
-122.5	3
-121.5	3
-120.5	3
-119.5	1
-118.5	6
-117.5	6
-116.5	2
-115.5	5
-114.5	1
-113.5	5
-112.5	4.5
-111.5	2
-110.5	3
-109.5	2.5
-108.5	3
-107.5	2
-106.5	4
-105.5	2
-104.5	4
-103.5	1
-102.5	2
-101.5	2
-100.5	1
 -99.5	0
 -98.5	2
 -97.5	2
 -96.5	5
 -95.5	4
 -94.5	4
 -93.5	5
 -92.5	4
 -91.5	3
 -90.5	7
 -89.5	4
 -88.5	2
 -87.5	0
 -86.5	2
 -85.5	2
 -84.5	3.5
 -83.5	0
 -82.5	4
 -81.5	9
 -80.5	4
 -79.5	2
 -78.5	2
 -77.5	4
 -76.5	6
 -75.5	2
 -74.5	3
 -73.5	7
 -72.5	3
 -71.5	6
 -70.5	5
 -69.5	1
 -68.5	8
 -67.5	1
 -66.5	4
 -65.5	4
 -64.5	3
 -63.5	2
 -62.5	5
 -61.5	6
 -60.5	2
 -59.5	6
 -58.5	3
 -57.5	2
 -56.5	1
 -55.5	1
 -54.5	4
 -53.5	4
 -52.5	4.5
 -51.5	4
 -50.5	3
 -49.5	4.5
 -48.5	3
 -47.5	2
 -46.5	5
 -45.5	4
 -44.5	3
 -43.5	5
 -42.5	3
 -41.5	6
 -40.5	5
 -39.5	6
 -38.5	2
 -37.5	1.33333
 -36.5	4
 -35.5	5
 -34.5	5
 -33.5	3
 -32.5	7
 -31.5	7
 -30.5	4
 -29.5	3
 -28.5	5
 -27.5	2
 -26.5	3
 -25.5	4
 -24.5	5
 -23.5	3
 -22.5	4.5
 -21.5	5
 -20.5	4
 -19.5	5
 -18.5	2
 -17.5	2
 -16.5	4
 -15.5	7
 -14.5	4
 -13.5	4
 -12.5	4
 -11.5	5
 -10.5	2
  -9.5	7
  -8.5	2
  -7.5	7
  -6.5	3
  -5.5	5
  -4.5	1
  -3.5	6
  -2.5	3.5
  -1.5	1
  -0.5	1
   0.5	2
   1.5	2.33333
   2.5	5
   3.5	5
   4.5	1
   5.5	6
   6.5	1
   7.5	2
   8.5	3
   9.5	3
  10.5	6
  11.5	6
  12.5	3
  13.5	5.5
  14.5	2
  15.5	3
  16.5	2
  17.5	6
  18.5	3
  19.5	5
  20.5	4
  21.5	4
  22.5	5
  23.5	5
  24.5	9.5
  25.5	3.5
  26.5	5
  27.5	0
  28.5	4
  29.5	7
  30.5	8
  31.5	0
  32.5	2
  33.5	3
  34.5	6
  35.5	6
  36.5	1
  37.5	6
  38.5	4
  39.5	1
  40.5	7
  41.5	0
  42.5	5
  43.5	2.5
  44.5	2
  45.5	2
  46.5	4.5
  47.5	1
  48.5	2
  49.5	4
  50.5	5
  51.5	6
  52.5	3
  53.5	1
  54.5	3
  55.5	6
  56.5	1
  57.5	1
  58.5	2
  59.5	4
  60.5	1
  61.5	5
  62.5	2
  63.5	0.5
  64.5	0
  65.5	3
  66.5	2
  67.5	1
  68.5	3
  69.5	3
  70.5	5
  71.5	5
  72.5	5
  73.5	1
  74.5	6
  75.5	2
  76.5	2
  77.5	3
  78.5	1
  79.5	3
  80.5	3
  81.5	2
  82.5	3
  83.5	4
  84.5	5
  85.5	2
  86.5	4
  87.5	2
  88.5	5
  89.5	2
  90.5	4
  91.5	6
  92.5	2
  93.5	3
  94.5	0
  95.5	2
  96.5	1
  97.5	3
  98.5	3
  99.5	7
 100.5	2
 101.5	2
 102.5	3
 103.5	1
 104.5	7
 105.5	1
 106.5	3
 107.5	6
 108.5	4
 109.5	3
 110.5	1
 111.5	3
 112.5	0
 113.5	1
 114.5	1
 115.5	1
 116.5	2
 117.5	1
 118.5	1
 119.5	1
 120.5	2
 121.5	4
 122.5	2
 123.5	3
 124.5	5
 125.5	0
 126.5	2
 127.5	5
 128.5	2
 129.5	3
 130.5	4
 131.5	3
 132.5	1.5
 133.5	4
 134.5	1
 135.5	3
 136.5	4
 137.5	1
 138.5	2
 139.5	3
 140.5	4
 141.5	1
 142.5	0
 143.5	1
 144.5	2
 145.5	4
 146.5	2
 147.5	1
 148.5	2
 149.5	2
 150.5	3
 151.5	1
 152.5	6
 153.5	1
 154.5	0
 155.5	2
 156.5	2
 157.5	1
 158.5	4
 159.5	1
 160.5	1
 161.5	3
 162.5	7
 163.5	0
 164.5	0
 165.5	2
 166.5	5
 167.5	3
 168.5	2
DB 2 MOTIF	STF1_HUMAN.H11MO.0.B
-169.5	11
-168.5	8
-167.5	10
-166.5	6
-165.5	9
-164.5	10
-163.5	19
-162.5	10
-161.5	10
-160.5	10.5
-159.5	12
-158.5	14
-157.5	10
-156.5	11
-155.5	13.5
-154.5	15.5
-153.5	6
-152.5	8
-151.5	8
-150.5	11
-149.5	8
-148.5	10
-147.5	9
-146.5	6
-145.5	16
-144.5	9
-143.5	4
-142.5	7
-141.5	8
-140.5	13
-139.5	11
-138.5	7
-137.5	11
-136.5	6
-135.5	9.5
-134.5	13.5
-133.5	7
-132.5	11
-131.5	9
-130.5	10
-129.5	6
-128.5	6
-127.5	11
-126.5	10
-125.5	9
-124.5	14.3333
-123.5	7
-122.5	12
-121.5	9.5
-120.5	8.14286
-119.5	7
-118.5	9
-117.5	11
-116.5	9.5
-115.5	13
-114.5	9
-113.5	9
-112.5	13.5
-111.5	10
-110.5	8
-109.5	10
-108.5	5
-107.5	8
-106.5	4
-105.5	10
-104.5	9
-103.5	5
-102.5	9
-101.5	11
-100.5	12
 -99.5	10
 -98.5	9
 -97.5	7
 -96.5	8
 -95.5	11
 -94.5	6
 -93.5	7
 -92.5	7.5
 -91.5	13.3333
 -90.5	6
 -89.5	15
 -88.5	8
 -87.5	16
 -86.5	9
 -85.5	10
 -84.5	7
 -83.5	8
 -82.5	11
 -81.5	7
 -80.5	8
 -79.5	10
 -78.5	9
 -77.5	9
 -76.5	7.5
 -75.5	7
 -74.5	5
 -73.5	5
 -72.5	3
 -71.5	11
 -70.5	11
 -69.5	6
 -68.5	7
 -67.5	11
 -66.5	16
 -65.5	7
 -64.5	7
 -63.5	9
 -62.5	6
 -61.5	4
 -60.5	8
 -59.5	7
 -58.5	11
 -57.5	12
 -56.5	7
 -55.5	12.5
 -54.5	9
 -53.5	9
 -52.5	6
 -51.5	12
 -50.5	14
 -49.5	11.5
 -48.5	12
 -47.5	5
 -46.5	13
 -45.5	10
 -44.5	6
 -43.5	8
 -42.5	6
 -41.5	14
 -40.5	12
 -39.5	12
 -38.5	5
 -37.5	12.3333
 -36.5	15.3333
 -35.5	5
 -34.5	9
 -33.5	5
 -32.5	8
 -31.5	23
 -30.5	12
 -29.5	11
 -28.5	17
 -27.5	9
 -26.5	12
 -25.5	16
 -24.5	9.47619
 -23.5	9
 -22.5	10
 -21.5	11
 -20.5	10
 -19.5	10
 -18.5	13
 -17.5	11
 -16.5	7
 -15.5	10
 -14.5	10
 -13.5	8
 -12.5	13.5
 -11.5	11
 -10.5	7
  -9.5	6
  -8.5	9
  -7.5	10
  -6.5	11
  -5.5	8
  -4.5	10
  -3.5	13
  -2.5	8
  -1.5	6
  -0.5	12
   0.5	4
   1.5	10
   2.5	3
   3.5	11
   4.5	17
   5.5	13
   6.5	13
   7.5	21.5
   8.5	17.5
   9.5	8.5
  10.5	13
  11.5	9
  12.5	14
  13.5	9.5
  14.5	8
  15.5	7
  16.5	9.5
  17.5	7
  18.5	7.5
  19.5	12
  20.5	10.5
  21.5	11.5
  22.5	5
  23.5	9
  24.5	22.5
  25.5	13
  26.5	14
  27.5	6.5
  28.5	12
  29.5	12
  30.5	11.3333
  31.5	18
  32.5	6.5
  33.5	8
  34.5	7
  35.5	8
  36.5	9
  37.5	8
  38.5	8
  39.5	9
  40.5	7
  41.5	7
  42.5	13.5
  43.5	10
  44.5	10.3333
  45.5	5
  46.5	8
  47.5	9
  48.5	5
  49.5	7.33333
  50.5	14.3333
  51.5	6
  52.5	11
  53.5	7
  54.5	8
  55.5	14
  56.5	13.5
  57.5	9.5
  58.5	4.5
  59.5	9
  60.5	10
  61.5	8
  62.5	12
  63.5	6
  64.5	8
  65.5	7
  66.5	10
  67.5	8
  68.5	12
  69.5	11.5
  70.5	10
  71.5	9.14286
  72.5	9
  73.5	8
  74.5	14
  75.5	9
  76.5	7
  77.5	11
  78.5	8
  79.5	9
  80.5	8.33333
  81.5	7
  82.5	7.5
  83.5	5.5
  84.5	11.5
  85.5	2
  86.5	6
  87.5	9
  88.5	12
  89.5	6
  90.5	10.1429
  91.5	11
  92.5	10
  93.5	10
  94.5	12
  95.5	4
  96.5	14.3333
  97.5	5.33333
  98.5	12
  99.5	7
 100.5	11
 101.5	6
 102.5	6
 103.5	11
 104.5	10
 105.5	8.5
 106.5	13
 107.5	11
 108.5	9
 109.5	14
 110.5	9
 111.5	12
 112.5	8
 113.5	9
 114.5	10.1429
 115.5	9
 116.5	6
 117.5	11.5
 118.5	8
 119.5	10.5
 120.5	9
 121.5	14
 122.5	4
 123.5	10
 124.5	4
 125.5	7
 126.5	9
 127.5	9.5
 128.5	7
 129.5	10
 130.5	11
 131.5	10
 132.5	8
 133.5	10
 134.5	4
 135.5	10
 136.5	9
 137.5	9
 138.5	7
 139.5	8
 140.5	15
 141.5	10
 142.5	9
 143.5	7.14286
 144.5	8
 145.5	7
 146.5	13
 147.5	7
 148.5	9
 149.5	8
 150.5	4
 151.5	11
 152.5	11.5
 153.5	12
 154.5	19
 155.5	10
 156.5	9
 157.5	10
 158.5	9
 159.5	11.5
 160.5	10
 161.5	10
 162.5	9.14286
 163.5	8
 164.5	10
 165.5	7
 166.5	8
 167.5	13
 168.5	13
 169.5	14
DB 2 MOTIF	TCF7_HUMAN.H11MO.0.A
-167.0	9
-166.0	14
-165.0	7
-164.0	9
-163.0	18
-162.0	6.5
-161.0	8.5
-160.0	9.33333
-159.0	13
-158.0	12
-157.0	12
-156.0	8
-155.0	6.5
-154.0	9.83333
-153.0	11
-152.0	7
-151.0	16.3333
-150.0	9.5
-149.0	15
-148.0	9
-147.0	5
-146.0	9.5
-145.0	5
-144.0	12
-143.0	8.5
-142.0	13
-141.0	9
-140.0	6.5
-139.0	12
-138.0	8
-137.0	12.5
-136.0	6
-135.0	10
-134.0	9
-133.0	6
-132.0	13
-131.0	12
-130.0	12
-129.0	13
-128.0	12
-127.0	4
-126.0	10
-125.0	10.5
-124.0	4
-123.0	11
-122.0	6
-121.0	12
-120.0	8.5
-119.0	15.5
-118.0	6
-117.0	7
-116.0	12
-115.0	13
-114.0	10
-113.0	5
-112.0	10
-111.0	8
-110.0	9
-109.0	12
-108.0	11
-107.0	11.5
-106.0	7.5
-105.0	7
-104.0	10
-103.0	7
-102.0	12
-101.0	10
-100.0	14
 -99.0	7
 -98.0	19.5
 -97.0	11.3333
 -96.0	11.3333
 -95.0	7
 -94.0	8
 -93.0	11
 -92.0	19.25
 -91.0	9
 -90.0	7.5
 -89.0	10
 -88.0	12
 -87.0	7.5
 -86.0	15
 -85.0	8
 -84.0	14
 -83.0	16.125
 -82.0	15
 -81.0	11
 -80.0	10
 -79.0	7
 -78.0	6
 -77.0	9
 -76.0	12
 -75.0	12.5
 -74.0	6.33333
 -73.0	10.3333
 -72.0	11.5
 -71.0	16.5
 -70.0	16.5
 -69.0	10
 -68.0	14
 -67.0	12.5
 -66.0	7
 -65.0	10.125
 -64.0	8.33333
 -63.0	18
 -62.0	7
 -61.0	15.5
 -60.0	13
 -59.0	10
 -58.0	14.5
 -57.0	12
 -56.0	12
 -55.0	7.5
 -54.0	11
 -53.0	6.5
 -52.0	11.5
 -51.0	15
 -50.0	10
 -49.0	17
 -48.0	14
 -47.0	20.5
 -46.0	5
 -45.0	17
 -44.0	12
 -43.0	13.25
 -42.0	9.33333
 -41.0	14
 -40.0	9
 -39.0	14
 -38.0	10
 -37.0	11
 -36.0	15
 -35.0	18
 -34.0	11.3333
 -33.0	16.8333
 -32.0	6.95833
 -31.0	9
 -30.0	10
 -29.0	9
 -28.0	11
 -27.0	11.5
 -26.0	5
 -25.0	16.3333
 -24.0	13
 -23.0	12.6667
 -22.0	10
 -21.0	11
 -20.0	6
 -19.0	14.8333
 -18.0	11.5
 -17.0	9
 -16.0	11
 -15.0	7
 -14.0	6
 -13.0	13
 -12.0	12.5
 -11.0	6
 -10.0	7
  -9.0	12.5
  -8.0	10.5
  -7.0	12
  -6.0	14
  -5.0	8
  -4.0	10
  -3.0	10
  -2.0	10.8333
  -1.0	8
   0.0	11
   1.0	14.25
   2.0	13.3333
   3.0	12
   4.0	9
   5.0	7.5
   6.0	17
   7.0	11
   8.0	13.5
   9.0	15
  10.0	13
  11.0	14.5
  12.0	9.5
  13.0	9.5
  14.0	16.3333
  15.0	10
  16.0	8.625
  17.0	9.5
  18.0	15
  19.0	6
  20.0	9.5
  21.0	11.5
  22.0	12.3333
  23.0	12.5
  24.0	11.5
  25.0	19.5
  26.0	12.8333
  27.0	10.3333
  28.0	13.3333
  29.0	11
  30.0	15.3333
  31.0	7
  32.0	12.8333
  33.0	13
  34.0	15.625
  35.0	18
  36.0	7
  37.0	9.5
  38.0	7
  39.0	10
  40.0	10.5
  41.0	9.5
  42.0	7.5
  43.0	7.5
  44.0	12
  45.0	15.3333
  46.0	13.5
  47.0	10
  48.0	7
  49.0	13.3333
  50.0	12
  51.0	7
  52.0	11.125
  53.0	13
  54.0	16
  55.0	8
  56.0	11.5
  57.0	9
  58.0	9.5
  59.0	8
  60.0	10
  61.0	11
  62.0	7
  63.0	12
  64.0	8
  65.0	8.33333
  66.0	13
  67.0	6
  68.0	12
  69.0	9.5
  70.0	11
  71.0	14
  72.0	5
  73.0	10.5
  74.0	6
  75.0	6
  76.0	4
  77.0	12
  78.0	10.5
  79.0	8
  80.0	8
  81.0	12
  82.0	11
  83.0	9
  84.0	6
  85.0	6
  86.0	11
  87.0	7
  88.0	12
  89.0	7
  90.0	9
  91.0	6.5
  92.0	9.33333
  93.0	8.33333
  94.0	9.33333
  95.0	5.5
  96.0	11
  97.0	6
  98.0	8
  99.0	14.25
 100.0	8.125
 101.0	12.5
 102.0	8
 103.0	8
 104.0	12.6429
 105.0	8.64286
 106.0	10.1429
 107.0	12.1429
 108.0	10.1429
 109.0	11.1429
 110.0	11.1429
 111.0	12.5
 112.0	10.5
 113.0	10.5909
 114.0	15.0909
 115.0	10.0909
 116.0	13.0909
 117.0	17.5909
 118.0	6.09091
 119.0	11.0909
 120.0	6.09091
 121.0	11.0909
 122.0	8.09091
 123.0	10.0909
 124.0	8
 125.0	5.5
 126.0	6.5
 127.0	10
 128.0	12
 129.0	5
 130.0	15
 131.0	14
 132.0	14.5
 133.0	9.125
 134.0	6
 135.0	15.5
 136.0	9.33333
 137.0	12.5
 138.0	15
 139.0	9.5
 140.0	8
 141.0	12
 142.0	10.5
 143.0	7
 144.0	8
 145.0	7
 146.0	9
 147.0	13
 148.0	7
 149.0	12
 150.0	7.5
 151.0	14
 152.0	5
 153.0	12
 154.0	10.5
 155.0	12.5
 156.0	11.5
 157.0	13
 158.0	9
 159.0	9.33333
 160.0	8.33333
 161.0	5.33333
 162.0	7.33333
 163.0	8.5
 164.0	12
 165.0	10
 166.0	7
 167.0	10
DB 2 MOTIF	TF7L2_HUMAN.H11MO.0.A
-168.5	6
-167.5	8
-166.5	9
-165.5	8
-164.5	7
-163.5	6
-162.5	11
-161.5	5.2
-160.5	14.3333
-159.5	5
-158.5	7.5
-157.5	4
-156.5	7.2
-155.5	11.5
-154.5	5.5
-153.5	9
-152.5	14
-151.5	9
-150.5	12
-149.5	9
-148.5	5
-147.5	7
-146.5	5.2
-145.5	9.83333
-144.5	9.5
-143.5	9.5
-142.5	10
-141.5	11
-140.5	11
-139.5	9.5
-138.5	12
-137.5	7
-136.5	8
-135.5	7
-134.5	6
-133.5	10
-132.5	8
-131.5	11
-130.5	14
-129.5	7
-128.5	15
-127.5	9
-126.5	10
-125.5	7
-124.5	4
-123.5	12
-122.5	5
-121.5	4
-120.5	9
-119.5	13.5
-118.5	7
-117.5	5
-116.5	10
-115.5	6
-114.5	11
-113.5	12
-112.5	6
-111.5	13
-110.5	5
-109.5	10
-108.5	9
-107.5	12
-106.5	8
-105.5	5
-104.5	7
-103.5	5.5
-102.5	9
-101.5	11
-100.5	19.3333
 -99.5	10
 -98.5	11
 -97.5	8.5
 -96.5	13
 -95.5	12
 -94.5	8
 -93.5	7.5
 -92.5	14.5333
 -91.5	14
 -90.5	11.5
 -89.5	6
 -88.5	10
 -87.5	9
 -86.5	9
 -85.5	11
 -84.5	11
 -83.5	12
 -82.5	7
 -81.5	11
 -80.5	9
 -79.5	9
 -78.5	5
 -77.5	11
 -76.5	15
 -75.5	9.5
 -74.5	5.33333
 -73.5	8.33333
 -72.5	10
 -71.5	6
 -70.5	10.5
 -69.5	11.5
 -68.5	12
 -67.5	7.5
 -66.5	8
 -65.5	8
 -64.5	7
 -63.5	14
 -62.5	13
 -61.5	8
 -60.5	13
 -59.5	8.7
 -58.5	14.75
 -57.5	6.33333
 -56.5	9.5
 -55.5	10.1667
 -54.5	8
 -53.5	9
 -52.5	9.5
 -51.5	13
 -50.5	12
 -49.5	10
 -48.5	9.5
 -47.5	18
 -46.5	12.5
 -45.5	11
 -44.5	8
 -43.5	13.2
 -42.5	10
 -41.5	10.3333
 -40.5	9
 -39.5	9
 -38.5	10
 -37.5	8
 -36.5	10
 -35.5	12
 -34.5	11.5
 -33.5	11
 -32.5	14.5
 -31.5	11.5
 -30.5	8.66667
 -29.5	10
 -28.5	13.3333
 -27.5	15
 -26.5	4.5
 -25.5	15.5
 -24.5	14
 -23.5	4.33333
 -22.5	5.5
 -21.5	13.95
 -20.5	11.1667
 -19.5	12.5
 -18.5	9
 -17.5	7.5
 -16.5	12.5
 -15.5	11.5
 -14.5	6
 -13.5	6
 -12.5	7.5
 -11.5	9
 -10.5	6
  -9.5	9
  -8.5	7
  -7.5	8
  -6.5	14.3333
  -5.5	11.25
  -4.5	11
  -3.5	11
  -2.5	12.5
  -1.5	8.33333
  -0.5	11
   0.5	12.2
   1.5	11
   2.5	8
   3.5	12
   4.5	4
   5.5	9.66667
   6.5	11
   7.5	9.5
   8.5	9
   9.5	18
  10.5	8
  11.5	6
  12.5	11.5
  13.5	9.33333
  14.5	14
  15.5	9.25
  16.5	9
  17.5	6.5
  18.5	14
  19.5	8
  20.5	11.3333
  21.5	8.5
  22.5	11.5
  23.5	9
  24.5	20
  25.5	5
  26.5	17
  27.5	1
  28.5	10
  29.5	10.3333
  30.5	7.5
  31.5	13
  32.5	13
  33.5	8.5
  34.5	14
  35.5	11.5
  36.5	7.5
  37.5	7
  38.5	9
  39.5	9
  40.5	9
  41.5	13
  42.5	9
  43.5	14.5
  44.5	9.5
  45.5	16.5
  46.5	10.7
  47.5	5
  48.5	7
  49.5	11
  50.5	12
  51.5	11
  52.5	9
  53.5	16
  54.5	9
  55.5	7.5
  56.5	7
  57.5	8
  58.5	14
  59.5	4
  60.5	15.25
  61.5	9
  62.5	9.2
  63.5	9
  64.5	9
  65.5	15
  66.5	6
  67.5	7
  68.5	12.5
  69.5	9
  70.5	13.5
  71.5	11
  72.5	11.1667
  73.5	6.5
  74.5	10
  75.5	8
  76.5	7.83333
  77.5	9
  78.5	11.2
  79.5	10.2
  80.5	10
  81.5	13
  82.5	10.75
  83.5	8.5
  84.5	7
  85.5	11
  86.5	10.5
  87.5	8
  88.5	10
  89.5	6
  90.5	7
  91.5	7
  92.5	8.5
  93.5	7
  94.5	8
  95.5	8
  96.5	7
  97.5	5
  98.5	9.2
  99.5	12
 100.5	14
 101.5	13.5
 102.5	7
 103.5	9
 104.5	12.75
 105.5	5
 106.5	10.5
 107.5	13.25
 108.5	7
 109.5	9
 110.5	10
 111.5	7.5
 112.5	8
 113.5	9.7
 114.5	11
 115.5	13
 116.5	12
 117.5	7
 118.5	9
 119.5	4
 120.5	9
 121.5	9
 122.5	7.16667
 123.5	7
 124.5	8
 125.5	6
 126.5	4
 127.5	8
 128.5	9
 129.5	6
 130.5	11
 131.5	12
 132.5	8
 133.5	5
 134.5	10
 135.5	13
 136.5	4.33333
 137.5	15.3333
 138.5	8
 139.5	12
 140.5	7
 141.5	9
 142.5	12
 143.5	5
 144.5	6
 145.5	6
 146.5	7
 147.5	10
 148.5	9
 149.5	9.5
 150.5	5
 151.5	6
 152.5	6
 153.5	7
 154.5	11.7
 155.5	7
 156.5	14
 157.5	9
 158.5	8
 159.5	7
 160.5	8
 161.5	8
 162.5	9.5
 163.5	5
 164.5	8.5
 165.5	6
 166.5	11
 167.5	8
 168.5	6
