DB 1 MOTIF	AHR_HUMAN.H11MO.0.B
-327.5	20.5
-326.5	21.5
-325.5	22
-324.5	28.5
-323.5	11
-322.5	15
-321.5	20
-320.5	13.5
-319.5	19
-318.5	11
-317.5	20
-316.5	13.4583
-315.5	19
-314.5	20
-313.5	17
-312.5	17
-311.5	17.8333
-310.5	17.3333
-309.5	17
-308.5	18.5
-307.5	14
-306.5	15
-305.5	24
-304.5	18.5
-303.5	20
-302.5	14
-301.5	17
-300.5	17.5
-299.5	22
-298.5	17.2083
-297.5	23.5
-296.5	25.3333
-295.5	12.5
-294.5	12.5
-293.5	23
-292.5	20
-291.5	15
-290.5	22
-289.5	15.5
-288.5	19
-287.5	18.5
-286.5	32.625
-285.5	21.3333
-284.5	11
-283.5	12.5
-282.5	23.1667
-281.5	20
-280.5	9
-279.5	18.3333
-278.5	16
-277.5	17.5
-276.5	20.5
-275.5	18
-274.5	17
-273.5	15.3333
-272.5	17
-271.5	16.8194
-270.5	15
-269.5	22
-268.5	23.7
-267.5	20
-266.5	15.5
-265.5	20
-264.5	13
-263.5	21.3333
-262.5	14.5
-261.5	27.5
-260.5	21.5
-259.5	12.8333
-258.5	19.8333
-257.5	17
-256.5	17.5
-255.5	14
-254.5	17
-253.5	16
-252.5	17
-251.5	12
-250.5	16.3333
-249.5	20
-248.5	9
-247.5	23.5
-246.5	18.5
-245.5	11.5
-244.5	13
-243.5	19.5
-242.5	15.1111
-241.5	16
-240.5	25.25
-239.5	17.3333
-238.5	17.9583
-237.5	13.0833
-236.5	23.3333
-235.5	16.1667
-234.5	19.2
-233.5	23.5
-232.5	24
-231.5	19
-230.5	18.625
-229.5	17
-228.5	24
-227.5	18
-226.5	22.5
-225.5	14
-224.5	20.2361
-223.5	22
-222.5	14.5
-221.5	23
-220.5	19
-219.5	22.5
-218.5	15
-217.5	12.25
-216.5	17
-215.5	15.5
-214.5	22.5667
-213.5	16.5
-212.5	17
-211.5	23
-210.5	23.4583
-209.5	23.1111
-208.5	16.5
-207.5	26.5
-206.5	14
-205.5	16.3333
-204.5	12
-203.5	25.0833
-202.5	14.5
-201.5	24
-200.5	21.3333
-199.5	9
-198.5	20
-197.5	21.6667
-196.5	18
-195.5	17.0667
-194.5	18.125
-193.5	18
-192.5	12.5
-191.5	26
-190.5	12.5
-189.5	15.625
-188.5	20.1667
-187.5	18
-186.5	16.5
-185.5	19
-184.5	18
-183.5	14.45
-182.5	18.125
-181.5	14
-180.5	21.6111
-179.5	25
-178.5	20.125
-177.5	21.0667
-176.5	16.5
-175.5	16.5
-174.5	21.1667
-173.5	22
-172.5	16
-171.5	23.3333
-170.5	22
-169.5	16.5833
-168.5	22.625
-167.5	22.5
-166.5	19
-165.5	18.5
-164.5	21
-163.5	23.5
-162.5	17
-161.5	27
-160.5	16.0833
-159.5	17.5
-158.5	23.5
-157.5	13
-156.5	12.5
-155.5	19.3333
-154.5	21
-153.5	22
-152.5	16
-151.5	17.1111
-150.5	16.5
-149.5	22.75
-148.5	21
-147.5	25.7083
-146.5	28
-145.5	17.6111
-144.5	16.7083
-143.5	29.3333
-142.5	20.25
-141.5	27.1667
-140.5	19.4583
-139.5	26.5
-138.5	12.5
-137.5	18
-136.5	18.5
-135.5	18.0833
-134.5	11
-133.5	24.5833
-132.5	16.7
-131.5	19.5
-130.5	22.6111
-129.5	15.5
-128.5	21.0833
-127.5	27.5
-126.5	18.5
-125.5	18
-124.5	25.5
-123.5	23
-122.5	22.6111
-121.5	18
-120.5	22.5
-119.5	14
-118.5	19
-117.5	12
-116.5	19
-115.5	20.45
-114.5	15
-113.5	13
-112.5	16
-111.5	13.125
-110.5	21
-109.5	22.3333
-108.5	14
-107.5	16
-106.5	17
-105.5	18.1667
-104.5	17.5
-103.5	20.0667
-102.5	25
-101.5	16.0833
-100.5	20.125
 -99.5	18.3333
 -98.5	14
 -97.5	20.0833
 -96.5	11
 -95.5	14
 -94.5	24.6667
 -93.5	22.6111
 -92.5	18
 -91.5	14.625
 -90.5	9
 -89.5	12.125
 -88.5	11
 -87.5	22.125
 -86.5	17.5
 -85.5	14.0667
 -84.5	25.375
 -83.5	19.1111
 -82.5	20.5
 -81.5	17.5
 -80.5	20.8333
 -79.5	20.5
 -78.5	22
 -77.5	15.5
 -76.5	16
 -75.5	20.3333
 -74.5	18.5
 -73.5	16.5
 -72.5	19
 -71.5	26
 -70.5	22.5833
 -69.5	19.25
 -68.5	15
 -67.5	28.2083
 -66.5	15.0667
 -65.5	16
 -64.5	27.3611
 -63.5	21.3333
 -62.5	32.9583
 -61.5	29.3333
 -60.5	14.625
 -59.5	18
 -58.5	17.125
 -57.5	23.75
 -56.5	16.125
 -55.5	22
 -54.5	18
 -53.5	30
 -52.5	19.0769
 -51.5	22
 -50.5	20.5
 -49.5	16.4167
 -48.5	25.1111
 -47.5	21.1667
 -46.5	29.5
 -45.5	22.5
 -44.5	22.5
 -43.5	26
 -42.5	27.125
 -41.5	14.0833
 -40.5	20.75
 -39.5	18.0833
 -38.5	19
 -37.5	25
 -36.5	20.2778
 -35.5	17.9444
 -34.5	21.5
 -33.5	21
 -32.5	16
 -31.5	27.2853
 -30.5	20
 -29.5	20
 -28.5	19.5
 -27.5	26
 -26.5	15.25
 -25.5	31
 -24.5	20.5
 -23.5	25
 -22.5	31
 -21.5	25.5
 -20.5	23.5
 -19.5	23
 -18.5	19.5
 -17.5	18.625
 -16.5	21.5833
 -15.5	27.125
 -14.5	25.5
 -13.5	16.5
 -12.5	21.2
 -11.5	12.5
 -10.5	18.6436
  -9.5	22.875
  -8.5	23
  -7.5	23.5833
  -6.5	28.1111
  -5.5	18.5
  -4.5	25.5
  -3.5	23.2262
  -2.5	26.125
  -1.5	17.625
  -0.5	20.5
   0.5	19
   1.5	20.1667
   2.5	19
   3.5	35.5
   4.5	16
   5.5	28
   6.5	27.3333
   7.5	30.1778
   8.5	28.4583
   9.5	20.1667
  10.5	23.188
  11.5	25
  12.5	25.3333
  13.5	20.3333
  14.5	23.2917
  15.5	27.3333
  16.5	25
  17.5	14.1167
  18.5	29.0833
  19.5	30
  20.5	23.95
  21.5	21
  22.5	28.1944
  23.5	18.1667
  24.5	15
  25.5	21.125
  26.5	16.0833
  27.5	19.5
  28.5	17.5833
  29.5	24.25
  30.5	22.5
  31.5	14.1667
  32.5	25.1667
  33.5	19.5
  34.5	24.1429
  35.5	21.25
  36.5	30.9028
  37.5	23.1667
  38.5	23.6667
  39.5	16.5
  40.5	19
  41.5	30.125
  42.5	21.5353
  43.5	20
  44.5	17.75
  45.5	19
  46.5	18.8333
  47.5	19.1111
  48.5	14
  49.5	13.5
  50.5	27
  51.5	16.75
  52.5	19
  53.5	29.9083
  54.5	24
  55.5	12
  56.5	20
  57.5	14.6111
  58.5	22.125
  59.5	13.5
  60.5	27.0833
  61.5	13
  62.5	12.5833
  63.5	15
  64.5	25
  65.5	18.6111
  66.5	20.8333
  67.5	14
  68.5	17.5
  69.5	21
  70.5	26
  71.5	19
  72.5	18.1429
  73.5	12
  74.5	18
  75.5	16
  76.5	20.0769
  77.5	17
  78.5	22.625
  79.5	25
  80.5	11
  81.5	12.0667
  82.5	21
  83.5	20.5
  84.5	18.5
  85.5	13.25
  86.5	24.325
  87.5	15
  88.5	18
  89.5	13
  90.5	14
  91.5	20
  92.5	16.625
  93.5	19.25
  94.5	24.1944
  95.5	17.5
  96.5	28.1944
  97.5	19.3269
  98.5	17
  99.5	11
 100.5	12
 101.5	19.5
 102.5	24.5
 103.5	20
 104.5	23.6444
 105.5	17
 106.5	15
 107.5	21.8333
 108.5	14.5
 109.5	16.5
 110.5	11.1429
 111.5	26.0833
 112.5	21
 113.5	20.5
 114.5	29.125
 115.5	12
 116.5	17.3333
 117.5	29.5
 118.5	19
 119.5	23.2
 120.5	27.5
 121.5	13
 122.5	11
 123.5	21.6111
 124.5	20.3333
 125.5	13
 126.5	15
 127.5	15
 128.5	23.0833
 129.5	18
 130.5	16.1667
 131.5	12.5
 132.5	18.3333
 133.5	14.2
 134.5	17.125
 135.5	17
 136.5	15
 137.5	16
 138.5	16.0833
 139.5	25
 140.5	22
 141.5	19.125
 142.5	14.5
 143.5	28.125
 144.5	16.188
 145.5	23
 146.5	15
 147.5	13
 148.5	17.2679
 149.5	15
 150.5	11
 151.5	11.1111
 152.5	21.1111
 153.5	22
 154.5	10.625
 155.5	20.0667
 156.5	21
 157.5	16.8333
 158.5	11
 159.5	17.75
 160.5	18
 161.5	20
 162.5	22.0833
 163.5	8.125
 164.5	21.5
 165.5	29.5
 166.5	15.5
 167.5	22
 168.5	23.3333
 169.5	13
 170.5	18.8333
 171.5	21
 172.5	13
 173.5	15.3269
 174.5	21.0667
 175.5	21
 176.5	11.5
 177.5	19.8667
 178.5	19
 179.5	22.5
 180.5	17.5
 181.5	17.1111
 182.5	24
 183.5	20.0769
 184.5	7.5
 185.5	19
 186.5	14.1429
 187.5	14
 188.5	24
 189.5	14.5
 190.5	21.1667
 191.5	10
 192.5	21.5
 193.5	16.1111
 194.5	21.2083
 195.5	12.5
 196.5	19
 197.5	19
 198.5	19
 199.5	28
 200.5	13
 201.5	13.8333
 202.5	20
 203.5	14
 204.5	18
 205.5	26
 206.5	22
 207.5	11.5
 208.5	20
 209.5	23.5
 210.5	21.6111
 211.5	14.8333
 212.5	21.0667
 213.5	14.6667
 214.5	25.3333
 215.5	14.45
 216.5	20.5
 217.5	18
 218.5	21.5
 219.5	21.5
 220.5	22.25
 221.5	13.75
 222.5	26
 223.5	20.3333
 224.5	17.8095
 225.5	17
 226.5	20.0833
 227.5	24
 228.5	16
 229.5	20
 230.5	23
 231.5	18
 232.5	18.5
 233.5	20.5
 234.5	28
 235.5	22
 236.5	19.2
 237.5	13.5
 238.5	16.5
 239.5	16.2778
 240.5	24
 241.5	19.1111
 242.5	9.5
 243.5	23
 244.5	15
 245.5	17.4583
 246.5	19.5
 247.5	17
 248.5	11
 249.5	18
 250.5	17.0833
 251.5	15
 252.5	23
 253.5	21
 254.5	21.9167
 255.5	23
 256.5	26
 257.5	17.2
 258.5	22.0833
 259.5	16
 260.5	16
 261.5	16.5
 262.5	19
 263.5	17
 264.5	18.3333
 265.5	22.8333
 266.5	16
 267.5	15.1667
 268.5	19
 269.5	19.0667
 270.5	28.0769
 271.5	18.3333
 272.5	14
 273.5	16
 274.5	14.5
 275.5	18
 276.5	26
 277.5	21.5
 278.5	17.7333
 279.5	25.5
 280.5	17.5
 281.5	16.5
 282.5	24
 283.5	15.75
 284.5	24
 285.5	16
 286.5	23
 287.5	15
 288.5	14.0667
 289.5	19
 290.5	19.1111
 291.5	12.5769
 292.5	16.0833
 293.5	17
 294.5	8
 295.5	17
 296.5	20.8333
 297.5	19.3333
 298.5	20
 299.5	11
 300.5	16.25
 301.5	23
 302.5	26
 303.5	16
 304.5	16.5
 305.5	24.5
 306.5	18
 307.5	10.5667
 308.5	11
 309.5	12.3333
 310.5	24.2
 311.5	9
 312.5	17
 313.5	23.8333
 314.5	25.0769
 315.5	13
 316.5	15
 317.5	19
 318.5	25
 319.5	22.5
 320.5	17.5
 321.5	15
 322.5	19
 323.5	12
 324.5	16
 325.5	20
 326.5	16.0833
 327.5	16
DB 1 MOTIF	AP2B_HUMAN.H11MO.0.B
-327.0	26.3333
-326.0	18.5909
-325.0	21.3333
-324.0	20
-323.0	21
-322.0	20.5
-321.0	22
-320.0	25.95
-319.0	25.8333
-318.0	17.3333
-317.0	20.5833
-316.0	21.5
-315.0	19.6
-314.0	20
-313.0	16
-312.0	20.8333
-311.0	26
-310.0	23
-309.0	26
-308.0	20.5
-307.0	28
-306.0	15.5
-305.0	22.5
-304.0	21.5
-303.0	21.5
-302.0	21
-301.0	26.6429
-300.0	30.5
-299.0	21.4167
-298.0	29.1778
-297.0	17
-296.0	23
-295.0	18.0769
-294.0	15.5
-293.0	21.8333
-292.0	25
-291.0	24.5
-290.0	21
-289.0	21.5
-288.0	21.5
-287.0	22
-286.0	20.3333
-285.0	19
-284.0	22
-283.0	18
-282.0	39.5
-281.0	25.5
-280.0	20
-279.0	14
-278.0	21
-277.0	20.9167
-276.0	18.5
-275.0	23.0909
-274.0	16.5
-273.0	16
-272.0	31.5
-271.0	26.5
-270.0	26.5
-269.0	29.1429
-268.0	28.6429
-267.0	18.5
-266.0	23.5
-265.0	26.5
-264.0	27
-263.0	14
-262.0	19.5
-261.0	21
-260.0	16.8333
-259.0	16.0667
-258.0	18
-257.0	17.5
-256.0	26.5
-255.0	28
-254.0	21.5
-253.0	26.8333
-252.0	21.1111
-251.0	26
-250.0	26.25
-249.0	28.5
-248.0	19
-247.0	28.3333
-246.0	24
-245.0	22.3333
-244.0	22.5
-243.0	25.5
-242.0	29.0769
-241.0	29
-240.0	25.5
-239.0	25.6667
-238.0	22
-237.0	28.5
-236.0	23.0833
-235.0	24
-234.0	28
-233.0	17.5
-232.0	20
-231.0	27
-230.0	25
-229.0	29
-228.0	20.9762
-227.0	20
-226.0	25
-225.0	26.25
-224.0	20.4242
-223.0	26
-222.0	26.2
-221.0	19.3333
-220.0	25.4076
-219.0	21
-218.0	29
-217.0	24.5
-216.0	36
-215.0	31
-214.0	29
-213.0	29.5
-212.0	24
-211.0	26
-210.0	28.5
-209.0	31.5
-208.0	23
-207.0	23.5
-206.0	28.754
-205.0	16.5
-204.0	23
-203.0	25.5
-202.0	17
-201.0	25.1
-200.0	17.3333
-199.0	24
-198.0	31
-197.0	20
-196.0	31.1603
-195.0	24.5
-194.0	22
-193.0	17.5
-192.0	27.5
-191.0	16
-190.0	25.6667
-189.0	21
-188.0	19.254
-187.0	18
-186.0	24
-185.0	26
-184.0	27
-183.0	28
-182.0	31
-181.0	22.5667
-180.0	28.5909
-179.0	20.6667
-178.0	19.2
-177.0	34
-176.0	22.5
-175.0	28.6429
-174.0	28
-173.0	23.9242
-172.0	25
-171.0	19.5
-170.0	29
-169.0	19
-168.0	30
-167.0	29
-166.0	25.75
-165.0	27.5
-164.0	29.1
-163.0	22
-162.0	23
-161.0	20
-160.0	23.1111
-159.0	22.25
-158.0	21
-157.0	22.5
-156.0	23.5833
-155.0	19
-154.0	24.5
-153.0	20.5
-152.0	26
-151.0	29.5
-150.0	23.0769
-149.0	28
-148.0	15.1429
-147.0	26
-146.0	19
-145.0	23
-144.0	28.5
-143.0	21.5
-142.0	29.4
-141.0	25.5
-140.0	15.5909
-139.0	26
-138.0	19
-137.0	22.1111
-136.0	28.5
-135.0	27
-134.0	27.8333
-133.0	21.5
-132.0	31.5
-131.0	25.5
-130.0	25
-129.0	33
-128.0	34.5
-127.0	20.1
-126.0	24
-125.0	15.8333
-124.0	23.5
-123.0	22.0909
-122.0	25.5
-121.0	25
-120.0	20.5
-119.0	26
-118.0	27
-117.0	22.6667
-116.0	24.5
-115.0	29.5833
-114.0	23.4444
-113.0	20
-112.0	20.5
-111.0	27
-110.0	27
-109.0	18.5833
-108.0	29.6429
-107.0	25.5
-106.0	23.5
-105.0	25.1111
-104.0	22.5769
-103.0	14.8167
-102.0	26.75
-101.0	32.8333
-100.0	23.3333
 -99.0	30
 -98.0	29.25
 -97.0	19.5
 -96.0	29
 -95.0	20.5
 -94.0	24.3333
 -93.0	20.5
 -92.0	28.125
 -91.0	17.5
 -90.0	26.2
 -89.0	26
 -88.0	20.8333
 -87.0	22.5
 -86.0	22.8333
 -85.0	17.1
 -84.0	25
 -83.0	33
 -82.0	22.5
 -81.0	20.75
 -80.0	21.8333
 -79.0	25.6429
 -78.0	23.5
 -77.0	25
 -76.0	22.8333
 -75.0	19.0833
 -74.0	24
 -73.0	27.5909
 -72.0	29
 -71.0	27.75
 -70.0	35.5
 -69.0	27.5
 -68.0	22.254
 -67.0	20.75
 -66.0	30.5
 -65.0	20.5
 -64.0	20.1778
 -63.0	21.5
 -62.0	26
 -61.0	25.2778
 -60.0	27
 -59.0	29
 -58.0	25.0012
 -57.0	27
 -56.0	35
 -55.0	37.0833
 -54.0	15
 -53.0	30.5
 -52.0	31
 -51.0	26
 -50.0	29.8333
 -49.0	28.9333
 -48.0	24.5
 -47.0	28
 -46.0	29.45
 -45.0	31.625
 -44.0	29.1667
 -43.0	25.25
 -42.0	27
 -41.0	28.8333
 -40.0	33.5
 -39.0	32.5
 -38.0	25.3333
 -37.0	32.25
 -36.0	41.5
 -35.0	40.5
 -34.0	28
 -33.0	26
 -32.0	21.5
 -31.0	30.8333
 -30.0	33.5
 -29.0	36.5
 -28.0	31.6429
 -27.0	26
 -26.0	21.3333
 -25.0	32.0667
 -24.0	24.6111
 -23.0	26.6111
 -22.0	25.952
 -21.0	28.5
 -20.0	33
 -19.0	34
 -18.0	29.5909
 -17.0	33.3333
 -16.0	31.6
 -15.0	32.5
 -14.0	28.5
 -13.0	33
 -12.0	24.1769
 -11.0	28
 -10.0	22.8333
  -9.0	22
  -8.0	32
  -7.0	33.5
  -6.0	40.5
  -5.0	36.8333
  -4.0	37.25
  -3.0	25.5
  -2.0	29.5333
  -1.0	21.25
   0.0	44.5
   1.0	37
   2.0	28.5
   3.0	33.5
   4.0	23
   5.0	23.5
   6.0	29.5
   7.0	24
   8.0	30
   9.0	27
  10.0	37
  11.0	30.1667
  12.0	35.6667
  13.0	25
  14.0	26.5667
  15.0	18.2
  16.0	36
  17.0	29.1429
  18.0	37.5
  19.0	25
  20.0	33.25
  21.0	30.5
  22.0	34
  23.0	25.0909
  24.0	26.2111
  25.0	31.5
  26.0	31.2
  27.0	25
  28.0	30.5
  29.0	32.9242
  30.0	31
  31.0	27
  32.0	33
  33.0	35.8333
  34.0	24.5769
  35.0	25.5
  36.0	23
  37.0	24
  38.0	32.5
  39.0	36
  40.0	29
  41.0	29
  42.0	23.8333
  43.0	33.6667
  44.0	21.5
  45.0	27.5
  46.0	38.5
  47.0	18.4444
  48.0	25.5
  49.0	31.2917
  50.0	23.5
  51.0	36.3333
  52.0	24
  53.0	36.0667
  54.0	24.5
  55.0	21.5
  56.0	28.3333
  57.0	26
  58.0	17.5
  59.0	30.5
  60.0	26.6
  61.0	25.2111
  62.0	28
  63.0	27.5909
  64.0	25.5
  65.0	14
  66.0	20.5
  67.0	20
  68.0	29.5
  69.0	34.25
  70.0	22.6111
  71.0	18
  72.0	19
  73.0	26
  74.0	24.6667
  75.0	22.5
  76.0	29.5
  77.0	20
  78.0	24
  79.0	21.5
  80.0	32.6678
  81.0	23.5
  82.0	34.2
  83.0	28
  84.0	24
  85.0	24.5
  86.0	31.1111
  87.0	24
  88.0	20.5833
  89.0	33.7
  90.0	29.5
  91.0	21.5
  92.0	25.5667
  93.0	18.5
  94.0	24
  95.0	28.5
  96.0	26.625
  97.0	25.1
  98.0	19.5
  99.0	18.5
 100.0	24.5
 101.0	21
 102.0	29.2778
 103.0	24.0909
 104.0	30.1667
 105.0	21
 106.0	25
 107.0	31
 108.0	14.5
 109.0	24.75
 110.0	26.1429
 111.0	16
 112.0	17.5
 113.0	22.25
 114.0	27.5
 115.0	15.5
 116.0	16
 117.0	23.75
 118.0	21.2
 119.0	25.5
 120.0	24.5
 121.0	22
 122.0	21.5
 123.0	21.5
 124.0	18.8333
 125.0	10.1111
 126.0	20
 127.0	21.5
 128.0	31
 129.0	17.5
 130.0	18.25
 131.0	20.9909
 132.0	27.5
 133.0	23
 134.0	23.7667
 135.0	28.6
 136.0	21.5
 137.0	23.5
 138.0	29.2
 139.0	20
 140.0	28.5
 141.0	22
 142.0	23.125
 143.0	27.625
 144.0	16.0909
 145.0	22
 146.0	16.5
 147.0	26.5
 148.0	25.5
 149.0	20.5
 150.0	29
 151.0	22
 152.0	24.5
 153.0	34
 154.0	23
 155.0	24.95
 156.0	28
 157.0	23
 158.0	22.3333
 159.0	20
 160.0	18.5
 161.0	25
 162.0	20.7361
 163.0	26.7
 164.0	14.3333
 165.0	32.0833
 166.0	29.3333
 167.0	23.5
 168.0	13
 169.0	20.5
 170.0	19.65
 171.0	18.3333
 172.0	26.0103
 173.0	29
 174.0	26
 175.0	28.1667
 176.0	23.5
 177.0	16
 178.0	24
 179.0	17.75
 180.0	19
 181.0	32
 182.0	29.125
 183.0	21.6111
 184.0	19.0909
 185.0	19.5
 186.0	15.3333
 187.0	22
 188.0	20.6667
 189.0	31.5
 190.0	17.125
 191.0	20.25
 192.0	8.2
 193.0	14.5
 194.0	27.2
 195.0	22.5
 196.0	22
 197.0	17.75
 198.0	25.8333
 199.0	25.5
 200.0	19
 201.0	20.3111
 202.0	18.625
 203.0	22.5
 204.0	16
 205.0	19.3333
 206.0	16.5
 207.0	21.5
 208.0	22.5
 209.0	22.0667
 210.0	17
 211.0	20.0833
 212.0	28
 213.0	15
 214.0	25.75
 215.0	23.5
 216.0	17
 217.0	23.5
 218.0	27.0769
 219.0	23.25
 220.0	38
 221.0	22
 222.0	20.625
 223.0	14.5
 224.0	22.5
 225.0	20
 226.0	20
 227.0	22.5
 228.0	24.1667
 229.0	24.7
 230.0	18
 231.0	23
 232.0	20.5
 233.0	18.9242
 234.0	20.5
 235.0	24.5
 236.0	20.5
 237.0	28.625
 238.0	22.5
 239.0	21.25
 240.0	12.5
 241.0	17
 242.0	16.625
 243.0	18
 244.0	28
 245.0	21.75
 246.0	18.6
 247.0	18
 248.0	25.2333
 249.0	23.6
 250.0	25.7
 251.0	24
 252.0	17.3333
 253.0	15
 254.0	19.5
 255.0	21.25
 256.0	21.5
 257.0	23
 258.0	27
 259.0	23.5
 260.0	28.5
 261.0	22.5
 262.0	33.125
 263.0	17
 264.0	15.188
 265.0	21
 266.0	26.7
 267.0	25.5
 268.0	19
 269.0	20
 270.0	19.5
 271.0	22
 272.0	18
 273.0	23.5
 274.0	21.8333
 275.0	12
 276.0	12
 277.0	20.5
 278.0	21
 279.0	17.2778
 280.0	17.5
 281.0	17.75
 282.0	28.625
 283.0	21.1
 284.0	22.125
 285.0	19.6
 286.0	24.5
 287.0	17
 288.0	14.5
 289.0	20
 290.0	27.5
 291.0	11.25
 292.0	17
 293.0	21
 294.0	21
 295.0	19.5
 296.0	20
 297.0	24
 298.0	17
 299.0	21
 300.0	21.8333
 301.0	23.5
 302.0	24.5
 303.0	20.5
 304.0	29
 305.0	18.9444
 306.0	17.0909
 307.0	20.5
 308.0	14.5
 309.0	18
 310.0	18.0769
 311.0	24
 312.0	15.5
 313.0	15
 314.0	25.5
 315.0	19.8333
 316.0	15
 317.0	20.5
 318.0	21.5
 319.0	18
 320.0	25.6
 321.0	20.5
 322.0	20
 323.0	22.5
 324.0	11
 325.0	19.5
 326.0	26
 327.0	18.75
DB 1 MOTIF	AP2C_HUMAN.H11MO.0.A
-325.0	17
-324.0	14.5
-323.0	22
-322.0	19
-321.0	20
-320.0	17
-319.0	17
-318.0	19
-317.0	21.6111
-316.0	15.5
-315.0	23
-314.0	19
-313.0	18
-312.0	17.5
-311.0	22
-310.0	20.5
-309.0	16
-308.0	26
-307.0	16
-306.0	17
-305.0	14
-304.0	19.2
-303.0	21
-302.0	25
-301.0	16.1429
-300.0	26
-299.0	31
-298.0	28
-297.0	13
-296.0	20
-295.0	20
-294.0	17
-293.0	19
-292.0	27
-291.0	15
-290.0	22
-289.0	25
-288.0	19
-287.0	22
-286.0	18
-285.0	25
-284.0	19
-283.0	21
-282.0	20.5
-281.0	23
-280.0	20.5
-279.0	21
-278.0	23
-277.0	21.5
-276.0	16
-275.0	23
-274.0	21.5909
-273.0	19
-272.0	14.5
-271.0	18
-270.0	30.5
-269.0	34.6429
-268.0	21
-267.0	23.5
-266.0	19.5
-265.0	31.25
-264.0	21
-263.0	16.125
-262.0	24
-261.0	25.5
-260.0	18
-259.0	19
-258.0	17.5
-257.0	23
-256.0	24
-255.0	18.0769
-254.0	25
-253.0	21
-252.0	16
-251.0	27
-250.0	23.6667
-249.0	14
-248.0	22.5
-247.0	18
-246.0	17
-245.0	19
-244.0	26
-243.0	25
-242.0	26
-241.0	22
-240.0	27
-239.0	16
-238.0	14.1111
-237.0	30.5
-236.0	19.5
-235.0	28
-234.0	22
-233.0	19
-232.0	14.0909
-231.0	22
-230.0	21.2
-229.0	23.5
-228.0	27
-227.0	17.75
-226.0	25.5
-225.0	20
-224.0	23
-223.0	24
-222.0	23.9444
-221.0	28
-220.0	20
-219.0	14.5
-218.0	22
-217.0	18
-216.0	21
-215.0	24
-214.0	21.5
-213.0	24
-212.0	21
-211.0	21.5769
-210.0	26.7
-209.0	18
-208.0	19
-207.0	22
-206.0	24.1429
-205.0	20
-204.0	22
-203.0	25
-202.0	18
-201.0	26
-200.0	22.625
-199.0	26.5
-198.0	22.5
-197.0	20
-196.0	20
-195.0	24
-194.0	24.6111
-193.0	25
-192.0	21
-191.0	30.5
-190.0	19.5909
-189.0	27
-188.0	17
-187.0	26
-186.0	25
-185.0	25
-184.0	20.5
-183.0	27
-182.0	26.6111
-181.0	29.5
-180.0	19.5
-179.0	31
-178.0	22.7
-177.0	24
-176.0	20.5
-175.0	29.1429
-174.0	26.2
-173.0	19.5
-172.0	25.8333
-171.0	30.5
-170.0	23.5
-169.0	28.5
-168.0	14.5
-167.0	19.0769
-166.0	31
-165.0	24
-164.0	26
-163.0	21.5
-162.0	25.75
-161.0	16
-160.0	17
-159.0	31
-158.0	20.5
-157.0	29
-156.0	21
-155.0	35
-154.0	22
-153.0	26
-152.0	29.5
-151.0	23.5
-150.0	25.1111
-149.0	29
-148.0	19.0909
-147.0	28
-146.0	25
-145.0	22
-144.0	20
-143.0	21
-142.0	17.6111
-141.0	16
-140.0	30.5
-139.0	24
-138.0	27.75
-137.0	22.125
-136.0	29.5
-135.0	33.5
-134.0	26
-133.0	29.5
-132.0	31
-131.0	16.5
-130.0	30.5
-129.0	32
-128.0	22.75
-127.0	26
-126.0	19.5
-125.0	18
-124.0	19
-123.0	25.5769
-122.0	25.8333
-121.0	14.5
-120.0	18
-119.0	20
-118.0	25.2
-117.0	22.5
-116.0	20
-115.0	26.2
-114.0	27
-113.0	26
-112.0	22.5
-111.0	28.5
-110.0	29
-109.0	19.5
-108.0	19.5
-107.0	24.5
-106.0	15.202
-105.0	24
-104.0	22.2
-103.0	14
-102.0	23.1111
-101.0	19.5
-100.0	27
 -99.0	21
 -98.0	18
 -97.0	21.1667
 -96.0	22
 -95.0	25.5
 -94.0	27
 -93.0	19
 -92.0	14
 -91.0	24
 -90.0	31
 -89.0	22.5
 -88.0	20
 -87.0	16
 -86.0	25.5
 -85.0	25
 -84.0	26
 -83.0	23
 -82.0	17
 -81.0	20.5
 -80.0	28.5
 -79.0	16.2198
 -78.0	29
 -77.0	23.5
 -76.0	23
 -75.0	25
 -74.0	28.125
 -73.0	23.5
 -72.0	27.5
 -71.0	30
 -70.0	12.5
 -69.0	28.5
 -68.0	23
 -67.0	20
 -66.0	25.5
 -65.0	32.5
 -64.0	19.0909
 -63.0	19.2
 -62.0	24.4222
 -61.0	28.75
 -60.0	25
 -59.0	26
 -58.0	15.5
 -57.0	23
 -56.0	22
 -55.0	16.5
 -54.0	30.5
 -53.0	20
 -52.0	17.2
 -51.0	27
 -50.0	18
 -49.0	18.5
 -48.0	23
 -47.0	25.5
 -46.0	28.1667
 -45.0	25.3333
 -44.0	25
 -43.0	27.5
 -42.0	11
 -41.0	32.5
 -40.0	23
 -39.0	25
 -38.0	25
 -37.0	19
 -36.0	29
 -35.0	20
 -34.0	27.5
 -33.0	16.5
 -32.0	30
 -31.0	25.5
 -30.0	27
 -29.0	30
 -28.0	29.5
 -27.0	21
 -26.0	26.25
 -25.0	25.5
 -24.0	24
 -23.0	21
 -22.0	27.2909
 -21.0	32.3333
 -20.0	32
 -19.0	29.5
 -18.0	26.1111
 -17.0	18
 -16.0	24.5
 -15.0	19
 -14.0	26.5
 -13.0	19
 -12.0	27
 -11.0	30.5
 -10.0	24
  -9.0	27.5
  -8.0	25.5
  -7.0	28
  -6.0	29.7
  -5.0	30
  -4.0	33.25
  -3.0	35
  -2.0	20
  -1.0	29
   0.0	24.0769
   1.0	24
   2.0	26.5
   3.0	11.5
   4.0	24
   5.0	19.5
   6.0	32.5
   7.0	31
   8.0	25
   9.0	27
  10.0	20
  11.0	26.7
  12.0	21.1429
  13.0	17
  14.0	19
  15.0	29
  16.0	29.5
  17.0	23.1429
  18.0	34.6111
  19.0	32.7
  20.0	23.0909
  21.0	23
  22.0	22
  23.0	20
  24.0	30
  25.0	36
  26.0	25.1111
  27.0	27
  28.0	18
  29.0	27.8333
  30.0	29
  31.0	26
  32.0	34
  33.0	25
  34.0	30
  35.0	18.5
  36.0	33
  37.0	24
  38.0	30
  39.0	22
  40.0	32
  41.0	22.2857
  42.0	32
  43.0	32
  44.0	24.5769
  45.0	19
  46.0	20
  47.0	26
  48.0	26
  49.0	19.5
  50.0	18
  51.0	31
  52.0	22.125
  53.0	24.5
  54.0	21
  55.0	17
  56.0	18.1667
  57.0	17.5
  58.0	28.1111
  59.0	30
  60.0	18.5
  61.0	20
  62.0	23.7909
  63.0	25.5
  64.0	31
  65.0	27
  66.0	20
  67.0	22.1667
  68.0	28.8333
  69.0	26
  70.0	26.254
  71.0	22
  72.0	18
  73.0	24
  74.0	16
  75.0	21
  76.0	17.75
  77.0	27
  78.0	20
  79.0	15.3333
  80.0	21
  81.0	22.1429
  82.0	20
  83.0	32
  84.0	25
  85.0	23
  86.0	17.5
  87.0	24
  88.0	15.0769
  89.0	17
  90.0	18
  91.0	26.5
  92.0	17
  93.0	17
  94.0	24
  95.0	19
  96.0	25
  97.0	25
  98.0	20
  99.0	25.6429
 100.0	20
 101.0	17.2
 102.0	29
 103.0	25
 104.0	20.0909
 105.0	22.2
 106.0	30
 107.0	16.1667
 108.0	28
 109.0	21
 110.0	16.3095
 111.0	21
 112.0	17
 113.0	23
 114.0	20.5
 115.0	16.125
 116.0	29
 117.0	22.5
 118.0	21.5
 119.0	30
 120.0	27
 121.0	16.1429
 122.0	27
 123.0	29.5
 124.0	26
 125.0	28
 126.0	11.5
 127.0	22.3333
 128.0	18.1429
 129.0	28.5
 130.0	21.5
 131.0	24
 132.0	25.5769
 133.0	20.5
 134.0	24
 135.0	24.5
 136.0	26
 137.0	33
 138.0	24.6111
 139.0	13
 140.0	21.5
 141.0	26
 142.0	25
 143.0	23.5
 144.0	20
 145.0	19
 146.0	20.0909
 147.0	18
 148.0	20.2
 149.0	18
 150.0	24
 151.0	24
 152.0	22
 153.0	22.5
 154.0	28.6667
 155.0	17
 156.0	24
 157.0	25.1429
 158.0	15.6667
 159.0	20
 160.0	22
 161.0	19.1429
 162.0	20
 163.0	25
 164.0	24
 165.0	27
 166.0	19
 167.0	20
 168.0	25.5
 169.0	15
 170.0	18
 171.0	22
 172.0	23.5
 173.0	22
 174.0	18.5
 175.0	28.5
 176.0	26.5769
 177.0	26
 178.0	27.125
 179.0	13
 180.0	23
 181.0	25
 182.0	23
 183.0	20.5
 184.0	23
 185.0	25.1111
 186.0	18.1429
 187.0	18
 188.0	18.5
 189.0	17
 190.0	25
 191.0	18.2
 192.0	27
 193.0	18.5
 194.0	14.5
 195.0	20
 196.0	22
 197.0	33
 198.0	17.1667
 199.0	14.5
 200.0	19
 201.0	17.1429
 202.0	20.5
 203.0	16
 204.0	24
 205.0	21
 206.0	16
 207.0	19
 208.0	15
 209.0	26
 210.0	20
 211.0	14.5
 212.0	12
 213.0	23.5
 214.0	22
 215.0	24
 216.0	16
 217.0	13
 218.0	20
 219.0	24
 220.0	20.0769
 221.0	22
 222.0	17
 223.0	23.5
 224.0	23
 225.0	24
 226.0	18.5
 227.0	15.5
 228.0	17
 229.0	16.25
 230.0	16.5
 231.0	38
 232.0	21.5
 233.0	16
 234.0	15
 235.0	24
 236.0	20
 237.0	19.5
 238.0	16.5
 239.0	17
 240.0	25
 241.0	20.125
 242.0	14.6667
 243.0	19
 244.0	18
 245.0	22
 246.0	23
 247.0	23
 248.0	21
 249.0	23.5
 250.0	27.5
 251.0	24
 252.0	30.5
 253.0	26
 254.0	23
 255.0	13
 256.0	18
 257.0	11
 258.0	18
 259.0	23.5
 260.0	22
 261.0	27
 262.0	34
 263.0	20
 264.0	20.0769
 265.0	16
 266.0	20.5
 267.0	25.5
 268.0	26
 269.0	22
 270.0	13
 271.0	21
 272.0	21.5
 273.0	19
 274.0	17.5
 275.0	22
 276.0	22
 277.0	28
 278.0	22.5
 279.0	20
 280.0	17
 281.0	26.6429
 282.0	21
 283.0	21
 284.0	20.5
 285.0	20.1667
 286.0	20
 287.0	19
 288.0	27
 289.0	24
 290.0	20
 291.0	34
 292.0	20.5
 293.0	24.5
 294.0	22
 295.0	22
 296.0	17
 297.0	26
 298.0	22
 299.0	22
 300.0	16.5
 301.0	16
 302.0	23
 303.0	20
 304.0	15.5
 305.0	20
 306.0	14
 307.0	10
 308.0	17.0769
 309.0	16.5
 310.0	21.5
 311.0	24
 312.0	19
 313.0	18
 314.0	16
 315.0	30
 316.0	28
 317.0	19
 318.0	22
 319.0	24
 320.0	16.5
 321.0	30.1429
 322.0	16
 323.0	16
 324.0	22.5
 325.0	14
DB 1 MOTIF	AP2D_HUMAN.H11MO.0.D
-325.0	16
-324.0	9.5
-323.0	15
-322.0	16.5
-321.0	11.5
-320.0	13.5
-319.0	14
-318.0	12
-317.0	12.1667
-316.0	14
-315.0	12.2
-314.0	10.5
-313.0	10
-312.0	16.5
-311.0	16.5
-310.0	14.5714
-309.0	18.5
-308.0	10
-307.0	10
-306.0	23
-305.0	15.5
-304.0	11
-303.0	16
-302.0	12.1429
-301.0	16
-300.0	9
-299.0	11
-298.0	23
-297.0	16
-296.0	14.5
-295.0	8
-294.0	13
-293.0	16
-292.0	16
-291.0	16
-290.0	18
-289.0	18
-288.0	12.5
-287.0	11
-286.0	16.5
-285.0	18
-284.0	11
-283.0	13
-282.0	9
-281.0	12.5
-280.0	12.2
-279.0	11
-278.0	11
-277.0	7
-276.0	13
-275.0	14.3333
-274.0	14
-273.0	12.5
-272.0	8
-271.0	22.5
-270.0	9.5
-269.0	15.5
-268.0	15
-267.0	10
-266.0	15
-265.0	17.5
-264.0	10
-263.0	17
-262.0	12
-261.0	10
-260.0	12
-259.0	9
-258.0	14
-257.0	17
-256.0	16
-255.0	15
-254.0	20
-253.0	14
-252.0	16.1667
-251.0	17
-250.0	15
-249.0	16.5
-248.0	17.1429
-247.0	19
-246.0	9
-245.0	17.2
-244.0	15
-243.0	17
-242.0	9
-241.0	16
-240.0	12
-239.0	15
-238.0	12
-237.0	15.0714
-236.0	8.5
-235.0	17
-234.0	11
-233.0	17.3333
-232.0	12
-231.0	17
-230.0	10.5
-229.0	23
-228.0	11
-227.0	15.5
-226.0	9.5
-225.0	15
-224.0	23
-223.0	21
-222.0	11
-221.0	10.5
-220.0	14
-219.0	18
-218.0	11
-217.0	13
-216.0	21
-215.0	15.5
-214.0	14.3333
-213.0	12
-212.0	14.5
-211.0	16
-210.0	15
-209.0	12.5
-208.0	17.2
-207.0	24.5
-206.0	13
-205.0	13
-204.0	11
-203.0	10.5
-202.0	7
-201.0	12.5714
-200.0	11
-199.0	20
-198.0	14
-197.0	15
-196.0	15
-195.0	13
-194.0	11
-193.0	17
-192.0	9
-191.0	11
-190.0	10
-189.0	12.3333
-188.0	13
-187.0	15
-186.0	8
-185.0	11
-184.0	13
-183.0	13
-182.0	11
-181.0	14
-180.0	13.5
-179.0	18
-178.0	19
-177.0	12
-176.0	13
-175.0	14
-174.0	17
-173.0	24
-172.0	13.5
-171.0	18.5
-170.0	17
-169.0	18
-168.0	17
-167.0	12
-166.0	16
-165.0	16
-164.0	13.0714
-163.0	11
-162.0	10
-161.0	15
-160.0	16
-159.0	15
-158.0	9
-157.0	11
-156.0	10
-155.0	16
-154.0	10.5
-153.0	16.5
-152.0	19
-151.0	16
-150.0	16
-149.0	16
-148.0	11
-147.0	12
-146.0	17
-145.0	14.5
-144.0	12
-143.0	8
-142.0	13
-141.0	16.3333
-140.0	19.1429
-139.0	13
-138.0	15.5
-137.0	15
-136.0	16
-135.0	15.5333
-134.0	12
-133.0	18
-132.0	16.5
-131.0	21.5
-130.0	13.75
-129.0	14
-128.0	17
-127.0	12
-126.0	15
-125.0	9.5
-124.0	12.5
-123.0	12
-122.0	17
-121.0	23
-120.0	10
-119.0	12
-118.0	7
-117.0	13
-116.0	21.5
-115.0	15
-114.0	15.5
-113.0	6
-112.0	9
-111.0	9
-110.0	12
-109.0	17
-108.0	14
-107.0	14.5
-106.0	14
-105.0	15
-104.0	6
-103.0	15
-102.0	14
-101.0	13
-100.0	19.1667
 -99.0	18.6667
 -98.0	11
 -97.0	15
 -96.0	13
 -95.0	20.5
 -94.0	14
 -93.0	15.3333
 -92.0	14
 -91.0	12
 -90.0	11.0714
 -89.0	18
 -88.0	17
 -87.0	15.3333
 -86.0	20.254
 -85.0	5
 -84.0	20
 -83.0	13
 -82.0	19
 -81.0	21
 -80.0	13
 -79.0	15
 -78.0	16
 -77.0	14
 -76.0	7
 -75.0	16
 -74.0	21
 -73.0	10.5
 -72.0	15
 -71.0	13
 -70.0	14
 -69.0	15
 -68.0	10
 -67.0	18.3333
 -66.0	12
 -65.0	13.5
 -64.0	14.1667
 -63.0	17
 -62.0	12
 -61.0	17
 -60.0	18
 -59.0	14
 -58.0	17.2
 -57.0	10.3333
 -56.0	16.25
 -55.0	19
 -54.0	15
 -53.0	12.0714
 -52.0	14
 -51.0	13
 -50.0	12
 -49.0	13
 -48.0	16.1667
 -47.0	15.3333
 -46.0	11
 -45.0	8
 -44.0	16
 -43.0	11
 -42.0	18
 -41.0	16
 -40.0	16.5
 -39.0	25
 -38.0	20
 -37.0	19.5
 -36.0	18
 -35.0	19.25
 -34.0	19.25
 -33.0	20.5
 -32.0	7.14286
 -31.0	29
 -30.0	20
 -29.0	18
 -28.0	23.75
 -27.0	15
 -26.0	15.5
 -25.0	19
 -24.0	19
 -23.0	21.3333
 -22.0	21
 -21.0	15
 -20.0	17
 -19.0	19
 -18.0	26
 -17.0	25.5
 -16.0	20
 -15.0	9
 -14.0	25.75
 -13.0	21.1111
 -12.0	26
 -11.0	17
 -10.0	14
  -9.0	23.5
  -8.0	18.5
  -7.0	28
  -6.0	25
  -5.0	20.5
  -4.0	21.8333
  -3.0	20.2
  -2.0	21
  -1.0	17.5
   0.0	22
   1.0	17
   2.0	28.3333
   3.0	16.5
   4.0	19
   5.0	14
   6.0	22
   7.0	19.25
   8.0	21
   9.0	23
  10.0	19
  11.0	20.7
  12.0	14
  13.0	22
  14.0	15.8333
  15.0	19
  16.0	22
  17.0	16
  18.0	16.3333
  19.0	19
  20.0	14.25
  21.0	19.4048
  22.0	23
  23.0	22.1111
  24.0	13.3333
  25.0	13
  26.0	21.1667
  27.0	19
  28.0	29.5
  29.0	22
  30.0	30.6667
  31.0	16
  32.0	16
  33.0	19
  34.0	23
  35.0	20
  36.0	15
  37.0	14.5
  38.0	19
  39.0	29.125
  40.0	25
  41.0	12
  42.0	13
  43.0	21
  44.0	16
  45.0	16.5
  46.0	13
  47.0	17
  48.0	10
  49.0	22
  50.0	14.5
  51.0	22.5
  52.0	19
  53.0	12
  54.0	16.1667
  55.0	14.5
  56.0	15.5
  57.0	16.5
  58.0	13.0714
  59.0	17
  60.0	16.6111
  61.0	8
  62.0	17
  63.0	16
  64.0	14
  65.0	11
  66.0	17.6667
  67.0	17
  68.0	8
  69.0	15
  70.0	14.5
  71.0	25
  72.0	10
  73.0	16.2
  74.0	9.25
  75.0	16
  76.0	12.1429
  77.0	13
  78.0	15
  79.0	11.7917
  80.0	17
  81.0	8.33333
  82.0	17
  83.0	13
  84.0	10
  85.0	11
  86.0	13
  87.0	15
  88.0	10
  89.0	18
  90.0	11.75
  91.0	15.5
  92.0	17
  93.0	17
  94.0	14
  95.0	12.0714
  96.0	11
  97.0	15
  98.0	14
  99.0	12
 100.0	22
 101.0	12.5
 102.0	6
 103.0	11.5
 104.0	15
 105.0	5.16667
 106.0	19
 107.0	11
 108.0	7.33333
 109.0	15
 110.0	14
 111.0	21
 112.0	9
 113.0	13
 114.0	19
 115.0	16
 116.0	8
 117.0	4
 118.0	20.5
 119.0	5.125
 120.0	13.5
 121.0	11.5
 122.0	16
 123.0	9
 124.0	9
 125.0	18.6667
 126.0	12
 127.0	10.2
 128.0	13
 129.0	12
 130.0	11.6429
 131.0	16
 132.0	17.0714
 133.0	13
 134.0	12.4444
 135.0	19.7
 136.0	14
 137.0	16.5
 138.0	11
 139.0	12
 140.0	10
 141.0	15
 142.0	18
 143.0	9
 144.0	6.5
 145.0	10
 146.0	20
 147.0	13
 148.0	15
 149.0	10.5
 150.0	13
 151.0	14
 152.0	21
 153.0	15
 154.0	15
 155.0	9
 156.0	12.1667
 157.0	11
 158.0	14
 159.0	13.325
 160.0	16.25
 161.0	17
 162.0	15
 163.0	13
 164.0	14.5
 165.0	11.3333
 166.0	14
 167.0	13
 168.0	15.3333
 169.0	12.5714
 170.0	14
 171.0	8.11111
 172.0	11.5
 173.0	16.5
 174.0	14
 175.0	10.5
 176.0	3
 177.0	7
 178.0	14.5
 179.0	16
 180.0	9
 181.0	5
 182.0	8.5
 183.0	18
 184.0	12
 185.0	13
 186.0	7
 187.0	8
 188.0	13.1667
 189.0	16
 190.0	9
 191.0	11.2
 192.0	12.5
 193.0	12
 194.0	18
 195.0	9
 196.0	17
 197.0	10.2
 198.0	11
 199.0	12.125
 200.0	13
 201.0	15
 202.0	14.5
 203.0	12.3333
 204.0	11.3333
 205.0	10
 206.0	8.07143
 207.0	15
 208.0	8
 209.0	13
 210.0	15.3333
 211.0	12
 212.0	7
 213.0	8
 214.0	17.5
 215.0	10
 216.0	14.3333
 217.0	11
 218.0	13
 219.0	11.3333
 220.0	8.33333
 221.0	13
 222.0	16
 223.0	13.5
 224.0	7.16667
 225.0	15
 226.0	14.5
 227.0	10.25
 228.0	10
 229.0	15
 230.0	15.5
 231.0	17.5
 232.0	17
 233.0	13
 234.0	13.5
 235.0	14
 236.0	9
 237.0	14
 238.0	14
 239.0	12.125
 240.0	10.5
 241.0	14
 242.0	14.5
 243.0	21.5714
 244.0	9.5
 245.0	13.1111
 246.0	11
 247.0	13
 248.0	5
 249.0	14
 250.0	17.8333
 251.0	13
 252.0	7
 253.0	12
 254.0	20
 255.0	20
 256.0	10.3333
 257.0	13
 258.0	6
 259.0	18.2
 260.0	7.66667
 261.0	13
 262.0	12
 263.0	8
 264.0	6
 265.0	16
 266.0	14.5
 267.0	10.5
 268.0	11
 269.0	5
 270.0	13
 271.0	7
 272.0	12
 273.0	8.83333
 274.0	7
 275.0	8
 276.0	14
 277.0	15
 278.0	14.5
 279.0	16.125
 280.0	5.57143
 281.0	12
 282.0	10.1111
 283.0	17
 284.0	9
 285.0	12
 286.0	11
 287.0	14
 288.0	6
 289.0	16.8333
 290.0	12
 291.0	5
 292.0	14.3333
 293.0	13
 294.0	5
 295.0	12
 296.0	14.3333
 297.0	9
 298.0	17
 299.0	17
 300.0	19
 301.0	5
 302.0	11
 303.0	12.5
 304.0	19
 305.0	13
 306.0	13
 307.0	8
 308.0	12.5
 309.0	8
 310.0	11
 311.0	12
 312.0	18
 313.0	14
 314.0	10
 315.0	11
 316.0	9
 317.0	12
 318.0	14
 319.0	15.2361
 320.0	16
 321.0	13.5
 322.0	20
 323.0	13
 324.0	21
 325.0	8
DB 1 MOTIF	ARNT2_HUMAN.H11MO.0.D
-326.0	32.1429
-325.0	25
-324.0	25.3333
-323.0	24.5
-322.0	21
-321.0	29.5
-320.0	24.3333
-319.0	19.0909
-318.0	29
-317.0	26
-316.0	24
-315.0	25.6667
-314.0	20.225
-313.0	21.325
-312.0	29
-311.0	20
-310.0	27
-309.0	14
-308.0	29.6667
-307.0	25
-306.0	25.5
-305.0	26.5
-304.0	22
-303.0	35
-302.0	16
-301.0	27
-300.0	22
-299.0	17
-298.0	23
-297.0	26
-296.0	28.5
-295.0	16.5
-294.0	29
-293.0	19
-292.0	25
-291.0	22.5
-290.0	28
-289.0	19
-288.0	22
-287.0	22
-286.0	22
-285.0	20
-284.0	30
-283.0	26
-282.0	25.5
-281.0	18
-280.0	21
-279.0	37.1429
-278.0	18.5
-277.0	22.0909
-276.0	21.5
-275.0	30.1667
-274.0	22
-273.0	23
-272.0	24.5
-271.0	17.7
-270.0	24
-269.0	16
-268.0	18.1111
-267.0	23.8333
-266.0	20.0909
-265.0	17.3333
-264.0	27.5
-263.0	29
-262.0	27
-261.0	17
-260.0	24.5
-259.0	28
-258.0	31
-257.0	23.3333
-256.0	22
-255.0	24.1667
-254.0	23
-253.0	20
-252.0	21.5
-251.0	38.1833
-250.0	26
-249.0	31
-248.0	16
-247.0	25
-246.0	28
-245.0	29
-244.0	24
-243.0	16
-242.0	21.5
-241.0	14.5
-240.0	21
-239.0	24.625
-238.0	29
-237.0	26.1
-236.0	17
-235.0	27.0909
-234.0	24.3333
-233.0	24
-232.0	25.1429
-231.0	34
-230.0	17
-229.0	29.6667
-228.0	20
-227.0	21.25
-226.0	24
-225.0	28.5
-224.0	24.3409
-223.0	28
-222.0	26.5
-221.0	22.9444
-220.0	26
-219.0	22
-218.0	16.5
-217.0	18.5
-216.0	23
-215.0	30
-214.0	31.3333
-213.0	23.1111
-212.0	24.3333
-211.0	25.25
-210.0	20.5
-209.0	29.4762
-208.0	27
-207.0	24
-206.0	29
-205.0	24
-204.0	28
-203.0	30
-202.0	25.5
-201.0	20
-200.0	29
-199.0	32
-198.0	19.5
-197.0	20
-196.0	28.3095
-195.0	22.3333
-194.0	19.5
-193.0	21.5909
-192.0	17.5
-191.0	24
-190.0	23
-189.0	30.5
-188.0	23.1
-187.0	17
-186.0	18.5
-185.0	25.619
-184.0	32.1111
-183.0	21.6
-182.0	26.0909
-181.0	23
-180.0	20.6667
-179.0	26
-178.0	18
-177.0	28.75
-176.0	27
-175.0	24
-174.0	17
-173.0	29.25
-172.0	22
-171.0	21
-170.0	26
-169.0	30
-168.0	25
-167.0	27.5
-166.0	22.6667
-165.0	28.8333
-164.0	22.2917
-163.0	29.8333
-162.0	23
-161.0	31.125
-160.0	26
-159.0	32.25
-158.0	32
-157.0	26
-156.0	27.1667
-155.0	24.6111
-154.0	28
-153.0	23.5
-152.0	26
-151.0	22.0909
-150.0	27
-149.0	18
-148.0	19.3333
-147.0	26.5333
-146.0	18
-145.0	21
-144.0	21
-143.0	29
-142.0	43.8333
-141.0	17.875
-140.0	23.0909
-139.0	25
-138.0	25.1429
-137.0	31.5
-136.0	26
-135.0	29
-134.0	23
-133.0	22.5
-132.0	22
-131.0	33
-130.0	19.125
-129.0	24.1
-128.0	26.1429
-127.0	23.1111
-126.0	22.1111
-125.0	28.1
-124.0	32
-123.0	27.5
-122.0	29.0833
-121.0	24
-120.0	24
-119.0	25
-118.0	31
-117.0	31
-116.0	28
-115.0	19.1667
-114.0	23
-113.0	27
-112.0	28
-111.0	26
-110.0	17.1667
-109.0	25.4242
-108.0	26.625
-107.0	28
-106.0	22.3333
-105.0	26.5
-104.0	23.2
-103.0	23.3095
-102.0	22
-101.0	20
-100.0	21
 -99.0	25
 -98.0	24.2576
 -97.0	22.2361
 -96.0	22
 -95.0	26
 -94.0	31.3333
 -93.0	25
 -92.0	22.5
 -91.0	28.1429
 -90.0	24
 -89.0	21.125
 -88.0	33
 -87.0	28.5
 -86.0	24.25
 -85.0	19.1429
 -84.0	25.8333
 -83.0	25.25
 -82.0	28
 -81.0	28.1667
 -80.0	29.1111
 -79.0	20
 -78.0	34
 -77.0	27
 -76.0	22.5
 -75.0	29.1
 -74.0	21
 -73.0	16.25
 -72.0	24.0833
 -71.0	22.5833
 -70.0	18.6667
 -69.0	21
 -68.0	25.6111
 -67.0	20.5909
 -66.0	22
 -65.0	25
 -64.0	26
 -63.0	27
 -62.0	31.1
 -61.0	25
 -60.0	23
 -59.0	22.7
 -58.0	30.5
 -57.0	20.2917
 -56.0	29.7909
 -55.0	22.8333
 -54.0	22.5
 -53.0	26.25
 -52.0	26.5
 -51.0	26.5
 -50.0	30
 -49.0	25
 -48.0	32.5
 -47.0	26
 -46.0	24.1429
 -45.0	22.5
 -44.0	22.3929
 -43.0	25
 -42.0	28.1429
 -41.0	22
 -40.0	34.1667
 -39.0	31.6111
 -38.0	31
 -37.0	17
 -36.0	27.0833
 -35.0	26
 -34.0	23
 -33.0	29.1111
 -32.0	24
 -31.0	15
 -30.0	26.1667
 -29.0	22
 -28.0	31
 -27.0	29
 -26.0	25
 -25.0	33.5909
 -24.0	18
 -23.0	30
 -22.0	30.5
 -21.0	30.9333
 -20.0	17
 -19.0	31
 -18.0	18.1667
 -17.0	29.5
 -16.0	24.5
 -15.0	27.375
 -14.0	25.7254
 -13.0	28.25
 -12.0	32.5
 -11.0	32
 -10.0	32.6111
  -9.0	17
  -8.0	20.3333
  -7.0	26
  -6.0	37.125
  -5.0	35.5
  -4.0	25.3333
  -3.0	22
  -2.0	21.3333
  -1.0	41
   0.0	30.2262
   1.0	23.1
   2.0	29.8333
   3.0	35
   4.0	23
   5.0	24
   6.0	38
   7.0	42.1429
   8.0	30.5
   9.0	31.25
  10.0	26
  11.0	32.125
  12.0	35.6667
  13.0	34.5
  14.0	31.6111
  15.0	33.5909
  16.0	36
  17.0	28
  18.0	29.6429
  19.0	35.3111
  20.0	28
  21.0	24
  22.0	32.5
  23.0	26.7917
  24.0	32
  25.0	29
  26.0	26.5
  27.0	23
  28.0	29.0909
  29.0	19.625
  30.0	30.6667
  31.0	23.25
  32.0	24
  33.0	31.1
  34.0	31.1667
  35.0	28
  36.0	19.0833
  37.0	24
  38.0	37
  39.0	24.3333
  40.0	38
  41.0	30
  42.0	22.1667
  43.0	36.5
  44.0	32.2
  45.0	26.125
  46.0	28
  47.0	19.5
  48.0	23.5
  49.0	18
  50.0	30.3333
  51.0	31.5
  52.0	23
  53.0	21
  54.0	32.5
  55.0	19
  56.0	17.8333
  57.0	22.5909
  58.0	21.2
  59.0	27.3333
  60.0	23.5
  61.0	26.3611
  62.0	18
  63.0	20.5
  64.0	30.1
  65.0	32.3333
  66.0	27.125
  67.0	28.25
  68.0	34.5
  69.0	29.2
  70.0	28.0909
  71.0	23.5
  72.0	28.5833
  73.0	20
  74.0	27
  75.0	31.6429
  76.0	23.5
  77.0	23
  78.0	23
  79.0	37.5
  80.0	27.5
  81.0	27
  82.0	19.5
  83.0	22
  84.0	23.5
  85.0	25
  86.0	18
  87.0	21.1
  88.0	19.6667
  89.0	16
  90.0	30.5
  91.0	20.5
  92.0	23
  93.0	26.5
  94.0	15.2
  95.0	24.5
  96.0	26.625
  97.0	28.125
  98.0	34
  99.0	38.0909
 100.0	26.1667
 101.0	22.1667
 102.0	23.3333
 103.0	23
 104.0	16
 105.0	18
 106.0	29
 107.0	20
 108.0	26.1944
 109.0	28
 110.0	37.5
 111.0	22.1429
 112.0	20.0909
 113.0	22
 114.0	15
 115.0	30
 116.0	19.3333
 117.0	21
 118.0	29
 119.0	19.2
 120.0	32.75
 121.0	20.5
 122.0	27
 123.0	32
 124.0	33.1429
 125.0	23
 126.0	29.5
 127.0	33.7667
 128.0	29.9583
 129.0	18
 130.0	24
 131.0	30
 132.0	32
 133.0	22.3333
 134.0	28
 135.0	24.5
 136.0	24.125
 137.0	27.3333
 138.0	25
 139.0	19.125
 140.0	25.6667
 141.0	26.7667
 142.0	23.5
 143.0	25.5
 144.0	18.0833
 145.0	20
 146.0	30
 147.0	23.125
 148.0	20.2
 149.0	19
 150.0	27
 151.0	27.5
 152.0	25
 153.0	23.5
 154.0	26.5909
 155.0	22.1111
 156.0	33
 157.0	25
 158.0	31.125
 159.0	14.5
 160.0	22.5
 161.0	26
 162.0	21.1429
 163.0	19.5
 164.0	24.5
 165.0	28.5
 166.0	26.1667
 167.0	28.4762
 168.0	26
 169.0	28.5
 170.0	26.5
 171.0	16.5
 172.0	19.5
 173.0	17
 174.0	22
 175.0	20
 176.0	22
 177.0	19.125
 178.0	18
 179.0	22.1667
 180.0	24.0833
 181.0	19
 182.0	34
 183.0	18.5
 184.0	21
 185.0	30
 186.0	26.5
 187.0	21.5
 188.0	23.3333
 189.0	21.5
 190.0	20.1
 191.0	25
 192.0	16.5
 193.0	25
 194.0	25.3333
 195.0	23.6
 196.0	24.5
 197.0	21.5
 198.0	28.125
 199.0	25
 200.0	19
 201.0	18
 202.0	23
 203.0	19
 204.0	30
 205.0	24.5
 206.0	26.5
 207.0	26
 208.0	28
 209.0	19.1429
 210.0	19
 211.0	31.125
 212.0	33.1429
 213.0	22
 214.0	23
 215.0	25
 216.0	22.0833
 217.0	26
 218.0	24.1667
 219.0	21
 220.0	24
 221.0	19.5
 222.0	27.3333
 223.0	22.5
 224.0	27.1667
 225.0	22.4583
 226.0	24
 227.0	20
 228.0	23
 229.0	28.3333
 230.0	24
 231.0	24
 232.0	33.1667
 233.0	28.3333
 234.0	23.5
 235.0	36
 236.0	24.3333
 237.0	31
 238.0	22
 239.0	22
 240.0	25.1667
 241.0	25
 242.0	28.5
 243.0	17.5
 244.0	27
 245.0	24.5
 246.0	33.5
 247.0	30.5
 248.0	17
 249.0	15.725
 250.0	23
 251.0	24.5
 252.0	28.0833
 253.0	18.1
 254.0	22
 255.0	20
 256.0	17.4583
 257.0	27.6429
 258.0	22
 259.0	29.5
 260.0	23.5
 261.0	31
 262.0	28.5
 263.0	16
 264.0	22
 265.0	24
 266.0	19
 267.0	22
 268.0	29
 269.0	26
 270.0	30
 271.0	24
 272.0	20.5
 273.0	17
 274.0	18
 275.0	28
 276.0	18.5
 277.0	23
 278.0	25
 279.0	20.25
 280.0	25.5
 281.0	19
 282.0	24
 283.0	32.5
 284.0	28
 285.0	28
 286.0	16.125
 287.0	26.5
 288.0	28.0833
 289.0	24
 290.0	23.1667
 291.0	25
 292.0	19.5
 293.0	20.5
 294.0	16
 295.0	21
 296.0	28.1667
 297.0	23
 298.0	19.1667
 299.0	20
 300.0	23
 301.0	25.125
 302.0	34
 303.0	16.5
 304.0	24.5
 305.0	21
 306.0	28
 307.0	19.1429
 308.0	29
 309.0	24
 310.0	18.7
 311.0	22
 312.0	22
 313.0	31
 314.0	21
 315.0	31
 316.0	18.5
 317.0	30
 318.0	26
 319.0	14
 320.0	18
 321.0	21
 322.0	18
 323.0	25.8333
 324.0	26.5833
 325.0	27
 326.0	26.5
DB 1 MOTIF	ARNT_HUMAN.H11MO.0.B
-327.5	17.25
-326.5	29
-325.5	18.0625
-324.5	21.5
-323.5	23.25
-322.5	19
-321.5	19
-320.5	15
-319.5	12.5
-318.5	29
-317.5	21.0714
-316.5	21
-315.5	12
-314.5	19.5
-313.5	17
-312.5	20.5
-311.5	21
-310.5	21.5
-309.5	22.5
-308.5	14
-307.5	25
-306.5	25
-305.5	17
-304.5	21.5
-303.5	20
-302.5	22
-301.5	21.5769
-300.5	14.1667
-299.5	23
-298.5	15
-297.5	19.9583
-296.5	22.5
-295.5	18
-294.5	29.625
-293.5	23.5
-292.5	20.5
-291.5	24.5
-290.5	15.5
-289.5	21.5
-288.5	17
-287.5	26.625
-286.5	17.4673
-285.5	13
-284.5	15.1111
-283.5	21.25
-282.5	23.1111
-281.5	26.5
-280.5	19.5
-279.5	10
-278.5	16
-277.5	22
-276.5	19.7
-275.5	19.5
-274.5	25
-273.5	21.5
-272.5	23.5
-271.5	18
-270.5	26.125
-269.5	18.5
-268.5	15
-267.5	18
-266.5	24
-265.5	19.5
-264.5	19
-263.5	24
-262.5	17
-261.5	21.5
-260.5	24
-259.5	17.0769
-258.5	17
-257.5	27.5
-256.5	14
-255.5	20.3333
-254.5	24
-253.5	16.5
-252.5	17.5
-251.5	7.75
-250.5	27
-249.5	27
-248.5	20
-247.5	12.6339
-246.5	18.3333
-245.5	13
-244.5	16.8095
-243.5	19.6111
-242.5	23.1111
-241.5	13
-240.5	19.5
-239.5	25.5
-238.5	19.8333
-237.5	21.0833
-236.5	20
-235.5	26
-234.5	22.5
-233.5	20.5
-232.5	19.5
-231.5	23
-230.5	24.5
-229.5	17
-228.5	26.6111
-227.5	20.5
-226.5	27.5
-225.5	33.125
-224.5	25
-223.5	19
-222.5	22.2
-221.5	24.3333
-220.5	14.5769
-219.5	19.125
-218.5	20.5
-217.5	17.5214
-216.5	19.3333
-215.5	27.25
-214.5	18
-213.5	25.5
-212.5	28
-211.5	15.7
-210.5	17.6111
-209.5	25.5
-208.5	27.5625
-207.5	20.25
-206.5	23
-205.5	18.5
-204.5	23.5
-203.5	21.5
-202.5	17
-201.5	22
-200.5	16.254
-199.5	17.5
-198.5	17.25
-197.5	28.8333
-196.5	23.8333
-195.5	26.75
-194.5	25
-193.5	26.125
-192.5	22.125
-191.5	16
-190.5	18.7019
-189.5	23
-188.5	20.5
-187.5	22
-186.5	28
-185.5	26.5
-184.5	19.5
-183.5	25.5
-182.5	22
-181.5	17.1111
-180.5	23
-179.5	21
-178.5	26.2
-177.5	18.825
-176.5	16.5
-175.5	20.0769
-174.5	24.1111
-173.5	26.6111
-172.5	22
-171.5	21.3214
-170.5	25
-169.5	17.5208
-168.5	30
-167.5	21.5
-166.5	15
-165.5	28.5
-164.5	20.75
-163.5	27.5
-162.5	25.3333
-161.5	18
-160.5	26
-159.5	13.0833
-158.5	17.9444
-157.5	21.5769
-156.5	30.4679
-155.5	23
-154.5	14.3333
-153.5	17.5
-152.5	18.6111
-151.5	22.5
-150.5	22
-149.5	21.5
-148.5	24.2
-147.5	24.5
-146.5	24.2361
-145.5	20
-144.5	31.375
-143.5	25.3333
-142.5	25.5
-141.5	19.625
-140.5	24
-139.5	24.5
-138.5	22.5
-137.5	17.5
-136.5	23
-135.5	27
-134.5	24
-133.5	13.0769
-132.5	28
-131.5	24
-130.5	18.5625
-129.5	20
-128.5	21.5
-127.5	21.0833
-126.5	21.4
-125.5	20.125
-124.5	20.0769
-123.5	23.2361
-122.5	20.5
-121.5	15.8333
-120.5	26.1111
-119.5	10.125
-118.5	9
-117.5	25
-116.5	21.1111
-115.5	22.0714
-114.5	22
-113.5	20
-112.5	21.1429
-111.5	20.5
-110.5	26
-109.5	14.5
-108.5	23.5
-107.5	17.25
-106.5	19
-105.5	23.1667
-104.5	22
-103.5	19
-102.5	14.5
-101.5	17
-100.5	13.3333
 -99.5	19.5
 -98.5	18.5
 -97.5	19.5
 -96.5	21.2833
 -95.5	17.5
 -94.5	23.1111
 -93.5	15
 -92.5	25.125
 -91.5	23.5497
 -90.5	18
 -89.5	16
 -88.5	16.25
 -87.5	25.3333
 -86.5	19
 -85.5	27.75
 -84.5	24.5
 -83.5	19
 -82.5	23
 -81.5	28.75
 -80.5	22.0714
 -79.5	23
 -78.5	24
 -77.5	12
 -76.5	26.0333
 -75.5	18
 -74.5	26.6111
 -73.5	25.3333
 -72.5	21.7917
 -71.5	22.5
 -70.5	32.5
 -69.5	35.2083
 -68.5	21.6429
 -67.5	22.5
 -66.5	23.6111
 -65.5	23.6111
 -64.5	23.5
 -63.5	25.8333
 -62.5	29
 -61.5	21.125
 -60.5	28
 -59.5	21.125
 -58.5	24.2769
 -57.5	27
 -56.5	20
 -55.5	22
 -54.5	30.625
 -53.5	12
 -52.5	19.5625
 -51.5	34
 -50.5	26.95
 -49.5	21.188
 -48.5	23.3667
 -47.5	21
 -46.5	16.625
 -45.5	25.6667
 -44.5	19
 -43.5	29.625
 -42.5	28
 -41.5	26.0714
 -40.5	10.5
 -39.5	19
 -38.5	15.0833
 -37.5	23
 -36.5	19.3111
 -35.5	30
 -34.5	23.5
 -33.5	22.5
 -32.5	26.5
 -31.5	25
 -30.5	19
 -29.5	20.5
 -28.5	20.3333
 -27.5	23.75
 -26.5	19.0769
 -25.5	20.5
 -24.5	21.1429
 -23.5	31
 -22.5	19
 -21.5	24
 -20.5	26
 -19.5	26
 -18.5	28.3333
 -17.5	17
 -16.5	20.5
 -15.5	28.5
 -14.5	26
 -13.5	22.0625
 -12.5	17.1111
 -11.5	27
 -10.5	21
  -9.5	28.125
  -8.5	29.3333
  -7.5	29.188
  -6.5	24.7778
  -5.5	21.5
  -4.5	28
  -3.5	29.4583
  -2.5	33.5
  -1.5	17
  -0.5	34.5
   0.5	22.1667
   1.5	25
   2.5	23
   3.5	21.5
   4.5	37.5
   5.5	22
   6.5	26.6047
   7.5	21.1944
   8.5	22.5
   9.5	26
  10.5	32.3333
  11.5	18.3333
  12.5	24.5
  13.5	20.5
  14.5	21.625
  15.5	29.5
  16.5	26
  17.5	30
  18.5	27.5
  19.5	26.4167
  20.5	23
  21.5	23.4444
  22.5	21
  23.5	32.2833
  24.5	17.5
  25.5	20.0625
  26.5	32
  27.5	24.1964
  28.5	29.25
  29.5	13.5
  30.5	26.5
  31.5	29.5
  32.5	20.5
  33.5	16.125
  34.5	20.5769
  35.5	24.1111
  36.5	21.0769
  37.5	24.1111
  38.5	24.3333
  39.5	29.6667
  40.5	23.8333
  41.5	23.1111
  42.5	20.5
  43.5	25.5
  44.5	27
  45.5	15.3333
  46.5	23.7778
  47.5	17
  48.5	15.5
  49.5	20.6111
  50.5	17.5
  51.5	18.5
  52.5	22.625
  53.5	19
  54.5	25.0833
  55.5	22
  56.5	20
  57.5	26.2381
  58.5	28.8333
  59.5	27.5
  60.5	11
  61.5	30
  62.5	15.1667
  63.5	19.1429
  64.5	29.2986
  65.5	22
  66.5	20
  67.5	26
  68.5	21.5
  69.5	22.0769
  70.5	17.3333
  71.5	10.5
  72.5	22.5
  73.5	17.5
  74.5	20.5
  75.5	20.8333
  76.5	12.5769
  77.5	19.125
  78.5	25.5
  79.5	24
  80.5	24.625
  81.5	27.2778
  82.5	20
  83.5	32.625
  84.5	18
  85.5	21.25
  86.5	22.4583
  87.5	23
  88.5	13
  89.5	20
  90.5	18
  91.5	18.6111
  92.5	22
  93.5	21.1111
  94.5	23.5
  95.5	21.2222
  96.5	22
  97.5	24.5
  98.5	21.25
  99.5	20
 100.5	17
 101.5	23.625
 102.5	26.0769
 103.5	24.8958
 104.5	13.5
 105.5	25.5
 106.5	15.8333
 107.5	31
 108.5	18
 109.5	13
 110.5	20
 111.5	14
 112.5	32.4167
 113.5	20.6667
 114.5	15
 115.5	21
 116.5	24.5
 117.5	29.5
 118.5	23.9103
 119.5	25
 120.5	16
 121.5	19
 122.5	24.6111
 123.5	22.3333
 124.5	23.2
 125.5	29.1111
 126.5	14
 127.5	23.5
 128.5	23.5
 129.5	17.5
 130.5	17.5
 131.5	18
 132.5	21
 133.5	33.125
 134.5	25.4103
 135.5	13.5
 136.5	20.5
 137.5	17
 138.5	16.2917
 139.5	31.7083
 140.5	27.6111
 141.5	18
 142.5	22.0625
 143.5	13.1111
 144.5	18.5
 145.5	18
 146.5	19.5
 147.5	16.625
 148.5	15
 149.5	20
 150.5	20.3333
 151.5	20.1111
 152.5	19.125
 153.5	24.5
 154.5	23.5
 155.5	19.125
 156.5	23.5833
 157.5	20
 158.5	21.0714
 159.5	17
 160.5	16.0769
 161.5	22
 162.5	25.4583
 163.5	17.5
 164.5	19
 165.5	21.5
 166.5	31
 167.5	14.5769
 168.5	21
 169.5	16.6111
 170.5	21
 171.5	20.1667
 172.5	22.5
 173.5	23.7
 174.5	31.0833
 175.5	25
 176.5	25.5
 177.5	24
 178.5	21
 179.5	23
 180.5	19.1111
 181.5	18.5625
 182.5	26.2
 183.5	20
 184.5	20.1667
 185.5	19
 186.5	25
 187.5	22
 188.5	18
 189.5	15.5
 190.5	16.5
 191.5	19.1667
 192.5	10.2361
 193.5	15
 194.5	12
 195.5	17
 196.5	22
 197.5	21.9048
 198.5	14
 199.5	18
 200.5	20.5
 201.5	22.5
 202.5	14.5769
 203.5	13
 204.5	19.3333
 205.5	29
 206.5	20.5
 207.5	24.5
 208.5	25
 209.5	30.6111
 210.5	16
 211.5	12.5
 212.5	16.5
 213.5	17.1111
 214.5	17
 215.5	19.8333
 216.5	18
 217.5	15.75
 218.5	19
 219.5	19
 220.5	29.8125
 221.5	19.7917
 222.5	19.3333
 223.5	26
 224.5	13
 225.5	30
 226.5	22.5
 227.5	18
 228.5	30.4048
 229.5	22
 230.5	24.125
 231.5	15.5
 232.5	14.5
 233.5	25.25
 234.5	21
 235.5	27
 236.5	19.5
 237.5	18.5
 238.5	24.4444
 239.5	18.25
 240.5	14.1111
 241.5	21.5
 242.5	14
 243.5	20
 244.5	23
 245.5	19.625
 246.5	32
 247.5	23.5
 248.5	20.5
 249.5	19.3333
 250.5	21
 251.5	20.5
 252.5	18.45
 253.5	22
 254.5	25
 255.5	27.1667
 256.5	20
 257.5	20
 258.5	29.3333
 259.5	22.0625
 260.5	15
 261.5	23
 262.5	30
 263.5	30
 264.5	18
 265.5	17.5714
 266.5	22
 267.5	17.5
 268.5	22
 269.5	17.5
 270.5	22.3333
 271.5	22.5
 272.5	20.5
 273.5	29
 274.5	28
 275.5	16
 276.5	18
 277.5	27.8333
 278.5	22
 279.5	9.5
 280.5	17
 281.5	29.25
 282.5	23.5
 283.5	24.25
 284.5	16.5
 285.5	29
 286.5	25
 287.5	22
 288.5	26.5
 289.5	15.1111
 290.5	25.125
 291.5	25.5
 292.5	18.8333
 293.5	9
 294.5	28
 295.5	20.0714
 296.5	20
 297.5	19.5
 298.5	15.125
 299.5	25
 300.5	16
 301.5	18.6111
 302.5	13.5
 303.5	19
 304.5	34.5
 305.5	14.625
 306.5	22.5
 307.5	17.5
 308.5	11.5
 309.5	23
 310.5	19
 311.5	26
 312.5	20.5
 313.5	13.5
 314.5	13.25
 315.5	19.5
 316.5	14
 317.5	19
 318.5	25
 319.5	31
 320.5	28.5
 321.5	16
 322.5	14.6667
 323.5	16.25
 324.5	23
 325.5	24
 326.5	19
 327.5	21
DB 1 MOTIF	ASCL1_HUMAN.H11MO.0.A
-325.0	21
-324.0	20.2
-323.0	21
-322.0	19
-321.0	19.5833
-320.0	28
-319.0	39
-318.0	32
-317.0	25
-316.0	19.5
-315.0	26
-314.0	22.5
-313.0	25.5
-312.0	18
-311.0	16
-310.0	30.7
-309.0	36.5
-308.0	26
-307.0	25.5
-306.0	19
-305.0	22
-304.0	17.5
-303.0	22.3333
-302.0	22.2
-301.0	25.5
-300.0	17
-299.0	19
-298.0	21.5
-297.0	16.2
-296.0	33.7
-295.0	23
-294.0	22.8333
-293.0	23
-292.0	21
-291.0	25
-290.0	20.2
-289.0	19
-288.0	23
-287.0	21
-286.0	20.45
-285.0	22.5
-284.0	20
-283.0	28.1667
-282.0	19
-281.0	30
-280.0	25.5
-279.0	21.8333
-278.0	21
-277.0	27.5
-276.0	20.5
-275.0	22
-274.0	21
-273.0	14.3333
-272.0	18
-271.0	25
-270.0	20.1
-269.0	26
-268.0	25
-267.0	25
-266.0	13.7
-265.0	18.3333
-264.0	21
-263.0	33.5
-262.0	19
-261.0	28
-260.0	30.5
-259.0	27
-258.0	26
-257.0	24.3333
-256.0	24
-255.0	25.125
-254.0	22
-253.0	25.125
-252.0	28
-251.0	17.25
-250.0	30
-249.0	22
-248.0	24
-247.0	26.625
-246.0	22.75
-245.0	29
-244.0	22
-243.0	34.5
-242.0	25
-241.0	18
-240.0	24
-239.0	22
-238.0	25
-237.0	21.8333
-236.0	19
-235.0	20
-234.0	30
-233.0	18
-232.0	20
-231.0	27
-230.0	20.2
-229.0	25.5
-228.0	20
-227.0	17.5
-226.0	24.725
-225.0	28.5
-224.0	23
-223.0	24
-222.0	26
-221.0	17.2
-220.0	18
-219.0	24.3333
-218.0	24
-217.0	19
-216.0	20.25
-215.0	28
-214.0	25
-213.0	18
-212.0	23.125
-211.0	29
-210.0	20.8667
-209.0	21.6429
-208.0	20.2679
-207.0	25.5
-206.0	27
-205.0	24.625
-204.0	25
-203.0	20.25
-202.0	30.625
-201.0	18
-200.0	23
-199.0	26.125
-198.0	18
-197.0	31
-196.0	30.625
-195.0	26
-194.0	25.2
-193.0	11.125
-192.0	24.125
-191.0	25
-190.0	26
-189.0	22.3333
-188.0	34
-187.0	24
-186.0	22
-185.0	28.5
-184.0	30
-183.0	22
-182.0	25.9333
-181.0	24.5
-180.0	34.25
-179.0	23
-178.0	15
-177.0	33.625
-176.0	21.6667
-175.0	24
-174.0	16
-173.0	18
-172.0	17
-171.0	23
-170.0	22.7
-169.0	26
-168.0	33
-167.0	34
-166.0	20.2
-165.0	29.6429
-164.0	19.8333
-163.0	25.4
-162.0	26
-161.0	26.5
-160.0	30.25
-159.0	22
-158.0	23
-157.0	23
-156.0	31.5
-155.0	23.25
-154.0	25.2
-153.0	25.5
-152.0	25
-151.0	30
-150.0	21
-149.0	25
-148.0	23.5
-147.0	21.5
-146.0	33.5
-145.0	26.8095
-144.0	13
-143.0	20
-142.0	14.125
-141.0	29
-140.0	25.3333
-139.0	19
-138.0	19
-137.0	20
-136.0	29
-135.0	28
-134.0	18
-133.0	26.5
-132.0	17
-131.0	24
-130.0	26.3333
-129.0	24.125
-128.0	28
-127.0	37.5
-126.0	27
-125.0	25.5333
-124.0	23.5
-123.0	25
-122.0	29.3333
-121.0	25.6429
-120.0	20
-119.0	25
-118.0	33.3333
-117.0	25.75
-116.0	28.3333
-115.0	20
-114.0	20
-113.0	26.7
-112.0	31
-111.0	21.5
-110.0	34
-109.0	17.5
-108.0	15
-107.0	25.325
-106.0	28
-105.0	20
-104.0	17.5333
-103.0	23
-102.0	26
-101.0	29.3333
-100.0	24
 -99.0	20
 -98.0	32.5333
 -97.0	14
 -96.0	28.2
 -95.0	22
 -94.0	23
 -93.0	18
 -92.0	17
 -91.0	27.4
 -90.0	32
 -89.0	25
 -88.0	24
 -87.0	21.4
 -86.0	17.5
 -85.0	25.2
 -84.0	30
 -83.0	17
 -82.0	21.6429
 -81.0	22
 -80.0	21.5
 -79.0	22.3333
 -78.0	26.3333
 -77.0	33.1429
 -76.0	27
 -75.0	30
 -74.0	29
 -73.0	22
 -72.0	21.625
 -71.0	27
 -70.0	19
 -69.0	23
 -68.0	28.3333
 -67.0	20
 -66.0	32.375
 -65.0	21
 -64.0	32
 -63.0	27
 -62.0	21.5
 -61.0	29
 -60.0	27
 -59.0	21
 -58.0	27.5
 -57.0	17.7
 -56.0	19
 -55.0	21
 -54.0	17.4
 -53.0	32
 -52.0	23
 -51.0	33
 -50.0	25
 -49.0	32.5333
 -48.0	28
 -47.0	22
 -46.0	19
 -45.0	25.5
 -44.0	39.7
 -43.0	20
 -42.0	24.2
 -41.0	26.5
 -40.0	25
 -39.0	22.5
 -38.0	35
 -37.0	22.125
 -36.0	26
 -35.0	25
 -34.0	24
 -33.0	17.6429
 -32.0	25
 -31.0	37
 -30.0	19.45
 -29.0	37.4
 -28.0	23
 -27.0	22
 -26.0	25.5
 -25.0	35
 -24.0	30.2
 -23.0	34
 -22.0	27
 -21.0	21
 -20.0	27
 -19.0	31.1429
 -18.0	27
 -17.0	25.5
 -16.0	28
 -15.0	18.5
 -14.0	30.5
 -13.0	20
 -12.0	27
 -11.0	25
 -10.0	28.5
  -9.0	27
  -8.0	34
  -7.0	27
  -6.0	28
  -5.0	38
  -4.0	25
  -3.0	39
  -2.0	30.125
  -1.0	28.3667
   0.0	34.5
   1.0	25
   2.0	28
   3.0	30
   4.0	27
   5.0	38
   6.0	26
   7.0	21
   8.0	22.5
   9.0	27
  10.0	32
  11.0	27.1429
  12.0	36.5
  13.0	18
  14.0	34
  15.0	26
  16.0	22
  17.0	39.5
  18.0	22.3333
  19.0	23.2
  20.0	32
  21.0	30
  22.0	21
  23.0	27
  24.0	25.75
  25.0	32
  26.0	23.5
  27.0	25.9
  28.0	30.5
  29.0	27.1
  30.0	36.5
  31.0	31
  32.0	28
  33.0	18
  34.0	24.5
  35.0	20
  36.0	22.5
  37.0	25.7
  38.0	22.5
  39.0	31.5
  40.0	24
  41.0	19
  42.0	33
  43.0	22.2
  44.0	29.1429
  45.0	26.5
  46.0	21.5
  47.0	21.5
  48.0	25.25
  49.0	20
  50.0	18
  51.0	17
  52.0	34.5
  53.0	17.5
  54.0	29.5
  55.0	30.1429
  56.0	27
  57.0	29.5
  58.0	23
  59.0	19
  60.0	28.125
  61.0	26
  62.0	23.5
  63.0	17
  64.0	28
  65.0	30.5
  66.0	21
  67.0	22
  68.0	20.5
  69.0	20.1667
  70.0	22
  71.0	37.5
  72.0	25
  73.0	27.1
  74.0	32.5
  75.0	24
  76.0	24.5
  77.0	24
  78.0	32.3333
  79.0	19
  80.0	26
  81.0	35.5
  82.0	20
  83.0	22
  84.0	14.7
  85.0	21.5
  86.0	22
  87.0	28
  88.0	28.1429
  89.0	25.5
  90.0	26
  91.0	22.6429
  92.0	21.5
  93.0	27.5
  94.0	19.3929
  95.0	25
  96.0	20
  97.0	20.1429
  98.0	23
  99.0	18
 100.0	20.1429
 101.0	25
 102.0	21.2
 103.0	22.6429
 104.0	25.3333
 105.0	16
 106.0	19.4762
 107.0	20.1429
 108.0	29
 109.0	31
 110.0	26.2
 111.0	27.2
 112.0	28
 113.0	29
 114.0	20.5
 115.0	27
 116.0	22
 117.0	17.1
 118.0	28.5
 119.0	17
 120.0	25
 121.0	27
 122.0	23
 123.0	33.125
 124.0	27.5
 125.0	25.5
 126.0	33
 127.0	28
 128.0	21
 129.0	26.25
 130.0	25
 131.0	34.5
 132.0	21
 133.0	20
 134.0	20.5
 135.0	26
 136.0	28
 137.0	21
 138.0	18
 139.0	32.5
 140.0	14.2
 141.0	19.5333
 142.0	26
 143.0	27
 144.0	16
 145.0	26.5
 146.0	29.5
 147.0	25
 148.0	23
 149.0	36
 150.0	24
 151.0	21.5
 152.0	29
 153.0	35.5
 154.0	20
 155.0	30
 156.0	31
 157.0	19
 158.0	16
 159.0	26
 160.0	19.5
 161.0	32.1
 162.0	27
 163.0	23.5
 164.0	22.25
 165.0	28.5
 166.0	14
 167.0	29
 168.0	21
 169.0	27.3333
 170.0	14.1429
 171.0	19
 172.0	29
 173.0	19
 174.0	27
 175.0	19
 176.0	32.8333
 177.0	25.7
 178.0	21
 179.0	27
 180.0	24
 181.0	20
 182.0	25
 183.0	24
 184.0	25
 185.0	18
 186.0	25.125
 187.0	20.5
 188.0	23
 189.0	18
 190.0	23.5
 191.0	21.5
 192.0	24.5
 193.0	15
 194.0	16.3333
 195.0	23
 196.0	12
 197.0	32
 198.0	37.7
 199.0	19
 200.0	27.25
 201.0	18
 202.0	26
 203.0	20.5
 204.0	17
 205.0	22.1
 206.0	27
 207.0	20
 208.0	24
 209.0	25
 210.0	28
 211.0	19.5
 212.0	21
 213.0	29.5
 214.0	18
 215.0	21
 216.0	25
 217.0	17.2
 218.0	33
 219.0	24
 220.0	19
 221.0	23.5
 222.0	12
 223.0	26.3333
 224.0	31.5
 225.0	22
 226.0	23
 227.0	25
 228.0	15.5
 229.0	26.5
 230.0	37
 231.0	20.25
 232.0	21
 233.0	25
 234.0	25
 235.0	27
 236.0	24
 237.0	21
 238.0	20
 239.0	20.3333
 240.0	20
 241.0	29.5
 242.0	18.5333
 243.0	25.2
 244.0	33
 245.0	25.0333
 246.0	24
 247.0	27
 248.0	23.2
 249.0	13.225
 250.0	26
 251.0	20.2
 252.0	22
 253.0	19
 254.0	26.5
 255.0	22
 256.0	24.5
 257.0	32.5
 258.0	26
 259.0	22.5
 260.0	26
 261.0	18
 262.0	25
 263.0	24
 264.0	26.5
 265.0	20
 266.0	22
 267.0	23.5
 268.0	26
 269.0	25.8333
 270.0	23.25
 271.0	22
 272.0	22.5
 273.0	21
 274.0	21
 275.0	19.5
 276.0	22.5
 277.0	26
 278.0	20
 279.0	22
 280.0	20
 281.0	26
 282.0	21
 283.0	17
 284.0	27
 285.0	24.2
 286.0	25
 287.0	20
 288.0	15
 289.0	27
 290.0	21
 291.0	27
 292.0	23.5
 293.0	26.4333
 294.0	23
 295.0	16
 296.0	28.5
 297.0	17
 298.0	33
 299.0	13.5
 300.0	27
 301.0	16
 302.0	22
 303.0	19.5
 304.0	29
 305.0	23
 306.0	25.5
 307.0	25.5
 308.0	34
 309.0	31
 310.0	28
 311.0	24
 312.0	23
 313.0	20.5
 314.0	22.7
 315.0	23
 316.0	19
 317.0	21
 318.0	27
 319.0	25.5
 320.0	19
 321.0	23
 322.0	26
 323.0	27.5
 324.0	22
 325.0	23
DB 1 MOTIF	ASCL2_HUMAN.H11MO.0.D
-327.5	31
-326.5	22.5
-325.5	13.5
-324.5	24.2
-323.5	20.1
-322.5	15.75
-321.5	16.3333
-320.5	25.25
-319.5	26.0417
-318.5	32.8333
-317.5	24.8333
-316.5	26
-315.5	26.5
-314.5	25.3333
-313.5	21.8333
-312.5	14.5
-311.5	20
-310.5	23.75
-309.5	27.8167
-308.5	22
-307.5	30.5
-306.5	17.5
-305.5	21
-304.5	24
-303.5	25.05
-302.5	24.7
-301.5	25
-300.5	21.5
-299.5	16.5
-298.5	24.5
-297.5	20.2
-296.5	17.5417
-295.5	25.1667
-294.5	27
-293.5	19.5
-292.5	16.0909
-291.5	21
-290.5	21.5
-289.5	18.7
-288.5	22
-287.5	17.75
-286.5	21
-285.5	24.25
-284.5	27.3333
-283.5	21.1667
-282.5	22.9167
-281.5	22.5
-280.5	25.5417
-279.5	28.1333
-278.5	22.5667
-277.5	17.5
-276.5	20.75
-275.5	19
-274.5	25.5
-273.5	15.0833
-272.5	15.1
-271.5	19
-270.5	27
-269.5	21.6
-268.5	25.8333
-267.5	28.3333
-266.5	22.5833
-265.5	17.2
-264.5	25
-263.5	19.0833
-262.5	24.5
-261.5	12
-260.5	29.75
-259.5	29.4048
-258.5	25.5
-257.5	24.0417
-256.5	22.3333
-255.5	28.6409
-254.5	27.6111
-253.5	23.0714
-252.5	31.5
-251.5	24.5
-250.5	26.25
-249.5	28.3333
-248.5	27
-247.5	22.5
-246.5	25.2917
-245.5	19.65
-244.5	20.8333
-243.5	29
-242.5	19
-241.5	30
-240.5	28.5
-239.5	19.5
-238.5	19.5
-237.5	23.3333
-236.5	26
-235.5	16.8333
-234.5	19.5
-233.5	27.5
-232.5	20.1667
-231.5	24.25
-230.5	23.5214
-229.5	16.5
-228.5	19
-227.5	24.0417
-226.5	18
-225.5	22.6
-224.5	25
-223.5	23.5
-222.5	20.5
-221.5	22.7
-220.5	14
-219.5	21
-218.5	21.5
-217.5	16.9242
-216.5	28.5
-215.5	25.75
-214.5	24.5
-213.5	22
-212.5	13.0667
-211.5	24.125
-210.5	29.5
-209.5	19.2
-208.5	25.1429
-207.5	22.6929
-206.5	29.5
-205.5	19.25
-204.5	23.5417
-203.5	12.5
-202.5	28
-201.5	21.5
-200.5	23.5
-199.5	27.3333
-198.5	25.5
-197.5	24
-196.5	26.8333
-195.5	23
-194.5	31.5
-193.5	18.7
-192.5	16.5
-191.5	20.1111
-190.5	28.5
-189.5	23
-188.5	30.5
-187.5	24.5
-186.5	31
-185.5	28
-184.5	23
-183.5	28.05
-182.5	32.1667
-181.5	27.1417
-180.5	26.8409
-179.5	21.5
-178.5	21.5
-177.5	28.5667
-176.5	20.625
-175.5	30.5
-174.5	17.0714
-173.5	21
-172.5	25.0714
-171.5	23
-170.5	20.6
-169.5	15.1667
-168.5	29
-167.5	29
-166.5	17
-165.5	29.5
-164.5	15.2262
-163.5	20.2
-162.5	23
-161.5	33.5
-160.5	33.25
-159.5	29.5
-158.5	31.5
-157.5	24
-156.5	30
-155.5	26.5
-154.5	28.75
-153.5	28.2
-152.5	29.8333
-151.5	27.5
-150.5	24
-149.5	34.8333
-148.5	17.5417
-147.5	17.5
-146.5	23
-145.5	27.2381
-144.5	24.1429
-143.5	20.6623
-142.5	15.1
-141.5	25.125
-140.5	33
-139.5	21.8333
-138.5	20.5
-137.5	24.5
-136.5	24
-135.5	25.5417
-134.5	26
-133.5	14
-132.5	19
-131.5	23
-130.5	26.5
-129.5	21.5
-128.5	18.1111
-127.5	33
-126.5	30.05
-125.5	24.5
-124.5	18.5
-123.5	30
-122.5	25.8333
-121.5	26
-120.5	22.3143
-119.5	18
-118.5	27.5
-117.5	22.0833
-116.5	19.9333
-115.5	27.3333
-114.5	18.05
-113.5	19.5
-112.5	23.5
-111.5	30.5
-110.5	27.0714
-109.5	20.0417
-108.5	19
-107.5	20.5
-106.5	19.3826
-105.5	31.5
-104.5	29.7
-103.5	21
-102.5	26
-101.5	20.3333
-100.5	24.5
 -99.5	25
 -98.5	31.5
 -97.5	25.2
 -96.5	26.2417
 -95.5	26.5
 -94.5	24
 -93.5	21.2714
 -92.5	18.5
 -91.5	17.7
 -90.5	27
 -89.5	24.5
 -88.5	14.5
 -87.5	36
 -86.5	17.6667
 -85.5	28.0667
 -84.5	25.5
 -83.5	25
 -82.5	19.5
 -81.5	25.3095
 -80.5	27.5
 -79.5	20.4048
 -78.5	24.5
 -77.5	21
 -76.5	28.2262
 -75.5	25
 -74.5	26.5
 -73.5	15.0417
 -72.5	28
 -71.5	27.125
 -70.5	20.1
 -69.5	30.5
 -68.5	24.3833
 -67.5	21.5
 -66.5	29.25
 -65.5	27.1111
 -64.5	23.1714
 -63.5	23.5
 -62.5	27.5
 -61.5	25
 -60.5	23.0417
 -59.5	31.5
 -58.5	24.5
 -57.5	23
 -56.5	15.8333
 -55.5	23
 -54.5	20.7
 -53.5	19.2
 -52.5	29
 -51.5	21.5
 -50.5	26.3333
 -49.5	26.5
 -48.5	27.3333
 -47.5	20.7083
 -46.5	24.6381
 -45.5	20
 -44.5	19.5
 -43.5	27.9167
 -42.5	31.5
 -41.5	21.2
 -40.5	35.5
 -39.5	31.7
 -38.5	22
 -37.5	36.3333
 -36.5	25.3917
 -35.5	30.5
 -34.5	23.05
 -33.5	25.2
 -32.5	29.3929
 -31.5	22.0417
 -30.5	23.7909
 -29.5	28.1167
 -28.5	28.7
 -27.5	19.0333
 -26.5	23.1
 -25.5	26.5
 -24.5	30.2
 -23.5	23.5
 -22.5	35.5
 -21.5	27.5
 -20.5	33
 -19.5	28.9333
 -18.5	30.1429
 -17.5	25.6667
 -16.5	15.5
 -15.5	18.5
 -14.5	31
 -13.5	27.0714
 -12.5	20.5
 -11.5	22.3333
 -10.5	20
  -9.5	26.5
  -8.5	34.0714
  -7.5	28
  -6.5	29.75
  -5.5	22.0417
  -4.5	27.5
  -3.5	31.75
  -2.5	27.1111
  -1.5	27.2917
  -0.5	29
   0.5	32
   1.5	25.05
   2.5	27.5
   3.5	29
   4.5	41.75
   5.5	28.4242
   6.5	21.3333
   7.5	36.8333
   8.5	26.9
   9.5	33
  10.5	25
  11.5	26.1429
  12.5	22.75
  13.5	26
  14.5	28
  15.5	25.5
  16.5	35
  17.5	31
  18.5	17.8333
  19.5	24.6667
  20.5	29.6131
  21.5	22.5714
  22.5	29.5
  23.5	22.5
  24.5	24.25
  25.5	25.05
  26.5	33
  27.5	20.1667
  28.5	29.8333
  29.5	31.6
  30.5	27.5
  31.5	29.1
  32.5	27
  33.5	22
  34.5	23.5
  35.5	26.5
  36.5	22.7
  37.5	24
  38.5	27.5
  39.5	32.8333
  40.5	26.3333
  41.5	16.8333
  42.5	39.2
  43.5	24.0909
  44.5	22.1429
  45.5	15.5714
  46.5	21.875
  47.5	26.8167
  48.5	22.5
  49.5	23.5
  50.5	22
  51.5	25
  52.5	18
  53.5	23.6667
  54.5	23.8333
  55.5	22.1429
  56.5	26.5
  57.5	29.3333
  58.5	17.25
  59.5	27.0417
  60.5	30.6111
  61.5	35
  62.5	16.8333
  63.5	21.5
  64.5	30.5
  65.5	30
  66.5	24.5
  67.5	18.5
  68.5	17.6667
  69.5	20.5
  70.5	22
  71.5	35
  72.5	26.5714
  73.5	24.1
  74.5	22
  75.5	17
  76.5	23.5
  77.5	30
  78.5	22
  79.5	21
  80.5	32
  81.5	23.5
  82.5	23.1
  83.5	17.1667
  84.5	21.6667
  85.5	21.4861
  86.5	31
  87.5	20.5
  88.5	25.9444
  89.5	20.9333
  90.5	17
  91.5	22.1111
  92.5	26.5
  93.5	24.5
  94.5	26.1944
  95.5	20
  96.5	30.0667
  97.5	16.6111
  98.5	15.5
  99.5	19
 100.5	23.1111
 101.5	11.2714
 102.5	27.7
 103.5	23.6111
 104.5	23.8333
 105.5	16.5
 106.5	24.6111
 107.5	27.6429
 108.5	20.5
 109.5	23.8111
 110.5	19
 111.5	25.1667
 112.5	28.5
 113.5	22.0714
 114.5	20.8333
 115.5	19
 116.5	18
 117.5	22.4409
 118.5	18
 119.5	21.8333
 120.5	27
 121.5	24.5417
 122.5	25
 123.5	25.6111
 124.5	31
 125.5	20
 126.5	29
 127.5	18.1
 128.5	22.9048
 129.5	23.25
 130.5	20
 131.5	28.5
 132.5	27.5
 133.5	28.55
 134.5	18.5
 135.5	30
 136.5	17
 137.5	21.5667
 138.5	24.5
 139.5	25.5
 140.5	20.6667
 141.5	16.6667
 142.5	25.5
 143.5	12.8833
 144.5	24
 145.5	29
 146.5	18.5
 147.5	21
 148.5	21.5
 149.5	34.5
 150.5	20.3333
 151.5	29.5
 152.5	22.0714
 153.5	34
 154.5	17.875
 155.5	22.55
 156.5	24.8333
 157.5	12.4048
 158.5	21
 159.5	27
 160.5	16.3333
 161.5	31.1
 162.5	17.0714
 163.5	15
 164.5	27.25
 165.5	19.1
 166.5	23.2
 167.5	25
 168.5	18.6667
 169.5	28.8333
 170.5	17.6429
 171.5	22.5
 172.5	15.5
 173.5	16
 174.5	23.6667
 175.5	27.5
 176.5	28.0333
 177.5	19.3333
 178.5	30.5
 179.5	24.5
 180.5	22.8333
 181.5	26
 182.5	13
 183.5	26.5
 184.5	25.6667
 185.5	20.5
 186.5	27.1111
 187.5	23.5
 188.5	17
 189.5	17
 190.5	21
 191.5	17.7409
 192.5	17
 193.5	18.3333
 194.5	29.8333
 195.5	15
 196.5	18.5
 197.5	28.3333
 198.5	20.3333
 199.5	28.5
 200.5	29.25
 201.5	23
 202.5	26
 203.5	18.0417
 204.5	24.25
 205.5	21.1
 206.5	20.5
 207.5	32.5714
 208.5	20.5
 209.5	20
 210.5	30.5
 211.5	15.5
 212.5	17.5
 213.5	27.5
 214.5	23.3333
 215.5	19.8833
 216.5	26.0417
 217.5	21.5
 218.5	32
 219.5	24.5
 220.5	17.5
 221.5	25
 222.5	22.5
 223.5	26.9
 224.5	23.5
 225.5	17
 226.5	20
 227.5	26.6667
 228.5	24
 229.5	39.5
 230.5	17.25
 231.5	21
 232.5	18.5
 233.5	24.15
 234.5	31.5
 235.5	23.1
 236.5	23.5
 237.5	26
 238.5	17.8333
 239.5	23.5
 240.5	22.5
 241.5	17
 242.5	23.7
 243.5	24
 244.5	22.5
 245.5	15.3333
 246.5	26.5714
 247.5	23.625
 248.5	20.5
 249.5	12.7111
 250.5	24.125
 251.5	10.55
 252.5	22.5
 253.5	22
 254.5	24.5
 255.5	24.8333
 256.5	23.5
 257.5	22
 258.5	32.5
 259.5	25
 260.5	28
 261.5	20.3333
 262.5	24
 263.5	25.75
 264.5	29
 265.5	22.3333
 266.5	20.5
 267.5	21.5
 268.5	22.9583
 269.5	20.3333
 270.5	22.75
 271.5	24.4583
 272.5	16.5
 273.5	28
 274.5	21.125
 275.5	18
 276.5	21
 277.5	18.5
 278.5	26
 279.5	19
 280.5	31.5
 281.5	19.5
 282.5	21
 283.5	20.8333
 284.5	20
 285.5	27.6667
 286.5	20
 287.5	20.55
 288.5	28.5
 289.5	23.5
 290.5	20.5
 291.5	22
 292.5	29.625
 293.5	25.4333
 294.5	23.5
 295.5	22.6298
 296.5	32.3333
 297.5	30
 298.5	24.125
 299.5	18.05
 300.5	26.5
 301.5	17
 302.5	26
 303.5	24.5
 304.5	25
 305.5	24
 306.5	20
 307.5	25
 308.5	28
 309.5	22.5
 310.5	23.8333
 311.5	25
 312.5	20
 313.5	14.5
 314.5	16.1667
 315.5	18
 316.5	22
 317.5	25
 318.5	25.5
 319.5	19.5
 320.5	18.5
 321.5	27.1
 322.5	25
 323.5	24.05
 324.5	23.3333
 325.5	23.6667
 326.5	16
 327.5	26.5
DB 1 MOTIF	ATF6A_HUMAN.H11MO.0.B
-326.0	6
-325.0	9
-324.0	6
-323.0	3
-322.0	11
-321.0	7
-320.0	8
-319.0	3
-318.0	7
-317.0	5.5
-316.0	8
-315.0	4
-314.0	7
-313.0	6
-312.0	6
-311.0	4
-310.0	8.33333
-309.0	8
-308.0	5
-307.0	5
-306.0	4
-305.0	4
-304.0	5
-303.0	4.09091
-302.0	4
-301.0	11
-300.0	6
-299.0	8.16667
-298.0	9
-297.0	9
-296.0	6
-295.0	8
-294.0	8
-293.0	12
-292.0	5
-291.0	3
-290.0	4
-289.0	6
-288.0	0
-287.0	6.11111
-286.0	7
-285.0	6
-284.0	11
-283.0	9.83333
-282.0	8
-281.0	4
-280.0	6
-279.0	6
-278.0	7
-277.0	10
-276.0	7
-275.0	6
-274.0	8
-273.0	5
-272.0	11.3333
-271.0	5
-270.0	8
-269.0	4
-268.0	7
-267.0	4.5
-266.0	6
-265.0	4
-264.0	10
-263.0	8
-262.0	7
-261.0	10
-260.0	6
-259.0	8
-258.0	4
-257.0	7
-256.0	9.33333
-255.0	5
-254.0	3.16667
-253.0	7
-252.0	8
-251.0	6
-250.0	9
-249.0	3.5
-248.0	4
-247.0	8.09091
-246.0	8
-245.0	9.11111
-244.0	6
-243.0	4
-242.0	5
-241.0	7
-240.0	6.2
-239.0	9
-238.0	3.5
-237.0	8
-236.0	5
-235.0	5
-234.0	10
-233.0	9
-232.0	5
-231.0	10
-230.0	7.33333
-229.0	6
-228.0	10
-227.0	7
-226.0	11
-225.0	5
-224.0	7
-223.0	6
-222.0	8
-221.0	8
-220.0	6
-219.0	11
-218.0	9.09091
-217.0	14
-216.0	5
-215.0	7
-214.0	6
-213.0	6
-212.0	8
-211.0	4
-210.0	7
-209.0	5
-208.0	3
-207.0	10
-206.0	4
-205.0	6
-204.0	5.33333
-203.0	6.11111
-202.0	5
-201.0	5
-200.0	10
-199.0	8
-198.0	7
-197.0	4
-196.0	8.33333
-195.0	6
-194.0	10
-193.0	7
-192.0	1
-191.0	9.09091
-190.0	10
-189.0	8
-188.0	4
-187.0	1
-186.0	8
-185.0	6
-184.0	11
-183.0	11
-182.0	12
-181.0	4
-180.0	9
-179.0	8.2
-178.0	10
-177.0	5
-176.0	7
-175.0	4
-174.0	6.2
-173.0	8
-172.0	3
-171.0	12.5
-170.0	5
-169.0	6
-168.0	6
-167.0	7
-166.0	3
-165.0	5
-164.0	7
-163.0	8
-162.0	5
-161.0	6.11111
-160.0	4
-159.0	4
-158.0	8
-157.0	4.5
-156.0	13
-155.0	9.16667
-154.0	8
-153.0	7.5
-152.0	5
-151.0	3
-150.0	12.5
-149.0	11
-148.0	5
-147.0	7
-146.0	5
-145.0	9
-144.0	3
-143.0	3
-142.0	8
-141.0	13
-140.0	9
-139.0	6
-138.0	8.5
-137.0	7
-136.0	4.5
-135.0	11.1429
-134.0	5
-133.0	9
-132.0	10.25
-131.0	6
-130.0	4.2
-129.0	9
-128.0	5.2
-127.0	4
-126.0	3
-125.0	6
-124.0	6
-123.0	9
-122.0	5
-121.0	7
-120.0	6
-119.0	2.11111
-118.0	2.5
-117.0	10
-116.0	8
-115.0	6
-114.0	3
-113.0	7
-112.0	2.5
-111.0	4
-110.0	7
-109.0	7.5
-108.0	4
-107.0	8.5
-106.0	10
-105.0	8
-104.0	10
-103.0	2
-102.0	6
-101.0	6
-100.0	13.3333
 -99.0	3
 -98.0	3.16667
 -97.0	11
 -96.0	1
 -95.0	8
 -94.0	7.25
 -93.0	4
 -92.0	6
 -91.0	6
 -90.0	2
 -89.0	9
 -88.0	5
 -87.0	5
 -86.0	7.2
 -85.0	6
 -84.0	7.5
 -83.0	15
 -82.0	13
 -81.0	7.23377
 -80.0	6
 -79.0	11
 -78.0	11.7
 -77.0	5.27778
 -76.0	9
 -75.0	8.16667
 -74.0	4
 -73.0	3
 -72.0	5.5
 -71.0	13
 -70.0	10
 -69.0	9
 -68.0	9
 -67.0	8
 -66.0	9
 -65.0	11
 -64.0	7.2
 -63.0	10
 -62.0	6
 -61.0	7
 -60.0	0
 -59.0	9
 -58.0	5
 -57.0	5
 -56.0	5.08333
 -55.0	9
 -54.0	7
 -53.0	11
 -52.0	8.09091
 -51.0	2
 -50.0	8
 -49.0	6.5
 -48.0	11
 -47.0	9
 -46.0	7
 -45.0	5
 -44.0	5.5
 -43.0	8.5
 -42.0	6
 -41.0	8.7
 -40.0	8
 -39.0	7
 -38.0	3
 -37.0	13.1667
 -36.0	3
 -35.0	3.16667
 -34.0	11
 -33.0	6
 -32.0	7
 -31.0	2.5
 -30.0	9
 -29.0	9
 -28.0	7.14286
 -27.0	8
 -26.0	7
 -25.0	6.09091
 -24.0	3
 -23.0	6
 -22.0	7
 -21.0	11
 -20.0	9.5
 -19.0	8
 -18.0	8
 -17.0	5.33333
 -16.0	4
 -15.0	5
 -14.0	9.16667
 -13.0	8
 -12.0	11
 -11.0	11.5
 -10.0	11
  -9.0	6
  -8.0	13
  -7.0	9
  -6.0	5
  -5.0	18
  -4.0	12
  -3.0	4
  -2.0	13
  -1.0	7
   0.0	6
   1.0	7.5
   2.0	10
   3.0	7
   4.0	5.09091
   5.0	13.1111
   6.0	6
   7.0	12.8333
   8.0	7
   9.0	7.5
  10.0	10
  11.0	9
  12.0	10.8333
  13.0	15
  14.0	5
  15.0	7
  16.0	8.5
  17.0	10
  18.0	9
  19.0	7
  20.0	10.75
  21.0	9
  22.0	11.2
  23.0	8
  24.0	10
  25.0	1.7
  26.0	5
  27.0	6
  28.0	4
  29.0	10
  30.0	4
  31.0	5
  32.0	9
  33.0	6
  34.0	9
  35.0	7.5
  36.0	10
  37.0	14.1667
  38.0	4
  39.0	8
  40.0	7
  41.0	6.5
  42.0	3
  43.0	6.16667
  44.0	6
  45.0	6
  46.0	8
  47.0	5.11111
  48.0	10
  49.0	9
  50.0	10
  51.0	5
  52.0	8
  53.0	5
  54.0	9.33333
  55.0	5.5
  56.0	5
  57.0	7
  58.0	15
  59.0	10
  60.0	10
  61.0	4
  62.0	5.5
  63.0	6.5
  64.0	8
  65.0	8
  66.0	5
  67.0	7
  68.0	7
  69.0	2.7
  70.0	12
  71.0	7
  72.0	8
  73.0	7
  74.0	8
  75.0	8
  76.0	3
  77.0	7.33333
  78.0	8.14286
  79.0	8
  80.0	7
  81.0	7
  82.0	5
  83.0	8
  84.0	7
  85.0	7.09091
  86.0	8
  87.0	2
  88.0	5
  89.0	4.11111
  90.0	8
  91.0	11
  92.0	7
  93.0	9
  94.0	3
  95.0	9.33333
  96.0	4
  97.0	5
  98.0	5
  99.0	5
 100.0	7
 101.0	6
 102.0	4
 103.0	6
 104.0	9
 105.0	5
 106.0	8.33333
 107.0	3
 108.0	9
 109.0	7
 110.0	4
 111.0	7.16667
 112.0	6
 113.0	10.2
 114.0	4
 115.0	2
 116.0	6
 117.0	6
 118.0	4
 119.0	10
 120.0	10
 121.0	8
 122.0	9
 123.0	6
 124.0	6
 125.0	6
 126.0	5
 127.0	2
 128.0	9.5
 129.0	8
 130.0	4
 131.0	11.1429
 132.0	8
 133.0	6
 134.0	11.5
 135.0	3.2
 136.0	7
 137.0	7
 138.0	3
 139.0	6
 140.0	5
 141.0	9.09091
 142.0	10.1667
 143.0	1
 144.0	8
 145.0	7
 146.0	7
 147.0	3.33333
 148.0	7
 149.0	5
 150.0	8
 151.0	7
 152.0	10
 153.0	6
 154.0	8
 155.0	5
 156.0	10.5
 157.0	8
 158.0	6
 159.0	14
 160.0	4
 161.0	6
 162.0	10.5
 163.0	8
 164.0	12
 165.0	3
 166.0	10
 167.0	6
 168.0	6
 169.0	6
 170.0	3.09091
 171.0	7
 172.0	11.2
 173.0	11
 174.0	1
 175.0	8
 176.0	7
 177.0	6
 178.0	2
 179.0	7
 180.0	7
 181.0	7
 182.0	4
 183.0	2
 184.0	3
 185.0	5.16667
 186.0	5
 187.0	7
 188.0	7
 189.0	7
 190.0	4.5
 191.0	5
 192.0	7.5
 193.0	5
 194.0	8
 195.0	5
 196.0	4
 197.0	10
 198.0	11
 199.0	10
 200.0	8.33333
 201.0	3
 202.0	11
 203.0	3
 204.0	7
 205.0	8
 206.0	13
 207.0	4.5
 208.0	4
 209.0	15
 210.0	4.33333
 211.0	1
 212.0	6
 213.0	3
 214.0	5
 215.0	6
 216.0	11
 217.0	6
 218.0	5
 219.0	5
 220.0	8
 221.0	6.5
 222.0	4
 223.0	3
 224.0	4
 225.0	7
 226.0	6
 227.0	9
 228.0	4
 229.0	9
 230.0	4
 231.0	5.33333
 232.0	4
 233.0	9
 234.0	6
 235.0	4
 236.0	10.1429
 237.0	4
 238.0	8
 239.0	4
 240.0	4
 241.0	7.16667
 242.0	7
 243.0	7
 244.0	8
 245.0	7
 246.0	6
 247.0	5
 248.0	5
 249.0	8
 250.0	6
 251.0	5
 252.0	7
 253.0	11
 254.0	4
 255.0	6
 256.0	6
 257.0	11.5
 258.0	6
 259.0	2
 260.0	5
 261.0	5
 262.0	3
 263.0	5
 264.0	4
 265.0	8
 266.0	6
 267.0	7
 268.0	1
 269.0	9
 270.0	15
 271.0	3
 272.0	4
 273.0	6
 274.0	7
 275.0	7
 276.0	8
 277.0	6
 278.0	8
 279.0	7
 280.0	5
 281.0	7
 282.0	7
 283.0	5
 284.0	5
 285.0	2
 286.0	9
 287.0	7
 288.0	7
 289.0	8
 290.0	10
 291.0	3
 292.0	5
 293.0	6.5
 294.0	13
 295.0	3
 296.0	6.33333
 297.0	5
 298.0	9
 299.0	6
 300.0	3
 301.0	5
 302.0	7
 303.0	6
 304.0	8
 305.0	3
 306.0	3
 307.0	11
 308.0	8
 309.0	1
 310.0	5
 311.0	8
 312.0	6
 313.0	4
 314.0	8
 315.0	6
 316.0	3
 317.0	4
 318.0	4
 319.0	14
 320.0	2
 321.0	3
 322.0	5
 323.0	2
 324.0	6
 325.0	7.14286
 326.0	7
DB 1 MOTIF	ATOH1_HUMAN.H11MO.0.B
-327.5	21
-326.5	21.3333
-325.5	17.0769
-324.5	20.5
-323.5	18
-322.5	19
-321.5	16.3333
-320.5	21.75
-319.5	27.5417
-318.5	26.5
-317.5	16
-316.5	25.5
-315.5	23.5
-314.5	24.5
-313.5	19.5
-312.5	23
-311.5	21
-310.5	23.5
-309.5	25
-308.5	20.5
-307.5	17.5
-306.5	16
-305.5	25
-304.5	17.5
-303.5	18.5
-302.5	19.5
-301.5	17.5
-300.5	25
-299.5	22.5
-298.5	32.5
-297.5	25.7
-296.5	22.5417
-295.5	22.1667
-294.5	19
-293.5	23.0909
-292.5	18.6
-291.5	19.5
-290.5	22.5
-289.5	25.5
-288.5	21.2
-287.5	19.5
-286.5	23.5
-285.5	11.25
-284.5	19.8333
-283.5	21.4436
-282.5	21.25
-281.5	18
-280.5	23.5417
-279.5	29.5833
-278.5	23
-277.5	15.5
-276.5	20.25
-275.5	19
-274.5	21
-273.5	20.0833
-272.5	20
-271.5	22
-270.5	18.5
-269.5	20.8
-268.5	23.5
-267.5	25.8333
-266.5	11.5833
-265.5	13.5
-264.5	23
-263.5	19.45
-262.5	30.5
-261.5	13.5
-260.5	30.25
-259.5	27.3333
-258.5	23
-257.5	20.0417
-256.5	21.0909
-255.5	21.5
-254.5	20.1111
-253.5	19
-252.5	26
-251.5	27
-250.5	25.25
-249.5	18
-248.5	25.5
-247.5	28.5
-246.5	17.4583
-245.5	25.0833
-244.5	21.8333
-243.5	31.5
-242.5	28
-241.5	24.0769
-240.5	21.5
-239.5	22
-238.5	18
-237.5	16.8333
-236.5	17.6
-235.5	14.5
-234.5	18.5
-233.5	19.5
-232.5	19.1667
-231.5	22
-230.5	20.7
-229.5	16.7
-228.5	19.5
-227.5	14.5417
-226.5	21.5
-225.5	21.1
-224.5	26.5
-223.5	18.7
-222.5	24
-221.5	21.5
-220.5	14.5
-219.5	28
-218.5	17.5909
-217.5	19.8333
-216.5	25.1667
-215.5	19.25
-214.5	18.5
-213.5	25.5
-212.5	19
-211.5	26.125
-210.5	17.5
-209.5	26.5
-208.5	16.5
-207.5	25.6429
-206.5	23.5
-205.5	22.5
-204.5	14.5417
-203.5	19
-202.5	18
-201.5	21
-200.5	13.5
-199.5	19.5769
-198.5	30
-197.5	17.5
-196.5	26
-195.5	15
-194.5	19.5
-193.5	19.8333
-192.5	13.7
-191.5	18.1111
-190.5	24.5
-189.5	14.7
-188.5	15
-187.5	23.5
-186.5	24.5
-185.5	32.5
-184.5	19.5
-183.5	16
-182.5	25.8333
-181.5	24.2326
-180.5	25.35
-179.5	19.5
-178.5	16.5
-177.5	32.5
-176.5	21.125
-175.5	25.5
-174.5	27.5
-173.5	21.5
-172.5	22
-171.5	22
-170.5	16.5
-169.5	19.6667
-168.5	22
-167.5	27.5
-166.5	16
-165.5	32.5
-164.5	20
-163.5	22.1
-162.5	24.5
-161.5	31
-160.5	30
-159.5	28
-158.5	23.5
-157.5	26.0769
-156.5	27
-155.5	19.5
-154.5	27
-153.5	26
-152.5	30
-151.5	15
-150.5	20
-149.5	38
-148.5	20.5417
-147.5	21.1667
-146.5	24.5
-145.5	17.5
-144.5	24.7338
-143.5	15
-142.5	16.5
-141.5	22.125
-140.5	25
-139.5	20.5
-138.5	21
-137.5	29.5
-136.5	22.5
-135.5	22.5417
-134.5	20.5
-133.5	13
-132.5	25
-131.5	18.5
-130.5	19.3333
-129.5	19
-128.5	30.1111
-127.5	28.5
-126.5	23.5
-125.5	26.7
-124.5	18.5
-123.5	24.3333
-122.5	19.8333
-121.5	21.5
-120.5	20
-119.5	20
-118.5	27
-117.5	15.8333
-116.5	21.8333
-115.5	29.7436
-114.5	24
-113.5	9
-112.5	14.5
-111.5	30.5
-110.5	28
-109.5	12.5417
-108.5	24
-107.5	20.5909
-106.5	11.2917
-105.5	30
-104.5	19.5
-103.5	19
-102.5	22
-101.5	21
-100.5	21
 -99.5	23.5
 -98.5	29
 -97.5	21.4333
 -96.5	18.2417
 -95.5	23
 -94.5	20
 -93.5	27.5
 -92.5	21
 -91.5	21.2
 -90.5	25.5
 -89.5	20.5
 -88.5	20.5
 -87.5	22.7
 -86.5	21
 -85.5	16.5
 -84.5	24
 -83.5	25.3667
 -82.5	19.8333
 -81.5	24.1429
 -80.5	21
 -79.5	18.8333
 -78.5	24.8333
 -77.5	25.5
 -76.5	28
 -75.5	22
 -74.5	24
 -73.5	27.6186
 -72.5	20.1667
 -71.5	22.625
 -70.5	20
 -69.5	35
 -68.5	20.8333
 -67.5	21.5
 -66.5	23.25
 -65.5	21.1111
 -64.5	21
 -63.5	21.5
 -62.5	23
 -61.5	25.5
 -60.5	23.0417
 -59.5	34.5
 -58.5	24.5
 -57.5	25.5
 -56.5	22
 -55.5	20
 -54.5	23.5
 -53.5	17
 -52.5	30.8667
 -51.5	21.1667
 -50.5	28
 -49.5	27.7
 -48.5	26.5
 -47.5	22.5417
 -46.5	29
 -45.5	25.5
 -44.5	19
 -43.5	28.1667
 -42.5	22.5
 -41.5	19.4333
 -40.5	30
 -39.5	33
 -38.5	22
 -37.5	35.5
 -36.5	23.125
 -35.5	21.5
 -34.5	20.5
 -33.5	21.1667
 -32.5	25.5
 -31.5	20.7095
 -30.5	20.5
 -29.5	28.7
 -28.5	21.5
 -27.5	23.5
 -26.5	25.5
 -25.5	25
 -24.5	21.5333
 -23.5	25
 -22.5	26.5
 -21.5	25
 -20.5	29
 -19.5	23.6667
 -18.5	26.6429
 -17.5	16.5
 -16.5	18.5
 -15.5	26
 -14.5	21
 -13.5	13.8333
 -12.5	22
 -11.5	18
 -10.5	19.8333
  -9.5	26.5
  -8.5	23
  -7.5	22
  -6.5	23
  -5.5	20.0417
  -4.5	23.5
  -3.5	30
  -2.5	21.1111
  -1.5	20.2917
  -0.5	19
   0.5	24
   1.5	30.5
   2.5	19.5
   3.5	25.5
   4.5	27.0909
   5.5	19.3333
   6.5	25.3333
   7.5	28.3333
   8.5	28.3333
   9.5	24.5
  10.5	25.0769
  11.5	22.5
  12.5	23.6667
  13.5	16.5
  14.5	23.1
  15.5	24
  16.5	27
  17.5	35.3333
  18.5	19.5
  19.5	18.1667
  20.5	20.0417
  21.5	24.5
  22.5	21.5
  23.5	23
  24.5	28.5
  25.5	22
  26.5	24.7
  27.5	20.5
  28.5	23
  29.5	27.1
  30.5	25.5
  31.5	29.5
  32.5	26.5
  33.5	15.6111
  34.5	20
  35.5	23
  36.5	17.5
  37.5	18.3333
  38.5	23.5
  39.5	28
  40.5	22
  41.5	22.3333
  42.5	27.7909
  43.5	25.5
  44.5	22.1429
  45.5	22.5
  46.5	22.5417
  47.5	19.75
  48.5	24
  49.5	33.8333
  50.5	16
  51.5	26
  52.5	20.5769
  53.5	24.5
  54.5	23.3333
  55.5	24
  56.5	21.5
  57.5	21.6111
  58.5	18
  59.5	22.0417
  60.5	22.6111
  61.5	29.5
  62.5	16.5
  63.5	23
  64.5	20.5
  65.5	33.5
  66.5	20
  67.5	21.5
  68.5	23.1667
  69.5	22
  70.5	21.6
  71.5	39
  72.5	22.5
  73.5	19.1
  74.5	26.5
  75.5	27
  76.5	18.5
  77.5	28.6111
  78.5	18.5
  79.5	27.5
  80.5	25
  81.5	20.5
  82.5	21.5
  83.5	26.3333
  84.5	29
  85.5	27.1528
  86.5	32
  87.5	16.5
  88.5	28.1111
  89.5	20.8333
  90.5	14
  91.5	27.6111
  92.5	33
  93.5	17.5
  94.5	22.688
  95.5	23
  96.5	23.5
  97.5	18.1111
  98.5	17.5
  99.5	25
 100.5	19.1111
 101.5	15.5
 102.5	28
 103.5	15.8111
 104.5	21.5
 105.5	19
 106.5	25.6111
 107.5	23.6429
 108.5	14.5
 109.5	29.8111
 110.5	20.5
 111.5	24
 112.5	23
 113.5	28.5
 114.5	20.5
 115.5	19.5
 116.5	21.0909
 117.5	16.1
 118.5	18
 119.5	17.5
 120.5	18.5
 121.5	30.1528
 122.5	30.5
 123.5	25.6111
 124.5	25
 125.5	19.8333
 126.5	30.1
 127.5	16
 128.5	27.1667
 129.5	21.3333
 130.5	22.7
 131.5	25.5
 132.5	20.5
 133.5	27.5
 134.5	15
 135.5	21
 136.5	18.0769
 137.5	21
 138.5	30.5
 139.5	16
 140.5	24.5
 141.5	17.1111
 142.5	30.5
 143.5	17.3333
 144.5	20
 145.5	30.5
 146.5	19
 147.5	27.6667
 148.5	17.5
 149.5	29
 150.5	21
 151.5	28.5
 152.5	20
 153.5	29.5
 154.5	15.875
 155.5	28
 156.5	24.5
 157.5	18.8333
 158.5	15.5
 159.5	21.5
 160.5	26.8333
 161.5	25.1
 162.5	20.5
 163.5	24
 164.5	15
 165.5	22.5
 166.5	24
 167.5	13.5
 168.5	21
 169.5	18
 170.5	23.3429
 171.5	19.5
 172.5	18.5
 173.5	14
 174.5	28.3333
 175.5	26
 176.5	22.2
 177.5	24.5
 178.5	25.5769
 179.5	26.5
 180.5	19.5
 181.5	26
 182.5	17.1
 183.5	25.5
 184.5	26.5
 185.5	21
 186.5	19.6111
 187.5	20
 188.5	21.5
 189.5	18
 190.5	20.0909
 191.5	19
 192.5	16.5
 193.5	21
 194.5	16.5
 195.5	15
 196.5	16.5
 197.5	24
 198.5	20.3333
 199.5	20.8333
 200.5	21
 201.5	23.5
 202.5	22.5
 203.5	11.0417
 204.5	20
 205.5	23.6
 206.5	19
 207.5	28
 208.5	14.5
 209.5	14
 210.5	27
 211.5	13.5
 212.5	12.5
 213.5	24
 214.5	24
 215.5	17
 216.5	21.0417
 217.5	15
 218.5	26.5
 219.5	20
 220.5	25.5
 221.5	25.5
 222.5	21.5
 223.5	28.5
 224.5	24
 225.5	22
 226.5	21
 227.5	17.5
 228.5	24
 229.5	28.5
 230.5	18.25
 231.5	16.5
 232.5	15.5
 233.5	22
 234.5	23.5
 235.5	18
 236.5	23
 237.5	28
 238.5	16.1
 239.5	22.5
 240.5	24
 241.5	20
 242.5	22.5
 243.5	22.2
 244.5	26
 245.5	20
 246.5	24
 247.5	16
 248.5	24.5
 249.5	19.8222
 250.5	23
 251.5	15.5
 252.5	16
 253.5	20
 254.5	15.5
 255.5	29.8333
 256.5	19
 257.5	21.5
 258.5	17
 259.5	18
 260.5	21
 261.5	18.8333
 262.5	24
 263.5	23
 264.5	20.5
 265.5	21.5
 266.5	17
 267.5	18
 268.5	15.5
 269.5	15.5
 270.5	19.5
 271.5	18.5
 272.5	23.5
 273.5	18.6111
 274.5	20.5
 275.5	17.5
 276.5	24
 277.5	15
 278.5	24.5
 279.5	13.5
 280.5	21.8333
 281.5	20.5
 282.5	11.5
 283.5	24
 284.5	21.5
 285.5	25.5
 286.5	25
 287.5	15.5
 288.5	26
 289.5	22.5
 290.5	18.5
 291.5	22
 292.5	26
 293.5	19.2111
 294.5	17.5
 295.5	20.5
 296.5	20
 297.5	25.3333
 298.5	17.5
 299.5	15
 300.5	26.5
 301.5	22
 302.5	18.5
 303.5	23.5
 304.5	17
 305.5	17
 306.5	15
 307.5	29.5
 308.5	21.5
 309.5	22.5
 310.5	22.3333
 311.5	17
 312.5	26.5
 313.5	20
 314.5	14
 315.5	18
 316.5	19
 317.5	23.6111
 318.5	21.5
 319.5	15
 320.5	24.5
 321.5	27
 322.5	32
 323.5	17.5
 324.5	20
 325.5	20.5
 326.5	23.5
 327.5	24
DB 1 MOTIF	BACH1_HUMAN.H11MO.0.A
-325.5	24
-324.5	31.1667
-323.5	30.5
-322.5	22
-321.5	22
-320.5	26
-319.5	24.5
-318.5	18
-317.5	26
-316.5	21.0583
-315.5	21.5
-314.5	21
-313.5	19
-312.5	15.5
-311.5	25
-310.5	22.1667
-309.5	19.8333
-308.5	27.5
-307.5	15
-306.5	24
-305.5	20
-304.5	24.5
-303.5	19
-302.5	16
-301.5	14
-300.5	15
-299.5	19
-298.5	25
-297.5	28
-296.5	23
-295.5	27.6111
-294.5	23.0833
-293.5	18
-292.5	26
-291.5	16
-290.5	27
-289.5	24
-288.5	19
-287.5	19
-286.5	24
-285.5	20
-284.5	22
-283.5	25.125
-282.5	24.1667
-281.5	25.5
-280.5	28
-279.5	18
-278.5	18.5
-277.5	22
-276.5	19
-275.5	20.3333
-274.5	24
-273.5	30.5
-272.5	22.5
-271.5	22
-270.5	21
-269.5	21.5
-268.5	14.5
-267.5	26
-266.5	19.3333
-265.5	29
-264.5	28
-263.5	20
-262.5	24
-261.5	22
-260.5	24.5
-259.5	21.5
-258.5	19.5
-257.5	22
-256.5	18.0833
-255.5	21
-254.5	22
-253.5	21.1111
-252.5	25.5
-251.5	29
-250.5	19.5
-249.5	26
-248.5	29
-247.5	27
-246.5	20
-245.5	21
-244.5	26
-243.5	20
-242.5	28
-241.5	26.5
-240.5	18.0909
-239.5	29
-238.5	21
-237.5	17
-236.5	24
-235.5	21.5
-234.5	24
-233.5	16
-232.5	23.1429
-231.5	21
-230.5	27
-229.5	23.75
-228.5	17
-227.5	15
-226.5	16.5909
-225.5	13.75
-224.5	18.75
-223.5	23.5
-222.5	21.5
-221.5	24
-220.5	28
-219.5	23
-218.5	26.2
-217.5	15
-216.5	28
-215.5	21
-214.5	18
-213.5	25
-212.5	24.0833
-211.5	26.1111
-210.5	23
-209.5	31
-208.5	26.5
-207.5	27
-206.5	18
-205.5	29
-204.5	29
-203.5	26
-202.5	24.1
-201.5	15.3333
-200.5	24
-199.5	34
-198.5	24.0909
-197.5	25.3333
-196.5	18
-195.5	20
-194.5	25
-193.5	29.3333
-192.5	21
-191.5	21
-190.5	17.0833
-189.5	23.1667
-188.5	14
-187.5	21
-186.5	18.2
-185.5	27
-184.5	25.5909
-183.5	18
-182.5	22
-181.5	20.5
-180.5	27
-179.5	28.8333
-178.5	24.7
-177.5	13.75
-176.5	20.5833
-175.5	27.6667
-174.5	28.5
-173.5	23.5
-172.5	23.5
-171.5	21.0833
-170.5	31.2
-169.5	27.4444
-168.5	31.5
-167.5	17
-166.5	20
-165.5	26.225
-164.5	25.5
-163.5	24.5
-162.5	30
-161.5	21
-160.5	20.5
-159.5	24
-158.5	19.5
-157.5	17
-156.5	27.95
-155.5	22
-154.5	29.5
-153.5	19.5
-152.5	26
-151.5	21.5
-150.5	24.5
-149.5	15.8111
-148.5	26
-147.5	18.5
-146.5	26
-145.5	21.2
-144.5	25.5
-143.5	14
-142.5	22
-141.5	19.5
-140.5	35.3333
-139.5	24
-138.5	19.7
-137.5	24.5
-136.5	26
-135.5	33.625
-134.5	25.1667
-133.5	34
-132.5	23.5
-131.5	23.5
-130.5	17.5
-129.5	21.3333
-128.5	21.1
-127.5	24.1111
-126.5	24
-125.5	20
-124.5	14
-123.5	28
-122.5	25
-121.5	24
-120.5	23.5
-119.5	20
-118.5	22.5
-117.5	19
-116.5	24
-115.5	24.5
-114.5	26.1429
-113.5	23.5
-112.5	17
-111.5	25
-110.5	21
-109.5	27
-108.5	24.2
-107.5	15.5
-106.5	26.5
-105.5	26
-104.5	25
-103.5	26.1667
-102.5	19
-101.5	19
-100.5	22
 -99.5	27.5
 -98.5	19.5
 -97.5	29
 -96.5	22.6111
 -95.5	18.5
 -94.5	19
 -93.5	19.8333
 -92.5	28.25
 -91.5	35.25
 -90.5	23
 -89.5	19
 -88.5	22.5833
 -87.5	21.7
 -86.5	20
 -85.5	23.1111
 -84.5	22
 -83.5	25.75
 -82.5	22.1667
 -81.5	17.8929
 -80.5	23.2
 -79.5	18.5
 -78.5	25.7
 -77.5	20
 -76.5	23.5
 -75.5	18
 -74.5	22.5
 -73.5	22
 -72.5	32
 -71.5	29
 -70.5	22.5
 -69.5	28
 -68.5	25
 -67.5	22
 -66.5	23.2
 -65.5	27
 -64.5	28.5
 -63.5	22
 -62.5	25.5
 -61.5	23
 -60.5	32.5
 -59.5	22
 -58.5	19
 -57.5	25
 -56.5	24
 -55.5	19
 -54.5	27.5
 -53.5	24.5
 -52.5	23
 -51.5	29.0833
 -50.5	22
 -49.5	20.5
 -48.5	21.95
 -47.5	28.0833
 -46.5	21.125
 -45.5	27
 -44.5	21
 -43.5	27.7222
 -42.5	25
 -41.5	30.5
 -40.5	20
 -39.5	14.5
 -38.5	27
 -37.5	25.5
 -36.5	25
 -35.5	19
 -34.5	33
 -33.5	30.5
 -32.5	35.5
 -31.5	16
 -30.5	27
 -29.5	20.7833
 -28.5	35
 -27.5	35
 -26.5	17
 -25.5	25
 -24.5	20
 -23.5	16.0909
 -22.5	30
 -21.5	28
 -20.5	19
 -19.5	22
 -18.5	18
 -17.5	15.35
 -16.5	39.125
 -15.5	22.0833
 -14.5	25.75
 -13.5	25
 -12.5	29
 -11.5	19.2
 -10.5	34.5
  -9.5	27.5
  -8.5	24
  -7.5	22.5
  -6.5	26.2
  -5.5	30.5833
  -4.5	34.25
  -3.5	39.8333
  -2.5	26.5
  -1.5	32
  -0.5	38.5
   0.5	22
   1.5	27.5
   2.5	27
   3.5	20.5333
   4.5	25.5909
   5.5	29
   6.5	23
   7.5	21
   8.5	32.5
   9.5	22.6111
  10.5	21
  11.5	24
  12.5	23.5833
  13.5	32
  14.5	15
  15.5	16
  16.5	28
  17.5	29
  18.5	34.0909
  19.5	24
  20.5	23.5
  21.5	40.8333
  22.5	23
  23.5	24.2
  24.5	21.1667
  25.5	21
  26.5	32.0833
  27.5	28
  28.5	33.25
  29.5	29.8333
  30.5	14.5833
  31.5	25.5
  32.5	34
  33.5	27.5
  34.5	24
  35.5	25
  36.5	29.6429
  37.5	29
  38.5	31.1111
  39.5	35
  40.5	21
  41.5	31.5
  42.5	22
  43.5	24
  44.5	13
  45.5	16
  46.5	24.0909
  47.5	24
  48.5	21
  49.5	22
  50.5	19.5
  51.5	19
  52.5	21
  53.5	28
  54.5	27
  55.5	31.1667
  56.5	29
  57.5	26.7
  58.5	25.6
  59.5	27
  60.5	19.5
  61.5	23
  62.5	24.1111
  63.5	21.1667
  64.5	22.3333
  65.5	21
  66.5	20.1429
  67.5	24.5
  68.5	21
  69.5	30
  70.5	30
  71.5	23.5
  72.5	20
  73.5	16.5
  74.5	20
  75.5	26
  76.5	19
  77.5	19.0833
  78.5	23.25
  79.5	29
  80.5	26.6111
  81.5	16
  82.5	25.3333
  83.5	27
  84.5	19.5
  85.5	26
  86.5	26
  87.5	26.5
  88.5	16
  89.5	27.5
  90.5	32.5
  91.5	28
  92.5	23
  93.5	28
  94.5	26.5
  95.5	15.1
  96.5	20.5
  97.5	16
  98.5	20
  99.5	24
 100.5	21
 101.5	23
 102.5	24.5
 103.5	16
 104.5	20.5
 105.5	16
 106.5	13
 107.5	31
 108.5	26.75
 109.5	20.5
 110.5	22
 111.5	26
 112.5	25.5
 113.5	22
 114.5	25
 115.5	22.1111
 116.5	18
 117.5	18
 118.5	22.5833
 119.5	26
 120.5	27
 121.5	21.5
 122.5	23
 123.5	18
 124.5	22.5
 125.5	24
 126.5	33.75
 127.5	26
 128.5	19.5
 129.5	16
 130.5	29.5
 131.5	28
 132.5	20.1
 133.5	22
 134.5	17
 135.5	21.5
 136.5	20.5
 137.5	20
 138.5	24
 139.5	33.0909
 140.5	23
 141.5	31.5
 142.5	23
 143.5	19.5
 144.5	24.5
 145.5	23
 146.5	16
 147.5	22.1667
 148.5	22
 149.5	20
 150.5	18
 151.5	28
 152.5	31
 153.5	15.4242
 154.5	27
 155.5	27.1429
 156.5	17.5
 157.5	26
 158.5	21.0833
 159.5	22
 160.5	30
 161.5	22.3333
 162.5	18
 163.5	22
 164.5	20.5
 165.5	25
 166.5	32
 167.5	20.5
 168.5	24.6111
 169.5	18
 170.5	20
 171.5	22.5
 172.5	24.5
 173.5	30.5
 174.5	24
 175.5	15
 176.5	19.5
 177.5	17.5
 178.5	23.5
 179.5	24
 180.5	12
 181.5	19
 182.5	21
 183.5	25
 184.5	19.5
 185.5	16.1429
 186.5	16.5
 187.5	19.0833
 188.5	19.1667
 189.5	19
 190.5	22
 191.5	21
 192.5	30
 193.5	29
 194.5	19
 195.5	29
 196.5	28.5
 197.5	25.5
 198.5	15.5
 199.5	24.0833
 200.5	21.5
 201.5	24.8333
 202.5	24.5
 203.5	22.625
 204.5	33
 205.5	25
 206.5	22
 207.5	25
 208.5	14.5
 209.5	19
 210.5	24
 211.5	14.5
 212.5	21.5
 213.5	28
 214.5	18
 215.5	18.0833
 216.5	18
 217.5	20
 218.5	19
 219.5	25
 220.5	27
 221.5	14.1111
 222.5	17.5
 223.5	17
 224.5	22
 225.5	24
 226.5	21
 227.5	13
 228.5	30
 229.5	29.75
 230.5	23
 231.5	24
 232.5	22
 233.5	26
 234.5	17.5
 235.5	22
 236.5	24.5
 237.5	22
 238.5	23
 239.5	21.0833
 240.5	24.5
 241.5	21.8333
 242.5	25
 243.5	18
 244.5	21
 245.5	19
 246.5	22.5909
 247.5	15.6
 248.5	25
 249.5	24.5
 250.5	24.5
 251.5	22.5
 252.5	19.8333
 253.5	24
 254.5	21
 255.5	16.1667
 256.5	25
 257.5	19.0833
 258.5	22.3333
 259.5	20
 260.5	21
 261.5	24.5
 262.5	18
 263.5	24
 264.5	20
 265.5	17
 266.5	17
 267.5	17.125
 268.5	18
 269.5	22.5
 270.5	19.1667
 271.5	21
 272.5	25.8333
 273.5	21
 274.5	18.1111
 275.5	19
 276.5	25
 277.5	23
 278.5	20
 279.5	21.5
 280.5	24.5
 281.5	23.5
 282.5	24.5
 283.5	18.1
 284.5	18
 285.5	21
 286.5	28.5
 287.5	13
 288.5	26
 289.5	34
 290.5	20
 291.5	17
 292.5	32
 293.5	23
 294.5	9
 295.5	29
 296.5	28.5
 297.5	28
 298.5	21
 299.5	20
 300.5	25.5
 301.5	21.8333
 302.5	21.5
 303.5	22
 304.5	24
 305.5	20
 306.5	20
 307.5	19.3333
 308.5	28.5
 309.5	20
 310.5	25
 311.5	25.1667
 312.5	30.5
 313.5	21.5
 314.5	27
 315.5	25
 316.5	25.3333
 317.5	23
 318.5	23
 319.5	24.5
 320.5	21
 321.5	21.5833
 322.5	34.5
 323.5	21
 324.5	22
 325.5	19.5
DB 1 MOTIF	BHA15_HUMAN.H11MO.0.B
-326.5	27
-325.5	19
-324.5	25.6111
-323.5	22
-322.5	21
-321.5	22.25
-320.5	13.3333
-319.5	35
-318.5	33.0417
-317.5	22
-316.5	22
-315.5	24.5
-314.5	18
-313.5	17
-312.5	21.5
-311.5	15.5
-310.5	20
-309.5	27
-308.5	32
-307.5	17
-306.5	28
-305.5	28.5
-304.5	21.0714
-303.5	14
-302.5	19.3333
-301.5	24.5
-300.5	28
-299.5	16
-298.5	16
-297.5	19
-296.5	22.8667
-295.5	15.375
-294.5	29
-293.5	31
-292.5	20
-291.5	17
-290.5	26.7
-289.5	12
-288.5	23.5
-287.5	22
-286.5	21.25
-285.5	19.5
-284.5	22.7
-283.5	21
-282.5	22.1667
-281.5	20
-280.5	24.8333
-279.5	30.5417
-278.5	24.3333
-277.5	25.8333
-276.5	22
-275.5	22
-274.5	25.3333
-273.5	20.1111
-272.5	18
-271.5	30
-270.5	17.1
-269.5	21
-268.5	22.5
-267.5	20
-266.5	27.8333
-265.5	22.5
-264.5	16.5333
-263.5	24
-262.5	25.5
-261.5	24.5
-260.5	21
-259.5	34.5
-258.5	31
-257.5	24.8333
-256.5	26.0417
-255.5	21.1111
-254.5	27.3333
-253.5	27
-252.5	18
-251.5	23.25
-250.5	19
-249.5	25
-248.5	23.3333
-247.5	20.625
-246.5	24.5
-245.5	32
-244.5	23.5
-243.5	22
-242.5	31
-241.5	22.5
-240.5	28
-239.5	27
-238.5	21
-237.5	21.5
-236.5	26.3333
-235.5	19
-234.5	19.6667
-233.5	26.1667
-232.5	30
-231.5	25
-230.5	14
-229.5	22.2
-228.5	18
-227.5	25
-226.5	18.1417
-225.5	28.5
-224.5	25.2
-223.5	21
-222.5	24.5
-221.5	23
-220.5	29
-219.5	20.3333
-218.5	29.5
-217.5	19
-216.5	16.5833
-215.5	29.6667
-214.5	23
-213.5	23
-212.5	25.125
-211.5	19
-210.5	23
-209.5	25.3095
-208.5	23.1429
-207.5	16.5
-206.5	22
-205.5	28
-204.5	15.5
-203.5	20.5417
-202.5	25
-201.5	18
-200.5	26.1
-199.5	23.5
-198.5	28
-197.5	20
-196.5	21
-195.5	24.5
-194.5	24.2
-193.5	20
-192.5	16.6111
-191.5	24.2
-190.5	20
-189.5	25
-188.5	21.3333
-187.5	27.5
-186.5	23
-185.5	31.5
-184.5	28.4048
-183.5	24
-182.5	25.1
-181.5	26
-180.5	22.0417
-179.5	27.25
-178.5	24
-177.5	22.625
-176.5	30
-175.5	19.3333
-174.5	22.3333
-173.5	23
-172.5	33
-171.5	16.1111
-170.5	18.6667
-169.5	22
-168.5	17
-167.5	18
-166.5	31.5
-165.5	15.6429
-164.5	33.9
-163.5	19
-162.5	20.4
-161.5	31
-160.5	25
-159.5	30.5
-158.5	22.1
-157.5	24
-156.5	28.5
-155.5	25.25
-154.5	22
-153.5	25
-152.5	22.5
-151.5	30
-150.5	29
-149.5	21
-148.5	28.1667
-147.5	16.0417
-146.5	23.5
-145.5	29.1429
-144.5	23.1667
-143.5	27
-142.5	19.125
-141.5	19
-140.5	23.5
-139.5	27
-138.5	25.5
-137.5	24.5
-136.5	24
-135.5	30
-134.5	29.5417
-133.5	19
-132.5	18
-131.5	19
-130.5	32
-129.5	25.1111
-128.5	25
-127.5	28.5
-126.5	21
-125.5	19
-124.5	17.2
-123.5	19.5
-122.5	26.8333
-121.5	29.5873
-120.5	28.5
-119.5	27
-118.5	25
-117.5	22.5
-116.5	30.2667
-115.5	25.0714
-114.5	33
-113.5	23
-112.5	26
-111.5	31.3333
-110.5	25.5
-109.5	34.5
-108.5	23.875
-107.5	14.2917
-106.5	26
-105.5	18
-104.5	21
-103.5	23
-102.5	26
-101.5	25
-100.5	25.8333
 -99.5	24
 -98.5	25
 -97.5	27
 -96.5	25.5
 -95.5	26.2417
 -94.5	25.5
 -93.5	21
 -92.5	24.7
 -91.5	21.5
 -90.5	20.5333
 -89.5	30
 -88.5	33
 -87.5	20.5
 -86.5	25.7
 -85.5	23
 -84.5	25.8667
 -83.5	22
 -82.5	22.6429
 -81.5	20.8333
 -80.5	28
 -79.5	20.5
 -78.5	19
 -77.5	45.1429
 -76.5	21
 -75.5	27.5
 -74.5	26.6
 -73.5	23
 -72.5	23.1667
 -71.5	25.7778
 -70.5	22.5
 -69.5	28.5714
 -68.5	34.5
 -67.5	31.3333
 -66.5	27.1111
 -65.5	25.75
 -64.5	27
 -63.5	30
 -62.5	28
 -61.5	21
 -60.5	21.5
 -59.5	22.0417
 -58.5	33
 -57.5	29
 -56.5	28
 -55.5	26.5
 -54.5	24.7
 -53.5	27
 -52.5	18.1667
 -51.5	27.6667
 -50.5	35
 -49.5	20
 -48.5	27.0333
 -47.5	21.5
 -46.5	28.5417
 -45.5	23
 -44.5	29.1667
 -43.5	19.5
 -42.5	24.5
 -41.5	29
 -40.5	31.3333
 -39.5	29.5
 -38.5	36.3333
 -37.5	20.875
 -36.5	29.5
 -35.5	26.5714
 -34.5	25.75
 -33.5	31.4762
 -32.5	30.2667
 -31.5	36.25
 -30.5	19.0417
 -29.5	28.6667
 -28.5	20.45
 -27.5	32
 -26.5	24
 -25.5	26.5
 -24.5	30
 -23.5	29.5333
 -22.5	29.2
 -21.5	25
 -20.5	35.2778
 -19.5	32.1429
 -18.5	26
 -17.5	21.3333
 -16.5	24
 -15.5	33.8333
 -14.5	20
 -13.5	32.5
 -12.5	25
 -11.5	24
 -10.5	27.2
  -9.5	25
  -8.5	29
  -7.5	30
  -6.5	19
  -5.5	36
  -4.5	32.5417
  -3.5	26.6111
  -2.5	28.125
  -1.5	34.5
  -0.5	33.1667
   0.5	30.0714
   1.5	21.2
   2.5	26
   3.5	30.3333
   4.5	26.7
   5.5	31.5
   6.5	23.8667
   7.5	28
   8.5	39.5
   9.5	30.1
  10.5	31.1429
  11.5	26.1667
  12.5	19.5
  13.5	32
  14.5	32
  15.5	16
  16.5	42
  17.5	24
  18.5	22.1667
  19.5	22
  20.5	23
  21.5	33.0417
  22.5	29
  23.5	29
  24.5	30.0714
  25.5	40.5
  26.5	25
  27.5	19.7
  28.5	26.1
  29.5	24
  30.5	29.1111
  31.5	41
  32.5	25
  33.5	20.3333
  34.5	23
  35.5	17.5
  36.5	27.5
  37.5	29
  38.5	22.3333
  39.5	35
  40.5	21.2
  41.5	30
  42.5	23
  43.5	26.5429
  44.5	27.1667
  45.5	24
  46.5	21
  47.5	25.5417
  48.5	39.25
  49.5	20
  50.5	21
  51.5	23.1
  52.5	24.3333
  53.5	20
  54.5	18.1429
  55.5	22
  56.5	21
  57.5	22.5
  58.5	20
  59.5	19.1111
  60.5	30.0417
  61.5	25.3333
  62.5	20.5
  63.5	20
  64.5	25
  65.5	19.5
  66.5	28
  67.5	18
  68.5	26
  69.5	28.1667
  70.5	38.5
  71.5	26.5
  72.5	20.6
  73.5	21.5
  74.5	26.5
  75.5	24.5
  76.5	27
  77.5	26.5
  78.5	26.5
  79.5	12
  80.5	22
  81.5	26.1111
  82.5	23.2
  83.5	24
  84.5	17.9444
  85.5	35
  86.5	23.5417
  87.5	24.1111
  88.5	21.3333
  89.5	32.5
  90.5	26.1111
  91.5	27.8333
  92.5	25
  93.5	31.0444
  94.5	21.8333
  95.5	29
  96.5	24.1111
  97.5	28
  98.5	16
  99.5	14.1111
 100.5	23.5
 101.5	22.0333
 102.5	18.1111
 103.5	28
 104.5	29
 105.5	24.3111
 106.5	25.6429
 107.5	16
 108.5	18.1111
 109.5	15
 110.5	25.4
 111.5	28.5
 112.5	31
 113.5	26.5
 114.5	18
 115.5	20.5
 116.5	19.1
 117.5	22.5
 118.5	19
 119.5	24
 120.5	24
 121.5	28.5
 122.5	24.1528
 123.5	24
 124.5	18
 125.5	23
 126.5	24
 127.5	20.5
 128.5	13.75
 129.5	27.1667
 130.5	26.3333
 131.5	32
 132.5	22.0714
 133.5	18.8333
 134.5	28
 135.5	22.1
 136.5	26
 137.5	16.5
 138.5	21.5
 139.5	35.2
 140.5	27
 141.5	28
 142.5	20
 143.5	20.5
 144.5	16.5
 145.5	24
 146.5	28
 147.5	19.5
 148.5	26.1667
 149.5	22
 150.5	22
 151.5	22.5
 152.5	33
 153.5	22.3333
 154.5	39.5714
 155.5	24.0417
 156.5	20.8333
 157.5	19
 158.5	24
 159.5	19.3333
 160.5	31.1
 161.5	17.5
 162.5	25.5
 163.5	25
 164.5	22
 165.5	13.5
 166.5	21
 167.5	24
 168.5	22
 169.5	22.1429
 170.5	18.5
 171.5	24
 172.5	15.5
 173.5	24
 174.5	14
 175.5	24.8667
 176.5	24.5
 177.5	31.3
 178.5	23.5
 179.5	28
 180.5	17
 181.5	17
 182.5	25.6667
 183.5	12.5
 184.5	26
 185.5	32.2778
 186.5	18.5
 187.5	26.5
 188.5	24.6667
 189.5	20
 190.5	17
 191.5	16.6667
 192.5	26.1667
 193.5	19
 194.5	14.1667
 195.5	22
 196.5	18
 197.5	26.8667
 198.5	23
 199.5	23.25
 200.5	18
 201.5	17
 202.5	21
 203.5	28.5
 204.5	15.8417
 205.5	19
 206.5	25
 207.5	13
 208.5	28.5
 209.5	34
 210.5	25
 211.5	17.5
 212.5	26.5
 213.5	28.5
 214.5	19.0714
 215.5	23.5
 216.5	17.5
 217.5	22.0417
 218.5	29
 219.5	26
 220.5	19.5
 221.5	16
 222.5	21.5
 223.5	24.8333
 224.5	17.5
 225.5	22
 226.5	12
 227.5	20
 228.5	23.5
 229.5	24
 230.5	25.5
 231.5	24.25
 232.5	26
 233.5	25
 234.5	20.1111
 235.5	18.5
 236.5	24
 237.5	26.5
 238.5	20
 239.5	20.5
 240.5	28
 241.5	28.2
 242.5	20
 243.5	28.5
 244.5	21
 245.5	23
 246.5	19
 247.5	36
 248.5	25.3778
 249.5	13
 250.5	14.0714
 251.5	18.6667
 252.5	11
 253.5	20.5
 254.5	21
 255.5	21
 256.5	26.3333
 257.5	31
 258.5	15
 259.5	24
 260.5	22.5
 261.5	25
 262.5	13
 263.5	26.5
 264.5	30
 265.5	26
 266.5	21.7
 267.5	23
 268.5	21.5
 269.5	23.4167
 270.5	19.3333
 271.5	16
 272.5	28.1667
 273.5	24
 274.5	25
 275.5	23
 276.5	17.5
 277.5	25
 278.5	16.5
 279.5	30
 280.5	25
 281.5	18.5
 282.5	20
 283.5	16.5
 284.5	27.2
 285.5	17
 286.5	25.5714
 287.5	20.5
 288.5	20
 289.5	21
 290.5	18
 291.5	30
 292.5	19.1
 293.5	21.1667
 294.5	15.5
 295.5	25.6667
 296.5	23.6667
 297.5	31
 298.5	25.0714
 299.5	22
 300.5	20
 301.5	33
 302.5	15.5
 303.5	16
 304.5	26
 305.5	19
 306.5	20
 307.5	17
 308.5	24
 309.5	18
 310.5	18
 311.5	18
 312.5	26
 313.5	21.2
 314.5	23
 315.5	19
 316.5	14.5
 317.5	18.5
 318.5	23.5
 319.5	26.3333
 320.5	22.5
 321.5	19.5
 322.5	23.5714
 323.5	23.5
 324.5	20
 325.5	22
 326.5	21.5
DB 1 MOTIF	BHE40_HUMAN.H11MO.0.A
-327.0	14
-326.0	25.0625
-325.0	16
-324.0	18
-323.0	16.6
-322.0	16.3333
-321.0	25
-320.0	32.25
-319.0	17.5
-318.0	21
-317.0	23.0714
-316.0	19.5
-315.0	15.5
-314.0	33.5
-313.0	24
-312.0	29.75
-311.0	19.5
-310.0	22
-309.0	19.25
-308.0	20
-307.0	26
-306.0	18
-305.0	19
-304.0	24
-303.0	15
-302.0	23.0769
-301.0	23
-300.0	24
-299.0	22
-298.0	22.5
-297.0	19
-296.0	24
-295.0	26.5
-294.0	17.1111
-293.0	22
-292.0	21.5
-291.0	13
-290.0	23.5
-289.0	21.3333
-288.0	26.5
-287.0	17.0625
-286.0	24.0714
-285.0	16.25
-284.0	23.5
-283.0	12.5
-282.0	27
-281.0	23
-280.0	27.3333
-279.0	24
-278.0	26.5
-277.0	15.3333
-276.0	28
-275.0	20.5
-274.0	30.3333
-273.0	23.25
-272.0	13.1
-271.0	9.5
-270.0	28
-269.0	25.1
-268.0	15.3333
-267.0	20.5
-266.0	19
-265.0	32.2
-264.0	17.3409
-263.0	23
-262.0	22
-261.0	20
-260.0	16.1484
-259.0	20.5
-258.0	19
-257.0	29.0909
-256.0	20.2
-255.0	16.1667
-254.0	22.5
-253.0	40.75
-252.0	20.6429
-251.0	17.25
-250.0	31.25
-249.0	31
-248.0	17.0625
-247.0	23.0714
-246.0	24.9444
-245.0	21.1111
-244.0	18
-243.0	22
-242.0	20.3333
-241.0	19
-240.0	23.75
-239.0	31.5
-238.0	26.3333
-237.0	20.5
-236.0	18.5
-235.0	24.5
-234.0	21
-233.0	23
-232.0	19
-231.0	19.0714
-230.0	21.0909
-229.0	16
-228.0	22.5
-227.0	31
-226.0	26
-225.0	27.55
-224.0	21
-223.0	18.5
-222.0	21
-221.0	24.5769
-220.0	26.75
-219.0	14.25
-218.0	22.0769
-217.0	14.5
-216.0	27.1429
-215.0	23.25
-214.0	25
-213.0	21.1111
-212.0	28.1429
-211.0	28.5
-210.0	24
-209.0	27.8534
-208.0	20.2
-207.0	21
-206.0	20
-205.0	32.7159
-204.0	23.25
-203.0	16.5
-202.0	24
-201.0	18.5
-200.0	20
-199.0	23
-198.0	32.5769
-197.0	23.1111
-196.0	17.0909
-195.0	25
-194.0	20.5
-193.0	24
-192.0	9.7
-191.0	23.0769
-190.0	19.5
-189.0	21.5
-188.0	26
-187.0	26.75
-186.0	27.25
-185.0	19.1429
-184.0	19
-183.0	25.5
-182.0	21.6111
-181.0	21.85
-180.0	22
-179.0	20
-178.0	23
-177.0	22.5333
-176.0	20.7769
-175.0	16.0714
-174.0	23.3333
-173.0	23
-172.0	20.1429
-171.0	25.0714
-170.0	22.8054
-169.0	23
-168.0	21
-167.0	25.3333
-166.0	23.5
-165.0	26
-164.0	33.0909
-163.0	25.2
-162.0	18.0909
-161.0	20.1909
-160.0	19.7
-159.0	22
-158.0	24.6538
-157.0	24
-156.0	27.25
-155.0	16
-154.0	19.25
-153.0	12.2
-152.0	31
-151.0	24
-150.0	14
-149.0	23
-148.0	14.1111
-147.0	21.75
-146.0	33.0714
-145.0	22.8333
-144.0	12.25
-143.0	23
-142.0	25
-141.0	26
-140.0	26
-139.0	20.1429
-138.0	15
-137.0	26.6111
-136.0	17.125
-135.0	23
-134.0	18.6769
-133.0	25.5
-132.0	26.3095
-131.0	29.0625
-130.0	18
-129.0	19
-128.0	17.5909
-127.0	26
-126.0	20.7
-125.0	16.8269
-124.0	19.3333
-123.0	25.5
-122.0	22.4242
-121.0	27.0714
-120.0	17.2429
-119.0	19.1111
-118.0	19.5
-117.0	22
-116.0	30.5
-115.0	18.4048
-114.0	26.5
-113.0	20.0909
-112.0	13
-111.0	19
-110.0	22
-109.0	16.5
-108.0	21
-107.0	20
-106.0	18
-105.0	22.2
-104.0	17
-103.0	13.25
-102.0	23
-101.0	22
-100.0	22
 -99.0	20.2222
 -98.0	24
 -97.0	24.2
 -96.0	30
 -95.0	16.5
 -94.0	25.0552
 -93.0	19.3
 -92.0	27.6925
 -91.0	19.5
 -90.0	26.95
 -89.0	20.6429
 -88.0	30
 -87.0	24
 -86.0	27.5
 -85.0	27.5
 -84.0	23.5
 -83.0	21
 -82.0	19.5
 -81.0	33.0909
 -80.0	19.4048
 -79.0	20
 -78.0	18.5769
 -77.0	22.7
 -76.0	22.95
 -75.0	28.3333
 -74.0	19.6667
 -73.0	21.5
 -72.0	20.5
 -71.0	20.5
 -70.0	18.1
 -69.0	22
 -68.0	22.5
 -67.0	22.625
 -66.0	14.3409
 -65.0	26.5714
 -64.0	22.5
 -63.0	26.8929
 -62.0	27
 -61.0	21
 -60.0	14.0909
 -59.0	18.0769
 -58.0	23.1429
 -57.0	18
 -56.0	21.1111
 -55.0	24.8333
 -54.0	15.5
 -53.0	14.5625
 -52.0	18.6429
 -51.0	28.5
 -50.0	24.5769
 -49.0	21
 -48.0	17.0833
 -47.0	16.2
 -46.0	17.6667
 -45.0	16
 -44.0	16
 -43.0	28.5
 -42.0	23.5
 -41.0	20.7714
 -40.0	20.0909
 -39.0	25
 -38.0	18.5769
 -37.0	25
 -36.0	23
 -35.0	20.5
 -34.0	22.2
 -33.0	19
 -32.0	30.75
 -31.0	26
 -30.0	27
 -29.0	34.25
 -28.0	23.5
 -27.0	25.0769
 -26.0	18.6667
 -25.0	28
 -24.0	25
 -23.0	24.1111
 -22.0	19
 -21.0	18
 -20.0	30
 -19.0	30.1
 -18.0	25.5909
 -17.0	25.5
 -16.0	21.3333
 -15.0	23
 -14.0	21.0625
 -13.0	23
 -12.0	25.1429
 -11.0	29.5
 -10.0	22.5
  -9.0	24.0714
  -8.0	32.2198
  -7.0	31
  -6.0	22.8333
  -5.0	20.5
  -4.0	32
  -3.0	27
  -2.0	15.5
  -1.0	26
   0.0	27.3
   1.0	23.75
   2.0	32.2928
   3.0	37.8333
   4.0	37.5909
   5.0	23
   6.0	22.4103
   7.0	36.2111
   8.0	28.5
   9.0	15
  10.0	23
  11.0	29.25
  12.0	18
  13.0	22.75
  14.0	24.5
  15.0	21.6111
  16.0	19
  17.0	30
  18.0	23.3333
  19.0	26.3333
  20.0	26.0714
  21.0	22.6429
  22.0	28
  23.0	21.5
  24.0	29.4
  25.0	16.5125
  26.0	26
  27.0	20.5
  28.0	23.2143
  29.0	36.0909
  30.0	25.1
  31.0	21
  32.0	21.1
  33.0	19.5
  34.0	24.4198
  35.0	18
  36.0	20.6678
  37.0	23.5
  38.0	25.8667
  39.0	23.9167
  40.0	30.8333
  41.0	20
  42.0	22.0769
  43.0	29
  44.0	24
  45.0	22.5714
  46.0	35.1111
  47.0	17
  48.0	18
  49.0	17
  50.0	21.5
  51.0	17
  52.0	29.5
  53.0	26
  54.0	24
  55.0	21
  56.0	20.5
  57.0	22.3333
  58.0	22.5714
  59.0	17.5833
  60.0	27
  61.0	21
  62.0	19.75
  63.0	19.3
  64.0	20.0625
  65.0	24
  66.0	27.5
  67.0	27
  68.0	14.1
  69.0	26.5769
  70.0	26.702
  71.0	22.4583
  72.0	29.5714
  73.0	22
  74.0	18.1
  75.0	24
  76.0	16.5769
  77.0	25.5909
  78.0	14.1429
  79.0	23.8333
  80.0	20.5
  81.0	26
  82.0	23.0769
  83.0	19.1
  84.0	23
  85.0	21.0909
  86.0	20.1667
  87.0	29
  88.0	25.5
  89.0	34.2262
  90.0	24.1111
  91.0	30.7
  92.0	24
  93.0	22
  94.0	25
  95.0	19.25
  96.0	17.5
  97.0	15.5
  98.0	22
  99.0	23.5
 100.0	12
 101.0	30.5714
 102.0	19.3769
 103.0	12.0625
 104.0	23.3409
 105.0	19
 106.0	16
 107.0	24.1
 108.0	28
 109.0	21
 110.0	12
 111.0	25.5
 112.0	23
 113.0	25.8333
 114.0	23
 115.0	19
 116.0	25.5
 117.0	20.5
 118.0	21.6769
 119.0	30
 120.0	15.25
 121.0	12.1429
 122.0	36.0769
 123.0	23
 124.0	20.0909
 125.0	32
 126.0	20.3409
 127.0	23.5
 128.0	20.5714
 129.0	26.5
 130.0	27.25
 131.0	21
 132.0	30.5
 133.0	19.6111
 134.0	26.4103
 135.0	28
 136.0	20.1
 137.0	16
 138.0	18
 139.0	23
 140.0	28.625
 141.0	19.8111
 142.0	18.0625
 143.0	21
 144.0	18.5
 145.0	18
 146.0	19.5
 147.0	19
 148.0	26
 149.0	24
 150.0	19.3333
 151.0	31
 152.0	31
 153.0	22
 154.0	20.3333
 155.0	24
 156.0	25.25
 157.0	29.2714
 158.0	19
 159.0	26.0714
 160.0	11.688
 161.0	21
 162.0	22.1769
 163.0	19.6667
 164.0	25.7
 165.0	18.8929
 166.0	16.4242
 167.0	18.0769
 168.0	18.5
 169.0	21.4333
 170.0	16.9333
 171.0	17.0909
 172.0	22.5
 173.0	23.5
 174.0	23.7
 175.0	28.5
 176.0	34
 177.0	17.5
 178.0	13
 179.0	29.6429
 180.0	18
 181.0	20.0625
 182.0	23.25
 183.0	27
 184.0	16
 185.0	22.1
 186.0	21
 187.0	21.5
 188.0	13.5
 189.0	15.3611
 190.0	29
 191.0	25
 192.0	22.8333
 193.0	16.5
 194.0	21
 195.0	15
 196.0	19.3111
 197.0	28
 198.0	25.5159
 199.0	25.5
 200.0	23.5
 201.0	23.25
 202.0	26.4872
 203.0	20.5
 204.0	25.3333
 205.0	18.5
 206.0	27.6
 207.0	20.0909
 208.0	14.1
 209.0	12.2679
 210.0	19.5
 211.0	26
 212.0	17
 213.0	24.2
 214.0	20
 215.0	17.5
 216.0	22
 217.0	27
 218.0	18.2909
 219.0	28.5
 220.0	15.0625
 221.0	19
 222.0	25
 223.0	22.7
 224.0	16.3333
 225.0	25
 226.0	30.5
 227.0	12.5
 228.0	18
 229.0	20.3214
 230.0	13.2
 231.0	20
 232.0	19.5
 233.0	27.3333
 234.0	18.6
 235.0	21
 236.0	27.1
 237.0	19.1111
 238.0	23.75
 239.0	26.5
 240.0	18
 241.0	18
 242.0	21.0769
 243.0	25.5
 244.0	16.2
 245.0	23.1667
 246.0	13
 247.0	27.2909
 248.0	16
 249.0	14.5
 250.0	18.1
 251.0	22
 252.0	23.5
 253.0	23.1429
 254.0	27
 255.0	17.5
 256.0	24.5
 257.0	20
 258.0	37.1111
 259.0	24.0625
 260.0	20
 261.0	22
 262.0	20.5
 263.0	20.5
 264.0	19
 265.0	23.25
 266.0	19.6714
 267.0	14
 268.0	28
 269.0	17.3333
 270.0	19.3333
 271.0	20.25
 272.0	31.5
 273.0	27.6111
 274.0	34
 275.0	21
 276.0	27.5
 277.0	29
 278.0	16.125
 279.0	26
 280.0	22
 281.0	17.5
 282.0	22.0769
 283.0	21
 284.0	23
 285.0	18
 286.0	25
 287.0	21
 288.0	29
 289.0	26.2
 290.0	17
 291.0	26
 292.0	20
 293.0	21
 294.0	23.9333
 295.0	21
 296.0	16.2143
 297.0	24
 298.0	22
 299.0	24.5
 300.0	18.6
 301.0	19
 302.0	16
 303.0	15
 304.0	21
 305.0	18
 306.0	24.5
 307.0	19
 308.0	24
 309.0	21
 310.0	18
 311.0	21.5
 312.0	22.5
 313.0	20.5
 314.0	23
 315.0	20.5
 316.0	24
 317.0	22
 318.0	20
 319.0	29
 320.0	18.5
 321.0	19
 322.0	28.0769
 323.0	26.5
 324.0	20
 325.0	24.5
 326.0	19
 327.0	18.5
DB 1 MOTIF	BHE41_HUMAN.H11MO.0.D
-322.0	15
-321.0	26
-320.0	19
-319.0	16
-318.0	18
-317.0	18
-316.0	26
-315.0	20
-314.0	18
-313.0	10.3333
-312.0	19
-311.0	13
-310.0	12
-309.0	9
-308.0	18.5
-307.0	15
-306.0	15
-305.0	18
-304.0	17
-303.0	14
-302.0	12
-301.0	8
-300.0	14
-299.0	12
-298.0	11
-297.0	11
-296.0	23
-295.0	17
-294.0	14
-293.0	19
-292.0	12
-291.0	19
-290.0	17
-289.0	10
-288.0	13.5833
-287.0	15
-286.0	19
-285.0	24
-284.0	14.2
-283.0	18
-282.0	22
-281.0	16
-280.0	16
-279.0	13
-278.0	17
-277.0	14
-276.0	19.5
-275.0	16.5
-274.0	23.6667
-273.0	11
-272.0	13
-271.0	11
-270.0	21
-269.0	8
-268.0	27
-267.0	16
-266.0	17
-265.0	15
-264.0	14
-263.0	22
-262.0	20
-261.0	14
-260.0	13
-259.0	21
-258.0	14.5
-257.0	16
-256.0	8
-255.0	18
-254.0	13
-253.0	18
-252.0	18
-251.0	15
-250.0	22
-249.0	14
-248.0	16
-247.0	14.25
-246.0	8
-245.0	18
-244.0	14
-243.0	19
-242.0	17
-241.0	12
-240.0	11
-239.0	16
-238.0	19
-237.0	9
-236.0	12
-235.0	12
-234.0	20
-233.0	15
-232.0	15
-231.0	23
-230.0	11
-229.0	13
-228.0	16
-227.0	19
-226.0	19
-225.0	10
-224.0	17
-223.0	15.3333
-222.0	18
-221.0	19.3333
-220.0	20.5
-219.0	14
-218.0	11
-217.0	8
-216.0	15
-215.0	16
-214.0	14.3333
-213.0	7
-212.0	14
-211.0	20.7
-210.0	14
-209.0	19.5
-208.0	23
-207.0	18
-206.0	16.75
-205.0	20.0909
-204.0	16
-203.0	15
-202.0	16.5
-201.0	16
-200.0	14
-199.0	19
-198.0	20
-197.0	22
-196.0	10
-195.0	23
-194.0	11
-193.0	17
-192.0	10
-191.0	15
-190.0	15.5
-189.0	14
-188.0	13
-187.0	25
-186.0	23
-185.0	11.9
-184.0	19.5
-183.0	23
-182.0	16
-181.0	11
-180.0	16
-179.0	22
-178.0	22
-177.0	10.5333
-176.0	10
-175.0	14
-174.0	20.5
-173.0	21
-172.0	15
-171.0	13
-170.0	11
-169.0	17
-168.0	21.3333
-167.0	9
-166.0	23
-165.0	13.25
-164.0	11.0909
-163.0	19
-162.0	14
-161.0	25
-160.0	19
-159.0	18
-158.0	15
-157.0	13
-156.0	14
-155.0	18
-154.0	17.5
-153.0	18
-152.0	16
-151.0	18
-150.0	12.5
-149.0	18
-148.0	18
-147.0	13
-146.0	15
-145.0	19
-144.0	19
-143.0	22.2
-142.0	13.45
-141.0	16
-140.0	17
-139.0	17
-138.0	13.3333
-137.0	16.5
-136.0	19
-135.0	18
-134.0	19
-133.0	6
-132.0	22
-131.0	16.25
-130.0	16
-129.0	20
-128.0	13
-127.0	12
-126.0	11.2
-125.0	14.5
-124.0	15
-123.0	15.5
-122.0	21.0909
-121.0	21
-120.0	14
-119.0	16
-118.0	22
-117.0	14
-116.0	26
-115.0	12
-114.0	20
-113.0	19
-112.0	15
-111.0	17
-110.0	13
-109.0	12
-108.0	16
-107.0	18
-106.0	17
-105.0	17.8333
-104.0	26
-103.0	12
-102.0	20
-101.0	24.25
-100.0	16
 -99.0	18.2
 -98.0	23
 -97.0	16.5
 -96.0	20
 -95.0	12
 -94.0	11
 -93.0	16
 -92.0	17
 -91.0	11
 -90.0	21
 -89.0	15
 -88.0	20
 -87.0	12
 -86.0	18.25
 -85.0	19
 -84.0	21
 -83.0	14
 -82.0	9
 -81.0	18.0909
 -80.0	10.3333
 -79.0	15
 -78.0	24
 -77.0	18
 -76.0	21.7
 -75.0	16
 -74.0	13
 -73.0	21.2
 -72.0	14
 -71.0	13.25
 -70.0	14.3333
 -69.0	16.5
 -68.0	7
 -67.0	15
 -66.0	14
 -65.0	21
 -64.0	18.3333
 -63.0	15.3333
 -62.0	16
 -61.0	21
 -60.0	15
 -59.0	9
 -58.0	12
 -57.0	14
 -56.0	13
 -55.0	17.5
 -54.0	18.5
 -53.0	14
 -52.0	21
 -51.0	26
 -50.0	11
 -49.0	17
 -48.0	21
 -47.0	18
 -46.0	18
 -45.0	14
 -44.0	16
 -43.0	13
 -42.0	19
 -41.0	11.25
 -40.0	19.0909
 -39.0	14
 -38.0	12
 -37.0	17.8333
 -36.0	18.5
 -35.0	17
 -34.0	22
 -33.0	18
 -32.0	20
 -31.0	13
 -30.0	25
 -29.0	13.25
 -28.0	22.5
 -27.0	10
 -26.0	12
 -25.0	19
 -24.0	21
 -23.0	24
 -22.0	20.3333
 -21.0	14
 -20.0	20
 -19.0	19
 -18.0	22
 -17.0	20
 -16.0	17
 -15.0	16
 -14.0	15.5
 -13.0	17.2
 -12.0	19
 -11.0	21
 -10.0	10.5
  -9.0	17
  -8.0	25
  -7.0	20
  -6.0	20
  -5.0	16.3333
  -4.0	23
  -3.0	26
  -2.0	21.2
  -1.0	16
   0.0	19
   1.0	22
   2.0	13.0909
   3.0	21
   4.0	18
   5.0	21
   6.0	29
   7.0	22
   8.0	18.5
   9.0	17
  10.0	18
  11.0	11
  12.0	16
  13.0	18
  14.0	17.3333
  15.0	18
  16.0	21
  17.0	13
  18.0	26
  19.0	10
  20.0	16
  21.0	20
  22.0	20
  23.0	13.2
  24.0	21.2
  25.0	18
  26.0	19
  27.0	19.25
  28.0	15
  29.0	15
  30.0	12.2
  31.0	30
  32.0	18
  33.0	17.5
  34.0	23
  35.0	17
  36.0	15
  37.0	18
  38.0	16
  39.0	19
  40.0	18.3333
  41.0	16
  42.0	16
  43.0	21
  44.0	18
  45.0	15
  46.0	23.5
  47.0	19
  48.0	12
  49.0	20
  50.0	11
  51.0	11.5
  52.0	19
  53.0	15
  54.0	13
  55.0	16
  56.0	20
  57.0	15.3333
  58.0	17.25
  59.0	15
  60.0	16
  61.0	21
  62.0	25
  63.0	18.5
  64.0	19
  65.0	11.2
  66.0	17
  67.0	16
  68.0	15.2
  69.0	15
  70.0	17
  71.0	14
  72.0	13
  73.0	8
  74.0	23
  75.0	17
  76.0	11
  77.0	16
  78.0	12
  79.0	18
  80.0	13
  81.0	20
  82.0	18.5
  83.0	11
  84.0	11
  85.0	15.5909
  86.0	14
  87.0	13
  88.0	14
  89.0	19
  90.0	19
  91.0	15
  92.0	24
  93.0	19
  94.0	11
  95.0	17
  96.0	16
  97.0	14
  98.0	14
  99.0	18
 100.0	8.5
 101.0	18
 102.0	11
 103.0	13
 104.0	12
 105.0	13
 106.0	13.5
 107.0	15.2
 108.0	18
 109.0	19
 110.0	13
 111.0	15
 112.0	17
 113.0	17
 114.0	14.25
 115.0	13.5
 116.0	18.3333
 117.0	16
 118.0	13
 119.0	11
 120.0	12
 121.0	15
 122.0	14
 123.0	12
 124.0	14
 125.0	17
 126.0	14.5909
 127.0	12
 128.0	13
 129.0	13
 130.0	17
 131.0	11.3333
 132.0	17.3333
 133.0	14
 134.0	20
 135.0	18
 136.0	20
 137.0	14
 138.0	11.3333
 139.0	17
 140.0	19
 141.0	9
 142.0	11
 143.0	22
 144.0	24
 145.0	9
 146.0	12
 147.0	13
 148.0	18.3333
 149.0	17.3333
 150.0	12.3333
 151.0	16
 152.0	19
 153.0	22
 154.0	14.3333
 155.0	18
 156.0	11
 157.0	13
 158.0	13
 159.0	22
 160.0	9
 161.0	15
 162.0	17
 163.0	16
 164.0	15
 165.0	13.5
 166.0	21.0909
 167.0	8
 168.0	10
 169.0	20
 170.0	10
 171.0	19.25
 172.0	14
 173.0	23
 174.0	13.2
 175.0	12.5
 176.0	16.5
 177.0	16
 178.0	14
 179.0	14
 180.0	12
 181.0	19
 182.0	13
 183.0	13
 184.0	17
 185.0	19
 186.0	16.3333
 187.0	20.3333
 188.0	18
 189.0	9
 190.0	14
 191.0	16
 192.0	11
 193.0	15
 194.0	13
 195.0	21
 196.0	11
 197.0	17
 198.0	14
 199.0	13
 200.0	16
 201.0	16
 202.0	19
 203.0	11
 204.0	14
 205.0	15
 206.0	17
 207.0	11.0909
 208.0	20
 209.0	15
 210.0	17
 211.0	16
 212.0	10
 213.0	25
 214.0	13
 215.0	7
 216.0	19
 217.0	24
 218.0	15
 219.0	11
 220.0	17
 221.0	17
 222.0	15
 223.0	18
 224.0	17
 225.0	16
 226.0	13
 227.0	17.25
 228.0	14
 229.0	15
 230.0	12
 231.0	10
 232.0	18
 233.0	20
 234.0	13
 235.0	10
 236.0	18
 237.0	19
 238.0	13
 239.0	15
 240.0	14
 241.0	12
 242.0	14
 243.0	12
 244.0	10
 245.0	17
 246.0	10
 247.0	14.0909
 248.0	11
 249.0	22
 250.0	13
 251.0	9.33333
 252.0	7
 253.0	19
 254.0	19
 255.0	12
 256.0	19
 257.0	14
 258.0	11
 259.0	13
 260.0	20
 261.0	9
 262.0	11
 263.0	15
 264.0	12.3333
 265.0	17
 266.0	15
 267.0	14
 268.0	23
 269.0	15
 270.0	17
 271.0	10
 272.0	13
 273.0	22
 274.0	16
 275.0	14
 276.0	10
 277.0	14
 278.0	21
 279.0	17
 280.0	17
 281.0	13
 282.0	12
 283.0	11.5
 284.0	23
 285.0	16
 286.0	16
 287.0	14
 288.0	7
 289.0	16
 290.0	16
 291.0	13
 292.0	10
 293.0	19
 294.0	16
 295.0	14
 296.0	16
 297.0	15
 298.0	14
 299.0	11
 300.0	15
 301.0	17.5
 302.0	8
 303.0	15
 304.0	13
 305.0	24
 306.0	19
 307.0	13
 308.0	22
 309.0	19
 310.0	18
 311.0	15.5
 312.0	15
 313.0	15
 314.0	24
 315.0	15
 316.0	18
 317.0	23
 318.0	14
 319.0	13
 320.0	16
 321.0	21
 322.0	18
DB 1 MOTIF	CTCFL_HUMAN.H11MO.0.A
-323.5	15
-322.5	20
-321.5	17.5
-320.5	13
-319.5	13
-318.5	9
-317.5	25.0909
-316.5	20
-315.5	13
-314.5	10
-313.5	18
-312.5	14
-311.5	13
-310.5	15.5
-309.5	16
-308.5	14
-307.5	14
-306.5	21
-305.5	12
-304.5	18
-303.5	14.5
-302.5	14
-301.5	9
-300.5	19
-299.5	20
-298.5	22.2
-297.5	13
-296.5	9
-295.5	11.5
-294.5	22
-293.5	13
-292.5	17
-291.5	19
-290.5	18
-289.5	19.5
-288.5	15.5
-287.5	22
-286.5	15
-285.5	20
-284.5	15
-283.5	12.5
-282.5	16
-281.5	24
-280.5	18
-279.5	19
-278.5	17
-277.5	16
-276.5	13
-275.5	20.5
-274.5	17.3333
-273.5	16.5
-272.5	8
-271.5	21.5
-270.5	14.7
-269.5	20
-268.5	20
-267.5	13
-266.5	17
-265.5	9
-264.5	15
-263.5	15
-262.5	16
-261.5	9.09091
-260.5	21
-259.5	13
-258.5	10
-257.5	10
-256.5	14
-255.5	19
-254.5	19
-253.5	17.5
-252.5	18
-251.5	22
-250.5	16
-249.5	15
-248.5	19
-247.5	21
-246.5	21
-245.5	14
-244.5	16
-243.5	27
-242.5	21
-241.5	11.1111
-240.5	10
-239.5	13.5
-238.5	18
-237.5	9
-236.5	13
-235.5	14
-234.5	9.5
-233.5	17
-232.5	14.5
-231.5	12.2
-230.5	14.5
-229.5	19
-228.5	12
-227.5	18
-226.5	23
-225.5	20
-224.5	11
-223.5	15
-222.5	21
-221.5	21
-220.5	10
-219.5	24.5
-218.5	15
-217.5	20
-216.5	20
-215.5	16
-214.5	15
-213.5	15
-212.5	17
-211.5	13
-210.5	8
-209.5	16
-208.5	17
-207.5	14
-206.5	19
-205.5	18.5909
-204.5	15
-203.5	14
-202.5	18.6111
-201.5	14
-200.5	19
-199.5	9.5
-198.5	12
-197.5	17
-196.5	22
-195.5	12
-194.5	10
-193.5	11
-192.5	17
-191.5	14
-190.5	15
-189.5	17
-188.5	17
-187.5	14
-186.5	17
-185.5	21
-184.5	19.5
-183.5	14
-182.5	16
-181.5	20
-180.5	23
-179.5	15.5
-178.5	15
-177.5	25.8333
-176.5	17
-175.5	26
-174.5	18
-173.5	14
-172.5	21
-171.5	12
-170.5	14
-169.5	22
-168.5	15
-167.5	20
-166.5	16.5
-165.5	17
-164.5	15.7
-163.5	19.1111
-162.5	21
-161.5	18.5
-160.5	14
-159.5	19.5
-158.5	14
-157.5	8
-156.5	15.2
-155.5	17
-154.5	13
-153.5	15.5
-152.5	16.5
-151.5	22
-150.5	16.5
-149.5	14.0909
-148.5	18
-147.5	21
-146.5	14
-145.5	19
-144.5	15
-143.5	14
-142.5	18
-141.5	16.5
-140.5	21.5
-139.5	18
-138.5	18
-137.5	14
-136.5	14
-135.5	17
-134.5	15
-133.5	17
-132.5	23
-131.5	22
-130.5	21
-129.5	17
-128.5	19
-127.5	28
-126.5	18
-125.5	21.5
-124.5	12.1111
-123.5	15
-122.5	22.5909
-121.5	23
-120.5	22
-119.5	17.5
-118.5	24
-117.5	16.5
-116.5	19
-115.5	18
-114.5	18.3333
-113.5	20
-112.5	13
-111.5	17
-110.5	18
-109.5	13
-108.5	24
-107.5	18
-106.5	19
-105.5	14
-104.5	22.2
-103.5	18
-102.5	8
-101.5	23
-100.5	20.5
 -99.5	20
 -98.5	18
 -97.5	14.2
 -96.5	14
 -95.5	12
 -94.5	25
 -93.5	15
 -92.5	18.2
 -91.5	14.5
 -90.5	21
 -89.5	17
 -88.5	10
 -87.5	17
 -86.5	21
 -85.5	12
 -84.5	24
 -83.5	17
 -82.5	15
 -81.5	18.5
 -80.5	12.3333
 -79.5	23.3333
 -78.5	19
 -77.5	19
 -76.5	20.2
 -75.5	14
 -74.5	11
 -73.5	15
 -72.5	19.5
 -71.5	10
 -70.5	15
 -69.5	14
 -68.5	18
 -67.5	21
 -66.5	17.0909
 -65.5	22
 -64.5	17
 -63.5	10.5
 -62.5	20
 -61.5	17
 -60.5	20
 -59.5	14
 -58.5	16
 -57.5	19
 -56.5	16.5
 -55.5	16.5
 -54.5	11
 -53.5	14.5
 -52.5	18
 -51.5	15
 -50.5	21.5
 -49.5	21
 -48.5	18
 -47.5	25
 -46.5	18.4444
 -45.5	24
 -44.5	16.3333
 -43.5	26
 -42.5	21
 -41.5	17
 -40.5	15.5
 -39.5	22.5
 -38.5	24
 -37.5	20
 -36.5	30
 -35.5	17
 -34.5	26
 -33.5	18
 -32.5	22.5
 -31.5	24
 -30.5	13.7
 -29.5	15
 -28.5	19
 -27.5	21
 -26.5	22
 -25.5	21.2
 -24.5	19
 -23.5	21
 -22.5	20
 -21.5	16
 -20.5	21
 -19.5	24
 -18.5	35
 -17.5	24.5
 -16.5	16
 -15.5	12
 -14.5	25
 -13.5	22
 -12.5	16
 -11.5	18
 -10.5	33
  -9.5	20.5
  -8.5	22.5
  -7.5	20.1111
  -6.5	13.5
  -5.5	21
  -4.5	16
  -3.5	21
  -2.5	17
  -1.5	21
  -0.5	26
   0.5	23
   1.5	21
   2.5	22.5
   3.5	21.5
   4.5	20
   5.5	19
   6.5	11
   7.5	25
   8.5	25
   9.5	23
  10.5	32
  11.5	20.5
  12.5	20
  13.5	17.1667
  14.5	18
  15.5	21
  16.5	21
  17.5	21
  18.5	26
  19.5	8
  20.5	19.5
  21.5	21.5
  22.5	22.7
  23.5	12
  24.5	20
  25.5	15.5
  26.5	17.5
  27.5	18
  28.5	17
  29.5	21
  30.5	24.5
  31.5	16
  32.5	23
  33.5	29
  34.5	27
  35.5	17.5
  36.5	18
  37.5	18.5
  38.5	18.5
  39.5	15
  40.5	18
  41.5	19.4
  42.5	22.6667
  43.5	15
  44.5	17
  45.5	22.0909
  46.5	23
  47.5	19
  48.5	17
  49.5	15
  50.5	19
  51.5	17
  52.5	28
  53.5	19
  54.5	20.5
  55.5	24
  56.5	9.33333
  57.5	8
  58.5	19
  59.5	19
  60.5	19
  61.5	15.2
  62.5	23
  63.5	16.3333
  64.5	18
  65.5	19
  66.5	14.5
  67.5	13
  68.5	16
  69.5	18.5
  70.5	12.1111
  71.5	19.8667
  72.5	16
  73.5	18
  74.5	21
  75.5	20
  76.5	18
  77.5	20
  78.5	18
  79.5	21
  80.5	23.5
  81.5	23
  82.5	20
  83.5	23
  84.5	15.2
  85.5	19
  86.5	14
  87.5	27
  88.5	23
  89.5	22
  90.5	25
  91.5	16
  92.5	19
  93.5	21
  94.5	20.5
  95.5	16
  96.5	25
  97.5	20
  98.5	16
  99.5	16
 100.5	18.1667
 101.5	15
 102.5	17.5
 103.5	19
 104.5	15
 105.5	21
 106.5	16
 107.5	22
 108.5	10.7
 109.5	18
 110.5	18.5
 111.5	20
 112.5	23.8333
 113.5	20
 114.5	12
 115.5	11
 116.5	18
 117.5	22.2
 118.5	26
 119.5	14.5
 120.5	13.3333
 121.5	25
 122.5	19
 123.5	19
 124.5	18
 125.5	16
 126.5	15.5
 127.5	18
 128.5	19.3333
 129.5	22.1667
 130.5	22
 131.5	29
 132.5	19.5
 133.5	19
 134.5	21
 135.5	16
 136.5	19.5
 137.5	18
 138.5	14
 139.5	11
 140.5	16
 141.5	14.1429
 142.5	21
 143.5	13
 144.5	20.5
 145.5	8.5
 146.5	9.2
 147.5	23
 148.5	17.6111
 149.5	19
 150.5	16
 151.5	18
 152.5	18
 153.5	17.8333
 154.5	22
 155.5	23
 156.5	17
 157.5	16.0909
 158.5	16.1667
 159.5	15.5
 160.5	18.2
 161.5	12.1429
 162.5	22
 163.5	17
 164.5	21
 165.5	19.3333
 166.5	10
 167.5	14.5
 168.5	14
 169.5	21
 170.5	19
 171.5	16
 172.5	13.5
 173.5	15
 174.5	16
 175.5	13.2
 176.5	14
 177.5	18
 178.5	15
 179.5	18
 180.5	10
 181.5	18.1429
 182.5	12
 183.5	10
 184.5	23
 185.5	10
 186.5	23
 187.5	14
 188.5	17
 189.5	10
 190.5	16.2
 191.5	22.5
 192.5	16.8333
 193.5	16.5
 194.5	13
 195.5	13
 196.5	17
 197.5	14
 198.5	19
 199.5	19
 200.5	10
 201.5	14.1429
 202.5	15
 203.5	16
 204.5	17
 205.5	13
 206.5	9
 207.5	14
 208.5	10.7
 209.5	14
 210.5	15.5
 211.5	18.2
 212.5	15
 213.5	16.0909
 214.5	21
 215.5	10
 216.5	18
 217.5	17
 218.5	11
 219.5	18.3333
 220.5	11
 221.5	22.1429
 222.5	14
 223.5	19
 224.5	14
 225.5	12
 226.5	16.1111
 227.5	9.5
 228.5	18.5
 229.5	11
 230.5	25
 231.5	18
 232.5	14.5
 233.5	15
 234.5	13
 235.5	25
 236.5	16.2
 237.5	12
 238.5	11
 239.5	5
 240.5	19
 241.5	15.1429
 242.5	8
 243.5	7
 244.5	15
 245.5	17
 246.5	16
 247.5	19
 248.5	16
 249.5	19
 250.5	10.3333
 251.5	14.5
 252.5	17
 253.5	21
 254.5	18
 255.5	12.5
 256.5	18
 257.5	22
 258.5	12
 259.5	19
 260.5	10.3333
 261.5	10.8429
 262.5	15
 263.5	6.5
 264.5	12
 265.5	16
 266.5	17
 267.5	16
 268.5	11
 269.5	13.0909
 270.5	11.2
 271.5	14
 272.5	19
 273.5	7
 274.5	16
 275.5	16
 276.5	20
 277.5	19
 278.5	11
 279.5	13
 280.5	26
 281.5	18
 282.5	10
 283.5	17
 284.5	18
 285.5	18
 286.5	14.2
 287.5	13
 288.5	12
 289.5	17
 290.5	7
 291.5	14
 292.5	10
 293.5	23
 294.5	15
 295.5	16
 296.5	12.0909
 297.5	14
 298.5	13
 299.5	13
 300.5	20
 301.5	22
 302.5	6
 303.5	10
 304.5	22
 305.5	10
 306.5	20
 307.5	24
 308.5	10
 309.5	14
 310.5	11
 311.5	15.2
 312.5	9
 313.5	20
 314.5	19
 315.5	18
 316.5	19
 317.5	19.5
 318.5	14
 319.5	17
 320.5	11
 321.5	13
 322.5	12
 323.5	13
DB 1 MOTIF	CTCF_HUMAN.H11MO.0.A
-322.5	6
-321.5	16
-320.5	19.5
-319.5	9
-318.5	15
-317.5	8
-316.5	18
-315.5	16
-314.5	10
-313.5	12
-312.5	12
-311.5	14
-310.5	14
-309.5	11
-308.5	16
-307.5	13
-306.5	12
-305.5	12
-304.5	14
-303.5	8
-302.5	12
-301.5	18
-300.5	5
-299.5	9.5
-298.5	13
-297.5	9
-296.5	7
-295.5	9
-294.5	13
-293.5	10
-292.5	18
-291.5	12
-290.5	19.5
-289.5	12
-288.5	12
-287.5	14
-286.5	14
-285.5	7
-284.5	13
-283.5	17.2
-282.5	12
-281.5	10
-280.5	16
-279.5	15
-278.5	10
-277.5	14
-276.5	16
-275.5	14.5
-274.5	19
-273.5	6.83333
-272.5	8
-271.5	14.5
-270.5	15
-269.5	9
-268.5	13.5
-267.5	10
-266.5	8
-265.5	18
-264.5	6
-263.5	13
-262.5	15
-261.5	12.5
-260.5	6
-259.5	14
-258.5	14.5
-257.5	12
-256.5	6
-255.5	11
-254.5	14
-253.5	10
-252.5	12
-251.5	12
-250.5	12
-249.5	15
-248.5	9
-247.5	12
-246.5	17
-245.5	11
-244.5	19
-243.5	13
-242.5	16
-241.5	9
-240.5	7
-239.5	14
-238.5	7
-237.5	10
-236.5	12
-235.5	10
-234.5	13.5
-233.5	15
-232.5	13
-231.5	5
-230.5	14.5
-229.5	10
-228.5	12
-227.5	10
-226.5	20
-225.5	15
-224.5	16
-223.5	14
-222.5	17.5
-221.5	17
-220.5	14.5
-219.5	11.5
-218.5	19
-217.5	8
-216.5	12
-215.5	23
-214.5	19
-213.5	8.5
-212.5	13
-211.5	15
-210.5	10.2
-209.5	8
-208.5	13
-207.5	11
-206.5	9
-205.5	6.5
-204.5	15
-203.5	14
-202.5	8
-201.5	11.5
-200.5	16
-199.5	8.5
-198.5	14
-197.5	16
-196.5	7
-195.5	9
-194.5	10
-193.5	10
-192.5	17
-191.5	8
-190.5	11
-189.5	10
-188.5	9
-187.5	13
-186.5	15
-185.5	14
-184.5	12
-183.5	15
-182.5	10
-181.5	9
-180.5	15
-179.5	13
-178.5	18
-177.5	13
-176.5	19.3333
-175.5	14
-174.5	12
-173.5	12
-172.5	8
-171.5	11
-170.5	16
-169.5	15
-168.5	9
-167.5	12.5
-166.5	16
-165.5	12
-164.5	18
-163.5	15
-162.5	10
-161.5	12
-160.5	14
-159.5	6
-158.5	10
-157.5	16
-156.5	17
-155.5	12
-154.5	12
-153.5	13
-152.5	12.5
-151.5	12
-150.5	15
-149.5	19
-148.5	9
-147.5	15
-146.5	8.5
-145.5	11
-144.5	11
-143.5	10
-142.5	15
-141.5	14
-140.5	9
-139.5	11
-138.5	13
-137.5	17
-136.5	12
-135.5	7
-134.5	17
-133.5	13
-132.5	16
-131.5	13
-130.5	19
-129.5	15
-128.5	11.5
-127.5	15
-126.5	9
-125.5	11
-124.5	16
-123.5	11
-122.5	16
-121.5	19
-120.5	12
-119.5	12
-118.5	15
-117.5	15
-116.5	12
-115.5	9.33333
-114.5	7
-113.5	12
-112.5	20
-111.5	11
-110.5	13
-109.5	18
-108.5	14
-107.5	21
-106.5	18
-105.5	18
-104.5	11
-103.5	17
-102.5	14
-101.5	17
-100.5	17
 -99.5	13
 -98.5	13
 -97.5	12
 -96.5	12
 -95.5	18
 -94.5	11
 -93.5	13
 -92.5	15
 -91.5	18
 -90.5	15
 -89.5	15
 -88.5	11
 -87.5	12
 -86.5	13
 -85.5	12
 -84.5	9
 -83.5	20
 -82.5	11
 -81.5	10
 -80.5	13.3333
 -79.5	11.3333
 -78.5	17
 -77.5	7
 -76.5	13
 -75.5	14
 -74.5	10
 -73.5	12
 -72.5	7.2
 -71.5	11
 -70.5	9
 -69.5	18
 -68.5	11
 -67.5	11
 -66.5	18
 -65.5	11
 -64.5	18
 -63.5	15
 -62.5	10
 -61.5	19
 -60.5	13
 -59.5	13
 -58.5	15
 -57.5	12.5
 -56.5	14
 -55.5	16
 -54.5	13
 -53.5	13
 -52.5	18
 -51.5	17
 -50.5	13
 -49.5	18.5
 -48.5	19
 -47.5	20.3333
 -46.5	13
 -45.5	15.8333
 -44.5	25
 -43.5	19
 -42.5	17
 -41.5	9
 -40.5	13.5
 -39.5	10
 -38.5	16
 -37.5	14
 -36.5	12
 -35.5	21.3333
 -34.5	15
 -33.5	25
 -32.5	15.5
 -31.5	12
 -30.5	15
 -29.5	12
 -28.5	18
 -27.5	17
 -26.5	14
 -25.5	13
 -24.5	10
 -23.5	13
 -22.5	10
 -21.5	12
 -20.5	15
 -19.5	25
 -18.5	15
 -17.5	15
 -16.5	19.5
 -15.5	15
 -14.5	18
 -13.5	21
 -12.5	12
 -11.5	16
 -10.5	21
  -9.5	23.5
  -8.5	19
  -7.5	17
  -6.5	12
  -5.5	13
  -4.5	18
  -3.5	18
  -2.5	10
  -1.5	14.2
  -0.5	24
   0.5	21
   1.5	14
   2.5	19
   3.5	23
   4.5	19
   5.5	16
   6.5	19
   7.5	24
   8.5	15
   9.5	25
  10.5	13
  11.5	22
  12.5	18
  13.5	17
  14.5	15
  15.5	17
  16.5	20
  17.5	16
  18.5	15
  19.5	17
  20.5	7
  21.5	10
  22.5	14.5
  23.5	10
  24.5	10
  25.5	18
  26.5	16.5
  27.5	13
  28.5	15
  29.5	15
  30.5	12
  31.5	19
  32.5	16
  33.5	16
  34.5	15
  35.5	15
  36.5	22
  37.5	12.5
  38.5	11
  39.5	18
  40.5	16
  41.5	20
  42.5	17
  43.5	15.5
  44.5	8
  45.5	20
  46.5	26
  47.5	12
  48.5	10
  49.5	11
  50.5	12
  51.5	8
  52.5	16
  53.5	18
  54.5	19
  55.5	17
  56.5	6
  57.5	9.33333
  58.5	12
  59.5	17
  60.5	17
  61.5	15.5
  62.5	25.8333
  63.5	16
  64.5	10
  65.5	8
  66.5	9.33333
  67.5	18
  68.5	14.2
  69.5	12
  70.5	14
  71.5	19
  72.5	17
  73.5	13
  74.5	24
  75.5	11
  76.5	24
  77.5	15
  78.5	16
  79.5	13
  80.5	7
  81.5	18
  82.5	21
  83.5	11
  84.5	9
  85.5	8
  86.5	22
  87.5	10
  88.5	19
  89.5	13
  90.5	14
  91.5	9
  92.5	21
  93.5	15
  94.5	10
  95.5	18
  96.5	13
  97.5	16
  98.5	8
  99.5	18
 100.5	7
 101.5	16
 102.5	13
 103.5	7
 104.5	9
 105.5	16
 106.5	15
 107.5	17.5
 108.5	6
 109.5	11
 110.5	17
 111.5	16
 112.5	13
 113.5	17
 114.5	15
 115.5	11
 116.5	10
 117.5	18
 118.5	14
 119.5	12.3333
 120.5	17
 121.5	9.5
 122.5	19.5
 123.5	10
 124.5	15
 125.5	12
 126.5	10
 127.5	14
 128.5	18
 129.5	12
 130.5	12
 131.5	20
 132.5	16
 133.5	13
 134.5	11
 135.5	14
 136.5	13
 137.5	11
 138.5	17
 139.5	8
 140.5	10
 141.5	9
 142.5	11
 143.5	13
 144.5	12
 145.5	13
 146.5	13
 147.5	8
 148.5	16
 149.5	14
 150.5	6
 151.5	8
 152.5	15
 153.5	12
 154.5	15.3333
 155.5	12
 156.5	17
 157.5	14
 158.5	11
 159.5	16.5
 160.5	9
 161.5	15
 162.5	8
 163.5	15
 164.5	19
 165.5	17.5
 166.5	7
 167.5	5
 168.5	8.5
 169.5	11.5
 170.5	11
 171.5	16
 172.5	12
 173.5	13.5
 174.5	7
 175.5	16
 176.5	14
 177.5	12
 178.5	11
 179.5	6
 180.5	10
 181.5	11
 182.5	11
 183.5	8
 184.5	13
 185.5	14
 186.5	5
 187.5	20
 188.5	6
 189.5	13
 190.5	11
 191.5	18
 192.5	17
 193.5	8
 194.5	10
 195.5	19
 196.5	8
 197.5	17
 198.5	17
 199.5	9
 200.5	11
 201.5	10
 202.5	8
 203.5	13.3333
 204.5	9
 205.5	17.3333
 206.5	11
 207.5	11
 208.5	13
 209.5	12.5
 210.5	13
 211.5	8
 212.5	19
 213.5	7
 214.5	12
 215.5	12
 216.5	9
 217.5	11
 218.5	13
 219.5	9
 220.5	19
 221.5	9
 222.5	9.5
 223.5	10
 224.5	11
 225.5	11
 226.5	9.5
 227.5	20
 228.5	6
 229.5	16
 230.5	9
 231.5	16
 232.5	14
 233.5	9
 234.5	13
 235.5	7
 236.5	13
 237.5	10
 238.5	4
 239.5	13
 240.5	9
 241.5	10
 242.5	8
 243.5	11.3333
 244.5	7
 245.5	8
 246.5	16
 247.5	12
 248.5	16
 249.5	13
 250.5	14
 251.5	17.3333
 252.5	17
 253.5	12
 254.5	7
 255.5	9
 256.5	12
 257.5	13
 258.5	13
 259.5	7
 260.5	12
 261.5	12
 262.5	13
 263.5	12
 264.5	9
 265.5	19
 266.5	14
 267.5	15.5
 268.5	14
 269.5	4.5
 270.5	12
 271.5	12
 272.5	18
 273.5	19
 274.5	9
 275.5	15
 276.5	17
 277.5	9
 278.5	14
 279.5	24
 280.5	16
 281.5	13.3333
 282.5	14.5
 283.5	9
 284.5	13
 285.5	11
 286.5	15
 287.5	8
 288.5	8
 289.5	9
 290.5	9
 291.5	9
 292.5	13
 293.5	7
 294.5	9
 295.5	11
 296.5	12
 297.5	15
 298.5	16
 299.5	6
 300.5	12
 301.5	13.5
 302.5	11
 303.5	11
 304.5	12.5
 305.5	11
 306.5	12
 307.5	15
 308.5	11
 309.5	9
 310.5	14
 311.5	11.5
 312.5	14
 313.5	11
 314.5	17
 315.5	12
 316.5	17
 317.5	13
 318.5	11
 319.5	9
 320.5	14
 321.5	9
 322.5	13
DB 1 MOTIF	E2F2_HUMAN.H11MO.0.B
-327.0	9
-326.0	15
-325.0	10
-324.0	16
-323.0	10
-322.0	15
-321.0	14
-320.0	15
-319.0	12
-318.0	8.06667
-317.0	16
-316.0	6.5
-315.0	6
-314.0	12.1
-313.0	10
-312.0	12
-311.0	18
-310.0	8
-309.0	15
-308.0	13.1111
-307.0	14
-306.0	11.0714
-305.0	12
-304.0	16.5
-303.0	15
-302.0	17
-301.0	15.3333
-300.0	8
-299.0	11
-298.0	9
-297.0	10
-296.0	17
-295.0	16
-294.0	14
-293.0	18
-292.0	12
-291.0	16.8333
-290.0	17
-289.0	10
-288.0	14
-287.0	6
-286.0	9.56667
-285.0	9
-284.0	8
-283.0	11.5
-282.0	11
-281.0	15.1
-280.0	5
-279.0	11
-278.0	16.5
-277.0	15
-276.0	11
-275.0	6
-274.0	10.0714
-273.0	11.5
-272.0	10
-271.0	19
-270.0	14.0833
-269.0	9
-268.0	10
-267.0	20.1
-266.0	14
-265.0	9
-264.0	7
-263.0	19.1429
-262.0	13
-261.0	13
-260.0	10
-259.0	9
-258.0	7.5
-257.0	13.5
-256.0	12
-255.0	14.0667
-254.0	14.5
-253.0	13
-252.0	6
-251.0	10
-250.0	11
-249.0	6
-248.0	18
-247.0	8
-246.0	11
-245.0	20.5714
-244.0	10
-243.0	15
-242.0	14
-241.0	17
-240.0	16.1
-239.0	10
-238.0	11
-237.0	14
-236.0	13
-235.0	11.5833
-234.0	12
-233.0	8
-232.0	19
-231.0	19
-230.0	17
-229.0	12
-228.0	10
-227.0	15
-226.0	21
-225.0	13
-224.0	18.3333
-223.0	9.14286
-222.0	20.1
-221.0	10.5
-220.0	9
-219.0	18
-218.0	14.6
-217.0	10.5
-216.0	16.0714
-215.0	19.5
-214.0	15
-213.0	19.1111
-212.0	14
-211.0	16.3333
-210.0	15
-209.0	16
-208.0	8
-207.0	18
-206.0	23
-205.0	11
-204.0	22
-203.0	17
-202.0	10
-201.0	8.58333
-200.0	13
-199.0	17
-198.0	17.5
-197.0	8
-196.0	10
-195.0	13
-194.0	11.5667
-193.0	11
-192.0	9
-191.0	12
-190.0	10.5
-189.0	9
-188.0	9
-187.0	15
-186.0	17.5
-185.0	15.3333
-184.0	9.5
-183.0	14.1429
-182.0	12
-181.0	19
-180.0	20
-179.0	7
-178.0	11
-177.0	16
-176.0	14.3333
-175.0	17
-174.0	11.1
-173.0	19.5
-172.0	15
-171.0	21
-170.0	12
-169.0	13.0833
-168.0	13
-167.0	12
-166.0	13
-165.0	15.0667
-164.0	12
-163.0	15.1
-162.0	11
-161.0	13
-160.0	12
-159.0	19
-158.0	14
-157.0	16.5
-156.0	14.5714
-155.0	19
-154.0	12
-153.0	17.3333
-152.0	12
-151.0	19.5
-150.0	17
-149.0	12.5
-148.0	14
-147.0	16
-146.0	18.5
-145.0	12.25
-144.0	12
-143.0	15.754
-142.0	17
-141.0	18
-140.0	21.5
-139.0	12
-138.0	18.0833
-137.0	10
-136.0	17
-135.0	23
-134.0	14
-133.0	16
-132.0	16
-131.0	12.5
-130.0	16
-129.0	6
-128.0	11.5
-127.0	11.1
-126.0	16.0714
-125.0	14.5
-124.0	9
-123.0	14
-122.0	16
-121.0	12.3333
-120.0	14.25
-119.0	12
-118.0	14
-117.0	12
-116.0	16.3333
-115.0	16
-114.0	13
-113.0	13
-112.0	11.1111
-111.0	19.3333
-110.0	15
-109.0	13
-108.0	11.5
-107.0	16.0833
-106.0	23
-105.0	12
-104.0	10.0667
-103.0	10.1429
-102.0	13
-101.0	16.5
-100.0	13
 -99.0	17
 -98.0	9.5
 -97.0	14.5
 -96.0	13.3333
 -95.0	13
 -94.0	15
 -93.0	15
 -92.0	16
 -91.0	20
 -90.0	26
 -89.0	11
 -88.0	12.5
 -87.0	15
 -86.0	15.35
 -85.0	10
 -84.0	13.5
 -83.0	18
 -82.0	14
 -81.0	16.1111
 -80.0	11.3333
 -79.0	14
 -78.0	14
 -77.0	18.3333
 -76.0	17.5
 -75.0	10.5
 -74.0	14.5
 -73.0	16
 -72.0	17.0667
 -71.0	14
 -70.0	14.3333
 -69.0	16.5
 -68.0	14.1
 -67.0	14
 -66.0	12
 -65.0	18
 -64.0	13.2
 -63.0	11.1429
 -62.0	17
 -61.0	14
 -60.0	17
 -59.0	9
 -58.0	14
 -57.0	13
 -56.0	10
 -55.0	9
 -54.0	23
 -53.0	14
 -52.0	16
 -51.0	11
 -50.0	20.1111
 -49.0	19
 -48.0	19.25
 -47.0	14
 -46.0	11
 -45.0	14.5
 -44.0	16
 -43.0	16.0667
 -42.0	19
 -41.0	12
 -40.0	15
 -39.0	15.3333
 -38.0	12
 -37.0	17.0714
 -36.0	10
 -35.0	22
 -34.0	11.5
 -33.0	14
 -32.0	14
 -31.0	14.1
 -30.0	19
 -29.0	19
 -28.0	25.1
 -27.0	23
 -26.0	13
 -25.0	11.5
 -24.0	19
 -23.0	21.9762
 -22.0	23.5
 -21.0	11
 -20.0	24
 -19.0	11.5
 -18.0	17
 -17.0	24
 -16.0	13
 -15.0	13
 -14.0	18.0667
 -13.0	14
 -12.0	17.0833
 -11.0	16
 -10.0	15.5
  -9.0	12
  -8.0	18.3333
  -7.0	14.0714
  -6.0	20.5
  -5.0	18
  -4.0	17
  -3.0	21
  -2.0	16
  -1.0	18
   0.0	16
   1.0	22
   2.0	20.5
   3.0	16
   4.0	16
   5.0	15
   6.0	11
   7.0	13
   8.0	18
   9.0	18
  10.0	12
  11.0	15
  12.0	15.1
  13.0	16
  14.0	22.2
  15.0	17.5
  16.0	18
  17.0	12
  18.0	19
  19.0	12
  20.0	16
  21.0	21
  22.0	15
  23.0	14.5
  24.0	11
  25.0	13
  26.0	8
  27.0	15
  28.0	13
  29.0	15.375
  30.0	17
  31.0	13.5
  32.0	16
  33.0	26
  34.0	12
  35.0	19
  36.0	9
  37.0	11
  38.0	13.2
  39.0	11.5
  40.0	19.3333
  41.0	10
  42.0	17
  43.0	19
  44.0	10
  45.0	17
  46.0	14.0667
  47.0	15.1111
  48.0	22
  49.0	12
  50.0	10
  51.0	14
  52.0	19
  53.0	15.1
  54.0	16
  55.0	18
  56.0	16
  57.0	17.0714
  58.0	14.0833
  59.0	9.5
  60.0	18
  61.0	19
  62.0	12.1429
  63.0	18.1
  64.0	18.5
  65.0	9
  66.0	15
  67.0	10
  68.0	16
  69.0	18.25
  70.0	15.3333
  71.0	8.125
  72.0	18
  73.0	9
  74.0	11
  75.0	15.5
  76.0	15.2667
  77.0	13
  78.0	6.11111
  79.0	12
  80.0	10
  81.0	12.5
  82.0	13
  83.0	9
  84.0	18.5
  85.0	11
  86.0	18
  87.0	16
  88.0	12
  89.0	11.4167
  90.0	6
  91.0	10
  92.0	17.5
  93.0	10
  94.0	6
  95.0	13
  96.0	19
  97.0	9
  98.0	13.3333
  99.0	11
 100.0	19.3333
 101.0	9.5
 102.0	17.5
 103.0	9
 104.0	12
 105.0	9.14286
 106.0	10.5
 107.0	12
 108.0	24
 109.0	12
 110.0	11.1
 111.0	11
 112.0	14.1
 113.0	13.7917
 114.0	7
 115.0	10.5
 116.0	5
 117.0	21.5
 118.0	22
 119.0	12.0714
 120.0	14.0833
 121.0	7
 122.0	9
 123.0	13.5
 124.0	9
 125.0	14.5
 126.0	13.5
 127.0	13
 128.0	13.3333
 129.0	19.5
 130.0	18.5
 131.0	12
 132.0	13
 133.0	16.5
 134.0	15
 135.0	19
 136.0	11
 137.0	13.5
 138.0	12.7
 139.0	15.5
 140.0	9.2
 141.0	16.25
 142.0	14.3333
 143.0	22
 144.0	17
 145.0	9
 146.0	14
 147.0	14
 148.0	8
 149.0	10.2143
 150.0	13
 151.0	14.5833
 152.0	16
 153.0	10.3333
 154.0	14
 155.0	15.125
 156.0	13
 157.0	6.1
 158.0	14.5
 159.0	11
 160.0	11.5
 161.0	17
 162.0	11
 163.0	17
 164.0	10
 165.0	9.06667
 166.0	11
 167.0	11
 168.0	6
 169.0	19
 170.0	11
 171.0	5
 172.0	13
 173.0	13
 174.0	7
 175.0	12.5333
 176.0	10
 177.0	10.5
 178.0	10
 179.0	12
 180.0	22
 181.0	20.0714
 182.0	19
 183.0	17.5
 184.0	15
 185.0	14
 186.0	9
 187.0	14
 188.0	12
 189.0	11
 190.0	8
 191.0	15
 192.0	11
 193.0	13.4762
 194.0	16.5
 195.0	18.0667
 196.0	8.125
 197.0	16
 198.0	12
 199.0	7
 200.0	17.7
 201.0	10
 202.0	7
 203.0	9
 204.0	6
 205.0	10.5
 206.0	10
 207.0	13.5
 208.0	12
 209.0	7
 210.0	15
 211.0	10
 212.0	10
 213.0	9
 214.0	13
 215.0	9.33333
 216.0	10
 217.0	13.5
 218.0	8
 219.0	9
 220.0	12
 221.0	11
 222.0	13
 223.0	4.5
 224.0	14
 225.0	15
 226.0	9
 227.0	19
 228.0	13
 229.0	13
 230.0	16
 231.0	13
 232.0	13
 233.0	19
 234.0	18.5
 235.0	14
 236.0	6.5
 237.0	13.2679
 238.0	11.5
 239.0	10.5
 240.0	11
 241.0	11
 242.0	11
 243.0	10
 244.0	6
 245.0	12
 246.0	12
 247.0	12.1111
 248.0	9.08333
 249.0	17
 250.0	11
 251.0	8.1
 252.0	13
 253.0	15.5
 254.0	15.3333
 255.0	12
 256.0	13
 257.0	10.5
 258.0	17.5
 259.0	13.0667
 260.0	12
 261.0	19
 262.0	10.2
 263.0	16.5
 264.0	11
 265.0	9.5
 266.0	8
 267.0	19
 268.0	9.5
 269.0	8
 270.0	15
 271.0	8
 272.0	14
 273.0	16
 274.0	16
 275.0	11
 276.0	9
 277.0	13.2714
 278.0	15.125
 279.0	14.0833
 280.0	10.1429
 281.0	12
 282.0	11
 283.0	13
 284.0	8
 285.0	14
 286.0	19
 287.0	20
 288.0	16
 289.0	15
 290.0	9
 291.0	7
 292.0	6
 293.0	14
 294.0	8
 295.0	14.5
 296.0	14
 297.0	10
 298.0	12
 299.0	13
 300.0	10
 301.0	13.3333
 302.0	11
 303.0	13
 304.0	14
 305.0	10.5714
 306.0	7
 307.0	13
 308.0	11
 309.0	12.5
 310.0	15
 311.0	13
 312.0	13
 313.0	12
 314.0	10
 315.0	13
 316.0	8
 317.0	17
 318.0	14
 319.0	13.125
 320.0	6
 321.0	8.06667
 322.0	12.5
 323.0	7
 324.0	9.64286
 325.0	13
 326.0	12.5
 327.0	13
DB 1 MOTIF	E2F4_HUMAN.H11MO.0.A
-325.5	25
-324.5	29.5
-323.5	26
-322.5	28
-321.5	23
-320.5	29
-319.5	17
-318.5	26
-317.5	25.0714
-316.5	28.3333
-315.5	30.1
-314.5	28.5
-313.5	23.8333
-312.5	22.5
-311.5	33.5
-310.5	17
-309.5	36
-308.5	27.6667
-307.5	26
-306.5	20
-305.5	28.4103
-304.5	20.3333
-303.5	29
-302.5	25
-301.5	16.5
-300.5	17
-299.5	25.5
-298.5	19.5
-297.5	15
-296.5	17
-295.5	34
-294.5	29.8333
-293.5	24
-292.5	22
-291.5	22
-290.5	17.5
-289.5	24
-288.5	29.3333
-287.5	20.5
-286.5	18
-285.5	24.0714
-284.5	23.5
-283.5	19
-282.5	18
-281.5	24
-280.5	21.5
-279.5	20.6
-278.5	25
-277.5	16.1111
-276.5	25
-275.5	13.5
-274.5	20
-273.5	22.0769
-272.5	19
-271.5	16
-270.5	22.25
-269.5	28
-268.5	23.6
-267.5	17
-266.5	16.5
-265.5	20.5
-264.5	16
-263.5	20.5
-262.5	20.3333
-261.5	19.5
-260.5	24
-259.5	15
-258.5	24.3333
-257.5	24.5
-256.5	24
-255.5	20
-254.5	23.8214
-253.5	21.5
-252.5	22
-251.5	19
-250.5	19
-249.5	25
-248.5	26.1111
-247.5	14.5
-246.5	19
-245.5	24.5
-244.5	29.0769
-243.5	15
-242.5	23.3333
-241.5	19
-240.5	19
-239.5	17
-238.5	22
-237.5	26.5
-236.5	25
-235.5	24
-234.5	23
-233.5	20
-232.5	22
-231.5	23
-230.5	18.3333
-229.5	20.5
-228.5	14.3333
-227.5	19
-226.5	24
-225.5	34.5
-224.5	24.5
-223.5	14.1
-222.5	34.8667
-221.5	21.25
-220.5	27.5
-219.5	21.2111
-218.5	27
-217.5	28.5
-216.5	22.5
-215.5	23.0769
-214.5	26
-213.5	16.25
-212.5	22
-211.5	19.3333
-210.5	21.7
-209.5	24.25
-208.5	28.5
-207.5	24
-206.5	17
-205.5	18.5
-204.5	26
-203.5	28
-202.5	23
-201.5	33.3333
-200.5	30
-199.5	26.8333
-198.5	26.2
-197.5	20
-196.5	27
-195.5	25
-194.5	28
-193.5	32.0714
-192.5	22
-191.5	32
-190.5	29.1111
-189.5	24
-188.5	25
-187.5	23
-186.5	21
-185.5	30.5833
-184.5	23.5
-183.5	21
-182.5	24.5
-181.5	23
-180.5	26.5
-179.5	24
-178.5	24.3333
-177.5	29.25
-176.5	20.5
-175.5	36.6
-174.5	21.5333
-173.5	21
-172.5	26
-171.5	24.1667
-170.5	26.75
-169.5	19
-168.5	24
-167.5	24.6
-166.5	28.3333
-165.5	17.2
-164.5	23.9048
-163.5	24.5
-162.5	26.5
-161.5	25.5
-160.5	16
-159.5	21
-158.5	31.6111
-157.5	33
-156.5	23.1667
-155.5	37.5769
-154.5	24.5
-153.5	14.8333
-152.5	23
-151.5	24
-150.5	12.2
-149.5	21
-148.5	22.75
-147.5	24
-146.5	16
-145.5	26.1667
-144.5	17.3333
-143.5	24.5
-142.5	22
-141.5	28.8333
-140.5	15
-139.5	31
-138.5	28.3333
-137.5	28.5
-136.5	20
-135.5	23
-134.5	27
-133.5	33
-132.5	23
-131.5	19
-130.5	32.5
-129.5	13
-128.5	24.1
-127.5	19
-126.5	24.1111
-125.5	18.0769
-124.5	26
-123.5	24
-122.5	22
-121.5	21.8333
-120.5	25.1667
-119.5	32.25
-118.5	23
-117.5	25
-116.5	28
-115.5	25
-114.5	28.3333
-113.5	20.5
-112.5	23.5
-111.5	31
-110.5	20
-109.5	20.5
-108.5	25
-107.5	27
-106.5	19
-105.5	17.3333
-104.5	24
-103.5	34.0714
-102.5	28.8333
-101.5	16
-100.5	22
 -99.5	23.6667
 -98.5	25
 -97.5	25.1667
 -96.5	24.2
 -95.5	26.1667
 -94.5	18.6111
 -93.5	30
 -92.5	20
 -91.5	25
 -90.5	19.5
 -89.5	19.5
 -88.5	33
 -87.5	24.25
 -86.5	27.3333
 -85.5	22
 -84.5	20.6
 -83.5	30.5
 -82.5	20
 -81.5	16
 -80.5	25
 -79.5	28
 -78.5	17.8333
 -77.5	25
 -76.5	25
 -75.5	21
 -74.5	32.5
 -73.5	32.5
 -72.5	23.3333
 -71.5	27.0714
 -70.5	30.5
 -69.5	23
 -68.5	19.25
 -67.5	25
 -66.5	20
 -65.5	30
 -64.5	21
 -63.5	23.3333
 -62.5	15.1111
 -61.5	15.5
 -60.5	21.1667
 -59.5	26.5
 -58.5	22.5
 -57.5	16
 -56.5	35
 -55.5	21.5
 -54.5	21
 -53.5	15
 -52.5	23.7
 -51.5	25
 -50.5	21.5
 -49.5	26.1667
 -48.5	28.1667
 -47.5	19.5
 -46.5	22
 -45.5	34.5
 -44.5	23
 -43.5	21.5
 -42.5	25.0714
 -41.5	26
 -40.5	20.5
 -39.5	22
 -38.5	23
 -37.5	30.6667
 -36.5	32.0769
 -35.5	23.25
 -34.5	14
 -33.5	27
 -32.5	26.1
 -31.5	16.3333
 -30.5	29.1111
 -29.5	22
 -28.5	21.1
 -27.5	25
 -26.5	18.75
 -25.5	22
 -24.5	30.8333
 -23.5	32
 -22.5	29
 -21.5	28
 -20.5	24.5
 -19.5	18.5
 -18.5	38
 -17.5	20.5
 -16.5	24
 -15.5	26
 -14.5	21.5
 -13.5	17.2381
 -12.5	20
 -11.5	19
 -10.5	34
  -9.5	26.5
  -8.5	22
  -7.5	21.8333
  -6.5	28.4103
  -5.5	19
  -4.5	30
  -3.5	20
  -2.5	19
  -1.5	30.5
  -0.5	31.8333
   0.5	25
   1.5	27.5
   2.5	27.4167
   3.5	20.5
   4.5	23.7
   5.5	27
   6.5	21
   7.5	28
   8.5	26
   9.5	28
  10.5	26
  11.5	25
  12.5	27.5
  13.5	25.1667
  14.5	29.25
  15.5	19
  16.5	19.25
  17.5	22.5
  18.5	23
  19.5	25.5
  20.5	24.5
  21.5	25.1667
  22.5	20
  23.5	27.5
  24.5	26.5
  25.5	31.3333
  26.5	30
  27.5	22.1
  28.5	25
  29.5	20
  30.5	21.5
  31.5	33.5
  32.5	28.5
  33.5	26
  34.5	11.25
  35.5	18
  36.5	21
  37.5	22.5
  38.5	19
  39.5	22.5
  40.5	27.5
  41.5	20
  42.5	26
  43.5	32
  44.5	23
  45.5	17
  46.5	27.0714
  47.5	16
  48.5	25
  49.5	28.25
  50.5	29.1667
  51.5	18
  52.5	28.1667
  53.5	32.6667
  54.5	28.8333
  55.5	31
  56.5	18.5
  57.5	22.0769
  58.5	27
  59.5	16.25
  60.5	24
  61.5	22.8
  62.5	18
  63.5	22
  64.5	19.8333
  65.5	22.5
  66.5	23
  67.5	18
  68.5	22
  69.5	27.5
  70.5	26.5
  71.5	24
  72.5	17
  73.5	28
  74.5	21
  75.5	19
  76.5	20.0714
  77.5	18
  78.5	25.5
  79.5	18
  80.5	21
  81.5	16
  82.5	30
  83.5	20.1
  84.5	25.25
  85.5	17
  86.5	26.5
  87.5	20.1667
  88.5	31.8333
  89.5	27
  90.5	22
  91.5	21
  92.5	22
  93.5	22.5
  94.5	29
  95.5	28
  96.5	20
  97.5	31.75
  98.5	19
  99.5	22.3333
 100.5	20
 101.5	30
 102.5	25
 103.5	28.5
 104.5	20.1667
 105.5	23.5
 106.5	23.5
 107.5	34.5
 108.5	21.1
 109.5	21
 110.5	22.2
 111.5	27
 112.5	20.5
 113.5	12
 114.5	26.25
 115.5	34.5
 116.5	24
 117.5	20
 118.5	24.2
 119.5	29
 120.5	25.5
 121.5	20.5
 122.5	21
 123.5	21
 124.5	27.5
 125.5	20
 126.5	20.6667
 127.5	33.5
 128.5	31.8333
 129.5	22.3333
 130.5	23.5
 131.5	29
 132.5	23
 133.5	19.5
 134.5	31.5
 135.5	28.5
 136.5	21
 137.5	27
 138.5	23
 139.5	24.1
 140.5	20.75
 141.5	18
 142.5	20
 143.5	20.5
 144.5	24.5
 145.5	25.5
 146.5	14
 147.5	26.5
 148.5	26
 149.5	28.0769
 150.5	21
 151.5	23
 152.5	23.5
 153.5	24
 154.5	27
 155.5	21.2667
 156.5	23
 157.5	23.5
 158.5	21
 159.5	26
 160.5	19
 161.5	35.3333
 162.5	25
 163.5	22.1667
 164.5	22
 165.5	27.0714
 166.5	29
 167.5	30.6667
 168.5	18
 169.5	21.5
 170.5	27
 171.5	26.5
 172.5	22
 173.5	26.5
 174.5	13
 175.5	27.2
 176.5	16.8333
 177.5	22.5
 178.5	25
 179.5	16
 180.5	28
 181.5	25.5769
 182.5	21
 183.5	28
 184.5	20
 185.5	33
 186.5	24.5
 187.5	33
 188.5	23
 189.5	26.5
 190.5	23
 191.5	26
 192.5	33
 193.5	22
 194.5	26
 195.5	27.6714
 196.5	25
 197.5	17.5
 198.5	23
 199.5	20
 200.5	14.5
 201.5	29.8333
 202.5	26
 203.5	28.5
 204.5	11
 205.5	28
 206.5	16
 207.5	27
 208.5	27.3333
 209.5	24.5
 210.5	21
 211.5	21
 212.5	17
 213.5	20
 214.5	24
 215.5	14
 216.5	13.5
 217.5	27.5
 218.5	26
 219.5	37
 220.5	25.3333
 221.5	23
 222.5	23.5
 223.5	21
 224.5	10
 225.5	18
 226.5	25
 227.5	17
 228.5	26
 229.5	12
 230.5	27
 231.5	21
 232.5	27.5
 233.5	23.8333
 234.5	24.5
 235.5	22
 236.5	18
 237.5	25.1667
 238.5	14
 239.5	20
 240.5	18.3333
 241.5	23.5
 242.5	14
 243.5	23
 244.5	17
 245.5	31
 246.5	17.5
 247.5	20
 248.5	18.7
 249.5	13.1
 250.5	24
 251.5	22.1
 252.5	20
 253.5	26
 254.5	14.5
 255.5	17
 256.5	19.5
 257.5	13
 258.5	21
 259.5	19.0714
 260.5	17
 261.5	26.5
 262.5	29.5
 263.5	26
 264.5	27
 265.5	31.5
 266.5	21.5
 267.5	16
 268.5	20
 269.5	25.3333
 270.5	19
 271.5	22
 272.5	24
 273.5	24.3333
 274.5	29.1667
 275.5	16.5
 276.5	21
 277.5	20.5769
 278.5	16
 279.5	24
 280.5	22
 281.5	29
 282.5	17
 283.5	16
 284.5	21
 285.5	14.5
 286.5	26.5
 287.5	18.5
 288.5	24
 289.5	24
 290.5	17
 291.5	14.5
 292.5	21
 293.5	16
 294.5	21.3333
 295.5	18
 296.5	22.5
 297.5	17
 298.5	19
 299.5	23.5
 300.5	21.3333
 301.5	15
 302.5	25
 303.5	22
 304.5	27
 305.5	23.5769
 306.5	20.3333
 307.5	22
 308.5	22
 309.5	27
 310.5	21.5
 311.5	24.6667
 312.5	20
 313.5	23
 314.5	27.5
 315.5	26
 316.5	26
 317.5	15.2
 318.5	19
 319.5	24.5
 320.5	19
 321.5	25
 322.5	24.8333
 323.5	20
 324.5	26
 325.5	23
DB 1 MOTIF	EGR4_HUMAN.H11MO.0.D
-326.5	24.5
-325.5	24
-324.5	14.2
-323.5	19.5
-322.5	23
-321.5	14.5
-320.5	15
-319.5	23.3333
-318.5	21.5
-317.5	22
-316.5	11.35
-315.5	18.3333
-314.5	12
-313.5	23.3333
-312.5	16.1111
-311.5	11
-310.5	17.3333
-309.5	21
-308.5	16
-307.5	20.6242
-306.5	17.2
-305.5	21.3333
-304.5	24.9242
-303.5	14.1429
-302.5	20.5
-301.5	18
-300.5	20
-299.5	20
-298.5	18.5
-297.5	23.3333
-296.5	14.8333
-295.5	23
-294.5	13
-293.5	21.9762
-292.5	18.5
-291.5	20
-290.5	12.5
-289.5	13.5
-288.5	16
-287.5	17.5
-286.5	28.3333
-285.5	18.5
-284.5	23
-283.5	11.2
-282.5	13.8333
-281.5	19.3333
-280.5	25.5
-279.5	18
-278.5	20.4167
-277.5	14.5
-276.5	21.5
-275.5	11
-274.5	14
-273.5	22.1111
-272.5	19
-271.5	19
-270.5	24
-269.5	14.4333
-268.5	24.6429
-267.5	14.7576
-266.5	15.5
-265.5	15.8333
-264.5	17.5333
-263.5	15.8333
-262.5	12
-261.5	18.3333
-260.5	19
-259.5	21
-258.5	21.5
-257.5	13.3333
-256.5	16
-255.5	17.5
-254.5	14.8333
-253.5	15
-252.5	15.5
-251.5	15
-250.5	11.5
-249.5	21.5
-248.5	19.5
-247.5	20.5
-246.5	16.3333
-245.5	15.3333
-244.5	7
-243.5	20.5
-242.5	18.5
-241.5	12.3333
-240.5	14.25
-239.5	11.5
-238.5	18
-237.5	23.3333
-236.5	16
-235.5	18
-234.5	18.6444
-233.5	13.8429
-232.5	22.5
-231.5	15
-230.5	16.6818
-229.5	18
-228.5	13.5
-227.5	21.7
-226.5	14.5
-225.5	18
-224.5	22
-223.5	10
-222.5	14
-221.5	15.2
-220.5	14.8
-219.5	20
-218.5	18
-217.5	20
-216.5	22.5
-215.5	16.7
-214.5	22.5
-213.5	17.7
-212.5	21.5
-211.5	19
-210.5	12
-209.5	17.5333
-208.5	15.5
-207.5	24
-206.5	21
-205.5	20.5
-204.5	14.8333
-203.5	20.5
-202.5	27.3929
-201.5	20.1429
-200.5	11
-199.5	14.5333
-198.5	14.6429
-197.5	21.3333
-196.5	17
-195.5	27.4444
-194.5	20
-193.5	19.0909
-192.5	20.5
-191.5	21.5
-190.5	14
-189.5	17
-188.5	20
-187.5	18.5
-186.5	19
-185.5	16.3333
-184.5	11
-183.5	15.2
-182.5	16.2909
-181.5	18.125
-180.5	20.3333
-179.5	13
-178.5	17.2
-177.5	17.1429
-176.5	15.6
-175.5	20.2
-174.5	16.8333
-173.5	23
-172.5	28.2
-171.5	18.3333
-170.5	19
-169.5	15.7
-168.5	19.5
-167.5	17
-166.5	27.7
-165.5	15
-164.5	13.8333
-163.5	19.3929
-162.5	19
-161.5	24.5
-160.5	12.5
-159.5	16
-158.5	17
-157.5	17.8333
-156.5	16.202
-155.5	20.3095
-154.5	20.5
-153.5	20
-152.5	23
-151.5	17
-150.5	28
-149.5	15
-148.5	18.5
-147.5	24.5
-146.5	19
-145.5	17.1909
-144.5	20.4583
-143.5	16.5
-142.5	24.6
-141.5	19
-140.5	18.3429
-139.5	20.1
-138.5	23.3333
-137.5	16
-136.5	24.7111
-135.5	16
-134.5	15
-133.5	14.1
-132.5	16.5
-131.5	20.2
-130.5	17.1167
-129.5	16.35
-128.5	13.1429
-127.5	17
-126.5	19.4167
-125.5	17.8333
-124.5	19
-123.5	21
-122.5	20.25
-121.5	13.6
-120.5	19.0833
-119.5	11.2576
-118.5	21.1
-117.5	20.3611
-116.5	20.5
-115.5	15.6
-114.5	24.25
-113.5	11
-112.5	15
-111.5	13.25
-110.5	13.5909
-109.5	23.1429
-108.5	27
-107.5	22.5
-106.5	20.5
-105.5	18.5
-104.5	26
-103.5	9
-102.5	18.3333
-101.5	19.5
-100.5	24
 -99.5	14.65
 -98.5	14.5
 -97.5	23.3
 -96.5	14.2
 -95.5	24.3611
 -94.5	19.6
 -93.5	17.3429
 -92.5	19
 -91.5	15
 -90.5	17.5333
 -89.5	21.5
 -88.5	20
 -87.5	23.2
 -86.5	21.5
 -85.5	16.5
 -84.5	31
 -83.5	19.6667
 -82.5	18.0909
 -81.5	20
 -80.5	18.5
 -79.5	10.5
 -78.5	22.454
 -77.5	18.1667
 -76.5	17.1667
 -75.5	22
 -74.5	12.5
 -73.5	17.5
 -72.5	17.7
 -71.5	21.0909
 -70.5	23.0909
 -69.5	17
 -68.5	14.125
 -67.5	17.7
 -66.5	18
 -65.5	21
 -64.5	13.2
 -63.5	21.6429
 -62.5	16.5
 -61.5	11.3929
 -60.5	21
 -59.5	18
 -58.5	11
 -57.5	22
 -56.5	17
 -55.5	11
 -54.5	20.5
 -53.5	23
 -52.5	22.7
 -51.5	16
 -50.5	13
 -49.5	20.8333
 -48.5	16.1667
 -47.5	16.75
 -46.5	14.6111
 -45.5	21.0909
 -44.5	27.5
 -43.5	12
 -42.5	17.25
 -41.5	16.5
 -40.5	19
 -39.5	14.1111
 -38.5	24
 -37.5	20
 -36.5	16
 -35.5	17.8762
 -34.5	31.0909
 -33.5	16.6
 -32.5	19
 -31.5	23.5
 -30.5	11.2576
 -29.5	22
 -28.5	26
 -27.5	24.5
 -26.5	22.7833
 -25.5	17.2
 -24.5	23.1429
 -23.5	15
 -22.5	16.5
 -21.5	26.5
 -20.5	24.5
 -19.5	24
 -18.5	19.75
 -17.5	25.1429
 -16.5	21
 -15.5	22.25
 -14.5	22.3333
 -13.5	15
 -12.5	24.9167
 -11.5	28.5
 -10.5	33
  -9.5	18.25
  -8.5	18
  -7.5	16.1111
  -6.5	27
  -5.5	18.25
  -4.5	34.5
  -3.5	25.7
  -2.5	13.5
  -1.5	25.3333
  -0.5	19.5
   0.5	22
   1.5	21
   2.5	19
   3.5	23
   4.5	24
   5.5	21.125
   6.5	19.1429
   7.5	19
   8.5	19
   9.5	17.5909
  10.5	15
  11.5	23
  12.5	16
  13.5	21.5
  14.5	24
  15.5	21.25
  16.5	27.8333
  17.5	17.5
  18.5	13.5
  19.5	24.5
  20.5	17.8333
  21.5	20.2
  22.5	19.3667
  23.5	13.3333
  24.5	18
  25.5	16.8667
  26.5	20.8333
  27.5	23
  28.5	21.3429
  29.5	20
  30.5	17
  31.5	18.2
  32.5	21.5
  33.5	34.1111
  34.5	14.7
  35.5	17
  36.5	19
  37.5	17.5
  38.5	19.3333
  39.5	10.2159
  40.5	17
  41.5	25.1667
  42.5	16.5
  43.5	13
  44.5	28
  45.5	9.5
  46.5	12.0909
  47.5	20
  48.5	12.7
  49.5	19.1667
  50.5	25.2
  51.5	28.1429
  52.5	24
  53.5	19
  54.5	23
  55.5	16
  56.5	26
  57.5	17
  58.5	16.8333
  59.5	16.5
  60.5	22.1
  61.5	17
  62.5	20
  63.5	19.8333
  64.5	17
  65.5	18.3333
  66.5	17.3333
  67.5	16.8409
  68.5	24
  69.5	20.5
  70.5	14
  71.5	18.5
  72.5	22.5
  73.5	22.3333
  74.5	15.1111
  75.5	10.2
  76.5	12.0909
  77.5	17.5
  78.5	16.9028
  79.5	20.5
  80.5	25
  81.5	21
  82.5	12.6667
  83.5	15.5909
  84.5	20
  85.5	14.2
  86.5	15
  87.5	9
  88.5	23
  89.5	23.5
  90.5	13
  91.5	21.5
  92.5	13
  93.5	21
  94.5	21
  95.5	17
  96.5	19
  97.5	18
  98.5	15.5
  99.5	11.8333
 100.5	24
 101.5	23.5
 102.5	16.8333
 103.5	18
 104.5	20.3333
 105.5	22.3333
 106.5	18
 107.5	13.6
 108.5	18
 109.5	10.5
 110.5	14.6667
 111.5	23
 112.5	19
 113.5	20.0909
 114.5	20.5
 115.5	8.77778
 116.5	19
 117.5	18
 118.5	11.5
 119.5	18.3333
 120.5	16
 121.5	24
 122.5	13.8333
 123.5	20.8333
 124.5	15.75
 125.5	20
 126.5	19.5
 127.5	21.7
 128.5	28
 129.5	22
 130.5	22.1429
 131.5	10
 132.5	15
 133.5	15.5
 134.5	24
 135.5	20
 136.5	24.5
 137.5	23.125
 138.5	15
 139.5	19.5
 140.5	17
 141.5	14.0909
 142.5	18
 143.5	16
 144.5	25.5
 145.5	16.5
 146.5	19
 147.5	17
 148.5	28.1667
 149.5	18
 150.5	15.5909
 151.5	10
 152.5	18.1667
 153.5	22
 154.5	25.1
 155.5	15
 156.5	10.1111
 157.5	11.625
 158.5	15.5
 159.5	20.5
 160.5	15.5
 161.5	20.5
 162.5	21.4242
 163.5	17.75
 164.5	21
 165.5	20.5
 166.5	13
 167.5	23
 168.5	18
 169.5	24
 170.5	23
 171.5	15
 172.5	14.5
 173.5	13.6429
 174.5	16.5
 175.5	24.5
 176.5	16
 177.5	16.125
 178.5	14.5
 179.5	18.45
 180.5	19.5
 181.5	11.3333
 182.5	22.25
 183.5	15.5
 184.5	16.5
 185.5	25.75
 186.5	18
 187.5	15.0909
 188.5	21.0833
 189.5	23.1667
 190.5	22.75
 191.5	10.5
 192.5	14
 193.5	12.625
 194.5	15.5
 195.5	16
 196.5	14.2
 197.5	22.7361
 198.5	11
 199.5	16.0909
 200.5	21
 201.5	12
 202.5	9.5
 203.5	20.8333
 204.5	25
 205.5	12
 206.5	21
 207.5	17.5
 208.5	21
 209.5	22.5
 210.5	19
 211.5	17
 212.5	13.3333
 213.5	10
 214.5	17
 215.5	25
 216.5	17
 217.5	20.125
 218.5	17.3095
 219.5	17.3333
 220.5	24.5
 221.5	24
 222.5	13.5
 223.5	16.4444
 224.5	14.0909
 225.5	14
 226.5	11.2
 227.5	26.5
 228.5	20.25
 229.5	11
 230.5	15.5
 231.5	14.3111
 232.5	20
 233.5	15
 234.5	20.25
 235.5	20
 236.5	14.5
 237.5	14.625
 238.5	13.25
 239.5	12.1111
 240.5	19
 241.5	10
 242.5	13.8333
 243.5	15
 244.5	16.75
 245.5	27
 246.5	16
 247.5	14.6111
 248.5	24.35
 249.5	22
 250.5	26
 251.5	13.5
 252.5	12.75
 253.5	11
 254.5	18
 255.5	20.1111
 256.5	12.45
 257.5	14.625
 258.5	17
 259.5	20
 260.5	13
 261.5	12.0909
 262.5	19
 263.5	14.0278
 264.5	16
 265.5	11.5
 266.5	22.25
 267.5	15.5
 268.5	13
 269.5	18
 270.5	14
 271.5	17.2361
 272.5	13.5
 273.5	18.5
 274.5	15
 275.5	10.9762
 276.5	24.5
 277.5	17.125
 278.5	12.0909
 279.5	16.2778
 280.5	18
 281.5	13
 282.5	14.5
 283.5	15.2
 284.5	14
 285.5	12.5
 286.5	11.2
 287.5	13.6111
 288.5	8.25
 289.5	11
 290.5	11
 291.5	27.5
 292.5	13.0909
 293.5	8
 294.5	16.3333
 295.5	13.6667
 296.5	10
 297.5	19
 298.5	13.1667
 299.5	14.5
 300.5	14.1667
 301.5	14.3333
 302.5	18.5
 303.5	16
 304.5	21.25
 305.5	14.5
 306.5	22.5
 307.5	19.3333
 308.5	17
 309.5	16
 310.5	16.8333
 311.5	16
 312.5	21.1429
 313.5	14.3333
 314.5	14
 315.5	13.5333
 316.5	19
 317.5	7
 318.5	12
 319.5	9
 320.5	19.3333
 321.5	13
 322.5	15.5
 323.5	21
 324.5	14.5
 325.5	12.5
 326.5	17
DB 1 MOTIF	ESR2_HUMAN.H11MO.0.A
-324.5	23
-323.5	22
-322.5	22.5
-321.5	35
-320.5	18
-319.5	20
-318.5	23
-317.5	25
-316.5	27
-315.5	25
-314.5	23.5
-313.5	25.5
-312.5	32
-311.5	25.5
-310.5	28
-309.5	28
-308.5	17
-307.5	21.1667
-306.5	36
-305.5	26.3333
-304.5	24
-303.5	29
-302.5	20
-301.5	23
-300.5	33
-299.5	26
-298.5	30
-297.5	22
-296.5	29
-295.5	23
-294.5	28
-293.5	24
-292.5	28
-291.5	15
-290.5	27
-289.5	21
-288.5	27.5
-287.5	32.5
-286.5	18
-285.5	22
-284.5	26
-283.5	26.5
-282.5	26
-281.5	33
-280.5	23
-279.5	17
-278.5	28.5
-277.5	23
-276.5	19
-275.5	28
-274.5	26
-273.5	26.5
-272.5	25
-271.5	31
-270.5	27
-269.5	16
-268.5	17.5
-267.5	26.5
-266.5	16.5
-265.5	24
-264.5	33
-263.5	28.5
-262.5	24.5
-261.5	15
-260.5	24
-259.5	22.3095
-258.5	18.5
-257.5	23
-256.5	26
-255.5	25
-254.5	18
-253.5	26
-252.5	23
-251.5	17
-250.5	22
-249.5	17
-248.5	16
-247.5	28
-246.5	27.5
-245.5	14.6429
-244.5	22
-243.5	18.5
-242.5	28
-241.5	23.5
-240.5	24
-239.5	30.3333
-238.5	17
-237.5	34
-236.5	24.125
-235.5	34.5
-234.5	24
-233.5	17
-232.5	28.5
-231.5	28
-230.5	24
-229.5	22
-228.5	27
-227.5	29
-226.5	24
-225.5	29
-224.5	26
-223.5	31
-222.5	37
-221.5	26
-220.5	16
-219.5	15.1429
-218.5	28.1111
-217.5	20
-216.5	21
-215.5	24
-214.5	23
-213.5	22
-212.5	23
-211.5	20
-210.5	21.1667
-209.5	24
-208.5	16
-207.5	18
-206.5	29
-205.5	15
-204.5	18
-203.5	21.1111
-202.5	24
-201.5	33.1012
-200.5	26
-199.5	16
-198.5	25
-197.5	26.5
-196.5	22
-195.5	29
-194.5	23.5
-193.5	29.5
-192.5	23.5
-191.5	26
-190.5	26
-189.5	26.1
-188.5	34
-187.5	30
-186.5	38
-185.5	20
-184.5	28
-183.5	24.5
-182.5	23
-181.5	30.5
-180.5	20
-179.5	17.1429
-178.5	24.5
-177.5	18.5
-176.5	31
-175.5	24
-174.5	33.1111
-173.5	23
-172.5	27
-171.5	27
-170.5	32
-169.5	25.5
-168.5	22.5
-167.5	25
-166.5	25.125
-165.5	31
-164.5	25
-163.5	21.5
-162.5	21
-161.5	24.6667
-160.5	13.1667
-159.5	27
-158.5	26
-157.5	29.1429
-156.5	37
-155.5	29
-154.5	25
-153.5	23
-152.5	20
-151.5	19.6
-150.5	24.5
-149.5	28
-148.5	23
-147.5	17.5
-146.5	23
-145.5	24
-144.5	14
-143.5	32
-142.5	32.1603
-141.5	20
-140.5	28
-139.5	24.6429
-138.5	24
-137.5	25
-136.5	26.5
-135.5	30
-134.5	26.3333
-133.5	21
-132.5	15
-131.5	20.125
-130.5	30.5
-129.5	30
-128.5	26.5
-127.5	22
-126.5	30.5
-125.5	27.5
-124.5	32.3333
-123.5	35.5
-122.5	36.5
-121.5	24
-120.5	17
-119.5	13
-118.5	29.5
-117.5	27
-116.5	29
-115.5	27
-114.5	22
-113.5	31.3198
-112.5	21
-111.5	28.2778
-110.5	22
-109.5	21
-108.5	23
-107.5	14
-106.5	20
-105.5	25.5
-104.5	22
-103.5	17
-102.5	16
-101.5	27
-100.5	29
 -99.5	24.1429
 -98.5	18
 -97.5	35
 -96.5	21.125
 -95.5	38
 -94.5	28
 -93.5	30.3333
 -92.5	31
 -91.5	23.3333
 -90.5	30
 -89.5	27.5
 -88.5	31
 -87.5	24
 -86.5	19
 -85.5	20
 -84.5	22.3269
 -83.5	28
 -82.5	25
 -81.5	27
 -80.5	24
 -79.5	20.5
 -78.5	21.3333
 -77.5	25
 -76.5	33.5
 -75.5	25.1
 -74.5	29
 -73.5	23
 -72.5	19
 -71.5	30
 -70.5	15
 -69.5	22.1429
 -68.5	24
 -67.5	27.5
 -66.5	21
 -65.5	26.5
 -64.5	21
 -63.5	28.1667
 -62.5	26.3333
 -61.5	26.2917
 -60.5	35.5
 -59.5	26.6429
 -58.5	24
 -57.5	20.5
 -56.5	25.5
 -55.5	29.0769
 -54.5	23
 -53.5	31.5
 -52.5	26
 -51.5	23
 -50.5	26
 -49.5	29.5
 -48.5	27
 -47.5	28
 -46.5	20.3333
 -45.5	20
 -44.5	24
 -43.5	27
 -42.5	25
 -41.5	22
 -40.5	29.5
 -39.5	26
 -38.5	25
 -37.5	20.1
 -36.5	24
 -35.5	23.5
 -34.5	36.5
 -33.5	21.5
 -32.5	28
 -31.5	29.25
 -30.5	24
 -29.5	24.5
 -28.5	23
 -27.5	23.3333
 -26.5	19.9519
 -25.5	31.1429
 -24.5	28
 -23.5	19
 -22.5	28
 -21.5	23.5
 -20.5	26
 -19.5	22.754
 -18.5	29
 -17.5	20
 -16.5	31
 -15.5	28.6667
 -14.5	31
 -13.5	26.5
 -12.5	24
 -11.5	25
 -10.5	23
  -9.5	30
  -8.5	25.5
  -7.5	19.1111
  -6.5	31
  -5.5	25
  -4.5	16
  -3.5	27
  -2.5	30
  -1.5	29
  -0.5	33
   0.5	37.1
   1.5	18
   2.5	19.4103
   3.5	32
   4.5	36.5
   5.5	11
   6.5	26
   7.5	30
   8.5	24.625
   9.5	24
  10.5	23
  11.5	30
  12.5	30.5
  13.5	27
  14.5	25
  15.5	20.5
  16.5	26
  17.5	29
  18.5	20.25
  19.5	20.5
  20.5	30
  21.5	23
  22.5	32
  23.5	18
  24.5	30.5
  25.5	21.3333
  26.5	23.1111
  27.5	37.5
  28.5	27
  29.5	26.25
  30.5	20.5
  31.5	36.5769
  32.5	36.5
  33.5	21
  34.5	24.5
  35.5	27.5
  36.5	24.1111
  37.5	27.1667
  38.5	38.6
  39.5	27
  40.5	32.5
  41.5	24
  42.5	33.1667
  43.5	31.3333
  44.5	36
  45.5	28.25
  46.5	24
  47.5	28.5
  48.5	15
  49.5	22
  50.5	27
  51.5	14
  52.5	28
  53.5	19
  54.5	37
  55.5	20.5
  56.5	27
  57.5	18
  58.5	31.5
  59.5	14
  60.5	20.0769
  61.5	18.25
  62.5	22.6429
  63.5	17
  64.5	26
  65.5	30
  66.5	24.5
  67.5	29
  68.5	23
  69.5	21
  70.5	19
  71.5	25
  72.5	28.4444
  73.5	25
  74.5	35.3333
  75.5	33
  76.5	23.5
  77.5	21.8333
  78.5	26
  79.5	21
  80.5	33.1111
  81.5	31.5
  82.5	26
  83.5	17
  84.5	37
  85.5	19.5
  86.5	31
  87.5	24
  88.5	20
  89.5	27.0769
  90.5	31
  91.5	20.5
  92.5	18
  93.5	37
  94.5	24.1667
  95.5	15
  96.5	22.5
  97.5	29
  98.5	24
  99.5	20.25
 100.5	22
 101.5	23
 102.5	22
 103.5	17
 104.5	30.3333
 105.5	23
 106.5	28.5
 107.5	18
 108.5	32
 109.5	28.5
 110.5	22
 111.5	21
 112.5	25.5
 113.5	21
 114.5	31
 115.5	37.5
 116.5	27.5
 117.5	25.5
 118.5	30.188
 119.5	20
 120.5	28
 121.5	27.25
 122.5	26
 123.5	19
 124.5	26.1111
 125.5	28
 126.5	20
 127.5	30
 128.5	29
 129.5	12.5
 130.5	22.5
 131.5	29
 132.5	32
 133.5	22
 134.5	16
 135.5	27.5
 136.5	19.1667
 137.5	22
 138.5	27
 139.5	28
 140.5	15
 141.5	12
 142.5	24.0833
 143.5	19.5
 144.5	18
 145.5	36.6
 146.5	19.1667
 147.5	17.0769
 148.5	24
 149.5	31.5
 150.5	31.5
 151.5	19.5
 152.5	21
 153.5	21
 154.5	25
 155.5	24
 156.5	26
 157.5	27
 158.5	22
 159.5	26
 160.5	32.25
 161.5	27
 162.5	24.3333
 163.5	20
 164.5	30
 165.5	24.5
 166.5	18.5
 167.5	24.5
 168.5	25.6111
 169.5	29
 170.5	16
 171.5	25
 172.5	25
 173.5	23.3333
 174.5	22.5
 175.5	22
 176.5	24.0769
 177.5	26.3333
 178.5	27.5
 179.5	19
 180.5	22
 181.5	22.5
 182.5	20
 183.5	26.1
 184.5	23.5
 185.5	31.5
 186.5	30.3333
 187.5	25
 188.5	35
 189.5	30
 190.5	28
 191.5	17
 192.5	30
 193.5	22
 194.5	17
 195.5	23.5
 196.5	18.5
 197.5	30
 198.5	34.1667
 199.5	17
 200.5	24
 201.5	27
 202.5	21
 203.5	26
 204.5	28
 205.5	21.0769
 206.5	27.5
 207.5	20
 208.5	23
 209.5	22
 210.5	21.6111
 211.5	26.8333
 212.5	24.1111
 213.5	23
 214.5	15
 215.5	30
 216.5	20
 217.5	26
 218.5	22
 219.5	29.8333
 220.5	22
 221.5	23.6
 222.5	26
 223.5	25.5
 224.5	22.5
 225.5	27
 226.5	18
 227.5	22.5
 228.5	16
 229.5	21
 230.5	28
 231.5	21
 232.5	17
 233.5	21.5
 234.5	21
 235.5	29.1667
 236.5	20
 237.5	22
 238.5	22
 239.5	29
 240.5	25
 241.5	17
 242.5	23
 243.5	24.5
 244.5	26
 245.5	27
 246.5	18.5
 247.5	16
 248.5	19.5
 249.5	24
 250.5	27.1667
 251.5	30
 252.5	28
 253.5	26
 254.5	21
 255.5	20
 256.5	22.1111
 257.5	29
 258.5	31
 259.5	21
 260.5	31
 261.5	27
 262.5	21
 263.5	22.5
 264.5	19.5
 265.5	26
 266.5	24.5
 267.5	20
 268.5	18
 269.5	27
 270.5	22
 271.5	22
 272.5	38
 273.5	19
 274.5	24
 275.5	20.5
 276.5	19
 277.5	21
 278.5	27.5
 279.5	31
 280.5	17
 281.5	17
 282.5	14
 283.5	24
 284.5	28
 285.5	24
 286.5	23
 287.5	27
 288.5	12
 289.5	21
 290.5	22
 291.5	20
 292.5	30.5
 293.5	27
 294.5	23
 295.5	28
 296.5	19
 297.5	22
 298.5	26.5
 299.5	19
 300.5	20.1111
 301.5	22.5
 302.5	25.2778
 303.5	28
 304.5	17
 305.5	22
 306.5	25
 307.5	22
 308.5	24
 309.5	23.3333
 310.5	14
 311.5	18.5
 312.5	16
 313.5	29
 314.5	26
 315.5	19
 316.5	28
 317.5	23.5
 318.5	23
 319.5	22
 320.5	25
 321.5	28
 322.5	16.5
 323.5	32
 324.5	23
DB 1 MOTIF	ESR2_HUMAN.H11MO.1.A
-328.5	25.2255
-327.5	30.0333
-326.5	26.25
-325.5	24.8333
-324.5	29
-323.5	21
-322.5	24.0588
-321.5	17.75
-320.5	22.0333
-319.5	22.8333
-318.5	28.5
-317.5	25.5
-316.5	21.4444
-315.5	20.8333
-314.5	16.3333
-313.5	22.3333
-312.5	28.5
-311.5	27
-310.5	25
-309.5	15.7667
-308.5	25.0333
-307.5	30.3333
-306.5	18.3333
-305.5	22.1667
-304.5	29.6667
-303.5	29.5
-302.5	21
-301.5	34.8333
-300.5	22.5588
-299.5	21
-298.5	26.2917
-297.5	29.8333
-296.5	20.3333
-295.5	26.25
-294.5	27.7222
-293.5	23.3333
-292.5	24.5
-291.5	28.8333
-290.5	34.5
-289.5	24.5
-288.5	24.5833
-287.5	14.5
-286.5	18.8333
-285.5	26
-284.5	22
-283.5	16.5588
-282.5	28.3333
-281.5	24.0278
-280.5	19.8333
-279.5	19.5
-278.5	23.5
-277.5	26.4762
-276.5	27.6144
-275.5	28.6667
-274.5	23.4167
-273.5	27.7
-272.5	20.5
-271.5	20
-270.5	28.6429
-269.5	21.8333
-268.5	17.5
-267.5	23.6667
-266.5	36.1111
-265.5	27.6667
-264.5	17
-263.5	26.5
-262.5	16.5
-261.5	24.7
-260.5	13.5
-259.5	22.3333
-258.5	31.627
-257.5	22
-256.5	28.3333
-255.5	23.8333
-254.5	32
-253.5	21.0833
-252.5	31.6667
-251.5	20.8333
-250.5	16.3333
-249.5	15.4167
-248.5	21.3333
-247.5	25.5
-246.5	20.9333
-245.5	28
-244.5	24.8922
-243.5	22.3333
-242.5	20.6667
-241.5	23.4583
-240.5	15.6667
-239.5	21.1111
-238.5	27
-237.5	30
-236.5	24.125
-235.5	15.8333
-234.5	24.1667
-233.5	29.1667
-232.5	29.4583
-231.5	18.5
-230.5	22.8333
-229.5	29.1667
-228.5	19.035
-227.5	19
-226.5	23
-225.5	21.8333
-224.5	20.75
-223.5	24.9167
-222.5	29.1667
-221.5	30.3056
-220.5	17.2
-219.5	34.0833
-218.5	23.2667
-217.5	18.0833
-216.5	23.4444
-215.5	19.5
-214.5	21.1048
-213.5	21.25
-212.5	20
-211.5	26.5
-210.5	26
-209.5	29.6667
-208.5	28.0588
-207.5	15.4167
-206.5	21.5
-205.5	30.3922
-204.5	35
-203.5	23.4583
-202.5	28.5556
-201.5	19
-200.5	25.1667
-199.5	17.5
-198.5	20.6667
-197.5	29.2361
-196.5	16.8333
-195.5	23
-194.5	24.5
-193.5	25.1667
-192.5	20.5
-191.5	26.3333
-190.5	24.8333
-189.5	27.6
-188.5	18.3333
-187.5	28.25
-186.5	27.25
-185.5	23.3333
-184.5	22.9583
-183.5	36.9889
-182.5	28.8333
-181.5	21.8333
-180.5	20.4762
-179.5	26
-178.5	30.2917
-177.5	23.5
-176.5	22.8333
-175.5	24.5
-174.5	25.7
-173.5	21.3333
-172.5	25.8333
-171.5	29.3333
-170.5	22.0714
-169.5	41.5
-168.5	29.8333
-167.5	20.5833
-166.5	31.1699
-165.5	24.5
-164.5	34.5
-163.5	19.8333
-162.5	25.125
-161.5	30.25
-160.5	23.1
-159.5	16.25
-158.5	24.8333
-157.5	32.5
-156.5	18.0333
-155.5	22.1944
-154.5	21.8333
-153.5	30.8333
-152.5	21.5588
-151.5	15.3333
-150.5	19.5
-149.5	23
-148.5	27
-147.5	30.5
-146.5	21.5
-145.5	26
-144.5	21.25
-143.5	27.6667
-142.5	19.3333
-141.5	22.8333
-140.5	29.5
-139.5	35
-138.5	19.1667
-137.5	27
-136.5	18.0833
-135.5	24.3333
-134.5	24.25
-133.5	26.8333
-132.5	24.8333
-131.5	29.9095
-130.5	15
-129.5	25.3333
-128.5	27.25
-127.5	23.0172
-126.5	25.5714
-125.5	30.6667
-124.5	24
-123.5	25.4167
-122.5	27.7917
-121.5	31.75
-120.5	30.85
-119.5	28
-118.5	29
-117.5	32.5
-116.5	22.4444
-115.5	29.7833
-114.5	20.8333
-113.5	17.1111
-112.5	24.8333
-111.5	17.0556
-110.5	27.1667
-109.5	29.2
-108.5	28.3333
-107.5	33.6667
-106.5	21.5
-105.5	27.75
-104.5	29.3333
-103.5	33.4167
-102.5	31.85
-101.5	29
-100.5	20.8333
 -99.5	21.8333
 -98.5	25.7255
 -97.5	36.75
 -96.5	31.5833
 -95.5	20.25
 -94.5	26.3333
 -93.5	32.8889
 -92.5	21.325
 -91.5	30.3333
 -90.5	26.8333
 -89.5	31.7262
 -88.5	25.0172
 -87.5	26.3333
 -86.5	15.3333
 -85.5	21.1667
 -84.5	23.25
 -83.5	28.2262
 -82.5	26.9048
 -81.5	25
 -80.5	21
 -79.5	23.5
 -78.5	20.3333
 -77.5	25.7
 -76.5	27.3667
 -75.5	25.5889
 -74.5	24.3922
 -73.5	32.6
 -72.5	19.9167
 -71.5	24.2778
 -70.5	33.1667
 -69.5	28.0833
 -68.5	31.5
 -67.5	25.5833
 -66.5	22.3194
 -65.5	22
 -64.5	26.6667
 -63.5	34
 -62.5	26
 -61.5	22.1667
 -60.5	29.8667
 -59.5	23.5
 -58.5	19.5
 -57.5	27.225
 -56.5	26.4917
 -55.5	16
 -54.5	32.3333
 -53.5	23.25
 -52.5	29
 -51.5	36.3333
 -50.5	34.6667
 -49.5	24.5588
 -48.5	16
 -47.5	20.8333
 -46.5	20.5
 -45.5	28.1667
 -44.5	27.1
 -43.5	23.8333
 -42.5	22.5
 -41.5	27.3333
 -40.5	24.1429
 -39.5	22.3333
 -38.5	28.7103
 -37.5	19.9583
 -36.5	27.5
 -35.5	24.1667
 -34.5	28.6429
 -33.5	21.3333
 -32.5	30.25
 -31.5	20.5333
 -30.5	29.3088
 -29.5	21.8333
 -28.5	33.5333
 -27.5	28
 -26.5	20
 -25.5	18.75
 -24.5	26
 -23.5	24.4167
 -22.5	20.875
 -21.5	31.9583
 -20.5	18.8333
 -19.5	21.1389
 -18.5	26
 -17.5	37.0667
 -16.5	19.6111
 -15.5	19.4333
 -14.5	32.1667
 -13.5	23.8333
 -12.5	22.5
 -11.5	22.8333
 -10.5	32.8922
  -9.5	25.2917
  -8.5	35.3333
  -7.5	32.5
  -6.5	22.1422
  -5.5	24.3333
  -4.5	36.7
  -3.5	29.1548
  -2.5	23.8333
  -1.5	23.1
  -0.5	26
   0.5	33.7083
   1.5	19.25
   2.5	28.8333
   3.5	28.8333
   4.5	27.6667
   5.5	28.6
   6.5	29.0833
   7.5	33.5
   8.5	28.5833
   9.5	27.9583
  10.5	22.1111
  11.5	26.0833
  12.5	38.625
  13.5	21.8433
  14.5	27.7083
  15.5	19.3333
  16.5	26.1667
  17.5	21.25
  18.5	26
  19.5	25
  20.5	30.0833
  21.5	28.5833
  22.5	28.1667
  23.5	24.1667
  24.5	20.5833
  25.5	27
  26.5	34.8333
  27.5	23.7667
  28.5	21.5922
  29.5	28.3333
  30.5	14.1667
  31.5	29.5
  32.5	20.1667
  33.5	34.4167
  34.5	27.4167
  35.5	25.325
  36.5	27.5
  37.5	23.0922
  38.5	24.9762
  39.5	26.8333
  40.5	18.1548
  41.5	27.3333
  42.5	26.9333
  43.5	23.75
  44.5	28.3333
  45.5	27.1667
  46.5	18.625
  47.5	22
  48.5	29
  49.5	21.7
  50.5	28.5
  51.5	27.8333
  52.5	24.2361
  53.5	26.9762
  54.5	29.6583
  55.5	27.8333
  56.5	28.9333
  57.5	28.4583
  58.5	27.75
  59.5	22.3333
  60.5	28.1667
  61.5	21.0588
  62.5	27.3333
  63.5	26.5
  64.5	22.2917
  65.5	16
  66.5	18.3333
  67.5	31.0588
  68.5	24.0167
  69.5	34
  70.5	27.3333
  71.5	31
  72.5	25.75
  73.5	26.8333
  74.5	36.1667
  75.5	31
  76.5	25.8333
  77.5	24.8333
  78.5	29.5
  79.5	21.8333
  80.5	24
  81.5	23.1422
  82.5	33.0833
  83.5	33
  84.5	28.8214
  85.5	32.6
  86.5	30.4444
  87.5	28.0833
  88.5	31.3333
  89.5	23.0833
  90.5	20.6012
  91.5	25
  92.5	21.75
  93.5	32.25
  94.5	32.6111
  95.5	22.625
  96.5	22
  97.5	32.75
  98.5	31.3095
  99.5	21.8667
 100.5	29.7
 101.5	23.8333
 102.5	22.0833
 103.5	19.3333
 104.5	22
 105.5	30.5556
 106.5	32.3922
 107.5	29.3333
 108.5	31.5833
 109.5	39.3333
 110.5	22.0833
 111.5	26.6667
 112.5	31.6667
 113.5	24.5
 114.5	18.5167
 115.5	22.075
 116.5	21.3333
 117.5	24.8333
 118.5	34.8333
 119.5	26.8333
 120.5	23
 121.5	23.8333
 122.5	25
 123.5	23.4722
 124.5	27
 125.5	29.6667
 126.5	24.3333
 127.5	22.8333
 128.5	29.0714
 129.5	18.5
 130.5	14.5
 131.5	34.6
 132.5	30.25
 133.5	20.4583
 134.5	24.5833
 135.5	19
 136.5	28.1667
 137.5	27.75
 138.5	44.4583
 139.5	20.75
 140.5	23.8333
 141.5	28.6667
 142.5	14.6389
 143.5	23.9095
 144.5	21.25
 145.5	24.6422
 146.5	22.25
 147.5	19
 148.5	29
 149.5	24
 150.5	22
 151.5	19.3333
 152.5	24
 153.5	27.5
 154.5	17.6667
 155.5	21.6667
 156.5	20
 157.5	28.5
 158.5	16.8333
 159.5	28.9
 160.5	27.4167
 161.5	16.1389
 162.5	16.3333
 163.5	23.8333
 164.5	21.5833
 165.5	23
 166.5	24.4583
 167.5	25.5
 168.5	19.5833
 169.5	23.5
 170.5	24.5
 171.5	34
 172.5	23.1714
 173.5	28.9167
 174.5	26.5
 175.5	22.4167
 176.5	22.3333
 177.5	23.7
 178.5	38
 179.5	36.1667
 180.5	22.3889
 181.5	25.8333
 182.5	25.5333
 183.5	30
 184.5	30.1422
 185.5	20.4762
 186.5	23.4167
 187.5	24.0922
 188.5	22.5
 189.5	28.5
 190.5	16.1667
 191.5	21.3333
 192.5	20.8333
 193.5	22
 194.5	32.9333
 195.5	29.25
 196.5	13.5
 197.5	33.8333
 198.5	33
 199.5	27.7
 200.5	25
 201.5	21.0167
 202.5	29.375
 203.5	21.3333
 204.5	21.5
 205.5	25.5833
 206.5	24.0833
 207.5	33.5588
 208.5	26.3333
 209.5	27.3333
 210.5	19.5333
 211.5	25.5833
 212.5	22
 213.5	24.8333
 214.5	26.4167
 215.5	20.8333
 216.5	22.4048
 217.5	22.625
 218.5	28.5
 219.5	18.45
 220.5	21.6667
 221.5	21.3333
 222.5	30
 223.5	23.5588
 224.5	15.1667
 225.5	31.5
 226.5	16
 227.5	20.5
 228.5	17.8333
 229.5	23.8333
 230.5	22.5762
 231.5	28.5833
 232.5	18.8333
 233.5	27.0833
 234.5	34.5
 235.5	23.5
 236.5	22.4167
 237.5	19.5
 238.5	26.7262
 239.5	16.5
 240.5	22.3333
 241.5	27.3333
 242.5	25.5
 243.5	20.0333
 244.5	28.5
 245.5	25.6667
 246.5	17.6667
 247.5	25
 248.5	24.5
 249.5	19.5
 250.5	32.0833
 251.5	18.8333
 252.5	20.4167
 253.5	19.8333
 254.5	18.8333
 255.5	26
 256.5	21
 257.5	25.6
 258.5	17.3333
 259.5	23.6
 260.5	23.0714
 261.5	23.8333
 262.5	20.3088
 263.5	20.6667
 264.5	25.5
 265.5	22
 266.5	27.4167
 267.5	32.5
 268.5	25.9583
 269.5	31.8333
 270.5	23.6667
 271.5	26.75
 272.5	24.5556
 273.5	19.5
 274.5	24.3095
 275.5	30.8333
 276.5	19
 277.5	34.3333
 278.5	20
 279.5	26.8333
 280.5	33.5
 281.5	28.25
 282.5	18.0833
 283.5	34.6667
 284.5	32
 285.5	22.75
 286.5	25.3333
 287.5	33.8333
 288.5	24.6429
 289.5	19.5
 290.5	20.5
 291.5	18.5
 292.5	22.1667
 293.5	23
 294.5	21.3333
 295.5	30.3333
 296.5	22.25
 297.5	24.1667
 298.5	28.3333
 299.5	29.5
 300.5	27.8333
 301.5	23.3333
 302.5	21.25
 303.5	25.8922
 304.5	27.4636
 305.5	23.8333
 306.5	30.5
 307.5	27.75
 308.5	25.8333
 309.5	26.5
 310.5	20.5
 311.5	23.8333
 312.5	27.5
 313.5	23.1667
 314.5	23
 315.5	26
 316.5	25.3333
 317.5	25.5833
 318.5	20.8095
 319.5	23.5
 320.5	31.5
 321.5	11.8333
 322.5	24
 323.5	25.5
 324.5	19.0333
 325.5	26.3333
 326.5	31.8333
 327.5	27
 328.5	27.5
DB 1 MOTIF	GCM2_HUMAN.H11MO.0.D
-326.5	11.1429
-325.5	7
-324.5	4
-323.5	14
-322.5	8
-321.5	2
-320.5	11
-319.5	7
-318.5	6
-317.5	7
-316.5	6
-315.5	2
-314.5	7
-313.5	7.5
-312.5	10
-311.5	15
-310.5	7
-309.5	5
-308.5	6
-307.5	7
-306.5	10.1667
-305.5	12
-304.5	5.5
-303.5	9
-302.5	6
-301.5	5
-300.5	5
-299.5	4
-298.5	10
-297.5	6
-296.5	2
-295.5	9.5
-294.5	13
-293.5	9
-292.5	4
-291.5	9
-290.5	8
-289.5	8
-288.5	8
-287.5	13
-286.5	13.5
-285.5	4
-284.5	7.5
-283.5	5
-282.5	7
-281.5	7
-280.5	8
-279.5	7
-278.5	11
-277.5	10.1667
-276.5	11
-275.5	6
-274.5	6
-273.5	8
-272.5	8
-271.5	7
-270.5	8
-269.5	12
-268.5	7
-267.5	6
-266.5	12
-265.5	8
-264.5	5
-263.5	9.14286
-262.5	4
-261.5	3
-260.5	6
-259.5	5
-258.5	10
-257.5	12
-256.5	16
-255.5	7
-254.5	8
-253.5	7
-252.5	8
-251.5	11
-250.5	10
-249.5	4.5
-248.5	8
-247.5	11
-246.5	3
-245.5	9
-244.5	7
-243.5	13
-242.5	7
-241.5	15
-240.5	6
-239.5	14
-238.5	11
-237.5	8
-236.5	8
-235.5	6
-234.5	6
-233.5	9
-232.5	7
-231.5	11
-230.5	7
-229.5	8.5
-228.5	10
-227.5	13
-226.5	8
-225.5	8
-224.5	10
-223.5	9
-222.5	6.11111
-221.5	9
-220.5	10
-219.5	10
-218.5	8
-217.5	7
-216.5	5
-215.5	10
-214.5	8
-213.5	3
-212.5	9
-211.5	8
-210.5	8
-209.5	8
-208.5	5.33333
-207.5	5
-206.5	7
-205.5	5
-204.5	8
-203.5	6
-202.5	9
-201.5	16
-200.5	4.14286
-199.5	6
-198.5	10
-197.5	10
-196.5	12
-195.5	13
-194.5	13
-193.5	11
-192.5	11
-191.5	17.0769
-190.5	9
-189.5	13
-188.5	10
-187.5	12
-186.5	7
-185.5	10
-184.5	8.5
-183.5	6
-182.5	11
-181.5	8
-180.5	6
-179.5	9
-178.5	17
-177.5	11.5
-176.5	16
-175.5	8
-174.5	10
-173.5	9
-172.5	13
-171.5	9
-170.5	15
-169.5	8
-168.5	8
-167.5	4
-166.5	13
-165.5	8
-164.5	8
-163.5	9
-162.5	11
-161.5	9
-160.5	11
-159.5	12.1111
-158.5	8
-157.5	7
-156.5	10
-155.5	6
-154.5	9
-153.5	10
-152.5	3
-151.5	4.07692
-150.5	9
-149.5	4
-148.5	8
-147.5	9
-146.5	3
-145.5	11
-144.5	9
-143.5	10
-142.5	13
-141.5	10
-140.5	10
-139.5	10
-138.5	7
-137.5	6.14286
-136.5	8.16667
-135.5	11
-134.5	11
-133.5	11
-132.5	14
-131.5	8
-130.5	12
-129.5	11
-128.5	6
-127.5	8
-126.5	9
-125.5	10.5
-124.5	4
-123.5	7
-122.5	6
-121.5	6
-120.5	9
-119.5	10
-118.5	10.5
-117.5	9.5
-116.5	5
-115.5	6
-114.5	13
-113.5	10
-112.5	12
-111.5	10.5769
-110.5	13
-109.5	10
-108.5	7
-107.5	6.16667
-106.5	10
-105.5	7
-104.5	14
-103.5	5
-102.5	10
-101.5	6
-100.5	14
 -99.5	6
 -98.5	8
 -97.5	7
 -96.5	7.11111
 -95.5	9
 -94.5	10.5
 -93.5	8
 -92.5	4
 -91.5	5.5
 -90.5	7
 -89.5	8
 -88.5	10
 -87.5	7
 -86.5	7
 -85.5	11
 -84.5	11
 -83.5	9
 -82.5	14
 -81.5	12
 -80.5	8
 -79.5	13
 -78.5	5
 -77.5	15
 -76.5	8
 -75.5	7
 -74.5	6.14286
 -73.5	11
 -72.5	9
 -71.5	9.57692
 -70.5	8
 -69.5	8
 -68.5	7
 -67.5	6
 -66.5	10
 -65.5	11
 -64.5	7
 -63.5	4
 -62.5	14
 -61.5	7
 -60.5	10
 -59.5	8
 -58.5	14
 -57.5	5
 -56.5	14
 -55.5	10
 -54.5	10
 -53.5	11
 -52.5	17
 -51.5	7
 -50.5	17
 -49.5	7.14286
 -48.5	14
 -47.5	10.5
 -46.5	13
 -45.5	7
 -44.5	18
 -43.5	11
 -42.5	3.5
 -41.5	5
 -40.5	15
 -39.5	8
 -38.5	10
 -37.5	14
 -36.5	8
 -35.5	5
 -34.5	16
 -33.5	10.1111
 -32.5	11
 -31.5	12.0769
 -30.5	10
 -29.5	5
 -28.5	10
 -27.5	12
 -26.5	14
 -25.5	13
 -24.5	14
 -23.5	12
 -22.5	9.16667
 -21.5	5
 -20.5	9
 -19.5	13
 -18.5	5
 -17.5	4
 -16.5	9
 -15.5	6
 -14.5	13
 -13.5	6
 -12.5	9
 -11.5	14.6429
 -10.5	13
  -9.5	11
  -8.5	11
  -7.5	9
  -6.5	9
  -5.5	12
  -4.5	10
  -3.5	8
  -2.5	13.5
  -1.5	11
  -0.5	9.33333
   0.5	9
   1.5	7.14286
   2.5	9
   3.5	12
   4.5	10.3333
   5.5	18
   6.5	12.1667
   7.5	13
   8.5	11.0769
   9.5	14
  10.5	12
  11.5	7
  12.5	9
  13.5	4
  14.5	11.5
  15.5	9
  16.5	16
  17.5	11
  18.5	11.3333
  19.5	10
  20.5	11
  21.5	14
  22.5	6
  23.5	6.5
  24.5	11
  25.5	15
  26.5	14
  27.5	9
  28.5	8
  29.5	8.61111
  30.5	7
  31.5	16
  32.5	16
  33.5	11
  34.5	8.33333
  35.5	5
  36.5	12
  37.5	7
  38.5	10
  39.5	8
  40.5	15.25
  41.5	8
  42.5	14
  43.5	10
  44.5	9
  45.5	11
  46.5	8
  47.5	11.3333
  48.5	6.07692
  49.5	9
  50.5	9
  51.5	10.1429
  52.5	12.1429
  53.5	9
  54.5	13
  55.5	7
  56.5	3
  57.5	12
  58.5	11
  59.5	9
  60.5	11
  61.5	10
  62.5	10.5
  63.5	11
  64.5	10.3333
  65.5	7
  66.5	15
  67.5	9
  68.5	6
  69.5	4
  70.5	10
  71.5	6
  72.5	10
  73.5	7
  74.5	10
  75.5	8
  76.5	5
  77.5	16
  78.5	3
  79.5	12
  80.5	16
  81.5	8
  82.5	13.5
  83.5	6
  84.5	4
  85.5	11
  86.5	11
  87.5	8
  88.5	6.07692
  89.5	9
  90.5	11
  91.5	5
  92.5	16.1111
  93.5	7
  94.5	9
  95.5	16.3333
  96.5	8
  97.5	9
  98.5	13
  99.5	7
 100.5	7.5
 101.5	8
 102.5	11.25
 103.5	11.1429
 104.5	5
 105.5	13
 106.5	5
 107.5	10
 108.5	6
 109.5	12
 110.5	17
 111.5	11.5
 112.5	10
 113.5	11
 114.5	10
 115.5	12.5
 116.5	11
 117.5	9
 118.5	7
 119.5	5.5
 120.5	6
 121.5	10
 122.5	10
 123.5	5
 124.5	10
 125.5	7
 126.5	5
 127.5	11.5
 128.5	7.07692
 129.5	8
 130.5	9
 131.5	6
 132.5	6
 133.5	12
 134.5	4
 135.5	5
 136.5	8
 137.5	7
 138.5	8
 139.5	8
 140.5	11
 141.5	5
 142.5	9
 143.5	6
 144.5	7
 145.5	6
 146.5	15.5
 147.5	8
 148.5	4
 149.5	10
 150.5	6
 151.5	9
 152.5	8
 153.5	6
 154.5	12.1429
 155.5	5.11111
 156.5	7
 157.5	8
 158.5	8
 159.5	10
 160.5	9
 161.5	4
 162.5	7
 163.5	7.5
 164.5	9.25
 165.5	11
 166.5	9
 167.5	8
 168.5	3.57692
 169.5	10
 170.5	7
 171.5	7
 172.5	12
 173.5	10
 174.5	6
 175.5	8
 176.5	12.5
 177.5	10
 178.5	10
 179.5	11.3333
 180.5	10
 181.5	7
 182.5	8
 183.5	5
 184.5	4
 185.5	6
 186.5	7
 187.5	9
 188.5	12
 189.5	6
 190.5	2
 191.5	9
 192.5	4
 193.5	4
 194.5	9
 195.5	2
 196.5	7.5
 197.5	10
 198.5	4
 199.5	9
 200.5	12
 201.5	10
 202.5	10
 203.5	5
 204.5	8
 205.5	9.14286
 206.5	9
 207.5	10
 208.5	7.07692
 209.5	11
 210.5	3
 211.5	8
 212.5	8
 213.5	6.5
 214.5	8
 215.5	7
 216.5	8.5
 217.5	9
 218.5	14.1111
 219.5	6
 220.5	6
 221.5	7
 222.5	9
 223.5	11
 224.5	7
 225.5	5
 226.5	6.25
 227.5	9.5
 228.5	7
 229.5	7
 230.5	4
 231.5	5
 232.5	8
 233.5	6.5
 234.5	10
 235.5	3.5
 236.5	7
 237.5	8
 238.5	12
 239.5	9
 240.5	8
 241.5	11
 242.5	14
 243.5	4
 244.5	7
 245.5	6
 246.5	2
 247.5	14
 248.5	10.0769
 249.5	9
 250.5	11
 251.5	4
 252.5	6
 253.5	11
 254.5	9
 255.5	7
 256.5	10.1429
 257.5	5
 258.5	8.5
 259.5	6
 260.5	8
 261.5	6
 262.5	11
 263.5	9.5
 264.5	9
 265.5	10
 266.5	6
 267.5	8
 268.5	12
 269.5	7
 270.5	7
 271.5	5
 272.5	9
 273.5	9
 274.5	3.5
 275.5	11
 276.5	6
 277.5	9
 278.5	7
 279.5	4
 280.5	5
 281.5	7.11111
 282.5	8
 283.5	9
 284.5	7
 285.5	6
 286.5	7
 287.5	8
 288.5	7.07692
 289.5	8
 290.5	9
 291.5	11
 292.5	14
 293.5	9
 294.5	5
 295.5	2
 296.5	14
 297.5	11
 298.5	10
 299.5	8
 300.5	11
 301.5	7
 302.5	7
 303.5	5
 304.5	5
 305.5	13
 306.5	8
 307.5	5
 308.5	7
 309.5	6
 310.5	8
 311.5	12
 312.5	6
 313.5	7
 314.5	8
 315.5	6
 316.5	8
 317.5	9
 318.5	8
 319.5	7
 320.5	8
 321.5	3
 322.5	8
 323.5	13.5
 324.5	2
 325.5	15
 326.5	6
DB 1 MOTIF	GLI1_HUMAN.H11MO.0.D
-326.0	15
-325.0	19.5
-324.0	20.5
-323.0	18
-322.0	29.5
-321.0	21
-320.0	23
-319.0	28
-318.0	29.5
-317.0	26
-316.0	24
-315.0	29.25
-314.0	21
-313.0	21
-312.0	27.25
-311.0	16
-310.0	20.0769
-309.0	23
-308.0	26.3333
-307.0	23
-306.0	26
-305.0	26.5
-304.0	19
-303.0	15.0714
-302.0	26
-301.0	14.3333
-300.0	21.5
-299.0	26
-298.0	22.0769
-297.0	25.5
-296.0	22
-295.0	23
-294.0	27
-293.0	23.125
-292.0	29
-291.0	28
-290.0	20
-289.0	23.5
-288.0	22
-287.0	20
-286.0	24
-285.0	13
-284.0	22.5
-283.0	14
-282.0	23.25
-281.0	20
-280.0	19.25
-279.0	27
-278.0	18.0769
-277.0	13
-276.0	26.6667
-275.0	15
-274.0	20
-273.0	27.1429
-272.0	30.25
-271.0	25
-270.0	23
-269.0	29
-268.0	21.75
-267.0	10.0714
-266.0	25.5
-265.0	15.5
-264.0	24
-263.0	28.125
-262.0	24.5
-261.0	26.5
-260.0	19
-259.0	16.5
-258.0	24
-257.0	25.5
-256.0	18.5
-255.0	19
-254.0	19
-253.0	21
-252.0	26
-251.0	25
-250.0	17.5
-249.0	28
-248.0	28.5
-247.0	18.0769
-246.0	25
-245.0	14.25
-244.0	21
-243.0	27.5
-242.0	18.1
-241.0	23.125
-240.0	27
-239.0	19.5
-238.0	18
-237.0	20.0769
-236.0	30.5
-235.0	14
-234.0	22.1667
-233.0	24.25
-232.0	18
-231.0	23
-230.0	22
-229.0	18.5
-228.0	20.35
-227.0	20.6429
-226.0	25
-225.0	21
-224.0	30
-223.0	22
-222.0	34
-221.0	22
-220.0	15
-219.0	28
-218.0	16
-217.0	18
-216.0	16
-215.0	19
-214.0	26.5
-213.0	20.5
-212.0	19
-211.0	22.5
-210.0	19.25
-209.0	20
-208.0	24.0769
-207.0	26.7
-206.0	26.625
-205.0	24
-204.0	28.4333
-203.0	27.35
-202.0	18
-201.0	15
-200.0	20.5
-199.0	26.125
-198.0	17
-197.0	19
-196.0	18.5
-195.0	22
-194.0	26.6429
-193.0	20.6667
-192.0	20.1667
-191.0	24.2143
-190.0	23
-189.0	35
-188.0	35.75
-187.0	22.75
-186.0	21.5769
-185.0	24.5
-184.0	26
-183.0	29
-182.0	17
-181.0	24.5
-180.0	22
-179.0	22.5
-178.0	23.6
-177.0	26.3333
-176.0	30
-175.0	22.5
-174.0	16.1667
-173.0	21
-172.0	26.5
-171.0	24.325
-170.0	23.1
-169.0	20.5
-168.0	22
-167.0	24
-166.0	23
-165.0	31.25
-164.0	27
-163.0	20
-162.0	24
-161.0	22.6667
-160.0	27.5
-159.0	25.5
-158.0	23
-157.0	23.5769
-156.0	15.5
-155.0	18.6429
-154.0	26.1
-153.0	24.5714
-152.0	29.125
-151.0	19.5
-150.0	19.6667
-149.0	24
-148.0	16
-147.0	17.5
-146.0	15
-145.0	32
-144.0	19
-143.0	28
-142.0	21
-141.0	33
-140.0	20
-139.0	22.5
-138.0	25
-137.0	18.5
-136.0	22.625
-135.0	25.5
-134.0	18
-133.0	27
-132.0	25
-131.0	25
-130.0	24
-129.0	24
-128.0	25.1
-127.0	19
-126.0	25
-125.0	28
-124.0	28.5
-123.0	25
-122.0	29
-121.0	20.1667
-120.0	24
-119.0	33.1429
-118.0	32.5
-117.0	24.5
-116.0	28.1
-115.0	24.0714
-114.0	17.5
-113.0	18
-112.0	25.5
-111.0	19.5
-110.0	27
-109.0	22
-108.0	28.9167
-107.0	33
-106.0	19
-105.0	18.75
-104.0	22
-103.0	22.1
-102.0	24
-101.0	27.125
-100.0	18
 -99.0	24.2429
 -98.0	21.8333
 -97.0	27
 -96.0	21.0769
 -95.0	22
 -94.0	18
 -93.0	30.3333
 -92.0	15
 -91.0	27
 -90.0	23.3333
 -89.0	31.125
 -88.0	30.5
 -87.0	21
 -86.0	25.5
 -85.0	18
 -84.0	28
 -83.0	24.1429
 -82.0	20.5
 -81.0	32
 -80.0	26.5
 -79.0	26.825
 -78.0	20.6
 -77.0	26.2143
 -76.0	25
 -75.0	21.5
 -74.0	31.5
 -73.0	20.1
 -72.0	31
 -71.0	29.5
 -70.0	25.5
 -69.0	16
 -68.0	19
 -67.0	28.25
 -66.0	21.075
 -65.0	24
 -64.0	29
 -63.0	25.5
 -62.0	28
 -61.0	24.5769
 -60.0	28.5
 -59.0	20
 -58.0	21.6
 -57.0	24
 -56.0	28.5
 -55.0	29.8929
 -54.0	23.8333
 -53.0	26
 -52.0	22.5
 -51.0	16.5
 -50.0	30
 -49.0	19
 -48.0	27.5
 -47.0	26.1429
 -46.0	23.125
 -45.0	24.3333
 -44.0	26
 -43.0	24
 -42.0	18.6667
 -41.0	21.1
 -40.0	21
 -39.0	16.0714
 -38.0	28
 -37.0	22.5
 -36.0	26.5
 -35.0	27.2198
 -34.0	23.7
 -33.0	28.8429
 -32.0	18.5
 -31.0	31.7917
 -30.0	23.5
 -29.0	27.5
 -28.0	30.1
 -27.0	32.3333
 -26.0	25.125
 -25.0	22
 -24.0	28.1667
 -23.0	29
 -22.0	21
 -21.0	23
 -20.0	28.25
 -19.0	22
 -18.0	20
 -17.0	37
 -16.0	29
 -15.0	22
 -14.0	28
 -13.0	20.5
 -12.0	36.5
 -11.0	32.1429
 -10.0	32.5
  -9.0	36.75
  -8.0	30
  -7.0	32
  -6.0	21.0769
  -5.0	29.2
  -4.0	22.75
  -3.0	32
  -2.0	29
  -1.0	28.0714
   0.0	17
   1.0	31.5769
   2.0	31
   3.0	29
   4.0	21.9583
   5.0	26
   6.0	29.5
   7.0	26.6429
   8.0	27.5
   9.0	38.1429
  10.0	22.3333
  11.0	24
  12.0	18
  13.0	30.3333
  14.0	27
  15.0	20
  16.0	34.125
  17.0	30.3333
  18.0	13
  19.0	25.5
  20.0	23.5
  21.0	21
  22.0	26
  23.0	36.75
  24.0	24.5
  25.0	23
  26.0	26.5
  27.0	22.25
  28.0	19
  29.0	23
  30.0	28
  31.0	28
  32.0	25
  33.0	34.2198
  34.0	29.5
  35.0	30
  36.0	32.5
  37.0	24.1964
  38.0	27
  39.0	25
  40.0	18
  41.0	28.1667
  42.0	29.6667
  43.0	28.1667
  44.0	23.6
  45.0	25
  46.0	31
  47.0	30.5
  48.0	23
  49.0	22.1429
  50.0	25
  51.0	19.25
  52.0	20.5
  53.0	26
  54.0	33
  55.0	31
  56.0	30.5
  57.0	21.2
  58.0	26
  59.0	19.25
  60.0	29.25
  61.0	17.1667
  62.0	30.25
  63.0	33.5
  64.0	26.5
  65.0	29.0769
  66.0	29.5
  67.0	30
  68.0	19.3333
  69.0	25.1
  70.0	27
  71.0	20
  72.0	20.25
  73.0	23.5
  74.0	24.5
  75.0	22.0714
  76.0	29
  77.0	34.1429
  78.0	23.6
  79.0	31.5
  80.0	19
  81.0	32.5
  82.0	21
  83.0	28
  84.0	28
  85.0	26
  86.0	21
  87.0	20
  88.0	25
  89.0	20
  90.0	25.5
  91.0	20.6429
  92.0	17
  93.0	19.8333
  94.0	23
  95.0	25.1
  96.0	19.5
  97.0	26.1769
  98.0	30
  99.0	19
 100.0	24.125
 101.0	16
 102.0	25
 103.0	18.1
 104.0	18
 105.0	25.8333
 106.0	25
 107.0	22
 108.0	16
 109.0	22.1667
 110.0	25.1667
 111.0	24.5
 112.0	17.5
 113.0	22.4762
 114.0	29
 115.0	25.5
 116.0	29.1667
 117.0	21.75
 118.0	21
 119.0	25.9833
 120.0	24
 121.0	24.1429
 122.0	23.5
 123.0	26
 124.0	22
 125.0	23
 126.0	19.2
 127.0	17.25
 128.0	21
 129.0	22.5
 130.0	23
 131.0	22
 132.0	31.5
 133.0	26.5
 134.0	16
 135.0	20
 136.0	19
 137.0	20.125
 138.0	23
 139.0	26
 140.0	16
 141.0	27.5769
 142.0	24.5
 143.0	16.8095
 144.0	20.0714
 145.0	25.5
 146.0	28
 147.0	24.1
 148.0	29
 149.0	30
 150.0	15
 151.0	26.9
 152.0	26.5
 153.0	20.5
 154.0	24
 155.0	30
 156.0	14
 157.0	24.0769
 158.0	19.1667
 159.0	24.5
 160.0	25.1667
 161.0	24
 162.0	18.5
 163.0	21.625
 164.0	22.1429
 165.0	19
 166.0	22.1
 167.0	27
 168.0	26.25
 169.0	24
 170.0	17.3333
 171.0	19.5
 172.0	20
 173.0	16.9167
 174.0	14
 175.0	20.3929
 176.0	22
 177.0	25
 178.0	26
 179.0	24
 180.0	17.75
 181.0	24.2
 182.0	15.0714
 183.0	22.2
 184.0	22
 185.0	21.25
 186.0	17
 187.0	20.5
 188.0	20
 189.0	14.0769
 190.0	28.6667
 191.0	23
 192.0	26.6667
 193.0	21.1667
 194.0	30
 195.0	16.625
 196.0	23
 197.0	27.2
 198.0	22.3333
 199.0	18.5
 200.0	17.3
 201.0	14
 202.0	21.5
 203.0	27.5769
 204.0	16
 205.0	19
 206.0	20
 207.0	19.1667
 208.0	19.5
 209.0	21.1667
 210.0	22.1
 211.0	15.1429
 212.0	30.6667
 213.0	23.3333
 214.0	28.5
 215.0	23.6
 216.0	32
 217.0	19.5
 218.0	18
 219.0	18
 220.0	22.0714
 221.0	23.0769
 222.0	22.5
 223.0	22
 224.0	17.125
 225.0	19.75
 226.0	22.125
 227.0	15.5
 228.0	17.5
 229.0	28
 230.0	26.2667
 231.0	27.25
 232.0	22
 233.0	24.25
 234.0	25.5
 235.0	30.0769
 236.0	23
 237.0	17.7
 238.0	27
 239.0	24
 240.0	36.5
 241.0	21
 242.0	29.5
 243.0	25.7
 244.0	20.1667
 245.0	26
 246.0	23
 247.0	21
 248.0	28
 249.0	19.1667
 250.0	25
 251.0	17.1667
 252.0	28
 253.0	29.5769
 254.0	26
 255.0	24.1667
 256.0	21.5
 257.0	20
 258.0	19.4048
 259.0	30.1429
 260.0	29
 261.0	20
 262.0	22
 263.0	20.5
 264.0	21.5
 265.0	29.5
 266.0	20
 267.0	22.5769
 268.0	20
 269.0	25
 270.0	25
 271.0	17
 272.0	30.5
 273.0	20
 274.0	22
 275.0	25
 276.0	21.5
 277.0	19.5
 278.0	25.5
 279.0	31.5
 280.0	23
 281.0	19.5
 282.0	22
 283.0	27
 284.0	21.5
 285.0	29
 286.0	22
 287.0	16.1
 288.0	19
 289.0	22
 290.0	21
 291.0	18.5
 292.0	18
 293.0	18
 294.0	23.3333
 295.0	22.5
 296.0	21
 297.0	28
 298.0	20
 299.0	26.0769
 300.0	23
 301.0	26
 302.0	26.25
 303.0	25.0833
 304.0	19.5
 305.0	17.1
 306.0	30
 307.0	19
 308.0	20
 309.0	18.1429
 310.0	22.7
 311.0	17.5
 312.0	27
 313.0	27.0769
 314.0	21.5
 315.0	15
 316.0	26
 317.0	16
 318.0	29
 319.0	26.5
 320.0	26.5
 321.0	35
 322.0	15
 323.0	23
 324.0	21.5
 325.0	28
 326.0	25
DB 1 MOTIF	GLIS2_HUMAN.H11MO.0.D
-325.0	6
-324.0	9
-323.0	6
-322.0	9.25
-321.0	7
-320.0	10
-319.0	8
-318.0	6
-317.0	6
-316.0	12
-315.0	5
-314.0	11
-313.0	10
-312.0	11
-311.0	4
-310.0	7
-309.0	9
-308.0	8
-307.0	6
-306.0	9
-305.0	10
-304.0	3
-303.0	4
-302.0	9
-301.0	7
-300.0	6
-299.0	5
-298.0	6
-297.0	8
-296.0	8
-295.0	5
-294.0	9
-293.0	4
-292.0	7
-291.0	7
-290.0	7
-289.0	8
-288.0	7
-287.0	3.5
-286.0	11
-285.0	6
-284.0	4.5
-283.0	5
-282.0	4
-281.0	3
-280.0	6
-279.0	1
-278.0	7
-277.0	8
-276.0	6
-275.0	6
-274.0	5
-273.0	6
-272.0	5
-271.0	9
-270.0	4
-269.0	10
-268.0	2
-267.0	6
-266.0	6
-265.0	5
-264.0	12
-263.0	7
-262.0	9
-261.0	9.5
-260.0	7
-259.0	4
-258.0	9
-257.0	5
-256.0	11
-255.0	7
-254.0	3
-253.0	8
-252.0	6
-251.0	8.5
-250.0	0
-249.0	6
-248.0	2
-247.0	6
-246.0	9
-245.0	7
-244.0	12
-243.0	7
-242.0	7
-241.0	8.5
-240.0	8
-239.0	11
-238.0	10
-237.0	12.5
-236.0	7
-235.0	12
-234.0	6
-233.0	6
-232.0	6
-231.0	5
-230.0	7
-229.0	12
-228.0	9.25
-227.0	5
-226.0	9
-225.0	9
-224.0	5
-223.0	7
-222.0	8
-221.0	8
-220.0	10
-219.0	5
-218.0	7
-217.0	9
-216.0	4
-215.0	6
-214.0	5
-213.0	7
-212.0	8
-211.0	4
-210.0	6
-209.0	10.2
-208.0	7
-207.0	12
-206.0	5
-205.0	10
-204.0	5.5
-203.0	9
-202.0	6
-201.0	5
-200.0	6
-199.0	5
-198.0	5
-197.0	6.25
-196.0	8
-195.0	7
-194.0	8
-193.0	9
-192.0	6
-191.0	6
-190.0	5
-189.0	8
-188.0	9
-187.0	9
-186.0	7
-185.0	5
-184.0	9
-183.0	10.5
-182.0	4
-181.0	5
-180.0	10
-179.0	4
-178.0	7
-177.0	8
-176.0	8
-175.0	7
-174.0	9
-173.0	5
-172.0	7.33333
-171.0	7
-170.0	10
-169.0	6
-168.0	4
-167.0	5
-166.0	6
-165.0	6
-164.0	7
-163.0	3
-162.0	11
-161.0	7.5
-160.0	4
-159.0	11
-158.0	5.36111
-157.0	9.5
-156.0	6
-155.0	11
-154.0	8.33333
-153.0	8
-152.0	9
-151.0	7
-150.0	11
-149.0	5
-148.0	8
-147.0	2
-146.0	4
-145.0	7.33333
-144.0	6
-143.0	6
-142.0	7.25
-141.0	8
-140.0	7.5
-139.0	10
-138.0	7
-137.0	8.5
-136.0	8
-135.0	12
-134.0	4
-133.0	11
-132.0	14
-131.0	9
-130.0	9
-129.0	7.5
-128.0	9
-127.0	3
-126.0	5
-125.0	8
-124.0	8.25
-123.0	8
-122.0	6
-121.0	4
-120.0	9
-119.0	7
-118.0	6
-117.0	13
-116.0	7.5
-115.0	12
-114.0	9
-113.0	11
-112.0	13
-111.0	8
-110.0	5
-109.0	9
-108.0	5
-107.0	5
-106.0	14
-105.0	7.11111
-104.0	9
-103.0	7.2
-102.0	10
-101.0	7
-100.0	4
 -99.0	9
 -98.0	11
 -97.0	8
 -96.0	12
 -95.0	8
 -94.0	10
 -93.0	7
 -92.0	5
 -91.0	6
 -90.0	9.25
 -89.0	10
 -88.0	6
 -87.0	6
 -86.0	4
 -85.0	9
 -84.0	11
 -83.0	14.3333
 -82.0	8.25
 -81.0	3
 -80.0	10
 -79.0	8
 -78.0	7
 -77.0	8
 -76.0	7
 -75.0	7
 -74.0	12
 -73.0	9
 -72.0	6
 -71.0	4
 -70.0	6
 -69.0	6
 -68.0	7
 -67.0	7
 -66.0	4
 -65.0	14
 -64.0	9
 -63.0	10
 -62.0	6.2
 -61.0	9
 -60.0	8
 -59.0	7
 -58.0	12
 -57.0	8
 -56.0	8.25
 -55.0	3.5
 -54.0	7
 -53.0	3
 -52.0	6.11111
 -51.0	6
 -50.0	9
 -49.0	8
 -48.0	6
 -47.0	10
 -46.0	7
 -45.0	7
 -44.0	9
 -43.0	5
 -42.0	6
 -41.0	9
 -40.0	11
 -39.0	12
 -38.0	6
 -37.0	7
 -36.0	11
 -35.0	4
 -34.0	4
 -33.0	7
 -32.0	7
 -31.0	5
 -30.0	7
 -29.0	9
 -28.0	11
 -27.0	14
 -26.0	8
 -25.0	8.5
 -24.0	9
 -23.0	8
 -22.0	6
 -21.0	8.2
 -20.0	10.5
 -19.0	11
 -18.0	9
 -17.0	8
 -16.0	13
 -15.0	4
 -14.0	16
 -13.0	7
 -12.0	9
 -11.0	7
 -10.0	10
  -9.0	3
  -8.0	7.5
  -7.0	6
  -6.0	8
  -5.0	11
  -4.0	8
  -3.0	5
  -2.0	10.3333
  -1.0	13
   0.0	2
   1.0	16.1111
   2.0	10
   3.0	11
   4.0	13
   5.0	5
   6.0	13
   7.0	9
   8.0	12
   9.0	9
  10.0	7
  11.0	6
  12.0	9
  13.0	11
  14.0	6
  15.0	7
  16.0	9
  17.0	14
  18.0	8.5
  19.0	10
  20.0	8
  21.0	11
  22.0	15
  23.0	10
  24.0	8
  25.0	11
  26.0	10
  27.0	9
  28.0	15
  29.0	2
  30.0	6
  31.0	7.25
  32.0	14
  33.0	5
  34.0	9
  35.0	3.5
  36.0	4
  37.0	8
  38.0	9
  39.0	5
  40.0	9
  41.0	5
  42.0	9
  43.0	4
  44.0	11
  45.0	9
  46.0	11
  47.0	8
  48.0	6
  49.0	8
  50.0	5
  51.0	8
  52.0	11
  53.0	14
  54.0	8.61111
  55.0	6
  56.0	5
  57.0	9
  58.0	10
  59.0	7
  60.0	7
  61.0	9
  62.0	10
  63.0	11
  64.0	7
  65.0	15
  66.0	5
  67.0	18
  68.0	5
  69.0	8
  70.0	11
  71.0	9
  72.0	7
  73.0	8
  74.0	5
  75.0	10
  76.0	4
  77.0	4
  78.0	5
  79.0	8
  80.0	8.5
  81.0	5
  82.0	7
  83.0	3
  84.0	8
  85.0	10
  86.0	11
  87.0	7
  88.0	7
  89.0	5
  90.0	16
  91.0	8
  92.0	6
  93.0	7
  94.0	7
  95.0	10
  96.0	10
  97.0	5
  98.0	6
  99.0	5
 100.0	8
 101.0	9
 102.0	5.2
 103.0	4
 104.0	7
 105.0	7
 106.0	11
 107.0	8.61111
 108.0	9.5
 109.0	9
 110.0	7.5
 111.0	9
 112.0	8
 113.0	3
 114.0	11
 115.0	7
 116.0	6
 117.0	10.5
 118.0	5
 119.0	5.33333
 120.0	8
 121.0	6
 122.0	7
 123.0	11
 124.0	5
 125.0	6
 126.0	6
 127.0	12
 128.0	6
 129.0	10
 130.0	6
 131.0	11
 132.0	7
 133.0	5
 134.0	14
 135.0	8
 136.0	3
 137.0	12.5
 138.0	6
 139.0	12
 140.0	6
 141.0	5
 142.0	7
 143.0	10
 144.0	10
 145.0	6.5
 146.0	10
 147.0	3
 148.0	11
 149.0	5
 150.0	8
 151.0	4
 152.0	5
 153.0	7.5
 154.0	4
 155.0	10
 156.0	4
 157.0	9
 158.0	4
 159.0	11
 160.0	5.11111
 161.0	8
 162.0	6
 163.0	11
 164.0	5
 165.0	8
 166.0	7.25
 167.0	9
 168.0	10
 169.0	7
 170.0	7
 171.0	6
 172.0	5
 173.0	3
 174.0	4
 175.0	4.5
 176.0	9
 177.0	7
 178.0	8
 179.0	8
 180.0	9
 181.0	7
 182.0	9
 183.0	6
 184.0	4
 185.0	6
 186.0	5
 187.0	9
 188.0	8
 189.0	8.5
 190.0	10
 191.0	5
 192.0	8.5
 193.0	6
 194.0	7
 195.0	6
 196.0	9
 197.0	8
 198.0	10
 199.0	7
 200.0	5
 201.0	5
 202.0	6
 203.0	7
 204.0	4
 205.0	5
 206.0	6
 207.0	4.5
 208.0	4
 209.0	7
 210.0	13
 211.0	5
 212.0	9
 213.0	6.11111
 214.0	11
 215.0	7
 216.0	6
 217.0	8
 218.0	9
 219.0	2
 220.0	7
 221.0	9
 222.0	3
 223.0	7
 224.0	4
 225.0	8
 226.0	7
 227.0	21
 228.0	6
 229.0	6
 230.0	9
 231.0	6
 232.0	11
 233.0	11
 234.0	7
 235.0	6
 236.0	3
 237.0	10
 238.0	6
 239.0	8
 240.0	9
 241.0	9
 242.0	10
 243.0	6
 244.0	5
 245.0	6.33333
 246.0	1
 247.0	12
 248.0	7
 249.0	8
 250.0	8
 251.0	7
 252.0	6
 253.0	9
 254.0	7
 255.0	7
 256.0	6
 257.0	8
 258.0	5
 259.0	5
 260.0	5
 261.0	4
 262.0	9
 263.0	8.33333
 264.0	11
 265.0	7
 266.0	9.11111
 267.0	8.5
 268.0	9
 269.0	7
 270.0	8
 271.0	8
 272.0	6.33333
 273.0	10
 274.0	6
 275.0	5
 276.0	5
 277.0	6
 278.0	9
 279.0	1
 280.0	8
 281.0	12
 282.0	5.25
 283.0	5
 284.0	5
 285.0	5
 286.0	4
 287.0	5
 288.0	11
 289.0	9
 290.0	8
 291.0	1
 292.0	6
 293.0	5
 294.0	9
 295.0	7
 296.0	8
 297.0	6
 298.0	6
 299.0	9
 300.0	7
 301.0	8
 302.0	10
 303.0	3
 304.0	5
 305.0	7
 306.0	6
 307.0	7
 308.0	4
 309.0	2
 310.0	7
 311.0	6
 312.0	7
 313.0	10
 314.0	7
 315.0	2
 316.0	6
 317.0	8
 318.0	3
 319.0	8
 320.0	6
 321.0	6
 322.0	6
 323.0	4
 324.0	4
 325.0	7
DB 1 MOTIF	GLIS3_HUMAN.H11MO.0.D
-327.0	30.5
-326.0	20
-325.0	27.5
-324.0	28.75
-323.0	26
-322.0	28.5
-321.0	30.5
-320.0	18.5833
-319.0	19.2
-318.0	25
-317.0	29.5
-316.0	24.5
-315.0	32.25
-314.0	23
-313.0	20
-312.0	25.1
-311.0	25
-310.0	20.5
-309.0	20.3333
-308.0	27.3333
-307.0	32
-306.0	25
-305.0	32
-304.0	22
-303.0	23
-302.0	18.2
-301.0	21
-300.0	27
-299.0	20
-298.0	23
-297.0	15.3333
-296.0	28
-295.0	18
-294.0	19
-293.0	24.5
-292.0	27
-291.0	25.1667
-290.0	23.7917
-289.0	25.8333
-288.0	20
-287.0	27
-286.0	20.8333
-285.0	20
-284.0	25.2
-283.0	22
-282.0	22.5
-281.0	16
-280.0	20.3929
-279.0	26
-278.0	22.1429
-277.0	23
-276.0	23.6667
-275.0	30
-274.0	20.5
-273.0	21.6429
-272.0	16.7
-271.0	12
-270.0	16.5
-269.0	21
-268.0	21
-267.0	21.0833
-266.0	21
-265.0	20.5
-264.0	21
-263.0	23.5
-262.0	25.8333
-261.0	26.5
-260.0	28
-259.0	21.0333
-258.0	16.2
-257.0	17
-256.0	19.3333
-255.0	30
-254.0	21
-253.0	21.3333
-252.0	19
-251.0	22.625
-250.0	35
-249.0	28.7667
-248.0	23
-247.0	29
-246.0	22
-245.0	25.25
-244.0	28
-243.0	15.5
-242.0	25.9242
-241.0	23.125
-240.0	33
-239.0	19
-238.0	19
-237.0	43
-236.0	35
-235.0	23.4583
-234.0	30.1667
-233.0	22.5111
-232.0	28.5
-231.0	26.1429
-230.0	25.25
-229.0	22.7833
-228.0	27.5
-227.0	30.1667
-226.0	20.5
-225.0	19
-224.0	17
-223.0	27
-222.0	19.5
-221.0	24.5
-220.0	27
-219.0	27
-218.0	18
-217.0	21
-216.0	17.5
-215.0	21.5
-214.0	22.5833
-213.0	24
-212.0	15.125
-211.0	27.1667
-210.0	26.25
-209.0	26
-208.0	22.7
-207.0	21
-206.0	28.625
-205.0	27.5
-204.0	21.8333
-203.0	20.0909
-202.0	24
-201.0	21
-200.0	14
-199.0	24.45
-198.0	20.5
-197.0	22.5
-196.0	20
-195.0	21.5
-194.0	20.5
-193.0	27.5278
-192.0	22.1667
-191.0	22
-190.0	19
-189.0	19
-188.0	35.5
-187.0	27.25
-186.0	25.6333
-185.0	24
-184.0	26.7
-183.0	23.1429
-182.0	20.5
-181.0	19
-180.0	22
-179.0	22.25
-178.0	21.125
-177.0	22.8095
-176.0	31
-175.0	20
-174.0	34
-173.0	19.125
-172.0	34.625
-171.0	20.625
-170.0	28
-169.0	26.2
-168.0	18.5
-167.0	19
-166.0	21
-165.0	23.6667
-164.0	23.2576
-163.0	26.0833
-162.0	21.3333
-161.0	21.2
-160.0	22.7262
-159.0	30.5
-158.0	18.7
-157.0	23.3333
-156.0	27.6667
-155.0	29.5
-154.0	22.5
-153.0	20.1111
-152.0	32.3333
-151.0	26
-150.0	30.1667
-149.0	30.8333
-148.0	23.3333
-147.0	19.8333
-146.0	24
-145.0	18.2
-144.0	26.3333
-143.0	29.8333
-142.0	28
-141.0	24
-140.0	30.6667
-139.0	20.2
-138.0	17.25
-137.0	15
-136.0	26.875
-135.0	28
-134.0	23.9107
-133.0	32.5
-132.0	13.0833
-131.0	24
-130.0	23.1429
-129.0	17
-128.0	25
-127.0	24.8333
-126.0	26.5
-125.0	22.6242
-124.0	19.625
-123.0	27.3
-122.0	30.3333
-121.0	16
-120.0	27
-119.0	24
-118.0	37.75
-117.0	19.5
-116.0	30
-115.0	25
-114.0	23.7
-113.0	25.1111
-112.0	22
-111.0	32
-110.0	42
-109.0	19.125
-108.0	25.9167
-107.0	33.25
-106.0	30.5
-105.0	25
-104.0	26
-103.0	21.5
-102.0	16.5
-101.0	29.7917
-100.0	23.5
 -99.0	21
 -98.0	23.5
 -97.0	33
 -96.0	21
 -95.0	24.125
 -94.0	19.3333
 -93.0	23.1667
 -92.0	14.25
 -91.0	29.1429
 -90.0	30.25
 -89.0	23.2
 -88.0	27.25
 -87.0	27
 -86.0	26.9762
 -85.0	29.5
 -84.0	19
 -83.0	29.2
 -82.0	33.0333
 -81.0	25
 -80.0	22.6667
 -79.0	15
 -78.0	21.5
 -77.0	31.1429
 -76.0	27
 -75.0	25
 -74.0	40
 -73.0	21.4444
 -72.0	19.0833
 -71.0	11.2
 -70.0	26.125
 -69.0	15
 -68.0	21
 -67.0	22
 -66.0	23.325
 -65.0	24
 -64.0	27
 -63.0	26
 -62.0	20.5
 -61.0	27
 -60.0	31.1
 -59.0	25.5
 -58.0	22
 -57.0	28
 -56.0	16.825
 -55.0	31
 -54.0	16.0833
 -53.0	22
 -52.0	25.5
 -51.0	14.6667
 -50.0	30.5
 -49.0	26
 -48.0	16.6429
 -47.0	23.2338
 -46.0	21.4583
 -45.0	19
 -44.0	25.25
 -43.0	28.5
 -42.0	23
 -41.0	18.2262
 -40.0	25.5
 -39.0	25
 -38.0	23.6667
 -37.0	22.1429
 -36.0	18
 -35.0	28.1429
 -34.0	41
 -33.0	30.1111
 -32.0	26.5
 -31.0	24.125
 -30.0	31.2
 -29.0	25.5
 -28.0	20.2
 -27.0	37.2
 -26.0	29.3333
 -25.0	33
 -24.0	21.6667
 -23.0	25.75
 -22.0	22
 -21.0	26.1667
 -20.0	27.5
 -19.0	17.5
 -18.0	29.7
 -17.0	33.125
 -16.0	27.625
 -15.0	22
 -14.0	36
 -13.0	14.4167
 -12.0	33
 -11.0	22.1429
 -10.0	28.3333
  -9.0	28
  -8.0	33.8409
  -7.0	34.5
  -6.0	22.5
  -5.0	27.1429
  -4.0	19.25
  -3.0	33
  -2.0	30.25
  -1.0	32.0833
   0.0	28
   1.0	24.25
   2.0	25.25
   3.0	28.1
   4.0	27.2679
   5.0	18.1667
   6.0	33.5
   7.0	20.5873
   8.0	28
   9.0	37
  10.0	18.5
  11.0	25.6429
  12.0	26
  13.0	26
  14.0	19.5
  15.0	25
  16.0	25.3333
  17.0	28.125
  18.0	22
  19.0	34.25
  20.0	19.7
  21.0	23
  22.0	26.5
  23.0	29.0833
  24.0	25.2
  25.0	21.3333
  26.0	31.5
  27.0	28.5
  28.0	21
  29.0	30
  30.0	27
  31.0	27.5
  32.0	32.75
  33.0	28.6667
  34.0	22
  35.0	27
  36.0	29.1667
  37.0	24
  38.0	25.2679
  39.0	30
  40.0	26
  41.0	13.7
  42.0	24.8333
  43.0	30.6667
  44.0	21
  45.0	29
  46.0	24.3333
  47.0	26.5
  48.0	32.7
  49.0	21.3929
  50.0	30
  51.0	23.4167
  52.0	24.5833
  53.0	27
  54.0	28.5
  55.0	27.6429
  56.0	24.5
  57.0	21.5
  58.0	21
  59.0	29
  60.0	29.5
  61.0	26.1667
  62.0	32.3333
  63.0	31
  64.0	34.4167
  65.0	18.5
  66.0	33.9333
  67.0	30.5
  68.0	27.7
  69.0	30.5
  70.0	20.0909
  71.0	22.2
  72.0	17
  73.0	23
  74.0	10.5
  75.0	21
  76.0	23.8333
  77.0	26
  78.0	25
  79.0	27
  80.0	19.125
  81.0	21.5
  82.0	20.5
  83.0	26
  84.0	17
  85.0	18.75
  86.0	17
  87.0	20.1111
  88.0	22
  89.0	21.3333
  90.0	27
  91.0	23.6429
  92.0	25.7917
  93.0	16.5
  94.0	21
  95.0	26.0833
  96.0	27
  97.0	27.3333
  98.0	31
  99.0	17
 100.0	22.1667
 101.0	22.3333
 102.0	25
 103.0	16.1667
 104.0	25.5
 105.0	15.0833
 106.0	25.1429
 107.0	23
 108.0	26
 109.0	26.2
 110.0	17.5
 111.0	25.5
 112.0	23
 113.0	36
 114.0	29.5
 115.0	19.75
 116.0	25.25
 117.0	22.8667
 118.0	19
 119.0	22.5
 120.0	24.5
 121.0	34.3333
 122.0	26.5
 123.0	19
 124.0	29.2
 125.0	18.5
 126.0	26.0833
 127.0	24.1111
 128.0	19
 129.0	28.1
 130.0	30
 131.0	26
 132.0	22
 133.0	18
 134.0	21.5
 135.0	19.5
 136.0	38.5
 137.0	26
 138.0	17
 139.0	24.5
 140.0	23.5
 141.0	28.5
 142.0	17.1667
 143.0	18.2917
 144.0	19.3333
 145.0	25
 146.0	27.125
 147.0	19.5
 148.0	21.4242
 149.0	24
 150.0	21
 151.0	24.5
 152.0	27
 153.0	33
 154.0	23.2
 155.0	30.75
 156.0	20
 157.0	23.6429
 158.0	18.0833
 159.0	27.5
 160.0	24.5
 161.0	24
 162.0	17
 163.0	19.5
 164.0	21.25
 165.0	25
 166.0	22
 167.0	16
 168.0	16
 169.0	17.5
 170.0	24.5
 171.0	25.1667
 172.0	20.5
 173.0	22.2
 174.0	27
 175.0	16.1429
 176.0	23.5
 177.0	35.5
 178.0	21.5
 179.0	26
 180.0	15
 181.0	23.4167
 182.0	26
 183.0	27.5
 184.0	13
 185.0	28
 186.0	13.8333
 187.0	26.5909
 188.0	29.5833
 189.0	20
 190.0	31.6667
 191.0	18.7
 192.0	25.1
 193.0	23
 194.0	25.75
 195.0	28
 196.0	19
 197.0	12.1667
 198.0	26
 199.0	18.5
 200.0	26.125
 201.0	23
 202.0	21
 203.0	15
 204.0	26.1667
 205.0	25
 206.0	34.625
 207.0	27.25
 208.0	24.1429
 209.0	23.1667
 210.0	19.5
 211.0	19.5833
 212.0	29.1429
 213.0	29
 214.0	28
 215.0	33
 216.0	31.5
 217.0	29.3333
 218.0	26.5
 219.0	21.5
 220.0	30.6667
 221.0	16
 222.0	28
 223.0	16.5833
 224.0	18
 225.0	19
 226.0	22.0909
 227.0	22
 228.0	26.2
 229.0	21
 230.0	30.5
 231.0	23
 232.0	22.5
 233.0	19
 234.0	27
 235.0	25
 236.0	29
 237.0	21.8333
 238.0	20
 239.0	23
 240.0	28.5
 241.0	28.3333
 242.0	34
 243.0	22.8333
 244.0	23
 245.0	21.1667
 246.0	20
 247.0	21.75
 248.0	23.5
 249.0	21
 250.0	26
 251.0	19
 252.0	20
 253.0	24
 254.0	29.0833
 255.0	22.6
 256.0	20.5
 257.0	26
 258.0	17
 259.0	21.3095
 260.0	15.1667
 261.0	24.8333
 262.0	23.25
 263.0	16
 264.0	20.0833
 265.0	23.7909
 266.0	24
 267.0	25
 268.0	32
 269.0	16
 270.0	22.8333
 271.0	17.5
 272.0	18.5
 273.0	29.1429
 274.0	23
 275.0	29
 276.0	25
 277.0	13.5
 278.0	21
 279.0	22.5
 280.0	25.25
 281.0	19.5
 282.0	21.5
 283.0	25
 284.0	25.5
 285.0	20
 286.0	30
 287.0	23
 288.0	22.5
 289.0	18
 290.0	24
 291.0	20.5
 292.0	21
 293.0	19.5
 294.0	20.1667
 295.0	27.5
 296.0	18
 297.0	24.5
 298.0	20.6667
 299.0	26
 300.0	22
 301.0	10.1429
 302.0	31.5
 303.0	22
 304.0	15.5
 305.0	20.5
 306.0	21.8333
 307.0	19.5
 308.0	29
 309.0	17
 310.0	20.5
 311.0	18.5
 312.0	25
 313.0	15.5
 314.0	21
 315.0	25
 316.0	26.1667
 317.0	20.5833
 318.0	20.0833
 319.0	15
 320.0	14.5
 321.0	22
 322.0	26
 323.0	17.5
 324.0	5.5
 325.0	16
 326.0	22
 327.0	24.5
DB 1 MOTIF	HAND1_HUMAN.H11MO.1.D
-328.5	25.4583
-327.5	16.0833
-326.5	26.7121
-325.5	28.5833
-324.5	29.25
-323.5	28.6979
-322.5	30.1667
-321.5	15.5833
-320.5	22.8333
-319.5	21.8333
-318.5	31.4409
-317.5	22.4524
-316.5	23.0278
-315.5	29.4167
-314.5	24.6667
-313.5	23.2278
-312.5	19.8333
-311.5	13.1667
-310.5	20.5833
-309.5	20.3167
-308.5	27.5455
-307.5	24.8667
-306.5	17.6667
-305.5	24.9167
-304.5	24.5
-303.5	25
-302.5	15.5313
-301.5	18.5833
-300.5	27.0833
-299.5	26.0357
-298.5	24.0333
-297.5	30.9167
-296.5	24.8333
-295.5	26.4206
-294.5	24.9167
-293.5	23.0833
-292.5	24.9762
-291.5	18.4762
-290.5	23.3788
-289.5	26.4
-288.5	24.45
-287.5	32.2262
-286.5	11.6667
-285.5	24.3083
-284.5	27.4583
-283.5	22.1146
-282.5	33.5167
-281.5	25.2857
-280.5	21.95
-279.5	30.3333
-278.5	20.75
-277.5	22.2083
-276.5	23
-275.5	23.3333
-274.5	36.0076
-273.5	23.8333
-272.5	24.6288
-271.5	28.1111
-270.5	20.4167
-269.5	22.1167
-268.5	20.1
-267.5	28.0833
-266.5	18.8333
-265.5	22.6167
-264.5	20.6667
-263.5	40.5167
-262.5	35.6146
-261.5	22.0833
-260.5	28.8333
-259.5	17.75
-258.5	25.25
-257.5	23.8333
-256.5	31.0476
-255.5	20.6667
-254.5	25.8788
-253.5	35.6012
-252.5	21.3333
-251.5	20.2
-250.5	29.3333
-249.5	23.1917
-248.5	29.6667
-247.5	15.6667
-246.5	28.25
-245.5	21.5607
-244.5	29.8333
-243.5	33.5312
-242.5	30.2167
-241.5	26.45
-240.5	22.4167
-239.5	24.2909
-238.5	29.5
-237.5	24.6667
-236.5	29.5335
-235.5	37.1667
-234.5	17.4762
-233.5	17.3333
-232.5	27.3333
-231.5	20.6667
-230.5	21.75
-229.5	29.5444
-228.5	24.3667
-227.5	23.875
-226.5	22.7357
-225.5	31.0611
-224.5	32.5908
-223.5	41.1833
-222.5	19.1667
-221.5	33.6167
-220.5	29.7076
-219.5	27.3333
-218.5	32.7833
-217.5	20.7833
-216.5	30.3333
-215.5	17.9167
-214.5	23.3333
-213.5	27.4167
-212.5	20.2893
-211.5	21.6667
-210.5	21.3333
-209.5	37.8167
-208.5	31.4167
-207.5	22.1667
-206.5	26.25
-205.5	22.2667
-204.5	20.6167
-203.5	22.1979
-202.5	22.9333
-201.5	25.775
-200.5	26.9167
-199.5	22.6667
-198.5	19.6288
-197.5	25.5833
-196.5	26.4833
-195.5	27.3171
-194.5	21.8492
-193.5	27.9833
-192.5	27.25
-191.5	29.2833
-190.5	20.45
-189.5	20
-188.5	26.0119
-187.5	29.8111
-186.5	19.25
-185.5	35.6667
-184.5	29.6479
-183.5	31.4333
-182.5	28.9167
-181.5	16.8667
-180.5	21.7197
-179.5	27.3167
-178.5	28.2917
-177.5	34.2917
-176.5	23.8667
-175.5	20.9
-174.5	25.6429
-173.5	18.6
-172.5	25.0333
-171.5	23.8333
-170.5	20.7833
-169.5	24.169
-168.5	27.4048
-167.5	32.2917
-166.5	26.4778
-165.5	25.5312
-164.5	26.6833
-163.5	13.5833
-162.5	19.0455
-161.5	16.3333
-160.5	30.3333
-159.5	32.9167
-158.5	24.45
-157.5	23.9083
-156.5	29.5833
-155.5	27.9167
-154.5	26.2262
-153.5	30.6881
-152.5	25.5
-151.5	28.6504
-150.5	26.8333
-149.5	27.2
-148.5	23.9167
-147.5	18.7
-146.5	27.6146
-145.5	27.4944
-144.5	35.7955
-143.5	25.1917
-142.5	34.75
-141.5	26.25
-140.5	29.0909
-139.5	21.6833
-138.5	21.5833
-137.5	17.375
-136.5	15.2595
-135.5	17.5
-134.5	37.0357
-133.5	29.6667
-132.5	30.2833
-131.5	22.9167
-130.5	26.0333
-129.5	23.15
-128.5	21.8667
-127.5	15.3333
-126.5	32.4121
-125.5	30.8646
-124.5	21.9381
-123.5	22
-122.5	26.1667
-121.5	38.9583
-120.5	18.4262
-119.5	25.95
-118.5	23.3333
-117.5	41.5
-116.5	28.8452
-115.5	24.6944
-114.5	23.3833
-113.5	32.075
-112.5	33.25
-111.5	23.9881
-110.5	26.0333
-109.5	25.6667
-108.5	24.1012
-107.5	20.3409
-106.5	19.4479
-105.5	31.4167
-104.5	25.25
-103.5	25.2361
-102.5	23.8333
-101.5	24.8333
-100.5	31.7909
 -99.5	28.5
 -98.5	39.619
 -97.5	21.75
 -96.5	23.3095
 -95.5	30
 -94.5	24.0833
 -93.5	27.3929
 -92.5	19
 -91.5	22.8333
 -90.5	28.6333
 -89.5	28.9833
 -88.5	20.7955
 -87.5	25.9062
 -86.5	26.469
 -85.5	34.25
 -84.5	34.75
 -83.5	25.5929
 -82.5	24.1167
 -81.5	26.5
 -80.5	27.2714
 -79.5	31.3667
 -78.5	23.75
 -77.5	22.3333
 -76.5	23.75
 -75.5	29.1444
 -74.5	27.95
 -73.5	29.1667
 -72.5	29.9667
 -71.5	30.4
 -70.5	27.4502
 -69.5	24.7083
 -68.5	23.75
 -67.5	25.65
 -66.5	23.8646
 -65.5	26.4444
 -64.5	25.9167
 -63.5	26.8409
 -62.5	27.2857
 -61.5	25.6667
 -60.5	29.8742
 -59.5	27.9762
 -58.5	28.75
 -57.5	22.95
 -56.5	28.9167
 -55.5	33.5
 -54.5	31.6429
 -53.5	19.8095
 -52.5	36.2716
 -51.5	34.6167
 -50.5	37.5833
 -49.5	23.7333
 -48.5	33.7083
 -47.5	24.8166
 -46.5	30.6667
 -45.5	28.9167
 -44.5	31.1667
 -43.5	23.619
 -42.5	33.5
 -41.5	30.4167
 -40.5	32.75
 -39.5	28.4444
 -38.5	25.95
 -37.5	35.9167
 -36.5	23.7714
 -35.5	26.0833
 -34.5	17.2288
 -33.5	33.6667
 -32.5	29.7333
 -31.5	22.75
 -30.5	26.2667
 -29.5	20.5714
 -28.5	32.1562
 -27.5	29
 -26.5	30.6667
 -25.5	23.7833
 -24.5	38.2024
 -23.5	32.5833
 -22.5	31.5667
 -21.5	28.7833
 -20.5	28.1742
 -19.5	28.777
 -18.5	22.4345
 -17.5	23
 -16.5	20.4762
 -15.5	27.3611
 -14.5	24.119
 -13.5	33.8333
 -12.5	30.8333
 -11.5	31.6242
 -10.5	36.8667
  -9.5	23.9333
  -8.5	27.1667
  -7.5	29.3646
  -6.5	41.869
  -5.5	33.75
  -4.5	30.6667
  -3.5	21.6667
  -2.5	19.8333
  -1.5	30.5714
  -0.5	28.5
   0.5	20.5
   1.5	29.5
   2.5	29.1667
   3.5	28.7788
   4.5	32.1667
   5.5	32
   6.5	33.9
   7.5	32.75
   8.5	22.0833
   9.5	21.0833
  10.5	29
  11.5	34.0812
  12.5	18.5714
  13.5	29.75
  14.5	31.525
  15.5	29.1667
  16.5	27.8667
  17.5	29.25
  18.5	25.625
  19.5	30.5909
  20.5	20.4444
  21.5	28.9788
  22.5	31.5
  23.5	27.4762
  24.5	34.9652
  25.5	28.6667
  26.5	35.15
  27.5	23.5833
  28.5	23.5357
  29.5	24.0333
  30.5	22.9479
  31.5	21
  32.5	23.0333
  33.5	28.5
  34.5	29.1706
  35.5	31.1667
  36.5	26.1667
  37.5	26.4167
  38.5	32.6
  39.5	24
  40.5	28.8333
  41.5	16.4121
  42.5	27.3492
  43.5	32.95
  44.5	21.1667
  45.5	36.8333
  46.5	33.7917
  47.5	27.744
  48.5	20.9167
  49.5	25.4762
  50.5	24.3333
  51.5	25.2257
  52.5	29.5
  53.5	21.1833
  54.5	23.4048
  55.5	37.6667
  56.5	21.9167
  57.5	30.0333
  58.5	27.5
  59.5	28.0909
  60.5	24.2909
  61.5	26.2538
  62.5	26.75
  63.5	22.5595
  64.5	23.4024
  65.5	31.5
  66.5	35.0333
  67.5	36.4167
  68.5	31.0409
  69.5	29.5
  70.5	24.7646
  71.5	30.25
  72.5	27.7
  73.5	32.3095
  74.5	20.7333
  75.5	20.9262
  76.5	25.1167
  77.5	29.4333
  78.5	32.5
  79.5	31.7833
  80.5	23.75
  81.5	23.2455
  82.5	29.2163
  83.5	25.8333
  84.5	19.3611
  85.5	34.6429
  86.5	30.7381
  87.5	24.5
  88.5	25.9083
  89.5	19.8646
  90.5	22.0417
  91.5	22.0333
  92.5	25.45
  93.5	23.8333
  94.5	24.1667
  95.5	18.0048
  96.5	28.0909
  97.5	30.1167
  98.5	27.2833
  99.5	32.4697
 100.5	22.869
 101.5	21.0667
 102.5	23.6667
 103.5	23.4167
 104.5	33.0667
 105.5	21.9833
 106.5	25.0833
 107.5	24.8167
 108.5	21.9479
 109.5	31.0667
 110.5	36.4
 111.5	26.75
 112.5	27.6667
 113.5	26.3111
 114.5	25.3095
 115.5	27.5333
 116.5	15.0333
 117.5	20.7955
 118.5	24.869
 119.5	28.9167
 120.5	26.1429
 121.5	19.625
 122.5	27.4444
 123.5	24.7667
 124.5	20.7
 125.5	22.6667
 126.5	23.6667
 127.5	30.6667
 128.5	11.8333
 129.5	17.8646
 130.5	21.5714
 131.5	25.0595
 132.5	19.7076
 133.5	31.1
 134.5	27.5278
 135.5	27
 136.5	30.5214
 137.5	21.8333
 138.5	23.4167
 139.5	25.5492
 140.5	31.5333
 141.5	24.0833
 142.5	22.6429
 143.5	24.3929
 144.5	29.2778
 145.5	23.7
 146.5	22.3333
 147.5	21.25
 148.5	25.2812
 149.5	32.2917
 150.5	22.9417
 151.5	25.0167
 152.5	32.7
 153.5	28.0429
 154.5	28.25
 155.5	15.45
 156.5	24.8333
 157.5	19.9167
 158.5	22.9167
 159.5	24.5
 160.5	19.0909
 161.5	19
 162.5	20.1944
 163.5	26.9762
 164.5	31.3667
 165.5	17.3333
 166.5	19.9167
 167.5	27.0312
 168.5	22.4242
 169.5	31.6667
 170.5	26
 171.5	28.4167
 172.5	31.6667
 173.5	29.1667
 174.5	25.6548
 175.5	27.9302
 176.5	24.4881
 177.5	21.7
 178.5	21.0833
 179.5	24.3833
 180.5	20.3333
 181.5	29.15
 182.5	32.8667
 183.5	17.6429
 184.5	21.3194
 185.5	21.7167
 186.5	26.7055
 187.5	18.3667
 188.5	15.25
 189.5	18.5
 190.5	28.7333
 191.5	22.75
 192.5	24.2262
 193.5	28.8333
 194.5	31.069
 195.5	26.0833
 196.5	28
 197.5	28.8333
 198.5	21.6667
 199.5	27.0833
 200.5	40.3667
 201.5	22.125
 202.5	23.6944
 203.5	23.5833
 204.5	33.4242
 205.5	26.2833
 206.5	23.3333
 207.5	24.6146
 208.5	29.8333
 209.5	26.8333
 210.5	29
 211.5	19.25
 212.5	26.3333
 213.5	22.619
 214.5	13.7833
 215.5	22.0667
 216.5	35.0833
 217.5	11.5714
 218.5	22.9381
 219.5	24.375
 220.5	18.5833
 221.5	24.1667
 222.5	26.9762
 223.5	21.8333
 224.5	25.6667
 225.5	30.0833
 226.5	19.1979
 227.5	26.0833
 228.5	26.3333
 229.5	23.8095
 230.5	23.4
 231.5	22.5357
 232.5	25.1667
 233.5	22.6667
 234.5	31.5595
 235.5	16
 236.5	18.6667
 237.5	22.5833
 238.5	25.8333
 239.5	20.9167
 240.5	20.6742
 241.5	26.25
 242.5	31.0278
 243.5	22.8333
 244.5	35.1667
 245.5	19.5479
 246.5	25.3333
 247.5	28.6667
 248.5	19.4167
 249.5	25.0357
 250.5	28.9167
 251.5	26.45
 252.5	19.5833
 253.5	22
 254.5	21.8333
 255.5	20
 256.5	33.7
 257.5	29.9881
 258.5	19.9167
 259.5	23.8333
 260.5	25.2833
 261.5	23.1667
 262.5	30.7143
 263.5	29.75
 264.5	20.5312
 265.5	17.6845
 266.5	22.5
 267.5	27.7857
 268.5	26.1667
 269.5	25
 270.5	30.3167
 271.5	15.625
 272.5	22.575
 273.5	26.5833
 274.5	16
 275.5	25.6667
 276.5	21.9242
 277.5	31.2
 278.5	24.25
 279.5	32
 280.5	18.1667
 281.5	20.8333
 282.5	23.6111
 283.5	26.5333
 284.5	19.7833
 285.5	15.9167
 286.5	26.7857
 287.5	28.625
 288.5	29.3333
 289.5	25.3333
 290.5	24.5
 291.5	27
 292.5	26.3333
 293.5	22.1667
 294.5	26.6667
 295.5	24.3333
 296.5	19.7
 297.5	23.4167
 298.5	25.0714
 299.5	35.5
 300.5	27.8667
 301.5	19.9
 302.5	16.0074
 303.5	24.8333
 304.5	18.4524
 305.5	19.5
 306.5	17.7143
 307.5	23
 308.5	20.5
 309.5	17
 310.5	18.4
 311.5	32.0333
 312.5	33.5076
 313.5	22.875
 314.5	23.1667
 315.5	25.25
 316.5	25.1667
 317.5	22.5833
 318.5	15
 319.5	17.6667
 320.5	25.8333
 321.5	20.1167
 322.5	20.8135
 323.5	25.5
 324.5	19.25
 325.5	25.2833
 326.5	28.9167
 327.5	20.9167
 328.5	20.25
DB 1 MOTIF	HEN1_HUMAN.H11MO.0.C
-322.0	5
-321.0	11
-320.0	16
-319.0	12
-318.0	11
-317.0	10
-316.0	9
-315.0	12
-314.0	13
-313.0	10
-312.0	9
-311.0	9
-310.0	15
-309.0	11
-308.0	10
-307.0	15
-306.0	8
-305.0	5
-304.0	14
-303.0	10
-302.0	13
-301.0	9
-300.0	11
-299.0	6
-298.0	13
-297.0	13
-296.0	9
-295.0	11
-294.0	18
-293.0	10
-292.0	7
-291.0	10
-290.0	12
-289.0	9.2
-288.0	10
-287.0	10
-286.0	6
-285.0	7
-284.0	9
-283.0	8
-282.0	7
-281.0	12
-280.0	16
-279.0	8
-278.0	16
-277.0	5
-276.0	10
-275.0	9
-274.0	12.3333
-273.0	12
-272.0	6
-271.0	14
-270.0	10
-269.0	7
-268.0	10
-267.0	15
-266.0	8
-265.0	12
-264.0	13
-263.0	11
-262.0	10
-261.0	16
-260.0	16
-259.0	12
-258.0	11
-257.0	9
-256.0	6
-255.0	10
-254.0	10
-253.0	14
-252.0	9
-251.0	13
-250.0	15
-249.0	10
-248.0	11
-247.0	14.25
-246.0	16
-245.0	9
-244.0	13.2
-243.0	11
-242.0	5
-241.0	12
-240.0	10
-239.0	10
-238.0	12
-237.0	12
-236.0	7
-235.0	13
-234.0	13
-233.0	11
-232.0	15
-231.0	8
-230.0	18
-229.0	10
-228.0	11
-227.0	9
-226.0	11
-225.0	10.125
-224.0	14
-223.0	12
-222.0	13
-221.0	8
-220.0	6
-219.0	11
-218.0	17
-217.0	12
-216.0	8
-215.0	10
-214.0	15
-213.0	7
-212.0	11
-211.0	11
-210.0	15
-209.0	7
-208.0	9.16667
-207.0	10
-206.0	10
-205.0	15
-204.0	13.25
-203.0	8.33333
-202.0	7
-201.0	11
-200.0	14
-199.0	14
-198.0	13
-197.0	11
-196.0	15
-195.0	15
-194.0	11
-193.0	16.4
-192.0	14.4
-191.0	6
-190.0	10
-189.0	6
-188.0	11
-187.0	14
-186.0	12
-185.0	21
-184.0	17
-183.0	15
-182.0	19
-181.0	12.125
-180.0	6
-179.0	10
-178.0	9
-177.0	10.3333
-176.0	11
-175.0	16
-174.0	16
-173.0	10
-172.0	9
-171.0	10
-170.0	13
-169.0	13
-168.0	18
-167.0	13
-166.0	11
-165.0	13
-164.0	18.1667
-163.0	11
-162.0	15
-161.0	12.25
-160.0	3
-159.0	6
-158.0	16
-157.0	12
-156.0	14
-155.0	18
-154.0	9.25
-153.0	13
-152.0	14
-151.0	16
-150.0	12
-149.0	9.5
-148.0	18
-147.0	9
-146.0	9
-145.0	12
-144.0	14.5
-143.0	9
-142.0	9
-141.0	12
-140.0	22.2
-139.0	12
-138.0	14
-137.0	13
-136.0	7
-135.0	16
-134.0	13
-133.0	13
-132.0	15
-131.0	13
-130.0	10.3333
-129.0	13
-128.0	8
-127.0	19.5
-126.0	12
-125.0	15
-124.0	9
-123.0	12
-122.0	12
-121.0	9
-120.0	16.1667
-119.0	8
-118.0	10.75
-117.0	8
-116.0	12
-115.0	12
-114.0	13
-113.0	11
-112.0	13
-111.0	17
-110.0	17.3333
-109.0	15.5
-108.0	14
-107.0	13
-106.0	12
-105.0	14
-104.0	15
-103.0	10
-102.0	8
-101.0	15
-100.0	19
 -99.0	17.5
 -98.0	14
 -97.0	13
 -96.0	5
 -95.0	17
 -94.0	8.2
 -93.0	18
 -92.0	9
 -91.0	10.5
 -90.0	10
 -89.0	11
 -88.0	15.2
 -87.0	12
 -86.0	11
 -85.0	13
 -84.0	16
 -83.0	9
 -82.0	16
 -81.0	16.5
 -80.0	10.3333
 -79.0	13
 -78.0	17
 -77.0	7
 -76.0	13.1667
 -75.0	16
 -74.0	15
 -73.0	8
 -72.0	9
 -71.0	14
 -70.0	15
 -69.0	14
 -68.0	19
 -67.0	17
 -66.0	17
 -65.0	16.2
 -64.0	12
 -63.0	9
 -62.0	24
 -61.0	7
 -60.0	14
 -59.0	11
 -58.0	9
 -57.0	21
 -56.0	16
 -55.0	10
 -54.0	12
 -53.0	21.2
 -52.0	18
 -51.0	9
 -50.0	15
 -49.0	17
 -48.0	14
 -47.0	13
 -46.0	18
 -45.0	13
 -44.0	12
 -43.0	16
 -42.0	15
 -41.0	11
 -40.0	17.5
 -39.0	14
 -38.0	9
 -37.0	15
 -36.0	11.2
 -35.0	16
 -34.0	16
 -33.0	22
 -32.0	14.6667
 -31.0	15
 -30.0	14
 -29.0	14.5
 -28.0	10
 -27.0	17.5
 -26.0	15.5
 -25.0	20
 -24.0	10
 -23.0	12
 -22.0	14
 -21.0	13
 -20.0	13
 -19.0	17
 -18.0	11
 -17.0	14
 -16.0	9
 -15.0	18
 -14.0	17.8333
 -13.0	21
 -12.0	11
 -11.0	10
 -10.0	19
  -9.0	17
  -8.0	17.5
  -7.0	11
  -6.0	13
  -5.0	14
  -4.0	14
  -3.0	11
  -2.0	13
  -1.0	14
   0.0	20
   1.0	13
   2.0	11
   3.0	18.5
   4.0	18
   5.0	14.2
   6.0	10
   7.0	16
   8.0	16
   9.0	17
  10.0	8
  11.0	17
  12.0	8
  13.0	14
  14.0	14
  15.0	22
  16.0	17
  17.0	12
  18.0	18
  19.0	10
  20.0	12.5
  21.0	15
  22.0	14
  23.0	10
  24.0	15
  25.0	14
  26.0	22
  27.0	17
  28.0	15
  29.0	14
  30.0	13.125
  31.0	14
  32.0	14
  33.0	16
  34.0	17
  35.0	12
  36.0	12
  37.0	11
  38.0	18
  39.0	16
  40.0	11
  41.0	18
  42.0	9.5
  43.0	18
  44.0	10
  45.0	16
  46.0	12.3333
  47.0	20
  48.0	13
  49.0	17
  50.0	9
  51.0	7
  52.0	11
  53.0	10
  54.0	13.3333
  55.0	13
  56.0	17.1667
  57.0	15.0833
  58.0	18.5
  59.0	19
  60.0	12
  61.0	15
  62.0	10.2
  63.0	16
  64.0	14
  65.0	13
  66.0	6.2
  67.0	18
  68.0	10
  69.0	11
  70.0	11
  71.0	13
  72.0	10
  73.0	11.5
  74.0	13.125
  75.0	14
  76.0	18
  77.0	12
  78.0	12.5
  79.0	11
  80.0	10
  81.0	14
  82.0	11
  83.0	19
  84.0	12.5
  85.0	13
  86.0	13
  87.0	14
  88.0	14
  89.0	21
  90.0	12
  91.0	14.5
  92.0	10
  93.0	6
  94.0	9
  95.0	8
  96.0	9
  97.0	7
  98.0	10
  99.0	16
 100.0	8
 101.0	11.5
 102.0	7
 103.0	14.2
 104.0	10.2
 105.0	14
 106.0	12
 107.0	6
 108.0	14
 109.0	10
 110.0	9
 111.0	19
 112.0	12
 113.0	9
 114.0	6
 115.0	10
 116.0	4
 117.0	9
 118.0	11.825
 119.0	17
 120.0	14
 121.0	10.25
 122.0	13
 123.0	10
 124.0	8
 125.0	14
 126.0	7
 127.0	14
 128.0	11
 129.0	9
 130.0	18.25
 131.0	9
 132.0	13
 133.0	12
 134.0	9
 135.0	9
 136.0	10.5
 137.0	16
 138.0	22
 139.0	12.2
 140.0	17
 141.0	8
 142.0	11
 143.0	10
 144.0	13
 145.0	11
 146.0	14
 147.0	11
 148.0	11
 149.0	8
 150.0	10
 151.0	15
 152.0	8
 153.0	11
 154.0	8.33333
 155.0	17
 156.0	7
 157.0	9
 158.0	8
 159.0	15
 160.0	10
 161.0	14
 162.0	10.125
 163.0	12
 164.0	12
 165.0	11
 166.0	14.3333
 167.0	11
 168.0	5
 169.0	9
 170.0	9.2
 171.0	6
 172.0	19.5
 173.0	13
 174.0	14
 175.0	12
 176.0	18
 177.0	15
 178.0	14
 179.0	10
 180.0	11
 181.0	7
 182.0	13
 183.0	9
 184.0	11
 185.0	13
 186.0	17
 187.0	18
 188.0	10
 189.0	7
 190.0	10
 191.0	9
 192.0	10
 193.0	9
 194.0	13
 195.0	16
 196.0	5
 197.0	8
 198.0	12.5
 199.0	8.5
 200.0	9
 201.0	8.25
 202.0	3
 203.0	8.53333
 204.0	9
 205.0	8
 206.0	15.125
 207.0	8
 208.0	14.5
 209.0	6
 210.0	12
 211.0	16
 212.0	12
 213.0	9
 214.0	9
 215.0	8
 216.0	13
 217.0	15
 218.0	7
 219.0	14
 220.0	11
 221.0	16
 222.0	11.2
 223.0	9
 224.0	13
 225.0	10
 226.0	8
 227.0	12
 228.0	5
 229.0	13
 230.0	11
 231.0	8
 232.0	7
 233.0	9
 234.0	16
 235.0	10
 236.0	14
 237.0	13
 238.0	13
 239.0	14
 240.0	14
 241.0	6
 242.0	8
 243.0	8.2
 244.0	10
 245.0	14
 246.0	12
 247.0	10
 248.0	9
 249.0	6
 250.0	6.5
 251.0	8.33333
 252.0	9
 253.0	8.5
 254.0	9
 255.0	16
 256.0	12.5
 257.0	6
 258.0	16
 259.0	11
 260.0	9
 261.0	12
 262.0	13
 263.0	14
 264.0	15
 265.0	10
 266.0	6
 267.0	11
 268.0	11
 269.0	8
 270.0	7
 271.0	9.25
 272.0	17
 273.0	12.25
 274.0	14.2
 275.0	10
 276.0	12
 277.0	6
 278.0	4
 279.0	6
 280.0	11
 281.0	10
 282.0	10
 283.0	11
 284.0	8
 285.0	13
 286.0	9
 287.0	7
 288.0	15
 289.0	14
 290.0	12
 291.0	9
 292.0	10
 293.0	10.2
 294.0	12.125
 295.0	12
 296.0	10
 297.0	14.3333
 298.0	6
 299.0	9
 300.0	13
 301.0	5
 302.0	11
 303.0	9
 304.0	11
 305.0	8
 306.0	13
 307.0	6
 308.0	8
 309.0	7
 310.0	14
 311.0	11
 312.0	8
 313.0	10
 314.0	8
 315.0	7
 316.0	10
 317.0	6.25
 318.0	7
 319.0	10
 320.0	8
 321.0	9
 322.0	8
DB 1 MOTIF	HES1_HUMAN.H11MO.0.D
-325.5	22
-324.5	26
-323.5	28.0833
-322.5	22.3333
-321.5	20
-320.5	39
-319.5	29
-318.5	22
-317.5	37
-316.5	27
-315.5	24
-314.5	28.3333
-313.5	31
-312.5	21
-311.5	17
-310.5	23.0909
-309.5	26
-308.5	26
-307.5	24.3333
-306.5	21
-305.5	24.6111
-304.5	32.5
-303.5	26
-302.5	22
-301.5	29
-300.5	25
-299.5	34
-298.5	12
-297.5	29
-296.5	20
-295.5	27.6429
-294.5	28
-293.5	23.5
-292.5	22.5
-291.5	22
-290.5	28
-289.5	18
-288.5	27
-287.5	30.0667
-286.5	25
-285.5	32
-284.5	31
-283.5	21.5
-282.5	29
-281.5	30.1667
-280.5	26.3333
-279.5	22
-278.5	23
-277.5	21
-276.5	21
-275.5	33
-274.5	21
-273.5	18.5
-272.5	30
-271.5	25
-270.5	32
-269.5	33
-268.5	16.2909
-267.5	24.0833
-266.5	34
-265.5	31
-264.5	21
-263.5	29
-262.5	34.5
-261.5	18
-260.5	21.5
-259.5	23.3333
-258.5	13.5
-257.5	27.5
-256.5	28
-255.5	24.5
-254.5	19.5
-253.5	24.5
-252.5	29
-251.5	31.3095
-250.5	12.5
-249.5	21.5
-248.5	26.0667
-247.5	29
-246.5	18.8333
-245.5	29
-244.5	20.5
-243.5	28.3333
-242.5	23
-241.5	20
-240.5	18.5
-239.5	25.5
-238.5	29.4242
-237.5	36
-236.5	25
-235.5	22.5
-234.5	23.5
-233.5	24
-232.5	28
-231.5	23
-230.5	29.3333
-229.5	24.1429
-228.5	22
-227.5	25
-226.5	22.5909
-225.5	21.25
-224.5	25
-223.5	19
-222.5	31
-221.5	23.1667
-220.5	28.25
-219.5	30.5
-218.5	24
-217.5	14
-216.5	18
-215.5	37.2
-214.5	21
-213.5	24
-212.5	19.75
-211.5	18.0833
-210.5	20
-209.5	28.0667
-208.5	31.75
-207.5	21.2
-206.5	28.5
-205.5	25
-204.5	29.5
-203.5	23
-202.5	23
-201.5	26
-200.5	19
-199.5	25
-198.5	22
-197.5	27
-196.5	27
-195.5	28.5
-194.5	22
-193.5	18
-192.5	31
-191.5	27.7
-190.5	24.5
-189.5	26.5
-188.5	16.5
-187.5	28
-186.5	22
-185.5	26
-184.5	25.0909
-183.5	24
-182.5	20.5
-181.5	22.5
-180.5	25.0909
-179.5	21
-178.5	24
-177.5	25
-176.5	22.2
-175.5	26.2
-174.5	39
-173.5	27.6667
-172.5	14.5
-171.5	32.25
-170.5	30.0667
-169.5	27.5
-168.5	26
-167.5	28.5
-166.5	23
-165.5	31
-164.5	25.5
-163.5	24.3929
-162.5	17.3333
-161.5	24.1667
-160.5	33
-159.5	16.2
-158.5	20.75
-157.5	40.1111
-156.5	23
-155.5	28.0833
-154.5	26
-153.5	24.5
-152.5	25.1667
-151.5	22
-150.5	22
-149.5	36
-148.5	19.8333
-147.5	27.5
-146.5	27
-145.5	32.0909
-144.5	26
-143.5	18.3333
-142.5	26.0909
-141.5	24
-140.5	22.8333
-139.5	24.5
-138.5	22
-137.5	21
-136.5	27
-135.5	18
-134.5	25.5
-133.5	31.5
-132.5	26.5
-131.5	31.0667
-130.5	27.1667
-129.5	27
-128.5	22.0833
-127.5	25
-126.5	29
-125.5	21.7
-124.5	26
-123.5	25
-122.5	31.25
-121.5	28
-120.5	17
-119.5	26.1429
-118.5	22
-117.5	19.1111
-116.5	24
-115.5	34
-114.5	24
-113.5	24.0909
-112.5	27
-111.5	21.5
-110.5	20.5
-109.5	21.5
-108.5	24
-107.5	34
-106.5	29
-105.5	22.25
-104.5	30.1111
-103.5	18.5
-102.5	23.625
-101.5	29.1667
-100.5	26.3818
 -99.5	18.5
 -98.5	31.75
 -97.5	18
 -96.5	32.1429
 -95.5	24
 -94.5	24
 -93.5	19.6429
 -92.5	24.0667
 -91.5	32.3333
 -90.5	27.8333
 -89.5	24
 -88.5	28.3333
 -87.5	31.1667
 -86.5	21.5
 -85.5	21
 -84.5	28
 -83.5	24
 -82.5	19
 -81.5	27.5
 -80.5	26
 -79.5	24
 -78.5	23
 -77.5	24.5
 -76.5	31.2
 -75.5	28.3429
 -74.5	32.5
 -73.5	28.25
 -72.5	15.0833
 -71.5	26
 -70.5	20
 -69.5	28
 -68.5	20.2
 -67.5	28
 -66.5	30
 -65.5	32
 -64.5	29.5
 -63.5	25.5
 -62.5	33
 -61.5	34.5
 -60.5	17.0909
 -59.5	30.3333
 -58.5	27.0909
 -57.5	31.5
 -56.5	19
 -55.5	27.5
 -54.5	31.75
 -53.5	20.0012
 -52.5	25.1429
 -51.5	29.1111
 -50.5	25.1111
 -49.5	17.0909
 -48.5	25
 -47.5	26.75
 -46.5	30.3333
 -45.5	17.5
 -44.5	34.1667
 -43.5	30.2
 -42.5	28.5
 -41.5	29.3333
 -40.5	25.3333
 -39.5	34.5
 -38.5	31.5
 -37.5	24
 -36.5	31
 -35.5	22
 -34.5	29.1429
 -33.5	24
 -32.5	32.5
 -31.5	30.5
 -30.5	24.6429
 -29.5	21.5
 -28.5	23.5
 -27.5	31
 -26.5	27.3333
 -25.5	36
 -24.5	30.2
 -23.5	37
 -22.5	23.6111
 -21.5	28
 -20.5	27.0909
 -19.5	27
 -18.5	28
 -17.5	35.0909
 -16.5	30.0909
 -15.5	31
 -14.5	24.3028
 -13.5	20.5
 -12.5	19
 -11.5	26.4
 -10.5	30
  -9.5	32
  -8.5	25
  -7.5	28.5
  -6.5	29
  -5.5	25
  -4.5	23
  -3.5	22
  -2.5	30
  -1.5	33.5
  -0.5	27
   0.5	33.5
   1.5	29.9444
   2.5	28
   3.5	34
   4.5	28
   5.5	27
   6.5	31.5
   7.5	25
   8.5	28.3333
   9.5	22
  10.5	26
  11.5	22
  12.5	24
  13.5	27.5
  14.5	20
  15.5	29.75
  16.5	24
  17.5	24.25
  18.5	30
  19.5	28.8333
  20.5	24.2
  21.5	29.202
  22.5	19
  23.5	28.0909
  24.5	28.5167
  25.5	23
  26.5	26.125
  27.5	20.25
  28.5	29.5
  29.5	33
  30.5	26
  31.5	30.5
  32.5	22.5
  33.5	20.2857
  34.5	21
  35.5	24.6429
  36.5	27.5
  37.5	29.7
  38.5	14.5
  39.5	30.0833
  40.5	32.5
  41.5	29.1667
  42.5	29.5
  43.5	23
  44.5	28
  45.5	24.3667
  46.5	25.5909
  47.5	38
  48.5	28
  49.5	26
  50.5	16.5
  51.5	25.5
  52.5	22.5
  53.5	28
  54.5	18.1111
  55.5	28
  56.5	32
  57.5	30.1111
  58.5	38
  59.5	20
  60.5	24.75
  61.5	29.4242
  62.5	27.4762
  63.5	20.0667
  64.5	23.1667
  65.5	21.4242
  66.5	35
  67.5	33.625
  68.5	31
  69.5	26
  70.5	28.8111
  71.5	31
  72.5	22.5
  73.5	25
  74.5	23
  75.5	22
  76.5	22.5
  77.5	24.4338
  78.5	17
  79.5	17.6429
  80.5	30
  81.5	31
  82.5	30
  83.5	27
  84.5	13.5
  85.5	23.25
  86.5	24
  87.5	36.5
  88.5	21
  89.5	23
  90.5	20.75
  91.5	22
  92.5	18
  93.5	20.6111
  94.5	12.5
  95.5	32.7833
  96.5	29
  97.5	20.5
  98.5	32.45
  99.5	27
 100.5	21.5
 101.5	30.0909
 102.5	31.3778
 103.5	21
 104.5	25
 105.5	22
 106.5	21.1429
 107.5	19.202
 108.5	23.4583
 109.5	28
 110.5	32
 111.5	33
 112.5	25
 113.5	19
 114.5	23
 115.5	34.1667
 116.5	27
 117.5	31.7
 118.5	27
 119.5	25.5
 120.5	18.1429
 121.5	26.5
 122.5	23
 123.5	26.6429
 124.5	31.3333
 125.5	28
 126.5	27
 127.5	28.5
 128.5	22.5
 129.5	20.3611
 130.5	26
 131.5	31.3333
 132.5	23.5
 133.5	20.5
 134.5	26.5
 135.5	23
 136.5	26
 137.5	31
 138.5	24.5
 139.5	24.0909
 140.5	30
 141.5	30.4076
 142.5	23
 143.5	15
 144.5	21.6667
 145.5	28.6429
 146.5	25
 147.5	33
 148.5	21
 149.5	25.125
 150.5	22
 151.5	25.0833
 152.5	18
 153.5	31.7
 154.5	28.5
 155.5	23.0333
 156.5	24.25
 157.5	22
 158.5	28.5
 159.5	28.2
 160.5	21.1111
 161.5	33
 162.5	25
 163.5	30
 164.5	28.3429
 165.5	17.6111
 166.5	23.1111
 167.5	26.5
 168.5	25.9762
 169.5	20.25
 170.5	18
 171.5	24.5909
 172.5	28
 173.5	25.5
 174.5	25.7
 175.5	30
 176.5	24.5
 177.5	31.8333
 178.5	38
 179.5	22
 180.5	23.0667
 181.5	23.0909
 182.5	22
 183.5	21
 184.5	31
 185.5	18
 186.5	29
 187.5	23.2
 188.5	20.5
 189.5	28
 190.5	18.125
 191.5	19.5
 192.5	30
 193.5	19
 194.5	28
 195.5	35.3333
 196.5	22.25
 197.5	29.3333
 198.5	27.4444
 199.5	37.5
 200.5	19.8333
 201.5	29.1111
 202.5	18.5
 203.5	29.0909
 204.5	25
 205.5	25
 206.5	40
 207.5	22.2262
 208.5	27.6429
 209.5	22.5
 210.5	28.8333
 211.5	30.2
 212.5	16.5
 213.5	20.1111
 214.5	25.8333
 215.5	34.1667
 216.5	22
 217.5	25
 218.5	30
 219.5	20.2667
 220.5	15.5
 221.5	7.59091
 222.5	17.25
 223.5	32
 224.5	21
 225.5	24.5
 226.5	27
 227.5	26
 228.5	30
 229.5	30
 230.5	19
 231.5	33.25
 232.5	26.5
 233.5	19.25
 234.5	18.5909
 235.5	32
 236.5	20.5
 237.5	21.1111
 238.5	22
 239.5	19
 240.5	21
 241.5	28.3333
 242.5	22
 243.5	22.6667
 244.5	32.8333
 245.5	23
 246.5	25.3333
 247.5	22
 248.5	19.5
 249.5	25.5
 250.5	25
 251.5	23.3333
 252.5	22.1429
 253.5	20.5
 254.5	14
 255.5	28
 256.5	19
 257.5	17.5
 258.5	30.0667
 259.5	26.3333
 260.5	24
 261.5	25.5909
 262.5	16.1111
 263.5	15.4167
 264.5	32
 265.5	25
 266.5	31.1111
 267.5	22
 268.5	29
 269.5	29.5
 270.5	24
 271.5	22
 272.5	20
 273.5	23.1667
 274.5	27
 275.5	19
 276.5	25.2
 277.5	21
 278.5	22
 279.5	26
 280.5	24
 281.5	20.5
 282.5	22
 283.5	27
 284.5	32
 285.5	19
 286.5	22
 287.5	24
 288.5	23.25
 289.5	26
 290.5	24.4167
 291.5	40.5
 292.5	20
 293.5	24.1111
 294.5	21
 295.5	22.1429
 296.5	23
 297.5	26
 298.5	23
 299.5	22.5
 300.5	20
 301.5	13.5
 302.5	16.3333
 303.5	23
 304.5	17
 305.5	18.5
 306.5	22
 307.5	16
 308.5	17.8333
 309.5	21
 310.5	21.3333
 311.5	20
 312.5	19
 313.5	23
 314.5	25
 315.5	37
 316.5	27.5
 317.5	24
 318.5	13
 319.5	27
 320.5	27
 321.5	21
 322.5	27
 323.5	25
 324.5	25
 325.5	23
DB 1 MOTIF	HES5_HUMAN.H11MO.0.D
-326.0	1.0625
-325.0	3
-324.0	0
-323.0	2
-322.0	0.333333
-321.0	5
-320.0	1
-319.0	0.5
-318.0	4
-317.0	1.07143
-316.0	2
-315.0	1
-314.0	2
-313.0	3
-312.0	5
-311.0	2
-310.0	2
-309.0	1
-308.0	1
-307.0	3
-306.0	1
-305.0	0
-304.0	4
-303.0	2
-302.0	3.07692
-301.0	3
-300.0	3
-299.0	2
-298.0	5
-297.0	3
-296.0	3
-295.0	3
-294.0	6
-293.0	4
-292.0	4
-291.0	3
-290.0	2
-289.0	5
-288.0	4
-287.0	4.0625
-286.0	7.07143
-285.0	3
-284.0	2
-283.0	4
-282.0	3
-281.0	2
-280.0	4.33333
-279.0	1
-278.0	3
-277.0	1
-276.0	3
-275.0	2.5
-274.0	3
-273.0	3
-272.0	1
-271.0	3
-270.0	3
-269.0	1
-268.0	0
-267.0	1
-266.0	5
-265.0	6
-264.0	1
-263.0	3
-262.0	2
-261.0	5
-260.0	2.07692
-259.0	3
-258.0	0
-257.0	2
-256.0	1
-255.0	1
-254.0	1
-253.0	2
-252.0	2.16667
-251.0	3
-250.0	4
-249.0	6
-248.0	0.0625
-247.0	2.07143
-246.0	1
-245.0	2
-244.0	5
-243.0	3
-242.0	2
-241.0	2
-240.0	2
-239.0	4
-238.0	4.33333
-237.0	3
-236.0	3
-235.0	5.5
-234.0	1.5
-233.0	5
-232.0	5
-231.0	4
-230.0	1
-229.0	2
-228.0	1
-227.0	5
-226.0	5
-225.0	4
-224.0	2
-223.0	4
-222.0	4
-221.0	2
-220.0	4
-219.0	4
-218.0	5.07692
-217.0	1
-216.0	1
-215.0	5
-214.0	4
-213.0	3
-212.0	3
-211.0	4
-210.0	3
-209.0	5.0625
-208.0	4
-207.0	3
-206.0	5
-205.0	1
-204.0	3
-203.0	1.5
-202.0	1
-201.0	1
-200.0	3
-199.0	6
-198.0	4
-197.0	3
-196.0	3
-195.0	0
-194.0	3
-193.0	4
-192.0	3
-191.0	0.333333
-190.0	3
-189.0	4
-188.0	4
-187.0	3
-186.0	3
-185.0	2
-184.0	0
-183.0	5
-182.0	3
-181.0	2
-180.0	2
-179.0	3
-178.0	4
-177.0	4
-176.0	2.07692
-175.0	0
-174.0	2.33333
-173.0	1
-172.0	2
-171.0	3.07143
-170.0	3.39583
-169.0	4
-168.0	1
-167.0	1
-166.0	3
-165.0	3
-164.0	4
-163.0	3
-162.0	2
-161.0	6.5
-160.0	1
-159.0	3
-158.0	6
-157.0	5
-156.0	2
-155.0	2
-154.0	5
-153.0	4.16667
-152.0	4
-151.0	3
-150.0	3
-149.0	3
-148.0	2
-147.0	4
-146.0	4
-145.0	0
-144.0	0
-143.0	2
-142.0	8
-141.0	0
-140.0	4
-139.0	6
-138.0	2
-137.0	4
-136.0	3
-135.0	4
-134.0	3.07692
-133.0	4
-132.0	6
-131.0	0.0625
-130.0	3
-129.0	4
-128.0	5
-127.0	3
-126.0	2
-125.0	2
-124.0	3
-123.0	5
-122.0	6.33333
-121.0	2
-120.0	5
-119.0	1
-118.0	4
-117.0	1
-116.0	7
-115.0	2.07143
-114.0	3
-113.0	1
-112.0	3
-111.0	0
-110.0	1
-109.0	1.5
-108.0	2
-107.0	1
-106.0	6
-105.0	2
-104.0	2
-103.0	1
-102.0	2
-101.0	5
-100.0	3
 -99.0	1
 -98.0	3
 -97.0	1
 -96.0	1
 -95.0	2
 -94.0	4
 -93.0	3
 -92.0	5.13942
 -91.0	3
 -90.0	0
 -89.0	0
 -88.0	6.5
 -87.0	3
 -86.0	6
 -85.0	4
 -84.0	5
 -83.0	2
 -82.0	2
 -81.0	7
 -80.0	0.0714286
 -79.0	1
 -78.0	2
 -77.0	4
 -76.0	2
 -75.0	3
 -74.0	1.33333
 -73.0	1
 -72.0	2
 -71.0	5
 -70.0	3
 -69.0	4.5
 -68.0	3
 -67.0	4
 -66.0	1
 -65.0	5
 -64.0	1.5
 -63.0	2
 -62.0	5.5
 -61.0	3
 -60.0	5
 -59.0	2
 -58.0	6
 -57.0	1
 -56.0	3
 -55.0	5
 -54.0	4.16667
 -53.0	3.0625
 -52.0	4
 -51.0	3
 -50.0	1.07692
 -49.0	6
 -48.0	3
 -47.0	7
 -46.0	2
 -45.0	2
 -44.0	1
 -43.0	4
 -42.0	8
 -41.0	0.0714286
 -40.0	5
 -39.0	4
 -38.0	2
 -37.0	1
 -36.0	6
 -35.0	3
 -34.0	9
 -33.0	4
 -32.0	3
 -31.0	2
 -30.0	5
 -29.0	3
 -28.0	4
 -27.0	2
 -26.0	4
 -25.0	4
 -24.0	6
 -23.0	6
 -22.0	5
 -21.0	4
 -20.0	4
 -19.0	5
 -18.0	1
 -17.0	3.5
 -16.0	1
 -15.0	5
 -14.0	5.0625
 -13.0	3.5
 -12.0	4
 -11.0	3
 -10.0	8
  -9.0	4
  -8.0	4.07692
  -7.0	2
  -6.0	3
  -5.0	2
  -4.0	6
  -3.0	4
  -2.0	4
  -1.0	6
   0.0	3
   1.0	5
   2.0	6
   3.0	5
   4.0	8.5
   5.0	5
   6.0	3.33333
   7.0	7
   8.0	4.5
   9.0	3
  10.0	3
  11.0	5.5
  12.0	1
  13.0	1
  14.0	9
  15.0	5
  16.0	4
  17.0	5
  18.0	5
  19.0	8
  20.0	2
  21.0	4
  22.0	6
  23.0	4
  24.0	6
  25.0	4.0625
  26.0	2
  27.0	4
  28.0	4.07143
  29.0	5
  30.0	3
  31.0	8
  32.0	3
  33.0	1
  34.0	3.07692
  35.0	4
  36.0	4
  37.0	7
  38.0	2.33333
  39.0	4
  40.0	3.33333
  41.0	2
  42.0	3
  43.0	4
  44.0	4
  45.0	5.16667
  46.0	3
  47.0	1
  48.0	4
  49.0	3
  50.0	4.5
  51.0	2.5
  52.0	5
  53.0	1
  54.0	4
  55.0	1
  56.0	1
  57.0	2
  58.0	0.0714286
  59.0	2
  60.0	4
  61.0	4
  62.0	1
  63.0	3
  64.0	2.0625
  65.0	1.5
  66.0	6
  67.0	1
  68.0	0
  69.0	8
  70.0	1
  71.0	4
  72.0	7
  73.0	6
  74.0	1
  75.0	1
  76.0	3.07692
  77.0	4
  78.0	1
  79.0	5
  80.0	5
  81.0	2
  82.0	4
  83.0	2
  84.0	4
  85.0	4
  86.0	3.33333
  87.0	3
  88.0	3
  89.0	3
  90.0	3
  91.0	1
  92.0	4
  93.0	6
  94.0	3
  95.0	3
  96.0	2
  97.0	2
  98.0	2
  99.0	4
 100.0	1
 101.0	2
 102.0	3
 103.0	3.0625
 104.0	0
 105.0	2
 106.0	2
 107.0	2
 108.0	2
 109.0	2
 110.0	1
 111.0	6
 112.0	2
 113.0	7.33333
 114.0	1
 115.0	2
 116.0	4
 117.0	4
 118.0	2.57692
 119.0	3
 120.0	3
 121.0	3
 122.0	2
 123.0	1
 124.0	3
 125.0	5
 126.0	3
 127.0	3
 128.0	1
 129.0	4
 130.0	4
 131.0	3
 132.0	3
 133.0	3
 134.0	4.66667
 135.0	0
 136.0	2
 137.0	3
 138.0	2
 139.0	2
 140.0	2.5
 141.0	8
 142.0	2.0625
 143.0	5
 144.0	1.16667
 145.0	3
 146.0	3
 147.0	5
 148.0	1
 149.0	3
 150.0	3
 151.0	2
 152.0	3
 153.0	4
 154.0	2
 155.0	7
 156.0	4
 157.0	2.25
 158.0	1
 159.0	4.07143
 160.0	2.07692
 161.0	4
 162.0	3
 163.0	2
 164.0	3
 165.0	3
 166.0	1
 167.0	3
 168.0	4
 169.0	2
 170.0	4
 171.0	4
 172.0	2
 173.0	3
 174.0	1
 175.0	2.5
 176.0	1
 177.0	3
 178.0	2
 179.0	2
 180.0	3
 181.0	2.0625
 182.0	2
 183.0	2
 184.0	3
 185.0	3
 186.0	4
 187.0	4
 188.0	0
 189.0	2
 190.0	0
 191.0	2
 192.0	3
 193.0	3
 194.0	2
 195.0	3
 196.0	2
 197.0	2
 198.0	7.07143
 199.0	4
 200.0	3
 201.0	1
 202.0	4.07692
 203.0	2
 204.0	1
 205.0	3
 206.0	2.5
 207.0	1
 208.0	1
 209.0	2
 210.0	0
 211.0	2
 212.0	2.5
 213.0	5
 214.0	1
 215.0	2
 216.0	1
 217.0	2
 218.0	0
 219.0	1
 220.0	4.0625
 221.0	5
 222.0	4
 223.0	2.5
 224.0	1
 225.0	3
 226.0	4
 227.0	3
 228.0	4
 229.0	5.07143
 230.0	1
 231.0	1
 232.0	2
 233.0	3
 234.0	3
 235.0	2
 236.0	2
 237.0	2
 238.0	2
 239.0	5
 240.0	0.25
 241.0	3
 242.0	4
 243.0	4.16667
 244.0	0
 245.0	1
 246.0	2
 247.0	3
 248.0	3
 249.0	1
 250.0	2
 251.0	2
 252.0	5
 253.0	5
 254.0	4
 255.0	3
 256.0	3
 257.0	1
 258.0	5
 259.0	3.0625
 260.0	1
 261.0	3
 262.0	2
 263.0	2
 264.0	6
 265.0	3
 266.0	3.07143
 267.0	2
 268.0	4
 269.0	2
 270.0	0
 271.0	1
 272.0	4
 273.0	1
 274.0	2
 275.0	3
 276.0	0
 277.0	3
 278.0	0
 279.0	2
 280.0	5
 281.0	5
 282.0	1.25
 283.0	1
 284.0	2
 285.0	4
 286.0	3
 287.0	1
 288.0	3.5
 289.0	4
 290.0	3
 291.0	3
 292.0	3
 293.0	0
 294.0	2
 295.0	3
 296.0	2.07143
 297.0	0
 298.0	3
 299.0	0
 300.0	2
 301.0	2
 302.0	1
 303.0	1
 304.0	3
 305.0	2
 306.0	1
 307.0	5
 308.0	2
 309.0	4
 310.0	3
 311.0	3
 312.0	1
 313.0	3
 314.0	2
 315.0	4
 316.0	3
 317.0	2
 318.0	3
 319.0	4
 320.0	3
 321.0	4
 322.0	7
 323.0	4
 324.0	2.25
 325.0	7
 326.0	5
DB 1 MOTIF	HES7_HUMAN.H11MO.0.D
-326.0	1.0625
-325.0	1
-324.0	0
-323.0	1
-322.0	1.33333
-321.0	2
-320.0	1
-319.0	1.5
-318.0	2
-317.0	0
-316.0	1
-315.0	0
-314.0	1
-313.0	2
-312.0	2
-311.0	1
-310.0	0
-309.0	0
-308.0	1
-307.0	2
-306.0	2
-305.0	0
-304.0	2
-303.0	3
-302.0	2
-301.0	1
-300.0	1
-299.0	1
-298.0	4
-297.0	2
-296.0	1
-295.0	1
-294.0	4
-293.0	2
-292.0	2
-291.0	1
-290.0	0
-289.0	2
-288.0	2
-287.0	1.0625
-286.0	2
-285.0	1
-284.0	3
-283.0	2
-282.0	2
-281.0	4
-280.0	4.33333
-279.0	2
-278.0	2
-277.0	2
-276.0	0
-275.0	1
-274.0	0
-273.0	2
-272.0	2
-271.0	2
-270.0	2
-269.0	0
-268.0	1
-267.0	1
-266.0	0
-265.0	2
-264.0	1
-263.0	3
-262.0	1
-261.0	3
-260.0	3
-259.0	2
-258.0	0
-257.0	1
-256.0	1.5
-255.0	0
-254.0	1
-253.0	2
-252.0	2
-251.0	0
-250.0	1
-249.0	4
-248.0	0.0625
-247.0	2
-246.0	1
-245.0	0
-244.0	4
-243.0	2
-242.0	2
-241.0	2
-240.0	1
-239.0	2
-238.0	2.33333
-237.0	1
-236.0	1
-235.0	2
-234.0	2
-233.0	3
-232.0	5
-231.0	1
-230.0	2
-229.0	1
-228.0	3
-227.0	3
-226.0	3
-225.0	2
-224.0	1
-223.0	4
-222.0	3
-221.0	1
-220.0	1
-219.0	2
-218.0	3
-217.0	1
-216.0	0
-215.0	5
-214.0	1
-213.0	1
-212.0	2
-211.0	3
-210.0	2
-209.0	2.0625
-208.0	2
-207.0	2
-206.0	3
-205.0	2
-204.0	0
-203.0	2
-202.0	2
-201.0	0
-200.0	2
-199.0	3
-198.0	2
-197.0	2
-196.0	1
-195.0	1
-194.0	2
-193.0	3
-192.0	3
-191.0	1
-190.0	0
-189.0	1
-188.0	2
-187.0	1
-186.0	3
-185.0	2
-184.0	0
-183.0	5
-182.0	1
-181.0	3
-180.0	2
-179.0	1
-178.0	3
-177.0	2
-176.0	1
-175.0	1
-174.0	3
-173.0	0
-172.0	2
-171.0	1
-170.0	3.39583
-169.0	4
-168.0	2
-167.0	0
-166.0	2
-165.0	1
-164.0	3
-163.0	1
-162.0	0
-161.0	4
-160.0	0
-159.0	2
-158.0	3
-157.0	1
-156.0	1
-155.0	3
-154.0	0
-153.0	4
-152.0	0
-151.0	0
-150.0	2
-149.0	1
-148.0	1
-147.0	3
-146.0	2
-145.0	1
-144.0	0
-143.0	2
-142.0	6
-141.0	0
-140.0	4
-139.0	4
-138.0	0
-137.0	1
-136.0	2
-135.0	3
-134.0	0
-133.0	3
-132.0	5
-131.0	0.0625
-130.0	1
-129.0	2
-128.0	3
-127.0	4
-126.0	2
-125.0	1
-124.0	4
-123.0	2
-122.0	3.33333
-121.0	4
-120.0	4
-119.0	1
-118.0	4
-117.0	2
-116.0	5
-115.0	2
-114.0	1
-113.0	1
-112.0	0
-111.0	0
-110.0	0
-109.0	2
-108.0	2
-107.0	2
-106.0	1
-105.0	1
-104.0	1
-103.0	3
-102.0	1
-101.0	3
-100.0	4
 -99.0	0
 -98.0	4
 -97.0	0
 -96.0	0
 -95.0	1
 -94.0	2
 -93.0	2
 -92.0	2.0625
 -91.0	1
 -90.0	0
 -89.0	2
 -88.0	3
 -87.0	1
 -86.0	3
 -85.0	2
 -84.0	1
 -83.0	0
 -82.0	3
 -81.0	3
 -80.0	2
 -79.0	1
 -78.0	0
 -77.0	2
 -76.0	1
 -75.0	0
 -74.0	0.333333
 -73.0	1
 -72.0	1
 -71.0	3
 -70.0	2
 -69.0	1
 -68.0	3
 -67.0	2
 -66.0	1
 -65.0	3
 -64.0	0
 -63.0	4
 -62.0	2.5
 -61.0	3
 -60.0	3
 -59.0	2
 -58.0	2
 -57.0	1
 -56.0	3
 -55.0	4
 -54.0	1
 -53.0	1.0625
 -52.0	3
 -51.0	3
 -50.0	2
 -49.0	3
 -48.0	2
 -47.0	1
 -46.0	2
 -45.0	1
 -44.0	1
 -43.0	2
 -42.0	5
 -41.0	0
 -40.0	4
 -39.0	4
 -38.0	0
 -37.0	2
 -36.0	4
 -35.0	3
 -34.0	3
 -33.0	4
 -32.0	0
 -31.0	1
 -30.0	3
 -29.0	4
 -28.0	3
 -27.0	2
 -26.0	3
 -25.0	2
 -24.0	1
 -23.0	5
 -22.0	4
 -21.0	2
 -20.0	3
 -19.0	3
 -18.0	1
 -17.0	3.5
 -16.0	1
 -15.0	2
 -14.0	2.0625
 -13.0	2.5
 -12.0	4
 -11.0	0
 -10.0	4
  -9.0	3
  -8.0	5
  -7.0	0
  -6.0	3
  -5.0	3
  -4.0	4
  -3.0	2
  -2.0	3
  -1.0	2
   0.0	1
   1.0	1
   2.0	2
   3.0	5
   4.0	4.5
   5.0	7
   6.0	1
   7.0	4
   8.0	2
   9.0	2
  10.0	1
  11.0	4.5
  12.0	1
  13.0	0
  14.0	1
  15.0	2
  16.0	4
  17.0	2
  18.0	4
  19.0	3
  20.0	1
  21.0	4
  22.0	3
  23.0	3
  24.0	2
  25.0	1.0625
  26.0	1
  27.0	4
  28.0	3
  29.0	2
  30.0	3
  31.0	2
  32.0	4
  33.0	0
  34.0	2
  35.0	0
  36.0	2
  37.0	4
  38.0	2.33333
  39.0	1
  40.0	1
  41.0	2
  42.0	4
  43.0	3
  44.0	4
  45.0	3
  46.0	2
  47.0	0
  48.0	2
  49.0	4
  50.0	2.5
  51.0	0.5
  52.0	3
  53.0	1
  54.0	2
  55.0	0
  56.0	0
  57.0	1
  58.0	3
  59.0	2
  60.0	2
  61.0	3
  62.0	0
  63.0	1
  64.0	0.0625
  65.0	0.5
  66.0	2
  67.0	1
  68.0	1
  69.0	4
  70.0	1
  71.0	2
  72.0	8
  73.0	5
  74.0	1
  75.0	0
  76.0	0
  77.0	2
  78.0	1
  79.0	4
  80.0	3
  81.0	1
  82.0	4
  83.0	0
  84.0	3
  85.0	1
  86.0	1.33333
  87.0	3
  88.0	1
  89.0	2
  90.0	1
  91.0	1
  92.0	4
  93.0	3
  94.0	1
  95.0	2
  96.0	1
  97.0	1
  98.0	1
  99.0	2
 100.0	1
 101.0	1
 102.0	2
 103.0	3.0625
 104.0	0
 105.0	3
 106.0	2
 107.0	4
 108.0	2
 109.0	3
 110.0	1
 111.0	1
 112.0	0.166667
 113.0	6
 114.0	0
 115.0	2
 116.0	1
 117.0	0
 118.0	1.5
 119.0	4
 120.0	1
 121.0	2
 122.0	2
 123.0	1
 124.0	3
 125.0	1
 126.0	2
 127.0	2
 128.0	1
 129.0	4
 130.0	3
 131.0	1
 132.0	5
 133.0	2
 134.0	1.33333
 135.0	0
 136.0	1
 137.0	1
 138.0	2
 139.0	0
 140.0	1
 141.0	4.16667
 142.0	3.0625
 143.0	1
 144.0	2
 145.0	1
 146.0	2
 147.0	4
 148.0	1
 149.0	3
 150.0	3
 151.0	3
 152.0	4
 153.0	1
 154.0	1
 155.0	2
 156.0	4
 157.0	1
 158.0	0
 159.0	6
 160.0	1
 161.0	3
 162.0	1
 163.0	3
 164.0	2.5
 165.0	0
 166.0	0
 167.0	1
 168.0	1
 169.0	2
 170.0	2.5
 171.0	2
 172.0	2
 173.0	2
 174.0	3
 175.0	1.5
 176.0	5
 177.0	3
 178.0	1
 179.0	3
 180.0	2
 181.0	2.0625
 182.0	2
 183.0	0
 184.0	2
 185.0	0
 186.0	2
 187.0	2
 188.0	0
 189.0	2
 190.0	0
 191.0	0
 192.0	3
 193.0	2
 194.0	1
 195.0	1
 196.0	0
 197.0	2
 198.0	3
 199.0	4.16667
 200.0	1
 201.0	3
 202.0	0
 203.0	1
 204.0	0
 205.0	4
 206.0	0.5
 207.0	0
 208.0	1
 209.0	2
 210.0	1
 211.0	1
 212.0	4
 213.0	2
 214.0	0
 215.0	1
 216.0	0
 217.0	1
 218.0	0
 219.0	3
 220.0	5.0625
 221.0	3
 222.0	4
 223.0	1.5
 224.0	1
 225.0	2
 226.0	2
 227.0	1
 228.0	4.16667
 229.0	4
 230.0	1
 231.0	1
 232.0	0
 233.0	0
 234.0	2
 235.0	2
 236.0	2
 237.0	1
 238.0	1
 239.0	1
 240.0	0
 241.0	1
 242.0	0
 243.0	3
 244.0	1
 245.0	0
 246.0	1
 247.0	2
 248.0	2
 249.0	1
 250.0	1
 251.0	1
 252.0	2
 253.0	2
 254.0	3
 255.0	3
 256.0	2
 257.0	0
 258.0	1
 259.0	2.0625
 260.0	0
 261.0	2.5
 262.0	1
 263.0	0
 264.0	3
 265.0	4
 266.0	1
 267.0	1
 268.0	1
 269.0	0
 270.0	0
 271.0	2
 272.0	2
 273.0	0
 274.0	2
 275.0	0
 276.0	1
 277.0	2
 278.0	0
 279.0	2
 280.0	3
 281.0	5
 282.0	1
 283.0	1
 284.0	3
 285.0	3
 286.0	3.16667
 287.0	0
 288.0	1.5
 289.0	0
 290.0	2
 291.0	3
 292.0	2
 293.0	0
 294.0	1
 295.0	3
 296.0	2
 297.0	0
 298.0	2
 299.0	0
 300.0	1
 301.0	1
 302.0	1
 303.0	0
 304.0	1
 305.0	2
 306.0	0
 307.0	6
 308.0	4
 309.0	3
 310.0	3
 311.0	1
 312.0	2
 313.0	3
 314.0	2
 315.0	4.16667
 316.0	3
 317.0	1
 318.0	2
 319.0	3
 320.0	2
 321.0	1
 322.0	4
 323.0	4
 324.0	0
 325.0	2
 326.0	4
DB 1 MOTIF	HEY1_HUMAN.H11MO.0.D
-326.0	13.5625
-325.0	16
-324.0	10
-323.0	20
-322.0	15.3333
-321.0	22.5
-320.0	20
-319.0	15
-318.0	19
-317.0	19.0714
-316.0	8
-315.0	12
-314.0	18
-313.0	14
-312.0	16.5
-311.0	15
-310.0	16.0833
-309.0	14
-308.0	11
-307.0	11
-306.0	13
-305.0	9
-304.0	22
-303.0	10
-302.0	25.0769
-301.0	12
-300.0	12
-299.0	16
-298.0	11
-297.0	18
-296.0	15
-295.0	18
-294.0	15.6111
-293.0	10
-292.0	10
-291.0	16.5
-290.0	14
-289.0	12
-288.0	19.25
-287.0	18.0625
-286.0	20.5714
-285.0	16.1111
-284.0	16.5
-283.0	17.5
-282.0	15
-281.0	21.5
-280.0	15.3333
-279.0	13
-278.0	12.5
-277.0	12.3333
-276.0	13
-275.0	14.5
-274.0	16.5
-273.0	16.5
-272.0	13
-271.0	14.0833
-270.0	20
-269.0	15
-268.0	12
-267.0	9
-266.0	14
-265.0	18
-264.0	11
-263.0	13
-262.0	7
-261.0	16
-260.0	12.1484
-259.0	15
-258.0	9
-257.0	11.5
-256.0	10
-255.0	11
-254.0	11
-253.0	14.5
-252.0	12.8095
-251.0	23
-250.0	11
-249.0	20
-248.0	11.0625
-247.0	18.3214
-246.0	11.1111
-245.0	15
-244.0	13
-243.0	13.1111
-242.0	13.3333
-241.0	6
-240.0	19
-239.0	13.5
-238.0	17.3333
-237.0	13
-236.0	15
-235.0	11.5
-234.0	13.5
-233.0	14
-232.0	17
-231.0	17.0714
-230.0	18
-229.0	11.1429
-228.0	20
-227.0	21.5
-226.0	17
-225.0	14.5
-224.0	13
-223.0	14.5
-222.0	18.5
-221.0	11.1
-220.0	20.5
-219.0	16.5
-218.0	16.0769
-217.0	6
-216.0	17
-215.0	17
-214.0	19
-213.0	15.1111
-212.0	17.1429
-211.0	12.5
-210.0	21.1111
-209.0	15.0625
-208.0	15.45
-207.0	18
-206.0	14.25
-205.0	15
-204.0	11
-203.0	14.5
-202.0	15
-201.0	15.1111
-200.0	17
-199.0	20.5
-198.0	17
-197.0	12.1111
-196.0	14.5
-195.0	17.0833
-194.0	16
-193.0	20
-192.0	10.2
-191.0	16
-190.0	11
-189.0	12
-188.0	19
-187.0	12
-186.0	23
-185.0	16
-184.0	18
-183.0	17.1429
-182.0	20
-181.0	11.8611
-180.0	19
-179.0	11
-178.0	16
-177.0	10.2
-176.0	13.2769
-175.0	11.0714
-174.0	16.3333
-173.0	19
-172.0	12.2262
-171.0	14.0714
-170.0	10.5625
-169.0	20
-168.0	17.5
-167.0	11.3333
-166.0	16
-165.0	17.75
-164.0	12.5
-163.0	14
-162.0	16.0833
-161.0	17.7
-160.0	19.45
-159.0	13.1111
-158.0	21.1
-157.0	14
-156.0	15
-155.0	12
-154.0	12.25
-153.0	14.1667
-152.0	20.1111
-151.0	18
-150.0	11
-149.0	15.5
-148.0	15.1111
-147.0	13
-146.0	16.0714
-145.0	19.75
-144.0	14
-143.0	15
-142.0	19
-141.0	9
-140.0	15
-139.0	12.1667
-138.0	17
-137.0	16.254
-136.0	14
-135.0	11
-134.0	18.0769
-133.0	19
-132.0	16.1429
-131.0	9.0625
-130.0	19
-129.0	18
-128.0	15.5
-127.0	19.5
-126.0	17.2833
-125.0	13.1
-124.0	13
-123.0	17.1111
-122.0	16.3333
-121.0	17.0714
-120.0	21
-119.0	12.5
-118.0	17
-117.0	17.1111
-116.0	21.5
-115.0	12.0714
-114.0	15
-113.0	14.2
-112.0	14
-111.0	13
-110.0	12
-109.0	14.5
-108.0	19
-107.0	11
-106.0	13
-105.0	9
-104.0	12
-103.0	7
-102.0	18
-101.0	21
-100.0	21
 -99.0	19.7222
 -98.0	9
 -97.0	24
 -96.0	13
 -95.0	17
 -94.0	18.1825
 -93.0	13.1429
 -92.0	16.8823
 -91.0	18.1429
 -90.0	11
 -89.0	9.16667
 -88.0	14.5
 -87.0	19.5833
 -86.0	18
 -85.0	18
 -84.0	17
 -83.0	13.5
 -82.0	20.75
 -81.0	21
 -80.0	13.0714
 -79.0	21
 -78.0	11.5
 -77.0	12.2
 -76.0	14.7
 -75.0	18.4444
 -74.0	18.8333
 -73.0	16
 -72.0	17
 -71.0	16
 -70.0	16
 -69.0	20.5
 -68.0	13
 -67.0	13
 -66.0	17.2
 -65.0	18.1825
 -64.0	9.5
 -63.0	9.5
 -62.0	21.5
 -61.0	14
 -60.0	19
 -59.0	12.1
 -58.0	30.1667
 -57.0	13
 -56.0	13
 -55.0	18
 -54.0	15.1667
 -53.0	16.5625
 -52.0	19.6429
 -51.0	16
 -50.0	12.5769
 -49.0	18
 -48.0	9
 -47.0	21
 -46.0	11
 -45.0	11
 -44.0	5
 -43.0	21.5
 -42.0	22
 -41.0	12.5714
 -40.0	16
 -39.0	17
 -38.0	14
 -37.0	11
 -36.0	22.1111
 -35.0	16
 -34.0	17.1429
 -33.0	12
 -32.0	23
 -31.0	18
 -30.0	19
 -29.0	22
 -28.0	17
 -27.0	20.1
 -26.0	19.5
 -25.0	17
 -24.0	22
 -23.0	21.6111
 -22.0	21.25
 -21.0	15.5
 -20.0	16
 -19.0	18
 -18.0	14.2
 -17.0	11.5
 -16.0	15
 -15.0	15.5
 -14.0	13.0625
 -13.0	14
 -12.0	21.1429
 -11.0	14
 -10.0	21
  -9.0	13.5714
  -8.0	30.7436
  -7.0	16.1111
  -6.0	18.8333
  -5.0	18.25
  -4.0	19.5
  -3.0	22
  -2.0	12
  -1.0	16
   0.0	17
   1.0	23.8333
   2.0	22
   3.0	22.5
   4.0	21.0833
   5.0	23
   6.0	14
   7.0	20.2222
   8.0	16.5
   9.0	12
  10.0	19
  11.0	24.5
  12.0	14
  13.0	13
  14.0	17
  15.0	20.3611
  16.0	22
  17.0	22.5
  18.0	23
  19.0	23
  20.0	22.0714
  21.0	13.1667
  22.0	17.1111
  23.0	18
  24.0	14.7
  25.0	11.0625
  26.0	22
  27.0	22.5
  28.0	15.0714
  29.0	18.7
  30.0	18.0833
  31.0	15
  32.0	17
  33.0	16
  34.0	7.36264
  35.0	11
  36.0	17.9111
  37.0	20
  38.0	11.3333
  39.0	14
  40.0	11.3333
  41.0	13
  42.0	11
  43.0	18
  44.0	17
  45.0	17.2381
  46.0	16.6111
  47.0	14.5
  48.0	13
  49.0	18.1111
  50.0	14.5
  51.0	9.5
  52.0	24.5
  53.0	14
  54.0	16
  55.0	15.5
  56.0	18
  57.0	15
  58.0	12.4048
  59.0	17
  60.0	16
  61.0	19
  62.0	18
  63.0	9.14286
  64.0	13.0625
  65.0	9.11111
  66.0	16
  67.0	14
  68.0	11
  69.0	13.1
  70.0	14
  71.0	14
  72.0	18.0714
  73.0	14
  74.0	15
  75.0	15.5
  76.0	9.07692
  77.0	13
  78.0	6.14286
  79.0	15
  80.0	17
  81.0	17
  82.0	20
  83.0	19.5
  84.0	13
  85.0	15
  86.0	16.8333
  87.0	23
  88.0	8
  89.0	19
  90.0	15.6111
  91.0	8.11111
  92.0	14.5
  93.0	18.1429
  94.0	17.1111
  95.0	14
  96.0	18
  97.0	14
  98.0	13.25
  99.0	18
 100.0	13
 101.0	10.0714
 102.0	14.1
 103.0	16.0625
 104.0	9
 105.0	16
 106.0	15
 107.0	16.1429
 108.0	14.0833
 109.0	20.25
 110.0	16.25
 111.0	21
 112.0	18.1667
 113.0	18.3333
 114.0	6
 115.0	14.8333
 116.0	15
 117.0	14
 118.0	14.0769
 119.0	22
 120.0	11
 121.0	18.6429
 122.0	14
 123.0	7.61111
 124.0	15
 125.0	19.5
 126.0	15.25
 127.0	14.2
 128.0	16.0714
 129.0	12
 130.0	15.25
 131.0	17.5833
 132.0	18
 133.0	16
 134.0	17.3333
 135.0	9
 136.0	16.25
 137.0	15
 138.0	11
 139.0	9
 140.0	21.5
 141.0	19.2778
 142.0	13.0625
 143.0	18
 144.0	8.16667
 145.0	13
 146.0	11
 147.0	14.5
 148.0	9.25
 149.0	14
 150.0	12.3333
 151.0	21
 152.0	15.1111
 153.0	16
 154.0	13
 155.0	11
 156.0	13
 157.0	22.3214
 158.0	9
 159.0	24.5714
 160.0	11.188
 161.0	13
 162.0	11.3333
 163.0	6
 164.0	16.5833
 165.0	18.1429
 166.0	17
 167.0	15.1
 168.0	14
 169.0	16.1429
 170.0	17.5
 171.0	15
 172.0	14
 173.0	17.5
 174.0	14.7
 175.0	18.5
 176.0	15.7
 177.0	11
 178.0	13
 179.0	16
 180.0	13.5
 181.0	10.6736
 182.0	10.25
 183.0	14
 184.0	12
 185.0	13
 186.0	16
 187.0	20.25
 188.0	11
 189.0	6.11111
 190.0	16
 191.0	9
 192.0	18.3333
 193.0	12
 194.0	10
 195.0	8
 196.0	16
 197.0	21
 198.0	20.1825
 199.0	21.1667
 200.0	12
 201.0	19.75
 202.0	14.4103
 203.0	13.5
 204.0	15.5
 205.0	11
 206.0	16
 207.0	9
 208.0	13.3429
 209.0	8.14286
 210.0	13.1111
 211.0	11
 212.0	13.5
 213.0	17
 214.0	16.5
 215.0	7
 216.0	15
 217.0	17
 218.0	14
 219.0	20
 220.0	13.0625
 221.0	17
 222.0	19
 223.0	11
 224.0	7.33333
 225.0	15
 226.0	18
 227.0	17
 228.0	15.1667
 229.0	24.0714
 230.0	8.5
 231.0	12.1429
 232.0	10
 233.0	15.25
 234.0	16.5
 235.0	11.5
 236.0	16
 237.0	8.11111
 238.0	10.25
 239.0	14.3611
 240.0	12.25
 241.0	10
 242.0	14.5
 243.0	24.1667
 244.0	10
 245.0	16.3333
 246.0	12
 247.0	13
 248.0	9
 249.0	16
 250.0	15
 251.0	17
 252.0	17
 253.0	15.1429
 254.0	19
 255.0	15
 256.0	14.8333
 257.0	10
 258.0	21
 259.0	18.0625
 260.0	12
 261.0	18.5
 262.0	14
 263.0	11.5
 264.0	11
 265.0	20.5
 266.0	16.0714
 267.0	11
 268.0	16
 269.0	18
 270.0	10
 271.0	15.25
 272.0	19
 273.0	11.1111
 274.0	18
 275.0	17
 276.0	19.5
 277.0	11.1429
 278.0	16
 279.0	9
 280.0	12.5
 281.0	15
 282.0	15.25
 283.0	13
 284.0	17
 285.0	14
 286.0	20.1667
 287.0	12
 288.0	12
 289.0	20
 290.0	15
 291.0	20.25
 292.0	14
 293.0	12
 294.0	9
 295.0	15
 296.0	9.21429
 297.0	14
 298.0	24
 299.0	22
 300.0	14
 301.0	17.2
 302.0	11
 303.0	10
 304.0	16
 305.0	9
 306.0	16
 307.0	22
 308.0	17
 309.0	18
 310.0	21
 311.0	19.5
 312.0	12
 313.0	15
 314.0	12
 315.0	12.1667
 316.0	17
 317.0	13
 318.0	11
 319.0	18
 320.0	12
 321.0	16
 322.0	14
 323.0	22
 324.0	14.25
 325.0	15
 326.0	20
DB 1 MOTIF	HEY2_HUMAN.H11MO.0.D
-323.5	10.5
-322.5	13.3333
-321.5	9
-320.5	11
-319.5	10
-318.5	15
-317.5	11
-316.5	13
-315.5	13
-314.5	17
-313.5	20
-312.5	12
-311.5	20.5
-310.5	15
-309.5	17
-308.5	12.5
-307.5	16
-306.5	10
-305.5	15.125
-304.5	15
-303.5	14
-302.5	12
-301.5	14
-300.5	11
-299.5	18
-298.5	9
-297.5	20
-296.5	17
-295.5	12.5
-294.5	19
-293.5	10
-292.5	5
-291.5	13.5
-290.5	20
-289.5	19
-288.5	20
-287.5	15.3333
-286.5	15
-285.5	16
-284.5	10
-283.5	11
-282.5	21.5
-281.5	17
-280.5	15.8333
-279.5	17
-278.5	17.5
-277.5	13
-276.5	10
-275.5	21
-274.5	14
-273.5	6.83333
-272.5	15.625
-271.5	13.1667
-270.5	8
-269.5	12
-268.5	14
-267.5	9
-266.5	23
-265.5	9
-264.5	14
-263.5	6
-262.5	15.1667
-261.5	20.5
-260.5	12.5
-259.5	17
-258.5	9
-257.5	19.5
-256.5	10
-255.5	13
-254.5	24.5
-253.5	16.5
-252.5	8
-251.5	8
-250.5	13
-249.5	14
-248.5	23.0909
-247.5	14
-246.5	16
-245.5	11
-244.5	14
-243.5	13
-242.5	14
-241.5	11.1667
-240.5	13
-239.5	8.5
-238.5	16.8333
-237.5	15
-236.5	14
-235.5	10.5
-234.5	5
-233.5	8.5
-232.5	15
-231.5	17
-230.5	11.3333
-229.5	13
-228.5	16
-227.5	23
-226.5	19
-225.5	11
-224.5	20
-223.5	15
-222.5	24.3333
-221.5	6.61111
-220.5	12
-219.5	18
-218.5	15
-217.5	12
-216.5	18
-215.5	19.2
-214.5	16
-213.5	13.25
-212.5	13.5
-211.5	19
-210.5	18
-209.5	19.0909
-208.5	16
-207.5	13
-206.5	17
-205.5	12
-204.5	14.8333
-203.5	5
-202.5	9.5
-201.5	14
-200.5	16
-199.5	14.1667
-198.5	12
-197.5	14
-196.5	16
-195.5	11.5
-194.5	15
-193.5	20
-192.5	10
-191.5	18
-190.5	17
-189.5	16
-188.5	11
-187.5	18.5
-186.5	17
-185.5	12.2
-184.5	15
-183.5	14.5
-182.5	22
-181.5	10
-180.5	9
-179.5	6
-178.5	20
-177.5	16
-176.5	10.125
-175.5	7
-174.5	16
-173.5	11
-172.5	17
-171.5	7
-170.5	11.0909
-169.5	9
-168.5	14.5
-167.5	12
-166.5	12
-165.5	16
-164.5	12
-163.5	14
-162.5	11
-161.5	12
-160.5	18.5
-159.5	12.25
-158.5	19.1111
-157.5	21.1111
-156.5	16.3333
-155.5	10
-154.5	9
-153.5	10.25
-152.5	15
-151.5	12
-150.5	14
-149.5	21
-148.5	6
-147.5	17.8333
-146.5	14.3333
-145.5	14
-144.5	11.5
-143.5	12.9583
-142.5	15
-141.5	14
-140.5	21
-139.5	14
-138.5	13
-137.5	18
-136.5	8.16667
-135.5	11
-134.5	15
-133.5	15
-132.5	21.5
-131.5	14.5909
-130.5	12
-129.5	15
-128.5	19
-127.5	16
-126.5	11
-125.5	13
-124.5	14
-123.5	20
-122.5	17
-121.5	16.1667
-120.5	17
-119.5	16
-118.5	15
-117.5	20
-116.5	17
-115.5	11
-114.5	10.5
-113.5	11
-112.5	16
-111.5	14
-110.5	15.25
-109.5	16
-108.5	11.3333
-107.5	16
-106.5	21
-105.5	13
-104.5	15.1111
-103.5	16
-102.5	16
-101.5	16
-100.5	14
 -99.5	18.25
 -98.5	12
 -97.5	12
 -96.5	18
 -95.5	15.1111
 -94.5	12
 -93.5	9.14286
 -92.5	19
 -91.5	15.5
 -90.5	13
 -89.5	8
 -88.5	15
 -87.5	16.5
 -86.5	16
 -85.5	13
 -84.5	16
 -83.5	18
 -82.5	20.5
 -81.5	21.3333
 -80.5	14
 -79.5	14.5
 -78.5	9
 -77.5	14.125
 -76.5	9
 -75.5	17.3333
 -74.5	18
 -73.5	12.1667
 -72.5	16.5
 -71.5	14
 -70.5	20
 -69.5	16
 -68.5	14.6667
 -67.5	16.5
 -66.5	16.5
 -65.5	19
 -64.5	12
 -63.5	16.2
 -62.5	13
 -61.5	19
 -60.5	11.5
 -59.5	16.125
 -58.5	17
 -57.5	15
 -56.5	23
 -55.5	14
 -54.5	21.8333
 -53.5	20.0909
 -52.5	21
 -51.5	19.1111
 -50.5	15
 -49.5	13
 -48.5	19
 -47.5	15
 -46.5	17
 -45.5	16
 -44.5	13
 -43.5	22.3333
 -42.5	14
 -41.5	22
 -40.5	16
 -39.5	23.3333
 -38.5	20
 -37.5	16
 -36.5	20
 -35.5	21
 -34.5	19.6429
 -33.5	20.5
 -32.5	23.1111
 -31.5	17
 -30.5	29
 -29.5	28
 -28.5	25
 -27.5	16
 -26.5	13
 -25.5	20
 -24.5	22.5
 -23.5	28.5
 -22.5	20.5
 -21.5	16
 -20.5	16
 -19.5	23.5
 -18.5	19.5
 -17.5	21
 -16.5	14.5
 -15.5	16
 -14.5	10.0909
 -13.5	13
 -12.5	19
 -11.5	12.3333
 -10.5	14.1667
  -9.5	14
  -8.5	18.125
  -7.5	29
  -6.5	12.3333
  -5.5	17
  -4.5	22.3333
  -3.5	20.3333
  -2.5	17
  -1.5	26
  -0.5	19
   0.5	21
   1.5	19.1111
   2.5	21
   3.5	25.3333
   4.5	19.8333
   5.5	22
   6.5	29
   7.5	14
   8.5	29
   9.5	21
  10.5	28
  11.5	19
  12.5	19
  13.5	21
  14.5	16.25
  15.5	27
  16.5	25
  17.5	15
  18.5	17.3333
  19.5	18
  20.5	22.5
  21.5	25
  22.5	14
  23.5	17.5
  24.5	20
  25.5	22
  26.5	16
  27.5	13.7
  28.5	16
  29.5	11
  30.5	14.1111
  31.5	17
  32.5	12.3333
  33.5	14.1429
  34.5	20
  35.5	24
  36.5	16
  37.5	14
  38.5	14.5
  39.5	21.5
  40.5	21.5
  41.5	19
  42.5	26.125
  43.5	21
  44.5	16
  45.5	19.3333
  46.5	21.25
  47.5	15
  48.5	12.5
  49.5	17
  50.5	18.625
  51.5	14.3333
  52.5	9.16667
  53.5	14
  54.5	7.31111
  55.5	17
  56.5	10
  57.5	10
  58.5	19
  59.5	9
  60.5	17
  61.5	21.1667
  62.5	15.1429
  63.5	12.0909
  64.5	17
  65.5	17
  66.5	10
  67.5	13
  68.5	20
  69.5	19
  70.5	20.5333
  71.5	11
  72.5	17
  73.5	32
  74.5	20
  75.5	16
  76.5	20
  77.5	11
  78.5	18
  79.5	19
  80.5	13.5
  81.5	13
  82.5	10
  83.5	11.125
  84.5	14
  85.5	10.3333
  86.5	22
  87.5	12
  88.5	14.2
  89.5	15
  90.5	20
  91.5	14
  92.5	14
  93.5	18.2361
  94.5	21
  95.5	16
  96.5	15
  97.5	6
  98.5	15
  99.5	11.3333
 100.5	11
 101.5	12
 102.5	14
 103.5	12
 104.5	12.3333
 105.5	11
 106.5	9.64286
 107.5	13.1111
 108.5	16.25
 109.5	18
 110.5	16
 111.5	12.2
 112.5	12.5
 113.5	10.5
 114.5	18
 115.5	13
 116.5	21
 117.5	12.2
 118.5	17
 119.5	23
 120.5	12
 121.5	15
 122.5	11
 123.5	13.5
 124.5	17
 125.5	17
 126.5	16
 127.5	12
 128.5	15
 129.5	19
 130.5	9.25
 131.5	16
 132.5	11
 133.5	13
 134.5	15
 135.5	20
 136.5	15
 137.5	13
 138.5	13
 139.5	12.3333
 140.5	22.2
 141.5	14.0909
 142.5	20.5
 143.5	15
 144.5	18.125
 145.5	16
 146.5	18
 147.5	19
 148.5	20
 149.5	13
 150.5	12
 151.5	17
 152.5	9
 153.5	18
 154.5	11
 155.5	11
 156.5	17.1111
 157.5	10
 158.5	14.5
 159.5	16
 160.5	14.1111
 161.5	12.5
 162.5	10
 163.5	11.5
 164.5	18.7
 165.5	15
 166.5	7.33333
 167.5	8
 168.5	12.1429
 169.5	13
 170.5	15.25
 171.5	14
 172.5	11
 173.5	9
 174.5	19.3333
 175.5	13.8333
 176.5	16
 177.5	18
 178.5	9.2
 179.5	7.7
 180.5	10.0909
 181.5	9
 182.5	9
 183.5	12
 184.5	17
 185.5	15
 186.5	11
 187.5	16
 188.5	16
 189.5	16
 190.5	15
 191.5	14
 192.5	9
 193.5	12.3333
 194.5	20
 195.5	7.125
 196.5	11
 197.5	17
 198.5	13.2
 199.5	12
 200.5	12.3333
 201.5	9.25
 202.5	16
 203.5	12
 204.5	14
 205.5	9
 206.5	12
 207.5	15.4762
 208.5	13
 209.5	15.5
 210.5	12
 211.5	12.2
 212.5	10.1667
 213.5	14.1111
 214.5	9
 215.5	11
 216.5	19.5
 217.5	16
 218.5	21
 219.5	11.202
 220.5	18.5333
 221.5	10
 222.5	16
 223.5	8
 224.5	11
 225.5	14
 226.5	12
 227.5	17
 228.5	15
 229.5	13
 230.5	10
 231.5	20
 232.5	19.25
 233.5	14
 234.5	18
 235.5	13.5
 236.5	17
 237.5	12.5
 238.5	7
 239.5	13
 240.5	7.5
 241.5	20
 242.5	15
 243.5	12.1667
 244.5	16
 245.5	12.3333
 246.5	14.125
 247.5	8
 248.5	15
 249.5	13
 250.5	17
 251.5	14.8333
 252.5	14
 253.5	14
 254.5	12
 255.5	19
 256.5	17.5
 257.5	14
 258.5	11.0909
 259.5	16
 260.5	14.5
 261.5	16.2
 262.5	18
 263.5	13
 264.5	14
 265.5	12
 266.5	9.11111
 267.5	10
 268.5	8
 269.5	12
 270.5	14
 271.5	10.25
 272.5	9
 273.5	15
 274.5	17
 275.5	11
 276.5	11
 277.5	12
 278.5	15
 279.5	12
 280.5	11.5
 281.5	13
 282.5	5.11111
 283.5	13
 284.5	18
 285.5	16.2
 286.5	9.5
 287.5	15
 288.5	11
 289.5	15.5
 290.5	16
 291.5	13
 292.5	11.5
 293.5	9
 294.5	15
 295.5	18
 296.5	12
 297.5	16
 298.5	16
 299.5	12
 300.5	10
 301.5	18
 302.5	9.53333
 303.5	10
 304.5	8
 305.5	12
 306.5	8
 307.5	16
 308.5	14
 309.5	10
 310.5	15
 311.5	21
 312.5	15
 313.5	16
 314.5	20.2
 315.5	11
 316.5	18
 317.5	10
 318.5	7
 319.5	19
 320.5	19
 321.5	23
 322.5	16.5
 323.5	18.5
DB 1 MOTIF	HIC1_HUMAN.H11MO.0.C
-327.5	13.5
-326.5	14.5
-325.5	27.5
-324.5	17.5
-323.5	19.5
-322.5	16.3333
-321.5	17.5
-320.5	21.5
-319.5	17
-318.5	26
-317.5	15
-316.5	21
-315.5	24.125
-314.5	32
-313.5	20.25
-312.5	17.5
-311.5	21
-310.5	20
-309.5	20
-308.5	14
-307.5	17.5
-306.5	18
-305.5	17
-304.5	18.5
-303.5	13.5
-302.5	18
-301.5	23.5
-300.5	21
-299.5	22
-298.5	17
-297.5	23
-296.5	19
-295.5	22.5
-294.5	20
-293.5	24
-292.5	21.1429
-291.5	20
-290.5	26
-289.5	21
-288.5	19.5
-287.5	30
-286.5	22
-285.5	22
-284.5	19.5
-283.5	17
-282.5	25.125
-281.5	16.25
-280.5	18
-279.5	14.5
-278.5	12.3958
-277.5	26
-276.5	16
-275.5	22
-274.5	24
-273.5	14.5
-272.5	21.2
-271.5	11.5
-270.5	15
-269.5	17
-268.5	17
-267.5	31
-266.5	19
-265.5	18
-264.5	22
-263.5	18
-262.5	27.0667
-261.5	25.5
-260.5	26.325
-259.5	19
-258.5	14
-257.5	29
-256.5	18.3929
-255.5	28.5
-254.5	22
-253.5	20.2
-252.5	25
-251.5	11.5833
-250.5	17
-249.5	23.75
-248.5	13
-247.5	17.5
-246.5	12
-245.5	17.5
-244.5	21
-243.5	19.5
-242.5	19.5
-241.5	19
-240.5	24.5
-239.5	18
-238.5	19
-237.5	21.0625
-236.5	23.125
-235.5	14
-234.5	22.1429
-233.5	29.75
-232.5	20
-231.5	18.125
-230.5	22.3333
-229.5	20.5
-228.5	24
-227.5	15.5
-226.5	11
-225.5	17
-224.5	23.5
-223.5	14
-222.5	22
-221.5	22.7667
-220.5	23
-219.5	25.3125
-218.5	29.1
-217.5	13
-216.5	20.25
-215.5	32
-214.5	21.5
-213.5	25
-212.5	26.3333
-211.5	16
-210.5	15.7
-209.5	16
-208.5	19.5
-207.5	15.5
-206.5	17
-205.5	23.5
-204.5	21
-203.5	30.5
-202.5	16.75
-201.5	20.5
-200.5	22.3333
-199.5	19.2
-198.5	17.5
-197.5	20
-196.5	23.5
-195.5	22
-194.5	19.5
-193.5	21.1429
-192.5	15
-191.5	18.5
-190.5	16.125
-189.5	20.5
-188.5	17
-187.5	15.5
-186.5	26.5
-185.5	28
-184.5	34.5
-183.5	28.5
-182.5	15
-181.5	25
-180.5	18
-179.5	15.0667
-178.5	21.0625
-177.5	23.2
-176.5	21.1429
-175.5	22
-174.5	19
-173.5	17.5
-172.5	19.5
-171.5	20.5
-170.5	25.5
-169.5	22
-168.5	25
-167.5	21.7
-166.5	25.225
-165.5	16
-164.5	19
-163.5	16.5
-162.5	20.1429
-161.5	16
-160.5	20.0625
-159.5	22.5
-158.5	27
-157.5	20
-156.5	27
-155.5	20
-154.5	16.75
-153.5	18
-152.5	19.2
-151.5	19
-150.5	32.1
-149.5	30.8333
-148.5	13
-147.5	21
-146.5	27.5
-145.5	25.5
-144.5	22.825
-143.5	12.5
-142.5	17
-141.5	20.8333
-140.5	16
-139.5	20
-138.5	15.0667
-137.5	19
-136.5	21.25
-135.5	15.5
-134.5	21.5
-133.5	24.5833
-132.5	20
-131.5	19
-130.5	23.6
-129.5	20.625
-128.5	23.2
-127.5	20
-126.5	22.5
-125.5	26.5
-124.5	21.2
-123.5	19
-122.5	26.5
-121.5	17.5
-120.5	24
-119.5	26.1429
-118.5	13.5
-117.5	13
-116.5	21
-115.5	31.5
-114.5	18.1
-113.5	10.5
-112.5	17
-111.5	21
-110.5	19
-109.5	21
-108.5	20.7
-107.5	22.5
-106.5	21.25
-105.5	25
-104.5	20
-103.5	25.2
-102.5	26.5
-101.5	26
-100.5	21
 -99.5	26.6429
 -98.5	29.125
 -97.5	23.25
 -96.5	26.0667
 -95.5	24
 -94.5	23.5
 -93.5	17.5
 -92.5	11
 -91.5	16
 -90.5	22
 -89.5	24
 -88.5	24
 -87.5	19
 -86.5	22.2
 -85.5	17.6667
 -84.5	14.2
 -83.5	23.2625
 -82.5	17
 -81.5	24.2
 -80.5	26
 -79.5	25
 -78.5	20
 -77.5	17
 -76.5	20.5
 -75.5	13.5
 -74.5	16.4333
 -73.5	17
 -72.5	25
 -71.5	21.5
 -70.5	28.5
 -69.5	18.5
 -68.5	18.3333
 -67.5	16
 -66.5	17.1429
 -65.5	29.0625
 -64.5	22.5
 -63.5	17.5
 -62.5	22.6429
 -61.5	20
 -60.5	22
 -59.5	17.5
 -58.5	16.5
 -57.5	24
 -56.5	27
 -55.5	23.7667
 -54.5	27
 -53.5	19.5
 -52.5	26.625
 -51.5	20
 -50.5	18.5
 -49.5	20
 -48.5	21
 -47.5	21.7
 -46.5	16.5
 -45.5	14.5
 -44.5	19.5
 -43.5	21
 -42.5	16
 -41.5	17.5
 -40.5	27.325
 -39.5	20
 -38.5	21
 -37.5	22
 -36.5	25
 -35.5	23.7
 -34.5	21
 -33.5	22.5
 -32.5	21.5
 -31.5	23.5
 -30.5	24.5333
 -29.5	26.3333
 -28.5	22.7
 -27.5	27
 -26.5	18
 -25.5	33.3958
 -24.5	25.5
 -23.5	28
 -22.5	21.25
 -21.5	15
 -20.5	24
 -19.5	14.5
 -18.5	21
 -17.5	20
 -16.5	17.1
 -15.5	26
 -14.5	26.2667
 -13.5	32
 -12.5	23.5
 -11.5	27.5
 -10.5	36
  -9.5	25.825
  -8.5	27.5
  -7.5	25
  -6.5	24.375
  -5.5	28.6429
  -4.5	23.5
  -3.5	29.4762
  -2.5	21
  -1.5	24.5
  -0.5	23.7
   0.5	33
   1.5	30
   2.5	25
   3.5	27
   4.5	23.2
   5.5	26
   6.5	22.5
   7.5	18.5
   8.5	32
   9.5	31.25
  10.5	38.5
  11.5	27
  12.5	25.5
  13.5	37.7
  14.5	24.0625
  15.5	17
  16.5	16.5
  17.5	16
  18.5	25
  19.5	17.125
  20.5	21.8333
  21.5	19
  22.5	19.9583
  23.5	19.5
  24.5	22
  25.5	18.3333
  26.5	29
  27.5	25.3667
  28.5	25.25
  29.5	28.1429
  30.5	17
  31.5	27
  32.5	20
  33.5	26
  34.5	26
  35.5	30
  36.5	25.5
  37.5	20
  38.5	15.8333
  39.5	20.125
  40.5	18
  41.5	28.25
  42.5	21
  43.5	19
  44.5	18
  45.5	23
  46.5	34
  47.5	25
  48.5	23.6429
  49.5	23
  50.5	20
  51.5	20
  52.5	22.7
  53.5	19.125
  54.5	22.2
  55.5	18.0625
  56.5	22
  57.5	16
  58.5	19
  59.5	25.3333
  60.5	23.3333
  61.5	19.3333
  62.5	26.25
  63.5	33.5
  64.5	20
  65.5	22
  66.5	31
  67.5	13.6
  68.5	22
  69.5	25.5667
  70.5	21.25
  71.5	18
  72.5	18.1667
  73.5	27.5
  74.5	21.2
  75.5	23
  76.5	21.3333
  77.5	20
  78.5	29.0625
  79.5	20
  80.5	29
  81.5	17.5
  82.5	15.3333
  83.5	19
  84.5	36
  85.5	17
  86.5	17
  87.5	20
  88.5	15.2
  89.5	28
  90.5	18.5
  91.5	17.5
  92.5	24.5
  93.5	22.4583
  94.5	22
  95.5	20
  96.5	18.5625
  97.5	27
  98.5	20.5
  99.5	28
 100.5	23
 101.5	13
 102.5	18
 103.5	27
 104.5	22
 105.5	18
 106.5	13.5
 107.5	22.1
 108.5	28
 109.5	19.5
 110.5	28.9
 111.5	21
 112.5	19
 113.5	23.5
 114.5	23.2625
 115.5	22.8667
 116.5	30.125
 117.5	18
 118.5	27
 119.5	30.3333
 120.5	18
 121.5	21.5
 122.5	24
 123.5	21.5
 124.5	21
 125.5	20.2
 126.5	27
 127.5	15
 128.5	22.5
 129.5	24.7
 130.5	27
 131.5	19
 132.5	27.5
 133.5	20
 134.5	16
 135.5	19.2
 136.5	17
 137.5	29.5
 138.5	13.375
 139.5	20.5
 140.5	22
 141.5	18.2
 142.5	14
 143.5	23.5
 144.5	15
 145.5	17
 146.5	17
 147.5	22
 148.5	22
 149.5	19.625
 150.5	22.0667
 151.5	18.5
 152.5	10
 153.5	23
 154.5	25.5
 155.5	25
 156.5	23.5
 157.5	22.3333
 158.5	25.5
 159.5	10.6667
 160.5	20.5
 161.5	21.2
 162.5	21
 163.5	30
 164.5	19.5
 165.5	16
 166.5	27.5
 167.5	22.125
 168.5	19
 169.5	21
 170.5	29
 171.5	22.5
 172.5	16.5625
 173.5	17.5
 174.5	29.5
 175.5	20.125
 176.5	19.95
 177.5	17
 178.5	15
 179.5	20.5
 180.5	10.75
 181.5	21.5
 182.5	17
 183.5	15
 184.5	16.8333
 185.5	23.8333
 186.5	17
 187.5	26
 188.5	24.4
 189.5	17
 190.5	15
 191.5	20.0667
 192.5	26.5
 193.5	24.2
 194.5	15.5
 195.5	18
 196.5	21
 197.5	24
 198.5	21.5
 199.5	14.5
 200.5	19
 201.5	17
 202.5	26
 203.5	27.1667
 204.5	28.5
 205.5	29.625
 206.5	17
 207.5	26.5
 208.5	26.75
 209.5	20
 210.5	16.5
 211.5	20.5
 212.5	19.75
 213.5	15.5
 214.5	21
 215.5	19.5
 216.5	21
 217.5	21
 218.5	15.5
 219.5	22
 220.5	20.5
 221.5	24.8333
 222.5	15.0833
 223.5	18.5
 224.5	22
 225.5	24
 226.5	18.5
 227.5	23
 228.5	15.5625
 229.5	13
 230.5	19
 231.5	16.5667
 232.5	20
 233.5	25
 234.5	20
 235.5	17
 236.5	18.7
 237.5	25.5
 238.5	17.2
 239.5	19
 240.5	19.75
 241.5	18
 242.5	14
 243.5	17.125
 244.5	15
 245.5	26.625
 246.5	18
 247.5	22.1667
 248.5	27
 249.5	28.125
 250.5	15
 251.5	19.8333
 252.5	22
 253.5	18.5
 254.5	16.5
 255.5	32.5
 256.5	25.5
 257.5	27
 258.5	15.2
 259.5	18
 260.5	25.5
 261.5	14.2
 262.5	34
 263.5	24
 264.5	21
 265.5	13
 266.5	20
 267.5	19
 268.5	26.5
 269.5	12
 270.5	14
 271.5	22.5
 272.5	23.5667
 273.5	16
 274.5	21.5
 275.5	20
 276.5	20
 277.5	22
 278.5	19
 279.5	24
 280.5	16
 281.5	25
 282.5	25
 283.5	15.5
 284.5	22
 285.5	20.625
 286.5	18.7
 287.5	25.5
 288.5	18
 289.5	18
 290.5	24.6667
 291.5	23
 292.5	19
 293.5	18.3333
 294.5	22.5
 295.5	17.5
 296.5	29
 297.5	15
 298.5	21.5
 299.5	14
 300.5	20.5
 301.5	25
 302.5	14
 303.5	19
 304.5	14.5
 305.5	15.25
 306.5	23
 307.5	22
 308.5	15
 309.5	27
 310.5	13
 311.5	33.5
 312.5	17.5
 313.5	8.56667
 314.5	19.5
 315.5	12
 316.5	23
 317.5	15
 318.5	22
 319.5	23.5
 320.5	22.5
 321.5	9.5
 322.5	11.125
 323.5	18.5625
 324.5	23
 325.5	13
 326.5	22.5
 327.5	21
DB 1 MOTIF	HIC2_HUMAN.H11MO.0.D
-326.5	18
-325.5	18.2
-324.5	23
-323.5	19
-322.5	24.5
-321.5	21
-320.5	25
-319.5	18
-318.5	19
-317.5	20
-316.5	29
-315.5	13
-314.5	21
-313.5	15
-312.5	26
-311.5	12
-310.5	20
-309.5	18
-308.5	19
-307.5	16
-306.5	11
-305.5	20
-304.5	12
-303.5	17
-302.5	19.5
-301.5	16.125
-300.5	14
-299.5	16.5
-298.5	18
-297.5	17
-296.5	16.5
-295.5	13
-294.5	27
-293.5	19
-292.5	18.5
-291.5	23
-290.5	22.1429
-289.5	18.1
-288.5	17
-287.5	11
-286.5	21
-285.5	22
-284.5	14.2
-283.5	20
-282.5	17
-281.5	14
-280.5	25
-279.5	27
-278.5	20
-277.5	21
-276.5	24.5
-275.5	21.5
-274.5	20
-273.5	18
-272.5	16
-271.5	11.5
-270.5	31
-269.5	13
-268.5	13
-267.5	17
-266.5	22
-265.5	20
-264.5	22.5
-263.5	21.5
-262.5	21
-261.5	14
-260.5	15.25
-259.5	23.5
-258.5	16.6667
-257.5	18
-256.5	16
-255.5	12.3095
-254.5	16.5
-253.5	14
-252.5	21
-251.5	22.2361
-250.5	22
-249.5	20
-248.5	12
-247.5	16
-246.5	24.5
-245.5	22.5
-244.5	13.5
-243.5	21.2
-242.5	18.1429
-241.5	20
-240.5	19
-239.5	18
-238.5	13
-237.5	25
-236.5	21
-235.5	29.5
-234.5	27
-233.5	20.1
-232.5	18
-231.5	17.1429
-230.5	13
-229.5	11
-228.5	16.5
-227.5	16.5
-226.5	22
-225.5	12.5
-224.5	23
-223.5	22
-222.5	21
-221.5	15.25
-220.5	17
-219.5	21
-218.5	20
-217.5	23.1111
-216.5	17
-215.5	18.1429
-214.5	22
-213.5	30
-212.5	21
-211.5	16
-210.5	26
-209.5	13
-208.5	19
-207.5	21
-206.5	26.5
-205.5	22
-204.5	26.5
-203.5	14
-202.5	25.7
-201.5	33.125
-200.5	23.1429
-199.5	17
-198.5	20.5
-197.5	24
-196.5	17.5
-195.5	18.1667
-194.5	20.5
-193.5	20.1429
-192.5	22
-191.5	19
-190.5	15
-189.5	19
-188.5	20
-187.5	9.5
-186.5	17
-185.5	22.6111
-184.5	15
-183.5	35
-182.5	22.25
-181.5	16.5
-180.5	27
-179.5	21
-178.5	25
-177.5	17.1
-176.5	9
-175.5	20.6429
-174.5	24
-173.5	20
-172.5	21
-171.5	24
-170.5	25
-169.5	21
-168.5	24
-167.5	26
-166.5	20
-165.5	16
-164.5	15.1667
-163.5	20.5
-162.5	22
-161.5	16.2
-160.5	26.1429
-159.5	21
-158.5	24
-157.5	24
-156.5	22.1667
-155.5	19
-154.5	24.1111
-153.5	30
-152.5	18
-151.5	22.125
-150.5	12.5
-149.5	34
-148.5	20.3333
-147.5	17
-146.5	14
-145.5	25
-144.5	19.1429
-143.5	22.25
-142.5	22
-141.5	19.3333
-140.5	15.5
-139.5	14
-138.5	10.5
-137.5	12
-136.5	15
-135.5	21.4762
-134.5	22
-133.5	16
-132.5	15
-131.5	15
-130.5	16.5
-129.5	18
-128.5	21
-127.5	20
-126.5	27.5
-125.5	19
-124.5	30.5
-123.5	21
-122.5	20
-121.5	25.1111
-120.5	23.1429
-119.5	16.1111
-118.5	21
-117.5	26
-116.5	13
-115.5	16
-114.5	25
-113.5	16.1429
-112.5	33
-111.5	13
-110.5	15.3333
-109.5	22.5
-108.5	16.5
-107.5	18
-106.5	20.5
-105.5	13.5
-104.5	19
-103.5	17
-102.5	11
-101.5	19.2917
-100.5	15
 -99.5	25
 -98.5	23
 -97.5	15
 -96.5	14
 -95.5	20.7857
 -94.5	20.1
 -93.5	22
 -92.5	21
 -91.5	20
 -90.5	9
 -89.5	20
 -88.5	15.1111
 -87.5	15.8333
 -86.5	20
 -85.5	16
 -84.5	18.5
 -83.5	15
 -82.5	21.5
 -81.5	21
 -80.5	21.2857
 -79.5	21.3333
 -78.5	24.5
 -77.5	18
 -76.5	19
 -75.5	21.5
 -74.5	21.5
 -73.5	25
 -72.5	26.8333
 -71.5	21
 -70.5	22
 -69.5	21
 -68.5	20.1667
 -67.5	21
 -66.5	18
 -65.5	19.3333
 -64.5	24
 -63.5	17
 -62.5	27
 -61.5	28
 -60.5	23.3333
 -59.5	22.5
 -58.5	28
 -57.5	18.6667
 -56.5	18
 -55.5	14.254
 -54.5	22
 -53.5	13.1111
 -52.5	20
 -51.5	22.125
 -50.5	24.5
 -49.5	21.5
 -48.5	29
 -47.5	20
 -46.5	25
 -45.5	24
 -44.5	22
 -43.5	15.3333
 -42.5	18.5
 -41.5	21
 -40.5	23.1429
 -39.5	29.5
 -38.5	19.1
 -37.5	19
 -36.5	22
 -35.5	17
 -34.5	16
 -33.5	20
 -32.5	33.5
 -31.5	22
 -30.5	23.5
 -29.5	28
 -28.5	21.8333
 -27.5	23
 -26.5	20
 -25.5	32
 -24.5	20.5
 -23.5	32
 -22.5	25
 -21.5	17
 -20.5	19
 -19.5	18
 -18.5	25
 -17.5	27.5
 -16.5	18
 -15.5	22.1429
 -14.5	24
 -13.5	24.5
 -12.5	23.5
 -11.5	23
 -10.5	33.5
  -9.5	26
  -8.5	19.3333
  -7.5	25.5
  -6.5	20.3333
  -5.5	22.5
  -4.5	22
  -3.5	24.5
  -2.5	25
  -1.5	30.125
  -0.5	21.6429
   0.5	16.5
   1.5	26
   2.5	21
   3.5	21
   4.5	27.3333
   5.5	21.5
   6.5	17
   7.5	23.3333
   8.5	30
   9.5	21
  10.5	29
  11.5	20
  12.5	28.1111
  13.5	33
  14.5	18.5
  15.5	21.5
  16.5	18
  17.5	24.1
  18.5	25
  19.5	21.5
  20.5	17
  21.5	25
  22.5	16
  23.5	21
  24.5	26
  25.5	23
  26.5	17
  27.5	26.4167
  28.5	22
  29.5	22
  30.5	18
  31.5	12
  32.5	24.5
  33.5	14.5
  34.5	25
  35.5	22
  36.5	18.5
  37.5	17.6429
  38.5	22
  39.5	26.1111
  40.5	22.5
  41.5	22.1667
  42.5	19.25
  43.5	28.5
  44.5	18.5
  45.5	24
  46.5	28.5
  47.5	20.5
  48.5	20.4583
  49.5	21.1429
  50.5	22
  51.5	16
  52.5	26
  53.5	22
  54.5	16
  55.5	23.8333
  56.5	19
  57.5	25
  58.5	17.5
  59.5	26.5
  60.5	19.5
  61.5	26
  62.5	27.5
  63.5	19
  64.5	23.5
  65.5	20
  66.5	17.5833
  67.5	22.6429
  68.5	16
  69.5	27.3333
  70.5	21.5
  71.5	17
  72.5	15.1111
  73.5	29.1
  74.5	23
  75.5	22.5
  76.5	31
  77.5	19
  78.5	22.6111
  79.5	20.1429
  80.5	18
  81.5	15
  82.5	25
  83.5	13
  84.5	13
  85.5	22
  86.5	20
  87.5	18
  88.5	26
  89.5	18.5
  90.5	17.5
  91.5	19
  92.5	28
  93.5	16
  94.5	24
  95.5	21
  96.5	26
  97.5	9
  98.5	19
  99.5	21
 100.5	19.5
 101.5	29
 102.5	21.1667
 103.5	23.3333
 104.5	18.25
 105.5	25.3611
 106.5	13
 107.5	32.5
 108.5	19.3333
 109.5	21
 110.5	30
 111.5	20.5
 112.5	30
 113.5	21
 114.5	20.5
 115.5	27
 116.5	22.1667
 117.5	20.3333
 118.5	28
 119.5	19
 120.5	28
 121.5	25
 122.5	22
 123.5	21.3333
 124.5	24
 125.5	16
 126.5	13
 127.5	20
 128.5	21
 129.5	21.1
 130.5	24
 131.5	28
 132.5	10
 133.5	18.8333
 134.5	19
 135.5	15
 136.5	21
 137.5	22
 138.5	23
 139.5	12.8333
 140.5	13.1667
 141.5	19
 142.5	14.6667
 143.5	21.3333
 144.5	15.504
 145.5	11
 146.5	27.5
 147.5	21.5
 148.5	15
 149.5	26
 150.5	18
 151.5	21
 152.5	17.1667
 153.5	26
 154.5	16
 155.5	22.5
 156.5	21.1429
 157.5	13
 158.5	22
 159.5	20
 160.5	17
 161.5	16.5
 162.5	16.5
 163.5	18
 164.5	22
 165.5	19.5
 166.5	17.25
 167.5	21.5
 168.5	18
 169.5	16
 170.5	20.1111
 171.5	17
 172.5	19
 173.5	19
 174.5	25
 175.5	16.5
 176.5	26
 177.5	28.5
 178.5	16.3333
 179.5	19
 180.5	13
 181.5	18
 182.5	28.6667
 183.5	21.8333
 184.5	13
 185.5	18.1
 186.5	18.1429
 187.5	19.5
 188.5	18.1667
 189.5	17
 190.5	16
 191.5	17
 192.5	18
 193.5	17
 194.5	19
 195.5	14
 196.5	11
 197.5	23
 198.5	17
 199.5	22.5
 200.5	25
 201.5	21
 202.5	26
 203.5	17.5
 204.5	17
 205.5	20.5
 206.5	21
 207.5	10
 208.5	24
 209.5	12
 210.5	17.6111
 211.5	20
 212.5	24
 213.5	20
 214.5	15
 215.5	26
 216.5	28
 217.5	21
 218.5	18
 219.5	16.3333
 220.5	25
 221.5	19
 222.5	16.1667
 223.5	25
 224.5	17
 225.5	16.1667
 226.5	12
 227.5	22
 228.5	21.25
 229.5	17
 230.5	17
 231.5	16
 232.5	24
 233.5	22.5
 234.5	19
 235.5	19
 236.5	15
 237.5	19
 238.5	20
 239.5	11.1667
 240.5	16
 241.5	18.1
 242.5	19.3333
 243.5	21
 244.5	13
 245.5	21
 246.5	19
 247.5	21
 248.5	18
 249.5	13.3333
 250.5	21
 251.5	16
 252.5	28
 253.5	14
 254.5	21
 255.5	27
 256.5	15
 257.5	28
 258.5	14.5
 259.5	15
 260.5	26
 261.5	20.1667
 262.5	17.1667
 263.5	17
 264.5	26.5
 265.5	12
 266.5	18
 267.5	23
 268.5	18
 269.5	12
 270.5	17
 271.5	18
 272.5	15
 273.5	12
 274.5	14
 275.5	23
 276.5	23.1111
 277.5	19
 278.5	23
 279.5	26
 280.5	24
 281.5	11
 282.5	17
 283.5	15
 284.5	16
 285.5	16
 286.5	18.5
 287.5	18
 288.5	16
 289.5	24
 290.5	12
 291.5	16
 292.5	20
 293.5	18
 294.5	20.3333
 295.5	18
 296.5	24
 297.5	16.1667
 298.5	20
 299.5	19
 300.5	11
 301.5	23
 302.5	21
 303.5	13
 304.5	22.5
 305.5	18
 306.5	24
 307.5	14
 308.5	22
 309.5	16
 310.5	13
 311.5	24
 312.5	16
 313.5	22
 314.5	24.5
 315.5	21
 316.5	21
 317.5	22
 318.5	23.5
 319.5	20.5
 320.5	9
 321.5	31
 322.5	21
 323.5	20.5
 324.5	24
 325.5	23
 326.5	16
DB 1 MOTIF	HTF4_HUMAN.H11MO.0.A
-327.0	26
-326.0	24.5
-325.0	25.2
-324.0	24.75
-323.0	29
-322.0	23
-321.0	20.5
-320.0	38.7935
-319.0	16.5
-318.0	31
-317.0	27.1825
-316.0	23
-315.0	18.25
-314.0	31
-313.0	27
-312.0	23.4242
-311.0	22
-310.0	41
-309.0	18.5
-308.0	31
-307.0	24
-306.0	20.5
-305.0	18.5
-304.0	27.4762
-303.0	16.5269
-302.0	29.0769
-301.0	19.5
-300.0	24.5
-299.0	32.5
-298.0	19.2
-297.0	14.0435
-296.0	26
-295.0	22.3333
-294.0	14.5833
-293.0	17.0909
-292.0	25
-291.0	24.3333
-290.0	30.0625
-289.0	30.7
-288.0	20.25
-287.0	23
-286.0	17.5714
-285.0	21.25
-284.0	13.5
-283.0	25.1667
-282.0	19.1429
-281.0	28.0435
-280.0	30.5
-279.0	21.0769
-278.0	27.5
-277.0	30
-276.0	25
-275.0	22
-274.0	23.8333
-273.0	25
-272.0	20.5625
-271.0	32.3333
-270.0	22.25
-269.0	29.1
-268.0	27.5
-267.0	14
-266.0	14.7778
-265.0	20.5
-264.0	26.5
-263.0	27.5
-262.0	21.5
-261.0	24.0909
-260.0	29.6484
-259.0	25.5
-258.0	30.0435
-257.0	23.7576
-256.0	29.5909
-255.0	23.0769
-254.0	24.0625
-253.0	26.5
-252.0	23
-251.0	26
-250.0	24.25
-249.0	29
-248.0	29
-247.0	27.3214
-246.0	28.125
-245.0	19.5
-244.0	31.8333
-243.0	20.5
-242.0	26.5
-241.0	27
-240.0	19.75
-239.0	20.1667
-238.0	16
-237.0	27.5
-236.0	23
-235.0	18.5
-234.0	25.25
-233.0	24
-232.0	22
-231.0	33.2714
-230.0	26.9167
-229.0	25
-228.0	25.0435
-227.0	26
-226.0	18
-225.0	23.1
-224.0	26
-223.0	22.6429
-222.0	30.8429
-221.0	29
-220.0	22.5
-219.0	24
-218.0	19.0012
-217.0	26.3333
-216.0	32.5
-215.0	25.3611
-214.0	25.5
-213.0	21
-212.0	22
-211.0	20.625
-210.0	30.2159
-209.0	18.0909
-208.0	24
-207.0	21.3333
-206.0	29.25
-205.0	21.0435
-204.0	18
-203.0	21.5
-202.0	26.5
-201.0	20.5
-200.0	22
-199.0	32
-198.0	29.0625
-197.0	26
-196.0	26
-195.0	18
-194.0	19
-193.0	30.2
-192.0	26.6111
-191.0	24
-190.0	26.5833
-189.0	31.5
-188.0	24.5
-187.0	30.5
-186.0	26
-185.0	33.5
-184.0	22.3333
-183.0	20.5769
-182.0	24.5435
-181.0	18.1409
-180.0	28.5
-179.0	18.0625
-178.0	28
-177.0	31.1667
-176.0	23.0353
-175.0	19.5714
-174.0	23.3333
-173.0	19.8333
-172.0	28.1667
-171.0	27.0714
-170.0	21
-169.0	21.5
-168.0	31.6429
-167.0	19
-166.0	24.2
-165.0	27.5833
-164.0	19.5111
-163.0	25
-162.0	28.6429
-161.0	28.5909
-160.0	18.5
-159.0	32.5909
-158.0	34.5
-157.0	30
-156.0	28
-155.0	28.8333
-154.0	20.5
-153.0	27
-152.0	27.5
-151.0	25
-150.0	22.5
-149.0	31.2935
-148.0	17.2
-147.0	28.125
-146.0	25.0714
-145.0	27.7
-144.0	28.0671
-143.0	15
-142.0	30
-141.0	22.625
-140.0	29.5
-139.0	23.3333
-138.0	29.5
-137.0	33
-136.0	20.5435
-135.0	40.5
-134.0	22.2769
-133.0	18.25
-132.0	24.25
-131.0	32.5
-130.0	27
-129.0	32
-128.0	25
-127.0	23.5
-126.0	35.7769
-125.0	27.5
-124.0	24.1667
-123.0	37.5
-122.0	35
-121.0	25.5714
-120.0	19.5
-119.0	30.4583
-118.0	18
-117.0	21
-116.0	29
-115.0	23.3825
-114.0	27.188
-113.0	31.0909
-112.0	32.5
-111.0	31
-110.0	30.5435
-109.0	30
-108.0	36.0909
-107.0	17.6534
-106.0	14.625
-105.0	25.2
-104.0	30.7
-103.0	23
-102.0	20.1429
-101.0	18
-100.0	28.1667
 -99.0	24.5
 -98.0	22
 -97.0	26.2435
 -96.0	26.5
 -95.0	27.5
 -94.0	28.7714
 -93.0	24.5
 -92.0	17.7769
 -91.0	30.75
 -90.0	23.5
 -89.0	18.5625
 -88.0	24.2
 -87.0	27.5
 -86.0	25.5
 -85.0	21.2
 -84.0	21.825
 -83.0	18.8333
 -82.0	30.5
 -81.0	29.5
 -80.0	24.0714
 -79.0	31.5
 -78.0	24
 -77.0	25.3333
 -76.0	32.5
 -75.0	34
 -74.0	26.7435
 -73.0	28.3333
 -72.0	19
 -71.0	24.3542
 -70.0	19
 -69.0	25.5
 -68.0	19.2019
 -67.0	33.75
 -66.0	28.0909
 -65.0	25.1825
 -64.0	23.254
 -63.0	16
 -62.0	23
 -61.0	27.5
 -60.0	36
 -59.0	24.5
 -58.0	33
 -57.0	23.0909
 -56.0	32.5
 -55.0	23.4
 -54.0	27
 -53.0	29.7
 -52.0	29
 -51.0	23
 -50.0	33.2769
 -49.0	34.5
 -48.0	35.7101
 -47.0	27.3333
 -46.0	27.5
 -45.0	23
 -44.0	23.3667
 -43.0	34.8333
 -42.0	24.5
 -41.0	31.5714
 -40.0	28.1429
 -39.0	31
 -38.0	22.5
 -37.0	33
 -36.0	27.625
 -35.0	31.5
 -34.0	31.0769
 -33.0	35.5
 -32.0	33.0435
 -31.0	21.0909
 -30.0	32.7
 -29.0	27.2
 -28.0	22
 -27.0	30.8333
 -26.0	22
 -25.0	23.9
 -24.0	26
 -23.0	39
 -22.0	45
 -21.0	21.9583
 -20.0	24.5
 -19.0	23
 -18.0	35.0909
 -17.0	23.125
 -16.0	34
 -15.0	27.5625
 -14.0	24.3333
 -13.0	35.6111
 -12.0	32.5
 -11.0	26
 -10.0	25.5
  -9.0	33.0714
  -8.0	30.0769
  -7.0	32.5
  -6.0	36.1344
  -5.0	19.5
  -4.0	33.5
  -3.0	26.3333
  -2.0	24.5
  -1.0	34.125
   0.0	35
   1.0	25
   2.0	26.5769
   3.0	34
   4.0	34.5
   5.0	30.0909
   6.0	25.5
   7.0	33
   8.0	24.5
   9.0	26
  10.0	28
  11.0	29.2
  12.0	24.7778
  13.0	32.5
  14.0	24.5
  15.0	28.3333
  16.0	30
  17.0	20.3333
  18.0	43.5
  19.0	27
  20.0	36.4482
  21.0	33.5
  22.0	25
  23.0	29
  24.0	28
  25.0	28.5
  26.0	31.7
  27.0	38
  28.0	26.5714
  29.0	31.0909
  30.0	25.6
  31.0	34
  32.0	21.5
  33.0	35.5
  34.0	21.3448
  35.0	31
  36.0	28.7
  37.0	28.6667
  38.0	27.1736
  39.0	22
  40.0	26
  41.0	35.5
  42.0	25.825
  43.0	42.0909
  44.0	28
  45.0	31.6623
  46.0	28.5435
  47.0	25.25
  48.0	28
  49.0	29
  50.0	30.5
  51.0	30.8333
  52.0	19.5
  53.0	24.5
  54.0	32.6667
  55.0	24.5
  56.0	29.5
  57.0	40
  58.0	31.4048
  59.0	18.5435
  60.0	28
  61.0	30
  62.0	29.1111
  63.0	24.3333
  64.0	29.1429
  65.0	27
  66.0	24
  67.0	26.1429
  68.0	21.1667
  69.0	25
  70.0	19.5
  71.0	23.5
  72.0	33.5714
  73.0	24.5
  74.0	28.1
  75.0	26.5
  76.0	29.0769
  77.0	24.0909
  78.0	19.6429
  79.0	30
  80.0	33.5
  81.0	22
  82.0	30.5
  83.0	31.9167
  84.0	28
  85.0	25.1685
  86.0	28.625
  87.0	23.5
  88.0	23.5
  89.0	30.2361
  90.0	22.5
  91.0	29.5
  92.0	24.625
  93.0	27
  94.0	34
  95.0	24.4583
  96.0	27.5909
  97.0	24.5
  98.0	22.125
  99.0	33
 100.0	20
 101.0	15.3964
 102.0	21
 103.0	36.7
 104.0	19.125
 105.0	34.4583
 106.0	26
 107.0	23.125
 108.0	19
 109.0	17.2
 110.0	24.2625
 111.0	25
 112.0	34
 113.0	34
 114.0	25.5
 115.0	25.5
 116.0	24
 117.0	25.5909
 118.0	20.1769
 119.0	30.6667
 120.0	30.6667
 121.0	19.6863
 122.0	25.6429
 123.0	26
 124.0	32.4242
 125.0	28.5
 126.0	12.8333
 127.0	22.5
 128.0	30.5714
 129.0	24
 130.0	23.25
 131.0	28
 132.0	22
 133.0	35.8333
 134.0	21.5769
 135.0	29
 136.0	22.125
 137.0	28
 138.0	26
 139.0	21.1111
 140.0	31.5
 141.0	19
 142.0	27.5
 143.0	22
 144.0	24.5769
 145.0	16.8333
 146.0	22.5
 147.0	26.0909
 148.0	25
 149.0	27.25
 150.0	32
 151.0	32
 152.0	30
 153.0	18
 154.0	26.5435
 155.0	19.5
 156.0	28.0769
 157.0	27.5714
 158.0	23
 159.0	26.0714
 160.0	24.0769
 161.0	25.6667
 162.0	38.6
 163.0	31
 164.0	21
 165.0	18.1429
 166.0	29.2625
 167.0	20.5
 168.0	20.125
 169.0	24
 170.0	17
 171.0	24.0909
 172.0	21
 173.0	18
 174.0	17.8333
 175.0	31
 176.0	28.2
 177.0	21.5
 178.0	27
 179.0	22
 180.0	25.5
 181.0	22.3333
 182.0	19
 183.0	21
 184.0	33.5
 185.0	22.0625
 186.0	20.5
 187.0	29.625
 188.0	19.5
 189.0	26
 190.0	21.5
 191.0	16.702
 192.0	16
 193.0	20
 194.0	26.5
 195.0	28.8333
 196.0	19.5
 197.0	16.3333
 198.0	24.1623
 199.0	26
 200.0	24
 201.0	30
 202.0	23.0769
 203.0	21.0435
 204.0	22
 205.0	21
 206.0	23.1
 207.0	25.5
 208.0	21
 209.0	21.6429
 210.0	25.5
 211.0	27
 212.0	20
 213.0	25
 214.0	28.3333
 215.0	20.3333
 216.0	13.5435
 217.0	31
 218.0	27.0909
 219.0	25.5
 220.0	19.5
 221.0	23.5
 222.0	22.5
 223.0	22
 224.0	32
 225.0	25.5
 226.0	21
 227.0	23
 228.0	25
 229.0	31.5714
 230.0	21.25
 231.0	24.625
 232.0	22
 233.0	24.5
 234.0	25
 235.0	30.5
 236.0	27.5
 237.0	20.5
 238.0	30.9583
 239.0	20
 240.0	29
 241.0	19
 242.0	26.5
 243.0	33.3111
 244.0	24.5
 245.0	28.5
 246.0	29
 247.0	16
 248.0	19.1667
 249.0	17.1667
 250.0	29.6
 251.0	25
 252.0	19
 253.0	24.6429
 254.0	17.5
 255.0	24.8333
 256.0	29
 257.0	18.3333
 258.0	25
 259.0	30.0625
 260.0	20.5
 261.0	27.3333
 262.0	26
 263.0	15
 264.0	20
 265.0	14.5
 266.0	16.5714
 267.0	18
 268.0	22
 269.0	19.5
 270.0	18
 271.0	28
 272.0	30.5
 273.0	21.5
 274.0	28
 275.0	22
 276.0	21.5
 277.0	20.5
 278.0	30.5
 279.0	18
 280.0	21.5
 281.0	17.5
 282.0	21.5
 283.0	25.25
 284.0	31.5
 285.0	28
 286.0	22.5
 287.0	20.5
 288.0	22
 289.0	25
 290.0	27.5
 291.0	15
 292.0	24.1667
 293.0	33.9444
 294.0	19.6
 295.0	28.5
 296.0	25.9196
 297.0	29.3333
 298.0	17
 299.0	17.5
 300.0	25
 301.0	30
 302.0	25
 303.0	28
 304.0	24.5
 305.0	21
 306.0	25
 307.0	26
 308.0	21
 309.0	15
 310.0	28.5
 311.0	21.8333
 312.0	18
 313.0	27
 314.0	19.0625
 315.0	12.5
 316.0	26.5
 317.0	28.25
 318.0	30.5
 319.0	19.5
 320.0	23
 321.0	19
 322.0	23
 323.0	24
 324.0	24.0769
 325.0	24.5
 326.0	26.8333
 327.0	19
DB 1 MOTIF	ITF2_HUMAN.H11MO.0.C
-327.0	24
-326.0	22.5
-325.0	21.2
-324.0	19.25
-323.0	25.1
-322.0	17.8333
-321.0	24
-320.0	27.2935
-319.0	15
-318.0	30.5
-317.0	32.0714
-316.0	31
-315.0	16.5
-314.0	31.5
-313.0	24
-312.0	28.3333
-311.0	27.5
-310.0	33
-309.0	18.5
-308.0	28.5
-307.0	20
-306.0	24.5
-305.0	18.5
-304.0	32.1429
-303.0	21.5269
-302.0	23.0769
-301.0	16.5
-300.0	19
-299.0	28
-298.0	24.2
-297.0	20.5435
-296.0	23.5
-295.0	28.3333
-294.0	22.5833
-293.0	17.5909
-292.0	26.125
-291.0	20.5
-290.0	20
-289.0	27.7
-288.0	24.75
-287.0	24
-286.0	17.9048
-285.0	26.25
-284.0	21.1667
-283.0	21
-282.0	27.5
-281.0	33.0435
-280.0	23.5
-279.0	31.0769
-278.0	28
-277.0	35.5
-276.0	20.5
-275.0	19
-274.0	24.8333
-273.0	25
-272.0	24.1
-271.0	19.8333
-270.0	23.5
-269.0	29.1
-268.0	28.5
-267.0	16.5
-266.0	13.3333
-265.0	24.2
-264.0	25.5
-263.0	22.5
-262.0	24.5
-261.0	19.5
-260.0	33.6484
-259.0	28.5
-258.0	25.0435
-257.0	28.5909
-256.0	30.0909
-255.0	22.0769
-254.0	28.6111
-253.0	33.125
-252.0	21.5
-251.0	21.5
-250.0	22.75
-249.0	19.5
-248.0	26.5
-247.0	23.3214
-246.0	23.125
-245.0	23
-244.0	30
-243.0	21.5
-242.0	30.5
-241.0	30
-240.0	25.75
-239.0	22.6667
-238.0	29
-237.0	24
-236.0	21.6667
-235.0	24
-234.0	26.25
-233.0	29
-232.0	22.1667
-231.0	32.2714
-230.0	26.5
-229.0	20
-228.0	23.5435
-227.0	27
-226.0	23
-225.0	18.6
-224.0	31
-223.0	25.6429
-222.0	19.7
-221.0	21.75
-220.0	25
-219.0	19.1429
-218.0	10.5012
-217.0	26.6667
-216.0	25
-215.0	25.25
-214.0	27.625
-213.0	31.5
-212.0	22
-211.0	27.2917
-210.0	36
-209.0	23.2909
-208.0	26
-207.0	23.6429
-206.0	26.75
-205.0	22.5435
-204.0	17.5
-203.0	18.5
-202.0	28
-201.0	27.5
-200.0	25.5
-199.0	28
-198.0	27
-197.0	30
-196.0	33
-195.0	23.6429
-194.0	23.8333
-193.0	24.2
-192.0	27
-191.0	30.1111
-190.0	26.1429
-189.0	22
-188.0	15.5
-187.0	26.5
-186.0	33
-185.0	33
-184.0	25.8333
-183.0	25.0769
-182.0	30.5435
-181.0	16.3909
-180.0	25.5
-179.0	18
-178.0	28.5
-177.0	24.6667
-176.0	22.0353
-175.0	19.1964
-174.0	20
-173.0	20.8333
-172.0	23
-171.0	31.0714
-170.0	18.6
-169.0	28.1667
-168.0	34.1429
-167.0	18.2
-166.0	23
-165.0	27.5833
-164.0	18.3667
-163.0	27.5
-162.0	35
-161.0	34.0909
-160.0	25.5
-159.0	30
-158.0	23
-157.0	30
-156.0	22
-155.0	34
-154.0	18.75
-153.0	25.2
-152.0	36
-151.0	23
-150.0	33.5
-149.0	31.0435
-148.0	21.7
-147.0	28
-146.0	24.5714
-145.0	21.7
-144.0	29.3528
-143.0	19.1429
-142.0	27
-141.0	19.625
-140.0	29.5
-139.0	21.8333
-138.0	24.25
-137.0	33
-136.0	27.1685
-135.0	30.5
-134.0	21.0769
-133.0	23.75
-132.0	26.25
-131.0	24.75
-130.0	29
-129.0	29
-128.0	25.6111
-127.0	21.5
-126.0	33.7436
-125.0	26
-124.0	26.3333
-123.0	35.8333
-122.0	26
-121.0	29.5714
-120.0	19.1
-119.0	29.3333
-118.0	21
-117.0	16.5
-116.0	24
-115.0	22.2714
-114.0	25.2769
-113.0	26.0909
-112.0	26.5
-111.0	27
-110.0	22.0435
-109.0	29.5
-108.0	27.5
-107.0	20.5909
-106.0	22.2917
-105.0	33.4857
-104.0	25
-103.0	22
-102.0	20
-101.0	25.25
-100.0	31.1667
 -99.0	27.3333
 -98.0	21.8333
 -97.0	29.0685
 -96.0	21.5
 -95.0	27
 -94.0	23.7714
 -93.0	30.6429
 -92.0	17.7769
 -91.0	26.5
 -90.0	20.5
 -89.0	15.5
 -88.0	29.1667
 -87.0	28
 -86.0	28.7
 -85.0	29.2
 -84.0	20.2
 -83.0	22
 -82.0	31
 -81.0	23.1429
 -80.0	27.4048
 -79.0	35.5
 -78.0	24.5
 -77.0	25
 -76.0	32
 -75.0	33
 -74.0	19.5435
 -73.0	26.8333
 -72.0	24
 -71.0	29.875
 -70.0	23.6
 -69.0	24.3333
 -68.0	22.0769
 -67.0	27.5
 -66.0	31.5909
 -65.0	24.6825
 -64.0	25.3929
 -63.0	16.1429
 -62.0	26
 -61.0	29
 -60.0	36.5
 -59.0	28.5
 -58.0	26.325
 -57.0	20.5
 -56.0	23
 -55.0	26.4
 -54.0	29
 -53.0	33.3667
 -52.0	28
 -51.0	42.5
 -50.0	30.7436
 -49.0	33.5
 -48.0	34.5435
 -47.0	27.3333
 -46.0	26
 -45.0	21
 -44.0	18.1667
 -43.0	34.5
 -42.0	33.1429
 -41.0	35.5214
 -40.0	29.8929
 -39.0	23
 -38.0	22.5
 -37.0	31
 -36.0	24.125
 -35.0	23.5
 -34.0	32.2436
 -33.0	38.5
 -32.0	28.8768
 -31.0	24.5909
 -30.0	38.15
 -29.0	31.3429
 -28.0	23.5
 -27.0	34.3333
 -26.0	33
 -25.0	19.4
 -24.0	27
 -23.0	33
 -22.0	47.5
 -21.0	29.3333
 -20.0	34
 -19.0	22.475
 -18.0	36.7338
 -17.0	23
 -16.0	27.5
 -15.0	30.5
 -14.0	33.3333
 -13.0	27
 -12.0	24.5
 -11.0	22.5
 -10.0	26
  -9.0	36.5714
  -8.0	29.5769
  -7.0	36
  -6.0	32.0435
  -5.0	20
  -4.0	32.5
  -3.0	27.3333
  -2.0	23.7778
  -1.0	26.125
   0.0	29
   1.0	31
   2.0	33.8269
   3.0	40.5
   4.0	44.5
   5.0	26.0909
   6.0	34
   7.0	33
   8.0	26.5
   9.0	25.2857
  10.0	28
  11.0	38.2
  12.0	21.6667
  13.0	35
  14.0	23.75
  15.0	37.8333
  16.0	35.5
  17.0	25.3333
  18.0	39.5
  19.0	30
  20.0	31.4244
  21.0	28
  22.0	34.5
  23.0	26.25
  24.0	31
  25.0	32.5
  26.0	31.1667
  27.0	36
  28.0	32.5714
  29.0	35.0909
  30.0	28.6
  31.0	31.5
  32.0	26.1
  33.0	32.5
  34.0	21.5769
  35.0	30.1667
  36.0	33.7
  37.0	26.5
  38.0	27.5
  39.0	24
  40.0	31
  41.0	32.5
  42.0	24.2
  43.0	44.0909
  44.0	23.5
  45.0	26.7143
  46.0	22.0435
  47.0	27
  48.0	27
  49.0	28.3333
  50.0	29
  51.0	22.5
  52.0	21.5
  53.0	26.5
  54.0	32.1667
  55.0	22
  56.0	29.5
  57.0	24
  58.0	25.4048
  59.0	20.5435
  60.0	29.1429
  61.0	33.1111
  62.0	25
  63.0	23.3333
  64.0	19.1429
  65.0	26.5
  66.0	32.5
  67.0	24.6429
  68.0	27.8333
  69.0	24
  70.0	27
  71.0	27.5
  72.0	41.0714
  73.0	27
  74.0	20.1
  75.0	28
  76.0	23.5769
  77.0	32.0909
  78.0	19
  79.0	24.3333
  80.0	35
  81.0	21.5
  82.0	31.5
  83.0	33.7667
  84.0	27
  85.0	23.0435
  86.0	28
  87.0	22.5
  88.0	29
  89.0	25
  90.0	21.5
  91.0	24
  92.0	22.5
  93.0	25
  94.0	31.8333
  95.0	20
  96.0	23.5
  97.0	19.5
  98.0	21
  99.0	25.5
 100.0	19
 101.0	22.2714
 102.0	23.25
 103.0	32.7
 104.0	20
 105.0	24.3333
 106.0	23
 107.0	29
 108.0	22.1429
 109.0	29.2
 110.0	30.2
 111.0	31.6429
 112.0	31
 113.0	29
 114.0	23.3333
 115.0	21.5
 116.0	18.5
 117.0	26.5909
 118.0	15.4269
 119.0	26.5
 120.0	21.3333
 121.0	24.5435
 122.0	33
 123.0	25
 124.0	25.202
 125.0	24.5
 126.0	19.8333
 127.0	23
 128.0	28.2381
 129.0	22.5
 130.0	23.75
 131.0	26.5
 132.0	21
 133.0	33.5
 134.0	24.5769
 135.0	33
 136.0	19.5
 137.0	31
 138.0	20.5
 139.0	20.5
 140.0	28.8333
 141.0	19.5
 142.0	36.5
 143.0	18
 144.0	22.5769
 145.0	22.5
 146.0	20.5
 147.0	31.1667
 148.0	26
 149.0	24.3929
 150.0	30.5
 151.0	40
 152.0	32.5
 153.0	18
 154.0	31.1863
 155.0	20
 156.0	30.5769
 157.0	21.5714
 158.0	26
 159.0	22.5714
 160.0	24.0769
 161.0	27
 162.0	36.6
 163.0	26
 164.0	22.5
 165.0	21
 166.0	28.2
 167.0	15.3333
 168.0	15
 169.0	15
 170.0	22.5
 171.0	27.5671
 172.0	20
 173.0	25
 174.0	15.3333
 175.0	36
 176.0	26.7
 177.0	22.5
 178.0	32.5
 179.0	25
 180.0	31.5
 181.0	29.5
 182.0	17
 183.0	21.8333
 184.0	39
 185.0	21.1
 186.0	17
 187.0	39.6111
 188.0	18.5
 189.0	24
 190.0	23.5
 191.0	17.7338
 192.0	21.1429
 193.0	22
 194.0	22.5
 195.0	20.3333
 196.0	22
 197.0	23.3333
 198.0	26.5714
 199.0	26
 200.0	28
 201.0	28.25
 202.0	24.5769
 203.0	17.7101
 204.0	23
 205.0	26.25
 206.0	30.1
 207.0	25
 208.0	19.5
 209.0	19
 210.0	26
 211.0	32.5
 212.0	27
 213.0	21
 214.0	27
 215.0	24.3333
 216.0	18.0435
 217.0	36.5
 218.0	19.0909
 219.0	28.5
 220.0	20.25
 221.0	21
 222.0	25.5
 223.0	24
 224.0	24
 225.0	23
 226.0	22
 227.0	25.5
 228.0	25
 229.0	26.5714
 230.0	26
 231.0	17.8333
 232.0	19.5
 233.0	23.5
 234.0	17.25
 235.0	25.5
 236.0	27.1
 237.0	23
 238.0	24.8333
 239.0	20
 240.0	27.5
 241.0	17
 242.0	25.5
 243.0	31.0333
 244.0	21.5
 245.0	27.5
 246.0	35.1667
 247.0	18
 248.0	21.5
 249.0	17
 250.0	26.7111
 251.0	20.5
 252.0	16
 253.0	20
 254.0	20.5
 255.0	26.3333
 256.0	24
 257.0	19.3333
 258.0	33
 259.0	34.5
 260.0	21
 261.0	20.3333
 262.0	18
 263.0	33.25
 264.0	18.75
 265.0	19.5
 266.0	20.5714
 267.0	20.5
 268.0	20
 269.0	27.5
 270.0	21.3333
 271.0	24.25
 272.0	27.5
 273.0	27
 274.0	27.5
 275.0	27
 276.0	18
 277.0	23.5
 278.0	24
 279.0	21
 280.0	23.5
 281.0	26.5
 282.0	26.8333
 283.0	21.5833
 284.0	27.5
 285.0	24
 286.0	22
 287.0	22
 288.0	28
 289.0	22
 290.0	35.5
 291.0	21
 292.0	28
 293.0	25.8333
 294.0	12.6
 295.0	30
 296.0	26.5714
 297.0	30.3333
 298.0	23
 299.0	21
 300.0	23
 301.0	28
 302.0	15
 303.0	32
 304.0	15
 305.0	17
 306.0	23
 307.0	28
 308.0	25
 309.0	20
 310.0	32
 311.0	18
 312.0	32
 313.0	19.5
 314.0	19
 315.0	12.5
 316.0	25.1667
 317.0	29.25
 318.0	25
 319.0	26
 320.0	20
 321.0	23
 322.0	22
 323.0	24
 324.0	23.0769
 325.0	14
 326.0	25.3333
 327.0	17
DB 1 MOTIF	KLF12_HUMAN.H11MO.0.C
-326.5	15.2
-325.5	22.25
-324.5	19
-323.5	18
-322.5	25
-321.5	20.5
-320.5	19.5
-319.5	20.5
-318.5	21
-317.5	18.8333
-316.5	17.5
-315.5	18.3333
-314.5	22
-313.5	17
-312.5	16.8333
-311.5	10
-310.5	19.3333
-309.5	20.8333
-308.5	22
-307.5	18
-306.5	20.2
-305.5	15.4262
-304.5	21
-303.5	27
-302.5	20
-301.5	19.5
-300.5	25
-299.5	17
-298.5	17
-297.5	17
-296.5	27
-295.5	21
-294.5	21
-293.5	21.25
-292.5	23
-291.5	17.1667
-290.5	16.25
-289.5	13
-288.5	17
-287.5	16.5
-286.5	14.1429
-285.5	11.5
-284.5	26.5
-283.5	17.5
-282.5	21
-281.5	21.3333
-280.5	23.1429
-279.5	19
-278.5	11
-277.5	24.2
-276.5	15
-275.5	18
-274.5	19.0909
-273.5	27.8333
-272.5	16
-271.5	20.1111
-270.5	23
-269.5	19.5
-268.5	22.5
-267.5	21.3333
-266.5	19
-265.5	21.3333
-264.5	21.2
-263.5	15.5
-262.5	13
-261.5	20.25
-260.5	13
-259.5	17.8333
-258.5	14
-257.5	21.0909
-256.5	17
-255.5	15.1429
-254.5	17.5
-253.5	21
-252.5	10.5
-251.5	15
-250.5	19.5
-249.5	14
-248.5	21.5
-247.5	22
-246.5	17.8333
-245.5	21
-244.5	27
-243.5	20
-242.5	14.1429
-241.5	13
-240.5	9.5
-239.5	16.1667
-238.5	19
-237.5	22.6429
-236.5	13
-235.5	21.1667
-234.5	23
-233.5	16
-232.5	21
-231.5	16.7
-230.5	16
-229.5	22.75
-228.5	17
-227.5	21
-226.5	21.0909
-225.5	13.3333
-224.5	25.1111
-223.5	12.25
-222.5	15
-221.5	25
-220.5	25
-219.5	26
-218.5	22
-217.5	19.25
-216.5	12.5
-215.5	19
-214.5	17
-213.5	27
-212.5	19
-211.5	24.8333
-210.5	16
-209.5	13.25
-208.5	25.5
-207.5	26.5
-206.5	19.3333
-205.5	17.6429
-204.5	14.3929
-203.5	23.5
-202.5	22.6429
-201.5	21.3333
-200.5	17.25
-199.5	22.25
-198.5	13.8333
-197.5	16.3333
-196.5	18
-195.5	16.6
-194.5	23.25
-193.5	25
-192.5	18
-191.5	18.8333
-190.5	21
-189.5	23
-188.5	29.8095
-187.5	15.1667
-186.5	20.5
-185.5	15.2
-184.5	23
-183.5	18.5
-182.5	24.5
-181.5	18.5
-180.5	13.3333
-179.5	28.8333
-178.5	24
-177.5	26
-176.5	23.3333
-175.5	24.0909
-174.5	18.5909
-173.5	23.5
-172.5	26.75
-171.5	26.5
-170.5	16.2
-169.5	16.5
-168.5	18
-167.5	22.5
-166.5	21.6429
-165.5	30.1667
-164.5	19.5
-163.5	24
-162.5	17.75
-161.5	24.1667
-160.5	14
-159.5	24
-158.5	19.7
-157.5	18.5833
-156.5	26.0833
-155.5	23.3095
-154.5	19.8333
-153.5	20.5
-152.5	25.6
-151.5	17.3333
-150.5	30.3333
-149.5	25
-148.5	20.3333
-147.5	23.8333
-146.5	19.8333
-145.5	18.3333
-144.5	27.25
-143.5	22
-142.5	23
-141.5	19.1667
-140.5	27.2
-139.5	28
-138.5	18.6429
-137.5	21.3333
-136.5	23.5
-135.5	19.1667
-134.5	20.8333
-133.5	20
-132.5	20.8333
-131.5	18
-130.5	15.4444
-129.5	24.3333
-128.5	27.6429
-127.5	16.5
-126.5	16.7909
-125.5	14.8333
-124.5	20
-123.5	21
-122.5	18
-121.5	10.6667
-120.5	14.8333
-119.5	25.1667
-118.5	23.3333
-117.5	21.5833
-116.5	24
-115.5	17.5
-114.5	25
-113.5	17
-112.5	21
-111.5	15
-110.5	19
-109.5	22.6
-108.5	30
-107.5	24.25
-106.5	13
-105.5	27.1429
-104.5	26
-103.5	18
-102.5	23
-101.5	18
-100.5	26
 -99.5	18.5
 -98.5	20
 -97.5	16.7
 -96.5	15.3333
 -95.5	20
 -94.5	28.8667
 -93.5	12
 -92.5	18.3333
 -91.5	18.4242
 -90.5	25.7857
 -89.5	13
 -88.5	17
 -87.5	14
 -86.5	17.6667
 -85.5	23.25
 -84.5	22.25
 -83.5	17.4444
 -82.5	18.5
 -81.5	24.2
 -80.5	27.5
 -79.5	11.5
 -78.5	18.7338
 -77.5	15.3333
 -76.5	14
 -75.5	23
 -74.5	16.5
 -73.5	17
 -72.5	19
 -71.5	17.5
 -70.5	24
 -69.5	23
 -68.5	16.3333
 -67.5	24.75
 -66.5	24
 -65.5	16
 -64.5	22
 -63.5	11
 -62.5	12.7
 -61.5	19.5
 -60.5	17.5
 -59.5	20
 -58.5	27
 -57.5	23.8333
 -56.5	17.5
 -55.5	19.6429
 -54.5	25
 -53.5	21
 -52.5	20.8429
 -51.5	24
 -50.5	24.0909
 -49.5	25
 -48.5	16.1667
 -47.5	14.4167
 -46.5	19.8333
 -45.5	18
 -44.5	24
 -43.5	21
 -42.5	19.5595
 -41.5	24.5
 -40.5	20
 -39.5	19.5
 -38.5	20
 -37.5	25
 -36.5	19.6111
 -35.5	20.1429
 -34.5	31.3333
 -33.5	19.5
 -32.5	27
 -31.5	17.1667
 -30.5	22.0333
 -29.5	23.0909
 -28.5	23
 -27.5	19.75
 -26.5	19
 -25.5	26
 -24.5	18
 -23.5	20.1
 -22.5	26.25
 -21.5	26
 -20.5	24.5
 -19.5	24
 -18.5	10
 -17.5	23.5833
 -16.5	21.75
 -15.5	26.5
 -14.5	24
 -13.5	19.9583
 -12.5	17.1667
 -11.5	27
 -10.5	29.5
  -9.5	20.5
  -8.5	23.6667
  -7.5	30
  -6.5	23
  -5.5	20.5
  -4.5	18
  -3.5	25.4762
  -2.5	27
  -1.5	21
  -0.5	22.5
   0.5	21.5
   1.5	18
   2.5	32
   3.5	32.5
   4.5	29
   5.5	21
   6.5	16.4762
   7.5	10.1429
   8.5	23.3333
   9.5	23.5
  10.5	22.1111
  11.5	27
  12.5	22
  13.5	17.5
  14.5	13
  15.5	20.5
  16.5	29
  17.5	23
  18.5	23.6667
  19.5	22.3159
  20.5	21
  21.5	20
  22.5	23.1667
  23.5	26.5
  24.5	18.3333
  25.5	28.5
  26.5	20
  27.5	32
  28.5	26
  29.5	23.5
  30.5	14.7
  31.5	15
  32.5	22.5
  33.5	22.25
  34.5	16.1429
  35.5	19
  36.5	23
  37.5	20
  38.5	28
  39.5	25
  40.5	21
  41.5	23
  42.5	25
  43.5	26
  44.5	22.5
  45.5	20
  46.5	14.3333
  47.5	18.5
  48.5	24
  49.5	31.25
  50.5	17
  51.5	20
  52.5	18.125
  53.5	17.5
  54.5	34
  55.5	22
  56.5	13.5
  57.5	16.6111
  58.5	20
  59.5	34
  60.5	15
  61.5	23.3333
  62.5	20.6
  63.5	21
  64.5	26
  65.5	17
  66.5	20.8333
  67.5	21.3333
  68.5	31.5
  69.5	27.5909
  70.5	25.1667
  71.5	21.3333
  72.5	20.6429
  73.5	16
  74.5	17.0909
  75.5	16
  76.5	26
  77.5	15
  78.5	19.75
  79.5	12
  80.5	24.3333
  81.5	23
  82.5	15
  83.5	24.25
  84.5	26
  85.5	12.125
  86.5	21
  87.5	21
  88.5	23.5
  89.5	18.5
  90.5	28
  91.5	21.5
  92.5	20
  93.5	27
  94.5	24.5
  95.5	25
  96.5	20
  97.5	21.1429
  98.5	25.5
  99.5	19.3333
 100.5	22
 101.5	22
 102.5	17.5
 103.5	18.5
 104.5	20.8111
 105.5	22
 106.5	23.1
 107.5	20
 108.5	14.5
 109.5	14.5
 110.5	17.6429
 111.5	23
 112.5	18.5
 113.5	21.25
 114.5	18.3333
 115.5	23.5909
 116.5	19
 117.5	22.0909
 118.5	14.9583
 119.5	19.3333
 120.5	13
 121.5	29
 122.5	17.6667
 123.5	22
 124.5	23.5
 125.5	20.5
 126.5	12.8333
 127.5	22
 128.5	26.5
 129.5	21.3333
 130.5	25.6429
 131.5	13
 132.5	21.125
 133.5	26
 134.5	27
 135.5	18
 136.5	19.5
 137.5	27
 138.5	20
 139.5	16.3333
 140.5	24
 141.5	9.5
 142.5	22
 143.5	20
 144.5	14
 145.5	15
 146.5	24.5
 147.5	17
 148.5	22.3929
 149.5	20.4333
 150.5	20
 151.5	17.2361
 152.5	22.125
 153.5	16
 154.5	24.5
 155.5	27.5909
 156.5	21.5
 157.5	17.5
 158.5	26.5833
 159.5	18
 160.5	21
 161.5	15
 162.5	26.5
 163.5	15.5
 164.5	27
 165.5	26.5909
 166.5	20
 167.5	24.5
 168.5	15
 169.5	16.1667
 170.5	14.25
 171.5	26.8429
 172.5	20.2917
 173.5	19.1429
 174.5	17.1667
 175.5	22.25
 176.5	31.5
 177.5	18.3333
 178.5	16.2
 179.5	26.5
 180.5	20.75
 181.5	25.8333
 182.5	16
 183.5	25.8333
 184.5	24
 185.5	14.25
 186.5	20.2679
 187.5	34
 188.5	22
 189.5	19
 190.5	24.3929
 191.5	13.5
 192.5	24.125
 193.5	22.1
 194.5	24
 195.5	19
 196.5	24.2909
 197.5	21.5
 198.5	19
 199.5	20.2
 200.5	16.8333
 201.5	18
 202.5	20
 203.5	18.5
 204.5	23
 205.5	21.5
 206.5	22.5
 207.5	20.6667
 208.5	24.3333
 209.5	24.6429
 210.5	18.5
 211.5	28.1667
 212.5	21.125
 213.5	17
 214.5	16.3429
 215.5	21.0909
 216.5	15.5
 217.5	15.8333
 218.5	25.1429
 219.5	17
 220.5	23.5
 221.5	22.125
 222.5	27
 223.5	16.8333
 224.5	11.6429
 225.5	21
 226.5	19.3667
 227.5	25
 228.5	20.25
 229.5	14.5
 230.5	13.5
 231.5	11
 232.5	27.125
 233.5	13.5
 234.5	19
 235.5	18
 236.5	21.0242
 237.5	21
 238.5	14
 239.5	10.5
 240.5	22.6429
 241.5	15
 242.5	18.3333
 243.5	19
 244.5	12.2
 245.5	21.1429
 246.5	17
 247.5	10
 248.5	19
 249.5	19.5
 250.5	15.1667
 251.5	15
 252.5	11.125
 253.5	11
 254.5	22
 255.5	6
 256.5	9.7
 257.5	21
 258.5	19.25
 259.5	22.5
 260.5	21.5
 261.5	8.5
 262.5	16.5
 263.5	15.75
 264.5	13.5
 265.5	24
 266.5	30.25
 267.5	19.3333
 268.5	10.25
 269.5	16
 270.5	20
 271.5	6
 272.5	21.625
 273.5	22.5
 274.5	21.2
 275.5	16.3333
 276.5	18.5
 277.5	19.0909
 278.5	12.1667
 279.5	28
 280.5	17.5
 281.5	16
 282.5	21.5
 283.5	20.3333
 284.5	16
 285.5	19.5
 286.5	20.2
 287.5	16.0833
 288.5	12
 289.5	15
 290.5	14.1429
 291.5	20
 292.5	22
 293.5	15
 294.5	21.8333
 295.5	22.8333
 296.5	19.5
 297.5	18.5
 298.5	15
 299.5	24.5
 300.5	18
 301.5	22.5
 302.5	12
 303.5	24
 304.5	29.75
 305.5	28.8333
 306.5	14.5
 307.5	18.3333
 308.5	15
 309.5	22
 310.5	16
 311.5	11.5
 312.5	19
 313.5	22.8333
 314.5	23
 315.5	22.7
 316.5	13
 317.5	18
 318.5	17.0909
 319.5	18
 320.5	24
 321.5	18.5
 322.5	24.5
 323.5	24
 324.5	26
 325.5	14.5
 326.5	26.5
DB 1 MOTIF	KLF13_HUMAN.H11MO.0.D
-326.5	11
-325.5	10
-324.5	10
-323.5	10
-322.5	12.5
-321.5	7.33333
-320.5	7
-319.5	13
-318.5	13
-317.5	16
-316.5	6
-315.5	11.3333
-314.5	16
-313.5	16
-312.5	15
-311.5	8
-310.5	8
-309.5	9.33333
-308.5	12
-307.5	13
-306.5	15
-305.5	15
-304.5	13
-303.5	13
-302.5	12.5
-301.5	9.5
-300.5	14
-299.5	12.5
-298.5	20
-297.5	12
-296.5	17
-295.5	11
-294.5	10
-293.5	10
-292.5	14
-291.5	18
-290.5	12.5
-289.5	11
-288.5	7
-287.5	11
-286.5	11
-285.5	11
-284.5	11.1667
-283.5	14.5
-282.5	11
-281.5	5
-280.5	7.5
-279.5	9
-278.5	18
-277.5	13
-276.5	6
-275.5	18.3333
-274.5	13.3111
-273.5	7.11111
-272.5	11.7
-271.5	9
-270.5	8
-269.5	7.25
-268.5	18
-267.5	17.5
-266.5	14
-265.5	14
-264.5	13.5
-263.5	9
-262.5	13
-261.5	11
-260.5	9
-259.5	17
-258.5	6
-257.5	8
-256.5	9.5
-255.5	15
-254.5	11
-253.5	20
-252.5	11
-251.5	7
-250.5	11
-249.5	11
-248.5	8
-247.5	9
-246.5	14
-245.5	8.11111
-244.5	11
-243.5	13
-242.5	11.5
-241.5	12
-240.5	13
-239.5	10.5
-238.5	11
-237.5	8.16667
-236.5	9.5
-235.5	9
-234.5	10
-233.5	8
-232.5	8
-231.5	12
-230.5	12.5
-229.5	9.5
-228.5	13
-227.5	10
-226.5	10.6111
-225.5	5
-224.5	17.5
-223.5	7
-222.5	9
-221.5	12
-220.5	11.5
-219.5	17.3333
-218.5	11
-217.5	13
-216.5	8.11111
-215.5	15
-214.5	15.5
-213.5	10
-212.5	9
-211.5	11
-210.5	11
-209.5	11
-208.5	9
-207.5	16
-206.5	5
-205.5	10
-204.5	18
-203.5	10
-202.5	10
-201.5	4
-200.5	10
-199.5	8
-198.5	13
-197.5	18.5
-196.5	15
-195.5	20.6429
-194.5	8
-193.5	11
-192.5	10
-191.5	12
-190.5	14.1667
-189.5	16.5
-188.5	7
-187.5	18.1111
-186.5	5
-185.5	11
-184.5	11
-183.5	3.75
-182.5	13.2
-181.5	7.5
-180.5	5
-179.5	15
-178.5	14.5
-177.5	13.5
-176.5	11
-175.5	17
-174.5	9
-173.5	15
-172.5	13
-171.5	12
-170.5	10
-169.5	12
-168.5	16
-167.5	18.3333
-166.5	7.5
-165.5	13
-164.5	8.5
-163.5	12.3333
-162.5	10.5
-161.5	10
-160.5	15
-159.5	14
-158.5	14.2
-157.5	6
-156.5	16
-155.5	13.6111
-154.5	16
-153.5	7
-152.5	16
-151.5	17
-150.5	15
-149.5	10
-148.5	12
-147.5	8
-146.5	12
-145.5	11
-144.5	14
-143.5	18.1667
-142.5	12
-141.5	12
-140.5	20
-139.5	15
-138.5	18
-137.5	23
-136.5	11.2
-135.5	10
-134.5	12
-133.5	9.5
-132.5	14.1111
-131.5	12
-130.5	7.75
-129.5	26
-128.5	15
-127.5	18
-126.5	8
-125.5	19
-124.5	17
-123.5	12.6111
-122.5	11.25
-121.5	17
-120.5	5
-119.5	12
-118.5	15
-117.5	15
-116.5	15
-115.5	18
-114.5	20
-113.5	12
-112.5	13
-111.5	13
-110.5	15
-109.5	10
-108.5	13
-107.5	9
-106.5	18.2
-105.5	6.5
-104.5	14.8333
-103.5	12
-102.5	14
-101.5	13
-100.5	15
 -99.5	9
 -98.5	14.3333
 -97.5	11
 -96.5	11.1667
 -95.5	16
 -94.5	19.25
 -93.5	12
 -92.5	14
 -91.5	9.11111
 -90.5	13
 -89.5	13
 -88.5	15
 -87.5	14
 -86.5	17.5
 -85.5	11.1111
 -84.5	17.5
 -83.5	8.5
 -82.5	18
 -81.5	20
 -80.5	12
 -79.5	14.5
 -78.5	12
 -77.5	16.5
 -76.5	8
 -75.5	13
 -74.5	15
 -73.5	16.5
 -72.5	14
 -71.5	10.5
 -70.5	9
 -69.5	20
 -68.5	15.3333
 -67.5	18.2
 -66.5	14
 -65.5	17
 -64.5	4
 -63.5	15
 -62.5	13
 -61.5	10
 -60.5	10
 -59.5	14.4444
 -58.5	9.25
 -57.5	15.5
 -56.5	16
 -55.5	15
 -54.5	14
 -53.5	19
 -52.5	11.125
 -51.5	17.5
 -50.5	13.5
 -49.5	11.1667
 -48.5	8
 -47.5	14
 -46.5	6
 -45.5	20
 -44.5	14.3333
 -43.5	8
 -42.5	11
 -41.5	13
 -40.5	12
 -39.5	16
 -38.5	14.1111
 -37.5	10
 -36.5	12.8333
 -35.5	13.2
 -34.5	14
 -33.5	23.5
 -32.5	13.5
 -31.5	17
 -30.5	15
 -29.5	8
 -28.5	12
 -27.5	11.1111
 -26.5	9
 -25.5	14
 -24.5	16.5
 -23.5	10
 -22.5	15.25
 -21.5	13
 -20.5	13
 -19.5	24.5
 -18.5	13
 -17.5	12.5
 -16.5	20
 -15.5	12
 -14.5	13.625
 -13.5	20.3333
 -12.5	10
 -11.5	18
 -10.5	11
  -9.5	13
  -8.5	17
  -7.5	9.5
  -6.5	12
  -5.5	16.5
  -4.5	12
  -3.5	14.5
  -2.5	13
  -1.5	8.33333
  -0.5	16
   0.5	12
   1.5	15.2
   2.5	20
   3.5	20.5
   4.5	17
   5.5	16
   6.5	8
   7.5	13.1429
   8.5	10.1111
   9.5	9
  10.5	9.5
  11.5	15.125
  12.5	16
  13.5	14.2
  14.5	11
  15.5	16
  16.5	13
  17.5	17
  18.5	24.5
  19.5	12
  20.5	11.5
  21.5	18
  22.5	15
  23.5	8.125
  24.5	15
  25.5	19.5
  26.5	10.25
  27.5	13
  28.5	14
  29.5	12
  30.5	20
  31.5	10
  32.5	12
  33.5	11
  34.5	10
  35.5	9
  36.5	13
  37.5	16
  38.5	11
  39.5	15
  40.5	11
  41.5	14.5
  42.5	6.5
  43.5	11
  44.5	9
  45.5	9
  46.5	8
  47.5	16.2
  48.5	11
  49.5	8
  50.5	18.5
  51.5	13.3333
  52.5	12
  53.5	10.3333
  54.5	13
  55.5	12.1111
  56.5	17.3333
  57.5	10.8333
  58.5	12
  59.5	11.2
  60.5	9
  61.5	12.125
  62.5	15
  63.5	15
  64.5	9
  65.5	15
  66.5	10.25
  67.5	20
  68.5	17
  69.5	8.5
  70.5	13.7
  71.5	16
  72.5	7.75
  73.5	12.5
  74.5	16.5
  75.5	15.5
  76.5	7.5
  77.5	10
  78.5	13.5
  79.5	18
  80.5	10
  81.5	14
  82.5	16
  83.5	12
  84.5	9
  85.5	12
  86.5	17
  87.5	10
  88.5	9
  89.5	15
  90.5	19
  91.5	14
  92.5	9
  93.5	10
  94.5	7
  95.5	8
  96.5	11
  97.5	10.3333
  98.5	15
  99.5	13
 100.5	11
 101.5	8
 102.5	11.1111
 103.5	14.5
 104.5	12
 105.5	16
 106.5	14
 107.5	8
 108.5	10.3333
 109.5	17
 110.5	19.3333
 111.5	14.1429
 112.5	15
 113.5	13
 114.5	9
 115.5	13.45
 116.5	11
 117.5	11.2
 118.5	11
 119.5	14.5
 120.5	10
 121.5	10
 122.5	11.5
 123.5	12
 124.5	14
 125.5	15
 126.5	14.3333
 127.5	11
 128.5	11
 129.5	16
 130.5	13
 131.5	13
 132.5	8
 133.5	10
 134.5	15
 135.5	8
 136.5	14
 137.5	10
 138.5	7.25
 139.5	11.125
 140.5	7
 141.5	7
 142.5	9
 143.5	10
 144.5	10
 145.5	10
 146.5	18
 147.5	13.5
 148.5	14
 149.5	13.3111
 150.5	12
 151.5	13
 152.5	21
 153.5	10.5
 154.5	12
 155.5	12
 156.5	12
 157.5	8
 158.5	17
 159.5	9
 160.5	14.5
 161.5	9
 162.5	17.6429
 163.5	9
 164.5	15
 165.5	11.5
 166.5	13
 167.5	11.5
 168.5	11.8333
 169.5	10
 170.5	12
 171.5	6
 172.5	12
 173.5	11
 174.5	12
 175.5	12.5
 176.5	9
 177.5	8.45833
 178.5	12.5
 179.5	18
 180.5	15
 181.5	10.7
 182.5	9.5
 183.5	13
 184.5	17.2
 185.5	17
 186.5	10
 187.5	13
 188.5	13
 189.5	5
 190.5	15
 191.5	11
 192.5	5
 193.5	17.3333
 194.5	11
 195.5	13
 196.5	7
 197.5	10
 198.5	10
 199.5	10
 200.5	11
 201.5	12
 202.5	6
 203.5	8
 204.5	9
 205.5	10.8333
 206.5	7
 207.5	15
 208.5	8
 209.5	9.64286
 210.5	10
 211.5	12
 212.5	14.5
 213.5	7
 214.5	12
 215.5	16.5
 216.5	15
 217.5	9
 218.5	7
 219.5	6
 220.5	5.33333
 221.5	16
 222.5	8.5
 223.5	10
 224.5	16
 225.5	13.3333
 226.5	8
 227.5	15.5
 228.5	10
 229.5	13.3333
 230.5	13.5
 231.5	17
 232.5	13
 233.5	16.3333
 234.5	15
 235.5	8
 236.5	14
 237.5	7
 238.5	4.5
 239.5	11
 240.5	17
 241.5	10.7
 242.5	13
 243.5	15
 244.5	11
 245.5	11
 246.5	6
 247.5	16
 248.5	12
 249.5	13
 250.5	7
 251.5	14
 252.5	15
 253.5	10
 254.5	8
 255.5	14
 256.5	13
 257.5	4.14286
 258.5	8
 259.5	10
 260.5	23.3333
 261.5	8
 262.5	17
 263.5	13
 264.5	11
 265.5	16
 266.5	12
 267.5	12
 268.5	13
 269.5	9
 270.5	6
 271.5	15
 272.5	9
 273.5	6
 274.5	8.5
 275.5	14.5
 276.5	16
 277.5	14
 278.5	15
 279.5	6
 280.5	14
 281.5	10
 282.5	7
 283.5	5
 284.5	10
 285.5	18
 286.5	8
 287.5	13
 288.5	9.5
 289.5	11
 290.5	10
 291.5	9
 292.5	9
 293.5	9
 294.5	6.5
 295.5	17
 296.5	13
 297.5	12.5
 298.5	12.7
 299.5	16
 300.5	5.5
 301.5	5.125
 302.5	17
 303.5	14.5
 304.5	7
 305.5	7
 306.5	14
 307.5	13.6429
 308.5	9
 309.5	6
 310.5	12
 311.5	8
 312.5	12
 313.5	11.5
 314.5	13
 315.5	12.3333
 316.5	13
 317.5	8
 318.5	10
 319.5	11.5
 320.5	16
 321.5	12.5
 322.5	11
 323.5	8
 324.5	10
 325.5	8
 326.5	10
DB 1 MOTIF	KLF1_HUMAN.H11MO.0.A
-325.0	27
-324.0	25
-323.0	17.3333
-322.0	31
-321.0	20
-320.0	20
-319.0	15.5
-318.0	18.5
-317.0	13.3333
-316.0	23.1
-315.0	23.5
-314.0	19
-313.0	21
-312.0	28
-311.0	19.8333
-310.0	16
-309.0	21
-308.0	20.1667
-307.0	16.5
-306.0	22
-305.0	29.5
-304.0	20
-303.0	15.25
-302.0	20.5
-301.0	16
-300.0	17.5
-299.0	21
-298.0	21
-297.0	25
-296.0	25.3333
-295.0	19.8333
-294.0	20
-293.0	22.25
-292.0	21
-291.0	19
-290.0	25.1944
-289.0	27.6429
-288.0	24.8333
-287.0	17.5
-286.0	16
-285.0	19
-284.0	15
-283.0	20.7
-282.0	29.1667
-281.0	22
-280.0	16.1667
-279.0	24.0611
-278.0	23.0909
-277.0	21.5909
-276.0	17.2
-275.0	16
-274.0	17
-273.0	17.5
-272.0	26.5
-271.0	17.8333
-270.0	25
-269.0	23.1111
-268.0	17
-267.0	19
-266.0	25
-265.0	14.3333
-264.0	36.3333
-263.0	25
-262.0	26
-261.0	21
-260.0	21
-259.0	15
-258.0	22.1667
-257.0	9.5
-256.0	24
-255.0	18
-254.0	16.5
-253.0	27
-252.0	20
-251.0	19
-250.0	22.1111
-249.0	9
-248.0	23
-247.0	21
-246.0	17.1111
-245.0	27.2
-244.0	22.5
-243.0	22.8333
-242.0	17.2
-241.0	22
-240.0	16.1429
-239.0	17
-238.0	19.5
-237.0	20.0833
-236.0	23
-235.0	20.8333
-234.0	28.2111
-233.0	22.1667
-232.0	19.8333
-231.0	14.5
-230.0	20.5909
-229.0	24.0909
-228.0	13
-227.0	25
-226.0	16.75
-225.0	16
-224.0	21.1111
-223.0	21.5
-222.0	25.1111
-221.0	12.1111
-220.0	23
-219.0	24
-218.0	20.75
-217.0	31
-216.0	21
-215.0	22
-214.0	20.1667
-213.0	19
-212.0	15
-211.0	22
-210.0	18.5
-209.0	20.5
-208.0	28.6667
-207.0	21.2
-206.0	27.5
-205.0	21
-204.0	18.5
-203.0	30.5
-202.0	28
-201.0	16
-200.0	16.5
-199.0	17.3333
-198.0	21.1
-197.0	23
-196.0	17
-195.0	15.75
-194.0	31.5
-193.0	18
-192.0	21.1111
-191.0	25.2262
-190.0	16.2
-189.0	16
-188.0	16
-187.0	23.2
-186.0	24.1667
-185.0	28.5
-184.0	18.25
-183.0	21.5
-182.0	25
-181.0	28.5909
-180.0	19.1111
-179.0	21.75
-178.0	24.0909
-177.0	32
-176.0	23.1429
-175.0	24.6
-174.0	28.75
-173.0	20
-172.0	21.3333
-171.0	27.3333
-170.0	16.3333
-169.0	20.45
-168.0	19
-167.0	17.8333
-166.0	22.25
-165.0	17.3333
-164.0	26
-163.0	29
-162.0	22.8333
-161.0	20
-160.0	17.4444
-159.0	23.25
-158.0	19.2778
-157.0	30.1
-156.0	27
-155.0	21.1
-154.0	22.5
-153.0	29.25
-152.0	18
-151.0	22.8333
-150.0	22
-149.0	15
-148.0	21
-147.0	22
-146.0	24
-145.0	21.0833
-144.0	20
-143.0	23.3333
-142.0	32.5
-141.0	18.3429
-140.0	22
-139.0	19.6667
-138.0	29.2
-137.0	25.1111
-136.0	18.1111
-135.0	31.25
-134.0	26
-133.0	23
-132.0	21.3409
-131.0	25.2
-130.0	25
-129.0	16.0909
-128.0	15.7222
-127.0	23.5
-126.0	33
-125.0	17
-124.0	20
-123.0	16
-122.0	24
-121.0	21
-120.0	25
-119.0	21
-118.0	22.3333
-117.0	29
-116.0	25
-115.0	28.3333
-114.0	16.1111
-113.0	18.5
-112.0	25.6
-111.0	29.5
-110.0	28
-109.0	18
-108.0	26.1667
-107.0	29
-106.0	34
-105.0	20.3929
-104.0	19
-103.0	24.5
-102.0	23.3333
-101.0	24
-100.0	26
 -99.0	16.5833
 -98.0	20.25
 -97.0	20.3333
 -96.0	18.1111
 -95.0	28
 -94.0	26
 -93.0	15.1429
 -92.0	15.2778
 -91.0	17
 -90.0	16.5
 -89.0	28
 -88.0	17
 -87.0	25.25
 -86.0	14.2
 -85.0	22
 -84.0	23
 -83.0	21.5909
 -82.0	18
 -81.0	22.702
 -80.0	18.8
 -79.0	22
 -78.0	23.5
 -77.0	25
 -76.0	23
 -75.0	15.3333
 -74.0	20
 -73.0	22.3333
 -72.0	20
 -71.0	19
 -70.0	17
 -69.0	20
 -68.0	23
 -67.0	21
 -66.0	15.5
 -65.0	22.5833
 -64.0	21.3611
 -63.0	18.5
 -62.0	21.1
 -61.0	21
 -60.0	21
 -59.0	26
 -58.0	27.1667
 -57.0	21
 -56.0	19
 -55.0	28.3333
 -54.0	18
 -53.0	20.5833
 -52.0	15.5
 -51.0	24.5
 -50.0	23.45
 -49.0	25
 -48.0	23.254
 -47.0	25
 -46.0	22.5
 -45.0	13.3095
 -44.0	19
 -43.0	27
 -42.0	21.3333
 -41.0	31
 -40.0	27.1111
 -39.0	24
 -38.0	26
 -37.0	22
 -36.0	19
 -35.0	23
 -34.0	29.402
 -33.0	24.3333
 -32.0	23.202
 -31.0	28
 -30.0	17
 -29.0	14.25
 -28.0	23
 -27.0	28.25
 -26.0	20.6
 -25.0	24.5
 -24.0	24
 -23.0	18
 -22.0	23.1
 -21.0	27
 -20.0	26.25
 -19.0	22
 -18.0	16
 -17.0	24
 -16.0	17
 -15.0	10
 -14.0	24.5
 -13.0	35
 -12.0	26.5
 -11.0	23.25
 -10.0	16.1429
  -9.0	28.3333
  -8.0	20.25
  -7.0	21.0833
  -6.0	29.2
  -5.0	30
  -4.0	17
  -3.0	27.2
  -2.0	22.5
  -1.0	31.2
   0.0	23
   1.0	24
   2.0	25.3333
   3.0	20.5
   4.0	17.2
   5.0	23.1429
   6.0	28
   7.0	26
   8.0	28
   9.0	20.3333
  10.0	22.5
  11.0	28
  12.0	20.3333
  13.0	19.3611
  14.0	38
  15.0	25.5
  16.0	21.1429
  17.0	24.6671
  18.0	21.1
  19.0	24
  20.0	23.5
  21.0	26.5
  22.0	19
  23.0	24.3333
  24.0	22.5
  25.0	27
  26.0	29
  27.0	28.3333
  28.0	29.1429
  29.0	21.3333
  30.0	30
  31.0	26.25
  32.0	20.2
  33.0	15
  34.0	29
  35.0	17
  36.0	21
  37.0	25.1429
  38.0	19
  39.0	28
  40.0	16.5
  41.0	25
  42.0	26
  43.0	20.2
  44.0	27.5
  45.0	20
  46.0	24.2
  47.0	29.75
  48.0	25
  49.0	13
  50.0	23.1429
  51.0	29
  52.0	21.5
  53.0	22.5
  54.0	21
  55.0	22
  56.0	21.1111
  57.0	30
  58.0	23.5
  59.0	32
  60.0	20.2111
  61.0	21.3333
  62.0	22.0909
  63.0	21.8333
  64.0	31
  65.0	19
  66.0	22.9762
  67.0	22.5909
  68.0	19.2
  69.0	24
  70.0	21.0333
  71.0	15
  72.0	27
  73.0	32
  74.0	17.25
  75.0	25.5
  76.0	18.25
  77.0	14.5
  78.0	16.5
  79.0	19
  80.0	23
  81.0	19.5
  82.0	15
  83.0	23.1429
  84.0	20.75
  85.0	20.0833
  86.0	23
  87.0	16.5
  88.0	17
  89.0	20
  90.0	21
  91.0	20.5
  92.0	24.5
  93.0	23
  94.0	16.25
  95.0	27
  96.0	24
  97.0	31.5333
  98.0	16
  99.0	18
 100.0	23.1
 101.0	19.5
 102.0	24.6667
 103.0	18
 104.0	19.35
 105.0	19.1111
 106.0	19.3333
 107.0	16.6111
 108.0	23.3429
 109.0	30.5
 110.0	14
 111.0	22.25
 112.0	17.8333
 113.0	24
 114.0	19
 115.0	26.0909
 116.0	18.1429
 117.0	18
 118.0	18.1
 119.0	29
 120.0	15.5333
 121.0	17.8333
 122.0	27
 123.0	27.5
 124.0	19
 125.0	25.5
 126.0	26
 127.0	20
 128.0	19
 129.0	18
 130.0	27.5
 131.0	18
 132.0	17
 133.0	31
 134.0	10.8333
 135.0	22.625
 136.0	24
 137.0	27
 138.0	17
 139.0	13
 140.0	17
 141.0	23.1667
 142.0	29
 143.0	16
 144.0	25.1429
 145.0	17.5
 146.0	17.45
 147.0	10.6
 148.0	24
 149.0	22.1429
 150.0	25
 151.0	19
 152.0	22.5
 153.0	26.4444
 154.0	18.1111
 155.0	25.125
 156.0	28
 157.0	19.0909
 158.0	16.3333
 159.0	24.5
 160.0	22
 161.0	21.5
 162.0	26.5
 163.0	22.0909
 164.0	25
 165.0	28.5
 166.0	20.5
 167.0	28.25
 168.0	26.5
 169.0	22
 170.0	23
 171.0	19
 172.0	23.7333
 173.0	19.25
 174.0	24.2
 175.0	23.125
 176.0	25
 177.0	23.5833
 178.0	28
 179.0	35.8929
 180.0	20.6667
 181.0	24
 182.0	22.6429
 183.0	25
 184.0	23.6429
 185.0	28.75
 186.0	29.5
 187.0	17.3333
 188.0	23
 189.0	19
 190.0	24
 191.0	21.1
 192.0	17
 193.0	29.3333
 194.0	23.7
 195.0	27.125
 196.0	20
 197.0	12.5
 198.0	18
 199.0	18
 200.0	16
 201.0	21
 202.0	27.6111
 203.0	18.3333
 204.0	21
 205.0	21.9242
 206.0	19
 207.0	18
 208.0	21
 209.0	19.5
 210.0	21.3333
 211.0	22.2
 212.0	17.3333
 213.0	23.5909
 214.0	24.3333
 215.0	15.625
 216.0	18
 217.0	17
 218.0	20
 219.0	16.4762
 220.0	26
 221.0	28
 222.0	17
 223.0	27.0833
 224.0	27.2
 225.0	23
 226.0	22
 227.0	16.5
 228.0	14.3333
 229.0	21.5
 230.0	27
 231.0	17
 232.0	17
 233.0	21
 234.0	18.1
 235.0	33.125
 236.0	23
 237.0	27
 238.0	20.8333
 239.0	18.5
 240.0	28
 241.0	24
 242.0	13
 243.0	28.3333
 244.0	20
 245.0	20.5
 246.0	14.5
 247.0	13
 248.0	23.7
 249.0	25.1429
 250.0	16.1111
 251.0	19
 252.0	20
 253.0	25.5909
 254.0	25.5
 255.0	12.125
 256.0	17
 257.0	23
 258.0	21.1667
 259.0	13
 260.0	17
 261.0	19
 262.0	20
 263.0	23
 264.0	20.5
 265.0	21
 266.0	19.1667
 267.0	23
 268.0	17
 269.0	18.0833
 270.0	16
 271.0	21
 272.0	22
 273.0	23.5
 274.0	13
 275.0	15.125
 276.0	22.2
 277.0	25
 278.0	19.3333
 279.0	19.0833
 280.0	23
 281.0	21
 282.0	15
 283.0	17
 284.0	15.5
 285.0	20.2
 286.0	18
 287.0	24
 288.0	21
 289.0	20.25
 290.0	30
 291.0	16.2
 292.0	18
 293.0	14.3333
 294.0	20.5
 295.0	24
 296.0	13
 297.0	30
 298.0	22
 299.0	20.6944
 300.0	19.5
 301.0	27.0909
 302.0	26
 303.0	17.5
 304.0	22.5
 305.0	21.3333
 306.0	18.5
 307.0	25
 308.0	28.5
 309.0	17.5833
 310.0	18
 311.0	25
 312.0	20.5
 313.0	17
 314.0	11
 315.0	27.0833
 316.0	15.3333
 317.0	16
 318.0	21.5
 319.0	12.1667
 320.0	16.1429
 321.0	24
 322.0	17.2
 323.0	14.5
 324.0	18
 325.0	21
DB 1 MOTIF	KLF3_HUMAN.H11MO.0.B
-322.5	34
-321.5	26
-320.5	27
-319.5	27.5
-318.5	19
-317.5	26
-316.5	16
-315.5	21
-314.5	21
-313.5	23.5
-312.5	20
-311.5	18
-310.5	21
-309.5	27
-308.5	22
-307.5	22
-306.5	19
-305.5	21.25
-304.5	27.5
-303.5	25.5
-302.5	24
-301.5	25
-300.5	24
-299.5	27
-298.5	17
-297.5	23
-296.5	24
-295.5	21
-294.5	24
-293.5	20.5
-292.5	26
-291.5	23
-290.5	21.25
-289.5	17
-288.5	24.5
-287.5	20
-286.5	19.1429
-285.5	17
-284.5	29
-283.5	22.5
-282.5	17.6667
-281.5	18
-280.5	28.125
-279.5	25
-278.5	21
-277.5	22
-276.5	14.3429
-275.5	22
-274.5	21.0909
-273.5	26.8333
-272.5	21.5
-271.5	23.1111
-270.5	18
-269.5	23.5
-268.5	23
-267.5	21
-266.5	26.5
-265.5	30.5
-264.5	21
-263.5	25
-262.5	23.5
-261.5	23.5
-260.5	22
-259.5	22
-258.5	27
-257.5	23
-256.5	17
-255.5	22.5
-254.5	21
-253.5	28
-252.5	17
-251.5	20
-250.5	17
-249.5	26
-248.5	24
-247.5	18.1429
-246.5	18
-245.5	29
-244.5	25
-243.5	15
-242.5	23.5
-241.5	18.5
-240.5	16
-239.5	21.2
-238.5	22
-237.5	22.6429
-236.5	24.1111
-235.5	25.1667
-234.5	17
-233.5	19
-232.5	24.625
-231.5	29.25
-230.5	15.5
-229.5	27
-228.5	22
-227.5	16.3333
-226.5	17.0909
-225.5	18
-224.5	24.1111
-223.5	14.25
-222.5	30
-221.5	29.3333
-220.5	26.5
-219.5	23
-218.5	18.1429
-217.5	24
-216.5	18.5
-215.5	15.6667
-214.5	19
-213.5	23
-212.5	19
-211.5	21
-210.5	26
-209.5	14
-208.5	20
-207.5	14.5
-206.5	25.5
-205.5	20
-204.5	36
-203.5	25
-202.5	22.5
-201.5	17.5
-200.5	21
-199.5	23
-198.5	19.8333
-197.5	18
-196.5	17
-195.5	18.5
-194.5	23
-193.5	32
-192.5	19
-191.5	23
-190.5	19
-189.5	17.6429
-188.5	17.3095
-187.5	23.2
-186.5	19
-185.5	18
-184.5	19.2
-183.5	24.125
-182.5	23
-181.5	22.5
-180.5	21
-179.5	25.5
-178.5	19
-177.5	31
-176.5	28
-175.5	23.0909
-174.5	29.5
-173.5	30
-172.5	31.25
-171.5	19
-170.5	19
-169.5	33.5
-168.5	26
-167.5	25.5
-166.5	23
-165.5	24.3333
-164.5	22.5
-163.5	22.25
-162.5	15.5
-161.5	22
-160.5	22
-159.5	23
-158.5	30
-157.5	17.1429
-156.5	29.25
-155.5	19.5
-154.5	17
-153.5	24
-152.5	23
-151.5	20
-150.5	27.5
-149.5	20
-148.5	33.5
-147.5	22
-146.5	19
-145.5	27.5
-144.5	21
-143.5	18
-142.5	20
-141.5	16.1667
-140.5	29
-139.5	32.6111
-138.5	21.3429
-137.5	27
-136.5	25.5
-135.5	26.7
-134.5	21.125
-133.5	19
-132.5	23.8333
-131.5	21
-130.5	18.1111
-129.5	18.25
-128.5	38.5
-127.5	22
-126.5	26.0909
-125.5	25.1429
-124.5	25.5
-123.5	20
-122.5	21
-121.5	19
-120.5	18.5
-119.5	25
-118.5	23
-117.5	29
-116.5	26.5
-115.5	19.5
-114.5	30
-113.5	16
-112.5	28
-111.5	20.125
-110.5	18
-109.5	23
-108.5	36
-107.5	23.4167
-106.5	26.5
-105.5	34
-104.5	23
-103.5	29
-102.5	30
-101.5	21
-100.5	25
 -99.5	17.5
 -98.5	30
 -97.5	21.5
 -96.5	24
 -95.5	17.75
 -94.5	28.9167
 -93.5	12.1429
 -92.5	29
 -91.5	28
 -90.5	22.1429
 -89.5	21
 -88.5	18
 -87.5	19
 -86.5	19.5
 -85.5	18.625
 -84.5	23.75
 -83.5	21.3111
 -82.5	18
 -81.5	24
 -80.5	22.5
 -79.5	19
 -78.5	28.0909
 -77.5	23.5833
 -76.5	17
 -75.5	25
 -74.5	23.5
 -73.5	23
 -72.5	17
 -71.5	22.5
 -70.5	25
 -69.5	21
 -68.5	22
 -67.5	25.75
 -66.5	20
 -65.5	19
 -64.5	23.5
 -63.5	16.5
 -62.5	19.75
 -61.5	30.25
 -60.5	23.125
 -59.5	17
 -58.5	24
 -57.5	28.3333
 -56.5	17
 -55.5	24
 -54.5	23
 -53.5	20
 -52.5	25.7
 -51.5	28
 -50.5	25.1429
 -49.5	29
 -48.5	25
 -47.5	25.4167
 -46.5	25
 -45.5	20
 -44.5	28.25
 -43.5	30.5
 -42.5	22.254
 -41.5	21
 -40.5	30
 -39.5	17.5
 -38.5	18
 -37.5	21
 -36.5	24.2361
 -35.5	22
 -34.5	24
 -33.5	22
 -32.5	22.5
 -31.5	24.2
 -30.5	17.25
 -29.5	25.0909
 -28.5	31
 -27.5	19.25
 -26.5	23.25
 -25.5	21
 -24.5	21
 -23.5	28.5
 -22.5	28.25
 -21.5	24
 -20.5	19
 -19.5	31.5
 -18.5	22
 -17.5	22.25
 -16.5	22.5
 -15.5	22
 -14.5	15.5
 -13.5	19
 -12.5	16.6429
 -11.5	24
 -10.5	33
  -9.5	25.625
  -8.5	25.8333
  -7.5	23
  -6.5	21
  -5.5	18.25
  -4.5	19
  -3.5	35.7
  -2.5	22
  -1.5	21
  -0.5	27.2
   0.5	24
   1.5	23.25
   2.5	21
   3.5	23
   4.5	26.3333
   5.5	22
   6.5	22
   7.5	19.1429
   8.5	18
   9.5	23
  10.5	21.1111
  11.5	23
  12.5	29.5
  13.5	16.6429
  14.5	24
  15.5	21.25
  16.5	38
  17.5	32
  18.5	26
  19.5	20.0909
  20.5	19
  21.5	25.25
  22.5	22
  23.5	34
  24.5	30
  25.5	37.1429
  26.5	19
  27.5	31
  28.5	27
  29.5	13
  30.5	16
  31.5	20
  32.5	27
  33.5	27
  34.5	29.1667
  35.5	16.5
  36.5	26.5
  37.5	17
  38.5	28
  39.5	32
  40.5	18
  41.5	18.125
  42.5	21
  43.5	34.5
  44.5	16
  45.5	21.2
  46.5	21.5
  47.5	26
  48.5	24.5
  49.5	30.75
  50.5	22
  51.5	18
  52.5	25
  53.5	30.1111
  54.5	31
  55.5	24
  56.5	23
  57.5	15.1111
  58.5	24.3333
  59.5	33.625
  60.5	29.5
  61.5	32
  62.5	29
  63.5	19.1429
  64.5	24
  65.5	18.25
  66.5	24
  67.5	16.3333
  68.5	25.5
  69.5	20.5909
  70.5	19.2
  71.5	17.5
  72.5	26
  73.5	17
  74.5	19
  75.5	25.5
  76.5	18
  77.5	19
  78.5	27
  79.5	21
  80.5	18
  81.5	23.3333
  82.5	25.5
  83.5	23
  84.5	23
  85.5	12.5
  86.5	31.5
  87.5	20
  88.5	23
  89.5	17
  90.5	21.5
  91.5	21.3333
  92.5	26.125
  93.5	22
  94.5	28.7
  95.5	31
  96.5	20.8333
  97.5	23
  98.5	23
  99.5	20.6667
 100.5	15
 101.5	23.3333
 102.5	18.3611
 103.5	19.5
 104.5	21.1111
 105.5	25.5
 106.5	22.5
 107.5	25
 108.5	23
 109.5	20.25
 110.5	22
 111.5	24
 112.5	28
 113.5	20
 114.5	14.5
 115.5	18
 116.5	21
 117.5	28.0909
 118.5	17.8333
 119.5	20
 120.5	15.5
 121.5	29
 122.5	22.2
 123.5	20.5
 124.5	25
 125.5	23.2
 126.5	23.3333
 127.5	26.5
 128.5	28.3333
 129.5	15
 130.5	19
 131.5	13
 132.5	27.3333
 133.5	32
 134.5	34
 135.5	10
 136.5	11
 137.5	26
 138.5	27
 139.5	23
 140.5	24
 141.5	23.1429
 142.5	20
 143.5	25.125
 144.5	24
 145.5	22
 146.5	24
 147.5	25.5
 148.5	24
 149.5	20.5
 150.5	18.1111
 151.5	15.4444
 152.5	29.5
 153.5	22
 154.5	29.125
 155.5	33
 156.5	30
 157.5	26
 158.5	30
 159.5	26
 160.5	32.3333
 161.5	18
 162.5	23.2
 163.5	18
 164.5	30.5
 165.5	25.0909
 166.5	18
 167.5	29.75
 168.5	23
 169.5	20.1667
 170.5	37.5
 171.5	28.2
 172.5	21
 173.5	17
 174.5	20.7
 175.5	19.5
 176.5	35.1667
 177.5	19.3333
 178.5	26.8333
 179.5	27.1429
 180.5	28
 181.5	30
 182.5	19
 183.5	27.25
 184.5	20
 185.5	24
 186.5	25
 187.5	30.5
 188.5	22
 189.5	23.5
 190.5	23
 191.5	16.2
 192.5	34.5
 193.5	22
 194.5	19.125
 195.5	25
 196.5	28
 197.5	27.5
 198.5	19.25
 199.5	23.5111
 200.5	18
 201.5	18
 202.5	15
 203.5	26
 204.5	20
 205.5	20
 206.5	27
 207.5	28.3333
 208.5	22
 209.5	18
 210.5	24.5
 211.5	20
 212.5	23
 213.5	28
 214.5	17.7
 215.5	25.0909
 216.5	19
 217.5	17.5
 218.5	29
 219.5	26
 220.5	23
 221.5	25
 222.5	32
 223.5	25
 224.5	16
 225.5	21.75
 226.5	23.8667
 227.5	20
 228.5	19
 229.5	22
 230.5	14
 231.5	20
 232.5	27
 233.5	28
 234.5	23
 235.5	17
 236.5	18.2
 237.5	17.5
 238.5	21
 239.5	20
 240.5	22
 241.5	20
 242.5	29
 243.5	23
 244.5	19.2
 245.5	22.125
 246.5	19.1667
 247.5	20.1111
 248.5	20
 249.5	19
 250.5	16
 251.5	23
 252.5	18.25
 253.5	19
 254.5	22
 255.5	27
 256.5	14
 257.5	13
 258.5	15
 259.5	26
 260.5	21
 261.5	19
 262.5	23.3333
 263.5	22
 264.5	19
 265.5	23
 266.5	30
 267.5	19
 268.5	15
 269.5	17
 270.5	25
 271.5	16
 272.5	16
 273.5	28.2
 274.5	19.2
 275.5	19
 276.5	21.5
 277.5	21
 278.5	19.2
 279.5	24
 280.5	24
 281.5	16
 282.5	21
 283.5	23
 284.5	18
 285.5	18
 286.5	22.6667
 287.5	21
 288.5	21.2
 289.5	25
 290.5	18
 291.5	25
 292.5	21
 293.5	16
 294.5	17
 295.5	21
 296.5	26.4444
 297.5	27
 298.5	20.6667
 299.5	17
 300.5	24.5
 301.5	24
 302.5	22.5
 303.5	21
 304.5	28
 305.5	31
 306.5	21.3333
 307.5	18
 308.5	22
 309.5	26.5
 310.5	19.5
 311.5	18
 312.5	30
 313.5	18
 314.5	19
 315.5	19.3333
 316.5	14
 317.5	15.1667
 318.5	25
 319.5	22
 320.5	25
 321.5	20
 322.5	23
DB 1 MOTIF	KLF8_HUMAN.H11MO.0.C
-327.5	22.0333
-326.5	21
-325.5	19.25
-324.5	25
-323.5	23
-322.5	24.0714
-321.5	20
-320.5	21.5
-319.5	21
-318.5	21
-317.5	21.25
-316.5	28
-315.5	29.5
-314.5	14.25
-313.5	20
-312.5	24
-311.5	9.33333
-310.5	25.5
-309.5	23.1
-308.5	17.8333
-307.5	19
-306.5	24.5
-305.5	14.5
-304.5	26
-303.5	23.5
-302.5	15.6
-301.5	22
-300.5	20.5
-299.5	13
-298.5	17
-297.5	20
-296.5	20
-295.5	16.75
-294.5	16.3333
-293.5	20
-292.5	16
-291.5	22.1667
-290.5	18.5
-289.5	22.2
-288.5	16
-287.5	17
-286.5	21
-285.5	20
-284.5	15.5
-283.5	25.5
-282.5	18.5
-281.5	12.0909
-280.5	20
-279.5	22
-278.5	20
-277.5	16.75
-276.5	28.5
-275.5	18.0714
-274.5	15
-273.5	19.5
-272.5	25.75
-271.5	24.1
-270.5	23
-269.5	28.5
-268.5	23.1111
-267.5	22
-266.5	24.1429
-265.5	29.5
-264.5	26.5
-263.5	13
-262.5	14.8333
-261.5	18.5833
-260.5	19
-259.5	17
-258.5	18.3333
-257.5	23
-256.5	27.5
-255.5	20
-254.5	16
-253.5	25.6
-252.5	18
-251.5	13.5
-250.5	24.5
-249.5	29
-248.5	15.3333
-247.5	10
-246.5	18
-245.5	24
-244.5	22
-243.5	23
-242.5	13.1667
-241.5	13
-240.5	22
-239.5	20.3333
-238.5	19.5
-237.5	19.2778
-236.5	21.0333
-235.5	15.702
-234.5	20
-233.5	17.0909
-232.5	23.2778
-231.5	20.5
-230.5	16.5
-229.5	25.5
-228.5	19
-227.5	27.5
-226.5	20.7143
-225.5	22.75
-224.5	20.5
-223.5	22.8333
-222.5	18.0909
-221.5	18
-220.5	22
-219.5	11.2
-218.5	18.25
-217.5	20
-216.5	14
-215.5	23.5
-214.5	15.5
-213.5	14
-212.5	20
-211.5	18.5
-210.5	19.5
-209.5	26.8333
-208.5	23.5
-207.5	24
-206.5	24.25
-205.5	24.3333
-204.5	23.5
-203.5	23
-202.5	20
-201.5	20.5333
-200.5	20.5
-199.5	18.8333
-198.5	25.2
-197.5	21.1
-196.5	20.5
-195.5	21.5
-194.5	14
-193.5	17
-192.5	22.5909
-191.5	25.625
-190.5	24.125
-189.5	22.45
-188.5	29
-187.5	29
-186.5	20.8929
-185.5	15.6667
-184.5	17.2576
-183.5	20.3333
-182.5	24.5714
-181.5	31
-180.5	21
-179.5	16.5
-178.5	19.1111
-177.5	20.5
-176.5	25
-175.5	18.8333
-174.5	19
-173.5	21.25
-172.5	26
-171.5	22.5
-170.5	13.8333
-169.5	26.3333
-168.5	23
-167.5	21.5
-166.5	23.5
-165.5	18.6667
-164.5	17.0833
-163.5	26.6667
-162.5	18.0909
-161.5	21
-160.5	27.25
-159.5	27.7556
-158.5	27
-157.5	19
-156.5	17
-155.5	24.875
-154.5	31.125
-153.5	18
-152.5	26
-151.5	19
-150.5	15.5
-149.5	23.5
-148.5	25
-147.5	25.1111
-146.5	28.3429
-145.5	15.5
-144.5	20.5
-143.5	28.3333
-142.5	20.5909
-141.5	19
-140.5	22.2361
-139.5	22.5
-138.5	19.5
-137.5	15.75
-136.5	27.1667
-135.5	19.9123
-134.5	16.5
-133.5	23.5
-132.5	17.5909
-131.5	18.8333
-130.5	18.5
-129.5	27
-128.5	26
-127.5	18.75
-126.5	27.5833
-125.5	27.25
-124.5	27.9028
-123.5	15
-122.5	24
-121.5	21.5
-120.5	24.375
-119.5	17
-118.5	22.5
-117.5	19.6667
-116.5	24.5
-115.5	30
-114.5	22.3667
-113.5	29.75
-112.5	18.5
-111.5	20.5
-110.5	21.4242
-109.5	19.5
-108.5	21.5
-107.5	25
-106.5	32.6429
-105.5	19.5
-104.5	26.5
-103.5	30
-102.5	24.8409
-101.5	20
-100.5	32
 -99.5	24.5
 -98.5	17
 -97.5	26.25
 -96.5	19.5
 -95.5	24.25
 -94.5	18.5
 -93.5	23.3333
 -92.5	24.75
 -91.5	18
 -90.5	15.1111
 -89.5	16.375
 -88.5	21.0714
 -87.5	18
 -86.5	25.5909
 -85.5	29.125
 -84.5	31.25
 -83.5	27.6667
 -82.5	20
 -81.5	20.25
 -80.5	23
 -79.5	21.5
 -78.5	28
 -77.5	23
 -76.5	24
 -75.5	25.6667
 -74.5	23.2
 -73.5	25.2
 -72.5	26.0909
 -71.5	27
 -70.5	21.7778
 -69.5	18.8333
 -68.5	19
 -67.5	20.4222
 -66.5	15.8095
 -65.5	24.7
 -64.5	24.5
 -63.5	23.75
 -62.5	18.5
 -61.5	32
 -60.5	23.3333
 -59.5	21
 -58.5	17.6833
 -57.5	17.25
 -56.5	21
 -55.5	27
 -54.5	17.8333
 -53.5	19.95
 -52.5	23
 -51.5	29.3333
 -50.5	18.125
 -49.5	27.75
 -48.5	23.25
 -47.5	25.5
 -46.5	31.0909
 -45.5	16
 -44.5	32.75
 -43.5	29.3111
 -42.5	22.0909
 -41.5	21.3667
 -40.5	24
 -39.5	24.9048
 -38.5	21.625
 -37.5	25.0909
 -36.5	31
 -35.5	21
 -34.5	21.7
 -33.5	17.6667
 -32.5	23.6806
 -31.5	27
 -30.5	19
 -29.5	19
 -28.5	40.5
 -27.5	24.5
 -26.5	23.1429
 -25.5	23.5
 -24.5	19.25
 -23.5	25.3333
 -22.5	24.1111
 -21.5	26.5
 -20.5	17.5
 -19.5	24.4333
 -18.5	25.3333
 -17.5	29.5
 -16.5	23.6111
 -15.5	22.125
 -14.5	19.0909
 -13.5	17.6667
 -12.5	27.0909
 -11.5	31.25
 -10.5	24
  -9.5	26
  -8.5	20.5
  -7.5	19
  -6.5	19.3111
  -5.5	25.5
  -4.5	20.2
  -3.5	23
  -2.5	24.3083
  -1.5	23.5
  -0.5	28
   0.5	26
   1.5	23.5
   2.5	27.0556
   3.5	20.5
   4.5	21
   5.5	26
   6.5	15.2
   7.5	28.5714
   8.5	26.5
   9.5	21
  10.5	30.1667
  11.5	25.6111
  12.5	21.825
  13.5	16.5
  14.5	26
  15.5	31
  16.5	23
  17.5	25.2576
  18.5	19.75
  19.5	21.125
  20.5	27
  21.5	22
  22.5	19.5
  23.5	14.6667
  24.5	27.5556
  25.5	25
  26.5	27.3333
  27.5	15
  28.5	22
  29.5	19
  30.5	26.25
  31.5	21.75
  32.5	19.2917
  33.5	23.5
  34.5	32
  35.5	24
  36.5	29
  37.5	19.1111
  38.5	27.5
  39.5	18
  40.5	32.6667
  41.5	20.5
  42.5	27.5
  43.5	20.1667
  44.5	14.5
  45.5	19.5
  46.5	20.5556
  47.5	27.0909
  48.5	15
  49.5	22.0909
  50.5	19.5
  51.5	21.3333
  52.5	19.9444
  53.5	21.1
  54.5	24.0714
  55.5	15.5
  56.5	24.5
  57.5	21.5
  58.5	24.3826
  59.5	19
  60.5	19.5
  61.5	20
  62.5	16.5
  63.5	29.125
  64.5	18.3333
  65.5	20.3333
  66.5	24
  67.5	20.5
  68.5	23.5556
  69.5	33.25
  70.5	23
  71.5	24
  72.5	16.625
  73.5	24.1
  74.5	17
  75.5	18
  76.5	27.6667
  77.5	20.5909
  78.5	23.5
  79.5	23.8111
  80.5	23.5909
  81.5	18
  82.5	24.8333
  83.5	36.2
  84.5	22.1667
  85.5	22
  86.5	23.1667
  87.5	21
  88.5	18.8333
  89.5	23.3333
  90.5	17.0556
  91.5	29.6111
  92.5	19.6667
  93.5	13.2
  94.5	25.5
  95.5	16.5
  96.5	20
  97.5	25
  98.5	19.1667
  99.5	22.5
 100.5	13.5
 101.5	21.6825
 102.5	25
 103.5	18
 104.5	27.8333
 105.5	16.6
 106.5	25.3333
 107.5	17.3333
 108.5	20.6667
 109.5	21.1667
 110.5	28.1667
 111.5	26
 112.5	24.7639
 113.5	19.5
 114.5	24.625
 115.5	18.5
 116.5	28
 117.5	23
 118.5	26
 119.5	22.625
 120.5	25
 121.5	23.254
 122.5	19
 123.5	20.5833
 124.5	16
 125.5	24.5
 126.5	28
 127.5	17.5
 128.5	21.5
 129.5	21
 130.5	20.5
 131.5	19.5
 132.5	20
 133.5	19.5
 134.5	19.5556
 135.5	16
 136.5	18
 137.5	20
 138.5	19
 139.5	25
 140.5	13.125
 141.5	21
 142.5	24.4242
 143.5	15
 144.5	17
 145.5	29.1111
 146.5	24.5
 147.5	27.8611
 148.5	27.0714
 149.5	27.7361
 150.5	17.6429
 151.5	30.2
 152.5	13.4583
 153.5	15.9242
 154.5	15.6111
 155.5	24.8333
 156.5	13.0556
 157.5	17
 158.5	21
 159.5	17.1667
 160.5	21.125
 161.5	15.6667
 162.5	23
 163.5	17
 164.5	18.5
 165.5	29.6
 166.5	25
 167.5	19
 168.5	14.0833
 169.5	12.1
 170.5	24.5
 171.5	20
 172.5	18.5
 173.5	22.7
 174.5	24.5909
 175.5	27
 176.5	17.3333
 177.5	25.5
 178.5	16.1667
 179.5	16.6429
 180.5	23.7083
 181.5	14
 182.5	21.3333
 183.5	21.8333
 184.5	22.5
 185.5	16
 186.5	21
 187.5	24.1111
 188.5	15.5
 189.5	25
 190.5	16.2
 191.5	21.0556
 192.5	25.2917
 193.5	17
 194.5	27.2
 195.5	18.9048
 196.5	9
 197.5	21
 198.5	23.1111
 199.5	20.3611
 200.5	17.125
 201.5	19.6909
 202.5	19.5
 203.5	18
 204.5	22.8333
 205.5	23
 206.5	28.0909
 207.5	11.5
 208.5	16.4762
 209.5	20.125
 210.5	15.5833
 211.5	25
 212.5	18.3333
 213.5	22
 214.5	20
 215.5	17.5
 216.5	17.1111
 217.5	22.5
 218.5	16.25
 219.5	21
 220.5	17.125
 221.5	18.6
 222.5	18
 223.5	19.5
 224.5	17.1111
 225.5	28.5
 226.5	23.0556
 227.5	24.5
 228.5	22.5
 229.5	17
 230.5	20
 231.5	18
 232.5	19.125
 233.5	23
 234.5	26
 235.5	16
 236.5	25.3333
 237.5	23.2338
 238.5	17.1667
 239.5	20.8333
 240.5	16.375
 241.5	21.5
 242.5	19.5714
 243.5	24.6667
 244.5	16
 245.5	19
 246.5	22.6111
 247.5	17
 248.5	23.5556
 249.5	20.0909
 250.5	17.5
 251.5	26.5
 252.5	18.25
 253.5	18
 254.5	18.5
 255.5	21.3333
 256.5	23
 257.5	22
 258.5	12
 259.5	20.3333
 260.5	15.625
 261.5	17.5
 262.5	18
 263.5	20
 264.5	16.5
 265.5	28.6
 266.5	28.1429
 267.5	16
 268.5	21.5
 269.5	17
 270.5	23.5556
 271.5	9.25
 272.5	24.625
 273.5	15.75
 274.5	18.3333
 275.5	13
 276.5	19.5
 277.5	27
 278.5	18
 279.5	21
 280.5	18.2917
 281.5	12.5
 282.5	18.75
 283.5	14.5
 284.5	18.6111
 285.5	19
 286.5	20.5
 287.5	21.2
 288.5	14
 289.5	16
 290.5	22
 291.5	13.5714
 292.5	21.1667
 293.5	25.5
 294.5	22.0833
 295.5	12.254
 296.5	19.1
 297.5	16.5909
 298.5	20
 299.5	29.6667
 300.5	16.3333
 301.5	16
 302.5	23
 303.5	18.5
 304.5	21.6
 305.5	19
 306.5	17
 307.5	15.5
 308.5	26
 309.5	23
 310.5	21
 311.5	15
 312.5	17.125
 313.5	18.5
 314.5	21.3889
 315.5	16
 316.5	19
 317.5	25
 318.5	7.5
 319.5	24.3333
 320.5	16
 321.5	20
 322.5	8.2
 323.5	15
 324.5	21.25
 325.5	18.8333
 326.5	21.5
 327.5	25.1111
DB 1 MOTIF	KLF9_HUMAN.H11MO.0.C
-324.5	17
-323.5	16
-322.5	20
-321.5	15.5
-320.5	12.5
-319.5	13
-318.5	18
-317.5	14
-316.5	17.5
-315.5	8
-314.5	14.5
-313.5	9
-312.5	9
-311.5	16.5
-310.5	16
-309.5	9
-308.5	24
-307.5	9
-306.5	16
-305.5	18
-304.5	12
-303.5	12
-302.5	19
-301.5	16
-300.5	17
-299.5	20
-298.5	13
-297.5	11
-296.5	8.5
-295.5	18
-294.5	12
-293.5	17
-292.5	14
-291.5	16
-290.5	17
-289.5	20
-288.5	16
-287.5	18
-286.5	9
-285.5	16
-284.5	20
-283.5	20.6667
-282.5	11.5
-281.5	15
-280.5	16
-279.5	14.1429
-278.5	13
-277.5	14.0909
-276.5	16
-275.5	15.454
-274.5	17.3333
-273.5	18
-272.5	9.11111
-271.5	16
-270.5	13
-269.5	11
-268.5	9.25
-267.5	17
-266.5	20
-265.5	18
-264.5	18.5
-263.5	19
-262.5	10.5
-261.5	15
-260.5	17.5
-259.5	16
-258.5	12
-257.5	10
-256.5	22
-255.5	17
-254.5	9
-253.5	17
-252.5	12
-251.5	17
-250.5	11
-249.5	14.5
-248.5	7
-247.5	14.5
-246.5	20.1111
-245.5	10
-244.5	21
-243.5	12.5
-242.5	11
-241.5	17.1429
-240.5	12
-239.5	5
-238.5	14.5
-237.5	23
-236.5	17.1667
-235.5	8
-234.5	11.2
-233.5	17.8333
-232.5	17.5
-231.5	15.5
-230.5	15
-229.5	16.5909
-228.5	15.7
-227.5	15
-226.5	15
-225.5	21.1111
-224.5	12
-223.5	16
-222.5	12.2
-221.5	7
-220.5	20
-219.5	14
-218.5	15
-217.5	11.1111
-216.5	17.2
-215.5	17
-214.5	9
-213.5	18
-212.5	15
-211.5	18.5
-210.5	9.7
-209.5	18
-208.5	10
-207.5	10
-206.5	18
-205.5	12
-204.5	12
-203.5	16.6429
-202.5	23
-201.5	17.5
-200.5	11.5
-199.5	17
-198.5	25.5
-197.5	14
-196.5	17
-195.5	13
-194.5	18.6429
-193.5	17
-192.5	21
-191.5	18
-190.5	16
-189.5	12.1667
-188.5	10.1111
-187.5	14
-186.5	14
-185.5	14
-184.5	12
-183.5	16.2
-182.5	14.75
-181.5	15
-180.5	14.0909
-179.5	15
-178.5	21
-177.5	14.5
-176.5	17
-175.5	12
-174.5	16
-173.5	20.5
-172.5	24
-171.5	13
-170.5	11
-169.5	21
-168.5	16.3333
-167.5	20.3333
-166.5	18.3333
-165.5	14.1429
-164.5	20
-163.5	13.3333
-162.5	18.25
-161.5	18
-160.5	19.3333
-159.5	15
-158.5	9.33333
-157.5	11.1429
-156.5	12.1111
-155.5	10
-154.5	12.1667
-153.5	16.3333
-152.5	12
-151.5	16
-150.5	18
-149.5	19
-148.5	11
-147.5	11
-146.5	14
-145.5	8
-144.5	20.25
-143.5	12
-142.5	12.1667
-141.5	13
-140.5	18
-139.5	18
-138.5	25.5
-137.5	15.2
-136.5	17.8333
-135.5	17
-134.5	18
-133.5	18
-132.5	22
-131.5	11.702
-130.5	12
-129.5	21.5
-128.5	18.25
-127.5	17.5357
-126.5	18
-125.5	13
-124.5	15.6111
-123.5	17.5
-122.5	10
-121.5	14
-120.5	16
-119.5	15
-118.5	17.1667
-117.5	16.3333
-116.5	19
-115.5	21
-114.5	16
-113.5	14
-112.5	15
-111.5	15.5
-110.5	14
-109.5	19
-108.5	20
-107.5	19
-106.5	18
-105.5	15
-104.5	17
-103.5	14
-102.5	20
-101.5	11
-100.5	11
 -99.5	21
 -98.5	15
 -97.5	14
 -96.5	17.5
 -95.5	8.16667
 -94.5	11.25
 -93.5	19
 -92.5	11.1111
 -91.5	16.25
 -90.5	17
 -89.5	10.1429
 -88.5	9
 -87.5	20
 -86.5	17.5
 -85.5	13.3333
 -84.5	10.6111
 -83.5	21
 -82.5	18.2576
 -81.5	19
 -80.5	11.5
 -79.5	16.5
 -78.5	11
 -77.5	12
 -76.5	21
 -75.5	20
 -74.5	13
 -73.5	18.2
 -72.5	13
 -71.5	18
 -70.5	20.5
 -69.5	12
 -68.5	13
 -67.5	9
 -66.5	16
 -65.5	11
 -64.5	13
 -63.5	11
 -62.5	16
 -61.5	18
 -60.5	16.3611
 -59.5	10
 -58.5	21.3333
 -57.5	13
 -56.5	12
 -55.5	12.5833
 -54.5	29
 -53.5	14
 -52.5	15
 -51.5	19.2679
 -50.5	19
 -49.5	16
 -48.5	15.5
 -47.5	13.1667
 -46.5	13.25
 -45.5	17
 -44.5	20
 -43.5	13
 -42.5	10.5
 -41.5	17
 -40.5	16
 -39.5	15.3333
 -38.5	14.1429
 -37.5	20.1111
 -36.5	13
 -35.5	18
 -34.5	13
 -33.5	10.0909
 -32.5	21
 -31.5	12
 -30.5	18
 -29.5	14.5
 -28.5	13.1111
 -27.5	21.5
 -26.5	17
 -25.5	14.25
 -24.5	22
 -23.5	16.5
 -22.5	12
 -21.5	20
 -20.5	24
 -19.5	10.25
 -18.5	17
 -17.5	15
 -16.5	18.3333
 -15.5	27
 -14.5	11
 -13.5	14.125
 -12.5	22
 -11.5	18.1667
 -10.5	25
  -9.5	21
  -8.5	20.6429
  -7.5	16
  -6.5	17
  -5.5	16
  -4.5	22.5
  -3.5	11
  -2.5	20.1429
  -1.5	16
  -0.5	17
   0.5	15.2
   1.5	20.3333
   2.5	20
   3.5	21
   4.5	20
   5.5	16
   6.5	13
   7.5	19.3333
   8.5	14.1429
   9.5	11.1111
  10.5	27
  11.5	21
  12.5	19.625
  13.5	18
  14.5	15
  15.5	17
  16.5	23.25
  17.5	21
  18.5	22
  19.5	18
  20.5	20.5
  21.5	19.5
  22.5	18
  23.5	27.1667
  24.5	18.4583
  25.5	9
  26.5	25.5
  27.5	20
  28.5	13
  29.5	20
  30.5	16
  31.5	18
  32.5	12
  33.5	18.5
  34.5	15
  35.5	20.1429
  36.5	14
  37.5	9
  38.5	14
  39.5	18
  40.5	22
  41.5	9.33333
  42.5	21.5
  43.5	19
  44.5	19.2
  45.5	13
  46.5	13.2
  47.5	22.3333
  48.5	15
  49.5	12.5
  50.5	16
  51.5	20
  52.5	13
  53.5	16
  54.5	18
  55.5	18
  56.5	8.11111
  57.5	20
  58.5	12
  59.5	15
  60.5	22
  61.5	14
  62.5	16.2159
  63.5	13
  64.5	17
  65.5	18
  66.5	15
  67.5	15
  68.5	15
  69.5	10
  70.5	13
  71.5	23
  72.5	16
  73.5	13.3929
  74.5	9.2
  75.5	14.5
  76.5	21
  77.5	11.5
  78.5	17
  79.5	5
  80.5	10
  81.5	14.75
  82.5	8
  83.5	14
  84.5	10
  85.5	15
  86.5	13
  87.5	15
  88.5	10
  89.5	20
  90.5	17
  91.5	17
  92.5	13
  93.5	13
  94.5	21
  95.5	17
  96.5	24
  97.5	15.3333
  98.5	14.3333
  99.5	16
 100.5	11.5
 101.5	10
 102.5	15
 103.5	16.1111
 104.5	19
 105.5	21
 106.5	11
 107.5	16
 108.5	15
 109.5	13
 110.5	13
 111.5	17.1429
 112.5	19.1429
 113.5	15
 114.5	8
 115.5	16.3333
 116.5	15.25
 117.5	11
 118.5	16
 119.5	13
 120.5	19.5
 121.5	17
 122.5	14
 123.5	16
 124.5	11.5
 125.5	13.3333
 126.5	22
 127.5	18
 128.5	16
 129.5	20
 130.5	17
 131.5	9
 132.5	14.5
 133.5	17
 134.5	13
 135.5	19
 136.5	15
 137.5	7
 138.5	17.125
 139.5	13
 140.5	15.125
 141.5	15
 142.5	10
 143.5	20
 144.5	13
 145.5	22
 146.5	15
 147.5	22
 148.5	15.5
 149.5	11.1429
 150.5	17.1111
 151.5	20
 152.5	16
 153.5	24.25
 154.5	13
 155.5	20
 156.5	13
 157.5	15.0909
 158.5	10.125
 159.5	16
 160.5	7
 161.5	22
 162.5	8
 163.5	21.3429
 164.5	11.5
 165.5	18
 166.5	14
 167.5	17
 168.5	22.25
 169.5	22
 170.5	15
 171.5	17
 172.5	14
 173.5	14.5
 174.5	16
 175.5	14.5
 176.5	8
 177.5	15.5
 178.5	8.25
 179.5	18.5
 180.5	14
 181.5	12
 182.5	16.5
 183.5	14
 184.5	16.3333
 185.5	17
 186.5	16
 187.5	22.1429
 188.5	18.5
 189.5	13
 190.5	16
 191.5	20
 192.5	12
 193.5	9.2
 194.5	14.3333
 195.5	16.5833
 196.5	9.5
 197.5	20.2
 198.5	18.125
 199.5	10.25
 200.5	8
 201.5	13
 202.5	13.5
 203.5	13
 204.5	12.3333
 205.5	14.0909
 206.5	19.6667
 207.5	21
 208.5	15
 209.5	17
 210.5	21.1429
 211.5	18
 212.5	10
 213.5	17
 214.5	16
 215.5	16
 216.5	13
 217.5	17
 218.5	8.125
 219.5	12
 220.5	19
 221.5	19
 222.5	17.5
 223.5	9.33333
 224.5	12
 225.5	11.1429
 226.5	13.25
 227.5	16.2
 228.5	15
 229.5	9
 230.5	10
 231.5	14.25
 232.5	19
 233.5	14
 234.5	16
 235.5	17.5
 236.5	14
 237.5	11
 238.5	15.125
 239.5	11.5
 240.5	13.3333
 241.5	13.5
 242.5	15
 243.5	17
 244.5	19
 245.5	13
 246.5	16
 247.5	16
 248.5	17
 249.5	9
 250.5	22
 251.5	16
 252.5	16
 253.5	8.34091
 254.5	12
 255.5	9.33333
 256.5	12.5
 257.5	13.2
 258.5	12.2679
 259.5	14.3333
 260.5	15
 261.5	15
 262.5	17
 263.5	14
 264.5	14
 265.5	19
 266.5	23
 267.5	11.25
 268.5	13
 269.5	12
 270.5	8
 271.5	13
 272.5	20
 273.5	9
 274.5	15
 275.5	13.6429
 276.5	15
 277.5	11
 278.5	15.125
 279.5	23
 280.5	14
 281.5	20
 282.5	14
 283.5	13
 284.5	10
 285.5	18
 286.5	11
 287.5	6.2
 288.5	17.5
 289.5	5
 290.5	14.5
 291.5	19.3333
 292.5	14
 293.5	18.5
 294.5	15
 295.5	9
 296.5	15.5
 297.5	12
 298.5	27
 299.5	13
 300.5	21
 301.5	20.0909
 302.5	18.125
 303.5	14.3929
 304.5	21
 305.5	15
 306.5	15
 307.5	18
 308.5	11.6429
 309.5	13
 310.5	12
 311.5	12.5
 312.5	17
 313.5	21
 314.5	15.8333
 315.5	18
 316.5	15.5333
 317.5	19
 318.5	9
 319.5	9.5
 320.5	11
 321.5	16
 322.5	14
 323.5	17
 324.5	18
DB 1 MOTIF	MAX_HUMAN.H11MO.0.A
-327.0	35.5
-326.0	25
-325.0	19.8125
-324.0	21.5
-323.0	24.5
-322.0	20.1429
-321.0	32.0833
-320.0	29.3333
-319.0	25
-318.0	24.0714
-317.0	21
-316.0	28.5909
-315.0	27.5
-314.0	27
-313.0	33.1429
-312.0	16
-311.0	29
-310.0	22.8333
-309.0	18.0833
-308.0	22.3333
-307.0	26
-306.0	24.5
-305.0	23
-304.0	15
-303.0	26.5
-302.0	25
-301.0	29.0769
-300.0	23.2
-299.0	23
-298.0	24
-297.0	14.7
-296.0	24.6667
-295.0	27.25
-294.0	22.5
-293.0	18
-292.0	16.1
-291.0	33
-290.0	30.5
-289.0	22
-288.0	24
-287.0	17.3214
-286.0	22.3125
-285.0	23
-284.0	19
-283.0	38.5
-282.0	22.5
-281.0	28.5
-280.0	27.6667
-279.0	17.5833
-278.0	25
-277.0	21.5
-276.0	17
-275.0	26.5
-274.0	18
-273.0	28.3333
-272.0	22.5
-271.0	27
-270.0	21.1833
-269.0	22.1429
-268.0	21.5
-267.0	24.1
-266.0	20.625
-265.0	19.25
-264.0	27
-263.0	24
-262.0	18
-261.0	19
-260.0	29
-259.0	26.1484
-258.0	21.5
-257.0	22
-256.0	25
-255.0	19.254
-254.0	29
-253.0	21
-252.0	33
-251.0	18.4167
-250.0	21.8333
-249.0	33
-248.0	22.0714
-247.0	19.6875
-246.0	30.5
-245.0	22.5
-244.0	15
-243.0	23
-242.0	28
-241.0	24
-240.0	19.8333
-239.0	18.5
-238.0	18.5
-237.0	21.8333
-236.0	16.6
-235.0	26.25
-234.0	25.5
-233.0	14.1667
-232.0	23
-231.0	28.625
-230.0	21.2714
-229.0	29.3333
-228.0	27.5
-227.0	19
-226.0	28.1
-225.0	27
-224.0	17.6429
-223.0	25.5
-222.0	20
-221.0	23.5909
-220.0	20.1
-219.0	27.5
-218.0	25.6429
-217.0	18.5769
-216.0	13.3929
-215.0	31
-214.0	19.5
-213.0	27
-212.0	24.125
-211.0	32
-210.0	24.5
-209.0	24.2857
-208.0	29.5625
-207.0	18.2
-206.0	24.625
-205.0	23.35
-204.0	23.5
-203.0	24.5833
-202.0	19.125
-201.0	19
-200.0	25.3333
-199.0	25
-198.0	17
-197.0	28
-196.0	26.125
-195.0	18.5
-194.0	20.6167
-193.0	16
-192.0	28.1111
-191.0	23.2
-190.0	24.3333
-189.0	16
-188.0	28
-187.0	26
-186.0	27.3409
-185.0	17.7
-184.0	25.5
-183.0	22.5
-182.0	23.1
-181.0	24
-180.0	22.9333
-179.0	31
-178.0	20
-177.0	24.125
-176.0	24.0333
-175.0	28.2769
-174.0	21.0714
-173.0	22.3333
-172.0	27.0714
-171.0	20.9167
-170.0	22.1667
-169.0	18.7054
-168.0	23
-167.0	24.8333
-166.0	25.5
-165.0	26.9762
-164.0	22.75
-163.0	23.3429
-162.0	30.1429
-161.0	20.0833
-160.0	30.25
-159.0	33.2
-158.0	26
-157.0	30
-156.0	24.1111
-155.0	20.75
-154.0	26
-153.0	22
-152.0	14.1667
-151.0	30.5
-150.0	34.5
-149.0	20
-148.0	23.5
-147.0	19.5
-146.0	27.7
-145.0	25.0714
-144.0	26.0909
-143.0	22.1
-142.0	23.7679
-141.0	28.3333
-140.0	27
-139.0	16
-138.0	21.1429
-137.0	24.125
-136.0	20.5
-135.0	19
-134.0	25
-133.0	29.5214
-132.0	24.125
-131.0	18.5
-130.0	22.0625
-129.0	23.6111
-128.0	25
-127.0	25
-126.0	32.5
-125.0	9.61667
-124.0	24
-123.0	20.4762
-122.0	30
-121.0	25.8429
-120.0	22.2873
-119.0	29.1429
-118.0	21
-117.0	17.6833
-116.0	26.7714
-115.0	29
-114.0	24
-113.0	21.0909
-112.0	23.6
-111.0	22
-110.0	24.1429
-109.0	16.75
-108.0	20.5
-107.0	29.7917
-106.0	16.2
-105.0	24
-104.0	11.2857
-103.0	22.6111
-102.0	30
-101.0	25
-100.0	23.5
 -99.0	17
 -98.0	30
 -97.0	28.1
 -96.0	36.2
 -95.0	23
 -94.0	22
 -93.0	22.0714
 -92.0	17.1111
 -91.0	24.3394
 -90.0	31.5
 -89.0	23.5909
 -88.0	25.3429
 -87.0	28.625
 -86.0	25.2833
 -85.0	25
 -84.0	28.1429
 -83.0	26.25
 -82.0	25.5
 -81.0	24.0714
 -80.0	32
 -79.0	17.3333
 -78.0	29
 -77.0	23.1429
 -76.0	33.0333
 -75.0	26.5333
 -74.0	21
 -73.0	19.5
 -72.0	21.125
 -71.0	26
 -70.0	33.7
 -69.0	28.125
 -68.0	11.325
 -67.0	26
 -66.0	24.1111
 -65.0	20.85
 -64.0	29.3214
 -63.0	24.5
 -62.0	41.625
 -61.0	32
 -60.0	17.5
 -59.0	26.5
 -58.0	21.0909
 -57.0	32.2857
 -56.0	23.7
 -55.0	22.7
 -54.0	19.6
 -53.0	24.1667
 -52.0	26.0625
 -51.0	18.7159
 -50.0	31.1111
 -49.0	28.4103
 -48.0	18
 -47.0	30.5
 -46.0	18.3929
 -45.0	21
 -44.0	31.1667
 -43.0	24
 -42.0	24.0714
 -41.0	30.6833
 -40.0	21.5
 -39.0	21.5
 -38.0	32.8333
 -37.0	20.9583
 -36.0	21
 -35.0	24.5
 -34.0	13
 -33.0	25.254
 -32.0	30
 -31.0	23
 -30.0	28.25
 -29.0	45.2
 -28.0	27.1429
 -27.0	28.1
 -26.0	24.2
 -25.0	34.0333
 -24.0	33.2
 -23.0	32.1
 -22.0	32.5
 -21.0	31
 -20.0	21.2
 -19.0	37
 -18.0	25.125
 -17.0	24
 -16.0	25.625
 -15.0	26
 -14.0	19
 -13.0	31.5625
 -12.0	28.25
 -11.0	25
 -10.0	32.5
  -9.0	33
  -8.0	30.6714
  -7.0	29.5531
  -6.0	16.5
  -5.0	46
  -4.0	30.2338
  -3.0	28.1111
  -2.0	35.125
  -1.0	26.5
   0.0	24.3333
   1.0	35.125
   2.0	34
   3.0	35.1111
   4.0	27.8333
   5.0	28.5833
   6.0	35
   7.0	32.3333
   8.0	36.702
   9.0	19
  10.0	24.1429
  11.0	23.7338
  12.0	18.7
  13.0	20
  14.0	26.5
  15.0	28.6
  16.0	24
  17.0	29
  18.0	28
  19.0	22.1667
  20.0	30
  21.0	23.0714
  22.0	27.6429
  23.0	20.5
  24.0	20.625
  25.0	29.2
  26.0	24.5625
  27.0	25.6548
  28.0	22
  29.0	26.1
  30.0	24
  31.0	33.0833
  32.0	23
  33.0	21.4107
  34.0	30
  35.0	20.688
  36.0	22.125
  37.0	27.3333
  38.0	25
  39.0	23.1909
  40.0	22
  41.0	27.3333
  42.0	29
  43.0	19.4
  44.0	28
  45.0	33
  46.0	22.5714
  47.0	29.3333
  48.0	27
  49.0	25
  50.0	16.7
  51.0	20.5
  52.0	19.5
  53.0	18.5
  54.0	26.5
  55.0	26.6429
  56.0	25.6111
  57.0	21.0714
  58.0	26.3333
  59.0	21
  60.0	24.1111
  61.0	19.0833
  62.0	31
  63.0	22.25
  64.0	25.7361
  65.0	29.0625
  66.0	19
  67.0	20
  68.0	25.5
  69.0	25.5
  70.0	29.7159
  71.0	33.1
  72.0	27.6429
  73.0	20.1714
  74.0	21.5
  75.0	34
  76.0	24.8333
  77.0	16.2198
  78.0	31.8333
  79.0	25
  80.0	23
  81.0	33
  82.0	22.5
  83.0	29.7
  84.0	18.4583
  85.0	16.9583
  86.0	25.5
  87.0	25.3333
  88.0	36.5
  89.0	23.4333
  90.0	23
  91.0	22
  92.0	21.5
  93.0	28.5
  94.0	25.625
  95.0	17.5833
  96.0	30.5
  97.0	23.6
  98.0	25
  99.0	20
 100.0	24
 101.0	24.5
 102.0	16.0714
 103.0	22
 104.0	27.1534
 105.0	9.5
 106.0	21
 107.0	21
 108.0	26.1111
 109.0	19.3944
 110.0	15.2
 111.0	27.6429
 112.0	39.5
 113.0	31.5
 114.0	26.3333
 115.0	20.3333
 116.0	24.5
 117.0	21.1
 118.0	26
 119.0	16.0769
 120.0	26.1429
 121.0	26
 122.0	22
 123.0	23.6111
 124.0	18
 125.0	28.5
 126.0	25.5
 127.0	20.2
 128.0	19
 129.0	27.4048
 130.0	18.5
 131.0	27.3333
 132.0	19.5833
 133.0	25.3333
 134.0	26
 135.0	22.4583
 136.0	14
 137.0	19.5
 138.0	30
 139.0	25.825
 140.0	9.5
 141.0	21
 142.0	25
 143.0	18.0625
 144.0	19.5
 145.0	24.6667
 146.0	26.5
 147.0	23
 148.0	23.5
 149.0	24.5
 150.0	19.1429
 151.0	18
 152.0	29.5
 153.0	16
 154.0	20.5
 155.0	22.7429
 156.0	32
 157.0	23.5
 158.0	15.1429
 159.0	21
 160.0	22.5
 161.0	17.6769
 162.0	21.702
 163.0	22.0833
 164.0	27.3929
 165.0	25.5167
 166.0	18.125
 167.0	24
 168.0	23.3333
 169.0	14.4242
 170.0	27.1111
 171.0	25.5
 172.0	27.5
 173.0	24
 174.0	21
 175.0	24.0333
 176.0	31.5
 177.0	27.7
 178.0	25
 179.0	20
 180.0	16.5
 181.0	14.5
 182.0	23.0625
 183.0	18.6
 184.0	20
 185.0	12.5
 186.0	19.7361
 187.0	14.2
 188.0	19.5
 189.0	28.5
 190.0	20.25
 191.0	20.1
 192.0	17
 193.0	20.5671
 194.0	17
 195.0	25.0833
 196.0	27
 197.0	29.5714
 198.0	30.3333
 199.0	31.5
 200.0	22.25
 201.0	21
 202.0	27
 203.0	27.4103
 204.0	16.5
 205.0	26.1
 206.0	26.75
 207.0	24.5
 208.0	10.8588
 209.0	20.1111
 210.0	19.5
 211.0	12
 212.0	27
 213.0	26.5
 214.0	28.2
 215.0	17.6111
 216.0	20.6667
 217.0	19
 218.0	26.5
 219.0	24.5
 220.0	29.5
 221.0	21.0625
 222.0	19
 223.0	21
 224.0	17.5
 225.0	25
 226.0	18.5
 227.0	24.0833
 228.0	22.5714
 229.0	20.5
 230.0	24
 231.0	20
 232.0	26
 233.0	22.5
 234.0	26.4583
 235.0	21.5
 236.0	23
 237.0	15.625
 238.0	24.5
 239.0	21.5242
 240.0	26.5
 241.0	21
 242.0	25
 243.0	22
 244.0	36.1667
 245.0	26
 246.0	22.6667
 247.0	12
 248.0	22.75
 249.0	16.2111
 250.0	23.5
 251.0	20
 252.0	31.1429
 253.0	22
 254.0	20.5
 255.0	26.4242
 256.0	23.3333
 257.0	21.5
 258.0	19.7
 259.0	12.4167
 260.0	21.5625
 261.0	21
 262.0	25
 263.0	29.3333
 264.0	27
 265.0	22.0714
 266.0	15.5
 267.0	27
 268.0	19.6111
 269.0	29.3333
 270.0	19.0833
 271.0	23.5
 272.0	19.5
 273.0	16.5
 274.0	22
 275.0	32
 276.0	23
 277.0	17.625
 278.0	20
 279.0	25
 280.0	21
 281.0	32
 282.0	21.5
 283.0	16
 284.0	21
 285.0	24.5
 286.0	24.5
 287.0	31.5
 288.0	18
 289.0	24
 290.0	29.25
 291.0	28
 292.0	28
 293.0	18.1833
 294.0	14
 295.0	21.3143
 296.0	23.5
 297.0	18
 298.0	25
 299.0	23.5
 300.0	24
 301.0	17
 302.0	24
 303.0	19.5
 304.0	30
 305.0	20
 306.0	17.1429
 307.0	28
 308.0	27
 309.0	23.5
 310.0	28
 311.0	28
 312.0	21.5
 313.0	20.0909
 314.0	27.5
 315.0	20
 316.0	27
 317.0	19
 318.0	19
 319.0	14.5
 320.0	19
 321.0	27.1
 322.0	26
 323.0	17
 324.0	24
 325.0	15
 326.0	21.5
 327.0	28.0833
DB 1 MOTIF	MBD2_HUMAN.H11MO.0.B
-326.5	12
-325.5	8
-324.5	12
-323.5	15.125
-322.5	9
-321.5	6
-320.5	8
-319.5	9.25
-318.5	11.25
-317.5	8.25
-316.5	11
-315.5	13.5
-314.5	7.5
-313.5	10
-312.5	11.3333
-311.5	6
-310.5	10.5
-309.5	7.5
-308.5	8.5
-307.5	12
-306.5	11.5
-305.5	8.5
-304.5	9
-303.5	10.1111
-302.5	6
-301.5	6
-300.5	6
-299.5	12
-298.5	7.5
-297.5	12
-296.5	7
-295.5	7
-294.5	15
-293.5	12
-292.5	10
-291.5	9
-290.5	8
-289.5	10
-288.5	12
-287.5	17
-286.5	12.5
-285.5	11
-284.5	6
-283.5	12
-282.5	11
-281.5	10.5
-280.5	12.5
-279.5	8.5
-278.5	9
-277.5	9.5
-276.5	8.125
-275.5	9.5
-274.5	11.5
-273.5	10
-272.5	8.5
-271.5	7.5
-270.5	13.75
-269.5	11.25
-268.5	18.8333
-267.5	14.5
-266.5	13
-265.5	13.5
-264.5	12
-263.5	10
-262.5	13
-261.5	8
-260.5	13
-259.5	10
-258.5	9.5
-257.5	5.5
-256.5	7.5
-255.5	11
-254.5	9
-253.5	13
-252.5	7
-251.5	16
-250.5	11
-249.5	10
-248.5	8
-247.5	13
-246.5	11
-245.5	14
-244.5	13
-243.5	11
-242.5	9
-241.5	8
-240.5	18.8333
-239.5	9.75
-238.5	12
-237.5	11
-236.5	15
-235.5	15
-234.5	13
-233.5	7
-232.5	17
-231.5	8
-230.5	5
-229.5	12.0694
-228.5	10
-227.5	12
-226.5	10
-225.5	16.3333
-224.5	10
-223.5	12.25
-222.5	8
-221.5	6.25
-220.5	17
-219.5	15
-218.5	11.5
-217.5	10.5
-216.5	13
-215.5	12
-214.5	8
-213.5	12.8333
-212.5	10
-211.5	17
-210.5	12
-209.5	14
-208.5	16.3333
-207.5	10.5
-206.5	14
-205.5	10
-204.5	11
-203.5	12
-202.5	11
-201.5	7
-200.5	11
-199.5	14
-198.5	13
-197.5	9
-196.5	15
-195.5	13
-194.5	13.3333
-193.5	12
-192.5	10
-191.5	16
-190.5	11
-189.5	14.45
-188.5	15
-187.5	8
-186.5	12
-185.5	15.5
-184.5	12.5
-183.5	11.1111
-182.5	11.625
-181.5	18
-180.5	12.3333
-179.5	13.5
-178.5	17.1667
-177.5	11.75
-176.5	7.83333
-175.5	11.5
-174.5	15
-173.5	17.5
-172.5	6.5
-171.5	9.5
-170.5	16.5
-169.5	5.5
-168.5	13.5
-167.5	19
-166.5	13
-165.5	10
-164.5	14
-163.5	11
-162.5	9
-161.5	12.5
-160.5	7.5
-159.5	9.5
-158.5	6
-157.5	11.8333
-156.5	8.5
-155.5	10.5
-154.5	12.3333
-153.5	16
-152.5	21.3333
-151.5	11
-150.5	5
-149.5	7
-148.5	12
-147.5	13
-146.5	11.5
-145.5	10
-144.5	15.5
-143.5	10
-142.5	13
-141.5	12.6667
-140.5	13.3333
-139.5	15.3333
-138.5	10
-137.5	12
-136.5	7.66667
-135.5	13.625
-134.5	8.75
-133.5	8
-132.5	10
-131.5	11
-130.5	11
-129.5	12
-128.5	12
-127.5	13
-126.5	12
-125.5	12
-124.5	7
-123.5	18
-122.5	14
-121.5	12
-120.5	12
-119.5	5
-118.5	18
-117.5	13.6667
-116.5	16
-115.5	11.5
-114.5	10
-113.5	5
-112.5	10.5
-111.5	12.25
-110.5	14.5
-109.5	11
-108.5	9
-107.5	13
-106.5	19.5
-105.5	18
-104.5	14
-103.5	8
-102.5	6
-101.5	8
-100.5	13.1111
 -99.5	12
 -98.5	9
 -97.5	8
 -96.5	10.25
 -95.5	11
 -94.5	7
 -93.5	4.61111
 -92.5	14
 -91.5	11
 -90.5	24
 -89.5	16
 -88.5	18.625
 -87.5	17.5
 -86.5	8
 -85.5	6
 -84.5	11.5
 -83.5	18.5
 -82.5	8
 -81.5	15
 -80.5	11
 -79.5	10
 -78.5	14
 -77.5	12
 -76.5	17.5
 -75.5	10
 -74.5	15.25
 -73.5	6
 -72.5	10.3333
 -71.5	13.5
 -70.5	11.5
 -69.5	9.61111
 -68.5	15
 -67.5	14
 -66.5	13
 -65.5	15.3333
 -64.5	13.3333
 -63.5	20.75
 -62.5	14.1667
 -61.5	12
 -60.5	15
 -59.5	13.1111
 -58.5	12
 -57.5	15
 -56.5	12
 -55.5	8
 -54.5	6.5
 -53.5	11
 -52.5	17
 -51.5	15
 -50.5	14.8333
 -49.5	12
 -48.5	11
 -47.5	14.5
 -46.5	18.1111
 -45.5	16.5
 -44.5	18.5
 -43.5	15.5
 -42.5	15.5
 -41.5	10.9583
 -40.5	13.5
 -39.5	17
 -38.5	12.5
 -37.5	16.25
 -36.5	6.33333
 -35.5	14
 -34.5	14
 -33.5	17
 -32.5	14.5833
 -31.5	18.25
 -30.5	10.5
 -29.5	16
 -28.5	17
 -27.5	18.0833
 -26.5	18.5
 -25.5	21.9167
 -24.5	16
 -23.5	11
 -22.5	10.25
 -21.5	21.9167
 -20.5	10
 -19.5	23
 -18.5	14.1111
 -17.5	24
 -16.5	15.5
 -15.5	17.5
 -14.5	12.8333
 -13.5	20.5
 -12.5	17.75
 -11.5	19
 -10.5	15
  -9.5	27
  -8.5	16.0833
  -7.5	25
  -6.5	11.5
  -5.5	21
  -4.5	15
  -3.5	18.1667
  -2.5	18
  -1.5	18.5
  -0.5	17
   0.5	15.6111
   1.5	14.5
   2.5	17
   3.5	15
   4.5	18
   5.5	16.125
   6.5	19
   7.5	16.2
   8.5	18.5
   9.5	17
  10.5	25.8611
  11.5	19
  12.5	19.75
  13.5	19.5
  14.5	12.3333
  15.5	14.5
  16.5	15
  17.5	18
  18.5	18
  19.5	16
  20.5	11.2
  21.5	15.2
  22.5	16
  23.5	12
  24.5	20.5
  25.5	17
  26.5	16.5
  27.5	16.5
  28.5	19
  29.5	15
  30.5	14.25
  31.5	18
  32.5	10.8333
  33.5	15
  34.5	16
  35.5	19.5
  36.5	17.5
  37.5	17.5
  38.5	18
  39.5	15
  40.5	17
  41.5	23.25
  42.5	11
  43.5	12.5
  44.5	11.5
  45.5	15
  46.5	18.5
  47.5	13.2222
  48.5	12.5
  49.5	10.5
  50.5	16.4167
  51.5	8
  52.5	14
  53.5	11
  54.5	14.5
  55.5	14.5
  56.5	13
  57.5	12.5
  58.5	10.5
  59.5	11
  60.5	16.5
  61.5	17
  62.5	14
  63.5	9.2
  64.5	18.3333
  65.5	11.1111
  66.5	9
  67.5	9
  68.5	9
  69.5	8.5
  70.5	15
  71.5	14
  72.5	19.25
  73.5	11
  74.5	9.5
  75.5	14.5
  76.5	14
  77.5	12.5
  78.5	15.5
  79.5	15
  80.5	12
  81.5	20
  82.5	8.5
  83.5	12.2
  84.5	10.1111
  85.5	8
  86.5	12
  87.5	19.5
  88.5	9
  89.5	13
  90.5	10
  91.5	7.5
  92.5	17.5
  93.5	6
  94.5	7.44444
  95.5	8.5
  96.5	12.5
  97.5	12
  98.5	12
  99.5	15
 100.5	12
 101.5	15
 102.5	15
 103.5	12.3333
 104.5	12
 105.5	18
 106.5	12.3111
 107.5	7
 108.5	19.5
 109.5	11
 110.5	14.1667
 111.5	13
 112.5	21
 113.5	5
 114.5	10
 115.5	8.5
 116.5	14.5
 117.5	11
 118.5	10
 119.5	9
 120.5	11.5
 121.5	21
 122.5	16.5
 123.5	10.2
 124.5	14
 125.5	9.66667
 126.5	13
 127.5	15
 128.5	21
 129.5	13.5
 130.5	13
 131.5	11.5
 132.5	9.5
 133.5	13
 134.5	10
 135.5	12
 136.5	11.5
 137.5	10
 138.5	7.5
 139.5	10
 140.5	11.6667
 141.5	13.1111
 142.5	7
 143.5	10
 144.5	10
 145.5	17.2
 146.5	10
 147.5	10
 148.5	16.3333
 149.5	5.2
 150.5	6
 151.5	8
 152.5	9
 153.5	10.5
 154.5	13
 155.5	16
 156.5	10
 157.5	12.25
 158.5	10
 159.5	10
 160.5	10.2
 161.5	8
 162.5	7
 163.5	13.3611
 164.5	9.5
 165.5	5
 166.5	9
 167.5	9.5
 168.5	9.5
 169.5	14
 170.5	16
 171.5	6
 172.5	11.5
 173.5	11
 174.5	12
 175.5	6.5
 176.5	11.5
 177.5	12
 178.5	6.5
 179.5	8.5
 180.5	7
 181.5	13
 182.5	10
 183.5	10
 184.5	8.5
 185.5	9.66667
 186.5	10.5
 187.5	16.1111
 188.5	10.2778
 189.5	11
 190.5	14
 191.5	11.5
 192.5	10.2
 193.5	7
 194.5	10
 195.5	10
 196.5	9
 197.5	8
 198.5	4
 199.5	12
 200.5	9.31111
 201.5	10
 202.5	15
 203.5	10.1667
 204.5	12
 205.5	10
 206.5	6
 207.5	17.2
 208.5	8.33333
 209.5	9
 210.5	11
 211.5	13.5
 212.5	12.5
 213.5	7.25
 214.5	9
 215.5	11
 216.5	11
 217.5	12
 218.5	11
 219.5	10.25
 220.5	7.5
 221.5	9
 222.5	7
 223.5	11
 224.5	9.5
 225.5	9.25
 226.5	16
 227.5	3
 228.5	14
 229.5	9
 230.5	11
 231.5	4.25
 232.5	8
 233.5	12.5
 234.5	6
 235.5	11.1111
 236.5	10.5
 237.5	13
 238.5	8
 239.5	6
 240.5	12
 241.5	12
 242.5	14
 243.5	9.5
 244.5	15
 245.5	15
 246.5	12.8333
 247.5	9.5
 248.5	6.5
 249.5	11
 250.5	10
 251.5	13
 252.5	16
 253.5	8
 254.5	10
 255.5	5
 256.5	6
 257.5	4
 258.5	12.5
 259.5	12.5
 260.5	10
 261.5	6
 262.5	8
 263.5	14
 264.5	5.5
 265.5	11.5
 266.5	2.5
 267.5	11
 268.5	11.1111
 269.5	10.2
 270.5	9
 271.5	11
 272.5	12
 273.5	14
 274.5	3
 275.5	13
 276.5	11
 277.5	2
 278.5	14
 279.5	6.11111
 280.5	10
 281.5	10
 282.5	14.1111
 283.5	8
 284.5	5.5
 285.5	17
 286.5	6
 287.5	10.5
 288.5	5.33333
 289.5	8
 290.5	12
 291.5	6
 292.5	2.5
 293.5	10
 294.5	7.5
 295.5	8
 296.5	13
 297.5	7.5
 298.5	10.5
 299.5	8
 300.5	7.5
 301.5	6
 302.5	11
 303.5	7
 304.5	12
 305.5	4.5
 306.5	13.5
 307.5	8
 308.5	12
 309.5	11.1111
 310.5	6
 311.5	8.16667
 312.5	13
 313.5	13
 314.5	11
 315.5	8.5
 316.5	12
 317.5	11.5
 318.5	7
 319.5	7
 320.5	12
 321.5	4.5
 322.5	3
 323.5	5
 324.5	6
 325.5	12.5
 326.5	11
DB 1 MOTIF	MECP2_HUMAN.H11MO.0.C
-328.5	11
-327.5	10
-326.5	22.1111
-325.5	18.8333
-324.5	18.3333
-323.5	15.6667
-322.5	14.125
-321.5	9.18333
-320.5	17.8929
-319.5	13.3929
-318.5	13.0833
-317.5	9
-316.5	19.5
-315.5	14.3333
-314.5	15
-313.5	17
-312.5	13.5769
-311.5	12.3333
-310.5	14.3333
-309.5	10.3333
-308.5	14.8333
-307.5	13.8333
-306.5	15
-305.5	12.8333
-304.5	19.3333
-303.5	12.6429
-302.5	18.5
-301.5	14.6667
-300.5	14
-299.5	13.5
-298.5	16.8333
-297.5	15
-296.5	14.5
-295.5	18.0833
-294.5	15.25
-293.5	9
-292.5	20.1
-291.5	13.5
-290.5	15.75
-289.5	8.33333
-288.5	9.5
-287.5	9.36111
-286.5	16.5
-285.5	13.6667
-284.5	13.4167
-283.5	11.8333
-282.5	12
-281.5	14.8333
-280.5	10.1667
-279.5	13.2667
-278.5	18.8333
-277.5	13.6667
-276.5	15.3333
-275.5	16.0353
-274.5	10.8333
-273.5	17.25
-272.5	12.3333
-271.5	16.8333
-270.5	16.4167
-269.5	14
-268.5	9.33333
-267.5	9.16667
-266.5	13.3333
-265.5	16.4167
-264.5	15
-263.5	16.3333
-262.5	22
-261.5	15.75
-260.5	14
-259.5	12.75
-258.5	13.8333
-257.5	17
-256.5	14.1667
-255.5	13.1667
-254.5	19.5333
-253.5	15
-252.5	10.5
-251.5	7.16667
-250.5	19.9762
-249.5	16.5
-248.5	16.4444
-247.5	12.4167
-246.5	18.5
-245.5	14.1
-244.5	15.75
-243.5	18.5833
-242.5	18.8333
-241.5	15.5333
-240.5	16
-239.5	17.5
-238.5	13.0769
-237.5	11.5
-236.5	12.3333
-235.5	19.5333
-234.5	23.3333
-233.5	9.75
-232.5	18.25
-231.5	18.65
-230.5	12.75
-229.5	17
-228.5	10.375
-227.5	21.3333
-226.5	18
-225.5	13.5
-224.5	15.5833
-223.5	11.05
-222.5	11.3333
-221.5	14.25
-220.5	17.8333
-219.5	15
-218.5	17.6583
-217.5	18.5333
-216.5	17
-215.5	18.3667
-214.5	18.6667
-213.5	9
-212.5	14.5
-211.5	14.8333
-210.5	13.1667
-209.5	11.7778
-208.5	22.1667
-207.5	13.3333
-206.5	16.5
-205.5	13.0667
-204.5	18.0333
-203.5	16.7
-202.5	21.2833
-201.5	13.3333
-200.5	19
-199.5	16.9167
-198.5	15.7667
-197.5	13.6429
-196.5	23.5833
-195.5	16.5833
-194.5	14.25
-193.5	12.8333
-192.5	16.8333
-191.5	12.5
-190.5	12.3333
-189.5	16.8333
-188.5	14.75
-187.5	19.8333
-186.5	17.0667
-185.5	18.3333
-184.5	12.3333
-183.5	14.25
-182.5	18.3333
-181.5	17.7917
-180.5	11.9762
-179.5	14.25
-178.5	14.25
-177.5	14.0833
-176.5	14.3333
-175.5	19
-174.5	15
-173.5	12.5
-172.5	19.8333
-171.5	15.8333
-170.5	14.6944
-169.5	16.0833
-168.5	16.6167
-167.5	18.6333
-166.5	22.8333
-165.5	20
-164.5	18.1436
-163.5	13.3167
-162.5	23.8333
-161.5	16.8333
-160.5	17.3333
-159.5	10.625
-158.5	6
-157.5	17.8333
-156.5	15
-155.5	11.5833
-154.5	21
-153.5	20.8333
-152.5	17.75
-151.5	20.6333
-150.5	12
-149.5	7.83333
-148.5	18.1667
-147.5	20
-146.5	14.5
-145.5	10.5
-144.5	21.1429
-143.5	16
-142.5	9.64286
-141.5	13.6429
-140.5	15.1667
-139.5	14.6667
-138.5	14
-137.5	15.5
-136.5	14.8333
-135.5	15.3333
-134.5	23.125
-133.5	9.25
-132.5	13.5
-131.5	15.1778
-130.5	16.75
-129.5	13.5
-128.5	18.5
-127.5	20.0833
-126.5	11
-125.5	9.5
-124.5	14.1667
-123.5	20.6667
-122.5	18.5
-121.5	20.75
-120.5	10.3333
-119.5	16.3333
-118.5	19
-117.5	18.8333
-116.5	14.5
-115.5	17.1667
-114.5	17.6667
-113.5	16.4
-112.5	15.5
-111.5	14.3333
-110.5	12.5833
-109.5	20.75
-108.5	8.38645
-107.5	18.4762
-106.5	18.3333
-105.5	10.5
-104.5	15.7667
-103.5	16
-102.5	19.1667
-101.5	17.8333
-100.5	22.5
 -99.5	23.5
 -98.5	12.1
 -97.5	12.4583
 -96.5	18.0333
 -95.5	19.25
 -94.5	21.3333
 -93.5	13
 -92.5	16.6944
 -91.5	15.9762
 -90.5	22.9103
 -89.5	12.3333
 -88.5	11.8333
 -87.5	5.625
 -86.5	7.16667
 -85.5	22
 -84.5	14.6
 -83.5	15
 -82.5	19.3333
 -81.5	18.5833
 -80.5	25.5
 -79.5	17.3333
 -78.5	21
 -77.5	18.3333
 -76.5	19.5667
 -75.5	16.25
 -74.5	20.3333
 -73.5	20.6667
 -72.5	14
 -71.5	16
 -70.5	11.6667
 -69.5	13.1667
 -68.5	18.75
 -67.5	23.75
 -66.5	17.5
 -65.5	18
 -64.5	17.5
 -63.5	17.0833
 -62.5	15.6667
 -61.5	18.3333
 -60.5	18.1
 -59.5	17.25
 -58.5	19.1667
 -57.5	12.9333
 -56.5	21.1667
 -55.5	19.3333
 -54.5	15.5
 -53.5	15.1111
 -52.5	16.5
 -51.5	19.0833
 -50.5	22
 -49.5	17.8333
 -48.5	12.3333
 -47.5	15.4167
 -46.5	18.75
 -45.5	13
 -44.5	23.3333
 -43.5	21.3333
 -42.5	17.6667
 -41.5	31
 -40.5	22.2917
 -39.5	16.7333
 -38.5	13.5762
 -37.5	21.1
 -36.5	18.1667
 -35.5	25.6667
 -34.5	23.0833
 -33.5	17.125
 -32.5	23.3333
 -31.5	15.3333
 -30.5	18.8333
 -29.5	16.3333
 -28.5	20.9333
 -27.5	18.6667
 -26.5	23.6667
 -25.5	16.8333
 -24.5	16.9167
 -23.5	20.4762
 -22.5	19.1
 -21.5	24.6667
 -20.5	12.4167
 -19.5	24.0833
 -18.5	25.3333
 -17.5	16.6667
 -16.5	15.1667
 -15.5	19.9103
 -14.5	23.9444
 -13.5	21.5
 -12.5	13
 -11.5	22
 -10.5	14.9333
  -9.5	24.75
  -8.5	18
  -7.5	22.5
  -6.5	17.6667
  -5.5	21.3333
  -4.5	14.75
  -3.5	15
  -2.5	22.5
  -1.5	24.5
  -0.5	19.0833
   0.5	23.6667
   1.5	18.8333
   2.5	22.3333
   3.5	23.3333
   4.5	21
   5.5	20
   6.5	15.625
   7.5	25.8333
   8.5	22.0833
   9.5	22.8333
  10.5	30.8333
  11.5	21.5833
  12.5	24.6667
  13.5	15.6
  14.5	23.9762
  15.5	13.8333
  16.5	12.2833
  17.5	16.4167
  18.5	27.6833
  19.5	23.7429
  20.5	20.8333
  21.5	21.7833
  22.5	19.0769
  23.5	29.1667
  24.5	20.6667
  25.5	17.8333
  26.5	16.3333
  27.5	15.4333
  28.5	18.8333
  29.5	18.1111
  30.5	19.875
  31.5	15.8333
  32.5	14.5
  33.5	20.5333
  34.5	28.85
  35.5	22.3333
  36.5	22.1
  37.5	24
  38.5	24.25
  39.5	7
  40.5	30.8333
  41.5	12.0769
  42.5	18.5
  43.5	16.8333
  44.5	16.3333
  45.5	18.3333
  46.5	19.25
  47.5	21.5833
  48.5	16.5
  49.5	18.5333
  50.5	9.28333
  51.5	17.4333
  52.5	16
  53.5	20.5
  54.5	18.5
  55.5	17
  56.5	10.75
  57.5	14.8333
  58.5	21.6667
  59.5	26.5833
  60.5	16.0769
  61.5	18.3333
  62.5	18.3929
  63.5	15
  64.5	15.8333
  65.5	19.0333
  66.5	9.68803
  67.5	9.57692
  68.5	12.3333
  69.5	16.8333
  70.5	17.5
  71.5	9.25
  72.5	18
  73.5	15.6667
  74.5	18.5
  75.5	23.1
  76.5	15.9333
  77.5	14.5333
  78.5	22.3333
  79.5	9.5
  80.5	13
  81.5	15.1667
  82.5	16.5
  83.5	9.73333
  84.5	9.75
  85.5	14.8333
  86.5	18.8333
  87.5	15.6
  88.5	15.5
  89.5	14.0333
  90.5	12.9833
  91.5	11
  92.5	19.5
  93.5	19.5
  94.5	13.625
  95.5	11.5
  96.5	11
  97.5	12.75
  98.5	19.5
  99.5	21.1667
 100.5	18
 101.5	20
 102.5	14
 103.5	16.8611
 104.5	12.1667
 105.5	21.9762
 106.5	17
 107.5	13.8333
 108.5	20.3167
 109.5	19.4103
 110.5	16.5769
 111.5	15.1667
 112.5	16.8333
 113.5	12.3333
 114.5	8
 115.5	15.3333
 116.5	14.5
 117.5	12.4103
 118.5	16.0333
 119.5	7.5
 120.5	12.5
 121.5	20.3333
 122.5	15
 123.5	18.5
 124.5	11.5833
 125.5	12.2667
 126.5	15.9167
 127.5	17.3333
 128.5	22.5
 129.5	17.8333
 130.5	17.4333
 131.5	14
 132.5	20.6
 133.5	22.35
 134.5	24.25
 135.5	18
 136.5	9.66667
 137.5	9.86667
 138.5	18
 139.5	12.6
 140.5	16.6111
 141.5	18.5833
 142.5	12.6667
 143.5	6.58333
 144.5	15.3333
 145.5	19.2
 146.5	11
 147.5	18
 148.5	10.6429
 149.5	14.25
 150.5	14.5
 151.5	15.3333
 152.5	14.5
 153.5	8.57692
 154.5	18.0769
 155.5	16.8333
 156.5	12.8333
 157.5	14.7083
 158.5	14
 159.5	11
 160.5	15.8333
 161.5	19.9333
 162.5	15.8333
 163.5	10.5
 164.5	8.33333
 165.5	14.6667
 166.5	15
 167.5	16.0833
 168.5	21.5
 169.5	11.1667
 170.5	13.25
 171.5	12.75
 172.5	16.5833
 173.5	7
 174.5	10
 175.5	21.6667
 176.5	14.7
 177.5	18.6944
 178.5	15.25
 179.5	14.75
 180.5	12
 181.5	17.3333
 182.5	13.1667
 183.5	7.76667
 184.5	9.83333
 185.5	15.75
 186.5	16.3333
 187.5	8.53333
 188.5	18
 189.5	11.6
 190.5	14.1833
 191.5	14.5095
 192.5	13.8333
 193.5	10.0833
 194.5	11.0833
 195.5	15.2667
 196.5	14
 197.5	10.4103
 198.5	13.5769
 199.5	12.4333
 200.5	14.3333
 201.5	9.25
 202.5	12.8333
 203.5	14.3333
 204.5	13
 205.5	13.4167
 206.5	10.0833
 207.5	5.86667
 208.5	10.0833
 209.5	14.25
 210.5	15
 211.5	18.1667
 212.5	9.33333
 213.5	6.2
 214.5	8.44444
 215.5	15
 216.5	12
 217.5	22.5
 218.5	9.5
 219.5	16.2333
 220.5	15.8333
 221.5	19.0667
 222.5	15.75
 223.5	10.75
 224.5	14.5
 225.5	20.2769
 226.5	13.8333
 227.5	12.3667
 228.5	15.2833
 229.5	17.75
 230.5	13.5
 231.5	10.6167
 232.5	16.1667
 233.5	9.86667
 234.5	11.1429
 235.5	15.5
 236.5	11
 237.5	9.11667
 238.5	11.3333
 239.5	12
 240.5	11.5667
 241.5	11.5769
 242.5	10.0769
 243.5	15.3333
 244.5	12.5769
 245.5	18.8333
 246.5	19.3333
 247.5	8.83333
 248.5	12.25
 249.5	13.5
 250.5	15.5
 251.5	13.5444
 252.5	14
 253.5	14.3333
 254.5	16.8333
 255.5	9.83333
 256.5	10.5
 257.5	8
 258.5	13
 259.5	13.0667
 260.5	9.16667
 261.5	7.25
 262.5	10.0833
 263.5	19.3333
 264.5	20.3333
 265.5	14.3333
 266.5	9.33333
 267.5	12.5833
 268.5	9.5
 269.5	12.2
 270.5	7.5
 271.5	16
 272.5	13.25
 273.5	12
 274.5	15.3333
 275.5	20.25
 276.5	10.75
 277.5	9.5
 278.5	11.75
 279.5	4.86667
 280.5	11.7
 281.5	20.2
 282.5	10.3333
 283.5	10
 284.5	12.5353
 285.5	15.3269
 286.5	9.58333
 287.5	19
 288.5	16.6111
 289.5	8.5
 290.5	8.33333
 291.5	12.5
 292.5	12.3333
 293.5	9.33333
 294.5	11.3333
 295.5	15.0833
 296.5	18.4167
 297.5	14
 298.5	9.08333
 299.5	6
 300.5	9
 301.5	8.83333
 302.5	13.6667
 303.5	7.66667
 304.5	10.5
 305.5	11
 306.5	18.25
 307.5	11
 308.5	12
 309.5	9.58333
 310.5	10.5
 311.5	12.3333
 312.5	9
 313.5	11.75
 314.5	12.5
 315.5	15.5
 316.5	15.15
 317.5	9.33333
 318.5	7.08333
 319.5	18.3333
 320.5	10
 321.5	9
 322.5	10.3333
 323.5	10.5
 324.5	7.27778
 325.5	9.03333
 326.5	10
 327.5	12.8333
 328.5	16.0769
DB 1 MOTIF	MESP1_HUMAN.H11MO.0.D
-326.5	26
-325.5	23
-324.5	21.5
-323.5	24
-322.5	23.5
-321.5	27
-320.5	18.7
-319.5	22.4762
-318.5	21.25
-317.5	27
-316.5	24
-315.5	32.1588
-314.5	30.75
-313.5	24.5
-312.5	23.1429
-311.5	26.0833
-310.5	30.5
-309.5	21
-308.5	27
-307.5	20
-306.5	18.5
-305.5	26.3333
-304.5	27
-303.5	25.5
-302.5	19
-301.5	24
-300.5	25
-299.5	23.2
-298.5	33
-297.5	26.5
-296.5	24.1667
-295.5	26.4583
-294.5	27
-293.5	24.2917
-292.5	20
-291.5	24
-290.5	22.3333
-289.5	28.75
-288.5	28.2588
-287.5	27.5
-286.5	18
-285.5	26
-284.5	22.1429
-283.5	30.75
-282.5	24
-281.5	26.8333
-280.5	22
-279.5	36
-278.5	32
-277.5	34
-276.5	18
-275.5	34.1429
-274.5	19
-273.5	27
-272.5	24.5833
-271.5	17
-270.5	23
-269.5	22.0769
-268.5	22.8929
-267.5	31.8333
-266.5	25.1429
-265.5	25.125
-264.5	21
-263.5	14
-262.5	22.0909
-261.5	26.0588
-260.5	28.3333
-259.5	29
-258.5	23
-257.5	24
-256.5	24
-255.5	27
-254.5	29.7679
-253.5	23.5
-252.5	32.1
-251.5	30
-250.5	21.7917
-249.5	25.5333
-248.5	23.9167
-247.5	27.5
-246.5	14.6111
-245.5	32
-244.5	18.125
-243.5	28
-242.5	28.5
-241.5	17.3333
-240.5	23.6667
-239.5	20.6678
-238.5	24.5
-237.5	29
-236.5	21.1429
-235.5	29.5
-234.5	26.4762
-233.5	20.1429
-232.5	24.2588
-231.5	21.5
-230.5	22.3095
-229.5	24.5
-228.5	33
-227.5	22
-226.5	25.3929
-225.5	23
-224.5	23
-223.5	28.6429
-222.5	23.25
-221.5	21
-220.5	25.5
-219.5	21.3333
-218.5	28.625
-217.5	31
-216.5	34.0909
-215.5	25.625
-214.5	21
-213.5	30.3929
-212.5	23.5
-211.5	25.5
-210.5	26
-209.5	22.2019
-208.5	25.6429
-207.5	29.25
-206.5	41.0909
-205.5	24.75
-204.5	27.3333
-203.5	35.125
-202.5	25.8333
-201.5	28.6667
-200.5	15
-199.5	25.125
-198.5	24.1429
-197.5	27.5
-196.5	21.0833
-195.5	25
-194.5	28
-193.5	23.0909
-192.5	23.5
-191.5	20.8333
-190.5	30.125
-189.5	18.1
-188.5	27.5833
-187.5	30.8333
-186.5	20.5
-185.5	31.5
-184.5	33.0357
-183.5	22.6111
-182.5	27.25
-181.5	23
-180.5	21.5
-179.5	20.7019
-178.5	27.1429
-177.5	26
-176.5	29.1838
-175.5	21.5
-174.5	32.4583
-173.5	30.0833
-172.5	16
-171.5	22
-170.5	23.5
-169.5	27.5
-168.5	28
-167.5	26.6667
-166.5	21.5833
-165.5	19.9909
-164.5	24
-163.5	18.5833
-162.5	15.45
-161.5	27.5762
-160.5	23.1429
-159.5	19
-158.5	21
-157.5	30.5
-156.5	26
-155.5	22
-154.5	22.3333
-153.5	31.3111
-152.5	25
-151.5	20
-150.5	33
-149.5	23.0769
-148.5	26.5
-147.5	28.0588
-146.5	24.5
-145.5	26.5
-144.5	25.1429
-143.5	26.5
-142.5	28.25
-141.5	15.5
-140.5	16.1111
-139.5	21.625
-138.5	39.1429
-137.5	34.625
-136.5	28
-135.5	31
-134.5	19.125
-133.5	22.1429
-132.5	25
-131.5	32.6667
-130.5	30
-129.5	25.7679
-128.5	26
-127.5	14.2833
-126.5	22.6
-125.5	28
-124.5	31
-123.5	35.0909
-122.5	28.0588
-121.5	26.5
-120.5	31.5444
-119.5	33.5769
-118.5	26.5
-117.5	27.125
-116.5	22.5909
-115.5	12.75
-114.5	33.3111
-113.5	25.5
-112.5	34.1111
-111.5	30
-110.5	18
-109.5	28
-108.5	25
-107.5	20.6429
-106.5	23
-105.5	25.25
-104.5	32.2917
-103.5	25.1429
-102.5	28
-101.5	18.1667
-100.5	30
 -99.5	24
 -98.5	26.325
 -97.5	35
 -96.5	29
 -95.5	39.0588
 -94.5	25.5
 -93.5	29.2
 -92.5	37.1429
 -91.5	23.1667
 -90.5	30.5
 -89.5	24.3429
 -88.5	24.9167
 -87.5	30
 -86.5	28
 -85.5	26
 -84.5	29.6429
 -83.5	21.7679
 -82.5	33.0909
 -81.5	19.4762
 -80.5	32
 -79.5	27
 -78.5	28.5
 -77.5	26
 -76.5	25
 -75.5	25.1667
 -74.5	28.3333
 -73.5	33.3333
 -72.5	29
 -71.5	19.6
 -70.5	28.1111
 -69.5	23.125
 -68.5	23.25
 -67.5	24.2
 -66.5	28.2747
 -65.5	30.125
 -64.5	32.5
 -63.5	23.1
 -62.5	23.1111
 -61.5	28
 -60.5	20.5
 -59.5	30.25
 -58.5	15
 -57.5	16.1111
 -56.5	22
 -55.5	23.75
 -54.5	27.2857
 -53.5	18
 -52.5	21
 -51.5	21.9778
 -50.5	25.2
 -49.5	17.5833
 -48.5	19
 -47.5	26
 -46.5	31.5
 -45.5	18.3095
 -44.5	27.125
 -43.5	23
 -42.5	22
 -41.5	34.2576
 -40.5	24.125
 -39.5	21
 -38.5	24.75
 -37.5	22.5
 -36.5	17
 -35.5	23.5
 -34.5	32.625
 -33.5	36.5
 -32.5	18.1429
 -31.5	24.2
 -30.5	29.6
 -29.5	24
 -28.5	22.188
 -27.5	31
 -26.5	35.2
 -25.5	29
 -24.5	31.254
 -23.5	24
 -22.5	23.25
 -21.5	31
 -20.5	28.125
 -19.5	29.7833
 -18.5	33.1429
 -17.5	30.5
 -16.5	33
 -15.5	18.2361
 -14.5	30
 -13.5	25.25
 -12.5	32.5
 -11.5	28.1667
 -10.5	23.5588
  -9.5	32
  -8.5	31
  -7.5	30.5
  -6.5	24.5
  -5.5	30
  -4.5	31.7
  -3.5	22
  -2.5	32.5
  -1.5	33.1429
  -0.5	28.1
   0.5	14.2159
   1.5	44
   2.5	27.5833
   3.5	38.625
   4.5	24
   5.5	33.1111
   6.5	27.1429
   7.5	29
   8.5	28.6
   9.5	22
  10.5	19.2576
  11.5	29
  12.5	37.3111
  13.5	36
  14.5	25.5
  15.5	25.6429
  16.5	19.1429
  17.5	21
  18.5	29.5588
  19.5	31.5
  20.5	35.1111
  21.5	19.1667
  22.5	31.5
  23.5	28
  24.5	32.7
  25.5	26.8333
  26.5	18.125
  27.5	35.2
  28.5	33.5
  29.5	25.7
  30.5	33.5
  31.5	29.5
  32.5	23
  33.5	28.25
  34.5	36.125
  35.5	26.125
  36.5	27
  37.5	30.1429
  38.5	27.5
  39.5	17
  40.5	23.2
  41.5	28
  42.5	18.5
  43.5	32.0588
  44.5	33
  45.5	27.25
  46.5	22.2
  47.5	34.5
  48.5	29
  49.5	25.1
  50.5	28.5
  51.5	34.125
  52.5	27.5
  53.5	27
  54.5	25.5
  55.5	23.6667
  56.5	30.7222
  57.5	16
  58.5	22.3333
  59.5	32
  60.5	28.5909
  61.5	27.1429
  62.5	28.1
  63.5	26.5769
  64.5	26
  65.5	22
  66.5	29.6667
  67.5	37.5
  68.5	27.1111
  69.5	34.5
  70.5	27.8088
  71.5	25
  72.5	27.125
  73.5	35
  74.5	31
  75.5	26
  76.5	22
  77.5	22
  78.5	31
  79.5	22.5
  80.5	36
  81.5	23.5
  82.5	18.1429
  83.5	31.8409
  84.5	25
  85.5	19
  86.5	19.125
  87.5	30
  88.5	21
  89.5	19.75
  90.5	20.1
  91.5	30.254
  92.5	19.1111
  93.5	22.5
  94.5	21
  95.5	34.3333
  96.5	31.125
  97.5	29
  98.5	30
  99.5	19.0588
 100.5	23.6111
 101.5	30
 102.5	17
 103.5	20
 104.5	24.5
 105.5	22.25
 106.5	24.5833
 107.5	20.2
 108.5	22
 109.5	21.325
 110.5	25.5
 111.5	29
 112.5	30
 113.5	32.6667
 114.5	20
 115.5	26
 116.5	22
 117.5	30
 118.5	25.5
 119.5	21.25
 120.5	21.5
 121.5	21.3333
 122.5	26.8333
 123.5	23.0769
 124.5	21.0909
 125.5	28.1
 126.5	34.5588
 127.5	23.5
 128.5	21.6111
 129.5	23.6944
 130.5	32
 131.5	22.2111
 132.5	18
 133.5	23
 134.5	20
 135.5	30.5
 136.5	23.3333
 137.5	24.2159
 138.5	32.5
 139.5	22
 140.5	28
 141.5	29.5694
 142.5	19.3333
 143.5	21
 144.5	26
 145.5	22.7
 146.5	22
 147.5	21.5
 148.5	23
 149.5	27
 150.5	30
 151.5	24.25
 152.5	30
 153.5	21.5769
 154.5	27.125
 155.5	25.5588
 156.5	21
 157.5	28
 158.5	32
 159.5	27
 160.5	28
 161.5	22
 162.5	22.0833
 163.5	28.5
 164.5	26.202
 165.5	24
 166.5	19.6429
 167.5	22.1111
 168.5	18.625
 169.5	32.3333
 170.5	23
 171.5	28
 172.5	29.1
 173.5	31
 174.5	25.2
 175.5	23
 176.5	25
 177.5	25
 178.5	29
 179.5	17.5
 180.5	20
 181.5	25.7
 182.5	25
 183.5	23.688
 184.5	28.0172
 185.5	26
 186.5	30
 187.5	17
 188.5	27.225
 189.5	24.5
 190.5	25
 191.5	33
 192.5	31.25
 193.5	27.6111
 194.5	16.3611
 195.5	20
 196.5	25
 197.5	27
 198.5	21
 199.5	32
 200.5	28.2778
 201.5	29
 202.5	36
 203.5	21
 204.5	24
 205.5	29.0909
 206.5	20.75
 207.5	25
 208.5	22
 209.5	19
 210.5	23.125
 211.5	24.25
 212.5	20
 213.5	14.1
 214.5	37.5769
 215.5	28
 216.5	20
 217.5	16
 218.5	21.2
 219.5	25.3333
 220.5	30
 221.5	25
 222.5	30
 223.5	28.5
 224.5	29
 225.5	24
 226.5	29
 227.5	29
 228.5	29
 229.5	39.3095
 230.5	24.5
 231.5	22
 232.5	29.75
 233.5	23.5
 234.5	23
 235.5	24.25
 236.5	24.7361
 237.5	25.6667
 238.5	30
 239.5	19.625
 240.5	32
 241.5	28.5909
 242.5	17.5
 243.5	28
 244.5	17
 245.5	20.9178
 246.5	27
 247.5	31.5
 248.5	23.5
 249.5	24
 250.5	22
 251.5	28.1
 252.5	25.5
 253.5	24
 254.5	38.2
 255.5	32.3333
 256.5	19.1111
 257.5	32.5
 258.5	13.5
 259.5	28.125
 260.5	24.5
 261.5	27.5
 262.5	19.5
 263.5	33.5
 264.5	8
 265.5	18.25
 266.5	26.5
 267.5	29
 268.5	24
 269.5	34
 270.5	28
 271.5	31
 272.5	36
 273.5	18.5
 274.5	22
 275.5	20.1429
 276.5	29
 277.5	24
 278.5	27
 279.5	20.625
 280.5	20
 281.5	27
 282.5	27.5
 283.5	32
 284.5	22.5
 285.5	19
 286.5	21
 287.5	29.1667
 288.5	22
 289.5	16
 290.5	25.5
 291.5	27.5909
 292.5	17
 293.5	30
 294.5	32
 295.5	27.5
 296.5	23
 297.5	14
 298.5	29
 299.5	19
 300.5	27
 301.5	23
 302.5	31
 303.5	23
 304.5	27.5
 305.5	24.5
 306.5	26
 307.5	18
 308.5	25
 309.5	28
 310.5	24
 311.5	28
 312.5	19.3333
 313.5	22
 314.5	22
 315.5	18
 316.5	21.6667
 317.5	27.2
 318.5	20
 319.5	20
 320.5	31
 321.5	23.5
 322.5	17.5
 323.5	23.2778
 324.5	27.5
 325.5	23.3333
 326.5	28
DB 1 MOTIF	MLXPL_HUMAN.H11MO.0.D
-322.5	12
-321.5	13
-320.5	9
-319.5	13
-318.5	7
-317.5	14
-316.5	10
-315.5	14
-314.5	12
-313.5	10
-312.5	8
-311.5	8.5
-310.5	9
-309.5	11.5
-308.5	5
-307.5	16
-306.5	5
-305.5	12
-304.5	14
-303.5	9
-302.5	10
-301.5	6
-300.5	7
-299.5	15
-298.5	11
-297.5	19
-296.5	8
-295.5	3
-294.5	9
-293.5	11
-292.5	9
-291.5	7
-290.5	6.5
-289.5	11
-288.5	13
-287.5	9
-286.5	8
-285.5	5
-284.5	11
-283.5	7
-282.5	9
-281.5	11
-280.5	17
-279.5	17.25
-278.5	13
-277.5	8
-276.5	9
-275.5	8
-274.5	9
-273.5	9
-272.5	9
-271.5	12
-270.5	6
-269.5	7.2
-268.5	17
-267.5	13
-266.5	10
-265.5	7
-264.5	6
-263.5	12
-262.5	13
-261.5	8
-260.5	7
-259.5	8
-258.5	16
-257.5	8
-256.5	10
-255.5	9
-254.5	16
-253.5	14
-252.5	3
-251.5	6
-250.5	9
-249.5	10
-248.5	6
-247.5	8
-246.5	7
-245.5	7
-244.5	10
-243.5	13
-242.5	7
-241.5	6
-240.5	4
-239.5	8
-238.5	11
-237.5	6
-236.5	7
-235.5	5
-234.5	12
-233.5	11.5
-232.5	6
-231.5	9
-230.5	9
-229.5	10
-228.5	11.2
-227.5	15
-226.5	6
-225.5	10
-224.5	14
-223.5	10
-222.5	7
-221.5	13
-220.5	13
-219.5	11
-218.5	10
-217.5	12
-216.5	8
-215.5	11
-214.5	13
-213.5	14.3333
-212.5	8.1
-211.5	8
-210.5	11
-209.5	7
-208.5	10.5
-207.5	9
-206.5	5
-205.5	11
-204.5	7
-203.5	4
-202.5	12
-201.5	4
-200.5	14
-199.5	7
-198.5	8
-197.5	5
-196.5	5
-195.5	10
-194.5	9.5
-193.5	14
-192.5	9
-191.5	9
-190.5	10
-189.5	6
-188.5	10
-187.5	16
-186.5	11
-185.5	8
-184.5	10.2
-183.5	17
-182.5	6.25
-181.5	8
-180.5	6
-179.5	16
-178.5	14
-177.5	10
-176.5	10
-175.5	6
-174.5	12
-173.5	6
-172.5	11
-171.5	8.5
-170.5	12.1
-169.5	14
-168.5	11
-167.5	13
-166.5	17
-165.5	12
-164.5	12
-163.5	9
-162.5	9
-161.5	10
-160.5	1
-159.5	10
-158.5	14
-157.5	10
-156.5	11
-155.5	9.5
-154.5	18
-153.5	5
-152.5	9
-151.5	12
-150.5	9
-149.5	10
-148.5	8
-147.5	10
-146.5	8.7
-145.5	3
-144.5	5
-143.5	9
-142.5	8.2
-141.5	10
-140.5	13
-139.5	7
-138.5	13
-137.5	9
-136.5	9
-135.5	8
-134.5	6
-133.5	8
-132.5	10
-131.5	12
-130.5	9
-129.5	10
-128.5	12.1
-127.5	5
-126.5	9
-125.5	10.5
-124.5	7
-123.5	7.5
-122.5	14
-121.5	7
-120.5	10
-119.5	12
-118.5	12
-117.5	10
-116.5	10
-115.5	11
-114.5	13
-113.5	9
-112.5	9
-111.5	5
-110.5	11
-109.5	7
-108.5	12.5
-107.5	12
-106.5	12
-105.5	17.2
-104.5	10
-103.5	14
-102.5	9
-101.5	12
-100.5	13
 -99.5	13
 -98.5	10
 -97.5	8
 -96.5	14
 -95.5	10
 -94.5	5
 -93.5	14
 -92.5	9
 -91.5	12
 -90.5	8
 -89.5	11
 -88.5	9
 -87.5	11
 -86.5	12.6
 -85.5	7.25
 -84.5	5
 -83.5	11
 -82.5	13
 -81.5	9
 -80.5	20
 -79.5	15
 -78.5	8
 -77.5	12
 -76.5	16
 -75.5	12.5
 -74.5	9
 -73.5	13
 -72.5	10
 -71.5	7
 -70.5	11
 -69.5	10
 -68.5	7
 -67.5	10
 -66.5	13
 -65.5	6
 -64.5	16.2
 -63.5	13
 -62.5	7
 -61.5	14
 -60.5	14.5
 -59.5	16
 -58.5	8
 -57.5	11
 -56.5	14
 -55.5	13
 -54.5	14
 -53.5	9
 -52.5	15
 -51.5	10
 -50.5	7
 -49.5	6
 -48.5	10
 -47.5	16.5
 -46.5	11
 -45.5	18
 -44.5	11.1
 -43.5	9
 -42.5	12
 -41.5	11
 -40.5	6
 -39.5	9
 -38.5	8
 -37.5	13
 -36.5	15
 -35.5	6
 -34.5	9
 -33.5	11
 -32.5	13
 -31.5	13
 -30.5	8
 -29.5	12
 -28.5	8.5
 -27.5	9
 -26.5	8
 -25.5	18
 -24.5	9
 -23.5	5
 -22.5	12
 -21.5	11
 -20.5	13
 -19.5	12
 -18.5	22.5
 -17.5	4
 -16.5	14
 -15.5	6
 -14.5	10
 -13.5	8
 -12.5	9
 -11.5	8
 -10.5	18.5
  -9.5	16
  -8.5	13
  -7.5	12.3333
  -6.5	10
  -5.5	8
  -4.5	6
  -3.5	19
  -2.5	12.6
  -1.5	12
  -0.5	10
   0.5	11
   1.5	11
   2.5	10.5
   3.5	5
   4.5	13
   5.5	14
   6.5	13
   7.5	6
   8.5	13
   9.5	10
  10.5	10
  11.5	9.25
  12.5	8
  13.5	13
  14.5	10
  15.5	12
  16.5	14
  17.5	5
  18.5	10
  19.5	8
  20.5	13
  21.5	12
  22.5	14
  23.5	11.2
  24.5	15.5
  25.5	16
  26.5	12
  27.5	6
  28.5	16.5
  29.5	5
  30.5	9.5
  31.5	12
  32.5	9
  33.5	11
  34.5	12
  35.5	10
  36.5	9
  37.5	11
  38.5	9
  39.5	9.1
  40.5	17
  41.5	13
  42.5	12
  43.5	11
  44.5	12
  45.5	9
  46.5	17
  47.5	6.5
  48.5	11
  49.5	11
  50.5	9
  51.5	10.3333
  52.5	6
  53.5	11
  54.5	13.5
  55.5	4
  56.5	8
  57.5	9
  58.5	12
  59.5	11
  60.5	8
  61.5	9
  62.5	7
  63.5	5
  64.5	14.5
  65.5	14.2
  66.5	13
  67.5	11
  68.5	9
  69.5	7
  70.5	11
  71.5	9
  72.5	7.16667
  73.5	12
  74.5	13
  75.5	12
  76.5	10
  77.5	13
  78.5	8
  79.5	18
  80.5	16.5
  81.5	9.1
  82.5	14
  83.5	15
  84.5	5
  85.5	15
  86.5	15
  87.5	9
  88.5	11
  89.5	20.3333
  90.5	7
  91.5	11
  92.5	7.5
  93.5	5
  94.5	10
  95.5	6
  96.5	12
  97.5	8
  98.5	13
  99.5	10
 100.5	6
 101.5	4
 102.5	6
 103.5	7
 104.5	14
 105.5	13
 106.5	5
 107.5	11.7
 108.5	6
 109.5	7
 110.5	11.5
 111.5	9
 112.5	8
 113.5	11
 114.5	8
 115.5	6.16667
 116.5	15
 117.5	7.2
 118.5	7
 119.5	10
 120.5	5.5
 121.5	6
 122.5	9.5
 123.5	9.1
 124.5	8
 125.5	8
 126.5	7
 127.5	11.5
 128.5	9
 129.5	11
 130.5	12
 131.5	8
 132.5	9
 133.5	8
 134.5	7
 135.5	11
 136.5	11
 137.5	6
 138.5	11
 139.5	11
 140.5	9
 141.5	15
 142.5	9
 143.5	8
 144.5	10
 145.5	6.5
 146.5	11.2
 147.5	14
 148.5	10.3333
 149.5	8
 150.5	8
 151.5	8
 152.5	7
 153.5	14
 154.5	8
 155.5	9
 156.5	8
 157.5	5
 158.5	10
 159.5	8.16667
 160.5	12
 161.5	11
 162.5	11
 163.5	12
 164.5	7.5
 165.5	9.1
 166.5	10
 167.5	6
 168.5	11
 169.5	10
 170.5	15
 171.5	12
 172.5	7
 173.5	9
 174.5	10
 175.5	10
 176.5	10
 177.5	7
 178.5	11
 179.5	8
 180.5	12
 181.5	11
 182.5	12
 183.5	13
 184.5	8
 185.5	11
 186.5	6
 187.5	8
 188.5	16
 189.5	4.5
 190.5	13.5
 191.5	9.5
 192.5	14
 193.5	8
 194.5	15
 195.5	9
 196.5	4
 197.5	9.5
 198.5	10
 199.5	13
 200.5	5
 201.5	12
 202.5	12
 203.5	12.6667
 204.5	8.2
 205.5	14
 206.5	7
 207.5	13
 208.5	7
 209.5	5
 210.5	7
 211.5	8
 212.5	5
 213.5	10
 214.5	9
 215.5	16
 216.5	20
 217.5	13
 218.5	10
 219.5	5
 220.5	4
 221.5	4
 222.5	11
 223.5	7
 224.5	7
 225.5	12
 226.5	11
 227.5	13
 228.5	7
 229.5	11
 230.5	10
 231.5	8
 232.5	8
 233.5	9.2
 234.5	10
 235.5	11
 236.5	9
 237.5	8
 238.5	8
 239.5	12
 240.5	4
 241.5	6
 242.5	5
 243.5	4
 244.5	13
 245.5	10.3333
 246.5	9
 247.5	6.16667
 248.5	9
 249.5	9
 250.5	7
 251.5	7
 252.5	8
 253.5	9
 254.5	10
 255.5	8
 256.5	14
 257.5	7
 258.5	6
 259.5	11
 260.5	12
 261.5	14
 262.5	11
 263.5	8
 264.5	12
 265.5	12
 266.5	18
 267.5	10
 268.5	10
 269.5	14
 270.5	11.5
 271.5	12
 272.5	10
 273.5	8
 274.5	3.5
 275.5	13
 276.5	14
 277.5	10
 278.5	8
 279.5	7
 280.5	18
 281.5	13
 282.5	6
 283.5	9
 284.5	7
 285.5	13
 286.5	11
 287.5	10
 288.5	13
 289.5	6
 290.5	9.16667
 291.5	9.7
 292.5	15
 293.5	13.5
 294.5	10
 295.5	7.5
 296.5	4
 297.5	6
 298.5	9
 299.5	6
 300.5	11.5
 301.5	11
 302.5	8.5
 303.5	7
 304.5	11
 305.5	11
 306.5	9.5
 307.5	12
 308.5	4
 309.5	14
 310.5	12
 311.5	6
 312.5	11
 313.5	13
 314.5	7.5
 315.5	17
 316.5	5
 317.5	9
 318.5	11
 319.5	15
 320.5	12
 321.5	6
 322.5	7
DB 1 MOTIF	MLX_HUMAN.H11MO.0.D
-326.5	4
-325.5	3
-324.5	3
-323.5	2
-322.5	2
-321.5	3
-320.5	3
-319.5	6
-318.5	3.07143
-317.5	2
-316.5	2
-315.5	1
-314.5	7
-313.5	9
-312.5	4
-311.5	5
-310.5	2
-309.5	2
-308.5	5
-307.5	2
-306.5	0
-305.5	3
-304.5	2
-303.5	4
-302.5	1
-301.5	2
-300.5	3.07692
-299.5	6
-298.5	4
-297.5	4
-296.5	3
-295.5	2
-294.5	3
-293.5	3
-292.5	3
-291.5	4
-290.5	5
-289.5	4
-288.5	3.06667
-287.5	7.07143
-286.5	5
-285.5	2
-284.5	5
-283.5	1
-282.5	6
-281.5	5
-280.5	4
-279.5	4
-278.5	4
-277.5	4.5
-276.5	4
-275.5	6
-274.5	4.5
-273.5	5.5
-272.5	4
-271.5	5
-270.5	3
-269.5	2
-268.5	3
-267.5	3
-266.5	7
-265.5	5
-264.5	7
-263.5	5
-262.5	6
-261.5	2
-260.5	7
-259.5	3
-258.5	4.07692
-257.5	1
-256.5	3
-255.5	2
-254.5	3
-253.5	3
-252.5	2
-251.5	4
-250.5	2.16667
-249.5	4.06667
-248.5	3.07143
-247.5	2
-246.5	4.5
-245.5	1
-244.5	5
-243.5	3
-242.5	3
-241.5	1.5
-240.5	4.33333
-239.5	2
-238.5	5.5
-237.5	5
-236.5	5.5
-235.5	5.5
-234.5	4
-233.5	5
-232.5	3
-231.5	3
-230.5	3
-229.5	3
-228.5	9
-227.5	5
-226.5	6
-225.5	8
-224.5	6
-223.5	2
-222.5	2
-221.5	4
-220.5	6
-219.5	0
-218.5	3
-217.5	4
-216.5	5.07692
-215.5	2
-214.5	4
-213.5	7
-212.5	1
-211.5	5
-210.5	2.06667
-209.5	3
-208.5	2
-207.5	8
-206.5	3
-205.5	6
-204.5	3
-203.5	3
-202.5	3
-201.5	4.5
-200.5	5
-199.5	6
-198.5	6
-197.5	5
-196.5	1
-195.5	2
-194.5	6.5
-193.5	1
-192.5	5
-191.5	7
-190.5	0
-189.5	5
-188.5	3
-187.5	6
-186.5	2
-185.5	3
-184.5	8
-183.5	5
-182.5	1
-181.5	2.5
-180.5	5
-179.5	2
-178.5	3.2
-177.5	6
-176.5	2
-175.5	6
-174.5	4.07692
-173.5	3
-172.5	4.07143
-171.5	2.4
-170.5	5
-169.5	5
-168.5	4.14286
-167.5	6
-166.5	2
-165.5	1
-164.5	2.5
-163.5	7
-162.5	4.5
-161.5	3
-160.5	2
-159.5	7
-158.5	2
-157.5	5
-156.5	1.5
-155.5	5
-154.5	6
-153.5	3
-152.5	6.5
-151.5	2.16667
-150.5	3.5
-149.5	3
-148.5	3
-147.5	7.5
-146.5	2
-145.5	5
-144.5	4
-143.5	5
-142.5	0.5
-141.5	3
-140.5	3
-139.5	3
-138.5	4
-137.5	4.64286
-136.5	3
-135.5	6
-134.5	6
-133.5	5
-132.5	1.2547
-131.5	2
-130.5	5
-129.5	4
-128.5	2
-127.5	6.2
-126.5	5
-125.5	4
-124.5	2
-123.5	2.33333
-122.5	3
-121.5	3
-120.5	3
-119.5	3
-118.5	5.14286
-117.5	0
-116.5	1.07143
-115.5	1
-114.5	5
-113.5	4
-112.5	2
-111.5	2
-110.5	1.5
-109.5	1
-108.5	4
-107.5	4
-106.5	3
-105.5	2
-104.5	4
-103.5	4
-102.5	6
-101.5	4
-100.5	2
 -99.5	4
 -98.5	6
 -97.5	1
 -96.5	3
 -95.5	2
 -94.5	4
 -93.5	4.06667
 -92.5	4
 -91.5	2.11111
 -90.5	2.07692
 -89.5	5
 -88.5	4
 -87.5	4.14286
 -86.5	5
 -85.5	3
 -84.5	7
 -83.5	7
 -82.5	8
 -81.5	1.07143
 -80.5	3
 -79.5	4
 -78.5	6
 -77.5	4.2
 -76.5	1
 -75.5	4.33333
 -74.5	4
 -73.5	2
 -72.5	2
 -71.5	4
 -70.5	3.5
 -69.5	5
 -68.5	6
 -67.5	4
 -66.5	4
 -65.5	0
 -64.5	4
 -63.5	6.5
 -62.5	8.5
 -61.5	4
 -60.5	4.5
 -59.5	3
 -58.5	5
 -57.5	5
 -56.5	7.14286
 -55.5	1
 -54.5	3.06667
 -53.5	6.5
 -52.5	7.16667
 -51.5	1
 -50.5	5
 -49.5	1
 -48.5	0.576923
 -47.5	3
 -46.5	3
 -45.5	2.5
 -44.5	2
 -43.5	7
 -42.5	4.07143
 -41.5	5
 -40.5	4
 -39.5	4
 -38.5	2
 -37.5	3
 -36.5	3
 -35.5	4
 -34.5	3
 -33.5	5
 -32.5	4.11111
 -31.5	4
 -30.5	6
 -29.5	8
 -28.5	3
 -27.5	4
 -26.5	4
 -25.5	7
 -24.5	3
 -23.5	4
 -22.5	3
 -21.5	9
 -20.5	4.5
 -19.5	4
 -18.5	8
 -17.5	3
 -16.5	5
 -15.5	3.56667
 -14.5	3
 -13.5	2
 -12.5	7
 -11.5	5
 -10.5	5
  -9.5	3
  -8.5	2
  -7.5	10
  -6.5	5.21978
  -5.5	5
  -4.5	4.33333
  -3.5	4
  -2.5	11
  -1.5	5
  -0.5	2
   0.5	8
   1.5	4
   2.5	8
   3.5	4
   4.5	4
   5.5	5
   6.5	2
   7.5	4
   8.5	4.11111
   9.5	4.5
  10.5	2
  11.5	5
  12.5	6
  13.5	4
  14.5	4.5
  15.5	6
  16.5	7
  17.5	8
  18.5	6
  19.5	4
  20.5	3
  21.5	3
  22.5	2.34286
  23.5	3.06667
  24.5	7
  25.5	5
  26.5	3.07143
  27.5	5.5
  28.5	4
  29.5	8
  30.5	5.5
  31.5	5
  32.5	5
  33.5	3
  34.5	3
  35.5	3.33089
  36.5	1.33333
  37.5	3.2
  38.5	5
  39.5	4
  40.5	4
  41.5	5
  42.5	7
  43.5	5
  44.5	4
  45.5	3
  46.5	4.16667
  47.5	5
  48.5	4
  49.5	2
  50.5	4
  51.5	2.5
  52.5	4
  53.5	2
  54.5	2
  55.5	3
  56.5	1.07143
  57.5	2
  58.5	6
  59.5	2
  60.5	1
  61.5	0
  62.5	3.06667
  63.5	2
  64.5	5.11111
  65.5	2
  66.5	0
  67.5	6
  68.5	3
  69.5	4
  70.5	4
  71.5	7
  72.5	4
  73.5	1
  74.5	6
  75.5	7
  76.5	2
  77.5	4.07692
  78.5	5
  79.5	3.14286
  80.5	5
  81.5	6
  82.5	3
  83.5	3
  84.5	4.33333
  85.5	8.5
  86.5	1.5
  87.5	3
  88.5	5.5
  89.5	1.5
  90.5	2
  91.5	4
  92.5	2
  93.5	3
  94.5	1
  95.5	4
  96.5	1
  97.5	2
  98.5	2
  99.5	5
 100.5	3
 101.5	0.0666667
 102.5	1
 103.5	2
 104.5	0
 105.5	2
 106.5	1
 107.5	2
 108.5	1.11111
 109.5	2.5
 110.5	4
 111.5	7
 112.5	5
 113.5	4
 114.5	6
 115.5	3
 116.5	8
 117.5	6
 118.5	2
 119.5	3.07692
 120.5	6
 121.5	2
 122.5	2.14286
 123.5	3.5
 124.5	4
 125.5	1
 126.5	5.5
 127.5	4
 128.5	5.7
 129.5	1.5
 130.5	2
 131.5	4
 132.5	5.83333
 133.5	6
 134.5	4
 135.5	6
 136.5	2
 137.5	4
 138.5	6
 139.5	4.5
 140.5	1.06667
 141.5	7.5
 142.5	2
 143.5	1
 144.5	4
 145.5	2.66667
 146.5	2
 147.5	1
 148.5	1.5
 149.5	5
 150.5	5
 151.5	1.33333
 152.5	2
 153.5	3
 154.5	3
 155.5	4.5
 156.5	6
 157.5	7.07143
 158.5	2
 159.5	4
 160.5	5.33333
 161.5	1.07692
 162.5	1
 163.5	4
 164.5	4
 165.5	3
 166.5	6.14286
 167.5	4
 168.5	4
 169.5	1
 170.5	5.11111
 171.5	1
 172.5	4.2
 173.5	5
 174.5	3
 175.5	4
 176.5	3
 177.5	3.2
 178.5	1
 179.5	1.06667
 180.5	4.5
 181.5	4
 182.5	2
 183.5	3.5
 184.5	3
 185.5	3
 186.5	1
 187.5	3
 188.5	1
 189.5	3.5
 190.5	3
 191.5	4
 192.5	9
 193.5	0.333333
 194.5	0
 195.5	1
 196.5	7.07143
 197.5	3
 198.5	6
 199.5	5
 200.5	4.5
 201.5	3
 202.5	1
 203.5	4.91026
 204.5	5
 205.5	2
 206.5	2
 207.5	2
 208.5	2
 209.5	3.31111
 210.5	1.14286
 211.5	4
 212.5	2
 213.5	0.5
 214.5	6
 215.5	3
 216.5	1
 217.5	6
 218.5	4.06667
 219.5	5.5
 220.5	2
 221.5	4
 222.5	2.83333
 223.5	5
 224.5	4
 225.5	7
 226.5	3
 227.5	7.07143
 228.5	0
 229.5	3
 230.5	4
 231.5	3
 232.5	3
 233.5	3
 234.5	4
 235.5	1.5
 236.5	1
 237.5	2.5
 238.5	1
 239.5	1
 240.5	0.5
 241.5	5
 242.5	4
 243.5	3
 244.5	3.16667
 245.5	3
 246.5	1.33333
 247.5	4
 248.5	2
 249.5	3
 250.5	3
 251.5	1
 252.5	7
 253.5	6
 254.5	3.47619
 255.5	5
 256.5	5
 257.5	3.06667
 258.5	1
 259.5	5
 260.5	4
 261.5	4
 262.5	2
 263.5	3
 264.5	3.57143
 265.5	2
 266.5	3
 267.5	3
 268.5	1
 269.5	3
 270.5	7
 271.5	3
 272.5	3
 273.5	3
 274.5	6
 275.5	0
 276.5	3
 277.5	2
 278.5	5
 279.5	2
 280.5	2
 281.5	4
 282.5	8
 283.5	3
 284.5	4
 285.5	3
 286.5	1
 287.5	8
 288.5	3
 289.5	7
 290.5	4
 291.5	2
 292.5	4
 293.5	3
 294.5	4.07143
 295.5	1
 296.5	2
 297.5	0.142857
 298.5	2
 299.5	3
 300.5	2
 301.5	2
 302.5	1.2
 303.5	3
 304.5	3
 305.5	3
 306.5	2
 307.5	3
 308.5	3
 309.5	3
 310.5	5
 311.5	2
 312.5	2.5
 313.5	0
 314.5	6
 315.5	1
 316.5	1
 317.5	2
 318.5	5
 319.5	6
 320.5	6
 321.5	2
 322.5	2
 323.5	4
 324.5	8
 325.5	4
 326.5	4
DB 1 MOTIF	MXI1_HUMAN.H11MO.0.A
-324.5	29.1429
-323.5	24
-322.5	21.5
-321.5	21
-320.5	24.5
-319.5	29.5
-318.5	21
-317.5	29
-316.5	23.25
-315.5	32
-314.5	25
-313.5	21.35
-312.5	23
-311.5	19
-310.5	30
-309.5	26
-308.5	23
-307.5	20
-306.5	15
-305.5	17
-304.5	16.5
-303.5	25
-302.5	24
-301.5	21
-300.5	18
-299.5	21
-298.5	21
-297.5	21.6667
-296.5	30
-295.5	27.5
-294.5	19.5
-293.5	17.1429
-292.5	32.8333
-291.5	25.8333
-290.5	30
-289.5	17
-288.5	16
-287.5	19
-286.5	23.5
-285.5	21
-284.5	32.3333
-283.5	25.3333
-282.5	23
-281.5	27.25
-280.5	23
-279.5	15
-278.5	31.5
-277.5	26
-276.5	20
-275.5	23
-274.5	18.5
-273.5	19.25
-272.5	18
-271.5	20.1429
-270.5	22.3333
-269.5	20.5
-268.5	27
-267.5	23.3333
-266.5	27
-265.5	22.5
-264.5	26
-263.5	19
-262.5	17
-261.5	25.5
-260.5	20.5
-259.5	28
-258.5	20
-257.5	25
-256.5	30.5
-255.5	18
-254.5	17
-253.5	22.5
-252.5	22
-251.5	20
-250.5	21.1
-249.5	20.2857
-248.5	23.5
-247.5	20
-246.5	19.25
-245.5	31
-244.5	25.0909
-243.5	18
-242.5	23.625
-241.5	20.3333
-240.5	19
-239.5	21
-238.5	28
-237.5	21.3333
-236.5	17.3333
-235.5	16.6667
-234.5	27
-233.5	23
-232.5	20
-231.5	18
-230.5	33
-229.5	22.25
-228.5	25.5
-227.5	24.1429
-226.5	14.5
-225.5	24
-224.5	20
-223.5	27
-222.5	19
-221.5	28.5
-220.5	20.5
-219.5	24.8333
-218.5	33.6429
-217.5	16.5
-216.5	21.5
-215.5	28.5
-214.5	30
-213.5	20
-212.5	29.5
-211.5	30.25
-210.5	22
-209.5	17.5
-208.5	21
-207.5	22.9583
-206.5	18.5
-205.5	26.2576
-204.5	25
-203.5	29
-202.5	18
-201.5	27.125
-200.5	22.6429
-199.5	22.3333
-198.5	26.5
-197.5	22
-196.5	26
-195.5	20
-194.5	28
-193.5	20
-192.5	26.5
-191.5	16.5
-190.5	27.25
-189.5	20
-188.5	20
-187.5	28.4333
-186.5	30.5
-185.5	18.25
-184.5	21
-183.5	18
-182.5	24
-181.5	24.5
-180.5	23
-179.5	26
-178.5	29
-177.5	30
-176.5	20
-175.5	25
-174.5	13
-173.5	22.2
-172.5	27.125
-171.5	16
-170.5	12
-169.5	30
-168.5	20
-167.5	24
-166.5	21.4242
-165.5	19.3095
-164.5	32.5
-163.5	22.3333
-162.5	22.5
-161.5	29.6429
-160.5	30
-159.5	21.3333
-158.5	19
-157.5	24.6667
-156.5	18
-155.5	33
-154.5	31.5
-153.5	24
-152.5	28
-151.5	29.1429
-150.5	25.3333
-149.5	28
-148.5	27.5
-147.5	20
-146.5	18
-145.5	29.5
-144.5	19.5
-143.5	21
-142.5	35
-141.5	15.5
-140.5	27.5
-139.5	20.8333
-138.5	22
-137.5	17.625
-136.5	34
-135.5	21
-134.5	20
-133.5	19
-132.5	17.125
-131.5	20.5
-130.5	31
-129.5	22.25
-128.5	22
-127.5	25.0909
-126.5	31.5
-125.5	34
-124.5	25.1
-123.5	20
-122.5	21.2
-121.5	30
-120.5	15.5
-119.5	33
-118.5	18
-117.5	18.1429
-116.5	26
-115.5	21.125
-114.5	24.3333
-113.5	20
-112.5	19.6429
-111.5	23.8333
-110.5	22
-109.5	20.5
-108.5	24
-107.5	28
-106.5	18.5
-105.5	16
-104.5	24
-103.5	22
-102.5	34.4345
-101.5	24
-100.5	26
 -99.5	22
 -98.5	21
 -97.5	25
 -96.5	22.1667
 -95.5	15.2
 -94.5	24.4762
 -93.5	31
 -92.5	24.5
 -91.5	27.25
 -90.5	23.5
 -89.5	24.8333
 -88.5	19
 -87.5	23
 -86.5	23.8333
 -85.5	28
 -84.5	32.5
 -83.5	24
 -82.5	20
 -81.5	24.5
 -80.5	29
 -79.5	27.3333
 -78.5	25.5
 -77.5	20.5
 -76.5	14.5
 -75.5	24
 -74.5	29
 -73.5	28.6429
 -72.5	16.7
 -71.5	25
 -70.5	24
 -69.5	22.75
 -68.5	24.5
 -67.5	24.625
 -66.5	22
 -65.5	28
 -64.5	29.125
 -63.5	23.125
 -62.5	28.1667
 -61.5	32.6
 -60.5	17.3333
 -59.5	24.1429
 -58.5	29
 -57.5	22
 -56.5	19
 -55.5	20.5
 -54.5	19
 -53.5	28.25
 -52.5	30
 -51.5	32.1429
 -50.5	23.4762
 -49.5	29.5909
 -48.5	26
 -47.5	29
 -46.5	32
 -45.5	26
 -44.5	21.3333
 -43.5	12
 -42.5	25
 -41.5	22
 -40.5	19.1667
 -39.5	24.1667
 -38.5	25
 -37.5	22.35
 -36.5	29.5
 -35.5	28
 -34.5	29.5
 -33.5	25
 -32.5	24.625
 -31.5	26.5
 -30.5	26.5
 -29.5	25.5
 -28.5	29.6762
 -27.5	29
 -26.5	31
 -25.5	34
 -24.5	26.5
 -23.5	31.5
 -22.5	32
 -21.5	39
 -20.5	27
 -19.5	34
 -18.5	29
 -17.5	25.8333
 -16.5	40.5
 -15.5	28
 -14.5	28.1667
 -13.5	26.125
 -12.5	26
 -11.5	28
 -10.5	27.0909
  -9.5	25.5
  -8.5	22
  -7.5	25.5
  -6.5	26.6429
  -5.5	28.5
  -4.5	32
  -3.5	36.1
  -2.5	24
  -1.5	28.75
  -0.5	41
   0.5	29.3333
   1.5	29.1
   2.5	24.125
   3.5	32.5
   4.5	19
   5.5	33.125
   6.5	34
   7.5	26
   8.5	27
   9.5	29.3333
  10.5	23
  11.5	36
  12.5	16
  13.5	27
  14.5	30
  15.5	20.6667
  16.5	28
  17.5	28.5
  18.5	23.5
  19.5	41
  20.5	20.5
  21.5	26
  22.5	29.25
  23.5	30.6667
  24.5	35
  25.5	28
  26.5	33.5
  27.5	25.7
  28.5	25
  29.5	27.5
  30.5	28.35
  31.5	24.5
  32.5	23.6667
  33.5	29
  34.5	22.5
  35.5	25.3333
  36.5	26.5
  37.5	21.2679
  38.5	17.2
  39.5	20.5
  40.5	26
  41.5	19
  42.5	26
  43.5	24
  44.5	21
  45.5	26.5
  46.5	28.5
  47.5	25
  48.5	20.8333
  49.5	30
  50.5	18.5
  51.5	27
  52.5	26
  53.5	31
  54.5	16.5
  55.5	27.5
  56.5	20.5
  57.5	34
  58.5	27.75
  59.5	25
  60.5	14
  61.5	19
  62.5	20
  63.5	26.5
  64.5	21.7
  65.5	22
  66.5	23.5
  67.5	25.0909
  68.5	25
  69.5	20
  70.5	30.5
  71.5	23.6667
  72.5	30
  73.5	30
  74.5	20.7917
  75.5	30
  76.5	27
  77.5	22
  78.5	20
  79.5	19
  80.5	32
  81.5	19.6429
  82.5	21
  83.5	37.5
  84.5	19
  85.5	25.5
  86.5	24
  87.5	28
  88.5	21.625
  89.5	31.5
  90.5	22
  91.5	22
  92.5	26
  93.5	20.5
  94.5	13
  95.5	19.5
  96.5	28.1667
  97.5	23
  98.5	25.1
  99.5	26.5
 100.5	19
 101.5	20
 102.5	17
 103.5	19.25
 104.5	21
 105.5	14.2
 106.5	15.5
 107.5	32
 108.5	37
 109.5	19
 110.5	19
 111.5	21
 112.5	28.5833
 113.5	19
 114.5	26.5
 115.5	23.5
 116.5	25.8333
 117.5	23.1667
 118.5	33.3333
 119.5	25
 120.5	27
 121.5	30.5
 122.5	24.5
 123.5	14.5
 124.5	20.5
 125.5	22.1429
 126.5	26
 127.5	24.1
 128.5	25.8333
 129.5	15
 130.5	24
 131.5	12
 132.5	21.1
 133.5	27.6667
 134.5	21
 135.5	18
 136.5	20
 137.5	24.4762
 138.5	20.8333
 139.5	26.125
 140.5	29
 141.5	15
 142.5	27
 143.5	18.125
 144.5	23
 145.5	11.0909
 146.5	20.5
 147.5	24.1429
 148.5	22
 149.5	28
 150.5	25
 151.5	25.75
 152.5	26
 153.5	24
 154.5	32
 155.5	22
 156.5	13
 157.5	19
 158.5	20
 159.5	32
 160.5	20
 161.5	20.1667
 162.5	23.5
 163.5	18.5
 164.5	22
 165.5	25.5833
 166.5	22.1
 167.5	25
 168.5	21
 169.5	32
 170.5	20.3333
 171.5	26
 172.5	24.7
 173.5	22.5
 174.5	13.1667
 175.5	22.5
 176.5	12.5
 177.5	23.2
 178.5	20
 179.5	17
 180.5	18.5
 181.5	22
 182.5	16
 183.5	16
 184.5	15.5909
 185.5	14.3929
 186.5	20
 187.5	17
 188.5	22
 189.5	19
 190.5	13.475
 191.5	16
 192.5	19.5
 193.5	27
 194.5	26
 195.5	18.3333
 196.5	19
 197.5	28
 198.5	21
 199.5	16
 200.5	33.5
 201.5	29.5
 202.5	26
 203.5	15
 204.5	19.3333
 205.5	19.1667
 206.5	20
 207.5	21
 208.5	28
 209.5	29
 210.5	13
 211.5	18.5
 212.5	12.125
 213.5	21
 214.5	20
 215.5	24.5
 216.5	26
 217.5	24
 218.5	16
 219.5	21
 220.5	22
 221.5	24
 222.5	29
 223.5	18.0909
 224.5	13
 225.5	26
 226.5	11
 227.5	18.3333
 228.5	21
 229.5	25
 230.5	28.1
 231.5	29
 232.5	22.5
 233.5	20.6429
 234.5	25.8333
 235.5	15.5
 236.5	25.5
 237.5	18
 238.5	25
 239.5	28
 240.5	26
 241.5	16.125
 242.5	17
 243.5	20.5
 244.5	16
 245.5	25.5
 246.5	21
 247.5	27
 248.5	25.5
 249.5	25.1667
 250.5	14.5
 251.5	10.5
 252.5	21
 253.5	21.6
 254.5	23
 255.5	19
 256.5	27
 257.5	18.5
 258.5	21
 259.5	24.3333
 260.5	18.3333
 261.5	17
 262.5	26.1909
 263.5	17
 264.5	23
 265.5	25.5
 266.5	20
 267.5	15.5
 268.5	29
 269.5	13
 270.5	20
 271.5	19
 272.5	25
 273.5	21
 274.5	19
 275.5	26
 276.5	27
 277.5	19.5
 278.5	20.5
 279.5	21.5
 280.5	23
 281.5	11.125
 282.5	22
 283.5	16
 284.5	24
 285.5	18
 286.5	22
 287.5	16
 288.5	27
 289.5	20
 290.5	18
 291.5	26
 292.5	21.1667
 293.5	19
 294.5	26
 295.5	14
 296.5	25.1
 297.5	24
 298.5	17
 299.5	18
 300.5	23.5
 301.5	20
 302.5	27
 303.5	19.5
 304.5	20.5
 305.5	23
 306.5	20
 307.5	15.3333
 308.5	15
 309.5	27.5
 310.5	18
 311.5	23
 312.5	26
 313.5	25
 314.5	27
 315.5	25
 316.5	19
 317.5	11
 318.5	29
 319.5	23
 320.5	28
 321.5	22
 322.5	29
 323.5	16
 324.5	27
DB 1 MOTIF	MXI1_HUMAN.H11MO.1.A
-326.5	29
-325.5	23.3958
-324.5	15.5
-323.5	20.5769
-322.5	18
-321.5	28.4762
-320.5	24.25
-319.5	25
-318.5	34
-317.5	26.0714
-316.5	34
-315.5	28.5909
-314.5	36
-313.5	33.5
-312.5	28.0909
-311.5	28.5
-310.5	32.5
-309.5	19.5833
-308.5	24.5
-307.5	28
-306.5	31
-305.5	15
-304.5	24.3333
-303.5	14
-302.5	26.5
-301.5	33.0769
-300.5	19.7
-299.5	27
-298.5	25.5
-297.5	19.2
-296.5	25
-295.5	34.1667
-294.5	20
-293.5	25
-292.5	21.1667
-291.5	20.5
-290.5	29.5
-289.5	23.2
-288.5	20
-287.5	25.25
-286.5	21.1339
-285.5	18.8333
-284.5	17.6111
-283.5	25
-282.5	23
-281.5	22.5
-280.5	26
-279.5	18.25
-278.5	29
-277.5	26
-276.5	18.5769
-275.5	18
-274.5	26.5
-273.5	19
-272.5	29
-271.5	15.1111
-270.5	25.0833
-269.5	28.1
-268.5	24.1429
-267.5	22.1429
-266.5	28.3333
-265.5	23
-264.5	30.5
-263.5	27
-262.5	20
-261.5	24.0909
-260.5	26.5
-259.5	20.0769
-258.5	26
-257.5	21
-256.5	28
-255.5	25.7
-254.5	25.1111
-253.5	22.5
-252.5	30.5
-251.5	23.1667
-250.5	17.25
-249.5	24.5
-248.5	26
-247.5	23.1339
-246.5	17.375
-245.5	31
-244.5	19
-243.5	18
-242.5	20.1111
-241.5	26
-240.5	19.5
-239.5	27
-238.5	14.5
-237.5	21.5
-236.5	13.1667
-235.5	18.5
-234.5	30
-233.5	29
-232.5	19.3333
-231.5	28
-230.5	27.0333
-229.5	20.5
-228.5	32
-227.5	24.0769
-226.5	29
-225.5	20.6
-224.5	23.3111
-223.5	22
-222.5	30
-221.5	24
-220.5	23.4838
-219.5	17
-218.5	26.3333
-217.5	16.5769
-216.5	25
-215.5	33.3929
-214.5	28
-213.5	16
-212.5	25.5
-211.5	36.625
-210.5	22.5909
-209.5	28
-208.5	29.0625
-207.5	22.5
-206.5	24.5
-205.5	28.375
-204.5	32
-203.5	21
-202.5	27.5
-201.5	30
-200.5	17.6111
-199.5	27.5
-198.5	25
-197.5	28
-196.5	27
-195.5	20.5
-194.5	28.2833
-193.5	16.2
-192.5	25.5
-191.5	23.1111
-190.5	23
-189.5	28
-188.5	28.25
-187.5	18
-186.5	25.25
-185.5	19.7909
-184.5	24.5
-183.5	31.5769
-182.5	24.5
-181.5	24.6
-180.5	30.25
-179.5	21
-178.5	25.5
-177.5	16.2
-176.5	25.625
-175.5	23.0769
-174.5	23
-173.5	24.6667
-172.5	29
-171.5	20.1548
-170.5	14.3333
-169.5	28.372
-168.5	20.5
-167.5	24.5
-166.5	17
-165.5	27.5
-164.5	18.2
-163.5	24.2
-162.5	26.3429
-161.5	23.6167
-160.5	34
-159.5	24.5909
-158.5	30.1111
-157.5	28
-156.5	31.1111
-155.5	29.8333
-154.5	23.75
-153.5	19.1667
-152.5	21.2778
-151.5	30
-150.5	29
-149.5	25.5
-148.5	25
-147.5	25
-146.5	26.5
-145.5	26.7
-144.5	24.125
-143.5	20.5
-142.5	21
-141.5	21.625
-140.5	21.5
-139.5	31.3333
-138.5	24.1429
-137.5	23
-136.5	28.3686
-135.5	24
-134.5	24
-133.5	22.688
-132.5	24
-131.5	26
-130.5	26.6736
-129.5	22.5
-128.5	25.1111
-127.5	29
-126.5	33.4
-125.5	34.0833
-124.5	21
-123.5	17
-122.5	29.3333
-121.5	24
-120.5	25
-119.5	24.2338
-118.5	26
-117.5	24
-116.5	29.1111
-115.5	35.7714
-114.5	20
-113.5	26.325
-112.5	25.1667
-111.5	31.1111
-110.5	24
-109.5	23.3929
-108.5	21.8409
-107.5	23
-106.5	21.7917
-105.5	27
-104.5	19.5333
-103.5	20.6111
-102.5	31
-101.5	23
-100.5	25
 -99.5	28
 -98.5	23
 -97.5	27.1667
 -96.5	27.2
 -95.5	25.1667
 -94.5	32
 -93.5	31.5
 -92.5	28.1111
 -91.5	24.4228
 -90.5	35
 -89.5	25.0769
 -88.5	23.4338
 -87.5	24.5
 -86.5	25.0833
 -85.5	29.2
 -84.5	17
 -83.5	31.6944
 -82.5	25.3333
 -81.5	36
 -80.5	26.0714
 -79.5	26.5
 -78.5	27.1667
 -77.5	21.5
 -76.5	26.7
 -75.5	23
 -74.5	23.4444
 -73.5	18
 -72.5	19
 -71.5	17.625
 -70.5	34.7
 -69.5	31.1111
 -68.5	16.2
 -67.5	15.625
 -66.5	22.95
 -65.5	19.8611
 -64.5	33.5
 -63.5	21
 -62.5	25
 -61.5	32
 -60.5	20
 -59.5	20
 -58.5	25
 -57.5	26.8247
 -56.5	24.1429
 -55.5	27.2
 -54.5	30.1429
 -53.5	27.3667
 -52.5	33.5625
 -51.5	26.125
 -50.5	25.8111
 -49.5	38.5769
 -48.5	28
 -47.5	20
 -46.5	34.2
 -45.5	19.5
 -44.5	18
 -43.5	27.6667
 -42.5	24
 -41.5	23.8214
 -40.5	21.0769
 -39.5	29
 -38.5	23
 -37.5	27.5
 -36.5	25.7361
 -35.5	27
 -34.5	21
 -33.5	23.1111
 -32.5	32
 -31.5	24
 -30.5	27
 -29.5	33.2
 -28.5	26
 -27.5	26.1111
 -26.5	33
 -25.5	32.7333
 -24.5	32.2
 -23.5	24.1429
 -22.5	43
 -21.5	21.5
 -20.5	25.25
 -19.5	37
 -18.5	34.2
 -17.5	25
 -16.5	20.5
 -15.5	21
 -14.5	27.5
 -13.5	20.5625
 -12.5	26.5
 -11.5	25.5
 -10.5	20
  -9.5	30
  -8.5	37.5
  -7.5	34.0531
  -6.5	27.5909
  -5.5	29.5
  -4.5	32.7917
  -3.5	35.4762
  -2.5	29.6111
  -1.5	26.125
  -0.5	29
   0.5	28
   1.5	29.125
   2.5	42.1111
   3.5	42.5
   4.5	23.0833
   5.5	21.5
   6.5	36.4103
   7.5	39.7222
   8.5	21.0909
   9.5	23.5
  10.5	30.6111
  11.5	23
  12.5	19
  13.5	28.1111
  14.5	31.1667
  15.5	27
  16.5	25
  17.5	28
  18.5	27.1667
  19.5	31.6667
  20.5	30
  21.5	36.1429
  22.5	29.5
  23.5	27.2
  24.5	21
  25.5	28.2625
  26.5	27.5833
  27.5	27.0714
  28.5	26.2
  29.5	28.1
  30.5	35.5833
  31.5	35
  32.5	30
  33.5	21
  34.5	20.3309
  35.5	31.25
  36.5	27.5
  37.5	16.8333
  38.5	25.4762
  39.5	29.0909
  40.5	31.5833
  41.5	32.1667
  42.5	30.2
  43.5	34.5
  44.5	24.0909
  45.5	32.6667
  46.5	24
  47.5	26.25
  48.5	20
  49.5	27.3111
  50.5	18.5
  51.5	24
  52.5	18
  53.5	27.0769
  54.5	23
  55.5	24.1111
  56.5	27
  57.5	21.2937
  58.5	21.5
  59.5	23
  60.5	17.4444
  61.5	31
  62.5	25.25
  63.5	19.1111
  64.5	24.7292
  65.5	33
  66.5	21
  67.5	19
  68.5	26
  69.5	32
  70.5	28.8826
  71.5	34.3333
  72.5	28.5
  73.5	13.6
  74.5	32
  75.5	28.75
  76.5	26.5769
  77.5	26
  78.5	20.1429
  79.5	25
  80.5	26.5
  81.5	28
  82.5	26
  83.5	19.8333
  84.5	23
  85.5	17.3333
  86.5	30.5
  87.5	22.6667
  88.5	43
  89.5	25.5
  90.5	27
  91.5	20.8611
  92.5	28
  93.5	33
  94.5	23.4167
  95.5	19.0909
  96.5	24.1429
  97.5	21
  98.5	30.5
  99.5	22.8333
 100.5	28.5769
 101.5	18.1111
 102.5	24.2
 103.5	21.5625
 104.5	22.4444
 105.5	18
 106.5	25.5
 107.5	26.1111
 108.5	22.3944
 109.5	20.2
 110.5	26.1667
 111.5	32.5
 112.5	34
 113.5	23.3333
 114.5	24
 115.5	24
 116.5	27.8333
 117.5	23.35
 118.5	30.0769
 119.5	26.3333
 120.5	25.5
 121.5	26.6429
 122.5	26
 123.5	24.6111
 124.5	27.5
 125.5	21.5
 126.5	19.5
 127.5	21.5
 128.5	30.5833
 129.5	22.0833
 130.5	24.5
 131.5	29.5833
 132.5	20.3333
 133.5	20.3333
 134.5	16.6667
 135.5	24.5
 136.5	23.5
 137.5	28
 138.5	26.2
 139.5	25.125
 140.5	25
 141.5	18
 142.5	25.1736
 143.5	22.5
 144.5	21.1667
 145.5	26.25
 146.5	22.5909
 147.5	20.0769
 148.5	28
 149.5	18.5
 150.5	21
 151.5	27.1111
 152.5	24
 153.5	22.5
 154.5	22.1429
 155.5	32
 156.5	25
 157.5	17.25
 158.5	26.0714
 159.5	20
 160.5	14.0769
 161.5	26.6694
 162.5	23.5833
 163.5	21
 164.5	24.0833
 165.5	28.1429
 166.5	27
 167.5	25
 168.5	20
 169.5	22.202
 170.5	23.5
 171.5	17.5
 172.5	26
 173.5	32.2
 174.5	18.8333
 175.5	35.5
 176.5	28.0333
 177.5	21
 178.5	22
 179.5	21
 180.5	18
 181.5	24.8958
 182.5	17.5
 183.5	26
 184.5	25.1111
 185.5	21
 186.5	21.3111
 187.5	16.5
 188.5	24
 189.5	29.75
 190.5	18
 191.5	19
 192.5	21.4583
 193.5	24
 194.5	15.4936
 195.5	34
 196.5	20
 197.5	40.9957
 198.5	31.5
 199.5	18
 200.5	31.25
 201.5	27.5
 202.5	23.9103
 203.5	20
 204.5	19.25
 205.5	27.1
 206.5	26
 207.5	19.3333
 208.5	18.2361
 209.5	19.6429
 210.5	19
 211.5	27.5
 212.5	29
 213.5	26
 214.5	11.1111
 215.5	18.8333
 216.5	27
 217.5	19
 218.5	33.5
 219.5	26
 220.5	26.5625
 221.5	26.5
 222.5	24
 223.5	24.3333
 224.5	17
 225.5	25
 226.5	29.0833
 227.5	22.5
 228.5	25.5714
 229.5	24
 230.5	19.25
 231.5	27
 232.5	24.5
 233.5	30.5833
 234.5	27
 235.5	25
 236.5	26
 237.5	12.5
 238.5	30.8333
 239.5	18.5909
 240.5	17.25
 241.5	18.5769
 242.5	32.7
 243.5	17.1667
 244.5	25
 245.5	18.5
 246.5	20
 247.5	15.5
 248.5	20.5
 249.5	17.2111
 250.5	19
 251.5	19
 252.5	28
 253.5	27.1429
 254.5	25.625
 255.5	32.6667
 256.5	25.5
 257.5	22
 258.5	21.5833
 259.5	21.0625
 260.5	19.25
 261.5	28
 262.5	26
 263.5	22.75
 264.5	26.8333
 265.5	12.0714
 266.5	19
 267.5	20.1111
 268.5	29
 269.5	27.3333
 270.5	36.25
 271.5	27
 272.5	27.5
 273.5	22
 274.5	24
 275.5	21
 276.5	25
 277.5	20.125
 278.5	22.3333
 279.5	25.5
 280.5	19
 281.5	29.5
 282.5	20.75
 283.5	23.5
 284.5	22
 285.5	24.5
 286.5	17.3333
 287.5	25.5
 288.5	21.5
 289.5	27
 290.5	29.5
 291.5	15
 292.5	32.0833
 293.5	20.1
 294.5	21
 295.5	33.5714
 296.5	25.9762
 297.5	21
 298.5	21
 299.5	18
 300.5	28
 301.5	31.5
 302.5	24
 303.5	19
 304.5	21
 305.5	21
 306.5	18
 307.5	18
 308.5	27
 309.5	30.5
 310.5	28.3333
 311.5	23.5
 312.5	26.625
 313.5	17.5
 314.5	25
 315.5	21
 316.5	28.5
 317.5	22
 318.5	17.5
 319.5	23.5
 320.5	24
 321.5	16
 322.5	20
 323.5	17
 324.5	26.25
 325.5	30
 326.5	31.0833
DB 1 MOTIF	MYCN_HUMAN.H11MO.0.A
-326.0	22.0625
-325.0	20
-324.0	22.5
-323.0	15.5
-322.0	11
-321.0	24.6429
-320.0	18.5
-319.0	25
-318.0	21.5
-317.0	14.5714
-316.0	22
-315.0	23.0909
-314.0	36
-313.0	26.5
-312.0	26
-311.0	21.5
-310.0	22
-309.0	21.5
-308.0	17
-307.0	24.5
-306.0	19
-305.0	12
-304.0	19
-303.0	12.5
-302.0	21.0769
-301.0	18.2
-300.0	28
-299.0	14
-298.0	9
-297.0	17.5
-296.0	18
-295.0	21.5
-294.0	23.8333
-293.0	17.1667
-292.0	14
-291.0	16
-290.0	23.5
-289.0	25
-288.0	22
-287.0	20.0625
-286.0	19.0714
-285.0	21
-284.0	20
-283.0	18.5
-282.0	21
-281.0	17
-280.0	23
-279.0	28
-278.0	23
-277.0	15
-276.0	18
-275.0	25.5
-274.0	28
-273.0	20
-272.0	16
-271.0	16
-270.0	23
-269.0	21
-268.0	15.1429
-267.0	21
-266.0	26
-265.0	27
-264.0	14
-263.0	19
-262.0	16
-261.0	36
-260.0	15.0769
-259.0	23
-258.0	19
-257.0	23.5
-256.0	26
-255.0	22
-254.0	25
-253.0	21
-252.0	20.1667
-251.0	20
-250.0	24
-249.0	24
-248.0	14.0625
-247.0	18.0714
-246.0	14
-245.0	20.5
-244.0	17.5
-243.0	20
-242.0	22
-241.0	23
-240.0	14.5
-239.0	18
-238.0	27
-237.0	15.1667
-236.0	16
-235.0	22.5
-234.0	21
-233.0	21
-232.0	25.5
-231.0	26
-230.0	24
-229.0	27.6429
-228.0	20.5
-227.0	36
-226.0	19
-225.0	25
-224.0	27
-223.0	18
-222.0	27.5
-221.0	20
-220.0	20.0909
-219.0	18
-218.0	24.0769
-217.0	15.3333
-216.0	26
-215.0	18.1429
-214.0	22
-213.0	22
-212.0	18
-211.0	20
-210.0	17
-209.0	27.0625
-208.0	18.3429
-207.0	22
-206.0	22
-205.0	28.125
-204.0	19
-203.0	15
-202.0	22.5
-201.0	17
-200.0	25
-199.0	18
-198.0	26
-197.0	20
-196.0	25.5
-195.0	14
-194.0	23
-193.0	18
-192.0	15.2
-191.0	22.3333
-190.0	22.5
-189.0	22
-188.0	22
-187.0	19.25
-186.0	21.2
-185.0	17.0909
-184.0	19
-183.0	28.1429
-182.0	24
-181.0	21.75
-180.0	28
-179.0	22
-178.0	14
-177.0	15.2
-176.0	25.2769
-175.0	17.5
-174.0	20.3333
-173.0	25.5
-172.0	14
-171.0	23.0714
-170.0	14.5625
-169.0	22
-168.0	15
-167.0	18
-166.0	30.5
-165.0	23.5
-164.0	23.6429
-163.0	27
-162.0	18.1429
-161.0	22
-160.0	23.2
-159.0	16
-158.0	20
-157.0	20.1111
-156.0	22
-155.0	17
-154.0	17
-153.0	15.1667
-152.0	18
-151.0	21
-150.0	19
-149.0	22
-148.0	23.5
-147.0	28
-146.0	26.5
-145.0	21.5
-144.0	15.5
-143.0	25
-142.0	22
-141.0	15
-140.0	20
-139.0	23.1667
-138.0	22
-137.0	22.6429
-136.0	16.125
-135.0	23
-134.0	17.0769
-133.0	23
-132.0	24
-131.0	24.0625
-130.0	18
-129.0	23
-128.0	22
-127.0	23
-126.0	21.2
-125.0	18
-124.0	16
-123.0	24
-122.0	23.3333
-121.0	16.5
-120.0	21.1429
-119.0	24.0909
-118.0	18
-117.0	15
-116.0	27.5
-115.0	22.0714
-114.0	28.5
-113.0	22.5
-112.0	18
-111.0	19
-110.0	13.5
-109.0	17.1429
-108.0	17
-107.0	19
-106.0	24
-105.0	14
-104.0	24.1111
-103.0	15
-102.0	20
-101.0	21
-100.0	19
 -99.0	22.5
 -98.0	28.3095
 -97.0	27
 -96.0	32
 -95.0	20.5
 -94.0	21
 -93.0	22.1429
 -92.0	28.1394
 -91.0	25.4762
 -90.0	21.5
 -89.0	26.1667
 -88.0	27.5909
 -87.0	23
 -86.0	25.5
 -85.0	21
 -84.0	26
 -83.0	23.8333
 -82.0	24
 -81.0	30.5
 -80.0	15.0714
 -79.0	26
 -78.0	22
 -77.0	24.2
 -76.0	24.8429
 -75.0	28.5
 -74.0	17.8333
 -73.0	14
 -72.0	25
 -71.0	21
 -70.0	36.5
 -69.0	20.2
 -68.0	19
 -67.0	21.375
 -66.0	14.75
 -65.0	30.5
 -64.0	20.5
 -63.0	19
 -62.0	22
 -61.0	28.5
 -60.0	25
 -59.0	25
 -58.0	27.1667
 -57.0	19.0909
 -56.0	22.1429
 -55.0	27
 -54.0	31.3095
 -53.0	21.0625
 -52.0	29.5
 -51.0	26.1111
 -50.0	22.0769
 -49.0	23
 -48.0	19.5
 -47.0	24
 -46.0	27
 -45.0	17
 -44.0	25
 -43.0	34
 -42.0	26.25
 -41.0	12.5714
 -40.0	20
 -39.0	25
 -38.0	16
 -37.0	20.5
 -36.0	24.5
 -35.0	18
 -34.0	16.1429
 -33.0	18.5
 -32.0	18.2857
 -31.0	28
 -30.0	32
 -29.0	30.5
 -28.0	35.5
 -27.0	20
 -26.0	26
 -25.0	23
 -24.0	30
 -23.0	33
 -22.0	27
 -21.0	25
 -20.0	29
 -19.0	37.5
 -18.0	28
 -17.0	20.5
 -16.0	15
 -15.0	21
 -14.0	21.0625
 -13.0	29
 -12.0	23
 -11.0	20
 -10.0	22
  -9.0	17.5
  -8.0	29.3269
  -7.0	19
  -6.0	33
  -5.0	20
  -4.0	30
  -3.0	27.1429
  -2.0	21.5
  -1.0	22
   0.0	22
   1.0	30
   2.0	24.2361
   3.0	29
   4.0	29
   5.0	26
   6.0	29.3333
   7.0	27
   8.0	23.5
   9.0	26.0909
  10.0	26.5
  11.0	21.5
  12.0	17.1429
  13.0	26
  14.0	21.1667
  15.0	19
  16.0	23.5
  17.0	32.5
  18.0	25.5
  19.0	25
  20.0	25
  21.0	24.1667
  22.0	14
  23.0	24.5
  24.0	24.2
  25.0	13.0625
  26.0	26.0833
  27.0	21.5
  28.0	32.0714
  29.0	19.5
  30.0	34.5
  31.0	27
  32.0	27
  33.0	15
  34.0	22.5055
  35.0	18
  36.0	29.2
  37.0	25
  38.0	21.3333
  39.0	18.5
  40.0	26.4242
  41.0	27
  42.0	29
  43.0	21
  44.0	20
  45.0	19.1667
  46.0	28
  47.0	20.25
  48.0	26
  49.0	16.2
  50.0	21.5
  51.0	19
  52.0	32.5
  53.0	22
  54.0	21
  55.0	23.1111
  56.0	25.1429
  57.0	26.5
  58.0	18.0714
  59.0	19
  60.0	19.0833
  61.0	21
  62.0	22.75
  63.0	18.1429
  64.0	25.0625
  65.0	23
  66.0	21.5
  67.0	15
  68.0	16
  69.0	20.5
  70.0	28.6667
  71.0	29.7159
  72.0	21
  73.0	23
  74.0	28
  75.0	25
  76.0	23.5769
  77.0	32.1429
  78.0	14.2857
  79.0	19
  80.0	25
  81.0	21
  82.0	19.5
  83.0	17
  84.0	18.5
  85.0	19
  86.0	24.8333
  87.0	28
  88.0	26
  89.0	27
  90.0	19
  91.0	15
  92.0	23
  93.0	33.6429
  94.0	27.0833
  95.0	19
  96.0	21
  97.0	19
  98.0	25
  99.0	21
 100.0	18.8333
 101.0	22
 102.0	25
 103.0	23.5625
 104.0	12
 105.0	21
 106.0	14
 107.0	29.1429
 108.0	28.3111
 109.0	19
 110.0	22
 111.0	23.5
 112.0	27
 113.0	30.3333
 114.0	15
 115.0	25
 116.0	19.9762
 117.0	20
 118.0	12.0769
 119.0	31
 120.0	16.8333
 121.0	20.1429
 122.0	25.1429
 123.0	19
 124.0	23.3333
 125.0	32.5
 126.0	21
 127.0	18.7
 128.0	15.5833
 129.0	21
 130.0	23.5
 131.0	22
 132.0	24.3333
 133.0	17
 134.0	20.6667
 135.0	17.5
 136.0	18
 137.0	19
 138.0	22
 139.0	16
 140.0	22.125
 141.0	19
 142.0	18.0625
 143.0	26.5
 144.0	18.8095
 145.0	12.5
 146.0	27.5
 147.0	14
 148.0	18
 149.0	21
 150.0	11
 151.0	32
 152.0	16.5
 153.0	21
 154.0	20
 155.0	24.1429
 156.0	18.5
 157.0	23
 158.0	14
 159.0	20.5714
 160.0	17.0769
 161.0	15.1111
 162.0	20.5833
 163.0	25
 164.0	18
 165.0	22.1429
 166.0	22.3333
 167.0	16
 168.0	27
 169.0	31.1429
 170.0	20.5909
 171.0	23
 172.0	18.5
 173.0	25.5
 174.0	27.7
 175.0	17.5
 176.0	19.7
 177.0	20.5
 178.0	20.5
 179.0	20
 180.0	19
 181.0	28.0625
 182.0	16
 183.0	15
 184.0	17.5
 185.0	16.5
 186.0	23
 187.0	16.5
 188.0	13
 189.0	18.75
 190.0	29
 191.0	13.5
 192.0	18
 193.0	14.8333
 194.0	26.2262
 195.0	16
 196.0	24
 197.0	21
 198.0	28.0714
 199.0	15
 200.0	18
 201.0	15.5
 202.0	32.0769
 203.0	17
 204.0	20
 205.0	24
 206.0	22
 207.0	13.5
 208.0	23.8429
 209.0	11.7679
 210.0	20
 211.0	20
 212.0	19.5
 213.0	29
 214.0	17.1111
 215.0	13
 216.0	25
 217.0	22.5
 218.0	20
 219.0	20.5
 220.0	20.3958
 221.0	23.5
 222.0	22
 223.0	20
 224.0	17
 225.0	12
 226.0	19.5833
 227.0	21
 228.0	20
 229.0	18.0714
 230.0	12.25
 231.0	24.1429
 232.0	13
 233.0	22.4762
 234.0	15
 235.0	12
 236.0	26.3333
 237.0	21
 238.0	21
 239.0	19
 240.0	15.0909
 241.0	16
 242.0	28
 243.0	18.1667
 244.0	17
 245.0	18.3333
 246.0	14
 247.0	11
 248.0	16
 249.0	15.5
 250.0	20
 251.0	20
 252.0	16
 253.0	23.6429
 254.0	21.5
 255.0	17
 256.0	17
 257.0	11.5
 258.0	24.5833
 259.0	19.0625
 260.0	19
 261.0	21.5
 262.0	25
 263.0	15.5
 264.0	26.3333
 265.0	12
 266.0	17.5714
 267.0	18.1111
 268.0	22
 269.0	18.3333
 270.0	24
 271.0	24
 272.0	30.1429
 273.0	24
 274.0	23
 275.0	15
 276.0	26
 277.0	21.1429
 278.0	14.125
 279.0	34.5
 280.0	26
 281.0	18
 282.0	31
 283.0	18
 284.0	24
 285.0	18
 286.0	23
 287.0	18
 288.0	27
 289.0	20
 290.0	12
 291.0	27
 292.0	20.5833
 293.0	18
 294.0	23
 295.0	19
 296.0	16.2143
 297.0	21
 298.0	25
 299.0	12
 300.0	23
 301.0	21.2
 302.0	10
 303.0	14
 304.0	23.5
 305.0	24
 306.0	25
 307.0	22.5
 308.0	16
 309.0	18
 310.0	26.5
 311.0	20.9762
 312.0	18
 313.0	26
 314.0	13
 315.0	20
 316.0	23
 317.0	17
 318.0	15
 319.0	21
 320.0	20.5
 321.0	17
 322.0	27
 323.0	23
 324.0	20
 325.0	22
 326.0	22.0833
DB 1 MOTIF	MYC_HUMAN.H11MO.0.A
-326.5	31
-325.5	18.0625
-324.5	12
-323.5	18
-322.5	20
-321.5	20.5
-320.5	22.3929
-319.5	26
-318.5	24
-317.5	17.0714
-316.5	27.5
-315.5	21.0909
-314.5	31
-313.5	28
-312.5	19
-311.5	25
-310.5	25
-309.5	21.0833
-308.5	19
-307.5	20
-306.5	18
-305.5	18
-304.5	20.5
-303.5	12.5
-302.5	25
-301.5	28.0769
-300.5	25.5
-299.5	22.5
-298.5	24
-297.5	23.6429
-296.5	25
-295.5	24.6667
-294.5	18.5
-293.5	22.3333
-292.5	22
-291.5	18
-290.5	21
-289.5	23.5
-288.5	21
-287.5	19
-286.5	21.1339
-285.5	23.25
-284.5	13
-283.5	22
-282.5	23.5
-281.5	30
-280.5	21
-279.5	15.5
-278.5	19
-277.5	23.3333
-276.5	13.5
-275.5	18.5
-274.5	35
-273.5	19
-272.5	20
-271.5	16
-270.5	21.5833
-269.5	26.5
-268.5	20.5
-267.5	24.2857
-266.5	19
-265.5	28
-264.5	17
-263.5	27
-262.5	20
-261.5	21
-260.5	23
-259.5	19.0769
-258.5	17
-257.5	21
-256.5	21.5
-255.5	21.2
-254.5	23.1111
-253.5	26.1429
-252.5	23.5
-251.5	26
-250.5	21.25
-249.5	28.5
-248.5	24
-247.5	18.1339
-246.5	20.375
-245.5	25
-244.5	18
-243.5	20
-242.5	17
-241.5	27
-240.5	14
-239.5	21
-238.5	26.5
-237.5	18
-236.5	15.3333
-235.5	18.5
-234.5	34
-233.5	21
-232.5	20.1667
-231.5	27.1429
-230.5	19.5
-229.5	23.8333
-228.5	27
-227.5	27
-226.5	30.5
-225.5	22.5
-224.5	17.7
-223.5	24
-222.5	21
-221.5	19
-220.5	21.2338
-219.5	20
-218.5	25
-217.5	26.0769
-216.5	20
-215.5	26.25
-214.5	25.1429
-213.5	13.5
-212.5	22
-211.5	26.625
-210.5	26.5
-209.5	15
-208.5	26.0625
-207.5	19.2
-206.5	25
-205.5	28.125
-204.5	26
-203.5	20.75
-202.5	17
-201.5	23
-200.5	15
-199.5	21
-198.5	23
-197.5	23
-196.5	18
-195.5	19.5
-194.5	14.0833
-193.5	19
-192.5	18
-191.5	18.3111
-190.5	26.6667
-189.5	14
-188.5	23
-187.5	19
-186.5	21.25
-185.5	21.0909
-184.5	16
-183.5	22.5
-182.5	22
-181.5	24
-180.5	25
-179.5	14.5
-178.5	25
-177.5	14.2
-176.5	22.625
-175.5	24.7769
-174.5	21
-173.5	23.3333
-172.5	25.5
-171.5	22.1548
-170.5	17.3333
-169.5	16.372
-168.5	20
-167.5	18
-166.5	20.5
-165.5	28.6429
-164.5	23.5
-163.5	21
-162.5	23.2
-161.5	18.2262
-160.5	28.25
-159.5	20.2
-158.5	20
-157.5	28
-156.5	28.6111
-155.5	14.5
-154.5	20.8333
-153.5	22
-152.5	18.1667
-151.5	24
-150.5	25
-149.5	19
-148.5	17
-147.5	21.5
-146.5	35
-145.5	27.5
-144.5	18.125
-143.5	14
-142.5	28.1111
-141.5	19.125
-140.5	26
-139.5	23
-138.5	19.1429
-137.5	13
-136.5	21.625
-135.5	21.5
-134.5	17
-133.5	24.688
-132.5	19
-131.5	23
-130.5	15.0625
-129.5	22
-128.5	20.1111
-127.5	19
-126.5	19.2
-125.5	19.0833
-124.5	13
-123.5	20
-122.5	27.3333
-121.5	18.6429
-120.5	22
-119.5	24.7338
-118.5	21.5
-117.5	20.25
-116.5	17.1111
-115.5	31.0714
-114.5	25
-113.5	20.625
-112.5	16
-111.5	20
-110.5	23
-109.5	15
-108.5	17.6429
-107.5	19
-106.5	23.125
-105.5	24.5
-104.5	22.2
-103.5	15.1111
-102.5	20
-101.5	18
-100.5	31
 -99.5	16.5
 -98.5	24.1429
 -97.5	35
 -96.5	27
 -95.5	23
 -94.5	15
 -93.5	16
 -92.5	28.1111
 -91.5	16.6394
 -90.5	25.8333
 -89.5	19
 -88.5	21.2338
 -87.5	24
 -86.5	21.5833
 -85.5	20
 -84.5	22.5
 -83.5	26.1667
 -82.5	22.3333
 -81.5	30
 -80.5	22.0714
 -79.5	14.5
 -78.5	29
 -77.5	13.1429
 -76.5	20.9
 -75.5	21.5
 -74.5	23.8333
 -73.5	14
 -72.5	17
 -71.5	20.625
 -70.5	27.5
 -69.5	25
 -68.5	14.5
 -67.5	23.125
 -66.5	18.25
 -65.5	23.3611
 -64.5	23.6111
 -63.5	20.3333
 -62.5	29.5
 -61.5	34.5
 -60.5	28.5
 -59.5	14
 -58.5	28
 -57.5	31.2338
 -56.5	25
 -55.5	24.7857
 -54.5	27.7857
 -53.5	26.1667
 -52.5	23.0625
 -51.5	24.125
 -50.5	24.1111
 -49.5	27.0769
 -48.5	28
 -47.5	23.5
 -46.5	34.7
 -45.5	17.3333
 -44.5	23
 -43.5	22.6667
 -42.5	23
 -41.5	19.0714
 -40.5	19.5
 -39.5	21.5
 -38.5	23
 -37.5	28.5
 -36.5	20.125
 -35.5	16.5
 -34.5	17
 -33.5	18.1111
 -32.5	26.1429
 -31.5	29
 -30.5	25
 -29.5	27.3333
 -28.5	25
 -27.5	30
 -26.5	19.1111
 -25.5	23.8333
 -24.5	25
 -23.5	24.1429
 -22.5	22
 -21.5	22
 -20.5	27.5
 -19.5	29
 -18.5	32.5
 -17.5	27
 -16.5	16.5
 -15.5	22
 -14.5	22.5
 -13.5	19.5625
 -12.5	32.5
 -11.5	16
 -10.5	24
  -9.5	25.5
  -8.5	23
  -7.5	25.7198
  -6.5	30.5
  -5.5	28
  -4.5	19.625
  -3.5	32.5
  -2.5	23.254
  -1.5	25.125
  -0.5	26
   0.5	19
   1.5	21.125
   2.5	30.6111
   3.5	24.8333
   4.5	21.5833
   5.5	19
   6.5	28.3333
   7.5	36.1111
   8.5	13.0909
   9.5	24
  10.5	18.5
  11.5	13
  12.5	26
  13.5	20
  14.5	22
  15.5	23.5
  16.5	24
  17.5	22.5
  18.5	25
  19.5	18.1667
  20.5	19
  21.5	21.6429
  22.5	17
  23.5	26.2
  24.5	19.5
  25.5	20.5625
  26.5	22
  27.5	24.0714
  28.5	24
  29.5	25.5
  30.5	29.0833
  31.5	25
  32.5	27
  33.5	21.4524
  34.5	21.188
  35.5	19.2
  36.5	18
  37.5	20.3333
  38.5	29.6429
  39.5	25.0909
  40.5	22.3333
  41.5	32
  42.5	24
  43.5	18
  44.5	22
  45.5	17.1667
  46.5	28
  47.5	21.25
  48.5	26
  49.5	21
  50.5	14.5
  51.5	24
  52.5	14.5
  53.5	23
  54.5	27.5
  55.5	24.1111
  56.5	22
  57.5	24.0714
  58.5	22
  59.5	21
  60.5	17.1111
  61.5	27.5
  62.5	23.25
  63.5	20.1111
  64.5	31.0625
  65.5	18
  66.5	17
  67.5	17
  68.5	19
  69.5	24
  70.5	26.2159
  71.5	14.5
  72.5	23.6667
  73.5	25.5
  74.5	22.5
  75.5	19
  76.5	18.5769
  77.5	30.7857
  78.5	26
  79.5	22
  80.5	25
  81.5	23
  82.5	22.8333
  83.5	19.3333
  84.5	17.5
  85.5	20.3333
  86.5	28.8333
  87.5	25.5
  88.5	28
  89.5	20.1111
  90.5	16
  91.5	21
  92.5	26
  93.5	27.5
  94.5	21
  95.5	19
  96.5	16.1429
  97.5	19
  98.5	26
  99.5	21
 100.5	20.8333
 101.5	18
 102.5	17
 103.5	23.0625
 104.5	12
 105.5	19.5
 106.5	30
 107.5	24.1111
 108.5	31.6944
 109.5	22
 110.5	20
 111.5	29.1667
 112.5	32
 113.5	25.3333
 114.5	19
 115.5	19
 116.5	22
 117.5	26
 118.5	23.0769
 119.5	18
 120.5	23.9762
 121.5	23.1429
 122.5	18
 123.5	23.6111
 124.5	32
 125.5	26
 126.5	16.95
 127.5	15.6111
 128.5	18
 129.5	23
 130.5	17.5
 131.5	19.5833
 132.5	18
 133.5	21.3333
 134.5	15.3333
 135.5	14.5
 136.5	23.5
 137.5	21.5
 138.5	21
 139.5	16.625
 140.5	18
 141.5	16
 142.5	30.0625
 143.5	23.6429
 144.5	19.6667
 145.5	30
 146.5	21
 147.5	16.5
 148.5	26
 149.5	8.5
 150.5	21.1667
 151.5	28
 152.5	22
 153.5	23
 154.5	18.6429
 155.5	27
 156.5	22
 157.5	13
 158.5	14.0714
 159.5	19
 160.5	12.0769
 161.5	20.2361
 162.5	17
 163.5	21.5
 164.5	25.2262
 165.5	21.6111
 166.5	16
 167.5	19
 168.5	22
 169.5	22.202
 170.5	24
 171.5	18
 172.5	26.5
 173.5	24.2
 174.5	23.8333
 175.5	26.2
 176.5	20
 177.5	21.5
 178.5	20
 179.5	21
 180.5	13
 181.5	19.5625
 182.5	18.75
 183.5	20
 184.5	13
 185.5	20
 186.5	17.1111
 187.5	12.5
 188.5	23.5
 189.5	29.25
 190.5	18.5
 191.5	12.1111
 192.5	22.4583
 193.5	20
 194.5	14
 195.5	23
 196.5	25
 197.5	24.5714
 198.5	27.5
 199.5	18
 200.5	26
 201.5	23
 202.5	23.9103
 203.5	16
 204.5	18
 205.5	28
 206.5	19.5
 207.5	12.2
 208.5	22.879
 209.5	12.5
 210.5	12
 211.5	25.5
 212.5	18
 213.5	24.3333
 214.5	12.6111
 215.5	17.5
 216.5	22
 217.5	13.5
 218.5	22
 219.5	19
 220.5	24.0625
 221.5	30.5
 222.5	20
 223.5	16
 224.5	17
 225.5	28
 226.5	28
 227.5	21
 228.5	15.0714
 229.5	23
 230.5	16.25
 231.5	24
 232.5	19.3333
 233.5	30
 234.5	15
 235.5	19
 236.5	24.5
 237.5	12
 238.5	25.75
 239.5	23.0909
 240.5	15
 241.5	19
 242.5	24
 243.5	26.1667
 244.5	25.3333
 245.5	16.8333
 246.5	16.5
 247.5	19.5
 248.5	20
 249.5	15.6111
 250.5	21
 251.5	16
 252.5	21.1429
 253.5	21.5
 254.5	16.125
 255.5	25.3333
 256.5	12
 257.5	26.5
 258.5	25.5
 259.5	21.0625
 260.5	19
 261.5	22
 262.5	15
 263.5	25
 264.5	18.5
 265.5	14.0714
 266.5	17
 267.5	25.1111
 268.5	29.3333
 269.5	19
 270.5	23
 271.5	19.5
 272.5	25
 273.5	23
 274.5	33
 275.5	17
 276.5	20
 277.5	16.125
 278.5	27
 279.5	22
 280.5	21
 281.5	28
 282.5	17
 283.5	14
 284.5	23
 285.5	22
 286.5	15.5
 287.5	21
 288.5	25
 289.5	18.5
 290.5	29
 291.5	21
 292.5	18
 293.5	22.5
 294.5	17
 295.5	23.2143
 296.5	22
 297.5	19
 298.5	21
 299.5	15
 300.5	24.7
 301.5	21
 302.5	13
 303.5	22
 304.5	27
 305.5	21
 306.5	19.1667
 307.5	27
 308.5	23
 309.5	28
 310.5	26.5
 311.5	25.3333
 312.5	17.125
 313.5	23
 314.5	18
 315.5	20
 316.5	24
 317.5	15
 318.5	10
 319.5	21
 320.5	16
 321.5	27.6111
 322.5	22
 323.5	19
 324.5	25
 325.5	19
 326.5	20
DB 1 MOTIF	MYF6_HUMAN.H11MO.0.C
-328.5	14.1667
-327.5	24.4167
-326.5	15.8333
-325.5	11
-324.5	18.4444
-323.5	17.0167
-322.5	13.4167
-321.5	17.7436
-320.5	16.3333
-319.5	16.9067
-318.5	24.0833
-317.5	24.9333
-316.5	19.0833
-315.5	14.8333
-314.5	15.5069
-313.5	16.1422
-312.5	12.2
-311.5	14.9
-310.5	20.625
-309.5	14.0833
-308.5	16.75
-307.5	12.75
-306.5	13.9167
-305.5	14.0833
-304.5	17
-303.5	16.5262
-302.5	14.2778
-301.5	13.5
-300.5	14.75
-299.5	9.5
-298.5	16.25
-297.5	13.5333
-296.5	20.8733
-295.5	14.8333
-294.5	17.5
-293.5	12.0833
-292.5	18.0909
-291.5	16
-290.5	16.9167
-289.5	19.4167
-288.5	16.3333
-287.5	16.8667
-286.5	14.9588
-285.5	16.5833
-284.5	12.9167
-283.5	12.129
-282.5	20.3333
-281.5	19.75
-280.5	17.2344
-279.5	25.2436
-278.5	15.4762
-277.5	18.5
-276.5	15.1667
-275.5	11
-274.5	18.3125
-273.5	13.6762
-272.5	11.4333
-271.5	10.5
-270.5	16.3333
-269.5	12.1
-268.5	15.9
-267.5	12.0833
-266.5	9.16667
-265.5	14.0667
-264.5	14.1762
-263.5	21.1944
-262.5	24
-261.5	15.6667
-260.5	18.5417
-259.5	21.7255
-258.5	19.6667
-257.5	21.04
-256.5	13.4242
-255.5	13.3076
-254.5	19.0167
-253.5	18.7833
-252.5	21.8333
-251.5	11.75
-250.5	14.6667
-249.5	15.0833
-248.5	19.75
-247.5	20.45
-246.5	18.3179
-245.5	24.5167
-244.5	22.4167
-243.5	20.2
-242.5	17.5
-241.5	19.0833
-240.5	22.3333
-239.5	21.75
-238.5	16.6667
-237.5	16.7019
-236.5	21.3333
-235.5	20.1667
-234.5	17
-233.5	23.0625
-232.5	12.3333
-231.5	22.4167
-230.5	21.8422
-229.5	11.1667
-228.5	15.4167
-227.5	12.1233
-226.5	15.0833
-225.5	18.9095
-224.5	22.2262
-223.5	19.7778
-222.5	20
-221.5	13.2778
-220.5	14
-219.5	16
-218.5	14.3929
-217.5	15.4774
-216.5	14.7262
-215.5	23.5833
-214.5	22.875
-213.5	16.4167
-212.5	13.6667
-211.5	25.1345
-210.5	22.5357
-209.5	19.1833
-208.5	24.8171
-207.5	17.0262
-206.5	20.25
-205.5	18.3667
-204.5	18.8809
-203.5	12.5278
-202.5	23.25
-201.5	18.0333
-200.5	22.3333
-199.5	22.7833
-198.5	24.3333
-197.5	23.5
-196.5	23.7833
-195.5	25.3031
-194.5	19.5833
-193.5	14.5958
-192.5	15
-191.5	18.6417
-190.5	15.6944
-189.5	16.95
-188.5	18.5333
-187.5	27.2833
-186.5	23.0833
-185.5	27.4762
-184.5	17.6167
-183.5	24.1667
-182.5	21.5
-181.5	22.5567
-180.5	21.1742
-179.5	16.0833
-178.5	18.0833
-177.5	20.9103
-176.5	17.5595
-175.5	20.1667
-174.5	14.3088
-173.5	14.25
-172.5	20.5
-171.5	13.0833
-170.5	13.6833
-169.5	15.1429
-168.5	24.8333
-167.5	21.0833
-166.5	12.5
-165.5	24.3333
-164.5	17.4679
-163.5	22.9354
-162.5	15.3333
-161.5	21.5
-160.5	18.4242
-159.5	19.4167
-158.5	26.3667
-157.5	25.3667
-156.5	21
-155.5	19.9167
-154.5	21.3333
-153.5	24.8458
-152.5	23.75
-151.5	15.5769
-150.5	19.8333
-149.5	21.5
-148.5	15.3733
-147.5	16.1667
-146.5	16.9762
-145.5	15.235
-144.5	19.7262
-143.5	20.0909
-142.5	8.70952
-141.5	24.125
-140.5	21.2778
-139.5	20.8095
-138.5	18.6667
-137.5	16.7019
-136.5	20.5
-135.5	19.7067
-134.5	24.5833
-133.5	18.1667
-132.5	20.0833
-131.5	17.5
-130.5	18.25
-129.5	21.5
-128.5	19.6
-127.5	20.4762
-126.5	21.2167
-125.5	17.1167
-124.5	16.25
-123.5	20.0833
-122.5	17.625
-121.5	20.0076
-120.5	16.6683
-119.5	10.6917
-118.5	22.6667
-117.5	20.8333
-116.5	16.2333
-115.5	22.5833
-114.5	15.0917
-113.5	13.4167
-112.5	18.1034
-111.5	25.2833
-110.5	19.1603
-109.5	16.0733
-108.5	15.2833
-107.5	12.4167
-106.5	18.5254
-105.5	26.8667
-104.5	21.4623
-103.5	22.3333
-102.5	14.4167
-101.5	12.9762
-100.5	17.5595
 -99.5	25.4167
 -98.5	25.8095
 -97.5	19.1262
 -96.5	17.99
 -95.5	31.75
 -94.5	19.5333
 -93.5	19.0588
 -92.5	15.6429
 -91.5	13.7429
 -90.5	22.6833
 -89.5	21.5833
 -88.5	15.1667
 -87.5	26.0667
 -86.5	20.4167
 -85.5	15.5
 -84.5	18.5
 -83.5	17.1111
 -82.5	20.4167
 -81.5	22.0595
 -80.5	18.2576
 -79.5	13.8095
 -78.5	20.4167
 -77.5	18.1667
 -76.5	22.7429
 -75.5	21.5333
 -74.5	24.3333
 -73.5	17.8495
 -72.5	23.5482
 -71.5	20.6583
 -70.5	15.55
 -69.5	20.5
 -68.5	14.6864
 -67.5	12
 -66.5	26.4167
 -65.5	19.1076
 -64.5	16.4588
 -63.5	15.8333
 -62.5	16.8333
 -61.5	26.1667
 -60.5	21.79
 -59.5	22.1667
 -58.5	18.5417
 -57.5	20.1667
 -56.5	19.9167
 -55.5	13.6519
 -54.5	19.2278
 -53.5	15.4167
 -52.5	25.4167
 -51.5	23.2
 -50.5	26
 -49.5	23.0333
 -48.5	31.0833
 -47.5	19.3829
 -46.5	18.95
 -45.5	18.3333
 -44.5	12.9167
 -43.5	20.6944
 -42.5	17
 -41.5	17.2
 -40.5	24.4167
 -39.5	23.2909
 -38.5	12.7333
 -37.5	25.075
 -36.5	23.625
 -35.5	21.8333
 -34.5	19.1333
 -33.5	17.65
 -32.5	27.8095
 -31.5	18.3733
 -30.5	15.8171
 -29.5	23.4833
 -28.5	21.3929
 -27.5	17.3333
 -26.5	17.0603
 -25.5	22.625
 -24.5	23.2
 -23.5	23.8333
 -22.5	28.4833
 -21.5	24.4
 -20.5	18.8333
 -19.5	20.9333
 -18.5	27.0095
 -17.5	19.7159
 -16.5	20.6667
 -15.5	20.1603
 -14.5	21.4917
 -13.5	17.3667
 -12.5	16.5833
 -11.5	22.5833
 -10.5	20.825
  -9.5	26.875
  -8.5	28.66
  -7.5	20.1429
  -6.5	19.2
  -5.5	17.0233
  -4.5	20.2
  -3.5	28.1111
  -2.5	20.55
  -1.5	25.1845
  -0.5	34.1833
   0.5	22.2
   1.5	20.8417
   2.5	28.1742
   3.5	32.8958
   4.5	28.3333
   5.5	25.2909
   6.5	24.5667
   7.5	31.7929
   8.5	17.3554
   9.5	24.2929
  10.5	22.9
  11.5	27.3095
  12.5	20.4583
  13.5	19.2417
  14.5	27.6936
  15.5	30.6667
  16.5	23.5278
  17.5	30.2179
  18.5	16.4583
  19.5	20.8333
  20.5	26.0155
  21.5	21.6667
  22.5	21.1667
  23.5	15.8333
  24.5	23.75
  25.5	23.2103
  26.5	26.5333
  27.5	18.3333
  28.5	19.75
  29.5	31.4409
  30.5	22.2833
  31.5	28.1333
  32.5	21.8333
  33.5	19.4028
  34.5	23.6667
  35.5	17.2
  36.5	25.4167
  37.5	17.8167
  38.5	21.0333
  39.5	25.4583
  40.5	23.8333
  41.5	16.6667
  42.5	27.2
  43.5	28.8004
  44.5	26.1762
  45.5	17.3422
  46.5	17.4067
  47.5	20.4333
  48.5	21.0333
  49.5	22.7958
  50.5	13.0833
  51.5	18.4167
  52.5	15.6667
  53.5	20.2917
  54.5	24.4167
  55.5	17.7262
  56.5	26
  57.5	25.9206
  58.5	12.0769
  59.5	20.5317
  60.5	26.4333
  61.5	25.2
  62.5	20.4417
  63.5	20.2917
  64.5	22.7083
  65.5	21.0936
  66.5	17.2833
  67.5	14.5333
  68.5	12.3929
  69.5	20.1667
  70.5	15
  71.5	29
  72.5	27.5088
  73.5	18.3
  74.5	18
  75.5	17.3929
  76.5	24.6667
  77.5	20.702
  78.5	14.25
  79.5	24.0333
  80.5	17.1667
  81.5	16.5
  82.5	27.4333
  83.5	17.4167
  84.5	18.625
  85.5	16.4642
  86.5	23.0833
  87.5	11.5833
  88.5	22.6667
  89.5	15.4417
  90.5	15.8958
  91.5	17.7
  92.5	19.9583
  93.5	21.25
  94.5	19.6667
  95.5	18.1167
  96.5	14.8333
  97.5	19.5333
  98.5	16.0333
  99.5	15.25
 100.5	18.7333
 101.5	13.5922
 102.5	23.6103
 103.5	21.5333
 104.5	20.3429
 105.5	19.7436
 106.5	17.1429
 107.5	17.3095
 108.5	20.25
 109.5	26.2333
 110.5	17
 111.5	20.9762
 112.5	24
 113.5	20.0333
 114.5	15.3333
 115.5	21.2
 116.5	15.375
 117.5	13.5992
 118.5	14.4167
 119.5	21.0667
 120.5	16.3333
 121.5	15.4011
 122.5	18.5
 123.5	16.9333
 124.5	20.6742
 125.5	11.6667
 126.5	19.8201
 127.5	12.7333
 128.5	24.1838
 129.5	22.2083
 130.5	16.3333
 131.5	18.2292
 132.5	23.4583
 133.5	22.2167
 134.5	14.25
 135.5	16.0417
 136.5	15.1667
 137.5	18.375
 138.5	19.5
 139.5	17.7083
 140.5	15.3095
 141.5	8.94444
 142.5	21.5833
 143.5	13.8769
 144.5	15.0833
 145.5	14.1667
 146.5	16.6186
 147.5	17.875
 148.5	15.6667
 149.5	26.75
 150.5	21.8333
 151.5	20.5
 152.5	17.3333
 153.5	23.1667
 154.5	11.7424
 155.5	22.55
 156.5	23.5833
 157.5	14.0588
 158.5	13.6667
 159.5	23.9
 160.5	11.1667
 161.5	21.6333
 162.5	18.9833
 163.5	13.2333
 164.5	23.8929
 165.5	21.2667
 166.5	21.4659
 167.5	13
 168.5	11.75
 169.5	19.8333
 170.5	10.8512
 171.5	17.5742
 172.5	18.5625
 173.5	8.33333
 174.5	26.7833
 175.5	21.8333
 176.5	16.0333
 177.5	12.54
 178.5	19.5
 179.5	18.5
 180.5	21.1667
 181.5	13.625
 182.5	12.5
 183.5	19.5333
 184.5	18.85
 185.5	11.6603
 186.5	20.1107
 187.5	15.2
 188.5	11.9167
 189.5	14.8333
 190.5	15.5833
 191.5	17.5826
 192.5	10.7774
 193.5	16.8845
 194.5	12.3929
 195.5	10.4167
 196.5	11.6667
 197.5	24.9833
 198.5	23.2262
 199.5	23.5
 200.5	18.25
 201.5	16.125
 202.5	24.9167
 203.5	18.8495
 204.5	19.7917
 205.5	20.6
 206.5	15.1667
 207.5	19.4242
 208.5	14.8333
 209.5	15.5
 210.5	23
 211.5	15.3333
 212.5	12.3667
 213.5	19.1458
 214.5	16.3333
 215.5	11.3667
 216.5	18.29
 217.5	23.0667
 218.5	17.5909
 219.5	16.25
 220.5	16.575
 221.5	20.4167
 222.5	13.7
 223.5	19.45
 224.5	21.3667
 225.5	15
 226.5	18
 227.5	15.9762
 228.5	18.4167
 229.5	18.8333
 230.5	22.75
 231.5	15.25
 232.5	11.8333
 233.5	22.2917
 234.5	13.45
 235.5	14.55
 236.5	13.1667
 237.5	21.4583
 238.5	15.2333
 239.5	18.6667
 240.5	13.8333
 241.5	13.1167
 242.5	20.5
 243.5	14.025
 244.5	25.8333
 245.5	20
 246.5	24
 247.5	14.0909
 248.5	15.5
 249.5	9.81111
 250.5	29.75
 251.5	12.9429
 252.5	15.8333
 253.5	16.0833
 254.5	18.0625
 255.5	19.0833
 256.5	15
 257.5	15.8333
 258.5	18.3333
 259.5	17.3095
 260.5	16.75
 261.5	17
 262.5	14.1603
 263.5	20.4583
 264.5	18.5
 265.5	15.5
 266.5	14
 267.5	13.3269
 268.5	17.9167
 269.5	13.3333
 270.5	15.625
 271.5	24.5833
 272.5	12.8333
 273.5	18.4444
 274.5	19.4
 275.5	15.5
 276.5	13.5
 277.5	21
 278.5	15.25
 279.5	13
 280.5	12.5
 281.5	10.8333
 282.5	16.5333
 283.5	18.0833
 284.5	19.3333
 285.5	16.3095
 286.5	17
 287.5	15
 288.5	20.0333
 289.5	17.6667
 290.5	14.8333
 291.5	17
 292.5	20.5
 293.5	15.3361
 294.5	16.0833
 295.5	17.4
 296.5	21.25
 297.5	17.0667
 298.5	15.8333
 299.5	11.5262
 300.5	19.7262
 301.5	17.4167
 302.5	17.8667
 303.5	17.5
 304.5	17.3333
 305.5	20.5333
 306.5	17.0333
 307.5	21.3333
 308.5	19.4103
 309.5	12.6167
 310.5	16.6667
 311.5	17.5
 312.5	18.1167
 313.5	12.5833
 314.5	10.8095
 315.5	13
 316.5	11.7833
 317.5	17.6111
 318.5	19.9167
 319.5	15.45
 320.5	23.2083
 321.5	19.65
 322.5	22.5
 323.5	17.55
 324.5	13.2917
 325.5	18.9917
 326.5	13.2
 327.5	13.8333
 328.5	12.75
DB 1 MOTIF	MYOD1_HUMAN.H11MO.0.A
-324.5	26
-323.5	16.25
-322.5	18
-321.5	21
-320.5	19
-319.5	22
-318.5	13.3333
-317.5	25
-316.5	24.4242
-315.5	15
-314.5	19
-313.5	22
-312.5	19.5
-311.5	19
-310.5	23
-309.5	20
-308.5	22
-307.5	24
-306.5	19
-305.5	23
-304.5	23
-303.5	17
-302.5	17
-301.5	9
-300.5	26.5
-299.5	20
-298.5	22.1667
-297.5	16.5
-296.5	21.7
-295.5	17
-294.5	22.5
-293.5	22
-292.5	24
-291.5	27
-290.5	23
-289.5	17
-288.5	15.25
-287.5	17
-286.5	20
-285.5	27
-284.5	26
-283.5	22
-282.5	23
-281.5	21.5
-280.5	14
-279.5	24.5
-278.5	19.5
-277.5	27.0909
-276.5	17.8333
-275.5	12
-274.5	18
-273.5	25
-272.5	23.1
-271.5	24
-270.5	19.3333
-269.5	14
-268.5	24
-267.5	22
-266.5	18
-265.5	23
-264.5	23
-263.5	22
-262.5	17
-261.5	17.25
-260.5	21
-259.5	21.8333
-258.5	18
-257.5	18.1111
-256.5	21
-255.5	19
-254.5	23
-253.5	25.45
-252.5	25
-251.5	17
-250.5	20
-249.5	24.125
-248.5	15
-247.5	28
-246.5	21
-245.5	27.5
-244.5	21.5
-243.5	21.25
-242.5	13
-241.5	13
-240.5	21
-239.5	23
-238.5	13
-237.5	23
-236.5	27
-235.5	22.1667
-234.5	27.0833
-233.5	23
-232.5	14
-231.5	29
-230.5	18
-229.5	20
-228.5	21.1
-227.5	17
-226.5	20
-225.5	23.5
-224.5	26
-223.5	25
-222.5	18
-221.5	22.5
-220.5	20
-219.5	27
-218.5	16.25
-217.5	18
-216.5	14.25
-215.5	15
-214.5	23.625
-213.5	27.5
-212.5	24
-211.5	19.1429
-210.5	22.5
-209.5	22
-208.5	22
-207.5	12.5
-206.5	22
-205.5	19
-204.5	19
-203.5	17
-202.5	21.3333
-201.5	20.0909
-200.5	20.5
-199.5	24
-198.5	18.5
-197.5	20
-196.5	28
-195.5	20.5
-194.5	24.1111
-193.5	31
-192.5	22
-191.5	17
-190.5	22.5
-189.5	21
-188.5	22.5
-187.5	13
-186.5	23.5
-185.5	27.5
-184.5	19.1
-183.5	22
-182.5	31
-181.5	24
-180.5	20
-179.5	23.625
-178.5	28.0909
-177.5	30.25
-176.5	19.5
-175.5	20
-174.5	23
-173.5	17.3333
-172.5	25.1667
-171.5	22
-170.5	25
-169.5	15
-168.5	19
-167.5	25.6429
-166.5	20
-165.5	21.5
-164.5	22.5
-163.5	20
-162.5	26
-161.5	23
-160.5	21.25
-159.5	16
-158.5	24.5
-157.5	19.5
-156.5	15
-155.5	19
-154.5	20
-153.5	26
-152.5	23
-151.5	28
-150.5	20
-149.5	20
-148.5	22
-147.5	22.6667
-146.5	21
-145.5	19
-144.5	14.125
-143.5	25
-142.5	29
-141.5	21
-140.5	16.5
-139.5	15
-138.5	23
-137.5	21
-136.5	8
-135.5	19
-134.5	15
-133.5	24.5
-132.5	22.0909
-131.5	27.1111
-130.5	23
-129.5	32
-128.5	23
-127.5	21.5
-126.5	17.5
-125.5	19
-124.5	15
-123.5	23.1429
-122.5	17.25
-121.5	24
-120.5	20
-119.5	25.5
-118.5	26
-117.5	17.5
-116.5	23
-115.5	29
-114.5	27
-113.5	25
-112.5	28
-111.5	14
-110.5	17
-109.5	22.4917
-108.5	30
-107.5	23
-106.5	20
-105.5	14
-104.5	16
-103.5	25
-102.5	21.5
-101.5	19
-100.5	23
 -99.5	27
 -98.5	25
 -97.5	17
 -96.5	26
 -95.5	22
 -94.5	19
 -93.5	20.0909
 -92.5	19
 -91.5	25
 -90.5	26
 -89.5	19
 -88.5	20
 -87.5	29.5
 -86.5	21
 -85.5	26
 -84.5	28.4167
 -83.5	26
 -82.5	25
 -81.5	24
 -80.5	16
 -79.5	31.6429
 -78.5	28
 -77.5	24.5
 -76.5	21.3333
 -75.5	27
 -74.5	23.125
 -73.5	16
 -72.5	23
 -71.5	19.5
 -70.5	23
 -69.5	24
 -68.5	18.1111
 -67.5	30
 -66.5	27
 -65.5	23
 -64.5	24
 -63.5	25.75
 -62.5	26
 -61.5	19
 -60.5	27
 -59.5	18
 -58.5	20
 -57.5	26
 -56.5	26
 -55.5	27
 -54.5	20
 -53.5	21.5
 -52.5	15.5
 -51.5	16.5
 -50.5	12
 -49.5	18
 -48.5	27
 -47.5	27
 -46.5	34.6667
 -45.5	20
 -44.5	20
 -43.5	24
 -42.5	20
 -41.5	9
 -40.5	23
 -39.5	20.125
 -38.5	20
 -37.5	29
 -36.5	22
 -35.5	21.1429
 -34.5	14.2
 -33.5	25
 -32.5	25
 -31.5	24
 -30.5	17
 -29.5	18
 -28.5	17.0909
 -27.5	22.5
 -26.5	30
 -25.5	20
 -24.5	20.5
 -23.5	31
 -22.5	22.5
 -21.5	23.6667
 -20.5	27
 -19.5	23
 -18.5	22
 -17.5	25
 -16.5	19
 -15.5	18
 -14.5	28
 -13.5	19
 -12.5	18
 -11.5	22
 -10.5	14.5
  -9.5	19
  -8.5	22
  -7.5	28
  -6.5	32
  -5.5	35.1111
  -4.5	17.125
  -3.5	34
  -2.5	33.0909
  -1.5	21
  -0.5	22
   0.5	25
   1.5	24
   2.5	28
   3.5	25.5
   4.5	28
   5.5	20
   6.5	18
   7.5	34
   8.5	25.1429
   9.5	22.5
  10.5	27
  11.5	24
  12.5	25
  13.5	21
  14.5	23
  15.5	13
  16.5	14.1667
  17.5	25
  18.5	20
  19.5	27
  20.5	18.5
  21.5	20
  22.5	28
  23.5	30.0909
  24.5	21
  25.5	26
  26.5	24.6
  27.5	28
  28.5	33
  29.5	28.25
  30.5	22
  31.5	16
  32.5	30
  33.5	26.5
  34.5	27
  35.5	20
  36.5	22.5
  37.5	27
  38.5	18
  39.5	30.2
  40.5	25
  41.5	26.1667
  42.5	24
  43.5	11.5
  44.5	26
  45.5	24
  46.5	28
  47.5	16
  48.5	18.5
  49.5	21
  50.5	19.25
  51.5	24
  52.5	25.1429
  53.5	16.5
  54.5	23
  55.5	19.5
  56.5	27
  57.5	23.1111
  58.5	28
  59.5	21.5
  60.5	18.5
  61.5	21
  62.5	22
  63.5	28
  64.5	24.5
  65.5	18
  66.5	17.5
  67.5	17
  68.5	32
  69.5	16
  70.5	15.6
  71.5	17
  72.5	25
  73.5	20
  74.5	21
  75.5	27.5
  76.5	26
  77.5	18
  78.5	21
  79.5	22
  80.5	21.2
  81.5	13
  82.5	29
  83.5	26
  84.5	19
  85.5	19
  86.5	23.5
  87.5	27
  88.5	23.1429
  89.5	22.5
  90.5	19
  91.5	30.1429
  92.5	16.5
  93.5	23
  94.5	16.1429
  95.5	24
  96.5	20.5
  97.5	21.1429
  98.5	15
  99.5	29
 100.5	17.1429
 101.5	20
 102.5	15.5
 103.5	22.1429
 104.5	19.6667
 105.5	17
 106.5	29.1429
 107.5	25
 108.5	26
 109.5	19
 110.5	25
 111.5	23.5
 112.5	26
 113.5	24.2
 114.5	24.1
 115.5	27
 116.5	16
 117.5	18
 118.5	30
 119.5	18
 120.5	24.1111
 121.5	20.5
 122.5	23
 123.5	24
 124.5	21.0909
 125.5	24
 126.5	27.5
 127.5	21.7
 128.5	27.5
 129.5	29
 130.5	20
 131.5	18
 132.5	19
 133.5	28
 134.5	18
 135.5	24
 136.5	30
 137.5	23
 138.5	26
 139.5	25
 140.5	18
 141.5	23
 142.5	20
 143.5	30.5
 144.5	21
 145.5	19
 146.5	27
 147.5	17
 148.5	25
 149.5	20
 150.5	18.5
 151.5	18
 152.5	21
 153.5	29
 154.5	21
 155.5	19
 156.5	30
 157.5	19.0909
 158.5	22.1
 159.5	22
 160.5	15
 161.5	16
 162.5	20
 163.5	13
 164.5	16
 165.5	30
 166.5	29
 167.5	24.6667
 168.5	18
 169.5	28
 170.5	18
 171.5	23
 172.5	18
 173.5	17
 174.5	23.5
 175.5	26
 176.5	19.3333
 177.5	16.5
 178.5	17.5
 179.5	16
 180.5	17
 181.5	15
 182.5	14.5
 183.5	26.1111
 184.5	21
 185.5	15
 186.5	19
 187.5	27.2
 188.5	18
 189.5	17
 190.5	25
 191.5	12
 192.5	19
 193.5	15
 194.5	26
 195.5	23.5
 196.5	20
 197.5	22
 198.5	10
 199.5	17
 200.5	13
 201.5	25
 202.5	21.6
 203.5	14
 204.5	17
 205.5	24
 206.5	16.3333
 207.5	23.5
 208.5	23
 209.5	16
 210.5	23.5
 211.5	27
 212.5	22
 213.5	28
 214.5	25
 215.5	30
 216.5	16.5
 217.5	22
 218.5	21
 219.5	16
 220.5	30
 221.5	20.2
 222.5	17.5
 223.5	26
 224.5	15
 225.5	18
 226.5	20
 227.5	19
 228.5	17.5
 229.5	19
 230.5	18.5
 231.5	21
 232.5	27
 233.5	21.25
 234.5	19
 235.5	15
 236.5	22.5
 237.5	18
 238.5	15.8333
 239.5	26
 240.5	22
 241.5	18
 242.5	20.5
 243.5	28
 244.5	15
 245.5	25
 246.5	23.2111
 247.5	20
 248.5	19.5
 249.5	17
 250.5	14
 251.5	10
 252.5	18.5
 253.5	20
 254.5	23.5
 255.5	23
 256.5	25.5
 257.5	22
 258.5	22.5
 259.5	25
 260.5	21
 261.5	22.5
 262.5	28
 263.5	23
 264.5	21
 265.5	21
 266.5	21
 267.5	25
 268.5	21
 269.5	15.5
 270.5	20
 271.5	13
 272.5	20
 273.5	17
 274.5	24
 275.5	15
 276.5	17
 277.5	14
 278.5	23
 279.5	20
 280.5	14
 281.5	22
 282.5	21
 283.5	15
 284.5	19
 285.5	14.5
 286.5	22
 287.5	20
 288.5	20
 289.5	21
 290.5	18.1
 291.5	31
 292.5	12
 293.5	22
 294.5	17
 295.5	14
 296.5	15.5
 297.5	24
 298.5	18
 299.5	22.5
 300.5	21
 301.5	17
 302.5	24
 303.5	18
 304.5	20
 305.5	16
 306.5	15.5
 307.5	19
 308.5	23
 309.5	19
 310.5	30
 311.5	14
 312.5	18.5
 313.5	23
 314.5	20
 315.5	21
 316.5	16
 317.5	24
 318.5	26
 319.5	21
 320.5	22
 321.5	20
 322.5	18
 323.5	25
 324.5	21
DB 1 MOTIF	MYOD1_HUMAN.H11MO.1.A
-326.5	28
-325.5	18
-324.5	20.0769
-323.5	22
-322.5	18.9444
-321.5	19
-320.5	27.5
-319.5	13.75
-318.5	22.5
-317.5	23.5
-316.5	21.5
-315.5	13
-314.5	17
-313.5	17.5
-312.5	23.5
-311.5	23
-310.5	22
-309.5	21
-308.5	20
-307.5	19
-306.5	18
-305.5	11
-304.5	28.3333
-303.5	23.1429
-302.5	12
-301.5	14
-300.5	15
-299.5	26
-298.5	12.7
-297.5	16.5
-296.5	23.5
-295.5	27
-294.5	27
-293.5	15.5
-292.5	16.7
-291.5	19.5
-290.5	23
-289.5	27.2
-288.5	20.5
-287.5	19
-286.5	19
-285.5	16.5
-284.5	15.4167
-283.5	13
-282.5	21.0769
-281.5	20
-280.5	24.3333
-279.5	27
-278.5	20
-277.5	18
-276.5	18.5
-275.5	25.5
-274.5	17.8333
-273.5	19
-272.5	18
-271.5	16.1111
-270.5	21
-269.5	25
-268.5	30.6
-267.5	11.5
-266.5	15.3333
-265.5	18.5
-264.5	28.2
-263.5	19.75
-262.5	18
-261.5	21.5
-260.5	26
-259.5	26
-258.5	23
-257.5	26.3333
-256.5	20
-255.5	19.7
-254.5	22.5
-253.5	21.1111
-252.5	19.5
-251.5	23
-250.5	15.5
-249.5	28.75
-248.5	17.5
-247.5	21
-246.5	20
-245.5	26.4583
-244.5	24.5
-243.5	23
-242.5	17
-241.5	36
-240.5	21.0769
-239.5	18.75
-238.5	18.3333
-237.5	22
-236.5	20.5
-235.5	27
-234.5	19.5
-233.5	26.5
-232.5	22.5
-231.5	19.8667
-230.5	20.3333
-229.5	14.3333
-228.5	17.5
-227.5	21.5
-226.5	25.3333
-225.5	16
-224.5	19.1
-223.5	31.3333
-222.5	26.6429
-221.5	26
-220.5	26
-219.5	17
-218.5	18.3333
-217.5	17.95
-216.5	21.3333
-215.5	20.5
-214.5	25.25
-213.5	19.1111
-212.5	22.3333
-211.5	19
-210.5	28.625
-209.5	23.5
-208.5	23.2
-207.5	26.1429
-206.5	20.1429
-205.5	23
-204.5	17
-203.5	19
-202.5	16
-201.5	25
-200.5	22.5
-199.5	24.5
-198.5	18.5769
-197.5	21.5
-196.5	17
-195.5	24
-194.5	13.5
-193.5	28.2
-192.5	17
-191.5	18.5
-190.5	13.4444
-189.5	27.3333
-188.5	14
-187.5	22.5
-186.5	36.3333
-185.5	25
-184.5	26
-183.5	25.3333
-182.5	27
-181.5	19.5
-180.5	20.3
-179.5	21
-178.5	22.5
-177.5	22.8333
-176.5	24
-175.5	21.125
-174.5	23
-173.5	20.3333
-172.5	18
-171.5	25
-170.5	21
-169.5	18.1111
-168.5	29.1667
-167.5	20.1429
-166.5	23
-165.5	23.5
-164.5	17.9
-163.5	13.1429
-162.5	22
-161.5	21.2
-160.5	28.5
-159.5	26
-158.5	19
-157.5	27
-156.5	18.0769
-155.5	24.5
-154.5	21
-153.5	22
-152.5	22.2
-151.5	28
-150.5	23.5
-149.5	25
-148.5	20
-147.5	28
-146.5	23.1667
-145.5	18
-144.5	17
-143.5	26.4857
-142.5	21.6111
-141.5	15
-140.5	18.125
-139.5	20
-138.5	24.5
-137.5	22.1111
-136.5	21
-135.5	19
-134.5	27.5
-133.5	22
-132.5	16.25
-131.5	23.5
-130.5	14
-129.5	21.5
-128.5	25.5
-127.5	16.3111
-126.5	25.2
-125.5	24
-124.5	28
-123.5	19
-122.5	22
-121.5	18
-120.5	20.5
-119.5	20.254
-118.5	8
-117.5	20
-116.5	20.6111
-115.5	16
-114.5	20.0769
-113.5	18.7
-112.5	16
-111.5	32.5
-110.5	21
-109.5	16.5
-108.5	21.5
-107.5	15.5
-106.5	18
-105.5	16.7917
-104.5	25.5
-103.5	27
-102.5	23.5
-101.5	19
-100.5	20
 -99.5	26.1111
 -98.5	25
 -97.5	16.2
 -96.5	33.2
 -95.5	19
 -94.5	26.5
 -93.5	21.5
 -92.5	20.2
 -91.5	28
 -90.5	13
 -89.5	22.5
 -88.5	18.2
 -87.5	16
 -86.5	26
 -85.5	19.2
 -84.5	22
 -83.5	22
 -82.5	20
 -81.5	19
 -80.5	21.4762
 -79.5	25
 -78.5	23
 -77.5	11.5
 -76.5	17
 -75.5	33.1429
 -74.5	21
 -73.5	24.1667
 -72.5	20.4103
 -71.5	20.5
 -70.5	25.625
 -69.5	26.1111
 -68.5	22
 -67.5	24
 -66.5	29.2
 -65.5	22
 -64.5	21.2222
 -63.5	17.1429
 -62.5	14
 -61.5	27
 -60.5	30.5
 -59.5	32
 -58.5	17
 -57.5	21
 -56.5	26.5
 -55.5	16.5
 -54.5	20.5
 -53.5	23.7
 -52.5	22.8333
 -51.5	28.5
 -50.5	31.2
 -49.5	30
 -48.5	30.5
 -47.5	19.5
 -46.5	17.5
 -45.5	22
 -44.5	26
 -43.5	22
 -42.5	38.6667
 -41.5	28
 -40.5	25.0333
 -39.5	28.6429
 -38.5	29.25
 -37.5	16.5
 -36.5	26
 -35.5	17.875
 -34.5	20.75
 -33.5	33
 -32.5	21.25
 -31.5	28.6429
 -30.5	21.7769
 -29.5	23.25
 -28.5	26.7
 -27.5	25.5
 -26.5	19.1111
 -25.5	19.2
 -24.5	28
 -23.5	30.1111
 -22.5	28
 -21.5	31.3333
 -20.5	25
 -19.5	33
 -18.5	15.6444
 -17.5	31.6429
 -16.5	13.5
 -15.5	23.5
 -14.5	26
 -13.5	28.3333
 -12.5	15.5
 -11.5	25
 -10.5	27.5
  -9.5	24.5
  -8.5	18
  -7.5	25
  -6.5	29
  -5.5	23
  -4.5	29
  -3.5	25
  -2.5	27.1667
  -1.5	29.1111
  -0.5	26.625
   0.5	22.5
   1.5	32.5
   2.5	21
   3.5	21
   4.5	27.5
   5.5	22
   6.5	33.5
   7.5	29.5
   8.5	25.8333
   9.5	25
  10.5	28
  11.5	26.0769
  12.5	25.4762
  13.5	25
  14.5	20.1111
  15.5	34.3333
  16.5	23
  17.5	25.3333
  18.5	26.8333
  19.5	25.5
  20.5	28
  21.5	23
  22.5	15.3333
  23.5	25.3333
  24.5	25.5
  25.5	23.0333
  26.5	30.5
  27.5	27.5
  28.5	32.2333
  29.5	26
  30.5	24.6
  31.5	20.5
  32.5	30.2222
  33.5	29.5
  34.5	19
  35.5	16.5
  36.5	28
  37.5	16.5
  38.5	22.5
  39.5	14.3333
  40.5	29
  41.5	15.7
  42.5	30.5
  43.5	29.5
  44.5	32
  45.5	17.1429
  46.5	26
  47.5	14
  48.5	22
  49.5	20
  50.5	28.5
  51.5	21
  52.5	27
  53.5	21.0769
  54.5	18.3333
  55.5	31
  56.5	26.254
  57.5	23.8333
  58.5	23.5
  59.5	24
  60.5	23
  61.5	21.1111
  62.5	32
  63.5	18
  64.5	23
  65.5	27.5
  66.5	22
  67.5	18.3095
  68.5	20
  69.5	20
  70.5	13
  71.5	27
  72.5	34.5
  73.5	17.5
  74.5	16.1
  75.5	17
  76.5	25.3111
  77.5	21
  78.5	24
  79.5	25
  80.5	22
  81.5	22
  82.5	23
  83.5	23.1111
  84.5	26
  85.5	16.2
  86.5	22.125
  87.5	30
  88.5	16
  89.5	17.3472
  90.5	21.5
  91.5	26
  92.5	21.125
  93.5	24.5
  94.5	29
  95.5	22.2019
  96.5	18
  97.5	17.5
  98.5	16.4583
  99.5	19.3333
 100.5	22
 101.5	22.125
 102.5	15.2
 103.5	22
 104.5	20.125
 105.5	15
 106.5	21.5
 107.5	20.625
 108.5	17.3429
 109.5	14.5
 110.5	24
 111.5	23
 112.5	23.6667
 113.5	22
 114.5	26
 115.5	20.5
 116.5	18
 117.5	26
 118.5	22.1
 119.5	20
 120.5	16.1111
 121.5	21
 122.5	27
 123.5	22
 124.5	19.1111
 125.5	22.5
 126.5	10.5
 127.5	24.3611
 128.5	23
 129.5	25
 130.5	19
 131.5	21
 132.5	20.5
 133.5	29
 134.5	27
 135.5	20
 136.5	17
 137.5	25.0769
 138.5	18
 139.5	24
 140.5	23.1111
 141.5	21.1667
 142.5	15.2
 143.5	21
 144.5	16
 145.5	14
 146.5	22.25
 147.5	21
 148.5	28
 149.5	27.5
 150.5	31
 151.5	21.5
 152.5	21.5
 153.5	18.5
 154.5	20
 155.5	21.5
 156.5	18
 157.5	29
 158.5	25
 159.5	14.6111
 160.5	25
 161.5	23.5
 162.5	24.6
 163.5	20
 164.5	16.5
 165.5	24.1111
 166.5	24.3333
 167.5	20
 168.5	20
 169.5	23.5
 170.5	24
 171.5	27.1429
 172.5	14.5
 173.5	10
 174.5	23.5
 175.5	29.7
 176.5	16.5
 177.5	23
 178.5	16
 179.5	25.5769
 180.5	21
 181.5	23.5
 182.5	12.3333
 183.5	18
 184.5	23
 185.5	18.1111
 186.5	18
 187.5	17.6111
 188.5	14
 189.5	21
 190.5	21.8333
 191.5	21.1111
 192.5	19.5
 193.5	20.3333
 194.5	18
 195.5	15
 196.5	15
 197.5	20.1111
 198.5	17.5
 199.5	21.1667
 200.5	26
 201.5	35
 202.5	14
 203.5	15.5
 204.5	18
 205.5	18
 206.5	26.1
 207.5	20
 208.5	16
 209.5	19
 210.5	20
 211.5	25
 212.5	18.5
 213.5	26
 214.5	14
 215.5	20
 216.5	12
 217.5	19
 218.5	13.3333
 219.5	30
 220.5	19.8333
 221.5	18.5
 222.5	17.5
 223.5	18
 224.5	36.3333
 225.5	22
 226.5	26.7
 227.5	26
 228.5	27.6667
 229.5	17
 230.5	16
 231.5	19
 232.5	17.8333
 233.5	19
 234.5	20
 235.5	28
 236.5	18.5
 237.5	18.75
 238.5	24
 239.5	23
 240.5	18.25
 241.5	22
 242.5	22.7
 243.5	18.75
 244.5	20
 245.5	22.5
 246.5	21.75
 247.5	19.5
 248.5	10.6111
 249.5	24.7
 250.5	15.7111
 251.5	18.5
 252.5	22.5
 253.5	17
 254.5	21
 255.5	22.5
 256.5	15.5
 257.5	23
 258.5	26
 259.5	25
 260.5	27
 261.5	25.5
 262.5	25
 263.5	22
 264.5	22.5
 265.5	15.5
 266.5	25
 267.5	24
 268.5	13
 269.5	13
 270.5	24.2
 271.5	21
 272.5	22.4222
 273.5	16.2
 274.5	18.5
 275.5	12
 276.5	13.5
 277.5	18.5
 278.5	18.5
 279.5	13
 280.5	15
 281.5	20.3333
 282.5	19
 283.5	21.25
 284.5	21.5
 285.5	19.5
 286.5	18.1667
 287.5	22
 288.5	19
 289.5	17.5
 290.5	22.5
 291.5	13
 292.5	18.1111
 293.5	25
 294.5	19.3
 295.5	21.5
 296.5	17
 297.5	19.2
 298.5	20
 299.5	21
 300.5	22.5
 301.5	18.5
 302.5	21
 303.5	25
 304.5	21
 305.5	15
 306.5	33
 307.5	19.5
 308.5	27
 309.5	22
 310.5	20
 311.5	21
 312.5	16
 313.5	20
 314.5	16
 315.5	16.6667
 316.5	17.6111
 317.5	20
 318.5	14
 319.5	24
 320.5	23.5
 321.5	27.6111
 322.5	17
 323.5	21
 324.5	23.7
 325.5	24
 326.5	17
DB 1 MOTIF	MYOG_HUMAN.H11MO.0.B
-325.5	20.5
-324.5	16
-323.5	15.5
-322.5	16.5
-321.5	18.5
-320.5	20.25
-319.5	34.5
-318.5	18.5
-317.5	16.5
-316.5	17
-315.5	17
-314.5	22
-313.5	18.5
-312.5	16
-311.5	20
-310.5	21
-309.5	30
-308.5	22
-307.5	19
-306.5	17
-305.5	20
-304.5	12
-303.5	16.3333
-302.5	16
-301.5	22
-300.5	21
-299.5	15
-298.5	19
-297.5	17.2
-296.5	14
-295.5	28.6667
-294.5	27
-293.5	16.6667
-292.5	17.5
-291.5	23
-290.5	18.5
-289.5	21.2
-288.5	20
-287.5	24.75
-286.5	15.5
-285.5	14.75
-284.5	10
-283.5	18.1667
-282.5	16
-281.5	19
-280.5	22.5
-279.5	18
-278.5	21
-277.5	17
-276.5	20
-275.5	22.5
-274.5	24
-273.5	20.5
-272.5	17
-271.5	18
-270.5	17
-269.5	24.1
-268.5	17
-267.5	20
-266.5	9
-265.5	15.3333
-264.5	17
-263.5	21.5
-262.5	22
-261.5	18
-260.5	27.5
-259.5	24
-258.5	16.3333
-257.5	18
-256.5	27.8333
-255.5	25
-254.5	17.1111
-253.5	17
-252.5	24
-251.5	18.5
-250.5	23.25
-249.5	21.3333
-248.5	30
-247.5	19
-246.5	31.625
-245.5	18
-244.5	25
-243.5	18
-242.5	27
-241.5	20.5
-240.5	21
-239.5	20
-238.5	21
-237.5	21.5
-236.5	27
-235.5	15
-234.5	22
-233.5	27.5
-232.5	20.6667
-231.5	22.3333
-230.5	25.2
-229.5	17
-228.5	21
-227.5	18
-226.5	21
-225.5	22.1
-224.5	22.5
-223.5	21
-222.5	29.5
-221.5	19.5
-220.5	12
-219.5	23
-218.5	16.3333
-217.5	23.1667
-216.5	16.25
-215.5	21.25
-214.5	23
-213.5	25.3333
-212.5	17.1111
-211.5	30.125
-210.5	22.1667
-209.5	19.3333
-208.5	19.1429
-207.5	24.1429
-206.5	19
-205.5	24.75
-204.5	16
-203.5	12.25
-202.5	18
-201.5	24
-200.5	21
-199.5	25
-198.5	24
-197.5	19.5
-196.5	21
-195.5	20
-194.5	22
-193.5	15.2
-192.5	20
-191.5	15.1111
-190.5	25
-189.5	19.3333
-188.5	24
-187.5	24.5
-186.5	26
-185.5	37.3333
-184.5	29
-183.5	23
-182.5	23.8333
-181.5	27.1
-180.5	20
-179.5	23.5
-178.5	19
-177.5	22
-176.5	19.125
-175.5	25
-174.5	19
-173.5	18
-172.5	24.3333
-171.5	20
-170.5	17
-169.5	17.1667
-168.5	29
-167.5	29
-166.5	14.5
-165.5	28.5
-164.5	17.8929
-163.5	17.4
-162.5	19
-161.5	23
-160.5	22.45
-159.5	24
-158.5	33
-157.5	26
-156.5	24
-155.5	24
-154.5	23
-153.5	19
-152.5	26
-151.5	18
-150.5	24
-149.5	27
-148.5	28
-147.5	19
-146.5	21
-145.5	22.1667
-144.5	25.1429
-143.5	18
-142.5	14
-141.5	20.2361
-140.5	18
-139.5	27
-138.5	17
-137.5	18
-136.5	17.1111
-135.5	22.5
-134.5	18.5
-133.5	14
-132.5	23
-131.5	17
-130.5	23.3333
-129.5	22
-128.5	26.1111
-127.5	20.5
-126.5	30
-125.5	21.7
-124.5	22
-123.5	18
-122.5	19
-121.5	22.5
-120.5	21.1429
-119.5	20
-118.5	24
-117.5	19.75
-116.5	17
-115.5	32.1111
-114.5	18
-113.5	15
-112.5	21.2
-111.5	21
-110.5	36
-109.5	24
-108.5	18
-107.5	19
-106.5	17.2917
-105.5	28
-104.5	17
-103.5	18
-102.5	27
-101.5	18
-100.5	21
 -99.5	21
 -98.5	20.1111
 -97.5	28.3333
 -96.5	14.2
 -95.5	29
 -94.5	21
 -93.5	21.5
 -92.5	19.5
 -91.5	22.2
 -90.5	29.5
 -89.5	17
 -88.5	14
 -87.5	23.2
 -86.5	15.2
 -85.5	26.5
 -84.5	25
 -83.5	24
 -82.5	16
 -81.5	19.1429
 -80.5	22.5
 -79.5	25
 -78.5	20.3333
 -77.5	22
 -76.5	28.1429
 -75.5	22
 -74.5	25
 -73.5	22
 -72.5	21.1667
 -71.5	26.125
 -70.5	20
 -69.5	28
 -68.5	26.5
 -67.5	18
 -66.5	29
 -65.5	17.3111
 -64.5	21
 -63.5	20.1111
 -62.5	21.5
 -61.5	21
 -60.5	31
 -59.5	22
 -58.5	18
 -57.5	24
 -56.5	19.5
 -55.5	21
 -54.5	20
 -53.5	20.7
 -52.5	25
 -51.5	21
 -50.5	32
 -49.5	20.2
 -48.5	25
 -47.5	31
 -46.5	23.5
 -45.5	25
 -44.5	20.5
 -43.5	28.6667
 -42.5	20
 -41.5	25.3333
 -40.5	26
 -39.5	29
 -38.5	18.5
 -37.5	21
 -36.5	23.125
 -35.5	25
 -34.5	21
 -33.5	18.25
 -32.5	24.1429
 -31.5	19.5
 -30.5	24
 -29.5	27.4
 -28.5	26
 -27.5	12
 -26.5	17
 -25.5	22.1111
 -24.5	23.2
 -23.5	28
 -22.5	30.1111
 -21.5	24
 -20.5	35
 -19.5	23
 -18.5	27.1429
 -17.5	19.2
 -16.5	23.5
 -15.5	17
 -14.5	25.5
 -13.5	19
 -12.5	26.5
 -11.5	24.5
 -10.5	20
  -9.5	26
  -8.5	20
  -7.5	24.5
  -6.5	29
  -5.5	26
  -4.5	26
  -3.5	37.5
  -2.5	18.6111
  -1.5	23.7917
  -0.5	34
   0.5	30
   1.5	21
   2.5	21
   3.5	28.5
   4.5	31
   5.5	23
   6.5	29
   7.5	29.5
   8.5	25.5
   9.5	25.5
  10.5	19
  11.5	24.1429
  12.5	24
  13.5	19
  14.5	31
  15.5	22.1111
  16.5	31
  17.5	30.5
  18.5	25.5
  19.5	27.1667
  20.5	23
  21.5	24
  22.5	27
  23.5	23
  24.5	30
  25.5	34.5
  26.5	24.2
  27.5	19.2
  28.5	22.5
  29.5	36.3
  30.5	26
  31.5	30
  32.5	23
  33.5	24.75
  34.5	21
  35.5	22
  36.5	23.5
  37.5	20
  38.5	23
  39.5	21
  40.5	18
  41.5	25
  42.5	21.2
  43.5	39
  44.5	26.1429
  45.5	28.5
  46.5	11
  47.5	25
  48.5	16
  49.5	22
  50.5	19
  51.5	21
  52.5	15
  53.5	22.5
  54.5	28
  55.5	15.1429
  56.5	29.5
  57.5	27
  58.5	16.5
  59.5	23
  60.5	23.1111
  61.5	25
  62.5	21
  63.5	27
  64.5	27
  65.5	22
  66.5	27
  67.5	16
  68.5	12.1667
  69.5	22
  70.5	19
  71.5	27
  72.5	19
  73.5	24.6
  74.5	18
  75.5	21
  76.5	25
  77.5	18.75
  78.5	20
  79.5	19.5
  80.5	21
  81.5	27
  82.5	23
  83.5	26.3333
  84.5	25.2
  85.5	21.125
  86.5	27
  87.5	12
  88.5	29.125
  89.5	16
  90.5	24.2222
  91.5	23.125
  92.5	21
  93.5	18.5
  94.5	25.125
  95.5	22
  96.5	19
  97.5	23.125
  98.5	25.5
  99.5	21
 100.5	18.125
 101.5	13
 102.5	28.2
 103.5	18.125
 104.5	17
 105.5	18
 106.5	21.125
 107.5	17.1429
 108.5	17
 109.5	27.2
 110.5	28
 111.5	21.2
 112.5	19
 113.5	24
 114.5	22.5
 115.5	16
 116.5	24
 117.5	20.1
 118.5	23.5
 119.5	23
 120.5	21
 121.5	22
 122.5	24.5
 123.5	20.1111
 124.5	23.5
 125.5	14
 126.5	22
 127.5	15.5
 128.5	23.3611
 129.5	25
 130.5	27
 131.5	18
 132.5	31.5
 133.5	25
 134.5	24
 135.5	32
 136.5	19
 137.5	22
 138.5	28
 139.5	20
 140.5	29.2
 141.5	21.2
 142.5	30
 143.5	13
 144.5	20
 145.5	16
 146.5	18.5
 147.5	24.25
 148.5	16
 149.5	31
 150.5	25.5
 151.5	32
 152.5	15.5
 153.5	21.5
 154.5	17.5
 155.5	19
 156.5	31
 157.5	12.5
 158.5	14
 159.5	30
 160.5	20.1111
 161.5	25.1
 162.5	23
 163.5	23
 164.5	23
 165.5	18
 166.5	29.1111
 167.5	18
 168.5	18
 169.5	21
 170.5	23.6429
 171.5	23
 172.5	19
 173.5	17
 174.5	29.3333
 175.5	22
 176.5	20.2
 177.5	11.5
 178.5	22.5
 179.5	23
 180.5	25
 181.5	17
 182.5	18
 183.5	27
 184.5	19
 185.5	11
 186.5	19.1111
 187.5	15
 188.5	20
 189.5	17
 190.5	24
 191.5	16
 192.5	16.1111
 193.5	18
 194.5	16
 195.5	15
 196.5	16
 197.5	19
 198.5	24.3111
 199.5	27
 200.5	25
 201.5	10
 202.5	27
 203.5	18
 204.5	20.5
 205.5	24.6
 206.5	15
 207.5	19
 208.5	14
 209.5	16.5
 210.5	21.5
 211.5	22.5
 212.5	18.5
 213.5	17
 214.5	21
 215.5	21
 216.5	18
 217.5	22
 218.5	23
 219.5	21.5
 220.5	25
 221.5	22
 222.5	19.5
 223.5	29
 224.5	22.5
 225.5	23
 226.5	24
 227.5	16.5
 228.5	21
 229.5	36
 230.5	16
 231.5	13
 232.5	21
 233.5	27
 234.5	17.5
 235.5	18
 236.5	27
 237.5	21
 238.5	20.5
 239.5	24
 240.5	20
 241.5	17.5
 242.5	24.2
 243.5	26
 244.5	19.5
 245.5	24
 246.5	20
 247.5	10
 248.5	19
 249.5	20.4611
 250.5	18.5
 251.5	11
 252.5	10.5
 253.5	23
 254.5	20.5
 255.5	22.3333
 256.5	17
 257.5	21
 258.5	22
 259.5	15
 260.5	19
 261.5	22
 262.5	23
 263.5	20
 264.5	26.5
 265.5	23
 266.5	19
 267.5	25
 268.5	17
 269.5	18
 270.5	19
 271.5	26
 272.5	15
 273.5	14.1111
 274.5	20
 275.5	16.5
 276.5	15
 277.5	16
 278.5	28
 279.5	21
 280.5	18
 281.5	21
 282.5	17
 283.5	20
 284.5	16.5
 285.5	23.7
 286.5	17
 287.5	15
 288.5	20
 289.5	32
 290.5	12
 291.5	22
 292.5	19
 293.5	19.35
 294.5	24
 295.5	17
 296.5	21
 297.5	19
 298.5	17
 299.5	20
 300.5	19.5
 301.5	18
 302.5	25
 303.5	21
 304.5	19
 305.5	21
 306.5	17.5
 307.5	32
 308.5	25
 309.5	19
 310.5	25
 311.5	17
 312.5	19
 313.5	17
 314.5	12.2
 315.5	17.5
 316.5	24.5
 317.5	16
 318.5	20
 319.5	14
 320.5	28
 321.5	25
 322.5	28.1111
 323.5	16
 324.5	22.5
 325.5	23.5
DB 1 MOTIF	NDF2_HUMAN.H11MO.0.B
-327.5	18
-326.5	26.3333
-325.5	23.0769
-324.5	30
-323.5	17.5
-322.5	22.5
-321.5	13.8333
-320.5	31.25
-319.5	22.5
-318.5	31.5
-317.5	17
-316.5	30.5
-315.5	19.5
-314.5	31.8333
-313.5	18.5
-312.5	21
-311.5	25.8333
-310.5	28.8333
-309.5	32
-308.5	26.5
-307.5	27
-306.5	15.5
-305.5	28
-304.5	23.5
-303.5	20
-302.5	23.3333
-301.5	18
-300.5	23.5
-299.5	23.5
-298.5	30
-297.5	25.7
-296.5	23
-295.5	25.6667
-294.5	27.5
-293.5	23.5
-292.5	19.0909
-291.5	22.5
-290.5	23
-289.5	35.6667
-288.5	19.7
-287.5	21.1667
-286.5	22
-285.5	15.25
-284.5	18.5
-283.5	18.2436
-282.5	23.25
-281.5	20.3333
-280.5	30
-279.5	24.5833
-278.5	20.3333
-277.5	18
-276.5	25.25
-275.5	20.8333
-274.5	22.5
-273.5	19.25
-272.5	17.5
-271.5	19
-270.5	24.8333
-269.5	26.3
-268.5	25
-267.5	30.3333
-266.5	20.75
-265.5	23
-264.5	27.5
-263.5	25.25
-262.5	25.5
-261.5	20.3333
-260.5	26.25
-259.5	21.3333
-258.5	30.5
-257.5	18
-256.5	18
-255.5	21.0909
-254.5	28.6111
-253.5	18
-252.5	27.5
-251.5	25.7917
-250.5	28.75
-249.5	26.5
-248.5	22
-247.5	23.5
-246.5	16.4583
-245.5	23.0833
-244.5	19.8333
-243.5	29.5
-242.5	23.5
-241.5	28.0769
-240.5	23.5
-239.5	25.5
-238.5	22.8333
-237.5	21.8333
-236.5	27
-235.5	16.5
-234.5	23.1667
-233.5	18.5
-232.5	23.1667
-231.5	21
-230.5	26.2
-229.5	22.2
-228.5	17
-227.5	13
-226.5	24.5
-225.5	21.1
-224.5	28.3333
-223.5	19
-222.5	33.5
-221.5	19.5
-220.5	18.5
-219.5	24.5
-218.5	25.5
-217.5	19.5909
-216.5	21.3333
-215.5	29.75
-214.5	22.5
-213.5	22.6667
-212.5	24
-211.5	25.625
-210.5	20.2917
-209.5	29
-208.5	18.5
-207.5	24.7679
-206.5	28
-205.5	25.5
-204.5	17
-203.5	23.8333
-202.5	20
-201.5	20
-200.5	19
-199.5	21.5769
-198.5	27
-197.5	19
-196.5	27.5
-195.5	19
-194.5	20.5
-193.5	25.3333
-192.5	20.2
-191.5	19.6111
-190.5	23
-189.5	19.7
-188.5	24
-187.5	29
-186.5	27
-185.5	28.5
-184.5	21
-183.5	20.5
-182.5	24.3333
-181.5	32.4333
-180.5	24.3409
-179.5	22.5
-178.5	26
-177.5	30.5
-176.5	28.125
-175.5	30.1667
-174.5	27.3333
-173.5	26.5
-172.5	19
-171.5	23
-170.5	17
-169.5	23.1667
-168.5	14.5
-167.5	19.5
-166.5	24
-165.5	29.5
-164.5	14.5
-163.5	24.9
-162.5	28
-161.5	34
-160.5	31
-159.5	25
-158.5	35
-157.5	23.5769
-156.5	24
-155.5	16
-154.5	22.5
-153.5	25.5
-152.5	31
-151.5	16
-150.5	28
-149.5	36.5
-148.5	24.5
-147.5	22.5
-146.5	23.5
-145.5	20.5
-144.5	24.1429
-143.5	20.5909
-142.5	17
-141.5	23.8611
-140.5	26
-139.5	21
-138.5	21
-137.5	33.6667
-136.5	20.3333
-135.5	27.5
-134.5	16
-133.5	13.5
-132.5	27.5
-131.5	18
-130.5	18.3333
-129.5	23.3333
-128.5	26.9444
-127.5	25
-126.5	26
-125.5	27.2
-124.5	19
-123.5	27.5833
-122.5	18.5
-121.5	24.5
-120.5	20.875
-119.5	21
-118.5	25.5
-117.5	20.25
-116.5	21
-115.5	28.688
-114.5	26.25
-113.5	15.6429
-112.5	20.3333
-111.5	24.5
-110.5	32
-109.5	22.5
-108.5	21.5
-107.5	18.5
-106.5	12.5492
-105.5	24
-104.5	23
-103.5	18
-102.5	23
-101.5	19.3333
-100.5	27
 -99.5	20.8333
 -98.5	28
 -97.5	27.3333
 -96.5	20.2
 -95.5	24
 -94.5	23.8333
 -93.5	28.8095
 -92.5	23
 -91.5	23.7
 -90.5	26.5
 -89.5	25.5
 -88.5	22.5
 -87.5	29.0333
 -86.5	22.5
 -85.5	20.5
 -84.5	26
 -83.5	30
 -82.5	21.8333
 -81.5	26.1429
 -80.5	23.5
 -79.5	25.3333
 -78.5	28.8333
 -77.5	24.5
 -76.5	27.625
 -75.5	22.1667
 -74.5	24.5
 -73.5	20.5769
 -72.5	23.625
 -71.5	13.625
 -70.5	19.5
 -69.5	28.3333
 -68.5	21.5
 -67.5	26.5
 -66.5	30.75
 -65.5	16.6111
 -64.5	21
 -63.5	24.1111
 -62.5	24
 -61.5	26.3333
 -60.5	31
 -59.5	29.5
 -58.5	17.5
 -57.5	24
 -56.5	29.5
 -55.5	18
 -54.5	20.5
 -53.5	21
 -52.5	28.8667
 -51.5	23
 -50.5	30
 -49.5	36.5333
 -48.5	24.5
 -47.5	23.5
 -46.5	34.8333
 -45.5	26.8333
 -44.5	20.1667
 -43.5	31.1667
 -42.5	33.5
 -41.5	22.8333
 -40.5	26
 -39.5	27
 -38.5	22
 -37.5	33.5
 -36.5	27.125
 -35.5	23.3333
 -34.5	17.5
 -33.5	22.1667
 -32.5	32.5
 -31.5	23.0769
 -30.5	24.5909
 -29.5	27.2
 -28.5	26
 -27.5	26.3333
 -26.5	28.5
 -25.5	34.1111
 -24.5	19.5333
 -23.5	26.6667
 -22.5	29.5
 -21.5	27.1667
 -20.5	34.6667
 -19.5	20.5
 -18.5	27.6429
 -17.5	26
 -16.5	18.5
 -15.5	30
 -14.5	19.5
 -13.5	16.8333
 -12.5	26.3333
 -11.5	19
 -10.5	17.8333
  -9.5	36.5
  -8.5	30.5
  -7.5	29
  -6.5	27
  -5.5	25.5
  -4.5	20
  -3.5	29.625
  -2.5	23.1111
  -1.5	23.125
  -0.5	24.3333
   0.5	22.5
   1.5	32
   2.5	17
   3.5	33.5
   4.5	32
   5.5	27.4242
   6.5	29.3333
   7.5	22
   8.5	25.3333
   9.5	32
  10.5	29.0769
  11.5	24.5
  12.5	28
  13.5	19
  14.5	15
  15.5	24
  16.5	27.5
  17.5	27.8333
  18.5	33
  19.5	24.1667
  20.5	15
  21.5	25
  22.5	22
  23.5	28.1429
  24.5	28
  25.5	19
  26.5	27.2
  27.5	24.5
  28.5	26
  29.5	22.6
  30.5	30.5
  31.5	28
  32.5	26.5
  33.5	20
  34.5	24.5
  35.5	20.5
  36.5	18.5
  37.5	21.3333
  38.5	23.5
  39.5	29
  40.5	24
  41.5	23.5
  42.5	24.2
  43.5	24.5909
  44.5	25.9762
  45.5	26.5
  46.5	18.5
  47.5	26.75
  48.5	31
  49.5	27.8333
  50.5	17
  51.5	29.5
  52.5	22.5769
  53.5	31
  54.5	26.9583
  55.5	26
  56.5	20.5
  57.5	25.5
  58.5	23
  59.5	27
  60.5	23.1111
  61.5	28.5
  62.5	17
  63.5	26.5
  64.5	15.5
  65.5	29.125
  66.5	22
  67.5	28.5
  68.5	24.6667
  69.5	28
  70.5	22.5
  71.5	39
  72.5	28.5
  73.5	22.6
  74.5	21.5
  75.5	26
  76.5	22.3333
  77.5	34.3333
  78.5	19.5
  79.5	28.5
  80.5	27
  81.5	21.5
  82.5	23.6667
  83.5	24.6667
  84.5	29
  85.5	28.4444
  86.5	26.5
  87.5	25.5
  88.5	31.6111
  89.5	20
  90.5	20.1111
  91.5	36.1111
  92.5	34
  93.5	26.5
  94.5	26.188
  95.5	28
  96.5	22.3333
  97.5	21.1111
  98.5	21.5
  99.5	28.5
 100.5	15.1111
 101.5	24
 102.5	33.5
 103.5	17.8111
 104.5	24
 105.5	23
 106.5	23.6111
 107.5	27.1429
 108.5	20
 109.5	28.3111
 110.5	25.5
 111.5	24
 112.5	26
 113.5	24
 114.5	24
 115.5	21.5
 116.5	23.5
 117.5	18.1909
 118.5	17
 119.5	24
 120.5	23.6429
 121.5	26
 122.5	30
 123.5	28.6111
 124.5	29.3333
 125.5	18.5
 126.5	30.1667
 127.5	23.5
 128.5	34.7778
 129.5	23.3333
 130.5	21.2
 131.5	32.5
 132.5	17
 133.5	28.8333
 134.5	18.9583
 135.5	20
 136.5	14.5769
 137.5	24.1429
 138.5	27
 139.5	22.3333
 140.5	21.5
 141.5	24.125
 142.5	24
 143.5	22.3333
 144.5	23.3333
 145.5	29.3333
 146.5	16
 147.5	26.1667
 148.5	24
 149.5	26.3333
 150.5	22.5
 151.5	27.5
 152.5	24
 153.5	31.5
 154.5	15.6429
 155.5	33
 156.5	22
 157.5	25
 158.5	11.5
 159.5	23.5
 160.5	29.5
 161.5	28.1
 162.5	24.5
 163.5	27
 164.5	11.5
 165.5	18.8333
 166.5	23.6111
 167.5	20.5
 168.5	28.8333
 169.5	26
 170.5	24.3429
 171.5	18.6429
 172.5	17.5
 173.5	17.5
 174.5	29.3333
 175.5	31.5
 176.5	25.2
 177.5	22
 178.5	23.0769
 179.5	24
 180.5	17
 181.5	23
 182.5	18
 183.5	35
 184.5	23
 185.5	18.5
 186.5	32.1111
 187.5	16
 188.5	29.5
 189.5	25
 190.5	18
 191.5	21.5909
 192.5	22.4444
 193.5	26.8333
 194.5	19
 195.5	15.5
 196.5	26.3333
 197.5	15
 198.5	25.3333
 199.5	22.5
 200.5	23
 201.5	23.5
 202.5	29.5
 203.5	18.625
 204.5	19
 205.5	19.6
 206.5	29
 207.5	30.5
 208.5	20
 209.5	19.5
 210.5	24.5
 211.5	17.5
 212.5	20
 213.5	32.6667
 214.5	21.5
 215.5	23
 216.5	28
 217.5	20
 218.5	25.5
 219.5	26.8333
 220.5	25.5
 221.5	28
 222.5	16
 223.5	29
 224.5	27.3333
 225.5	24
 226.5	21
 227.5	15.5
 228.5	23
 229.5	34
 230.5	21.25
 231.5	16.5
 232.5	23.5
 233.5	26
 234.5	33
 235.5	23
 236.5	24.125
 237.5	29.5
 238.5	16
 239.5	25
 240.5	30.5
 241.5	21.5
 242.5	21
 243.5	24.2
 244.5	34
 245.5	22
 246.5	23
 247.5	17.625
 248.5	28.5
 249.5	21.0444
 250.5	23.125
 251.5	13
 252.5	22
 253.5	25
 254.5	19.8333
 255.5	20.8333
 256.5	20.5
 257.5	28.1667
 258.5	21
 259.5	21.5
 260.5	26
 261.5	18.5
 262.5	32
 263.5	22
 264.5	24.5
 265.5	24
 266.5	27
 267.5	19.5
 268.5	22.625
 269.5	18.5
 270.5	28.5
 271.5	22.625
 272.5	31.125
 273.5	24.5
 274.5	19.9583
 275.5	21.3333
 276.5	21.5
 277.5	24.5
 278.5	24.5
 279.5	19.5
 280.5	27.5
 281.5	17.5
 282.5	14.5
 283.5	22
 284.5	21
 285.5	29
 286.5	27
 287.5	19.5
 288.5	28
 289.5	18.5
 290.5	17
 291.5	27
 292.5	26.125
 293.5	19.6
 294.5	19.5
 295.5	24.125
 296.5	22
 297.5	25.8333
 298.5	19.125
 299.5	21.5
 300.5	23.5
 301.5	24.5
 302.5	22.5
 303.5	26
 304.5	18
 305.5	21
 306.5	23
 307.5	33.5
 308.5	25.5
 309.5	28.5
 310.5	24
 311.5	24.5
 312.5	18.5
 313.5	16.5
 314.5	16.5
 315.5	18
 316.5	21
 317.5	20.5
 318.5	21
 319.5	25
 320.5	20
 321.5	29
 322.5	35.2361
 323.5	15
 324.5	23
 325.5	16.5
 326.5	23
 327.5	20
DB 1 MOTIF	NFIB_HUMAN.H11MO.0.D
-327.5	28
-326.5	15.5
-325.5	27
-324.5	24
-323.5	20
-322.5	23.7
-321.5	19
-320.5	20
-319.5	22.5
-318.5	22
-317.5	23
-316.5	28
-315.5	25
-314.5	33
-313.5	26
-312.5	35.5
-311.5	25
-310.5	19.5
-309.5	22.5
-308.5	19.5
-307.5	21.5
-306.5	31
-305.5	13.5
-304.5	26
-303.5	20.5
-302.5	19
-301.5	30
-300.5	25
-299.5	33.6
-298.5	32
-297.5	33.3333
-296.5	23.8333
-295.5	32
-294.5	26
-293.5	19.5
-292.5	26.5
-291.5	26
-290.5	22
-289.5	23
-288.5	28
-287.5	25
-286.5	17
-285.5	34
-284.5	24.5
-283.5	15
-282.5	28
-281.5	28
-280.5	24.5
-279.5	30
-278.5	27.5
-277.5	22.5
-276.5	22
-275.5	15
-274.5	18
-273.5	23
-272.5	23.3333
-271.5	29.5
-270.5	21
-269.5	27
-268.5	29.5
-267.5	17.5
-266.5	28.5
-265.5	22
-264.5	24.5
-263.5	26.5
-262.5	23.5
-261.5	28.5
-260.5	29
-259.5	23
-258.5	26
-257.5	21
-256.5	16
-255.5	32
-254.5	21
-253.5	22.3333
-252.5	28.5
-251.5	19
-250.5	28
-249.5	25
-248.5	22.6
-247.5	24.5
-246.5	28
-245.5	29
-244.5	21
-243.5	18
-242.5	31.5
-241.5	19.5
-240.5	24
-239.5	16.5
-238.5	29.8333
-237.5	22
-236.5	25.0909
-235.5	29.5
-234.5	25
-233.5	20.5
-232.5	24.1429
-231.5	22
-230.5	20
-229.5	27.2
-228.5	22.5
-227.5	23.5
-226.5	16
-225.5	26.8333
-224.5	28
-223.5	27
-222.5	25
-221.5	26.3333
-220.5	24.5
-219.5	14
-218.5	27.5
-217.5	25
-216.5	24.5
-215.5	24.5
-214.5	28
-213.5	27.5
-212.5	23.5
-211.5	36
-210.5	23.5
-209.5	26.5
-208.5	25.5
-207.5	24
-206.5	27.3333
-205.5	24.5
-204.5	22
-203.5	27
-202.5	21.5
-201.5	22
-200.5	25.5
-199.5	25.5
-198.5	25
-197.5	20.1
-196.5	20
-195.5	21.5
-194.5	25
-193.5	26
-192.5	27.5
-191.5	23.5
-190.5	26
-189.5	23
-188.5	24.5
-187.5	23
-186.5	20
-185.5	19
-184.5	18.5
-183.5	29.5
-182.5	30
-181.5	28.5
-180.5	32.5
-179.5	26.5
-178.5	26.7
-177.5	27.5
-176.5	19
-175.5	26
-174.5	16.5
-173.5	29
-172.5	28.7
-171.5	20.5
-170.5	26.3333
-169.5	28
-168.5	26
-167.5	24.5
-166.5	24
-165.5	21.5
-164.5	27.5
-163.5	30
-162.5	26.5
-161.5	30
-160.5	17.5
-159.5	31.5
-158.5	24.5
-157.5	28
-156.5	36
-155.5	32.5
-154.5	27.5
-153.5	22
-152.5	23
-151.5	24
-150.5	19.5
-149.5	27.5
-148.5	39
-147.5	20
-146.5	40.1
-145.5	33
-144.5	22.5
-143.5	23.5
-142.5	24
-141.5	15
-140.5	21.5
-139.5	22
-138.5	30
-137.5	19
-136.5	23.5
-135.5	16.5
-134.5	31
-133.5	21.5
-132.5	19
-131.5	22.8333
-130.5	21
-129.5	27
-128.5	28
-127.5	29.5
-126.5	23.1111
-125.5	28
-124.5	23.0909
-123.5	30
-122.5	20
-121.5	24
-120.5	23.5
-119.5	26
-118.5	21
-117.5	21
-116.5	35
-115.5	31
-114.5	24.1429
-113.5	33.5
-112.5	30.5
-111.5	22
-110.5	23.5
-109.5	18.3333
-108.5	24.5
-107.5	23
-106.5	25.5
-105.5	21
-104.5	24.5
-103.5	22
-102.5	22
-101.5	19
-100.5	39
 -99.5	25
 -98.5	20.5
 -97.5	29.3333
 -96.5	23
 -95.5	23.6
 -94.5	21
 -93.5	30.5
 -92.5	23
 -91.5	19.5
 -90.5	21
 -89.5	23.5
 -88.5	28
 -87.5	27.0909
 -86.5	29
 -85.5	29.5
 -84.5	20
 -83.5	15.5
 -82.5	18
 -81.5	27.1429
 -80.5	24.2
 -79.5	26.5
 -78.5	20.5
 -77.5	20
 -76.5	25
 -75.5	27.1111
 -74.5	24.5
 -73.5	18.5
 -72.5	36
 -71.5	23.5
 -70.5	23.8333
 -69.5	19
 -68.5	26
 -67.5	27
 -66.5	15
 -65.5	32
 -64.5	29
 -63.5	32
 -62.5	26.5
 -61.5	26
 -60.5	24
 -59.5	20.5
 -58.5	26.2
 -57.5	34.5
 -56.5	19
 -55.5	24
 -54.5	23
 -53.5	32.5
 -52.5	35
 -51.5	30
 -50.5	22
 -49.5	25.5
 -48.5	33.5
 -47.5	27.5
 -46.5	31.5
 -45.5	20
 -44.5	22.1
 -43.5	33
 -42.5	27.3333
 -41.5	23
 -40.5	24.5
 -39.5	22.3333
 -38.5	28
 -37.5	22
 -36.5	22
 -35.5	24.5
 -34.5	29.5
 -33.5	30.5
 -32.5	24
 -31.5	24.5
 -30.5	14
 -29.5	21.5
 -28.5	23
 -27.5	30
 -26.5	31
 -25.5	28.3333
 -24.5	32.1111
 -23.5	22
 -22.5	27
 -21.5	29.7
 -20.5	22
 -19.5	34
 -18.5	24.5
 -17.5	31.2
 -16.5	27.5
 -15.5	29.5
 -14.5	23
 -13.5	39.5
 -12.5	24.5909
 -11.5	17
 -10.5	30.5
  -9.5	30.3333
  -8.5	20
  -7.5	23.5
  -6.5	26
  -5.5	27
  -4.5	27
  -3.5	25
  -2.5	29
  -1.5	28
  -0.5	26.5
   0.5	23
   1.5	21.5
   2.5	20.5
   3.5	28
   4.5	21.8333
   5.5	33
   6.5	22.9333
   7.5	22.3333
   8.5	38.5
   9.5	32.5
  10.5	35.5
  11.5	19
  12.5	23.5
  13.5	34.2
  14.5	32
  15.5	27.5
  16.5	26.5
  17.5	25
  18.5	25.5
  19.5	25.5
  20.5	17.5
  21.5	27
  22.5	26.5
  23.5	27
  24.5	27.5909
  25.5	28.5
  26.5	27.1111
  27.5	30
  28.5	18.75
  29.5	25
  30.5	31
  31.5	25.5
  32.5	31.5
  33.5	25
  34.5	27
  35.5	22.5
  36.5	22.6429
  37.5	32.5
  38.5	24.8333
  39.5	22.5
  40.5	27.5
  41.5	29.5
  42.5	20
  43.5	32.5
  44.5	36.2
  45.5	29
  46.5	31.5
  47.5	18
  48.5	23
  49.5	32
  50.5	25
  51.5	30.5
  52.5	21.5
  53.5	32
  54.5	29
  55.5	34.7
  56.5	36
  57.5	25.6
  58.5	29.5
  59.5	27
  60.5	31
  61.5	26.0909
  62.5	27
  63.5	25.5
  64.5	27.5
  65.5	27
  66.5	29.6429
  67.5	28.25
  68.5	24.5
  69.5	40
  70.5	15
  71.5	32
  72.5	37
  73.5	24
  74.5	24.5
  75.5	27.2
  76.5	15.5
  77.5	29.6111
  78.5	25
  79.5	16.5
  80.5	28
  81.5	22.5
  82.5	23
  83.5	27.8333
  84.5	23.2
  85.5	27.5
  86.5	32.5
  87.5	28.5
  88.5	30.5
  89.5	23
  90.5	27
  91.5	21.5
  92.5	24
  93.5	34.5
  94.5	32
  95.5	20.5
  96.5	32
  97.5	18
  98.5	23.5909
  99.5	17.5
 100.5	39
 101.5	17.5
 102.5	28.8333
 103.5	22
 104.5	26
 105.5	23
 106.5	23.75
 107.5	20.5
 108.5	31.1
 109.5	26.5
 110.5	25
 111.5	20.5
 112.5	17
 113.5	30
 114.5	20
 115.5	22
 116.5	22
 117.5	19
 118.5	27.3333
 119.5	29
 120.5	26.5
 121.5	19
 122.5	31
 123.5	21
 124.5	25.5
 125.5	22.5
 126.5	22
 127.5	22
 128.5	19.1111
 129.5	20
 130.5	18
 131.5	19
 132.5	22
 133.5	29.5
 134.5	23
 135.5	17.0909
 136.5	20.5
 137.5	21
 138.5	18
 139.5	27
 140.5	23
 141.5	20.8333
 142.5	26.5
 143.5	28
 144.5	17
 145.5	30.75
 146.5	24.3333
 147.5	28
 148.5	29
 149.5	16
 150.5	26.7
 151.5	31
 152.5	28.5
 153.5	24.3333
 154.5	27.3333
 155.5	22.6429
 156.5	33
 157.5	21.5
 158.5	19
 159.5	29.6
 160.5	24
 161.5	30
 162.5	16
 163.5	30
 164.5	17
 165.5	27.5
 166.5	28.5
 167.5	25
 168.5	16.5
 169.5	24.5
 170.5	21.5
 171.5	21.5
 172.5	16.0909
 173.5	37.3333
 174.5	25.5
 175.5	21.5
 176.5	26
 177.5	24
 178.5	19
 179.5	29.1111
 180.5	25
 181.5	32
 182.5	21.5
 183.5	21.5
 184.5	22
 185.5	21.1429
 186.5	18.5
 187.5	23.5
 188.5	31.5
 189.5	24.5
 190.5	35.5333
 191.5	24
 192.5	14.5
 193.5	33.8333
 194.5	26.5
 195.5	21
 196.5	19
 197.5	22.5
 198.5	24
 199.5	19
 200.5	37.5
 201.5	19.5
 202.5	21.5
 203.5	18.5
 204.5	30.5
 205.5	25.8333
 206.5	24
 207.5	29.5
 208.5	26
 209.5	29
 210.5	22.0909
 211.5	25
 212.5	24
 213.5	20.5
 214.5	22.5
 215.5	24.5
 216.5	33.5
 217.5	27.5
 218.5	30.5
 219.5	22
 220.5	27.5
 221.5	32.7
 222.5	25.5
 223.5	26.5
 224.5	29.5
 225.5	23
 226.5	16
 227.5	31.5
 228.5	22.5
 229.5	23
 230.5	26.6111
 231.5	23
 232.5	25.5
 233.5	24
 234.5	26.5
 235.5	21
 236.5	24
 237.5	14.8333
 238.5	12.7
 239.5	28.5
 240.5	22.5
 241.5	25.5
 242.5	22.5
 243.5	26
 244.5	27
 245.5	23.5
 246.5	26.5
 247.5	23
 248.5	30.0909
 249.5	21.7
 250.5	23.5
 251.5	32.5
 252.5	27.7
 253.5	20
 254.5	23
 255.5	24.5
 256.5	21.5
 257.5	22.5
 258.5	30
 259.5	32.5
 260.5	22
 261.5	21.5
 262.5	23.5
 263.5	20.5
 264.5	24.5
 265.5	20.5
 266.5	15.5
 267.5	17.5
 268.5	23
 269.5	11
 270.5	20
 271.5	17
 272.5	20.5
 273.5	20.5
 274.5	17
 275.5	21
 276.5	26
 277.5	29.5
 278.5	25.3333
 279.5	15
 280.5	16.5
 281.5	28.1111
 282.5	23
 283.5	18.0333
 284.5	19.5
 285.5	14.5
 286.5	22
 287.5	33
 288.5	19
 289.5	37
 290.5	29.5
 291.5	28
 292.5	26
 293.5	25
 294.5	27
 295.5	26
 296.5	18.5
 297.5	24
 298.5	19
 299.5	26
 300.5	20.3333
 301.5	18
 302.5	20.5
 303.5	22.5
 304.5	20
 305.5	23.5
 306.5	29.5
 307.5	21
 308.5	28
 309.5	26.5
 310.5	26.5
 311.5	25
 312.5	20
 313.5	27
 314.5	27.5
 315.5	23
 316.5	21
 317.5	29.5
 318.5	22
 319.5	23
 320.5	29.5
 321.5	19
 322.5	26.5
 323.5	23
 324.5	14.5
 325.5	25
 326.5	15.5
 327.5	24.5
DB 1 MOTIF	NR1H4_HUMAN.H11MO.0.B
-322.5	28
-321.5	29
-320.5	26
-319.5	28
-318.5	30
-317.5	17.3333
-316.5	21
-315.5	18
-314.5	16.6429
-313.5	22
-312.5	25
-311.5	22
-310.5	20
-309.5	22
-308.5	33
-307.5	32.5
-306.5	28
-305.5	26
-304.5	27.6111
-303.5	30
-302.5	23
-301.5	24
-300.5	20
-299.5	23
-298.5	20
-297.5	31
-296.5	18
-295.5	27
-294.5	32
-293.5	25
-292.5	26
-291.5	22
-290.5	13
-289.5	19
-288.5	21
-287.5	30
-286.5	22.1429
-285.5	25
-284.5	25
-283.5	30
-282.5	30.2
-281.5	26
-280.5	30
-279.5	21
-278.5	22
-277.5	22
-276.5	24.5
-275.5	22
-274.5	25
-273.5	22
-272.5	23
-271.5	21
-270.5	25
-269.5	21
-268.5	10.0909
-267.5	17
-266.5	12
-265.5	22.5
-264.5	27.5
-263.5	26
-262.5	17
-261.5	23
-260.5	19
-259.5	26
-258.5	19
-257.5	24.5
-256.5	24
-255.5	28
-254.5	16.5
-253.5	23
-252.5	18
-251.5	24
-250.5	21
-249.5	24.3333
-248.5	21
-247.5	22
-246.5	28
-245.5	17.5
-244.5	24
-243.5	22
-242.5	25
-241.5	25.1111
-240.5	22.1111
-239.5	27
-238.5	25
-237.5	23
-236.5	20
-235.5	24
-234.5	20
-233.5	25
-232.5	19
-231.5	20
-230.5	23
-229.5	18.5
-228.5	19.1429
-227.5	21
-226.5	28.4242
-225.5	21
-224.5	18
-223.5	23
-222.5	21
-221.5	24
-220.5	26
-219.5	19
-218.5	36
-217.5	34
-216.5	26
-215.5	21.5
-214.5	24
-213.5	16
-212.5	22
-211.5	30.5
-210.5	17.5
-209.5	23
-208.5	27
-207.5	27
-206.5	22
-205.5	30
-204.5	17
-203.5	31.5
-202.5	29.125
-201.5	16
-200.5	24
-199.5	22.5
-198.5	19.6429
-197.5	19
-196.5	21
-195.5	25
-194.5	19
-193.5	20
-192.5	20
-191.5	21
-190.5	19
-189.5	25
-188.5	28
-187.5	15
-186.5	22.25
-185.5	21
-184.5	21.0909
-183.5	21
-182.5	29.5
-181.5	23
-180.5	20.2
-179.5	17
-178.5	24.1111
-177.5	21
-176.5	17
-175.5	24
-174.5	18.5
-173.5	25
-172.5	29
-171.5	28
-170.5	22
-169.5	26.5
-168.5	21
-167.5	22.5
-166.5	27.5
-165.5	22.6429
-164.5	27.5
-163.5	30
-162.5	24
-161.5	24
-160.5	23
-159.5	24
-158.5	22
-157.5	18
-156.5	21.2
-155.5	25
-154.5	20
-153.5	24
-152.5	27
-151.5	19.5
-150.5	19
-149.5	25.25
-148.5	22
-147.5	30
-146.5	27
-145.5	16
-144.5	23.5
-143.5	29.5
-142.5	19.0909
-141.5	23
-140.5	31
-139.5	27
-138.5	29.2
-137.5	22
-136.5	30
-135.5	30
-134.5	23.8333
-133.5	22.1429
-132.5	21.1111
-131.5	19
-130.5	22
-129.5	20
-128.5	28
-127.5	24
-126.5	29
-125.5	22.3333
-124.5	28
-123.5	25
-122.5	26
-121.5	19
-120.5	24
-119.5	25
-118.5	17
-117.5	21
-116.5	29
-115.5	24.1111
-114.5	23
-113.5	26
-112.5	15.5
-111.5	26
-110.5	25.125
-109.5	25
-108.5	37
-107.5	25
-106.5	21
-105.5	12
-104.5	21
-103.5	21
-102.5	29
-101.5	18
-100.5	15.0909
 -99.5	23
 -98.5	23.5
 -97.5	25
 -96.5	25
 -95.5	37
 -94.5	23.3333
 -93.5	28.2
 -92.5	27
 -91.5	24
 -90.5	24
 -89.5	21
 -88.5	28
 -87.5	22
 -86.5	23.25
 -85.5	25
 -84.5	29
 -83.5	29.5
 -82.5	31
 -81.5	29
 -80.5	24
 -79.5	21
 -78.5	22.1111
 -77.5	26
 -76.5	21
 -75.5	15.25
 -74.5	33
 -73.5	28
 -72.5	21
 -71.5	22
 -70.5	23
 -69.5	21
 -68.5	25
 -67.5	17.5
 -66.5	27
 -65.5	20
 -64.5	14.5
 -63.5	17
 -62.5	22
 -61.5	19
 -60.5	21
 -59.5	25
 -58.5	30.7338
 -57.5	28.5
 -56.5	17
 -55.5	25
 -54.5	20
 -53.5	32
 -52.5	20.1111
 -51.5	26.3333
 -50.5	33.3333
 -49.5	16
 -48.5	27
 -47.5	21.5
 -46.5	26
 -45.5	21
 -44.5	30
 -43.5	42.5
 -42.5	32
 -41.5	20
 -40.5	14
 -39.5	21
 -38.5	22.25
 -37.5	28.5
 -36.5	26
 -35.5	26.5
 -34.5	19.5
 -33.5	26
 -32.5	20
 -31.5	28.5
 -30.5	25.2
 -29.5	26
 -28.5	17
 -27.5	24.5
 -26.5	30
 -25.5	29.5
 -24.5	32.1111
 -23.5	32
 -22.5	20
 -21.5	24
 -20.5	27
 -19.5	14
 -18.5	26.125
 -17.5	28
 -16.5	23.5909
 -15.5	24
 -14.5	31
 -13.5	12
 -12.5	22
 -11.5	25
 -10.5	30
  -9.5	24
  -8.5	36
  -7.5	27
  -6.5	20
  -5.5	30.5
  -4.5	24
  -3.5	27
  -2.5	35
  -1.5	29.5
  -0.5	30
   0.5	27
   1.5	24.5
   2.5	24
   3.5	34
   4.5	24
   5.5	20
   6.5	25
   7.5	23
   8.5	28
   9.5	31
  10.5	21
  11.5	18
  12.5	16
  13.5	16
  14.5	27
  15.5	31
  16.5	25.5
  17.5	27
  18.5	28
  19.5	24.5
  20.5	24
  21.5	24
  22.5	22
  23.5	28
  24.5	32
  25.5	23.0909
  26.5	29
  27.5	24.325
  28.5	27
  29.5	33.1111
  30.5	28
  31.5	25
  32.5	25.2
  33.5	27
  34.5	26
  35.5	19
  36.5	15
  37.5	28.25
  38.5	20.25
  39.5	29
  40.5	29.5
  41.5	21
  42.5	29
  43.5	24
  44.5	25
  45.5	33
  46.5	34
  47.5	21
  48.5	21
  49.5	30
  50.5	19
  51.5	20
  52.5	36
  53.5	16
  54.5	29
  55.5	40
  56.5	21
  57.5	39
  58.5	29
  59.5	33
  60.5	30
  61.5	24
  62.5	18
  63.5	28
  64.5	23
  65.5	19
  66.5	23
  67.5	24.0909
  68.5	20
  69.5	17.2
  70.5	24
  71.5	22
  72.5	29
  73.5	24.2361
  74.5	20.25
  75.5	29
  76.5	26.3333
  77.5	32
  78.5	27.25
  79.5	32
  80.5	27
  81.5	23
  82.5	27.8333
  83.5	28.1111
  84.5	16
  85.5	24
  86.5	22
  87.5	24
  88.5	18
  89.5	25
  90.5	24
  91.5	24
  92.5	32
  93.5	26
  94.5	21
  95.5	27.5
  96.5	31
  97.5	28
  98.5	19
  99.5	16
 100.5	13
 101.5	13
 102.5	17
 103.5	34
 104.5	26
 105.5	29
 106.5	27
 107.5	23.5
 108.5	24
 109.5	27.0909
 110.5	29.6667
 111.5	22.7
 112.5	18
 113.5	25
 114.5	20
 115.5	18
 116.5	30
 117.5	25
 118.5	30
 119.5	23
 120.5	33
 121.5	19
 122.5	27
 123.5	20
 124.5	27.5
 125.5	26
 126.5	16.5
 127.5	20
 128.5	26
 129.5	20
 130.5	28
 131.5	25
 132.5	19
 133.5	20.3333
 134.5	19
 135.5	21.75
 136.5	27.1111
 137.5	19.1111
 138.5	25
 139.5	22.5
 140.5	19
 141.5	23
 142.5	25
 143.5	25
 144.5	32.25
 145.5	25
 146.5	24
 147.5	24
 148.5	18.25
 149.5	17.1667
 150.5	18
 151.5	31.0909
 152.5	23
 153.5	21
 154.5	24
 155.5	21
 156.5	27
 157.5	19.5
 158.5	30
 159.5	23.3333
 160.5	16.5
 161.5	16
 162.5	27
 163.5	20
 164.5	22.5
 165.5	25
 166.5	20
 167.5	28
 168.5	24
 169.5	19
 170.5	26
 171.5	34.5
 172.5	27
 173.5	26
 174.5	28
 175.5	31
 176.5	19
 177.5	21
 178.5	33
 179.5	15
 180.5	21
 181.5	21
 182.5	18
 183.5	28
 184.5	20
 185.5	19.75
 186.5	25
 187.5	22
 188.5	23.1667
 189.5	27
 190.5	27
 191.5	21.1111
 192.5	23.5
 193.5	19
 194.5	21
 195.5	25
 196.5	20
 197.5	26
 198.5	21
 199.5	25.1111
 200.5	26.3333
 201.5	28
 202.5	21
 203.5	24
 204.5	25
 205.5	20
 206.5	24
 207.5	18
 208.5	27
 209.5	33.5
 210.5	19
 211.5	16.625
 212.5	19
 213.5	28
 214.5	17
 215.5	18.3333
 216.5	16
 217.5	9
 218.5	22
 219.5	20
 220.5	15
 221.5	22
 222.5	28
 223.5	24
 224.5	24
 225.5	21
 226.5	19
 227.5	26.1667
 228.5	22
 229.5	20
 230.5	24
 231.5	19.5
 232.5	18.25
 233.5	26
 234.5	22
 235.5	25
 236.5	19
 237.5	21
 238.5	25
 239.5	26
 240.5	22
 241.5	14
 242.5	13
 243.5	27.25
 244.5	24
 245.5	22.1111
 246.5	20
 247.5	18
 248.5	15
 249.5	29
 250.5	24
 251.5	24
 252.5	18
 253.5	24
 254.5	20
 255.5	16
 256.5	19.5
 257.5	24.125
 258.5	19
 259.5	18.5
 260.5	28
 261.5	15
 262.5	21.1111
 263.5	18
 264.5	17
 265.5	24.5
 266.5	31.1667
 267.5	26
 268.5	24
 269.5	31
 270.5	24
 271.5	27
 272.5	31
 273.5	21
 274.5	18
 275.5	21
 276.5	23
 277.5	26
 278.5	31
 279.5	15
 280.5	24
 281.5	23.25
 282.5	24
 283.5	27
 284.5	22
 285.5	25
 286.5	22
 287.5	21
 288.5	25.5
 289.5	22
 290.5	21
 291.5	24
 292.5	28.5
 293.5	22
 294.5	27
 295.5	24
 296.5	23
 297.5	19.8333
 298.5	28
 299.5	21
 300.5	19.5
 301.5	24
 302.5	16
 303.5	21.625
 304.5	22
 305.5	18.1667
 306.5	24
 307.5	13
 308.5	23
 309.5	21
 310.5	18
 311.5	13
 312.5	25.5
 313.5	17
 314.5	13
 315.5	25
 316.5	24
 317.5	17.5
 318.5	14
 319.5	22
 320.5	21
 321.5	28.5
 322.5	22
DB 1 MOTIF	NRF1_HUMAN.H11MO.0.A
-323.5	4
-322.5	4
-321.5	7
-320.5	5
-319.5	6.2
-318.5	9
-317.5	6
-316.5	5
-315.5	6
-314.5	5
-313.5	6
-312.5	4
-311.5	7
-310.5	4
-309.5	3
-308.5	9
-307.5	6
-306.5	4
-305.5	11
-304.5	4
-303.5	2.5
-302.5	3
-301.5	8
-300.5	6
-299.5	7
-298.5	7
-297.5	10
-296.5	6
-295.5	6
-294.5	4.16667
-293.5	2
-292.5	7
-291.5	5
-290.5	5
-289.5	4
-288.5	8
-287.5	7
-286.5	7
-285.5	10
-284.5	6
-283.5	5
-282.5	5
-281.5	2
-280.5	5
-279.5	5
-278.5	8
-277.5	5
-276.5	6
-275.5	1
-274.5	11
-273.5	5
-272.5	6
-271.5	1
-270.5	6
-269.5	2
-268.5	2
-267.5	5
-266.5	1
-265.5	7
-264.5	7
-263.5	7
-262.5	6
-261.5	8
-260.5	5
-259.5	9.5
-258.5	4
-257.5	1
-256.5	6
-255.5	9
-254.5	7
-253.5	4
-252.5	6
-251.5	4
-250.5	7
-249.5	0
-248.5	6
-247.5	7
-246.5	6
-245.5	7
-244.5	4.5
-243.5	5
-242.5	6
-241.5	5
-240.5	7
-239.5	6
-238.5	6.16667
-237.5	2
-236.5	10
-235.5	5
-234.5	5
-233.5	2
-232.5	6
-231.5	5
-230.5	9
-229.5	6.25
-228.5	4
-227.5	7.2
-226.5	6
-225.5	5
-224.5	5
-223.5	7
-222.5	8
-221.5	9
-220.5	4
-219.5	7
-218.5	6.2
-217.5	5
-216.5	4
-215.5	4
-214.5	6
-213.5	4
-212.5	4
-211.5	5
-210.5	8
-209.5	2
-208.5	2
-207.5	7.5
-206.5	7.33333
-205.5	6
-204.5	8
-203.5	6
-202.5	11
-201.5	5
-200.5	11
-199.5	4
-198.5	9
-197.5	5
-196.5	5
-195.5	7
-194.5	4
-193.5	10
-192.5	7.2
-191.5	2.2
-190.5	7
-189.5	7
-188.5	3
-187.5	3
-186.5	7
-185.5	5
-184.5	3.33333
-183.5	5
-182.5	8
-181.5	8.25
-180.5	4
-179.5	2
-178.5	7
-177.5	5
-176.5	7
-175.5	7
-174.5	6
-173.5	0
-172.5	9
-171.5	4
-170.5	10
-169.5	10
-168.5	6
-167.5	2
-166.5	5
-165.5	5
-164.5	8
-163.5	5
-162.5	4
-161.5	4
-160.5	5
-159.5	4
-158.5	3
-157.5	6
-156.5	3
-155.5	10
-154.5	3
-153.5	5
-152.5	8
-151.5	6
-150.5	10
-149.5	4
-148.5	10
-147.5	6
-146.5	2
-145.5	5
-144.5	9
-143.5	8
-142.5	8
-141.5	8
-140.5	9
-139.5	1
-138.5	12
-137.5	6
-136.5	9
-135.5	4
-134.5	5
-133.5	6.25
-132.5	4
-131.5	8
-130.5	7
-129.5	8
-128.5	7
-127.5	5
-126.5	4
-125.5	4
-124.5	9.5
-123.5	6
-122.5	4
-121.5	7
-120.5	10
-119.5	5
-118.5	9
-117.5	6
-116.5	7
-115.5	4
-114.5	6
-113.5	1
-112.5	7
-111.5	5
-110.5	8
-109.5	6
-108.5	7
-107.5	5
-106.5	10.5
-105.5	3
-104.5	6
-103.5	4
-102.5	5
-101.5	9
-100.5	8
 -99.5	4.16667
 -98.5	5
 -97.5	6
 -96.5	4
 -95.5	10
 -94.5	6
 -93.5	5
 -92.5	5.2
 -91.5	3
 -90.5	4
 -89.5	9
 -88.5	13
 -87.5	10
 -86.5	6
 -85.5	4.25
 -84.5	7
 -83.5	7
 -82.5	2
 -81.5	3
 -80.5	4
 -79.5	7
 -78.5	11
 -77.5	4
 -76.5	7
 -75.5	9
 -74.5	7
 -73.5	8
 -72.5	8
 -71.5	3
 -70.5	11
 -69.5	2
 -68.5	14
 -67.5	4
 -66.5	2
 -65.5	8
 -64.5	9
 -63.5	8
 -62.5	5
 -61.5	7
 -60.5	8
 -59.5	11
 -58.5	9
 -57.5	8
 -56.5	9.5
 -55.5	3
 -54.5	6
 -53.5	10
 -52.5	9
 -51.5	10
 -50.5	4
 -49.5	4
 -48.5	7
 -47.5	6
 -46.5	8
 -45.5	10
 -44.5	3.5
 -43.5	1.16667
 -42.5	6
 -41.5	10
 -40.5	12
 -39.5	6
 -38.5	9
 -37.5	6
 -36.5	16
 -35.5	12
 -34.5	12
 -33.5	10
 -32.5	7
 -31.5	5
 -30.5	5
 -29.5	8
 -28.5	8
 -27.5	4
 -26.5	8.2
 -25.5	10
 -24.5	6
 -23.5	7
 -22.5	7
 -21.5	9
 -20.5	9
 -19.5	6
 -18.5	5
 -17.5	7
 -16.5	8.5
 -15.5	13.5
 -14.5	5
 -13.5	10.2
 -12.5	4
 -11.5	9
 -10.5	9.5
  -9.5	8
  -8.5	4
  -7.5	12
  -6.5	4
  -5.5	7
  -4.5	8
  -3.5	7
  -2.5	10
  -1.5	8
  -0.5	10.3333
   0.5	5
   1.5	7.53333
   2.5	12
   3.5	6
   4.5	6
   5.5	9
   6.5	13.2
   7.5	10
   8.5	7.2
   9.5	5
  10.5	5
  11.5	6
  12.5	6.16667
  13.5	12
  14.5	5
  15.5	10
  16.5	11
  17.5	8
  18.5	10
  19.5	10
  20.5	11
  21.5	5
  22.5	9
  23.5	1
  24.5	8
  25.5	7
  26.5	7
  27.5	4
  28.5	4
  29.5	5
  30.5	6
  31.5	12
  32.5	6
  33.5	8
  34.5	10.5
  35.5	7
  36.5	6
  37.5	8
  38.5	5
  39.5	12
  40.5	4.2
  41.5	7
  42.5	6
  43.5	7
  44.5	8
  45.5	3
  46.5	7
  47.5	8
  48.5	7
  49.5	5
  50.5	5
  51.5	5
  52.5	11
  53.5	1
  54.5	8
  55.5	9
  56.5	12
  57.5	7
  58.5	6
  59.5	7
  60.5	10
  61.5	8
  62.5	4
  63.5	6
  64.5	7
  65.5	8
  66.5	4
  67.5	10
  68.5	9.16667
  69.5	8
  70.5	4
  71.5	5
  72.5	9
  73.5	4
  74.5	5
  75.5	7
  76.5	9
  77.5	5
  78.5	8
  79.5	4
  80.5	9
  81.5	8
  82.5	5
  83.5	4
  84.5	4
  85.5	10
  86.5	4
  87.5	4
  88.5	2
  89.5	8
  90.5	2
  91.5	7
  92.5	12
  93.5	4.5
  94.5	6.7
  95.5	9
  96.5	6.33333
  97.5	5
  98.5	5
  99.5	6
 100.5	6
 101.5	7
 102.5	4
 103.5	6
 104.5	0
 105.5	10.2
 106.5	4
 107.5	3
 108.5	8
 109.5	8
 110.5	6
 111.5	4
 112.5	4
 113.5	6
 114.5	3
 115.5	7
 116.5	6
 117.5	2
 118.5	4
 119.5	7
 120.5	4
 121.5	5
 122.5	7
 123.5	6
 124.5	7
 125.5	6
 126.5	6
 127.5	3
 128.5	11
 129.5	6
 130.5	5
 131.5	5
 132.5	3
 133.5	7
 134.5	3
 135.5	5
 136.5	5
 137.5	7
 138.5	2
 139.5	6
 140.5	6
 141.5	6
 142.5	12
 143.5	6
 144.5	2
 145.5	7
 146.5	11
 147.5	11
 148.5	8.2
 149.5	5
 150.5	5
 151.5	6
 152.5	10
 153.5	5
 154.5	7
 155.5	4
 156.5	4
 157.5	1
 158.5	8
 159.5	11
 160.5	8
 161.5	3
 162.5	6.2
 163.5	4
 164.5	9
 165.5	4
 166.5	3
 167.5	3
 168.5	1
 169.5	1
 170.5	6
 171.5	5
 172.5	4.5
 173.5	5.5
 174.5	4
 175.5	4
 176.5	8
 177.5	3
 178.5	8
 179.5	9
 180.5	4
 181.5	8
 182.5	9
 183.5	3.5
 184.5	7.5
 185.5	8
 186.5	2
 187.5	9
 188.5	6
 189.5	4
 190.5	5
 191.5	4
 192.5	6
 193.5	7
 194.5	7
 195.5	8
 196.5	5
 197.5	5
 198.5	7
 199.5	9
 200.5	5
 201.5	4
 202.5	6.4
 203.5	3
 204.5	5.2
 205.5	3
 206.5	7
 207.5	5
 208.5	7
 209.5	9
 210.5	4
 211.5	4
 212.5	5
 213.5	9
 214.5	3
 215.5	6
 216.5	7
 217.5	3
 218.5	6
 219.5	7
 220.5	2
 221.5	6
 222.5	4
 223.5	4
 224.5	6
 225.5	5
 226.5	6
 227.5	2
 228.5	6
 229.5	6
 230.5	14
 231.5	5
 232.5	7.2
 233.5	7
 234.5	6
 235.5	1
 236.5	10
 237.5	5
 238.5	6
 239.5	8
 240.5	5
 241.5	1
 242.5	6
 243.5	4
 244.5	9
 245.5	3
 246.5	10
 247.5	7
 248.5	3
 249.5	9
 250.5	2
 251.5	5
 252.5	2
 253.5	4
 254.5	4
 255.5	5
 256.5	1
 257.5	6
 258.5	9
 259.5	3
 260.5	6
 261.5	8
 262.5	2
 263.5	2
 264.5	5
 265.5	7.5
 266.5	3.5
 267.5	6
 268.5	4
 269.5	6
 270.5	5
 271.5	5
 272.5	7
 273.5	4
 274.5	7
 275.5	5
 276.5	4
 277.5	4
 278.5	5
 279.5	2
 280.5	4
 281.5	10
 282.5	8
 283.5	6
 284.5	4
 285.5	5
 286.5	6
 287.5	5
 288.5	5
 289.5	9
 290.5	3
 291.5	2
 292.5	1.33333
 293.5	3
 294.5	5
 295.5	5
 296.5	6
 297.5	9
 298.5	6
 299.5	8
 300.5	7
 301.5	5
 302.5	3
 303.5	6
 304.5	6
 305.5	6
 306.5	7
 307.5	3
 308.5	0
 309.5	7
 310.5	5
 311.5	5
 312.5	1
 313.5	4
 314.5	6
 315.5	3
 316.5	5
 317.5	4
 318.5	3
 319.5	5
 320.5	4
 321.5	4
 322.5	3
 323.5	5
DB 1 MOTIF	OSR2_HUMAN.H11MO.0.C
-324.0	27
-323.0	23
-322.0	29
-321.0	19
-320.0	30
-319.0	32
-318.0	19
-317.0	24
-316.0	28
-315.0	24
-314.0	26.5
-313.0	22
-312.0	18
-311.0	22
-310.0	28.5
-309.0	25
-308.0	21
-307.0	25.5
-306.0	26
-305.0	22
-304.0	25
-303.0	16
-302.0	27
-301.0	30
-300.0	20
-299.0	21
-298.0	32
-297.0	27
-296.0	20
-295.0	26
-294.0	29.5
-293.0	16
-292.0	18
-291.0	24
-290.0	24
-289.0	17
-288.0	24
-287.0	28
-286.0	20
-285.0	29
-284.0	17
-283.0	23
-282.0	28
-281.0	26
-280.0	21.5
-279.0	23
-278.0	27.5
-277.0	34.5
-276.0	19.5
-275.0	30
-274.0	26
-273.0	23.1
-272.0	28
-271.0	32
-270.0	27
-269.0	27.5
-268.0	27
-267.0	25
-266.0	28
-265.0	15
-264.0	27
-263.0	19.1111
-262.0	20.3333
-261.0	25
-260.0	25.1111
-259.0	25
-258.0	27.125
-257.0	21.1111
-256.0	18.5
-255.0	25
-254.0	20.6111
-253.0	19
-252.0	32
-251.0	28.1111
-250.0	12.5
-249.0	23
-248.0	27.6111
-247.0	25
-246.0	22
-245.0	33.1111
-244.0	20
-243.0	26
-242.0	25.6111
-241.0	18
-240.0	24
-239.0	29.1111
-238.0	32.5
-237.0	31.5
-236.0	45.5
-235.0	24.5
-234.0	17
-233.0	22
-232.0	30
-231.0	29
-230.0	16
-229.0	25.1
-228.0	26
-227.0	18
-226.0	25
-225.0	24.5
-224.0	17
-223.0	28.5
-222.0	24.5
-221.0	26.5
-220.0	25.25
-219.0	23
-218.0	20
-217.0	24
-216.0	28
-215.0	29
-214.0	17.5
-213.0	26
-212.0	17.1429
-211.0	24
-210.0	27
-209.0	27
-208.0	25.6429
-207.0	22
-206.0	33
-205.0	23.1667
-204.0	33
-203.0	32
-202.0	29.5
-201.0	17
-200.0	33
-199.0	24
-198.0	29
-197.0	27
-196.0	35
-195.0	29.625
-194.0	33
-193.0	18
-192.0	21
-191.0	19.5
-190.0	25
-189.0	20.5
-188.0	27
-187.0	24
-186.0	22.5
-185.0	41.6
-184.0	23
-183.0	34.5
-182.0	24.5
-181.0	30
-180.0	20
-179.0	22
-178.0	27
-177.0	26
-176.0	28
-175.0	24
-174.0	22
-173.0	34
-172.0	29
-171.0	27
-170.0	15.1667
-169.0	22
-168.0	21.1429
-167.0	20
-166.0	29.5
-165.0	32
-164.0	21.5
-163.0	17
-162.0	27
-161.0	24
-160.0	27
-159.0	22
-158.0	38
-157.0	28
-156.0	32.5
-155.0	18
-154.0	25
-153.0	22.5
-152.0	35.5
-151.0	31
-150.0	25.5
-149.0	23.5
-148.0	23.5
-147.0	27.5
-146.0	28
-145.0	25.6429
-144.0	27
-143.0	16
-142.0	24
-141.0	35.5
-140.0	27
-139.0	18.5
-138.0	27
-137.0	19.4167
-136.0	21
-135.0	24
-134.0	30
-133.0	26
-132.0	19.375
-131.0	32
-130.0	30.5
-129.0	26.5
-128.0	27
-127.0	18
-126.0	19
-125.0	22
-124.0	25.1429
-123.0	17
-122.0	24
-121.0	27.5
-120.0	33
-119.0	31
-118.0	24.5
-117.0	21
-116.0	20
-115.0	33
-114.0	31.5
-113.0	28
-112.0	34
-111.0	29
-110.0	29
-109.0	29
-108.0	24
-107.0	28
-106.0	21.5
-105.0	40
-104.0	25.3333
-103.0	19
-102.0	25.25
-101.0	31.8333
-100.0	24.3333
 -99.0	22.5
 -98.0	23.3333
 -97.0	19
 -96.0	27
 -95.0	24
 -94.0	21
 -93.0	18
 -92.0	36
 -91.0	21
 -90.0	28
 -89.0	22
 -88.0	22
 -87.0	26
 -86.0	18
 -85.0	22
 -84.0	27.5
 -83.0	26
 -82.0	16.1429
 -81.0	24
 -80.0	24.4762
 -79.0	35
 -78.0	32
 -77.0	32
 -76.0	27
 -75.0	30
 -74.0	20
 -73.0	34
 -72.0	32.25
 -71.0	29
 -70.0	24
 -69.0	32.125
 -68.0	29.1667
 -67.0	32
 -66.0	30.75
 -65.0	20
 -64.0	19
 -63.0	25.5
 -62.0	14.1429
 -61.0	20
 -60.0	30.75
 -59.0	28.1429
 -58.0	40
 -57.0	29.25
 -56.0	26.1429
 -55.0	27
 -54.0	30
 -53.0	32.1429
 -52.0	21
 -51.0	23
 -50.0	30.1429
 -49.0	21
 -48.0	27
 -47.0	32.1429
 -46.0	27
 -45.0	30.5
 -44.0	28.1429
 -43.0	27
 -42.0	33.25
 -41.0	29
 -40.0	28.8333
 -39.0	21
 -38.0	30
 -37.0	19
 -36.0	33.1429
 -35.0	27.5
 -34.0	32
 -33.0	27.3333
 -32.0	18
 -31.0	20.5
 -30.0	33
 -29.0	30
 -28.0	24
 -27.0	25
 -26.0	38
 -25.0	33
 -24.0	26
 -23.0	24.5
 -22.0	36
 -21.0	36
 -20.0	34
 -19.0	23.1429
 -18.0	31.5
 -17.0	31
 -16.0	15
 -15.0	32
 -14.0	28.5
 -13.0	27
 -12.0	27
 -11.0	27
 -10.0	27
  -9.0	21.5
  -8.0	25
  -7.0	25
  -6.0	35.5
  -5.0	29
  -4.0	22
  -3.0	29
  -2.0	24.5
  -1.0	23
   0.0	19
   1.0	27
   2.0	32
   3.0	21
   4.0	28.6667
   5.0	29.5
   6.0	28
   7.0	26
   8.0	31.1429
   9.0	25.3333
  10.0	24.5
  11.0	32
  12.0	31.5
  13.0	23
  14.0	28
  15.0	17.75
  16.0	30
  17.0	25
  18.0	21
  19.0	27
  20.0	34.5
  21.0	29
  22.0	28.5
  23.0	32
  24.0	26
  25.0	37
  26.0	35.1
  27.0	30
  28.0	30.3333
  29.0	27
  30.0	23
  31.0	36
  32.0	29.5
  33.0	29
  34.0	27.3333
  35.0	26
  36.0	23
  37.0	30
  38.0	23
  39.0	23
  40.0	22
  41.0	23
  42.0	32
  43.0	25.5
  44.0	24.1429
  45.0	17
  46.0	25.5
  47.0	29.5
  48.0	33
  49.0	36
  50.0	19
  51.0	27
  52.0	40.1429
  53.0	19
  54.0	24
  55.0	29.3333
  56.0	34.5
  57.0	28.125
  58.0	28
  59.0	30.3333
  60.0	20
  61.0	33
  62.0	26
  63.0	26
  64.0	27
  65.0	28
  66.0	23
  67.0	28
  68.0	24
  69.0	24
  70.0	26.1
  71.0	18
  72.0	28.3333
  73.0	28.1667
  74.0	23
  75.0	20
  76.0	21
  77.0	34
  78.0	28
  79.0	23
  80.0	24
  81.0	29.5
  82.0	33
  83.0	24
  84.0	20
  85.0	34
  86.0	22
  87.0	28
  88.0	30.1429
  89.0	31.5
  90.0	30
  91.0	29.6429
  92.0	28.5
  93.0	18
  94.0	20.1429
  95.0	36
  96.0	27
  97.0	30.1429
  98.0	26
  99.0	25
 100.0	27.1429
 101.0	32.5
 102.0	28
 103.0	30.1429
 104.0	29
 105.0	26
 106.0	27.1429
 107.0	20.9762
 108.0	24
 109.0	17
 110.0	30
 111.0	25
 112.0	30
 113.0	20
 114.0	20.1
 115.0	29
 116.0	21
 117.0	26
 118.0	34
 119.0	27.5
 120.0	30.125
 121.0	20
 122.0	27.3333
 123.0	22
 124.0	25
 125.0	22
 126.0	26
 127.0	24
 128.0	35
 129.0	18.5
 130.0	23
 131.0	25
 132.0	26
 133.0	29
 134.0	18
 135.0	29
 136.0	34
 137.0	33
 138.0	17
 139.0	22
 140.0	29.3333
 141.0	22
 142.0	25.5
 143.0	25
 144.0	24
 145.0	23
 146.0	40.5
 147.0	19
 148.0	19
 149.0	30
 150.0	26
 151.0	22
 152.0	25
 153.0	31
 154.0	20
 155.0	22.5
 156.0	19
 157.0	22.5
 158.0	19.1
 159.0	34
 160.0	23
 161.0	20
 162.0	28.5
 163.0	24
 164.0	34
 165.0	19
 166.0	23
 167.0	28
 168.0	25
 169.0	24
 170.0	21.6429
 171.0	22
 172.0	28.5
 173.0	26
 174.0	33
 175.0	25.3333
 176.0	25
 177.0	19
 178.0	20
 179.0	19
 180.0	19.5
 181.0	32.5
 182.0	26
 183.0	22.125
 184.0	20
 185.0	25.25
 186.0	18
 187.0	24
 188.0	27.25
 189.0	29
 190.0	13.5
 191.0	13.25
 192.0	21
 193.0	30
 194.0	20.5
 195.0	18
 196.0	20
 197.0	23
 198.0	26
 199.0	22
 200.0	24.3333
 201.0	30
 202.0	23.1
 203.0	20
 204.0	23
 205.0	18
 206.0	27
 207.0	28
 208.0	30
 209.0	29.3333
 210.0	25.5
 211.0	24
 212.0	28
 213.0	34
 214.0	20
 215.0	21
 216.0	19
 217.0	29
 218.0	22
 219.0	29
 220.0	20
 221.0	25
 222.0	23
 223.0	26
 224.0	16
 225.0	30.3333
 226.0	33
 227.0	23
 228.0	21
 229.0	29
 230.0	30.25
 231.0	33
 232.0	17
 233.0	27
 234.0	23.5
 235.0	27
 236.0	19.5
 237.0	17
 238.0	24.5
 239.0	22
 240.0	25.5
 241.0	28
 242.0	19
 243.0	32.5
 244.0	22
 245.0	19
 246.0	24.225
 247.0	23.5
 248.0	26
 249.0	22
 250.0	24
 251.0	20
 252.0	25
 253.0	25
 254.0	20
 255.0	26
 256.0	25
 257.0	26
 258.0	35
 259.0	36
 260.0	23
 261.0	17
 262.0	17
 263.0	25
 264.0	34
 265.0	28
 266.0	23.25
 267.0	18
 268.0	36
 269.0	16
 270.0	22
 271.0	31
 272.0	24.5
 273.0	24
 274.0	17
 275.0	23
 276.0	19.5
 277.0	28
 278.0	23
 279.0	24.5
 280.0	28
 281.0	26
 282.0	28
 283.0	23
 284.0	21.5
 285.0	27
 286.0	29
 287.0	27
 288.0	32
 289.0	31
 290.0	20.1
 291.0	37.5
 292.0	30
 293.0	17.5
 294.0	28
 295.0	26
 296.0	18.5
 297.0	22
 298.0	32.5
 299.0	22
 300.0	19
 301.0	22
 302.0	26.25
 303.0	26
 304.0	26
 305.0	21
 306.0	31
 307.0	28
 308.0	28
 309.0	24
 310.0	22
 311.0	20.5
 312.0	22
 313.0	27
 314.0	22
 315.0	30
 316.0	22
 317.0	20.5
 318.0	27
 319.0	35
 320.0	27
 321.0	14
 322.0	29
 323.0	29
 324.0	24
DB 1 MOTIF	P63_HUMAN.H11MO.0.A
-322.5	11
-321.5	14
-320.5	15
-319.5	14
-318.5	12
-317.5	17
-316.5	15
-315.5	14.5
-314.5	17
-313.5	10
-312.5	14
-311.5	15
-310.5	19
-309.5	16
-308.5	16
-307.5	16
-306.5	13
-305.5	19
-304.5	10
-303.5	13
-302.5	12
-301.5	17
-300.5	11
-299.5	13
-298.5	19
-297.5	10
-296.5	12
-295.5	19
-294.5	15.5
-293.5	14
-292.5	10
-291.5	14
-290.5	15
-289.5	13
-288.5	12
-287.5	21
-286.5	17
-285.5	20
-284.5	12.5
-283.5	7
-282.5	11
-281.5	11
-280.5	18
-279.5	17
-278.5	9
-277.5	20
-276.5	16
-275.5	16
-274.5	10
-273.5	10
-272.5	14
-271.5	15
-270.5	11
-269.5	17
-268.5	15
-267.5	10
-266.5	12
-265.5	14
-264.5	16
-263.5	16
-262.5	12
-261.5	9
-260.5	8
-259.5	14
-258.5	18
-257.5	13
-256.5	10
-255.5	13
-254.5	12
-253.5	18
-252.5	10
-251.5	12
-250.5	22
-249.5	13
-248.5	17
-247.5	15
-246.5	29
-245.5	13
-244.5	17
-243.5	20
-242.5	13
-241.5	13
-240.5	21
-239.5	13
-238.5	10
-237.5	9
-236.5	14
-235.5	19
-234.5	20
-233.5	13
-232.5	17
-231.5	10
-230.5	20
-229.5	13
-228.5	10
-227.5	23
-226.5	9
-225.5	17
-224.5	14
-223.5	12
-222.5	17
-221.5	16
-220.5	16
-219.5	18
-218.5	15
-217.5	18
-216.5	18
-215.5	10.125
-214.5	16
-213.5	18
-212.5	12
-211.5	18
-210.5	9
-209.5	15
-208.5	12
-207.5	15
-206.5	8.5
-205.5	9
-204.5	22
-203.5	16
-202.5	8
-201.5	12
-200.5	14
-199.5	15
-198.5	24
-197.5	13
-196.5	20
-195.5	10
-194.5	16
-193.5	14
-192.5	19
-191.5	13
-190.5	13
-189.5	7
-188.5	13
-187.5	18
-186.5	12.625
-185.5	24
-184.5	15
-183.5	8
-182.5	10
-181.5	21
-180.5	10
-179.5	14
-178.5	15
-177.5	10
-176.5	13.3333
-175.5	19
-174.5	15
-173.5	20.7
-172.5	19
-171.5	7
-170.5	18
-169.5	17
-168.5	15
-167.5	12
-166.5	17
-165.5	19
-164.5	8
-163.5	19
-162.5	20.3333
-161.5	16
-160.5	16
-159.5	17
-158.5	13
-157.5	13.125
-156.5	13
-155.5	16
-154.5	17.5
-153.5	14
-152.5	20
-151.5	16
-150.5	15
-149.5	10.3333
-148.5	14
-147.5	15
-146.5	7
-145.5	9
-144.5	18
-143.5	17
-142.5	11.2
-141.5	15
-140.5	15
-139.5	16.5
-138.5	14
-137.5	16
-136.5	13
-135.5	21
-134.5	14
-133.5	20.5
-132.5	12.5
-131.5	22
-130.5	10.5
-129.5	12
-128.5	19.4583
-127.5	15.3333
-126.5	10
-125.5	12
-124.5	11
-123.5	12
-122.5	17
-121.5	10
-120.5	14
-119.5	5
-118.5	18
-117.5	15
-116.5	15
-115.5	16
-114.5	18
-113.5	13
-112.5	19
-111.5	16.5
-110.5	12
-109.5	25
-108.5	14
-107.5	15
-106.5	13
-105.5	16
-104.5	14
-103.5	19
-102.5	15
-101.5	17
-100.5	14
 -99.5	14
 -98.5	10
 -97.5	10
 -96.5	15
 -95.5	21
 -94.5	18
 -93.5	18
 -92.5	20.2
 -91.5	13.3333
 -90.5	15
 -89.5	13
 -88.5	13
 -87.5	16
 -86.5	13
 -85.5	12
 -84.5	13
 -83.5	13
 -82.5	12
 -81.5	11
 -80.5	9.83333
 -79.5	10
 -78.5	8.25
 -77.5	7
 -76.5	12
 -75.5	12
 -74.5	11
 -73.5	15
 -72.5	16
 -71.5	14
 -70.5	17.125
 -69.5	18
 -68.5	18
 -67.5	17
 -66.5	22
 -65.5	15
 -64.5	17
 -63.5	11
 -62.5	24
 -61.5	22.2
 -60.5	24
 -59.5	15
 -58.5	15
 -57.5	22
 -56.5	14
 -55.5	9
 -54.5	25
 -53.5	7
 -52.5	11
 -51.5	13
 -50.5	16.3333
 -49.5	20
 -48.5	16
 -47.5	16
 -46.5	18
 -45.5	9
 -44.5	15
 -43.5	12
 -42.5	13
 -41.5	13.625
 -40.5	20.5
 -39.5	19
 -38.5	22
 -37.5	20
 -36.5	10.25
 -35.5	15
 -34.5	23
 -33.5	22.3333
 -32.5	18
 -31.5	13
 -30.5	20.5
 -29.5	13
 -28.5	20
 -27.5	16.3333
 -26.5	11
 -25.5	15
 -24.5	19
 -23.5	17
 -22.5	16
 -21.5	18
 -20.5	13
 -19.5	17
 -18.5	12
 -17.5	18
 -16.5	20.3333
 -15.5	16
 -14.5	17
 -13.5	22
 -12.5	18.125
 -11.5	14.7
 -10.5	13
  -9.5	18
  -8.5	10
  -7.5	14
  -6.5	15.5
  -5.5	25
  -4.5	20.5
  -3.5	17
  -2.5	18
  -1.5	17
  -0.5	16
   0.5	15
   1.5	17.125
   2.5	19
   3.5	24
   4.5	19.25
   5.5	4
   6.5	15
   7.5	23
   8.5	10
   9.5	14
  10.5	17
  11.5	19
  12.5	16
  13.5	12.5
  14.5	24
  15.5	21
  16.5	10.125
  17.5	13
  18.5	13
  19.5	20
  20.5	14
  21.5	14
  22.5	25
  23.5	15
  24.5	14
  25.5	21
  26.5	15
  27.5	18
  28.5	6
  29.5	11
  30.5	15.125
  31.5	18.3333
  32.5	19
  33.5	17
  34.5	14
  35.5	16
  36.5	15.3333
  37.5	8
  38.5	16
  39.5	20
  40.5	18
  41.5	19
  42.5	15
  43.5	17
  44.5	15
  45.5	18
  46.5	11
  47.5	20
  48.5	15.25
  49.5	8
  50.5	18.25
  51.5	14
  52.5	22
  53.5	19
  54.5	17
  55.5	13
  56.5	14.5
  57.5	10.5
  58.5	16
  59.5	14.125
  60.5	14
  61.5	11.3333
  62.5	15
  63.5	18.5
  64.5	18
  65.5	15
  66.5	15
  67.5	16
  68.5	17
  69.5	13
  70.5	17
  71.5	10.5
  72.5	16
  73.5	15
  74.5	14
  75.5	22
  76.5	13
  77.5	20
  78.5	14
  79.5	16.3333
  80.5	11
  81.5	15
  82.5	12
  83.5	13
  84.5	13
  85.5	12
  86.5	12
  87.5	10
  88.5	12.125
  89.5	21
  90.5	16
  91.5	22
  92.5	17
  93.5	12
  94.5	20
  95.5	15
  96.5	21
  97.5	13
  98.5	15
  99.5	23
 100.5	18
 101.5	17
 102.5	16
 103.5	14
 104.5	17.5
 105.5	16
 106.5	16
 107.5	11
 108.5	21
 109.5	20
 110.5	10
 111.5	12
 112.5	14
 113.5	18
 114.5	13
 115.5	16
 116.5	15
 117.5	12
 118.5	14
 119.5	13
 120.5	13
 121.5	18
 122.5	15
 123.5	21.5
 124.5	11
 125.5	13
 126.5	13
 127.5	21.3333
 128.5	19
 129.5	13
 130.5	22
 131.5	16
 132.5	17
 133.5	11.5
 134.5	7
 135.5	14.5
 136.5	14.3333
 137.5	13
 138.5	6
 139.5	18
 140.5	19
 141.5	8.25
 142.5	23
 143.5	7
 144.5	13
 145.5	15
 146.5	21.125
 147.5	9
 148.5	18.3333
 149.5	14
 150.5	14
 151.5	13
 152.5	18
 153.5	21
 154.5	12
 155.5	7
 156.5	15
 157.5	13.5
 158.5	15
 159.5	19
 160.5	22
 161.5	13
 162.5	12
 163.5	13.5
 164.5	15
 165.5	22
 166.5	17.5
 167.5	11.5
 168.5	16
 169.5	14
 170.5	19
 171.5	13
 172.5	9
 173.5	13
 174.5	8
 175.5	15.7917
 176.5	22
 177.5	13
 178.5	12
 179.5	22
 180.5	10
 181.5	13
 182.5	19
 183.5	18
 184.5	12
 185.5	24
 186.5	13
 187.5	20
 188.5	21
 189.5	17
 190.5	8
 191.5	18
 192.5	13.5
 193.5	18.5
 194.5	15
 195.5	17
 196.5	16
 197.5	16
 198.5	11
 199.5	17
 200.5	9
 201.5	8
 202.5	14
 203.5	20.5
 204.5	11.125
 205.5	20
 206.5	11
 207.5	10
 208.5	12
 209.5	12
 210.5	11
 211.5	14
 212.5	15
 213.5	18
 214.5	13
 215.5	12
 216.5	13
 217.5	15
 218.5	12
 219.5	15
 220.5	12
 221.5	14
 222.5	22.25
 223.5	14
 224.5	14
 225.5	14
 226.5	17
 227.5	15
 228.5	14
 229.5	12
 230.5	13
 231.5	13
 232.5	6
 233.5	12.125
 234.5	18
 235.5	6
 236.5	20
 237.5	19
 238.5	11
 239.5	17
 240.5	19
 241.5	12
 242.5	9
 243.5	13
 244.5	16
 245.5	11.5
 246.5	24
 247.5	8
 248.5	16
 249.5	15
 250.5	8
 251.5	18
 252.5	13.5
 253.5	16
 254.5	10
 255.5	18
 256.5	20
 257.5	10
 258.5	13
 259.5	18
 260.5	17.3333
 261.5	15
 262.5	14
 263.5	17
 264.5	10
 265.5	19
 266.5	18
 267.5	11
 268.5	14
 269.5	15
 270.5	19
 271.5	13
 272.5	17
 273.5	15
 274.5	10
 275.5	18.5
 276.5	13
 277.5	8
 278.5	7
 279.5	12
 280.5	12
 281.5	11
 282.5	11
 283.5	18
 284.5	19
 285.5	24
 286.5	16
 287.5	21
 288.5	14
 289.5	9
 290.5	17
 291.5	11
 292.5	15
 293.5	19
 294.5	24.25
 295.5	16
 296.5	12
 297.5	14
 298.5	25
 299.5	21.5
 300.5	25
 301.5	19
 302.5	19
 303.5	13
 304.5	23
 305.5	4
 306.5	16
 307.5	8
 308.5	14
 309.5	10
 310.5	13
 311.5	9.5
 312.5	19
 313.5	21
 314.5	13
 315.5	19
 316.5	17
 317.5	20
 318.5	7
 319.5	10
 320.5	14
 321.5	17
 322.5	18
DB 1 MOTIF	PLAL1_HUMAN.H11MO.0.D
-327.0	23.8333
-326.0	26
-325.0	12.3333
-324.0	27.5
-323.0	18
-322.0	20.5
-321.0	23.5
-320.0	20.5
-319.0	28.5
-318.0	13.5
-317.0	25.5
-316.0	22.2
-315.0	20
-314.0	20.5
-313.0	19.5
-312.0	18
-311.0	19.5
-310.0	18
-309.0	22
-308.0	16.5
-307.0	30.5
-306.0	13
-305.0	16
-304.0	29.1778
-303.0	18
-302.0	19.5
-301.0	20.8333
-300.0	24
-299.0	16.5
-298.0	20
-297.0	15
-296.0	23.5
-295.0	21.5
-294.0	29
-293.0	25.5
-292.0	27.5
-291.0	23
-290.0	23
-289.0	15.5
-288.0	25.5
-287.0	13
-286.0	19
-285.0	17.5
-284.0	26
-283.0	13.5
-282.0	23
-281.0	12.1667
-280.0	18
-279.0	19.6667
-278.0	7
-277.0	30.1429
-276.0	18.5
-275.0	17
-274.0	11.5
-273.0	12
-272.0	18
-271.0	22
-270.0	20.2
-269.0	19
-268.0	19.5667
-267.0	20.5
-266.0	33
-265.0	23
-264.0	24.5
-263.0	21
-262.0	22.5
-261.0	21
-260.0	28.5
-259.0	27
-258.0	16.5333
-257.0	19.5
-256.0	14.5
-255.0	17
-254.0	19.3333
-253.0	20.5
-252.0	16
-251.0	23
-250.0	27
-249.0	23
-248.0	27.5
-247.0	19
-246.0	29
-245.0	23
-244.0	21.6111
-243.0	24.0909
-242.0	25.5
-241.0	20.5
-240.0	28
-239.0	18
-238.0	29
-237.0	22.5
-236.0	16.5
-235.0	23.625
-234.0	24.5
-233.0	32.3333
-232.0	17.5
-231.0	28.5
-230.0	23.5
-229.0	17.7
-228.0	18.3333
-227.0	22
-226.0	21
-225.0	23.5
-224.0	19.3333
-223.0	17.5
-222.0	29
-221.0	16.3333
-220.0	21.5
-219.0	21
-218.0	21.5
-217.0	26.5
-216.0	18
-215.0	21
-214.0	22.5
-213.0	19
-212.0	23.8333
-211.0	18
-210.0	22
-209.0	17.3333
-208.0	22
-207.0	19
-206.0	25
-205.0	19.5
-204.0	32.0909
-203.0	23.5
-202.0	23
-201.0	17.5
-200.0	19.2
-199.0	22.5
-198.0	21
-197.0	21
-196.0	19
-195.0	25.5
-194.0	25
-193.0	20
-192.0	18.7095
-191.0	25.3333
-190.0	31
-189.0	18
-188.0	24.1667
-187.0	26.5
-186.0	16.3333
-185.0	17.7
-184.0	19.1111
-183.0	22.5
-182.0	28
-181.0	21
-180.0	22.5
-179.0	15.1667
-178.0	20.5
-177.0	19
-176.0	29.5
-175.0	20.5
-174.0	22.3333
-173.0	27.1429
-172.0	22.125
-171.0	16.1667
-170.0	24
-169.0	30
-168.0	29
-167.0	22.5
-166.0	19.5
-165.0	22.5909
-164.0	24
-163.0	33
-162.0	26.5
-161.0	18.5
-160.0	17.1429
-159.0	24.5
-158.0	19
-157.0	18
-156.0	20.5
-155.0	19.3333
-154.0	27.4
-153.0	21
-152.0	22
-151.0	19.5
-150.0	17
-149.0	26
-148.0	29
-147.0	29.7
-146.0	20
-145.0	19.5
-144.0	25.2769
-143.0	29.7
-142.0	26.3333
-141.0	17
-140.0	23.5
-139.0	14.5
-138.0	29.3333
-137.0	21
-136.0	17
-135.0	18.8333
-134.0	26
-133.0	24.5
-132.0	31.7
-131.0	33
-130.0	18.1667
-129.0	17.1667
-128.0	23
-127.0	26
-126.0	30.9242
-125.0	22.8333
-124.0	19
-123.0	23
-122.0	23
-121.0	25.25
-120.0	20.5
-119.0	15
-118.0	21
-117.0	22.5
-116.0	16.5667
-115.0	24.9436
-114.0	19
-113.0	26.5
-112.0	34.5
-111.0	19
-110.0	24
-109.0	35.625
-108.0	29
-107.0	23
-106.0	28.2
-105.0	20.2
-104.0	21.5
-103.0	28
-102.0	26.5
-101.0	19.3333
-100.0	26
 -99.0	20
 -98.0	25.4762
 -97.0	22
 -96.0	16
 -95.0	24.5
 -94.0	20.1667
 -93.0	21
 -92.0	28.5
 -91.0	24
 -90.0	29.5
 -89.0	19
 -88.0	15
 -87.0	27
 -86.0	26.2769
 -85.0	20
 -84.0	13
 -83.0	26
 -82.0	21
 -81.0	26.5
 -80.0	22
 -79.0	24.6667
 -78.0	24.6
 -77.0	24.5
 -76.0	25.8333
 -75.0	29.2
 -74.0	21
 -73.0	24.5
 -72.0	24.5
 -71.0	23
 -70.0	18
 -69.0	16
 -68.0	19
 -67.0	29.5
 -66.0	28.1111
 -65.0	22.2
 -64.0	31
 -63.0	21.5
 -62.0	21
 -61.0	32
 -60.0	18
 -59.0	19.5
 -58.0	26.5
 -57.0	26.7436
 -56.0	22.5
 -55.0	18
 -54.0	19
 -53.0	15.1667
 -52.0	21.5
 -51.0	21.7
 -50.0	29
 -49.0	28
 -48.0	19.0909
 -47.0	20
 -46.0	18.2679
 -45.0	18
 -44.0	27.3333
 -43.0	16.8333
 -42.0	21.6667
 -41.0	28.5
 -40.0	25.0667
 -39.0	33.3333
 -38.0	20
 -37.0	24.1429
 -36.0	18.3333
 -35.0	31
 -34.0	27
 -33.0	20
 -32.0	33.5
 -31.0	28
 -30.0	36.5
 -29.0	31.8333
 -28.0	27.0769
 -27.0	20.6667
 -26.0	20.0333
 -25.0	16.3333
 -24.0	28
 -23.0	32.6667
 -22.0	30.5
 -21.0	20.5
 -20.0	25.5
 -19.0	28.5
 -18.0	24.6111
 -17.0	23
 -16.0	23.2
 -15.0	35.5
 -14.0	33
 -13.0	21.8333
 -12.0	25
 -11.0	24.5
 -10.0	28.5
  -9.0	26.3409
  -8.0	34
  -7.0	31
  -6.0	34.5
  -5.0	33
  -4.0	23
  -3.0	22.5
  -2.0	22.0667
  -1.0	35
   0.0	21
   1.0	31.4103
   2.0	18.5
   3.0	34.3333
   4.0	28
   5.0	36.6429
   6.0	24
   7.0	30
   8.0	31
   9.0	20.5
  10.0	25
  11.0	25
  12.0	35
  13.0	30.0333
  14.0	28
  15.0	27.8333
  16.0	20.5
  17.0	20.625
  18.0	17
  19.0	27
  20.0	37.5
  21.0	25
  22.0	27.5
  23.0	24.1667
  24.0	31
  25.0	28.0333
  26.0	25.5
  27.0	36
  28.0	19.1667
  29.0	21.3333
  30.0	21.5769
  31.0	21
  32.0	19
  33.0	25.5
  34.0	22
  35.0	27
  36.0	25.5667
  37.0	24.5
  38.0	25.5
  39.0	21
  40.0	20
  41.0	31.5
  42.0	30.1111
  43.0	26
  44.0	20.3095
  45.0	22.5
  46.0	15.6429
  47.0	22.5333
  48.0	15.1667
  49.0	20.3333
  50.0	26
  51.0	26
  52.0	30.3333
  53.0	28.5
  54.0	24
  55.0	18
  56.0	20.3429
  57.0	31.3333
  58.0	13
  59.0	25.0769
  60.0	20
  61.0	24.1667
  62.0	31.5
  63.0	12
  64.0	22
  65.0	23.75
  66.0	18
  67.0	23
  68.0	25.5
  69.0	24.7909
  70.0	27
  71.0	18.75
  72.0	22.5
  73.0	27
  74.0	25.5667
  75.0	17.5
  76.0	22.8333
  77.0	24.5
  78.0	20
  79.0	21
  80.0	14.625
  81.0	22.1667
  82.0	25
  83.0	25.2
  84.0	20
  85.0	19
  86.0	18.6429
  87.0	16.5
  88.0	18.5769
  89.0	33.5
  90.0	28
  91.0	16
  92.0	18.5
  93.0	17
  94.0	20.3333
  95.0	16.5
  96.0	16
  97.0	34
  98.0	21.5
  99.0	26.2
 100.0	22.1111
 101.0	23
 102.0	24.3333
 103.0	24
 104.0	22.5
 105.0	16.5
 106.0	15
 107.0	16.6429
 108.0	20.5
 109.0	18.5
 110.0	29.2
 111.0	17
 112.0	20.2
 113.0	17
 114.0	28
 115.0	19.5
 116.0	22.7
 117.0	23.0769
 118.0	19
 119.0	24.1667
 120.0	27.3333
 121.0	18
 122.0	23
 123.0	19
 124.0	28.3333
 125.0	20
 126.0	20.4762
 127.0	17.5
 128.0	23
 129.0	17
 130.0	26
 131.0	29.5
 132.0	21.25
 133.0	27
 134.0	28
 135.0	17
 136.0	24
 137.0	17
 138.0	22
 139.0	16.75
 140.0	27
 141.0	30
 142.0	28.2
 143.0	17.3345
 144.0	20.5
 145.0	15
 146.0	23.0769
 147.0	21.5909
 148.0	24
 149.0	25
 150.0	25
 151.0	17.5
 152.0	21.5
 153.0	28.0333
 154.0	21.5
 155.0	18
 156.0	28.5
 157.0	27.75
 158.0	20.6429
 159.0	14
 160.0	27.4444
 161.0	18.5
 162.0	9.5
 163.0	18.3333
 164.0	23
 165.0	12.5
 166.0	21.1429
 167.0	24.3333
 168.0	16
 169.0	17
 170.0	34.8333
 171.0	17.5
 172.0	21.6429
 173.0	20.5
 174.0	33
 175.0	17.5769
 176.0	19
 177.0	18.3667
 178.0	13
 179.0	21
 180.0	20
 181.0	16.4
 182.0	10.2
 183.0	25
 184.0	24
 185.0	16.5333
 186.0	25.0909
 187.0	24
 188.0	21.3333
 189.0	21
 190.0	15.7
 191.0	29.1429
 192.0	17.6667
 193.0	14.25
 194.0	11.5
 195.0	16.5
 196.0	31.5
 197.0	18
 198.0	23
 199.0	21.25
 200.0	19.5
 201.0	19
 202.0	21
 203.0	13
 204.0	20.7198
 205.0	17.3333
 206.0	17.6012
 207.0	20
 208.0	20
 209.0	18.1429
 210.0	16.1429
 211.0	24
 212.0	19.5
 213.0	25.8333
 214.0	32
 215.0	28
 216.0	23
 217.0	22.5
 218.0	29
 219.0	22.0667
 220.0	32.8333
 221.0	27
 222.0	20
 223.0	22.5
 224.0	17.5
 225.0	10.0909
 226.0	18.8333
 227.0	17.7
 228.0	22
 229.0	21
 230.0	24
 231.0	14.5
 232.0	12.8333
 233.0	11.3333
 234.0	24
 235.0	19
 236.0	17.5
 237.0	25.5
 238.0	15
 239.0	21
 240.0	26.3333
 241.0	21.45
 242.0	28.5
 243.0	18
 244.0	18.5
 245.0	16.5
 246.0	27
 247.0	25
 248.0	15
 249.0	21
 250.0	18.1667
 251.0	13.5
 252.0	17
 253.0	24.5
 254.0	19.25
 255.0	25
 256.0	16
 257.0	19.0667
 258.0	15
 259.0	22
 260.0	23.6429
 261.0	16.5
 262.0	20
 263.0	20.5
 264.0	16.7909
 265.0	15.1429
 266.0	21.6667
 267.0	18.3333
 268.0	13
 269.0	21
 270.0	20.5
 271.0	18.5
 272.0	18.5
 273.0	16
 274.0	15.1111
 275.0	23
 276.0	17
 277.0	19.6667
 278.0	14
 279.0	26.3333
 280.0	18.5
 281.0	15.8667
 282.0	21
 283.0	17.8929
 284.0	23.5
 285.0	16
 286.0	20.4762
 287.0	14
 288.0	16.5
 289.0	13.5
 290.0	8.5
 291.0	23.5
 292.0	13.5
 293.0	20
 294.0	19.5
 295.0	32
 296.0	20.5
 297.0	7
 298.0	23
 299.0	23
 300.0	22.5
 301.0	19
 302.0	18.6667
 303.0	24.5
 304.0	18
 305.0	15
 306.0	17.5
 307.0	27
 308.0	24
 309.0	16
 310.0	28.5
 311.0	16
 312.0	15.5
 313.0	19
 314.0	21
 315.0	23.5
 316.0	20.5
 317.0	18
 318.0	11
 319.0	19.5
 320.0	29
 321.0	25
 322.0	20
 323.0	22
 324.0	16.5
 325.0	26
 326.0	14.7095
 327.0	25
DB 1 MOTIF	PTF1A_HUMAN.H11MO.1.B
-327.5	28
-326.5	22.3333
-325.5	23.0769
-324.5	27.5
-323.5	23.5
-322.5	18.1
-321.5	21.5
-320.5	30.25
-319.5	31.0417
-318.5	29.8333
-317.5	22.1667
-316.5	30.5
-315.5	23.5
-314.5	22.4167
-313.5	29.5
-312.5	21.8333
-311.5	25
-310.5	21
-309.5	27.5
-308.5	24.5
-307.5	24
-306.5	23.5
-305.5	24.5
-304.5	24.5
-303.5	25
-302.5	20.75
-301.5	24
-300.5	15
-299.5	23
-298.5	32
-297.5	24.2
-296.5	21.375
-295.5	28
-294.5	21.3333
-293.5	19.8333
-292.5	17.5909
-291.5	32.5
-290.5	23.5
-289.5	25.2
-288.5	24
-287.5	21
-286.5	23
-285.5	17.9167
-284.5	23.3333
-283.5	27.4436
-282.5	28.75
-281.5	23.8333
-280.5	24.0417
-279.5	27.75
-278.5	30.8333
-277.5	24.3333
-276.5	22.5833
-275.5	18.3333
-274.5	24
-273.5	17.5833
-272.5	23
-271.5	16.1
-270.5	26
-269.5	29.1
-268.5	30.8333
-267.5	31.1667
-266.5	14.5833
-265.5	19
-264.5	32.3333
-263.5	25.3667
-262.5	18.3333
-261.5	19
-260.5	34.25
-259.5	26.3333
-258.5	29.5
-257.5	34.5417
-256.5	20.5
-255.5	26.5909
-254.5	23.1111
-253.5	21
-252.5	29.5
-251.5	24.5
-250.5	28.75
-249.5	22.3333
-248.5	29
-247.5	28.5
-246.5	14.7917
-245.5	26.5833
-244.5	22.8333
-243.5	32
-242.5	19
-241.5	21.0769
-240.5	30
-239.5	26.5
-238.5	26
-237.5	21.5
-236.5	30.5
-235.5	21.5
-234.5	20
-233.5	20
-232.5	27.1667
-231.5	22
-230.5	28.2
-229.5	15
-228.5	23.5
-227.5	21.5417
-226.5	26
-225.5	19.6
-224.5	22
-223.5	23.2
-222.5	23.5
-221.5	28
-220.5	22
-219.5	29
-218.5	16.3333
-217.5	14.9242
-216.5	22.1667
-215.5	25.25
-214.5	27
-213.5	23.5
-212.5	27.0833
-211.5	29.625
-210.5	25
-209.5	26.5
-208.5	21.5
-207.5	23.6429
-206.5	27.5
-205.5	28
-204.5	20.0417
-203.5	14
-202.5	22.5
-201.5	19.3333
-200.5	20.5
-199.5	25.5769
-198.5	27
-197.5	27
-196.5	25
-195.5	24.5
-194.5	27.5
-193.5	23.5333
-192.5	19
-191.5	18.6111
-190.5	30.6429
-189.5	24.75
-188.5	22.5
-187.5	22
-186.5	27
-185.5	32.5
-184.5	24
-183.5	34.5
-182.5	33.5
-181.5	26.6417
-180.5	21.3409
-179.5	20.5
-178.5	25
-177.5	26.8333
-176.5	26.625
-175.5	27.5
-174.5	27
-173.5	30.3333
-172.5	22.5
-171.5	28.8333
-170.5	16
-169.5	15.2667
-168.5	30
-167.5	21
-166.5	20
-165.5	35
-164.5	20
-163.5	20.9
-162.5	26.5
-161.5	36.0833
-160.5	29
-159.5	32.5
-158.5	27.3333
-157.5	20.0769
-156.5	29
-155.5	21
-154.5	24.75
-153.5	28
-152.5	31.3333
-151.5	24.25
-150.5	25.8333
-149.5	38
-148.5	20.7917
-147.5	26.6667
-146.5	23
-145.5	21.25
-144.5	24.6429
-143.5	21.5909
-142.5	19.1833
-141.5	25.125
-140.5	26.5
-139.5	23.3333
-138.5	24.5
-137.5	31.5
-136.5	31
-135.5	27.875
-134.5	24
-133.5	19
-132.5	23.5
-131.5	25.5833
-130.5	18.5
-129.5	29
-128.5	30.6111
-127.5	23.5
-126.5	25.75
-125.5	21.5
-124.5	26.5
-123.5	34.0833
-122.5	26.8333
-121.5	25
-120.5	23.75
-119.5	28.1
-118.5	31.5
-117.5	22.0833
-116.5	21.4333
-115.5	37.2436
-114.5	29.75
-113.5	22
-112.5	21.75
-111.5	29
-110.5	31.0833
-109.5	29.7917
-108.5	25
-107.5	26.7
-106.5	18.1326
-105.5	28.1429
-104.5	25.7
-103.5	22.25
-102.5	24.5
-101.5	26.7
-100.5	25
 -99.5	23.3333
 -98.5	29.2
 -97.5	25.3333
 -96.5	23.2417
 -95.5	27.7
 -94.5	23
 -93.5	29.2
 -92.5	18
 -91.5	19.7
 -90.5	36.5
 -89.5	28.5
 -88.5	21.8333
 -87.5	37.25
 -86.5	19.5
 -85.5	29
 -84.5	18.5
 -83.5	27.3667
 -82.5	21.8333
 -81.5	29.1429
 -80.5	29
 -79.5	26.8333
 -78.5	32.5
 -77.5	23.75
 -76.5	30.5
 -75.5	29.5
 -74.5	26
 -73.5	18.6186
 -72.5	25.5
 -71.5	24.125
 -70.5	17
 -69.5	33.1
 -68.5	33.3333
 -67.5	24
 -66.5	31.75
 -65.5	26.1111
 -64.5	25.6
 -63.5	30.6429
 -62.5	21
 -61.5	30.3333
 -60.5	26.0417
 -59.5	33.0833
 -58.5	27
 -57.5	27
 -56.5	17.3333
 -55.5	25
 -54.5	28.5
 -53.5	26.0333
 -52.5	33.1667
 -51.5	29.1667
 -50.5	25.8333
 -49.5	33.0833
 -48.5	25.5
 -47.5	29.2083
 -46.5	26.3333
 -45.5	21
 -44.5	26.5
 -43.5	34.6667
 -42.5	29.5
 -41.5	25.3333
 -40.5	34.5
 -39.5	32.2
 -38.5	26.5
 -37.5	41.5
 -36.5	23.825
 -35.5	26.5
 -34.5	26.5
 -33.5	32.8667
 -32.5	32.8333
 -31.5	24.6186
 -30.5	29.2909
 -29.5	25.7
 -28.5	30.2
 -27.5	27.0333
 -26.5	31.1
 -25.5	27
 -24.5	23.5333
 -23.5	24.5
 -22.5	36.5
 -21.5	36.5
 -20.5	36
 -19.5	31.1667
 -18.5	33.2429
 -17.5	29
 -16.5	24.5
 -15.5	25.5
 -14.5	29.8333
 -13.5	24.5
 -12.5	22.5
 -11.5	22
 -10.5	28
  -9.5	38.5
  -8.5	31.0833
  -7.5	29
  -6.5	35
  -5.5	30.5417
  -4.5	28
  -3.5	31.5
  -2.5	25.1111
  -1.5	26.7917
  -0.5	30
   0.5	33.8333
   1.5	30.5
   2.5	21
   3.5	27
   4.5	33.5
   5.5	26.4242
   6.5	31.8333
   7.5	31.3333
   8.5	28.3333
   9.5	37.3333
  10.5	34.5769
  11.5	29.8333
  12.5	27.1667
  13.5	31
  14.5	27.5
  15.5	21
  16.5	33
  17.5	32.5
  18.5	22.5
  19.5	20.3095
  20.5	23.5417
  21.5	25.5
  22.5	37
  23.5	31
  24.5	33.5
  25.5	24
  26.5	38
  27.5	26.5
  28.5	34.3333
  29.5	30.6
  30.5	26.5
  31.5	32
  32.5	28.1
  33.5	17.5
  34.5	29.0833
  35.5	25.5
  36.5	25.2
  37.5	17.8333
  38.5	37.5
  39.5	31.3333
  40.5	35.8333
  41.5	23.3333
  42.5	35.2833
  43.5	26.0909
  44.5	28.6429
  45.5	24.5
  46.5	30.5417
  47.5	27.75
  48.5	29
  49.5	33.8333
  50.5	23.5
  51.5	24.5
  52.5	30.0769
  53.5	29.3333
  54.5	24.5
  55.5	27.25
  56.5	21
  57.5	30.8333
  58.5	15
  59.5	28.5417
  60.5	30.9444
  61.5	29
  62.5	16.8333
  63.5	20.6429
  64.5	18.5
  65.5	29
  66.5	21.5
  67.5	28.5
  68.5	26.6667
  69.5	21
  70.5	16
  71.5	37
  72.5	22.5
  73.5	28.1
  74.5	26.5
  75.5	22
  76.5	21.5
  77.5	35
  78.5	23.5
  79.5	33.5
  80.5	30.5
  81.5	23.5
  82.5	27.5
  83.5	30.7667
  84.5	24.5
  85.5	28.3194
  86.5	33.25
  87.5	27.5
  88.5	35.1111
  89.5	23.6833
  90.5	21
  91.5	27.6111
  92.5	30
  93.5	24.0833
  94.5	23.688
  95.5	25.5
  96.5	29.5
  97.5	22.6111
  98.5	16.8333
  99.5	24.5
 100.5	21.6111
 101.5	24.7
 102.5	29.2
 103.5	20.1111
 104.5	29.3333
 105.5	29.5
 106.5	28.1111
 107.5	28.1429
 108.5	18.5
 109.5	26.8111
 110.5	23
 111.5	30
 112.5	30.5
 113.5	29
 114.5	24.3333
 115.5	16.5
 116.5	21.3333
 117.5	23.6909
 118.5	19.5
 119.5	20.3333
 120.5	26
 121.5	30.375
 122.5	28
 123.5	29.1111
 124.5	21.5
 125.5	25.3333
 126.5	32.5
 127.5	22.6
 128.5	31.1667
 129.5	16.75
 130.5	28
 131.5	34.5
 132.5	27
 133.5	28
 134.5	19.5
 135.5	34.5
 136.5	26.0769
 137.5	27.5
 138.5	23.5
 139.5	25.5
 140.5	35
 141.5	25.5
 142.5	26.5
 143.5	20.3333
 144.5	20.5833
 145.5	33
 146.5	19.75
 147.5	27.6667
 148.5	22.6429
 149.5	27.25
 150.5	21.6667
 151.5	38
 152.5	28
 153.5	35.5
 154.5	24.875
 155.5	35.5
 156.5	23.3333
 157.5	15.3333
 158.5	17.5
 159.5	30.5
 160.5	26.3333
 161.5	33.6
 162.5	27.5
 163.5	25.3333
 164.5	19
 165.5	17.6
 166.5	21.2
 167.5	22
 168.5	20.5
 169.5	21
 170.5	20.1429
 171.5	29.3333
 172.5	21
 173.5	18.3333
 174.5	35.1667
 175.5	24.5
 176.5	27.0333
 177.5	21.3333
 178.5	36.5769
 179.5	22.8333
 180.5	19.8333
 181.5	28.1429
 182.5	11.5
 183.5	28
 184.5	33.6429
 185.5	22.6
 186.5	31.1111
 187.5	22.1429
 188.5	25
 189.5	21
 190.5	26.7857
 191.5	20.1909
 192.5	16
 193.5	25.1429
 194.5	31.8333
 195.5	13.5833
 196.5	20.1429
 197.5	26.8333
 198.5	28.5
 199.5	24.4762
 200.5	24.25
 201.5	29
 202.5	19.5
 203.5	16.0417
 204.5	24
 205.5	26.6
 206.5	17.5
 207.5	34
 208.5	16
 209.5	21
 210.5	29
 211.5	19.8333
 212.5	21
 213.5	26.5
 214.5	21.3333
 215.5	22.8333
 216.5	26.0417
 217.5	16.8333
 218.5	32.5
 219.5	27
 220.5	21
 221.5	24
 222.5	28
 223.5	26
 224.5	20
 225.5	22
 226.5	22
 227.5	24
 228.5	22
 229.5	31
 230.5	21.25
 231.5	18
 232.5	25.5
 233.5	28.6667
 234.5	33
 235.5	23.5
 236.5	33.1
 237.5	27.5
 238.5	14.3333
 239.5	23
 240.5	23.5
 241.5	22
 242.5	25.7
 243.5	26
 244.5	25.5
 245.5	17.3333
 246.5	36.5833
 247.5	25.625
 248.5	25.5
 249.5	20.2111
 250.5	16.625
 251.5	13
 252.5	26.5
 253.5	20.5
 254.5	19
 255.5	27.8333
 256.5	22
 257.5	22
 258.5	32.5
 259.5	19.25
 260.5	25.5
 261.5	22.8333
 262.5	30
 263.5	24
 264.5	35
 265.5	21.5833
 266.5	19.5
 267.5	23.5
 268.5	20.9583
 269.5	19.3333
 270.5	23.75
 271.5	28.4583
 272.5	25
 273.5	24
 274.5	26.125
 275.5	16
 276.5	24
 277.5	19.5
 278.5	24
 279.5	19.8333
 280.5	26.3333
 281.5	24
 282.5	19
 283.5	31.3333
 284.5	21.5
 285.5	29.5
 286.5	19
 287.5	17.75
 288.5	29
 289.5	28.5
 290.5	24.5
 291.5	19.5
 292.5	23.625
 293.5	25.1
 294.5	24.5
 295.5	27.0583
 296.5	26.8333
 297.5	32.5
 298.5	22.125
 299.5	23.5
 300.5	25
 301.5	20
 302.5	27.8333
 303.5	22.8333
 304.5	12
 305.5	24.5
 306.5	15
 307.5	24.5
 308.5	27
 309.5	19.5
 310.5	17.8333
 311.5	27.25
 312.5	22.5
 313.5	17
 314.5	13.5
 315.5	18.5
 316.5	26
 317.5	25.75
 318.5	22
 319.5	20.8333
 320.5	17
 321.5	23.1
 322.5	25
 323.5	19
 324.5	22
 325.5	22.1667
 326.5	16.5
 327.5	26
DB 1 MOTIF	RARA_HUMAN.H11MO.1.A
-327.0	28.1667
-326.0	24
-325.0	27
-324.0	31
-323.0	13
-322.0	30
-321.0	27.8333
-320.0	29
-319.0	19.5
-318.0	16
-317.0	33
-316.0	18.5
-315.0	25
-314.0	28.8333
-313.0	25
-312.0	19
-311.0	30.5
-310.0	29
-309.0	17.5
-308.0	33.2
-307.0	30
-306.0	25
-305.0	20.5
-304.0	37.7
-303.0	27.1429
-302.0	30.5
-301.0	33.5
-300.0	19.3333
-299.0	19.5
-298.0	31
-297.0	22
-296.0	23.3333
-295.0	30.0667
-294.0	28.125
-293.0	24.5
-292.0	29
-291.0	28.8958
-290.0	21
-289.0	30.2
-288.0	25
-287.0	24.5
-286.0	27
-285.0	30.5
-284.0	17.5
-283.0	12
-282.0	27.6111
-281.0	21
-280.0	22.8333
-279.0	20
-278.0	30.5
-277.0	27.4
-276.0	24.1429
-275.0	25.2
-274.0	23.25
-273.0	23.5
-272.0	26.1667
-271.0	20
-270.0	23.5
-269.0	24
-268.0	22.3333
-267.0	25
-266.0	31
-265.0	23.5
-264.0	24.5
-263.0	20
-262.0	32
-261.0	28.5
-260.0	25.2
-259.0	26.7667
-258.0	28
-257.0	20.5
-256.0	29
-255.0	37.125
-254.0	33.5
-253.0	28
-252.0	22.5
-251.0	24.5625
-250.0	16.5
-249.0	16
-248.0	25
-247.0	21
-246.0	25
-245.0	25.3818
-244.0	26.5
-243.0	20
-242.0	17.5
-241.0	24
-240.0	23.1111
-239.0	31.25
-238.0	35
-237.0	24
-236.0	24.3333
-235.0	23.5
-234.0	32
-233.0	29.75
-232.0	17
-231.0	18
-230.0	21
-229.0	25
-228.0	23.5
-227.0	34.0929
-226.0	15
-225.0	17.5
-224.0	16.8333
-223.0	25.1429
-222.0	20.5667
-221.0	23.25
-220.0	31.5
-219.0	26
-218.0	24.3333
-217.0	24
-216.0	20.125
-215.0	20
-214.0	22.6667
-213.0	21
-212.0	23
-211.0	28.5
-210.0	26
-209.0	30.5
-208.0	17.5
-207.0	20.5
-206.0	20.0909
-205.0	30
-204.0	30.5
-203.0	21
-202.0	19
-201.0	26
-200.0	25.6111
-199.0	23
-198.0	22.7778
-197.0	23
-196.0	15.5
-195.0	31.5
-194.0	32.5
-193.0	23
-192.0	23.0625
-191.0	25
-190.0	32.5
-189.0	30.5
-188.0	19
-187.0	26.5
-186.0	20
-185.0	22.5
-184.0	23.5667
-183.0	29
-182.0	23.5
-181.0	26.6667
-180.0	25
-179.0	21.6429
-178.0	24.3333
-177.0	27.125
-176.0	25.5
-175.0	28
-174.0	22.8333
-173.0	20
-172.0	24.5
-171.0	32
-170.0	35.3333
-169.0	34
-168.0	20.5
-167.0	23.5909
-166.0	16
-165.0	21.6667
-164.0	26
-163.0	30
-162.0	29.2
-161.0	26
-160.0	23
-159.0	27.75
-158.0	27
-157.0	26.9167
-156.0	24.6111
-155.0	19.8333
-154.0	25.1534
-153.0	31
-152.0	26.5
-151.0	24
-150.0	14.3333
-149.0	33
-148.0	29
-147.0	17.5
-146.0	24
-145.0	28.3333
-144.0	28.5
-143.0	22.5
-142.0	23.5
-141.0	19.5
-140.0	30
-139.0	26.5
-138.0	27.125
-137.0	29.5
-136.0	25.1667
-135.0	20.5
-134.0	22
-133.0	26.5
-132.0	27
-131.0	20.5
-130.0	29.1429
-129.0	15
-128.0	19.3409
-127.0	19.7
-126.0	26
-125.0	27.5
-124.0	27
-123.0	33.5
-122.0	35.125
-121.0	25
-120.0	36
-119.0	33.5
-118.0	28.5
-117.0	29.5
-116.0	28
-115.0	30
-114.0	27.1736
-113.0	17
-112.0	28.0667
-111.0	22
-110.0	20.5
-109.0	28
-108.0	41.6111
-107.0	27.0909
-106.0	26
-105.0	32.3333
-104.0	29.5
-103.0	23
-102.0	24.75
-101.0	27
-100.0	24.1667
 -99.0	29.625
 -98.0	22
 -97.0	27.25
 -96.0	21.5
 -95.0	28
 -94.0	36.5667
 -93.0	24.5
 -92.0	22.5
 -91.0	34.3333
 -90.0	21.5
 -89.0	26.2
 -88.0	28
 -87.0	23
 -86.0	28.3333
 -85.0	17
 -84.0	29.3333
 -83.0	25.7
 -82.0	32.1429
 -81.0	33
 -80.0	18
 -79.0	21.5
 -78.0	24.5833
 -77.0	19
 -76.0	25.5667
 -75.0	23.5
 -74.0	22
 -73.0	22.5
 -72.0	20.1111
 -71.0	25
 -70.0	36
 -69.0	22
 -68.0	24.5
 -67.0	25.5
 -66.0	20.25
 -65.0	33.5
 -64.0	35.25
 -63.0	27.3333
 -62.0	23.5
 -61.0	22.25
 -60.0	33.625
 -59.0	25.5
 -58.0	20.5909
 -57.0	25.5
 -56.0	32
 -55.0	25.0625
 -54.0	27
 -53.0	30.5
 -52.0	33.5
 -51.0	34
 -50.0	26.5909
 -49.0	22.125
 -48.0	25
 -47.0	19.5
 -46.0	32.1667
 -45.0	27
 -44.0	26.5
 -43.0	29.6667
 -42.0	27
 -41.0	25
 -40.0	31
 -39.0	22.2667
 -38.0	32
 -37.0	22.3333
 -36.0	24
 -35.0	32.5
 -34.0	30.1667
 -33.0	24.1429
 -32.0	28.5
 -31.0	22.3333
 -30.0	26.25
 -29.0	30.75
 -28.0	38.5
 -27.0	23
 -26.0	19.25
 -25.0	27.5
 -24.0	28
 -23.0	22.1429
 -22.0	23.5
 -21.0	21.125
 -20.0	23.0667
 -19.0	29
 -18.0	26.7
 -17.0	28.2
 -16.0	23.6111
 -15.0	24
 -14.0	19.5
 -13.0	36
 -12.0	19.125
 -11.0	26.6818
 -10.0	26
  -9.0	25
  -8.0	27
  -7.0	30.5
  -6.0	20
  -5.0	32.5
  -4.0	37.5
  -3.0	21.5
  -2.0	28
  -1.0	23.5
   0.0	26
   1.0	27.8333
   2.0	23
   3.0	27
   4.0	35.8958
   5.0	28
   6.0	27
   7.0	29.5
   8.0	33.5
   9.0	28
  10.0	19.3611
  11.0	27
  12.0	25.75
  13.0	24
  14.0	25.6667
  15.0	33.4762
  16.0	23.5
  17.0	30.5
  18.0	16
  19.0	29.5
  20.0	28
  21.0	26.6429
  22.0	34.3333
  23.0	25.5
  24.0	28
  25.0	18.375
  26.0	23.5
  27.0	26.5
  28.0	29.5
  29.0	26.1667
  30.0	24.6111
  31.0	25
  32.0	27.5
  33.0	29.0667
  34.0	30
  35.0	38.25
  36.0	22.5909
  37.0	26
  38.0	31.5
  39.0	27
  40.0	23
  41.0	27.5
  42.0	24.8333
  43.0	23.5
  44.0	26
  45.0	19.5
  46.0	20
  47.0	25.5
  48.0	25
  49.0	27.75
  50.0	26
  51.0	33
  52.0	24.8111
  53.0	27.75
  54.0	23
  55.0	28.5
  56.0	25
  57.0	33
  58.0	31
  59.0	20
  60.0	30
  61.0	26.1429
  62.0	20.4583
  63.0	22.5625
  64.0	24
  65.0	23.8333
  66.0	21
  67.0	20.0909
  68.0	31
  69.0	23.5
  70.0	22.5
  71.0	29.8333
  72.0	30
  73.0	20
  74.0	35
  75.0	27.5
  76.0	28.6111
  77.0	29.3333
  78.0	29
  79.0	26.5
  80.0	20.25
  81.0	25.1429
  82.0	31.0625
  83.0	26.4242
  84.0	28.5
  85.0	18.5
  86.0	27.5
  87.0	33
  88.0	32.5
  89.0	27.5
  90.0	23.5
  91.0	23.25
  92.0	18
  93.0	29
  94.0	23.6111
  95.0	28
  96.0	22
  97.0	25.5
  98.0	39
  99.0	22.875
 100.0	25.5
 101.0	25.2
 102.0	26.5
 103.0	25
 104.0	17.3333
 105.0	21.0667
 106.0	26
 107.0	32.5
 108.0	25
 109.0	33
 110.0	23.5
 111.0	24
 112.0	24
 113.0	27
 114.0	26
 115.0	22.5
 116.0	20
 117.0	25.6667
 118.0	27.5
 119.0	23
 120.0	33.5
 121.0	23.1429
 122.0	22.1111
 123.0	21.0667
 124.0	25
 125.0	31.5
 126.0	28.5
 127.0	20.5
 128.0	24.8333
 129.0	20
 130.0	22.5909
 131.0	28
 132.0	20.3333
 133.0	27
 134.0	30.75
 135.0	20.75
 136.0	28.625
 137.0	26
 138.0	43
 139.0	31
 140.0	16
 141.0	30.0625
 142.0	27.5
 143.0	29
 144.0	23
 145.0	20.5909
 146.0	27
 147.0	20
 148.0	28
 149.0	26.1667
 150.0	28.3333
 151.0	18.5
 152.0	19
 153.0	25.5
 154.0	21.5
 155.0	30.5
 156.0	33.5
 157.0	23.5
 158.0	25.8333
 159.0	24.5
 160.0	21.7625
 161.0	20
 162.0	26
 163.0	26.5
 164.0	18.5
 165.0	22
 166.0	12
 167.0	23.3333
 168.0	20
 169.0	33.7917
 170.0	21.5
 171.0	26.3333
 172.0	25.5
 173.0	23.5
 174.0	37
 175.0	25
 176.0	25
 177.0	31.4242
 178.0	26.8333
 179.0	38.0625
 180.0	30.5667
 181.0	21
 182.0	24.5
 183.0	25.3333
 184.0	26.5909
 185.0	23
 186.0	17
 187.0	26
 188.0	23.3333
 189.0	21
 190.0	21.6667
 191.0	20.5
 192.0	21.5
 193.0	24
 194.0	28.5
 195.0	23
 196.0	21.5
 197.0	25
 198.0	20
 199.0	27
 200.0	29.5
 201.0	23
 202.0	31.5
 203.0	19.3333
 204.0	30.5
 205.0	26.5
 206.0	30
 207.0	24
 208.0	30
 209.0	23
 210.0	26.5
 211.0	29
 212.0	15.5
 213.0	26
 214.0	19.1111
 215.0	24
 216.0	20
 217.0	21
 218.0	31
 219.0	22.0625
 220.0	27.7
 221.0	19
 222.0	28.5
 223.0	23.0909
 224.0	27.0909
 225.0	25
 226.0	19
 227.0	21.3333
 228.0	24
 229.0	29
 230.0	20
 231.0	22.3333
 232.0	27.3333
 233.0	27.5
 234.0	23
 235.0	36
 236.0	26
 237.0	16
 238.0	23.5625
 239.0	18
 240.0	19.3333
 241.0	24
 242.0	33.5
 243.0	17
 244.0	22
 245.0	27.5
 246.0	20.5
 247.0	24.6667
 248.0	22
 249.0	33.5
 250.0	29
 251.0	16.5
 252.0	13.5
 253.0	22
 254.0	23.3333
 255.0	25
 256.0	26.5
 257.0	25
 258.0	24.5
 259.0	16
 260.0	20.3111
 261.0	25.5
 262.0	21.0909
 263.0	37.3333
 264.0	31.5
 265.0	29
 266.0	24.5
 267.0	28.5
 268.0	29
 269.0	22
 270.0	22
 271.0	34
 272.0	29.0667
 273.0	29.0909
 274.0	28
 275.0	33.5
 276.0	27.5
 277.0	22
 278.0	27
 279.0	25.5
 280.0	30.5
 281.0	33.5
 282.0	19.5
 283.0	24
 284.0	17
 285.0	23
 286.0	25.5
 287.0	28.3333
 288.0	16
 289.0	22
 290.0	20
 291.0	25
 292.0	14.5
 293.0	25
 294.0	15.5
 295.0	27.0625
 296.0	28.5
 297.0	23
 298.0	24
 299.0	22
 300.0	25
 301.0	31
 302.0	32.5
 303.0	18.5
 304.0	30
 305.0	27.1667
 306.0	20.1111
 307.0	24
 308.0	24.3333
 309.0	17
 310.0	23.5
 311.0	21
 312.0	28.8333
 313.0	31.3333
 314.0	22.0625
 315.0	16
 316.0	25.5
 317.0	34.3333
 318.0	23.5
 319.0	16.8333
 320.0	23
 321.0	19
 322.0	21
 323.0	25
 324.0	15
 325.0	29
 326.0	20.5
 327.0	33.5
DB 1 MOTIF	REST_HUMAN.H11MO.0.A
-321.0	5
-320.0	7
-319.0	5
-318.0	8
-317.0	12
-316.0	6
-315.0	5
-314.0	6
-313.0	7
-312.0	7
-311.0	8
-310.0	8
-309.0	9
-308.0	9
-307.0	8
-306.0	7
-305.0	8
-304.0	4
-303.0	6
-302.0	9
-301.0	8
-300.0	7
-299.0	4
-298.0	12
-297.0	11
-296.0	4
-295.0	9
-294.0	5
-293.0	4
-292.0	8
-291.0	8
-290.0	7
-289.0	8
-288.0	10
-287.0	8
-286.0	7
-285.0	6
-284.0	2
-283.0	8
-282.0	5
-281.0	9
-280.0	4
-279.0	7.1
-278.0	5
-277.0	6
-276.0	9
-275.0	6
-274.0	7
-273.0	4
-272.0	7
-271.0	7
-270.0	3
-269.0	6
-268.0	7
-267.0	3
-266.0	3.33333
-265.0	7
-264.0	2
-263.0	7
-262.0	6
-261.0	6
-260.0	11
-259.0	3
-258.0	10
-257.0	13
-256.0	8
-255.0	7
-254.0	2
-253.0	5
-252.0	4
-251.0	5
-250.0	7
-249.0	7
-248.0	6
-247.0	7
-246.0	6
-245.0	9
-244.0	6
-243.0	10
-242.0	4
-241.0	6
-240.0	6.14286
-239.0	2
-238.0	5
-237.0	7
-236.0	17
-235.0	5
-234.0	11
-233.0	7
-232.0	5.2
-231.0	11
-230.0	5
-229.0	6
-228.0	4
-227.0	11
-226.0	9
-225.0	10
-224.0	9
-223.0	7.1
-222.0	7
-221.0	6
-220.0	7
-219.0	4
-218.0	6
-217.0	10
-216.0	5
-215.0	8
-214.0	12
-213.0	6.11111
-212.0	10
-211.0	8
-210.0	8
-209.0	8
-208.0	4
-207.0	4
-206.0	9
-205.0	3
-204.0	1
-203.0	4
-202.0	8
-201.0	6
-200.0	8
-199.0	6
-198.0	6
-197.0	10
-196.0	8.14286
-195.0	9
-194.0	7
-193.0	6
-192.0	2
-191.0	12
-190.0	5
-189.0	10
-188.0	7
-187.0	8
-186.0	5
-185.0	4
-184.0	11
-183.0	6
-182.0	3
-181.0	9
-180.0	9
-179.0	6
-178.0	3
-177.0	10
-176.0	12.7
-175.0	8
-174.0	8
-173.0	8
-172.0	5
-171.0	5
-170.0	3
-169.0	4.11111
-168.0	7
-167.0	4.1
-166.0	10
-165.0	12
-164.0	4
-163.0	5
-162.0	7
-161.0	7
-160.0	9
-159.0	7
-158.0	11.3333
-157.0	9
-156.0	4
-155.0	6
-154.0	8
-153.0	6
-152.0	8.14286
-151.0	9
-150.0	10
-149.0	10
-148.0	10
-147.0	4
-146.0	9
-145.0	9
-144.0	7
-143.0	5
-142.0	4
-141.0	6
-140.0	7
-139.0	5
-138.0	11
-137.0	11
-136.0	7
-135.0	6
-134.0	4
-133.0	4
-132.0	12
-131.0	7.5
-130.0	6
-129.0	7
-128.0	9
-127.0	11
-126.0	3
-125.0	4
-124.0	9
-123.0	3
-122.0	7
-121.0	6
-120.0	10.2
-119.0	10
-118.0	8
-117.0	6
-116.0	5
-115.0	13
-114.0	6
-113.0	8
-112.0	9
-111.0	10
-110.0	13
-109.0	4
-108.0	8.14286
-107.0	8
-106.0	5
-105.0	5
-104.0	8
-103.0	5
-102.0	4
-101.0	11
-100.0	6.5
 -99.0	7
 -98.0	9
 -97.0	8
 -96.0	6
 -95.0	9
 -94.0	4
 -93.0	6
 -92.0	6
 -91.0	8
 -90.0	7
 -89.0	8
 -88.0	11
 -87.0	9
 -86.0	9
 -85.0	9
 -84.0	7.1
 -83.0	4
 -82.0	5
 -81.0	8
 -80.0	7
 -79.0	4
 -78.0	6
 -77.0	4
 -76.0	5
 -75.0	12
 -74.0	4
 -73.0	3
 -72.0	10
 -71.0	11
 -70.0	10
 -69.0	7
 -68.0	7
 -67.0	12
 -66.0	13
 -65.0	9
 -64.0	10.3429
 -63.0	5
 -62.0	8
 -61.0	5
 -60.0	5
 -59.0	9
 -58.0	10
 -57.0	8
 -56.0	8
 -55.0	12
 -54.0	5
 -53.0	9
 -52.0	11
 -51.0	7
 -50.0	7.33333
 -49.0	9
 -48.0	4
 -47.0	11
 -46.0	13
 -45.0	8
 -44.0	5
 -43.0	4
 -42.0	6
 -41.0	7
 -40.0	12
 -39.0	6
 -38.0	10
 -37.0	9
 -36.0	9
 -35.0	7
 -34.0	12
 -33.0	8
 -32.0	4
 -31.0	6
 -30.0	6
 -29.0	14
 -28.0	4.1
 -27.0	9
 -26.0	11
 -25.0	9
 -24.0	4
 -23.0	12
 -22.0	8
 -21.0	10
 -20.0	9.14286
 -19.0	8
 -18.0	10
 -17.0	3
 -16.0	9
 -15.0	6
 -14.0	9
 -13.0	9
 -12.0	6.5
 -11.0	7
 -10.0	3
  -9.0	8
  -8.0	8.2
  -7.0	10
  -6.0	9
  -5.0	4
  -4.0	9
  -3.0	10
  -2.0	9.11111
  -1.0	9
   0.0	5
   1.0	9
   2.0	6
   3.0	5
   4.0	4
   5.0	3
   6.0	7
   7.0	10
   8.0	4
   9.0	1
  10.0	9
  11.0	8
  12.0	11
  13.0	14
  14.0	6
  15.0	12
  16.0	3
  17.0	9
  18.0	7
  19.0	12
  20.0	6
  21.0	10
  22.0	9
  23.0	10
  24.0	8
  25.0	7
  26.0	11
  27.0	6
  28.0	4.1
  29.0	9
  30.0	12
  31.0	14
  32.0	9
  33.0	4
  34.0	6
  35.0	11
  36.0	7
  37.0	8
  38.0	8
  39.0	10
  40.0	11
  41.0	5
  42.0	9.11111
  43.0	9
  44.0	10
  45.0	7
  46.0	7
  47.0	8
  48.0	5
  49.0	12
  50.0	11
  51.0	8
  52.0	6
  53.0	6
  54.0	11
  55.0	9
  56.0	8
  57.0	8
  58.0	4
  59.0	11
  60.0	11
  61.0	8
  62.0	9
  63.0	6
  64.0	9
  65.0	5
  66.0	8
  67.0	5
  68.0	8.14286
  69.0	3
  70.0	7
  71.0	9.5
  72.0	7
  73.0	9
  74.0	3
  75.0	15
  76.0	7
  77.0	9
  78.0	3
  79.0	5
  80.0	5
  81.0	9
  82.0	12
  83.0	15
  84.0	10.1
  85.0	4
  86.0	10.1111
  87.0	5
  88.0	5
  89.0	9
  90.0	6
  91.0	9
  92.0	9
  93.0	11
  94.0	7
  95.0	9
  96.0	5
  97.0	12
  98.0	10
  99.0	8
 100.0	13
 101.0	4
 102.0	7.5
 103.0	10
 104.0	6
 105.0	10
 106.0	6
 107.0	6
 108.0	5
 109.0	4
 110.0	2
 111.0	5
 112.0	6
 113.0	6
 114.0	5
 115.0	4
 116.0	5
 117.0	5
 118.0	6
 119.0	8
 120.0	8
 121.0	7
 122.0	7
 123.0	4
 124.0	10
 125.0	7
 126.0	7
 127.0	6
 128.0	12
 129.0	7
 130.0	5.11111
 131.0	12
 132.0	14
 133.0	3
 134.0	6
 135.0	11
 136.0	6
 137.0	8
 138.0	10
 139.0	3
 140.0	10.1
 141.0	2
 142.0	7
 143.0	5
 144.0	5
 145.0	12
 146.0	10
 147.0	4
 148.0	5
 149.0	8
 150.0	5
 151.0	6
 152.0	5
 153.0	5
 154.0	7
 155.0	10
 156.0	3
 157.0	5
 158.0	3
 159.0	2
 160.0	6.5
 161.0	2
 162.0	7
 163.0	10
 164.0	8
 165.0	5
 166.0	8
 167.0	7
 168.0	7
 169.0	3
 170.0	7
 171.0	6
 172.0	10
 173.0	5
 174.0	10.1111
 175.0	7
 176.0	6
 177.0	6
 178.0	1
 179.0	3
 180.0	9
 181.0	8
 182.0	6
 183.0	6.5
 184.0	8.33333
 185.0	9
 186.0	8
 187.0	9
 188.0	5
 189.0	8
 190.0	8
 191.0	7
 192.0	5.5
 193.0	5
 194.0	8
 195.0	3
 196.0	7.1
 197.0	10
 198.0	9
 199.0	3
 200.0	15
 201.0	6
 202.0	11
 203.0	4
 204.0	7
 205.0	6
 206.0	8
 207.0	9
 208.0	6
 209.0	7
 210.0	9
 211.0	10
 212.0	7
 213.0	13
 214.0	6
 215.0	5
 216.0	8
 217.0	7
 218.0	9.11111
 219.0	7
 220.0	9
 221.0	8.33333
 222.0	2
 223.0	9
 224.0	5
 225.0	5
 226.0	8
 227.0	9
 228.0	7
 229.0	6
 230.0	13
 231.0	2
 232.0	6
 233.0	9
 234.0	4
 235.0	6
 236.0	9
 237.0	7
 238.0	6
 239.0	5
 240.0	7
 241.0	8
 242.0	12
 243.0	6
 244.0	8
 245.0	7
 246.0	6
 247.0	4
 248.0	10
 249.0	6
 250.0	8.5
 251.0	9
 252.0	8.1
 253.0	6
 254.0	8
 255.0	6
 256.0	3
 257.0	4
 258.0	4
 259.0	6
 260.0	9
 261.0	10
 262.0	8
 263.0	3
 264.0	6
 265.0	4
 266.0	9
 267.0	6
 268.0	6
 269.0	5
 270.0	7
 271.0	10
 272.0	6
 273.0	4
 274.0	4
 275.0	8
 276.0	3
 277.0	6
 278.0	13
 279.0	5
 280.0	8
 281.0	3
 282.0	5
 283.0	9
 284.0	3
 285.0	1
 286.0	6
 287.0	1
 288.0	12
 289.0	8
 290.0	7
 291.0	9
 292.0	5
 293.0	7
 294.0	5
 295.0	7.33333
 296.0	8
 297.0	7
 298.0	6
 299.0	8
 300.0	2
 301.0	7
 302.0	6
 303.0	7
 304.0	4
 305.0	8
 306.0	13.1111
 307.0	10
 308.0	3
 309.0	6
 310.0	5
 311.0	7
 312.0	6
 313.0	4
 314.0	6
 315.0	4
 316.0	9
 317.0	7
 318.0	9
 319.0	11
 320.0	5
 321.0	7
DB 1 MOTIF	RFX1_HUMAN.H11MO.0.B
-321.0	13
-320.0	17
-319.0	5
-318.0	15
-317.0	20
-316.0	15.5
-315.0	11
-314.0	17
-313.0	16
-312.0	12
-311.0	22
-310.0	13
-309.0	14
-308.0	16
-307.0	9
-306.0	16
-305.0	19
-304.0	18
-303.0	13
-302.0	18
-301.0	7
-300.0	11
-299.0	23
-298.0	18
-297.0	23
-296.0	13
-295.0	16
-294.0	14
-293.0	21
-292.0	12
-291.0	14
-290.0	17
-289.0	19.5
-288.0	15
-287.0	10
-286.0	14
-285.0	23
-284.0	17
-283.0	15
-282.0	16
-281.0	6
-280.0	19
-279.0	18
-278.0	10
-277.0	11
-276.0	19
-275.0	9.5
-274.0	21
-273.0	18
-272.0	16.5
-271.0	23
-270.0	8
-269.0	18
-268.0	11
-267.0	12
-266.0	15
-265.0	13
-264.0	23
-263.0	16
-262.0	15
-261.0	25
-260.0	14
-259.0	19
-258.0	14
-257.0	8
-256.0	12
-255.0	21
-254.0	19
-253.0	21
-252.0	11
-251.0	6
-250.0	10.5
-249.0	17
-248.0	13
-247.0	21
-246.0	21
-245.0	4
-244.0	12
-243.0	21
-242.0	26
-241.0	14
-240.0	16
-239.0	10
-238.0	17
-237.0	12.5
-236.0	13
-235.0	17.5
-234.0	15
-233.0	16
-232.0	16
-231.0	13
-230.0	11.5
-229.0	17
-228.0	16
-227.0	15
-226.0	16
-225.0	18.5
-224.0	12
-223.0	17
-222.0	15
-221.0	9
-220.0	12
-219.0	17
-218.0	16.25
-217.0	20
-216.0	16
-215.0	21
-214.0	24
-213.0	25
-212.0	21
-211.0	13
-210.0	17
-209.0	15
-208.0	21
-207.0	21
-206.0	21.5
-205.0	22
-204.0	13
-203.0	13
-202.0	23.5
-201.0	22
-200.0	12
-199.0	24
-198.0	12
-197.0	15
-196.0	18
-195.0	13
-194.0	23
-193.0	19
-192.0	23
-191.0	22.5
-190.0	13
-189.0	17
-188.0	19
-187.0	18
-186.0	14
-185.0	15
-184.0	12
-183.0	30
-182.0	16.5
-181.0	19
-180.0	9
-179.0	20
-178.0	14
-177.0	16
-176.0	9
-175.0	16
-174.0	21
-173.0	24
-172.0	10
-171.0	10
-170.0	17
-169.0	13
-168.0	19
-167.0	18
-166.0	13
-165.0	18
-164.0	15.1667
-163.0	19
-162.0	15
-161.0	10
-160.0	10
-159.0	17
-158.0	12
-157.0	10
-156.0	13
-155.0	20.5
-154.0	19.5
-153.0	24
-152.0	15
-151.0	16
-150.0	17.5
-149.0	11
-148.0	12
-147.0	17
-146.0	14
-145.0	29
-144.0	17
-143.0	12
-142.0	17
-141.0	10
-140.0	16
-139.0	22.5
-138.0	23
-137.0	11
-136.0	12
-135.0	9.16667
-134.0	14
-133.0	13
-132.0	16
-131.0	9
-130.0	13.5
-129.0	12.5
-128.0	14
-127.0	19
-126.0	21
-125.0	15
-124.0	14
-123.0	21
-122.0	13
-121.0	18
-120.0	17
-119.0	22
-118.0	16
-117.0	25
-116.0	14
-115.0	17
-114.0	17.25
-113.0	18.5
-112.0	18
-111.0	12.5
-110.0	20
-109.0	15
-108.0	15
-107.0	26
-106.0	15.1667
-105.0	20
-104.0	15
-103.0	12
-102.0	20
-101.0	15
-100.0	17
 -99.0	18
 -98.0	13
 -97.0	7.61111
 -96.0	15
 -95.0	20
 -94.0	26.5
 -93.0	20
 -92.0	16
 -91.0	15
 -90.0	20
 -89.0	22
 -88.0	25
 -87.0	16
 -86.0	19
 -85.0	9
 -84.0	20
 -83.0	19.5
 -82.0	15
 -81.0	21
 -80.0	7.5
 -79.0	20
 -78.0	16
 -77.0	9.16667
 -76.0	16
 -75.0	11
 -74.0	12
 -73.0	20.5
 -72.0	19
 -71.0	18
 -70.0	22
 -69.0	14
 -68.0	16
 -67.0	13
 -66.0	19
 -65.0	20
 -64.0	21
 -63.0	19
 -62.0	25
 -61.0	17
 -60.0	19
 -59.0	19.5
 -58.0	22.5
 -57.0	18.1111
 -56.0	15.5
 -55.0	27
 -54.0	17
 -53.0	25
 -52.0	27
 -51.0	26
 -50.0	23
 -49.0	20
 -48.0	16.1667
 -47.0	9
 -46.0	23
 -45.0	18
 -44.0	23
 -43.0	20.5
 -42.0	14
 -41.0	17
 -40.0	18
 -39.0	16.5
 -38.0	14
 -37.0	26
 -36.0	22.5
 -35.0	20
 -34.0	19
 -33.0	16
 -32.0	22.5
 -31.0	20
 -30.0	18
 -29.0	17
 -28.0	18
 -27.0	21
 -26.0	17.5
 -25.0	14
 -24.0	19.5
 -23.0	14
 -22.0	18
 -21.0	20
 -20.0	18
 -19.0	12.4167
 -18.0	15.25
 -17.0	13
 -16.0	19
 -15.0	15.5
 -14.0	17
 -13.0	20
 -12.0	12.5
 -11.0	18
 -10.0	25
  -9.0	26
  -8.0	16
  -7.0	18
  -6.0	26
  -5.0	18
  -4.0	25
  -3.0	21
  -2.0	12
  -1.0	16
   0.0	17
   1.0	16.5
   2.0	17
   3.0	21
   4.0	17
   5.0	17.5
   6.0	18
   7.0	23
   8.0	18
   9.0	16
  10.0	16
  11.0	18
  12.0	20
  13.0	16
  14.0	19
  15.0	14
  16.0	30
  17.0	25
  18.0	24
  19.0	28
  20.0	22
  21.0	17
  22.0	25
  23.0	14
  24.0	22
  25.0	12.1111
  26.0	21
  27.0	29
  28.0	20
  29.0	11
  30.0	20
  31.0	15
  32.0	23
  33.0	21
  34.0	18
  35.0	12
  36.0	20
  37.0	13
  38.0	14
  39.0	20
  40.0	23
  41.0	26
  42.0	12
  43.0	22
  44.0	16
  45.0	15
  46.0	17.25
  47.0	23.5
  48.0	17
  49.0	11
  50.0	14.5
  51.0	13
  52.0	20
  53.0	21
  54.0	16
  55.0	19
  56.0	22
  57.0	15
  58.0	20
  59.0	20
  60.0	25
  61.0	16
  62.0	17
  63.0	22
  64.0	23
  65.0	20.6111
  66.0	15
  67.0	15
  68.0	24
  69.0	15
  70.0	17
  71.0	12
  72.0	13
  73.0	15
  74.0	14
  75.0	19
  76.0	14
  77.0	19
  78.0	15.5
  79.0	18
  80.0	13
  81.0	13
  82.0	15
  83.0	19
  84.0	17.3333
  85.0	18.25
  86.0	17
  87.0	13
  88.0	23
  89.0	17
  90.0	9
  91.0	16
  92.0	21
  93.0	12
  94.0	16
  95.0	18
  96.0	19
  97.0	11
  98.0	16
  99.0	23.5
 100.0	15
 101.0	16.5
 102.0	9.5
 103.0	18
 104.0	18
 105.0	13.1111
 106.0	15.5
 107.0	15
 108.0	13
 109.0	14
 110.0	15
 111.0	22.1667
 112.0	15
 113.0	15
 114.0	19
 115.0	18
 116.0	17
 117.0	14.5
 118.0	13
 119.0	20.3333
 120.0	21
 121.0	19
 122.0	15
 123.0	14
 124.0	16
 125.0	19
 126.0	21
 127.0	18
 128.0	16
 129.0	20
 130.0	12
 131.0	15
 132.0	14
 133.0	18
 134.0	16
 135.0	17
 136.0	14
 137.0	14
 138.0	14
 139.0	10
 140.0	15
 141.0	14.5
 142.0	13
 143.0	12
 144.0	16
 145.0	11.1111
 146.0	17
 147.0	14
 148.0	19
 149.0	21
 150.0	18.1667
 151.0	15
 152.0	16
 153.0	17
 154.0	11.3333
 155.0	13
 156.0	12.5
 157.0	17
 158.0	22.5
 159.0	12
 160.0	22
 161.0	12
 162.0	18.5
 163.0	15.5
 164.0	9
 165.0	13
 166.0	11
 167.0	13
 168.0	17
 169.0	14
 170.0	10
 171.0	13
 172.0	13
 173.0	7
 174.0	12
 175.0	12
 176.0	25
 177.0	11
 178.0	15
 179.0	14
 180.0	12
 181.0	10.75
 182.0	12
 183.0	16
 184.0	15
 185.0	14.1111
 186.0	13
 187.0	15
 188.0	17
 189.0	17.1667
 190.0	16
 191.0	19.5
 192.0	19
 193.0	18
 194.0	21
 195.0	22
 196.0	15
 197.0	17
 198.0	18
 199.0	17
 200.0	12
 201.0	7
 202.0	14
 203.0	20
 204.0	18
 205.0	14
 206.0	18
 207.0	17
 208.0	17
 209.0	15
 210.0	12
 211.0	20
 212.0	18
 213.0	14
 214.0	9
 215.0	7
 216.0	13
 217.0	16
 218.0	15
 219.0	17
 220.0	9
 221.0	17
 222.0	12
 223.0	18
 224.0	14
 225.0	17.6111
 226.0	15
 227.0	13
 228.0	17.1667
 229.0	17
 230.0	13
 231.0	14
 232.0	16
 233.0	12
 234.0	19
 235.0	10
 236.0	24.5
 237.0	21
 238.0	17
 239.0	26
 240.0	19
 241.0	16
 242.0	20
 243.0	19
 244.0	13
 245.0	15.25
 246.0	10
 247.0	15
 248.0	16
 249.0	13
 250.0	13
 251.0	17
 252.0	10
 253.0	12
 254.0	14
 255.0	20
 256.0	14
 257.0	9
 258.0	21
 259.0	9
 260.0	10
 261.0	15
 262.0	15
 263.0	13
 264.0	13
 265.0	20.1111
 266.0	11
 267.0	11.1667
 268.0	18
 269.0	14
 270.0	22.5
 271.0	20
 272.0	14
 273.0	13
 274.0	15
 275.0	17
 276.0	17.5
 277.0	16
 278.0	15
 279.0	16
 280.0	13
 281.0	11
 282.0	17
 283.0	17
 284.0	19
 285.0	13
 286.0	9
 287.0	15
 288.0	14.5
 289.0	19
 290.0	18
 291.0	15
 292.0	20
 293.0	14
 294.0	19
 295.0	9
 296.0	14
 297.0	15
 298.0	14
 299.0	11
 300.0	17
 301.0	11.5
 302.0	14
 303.0	11
 304.0	12
 305.0	24
 306.0	21.1667
 307.0	14
 308.0	13
 309.0	12
 310.0	10
 311.0	18
 312.0	15
 313.0	7
 314.0	18
 315.0	21
 316.0	10.5
 317.0	17
 318.0	20
 319.0	14
 320.0	11
 321.0	15
DB 1 MOTIF	SNAI1_HUMAN.H11MO.0.C
-328.0	20.5
-327.0	18.5
-326.0	14
-325.0	18
-324.0	17.75
-323.0	21.9333
-322.0	17.4103
-321.0	19.1667
-320.0	13.25
-319.0	20.75
-318.0	31.6667
-317.0	15.1
-316.0	16
-315.0	16.6667
-314.0	17.3929
-313.0	18.5
-312.0	21.3333
-311.0	17.5
-310.0	17.4167
-309.0	20.75
-308.0	13.3333
-307.0	14.5
-306.0	16.8333
-305.0	15
-304.0	21.8333
-303.0	18.5
-302.0	20.8333
-301.0	12.75
-300.0	18.8333
-299.0	17.8333
-298.0	18.2
-297.0	18
-296.0	25
-295.0	18.3333
-294.0	20.75
-293.0	20.5
-292.0	15
-291.0	18.6667
-290.0	18.5
-289.0	25.5833
-288.0	17.75
-287.0	27
-286.0	17.2
-285.0	19.25
-284.0	19
-283.0	17.5
-282.0	23.3333
-281.0	26.6667
-280.0	24.7436
-279.0	23
-278.0	11
-277.0	22
-276.0	11.7
-275.0	13.6667
-274.0	21.6429
-273.0	13.1667
-272.0	15.4333
-271.0	11.6548
-270.0	17.3667
-269.0	18.9333
-268.0	19.9333
-267.0	11.125
-266.0	17.25
-265.0	15.5
-264.0	19.25
-263.0	20.5
-262.0	13.8333
-261.0	17.4048
-260.0	22
-259.0	19.0333
-258.0	16
-257.0	13.0909
-256.0	14.6429
-255.0	16.5
-254.0	21.1
-253.0	25.8333
-252.0	20.05
-251.0	19.5
-250.0	22.75
-249.0	19
-248.0	21.1667
-247.0	20.25
-246.0	17.625
-245.0	21.9167
-244.0	26
-243.0	21.1667
-242.0	22.25
-241.0	14.6548
-240.0	12.5833
-239.0	20.5
-238.0	15.2734
-237.0	11.8333
-236.0	17
-235.0	22.1667
-234.0	28.25
-233.0	15
-232.0	14.2917
-231.0	17.7
-230.0	17.7
-229.0	17.75
-228.0	14.5
-227.0	23.3333
-226.0	16.5833
-225.0	25.6357
-224.0	17
-223.0	19.1
-222.0	31
-221.0	21.4
-220.0	17.5
-219.0	18
-218.0	24.0833
-217.0	18.5
-216.0	22.6167
-215.0	23.3214
-214.0	27.5
-213.0	17.75
-212.0	20.0333
-211.0	18.6964
-210.0	22.6429
-209.0	21.0909
-208.0	20.6
-207.0	12.7917
-206.0	16.6833
-205.0	28.0909
-204.0	15.5833
-203.0	17.5
-202.0	27.6667
-201.0	17
-200.0	16
-199.0	11.75
-198.0	18.5
-197.0	18.4583
-196.0	22.5769
-195.0	22.3333
-194.0	18.15
-193.0	22.8333
-192.0	17.0214
-191.0	13.1
-190.0	28.2
-189.0	27.6667
-188.0	16.6667
-187.0	31.25
-186.0	26.75
-185.0	17
-184.0	22.8333
-183.0	19.5
-182.0	25.3333
-181.0	23.6714
-180.0	18.5
-179.0	12.8333
-178.0	17.0333
-177.0	22.1429
-176.0	21.9583
-175.0	17.4167
-174.0	14.5
-173.0	19.3333
-172.0	16.2833
-171.0	15.8333
-170.0	14.3
-169.0	13.5
-168.0	28.5333
-167.0	15.8333
-166.0	17
-165.0	15.8929
-164.0	22.4909
-163.0	27.1429
-162.0	27.4167
-161.0	18.4242
-160.0	20.7
-159.0	24.3333
-158.0	21.1667
-157.0	14.3333
-156.0	16.4833
-155.0	20
-154.0	19
-153.0	23.3333
-152.0	28.2769
-151.0	21.7381
-150.0	21
-149.0	26.5
-148.0	24.8333
-147.0	23.25
-146.0	20.125
-145.0	24.1242
-144.0	25.5
-143.0	14
-142.0	23.7667
-141.0	20.7917
-140.0	28.3333
-139.0	25.5
-138.0	19
-137.0	25.5
-136.0	15.3333
-135.0	19.5
-134.0	23.3333
-133.0	13.6167
-132.0	24.3333
-131.0	20.3333
-130.0	21.5
-129.0	16.5
-128.0	22.0762
-127.0	21.5
-126.0	19.5333
-125.0	27.2
-124.0	21.5
-123.0	27.75
-122.0	22.5909
-121.0	28.8381
-120.0	14.1
-119.0	24.7917
-118.0	23.9167
-117.0	21.3333
-116.0	25.1
-115.0	21.7714
-114.0	13.9242
-113.0	30.1909
-112.0	16.5833
-111.0	22.8269
-110.0	25.3333
-109.0	18.3333
-108.0	17.75
-107.0	20.1667
-106.0	12.625
-105.0	12.8095
-104.0	23.8333
-103.0	20
-102.0	24
-101.0	17
-100.0	19
 -99.0	18.6667
 -98.0	19.7
 -97.0	27.2833
 -96.0	27.6667
 -95.0	29.5
 -94.0	21.2
 -93.0	21.3667
 -92.0	17.2833
 -91.0	19.3333
 -90.0	21
 -89.0	15
 -88.0	24.325
 -87.0	24.25
 -86.0	20.9917
 -85.0	24.1167
 -84.0	21.8333
 -83.0	23.0833
 -82.0	17.2
 -81.0	25.1742
 -80.0	14.6429
 -79.0	27.8333
 -78.0	15
 -77.0	14.9333
 -76.0	20
 -75.0	22.5
 -74.0	24.5833
 -73.0	17.3333
 -72.0	22.8333
 -71.0	19.625
 -70.0	21.2667
 -69.0	13.9103
 -68.0	15.525
 -67.0	19
 -66.0	22.5909
 -65.0	21.1714
 -64.0	21.1
 -63.0	15.5
 -62.0	17
 -61.0	26.1667
 -60.0	22
 -59.0	18.5
 -58.0	16.75
 -57.0	15.8333
 -56.0	15.9583
 -55.0	14.3
 -54.0	20.0833
 -53.0	19.5
 -52.0	24.0492
 -51.0	19
 -50.0	23.2833
 -49.0	26.5
 -48.0	22.0833
 -47.0	17.0095
 -46.0	25.8333
 -45.0	12.7333
 -44.0	24.3333
 -43.0	31
 -42.0	14.75
 -41.0	14.5
 -40.0	20.5076
 -39.0	20.3333
 -38.0	17
 -37.0	18.8333
 -36.0	22.6583
 -35.0	23.8333
 -34.0	24.5
 -33.0	20
 -32.0	22.3333
 -31.0	17.4762
 -30.0	23.4381
 -29.0	24.7833
 -28.0	21.5
 -27.0	20.9103
 -26.0	18.475
 -25.0	22.9833
 -24.0	21.9333
 -23.0	25.6667
 -22.0	21.4
 -21.0	15.3095
 -20.0	24
 -19.0	27.6
 -18.0	35.9242
 -17.0	29.5833
 -16.0	24.1667
 -15.0	23.5
 -14.0	17.6667
 -13.0	19.3333
 -12.0	16.9167
 -11.0	21.8333
 -10.0	20.25
  -9.0	26.0167
  -8.0	24.8333
  -7.0	29.3333
  -6.0	26.5333
  -5.0	22.3409
  -4.0	29.2333
  -3.0	27.0833
  -2.0	25.1
  -1.0	19.7917
   0.0	31.75
   1.0	19.7381
   2.0	22.4242
   3.0	31.5
   4.0	31.3333
   5.0	22.875
   6.0	14.5333
   7.0	20.8333
   8.0	22.8333
   9.0	15.8333
  10.0	23.8409
  11.0	21
  12.0	26.9048
  13.0	26.5
  14.0	14.1436
  15.0	20.6667
  16.0	21.75
  17.0	16.2262
  18.0	26.3333
  19.0	17.5
  20.0	22.6667
  21.0	26.3333
  22.0	20.8333
  23.0	14.25
  24.0	18.3333
  25.0	24.7
  26.0	25.1167
  27.0	32.8333
  28.0	14.6667
  29.0	28.9242
  30.0	23.9333
  31.0	22.5
  32.0	26.35
  33.0	24
  34.0	13.125
  35.0	20.9762
  36.0	28.825
  37.0	25.0833
  38.0	17.1833
  39.0	17.75
  40.0	23.3333
  41.0	23.6667
  42.0	23.2833
  43.0	26
  44.0	17.3333
  45.0	29.6667
  46.0	26.6667
  47.0	19.8333
  48.0	21.0333
  49.0	21.1667
  50.0	20.5
  51.0	25.5
  52.0	17.75
  53.0	26.5
  54.0	17.6
  55.0	30.8333
  56.0	30
  57.0	20
  58.0	17.4103
  59.0	17.3333
  60.0	18.8333
  61.0	28.4333
  62.0	21.1762
  63.0	19.9583
  64.0	20.6667
  65.0	34.6667
  66.0	17
  67.0	16.4167
  68.0	20
  69.0	22.5
  70.0	22.5
  71.0	21.0833
  72.0	29.5833
  73.0	23.6667
  74.0	25.6
  75.0	23.1667
  76.0	17.8333
  77.0	24.5909
  78.0	12.5
  79.0	25
  80.0	18.25
  81.0	17.5
  82.0	23.75
  83.0	17.1
  84.0	15.7917
  85.0	26.5492
  86.0	20
  87.0	20
  88.0	11.75
  89.0	21.4167
  90.0	10.9333
  91.0	23.9762
  92.0	12.5
  93.0	22.5
  94.0	28.5
  95.0	21.75
  96.0	20.6
  97.0	20.5
  98.0	8.2
  99.0	20.8333
 100.0	24.0833
 101.0	20.7
 102.0	12.2436
 103.0	21.0076
 104.0	15.0833
 105.0	16.5
 106.0	19.3333
 107.0	26.8333
 108.0	17.4167
 109.0	21.45
 110.0	19.8667
 111.0	22.8333
 112.0	25.6667
 113.0	21.5
 114.0	22.6667
 115.0	15.5
 116.0	24.25
 117.0	17.25
 118.0	15.6
 119.0	20.3333
 120.0	15.6667
 121.0	16.8333
 122.0	12.4881
 123.0	19.6667
 124.0	24.5242
 125.0	18.5
 126.0	10.2576
 127.0	24
 128.0	21.85
 129.0	26
 130.0	13.7
 131.0	16.0833
 132.0	23.5833
 133.0	16.5
 134.0	17.5
 135.0	13.1667
 136.0	13.4583
 137.0	26
 138.0	24.1667
 139.0	18.9048
 140.0	17
 141.0	12.9333
 142.0	14.5
 143.0	17.0769
 144.0	21.6667
 145.0	19.6667
 146.0	22
 147.0	21.4762
 148.0	12.25
 149.0	18
 150.0	20
 151.0	21.5833
 152.0	15.5714
 153.0	21.3333
 154.0	30.4333
 155.0	10
 156.0	23.6667
 157.0	21.5
 158.0	14.8333
 159.0	21
 160.0	11
 161.0	12.0909
 162.0	32.6
 163.0	13.3333
 164.0	17.9167
 165.0	18.8333
 166.0	25.9623
 167.0	18.3333
 168.0	11.1667
 169.0	16.3333
 170.0	17.7
 171.0	19.9242
 172.0	13.8333
 173.0	14.25
 174.0	14.3333
 175.0	30.5
 176.0	20.7
 177.0	21
 178.0	14
 179.0	23
 180.0	17.5
 181.0	14.3333
 182.0	15.4048
 183.0	17.6667
 184.0	16
 185.0	9.67692
 186.0	17.6667
 187.0	20.8083
 188.0	23.3333
 189.0	18
 190.0	21.25
 191.0	17.75
 192.0	14.6909
 193.0	13.5714
 194.0	16.4167
 195.0	11.3333
 196.0	9.5
 197.0	20
 198.0	26.3333
 199.0	24.1667
 200.0	18.5
 201.0	24.5
 202.0	24.7
 203.0	25.6667
 204.0	30.3095
 205.0	18
 206.0	17.6
 207.0	10.6818
 208.0	15.5
 209.0	13
 210.0	9.33333
 211.0	20
 212.0	13
 213.0	22.7381
 214.0	13.5
 215.0	8.5
 216.0	17.4167
 217.0	26
 218.0	16.2576
 219.0	17.6667
 220.0	13.5714
 221.0	23.8333
 222.0	26.75
 223.0	19
 224.0	19.8333
 225.0	20
 226.0	18.5
 227.0	24
 228.0	22.6667
 229.0	21.5
 230.0	17.3333
 231.0	20
 232.0	18.1667
 233.0	19.6667
 234.0	23.25
 235.0	16
 236.0	18.2
 237.0	22.8333
 238.0	15.625
 239.0	16
 240.0	21.8333
 241.0	13.3333
 242.0	25.5
 243.0	18.5714
 244.0	14.0714
 245.0	21
 246.0	23.25
 247.0	17.0909
 248.0	17.6667
 249.0	15.5
 250.0	24.5333
 251.0	23
 252.0	20.25
 253.0	25.6667
 254.0	19.6576
 255.0	17.8333
 256.0	24.8333
 257.0	12
 258.0	19.4
 259.0	17.5
 260.0	17.1429
 261.0	21.8333
 262.0	14.1667
 263.0	16.6667
 264.0	17.3333
 265.0	21.5
 266.0	15.5
 267.0	11.5
 268.0	17.5
 269.0	23.5
 270.0	19.5
 271.0	28.5
 272.0	18.5
 273.0	18.5
 274.0	22
 275.0	20.8333
 276.0	20.5
 277.0	15.6667
 278.0	21.2833
 279.0	16.8333
 280.0	19
 281.0	13
 282.0	15.5
 283.0	20.5
 284.0	18.5
 285.0	18.5333
 286.0	18.2
 287.0	21.9
 288.0	16
 289.0	23.9167
 290.0	19.6667
 291.0	16.5
 292.0	18.6667
 293.0	27.0714
 294.0	17.4333
 295.0	15.5
 296.0	16.1
 297.0	21
 298.0	14.5
 299.0	19.5
 300.0	15
 301.0	19.25
 302.0	15.5833
 303.0	15.1667
 304.0	20.5833
 305.0	19
 306.0	22.8333
 307.0	19.5
 308.0	19
 309.0	15
 310.0	22.8333
 311.0	19.5
 312.0	20.5909
 313.0	17
 314.0	16
 315.0	13.6667
 316.0	23.5
 317.0	18.1667
 318.0	17.3167
 319.0	21.5
 320.0	22.6667
 321.0	11.5
 322.0	11.2
 323.0	17.5
 324.0	10.8333
 325.0	18.1667
 326.0	25.1667
 327.0	11.25
 328.0	18.5833
DB 1 MOTIF	SNAI2_HUMAN.H11MO.0.A
-327.0	14
-326.0	14
-325.0	14.2
-324.0	10
-323.0	10.6
-322.0	13.3333
-321.0	13.1
-320.0	10.25
-319.0	17
-318.0	24
-317.0	14
-316.0	15
-315.0	8.5
-314.0	13.0714
-313.0	12
-312.0	10.5
-311.0	14.5
-310.0	13.0833
-309.0	6
-308.0	9.5
-307.0	12
-306.0	11
-305.0	11
-304.0	18.3333
-303.0	8.2
-302.0	14
-301.0	11.5
-300.0	10
-299.0	11
-298.0	13.2
-297.0	17
-296.0	21.5
-295.0	11.6667
-294.0	13.8333
-293.0	11
-292.0	13
-291.0	9.5
-290.0	13
-289.0	13
-288.0	12.25
-287.0	14
-286.0	17.5
-285.0	13.25
-284.0	13.5
-283.0	17
-282.0	15
-281.0	15
-280.0	14.3333
-279.0	19
-278.0	13.5
-277.0	17
-276.0	8
-275.0	13.5
-274.0	18.9048
-273.0	9
-272.0	13.1
-271.0	10.0833
-270.0	10.5
-269.0	9.1
-268.0	14
-267.0	5
-266.0	16.6667
-265.0	10
-264.0	10
-263.0	13
-262.0	11
-261.0	14.5
-260.0	10.0714
-259.0	14
-258.0	13.5
-257.0	10.5909
-256.0	13
-255.0	11.1
-254.0	12.1111
-253.0	15
-252.0	12
-251.0	17
-250.0	15.75
-249.0	15
-248.0	12
-247.0	13.5
-246.0	14.125
-245.0	12
-244.0	22
-243.0	11.5
-242.0	10.5
-241.0	11
-240.0	11
-239.0	16
-238.0	11.8333
-237.0	11.5
-236.0	12
-235.0	10
-234.0	21
-233.0	8.07143
-232.0	10.1667
-231.0	12.2714
-230.0	14
-229.0	7
-228.0	7
-227.0	16
-226.0	8
-225.0	15.6
-224.0	13
-223.0	15
-222.0	22.2
-221.0	18.5
-220.0	12
-219.0	9
-218.0	16.3333
-217.0	8
-216.0	14
-215.0	22.25
-214.0	13
-213.0	10.6111
-212.0	15
-211.0	12.625
-210.0	11
-209.0	15.0909
-208.0	18.1429
-207.0	12
-206.0	14.25
-205.0	21
-204.0	10.25
-203.0	10
-202.0	19
-201.0	16
-200.0	12
-199.0	8
-198.0	22
-197.0	15
-196.0	18
-195.0	18.0833
-194.0	11
-193.0	15.2714
-192.0	10
-191.0	12.1111
-190.0	22.3333
-189.0	17.1
-188.0	12
-187.0	13
-186.0	18
-185.0	10
-184.0	21
-183.0	18.5
-182.0	17
-181.0	22.1
-180.0	17
-179.0	8
-178.0	14.5
-177.0	12.6667
-176.0	17.4583
-175.0	20.0714
-174.0	11
-173.0	20.3333
-172.0	13.0833
-171.0	9
-170.0	7.1
-169.0	12.1667
-168.0	17
-167.0	16
-166.0	7
-165.0	11.25
-164.0	16.0429
-163.0	14
-162.0	19.5833
-161.0	12.3409
-160.0	10
-159.0	15
-158.0	17
-157.0	12
-156.0	12
-155.0	18
-154.0	11.25
-153.0	10.0714
-152.0	18.5
-151.0	17
-150.0	18
-149.0	16
-148.0	14
-147.0	12
-146.0	8.07143
-145.0	15
-144.0	15.5
-143.0	12
-142.0	17
-141.0	18.125
-140.0	20
-139.0	10
-138.0	9
-137.0	16.1111
-136.0	11
-135.0	14
-134.0	17
-133.0	10
-132.0	19
-131.0	13.5
-130.0	12
-129.0	13
-128.0	15.1111
-127.0	14
-126.0	15.7833
-125.0	21
-124.0	12
-123.0	20.4333
-122.0	12
-121.0	17.0714
-120.0	13.2429
-119.0	13
-118.0	14.25
-117.0	13
-116.0	16
-115.0	12
-114.0	8
-113.0	17.0909
-112.0	14.0714
-111.0	14
-110.0	7.5
-109.0	5
-108.0	16
-107.0	17.5
-106.0	7.29167
-105.0	12.2
-104.0	12.5
-103.0	15.5
-102.0	14
-101.0	13
-100.0	11
 -99.0	20.1111
 -98.0	11
 -97.0	19.2
 -96.0	16
 -95.0	19
 -94.0	13.4714
 -93.0	9.5
 -92.0	16.2
 -91.0	20
 -90.0	14.7
 -89.0	10.5
 -88.0	11.2
 -87.0	15.0833
 -86.0	15
 -85.0	20
 -84.0	11.5
 -83.0	19
 -82.0	15.5
 -81.0	14.5
 -80.0	15.3333
 -79.0	17.5
 -78.0	19
 -77.0	9.5
 -76.0	17.1429
 -75.0	18
 -74.0	20
 -73.0	15
 -72.0	17.0714
 -71.0	15.625
 -70.0	14.1
 -69.0	9.83333
 -68.0	12
 -67.0	15
 -66.0	20.0909
 -65.0	14.1825
 -64.0	11
 -63.0	12.5
 -62.0	11
 -61.0	13.5
 -60.0	17
 -59.0	9
 -58.0	12
 -57.0	14.1
 -56.0	7
 -55.0	7.53333
 -54.0	10
 -53.0	15
 -52.0	16
 -51.0	16
 -50.0	13.2
 -49.0	14
 -48.0	10.5
 -47.0	15.3333
 -46.0	15.5
 -45.0	12
 -44.0	8
 -43.0	21.1667
 -42.0	12.5
 -41.0	16.5
 -40.0	13
 -39.0	17
 -38.0	6.83333
 -37.0	15
 -36.0	14.125
 -35.0	13
 -34.0	12
 -33.0	10
 -32.0	19.1429
 -31.0	12.5
 -30.0	15.7
 -29.0	18.2
 -28.0	8
 -27.0	11
 -26.0	19
 -25.0	18.2
 -24.0	22
 -23.0	23.1111
 -22.0	7
 -21.0	12.5
 -20.0	14
 -19.0	11.1
 -18.0	25.5909
 -17.0	16
 -16.0	10.5
 -15.0	13
 -14.0	10
 -13.0	14
 -12.0	17.5
 -11.0	16.5
 -10.0	17
  -9.0	19.0714
  -8.0	14
  -7.0	15
  -6.0	13
  -5.0	11
  -4.0	20.5
  -3.0	21
  -2.0	20.6111
  -1.0	11.125
   0.0	28.2
   1.0	16
   2.0	13.5
   3.0	21
   4.0	22.5833
   5.0	14.2
   6.0	11
   7.0	13
   8.0	13
   9.0	15.1714
  10.0	12
  11.0	13
  12.0	12.1429
  13.0	15
  14.0	15
  15.0	18.6111
  16.0	21.5
  17.0	10.5
  18.0	11.5
  19.0	17
  20.0	11.2381
  21.0	12
  22.0	19
  23.0	10
  24.0	11.5
  25.0	13
  26.0	13.3667
  27.0	14
  28.0	10.5
  29.0	19.5909
  30.0	17.1833
  31.0	16
  32.0	15.6
  33.0	20
  34.0	12
  35.0	16
  36.0	18.2
  37.0	16.5
  38.0	13.2
  39.0	20
  40.0	16
  41.0	12.5
  42.0	9.2
  43.0	20
  44.0	17
  45.0	11.0714
  46.0	17.8333
  47.0	12.5
  48.0	15
  49.0	15.5
  50.0	11.5714
  51.0	10
  52.0	14.5
  53.0	9
  54.0	15
  55.0	14.5
  56.0	19.6429
  57.0	15
  58.0	10
  59.0	13.5
  60.0	12
  61.0	17.1111
  62.0	13.5
  63.0	12.3333
  64.0	13
  65.0	21
  66.0	12
  67.0	10
  68.0	12
  69.0	16
  70.0	13.5
  71.0	14
  72.0	17.5714
  73.0	15
  74.0	16.1
  75.0	15.1
  76.0	15
  77.0	15.0909
  78.0	9
  79.0	9
  80.0	16.5
  81.0	12
  82.0	24
  83.0	11.1
  84.0	7
  85.0	17
  86.0	11
  87.0	16
  88.0	9.83333
  89.0	17
  90.0	9.11111
  91.0	11.5714
  92.0	13.5
  93.0	14
  94.0	16.5
  95.0	9
  96.0	12.5
  97.0	13
  98.0	7
  99.0	18
 100.0	12.5
 101.0	9.27143
 102.0	12
 103.0	16
 104.0	7.2
 105.0	7
 106.0	7
 107.0	16
 108.0	13.0833
 109.0	15.7
 110.0	13
 111.0	14
 112.0	17.1667
 113.0	12
 114.0	14
 115.0	12.5
 116.0	16.5
 117.0	10.5
 118.0	10.1
 119.0	14
 120.0	9.33333
 121.0	14
 122.0	10.5
 123.0	13
 124.0	17.702
 125.0	6.5
 126.0	10
 127.0	15.5
 128.0	14.0714
 129.0	19.5
 130.0	12.75
 131.0	9.08333
 132.0	16.0714
 133.0	13
 134.0	11
 135.0	12
 136.0	11
 137.0	20.5
 138.0	16
 139.0	7.5
 140.0	17
 141.0	9.26667
 142.0	13
 143.0	10
 144.0	9
 145.0	19
 146.0	9
 147.0	14
 148.0	9
 149.0	11
 150.0	13.5
 151.0	11
 152.0	13
 153.0	19
 154.0	24
 155.0	10
 156.0	16
 157.0	15.5714
 158.0	7
 159.0	21
 160.0	7.11111
 161.0	8
 162.0	16.6
 163.0	9
 164.0	12.5833
 165.0	13
 166.0	18.7
 167.0	12
 168.0	8
 169.0	15.3333
 170.0	12
 171.0	21.0909
 172.0	6
 173.0	14.0714
 174.0	10.5
 175.0	21
 176.0	10.7
 177.0	13
 178.0	9
 179.0	17
 180.0	13
 181.0	11
 182.0	9
 183.0	13
 184.0	14
 185.0	8.1
 186.0	10
 187.0	12.1111
 188.0	10
 189.0	9.5
 190.0	15
 191.0	11
 192.0	16.1667
 193.0	10
 194.0	9
 195.0	11
 196.0	7
 197.0	16
 198.0	15.1111
 199.0	23.1667
 200.0	14
 201.0	23.25
 202.0	16
 203.0	19.2
 204.0	21.3333
 205.0	10
 206.0	14.1
 207.0	12.1
 208.0	15
 209.0	7
 210.0	7.5
 211.0	13
 212.0	11
 213.0	12
 214.0	10.0714
 215.0	7
 216.0	8.16667
 217.0	19
 218.0	11.2909
 219.0	12
 220.0	11
 221.0	13
 222.0	14.5
 223.0	7.5
 224.0	20
 225.0	18
 226.0	14
 227.0	15.5
 228.0	14.1667
 229.0	20
 230.0	11
 231.0	15
 232.0	13.5
 233.0	15
 234.0	18
 235.0	16.5
 236.0	13.6
 237.0	22
 238.0	6
 239.0	14
 240.0	14.5
 241.0	10
 242.0	14.5
 243.0	15
 244.0	11.2
 245.0	18
 246.0	12
 247.0	13.5
 248.0	13
 249.0	14
 250.0	18.7111
 251.0	10.5
 252.0	10.1667
 253.0	19
 254.0	16
 255.0	11.0714
 256.0	14
 257.0	8
 258.0	10.5
 259.0	20.5
 260.0	13
 261.0	12.3333
 262.0	9
 263.0	7
 264.0	10
 265.0	17
 266.0	14
 267.0	9
 268.0	9
 269.0	15
 270.0	9
 271.0	15.25
 272.0	12
 273.0	9.21111
 274.0	15.5
 275.0	20.5
 276.0	11.5
 277.0	12.5
 278.0	16
 279.0	7
 280.0	16
 281.0	7.5
 282.0	5
 283.0	12
 284.0	11
 285.0	10
 286.0	14.1667
 287.0	7
 288.0	12.1667
 289.0	11
 290.0	17
 291.0	13
 292.0	12
 293.0	22
 294.0	15.1
 295.0	11
 296.0	10
 297.0	16
 298.0	15
 299.0	19
 300.0	12.6667
 301.0	16
 302.0	13
 303.0	13
 304.0	14
 305.0	15
 306.0	18
 307.0	18
 308.0	22.5
 309.0	16
 310.0	14.5
 311.0	14
 312.0	12
 313.0	15.5
 314.0	10
 315.0	11.1667
 316.0	13
 317.0	11
 318.0	13
 319.0	13
 320.0	17
 321.0	12
 322.0	6.5
 323.0	12
 324.0	10
 325.0	12
 326.0	15
 327.0	17
DB 1 MOTIF	SP1_HUMAN.H11MO.0.A
-321.0	12
-320.0	15
-319.0	10
-318.0	10
-317.0	12
-316.0	8
-315.0	8
-314.0	9
-313.0	9.5
-312.0	21
-311.0	18
-310.0	7
-309.0	8
-308.0	10
-307.0	15
-306.0	15
-305.0	17
-304.0	10.5
-303.0	9
-302.0	10
-301.0	11
-300.0	11
-299.0	16
-298.0	10.3333
-297.0	10
-296.0	13
-295.0	13
-294.0	14
-293.0	14
-292.0	17
-291.0	9
-290.0	18.5
-289.0	13
-288.0	12
-287.0	18
-286.0	11
-285.0	18
-284.0	16
-283.0	8
-282.0	14
-281.0	5.16667
-280.0	16
-279.0	11
-278.0	7
-277.0	13
-276.0	12
-275.0	17.5
-274.0	9
-273.0	15
-272.0	8
-271.0	12
-270.0	15
-269.0	30
-268.0	9.5
-267.0	9
-266.0	24.3333
-265.0	14.5
-264.0	11
-263.0	14
-262.0	13.5
-261.0	9
-260.0	9
-259.0	8
-258.0	16
-257.0	14
-256.0	20
-255.0	17
-254.0	16
-253.0	10
-252.0	12
-251.0	12
-250.0	9.5
-249.0	14.5
-248.0	16
-247.0	14
-246.0	13
-245.0	8
-244.0	9
-243.0	10
-242.0	11.5
-241.0	9
-240.0	14
-239.0	18
-238.0	13
-237.0	10
-236.0	13
-235.0	11
-234.0	19.8333
-233.0	15.5
-232.0	17
-231.0	13
-230.0	10
-229.0	8.33333
-228.0	11
-227.0	7
-226.0	12
-225.0	13.5
-224.0	14
-223.0	14.3333
-222.0	11
-221.0	10
-220.0	10
-219.0	15
-218.0	13
-217.0	10.3333
-216.0	8
-215.0	10
-214.0	10.5
-213.0	14
-212.0	15
-211.0	10
-210.0	17
-209.0	14
-208.0	13
-207.0	14
-206.0	19
-205.0	10
-204.0	17
-203.0	18
-202.0	11.5
-201.0	8
-200.0	11
-199.0	16
-198.0	16
-197.0	16
-196.0	12
-195.0	12
-194.0	13.5
-193.0	14.3333
-192.0	10
-191.0	23
-190.0	17
-189.0	12
-188.0	11
-187.0	9
-186.0	14
-185.0	14
-184.0	19
-183.0	18
-182.0	12
-181.0	20
-180.0	13
-179.0	19
-178.0	21
-177.0	20
-176.0	15.5
-175.0	20.3333
-174.0	12
-173.0	15
-172.0	15
-171.0	14
-170.0	18
-169.0	15
-168.0	20.5
-167.0	14
-166.0	13
-165.0	15
-164.0	17
-163.0	14.5
-162.0	13.1667
-161.0	10
-160.0	18
-159.0	13
-158.0	12
-157.0	16
-156.0	13
-155.0	22
-154.0	10
-153.0	9
-152.0	16
-151.0	19
-150.0	11
-149.0	14
-148.0	16.5
-147.0	8
-146.0	15
-145.0	18
-144.0	11
-143.0	16.5
-142.0	11
-141.0	13.3333
-140.0	11.5
-139.0	14
-138.0	21
-137.0	14
-136.0	20
-135.0	14
-134.0	11
-133.0	9
-132.0	12
-131.0	16
-130.0	16.1667
-129.0	15
-128.0	11
-127.0	16
-126.0	10
-125.0	17
-124.0	23
-123.0	10
-122.0	18
-121.0	10
-120.0	13
-119.0	14
-118.0	11
-117.0	10.5
-116.0	10
-115.0	11
-114.0	13
-113.0	13.3333
-112.0	15
-111.0	10
-110.0	20
-109.0	14
-108.0	21
-107.0	16
-106.0	10
-105.0	10
-104.0	20
-103.0	8
-102.0	2
-101.0	10
-100.0	12
 -99.0	19
 -98.0	14.1667
 -97.0	19
 -96.0	11
 -95.0	14.5
 -94.0	6
 -93.0	11
 -92.0	14
 -91.0	14
 -90.0	13
 -89.0	8
 -88.0	14
 -87.0	14
 -86.0	17
 -85.0	15
 -84.0	10
 -83.0	4
 -82.0	8
 -81.0	13
 -80.0	14
 -79.0	10
 -78.0	17
 -77.0	15
 -76.0	12
 -75.0	7
 -74.0	13
 -73.0	16
 -72.0	9
 -71.0	21
 -70.0	9
 -69.0	16
 -68.0	12
 -67.0	12
 -66.0	11.1667
 -65.0	10
 -64.0	9
 -63.0	13
 -62.0	15
 -61.0	10.25
 -60.0	16
 -59.0	10
 -58.0	9
 -57.0	15.5
 -56.0	17
 -55.0	14
 -54.0	19.5
 -53.0	17
 -52.0	15
 -51.0	11
 -50.0	14
 -49.0	11
 -48.0	13
 -47.0	16.5
 -46.0	16
 -45.0	11
 -44.0	14
 -43.0	14
 -42.0	17
 -41.0	16
 -40.0	14
 -39.0	20
 -38.0	14
 -37.0	19
 -36.0	10
 -35.0	12
 -34.0	11.6667
 -33.0	20
 -32.0	13
 -31.0	13.3333
 -30.0	21
 -29.0	13
 -28.0	13
 -27.0	15
 -26.0	12
 -25.0	18
 -24.0	18
 -23.0	10
 -22.0	21
 -21.0	11
 -20.0	16
 -19.0	14
 -18.0	9
 -17.0	9
 -16.0	16
 -15.0	21
 -14.0	12
 -13.0	12
 -12.0	19
 -11.0	11
 -10.0	19
  -9.0	13
  -8.0	12
  -7.0	16
  -6.0	14.5
  -5.0	16
  -4.0	11.3333
  -3.0	19
  -2.0	18
  -1.0	18
   0.0	18
   1.0	17
   2.0	9
   3.0	9.5
   4.0	9
   5.0	10.5
   6.0	13
   7.0	18
   8.0	12
   9.0	11
  10.0	10.3333
  11.0	15.3333
  12.0	9
  13.0	19
  14.0	8
  15.0	14
  16.0	15
  17.0	13
  18.0	11
  19.0	21.5
  20.0	11
  21.0	15
  22.0	17
  23.0	22
  24.0	15
  25.0	15
  26.0	19
  27.0	9
  28.0	23.5
  29.0	11
  30.0	14
  31.0	10
  32.0	18
  33.0	13
  34.0	15
  35.0	13
  36.0	10
  37.0	19
  38.0	12
  39.0	14
  40.0	21
  41.0	16
  42.0	15
  43.0	12
  44.0	10
  45.0	12
  46.0	11
  47.0	15
  48.0	17.5
  49.0	15
  50.0	23
  51.0	13
  52.0	12
  53.0	17
  54.0	11
  55.0	15
  56.0	9
  57.0	17
  58.0	9
  59.0	14
  60.0	15.5
  61.0	17
  62.0	11
  63.0	13
  64.0	25
  65.0	7
  66.0	17
  67.0	17
  68.0	11
  69.0	11
  70.0	16
  71.0	15
  72.0	12
  73.0	16
  74.0	10
  75.0	10
  76.0	16
  77.0	11
  78.0	12
  79.0	10
  80.0	15
  81.0	11
  82.0	14
  83.0	11.5
  84.0	12
  85.0	13
  86.0	19.5
  87.0	20.3333
  88.0	16
  89.0	13
  90.0	14
  91.0	10
  92.0	13
  93.0	17.5
  94.0	17
  95.0	12
  96.0	8
  97.0	17
  98.0	19
  99.0	9.5
 100.0	13
 101.0	13
 102.0	15
 103.0	13
 104.0	15
 105.0	11
 106.0	15
 107.0	10
 108.0	8
 109.0	11
 110.0	18.5
 111.0	18.3333
 112.0	15
 113.0	19
 114.0	9.5
 115.0	17
 116.0	12.5
 117.0	14
 118.0	12
 119.0	10
 120.0	10
 121.0	11.2
 122.0	13
 123.0	12
 124.0	16.25
 125.0	11
 126.0	10
 127.0	20
 128.0	19
 129.0	9
 130.0	7
 131.0	10
 132.0	11.5
 133.0	23.5
 134.0	11
 135.0	18.3333
 136.0	14
 137.0	6
 138.0	16.5
 139.0	15
 140.0	12
 141.0	6
 142.0	14
 143.0	14
 144.0	20
 145.0	10
 146.0	10
 147.0	9
 148.0	15
 149.0	12
 150.0	18
 151.0	22
 152.0	13.5
 153.0	10
 154.0	21
 155.0	13
 156.0	18.25
 157.0	10
 158.0	17.2
 159.0	19
 160.0	17
 161.0	17
 162.0	13
 163.0	17
 164.0	18
 165.0	19
 166.0	17
 167.0	16
 168.0	13
 169.0	10
 170.0	12
 171.0	11
 172.0	10.5
 173.0	12
 174.0	17
 175.0	17
 176.0	9
 177.0	11
 178.0	13
 179.0	13
 180.0	21
 181.0	15
 182.0	12.5
 183.0	16.5
 184.0	11
 185.0	14
 186.0	14
 187.0	10
 188.0	14.75
 189.0	11
 190.0	18
 191.0	19
 192.0	19
 193.0	21
 194.0	13
 195.0	11.2
 196.0	11
 197.0	18
 198.0	17
 199.0	12
 200.0	8
 201.0	11
 202.0	16
 203.0	11
 204.0	10
 205.0	8.33333
 206.0	6
 207.0	14
 208.0	21
 209.0	12
 210.0	16.5
 211.0	12
 212.0	7
 213.0	14.5
 214.0	11
 215.0	11
 216.0	17
 217.0	12
 218.0	14.5
 219.0	14
 220.0	10
 221.0	12
 222.0	8
 223.0	20
 224.0	10
 225.0	9
 226.0	8
 227.0	10
 228.0	14
 229.0	11
 230.0	11
 231.0	12
 232.0	11.2
 233.0	12
 234.0	11
 235.0	9
 236.0	10
 237.0	13
 238.0	18
 239.0	7
 240.0	9
 241.0	16
 242.0	15
 243.0	8
 244.0	8
 245.0	21
 246.0	13
 247.0	10
 248.0	12.5
 249.0	16
 250.0	11
 251.0	14
 252.0	10
 253.0	13
 254.0	7
 255.0	15
 256.0	15
 257.0	3
 258.0	9
 259.0	13
 260.0	13
 261.0	15
 262.0	15
 263.0	12
 264.0	7
 265.0	11
 266.0	6
 267.0	12
 268.0	6
 269.0	18.2
 270.0	10
 271.0	14
 272.0	17.5
 273.0	8
 274.0	6
 275.0	20
 276.0	12
 277.0	14
 278.0	9
 279.0	10
 280.0	13
 281.0	10
 282.0	15
 283.0	15
 284.0	9
 285.0	12
 286.0	14
 287.0	15
 288.0	18
 289.0	10
 290.0	9
 291.0	11
 292.0	13.5
 293.0	11
 294.0	14
 295.0	19
 296.0	17
 297.0	12.5
 298.0	7
 299.0	20.5
 300.0	19.5
 301.0	10
 302.0	15
 303.0	9.5
 304.0	3
 305.0	15
 306.0	13
 307.0	10
 308.0	11
 309.0	11
 310.0	12
 311.0	11
 312.0	13.5
 313.0	12
 314.0	8
 315.0	17
 316.0	11
 317.0	12
 318.0	11.5
 319.0	16
 320.0	17
 321.0	16
DB 1 MOTIF	SP1_HUMAN.H11MO.1.A
-325.0	22
-324.0	16
-323.0	25
-322.0	17
-321.0	16.5
-320.0	26
-319.0	15.5
-318.0	21.125
-317.0	12.5
-316.0	23
-315.0	23.5
-314.0	21
-313.0	18.5
-312.0	11
-311.0	17
-310.0	21.625
-309.0	16
-308.0	17
-307.0	22.5
-306.0	15
-305.0	17
-304.0	24
-303.0	33
-302.0	18.5
-301.0	19.5
-300.0	23.5
-299.0	20
-298.0	16
-297.0	23
-296.0	22
-295.0	17.8333
-294.0	24.5833
-293.0	20.5
-292.0	20.1667
-291.0	24
-290.0	19
-289.0	23
-288.0	20.0833
-287.0	15.5
-286.0	24.125
-285.0	16.5
-284.0	21
-283.0	23
-282.0	17.6667
-281.0	32.1429
-280.0	21
-279.0	18.5
-278.0	14.25
-277.0	12.1111
-276.0	17
-275.0	18
-274.0	14.1
-273.0	27.3333
-272.0	13
-271.0	22.1111
-270.0	19.5
-269.0	27.5
-268.0	22
-267.0	15
-266.0	17.5
-265.0	23
-264.0	18.3333
-263.0	13
-262.0	25.3333
-261.0	14
-260.0	18.5
-259.0	17
-258.0	18.3333
-257.0	20
-256.0	10
-255.0	19
-254.0	13
-253.0	13.25
-252.0	14
-251.0	8
-250.0	16
-249.0	16.5
-248.0	22.6111
-247.0	16
-246.0	23
-245.0	15.5
-244.0	21
-243.0	16.6429
-242.0	19.5
-241.0	14
-240.0	19.1667
-239.0	16
-238.0	18
-237.0	19
-236.0	20
-235.0	17.25
-234.0	11
-233.0	12
-232.0	27.25
-231.0	16
-230.0	21.8333
-229.0	19
-228.0	22.5
-227.0	22
-226.0	27
-225.0	20
-224.0	13.2361
-223.0	11.1667
-222.0	24.75
-221.0	23.5
-220.0	19
-219.0	22.6111
-218.0	13.5
-217.0	18.5
-216.0	17.25
-215.0	26
-214.0	28.5
-213.0	10.5
-212.0	21
-211.0	22
-210.0	27.25
-209.0	12
-208.0	25.5
-207.0	19.5
-206.0	15
-205.0	18.1429
-204.0	27.3333
-203.0	25
-202.0	16.5
-201.0	21.3333
-200.0	22
-199.0	18.3333
-198.0	14.75
-197.0	16.25
-196.0	20
-195.0	24
-194.0	25
-193.0	19
-192.0	19
-191.0	18
-190.0	17.6444
-189.0	21.0833
-188.0	26.3333
-187.0	23
-186.0	16.25
-185.0	28
-184.0	17.5
-183.0	27.5
-182.0	24.2
-181.0	17
-180.0	24
-179.0	29.3333
-178.0	25
-177.0	23
-176.0	22
-175.0	23
-174.0	20.25
-173.0	28
-172.0	23.5
-171.0	25.5833
-170.0	17
-169.0	15.5
-168.0	21
-167.0	18.1429
-166.0	23
-165.0	10.3333
-164.0	29
-163.0	18
-162.0	24
-161.0	21
-160.0	14
-159.0	22
-158.0	26.1111
-157.0	19
-156.0	15.2667
-155.0	17.5
-154.0	12
-153.0	16
-152.0	24
-151.0	19
-150.0	18
-149.0	19
-148.0	22
-147.0	18
-146.0	18
-145.0	17.1667
-144.0	19.5
-143.0	18.0833
-142.0	27
-141.0	18.3667
-140.0	30.5
-139.0	27.5
-138.0	27.4583
-137.0	20.2
-136.0	18.1667
-135.0	16.5
-134.0	27
-133.0	20.75
-132.0	18
-131.0	25.3333
-130.0	20.1111
-129.0	20.3095
-128.0	25
-127.0	17
-126.0	17.5444
-125.0	15.5
-124.0	20.5
-123.0	14
-122.0	20
-121.0	18.8333
-120.0	11.1667
-119.0	22.8333
-118.0	26
-117.0	19.3333
-116.0	20
-115.0	18
-114.0	24
-113.0	18
-112.0	22
-111.0	16
-110.0	21
-109.0	24
-108.0	29
-107.0	19
-106.0	19
-105.0	28
-104.0	27
-103.0	20
-102.0	18
-101.0	15
-100.0	18
 -99.0	25
 -98.0	18.5
 -97.0	12.0833
 -96.0	16.3333
 -95.0	19.5
 -94.0	17.9028
 -93.0	17
 -92.0	15
 -91.0	16.1429
 -90.0	21
 -89.0	24.6111
 -88.0	20
 -87.0	20.6429
 -86.0	20.3333
 -85.0	19.5
 -84.0	24.5333
 -83.0	22.1111
 -82.0	15.4167
 -81.0	21
 -80.0	26
 -79.0	14
 -78.0	14.3333
 -77.0	21
 -76.0	18
 -75.0	21.75
 -74.0	19
 -73.0	19
 -72.0	16.125
 -71.0	20
 -70.0	21
 -69.0	24.5
 -68.0	23.5
 -67.0	17
 -66.0	12
 -65.0	25.2
 -64.0	21
 -63.0	20.5
 -62.0	20.6111
 -61.0	19
 -60.0	26
 -59.0	19
 -58.0	19.5
 -57.0	24.3333
 -56.0	26.5
 -55.0	15
 -54.0	22
 -53.0	17.1429
 -52.0	27
 -51.0	19.5833
 -50.0	23.125
 -49.0	27.1667
 -48.0	18.25
 -47.0	18.1667
 -46.0	25
 -45.0	22.1111
 -44.0	20
 -43.0	22.5
 -42.0	28
 -41.0	18
 -40.0	25.1429
 -39.0	24.5
 -38.0	19
 -37.0	22.1
 -36.0	22.1111
 -35.0	26.4167
 -34.0	28
 -33.0	21.2
 -32.0	21.1667
 -31.0	18
 -30.0	23.1111
 -29.0	34
 -28.0	15
 -27.0	28.75
 -26.0	22
 -25.0	23
 -24.0	15
 -23.0	29.1111
 -22.0	32
 -21.0	22
 -20.0	30
 -19.0	23.3333
 -18.0	16
 -17.0	22.5
 -16.0	25
 -15.0	31
 -14.0	25
 -13.0	22.6667
 -12.0	22
 -11.0	31.125
 -10.0	19.5
  -9.0	18.25
  -8.0	26.3333
  -7.0	29.1
  -6.0	28.25
  -5.0	26.5833
  -4.0	26.1429
  -3.0	27
  -2.0	20.1667
  -1.0	24.5
   0.0	22
   1.0	23
   2.0	20.5
   3.0	30
   4.0	35
   5.0	24.5
   6.0	19.25
   7.0	21.3333
   8.0	23.5
   9.0	17
  10.0	21
  11.0	16.4444
  12.0	26.6667
  13.0	27
  14.0	19
  15.0	20.25
  16.0	30
  17.0	23
  18.0	20.1667
  19.0	21.3667
  20.0	23
  21.0	22.1111
  22.0	26.1667
  23.0	20.5
  24.0	23.5
  25.0	25.5
  26.0	23
  27.0	24.2
  28.0	27.2
  29.0	26
  30.0	19.75
  31.0	16
  32.0	18.625
  33.0	25.25
  34.0	21.1429
  35.0	23
  36.0	30.3333
  37.0	16
  38.0	16
  39.0	25
  40.0	22
  41.0	29
  42.0	15
  43.0	25.1111
  44.0	24
  45.0	25.5
  46.0	20.625
  47.0	20
  48.0	12
  49.0	33
  50.0	30
  51.0	14
  52.0	20.1667
  53.0	25
  54.0	29.4762
  55.0	27
  56.0	25.5
  57.0	20.1
  58.0	13.1111
  59.0	22
  60.0	23
  61.0	16
  62.0	26
  63.0	28
  64.0	19
  65.0	19.1111
  66.0	27
  67.0	26
  68.0	21
  69.0	26.5
  70.0	21.1667
  71.0	21
  72.0	22.8429
  73.0	20
  74.0	21
  75.0	21.4
  76.0	14.4583
  77.0	17
  78.0	19
  79.0	15
  80.0	20.5
  81.0	14
  82.0	20
  83.0	19
  84.0	21
  85.0	16.1667
  86.0	11
  87.0	16.1944
  88.0	24
  89.0	21.7
  90.0	16
  91.0	20
  92.0	17
  93.0	26.5
  94.0	22
  95.0	26.5
  96.0	25
  97.0	18
  98.0	20
  99.0	21
 100.0	17.3333
 101.0	25.1429
 102.0	23
 103.0	17
 104.0	17.0833
 105.0	14.1111
 106.0	20
 107.0	27
 108.0	18.5
 109.0	17.6111
 110.0	12.6429
 111.0	17
 112.0	17
 113.0	21.2
 114.0	25.5
 115.0	16
 116.0	12
 117.0	21
 118.0	19.1667
 119.0	19
 120.0	17.2
 121.0	17.3333
 122.0	18.1667
 123.0	25.5
 124.0	19
 125.0	15
 126.0	14.5
 127.0	32.8333
 128.0	27.2
 129.0	24.3333
 130.0	22.3333
 131.0	27.7
 132.0	15
 133.0	22
 134.0	21.5
 135.0	24
 136.0	14
 137.0	25.125
 138.0	18
 139.0	19
 140.0	23.5
 141.0	17
 142.0	18.5
 143.0	18.5
 144.0	23.5
 145.0	16
 146.0	22
 147.0	24
 148.0	18.1429
 149.0	20.1
 150.0	22.3333
 151.0	20.3667
 152.0	25.3111
 153.0	25.1111
 154.0	22
 155.0	27
 156.0	28.5
 157.0	15.625
 158.0	23
 159.0	18.3333
 160.0	26
 161.0	23.625
 162.0	13.5
 163.0	23
 164.0	24
 165.0	20.125
 166.0	18
 167.0	21.25
 168.0	17
 169.0	15
 170.0	24.8333
 171.0	24
 172.0	18
 173.0	20.25
 174.0	16.8333
 175.0	18.3333
 176.0	24.5
 177.0	8.45833
 178.0	21.25
 179.0	24.0833
 180.0	14.3333
 181.0	16.6
 182.0	21
 183.0	19.5
 184.0	23.2
 185.0	15.8333
 186.0	18.1429
 187.0	27.2
 188.0	19.5
 189.0	31
 190.0	25
 191.0	20
 192.0	16.8333
 193.0	17.5
 194.0	22.25
 195.0	22.2679
 196.0	19.2
 197.0	21.125
 198.0	24.75
 199.0	14.5
 200.0	21.5
 201.0	16.3333
 202.0	15
 203.0	21.5
 204.0	23
 205.0	20
 206.0	17.5
 207.0	15.3333
 208.0	13.3333
 209.0	22.5
 210.0	17
 211.0	20
 212.0	22
 213.0	12.95
 214.0	17
 215.0	21.5
 216.0	14
 217.0	15.625
 218.0	20
 219.0	23.5
 220.0	26
 221.0	24.1667
 222.0	18
 223.0	22
 224.0	15.6429
 225.0	20.3333
 226.0	18.3667
 227.0	23.25
 228.0	18
 229.0	17.25
 230.0	11
 231.0	11
 232.0	14
 233.0	18
 234.0	21
 235.0	17.25
 236.0	16
 237.0	25.125
 238.0	18
 239.0	14
 240.0	17
 241.0	22.5
 242.0	16.6429
 243.0	15.2
 244.0	15.5
 245.0	22.3333
 246.0	15
 247.0	15.5
 248.0	12
 249.0	23
 250.0	22
 251.0	18
 252.0	23.25
 253.0	14.25
 254.0	18
 255.0	14
 256.0	13.7
 257.0	18.125
 258.0	15
 259.0	20.625
 260.0	16
 261.0	16.5
 262.0	10
 263.0	22.25
 264.0	17
 265.0	25.5
 266.0	17.5
 267.0	18.5833
 268.0	14
 269.0	14
 270.0	14
 271.0	20.0833
 272.0	14
 273.0	21
 274.0	25
 275.0	16.2
 276.0	12
 277.0	10.725
 278.0	15.1667
 279.0	20
 280.0	22
 281.0	16.5
 282.0	15
 283.0	15
 284.0	23
 285.0	23.5
 286.0	11.2
 287.0	18
 288.0	18
 289.0	21.1429
 290.0	22
 291.0	16
 292.0	27
 293.0	16.25
 294.0	16
 295.0	17.5
 296.0	24.5
 297.0	18
 298.0	11.5
 299.0	28.25
 300.0	13
 301.0	20
 302.0	17
 303.0	24
 304.0	23
 305.0	16.35
 306.0	20
 307.0	20
 308.0	20
 309.0	15
 310.0	25
 311.0	18.5
 312.0	13
 313.0	21
 314.0	16.5
 315.0	14.2
 316.0	12
 317.0	23.0833
 318.0	17
 319.0	13
 320.0	16
 321.0	13
 322.0	17
 323.0	15
 324.0	27
 325.0	20
DB 1 MOTIF	SP2_HUMAN.H11MO.0.A
-321.0	25
-320.0	34
-319.0	28.5
-318.0	21
-317.0	25.5
-316.0	27
-315.0	26.125
-314.0	21
-313.0	22.5
-312.0	14
-311.0	24
-310.0	18
-309.0	15
-308.0	15.1429
-307.0	18
-306.0	20
-305.0	18
-304.0	24
-303.0	32
-302.0	19
-301.0	27
-300.0	19
-299.0	20.5
-298.0	15
-297.0	24
-296.0	28
-295.0	32
-294.0	23.5
-293.0	24
-292.0	30
-291.0	20
-290.0	16
-289.0	23
-288.0	24
-287.0	16
-286.0	26
-285.0	20
-284.0	22
-283.0	22
-282.0	25
-281.0	23
-280.0	16
-279.0	20.5
-278.0	23.5
-277.0	20.3429
-276.0	17.125
-275.0	20
-274.0	18
-273.0	31
-272.0	16
-271.0	24
-270.0	19
-269.0	30
-268.0	25
-267.0	16
-266.0	23
-265.0	23
-264.0	21
-263.0	18
-262.0	31
-261.0	16
-260.0	29
-259.0	26
-258.0	17
-257.0	23
-256.0	11
-255.0	19
-254.0	15.1429
-253.0	16
-252.0	18
-251.0	21
-250.0	13
-249.0	17.5
-248.0	21.1429
-247.0	34
-246.0	27
-245.0	19
-244.0	28
-243.0	27
-242.0	26
-241.0	20
-240.0	11
-239.0	22.2
-238.0	19
-237.0	19.375
-236.0	21
-235.0	22.1429
-234.0	17.5
-233.0	16
-232.0	35
-231.0	17
-230.0	23
-229.0	21
-228.0	26
-227.0	22.3333
-226.0	32.5
-225.0	24
-224.0	22
-223.0	14
-222.0	28
-221.0	16.5833
-220.0	10
-219.0	21.6429
-218.0	22
-217.0	20
-216.0	22.3333
-215.0	22.3333
-214.0	29
-213.0	17.5
-212.0	15.5
-211.0	28
-210.0	28.5
-209.0	19
-208.0	23
-207.0	14
-206.0	20
-205.0	20
-204.0	29.3333
-203.0	30
-202.0	17.5
-201.0	28
-200.0	30
-199.0	22
-198.0	14.625
-197.0	21
-196.0	18
-195.0	23.5
-194.0	30
-193.0	17.5
-192.0	19
-191.0	16
-190.0	14.6429
-189.0	21.1429
-188.0	23
-187.0	26
-186.0	24
-185.0	24.2
-184.0	32
-183.0	26
-182.0	29.8333
-181.0	23.45
-180.0	28
-179.0	24
-178.0	28
-177.0	26
-176.0	24
-175.0	25
-174.0	19.5
-173.0	24
-172.0	30
-171.0	28.3333
-170.0	14.25
-169.0	17
-168.0	24
-167.0	21
-166.0	20.5
-165.0	16
-164.0	24
-163.0	17
-162.0	26
-161.0	20
-160.0	22.5
-159.0	21.125
-158.0	20.6429
-157.0	25
-156.0	26.25
-155.0	23
-154.0	11
-153.0	24
-152.0	23
-151.0	23
-150.0	8
-149.0	19
-148.0	21
-147.0	25
-146.0	23.1429
-145.0	20
-144.0	28.5
-143.0	24.1429
-142.0	28
-141.0	23
-140.0	23.5
-139.0	24.2
-138.0	22.3333
-137.0	27.5
-136.0	26
-135.0	23.5
-134.0	30
-133.0	20.3333
-132.0	17
-131.0	25.5
-130.0	20
-129.0	19
-128.0	30
-127.0	21
-126.0	27.1429
-125.0	19.25
-124.0	27.2
-123.0	30
-122.0	26
-121.0	16.5
-120.0	18.375
-119.0	21.25
-118.0	22
-117.0	23
-116.0	22
-115.0	21
-114.0	24.5
-113.0	19.5
-112.0	35
-111.0	24.5
-110.0	24
-109.0	14
-108.0	23
-107.0	24
-106.0	28
-105.0	24
-104.0	16
-103.0	19.5
-102.0	23
-101.0	16
-100.0	30
 -99.0	25.1667
 -98.0	19
 -97.0	24.1429
 -96.0	22.8333
 -95.0	22
 -94.0	28.1429
 -93.0	24
 -92.0	17.1429
 -91.0	23.5
 -90.0	23
 -89.0	20
 -88.0	21
 -87.0	20
 -86.0	12
 -85.0	26.5
 -84.0	27.75
 -83.0	21
 -82.0	20
 -81.0	20.125
 -80.0	27
 -79.0	17.5
 -78.0	24
 -77.0	22
 -76.0	21
 -75.0	23.5
 -74.0	12
 -73.0	21
 -72.0	14
 -71.0	20
 -70.0	23.5
 -69.0	25.75
 -68.0	27.75
 -67.0	19.2
 -66.0	18
 -65.0	28
 -64.0	23
 -63.0	30
 -62.0	18.5
 -61.0	20
 -60.0	15
 -59.0	23
 -58.0	24
 -57.0	29
 -56.0	24.5
 -55.0	32
 -54.0	24
 -53.0	17.5
 -52.0	20
 -51.0	25
 -50.0	31
 -49.0	29
 -48.0	21.9167
 -47.0	22
 -46.0	17.5
 -45.0	27.25
 -44.0	25
 -43.0	18.5
 -42.0	29.125
 -41.0	22
 -40.0	23
 -39.0	34
 -38.0	27.1429
 -37.0	26
 -36.0	32
 -35.0	24
 -34.0	25
 -33.0	28
 -32.0	34.5
 -31.0	31
 -30.0	33
 -29.0	26
 -28.0	23
 -27.0	31.25
 -26.0	29
 -25.0	31
 -24.0	25
 -23.0	34
 -22.0	25.5
 -21.0	20.5
 -20.0	19
 -19.0	23.5
 -18.0	18
 -17.0	34
 -16.0	22
 -15.0	21
 -14.0	19
 -13.0	32.25
 -12.0	24
 -11.0	26
 -10.0	27.2
  -9.0	28.8333
  -8.0	31.5
  -7.0	27
  -6.0	26.25
  -5.0	28
  -4.0	28
  -3.0	28
  -2.0	30.5
  -1.0	43.2
   0.0	29
   1.0	21
   2.0	19
   3.0	30.1667
   4.0	28
   5.0	25
   6.0	26.5
   7.0	24
   8.0	21.5
   9.0	25
  10.0	22
  11.0	30
  12.0	27.5
  13.0	19
  14.0	25
  15.0	29.25
  16.0	26
  17.0	33
  18.0	28
  19.0	33.2
  20.0	20
  21.0	29.25
  22.0	19
  23.0	25
  24.0	27.5
  25.0	28
  26.0	28
  27.0	29
  28.0	33.3333
  29.0	24
  30.0	22
  31.0	22
  32.0	23
  33.0	26
  34.0	19
  35.0	26
  36.0	27.5
  37.0	23
  38.0	19
  39.0	18
  40.0	19.25
  41.0	29
  42.0	12.75
  43.0	32
  44.0	23.5
  45.0	25.2
  46.0	21
  47.0	20
  48.0	19.5
  49.0	26
  50.0	27.5
  51.0	26
  52.0	23
  53.0	27
  54.0	23.5
  55.0	20.5
  56.0	30.5
  57.0	23
  58.0	23
  59.0	30
  60.0	25
  61.0	24
  62.0	33
  63.0	23
  64.0	25
  65.0	28.25
  66.0	23
  67.0	30
  68.0	26
  69.0	25
  70.0	20.1429
  71.0	22
  72.0	16.3333
  73.0	23
  74.0	17.5
  75.0	21.2
  76.0	16
  77.0	21
  78.0	19
  79.0	19
  80.0	21
  81.0	20
  82.0	18.5
  83.0	21
  84.0	26
  85.0	18
  86.0	19
  87.0	26.1429
  88.0	24
  89.0	25
  90.0	28
  91.0	25
  92.0	25
  93.0	21
  94.0	25
  95.0	19
  96.0	29
  97.0	25
  98.0	26
  99.0	28.5
 100.0	22.5
 101.0	18
 102.0	31.25
 103.0	20
 104.0	25.5
 105.0	20.1667
 106.0	23.3333
 107.0	25
 108.0	28
 109.0	19.75
 110.0	20
 111.0	21
 112.0	23
 113.0	17.75
 114.0	19
 115.0	16
 116.0	19
 117.0	21
 118.0	19
 119.0	23
 120.0	20
 121.0	14
 122.0	22
 123.0	26
 124.0	23.1429
 125.0	12.5
 126.0	18
 127.0	30
 128.0	25
 129.0	17.6667
 130.0	24
 131.0	25.2
 132.0	13.5
 133.0	31
 134.0	21.5
 135.0	27
 136.0	18
 137.0	27.5
 138.0	27
 139.0	25
 140.0	23
 141.0	25
 142.0	31
 143.0	18
 144.0	21
 145.0	25
 146.0	15.5
 147.0	26
 148.0	26.5
 149.0	22
 150.0	21.5
 151.0	11
 152.0	32.3333
 153.0	22.5
 154.0	26.5
 155.0	26.8333
 156.0	33.1667
 157.0	17
 158.0	19
 159.0	14.5
 160.0	25.5
 161.0	27
 162.0	21.5
 163.0	17
 164.0	26.25
 165.0	25
 166.0	30
 167.0	19
 168.0	25
 169.0	22
 170.0	26.5
 171.0	20
 172.0	23
 173.0	22
 174.0	23
 175.0	21
 176.0	21
 177.0	19
 178.0	15
 179.0	26.5
 180.0	21
 181.0	25.8333
 182.0	24
 183.0	21
 184.0	26.75
 185.0	18
 186.0	22
 187.0	25.2
 188.0	16
 189.0	28
 190.0	28
 191.0	17.5
 192.0	21
 193.0	22
 194.0	28.5
 195.0	21
 196.0	25
 197.0	18
 198.0	21.8333
 199.0	24
 200.0	20
 201.0	18
 202.0	20
 203.0	25
 204.0	26
 205.0	19
 206.0	19
 207.0	18.3333
 208.0	21
 209.0	24
 210.0	21.5
 211.0	18
 212.0	23
 213.0	10
 214.0	18
 215.0	23
 216.0	18
 217.0	15
 218.0	20
 219.0	28
 220.0	41
 221.0	22.5
 222.0	27
 223.0	15
 224.0	18.5
 225.0	22.9762
 226.0	16.75
 227.0	34.3333
 228.0	12
 229.0	21
 230.0	18
 231.0	15
 232.0	15
 233.0	16
 234.0	24
 235.0	14
 236.0	14
 237.0	24
 238.0	21
 239.0	23
 240.0	17
 241.0	20
 242.0	18
 243.0	18.2
 244.0	12
 245.0	19
 246.0	13.5
 247.0	17
 248.0	17
 249.0	24
 250.0	19
 251.0	20
 252.0	19.3333
 253.0	22
 254.0	16.75
 255.0	23
 256.0	21.5
 257.0	21.5
 258.0	22.5
 259.0	21
 260.0	17
 261.0	15
 262.0	13
 263.0	25.8333
 264.0	13
 265.0	26
 266.0	16
 267.0	20.5
 268.0	9
 269.0	19
 270.0	14
 271.0	25.1429
 272.0	17
 273.0	31
 274.0	27
 275.0	28
 276.0	24
 277.0	14
 278.0	20
 279.0	19.5
 280.0	22
 281.0	18
 282.0	16
 283.0	11
 284.0	21
 285.0	21
 286.0	15
 287.0	22
 288.0	14
 289.0	18
 290.0	26
 291.0	24
 292.0	26
 293.0	19
 294.0	22
 295.0	17
 296.0	23
 297.0	23
 298.0	26.5
 299.0	27.8333
 300.0	18
 301.0	22
 302.0	19
 303.0	33
 304.0	22
 305.0	25.5
 306.0	18
 307.0	17
 308.0	25
 309.0	14
 310.0	21
 311.0	16
 312.0	22
 313.0	16
 314.0	19
 315.0	18.5
 316.0	18
 317.0	23
 318.0	24.5
 319.0	20
 320.0	27
 321.0	19
DB 1 MOTIF	SP3_HUMAN.H11MO.0.B
-322.0	28
-321.0	29
-320.0	37
-319.0	22.5
-318.0	29
-317.0	25.5
-316.0	39
-315.0	28
-314.0	24
-313.0	27.5
-312.0	10
-311.0	19
-310.0	23
-309.0	26
-308.0	24
-307.0	21
-306.0	28
-305.0	15
-304.0	24
-303.0	30
-302.0	20
-301.0	29
-300.0	21.3333
-299.0	23
-298.0	24.5
-297.0	30.5
-296.0	23
-295.0	28
-294.0	30.5
-293.0	22
-292.0	30
-291.0	25.25
-290.0	31
-289.0	31
-288.0	23
-287.0	14.1429
-286.0	30
-285.0	14.5
-284.0	20
-283.0	24
-282.0	14.1667
-281.0	29.2
-280.0	16
-279.0	20.5
-278.0	29.5
-277.0	16.3429
-276.0	22
-275.0	26.5909
-274.0	18.1429
-273.0	33.5
-272.0	14.3333
-271.0	35
-270.0	15.6667
-269.0	25.5
-268.0	35.3333
-267.0	18
-266.0	22
-265.0	29
-264.0	24.3333
-263.0	15
-262.0	32.5
-261.0	17.8333
-260.0	21.2
-259.0	28
-258.0	30
-257.0	18
-256.0	17
-255.0	26
-254.0	21
-253.0	23
-252.0	25
-251.0	22
-250.0	12
-249.0	23
-248.0	26.1429
-247.0	26
-246.0	23
-245.0	16.5
-244.0	24
-243.0	23.7
-242.0	16
-241.0	20
-240.0	15.5
-239.0	18
-238.0	28.1429
-237.0	19.5
-236.0	20
-235.0	23.6667
-234.0	19.6429
-233.0	16
-232.0	37
-231.0	26
-230.0	24
-229.0	25
-228.0	30
-227.0	21.4242
-226.0	22
-225.0	28
-224.0	21.3929
-223.0	20.1667
-222.0	16.3333
-221.0	27.3333
-220.0	21
-219.0	25.1429
-218.0	20
-217.0	20.5
-216.0	19.3333
-215.0	15.3333
-214.0	35
-213.0	16
-212.0	16
-211.0	27
-210.0	25.3333
-209.0	15
-208.0	30
-207.0	26
-206.0	23
-205.0	27.2
-204.0	24.8333
-203.0	26
-202.0	16.5
-201.0	16
-200.0	21.5
-199.0	27.3333
-198.0	19.3333
-197.0	23
-196.0	24
-195.0	35
-194.0	26.1429
-193.0	23
-192.0	24
-191.0	26
-190.0	26.1429
-189.0	22.1429
-188.0	28.1667
-187.0	28
-186.0	24
-185.0	23.2
-184.0	27
-183.0	33
-182.0	23.8333
-181.0	17
-180.0	24
-179.0	27
-178.0	17
-177.0	32
-176.0	30.0909
-175.0	25
-174.0	27.3333
-173.0	29
-172.0	30
-171.0	29.3333
-170.0	24
-169.0	20
-168.0	35
-167.0	25.7
-166.0	27
-165.0	13
-164.0	32.25
-163.0	19
-162.0	23.5
-161.0	21
-160.0	22
-159.0	19
-158.0	24.1429
-157.0	24.25
-156.0	26.25
-155.0	25
-154.0	20.1429
-153.0	26
-152.0	30
-151.0	20.5
-150.0	23
-149.0	25
-148.0	19
-147.0	36
-146.0	22.5
-145.0	30.5
-144.0	26
-143.0	22
-142.0	28
-141.0	17.6667
-140.0	33.5
-139.0	23.3429
-138.0	26.3333
-137.0	28.5
-136.0	19.5
-135.0	20
-134.0	27
-133.0	21.3333
-132.0	16
-131.0	18.5
-130.0	15.25
-129.0	25.3667
-128.0	36.5
-127.0	17.0909
-126.0	22.6429
-125.0	26.5
-124.0	22
-123.0	26
-122.0	21
-121.0	19
-120.0	20.25
-119.0	32
-118.0	28
-117.0	27.5
-116.0	18
-115.0	23
-114.0	28.1429
-113.0	23
-112.0	36
-111.0	16
-110.0	25.5
-109.0	28
-108.0	29
-107.0	28.5
-106.0	26
-105.0	26
-104.0	19
-103.0	18
-102.0	24
-101.0	23
-100.0	26.5
 -99.0	28
 -98.0	21
 -97.0	23
 -96.0	26.0833
 -95.0	26.5
 -94.0	20.3095
 -93.0	27
 -92.0	29
 -91.0	31.1429
 -90.0	24.3333
 -89.0	34
 -88.0	22
 -87.0	25
 -86.0	13.5
 -85.0	30.75
 -84.0	24.25
 -83.0	22.1429
 -82.0	21.4167
 -81.0	18.5
 -80.0	25
 -79.0	20.0909
 -78.0	24.8333
 -77.0	28
 -76.0	21
 -75.0	25
 -74.0	27.6429
 -73.0	19
 -72.0	22
 -71.0	16.5
 -70.0	25
 -69.0	26.5
 -68.0	27
 -67.0	22.5
 -66.0	15
 -65.0	20
 -64.0	24.5
 -63.0	16.5
 -62.0	26.75
 -61.0	23
 -60.0	25
 -59.0	24
 -58.0	25
 -57.0	30
 -56.0	29.5
 -55.0	15
 -54.0	23
 -53.0	21.5
 -52.0	28.5
 -51.0	30
 -50.0	30.3333
 -49.0	30
 -48.0	17.5833
 -47.0	23.1667
 -46.0	28.5
 -45.0	25.25
 -44.0	19.5
 -43.0	14.1429
 -42.0	28
 -41.0	23.5
 -40.0	16.5
 -39.0	22.5
 -38.0	32
 -37.0	28.5
 -36.0	38.1429
 -35.0	23.1667
 -34.0	23.1429
 -33.0	28.7
 -32.0	25
 -31.0	22
 -30.0	21.0909
 -29.0	31
 -28.0	22
 -27.0	26.25
 -26.0	28.5
 -25.0	23
 -24.0	22
 -23.0	28.25
 -22.0	24.5
 -21.0	24
 -20.0	28
 -19.0	27
 -18.0	22.25
 -17.0	25
 -16.0	23
 -15.0	25
 -14.0	15
 -13.0	24.25
 -12.0	30
 -11.0	26
 -10.0	24.5
  -9.0	19.8333
  -8.0	34.5
  -7.0	33.5
  -6.0	30.5833
  -5.0	29
  -4.0	26.2
  -3.0	37
  -2.0	29
  -1.0	25.2
   0.0	32
   1.0	23
   2.0	16.5
   3.0	30
   4.0	36.3333
   5.0	28
   6.0	21
   7.0	18.1429
   8.0	15.5
   9.0	24.2
  10.0	25.5
  11.0	18.1429
  12.0	24.1667
  13.0	18
  14.0	23.3333
  15.0	30.8333
  16.0	22
  17.0	27
  18.0	26
  19.0	26.2909
  20.0	20.5
  21.0	21.5833
  22.0	21
  23.0	26
  24.0	25.5
  25.0	27
  26.0	22.5
  27.0	28.5833
  28.0	27.3333
  29.0	24.5
  30.0	23.75
  31.0	17
  32.0	31
  33.0	22
  34.0	26.2
  35.0	18.2
  36.0	26
  37.0	25
  38.0	20
  39.0	30
  40.0	27
  41.0	27
  42.0	22
  43.0	25
  44.0	18
  45.0	28.7
  46.0	23
  47.0	22
  48.0	15
  49.0	35.75
  50.0	20
  51.0	16
  52.0	18
  53.0	18
  54.0	25.3333
  55.0	37.5
  56.0	34
  57.0	26
  58.0	20.1429
  59.0	35
  60.0	18
  61.0	22
  62.0	29
  63.0	24
  64.0	33
  65.0	25.25
  66.0	29
  67.0	32
  68.0	30.3333
  69.0	26.0909
  70.0	24
  71.0	23
  72.0	20.7833
  73.0	17
  74.0	29
  75.0	19.2
  76.0	15
  77.0	28
  78.0	28
  79.0	17.5
  80.0	28
  81.0	20
  82.0	32.3333
  83.0	19.5
  84.0	25
  85.0	14
  86.0	24
  87.0	26.5
  88.0	24
  89.0	28.25
  90.0	22.5
  91.0	28
  92.0	22.3333
  93.0	26
  94.0	28
  95.0	32.5
  96.0	22
  97.0	26
  98.0	29
  99.0	34.3333
 100.0	17.3333
 101.0	23.5
 102.0	29.3333
 103.0	17
 104.0	24.25
 105.0	16.6429
 106.0	25.0333
 107.0	28
 108.0	24
 109.0	18.25
 110.0	20.7
 111.0	22
 112.0	28
 113.0	16
 114.0	29
 115.0	17
 116.0	16
 117.0	25.0909
 118.0	20.5
 119.0	19.3333
 120.0	16.5
 121.0	22.5
 122.0	18.5
 123.0	38
 124.0	19
 125.0	21.5
 126.0	23.5
 127.0	25.8333
 128.0	24.5
 129.0	24.6667
 130.0	25
 131.0	21.2
 132.0	21
 133.0	30
 134.0	27.5
 135.0	28.3333
 136.0	21
 137.0	28
 138.0	30
 139.0	23.5
 140.0	32
 141.0	19
 142.0	24.6667
 143.0	26.5
 144.0	16.5
 145.0	26
 146.0	24
 147.0	32.5
 148.0	25.2
 149.0	25.3333
 150.0	34.5
 151.0	17.25
 152.0	23.9762
 153.0	19.5
 154.0	24
 155.0	37.5
 156.0	33
 157.0	19
 158.0	26
 159.0	26
 160.0	30.3333
 161.0	28
 162.0	26.5
 163.0	24
 164.0	24
 165.0	27.0909
 166.0	28
 167.0	23
 168.0	24
 169.0	22
 170.0	25.8333
 171.0	23
 172.0	20.2
 173.0	22
 174.0	23
 175.0	30.5
 176.0	34
 177.0	19.5333
 178.0	31.25
 179.0	28.5
 180.0	23.5
 181.0	28.5
 182.0	22
 183.0	22.25
 184.0	31
 185.0	19
 186.0	26
 187.0	28.2
 188.0	27
 189.0	27
 190.0	24
 191.0	19.3333
 192.0	22.5
 193.0	18
 194.0	33
 195.0	22
 196.0	30
 197.0	26
 198.0	23.8333
 199.0	23
 200.0	22.7
 201.0	18
 202.0	23
 203.0	21
 204.0	28
 205.0	25
 206.0	22.8333
 207.0	26
 208.0	25.3333
 209.0	26
 210.0	24
 211.0	16
 212.0	21.2
 213.0	13.25
 214.0	21
 215.0	21.2909
 216.0	23
 217.0	15
 218.0	16.3333
 219.0	30
 220.0	23
 221.0	25.3333
 222.0	29
 223.0	23
 224.0	26.3333
 225.0	30.3333
 226.0	20
 227.0	33.3333
 228.0	20
 229.0	24.3333
 230.0	14.5
 231.0	16
 232.0	19
 233.0	20
 234.0	31
 235.0	14
 236.0	30
 237.0	28.5
 238.0	29
 239.0	18
 240.0	22
 241.0	31
 242.0	26.5
 243.0	21.45
 244.0	16
 245.0	24.2
 246.0	19
 247.0	19.2
 248.0	16
 249.0	25.5
 250.0	18
 251.0	20.5
 252.0	21.3333
 253.0	12
 254.0	18.2
 255.0	25
 256.0	19
 257.0	16
 258.0	31
 259.0	22.5
 260.0	18
 261.0	23.3333
 262.0	17
 263.0	22.3333
 264.0	20
 265.0	30
 266.0	23
 267.0	21
 268.0	20
 269.0	17
 270.0	22
 271.0	26
 272.0	19
 273.0	26
 274.0	24
 275.0	24.2
 276.0	15
 277.0	13.5
 278.0	23
 279.0	22
 280.0	23
 281.0	17
 282.0	18
 283.0	24
 284.0	29
 285.0	22
 286.0	22.5
 287.0	22
 288.0	19
 289.0	18
 290.0	26
 291.0	23.5
 292.0	31
 293.0	28
 294.0	21
 295.0	27
 296.0	25
 297.0	20
 298.0	14
 299.0	31.8333
 300.0	21.25
 301.0	29
 302.0	21
 303.0	28
 304.0	29
 305.0	21.3333
 306.0	25
 307.0	23.5
 308.0	20
 309.0	17
 310.0	14
 311.0	19
 312.0	23
 313.0	28
 314.0	24
 315.0	23
 316.0	19.8333
 317.0	21
 318.0	20.2
 319.0	25
 320.0	32.5
 321.0	22
 322.0	28
DB 1 MOTIF	TFAP4_HUMAN.H11MO.0.A
-327.0	24.3333
-326.0	18.8333
-325.0	22
-324.0	19.5
-323.0	16
-322.0	18.6667
-321.0	20.5
-320.0	14.5
-319.0	26
-318.0	18
-317.0	16
-316.0	24
-315.0	22
-314.0	12.5
-313.0	23.5
-312.0	24.5
-311.0	18.5
-310.0	18
-309.0	24
-308.0	23
-307.0	20
-306.0	19.5
-305.0	20
-304.0	15
-303.0	23.3333
-302.0	17
-301.0	18.5
-300.0	10.5
-299.0	24
-298.0	22
-297.0	15.7
-296.0	26.1667
-295.0	16.5
-294.0	16.1667
-293.0	23
-292.0	18.5
-291.0	12
-290.0	26.7
-289.0	18
-288.0	16.5
-287.0	14.1667
-286.0	13
-285.0	15.5
-284.0	28.3333
-283.0	19.5
-282.0	16.5
-281.0	16.5
-280.0	18.5
-279.0	23
-278.0	16
-277.0	19
-276.0	17.5
-275.0	16
-274.0	17
-273.0	23
-272.0	19
-271.0	14.5
-270.0	15.8333
-269.0	18.5
-268.0	14.5
-267.0	17.5
-266.0	20
-265.0	20.3333
-264.0	16
-263.0	21.5
-262.0	21
-261.0	21.5
-260.0	19
-259.0	24
-258.0	27
-257.0	27
-256.0	21
-255.0	12.1111
-254.0	18.5
-253.0	17.5
-252.0	23.5
-251.0	14
-250.0	21.5
-249.0	16
-248.0	22
-247.0	23.625
-246.0	15.25
-245.0	28.5
-244.0	18
-243.0	21.5
-242.0	23.3333
-241.0	23.5
-240.0	22.5
-239.0	13.5
-238.0	29
-237.0	15.5
-236.0	14.6667
-235.0	12.6667
-234.0	18.1667
-233.0	19.6667
-232.0	19
-231.0	17.8333
-230.0	17.2
-229.0	12
-228.0	10
-227.0	14
-226.0	18
-225.0	24.5
-224.0	21
-223.0	26
-222.0	16
-221.0	23
-220.0	24.5
-219.0	11
-218.0	23
-217.0	22
-216.0	18.8333
-215.0	21.5
-214.0	11
-213.0	21.5
-212.0	22.125
-211.0	21
-210.0	19
-209.0	22
-208.0	20.6429
-207.0	9.5
-206.0	17.1667
-205.0	19.5
-204.0	17
-203.0	22.25
-202.0	16
-201.0	17
-200.0	20
-199.0	16
-198.0	18.5
-197.0	26.5
-196.0	19.25
-195.0	21.5
-194.0	19.2
-193.0	21.5
-192.0	13.9444
-191.0	15.8333
-190.0	17.5
-189.0	21.3333
-188.0	22.5
-187.0	18
-186.0	20.5
-185.0	18
-184.0	21
-183.0	23
-182.0	20.5
-181.0	20
-180.0	13.25
-179.0	20.5
-178.0	19
-177.0	13.125
-176.0	20.5
-175.0	18
-174.0	15
-173.0	10.3333
-172.0	21
-171.0	12.5
-170.0	16.1667
-169.0	24
-168.0	14
-167.0	24.5
-166.0	20.5
-165.0	18
-164.0	24
-163.0	18.9
-162.0	15
-161.0	23
-160.0	26.25
-159.0	25.25
-158.0	23
-157.0	26.5
-156.0	19
-155.0	21
-154.0	25.5
-153.0	19
-152.0	25.5
-151.0	23.5
-150.0	19
-149.0	21
-148.0	17
-147.0	14
-146.0	19
-145.0	20.1429
-144.0	22
-143.0	17.5
-142.0	13.125
-141.0	22
-140.0	18
-139.0	26.3333
-138.0	19
-137.0	26.8333
-136.0	32
-135.0	21.5
-134.0	22
-133.0	17
-132.0	16.5
-131.0	18
-130.0	23
-129.0	16.3611
-128.0	27.5
-127.0	23.5
-126.0	14.5
-125.0	16.7
-124.0	17
-123.0	17
-122.0	20
-121.0	15
-120.0	20.125
-119.0	16
-118.0	18
-117.0	18.75
-116.0	28.5
-115.0	21.5
-114.0	18
-113.0	18
-112.0	21
-111.0	27
-110.0	23
-109.0	19
-108.0	18
-107.0	13.2917
-106.0	17.6667
-105.0	25
-104.0	18.5
-103.0	25
-102.0	12
-101.0	16.5
-100.0	23
 -99.0	17
 -98.0	18.5
 -97.0	13.5
 -96.0	15.7
 -95.0	23.8333
 -94.0	24.5
 -93.0	22.6667
 -92.0	20
 -91.0	20.7
 -90.0	26.5
 -89.0	24
 -88.0	23.5
 -87.0	18.7
 -86.0	19.5
 -85.0	24
 -84.0	14.5
 -83.0	20
 -82.0	21.1429
 -81.0	14
 -80.0	24
 -79.0	15
 -78.0	22
 -77.0	25
 -76.0	19.3333
 -75.0	25.1667
 -74.0	23
 -73.0	20
 -72.0	26.125
 -71.0	25
 -70.0	19
 -69.0	17.125
 -68.0	33
 -67.0	18
 -66.0	14.5278
 -65.0	16
 -64.0	18
 -63.0	21
 -62.0	20.25
 -61.0	26
 -60.0	21.5
 -59.0	22
 -58.0	22.5
 -57.0	23.5
 -56.0	24.5
 -55.0	28.3333
 -54.0	19.2
 -53.0	15.5
 -52.0	21
 -51.0	19.5
 -50.0	30
 -49.0	23.7
 -48.0	19.5
 -47.0	28.5
 -46.0	20.8333
 -45.0	18.5
 -44.0	16.6667
 -43.0	22
 -42.0	21.5
 -41.0	24
 -40.0	25
 -39.0	24
 -38.0	27
 -37.0	15.625
 -36.0	23.5
 -35.0	22.5
 -34.0	21
 -33.0	24.1667
 -32.0	21
 -31.0	26
 -30.0	25.1667
 -29.0	17.2
 -28.0	17
 -27.0	19.5
 -26.0	20
 -25.0	19.5
 -24.0	25.7
 -23.0	20.5
 -22.0	28
 -21.0	26.4167
 -20.0	19
 -19.0	20.1429
 -18.0	21.125
 -17.0	28
 -16.0	24.5
 -15.0	25.5
 -14.0	18.5
 -13.0	20
 -12.0	22.8333
 -11.0	15.5
 -10.0	16
  -9.0	22
  -8.0	28.5
  -7.0	19
  -6.0	11.5
  -5.0	27.5
  -4.0	27.7
  -3.0	22.6111
  -2.0	25.625
  -1.0	15.5
   0.0	21
   1.0	28
   2.0	20
   3.0	28.5
   4.0	25
   5.0	23.25
   6.0	19.1667
   7.0	25.5
   8.0	26.5
   9.0	30.5
  10.0	29.5
  11.0	25
  12.0	25
  13.0	20.2
  14.0	22
  15.0	19
  16.0	21.5
  17.0	34
  18.0	25
  19.0	25.1667
  20.0	15.5
  21.0	23.5
  22.0	17
  23.0	9.5
  24.0	23
  25.0	28
  26.0	23
  27.0	17.0333
  28.0	23.5
  29.0	23
  30.0	19.2
  31.0	27
  32.0	35.5
  33.0	15.125
  34.0	20.5
  35.0	27.5
  36.0	15
  37.0	23
  38.0	19.5
  39.0	25.3333
  40.0	28.5
  41.0	20
  42.0	33
  43.0	27.2
  44.0	34.8095
  45.0	20.5
  46.0	19.5
  47.0	20.7
  48.0	30.75
  49.0	23.5
  50.0	20
  51.0	16
  52.0	16
  53.0	24
  54.0	27
  55.0	15
  56.0	29.5
  57.0	23.5
  58.0	24.25
  59.0	16.8333
  60.0	23.1111
  61.0	33
  62.0	18
  63.0	17.5
  64.0	24.5
  65.0	26.5
  66.0	16.5
  67.0	13
  68.0	16.5
  69.0	21
  70.0	18
  71.0	23
  72.0	19.5
  73.0	28
  74.0	23.5
  75.0	17
  76.0	17.5
  77.0	26
  78.0	21
  79.0	19.5
  80.0	18.8333
  81.0	21
  82.0	16.5
  83.0	23.5
  84.0	15.125
  85.0	23.5
  86.0	26.5
  87.0	15
  88.0	18.5
  89.0	15
  90.0	20
  91.0	21.25
  92.0	20.5
  93.0	19
  94.0	18.5
  95.0	20
  96.0	13.5
  97.0	23.5
  98.0	20.5
  99.0	17.75
 100.0	15
 101.0	11.5
 102.0	24.2
 103.0	13
 104.0	19.3333
 105.0	25.5
 106.0	19.5
 107.0	16.1429
 108.0	21.5
 109.0	22.5
 110.0	15.7
 111.0	20.75
 112.0	24.5
 113.0	21.5
 114.0	15.5
 115.0	18.3333
 116.0	22.5
 117.0	22.5
 118.0	21.6667
 119.0	20.5
 120.0	22.5
 121.0	24
 122.0	16.75
 123.0	19.1111
 124.0	17
 125.0	18
 126.0	25
 127.0	25
 128.0	20.5
 129.0	21.8333
 130.0	20.5
 131.0	24.75
 132.0	26
 133.0	24
 134.0	24
 135.0	17.625
 136.0	17
 137.0	22
 138.0	24
 139.0	23.3333
 140.0	24
 141.0	26
 142.0	13
 143.0	16
 144.0	13
 145.0	23
 146.0	15.5
 147.0	24
 148.0	12.6667
 149.0	27.5
 150.0	18
 151.0	22
 152.0	22.5
 153.0	20
 154.0	20.5
 155.0	21.5
 156.0	22.3333
 157.0	15
 158.0	18
 159.0	16
 160.0	18
 161.0	22
 162.0	20.3333
 163.0	26.5
 164.0	16
 165.0	19.5
 166.0	17.5
 167.0	16.5
 168.0	18
 169.0	19.5
 170.0	21.6429
 171.0	17.5
 172.0	13
 173.0	17.5
 174.0	20.3333
 175.0	13
 176.0	23.5
 177.0	14.7
 178.0	17.5
 179.0	32.5
 180.0	20
 181.0	15.5
 182.0	29
 183.0	32.5
 184.0	18.5
 185.0	20.8333
 186.0	26.2361
 187.0	13
 188.0	22.5
 189.0	15.5
 190.0	17.5
 191.0	18.8333
 192.0	14.1667
 193.0	23.5
 194.0	20
 195.0	10.75
 196.0	13.3333
 197.0	19
 198.0	27.3333
 199.0	15
 200.0	23.5
 201.0	17
 202.0	17
 203.0	22
 204.0	22
 205.0	23
 206.0	22.5
 207.0	20
 208.0	17
 209.0	21
 210.0	25.5
 211.0	16.75
 212.0	20.75
 213.0	14
 214.0	19
 215.0	16
 216.0	16
 217.0	8
 218.0	24.5
 219.0	14.5
 220.0	27.5
 221.0	22.5
 222.0	19.5
 223.0	28.5
 224.0	25.5
 225.0	26
 226.0	14
 227.0	17
 228.0	15.5
 229.0	20.75
 230.0	26
 231.0	16.75
 232.0	25
 233.0	18.5
 234.0	25
 235.0	16.5
 236.0	14.8333
 237.0	20.125
 238.0	15.5
 239.0	26.8333
 240.0	20.5
 241.0	24
 242.0	18.2
 243.0	27.5
 244.0	19.3333
 245.0	27
 246.0	15.25
 247.0	28
 248.0	20.5
 249.0	17.1111
 250.0	14.5
 251.0	12.25
 252.0	12
 253.0	14
 254.0	18.5
 255.0	23.3333
 256.0	17
 257.0	20
 258.0	13
 259.0	21
 260.0	19.5
 261.0	19
 262.0	23
 263.0	15.5
 264.0	22
 265.0	23
 266.0	12.5
 267.0	19
 268.0	20.5
 269.0	15.5
 270.0	18.5
 271.0	19.5
 272.0	19
 273.0	23
 274.0	25.75
 275.0	19
 276.0	13
 277.0	19
 278.0	12
 279.0	27
 280.0	7
 281.0	18
 282.0	22.3333
 283.0	19.5
 284.0	22.5
 285.0	22.5
 286.0	23
 287.0	16
 288.0	22
 289.0	20.5
 290.0	24
 291.0	15.5
 292.0	19
 293.0	12
 294.0	16
 295.0	16
 296.0	24
 297.0	27
 298.0	26
 299.0	17
 300.0	12.5
 301.0	18
 302.0	31.5
 303.0	23
 304.0	20.5
 305.0	19.5
 306.0	20
 307.0	17
 308.0	26
 309.0	20
 310.0	16
 311.0	24
 312.0	18
 313.0	26.5
 314.0	15
 315.0	17.5
 316.0	21
 317.0	19
 318.0	23.45
 319.0	15.5
 320.0	21
 321.0	25.5
 322.0	20
 323.0	17.5
 324.0	25.5
 325.0	14
 326.0	26
 327.0	30.5
DB 1 MOTIF	TFE2_HUMAN.H11MO.0.A
-326.5	22
-325.5	19.5
-324.5	21.95
-323.5	18.5
-322.5	23.6111
-321.5	21
-320.5	18.25
-319.5	27.5435
-318.5	23.5
-317.5	25.5714
-316.5	25.5
-315.5	18.5
-314.5	21.5
-313.5	20
-312.5	20
-311.5	18.3333
-310.5	27
-309.5	26
-308.5	22
-307.5	17
-306.5	26
-305.5	20
-304.5	18.3333
-303.5	23.0769
-302.5	19.2
-301.5	20.0769
-300.5	14.2
-299.5	21
-298.5	26.2
-297.5	16.5
-296.5	22.0435
-295.5	36.1667
-294.5	30.0833
-293.5	13
-292.5	19.5
-291.5	22.5
-290.5	27
-289.5	26.2
-288.5	15.8333
-287.5	23.25
-286.5	7.57143
-285.5	20.0833
-284.5	23.5
-283.5	11.6667
-282.5	23
-281.5	22
-280.5	23.5435
-279.5	25.0769
-278.5	19.5
-277.5	31
-276.5	21.5
-275.5	19.5
-274.5	26.3333
-273.5	16.6667
-272.5	13.5
-271.5	18.1111
-270.5	20.5
-269.5	18.1
-268.5	31
-267.5	15.5
-266.5	12.8333
-265.5	16
-264.5	25.25
-263.5	21.5
-262.5	20.5
-261.5	18
-260.5	27.5
-259.5	27.1484
-258.5	26.5
-257.5	22.0435
-256.5	29.5
-255.5	18.0769
-254.5	23.5
-253.5	22.5
-252.5	13.5
-251.5	28
-250.5	20.25
-249.5	22.5
-248.5	25
-247.5	25.0714
-246.5	17.625
-245.5	21.5
-244.5	22
-243.5	28.3333
-242.5	19
-241.5	28
-240.5	25
-239.5	23.1667
-238.5	15
-237.5	16.5
-236.5	24.5
-235.5	24
-234.5	18.25
-233.5	26.5
-232.5	21
-231.5	30.7
-230.5	25.5714
-229.5	13
-228.5	22
-227.5	15.0435
-226.5	29
-225.5	23.1
-224.5	20.5
-223.5	20.8333
-222.5	25.5
-221.5	32.7
-220.5	15
-219.5	24
-218.5	18.3333
-217.5	18.0769
-216.5	17.5
-215.5	25.75
-214.5	28.6111
-213.5	27.1111
-212.5	17.5
-211.5	28.625
-210.5	28.1667
-209.5	20.5
-208.5	21
-207.5	26
-206.5	21.6429
-205.5	21.75
-204.5	21.0435
-203.5	17.25
-202.5	23.5
-201.5	23
-200.5	16.5
-199.5	28
-198.5	35.5
-197.5	22.5
-196.5	26.5
-195.5	19
-194.5	19.5
-193.5	24.4
-192.5	21
-191.5	25.6111
-190.5	22.3333
-189.5	31
-188.5	23
-187.5	23.5
-186.5	35.75
-185.5	24.7
-184.5	28
-183.5	34.0769
-182.5	24
-181.5	18.1435
-180.5	24.5
-179.5	18
-178.5	23
-177.5	27
-176.5	28.2917
-175.5	23.0769
-174.5	20.0714
-173.5	21.8333
-172.5	18
-171.5	23.0714
-170.5	19.5
-169.5	18.1111
-168.5	28
-167.5	25
-166.5	15
-165.5	34.5
-164.5	19.15
-163.5	20
-162.5	23
-161.5	30.7
-160.5	22.25
-159.5	32
-158.5	20
-157.5	24
-156.5	27
-155.5	21
-154.5	27.25
-153.5	23
-152.5	27
-151.5	26.6111
-150.5	25
-149.5	27
-148.5	22.0435
-147.5	18
-146.5	23
-145.5	14.4381
-144.5	27
-143.5	23.1429
-142.5	18
-141.5	27.625
-140.5	23
-139.5	24.8333
-138.5	28.5
-137.5	29.1111
-136.5	22
-135.5	23.5435
-134.5	29.5
-133.5	19.0769
-132.5	27
-131.5	27
-130.5	27
-129.5	23.5
-128.5	26
-127.5	29.5
-126.5	26.2769
-125.5	23.5
-124.5	23.5
-123.5	24
-122.5	27.8333
-121.5	25
-120.5	29.0714
-119.5	21.2361
-118.5	18
-117.5	21.75
-116.5	22
-115.5	24.7714
-114.5	20.188
-113.5	21.2
-112.5	21
-111.5	33
-110.5	23.1111
-109.5	21.0435
-108.5	25
-107.5	18
-106.5	17.7917
-105.5	21.5
-104.5	27.7
-103.5	30
-102.5	25
-101.5	18
-100.5	22.6667
 -99.5	21.1111
 -98.5	23
 -97.5	20.7
 -96.5	31.0435
 -95.5	26
 -94.5	29.2
 -93.5	20.0714
 -92.5	14.2
 -91.5	16.0769
 -90.5	25.5
 -89.5	17
 -88.5	13.2
 -87.5	32
 -86.5	19
 -85.5	21.2
 -84.5	21
 -83.5	20.5
 -82.5	19
 -81.5	24
 -80.5	24.7143
 -79.5	20.8333
 -78.5	19
 -77.5	19
 -76.5	24
 -75.5	33
 -74.5	28
 -73.5	22.0435
 -72.5	27.1667
 -71.5	24.125
 -70.5	15.1
 -69.5	29.1111
 -68.5	18.3464
 -67.5	29.5
 -66.5	34.2
 -65.5	22.25
 -64.5	25.1825
 -63.5	19
 -62.5	15.5
 -61.5	31.5
 -60.5	21.5
 -59.5	30
 -58.5	24
 -57.5	32.5
 -56.5	16.5
 -55.5	19.2
 -54.5	27.7
 -53.5	23.2
 -52.5	27.5
 -51.5	28.5
 -50.5	26.2
 -49.5	35.5769
 -48.5	26
 -47.5	19.8768
 -46.5	21.5
 -45.5	24.5
 -44.5	17.1667
 -43.5	24.8333
 -42.5	25.5
 -41.5	20.0714
 -40.5	30
 -39.5	19
 -38.5	21
 -37.5	28.5
 -36.5	26.125
 -35.5	28
 -34.5	21.5769
 -33.5	35.5
 -32.5	20
 -31.5	27.6435
 -30.5	19.8667
 -29.5	22.5
 -28.5	22
 -27.5	18
 -26.5	19.1111
 -25.5	20.4
 -24.5	24
 -23.5	31.1111
 -22.5	29
 -21.5	30
 -20.5	26
 -19.5	24
 -18.5	28.8111
 -17.5	31.7679
 -16.5	20
 -15.5	26.5
 -14.5	42
 -13.5	25
 -12.5	17
 -11.5	27
 -10.5	26
  -9.5	25
  -8.5	30.0714
  -7.5	30.0769
  -6.5	31
  -5.5	23.0435
  -4.5	28
  -3.5	20.8333
  -2.5	33
  -1.5	30.2917
  -0.5	27.5
   0.5	25.5
   1.5	27.0769
   2.5	36
   3.5	33
   4.5	34.2
   5.5	30.1667
   6.5	28.5
   7.5	34.6
   8.5	20
   9.5	32.5
  10.5	28
  11.5	22.6667
  12.5	18.6111
  13.5	37
  14.5	30.7222
  15.5	33.5
  16.5	23.8333
  17.5	37
  18.5	26.5
  19.5	30.5
  20.5	30.6149
  21.5	19
  22.5	26
  23.5	27
  24.5	26
  25.5	29.7
  26.5	30.5
  27.5	22.5714
  28.5	33.7
  29.5	22.1
  30.5	24.5
  31.5	27.5
  32.5	28.6111
  33.5	23.625
  34.5	26.5769
  35.5	25
  36.5	22.5
  37.5	20.5
  38.5	25
  39.5	34.5
  40.5	27
  41.5	20.7
  42.5	28.5
  43.5	33.6667
  44.5	26
  45.5	26.7143
  46.5	25.6435
  47.5	24
  48.5	28
  49.5	22.7
  50.5	17.5
  51.5	24
  52.5	18
  53.5	29
  54.5	11
  55.5	32
  56.5	25.5
  57.5	20.5714
  58.5	19.6111
  59.5	19.5435
  60.5	32.5
  61.5	28.5
  62.5	25.6944
  63.5	16
  64.5	26
  65.5	23
  66.5	28
  67.5	20.1667
  68.5	29.1667
  69.5	32
  70.5	28
  71.5	28.5
  72.5	33.0714
  73.5	17.1
  74.5	14
  75.5	30.5
  76.5	24.0769
  77.5	19.5
  78.5	24.5
  79.5	27
  80.5	27
  81.5	15
  82.5	31
  83.5	21.4444
  84.5	25.125
  85.5	18.1435
  86.5	26
  87.5	17
  88.5	29.5
  89.5	19.6111
  90.5	16
  91.5	16
  92.5	23.5
  93.5	28.5
  94.5	31
  95.5	21
  96.5	18
  97.5	17
  98.5	22
  99.5	21
 100.5	26
 101.5	25.0714
 102.5	24.8111
 103.5	20.2
 104.5	20.3333
 105.5	16
 106.5	20
 107.5	18.5
 108.5	16.5429
 109.5	21.5
 110.5	21
 111.5	22.1667
 112.5	27
 113.5	28
 114.5	22.8333
 115.5	27
 116.5	20
 117.5	22.2667
 118.5	24.0769
 119.5	27.3333
 120.5	17
 121.5	27.0435
 122.5	22
 123.5	23
 124.5	26.1
 125.5	23
 126.5	15.5
 127.5	19
 128.5	24.0714
 129.5	24.25
 130.5	19
 131.5	25.5
 132.5	24
 133.5	21.0769
 134.5	21.5
 135.5	28.125
 136.5	21
 137.5	28.5
 138.5	21
 139.5	27.1111
 140.5	23.1667
 141.5	18
 142.5	23
 143.5	21.188
 144.5	20.5
 145.5	21.5
 146.5	17.5
 147.5	29
 148.5	16
 149.5	24.5
 150.5	30.5
 151.5	27.5
 152.5	19
 153.5	22.5
 154.5	26.0435
 155.5	24.0769
 156.5	26
 157.5	17.5714
 158.5	23.5714
 159.5	20.6111
 160.5	19.0769
 161.5	28.6
 162.5	22
 163.5	27.6
 164.5	23
 165.5	17
 166.5	19.5
 167.5	20
 168.5	14.5
 169.5	21.5
 170.5	19
 171.5	22.6429
 172.5	16.5
 173.5	18
 174.5	21.3333
 175.5	26.2
 176.5	29
 177.5	13.5
 178.5	24
 179.5	20
 180.5	27
 181.5	22.5
 182.5	9.5
 183.5	25.5
 184.5	25
 185.5	17.2222
 186.5	22.625
 187.5	24
 188.5	13.5
 189.5	18.25
 190.5	12.5
 191.5	14.6667
 192.5	15
 193.5	16
 194.5	27.8333
 195.5	17
 196.5	14
 197.5	30.0159
 198.5	22.6667
 199.5	23
 200.5	20.25
 201.5	21
 202.5	17.2769
 203.5	17.0435
 204.5	24
 205.5	18.1
 206.5	25
 207.5	26
 208.5	14.5
 209.5	17.5
 210.5	27.5
 211.5	21.5
 212.5	19
 213.5	24
 214.5	13.5
 215.5	18.3333
 216.5	28.0435
 217.5	21
 218.5	24.5
 219.5	29.5
 220.5	25
 221.5	28
 222.5	14.5
 223.5	22.5
 224.5	27.5
 225.5	20.5
 226.5	26
 227.5	27.1667
 228.5	22.0714
 229.5	29.5
 230.5	22
 231.5	16.5
 232.5	19
 233.5	25
 234.5	22.5
 235.5	19
 236.5	20
 237.5	25.125
 238.5	16.3333
 239.5	24.5
 240.5	17
 241.5	18.6
 242.5	25.7
 243.5	23.1111
 244.5	21
 245.5	27
 246.5	20
 247.5	20.5
 248.5	19.5
 249.5	23.1
 250.5	21
 251.5	15.5
 252.5	21
 253.5	19
 254.5	13.5
 255.5	31.3333
 256.5	16
 257.5	14
 258.5	23.5
 259.5	23
 260.5	19.5
 261.5	16
 262.5	25.5
 263.5	23
 264.5	22.5
 265.5	14.5714
 266.5	19
 267.5	19
 268.5	17.5
 269.5	16
 270.5	22.25
 271.5	25
 272.5	26.1111
 273.5	26
 274.5	19.5
 275.5	17
 276.5	22
 277.5	23.5
 278.5	25
 279.5	15
 280.5	19.1
 281.5	29.5
 282.5	13
 283.5	25.3333
 284.5	21.5
 285.5	17.6667
 286.5	16
 287.5	20
 288.5	27
 289.5	26.5
 290.5	22
 291.5	17
 292.5	21
 293.5	22.2111
 294.5	18
 295.5	25.5714
 296.5	24
 297.5	19
 298.5	23
 299.5	17
 300.5	23.5
 301.5	23.5
 302.5	13
 303.5	30
 304.5	21
 305.5	14.5
 306.5	27.5
 307.5	22.5
 308.5	22
 309.5	25
 310.5	14
 311.5	21
 312.5	22
 313.5	17.5
 314.5	18.1667
 315.5	16
 316.5	19.5
 317.5	18
 318.5	20.5
 319.5	28.6
 320.5	20
 321.5	16
 322.5	19
 323.5	18.5769
 324.5	17
 325.5	26
 326.5	20.5
DB 1 MOTIF	THAP1_HUMAN.H11MO.0.C
-321.0	27
-320.0	8
-319.0	22.125
-318.0	22
-317.0	10
-316.0	15
-315.0	16
-314.0	16
-313.0	19
-312.0	16
-311.0	14
-310.0	17
-309.0	17
-308.0	17
-307.0	27
-306.0	26
-305.0	23
-304.0	16.5
-303.0	21
-302.0	22.5
-301.0	20
-300.0	24
-299.0	15
-298.0	18
-297.0	18
-296.0	23
-295.0	13
-294.0	14
-293.0	21
-292.0	20
-291.0	18
-290.0	18.1667
-289.0	21
-288.0	20
-287.0	15
-286.0	21
-285.0	20
-284.0	25
-283.0	15
-282.0	25
-281.0	23
-280.0	26.125
-279.0	20
-278.0	15
-277.0	19.1429
-276.0	22
-275.0	31
-274.0	21
-273.0	27
-272.0	21
-271.0	20
-270.0	24
-269.0	19
-268.0	20
-267.0	17
-266.0	26
-265.0	17
-264.0	16
-263.0	25
-262.0	20
-261.0	20
-260.0	15
-259.0	21
-258.0	10
-257.0	23.5
-256.0	22
-255.0	19
-254.0	26.45
-253.0	23
-252.0	18
-251.0	28
-250.0	19.125
-249.0	25
-248.0	19
-247.0	16
-246.0	11
-245.0	22
-244.0	23
-243.0	24.1667
-242.0	26.125
-241.0	22.125
-240.0	23
-239.0	27.125
-238.0	21.5
-237.0	22.5
-236.0	29.125
-235.0	20
-234.0	20
-233.0	25.125
-232.0	16.125
-231.0	27
-230.0	25.125
-229.0	13
-228.0	21
-227.0	26.3929
-226.0	30
-225.0	24
-224.0	16.125
-223.0	20
-222.0	24
-221.0	16.125
-220.0	26
-219.0	22
-218.0	30
-217.0	22
-216.0	18
-215.0	23
-214.0	28
-213.0	18
-212.0	23
-211.0	19
-210.0	24
-209.0	19
-208.0	26
-207.0	13
-206.0	19
-205.0	21
-204.0	20
-203.0	27
-202.0	20.125
-201.0	25.5
-200.0	25
-199.0	26
-198.0	18
-197.0	23.5
-196.0	16.1667
-195.0	23
-194.0	26
-193.0	22
-192.0	24
-191.0	19.6111
-190.0	18
-189.0	15
-188.0	31
-187.0	19
-186.0	18
-185.0	15
-184.0	16
-183.0	27.125
-182.0	22
-181.0	22
-180.0	23
-179.0	14.5
-178.0	15
-177.0	22.1429
-176.0	28
-175.0	30
-174.0	27
-173.0	20
-172.0	23
-171.0	19
-170.0	25
-169.0	14
-168.0	23
-167.0	23
-166.0	26.125
-165.0	24
-164.0	19
-163.0	22.125
-162.0	22
-161.0	28
-160.0	31.5
-159.0	27
-158.0	20.5
-157.0	17.5
-156.0	22
-155.0	31.2
-154.0	12
-153.0	20
-152.0	15
-151.0	27.5
-150.0	17
-149.0	25.1667
-148.0	19
-147.0	28.25
-146.0	21
-145.0	10
-144.0	20
-143.0	23
-142.0	28
-141.0	23
-140.0	23
-139.0	19
-138.0	23.125
-137.0	22
-136.0	28.125
-135.0	29
-134.0	23
-133.0	19
-132.0	27.2
-131.0	22.2
-130.0	40
-129.0	20
-128.0	25
-127.0	18.1429
-126.0	27
-125.0	21
-124.0	30.125
-123.0	21
-122.0	18
-121.0	26
-120.0	29
-119.0	24
-118.0	16
-117.0	26
-116.0	19
-115.0	17.25
-114.0	25
-113.0	23
-112.0	21
-111.0	31
-110.0	21
-109.0	18
-108.0	16.1111
-107.0	18
-106.0	20
-105.0	18
-104.0	23
-103.0	29
-102.0	24.1667
-101.0	21
-100.0	13
 -99.0	21
 -98.0	27
 -97.0	26
 -96.0	26
 -95.0	29
 -94.0	33
 -93.0	21
 -92.0	26.3333
 -91.0	25.325
 -90.0	20
 -89.0	22
 -88.0	21
 -87.0	21.2
 -86.0	29
 -85.0	26.125
 -84.0	20
 -83.0	15.25
 -82.0	23
 -81.0	18
 -80.0	20.125
 -79.0	33
 -78.0	30
 -77.0	17.1429
 -76.0	25
 -75.0	28
 -74.0	16
 -73.0	23
 -72.0	28.5
 -71.0	28
 -70.0	20
 -69.0	31
 -68.0	20
 -67.0	17.1111
 -66.0	27
 -65.0	36
 -64.0	21
 -63.0	24
 -62.0	22
 -61.0	27
 -60.0	34
 -59.0	32
 -58.0	19
 -57.0	21
 -56.0	26.2
 -55.0	29.6667
 -54.0	31.1111
 -53.0	28
 -52.0	25.125
 -51.0	22
 -50.0	27.7
 -49.0	22
 -48.0	17
 -47.0	25
 -46.0	31.125
 -45.0	29
 -44.0	29.125
 -43.0	31.2
 -42.0	39
 -41.0	20
 -40.0	22.125
 -39.0	24
 -38.0	26
 -37.0	22
 -36.0	35
 -35.0	51
 -34.0	17
 -33.0	24
 -32.0	24.3333
 -31.0	20
 -30.0	28
 -29.0	18.25
 -28.0	14
 -27.0	32.1429
 -26.0	24.1111
 -25.0	23.5
 -24.0	31
 -23.0	26
 -22.0	37
 -21.0	32
 -20.0	30
 -19.0	35
 -18.0	28
 -17.0	32
 -16.0	28
 -15.0	37
 -14.0	20
 -13.0	25
 -12.0	28
 -11.0	31
 -10.0	25
  -9.0	32
  -8.0	27
  -7.0	38
  -6.0	31
  -5.0	21
  -4.0	24
  -3.0	24
  -2.0	28.5
  -1.0	29
   0.0	27.5
   1.0	23.2
   2.0	24
   3.0	22.125
   4.0	30
   5.0	29
   6.0	30
   7.0	28.3333
   8.0	22.5
   9.0	31
  10.0	24
  11.0	25.5
  12.0	33
  13.0	29
  14.0	29
  15.0	19
  16.0	32
  17.0	26
  18.0	27
  19.0	28.5
  20.0	25
  21.0	29
  22.0	23
  23.0	29.1429
  24.0	22
  25.0	34
  26.0	34
  27.0	20
  28.0	21.3333
  29.0	30
  30.0	30
  31.0	22
  32.0	26.2
  33.0	28
  34.0	25.125
  35.0	26
  36.0	27
  37.0	23.1111
  38.0	29
  39.0	22
  40.0	27
  41.0	24
  42.0	32
  43.0	31.2
  44.0	25
  45.0	27.2
  46.0	27
  47.0	25
  48.0	31
  49.0	25
  50.0	21.125
  51.0	28
  52.0	22
  53.0	20
  54.0	21.125
  55.0	19
  56.0	20
  57.0	31
  58.0	25.6111
  59.0	23
  60.0	22
  61.0	16
  62.0	24.5
  63.0	24
  64.0	25
  65.0	27
  66.0	27
  67.0	23
  68.0	30.1111
  69.0	26
  70.0	24
  71.0	28
  72.0	27
  73.0	27.95
  74.0	28
  75.0	29
  76.0	23.5
  77.0	14
  78.0	15
  79.0	22
  80.0	27
  81.0	28
  82.0	16
  83.0	34
  84.0	24
  85.0	19
  86.0	23
  87.0	25
  88.0	18
  89.0	31
  90.0	28
  91.0	19.125
  92.0	22
  93.0	13.5
  94.0	24.5
  95.0	12.3333
  96.0	19
  97.0	20.375
  98.0	18
  99.0	21.2222
 100.0	19
 101.0	15.125
 102.0	21
 103.0	24
 104.0	22.5
 105.0	23
 106.0	18
 107.0	18.5
 108.0	19
 109.0	27
 110.0	18
 111.0	19
 112.0	22
 113.0	21
 114.0	18
 115.0	18
 116.0	15
 117.0	18.5
 118.0	22
 119.0	20
 120.0	22
 121.0	22.25
 122.0	27
 123.0	17
 124.0	29
 125.0	31
 126.0	28
 127.0	18
 128.0	20
 129.0	25
 130.0	17.1111
 131.0	24
 132.0	21
 133.0	18
 134.0	24
 135.0	20
 136.0	15
 137.0	21
 138.0	17
 139.0	12
 140.0	19
 141.0	17
 142.0	22.5
 143.0	22
 144.0	18.125
 145.0	27.25
 146.0	14
 147.0	22
 148.0	26.125
 149.0	17
 150.0	18.5
 151.0	20
 152.0	21
 153.0	22
 154.0	23
 155.0	16
 156.0	16
 157.0	16
 158.0	17
 159.0	16
 160.0	22
 161.0	18.1111
 162.0	19.5
 163.0	19
 164.0	24.3333
 165.0	24
 166.0	17
 167.0	11
 168.0	25
 169.0	15
 170.0	13
 171.0	16
 172.0	25
 173.0	17.5
 174.0	19.5
 175.0	24.125
 176.0	27.5
 177.0	28.5
 178.0	22.5
 179.0	26
 180.0	28.6111
 181.0	13
 182.0	19
 183.0	22
 184.0	21
 185.0	32
 186.0	18
 187.0	13
 188.0	14
 189.0	29
 190.0	19
 191.0	15
 192.0	16.1111
 193.0	17
 194.0	26
 195.0	14.3333
 196.0	29
 197.0	21
 198.0	18
 199.0	14
 200.0	28
 201.0	16
 202.0	24
 203.0	23.125
 204.0	14
 205.0	17
 206.0	17
 207.0	20
 208.0	19
 209.0	21
 210.0	27
 211.0	19
 212.0	15
 213.0	19
 214.0	16
 215.0	18
 216.0	19.3333
 217.0	23
 218.0	24
 219.0	18
 220.0	17
 221.0	18.5
 222.0	22
 223.0	26.1111
 224.0	28
 225.0	13
 226.0	16
 227.0	12
 228.0	13
 229.0	20
 230.0	21
 231.0	24.3333
 232.0	17
 233.0	17
 234.0	22
 235.0	15
 236.0	19
 237.0	27
 238.0	20
 239.0	12
 240.0	25.5
 241.0	15.5333
 242.0	22.625
 243.0	15
 244.0	16
 245.0	23
 246.0	16
 247.0	15
 248.0	19
 249.0	19
 250.0	15
 251.0	20
 252.0	18
 253.0	17
 254.0	15.1111
 255.0	14
 256.0	16
 257.0	21
 258.0	12
 259.0	15.5
 260.0	14
 261.0	21.1111
 262.0	17
 263.0	26
 264.0	11
 265.0	12
 266.0	34
 267.0	18.5
 268.0	21.3333
 269.0	17
 270.0	15
 271.0	22.25
 272.0	18
 273.0	16
 274.0	24
 275.0	23
 276.0	13
 277.0	17.5
 278.0	12
 279.0	18
 280.0	19
 281.0	14
 282.0	17.5
 283.0	14
 284.0	12.5
 285.0	19
 286.0	19
 287.0	23.3333
 288.0	20
 289.0	22
 290.0	18
 291.0	22
 292.0	11
 293.0	16.5
 294.0	18
 295.0	17
 296.0	11
 297.0	22
 298.0	20
 299.0	11
 300.0	15
 301.0	20
 302.0	18.1111
 303.0	19
 304.0	16
 305.0	18
 306.0	21.5
 307.0	25
 308.0	26
 309.0	17
 310.0	29
 311.0	15
 312.0	15
 313.0	21
 314.0	16
 315.0	15
 316.0	24
 317.0	19.5
 318.0	17
 319.0	15
 320.0	18
 321.0	16
DB 1 MOTIF	USF2_HUMAN.H11MO.0.A
-322.5	7
-321.5	10
-320.5	7
-319.5	18
-318.5	11.1429
-317.5	10
-316.5	10
-315.5	10
-314.5	16
-313.5	8
-312.5	12.625
-311.5	9.5
-310.5	14.5
-309.5	9
-308.5	7
-307.5	10
-306.5	12
-305.5	8
-304.5	13
-303.5	15.5
-302.5	11
-301.5	7
-300.5	5
-299.5	11
-298.5	10
-297.5	9
-296.5	6
-295.5	8
-294.5	11
-293.5	7
-292.5	8
-291.5	7
-290.5	6
-289.5	8
-288.5	4
-287.5	12
-286.5	9
-285.5	8
-284.5	9
-283.5	12
-282.5	15
-281.5	4
-280.5	9
-279.5	8
-278.5	15
-277.5	11
-276.5	10
-275.5	12
-274.5	8.33333
-273.5	7
-272.5	9.5
-271.5	12.5
-270.5	10
-269.5	8
-268.5	9
-267.5	11
-266.5	11
-265.5	9.14286
-264.5	9
-263.5	12
-262.5	15
-261.5	8
-260.5	13
-259.5	12
-258.5	12
-257.5	5
-256.5	8
-255.5	8
-254.5	9.14286
-253.5	10.5
-252.5	9
-251.5	8.5
-250.5	4
-249.5	11
-248.5	9
-247.5	9
-246.5	9
-245.5	8.09091
-244.5	11.3333
-243.5	9
-242.5	16
-241.5	9
-240.5	7
-239.5	6
-238.5	14
-237.5	10
-236.5	14
-235.5	7
-234.5	9
-233.5	12
-232.5	8
-231.5	11.1429
-230.5	9
-229.5	15
-228.5	10
-227.5	13
-226.5	6
-225.5	11
-224.5	7
-223.5	10
-222.5	16
-221.5	15
-220.5	11
-219.5	9
-218.5	14.5
-217.5	9.125
-216.5	13
-215.5	13
-214.5	13.1429
-213.5	14
-212.5	10.1429
-211.5	12
-210.5	7
-209.5	9
-208.5	11
-207.5	13.0909
-206.5	10.5909
-205.5	7
-204.5	5
-203.5	9
-202.5	12
-201.5	6
-200.5	11
-199.5	10
-198.5	8
-197.5	4
-196.5	8
-195.5	20
-194.5	7
-193.5	4
-192.5	9
-191.5	8
-190.5	14
-189.5	11
-188.5	10
-187.5	7
-186.5	10
-185.5	7.14286
-184.5	14.5
-183.5	11.25
-182.5	9.5
-181.5	9
-180.5	10
-179.5	8.2
-178.5	6
-177.5	13
-176.5	14
-175.5	14
-174.5	4.14286
-173.5	6
-172.5	7.33333
-171.5	7
-170.5	11
-169.5	5
-168.5	11
-167.5	11.0909
-166.5	8.09091
-165.5	8
-164.5	5.33333
-163.5	11
-162.5	18
-161.5	8
-160.5	15
-159.5	15.6429
-158.5	8
-157.5	9
-156.5	7
-155.5	13
-154.5	10
-153.5	14
-152.5	11
-151.5	10
-150.5	5
-149.5	5
-148.5	6
-147.5	16
-146.5	7
-145.5	13.5
-144.5	13
-143.5	10
-142.5	12
-141.5	7
-140.5	6
-139.5	16.6429
-138.5	10
-137.5	6
-136.5	16
-135.5	14
-134.5	11.1429
-133.5	10
-132.5	11
-131.5	7
-130.5	15
-129.5	11
-128.5	9.29091
-127.5	11
-126.5	7
-125.5	14
-124.5	8.42424
-123.5	8
-122.5	6
-121.5	5.33333
-120.5	10
-119.5	12
-118.5	12
-117.5	5
-116.5	9.125
-115.5	8
-114.5	12
-113.5	7
-112.5	9
-111.5	19
-110.5	11
-109.5	8
-108.5	6
-107.5	10
-106.5	11.1429
-105.5	6
-104.5	6
-103.5	16
-102.5	14
-101.5	11
-100.5	8
 -99.5	11
 -98.5	10
 -97.5	6
 -96.5	10
 -95.5	12
 -94.5	14.1429
 -93.5	10.1429
 -92.5	8
 -91.5	14
 -90.5	18
 -89.5	14
 -88.5	10
 -87.5	15
 -86.5	11
 -85.5	10.125
 -84.5	9
 -83.5	14.0909
 -82.5	7
 -81.5	8
 -80.5	5
 -79.5	15
 -78.5	13.2
 -77.5	18
 -76.5	3.33333
 -75.5	15
 -74.5	4
 -73.5	7.5
 -72.5	10.3333
 -71.5	14
 -70.5	7
 -69.5	16
 -68.5	10
 -67.5	7
 -66.5	7
 -65.5	6
 -64.5	7
 -63.5	8
 -62.5	11
 -61.5	14.5
 -60.5	9
 -59.5	7
 -58.5	11
 -57.5	12.5
 -56.5	12
 -55.5	15
 -54.5	14.2679
 -53.5	15.1429
 -52.5	8.5
 -51.5	12
 -50.5	14.0909
 -49.5	10
 -48.5	16
 -47.5	7
 -46.5	13
 -45.5	14
 -44.5	8
 -43.5	11
 -42.5	9.09091
 -41.5	7
 -40.5	11
 -39.5	4
 -38.5	13
 -37.5	9
 -36.5	5
 -35.5	10
 -34.5	8
 -33.5	11
 -32.5	12
 -31.5	10
 -30.5	8
 -29.5	10
 -28.5	10
 -27.5	12
 -26.5	13
 -25.5	20
 -24.5	6
 -23.5	9
 -22.5	17
 -21.5	13
 -20.5	12
 -19.5	14
 -18.5	10
 -17.5	14
 -16.5	12
 -15.5	9.5
 -14.5	10.1429
 -13.5	6
 -12.5	14
 -11.5	12.0909
 -10.5	13
  -9.5	9
  -8.5	13.3333
  -7.5	14.5
  -6.5	18
  -5.5	15
  -4.5	5
  -3.5	17
  -2.5	13.25
  -1.5	12
  -0.5	9.23377
   0.5	10.5
   1.5	10
   2.5	22
   3.5	11
   4.5	19
   5.5	10
   6.5	15
   7.5	8
   8.5	9
   9.5	7
  10.5	10.5
  11.5	10
  12.5	13
  13.5	11.25
  14.5	12
  15.5	15
  16.5	11
  17.5	13
  18.5	13
  19.5	12
  20.5	12
  21.5	7.2
  22.5	2
  23.5	17
  24.5	13
  25.5	14
  26.5	15
  27.5	5
  28.5	12
  29.5	11
  30.5	9
  31.5	9
  32.5	14
  33.5	10
  34.5	17
  35.5	6.33333
  36.5	6
  37.5	9
  38.5	8.25
  39.5	9
  40.5	10
  41.5	14.5
  42.5	11.125
  43.5	12
  44.5	17
  45.5	7
  46.5	10
  47.5	13
  48.5	14
  49.5	11
  50.5	3
  51.5	6
  52.5	7
  53.5	7
  54.5	5
  55.5	8
  56.5	8
  57.5	11
  58.5	12
  59.5	9
  60.5	7
  61.5	7
  62.5	14
  63.5	7.25
  64.5	8
  65.5	7
  66.5	11.0909
  67.5	12
  68.5	14.5
  69.5	5
  70.5	5
  71.5	13
  72.5	10
  73.5	13.125
  74.5	23
  75.5	13.1667
  76.5	14
  77.5	7
  78.5	10
  79.5	7
  80.5	3
  81.5	12.3333
  82.5	15.0909
  83.5	10.3333
  84.5	15
  85.5	6
  86.5	12
  87.5	16
  88.5	12
  89.5	15
  90.5	15.1429
  91.5	10
  92.5	8
  93.5	11
  94.5	13
  95.5	10
  96.5	11
  97.5	8
  98.5	14
  99.5	11
 100.5	15
 101.5	6
 102.5	7
 103.5	15
 104.5	11
 105.5	7
 106.5	15
 107.5	4
 108.5	11
 109.5	6
 110.5	15
 111.5	12.25
 112.5	12
 113.5	12.25
 114.5	17
 115.5	13
 116.5	13
 117.5	10
 118.5	9.16667
 119.5	10
 120.5	11
 121.5	14.5
 122.5	9
 123.5	7.34091
 124.5	13
 125.5	10
 126.5	10
 127.5	12
 128.5	8
 129.5	7
 130.5	8
 131.5	14.3333
 132.5	9
 133.5	9
 134.5	13
 135.5	10
 136.5	10
 137.5	11
 138.5	3
 139.5	7
 140.5	9
 141.5	4
 142.5	18.5
 143.5	9
 144.5	9.09091
 145.5	12
 146.5	12
 147.5	5.33333
 148.5	9
 149.5	5
 150.5	8.25
 151.5	11
 152.5	9.5
 153.5	13
 154.5	7
 155.5	5
 156.5	6
 157.5	6
 158.5	7
 159.5	10.5
 160.5	9
 161.5	13
 162.5	12.1667
 163.5	7.09091
 164.5	12
 165.5	12
 166.5	8
 167.5	9
 168.5	15
 169.5	6
 170.5	10
 171.5	10.2
 172.5	9
 173.5	9
 174.5	6
 175.5	9
 176.5	18
 177.5	7
 178.5	8.5
 179.5	9.25
 180.5	8
 181.5	9
 182.5	10
 183.5	8.09091
 184.5	4
 185.5	11
 186.5	13
 187.5	13
 188.5	12
 189.5	3.25
 190.5	5
 191.5	9
 192.5	13
 193.5	9.5
 194.5	16.5
 195.5	8
 196.5	6
 197.5	10
 198.5	5
 199.5	11
 200.5	15
 201.5	12
 202.5	15
 203.5	11
 204.5	15.0909
 205.5	9
 206.5	9.16667
 207.5	8
 208.5	10.5
 209.5	6
 210.5	11
 211.5	6
 212.5	4
 213.5	5
 214.5	11.5
 215.5	10
 216.5	9
 217.5	7
 218.5	10
 219.5	11
 220.5	11
 221.5	11
 222.5	9.09091
 223.5	21
 224.5	14
 225.5	8.5
 226.5	14
 227.5	8
 228.5	14.1429
 229.5	11
 230.5	12
 231.5	10
 232.5	7
 233.5	9
 234.5	5
 235.5	10.25
 236.5	12.5
 237.5	9
 238.5	10
 239.5	12
 240.5	13
 241.5	7.5
 242.5	10.125
 243.5	7
 244.5	4.09091
 245.5	10.5
 246.5	14
 247.5	8
 248.5	6
 249.5	10
 250.5	4.16667
 251.5	7.5
 252.5	12
 253.5	12
 254.5	6
 255.5	12
 256.5	9
 257.5	6
 258.5	11
 259.5	6
 260.5	11
 261.5	6.09091
 262.5	13
 263.5	11
 264.5	5
 265.5	9
 266.5	8
 267.5	9
 268.5	8
 269.5	7
 270.5	7
 271.5	15
 272.5	9.33333
 273.5	14
 274.5	16.1429
 275.5	7
 276.5	10
 277.5	11
 278.5	15
 279.5	6
 280.5	4.5
 281.5	12
 282.5	10
 283.5	5
 284.5	10
 285.5	8.5
 286.5	13
 287.5	6
 288.5	11
 289.5	9
 290.5	11
 291.5	12
 292.5	9
 293.5	8.16667
 294.5	14
 295.5	10
 296.5	9
 297.5	10
 298.5	6.5
 299.5	6
 300.5	10
 301.5	7
 302.5	10
 303.5	8
 304.5	7
 305.5	3
 306.5	12
 307.5	14
 308.5	11
 309.5	9
 310.5	7
 311.5	12
 312.5	9
 313.5	13
 314.5	10
 315.5	13
 316.5	9
 317.5	10
 318.5	20
 319.5	18
 320.5	9
 321.5	8
 322.5	14
DB 1 MOTIF	ZBT14_HUMAN.H11MO.0.C
-327.5	13
-326.5	6.125
-325.5	13
-324.5	14
-323.5	14.2
-322.5	16.3333
-321.5	13
-320.5	11
-319.5	8.66667
-318.5	7
-317.5	8
-316.5	9
-315.5	9
-314.5	10.5
-313.5	5
-312.5	18.5
-311.5	11
-310.5	11
-309.5	6.5
-308.5	15.6667
-307.5	10.1111
-306.5	15
-305.5	12.5
-304.5	14
-303.5	15.5
-302.5	14
-301.5	10
-300.5	17
-299.5	11
-298.5	11.1111
-297.5	6.16667
-296.5	15
-295.5	7.21591
-294.5	10.5
-293.5	16
-292.5	7
-291.5	10.5
-290.5	7
-289.5	12
-288.5	12
-287.5	6
-286.5	7.16667
-285.5	12
-284.5	9
-283.5	9
-282.5	13
-281.5	15
-280.5	11
-279.5	14
-278.5	12.5
-277.5	17
-276.5	9
-275.5	11.1667
-274.5	11
-273.5	10
-272.5	11
-271.5	9
-270.5	7
-269.5	12.1667
-268.5	10
-267.5	10.5
-266.5	13.5
-265.5	12
-264.5	6.16667
-263.5	9
-262.5	14.5
-261.5	13.75
-260.5	15
-259.5	7
-258.5	12
-257.5	12
-256.5	16
-255.5	7.5
-254.5	6
-253.5	5.5
-252.5	11.5
-251.5	14
-250.5	15
-249.5	16
-248.5	11
-247.5	9.11111
-246.5	20
-245.5	5
-244.5	12.5
-243.5	7.33333
-242.5	11
-241.5	9.5
-240.5	14.5
-239.5	8.5
-238.5	5.83333
-237.5	12.625
-236.5	7
-235.5	7.41667
-234.5	9.08333
-233.5	15
-232.5	12
-231.5	14.5
-230.5	10.5
-229.5	10
-228.5	4.25
-227.5	16
-226.5	7.5
-225.5	11
-224.5	17.5
-223.5	20.5
-222.5	8.5
-221.5	12.5
-220.5	12.5
-219.5	14.5909
-218.5	12
-217.5	10.2
-216.5	15.5
-215.5	12
-214.5	6.5
-213.5	13
-212.5	8.11111
-211.5	7
-210.5	10.5
-209.5	8
-208.5	7
-207.5	9.33333
-206.5	13
-205.5	13.5
-204.5	10
-203.5	13
-202.5	13.7
-201.5	9.58333
-200.5	8.33333
-199.5	14
-198.5	14
-197.5	9
-196.5	11.5
-195.5	22.25
-194.5	10
-193.5	11
-192.5	15
-191.5	15.125
-190.5	14
-189.5	10.5
-188.5	9.33333
-187.5	16
-186.5	13.5
-185.5	6.5
-184.5	6
-183.5	11.5
-182.5	8
-181.5	10.5
-180.5	16.5
-179.5	6
-178.5	14
-177.5	14
-176.5	10
-175.5	14.125
-174.5	11
-173.5	11.5
-172.5	12
-171.5	7.33333
-170.5	12.5
-169.5	6.5
-168.5	5.08333
-167.5	16.5833
-166.5	12
-165.5	11.2
-164.5	14.5
-163.5	17.5
-162.5	12.1111
-161.5	6
-160.5	14.5
-159.5	13
-158.5	12
-157.5	9.68182
-156.5	10.5
-155.5	5
-154.5	19.1111
-153.5	13
-152.5	14
-151.5	10
-150.5	11.8333
-149.5	15
-148.5	9
-147.5	10.3333
-146.5	12.5
-145.5	11
-144.5	13.125
-143.5	15
-142.5	9.61111
-141.5	12.0909
-140.5	11
-139.5	13
-138.5	10
-137.5	15.0833
-136.5	9
-135.5	10
-134.5	11.5
-133.5	16.5833
-132.5	14
-131.5	12
-130.5	10.5
-129.5	9
-128.5	16.5
-127.5	15
-126.5	13
-125.5	9.59091
-124.5	11
-123.5	8.5
-122.5	9
-121.5	12
-120.5	9
-119.5	16
-118.5	14
-117.5	13
-116.5	12
-115.5	9
-114.5	11
-113.5	15
-112.5	13
-111.5	11.4222
-110.5	13.3333
-109.5	10
-108.5	10
-107.5	14
-106.5	17.0833
-105.5	17
-104.5	17.2
-103.5	16
-102.5	13
-101.5	10.1111
-100.5	9.5
 -99.5	13.0833
 -98.5	10
 -97.5	12.5
 -96.5	14
 -95.5	16.5
 -94.5	14.0909
 -93.5	11.5
 -92.5	15
 -91.5	12
 -90.5	10
 -89.5	16
 -88.5	10
 -87.5	15
 -86.5	14.625
 -85.5	8
 -84.5	15
 -83.5	9.5
 -82.5	11.2
 -81.5	17
 -80.5	4.61111
 -79.5	14.0909
 -78.5	19.5
 -77.5	14
 -76.5	9
 -75.5	12.5
 -74.5	7
 -73.5	13
 -72.5	17
 -71.5	17.5
 -70.5	13
 -69.5	10.8333
 -68.5	7
 -67.5	10.5
 -66.5	13.5
 -65.5	14.0833
 -64.5	6
 -63.5	14
 -62.5	9.83333
 -61.5	18
 -60.5	19.1111
 -59.5	17.125
 -58.5	14.5
 -57.5	13
 -56.5	18
 -55.5	17
 -54.5	12
 -53.5	12.5
 -52.5	9.5
 -51.5	9
 -50.5	13
 -49.5	21.1111
 -48.5	18.1111
 -47.5	13
 -46.5	12.5
 -45.5	19
 -44.5	8.5
 -43.5	9.2
 -42.5	9.5
 -41.5	14
 -40.5	10
 -39.5	21.0909
 -38.5	16
 -37.5	17
 -36.5	14.5909
 -35.5	24
 -34.5	8
 -33.5	21.0833
 -32.5	20.5
 -31.5	8
 -30.5	14
 -29.5	21.3333
 -28.5	15
 -27.5	18
 -26.5	12
 -25.5	12.2
 -24.5	11
 -23.5	15
 -22.5	12.5
 -21.5	14.5
 -20.5	15
 -19.5	18.5
 -18.5	12.5
 -17.5	13
 -16.5	11.5
 -15.5	15
 -14.5	21.5
 -13.5	14
 -12.5	7
 -11.5	17.5833
 -10.5	13
  -9.5	16.1111
  -8.5	24
  -7.5	19.5
  -6.5	15.5
  -5.5	20.7909
  -4.5	13.5
  -3.5	13
  -2.5	19
  -1.5	9.08333
  -0.5	14.5
   0.5	21.5
   1.5	15.5
   2.5	22
   3.5	10.3333
   4.5	12.1111
   5.5	14.5
   6.5	17
   7.5	17.3333
   8.5	18
   9.5	23.0909
  10.5	22
  11.5	19.5
  12.5	18.5
  13.5	22.1667
  14.5	18
  15.5	13.5
  16.5	19.5
  17.5	14
  18.5	16.5
  19.5	15.7
  20.5	12
  21.5	17.5
  22.5	11.1667
  23.5	12
  24.5	20.5
  25.5	17.0909
  26.5	22
  27.5	14.5
  28.5	22.0909
  29.5	19
  30.5	11.0833
  31.5	17.2
  32.5	11.1667
  33.5	8
  34.5	21.5
  35.5	16
  36.5	18
  37.5	14
  38.5	12
  39.5	15
  40.5	7
  41.5	10.1111
  42.5	10.5
  43.5	14.5
  44.5	8
  45.5	9.5
  46.5	9
  47.5	14.6111
  48.5	21.5
  49.5	6
  50.5	19.5
  51.5	12
  52.5	10
  53.5	6
  54.5	14
  55.5	12
  56.5	11.2576
  57.5	13.1111
  58.5	14.6742
  59.5	12
  60.5	18
  61.5	11
  62.5	19.5909
  63.5	11
  64.5	12.0833
  65.5	12
  66.5	13
  67.5	16
  68.5	14
  69.5	10
  70.5	12.1667
  71.5	8
  72.5	8.5
  73.5	12.5
  74.5	19.5909
  75.5	13
  76.5	12
  77.5	13
  78.5	17.1111
  79.5	11.5
  80.5	17
  81.5	14.5
  82.5	14
  83.5	8.5
  84.5	14.5
  85.5	10
  86.5	10
  87.5	14
  88.5	11.2
  89.5	14.0833
  90.5	6.09091
  91.5	18
  92.5	14.1111
  93.5	13.5
  94.5	15
  95.5	11.1667
  96.5	10.0909
  97.5	16
  98.5	13.0833
  99.5	4
 100.5	12
 101.5	14.25
 102.5	10
 103.5	13
 104.5	19.75
 105.5	9.25
 106.5	8
 107.5	13
 108.5	10
 109.5	10
 110.5	8.11111
 111.5	14
 112.5	11
 113.5	7.5
 114.5	7.09091
 115.5	10.5
 116.5	9
 117.5	10
 118.5	10.5
 119.5	11.5
 120.5	9.08333
 121.5	6.09091
 122.5	16.5
 123.5	12
 124.5	7
 125.5	7
 126.5	9
 127.5	9.16667
 128.5	7
 129.5	7
 130.5	12.3409
 131.5	13
 132.5	6
 133.5	8
 134.5	12.5
 135.5	9
 136.5	9
 137.5	9.5
 138.5	12
 139.5	8
 140.5	13
 141.5	11.0909
 142.5	5.5
 143.5	17.1111
 144.5	9
 145.5	12.7
 146.5	6
 147.5	17
 148.5	8
 149.5	16
 150.5	14
 151.5	6.08333
 152.5	6
 153.5	11.2
 154.5	17
 155.5	10
 156.5	13
 157.5	7
 158.5	9
 159.5	10
 160.5	17.5
 161.5	5
 162.5	13
 163.5	6.11111
 164.5	14.0909
 165.5	14
 166.5	8
 167.5	8
 168.5	5
 169.5	7
 170.5	10
 171.5	6
 172.5	17
 173.5	10.5
 174.5	9.25
 175.5	10
 176.5	10
 177.5	11.5
 178.5	10
 179.5	9.09091
 180.5	15
 181.5	20.8333
 182.5	9
 183.5	11
 184.5	9.16667
 185.5	14
 186.5	17.3333
 187.5	11
 188.5	8.58333
 189.5	13.25
 190.5	9.83333
 191.5	12.5
 192.5	13
 193.5	9.5
 194.5	11
 195.5	11
 196.5	9.09091
 197.5	11.5
 198.5	10
 199.5	14
 200.5	14
 201.5	9.75
 202.5	7
 203.5	10
 204.5	9
 205.5	8.5
 206.5	9.33333
 207.5	15.5
 208.5	5.5
 209.5	6
 210.5	12
 211.5	12.8333
 212.5	14
 213.5	5
 214.5	9
 215.5	14
 216.5	8.11111
 217.5	6
 218.5	8.5
 219.5	5
 220.5	8.5
 221.5	7
 222.5	15
 223.5	15.3333
 224.5	8.83333
 225.5	12.0909
 226.5	11.5
 227.5	9.16667
 228.5	7.59091
 229.5	4.5
 230.5	13
 231.5	11.5
 232.5	12
 233.5	7
 234.5	12
 235.5	10.5
 236.5	9.16667
 237.5	13.5
 238.5	9
 239.5	13.5
 240.5	6
 241.5	11.2576
 242.5	10.5
 243.5	7.5
 244.5	6.5
 245.5	9
 246.5	10.5
 247.5	14.1111
 248.5	11.0833
 249.5	11
 250.5	10
 251.5	12
 252.5	11.5
 253.5	7
 254.5	13
 255.5	15
 256.5	11
 257.5	9
 258.5	9
 259.5	9.83333
 260.5	15.0909
 261.5	10
 262.5	11
 263.5	8
 264.5	7
 265.5	8.5
 266.5	11
 267.5	10
 268.5	11
 269.5	4.11111
 270.5	11.5
 271.5	9
 272.5	6.09091
 273.5	11
 274.5	7.5
 275.5	10
 276.5	7
 277.5	15.5
 278.5	11
 279.5	11.0833
 280.5	18
 281.5	14
 282.5	7.5
 283.5	14
 284.5	6
 285.5	11
 286.5	11
 287.5	11
 288.5	11
 289.5	8
 290.5	14
 291.5	8
 292.5	11
 293.5	10
 294.5	4.09091
 295.5	10
 296.5	8.5
 297.5	11
 298.5	10.1667
 299.5	11.5
 300.5	14
 301.5	11
 302.5	9.5
 303.5	2
 304.5	4
 305.5	9
 306.5	7.33333
 307.5	2
 308.5	6
 309.5	10
 310.5	12
 311.5	9.58333
 312.5	3
 313.5	4
 314.5	15
 315.5	10.5
 316.5	12
 317.5	17
 318.5	5.5
 319.5	6
 320.5	7.5
 321.5	11
 322.5	11
 323.5	10
 324.5	4
 325.5	15
 326.5	9
 327.5	9
DB 1 MOTIF	ZBT7A_HUMAN.H11MO.0.A
-327.5	21
-326.5	16.1
-325.5	19.8333
-324.5	14.5
-323.5	22
-322.5	17.5
-321.5	22.8333
-320.5	24.75
-319.5	23.5
-318.5	23.5
-317.5	20.0714
-316.5	17
-315.5	21.8333
-314.5	17
-313.5	25.5
-312.5	27
-311.5	23
-310.5	18.7
-309.5	26.8333
-308.5	32
-307.5	18
-306.5	26
-305.5	29.1429
-304.5	13
-303.5	31.75
-302.5	28.2679
-301.5	19
-300.5	26
-299.5	20.8958
-298.5	15.5
-297.5	21.3333
-296.5	18
-295.5	25
-294.5	16.8333
-293.5	23.1
-292.5	24.5
-291.5	21.1667
-290.5	26.6
-289.5	15.5
-288.5	17.8333
-287.5	24
-286.5	14
-285.5	25.5
-284.5	13.5
-283.5	21.1
-282.5	22.75
-281.5	17
-280.5	16.2
-279.5	21
-278.5	17.5
-277.5	24
-276.5	19
-275.5	23
-274.5	29
-273.5	19.5
-272.5	21.0625
-271.5	23
-270.5	24
-269.5	26
-268.5	13
-267.5	33
-266.5	17.5
-265.5	26.5
-264.5	34.3333
-263.5	22.2
-262.5	21
-261.5	21.5
-260.5	20.6667
-259.5	15.2
-258.5	24
-257.5	17.5
-256.5	21.25
-255.5	23.5
-254.5	22.5
-253.5	27.6429
-252.5	21
-251.5	23.5595
-250.5	19.6048
-249.5	16.5
-248.5	21
-247.5	24.5
-246.5	25.5
-245.5	17
-244.5	23.25
-243.5	26.6534
-242.5	22.1111
-241.5	26.5
-240.5	26.5
-239.5	17
-238.5	18.5
-237.5	21
-236.5	28.5
-235.5	20
-234.5	34.4583
-233.5	32
-232.5	19.1
-231.5	20.3333
-230.5	22.7
-229.5	27.5
-228.5	18
-227.5	23.225
-226.5	21
-225.5	18
-224.5	17.8333
-223.5	23
-222.5	27
-221.5	19
-220.5	16.2667
-219.5	24.5
-218.5	17
-217.5	24.5714
-216.5	24.5
-215.5	27
-214.5	25.0625
-213.5	20
-212.5	17.3333
-211.5	21
-210.5	24.2
-209.5	16.75
-208.5	18
-207.5	31.5
-206.5	19.25
-205.5	21.6429
-204.5	25.5909
-203.5	20.5
-202.5	20
-201.5	16
-200.5	25
-199.5	25.5
-198.5	16.3333
-197.5	19.1667
-196.5	19
-195.5	19
-194.5	24.4333
-193.5	23
-192.5	18.5
-191.5	28
-190.5	24.2
-189.5	18
-188.5	22.8333
-187.5	28.0625
-186.5	24.5
-185.5	20.5
-184.5	18.2
-183.5	21.0714
-182.5	28
-181.5	27.1667
-180.5	18.5667
-179.5	12
-178.5	23.5
-177.5	21
-176.5	25.5
-175.5	16.3333
-174.5	21
-173.5	38.6667
-172.5	18.25
-171.5	20.7679
-170.5	23
-169.5	22.6667
-168.5	21.5
-167.5	20.7
-166.5	19.1667
-165.5	37.4242
-164.5	22
-163.5	22
-162.5	26.25
-161.5	20.1
-160.5	28.5
-159.5	24.5
-158.5	23.5625
-157.5	28
-156.5	24.6429
-155.5	20.5
-154.5	29
-153.5	24
-152.5	26.625
-151.5	21.5
-150.5	23.0833
-149.5	27.0714
-148.5	14.2
-147.5	23.8333
-146.5	19.5
-145.5	26
-144.5	18.5
-143.5	29.1429
-142.5	22.4444
-141.5	27.5
-140.5	19.0667
-139.5	10
-138.5	23.3333
-137.5	21
-136.5	21
-135.5	21.8333
-134.5	21.2
-133.5	24.3333
-132.5	28.5
-131.5	25.5
-130.5	29.85
-129.5	17
-128.5	29.5762
-127.5	27
-126.5	26.2623
-125.5	27
-124.5	21
-123.5	31.8333
-122.5	22.25
-121.5	11
-120.5	18.5
-119.5	19
-118.5	16.5
-117.5	14.5
-116.5	29.0833
-115.5	18.5
-114.5	22.2
-113.5	17
-112.5	25
-111.5	27.75
-110.5	23.5833
-109.5	27
-108.5	23.625
-107.5	28.5
-106.5	27.7054
-105.5	23.5
-104.5	34
-103.5	21.75
-102.5	24
-101.5	23
-100.5	25.0667
 -99.5	15.3333
 -98.5	33
 -97.5	22.5
 -96.5	27.5
 -95.5	22.6
 -94.5	25.6111
 -93.5	22
 -92.5	24.0714
 -91.5	25
 -90.5	27
 -89.5	21.1429
 -88.5	21
 -87.5	23
 -86.5	28.6
 -85.5	26.6429
 -84.5	30
 -83.5	22.3333
 -82.5	21.5
 -81.5	29
 -80.5	15.5
 -79.5	28.85
 -78.5	20
 -77.5	15.1875
 -76.5	14.25
 -75.5	18.8333
 -74.5	34.5
 -73.5	20
 -72.5	26.6667
 -71.5	22.5
 -70.5	20
 -69.5	24.5
 -68.5	24
 -67.5	24
 -66.5	14
 -65.5	25
 -64.5	30
 -63.5	23.5
 -62.5	22.5
 -61.5	20.0667
 -60.5	27.5667
 -59.5	22.5
 -58.5	24.7143
 -57.5	23.2
 -56.5	30.5
 -55.5	22.6
 -54.5	22
 -53.5	25.5
 -52.5	25.5
 -51.5	23.3611
 -50.5	34.3333
 -49.5	21.8333
 -48.5	25.1534
 -47.5	25
 -46.5	27.6
 -45.5	20.2361
 -44.5	19
 -43.5	23.5
 -42.5	18.1429
 -41.5	23.5
 -40.5	23
 -39.5	25.3333
 -38.5	25.5
 -37.5	19.8333
 -36.5	17
 -35.5	27.4762
 -34.5	24.7
 -33.5	23
 -32.5	32.3333
 -31.5	30
 -30.5	22.5
 -29.5	19.5
 -28.5	31.1
 -27.5	24
 -26.5	30.5
 -25.5	24.5
 -24.5	23.5
 -23.5	28.5
 -22.5	29.7
 -21.5	24.1292
 -20.5	29.9
 -19.5	24.25
 -18.5	21
 -17.5	20.5
 -16.5	26.0833
 -15.5	24.3
 -14.5	17.5
 -13.5	23
 -12.5	29
 -11.5	24
 -10.5	31.8095
  -9.5	19.0909
  -8.5	22.5
  -7.5	26
  -6.5	24.3333
  -5.5	19.5
  -4.5	19.1
  -3.5	22.5
  -2.5	24.125
  -1.5	29.8611
  -0.5	31.5
   0.5	23.8333
   1.5	28.5
   2.5	27.6778
   3.5	34
   4.5	23.5333
   5.5	33.5
   6.5	25.7
   7.5	35.0625
   8.5	32.75
   9.5	21.4048
  10.5	26
  11.5	31.5
  12.5	24.5
  13.5	21.5
  14.5	19
  15.5	24
  16.5	21.5
  17.5	29.875
  18.5	26
  19.5	29.5667
  20.5	23.5
  21.5	21
  22.5	21.1
  23.5	28
  24.5	23
  25.5	24
  26.5	20.3167
  27.5	22
  28.5	19.5
  29.5	19.5
  30.5	30.5
  31.5	20
  32.5	27
  33.5	32
  34.5	29
  35.5	23.1
  36.5	20.5
  37.5	23.5
  38.5	27.5
  39.5	17.5
  40.5	23
  41.5	26.5
  42.5	24.3111
  43.5	21.2143
  44.5	32.5
  45.5	32.5
  46.5	26.5
  47.5	23
  48.5	15
  49.5	18
  50.5	21.0667
  51.5	23.1944
  52.5	29.5
  53.5	22.5
  54.5	21
  55.5	19.5
  56.5	23.5
  57.5	30
  58.5	15
  59.5	23.8292
  60.5	22.3333
  61.5	27.5
  62.5	33.5
  63.5	24.5
  64.5	23
  65.5	28.5
  66.5	26.75
  67.5	33.5
  68.5	21.0909
  69.5	25.5333
  70.5	29.4
  71.5	33
  72.5	24.6012
  73.5	18.6
  74.5	29.9167
  75.5	24.9333
  76.5	23.3333
  77.5	25.5
  78.5	27.5
  79.5	29
  80.5	27.4583
  81.5	21
  82.5	24
  83.5	24.7
  84.5	25.3333
  85.5	22
  86.5	28
  87.5	24.1111
  88.5	31.3958
  89.5	24
  90.5	25
  91.5	19
  92.5	34.5
  93.5	23.5
  94.5	14.0667
  95.5	19.3333
  96.5	22
  97.5	24
  98.5	30
  99.5	24.9
 100.5	26.5
 101.5	27.4444
 102.5	36.5
 103.5	23.5
 104.5	24.6667
 105.5	27
 106.5	26.5
 107.5	24
 108.5	22.0833
 109.5	37
 110.5	20.5
 111.5	28
 112.5	17.3333
 113.5	13.5
 114.5	24.0667
 115.5	24.0625
 116.5	27
 117.5	21.5
 118.5	15.7
 119.5	24.5
 120.5	25
 121.5	22.8333
 122.5	16
 123.5	15.8333
 124.5	24.1
 125.5	21.5
 126.5	14.6429
 127.5	27.5
 128.5	24
 129.5	25.5
 130.5	28.1429
 131.5	16.5
 132.5	25.1111
 133.5	20.5
 134.5	19.5667
 135.5	20
 136.5	18
 137.5	14.6667
 138.5	26.0833
 139.5	19.1917
 140.5	18.5
 141.5	13
 142.5	12.5833
 143.5	21.2917
 144.5	30.5625
 145.5	26.0714
 146.5	17.2909
 147.5	32.625
 148.5	32
 149.5	20.1111
 150.5	21
 151.5	18
 152.5	20
 153.5	24.25
 154.5	25
 155.5	23.6
 156.5	19
 157.5	25.9
 158.5	19.5667
 159.5	15.9583
 160.5	20.5
 161.5	21.5833
 162.5	22.8333
 163.5	16.5
 164.5	17
 165.5	27
 166.5	19.5
 167.5	23
 168.5	13
 169.5	27.5
 170.5	28.7
 171.5	21.8333
 172.5	20.3333
 173.5	25.0625
 174.5	19
 175.5	32.1
 176.5	16.1111
 177.5	18
 178.5	28.0667
 179.5	28.6917
 180.5	16.4381
 181.5	17
 182.5	32.3667
 183.5	14
 184.5	28
 185.5	25.0909
 186.5	24.5
 187.5	24
 188.5	21
 189.5	9
 190.5	26
 191.5	20
 192.5	27.5
 193.5	19.7
 194.5	23
 195.5	22.1
 196.5	22
 197.5	26.6111
 198.5	21
 199.5	23.125
 200.5	18
 201.5	18
 202.5	13.5
 203.5	14
 204.5	18.5
 205.5	25
 206.5	23.625
 207.5	25
 208.5	20
 209.5	21.5
 210.5	30.6167
 211.5	18
 212.5	23
 213.5	29.75
 214.5	24
 215.5	21.5
 216.5	27.5
 217.5	28.6429
 218.5	23.5667
 219.5	15.6917
 220.5	21.1111
 221.5	20.6667
 222.5	24.125
 223.5	26
 224.5	22.5909
 225.5	28.5
 226.5	24.1
 227.5	16.5
 228.5	20
 229.5	18.2
 230.5	16
 231.5	23
 232.5	17.8333
 233.5	21.5
 234.5	16.8333
 235.5	19
 236.5	13
 237.5	26
 238.5	21
 239.5	19.125
 240.5	23
 241.5	21.8333
 242.5	27.0667
 243.5	19
 244.5	20.0833
 245.5	16
 246.5	24.5
 247.5	23
 248.5	23.25
 249.5	18
 250.5	13.2
 251.5	20.5
 252.5	18.25
 253.5	20
 254.5	19
 255.5	19
 256.5	27
 257.5	23.5
 258.5	24
 259.5	24.1917
 260.5	32.6667
 261.5	13
 262.5	28.5
 263.5	21.0909
 264.5	22.1111
 265.5	20.2
 266.5	14.5667
 267.5	21
 268.5	21.5
 269.5	19.8333
 270.5	33
 271.5	17
 272.5	17.5
 273.5	19
 274.5	22
 275.5	23.6
 276.5	21.6667
 277.5	22.5
 278.5	24.5
 279.5	33.125
 280.5	16
 281.5	16.2
 282.5	17.0714
 283.5	22.5
 284.5	24.5
 285.5	30.5
 286.5	20.5
 287.5	23
 288.5	15
 289.5	27
 290.5	13.7
 291.5	19
 292.5	26
 293.5	21.5
 294.5	17.5
 295.5	26
 296.5	19
 297.5	22
 298.5	35
 299.5	21.7333
 300.5	23.5333
 301.5	18.7
 302.5	21
 303.5	31
 304.5	17.75
 305.5	19
 306.5	14
 307.5	23
 308.5	22.6111
 309.5	20
 310.5	16.5667
 311.5	19.5
 312.5	20
 313.5	24
 314.5	14
 315.5	16
 316.5	22.5
 317.5	23.5714
 318.5	19
 319.5	24
 320.5	16
 321.5	30.5
 322.5	22.5
 323.5	19.5
 324.5	22.5
 325.5	14
 326.5	25
 327.5	23
DB 1 MOTIF	ZF64A_HUMAN.H11MO.0.D
-324.0	21
-323.0	18
-322.0	20
-321.0	21.25
-320.0	21
-319.0	25
-318.0	25
-317.0	19
-316.0	20
-315.0	31.5
-314.0	15
-313.0	27
-312.0	24
-311.0	19.25
-310.0	20
-309.0	17
-308.0	29
-307.0	13
-306.0	21
-305.0	16.5
-304.0	19
-303.0	40.1429
-302.0	27
-301.0	17
-300.0	25
-299.0	28
-298.0	26.5
-297.0	26
-296.0	19.5
-295.0	17
-294.0	25.5
-293.0	17.625
-292.0	23
-291.0	26.5
-290.0	24
-289.0	28
-288.0	23
-287.0	17
-286.0	27
-285.0	17
-284.0	30
-283.0	19
-282.0	25
-281.0	10.5
-280.0	24
-279.0	20.6
-278.0	27
-277.0	18.5
-276.0	24.5
-275.0	26.5
-274.0	15
-273.0	18
-272.0	15
-271.0	17
-270.0	19
-269.0	13.5
-268.0	22.6429
-267.0	12
-266.0	23
-265.0	20
-264.0	23
-263.0	21
-262.0	20
-261.0	23
-260.0	24
-259.0	20.5
-258.0	17
-257.0	19.2
-256.0	23.5
-255.0	23
-254.0	23
-253.0	24
-252.0	22.25
-251.0	15
-250.0	22
-249.0	19
-248.0	19
-247.0	21
-246.0	17
-245.0	20.1667
-244.0	28
-243.0	28
-242.0	19.7159
-241.0	29
-240.0	24
-239.0	24
-238.0	16.0909
-237.0	25
-236.0	26
-235.0	29
-234.0	24
-233.0	20.1429
-232.0	25
-231.0	33
-230.0	22.3333
-229.0	18
-228.0	15.5
-227.0	20.25
-226.0	19.125
-225.0	22.5
-224.0	30
-223.0	28.225
-222.0	27
-221.0	20.3333
-220.0	17
-219.0	23
-218.0	31
-217.0	29
-216.0	16.7778
-215.0	28
-214.0	26
-213.0	24
-212.0	19.5
-211.0	19
-210.0	30
-209.0	18
-208.0	18.5
-207.0	20
-206.0	28.5
-205.0	14
-204.0	37.5
-203.0	20
-202.0	24
-201.0	33.5
-200.0	30
-199.0	25
-198.0	23.1429
-197.0	20.7679
-196.0	25.5
-195.0	22.1667
-194.0	22.8333
-193.0	32
-192.0	20
-191.0	19
-190.0	26
-189.0	20
-188.0	25
-187.0	21.5
-186.0	29
-185.0	20
-184.0	24.5
-183.0	21.2159
-182.0	16.5
-181.0	20
-180.0	23
-179.0	19
-178.0	19
-177.0	25
-176.0	26
-175.0	25
-174.0	21
-173.0	27
-172.0	28
-171.0	29.3333
-170.0	33
-169.0	20.5
-168.0	26.125
-167.0	14.6
-166.0	24.5
-165.0	18.7
-164.0	17.5909
-163.0	25.1429
-162.0	26
-161.0	20
-160.0	21
-159.0	25
-158.0	20.25
-157.0	21.125
-156.0	25
-155.0	21.3333
-154.0	15
-153.0	24.1111
-152.0	21.5
-151.0	27
-150.0	18
-149.0	26
-148.0	35
-147.0	27
-146.0	15
-145.0	20.7576
-144.0	20.8333
-143.0	24.125
-142.0	33
-141.0	15
-140.0	24
-139.0	24.125
-138.0	27.5
-137.0	21
-136.0	34
-135.0	26.5
-134.0	26
-133.0	12.5
-132.0	24
-131.0	29
-130.0	26
-129.0	23
-128.0	23.1429
-127.0	20
-126.0	19
-125.0	32
-124.0	15
-123.0	23
-122.0	23
-121.0	15.3333
-120.0	22.1111
-119.0	25.2
-118.0	34.5
-117.0	18
-116.0	27
-115.0	27.5
-114.0	28
-113.0	20.0909
-112.0	22
-111.0	21
-110.0	29.5
-109.0	14
-108.0	15
-107.0	18
-106.0	32.125
-105.0	23.6429
-104.0	21.3333
-103.0	21.125
-102.0	21.5
-101.0	20
-100.0	34
 -99.0	22.5
 -98.0	29
 -97.0	12.5
 -96.0	22
 -95.0	25.1667
 -94.0	23
 -93.0	34.6429
 -92.0	14
 -91.0	21.5
 -90.0	16
 -89.0	17
 -88.0	14
 -87.0	24.3111
 -86.0	19
 -85.0	25
 -84.0	21.6
 -83.0	29
 -82.0	27.5
 -81.0	22.125
 -80.0	20
 -79.0	23.3333
 -78.0	26
 -77.0	28.3333
 -76.0	16.3333
 -75.0	30
 -74.0	20
 -73.0	21.7
 -72.0	28
 -71.0	24
 -70.0	27
 -69.0	21
 -68.0	18.5
 -67.0	24
 -66.0	20.5
 -65.0	31.5
 -64.0	26
 -63.0	31.125
 -62.0	23
 -61.0	29
 -60.0	26
 -59.0	25
 -58.0	24
 -57.0	25.3333
 -56.0	25.5
 -55.0	25.125
 -54.0	25.1111
 -53.0	19
 -52.0	14.625
 -51.0	19.5
 -50.0	21
 -49.0	24.0909
 -48.0	32.3333
 -47.0	27
 -46.0	20
 -45.0	26.1667
 -44.0	20
 -43.0	22.5
 -42.0	26
 -41.0	25
 -40.0	32
 -39.0	28
 -38.0	26
 -37.0	19.7
 -36.0	19
 -35.0	33
 -34.0	28
 -33.0	25
 -32.0	25.8333
 -31.0	25
 -30.0	33
 -29.0	28
 -28.0	32.1
 -27.0	25
 -26.0	32
 -25.0	33
 -24.0	25
 -23.0	24.125
 -22.0	32
 -21.0	41
 -20.0	36.8333
 -19.0	28
 -18.0	32.5
 -17.0	20.0909
 -16.0	37.5
 -15.0	21
 -14.0	25
 -13.0	32.1429
 -12.0	31
 -11.0	33.5
 -10.0	18
  -9.0	25
  -8.0	32
  -7.0	29.8333
  -6.0	26
  -5.0	23.25
  -4.0	26.4583
  -3.0	23.5
  -2.0	33
  -1.0	33
   0.0	28
   1.0	21
   2.0	22
   3.0	26.5
   4.0	21
   5.0	27
   6.0	29.125
   7.0	31
   8.0	23
   9.0	30
  10.0	25
  11.0	26
  12.0	31
  13.0	31.3409
  14.0	40
  15.0	30.2
  16.0	24
  17.0	22.125
  18.0	33.5
  19.0	29
  20.0	25.7
  21.0	36
  22.0	27
  23.0	24
  24.0	25
  25.0	26
  26.0	23
  27.0	37.3333
  28.0	17.1
  29.0	24
  30.0	23.3333
  31.0	30
  32.0	34
  33.0	38
  34.0	21
  35.0	29.5
  36.0	18
  37.0	20
  38.0	32
  39.0	18
  40.0	20.1429
  41.0	25.1111
  42.0	16
  43.0	23
  44.0	21
  45.0	27
  46.0	22
  47.0	22.2159
  48.0	29
  49.0	24.5
  50.0	27
  51.0	25.5
  52.0	27
  53.0	27
  54.0	35
  55.0	22.6667
  56.0	31
  57.0	21.4583
  58.0	20
  59.0	22
  60.0	28
  61.0	23.5
  62.0	32.3333
  63.0	22
  64.0	24
  65.0	20.2
  66.0	39.25
  67.0	23.25
  68.0	19
  69.0	25.5
  70.0	22
  71.0	20.5
  72.0	18.0909
  73.0	23
  74.0	30.1111
  75.0	37
  76.0	17
  77.0	28.2
  78.0	13.0909
  79.0	22.1429
  80.0	20.4762
  81.0	28
  82.0	16
  83.0	22
  84.0	18.1
  85.0	22
  86.0	28
  87.0	35
  88.0	19
  89.0	17
  90.0	25.5
  91.0	23.0909
  92.0	21.5
  93.0	20
  94.0	15.3333
  95.0	23.5
  96.0	23.3333
  97.0	25
  98.0	25.125
  99.0	16
 100.0	27
 101.0	19
 102.0	31
 103.0	23
 104.0	29
 105.0	26
 106.0	20.25
 107.0	25.1111
 108.0	24.5
 109.0	25
 110.0	21
 111.0	23
 112.0	25
 113.0	23
 114.0	15.5
 115.0	19
 116.0	16
 117.0	29.2
 118.0	20.5
 119.0	19.25
 120.0	21.1429
 121.0	22.5
 122.0	16.3333
 123.0	25
 124.0	27
 125.0	24.3333
 126.0	19
 127.0	28
 128.0	21
 129.0	24
 130.0	22
 131.0	21
 132.0	24
 133.0	29
 134.0	32.2
 135.0	24.5
 136.0	20
 137.0	25.125
 138.0	21
 139.0	18
 140.0	14.1909
 141.0	21
 142.0	20
 143.0	21
 144.0	18
 145.0	21.25
 146.0	22.3333
 147.0	19
 148.0	25.3333
 149.0	19
 150.0	30.0909
 151.0	21
 152.0	27
 153.0	20
 154.0	18.5
 155.0	27
 156.0	23
 157.0	16.5
 158.0	25
 159.0	10
 160.0	23.1429
 161.0	18
 162.0	24
 163.0	24
 164.0	18
 165.0	21
 166.0	24
 167.0	22.5
 168.0	22.7
 169.0	15.0909
 170.0	19.5
 171.0	20.5
 172.0	12.202
 173.0	16
 174.0	24
 175.0	20
 176.0	24
 177.0	18
 178.0	19
 179.0	15
 180.0	21
 181.0	16
 182.0	30
 183.0	20
 184.0	20.25
 185.0	21
 186.0	19
 187.0	25
 188.0	24
 189.0	20
 190.0	32
 191.0	23.2
 192.0	22.3333
 193.0	14.5
 194.0	20.3333
 195.0	16
 196.0	24.1
 197.0	23
 198.0	26.5
 199.0	8.25
 200.0	26.1429
 201.0	14
 202.0	22
 203.0	25
 204.0	19.3409
 205.0	22
 206.0	22.3333
 207.0	24
 208.0	23
 209.0	17
 210.0	30
 211.0	18.5
 212.0	27.5
 213.0	20
 214.0	21
 215.0	26
 216.0	16
 217.0	22.6429
 218.0	20
 219.0	17
 220.0	17
 221.0	21
 222.0	25
 223.0	37.5
 224.0	16
 225.0	13
 226.0	28
 227.0	27
 228.0	28.0909
 229.0	21
 230.0	20.5
 231.0	22
 232.0	24
 233.0	16
 234.0	22
 235.0	18.0909
 236.0	16
 237.0	19
 238.0	19
 239.0	11.5
 240.0	16
 241.0	16
 242.0	15
 243.0	19
 244.0	16
 245.0	27
 246.0	24
 247.0	20.0909
 248.0	14
 249.0	17
 250.0	18.5
 251.0	13
 252.0	19.4333
 253.0	20
 254.0	19
 255.0	23
 256.0	15
 257.0	22
 258.0	21.5
 259.0	20
 260.0	21
 261.0	15
 262.0	20
 263.0	18.1429
 264.0	21.5
 265.0	23
 266.0	18
 267.0	14
 268.0	17
 269.0	21
 270.0	22.2
 271.0	12
 272.0	16
 273.0	20
 274.0	17
 275.0	17
 276.0	20
 277.0	18
 278.0	18.25
 279.0	18.5
 280.0	14.1429
 281.0	17
 282.0	22
 283.0	18.75
 284.0	12
 285.0	22
 286.0	22
 287.0	23
 288.0	17
 289.0	16.3333
 290.0	21
 291.0	17
 292.0	23.5
 293.0	15
 294.0	25
 295.0	15
 296.0	12
 297.0	24
 298.0	23.3333
 299.0	20
 300.0	24.5
 301.0	9.5
 302.0	19
 303.0	23.5
 304.0	23.0909
 305.0	15
 306.0	25
 307.0	15
 308.0	26
 309.0	29.1429
 310.0	22.5
 311.0	18
 312.0	15
 313.0	21
 314.0	17.5
 315.0	23.25
 316.0	22
 317.0	10
 318.0	22
 319.0	23
 320.0	16.1429
 321.0	17
 322.0	21
 323.0	24
 324.0	24
DB 1 MOTIF	ZFX_HUMAN.H11MO.0.A
-327.0	20.5
-326.0	20
-325.0	24.0435
-324.0	25.5
-323.0	18.5
-322.0	15
-321.0	25
-320.0	21
-319.0	21
-318.0	23.5
-317.0	22.5
-316.0	21
-315.0	20.5
-314.0	27
-313.0	25.25
-312.0	21.6111
-311.0	21
-310.0	18.5
-309.0	16
-308.0	15.5
-307.0	18
-306.0	14
-305.0	12.5
-304.0	21
-303.0	14.5
-302.0	16.1111
-301.0	16
-300.0	19
-299.0	10
-298.0	22
-297.0	30
-296.0	21.5
-295.0	19
-294.0	18
-293.0	13
-292.0	31.6667
-291.0	27
-290.0	20
-289.0	15
-288.0	22.25
-287.0	25.25
-286.0	17
-285.0	10.0435
-284.0	20
-283.0	26.5
-282.0	16.5
-281.0	15.1667
-280.0	14
-279.0	24
-278.0	21
-277.0	16
-276.0	24.8333
-275.0	21
-274.0	18
-273.0	22.25
-272.0	12
-271.0	17
-270.0	14.702
-269.0	22.25
-268.0	18
-267.0	14
-266.0	24
-265.0	21
-264.0	25.3333
-263.0	26.1667
-262.0	24.8333
-261.0	19.5
-260.0	30
-259.0	17.5
-258.0	28.5
-257.0	12.5
-256.0	22.5
-255.0	36
-254.0	25
-253.0	17.5
-252.0	26.5
-251.0	27.5
-250.0	20
-249.0	21.5
-248.0	16
-247.0	24
-246.0	26.5
-245.0	31.0435
-244.0	28
-243.0	22
-242.0	18.1111
-241.0	19
-240.0	17.25
-239.0	19.5
-238.0	21
-237.0	21.5
-236.0	20.5
-235.0	20.5
-234.0	17
-233.0	15
-232.0	21
-231.0	29.25
-230.0	24.5
-229.0	21.75
-228.0	28.202
-227.0	25
-226.0	22.3768
-225.0	30.5
-224.0	23
-223.0	25.8333
-222.0	22
-221.0	20
-220.0	29
-219.0	25
-218.0	25
-217.0	23.5
-216.0	22
-215.0	27
-214.0	19
-213.0	28.5
-212.0	23.5
-211.0	20.6667
-210.0	15
-209.0	17.3333
-208.0	13.7
-207.0	24
-206.0	20.5
-205.0	28.75
-204.0	15
-203.0	24.3333
-202.0	15.5
-201.0	22
-200.0	25.7198
-199.0	17
-198.0	22
-197.0	20
-196.0	19.5
-195.0	27
-194.0	26
-193.0	23
-192.0	21.25
-191.0	27.5
-190.0	22.4762
-189.0	20.5
-188.0	19.8333
-187.0	16
-186.0	20.6622
-185.0	27.25
-184.0	24.5
-183.0	25.5
-182.0	17.7778
-181.0	24
-180.0	20
-179.0	32
-178.0	22
-177.0	20
-176.0	19
-175.0	23
-174.0	19.5
-173.0	27
-172.0	22.5
-171.0	19.1429
-170.0	26
-169.0	21
-168.0	24.8333
-167.0	28.0435
-166.0	30.25
-165.0	20
-164.0	25.5
-163.0	20
-162.0	28
-161.0	26.8333
-160.0	23
-159.0	20.2436
-158.0	22.5
-157.0	29.3333
-156.0	25.3333
-155.0	20.75
-154.0	21
-153.0	22
-152.0	25.5
-151.0	29.5
-150.0	23
-149.0	20.25
-148.0	20.7101
-147.0	25.25
-146.0	20.5
-145.0	29
-144.0	16.952
-143.0	15.5
-142.0	19
-141.0	23
-140.0	18.5
-139.0	18.5
-138.0	23
-137.0	27.6429
-136.0	14.5
-135.0	26.5
-134.0	22.5
-133.0	22
-132.0	23.5
-131.0	26.5
-130.0	22.5
-129.0	31.0909
-128.0	27
-127.0	20.5
-126.0	17
-125.0	30.5
-124.0	23.5
-123.0	21
-122.0	28
-121.0	20
-120.0	22
-119.0	22.5
-118.0	26.5
-117.0	21.0769
-116.0	25.5
-115.0	36.5
-114.0	24.5
-113.0	18.1667
-112.0	16.5833
-111.0	21
-110.0	27
-109.0	19
-108.0	23.0435
-107.0	31.6667
-106.0	24.5
-105.0	11.3333
-104.0	27
-103.0	24.75
-102.0	23.702
-101.0	14.1667
-100.0	21
 -99.0	19
 -98.0	23
 -97.0	34.3333
 -96.0	15.5
 -95.0	16.3333
 -94.0	28.5
 -93.0	25
 -92.0	20
 -91.0	16.6667
 -90.0	15.75
 -89.0	14.0435
 -88.0	21
 -87.0	23.3333
 -86.0	24
 -85.0	32
 -84.0	26.5
 -83.0	22.1667
 -82.0	28.5
 -81.0	14
 -80.0	16.5
 -79.0	17.8333
 -78.0	33.5
 -77.0	19
 -76.0	20.5769
 -75.0	22
 -74.0	32.754
 -73.0	24
 -72.0	27.0909
 -71.0	24.5
 -70.0	16
 -69.0	27
 -68.0	23
 -67.0	17
 -66.0	30.8333
 -65.0	16
 -64.0	20.6111
 -63.0	18
 -62.0	31.3333
 -61.0	29.5
 -60.0	24.0909
 -59.0	22.6667
 -58.0	23
 -57.0	23
 -56.0	25
 -55.0	23.1667
 -54.0	22
 -53.0	18
 -52.0	27
 -51.0	33.25
 -50.0	26
 -49.0	29.0435
 -48.0	29
 -47.0	29.75
 -46.0	24.1111
 -45.0	27.5
 -44.0	28.3333
 -43.0	21.5
 -42.0	22
 -41.0	24
 -40.0	36.1667
 -39.0	34
 -38.0	29.4167
 -37.0	30.0909
 -36.0	23.8333
 -35.0	33.2769
 -34.0	27
 -33.0	32.5
 -32.0	21
 -31.0	26.8333
 -30.0	32.0435
 -29.0	38
 -28.0	18
 -27.0	24
 -26.0	31
 -25.0	20
 -24.0	25.5
 -23.0	17
 -22.0	22.5
 -21.0	30.3333
 -20.0	27
 -19.0	22
 -18.0	25.202
 -17.0	22.1667
 -16.0	34.6111
 -15.0	34.8333
 -14.0	20
 -13.0	28.5
 -12.0	36.5
 -11.0	30.3095
 -10.0	27
  -9.0	36.5
  -8.0	33.7
  -7.0	30
  -6.0	25.5
  -5.0	31
  -4.0	25
  -3.0	40.3667
  -2.0	40.5
  -1.0	35.5
   0.0	24.3333
   1.0	31
   2.0	18.5
   3.0	30.5
   4.0	28
   5.0	26.6429
   6.0	21
   7.0	29.0769
   8.0	35
   9.0	32
  10.0	39.0435
  11.0	19
  12.0	21.5
  13.0	33.5
  14.0	24.8333
  15.0	25
  16.0	31.1667
  17.0	34.5
  18.0	25
  19.0	24
  20.0	26.2909
  21.0	35
  22.0	37.5333
  23.0	32
  24.0	25.0909
  25.0	25
  26.0	32.5
  27.0	32.5
  28.0	22.8333
  29.0	34.5435
  30.0	34.2
  31.0	29.75
  32.0	27
  33.0	23.8333
  34.0	34.3333
  35.0	23.5
  36.0	22.3333
  37.0	31.25
  38.0	18.5
  39.0	21.3333
  40.0	26
  41.0	28
  42.0	31
  43.0	29.5
  44.0	29.1111
  45.0	25.6667
  46.0	26.6429
  47.0	26.1667
  48.0	24
  49.0	31.5769
  50.0	19
  51.0	22
  52.0	21.1429
  53.0	24.5333
  54.0	30
  55.0	20.5
  56.0	25
  57.0	19
  58.0	26
  59.0	27.5
  60.0	21
  61.0	25.3333
  62.0	21
  63.0	19
  64.0	31.5909
  65.0	21
  66.0	24.5909
  67.0	18.5
  68.0	25.7
  69.0	24.0435
  70.0	27.5
  71.0	15.5
  72.0	20.5
  73.0	31
  74.0	15.5
  75.0	18.7
  76.0	20.5
  77.0	21
  78.0	27.2
  79.0	18
  80.0	30
  81.0	19
  82.0	31.8333
  83.0	30
  84.0	30.5
  85.0	33.8333
  86.0	20
  87.0	25.7
  88.0	23.5435
  89.0	27.5
  90.0	16.4103
  91.0	24.8333
  92.0	23.5
  93.0	21.1429
  94.0	24
  95.0	24.5
  96.0	28
  97.0	23.5
  98.0	21
  99.0	17.1667
 100.0	32
 101.0	23.5
 102.0	26.1111
 103.0	21
 104.0	22.5
 105.0	23
 106.0	38.0333
 107.0	23.0435
 108.0	19.6818
 109.0	22
 110.0	23
 111.0	26
 112.0	25.3333
 113.0	20
 114.0	25
 115.0	21.8095
 116.0	28.3333
 117.0	19
 118.0	22.3333
 119.0	25.5
 120.0	24.5
 121.0	20.3333
 122.0	22.5
 123.0	18.5
 124.0	18.5
 125.0	15
 126.0	18
 127.0	22
 128.0	27.5
 129.0	16
 130.0	19
 131.0	15.0769
 132.0	27
 133.0	17
 134.0	28.2
 135.0	21.2
 136.0	16
 137.0	21.1429
 138.0	20.5
 139.0	20
 140.0	19
 141.0	14
 142.0	25
 143.0	23
 144.0	24.2
 145.0	25
 146.0	16.5
 147.0	17.0435
 148.0	17
 149.0	25.5
 150.0	22.0909
 151.0	29.1667
 152.0	19
 153.0	16
 154.0	20
 155.0	27
 156.0	16
 157.0	22
 158.0	20
 159.0	12.5
 160.0	17
 161.0	25.5
 162.0	34.6111
 163.0	20.8333
 164.0	19.5
 165.0	11
 166.0	19.5435
 167.0	20.5
 168.0	30
 169.0	22.5
 170.0	19.7
 171.0	14.5769
 172.0	24.5
 173.0	16.5
 174.0	21.3929
 175.0	17.3333
 176.0	24.5
 177.0	27
 178.0	20.1429
 179.0	15.1667
 180.0	19.5
 181.0	20.6429
 182.0	15.5
 183.0	18.2
 184.0	25.3333
 185.0	28.5435
 186.0	18.5
 187.0	18.0909
 188.0	21
 189.0	18
 190.0	17.8667
 191.0	18
 192.0	18
 193.0	29.1429
 194.0	21
 195.0	19
 196.0	17
 197.0	21
 198.0	26.5
 199.0	19
 200.0	14
 201.0	27.5
 202.0	18
 203.0	22.6667
 204.0	25
 205.0	19
 206.0	20
 207.0	25.5
 208.0	27
 209.0	14
 210.0	26.5
 211.0	20
 212.0	22.7198
 213.0	20
 214.0	29.1667
 215.0	19
 216.0	19.5
 217.0	14.5
 218.0	15
 219.0	29
 220.0	15
 221.0	24.5
 222.0	11.5
 223.0	22.5
 224.0	13.5
 225.0	21.8863
 226.0	23.5
 227.0	20
 228.0	26
 229.0	17
 230.0	14.3333
 231.0	10.7
 232.0	26.5
 233.0	16
 234.0	19
 235.0	16
 236.0	14
 237.0	20
 238.0	20
 239.0	22.5
 240.0	16.5833
 241.0	24.5
 242.0	17
 243.0	17
 244.0	24.1344
 245.0	20.5
 246.0	18.7
 247.0	20.5
 248.0	16
 249.0	16
 250.0	18
 251.0	24
 252.0	15.2436
 253.0	23.5
 254.0	18.5
 255.0	23.1667
 256.0	20.5
 257.0	21
 258.0	21.2
 259.0	22
 260.0	22.5
 261.0	21
 262.0	21
 263.0	25.0435
 264.0	16
 265.0	13
 266.0	21.0909
 267.0	16
 268.0	20.5
 269.0	18.1429
 270.0	20
 271.0	21
 272.0	24
 273.0	14
 274.0	19
 275.0	22
 276.0	19.6111
 277.0	21.8333
 278.0	17
 279.0	14.2
 280.0	25.2
 281.0	9.5
 282.0	21.5
 283.0	14
 284.0	17
 285.0	15.1429
 286.0	17.5
 287.0	20
 288.0	22.4242
 289.0	24.5
 290.0	21
 291.0	26
 292.0	14
 293.0	25.5769
 294.0	24
 295.0	16
 296.0	25
 297.0	21.5
 298.0	19
 299.0	21
 300.0	29
 301.0	21.0435
 302.0	19.5
 303.0	20
 304.0	16.5
 305.0	20
 306.0	16.25
 307.0	16.5
 308.0	23
 309.0	21
 310.0	17.0909
 311.0	22
 312.0	16
 313.0	24.6429
 314.0	12.8333
 315.0	19
 316.0	23
 317.0	21
 318.0	21
 319.0	22
 320.0	18
 321.0	19
 322.0	20
 323.0	14
 324.0	21
 325.0	26
 326.0	19
 327.0	18
DB 1 MOTIF	ZFX_HUMAN.H11MO.1.A
-323.5	23
-322.5	30.5
-321.5	21
-320.5	31
-319.5	28
-318.5	19.5
-317.5	21.5
-316.5	22
-315.5	25
-314.5	21.6429
-313.5	24.5
-312.5	33
-311.5	25
-310.5	21
-309.5	22.5
-308.5	26.1429
-307.5	21
-306.5	25
-305.5	24
-304.5	23
-303.5	30
-302.5	23.1429
-301.5	19
-300.5	28
-299.5	29
-298.5	22.5
-297.5	19
-296.5	23.3429
-295.5	18
-294.5	24
-293.5	20
-292.5	17.5
-291.5	29
-290.5	27.3929
-289.5	24.5
-288.5	24.5
-287.5	25.5
-286.5	26
-285.5	19
-284.5	23.1429
-283.5	20.5
-282.5	30
-281.5	23
-280.5	25.5
-279.5	15
-278.5	27.1429
-277.5	15
-276.5	28
-275.5	30
-274.5	23
-273.5	30
-272.5	30.5
-271.5	26
-270.5	30
-269.5	17.5
-268.5	23
-267.5	26.5
-266.5	26
-265.5	30
-264.5	27.3333
-263.5	24.5
-262.5	28
-261.5	25
-260.5	26
-259.5	25.5
-258.5	19
-257.5	20.7
-256.5	27
-255.5	25
-254.5	26
-253.5	32
-252.5	22
-251.5	19.5
-250.5	21
-249.5	27.5
-248.5	19.2
-247.5	33.5
-246.5	29
-245.5	25.5
-244.5	26
-243.5	26
-242.5	22.25
-241.5	21.5
-240.5	33
-239.5	25
-238.5	22
-237.5	28
-236.5	17.5
-235.5	34
-234.5	26
-233.5	29
-232.5	25
-231.5	29
-230.5	19
-229.5	27
-228.5	20.3333
-227.5	29
-226.5	26
-225.5	34
-224.5	28.5
-223.5	28.5
-222.5	22.8333
-221.5	32
-220.5	29
-219.5	22
-218.5	26.5
-217.5	21
-216.5	28
-215.5	23
-214.5	21
-213.5	26
-212.5	27
-211.5	16.1111
-210.5	21.5
-209.5	16.5
-208.5	30
-207.5	23.5
-206.5	24.5
-205.5	28
-204.5	28.5
-203.5	25.5
-202.5	23
-201.5	25
-200.5	28.5
-199.5	33
-198.5	21.5
-197.5	25
-196.5	27
-195.5	25
-194.5	19.25
-193.5	21
-192.5	25.3333
-191.5	34
-190.5	17
-189.5	37.5
-188.5	30
-187.5	24.5
-186.5	20
-185.5	25.7
-184.5	29
-183.5	24
-182.5	22
-181.5	29.5
-180.5	24
-179.5	14.5
-178.5	27.5
-177.5	34.5
-176.5	27
-175.5	27.5
-174.5	22
-173.5	19.1111
-172.5	22.5
-171.5	25
-170.5	29.5
-169.5	24
-168.5	24
-167.5	24.1111
-166.5	24.5
-165.5	28.0333
-164.5	27
-163.5	19.5
-162.5	30
-161.5	19
-160.5	26
-159.5	20.5
-158.5	38
-157.5	17.5
-156.5	27
-155.5	25
-154.5	32
-153.5	30
-152.5	26.3333
-151.5	33.5
-150.5	33
-149.5	30
-148.5	25.8333
-147.5	30
-146.5	14.25
-145.5	24.8333
-144.5	27
-143.5	29.5333
-142.5	25
-141.5	23.5
-140.5	23
-139.5	25.5
-138.5	30
-137.5	34
-136.5	17.1111
-135.5	35
-134.5	18.5
-133.5	20
-132.5	24
-131.5	20.5
-130.5	32.3333
-129.5	38.5
-128.5	41
-127.5	22.7
-126.5	22
-125.5	24.5
-124.5	18
-123.5	18
-122.5	29.2
-121.5	31.8333
-120.5	27
-119.5	27.2
-118.5	34
-117.5	18
-116.5	24.3333
-115.5	27
-114.5	25
-113.5	26
-112.5	33
-111.5	31
-110.5	24
-109.5	24
-108.5	26
-107.5	25
-106.5	26.5
-105.5	21.5
-104.5	32
-103.5	29.25
-102.5	22.5
-101.5	28
-100.5	29.3333
 -99.5	31.6111
 -98.5	24
 -97.5	19.7
 -96.5	21.5
 -95.5	20
 -94.5	35.5
 -93.5	25
 -92.5	26.5
 -91.5	20
 -90.5	26
 -89.5	35
 -88.5	25
 -87.5	30.5
 -86.5	32
 -85.5	20
 -84.5	22
 -83.5	16
 -82.5	21.75
 -81.5	24
 -80.5	27.8333
 -79.5	22
 -78.5	26.8333
 -77.5	23
 -76.5	29
 -75.5	30
 -74.5	22
 -73.5	32.7
 -72.5	21
 -71.5	16.5
 -70.5	34
 -69.5	24
 -68.5	25
 -67.5	21.3333
 -66.5	21
 -65.5	24
 -64.5	20
 -63.5	33
 -62.5	24.4444
 -61.5	20
 -60.5	22
 -59.5	23.7
 -58.5	25
 -57.5	24.5
 -56.5	26
 -55.5	24.5
 -54.5	27
 -53.5	32
 -52.5	27
 -51.5	28
 -50.5	22.5
 -49.5	33
 -48.5	29.5
 -47.5	32
 -46.5	41
 -45.5	27
 -44.5	21
 -43.5	34
 -42.5	33
 -41.5	28.2
 -40.5	19.25
 -39.5	27
 -38.5	26
 -37.5	29.2
 -36.5	35.5
 -35.5	37
 -34.5	21
 -33.5	37
 -32.5	31
 -31.5	29
 -30.5	29
 -29.5	35
 -28.5	29
 -27.5	31
 -26.5	30
 -25.5	14.1111
 -24.5	26
 -23.5	23
 -22.5	29
 -21.5	27
 -20.5	28.5
 -19.5	22
 -18.5	26.3333
 -17.5	30.5
 -16.5	22
 -15.5	33
 -14.5	24
 -13.5	35
 -12.5	15
 -11.5	26
 -10.5	27.75
  -9.5	38
  -8.5	40.5
  -7.5	32.5
  -6.5	35
  -5.5	28.5
  -4.5	40.5
  -3.5	35.5
  -2.5	30
  -1.5	30
  -0.5	33.1111
   0.5	29
   1.5	32.25
   2.5	30
   3.5	26.5
   4.5	24
   5.5	24
   6.5	32.3333
   7.5	31
   8.5	22.5
   9.5	37.7
  10.5	29
  11.5	26.1111
  12.5	35
  13.5	28.5
  14.5	23.5
  15.5	20
  16.5	27
  17.5	32
  18.5	28
  19.5	30.5
  20.5	31
  21.5	27
  22.5	24.2
  23.5	25.5
  24.5	25
  25.5	35
  26.5	28
  27.5	26.5
  28.5	29
  29.5	27
  30.5	29
  31.5	23
  32.5	29
  33.5	19
  34.5	27
  35.5	25.5
  36.5	19
  37.5	22.5
  38.5	18
  39.5	26
  40.5	23
  41.5	23
  42.5	33
  43.5	21.1111
  44.5	24
  45.5	32.8333
  46.5	29
  47.5	18
  48.5	22.1111
  49.5	31.5
  50.5	24
  51.5	30
  52.5	24.2
  53.5	27
  54.5	34
  55.5	22
  56.5	36
  57.5	29
  58.5	31
  59.5	25.5
  60.5	19
  61.5	32
  62.5	30
  63.5	26
  64.5	34.7
  65.5	21.5
  66.5	23.2
  67.5	23
  68.5	25
  69.5	32
  70.5	22
  71.5	25
  72.5	25
  73.5	31.5
  74.5	28
  75.5	29
  76.5	27
  77.5	23
  78.5	23.5
  79.5	26.5
  80.5	33
  81.5	19
  82.5	29
  83.5	24
  84.5	29.5
  85.5	20.1111
  86.5	36
  87.5	23.1111
  88.5	32.5
  89.5	28
  90.5	24
  91.5	26
  92.5	22
  93.5	22.3333
  94.5	28
  95.5	21
  96.5	20
  97.5	14.5
  98.5	33.5
  99.5	35
 100.5	23
 101.5	26
 102.5	15
 103.5	30
 104.5	31
 105.5	27
 106.5	24
 107.5	24
 108.5	28.0833
 109.5	24
 110.5	24
 111.5	28.7
 112.5	33
 113.5	29
 114.5	27
 115.5	22
 116.5	20
 117.5	30
 118.5	26
 119.5	24
 120.5	24
 121.5	20
 122.5	27
 123.5	22.5
 124.5	18.5
 125.5	20
 126.5	19
 127.5	29
 128.5	22.5
 129.5	29.5
 130.5	30
 131.5	27.1111
 132.5	25.5
 133.5	27
 134.5	26
 135.5	28
 136.5	25.5
 137.5	22
 138.5	26
 139.5	20.5
 140.5	23
 141.5	24
 142.5	16
 143.5	15
 144.5	18.5
 145.5	26
 146.5	26
 147.5	25
 148.5	26.5
 149.5	33
 150.5	20.25
 151.5	23
 152.5	33
 153.5	37.5
 154.5	27
 155.5	23.5
 156.5	25.5
 157.5	34
 158.5	24.5
 159.5	23.6111
 160.5	25
 161.5	21
 162.5	31
 163.5	15.5
 164.5	22.5
 165.5	19
 166.5	23.8333
 167.5	23
 168.5	16
 169.5	26
 170.5	25
 171.5	22.3333
 172.5	25.3333
 173.5	21.5
 174.5	28
 175.5	13.1111
 176.5	26
 177.5	24.5
 178.5	27.3333
 179.5	26.5
 180.5	27
 181.5	28
 182.5	21
 183.5	24.5
 184.5	24.5
 185.5	22
 186.5	23
 187.5	32.5
 188.5	32
 189.5	24
 190.5	25
 191.5	36.25
 192.5	26
 193.5	22
 194.5	19
 195.5	27
 196.5	32.5
 197.5	21
 198.5	27
 199.5	33
 200.5	24
 201.5	23
 202.5	23.5
 203.5	22
 204.5	24.5
 205.5	35
 206.5	23
 207.5	24
 208.5	29
 209.5	22
 210.5	18
 211.5	24.5
 212.5	28.5
 213.5	37.5
 214.5	31
 215.5	36
 216.5	22
 217.5	13.5
 218.5	22
 219.5	16.6111
 220.5	18
 221.5	23
 222.5	23
 223.5	14
 224.5	25
 225.5	26
 226.5	34
 227.5	26
 228.5	17
 229.5	27
 230.5	35.5
 231.5	21.5
 232.5	24
 233.5	23.5
 234.5	28
 235.5	18
 236.5	40
 237.5	23.5
 238.5	19
 239.5	17
 240.5	26
 241.5	21
 242.5	11
 243.5	27.5
 244.5	23
 245.5	23
 246.5	32
 247.5	13.5
 248.5	21
 249.5	33.5
 250.5	22.5
 251.5	25
 252.5	18
 253.5	26.5
 254.5	24.5
 255.5	25
 256.5	23
 257.5	30
 258.5	35
 259.5	27
 260.5	22.5
 261.5	29
 262.5	18
 263.5	21.5
 264.5	26.5
 265.5	25
 266.5	27.5
 267.5	27
 268.5	22
 269.5	25.5
 270.5	26.5
 271.5	27
 272.5	28.5
 273.5	22.5
 274.5	28
 275.5	28
 276.5	14.5
 277.5	29
 278.5	30
 279.5	28.5
 280.5	23.5
 281.5	21
 282.5	31.5
 283.5	15
 284.5	21
 285.5	19
 286.5	21
 287.5	29.3333
 288.5	17.5
 289.5	23
 290.5	24
 291.5	24
 292.5	22
 293.5	17
 294.5	28.5
 295.5	27
 296.5	31
 297.5	20
 298.5	23
 299.5	23
 300.5	28.5
 301.5	8
 302.5	21.5
 303.5	23.5
 304.5	38
 305.5	19
 306.5	25
 307.5	26.1111
 308.5	32
 309.5	29
 310.5	32.5
 311.5	26
 312.5	24
 313.5	20.5
 314.5	23
 315.5	25
 316.5	20.5
 317.5	14
 318.5	24
 319.5	30
 320.5	22
 321.5	24
 322.5	26
 323.5	26
DB 1 MOTIF	ZIC1_HUMAN.H11MO.0.B
-327.5	20.5
-326.5	25
-325.5	22.8333
-324.5	21.5
-323.5	23.25
-322.5	31
-321.5	38.1667
-320.5	18
-319.5	30.8333
-318.5	25
-317.5	27.5909
-316.5	24
-315.5	20.5
-314.5	35.5333
-313.5	21.1
-312.5	22.4583
-311.5	13.45
-310.5	28.5833
-309.5	18
-308.5	26.1111
-307.5	25
-306.5	25.125
-305.5	26.5
-304.5	22
-303.5	22.5
-302.5	26.9762
-301.5	22
-300.5	20.5
-299.5	22
-298.5	29
-297.5	26
-296.5	23.25
-295.5	21
-294.5	21
-293.5	22.3333
-292.5	28.5
-291.5	18.25
-290.5	27.9583
-289.5	27.5
-288.5	25.5
-287.5	18.75
-286.5	22.5
-285.5	26.5
-284.5	24.3333
-283.5	29.75
-282.5	26.625
-281.5	19
-280.5	32
-279.5	32.2
-278.5	15.625
-277.5	21
-276.5	24.7
-275.5	24.4242
-274.5	18.5
-273.5	33.5
-272.5	23
-271.5	30.625
-270.5	21
-269.5	21
-268.5	19.5
-267.5	20.5833
-266.5	31
-265.5	18
-264.5	18.5
-263.5	25.5
-262.5	25.8333
-261.5	20.9444
-260.5	21.3333
-259.5	22
-258.5	25.5
-257.5	23.5
-256.5	26.5
-255.5	26.8333
-254.5	27
-253.5	20.4762
-252.5	25
-251.5	22.625
-250.5	26.5
-249.5	33.0333
-248.5	23.5
-247.5	26.5
-246.5	22.1667
-245.5	23
-244.5	24.2833
-243.5	31
-242.5	23
-241.5	32.8333
-240.5	23.125
-239.5	25.5
-238.5	26
-237.5	25.5
-236.5	38.5
-235.5	25.3333
-234.5	21.125
-233.5	30.5909
-232.5	24.4861
-231.5	26.6
-230.5	24.8333
-229.5	21.0769
-228.5	19
-227.5	22.5
-226.5	25.5
-225.5	24.6667
-224.5	29.5833
-223.5	28.8611
-222.5	33.5
-221.5	31.3333
-220.5	23.8333
-219.5	26.5
-218.5	22.25
-217.5	26.5
-216.5	33.5
-215.5	30.5
-214.5	31.5
-213.5	30.5
-212.5	25.7361
-211.5	28.5
-210.5	21
-209.5	20.2
-208.5	21.8333
-207.5	25
-206.5	23
-205.5	34.2679
-204.5	30.5
-203.5	21.5
-202.5	23.5
-201.5	15
-200.5	22
-199.5	28.5
-198.5	18
-197.5	15
-196.5	37
-195.5	18.225
-194.5	26.5
-193.5	28.5
-192.5	30.25
-191.5	26.0909
-190.5	22.625
-189.5	19.9444
-188.5	21.25
-187.5	27.5
-186.5	23.5
-185.5	24.5
-184.5	25.7
-183.5	29.5
-182.5	26
-181.5	16.0833
-180.5	29.8429
-179.5	30
-178.5	22.1111
-177.5	20
-176.5	26.5
-175.5	27.1667
-174.5	24.5
-173.5	27.875
-172.5	24.1
-171.5	26.2917
-170.5	23.625
-169.5	23.3333
-168.5	28.6111
-167.5	24.2833
-166.5	17
-165.5	23.5
-164.5	22.1667
-163.5	25.0769
-162.5	25
-161.5	31.875
-160.5	21.5
-159.5	24.8333
-158.5	19.5
-157.5	26.825
-156.5	23.8929
-155.5	20
-154.5	30.6
-153.5	26.5
-152.5	21.6
-151.5	29.5
-150.5	22
-149.5	20.5909
-148.5	24.8333
-147.5	21
-146.5	18
-145.5	28.5
-144.5	31.5
-143.5	16.3333
-142.5	25
-141.5	24.6667
-140.5	27
-139.5	25.5
-138.5	24.3944
-137.5	29.25
-136.5	24
-135.5	19.875
-134.5	32.125
-133.5	40.3333
-132.5	21.2019
-131.5	36.3333
-130.5	29.25
-129.5	18.25
-128.5	17
-127.5	24.7
-126.5	20.8333
-125.5	23.625
-124.5	27.3111
-123.5	31
-122.5	27.5
-121.5	25.8194
-120.5	21.5
-119.5	19
-118.5	15.5
-117.5	23.3333
-116.5	21.5
-115.5	28
-114.5	26
-113.5	27.5
-112.5	30.8333
-111.5	24.6429
-110.5	33.5
-109.5	28.6
-108.5	24.125
-107.5	34.4242
-106.5	24.8429
-105.5	30.8333
-104.5	28
-103.5	25.6667
-102.5	28
-101.5	31.7436
-100.5	32.625
 -99.5	33.5
 -98.5	27.5
 -97.5	30.2
 -96.5	26
 -95.5	24.125
 -94.5	35.9167
 -93.5	35.5
 -92.5	31.5
 -91.5	24
 -90.5	28.75
 -89.5	42.75
 -88.5	29.5
 -87.5	22.1944
 -86.5	28.5
 -85.5	24.25
 -84.5	26
 -83.5	33.5
 -82.5	23.1667
 -81.5	25.75
 -80.5	22
 -79.5	31.3333
 -78.5	24
 -77.5	29.1583
 -76.5	23
 -75.5	25.3333
 -74.5	28.9444
 -73.5	31
 -72.5	29.3269
 -71.5	30.5
 -70.5	33.1111
 -69.5	26.4167
 -68.5	18.7
 -67.5	23
 -66.5	17.5
 -65.5	24.3409
 -64.5	21.7576
 -63.5	34.5
 -62.5	24.5
 -61.5	30
 -60.5	28.5
 -59.5	21.9333
 -58.5	19.6429
 -57.5	18.75
 -56.5	18.625
 -55.5	25
 -54.5	30.3333
 -53.5	23.0333
 -52.5	18.8333
 -51.5	36.8333
 -50.5	30.0417
 -49.5	31.5
 -48.5	24
 -47.5	27
 -46.5	25.3333
 -45.5	27.325
 -44.5	12
 -43.5	33.5
 -42.5	18.6012
 -41.5	34.3019
 -40.5	23.1667
 -39.5	15
 -38.5	22.5
 -37.5	28.0333
 -36.5	17.1111
 -35.5	29.5
 -34.5	36.5
 -33.5	25
 -32.5	23.5
 -31.5	36.8333
 -30.5	21.375
 -29.5	25
 -28.5	32.5909
 -27.5	23.5
 -26.5	22.125
 -25.5	28
 -24.5	22
 -23.5	28.4409
 -22.5	25.25
 -21.5	28.5417
 -20.5	20.5333
 -19.5	28.6
 -18.5	20.5
 -17.5	32.625
 -16.5	16.1111
 -15.5	35
 -14.5	20.5
 -13.5	29
 -12.5	25.95
 -11.5	34.25
 -10.5	36.1429
  -9.5	26.5
  -8.5	32
  -7.5	22.5
  -6.5	25.5
  -5.5	20.975
  -4.5	31
  -3.5	29
  -2.5	30.8333
  -1.5	23.5
  -0.5	23.7
   0.5	26.75
   1.5	20.6667
   2.5	25.3333
   3.5	29
   4.5	25.625
   5.5	35.75
   6.5	25.5
   7.5	17.5492
   8.5	27
   9.5	34.5
  10.5	22
  11.5	29.7
  12.5	34.3333
  13.5	19
  14.5	14.6111
  15.5	32.0333
  16.5	28.5909
  17.5	30.325
  18.5	21.45
  19.5	26.9333
  20.5	25.1
  21.5	24.5
  22.5	18.5
  23.5	27
  24.5	31.5
  25.5	29
  26.5	30.6429
  27.5	17.5
  28.5	34.3333
  29.5	27.8333
  30.5	22.35
  31.5	25.5833
  32.5	27
  33.5	32
  34.5	24.75
  35.5	26.5
  36.5	32
  37.5	31.1111
  38.5	24.75
  39.5	23
  40.5	18.3333
  41.5	27.3333
  42.5	27.5
  43.5	28.7909
  44.5	18.5
  45.5	21.7
  46.5	33.6667
  47.5	25.75
  48.5	22.1667
  49.5	21
  50.5	29.125
  51.5	28.875
  52.5	24.6667
  53.5	35.5
  54.5	24.5
  55.5	34.5
  56.5	34
  57.5	22.5
  58.5	16.0909
  59.5	29.75
  60.5	26.5
  61.5	30.3333
  62.5	21.6
  63.5	31.9103
  64.5	15.8333
  65.5	25.1111
  66.5	35.1
  67.5	27.3333
  68.5	31.6111
  69.5	34.5
  70.5	23.625
  71.5	22.5
  72.5	24.7
  73.5	23.75
  74.5	25.2833
  75.5	25
  76.5	24.2
  77.5	32.5
  78.5	21.75
  79.5	17.0909
  80.5	19.25
  81.5	28.75
  82.5	17.5
  83.5	21.4167
  84.5	22.1667
  85.5	29.75
  86.5	32.5
  87.5	24
  88.5	23.8333
  89.5	29.5
  90.5	31
  91.5	22.6111
  92.5	30.5
  93.5	21.5
  94.5	23.0769
  95.5	23.125
  96.5	17.25
  97.5	29.2
  98.5	25.7
  99.5	16.6667
 100.5	22.0909
 101.5	31
 102.5	18.1
 103.5	28.1
 104.5	31
 105.5	22.5
 106.5	22.1
 107.5	24.625
 108.5	22.8333
 109.5	28.5
 110.5	27.125
 111.5	27
 112.5	23.5909
 113.5	35
 114.5	30
 115.5	26.202
 116.5	27.1111
 117.5	21.25
 118.5	25.3333
 119.5	25.25
 120.5	21.6
 121.5	28.5
 122.5	19.6667
 123.5	26.5
 124.5	22.5
 125.5	24.4103
 126.5	22.25
 127.5	29.0909
 128.5	28.5
 129.5	27
 130.5	27.2
 131.5	25
 132.5	23.5
 133.5	25
 134.5	25
 135.5	34
 136.5	29
 137.5	19.5
 138.5	29.6667
 139.5	33.4583
 140.5	24.1
 141.5	31.5333
 142.5	16.0909
 143.5	21.125
 144.5	32
 145.5	25.8611
 146.5	29.5
 147.5	14.3333
 148.5	21
 149.5	24.6
 150.5	25.6667
 151.5	20.0909
 152.5	26.3333
 153.5	26.5
 154.5	22
 155.5	33.75
 156.5	24.2
 157.5	17.4242
 158.5	19.8333
 159.5	33.1667
 160.5	19.0833
 161.5	27
 162.5	29.8611
 163.5	24.8333
 164.5	20.6429
 165.5	15.5
 166.5	26.3333
 167.5	22.4444
 168.5	26.3333
 169.5	30.3333
 170.5	27.4583
 171.5	22.45
 172.5	32.2159
 173.5	27.625
 174.5	15.5
 175.5	26
 176.5	30.1
 177.5	20.6667
 178.5	28
 179.5	20.5833
 180.5	30
 181.5	31.3333
 182.5	27
 183.5	24.125
 184.5	24.5
 185.5	18.3333
 186.5	27.5667
 187.5	19.6678
 188.5	21
 189.5	24
 190.5	42.5
 191.5	26
 192.5	24.5
 193.5	24.1
 194.5	18.6667
 195.5	26
 196.5	15
 197.5	32
 198.5	21.5
 199.5	19.6111
 200.5	21.3333
 201.5	23.8333
 202.5	25.3333
 203.5	27.6667
 204.5	16.5
 205.5	22
 206.5	25.625
 207.5	27.5333
 208.5	30
 209.5	13.25
 210.5	28
 211.5	21.125
 212.5	20.6
 213.5	20.8409
 214.5	20.8333
 215.5	26.5
 216.5	27.3667
 217.5	28.5
 218.5	25.8333
 219.5	24.5
 220.5	25.25
 221.5	17.5
 222.5	30.0769
 223.5	21.0909
 224.5	14
 225.5	28.5
 226.5	12.8333
 227.5	21.125
 228.5	25.5
 229.5	30.25
 230.5	22.8333
 231.5	35.8333
 232.5	27.25
 233.5	23.8095
 234.5	23
 235.5	30
 236.5	23.1
 237.5	28.8333
 238.5	26.1667
 239.5	24
 240.5	30.5
 241.5	27.125
 242.5	33.7
 243.5	28.1242
 244.5	20.5
 245.5	25.5
 246.5	29.1667
 247.5	26
 248.5	24.1
 249.5	25.5
 250.5	29.625
 251.5	27.3333
 252.5	17
 253.5	24.0769
 254.5	30.5
 255.5	26.9167
 256.5	25.5
 257.5	23.5
 258.5	28.8333
 259.5	31.0909
 260.5	28
 261.5	24.5
 262.5	17
 263.5	23.5
 264.5	23.5
 265.5	31
 266.5	31
 267.5	32
 268.5	22
 269.5	19.9242
 270.5	32.6667
 271.5	25.125
 272.5	30.6667
 273.5	26.3333
 274.5	30
 275.5	14.3333
 276.5	25.3333
 277.5	18.5
 278.5	28.1667
 279.5	23
 280.5	19.5
 281.5	16.3333
 282.5	28.25
 283.5	24.6667
 284.5	28.4242
 285.5	23.25
 286.5	22.8333
 287.5	24
 288.5	22
 289.5	14.5
 290.5	18.8333
 291.5	26.8333
 292.5	11.5
 293.5	21
 294.5	16.6667
 295.5	26.7576
 296.5	25.5
 297.5	34.0833
 298.5	25
 299.5	31.5
 300.5	18.2
 301.5	19
 302.5	15.6429
 303.5	20.3333
 304.5	30.5
 305.5	26
 306.5	27.25
 307.5	16.1667
 308.5	17.5
 309.5	25
 310.5	20.0909
 311.5	16.5
 312.5	24.5
 313.5	29.5
 314.5	20.5
 315.5	20.625
 316.5	28
 317.5	21.3269
 318.5	24.5
 319.5	21
 320.5	25.8333
 321.5	34
 322.5	16.75
 323.5	30.8333
 324.5	17
 325.5	30.8409
 326.5	27.6667
 327.5	23.8333
DB 1 MOTIF	ZIC3_HUMAN.H11MO.0.B
-324.5	20
-323.5	24.8333
-322.5	25
-321.5	22
-320.5	24.25
-319.5	21
-318.5	25
-317.5	26
-316.5	26
-315.5	29
-314.5	24
-313.5	14
-312.5	22.5
-311.5	27.25
-310.5	27
-309.5	17
-308.5	15
-307.5	28
-306.5	25
-305.5	19
-304.5	15.4444
-303.5	32
-302.5	23
-301.5	15
-300.5	26
-299.5	20
-298.5	19
-297.5	27.25
-296.5	29
-295.5	21.3333
-294.5	18
-293.5	25.5
-292.5	12
-291.5	26
-290.5	15.25
-289.5	22
-288.5	19
-287.5	18
-286.5	24
-285.5	19.5
-284.5	23
-283.5	22
-282.5	31
-281.5	18.3333
-280.5	16
-279.5	24
-278.5	21.5
-277.5	19
-276.5	25.5
-275.5	22
-274.5	21.5
-273.5	19
-272.5	25.3333
-271.5	24
-270.5	15
-269.5	20
-268.5	30
-267.5	19
-266.5	18
-265.5	17.3333
-264.5	31
-263.5	23.6667
-262.5	13.3333
-261.5	19
-260.5	9.5
-259.5	26
-258.5	25.0909
-257.5	21.5
-256.5	24
-255.5	17
-254.5	25
-253.5	18
-252.5	11
-251.5	34
-250.5	25.0714
-249.5	13
-248.5	30.25
-247.5	23
-246.5	20
-245.5	16
-244.5	24.25
-243.5	24
-242.5	22
-241.5	21
-240.5	16
-239.5	26.3333
-238.5	19
-237.5	24.2576
-236.5	17.5
-235.5	20.5833
-234.5	20
-233.5	16
-232.5	29
-231.5	22
-230.5	19
-229.5	24
-228.5	18
-227.5	29
-226.5	20
-225.5	26
-224.5	22.5
-223.5	25
-222.5	18.1111
-221.5	26
-220.5	21
-219.5	19.3409
-218.5	29
-217.5	23
-216.5	20.0714
-215.5	22.5
-214.5	28
-213.5	18
-212.5	18
-211.5	25
-210.5	26.5
-209.5	23.5
-208.5	33
-207.5	27
-206.5	25
-205.5	23
-204.5	17.5
-203.5	26
-202.5	20
-201.5	17
-200.5	22.3667
-199.5	26
-198.5	20
-197.5	23.0714
-196.5	24
-195.5	32
-194.5	25
-193.5	28
-192.5	21.1667
-191.5	23
-190.5	21
-189.5	18
-188.5	34
-187.5	30.5
-186.5	25
-185.5	25
-184.5	25.3333
-183.5	26
-182.5	25.0909
-181.5	21
-180.5	34.25
-179.5	24.3333
-178.5	20
-177.5	15
-176.5	16
-175.5	23.8333
-174.5	21
-173.5	32
-172.5	27
-171.5	22
-170.5	17
-169.5	24
-168.5	15
-167.5	27.1667
-166.5	22
-165.5	25
-164.5	17.5
-163.5	19.0714
-162.5	20.1667
-161.5	17
-160.5	16
-159.5	22.1111
-158.5	25
-157.5	36
-156.5	25.5
-155.5	17
-154.5	19
-153.5	27
-152.5	26.0909
-151.5	26
-150.5	23
-149.5	18
-148.5	19
-147.5	18
-146.5	28.2
-145.5	24
-144.5	16.3409
-143.5	25
-142.5	32.5
-141.5	33.5
-140.5	41
-139.5	22
-138.5	25
-137.5	21.3333
-136.5	33
-135.5	23
-134.5	19
-133.5	22.0714
-132.5	26
-131.5	23.5
-130.5	29
-129.5	26
-128.5	19
-127.5	24.3333
-126.5	20
-125.5	25
-124.5	29.25
-123.5	25
-122.5	19
-121.5	25
-120.5	17.0714
-119.5	18
-118.5	26
-117.5	31.125
-116.5	20.8111
-115.5	16.5
-114.5	23
-113.5	26
-112.5	18.0909
-111.5	24.25
-110.5	17
-109.5	20.2
-108.5	22
-107.5	27.3333
-106.5	16
-105.5	23
-104.5	21.25
-103.5	23
-102.5	26.1667
-101.5	26.25
-100.5	23
 -99.5	16
 -98.5	20.5
 -97.5	22.5
 -96.5	21.1111
 -95.5	24.1667
 -94.5	21
 -93.5	20.3333
 -92.5	24
 -91.5	13.5
 -90.5	30
 -89.5	18.1667
 -88.5	17
 -87.5	19
 -86.5	22.2
 -85.5	29
 -84.5	22.5
 -83.5	28
 -82.5	30.5
 -81.5	23
 -80.5	28.5
 -79.5	22.8333
 -78.5	16.5333
 -77.5	28
 -76.5	21
 -75.5	28.3333
 -74.5	23.1667
 -73.5	23
 -72.5	23
 -71.5	27
 -70.5	28
 -69.5	22
 -68.5	14.5
 -67.5	23
 -66.5	26.625
 -65.5	20.5
 -64.5	21
 -63.5	19
 -62.5	22
 -61.5	17
 -60.5	23
 -59.5	20.5
 -58.5	23
 -57.5	22
 -56.5	21.2
 -55.5	29
 -54.5	27
 -53.5	32.25
 -52.5	15.0909
 -51.5	21
 -50.5	16
 -49.5	18
 -48.5	22.4242
 -47.5	26.3333
 -46.5	18
 -45.5	27
 -44.5	29
 -43.5	24
 -42.5	13.5
 -41.5	23.5
 -40.5	22.1667
 -39.5	29
 -38.5	16
 -37.5	24
 -36.5	27
 -35.5	22.5833
 -34.5	21
 -33.5	27.1111
 -32.5	25.3333
 -31.5	23
 -30.5	24
 -29.5	23
 -28.5	21
 -27.5	36
 -26.5	33.7
 -25.5	29
 -24.5	27.6667
 -23.5	31.25
 -22.5	22
 -21.5	29.1111
 -20.5	38
 -19.5	28.5
 -18.5	26
 -17.5	27
 -16.5	24.0909
 -15.5	22.625
 -14.5	30
 -13.5	18.0909
 -12.5	23.1667
 -11.5	25.1667
 -10.5	26.5
  -9.5	26
  -8.5	22
  -7.5	22
  -6.5	21
  -5.5	24
  -4.5	24.5
  -3.5	21
  -2.5	28
  -1.5	34.5
  -0.5	29
   0.5	21
   1.5	28
   2.5	16
   3.5	32
   4.5	38
   5.5	23
   6.5	27
   7.5	23
   8.5	34
   9.5	29
  10.5	24.25
  11.5	12
  12.5	25.5333
  13.5	21.5
  14.5	14
  15.5	27
  16.5	25.5909
  17.5	19.5
  18.5	24.5
  19.5	26
  20.5	27
  21.5	32
  22.5	25
  23.5	22.5
  24.5	23
  25.5	29
  26.5	22.5
  27.5	25.5
  28.5	20
  29.5	23.1111
  30.5	25
  31.5	14
  32.5	24
  33.5	23
  34.5	21
  35.5	26.1964
  36.5	31
  37.5	24
  38.5	19
  39.5	22
  40.5	25
  41.5	21
  42.5	19
  43.5	33
  44.5	20.5
  45.5	21.25
  46.5	28.2576
  47.5	22.2576
  48.5	17.5
  49.5	21.5
  50.5	19.5714
  51.5	24.1667
  52.5	27
  53.5	24
  54.5	28
  55.5	19.1667
  56.5	21
  57.5	17.5
  58.5	29.3333
  59.5	24
  60.5	26
  61.5	37.6667
  62.5	27
  63.5	19
  64.5	27
  65.5	26
  66.5	23
  67.5	24
  68.5	24.5
  69.5	30
  70.5	20
  71.5	18.6111
  72.5	21.5
  73.5	24.2
  74.5	26
  75.5	25
  76.5	22
  77.5	25.1667
  78.5	26.0909
  79.5	16
  80.5	33
  81.5	24
  82.5	24
  83.5	21.0909
  84.5	30
  85.5	22
  86.5	24.125
  87.5	26
  88.5	26
  89.5	19.5
  90.5	23
  91.5	23
  92.5	22.1111
  93.5	27.5
  94.5	24.3333
  95.5	21
  96.5	16
  97.5	18
  98.5	26
  99.5	21
 100.5	17.5
 101.5	30.0714
 102.5	18
 103.5	27.1111
 104.5	19
 105.5	16
 106.5	30.8333
 107.5	24
 108.5	27
 109.5	23
 110.5	18
 111.5	29
 112.5	22
 113.5	34.5
 114.5	32
 115.5	18
 116.5	11.5
 117.5	28.1667
 118.5	20.3333
 119.5	12
 120.5	24
 121.5	33.1429
 122.5	22
 123.5	33
 124.5	33
 125.5	30
 126.5	34
 127.5	24
 128.5	22.5
 129.5	22
 130.5	23
 131.5	22.5
 132.5	21
 133.5	16
 134.5	30.3333
 135.5	20
 136.5	34
 137.5	24.125
 138.5	26.5
 139.5	20
 140.5	22.0909
 141.5	21.3333
 142.5	22.3333
 143.5	27
 144.5	28.0714
 145.5	24.5
 146.5	27
 147.5	18.5
 148.5	14
 149.5	29
 150.5	21.1429
 151.5	28
 152.5	18
 153.5	23
 154.5	26.6667
 155.5	26.4444
 156.5	15
 157.5	16.5714
 158.5	20
 159.5	19
 160.5	25
 161.5	33
 162.5	22
 163.5	28
 164.5	23
 165.5	24
 166.5	21
 167.5	19.1111
 168.5	18
 169.5	23
 170.5	19
 171.5	20
 172.5	25.1623
 173.5	25
 174.5	19
 175.5	15.5
 176.5	16.6667
 177.5	19
 178.5	21.3333
 179.5	20.6429
 180.5	20
 181.5	19
 182.5	16
 183.5	18
 184.5	29
 185.5	20
 186.5	33.0909
 187.5	18
 188.5	35.125
 189.5	20
 190.5	22
 191.5	10
 192.5	21
 193.5	24
 194.5	19.25
 195.5	28
 196.5	27
 197.5	21.3333
 198.5	19.5
 199.5	18.1111
 200.5	29
 201.5	29
 202.5	23
 203.5	31
 204.5	21.0909
 205.5	16
 206.5	25.5
 207.5	18
 208.5	24.1429
 209.5	19
 210.5	24
 211.5	27
 212.5	22
 213.5	22
 214.5	22
 215.5	22.5
 216.5	16
 217.5	21.5
 218.5	16.1111
 219.5	30.8333
 220.5	28
 221.5	26.0714
 222.5	23.3333
 223.5	26
 224.5	31
 225.5	38
 226.5	21
 227.5	17
 228.5	32
 229.5	24
 230.5	23
 231.5	17
 232.5	23
 233.5	22
 234.5	23
 235.5	19.0909
 236.5	18.0714
 237.5	15.1429
 238.5	23
 239.5	14.125
 240.5	21
 241.5	18
 242.5	19
 243.5	14
 244.5	27
 245.5	20
 246.5	19
 247.5	22
 248.5	16
 249.5	27
 250.5	25
 251.5	21
 252.5	23.3333
 253.5	21.3333
 254.5	23.0909
 255.5	29
 256.5	21
 257.5	20.3333
 258.5	26
 259.5	20
 260.5	13.5
 261.5	19
 262.5	27.5
 263.5	26.6111
 264.5	18
 265.5	13
 266.5	16.1429
 267.5	16.5
 268.5	11
 269.5	26
 270.5	18
 271.5	24
 272.5	24.3333
 273.5	21
 274.5	14
 275.5	25
 276.5	27
 277.5	22
 278.5	14
 279.5	19
 280.5	18
 281.5	21.1111
 282.5	19
 283.5	16
 284.5	26.8333
 285.5	21
 286.5	19
 287.5	17.3333
 288.5	18
 289.5	25
 290.5	22
 291.5	19.5
 292.5	20
 293.5	26
 294.5	25.4444
 295.5	19.6429
 296.5	21
 297.5	13
 298.5	22
 299.5	24
 300.5	10
 301.5	20
 302.5	27.5
 303.5	22
 304.5	29
 305.5	26
 306.5	21
 307.5	14
 308.5	19
 309.5	34
 310.5	15.5
 311.5	12
 312.5	20.3333
 313.5	18
 314.5	26
 315.5	17
 316.5	21.5
 317.5	15
 318.5	21.5
 319.5	17
 320.5	21
 321.5	24
 322.5	26
 323.5	16
 324.5	25
DB 1 MOTIF	ZIC4_HUMAN.H11MO.0.D
-324.5	8
-323.5	11
-322.5	12
-321.5	7
-320.5	12
-319.5	14
-318.5	13
-317.5	12
-316.5	10
-315.5	10
-314.5	10
-313.5	18
-312.5	11
-311.5	7
-310.5	12
-309.5	9
-308.5	9
-307.5	18
-306.5	11
-305.5	10
-304.5	2.33333
-303.5	13
-302.5	10
-301.5	10
-300.5	10
-299.5	11
-298.5	9
-297.5	12
-296.5	8
-295.5	7.33333
-294.5	12
-293.5	13
-292.5	9
-291.5	8
-290.5	15
-289.5	14
-288.5	7
-287.5	10
-286.5	12
-285.5	19
-284.5	7.2
-283.5	11
-282.5	19
-281.5	9
-280.5	14
-279.5	11
-278.5	12
-277.5	9
-276.5	11
-275.5	10
-274.5	11
-273.5	14
-272.5	9.33333
-271.5	13
-270.5	9.5
-269.5	14
-268.5	5
-267.5	6
-266.5	11
-265.5	11
-264.5	12.2
-263.5	14
-262.5	8
-261.5	7
-260.5	5
-259.5	14
-258.5	16
-257.5	11
-256.5	12.5
-255.5	7
-254.5	9
-253.5	9
-252.5	15
-251.5	15
-250.5	7
-249.5	14.5
-248.5	13
-247.5	15
-246.5	13
-245.5	11.1111
-244.5	22
-243.5	16
-242.5	8
-241.5	17
-240.5	15
-239.5	13
-238.5	11
-237.5	16
-236.5	10
-235.5	7
-234.5	9
-233.5	5
-232.5	13
-231.5	10
-230.5	16.1111
-229.5	15
-228.5	11
-227.5	9
-226.5	8
-225.5	16
-224.5	13.2
-223.5	18
-222.5	13
-221.5	16
-220.5	10
-219.5	12
-218.5	15
-217.5	17
-216.5	10
-215.5	7
-214.5	8
-213.5	9
-212.5	14
-211.5	12
-210.5	9
-209.5	12.2
-208.5	12
-207.5	11
-206.5	11
-205.5	15
-204.5	13.5
-203.5	14
-202.5	8
-201.5	8
-200.5	6
-199.5	11
-198.5	11
-197.5	12
-196.5	17
-195.5	10
-194.5	13
-193.5	12.2
-192.5	12
-191.5	21
-190.5	11.1111
-189.5	8
-188.5	16.3333
-187.5	15
-186.5	16
-185.5	11
-184.5	13.2
-183.5	15
-182.5	12
-181.5	9
-180.5	15
-179.5	9
-178.5	9
-177.5	5
-176.5	17
-175.5	10.3333
-174.5	14
-173.5	12
-172.5	10
-171.5	8
-170.5	13
-169.5	11
-168.5	12
-167.5	10
-166.5	4
-165.5	19
-164.5	11.2
-163.5	9
-162.5	7
-161.5	12
-160.5	11
-159.5	8
-158.5	8
-157.5	18
-156.5	17.5
-155.5	16
-154.5	13
-153.5	8
-152.5	12
-151.5	13.5
-150.5	14.1111
-149.5	12
-148.5	4
-147.5	8
-146.5	10
-145.5	7.5
-144.5	5
-143.5	13
-142.5	10
-141.5	18
-140.5	8
-139.5	19
-138.5	15
-137.5	16.1111
-136.5	14
-135.5	12
-134.5	5
-133.5	22
-132.5	11
-131.5	8.33333
-130.5	19
-129.5	9
-128.5	7.2
-127.5	8
-126.5	13
-125.5	11.25
-124.5	21
-123.5	15
-122.5	9
-121.5	20
-120.5	13
-119.5	17
-118.5	15
-117.5	11
-116.5	13
-115.5	16
-114.5	13
-113.5	10
-112.5	16
-111.5	17.5
-110.5	8.11111
-109.5	15
-108.5	12
-107.5	12
-106.5	15
-105.5	12
-104.5	7
-103.5	16.2
-102.5	16
-101.5	14
-100.5	13
 -99.5	12
 -98.5	16
 -97.5	12
 -96.5	4
 -95.5	17
 -94.5	7
 -93.5	12
 -92.5	14
 -91.5	11
 -90.5	11
 -89.5	8.25
 -88.5	11
 -87.5	18
 -86.5	15
 -85.5	15.5
 -84.5	12.2
 -83.5	11.4444
 -82.5	11
 -81.5	10
 -80.5	9
 -79.5	13.5
 -78.5	6.33333
 -77.5	12
 -76.5	7
 -75.5	14
 -74.5	14
 -73.5	8
 -72.5	9.7
 -71.5	16
 -70.5	9.61111
 -69.5	18.2
 -68.5	17
 -67.5	14
 -66.5	17
 -65.5	13
 -64.5	16
 -63.5	16
 -62.5	13.2
 -61.5	14
 -60.5	14
 -59.5	8
 -58.5	11
 -57.5	18
 -56.5	10
 -55.5	12.5
 -54.5	9
 -53.5	14.25
 -52.5	4
 -51.5	11
 -50.5	14
 -49.5	17
 -48.5	13
 -47.5	17
 -46.5	15
 -45.5	12
 -44.5	12
 -43.5	8
 -42.5	18.5
 -41.5	14.5
 -40.5	13
 -39.5	21
 -38.5	18
 -37.5	12.3333
 -36.5	15
 -35.5	12
 -34.5	10
 -33.5	18
 -32.5	17
 -31.5	20
 -30.5	10.1111
 -29.5	19.1111
 -28.5	20
 -27.5	12
 -26.5	16
 -25.5	17
 -24.5	16.2
 -23.5	14
 -22.5	23
 -21.5	13.2
 -20.5	14
 -19.5	15
 -18.5	17
 -17.5	9.25
 -16.5	13.7
 -15.5	12
 -14.5	10
 -13.5	15
 -12.5	15
 -11.5	23
 -10.5	19
  -9.5	22.5
  -8.5	13.5
  -7.5	8
  -6.5	16
  -5.5	10
  -4.5	9
  -3.5	8
  -2.5	14.5
  -1.5	16
  -0.5	18
   0.5	16
   1.5	18
   2.5	14
   3.5	16
   4.5	14
   5.5	12
   6.5	12.5
   7.5	14
   8.5	16
   9.5	20.1111
  10.5	9
  11.5	15
  12.5	16
  13.5	12
  14.5	8
  15.5	15
  16.5	15
  17.5	19
  18.5	19
  19.5	18
  20.5	20
  21.5	18.3333
  22.5	12.5
  23.5	13
  24.5	18.1111
  25.5	20
  26.5	5
  27.5	14
  28.5	12
  29.5	14
  30.5	10
  31.5	14
  32.5	14.1429
  33.5	12
  34.5	12
  35.5	11
  36.5	15
  37.5	11
  38.5	9
  39.5	15.2
  40.5	20
  41.5	12
  42.5	11
  43.5	10
  44.5	18
  45.5	13
  46.5	15
  47.5	11
  48.5	13
  49.5	9
  50.5	12.5
  51.5	12
  52.5	10
  53.5	12
  54.5	9
  55.5	8.33333
  56.5	8
  57.5	13
  58.5	9.33333
  59.5	14
  60.5	10
  61.5	10
  62.5	13
  63.5	14
  64.5	17.3333
  65.5	9.33333
  66.5	17
  67.5	11
  68.5	12.5
  69.5	20
  70.5	12
  71.5	12
  72.5	9.14286
  73.5	12
  74.5	12
  75.5	14
  76.5	8
  77.5	12
  78.5	8.11111
  79.5	11
  80.5	16
  81.5	7
  82.5	4
  83.5	11
  84.5	10
  85.5	13
  86.5	14
  87.5	12
  88.5	9
  89.5	11.1111
  90.5	16
  91.5	8
  92.5	11
  93.5	11
  94.5	8
  95.5	16
  96.5	12
  97.5	15
  98.5	10
  99.5	11
 100.5	16
 101.5	14.2
 102.5	12
 103.5	17
 104.5	17
 105.5	11
 106.5	21
 107.5	12
 108.5	18
 109.5	12
 110.5	9
 111.5	14
 112.5	14.1429
 113.5	10
 114.5	18
 115.5	11
 116.5	15
 117.5	7.5
 118.5	10
 119.5	15
 120.5	10
 121.5	13
 122.5	13
 123.5	18
 124.5	7
 125.5	9
 126.5	17
 127.5	7
 128.5	10
 129.5	11.1111
 130.5	13
 131.5	5
 132.5	9.11111
 133.5	9
 134.5	16
 135.5	12
 136.5	17
 137.5	13.5
 138.5	18
 139.5	12.2
 140.5	11
 141.5	11
 142.5	12
 143.5	8
 144.5	17.5
 145.5	15
 146.5	12
 147.5	13
 148.5	9
 149.5	7
 150.5	5
 151.5	16
 152.5	6.14286
 153.5	11
 154.5	12
 155.5	10.3333
 156.5	7
 157.5	11
 158.5	14.5
 159.5	13
 160.5	11
 161.5	10
 162.5	12
 163.5	14.5
 164.5	14
 165.5	17
 166.5	8
 167.5	18
 168.5	9
 169.5	18
 170.5	14
 171.5	12.5
 172.5	11
 173.5	12
 174.5	18
 175.5	14
 176.5	7.33333
 177.5	12
 178.5	9
 179.5	15
 180.5	17
 181.5	12
 182.5	17
 183.5	8.5
 184.5	12
 185.5	6
 186.5	10.1111
 187.5	18.2
 188.5	11
 189.5	15.5
 190.5	15
 191.5	12.5
 192.5	12.1429
 193.5	7.5
 194.5	13
 195.5	14
 196.5	6
 197.5	8
 198.5	9
 199.5	8
 200.5	15
 201.5	8.33333
 202.5	9
 203.5	14
 204.5	6
 205.5	14
 206.5	12
 207.5	14
 208.5	6
 209.5	14
 210.5	10
 211.5	9
 212.5	14.5
 213.5	10
 214.5	16
 215.5	15
 216.5	10
 217.5	10
 218.5	10
 219.5	11
 220.5	20
 221.5	8
 222.5	18
 223.5	13
 224.5	12
 225.5	22
 226.5	9
 227.5	11
 228.5	14
 229.5	13
 230.5	9
 231.5	12
 232.5	10.1429
 233.5	14
 234.5	12
 235.5	6
 236.5	11
 237.5	12
 238.5	7
 239.5	11
 240.5	8.11111
 241.5	8
 242.5	5
 243.5	12
 244.5	6
 245.5	10
 246.5	12
 247.5	14
 248.5	13
 249.5	10
 250.5	9
 251.5	8
 252.5	9.33333
 253.5	12
 254.5	11
 255.5	10
 256.5	8
 257.5	11
 258.5	15
 259.5	12
 260.5	8
 261.5	16
 262.5	6
 263.5	17.5
 264.5	9
 265.5	6.5
 266.5	7.5
 267.5	9.5
 268.5	6
 269.5	11
 270.5	8
 271.5	10
 272.5	12.1429
 273.5	12
 274.5	6
 275.5	10
 276.5	14
 277.5	10
 278.5	6
 279.5	12
 280.5	9
 281.5	16
 282.5	9
 283.5	5
 284.5	12
 285.5	15
 286.5	10
 287.5	17
 288.5	11
 289.5	11
 290.5	9
 291.5	12
 292.5	9
 293.5	8
 294.5	9
 295.5	9
 296.5	5
 297.5	9
 298.5	13
 299.5	8
 300.5	6
 301.5	10
 302.5	10
 303.5	5
 304.5	16
 305.5	11
 306.5	5
 307.5	4
 308.5	8
 309.5	15
 310.5	10
 311.5	6
 312.5	6
 313.5	6
 314.5	10
 315.5	9
 316.5	6
 317.5	8
 318.5	10
 319.5	12
 320.5	13
 321.5	6
 322.5	8
 323.5	4
 324.5	9
DB 1 MOTIF	ZN219_HUMAN.H11MO.0.D
-326.0	29
-325.0	14
-324.0	31.5
-323.0	16
-322.0	26
-321.0	19.2
-320.0	24.5
-319.0	20.5
-318.0	22.0909
-317.0	23.25
-316.0	26
-315.0	18
-314.0	29.6
-313.0	25.3333
-312.0	20
-311.0	13
-310.0	18
-309.0	23
-308.0	26
-307.0	27
-306.0	35.5
-305.0	17
-304.0	19.5
-303.0	24
-302.0	21.3333
-301.0	15
-300.0	33
-299.0	26
-298.0	22.3333
-297.0	26
-296.0	16
-295.0	20
-294.0	13.8333
-293.0	21
-292.0	24.8333
-291.0	19.6667
-290.0	15.5833
-289.0	19
-288.0	16
-287.0	17.5
-286.0	19
-285.0	22
-284.0	19
-283.0	11
-282.0	23.5833
-281.0	20.5
-280.0	17.5
-279.0	10.5
-278.0	26
-277.0	27.7
-276.0	21.0909
-275.0	17.5
-274.0	23.6111
-273.0	17.5
-272.0	26
-271.0	19
-270.0	18.5833
-269.0	17
-268.0	27.6667
-267.0	18
-266.0	24
-265.0	20
-264.0	20.5
-263.0	18
-262.0	23.5
-261.0	19.5
-260.0	19
-259.0	23.5
-258.0	22
-257.0	13
-256.0	23.5
-255.0	20
-254.0	26
-253.0	18
-252.0	23
-251.0	17.8333
-250.0	19
-249.0	20
-248.0	25.5
-247.0	21.75
-246.0	24.7
-245.0	21.1111
-244.0	19.6111
-243.0	18.125
-242.0	18.8333
-241.0	24.5
-240.0	24.5
-239.0	20
-238.0	15.3333
-237.0	28.0833
-236.0	20.5
-235.0	19
-234.0	30.4242
-233.0	15.5
-232.0	21.1
-231.0	20
-230.0	12.5
-229.0	19
-228.0	17
-227.0	11.5
-226.0	14
-225.0	23.5
-224.0	26
-223.0	23
-222.0	27
-221.0	22.5
-220.0	23.5
-219.0	18.3333
-218.0	17
-217.0	26.5
-216.0	25.6944
-215.0	18
-214.0	20
-213.0	12
-212.0	20.75
-211.0	20
-210.0	22
-209.0	26
-208.0	25.2917
-207.0	18
-206.0	19
-205.0	32
-204.0	18.5
-203.0	22.5
-202.0	18.3333
-201.0	17.8333
-200.0	16.25
-199.0	13
-198.0	19
-197.0	18
-196.0	26.6429
-195.0	18.5
-194.0	22
-193.0	19.5
-192.0	25.5909
-191.0	19.0833
-190.0	24.5
-189.0	22
-188.0	20
-187.0	21.1111
-186.0	14
-185.0	28.7
-184.0	19.45
-183.0	17
-182.0	21
-181.0	12.5
-180.0	17.25
-179.0	21.25
-178.0	18.2
-177.0	29
-176.0	22
-175.0	25.2
-174.0	27
-173.0	27.225
-172.0	20
-171.0	21.2
-170.0	20
-169.0	22.8333
-168.0	25
-167.0	27
-166.0	22
-165.0	20
-164.0	26
-163.0	18.1667
-162.0	21
-161.0	26.5
-160.0	20
-159.0	31
-158.0	19
-157.0	23
-156.0	21
-155.0	26.2111
-154.0	19.5
-153.0	24.5
-152.0	22.3333
-151.0	24
-150.0	27.0909
-149.0	22
-148.0	22.25
-147.0	18
-146.0	21.5
-145.0	21.5833
-144.0	20
-143.0	29.7
-142.0	24.3333
-141.0	29
-140.0	20
-139.0	18.45
-138.0	9.625
-137.0	29
-136.0	18.4444
-135.0	23
-134.0	24.8333
-133.0	18.75
-132.0	21
-131.0	20
-130.0	20.25
-129.0	25.5
-128.0	25
-127.0	18
-126.0	20
-125.0	23
-124.0	27
-123.0	23.1111
-122.0	22.5
-121.0	17.2
-120.0	13
-119.0	16.25
-118.0	26.75
-117.0	21.3333
-116.0	24
-115.0	18
-114.0	29.5
-113.0	16.7
-112.0	27
-111.0	24.6667
-110.0	24.8333
-109.0	24.5
-108.0	18.0909
-107.0	20
-106.0	32
-105.0	19.5
-104.0	22.3333
-103.0	22.125
-102.0	23
-101.0	14.5
-100.0	19
 -99.0	19.5833
 -98.0	18
 -97.0	25
 -96.0	36
 -95.0	27
 -94.0	20.75
 -93.0	23.5
 -92.0	28
 -91.0	27.1111
 -90.0	28.5
 -89.0	19.5
 -88.0	35.25
 -87.0	23
 -86.0	29
 -85.0	17
 -84.0	14
 -83.0	19
 -82.0	17.1111
 -81.0	27
 -80.0	12
 -79.0	27.5
 -78.0	22.6
 -77.0	16.5
 -76.0	21
 -75.0	22
 -74.0	23
 -73.0	17.5
 -72.0	28
 -71.0	23.5
 -70.0	30
 -69.0	25
 -68.0	22.375
 -67.0	16.3333
 -66.0	18.2576
 -65.0	26
 -64.0	22
 -63.0	15
 -62.0	18.5
 -61.0	22.5
 -60.0	18.1
 -59.0	21.6111
 -58.0	22
 -57.0	17
 -56.0	20.5
 -55.0	28
 -54.0	22.5
 -53.0	21.2083
 -52.0	23
 -51.0	27
 -50.0	21.5
 -49.0	26.5
 -48.0	28
 -47.0	22
 -46.0	22.5
 -45.0	20
 -44.0	27.5
 -43.0	22
 -42.0	19.5
 -41.0	23.5
 -40.0	20
 -39.0	28
 -38.0	29
 -37.0	19.5
 -36.0	27
 -35.0	19
 -34.0	24
 -33.0	24.125
 -32.0	20.5
 -31.0	21
 -30.0	21
 -29.0	25
 -28.0	13.1111
 -27.0	30.6111
 -26.0	21
 -25.0	23
 -24.0	23.0909
 -23.0	20.5
 -22.0	37.75
 -21.0	18
 -20.0	30.1
 -19.0	28.5
 -18.0	23.2
 -17.0	18
 -16.0	24
 -15.0	23.125
 -14.0	23.1667
 -13.0	20
 -12.0	26
 -11.0	37
 -10.0	27.5
  -9.0	40.25
  -8.0	32.8333
  -7.0	22.0833
  -6.0	20
  -5.0	22.2
  -4.0	27
  -3.0	28
  -2.0	20
  -1.0	19.7
   0.0	16
   1.0	22
   2.0	29.125
   3.0	21
   4.0	19.5
   5.0	31
   6.0	27
   7.0	22.1429
   8.0	26.75
   9.0	20
  10.0	18
  11.0	23.125
  12.0	12
  13.0	24.8333
  14.0	17
  15.0	24.3333
  16.0	26.0909
  17.0	25
  18.0	27
  19.0	32.2
  20.0	22.6
  21.0	22
  22.0	24
  23.0	23.125
  24.0	25
  25.0	18
  26.0	27.3111
  27.0	23
  28.0	23
  29.0	21.5
  30.0	26.5
  31.0	22
  32.0	18
  33.0	18.75
  34.0	23.4167
  35.0	18
  36.0	19
  37.0	14
  38.0	17
  39.0	32
  40.0	24
  41.0	18.5
  42.0	23.75
  43.0	26
  44.0	22.2
  45.0	17.5333
  46.0	27.5
  47.0	13
  48.0	11.5
  49.0	23
  50.0	31
  51.0	32
  52.0	25
  53.0	26
  54.0	25.5
  55.0	33
  56.0	17.5
  57.0	21
  58.0	21.0909
  59.0	28
  60.0	13
  61.0	27.625
  62.0	23
  63.0	22
  64.0	25
  65.0	20
  66.0	24
  67.0	33
  68.0	23.5
  69.0	30
  70.0	21.2
  71.0	18
  72.0	27.25
  73.0	21
  74.0	24
  75.0	25.5333
  76.0	22.4167
  77.0	15
  78.0	23.3333
  79.0	17
  80.0	25.8611
  81.0	16.25
  82.0	24
  83.0	9
  84.0	22
  85.0	22.0833
  86.0	32
  87.0	22
  88.0	16.5
  89.0	25
  90.0	29
  91.0	20
  92.0	33
  93.0	18.5
  94.0	27
  95.0	16
  96.0	27
  97.0	29.5
  98.0	26
  99.0	27
 100.0	14.5909
 101.0	17.5
 102.0	28.1
 103.0	28.5
 104.0	33.25
 105.0	16
 106.0	19
 107.0	22.25
 108.0	30
 109.0	28
 110.0	15
 111.0	30.8429
 112.0	22
 113.0	21.3333
 114.0	23
 115.0	28.25
 116.0	23
 117.0	26
 118.0	16
 119.0	23.5
 120.0	25.1
 121.0	24
 122.0	16.5
 123.0	21
 124.0	31
 125.0	23.5
 126.0	21
 127.0	20.5
 128.0	22.25
 129.0	22.5833
 130.0	31
 131.0	18.1667
 132.0	23
 133.0	27.5
 134.0	23.1111
 135.0	20.3333
 136.0	30.25
 137.0	29
 138.0	29
 139.0	18.625
 140.0	15.1667
 141.0	15.8333
 142.0	20
 143.0	28
 144.0	24
 145.0	22
 146.0	23
 147.0	19.6667
 148.0	30
 149.0	16.2
 150.0	17.1429
 151.0	28
 152.0	29.25
 153.0	28.75
 154.0	23
 155.0	11
 156.0	31
 157.0	25
 158.0	30.5
 159.0	22.5
 160.0	15
 161.0	12.5
 162.0	19.1429
 163.0	21
 164.0	19.5
 165.0	16
 166.0	23
 167.0	25
 168.0	18
 169.0	33
 170.0	28.6429
 171.0	21
 172.0	26.5
 173.0	23.5
 174.0	19
 175.0	23
 176.0	20
 177.0	26.7083
 178.0	19
 179.0	21.1667
 180.0	21
 181.0	24
 182.0	20.25
 183.0	18.5
 184.0	29
 185.0	15
 186.0	17
 187.0	29
 188.0	24.7778
 189.0	17
 190.0	31.6429
 191.0	24
 192.0	28
 193.0	26
 194.0	20.75
 195.0	18.5
 196.0	25.5
 197.0	19
 198.0	23
 199.0	15.5
 200.0	18.5
 201.0	21.5
 202.0	20
 203.0	17.5
 204.0	22.2
 205.0	34
 206.0	22.5
 207.0	14.5
 208.0	18
 209.0	21.4762
 210.0	20.6429
 211.0	24
 212.0	29
 213.0	24
 214.0	21.5
 215.0	31.3333
 216.0	12.5
 217.0	18
 218.0	18.3333
 219.0	19.5
 220.0	17
 221.0	21
 222.0	22
 223.0	13.5833
 224.0	23.5
 225.0	22.3333
 226.0	17
 227.0	28
 228.0	23.1667
 229.0	20.8333
 230.0	21.6429
 231.0	20
 232.0	24
 233.0	21.3333
 234.0	21.25
 235.0	19.75
 236.0	20
 237.0	20
 238.0	15
 239.0	30
 240.0	16
 241.0	20
 242.0	17.1111
 243.0	20.5
 244.0	27
 245.0	20
 246.0	25
 247.0	23
 248.0	22
 249.0	21.5
 250.0	23.6429
 251.0	18
 252.0	25
 253.0	17
 254.0	18.5
 255.0	22
 256.0	21
 257.0	18.3095
 258.0	14
 259.0	21.5
 260.0	25
 261.0	30
 262.0	28
 263.0	16
 264.0	25
 265.0	32
 266.0	26.5
 267.0	22
 268.0	25.5
 269.0	22.0833
 270.0	19.1429
 271.0	23
 272.0	18
 273.0	18.25
 274.0	21
 275.0	15
 276.0	23
 277.0	29
 278.0	25.3333
 279.0	19.2
 280.0	19
 281.0	30
 282.0	23
 283.0	19
 284.0	18.5
 285.0	27
 286.0	30
 287.0	20.5
 288.0	8.66667
 289.0	21
 290.0	25
 291.0	21
 292.0	20.5
 293.0	19
 294.0	18
 295.0	17.3333
 296.0	25.6667
 297.0	18.3333
 298.0	23
 299.0	22
 300.0	20.5
 301.0	17.125
 302.0	26
 303.0	21
 304.0	25.8333
 305.0	17
 306.0	20
 307.0	24.1429
 308.0	20.5
 309.0	24
 310.0	21
 311.0	21
 312.0	19
 313.0	24.5
 314.0	27.5
 315.0	19.5833
 316.0	24.3333
 317.0	20
 318.0	16.5
 319.0	25.5
 320.0	18
 321.0	22
 322.0	18.5
 323.0	23.5
 324.0	22.5
 325.0	12
 326.0	21
DB 1 MOTIF	ZN263_HUMAN.H11MO.1.A
-326.5	24
-325.5	16
-324.5	22.6333
-323.5	21
-322.5	26
-321.5	18.0833
-320.5	21.8333
-319.5	24
-318.5	12.3333
-317.5	19.0076
-316.5	26.5
-315.5	20
-314.5	20
-313.5	16.5
-312.5	18
-311.5	19
-310.5	16
-309.5	18.1
-308.5	25
-307.5	21
-306.5	22.1
-305.5	21.3333
-304.5	24.5
-303.5	24.6
-302.5	17.3333
-301.5	20
-300.5	13
-299.5	28.7
-298.5	14
-297.5	24.8333
-296.5	22
-295.5	23
-294.5	19
-293.5	28.3333
-292.5	20
-291.5	32
-290.5	27.3333
-289.5	19.5333
-288.5	24.1
-287.5	13
-286.5	26
-285.5	20.1
-284.5	19.7338
-283.5	18
-282.5	14
-281.5	24.5
-280.5	19.5
-279.5	13
-278.5	17
-277.5	21
-276.5	21
-275.5	23.5909
-274.5	23.5
-273.5	33.1
-272.5	26.1667
-271.5	16
-270.5	18.6
-269.5	22
-268.5	17
-267.5	20.1
-266.5	18.2
-265.5	18
-264.5	25.6
-263.5	23
-262.5	29.5
-261.5	20.1833
-260.5	17.3333
-259.5	19.5
-258.5	25.2083
-257.5	21.5
-256.5	27.5
-255.5	18
-254.5	21.7
-253.5	23.5
-252.5	16
-251.5	21.6429
-250.5	16.4444
-249.5	16
-248.5	15.75
-247.5	18
-246.5	14.0833
-245.5	22
-244.5	24
-243.5	22.0833
-242.5	18
-241.5	17
-240.5	16.6603
-239.5	14.1667
-238.5	23.5
-237.5	22.5833
-236.5	13
-235.5	26
-234.5	28.2262
-233.5	14.0909
-232.5	12.25
-231.5	24.0833
-230.5	12.5
-229.5	21.1
-228.5	21.5833
-227.5	24
-226.5	23.6429
-225.5	26.0833
-224.5	16
-223.5	21
-222.5	18.5833
-221.5	16
-220.5	19
-219.5	21.1167
-218.5	18.5833
-217.5	19
-216.5	22.5
-215.5	21.1111
-214.5	19
-213.5	16.5
-212.5	23.6429
-211.5	22.3929
-210.5	14.5
-209.5	14
-208.5	18.5
-207.5	9
-206.5	18.5
-205.5	22.5833
-204.5	15.5
-203.5	18.3333
-202.5	25
-201.5	19.5
-200.5	22
-199.5	26.5
-198.5	25
-197.5	16.5
-196.5	25
-195.5	31.125
-194.5	13
-193.5	26
-192.5	24.5
-191.5	23.0909
-190.5	31.2
-189.5	17
-188.5	18.5
-187.5	28
-186.5	23
-185.5	20.3
-184.5	16.5929
-183.5	21
-182.5	15.2
-181.5	20
-180.5	15.1111
-179.5	24.2
-178.5	23.4167
-177.5	25
-176.5	24.7
-175.5	20
-174.5	29
-173.5	24.4
-172.5	19
-171.5	21.6429
-170.5	22
-169.5	18
-168.5	20.6429
-167.5	18.4103
-166.5	14
-165.5	27.5
-164.5	25
-163.5	27.6667
-162.5	17
-161.5	32
-160.5	16.5909
-159.5	20.5
-158.5	24
-157.5	26
-156.5	22.5
-155.5	23
-154.5	17.5
-153.5	21
-152.5	26
-151.5	22
-150.5	16.1429
-149.5	23.3742
-148.5	28
-147.5	22.1667
-146.5	27.5
-145.5	30.6111
-144.5	21.5
-143.5	26.5
-142.5	22
-141.5	21
-140.5	19
-139.5	20
-138.5	16.5
-137.5	21
-136.5	22.25
-135.5	20.5
-134.5	23.5
-133.5	17.1429
-132.5	27.625
-131.5	26
-130.5	22
-129.5	26.5
-128.5	24
-127.5	23
-126.5	24
-125.5	26.5
-124.5	25.1429
-123.5	30.1667
-122.5	24.5833
-121.5	18
-120.5	24.5909
-119.5	30
-118.5	20
-117.5	16
-116.5	20.1667
-115.5	27.3333
-114.5	18.3333
-113.5	19.5
-112.5	24
-111.5	22
-110.5	29.2873
-109.5	22
-108.5	20
-107.5	15.9242
-106.5	26
-105.5	18
-104.5	22.3333
-103.5	24.5
-102.5	26
-101.5	20
-100.5	16
 -99.5	17
 -98.5	23.75
 -97.5	13.5
 -96.5	21.2
 -95.5	24.3333
 -94.5	22.5
 -93.5	24.0769
 -92.5	28.3333
 -91.5	19
 -90.5	19
 -89.5	14.3333
 -88.5	22.25
 -87.5	28
 -86.5	22
 -85.5	19.6667
 -84.5	30
 -83.5	26.6429
 -82.5	17.1667
 -81.5	29.5
 -80.5	25.7338
 -79.5	14
 -78.5	15
 -77.5	25
 -76.5	29
 -75.5	19.3111
 -74.5	21
 -73.5	17.7
 -72.5	28
 -71.5	17.3333
 -70.5	21.1429
 -69.5	24.625
 -68.5	22
 -67.5	20
 -66.5	24.0833
 -65.5	22.3409
 -64.5	24.5
 -63.5	23.5
 -62.5	11
 -61.5	25.5
 -60.5	21
 -59.5	17
 -58.5	25
 -57.5	29.5
 -56.5	18.6103
 -55.5	22.5
 -54.5	28.6667
 -53.5	20.25
 -52.5	22.5
 -51.5	24.3333
 -50.5	21
 -49.5	22
 -48.5	18.3333
 -47.5	23.5333
 -46.5	19.8333
 -45.5	25.6667
 -44.5	28.3333
 -43.5	23.1667
 -42.5	26.3333
 -41.5	20
 -40.5	24.202
 -39.5	22.1667
 -38.5	22
 -37.5	24.7
 -36.5	16.1429
 -35.5	22
 -34.5	22.5
 -33.5	26.2
 -32.5	19.5
 -31.5	26
 -30.5	26
 -29.5	23.25
 -28.5	27.5
 -27.5	18
 -26.5	35
 -25.5	20
 -24.5	26.5833
 -23.5	20.2576
 -22.5	18
 -21.5	24.3333
 -20.5	26
 -19.5	23.5
 -18.5	11
 -17.5	21.1667
 -16.5	24.1429
 -15.5	25.25
 -14.5	22.25
 -13.5	16.5
 -12.5	26.75
 -11.5	18.25
 -10.5	15.4167
  -9.5	19.0833
  -8.5	17.25
  -7.5	29.5
  -6.5	23.5833
  -5.5	16.3611
  -4.5	16.5
  -3.5	29.3333
  -2.5	17
  -1.5	21.5
  -0.5	28
   0.5	16.2
   1.5	20.5909
   2.5	16
   3.5	19
   4.5	15
   5.5	30
   6.5	22
   7.5	17.6429
   8.5	16
   9.5	26.5
  10.5	17.25
  11.5	22.5
  12.5	23
  13.5	19.75
  14.5	22
  15.5	29.5333
  16.5	23.7338
  17.5	16.3269
  18.5	23.3333
  19.5	17
  20.5	17.1667
  21.5	25.1429
  22.5	19.7
  23.5	21.45
  24.5	22.3333
  25.5	26.3
  26.5	21.5
  27.5	18.3333
  28.5	20.2
  29.5	17.1111
  30.5	21.8333
  31.5	27.7
  32.5	20
  33.5	31.5
  34.5	23.7
  35.5	27.5
  36.5	15
  37.5	13
  38.5	11.7
  39.5	20.5
  40.5	18.5
  41.5	16.0909
  42.5	20
  43.5	22
  44.5	23.5
  45.5	21.0833
  46.5	20
  47.5	25
  48.5	19
  49.5	21.5
  50.5	18
  51.5	26.3095
  52.5	16.5
  53.5	28.25
  54.5	15.0769
  55.5	34
  56.5	22.7679
  57.5	24
  58.5	25.7576
  59.5	23
  60.5	27.5
  61.5	16.6429
  62.5	17
  63.5	26.7
  64.5	24.5
  65.5	20
  66.5	26
  67.5	17
  68.5	17
  69.5	20.6
  70.5	17.1111
  71.5	12.25
  72.5	25
  73.5	29.1111
  74.5	16.5
  75.5	23.5
  76.5	20.3111
  77.5	26.5
  78.5	25.25
  79.5	26.6111
  80.5	24
  81.5	23.0909
  82.5	24.9206
  83.5	27.5
  84.5	28
  85.5	25.1111
  86.5	25.5
  87.5	17
  88.5	18.3611
  89.5	26
  90.5	23.3333
  91.5	26.0769
  92.5	21.5
  93.5	20
  94.5	24
  95.5	21.3333
  96.5	21.5
  97.5	23
  98.5	25.5
  99.5	22.3667
 100.5	25.0909
 101.5	22.6429
 102.5	18.6667
 103.5	24
 104.5	16.5
 105.5	17.1667
 106.5	25.3333
 107.5	17
 108.5	28.1667
 109.5	19.1667
 110.5	25
 111.5	21.6667
 112.5	14.5
 113.5	23.2667
 114.5	26.6667
 115.5	25.5833
 116.5	22
 117.5	22.5
 118.5	22.1111
 119.5	17.625
 120.5	26
 121.5	26.1111
 122.5	24.1429
 123.5	22
 124.5	28
 125.5	37
 126.5	29.5
 127.5	21
 128.5	24.5769
 129.5	21.8333
 130.5	18.1429
 131.5	20
 132.5	24.3333
 133.5	19.5
 134.5	25
 135.5	19
 136.5	23
 137.5	27
 138.5	15
 139.5	22.2
 140.5	14.5
 141.5	27
 142.5	27
 143.5	18
 144.5	21.1667
 145.5	24
 146.5	25.3333
 147.5	18
 148.5	19.5
 149.5	28
 150.5	21.5
 151.5	19
 152.5	22.25
 153.5	16
 154.5	19
 155.5	35.5
 156.5	33
 157.5	17.1833
 158.5	23
 159.5	30.7
 160.5	23
 161.5	21.2576
 162.5	22.5
 163.5	21
 164.5	22.5
 165.5	19.0769
 166.5	20.6429
 167.5	24.1429
 168.5	15.5
 169.5	18
 170.5	20.8333
 171.5	27.3333
 172.5	17.5
 173.5	23.3333
 174.5	24
 175.5	21.1667
 176.5	18.5333
 177.5	21
 178.5	23.5
 179.5	18.5
 180.5	29
 181.5	25.5
 182.5	13.625
 183.5	27
 184.5	9.75
 185.5	24
 186.5	12
 187.5	33.75
 188.5	23.5
 189.5	18
 190.5	17.25
 191.5	16.5
 192.5	28
 193.5	21.25
 194.5	19
 195.5	18.1667
 196.5	18
 197.5	20
 198.5	18
 199.5	21.2
 200.5	19
 201.5	24.5242
 202.5	20.0769
 203.5	21
 204.5	29.5
 205.5	24
 206.5	22
 207.5	15.5
 208.5	16
 209.5	27.5
 210.5	16
 211.5	15.3333
 212.5	23
 213.5	15.0833
 214.5	12.5
 215.5	18.1667
 216.5	28.5
 217.5	18
 218.5	23.6667
 219.5	20.5
 220.5	19
 221.5	21.1667
 222.5	16.3333
 223.5	13.5
 224.5	22.4167
 225.5	29
 226.5	25
 227.5	21.6667
 228.5	14
 229.5	22.1667
 230.5	20.5
 231.5	21.5
 232.5	18.3333
 233.5	25
 234.5	20.5
 235.5	23.6667
 236.5	25
 237.5	16
 238.5	22
 239.5	25.0769
 240.5	16.5
 241.5	19.3429
 242.5	17
 243.5	28.5
 244.5	15.2
 245.5	16.475
 246.5	26
 247.5	12.2
 248.5	27
 249.5	9
 250.5	20.2
 251.5	28.5
 252.5	26.1667
 253.5	27.2
 254.5	23.5
 255.5	12.1667
 256.5	19
 257.5	17
 258.5	16.1667
 259.5	17.3333
 260.5	15
 261.5	16.1667
 262.5	19
 263.5	23.3333
 264.5	20.75
 265.5	26.5
 266.5	20
 267.5	13.1667
 268.5	17.3333
 269.5	16.5833
 270.5	13
 271.5	14.5333
 272.5	19
 273.5	26.8333
 274.5	20.3333
 275.5	15.5
 276.5	15.5769
 277.5	18.5
 278.5	21.1429
 279.5	22
 280.5	23
 281.5	17.0909
 282.5	16
 283.5	21
 284.5	13.5
 285.5	21
 286.5	17
 287.5	12.5
 288.5	11
 289.5	23.6
 290.5	22
 291.5	16
 292.5	21
 293.5	21.5
 294.5	21.6429
 295.5	16.3333
 296.5	28.5833
 297.5	20.1667
 298.5	11
 299.5	9
 300.5	20
 301.5	22
 302.5	20
 303.5	17.1667
 304.5	24
 305.5	23
 306.5	19
 307.5	30.5
 308.5	23.5
 309.5	17
 310.5	16
 311.5	18.5
 312.5	25.5769
 313.5	11
 314.5	24
 315.5	20.6429
 316.5	21
 317.5	22
 318.5	12.3333
 319.5	14.1429
 320.5	14
 321.5	21
 322.5	21
 323.5	29
 324.5	24
 325.5	21
 326.5	18
DB 1 MOTIF	ZN322_HUMAN.H11MO.0.B
-322.0	24.5
-321.0	28
-320.0	19.3333
-319.0	20
-318.0	20
-317.0	22
-316.0	18
-315.0	24
-314.0	17
-313.0	18
-312.0	21
-311.0	21
-310.0	26
-309.0	30
-308.0	22
-307.0	24
-306.0	21
-305.0	17.5
-304.0	20
-303.0	24
-302.0	16.2
-301.0	25
-300.0	13
-299.0	23
-298.0	21
-297.0	25
-296.0	23
-295.0	18
-294.0	23.25
-293.0	32
-292.0	34
-291.0	25
-290.0	22
-289.0	20
-288.0	9
-287.0	28
-286.0	20
-285.0	21
-284.0	20
-283.0	11
-282.0	28.5
-281.0	23
-280.0	19
-279.0	29
-278.0	18
-277.0	26
-276.0	21.5
-275.0	17
-274.0	20.5
-273.0	29
-272.0	22
-271.0	21
-270.0	16
-269.0	24
-268.0	23
-267.0	19
-266.0	14
-265.0	22
-264.0	17
-263.0	20
-262.0	25
-261.0	23.2
-260.0	22
-259.0	20
-258.0	25
-257.0	22
-256.0	18
-255.0	25
-254.0	17.25
-253.0	24
-252.0	14
-251.0	30
-250.0	27
-249.0	17.25
-248.0	23
-247.0	12.75
-246.0	18
-245.0	31
-244.0	26.3333
-243.0	18
-242.0	30
-241.0	16
-240.0	18
-239.0	25
-238.0	23
-237.0	21
-236.0	17
-235.0	28
-234.0	14.3333
-233.0	24.5
-232.0	26
-231.0	17
-230.0	39
-229.0	23
-228.0	24
-227.0	25
-226.0	16
-225.0	21
-224.0	25
-223.0	27
-222.0	19
-221.0	31
-220.0	11.2
-219.0	26
-218.0	26
-217.0	23
-216.0	21
-215.0	28
-214.0	18
-213.0	21.7
-212.0	15
-211.0	14
-210.0	20
-209.0	25
-208.0	27
-207.0	26
-206.0	23
-205.0	24
-204.0	19
-203.0	25
-202.0	24
-201.0	17
-200.0	14
-199.0	25
-198.0	22
-197.0	24
-196.0	19
-195.0	18
-194.0	25
-193.0	21.5
-192.0	23
-191.0	22
-190.0	22
-189.0	18
-188.0	20
-187.0	20
-186.0	26
-185.0	14
-184.0	16
-183.0	23
-182.0	28
-181.0	23
-180.0	28
-179.0	23.2
-178.0	29
-177.0	19
-176.0	27
-175.0	30
-174.0	23
-173.0	23
-172.0	14.3333
-171.0	17
-170.0	25
-169.0	26
-168.0	28
-167.0	21.5
-166.0	29
-165.0	19
-164.0	29
-163.0	28
-162.0	20.5
-161.0	15
-160.0	26
-159.0	25
-158.0	32
-157.0	20
-156.0	22
-155.0	30
-154.0	18
-153.0	19
-152.0	27
-151.0	16
-150.0	20
-149.0	18
-148.0	25
-147.0	21
-146.0	21
-145.0	26.5
-144.0	20.2
-143.0	21
-142.0	26
-141.0	25
-140.0	28
-139.0	22
-138.0	24.2
-137.0	26
-136.0	24.8333
-135.0	25
-134.0	27.25
-133.0	18
-132.0	18
-131.0	26
-130.0	26
-129.0	24
-128.0	24.5
-127.0	25
-126.0	21
-125.0	15
-124.0	19
-123.0	22
-122.0	20
-121.0	18
-120.0	16
-119.0	17
-118.0	21
-117.0	22.3333
-116.0	23
-115.0	23
-114.0	29
-113.0	15
-112.0	25
-111.0	19.5
-110.0	30
-109.0	17.3333
-108.0	19
-107.0	23
-106.0	24
-105.0	27.3333
-104.0	31.25
-103.0	29
-102.0	28
-101.0	23
-100.0	24
 -99.0	23
 -98.0	15
 -97.0	22
 -96.0	14
 -95.0	22
 -94.0	24.25
 -93.0	33
 -92.0	24
 -91.0	25
 -90.0	24
 -89.0	18.5
 -88.0	21.25
 -87.0	25
 -86.0	21
 -85.0	25.5
 -84.0	23
 -83.0	26
 -82.0	16.3333
 -81.0	23
 -80.0	30
 -79.0	28
 -78.0	23
 -77.0	28
 -76.0	27
 -75.0	19.7
 -74.0	25.75
 -73.0	24
 -72.0	24
 -71.0	18
 -70.0	24
 -69.0	25
 -68.0	31
 -67.0	29
 -66.0	16.25
 -65.0	20
 -64.0	23
 -63.0	17.8333
 -62.0	23
 -61.0	21
 -60.0	26
 -59.0	17
 -58.0	18
 -57.0	17
 -56.0	21.3333
 -55.0	27
 -54.0	18
 -53.0	26
 -52.0	28
 -51.0	20
 -50.0	29
 -49.0	17.3333
 -48.0	25
 -47.0	22
 -46.0	22
 -45.0	20.5
 -44.0	21.25
 -43.0	22
 -42.0	23
 -41.0	25
 -40.0	24
 -39.0	23.5
 -38.0	16.5
 -37.0	21
 -36.0	23.5
 -35.0	26
 -34.0	20
 -33.0	30
 -32.0	24.5
 -31.0	28
 -30.0	12
 -29.0	19.5
 -28.0	26.3333
 -27.0	24
 -26.0	27
 -25.0	41.5
 -24.0	20.5
 -23.0	25.3333
 -22.0	25
 -21.0	24
 -20.0	33
 -19.0	24
 -18.0	23.5
 -17.0	21
 -16.0	20.25
 -15.0	22
 -14.0	34
 -13.0	20
 -12.0	22
 -11.0	19
 -10.0	26
  -9.0	20
  -8.0	18.5
  -7.0	19
  -6.0	21.2
  -5.0	18
  -4.0	27
  -3.0	23.5
  -2.0	28
  -1.0	26
   0.0	34
   1.0	17
   2.0	22.5
   3.0	16
   4.0	21
   5.0	19.5
   6.0	20
   7.0	25.3333
   8.0	32
   9.0	26
  10.0	31
  11.0	26.5
  12.0	29
  13.0	27
  14.0	20
  15.0	32.5
  16.0	21.5
  17.0	17
  18.0	24
  19.0	22
  20.0	20
  21.0	23
  22.0	18
  23.0	34
  24.0	23
  25.0	31
  26.0	27
  27.0	23
  28.0	23
  29.0	32
  30.0	21
  31.0	25
  32.0	27.25
  33.0	23.5
  34.0	22
  35.0	26.5
  36.0	23
  37.0	28
  38.0	24
  39.0	27
  40.0	35
  41.0	30
  42.0	23
  43.0	19
  44.0	22
  45.0	16
  46.0	22
  47.0	30
  48.0	23
  49.0	22
  50.0	18
  51.0	33
  52.0	19.5
  53.0	26.3333
  54.0	33.5
  55.0	23
  56.0	20
  57.0	26
  58.0	18
  59.0	24.25
  60.0	22
  61.0	22
  62.0	16
  63.0	16.2
  64.0	29.3333
  65.0	31
  66.0	22
  67.0	14.5
  68.0	23
  69.0	33
  70.0	18
  71.0	21
  72.0	25
  73.0	19
  74.0	26.3333
  75.0	23
  76.0	38
  77.0	21
  78.0	29
  79.0	18.3333
  80.0	25
  81.0	19
  82.0	24
  83.0	28
  84.0	21
  85.0	33
  86.0	17
  87.0	19
  88.0	20
  89.0	19
  90.0	29
  91.0	22
  92.0	25
  93.0	20
  94.0	32.3333
  95.0	29
  96.0	23
  97.0	26
  98.0	22
  99.0	26
 100.0	25
 101.0	23
 102.0	32
 103.0	23.5
 104.0	17
 105.0	18
 106.0	21
 107.0	16
 108.0	18
 109.0	17
 110.0	19
 111.0	17
 112.0	11
 113.0	14
 114.0	27
 115.0	25
 116.0	22
 117.0	22
 118.0	18
 119.0	32
 120.0	26.5
 121.0	22
 122.0	23
 123.0	24.3333
 124.0	30
 125.0	31.5
 126.0	19
 127.0	15
 128.0	26
 129.0	17.25
 130.0	16
 131.0	22
 132.0	22.5
 133.0	25.25
 134.0	24
 135.0	22
 136.0	21
 137.0	19
 138.0	27.5
 139.0	21
 140.0	25.5
 141.0	29
 142.0	21
 143.0	26
 144.0	25
 145.0	22
 146.0	12
 147.0	22.5
 148.0	20
 149.0	25.3333
 150.0	23
 151.0	12.25
 152.0	16
 153.0	21
 154.0	23
 155.0	13.5
 156.0	21
 157.0	31
 158.0	28
 159.0	26
 160.0	22
 161.0	20.25
 162.0	29
 163.0	13.5
 164.0	19
 165.0	29
 166.0	27
 167.0	19
 168.0	20.5
 169.0	16
 170.0	12
 171.0	26
 172.0	22
 173.0	23
 174.0	20.5
 175.0	25
 176.0	15
 177.0	25
 178.0	27
 179.0	20
 180.0	20
 181.0	24.25
 182.0	17
 183.0	30.5
 184.0	19.5
 185.0	22.5
 186.0	22
 187.0	20
 188.0	21
 189.0	19
 190.0	31
 191.0	19
 192.0	26.5
 193.0	17.5
 194.0	27
 195.0	27
 196.0	24
 197.0	25
 198.0	14
 199.0	18.5
 200.0	21
 201.0	27
 202.0	21
 203.0	19
 204.0	18
 205.0	14
 206.0	21
 207.0	21
 208.0	19
 209.0	25.5
 210.0	17
 211.0	22
 212.0	16.5
 213.0	27.5
 214.0	25
 215.0	22
 216.0	18
 217.0	23
 218.0	18
 219.0	19
 220.0	13
 221.0	19.25
 222.0	21
 223.0	22
 224.0	21.5
 225.0	25
 226.0	22.25
 227.0	32
 228.0	29
 229.0	21.25
 230.0	26
 231.0	26
 232.0	21.3333
 233.0	22
 234.0	17
 235.0	24
 236.0	27.5
 237.0	20.5
 238.0	15
 239.0	21
 240.0	19
 241.0	30
 242.0	23
 243.0	28.5
 244.0	20
 245.0	20
 246.0	16
 247.0	29
 248.0	17.5
 249.0	20
 250.0	20
 251.0	15.5
 252.0	22
 253.0	19
 254.0	27
 255.0	28
 256.0	24
 257.0	20
 258.0	26
 259.0	25
 260.0	15
 261.0	22
 262.0	25
 263.0	29.5
 264.0	22
 265.0	24.5
 266.0	18
 267.0	20
 268.0	20
 269.0	21
 270.0	23
 271.0	19.5
 272.0	19
 273.0	19
 274.0	25
 275.0	20
 276.0	20
 277.0	18
 278.0	23
 279.0	18
 280.0	20
 281.0	33.5
 282.0	25
 283.0	24
 284.0	12
 285.0	20.3333
 286.0	23
 287.0	29
 288.0	23
 289.0	25
 290.0	18
 291.0	23
 292.0	18
 293.0	22
 294.0	26
 295.0	26
 296.0	18
 297.0	20
 298.0	20
 299.0	18
 300.0	23
 301.0	20.25
 302.0	21
 303.0	25
 304.0	18
 305.0	24
 306.0	18
 307.0	26.5
 308.0	23
 309.0	15
 310.0	18
 311.0	27
 312.0	28
 313.0	20
 314.0	18
 315.0	23.5
 316.0	28
 317.0	23
 318.0	21
 319.0	23.25
 320.0	32
 321.0	23.5
 322.0	16
DB 1 MOTIF	ZN449_HUMAN.H11MO.0.C
-326.5	19.5
-325.5	19
-324.5	26
-323.5	22
-322.5	25.5769
-321.5	29.5
-320.5	23.8333
-319.5	21
-318.5	20
-317.5	25
-316.5	23
-315.5	23.5
-314.5	18
-313.5	22
-312.5	19
-311.5	18
-310.5	25
-309.5	28.1
-308.5	31.1742
-307.5	20
-306.5	27.1429
-305.5	23
-304.5	28
-303.5	28.5
-302.5	29
-301.5	21
-300.5	27
-299.5	30
-298.5	17
-297.5	14.5
-296.5	27
-295.5	25.5
-294.5	25
-293.5	20
-292.5	21
-291.5	26.5
-290.5	23.5
-289.5	28
-288.5	22.1429
-287.5	26.5
-286.5	24.5
-285.5	25.1667
-284.5	21
-283.5	25.5
-282.5	21
-281.5	25
-280.5	22.0769
-279.5	24
-278.5	25
-277.5	28
-276.5	24.5909
-275.5	19.1
-274.5	21.5
-273.5	29
-272.5	24.2
-271.5	24
-270.5	18
-269.5	30
-268.5	20.5
-267.5	22.1429
-266.5	27.5909
-265.5	20.0833
-264.5	28.5
-263.5	20
-262.5	25
-261.5	16.2
-260.5	23
-259.5	23
-258.5	18
-257.5	22.5
-256.5	26
-255.5	22
-254.5	22.5
-253.5	18
-252.5	16
-251.5	22
-250.5	34.5
-249.5	27
-248.5	24
-247.5	26.5
-246.5	19
-245.5	24
-244.5	26
-243.5	18
-242.5	16
-241.5	19
-240.5	18.5
-239.5	23.1429
-238.5	26.2436
-237.5	19.2
-236.5	22.3333
-235.5	30.5
-234.5	25.5
-233.5	16.5
-232.5	15
-231.5	21
-230.5	27
-229.5	16.2
-228.5	19.2338
-227.5	19
-226.5	17.3333
-225.5	36
-224.5	29.0909
-223.5	18
-222.5	25.0833
-221.5	22
-220.5	29
-219.5	21.2
-218.5	32
-217.5	26
-216.5	20
-215.5	27
-214.5	23
-213.5	26
-212.5	27
-211.5	24.6667
-210.5	23.5
-209.5	23.6
-208.5	13
-207.5	19.125
-206.5	21.25
-205.5	32
-204.5	26
-203.5	22.5
-202.5	17
-201.5	31
-200.5	29
-199.5	29
-198.5	24
-197.5	17.1429
-196.5	25.0769
-195.5	18.5
-194.5	20
-193.5	27
-192.5	21
-191.5	19.1667
-190.5	15.1429
-189.5	24.5
-188.5	24.4762
-187.5	24
-186.5	27.7
-185.5	29.5
-184.5	22.5
-183.5	19.7
-182.5	22.5
-181.5	26
-180.5	29.5909
-179.5	32.3333
-178.5	20.95
-177.5	33.2909
-176.5	30
-175.5	19.6
-174.5	19
-173.5	22.75
-172.5	24
-171.5	13
-170.5	27.3333
-169.5	22
-168.5	17.75
-167.5	23.5
-166.5	20
-165.5	26.5
-164.5	24
-163.5	19.25
-162.5	17.5
-161.5	18.5
-160.5	35.5
-159.5	23.5
-158.5	20.5
-157.5	29
-156.5	28.5
-155.5	26
-154.5	25.0769
-153.5	15.8333
-152.5	28.5
-151.5	18.5
-150.5	27.5
-149.5	18.1429
-148.5	21.25
-147.5	23
-146.5	19
-145.5	25
-144.5	17.5
-143.5	16.2
-142.5	19.5
-141.5	28
-140.5	26.1429
-139.5	16.0909
-138.5	23
-137.5	20.125
-136.5	27.0833
-135.5	20
-134.5	27.1429
-133.5	23.3333
-132.5	26
-131.5	24.5
-130.5	21
-129.5	21.7
-128.5	16.5909
-127.5	20
-126.5	23
-125.5	27.2
-124.5	20
-123.5	20.5
-122.5	26.7
-121.5	28
-120.5	29
-119.5	15
-118.5	18.5
-117.5	17.5
-116.5	18
-115.5	14.5
-114.5	29
-113.5	19
-112.5	27.0769
-111.5	19.5
-110.5	24
-109.5	26.1429
-108.5	38
-107.5	18
-106.5	29.2
-105.5	25
-104.5	20
-103.5	25.3333
-102.5	30
-101.5	22
-100.5	28.5333
 -99.5	20.2
 -98.5	17
 -97.5	26.4576
 -96.5	18.5
 -95.5	29
 -94.5	25.5
 -93.5	33.5
 -92.5	18.2262
 -91.5	18
 -90.5	26.3611
 -89.5	22
 -88.5	30
 -87.5	16
 -86.5	22
 -85.5	16
 -84.5	17
 -83.5	17
 -82.5	19.5
 -81.5	24.5
 -80.5	23.0909
 -79.5	26
 -78.5	25.5
 -77.5	32.5
 -76.5	13.5
 -75.5	26.5
 -74.5	26.2
 -73.5	35
 -72.5	33
 -71.5	28.0357
 -70.5	23.2769
 -69.5	29.3333
 -68.5	23.3333
 -67.5	26.125
 -66.5	16.7
 -65.5	19.7
 -64.5	36
 -63.5	21
 -62.5	28.5
 -61.5	23
 -60.5	19.75
 -59.5	27.5
 -58.5	29
 -57.5	27
 -56.5	28.2
 -55.5	25.5909
 -54.5	31.8333
 -53.5	31.5
 -52.5	22.5
 -51.5	34.5
 -50.5	17.2667
 -49.5	26.5
 -48.5	26.0833
 -47.5	21
 -46.5	20.1111
 -45.5	33.2
 -44.5	20.1429
 -43.5	32
 -42.5	30.5
 -41.5	20
 -40.5	20.8333
 -39.5	20.5
 -38.5	21.5
 -37.5	28.5
 -36.5	32
 -35.5	25
 -34.5	31.5
 -33.5	25.5333
 -32.5	25.25
 -31.5	24.0909
 -30.5	19.5
 -29.5	28
 -28.5	42.4103
 -27.5	34
 -26.5	13.5
 -25.5	18.7
 -24.5	28.1111
 -23.5	25
 -22.5	19.5
 -21.5	23.5
 -20.5	30
 -19.5	30
 -18.5	27.8333
 -17.5	20
 -16.5	31.25
 -15.5	30.5
 -14.5	19.3333
 -13.5	27
 -12.5	25
 -11.5	31.75
 -10.5	20.95
  -9.5	30.5833
  -8.5	20.1429
  -7.5	16
  -6.5	21.25
  -5.5	16
  -4.5	33
  -3.5	29.5
  -2.5	26
  -1.5	21.45
  -0.5	23
   0.5	25
   1.5	34
   2.5	26
   3.5	27
   4.5	22.25
   5.5	16.1429
   6.5	36
   7.5	28.25
   8.5	29
   9.5	35
  10.5	33
  11.5	34.5
  12.5	26
  13.5	19.0769
  14.5	23
  15.5	27
  16.5	18.5
  17.5	38.5909
  18.5	24.125
  19.5	27.1111
  20.5	20.2
  21.5	27.75
  22.5	23
  23.5	23
  24.5	35
  25.5	28
  26.5	25
  27.5	25
  28.5	30
  29.5	29.5909
  30.5	29
  31.5	37
  32.5	22.5
  33.5	24.0833
  34.5	23
  35.5	22.3333
  36.5	27
  37.5	25
  38.5	26.75
  39.5	31.5
  40.5	16
  41.5	23.6111
  42.5	24
  43.5	19
  44.5	25
  45.5	22.2
  46.5	21.5
  47.5	28
  48.5	29.5
  49.5	16
  50.5	29.25
  51.5	14.6
  52.5	22
  53.5	29
  54.5	24.1429
  55.5	28.0769
  56.5	25
  57.5	25
  58.5	16
  59.5	28.1667
  60.5	24
  61.5	28
  62.5	32.7
  63.5	20.1111
  64.5	26
  65.5	28
  66.5	22.1429
  67.5	31.9242
  68.5	25
  69.5	21
  70.5	23.2
  71.5	23
  72.5	19
  73.5	21.1742
  74.5	22.3333
  75.5	25.5
  76.5	23.2833
  77.5	22
  78.5	15.3333
  79.5	21.5
  80.5	25.25
  81.5	20.1429
  82.5	25
  83.5	15.75
  84.5	32.5
  85.5	24.6111
  86.5	21
  87.5	29.5
  88.5	29.125
  89.5	24
  90.5	15
  91.5	15
  92.5	33
  93.5	19.5833
  94.5	26
  95.5	24
  96.5	26
  97.5	31.0769
  98.5	22.5
  99.5	15
 100.5	21.5
 101.5	33
 102.5	41
 103.5	26.25
 104.5	25
 105.5	32.6429
 106.5	27
 107.5	25.1111
 108.5	26
 109.5	27
 110.5	22
 111.5	25
 112.5	32.5
 113.5	18
 114.5	13.5909
 115.5	22.5409
 116.5	30
 117.5	24.4762
 118.5	20
 119.5	21.1833
 120.5	19.5
 121.5	31.5
 122.5	24.5
 123.5	26
 124.5	28
 125.5	24.5
 126.5	19.5
 127.5	22
 128.5	15.5
 129.5	22.5
 130.5	28
 131.5	19
 132.5	15.2
 133.5	23.8333
 134.5	23.1429
 135.5	21
 136.5	31
 137.5	18.5
 138.5	19
 139.5	15.0769
 140.5	38
 141.5	32
 142.5	23
 143.5	21.5
 144.5	35
 145.5	34
 146.5	28
 147.5	23.2
 148.5	24
 149.5	21
 150.5	19.25
 151.5	29.6111
 152.5	22.3333
 153.5	20
 154.5	21.5
 155.5	15
 156.5	25.9242
 157.5	24.5
 158.5	27.1429
 159.5	25.5
 160.5	27.4583
 161.5	26
 162.5	20.0833
 163.5	21.0909
 164.5	19.5
 165.5	22.5
 166.5	31
 167.5	27.3333
 168.5	27
 169.5	11
 170.5	26
 171.5	26
 172.5	29
 173.5	36.6429
 174.5	21
 175.5	27.1667
 176.5	21
 177.5	19
 178.5	22.5
 179.5	23
 180.5	30.1429
 181.5	23.5769
 182.5	28.5
 183.5	21.5
 184.5	25.5
 185.5	26.5
 186.5	17
 187.5	23.5
 188.5	23.4429
 189.5	18
 190.5	26.3333
 191.5	23
 192.5	21
 193.5	15.5
 194.5	25.5
 195.5	27.5
 196.5	25
 197.5	23
 198.5	17.5
 199.5	20
 200.5	22
 201.5	27.5
 202.5	30
 203.5	16.3333
 204.5	23.5
 205.5	14
 206.5	24.5
 207.5	26.5
 208.5	25
 209.5	23
 210.5	31.5
 211.5	23.5
 212.5	24
 213.5	24.0909
 214.5	20
 215.5	23
 216.5	25
 217.5	21
 218.5	26
 219.5	25
 220.5	21.8333
 221.5	19
 222.5	15
 223.5	29
 224.5	23.2
 225.5	30
 226.5	30.3333
 227.5	19
 228.5	25.625
 229.5	25.5
 230.5	15
 231.5	21
 232.5	28
 233.5	25
 234.5	24.5
 235.5	22.5
 236.5	25.5
 237.5	24.3333
 238.5	25
 239.5	25.25
 240.5	21.5
 241.5	21
 242.5	25.3333
 243.5	27.8333
 244.5	28.95
 245.5	25.2
 246.5	16
 247.5	24
 248.5	28
 249.5	30.5
 250.5	23
 251.5	16
 252.5	30
 253.5	20
 254.5	23.5
 255.5	13
 256.5	21.1
 257.5	25
 258.5	23
 259.5	21
 260.5	21
 261.5	25
 262.5	28.5
 263.5	23.5
 264.5	23.5
 265.5	25.5
 266.5	24
 267.5	25.5
 268.5	27
 269.5	19
 270.5	18.5
 271.5	26
 272.5	28.5
 273.5	25
 274.5	22
 275.5	23.5
 276.5	17
 277.5	24
 278.5	29.25
 279.5	15
 280.5	20.5
 281.5	15
 282.5	29
 283.5	20.5
 284.5	21.5
 285.5	18
 286.5	18
 287.5	19
 288.5	24.25
 289.5	22
 290.5	17
 291.5	20
 292.5	22.5
 293.5	22.5
 294.5	22
 295.5	22
 296.5	26.3333
 297.5	20
 298.5	23.25
 299.5	21.5
 300.5	27.5
 301.5	22.2
 302.5	21
 303.5	28.5
 304.5	26
 305.5	23
 306.5	22.3333
 307.5	23
 308.5	17.25
 309.5	18
 310.5	28
 311.5	20.5
 312.5	13
 313.5	24
 314.5	21
 315.5	23
 316.5	21
 317.5	26
 318.5	27
 319.5	15
 320.5	16
 321.5	24.5
 322.5	24
 323.5	23
 324.5	31.125
 325.5	33.1
 326.5	33
DB 1 MOTIF	ZN554_HUMAN.H11MO.1.D
-327.5	27.8333
-326.5	26.5
-325.5	21.6667
-324.5	22
-323.5	23.5
-322.5	29
-321.5	28.5
-320.5	30
-319.5	19.5
-318.5	30
-317.5	30.7917
-316.5	25
-315.5	22.1
-314.5	15.7
-313.5	20.1667
-312.5	29.5
-311.5	31.5
-310.5	34
-309.5	30
-308.5	24.3333
-307.5	15.5
-306.5	19
-305.5	26.5
-304.5	25.5
-303.5	25.0909
-302.5	30.5833
-301.5	25
-300.5	26.3333
-299.5	26.75
-298.5	25
-297.5	27
-296.5	21.6
-295.5	25
-294.5	17.6111
-293.5	25.1667
-292.5	18.625
-291.5	24
-290.5	24
-289.5	25.125
-288.5	33.7714
-287.5	31
-286.5	24.5
-285.5	25.5
-284.5	33.625
-283.5	17.8333
-282.5	28
-281.5	33.5
-280.5	31.75
-279.5	23.5
-278.5	25.5
-277.5	18
-276.5	19.8333
-275.5	22.5
-274.5	27.3333
-273.5	29.5
-272.5	28.0833
-271.5	30.5
-270.5	21.6667
-269.5	29.5
-268.5	26.5
-267.5	20.0833
-266.5	28.3333
-265.5	20
-264.5	35.3333
-263.5	23.1111
-262.5	19.2
-261.5	27
-260.5	32.5833
-259.5	24.5
-258.5	27
-257.5	35
-256.5	27.8333
-255.5	25.5909
-254.5	28.9167
-253.5	23
-252.5	16.9444
-251.5	24
-250.5	27.5
-249.5	35.2
-248.5	19.0714
-247.5	22.5
-246.5	22
-245.5	28.6
-244.5	19.5
-243.5	23.125
-242.5	17
-241.5	22.3333
-240.5	27
-239.5	17.7576
-238.5	31
-237.5	23
-236.5	23.2
-235.5	33.5
-234.5	26.8333
-233.5	23.5
-232.5	26.5833
-231.5	23.125
-230.5	33
-229.5	24.95
-228.5	21
-227.5	21
-226.5	22.8333
-225.5	23.25
-224.5	39.5
-223.5	18.2909
-222.5	22
-221.5	19
-220.5	17.5
-219.5	28.5
-218.5	26.5833
-217.5	16
-216.5	20.0833
-215.5	19
-214.5	26.5
-213.5	26
-212.5	32.5
-211.5	26
-210.5	25.8111
-209.5	19.125
-208.5	24.5
-207.5	20.5
-206.5	18.5
-205.5	30
-204.5	26
-203.5	23.5
-202.5	28.2
-201.5	26.3019
-200.5	26.9242
-199.5	21
-198.5	28.5
-197.5	20.6111
-196.5	25
-195.5	18
-194.5	21.725
-193.5	24.5
-192.5	18.3333
-191.5	26.5
-190.5	25.5
-189.5	26.2778
-188.5	33.5
-187.5	26.1
-186.5	25
-185.5	22
-184.5	25.5
-183.5	34.5
-182.5	26.5
-181.5	21.25
-180.5	31.5
-179.5	26.2
-178.5	27.3333
-177.5	28.5
-176.5	26.3333
-175.5	29.5
-174.5	26.3333
-173.5	24
-172.5	16.5
-171.5	20
-170.5	33.3333
-169.5	24.5
-168.5	23.3075
-167.5	24.5
-166.5	30.3333
-165.5	27
-164.5	25.85
-163.5	22.5
-162.5	23.1667
-161.5	24
-160.5	29.1603
-159.5	24.5
-158.5	27
-157.5	30.6
-156.5	26
-155.5	29.5
-154.5	31
-153.5	25
-152.5	26.3333
-151.5	30.5
-150.5	29.3333
-149.5	22.7
-148.5	25.6667
-147.5	28.5
-146.5	24
-145.5	27
-144.5	22.4583
-143.5	32.6
-142.5	15
-141.5	28.1667
-140.5	31
-139.5	37.5
-138.5	26
-137.5	27
-136.5	31.625
-135.5	20.6667
-134.5	36.9583
-133.5	27.6667
-132.5	24.0833
-131.5	19.1111
-130.5	25.5
-129.5	27.6667
-128.5	24.0714
-127.5	21.45
-126.5	28.9444
-125.5	31
-124.5	25.5
-123.5	21.6111
-122.5	33.8333
-121.5	22
-120.5	21.0909
-119.5	15
-118.5	34.5769
-117.5	18.1111
-116.5	20
-115.5	26.6667
-114.5	25.5
-113.5	24
-112.5	28.2
-111.5	25.2
-110.5	18.5
-109.5	25.2
-108.5	17.5
-107.5	28
-106.5	29.5
-105.5	23.5
-104.5	26.625
-103.5	21
-102.5	28
-101.5	29.5
-100.5	25.3333
 -99.5	17.5
 -98.5	28
 -97.5	25.35
 -96.5	32.4583
 -95.5	19.5
 -94.5	29
 -93.5	33.6111
 -92.5	30.4333
 -91.5	29.7833
 -90.5	31.25
 -89.5	26.1667
 -88.5	26.1623
 -87.5	17.5
 -86.5	15.5
 -85.5	26.5
 -84.5	25.1944
 -83.5	31
 -82.5	27.5
 -81.5	22.6111
 -80.5	22
 -79.5	27.5
 -78.5	24.5
 -77.5	30.9936
 -76.5	28.2
 -75.5	27.1111
 -74.5	19
 -73.5	20.3333
 -72.5	21.1111
 -71.5	36.8333
 -70.5	30.5
 -69.5	22.5
 -68.5	23.5
 -67.5	30.35
 -66.5	20.5
 -65.5	37.202
 -64.5	24.5
 -63.5	31.5
 -62.5	22.3333
 -61.5	29.375
 -60.5	23.6667
 -59.5	27.125
 -58.5	20.5
 -57.5	23.3333
 -56.5	22
 -55.5	25.5
 -54.5	20
 -53.5	29.5
 -52.5	28
 -51.5	27.6667
 -50.5	21.75
 -49.5	31.3742
 -48.5	30.6964
 -47.5	23.2
 -46.5	24.75
 -45.5	33
 -44.5	25
 -43.5	25
 -42.5	27.1111
 -41.5	32.1
 -40.5	21.1
 -39.5	31.6667
 -38.5	22.3333
 -37.5	24.85
 -36.5	24.5769
 -35.5	24.0833
 -34.5	30
 -33.5	29.5
 -32.5	28
 -31.5	28.5
 -30.5	22
 -29.5	29
 -28.5	22
 -27.5	25.5
 -26.5	31.5
 -25.5	24
 -24.5	24
 -23.5	26
 -22.5	35
 -21.5	30.6944
 -20.5	33
 -19.5	29.5
 -18.5	32
 -17.5	18.5
 -16.5	20.1
 -15.5	25
 -14.5	23.5
 -13.5	42
 -12.5	22.7
 -11.5	30.6
 -10.5	31
  -9.5	20.5
  -8.5	35.6548
  -7.5	21.2667
  -6.5	27.75
  -5.5	30.5
  -4.5	31.8333
  -3.5	27.8111
  -2.5	28.8333
  -1.5	32.5
  -0.5	27
   0.5	30.1111
   1.5	25.4583
   2.5	26.6111
   3.5	28.6667
   4.5	20.3333
   5.5	26.5769
   6.5	26
   7.5	32.6667
   8.5	24.5
   9.5	22.6
  10.5	32.75
  11.5	24.1667
  12.5	24
  13.5	23.0833
  14.5	19.8333
  15.5	28.125
  16.5	35
  17.5	30.6
  18.5	33.5
  19.5	30
  20.5	23
  21.5	27
  22.5	21.6
  23.5	22.5
  24.5	21.5
  25.5	27
  26.5	33
  27.5	30.5
  28.5	30.5
  29.5	30.6944
  30.5	34.8333
  31.5	20
  32.5	24.3611
  33.5	30.3333
  34.5	28.8333
  35.5	30.5833
  36.5	32
  37.5	29
  38.5	25.1111
  39.5	29.6111
  40.5	33
  41.5	25
  42.5	27
  43.5	14.5
  44.5	23
  45.5	26.5
  46.5	23.1
  47.5	25.5769
  48.5	30
  49.5	20.625
  50.5	26.5
  51.5	28.9167
  52.5	35.1
  53.5	28.5
  54.5	30
  55.5	25.5
  56.5	29
  57.5	21.5
  58.5	23
  59.5	23.1
  60.5	25.2667
  61.5	27
  62.5	20.5
  63.5	24.3333
  64.5	17.5
  65.5	31.8333
  66.5	22.3611
  67.5	30
  68.5	24.3333
  69.5	25.0909
  70.5	31.5
  71.5	26.5714
  72.5	27
  73.5	20.5
  74.5	20.5
  75.5	27.1
  76.5	17
  77.5	32
  78.5	27.1667
  79.5	29.0833
  80.5	23.2778
  81.5	21.9444
  82.5	27.6
  83.5	26.8333
  84.5	25
  85.5	19
  86.5	26.2
  87.5	29.5
  88.5	21.0769
  89.5	27.25
  90.5	30.2083
  91.5	32
  92.5	26
  93.5	14.5
  94.5	17
  95.5	34.5
  96.5	22.1
  97.5	28.5
  98.5	18
  99.5	33.3333
 100.5	26.25
 101.5	27.5
 102.5	15.5
 103.5	20.5
 104.5	21.1
 105.5	18.5
 106.5	22.5
 107.5	31.8333
 108.5	25
 109.5	27.25
 110.5	26
 111.5	31.2548
 112.5	30
 113.5	21.5
 114.5	30
 115.5	25.5
 116.5	21.75
 117.5	33.5
 118.5	20
 119.5	21.5
 120.5	20.0833
 121.5	35.5
 122.5	30.5
 123.5	19.5
 124.5	25
 125.5	35
 126.5	21
 127.5	18.5
 128.5	24
 129.5	27.0769
 130.5	17.5333
 131.5	25.1111
 132.5	26.6111
 133.5	22.8667
 134.5	21
 135.5	17.5
 136.5	27.5
 137.5	27
 138.5	26
 139.5	27.5
 140.5	24.25
 141.5	26
 142.5	24.8333
 143.5	21.5
 144.5	21.5
 145.5	26.5
 146.5	29.5833
 147.5	21
 148.5	25
 149.5	25
 150.5	28
 151.5	22.0714
 152.5	22
 153.5	29.5
 154.5	25.5
 155.5	26.5
 156.5	31.75
 157.5	24
 158.5	23
 159.5	32.5833
 160.5	26
 161.5	25
 162.5	28.7833
 163.5	26
 164.5	28.3333
 165.5	24.7917
 166.5	21.5
 167.5	29.5
 168.5	25.5
 169.5	19.0769
 170.5	30
 171.5	25
 172.5	20.5
 173.5	23.5
 174.5	23.5
 175.5	24.7
 176.5	22.5
 177.5	15.5
 178.5	23
 179.5	29.5
 180.5	24
 181.5	21.5
 182.5	21.6111
 183.5	17
 184.5	30
 185.5	16.2
 186.5	23.8333
 187.5	10.25
 188.5	31
 189.5	27.5
 190.5	27.5
 191.5	20.6714
 192.5	22.5
 193.5	24
 194.5	25.5
 195.5	25.5
 196.5	21.5
 197.5	24.2576
 198.5	28.6111
 199.5	27
 200.5	28
 201.5	31.5
 202.5	23.8333
 203.5	26.8333
 204.5	18.2
 205.5	28
 206.5	22.5
 207.5	21.5
 208.5	26
 209.5	23.0833
 210.5	21.0769
 211.5	26.2
 212.5	21.5
 213.5	23.5
 214.5	26
 215.5	30.5
 216.5	23
 217.5	14
 218.5	34
 219.5	29.8333
 220.5	25.4333
 221.5	18.5
 222.5	16.5
 223.5	35.75
 224.5	34
 225.5	14
 226.5	20
 227.5	21.8333
 228.5	26
 229.5	25.5
 230.5	25
 231.5	25.5714
 232.5	23
 233.5	25.6111
 234.5	21
 235.5	20.5
 236.5	25
 237.5	28.5
 238.5	22.5
 239.5	33.5
 240.5	22.625
 241.5	27.7
 242.5	20.8333
 243.5	24
 244.5	19
 245.5	24.5
 246.5	19
 247.5	28.7
 248.5	26.4333
 249.5	27.5
 250.5	35.0769
 251.5	26
 252.5	25
 253.5	36
 254.5	20
 255.5	31
 256.5	31
 257.5	27.0833
 258.5	26.0833
 259.5	24
 260.5	26.5
 261.5	17
 262.5	23.5
 263.5	18
 264.5	25.6111
 265.5	28
 266.5	20
 267.5	30
 268.5	20
 269.5	29
 270.5	17.5
 271.5	17.0714
 272.5	20
 273.5	27.3333
 274.5	20
 275.5	27
 276.5	25.5
 277.5	18.5
 278.5	21
 279.5	25.5
 280.5	29.5
 281.5	27
 282.5	27.5
 283.5	24
 284.5	34.4111
 285.5	26.0833
 286.5	25
 287.5	22
 288.5	24.5
 289.5	19.5
 290.5	20
 291.5	30.5769
 292.5	18
 293.5	24.3333
 294.5	31
 295.5	20
 296.5	28
 297.5	20.5
 298.5	17
 299.5	29.5
 300.5	26.8333
 301.5	17
 302.5	14.8333
 303.5	25
 304.5	20.5
 305.5	23
 306.5	28.5
 307.5	22
 308.5	20
 309.5	24
 310.5	29.5
 311.5	23.5714
 312.5	24.5
 313.5	23.5
 314.5	34.5333
 315.5	21
 316.5	24
 317.5	27.5
 318.5	26.5
 319.5	13
 320.5	24
 321.5	30.5
 322.5	26
 323.5	25
 324.5	25.5
 325.5	21
 326.5	32
 327.5	27
DB 1 MOTIF	ZN563_HUMAN.H11MO.1.C
-326.0	20
-325.0	25
-324.0	29
-323.0	26
-322.0	25.1111
-321.0	30
-320.0	22.5
-319.0	21.5
-318.0	29
-317.0	25.5
-316.0	24
-315.0	26
-314.0	27
-313.0	24.3333
-312.0	23.5
-311.0	30
-310.0	25
-309.0	22
-308.0	34
-307.0	30.3333
-306.0	18.5
-305.0	25.5
-304.0	24
-303.0	18
-302.0	19
-301.0	20.5
-300.0	26
-299.0	35
-298.0	18
-297.0	28
-296.0	20
-295.0	21.25
-294.0	18.5
-293.0	25.5
-292.0	21.5588
-291.0	18
-290.0	24
-289.0	24
-288.0	25
-287.0	29
-286.0	28.5
-285.0	19
-284.0	16
-283.0	20
-282.0	21
-281.0	23
-280.0	16.5
-279.0	26
-278.0	20
-277.0	25
-276.0	25
-275.0	27
-274.0	27.5588
-273.0	30
-272.0	22
-271.0	20.6111
-270.0	29
-269.0	16
-268.0	31
-267.0	24
-266.0	27
-265.0	25.5
-264.0	26
-263.0	20.5
-262.0	34
-261.0	24.5
-260.0	28
-259.0	22.5
-258.0	25.2381
-257.0	28.5
-256.0	23.5588
-255.0	28
-254.0	28
-253.0	24
-252.0	18
-251.0	26
-250.0	24
-249.0	28.5
-248.0	24.3333
-247.0	24.5833
-246.0	29
-245.0	21
-244.0	28
-243.0	26
-242.0	34.5
-241.0	24
-240.0	28.5
-239.0	32.5
-238.0	22.5
-237.0	41.5
-236.0	27.5
-235.0	19
-234.0	25
-233.0	30.5
-232.0	24
-231.0	21.8333
-230.0	28.0714
-229.0	27.1667
-228.0	18.8333
-227.0	15.3333
-226.0	18
-225.0	34.3333
-224.0	24
-223.0	32.5
-222.0	26
-221.0	17.7
-220.0	24.5
-219.0	27.5588
-218.0	24.3333
-217.0	24
-216.0	28.5
-215.0	26
-214.0	25
-213.0	21
-212.0	39
-211.0	17.5
-210.0	22.6667
-209.0	23
-208.0	35.1429
-207.0	17
-206.0	30
-205.0	23.5
-204.0	22
-203.0	16
-202.0	22.0714
-201.0	23.5
-200.0	19.0588
-199.0	33
-198.0	40.1667
-197.0	33.5
-196.0	28
-195.0	16.5
-194.0	30.5
-193.0	22
-192.0	24
-191.0	16
-190.0	19.25
-189.0	31
-188.0	23.5
-187.0	24
-186.0	31.3333
-185.0	32.5
-184.0	28.5
-183.0	31.5
-182.0	22
-181.0	20.7588
-180.0	27
-179.0	26
-178.0	25.1429
-177.0	26.5
-176.0	34.3333
-175.0	23.5
-174.0	30.0714
-173.0	26.5
-172.0	26.5
-171.0	26.5
-170.0	25
-169.0	29.1111
-168.0	25.5
-167.0	24.6667
-166.0	20.5333
-165.0	23.5
-164.0	28.5
-163.0	24
-162.0	29
-161.0	23
-160.0	27
-159.0	27.5
-158.0	26.5
-157.0	30
-156.0	28
-155.0	24
-154.0	22
-153.0	21.5
-152.0	25
-151.0	25
-150.0	25
-149.0	29
-148.0	31
-147.0	32
-146.0	32.0714
-145.0	22.6429
-144.0	19
-143.0	30.25
-142.0	22
-141.0	22
-140.0	27
-139.0	23.5
-138.0	20
-137.0	27
-136.0	31.6667
-135.0	23
-134.0	25
-133.0	27.3333
-132.0	15
-131.0	26
-130.0	22.3333
-129.0	21
-128.0	25
-127.0	22.5
-126.0	20
-125.0	18.3333
-124.0	18
-123.0	27
-122.0	28.5
-121.0	19
-120.0	39
-119.0	20.1111
-118.0	35
-117.0	35.7
-116.0	21.3333
-115.0	28
-114.0	30
-113.0	36.2
-112.0	30.5
-111.0	24.3333
-110.0	21
-109.0	20.5588
-108.0	26
-107.0	26.1429
-106.0	23
-105.0	19
-104.0	19.25
-103.0	22
-102.0	32
-101.0	17.25
-100.0	23
 -99.0	21.8333
 -98.0	34.5833
 -97.0	31
 -96.0	27
 -95.0	28
 -94.0	26.5
 -93.0	26
 -92.0	22
 -91.0	28.0588
 -90.0	32
 -89.0	25.75
 -88.0	21.0714
 -87.0	34
 -86.0	34
 -85.0	19.2
 -84.0	30
 -83.0	22
 -82.0	21.1429
 -81.0	18
 -80.0	21
 -79.0	19.5
 -78.0	32.25
 -77.0	33
 -76.0	28
 -75.0	20
 -74.0	21.5
 -73.0	31.0588
 -72.0	25.5
 -71.0	19.5
 -70.0	27
 -69.0	31.6111
 -68.0	33
 -67.0	27
 -66.0	17
 -65.0	29
 -64.0	28
 -63.0	31
 -62.0	20
 -61.0	27
 -60.0	30.0714
 -59.0	27
 -58.0	22
 -57.0	16.2
 -56.0	25
 -55.0	35
 -54.0	22.5
 -53.0	29.5
 -52.0	28
 -51.0	34.5
 -50.0	26
 -49.0	22.25
 -48.0	36.3333
 -47.0	34
 -46.0	24
 -45.0	24.3333
 -44.0	34
 -43.0	24.1667
 -42.0	32.5
 -41.0	24
 -40.0	33.5
 -39.0	34.5
 -38.0	29
 -37.0	32
 -36.0	25.5588
 -35.0	27.5
 -34.0	33.1429
 -33.0	29.5
 -32.0	38.0714
 -31.0	35
 -30.0	30.5
 -29.0	35.2
 -28.0	28
 -27.0	34.5
 -26.0	26
 -25.0	28.8333
 -24.0	19
 -23.0	35
 -22.0	24
 -21.0	34.2
 -20.0	34
 -19.0	36.1429
 -18.0	25.1111
 -17.0	30.0588
 -16.0	20
 -15.0	30.5
 -14.0	31
 -13.0	21
 -12.0	25
 -11.0	30.1667
 -10.0	26
  -9.0	30.25
  -8.0	35
  -7.0	42
  -6.0	30
  -5.0	30
  -4.0	29.5
  -3.0	34
  -2.0	19
  -1.0	31
   0.0	25.8333
   1.0	39.5
   2.0	25
   3.0	31.5
   4.0	29.5
   5.0	22.5
   6.0	29
   7.0	39
   8.0	22
   9.0	27.3333
  10.0	23
  11.0	20
  12.0	27
  13.0	19
  14.0	34.5
  15.0	31
  16.0	26
  17.0	30
  18.0	24
  19.0	25
  20.0	25
  21.0	25.3333
  22.0	32
  23.0	23
  24.0	20
  25.0	42
  26.0	34.0714
  27.0	31
  28.0	29.5
  29.0	34
  30.0	27.5
  31.0	30.75
  32.0	22
  33.0	28.1111
  34.0	31.25
  35.0	35
  36.0	17.5588
  37.0	28.5
  38.0	29
  39.0	26.6429
  40.0	35.3333
  41.0	33.5
  42.0	33
  43.0	33.2
  44.0	43.6429
  45.0	21
  46.0	29
  47.0	28.5
  48.0	32.5
  49.0	30
  50.0	22.8333
  51.0	26
  52.0	35.3333
  53.0	32.5
  54.0	25.25
  55.0	21
  56.0	38
  57.0	23.3333
  58.0	20.3333
  59.0	35
  60.0	23
  61.0	25
  62.0	26.5
  63.0	25
  64.0	33.5
  65.0	39
  66.0	28
  67.0	26.5
  68.0	26
  69.0	25
  70.0	26
  71.0	24.5
  72.0	21.5
  73.0	21
  74.0	30.5
  75.0	23.5
  76.0	22.1667
  77.0	29
  78.0	31.3333
  79.0	31
  80.0	36
  81.0	30
  82.0	25.5
  83.0	23.0714
  84.0	17.1111
  85.0	27
  86.0	24
  87.0	19
  88.0	19.5
  89.0	20
  90.0	22
  91.0	38
  92.0	33
  93.0	25
  94.0	29
  95.0	29.5
  96.0	26.5
  97.0	20
  98.0	18
  99.0	19
 100.0	23.3333
 101.0	27
 102.0	29
 103.0	30
 104.0	24
 105.0	23
 106.0	22.8333
 107.0	20.6429
 108.0	16.0588
 109.0	24
 110.0	26
 111.0	27.0714
 112.0	30
 113.0	27.3929
 114.0	22
 115.0	24
 116.0	28.5
 117.0	20.5
 118.0	28.3333
 119.0	21
 120.0	25
 121.0	23.8333
 122.0	31.5
 123.0	15.1667
 124.0	24.5
 125.0	23
 126.0	27.0588
 127.0	21
 128.0	25.8333
 129.0	27
 130.0	32
 131.0	34
 132.0	29
 133.0	28.5
 134.0	25
 135.0	33
 136.0	23
 137.0	27
 138.0	26
 139.0	31.5
 140.0	27
 141.0	35.5
 142.0	30.5
 143.0	25
 144.0	21
 145.0	20.0588
 146.0	23.75
 147.0	33
 148.0	26.5
 149.0	22
 150.0	21.5
 151.0	31
 152.0	21.5
 153.0	21
 154.0	21.3333
 155.0	22.5
 156.0	29.5
 157.0	19.3333
 158.0	18
 159.0	24
 160.0	18.8333
 161.0	30
 162.0	22.5
 163.0	24
 164.0	22.0588
 165.0	38.8333
 166.0	18.5
 167.0	21.9048
 168.0	27
 169.0	27
 170.0	22.3095
 171.0	26.5
 172.0	30.5
 173.0	22
 174.0	28
 175.0	27
 176.0	20
 177.0	29
 178.0	24
 179.0	27
 180.0	26
 181.0	27
 182.0	30
 183.0	25.0588
 184.0	29
 185.0	25
 186.0	27.5873
 187.0	30
 188.0	32
 189.0	23
 190.0	21
 191.0	21
 192.0	32
 193.0	26.5
 194.0	23.0833
 195.0	27.0714
 196.0	20.25
 197.0	31
 198.0	26
 199.0	16.5
 200.0	19
 201.0	22.5
 202.0	17.5
 203.0	22
 204.0	27.5
 205.0	24
 206.0	29
 207.0	17
 208.0	24
 209.0	27
 210.0	19
 211.0	27
 212.0	18
 213.0	25
 214.0	22
 215.0	23.5
 216.0	21
 217.0	26.6667
 218.0	22
 219.0	29.5
 220.0	23
 221.0	27.5
 222.0	24
 223.0	24.0714
 224.0	21
 225.0	19
 226.0	29
 227.0	23
 228.0	28
 229.0	26.5
 230.0	21.5
 231.0	25.5
 232.0	26
 233.0	28.8333
 234.0	26.5833
 235.0	30.5
 236.0	23.5
 237.0	32
 238.0	23
 239.0	18
 240.0	24.5
 241.0	23
 242.0	20.5
 243.0	24
 244.0	16
 245.0	24
 246.0	33
 247.0	17
 248.0	35
 249.0	20
 250.0	26.5
 251.0	17
 252.0	28
 253.0	20.5
 254.0	19
 255.0	26.5
 256.0	21
 257.0	18.1429
 258.0	31
 259.0	29.5
 260.0	21
 261.0	26.5
 262.0	22.5
 263.0	24
 264.0	24
 265.0	31
 266.0	35.5
 267.0	22
 268.0	22.5
 269.0	22.5
 270.0	25.5
 271.0	20.5
 272.0	22.25
 273.0	31
 274.0	26.5
 275.0	22
 276.0	20
 277.0	23
 278.0	20.5
 279.0	23
 280.0	18.5
 281.0	25
 282.0	25
 283.0	27.5
 284.0	26
 285.0	24
 286.0	25.5
 287.0	17.25
 288.0	24
 289.0	22.5
 290.0	28
 291.0	24.5
 292.0	21
 293.0	24
 294.0	31
 295.0	20
 296.0	30.5
 297.0	20
 298.0	20
 299.0	22.5
 300.0	18
 301.0	21
 302.0	26
 303.0	14
 304.0	28
 305.0	27.5
 306.0	31
 307.0	32
 308.0	24.5
 309.0	25
 310.0	22.25
 311.0	22
 312.0	25
 313.0	41
 314.0	11.5
 315.0	27
 316.0	18
 317.0	28
 318.0	23.5
 319.0	29.5
 320.0	24
 321.0	20
 322.0	21.5
 323.0	34
 324.0	27.5
 325.0	13.5
 326.0	31
DB 1 MOTIF	ZN708_HUMAN.H11MO.1.D
-327.5	24.2
-326.5	18
-325.5	23
-324.5	25.125
-323.5	20
-322.5	23
-321.5	28.5
-320.5	23
-319.5	26.5
-318.5	22
-317.5	28.5
-316.5	16.25
-315.5	27.5
-314.5	31.1111
-313.5	33.1667
-312.5	20
-311.5	20
-310.5	32.5
-309.5	21
-308.5	23
-307.5	26.5
-306.5	28
-305.5	32.5
-304.5	17.3333
-303.5	29
-302.5	29.5
-301.5	25.75
-300.5	18
-299.5	14.0667
-298.5	22
-297.5	23
-296.5	18
-295.5	24
-294.5	17.9333
-293.5	22.5
-292.5	24
-291.5	18.5
-290.5	19.5
-289.5	28
-288.5	23
-287.5	24.25
-286.5	23
-285.5	28
-284.5	28
-283.5	25
-282.5	16.5
-281.5	17.6
-280.5	21.6667
-279.5	26.8333
-278.5	26.5
-277.5	23.6
-276.5	24
-275.5	25
-274.5	28.125
-273.5	20
-272.5	22
-271.5	27
-270.5	23.5
-269.5	21.3333
-268.5	30.6111
-267.5	30.8333
-266.5	17.5
-265.5	34.5
-264.5	22.8333
-263.5	29
-262.5	28
-261.5	21.75
-260.5	24.7667
-259.5	14.75
-258.5	22
-257.5	23
-256.5	23.5
-255.5	21
-254.5	28
-253.5	25
-252.5	27
-251.5	26
-250.5	25.5
-249.5	22.8333
-248.5	25
-247.5	19.1667
-246.5	7
-245.5	28.1111
-244.5	18
-243.5	14.85
-242.5	20
-241.5	33
-240.5	24
-239.5	21
-238.5	25
-237.5	23
-236.5	15.5
-235.5	24
-234.5	26.9167
-233.5	22.5
-232.5	31.5
-231.5	25.75
-230.5	24
-229.5	25
-228.5	21.1
-227.5	21.625
-226.5	23.8444
-225.5	22
-224.5	24.125
-223.5	20.5
-222.5	30.2778
-221.5	23.2667
-220.5	19.5
-219.5	28
-218.5	22.5
-217.5	27.5
-216.5	15.75
-215.5	33.125
-214.5	22.5
-213.5	31.5
-212.5	24
-211.5	17.1
-210.5	24
-209.5	33.3333
-208.5	33.5
-207.5	25
-206.5	22.5
-205.5	22.5
-204.5	19.5
-203.5	27
-202.5	25
-201.5	30
-200.5	24.8333
-199.5	30
-198.5	22.1429
-197.5	21
-196.5	27
-195.5	22.1111
-194.5	26.125
-193.5	21
-192.5	27.1
-191.5	25
-190.5	20
-189.5	27.5
-188.5	24
-187.5	23.5
-186.5	19.5
-185.5	21
-184.5	25.5
-183.5	32.2
-182.5	20.0667
-181.5	19.6667
-180.5	27
-179.5	23.5
-178.5	26.75
-177.5	20.5
-176.5	29
-175.5	23.6
-174.5	14.125
-173.5	16.2
-172.5	25.1111
-171.5	28
-170.5	22.8333
-169.5	26
-168.5	31
-167.5	26.5
-166.5	27.1111
-165.5	21
-164.5	22.3333
-163.5	23.5
-162.5	24.5
-161.5	24.2
-160.5	19
-159.5	21
-158.5	22.5
-157.5	22.125
-156.5	23
-155.5	29
-154.5	23.5
-153.5	19.7
-152.5	23.5
-151.5	29
-150.5	26
-149.5	30.3333
-148.5	15.25
-147.5	20.5
-146.5	21.625
-145.5	30.6
-144.5	24
-143.5	26.0667
-142.5	24
-141.5	33.6
-140.5	26
-139.5	24.625
-138.5	22
-137.5	20
-136.5	18.1111
-135.5	25.3429
-134.5	24.8333
-133.5	27.5
-132.5	22.5
-131.5	29.1111
-130.5	24.5
-129.5	36.7
-128.5	24.2
-127.5	24
-126.5	19.3333
-125.5	30.5
-124.5	17.125
-123.5	21.4
-122.5	16.9111
-121.5	18.1111
-120.5	28.125
-119.5	27.5
-118.5	15.8333
-117.5	27.5
-116.5	20
-115.5	30.1667
-114.5	22
-113.5	30.5
-112.5	30
-111.5	25.5
-110.5	24.5
-109.5	25.5
-108.5	28
-107.5	26.5
-106.5	28.6667
-105.5	16
-104.5	27.8167
-103.5	20
-102.5	28.3333
-101.5	32
-100.5	21
 -99.5	11
 -98.5	20
 -97.5	22.7
 -96.5	26.5
 -95.5	27.125
 -94.5	28
 -93.5	35.2
 -92.5	26
 -91.5	29.5
 -90.5	29.6
 -89.5	21
 -88.5	19.7
 -87.5	17
 -86.5	26.5
 -85.5	26
 -84.5	21.7
 -83.5	23.625
 -82.5	17.5
 -81.5	33.5
 -80.5	18
 -79.5	21.6
 -78.5	27
 -77.5	25.325
 -76.5	25
 -75.5	21.2
 -74.5	30.125
 -73.5	22
 -72.5	21.3968
 -71.5	23
 -70.5	16.6111
 -69.5	24.3333
 -68.5	22.5
 -67.5	28.5
 -66.5	17
 -65.5	25.65
 -64.5	25.6111
 -63.5	22.7
 -62.5	17.5
 -61.5	24.5
 -60.5	22.25
 -59.5	16.8333
 -58.5	27.5
 -57.5	21.7
 -56.5	19
 -55.5	24
 -54.5	28
 -53.5	17
 -52.5	28.5
 -51.5	26.625
 -50.5	25.5
 -49.5	19.5
 -48.5	23.75
 -47.5	32
 -46.5	23.125
 -45.5	22.5
 -44.5	37
 -43.5	31
 -42.5	31
 -41.5	18
 -40.5	32.8111
 -39.5	26.6
 -38.5	20
 -37.5	19.7
 -36.5	27
 -35.5	25
 -34.5	21
 -33.5	31.3429
 -32.5	25
 -31.5	28.5
 -30.5	24
 -29.5	31.6111
 -28.5	23
 -27.5	31
 -26.5	26.5667
 -25.5	18.5
 -24.5	27.4583
 -23.5	22
 -22.5	23.5
 -21.5	28.45
 -20.5	30
 -19.5	29.1111
 -18.5	19.8333
 -17.5	20.2
 -16.5	26.5
 -15.5	22.5
 -14.5	31
 -13.5	18.1
 -12.5	27
 -11.5	29.5
 -10.5	31
  -9.5	28.1429
  -8.5	26.375
  -7.5	21.625
  -6.5	40
  -5.5	26.5
  -4.5	26
  -3.5	34.1111
  -2.5	23
  -1.5	23
  -0.5	34.5
   0.5	39
   1.5	19.5
   2.5	26
   3.5	19.8333
   4.5	22
   5.5	36.5
   6.5	23.1111
   7.5	25
   8.5	28
   9.5	26
  10.5	30
  11.5	26.6
  12.5	23.0667
  13.5	28
  14.5	22.5
  15.5	26
  16.5	28.8333
  17.5	24
  18.5	17.5
  19.5	32.6111
  20.5	22.5
  21.5	18.3333
  22.5	32
  23.5	20
  24.5	27
  25.5	29.125
  26.5	27.7
  27.5	21.125
  28.5	27.5
  29.5	22
  30.5	25
  31.5	23.1111
  32.5	32.75
  33.5	28
  34.5	21.3333
  35.5	31
  36.5	22.6
  37.5	31
  38.5	26
  39.5	27
  40.5	30
  41.5	33.4444
  42.5	28
  43.5	27
  44.5	25
  45.5	25
  46.5	30.5
  47.5	30.25
  48.5	32.8333
  49.5	21
  50.5	23.2222
  51.5	29.0667
  52.5	20.8
  53.5	19.6429
  54.5	19.6111
  55.5	15
  56.5	25.5
  57.5	25
  58.5	26.5
  59.5	21
  60.5	17.625
  61.5	31
  62.5	23.1
  63.5	25.5
  64.5	32.625
  65.5	19
  66.5	29.7
  67.5	23.5
  68.5	21
  69.5	24
  70.5	20.5
  71.5	23
  72.5	26
  73.5	31
  74.5	15
  75.5	26.7
  76.5	27.5
  77.5	20.1111
  78.5	24.5
  79.5	25.125
  80.5	30
  81.5	25.6111
  82.5	28.1111
  83.5	25.3929
  84.5	20.5
  85.5	24.1111
  86.5	25
  87.5	22
  88.5	18.5
  89.5	26.55
  90.5	17.0667
  91.5	26.8333
  92.5	31
  93.5	21
  94.5	23
  95.5	29
  96.5	31
  97.5	32
  98.5	17.5
  99.5	21
 100.5	21
 101.5	24.125
 102.5	32.5
 103.5	21
 104.5	30
 105.5	26
 106.5	17.5
 107.5	30.25
 108.5	24
 109.5	16
 110.5	18.3333
 111.5	19.5
 112.5	29.2222
 113.5	19.1
 114.5	30.5
 115.5	20
 116.5	25.6429
 117.5	29.5
 118.5	24.1
 119.5	22
 120.5	20
 121.5	27
 122.5	26.4762
 123.5	30.125
 124.5	27
 125.5	24.5
 126.5	23
 127.5	28
 128.5	24.5
 129.5	22.1917
 130.5	21.5
 131.5	35.4444
 132.5	18
 133.5	33.1111
 134.5	13.5
 135.5	23.5
 136.5	30.75
 137.5	21.75
 138.5	16
 139.5	16
 140.5	23.75
 141.5	22.5
 142.5	26.6
 143.5	35.1111
 144.5	32
 145.5	31
 146.5	31
 147.5	17
 148.5	24
 149.5	18
 150.5	21.5
 151.5	25.5
 152.5	21.25
 153.5	30.5
 154.5	15
 155.5	24.95
 156.5	22.8611
 157.5	26.5
 158.5	23
 159.5	26
 160.5	24.5
 161.5	21.1429
 162.5	32.75
 163.5	14.5
 164.5	21.3
 165.5	28
 166.5	23
 167.5	27.625
 168.5	23.5667
 169.5	23.5
 170.5	23
 171.5	35
 172.5	24
 173.5	21
 174.5	18.8111
 175.5	19.5
 176.5	28.5
 177.5	26.5
 178.5	15.5
 179.5	19.3929
 180.5	17
 181.5	29
 182.5	14
 183.5	33
 184.5	23.7111
 185.5	21.5
 186.5	26.5
 187.5	21.5
 188.5	31
 189.5	24.5
 190.5	25
 191.5	17.5
 192.5	17
 193.5	22.5
 194.5	20
 195.5	30.1
 196.5	25.5
 197.5	30.6111
 198.5	29.4583
 199.5	27
 200.5	22.5
 201.5	21
 202.5	19
 203.5	26
 204.5	22
 205.5	16
 206.5	26.5
 207.5	29.5667
 208.5	22.5
 209.5	30.5
 210.5	30.5
 211.5	31.5
 212.5	21.25
 213.5	18.5
 214.5	18
 215.5	27
 216.5	22.1111
 217.5	18
 218.5	27.5
 219.5	19
 220.5	17.5
 221.5	26
 222.5	20
 223.5	26.25
 224.5	21.5
 225.5	15.5
 226.5	14.5
 227.5	26.0333
 228.5	21.8333
 229.5	13.5
 230.5	25
 231.5	38.5
 232.5	23.5
 233.5	29
 234.5	20.1111
 235.5	23.9722
 236.5	23
 237.5	21
 238.5	18
 239.5	29.1429
 240.5	27.5
 241.5	20
 242.5	31
 243.5	15
 244.5	15
 245.5	25.5
 246