DB 1 MOTIF	1-GCCGCCGCCGCCGCC	STREME-1
-210.5	4.36667
-209.5	8.25
-208.5	10
-207.5	7.16667
-206.5	3.75
-205.5	1
-204.5	5.16667
-203.5	9.75
-202.5	4.25
-201.5	8.16667
-200.5	3.25
-199.5	2.34091
-198.5	6.16667
-197.5	4
-196.5	7.04091
-195.5	9.16667
-194.5	4.5
-193.5	7.04091
-192.5	0
-191.5	12.5
-190.5	1.29091
-189.5	6
-188.5	2
-187.5	2.29091
-186.5	6.5
-185.5	2.5
-184.5	7.29091
-183.5	3.5
-182.5	6.5
-181.5	7.09091
-180.5	8
-179.5	6
-178.5	9.59091
-177.5	9
-176.5	9
-175.5	5.15341
-174.5	3
-173.5	6
-172.5	5.85341
-171.5	5
-170.5	4
-169.5	5.68674
-168.5	2
-167.5	7.5
-166.5	8.59583
-165.5	5
-164.5	4
-163.5	2.59583
-162.5	4
-161.5	6.34286
-160.5	7.2625
-159.5	6.5
-158.5	2.34286
-157.5	3.7625
-156.5	10.2
-155.5	3.14286
-154.5	3.7625
-153.5	5.7
-152.5	6.14286
-151.5	7.4625
-150.5	4.78333
-149.5	4.80952
-148.5	5.4625
-147.5	10.7833
-146.5	7.80952
-145.5	1.2625
-144.5	10.7833
-143.5	4.80952
-142.5	4.0625
-141.5	4.25
-140.5	6.14286
-139.5	8.2625
-138.5	3.25
-137.5	4.14286
-136.5	7.2625
-135.5	5
-134.5	5
-133.5	6.59583
-132.5	6.83333
-131.5	4.5
-130.5	5.7625
-129.5	4.83333
-128.5	2
-127.5	6.36667
-126.5	11.3333
-125.5	6.5
-124.5	9.16667
-123.5	7
-122.5	6
-121.5	9.16667
-120.5	2
-119.5	1
-118.5	9.66667
-117.5	6
-116.5	8.45
-115.5	4.16667
-114.5	4
-113.5	7.61667
-112.5	6.16667
-111.5	2
-110.5	8.61667
-109.5	7
-108.5	7
-107.5	3.61667
-106.5	7.2
-105.5	6.5
-104.5	4.7
-103.5	3.2
-102.5	8
-101.5	5.5
-100.5	8.2
 -99.5	7
 -98.5	7.33333
 -97.5	6
 -96.5	6.26786
 -95.5	5
 -94.5	7
 -93.5	9.125
 -92.5	4
 -91.5	6
 -90.5	11.125
 -89.5	8
 -88.5	11.3333
 -87.5	6.125
 -86.5	11.1667
 -85.5	4.33333
 -84.5	3
 -83.5	8.41667
 -82.5	6
 -81.5	4.5
 -80.5	6.41667
 -79.5	5
 -78.5	10.5
 -77.5	10.6667
 -76.5	9.25
 -75.5	6
 -74.5	8.14286
 -73.5	5.25
 -72.5	8
 -71.5	10.8929
 -70.5	3.25
 -69.5	1.5
 -68.5	5.30952
 -67.5	4.89286
 -66.5	5.5
 -65.5	9.14286
 -64.5	6.64286
 -63.5	4.33333
 -62.5	6.80952
 -61.5	6.14286
 -60.5	7.33333
 -59.5	4.30952
 -58.5	7.64286
 -57.5	10.3333
 -56.5	4.47619
 -55.5	9
 -54.5	8
 -53.5	6.33333
 -52.5	6.5
 -51.5	5
 -50.5	8.33333
 -49.5	11
 -48.5	7
 -47.5	6
 -46.5	5.58333
 -45.5	7
 -44.5	5.25
 -43.5	9.78333
 -42.5	8
 -41.5	7.75
 -40.5	5.78333
 -39.5	6
 -38.5	7.75
 -37.5	4.45
 -36.5	8.14286
 -35.5	10.5833
 -34.5	10.2
 -33.5	8.14286
 -32.5	7
 -31.5	11.2
 -30.5	15.3095
 -29.5	11.3333
 -28.5	7
 -27.5	8.80952
 -26.5	8.03333
 -25.5	8.125
 -24.5	7.30952
 -23.5	17.8667
 -22.5	10.875
 -21.5	8.55952
 -20.5	14.3333
 -19.5	5.875
 -18.5	6.39286
 -17.5	5
 -16.5	10.0417
 -15.5	13.25
 -14.5	6.25
 -13.5	10.25
 -12.5	7.625
 -11.5	11.25
 -10.5	8.5
  -9.5	5.20833
  -8.5	13.25
  -7.5	11.5
  -6.5	11.0417
  -5.5	12.25
  -4.5	9.16667
  -3.5	12.375
  -2.5	13
  -1.5	10.4167
  -0.5	9.45833
   0.5	11.5
   1.5	11.25
   2.5	11.7917
   3.5	7.16667
   4.5	9.75
   5.5	9.45833
   6.5	8
   7.5	16.25
   8.5	11.9583
   9.5	8.5
  10.5	7.5
  11.5	6.83333
  12.5	8.33333
  13.5	7
  14.5	4.33333
  15.5	9.5
  16.5	8
  17.5	11.1667
  18.5	14
  19.5	5
  20.5	3
  21.5	6.33333
  22.5	6.25
  23.5	7
  24.5	12
  25.5	6.25
  26.5	11
  27.5	13.1667
  28.5	0.25
  29.5	5
  30.5	15.1667
  31.5	5.25
  32.5	8.5
  33.5	4.16667
  34.5	8
  35.5	5.5
  36.5	7
  37.5	10.5
  38.5	7
  39.5	10
  40.5	4.5
  41.5	5.08333
  42.5	12
  43.5	4
  44.5	9.08333
  45.5	9
  46.5	7
  47.5	7.08333
  48.5	6.11111
  49.5	7.75
  50.5	11.0833
  51.5	11.9444
  52.5	8
  53.5	14.0833
  54.5	9.42063
  55.5	7.83333
  56.5	8.08333
  57.5	6.5873
  58.5	8.53333
  59.5	2.08333
  60.5	7.25397
  61.5	6.53333
  62.5	7.41667
  63.5	6.11111
  64.5	5.2
  65.5	4.41667
  66.5	11.6111
  67.5	5.2
  68.5	5.91667
  69.5	10.9444
  70.5	6.2
  71.5	9.58333
  72.5	7.77778
  73.5	11
  74.5	8.08333
  75.5	3.16667
  76.5	7.33333
  77.5	4
  78.5	6.2
  79.5	13.3333
  80.5	8.5
  81.5	9.95
  82.5	2.58333
  83.5	12.5
  84.5	7.59286
  85.5	3.75
  86.5	5.5
  87.5	6.09286
  88.5	6.75
  89.5	4
  90.5	5.59286
  91.5	5.75
  92.5	12.5
  93.5	10
  94.5	9.5
  95.5	4.5
  96.5	1
  97.5	6
  98.5	10.1667
  99.5	7
 100.5	3
 101.5	8
 102.5	5
 103.5	5
 104.5	0.166667
 105.5	3
 106.5	5
 107.5	6.16667
 108.5	6
 109.5	4
 110.5	6.125
 111.5	7.33333
 112.5	6
 113.5	3.45833
 114.5	5.33333
 115.5	5.33333
 116.5	8.45833
 117.5	8.33333
 118.5	5.83333
 119.5	6.93452
 120.5	2.58333
 121.5	2.83333
 122.5	5.97619
 123.5	6.83333
 124.5	2
 125.5	2.97619
 126.5	2.33333
 127.5	5
 128.5	1.14286
 129.5	6.33333
 130.5	7
 131.5	4.14286
 132.5	6.33333
 133.5	3
 134.5	3.14286
 135.5	6.33333
 136.5	3.33333
 137.5	5.5
 138.5	1.33333
 139.5	4.83333
 140.5	4.5
 141.5	4.33333
 142.5	3.83333
 143.5	5.5
 144.5	6.33333
 145.5	8
 146.5	3
 147.5	3.08333
 148.5	3
 149.5	3.5
 150.5	2.08333
 151.5	4
 152.5	5.59091
 153.5	6.41667
 154.5	4
 155.5	6.09091
 156.5	11.6667
 157.5	7
 158.5	5.09091
 159.5	4.66667
 160.5	2
 161.5	4.09091
 162.5	3.33333
 163.5	11
 164.5	1.09091
 165.5	2.5
 166.5	5.25
 167.5	10.0909
 168.5	8.5
 169.5	2
 170.5	5.09091
 171.5	7
 172.5	6
 173.5	6.59091
 174.5	4
 175.5	5
 176.5	1.59091
 177.5	4
 178.5	3
 179.5	6.73377
 180.5	3
 181.5	5.625
 182.5	3.23377
 183.5	4
 184.5	5.625
 185.5	5.83333
 186.5	6
 187.5	4.125
 188.5	7.33333
 189.5	8
 190.5	8.125
 191.5	6.08333
 192.5	2
 193.5	8
 194.5	2.25
 195.5	2.25
 196.5	3.33333
 197.5	0.25
 198.5	5.25
 199.5	2.33333
 200.5	4.75
 201.5	5.25
 202.5	6.33333
 203.5	5.83333
 204.5	4.58333
 205.5	8
 206.5	4.33333
 207.5	3.33333
 208.5	1
 209.5	4.33333
 210.5	11.3333
DB 1 MOTIF	2-MGGCCCCGCCCCCBC	STREME-2
-210.5	15
-209.5	15
-208.5	19
-207.5	13
-206.5	6
-205.5	14.5
-204.5	21
-203.5	16
-202.5	18
-201.5	23
-200.5	17
-199.5	19.5
-198.5	6
-197.5	13
-196.5	11.5
-195.5	14
-194.5	10
-193.5	18
-192.5	13
-191.5	13
-190.5	21
-189.5	9
-188.5	19
-187.5	10.5
-186.5	16
-185.5	14
-184.5	16
-183.5	12
-182.5	7
-181.5	13
-180.5	12
-179.5	10
-178.5	14
-177.5	8
-176.5	22.5
-175.5	14
-174.5	12
-173.5	14
-172.5	17
-171.5	29
-170.5	19
-169.5	12
-168.5	17
-167.5	8
-166.5	16.5
-165.5	11
-164.5	9
-163.5	14
-162.5	15.5
-161.5	16
-160.5	10
-159.5	14.5
-158.5	16
-157.5	24
-156.5	11
-155.5	10
-154.5	21
-153.5	9
-152.5	16
-151.5	18
-150.5	16
-149.5	17
-148.5	13
-147.5	16
-146.5	18
-145.5	12
-144.5	10
-143.5	16
-142.5	14
-141.5	17
-140.5	9
-139.5	10
-138.5	11
-137.5	13
-136.5	8.5
-135.5	15
-134.5	14
-133.5	13
-132.5	7
-131.5	15
-130.5	19
-129.5	10
-128.5	19
-127.5	11
-126.5	5
-125.5	14
-124.5	16
-123.5	20
-122.5	20
-121.5	16.5
-120.5	15.5
-119.5	12
-118.5	7
-117.5	15
-116.5	18.5
-115.5	13
-114.5	14
-113.5	13
-112.5	8
-111.5	15
-110.5	19
-109.5	8
-108.5	13.5
-107.5	9
-106.5	12
-105.5	12
-104.5	14
-103.5	10
-102.5	9.5
-101.5	14
-100.5	13
 -99.5	11
 -98.5	15
 -97.5	14
 -96.5	19
 -95.5	8
 -94.5	13.5
 -93.5	11
 -92.5	10
 -91.5	15
 -90.5	21
 -89.5	17
 -88.5	10
 -87.5	13
 -86.5	15
 -85.5	15
 -84.5	18.5
 -83.5	10
 -82.5	8.5
 -81.5	13
 -80.5	7
 -79.5	21
 -78.5	16
 -77.5	8
 -76.5	13
 -75.5	15
 -74.5	17
 -73.5	19
 -72.5	13.5
 -71.5	15
 -70.5	16
 -69.5	15
 -68.5	15
 -67.5	12.5
 -66.5	11
 -65.5	18
 -64.5	13
 -63.5	19
 -62.5	11
 -61.5	11
 -60.5	13
 -59.5	16.5
 -58.5	13
 -57.5	18.5
 -56.5	13.5
 -55.5	12
 -54.5	18.5
 -53.5	11.5
 -52.5	14
 -51.5	14
 -50.5	6
 -49.5	20.5
 -48.5	15
 -47.5	13
 -46.5	13.5
 -45.5	21
 -44.5	15
 -43.5	18
 -42.5	15
 -41.5	15
 -40.5	11
 -39.5	22
 -38.5	14
 -37.5	11
 -36.5	13
 -35.5	22
 -34.5	12
 -33.5	19
 -32.5	22
 -31.5	10
 -30.5	17
 -29.5	13
 -28.5	19
 -27.5	13
 -26.5	14
 -25.5	14
 -24.5	15
 -23.5	17
 -22.5	21
 -21.5	10
 -20.5	11
 -19.5	19
 -18.5	21
 -17.5	14
 -16.5	14
 -15.5	24
 -14.5	23
 -13.5	14
 -12.5	16
 -11.5	14
 -10.5	12
  -9.5	21
  -8.5	17
  -7.5	19
  -6.5	15
  -5.5	11
  -4.5	11
  -3.5	22
  -2.5	21
  -1.5	9
  -0.5	18
   0.5	17
   1.5	17
   2.5	15
   3.5	18
   4.5	17
   5.5	14
   6.5	16
   7.5	15
   8.5	20
   9.5	19
  10.5	15
  11.5	11.5
  12.5	19
  13.5	11
  14.5	17
  15.5	13
  16.5	20
  17.5	10
  18.5	15
  19.5	12
  20.5	12
  21.5	15
  22.5	10.5
  23.5	12
  24.5	14.5
  25.5	9
  26.5	12
  27.5	12.5
  28.5	16
  29.5	15
  30.5	18
  31.5	13
  32.5	15.5
  33.5	14
  34.5	20
  35.5	17
  36.5	14
  37.5	18.5
  38.5	14
  39.5	17
  40.5	16
  41.5	21.5
  42.5	18
  43.5	20
  44.5	11
  45.5	9
  46.5	15
  47.5	13
  48.5	13
  49.5	20
  50.5	16
  51.5	14.5
  52.5	13
  53.5	10
  54.5	12
  55.5	19
  56.5	7
  57.5	12
  58.5	9
  59.5	14
  60.5	16
  61.5	18
  62.5	11
  63.5	22
  64.5	23
  65.5	14
  66.5	22
  67.5	15
  68.5	15
  69.5	11
  70.5	15
  71.5	12
  72.5	11
  73.5	13
  74.5	16
  75.5	11
  76.5	13
  77.5	9
  78.5	13
  79.5	8
  80.5	14.5
  81.5	10
  82.5	13
  83.5	11.5
  84.5	8
  85.5	23
  86.5	11
  87.5	16
  88.5	18
  89.5	12
  90.5	17
  91.5	12
  92.5	11
  93.5	13
  94.5	13
  95.5	12
  96.5	9
  97.5	16
  98.5	13
  99.5	15
 100.5	10
 101.5	11
 102.5	9
 103.5	17.5
 104.5	11
 105.5	11
 106.5	18
 107.5	12
 108.5	19
 109.5	10
 110.5	20
 111.5	20
 112.5	14
 113.5	12
 114.5	10.5
 115.5	12
 116.5	14
 117.5	16
 118.5	15.5
 119.5	21
 120.5	20
 121.5	15.5
 122.5	13
 123.5	12.5
 124.5	6
 125.5	18
 126.5	19.3333
 127.5	13
 128.5	16
 129.5	13
 130.5	12
 131.5	13
 132.5	18
 133.5	13
 134.5	14
 135.5	19
 136.5	15.5
 137.5	10
 138.5	13.5
 139.5	15
 140.5	13.5
 141.5	10
 142.5	13
 143.5	11
 144.5	23
 145.5	16.5
 146.5	14
 147.5	12
 148.5	15
 149.5	10
 150.5	11.5
 151.5	13
 152.5	7
 153.5	9.5
 154.5	12
 155.5	14.5
 156.5	13.5
 157.5	11.3333
 158.5	10
 159.5	21
 160.5	13.5
 161.5	14
 162.5	12
 163.5	15
 164.5	7
 165.5	10
 166.5	10
 167.5	13
 168.5	20
 169.5	17.5
 170.5	15
 171.5	18.5
 172.5	15.5
 173.5	19
 174.5	7
 175.5	11.5
 176.5	9.5
 177.5	16
 178.5	6.5
 179.5	15
 180.5	19
 181.5	9.5
 182.5	14
 183.5	9.5
 184.5	15
 185.5	8
 186.5	7
 187.5	17
 188.5	9.33333
 189.5	15.5
 190.5	10.5
 191.5	10.5
 192.5	14
 193.5	16.5
 194.5	9
 195.5	24
 196.5	13.5
 197.5	14.5
 198.5	11
 199.5	11
 200.5	8.33333
 201.5	7
 202.5	18
 203.5	18
 204.5	10
 205.5	15.3333
 206.5	16.5
 207.5	15
 208.5	16
 209.5	13
 210.5	20.8333
DB 1 MOTIF	3-CGCGCATGCGCG	STREME-3
-212.0	1
-211.0	4
-210.0	2
-209.0	5
-208.0	4
-207.0	1
-206.0	1
-205.0	8
-204.0	3
-203.0	1.5
-202.0	3
-201.0	3.5
-200.0	3
-199.0	4
-198.0	4
-197.0	5
-196.0	3
-195.0	2
-194.0	3
-193.0	1
-192.0	6
-191.0	4
-190.0	10
-189.0	5
-188.0	8
-187.0	2
-186.0	3.5
-185.0	2
-184.0	1
-183.0	2
-182.0	4
-181.0	4
-180.0	3
-179.0	2
-178.0	0
-177.0	5
-176.0	2
-175.0	1
-174.0	3
-173.0	3
-172.0	3
-171.0	4
-170.0	1.5
-169.0	7
-168.0	0
-167.0	1
-166.0	2
-165.0	3
-164.0	0
-163.0	0
-162.0	1
-161.0	8
-160.0	5
-159.0	2.25
-158.0	4
-157.0	3
-156.0	1
-155.0	1.5
-154.0	6
-153.0	5.5
-152.0	4
-151.0	1
-150.0	3
-149.0	5
-148.0	5
-147.0	7.5
-146.0	2
-145.0	4
-144.0	4.5
-143.0	5.25
-142.0	3
-141.0	3
-140.0	2
-139.0	1
-138.0	4
-137.0	2
-136.0	1
-135.0	2
-134.0	1
-133.0	4
-132.0	3.5
-131.0	4
-130.0	6
-129.0	3
-128.0	4
-127.0	5.25
-126.0	6
-125.0	4
-124.0	2
-123.0	3
-122.0	4.5
-121.0	7
-120.0	6
-119.0	6
-118.0	0
-117.0	5
-116.0	2
-115.0	2.5
-114.0	6
-113.0	4
-112.0	3
-111.0	3.25
-110.0	5
-109.0	3
-108.0	2
-107.0	2
-106.0	3
-105.0	6
-104.0	5
-103.0	2
-102.0	5
-101.0	4
-100.0	3
 -99.0	2.5
 -98.0	7
 -97.0	2
 -96.0	3
 -95.0	5
 -94.0	8
 -93.0	4.5
 -92.0	6
 -91.0	2
 -90.0	4.5
 -89.0	3
 -88.0	2
 -87.0	3
 -86.0	4
 -85.0	6
 -84.0	2
 -83.0	5
 -82.0	6
 -81.0	1
 -80.0	4
 -79.0	3
 -78.0	4
 -77.0	5.5
 -76.0	3
 -75.0	5
 -74.0	9
 -73.0	9
 -72.0	6
 -71.0	2.5
 -70.0	1
 -69.0	6
 -68.0	4
 -67.0	9.5
 -66.0	7
 -65.0	5.5
 -64.0	6
 -63.0	7
 -62.0	8
 -61.0	4
 -60.0	2
 -59.0	4
 -58.0	2
 -57.0	7
 -56.0	5
 -55.0	4
 -54.0	5.5
 -53.0	5.5
 -52.0	2
 -51.0	4
 -50.0	7
 -49.0	13.5
 -48.0	8
 -47.0	8
 -46.0	3
 -45.0	1
 -44.0	1
 -43.0	7
 -42.0	5.5
 -41.0	4.5
 -40.0	6
 -39.0	11.5
 -38.0	4
 -37.0	5
 -36.0	4
 -35.0	5
 -34.0	5
 -33.0	4
 -32.0	6
 -31.0	4
 -30.0	4
 -29.0	6
 -28.0	5
 -27.0	4
 -26.0	7
 -25.0	3
 -24.0	3
 -23.0	3
 -22.0	3
 -21.0	1
 -20.0	2
 -19.0	4
 -18.0	7
 -17.0	10
 -16.0	5
 -15.0	3
 -14.0	4
 -13.0	5
 -12.0	6
 -11.0	6
 -10.0	6
  -9.0	4
  -8.0	3
  -7.0	4
  -6.0	5
  -5.0	3
  -4.0	4
  -3.0	4
  -2.0	6
  -1.0	10
   0.0	7
   1.0	9
   2.0	11.5
   3.0	8
   4.0	2
   5.0	4
   6.0	4
   7.0	7
   8.0	10.5
   9.0	6
  10.0	5
  11.0	2
  12.0	1
  13.0	8
  14.0	1.5
  15.0	5
  16.0	4.5
  17.0	3
  18.0	3
  19.0	9
  20.0	3
  21.0	2
  22.0	3.5
  23.0	3.5
  24.0	9
  25.0	7
  26.0	4
  27.0	3
  28.0	7
  29.0	4
  30.0	5
  31.0	7
  32.0	3
  33.0	8.5
  34.0	7
  35.0	8.25
  36.0	3.5
  37.0	6.25
  38.0	7
  39.0	8.25
  40.0	3.5
  41.0	3.25
  42.0	8.5
  43.0	4
  44.0	6.5
  45.0	3
  46.0	6.5
  47.0	10
  48.0	3
  49.0	6
  50.0	6
  51.0	1
  52.0	6
  53.0	4.5
  54.0	5
  55.0	5
  56.0	3
  57.0	6
  58.0	3
  59.0	4
  60.0	8
  61.0	5
  62.0	6
  63.0	5
  64.0	2
  65.0	6
  66.0	3
  67.0	7
  68.0	1
  69.0	8
  70.0	6
  71.0	8
  72.0	6
  73.0	5
  74.0	6
  75.0	9.5
  76.0	4
  77.0	6.5
  78.0	4
  79.0	2
  80.0	3
  81.0	9
  82.0	3.5
  83.0	3
  84.0	6
  85.0	4
  86.0	4
  87.0	5.5
  88.0	7
  89.0	9
  90.0	3
  91.0	0
  92.0	4
  93.0	2
  94.0	5
  95.0	1
  96.0	4
  97.0	7
  98.0	1
  99.0	1
 100.0	4
 101.0	3
 102.0	6
 103.0	2
 104.0	8
 105.0	4
 106.0	3
 107.0	1.5
 108.0	2
 109.0	6
 110.0	7
 111.0	3
 112.0	2
 113.0	9
 114.0	3
 115.0	7
 116.0	6
 117.0	8
 118.0	4.5
 119.0	7
 120.0	4
 121.0	5
 122.0	5
 123.0	1
 124.0	5
 125.0	2
 126.0	3
 127.0	2
 128.0	1.33333
 129.0	2
 130.0	6.33333
 131.0	5
 132.0	3.33333
 133.0	6
 134.0	6
 135.0	4
 136.0	0
 137.0	3
 138.0	2
 139.0	3.5
 140.0	2
 141.0	3.5
 142.0	4
 143.0	3
 144.0	2
 145.0	0
 146.0	3
 147.0	6
 148.0	3
 149.0	1
 150.0	4
 151.0	5
 152.0	1
 153.0	4
 154.0	3.5
 155.0	5
 156.0	4
 157.0	6
 158.0	2.5
 159.0	4
 160.0	2.5
 161.0	5
 162.0	3
 163.0	3
 164.0	4.5
 165.0	5
 166.0	4
 167.0	2
 168.0	2
 169.0	3
 170.0	1
 171.0	4
 172.0	4
 173.0	1
 174.0	2
 175.0	1
 176.0	7
 177.0	5
 178.0	1
 179.0	2
 180.0	2
 181.0	6
 182.0	2
 183.0	2
 184.0	3
 185.0	5
 186.0	4
 187.0	6
 188.0	6.5
 189.0	4
 190.0	0
 191.0	2
 192.0	1
 193.0	0
 194.0	0
 195.0	2
 196.0	3
 197.0	5
 198.0	6
 199.0	3
 200.0	1
 201.0	2
 202.0	4
 203.0	4
 204.0	1
 205.0	2
 206.0	4
 207.0	1
 208.0	2.5
 209.0	3
 210.0	3.5
 211.0	4
 212.0	6
DB 1 MOTIF	6-CGCCCCCTGGCGGCC	STREME-6
-210.5	8
-209.5	6
-208.5	5
-207.5	2
-206.5	3
-205.5	3
-204.5	4
-203.5	9
-202.5	5
-201.5	7
-200.5	2
-199.5	3
-198.5	6
-197.5	1
-196.5	3
-195.5	5
-194.5	6
-193.5	7
-192.5	10
-191.5	5
-190.5	7
-189.5	7
-188.5	5
-187.5	5
-186.5	4
-185.5	2
-184.5	9
-183.5	5
-182.5	0
-181.5	3
-180.5	10
-179.5	6.5
-178.5	7
-177.5	8
-176.5	6
-175.5	11
-174.5	7
-173.5	4
-172.5	4
-171.5	5
-170.5	4
-169.5	7
-168.5	6
-167.5	1
-166.5	4
-165.5	5
-164.5	11
-163.5	2
-162.5	9
-161.5	5
-160.5	9
-159.5	9
-158.5	5
-157.5	8
-156.5	7
-155.5	4
-154.5	2
-153.5	6
-152.5	4
-151.5	7
-150.5	7
-149.5	5
-148.5	2
-147.5	5
-146.5	3
-145.5	5.66667
-144.5	4
-143.5	4
-142.5	5
-141.5	7
-140.5	5
-139.5	4
-138.5	6
-137.5	12
-136.5	7
-135.5	7
-134.5	4
-133.5	8
-132.5	4
-131.5	7
-130.5	4
-129.5	7
-128.5	9
-127.5	4
-126.5	2
-125.5	3
-124.5	5
-123.5	8
-122.5	5
-121.5	3
-120.5	5
-119.5	6
-118.5	8
-117.5	5
-116.5	4
-115.5	4
-114.5	4
-113.5	2
-112.5	3
-111.5	6
-110.5	6
-109.5	5
-108.5	6
-107.5	4
-106.5	3
-105.5	7
-104.5	4
-103.5	8
-102.5	4
-101.5	5
-100.5	6
 -99.5	5
 -98.5	7
 -97.5	7
 -96.5	3
 -95.5	6
 -94.5	13
 -93.5	9
 -92.5	3
 -91.5	8
 -90.5	5
 -89.5	6
 -88.5	4
 -87.5	8
 -86.5	4
 -85.5	12
 -84.5	13
 -83.5	6.5
 -82.5	8
 -81.5	7
 -80.5	8
 -79.5	7
 -78.5	6
 -77.5	9
 -76.5	3
 -75.5	7
 -74.5	8.16667
 -73.5	7
 -72.5	4
 -71.5	5
 -70.5	8
 -69.5	8
 -68.5	5
 -67.5	5
 -66.5	5
 -65.5	6
 -64.5	6
 -63.5	9
 -62.5	8
 -61.5	9
 -60.5	7
 -59.5	10
 -58.5	7
 -57.5	7
 -56.5	6
 -55.5	6
 -54.5	5
 -53.5	8
 -52.5	5
 -51.5	2
 -50.5	7
 -49.5	9
 -48.5	1
 -47.5	9
 -46.5	3
 -45.5	8
 -44.5	4
 -43.5	11
 -42.5	5
 -41.5	8
 -40.5	11
 -39.5	11
 -38.5	9
 -37.5	9
 -36.5	5
 -35.5	7
 -34.5	9
 -33.5	8
 -32.5	7
 -31.5	8
 -30.5	11
 -29.5	5
 -28.5	9
 -27.5	5
 -26.5	9
 -25.5	9
 -24.5	9.5
 -23.5	13
 -22.5	15
 -21.5	7
 -20.5	12
 -19.5	9.5
 -18.5	9
 -17.5	9
 -16.5	19
 -15.5	6
 -14.5	4
 -13.5	9
 -12.5	13.5
 -11.5	5.5
 -10.5	8
  -9.5	9
  -8.5	13
  -7.5	10
  -6.5	1
  -5.5	9
  -4.5	7
  -3.5	12.1667
  -2.5	9
  -1.5	9
  -0.5	14
   0.5	11
   1.5	12
   2.5	8
   3.5	16
   4.5	12
   5.5	21
   6.5	7
   7.5	5
   8.5	12
   9.5	8
  10.5	11
  11.5	12
  12.5	14
  13.5	11
  14.5	11
  15.5	8
  16.5	8
  17.5	11
  18.5	10
  19.5	5
  20.5	11
  21.5	11
  22.5	9
  23.5	14
  24.5	7
  25.5	5
  26.5	9
  27.5	9
  28.5	11
  29.5	8
  30.5	15
  31.5	5
  32.5	8
  33.5	7
  34.5	13
  35.5	8
  36.5	5
  37.5	7.5
  38.5	14
  39.5	11
  40.5	8
  41.5	13
  42.5	7
  43.5	7
  44.5	14
  45.5	6
  46.5	11
  47.5	9
  48.5	8
  49.5	5
  50.5	7
  51.5	4
  52.5	10
  53.5	7
  54.5	5
  55.5	10
  56.5	6
  57.5	15
  58.5	8
  59.5	8
  60.5	8
  61.5	7
  62.5	8
  63.5	12
  64.5	5.5
  65.5	14
  66.5	7
  67.5	6.16667
  68.5	8
  69.5	7.5
  70.5	7
  71.5	8.5
  72.5	4
  73.5	3
  74.5	6
  75.5	4
  76.5	4
  77.5	6
  78.5	6
  79.5	5
  80.5	7
  81.5	11
  82.5	7
  83.5	4
  84.5	5
  85.5	7
  86.5	2
  87.5	12
  88.5	8
  89.5	7
  90.5	8
  91.5	4
  92.5	8
  93.5	8
  94.5	5
  95.5	7
  96.5	9
  97.5	3
  98.5	9
  99.5	6
 100.5	5
 101.5	5.5
 102.5	1
 103.5	8
 104.5	3
 105.5	6
 106.5	11
 107.5	4
 108.5	6
 109.5	10
 110.5	8
 111.5	9
 112.5	7
 113.5	10
 114.5	8
 115.5	2
 116.5	6
 117.5	5
 118.5	3
 119.5	6
 120.5	6
 121.5	6
 122.5	8
 123.5	6
 124.5	5.5
 125.5	2
 126.5	7
 127.5	4
 128.5	7
 129.5	7
 130.5	4
 131.5	8
 132.5	5
 133.5	5
 134.5	9
 135.5	6
 136.5	6
 137.5	9
 138.5	7.16667
 139.5	3
 140.5	6
 141.5	9
 142.5	1
 143.5	5
 144.5	5
 145.5	5
 146.5	10
 147.5	4
 148.5	7
 149.5	5
 150.5	2
 151.5	9
 152.5	5
 153.5	5
 154.5	4
 155.5	11
 156.5	7.33333
 157.5	5
 158.5	6
 159.5	3
 160.5	8
 161.5	9
 162.5	6
 163.5	5
 164.5	4
 165.5	1
 166.5	3
 167.5	1
 168.5	3
 169.5	4
 170.5	5
 171.5	6
 172.5	3
 173.5	5
 174.5	2
 175.5	3
 176.5	4
 177.5	4.5
 178.5	7
 179.5	2
 180.5	6.33333
 181.5	4
 182.5	6
 183.5	6
 184.5	9
 185.5	3
 186.5	5
 187.5	6.5
 188.5	8
 189.5	3
 190.5	8
 191.5	3
 192.5	5
 193.5	5
 194.5	6
 195.5	9
 196.5	5
 197.5	5
 198.5	7
 199.5	6
 200.5	5.5
 201.5	2
 202.5	3
 203.5	5
 204.5	3
 205.5	5
 206.5	3
 207.5	2
 208.5	1.33333
 209.5	4.16667
 210.5	1
DB 1 MOTIF	9-ACCGGAAGTG	STREME-9
-213.0	5
-212.0	5
-211.0	4
-210.0	3
-209.0	6
-208.0	8
-207.0	6
-206.0	6.5
-205.0	6
-204.0	6
-203.0	11
-202.0	2
-201.0	8
-200.0	5
-199.0	10
-198.0	3
-197.0	3
-196.0	7
-195.0	4.5
-194.0	4
-193.0	7
-192.0	4
-191.0	7
-190.0	6.5
-189.0	3
-188.0	9
-187.0	3
-186.0	5
-185.0	9
-184.0	7
-183.0	2
-182.0	7
-181.0	6
-180.0	9
-179.0	4
-178.0	3.5
-177.0	9.5
-176.0	9
-175.0	7
-174.0	7
-173.0	7
-172.0	4
-171.0	12
-170.0	8
-169.0	5
-168.0	8
-167.0	10
-166.0	5.5
-165.0	3
-164.0	7
-163.0	5
-162.0	5
-161.0	7
-160.0	3
-159.0	8
-158.0	8
-157.0	7
-156.0	10
-155.0	4
-154.0	9
-153.0	5
-152.0	5
-151.0	5
-150.0	5
-149.0	5
-148.0	2
-147.0	4
-146.0	11
-145.0	6
-144.0	7
-143.0	4
-142.0	8.5
-141.0	7
-140.0	5
-139.0	3
-138.0	2
-137.0	6
-136.0	11
-135.0	8.5
-134.0	3
-133.0	6
-132.0	7
-131.0	7
-130.0	4
-129.0	3
-128.0	8
-127.0	7
-126.0	9
-125.0	10
-124.0	4
-123.0	9
-122.0	7
-121.0	10
-120.0	12
-119.0	5
-118.0	6
-117.0	3
-116.0	6
-115.0	4
-114.0	4
-113.0	1
-112.0	4
-111.0	5
-110.0	3
-109.0	6
-108.0	6
-107.0	7
-106.0	9
-105.0	7
-104.0	3
-103.0	6
-102.0	6
-101.0	6
-100.0	4
 -99.0	4
 -98.0	10
 -97.0	7
 -96.0	5
 -95.0	3
 -94.0	8
 -93.0	3
 -92.0	13
 -91.0	3
 -90.0	2
 -89.0	6
 -88.0	5.83333
 -87.0	7.5
 -86.0	4
 -85.0	8
 -84.0	6.5
 -83.0	13
 -82.0	3
 -81.0	7
 -80.0	7
 -79.0	8
 -78.0	7
 -77.0	8
 -76.0	8
 -75.0	8
 -74.0	6
 -73.0	10
 -72.0	7
 -71.0	6
 -70.0	6
 -69.0	10
 -68.0	5
 -67.0	4
 -66.0	5
 -65.0	5
 -64.0	5
 -63.0	6
 -62.0	6
 -61.0	7.5
 -60.0	7
 -59.0	6
 -58.0	7
 -57.0	12
 -56.0	9
 -55.0	5
 -54.0	9
 -53.0	4
 -52.0	3
 -51.0	7
 -50.0	2
 -49.0	8
 -48.0	7
 -47.0	7.5
 -46.0	7
 -45.0	8
 -44.0	9
 -43.0	6
 -42.0	6
 -41.0	4
 -40.0	7
 -39.0	11
 -38.0	11
 -37.0	7
 -36.0	8
 -35.0	10
 -34.0	6
 -33.0	9.5
 -32.0	10
 -31.0	4
 -30.0	12
 -29.0	7.5
 -28.0	9
 -27.0	7
 -26.0	8
 -25.0	8
 -24.0	5
 -23.0	5
 -22.0	8
 -21.0	8
 -20.0	12
 -19.0	10
 -18.0	5
 -17.0	4
 -16.0	5
 -15.0	9
 -14.0	6.5
 -13.0	9
 -12.0	6
 -11.0	6
 -10.0	3
  -9.0	8
  -8.0	6.5
  -7.0	6
  -6.0	5
  -5.0	11
  -4.0	10
  -3.0	10
  -2.0	11.5
  -1.0	6
   0.0	7
   1.0	4
   2.0	7
   3.0	6
   4.0	8
   5.0	5
   6.0	9
   7.0	7.5
   8.0	10
   9.0	2
  10.0	7.5
  11.0	7
  12.0	7
  13.0	6
  14.0	9.5
  15.0	6
  16.0	6
  17.0	11
  18.0	12
  19.0	9
  20.0	14.5
  21.0	14.5
  22.0	6
  23.0	5
  24.0	8
  25.0	7
  26.0	9.5
  27.0	7
  28.0	5
  29.0	13
  30.0	7
  31.0	8
  32.0	4.5
  33.0	8
  34.0	4
  35.0	6
  36.0	8
  37.0	4
  38.0	4
  39.0	5.5
  40.0	8.5
  41.0	10
  42.0	7
  43.0	1
  44.0	9.5
  45.0	10
  46.0	5
  47.0	9
  48.0	16
  49.0	4
  50.0	9
  51.0	6
  52.0	8.5
  53.0	9
  54.0	9
  55.0	8
  56.0	12
  57.0	15
  58.0	8
  59.0	8
  60.0	9
  61.0	6
  62.0	4
  63.0	10
  64.0	9.33333
  65.0	4
  66.0	4
  67.0	10
  68.0	9
  69.0	6
  70.0	6
  71.0	9
  72.0	6
  73.0	9
  74.0	5.5
  75.0	7
  76.0	5
  77.0	5
  78.0	4
  79.0	7
  80.0	8
  81.0	9
  82.0	5
  83.0	10
  84.0	10
  85.0	9
  86.0	6
  87.0	6.5
  88.0	7
  89.0	3
  90.0	7
  91.0	10
  92.0	10
  93.0	8.5
  94.0	6
  95.0	9
  96.0	5
  97.0	5
  98.0	7
  99.0	10
 100.0	5
 101.0	4
 102.0	6.5
 103.0	6
 104.0	8
 105.0	3
 106.0	5
 107.0	7
 108.0	11
 109.0	1
 110.0	3
 111.0	3
 112.0	4
 113.0	4
 114.0	2
 115.0	9
 116.0	2.33333
 117.0	4
 118.0	6
 119.0	5
 120.0	3.5
 121.0	8
 122.0	1
 123.0	0
 124.0	5
 125.0	1
 126.0	6
 127.0	6
 128.0	6
 129.0	4
 130.0	6
 131.0	4
 132.0	8
 133.0	9
 134.0	5
 135.0	6
 136.0	2
 137.0	5
 138.0	5
 139.0	4
 140.0	7
 141.0	3
 142.0	4
 143.0	6
 144.0	4
 145.0	3
 146.0	2
 147.0	3
 148.0	5
 149.0	6
 150.0	3
 151.0	3
 152.0	4
 153.0	4
 154.0	1
 155.0	8
 156.0	7
 157.0	5
 158.0	3
 159.0	12
 160.0	3
 161.0	6
 162.0	2
 163.0	4
 164.0	4
 165.0	12
 166.0	3
 167.0	6
 168.0	3.5
 169.0	10
 170.0	3
 171.0	6.5
 172.0	5
 173.0	6
 174.0	5
 175.0	7
 176.0	6
 177.0	6
 178.0	7
 179.0	7
 180.0	2
 181.0	6
 182.0	5
 183.0	6
 184.0	7.5
 185.0	2
 186.0	5
 187.0	4
 188.0	3
 189.0	3
 190.0	3
 191.0	7
 192.0	7
 193.0	6
 194.0	5
 195.0	10
 196.0	2
 197.0	6
 198.0	7
 199.0	9.5
 200.0	7
 201.0	3
 202.0	6
 203.0	6
 204.0	6.5
 205.0	6
 206.0	3.5
 207.0	3
 208.0	8
 209.0	6
 210.0	4
 211.0	5
 212.0	3
 213.0	2
DB 1 MOTIF	11-SCTGCAGCC	STREME-11
-213.5	15.7
-212.5	15.6667
-211.5	9
-210.5	11
-209.5	12.1667
-208.5	15
-207.5	14.7
-206.5	19.8333
-205.5	14.3333
-204.5	14.7
-203.5	9.5
-202.5	17
-201.5	7.9
-200.5	11.75
-199.5	14.6429
-198.5	14.2
-197.5	10.25
-196.5	14.6429
-195.5	10.5
-194.5	23.25
-193.5	11.5
-192.5	14
-191.5	15.25
-190.5	13
-189.5	11.5
-188.5	14
-187.5	13.5
-186.5	15
-185.5	15.5
-184.5	9
-183.5	12
-182.5	19
-181.5	6
-180.5	12.5
-179.5	15.8333
-178.5	17.3333
-177.5	12
-176.5	15.5
-175.5	11
-174.5	11
-173.5	16.6429
-172.5	15.5
-171.5	13
-170.5	19.3333
-169.5	14
-168.5	13
-167.5	11.3333
-166.5	6.75
-165.5	16.5
-164.5	8.33333
-163.5	21.7
-162.5	21.3333
-161.5	13.5
-160.5	14.7
-159.5	13.3333
-158.5	11.5
-157.5	13.25
-156.5	10.5
-155.5	16.6429
-154.5	13.8333
-153.5	13.5
-152.5	16
-151.5	17
-150.5	17.5
-149.5	12.1429
-148.5	14.5
-147.5	16.5
-146.5	10.1429
-145.5	9.5
-144.5	14.5
-143.5	12.5
-142.5	17.5
-141.5	21.5
-140.5	14.3333
-139.5	12.8333
-138.5	10.6429
-137.5	14.9762
-136.5	15
-135.5	15.8929
-134.5	17.1667
-133.5	16
-132.5	14.7262
-131.5	18.5833
-130.5	15
-129.5	12.4167
-128.5	11.25
-127.5	17.5
-126.5	10.5833
-125.5	7.58333
-124.5	18
-123.5	15
-122.5	16.75
-121.5	11.3333
-120.5	21.1667
-119.5	16.6429
-118.5	12.8333
-117.5	11.1667
-116.5	17.75
-115.5	12.8333
-114.5	11.5
-113.5	12.75
-112.5	10.5
-111.5	21
-110.5	14.5
-109.5	15
-108.5	13.5
-107.5	18
-106.5	12.5
-105.5	20.5
-104.5	18
-103.5	12
-102.5	11
-101.5	7.14286
-100.5	20.1667
 -99.5	12.5
 -98.5	14.5
 -97.5	24.3333
 -96.5	18
 -95.5	18.5
 -94.5	25
 -93.5	17
 -92.5	13
 -91.5	10
 -90.5	19
 -89.5	25.5
 -88.5	17
 -87.5	12.75
 -86.5	20.5
 -85.5	18.8333
 -84.5	17
 -83.5	24.1429
 -82.5	10.5
 -81.5	22.5
 -80.5	12.3333
 -79.5	13.5
 -78.5	16.5
 -77.5	15
 -76.5	18
 -75.5	14
 -74.5	22
 -73.5	11.5
 -72.5	15
 -71.5	12.1429
 -70.5	12
 -69.5	18
 -68.5	18.6429
 -67.5	3.25
 -66.5	14
 -65.5	17.6429
 -64.5	12.75
 -63.5	9.5
 -62.5	19.25
 -61.5	15.3333
 -60.5	11
 -59.5	14.1429
 -58.5	19.0333
 -57.5	15
 -56.5	15.6429
 -55.5	17.7
 -54.5	13.8333
 -53.5	15.1429
 -52.5	15.5
 -51.5	14.5
 -50.5	17.1429
 -49.5	17
 -48.5	13
 -47.5	15.6429
 -46.5	10.5
 -45.5	22
 -44.5	18.75
 -43.5	16.3333
 -42.5	18.5
 -41.5	13.75
 -40.5	12
 -39.5	18
 -38.5	13.45
 -37.5	15.7
 -36.5	11.8333
 -35.5	10.75
 -34.5	19.2
 -33.5	16.8333
 -32.5	16.7
 -31.5	16.2
 -30.5	23.0833
 -29.5	16.5
 -28.5	13
 -27.5	18.5
 -26.5	21.2
 -25.5	9.5
 -24.5	17.75
 -23.5	16
 -22.5	14.5
 -21.5	12.75
 -20.5	14.2
 -19.5	10.625
 -18.5	16.75
 -17.5	14
 -16.5	27.4583
 -15.5	24.3333
 -14.5	10.5
 -13.5	17.875
 -12.5	20.3333
 -11.5	18.75
 -10.5	11.625
  -9.5	14
  -8.5	10.75
  -7.5	12.875
  -6.5	13.5
  -5.5	18.3333
  -4.5	14.9583
  -3.5	20.8333
  -2.5	10.5833
  -1.5	18.125
  -0.5	14.8333
   0.5	17.9167
   1.5	15.4583
   2.5	19.5
   3.5	18.75
   4.5	20.5
   5.5	20.8333
   6.5	14
   7.5	16
   8.5	6
   9.5	21.5
  10.5	23.5
  11.5	13
  12.5	13.5
  13.5	17.5
  14.5	15
  15.5	22.5
  16.5	8.25
  17.5	16
  18.5	11.5
  19.5	17.5
  20.5	17
  21.5	17
  22.5	15
  23.5	22.5
  24.5	17.5
  25.5	21
  26.5	10
  27.5	17.3333
  28.5	25.5
  29.5	11
  30.5	15.6667
  31.5	14.5
  32.5	23.75
  33.5	16.6667
  34.5	15
  35.5	10.5
  36.5	19.5
  37.5	23.5
  38.5	21.7
  39.5	21.3333
  40.5	14.5
  41.5	21.8429
  42.5	11.3333
  43.5	14.25
  44.5	14.75
  45.5	15.8333
  46.5	16
  47.5	13.5
  48.5	19.3333
  49.5	26.5
  50.5	20.5
  51.5	24
  52.5	20
  53.5	16.8333
  54.5	17
  55.5	8
  56.5	21.8333
  57.5	16
  58.5	12
  59.5	11.6429
  60.5	13.4762
  61.5	14.5
  62.5	11.25
  63.5	15.1429
  64.5	23.25
  65.5	14.25
  66.5	15.1429
  67.5	13.25
  68.5	15.5
  69.5	16.8929
  70.5	20.25
  71.5	16.5
  72.5	15.25
  73.5	10.75
  74.5	13
  75.5	10.3333
  76.5	13.3333
  77.5	21.4762
  78.5	11
  79.5	17
  80.5	8
  81.5	23.5
  82.5	17
  83.5	15.75
  84.5	18.1429
  85.5	11.5
  86.5	14.8333
  87.5	7.75
  88.5	9.5
  89.5	17.5
  90.5	19
  91.5	12.5
  92.5	12
  93.5	15.5
  94.5	18.3333
  95.5	17.3095
  96.5	15.5
  97.5	19.8333
  98.5	18
  99.5	16.5
 100.5	13
 101.5	13.5
 102.5	15.5
 103.5	15
 104.5	21.5
 105.5	14
 106.5	10.8333
 107.5	18.5
 108.5	22.3333
 109.5	10.8333
 110.5	7.5
 111.5	22
 112.5	15.6667
 113.5	14.1429
 114.5	14.5
 115.5	13.8333
 116.5	5.25
 117.5	12.8214
 118.5	8.83333
 119.5	12.0833
 120.5	8.07143
 121.5	19.8333
 122.5	9.25
 123.5	11.5714
 124.5	16.3333
 125.5	20.25
 126.5	19.5714
 127.5	16.8333
 128.5	16.75
 129.5	11.0714
 130.5	13.8333
 131.5	12.6429
 132.5	19.2381
 133.5	15.3333
 134.5	18.75
 135.5	18.2381
 136.5	12
 137.5	17.25
 138.5	13.9881
 139.5	13
 140.5	14.25
 141.5	13.7381
 142.5	15.5
 143.5	17.5833
 144.5	14.9881
 145.5	13.75
 146.5	19.0833
 147.5	11.9881
 148.5	20.5
 149.5	12.2262
 150.5	10.8214
 151.5	14
 152.5	12.95
 153.5	12.0714
 154.5	17
 155.5	9.45
 156.5	14.5714
 157.5	18
 158.5	11.0333
 159.5	17
 160.5	9.25
 161.5	13
 162.5	11
 163.5	12.75
 164.5	15.1667
 165.5	14.25
 166.5	15.75
 167.5	6
 168.5	21.25
 169.5	13
 170.5	15
 171.5	16.5
 172.5	12
 173.5	9.5
 174.5	9
 175.5	15.5
 176.5	18.8333
 177.5	13.5
 178.5	14
 179.5	8
 180.5	7.5
 181.5	8.5
 182.5	10.3333
 183.5	7
 184.5	11
 185.5	11.5
 186.5	9
 187.5	11
 188.5	10.3333
 189.5	12.5
 190.5	9.89286
 191.5	10.5333
 192.5	11
 193.5	12.1429
 194.5	11.2
 195.5	11.2
 196.5	13
 197.5	5
 198.5	13
 199.5	12.5
 200.5	19
 201.5	10
 202.5	16.5
 203.5	11.5
 204.5	16.5
 205.5	17
 206.5	13
 207.5	11.5
 208.5	9.5
 209.5	12
 210.5	12
 211.5	11.5
 212.5	19
 213.5	18.5
DB 1 MOTIF	18-CGCCGCCTCC	STREME-18
-213.0	9.16667
-212.0	9.83333
-211.0	16.6845
-210.0	11.5
-209.0	16.8333
-208.0	11.1012
-207.0	5.83333
-206.0	19.8333
-205.0	14.0095
-204.0	11.3333
-203.0	9.5
-202.0	9.25311
-201.0	13.25
-200.0	11
-199.0	10.4198
-198.0	13.4167
-197.0	15.5
-196.0	16.9198
-195.0	5.75
-194.0	13.0833
-193.0	10.1762
-192.0	12.75
-191.0	16.0833
-190.0	18.8333
-189.0	15.1667
-188.0	15.5833
-187.0	11.6667
-186.0	11.6667
-185.0	16.5
-184.0	6.66667
-183.0	15.6667
-182.0	20
-181.0	15.1603
-180.0	12.6667
-179.0	16.8333
-178.0	16.1603
-177.0	15.8333
-176.0	17.0833
-175.0	9.32692
-174.0	10
-173.0	15.8333
-172.0	16.4103
-171.0	14.2
-170.0	13
-169.0	10.9103
-168.0	22.2
-167.0	8.625
-166.0	9.07692
-165.0	12.0611
-164.0	21.5417
-163.0	18.1667
-162.0	17.8111
-161.0	11.3333
-160.0	10.6667
-159.0	16.0611
-158.0	8.66667
-157.0	12.1667
-156.0	20.6861
-155.0	6.29167
-154.0	13.4583
-153.0	8.775
-152.0	9.54167
-151.0	10.7019
-150.0	17.4417
-149.0	13.2917
-148.0	19.0353
-147.0	12.775
-146.0	15.7917
-145.0	20.5353
-144.0	13.9417
-143.0	10.4762
-142.0	14.8686
-141.0	13.3583
-140.0	16.9762
-139.0	11.3333
-138.0	11.125
-137.0	10.9524
-136.0	17.9167
-135.0	14.375
-134.0	13.744
-133.0	14.0833
-132.0	19.75
-131.0	13.744
-130.0	12.6167
-129.0	18
-128.0	12.744
-127.0	17.7
-126.0	19.5
-125.0	9.27738
-124.0	20.5833
-123.0	18
-122.0	13.3095
-121.0	14.8333
-120.0	18
-119.0	12.6429
-118.0	15.3333
-117.0	21.8333
-116.0	15.9762
-115.0	13.5
-114.0	15.1667
-113.0	12.2595
-112.0	9.58333
-111.0	19.3333
-110.0	22.2262
-109.0	14.6111
-108.0	23.2333
-107.0	7.08333
-106.0	12.7778
-105.0	15.7333
-104.0	19.0833
-103.0	11.6111
-102.0	14.95
-101.0	14.25
-100.0	12.7778
 -99.0	13.3458
 -98.0	15
 -97.0	14.7778
 -96.0	20.3458
 -95.0	16.75
 -94.0	15.1667
 -93.0	17.6458
 -92.0	10.8929
 -91.0	16.8333
 -90.0	16.4583
 -89.0	14.8929
 -88.0	15.5
 -87.0	26.4583
 -86.0	14.9679
 -85.0	8.83333
 -84.0	11.125
 -83.0	16.1012
 -82.0	18
 -81.0	13.875
 -80.0	19.625
 -79.0	13.2
 -78.0	18.575
 -77.0	18.1667
 -76.0	17.2
 -75.0	15.4083
 -74.0	19.1667
 -73.0	11.95
 -72.0	17.625
 -71.0	21.075
 -70.0	12.3
 -69.0	20.825
 -68.0	14.075
 -67.0	16.1333
 -66.0	9.4
 -65.0	21.4917
 -64.0	13.7667
 -63.0	18.4
 -62.0	18.7917
 -61.0	18.5167
 -60.0	15.0667
 -59.0	11.375
 -58.0	20.5167
 -57.0	14.9
 -56.0	10.375
 -55.0	15.35
 -54.0	10.7667
 -53.0	13.9167
 -52.0	22.1667
 -51.0	14.2
 -50.0	15.5833
 -49.0	8.08333
 -48.0	9.83333
 -47.0	17.3429
 -46.0	12.375
 -45.0	13.5833
 -44.0	11.3429
 -43.0	18.825
 -42.0	21
 -41.0	16.5095
 -40.0	13.625
 -39.0	16.6
 -38.0	18.9262
 -37.0	17.75
 -36.0	20.9958
 -35.0	16.4262
 -34.0	17.25
 -33.0	21.6
 -32.0	14.8095
 -31.0	13.25
 -30.0	12.1
 -29.0	14.9917
 -28.0	21.3333
 -27.0	23.85
 -26.0	11.325
 -25.0	10.1012
 -24.0	19.2667
 -23.0	15.325
 -22.0	13.9345
 -21.0	23.6
 -20.0	16.4917
 -19.0	9.93452
 -18.0	12.1
 -17.0	16.7917
 -16.0	17.9512
 -15.0	15.8667
 -14.0	10.125
 -13.0	17.6179
 -12.0	20.2833
 -11.0	16.9583
 -10.0	20.1595
  -9.0	21.6167
  -8.0	14.4583
  -7.0	18.85
  -6.0	20.8167
  -5.0	23.2083
  -4.0	13.8833
  -3.0	22.0042
  -2.0	20.625
  -1.0	23.55
   0.0	17.3042
   1.0	21.4583
   2.0	23.2762
   3.0	23.2
   4.0	17.5
   5.0	20.8595
   6.0	17.0333
   7.0	16.0833
   8.0	17.9429
   9.0	18
  10.0	13.3333
  11.0	20.4095
  12.0	14.5
  13.0	16.1667
  14.0	15.8929
  15.0	24.7083
  16.0	14.1667
  17.0	20.3095
  18.0	19.9583
  19.0	14.3333
  20.0	17.4762
  21.0	17.2
  22.0	9.53333
  23.0	10.0833
  24.0	19.2833
  25.0	15.7
  26.0	14
  27.0	11.875
  28.0	12.9262
  29.0	17.5
  30.0	22.875
  31.0	19.8429
  32.0	12.0333
  33.0	16.125
  34.0	16.7
  35.0	17.8667
  36.0	18.375
  37.0	19.1667
  38.0	19.6667
  39.0	13.5333
  40.0	16.5
  41.0	16.3333
  42.0	21.6429
  43.0	12.8333
  44.0	16.5
  45.0	17
  46.0	21.6667
  47.0	17.3333
  48.0	17.8333
  49.0	17.6667
  50.0	9.80952
  51.0	18.3333
  52.0	15.3929
  53.0	10.2095
  54.0	11.5833
  55.0	22.7262
  56.0	16.5095
  57.0	15.0833
  58.0	17.5833
  59.0	17.0095
  60.0	11.25
  61.0	15.3333
  62.0	14.0095
  63.0	9.75
  64.0	16
  65.0	9.16667
  66.0	10.75
  67.0	10.5833
  68.0	22
  69.0	8.75
  70.0	20.0095
  71.0	18
  72.0	7.5
  73.0	13.0095
  74.0	8.83333
  75.0	20
  76.0	13.8929
  77.0	9.5
  78.0	14.8333
  79.0	19.7
  80.0	14
  81.0	23.1667
  82.0	15.2833
  83.0	19
  84.0	13.2667
  85.0	11.45
  86.0	14.5
  87.0	15.2667
  88.0	17.2833
  89.0	16.75
  90.0	11.6
  91.0	23.45
  92.0	11.25
  93.0	14.9958
  94.0	14
  95.0	16.45
  96.0	16.3333
  97.0	9.5
  98.0	14.4167
  99.0	17.3333
 100.0	11
 101.0	16.6667
 102.0	15.6667
 103.0	7
 104.0	13.8333
 105.0	21.5
 106.0	15.6429
 107.0	19.5
 108.0	16.5909
 109.0	8
 110.0	15
 111.0	14.5909
 112.0	12.7
 113.0	21.5
 114.0	15.0909
 115.0	18.0333
 116.0	11.7
 117.0	7.15341
 118.0	7.93333
 119.0	11.95
 120.0	14.6867
 121.0	17.7333
 122.0	17.0167
 123.0	5.09583
 124.0	10.2333
 125.0	9.26667
 126.0	8.09583
 127.0	18
 128.0	12.1
 129.0	11.2292
 130.0	18.3667
 131.0	10.9
 132.0	23.3542
 133.0	13.7
 134.0	10.4
 135.0	17.3542
 136.0	12.7
 137.0	17.5667
 138.0	12.8958
 139.0	13.5333
 140.0	13.4833
 141.0	18.1667
 142.0	17.5833
 143.0	13.3167
 144.0	14.25
 145.0	7.25
 146.0	12.15
 147.0	21
 148.0	15.4167
 149.0	14.3167
 150.0	9.83333
 151.0	21.0833
 152.0	7.65
 153.0	21.1667
 154.0	15.5
 155.0	9.65
 156.0	11.8333
 157.0	16
 158.0	10.0833
 159.0	17.8333
 160.0	5.5
 161.0	7.55952
 162.0	10.5
 163.0	16.5833
 164.0	6.41667
 165.0	12.8333
 166.0	18.2262
 167.0	23.5833
 168.0	16.3333
 169.0	19.2262
 170.0	18.5833
 171.0	8.5
 172.0	11.8333
 173.0	11.2929
 174.0	12.8333
 175.0	15
 176.0	11.2929
 177.0	10.75
 178.0	9.58333
 179.0	13.3838
 180.0	12.5833
 181.0	15.5
 182.0	11.6504
 183.0	13.0833
 184.0	10.625
 185.0	16.9004
 186.0	13.7833
 187.0	13
 188.0	14.3171
 189.0	10.65
 190.0	7.5
 191.0	16.3409
 192.0	12.45
 193.0	20.6667
 194.0	7.84091
 195.0	13.45
 196.0	9.25
 197.0	8.5
 198.0	12.95
 199.0	13.5833
 200.0	13.0833
 201.0	5.65
 202.0	8.33333
 203.0	8.75
 204.0	9.76667
 205.0	10.3333
 206.0	12.6
 207.0	14.2667
 208.0	10.25
 209.0	8.3125
 210.0	11.2667
 211.0	12.25
 212.0	10.3333
 213.0	8.2
DB 1 MOTIF	23-GAGGCGGTGGC	STREME-23
-212.5	15.5
-211.5	9.25
-210.5	15.5
-209.5	6
-208.5	9.25
-207.5	8
-206.5	12
-205.5	10.25
-204.5	8.25
-203.5	5.33333
-202.5	12.45
-201.5	8.75
-200.5	8.33333
-199.5	13
-198.5	10
-197.5	11.3333
-196.5	8.25
-195.5	9.5
-194.5	10.5
-193.5	8
-192.5	10.5
-191.5	12.5
-190.5	11
-189.5	17.5
-188.5	16
-187.5	15.5
-186.5	9.5
-185.5	8
-184.5	13.25
-183.5	19
-182.5	7
-181.5	9.25
-180.5	8.7
-179.5	9.5
-178.5	8
-177.5	9.5
-176.5	11
-175.5	7
-174.5	14
-173.5	11.5
-172.5	16
-171.5	11.5
-170.5	9.5
-169.5	12
-168.5	12
-167.5	9
-166.5	13.5
-165.5	8
-164.5	10
-163.5	9
-162.5	9.5
-161.5	11.75
-160.5	11
-159.5	17
-158.5	9
-157.5	7
-156.5	5
-155.5	7
-154.5	9
-153.5	11
-152.5	12
-151.5	6
-150.5	12
-149.5	18
-148.5	9
-147.5	10
-146.5	12.3333
-145.5	15.25
-144.5	15
-143.5	16.8333
-142.5	10.2
-141.5	12.3333
-140.5	11.8333
-139.5	13
-138.5	9.33333
-137.5	7.5
-136.5	12.5
-135.5	12.3333
-134.5	9
-133.5	11
-132.5	12.25
-131.5	12.45
-130.5	5
-129.5	12
-128.5	13.2
-127.5	16
-126.5	8.25
-125.5	13
-124.5	9
-123.5	13.25
-122.5	11.25
-121.5	9
-120.5	11
-119.5	12
-118.5	9.5
-117.5	9
-116.5	9.5
-115.5	11.5
-114.5	8
-113.5	15.25
-112.5	16
-111.5	17
-110.5	8
-109.5	11.2
-108.5	13
-107.5	10
-106.5	9.7
-105.5	9.25
-104.5	13
-103.5	12
-102.5	9.25
-101.5	12
-100.5	10
 -99.5	11.25
 -98.5	21
 -97.5	14
 -96.5	10.25
 -95.5	10.5
 -94.5	11
 -93.5	4
 -92.5	14
 -91.5	10
 -90.5	14.25
 -89.5	12
 -88.5	10.5
 -87.5	10.2
 -86.5	8.5
 -85.5	15.7
 -84.5	20.25
 -83.5	6
 -82.5	16
 -81.5	8
 -80.5	12.5
 -79.5	8
 -78.5	9.25
 -77.5	14.5
 -76.5	13
 -75.5	19
 -74.5	13
 -73.5	22
 -72.5	9
 -71.5	14
 -70.5	13.5
 -69.5	11.75
 -68.5	15.3333
 -67.5	11.5
 -66.5	18
 -65.5	12.3333
 -64.5	7
 -63.5	11
 -62.5	18.3333
 -61.5	13
 -60.5	11.2
 -59.5	9.5
 -58.5	10
 -57.5	11
 -56.5	10
 -55.5	15
 -54.5	11
 -53.5	13
 -52.5	15.5
 -51.5	9
 -50.5	12
 -49.5	11
 -48.5	15.25
 -47.5	12.1111
 -46.5	11.5
 -45.5	10
 -44.5	8.61111
 -43.5	9
 -42.5	23
 -41.5	12.6111
 -40.5	13
 -39.5	10
 -38.5	16.6111
 -37.5	18
 -36.5	14
 -35.5	16.5
 -34.5	9
 -33.5	14
 -32.5	12
 -31.5	18
 -30.5	10
 -29.5	20.3333
 -28.5	12
 -27.5	10
 -26.5	13.1111
 -25.5	16.5
 -24.5	10
 -23.5	9.44444
 -22.5	11
 -21.5	15
 -20.5	9.11111
 -19.5	14
 -18.5	13
 -17.5	13.9444
 -16.5	12
 -15.5	15
 -14.5	15.6111
 -13.5	16.5
 -12.5	14
 -11.5	10
 -10.5	16
  -9.5	16.5
  -8.5	11
  -7.5	11.5
  -6.5	12.5
  -5.5	12
  -4.5	13
  -3.5	15
  -2.5	10.5
  -1.5	15
  -0.5	12
   0.5	17
   1.5	13
   2.5	13.8333
   3.5	17
   4.5	13.75
   5.5	14.5
   6.5	12
   7.5	15
   8.5	12.3333
   9.5	11
  10.5	16
  11.5	14
  12.5	21
  13.5	10.5
  14.5	15.8333
  15.5	19.5
  16.5	14
  17.5	8.5
  18.5	13.5
  19.5	18
  20.5	14
  21.5	10
  22.5	14
  23.5	15
  24.5	14
  25.5	15
  26.5	10
  27.5	14.25
  28.5	11
  29.5	11.5
  30.5	10
  31.5	12
  32.5	13.5
  33.5	4
  34.5	11
  35.5	12
  36.5	8
  37.5	17
  38.5	13
  39.5	14.5
  40.5	15
  41.5	13
  42.5	15
  43.5	12
  44.5	13
  45.5	10
  46.5	11
  47.5	13
  48.5	14
  49.5	15
  50.5	15.2
  51.5	15.5
  52.5	16
  53.5	12.2
  54.5	17.3333
  55.5	10
  56.5	13.45
  57.5	14
  58.5	13
  59.5	12.45
  60.5	9
  61.5	17
  62.5	13.45
  63.5	7
  64.5	13
  65.5	12.75
  66.5	18.5
  67.5	5
  68.5	11
  69.5	12
  70.5	10
  71.5	8
  72.5	14
  73.5	14.5
  74.5	7
  75.5	8
  76.5	9
  77.5	8.5
  78.5	7.75
  79.5	20.5
  80.5	13.5
  81.5	16
  82.5	13.5
  83.5	16.6111
  84.5	9
  85.5	14
  86.5	12.1111
  87.5	15
  88.5	13
  89.5	7.11111
  90.5	13
  91.5	10.5
  92.5	15.1111
  93.5	21.5
  94.5	12.5
  95.5	10.6111
  96.5	17.5
  97.5	17
  98.5	7.11111
  99.5	12
 100.5	12
 101.5	10.1111
 102.5	15
 103.5	11.5
 104.5	8.33333
 105.5	9
 106.5	14
 107.5	12.5
 108.5	13
 109.5	12
 110.5	8.33333
 111.5	14
 112.5	8
 113.5	8
 114.5	10
 115.5	11.5
 116.5	12.3333
 117.5	12
 118.5	16
 119.5	9
 120.5	14
 121.5	7.33333
 122.5	9.25
 123.5	14.0769
 124.5	13.5
 125.5	11.25
 126.5	11.0769
 127.5	12
 128.5	14.25
 129.5	15.5769
 130.5	16.5
 131.5	15.25
 132.5	10.0769
 133.5	23.5
 134.5	6
 135.5	15.0769
 136.5	15.3333
 137.5	8
 138.5	12.5769
 139.5	11
 140.5	5
 141.5	5.07692
 142.5	16
 143.5	6
 144.5	12.0769
 145.5	13.1111
 146.5	11
 147.5	12.0769
 148.5	9.11111
 149.5	9
 150.5	7.57692
 151.5	7
 152.5	11.25
 153.5	7.57692
 154.5	11
 155.5	17
 156.5	12
 157.5	9
 158.5	9.5
 159.5	16
 160.5	8
 161.5	16
 162.5	15
 163.5	9
 164.5	13
 165.5	10
 166.5	12.5
 167.5	13.5
 168.5	16
 169.5	6
 170.5	15
 171.5	13
 172.5	17
 173.5	14
 174.5	15.0769
 175.5	12
 176.5	11
 177.5	9.07692
 178.5	7
 179.5	13
 180.5	10
 181.5	11
 182.5	12
 183.5	8
 184.5	11.2
 185.5	9
 186.5	7
 187.5	10.7
 188.5	12
 189.5	9
 190.5	14
 191.5	7.5
 192.5	8
 193.5	12
 194.5	10
 195.5	12
 196.5	8.5
 197.5	6
 198.5	14
 199.5	15.5
 200.5	4
 201.5	10
 202.5	12.2
 203.5	7
 204.5	14
 205.5	9.2
 206.5	16
 207.5	10
 208.5	18.2
 209.5	16.5
 210.5	5
 211.5	12
 212.5	7
DB 1 MOTIF	24-CCCGGCCCTGC	STREME-24
-212.5	9
-211.5	11
-210.5	20.5
-209.5	14.5
-208.5	16
-207.5	19
-206.5	17
-205.5	20
-204.5	17.5
-203.5	15
-202.5	16.5
-201.5	15
-200.5	16
-199.5	10
-198.5	21.3333
-197.5	17.5
-196.5	15
-195.5	16
-194.5	11.5
-193.5	17
-192.5	12
-191.5	7
-190.5	13
-189.5	22.5
-188.5	8
-187.5	17
-186.5	17.3333
-185.5	12.5
-184.5	11
-183.5	8.5
-182.5	14.8333
-181.5	18
-180.5	10
-179.5	13.8333
-178.5	13
-177.5	15.3333
-176.5	14.5
-175.5	11.3333
-174.5	15.3333
-173.5	8
-172.5	13.3333
-171.5	16.5
-170.5	12
-169.5	15.3333
-168.5	7.64286
-167.5	9
-166.5	15
-165.5	14.5
-164.5	8.83333
-163.5	17
-162.5	12
-161.5	14.5
-160.5	20.5
-159.5	13.8333
-158.5	18.3333
-157.5	10.5
-156.5	14
-155.5	17.5
-154.5	11.5
-153.5	13.5
-152.5	18
-151.5	13.5
-150.5	9.64286
-149.5	10
-148.5	16
-147.5	7
-146.5	15.5
-145.5	16.3333
-144.5	16
-143.5	13.5
-142.5	14.5
-141.5	11
-140.5	18.5
-139.5	14
-138.5	15.5
-137.5	14
-136.5	9
-135.5	14
-134.5	14.5
-133.5	9
-132.5	9.14286
-131.5	13.5
-130.5	14
-129.5	18
-128.5	14
-127.5	13
-126.5	12
-125.5	14.5
-124.5	13
-123.5	11
-122.5	13.3333
-121.5	12.5
-120.5	12
-119.5	14
-118.5	18.5
-117.5	13
-116.5	17
-115.5	16
-114.5	15.1429
-113.5	16.5
-112.5	17
-111.5	14
-110.5	12.5
-109.5	20
-108.5	11
-107.5	17.5
-106.5	8
-105.5	13
-104.5	10.5
-103.5	15.5
-102.5	14.5
-101.5	13
-100.5	9
 -99.5	16
 -98.5	14
 -97.5	16
 -96.5	11.1429
 -95.5	14.5
 -94.5	17.5
 -93.5	17
 -92.5	12.5
 -91.5	11.5
 -90.5	16.5
 -89.5	16.5
 -88.5	10
 -87.5	14
 -86.5	11
 -85.5	18.5
 -84.5	11.5
 -83.5	20.5
 -82.5	14
 -81.5	15
 -80.5	13.5
 -79.5	9.33333
 -78.5	16.1429
 -77.5	12
 -76.5	8
 -75.5	18
 -74.5	17
 -73.5	16
 -72.5	14.5
 -71.5	13
 -70.5	12.5
 -69.5	14.5
 -68.5	10
 -67.5	14
 -66.5	9
 -65.5	19
 -64.5	11.5
 -63.5	17
 -62.5	14
 -61.5	17
 -60.5	19.1429
 -59.5	13.5
 -58.5	19.3333
 -57.5	13
 -56.5	24
 -55.5	15.3333
 -54.5	9.5
 -53.5	14
 -52.5	11.3333
 -51.5	14
 -50.5	11.8333
 -49.5	13
 -48.5	13.5
 -47.5	21.8333
 -46.5	18.3333
 -45.5	11.3333
 -44.5	14
 -43.5	13
 -42.5	15
 -41.5	19.5
 -40.5	19
 -39.5	15
 -38.5	15
 -37.5	13.5
 -36.5	17
 -35.5	14.5
 -34.5	17
 -33.5	17.8333
 -32.5	11
 -31.5	13.5
 -30.5	19
 -29.5	11
 -28.5	20
 -27.5	17.5
 -26.5	11
 -25.5	7
 -24.5	14
 -23.5	10.5
 -22.5	19
 -21.5	16.5
 -20.5	18
 -19.5	12
 -18.5	27.5
 -17.5	20.5
 -16.5	20.5
 -15.5	17
 -14.5	14
 -13.5	23.5
 -12.5	10.5
 -11.5	19
 -10.5	14.5
  -9.5	25.3333
  -8.5	14
  -7.5	16.5
  -6.5	21.5
  -5.5	10
  -4.5	16
  -3.5	14.5
  -2.5	22.5
  -1.5	23
  -0.5	16
   0.5	8.5
   1.5	12
   2.5	11.5
   3.5	17.5
   4.5	17
   5.5	17
   6.5	13
   7.5	9
   8.5	21
   9.5	14
  10.5	13
  11.5	20
  12.5	24
  13.5	17
  14.5	14.5
  15.5	14
  16.5	15
  17.5	14.5
  18.5	21
  19.5	14
  20.5	13.5
  21.5	16.5
  22.5	12
  23.5	18
  24.5	9
  25.5	19
  26.5	11
  27.5	9
  28.5	23
  29.5	20.8333
  30.5	17
  31.5	18
  32.5	16
  33.5	17
  34.5	8
  35.5	16.6667
  36.5	12.5
  37.5	11.5
  38.5	11
  39.5	17
  40.5	15.8333
  41.5	12.5
  42.5	17
  43.5	13
  44.5	16
  45.5	10.3333
  46.5	12.5
  47.5	14.5
  48.5	15
  49.5	18
  50.5	13.5
  51.5	9
  52.5	13.5
  53.5	17
  54.5	14.5
  55.5	6.5
  56.5	14
  57.5	11
  58.5	20.5
  59.5	13.5
  60.5	16
  61.5	18
  62.5	19.5
  63.5	14.8333
  64.5	18
  65.5	16.5
  66.5	14
  67.5	9
  68.5	12
  69.5	18.3333
  70.5	11.3333
  71.5	16
  72.5	16
  73.5	17.3333
  74.5	12
  75.5	16.8333
  76.5	11.5
  77.5	12.5
  78.5	13
  79.5	11
  80.5	10
  81.5	11
  82.5	12.5
  83.5	15
  84.5	13
  85.5	11
  86.5	15
  87.5	10
  88.5	20
  89.5	10.5
  90.5	21.5
  91.5	15.5
  92.5	11
  93.5	13
  94.5	12
  95.5	10
  96.5	13
  97.5	17
  98.5	11.5
  99.5	14
 100.5	27
 101.5	10.5
 102.5	15
 103.5	16.5
 104.5	22
 105.5	16
 106.5	13
 107.5	17.5
 108.5	7.33333
 109.5	20.5
 110.5	9
 111.5	19
 112.5	18.5
 113.5	14.5
 114.5	12
 115.5	12.5
 116.5	11.5
 117.5	14.5
 118.5	22
 119.5	20.5
 120.5	11.5
 121.5	8.5
 122.5	16.5
 123.5	14
 124.5	14
 125.5	15.3333
 126.5	9
 127.5	8.5
 128.5	19
 129.5	19
 130.5	12.8333
 131.5	15
 132.5	14
 133.5	14
 134.5	16
 135.5	12.25
 136.5	12.8333
 137.5	15.5
 138.5	16.5
 139.5	11.5
 140.5	11.25
 141.5	11.5
 142.5	19.3333
 143.5	15
 144.5	16
 145.5	12.75
 146.5	18
 147.5	13
 148.5	17
 149.5	15
 150.5	13.3333
 151.5	13.8333
 152.5	11
 153.5	9.5
 154.5	9.5
 155.5	16
 156.5	15.6667
 157.5	12
 158.5	10.3333
 159.5	11.25
 160.5	8.25
 161.5	12.3333
 162.5	19
 163.5	13.5
 164.5	15.3333
 165.5	12
 166.5	13
 167.5	11.5
 168.5	21
 169.5	9
 170.5	8.83333
 171.5	11.25
 172.5	13
 173.5	16.75
 174.5	14.3333
 175.5	17.25
 176.5	12.9167
 177.5	11
 178.5	13
 179.5	12
 180.5	11
 181.5	17.75
 182.5	24
 183.5	11
 184.5	13.5
 185.5	13
 186.5	9.25
 187.5	11.25
 188.5	8
 189.5	12.5
 190.5	12
 191.5	11.8333
 192.5	16.8333
 193.5	15.5
 194.5	8
 195.5	13
 196.5	13
 197.5	20
 198.5	8.5
 199.5	9
 200.5	11
 201.5	11
 202.5	11.3333
 203.5	14.5
 204.5	16
 205.5	15
 206.5	11.8333
 207.5	13.5
 208.5	14
 209.5	8
 210.5	11.5
 211.5	13
 212.5	13
DB 1 MOTIF	26-GCCATGGCSRCCGC	STREME-26
-211.0	8
-210.0	7
-209.0	7
-208.0	10
-207.0	8
-206.0	9
-205.0	6
-204.0	8
-203.0	10
-202.0	6.5
-201.0	12
-200.0	6
-199.0	13
-198.0	13
-197.0	8
-196.0	4.5
-195.0	6
-194.0	6.5
-193.0	10
-192.0	12
-191.0	6
-190.0	6
-189.0	8
-188.0	9.5
-187.0	10
-186.0	5
-185.0	7
-184.0	4
-183.0	9
-182.0	10
-181.0	7
-180.0	9
-179.0	9
-178.0	6
-177.0	8
-176.0	10
-175.0	4
-174.0	10
-173.0	7
-172.0	4
-171.0	7
-170.0	10
-169.0	8
-168.0	7
-167.0	6
-166.0	4
-165.0	11
-164.0	12
-163.0	6
-162.0	10
-161.0	10
-160.0	5
-159.0	4
-158.0	8
-157.0	9
-156.0	8
-155.0	5
-154.0	7
-153.0	4
-152.0	7
-151.0	8
-150.0	7
-149.0	9
-148.0	8
-147.0	7
-146.0	13
-145.0	5.5
-144.0	10
-143.0	9
-142.0	7
-141.0	7.5
-140.0	9
-139.0	7.5
-138.0	9
-137.0	10
-136.0	6
-135.0	10.5
-134.0	13
-133.0	14
-132.0	9
-131.0	11
-130.0	11
-129.0	9
-128.0	10
-127.0	9
-126.0	13
-125.0	7
-124.0	12
-123.0	9
-122.0	9
-121.0	12
-120.0	13
-119.0	13
-118.0	14
-117.0	6
-116.0	7
-115.0	12
-114.0	3
-113.0	6.5
-112.0	8
-111.0	7
-110.0	14
-109.0	9
-108.0	9
-107.0	9.5
-106.0	12
-105.0	6
-104.0	16
-103.0	12
-102.0	9
-101.0	9
-100.0	16
 -99.0	18
 -98.0	14
 -97.0	8
 -96.0	7
 -95.0	10
 -94.0	9
 -93.0	12
 -92.0	14
 -91.0	11
 -90.0	7
 -89.0	9
 -88.0	4
 -87.0	11
 -86.0	8
 -85.0	11
 -84.0	9
 -83.0	9
 -82.0	8
 -81.0	19
 -80.0	7
 -79.0	8
 -78.0	7
 -77.0	6
 -76.0	3
 -75.0	10
 -74.0	15
 -73.0	9
 -72.0	8
 -71.0	14
 -70.0	7
 -69.0	9
 -68.0	10
 -67.0	8
 -66.0	9
 -65.0	12
 -64.0	11
 -63.0	7
 -62.0	8
 -61.0	13
 -60.0	10
 -59.0	4
 -58.0	11
 -57.0	10
 -56.0	10
 -55.0	10
 -54.0	14
 -53.0	8
 -52.0	9
 -51.0	10
 -50.0	8
 -49.0	7
 -48.0	9
 -47.0	9
 -46.0	14
 -45.0	10
 -44.0	10
 -43.0	6
 -42.0	3
 -41.0	11
 -40.0	7
 -39.0	9
 -38.0	10
 -37.0	6
 -36.0	8.5
 -35.0	13
 -34.0	13
 -33.0	7
 -32.0	6
 -31.0	10
 -30.0	10
 -29.0	13
 -28.0	8
 -27.0	13
 -26.0	15
 -25.0	5
 -24.0	14
 -23.0	8
 -22.0	9
 -21.0	9
 -20.0	14
 -19.0	12
 -18.0	7
 -17.0	11
 -16.0	12
 -15.0	10
 -14.0	10
 -13.0	6
 -12.0	10
 -11.0	7
 -10.0	12
  -9.0	7
  -8.0	4
  -7.0	14
  -6.0	12
  -5.0	8
  -4.0	15
  -3.0	9
  -2.0	9
  -1.0	7
   0.0	13
   1.0	10.5
   2.0	10
   3.0	11
   4.0	11
   5.0	17
   6.0	12
   7.0	10
   8.0	17
   9.0	8
  10.0	6.5
  11.0	11
  12.0	4
  13.0	6
  14.0	7
  15.0	13
  16.0	11
  17.0	8
  18.0	11
  19.0	9
  20.0	9
  21.0	3
  22.0	13
  23.0	8
  24.0	9
  25.0	9
  26.0	13
  27.0	12
  28.0	9
  29.0	9
  30.0	8
  31.0	10
  32.0	10
  33.0	8.5
  34.0	11
  35.0	12
  36.0	8
  37.0	12
  38.0	12
  39.0	8.5
  40.0	9
  41.0	14
  42.0	10
  43.0	12
  44.0	8
  45.0	9
  46.0	1
  47.0	7
  48.0	9
  49.0	10
  50.0	12
  51.0	5
  52.0	8
  53.0	5
  54.0	13
  55.0	9
  56.0	5
  57.0	12
  58.0	12
  59.0	8
  60.0	6
  61.0	11
  62.0	8
  63.0	9
  64.0	13
  65.0	9
  66.0	5
  67.0	11
  68.0	7
  69.0	5
  70.0	3
  71.0	12
  72.0	7
  73.0	14
  74.0	7
  75.0	10
  76.0	14
  77.0	5
  78.0	9
  79.0	13
  80.0	10
  81.0	10
  82.0	14
  83.0	8
  84.0	7
  85.0	10
  86.0	12
  87.0	13
  88.0	8
  89.0	9
  90.0	5
  91.0	4
  92.0	8
  93.0	3
  94.0	10
  95.0	5
  96.0	4
  97.0	9
  98.0	9
  99.0	14
 100.0	15
 101.0	7
 102.0	5
 103.0	8
 104.0	9
 105.0	7
 106.0	7.5
 107.0	9
 108.0	10
 109.0	9
 110.0	8
 111.0	13
 112.0	9.5
 113.0	9
 114.0	5
 115.0	7
 116.0	9
 117.0	11
 118.0	8
 119.0	15
 120.0	9
 121.0	3
 122.0	9
 123.0	4
 124.0	7
 125.0	5
 126.0	7
 127.0	11
 128.0	10
 129.0	9
 130.0	10
 131.0	4
 132.0	6
 133.0	9
 134.0	6
 135.0	14
 136.0	9
 137.0	8
 138.0	5
 139.0	4
 140.0	8
 141.0	6
 142.0	8
 143.0	8
 144.0	7
 145.0	6.5
 146.0	3
 147.0	7
 148.0	7
 149.0	5
 150.0	8
 151.0	14
 152.0	5
 153.0	14
 154.0	6
 155.0	10
 156.0	9
 157.0	9
 158.0	8
 159.0	13
 160.0	9
 161.0	6
 162.0	6
 163.0	12
 164.0	6
 165.0	7
 166.0	9
 167.0	9
 168.0	8
 169.0	8
 170.0	7
 171.0	6
 172.0	4
 173.0	11
 174.0	9
 175.0	10
 176.0	7
 177.0	6
 178.0	8
 179.0	6
 180.0	11
 181.0	9
 182.0	4
 183.0	12
 184.0	6
 185.0	6
 186.0	11
 187.0	7
 188.0	10
 189.0	11
 190.0	11
 191.0	8
 192.0	7
 193.0	13
 194.0	6
 195.0	8
 196.0	1
 197.0	6
 198.0	11
 199.0	4
 200.0	7
 201.0	10
 202.0	9
 203.0	12
 204.0	7
 205.0	11
 206.0	12
 207.0	5
 208.0	12
 209.0	8
 210.0	8
 211.0	5
DB 1 MOTIF	29-CCGCGGCCGCC	STREME-29
-212.5	13
-211.5	11.3429
-210.5	8.25
-209.5	10.5
-208.5	12.6429
-207.5	10
-206.5	14.8333
-205.5	14.5
-204.5	16.5
-203.5	8.83333
-202.5	6.5
-201.5	18.25
-200.5	14.5
-199.5	5
-198.5	13.25
-197.5	11.25
-196.5	7
-195.5	7.08333
-194.5	15.5
-193.5	17.5
-192.5	9.25
-191.5	12
-190.5	9.5
-189.5	9
-188.5	8.25
-187.5	13
-186.5	10
-185.5	8
-184.5	13.5
-183.5	9.5
-182.5	11.3333
-181.5	13
-180.5	9
-179.5	18
-178.5	14
-177.5	10
-176.5	11
-175.5	11.5
-174.5	8.5
-173.5	11
-172.5	15
-171.5	4.5
-170.5	8
-169.5	15
-168.5	6.5
-167.5	12
-166.5	9
-165.5	14
-164.5	11
-163.5	14
-162.5	10.5
-161.5	9
-160.5	10.3333
-159.5	10.5
-158.5	8.14286
-157.5	20.3333
-156.5	11.625
-155.5	9.64286
-154.5	14.8333
-153.5	11.125
-152.5	13.1429
-151.5	12
-150.5	10.625
-149.5	15.1429
-148.5	13
-147.5	11.125
-146.5	13.1429
-145.5	14
-144.5	13.125
-143.5	10
-142.5	19
-141.5	10.625
-140.5	9
-139.5	14.5
-138.5	13.625
-137.5	9.5
-136.5	14.25
-135.5	11.125
-134.5	12.5
-133.5	17.25
-132.5	11
-131.5	11
-130.5	15
-129.5	15
-128.5	11
-127.5	16
-126.5	12.3333
-125.5	16.5
-124.5	15.5
-123.5	18.5
-122.5	14.5
-121.5	12
-120.5	14.5
-119.5	16
-118.5	12.5
-117.5	5.7
-116.5	11.5
-115.5	15
-114.5	11.2
-113.5	17
-112.5	15.75
-111.5	17.7
-110.5	17
-109.5	12.5
-108.5	13.5333
-107.5	17
-106.5	14
-105.5	12.2
-104.5	21
-103.5	15.5
-102.5	12
-101.5	16.5
-100.5	22
 -99.5	13
 -98.5	8
 -97.5	12.2
 -96.5	12
 -95.5	15
 -94.5	15.7
 -93.5	11
 -92.5	11
 -91.5	15.0333
 -90.5	6
 -89.5	16
 -88.5	20
 -87.5	25
 -86.5	14
 -85.5	16.5
 -84.5	16
 -83.5	10
 -82.5	15.8333
 -81.5	9
 -80.5	8
 -79.5	17.3333
 -78.5	21.5
 -77.5	12
 -76.5	13.5
 -75.5	12
 -74.5	10.5
 -73.5	13
 -72.5	5
 -71.5	23
 -70.5	12.5
 -69.5	17.25
 -68.5	8.75
 -67.5	12
 -66.5	17.5
 -65.5	11
 -64.5	20.5
 -63.5	10
 -62.5	19
 -61.5	18
 -60.5	16
 -59.5	9
 -58.5	9.5
 -57.5	12.5
 -56.5	10
 -55.5	15.8333
 -54.5	9
 -53.5	16.8333
 -52.5	18
 -51.5	20.5
 -50.5	20.3333
 -49.5	14.5
 -48.5	22
 -47.5	11
 -46.5	15
 -45.5	14.5
 -44.5	11
 -43.5	16.3333
 -42.5	9.5
 -41.5	16
 -40.5	13
 -39.5	11.5
 -38.5	14.5
 -37.5	22.5
 -36.5	12.5
 -35.5	10.5
 -34.5	17
 -33.5	16
 -32.5	19.5
 -31.5	13
 -30.5	15
 -29.5	10.5
 -28.5	17
 -27.5	20
 -26.5	26
 -25.5	22.5
 -24.5	17
 -23.5	17
 -22.5	19
 -21.5	12
 -20.5	11.125
 -19.5	19.5
 -18.5	14.5
 -17.5	18.125
 -16.5	17
 -15.5	12.3333
 -14.5	30.625
 -13.5	20.5
 -12.5	17.5
 -11.5	18.125
 -10.5	18.5
  -9.5	21
  -8.5	14.125
  -7.5	19.5
  -6.5	22.5
  -5.5	25.325
  -4.5	26.75
  -3.5	30
  -2.5	15.325
  -1.5	25.75
  -0.5	24
   0.5	24.325
   1.5	22.25
   2.5	24.5
   3.5	24.7
   4.5	24.25
   5.5	26.5
   6.5	22.7
   7.5	16
   8.5	32
   9.5	15.5
  10.5	23
  11.5	27.5
  12.5	21.5
  13.5	21
  14.5	18.5
  15.5	10.5
  16.5	15.5
  17.5	18
  18.5	9.33333
  19.5	15
  20.5	20.5
  21.5	21
  22.5	21
  23.5	20.5
  24.5	17
  25.5	24.5
  26.5	20.5
  27.5	18
  28.5	16.5
  29.5	20.5
  30.5	9
  31.5	13.5
  32.5	11
  33.5	14
  34.5	15.5
  35.5	17.5
  36.5	20
  37.5	21.5
  38.5	13.5
  39.5	18.3333
  40.5	12.5
  41.5	21.3333
  42.5	15
  43.5	14
  44.5	19.5
  45.5	20.5
  46.5	16
  47.5	20
  48.5	17.5
  49.5	17.8333
  50.5	15
  51.5	16
  52.5	16
  53.5	16
  54.5	13
  55.5	23
  56.5	16
  57.5	12.5
  58.5	11
  59.5	18
  60.5	14.75
  61.5	16.3333
  62.5	15.5
  63.5	9.25
  64.5	12.5
  65.5	17
  66.5	13.75
  67.5	8
  68.5	19
  69.5	12.75
  70.5	14
  71.5	20.5
  72.5	18
  73.5	24.5
  74.5	13.25
  75.5	13
  76.5	15
  77.5	16.25
  78.5	12.5
  79.5	14
  80.5	8.25
  81.5	11
  82.5	17
  83.5	18.25
  84.5	15
  85.5	14.5
  86.5	9
  87.5	9.5
  88.5	20
  89.5	19
  90.5	8.5
  91.5	11.5
  92.5	13.3333
  93.5	11.3333
  94.5	13
  95.5	12
  96.5	9.33333
  97.5	17.5
  98.5	14
  99.5	8.83333
 100.5	18.5
 101.5	11.5
 102.5	9.5
 103.5	11
 104.5	10
 105.5	11
 106.5	12
 107.5	13.5
 108.5	13
 109.5	11.8333
 110.5	18
 111.5	17
 112.5	14
 113.5	19.3333
 114.5	12.25
 115.5	12
 116.5	10.3333
 117.5	13.25
 118.5	9.75
 119.5	7.5
 120.5	12.25
 121.5	11.75
 122.5	9.7
 123.5	12.75
 124.5	11.75
 125.5	11.7
 126.5	15.5
 127.5	9.25
 128.5	13.2
 129.5	8
 130.5	8
 131.5	7.2
 132.5	14
 133.5	10
 134.5	8.7
 135.5	14
 136.5	18
 137.5	20
 138.5	13.5
 139.5	11
 140.5	12
 141.5	10
 142.5	8
 143.5	13
 144.5	11
 145.5	9.5
 146.5	9
 147.5	11.5
 148.5	9
 149.5	22
 150.5	6.83333
 151.5	7.5
 152.5	15
 153.5	11.5833
 154.5	19
 155.5	12.5
 156.5	14.5833
 157.5	13
 158.5	10
 159.5	10.5833
 160.5	12
 161.5	8.5
 162.5	11.3333
 163.5	17
 164.5	10
 165.5	11.3333
 166.5	9
 167.5	10
 168.5	15.5
 169.5	9
 170.5	11
 171.5	11.2
 172.5	6
 173.5	7.5
 174.5	13
 175.5	5
 176.5	15
 177.5	9.33333
 178.5	8
 179.5	4
 180.5	15.5
 181.5	11
 182.5	9
 183.5	8.5
 184.5	10.25
 185.5	10
 186.5	12.3333
 187.5	13.25
 188.5	13
 189.5	12.8333
 190.5	15.75
 191.5	8
 192.5	11.0833
 193.5	10.25
 194.5	13
 195.5	9
 196.5	11.5
 197.5	18
 198.5	12.5
 199.5	12
 200.5	9
 201.5	9
 202.5	5.5
 203.5	8.5
 204.5	9.5
 205.5	11
 206.5	6
 207.5	6
 208.5	8.5
 209.5	6
 210.5	6
 211.5	12
 212.5	9
DB 1 MOTIF	31-GCGCMKGCGC	STREME-31
-213.0	1
-212.0	2
-211.0	5.25
-210.0	2
-209.0	6
-208.0	5
-207.0	2
-206.0	3.33333
-205.0	5.83333
-204.0	5
-203.0	4
-202.0	5.5
-201.0	2.5
-200.0	5
-199.0	3
-198.0	6
-197.0	5
-196.0	6
-195.0	3
-194.0	4
-193.0	3
-192.0	5
-191.0	7
-190.0	4
-189.0	8.5
-188.0	7.5
-187.0	1
-186.0	6
-185.0	0
-184.0	0
-183.0	4
-182.0	6
-181.0	8.5
-180.0	2
-179.0	2
-178.0	2
-177.0	5.5
-176.0	4
-175.0	4
-174.0	4
-173.0	2
-172.0	2
-171.0	3
-170.0	3.5
-169.0	8
-168.0	3
-167.0	1.5
-166.0	5
-165.0	1
-164.0	2
-163.0	1.33333
-162.0	1.75
-161.0	6.5
-160.0	4
-159.0	1.75
-158.0	3
-157.0	2.33333
-156.0	3
-155.0	6
-154.0	7
-153.0	1.33333
-152.0	7
-151.0	3
-150.0	3
-149.0	4
-148.0	3
-147.0	8.5
-146.0	4
-145.0	5
-144.0	7.5
-143.0	6.25
-142.0	6
-141.0	3
-140.0	4
-139.0	2
-138.0	2.33333
-137.0	2
-136.0	1
-135.0	5
-134.0	4.33333
-133.0	3
-132.0	2.5
-131.0	4
-130.0	2
-129.0	5
-128.0	6
-127.0	5.25
-126.0	6
-125.0	5
-124.0	4
-123.0	2
-122.0	4.5
-121.0	3
-120.0	5
-119.0	6
-118.0	2.5
-117.0	4
-116.0	1
-115.0	1.33333
-114.0	7
-113.0	2.25
-112.0	2
-111.0	3.25
-110.0	6.5
-109.0	1
-108.0	3
-107.0	7
-106.0	3
-105.0	6
-104.0	2
-103.0	4
-102.0	4
-101.0	6
-100.0	5
 -99.0	6
 -98.0	9.5
 -97.0	2
 -96.0	3
 -95.0	2.33333
 -94.0	6
 -93.0	4.5
 -92.0	3
 -91.0	2
 -90.0	5.83333
 -89.0	2.5
 -88.0	2.5
 -87.0	6
 -86.0	4
 -85.0	3
 -84.0	1.5
 -83.0	2.5
 -82.0	7
 -81.0	0
 -80.0	5
 -79.0	3.83333
 -78.0	4
 -77.0	3.5
 -76.0	4
 -75.0	5.5
 -74.0	7
 -73.0	6
 -72.0	5.5
 -71.0	3.5
 -70.0	4
 -69.0	3.5
 -68.0	2
 -67.0	5
 -66.0	6.33333
 -65.0	4
 -64.0	2.25
 -63.0	4.5
 -62.0	8
 -61.0	3
 -60.0	4
 -59.0	4
 -58.0	3
 -57.0	3
 -56.0	4
 -55.0	5
 -54.0	3.5
 -53.0	9.5
 -52.0	5
 -51.0	7
 -50.0	6.5
 -49.0	8.83333
 -48.0	6
 -47.0	4
 -46.0	4
 -45.0	3
 -44.0	3
 -43.0	9
 -42.0	5.33333
 -41.0	6.5
 -40.0	5
 -39.0	9.33333
 -38.0	3.5
 -37.0	7
 -36.0	4
 -35.0	7
 -34.0	8
 -33.0	4.5
 -32.0	5
 -31.0	7.5
 -30.0	4
 -29.0	4
 -28.0	7
 -27.0	4
 -26.0	7
 -25.0	5
 -24.0	3
 -23.0	3
 -22.0	5
 -21.0	2
 -20.0	2
 -19.0	5.5
 -18.0	4.33333
 -17.0	7.5
 -16.0	7
 -15.0	7
 -14.0	6
 -13.0	2
 -12.0	7
 -11.0	5
 -10.0	3
  -9.0	11.3333
  -8.0	6
  -7.0	5
  -6.0	5
  -5.0	7
  -4.0	6
  -3.0	8.33333
  -2.0	7
  -1.0	8.5
   0.0	6
   1.0	8
   2.0	10.5
   3.0	9.5
   4.0	5
   5.0	6
   6.0	2
   7.0	9.5
   8.0	9.5
   9.0	4.5
  10.0	4
  11.0	4
  12.0	3
  13.0	8.5
  14.0	3
  15.0	7
  16.0	5
  17.0	5
  18.0	6.5
  19.0	12
  20.0	5.33333
  21.0	4
  22.0	6.5
  23.0	7
  24.0	3
  25.0	6.33333
  26.0	4
  27.0	4
  28.0	8
  29.0	4
  30.0	5
  31.0	3.5
  32.0	5.5
  33.0	5.5
  34.0	3
  35.0	9.5
  36.0	6.5
  37.0	3
  38.0	7
  39.0	8
  40.0	9
  41.0	5
  42.0	6
  43.0	2.5
  44.0	8
  45.0	4
  46.0	3.5
  47.0	6
  48.0	6
  49.0	6
  50.0	7.5
  51.0	2
  52.0	5
  53.0	6.5
  54.0	6.5
  55.0	7
  56.0	3
  57.0	1
  58.0	2
  59.0	1.5
  60.0	10
  61.0	4
  62.0	2
  63.0	6
  64.0	4
  65.0	5
  66.0	1
  67.0	7.5
  68.0	3
  69.0	7
  70.0	4.33333
  71.0	8.5
  72.0	5
  73.0	3
  74.0	4
  75.0	6
  76.0	2
  77.0	6
  78.0	4
  79.0	1
  80.0	6.33333
  81.0	9
  82.0	5
  83.0	9
  84.0	1.5
  85.0	4
  86.0	3
  87.0	5
  88.0	5
  89.0	5
  90.0	4.5
  91.0	4
  92.0	2.5
  93.0	4
  94.0	5
  95.0	0
  96.0	3
  97.0	7.5
  98.0	2
  99.0	3
 100.0	2
 101.0	3
 102.0	6
 103.0	6.5
 104.0	7
 105.0	3
 106.0	2
 107.0	1.33333
 108.0	6
 109.0	2
 110.0	7
 111.0	2
 112.0	3
 113.0	9
 114.0	1
 115.0	6
 116.0	8
 117.0	5
 118.0	7.33333
 119.0	6.5
 120.0	2
 121.0	4
 122.0	3
 123.0	2
 124.0	3
 125.0	2.5
 126.0	1
 127.0	2.5
 128.0	2
 129.0	3
 130.0	4
 131.0	4
 132.0	5
 133.0	3
 134.0	6
 135.0	2.5
 136.0	0
 137.0	3.33333
 138.0	3
 139.0	5
 140.0	2
 141.0	3.5
 142.0	4
 143.0	4
 144.0	3
 145.0	1
 146.0	3.5
 147.0	5.5
 148.0	3.5
 149.0	6
 150.0	6
 151.0	7
 152.0	2.33333
 153.0	4.5
 154.0	4.33333
 155.0	7.5
 156.0	3
 157.0	4
 158.0	1
 159.0	4
 160.0	0.833333
 161.0	0
 162.0	5
 163.0	2
 164.0	3
 165.0	4.5
 166.0	5.66667
 167.0	5
 168.0	2
 169.0	3
 170.0	4
 171.0	6.5
 172.0	3
 173.0	1
 174.0	5
 175.0	1
 176.0	5
 177.0	4
 178.0	6
 179.0	2
 180.0	1
 181.0	3
 182.0	4
 183.0	2
 184.0	4
 185.0	2
 186.0	6
 187.0	7.5
 188.0	2.5
 189.0	3
 190.0	0
 191.0	4
 192.0	2
 193.0	1
 194.0	3.5
 195.0	2
 196.0	4
 197.0	7
 198.0	3
 199.0	4
 200.0	1
 201.0	2
 202.0	4
 203.0	4
 204.0	4
 205.0	2
 206.0	7
 207.0	0
 208.0	2
 209.0	4
 210.0	3
 211.0	5
 212.0	5
 213.0	0.5
DB 2 MOTIF	AP2B_HUMAN.H11MO.0.B
-213.0	15
-212.0	17
-211.0	14
-210.0	13.5
-209.0	18
-208.0	18
-207.0	17.6667
-206.0	12.5
-205.0	12.5
-204.0	21
-203.0	16
-202.0	13.5
-201.0	19.5
-200.0	15
-199.0	20
-198.0	19
-197.0	22
-196.0	10
-195.0	16.5
-194.0	12.5
-193.0	12
-192.0	19
-191.0	11
-190.0	14.5
-189.0	16
-188.0	21
-187.0	7
-186.0	15
-185.0	12.5
-184.0	13.5
-183.0	14
-182.0	11
-181.0	12
-180.0	17.8333
-179.0	19
-178.0	16
-177.0	11.5
-176.0	16.5
-175.0	20.5
-174.0	18.5
-173.0	12.5
-172.0	13
-171.0	17.5
-170.0	21
-169.0	12
-168.0	17
-167.0	16
-166.0	21
-165.0	15.5
-164.0	11
-163.0	17.1667
-162.0	15
-161.0	15
-160.0	12.5
-159.0	17
-158.0	10
-157.0	19
-156.0	17
-155.0	26
-154.0	17
-153.0	15
-152.0	16
-151.0	12
-150.0	17
-149.0	21.5
-148.0	12.5
-147.0	10.1667
-146.0	15
-145.0	22
-144.0	21
-143.0	20
-142.0	14
-141.0	22
-140.0	17
-139.0	24.5
-138.0	17
-137.0	17
-136.0	18
-135.0	16.5
-134.0	14
-133.0	17
-132.0	9
-131.0	12
-130.0	9.5
-129.0	18.5
-128.0	17
-127.0	20.5
-126.0	17.5
-125.0	20
-124.0	20
-123.0	13
-122.0	16
-121.0	12
-120.0	21
-119.0	20.1667
-118.0	14.5
-117.0	11.8333
-116.0	18.5
-115.0	16
-114.0	15
-113.0	18
-112.0	12.5
-111.0	10.5
-110.0	19
-109.0	10
-108.0	17.5
-107.0	16.5
-106.0	18.3333
-105.0	15
-104.0	12.5
-103.0	16.5
-102.0	17.5
-101.0	18
-100.0	16
 -99.0	15
 -98.0	22
 -97.0	20
 -96.0	17.5
 -95.0	15
 -94.0	15
 -93.0	18
 -92.0	7
 -91.0	26
 -90.0	22
 -89.0	22.5
 -88.0	17.8333
 -87.0	23
 -86.0	21
 -85.0	11
 -84.0	14
 -83.0	17.5
 -82.0	21.5
 -81.0	19.5
 -80.0	24.5
 -79.0	17.5
 -78.0	15
 -77.0	11.5
 -76.0	20.1667
 -75.0	19.1667
 -74.0	10
 -73.0	12.5
 -72.0	17
 -71.0	15
 -70.0	15.5
 -69.0	22
 -68.0	13
 -67.0	22
 -66.0	13
 -65.0	21
 -64.0	16.5
 -63.0	19
 -62.0	19
 -61.0	19
 -60.0	17.5
 -59.0	20
 -58.0	16
 -57.0	14
 -56.0	19
 -55.0	20.5
 -54.0	21
 -53.0	18.3333
 -52.0	17.5
 -51.0	14
 -50.0	23
 -49.0	13
 -48.0	17
 -47.0	23.5
 -46.0	15.5
 -45.0	15
 -44.0	12
 -43.0	21
 -42.0	19.5
 -41.0	18
 -40.0	17
 -39.0	20
 -38.0	12.5
 -37.0	11.5
 -36.0	16
 -35.0	23
 -34.0	26
 -33.0	24
 -32.0	14
 -31.0	20.5
 -30.0	15
 -29.0	20
 -28.0	16
 -27.0	19.3333
 -26.0	24.5
 -25.0	19
 -24.0	18
 -23.0	18
 -22.0	18
 -21.0	15.5
 -20.0	24
 -19.0	22
 -18.0	8
 -17.0	23
 -16.0	20
 -15.0	15
 -14.0	14
 -13.0	18
 -12.0	24
 -11.0	14.5
 -10.0	13.5
  -9.0	15
  -8.0	17
  -7.0	25
  -6.0	16
  -5.0	18.1667
  -4.0	14
  -3.0	22
  -2.0	19
  -1.0	16
   0.0	15
   1.0	19
   2.0	16
   3.0	22.5
   4.0	18
   5.0	22
   6.0	27
   7.0	19
   8.0	18
   9.0	16
  10.0	18
  11.0	15
  12.0	24
  13.0	15.5
  14.0	15.5
  15.0	22
  16.0	20
  17.0	19
  18.0	12.5
  19.0	14.5
  20.0	23
  21.0	22.3333
  22.0	15
  23.0	16
  24.0	19.5
  25.0	16
  26.0	13.5
  27.0	19.5
  28.0	26.5
  29.0	13
  30.0	18.5
  31.0	21.5
  32.0	14
  33.0	12.1667
  34.0	20
  35.0	10
  36.0	15.5
  37.0	20.5
  38.0	12
  39.0	16
  40.0	24.5
  41.0	17
  42.0	20.5
  43.0	18
  44.0	20.3333
  45.0	15
  46.0	22
  47.0	10.5
  48.0	15.5
  49.0	13.5
  50.0	15.5
  51.0	27
  52.0	27
  53.0	18.5
  54.0	16
  55.0	17
  56.0	14
  57.0	13
  58.0	19
  59.0	20
  60.0	21
  61.0	18
  62.0	19
  63.0	13
  64.0	20
  65.0	12.5
  66.0	21.6667
  67.0	20
  68.0	21
  69.0	17.5
  70.0	21
  71.0	19.5
  72.0	24
  73.0	14.5
  74.0	13
  75.0	8
  76.0	17
  77.0	15.1667
  78.0	15
  79.0	16.5
  80.0	17.5
  81.0	13
  82.0	16.5
  83.0	19
  84.0	17
  85.0	18
  86.0	15.5
  87.0	18.3333
  88.0	23
  89.0	13.5
  90.0	15.5
  91.0	17
  92.0	16
  93.0	13
  94.0	20
  95.0	22.3333
  96.0	20.5
  97.0	24
  98.0	13
  99.0	24
 100.0	16
 101.0	13
 102.0	20
 103.0	27
 104.0	20
 105.0	17.5
 106.0	10
 107.0	15
 108.0	15.5
 109.0	16
 110.0	13
 111.0	14
 112.0	16
 113.0	11
 114.0	27.5
 115.0	16.5
 116.0	24.3333
 117.0	12
 118.0	14
 119.0	14.5
 120.0	15
 121.0	23.5
 122.0	19
 123.0	21
 124.0	13
 125.0	29
 126.0	19
 127.0	13.5
 128.0	21.5
 129.0	21
 130.0	16
 131.0	21.5
 132.0	16.5
 133.0	19
 134.0	16
 135.0	16.5
 136.0	23
 137.0	17.1667
 138.0	27.5
 139.0	19
 140.0	16
 141.0	11.5
 142.0	20
 143.0	10
 144.0	15.5
 145.0	19.5
 146.0	17
 147.0	19.5
 148.0	19.5
 149.0	14.5
 150.0	21
 151.0	15
 152.0	14.5
 153.0	21
 154.0	17.5
 155.0	16
 156.0	17.5
 157.0	12
 158.0	21.5
 159.0	13
 160.0	12.5
 161.0	17.5
 162.0	16
 163.0	20
 164.0	13.5
 165.0	9.5
 166.0	19
 167.0	13.5
 168.0	16
 169.0	19
 170.0	13.5
 171.0	20.5
 172.0	18
 173.0	12.5
 174.0	13.5
 175.0	12
 176.0	12
 177.0	18.3333
 178.0	11
 179.0	21
 180.0	17.5
 181.0	15
 182.0	17
 183.0	12
 184.0	17
 185.0	17.5
 186.0	11
 187.0	13
 188.0	18
 189.0	15
 190.0	15
 191.0	12
 192.0	14
 193.0	16
 194.0	9
 195.0	17
 196.0	14
 197.0	16.5
 198.0	12
 199.0	7
 200.0	21.5
 201.0	13
 202.0	10
 203.0	19
 204.0	17
 205.0	11.5
 206.0	18.5
 207.0	16
 208.0	10.6667
 209.0	14
 210.0	13
 211.0	12
 212.0	19.5
 213.0	12
DB 2 MOTIF	AP2D_HUMAN.H11MO.0.D
-211.0	7
-210.0	8
-209.0	10
-208.0	11
-207.0	9
-206.0	5
-205.0	7
-204.0	11
-203.0	11
-202.0	10
-201.0	7
-200.0	14
-199.0	15
-198.0	10
-197.0	14
-196.0	14
-195.0	9
-194.0	10
-193.0	10
-192.0	14
-191.0	11
-190.0	8.5
-189.0	5
-188.0	16
-187.0	17.5
-186.0	2
-185.0	7
-184.0	6
-183.0	7
-182.0	7
-181.0	8.5
-180.0	10
-179.0	6
-178.0	7
-177.0	8
-176.0	24
-175.0	12
-174.0	15
-173.0	7
-172.0	8
-171.0	7
-170.0	7
-169.0	2
-168.0	11
-167.0	13
-166.0	5
-165.0	6
-164.0	14
-163.0	10
-162.0	6.5
-161.0	8
-160.0	13
-159.0	14
-158.0	16
-157.0	16
-156.0	15
-155.0	4
-154.0	8
-153.0	7
-152.0	6
-151.0	11
-150.0	14
-149.0	8
-148.0	8
-147.0	9
-146.0	11
-145.0	14
-144.0	17.5
-143.0	12
-142.0	13
-141.0	9
-140.0	13
-139.0	7
-138.0	12
-137.0	18
-136.0	17.5
-135.0	11
-134.0	10.5
-133.0	12
-132.0	16
-131.0	5
-130.0	8
-129.0	7
-128.0	12
-127.0	12
-126.0	10
-125.0	18
-124.0	12.5
-123.0	10.5
-122.0	14
-121.0	14
-120.0	12
-119.0	8
-118.0	10
-117.0	14
-116.0	10
-115.0	11
-114.0	19
-113.0	15
-112.0	11
-111.0	13.5
-110.0	8
-109.0	6
-108.0	16
-107.0	17
-106.0	9
-105.0	5
-104.0	7
-103.0	13
-102.0	14
-101.0	15
-100.0	7
 -99.0	9
 -98.0	21
 -97.0	20
 -96.0	10
 -95.0	17
 -94.0	9
 -93.0	12
 -92.0	18
 -91.0	16
 -90.0	22
 -89.0	10
 -88.0	13
 -87.0	9
 -86.0	16
 -85.0	13
 -84.0	11
 -83.0	14
 -82.0	11
 -81.0	13
 -80.0	7
 -79.0	19
 -78.0	10
 -77.0	12
 -76.0	12
 -75.0	10
 -74.0	7
 -73.0	7
 -72.0	11
 -71.0	15
 -70.0	15
 -69.0	11
 -68.0	10
 -67.0	15
 -66.0	16
 -65.0	13
 -64.0	11
 -63.0	13
 -62.0	13
 -61.0	13
 -60.0	15
 -59.0	12
 -58.0	15
 -57.0	13
 -56.0	10
 -55.0	14
 -54.0	13
 -53.0	7
 -52.0	13
 -51.0	11
 -50.0	16
 -49.0	14
 -48.0	13
 -47.0	12
 -46.0	12
 -45.0	17
 -44.0	14
 -43.0	9
 -42.0	18
 -41.0	17
 -40.0	9
 -39.0	13
 -38.0	11
 -37.0	10
 -36.0	15
 -35.0	22
 -34.0	14
 -33.0	10
 -32.0	14
 -31.0	12
 -30.0	13
 -29.0	11
 -28.0	10
 -27.0	10
 -26.0	16
 -25.0	20
 -24.0	11
 -23.0	8
 -22.0	11
 -21.0	10.5
 -20.0	13
 -19.0	8
 -18.0	8
 -17.0	12
 -16.0	15
 -15.0	12
 -14.0	12
 -13.0	16
 -12.0	11
 -11.0	12
 -10.0	14
  -9.0	17
  -8.0	11
  -7.0	14
  -6.0	20
  -5.0	18
  -4.0	16
  -3.0	22
  -2.0	16
  -1.0	11
   0.0	14
   1.0	21
   2.0	15
   3.0	15
   4.0	15
   5.0	26
   6.0	20
   7.0	14
   8.0	20
   9.0	15
  10.0	19
  11.0	16
  12.0	21
  13.0	21
  14.0	15
  15.0	14
  16.0	16
  17.0	11
  18.0	14
  19.0	16
  20.0	10
  21.0	18
  22.0	9
  23.0	14
  24.0	9
  25.0	19
  26.0	18
  27.0	11
  28.0	14
  29.0	12
  30.0	14
  31.0	16
  32.0	8
  33.0	10
  34.0	7
  35.0	12
  36.0	12
  37.0	6
  38.0	20
  39.0	15
  40.0	21
  41.0	16
  42.0	8
  43.0	17
  44.0	19
  45.0	10
  46.0	17
  47.0	14
  48.0	13
  49.0	8
  50.0	9
  51.0	15
  52.0	20
  53.0	18
  54.0	9
  55.0	15
  56.0	15
  57.0	12
  58.0	12
  59.0	20.5
  60.0	7
  61.0	14.5
  62.0	18
  63.0	14
  64.0	9
  65.0	15
  66.0	14
  67.0	9
  68.0	13
  69.0	15
  70.0	16
  71.0	13
  72.0	12
  73.0	18
  74.0	9
  75.0	12
  76.0	11
  77.0	11
  78.0	7
  79.0	11
  80.0	12
  81.0	14
  82.0	12
  83.0	11
  84.0	6
  85.0	9
  86.0	16
  87.0	17
  88.0	8
  89.0	14
  90.0	13
  91.0	10
  92.0	11.5
  93.0	13
  94.0	6
  95.0	4
  96.0	13
  97.0	11
  98.0	13
  99.0	8
 100.0	9
 101.0	9
 102.0	10
 103.0	15
 104.0	15
 105.0	17
 106.0	17
 107.0	10
 108.0	15
 109.0	13
 110.0	17
 111.0	14
 112.0	13
 113.0	10
 114.0	12
 115.0	15
 116.0	24
 117.0	14
 118.0	11
 119.0	14
 120.0	9
 121.0	11
 122.0	21
 123.0	13
 124.0	16
 125.0	8
 126.0	9
 127.0	10
 128.0	13
 129.0	10
 130.0	16
 131.0	10
 132.0	14
 133.0	8
 134.0	12
 135.0	15
 136.0	5
 137.0	4
 138.0	18
 139.0	14
 140.0	11
 141.0	9
 142.0	11
 143.0	10
 144.0	15
 145.0	10
 146.0	9
 147.0	10
 148.0	10.5
 149.0	11
 150.0	12
 151.0	7
 152.0	9
 153.0	14
 154.0	13
 155.0	10
 156.0	20
 157.0	13
 158.0	9
 159.0	8
 160.0	6.5
 161.0	14
 162.0	9
 163.0	9
 164.0	6
 165.0	10
 166.0	12
 167.0	12.5
 168.0	22
 169.0	15
 170.0	9
 171.0	14
 172.0	16
 173.0	13
 174.0	11
 175.0	7
 176.0	6
 177.0	10
 178.0	10
 179.0	10
 180.0	8
 181.0	14
 182.0	8
 183.0	13
 184.0	17
 185.0	13
 186.0	12
 187.0	12
 188.0	9
 189.0	6
 190.0	10.5
 191.0	6.5
 192.0	10
 193.0	11
 194.0	11
 195.0	14
 196.0	13
 197.0	13
 198.0	8
 199.0	8
 200.0	8
 201.0	8
 202.0	9
 203.0	11
 204.0	11
 205.0	7.5
 206.0	9
 207.0	12
 208.0	9
 209.0	10
 210.0	10
 211.0	12
DB 2 MOTIF	ATF6A_HUMAN.H11MO.0.B
-212.0	2
-211.0	6
-210.0	7
-209.0	5
-208.0	3
-207.0	4
-206.0	5
-205.0	6
-204.0	2
-203.0	3
-202.0	3
-201.0	9
-200.0	2
-199.0	3
-198.0	2
-197.0	2
-196.0	2
-195.0	3
-194.0	3
-193.0	4
-192.0	2
-191.0	3
-190.0	4
-189.0	3
-188.0	4
-187.0	3
-186.0	8
-185.0	4
-184.0	3
-183.0	6
-182.0	2
-181.0	0
-180.0	5
-179.0	3
-178.0	1
-177.0	2
-176.0	6
-175.0	7
-174.0	4
-173.0	2
-172.0	3
-171.0	3
-170.0	4
-169.0	2
-168.0	6
-167.0	1
-166.0	3
-165.0	5
-164.0	2
-163.0	1
-162.0	5
-161.0	3
-160.0	2.5
-159.0	3
-158.0	4
-157.0	4
-156.0	3.5
-155.0	1
-154.0	6
-153.0	1
-152.0	3
-151.0	4
-150.0	4
-149.0	4
-148.0	1
-147.0	1
-146.0	6
-145.0	2
-144.0	3
-143.0	2
-142.0	4
-141.0	2
-140.0	4
-139.0	4
-138.0	5
-137.0	2
-136.0	1
-135.0	3.5
-134.0	6
-133.0	2
-132.0	1
-131.0	3
-130.0	1
-129.0	8
-128.0	2
-127.0	3
-126.0	6
-125.0	3
-124.0	9
-123.0	7
-122.0	7
-121.0	2
-120.0	4
-119.0	1
-118.0	4
-117.0	3
-116.0	3
-115.0	4
-114.0	3
-113.0	6.5
-112.0	7
-111.0	2
-110.0	3
-109.0	1.5
-108.0	2
-107.0	6
-106.0	2
-105.0	1
-104.0	3
-103.0	2
-102.0	2
-101.0	5
-100.0	6
 -99.0	5
 -98.0	4
 -97.0	3
 -96.0	3
 -95.0	4
 -94.0	6
 -93.0	2.5
 -92.0	1
 -91.0	4
 -90.0	5.5
 -89.0	2
 -88.0	7
 -87.0	5
 -86.0	4
 -85.0	7
 -84.0	6.5
 -83.0	4
 -82.0	3
 -81.0	6
 -80.0	3
 -79.0	9
 -78.0	3
 -77.0	2
 -76.0	1
 -75.0	2
 -74.0	5
 -73.0	6
 -72.0	4.5
 -71.0	5
 -70.0	4
 -69.0	5.5
 -68.0	4.5
 -67.0	3
 -66.0	3
 -65.0	9
 -64.0	6
 -63.0	6
 -62.0	4
 -61.0	4
 -60.0	5
 -59.0	5
 -58.0	5.5
 -57.0	5
 -56.0	4
 -55.0	2
 -54.0	3
 -53.0	1
 -52.0	7
 -51.0	6
 -50.0	5.5
 -49.0	4.5
 -48.0	3
 -47.0	6
 -46.0	7
 -45.0	1
 -44.0	5
 -43.0	2
 -42.0	5
 -41.0	8
 -40.0	3
 -39.0	5
 -38.0	6
 -37.0	4
 -36.0	3
 -35.0	1
 -34.0	6
 -33.0	1
 -32.0	5
 -31.0	6
 -30.0	3
 -29.0	7
 -28.0	7.5
 -27.0	6
 -26.0	7
 -25.0	4
 -24.0	4
 -23.0	7
 -22.0	3
 -21.0	7
 -20.0	4
 -19.0	3
 -18.0	4
 -17.0	2
 -16.0	3
 -15.0	7
 -14.0	4
 -13.0	6
 -12.0	2
 -11.0	7
 -10.0	3
  -9.0	3
  -8.0	7
  -7.0	7
  -6.0	4
  -5.0	6
  -4.0	4
  -3.0	3
  -2.0	3
  -1.0	1
   0.0	5
   1.0	4
   2.0	4
   3.0	6
   4.0	2
   5.0	3
   6.0	2
   7.0	8
   8.0	10
   9.0	7
  10.0	1
  11.0	6
  12.0	2
  13.0	9
  14.0	6
  15.0	4
  16.0	6
  17.0	5
  18.0	4
  19.0	0
  20.0	5
  21.0	4
  22.0	3.5
  23.0	3
  24.0	2
  25.0	4
  26.0	2.5
  27.0	4
  28.0	6
  29.0	5
  30.0	2
  31.0	5
  32.0	1
  33.0	4
  34.0	6
  35.0	5
  36.0	4
  37.0	1
  38.0	2
  39.0	5
  40.0	4
  41.0	4.5
  42.0	7
  43.0	6
  44.0	4.5
  45.0	3.5
  46.0	7
  47.0	10
  48.0	2
  49.0	2
  50.0	5.5
  51.0	6
  52.0	0
  53.0	3
  54.0	5.5
  55.0	6
  56.0	4
  57.0	5
  58.0	4
  59.0	5
  60.0	5
  61.0	6
  62.0	2
  63.0	6
  64.0	7
  65.0	1
  66.0	3.5
  67.0	10
  68.0	4
  69.0	3
  70.0	2
  71.0	5
  72.0	2.5
  73.0	7
  74.0	2
  75.0	6
  76.0	8.5
  77.0	6
  78.0	11
  79.0	6
  80.0	6
  81.0	4
  82.0	4
  83.0	3
  84.0	2.5
  85.0	1
  86.0	4
  87.0	5
  88.0	3
  89.0	4
  90.0	3
  91.0	0
  92.0	8
  93.0	5
  94.0	3
  95.0	4
  96.0	7
  97.0	4
  98.0	2
  99.0	4
 100.0	7
 101.0	2
 102.0	3
 103.0	3
 104.0	2.5
 105.0	2
 106.0	8
 107.0	6
 108.0	5
 109.0	3
 110.0	2
 111.0	2.5
 112.0	5
 113.0	6
 114.0	3
 115.0	3
 116.0	5
 117.0	1
 118.0	3
 119.0	1
 120.0	3
 121.0	4
 122.0	4
 123.0	4
 124.0	1
 125.0	3
 126.0	6
 127.0	7
 128.0	2
 129.0	3
 130.0	5
 131.0	4
 132.0	3
 133.0	4
 134.0	5
 135.0	5
 136.0	6
 137.0	6
 138.0	7
 139.0	6
 140.0	4
 141.0	1
 142.0	7
 143.0	1
 144.0	1
 145.0	1
 146.0	3
 147.0	5
 148.0	0
 149.0	3
 150.0	2
 151.0	2
 152.0	3
 153.0	3
 154.0	2
 155.0	7
 156.0	4
 157.0	5
 158.0	5
 159.0	2
 160.0	2
 161.0	3
 162.0	3
 163.0	5
 164.0	8
 165.0	5
 166.0	6
 167.0	4
 168.0	1
 169.0	6
 170.0	3
 171.0	4
 172.0	6
 173.0	3
 174.0	6
 175.0	0
 176.0	4
 177.0	3
 178.0	7
 179.0	4
 180.0	2
 181.0	4
 182.0	5
 183.0	1
 184.0	2
 185.0	6
 186.0	5
 187.0	3
 188.0	6
 189.0	2
 190.0	2
 191.0	4
 192.0	6
 193.0	2
 194.0	3
 195.0	3
 196.0	2
 197.0	2
 198.0	5
 199.0	5
 200.0	4
 201.0	6
 202.0	7
 203.0	1
 204.0	3
 205.0	5
 206.0	5
 207.0	0
 208.0	3
 209.0	1
 210.0	1
 211.0	3
 212.0	4
DB 2 MOTIF	CREB3_HUMAN.H11MO.0.D
-211.5	6
-210.5	2
-209.5	3
-208.5	1
-207.5	2
-206.5	0
-205.5	0
-204.5	4
-203.5	2
-202.5	0
-201.5	1
-200.5	6
-199.5	2
-198.5	1
-197.5	1
-196.5	1
-195.5	1
-194.5	4
-193.5	1
-192.5	3
-191.5	3
-190.5	1
-189.5	1
-188.5	0
-187.5	3
-186.5	2
-185.5	0
-184.5	2
-183.5	0
-182.5	4
-181.5	3
-180.5	0
-179.5	0
-178.5	0
-177.5	2
-176.5	1
-175.5	1
-174.5	0
-173.5	2
-172.5	0
-171.5	1
-170.5	0
-169.5	3
-168.5	1
-167.5	0.2
-166.5	2
-165.5	3
-164.5	0
-163.5	0
-162.5	3
-161.5	1
-160.5	1
-159.5	0
-158.5	0
-157.5	2
-156.5	0
-155.5	1
-154.5	2
-153.5	0
-152.5	1
-151.5	1
-150.5	1
-149.5	0
-148.5	1
-147.5	1
-146.5	1
-145.5	1
-144.5	3
-143.5	1
-142.5	2
-141.5	0
-140.5	2
-139.5	1
-138.5	2.5
-137.5	1.7
-136.5	1
-135.5	0
-134.5	2
-133.5	0
-132.5	1
-131.5	1
-130.5	4
-129.5	3
-128.5	1
-127.5	2
-126.5	2
-125.5	1
-124.5	2
-123.5	0
-122.5	4
-121.5	2
-120.5	3
-119.5	2
-118.5	2
-117.5	1
-116.5	2
-115.5	0
-114.5	1
-113.5	1
-112.5	0
-111.5	0.5
-110.5	2.5
-109.5	1
-108.5	1
-107.5	0.2
-106.5	1
-105.5	1
-104.5	0
-103.5	1
-102.5	0
-101.5	2
-100.5	4
 -99.5	0
 -98.5	1
 -97.5	1
 -96.5	2
 -95.5	0
 -94.5	2
 -93.5	2.5
 -92.5	4.5
 -91.5	0
 -90.5	2
 -89.5	6
 -88.5	1
 -87.5	2
 -86.5	4
 -85.5	1
 -84.5	7
 -83.5	1
 -82.5	3
 -81.5	4
 -80.5	3
 -79.5	1
 -78.5	0
 -77.5	0.2
 -76.5	5
 -75.5	0
 -74.5	2
 -73.5	1
 -72.5	2
 -71.5	2
 -70.5	2.5
 -69.5	1.5
 -68.5	2
 -67.5	2
 -66.5	6
 -65.5	2
 -64.5	1
 -63.5	1
 -62.5	1
 -61.5	2
 -60.5	1
 -59.5	1
 -58.5	2
 -57.5	4
 -56.5	2
 -55.5	3
 -54.5	2
 -53.5	1
 -52.5	2
 -51.5	0
 -50.5	1
 -49.5	3
 -48.5	3
 -47.5	2.2
 -46.5	1
 -45.5	1
 -44.5	0
 -43.5	2
 -42.5	4
 -41.5	2
 -40.5	2
 -39.5	2
 -38.5	1
 -37.5	1
 -36.5	4
 -35.5	4
 -34.5	3
 -33.5	1
 -32.5	4
 -31.5	2
 -30.5	5
 -29.5	5
 -28.5	1
 -27.5	1
 -26.5	3
 -25.5	3
 -24.5	3
 -23.5	1
 -22.5	2
 -21.5	1
 -20.5	2
 -19.5	1
 -18.5	0
 -17.5	2
 -16.5	4
 -15.5	2
 -14.5	3
 -13.5	3
 -12.5	3
 -11.5	2
 -10.5	2
  -9.5	1
  -8.5	3
  -7.5	1
  -6.5	3
  -5.5	3
  -4.5	2
  -3.5	5
  -2.5	1
  -1.5	2
  -0.5	0
   0.5	1
   1.5	3
   2.5	0
   3.5	1
   4.5	1
   5.5	6
   6.5	1
   7.5	1
   8.5	0
   9.5	3
  10.5	6
  11.5	4
  12.5	3
  13.5	2
  14.5	2
  15.5	3
  16.5	4
  17.5	2
  18.5	1
  19.5	0
  20.5	0
  21.5	0
  22.5	0
  23.5	1
  24.5	2
  25.5	3
  26.5	1
  27.5	1
  28.5	2
  29.5	4
  30.5	0
  31.5	3
  32.5	0
  33.5	0
  34.5	4
  35.5	0
  36.5	4
  37.5	0
  38.5	2
  39.5	1
  40.5	0
  41.5	1
  42.5	1
  43.5	1
  44.5	2
  45.5	1
  46.5	3
  47.5	3
  48.5	2
  49.5	1
  50.5	1
  51.5	2.5
  52.5	1.5
  53.5	2
  54.5	3
  55.5	3
  56.5	1
  57.5	1
  58.5	2
  59.5	3
  60.5	3
  61.5	2
  62.5	2
  63.5	1
  64.5	2
  65.5	2
  66.5	1
  67.5	0
  68.5	6
  69.5	2
  70.5	0
  71.5	3
  72.5	1
  73.5	5
  74.5	4
  75.5	2
  76.5	2
  77.5	7
  78.5	3
  79.5	5
  80.5	2
  81.5	2
  82.5	1
  83.5	0
  84.5	1
  85.5	0
  86.5	2
  87.5	3
  88.5	0
  89.5	1
  90.5	2
  91.5	2
  92.5	1
  93.5	2
  94.5	1
  95.5	0
  96.5	2
  97.5	2
  98.5	0
  99.5	3
 100.5	3
 101.5	2
 102.5	1
 103.5	0
 104.5	0
 105.5	3
 106.5	1
 107.5	2
 108.5	2
 109.5	2
 110.5	2
 111.5	2
 112.5	1
 113.5	2
 114.5	3
 115.5	3
 116.5	0
 117.5	2
 118.5	1
 119.5	0
 120.5	1
 121.5	1
 122.5	1
 123.5	4
 124.5	1
 125.5	3
 126.5	2
 127.5	2
 128.5	3
 129.5	2
 130.5	1
 131.5	1
 132.5	2
 133.5	1
 134.5	4
 135.5	1.5
 136.5	3.5
 137.5	4
 138.5	3
 139.5	0
 140.5	2
 141.5	2
 142.5	0
 143.5	2
 144.5	0
 145.5	2
 146.5	1
 147.5	1
 148.5	2
 149.5	2
 150.5	1
 151.5	2
 152.5	0
 153.5	1
 154.5	1
 155.5	4
 156.5	3
 157.5	0
 158.5	0
 159.5	2
 160.5	1
 161.5	0
 162.5	1.5
 163.5	2.5
 164.5	2
 165.5	3
 166.5	3
 167.5	1
 168.5	1
 169.5	2
 170.5	0
 171.5	3
 172.5	1
 173.5	0
 174.5	1
 175.5	1
 176.5	1
 177.5	7
 178.5	2
 179.5	0
 180.5	3
 181.5	0
 182.5	0
 183.5	4
 184.5	0
 185.5	6
 186.5	1
 187.5	1
 188.5	1
 189.5	2
 190.5	2
 191.5	1
 192.5	0
 193.5	1
 194.5	0
 195.5	0
 196.5	1
 197.5	4
 198.5	3.5
 199.5	1.5
 200.5	4
 201.5	2
 202.5	2
 203.5	1
 204.5	2
 205.5	1
 206.5	1
 207.5	1
 208.5	0
 209.5	2
 210.5	1
 211.5	1
DB 2 MOTIF	CREB5_HUMAN.H11MO.0.D
-212.5	2
-211.5	4
-210.5	1
-209.5	1
-208.5	0
-207.5	2
-206.5	1
-205.5	1
-204.5	4
-203.5	2
-202.5	0
-201.5	0
-200.5	2
-199.5	1
-198.5	3
-197.5	2
-196.5	1
-195.5	0
-194.5	0
-193.5	3
-192.5	5
-191.5	1
-190.5	3
-189.5	2
-188.5	1
-187.5	0
-186.5	2
-185.5	0
-184.5	1
-183.5	1
-182.5	2
-181.5	2
-180.5	1
-179.5	0
-178.5	1
-177.5	3
-176.5	1
-175.5	0
-174.5	1
-173.5	0
-172.5	1
-171.5	2
-170.5	1
-169.5	2
-168.5	0
-167.5	2
-166.5	1
-165.5	2
-164.5	0
-163.5	2
-162.5	1
-161.5	0
-160.5	4
-159.5	0
-158.5	0
-157.5	2
-156.5	2
-155.5	0
-154.5	1
-153.5	2
-152.5	0
-151.5	0
-150.5	2
-149.5	3
-148.5	0
-147.5	0.5
-146.5	2.5
-145.5	1
-144.5	1
-143.5	1
-142.5	1
-141.5	2
-140.5	2
-139.5	2
-138.5	1.5
-137.5	2.5
-136.5	1
-135.5	1
-134.5	1
-133.5	0
-132.5	0
-131.5	0
-130.5	0
-129.5	0
-128.5	2
-127.5	0
-126.5	0
-125.5	2
-124.5	2
-123.5	0
-122.5	3
-121.5	1
-120.5	1
-119.5	1
-118.5	1
-117.5	0
-116.5	0
-115.5	1
-114.5	1
-113.5	2
-112.5	0
-111.5	1
-110.5	2
-109.5	2
-108.5	5
-107.5	2
-106.5	1
-105.5	1
-104.5	2
-103.5	1
-102.5	1
-101.5	2.5
-100.5	2.5
 -99.5	0
 -98.5	1
 -97.5	1
 -96.5	1
 -95.5	0
 -94.5	2
 -93.5	0.5
 -92.5	1.5
 -91.5	1
 -90.5	2
 -89.5	1
 -88.5	1
 -87.5	1
 -86.5	0
 -85.5	3
 -84.5	4
 -83.5	2
 -82.5	3
 -81.5	5
 -80.5	1
 -79.5	0
 -78.5	0
 -77.5	4
 -76.5	1
 -75.5	2
 -74.5	0
 -73.5	1
 -72.5	3
 -71.5	2
 -70.5	0.5
 -69.5	1.5
 -68.5	1
 -67.5	1
 -66.5	1
 -65.5	1.5
 -64.5	3
 -63.5	2.5
 -62.5	0
 -61.5	0
 -60.5	1
 -59.5	2
 -58.5	0
 -57.5	2
 -56.5	1
 -55.5	1
 -54.5	3
 -53.5	1
 -52.5	1
 -51.5	1
 -50.5	0
 -49.5	2
 -48.5	1
 -47.5	0
 -46.5	0
 -45.5	2
 -44.5	3
 -43.5	1
 -42.5	3
 -41.5	0
 -40.5	2
 -39.5	1
 -38.5	2
 -37.5	0
 -36.5	4
 -35.5	2
 -34.5	4.5
 -33.5	1
 -32.5	3
 -31.5	2
 -30.5	4
 -29.5	1
 -28.5	1
 -27.5	0
 -26.5	3
 -25.5	4
 -24.5	3
 -23.5	1
 -22.5	1
 -21.5	2
 -20.5	3
 -19.5	2
 -18.5	2
 -17.5	1.5
 -16.5	4
 -15.5	3
 -14.5	1.5
 -13.5	1.5
 -12.5	0
 -11.5	0
 -10.5	0
  -9.5	0
  -8.5	1
  -7.5	1
  -6.5	2
  -5.5	3
  -4.5	2
  -3.5	2
  -2.5	0
  -1.5	2
  -0.5	1
   0.5	0
   1.5	1
   2.5	1
   3.5	2
   4.5	0
   5.5	6
   6.5	2
   7.5	4
   8.5	3
   9.5	1
  10.5	5
  11.5	2
  12.5	2
  13.5	3
  14.5	7.5
  15.5	1.5
  16.5	1
  17.5	0
  18.5	0
  19.5	3
  20.5	3
  21.5	2.5
  22.5	0.5
  23.5	1
  24.5	1
  25.5	2
  26.5	1
  27.5	1
  28.5	1
  29.5	2.5
  30.5	0.5
  31.5	3
  32.5	1
  33.5	1
  34.5	2
  35.5	0
  36.5	1
  37.5	2
  38.5	1
  39.5	3
  40.5	0
  41.5	2
  42.5	2
  43.5	1
  44.5	2
  45.5	1.5
  46.5	4.5
  47.5	0
  48.5	2
  49.5	3
  50.5	2
  51.5	2
  52.5	2
  53.5	2
  54.5	1
  55.5	3
  56.5	4
  57.5	1
  58.5	1
  59.5	0
  60.5	2
  61.5	0
  62.5	3
  63.5	1
  64.5	4
  65.5	0
  66.5	3.33333
  67.5	1
  68.5	3
  69.5	2
  70.5	3
  71.5	1
  72.5	2
  73.5	2
  74.5	2
  75.5	0
  76.5	2
  77.5	3
  78.5	1
  79.5	0
  80.5	4
  81.5	2
  82.5	0
  83.5	2.33333
  84.5	0.333333
  85.5	2
  86.5	1
  87.5	1
  88.5	1
  89.5	1
  90.5	0
  91.5	2
  92.5	0
  93.5	1
  94.5	1
  95.5	2
  96.5	0
  97.5	1
  98.5	0
  99.5	1
 100.5	0
 101.5	1
 102.5	0
 103.5	0
 104.5	2
 105.5	1
 106.5	0
 107.5	0
 108.5	1
 109.5	2
 110.5	3
 111.5	1
 112.5	0
 113.5	1
 114.5	3
 115.5	0
 116.5	1
 117.5	2
 118.5	0
 119.5	2
 120.5	3
 121.5	0
 122.5	1
 123.5	0
 124.5	0
 125.5	2
 126.5	0
 127.5	3.5
 128.5	0.5
 129.5	1
 130.5	2
 131.5	1
 132.5	2
 133.5	1
 134.5	3
 135.5	0
 136.5	1
 137.5	1
 138.5	1
 139.5	1
 140.5	4
 141.5	0
 142.5	0
 143.5	1
 144.5	1
 145.5	2
 146.5	0
 147.5	3
 148.5	2
 149.5	3
 150.5	1
 151.5	1.5
 152.5	0.5
 153.5	2
 154.5	1
 155.5	2
 156.5	1
 157.5	2
 158.5	1
 159.5	0
 160.5	2
 161.5	2
 162.5	2
 163.5	0
 164.5	2
 165.5	1
 166.5	1
 167.5	0
 168.5	0
 169.5	0
 170.5	1
 171.5	2
 172.5	2
 173.5	0
 174.5	1
 175.5	3
 176.5	1.5
 177.5	4.5
 178.5	1
 179.5	1
 180.5	4
 181.5	1
 182.5	1
 183.5	4
 184.5	2
 185.5	0
 186.5	4
 187.5	3
 188.5	2
 189.5	2
 190.5	3
 191.5	1
 192.5	0
 193.5	1
 194.5	1
 195.5	0
 196.5	1
 197.5	1
 198.5	1.5
 199.5	2.5
 200.5	2
 201.5	3
 202.5	3
 203.5	0
 204.5	0
 205.5	1
 206.5	0
 207.5	1
 208.5	1
 209.5	2
 210.5	0
 211.5	0
 212.5	2
DB 2 MOTIF	CTCFL_HUMAN.H11MO.0.A
-209.5	8
-208.5	10
-207.5	9
-206.5	9
-205.5	11
-204.5	10
-203.5	7
-202.5	6
-201.5	12
-200.5	9
-199.5	6
-198.5	8
-197.5	10
-196.5	16
-195.5	10
-194.5	8
-193.5	12
-192.5	11
-191.5	15
-190.5	8
-189.5	10
-188.5	14
-187.5	15
-186.5	19
-185.5	10
-184.5	11
-183.5	11
-182.5	13
-181.5	6
-180.5	9
-179.5	10
-178.5	14
-177.5	15
-176.5	10
-175.5	10
-174.5	10
-173.5	13.5
-172.5	13
-171.5	8
-170.5	6
-169.5	11
-168.5	12
-167.5	11
-166.5	12.5
-165.5	7
-164.5	11
-163.5	10
-162.5	10
-161.5	10
-160.5	8
-159.5	11
-158.5	14
-157.5	9
-156.5	10
-155.5	11
-154.5	11
-153.5	12
-152.5	17
-151.5	10
-150.5	10
-149.5	5
-148.5	10
-147.5	14
-146.5	12
-145.5	13
-144.5	9
-143.5	12.2
-142.5	8.5
-141.5	15
-140.5	15
-139.5	8
-138.5	13
-137.5	6
-136.5	14
-135.5	10
-134.5	9
-133.5	13
-132.5	7
-131.5	10
-130.5	9.5
-129.5	10
-128.5	10
-127.5	12
-126.5	17
-125.5	11
-124.5	9.5
-123.5	13
-122.5	16
-121.5	18
-120.5	15
-119.5	8
-118.5	6
-117.5	11
-116.5	12
-115.5	11
-114.5	16
-113.5	10
-112.5	12
-111.5	8
-110.5	10
-109.5	9
-108.5	9
-107.5	12
-106.5	11
-105.5	10
-104.5	9
-103.5	12
-102.5	10
-101.5	14
-100.5	14
 -99.5	14
 -98.5	18
 -97.5	9
 -96.5	16
 -95.5	18
 -94.5	10
 -93.5	16
 -92.5	15
 -91.5	17
 -90.5	8
 -89.5	8
 -88.5	9
 -87.5	15
 -86.5	13
 -85.5	17
 -84.5	12
 -83.5	14
 -82.5	16
 -81.5	18
 -80.5	11
 -79.5	14
 -78.5	17
 -77.5	13
 -76.5	15
 -75.5	29
 -74.5	11
 -73.5	8
 -72.5	12.2
 -71.5	14
 -70.5	13
 -69.5	18
 -68.5	13
 -67.5	10
 -66.5	13
 -65.5	14.5
 -64.5	7
 -63.5	15
 -62.5	12
 -61.5	14
 -60.5	17
 -59.5	15
 -58.5	8.5
 -57.5	13
 -56.5	17
 -55.5	17
 -54.5	16
 -53.5	13
 -52.5	16
 -51.5	11
 -50.5	13
 -49.5	7
 -48.5	8
 -47.5	16
 -46.5	8
 -45.5	18
 -44.5	11
 -43.5	15
 -42.5	14
 -41.5	14
 -40.5	8
 -39.5	18
 -38.5	16
 -37.5	10
 -36.5	22
 -35.5	14
 -34.5	19.5
 -33.5	18
 -32.5	20
 -31.5	10
 -30.5	19
 -29.5	13
 -28.5	12
 -27.5	11
 -26.5	17
 -25.5	10
 -24.5	14
 -23.5	11
 -22.5	16
 -21.5	15
 -20.5	19
 -19.5	17
 -18.5	28
 -17.5	16
 -16.5	13
 -15.5	8
 -14.5	22
 -13.5	11
 -12.5	19
 -11.5	13
 -10.5	18
  -9.5	19
  -8.5	13
  -7.5	15
  -6.5	20
  -5.5	14
  -4.5	15
  -3.5	10
  -2.5	23
  -1.5	8.2
  -0.5	15
   0.5	20
   1.5	13
   2.5	10
   3.5	25
   4.5	13
   5.5	17
   6.5	18
   7.5	17
   8.5	20
   9.5	20
  10.5	14.5
  11.5	21
  12.5	15
  13.5	19
  14.5	17
  15.5	12
  16.5	18
  17.5	16
  18.5	18
  19.5	19.5
  20.5	16.5
  21.5	13
  22.5	15
  23.5	13
  24.5	11
  25.5	13
  26.5	13
  27.5	13
  28.5	26.5
  29.5	9
  30.5	13
  31.5	15
  32.5	11
  33.5	15
  34.5	19
  35.5	12.5
  36.5	17
  37.5	20
  38.5	9
  39.5	14
  40.5	22
  41.5	9.5
  42.5	20
  43.5	16
  44.5	17
  45.5	16
  46.5	22
  47.5	15
  48.5	13
  49.5	14
  50.5	13
  51.5	12
  52.5	12
  53.5	12
  54.5	14.5
  55.5	6
  56.5	14
  57.5	14
  58.5	10
  59.5	19
  60.5	15
  61.5	18
  62.5	15
  63.5	20
  64.5	9
  65.5	15
  66.5	12
  67.5	14
  68.5	5
  69.5	16.2
  70.5	11.5
  71.5	15
  72.5	14
  73.5	14.5
  74.5	4
  75.5	16
  76.5	6
  77.5	6
  78.5	9
  79.5	19
  80.5	15
  81.5	10
  82.5	16
  83.5	15
  84.5	12.5
  85.5	9
  86.5	8
  87.5	15
  88.5	13
  89.5	16
  90.5	15
  91.5	12
  92.5	8
  93.5	12
  94.5	12
  95.5	9
  96.5	13
  97.5	11
  98.5	11
  99.5	8
 100.5	8
 101.5	16
 102.5	6
 103.5	9
 104.5	14
 105.5	11
 106.5	14
 107.5	12
 108.5	17
 109.5	11
 110.5	10
 111.5	15
 112.5	12
 113.5	10
 114.5	9
 115.5	13
 116.5	12
 117.5	9
 118.5	14
 119.5	12
 120.5	11
 121.5	7
 122.5	12
 123.5	11
 124.5	15
 125.5	16
 126.5	7
 127.5	8
 128.5	13
 129.5	9
 130.5	11
 131.5	15
 132.5	12
 133.5	12
 134.5	13
 135.5	11.5
 136.5	17
 137.5	10
 138.5	15
 139.5	10.5
 140.5	13.2
 141.5	16
 142.5	9
 143.5	10
 144.5	12
 145.5	7.5
 146.5	12
 147.5	11
 148.5	11
 149.5	16
 150.5	10
 151.5	12
 152.5	10
 153.5	15
 154.5	15
 155.5	14
 156.5	12
 157.5	8.5
 158.5	17
 159.5	11
 160.5	9
 161.5	9
 162.5	10
 163.5	9
 164.5	11
 165.5	6
 166.5	5
 167.5	7
 168.5	11
 169.5	10.5
 170.5	8.5
 171.5	8
 172.5	13
 173.5	13
 174.5	7
 175.5	6
 176.5	11
 177.5	13
 178.5	15
 179.5	8
 180.5	9
 181.5	6
 182.5	13
 183.5	7
 184.5	18
 185.5	12
 186.5	14
 187.5	14
 188.5	12
 189.5	13
 190.5	9.5
 191.5	6
 192.5	12
 193.5	11
 194.5	9
 195.5	18
 196.5	9.5
 197.5	12
 198.5	7
 199.5	10
 200.5	8
 201.5	7
 202.5	7
 203.5	9
 204.5	5
 205.5	8
 206.5	9
 207.5	9
 208.5	8
 209.5	12
DB 2 MOTIF	CTCF_HUMAN.H11MO.0.A
-208.5	4
-207.5	6
-206.5	1
-205.5	7
-204.5	6
-203.5	2
-202.5	8
-201.5	6
-200.5	9
-199.5	7
-198.5	5
-197.5	6
-196.5	3
-195.5	3
-194.5	6
-193.5	9
-192.5	11
-191.5	5
-190.5	2
-189.5	4
-188.5	12
-187.5	7
-186.5	6
-185.5	10
-184.5	4
-183.5	2
-182.5	7
-181.5	10
-180.5	3
-179.5	9
-178.5	10
-177.5	8
-176.5	3
-175.5	9
-174.5	8
-173.5	5
-172.5	7
-171.5	6
-170.5	8
-169.5	8
-168.5	7
-167.5	9
-166.5	8
-165.5	7
-164.5	2
-163.5	9
-162.5	8
-161.5	4
-160.5	9
-159.5	9
-158.5	8
-157.5	8
-156.5	8
-155.5	8
-154.5	12
-153.5	6
-152.5	3
-151.5	5
-150.5	6
-149.5	6
-148.5	5
-147.5	9
-146.5	5
-145.5	5
-144.5	6.2
-143.5	6
-142.5	10
-141.5	13
-140.5	7
-139.5	11
-138.5	2
-137.5	8
-136.5	5
-135.5	7
-134.5	9
-133.5	4
-132.5	10
-131.5	6
-130.5	9
-129.5	8
-128.5	4
-127.5	7
-126.5	9
-125.5	6
-124.5	7
-123.5	4
-122.5	3
-121.5	7
-120.5	9
-119.5	7
-118.5	5
-117.5	2
-116.5	8
-115.5	9
-114.5	6
-113.5	6
-112.5	0
-111.5	6
-110.5	11
-109.5	5
-108.5	4
-107.5	9
-106.5	4
-105.5	8
-104.5	15
-103.5	8
-102.5	7
-101.5	4
-100.5	9
 -99.5	10
 -98.5	8
 -97.5	8
 -96.5	13
 -95.5	6
 -94.5	6
 -93.5	10
 -92.5	12
 -91.5	5
 -90.5	5
 -89.5	4
 -88.5	6
 -87.5	7
 -86.5	6
 -85.5	10
 -84.5	3
 -83.5	16
 -82.5	8
 -81.5	8
 -80.5	9
 -79.5	10
 -78.5	8
 -77.5	9
 -76.5	12
 -75.5	4
 -74.5	6
 -73.5	10.2
 -72.5	5
 -71.5	8
 -70.5	14
 -69.5	6
 -68.5	8
 -67.5	12
 -66.5	8
 -65.5	5
 -64.5	5
 -63.5	6
 -62.5	14
 -61.5	10
 -60.5	10
 -59.5	7
 -58.5	10
 -57.5	6
 -56.5	11
 -55.5	13
 -54.5	10
 -53.5	12
 -52.5	12
 -51.5	8
 -50.5	7
 -49.5	4
 -48.5	9
 -47.5	7
 -46.5	8
 -45.5	9
 -44.5	9
 -43.5	4
 -42.5	9
 -41.5	10
 -40.5	11
 -39.5	9
 -38.5	11
 -37.5	6
 -36.5	5
 -35.5	11
 -34.5	11
 -33.5	10
 -32.5	7
 -31.5	8
 -30.5	7
 -29.5	10
 -28.5	6
 -27.5	9
 -26.5	5
 -25.5	10
 -24.5	10
 -23.5	12
 -22.5	6
 -21.5	10
 -20.5	9
 -19.5	9
 -18.5	14
 -17.5	18
 -16.5	7
 -15.5	14
 -14.5	9
 -13.5	8
 -12.5	9
 -11.5	7
 -10.5	9
  -9.5	9
  -8.5	12
  -7.5	8
  -6.5	10
  -5.5	6
  -4.5	9
  -3.5	13
  -2.5	10.2
  -1.5	9
  -0.5	14
   0.5	10
   1.5	9
   2.5	10
   3.5	9
   4.5	22
   5.5	7
   6.5	10
   7.5	13
   8.5	13
   9.5	8
  10.5	13
  11.5	10
  12.5	17
  13.5	13
  14.5	7
  15.5	8
  16.5	11
  17.5	12
  18.5	7
  19.5	12
  20.5	5
  21.5	16
  22.5	8
  23.5	5
  24.5	8
  25.5	11
  26.5	10
  27.5	9
  28.5	8
  29.5	11
  30.5	6
  31.5	8
  32.5	6
  33.5	14
  34.5	11
  35.5	13
  36.5	10
  37.5	11
  38.5	14
  39.5	15
  40.5	10
  41.5	9
  42.5	8
  43.5	11
  44.5	7
  45.5	16
  46.5	11
  47.5	12
  48.5	11
  49.5	4
  50.5	9
  51.5	7
  52.5	3
  53.5	8
  54.5	5
  55.5	15
  56.5	8
  57.5	7
  58.5	6
  59.5	10
  60.5	12
  61.5	12
  62.5	14
  63.5	8
  64.5	14
  65.5	6
  66.5	8
  67.5	9
  68.5	12.2
  69.5	7
  70.5	7
  71.5	8
  72.5	7
  73.5	6
  74.5	9
  75.5	0
  76.5	7
  77.5	7
  78.5	5
  79.5	7
  80.5	15
  81.5	10
  82.5	8
  83.5	4
  84.5	10
  85.5	7
  86.5	6
  87.5	5
  88.5	13
  89.5	10
  90.5	4
  91.5	9
  92.5	5
  93.5	4
  94.5	6
  95.5	11
  96.5	6
  97.5	7
  98.5	5
  99.5	7
 100.5	2
 101.5	6
 102.5	8
 103.5	4
 104.5	5
 105.5	4
 106.5	11
 107.5	8
 108.5	10
 109.5	7
 110.5	11
 111.5	5
 112.5	9
 113.5	11
 114.5	6
 115.5	7
 116.5	4
 117.5	8
 118.5	11
 119.5	7
 120.5	9
 121.5	7
 122.5	6
 123.5	9
 124.5	3
 125.5	6
 126.5	9
 127.5	12
 128.5	6
 129.5	4
 130.5	3
 131.5	9
 132.5	5
 133.5	7
 134.5	6
 135.5	8
 136.5	3
 137.5	6
 138.5	7
 139.5	10.2
 140.5	6
 141.5	4
 142.5	6
 143.5	4
 144.5	7
 145.5	3
 146.5	4
 147.5	9
 148.5	4
 149.5	7
 150.5	7
 151.5	8
 152.5	8
 153.5	5
 154.5	12
 155.5	5
 156.5	9
 157.5	7
 158.5	5
 159.5	8
 160.5	7
 161.5	5
 162.5	4
 163.5	6
 164.5	8
 165.5	9
 166.5	4
 167.5	8
 168.5	4
 169.5	6
 170.5	5
 171.5	2
 172.5	7
 173.5	4
 174.5	8
 175.5	5
 176.5	6
 177.5	4
 178.5	2
 179.5	14
 180.5	4
 181.5	5
 182.5	5
 183.5	11
 184.5	7
 185.5	7
 186.5	12
 187.5	8
 188.5	8
 189.5	6
 190.5	2
 191.5	5
 192.5	4
 193.5	4
 194.5	8
 195.5	8
 196.5	8
 197.5	4
 198.5	5
 199.5	8
 200.5	7
 201.5	8
 202.5	7
 203.5	2
 204.5	5
 205.5	6
 206.5	8
 207.5	6
 208.5	4
DB 2 MOTIF	E2F2_HUMAN.H11MO.0.B
-213.0	13
-212.0	12.5
-211.0	11
-210.0	8
-209.0	18
-208.0	9.5
-207.0	18
-206.0	9
-205.0	7
-204.0	15
-203.0	18
-202.0	13
-201.0	11
-200.0	12
-199.0	7
-198.0	14
-197.0	21
-196.0	11
-195.0	16
-194.0	9
-193.0	12
-192.0	9
-191.0	15
-190.0	8
-189.0	11.5
-188.0	3
-187.0	13
-186.0	10
-185.0	10
-184.0	6
-183.0	17
-182.0	13
-181.0	8
-180.0	10.5
-179.0	13
-178.0	14.5
-177.0	17
-176.0	8
-175.0	14
-174.0	11.5
-173.0	14
-172.0	18.5
-171.0	10.5
-170.0	9
-169.0	11
-168.0	10
-167.0	11
-166.0	14
-165.0	10
-164.0	10
-163.0	11
-162.0	7
-161.0	11
-160.0	16.5
-159.0	12
-158.0	9.5
-157.0	12
-156.0	9
-155.0	8
-154.0	10.2
-153.0	15
-152.0	15
-151.0	14
-150.0	11
-149.0	21
-148.0	7
-147.0	12
-146.0	11
-145.0	11
-144.0	12
-143.0	8
-142.0	11
-141.0	9
-140.0	16
-139.0	13
-138.0	12.8333
-137.0	8
-136.0	11
-135.0	13
-134.0	9.5
-133.0	6
-132.0	11
-131.0	17
-130.0	12
-129.0	6
-128.0	13.5
-127.0	10.5
-126.0	13
-125.0	14
-124.0	18
-123.0	17
-122.0	14
-121.0	14
-120.0	14
-119.0	10
-118.0	12
-117.0	9
-116.0	13
-115.0	11
-114.0	15
-113.0	7.5
-112.0	11
-111.0	17
-110.0	15
-109.0	14
-108.0	16
-107.0	9
-106.0	16
-105.0	7
-104.0	11.5
-103.0	12
-102.0	9
-101.0	8
-100.0	14
 -99.0	13.8333
 -98.0	12
 -97.0	10
 -96.0	10
 -95.0	8
 -94.0	7
 -93.0	10
 -92.0	11.5
 -91.0	9.5
 -90.0	15
 -89.0	9
 -88.0	15
 -87.0	11
 -86.0	15
 -85.0	9.5
 -84.0	19
 -83.0	12.2
 -82.0	20.5
 -81.0	17
 -80.0	17.5
 -79.0	14
 -78.0	14
 -77.0	11
 -76.0	13
 -75.0	10
 -74.0	11.5
 -73.0	15
 -72.0	12
 -71.0	24
 -70.0	13
 -69.0	9
 -68.0	8
 -67.0	16
 -66.0	18
 -65.0	14
 -64.0	16
 -63.0	12
 -62.0	13
 -61.0	13.5
 -60.0	10
 -59.0	19
 -58.0	15.75
 -57.0	12.5
 -56.0	10
 -55.0	14
 -54.0	14
 -53.0	14
 -52.0	13
 -51.0	16
 -50.0	12
 -49.0	8
 -48.0	13
 -47.0	8
 -46.0	17
 -45.0	16.5
 -44.0	15
 -43.0	18
 -42.0	13
 -41.0	11
 -40.0	17
 -39.0	11
 -38.0	14
 -37.0	11
 -36.0	17
 -35.0	19
 -34.0	12
 -33.0	15
 -32.0	14
 -31.0	11
 -30.0	17.5
 -29.0	12
 -28.0	16
 -27.0	14
 -26.0	8
 -25.0	6
 -24.0	14
 -23.0	13
 -22.0	10
 -21.0	9
 -20.0	9
 -19.0	13
 -18.0	9
 -17.0	11
 -16.0	17
 -15.0	12
 -14.0	15
 -13.0	13
 -12.0	15.2
 -11.0	18
 -10.0	20
  -9.0	21
  -8.0	9
  -7.0	15
  -6.0	15
  -5.0	13
  -4.0	15
  -3.0	13
  -2.0	19
  -1.0	18.5
   0.0	16
   1.0	12
   2.0	17
   3.0	21
   4.0	17.5
   5.0	16
   6.0	16
   7.0	13
   8.0	15.5
   9.0	11.8333
  10.0	18
  11.0	12.25
  12.0	17
  13.0	10.5
  14.0	7
  15.0	15
  16.0	10.5
  17.0	19
  18.0	11.3333
  19.0	19
  20.0	9
  21.0	9
  22.0	16
  23.0	13
  24.0	13
  25.0	13
  26.0	14
  27.0	17.8333
  28.0	21.5
  29.0	12
  30.0	16
  31.0	17
  32.0	10
  33.0	23
  34.0	9.5
  35.0	6.5
  36.0	16
  37.0	15
  38.0	10
  39.0	18
  40.0	9
  41.0	11
  42.0	9
  43.0	17
  44.0	14
  45.0	16.5
  46.0	8.25
  47.0	10
  48.0	17
  49.0	9
  50.0	9
  51.0	11
  52.0	16.8333
  53.0	11
  54.0	18.5
  55.0	20
  56.0	18
  57.0	18
  58.0	13
  59.0	11.2
  60.0	10
  61.0	13
  62.0	13
  63.0	14
  64.0	9
  65.0	7
  66.0	14.5
  67.0	12
  68.0	14
  69.0	15
  70.0	13
  71.0	15
  72.0	16.5
  73.0	17.5
  74.0	10
  75.0	19
  76.0	6
  77.0	12.5
  78.0	12
  79.0	14.5
  80.0	14
  81.0	10
  82.0	13
  83.0	9
  84.0	11
  85.0	12
  86.0	9
  87.0	18
  88.0	15
  89.0	11
  90.0	6
  91.0	15
  92.0	8.5
  93.0	8
  94.0	13
  95.0	11
  96.0	12.5
  97.0	10
  98.0	16
  99.0	12
 100.0	15
 101.0	11.5
 102.0	16
 103.0	11.5
 104.0	12
 105.0	15
 106.0	11
 107.0	11
 108.0	12
 109.0	12.5
 110.0	14.5
 111.0	12
 112.0	11
 113.0	14
 114.0	15
 115.0	16
 116.0	13
 117.0	11
 118.0	12
 119.0	12
 120.0	14
 121.0	19
 122.0	15
 123.0	10.5
 124.0	11
 125.0	13.25
 126.0	11
 127.0	12
 128.0	6
 129.0	14.5
 130.0	8
 131.0	12
 132.0	9
 133.0	11.3333
 134.0	9
 135.0	13
 136.0	11.5
 137.0	11.5
 138.0	12
 139.0	10
 140.0	8
 141.0	12
 142.0	16
 143.0	10
 144.0	16.25
 145.0	8
 146.0	13.5
 147.0	8.33333
 148.0	12
 149.0	11
 150.0	8
 151.0	11.25
 152.0	13
 153.0	14.5
 154.0	9.5
 155.0	14
 156.0	15.5
 157.0	11.5
 158.0	11
 159.0	12
 160.0	15
 161.0	8
 162.0	11
 163.0	6
 164.0	11
 165.0	12.3333
 166.0	5
 167.0	16
 168.0	7
 169.0	11
 170.0	4
 171.0	13
 172.0	10
 173.0	4.5
 174.0	9
 175.0	14
 176.0	13.5
 177.0	10
 178.0	10.25
 179.0	10
 180.0	12.5
 181.0	12
 182.0	14
 183.0	14.3333
 184.0	11
 185.0	8
 186.0	14
 187.0	6.33333
 188.0	8.5
 189.0	20
 190.0	10
 191.0	9
 192.0	6
 193.0	17
 194.0	11
 195.0	9.5
 196.0	13
 197.0	13
 198.0	5
 199.0	9
 200.0	11
 201.0	15.5333
 202.0	14
 203.0	9
 204.0	9
 205.0	14
 206.0	7
 207.0	15.75
 208.0	13
 209.0	7
 210.0	10
 211.0	12
 212.0	9.5
 213.0	13
DB 2 MOTIF	EGR4_HUMAN.H11MO.0.D
-212.5	19.5
-211.5	11.1429
-210.5	13.5
-209.5	13.5
-208.5	15.8095
-207.5	17
-206.5	17
-205.5	15.4762
-204.5	17.3333
-203.5	15
-202.5	10.6429
-201.5	15.25
-200.5	16
-199.5	9.64286
-198.5	8.25
-197.5	20
-196.5	19.3429
-195.5	14.25
-194.5	9.5
-193.5	21.3429
-192.5	18.75
-191.5	16.5
-190.5	18.2
-189.5	7
-188.5	19
-187.5	13.5
-186.5	12
-185.5	17.5
-184.5	12.5
-183.5	11.5
-182.5	15.5
-181.5	9
-180.5	13.5
-179.5	14
-178.5	14
-177.5	13.3333
-176.5	16.3333
-175.5	15.5
-174.5	7
-173.5	19
-172.5	16.5
-171.5	18.5
-170.5	19.5
-169.5	17
-168.5	9
-167.5	14
-166.5	13
-165.5	14.5
-164.5	15.5
-163.5	13.5
-162.5	12
-161.5	21
-160.5	12.3333
-159.5	11
-158.5	14.3333
-157.5	16.8333
-156.5	13.4167
-155.5	13.5
-154.5	13.8333
-153.5	14
-152.5	13.8333
-151.5	15
-150.5	17
-149.5	13.5
-148.5	17.5
-147.5	15.5
-146.5	19
-145.5	14
-144.5	17.1667
-143.5	12
-142.5	12.5
-141.5	14
-140.5	9
-139.5	21.5
-138.5	17
-137.5	8
-136.5	10.5
-135.5	17.5
-134.5	16.5
-133.5	18.5
-132.5	13
-131.5	11
-130.5	12.8333
-129.5	16
-128.5	19.1429
-127.5	12.1667
-126.5	14.2
-125.5	16.9762
-124.5	11.3333
-123.5	17.3333
-122.5	20.3095
-121.5	15
-120.5	20.3333
-119.5	10.6429
-118.5	7
-117.5	12.3333
-116.5	17.9762
-115.5	13
-114.5	9
-113.5	14.6429
-112.5	12.5
-111.5	18
-110.5	14.1429
-109.5	12
-108.5	24.7
-107.5	11
-106.5	10
-105.5	12.2
-104.5	15
-103.5	20
-102.5	8.2
-101.5	15.3333
-100.5	14.5
 -99.5	13.7
 -98.5	20.1667
 -97.5	11.3333
 -96.5	12.2
 -95.5	10.3333
 -94.5	16.8333
 -93.5	13.5
 -92.5	18.8333
 -91.5	14.8333
 -90.5	3.5
 -89.5	13
 -88.5	15.5
 -87.5	8.33333
 -86.5	11
 -85.5	17
 -84.5	13.5
 -83.5	13
 -82.5	7
 -81.5	19.5
 -80.5	9.5
 -79.5	14
 -78.5	17
 -77.5	9.5
 -76.5	16.5
 -75.5	19
 -74.5	23
 -73.5	19.5833
 -72.5	13
 -71.5	11
 -70.5	10.25
 -69.5	20.5
 -68.5	14
 -67.5	12.0833
 -66.5	17
 -65.5	11
 -64.5	19.8333
 -63.5	17
 -62.5	8
 -61.5	13.8333
 -60.5	19.5
 -59.5	19.5
 -58.5	12
 -57.5	17.5
 -56.5	12.8333
 -55.5	17
 -54.5	9
 -53.5	13
 -52.5	14.25
 -51.5	11.3333
 -50.5	13
 -49.5	16.3333
 -48.5	15.8333
 -47.5	17.5
 -46.5	11.3333
 -45.5	22
 -44.5	16
 -43.5	17.3333
 -42.5	15
 -41.5	15.5
 -40.5	11.5
 -39.5	19
 -38.5	13.5
 -37.5	15
 -36.5	17.5
 -35.5	14
 -34.5	18.5
 -33.5	14.5
 -32.5	26.8333
 -31.5	10
 -30.5	22.25
 -29.5	16.1667
 -28.5	12
 -27.5	22
 -26.5	10.5
 -25.5	17.3333
 -24.5	13.5
 -23.5	15.5
 -22.5	22
 -21.5	14
 -20.5	18.125
 -19.5	19
 -18.5	10
 -17.5	16.125
 -16.5	14
 -15.5	15
 -14.5	15.325
 -13.5	13
 -12.5	14
 -11.5	19.325
 -10.5	11
  -9.5	18.5
  -8.5	15.325
  -7.5	20.3333
  -6.5	21.5
  -5.5	12.325
  -4.5	13.25
  -3.5	25
  -2.5	10.6583
  -1.5	16.25
  -0.5	10.5
   0.5	14.2917
   1.5	22.5833
   2.5	24.125
   3.5	23.3333
   4.5	15.75
   5.5	15.125
   6.5	17.8333
   7.5	12.5
   8.5	15.625
   9.5	20.3333
  10.5	22
  11.5	23.625
  12.5	20.3333
  13.5	13
  14.5	14.8333
  15.5	15
  16.5	20.5
  17.5	13.6667
  18.5	15
  19.5	13.5
  20.5	7.83333
  21.5	14
  22.5	14.75
  23.5	16.8333
  24.5	16.5
  25.5	18
  26.5	15.625
  27.5	15
  28.5	14.5
  29.5	14.125
  30.5	11.5
  31.5	12
  32.5	19.4583
  33.5	11
  34.5	18
  35.5	19.125
  36.5	19.5
  37.5	19
  38.5	23
  39.5	13
  40.5	12.5
  41.5	17.5
  42.5	13.3333
  43.5	16
  44.5	14
  45.5	11
  46.5	13.8333
  47.5	17
  48.5	22
  49.5	17.3333
  50.5	12.25
  51.5	14.5
  52.5	12.3333
  53.5	12.95
  54.5	11.5
  55.5	23
  56.5	12.1167
  57.5	15.5
  58.5	13
  59.5	9.36667
  60.5	15
  61.5	21.5
  62.5	18.3667
  63.5	12
  64.5	20
  65.5	12.1667
  66.5	11.5
  67.5	27.25
  68.5	13.1667
  69.5	19.5
  70.5	17.75
  71.5	15.1667
  72.5	9.5
  73.5	14.5833
  74.5	11
  75.5	22
  76.5	24.75
  77.5	13.5
  78.5	13
  79.5	13.5
  80.5	13
  81.5	8.5
  82.5	14.5
  83.5	9
  84.5	10.5
  85.5	22.5
  86.5	19.125
  87.5	7
  88.5	17
  89.5	14
  90.5	18.5
  91.5	11
  92.5	9.5
  93.5	14
  94.5	12.2
  95.5	19
  96.5	12.5
  97.5	11
  98.5	17.8333
  99.5	12.5
 100.5	21.125
 101.5	13.3333
 102.5	15.5
 103.5	16.75
 104.5	13.3333
 105.5	20
 106.5	11
 107.5	11.3333
 108.5	19.5
 109.5	10.8333
 110.5	15
 111.5	11.5
 112.5	10.3333
 113.5	15
 114.5	15.125
 115.5	11
 116.5	18.5
 117.5	12.5
 118.5	15.8333
 119.5	24
 120.5	15.8333
 121.5	10.5
 122.5	11.8333
 123.5	16.8333
 124.5	10.5
 125.5	12.5
 126.5	12.0333
 127.5	6
 128.5	12.125
 129.5	18
 130.5	13.8333
 131.5	19.2
 132.5	10.8333
 133.5	8.66667
 134.5	11
 135.5	15.5
 136.5	14.8667
 137.5	18
 138.5	14.3333
 139.5	14.6667
 140.5	15.5
 141.5	13.2
 142.5	19.2917
 143.5	12.5
 144.5	22.3333
 145.5	14.1667
 146.5	2.7
 147.5	9.86667
 148.5	13.6667
 149.5	11
 150.5	9.33333
 151.5	7
 152.5	14
 153.5	18.1667
 154.5	12
 155.5	15.5
 156.5	17.9583
 157.5	8.33333
 158.5	14
 159.5	19.5
 160.5	10
 161.5	14
 162.5	7.83333
 163.5	13.1667
 164.5	10
 165.5	9
 166.5	12.8333
 167.5	11
 168.5	16.5
 169.5	20.8333
 170.5	14.1667
 171.5	8
 172.5	13
 173.5	12.5
 174.5	10.5
 175.5	15.5
 176.5	13
 177.5	10
 178.5	8.5
 179.5	14
 180.5	18.5
 181.5	19.3333
 182.5	16
 183.5	10.5
 184.5	13.25
 185.5	16.5
 186.5	13.3333
 187.5	11.25
 188.5	15.5
 189.5	14
 190.5	10.75
 191.5	19.1667
 192.5	12
 193.5	13.5833
 194.5	18
 195.5	21
 196.5	8
 197.5	13
 198.5	15.25
 199.5	11
 200.5	23
 201.5	13.5
 202.5	10.3333
 203.5	20.8333
 204.5	12.3333
 205.5	11
 206.5	16.3333
 207.5	15.875
 208.5	15.3333
 209.5	6.83333
 210.5	15.5833
 211.5	14
 212.5	14.9583
DB 2 MOTIF	HEY2_HUMAN.H11MO.0.D
-209.5	6
-208.5	6
-207.5	8
-206.5	7
-205.5	13
-204.5	11
-203.5	7
-202.5	10
-201.5	5
-200.5	3
-199.5	7
-198.5	11
-197.5	10
-196.5	12
-195.5	14
-194.5	9
-193.5	10
-192.5	9
-191.5	8
-190.5	10
-189.5	10
-188.5	5
-187.5	12
-186.5	5
-185.5	12
-184.5	12
-183.5	9
-182.5	7
-181.5	9
-180.5	11
-179.5	7
-178.5	5
-177.5	12
-176.5	7
-175.5	7
-174.5	10
-173.5	10
-172.5	11
-171.5	9
-170.5	10
-169.5	7
-168.5	8
-167.5	10
-166.5	12
-165.5	6
-164.5	14
-163.5	14
-162.5	4
-161.5	6
-160.5	12
-159.5	9
-158.5	8
-157.5	12
-156.5	10
-155.5	8
-154.5	10
-153.5	12
-152.5	10
-151.5	8
-150.5	8
-149.5	9
-148.5	11
-147.5	7
-146.5	10
-145.5	10
-144.5	5
-143.5	9
-142.5	11
-141.5	5
-140.5	8
-139.5	6
-138.5	5
-137.5	6
-136.5	9
-135.5	11
-134.5	2
-133.5	11
-132.5	6
-131.5	10
-130.5	4
-129.5	10
-128.5	13
-127.5	10
-126.5	11
-125.5	4
-124.5	7
-123.5	9
-122.5	4
-121.5	8
-120.5	12
-119.5	6
-118.5	11
-117.5	10
-116.5	10
-115.5	10
-114.5	10
-113.5	10
-112.5	10
-111.5	14
-110.5	7
-109.5	6
-108.5	7
-107.5	6
-106.5	7
-105.5	6
-104.5	6
-103.5	11
-102.5	10
-101.5	10
-100.5	10
 -99.5	9
 -98.5	7
 -97.5	8.5
 -96.5	16
 -95.5	8
 -94.5	12
 -93.5	10
 -92.5	11.5
 -91.5	2
 -90.5	18
 -89.5	8
 -88.5	10
 -87.5	8
 -86.5	4
 -85.5	11.5
 -84.5	6
 -83.5	11
 -82.5	12
 -81.5	9
 -80.5	16
 -79.5	9
 -78.5	10
 -77.5	4
 -76.5	7
 -75.5	6
 -74.5	7
 -73.5	23
 -72.5	8
 -71.5	12
 -70.5	10
 -69.5	10
 -68.5	11
 -67.5	14
 -66.5	8
 -65.5	11
 -64.5	4
 -63.5	5
 -62.5	7
 -61.5	12
 -60.5	6
 -59.5	6
 -58.5	6
 -57.5	16
 -56.5	13
 -55.5	9
 -54.5	7
 -53.5	7
 -52.5	9
 -51.5	7
 -50.5	10
 -49.5	9
 -48.5	12
 -47.5	6
 -46.5	8
 -45.5	14
 -44.5	3
 -43.5	14.5
 -42.5	7
 -41.5	7
 -40.5	11
 -39.5	9.5
 -38.5	16
 -37.5	12
 -36.5	5
 -35.5	8
 -34.5	10
 -33.5	14
 -32.5	9
 -31.5	8
 -30.5	8
 -29.5	11
 -28.5	11.3333
 -27.5	13
 -26.5	10
 -25.5	8
 -24.5	11
 -23.5	9
 -22.5	10
 -21.5	9
 -20.5	15
 -19.5	9
 -18.5	7.33333
 -17.5	10
 -16.5	12
 -15.5	11
 -14.5	11
 -13.5	10
 -12.5	6
 -11.5	13
 -10.5	11
  -9.5	11
  -8.5	7
  -7.5	9.5
  -6.5	6
  -5.5	12
  -4.5	8
  -3.5	13
  -2.5	20
  -1.5	11
  -0.5	9
   0.5	14
   1.5	9
   2.5	12
   3.5	11
   4.5	14
   5.5	15
   6.5	9
   7.5	8
   8.5	8
   9.5	13
  10.5	14
  11.5	10
  12.5	7
  13.5	13
  14.5	10
  15.5	15
  16.5	6
  17.5	13
  18.5	14
  19.5	9
  20.5	16
  21.5	18
  22.5	11
  23.5	6
  24.5	9
  25.5	13
  26.5	10
  27.5	10
  28.5	18
  29.5	12
  30.5	5
  31.5	10
  32.5	13
  33.5	6
  34.5	10
  35.5	13
  36.5	15
  37.5	8
  38.5	8.5
  39.5	8
  40.5	8
  41.5	10
  42.5	13
  43.5	9
  44.5	12
  45.5	10
  46.5	5
  47.5	17
  48.5	14
  49.5	19
  50.5	12
  51.5	10
  52.5	11
  53.5	3
  54.5	16
  55.5	7
  56.5	11
  57.5	9
  58.5	8
  59.5	13
  60.5	8
  61.5	10
  62.5	13
  63.5	12
  64.5	14
  65.5	10
  66.5	9
  67.5	10
  68.5	13.5
  69.5	6
  70.5	10
  71.5	12
  72.5	14
  73.5	7
  74.5	3.33333
  75.5	11
  76.5	9
  77.5	12
  78.5	7
  79.5	7
  80.5	11
  81.5	15
  82.5	10
  83.5	7
  84.5	5
  85.5	10
  86.5	10
  87.5	5
  88.5	4
  89.5	10
  90.5	7
  91.5	15
  92.5	13
  93.5	7
  94.5	7
  95.5	6
  96.5	8
  97.5	7
  98.5	12
  99.5	5
 100.5	7
 101.5	13
 102.5	16
 103.5	10
 104.5	8
 105.5	11
 106.5	11
 107.5	13
 108.5	6
 109.5	7
 110.5	9
 111.5	1.5
 112.5	7
 113.5	13
 114.5	7
 115.5	13
 116.5	11
 117.5	10
 118.5	8
 119.5	10
 120.5	6
 121.5	9
 122.5	14
 123.5	12
 124.5	10
 125.5	8
 126.5	13
 127.5	3
 128.5	8
 129.5	16
 130.5	9
 131.5	12
 132.5	10
 133.5	11
 134.5	9
 135.5	10
 136.5	13
 137.5	6
 138.5	6
 139.5	7
 140.5	11
 141.5	6
 142.5	7
 143.5	6
 144.5	9
 145.5	8
 146.5	6
 147.5	8
 148.5	10.5
 149.5	8
 150.5	6
 151.5	12
 152.5	8
 153.5	13
 154.5	8
 155.5	5
 156.5	11
 157.5	12
 158.5	10
 159.5	8
 160.5	11
 161.5	7
 162.5	3
 163.5	6
 164.5	6
 165.5	4
 166.5	10
 167.5	8
 168.5	14
 169.5	10
 170.5	8
 171.5	5
 172.5	7
 173.5	14
 174.5	11
 175.5	16
 176.5	10
 177.5	12
 178.5	11
 179.5	5
 180.5	6
 181.5	10
 182.5	2
 183.5	12
 184.5	4
 185.5	6
 186.5	9
 187.5	6
 188.5	9
 189.5	11
 190.5	12
 191.5	6
 192.5	6
 193.5	9
 194.5	6
 195.5	14
 196.5	7
 197.5	8
 198.5	5
 199.5	10
 200.5	6
 201.5	7
 202.5	8
 203.5	3
 204.5	1
 205.5	9
 206.5	14
 207.5	3
 208.5	6
 209.5	9
DB 2 MOTIF	MBD2_HUMAN.H11MO.0.B
-212.5	14
-211.5	15.5
-210.5	13
-209.5	17
-208.5	12
-207.5	10.5
-206.5	9.5
-205.5	12.5
-204.5	9.5
-203.5	13.25
-202.5	7.5
-201.5	14
-200.5	15
-199.5	10.5
-198.5	8.5
-197.5	7
-196.5	8
-195.5	13
-194.5	14.5
-193.5	7
-192.5	21
-191.5	9
-190.5	12.5
-189.5	9
-188.5	17
-187.5	13.5
-186.5	14
-185.5	13
-184.5	7.5
-183.5	10
-182.5	11.5
-181.5	14
-180.5	18.5
-179.5	11
-178.5	15.5
-177.5	12
-176.5	16
-175.5	13.5
-174.5	12.5
-173.5	9
-172.5	12
-171.5	11
-170.5	18
-169.5	12
-168.5	8.5
-167.5	18.5
-166.5	21
-165.5	6
-164.5	13
-163.5	17.5
-162.5	15
-161.5	8
-160.5	12
-159.5	12
-158.5	16
-157.5	23
-156.5	12
-155.5	16
-154.5	13
-153.5	15.5
-152.5	13
-151.5	9
-150.5	12.5
-149.5	15.5
-148.5	10.5
-147.5	10
-146.5	8
-145.5	14
-144.5	15
-143.5	21
-142.5	16.5
-141.5	13
-140.5	9
-139.5	12.6667
-138.5	12
-137.5	21
-136.5	9.5
-135.5	17
-134.5	17.5
-133.5	15
-132.5	32.5
-131.5	12
-130.5	12
-129.5	14.25
-128.5	12
-127.5	15
-126.5	15
-125.5	13.5
-124.5	11.5
-123.5	17.5
-122.5	13.5
-121.5	10.6667
-120.5	17
-119.5	5.5
-118.5	15.5
-117.5	17.5
-116.5	24.5
-115.5	7
-114.5	13
-113.5	18
-112.5	8
-111.5	10
-110.5	10
-109.5	16
-108.5	16
-107.5	19
-106.5	13
-105.5	13
-104.5	10
-103.5	17.5
-102.5	14
-101.5	8
-100.5	18
 -99.5	15
 -98.5	11.5
 -97.5	14.5
 -96.5	10
 -95.5	15.5
 -94.5	10.5
 -93.5	19
 -92.5	12
 -91.5	20
 -90.5	15
 -89.5	15.5
 -88.5	17
 -87.5	18
 -86.5	9
 -85.5	16.5
 -84.5	9
 -83.5	15
 -82.5	15.5
 -81.5	15
 -80.5	21
 -79.5	12
 -78.5	4
 -77.5	24
 -76.5	20.25
 -75.5	10.5
 -74.5	12
 -73.5	18
 -72.5	8.5
 -71.5	8
 -70.5	18
 -69.5	12.5
 -68.5	16.5
 -67.5	17
 -66.5	14.5
 -65.5	13.5
 -64.5	14
 -63.5	18.5
 -62.5	19
 -61.5	16.5
 -60.5	13
 -59.5	16.3333
 -58.5	14.5
 -57.5	10
 -56.5	21
 -55.5	17.25
 -54.5	14.5
 -53.5	12.8333
 -52.5	13
 -51.5	9.5
 -50.5	19.5
 -49.5	24.5
 -48.5	14
 -47.5	20.3333
 -46.5	19
 -45.5	14
 -44.5	12
 -43.5	16
 -42.5	23.2
 -41.5	14
 -40.5	15
 -39.5	18
 -38.5	17
 -37.5	17.5
 -36.5	14.5
 -35.5	23
 -34.5	12
 -33.5	12
 -32.5	14.5
 -31.5	15.5
 -30.5	10
 -29.5	13.5
 -28.5	11
 -27.5	16.5
 -26.5	13
 -25.5	14.5
 -24.5	20
 -23.5	14.2
 -22.5	16.5
 -21.5	14.5
 -20.5	13
 -19.5	20.5
 -18.5	15
 -17.5	12.5
 -16.5	15
 -15.5	21
 -14.5	23
 -13.5	29
 -12.5	19
 -11.5	16.5
 -10.5	19
  -9.5	12.5
  -8.5	22.5
  -7.5	19.1667
  -6.5	17.5
  -5.5	20
  -4.5	27.2
  -3.5	28
  -2.5	13.25
  -1.5	23.5
  -0.5	18.5
   0.5	16
   1.5	20.5
   2.5	15.5
   3.5	12.5
   4.5	26.5
   5.5	17.5
   6.5	18
   7.5	23.6667
   8.5	19
   9.5	19.5
  10.5	21
  11.5	20
  12.5	12
  13.5	12
  14.5	22.2
  15.5	17
  16.5	23
  17.5	20.5
  18.5	16.5
  19.5	22.5
  20.5	13.25
  21.5	19.5
  22.5	23
  23.5	15.5
  24.5	20
  25.5	17
  26.5	15
  27.5	16.5
  28.5	11.5
  29.5	13
  30.5	17
  31.5	27
  32.5	21
  33.5	13.2
  34.5	22
  35.5	23
  36.5	14.5
  37.5	14
  38.5	18
  39.5	18.5
  40.5	16.5
  41.5	14
  42.5	18
  43.5	22
  44.5	18
  45.5	14
  46.5	21
  47.5	9.5
  48.5	17
  49.5	16
  50.5	19
  51.5	24
  52.5	19.5
  53.5	13
  54.5	12.5
  55.5	14
  56.5	22
  57.5	14
  58.5	22
  59.5	14.5
  60.5	16.5
  61.5	19.5
  62.5	23
  63.5	17.5
  64.5	18.5
  65.5	26.5
  66.5	16
  67.5	15
  68.5	10
  69.5	12
  70.5	8.16667
  71.5	24.75
  72.5	14
  73.5	16
  74.5	10
  75.5	11
  76.5	15
  77.5	20
  78.5	10
  79.5	15
  80.5	17.5
  81.5	12
  82.5	19
  83.5	14
  84.5	13
  85.5	7.16667
  86.5	9
  87.5	7
  88.5	11.5
  89.5	14
  90.5	12.5
  91.5	12.5
  92.5	16
  93.5	19.5
  94.5	19
  95.5	15.5
  96.5	10.5
  97.5	18.8333
  98.5	12
  99.5	10.5
 100.5	7
 101.5	22
 102.5	9
 103.5	11.5
 104.5	14
 105.5	15
 106.5	15
 107.5	16
 108.5	12.5
 109.5	14
 110.5	14
 111.5	13.5
 112.5	17.5
 113.5	13
 114.5	19
 115.5	12
 116.5	18
 117.5	26.5
 118.5	18
 119.5	14.5
 120.5	14
 121.5	15
 122.5	10
 123.5	13
 124.5	15.3333
 125.5	13.5
 126.5	10.5
 127.5	4.5
 128.5	10.5
 129.5	17
 130.5	11
 131.5	18.5
 132.5	13
 133.5	6
 134.5	12.5
 135.5	11.5
 136.5	13.5
 137.5	12
 138.5	13
 139.5	9
 140.5	15
 141.5	16.5
 142.5	15
 143.5	14.5
 144.5	12.6667
 145.5	16.25
 146.5	10.5
 147.5	5
 148.5	16.5
 149.5	7.5
 150.5	18.5
 151.5	11
 152.5	16.5
 153.5	12
 154.5	20
 155.5	8
 156.5	18.5
 157.5	9.5
 158.5	6
 159.5	7
 160.5	11
 161.5	12
 162.5	8
 163.5	15.5
 164.5	6.83333
 165.5	10.8333
 166.5	11
 167.5	8.5
 168.5	16.3333
 169.5	14
 170.5	12.5
 171.5	17
 172.5	14.3333
 173.5	13
 174.5	15.5
 175.5	15
 176.5	10
 177.5	18
 178.5	12.5
 179.5	10.3333
 180.5	9.5
 181.5	14
 182.5	15
 183.5	13
 184.5	15
 185.5	12.5
 186.5	17
 187.5	12
 188.5	10
 189.5	10
 190.5	17
 191.5	21
 192.5	10.5
 193.5	12
 194.5	8.5
 195.5	7
 196.5	12
 197.5	15
 198.5	12
 199.5	17
 200.5	7
 201.5	13.5
 202.5	13.5
 203.5	8.5
 204.5	12
 205.5	20
 206.5	9.5
 207.5	15
 208.5	7.5
 209.5	12
 210.5	5
 211.5	9.5
 212.5	9.5
DB 2 MOTIF	MECP2_HUMAN.H11MO.0.C
-214.5	8
-213.5	11.75
-212.5	13.3333
-211.5	15.3333
-210.5	11.1667
-209.5	14.9167
-208.5	12.4167
-207.5	10.3333
-206.5	17.8333
-205.5	12.75
-204.5	20.6667
-203.5	11.5
-202.5	18.0833
-201.5	13.6667
-200.5	10.6667
-199.5	16
-198.5	16
-197.5	11
-196.5	7.41667
-195.5	14.25
-194.5	11
-193.5	22.5
-192.5	17.1667
-191.5	17.8667
-190.5	17.5
-189.5	14.6667
-188.5	13.1667
-187.5	10.5833
-186.5	12.0833
-185.5	14.7833
-184.5	13
-183.5	10.8333
-182.5	16.8333
-181.5	12.1667
-180.5	15.8333
-179.5	4.53333
-178.5	11.5
-177.5	15.8333
-176.5	19.8333
-175.5	18.0833
-174.5	13.75
-173.5	8.83333
-172.5	14.6667
-171.5	13.3333
-170.5	11.1667
-169.5	13.6667
-168.5	15.4167
-167.5	14.3333
-166.5	17.3333
-165.5	6
-164.5	12.1667
-163.5	21
-162.5	17.6667
-161.5	10.75
-160.5	16.6667
-159.5	12.5833
-158.5	10.6667
-157.5	12.3333
-156.5	12.5
-155.5	11.3333
-154.5	11.6667
-153.5	15.5833
-152.5	10.9167
-151.5	22.6667
-150.5	8.66667
-149.5	10.5
-148.5	13.8333
-147.5	18.8333
-146.5	14.9167
-145.5	12.4167
-144.5	11
-143.5	12.8333
-142.5	10.8333
-141.5	22.3333
-140.5	12.3333
-139.5	6.33333
-138.5	16.3333
-137.5	18.8333
-136.5	15.8333
-135.5	10.75
-134.5	13.1667
-133.5	13.6667
-132.5	17.3333
-131.5	13.5
-130.5	13.1667
-129.5	14.5
-128.5	11.4167
-127.5	24.5
-126.5	13.5
-125.5	14.0833
-124.5	18.5
-123.5	9.33333
-122.5	17.25
-121.5	15.5
-120.5	15
-119.5	22.1667
-118.5	18.8333
-117.5	15.8333
-116.5	9.91667
-115.5	15.8333
-114.5	9.83333
-113.5	16.3333
-112.5	14.4167
-111.5	18.8333
-110.5	16.25
-109.5	10
-108.5	19.5
-107.5	14
-106.5	29.3333
-105.5	8.41667
-104.5	19.6667
-103.5	19.95
-102.5	14.5
-101.5	14
-100.5	12.75
 -99.5	15.75
 -98.5	19.6667
 -97.5	15.25
 -96.5	4.5
 -95.5	18.0833
 -94.5	13.0833
 -93.5	15
 -92.5	13.25
 -91.5	26.3333
 -90.5	20.8333
 -89.5	15.8333
 -88.5	18.1667
 -87.5	10.5
 -86.5	10.8333
 -85.5	11.5
 -84.5	14.5
 -83.5	8
 -82.5	10.8333
 -81.5	12.5
 -80.5	18.75
 -79.5	16.5
 -78.5	15.8333
 -77.5	17.8333
 -76.5	16.5
 -75.5	19.3333
 -74.5	15.5
 -73.5	17.1667
 -72.5	14
 -71.5	17.25
 -70.5	19.6167
 -69.5	14.5333
 -68.5	14.1167
 -67.5	20
 -66.5	19.3333
 -65.5	17.8333
 -64.5	19.1667
 -63.5	19.5833
 -62.5	16.3333
 -61.5	23.4167
 -60.5	25.8333
 -59.5	14.0833
 -58.5	19.4167
 -57.5	12.3333
 -56.5	15.8333
 -55.5	18.1667
 -54.5	17.25
 -53.5	18.25
 -52.5	17.6667
 -51.5	16.8333
 -50.5	17.75
 -49.5	17.3333
 -48.5	21.6667
 -47.5	17.5
 -46.5	19.5833
 -45.5	16.5833
 -44.5	21.5
 -43.5	15.3333
 -42.5	16.75
 -41.5	22.75
 -40.5	17.6667
 -39.5	17.8333
 -38.5	14.3333
 -37.5	20.25
 -36.5	25.0833
 -35.5	16.6667
 -34.5	20.3333
 -33.5	20.8333
 -32.5	15.2
 -31.5	15.3333
 -30.5	15.5
 -29.5	16.8333
 -28.5	20.75
 -27.5	13
 -26.5	22.6667
 -25.5	22.1667
 -24.5	13.5
 -23.5	19.5
 -22.5	18.8667
 -21.5	22.2
 -20.5	10.8333
 -19.5	24.4167
 -18.5	13.4167
 -17.5	16.5833
 -16.5	18.3333
 -15.5	15
 -14.5	13.0833
 -13.5	19.1667
 -12.5	11.8333
 -11.5	13.9167
 -10.5	13
  -9.5	19.3333
  -8.5	17.1667
  -7.5	20.6667
  -6.5	22.6667
  -5.5	19.1667
  -4.5	21.3333
  -3.5	30.1667
  -2.5	20.8333
  -1.5	12.3333
  -0.5	19.1667
   0.5	21.8333
   1.5	19.5
   2.5	13
   3.5	19.5
   4.5	14.8333
   5.5	18.5833
   6.5	13.5
   7.5	15.5
   8.5	19.5
   9.5	20.75
  10.5	14.5833
  11.5	22.3333
  12.5	19
  13.5	18.5
  14.5	24
  15.5	17.1667
  16.5	19.5
  17.5	21.5833
  18.5	22.4167
  19.5	19.75
  20.5	22.75
  21.5	24.5
  22.5	18.1667
  23.5	12.3333
  24.5	15.3333
  25.5	14.0833
  26.5	15.8333
  27.5	14.5
  28.5	15.9167
  29.5	13
  30.5	16.5833
  31.5	11.5
  32.5	22.6667
  33.5	19.4167
  34.5	18
  35.5	17.5
  36.5	19.0833
  37.5	10.3333
  38.5	22.2
  39.5	15.8333
  40.5	19.5333
  41.5	19.5
  42.5	15.4167
  43.5	14
  44.5	12.25
  45.5	18.9167
  46.5	21.4167
  47.5	17.9167
  48.5	15
  49.5	20.5
  50.5	17
  51.5	21.5
  52.5	14.8333
  53.5	11.3333
  54.5	18.8333
  55.5	8.75
  56.5	19
  57.5	14.5
  58.5	17.8333
  59.5	17.6667
  60.5	14
  61.5	14.1667
  62.5	12.3333
  63.5	16.8333
  64.5	17.8333
  65.5	17.9167
  66.5	19.25
  67.5	14.8333
  68.5	9.16667
  69.5	19.1667
  70.5	16.3333
  71.5	15.6667
  72.5	17.6667
  73.5	14.8333
  74.5	14
  75.5	12.5833
  76.5	18.5
  77.5	19.25
  78.5	11.3333
  79.5	19
  80.5	14.6667
  81.5	19.1667
  82.5	16.5
  83.5	15.6667
  84.5	14.6667
  85.5	15.8333
  86.5	13.3333
  87.5	15.4167
  88.5	15.3333
  89.5	19.8333
  90.5	10.3333
  91.5	16.3333
  92.5	31
  93.5	17.5
  94.5	19.5
  95.5	16.6667
  96.5	15.8333
  97.5	19.3333
  98.5	17.6667
  99.5	14.5833
 100.5	22.4167
 101.5	11
 102.5	16.1667
 103.5	16.4167
 104.5	18.5
 105.5	22.3333
 106.5	17.6667
 107.5	13.25
 108.5	17.75
 109.5	17.0333
 110.5	20.3333
 111.5	19.3333
 112.5	15.5
 113.5	13.6667
 114.5	18.1667
 115.5	17.3333
 116.5	18.6167
 117.5	13.6667
 118.5	12.8333
 119.5	16.5
 120.5	12.0833
 121.5	15.5
 122.5	19.5
 123.5	22.8333
 124.5	10.8333
 125.5	19
 126.5	8.16667
 127.5	22.4167
 128.5	14.5833
 129.5	10.75
 130.5	11.25
 131.5	13.6667
 132.5	15.3333
 133.5	15.45
 134.5	17.5333
 135.5	16.5
 136.5	14.1667
 137.5	8.66667
 138.5	18.8333
 139.5	16
 140.5	14.6667
 141.5	12.3333
 142.5	13
 143.5	19.8333
 144.5	14.5
 145.5	11.5
 146.5	9.08333
 147.5	14.3333
 148.5	16.8333
 149.5	11.6667
 150.5	12
 151.5	18.3333
 152.5	13
 153.5	19.45
 154.5	15
 155.5	18
 156.5	11.3333
 157.5	15.6667
 158.5	12.8333
 159.5	13.25
 160.5	14.6667
 161.5	10.8333
 162.5	10.4167
 163.5	10.6667
 164.5	17.75
 165.5	11
 166.5	17.8333
 167.5	10.8333
 168.5	23.3333
 169.5	15.3333
 170.5	6
 171.5	14.3333
 172.5	15.6667
 173.5	14.1667
 174.5	20.5833
 175.5	15.4167
 176.5	13.6667
 177.5	15.6667
 178.5	17.8333
 179.5	9.33333
 180.5	8.03333
 181.5	13.0833
 182.5	10.4167
 183.5	16.8333
 184.5	8.33333
 185.5	17
 186.5	9
 187.5	9.66667
 188.5	13
 189.5	12.5
 190.5	10
 191.5	8.08333
 192.5	11.8333
 193.5	13.3333
 194.5	7.91667
 195.5	9.75
 196.5	16.8333
 197.5	15.6667
 198.5	12.3333
 199.5	15
 200.5	16.6667
 201.5	16
 202.5	12.3333
 203.5	8.83333
 204.5	13.1667
 205.5	8.2
 206.5	14.2
 207.5	8.83333
 208.5	8.5
 209.5	14.0833
 210.5	12.75
 211.5	11.3333
 212.5	13.3333
 213.5	13.5
 214.5	15.1667
DB 2 MOTIF	MLX_HUMAN.H11MO.0.D
-212.5	2
-211.5	3
-210.5	6
-209.5	0
-208.5	3
-207.5	2
-206.5	2
-205.5	0
-204.5	0
-203.5	2
-202.5	2
-201.5	2
-200.5	1
-199.5	4
-198.5	1
-197.5	2
-196.5	3
-195.5	4
-194.5	0
-193.5	3
-192.5	1
-191.5	1
-190.5	3
-189.5	2
-188.5	2
-187.5	3
-186.5	5
-185.5	1
-184.5	2
-183.5	2
-182.5	1
-181.5	0
-180.5	0
-179.5	1
-178.5	1
-177.5	4
-176.5	3
-175.5	2
-174.5	1
-173.5	1
-172.5	3
-171.5	3
-170.5	0
-169.5	2
-168.5	2.5
-167.5	2
-166.5	0
-165.5	4.5
-164.5	2
-163.5	2
-162.5	3
-161.5	2
-160.5	0
-159.5	1
-158.5	4
-157.5	3
-156.5	5
-155.5	1
-154.5	0.5
-153.5	0
-152.5	7
-151.5	0
-150.5	2
-149.5	1
-148.5	1
-147.5	1
-146.5	0
-145.5	2
-144.5	2
-143.5	1
-142.5	2
-141.5	2
-140.5	1
-139.5	2
-138.5	3
-137.5	2
-136.5	1
-135.5	0
-134.5	1
-133.5	1
-132.5	1
-131.5	0
-130.5	3
-129.5	1
-128.5	1
-127.5	2
-126.5	1
-125.5	1
-124.5	3.5
-123.5	5
-122.5	1
-121.5	2
-120.5	2
-119.5	2
-118.5	1
-117.5	2
-116.5	1
-115.5	3
-114.5	2
-113.5	4
-112.5	0.5
-111.5	1
-110.5	1
-109.5	4.5
-108.5	3
-107.5	1
-106.5	2
-105.5	0
-104.5	1
-103.5	2
-102.5	4
-101.5	3
-100.5	4
 -99.5	3
 -98.5	3
 -97.5	1
 -96.5	1
 -95.5	1
 -94.5	1
 -93.5	2
 -92.5	0
 -91.5	1.5
 -90.5	3
 -89.5	2
 -88.5	1
 -87.5	5
 -86.5	2
 -85.5	1
 -84.5	2.5
 -83.5	1
 -82.5	1
 -81.5	2
 -80.5	3.5
 -79.5	0
 -78.5	0
 -77.5	4
 -76.5	1
 -75.5	2
 -74.5	1
 -73.5	1
 -72.5	2
 -71.5	1
 -70.5	4
 -69.5	4.5
 -68.5	4
 -67.5	1.5
 -66.5	3.5
 -65.5	3
 -64.5	1.5
 -63.5	3
 -62.5	2
 -61.5	2
 -60.5	1
 -59.5	2
 -58.5	3
 -57.5	3
 -56.5	4
 -55.5	1
 -54.5	2
 -53.5	1
 -52.5	0
 -51.5	3
 -50.5	3
 -49.5	4
 -48.5	3
 -47.5	2
 -46.5	3
 -45.5	2
 -44.5	1
 -43.5	2
 -42.5	1
 -41.5	4
 -40.5	2
 -39.5	3
 -38.5	2
 -37.5	6
 -36.5	0
 -35.5	2
 -34.5	6
 -33.5	3
 -32.5	1.5
 -31.5	1
 -30.5	1
 -29.5	4
 -28.5	5
 -27.5	4
 -26.5	2
 -25.5	2
 -24.5	2
 -23.5	4
 -22.5	2
 -21.5	1
 -20.5	0
 -19.5	2
 -18.5	5
 -17.5	5
 -16.5	3
 -15.5	2
 -14.5	5
 -13.5	0
 -12.5	1
 -11.5	1
 -10.5	2
  -9.5	2
  -8.5	3
  -7.5	3
  -6.5	2
  -5.5	1
  -4.5	1
  -3.5	3
  -2.5	3
  -1.5	2
  -0.5	1
   0.5	1
   1.5	1
   2.5	3
   3.5	6
   4.5	1
   5.5	1
   6.5	4
   7.5	4
   8.5	1
   9.5	5
  10.5	3
  11.5	2
  12.5	4
  13.5	3
  14.5	3
  15.5	4
  16.5	4
  17.5	3
  18.5	2
  19.5	2
  20.5	4
  21.5	0
  22.5	2
  23.5	2
  24.5	2
  25.5	2
  26.5	4
  27.5	4
  28.5	4
  29.5	3
  30.5	2
  31.5	0
  32.5	3
  33.5	2
  34.5	2
  35.5	6
  36.5	1
  37.5	4
  38.5	2.5
  39.5	1
  40.5	3
  41.5	1.5
  42.5	3
  43.5	2
  44.5	3
  45.5	2
  46.5	3
  47.5	4
  48.5	0
  49.5	2
  50.5	3
  51.5	2
  52.5	3
  53.5	4
  54.5	4
  55.5	6
  56.5	2
  57.5	2
  58.5	2
  59.5	1
  60.5	3
  61.5	3
  62.5	8
  63.5	5
  64.5	3
  65.5	2
  66.5	1
  67.5	0
  68.5	2.5
  69.5	3
  70.5	3
  71.5	0
  72.5	5.5
  73.5	2
  74.5	3
  75.5	0.5
  76.5	3
  77.5	1
  78.5	2
  79.5	3
  80.5	3
  81.5	3
  82.5	1
  83.5	2
  84.5	2
  85.5	1
  86.5	3
  87.5	0
  88.5	0
  89.5	2
  90.5	1
  91.5	1
  92.5	6
  93.5	0
  94.5	0
  95.5	3
  96.5	6
  97.5	2
  98.5	3.5
  99.5	1
 100.5	2
 101.5	1
 102.5	0
 103.5	2
 104.5	0
 105.5	6
 106.5	2
 107.5	1
 108.5	3
 109.5	2
 110.5	4
 111.5	2
 112.5	2
 113.5	1
 114.5	2
 115.5	3
 116.5	2
 117.5	0
 118.5	1
 119.5	2
 120.5	2
 121.5	4
 122.5	1
 123.5	2
 124.5	2
 125.5	2
 126.5	2
 127.5	2
 128.5	0
 129.5	1
 130.5	0
 131.5	2
 132.5	2
 133.5	2
 134.5	2
 135.5	3
 136.5	2.5
 137.5	0
 138.5	5
 139.5	1.5
 140.5	1
 141.5	4
 142.5	2
 143.5	2
 144.5	1
 145.5	2
 146.5	3
 147.5	1
 148.5	2
 149.5	0
 150.5	2
 151.5	1
 152.5	2
 153.5	0
 154.5	1
 155.5	2
 156.5	3
 157.5	2
 158.5	0
 159.5	0
 160.5	2
 161.5	1.5
 162.5	1
 163.5	1
 164.5	0.5
 165.5	2
 166.5	4
 167.5	2
 168.5	3
 169.5	0
 170.5	2
 171.5	1
 172.5	0
 173.5	1
 174.5	0
 175.5	0
 176.5	0
 177.5	0
 178.5	1
 179.5	2
 180.5	1
 181.5	1
 182.5	1
 183.5	0
 184.5	4
 185.5	1
 186.5	1
 187.5	1
 188.5	3
 189.5	2
 190.5	1
 191.5	0
 192.5	1
 193.5	1
 194.5	3
 195.5	1
 196.5	0
 197.5	3
 198.5	1
 199.5	3
 200.5	0
 201.5	1
 202.5	6
 203.5	2
 204.5	0
 205.5	1
 206.5	3
 207.5	2
 208.5	0
 209.5	0
 210.5	2
 211.5	1
 212.5	6
DB 2 MOTIF	NRF1_HUMAN.H11MO.0.A
-209.5	7
-208.5	4
-207.5	4
-206.5	3
-205.5	5
-204.5	6
-203.5	7
-202.5	3
-201.5	12
-200.5	5
-199.5	4
-198.5	4
-197.5	5
-196.5	9
-195.5	5
-194.5	4
-193.5	5
-192.5	6
-191.5	7
-190.5	4
-189.5	10
-188.5	6
-187.5	12
-186.5	7
-185.5	7
-184.5	4
-183.5	4
-182.5	8
-181.5	8
-180.5	3
-179.5	4
-178.5	5
-177.5	2
-176.5	4
-175.5	4
-174.5	4
-173.5	3
-172.5	9
-171.5	2
-170.5	5
-169.5	5
-168.5	10
-167.5	3
-166.5	3
-165.5	4
-164.5	5
-163.5	1
-162.5	1
-161.5	3
-160.5	7.5
-159.5	7
-158.5	6
-157.5	5
-156.5	6
-155.5	2
-154.5	4
-153.5	5
-152.5	6.5
-151.5	5.5
-150.5	8
-149.5	9
-148.5	10
-147.5	7
-146.5	5
-145.5	6
-144.5	7
-143.5	11
-142.5	8
-141.5	5
-140.5	3
-139.5	3
-138.5	5
-137.5	6
-136.5	3
-135.5	6
-134.5	4
-133.5	4
-132.5	6
-131.5	6
-130.5	9
-129.5	3
-128.5	4
-127.5	5
-126.5	9
-125.5	10
-124.5	7
-123.5	4
-122.5	6
-121.5	8
-120.5	7
-119.5	6
-118.5	8
-117.5	5
-116.5	5
-115.5	6
-114.5	9
-113.5	7
-112.5	4
-111.5	8
-110.5	7
-109.5	10
-108.5	6
-107.5	6
-106.5	7
-105.5	8
-104.5	5
-103.5	11
-102.5	7
-101.5	9
-100.5	7
 -99.5	7
 -98.5	5
 -97.5	6
 -96.5	4
 -95.5	5
 -94.5	12
 -93.5	7
 -92.5	6
 -91.5	7
 -90.5	9.5
 -89.5	5
 -88.5	4
 -87.5	4
 -86.5	6
 -85.5	7
 -84.5	5
 -83.5	4.5
 -82.5	8.5
 -81.5	3
 -80.5	10
 -79.5	7
 -78.5	6.5
 -77.5	6.5
 -76.5	5
 -75.5	8
 -74.5	8
 -73.5	8
 -72.5	5
 -71.5	6.5
 -70.5	4
 -69.5	5
 -68.5	4
 -67.5	4
 -66.5	18
 -65.5	6
 -64.5	13
 -63.5	9
 -62.5	11
 -61.5	2
 -60.5	9
 -59.5	7
 -58.5	7
 -57.5	5
 -56.5	3
 -55.5	9
 -54.5	8
 -53.5	4
 -52.5	9.5
 -51.5	5
 -50.5	6
 -49.5	10
 -48.5	9
 -47.5	10
 -46.5	9
 -45.5	5
 -44.5	6
 -43.5	8
 -42.5	13
 -41.5	11
 -40.5	5
 -39.5	10
 -38.5	6
 -37.5	7
 -36.5	10
 -35.5	8
 -34.5	10
 -33.5	8
 -32.5	16
 -31.5	3
 -30.5	9
 -29.5	6
 -28.5	10
 -27.5	4
 -26.5	8
 -25.5	9
 -24.5	1
 -23.5	6
 -22.5	11
 -21.5	7
 -20.5	4
 -19.5	2
 -18.5	6
 -17.5	8
 -16.5	13
 -15.5	7
 -14.5	11
 -13.5	9
 -12.5	7
 -11.5	13
 -10.5	7
  -9.5	8
  -8.5	13
  -7.5	6
  -6.5	5
  -5.5	4
  -4.5	3
  -3.5	6
  -2.5	8
  -1.5	7
  -0.5	8
   0.5	10
   1.5	14
   2.5	13
   3.5	9
   4.5	7
   5.5	7
   6.5	7
   7.5	8
   8.5	9
   9.5	11
  10.5	7
  11.5	11
  12.5	10
  13.5	8
  14.5	6
  15.5	5
  16.5	8
  17.5	7
  18.5	16
  19.5	7
  20.5	11
  21.5	5.5
  22.5	9
  23.5	5
  24.5	14
  25.5	3
  26.5	4
  27.5	5
  28.5	15
  29.5	8
  30.5	5
  31.5	5
  32.5	7
  33.5	8
  34.5	11
  35.5	6
  36.5	10
  37.5	13
  38.5	9
  39.5	12.5
  40.5	10
  41.5	7
  42.5	10
  43.5	9
  44.5	9
  45.5	4
  46.5	8
  47.5	3
  48.5	11
  49.5	7
  50.5	8
  51.5	7
  52.5	6
  53.5	9
  54.5	8
  55.5	8
  56.5	3
  57.5	7
  58.5	3
  59.5	6
  60.5	9
  61.5	10
  62.5	4
  63.5	6
  64.5	7
  65.5	8
  66.5	3
  67.5	5
  68.5	8
  69.5	10
  70.5	8
  71.5	7
  72.5	6
  73.5	7
  74.5	8
  75.5	10
  76.5	5
  77.5	6
  78.5	6
  79.5	2
  80.5	11
  81.5	8.5
  82.5	5
  83.5	7
  84.5	4
  85.5	6.25
  86.5	9
  87.5	8
  88.5	7
  89.5	5
  90.5	3
  91.5	4.25
  92.5	4
  93.5	4
  94.5	4
  95.5	6
  96.5	8
  97.5	7.25
  98.5	2
  99.5	8
 100.5	6
 101.5	10
 102.5	9
 103.5	3.25
 104.5	13
 105.5	6
 106.5	8
 107.5	7
 108.5	6
 109.5	5
 110.5	6
 111.5	4
 112.5	6
 113.5	6
 114.5	5
 115.5	3
 116.5	6
 117.5	8
 118.5	11
 119.5	10
 120.5	2
 121.5	7
 122.5	6
 123.5	4
 124.5	4
 125.5	4
 126.5	3
 127.5	6
 128.5	5
 129.5	7
 130.5	8
 131.5	8
 132.5	7
 133.5	10
 134.5	7
 135.5	4
 136.5	7
 137.5	7
 138.5	4
 139.5	5
 140.5	5.5
 141.5	5
 142.5	6
 143.5	8
 144.5	4
 145.5	6
 146.5	7
 147.5	3
 148.5	6
 149.5	6
 150.5	7
 151.5	2
 152.5	6
 153.5	6
 154.5	2
 155.5	7
 156.5	7
 157.5	4
 158.5	8
 159.5	6
 160.5	3
 161.5	6
 162.5	4
 163.5	2
 164.5	11
 165.5	2
 166.5	5
 167.5	4
 168.5	4
 169.5	8
 170.5	3
 171.5	7
 172.5	4
 173.5	7
 174.5	4
 175.5	5
 176.5	8
 177.5	5
 178.5	7
 179.5	7
 180.5	4
 181.5	6
 182.5	1
 183.5	7
 184.5	4
 185.5	7
 186.5	9
 187.5	10
 188.5	3
 189.5	4
 190.5	5
 191.5	1
 192.5	7
 193.5	3
 194.5	3
 195.5	3
 196.5	10
 197.5	7
 198.5	3
 199.5	2
 200.5	5
 201.5	4
 202.5	4
 203.5	8
 204.5	6
 205.5	5
 206.5	4
 207.5	3
 208.5	5
 209.5	8
DB 2 MOTIF	TFEB_HUMAN.H11MO.0.C
-213.5	1
-212.5	0
-211.5	1
-210.5	1
-209.5	1
-208.5	0
-207.5	0
-206.5	0
-205.5	0
-204.5	0
-203.5	0
-202.5	1
-201.5	1
-200.5	0
-199.5	0.333333
-198.5	1
-197.5	0
-196.5	1
-195.5	1
-194.5	0
-193.5	0
-192.5	0
-191.5	1
-190.5	3
-189.5	0.5
-188.5	2
-187.5	1
-186.5	1.5
-185.5	0
-184.5	0
-183.5	1
-182.5	0.333333
-181.5	0
-180.5	0
-179.5	0
-178.5	0
-177.5	0
-176.5	4.5
-175.5	0
-174.5	0.333333
-173.5	0
-172.5	2
-171.5	1
-170.5	1
-169.5	0
-168.5	1.16667
-167.5	1
-166.5	1
-165.5	0.333333
-164.5	1
-163.5	2
-162.5	1
-161.5	1
-160.5	0
-159.5	1
-158.5	0
-157.5	1
-156.5	3.5
-155.5	0
-154.5	2.33333
-153.5	0.5
-152.5	3.5
-151.5	0
-150.5	2
-149.5	0
-148.5	0
-147.5	0
-146.5	0
-145.5	2
-144.5	4
-143.5	0
-142.5	0
-141.5	1
-140.5	0
-139.5	1.33333
-138.5	1.16667
-137.5	0
-136.5	2
-135.5	0.5
-134.5	1
-133.5	2
-132.5	0
-131.5	0
-130.5	3
-129.5	1
-128.5	0
-127.5	1.33333
-126.5	0
-125.5	0.5
-124.5	1.83333
-123.5	2
-122.5	1
-121.5	1
-120.5	1
-119.5	1
-118.5	1
-117.5	2
-116.5	0
-115.5	1
-114.5	1
-113.5	0
-112.5	1.5
-111.5	2
-110.5	1
-109.5	1.5
-108.5	1.16667
-107.5	1.33333
-106.5	0
-105.5	0
-104.5	1
-103.5	2
-102.5	3
-101.5	1
-100.5	3
 -99.5	0
 -98.5	3
 -97.5	0
 -96.5	1
 -95.5	0
 -94.5	1
 -93.5	0.5
 -92.5	1
 -91.5	0
 -90.5	1
 -89.5	1
 -88.5	1
 -87.5	2
 -86.5	0
 -85.5	1
 -84.5	0.5
 -83.5	1
 -82.5	1
 -81.5	2
 -80.5	3
 -79.5	2
 -78.5	0.166667
 -77.5	2
 -76.5	1
 -75.5	0
 -74.5	1
 -73.5	0
 -72.5	1
 -71.5	0
 -70.5	0
 -69.5	3
 -68.5	2
 -67.5	1
 -66.5	0
 -65.5	1
 -64.5	2
 -63.5	0
 -62.5	0
 -61.5	2
 -60.5	0
 -59.5	2
 -58.5	1
 -57.5	0
 -56.5	2
 -55.5	1
 -54.5	1
 -53.5	1
 -52.5	0
 -51.5	1
 -50.5	0
 -49.5	2
 -48.5	4.66667
 -47.5	2
 -46.5	3
 -45.5	1
 -44.5	0
 -43.5	1
 -42.5	0.5
 -41.5	0
 -40.5	2
 -39.5	0
 -38.5	1
 -37.5	1
 -36.5	0
 -35.5	1
 -34.5	4
 -33.5	3
 -32.5	1.5
 -31.5	2.5
 -30.5	0
 -29.5	1
 -28.5	4.5
 -27.5	1
 -26.5	1
 -25.5	2.5
 -24.5	0
 -23.5	0
 -22.5	2
 -21.5	0
 -20.5	0
 -19.5	0.166667
 -18.5	0
 -17.5	1
 -16.5	1
 -15.5	2
 -14.5	2
 -13.5	0
 -12.5	0
 -11.5	1
 -10.5	2
  -9.5	3.5
  -8.5	0
  -7.5	1
  -6.5	1.33333
  -5.5	2
  -4.5	1
  -3.5	2
  -2.5	2
  -1.5	0
  -0.5	0
   0.5	1
   1.5	0
   2.5	1
   3.5	1
   4.5	0
   5.5	1
   6.5	1.5
   7.5	1
   8.5	1
   9.5	2.5
  10.5	2
  11.5	1
  12.5	2.5
  13.5	0
  14.5	1
  15.5	1
  16.5	2
  17.5	2
  18.5	1
  19.5	2
  20.5	2
  21.5	0
  22.5	1
  23.5	1
  24.5	1
  25.5	1
  26.5	2
  27.5	2
  28.5	2
  29.5	1
  30.5	2
  31.5	0
  32.5	1
  33.5	1
  34.5	0
  35.5	1.33333
  36.5	0
  37.5	1
  38.5	1.33333
  39.5	0
  40.5	2.33333
  41.5	1
  42.5	0
  43.5	2
  44.5	1
  45.5	0
  46.5	1
  47.5	4
  48.5	1
  49.5	2
  50.5	2
  51.5	1
  52.5	1
  53.5	2
  54.5	3
  55.5	2
  56.5	0
  57.5	0
  58.5	1.5
  59.5	0
  60.5	2
  61.5	3
  62.5	4
  63.5	2
  64.5	3
  65.5	0.5
  66.5	0
  67.5	0
  68.5	1.33333
  69.5	1
  70.5	1
  71.5	1
  72.5	2
  73.5	0
  74.5	1
  75.5	0
  76.5	1
  77.5	0
  78.5	3
  79.5	2
  80.5	1
  81.5	2
  82.5	0
  83.5	2
  84.5	1
  85.5	0
  86.5	2
  87.5	0
  88.5	0
  89.5	0
  90.5	0
  91.5	1
  92.5	2
  93.5	1
  94.5	0
  95.5	2.33333
  96.5	0
  97.5	1
  98.5	1.33333
  99.5	0.5
 100.5	1
 101.5	0
 102.5	0
 103.5	2.5
 104.5	0
 105.5	1
 106.5	1.5
 107.5	1
 108.5	0
 109.5	0
 110.5	2.5
 111.5	1
 112.5	1
 113.5	0
 114.5	1
 115.5	2
 116.5	1
 117.5	0
 118.5	0
 119.5	0
 120.5	0
 121.5	0.5
 122.5	0
 123.5	0
 124.5	1
 125.5	1
 126.5	2
 127.5	0
 128.5	0
 129.5	0.5
 130.5	0
 131.5	1
 132.5	2.5
 133.5	1
 134.5	1.33333
 135.5	1
 136.5	1
 137.5	0.333333
 138.5	2
 139.5	0
 140.5	0
 141.5	1
 142.5	1
 143.5	0
 144.5	0
 145.5	1
 146.5	0
 147.5	0
 148.5	1
 149.5	0
 150.5	1
 151.5	1
 152.5	1
 153.5	0
 154.5	2
 155.5	1
 156.5	0
 157.5	0
 158.5	0
 159.5	0
 160.5	2
 161.5	1.5
 162.5	0
 163.5	1
 164.5	1.5
 165.5	3
 166.5	1
 167.5	1
 168.5	0
 169.5	0
 170.5	1
 171.5	1
 172.5	0
 173.5	0
 174.5	0
 175.5	0
 176.5	0
 177.5	0
 178.5	1
 179.5	2
 180.5	0
 181.5	0
 182.5	2
 183.5	1
 184.5	3
 185.5	0
 186.5	0
 187.5	3
 188.5	0
 189.5	0
 190.5	0
 191.5	2
 192.5	0
 193.5	1
 194.5	1
 195.5	0
 196.5	0
 197.5	1
 198.5	3
 199.5	0
 200.5	1
 201.5	1
 202.5	2
 203.5	0
 204.5	0
 205.5	1
 206.5	2
 207.5	0
 208.5	0
 209.5	0
 210.5	1
 211.5	0
 212.5	3
 213.5	1
DB 2 MOTIF	THAP1_HUMAN.H11MO.0.C
-207.0	14
-206.0	15
-205.0	11.5
-204.0	15
-203.0	16
-202.0	8
-201.0	15
-200.0	13
-199.0	11
-198.0	13
-197.0	10
-196.0	10
-195.0	20
-194.0	16
-193.0	17
-192.0	20
-191.0	19
-190.0	11
-189.0	25
-188.0	19
-187.0	19
-186.0	13
-185.0	18
-184.0	14
-183.0	15
-182.0	16
-181.0	15
-180.0	14
-179.0	14
-178.0	12
-177.0	10
-176.0	20
-175.0	14
-174.0	7
-173.0	14
-172.0	11
-171.0	16
-170.0	15
-169.0	12
-168.0	12
-167.0	22
-166.0	16
-165.0	12
-164.0	19
-163.0	13
-162.0	16.5
-161.0	14
-160.0	19
-159.0	16
-158.0	19
-157.0	18
-156.0	7
-155.0	19
-154.0	18
-153.0	14
-152.0	12
-151.0	14
-150.0	16
-149.0	15
-148.0	17
-147.0	11
-146.0	11
-145.0	16
-144.0	14
-143.0	23
-142.0	16
-141.0	19
-140.0	17
-139.0	20
-138.0	18
-137.0	23
-136.0	12
-135.0	15
-134.0	10
-133.0	20.5
-132.0	14
-131.0	13
-130.0	19
-129.0	16
-128.0	22
-127.0	12
-126.0	13
-125.0	13
-124.0	13
-123.0	18
-122.0	15
-121.0	11
-120.0	17
-119.0	17
-118.0	17
-117.0	16
-116.0	24
-115.0	20
-114.0	13
-113.0	9
-112.0	16
-111.0	8
-110.0	13.2
-109.0	23
-108.0	27
-107.0	18
-106.0	24
-105.0	24
-104.0	21
-103.0	12
-102.0	18
-101.0	12
-100.0	20
 -99.0	18
 -98.0	15
 -97.0	9
 -96.0	18
 -95.0	10
 -94.0	17
 -93.0	17
 -92.0	16
 -91.0	13
 -90.0	10
 -89.0	17
 -88.0	23
 -87.0	21
 -86.0	18
 -85.0	15
 -84.0	15
 -83.0	14
 -82.0	17
 -81.0	24
 -80.0	14
 -79.0	21
 -78.0	13
 -77.0	14
 -76.0	15
 -75.0	14
 -74.0	30
 -73.0	11
 -72.0	19
 -71.0	15
 -70.0	16
 -69.0	10
 -68.0	21
 -67.0	17
 -66.0	21
 -65.0	14
 -64.0	9
 -63.0	19
 -62.0	17
 -61.0	24
 -60.0	24
 -59.0	16
 -58.0	14.5
 -57.0	13
 -56.0	22
 -55.0	17
 -54.0	20
 -53.0	12
 -52.0	20
 -51.0	21
 -50.0	17.5
 -49.0	11
 -48.0	14
 -47.0	30
 -46.0	24
 -45.0	22
 -44.0	19
 -43.0	19
 -42.0	22
 -41.0	25
 -40.0	26
 -39.0	15.2
 -38.0	16
 -37.0	22
 -36.0	20
 -35.0	15
 -34.0	15
 -33.0	19
 -32.0	14
 -31.0	25
 -30.0	22.5
 -29.0	20
 -28.0	17
 -27.0	24
 -26.0	21
 -25.0	11
 -24.0	21
 -23.0	25
 -22.0	26.5
 -21.0	22
 -20.0	20.5
 -19.0	23.3333
 -18.0	19
 -17.0	19
 -16.0	25.3333
 -15.0	19
 -14.0	25
 -13.0	13
 -12.0	19
 -11.0	15
 -10.0	19
  -9.0	23.5
  -8.0	12
  -7.0	13
  -6.0	14
  -5.0	24
  -4.0	20
  -3.0	17
  -2.0	18
  -1.0	16
   0.0	10
   1.0	9
   2.0	20
   3.0	20
   4.0	18
   5.0	15
   6.0	17
   7.0	17
   8.0	22
   9.0	13
  10.0	23.5
  11.0	21.75
  12.0	19
  13.0	14
  14.0	25
  15.0	18
  16.0	18
  17.0	27
  18.0	21
  19.0	23
  20.0	26
  21.0	15
  22.0	18
  23.0	21
  24.0	16
  25.0	15
  26.0	27
  27.0	15
  28.0	22
  29.0	18
  30.0	19
  31.0	14
  32.0	15.7
  33.0	19
  34.0	16
  35.0	19.25
  36.0	15
  37.0	22
  38.0	24
  39.0	18
  40.0	12
  41.0	12.5
  42.0	22
  43.0	15
  44.0	18
  45.0	17
  46.0	21
  47.0	19
  48.0	14
  49.0	12.5
  50.0	16
  51.0	24
  52.0	16
  53.0	15
  54.0	16
  55.0	15
  56.0	17
  57.0	15
  58.0	21
  59.0	17.25
  60.0	13
  61.0	17
  62.0	18
  63.0	20
  64.0	20
  65.0	17
  66.0	16.5
  67.0	21.5
  68.0	17
  69.0	15
  70.0	18
  71.0	15
  72.0	14
  73.0	20
  74.0	13
  75.0	15
  76.0	22
  77.0	20
  78.0	16
  79.0	15
  80.0	21
  81.0	21
  82.0	18
  83.0	15.25
  84.0	12
  85.0	20
  86.0	17
  87.0	13
  88.0	16.5
  89.0	17
  90.0	14
  91.0	11
  92.0	15
  93.0	12
  94.0	15
  95.0	22
  96.0	20
  97.0	14
  98.0	12
  99.0	12
 100.0	14.3333
 101.0	12.5
 102.0	20
 103.0	16.2
 104.0	23
 105.0	15
 106.0	16
 107.0	19
 108.0	22
 109.0	23
 110.0	19
 111.0	15
 112.0	12
 113.0	13
 114.0	13
 115.0	18
 116.0	17
 117.0	17
 118.0	11
 119.0	12
 120.0	17
 121.0	17
 122.0	18
 123.0	9
 124.0	10
 125.0	11
 126.0	10
 127.0	16
 128.0	23
 129.0	18
 130.0	14
 131.0	18
 132.0	13
 133.0	18
 134.0	18
 135.0	15
 136.0	15
 137.0	21
 138.0	17
 139.0	16
 140.0	18
 141.0	10
 142.0	12
 143.0	10
 144.0	19
 145.0	15
 146.0	15
 147.0	17
 148.0	9
 149.0	13
 150.0	16
 151.0	18
 152.0	16
 153.0	13
 154.0	21
 155.0	18
 156.0	15
 157.0	17
 158.0	15
 159.0	13
 160.0	15
 161.0	6
 162.0	11
 163.0	17.5
 164.0	13
 165.0	18
 166.0	7
 167.0	11
 168.0	11
 169.0	16
 170.0	8
 171.0	11
 172.0	14
 173.0	18
 174.0	8.2
 175.0	16
 176.0	20
 177.0	24
 178.0	15
 179.0	17
 180.0	10
 181.0	15
 182.0	15
 183.0	15
 184.0	17
 185.0	10
 186.0	15.5
 187.0	10.5
 188.0	10
 189.0	16
 190.0	21
 191.0	15
 192.0	16
 193.0	12
 194.0	15
 195.0	15
 196.0	17
 197.0	8
 198.0	20
 199.0	10.5
 200.0	12
 201.0	18
 202.0	9.5
 203.0	14
 204.0	19
 205.0	16.5
 206.0	12
 207.0	9
DB 2 MOTIF	ZBT14_HUMAN.H11MO.0.C
-213.5	14
-212.5	11
-211.5	7
-210.5	11.5
-209.5	22.3333
-208.5	18.5
-207.5	10
-206.5	22
-205.5	10
-204.5	11.5
-203.5	11.5
-202.5	18
-201.5	15.5
-200.5	6.5
-199.5	12
-198.5	9.33333
-197.5	7.5
-196.5	10
-195.5	18
-194.5	12.5
-193.5	17.5
-192.5	15
-191.5	11.5
-190.5	15.5
-189.5	10
-188.5	14.5
-187.5	5.33333
-186.5	16.5
-185.5	12
-184.5	9
-183.5	10
-182.5	6
-181.5	12.5
-180.5	11.5
-179.5	13
-178.5	8
-177.5	18.5
-176.5	21.5
-175.5	7
-174.5	8
-173.5	7
-172.5	14
-171.5	11
-170.5	15
-169.5	12.3333
-168.5	11.5
-167.5	11
-166.5	10.5
-165.5	16
-164.5	13
-163.5	7
-162.5	15.5
-161.5	6
-160.5	16
-159.5	9
-158.5	15
-157.5	9.5
-156.5	12
-155.5	12.5
-154.5	10.75
-153.5	12
-152.5	11.5
-151.5	12
-150.5	11.5
-149.5	10
-148.5	12
-147.5	16
-146.5	14
-145.5	8
-144.5	14
-143.5	9.5
-142.5	14
-141.5	9.5
-140.5	11
-139.5	7
-138.5	14
-137.5	12
-136.5	9.5
-135.5	12.5
-134.5	16.5
-133.5	20
-132.5	18
-131.5	12
-130.5	17.5
-129.5	13
-128.5	8
-127.5	9
-126.5	15
-125.5	16
-124.5	10
-123.5	17
-122.5	12
-121.5	8
-120.5	10.5
-119.5	10.5
-118.5	10.5
-117.5	16
-116.5	9
-115.5	11
-114.5	13
-113.5	18
-112.5	18
-111.5	15
-110.5	12.5
-109.5	13
-108.5	14.5
-107.5	12.5
-106.5	20.5
-105.5	18
-104.5	11
-103.5	13
-102.5	14
-101.5	8.5
-100.5	13.5
 -99.5	18.8333
 -98.5	17.8333
 -97.5	8
 -96.5	12
 -95.5	11
 -94.5	12.3333
 -93.5	16
 -92.5	16
 -91.5	19
 -90.5	16.3333
 -89.5	10
 -88.5	12.5
 -87.5	15
 -86.5	19
 -85.5	17.5
 -84.5	10.5
 -83.5	15
 -82.5	16
 -81.5	15
 -80.5	20.75
 -79.5	18
 -78.5	8.5
 -77.5	12
 -76.5	11
 -75.5	11
 -74.5	15
 -73.5	15
 -72.5	14
 -71.5	19
 -70.5	13.5
 -69.5	24
 -68.5	15.5
 -67.5	14
 -66.5	11
 -65.5	9.5
 -64.5	15
 -63.5	22
 -62.5	16
 -61.5	15
 -60.5	17.5
 -59.5	17
 -58.5	12
 -57.5	15.5
 -56.5	11
 -55.5	25.3333
 -54.5	18
 -53.5	20.5
 -52.5	12
 -51.5	13
 -50.5	16
 -49.5	18
 -48.5	16.5
 -47.5	19
 -46.5	15
 -45.5	12.5
 -44.5	16
 -43.5	16
 -42.5	17.5
 -41.5	17
 -40.5	16
 -39.5	16
 -38.5	15
 -37.5	13
 -36.5	25
 -35.5	25
 -34.5	14
 -33.5	23.8333
 -32.5	14.5
 -31.5	15.5
 -30.5	19
 -29.5	16
 -28.5	16.5
 -27.5	17.25
 -26.5	18.3333
 -25.5	15
 -24.5	17
 -23.5	13.5
 -22.5	12.5
 -21.5	25.5
 -20.5	12.5
 -19.5	20
 -18.5	19
 -17.5	14.5
 -16.5	23.5
 -15.5	11.5
 -14.5	24.5
 -13.5	15
 -12.5	18
 -11.5	20.3333
 -10.5	18
  -9.5	14
  -8.5	12.5
  -7.5	18
  -6.5	20
  -5.5	23
  -4.5	20.25
  -3.5	25.3333
  -2.5	17.5
  -1.5	17
  -0.5	19.5
   0.5	20
   1.5	21.8333
   2.5	15
   3.5	28
   4.5	15
   5.5	23
   6.5	26.8333
   7.5	19.5
   8.5	17
   9.5	16
  10.5	16
  11.5	20.5
  12.5	14
  13.5	23.3333
  14.5	22
  15.5	21.5
  16.5	14.5
  17.5	15.5
  18.5	25
  19.5	15.5
  20.5	22
  21.5	13
  22.5	18
  23.5	17
  24.5	9.5
  25.5	15
  26.5	19.5
  27.5	19.3333
  28.5	17.5
  29.5	17
  30.5	9
  31.5	19
  32.5	19
  33.5	17.5
  34.5	19
  35.5	15
  36.5	20.5
  37.5	18
  38.5	25
  39.5	17
  40.5	23
  41.5	16
  42.5	18
  43.5	18
  44.5	10
  45.5	18
  46.5	24.5833
  47.5	22
  48.5	12.3333
  49.5	15
  50.5	18
  51.5	18
  52.5	20
  53.5	16
  54.5	15
  55.5	12
  56.5	14
  57.5	16
  58.5	10
  59.5	14.5
  60.5	14
  61.5	19
  62.5	16.5
  63.5	13
  64.5	18
  65.5	20.5
  66.5	23
  67.5	13.5
  68.5	15.5
  69.5	7.25
  70.5	18
  71.5	15
  72.5	7.5
  73.5	14
  74.5	16
  75.5	11
  76.5	14.5
  77.5	13
  78.5	12.5
  79.5	14
  80.5	12.5
  81.5	12.5
  82.5	12.5
  83.5	8.5
  84.5	18
  85.5	10
  86.5	14.5
  87.5	12
  88.5	16.5
  89.5	13.5
  90.5	19
  91.5	18.5
  92.5	10.5
  93.5	13
  94.5	10
  95.5	8.5
  96.5	10
  97.5	14
  98.5	16
  99.5	20
 100.5	13.5
 101.5	14.5
 102.5	18
 103.5	17.5
 104.5	13.5
 105.5	9
 106.5	20.5
 107.5	9
 108.5	13
 109.5	10
 110.5	13
 111.5	10
 112.5	9.5
 113.5	14
 114.5	8.5
 115.5	14.5
 116.5	12.5
 117.5	13
 118.5	17
 119.5	21
 120.5	15.25
 121.5	12.5
 122.5	14.5
 123.5	16.5
 124.5	9.5
 125.5	24
 126.5	11.5
 127.5	11
 128.5	14.5
 129.5	14
 130.5	12
 131.5	6
 132.5	12.3333
 133.5	15
 134.5	17.5
 135.5	14
 136.5	10
 137.5	18.5
 138.5	8
 139.5	12
 140.5	14
 141.5	13
 142.5	10.5
 143.5	14
 144.5	12
 145.5	16
 146.5	8.5
 147.5	6
 148.5	13.5
 149.5	17
 150.5	19
 151.5	11.5
 152.5	11.8333
 153.5	16.5
 154.5	6
 155.5	10.5
 156.5	12
 157.5	8
 158.5	18.5
 159.5	20.5
 160.5	16.5
 161.5	13
 162.5	6
 163.5	11
 164.5	15
 165.5	12
 166.5	10
 167.5	13
 168.5	8
 169.5	12.5
 170.5	10
 171.5	8
 172.5	17
 173.5	7.5
 174.5	15
 175.5	6.5
 176.5	8
 177.5	13
 178.5	10
 179.5	8.5
 180.5	13.5
 181.5	11
 182.5	9
 183.5	14.3333
 184.5	19
 185.5	6.5
 186.5	13.5
 187.5	14
 188.5	10
 189.5	11.5
 190.5	11
 191.5	8.5
 192.5	9.5
 193.5	12.5
 194.5	10.5
 195.5	10
 196.5	8.25
 197.5	18
 198.5	7.5
 199.5	9
 200.5	9.5
 201.5	10
 202.5	10.3333
 203.5	8
 204.5	10
 205.5	9
 206.5	7
 207.5	8
 208.5	13
 209.5	8.5
 210.5	10.3333
 211.5	11
 212.5	9.5
 213.5	10.5
DB 2 MOTIF	ZFX_HUMAN.H11MO.0.A
-213.0	19
-212.0	17
-211.0	15.3333
-210.0	13
-209.0	14.5
-208.0	16
-207.0	17.5
-206.0	15
-205.0	14.3333
-204.0	18
-203.0	16
-202.0	12
-201.0	9
-200.0	9.5
-199.0	14.3333
-198.0	17
-197.0	14.5
-196.0	10
-195.0	14
-194.0	19
-193.0	9
-192.0	13
-191.0	11
-190.0	25.5
-189.0	19
-188.0	14.5
-187.0	27
-186.0	16
-185.0	17.5
-184.0	10.5
-183.0	17
-182.0	14
-181.0	13
-180.0	18
-179.0	9
-178.0	21
-177.0	7
-176.0	18.5
-175.0	17.5
-174.0	12
-173.0	13
-172.0	12
-171.0	19
-170.0	21
-169.0	11
-168.0	15
-167.0	18
-166.0	9
-165.0	12
-164.0	10.5
-163.0	15
-162.0	11
-161.0	11
-160.0	22.8333
-159.0	9
-158.0	18.5
-157.0	10
-156.0	12
-155.0	12
-154.0	18
-153.0	10.5
-152.0	23.5
-151.0	16.5
-150.0	15
-149.0	19
-148.0	14
-147.0	9
-146.0	21.5
-145.0	12
-144.0	18
-143.0	17
-142.0	14
-141.0	19
-140.0	12.5
-139.0	6
-138.0	18
-137.0	18
-136.0	13.5
-135.0	15
-134.0	13
-133.0	17.5
-132.0	13
-131.0	17
-130.0	15
-129.0	10.5
-128.0	19
-127.0	14.5
-126.0	20
-125.0	8
-124.0	11.5
-123.0	13
-122.0	17
-121.0	16
-120.0	14
-119.0	16
-118.0	15
-117.0	16.5
-116.0	7.5
-115.0	13.5
-114.0	18.5
-113.0	11
-112.0	14
-111.0	19
-110.0	11
-109.0	16
-108.0	14.5
-107.0	12
-106.0	13
-105.0	5.5
-104.0	19
-103.0	14
-102.0	10
-101.0	12
-100.0	18
 -99.0	11
 -98.0	17
 -97.0	13.5
 -96.0	17
 -95.0	12
 -94.0	12.5
 -93.0	16
 -92.0	9
 -91.0	14.5
 -90.0	21.5
 -89.0	16
 -88.0	22
 -87.0	9
 -86.0	18
 -85.0	15.5
 -84.0	17
 -83.0	17.5
 -82.0	9
 -81.0	9
 -80.0	8.33333
 -79.0	18
 -78.0	12
 -77.0	12.5
 -76.0	13
 -75.0	14
 -74.0	11.5
 -73.0	23
 -72.0	12
 -71.0	13
 -70.0	14.5
 -69.0	11
 -68.0	10
 -67.0	15
 -66.0	11
 -65.0	17
 -64.0	10
 -63.0	13.5
 -62.0	7
 -61.0	12
 -60.0	13
 -59.0	11
 -58.0	7
 -57.0	11
 -56.0	14
 -55.0	7
 -54.0	18
 -53.0	16
 -52.0	10
 -51.0	19.5
 -50.0	15
 -49.0	17
 -48.0	17.3333
 -47.0	19
 -46.0	13
 -45.0	20
 -44.0	14
 -43.0	10
 -42.0	18.5
 -41.0	19
 -40.0	18
 -39.0	7
 -38.0	13
 -37.0	22
 -36.0	18
 -35.0	10
 -34.0	14.5
 -33.0	10.5
 -32.0	16
 -31.0	25.5
 -30.0	13
 -29.0	13
 -28.0	14
 -27.0	18
 -26.0	14
 -25.0	14.5
 -24.0	12
 -23.0	8
 -22.0	13
 -21.0	15.5
 -20.0	22.5
 -19.0	17.5
 -18.0	20
 -17.0	24.5
 -16.0	8
 -15.0	12
 -14.0	15.5
 -13.0	22
 -12.0	30
 -11.0	13.5
 -10.0	13.5
  -9.0	13.3333
  -8.0	16
  -7.0	15.5
  -6.0	21
  -5.0	18.5
  -4.0	17
  -3.0	11
  -2.0	14
  -1.0	12.5
   0.0	17
   1.0	17
   2.0	18
   3.0	12
   4.0	17
   5.0	16
   6.0	12.5
   7.0	15
   8.0	27
   9.0	15
  10.0	13.2
  11.0	24.5
  12.0	18
  13.0	14
  14.0	14
  15.0	16
  16.0	18
  17.0	12.5
  18.0	15
  19.0	12.5
  20.0	14
  21.0	24
  22.0	21
  23.0	21
  24.0	19
  25.0	12.5
  26.0	15.5
  27.0	17.5
  28.0	16.5
  29.0	20
  30.0	15.3333
  31.0	10
  32.0	17.5
  33.0	17
  34.0	14.3333
  35.0	10
  36.0	14
  37.0	13.5
  38.0	19
  39.0	13.5
  40.0	17
  41.0	13.2
  42.0	22
  43.0	16
  44.0	20
  45.0	15
  46.0	14
  47.0	15
  48.0	15
  49.0	19
  50.0	14
  51.0	20
  52.0	19
  53.0	19.5
  54.0	12
  55.0	12
  56.0	21
  57.0	14.5
  58.0	20.5
  59.0	15
  60.0	12.5
  61.0	15
  62.0	17
  63.0	11.5
  64.0	12.8333
  65.0	17.5
  66.0	14
  67.0	16
  68.0	16.5
  69.0	11
  70.0	20
  71.0	13
  72.0	12.7
  73.0	10
  74.0	14.8333
  75.0	11
  76.0	17
  77.0	8
  78.0	20.5
  79.0	17
  80.0	11
  81.0	13.5
  82.0	14
  83.0	19.5
  84.0	7.5
  85.0	13
  86.0	20
  87.0	12
  88.0	16
  89.0	18.5
  90.0	14
  91.0	21
  92.0	19
  93.0	26
  94.0	15
  95.0	23.8333
  96.0	9
  97.0	18
  98.0	5
  99.0	15
 100.0	13
 101.0	20.5
 102.0	17
 103.0	19.2
 104.0	15
 105.0	10
 106.0	15.5
 107.0	14
 108.0	11.5
 109.0	11
 110.0	11
 111.0	11.5
 112.0	11
 113.0	14
 114.0	18
 115.0	18
 116.0	14
 117.0	21
 118.0	11
 119.0	14.5
 120.0	12.5
 121.0	9.5
 122.0	19
 123.0	15
 124.0	16
 125.0	18
 126.0	14
 127.0	18
 128.0	20.5
 129.0	12
 130.0	18
 131.0	15
 132.0	15.5
 133.0	11
 134.0	18.2
 135.0	12
 136.0	11
 137.0	15.5
 138.0	13
 139.0	15.5
 140.0	14
 141.0	25.5
 142.0	15
 143.0	14
 144.0	11
 145.0	8.5
 146.0	15
 147.0	15
 148.0	11
 149.0	13
 150.0	12.5
 151.0	9
 152.0	15.5
 153.0	15
 154.0	6
 155.0	14
 156.0	8.5
 157.0	13
 158.0	16
 159.0	10
 160.0	13
 161.0	19
 162.0	12
 163.0	13
 164.0	17
 165.0	9
 166.0	9
 167.0	12
 168.0	18
 169.0	19.5
 170.0	13
 171.0	9
 172.0	17.5
 173.0	16
 174.0	20.5
 175.0	14
 176.0	11
 177.0	18
 178.0	22
 179.0	8
 180.0	18
 181.0	10
 182.0	13.5
 183.0	14
 184.0	13
 185.0	16.5
 186.0	15
 187.0	10
 188.0	10.5
 189.0	10
 190.0	13
 191.0	8
 192.0	12
 193.0	20
 194.0	14
 195.0	10
 196.0	9.5
 197.0	13.5
 198.0	16
 199.0	14
 200.0	14
 201.0	10
 202.0	12.5
 203.0	10
 204.0	15
 205.0	15.5
 206.0	17
 207.0	14
 208.0	11
 209.0	8
 210.0	17.5
 211.0	16
 212.0	12
 213.0	14.5
